> health
health U=1,1,0/128/688 R=1,1,0/128/1634 F=1,1,0/128/1803 D=1,1,0/128/1585 L=1,1,0/128/686 B=1,1,0/128/1299 RING=1,1,0/128/1623
ok
> rep 100 R R'
mv R code=0 aligned=1 homed=- ms=119.0 U=3134,3132,-2,2,0 R=1091,48,-19,3,-3 F=675,674,-1,3,-7 D=3540,3503,-37,2,0 L=1249,1250,1,0,-1 B=1236,1236,0,0,-16
mv R' code=0 aligned=1 homed=- ms=119.0 U=3134,3133,-1,2,1 R=51,1090,15,0,-1 F=675,674,-1,3,-7 D=3503,3503,0,2,0 L=1249,1250,1,0,-1 B=1236,1236,0,0,-16
mv R code=0 aligned=1 homed=- ms=119.0 U=3134,3132,-2,2,0 R=1091,48,-19,3,-3 F=675,674,-1,3,-7 D=3503,3503,0,2,0 L=1249,1250,1,0,-1 B=1236,1236,0,0,-16
mv R' code=0 aligned=1 homed=- ms=119.0 U=3135,3133,-2,2,1 R=51,1090,15,0,-1 F=675,674,-1,3,-7 D=3503,3503,0,2,0 L=1250,1250,0,0,-1 B=1236,1236,0,0,-16
mv R code=0 aligned=1 homed=- ms=119.0 U=3134,3133,-1,2,1 R=1091,48,-19,3,-3 F=675,674,-1,3,-7 D=3503,3503,0,2,0 L=1249,1250,1,0,-1 B=1236,1235,-1,0,-17
mv R' code=0 aligned=1 homed=- ms=119.0 U=3135,3133,-2,2,1 R=51,1090,15,0,-1 F=675,674,-1,3,-7 D=3503,3503,0,2,0 L=1249,1250,1,0,-1 B=1236,1236,0,0,-16
mv R code=0 aligned=1 homed=- ms=119.0 U=3135,3132,-3,2,0 R=1091,48,-19,3,-3 F=675,674,-1,3,-7 D=3503,3503,0,2,0 L=1249,1250,1,0,-1 B=1236,1235,-1,0,-17
mv R' code=0 aligned=1 homed=- ms=119.0 U=3134,3133,-1,2,1 R=51,1090,15,0,-1 F=675,674,-1,3,-7 D=3503,3503,0,2,0 L=1249,1250,1,0,-1 B=1236,1236,0,0,-16
mv R code=0 aligned=1 homed=- ms=119.0 U=3134,3133,-1,2,1 R=1091,48,-19,3,-3 F=675,674,-1,3,-7 D=3503,3503,0,2,0 L=1249,1250,1,0,-1 B=1236,1236,0,0,-16
mv R' code=0 aligned=1 homed=- ms=119.0 U=3134,3133,-1,2,1 R=51,1090,15,0,-1 F=675,674,-1,3,-7 D=3503,3503,0,2,0 L=1249,1250,1,0,-1 B=1236,1236,0,0,-16
mv R code=0 aligned=1 homed=- ms=119.0 U=3134,3132,-2,2,0 R=1091,48,-19,3,-3 F=675,674,-1,3,-7 D=3503,3503,0,2,0 L=1250,1250,0,0,-1 B=1236,1236,0,0,-16
mv R' code=0 aligned=1 homed=- ms=119.0 U=3134,3133,-1,2,1 R=51,1090,15,0,-1 F=675,674,-1,3,-7 D=3503,3503,0,2,0 L=1249,1250,1,0,-1 B=1236,1236,0,0,-16
mv R code=0 aligned=1 homed=- ms=119.0 U=3134,3132,-2,2,0 R=1091,48,-19,3,-3 F=675,674,-1,3,-7 D=3503,3503,0,2,0 L=1249,1250,1,0,-1 B=1236,1236,0,0,-16
mv R' code=0 aligned=1 homed=- ms=119.0 U=3134,3132,-2,2,0 R=51,1090,15,0,-1 F=675,674,-1,3,-7 D=3503,3503,0,2,0 L=1249,1250,1,0,-1 B=1236,1236,0,0,-16
mv R code=0 aligned=1 homed=- ms=119.0 U=3134,3133,-1,2,1 R=1091,48,-19,3,-3 F=675,674,-1,3,-7 D=3503,3503,0,2,0 L=1250,1250,0,0,-1 B=1236,1236,0,0,-16
mv R' code=0 aligned=1 homed=- ms=119.0 U=3134,3133,-1,2,1 R=51,1090,15,0,-1 F=675,674,-1,3,-7 D=3503,3503,0,2,0 L=1249,1250,1,0,-1 B=1236,1236,0,0,-16
mv R code=0 aligned=1 homed=- ms=119.0 U=3134,3133,-1,2,1 R=1091,48,-19,3,-3 F=675,674,-1,3,-7 D=3503,3503,0,2,0 L=1249,1250,1,0,-1 B=1236,1236,0,0,-16
mv R' code=0 aligned=1 homed=- ms=119.0 U=3134,3132,-2,2,0 R=51,1090,15,0,-1 F=675,674,-1,3,-7 D=3503,3503,0,2,0 L=1249,1250,1,0,-1 B=1236,1236,0,0,-16
mv R code=0 aligned=1 homed=- ms=119.0 U=3134,3133,-1,2,1 R=1091,48,-19,3,-3 F=675,674,-1,3,-7 D=3503,3503,0,2,0 L=1249,1250,1,0,-1 B=1236,1236,0,0,-16
mv R' code=0 aligned=1 homed=- ms=119.0 U=3134,3133,-1,2,1 R=51,1090,15,0,-1 F=675,674,-1,3,-7 D=3503,3503,0,2,0 L=1249,1250,1,0,-1 B=1236,1236,0,0,-16
mv R code=0 aligned=1 homed=- ms=119.0 U=3135,3133,-2,2,1 R=1091,48,-19,3,-3 F=675,674,-1,3,-7 D=3503,3503,0,2,0 L=1249,1250,1,0,-1 B=1235,1236,1,0,-16
mv R' code=0 aligned=1 homed=- ms=119.0 U=3134,3133,-1,2,1 R=51,1090,15,0,-1 F=675,674,-1,3,-7 D=3503,3503,0,2,0 L=1249,1250,1,0,-1 B=1236,1236,0,0,-16
mv R code=0 aligned=1 homed=- ms=119.0 U=3134,3133,-1,2,1 R=1091,48,-19,3,-3 F=675,674,-1,3,-7 D=3503,3503,0,2,0 L=1249,1249,0,0,-2 B=1236,1235,-1,0,-17
mv R' code=0 aligned=1 homed=- ms=119.0 U=3134,3133,-1,2,1 R=51,1090,15,0,-1 F=675,674,-1,3,-7 D=3503,3503,0,2,0 L=1249,1250,1,0,-1 B=1236,1236,0,0,-16
mv R code=0 aligned=1 homed=- ms=119.0 U=3135,3133,-2,2,1 R=1091,48,-19,3,-3 F=675,674,-1,3,-7 D=3503,3503,0,2,0 L=1249,1250,1,0,-1 B=1236,1236,0,0,-16
mv R' code=0 aligned=1 homed=- ms=119.0 U=3134,3132,-2,2,0 R=51,1090,15,0,-1 F=675,674,-1,3,-7 D=3503,3503,0,2,0 L=1250,1249,-1,0,-2 B=1236,1236,0,0,-16
mv R code=0 aligned=1 homed=- ms=119.0 U=3134,3133,-1,2,1 R=1091,48,-19,3,-3 F=675,674,-1,3,-7 D=3503,3503,0,2,0 L=1249,1250,1,0,-1 B=1236,1235,-1,0,-17
mv R' code=0 aligned=1 homed=- ms=119.0 U=3135,3133,-2,2,1 R=51,1090,15,0,-1 F=675,674,-1,3,-7 D=3503,3503,0,2,0 L=1249,1249,0,0,-2 B=1236,1235,-1,0,-17
mv R code=0 aligned=1 homed=- ms=119.0 U=3135,3132,-3,2,0 R=1091,48,-19,3,-3 F=675,674,-1,3,-7 D=3503,3503,0,2,0 L=1249,1250,1,0,-1 B=1236,1235,-1,0,-17
mv R' code=0 aligned=1 homed=- ms=119.0 U=3134,3133,-1,2,1 R=51,1090,15,0,-1 F=675,674,-1,3,-7 D=3503,3503,0,2,0 L=1249,1249,0,0,-2 B=1235,1236,1,0,-16
mv R code=0 aligned=1 homed=- ms=119.0 U=3134,3132,-2,2,0 R=1091,48,-19,3,-3 F=675,674,-1,3,-7 D=3503,3503,0,2,0 L=1249,1250,1,0,-1 B=1235,1236,1,0,-16
mv R' code=0 aligned=1 homed=- ms=119.0 U=3135,3133,-2,2,1 R=51,1090,15,0,-1 F=675,674,-1,3,-7 D=3503,3503,0,2,0 L=1249,1250,1,0,-1 B=1235,1236,1,0,-16
mv R code=0 aligned=1 homed=- ms=119.0 U=3134,3133,-1,2,1 R=1091,48,-19,3,-3 F=675,674,-1,3,-7 D=3503,3503,0,2,0 L=1250,1250,0,0,-1 B=1236,1236,0,0,-16
mv R' code=0 aligned=1 homed=- ms=119.0 U=3134,3132,-2,2,0 R=51,1090,15,0,-1 F=675,674,-1,3,-7 D=3503,3503,0,2,0 L=1250,1250,0,0,-1 B=1236,1236,0,0,-16
mv R code=0 aligned=1 homed=- ms=119.0 U=3134,3133,-1,2,1 R=1091,48,-19,3,-3 F=675,674,-1,3,-7 D=3503,3503,0,2,0 L=1249,1250,1,0,-1 B=1236,1236,0,0,-16
mv R' code=0 aligned=1 homed=- ms=119.0 U=3134,3133,-1,2,1 R=51,1090,15,0,-1 F=675,674,-1,3,-7 D=3503,3503,0,2,0 L=1249,1249,0,0,-2 B=1236,1236,0,0,-16
mv R code=0 aligned=1 homed=- ms=119.0 U=3134,3133,-1,2,1 R=1091,48,-19,3,-3 F=675,674,-1,3,-7 D=3503,3503,0,2,0 L=1249,1250,1,0,-1 B=1235,1236,1,0,-16
mv R' code=0 aligned=1 homed=- ms=119.0 U=3135,3133,-2,2,1 R=51,1090,15,0,-1 F=675,674,-1,3,-7 D=3503,3503,0,2,0 L=1249,1250,1,0,-1 B=1236,1236,0,0,-16
mv R code=0 aligned=1 homed=- ms=119.0 U=3134,3133,-1,2,1 R=1091,48,-19,3,-3 F=675,674,-1,3,-7 D=3503,3503,0,2,0 L=1249,1250,1,0,-1 B=1235,1236,1,0,-16
mv R' code=0 aligned=1 homed=- ms=119.0 U=3134,3133,-1,2,1 R=51,1090,15,0,-1 F=675,674,-1,3,-7 D=3503,3503,0,2,0 L=1249,1250,1,0,-1 B=1235,1236,1,0,-16
mv R code=0 aligned=1 homed=- ms=119.0 U=3134,3133,-1,2,1 R=1091,48,-19,3,-3 F=675,674,-1,3,-7 D=3503,3503,0,2,0 L=1249,1250,1,0,-1 B=1235,1236,1,0,-16
mv R' code=0 aligned=1 homed=- ms=119.0 U=3134,3133,-1,2,1 R=51,1090,15,0,-1 F=675,674,-1,3,-7 D=3503,3503,0,2,0 L=1249,1250,1,0,-1 B=1236,1236,0,0,-16
mv R code=0 aligned=1 homed=- ms=119.0 U=3134,3133,-1,2,1 R=1091,48,-19,3,-3 F=675,674,-1,3,-7 D=3503,3503,0,2,0 L=1249,1250,1,0,-1 B=1236,1236,0,0,-16
mv R' code=0 aligned=1 homed=- ms=119.0 U=3134,3133,-1,2,1 R=51,1091,16,0,0 F=675,674,-1,3,-7 D=3503,3503,0,2,0 L=1249,1250,1,0,-1 B=1236,1236,0,0,-16
mv R code=0 aligned=1 homed=- ms=119.0 U=3134,3133,-1,2,1 R=1091,48,-19,3,-3 F=675,674,-1,3,-7 D=3503,3503,0,2,0 L=1249,1250,1,0,-1 B=1236,1236,0,0,-16
mv R' code=0 aligned=1 homed=- ms=119.0 U=3134,3133,-1,2,1 R=51,1090,15,0,-1 F=675,674,-1,3,-7 D=3503,3503,0,2,0 L=1250,1250,0,0,-1 B=1236,1236,0,0,-16
mv R code=0 aligned=1 homed=- ms=119.0 U=3134,3132,-2,2,0 R=1091,48,-19,3,-3 F=675,674,-1,3,-7 D=3503,3503,0,2,0 L=1249,1250,1,0,-1 B=1235,1236,1,0,-16
mv R' code=0 aligned=1 homed=- ms=119.0 U=3134,3133,-1,2,1 R=51,1090,15,0,-1 F=675,674,-1,3,-7 D=3503,3503,0,2,0 L=1249,1250,1,0,-1 B=1236,1235,-1,0,-17
mv R code=0 aligned=1 homed=- ms=119.0 U=3134,3133,-1,2,1 R=1091,48,-19,3,-3 F=675,674,-1,3,-7 D=3503,3503,0,2,0 L=1249,1250,1,0,-1 B=1236,1235,-1,0,-17
mv R' code=0 aligned=1 homed=- ms=119.0 U=3134,3133,-1,2,1 R=51,1090,15,0,-1 F=675,674,-1,3,-7 D=3503,3503,0,2,0 L=1249,1250,1,0,-1 B=1235,1236,1,0,-16
mv R code=0 aligned=1 homed=- ms=119.0 U=3134,3133,-1,2,1 R=1091,48,-19,3,-3 F=675,674,-1,3,-7 D=3503,3503,0,2,0 L=1249,1250,1,0,-1 B=1236,1235,-1,0,-17
mv R' code=0 aligned=1 homed=- ms=119.0 U=3134,3132,-2,2,0 R=51,1090,15,0,-1 F=675,674,-1,3,-7 D=3503,3503,0,2,0 L=1249,1250,1,0,-1 B=1236,1236,0,0,-16
mv R code=0 aligned=1 homed=- ms=119.0 U=3134,3133,-1,2,1 R=1091,48,-19,3,-3 F=675,674,-1,3,-7 D=3503,3503,0,2,0 L=1249,1250,1,0,-1 B=1236,1236,0,0,-16
mv R' code=0 aligned=1 homed=- ms=119.0 U=3134,3133,-1,2,1 R=51,1090,15,0,-1 F=675,674,-1,3,-7 D=3503,3503,0,2,0 L=1249,1250,1,0,-1 B=1236,1236,0,0,-16
mv R code=0 aligned=1 homed=- ms=119.0 U=3134,3133,-1,2,1 R=1091,48,-19,3,-3 F=675,674,-1,3,-7 D=3503,3503,0,2,0 L=1249,1249,0,0,-2 B=1236,1236,0,0,-16
mv R' code=0 aligned=1 homed=- ms=119.0 U=3134,3132,-2,2,0 R=51,1090,15,0,-1 F=675,674,-1,3,-7 D=3503,3503,0,2,0 L=1249,1250,1,0,-1 B=1236,1236,0,0,-16
mv R code=0 aligned=1 homed=- ms=119.0 U=3134,3133,-1,2,1 R=1091,48,-19,3,-3 F=675,674,-1,3,-7 D=3503,3503,0,2,0 L=1249,1250,1,0,-1 B=1235,1236,1,0,-16
mv R' code=0 aligned=1 homed=- ms=119.0 U=3134,3133,-1,2,1 R=51,1090,15,0,-1 F=675,674,-1,3,-7 D=3503,3503,0,2,0 L=1249,1249,0,0,-2 B=1236,1235,-1,0,-17
mv R code=0 aligned=1 homed=- ms=119.0 U=3134,3133,-1,2,1 R=1091,48,-19,3,-3 F=675,674,-1,3,-7 D=3503,3503,0,2,0 L=1249,1250,1,0,-1 B=1236,1236,0,0,-16
mv R' code=0 aligned=1 homed=- ms=119.0 U=3134,3133,-1,2,1 R=51,1090,15,0,-1 F=675,674,-1,3,-7 D=3503,3503,0,2,0 L=1249,1250,1,0,-1 B=1236,1236,0,0,-16
mv R code=0 aligned=1 homed=- ms=119.0 U=3134,3133,-1,2,1 R=1091,48,-19,3,-3 F=675,673,-2,3,-8 D=3503,3503,0,2,0 L=1249,1250,1,0,-1 B=1235,1235,0,0,-17
mv R' code=0 aligned=1 homed=- ms=119.0 U=3134,3133,-1,2,1 R=51,1090,15,0,-1 F=675,674,-1,3,-7 D=3503,3503,0,2,0 L=1249,1249,0,0,-2 B=1235,1236,1,0,-16
mv R code=0 aligned=1 homed=- ms=119.0 U=3134,3133,-1,2,1 R=1091,48,-19,3,-3 F=675,674,-1,3,-7 D=3503,3503,0,2,0 L=1249,1250,1,0,-1 B=1235,1235,0,0,-17
mv R' code=0 aligned=1 homed=- ms=119.0 U=3134,3133,-1,2,1 R=51,1090,15,0,-1 F=675,674,-1,3,-7 D=3503,3503,0,2,0 L=1249,1250,1,0,-1 B=1236,1236,0,0,-16
mv R code=0 aligned=1 homed=- ms=119.0 U=3134,3133,-1,2,1 R=1091,48,-19,3,-3 F=675,674,-1,3,-7 D=3503,3503,0,2,0 L=1249,1250,1,0,-1 B=1236,1236,0,0,-16
mv R' code=0 aligned=1 homed=- ms=119.0 U=3134,3133,-1,2,1 R=51,1091,16,0,0 F=675,674,-1,3,-7 D=3503,3503,0,2,0 L=1249,1249,0,0,-2 B=1235,1236,1,0,-16
mv R code=0 aligned=1 homed=- ms=119.0 U=3135,3133,-2,2,1 R=1091,48,-19,3,-3 F=675,674,-1,3,-7 D=3503,3503,0,2,0 L=1250,1250,0,0,-1 B=1236,1235,-1,0,-17
mv R' code=0 aligned=1 homed=- ms=119.0 U=3134,3133,-1,2,1 R=51,1090,15,0,-1 F=675,674,-1,3,-7 D=3503,3503,0,2,0 L=1249,1250,1,0,-1 B=1236,1236,0,0,-16
mv R code=0 aligned=1 homed=- ms=119.0 U=3134,3133,-1,2,1 R=1091,48,-19,3,-3 F=675,674,-1,3,-7 D=3503,3503,0,2,0 L=1249,1250,1,0,-1 B=1235,1236,1,0,-16
mv R' code=0 aligned=1 homed=- ms=119.0 U=3134,3133,-1,2,1 R=51,1090,15,0,-1 F=675,674,-1,3,-7 D=3503,3503,0,2,0 L=1249,1249,0,0,-2 B=1236,1236,0,0,-16
mv R code=0 aligned=1 homed=- ms=119.0 U=3134,3133,-1,2,1 R=1091,48,-19,3,-3 F=675,674,-1,3,-7 D=3503,3503,0,2,0 L=1249,1249,0,0,-2 B=1236,1236,0,0,-16
mv R' code=0 aligned=1 homed=- ms=119.0 U=3134,3133,-1,2,1 R=51,1090,15,0,-1 F=675,674,-1,3,-7 D=3503,3503,0,2,0 L=1249,1250,1,0,-1 B=1236,1236,0,0,-16
mv R code=0 aligned=1 homed=- ms=119.0 U=3134,3132,-2,2,0 R=1091,48,-19,3,-3 F=675,674,-1,3,-7 D=3503,3503,0,2,0 L=1249,1250,1,0,-1 B=1236,1236,0,0,-16
mv R' code=0 aligned=1 homed=- ms=119.0 U=3134,3133,-1,2,1 R=51,1090,15,0,-1 F=675,674,-1,3,-7 D=3503,3503,0,2,0 L=1249,1250,1,0,-1 B=1236,1236,0,0,-16
mv R code=0 aligned=1 homed=- ms=119.0 U=3134,3133,-1,2,1 R=1091,48,-19,3,-3 F=675,674,-1,3,-7 D=3503,3503,0,2,0 L=1249,1250,1,0,-1 B=1236,1236,0,0,-16
mv R' code=0 aligned=1 homed=- ms=119.0 U=3134,3133,-1,2,1 R=51,1090,15,0,-1 F=675,674,-1,3,-7 D=3503,3503,0,2,0 L=1249,1250,1,0,-1 B=1236,1236,0,0,-16
mv R code=0 aligned=1 homed=- ms=119.0 U=3134,3133,-1,2,1 R=1091,48,-19,3,-3 F=675,674,-1,3,-7 D=3503,3503,0,2,0 L=1249,1250,1,0,-1 B=1236,1236,0,0,-16
mv R' code=0 aligned=1 homed=- ms=119.0 U=3134,3133,-1,2,1 R=51,1090,15,0,-1 F=675,674,-1,3,-7 D=3503,3503,0,2,0 L=1249,1250,1,0,-1 B=1236,1236,0,0,-16
mv R code=0 aligned=1 homed=- ms=119.0 U=3134,3133,-1,2,1 R=1091,48,-19,3,-3 F=675,674,-1,3,-7 D=3503,3503,0,2,0 L=1249,1250,1,0,-1 B=1236,1235,-1,0,-17
mv R' code=0 aligned=1 homed=- ms=119.0 U=3134,3133,-1,2,1 R=51,1090,15,0,-1 F=675,673,-2,3,-8 D=3503,3503,0,2,0 L=1249,1250,1,0,-1 B=1235,1236,1,0,-16
mv R code=0 aligned=1 homed=- ms=119.0 U=3134,3133,-1,2,1 R=1091,48,-19,3,-3 F=675,673,-2,3,-8 D=3503,3503,0,2,0 L=1249,1250,1,0,-1 B=1235,1236,1,0,-16
mv R' code=0 aligned=1 homed=- ms=119.0 U=3134,3132,-2,2,0 R=51,1090,15,0,-1 F=675,674,-1,3,-7 D=3503,3503,0,2,0 L=1249,1250,1,0,-1 B=1236,1236,0,0,-16
mv R code=0 aligned=1 homed=- ms=119.0 U=3135,3133,-2,2,1 R=1091,48,-19,3,-3 F=675,674,-1,3,-7 D=3503,3503,0,2,0 L=1249,1250,1,0,-1 B=1236,1236,0,0,-16
mv R' code=0 aligned=1 homed=- ms=119.0 U=3134,3133,-1,2,1 R=51,1090,15,0,-1 F=675,674,-1,3,-7 D=3503,3503,0,2,0 L=1250,1250,0,0,-1 B=1236,1236,0,0,-16
mv R code=0 aligned=1 homed=- ms=119.0 U=3134,3133,-1,2,1 R=1091,48,-19,3,-3 F=675,674,-1,3,-7 D=3503,3503,0,2,0 L=1249,1250,1,0,-1 B=1236,1236,0,0,-16
mv R' code=0 aligned=1 homed=- ms=119.0 U=3134,3133,-1,2,1 R=51,1090,15,0,-1 F=675,674,-1,3,-7 D=3503,3503,0,2,0 L=1249,1250,1,0,-1 B=1236,1236,0,0,-16
mv R code=0 aligned=1 homed=- ms=119.0 U=3134,3133,-1,2,1 R=1091,48,-19,3,-3 F=675,674,-1,3,-7 D=3503,3503,0,2,0 L=1249,1250,1,0,-1 B=1236,1236,0,0,-16
mv R' code=0 aligned=1 homed=- ms=119.0 U=3134,3133,-1,2,1 R=51,1091,16,0,0 F=675,673,-2,3,-8 D=3503,3503,0,2,0 L=1249,1250,1,0,-1 B=1235,1236,1,0,-16
mv R code=0 aligned=1 homed=- ms=119.0 U=3134,3133,-1,2,1 R=1091,48,-19,3,-3 F=675,674,-1,3,-7 D=3503,3503,0,2,0 L=1250,1250,0,0,-1 B=1236,1235,-1,0,-17
mv R' code=0 aligned=1 homed=- ms=119.0 U=3134,3133,-1,2,1 R=51,1090,15,0,-1 F=675,674,-1,3,-7 D=3503,3503,0,2,0 L=1249,1250,1,0,-1 B=1236,1236,0,0,-16
mv R code=0 aligned=1 homed=- ms=119.0 U=3134,3133,-1,2,1 R=1091,48,-19,3,-3 F=675,674,-1,3,-7 D=3503,3503,0,2,0 L=1249,1250,1,0,-1 B=1236,1235,-1,0,-17
mv R' code=0 aligned=1 homed=- ms=119.0 U=3134,3133,-1,2,1 R=51,1090,15,0,-1 F=675,674,-1,3,-7 D=3503,3503,0,2,0 L=1249,1249,0,0,-2 B=1236,1236,0,0,-16
mv R code=0 aligned=1 homed=- ms=119.0 U=3134,3133,-1,2,1 R=1091,48,-19,3,-3 F=675,674,-1,3,-7 D=3503,3503,0,2,0 L=1249,1249,0,0,-2 B=1235,1236,1,0,-16
mv R' code=0 aligned=1 homed=- ms=119.0 U=3135,3132,-3,2,0 R=51,1090,15,0,-1 F=675,674,-1,3,-7 D=3503,3503,0,2,0 L=1249,1250,1,0,-1 B=1236,1236,0,0,-16
mv R code=0 aligned=1 homed=- ms=119.0 U=3135,3133,-2,2,1 R=1091,48,-19,3,-3 F=675,674,-1,3,-7 D=3503,3503,0,2,0 L=1249,1249,0,0,-2 B=1235,1236,1,0,-16
mv R' code=0 aligned=1 homed=- ms=119.0 U=3134,3132,-2,2,0 R=51,1090,15,0,-1 F=675,674,-1,3,-7 D=3503,3503,0,2,0 L=1249,1250,1,0,-1 B=1236,1236,0,0,-16
mv R code=0 aligned=1 homed=- ms=119.0 U=3134,3132,-2,2,0 R=1091,48,-19,3,-3 F=675,674,-1,3,-7 D=3503,3502,-1,2,-1 L=1249,1250,1,0,-1 B=1236,1236,0,0,-16
mv R' code=0 aligned=1 homed=- ms=119.0 U=3134,3133,-1,2,1 R=51,1090,15,0,-1 F=675,674,-1,3,-7 D=3503,3503,0,2,0 L=1249,1250,1,0,-1 B=1236,1236,0,0,-16
mv R code=0 aligned=1 homed=- ms=119.0 U=3134,3133,-1,2,1 R=1091,48,-19,3,-3 F=675,674,-1,3,-7 D=3503,3503,0,2,0 L=1249,1250,1,0,-1 B=1235,1236,1,0,-16
mv R' code=0 aligned=1 homed=- ms=119.0 U=3134,3133,-1,2,1 R=51,1090,15,0,-1 F=675,674,-1,3,-7 D=3503,3503,0,2,0 L=1249,1250,1,0,-1 B=1236,1236,0,0,-16
mv R code=0 aligned=1 homed=- ms=119.0 U=3134,3133,-1,2,1 R=1091,48,-19,3,-3 F=675,674,-1,3,-7 D=3503,3502,-1,2,-1 L=1249,1250,1,0,-1 B=1236,1236,0,0,-16
mv R' code=0 aligned=1 homed=- ms=119.0 U=3134,3132,-2,2,0 R=51,1090,15,0,-1 F=675,674,-1,3,-7 D=3503,3503,0,2,0 L=1250,1250,0,0,-1 B=1236,1236,0,0,-16
mv R code=0 aligned=1 homed=- ms=119.0 U=3134,3132,-2,2,0 R=1091,48,-19,3,-3 F=675,674,-1,3,-7 D=3503,3502,-1,2,-1 L=1249,1250,1,0,-1 B=1235,1236,1,0,-16
mv R' code=0 aligned=1 homed=- ms=119.0 U=3134,3133,-1,2,1 R=51,1090,15,0,-1 F=675,674,-1,3,-7 D=3503,3503,0,2,0 L=1250,1250,0,0,-1 B=1236,1236,0,0,-16
mv R code=0 aligned=1 homed=- ms=119.0 U=3134,3133,-1,2,1 R=1091,48,-19,3,-3 F=675,674,-1,3,-7 D=3503,3503,0,2,0 L=1250,1250,0,0,-1 B=1235,1236,1,0,-16
mv R' code=0 aligned=1 homed=- ms=119.0 U=3135,3132,-3,2,0 R=51,1090,15,0,-1 F=675,674,-1,3,-7 D=3503,3503,0,2,0 L=1249,1250,1,0,-1 B=1236,1236,0,0,-16
mv R code=0 aligned=1 homed=- ms=119.0 U=3134,3133,-1,2,1 R=1091,48,-19,3,-3 F=675,674,-1,3,-7 D=3503,3503,0,2,0 L=1249,1249,0,0,-2 B=1235,1236,1,0,-16
mv R' code=0 aligned=1 homed=- ms=119.0 U=3134,3133,-1,2,1 R=51,1090,15,0,-1 F=675,674,-1,3,-7 D=3503,3503,0,2,0 L=1249,1249,0,0,-2 B=1236,1236,0,0,-16
mv R code=0 aligned=1 homed=- ms=119.0 U=3134,3133,-1,2,1 R=1091,48,-19,3,-3 F=675,674,-1,3,-7 D=3503,3503,0,2,0 L=1249,1249,0,0,-2 B=1236,1236,0,0,-16
mv R' code=0 aligned=1 homed=- ms=119.0 U=3134,3133,-1,2,1 R=51,1090,15,0,-1 F=675,674,-1,3,-7 D=3503,3502,-1,2,-1 L=1249,1249,0,0,-2 B=1236,1236,0,0,-16
mv R code=0 aligned=1 homed=- ms=119.0 U=3134,3133,-1,2,1 R=1091,48,-19,3,-3 F=675,674,-1,3,-7 D=3503,3503,0,2,0 L=1249,1250,1,0,-1 B=1235,1235,0,0,-17
mv R' code=0 aligned=1 homed=- ms=119.0 U=3134,3133,-1,2,1 R=51,1090,15,0,-1 F=675,674,-1,3,-7 D=3503,3503,0,2,0 L=1250,1250,0,0,-1 B=1236,1235,-1,0,-17
mv R code=0 aligned=1 homed=- ms=119.0 U=3134,3132,-2,2,0 R=1091,48,-19,3,-3 F=675,674,-1,3,-7 D=3503,3503,0,2,0 L=1249,1250,1,0,-1 B=1236,1236,0,0,-16
mv R' code=0 aligned=1 homed=- ms=119.0 U=3134,3132,-2,2,0 R=51,1090,15,0,-1 F=675,674,-1,3,-7 D=3503,3503,0,2,0 L=1250,1250,0,0,-1 B=1236,1236,0,0,-16
mv R code=0 aligned=1 homed=- ms=119.0 U=3134,3133,-1,2,1 R=1091,48,-19,3,-3 F=675,674,-1,3,-7 D=3503,3503,0,2,0 L=1249,1250,1,0,-1 B=1235,1235,0,0,-17
mv R' code=0 aligned=1 homed=- ms=119.0 U=3134,3133,-1,2,1 R=51,1090,15,0,-1 F=675,674,-1,3,-7 D=3503,3503,0,2,0 L=1249,1249,0,0,-2 B=1235,1236,1,0,-16
mv R code=0 aligned=1 homed=- ms=119.0 U=3134,3133,-1,2,1 R=1091,48,-19,3,-3 F=675,674,-1,3,-7 D=3503,3503,0,2,0 L=1249,1250,1,0,-1 B=1236,1235,-1,0,-17
mv R' code=0 aligned=1 homed=- ms=119.0 U=3134,3133,-1,2,1 R=51,1090,15,0,-1 F=675,674,-1,3,-7 D=3503,3503,0,2,0 L=1249,1249,0,0,-2 B=1236,1235,-1,0,-17
mv R code=0 aligned=1 homed=- ms=119.0 U=3134,3133,-1,2,1 R=1091,48,-19,3,-3 F=675,674,-1,3,-7 D=3503,3503,0,2,0 L=1249,1250,1,0,-1 B=1235,1236,1,0,-16
mv R' code=0 aligned=1 homed=- ms=119.0 U=3134,3133,-1,2,1 R=51,1090,15,0,-1 F=675,674,-1,3,-7 D=3503,3503,0,2,0 L=1249,1250,1,0,-1 B=1236,1236,0,0,-16
mv R code=0 aligned=1 homed=- ms=119.0 U=3134,3133,-1,2,1 R=1091,48,-19,3,-3 F=675,674,-1,3,-7 D=3503,3503,0,2,0 L=1249,1250,1,0,-1 B=1235,1236,1,0,-16
mv R' code=0 aligned=1 homed=- ms=119.0 U=3134,3132,-2,2,0 R=51,1090,15,0,-1 F=675,674,-1,3,-7 D=3503,3503,0,2,0 L=1249,1250,1,0,-1 B=1236,1236,0,0,-16
mv R code=0 aligned=1 homed=- ms=119.0 U=3134,3133,-1,2,1 R=1091,48,-19,3,-3 F=675,674,-1,3,-7 D=3503,3503,0,2,0 L=1249,1250,1,0,-1 B=1235,1236,1,0,-16
mv R' code=0 aligned=1 homed=- ms=119.0 U=3134,3133,-1,2,1 R=51,1090,15,0,-1 F=675,674,-1,3,-7 D=3503,3503,0,2,0 L=1249,1250,1,0,-1 B=1236,1236,0,0,-16
mv R code=0 aligned=1 homed=- ms=119.0 U=3134,3133,-1,2,1 R=1091,48,-19,3,-3 F=675,674,-1,3,-7 D=3503,3503,0,2,0 L=1249,1250,1,0,-1 B=1236,1236,0,0,-16
mv R' code=0 aligned=1 homed=- ms=119.0 U=3134,3133,-1,2,1 R=51,1090,15,0,-1 F=675,674,-1,3,-7 D=3503,3503,0,2,0 L=1249,1249,0,0,-2 B=1236,1236,0,0,-16
mv R code=0 aligned=1 homed=- ms=119.0 U=3134,3132,-2,2,0 R=1091,48,-19,3,-3 F=675,674,-1,3,-7 D=3503,3503,0,2,0 L=1250,1249,-1,0,-2 B=1236,1236,0,0,-16
mv R' code=0 aligned=1 homed=- ms=119.0 U=3134,3133,-1,2,1 R=51,1090,15,0,-1 F=675,674,-1,3,-7 D=3503,3503,0,2,0 L=1249,1250,1,0,-1 B=1236,1235,-1,0,-17
mv R code=0 aligned=1 homed=- ms=119.0 U=3134,3133,-1,2,1 R=1091,48,-19,3,-3 F=675,674,-1,3,-7 D=3503,3503,0,2,0 L=1249,1250,1,0,-1 B=1236,1236,0,0,-16
mv R' code=0 aligned=1 homed=- ms=119.0 U=3135,3133,-2,2,1 R=51,1090,15,0,-1 F=675,674,-1,3,-7 D=3503,3503,0,2,0 L=1249,1250,1,0,-1 B=1236,1236,0,0,-16
mv R code=0 aligned=1 homed=- ms=119.0 U=3134,3132,-2,2,0 R=1091,48,-19,3,-3 F=675,674,-1,3,-7 D=3503,3503,0,2,0 L=1250,1250,0,0,-1 B=1235,1236,1,0,-16
mv R' code=0 aligned=1 homed=- ms=119.0 U=3134,3133,-1,2,1 R=51,1090,15,0,-1 F=675,674,-1,3,-7 D=3503,3503,0,2,0 L=1250,1250,0,0,-1 B=1236,1235,-1,0,-17
mv R code=0 aligned=1 homed=- ms=119.0 U=3134,3133,-1,2,1 R=1091,48,-19,3,-3 F=675,674,-1,3,-7 D=3503,3503,0,2,0 L=1249,1250,1,0,-1 B=1236,1236,0,0,-16
mv R' code=0 aligned=1 homed=- ms=119.0 U=3134,3133,-1,2,1 R=51,1090,15,0,-1 F=675,674,-1,3,-7 D=3502,3503,1,2,0 L=1249,1250,1,0,-1 B=1236,1236,0,0,-16
mv R code=0 aligned=1 homed=- ms=119.0 U=3134,3133,-1,2,1 R=1091,48,-19,3,-3 F=675,674,-1,3,-7 D=3503,3503,0,2,0 L=1249,1250,1,0,-1 B=1236,1235,-1,0,-17
mv R' code=0 aligned=1 homed=- ms=119.0 U=3134,3133,-1,2,1 R=51,1090,15,0,-1 F=675,674,-1,3,-7 D=3503,3503,0,2,0 L=1250,1250,0,0,-1 B=1236,1236,0,0,-16
mv R code=0 aligned=1 homed=- ms=119.0 U=3134,3133,-1,2,1 R=1091,48,-19,3,-3 F=675,674,-1,3,-7 D=3503,3503,0,2,0 L=1250,1250,0,0,-1 B=1236,1235,-1,0,-17
mv R' code=0 aligned=1 homed=- ms=119.0 U=3134,3133,-1,2,1 R=51,1090,15,0,-1 F=675,674,-1,3,-7 D=3503,3503,0,2,0 L=1249,1250,1,0,-1 B=1236,1236,0,0,-16
mv R code=0 aligned=1 homed=- ms=119.0 U=3134,3133,-1,2,1 R=1091,48,-19,3,-3 F=675,674,-1,3,-7 D=3503,3503,0,2,0 L=1249,1249,0,0,-2 B=1235,1235,0,0,-17
mv R' code=0 aligned=1 homed=- ms=119.0 U=3134,3133,-1,2,1 R=51,1090,15,0,-1 F=675,674,-1,3,-7 D=3503,3503,0,2,0 L=1249,1250,1,0,-1 B=1236,1236,0,0,-16
mv R code=0 aligned=1 homed=- ms=119.0 U=3134,3133,-1,2,1 R=1091,48,-19,3,-3 F=675,674,-1,3,-7 D=3503,3503,0,2,0 L=1249,1249,0,0,-2 B=1235,1236,1,0,-16
mv R' code=0 aligned=1 homed=- ms=119.0 U=3134,3133,-1,2,1 R=51,1090,15,0,-1 F=675,674,-1,3,-7 D=3503,3503,0,2,0 L=1249,1250,1,0,-1 B=1236,1236,0,0,-16
mv R code=0 aligned=1 homed=- ms=119.0 U=3134,3133,-1,2,1 R=1091,48,-19,3,-3 F=675,674,-1,3,-7 D=3503,3503,0,2,0 L=1249,1250,1,0,-1 B=1236,1236,0,0,-16
mv R' code=0 aligned=1 homed=- ms=119.0 U=3134,3133,-1,2,1 R=51,1090,15,0,-1 F=675,674,-1,3,-7 D=3503,3503,0,2,0 L=1249,1249,0,0,-2 B=1236,1236,0,0,-16
mv R code=0 aligned=1 homed=- ms=119.0 U=3134,3133,-1,2,1 R=1091,48,-19,3,-3 F=675,674,-1,3,-7 D=3503,3503,0,2,0 L=1249,1250,1,0,-1 B=1236,1236,0,0,-16
mv R' code=0 aligned=1 homed=- ms=119.0 U=3134,3133,-1,2,1 R=51,1090,15,0,-1 F=675,674,-1,3,-7 D=3503,3503,0,2,0 L=1249,1249,0,0,-2 B=1236,1236,0,0,-16
mv R code=0 aligned=1 homed=- ms=119.0 U=3134,3132,-2,2,0 R=1091,48,-19,3,-3 F=675,674,-1,3,-7 D=3503,3503,0,2,0 L=1249,1250,1,0,-1 B=1235,1236,1,0,-16
mv R' code=0 aligned=1 homed=- ms=119.0 U=3134,3133,-1,2,1 R=51,1090,15,0,-1 F=675,674,-1,3,-7 D=3503,3503,0,2,0 L=1249,1249,0,0,-2 B=1235,1236,1,0,-16
mv R code=0 aligned=1 homed=- ms=119.0 U=3135,3132,-3,2,0 R=1091,48,-19,3,-3 F=675,674,-1,3,-7 D=3503,3503,0,2,0 L=1249,1249,0,0,-2 B=1235,1236,1,0,-16
mv R' code=0 aligned=1 homed=- ms=119.0 U=3134,3133,-1,2,1 R=51,1090,15,0,-1 F=675,674,-1,3,-7 D=3503,3503,0,2,0 L=1249,1249,0,0,-2 B=1235,1236,1,0,-16
mv R code=0 aligned=1 homed=- ms=119.0 U=3134,3133,-1,2,1 R=1091,48,-19,3,-3 F=675,674,-1,3,-7 D=3503,3503,0,2,0 L=1249,1250,1,0,-1 B=1236,1235,-1,0,-17
mv R' code=0 aligned=1 homed=- ms=119.0 U=3134,3133,-1,2,1 R=51,1090,15,0,-1 F=675,674,-1,3,-7 D=3503,3503,0,2,0 L=1249,1250,1,0,-1 B=1236,1236,0,0,-16
mv R code=0 aligned=1 homed=- ms=119.0 U=3134,3133,-1,2,1 R=1091,48,-19,3,-3 F=675,673,-2,3,-8 D=3503,3503,0,2,0 L=1249,1250,1,0,-1 B=1236,1236,0,0,-16
mv R' code=0 aligned=1 homed=- ms=119.0 U=3134,3133,-1,2,1 R=51,1090,15,0,-1 F=675,674,-1,3,-7 D=3503,3503,0,2,0 L=1249,1250,1,0,-1 B=1236,1236,0,0,-16
mv R code=0 aligned=1 homed=- ms=119.0 U=3135,3133,-2,2,1 R=1091,48,-19,3,-3 F=675,674,-1,3,-7 D=3503,3503,0,2,0 L=1249,1250,1,0,-1 B=1236,1236,0,0,-16
mv R' code=0 aligned=1 homed=- ms=119.0 U=3135,3133,-2,2,1 R=51,1090,15,0,-1 F=675,674,-1,3,-7 D=3503,3503,0,2,0 L=1250,1250,0,0,-1 B=1236,1236,0,0,-16
mv R code=0 aligned=1 homed=- ms=119.0 U=3134,3133,-1,2,1 R=1091,48,-19,3,-3 F=675,674,-1,3,-7 D=3503,3503,0,2,0 L=1249,1250,1,0,-1 B=1236,1236,0,0,-16
mv R' code=0 aligned=1 homed=- ms=119.0 U=3134,3133,-1,2,1 R=51,1091,16,0,0 F=675,674,-1,3,-7 D=3503,3503,0,2,0 L=1249,1250,1,0,-1 B=1236,1236,0,0,-16
mv R code=0 aligned=1 homed=- ms=119.0 U=3134,3133,-1,2,1 R=1091,48,-19,3,-3 F=675,674,-1,3,-7 D=3503,3503,0,2,0 L=1249,1250,1,0,-1 B=1235,1236,1,0,-16
mv R' code=0 aligned=1 homed=- ms=119.0 U=3134,3133,-1,2,1 R=51,1090,15,0,-1 F=675,674,-1,3,-7 D=3503,3503,0,2,0 L=1249,1250,1,0,-1 B=1236,1236,0,0,-16
mv R code=0 aligned=1 homed=- ms=119.0 U=3134,3133,-1,2,1 R=1091,48,-19,3,-3 F=675,674,-1,3,-7 D=3503,3503,0,2,0 L=1249,1250,1,0,-1 B=1236,1235,-1,0,-17
mv R' code=0 aligned=1 homed=- ms=119.0 U=3134,3133,-1,2,1 R=51,1090,15,0,-1 F=675,673,-2,3,-8 D=3503,3503,0,2,0 L=1249,1250,1,0,-1 B=1236,1236,0,0,-16
mv R code=0 aligned=1 homed=- ms=119.0 U=3134,3133,-1,2,1 R=1091,48,-19,3,-3 F=675,674,-1,3,-7 D=3503,3503,0,2,0 L=1249,1249,0,0,-2 B=1236,1236,0,0,-16
mv R' code=0 aligned=1 homed=- ms=119.0 U=3134,3132,-2,2,0 R=51,1090,15,0,-1 F=675,674,-1,3,-7 D=3503,3503,0,2,0 L=1249,1250,1,0,-1 B=1236,1236,0,0,-16
mv R code=0 aligned=1 homed=- ms=119.0 U=3134,3133,-1,2,1 R=1091,48,-19,3,-3 F=675,674,-1,3,-7 D=3503,3503,0,2,0 L=1249,1250,1,0,-1 B=1235,1236,1,0,-16
mv R' code=0 aligned=1 homed=- ms=119.0 U=3134,3133,-1,2,1 R=51,1090,15,0,-1 F=675,674,-1,3,-7 D=3503,3502,-1,2,-1 L=1249,1250,1,0,-1 B=1236,1235,-1,0,-17
mv R code=0 aligned=1 homed=- ms=119.0 U=3134,3133,-1,2,1 R=1091,48,-19,3,-3 F=675,674,-1,3,-7 D=3503,3503,0,2,0 L=1249,1250,1,0,-1 B=1236,1235,-1,0,-17
mv R' code=0 aligned=1 homed=- ms=119.0 U=3134,3132,-2,2,0 R=51,1090,15,0,-1 F=675,674,-1,3,-7 D=3503,3503,0,2,0 L=1249,1250,1,0,-1 B=1235,1236,1,0,-16
mv R code=0 aligned=1 homed=- ms=119.0 U=3134,3132,-2,2,0 R=1091,48,-19,3,-3 F=675,674,-1,3,-7 D=3503,3503,0,2,0 L=1249,1250,1,0,-1 B=1235,1236,1,0,-16
mv R' code=0 aligned=1 homed=- ms=119.0 U=3134,3132,-2,2,0 R=51,1090,15,0,-1 F=675,674,-1,3,-7 D=3503,3503,0,2,0 L=1249,1249,0,0,-2 B=1236,1236,0,0,-16
mv R code=0 aligned=1 homed=- ms=119.0 U=3134,3133,-1,2,1 R=1091,48,-19,3,-3 F=675,674,-1,3,-7 D=3503,3503,0,2,0 L=1249,1250,1,0,-1 B=1236,1236,0,0,-16
mv R' code=0 aligned=1 homed=- ms=119.0 U=3134,3133,-1,2,1 R=51,1090,15,0,-1 F=675,674,-1,3,-7 D=3503,3503,0,2,0 L=1249,1250,1,0,-1 B=1236,1236,0,0,-16
mv R code=0 aligned=1 homed=- ms=119.0 U=3134,3133,-1,2,1 R=1091,48,-19,3,-3 F=675,674,-1,3,-7 D=3503,3503,0,2,0 L=1249,1250,1,0,-1 B=1235,1236,1,0,-16
mv R' code=0 aligned=1 homed=- ms=119.0 U=3134,3133,-1,2,1 R=51,1090,15,0,-1 F=675,674,-1,3,-7 D=3503,3503,0,2,0 L=1250,1250,0,0,-1 B=1235,1236,1,0,-16
mv R code=0 aligned=1 homed=- ms=119.0 U=3134,3133,-1,2,1 R=1091,48,-19,3,-3 F=675,674,-1,3,-7 D=3503,3503,0,2,0 L=1249,1250,1,0,-1 B=1236,1236,0,0,-16
mv R' code=0 aligned=1 homed=- ms=119.0 U=3134,3132,-2,2,0 R=51,1090,15,0,-1 F=675,674,-1,3,-7 D=3503,3503,0,2,0 L=1249,1250,1,0,-1 B=1235,1235,0,0,-17
mv R code=0 aligned=1 homed=- ms=119.0 U=3134,3133,-1,2,1 R=1091,48,-19,3,-3 F=675,674,-1,3,-7 D=3503,3503,0,2,0 L=1250,1250,0,0,-1 B=1235,1236,1,0,-16
mv R' code=0 aligned=1 homed=- ms=119.0 U=3135,3133,-2,2,1 R=51,1090,15,0,-1 F=675,673,-2,3,-8 D=3503,3503,0,2,0 L=1249,1250,1,0,-1 B=1236,1236,0,0,-16
mv R code=0 aligned=1 homed=- ms=119.0 U=3134,3133,-1,2,1 R=1091,48,-19,3,-3 F=675,674,-1,3,-7 D=3503,3503,0,2,0 L=1249,1250,1,0,-1 B=1236,1235,-1,0,-17
mv R' code=0 aligned=1 homed=- ms=119.0 U=3134,3133,-1,2,1 R=51,1090,15,0,-1 F=675,674,-1,3,-7 D=3503,3503,0,2,0 L=1249,1250,1,0,-1 B=1236,1236,0,0,-16
mv R code=0 aligned=1 homed=- ms=119.0 U=3134,3133,-1,2,1 R=1091,48,-19,3,-3 F=675,674,-1,3,-7 D=3503,3503,0,2,0 L=1249,1250,1,0,-1 B=1236,1235,-1,0,-17
mv R' code=0 aligned=1 homed=- ms=119.0 U=3134,3133,-1,2,1 R=51,1090,15,0,-1 F=675,674,-1,3,-7 D=3503,3503,0,2,0 L=1249,1250,1,0,-1 B=1236,1236,0,0,-16
mv R code=0 aligned=1 homed=- ms=119.0 U=3134,3133,-1,2,1 R=1091,48,-19,3,-3 F=675,674,-1,3,-7 D=3503,3503,0,2,0 L=1249,1250,1,0,-1 B=1236,1236,0,0,-16
mv R' code=0 aligned=1 homed=- ms=119.0 U=3134,3133,-1,2,1 R=51,1090,15,0,-1 F=675,674,-1,3,-7 D=3503,3503,0,2,0 L=1249,1249,0,0,-2 B=1236,1236,0,0,-16
mv R code=0 aligned=1 homed=- ms=119.0 U=3134,3133,-1,2,1 R=1091,48,-19,3,-3 F=675,674,-1,3,-7 D=3503,3503,0,2,0 L=1249,1250,1,0,-1 B=1235,1236,1,0,-16
mv R' code=0 aligned=1 homed=- ms=119.0 U=3134,3133,-1,2,1 R=51,1090,15,0,-1 F=675,674,-1,3,-7 D=3503,3503,0,2,0 L=1250,1250,0,0,-1 B=1235,1236,1,0,-16
mv R code=0 aligned=1 homed=- ms=119.0 U=3134,3133,-1,2,1 R=1091,48,-19,3,-3 F=675,674,-1,3,-7 D=3503,3503,0,2,0 L=1249,1250,1,0,-1 B=1235,1236,1,0,-16
mv R' code=0 aligned=1 homed=- ms=119.0 U=3134,3133,-1,2,1 R=51,1090,15,0,-1 F=675,674,-1,3,-7 D=3503,3502,-1,2,-1 L=1249,1250,1,0,-1 B=1236,1236,0,0,-16
mv R code=0 aligned=1 homed=- ms=119.0 U=3134,3133,-1,2,1 R=1091,48,-19,3,-3 F=675,674,-1,3,-7 D=3503,3503,0,2,0 L=1249,1250,1,0,-1 B=1235,1235,0,0,-17
mv R' code=0 aligned=1 homed=- ms=119.0 U=3134,3133,-1,2,1 R=51,1090,15,0,-1 F=675,674,-1,3,-7 D=3503,3503,0,2,0 L=1249,1249,0,0,-2 B=1236,1236,0,0,-16
mv R code=0 aligned=1 homed=- ms=119.0 U=3134,3133,-1,2,1 R=1091,48,-19,3,-3 F=675,674,-1,3,-7 D=3503,3503,0,2,0 L=1249,1250,1,0,-1 B=1236,1236,0,0,-16
mv R' code=0 aligned=1 homed=- ms=119.0 U=3134,3133,-1,2,1 R=51,1090,15,0,-1 F=675,674,-1,3,-7 D=3503,3502,-1,2,-1 L=1249,1250,1,0,-1 B=1236,1236,0,0,-16
mv R code=0 aligned=1 homed=- ms=119.0 U=3134,3133,-1,2,1 R=1091,48,-19,3,-3 F=675,674,-1,3,-7 D=3503,3503,0,2,0 L=1249,1250,1,0,-1 B=1236,1236,0,0,-16
mv R' code=0 aligned=1 homed=- ms=119.0 U=3134,3133,-1,2,1 R=51,1090,15,0,-1 F=675,674,-1,3,-7 D=3503,3502,-1,2,-1 L=1249,1250,1,0,-1 B=1236,1236,0,0,-16
mv R code=0 aligned=1 homed=- ms=119.0 U=3134,3132,-2,2,0 R=1091,48,-19,3,-3 F=675,674,-1,3,-7 D=3503,3503,0,2,0 L=1249,1250,1,0,-1 B=1235,1236,1,0,-16
mv R' code=0 aligned=1 homed=- ms=119.0 U=3134,3133,-1,2,1 R=51,1090,15,0,-1 F=675,674,-1,3,-7 D=3503,3503,0,2,0 L=1249,1250,1,0,-1 B=1236,1236,0,0,-16
mv R code=0 aligned=1 homed=- ms=119.0 U=3134,3133,-1,2,1 R=1091,48,-19,3,-3 F=675,674,-1,3,-7 D=3503,3503,0,2,0 L=1249,1250,1,0,-1 B=1235,1236,1,0,-16
mv R' code=0 aligned=1 homed=- ms=119.0 U=3134,3133,-1,2,1 R=51,1090,15,0,-1 F=675,674,-1,3,-7 D=3503,3503,0,2,0 L=1249,1250,1,0,-1 B=1236,1236,0,0,-16
mv R code=0 aligned=1 homed=- ms=119.0 U=3134,3133,-1,2,1 R=1091,48,-19,3,-3 F=675,674,-1,3,-7 D=3503,3503,0,2,0 L=1249,1250,1,0,-1 B=1235,1236,1,0,-16
mv R' code=0 aligned=1 homed=- ms=119.0 U=3134,3133,-1,2,1 R=51,1090,15,0,-1 F=675,674,-1,3,-7 D=3503,3502,-1,2,-1 L=1250,1250,0,0,-1 B=1236,1236,0,0,-16
rep moves=200 notaligned=0 homings=0 failures=0 avgms=119.0
res U=- R=200,-2.0,17.1,19 F=- D=- L=- B=-
ok
> home
[align] motor 0 err=2 counts (0.2 steps)
[align] motor 1 err=0 counts (0.0 steps)
[align] motor 2 err=-6 counts (-0.6 steps)
[align] motor 3 err=0 counts (0.0 steps)
[align] motor 4 err=-3 counts (-0.3 steps)
[align] motor 5 err=-18 counts (-1.8 steps)
home code=0 ms=6 en=0
enc U=3133 R=1090 F=674 D=3503 L=1249 B=1235 RING=2768
near U=2:1 R=0:-1 F=3:-7 D=2:0 L=0:-2 B=0:-17
ok
> enc
enc U=3134 R=1091 F=675 D=3503 L=1249 B=1236 RING=2768
near U=2:2 R=0:0 F=3:-6 D=2:0 L=0:-2 B=0:-16
ok
> rep 50 R R R R
mv R code=0 aligned=1 homed=- ms=119.0 U=3134,3133,-1,2,1 R=1091,48,-19,3,-3 F=675,674,-1,3,-7 D=3503,3503,0,2,0 L=1249,1250,1,0,-1 B=1236,1236,0,0,-16
mv R code=0 aligned=1 homed=- ms=119.0 U=3134,3132,-2,2,0 R=51,3143,20,2,-2 F=675,674,-1,3,-7 D=3503,3503,0,2,0 L=1249,1250,1,0,-1 B=1236,1235,-1,0,-17
mv R code=0 aligned=1 homed=- ms=119.0 U=3134,3133,-1,2,1 R=3145,2099,-22,1,-3 F=675,674,-1,3,-7 D=3503,3503,0,2,0 L=1250,1250,0,0,-1 B=1236,1236,0,0,-16
mv R code=0 aligned=1 homed=- ms=119.0 U=3134,3133,-1,2,1 R=2102,1090,12,0,-1 F=675,674,-1,3,-7 D=3503,3503,0,2,0 L=1249,1250,1,0,-1 B=1236,1236,0,0,-16
mv R code=0 aligned=1 homed=- ms=119.0 U=3134,3133,-1,2,1 R=1091,48,-19,3,-3 F=675,674,-1,3,-7 D=3503,3503,0,2,0 L=1249,1250,1,0,-1 B=1236,1236,0,0,-16
mv R code=0 aligned=1 homed=- ms=119.0 U=3134,3132,-2,2,0 R=51,3144,21,2,-1 F=675,673,-2,3,-8 D=3503,3503,0,2,0 L=1249,1250,1,0,-1 B=1236,1236,0,0,-16
mv R code=0 aligned=1 homed=- ms=119.0 U=3134,3133,-1,2,1 R=3145,2100,-21,1,-2 F=675,674,-1,3,-7 D=3503,3503,0,2,0 L=1249,1250,1,0,-1 B=1235,1236,1,0,-16
mv R code=0 aligned=1 homed=- ms=119.0 U=3134,3133,-1,2,1 R=2102,1090,12,0,-1 F=675,674,-1,3,-7 D=3503,3503,0,2,0 L=1249,1250,1,0,-1 B=1236,1235,-1,0,-17
mv R code=0 aligned=1 homed=- ms=119.0 U=3134,3133,-1,2,1 R=1092,48,-20,3,-3 F=675,674,-1,3,-7 D=3503,3503,0,2,0 L=1249,1250,1,0,-1 B=1236,1236,0,0,-16
mv R code=0 aligned=1 homed=- ms=119.0 U=3134,3133,-1,2,1 R=51,3144,21,2,-1 F=675,674,-1,3,-7 D=3503,3503,0,2,0 L=1249,1250,1,0,-1 B=1236,1235,-1,0,-17
mv R code=0 aligned=1 homed=- ms=119.0 U=3134,3133,-1,2,1 R=3145,2099,-22,1,-3 F=675,674,-1,3,-7 D=3503,3503,0,2,0 L=1250,1250,0,0,-1 B=1236,1236,0,0,-16
mv R code=0 aligned=1 homed=- ms=119.0 U=3134,3133,-1,2,1 R=2102,1090,12,0,-1 F=675,674,-1,3,-7 D=3503,3502,-1,2,-1 L=1249,1250,1,0,-1 B=1236,1235,-1,0,-17
mv R code=0 aligned=1 homed=- ms=119.0 U=3135,3133,-2,2,1 R=1091,48,-19,3,-3 F=675,674,-1,3,-7 D=3503,3503,0,2,0 L=1249,1250,1,0,-1 B=1235,1235,0,0,-17
mv R code=0 aligned=1 homed=- ms=119.0 U=3134,3133,-1,2,1 R=51,3144,21,2,-1 F=675,674,-1,3,-7 D=3503,3503,0,2,0 L=1250,1250,0,0,-1 B=1236,1236,0,0,-16
mv R code=0 aligned=1 homed=- ms=119.0 U=3134,3133,-1,2,1 R=3145,2099,-22,1,-3 F=675,674,-1,3,-7 D=3503,3503,0,2,0 L=1249,1250,1,0,-1 B=1236,1236,0,0,-16
mv R code=0 aligned=1 homed=- ms=119.0 U=3134,3132,-2,2,0 R=2102,1090,12,0,-1 F=675,674,-1,3,-7 D=3503,3503,0,2,0 L=1249,1250,1,0,-1 B=1235,1236,1,0,-16
mv R code=0 aligned=1 homed=- ms=119.0 U=3134,3133,-1,2,1 R=1092,48,-20,3,-3 F=675,674,-1,3,-7 D=3503,3503,0,2,0 L=1249,1250,1,0,-1 B=1236,1235,-1,0,-17
mv R code=0 aligned=1 homed=- ms=119.0 U=3134,3132,-2,2,0 R=51,3144,21,2,-1 F=675,674,-1,3,-7 D=3503,3503,0,2,0 L=1249,1249,0,0,-2 B=1236,1235,-1,0,-17
mv R code=0 aligned=1 homed=- ms=119.0 U=3134,3132,-2,2,0 R=3145,2099,-22,1,-3 F=675,674,-1,3,-7 D=3503,3503,0,2,0 L=1249,1250,1,0,-1 B=1236,1236,0,0,-16
mv R code=0 aligned=1 homed=- ms=119.0 U=3134,3133,-1,2,1 R=2102,1090,12,0,-1 F=675,674,-1,3,-7 D=3503,3503,0,2,0 L=1249,1250,1,0,-1 B=1236,1236,0,0,-16
mv R code=0 aligned=1 homed=- ms=119.0 U=3134,3133,-1,2,1 R=1091,48,-19,3,-3 F=675,674,-1,3,-7 D=3503,3503,0,2,0 L=1249,1249,0,0,-2 B=1236,1236,0,0,-16
mv R code=0 aligned=1 homed=- ms=119.0 U=3134,3133,-1,2,1 R=51,3144,21,2,-1 F=675,674,-1,3,-7 D=3503,3503,0,2,0 L=1249,1250,1,0,-1 B=1235,1236,1,0,-16
mv R code=0 aligned=1 homed=- ms=119.0 U=3134,3133,-1,2,1 R=3145,2099,-22,1,-3 F=675,674,-1,3,-7 D=3503,3502,-1,2,-1 L=1250,1250,0,0,-1 B=1236,1236,0,0,-16
mv R code=0 aligned=1 homed=- ms=119.0 U=3134,3133,-1,2,1 R=2102,1090,12,0,-1 F=675,674,-1,3,-7 D=3503,3502,-1,2,-1 L=1249,1250,1,0,-1 B=1236,1236,0,0,-16
mv R code=0 aligned=1 homed=- ms=119.0 U=3134,3133,-1,2,1 R=1091,48,-19,3,-3 F=675,674,-1,3,-7 D=3503,3503,0,2,0 L=1249,1250,1,0,-1 B=1235,1235,0,0,-17
mv R code=0 aligned=1 homed=- ms=119.0 U=3134,3132,-2,2,0 R=51,3143,20,2,-2 F=675,674,-1,3,-7 D=3503,3502,-1,2,-1 L=1249,1250,1,0,-1 B=1236,1236,0,0,-16
mv R code=0 aligned=1 homed=- ms=119.0 U=3134,3133,-1,2,1 R=3145,2099,-22,1,-3 F=675,674,-1,3,-7 D=3503,3503,0,2,0 L=1249,1250,1,0,-1 B=1236,1235,-1,0,-17
mv R code=0 aligned=1 homed=- ms=119.0 U=3134,3133,-1,2,1 R=2102,1090,12,0,-1 F=675,674,-1,3,-7 D=3503,3503,0,2,0 L=1249,1249,0,0,-2 B=1236,1236,0,0,-16
mv R code=0 aligned=1 homed=- ms=119.0 U=3134,3133,-1,2,1 R=1092,48,-20,3,-3 F=675,674,-1,3,-7 D=3503,3503,0,2,0 L=1249,1250,1,0,-1 B=1236,1235,-1,0,-17
mv R code=0 aligned=1 homed=- ms=119.0 U=3134,3132,-2,2,0 R=52,3144,20,2,-1 F=675,674,-1,3,-7 D=3503,3503,0,2,0 L=1249,1250,1,0,-1 B=1235,1236,1,0,-16
mv R code=0 aligned=1 homed=- ms=119.0 U=3134,3133,-1,2,1 R=3145,2099,-22,1,-3 F=675,674,-1,3,-7 D=3503,3502,-1,2,-1 L=1249,1250,1,0,-1 B=1235,1235,0,0,-17
mv R code=0 aligned=1 homed=- ms=119.0 U=3134,3133,-1,2,1 R=2102,1090,12,0,-1 F=675,674,-1,3,-7 D=3503,3503,0,2,0 L=1249,1250,1,0,-1 B=1235,1236,1,0,-16
mv R code=0 aligned=1 homed=- ms=119.0 U=3134,3133,-1,2,1 R=1091,48,-19,3,-3 F=675,674,-1,3,-7 D=3503,3502,-1,2,-1 L=1249,1250,1,0,-1 B=1235,1236,1,0,-16
mv R code=0 aligned=1 homed=- ms=119.0 U=3134,3132,-2,2,0 R=51,3144,21,2,-1 F=675,674,-1,3,-7 D=3503,3503,0,2,0 L=1249,1250,1,0,-1 B=1236,1236,0,0,-16
mv R code=0 aligned=1 homed=- ms=119.0 U=3134,3133,-1,2,1 R=3145,2100,-21,1,-2 F=675,674,-1,3,-7 D=3503,3502,-1,2,-1 L=1249,1249,0,0,-2 B=1236,1236,0,0,-16
mv R code=0 aligned=1 homed=- ms=119.0 U=3135,3133,-2,2,1 R=2102,1090,12,0,-1 F=675,674,-1,3,-7 D=3503,3503,0,2,0 L=1249,1250,1,0,-1 B=1236,1236,0,0,-16
mv R code=0 aligned=1 homed=- ms=119.0 U=3134,3133,-1,2,1 R=1091,48,-19,3,-3 F=675,674,-1,3,-7 D=3503,3503,0,2,0 L=1249,1250,1,0,-1 B=1236,1236,0,0,-16
mv R code=0 aligned=1 homed=- ms=119.0 U=3134,3133,-1,2,1 R=51,3144,21,2,-1 F=675,674,-1,3,-7 D=3503,3503,0,2,0 L=1250,1250,0,0,-1 B=1235,1235,0,0,-17
mv R code=0 aligned=1 homed=- ms=119.0 U=3134,3133,-1,2,1 R=3145,2099,-22,1,-3 F=675,674,-1,3,-7 D=3503,3503,0,2,0 L=1249,1250,1,0,-1 B=1235,1236,1,0,-16
mv R code=0 aligned=1 homed=- ms=119.0 U=3134,3133,-1,2,1 R=2102,1090,12,0,-1 F=675,674,-1,3,-7 D=3503,3503,0,2,0 L=1249,1250,1,0,-1 B=1236,1236,0,0,-16
mv R code=0 aligned=1 homed=- ms=119.0 U=3134,3133,-1,2,1 R=1091,48,-19,3,-3 F=675,674,-1,3,-7 D=3503,3503,0,2,0 L=1249,1250,1,0,-1 B=1235,1236,1,0,-16
mv R code=0 aligned=1 homed=- ms=119.0 U=3134,3133,-1,2,1 R=51,3144,21,2,-1 F=675,674,-1,3,-7 D=3503,3503,0,2,0 L=1249,1250,1,0,-1 B=1236,1236,0,0,-16
mv R code=0 aligned=1 homed=- ms=119.0 U=3134,3133,-1,2,1 R=3145,2099,-22,1,-3 F=675,674,-1,3,-7 D=3503,3502,-1,2,-1 L=1249,1250,1,0,-1 B=1236,1235,-1,0,-17
mv R code=0 aligned=1 homed=- ms=119.0 U=3134,3133,-1,2,1 R=2102,1090,12,0,-1 F=675,674,-1,3,-7 D=3503,3503,0,2,0 L=1249,1250,1,0,-1 B=1235,1236,1,0,-16
mv R code=0 aligned=1 homed=- ms=119.0 U=3134,3133,-1,2,1 R=1092,48,-20,3,-3 F=675,674,-1,3,-7 D=3503,3503,0,2,0 L=1249,1250,1,0,-1 B=1235,1236,1,0,-16
mv R code=0 aligned=1 homed=- ms=119.0 U=3134,3133,-1,2,1 R=51,3144,21,2,-1 F=675,674,-1,3,-7 D=3503,3503,0,2,0 L=1249,1250,1,0,-1 B=1236,1236,0,0,-16
mv R code=0 aligned=1 homed=- ms=119.0 U=3134,3133,-1,2,1 R=3145,2099,-22,1,-3 F=675,674,-1,3,-7 D=3503,3503,0,2,0 L=1249,1250,1,0,-1 B=1235,1236,1,0,-16
mv R code=0 aligned=1 homed=- ms=119.0 U=3134,3133,-1,2,1 R=2102,1090,12,0,-1 F=675,674,-1,3,-7 D=3503,3503,0,2,0 L=1249,1250,1,0,-1 B=1236,1235,-1,0,-17
mv R code=0 aligned=1 homed=- ms=119.0 U=3134,3133,-1,2,1 R=1092,48,-20,3,-3 F=675,674,-1,3,-7 D=3503,3503,0,2,0 L=1249,1250,1,0,-1 B=1236,1235,-1,0,-17
mv R code=0 aligned=1 homed=- ms=119.0 U=3134,3133,-1,2,1 R=51,3144,21,2,-1 F=675,674,-1,3,-7 D=3503,3503,0,2,0 L=1249,1250,1,0,-1 B=1235,1236,1,0,-16
mv R code=0 aligned=1 homed=- ms=119.0 U=3134,3133,-1,2,1 R=3145,2099,-22,1,-3 F=675,674,-1,3,-7 D=3503,3503,0,2,0 L=1249,1250,1,0,-1 B=1236,1236,0,0,-16
mv R code=0 aligned=1 homed=- ms=119.0 U=3135,3133,-2,2,1 R=2102,1090,12,0,-1 F=675,674,-1,3,-7 D=3503,3503,0,2,0 L=1249,1250,1,0,-1 B=1236,1236,0,0,-16
mv R code=0 aligned=1 homed=- ms=119.0 U=3134,3133,-1,2,1 R=1092,49,-19,3,-2 F=675,674,-1,3,-7 D=3503,3503,0,2,0 L=1249,1250,1,0,-1 B=1235,1236,1,0,-16
mv R code=0 aligned=1 homed=- ms=119.0 U=3134,3133,-1,2,1 R=51,3144,21,2,-1 F=675,674,-1,3,-7 D=3503,3503,0,2,0 L=1250,1250,0,0,-1 B=1236,1236,0,0,-16
mv R code=0 aligned=1 homed=- ms=119.0 U=3134,3133,-1,2,1 R=3145,2099,-22,1,-3 F=675,674,-1,3,-7 D=3503,3503,0,2,0 L=1249,1250,1,0,-1 B=1235,1236,1,0,-16
mv R code=0 aligned=1 homed=- ms=119.0 U=3134,3132,-2,2,0 R=2102,1090,12,0,-1 F=675,673,-2,3,-8 D=3503,3503,0,2,0 L=1249,1250,1,0,-1 B=1236,1236,0,0,-16
mv R code=0 aligned=1 homed=- ms=119.0 U=3134,3133,-1,2,1 R=1092,48,-20,3,-3 F=675,674,-1,3,-7 D=3503,3503,0,2,0 L=1249,1250,1,0,-1 B=1235,1236,1,0,-16
mv R code=0 aligned=1 homed=- ms=119.0 U=3134,3133,-1,2,1 R=51,3144,21,2,-1 F=675,674,-1,3,-7 D=3502,3503,1,2,0 L=1249,1250,1,0,-1 B=1235,1236,1,0,-16
mv R code=0 aligned=1 homed=- ms=119.0 U=3134,3133,-1,2,1 R=3145,2099,-22,1,-3 F=675,674,-1,3,-7 D=3503,3503,0,2,0 L=1249,1250,1,0,-1 B=1236,1236,0,0,-16
mv R code=0 aligned=1 homed=- ms=119.0 U=3135,3133,-2,2,1 R=2102,1090,12,0,-1 F=675,674,-1,3,-7 D=3503,3503,0,2,0 L=1249,1250,1,0,-1 B=1236,1236,0,0,-16
mv R code=0 aligned=1 homed=- ms=119.0 U=3134,3133,-1,2,1 R=1092,48,-20,3,-3 F=675,674,-1,3,-7 D=3503,3502,-1,2,-1 L=1249,1249,0,0,-2 B=1236,1235,-1,0,-17
mv R code=0 aligned=1 homed=- ms=119.0 U=3134,3132,-2,2,0 R=51,3143,20,2,-2 F=675,674,-1,3,-7 D=3503,3503,0,2,0 L=1249,1250,1,0,-1 B=1235,1236,1,0,-16
mv R code=0 aligned=1 homed=- ms=119.0 U=3134,3133,-1,2,1 R=3145,2099,-22,1,-3 F=675,674,-1,3,-7 D=3503,3503,0,2,0 L=1249,1250,1,0,-1 B=1236,1235,-1,0,-17
mv R code=0 aligned=1 homed=- ms=119.0 U=3134,3133,-1,2,1 R=2102,1090,12,0,-1 F=675,673,-2,3,-8 D=3503,3502,-1,2,-1 L=1249,1250,1,0,-1 B=1236,1235,-1,0,-17
mv R code=0 aligned=1 homed=- ms=119.0 U=3134,3133,-1,2,1 R=1091,48,-19,3,-3 F=675,674,-1,3,-7 D=3503,3503,0,2,0 L=1249,1250,1,0,-1 B=1236,1236,0,0,-16
mv R code=0 aligned=1 homed=- ms=119.0 U=3134,3133,-1,2,1 R=51,3143,20,2,-2 F=675,674,-1,3,-7 D=3503,3503,0,2,0 L=1249,1250,1,0,-1 B=1236,1235,-1,0,-17
mv R code=0 aligned=1 homed=- ms=119.0 U=3134,3133,-1,2,1 R=3145,2099,-22,1,-3 F=675,674,-1,3,-7 D=3503,3503,0,2,0 L=1250,1250,0,0,-1 B=1236,1236,0,0,-16
mv R code=0 aligned=1 homed=- ms=119.0 U=3134,3133,-1,2,1 R=2102,1090,12,0,-1 F=675,674,-1,3,-7 D=3503,3503,0,2,0 L=1250,1250,0,0,-1 B=1236,1236,0,0,-16
mv R code=0 aligned=1 homed=- ms=119.0 U=3134,3132,-2,2,0 R=1091,48,-19,3,-3 F=675,674,-1,3,-7 D=3503,3503,0,2,0 L=1249,1250,1,0,-1 B=1235,1236,1,0,-16
mv R code=0 aligned=1 homed=- ms=119.0 U=3134,3133,-1,2,1 R=51,3144,21,2,-1 F=675,674,-1,3,-7 D=3503,3503,0,2,0 L=1249,1250,1,0,-1 B=1236,1235,-1,0,-17
mv R code=0 aligned=1 homed=- ms=119.0 U=3134,3133,-1,2,1 R=3145,2100,-21,1,-2 F=675,674,-1,3,-7 D=3503,3503,0,2,0 L=1249,1250,1,0,-1 B=1236,1235,-1,0,-17
mv R code=0 aligned=1 homed=- ms=119.0 U=3134,3133,-1,2,1 R=2102,1090,12,0,-1 F=675,674,-1,3,-7 D=3503,3503,0,2,0 L=1249,1250,1,0,-1 B=1235,1236,1,0,-16
mv R code=0 aligned=1 homed=- ms=119.0 U=3134,3132,-2,2,0 R=1091,48,-19,3,-3 F=675,674,-1,3,-7 D=3503,3503,0,2,0 L=1249,1250,1,0,-1 B=1236,1236,0,0,-16
mv R code=0 aligned=1 homed=- ms=119.0 U=3134,3133,-1,2,1 R=51,3143,20,2,-2 F=675,674,-1,3,-7 D=3503,3503,0,2,0 L=1249,1249,0,0,-2 B=1236,1236,0,0,-16
mv R code=0 aligned=1 homed=- ms=119.0 U=3134,3133,-1,2,1 R=3145,2099,-22,1,-3 F=675,673,-2,3,-8 D=3503,3503,0,2,0 L=1249,1250,1,0,-1 B=1236,1236,0,0,-16
mv R code=0 aligned=1 homed=- ms=119.0 U=3134,3133,-1,2,1 R=2102,1090,12,0,-1 F=675,674,-1,3,-7 D=3503,3503,0,2,0 L=1249,1250,1,0,-1 B=1235,1236,1,0,-16
mv R code=0 aligned=1 homed=- ms=119.0 U=3134,3132,-2,2,0 R=1091,48,-19,3,-3 F=675,674,-1,3,-7 D=3503,3503,0,2,0 L=1249,1250,1,0,-1 B=1235,1236,1,0,-16
mv R code=0 aligned=1 homed=- ms=119.0 U=3134,3132,-2,2,0 R=51,3144,21,2,-1 F=675,674,-1,3,-7 D=3503,3503,0,2,0 L=1249,1250,1,0,-1 B=1236,1236,0,0,-16
mv R code=0 aligned=1 homed=- ms=119.0 U=3134,3133,-1,2,1 R=3145,2099,-22,1,-3 F=675,674,-1,3,-7 D=3503,3503,0,2,0 L=1249,1250,1,0,-1 B=1236,1235,-1,0,-17
mv R code=0 aligned=1 homed=- ms=119.0 U=3134,3133,-1,2,1 R=2102,1090,12,0,-1 F=675,673,-2,3,-8 D=3503,3503,0,2,0 L=1249,1250,1,0,-1 B=1236,1235,-1,0,-17
mv R code=0 aligned=1 homed=- ms=119.0 U=3134,3133,-1,2,1 R=1091,48,-19,3,-3 F=675,674,-1,3,-7 D=3503,3503,0,2,0 L=1249,1250,1,0,-1 B=1236,1235,-1,0,-17
mv R code=0 aligned=1 homed=- ms=119.0 U=3134,3133,-1,2,1 R=51,3144,21,2,-1 F=675,674,-1,3,-7 D=3503,3503,0,2,0 L=1249,1250,1,0,-1 B=1236,1236,0,0,-16
mv R code=0 aligned=1 homed=- ms=119.0 U=3134,3133,-1,2,1 R=3145,2100,-21,1,-2 F=675,674,-1,3,-7 D=3503,3503,0,2,0 L=1249,1249,0,0,-2 B=1236,1236,0,0,-16
mv R code=0 aligned=1 homed=- ms=119.0 U=3134,3133,-1,2,1 R=2102,1089,11,0,-2 F=675,674,-1,3,-7 D=3503,3503,0,2,0 L=1249,1250,1,0,-1 B=1235,1236,1,0,-16
mv R code=0 aligned=1 homed=- ms=119.0 U=3134,3133,-1,2,1 R=1091,48,-19,3,-3 F=675,674,-1,3,-7 D=3503,3503,0,2,0 L=1249,1250,1,0,-1 B=1236,1236,0,0,-16
mv R code=0 aligned=1 homed=- ms=119.0 U=3134,3133,-1,2,1 R=51,3143,20,2,-2 F=675,674,-1,3,-7 D=3503,3503,0,2,0 L=1249,1250,1,0,-1 B=1235,1235,0,0,-17
mv R code=0 aligned=1 homed=- ms=119.0 U=3134,3133,-1,2,1 R=3145,2099,-22,1,-3 F=675,674,-1,3,-7 D=3503,3503,0,2,0 L=1249,1250,1,0,-1 B=1235,1236,1,0,-16
mv R code=0 aligned=1 homed=- ms=119.0 U=3134,3132,-2,2,0 R=2102,1090,12,0,-1 F=675,674,-1,3,-7 D=3503,3503,0,2,0 L=1249,1250,1,0,-1 B=1236,1236,0,0,-16
mv R code=0 aligned=1 homed=- ms=119.0 U=3134,3133,-1,2,1 R=1092,48,-20,3,-3 F=675,674,-1,3,-7 D=3503,3502,-1,2,-1 L=1249,1250,1,0,-1 B=1236,1236,0,0,-16
mv R code=0 aligned=1 homed=- ms=119.0 U=3134,3133,-1,2,1 R=51,3144,21,2,-1 F=675,674,-1,3,-7 D=3503,3503,0,2,0 L=1249,1250,1,0,-1 B=1236,1235,-1,0,-17
mv R code=0 aligned=1 homed=- ms=119.0 U=3134,3133,-1,2,1 R=3145,2099,-22,1,-3 F=675,674,-1,3,-7 D=3503,3503,0,2,0 L=1249,1249,0,0,-2 B=1235,1236,1,0,-16
mv R code=0 aligned=1 homed=- ms=119.0 U=3134,3133,-1,2,1 R=2102,1090,12,0,-1 F=675,674,-1,3,-7 D=3503,3503,0,2,0 L=1249,1250,1,0,-1 B=1236,1236,0,0,-16
mv R code=0 aligned=1 homed=- ms=119.0 U=3134,3133,-1,2,1 R=1092,48,-20,3,-3 F=675,674,-1,3,-7 D=3503,3503,0,2,0 L=1249,1250,1,0,-1 B=1236,1236,0,0,-16
mv R code=0 aligned=1 homed=- ms=119.0 U=3134,3133,-1,2,1 R=51,3143,20,2,-2 F=675,674,-1,3,-7 D=3503,3502,-1,2,-1 L=1249,1249,0,0,-2 B=1236,1236,0,0,-16
mv R code=0 aligned=1 homed=- ms=119.0 U=3135,3133,-2,2,1 R=3145,2099,-22,1,-3 F=675,674,-1,3,-7 D=3503,3503,0,2,0 L=1249,1250,1,0,-1 B=1235,1236,1,0,-16
mv R code=0 aligned=1 homed=- ms=119.0 U=3134,3133,-1,2,1 R=2102,1090,12,0,-1 F=675,674,-1,3,-7 D=3503,3503,0,2,0 L=1249,1250,1,0,-1 B=1236,1235,-1,0,-17
mv R code=0 aligned=1 homed=- ms=119.0 U=3134,3133,-1,2,1 R=1091,48,-19,3,-3 F=675,674,-1,3,-7 D=3503,3503,0,2,0 L=1249,1250,1,0,-1 B=1236,1235,-1,0,-17
mv R code=0 aligned=1 homed=- ms=119.0 U=3134,3133,-1,2,1 R=51,3144,21,2,-1 F=675,674,-1,3,-7 D=3503,3503,0,2,0 L=1249,1250,1,0,-1 B=1235,1236,1,0,-16
mv R code=0 aligned=1 homed=- ms=119.0 U=3134,3133,-1,2,1 R=3145,2099,-22,1,-3 F=675,674,-1,3,-7 D=3503,3503,0,2,0 L=1249,1250,1,0,-1 B=1236,1236,0,0,-16
mv R code=0 aligned=1 homed=- ms=119.0 U=3134,3133,-1,2,1 R=2102,1090,12,0,-1 F=675,674,-1,3,-7 D=3503,3503,0,2,0 L=1249,1250,1,0,-1 B=1236,1235,-1,0,-17
mv R code=0 aligned=1 homed=- ms=119.0 U=3134,3133,-1,2,1 R=1092,48,-20,3,-3 F=675,674,-1,3,-7 D=3502,3503,1,2,0 L=1249,1250,1,0,-1 B=1235,1235,0,0,-17
mv R code=0 aligned=1 homed=- ms=119.0 U=3134,3132,-2,2,0 R=51,3144,21,2,-1 F=675,673,-2,3,-8 D=3503,3503,0,2,0 L=1249,1249,0,0,-2 B=1235,1236,1,0,-16
mv R code=0 aligned=1 homed=- ms=119.0 U=3134,3133,-1,2,1 R=3145,2099,-22,1,-3 F=675,674,-1,3,-7 D=3503,3503,0,2,0 L=1249,1250,1,0,-1 B=1235,1236,1,0,-16
mv R code=0 aligned=1 homed=- ms=119.0 U=3134,3133,-1,2,1 R=2102,1090,12,0,-1 F=675,674,-1,3,-7 D=3503,3503,0,2,0 L=1249,1250,1,0,-1 B=1236,1236,0,0,-16
mv R code=0 aligned=1 homed=- ms=119.0 U=3134,3133,-1,2,1 R=1091,49,-18,3,-2 F=675,674,-1,3,-7 D=3503,3503,0,2,0 L=1250,1250,0,0,-1 B=1235,1235,0,0,-17
mv R code=0 aligned=1 homed=- ms=119.0 U=3134,3133,-1,2,1 R=51,3144,21,2,-1 F=675,674,-1,3,-7 D=3503,3503,0,2,0 L=1249,1250,1,0,-1 B=1236,1235,-1,0,-17
mv R code=0 aligned=1 homed=- ms=119.0 U=3134,3133,-1,2,1 R=3145,2100,-21,1,-2 F=675,674,-1,3,-7 D=3503,3503,0,2,0 L=1249,1250,1,0,-1 B=1236,1236,0,0,-16
mv R code=0 aligned=1 homed=- ms=119.0 U=3134,3133,-1,2,1 R=2102,1090,12,0,-1 F=675,674,-1,3,-7 D=3503,3503,0,2,0 L=1249,1250,1,0,-1 B=1236,1235,-1,0,-17
mv R code=0 aligned=1 homed=- ms=119.0 U=3134,3133,-1,2,1 R=1092,48,-20,3,-3 F=675,674,-1,3,-7 D=3503,3503,0,2,0 L=1249,1250,1,0,-1 B=1235,1236,1,0,-16
mv R code=0 aligned=1 homed=- ms=119.0 U=3134,3133,-1,2,1 R=51,3144,21,2,-1 F=675,674,-1,3,-7 D=3503,3503,0,2,0 L=1249,1249,0,0,-2 B=1235,1236,1,0,-16
mv R code=0 aligned=1 homed=- ms=119.0 U=3134,3133,-1,2,1 R=3145,2099,-22,1,-3 F=675,674,-1,3,-7 D=3503,3503,0,2,0 L=1249,1250,1,0,-1 B=1235,1235,0,0,-17
mv R code=0 aligned=1 homed=- ms=119.0 U=3134,3132,-2,2,0 R=2102,1090,12,0,-1 F=675,674,-1,3,-7 D=3503,3502,-1,2,-1 L=1249,1250,1,0,-1 B=1235,1236,1,0,-16
mv R code=0 aligned=1 homed=- ms=119.0 U=3134,3133,-1,2,1 R=1091,48,-19,3,-3 F=675,674,-1,3,-7 D=3503,3502,-1,2,-1 L=1249,1249,0,0,-2 B=1236,1236,0,0,-16
mv R code=0 aligned=1 homed=- ms=119.0 U=3134,3133,-1,2,1 R=51,3143,20,2,-2 F=675,674,-1,3,-7 D=3503,3502,-1,2,-1 L=1249,1250,1,0,-1 B=1236,1235,-1,0,-17
mv R code=0 aligned=1 homed=- ms=119.0 U=3134,3133,-1,2,1 R=3145,2099,-22,1,-3 F=675,674,-1,3,-7 D=3503,3503,0,2,0 L=1249,1250,1,0,-1 B=1235,1236,1,0,-16
mv R code=0 aligned=1 homed=- ms=119.0 U=3134,3133,-1,2,1 R=2102,1090,12,0,-1 F=675,674,-1,3,-7 D=3503,3503,0,2,0 L=1249,1250,1,0,-1 B=1235,1235,0,0,-17
mv R code=0 aligned=1 homed=- ms=119.0 U=3134,3133,-1,2,1 R=1091,48,-19,3,-3 F=675,674,-1,3,-7 D=3503,3503,0,2,0 L=1249,1250,1,0,-1 B=1235,1236,1,0,-16
mv R code=0 aligned=1 homed=- ms=119.0 U=3134,3133,-1,2,1 R=51,3144,21,2,-1 F=675,674,-1,3,-7 D=3503,3503,0,2,0 L=1250,1250,0,0,-1 B=1235,1235,0,0,-17
mv R code=0 aligned=1 homed=- ms=119.0 U=3134,3133,-1,2,1 R=3145,2099,-22,1,-3 F=675,674,-1,3,-7 D=3503,3502,-1,2,-1 L=1249,1250,1,0,-1 B=1236,1236,0,0,-16
mv R code=0 aligned=1 homed=- ms=119.0 U=3134,3133,-1,2,1 R=2102,1090,12,0,-1 F=675,674,-1,3,-7 D=3503,3503,0,2,0 L=1249,1250,1,0,-1 B=1235,1236,1,0,-16
mv R code=0 aligned=1 homed=- ms=119.0 U=3134,3133,-1,2,1 R=1092,48,-20,3,-3 F=675,674,-1,3,-7 D=3503,3503,0,2,0 L=1249,1250,1,0,-1 B=1236,1236,0,0,-16
mv R code=0 aligned=1 homed=- ms=119.0 U=3134,3133,-1,2,1 R=51,3144,21,2,-1 F=675,674,-1,3,-7 D=3503,3503,0,2,0 L=1249,1250,1,0,-1 B=1235,1235,0,0,-17
mv R code=0 aligned=1 homed=- ms=119.0 U=3134,3133,-1,2,1 R=3145,2099,-22,1,-3 F=675,674,-1,3,-7 D=3503,3503,0,2,0 L=1249,1250,1,0,-1 B=1236,1236,0,0,-16
mv R code=0 aligned=1 homed=- ms=119.0 U=3134,3132,-2,2,0 R=2102,1090,12,0,-1 F=675,674,-1,3,-7 D=3503,3503,0,2,0 L=1249,1250,1,0,-1 B=1236,1236,0,0,-16
mv R code=0 aligned=1 homed=- ms=119.0 U=3134,3133,-1,2,1 R=1091,48,-19,3,-3 F=675,674,-1,3,-7 D=3503,3503,0,2,0 L=1250,1250,0,0,-1 B=1236,1236,0,0,-16
mv R code=0 aligned=1 homed=- ms=119.0 U=3134,3133,-1,2,1 R=51,3143,20,2,-2 F=675,674,-1,3,-7 D=3503,3503,0,2,0 L=1249,1250,1,0,-1 B=1235,1235,0,0,-17
mv R code=0 aligned=1 homed=- ms=119.0 U=3134,3133,-1,2,1 R=3145,2099,-22,1,-3 F=675,674,-1,3,-7 D=3503,3503,0,2,0 L=1249,1250,1,0,-1 B=1236,1236,0,0,-16
mv R code=0 aligned=1 homed=- ms=119.0 U=3134,3133,-1,2,1 R=2102,1090,12,0,-1 F=675,674,-1,3,-7 D=3503,3503,0,2,0 L=1250,1250,0,0,-1 B=1236,1236,0,0,-16
mv R code=0 aligned=1 homed=- ms=119.0 U=3134,3133,-1,2,1 R=1092,48,-20,3,-3 F=675,674,-1,3,-7 D=3503,3503,0,2,0 L=1249,1250,1,0,-1 B=1235,1236,1,0,-16
mv R code=0 aligned=1 homed=- ms=119.0 U=3134,3133,-1,2,1 R=51,3144,21,2,-1 F=675,674,-1,3,-7 D=3503,3503,0,2,0 L=1249,1250,1,0,-1 B=1235,1236,1,0,-16
mv R code=0 aligned=1 homed=- ms=119.0 U=3134,3133,-1,2,1 R=3145,2099,-22,1,-3 F=675,674,-1,3,-7 D=3503,3503,0,2,0 L=1249,1250,1,0,-1 B=1236,1236,0,0,-16
mv R code=0 aligned=1 homed=- ms=119.0 U=3134,3133,-1,2,1 R=2102,1090,12,0,-1 F=675,674,-1,3,-7 D=3503,3503,0,2,0 L=1249,1250,1,0,-1 B=1235,1236,1,0,-16
mv R code=0 aligned=1 homed=- ms=119.0 U=3134,3133,-1,2,1 R=1091,48,-19,3,-3 F=675,674,-1,3,-7 D=3503,3502,-1,2,-1 L=1249,1250,1,0,-1 B=1235,1235,0,0,-17
mv R code=0 aligned=1 homed=- ms=119.0 U=3134,3132,-2,2,0 R=51,3144,21,2,-1 F=675,674,-1,3,-7 D=3503,3502,-1,2,-1 L=1249,1249,0,0,-2 B=1235,1236,1,0,-16
mv R code=0 aligned=1 homed=- ms=119.0 U=3134,3133,-1,2,1 R=3145,2099,-22,1,-3 F=675,674,-1,3,-7 D=3503,3503,0,2,0 L=1249,1249,0,0,-2 B=1235,1236,1,0,-16
mv R code=0 aligned=1 homed=- ms=119.0 U=3134,3133,-1,2,1 R=2102,1090,12,0,-1 F=675,674,-1,3,-7 D=3503,3503,0,2,0 L=1250,1250,0,0,-1 B=1236,1236,0,0,-16
mv R code=0 aligned=1 homed=- ms=119.0 U=3134,3133,-1,2,1 R=1092,48,-20,3,-3 F=675,674,-1,3,-7 D=3503,3502,-1,2,-1 L=1249,1250,1,0,-1 B=1235,1235,0,0,-17
mv R code=0 aligned=1 homed=- ms=119.0 U=3134,3133,-1,2,1 R=51,3143,20,2,-2 F=675,674,-1,3,-7 D=3503,3502,-1,2,-1 L=1249,1250,1,0,-1 B=1236,1236,0,0,-16
mv R code=0 aligned=1 homed=- ms=119.0 U=3134,3133,-1,2,1 R=3145,2100,-21,1,-2 F=675,674,-1,3,-7 D=3503,3503,0,2,0 L=1249,1250,1,0,-1 B=1236,1236,0,0,-16
mv R code=0 aligned=1 homed=- ms=119.0 U=3134,3133,-1,2,1 R=2102,1090,12,0,-1 F=675,674,-1,3,-7 D=3503,3503,0,2,0 L=1249,1250,1,0,-1 B=1236,1236,0,0,-16
mv R code=0 aligned=1 homed=- ms=119.0 U=3134,3133,-1,2,1 R=1092,48,-20,3,-3 F=675,674,-1,3,-7 D=3503,3503,0,2,0 L=1249,1250,1,0,-1 B=1236,1236,0,0,-16
mv R code=0 aligned=1 homed=- ms=119.0 U=3135,3133,-2,2,1 R=51,3144,21,2,-1 F=675,674,-1,3,-7 D=3503,3503,0,2,0 L=1249,1250,1,0,-1 B=1236,1235,-1,0,-17
mv R code=0 aligned=1 homed=- ms=119.0 U=3134,3133,-1,2,1 R=3145,2099,-22,1,-3 F=675,674,-1,3,-7 D=3503,3503,0,2,0 L=1249,1250,1,0,-1 B=1236,1236,0,0,-16
mv R code=0 aligned=1 homed=- ms=119.0 U=3134,3133,-1,2,1 R=2102,1090,12,0,-1 F=675,674,-1,3,-7 D=3503,3502,-1,2,-1 L=1249,1250,1,0,-1 B=1235,1235,0,0,-17
mv R code=0 aligned=1 homed=- ms=119.0 U=3134,3133,-1,2,1 R=1092,48,-20,3,-3 F=675,674,-1,3,-7 D=3503,3502,-1,2,-1 L=1249,1250,1,0,-1 B=1236,1236,0,0,-16
mv R code=0 aligned=1 homed=- ms=119.0 U=3134,3133,-1,2,1 R=52,3144,20,2,-1 F=675,674,-1,3,-7 D=3503,3502,-1,2,-1 L=1249,1250,1,0,-1 B=1236,1235,-1,0,-17
mv R code=0 aligned=1 homed=- ms=119.0 U=3134,3133,-1,2,1 R=3145,2099,-22,1,-3 F=675,674,-1,3,-7 D=3503,3503,0,2,0 L=1249,1250,1,0,-1 B=1236,1236,0,0,-16
mv R code=0 aligned=1 homed=- ms=119.0 U=3134,3133,-1,2,1 R=2102,1090,12,0,-1 F=675,674,-1,3,-7 D=3503,3503,0,2,0 L=1249,1250,1,0,-1 B=1236,1236,0,0,-16
mv R code=0 aligned=1 homed=- ms=119.0 U=3134,3133,-1,2,1 R=1092,48,-20,3,-3 F=675,674,-1,3,-7 D=3503,3503,0,2,0 L=1249,1250,1,0,-1 B=1235,1236,1,0,-16
mv R code=0 aligned=1 homed=- ms=119.0 U=3134,3133,-1,2,1 R=51,3144,21,2,-1 F=675,674,-1,3,-7 D=3502,3503,1,2,0 L=1249,1250,1,0,-1 B=1236,1236,0,0,-16
mv R code=0 aligned=1 homed=- ms=119.0 U=3134,3133,-1,2,1 R=3145,2099,-22,1,-3 F=675,674,-1,3,-7 D=3503,3503,0,2,0 L=1250,1250,0,0,-1 B=1235,1236,1,0,-16
mv R code=0 aligned=1 homed=- ms=119.0 U=3134,3133,-1,2,1 R=2102,1090,12,0,-1 F=675,674,-1,3,-7 D=3503,3502,-1,2,-1 L=1249,1250,1,0,-1 B=1236,1236,0,0,-16
mv R code=0 aligned=1 homed=- ms=119.0 U=3134,3133,-1,2,1 R=1091,48,-19,3,-3 F=675,674,-1,3,-7 D=3503,3503,0,2,0 L=1249,1250,1,0,-1 B=1235,1236,1,0,-16
mv R code=0 aligned=1 homed=- ms=119.0 U=3134,3133,-1,2,1 R=51,3144,21,2,-1 F=675,674,-1,3,-7 D=3503,3503,0,2,0 L=1249,1250,1,0,-1 B=1236,1236,0,0,-16
mv R code=0 aligned=1 homed=- ms=119.0 U=3134,3133,-1,2,1 R=3145,2099,-22,1,-3 F=675,674,-1,3,-7 D=3503,3503,0,2,0 L=1250,1250,0,0,-1 B=1236,1236,0,0,-16
mv R code=0 aligned=1 homed=- ms=119.0 U=3134,3133,-1,2,1 R=2102,1090,12,0,-1 F=675,674,-1,3,-7 D=3503,3503,0,2,0 L=1249,1250,1,0,-1 B=1235,1236,1,0,-16
mv R code=0 aligned=1 homed=- ms=119.0 U=3135,3133,-2,2,1 R=1091,48,-19,3,-3 F=675,674,-1,3,-7 D=3503,3503,0,2,0 L=1249,1250,1,0,-1 B=1236,1235,-1,0,-17
mv R code=0 aligned=1 homed=- ms=119.0 U=3134,3133,-1,2,1 R=51,3144,21,2,-1 F=675,674,-1,3,-7 D=3503,3503,0,2,0 L=1249,1250,1,0,-1 B=1235,1235,0,0,-17
mv R code=0 aligned=1 homed=- ms=119.0 U=3134,3133,-1,2,1 R=3145,2100,-21,1,-2 F=675,674,-1,3,-7 D=3503,3503,0,2,0 L=1249,1250,1,0,-1 B=1236,1236,0,0,-16
mv R code=0 aligned=1 homed=- ms=119.0 U=3134,3133,-1,2,1 R=2102,1090,12,0,-1 F=675,674,-1,3,-7 D=3503,3503,0,2,0 L=1249,1250,1,0,-1 B=1235,1236,1,0,-16
mv R code=0 aligned=1 homed=- ms=119.0 U=3134,3133,-1,2,1 R=1092,48,-20,3,-3 F=675,674,-1,3,-7 D=3503,3502,-1,2,-1 L=1250,1250,0,0,-1 B=1235,1236,1,0,-16
mv R code=0 aligned=1 homed=- ms=119.0 U=3134,3133,-1,2,1 R=51,3143,20,2,-2 F=675,674,-1,3,-7 D=3503,3503,0,2,0 L=1249,1250,1,0,-1 B=1236,1236,0,0,-16
mv R code=0 aligned=1 homed=- ms=119.0 U=3134,3133,-1,2,1 R=3145,2099,-22,1,-3 F=675,674,-1,3,-7 D=3503,3503,0,2,0 L=1250,1250,0,0,-1 B=1236,1236,0,0,-16
mv R code=0 aligned=1 homed=- ms=119.0 U=3134,3132,-2,2,0 R=2102,1090,12,0,-1 F=675,674,-1,3,-7 D=3503,3503,0,2,0 L=1249,1250,1,0,-1 B=1236,1236,0,0,-16
mv R code=0 aligned=1 homed=- ms=119.0 U=3134,3133,-1,2,1 R=1091,48,-19,3,-3 F=675,674,-1,3,-7 D=3503,3503,0,2,0 L=1249,1249,0,0,-2 B=1236,1235,-1,0,-17
mv R code=0 aligned=1 homed=- ms=119.0 U=3134,3133,-1,2,1 R=51,3144,21,2,-1 F=675,674,-1,3,-7 D=3503,3503,0,2,0 L=1249,1250,1,0,-1 B=1236,1236,0,0,-16
mv R code=0 aligned=1 homed=- ms=119.0 U=3134,3133,-1,2,1 R=3145,2099,-22,1,-3 F=675,674,-1,3,-7 D=3503,3503,0,2,0 L=1249,1250,1,0,-1 B=1236,1235,-1,0,-17
mv R code=0 aligned=1 homed=- ms=119.0 U=3134,3133,-1,2,1 R=2101,1090,13,0,-1 F=675,674,-1,3,-7 D=3503,3502,-1,2,-1 L=1249,1250,1,0,-1 B=1235,1235,0,0,-17
mv R code=0 aligned=1 homed=- ms=119.0 U=3134,3133,-1,2,1 R=1092,48,-20,3,-3 F=675,674,-1,3,-7 D=3503,3503,0,2,0 L=1250,1250,0,0,-1 B=1236,1235,-1,0,-17
mv R code=0 aligned=1 homed=- ms=119.0 U=3134,3133,-1,2,1 R=51,3144,21,2,-1 F=675,674,-1,3,-7 D=3503,3503,0,2,0 L=1249,1250,1,0,-1 B=1236,1236,0,0,-16
mv R code=0 aligned=1 homed=- ms=119.0 U=3134,3133,-1,2,1 R=3145,2099,-22,1,-3 F=675,674,-1,3,-7 D=3503,3503,0,2,0 L=1249,1250,1,0,-1 B=1235,1235,0,0,-17
mv R code=0 aligned=1 homed=- ms=119.0 U=3134,3132,-2,2,0 R=2102,1090,12,0,-1 F=675,673,-2,3,-8 D=3503,3502,-1,2,-1 L=1249,1249,0,0,-2 B=1236,1236,0,0,-16
mv R code=0 aligned=1 homed=- ms=119.0 U=3134,3133,-1,2,1 R=1092,48,-20,3,-3 F=675,674,-1,3,-7 D=3503,3503,0,2,0 L=1249,1250,1,0,-1 B=1236,1236,0,0,-16
mv R code=0 aligned=1 homed=- ms=119.0 U=3134,3132,-2,2,0 R=51,3143,20,2,-2 F=675,674,-1,3,-7 D=3503,3503,0,2,0 L=1249,1250,1,0,-1 B=1236,1235,-1,0,-17
mv R code=0 aligned=1 homed=- ms=119.0 U=3134,3133,-1,2,1 R=3145,2099,-22,1,-3 F=675,674,-1,3,-7 D=3503,3502,-1,2,-1 L=1249,1250,1,0,-1 B=1236,1236,0,0,-16
mv R code=0 aligned=1 homed=- ms=119.0 U=3134,3133,-1,2,1 R=2102,1090,12,0,-1 F=675,674,-1,3,-7 D=3503,3502,-1,2,-1 L=1249,1250,1,0,-1 B=1236,1236,0,0,-16
mv R code=0 aligned=1 homed=- ms=119.0 U=3134,3133,-1,2,1 R=1091,49,-18,3,-2 F=675,674,-1,3,-7 D=3503,3503,0,2,0 L=1249,1250,1,0,-1 B=1236,1236,0,0,-16
mv R code=0 aligned=1 homed=- ms=119.0 U=3134,3133,-1,2,1 R=51,3144,21,2,-1 F=675,674,-1,3,-7 D=3503,3503,0,2,0 L=1249,1250,1,0,-1 B=1236,1236,0,0,-16
mv R code=0 aligned=1 homed=- ms=119.0 U=3134,3132,-2,2,0 R=3145,2099,-22,1,-3 F=675,674,-1,3,-7 D=3503,3502,-1,2,-1 L=1249,1250,1,0,-1 B=1236,1236,0,0,-16
mv R code=0 aligned=1 homed=- ms=119.0 U=3135,3133,-2,2,1 R=2102,1090,12,0,-1 F=675,674,-1,3,-7 D=3503,3503,0,2,0 L=1249,1250,1,0,-1 B=1235,1236,1,0,-16
mv R code=0 aligned=1 homed=- ms=119.0 U=3134,3133,-1,2,1 R=1092,48,-20,3,-3 F=675,674,-1,3,-7 D=3503,3503,0,2,0 L=1249,1250,1,0,-1 B=1236,1236,0,0,-16
mv R code=0 aligned=1 homed=- ms=119.0 U=3134,3133,-1,2,1 R=51,3144,21,2,-1 F=675,674,-1,3,-7 D=3503,3502,-1,2,-1 L=1249,1250,1,0,-1 B=1235,1235,0,0,-17
mv R code=0 aligned=1 homed=- ms=119.0 U=3134,3133,-1,2,1 R=3145,2099,-22,1,-3 F=675,674,-1,3,-7 D=3503,3503,0,2,0 L=1249,1250,1,0,-1 B=1235,1236,1,0,-16
mv R code=0 aligned=1 homed=- ms=119.0 U=3134,3133,-1,2,1 R=2102,1090,12,0,-1 F=675,674,-1,3,-7 D=3503,3503,0,2,0 L=1249,1250,1,0,-1 B=1235,1236,1,0,-16
mv R code=0 aligned=1 homed=- ms=119.0 U=3134,3132,-2,2,0 R=1091,48,-19,3,-3 F=675,674,-1,3,-7 D=3503,3503,0,2,0 L=1249,1250,1,0,-1 B=1236,1236,0,0,-16
mv R code=0 aligned=1 homed=- ms=119.0 U=3134,3133,-1,2,1 R=51,3144,21,2,-1 F=675,674,-1,3,-7 D=3503,3503,0,2,0 L=1249,1250,1,0,-1 B=1235,1236,1,0,-16
mv R code=0 aligned=1 homed=- ms=119.0 U=3134,3133,-1,2,1 R=3145,2100,-21,1,-2 F=675,674,-1,3,-7 D=3503,3502,-1,2,-1 L=1249,1249,0,0,-2 B=1236,1236,0,0,-16
mv R code=0 aligned=1 homed=- ms=119.0 U=3134,3133,-1,2,1 R=2102,1090,12,0,-1 F=675,674,-1,3,-7 D=3503,3503,0,2,0 L=1249,1250,1,0,-1 B=1235,1236,1,0,-16
mv R code=0 aligned=1 homed=- ms=119.0 U=3134,3133,-1,2,1 R=1092,48,-20,3,-3 F=675,674,-1,3,-7 D=3503,3503,0,2,0 L=1249,1250,1,0,-1 B=1236,1236,0,0,-16
mv R code=0 aligned=1 homed=- ms=119.0 U=3135,3133,-2,2,1 R=51,3144,21,2,-1 F=675,674,-1,3,-7 D=3503,3503,0,2,0 L=1249,1250,1,0,-1 B=1236,1236,0,0,-16
mv R code=0 aligned=1 homed=- ms=119.0 U=3134,3133,-1,2,1 R=3145,2099,-22,1,-3 F=675,674,-1,3,-7 D=3503,3502,-1,2,-1 L=1250,1250,0,0,-1 B=1236,1236,0,0,-16
mv R code=0 aligned=1 homed=- ms=119.0 U=3134,3133,-1,2,1 R=2102,1090,12,0,-1 F=675,674,-1,3,-7 D=3503,3503,0,2,0 L=1249,1250,1,0,-1 B=1236,1236,0,0,-16
mv R code=0 aligned=1 homed=- ms=119.0 U=3135,3133,-2,2,1 R=1091,48,-19,3,-3 F=675,674,-1,3,-7 D=3503,3502,-1,2,-1 L=1249,1250,1,0,-1 B=1236,1235,-1,0,-17
mv R code=0 aligned=1 homed=- ms=119.0 U=3134,3133,-1,2,1 R=51,3143,20,2,-2 F=675,674,-1,3,-7 D=3503,3503,0,2,0 L=1249,1249,0,0,-2 B=1236,1236,0,0,-16
mv R code=0 aligned=1 homed=- ms=119.0 U=3134,3133,-1,2,1 R=3145,2099,-22,1,-3 F=675,674,-1,3,-7 D=3503,3502,-1,2,-1 L=1249,1250,1,0,-1 B=1236,1235,-1,0,-17
mv R code=0 aligned=1 homed=- ms=119.0 U=3134,3133,-1,2,1 R=2102,1090,12,0,-1 F=675,674,-1,3,-7 D=3503,3503,0,2,0 L=1249,1250,1,0,-1 B=1236,1236,0,0,-16
mv R code=0 aligned=1 homed=- ms=119.0 U=3134,3133,-1,2,1 R=1092,48,-20,3,-3 F=675,674,-1,3,-7 D=3503,3503,0,2,0 L=1250,1250,0,0,-1 B=1235,1235,0,0,-17
mv R code=0 aligned=1 homed=- ms=119.0 U=3134,3132,-2,2,0 R=51,3144,21,2,-1 F=675,674,-1,3,-7 D=3503,3503,0,2,0 L=1249,1250,1,0,-1 B=1235,1236,1,0,-16
mv R code=0 aligned=1 homed=- ms=119.0 U=3134,3133,-1,2,1 R=3145,2100,-21,1,-2 F=675,674,-1,3,-7 D=3503,3503,0,2,0 L=1249,1249,0,0,-2 B=1236,1236,0,0,-16
mv R code=0 aligned=1 homed=- ms=119.0 U=3134,3133,-1,2,1 R=2102,1090,12,0,-1 F=675,674,-1,3,-7 D=3503,3503,0,2,0 L=1249,1250,1,0,-1 B=1235,1235,0,0,-17
rep moves=200 notaligned=0 homings=0 failures=0 avgms=119.0
res U=- R=200,-2.1,18.9,22 F=- D=- L=- B=-
ok
> home
[align] motor 0 err=2 counts (0.2 steps)
[align] motor 1 err=0 counts (0.0 steps)
[align] motor 2 err=-6 counts (-0.6 steps)
[align] motor 3 err=0 counts (0.0 steps)
[align] motor 4 err=-3 counts (-0.3 steps)
[align] motor 5 err=-18 counts (-1.8 steps)
home code=0 ms=6 en=0
enc U=3133 R=1090 F=674 D=3503 L=1250 B=1235 RING=2768
near U=2:1 R=0:-1 F=3:-7 D=2:0 L=0:-1 B=0:-17
ok
> enc
enc U=3134 R=1092 F=675 D=3502 L=1249 B=1236 RING=2768
near U=2:2 R=0:1 F=3:-6 D=2:-1 L=0:-2 B=0:-16
ok
> rep 50 R' R' R' R'
mv R' code=0 aligned=1 homed=- ms=119.0 U=3134,3133,-1,2,1 R=1092,2099,-17,1,-3 F=675,674,-1,3,-7 D=3503,3502,-1,2,-1 L=1249,1250,1,0,-1 B=1236,1236,0,0,-16
mv R' code=0 aligned=1 homed=- ms=119.0 U=3134,3133,-1,2,1 R=2101,3144,19,2,-1 F=675,674,-1,3,-7 D=3503,3502,-1,2,-1 L=1249,1250,1,0,-1 B=1235,1236,1,0,-16
mv R' code=0 aligned=1 homed=- ms=119.0 U=3134,3133,-1,2,1 R=3144,49,-23,3,-2 F=675,674,-1,3,-7 D=3503,3502,-1,2,-1 L=1250,1250,0,0,-1 B=1235,1235,0,0,-17
mv R' code=0 aligned=1 homed=- ms=119.0 U=3135,3133,-2,2,1 R=50,1090,16,0,-1 F=675,674,-1,3,-7 D=3503,3503,0,2,0 L=1249,1250,1,0,-1 B=1236,1236,0,0,-16
mv R' code=0 aligned=1 homed=- ms=119.0 U=3134,3132,-2,2,0 R=1091,2099,-16,1,-3 F=675,674,-1,3,-7 D=3503,3503,0,2,0 L=1249,1250,1,0,-1 B=1236,1236,0,0,-16
mv R' code=0 aligned=1 homed=- ms=119.0 U=3134,3132,-2,2,0 R=2101,3144,19,2,-1 F=675,674,-1,3,-7 D=3503,3503,0,2,0 L=1249,1250,1,0,-1 B=1236,1236,0,0,-16
mv R' code=0 aligned=1 homed=- ms=119.0 U=3135,3133,-2,2,1 R=3144,49,-23,3,-2 F=675,674,-1,3,-7 D=3503,3503,0,2,0 L=1250,1250,0,0,-1 B=1236,1236,0,0,-16
mv R' code=0 aligned=1 homed=- ms=119.0 U=3134,3132,-2,2,0 R=50,1090,16,0,-1 F=675,674,-1,3,-7 D=3503,3503,0,2,0 L=1249,1249,0,0,-2 B=1235,1236,1,0,-16
mv R' code=0 aligned=1 homed=- ms=119.0 U=3134,3133,-1,2,1 R=1090,2100,-14,1,-2 F=675,674,-1,3,-7 D=3503,3503,0,2,0 L=1249,1250,1,0,-1 B=1235,1236,1,0,-16
mv R' code=0 aligned=1 homed=- ms=119.0 U=3134,3132,-2,2,0 R=2101,3144,19,2,-1 F=675,674,-1,3,-7 D=3503,3503,0,2,0 L=1249,1250,1,0,-1 B=1235,1236,1,0,-16
mv R' code=0 aligned=1 homed=- ms=119.0 U=3134,3133,-1,2,1 R=3144,49,-23,3,-2 F=675,674,-1,3,-7 D=3503,3503,0,2,0 L=1249,1250,1,0,-1 B=1235,1236,1,0,-16
mv R' code=0 aligned=1 homed=- ms=119.0 U=3134,3133,-1,2,1 R=50,1090,16,0,-1 F=675,674,-1,3,-7 D=3503,3503,0,2,0 L=1249,1250,1,0,-1 B=1236,1236,0,0,-16
mv R' code=0 aligned=1 homed=- ms=119.0 U=3134,3133,-1,2,1 R=1091,2099,-16,1,-3 F=675,674,-1,3,-7 D=3503,3503,0,2,0 L=1249,1250,1,0,-1 B=1236,1236,0,0,-16
mv R' code=0 aligned=1 homed=- ms=119.0 U=3134,3132,-2,2,0 R=2101,3144,19,2,-1 F=675,674,-1,3,-7 D=3503,3502,-1,2,-1 L=1249,1250,1,0,-1 B=1235,1236,1,0,-16
mv R' code=0 aligned=1 homed=- ms=119.0 U=3134,3133,-1,2,1 R=3144,48,-24,3,-3 F=675,674,-1,3,-7 D=3503,3503,0,2,0 L=1250,1250,0,0,-1 B=1235,1236,1,0,-16
mv R' code=0 aligned=1 homed=- ms=119.0 U=3134,3133,-1,2,1 R=50,1090,16,0,-1 F=675,674,-1,3,-7 D=3503,3502,-1,2,-1 L=1249,1250,1,0,-1 B=1236,1236,0,0,-16
mv R' code=0 aligned=1 homed=- ms=119.0 U=3134,3133,-1,2,1 R=1091,2100,-15,1,-2 F=675,674,-1,3,-7 D=3503,3503,0,2,0 L=1249,1249,0,0,-2 B=1235,1236,1,0,-16
mv R' code=0 aligned=1 homed=- ms=119.0 U=3135,3133,-2,2,1 R=2101,3144,19,2,-1 F=675,674,-1,3,-7 D=3503,3502,-1,2,-1 L=1249,1250,1,0,-1 B=1236,1236,0,0,-16
mv R' code=0 aligned=1 homed=- ms=119.0 U=3134,3133,-1,2,1 R=3144,49,-23,3,-2 F=675,674,-1,3,-7 D=3503,3503,0,2,0 L=1249,1250,1,0,-1 B=1236,1235,-1,0,-17
mv R' code=0 aligned=1 homed=- ms=119.0 U=3135,3133,-2,2,1 R=50,1090,16,0,-1 F=675,674,-1,3,-7 D=3503,3502,-1,2,-1 L=1249,1250,1,0,-1 B=1236,1236,0,0,-16
mv R' code=0 aligned=1 homed=- ms=119.0 U=3134,3133,-1,2,1 R=1091,2100,-15,1,-2 F=675,674,-1,3,-7 D=3503,3503,0,2,0 L=1250,1250,0,0,-1 B=1236,1236,0,0,-16
mv R' code=0 aligned=1 homed=- ms=119.0 U=3134,3133,-1,2,1 R=2101,3144,19,2,-1 F=675,674,-1,3,-7 D=3503,3503,0,2,0 L=1249,1250,1,0,-1 B=1235,1235,0,0,-17
mv R' code=0 aligned=1 homed=- ms=119.0 U=3135,3133,-2,2,1 R=3144,48,-24,3,-3 F=675,674,-1,3,-7 D=3503,3503,0,2,0 L=1249,1250,1,0,-1 B=1235,1236,1,0,-16
mv R' code=0 aligned=1 homed=- ms=119.0 U=3134,3133,-1,2,1 R=50,1090,16,0,-1 F=675,674,-1,3,-7 D=3503,3503,0,2,0 L=1249,1249,0,0,-2 B=1236,1236,0,0,-16
mv R' code=0 aligned=1 homed=- ms=119.0 U=3134,3133,-1,2,1 R=1090,2100,-14,1,-2 F=675,673,-2,3,-8 D=3503,3503,0,2,0 L=1249,1250,1,0,-1 B=1236,1236,0,0,-16
mv R' code=0 aligned=1 homed=- ms=119.0 U=3134,3133,-1,2,1 R=2101,3144,19,2,-1 F=675,674,-1,3,-7 D=3503,3503,0,2,0 L=1249,1250,1,0,-1 B=1235,1236,1,0,-16
mv R' code=0 aligned=1 homed=- ms=119.0 U=3134,3133,-1,2,1 R=3144,49,-23,3,-2 F=675,674,-1,3,-7 D=3503,3503,0,2,0 L=1249,1250,1,0,-1 B=1235,1235,0,0,-17
mv R' code=0 aligned=1 homed=- ms=119.0 U=3135,3133,-2,2,1 R=50,1090,16,0,-1 F=675,674,-1,3,-7 D=3503,3502,-1,2,-1 L=1249,1250,1,0,-1 B=1235,1236,1,0,-16
mv R' code=0 aligned=1 homed=- ms=119.0 U=3134,3133,-1,2,1 R=1090,2100,-14,1,-2 F=675,674,-1,3,-7 D=3503,3502,-1,2,-1 L=1249,1250,1,0,-1 B=1235,1236,1,0,-16
mv R' code=0 aligned=1 homed=- ms=119.0 U=3134,3133,-1,2,1 R=2101,3144,19,2,-1 F=675,673,-2,3,-8 D=3503,3503,0,2,0 L=1250,1250,0,0,-1 B=1236,1236,0,0,-16
mv R' code=0 aligned=1 homed=- ms=119.0 U=3134,3133,-1,2,1 R=3144,49,-23,3,-2 F=675,673,-2,3,-8 D=3503,3502,-1,2,-1 L=1249,1250,1,0,-1 B=1236,1236,0,0,-16
mv R' code=0 aligned=1 homed=- ms=119.0 U=3134,3133,-1,2,1 R=50,1090,16,0,-1 F=675,674,-1,3,-7 D=3503,3502,-1,2,-1 L=1250,1250,0,0,-1 B=1236,1236,0,0,-16
mv R' code=0 aligned=1 homed=- ms=119.0 U=3134,3133,-1,2,1 R=1091,2100,-15,1,-2 F=675,674,-1,3,-7 D=3503,3503,0,2,0 L=1249,1250,1,0,-1 B=1236,1236,0,0,-16
mv R' code=0 aligned=1 homed=- ms=119.0 U=3135,3132,-3,2,0 R=2101,3144,19,2,-1 F=675,674,-1,3,-7 D=3503,3503,0,2,0 L=1249,1250,1,0,-1 B=1236,1236,0,0,-16
mv R' code=0 aligned=1 homed=- ms=119.0 U=3134,3132,-2,2,0 R=3144,48,-24,3,-3 F=675,674,-1,3,-7 D=3503,3503,0,2,0 L=1249,1250,1,0,-1 B=1236,1236,0,0,-16
mv R' code=0 aligned=1 homed=- ms=119.0 U=3134,3132,-2,2,0 R=50,1090,16,0,-1 F=675,674,-1,3,-7 D=3503,3503,0,2,0 L=1249,1250,1,0,-1 B=1235,1236,1,0,-16
mv R' code=0 aligned=1 homed=- ms=119.0 U=3134,3133,-1,2,1 R=1090,2100,-14,1,-2 F=675,674,-1,3,-7 D=3503,3503,0,2,0 L=1249,1250,1,0,-1 B=1235,1236,1,0,-16
mv R' code=0 aligned=1 homed=- ms=119.0 U=3134,3133,-1,2,1 R=2101,3144,19,2,-1 F=675,674,-1,3,-7 D=3503,3503,0,2,0 L=1249,1250,1,0,-1 B=1235,1236,1,0,-16
mv R' code=0 aligned=1 homed=- ms=119.0 U=3134,3133,-1,2,1 R=3144,49,-23,3,-2 F=675,674,-1,3,-7 D=3503,3503,0,2,0 L=1250,1250,0,0,-1 B=1236,1236,0,0,-16
mv R' code=0 aligned=1 homed=- ms=119.0 U=3134,3133,-1,2,1 R=50,1090,16,0,-1 F=675,674,-1,3,-7 D=3503,3503,0,2,0 L=1249,1250,1,0,-1 B=1235,1236,1,0,-16
mv R' code=0 aligned=1 homed=- ms=119.0 U=3134,3133,-1,2,1 R=1091,2099,-16,1,-3 F=675,674,-1,3,-7 D=3503,3503,0,2,0 L=1249,1250,1,0,-1 B=1235,1236,1,0,-16
mv R' code=0 aligned=1 homed=- ms=119.0 U=3134,3133,-1,2,1 R=2101,3144,19,2,-1 F=675,674,-1,3,-7 D=3503,3503,0,2,0 L=1250,1250,0,0,-1 B=1235,1236,1,0,-16
mv R' code=0 aligned=1 homed=- ms=119.0 U=3134,3132,-2,2,0 R=3144,48,-24,3,-3 F=675,674,-1,3,-7 D=3503,3503,0,2,0 L=1249,1250,1,0,-1 B=1236,1236,0,0,-16
mv R' code=0 aligned=1 homed=- ms=119.0 U=3134,3133,-1,2,1 R=50,1090,16,0,-1 F=675,674,-1,3,-7 D=3503,3503,0,2,0 L=1249,1250,1,0,-1 B=1235,1236,1,0,-16
mv R' code=0 aligned=1 homed=- ms=119.0 U=3134,3133,-1,2,1 R=1090,2100,-14,1,-2 F=675,674,-1,3,-7 D=3503,3503,0,2,0 L=1249,1250,1,0,-1 B=1236,1236,0,0,-16
mv R' code=0 aligned=1 homed=- ms=119.0 U=3134,3133,-1,2,1 R=2101,3144,19,2,-1 F=675,674,-1,3,-7 D=3503,3503,0,2,0 L=1249,1250,1,0,-1 B=1235,1236,1,0,-16
mv R' code=0 aligned=1 homed=- ms=119.0 U=3134,3133,-1,2,1 R=3144,49,-23,3,-2 F=675,674,-1,3,-7 D=3503,3503,0,2,0 L=1249,1250,1,0,-1 B=1236,1236,0,0,-16
mv R' code=0 aligned=1 homed=- ms=119.0 U=3134,3133,-1,2,1 R=50,1090,16,0,-1 F=675,674,-1,3,-7 D=3503,3503,0,2,0 L=1249,1250,1,0,-1 B=1235,1236,1,0,-16
mv R' code=0 aligned=1 homed=- ms=119.0 U=3134,3133,-1,2,1 R=1090,2100,-14,1,-2 F=675,674,-1,3,-7 D=3503,3503,0,2,0 L=1249,1250,1,0,-1 B=1236,1236,0,0,-16
mv R' code=0 aligned=1 homed=- ms=119.0 U=3134,3133,-1,2,1 R=2101,3144,19,2,-1 F=675,674,-1,3,-7 D=3503,3503,0,2,0 L=1249,1249,0,0,-2 B=1235,1236,1,0,-16
mv R' code=0 aligned=1 homed=- ms=119.0 U=3135,3133,-2,2,1 R=3144,49,-23,3,-2 F=675,674,-1,3,-7 D=3503,3503,0,2,0 L=1249,1250,1,0,-1 B=1236,1236,0,0,-16
mv R' code=0 aligned=1 homed=- ms=119.0 U=3134,3132,-2,2,0 R=50,1090,16,0,-1 F=675,673,-2,3,-8 D=3503,3503,0,2,0 L=1249,1250,1,0,-1 B=1235,1236,1,0,-16
mv R' code=0 aligned=1 homed=- ms=119.0 U=3134,3133,-1,2,1 R=1091,2100,-15,1,-2 F=675,674,-1,3,-7 D=3503,3503,0,2,0 L=1249,1250,1,0,-1 B=1235,1236,1,0,-16
mv R' code=0 aligned=1 homed=- ms=119.0 U=3134,3133,-1,2,1 R=2101,3144,19,2,-1 F=675,674,-1,3,-7 D=3503,3502,-1,2,-1 L=1249,1250,1,0,-1 B=1236,1236,0,0,-16
mv R' code=0 aligned=1 homed=- ms=119.0 U=3134,3133,-1,2,1 R=3144,49,-23,3,-2 F=675,674,-1,3,-7 D=3503,3503,0,2,0 L=1249,1250,1,0,-1 B=1236,1235,-1,0,-17
mv R' code=0 aligned=1 homed=- ms=119.0 U=3134,3133,-1,2,1 R=50,1090,16,0,-1 F=675,674,-1,3,-7 D=3503,3503,0,2,0 L=1249,1250,1,0,-1 B=1236,1236,0,0,-16
mv R' code=0 aligned=1 homed=- ms=119.0 U=3134,3133,-1,2,1 R=1090,2100,-14,1,-2 F=675,674,-1,3,-7 D=3503,3503,0,2,0 L=1249,1250,1,0,-1 B=1235,1236,1,0,-16
mv R' code=0 aligned=1 homed=- ms=119.0 U=3134,3133,-1,2,1 R=2101,3144,19,2,-1 F=675,674,-1,3,-7 D=3503,3503,0,2,0 L=1249,1250,1,0,-1 B=1236,1236,0,0,-16
mv R' code=0 aligned=1 homed=- ms=119.0 U=3134,3133,-1,2,1 R=3144,49,-23,3,-2 F=675,674,-1,3,-7 D=3503,3503,0,2,0 L=1249,1250,1,0,-1 B=1236,1236,0,0,-16
mv R' code=0 aligned=1 homed=- ms=119.0 U=3134,3133,-1,2,1 R=50,1090,16,0,-1 F=675,673,-2,3,-8 D=3503,3503,0,2,0 L=1249,1250,1,0,-1 B=1236,1236,0,0,-16
mv R' code=0 aligned=1 homed=- ms=119.0 U=3134,3132,-2,2,0 R=1091,2100,-15,1,-2 F=675,674,-1,3,-7 D=3503,3503,0,2,0 L=1250,1250,0,0,-1 B=1235,1236,1,0,-16
mv R' code=0 aligned=1 homed=- ms=119.0 U=3134,3133,-1,2,1 R=2101,3144,19,2,-1 F=675,674,-1,3,-7 D=3503,3503,0,2,0 L=1249,1250,1,0,-1 B=1235,1236,1,0,-16
mv R' code=0 aligned=1 homed=- ms=119.0 U=3134,3133,-1,2,1 R=3144,49,-23,3,-2 F=675,673,-2,3,-8 D=3503,3502,-1,2,-1 L=1249,1250,1,0,-1 B=1235,1236,1,0,-16
mv R' code=0 aligned=1 homed=- ms=119.0 U=3134,3133,-1,2,1 R=51,1090,15,0,-1 F=675,674,-1,3,-7 D=3503,3503,0,2,0 L=1250,1250,0,0,-1 B=1236,1236,0,0,-16
mv R' code=0 aligned=1 homed=- ms=119.0 U=3134,3133,-1,2,1 R=1091,2099,-16,1,-3 F=675,674,-1,3,-7 D=3502,3503,1,2,0 L=1249,1250,1,0,-1 B=1236,1236,0,0,-16
mv R' code=0 aligned=1 homed=- ms=119.0 U=3134,3133,-1,2,1 R=2101,3144,19,2,-1 F=675,674,-1,3,-7 D=3503,3503,0,2,0 L=1249,1249,0,0,-2 B=1236,1235,-1,0,-17
mv R' code=0 aligned=1 homed=- ms=119.0 U=3134,3133,-1,2,1 R=3144,48,-24,3,-3 F=675,674,-1,3,-7 D=3503,3503,0,2,0 L=1249,1249,0,0,-2 B=1236,1236,0,0,-16
mv R' code=0 aligned=1 homed=- ms=119.0 U=3134,3132,-2,2,0 R=50,1090,16,0,-1 F=675,674,-1,3,-7 D=3503,3503,0,2,0 L=1249,1250,1,0,-1 B=1236,1236,0,0,-16
mv R' code=0 aligned=1 homed=- ms=119.0 U=3134,3133,-1,2,1 R=1090,2100,-14,1,-2 F=675,674,-1,3,-7 D=3503,3502,-1,2,-1 L=1250,1250,0,0,-1 B=1236,1235,-1,0,-17
mv R' code=0 aligned=1 homed=- ms=119.0 U=3134,3133,-1,2,1 R=2101,3144,19,2,-1 F=675,674,-1,3,-7 D=3503,3502,-1,2,-1 L=1249,1249,0,0,-2 B=1235,1236,1,0,-16
mv R' code=0 aligned=1 homed=- ms=119.0 U=3135,3132,-3,2,0 R=3144,49,-23,3,-2 F=675,674,-1,3,-7 D=3503,3502,-1,2,-1 L=1249,1250,1,0,-1 B=1235,1236,1,0,-16
mv R' code=0 aligned=1 homed=- ms=119.0 U=3134,3133,-1,2,1 R=50,1090,16,0,-1 F=675,674,-1,3,-7 D=3503,3502,-1,2,-1 L=1249,1250,1,0,-1 B=1236,1236,0,0,-16
mv R' code=0 aligned=1 homed=- ms=119.0 U=3134,3132,-2,2,0 R=1091,2100,-15,1,-2 F=675,674,-1,3,-7 D=3503,3502,-1,2,-1 L=1249,1250,1,0,-1 B=1235,1236,1,0,-16
mv R' code=0 aligned=1 homed=- ms=119.0 U=3134,3133,-1,2,1 R=2101,3144,19,2,-1 F=675,674,-1,3,-7 D=3503,3503,0,2,0 L=1249,1250,1,0,-1 B=1235,1235,0,0,-17
mv R' code=0 aligned=1 homed=- ms=119.0 U=3134,3133,-1,2,1 R=3144,49,-23,3,-2 F=675,674,-1,3,-7 D=3503,3502,-1,2,-1 L=1249,1250,1,0,-1 B=1235,1236,1,0,-16
mv R' code=0 aligned=1 homed=- ms=119.0 U=3134,3133,-1,2,1 R=50,1090,16,0,-1 F=675,674,-1,3,-7 D=3502,3502,0,2,-1 L=1249,1250,1,0,-1 B=1235,1236,1,0,-16
mv R' code=0 aligned=1 homed=- ms=119.0 U=3134,3133,-1,2,1 R=1091,2100,-15,1,-2 F=675,674,-1,3,-7 D=3503,3503,0,2,0 L=1249,1250,1,0,-1 B=1236,1236,0,0,-16
mv R' code=0 aligned=1 homed=- ms=119.0 U=3134,3133,-1,2,1 R=2101,3144,19,2,-1 F=675,674,-1,3,-7 D=3503,3503,0,2,0 L=1249,1249,0,0,-2 B=1235,1235,0,0,-17
mv R' code=0 aligned=1 homed=- ms=119.0 U=3134,3133,-1,2,1 R=3144,49,-23,3,-2 F=675,674,-1,3,-7 D=3503,3503,0,2,0 L=1249,1250,1,0,-1 B=1236,1236,0,0,-16
mv R' code=0 aligned=1 homed=- ms=119.0 U=3134,3132,-2,2,0 R=50,1090,16,0,-1 F=675,674,-1,3,-7 D=3503,3503,0,2,0 L=1250,1250,0,0,-1 B=1236,1236,0,0,-16
mv R' code=0 aligned=1 homed=- ms=119.0 U=3134,3133,-1,2,1 R=1091,2100,-15,1,-2 F=675,674,-1,3,-7 D=3503,3503,0,2,0 L=1249,1250,1,0,-1 B=1236,1236,0,0,-16
mv R' code=0 aligned=1 homed=- ms=119.0 U=3135,3133,-2,2,1 R=2101,3144,19,2,-1 F=675,674,-1,3,-7 D=3503,3502,-1,2,-1 L=1249,1250,1,0,-1 B=1235,1235,0,0,-17
mv R' code=0 aligned=1 homed=- ms=119.0 U=3134,3133,-1,2,1 R=3144,49,-23,3,-2 F=675,674,-1,3,-7 D=3503,3503,0,2,0 L=1249,1250,1,0,-1 B=1236,1236,0,0,-16
mv R' code=0 aligned=1 homed=- ms=119.0 U=3134,3132,-2,2,0 R=50,1090,16,0,-1 F=675,674,-1,3,-7 D=3503,3503,0,2,0 L=1249,1250,1,0,-1 B=1235,1236,1,0,-16
mv R' code=0 aligned=1 homed=- ms=119.0 U=3134,3133,-1,2,1 R=1091,2100,-15,1,-2 F=675,674,-1,3,-7 D=3503,3503,0,2,0 L=1249,1250,1,0,-1 B=1235,1236,1,0,-16
mv R' code=0 aligned=1 homed=- ms=119.0 U=3134,3133,-1,2,1 R=2101,3144,19,2,-1 F=675,673,-2,3,-8 D=3503,3502,-1,2,-1 L=1249,1250,1,0,-1 B=1235,1236,1,0,-16
mv R' code=0 aligned=1 homed=- ms=119.0 U=3135,3133,-2,2,1 R=3144,49,-23,3,-2 F=675,674,-1,3,-7 D=3503,3503,0,2,0 L=1249,1250,1,0,-1 B=1236,1236,0,0,-16
mv R' code=0 aligned=1 homed=- ms=119.0 U=3134,3133,-1,2,1 R=50,1090,16,0,-1 F=675,674,-1,3,-7 D=3503,3503,0,2,0 L=1249,1250,1,0,-1 B=1235,1236,1,0,-16
mv R' code=0 aligned=1 homed=- ms=119.0 U=3135,3133,-2,2,1 R=1090,2100,-14,1,-2 F=675,674,-1,3,-7 D=3503,3502,-1,2,-1 L=1249,1250,1,0,-1 B=1235,1236,1,0,-16
mv R' code=0 aligned=1 homed=- ms=119.0 U=3134,3133,-1,2,1 R=2101,3144,19,2,-1 F=675,674,-1,3,-7 D=3503,3503,0,2,0 L=1249,1250,1,0,-1 B=1236,1236,0,0,-16
mv R' code=0 aligned=1 homed=- ms=119.0 U=3135,3133,-2,2,1 R=3144,49,-23,3,-2 F=675,674,-1,3,-7 D=3503,3502,-1,2,-1 L=1249,1250,1,0,-1 B=1235,1236,1,0,-16
mv R' code=0 aligned=1 homed=- ms=119.0 U=3134,3133,-1,2,1 R=50,1090,16,0,-1 F=675,674,-1,3,-7 D=3503,3503,0,2,0 L=1250,1250,0,0,-1 B=1236,1236,0,0,-16
mv R' code=0 aligned=1 homed=- ms=119.0 U=3135,3133,-2,2,1 R=1091,2100,-15,1,-2 F=675,674,-1,3,-7 D=3503,3503,0,2,0 L=1250,1250,0,0,-1 B=1236,1236,0,0,-16
mv R' code=0 aligned=1 homed=- ms=119.0 U=3134,3133,-1,2,1 R=2101,3144,19,2,-1 F=675,674,-1,3,-7 D=3503,3503,0,2,0 L=1249,1250,1,0,-1 B=1236,1236,0,0,-16
mv R' code=0 aligned=1 homed=- ms=119.0 U=3134,3133,-1,2,1 R=3144,49,-23,3,-2 F=675,674,-1,3,-7 D=3503,3503,0,2,0 L=1249,1250,1,0,-1 B=1235,1236,1,0,-16
mv R' code=0 aligned=1 homed=- ms=119.0 U=3134,3133,-1,2,1 R=50,1090,16,0,-1 F=675,674,-1,3,-7 D=3503,3503,0,2,0 L=1249,1250,1,0,-1 B=1235,1236,1,0,-16
mv R' code=0 aligned=1 homed=- ms=119.0 U=3134,3133,-1,2,1 R=1090,2100,-14,1,-2 F=675,674,-1,3,-7 D=3503,3503,0,2,0 L=1249,1250,1,0,-1 B=1236,1236,0,0,-16
mv R' code=0 aligned=1 homed=- ms=119.0 U=3134,3133,-1,2,1 R=2101,3144,19,2,-1 F=675,674,-1,3,-7 D=3503,3503,0,2,0 L=1250,1250,0,0,-1 B=1236,1236,0,0,-16
mv R' code=0 aligned=1 homed=- ms=119.0 U=3134,3132,-2,2,0 R=3144,49,-23,3,-2 F=675,674,-1,3,-7 D=3503,3503,0,2,0 L=1249,1250,1,0,-1 B=1236,1236,0,0,-16
mv R' code=0 aligned=1 homed=- ms=119.0 U=3135,3133,-2,2,1 R=50,1090,16,0,-1 F=675,674,-1,3,-7 D=3503,3503,0,2,0 L=1249,1250,1,0,-1 B=1235,1235,0,0,-17
mv R' code=0 aligned=1 homed=- ms=119.0 U=3134,3133,-1,2,1 R=1091,2100,-15,1,-2 F=675,674,-1,3,-7 D=3503,3502,-1,2,-1 L=1249,1250,1,0,-1 B=1235,1236,1,0,-16
mv R' code=0 aligned=1 homed=- ms=119.0 U=3134,3133,-1,2,1 R=2101,3144,19,2,-1 F=675,674,-1,3,-7 D=3503,3503,0,2,0 L=1249,1250,1,0,-1 B=1236,1235,-1,0,-17
mv R' code=0 aligned=1 homed=- ms=119.0 U=3134,3133,-1,2,1 R=3144,49,-23,3,-2 F=675,674,-1,3,-7 D=3503,3503,0,2,0 L=1250,1250,0,0,-1 B=1235,1236,1,0,-16
mv R' code=0 aligned=1 homed=- ms=119.0 U=3134,3133,-1,2,1 R=50,1090,16,0,-1 F=675,674,-1,3,-7 D=3503,3502,-1,2,-1 L=1249,1250,1,0,-1 B=1235,1236,1,0,-16
mv R' code=0 aligned=1 homed=- ms=119.0 U=3134,3133,-1,2,1 R=1090,2100,-14,1,-2 F=675,674,-1,3,-7 D=3503,3503,0,2,0 L=1249,1250,1,0,-1 B=1236,1236,0,0,-16
mv R' code=0 aligned=1 homed=- ms=119.0 U=3134,3133,-1,2,1 R=2101,3144,19,2,-1 F=675,674,-1,3,-7 D=3503,3502,-1,2,-1 L=1249,1250,1,0,-1 B=1235,1236,1,0,-16
mv R' code=0 aligned=1 homed=- ms=119.0 U=3134,3133,-1,2,1 R=3144,49,-23,3,-2 F=675,674,-1,3,-7 D=3503,3503,0,2,0 L=1249,1250,1,0,-1 B=1235,1236,1,0,-16
mv R' code=0 aligned=1 homed=- ms=119.0 U=3134,3133,-1,2,1 R=50,1090,16,0,-1 F=675,674,-1,3,-7 D=3503,3503,0,2,0 L=1249,1250,1,0,-1 B=1236,1236,0,0,-16
mv R' code=0 aligned=1 homed=- ms=119.0 U=3134,3133,-1,2,1 R=1091,2100,-15,1,-2 F=675,674,-1,3,-7 D=3503,3502,-1,2,-1 L=1250,1250,0,0,-1 B=1235,1236,1,0,-16
mv R' code=0 aligned=1 homed=- ms=119.0 U=3134,3133,-1,2,1 R=2101,3144,19,2,-1 F=675,674,-1,3,-7 D=3503,3503,0,2,0 L=1250,1250,0,0,-1 B=1236,1236,0,0,-16
mv R' code=0 aligned=1 homed=- ms=119.0 U=3134,3133,-1,2,1 R=3144,49,-23,3,-2 F=675,674,-1,3,-7 D=3503,3502,-1,2,-1 L=1249,1250,1,0,-1 B=1236,1236,0,0,-16
mv R' code=0 aligned=1 homed=- ms=119.0 U=3134,3133,-1,2,1 R=50,1090,16,0,-1 F=675,674,-1,3,-7 D=3502,3502,0,2,-1 L=1250,1250,0,0,-1 B=1235,1236,1,0,-16
mv R' code=0 aligned=1 homed=- ms=119.0 U=3134,3133,-1,2,1 R=1091,2100,-15,1,-2 F=675,674,-1,3,-7 D=3503,3503,0,2,0 L=1249,1250,1,0,-1 B=1236,1236,0,0,-16
mv R' code=0 aligned=1 homed=- ms=119.0 U=3134,3133,-1,2,1 R=2101,3144,19,2,-1 F=675,674,-1,3,-7 D=3503,3503,0,2,0 L=1249,1250,1,0,-1 B=1235,1236,1,0,-16
mv R' code=0 aligned=1 homed=- ms=119.0 U=3134,3133,-1,2,1 R=3144,48,-24,3,-3 F=675,674,-1,3,-7 D=3503,3503,0,2,0 L=1249,1250,1,0,-1 B=1236,1236,0,0,-16
mv R' code=0 aligned=1 homed=- ms=119.0 U=3135,3133,-2,2,1 R=50,1090,16,0,-1 F=675,674,-1,3,-7 D=3503,3503,0,2,0 L=1249,1250,1,0,-1 B=1235,1236,1,0,-16
mv R' code=0 aligned=1 homed=- ms=119.0 U=3134,3133,-1,2,1 R=1090,2100,-14,1,-2 F=675,674,-1,3,-7 D=3503,3502,-1,2,-1 L=1249,1250,1,0,-1 B=1235,1236,1,0,-16
mv R' code=0 aligned=1 homed=- ms=119.0 U=3134,3133,-1,2,1 R=2101,3144,19,2,-1 F=675,674,-1,3,-7 D=3503,3503,0,2,0 L=1249,1249,0,0,-2 B=1236,1236,0,0,-16
mv R' code=0 aligned=1 homed=- ms=119.0 U=3134,3133,-1,2,1 R=3144,49,-23,3,-2 F=675,674,-1,3,-7 D=3503,3502,-1,2,-1 L=1249,1250,1,0,-1 B=1235,1236,1,0,-16
mv R' code=0 aligned=1 homed=- ms=119.0 U=3135,3133,-2,2,1 R=50,1090,16,0,-1 F=675,674,-1,3,-7 D=3503,3502,-1,2,-1 L=1249,1250,1,0,-1 B=1235,1236,1,0,-16
mv R' code=0 aligned=1 homed=- ms=119.0 U=3134,3133,-1,2,1 R=1090,2100,-14,1,-2 F=675,674,-1,3,-7 D=3503,3503,0,2,0 L=1249,1250,1,0,-1 B=1235,1236,1,0,-16
mv R' code=0 aligned=1 homed=- ms=119.0 U=3134,3133,-1,2,1 R=2101,3144,19,2,-1 F=675,674,-1,3,-7 D=3503,3503,0,2,0 L=1249,1250,1,0,-1 B=1235,1236,1,0,-16
mv R' code=0 aligned=1 homed=- ms=119.0 U=3134,3133,-1,2,1 R=3144,49,-23,3,-2 F=675,674,-1,3,-7 D=3503,3503,0,2,0 L=1249,1250,1,0,-1 B=1235,1236,1,0,-16
mv R' code=0 aligned=1 homed=- ms=119.0 U=3134,3132,-2,2,0 R=50,1090,16,0,-1 F=675,674,-1,3,-7 D=3503,3502,-1,2,-1 L=1249,1250,1,0,-1 B=1235,1236,1,0,-16
mv R' code=0 aligned=1 homed=- ms=119.0 U=3134,3132,-2,2,0 R=1091,2100,-15,1,-2 F=675,674,-1,3,-7 D=3503,3503,0,2,0 L=1249,1250,1,0,-1 B=1236,1236,0,0,-16
mv R' code=0 aligned=1 homed=- ms=119.0 U=3134,3133,-1,2,1 R=2101,3144,19,2,-1 F=675,674,-1,3,-7 D=3503,3503,0,2,0 L=1249,1250,1,0,-1 B=1235,1236,1,0,-16
mv R' code=0 aligned=1 homed=- ms=119.0 U=3134,3133,-1,2,1 R=3144,49,-23,3,-2 F=675,674,-1,3,-7 D=3503,3503,0,2,0 L=1249,1250,1,0,-1 B=1236,1236,0,0,-16
mv R' code=0 aligned=1 homed=- ms=119.0 U=3134,3133,-1,2,1 R=50,1090,16,0,-1 F=675,674,-1,3,-7 D=3503,3503,0,2,0 L=1249,1250,1,0,-1 B=1236,1236,0,0,-16
mv R' code=0 aligned=1 homed=- ms=119.0 U=3134,3133,-1,2,1 R=1091,2100,-15,1,-2 F=675,674,-1,3,-7 D=3503,3503,0,2,0 L=1249,1250,1,0,-1 B=1235,1236,1,0,-16
mv R' code=0 aligned=1 homed=- ms=119.0 U=3134,3133,-1,2,1 R=2101,3144,19,2,-1 F=675,674,-1,3,-7 D=3503,3503,0,2,0 L=1250,1250,0,0,-1 B=1235,1236,1,0,-16
mv R' code=0 aligned=1 homed=- ms=119.0 U=3134,3132,-2,2,0 R=3144,49,-23,3,-2 F=675,673,-2,3,-8 D=3503,3503,0,2,0 L=1249,1250,1,0,-1 B=1235,1236,1,0,-16
mv R' code=0 aligned=1 homed=- ms=119.0 U=3134,3133,-1,2,1 R=50,1090,16,0,-1 F=675,673,-2,3,-8 D=3503,3502,-1,2,-1 L=1249,1250,1,0,-1 B=1236,1236,0,0,-16
mv R' code=0 aligned=1 homed=- ms=119.0 U=3134,3133,-1,2,1 R=1091,2100,-15,1,-2 F=675,674,-1,3,-7 D=3503,3502,-1,2,-1 L=1249,1250,1,0,-1 B=1235,1236,1,0,-16
mv R' code=0 aligned=1 homed=- ms=119.0 U=3135,3133,-2,2,1 R=2101,3144,19,2,-1 F=675,674,-1,3,-7 D=3503,3502,-1,2,-1 L=1249,1250,1,0,-1 B=1235,1235,0,0,-17
mv R' code=0 aligned=1 homed=- ms=119.0 U=3134,3133,-1,2,1 R=3144,49,-23,3,-2 F=675,674,-1,3,-7 D=3503,3503,0,2,0 L=1250,1249,-1,0,-2 B=1235,1235,0,0,-17
mv R' code=0 aligned=1 homed=- ms=119.0 U=3134,3133,-1,2,1 R=50,1090,16,0,-1 F=675,674,-1,3,-7 D=3503,3503,0,2,0 L=1249,1250,1,0,-1 B=1236,1236,0,0,-16
mv R' code=0 aligned=1 homed=- ms=119.0 U=3134,3133,-1,2,1 R=1091,2100,-15,1,-2 F=675,674,-1,3,-7 D=3503,3503,0,2,0 L=1249,1250,1,0,-1 B=1236,1236,0,0,-16
mv R' code=0 aligned=1 homed=- ms=119.0 U=3134,3133,-1,2,1 R=2101,3144,19,2,-1 F=675,674,-1,3,-7 D=3503,3502,-1,2,-1 L=1249,1250,1,0,-1 B=1235,1236,1,0,-16
mv R' code=0 aligned=1 homed=- ms=119.0 U=3134,3133,-1,2,1 R=3144,49,-23,3,-2 F=675,674,-1,3,-7 D=3503,3503,0,2,0 L=1249,1250,1,0,-1 B=1236,1236,0,0,-16
mv R' code=0 aligned=1 homed=- ms=119.0 U=3134,3133,-1,2,1 R=50,1090,16,0,-1 F=675,674,-1,3,-7 D=3503,3503,0,2,0 L=1249,1250,1,0,-1 B=1235,1236,1,0,-16
mv R' code=0 aligned=1 homed=- ms=119.0 U=3134,3133,-1,2,1 R=1091,2100,-15,1,-2 F=675,674,-1,3,-7 D=3503,3503,0,2,0 L=1249,1250,1,0,-1 B=1235,1236,1,0,-16
mv R' code=0 aligned=1 homed=- ms=119.0 U=3134,3133,-1,2,1 R=2101,3144,19,2,-1 F=675,674,-1,3,-7 D=3503,3503,0,2,0 L=1249,1250,1,0,-1 B=1235,1235,0,0,-17
mv R' code=0 aligned=1 homed=- ms=119.0 U=3134,3133,-1,2,1 R=3144,49,-23,3,-2 F=675,674,-1,3,-7 D=3503,3503,0,2,0 L=1249,1250,1,0,-1 B=1235,1236,1,0,-16
mv R' code=0 aligned=1 homed=- ms=119.0 U=3134,3133,-1,2,1 R=50,1090,16,0,-1 F=675,674,-1,3,-7 D=3503,3503,0,2,0 L=1249,1250,1,0,-1 B=1236,1236,0,0,-16
mv R' code=0 aligned=1 homed=- ms=119.0 U=3135,3133,-2,2,1 R=1091,2100,-15,1,-2 F=675,674,-1,3,-7 D=3503,3502,-1,2,-1 L=1249,1250,1,0,-1 B=1235,1235,0,0,-17
mv R' code=0 aligned=1 homed=- ms=119.0 U=3134,3133,-1,2,1 R=2101,3144,19,2,-1 F=675,674,-1,3,-7 D=3503,3503,0,2,0 L=1249,1250,1,0,-1 B=1236,1236,0,0,-16
mv R' code=0 aligned=1 homed=- ms=119.0 U=3134,3133,-1,2,1 R=3144,49,-23,3,-2 F=675,674,-1,3,-7 D=3503,3503,0,2,0 L=1249,1250,1,0,-1 B=1235,1235,0,0,-17
mv R' code=0 aligned=1 homed=- ms=119.0 U=3134,3133,-1,2,1 R=50,1090,16,0,-1 F=675,674,-1,3,-7 D=3503,3503,0,2,0 L=1249,1250,1,0,-1 B=1236,1236,0,0,-16
mv R' code=0 aligned=1 homed=- ms=119.0 U=3134,3133,-1,2,1 R=1090,2100,-14,1,-2 F=675,674,-1,3,-7 D=3503,3503,0,2,0 L=1249,1250,1,0,-1 B=1235,1236,1,0,-16
mv R' code=0 aligned=1 homed=- ms=119.0 U=3134,3133,-1,2,1 R=2101,3144,19,2,-1 F=675,674,-1,3,-7 D=3503,3502,-1,2,-1 L=1249,1250,1,0,-1 B=1235,1236,1,0,-16
mv R' code=0 aligned=1 homed=- ms=119.0 U=3134,3133,-1,2,1 R=3144,49,-23,3,-2 F=675,674,-1,3,-7 D=3502,3502,0,2,-1 L=1249,1250,1,0,-1 B=1235,1236,1,0,-16
mv R' code=0 aligned=1 homed=- ms=119.0 U=3134,3133,-1,2,1 R=50,1090,16,0,-1 F=675,674,-1,3,-7 D=3503,3503,0,2,0 L=1249,1250,1,0,-1 B=1235,1235,0,0,-17
mv R' code=0 aligned=1 homed=- ms=119.0 U=3134,3132,-2,2,0 R=1091,2100,-15,1,-2 F=675,674,-1,3,-7 D=3503,3503,0,2,0 L=1249,1249,0,0,-2 B=1235,1236,1,0,-16
mv R' code=0 aligned=1 homed=- ms=119.0 U=3134,3132,-2,2,0 R=2101,3144,19,2,-1 F=675,674,-1,3,-7 D=3503,3503,0,2,0 L=1249,1250,1,0,-1 B=1236,1236,0,0,-16
mv R' code=0 aligned=1 homed=- ms=119.0 U=3134,3133,-1,2,1 R=3144,49,-23,3,-2 F=675,674,-1,3,-7 D=3503,3503,0,2,0 L=1249,1250,1,0,-1 B=1236,1236,0,0,-16
mv R' code=0 aligned=1 homed=- ms=119.0 U=3134,3133,-1,2,1 R=50,1090,16,0,-1 F=675,674,-1,3,-7 D=3503,3503,0,2,0 L=1249,1250,1,0,-1 B=1235,1236,1,0,-16
mv R' code=0 aligned=1 homed=- ms=119.0 U=3135,3133,-2,2,1 R=1090,2100,-14,1,-2 F=675,674,-1,3,-7 D=3503,3503,0,2,0 L=1250,1250,0,0,-1 B=1235,1235,0,0,-17
mv R' code=0 aligned=1 homed=- ms=119.0 U=3134,3133,-1,2,1 R=2101,3144,19,2,-1 F=675,674,-1,3,-7 D=3503,3502,-1,2,-1 L=1249,1250,1,0,-1 B=1236,1236,0,0,-16
mv R' code=0 aligned=1 homed=- ms=119.0 U=3134,3133,-1,2,1 R=3144,49,-23,3,-2 F=675,674,-1,3,-7 D=3503,3502,-1,2,-1 L=1249,1249,0,0,-2 B=1235,1235,0,0,-17
mv R' code=0 aligned=1 homed=- ms=119.0 U=3134,3133,-1,2,1 R=50,1090,16,0,-1 F=675,674,-1,3,-7 D=3503,3502,-1,2,-1 L=1249,1250,1,0,-1 B=1235,1236,1,0,-16
mv R' code=0 aligned=1 homed=- ms=119.0 U=3134,3133,-1,2,1 R=1090,2100,-14,1,-2 F=675,674,-1,3,-7 D=3503,3502,-1,2,-1 L=1249,1249,0,0,-2 B=1235,1236,1,0,-16
mv R' code=0 aligned=1 homed=- ms=119.0 U=3134,3133,-1,2,1 R=2101,3144,19,2,-1 F=675,674,-1,3,-7 D=3503,3503,0,2,0 L=1249,1250,1,0,-1 B=1235,1236,1,0,-16
mv R' code=0 aligned=1 homed=- ms=119.0 U=3134,3133,-1,2,1 R=3144,49,-23,3,-2 F=675,674,-1,3,-7 D=3503,3503,0,2,0 L=1249,1250,1,0,-1 B=1235,1236,1,0,-16
mv R' code=0 aligned=1 homed=- ms=119.0 U=3134,3133,-1,2,1 R=50,1090,16,0,-1 F=675,674,-1,3,-7 D=3503,3502,-1,2,-1 L=1249,1250,1,0,-1 B=1235,1236,1,0,-16
mv R' code=0 aligned=1 homed=- ms=119.0 U=3134,3133,-1,2,1 R=1091,2100,-15,1,-2 F=675,674,-1,3,-7 D=3503,3502,-1,2,-1 L=1249,1250,1,0,-1 B=1235,1235,0,0,-17
mv R' code=0 aligned=1 homed=- ms=119.0 U=3134,3132,-2,2,0 R=2101,3144,19,2,-1 F=675,674,-1,3,-7 D=3502,3503,1,2,0 L=1249,1250,1,0,-1 B=1235,1236,1,0,-16
mv R' code=0 aligned=1 homed=- ms=119.0 U=3134,3133,-1,2,1 R=3144,49,-23,3,-2 F=675,674,-1,3,-7 D=3503,3503,0,2,0 L=1250,1250,0,0,-1 B=1235,1236,1,0,-16
mv R' code=0 aligned=1 homed=- ms=119.0 U=3134,3133,-1,2,1 R=51,1090,15,0,-1 F=675,674,-1,3,-7 D=3503,3503,0,2,0 L=1249,1250,1,0,-1 B=1235,1236,1,0,-16
mv R' code=0 aligned=1 homed=- ms=119.0 U=3134,3133,-1,2,1 R=1090,2100,-14,1,-2 F=675,673,-2,3,-8 D=3503,3502,-1,2,-1 L=1249,1250,1,0,-1 B=1235,1236,1,0,-16
mv R' code=0 aligned=1 homed=- ms=119.0 U=3134,3133,-1,2,1 R=2101,3144,19,2,-1 F=675,674,-1,3,-7 D=3503,3502,-1,2,-1 L=1249,1250,1,0,-1 B=1235,1236,1,0,-16
mv R' code=0 aligned=1 homed=- ms=119.0 U=3134,3133,-1,2,1 R=3144,49,-23,3,-2 F=675,674,-1,3,-7 D=3503,3503,0,2,0 L=1249,1249,0,0,-2 B=1235,1236,1,0,-16
mv R' code=0 aligned=1 homed=- ms=119.0 U=3134,3133,-1,2,1 R=50,1090,16,0,-1 F=675,674,-1,3,-7 D=3503,3503,0,2,0 L=1249,1250,1,0,-1 B=1236,1236,0,0,-16
mv R' code=0 aligned=1 homed=- ms=119.0 U=3134,3133,-1,2,1 R=1091,2100,-15,1,-2 F=675,674,-1,3,-7 D=3503,3503,0,2,0 L=1249,1250,1,0,-1 B=1235,1236,1,0,-16
mv R' code=0 aligned=1 homed=- ms=119.0 U=3134,3133,-1,2,1 R=2101,3144,19,2,-1 F=675,674,-1,3,-7 D=3503,3503,0,2,0 L=1249,1250,1,0,-1 B=1235,1235,0,0,-17
mv R' code=0 aligned=1 homed=- ms=119.0 U=3134,3133,-1,2,1 R=3144,48,-24,3,-3 F=675,674,-1,3,-7 D=3503,3503,0,2,0 L=1249,1250,1,0,-1 B=1236,1236,0,0,-16
mv R' code=0 aligned=1 homed=- ms=119.0 U=3134,3133,-1,2,1 R=50,1090,16,0,-1 F=675,674,-1,3,-7 D=3503,3503,0,2,0 L=1249,1250,1,0,-1 B=1235,1236,1,0,-16
mv R' code=0 aligned=1 homed=- ms=119.0 U=3134,3133,-1,2,1 R=1091,2100,-15,1,-2 F=675,674,-1,3,-7 D=3503,3503,0,2,0 L=1249,1250,1,0,-1 B=1235,1236,1,0,-16
mv R' code=0 aligned=1 homed=- ms=119.0 U=3134,3133,-1,2,1 R=2101,3144,19,2,-1 F=675,674,-1,3,-7 D=3503,3503,0,2,0 L=1249,1250,1,0,-1 B=1235,1236,1,0,-16
mv R' code=0 aligned=1 homed=- ms=119.0 U=3135,3133,-2,2,1 R=3144,49,-23,3,-2 F=675,674,-1,3,-7 D=3503,3502,-1,2,-1 L=1249,1250,1,0,-1 B=1235,1236,1,0,-16
mv R' code=0 aligned=1 homed=- ms=119.0 U=3134,3133,-1,2,1 R=50,1090,16,0,-1 F=675,674,-1,3,-7 D=3503,3503,0,2,0 L=1249,1250,1,0,-1 B=1236,1236,0,0,-16
mv R' code=0 aligned=1 homed=- ms=119.0 U=3134,3132,-2,2,0 R=1090,2100,-14,1,-2 F=675,674,-1,3,-7 D=3503,3503,0,2,0 L=1249,1250,1,0,-1 B=1236,1236,0,0,-16
mv R' code=0 aligned=1 homed=- ms=119.0 U=3135,3132,-3,2,0 R=2101,3144,19,2,-1 F=675,674,-1,3,-7 D=3503,3503,0,2,0 L=1249,1250,1,0,-1 B=1235,1236,1,0,-16
mv R' code=0 aligned=1 homed=- ms=119.0 U=3134,3133,-1,2,1 R=3144,49,-23,3,-2 F=675,674,-1,3,-7 D=3503,3503,0,2,0 L=1249,1250,1,0,-1 B=1236,1236,0,0,-16
mv R' code=0 aligned=1 homed=- ms=119.0 U=3134,3133,-1,2,1 R=50,1090,16,0,-1 F=675,674,-1,3,-7 D=3503,3503,0,2,0 L=1249,1250,1,0,-1 B=1235,1236,1,0,-16
mv R' code=0 aligned=1 homed=- ms=119.0 U=3134,3133,-1,2,1 R=1091,2100,-15,1,-2 F=675,674,-1,3,-7 D=3503,3503,0,2,0 L=1249,1250,1,0,-1 B=1236,1236,0,0,-16
mv R' code=0 aligned=1 homed=- ms=119.0 U=3134,3132,-2,2,0 R=2101,3144,19,2,-1 F=675,674,-1,3,-7 D=3503,3503,0,2,0 L=1249,1250,1,0,-1 B=1235,1236,1,0,-16
mv R' code=0 aligned=1 homed=- ms=119.0 U=3134,3133,-1,2,1 R=3144,49,-23,3,-2 F=675,674,-1,3,-7 D=3503,3503,0,2,0 L=1250,1250,0,0,-1 B=1236,1236,0,0,-16
mv R' code=0 aligned=1 homed=- ms=119.0 U=3134,3133,-1,2,1 R=50,1090,16,0,-1 F=675,674,-1,3,-7 D=3502,3503,1,2,0 L=1249,1250,1,0,-1 B=1235,1236,1,0,-16
mv R' code=0 aligned=1 homed=- ms=119.0 U=3134,3133,-1,2,1 R=1090,2100,-14,1,-2 F=675,674,-1,3,-7 D=3503,3503,0,2,0 L=1249,1250,1,0,-1 B=1235,1236,1,0,-16
mv R' code=0 aligned=1 homed=- ms=119.0 U=3134,3133,-1,2,1 R=2101,3144,19,2,-1 F=675,674,-1,3,-7 D=3503,3503,0,2,0 L=1249,1249,0,0,-2 B=1236,1236,0,0,-16
mv R' code=0 aligned=1 homed=- ms=119.0 U=3134,3133,-1,2,1 R=3144,49,-23,3,-2 F=675,674,-1,3,-7 D=3502,3502,0,2,-1 L=1249,1250,1,0,-1 B=1236,1236,0,0,-16
mv R' code=0 aligned=1 homed=- ms=119.0 U=3134,3132,-2,2,0 R=50,1090,16,0,-1 F=675,674,-1,3,-7 D=3503,3503,0,2,0 L=1249,1249,0,0,-2 B=1235,1236,1,0,-16
mv R' code=0 aligned=1 homed=- ms=119.0 U=3134,3133,-1,2,1 R=1091,2100,-15,1,-2 F=675,674,-1,3,-7 D=3503,3503,0,2,0 L=1249,1250,1,0,-1 B=1235,1236,1,0,-16
mv R' code=0 aligned=1 homed=- ms=119.0 U=3134,3133,-1,2,1 R=2101,3144,19,2,-1 F=675,674,-1,3,-7 D=3503,3503,0,2,0 L=1249,1250,1,0,-1 B=1235,1236,1,0,-16
mv R' code=0 aligned=1 homed=- ms=119.0 U=3134,3133,-1,2,1 R=3144,49,-23,3,-2 F=675,674,-1,3,-7 D=3503,3503,0,2,0 L=1249,1250,1,0,-1 B=1235,1236,1,0,-16
mv R' code=0 aligned=1 homed=- ms=119.0 U=3134,3133,-1,2,1 R=50,1090,16,0,-1 F=675,674,-1,3,-7 D=3503,3503,0,2,0 L=1249,1250,1,0,-1 B=1235,1236,1,0,-16
mv R' code=0 aligned=1 homed=- ms=119.0 U=3134,3132,-2,2,0 R=1090,2100,-14,1,-2 F=675,674,-1,3,-7 D=3503,3503,0,2,0 L=1249,1250,1,0,-1 B=1236,1235,-1,0,-17
mv R' code=0 aligned=1 homed=- ms=119.0 U=3134,3133,-1,2,1 R=2101,3144,19,2,-1 F=675,674,-1,3,-7 D=3503,3503,0,2,0 L=1249,1250,1,0,-1 B=1235,1236,1,0,-16
mv R' code=0 aligned=1 homed=- ms=119.0 U=3134,3133,-1,2,1 R=3144,49,-23,3,-2 F=675,674,-1,3,-7 D=3503,3503,0,2,0 L=1250,1250,0,0,-1 B=1235,1236,1,0,-16
mv R' code=0 aligned=1 homed=- ms=119.0 U=3134,3133,-1,2,1 R=50,1090,16,0,-1 F=675,674,-1,3,-7 D=3503,3503,0,2,0 L=1249,1249,0,0,-2 B=1235,1236,1,0,-16
rep moves=200 notaligned=0 homings=0 failures=0 avgms=119.0
res U=- R=200,-0.7,18.5,24 F=- D=- L=- B=-
ok
> health
health U=1,1,0/128/687 R=1,1,0/128/1633 F=1,1,0/128/1803 D=1,1,0/128/1586 L=1,1,0/128/686 B=1,1,0/128/1298 RING=1,1,0/128/1622
ok
> home
[align] motor 0 err=2 counts (0.2 steps)
[align] motor 1 err=-1 counts (-0.1 steps)
[align] motor 2 err=-6 counts (-0.6 steps)
[align] motor 3 err=0 counts (0.0 steps)
[align] motor 4 err=-3 counts (-0.3 steps)
[align] motor 5 err=-18 counts (-1.8 steps)
home code=0 ms=6 en=0
enc U=3133 R=1090 F=674 D=3503 L=1250 B=1235 RING=2768
near U=2:1 R=0:-1 F=3:-7 D=2:0 L=0:-1 B=0:-17
ok
> enc
enc U=3134 R=1091 F=675 D=3502 L=1249 B=1235 RING=2768
near U=2:2 R=0:0 F=3:-6 D=2:-1 L=0:-2 B=0:-17
ok
> rep 50 R2 R2
mv R2 code=0 aligned=1 homed=- ms=219.0 U=3134,3133,-1,2,1 R=1091,3144,5,2,-1 F=675,674,-1,3,-7 D=3502,3502,0,2,-1 L=1249,1250,1,0,-1 B=1235,1236,1,0,-16
mv R2 code=0 aligned=1 homed=- ms=219.0 U=3134,3133,-1,2,1 R=3145,1090,-7,0,-1 F=675,674,-1,3,-7 D=3503,3503,0,2,0 L=1249,1249,0,0,-2 B=1236,1235,-1,0,-17
mv R2 code=0 aligned=1 homed=- ms=219.0 U=3134,3133,-1,2,1 R=1091,3144,5,2,-1 F=675,674,-1,3,-7 D=3503,3503,0,2,0 L=1249,1250,1,0,-1 B=1235,1236,1,0,-16
mv R2 code=0 aligned=1 homed=- ms=219.0 U=3134,3132,-2,2,0 R=3145,1090,-7,0,-1 F=675,674,-1,3,-7 D=3502,3503,1,2,0 L=1249,1250,1,0,-1 B=1235,1236,1,0,-16
mv R2 code=0 aligned=1 homed=- ms=219.0 U=3134,3133,-1,2,1 R=1092,3144,4,2,-1 F=675,674,-1,3,-7 D=3503,3503,0,2,0 L=1249,1250,1,0,-1 B=1236,1236,0,0,-16
mv R2 code=0 aligned=1 homed=- ms=219.0 U=3134,3133,-1,2,1 R=3145,1090,-7,0,-1 F=675,674,-1,3,-7 D=3503,3502,-1,2,-1 L=1249,1250,1,0,-1 B=1236,1236,0,0,-16
mv R2 code=0 aligned=1 homed=- ms=219.0 U=3134,3133,-1,2,1 R=1091,3143,4,2,-2 F=675,674,-1,3,-7 D=3503,3502,-1,2,-1 L=1249,1250,1,0,-1 B=1236,1236,0,0,-16
mv R2 code=0 aligned=1 homed=- ms=219.0 U=3135,3133,-2,2,1 R=3145,1090,-7,0,-1 F=675,674,-1,3,-7 D=3503,3503,0,2,0 L=1249,1250,1,0,-1 B=1235,1236,1,0,-16
mv R2 code=0 aligned=1 homed=- ms=219.0 U=3134,3133,-1,2,1 R=1092,3144,4,2,-1 F=675,674,-1,3,-7 D=3503,3503,0,2,0 L=1249,1250,1,0,-1 B=1235,1236,1,0,-16
mv R2 code=0 aligned=1 homed=- ms=219.0 U=3134,3132,-2,2,0 R=3145,1090,-7,0,-1 F=675,674,-1,3,-7 D=3503,3503,0,2,0 L=1249,1250,1,0,-1 B=1235,1236,1,0,-16
mv R2 code=0 aligned=1 homed=- ms=219.0 U=3134,3133,-1,2,1 R=1091,3144,5,2,-1 F=675,674,-1,3,-7 D=3503,3502,-1,2,-1 L=1249,1250,1,0,-1 B=1235,1236,1,0,-16
mv R2 code=0 aligned=1 homed=- ms=219.0 U=3134,3133,-1,2,1 R=3145,1090,-7,0,-1 F=675,674,-1,3,-7 D=3502,3503,1,2,0 L=1249,1249,0,0,-2 B=1235,1235,0,0,-17
mv R2 code=0 aligned=1 homed=- ms=219.0 U=3134,3133,-1,2,1 R=1091,3144,5,2,-1 F=675,674,-1,3,-7 D=3503,3503,0,2,0 L=1249,1250,1,0,-1 B=1236,1236,0,0,-16
mv R2 code=0 aligned=1 homed=- ms=219.0 U=3134,3133,-1,2,1 R=3145,1090,-7,0,-1 F=675,674,-1,3,-7 D=3502,3503,1,2,0 L=1249,1250,1,0,-1 B=1236,1235,-1,0,-17
mv R2 code=0 aligned=1 homed=- ms=219.0 U=3134,3133,-1,2,1 R=1091,3143,4,2,-2 F=675,674,-1,3,-7 D=3503,3502,-1,2,-1 L=1249,1250,1,0,-1 B=1236,1235,-1,0,-17
mv R2 code=0 aligned=1 homed=- ms=219.0 U=3134,3132,-2,2,0 R=3145,1090,-7,0,-1 F=675,674,-1,3,-7 D=3503,3503,0,2,0 L=1249,1250,1,0,-1 B=1236,1236,0,0,-16
mv R2 code=0 aligned=1 homed=- ms=219.0 U=3134,3133,-1,2,1 R=1092,3144,4,2,-1 F=675,674,-1,3,-7 D=3503,3503,0,2,0 L=1249,1249,0,0,-2 B=1236,1236,0,0,-16
mv R2 code=0 aligned=1 homed=- ms=219.0 U=3134,3133,-1,2,1 R=3145,1090,-7,0,-1 F=675,674,-1,3,-7 D=3503,3503,0,2,0 L=1249,1250,1,0,-1 B=1235,1236,1,0,-16
mv R2 code=0 aligned=1 homed=- ms=219.0 U=3134,3132,-2,2,0 R=1092,3144,4,2,-1 F=675,674,-1,3,-7 D=3503,3502,-1,2,-1 L=1249,1250,1,0,-1 B=1236,1235,-1,0,-17
mv R2 code=0 aligned=1 homed=- ms=219.0 U=3134,3133,-1,2,1 R=3145,1090,-7,0,-1 F=675,674,-1,3,-7 D=3503,3503,0,2,0 L=1250,1250,0,0,-1 B=1235,1236,1,0,-16
mv R2 code=0 aligned=1 homed=- ms=219.0 U=3134,3133,-1,2,1 R=1092,3144,4,2,-1 F=675,674,-1,3,-7 D=3503,3503,0,2,0 L=1249,1250,1,0,-1 B=1236,1236,0,0,-16
mv R2 code=0 aligned=1 homed=- ms=219.0 U=3134,3133,-1,2,1 R=3145,1090,-7,0,-1 F=675,674,-1,3,-7 D=3503,3503,0,2,0 L=1249,1250,1,0,-1 B=1236,1235,-1,0,-17
mv R2 code=0 aligned=1 homed=- ms=219.0 U=3134,3133,-1,2,1 R=1091,3144,5,2,-1 F=675,674,-1,3,-7 D=3503,3503,0,2,0 L=1249,1250,1,0,-1 B=1236,1235,-1,0,-17
mv R2 code=0 aligned=1 homed=- ms=219.0 U=3134,3133,-1,2,1 R=3145,1090,-7,0,-1 F=675,674,-1,3,-7 D=3503,3503,0,2,0 L=1249,1250,1,0,-1 B=1236,1235,-1,0,-17
mv R2 code=0 aligned=1 homed=- ms=219.0 U=3134,3133,-1,2,1 R=1092,3144,4,2,-1 F=675,674,-1,3,-7 D=3503,3503,0,2,0 L=1250,1249,-1,0,-2 B=1236,1236,0,0,-16
mv R2 code=0 aligned=1 homed=- ms=219.0 U=3134,3133,-1,2,1 R=3145,1090,-7,0,-1 F=675,674,-1,3,-7 D=3503,3502,-1,2,-1 L=1249,1250,1,0,-1 B=1235,1236,1,0,-16
mv R2 code=0 aligned=1 homed=- ms=219.0 U=3134,3133,-1,2,1 R=1091,3144,5,2,-1 F=675,674,-1,3,-7 D=3503,3503,0,2,0 L=1249,1250,1,0,-1 B=1236,1236,0,0,-16
mv R2 code=0 aligned=1 homed=- ms=219.0 U=3134,3133,-1,2,1 R=3145,1090,-7,0,-1 F=675,674,-1,3,-7 D=3503,3503,0,2,0 L=1249,1249,0,0,-2 B=1235,1235,0,0,-17
mv R2 code=0 aligned=1 homed=- ms=219.0 U=3134,3133,-1,2,1 R=1092,3144,4,2,-1 F=675,674,-1,3,-7 D=3503,3503,0,2,0 L=1250,1250,0,0,-1 B=1235,1236,1,0,-16
mv R2 code=0 aligned=1 homed=- ms=219.0 U=3134,3133,-1,2,1 R=3145,1090,-7,0,-1 F=675,674,-1,3,-7 D=3503,3502,-1,2,-1 L=1249,1250,1,0,-1 B=1236,1236,0,0,-16
mv R2 code=0 aligned=1 homed=- ms=219.0 U=3134,3133,-1,2,1 R=1092,3144,4,2,-1 F=675,674,-1,3,-7 D=3503,3503,0,2,0 L=1249,1250,1,0,-1 B=1236,1235,-1,0,-17
mv R2 code=0 aligned=1 homed=- ms=219.0 U=3134,3133,-1,2,1 R=3145,1090,-7,0,-1 F=675,674,-1,3,-7 D=3503,3503,0,2,0 L=1250,1250,0,0,-1 B=1235,1236,1,0,-16
mv R2 code=0 aligned=1 homed=- ms=219.0 U=3134,3133,-1,2,1 R=1091,3144,5,2,-1 F=675,674,-1,3,-7 D=3503,3503,0,2,0 L=1249,1250,1,0,-1 B=1235,1235,0,0,-17
mv R2 code=0 aligned=1 homed=- ms=219.0 U=3134,3133,-1,2,1 R=3145,1090,-7,0,-1 F=675,674,-1,3,-7 D=3503,3502,-1,2,-1 L=1249,1250,1,0,-1 B=1236,1236,0,0,-16
mv R2 code=0 aligned=1 homed=- ms=219.0 U=3134,3132,-2,2,0 R=1092,3144,4,2,-1 F=675,674,-1,3,-7 D=3503,3503,0,2,0 L=1249,1249,0,0,-2 B=1236,1236,0,0,-16
mv R2 code=0 aligned=1 homed=- ms=219.0 U=3134,3133,-1,2,1 R=3145,1090,-7,0,-1 F=675,674,-1,3,-7 D=3503,3503,0,2,0 L=1250,1250,0,0,-1 B=1236,1235,-1,0,-17
mv R2 code=0 aligned=1 homed=- ms=219.0 U=3134,3133,-1,2,1 R=1091,3143,4,2,-2 F=675,673,-2,3,-8 D=3503,3502,-1,2,-1 L=1250,1250,0,0,-1 B=1235,1236,1,0,-16
mv R2 code=0 aligned=1 homed=- ms=219.0 U=3134,3132,-2,2,0 R=3145,1090,-7,0,-1 F=675,674,-1,3,-7 D=3503,3503,0,2,0 L=1249,1250,1,0,-1 B=1236,1236,0,0,-16
mv R2 code=0 aligned=1 homed=- ms=219.0 U=3134,3133,-1,2,1 R=1091,3144,5,2,-1 F=675,674,-1,3,-7 D=3503,3503,0,2,0 L=1249,1250,1,0,-1 B=1236,1236,0,0,-16
mv R2 code=0 aligned=1 homed=- ms=219.0 U=3134,3133,-1,2,1 R=3145,1090,-7,0,-1 F=675,674,-1,3,-7 D=3503,3503,0,2,0 L=1249,1250,1,0,-1 B=1235,1236,1,0,-16
mv R2 code=0 aligned=1 homed=- ms=219.0 U=3134,3133,-1,2,1 R=1091,3144,5,2,-1 F=675,674,-1,3,-7 D=3503,3503,0,2,0 L=1249,1250,1,0,-1 B=1235,1236,1,0,-16
mv R2 code=0 aligned=1 homed=- ms=219.0 U=3134,3133,-1,2,1 R=3145,1090,-7,0,-1 F=675,674,-1,3,-7 D=3503,3502,-1,2,-1 L=1249,1250,1,0,-1 B=1236,1236,0,0,-16
mv R2 code=0 aligned=1 homed=- ms=219.0 U=3134,3133,-1,2,1 R=1091,3144,5,2,-1 F=675,674,-1,3,-7 D=3503,3503,0,2,0 L=1249,1250,1,0,-1 B=1236,1236,0,0,-16
mv R2 code=0 aligned=1 homed=- ms=219.0 U=3134,3133,-1,2,1 R=3145,1090,-7,0,-1 F=675,674,-1,3,-7 D=3502,3503,1,2,0 L=1249,1250,1,0,-1 B=1235,1236,1,0,-16
mv R2 code=0 aligned=1 homed=- ms=219.0 U=3134,3133,-1,2,1 R=1092,3144,4,2,-1 F=675,674,-1,3,-7 D=3503,3503,0,2,0 L=1249,1250,1,0,-1 B=1236,1236,0,0,-16
mv R2 code=0 aligned=1 homed=- ms=219.0 U=3134,3133,-1,2,1 R=3145,1090,-7,0,-1 F=675,674,-1,3,-7 D=3502,3502,0,2,-1 L=1249,1249,0,0,-2 B=1235,1236,1,0,-16
mv R2 code=0 aligned=1 homed=- ms=219.0 U=3135,3132,-3,2,0 R=1092,3144,4,2,-1 F=675,674,-1,3,-7 D=3503,3503,0,2,0 L=1249,1250,1,0,-1 B=1235,1236,1,0,-16
mv R2 code=0 aligned=1 homed=- ms=219.0 U=3134,3133,-1,2,1 R=3145,1090,-7,0,-1 F=675,674,-1,3,-7 D=3503,3503,0,2,0 L=1249,1249,0,0,-2 B=1235,1236,1,0,-16
mv R2 code=0 aligned=1 homed=- ms=219.0 U=3135,3133,-2,2,1 R=1091,3144,5,2,-1 F=675,674,-1,3,-7 D=3503,3503,0,2,0 L=1249,1250,1,0,-1 B=1235,1236,1,0,-16
mv R2 code=0 aligned=1 homed=- ms=219.0 U=3134,3133,-1,2,1 R=3145,1090,-7,0,-1 F=675,674,-1,3,-7 D=3503,3502,-1,2,-1 L=1249,1250,1,0,-1 B=1236,1236,0,0,-16
mv R2 code=0 aligned=1 homed=- ms=219.0 U=3134,3133,-1,2,1 R=1091,3144,5,2,-1 F=675,674,-1,3,-7 D=3503,3502,-1,2,-1 L=1249,1249,0,0,-2 B=1236,1236,0,0,-16
mv R2 code=0 aligned=1 homed=- ms=219.0 U=3134,3133,-1,2,1 R=3145,1090,-7,0,-1 F=675,674,-1,3,-7 D=3503,3503,0,2,0 L=1249,1250,1,0,-1 B=1236,1235,-1,0,-17
mv R2 code=0 aligned=1 homed=- ms=219.0 U=3134,3133,-1,2,1 R=1091,3144,5,2,-1 F=675,674,-1,3,-7 D=3503,3503,0,2,0 L=1249,1249,0,0,-2 B=1236,1236,0,0,-16
mv R2 code=0 aligned=1 homed=- ms=219.0 U=3134,3133,-1,2,1 R=3145,1090,-7,0,-1 F=675,674,-1,3,-7 D=3503,3503,0,2,0 L=1249,1249,0,0,-2 B=1236,1235,-1,0,-17
mv R2 code=0 aligned=1 homed=- ms=219.0 U=3134,3133,-1,2,1 R=1092,3144,4,2,-1 F=675,674,-1,3,-7 D=3503,3502,-1,2,-1 L=1249,1250,1,0,-1 B=1236,1235,-1,0,-17
mv R2 code=0 aligned=1 homed=- ms=219.0 U=3134,3133,-1,2,1 R=3145,1090,-7,0,-1 F=675,674,-1,3,-7 D=3503,3502,-1,2,-1 L=1249,1250,1,0,-1 B=1235,1235,0,0,-17
mv R2 code=0 aligned=1 homed=- ms=219.0 U=3134,3133,-1,2,1 R=1092,3144,4,2,-1 F=675,674,-1,3,-7 D=3503,3503,0,2,0 L=1249,1249,0,0,-2 B=1236,1235,-1,0,-17
mv R2 code=0 aligned=1 homed=- ms=219.0 U=3134,3133,-1,2,1 R=3145,1090,-7,0,-1 F=675,674,-1,3,-7 D=3503,3503,0,2,0 L=1249,1250,1,0,-1 B=1235,1236,1,0,-16
mv R2 code=0 aligned=1 homed=- ms=219.0 U=3134,3133,-1,2,1 R=1091,3143,4,2,-2 F=675,674,-1,3,-7 D=3503,3502,-1,2,-1 L=1249,1250,1,0,-1 B=1236,1235,-1,0,-17
mv R2 code=0 aligned=1 homed=- ms=219.0 U=3135,3133,-2,2,1 R=3145,1090,-7,0,-1 F=675,674,-1,3,-7 D=3503,3503,0,2,0 L=1249,1250,1,0,-1 B=1236,1236,0,0,-16
mv R2 code=0 aligned=1 homed=- ms=219.0 U=3134,3132,-2,2,0 R=1092,3144,4,2,-1 F=675,674,-1,3,-7 D=3503,3502,-1,2,-1 L=1249,1250,1,0,-1 B=1235,1236,1,0,-16
mv R2 code=0 aligned=1 homed=- ms=219.0 U=3134,3133,-1,2,1 R=3145,1090,-7,0,-1 F=675,674,-1,3,-7 D=3503,3502,-1,2,-1 L=1249,1250,1,0,-1 B=1236,1235,-1,0,-17
mv R2 code=0 aligned=1 homed=- ms=219.0 U=3134,3133,-1,2,1 R=1091,3144,5,2,-1 F=675,674,-1,3,-7 D=3503,3502,-1,2,-1 L=1249,1250,1,0,-1 B=1236,1236,0,0,-16
mv R2 code=0 aligned=1 homed=- ms=219.0 U=3134,3133,-1,2,1 R=3145,1090,-7,0,-1 F=675,674,-1,3,-7 D=3503,3503,0,2,0 L=1249,1250,1,0,-1 B=1236,1236,0,0,-16
mv R2 code=0 aligned=1 homed=- ms=219.0 U=3134,3133,-1,2,1 R=1092,3144,4,2,-1 F=675,674,-1,3,-7 D=3503,3503,0,2,0 L=1249,1250,1,0,-1 B=1235,1235,0,0,-17
mv R2 code=0 aligned=1 homed=- ms=219.0 U=3134,3133,-1,2,1 R=3145,1090,-7,0,-1 F=675,674,-1,3,-7 D=3503,3503,0,2,0 L=1249,1250,1,0,-1 B=1236,1235,-1,0,-17
mv R2 code=0 aligned=1 homed=- ms=219.0 U=3134,3133,-1,2,1 R=1091,3144,5,2,-1 F=675,674,-1,3,-7 D=3503,3503,0,2,0 L=1249,1250,1,0,-1 B=1235,1236,1,0,-16
mv R2 code=0 aligned=1 homed=- ms=219.0 U=3135,3133,-2,2,1 R=3145,1090,-7,0,-1 F=675,674,-1,3,-7 D=3503,3503,0,2,0 L=1250,1250,0,0,-1 B=1235,1236,1,0,-16
mv R2 code=0 aligned=1 homed=- ms=219.0 U=3134,3133,-1,2,1 R=1092,3144,4,2,-1 F=675,673,-2,3,-8 D=3503,3502,-1,2,-1 L=1249,1250,1,0,-1 B=1236,1236,0,0,-16
mv R2 code=0 aligned=1 homed=- ms=219.0 U=3134,3133,-1,2,1 R=3145,1089,-8,0,-2 F=675,674,-1,3,-7 D=3503,3503,0,2,0 L=1249,1250,1,0,-1 B=1236,1236,0,0,-16
mv R2 code=0 aligned=1 homed=- ms=219.0 U=3134,3133,-1,2,1 R=1092,3144,4,2,-1 F=675,674,-1,3,-7 D=3503,3502,-1,2,-1 L=1249,1250,1,0,-1 B=1236,1235,-1,0,-17
mv R2 code=0 aligned=1 homed=- ms=219.0 U=3134,3133,-1,2,1 R=3145,1090,-7,0,-1 F=675,674,-1,3,-7 D=3503,3502,-1,2,-1 L=1250,1250,0,0,-1 B=1235,1235,0,0,-17
mv R2 code=0 aligned=1 homed=- ms=219.0 U=3134,3133,-1,2,1 R=1092,3144,4,2,-1 F=675,674,-1,3,-7 D=3503,3503,0,2,0 L=1249,1250,1,0,-1 B=1235,1235,0,0,-17
mv R2 code=0 aligned=1 homed=- ms=219.0 U=3134,3132,-2,2,0 R=3145,1090,-7,0,-1 F=675,674,-1,3,-7 D=3503,3503,0,2,0 L=1249,1250,1,0,-1 B=1235,1236,1,0,-16
mv R2 code=0 aligned=1 homed=- ms=219.0 U=3134,3133,-1,2,1 R=1092,3143,3,2,-2 F=675,674,-1,3,-7 D=3502,3502,0,2,-1 L=1249,1250,1,0,-1 B=1235,1236,1,0,-16
mv R2 code=0 aligned=1 homed=- ms=219.0 U=3134,3133,-1,2,1 R=3145,1090,-7,0,-1 F=675,674,-1,3,-7 D=3503,3503,0,2,0 L=1249,1250,1,0,-1 B=1235,1236,1,0,-16
mv R2 code=0 aligned=1 homed=- ms=219.0 U=3134,3133,-1,2,1 R=1092,3144,4,2,-1 F=675,674,-1,3,-7 D=3503,3503,0,2,0 L=1250,1250,0,0,-1 B=1235,1235,0,0,-17
mv R2 code=0 aligned=1 homed=- ms=219.0 U=3134,3133,-1,2,1 R=3145,1090,-7,0,-1 F=675,674,-1,3,-7 D=3502,3503,1,2,0 L=1249,1250,1,0,-1 B=1235,1236,1,0,-16
mv R2 code=0 aligned=1 homed=- ms=219.0 U=3134,3133,-1,2,1 R=1092,3144,4,2,-1 F=675,674,-1,3,-7 D=3503,3503,0,2,0 L=1249,1250,1,0,-1 B=1236,1236,0,0,-16
mv R2 code=0 aligned=1 homed=- ms=219.0 U=3134,3133,-1,2,1 R=3145,1090,-7,0,-1 F=675,674,-1,3,-7 D=3503,3503,0,2,0 L=1249,1250,1,0,-1 B=1235,1236,1,0,-16
mv R2 code=0 aligned=1 homed=- ms=219.0 U=3134,3133,-1,2,1 R=1092,3144,4,2,-1 F=675,674,-1,3,-7 D=3503,3502,-1,2,-1 L=1250,1249,-1,0,-2 B=1235,1235,0,0,-17
mv R2 code=0 aligned=1 homed=- ms=219.0 U=3134,3133,-1,2,1 R=3145,1090,-7,0,-1 F=675,674,-1,3,-7 D=3503,3503,0,2,0 L=1249,1250,1,0,-1 B=1235,1236,1,0,-16
mv R2 code=0 aligned=1 homed=- ms=219.0 U=3134,3133,-1,2,1 R=1091,3143,4,2,-2 F=675,674,-1,3,-7 D=3503,3503,0,2,0 L=1249,1250,1,0,-1 B=1235,1236,1,0,-16
mv R2 code=0 aligned=1 homed=- ms=219.0 U=3134,3132,-2,2,0 R=3145,1090,-7,0,-1 F=675,674,-1,3,-7 D=3503,3502,-1,2,-1 L=1249,1250,1,0,-1 B=1236,1235,-1,0,-17
mv R2 code=0 aligned=1 homed=- ms=219.0 U=3134,3133,-1,2,1 R=1092,3143,3,2,-2 F=675,674,-1,3,-7 D=3503,3502,-1,2,-1 L=1249,1250,1,0,-1 B=1235,1236,1,0,-16
mv R2 code=0 aligned=1 homed=- ms=219.0 U=3134,3133,-1,2,1 R=3145,1090,-7,0,-1 F=675,673,-2,3,-8 D=3503,3503,0,2,0 L=1249,1250,1,0,-1 B=1236,1235,-1,0,-17
mv R2 code=0 aligned=1 homed=- ms=219.0 U=3134,3133,-1,2,1 R=1091,3144,5,2,-1 F=675,674,-1,3,-7 D=3503,3502,-1,2,-1 L=1250,1250,0,0,-1 B=1235,1235,0,0,-17
mv R2 code=0 aligned=1 homed=- ms=219.0 U=3134,3133,-1,2,1 R=3145,1090,-7,0,-1 F=675,674,-1,3,-7 D=3503,3502,-1,2,-1 L=1249,1250,1,0,-1 B=1235,1236,1,0,-16
mv R2 code=0 aligned=1 homed=- ms=219.0 U=3134,3133,-1,2,1 R=1091,3143,4,2,-2 F=675,674,-1,3,-7 D=3503,3502,-1,2,-1 L=1249,1249,0,0,-2 B=1235,1236,1,0,-16
mv R2 code=0 aligned=1 homed=- ms=219.0 U=3134,3133,-1,2,1 R=3145,1090,-7,0,-1 F=675,674,-1,3,-7 D=3503,3502,-1,2,-1 L=1249,1250,1,0,-1 B=1235,1236,1,0,-16
mv R2 code=0 aligned=1 homed=- ms=219.0 U=3134,3133,-1,2,1 R=1092,3144,4,2,-1 F=675,674,-1,3,-7 D=3503,3503,0,2,0 L=1249,1250,1,0,-1 B=1236,1236,0,0,-16
mv R2 code=0 aligned=1 homed=- ms=219.0 U=3134,3132,-2,2,0 R=3145,1090,-7,0,-1 F=675,674,-1,3,-7 D=3503,3503,0,2,0 L=1250,1250,0,0,-1 B=1236,1236,0,0,-16
mv R2 code=0 aligned=1 homed=- ms=219.0 U=3134,3133,-1,2,1 R=1092,3144,4,2,-1 F=675,674,-1,3,-7 D=3503,3503,0,2,0 L=1249,1250,1,0,-1 B=1236,1235,-1,0,-17
mv R2 code=0 aligned=1 homed=- ms=219.0 U=3134,3133,-1,2,1 R=3145,1090,-7,0,-1 F=675,674,-1,3,-7 D=3503,3503,0,2,0 L=1249,1249,0,0,-2 B=1235,1235,0,0,-17
mv R2 code=0 aligned=1 homed=- ms=219.0 U=3134,3133,-1,2,1 R=1092,3143,3,2,-2 F=675,674,-1,3,-7 D=3503,3503,0,2,0 L=1249,1250,1,0,-1 B=1236,1235,-1,0,-17
mv R2 code=0 aligned=1 homed=- ms=219.0 U=3134,3133,-1,2,1 R=3145,1090,-7,0,-1 F=675,674,-1,3,-7 D=3503,3503,0,2,0 L=1249,1250,1,0,-1 B=1236,1236,0,0,-16
mv R2 code=0 aligned=1 homed=- ms=219.0 U=3134,3133,-1,2,1 R=1092,3143,3,2,-2 F=675,674,-1,3,-7 D=3503,3503,0,2,0 L=1250,1250,0,0,-1 B=1236,1236,0,0,-16
mv R2 code=0 aligned=1 homed=- ms=219.0 U=3134,3132,-2,2,0 R=3145,1090,-7,0,-1 F=675,674,-1,3,-7 D=3503,3503,0,2,0 L=1249,1250,1,0,-1 B=1235,1236,1,0,-16
mv R2 code=0 aligned=1 homed=- ms=219.0 U=3134,3133,-1,2,1 R=1092,3144,4,2,-1 F=675,674,-1,3,-7 D=3503,3503,0,2,0 L=1249,1250,1,0,-1 B=1235,1236,1,0,-16
mv R2 code=0 aligned=1 homed=- ms=219.0 U=3134,3133,-1,2,1 R=3145,1090,-7,0,-1 F=675,674,-1,3,-7 D=3503,3503,0,2,0 L=1249,1250,1,0,-1 B=1235,1235,0,0,-17
rep moves=100 notaligned=0 homings=0 failures=0 avgms=219.0
res U=- R=100,-1.4,5.8,8 F=- D=- L=- B=-
ok
> rep 75 R R' R' R
mv R code=0 aligned=1 homed=- ms=119.0 U=3134,3132,-2,2,0 R=1091,48,-19,3,-3 F=675,674,-1,3,-7 D=3502,3503,1,2,0 L=1249,1250,1,0,-1 B=1235,1236,1,0,-16
mv R' code=0 aligned=1 homed=- ms=119.0 U=3134,3133,-1,2,1 R=51,1090,15,0,-1 F=675,674,-1,3,-7 D=3503,3503,0,2,0 L=1249,1250,1,0,-1 B=1236,1236,0,0,-16
mv R' code=0 aligned=1 homed=- ms=119.0 U=3134,3133,-1,2,1 R=1091,2100,-15,1,-2 F=675,674,-1,3,-7 D=3503,3503,0,2,0 L=1250,1250,0,0,-1 B=1235,1236,1,0,-16
mv R code=0 aligned=1 homed=- ms=119.0 U=3134,3133,-1,2,1 R=2101,1090,13,0,-1 F=675,674,-1,3,-7 D=3503,3503,0,2,0 L=1249,1250,1,0,-1 B=1235,1236,1,0,-16
mv R code=0 aligned=1 homed=- ms=119.0 U=3135,3132,-3,2,0 R=1092,48,-20,3,-3 F=675,674,-1,3,-7 D=3503,3503,0,2,0 L=1249,1250,1,0,-1 B=1236,1236,0,0,-16
mv R' code=0 aligned=1 homed=- ms=119.0 U=3134,3133,-1,2,1 R=51,1090,15,0,-1 F=675,674,-1,3,-7 D=3503,3503,0,2,0 L=1249,1250,1,0,-1 B=1235,1235,0,0,-17
mv R' code=0 aligned=1 homed=- ms=119.0 U=3134,3133,-1,2,1 R=1091,2100,-15,1,-2 F=675,674,-1,3,-7 D=3503,3502,-1,2,-1 L=1249,1250,1,0,-1 B=1235,1236,1,0,-16
mv R code=0 aligned=1 homed=- ms=119.0 U=3134,3132,-2,2,0 R=2101,1090,13,0,-1 F=675,674,-1,3,-7 D=3503,3503,0,2,0 L=1249,1250,1,0,-1 B=1235,1236,1,0,-16
mv R code=0 aligned=1 homed=- ms=119.0 U=3134,3133,-1,2,1 R=1092,48,-20,3,-3 F=675,674,-1,3,-7 D=3503,3503,0,2,0 L=1249,1250,1,0,-1 B=1235,1236,1,0,-16
mv R' code=0 aligned=1 homed=- ms=119.0 U=3134,3132,-2,2,0 R=51,1090,15,0,-1 F=675,674,-1,3,-7 D=3503,3503,0,2,0 L=1249,1250,1,0,-1 B=1235,1236,1,0,-16
mv R' code=0 aligned=1 homed=- ms=119.0 U=3134,3132,-2,2,0 R=1091,2100,-15,1,-2 F=675,674,-1,3,-7 D=3503,3503,0,2,0 L=1249,1250,1,0,-1 B=1235,1236,1,0,-16
mv R code=0 aligned=1 homed=- ms=119.0 U=3134,3133,-1,2,1 R=2101,1090,13,0,-1 F=675,674,-1,3,-7 D=3503,3503,0,2,0 L=1249,1250,1,0,-1 B=1235,1236,1,0,-16
mv R code=0 aligned=1 homed=- ms=119.0 U=3134,3133,-1,2,1 R=1092,48,-20,3,-3 F=675,674,-1,3,-7 D=3503,3502,-1,2,-1 L=1249,1249,0,0,-2 B=1235,1236,1,0,-16
mv R' code=0 aligned=1 homed=- ms=119.0 U=3134,3133,-1,2,1 R=51,1090,15,0,-1 F=675,674,-1,3,-7 D=3503,3502,-1,2,-1 L=1250,1250,0,0,-1 B=1236,1236,0,0,-16
mv R' code=0 aligned=1 homed=- ms=119.0 U=3134,3133,-1,2,1 R=1091,2100,-15,1,-2 F=675,674,-1,3,-7 D=3503,3503,0,2,0 L=1249,1250,1,0,-1 B=1235,1235,0,0,-17
mv R code=0 aligned=1 homed=- ms=119.0 U=3134,3133,-1,2,1 R=2101,1090,13,0,-1 F=675,674,-1,3,-7 D=3503,3503,0,2,0 L=1250,1250,0,0,-1 B=1235,1236,1,0,-16
mv R code=0 aligned=1 homed=- ms=119.0 U=3134,3133,-1,2,1 R=1092,48,-20,3,-3 F=675,674,-1,3,-7 D=3503,3503,0,2,0 L=1249,1250,1,0,-1 B=1235,1236,1,0,-16
mv R' code=0 aligned=1 homed=- ms=119.0 U=3134,3133,-1,2,1 R=51,1090,15,0,-1 F=675,674,-1,3,-7 D=3503,3503,0,2,0 L=1250,1250,0,0,-1 B=1235,1236,1,0,-16
mv R' code=0 aligned=1 homed=- ms=119.0 U=3134,3133,-1,2,1 R=1090,2100,-14,1,-2 F=675,674,-1,3,-7 D=3503,3502,-1,2,-1 L=1250,1250,0,0,-1 B=1235,1235,0,0,-17
mv R code=0 aligned=1 homed=- ms=119.0 U=3134,3133,-1,2,1 R=2101,1090,13,0,-1 F=675,674,-1,3,-7 D=3503,3503,0,2,0 L=1249,1250,1,0,-1 B=1236,1236,0,0,-16
mv R code=0 aligned=1 homed=- ms=119.0 U=3134,3133,-1,2,1 R=1092,48,-20,3,-3 F=675,674,-1,3,-7 D=3503,3503,0,2,0 L=1249,1250,1,0,-1 B=1235,1236,1,0,-16
mv R' code=0 aligned=1 homed=- ms=119.0 U=3134,3133,-1,2,1 R=51,1090,15,0,-1 F=675,674,-1,3,-7 D=3503,3503,0,2,0 L=1250,1250,0,0,-1 B=1236,1236,0,0,-16
mv R' code=0 aligned=1 homed=- ms=119.0 U=3134,3133,-1,2,1 R=1091,2100,-15,1,-2 F=675,674,-1,3,-7 D=3503,3502,-1,2,-1 L=1249,1250,1,0,-1 B=1236,1235,-1,0,-17
mv R code=0 aligned=1 homed=- ms=119.0 U=3134,3133,-1,2,1 R=2101,1090,13,0,-1 F=675,674,-1,3,-7 D=3503,3503,0,2,0 L=1249,1250,1,0,-1 B=1236,1236,0,0,-16
mv R code=0 aligned=1 homed=- ms=119.0 U=3134,3133,-1,2,1 R=1092,48,-20,3,-3 F=675,674,-1,3,-7 D=3503,3503,0,2,0 L=1249,1250,1,0,-1 B=1235,1235,0,0,-17
mv R' code=0 aligned=1 homed=- ms=119.0 U=3134,3132,-2,2,0 R=52,1090,14,0,-1 F=675,674,-1,3,-7 D=3503,3503,0,2,0 L=1249,1250,1,0,-1 B=1236,1236,0,0,-16
mv R' code=0 aligned=1 homed=- ms=119.0 U=3134,3133,-1,2,1 R=1091,2100,-15,1,-2 F=675,674,-1,3,-7 D=3503,3502,-1,2,-1 L=1249,1250,1,0,-1 B=1235,1235,0,0,-17
mv R code=0 aligned=1 homed=- ms=119.0 U=3134,3133,-1,2,1 R=2101,1090,13,0,-1 F=675,674,-1,3,-7 D=3503,3502,-1,2,-1 L=1249,1250,1,0,-1 B=1235,1236,1,0,-16
mv R code=0 aligned=1 homed=- ms=119.0 U=3134,3133,-1,2,1 R=1092,48,-20,3,-3 F=675,674,-1,3,-7 D=3502,3503,1,2,0 L=1249,1250,1,0,-1 B=1235,1236,1,0,-16
mv R' code=0 aligned=1 homed=- ms=119.0 U=3134,3133,-1,2,1 R=51,1090,15,0,-1 F=675,674,-1,3,-7 D=3503,3503,0,2,0 L=1250,1250,0,0,-1 B=1235,1236,1,0,-16
mv R' code=0 aligned=1 homed=- ms=119.0 U=3134,3133,-1,2,1 R=1091,2100,-15,1,-2 F=675,674,-1,3,-7 D=3503,3503,0,2,0 L=1249,1250,1,0,-1 B=1236,1236,0,0,-16
mv R code=0 aligned=1 homed=- ms=119.0 U=3134,3133,-1,2,1 R=2101,1090,13,0,-1 F=675,674,-1,3,-7 D=3503,3503,0,2,0 L=1249,1250,1,0,-1 B=1236,1235,-1,0,-17
mv R code=0 aligned=1 homed=- ms=119.0 U=3135,3133,-2,2,1 R=1092,48,-20,3,-3 F=675,674,-1,3,-7 D=3503,3503,0,2,0 L=1249,1250,1,0,-1 B=1235,1236,1,0,-16
mv R' code=0 aligned=1 homed=- ms=119.0 U=3134,3133,-1,2,1 R=51,1090,15,0,-1 F=675,674,-1,3,-7 D=3503,3502,-1,2,-1 L=1249,1250,1,0,-1 B=1235,1236,1,0,-16
mv R' code=0 aligned=1 homed=- ms=119.0 U=3134,3133,-1,2,1 R=1091,2100,-15,1,-2 F=675,674,-1,3,-7 D=3503,3503,0,2,0 L=1249,1250,1,0,-1 B=1235,1235,0,0,-17
mv R code=0 aligned=1 homed=- ms=119.0 U=3134,3133,-1,2,1 R=2101,1090,13,0,-1 F=675,674,-1,3,-7 D=3503,3503,0,2,0 L=1249,1250,1,0,-1 B=1235,1235,0,0,-17
mv R code=0 aligned=1 homed=- ms=119.0 U=3134,3133,-1,2,1 R=1092,48,-20,3,-3 F=675,674,-1,3,-7 D=3503,3503,0,2,0 L=1249,1250,1,0,-1 B=1235,1236,1,0,-16
mv R' code=0 aligned=1 homed=- ms=119.0 U=3134,3133,-1,2,1 R=51,1090,15,0,-1 F=675,674,-1,3,-7 D=3503,3502,-1,2,-1 L=1249,1250,1,0,-1 B=1235,1236,1,0,-16
mv R' code=0 aligned=1 homed=- ms=119.0 U=3134,3133,-1,2,1 R=1091,2100,-15,1,-2 F=675,674,-1,3,-7 D=3503,3503,0,2,0 L=1249,1250,1,0,-1 B=1235,1235,0,0,-17
mv R code=0 aligned=1 homed=- ms=119.0 U=3134,3132,-2,2,0 R=2101,1090,13,0,-1 F=675,674,-1,3,-7 D=3503,3503,0,2,0 L=1249,1249,0,0,-2 B=1235,1236,1,0,-16
mv R code=0 aligned=1 homed=- ms=119.0 U=3134,3133,-1,2,1 R=1092,48,-20,3,-3 F=675,674,-1,3,-7 D=3503,3503,0,2,0 L=1249,1250,1,0,-1 B=1236,1236,0,0,-16
mv R' code=0 aligned=1 homed=- ms=119.0 U=3134,3133,-1,2,1 R=51,1090,15,0,-1 F=675,674,-1,3,-7 D=3503,3502,-1,2,-1 L=1249,1249,0,0,-2 B=1235,1236,1,0,-16
mv R' code=0 aligned=1 homed=- ms=119.0 U=3134,3133,-1,2,1 R=1091,2100,-15,1,-2 F=675,674,-1,3,-7 D=3503,3503,0,2,0 L=1249,1249,0,0,-2 B=1235,1236,1,0,-16
mv R code=0 aligned=1 homed=- ms=119.0 U=3134,3133,-1,2,1 R=2101,1090,13,0,-1 F=675,674,-1,3,-7 D=3503,3503,0,2,0 L=1249,1250,1,0,-1 B=1236,1236,0,0,-16
mv R code=0 aligned=1 homed=- ms=119.0 U=3134,3133,-1,2,1 R=1092,48,-20,3,-3 F=675,674,-1,3,-7 D=3503,3503,0,2,0 L=1249,1250,1,0,-1 B=1235,1236,1,0,-16
mv R' code=0 aligned=1 homed=- ms=119.0 U=3134,3133,-1,2,1 R=51,1090,15,0,-1 F=675,674,-1,3,-7 D=3503,3503,0,2,0 L=1249,1249,0,0,-2 B=1236,1236,0,0,-16
mv R' code=0 aligned=1 homed=- ms=119.0 U=3134,3132,-2,2,0 R=1091,2100,-15,1,-2 F=675,674,-1,3,-7 D=3502,3502,0,2,-1 L=1249,1249,0,0,-2 B=1236,1235,-1,0,-17
mv R code=0 aligned=1 homed=- ms=119.0 U=3134,3133,-1,2,1 R=2101,1090,13,0,-1 F=675,674,-1,3,-7 D=3503,3503,0,2,0 L=1249,1250,1,0,-1 B=1236,1236,0,0,-16
mv R code=0 aligned=1 homed=- ms=119.0 U=3134,3133,-1,2,1 R=1092,48,-20,3,-3 F=675,674,-1,3,-7 D=3503,3503,0,2,0 L=1249,1250,1,0,-1 B=1236,1236,0,0,-16
mv R' code=0 aligned=1 homed=- ms=119.0 U=3134,3132,-2,2,0 R=51,1090,15,0,-1 F=675,674,-1,3,-7 D=3503,3502,-1,2,-1 L=1249,1250,1,0,-1 B=1235,1236,1,0,-16
mv R' code=0 aligned=1 homed=- ms=119.0 U=3134,3132,-2,2,0 R=1091,2100,-15,1,-2 F=675,674,-1,3,-7 D=3503,3503,0,2,0 L=1249,1250,1,0,-1 B=1236,1236,0,0,-16
mv R code=0 aligned=1 homed=- ms=119.0 U=3134,3133,-1,2,1 R=2101,1090,13,0,-1 F=675,674,-1,3,-7 D=3503,3502,-1,2,-1 L=1249,1250,1,0,-1 B=1235,1235,0,0,-17
mv R code=0 aligned=1 homed=- ms=119.0 U=3134,3133,-1,2,1 R=1092,48,-20,3,-3 F=675,674,-1,3,-7 D=3503,3502,-1,2,-1 L=1249,1250,1,0,-1 B=1235,1236,1,0,-16
mv R' code=0 aligned=1 homed=- ms=119.0 U=3134,3133,-1,2,1 R=51,1090,15,0,-1 F=675,674,-1,3,-7 D=3503,3503,0,2,0 L=1250,1250,0,0,-1 B=1235,1236,1,0,-16
mv R' code=0 aligned=1 homed=- ms=119.0 U=3134,3133,-1,2,1 R=1091,2100,-15,1,-2 F=675,674,-1,3,-7 D=3503,3503,0,2,0 L=1249,1250,1,0,-1 B=1236,1236,0,0,-16
mv R code=0 aligned=1 homed=- ms=119.0 U=3134,3133,-1,2,1 R=2101,1090,13,0,-1 F=675,673,-2,3,-8 D=3503,3502,-1,2,-1 L=1249,1250,1,0,-1 B=1236,1235,-1,0,-17
mv R code=0 aligned=1 homed=- ms=119.0 U=3135,3133,-2,2,1 R=1092,48,-20,3,-3 F=675,674,-1,3,-7 D=3503,3503,0,2,0 L=1250,1250,0,0,-1 B=1235,1236,1,0,-16
mv R' code=0 aligned=1 homed=- ms=119.0 U=3134,3132,-2,2,0 R=51,1090,15,0,-1 F=675,674,-1,3,-7 D=3503,3503,0,2,0 L=1249,1249,0,0,-2 B=1235,1236,1,0,-16
mv R' code=0 aligned=1 homed=- ms=119.0 U=3134,3133,-1,2,1 R=1091,2100,-15,1,-2 F=675,674,-1,3,-7 D=3503,3502,-1,2,-1 L=1249,1250,1,0,-1 B=1236,1236,0,0,-16
mv R code=0 aligned=1 homed=- ms=119.0 U=3135,3133,-2,2,1 R=2101,1090,13,0,-1 F=675,674,-1,3,-7 D=3503,3503,0,2,0 L=1249,1250,1,0,-1 B=1236,1236,0,0,-16
mv R code=0 aligned=1 homed=- ms=119.0 U=3134,3133,-1,2,1 R=1092,48,-20,3,-3 F=675,674,-1,3,-7 D=3503,3503,0,2,0 L=1249,1250,1,0,-1 B=1235,1236,1,0,-16
mv R' code=0 aligned=1 homed=- ms=119.0 U=3134,3133,-1,2,1 R=51,1090,15,0,-1 F=675,674,-1,3,-7 D=3503,3503,0,2,0 L=1249,1250,1,0,-1 B=1235,1236,1,0,-16
mv R' code=0 aligned=1 homed=- ms=119.0 U=3134,3133,-1,2,1 R=1091,2100,-15,1,-2 F=675,674,-1,3,-7 D=3503,3502,-1,2,-1 L=1249,1249,0,0,-2 B=1235,1236,1,0,-16
mv R code=0 aligned=1 homed=- ms=119.0 U=3134,3133,-1,2,1 R=2101,1090,13,0,-1 F=675,674,-1,3,-7 D=3503,3503,0,2,0 L=1249,1250,1,0,-1 B=1235,1235,0,0,-17
mv R code=0 aligned=1 homed=- ms=119.0 U=3134,3133,-1,2,1 R=1092,48,-20,3,-3 F=675,674,-1,3,-7 D=3502,3503,1,2,0 L=1249,1250,1,0,-1 B=1235,1236,1,0,-16
mv R' code=0 aligned=1 homed=- ms=119.0 U=3135,3133,-2,2,1 R=51,1090,15,0,-1 F=675,674,-1,3,-7 D=3503,3502,-1,2,-1 L=1250,1250,0,0,-1 B=1235,1236,1,0,-16
mv R' code=0 aligned=1 homed=- ms=119.0 U=3134,3133,-1,2,1 R=1091,2100,-15,1,-2 F=675,674,-1,3,-7 D=3502,3502,0,2,-1 L=1250,1250,0,0,-1 B=1235,1236,1,0,-16
mv R code=0 aligned=1 homed=- ms=119.0 U=3134,3133,-1,2,1 R=2101,1090,13,0,-1 F=675,674,-1,3,-7 D=3503,3503,0,2,0 L=1249,1250,1,0,-1 B=1235,1236,1,0,-16
mv R code=0 aligned=1 homed=- ms=119.0 U=3134,3132,-2,2,0 R=1092,48,-20,3,-3 F=675,674,-1,3,-7 D=3503,3502,-1,2,-1 L=1249,1250,1,0,-1 B=1235,1236,1,0,-16
mv R' code=0 aligned=1 homed=- ms=119.0 U=3135,3133,-2,2,1 R=51,1090,15,0,-1 F=675,674,-1,3,-7 D=3503,3502,-1,2,-1 L=1249,1250,1,0,-1 B=1236,1236,0,0,-16
mv R' code=0 aligned=1 homed=- ms=119.0 U=3134,3133,-1,2,1 R=1091,2099,-16,1,-3 F=675,674,-1,3,-7 D=3503,3502,-1,2,-1 L=1249,1249,0,0,-2 B=1236,1236,0,0,-16
mv R code=0 aligned=1 homed=- ms=119.0 U=3134,3133,-1,2,1 R=2101,1090,13,0,-1 F=675,674,-1,3,-7 D=3503,3503,0,2,0 L=1250,1250,0,0,-1 B=1235,1236,1,0,-16
mv R code=0 aligned=1 homed=- ms=119.0 U=3134,3133,-1,2,1 R=1092,48,-20,3,-3 F=675,674,-1,3,-7 D=3503,3503,0,2,0 L=1249,1250,1,0,-1 B=1236,1236,0,0,-16
mv R' code=0 aligned=1 homed=- ms=119.0 U=3134,3133,-1,2,1 R=51,1090,15,0,-1 F=675,673,-2,3,-8 D=3503,3502,-1,2,-1 L=1249,1250,1,0,-1 B=1236,1236,0,0,-16
mv R' code=0 aligned=1 homed=- ms=119.0 U=3134,3133,-1,2,1 R=1091,2100,-15,1,-2 F=675,674,-1,3,-7 D=3503,3502,-1,2,-1 L=1249,1250,1,0,-1 B=1235,1236,1,0,-16
mv R code=0 aligned=1 homed=- ms=119.0 U=3134,3133,-1,2,1 R=2101,1090,13,0,-1 F=675,674,-1,3,-7 D=3503,3503,0,2,0 L=1249,1250,1,0,-1 B=1236,1235,-1,0,-17
mv R code=0 aligned=1 homed=- ms=119.0 U=3134,3133,-1,2,1 R=1092,48,-20,3,-3 F=675,674,-1,3,-7 D=3503,3503,0,2,0 L=1249,1250,1,0,-1 B=1235,1236,1,0,-16
mv R' code=0 aligned=1 homed=- ms=119.0 U=3135,3133,-2,2,1 R=51,1090,15,0,-1 F=675,674,-1,3,-7 D=3503,3503,0,2,0 L=1249,1250,1,0,-1 B=1236,1236,0,0,-16
mv R' code=0 aligned=1 homed=- ms=119.0 U=3134,3133,-1,2,1 R=1091,2100,-15,1,-2 F=675,674,-1,3,-7 D=3503,3502,-1,2,-1 L=1249,1250,1,0,-1 B=1236,1235,-1,0,-17
mv R code=0 aligned=1 homed=- ms=119.0 U=3134,3133,-1,2,1 R=2101,1090,13,0,-1 F=675,674,-1,3,-7 D=3503,3503,0,2,0 L=1249,1250,1,0,-1 B=1236,1236,0,0,-16
mv R code=0 aligned=1 homed=- ms=119.0 U=3134,3133,-1,2,1 R=1092,48,-20,3,-3 F=675,674,-1,3,-7 D=3503,3503,0,2,0 L=1249,1250,1,0,-1 B=1235,1236,1,0,-16
mv R' code=0 aligned=1 homed=- ms=119.0 U=3134,3133,-1,2,1 R=51,1090,15,0,-1 F=675,674,-1,3,-7 D=3503,3502,-1,2,-1 L=1249,1250,1,0,-1 B=1235,1236,1,0,-16
mv R' code=0 aligned=1 homed=- ms=119.0 U=3134,3133,-1,2,1 R=1091,2100,-15,1,-2 F=675,674,-1,3,-7 D=3503,3503,0,2,0 L=1249,1250,1,0,-1 B=1235,1236,1,0,-16
mv R code=0 aligned=1 homed=- ms=119.0 U=3134,3133,-1,2,1 R=2101,1090,13,0,-1 F=675,674,-1,3,-7 D=3503,3502,-1,2,-1 L=1249,1250,1,0,-1 B=1235,1236,1,0,-16
mv R code=0 aligned=1 homed=- ms=119.0 U=3135,3133,-2,2,1 R=1092,48,-20,3,-3 F=675,674,-1,3,-7 D=3503,3502,-1,2,-1 L=1249,1250,1,0,-1 B=1236,1236,0,0,-16
mv R' code=0 aligned=1 homed=- ms=119.0 U=3135,3133,-2,2,1 R=51,1090,15,0,-1 F=675,674,-1,3,-7 D=3503,3503,0,2,0 L=1249,1250,1,0,-1 B=1236,1235,-1,0,-17
mv R' code=0 aligned=1 homed=- ms=119.0 U=3134,3133,-1,2,1 R=1091,2100,-15,1,-2 F=675,674,-1,3,-7 D=3503,3503,0,2,0 L=1249,1250,1,0,-1 B=1235,1236,1,0,-16
mv R code=0 aligned=1 homed=- ms=119.0 U=3134,3133,-1,2,1 R=2101,1090,13,0,-1 F=675,674,-1,3,-7 D=3503,3503,0,2,0 L=1249,1250,1,0,-1 B=1236,1236,0,0,-16
mv R code=0 aligned=1 homed=- ms=119.0 U=3134,3132,-2,2,0 R=1091,48,-19,3,-3 F=675,674,-1,3,-7 D=3503,3502,-1,2,-1 L=1250,1250,0,0,-1 B=1235,1236,1,0,-16
mv R' code=0 aligned=1 homed=- ms=119.0 U=3134,3133,-1,2,1 R=51,1091,16,0,0 F=675,674,-1,3,-7 D=3503,3503,0,2,0 L=1249,1250,1,0,-1 B=1235,1236,1,0,-16
mv R' code=0 aligned=1 homed=- ms=119.0 U=3134,3133,-1,2,1 R=1091,2100,-15,1,-2 F=675,674,-1,3,-7 D=3503,3503,0,2,0 L=1249,1250,1,0,-1 B=1235,1236,1,0,-16
mv R code=0 aligned=1 homed=- ms=119.0 U=3134,3133,-1,2,1 R=2101,1090,13,0,-1 F=675,674,-1,3,-7 D=3503,3502,-1,2,-1 L=1249,1250,1,0,-1 B=1235,1235,0,0,-17
mv R code=0 aligned=1 homed=- ms=119.0 U=3134,3133,-1,2,1 R=1092,48,-20,3,-3 F=675,674,-1,3,-7 D=3503,3503,0,2,0 L=1249,1250,1,0,-1 B=1236,1236,0,0,-16
mv R' code=0 aligned=1 homed=- ms=119.0 U=3134,3132,-2,2,0 R=51,1090,15,0,-1 F=675,674,-1,3,-7 D=3503,3503,0,2,0 L=1249,1250,1,0,-1 B=1236,1236,0,0,-16
mv R' code=0 aligned=1 homed=- ms=119.0 U=3134,3133,-1,2,1 R=1091,2100,-15,1,-2 F=675,674,-1,3,-7 D=3503,3502,-1,2,-1 L=1250,1250,0,0,-1 B=1235,1236,1,0,-16
mv R code=0 aligned=1 homed=- ms=119.0 U=3134,3133,-1,2,1 R=2101,1090,13,0,-1 F=675,674,-1,3,-7 D=3503,3503,0,2,0 L=1249,1250,1,0,-1 B=1235,1235,0,0,-17
mv R code=0 aligned=1 homed=- ms=119.0 U=3134,3133,-1,2,1 R=1092,48,-20,3,-3 F=675,674,-1,3,-7 D=3503,3503,0,2,0 L=1249,1250,1,0,-1 B=1236,1236,0,0,-16
mv R' code=0 aligned=1 homed=- ms=119.0 U=3134,3133,-1,2,1 R=51,1090,15,0,-1 F=675,674,-1,3,-7 D=3503,3502,-1,2,-1 L=1249,1250,1,0,-1 B=1235,1236,1,0,-16
mv R' code=0 aligned=1 homed=- ms=119.0 U=3134,3133,-1,2,1 R=1091,2100,-15,1,-2 F=675,674,-1,3,-7 D=3503,3503,0,2,0 L=1249,1249,0,0,-2 B=1235,1236,1,0,-16
mv R code=0 aligned=1 homed=- ms=119.0 U=3134,3133,-1,2,1 R=2101,1090,13,0,-1 F=675,674,-1,3,-7 D=3503,3502,-1,2,-1 L=1249,1250,1,0,-1 B=1235,1236,1,0,-16
mv R code=0 aligned=1 homed=- ms=119.0 U=3134,3133,-1,2,1 R=1092,48,-20,3,-3 F=675,673,-2,3,-8 D=3503,3502,-1,2,-1 L=1249,1250,1,0,-1 B=1235,1235,0,0,-17
mv R' code=0 aligned=1 homed=- ms=119.0 U=3134,3132,-2,2,0 R=51,1090,15,0,-1 F=675,674,-1,3,-7 D=3503,3503,0,2,0 L=1249,1250,1,0,-1 B=1235,1236,1,0,-16
mv R' code=0 aligned=1 homed=- ms=119.0 U=3134,3133,-1,2,1 R=1091,2100,-15,1,-2 F=675,674,-1,3,-7 D=3503,3502,-1,2,-1 L=1249,1250,1,0,-1 B=1236,1235,-1,0,-17
mv R code=0 aligned=1 homed=- ms=119.0 U=3134,3132,-2,2,0 R=2101,1090,13,0,-1 F=675,674,-1,3,-7 D=3503,3503,0,2,0 L=1249,1250,1,0,-1 B=1236,1236,0,0,-16
mv R code=0 aligned=1 homed=- ms=119.0 U=3134,3133,-1,2,1 R=1092,48,-20,3,-3 F=675,674,-1,3,-7 D=3503,3503,0,2,0 L=1250,1250,0,0,-1 B=1235,1236,1,0,-16
mv R' code=0 aligned=1 homed=- ms=119.0 U=3134,3133,-1,2,1 R=51,1090,15,0,-1 F=675,674,-1,3,-7 D=3503,3502,-1,2,-1 L=1249,1250,1,0,-1 B=1235,1236,1,0,-16
mv R' code=0 aligned=1 homed=- ms=119.0 U=3134,3133,-1,2,1 R=1091,2100,-15,1,-2 F=675,674,-1,3,-7 D=3503,3503,0,2,0 L=1249,1250,1,0,-1 B=1235,1236,1,0,-16
mv R code=0 aligned=1 homed=- ms=119.0 U=3134,3133,-1,2,1 R=2101,1090,13,0,-1 F=675,674,-1,3,-7 D=3503,3503,0,2,0 L=1249,1250,1,0,-1 B=1236,1236,0,0,-16
mv R code=0 aligned=1 homed=- ms=119.0 U=3134,3133,-1,2,1 R=1092,48,-20,3,-3 F=675,674,-1,3,-7 D=3503,3503,0,2,0 L=1250,1250,0,0,-1 B=1235,1236,1,0,-16
mv R' code=0 aligned=1 homed=- ms=119.0 U=3134,3133,-1,2,1 R=52,1090,14,0,-1 F=675,674,-1,3,-7 D=3503,3503,0,2,0 L=1249,1250,1,0,-1 B=1236,1236,0,0,-16
mv R' code=0 aligned=1 homed=- ms=119.0 U=3134,3133,-1,2,1 R=1090,2100,-14,1,-2 F=675,674,-1,3,-7 D=3503,3502,-1,2,-1 L=1250,1250,0,0,-1 B=1235,1236,1,0,-16
mv R code=0 aligned=1 homed=- ms=119.0 U=3134,3132,-2,2,0 R=2101,1090,13,0,-1 F=675,674,-1,3,-7 D=3503,3503,0,2,0 L=1249,1250,1,0,-1 B=1235,1236,1,0,-16
mv R code=0 aligned=1 homed=- ms=119.0 U=3134,3133,-1,2,1 R=1092,48,-20,3,-3 F=675,674,-1,3,-7 D=3502,3503,1,2,0 L=1249,1250,1,0,-1 B=1236,1235,-1,0,-17
mv R' code=0 aligned=1 homed=- ms=119.0 U=3135,3133,-2,2,1 R=51,1090,15,0,-1 F=675,674,-1,3,-7 D=3503,3502,-1,2,-1 L=1249,1249,0,0,-2 B=1236,1236,0,0,-16
mv R' code=0 aligned=1 homed=- ms=119.0 U=3134,3133,-1,2,1 R=1091,2100,-15,1,-2 F=675,674,-1,3,-7 D=3503,3502,-1,2,-1 L=1249,1250,1,0,-1 B=1235,1236,1,0,-16
mv R code=0 aligned=1 homed=- ms=119.0 U=3134,3133,-1,2,1 R=2101,1090,13,0,-1 F=675,674,-1,3,-7 D=3503,3503,0,2,0 L=1249,1250,1,0,-1 B=1236,1236,0,0,-16
mv R code=0 aligned=1 homed=- ms=119.0 U=3134,3133,-1,2,1 R=1092,48,-20,3,-3 F=675,674,-1,3,-7 D=3503,3503,0,2,0 L=1249,1250,1,0,-1 B=1235,1236,1,0,-16
mv R' code=0 aligned=1 homed=- ms=119.0 U=3134,3133,-1,2,1 R=51,1090,15,0,-1 F=675,674,-1,3,-7 D=3503,3502,-1,2,-1 L=1249,1250,1,0,-1 B=1235,1236,1,0,-16
mv R' code=0 aligned=1 homed=- ms=119.0 U=3134,3133,-1,2,1 R=1091,2100,-15,1,-2 F=675,674,-1,3,-7 D=3502,3503,1,2,0 L=1249,1250,1,0,-1 B=1235,1236,1,0,-16
mv R code=0 aligned=1 homed=- ms=119.0 U=3134,3133,-1,2,1 R=2101,1090,13,0,-1 F=675,674,-1,3,-7 D=3503,3503,0,2,0 L=1249,1250,1,0,-1 B=1235,1236,1,0,-16
mv R code=0 aligned=1 homed=- ms=119.0 U=3134,3133,-1,2,1 R=1092,48,-20,3,-3 F=675,674,-1,3,-7 D=3503,3503,0,2,0 L=1250,1250,0,0,-1 B=1236,1236,0,0,-16
mv R' code=0 aligned=1 homed=- ms=119.0 U=3134,3133,-1,2,1 R=51,1090,15,0,-1 F=675,674,-1,3,-7 D=3503,3502,-1,2,-1 L=1249,1250,1,0,-1 B=1235,1236,1,0,-16
mv R' code=0 aligned=1 homed=- ms=119.0 U=3134,3133,-1,2,1 R=1091,2100,-15,1,-2 F=675,674,-1,3,-7 D=3503,3503,0,2,0 L=1249,1250,1,0,-1 B=1235,1236,1,0,-16
mv R code=0 aligned=1 homed=- ms=119.0 U=3134,3133,-1,2,1 R=2101,1090,13,0,-1 F=675,674,-1,3,-7 D=3503,3503,0,2,0 L=1250,1250,0,0,-1 B=1235,1236,1,0,-16
mv R code=0 aligned=1 homed=- ms=119.0 U=3134,3133,-1,2,1 R=1092,48,-20,3,-3 F=675,674,-1,3,-7 D=3503,3502,-1,2,-1 L=1249,1250,1,0,-1 B=1235,1235,0,0,-17
mv R' code=0 aligned=1 homed=- ms=119.0 U=3134,3133,-1,2,1 R=51,1090,15,0,-1 F=675,674,-1,3,-7 D=3503,3503,0,2,0 L=1249,1250,1,0,-1 B=1235,1236,1,0,-16
mv R' code=0 aligned=1 homed=- ms=119.0 U=3134,3133,-1,2,1 R=1091,2100,-15,1,-2 F=675,674,-1,3,-7 D=3503,3502,-1,2,-1 L=1250,1250,0,0,-1 B=1236,1236,0,0,-16
mv R code=0 aligned=1 homed=- ms=119.0 U=3134,3132,-2,2,0 R=2101,1090,13,0,-1 F=675,674,-1,3,-7 D=3503,3502,-1,2,-1 L=1249,1250,1,0,-1 B=1236,1236,0,0,-16
mv R code=0 aligned=1 homed=- ms=119.0 U=3134,3133,-1,2,1 R=1092,48,-20,3,-3 F=675,674,-1,3,-7 D=3503,3502,-1,2,-1 L=1250,1250,0,0,-1 B=1236,1236,0,0,-16
mv R' code=0 aligned=1 homed=- ms=119.0 U=3134,3132,-2,2,0 R=51,1090,15,0,-1 F=675,674,-1,3,-7 D=3503,3503,0,2,0 L=1249,1250,1,0,-1 B=1236,1236,0,0,-16
mv R' code=0 aligned=1 homed=- ms=119.0 U=3134,3133,-1,2,1 R=1091,2100,-15,1,-2 F=675,674,-1,3,-7 D=3503,3503,0,2,0 L=1249,1250,1,0,-1 B=1236,1236,0,0,-16
mv R code=0 aligned=1 homed=- ms=119.0 U=3134,3133,-1,2,1 R=2101,1090,13,0,-1 F=675,674,-1,3,-7 D=3503,3502,-1,2,-1 L=1249,1250,1,0,-1 B=1235,1236,1,0,-16
mv R code=0 aligned=1 homed=- ms=119.0 U=3134,3133,-1,2,1 R=1092,48,-20,3,-3 F=675,674,-1,3,-7 D=3503,3503,0,2,0 L=1249,1250,1,0,-1 B=1235,1236,1,0,-16
mv R' code=0 aligned=1 homed=- ms=119.0 U=3134,3133,-1,2,1 R=51,1091,16,0,0 F=675,674,-1,3,-7 D=3503,3503,0,2,0 L=1249,1249,0,0,-2 B=1236,1236,0,0,-16
mv R' code=0 aligned=1 homed=- ms=119.0 U=3134,3133,-1,2,1 R=1091,2100,-15,1,-2 F=675,674,-1,3,-7 D=3503,3503,0,2,0 L=1249,1250,1,0,-1 B=1235,1236,1,0,-16
mv R code=0 aligned=1 homed=- ms=119.0 U=3134,3133,-1,2,1 R=2101,1090,13,0,-1 F=675,674,-1,3,-7 D=3503,3502,-1,2,-1 L=1249,1250,1,0,-1 B=1236,1236,0,0,-16
mv R code=0 aligned=1 homed=- ms=119.0 U=3134,3133,-1,2,1 R=1092,48,-20,3,-3 F=675,674,-1,3,-7 D=3503,3503,0,2,0 L=1249,1250,1,0,-1 B=1236,1236,0,0,-16
mv R' code=0 aligned=1 homed=- ms=119.0 U=3135,3133,-2,2,1 R=51,1090,15,0,-1 F=675,674,-1,3,-7 D=3503,3503,0,2,0 L=1250,1250,0,0,-1 B=1235,1236,1,0,-16
mv R' code=0 aligned=1 homed=- ms=119.0 U=3135,3133,-2,2,1 R=1091,2100,-15,1,-2 F=675,674,-1,3,-7 D=3503,3502,-1,2,-1 L=1249,1250,1,0,-1 B=1236,1235,-1,0,-17
mv R code=0 aligned=1 homed=- ms=119.0 U=3134,3133,-1,2,1 R=2101,1090,13,0,-1 F=675,674,-1,3,-7 D=3503,3503,0,2,0 L=1249,1250,1,0,-1 B=1235,1235,0,0,-17
mv R code=0 aligned=1 homed=- ms=119.0 U=3134,3133,-1,2,1 R=1091,48,-19,3,-3 F=675,674,-1,3,-7 D=3503,3502,-1,2,-1 L=1249,1250,1,0,-1 B=1236,1236,0,0,-16
mv R' code=0 aligned=1 homed=- ms=119.0 U=3134,3133,-1,2,1 R=51,1090,15,0,-1 F=675,674,-1,3,-7 D=3503,3503,0,2,0 L=1249,1250,1,0,-1 B=1235,1236,1,0,-16
mv R' code=0 aligned=1 homed=- ms=119.0 U=3134,3133,-1,2,1 R=1091,2100,-15,1,-2 F=675,674,-1,3,-7 D=3503,3503,0,2,0 L=1249,1250,1,0,-1 B=1236,1236,0,0,-16
mv R code=0 aligned=1 homed=- ms=119.0 U=3134,3133,-1,2,1 R=2101,1090,13,0,-1 F=675,674,-1,3,-7 D=3503,3502,-1,2,-1 L=1249,1250,1,0,-1 B=1235,1236,1,0,-16
mv R code=0 aligned=1 homed=- ms=119.0 U=3134,3133,-1,2,1 R=1092,48,-20,3,-3 F=675,674,-1,3,-7 D=3503,3503,0,2,0 L=1249,1250,1,0,-1 B=1236,1236,0,0,-16
mv R' code=0 aligned=1 homed=- ms=119.0 U=3134,3132,-2,2,0 R=51,1090,15,0,-1 F=675,674,-1,3,-7 D=3503,3503,0,2,0 L=1249,1250,1,0,-1 B=1235,1236,1,0,-16
mv R' code=0 aligned=1 homed=- ms=119.0 U=3134,3133,-1,2,1 R=1091,2100,-15,1,-2 F=675,674,-1,3,-7 D=3503,3502,-1,2,-1 L=1249,1250,1,0,-1 B=1235,1236,1,0,-16
mv R code=0 aligned=1 homed=- ms=119.0 U=3134,3133,-1,2,1 R=2101,1090,13,0,-1 F=675,674,-1,3,-7 D=3503,3503,0,2,0 L=1250,1250,0,0,-1 B=1236,1235,-1,0,-17
mv R code=0 aligned=1 homed=- ms=119.0 U=3134,3133,-1,2,1 R=1092,48,-20,3,-3 F=675,674,-1,3,-7 D=3503,3503,0,2,0 L=1249,1250,1,0,-1 B=1235,1235,0,0,-17
mv R' code=0 aligned=1 homed=- ms=119.0 U=3134,3133,-1,2,1 R=51,1090,15,0,-1 F=675,674,-1,3,-7 D=3503,3502,-1,2,-1 L=1249,1249,0,0,-2 B=1236,1235,-1,0,-17
mv R' code=0 aligned=1 homed=- ms=119.0 U=3134,3133,-1,2,1 R=1091,2100,-15,1,-2 F=675,674,-1,3,-7 D=3503,3502,-1,2,-1 L=1249,1249,0,0,-2 B=1236,1236,0,0,-16
mv R code=0 aligned=1 homed=- ms=119.0 U=3134,3133,-1,2,1 R=2101,1090,13,0,-1 F=675,674,-1,3,-7 D=3503,3503,0,2,0 L=1249,1249,0,0,-2 B=1236,1236,0,0,-16
mv R code=0 aligned=1 homed=- ms=119.0 U=3134,3133,-1,2,1 R=1092,48,-20,3,-3 F=675,673,-2,3,-8 D=3503,3502,-1,2,-1 L=1249,1249,0,0,-2 B=1235,1236,1,0,-16
mv R' code=0 aligned=1 homed=- ms=119.0 U=3135,3133,-2,2,1 R=51,1090,15,0,-1 F=675,674,-1,3,-7 D=3503,3503,0,2,0 L=1249,1250,1,0,-1 B=1235,1235,0,0,-17
mv R' code=0 aligned=1 homed=- ms=119.0 U=3134,3133,-1,2,1 R=1091,2100,-15,1,-2 F=675,674,-1,3,-7 D=3503,3503,0,2,0 L=1249,1250,1,0,-1 B=1235,1236,1,0,-16
mv R code=0 aligned=1 homed=- ms=119.0 U=3134,3133,-1,2,1 R=2101,1090,13,0,-1 F=675,674,-1,3,-7 D=3503,3502,-1,2,-1 L=1249,1250,1,0,-1 B=1236,1236,0,0,-16
mv R code=0 aligned=1 homed=- ms=119.0 U=3134,3133,-1,2,1 R=1092,48,-20,3,-3 F=675,674,-1,3,-7 D=3503,3503,0,2,0 L=1249,1249,0,0,-2 B=1235,1236,1,0,-16
mv R' code=0 aligned=1 homed=- ms=119.0 U=3134,3133,-1,2,1 R=51,1090,15,0,-1 F=675,673,-2,3,-8 D=3503,3503,0,2,0 L=1249,1250,1,0,-1 B=1235,1236,1,0,-16
mv R' code=0 aligned=1 homed=- ms=119.0 U=3134,3133,-1,2,1 R=1091,2100,-15,1,-2 F=675,674,-1,3,-7 D=3503,3503,0,2,0 L=1249,1250,1,0,-1 B=1235,1236,1,0,-16
mv R code=0 aligned=1 homed=- ms=119.0 U=3134,3133,-1,2,1 R=2101,1090,13,0,-1 F=675,674,-1,3,-7 D=3503,3503,0,2,0 L=1249,1250,1,0,-1 B=1236,1236,0,0,-16
mv R code=0 aligned=1 homed=- ms=119.0 U=3134,3133,-1,2,1 R=1092,48,-20,3,-3 F=675,674,-1,3,-7 D=3503,3502,-1,2,-1 L=1249,1250,1,0,-1 B=1235,1235,0,0,-17
mv R' code=0 aligned=1 homed=- ms=119.0 U=3134,3133,-1,2,1 R=51,1090,15,0,-1 F=675,674,-1,3,-7 D=3503,3503,0,2,0 L=1249,1250,1,0,-1 B=1236,1236,0,0,-16
mv R' code=0 aligned=1 homed=- ms=119.0 U=3134,3133,-1,2,1 R=1091,2100,-15,1,-2 F=675,674,-1,3,-7 D=3503,3503,0,2,0 L=1249,1250,1,0,-1 B=1235,1236,1,0,-16
mv R code=0 aligned=1 homed=- ms=119.0 U=3134,3133,-1,2,1 R=2101,1090,13,0,-1 F=675,674,-1,3,-7 D=3503,3503,0,2,0 L=1249,1250,1,0,-1 B=1235,1236,1,0,-16
mv R code=0 aligned=1 homed=- ms=119.0 U=3134,3133,-1,2,1 R=1092,48,-20,3,-3 F=675,674,-1,3,-7 D=3503,3503,0,2,0 L=1249,1250,1,0,-1 B=1235,1236,1,0,-16
mv R' code=0 aligned=1 homed=- ms=119.0 U=3134,3132,-2,2,0 R=51,1090,15,0,-1 F=675,674,-1,3,-7 D=3503,3503,0,2,0 L=1249,1250,1,0,-1 B=1236,1236,0,0,-16
mv R' code=0 aligned=1 homed=- ms=119.0 U=3134,3133,-1,2,1 R=1090,2100,-14,1,-2 F=675,674,-1,3,-7 D=3503,3502,-1,2,-1 L=1249,1249,0,0,-2 B=1235,1236,1,0,-16
mv R code=0 aligned=1 homed=- ms=119.0 U=3134,3133,-1,2,1 R=2101,1090,13,0,-1 F=675,674,-1,3,-7 D=3503,3503,0,2,0 L=1249,1250,1,0,-1 B=1236,1235,-1,0,-17
mv R code=0 aligned=1 homed=- ms=119.0 U=3134,3133,-1,2,1 R=1092,48,-20,3,-3 F=675,674,-1,3,-7 D=3503,3503,0,2,0 L=1249,1250,1,0,-1 B=1236,1236,0,0,-16
mv R' code=0 aligned=1 homed=- ms=119.0 U=3134,3133,-1,2,1 R=51,1090,15,0,-1 F=675,674,-1,3,-7 D=3503,3502,-1,2,-1 L=1249,1249,0,0,-2 B=1235,1236,1,0,-16
mv R' code=0 aligned=1 homed=- ms=119.0 U=3134,3133,-1,2,1 R=1091,2100,-15,1,-2 F=675,674,-1,3,-7 D=3503,3503,0,2,0 L=1249,1250,1,0,-1 B=1235,1236,1,0,-16
mv R code=0 aligned=1 homed=- ms=119.0 U=3134,3133,-1,2,1 R=2101,1090,13,0,-1 F=675,674,-1,3,-7 D=3503,3502,-1,2,-1 L=1249,1250,1,0,-1 B=1236,1236,0,0,-16
mv R code=0 aligned=1 homed=- ms=119.0 U=3134,3133,-1,2,1 R=1092,48,-20,3,-3 F=675,674,-1,3,-7 D=3503,3503,0,2,0 L=1249,1250,1,0,-1 B=1236,1236,0,0,-16
mv R' code=0 aligned=1 homed=- ms=119.0 U=3134,3133,-1,2,1 R=51,1090,15,0,-1 F=675,674,-1,3,-7 D=3503,3503,0,2,0 L=1249,1249,0,0,-2 B=1236,1235,-1,0,-17
mv R' code=0 aligned=1 homed=- ms=119.0 U=3134,3133,-1,2,1 R=1091,2100,-15,1,-2 F=675,674,-1,3,-7 D=3503,3503,0,2,0 L=1249,1249,0,0,-2 B=1236,1236,0,0,-16
mv R code=0 aligned=1 homed=- ms=119.0 U=3134,3133,-1,2,1 R=2101,1090,13,0,-1 F=675,674,-1,3,-7 D=3503,3503,0,2,0 L=1249,1250,1,0,-1 B=1236,1236,0,0,-16
mv R code=0 aligned=1 homed=- ms=119.0 U=3134,3133,-1,2,1 R=1091,48,-19,3,-3 F=675,674,-1,3,-7 D=3503,3503,0,2,0 L=1249,1250,1,0,-1 B=1236,1236,0,0,-16
mv R' code=0 aligned=1 homed=- ms=119.0 U=3134,3133,-1,2,1 R=51,1090,15,0,-1 F=675,674,-1,3,-7 D=3503,3502,-1,2,-1 L=1249,1250,1,0,-1 B=1235,1236,1,0,-16
mv R' code=0 aligned=1 homed=- ms=119.0 U=3134,3133,-1,2,1 R=1091,2100,-15,1,-2 F=675,674,-1,3,-7 D=3502,3503,1,2,0 L=1249,1250,1,0,-1 B=1236,1236,0,0,-16
mv R code=0 aligned=1 homed=- ms=119.0 U=3134,3133,-1,2,1 R=2101,1090,13,0,-1 F=675,674,-1,3,-7 D=3503,3503,0,2,0 L=1249,1250,1,0,-1 B=1235,1236,1,0,-16
mv R code=0 aligned=1 homed=- ms=119.0 U=3134,3133,-1,2,1 R=1092,49,-19,3,-2 F=675,674,-1,3,-7 D=3503,3503,0,2,0 L=1249,1250,1,0,-1 B=1236,1235,-1,0,-17
mv R' code=0 aligned=1 homed=- ms=119.0 U=3134,3133,-1,2,1 R=51,1091,16,0,0 F=675,674,-1,3,-7 D=3503,3503,0,2,0 L=1249,1250,1,0,-1 B=1235,1236,1,0,-16
mv R' code=0 aligned=1 homed=- ms=119.0 U=3134,3133,-1,2,1 R=1091,2100,-15,1,-2 F=675,674,-1,3,-7 D=3503,3503,0,2,0 L=1249,1250,1,0,-1 B=1236,1236,0,0,-16
mv R code=0 aligned=1 homed=- ms=119.0 U=3134,3133,-1,2,1 R=2101,1090,13,0,-1 F=675,673,-2,3,-8 D=3503,3503,0,2,0 L=1249,1250,1,0,-1 B=1236,1236,0,0,-16
mv R code=0 aligned=1 homed=- ms=119.0 U=3134,3133,-1,2,1 R=1092,49,-19,3,-2 F=675,674,-1,3,-7 D=3503,3502,-1,2,-1 L=1249,1250,1,0,-1 B=1235,1235,0,0,-17
mv R' code=0 aligned=1 homed=- ms=119.0 U=3134,3133,-1,2,1 R=51,1090,15,0,-1 F=675,674,-1,3,-7 D=3503,3503,0,2,0 L=1249,1249,0,0,-2 B=1235,1236,1,0,-16
mv R' code=0 aligned=1 homed=- ms=119.0 U=3134,3133,-1,2,1 R=1091,2100,-15,1,-2 F=675,674,-1,3,-7 D=3503,3503,0,2,0 L=1249,1250,1,0,-1 B=1236,1236,0,0,-16
mv R code=0 aligned=1 homed=- ms=119.0 U=3134,3133,-1,2,1 R=2101,1090,13,0,-1 F=675,674,-1,3,-7 D=3503,3503,0,2,0 L=1249,1250,1,0,-1 B=1236,1236,0,0,-16
mv R code=0 aligned=1 homed=- ms=119.0 U=3134,3133,-1,2,1 R=1092,48,-20,3,-3 F=675,674,-1,3,-7 D=3503,3503,0,2,0 L=1250,1250,0,0,-1 B=1235,1235,0,0,-17
mv R' code=0 aligned=1 homed=- ms=119.0 U=3134,3133,-1,2,1 R=51,1090,15,0,-1 F=675,674,-1,3,-7 D=3503,3503,0,2,0 L=1249,1250,1,0,-1 B=1236,1236,0,0,-16
mv R' code=0 aligned=1 homed=- ms=119.0 U=3134,3132,-2,2,0 R=1091,2100,-15,1,-2 F=675,674,-1,3,-7 D=3503,3503,0,2,0 L=1249,1250,1,0,-1 B=1236,1236,0,0,-16
mv R code=0 aligned=1 homed=- ms=119.0 U=3134,3133,-1,2,1 R=2101,1090,13,0,-1 F=675,674,-1,3,-7 D=3503,3503,0,2,0 L=1249,1249,0,0,-2 B=1235,1236,1,0,-16
mv R code=0 aligned=1 homed=- ms=119.0 U=3134,3132,-2,2,0 R=1092,48,-20,3,-3 F=675,674,-1,3,-7 D=3503,3503,0,2,0 L=1250,1250,0,0,-1 B=1236,1235,-1,0,-17
mv R' code=0 aligned=1 homed=- ms=119.0 U=3134,3133,-1,2,1 R=51,1090,15,0,-1 F=675,674,-1,3,-7 D=3503,3503,0,2,0 L=1250,1250,0,0,-1 B=1236,1236,0,0,-16
mv R' code=0 aligned=1 homed=- ms=119.0 U=3134,3133,-1,2,1 R=1091,2100,-15,1,-2 F=675,674,-1,3,-7 D=3503,3503,0,2,0 L=1249,1250,1,0,-1 B=1236,1236,0,0,-16
mv R code=0 aligned=1 homed=- ms=119.0 U=3134,3133,-1,2,1 R=2101,1090,13,0,-1 F=675,674,-1,3,-7 D=3503,3503,0,2,0 L=1249,1250,1,0,-1 B=1235,1236,1,0,-16
mv R code=0 aligned=1 homed=- ms=119.0 U=3135,3133,-2,2,1 R=1092,48,-20,3,-3 F=675,674,-1,3,-7 D=3503,3502,-1,2,-1 L=1249,1250,1,0,-1 B=1235,1236,1,0,-16
mv R' code=0 aligned=1 homed=- ms=119.0 U=3134,3133,-1,2,1 R=51,1090,15,0,-1 F=675,674,-1,3,-7 D=3503,3503,0,2,0 L=1249,1250,1,0,-1 B=1236,1236,0,0,-16
mv R' code=0 aligned=1 homed=- ms=119.0 U=3134,3133,-1,2,1 R=1090,2100,-14,1,-2 F=675,674,-1,3,-7 D=3503,3503,0,2,0 L=1249,1250,1,0,-1 B=1235,1236,1,0,-16
mv R code=0 aligned=1 homed=- ms=119.0 U=3134,3133,-1,2,1 R=2101,1090,13,0,-1 F=675,674,-1,3,-7 D=3503,3503,0,2,0 L=1249,1250,1,0,-1 B=1236,1236,0,0,-16
mv R code=0 aligned=1 homed=- ms=119.0 U=3134,3133,-1,2,1 R=1092,48,-20,3,-3 F=675,674,-1,3,-7 D=3503,3503,0,2,0 L=1249,1250,1,0,-1 B=1236,1236,0,0,-16
mv R' code=0 aligned=1 homed=- ms=119.0 U=3134,3133,-1,2,1 R=51,1090,15,0,-1 F=675,674,-1,3,-7 D=3503,3503,0,2,0 L=1249,1250,1,0,-1 B=1236,1236,0,0,-16
mv R' code=0 aligned=1 homed=- ms=119.0 U=3134,3133,-1,2,1 R=1091,2100,-15,1,-2 F=675,674,-1,3,-7 D=3503,3503,0,2,0 L=1249,1250,1,0,-1 B=1235,1236,1,0,-16
mv R code=0 aligned=1 homed=- ms=119.0 U=3134,3133,-1,2,1 R=2101,1090,13,0,-1 F=675,674,-1,3,-7 D=3503,3503,0,2,0 L=1249,1250,1,0,-1 B=1235,1235,0,0,-17
mv R code=0 aligned=1 homed=- ms=119.0 U=3134,3133,-1,2,1 R=1092,48,-20,3,-3 F=675,674,-1,3,-7 D=3503,3503,0,2,0 L=1249,1250,1,0,-1 B=1235,1235,0,0,-17
mv R' code=0 aligned=1 homed=- ms=119.0 U=3134,3133,-1,2,1 R=51,1090,15,0,-1 F=675,674,-1,3,-7 D=3502,3503,1,2,0 L=1249,1250,1,0,-1 B=1235,1236,1,0,-16
mv R' code=0 aligned=1 homed=- ms=119.0 U=3134,3133,-1,2,1 R=1091,2100,-15,1,-2 F=675,674,-1,3,-7 D=3503,3503,0,2,0 L=1249,1249,0,0,-2 B=1235,1236,1,0,-16
mv R code=0 aligned=1 homed=- ms=119.0 U=3134,3132,-2,2,0 R=2101,1090,13,0,-1 F=675,674,-1,3,-7 D=3503,3503,0,2,0 L=1250,1250,0,0,-1 B=1236,1236,0,0,-16
mv R code=0 aligned=1 homed=- ms=119.0 U=3134,3133,-1,2,1 R=1092,48,-20,3,-3 F=675,673,-2,3,-8 D=3503,3503,0,2,0 L=1249,1250,1,0,-1 B=1235,1236,1,0,-16
mv R' code=0 aligned=1 homed=- ms=119.0 U=3134,3132,-2,2,0 R=51,1090,15,0,-1 F=675,674,-1,3,-7 D=3503,3502,-1,2,-1 L=1249,1250,1,0,-1 B=1235,1236,1,0,-16
mv R' code=0 aligned=1 homed=- ms=119.0 U=3134,3133,-1,2,1 R=1091,2100,-15,1,-2 F=675,674,-1,3,-7 D=3503,3502,-1,2,-1 L=1249,1250,1,0,-1 B=1235,1236,1,0,-16
mv R code=0 aligned=1 homed=- ms=119.0 U=3134,3133,-1,2,1 R=2101,1090,13,0,-1 F=675,674,-1,3,-7 D=3503,3502,-1,2,-1 L=1249,1250,1,0,-1 B=1235,1235,0,0,-17
mv R code=0 aligned=1 homed=- ms=119.0 U=3134,3133,-1,2,1 R=1092,48,-20,3,-3 F=675,674,-1,3,-7 D=3503,3503,0,2,0 L=1250,1250,0,0,-1 B=1236,1235,-1,0,-17
mv R' code=0 aligned=1 homed=- ms=119.0 U=3134,3133,-1,2,1 R=51,1090,15,0,-1 F=675,674,-1,3,-7 D=3503,3502,-1,2,-1 L=1249,1250,1,0,-1 B=1236,1235,-1,0,-17
mv R' code=0 aligned=1 homed=- ms=119.0 U=3134,3133,-1,2,1 R=1091,2100,-15,1,-2 F=675,674,-1,3,-7 D=3503,3503,0,2,0 L=1249,1249,0,0,-2 B=1236,1236,0,0,-16
mv R code=0 aligned=1 homed=- ms=119.0 U=3134,3133,-1,2,1 R=2101,1090,13,0,-1 F=675,674,-1,3,-7 D=3503,3503,0,2,0 L=1249,1250,1,0,-1 B=1235,1236,1,0,-16
mv R code=0 aligned=1 homed=- ms=119.0 U=3134,3133,-1,2,1 R=1092,48,-20,3,-3 F=675,674,-1,3,-7 D=3503,3503,0,2,0 L=1249,1250,1,0,-1 B=1236,1235,-1,0,-17
mv R' code=0 aligned=1 homed=- ms=119.0 U=3134,3133,-1,2,1 R=51,1090,15,0,-1 F=675,674,-1,3,-7 D=3503,3502,-1,2,-1 L=1249,1250,1,0,-1 B=1236,1235,-1,0,-17
mv R' code=0 aligned=1 homed=- ms=119.0 U=3134,3133,-1,2,1 R=1091,2100,-15,1,-2 F=675,674,-1,3,-7 D=3503,3503,0,2,0 L=1249,1250,1,0,-1 B=1235,1236,1,0,-16
mv R code=0 aligned=1 homed=- ms=119.0 U=3134,3132,-2,2,0 R=2101,1090,13,0,-1 F=675,674,-1,3,-7 D=3503,3503,0,2,0 L=1249,1250,1,0,-1 B=1236,1236,0,0,-16
mv R code=0 aligned=1 homed=- ms=119.0 U=3134,3133,-1,2,1 R=1092,48,-20,3,-3 F=675,674,-1,3,-7 D=3503,3503,0,2,0 L=1249,1250,1,0,-1 B=1236,1235,-1,0,-17
mv R' code=0 aligned=1 homed=- ms=119.0 U=3134,3132,-2,2,0 R=51,1090,15,0,-1 F=675,674,-1,3,-7 D=3503,3503,0,2,0 L=1249,1250,1,0,-1 B=1235,1236,1,0,-16
mv R' code=0 aligned=1 homed=- ms=119.0 U=3134,3133,-1,2,1 R=1091,2100,-15,1,-2 F=675,674,-1,3,-7 D=3503,3502,-1,2,-1 L=1249,1250,1,0,-1 B=1236,1236,0,0,-16
mv R code=0 aligned=1 homed=- ms=119.0 U=3134,3132,-2,2,0 R=2101,1090,13,0,-1 F=675,674,-1,3,-7 D=3503,3503,0,2,0 L=1249,1250,1,0,-1 B=1236,1236,0,0,-16
mv R code=0 aligned=1 homed=- ms=119.0 U=3134,3132,-2,2,0 R=1092,48,-20,3,-3 F=675,674,-1,3,-7 D=3503,3503,0,2,0 L=1249,1250,1,0,-1 B=1236,1236,0,0,-16
mv R' code=0 aligned=1 homed=- ms=119.0 U=3134,3133,-1,2,1 R=51,1090,15,0,-1 F=675,674,-1,3,-7 D=3503,3502,-1,2,-1 L=1250,1249,-1,0,-2 B=1236,1236,0,0,-16
mv R' code=0 aligned=1 homed=- ms=119.0 U=3134,3133,-1,2,1 R=1091,2100,-15,1,-2 F=675,674,-1,3,-7 D=3503,3503,0,2,0 L=1249,1250,1,0,-1 B=1236,1235,-1,0,-17
mv R code=0 aligned=1 homed=- ms=119.0 U=3134,3133,-1,2,1 R=2101,1090,13,0,-1 F=675,674,-1,3,-7 D=3503,3502,-1,2,-1 L=1249,1250,1,0,-1 B=1235,1236,1,0,-16
mv R code=0 aligned=1 homed=- ms=119.0 U=3134,3133,-1,2,1 R=1092,48,-20,3,-3 F=675,674,-1,3,-7 D=3503,3502,-1,2,-1 L=1249,1250,1,0,-1 B=1235,1235,0,0,-17
mv R' code=0 aligned=1 homed=- ms=119.0 U=3134,3132,-2,2,0 R=51,1090,15,0,-1 F=675,674,-1,3,-7 D=3503,3502,-1,2,-1 L=1249,1250,1,0,-1 B=1235,1236,1,0,-16
mv R' code=0 aligned=1 homed=- ms=119.0 U=3134,3133,-1,2,1 R=1091,2100,-15,1,-2 F=675,674,-1,3,-7 D=3503,3503,0,2,0 L=1249,1250,1,0,-1 B=1235,1235,0,0,-17
mv R code=0 aligned=1 homed=- ms=119.0 U=3134,3133,-1,2,1 R=2101,1090,13,0,-1 F=675,674,-1,3,-7 D=3503,3503,0,2,0 L=1249,1250,1,0,-1 B=1235,1235,0,0,-17
mv R code=0 aligned=1 homed=- ms=119.0 U=3134,3132,-2,2,0 R=1092,48,-20,3,-3 F=675,674,-1,3,-7 D=3503,3503,0,2,0 L=1249,1250,1,0,-1 B=1236,1235,-1,0,-17
mv R' code=0 aligned=1 homed=- ms=119.0 U=3134,3133,-1,2,1 R=51,1090,15,0,-1 F=675,674,-1,3,-7 D=3503,3502,-1,2,-1 L=1249,1250,1,0,-1 B=1235,1236,1,0,-16
mv R' code=0 aligned=1 homed=- ms=119.0 U=3134,3133,-1,2,1 R=1091,2100,-15,1,-2 F=675,674,-1,3,-7 D=3502,3502,0,2,-1 L=1249,1249,0,0,-2 B=1235,1236,1,0,-16
mv R code=0 aligned=1 homed=- ms=119.0 U=3134,3132,-2,2,0 R=2101,1090,13,0,-1 F=675,674,-1,3,-7 D=3503,3503,0,2,0 L=1249,1250,1,0,-1 B=1235,1235,0,0,-17
mv R code=0 aligned=1 homed=- ms=119.0 U=3134,3133,-1,2,1 R=1092,48,-20,3,-3 F=675,674,-1,3,-7 D=3503,3503,0,2,0 L=1249,1250,1,0,-1 B=1235,1235,0,0,-17
mv R' code=0 aligned=1 homed=- ms=119.0 U=3134,3133,-1,2,1 R=51,1090,15,0,-1 F=675,674,-1,3,-7 D=3503,3502,-1,2,-1 L=1249,1250,1,0,-1 B=1236,1235,-1,0,-17
mv R' code=0 aligned=1 homed=- ms=119.0 U=3134,3133,-1,2,1 R=1091,2100,-15,1,-2 F=675,674,-1,3,-7 D=3503,3503,0,2,0 L=1249,1250,1,0,-1 B=1235,1235,0,0,-17
mv R code=0 aligned=1 homed=- ms=119.0 U=3134,3133,-1,2,1 R=2101,1090,13,0,-1 F=675,674,-1,3,-7 D=3503,3503,0,2,0 L=1249,1250,1,0,-1 B=1236,1236,0,0,-16
mv R code=0 aligned=1 homed=- ms=119.0 U=3134,3133,-1,2,1 R=1092,48,-20,3,-3 F=675,674,-1,3,-7 D=3503,3503,0,2,0 L=1249,1250,1,0,-1 B=1235,1236,1,0,-16
mv R' code=0 aligned=1 homed=- ms=119.0 U=3134,3133,-1,2,1 R=51,1090,15,0,-1 F=675,674,-1,3,-7 D=3503,3503,0,2,0 L=1249,1250,1,0,-1 B=1235,1235,0,0,-17
mv R' code=0 aligned=1 homed=- ms=119.0 U=3134,3133,-1,2,1 R=1091,2100,-15,1,-2 F=675,674,-1,3,-7 D=3503,3503,0,2,0 L=1250,1250,0,0,-1 B=1235,1235,0,0,-17
mv R code=0 aligned=1 homed=- ms=119.0 U=3134,3133,-1,2,1 R=2101,1090,13,0,-1 F=675,674,-1,3,-7 D=3503,3503,0,2,0 L=1249,1250,1,0,-1 B=1235,1236,1,0,-16
mv R code=0 aligned=1 homed=- ms=119.0 U=3134,3133,-1,2,1 R=1092,48,-20,3,-3 F=675,674,-1,3,-7 D=3503,3503,0,2,0 L=1249,1250,1,0,-1 B=1235,1236,1,0,-16
mv R' code=0 aligned=1 homed=- ms=119.0 U=3134,3133,-1,2,1 R=51,1090,15,0,-1 F=675,674,-1,3,-7 D=3503,3503,0,2,0 L=1250,1250,0,0,-1 B=1235,1236,1,0,-16
mv R' code=0 aligned=1 homed=- ms=119.0 U=3134,3133,-1,2,1 R=1091,2100,-15,1,-2 F=675,674,-1,3,-7 D=3503,3502,-1,2,-1 L=1249,1250,1,0,-1 B=1235,1236,1,0,-16
mv R code=0 aligned=1 homed=- ms=119.0 U=3134,3133,-1,2,1 R=2101,1090,13,0,-1 F=675,674,-1,3,-7 D=3503,3503,0,2,0 L=1249,1250,1,0,-1 B=1236,1236,0,0,-16
mv R code=0 aligned=1 homed=- ms=119.0 U=3134,3133,-1,2,1 R=1091,48,-19,3,-3 F=675,674,-1,3,-7 D=3502,3503,1,2,0 L=1249,1250,1,0,-1 B=1236,1236,0,0,-16
mv R' code=0 aligned=1 homed=- ms=119.0 U=3134,3133,-1,2,1 R=51,1090,15,0,-1 F=675,674,-1,3,-7 D=3503,3502,-1,2,-1 L=1249,1249,0,0,-2 B=1236,1236,0,0,-16
mv R' code=0 aligned=1 homed=- ms=119.0 U=3134,3133,-1,2,1 R=1091,2100,-15,1,-2 F=675,674,-1,3,-7 D=3502,3503,1,2,0 L=1249,1250,1,0,-1 B=1236,1235,-1,0,-17
mv R code=0 aligned=1 homed=- ms=119.0 U=3134,3133,-1,2,1 R=2101,1090,13,0,-1 F=675,674,-1,3,-7 D=3503,3503,0,2,0 L=1249,1250,1,0,-1 B=1236,1236,0,0,-16
mv R code=0 aligned=1 homed=- ms=119.0 U=3134,3133,-1,2,1 R=1092,48,-20,3,-3 F=675,674,-1,3,-7 D=3503,3502,-1,2,-1 L=1249,1250,1,0,-1 B=1235,1235,0,0,-17
mv R' code=0 aligned=1 homed=- ms=119.0 U=3134,3132,-2,2,0 R=51,1090,15,0,-1 F=675,674,-1,3,-7 D=3503,3503,0,2,0 L=1249,1250,1,0,-1 B=1235,1236,1,0,-16
mv R' code=0 aligned=1 homed=- ms=119.0 U=3134,3133,-1,2,1 R=1091,2100,-15,1,-2 F=675,674,-1,3,-7 D=3503,3502,-1,2,-1 L=1249,1249,0,0,-2 B=1235,1236,1,0,-16
mv R code=0 aligned=1 homed=- ms=119.0 U=3134,3132,-2,2,0 R=2101,1090,13,0,-1 F=675,674,-1,3,-7 D=3503,3503,0,2,0 L=1249,1250,1,0,-1 B=1235,1236,1,0,-16
mv R code=0 aligned=1 homed=- ms=119.0 U=3134,3132,-2,2,0 R=1092,48,-20,3,-3 F=675,674,-1,3,-7 D=3503,3503,0,2,0 L=1249,1249,0,0,-2 B=1235,1236,1,0,-16
mv R' code=0 aligned=1 homed=- ms=119.0 U=3134,3133,-1,2,1 R=51,1090,15,0,-1 F=675,674,-1,3,-7 D=3503,3503,0,2,0 L=1249,1250,1,0,-1 B=1236,1236,0,0,-16
mv R' code=0 aligned=1 homed=- ms=119.0 U=3134,3133,-1,2,1 R=1091,2100,-15,1,-2 F=675,674,-1,3,-7 D=3503,3503,0,2,0 L=1249,1250,1,0,-1 B=1235,1236,1,0,-16
mv R code=0 aligned=1 homed=- ms=119.0 U=3134,3133,-1,2,1 R=2101,1090,13,0,-1 F=675,673,-2,3,-8 D=3503,3503,0,2,0 L=1249,1250,1,0,-1 B=1235,1236,1,0,-16
mv R code=0 aligned=1 homed=- ms=119.0 U=3134,3133,-1,2,1 R=1091,48,-19,3,-3 F=675,674,-1,3,-7 D=3503,3503,0,2,0 L=1249,1250,1,0,-1 B=1235,1235,0,0,-17
mv R' code=0 aligned=1 homed=- ms=119.0 U=3134,3133,-1,2,1 R=51,1090,15,0,-1 F=675,674,-1,3,-7 D=3503,3502,-1,2,-1 L=1249,1250,1,0,-1 B=1235,1235,0,0,-17
mv R' code=0 aligned=1 homed=- ms=119.0 U=3134,3133,-1,2,1 R=1091,2100,-15,1,-2 F=675,674,-1,3,-7 D=3503,3503,0,2,0 L=1249,1250,1,0,-1 B=1235,1236,1,0,-16
mv R code=0 aligned=1 homed=- ms=119.0 U=3134,3133,-1,2,1 R=2101,1090,13,0,-1 F=675,674,-1,3,-7 D=3503,3502,-1,2,-1 L=1249,1250,1,0,-1 B=1235,1236,1,0,-16
mv R code=0 aligned=1 homed=- ms=119.0 U=3134,3133,-1,2,1 R=1091,48,-19,3,-3 F=675,674,-1,3,-7 D=3503,3502,-1,2,-1 L=1249,1250,1,0,-1 B=1235,1236,1,0,-16
mv R' code=0 aligned=1 homed=- ms=119.0 U=3134,3132,-2,2,0 R=51,1090,15,0,-1 F=675,674,-1,3,-7 D=3503,3502,-1,2,-1 L=1249,1250,1,0,-1 B=1236,1236,0,0,-16
mv R' code=0 aligned=1 homed=- ms=119.0 U=3134,3132,-2,2,0 R=1091,2100,-15,1,-2 F=675,674,-1,3,-7 D=3503,3503,0,2,0 L=1249,1249,0,0,-2 B=1236,1236,0,0,-16
mv R code=0 aligned=1 homed=- ms=119.0 U=3135,3133,-2,2,1 R=2101,1090,13,0,-1 F=675,674,-1,3,-7 D=3503,3503,0,2,0 L=1250,1250,0,0,-1 B=1235,1236,1,0,-16
mv R code=0 aligned=1 homed=- ms=119.0 U=3134,3133,-1,2,1 R=1091,48,-19,3,-3 F=675,674,-1,3,-7 D=3502,3503,1,2,0 L=1249,1250,1,0,-1 B=1235,1236,1,0,-16
mv R' code=0 aligned=1 homed=- ms=119.0 U=3134,3133,-1,2,1 R=51,1090,15,0,-1 F=675,674,-1,3,-7 D=3503,3503,0,2,0 L=1250,1250,0,0,-1 B=1235,1236,1,0,-16
mv R' code=0 aligned=1 homed=- ms=119.0 U=3134,3133,-1,2,1 R=1091,2100,-15,1,-2 F=675,674,-1,3,-7 D=3503,3502,-1,2,-1 L=1249,1250,1,0,-1 B=1236,1236,0,0,-16
mv R code=0 aligned=1 homed=- ms=119.0 U=3134,3133,-1,2,1 R=2101,1090,13,0,-1 F=675,674,-1,3,-7 D=3503,3502,-1,2,-1 L=1249,1249,0,0,-2 B=1236,1236,0,0,-16
mv R code=0 aligned=1 homed=- ms=119.0 U=3134,3133,-1,2,1 R=1092,48,-20,3,-3 F=675,674,-1,3,-7 D=3503,3502,-1,2,-1 L=1249,1250,1,0,-1 B=1235,1236,1,0,-16
mv R' code=0 aligned=1 homed=- ms=119.0 U=3134,3133,-1,2,1 R=51,1090,15,0,-1 F=675,674,-1,3,-7 D=3503,3503,0,2,0 L=1249,1249,0,0,-2 B=1235,1236,1,0,-16
mv R' code=0 aligned=1 homed=- ms=119.0 U=3134,3133,-1,2,1 R=1091,2100,-15,1,-2 F=675,674,-1,3,-7 D=3503,3503,0,2,0 L=1250,1250,0,0,-1 B=1236,1236,0,0,-16
mv R code=0 aligned=1 homed=- ms=119.0 U=3134,3133,-1,2,1 R=2101,1090,13,0,-1 F=675,674,-1,3,-7 D=3503,3502,-1,2,-1 L=1249,1250,1,0,-1 B=1235,1236,1,0,-16
mv R code=0 aligned=1 homed=- ms=119.0 U=3134,3132,-2,2,0 R=1092,48,-20,3,-3 F=675,674,-1,3,-7 D=3503,3503,0,2,0 L=1249,1250,1,0,-1 B=1236,1236,0,0,-16
mv R' code=0 aligned=1 homed=- ms=119.0 U=3134,3133,-1,2,1 R=51,1090,15,0,-1 F=675,674,-1,3,-7 D=3503,3502,-1,2,-1 L=1249,1250,1,0,-1 B=1235,1236,1,0,-16
mv R' code=0 aligned=1 homed=- ms=119.0 U=3134,3133,-1,2,1 R=1091,2100,-15,1,-2 F=675,674,-1,3,-7 D=3503,3502,-1,2,-1 L=1249,1250,1,0,-1 B=1235,1236,1,0,-16
mv R code=0 aligned=1 homed=- ms=119.0 U=3134,3133,-1,2,1 R=2101,1090,13,0,-1 F=675,674,-1,3,-7 D=3503,3503,0,2,0 L=1249,1250,1,0,-1 B=1235,1235,0,0,-17
mv R code=0 aligned=1 homed=- ms=119.0 U=3134,3133,-1,2,1 R=1092,48,-20,3,-3 F=675,674,-1,3,-7 D=3503,3502,-1,2,-1 L=1249,1250,1,0,-1 B=1236,1236,0,0,-16
mv R' code=0 aligned=1 homed=- ms=119.0 U=3134,3133,-1,2,1 R=51,1090,15,0,-1 F=675,674,-1,3,-7 D=3503,3502,-1,2,-1 L=1249,1250,1,0,-1 B=1235,1236,1,0,-16
mv R' code=0 aligned=1 homed=- ms=119.0 U=3134,3133,-1,2,1 R=1090,2100,-14,1,-2 F=675,674,-1,3,-7 D=3503,3503,0,2,0 L=1249,1250,1,0,-1 B=1236,1236,0,0,-16
mv R code=0 aligned=1 homed=- ms=119.0 U=3134,3133,-1,2,1 R=2101,1090,13,0,-1 F=675,674,-1,3,-7 D=3503,3502,-1,2,-1 L=1249,1250,1,0,-1 B=1236,1235,-1,0,-17
mv R code=0 aligned=1 homed=- ms=119.0 U=3134,3133,-1,2,1 R=1092,48,-20,3,-3 F=675,674,-1,3,-7 D=3503,3502,-1,2,-1 L=1249,1249,0,0,-2 B=1236,1236,0,0,-16
mv R' code=0 aligned=1 homed=- ms=119.0 U=3134,3132,-2,2,0 R=51,1090,15,0,-1 F=675,674,-1,3,-7 D=3502,3502,0,2,-1 L=1249,1250,1,0,-1 B=1235,1236,1,0,-16
mv R' code=0 aligned=1 homed=- ms=119.0 U=3134,3133,-1,2,1 R=1091,2100,-15,1,-2 F=675,674,-1,3,-7 D=3503,3503,0,2,0 L=1249,1250,1,0,-1 B=1235,1236,1,0,-16
mv R code=0 aligned=1 homed=- ms=119.0 U=3134,3133,-1,2,1 R=2101,1090,13,0,-1 F=675,674,-1,3,-7 D=3503,3503,0,2,0 L=1249,1250,1,0,-1 B=1235,1235,0,0,-17
mv R code=0 aligned=1 homed=- ms=119.0 U=3134,3133,-1,2,1 R=1091,48,-19,3,-3 F=675,674,-1,3,-7 D=3503,3503,0,2,0 L=1249,1250,1,0,-1 B=1235,1236,1,0,-16
mv R' code=0 aligned=1 homed=- ms=119.0 U=3134,3133,-1,2,1 R=51,1090,15,0,-1 F=675,674,-1,3,-7 D=3503,3502,-1,2,-1 L=1249,1250,1,0,-1 B=1235,1236,1,0,-16
mv R' code=0 aligned=1 homed=- ms=119.0 U=3134,3133,-1,2,1 R=1091,2100,-15,1,-2 F=675,674,-1,3,-7 D=3502,3503,1,2,0 L=1249,1250,1,0,-1 B=1236,1236,0,0,-16
mv R code=0 aligned=1 homed=- ms=119.0 U=3134,3133,-1,2,1 R=2101,1090,13,0,-1 F=675,674,-1,3,-7 D=3503,3503,0,2,0 L=1249,1250,1,0,-1 B=1236,1235,-1,0,-17
mv R code=0 aligned=1 homed=- ms=119.0 U=3134,3133,-1,2,1 R=1091,48,-19,3,-3 F=675,674,-1,3,-7 D=3503,3503,0,2,0 L=1249,1250,1,0,-1 B=1235,1235,0,0,-17
mv R' code=0 aligned=1 homed=- ms=119.0 U=3134,3133,-1,2,1 R=51,1090,15,0,-1 F=675,674,-1,3,-7 D=3503,3503,0,2,0 L=1250,1250,0,0,-1 B=1236,1236,0,0,-16
mv R' code=0 aligned=1 homed=- ms=119.0 U=3134,3133,-1,2,1 R=1091,2100,-15,1,-2 F=675,674,-1,3,-7 D=3503,3502,-1,2,-1 L=1249,1250,1,0,-1 B=1235,1235,0,0,-17
mv R code=0 aligned=1 homed=- ms=119.0 U=3134,3133,-1,2,1 R=2101,1090,13,0,-1 F=675,674,-1,3,-7 D=3503,3503,0,2,0 L=1249,1250,1,0,-1 B=1236,1235,-1,0,-17
mv R code=0 aligned=1 homed=- ms=119.0 U=3134,3133,-1,2,1 R=1092,48,-20,3,-3 F=675,674,-1,3,-7 D=3503,3503,0,2,0 L=1249,1250,1,0,-1 B=1235,1235,0,0,-17
mv R' code=0 aligned=1 homed=- ms=119.0 U=3134,3133,-1,2,1 R=51,1090,15,0,-1 F=675,674,-1,3,-7 D=3503,3503,0,2,0 L=1249,1250,1,0,-1 B=1235,1236,1,0,-16
mv R' code=0 aligned=1 homed=- ms=119.0 U=3134,3133,-1,2,1 R=1091,2100,-15,1,-2 F=675,674,-1,3,-7 D=3503,3502,-1,2,-1 L=1249,1249,0,0,-2 B=1235,1235,0,0,-17
mv R code=0 aligned=1 homed=- ms=119.0 U=3134,3132,-2,2,0 R=2101,1090,13,0,-1 F=675,674,-1,3,-7 D=3503,3503,0,2,0 L=1249,1250,1,0,-1 B=1235,1236,1,0,-16
rep moves=300 notaligned=0 homings=0 failures=0 avgms=119.0
res U=- R=300,-1.7,15.9,20 F=- D=- L=- B=-
ok
> health
health U=1,1,0/128/688 R=1,1,0/128/1630 F=1,1,0/128/1801 D=1,1,0/128/1587 L=1,1,0/128/686 B=1,1,0/128/1298 RING=1,1,0/128/1620
ok
> home
[align] motor 0 err=2 counts (0.2 steps)
[align] motor 1 err=0 counts (0.0 steps)
[align] motor 2 err=-6 counts (-0.6 steps)
[align] motor 3 err=0 counts (0.0 steps)
[align] motor 4 err=-3 counts (-0.3 steps)
[align] motor 5 err=-18 counts (-1.8 steps)
home code=0 ms=5 en=0
enc U=3133 R=1090 F=674 D=3503 L=1250 B=1235 RING=2768
near U=2:1 R=0:-1 F=3:-7 D=2:0 L=0:-1 B=0:-17
ok
> enc
enc U=3134 R=1091 F=675 D=3502 L=1249 B=1235 RING=2768
near U=2:2 R=0:0 F=3:-6 D=2:-1 L=0:-2 B=0:-17
ok
> health
health U=1,1,0/128/687 R=1,1,0/128/1629 F=1,1,0/128/1801 D=1,1,0/128/1586 L=1,1,0/128/685 B=1,1,0/128/1298 RING=1,1,0/128/1620
ok
> rep 100 F F'
mv F code=0 aligned=1 homed=- ms=119.0 U=3134,3133,-1,2,1 R=1092,1090,-2,0,-1 F=675,3746,-1,2,-2 D=3503,3503,0,2,0 L=1249,1250,1,0,-1 B=1236,1236,0,0,-16
mv F' code=0 aligned=1 homed=- ms=119.0 U=3134,3132,-2,2,0 R=1091,1090,-1,0,-1 F=3748,672,-4,3,-9 D=3503,3503,0,2,0 L=1249,1250,1,0,-1 B=1235,1235,0,0,-17
mv F code=0 aligned=1 homed=- ms=119.0 U=3134,3133,-1,2,1 R=1091,1090,-1,0,-1 F=672,3746,2,2,-2 D=3503,3502,-1,2,-1 L=1249,1250,1,0,-1 B=1236,1236,0,0,-16
mv F' code=0 aligned=1 homed=- ms=119.0 U=3134,3133,-1,2,1 R=1091,1090,-1,0,-1 F=3748,672,-4,3,-9 D=3503,3503,0,2,0 L=1249,1250,1,0,-1 B=1235,1236,1,0,-16
mv F code=0 aligned=1 homed=- ms=119.0 U=3134,3133,-1,2,1 R=1091,1090,-1,0,-1 F=672,3746,2,2,-2 D=3503,3503,0,2,0 L=1249,1250,1,0,-1 B=1236,1236,0,0,-16
mv F' code=0 aligned=1 homed=- ms=119.0 U=3134,3133,-1,2,1 R=1091,1090,-1,0,-1 F=3748,672,-4,3,-9 D=3503,3503,0,2,0 L=1249,1250,1,0,-1 B=1235,1235,0,0,-17
mv F code=0 aligned=1 homed=- ms=119.0 U=3134,3133,-1,2,1 R=1091,1090,-1,0,-1 F=672,3746,2,2,-2 D=3503,3503,0,2,0 L=1249,1250,1,0,-1 B=1236,1236,0,0,-16
mv F' code=0 aligned=1 homed=- ms=119.0 U=3134,3133,-1,2,1 R=1091,1090,-1,0,-1 F=3748,672,-4,3,-9 D=3503,3502,-1,2,-1 L=1249,1250,1,0,-1 B=1235,1236,1,0,-16
mv F code=0 aligned=1 homed=- ms=119.0 U=3134,3133,-1,2,1 R=1091,1090,-1,0,-1 F=672,3746,2,2,-2 D=3503,3502,-1,2,-1 L=1249,1250,1,0,-1 B=1235,1236,1,0,-16
mv F' code=0 aligned=1 homed=- ms=119.0 U=3134,3133,-1,2,1 R=1091,1090,-1,0,-1 F=3748,672,-4,3,-9 D=3503,3503,0,2,0 L=1249,1250,1,0,-1 B=1235,1235,0,0,-17
mv F code=0 aligned=1 homed=- ms=119.0 U=3134,3133,-1,2,1 R=1091,1090,-1,0,-1 F=672,3746,2,2,-2 D=3503,3502,-1,2,-1 L=1249,1249,0,0,-2 B=1236,1236,0,0,-16
mv F' code=0 aligned=1 homed=- ms=119.0 U=3134,3133,-1,2,1 R=1091,1090,-1,0,-1 F=3748,672,-4,3,-9 D=3503,3503,0,2,0 L=1249,1250,1,0,-1 B=1235,1236,1,0,-16
mv F code=0 aligned=1 homed=- ms=119.0 U=3134,3133,-1,2,1 R=1091,1090,-1,0,-1 F=672,3746,2,2,-2 D=3503,3503,0,2,0 L=1249,1250,1,0,-1 B=1236,1236,0,0,-16
mv F' code=0 aligned=1 homed=- ms=119.0 U=3134,3133,-1,2,1 R=1091,1090,-1,0,-1 F=3748,673,-3,3,-8 D=3503,3502,-1,2,-1 L=1249,1250,1,0,-1 B=1235,1236,1,0,-16
mv F code=0 aligned=1 homed=- ms=119.0 U=3134,3133,-1,2,1 R=1091,1090,-1,0,-1 F=672,3746,2,2,-2 D=3503,3502,-1,2,-1 L=1249,1250,1,0,-1 B=1235,1236,1,0,-16
mv F' code=0 aligned=1 homed=- ms=119.0 U=3134,3133,-1,2,1 R=1091,1090,-1,0,-1 F=3748,672,-4,3,-9 D=3503,3502,-1,2,-1 L=1250,1250,0,0,-1 B=1235,1235,0,0,-17
mv F code=0 aligned=1 homed=- ms=119.0 U=3134,3133,-1,2,1 R=1091,1090,-1,0,-1 F=672,3746,2,2,-2 D=3503,3502,-1,2,-1 L=1249,1250,1,0,-1 B=1235,1236,1,0,-16
mv F' code=0 aligned=1 homed=- ms=119.0 U=3134,3133,-1,2,1 R=1091,1090,-1,0,-1 F=3748,672,-4,3,-9 D=3503,3503,0,2,0 L=1249,1250,1,0,-1 B=1235,1236,1,0,-16
mv F code=0 aligned=1 homed=- ms=119.0 U=3134,3133,-1,2,1 R=1091,1090,-1,0,-1 F=672,3746,2,2,-2 D=3503,3502,-1,2,-1 L=1249,1250,1,0,-1 B=1236,1236,0,0,-16
mv F' code=0 aligned=1 homed=- ms=119.0 U=3134,3133,-1,2,1 R=1091,1090,-1,0,-1 F=3748,672,-4,3,-9 D=3503,3502,-1,2,-1 L=1249,1250,1,0,-1 B=1235,1235,0,0,-17
mv F code=0 aligned=1 homed=- ms=119.0 U=3134,3133,-1,2,1 R=1091,1090,-1,0,-1 F=672,3746,2,2,-2 D=3502,3503,1,2,0 L=1249,1250,1,0,-1 B=1236,1236,0,0,-16
mv F' code=0 aligned=1 homed=- ms=119.0 U=3134,3133,-1,2,1 R=1091,1090,-1,0,-1 F=3748,672,-4,3,-9 D=3503,3503,0,2,0 L=1249,1250,1,0,-1 B=1235,1236,1,0,-16
mv F code=0 aligned=1 homed=- ms=119.0 U=3134,3132,-2,2,0 R=1091,1090,-1,0,-1 F=672,3746,2,2,-2 D=3503,3503,0,2,0 L=1250,1250,0,0,-1 B=1235,1236,1,0,-16
mv F' code=0 aligned=1 homed=- ms=119.0 U=3134,3133,-1,2,1 R=1091,1090,-1,0,-1 F=3748,672,-4,3,-9 D=3503,3502,-1,2,-1 L=1249,1250,1,0,-1 B=1235,1236,1,0,-16
mv F code=0 aligned=1 homed=- ms=119.0 U=3134,3133,-1,2,1 R=1091,1090,-1,0,-1 F=672,3746,2,2,-2 D=3503,3503,0,2,0 L=1249,1250,1,0,-1 B=1235,1236,1,0,-16
mv F' code=0 aligned=1 homed=- ms=119.0 U=3134,3132,-2,2,0 R=1091,1091,0,0,0 F=3748,672,-4,3,-9 D=3503,3502,-1,2,-1 L=1249,1250,1,0,-1 B=1235,1236,1,0,-16
mv F code=0 aligned=1 homed=- ms=119.0 U=3134,3132,-2,2,0 R=1091,1090,-1,0,-1 F=672,3746,2,2,-2 D=3503,3502,-1,2,-1 L=1249,1250,1,0,-1 B=1236,1236,0,0,-16
mv F' code=0 aligned=1 homed=- ms=119.0 U=3134,3133,-1,2,1 R=1091,1090,-1,0,-1 F=3748,672,-4,3,-9 D=3503,3503,0,2,0 L=1249,1250,1,0,-1 B=1236,1236,0,0,-16
mv F code=0 aligned=1 homed=- ms=119.0 U=3134,3133,-1,2,1 R=1091,1090,-1,0,-1 F=672,3746,2,2,-2 D=3503,3503,0,2,0 L=1249,1250,1,0,-1 B=1235,1236,1,0,-16
mv F' code=0 aligned=1 homed=- ms=119.0 U=3134,3133,-1,2,1 R=1091,1090,-1,0,-1 F=3748,672,-4,3,-9 D=3503,3502,-1,2,-1 L=1249,1250,1,0,-1 B=1235,1236,1,0,-16
mv F code=0 aligned=1 homed=- ms=119.0 U=3134,3133,-1,2,1 R=1091,1090,-1,0,-1 F=672,3746,2,2,-2 D=3503,3503,0,2,0 L=1250,1250,0,0,-1 B=1235,1236,1,0,-16
mv F' code=0 aligned=1 homed=- ms=119.0 U=3134,3133,-1,2,1 R=1091,1090,-1,0,-1 F=3748,672,-4,3,-9 D=3503,3503,0,2,0 L=1249,1250,1,0,-1 B=1235,1236,1,0,-16
mv F code=0 aligned=1 homed=- ms=119.0 U=3134,3133,-1,2,1 R=1091,1090,-1,0,-1 F=672,3746,2,2,-2 D=3503,3503,0,2,0 L=1250,1250,0,0,-1 B=1235,1236,1,0,-16
mv F' code=0 aligned=1 homed=- ms=119.0 U=3134,3133,-1,2,1 R=1091,1090,-1,0,-1 F=3748,672,-4,3,-9 D=3503,3502,-1,2,-1 L=1249,1250,1,0,-1 B=1236,1236,0,0,-16
mv F code=0 aligned=1 homed=- ms=119.0 U=3134,3133,-1,2,1 R=1091,1090,-1,0,-1 F=672,3746,2,2,-2 D=3503,3502,-1,2,-1 L=1249,1250,1,0,-1 B=1236,1236,0,0,-16
mv F' code=0 aligned=1 homed=- ms=119.0 U=3135,3133,-2,2,1 R=1091,1090,-1,0,-1 F=3748,673,-3,3,-8 D=3503,3502,-1,2,-1 L=1250,1250,0,0,-1 B=1235,1235,0,0,-17
mv F code=0 aligned=1 homed=- ms=119.0 U=3134,3133,-1,2,1 R=1091,1090,-1,0,-1 F=672,3746,2,2,-2 D=3503,3503,0,2,0 L=1249,1249,0,0,-2 B=1236,1236,0,0,-16
mv F' code=0 aligned=1 homed=- ms=119.0 U=3134,3133,-1,2,1 R=1091,1090,-1,0,-1 F=3748,673,-3,3,-8 D=3503,3503,0,2,0 L=1249,1250,1,0,-1 B=1235,1236,1,0,-16
mv F code=0 aligned=1 homed=- ms=119.0 U=3134,3133,-1,2,1 R=1091,1090,-1,0,-1 F=672,3746,2,2,-2 D=3503,3503,0,2,0 L=1250,1250,0,0,-1 B=1236,1236,0,0,-16
mv F' code=0 aligned=1 homed=- ms=119.0 U=3134,3133,-1,2,1 R=1091,1090,-1,0,-1 F=3748,672,-4,3,-9 D=3503,3503,0,2,0 L=1249,1249,0,0,-2 B=1235,1235,0,0,-17
mv F code=0 aligned=1 homed=- ms=119.0 U=3134,3133,-1,2,1 R=1091,1091,0,0,0 F=672,3746,2,2,-2 D=3503,3502,-1,2,-1 L=1250,1250,0,0,-1 B=1236,1236,0,0,-16
mv F' code=0 aligned=1 homed=- ms=119.0 U=3134,3133,-1,2,1 R=1091,1090,-1,0,-1 F=3748,673,-3,3,-8 D=3503,3503,0,2,0 L=1249,1250,1,0,-1 B=1236,1235,-1,0,-17
mv F code=0 aligned=1 homed=- ms=119.0 U=3134,3133,-1,2,1 R=1091,1090,-1,0,-1 F=672,3746,2,2,-2 D=3503,3503,0,2,0 L=1249,1249,0,0,-2 B=1236,1236,0,0,-16
mv F' code=0 aligned=1 homed=- ms=119.0 U=3134,3133,-1,2,1 R=1091,1090,-1,0,-1 F=3748,672,-4,3,-9 D=3503,3503,0,2,0 L=1249,1250,1,0,-1 B=1235,1236,1,0,-16
mv F code=0 aligned=1 homed=- ms=119.0 U=3134,3133,-1,2,1 R=1091,1090,-1,0,-1 F=672,3746,2,2,-2 D=3503,3503,0,2,0 L=1249,1250,1,0,-1 B=1236,1236,0,0,-16
mv F' code=0 aligned=1 homed=- ms=119.0 U=3134,3133,-1,2,1 R=1091,1090,-1,0,-1 F=3748,673,-3,3,-8 D=3503,3503,0,2,0 L=1249,1250,1,0,-1 B=1235,1236,1,0,-16
mv F code=0 aligned=1 homed=- ms=119.0 U=3135,3133,-2,2,1 R=1091,1090,-1,0,-1 F=672,3746,2,2,-2 D=3503,3502,-1,2,-1 L=1249,1249,0,0,-2 B=1235,1236,1,0,-16
mv F' code=0 aligned=1 homed=- ms=119.0 U=3134,3133,-1,2,1 R=1091,1090,-1,0,-1 F=3748,673,-3,3,-8 D=3503,3503,0,2,0 L=1249,1250,1,0,-1 B=1236,1236,0,0,-16
mv F code=0 aligned=1 homed=- ms=119.0 U=3134,3133,-1,2,1 R=1091,1090,-1,0,-1 F=672,3746,2,2,-2 D=3503,3502,-1,2,-1 L=1249,1250,1,0,-1 B=1235,1236,1,0,-16
mv F' code=0 aligned=1 homed=- ms=119.0 U=3134,3133,-1,2,1 R=1091,1090,-1,0,-1 F=3748,672,-4,3,-9 D=3503,3503,0,2,0 L=1250,1250,0,0,-1 B=1235,1236,1,0,-16
mv F code=0 aligned=1 homed=- ms=119.0 U=3134,3133,-1,2,1 R=1091,1090,-1,0,-1 F=672,3746,2,2,-2 D=3503,3503,0,2,0 L=1249,1250,1,0,-1 B=1235,1236,1,0,-16
mv F' code=0 aligned=1 homed=- ms=119.0 U=3134,3133,-1,2,1 R=1091,1090,-1,0,-1 F=3748,673,-3,3,-8 D=3503,3503,0,2,0 L=1249,1249,0,0,-2 B=1236,1235,-1,0,-17
mv F code=0 aligned=1 homed=- ms=119.0 U=3134,3133,-1,2,1 R=1091,1090,-1,0,-1 F=672,3746,2,2,-2 D=3502,3503,1,2,0 L=1249,1249,0,0,-2 B=1236,1236,0,0,-16
mv F' code=0 aligned=1 homed=- ms=119.0 U=3134,3133,-1,2,1 R=1091,1090,-1,0,-1 F=3748,672,-4,3,-9 D=3503,3502,-1,2,-1 L=1249,1250,1,0,-1 B=1235,1235,0,0,-17
mv F code=0 aligned=1 homed=- ms=119.0 U=3134,3133,-1,2,1 R=1091,1090,-1,0,-1 F=672,3746,2,2,-2 D=3503,3502,-1,2,-1 L=1249,1250,1,0,-1 B=1236,1236,0,0,-16
mv F' code=0 aligned=1 homed=- ms=119.0 U=3134,3133,-1,2,1 R=1091,1090,-1,0,-1 F=3748,673,-3,3,-8 D=3503,3503,0,2,0 L=1249,1249,0,0,-2 B=1235,1236,1,0,-16
mv F code=0 aligned=1 homed=- ms=119.0 U=3134,3133,-1,2,1 R=1091,1090,-1,0,-1 F=672,3746,2,2,-2 D=3502,3503,1,2,0 L=1249,1250,1,0,-1 B=1235,1235,0,0,-17
mv F' code=0 aligned=1 homed=- ms=119.0 U=3134,3133,-1,2,1 R=1091,1090,-1,0,-1 F=3748,672,-4,3,-9 D=3502,3502,0,2,-1 L=1249,1250,1,0,-1 B=1236,1236,0,0,-16
mv F code=0 aligned=1 homed=- ms=119.0 U=3134,3133,-1,2,1 R=1091,1090,-1,0,-1 F=672,3746,2,2,-2 D=3503,3502,-1,2,-1 L=1249,1250,1,0,-1 B=1236,1235,-1,0,-17
mv F' code=0 aligned=1 homed=- ms=119.0 U=3134,3133,-1,2,1 R=1091,1090,-1,0,-1 F=3748,673,-3,3,-8 D=3502,3503,1,2,0 L=1249,1250,1,0,-1 B=1235,1236,1,0,-16
mv F code=0 aligned=1 homed=- ms=119.0 U=3134,3133,-1,2,1 R=1091,1090,-1,0,-1 F=672,3746,2,2,-2 D=3503,3502,-1,2,-1 L=1249,1249,0,0,-2 B=1236,1236,0,0,-16
mv F' code=0 aligned=1 homed=- ms=119.0 U=3134,3132,-2,2,0 R=1091,1090,-1,0,-1 F=3748,672,-4,3,-9 D=3502,3503,1,2,0 L=1249,1250,1,0,-1 B=1235,1236,1,0,-16
mv F code=0 aligned=1 homed=- ms=119.0 U=3134,3133,-1,2,1 R=1091,1090,-1,0,-1 F=672,3746,2,2,-2 D=3503,3502,-1,2,-1 L=1249,1250,1,0,-1 B=1236,1236,0,0,-16
mv F' code=0 aligned=1 homed=- ms=119.0 U=3134,3133,-1,2,1 R=1091,1090,-1,0,-1 F=3748,673,-3,3,-8 D=3502,3503,1,2,0 L=1249,1250,1,0,-1 B=1235,1236,1,0,-16
mv F code=0 aligned=1 homed=- ms=119.0 U=3135,3133,-2,2,1 R=1091,1090,-1,0,-1 F=672,3746,2,2,-2 D=3503,3502,-1,2,-1 L=1249,1250,1,0,-1 B=1235,1236,1,0,-16
mv F' code=0 aligned=1 homed=- ms=119.0 U=3134,3133,-1,2,1 R=1091,1090,-1,0,-1 F=3748,673,-3,3,-8 D=3503,3503,0,2,0 L=1249,1249,0,0,-2 B=1235,1235,0,0,-17
mv F code=0 aligned=1 homed=- ms=119.0 U=3134,3133,-1,2,1 R=1091,1090,-1,0,-1 F=672,3746,2,2,-2 D=3503,3502,-1,2,-1 L=1249,1250,1,0,-1 B=1235,1236,1,0,-16
mv F' code=0 aligned=1 homed=- ms=119.0 U=3134,3133,-1,2,1 R=1091,1090,-1,0,-1 F=3748,672,-4,3,-9 D=3502,3503,1,2,0 L=1249,1250,1,0,-1 B=1236,1236,0,0,-16
mv F code=0 aligned=1 homed=- ms=119.0 U=3134,3133,-1,2,1 R=1091,1090,-1,0,-1 F=672,3746,2,2,-2 D=3503,3503,0,2,0 L=1249,1250,1,0,-1 B=1236,1235,-1,0,-17
mv F' code=0 aligned=1 homed=- ms=119.0 U=3134,3133,-1,2,1 R=1091,1090,-1,0,-1 F=3748,672,-4,3,-9 D=3503,3503,0,2,0 L=1250,1250,0,0,-1 B=1235,1236,1,0,-16
mv F code=0 aligned=1 homed=- ms=119.0 U=3134,3133,-1,2,1 R=1091,1090,-1,0,-1 F=672,3746,2,2,-2 D=3503,3502,-1,2,-1 L=1249,1250,1,0,-1 B=1235,1236,1,0,-16
mv F' code=0 aligned=1 homed=- ms=119.0 U=3134,3133,-1,2,1 R=1091,1090,-1,0,-1 F=3748,673,-3,3,-8 D=3503,3503,0,2,0 L=1249,1250,1,0,-1 B=1236,1235,-1,0,-17
mv F code=0 aligned=1 homed=- ms=119.0 U=3134,3132,-2,2,0 R=1091,1090,-1,0,-1 F=673,3746,1,2,-2 D=3503,3503,0,2,0 L=1249,1250,1,0,-1 B=1235,1236,1,0,-16
mv F' code=0 aligned=1 homed=- ms=119.0 U=3134,3133,-1,2,1 R=1091,1090,-1,0,-1 F=3748,673,-3,3,-8 D=3503,3502,-1,2,-1 L=1249,1250,1,0,-1 B=1235,1236,1,0,-16
mv F code=0 aligned=1 homed=- ms=119.0 U=3134,3133,-1,2,1 R=1091,1090,-1,0,-1 F=672,3746,2,2,-2 D=3503,3502,-1,2,-1 L=1249,1250,1,0,-1 B=1235,1236,1,0,-16
mv F' code=0 aligned=1 homed=- ms=119.0 U=3134,3133,-1,2,1 R=1091,1090,-1,0,-1 F=3748,673,-3,3,-8 D=3503,3503,0,2,0 L=1249,1250,1,0,-1 B=1235,1236,1,0,-16
mv F code=0 aligned=1 homed=- ms=119.0 U=3134,3132,-2,2,0 R=1091,1090,-1,0,-1 F=672,3746,2,2,-2 D=3503,3503,0,2,0 L=1249,1250,1,0,-1 B=1236,1235,-1,0,-17
mv F' code=0 aligned=1 homed=- ms=119.0 U=3134,3133,-1,2,1 R=1091,1090,-1,0,-1 F=3748,673,-3,3,-8 D=3503,3503,0,2,0 L=1249,1250,1,0,-1 B=1235,1236,1,0,-16
mv F code=0 aligned=1 homed=- ms=119.0 U=3134,3133,-1,2,1 R=1091,1090,-1,0,-1 F=672,3746,2,2,-2 D=3503,3503,0,2,0 L=1249,1250,1,0,-1 B=1236,1236,0,0,-16
mv F' code=0 aligned=1 homed=- ms=119.0 U=3134,3133,-1,2,1 R=1091,1090,-1,0,-1 F=3748,672,-4,3,-9 D=3503,3502,-1,2,-1 L=1249,1250,1,0,-1 B=1236,1236,0,0,-16
mv F code=0 aligned=1 homed=- ms=119.0 U=3134,3133,-1,2,1 R=1091,1090,-1,0,-1 F=672,3746,2,2,-2 D=3503,3503,0,2,0 L=1249,1250,1,0,-1 B=1235,1235,0,0,-17
mv F' code=0 aligned=1 homed=- ms=119.0 U=3134,3132,-2,2,0 R=1091,1090,-1,0,-1 F=3748,672,-4,3,-9 D=3503,3503,0,2,0 L=1249,1250,1,0,-1 B=1235,1235,0,0,-17
mv F code=0 aligned=1 homed=- ms=119.0 U=3134,3133,-1,2,1 R=1091,1090,-1,0,-1 F=672,3746,2,2,-2 D=3503,3503,0,2,0 L=1249,1250,1,0,-1 B=1236,1236,0,0,-16
mv F' code=0 aligned=1 homed=- ms=119.0 U=3134,3133,-1,2,1 R=1091,1090,-1,0,-1 F=3748,673,-3,3,-8 D=3503,3503,0,2,0 L=1250,1249,-1,0,-2 B=1235,1236,1,0,-16
mv F code=0 aligned=1 homed=- ms=119.0 U=3134,3133,-1,2,1 R=1091,1090,-1,0,-1 F=672,3746,2,2,-2 D=3503,3502,-1,2,-1 L=1249,1250,1,0,-1 B=1235,1236,1,0,-16
mv F' code=0 aligned=1 homed=- ms=119.0 U=3134,3133,-1,2,1 R=1091,1090,-1,0,-1 F=3748,673,-3,3,-8 D=3503,3502,-1,2,-1 L=1249,1250,1,0,-1 B=1235,1235,0,0,-17
mv F code=0 aligned=1 homed=- ms=119.0 U=3134,3133,-1,2,1 R=1091,1090,-1,0,-1 F=672,3746,2,2,-2 D=3503,3503,0,2,0 L=1249,1250,1,0,-1 B=1236,1236,0,0,-16
mv F' code=0 aligned=1 homed=- ms=119.0 U=3134,3132,-2,2,0 R=1091,1090,-1,0,-1 F=3748,672,-4,3,-9 D=3503,3503,0,2,0 L=1249,1250,1,0,-1 B=1235,1235,0,0,-17
mv F code=0 aligned=1 homed=- ms=119.0 U=3134,3133,-1,2,1 R=1091,1090,-1,0,-1 F=672,3746,2,2,-2 D=3503,3503,0,2,0 L=1249,1250,1,0,-1 B=1235,1236,1,0,-16
mv F' code=0 aligned=1 homed=- ms=119.0 U=3134,3133,-1,2,1 R=1091,1090,-1,0,-1 F=3748,673,-3,3,-8 D=3503,3503,0,2,0 L=1249,1250,1,0,-1 B=1236,1236,0,0,-16
mv F code=0 aligned=1 homed=- ms=119.0 U=3134,3133,-1,2,1 R=1091,1090,-1,0,-1 F=672,3746,2,2,-2 D=3503,3503,0,2,0 L=1249,1250,1,0,-1 B=1235,1235,0,0,-17
mv F' code=0 aligned=1 homed=- ms=119.0 U=3134,3133,-1,2,1 R=1091,1090,-1,0,-1 F=3747,673,-2,3,-8 D=3503,3502,-1,2,-1 L=1250,1250,0,0,-1 B=1235,1236,1,0,-16
mv F code=0 aligned=1 homed=- ms=119.0 U=3134,3133,-1,2,1 R=1091,1090,-1,0,-1 F=672,3746,2,2,-2 D=3503,3503,0,2,0 L=1249,1249,0,0,-2 B=1236,1235,-1,0,-17
mv F' code=0 aligned=1 homed=- ms=119.0 U=3134,3133,-1,2,1 R=1091,1090,-1,0,-1 F=3748,673,-3,3,-8 D=3503,3503,0,2,0 L=1249,1250,1,0,-1 B=1235,1236,1,0,-16
mv F code=0 aligned=1 homed=- ms=119.0 U=3134,3133,-1,2,1 R=1091,1090,-1,0,-1 F=673,3746,1,2,-2 D=3503,3503,0,2,0 L=1249,1249,0,0,-2 B=1236,1236,0,0,-16
mv F' code=0 aligned=1 homed=- ms=119.0 U=3134,3133,-1,2,1 R=1091,1090,-1,0,-1 F=3747,673,-2,3,-8 D=3503,3502,-1,2,-1 L=1250,1250,0,0,-1 B=1235,1235,0,0,-17
mv F code=0 aligned=1 homed=- ms=119.0 U=3134,3132,-2,2,0 R=1091,1090,-1,0,-1 F=673,3746,1,2,-2 D=3503,3503,0,2,0 L=1249,1249,0,0,-2 B=1236,1235,-1,0,-17
mv F' code=0 aligned=1 homed=- ms=119.0 U=3134,3133,-1,2,1 R=1091,1090,-1,0,-1 F=3748,673,-3,3,-8 D=3503,3503,0,2,0 L=1249,1250,1,0,-1 B=1235,1236,1,0,-16
mv F code=0 aligned=1 homed=- ms=119.0 U=3134,3133,-1,2,1 R=1091,1090,-1,0,-1 F=672,3746,2,2,-2 D=3503,3503,0,2,0 L=1249,1250,1,0,-1 B=1236,1236,0,0,-16
mv F' code=0 aligned=1 homed=- ms=119.0 U=3134,3133,-1,2,1 R=1091,1090,-1,0,-1 F=3748,672,-4,3,-9 D=3503,3503,0,2,0 L=1249,1250,1,0,-1 B=1235,1236,1,0,-16
mv F code=0 aligned=1 homed=- ms=119.0 U=3134,3133,-1,2,1 R=1091,1090,-1,0,-1 F=672,3746,2,2,-2 D=3503,3503,0,2,0 L=1249,1250,1,0,-1 B=1236,1236,0,0,-16
mv F' code=0 aligned=1 homed=- ms=119.0 U=3134,3133,-1,2,1 R=1091,1090,-1,0,-1 F=3748,672,-4,3,-9 D=3503,3503,0,2,0 L=1250,1250,0,0,-1 B=1235,1236,1,0,-16
mv F code=0 aligned=1 homed=- ms=119.0 U=3134,3133,-1,2,1 R=1091,1090,-1,0,-1 F=672,3746,2,2,-2 D=3502,3503,1,2,0 L=1249,1249,0,0,-2 B=1235,1235,0,0,-17
mv F' code=0 aligned=1 homed=- ms=119.0 U=3134,3133,-1,2,1 R=1091,1090,-1,0,-1 F=3748,672,-4,3,-9 D=3503,3503,0,2,0 L=1249,1249,0,0,-2 B=1235,1236,1,0,-16
mv F code=0 aligned=1 homed=- ms=119.0 U=3134,3133,-1,2,1 R=1091,1090,-1,0,-1 F=672,3746,2,2,-2 D=3503,3503,0,2,0 L=1249,1250,1,0,-1 B=1235,1236,1,0,-16
mv F' code=0 aligned=1 homed=- ms=119.0 U=3134,3133,-1,2,1 R=1091,1090,-1,0,-1 F=3748,672,-4,3,-9 D=3503,3502,-1,2,-1 L=1249,1250,1,0,-1 B=1235,1236,1,0,-16
mv F code=0 aligned=1 homed=- ms=119.0 U=3134,3133,-1,2,1 R=1091,1090,-1,0,-1 F=672,3746,2,2,-2 D=3503,3502,-1,2,-1 L=1250,1250,0,0,-1 B=1236,1236,0,0,-16
mv F' code=0 aligned=1 homed=- ms=119.0 U=3134,3133,-1,2,1 R=1091,1090,-1,0,-1 F=3748,673,-3,3,-8 D=3503,3503,0,2,0 L=1249,1250,1,0,-1 B=1235,1236,1,0,-16
mv F code=0 aligned=1 homed=- ms=119.0 U=3134,3133,-1,2,1 R=1091,1090,-1,0,-1 F=672,3746,2,2,-2 D=3503,3503,0,2,0 L=1249,1250,1,0,-1 B=1235,1236,1,0,-16
mv F' code=0 aligned=1 homed=- ms=119.0 U=3135,3133,-2,2,1 R=1091,1090,-1,0,-1 F=3748,673,-3,3,-8 D=3503,3503,0,2,0 L=1249,1250,1,0,-1 B=1235,1236,1,0,-16
mv F code=0 aligned=1 homed=- ms=119.0 U=3134,3133,-1,2,1 R=1091,1090,-1,0,-1 F=672,3746,2,2,-2 D=3503,3502,-1,2,-1 L=1249,1250,1,0,-1 B=1235,1235,0,0,-17
mv F' code=0 aligned=1 homed=- ms=119.0 U=3134,3132,-2,2,0 R=1091,1090,-1,0,-1 F=3747,672,-3,3,-9 D=3503,3503,0,2,0 L=1249,1250,1,0,-1 B=1235,1235,0,0,-17
mv F code=0 aligned=1 homed=- ms=119.0 U=3135,3133,-2,2,1 R=1091,1090,-1,0,-1 F=672,3746,2,2,-2 D=3503,3503,0,2,0 L=1249,1250,1,0,-1 B=1235,1235,0,0,-17
mv F' code=0 aligned=1 homed=- ms=119.0 U=3134,3133,-1,2,1 R=1091,1090,-1,0,-1 F=3748,672,-4,3,-9 D=3502,3503,1,2,0 L=1249,1250,1,0,-1 B=1235,1236,1,0,-16
mv F code=0 aligned=1 homed=- ms=119.0 U=3134,3133,-1,2,1 R=1091,1090,-1,0,-1 F=672,3746,2,2,-2 D=3503,3502,-1,2,-1 L=1249,1250,1,0,-1 B=1235,1236,1,0,-16
mv F' code=0 aligned=1 homed=- ms=119.0 U=3134,3133,-1,2,1 R=1091,1090,-1,0,-1 F=3747,672,-3,3,-9 D=3503,3502,-1,2,-1 L=1249,1250,1,0,-1 B=1235,1235,0,0,-17
mv F code=0 aligned=1 homed=- ms=119.0 U=3134,3133,-1,2,1 R=1091,1090,-1,0,-1 F=672,3746,2,2,-2 D=3503,3502,-1,2,-1 L=1249,1250,1,0,-1 B=1236,1236,0,0,-16
mv F' code=0 aligned=1 homed=- ms=119.0 U=3134,3133,-1,2,1 R=1091,1090,-1,0,-1 F=3748,673,-3,3,-8 D=3503,3502,-1,2,-1 L=1249,1249,0,0,-2 B=1235,1236,1,0,-16
mv F code=0 aligned=1 homed=- ms=119.0 U=3134,3133,-1,2,1 R=1091,1090,-1,0,-1 F=672,3746,2,2,-2 D=3503,3503,0,2,0 L=1249,1250,1,0,-1 B=1236,1235,-1,0,-17
mv F' code=0 aligned=1 homed=- ms=119.0 U=3134,3133,-1,2,1 R=1091,1090,-1,0,-1 F=3748,672,-4,3,-9 D=3503,3503,0,2,0 L=1249,1250,1,0,-1 B=1235,1236,1,0,-16
mv F code=0 aligned=1 homed=- ms=119.0 U=3134,3133,-1,2,1 R=1091,1090,-1,0,-1 F=672,3746,2,2,-2 D=3503,3503,0,2,0 L=1249,1250,1,0,-1 B=1235,1236,1,0,-16
mv F' code=0 aligned=1 homed=- ms=119.0 U=3134,3133,-1,2,1 R=1091,1090,-1,0,-1 F=3748,673,-3,3,-8 D=3503,3503,0,2,0 L=1249,1250,1,0,-1 B=1235,1236,1,0,-16
mv F code=0 aligned=1 homed=- ms=119.0 U=3134,3132,-2,2,0 R=1091,1090,-1,0,-1 F=672,3746,2,2,-2 D=3503,3503,0,2,0 L=1249,1250,1,0,-1 B=1235,1236,1,0,-16
mv F' code=0 aligned=1 homed=- ms=119.0 U=3134,3133,-1,2,1 R=1091,1090,-1,0,-1 F=3748,672,-4,3,-9 D=3503,3502,-1,2,-1 L=1249,1250,1,0,-1 B=1236,1236,0,0,-16
mv F code=0 aligned=1 homed=- ms=119.0 U=3134,3133,-1,2,1 R=1091,1090,-1,0,-1 F=672,3746,2,2,-2 D=3503,3503,0,2,0 L=1249,1250,1,0,-1 B=1235,1236,1,0,-16
mv F' code=0 aligned=1 homed=- ms=119.0 U=3134,3133,-1,2,1 R=1091,1090,-1,0,-1 F=3748,672,-4,3,-9 D=3503,3503,0,2,0 L=1249,1250,1,0,-1 B=1235,1235,0,0,-17
mv F code=0 aligned=1 homed=- ms=119.0 U=3134,3133,-1,2,1 R=1091,1090,-1,0,-1 F=672,3746,2,2,-2 D=3503,3503,0,2,0 L=1249,1250,1,0,-1 B=1235,1235,0,0,-17
mv F' code=0 aligned=1 homed=- ms=119.0 U=3134,3133,-1,2,1 R=1091,1090,-1,0,-1 F=3748,672,-4,3,-9 D=3503,3502,-1,2,-1 L=1249,1250,1,0,-1 B=1235,1236,1,0,-16
mv F code=0 aligned=1 homed=- ms=119.0 U=3134,3133,-1,2,1 R=1091,1090,-1,0,-1 F=672,3746,2,2,-2 D=3503,3502,-1,2,-1 L=1249,1250,1,0,-1 B=1235,1236,1,0,-16
mv F' code=0 aligned=1 homed=- ms=119.0 U=3134,3133,-1,2,1 R=1091,1090,-1,0,-1 F=3748,672,-4,3,-9 D=3502,3503,1,2,0 L=1249,1249,0,0,-2 B=1235,1235,0,0,-17
mv F code=0 aligned=1 homed=- ms=119.0 U=3134,3133,-1,2,1 R=1091,1090,-1,0,-1 F=672,3746,2,2,-2 D=3503,3503,0,2,0 L=1249,1250,1,0,-1 B=1236,1235,-1,0,-17
mv F' code=0 aligned=1 homed=- ms=119.0 U=3134,3133,-1,2,1 R=1091,1090,-1,0,-1 F=3748,672,-4,3,-9 D=3503,3503,0,2,0 L=1249,1250,1,0,-1 B=1235,1235,0,0,-17
mv F code=0 aligned=1 homed=- ms=119.0 U=3134,3133,-1,2,1 R=1091,1090,-1,0,-1 F=672,3746,2,2,-2 D=3503,3503,0,2,0 L=1249,1250,1,0,-1 B=1235,1236,1,0,-16
mv F' code=0 aligned=1 homed=- ms=119.0 U=3134,3133,-1,2,1 R=1091,1090,-1,0,-1 F=3748,673,-3,3,-8 D=3503,3503,0,2,0 L=1249,1250,1,0,-1 B=1235,1236,1,0,-16
mv F code=0 aligned=1 homed=- ms=119.0 U=3134,3133,-1,2,1 R=1091,1090,-1,0,-1 F=672,3746,2,2,-2 D=3503,3503,0,2,0 L=1250,1249,-1,0,-2 B=1236,1236,0,0,-16
mv F' code=0 aligned=1 homed=- ms=119.0 U=3134,3133,-1,2,1 R=1091,1090,-1,0,-1 F=3748,673,-3,3,-8 D=3503,3502,-1,2,-1 L=1249,1250,1,0,-1 B=1236,1235,-1,0,-17
mv F code=0 aligned=1 homed=- ms=119.0 U=3134,3133,-1,2,1 R=1091,1090,-1,0,-1 F=672,3746,2,2,-2 D=3503,3503,0,2,0 L=1249,1250,1,0,-1 B=1235,1235,0,0,-17
mv F' code=0 aligned=1 homed=- ms=119.0 U=3134,3133,-1,2,1 R=1091,1090,-1,0,-1 F=3748,673,-3,3,-8 D=3503,3503,0,2,0 L=1249,1250,1,0,-1 B=1235,1236,1,0,-16
mv F code=0 aligned=1 homed=- ms=119.0 U=3134,3133,-1,2,1 R=1091,1090,-1,0,-1 F=672,3746,2,2,-2 D=3503,3503,0,2,0 L=1249,1249,0,0,-2 B=1235,1235,0,0,-17
mv F' code=0 aligned=1 homed=- ms=119.0 U=3134,3133,-1,2,1 R=1091,1090,-1,0,-1 F=3748,673,-3,3,-8 D=3503,3503,0,2,0 L=1249,1250,1,0,-1 B=1235,1236,1,0,-16
mv F code=0 aligned=1 homed=- ms=119.0 U=3134,3133,-1,2,1 R=1091,1090,-1,0,-1 F=672,3746,2,2,-2 D=3503,3503,0,2,0 L=1249,1249,0,0,-2 B=1235,1236,1,0,-16
mv F' code=0 aligned=1 homed=- ms=119.0 U=3134,3133,-1,2,1 R=1091,1090,-1,0,-1 F=3748,672,-4,3,-9 D=3503,3503,0,2,0 L=1249,1250,1,0,-1 B=1235,1236,1,0,-16
mv F code=0 aligned=1 homed=- ms=119.0 U=3135,3133,-2,2,1 R=1091,1090,-1,0,-1 F=672,3746,2,2,-2 D=3503,3503,0,2,0 L=1249,1250,1,0,-1 B=1235,1236,1,0,-16
mv F' code=0 aligned=1 homed=- ms=119.0 U=3134,3133,-1,2,1 R=1091,1090,-1,0,-1 F=3748,672,-4,3,-9 D=3503,3502,-1,2,-1 L=1249,1250,1,0,-1 B=1235,1236,1,0,-16
mv F code=0 aligned=1 homed=- ms=119.0 U=3134,3133,-1,2,1 R=1091,1090,-1,0,-1 F=672,3746,2,2,-2 D=3503,3503,0,2,0 L=1249,1250,1,0,-1 B=1235,1236,1,0,-16
mv F' code=0 aligned=1 homed=- ms=119.0 U=3134,3133,-1,2,1 R=1091,1090,-1,0,-1 F=3748,672,-4,3,-9 D=3503,3503,0,2,0 L=1249,1250,1,0,-1 B=1236,1235,-1,0,-17
mv F code=0 aligned=1 homed=- ms=119.0 U=3134,3133,-1,2,1 R=1091,1090,-1,0,-1 F=672,3746,2,2,-2 D=3503,3502,-1,2,-1 L=1249,1249,0,0,-2 B=1235,1236,1,0,-16
mv F' code=0 aligned=1 homed=- ms=119.0 U=3134,3133,-1,2,1 R=1091,1090,-1,0,-1 F=3748,672,-4,3,-9 D=3503,3503,0,2,0 L=1250,1250,0,0,-1 B=1236,1236,0,0,-16
mv F code=0 aligned=1 homed=- ms=119.0 U=3134,3133,-1,2,1 R=1091,1090,-1,0,-1 F=672,3746,2,2,-2 D=3503,3502,-1,2,-1 L=1249,1250,1,0,-1 B=1235,1236,1,0,-16
mv F' code=0 aligned=1 homed=- ms=119.0 U=3134,3133,-1,2,1 R=1091,1090,-1,0,-1 F=3747,673,-2,3,-8 D=3503,3503,0,2,0 L=1249,1250,1,0,-1 B=1235,1236,1,0,-16
mv F code=0 aligned=1 homed=- ms=119.0 U=3134,3133,-1,2,1 R=1091,1090,-1,0,-1 F=672,3746,2,2,-2 D=3503,3502,-1,2,-1 L=1250,1249,-1,0,-2 B=1236,1235,-1,0,-17
mv F' code=0 aligned=1 homed=- ms=119.0 U=3134,3133,-1,2,1 R=1091,1090,-1,0,-1 F=3748,672,-4,3,-9 D=3502,3503,1,2,0 L=1249,1250,1,0,-1 B=1235,1236,1,0,-16
mv F code=0 aligned=1 homed=- ms=119.0 U=3134,3133,-1,2,1 R=1091,1090,-1,0,-1 F=672,3746,2,2,-2 D=3503,3503,0,2,0 L=1249,1250,1,0,-1 B=1235,1236,1,0,-16
mv F' code=0 aligned=1 homed=- ms=119.0 U=3134,3133,-1,2,1 R=1091,1090,-1,0,-1 F=3748,673,-3,3,-8 D=3503,3502,-1,2,-1 L=1249,1250,1,0,-1 B=1235,1236,1,0,-16
mv F code=0 aligned=1 homed=- ms=119.0 U=3134,3133,-1,2,1 R=1091,1090,-1,0,-1 F=672,3746,2,2,-2 D=3503,3502,-1,2,-1 L=1250,1250,0,0,-1 B=1235,1236,1,0,-16
mv F' code=0 aligned=1 homed=- ms=119.0 U=3134,3133,-1,2,1 R=1091,1090,-1,0,-1 F=3748,673,-3,3,-8 D=3503,3503,0,2,0 L=1249,1250,1,0,-1 B=1235,1235,0,0,-17
mv F code=0 aligned=1 homed=- ms=119.0 U=3134,3133,-1,2,1 R=1091,1090,-1,0,-1 F=672,3746,2,2,-2 D=3503,3503,0,2,0 L=1249,1249,0,0,-2 B=1235,1236,1,0,-16
mv F' code=0 aligned=1 homed=- ms=119.0 U=3134,3132,-2,2,0 R=1091,1090,-1,0,-1 F=3748,673,-3,3,-8 D=3503,3503,0,2,0 L=1249,1250,1,0,-1 B=1236,1235,-1,0,-17
mv F code=0 aligned=1 homed=- ms=119.0 U=3134,3132,-2,2,0 R=1091,1090,-1,0,-1 F=672,3746,2,2,-2 D=3503,3503,0,2,0 L=1249,1250,1,0,-1 B=1235,1236,1,0,-16
mv F' code=0 aligned=1 homed=- ms=119.0 U=3134,3133,-1,2,1 R=1091,1090,-1,0,-1 F=3748,672,-4,3,-9 D=3503,3502,-1,2,-1 L=1249,1250,1,0,-1 B=1235,1236,1,0,-16
mv F code=0 aligned=1 homed=- ms=119.0 U=3134,3133,-1,2,1 R=1091,1090,-1,0,-1 F=672,3746,2,2,-2 D=3503,3503,0,2,0 L=1249,1250,1,0,-1 B=1236,1235,-1,0,-17
mv F' code=0 aligned=1 homed=- ms=119.0 U=3134,3132,-2,2,0 R=1091,1090,-1,0,-1 F=3748,673,-3,3,-8 D=3503,3502,-1,2,-1 L=1249,1250,1,0,-1 B=1235,1235,0,0,-17
mv F code=0 aligned=1 homed=- ms=119.0 U=3134,3133,-1,2,1 R=1091,1090,-1,0,-1 F=672,3746,2,2,-2 D=3503,3503,0,2,0 L=1249,1250,1,0,-1 B=1235,1235,0,0,-17
mv F' code=0 aligned=1 homed=- ms=119.0 U=3134,3133,-1,2,1 R=1091,1090,-1,0,-1 F=3748,673,-3,3,-8 D=3503,3503,0,2,0 L=1249,1250,1,0,-1 B=1235,1236,1,0,-16
mv F code=0 aligned=1 homed=- ms=119.0 U=3134,3133,-1,2,1 R=1091,1090,-1,0,-1 F=672,3746,2,2,-2 D=3502,3502,0,2,-1 L=1249,1249,0,0,-2 B=1236,1236,0,0,-16
mv F' code=0 aligned=1 homed=- ms=119.0 U=3134,3133,-1,2,1 R=1091,1090,-1,0,-1 F=3748,673,-3,3,-8 D=3503,3502,-1,2,-1 L=1249,1250,1,0,-1 B=1236,1235,-1,0,-17
mv F code=0 aligned=1 homed=- ms=119.0 U=3134,3133,-1,2,1 R=1091,1090,-1,0,-1 F=672,3746,2,2,-2 D=3502,3503,1,2,0 L=1250,1250,0,0,-1 B=1235,1235,0,0,-17
mv F' code=0 aligned=1 homed=- ms=119.0 U=3134,3133,-1,2,1 R=1091,1090,-1,0,-1 F=3747,673,-2,3,-8 D=3503,3503,0,2,0 L=1249,1250,1,0,-1 B=1235,1236,1,0,-16
mv F code=0 aligned=1 homed=- ms=119.0 U=3134,3132,-2,2,0 R=1091,1090,-1,0,-1 F=672,3746,2,2,-2 D=3503,3503,0,2,0 L=1249,1250,1,0,-1 B=1236,1236,0,0,-16
mv F' code=0 aligned=1 homed=- ms=119.0 U=3134,3133,-1,2,1 R=1091,1090,-1,0,-1 F=3747,673,-2,3,-8 D=3503,3502,-1,2,-1 L=1249,1249,0,0,-2 B=1235,1236,1,0,-16
mv F code=0 aligned=1 homed=- ms=119.0 U=3134,3132,-2,2,0 R=1091,1090,-1,0,-1 F=672,3746,2,2,-2 D=3503,3503,0,2,0 L=1249,1249,0,0,-2 B=1236,1236,0,0,-16
mv F' code=0 aligned=1 homed=- ms=119.0 U=3134,3132,-2,2,0 R=1091,1090,-1,0,-1 F=3748,673,-3,3,-8 D=3503,3503,0,2,0 L=1249,1249,0,0,-2 B=1235,1236,1,0,-16
mv F code=0 aligned=1 homed=- ms=119.0 U=3134,3133,-1,2,1 R=1091,1090,-1,0,-1 F=672,3746,2,2,-2 D=3503,3503,0,2,0 L=1249,1250,1,0,-1 B=1235,1236,1,0,-16
mv F' code=0 aligned=1 homed=- ms=119.0 U=3134,3133,-1,2,1 R=1091,1090,-1,0,-1 F=3748,672,-4,3,-9 D=3503,3503,0,2,0 L=1249,1250,1,0,-1 B=1235,1236,1,0,-16
mv F code=0 aligned=1 homed=- ms=119.0 U=3134,3133,-1,2,1 R=1091,1090,-1,0,-1 F=672,3746,2,2,-2 D=3503,3503,0,2,0 L=1249,1250,1,0,-1 B=1235,1236,1,0,-16
mv F' code=0 aligned=1 homed=- ms=119.0 U=3134,3133,-1,2,1 R=1091,1090,-1,0,-1 F=3748,672,-4,3,-9 D=3503,3502,-1,2,-1 L=1249,1250,1,0,-1 B=1235,1236,1,0,-16
mv F code=0 aligned=1 homed=- ms=119.0 U=3134,3133,-1,2,1 R=1091,1090,-1,0,-1 F=672,3746,2,2,-2 D=3503,3503,0,2,0 L=1249,1250,1,0,-1 B=1235,1235,0,0,-17
mv F' code=0 aligned=1 homed=- ms=119.0 U=3134,3133,-1,2,1 R=1091,1090,-1,0,-1 F=3748,672,-4,3,-9 D=3503,3502,-1,2,-1 L=1250,1250,0,0,-1 B=1235,1236,1,0,-16
mv F code=0 aligned=1 homed=- ms=119.0 U=3134,3133,-1,2,1 R=1091,1090,-1,0,-1 F=672,3746,2,2,-2 D=3502,3502,0,2,-1 L=1249,1250,1,0,-1 B=1236,1235,-1,0,-17
mv F' code=0 aligned=1 homed=- ms=119.0 U=3135,3133,-2,2,1 R=1091,1090,-1,0,-1 F=3748,672,-4,3,-9 D=3503,3503,0,2,0 L=1249,1250,1,0,-1 B=1235,1236,1,0,-16
mv F code=0 aligned=1 homed=- ms=119.0 U=3134,3133,-1,2,1 R=1091,1090,-1,0,-1 F=672,3746,2,2,-2 D=3503,3503,0,2,0 L=1249,1250,1,0,-1 B=1235,1236,1,0,-16
mv F' code=0 aligned=1 homed=- ms=119.0 U=3134,3133,-1,2,1 R=1091,1090,-1,0,-1 F=3748,672,-4,3,-9 D=3503,3503,0,2,0 L=1249,1250,1,0,-1 B=1235,1236,1,0,-16
mv F code=0 aligned=1 homed=- ms=119.0 U=3134,3133,-1,2,1 R=1091,1090,-1,0,-1 F=672,3746,2,2,-2 D=3503,3502,-1,2,-1 L=1249,1250,1,0,-1 B=1236,1236,0,0,-16
mv F' code=0 aligned=1 homed=- ms=119.0 U=3134,3132,-2,2,0 R=1091,1090,-1,0,-1 F=3748,673,-3,3,-8 D=3503,3502,-1,2,-1 L=1249,1250,1,0,-1 B=1236,1236,0,0,-16
mv F code=0 aligned=1 homed=- ms=119.0 U=3134,3133,-1,2,1 R=1091,1090,-1,0,-1 F=672,3746,2,2,-2 D=3503,3503,0,2,0 L=1250,1249,-1,0,-2 B=1236,1235,-1,0,-17
mv F' code=0 aligned=1 homed=- ms=119.0 U=3134,3133,-1,2,1 R=1091,1090,-1,0,-1 F=3748,672,-4,3,-9 D=3503,3503,0,2,0 L=1249,1250,1,0,-1 B=1236,1236,0,0,-16
mv F code=0 aligned=1 homed=- ms=119.0 U=3134,3133,-1,2,1 R=1091,1090,-1,0,-1 F=672,3746,2,2,-2 D=3503,3502,-1,2,-1 L=1249,1250,1,0,-1 B=1236,1235,-1,0,-17
mv F' code=0 aligned=1 homed=- ms=119.0 U=3134,3133,-1,2,1 R=1091,1090,-1,0,-1 F=3748,673,-3,3,-8 D=3503,3503,0,2,0 L=1249,1250,1,0,-1 B=1235,1236,1,0,-16
mv F code=0 aligned=1 homed=- ms=119.0 U=3135,3133,-2,2,1 R=1091,1090,-1,0,-1 F=672,3746,2,2,-2 D=3503,3503,0,2,0 L=1249,1250,1,0,-1 B=1235,1236,1,0,-16
mv F' code=0 aligned=1 homed=- ms=119.0 U=3134,3133,-1,2,1 R=1091,1090,-1,0,-1 F=3748,672,-4,3,-9 D=3503,3503,0,2,0 L=1249,1250,1,0,-1 B=1236,1236,0,0,-16
mv F code=0 aligned=1 homed=- ms=119.0 U=3135,3133,-2,2,1 R=1091,1090,-1,0,-1 F=672,3746,2,2,-2 D=3503,3503,0,2,0 L=1249,1249,0,0,-2 B=1235,1236,1,0,-16
mv F' code=0 aligned=1 homed=- ms=119.0 U=3134,3132,-2,2,0 R=1091,1090,-1,0,-1 F=3748,673,-3,3,-8 D=3503,3503,0,2,0 L=1249,1250,1,0,-1 B=1236,1236,0,0,-16
mv F code=0 aligned=1 homed=- ms=119.0 U=3134,3133,-1,2,1 R=1091,1090,-1,0,-1 F=672,3746,2,2,-2 D=3503,3502,-1,2,-1 L=1249,1250,1,0,-1 B=1235,1236,1,0,-16
mv F' code=0 aligned=1 homed=- ms=119.0 U=3134,3133,-1,2,1 R=1091,1090,-1,0,-1 F=3748,673,-3,3,-8 D=3503,3503,0,2,0 L=1249,1250,1,0,-1 B=1236,1236,0,0,-16
mv F code=0 aligned=1 homed=- ms=119.0 U=3134,3132,-2,2,0 R=1091,1090,-1,0,-1 F=672,3746,2,2,-2 D=3503,3502,-1,2,-1 L=1249,1250,1,0,-1 B=1235,1236,1,0,-16
mv F' code=0 aligned=1 homed=- ms=119.0 U=3134,3133,-1,2,1 R=1091,1090,-1,0,-1 F=3748,673,-3,3,-8 D=3503,3503,0,2,0 L=1250,1250,0,0,-1 B=1235,1235,0,0,-17
mv F code=0 aligned=1 homed=- ms=119.0 U=3134,3133,-1,2,1 R=1091,1090,-1,0,-1 F=672,3746,2,2,-2 D=3503,3502,-1,2,-1 L=1249,1250,1,0,-1 B=1235,1236,1,0,-16
mv F' code=0 aligned=1 homed=- ms=119.0 U=3134,3132,-2,2,0 R=1091,1090,-1,0,-1 F=3748,672,-4,3,-9 D=3503,3503,0,2,0 L=1250,1250,0,0,-1 B=1235,1236,1,0,-16
mv F code=0 aligned=1 homed=- ms=119.0 U=3134,3133,-1,2,1 R=1091,1090,-1,0,-1 F=672,3746,2,2,-2 D=3503,3503,0,2,0 L=1249,1250,1,0,-1 B=1235,1236,1,0,-16
mv F' code=0 aligned=1 homed=- ms=119.0 U=3134,3133,-1,2,1 R=1091,1090,-1,0,-1 F=3748,672,-4,3,-9 D=3503,3502,-1,2,-1 L=1249,1250,1,0,-1 B=1235,1236,1,0,-16
rep moves=200 notaligned=0 homings=0 failures=0 avgms=119.0
res U=- R=- F=200,-0.8,2.9,4 D=- L=- B=-
ok
> home
[align] motor 0 err=2 counts (0.2 steps)
[align] motor 1 err=0 counts (0.0 steps)
[align] motor 2 err=-7 counts (-0.7 steps)
[align] motor 3 err=0 counts (0.0 steps)
[align] motor 4 err=-3 counts (-0.3 steps)
[align] motor 5 err=-18 counts (-1.8 steps)
home code=0 ms=6 en=0
enc U=3133 R=1090 F=672 D=3503 L=1250 B=1236 RING=2768
near U=2:1 R=0:-1 F=3:-9 D=2:0 L=0:-1 B=0:-16
ok
> enc
enc U=3134 R=1091 F=673 D=3502 L=1249 B=1235 RING=2768
near U=2:2 R=0:0 F=3:-8 D=2:-1 L=0:-2 B=0:-17
ok
> rep 50 F F F F
mv F code=0 aligned=1 homed=- ms=119.0 U=3134,3133,-1,2,1 R=1091,1090,-1,0,-1 F=673,3746,1,2,-2 D=3502,3503,1,2,0 L=1249,1250,1,0,-1 B=1235,1236,1,0,-16
mv F code=0 aligned=1 homed=- ms=119.0 U=3134,3133,-1,2,1 R=1091,1090,-1,0,-1 F=3748,2713,-11,1,-1 D=3503,3503,0,2,0 L=1249,1250,1,0,-1 B=1235,1236,1,0,-16
mv F code=0 aligned=1 homed=- ms=119.0 U=3134,3133,-1,2,1 R=1091,1090,-1,0,-1 F=2714,1694,4,0,-2 D=3503,3502,-1,2,-1 L=1249,1250,1,0,-1 B=1235,1235,0,0,-17
mv F code=0 aligned=1 homed=- ms=119.0 U=3135,3133,-2,2,1 R=1091,1090,-1,0,-1 F=1696,673,1,3,-8 D=3503,3503,0,2,0 L=1249,1250,1,0,-1 B=1235,1236,1,0,-16
mv F code=0 aligned=1 homed=- ms=119.0 U=3134,3133,-1,2,1 R=1091,1090,-1,0,-1 F=674,3746,0,2,-2 D=3503,3503,0,2,0 L=1249,1250,1,0,-1 B=1235,1235,0,0,-17
mv F code=0 aligned=1 homed=- ms=119.0 U=3134,3133,-1,2,1 R=1091,1090,-1,0,-1 F=3748,2713,-11,1,-1 D=3503,3503,0,2,0 L=1249,1250,1,0,-1 B=1235,1236,1,0,-16
mv F code=0 aligned=1 homed=- ms=119.0 U=3134,3133,-1,2,1 R=1091,1090,-1,0,-1 F=2714,1694,4,0,-2 D=3503,3503,0,2,0 L=1250,1250,0,0,-1 B=1236,1236,0,0,-16
mv F code=0 aligned=1 homed=- ms=119.0 U=3134,3133,-1,2,1 R=1091,1090,-1,0,-1 F=1696,673,1,3,-8 D=3503,3503,0,2,0 L=1249,1250,1,0,-1 B=1235,1236,1,0,-16
mv F code=0 aligned=1 homed=- ms=119.0 U=3134,3133,-1,2,1 R=1091,1090,-1,0,-1 F=674,3746,0,2,-2 D=3503,3503,0,2,0 L=1249,1250,1,0,-1 B=1235,1236,1,0,-16
mv F code=0 aligned=1 homed=- ms=119.0 U=3134,3133,-1,2,1 R=1091,1090,-1,0,-1 F=3748,2713,-11,1,-1 D=3503,3502,-1,2,-1 L=1249,1250,1,0,-1 B=1235,1236,1,0,-16
mv F code=0 aligned=1 homed=- ms=119.0 U=3134,3133,-1,2,1 R=1091,1090,-1,0,-1 F=2714,1694,4,0,-2 D=3503,3503,0,2,0 L=1249,1250,1,0,-1 B=1235,1236,1,0,-16
mv F code=0 aligned=1 homed=- ms=119.0 U=3134,3133,-1,2,1 R=1091,1090,-1,0,-1 F=1696,673,1,3,-8 D=3503,3503,0,2,0 L=1249,1250,1,0,-1 B=1236,1236,0,0,-16
mv F code=0 aligned=1 homed=- ms=119.0 U=3134,3133,-1,2,1 R=1091,1090,-1,0,-1 F=674,3746,0,2,-2 D=3503,3503,0,2,0 L=1249,1250,1,0,-1 B=1236,1235,-1,0,-17
mv F code=0 aligned=1 homed=- ms=119.0 U=3134,3133,-1,2,1 R=1091,1090,-1,0,-1 F=3748,2713,-11,1,-1 D=3503,3502,-1,2,-1 L=1249,1250,1,0,-1 B=1235,1236,1,0,-16
mv F code=0 aligned=1 homed=- ms=119.0 U=3134,3133,-1,2,1 R=1091,1090,-1,0,-1 F=2714,1694,4,0,-2 D=3503,3503,0,2,0 L=1249,1250,1,0,-1 B=1235,1236,1,0,-16
mv F code=0 aligned=1 homed=- ms=119.0 U=3134,3133,-1,2,1 R=1091,1090,-1,0,-1 F=1696,673,1,3,-8 D=3503,3503,0,2,0 L=1249,1250,1,0,-1 B=1235,1236,1,0,-16
mv F code=0 aligned=1 homed=- ms=119.0 U=3134,3133,-1,2,1 R=1091,1090,-1,0,-1 F=674,3746,0,2,-2 D=3502,3503,1,2,0 L=1249,1250,1,0,-1 B=1235,1236,1,0,-16
mv F code=0 aligned=1 homed=- ms=119.0 U=3134,3133,-1,2,1 R=1091,1090,-1,0,-1 F=3748,2713,-11,1,-1 D=3503,3503,0,2,0 L=1249,1250,1,0,-1 B=1236,1236,0,0,-16
mv F code=0 aligned=1 homed=- ms=119.0 U=3134,3133,-1,2,1 R=1091,1090,-1,0,-1 F=2714,1694,4,0,-2 D=3503,3502,-1,2,-1 L=1249,1249,0,0,-2 B=1236,1236,0,0,-16
mv F code=0 aligned=1 homed=- ms=119.0 U=3134,3133,-1,2,1 R=1091,1090,-1,0,-1 F=1696,673,1,3,-8 D=3503,3503,0,2,0 L=1249,1250,1,0,-1 B=1236,1236,0,0,-16
mv F code=0 aligned=1 homed=- ms=119.0 U=3134,3133,-1,2,1 R=1091,1090,-1,0,-1 F=674,3746,0,2,-2 D=3503,3503,0,2,0 L=1249,1250,1,0,-1 B=1235,1236,1,0,-16
mv F code=0 aligned=1 homed=- ms=119.0 U=3134,3133,-1,2,1 R=1091,1090,-1,0,-1 F=3748,2713,-11,1,-1 D=3503,3503,0,2,0 L=1249,1250,1,0,-1 B=1236,1236,0,0,-16
mv F code=0 aligned=1 homed=- ms=119.0 U=3134,3133,-1,2,1 R=1091,1090,-1,0,-1 F=2714,1694,4,0,-2 D=3503,3503,0,2,0 L=1249,1250,1,0,-1 B=1235,1236,1,0,-16
mv F code=0 aligned=1 homed=- ms=119.0 U=3134,3133,-1,2,1 R=1091,1090,-1,0,-1 F=1696,673,1,3,-8 D=3502,3502,0,2,-1 L=1249,1250,1,0,-1 B=1235,1235,0,0,-17
mv F code=0 aligned=1 homed=- ms=119.0 U=3134,3133,-1,2,1 R=1091,1090,-1,0,-1 F=674,3746,0,2,-2 D=3503,3502,-1,2,-1 L=1249,1250,1,0,-1 B=1236,1236,0,0,-16
mv F code=0 aligned=1 homed=- ms=119.0 U=3134,3133,-1,2,1 R=1091,1090,-1,0,-1 F=3748,2713,-11,1,-1 D=3503,3503,0,2,0 L=1249,1250,1,0,-1 B=1236,1236,0,0,-16
mv F code=0 aligned=1 homed=- ms=119.0 U=3134,3133,-1,2,1 R=1091,1090,-1,0,-1 F=2714,1694,4,0,-2 D=3503,3503,0,2,0 L=1249,1250,1,0,-1 B=1235,1236,1,0,-16
mv F code=0 aligned=1 homed=- ms=119.0 U=3134,3133,-1,2,1 R=1091,1090,-1,0,-1 F=1696,673,1,3,-8 D=3503,3502,-1,2,-1 L=1249,1250,1,0,-1 B=1236,1236,0,0,-16
mv F code=0 aligned=1 homed=- ms=119.0 U=3134,3133,-1,2,1 R=1091,1090,-1,0,-1 F=674,3746,0,2,-2 D=3503,3503,0,2,0 L=1249,1250,1,0,-1 B=1235,1236,1,0,-16
mv F code=0 aligned=1 homed=- ms=119.0 U=3134,3133,-1,2,1 R=1091,1090,-1,0,-1 F=3748,2713,-11,1,-1 D=3503,3503,0,2,0 L=1250,1250,0,0,-1 B=1235,1236,1,0,-16
mv F code=0 aligned=1 homed=- ms=119.0 U=3134,3133,-1,2,1 R=1091,1090,-1,0,-1 F=2714,1694,4,0,-2 D=3503,3502,-1,2,-1 L=1249,1250,1,0,-1 B=1235,1236,1,0,-16
mv F code=0 aligned=1 homed=- ms=119.0 U=3134,3133,-1,2,1 R=1091,1090,-1,0,-1 F=1696,673,1,3,-8 D=3503,3503,0,2,0 L=1249,1250,1,0,-1 B=1236,1236,0,0,-16
mv F code=0 aligned=1 homed=- ms=119.0 U=3134,3133,-1,2,1 R=1091,1090,-1,0,-1 F=674,3746,0,2,-2 D=3503,3502,-1,2,-1 L=1249,1250,1,0,-1 B=1235,1236,1,0,-16
mv F code=0 aligned=1 homed=- ms=119.0 U=3134,3133,-1,2,1 R=1091,1090,-1,0,-1 F=3748,2713,-11,1,-1 D=3502,3502,0,2,-1 L=1249,1250,1,0,-1 B=1235,1236,1,0,-16
mv F code=0 aligned=1 homed=- ms=119.0 U=3134,3133,-1,2,1 R=1091,1090,-1,0,-1 F=2714,1694,4,0,-2 D=3503,3503,0,2,0 L=1249,1250,1,0,-1 B=1236,1236,0,0,-16
mv F code=0 aligned=1 homed=- ms=119.0 U=3134,3133,-1,2,1 R=1091,1090,-1,0,-1 F=1696,673,1,3,-8 D=3503,3503,0,2,0 L=1249,1250,1,0,-1 B=1235,1236,1,0,-16
mv F code=0 aligned=1 homed=- ms=119.0 U=3135,3133,-2,2,1 R=1091,1090,-1,0,-1 F=674,3746,0,2,-2 D=3503,3502,-1,2,-1 L=1249,1250,1,0,-1 B=1235,1236,1,0,-16
mv F code=0 aligned=1 homed=- ms=119.0 U=3134,3133,-1,2,1 R=1091,1090,-1,0,-1 F=3748,2713,-11,1,-1 D=3503,3503,0,2,0 L=1249,1250,1,0,-1 B=1235,1236,1,0,-16
mv F code=0 aligned=1 homed=- ms=119.0 U=3135,3133,-2,2,1 R=1091,1090,-1,0,-1 F=2714,1694,4,0,-2 D=3503,3503,0,2,0 L=1249,1250,1,0,-1 B=1235,1236,1,0,-16
mv F code=0 aligned=1 homed=- ms=119.0 U=3134,3132,-2,2,0 R=1091,1090,-1,0,-1 F=1696,673,1,3,-8 D=3503,3503,0,2,0 L=1249,1250,1,0,-1 B=1235,1236,1,0,-16
mv F code=0 aligned=1 homed=- ms=119.0 U=3134,3133,-1,2,1 R=1091,1090,-1,0,-1 F=674,3746,0,2,-2 D=3503,3503,0,2,0 L=1249,1250,1,0,-1 B=1235,1236,1,0,-16
mv F code=0 aligned=1 homed=- ms=119.0 U=3134,3133,-1,2,1 R=1091,1090,-1,0,-1 F=3748,2713,-11,1,-1 D=3503,3503,0,2,0 L=1249,1250,1,0,-1 B=1236,1236,0,0,-16
mv F code=0 aligned=1 homed=- ms=119.0 U=3134,3132,-2,2,0 R=1091,1090,-1,0,-1 F=2714,1694,4,0,-2 D=3503,3502,-1,2,-1 L=1249,1250,1,0,-1 B=1236,1235,-1,0,-17
mv F code=0 aligned=1 homed=- ms=119.0 U=3134,3132,-2,2,0 R=1091,1090,-1,0,-1 F=1696,673,1,3,-8 D=3503,3503,0,2,0 L=1249,1250,1,0,-1 B=1236,1236,0,0,-16
mv F code=0 aligned=1 homed=- ms=119.0 U=3134,3133,-1,2,1 R=1091,1090,-1,0,-1 F=674,3747,1,2,-1 D=3503,3503,0,2,0 L=1249,1250,1,0,-1 B=1236,1236,0,0,-16
mv F code=0 aligned=1 homed=- ms=119.0 U=3134,3133,-1,2,1 R=1091,1090,-1,0,-1 F=3748,2713,-11,1,-1 D=3503,3503,0,2,0 L=1249,1250,1,0,-1 B=1235,1236,1,0,-16
mv F code=0 aligned=1 homed=- ms=119.0 U=3134,3133,-1,2,1 R=1091,1090,-1,0,-1 F=2714,1694,4,0,-2 D=3502,3503,1,2,0 L=1249,1249,0,0,-2 B=1235,1236,1,0,-16
mv F code=0 aligned=1 homed=- ms=119.0 U=3134,3133,-1,2,1 R=1091,1090,-1,0,-1 F=1696,673,1,3,-8 D=3502,3503,1,2,0 L=1249,1250,1,0,-1 B=1235,1236,1,0,-16
mv F code=0 aligned=1 homed=- ms=119.0 U=3134,3133,-1,2,1 R=1091,1090,-1,0,-1 F=674,3746,0,2,-2 D=3503,3502,-1,2,-1 L=1249,1250,1,0,-1 B=1235,1236,1,0,-16
mv F code=0 aligned=1 homed=- ms=119.0 U=3134,3133,-1,2,1 R=1091,1090,-1,0,-1 F=3748,2713,-11,1,-1 D=3503,3502,-1,2,-1 L=1249,1250,1,0,-1 B=1235,1236,1,0,-16
mv F code=0 aligned=1 homed=- ms=119.0 U=3134,3133,-1,2,1 R=1091,1090,-1,0,-1 F=2714,1694,4,0,-2 D=3503,3502,-1,2,-1 L=1249,1249,0,0,-2 B=1235,1236,1,0,-16
mv F code=0 aligned=1 homed=- ms=119.0 U=3134,3133,-1,2,1 R=1091,1090,-1,0,-1 F=1696,673,1,3,-8 D=3503,3502,-1,2,-1 L=1249,1250,1,0,-1 B=1235,1236,1,0,-16
mv F code=0 aligned=1 homed=- ms=119.0 U=3134,3133,-1,2,1 R=1091,1090,-1,0,-1 F=674,3746,0,2,-2 D=3503,3503,0,2,0 L=1249,1250,1,0,-1 B=1235,1236,1,0,-16
mv F code=0 aligned=1 homed=- ms=119.0 U=3134,3133,-1,2,1 R=1091,1090,-1,0,-1 F=3748,2713,-11,1,-1 D=3503,3502,-1,2,-1 L=1249,1250,1,0,-1 B=1236,1236,0,0,-16
mv F code=0 aligned=1 homed=- ms=119.0 U=3134,3133,-1,2,1 R=1091,1090,-1,0,-1 F=2714,1694,4,0,-2 D=3503,3503,0,2,0 L=1249,1250,1,0,-1 B=1235,1236,1,0,-16
mv F code=0 aligned=1 homed=- ms=119.0 U=3134,3133,-1,2,1 R=1091,1090,-1,0,-1 F=1696,673,1,3,-8 D=3503,3502,-1,2,-1 L=1249,1250,1,0,-1 B=1235,1236,1,0,-16
mv F code=0 aligned=1 homed=- ms=119.0 U=3134,3132,-2,2,0 R=1091,1090,-1,0,-1 F=674,3746,0,2,-2 D=3503,3503,0,2,0 L=1249,1250,1,0,-1 B=1235,1236,1,0,-16
mv F code=0 aligned=1 homed=- ms=119.0 U=3134,3133,-1,2,1 R=1091,1090,-1,0,-1 F=3748,2713,-11,1,-1 D=3503,3503,0,2,0 L=1249,1250,1,0,-1 B=1235,1235,0,0,-17
mv F code=0 aligned=1 homed=- ms=119.0 U=3134,3133,-1,2,1 R=1091,1090,-1,0,-1 F=2714,1694,4,0,-2 D=3503,3503,0,2,0 L=1249,1250,1,0,-1 B=1236,1236,0,0,-16
mv F code=0 aligned=1 homed=- ms=119.0 U=3134,3133,-1,2,1 R=1091,1091,0,0,0 F=1696,673,1,3,-8 D=3503,3503,0,2,0 L=1249,1249,0,0,-2 B=1235,1236,1,0,-16
mv F code=0 aligned=1 homed=- ms=119.0 U=3134,3133,-1,2,1 R=1091,1090,-1,0,-1 F=674,3746,0,2,-2 D=3503,3503,0,2,0 L=1249,1250,1,0,-1 B=1235,1236,1,0,-16
mv F code=0 aligned=1 homed=- ms=119.0 U=3134,3133,-1,2,1 R=1091,1090,-1,0,-1 F=3748,2713,-11,1,-1 D=3503,3503,0,2,0 L=1249,1250,1,0,-1 B=1236,1236,0,0,-16
mv F code=0 aligned=1 homed=- ms=119.0 U=3134,3133,-1,2,1 R=1091,1090,-1,0,-1 F=2714,1694,4,0,-2 D=3503,3503,0,2,0 L=1249,1250,1,0,-1 B=1235,1235,0,0,-17
mv F code=0 aligned=1 homed=- ms=119.0 U=3134,3133,-1,2,1 R=1091,1090,-1,0,-1 F=1695,673,2,3,-8 D=3503,3503,0,2,0 L=1249,1250,1,0,-1 B=1236,1236,0,0,-16
mv F code=0 aligned=1 homed=- ms=119.0 U=3134,3133,-1,2,1 R=1091,1090,-1,0,-1 F=674,3747,1,2,-1 D=3503,3503,0,2,0 L=1249,1250,1,0,-1 B=1236,1236,0,0,-16
mv F code=0 aligned=1 homed=- ms=119.0 U=3134,3133,-1,2,1 R=1091,1090,-1,0,-1 F=3748,2713,-11,1,-1 D=3503,3503,0,2,0 L=1250,1250,0,0,-1 B=1235,1236,1,0,-16
mv F code=0 aligned=1 homed=- ms=119.0 U=3134,3132,-2,2,0 R=1091,1090,-1,0,-1 F=2714,1694,4,0,-2 D=3503,3503,0,2,0 L=1249,1250,1,0,-1 B=1235,1236,1,0,-16
mv F code=0 aligned=1 homed=- ms=119.0 U=3134,3133,-1,2,1 R=1091,1090,-1,0,-1 F=1695,673,2,3,-8 D=3503,3503,0,2,0 L=1249,1250,1,0,-1 B=1235,1236,1,0,-16
mv F code=0 aligned=1 homed=- ms=119.0 U=3134,3133,-1,2,1 R=1091,1090,-1,0,-1 F=674,3746,0,2,-2 D=3503,3503,0,2,0 L=1249,1250,1,0,-1 B=1236,1236,0,0,-16
mv F code=0 aligned=1 homed=- ms=119.0 U=3134,3133,-1,2,1 R=1091,1090,-1,0,-1 F=3748,2713,-11,1,-1 D=3503,3502,-1,2,-1 L=1249,1249,0,0,-2 B=1235,1236,1,0,-16
mv F code=0 aligned=1 homed=- ms=119.0 U=3134,3133,-1,2,1 R=1091,1090,-1,0,-1 F=2714,1694,4,0,-2 D=3503,3503,0,2,0 L=1249,1250,1,0,-1 B=1235,1236,1,0,-16
mv F code=0 aligned=1 homed=- ms=119.0 U=3134,3133,-1,2,1 R=1091,1090,-1,0,-1 F=1695,673,2,3,-8 D=3503,3503,0,2,0 L=1249,1250,1,0,-1 B=1235,1236,1,0,-16
mv F code=0 aligned=1 homed=- ms=119.0 U=3134,3133,-1,2,1 R=1091,1090,-1,0,-1 F=674,3746,0,2,-2 D=3503,3503,0,2,0 L=1249,1250,1,0,-1 B=1235,1236,1,0,-16
mv F code=0 aligned=1 homed=- ms=119.0 U=3134,3133,-1,2,1 R=1091,1090,-1,0,-1 F=3748,2713,-11,1,-1 D=3503,3502,-1,2,-1 L=1249,1250,1,0,-1 B=1235,1236,1,0,-16
mv F code=0 aligned=1 homed=- ms=119.0 U=3134,3133,-1,2,1 R=1091,1090,-1,0,-1 F=2714,1694,4,0,-2 D=3503,3503,0,2,0 L=1249,1249,0,0,-2 B=1236,1236,0,0,-16
mv F code=0 aligned=1 homed=- ms=119.0 U=3134,3133,-1,2,1 R=1091,1090,-1,0,-1 F=1696,673,1,3,-8 D=3503,3502,-1,2,-1 L=1249,1250,1,0,-1 B=1235,1236,1,0,-16
mv F code=0 aligned=1 homed=- ms=119.0 U=3134,3133,-1,2,1 R=1091,1090,-1,0,-1 F=674,3747,1,2,-1 D=3503,3503,0,2,0 L=1249,1250,1,0,-1 B=1235,1236,1,0,-16
mv F code=0 aligned=1 homed=- ms=119.0 U=3134,3133,-1,2,1 R=1091,1090,-1,0,-1 F=3748,2713,-11,1,-1 D=3503,3502,-1,2,-1 L=1249,1250,1,0,-1 B=1236,1236,0,0,-16
mv F code=0 aligned=1 homed=- ms=119.0 U=3134,3133,-1,2,1 R=1091,1090,-1,0,-1 F=2714,1694,4,0,-2 D=3503,3503,0,2,0 L=1249,1250,1,0,-1 B=1235,1236,1,0,-16
mv F code=0 aligned=1 homed=- ms=119.0 U=3134,3133,-1,2,1 R=1091,1090,-1,0,-1 F=1696,673,1,3,-8 D=3503,3503,0,2,0 L=1249,1249,0,0,-2 B=1235,1236,1,0,-16
mv F code=0 aligned=1 homed=- ms=119.0 U=3134,3133,-1,2,1 R=1091,1090,-1,0,-1 F=674,3746,0,2,-2 D=3503,3503,0,2,0 L=1249,1250,1,0,-1 B=1236,1236,0,0,-16
mv F code=0 aligned=1 homed=- ms=119.0 U=3134,3133,-1,2,1 R=1091,1090,-1,0,-1 F=3748,2713,-11,1,-1 D=3503,3503,0,2,0 L=1249,1250,1,0,-1 B=1235,1236,1,0,-16
mv F code=0 aligned=1 homed=- ms=119.0 U=3134,3133,-1,2,1 R=1091,1090,-1,0,-1 F=2714,1694,4,0,-2 D=3502,3502,0,2,-1 L=1249,1250,1,0,-1 B=1235,1236,1,0,-16
mv F code=0 aligned=1 homed=- ms=119.0 U=3134,3133,-1,2,1 R=1091,1090,-1,0,-1 F=1696,673,1,3,-8 D=3503,3503,0,2,0 L=1249,1250,1,0,-1 B=1235,1236,1,0,-16
mv F code=0 aligned=1 homed=- ms=119.0 U=3134,3133,-1,2,1 R=1091,1090,-1,0,-1 F=674,3746,0,2,-2 D=3503,3503,0,2,0 L=1249,1250,1,0,-1 B=1235,1235,0,0,-17
mv F code=0 aligned=1 homed=- ms=119.0 U=3134,3133,-1,2,1 R=1091,1090,-1,0,-1 F=3748,2713,-11,1,-1 D=3503,3502,-1,2,-1 L=1249,1250,1,0,-1 B=1235,1235,0,0,-17
mv F code=0 aligned=1 homed=- ms=119.0 U=3134,3133,-1,2,1 R=1091,1090,-1,0,-1 F=2714,1694,4,0,-2 D=3503,3502,-1,2,-1 L=1249,1250,1,0,-1 B=1235,1235,0,0,-17
mv F code=0 aligned=1 homed=- ms=119.0 U=3134,3132,-2,2,0 R=1091,1090,-1,0,-1 F=1696,673,1,3,-8 D=3503,3503,0,2,0 L=1249,1250,1,0,-1 B=1236,1236,0,0,-16
mv F code=0 aligned=1 homed=- ms=119.0 U=3134,3133,-1,2,1 R=1091,1090,-1,0,-1 F=674,3746,0,2,-2 D=3503,3503,0,2,0 L=1249,1250,1,0,-1 B=1235,1236,1,0,-16
mv F code=0 aligned=1 homed=- ms=119.0 U=3134,3132,-2,2,0 R=1091,1091,0,0,0 F=3748,2713,-11,1,-1 D=3503,3502,-1,2,-1 L=1249,1249,0,0,-2 B=1235,1236,1,0,-16
mv F code=0 aligned=1 homed=- ms=119.0 U=3134,3133,-1,2,1 R=1091,1090,-1,0,-1 F=2714,1694,4,0,-2 D=3503,3503,0,2,0 L=1249,1250,1,0,-1 B=1235,1236,1,0,-16
mv F code=0 aligned=1 homed=- ms=119.0 U=3134,3133,-1,2,1 R=1091,1090,-1,0,-1 F=1696,673,1,3,-8 D=3503,3503,0,2,0 L=1249,1250,1,0,-1 B=1235,1236,1,0,-16
mv F code=0 aligned=1 homed=- ms=119.0 U=3134,3133,-1,2,1 R=1091,1090,-1,0,-1 F=674,3746,0,2,-2 D=3503,3503,0,2,0 L=1249,1250,1,0,-1 B=1236,1236,0,0,-16
mv F code=0 aligned=1 homed=- ms=119.0 U=3134,3133,-1,2,1 R=1091,1090,-1,0,-1 F=3748,2713,-11,1,-1 D=3503,3503,0,2,0 L=1249,1250,1,0,-1 B=1235,1236,1,0,-16
mv F code=0 aligned=1 homed=- ms=119.0 U=3135,3133,-2,2,1 R=1091,1090,-1,0,-1 F=2714,1694,4,0,-2 D=3503,3503,0,2,0 L=1249,1250,1,0,-1 B=1235,1235,0,0,-17
mv F code=0 aligned=1 homed=- ms=119.0 U=3135,3133,-2,2,1 R=1091,1090,-1,0,-1 F=1696,673,1,3,-8 D=3503,3502,-1,2,-1 L=1250,1249,-1,0,-2 B=1236,1236,0,0,-16
mv F code=0 aligned=1 homed=- ms=119.0 U=3134,3133,-1,2,1 R=1091,1090,-1,0,-1 F=674,3746,0,2,-2 D=3503,3503,0,2,0 L=1249,1250,1,0,-1 B=1235,1236,1,0,-16
mv F code=0 aligned=1 homed=- ms=119.0 U=3134,3133,-1,2,1 R=1091,1090,-1,0,-1 F=3748,2713,-11,1,-1 D=3503,3502,-1,2,-1 L=1249,1249,0,0,-2 B=1235,1236,1,0,-16
mv F code=0 aligned=1 homed=- ms=119.0 U=3134,3133,-1,2,1 R=1091,1090,-1,0,-1 F=2714,1694,4,0,-2 D=3503,3502,-1,2,-1 L=1249,1249,0,0,-2 B=1235,1236,1,0,-16
mv F code=0 aligned=1 homed=- ms=119.0 U=3134,3132,-2,2,0 R=1091,1090,-1,0,-1 F=1696,673,1,3,-8 D=3503,3503,0,2,0 L=1249,1250,1,0,-1 B=1235,1236,1,0,-16
mv F code=0 aligned=1 homed=- ms=119.0 U=3134,3132,-2,2,0 R=1091,1090,-1,0,-1 F=674,3746,0,2,-2 D=3503,3503,0,2,0 L=1249,1250,1,0,-1 B=1236,1236,0,0,-16
mv F code=0 aligned=1 homed=- ms=119.0 U=3134,3133,-1,2,1 R=1091,1090,-1,0,-1 F=3748,2713,-11,1,-1 D=3503,3503,0,2,0 L=1249,1250,1,0,-1 B=1235,1235,0,0,-17
mv F code=0 aligned=1 homed=- ms=119.0 U=3134,3133,-1,2,1 R=1091,1090,-1,0,-1 F=2714,1694,4,0,-2 D=3503,3502,-1,2,-1 L=1249,1250,1,0,-1 B=1235,1236,1,0,-16
mv F code=0 aligned=1 homed=- ms=119.0 U=3134,3133,-1,2,1 R=1091,1090,-1,0,-1 F=1696,673,1,3,-8 D=3503,3503,0,2,0 L=1249,1250,1,0,-1 B=1235,1236,1,0,-16
mv F code=0 aligned=1 homed=- ms=119.0 U=3134,3133,-1,2,1 R=1091,1090,-1,0,-1 F=674,3746,0,2,-2 D=3503,3503,0,2,0 L=1249,1249,0,0,-2 B=1235,1236,1,0,-16
mv F code=0 aligned=1 homed=- ms=119.0 U=3134,3133,-1,2,1 R=1091,1090,-1,0,-1 F=3748,2713,-11,1,-1 D=3503,3503,0,2,0 L=1249,1250,1,0,-1 B=1235,1235,0,0,-17
mv F code=0 aligned=1 homed=- ms=119.0 U=3134,3133,-1,2,1 R=1091,1090,-1,0,-1 F=2714,1694,4,0,-2 D=3503,3503,0,2,0 L=1249,1250,1,0,-1 B=1235,1236,1,0,-16
mv F code=0 aligned=1 homed=- ms=119.0 U=3134,3133,-1,2,1 R=1091,1090,-1,0,-1 F=1696,673,1,3,-8 D=3503,3503,0,2,0 L=1249,1250,1,0,-1 B=1236,1235,-1,0,-17
mv F code=0 aligned=1 homed=- ms=119.0 U=3134,3133,-1,2,1 R=1091,1090,-1,0,-1 F=674,3746,0,2,-2 D=3503,3503,0,2,0 L=1249,1249,0,0,-2 B=1236,1236,0,0,-16
mv F code=0 aligned=1 homed=- ms=119.0 U=3134,3132,-2,2,0 R=1091,1090,-1,0,-1 F=3748,2713,-11,1,-1 D=3502,3503,1,2,0 L=1249,1250,1,0,-1 B=1235,1236,1,0,-16
mv F code=0 aligned=1 homed=- ms=119.0 U=3134,3133,-1,2,1 R=1091,1090,-1,0,-1 F=2714,1694,4,0,-2 D=3503,3502,-1,2,-1 L=1249,1249,0,0,-2 B=1236,1236,0,0,-16
mv F code=0 aligned=1 homed=- ms=119.0 U=3134,3133,-1,2,1 R=1091,1090,-1,0,-1 F=1696,673,1,3,-8 D=3503,3503,0,2,0 L=1249,1249,0,0,-2 B=1235,1236,1,0,-16
mv F code=0 aligned=1 homed=- ms=119.0 U=3134,3133,-1,2,1 R=1091,1090,-1,0,-1 F=674,3746,0,2,-2 D=3502,3502,0,2,-1 L=1249,1250,1,0,-1 B=1236,1236,0,0,-16
mv F code=0 aligned=1 homed=- ms=119.0 U=3134,3133,-1,2,1 R=1091,1090,-1,0,-1 F=3748,2713,-11,1,-1 D=3502,3502,0,2,-1 L=1249,1250,1,0,-1 B=1235,1236,1,0,-16
mv F code=0 aligned=1 homed=- ms=119.0 U=3134,3133,-1,2,1 R=1091,1090,-1,0,-1 F=2714,1694,4,0,-2 D=3503,3503,0,2,0 L=1249,1250,1,0,-1 B=1236,1235,-1,0,-17
mv F code=0 aligned=1 homed=- ms=119.0 U=3134,3133,-1,2,1 R=1091,1090,-1,0,-1 F=1696,673,1,3,-8 D=3503,3503,0,2,0 L=1249,1250,1,0,-1 B=1235,1235,0,0,-17
mv F code=0 aligned=1 homed=- ms=119.0 U=3134,3133,-1,2,1 R=1091,1090,-1,0,-1 F=674,3746,0,2,-2 D=3503,3503,0,2,0 L=1249,1250,1,0,-1 B=1236,1236,0,0,-16
mv F code=0 aligned=1 homed=- ms=119.0 U=3134,3132,-2,2,0 R=1091,1090,-1,0,-1 F=3748,2713,-11,1,-1 D=3503,3503,0,2,0 L=1249,1250,1,0,-1 B=1235,1236,1,0,-16
mv F code=0 aligned=1 homed=- ms=119.0 U=3134,3133,-1,2,1 R=1091,1090,-1,0,-1 F=2714,1694,4,0,-2 D=3503,3503,0,2,0 L=1249,1250,1,0,-1 B=1235,1235,0,0,-17
mv F code=0 aligned=1 homed=- ms=119.0 U=3134,3133,-1,2,1 R=1091,1090,-1,0,-1 F=1696,673,1,3,-8 D=3503,3503,0,2,0 L=1249,1250,1,0,-1 B=1235,1235,0,0,-17
mv F code=0 aligned=1 homed=- ms=119.0 U=3134,3133,-1,2,1 R=1091,1090,-1,0,-1 F=674,3746,0,2,-2 D=3503,3503,0,2,0 L=1249,1250,1,0,-1 B=1236,1236,0,0,-16
mv F code=0 aligned=1 homed=- ms=119.0 U=3135,3133,-2,2,1 R=1091,1090,-1,0,-1 F=3748,2713,-11,1,-1 D=3503,3503,0,2,0 L=1250,1250,0,0,-1 B=1236,1236,0,0,-16
mv F code=0 aligned=1 homed=- ms=119.0 U=3134,3133,-1,2,1 R=1091,1090,-1,0,-1 F=2714,1694,4,0,-2 D=3503,3502,-1,2,-1 L=1249,1250,1,0,-1 B=1235,1235,0,0,-17
mv F code=0 aligned=1 homed=- ms=119.0 U=3134,3133,-1,2,1 R=1091,1090,-1,0,-1 F=1695,673,2,3,-8 D=3502,3503,1,2,0 L=1250,1249,-1,0,-2 B=1236,1236,0,0,-16
mv F code=0 aligned=1 homed=- ms=119.0 U=3134,3133,-1,2,1 R=1091,1090,-1,0,-1 F=674,3746,0,2,-2 D=3503,3503,0,2,0 L=1249,1250,1,0,-1 B=1235,1236,1,0,-16
mv F code=0 aligned=1 homed=- ms=119.0 U=3134,3132,-2,2,0 R=1091,1090,-1,0,-1 F=3748,2713,-11,1,-1 D=3503,3502,-1,2,-1 L=1250,1250,0,0,-1 B=1235,1236,1,0,-16
mv F code=0 aligned=1 homed=- ms=119.0 U=3134,3133,-1,2,1 R=1091,1090,-1,0,-1 F=2714,1694,4,0,-2 D=3503,3503,0,2,0 L=1249,1250,1,0,-1 B=1235,1235,0,0,-17
mv F code=0 aligned=1 homed=- ms=119.0 U=3134,3133,-1,2,1 R=1091,1090,-1,0,-1 F=1696,673,1,3,-8 D=3503,3503,0,2,0 L=1249,1250,1,0,-1 B=1235,1236,1,0,-16
mv F code=0 aligned=1 homed=- ms=119.0 U=3134,3133,-1,2,1 R=1091,1090,-1,0,-1 F=674,3746,0,2,-2 D=3503,3503,0,2,0 L=1249,1250,1,0,-1 B=1235,1236,1,0,-16
mv F code=0 aligned=1 homed=- ms=119.0 U=3134,3133,-1,2,1 R=1091,1090,-1,0,-1 F=3748,2713,-11,1,-1 D=3503,3503,0,2,0 L=1249,1249,0,0,-2 B=1235,1236,1,0,-16
mv F code=0 aligned=1 homed=- ms=119.0 U=3134,3133,-1,2,1 R=1091,1090,-1,0,-1 F=2714,1694,4,0,-2 D=3503,3503,0,2,0 L=1249,1249,0,0,-2 B=1235,1236,1,0,-16
mv F code=0 aligned=1 homed=- ms=119.0 U=3134,3133,-1,2,1 R=1091,1090,-1,0,-1 F=1696,673,1,3,-8 D=3503,3502,-1,2,-1 L=1249,1250,1,0,-1 B=1235,1236,1,0,-16
mv F code=0 aligned=1 homed=- ms=119.0 U=3134,3133,-1,2,1 R=1091,1090,-1,0,-1 F=674,3746,0,2,-2 D=3502,3502,0,2,-1 L=1249,1250,1,0,-1 B=1235,1236,1,0,-16
mv F code=0 aligned=1 homed=- ms=119.0 U=3134,3132,-2,2,0 R=1091,1090,-1,0,-1 F=3748,2713,-11,1,-1 D=3503,3502,-1,2,-1 L=1249,1250,1,0,-1 B=1235,1236,1,0,-16
mv F code=0 aligned=1 homed=- ms=119.0 U=3134,3133,-1,2,1 R=1091,1090,-1,0,-1 F=2714,1694,4,0,-2 D=3503,3502,-1,2,-1 L=1250,1249,-1,0,-2 B=1235,1235,0,0,-17
mv F code=0 aligned=1 homed=- ms=119.0 U=3134,3133,-1,2,1 R=1091,1090,-1,0,-1 F=1696,673,1,3,-8 D=3503,3503,0,2,0 L=1249,1250,1,0,-1 B=1236,1236,0,0,-16
mv F code=0 aligned=1 homed=- ms=119.0 U=3134,3133,-1,2,1 R=1091,1090,-1,0,-1 F=674,3746,0,2,-2 D=3503,3503,0,2,0 L=1249,1250,1,0,-1 B=1235,1235,0,0,-17
mv F code=0 aligned=1 homed=- ms=119.0 U=3135,3133,-2,2,1 R=1091,1090,-1,0,-1 F=3748,2713,-11,1,-1 D=3503,3503,0,2,0 L=1249,1250,1,0,-1 B=1235,1236,1,0,-16
mv F code=0 aligned=1 homed=- ms=119.0 U=3134,3133,-1,2,1 R=1091,1090,-1,0,-1 F=2714,1694,4,0,-2 D=3503,3502,-1,2,-1 L=1249,1250,1,0,-1 B=1236,1236,0,0,-16
mv F code=0 aligned=1 homed=- ms=119.0 U=3135,3133,-2,2,1 R=1091,1090,-1,0,-1 F=1696,673,1,3,-8 D=3503,3502,-1,2,-1 L=1249,1250,1,0,-1 B=1235,1235,0,0,-17
mv F code=0 aligned=1 homed=- ms=119.0 U=3134,3133,-1,2,1 R=1091,1090,-1,0,-1 F=674,3746,0,2,-2 D=3503,3503,0,2,0 L=1249,1250,1,0,-1 B=1236,1236,0,0,-16
mv F code=0 aligned=1 homed=- ms=119.0 U=3134,3133,-1,2,1 R=1091,1090,-1,0,-1 F=3748,2713,-11,1,-1 D=3502,3502,0,2,-1 L=1249,1250,1,0,-1 B=1236,1236,0,0,-16
mv F code=0 aligned=1 homed=- ms=119.0 U=3134,3133,-1,2,1 R=1091,1090,-1,0,-1 F=2714,1694,4,0,-2 D=3503,3503,0,2,0 L=1249,1250,1,0,-1 B=1235,1236,1,0,-16
mv F code=0 aligned=1 homed=- ms=119.0 U=3134,3133,-1,2,1 R=1091,1090,-1,0,-1 F=1696,673,1,3,-8 D=3503,3503,0,2,0 L=1249,1250,1,0,-1 B=1235,1236,1,0,-16
mv F code=0 aligned=1 homed=- ms=119.0 U=3134,3133,-1,2,1 R=1091,1090,-1,0,-1 F=674,3746,0,2,-2 D=3503,3503,0,2,0 L=1249,1250,1,0,-1 B=1235,1235,0,0,-17
mv F code=0 aligned=1 homed=- ms=119.0 U=3134,3132,-2,2,0 R=1091,1090,-1,0,-1 F=3748,2713,-11,1,-1 D=3503,3502,-1,2,-1 L=1249,1250,1,0,-1 B=1235,1235,0,0,-17
mv F code=0 aligned=1 homed=- ms=119.0 U=3134,3133,-1,2,1 R=1091,1090,-1,0,-1 F=2714,1694,4,0,-2 D=3503,3503,0,2,0 L=1249,1250,1,0,-1 B=1235,1235,0,0,-17
mv F code=0 aligned=1 homed=- ms=119.0 U=3134,3133,-1,2,1 R=1091,1090,-1,0,-1 F=1696,673,1,3,-8 D=3503,3502,-1,2,-1 L=1249,1250,1,0,-1 B=1235,1236,1,0,-16
mv F code=0 aligned=1 homed=- ms=119.0 U=3134,3133,-1,2,1 R=1091,1090,-1,0,-1 F=674,3746,0,2,-2 D=3503,3503,0,2,0 L=1249,1250,1,0,-1 B=1235,1236,1,0,-16
mv F code=0 aligned=1 homed=- ms=119.0 U=3134,3133,-1,2,1 R=1091,1090,-1,0,-1 F=3748,2713,-11,1,-1 D=3503,3503,0,2,0 L=1249,1250,1,0,-1 B=1236,1236,0,0,-16
mv F code=0 aligned=1 homed=- ms=119.0 U=3134,3133,-1,2,1 R=1091,1090,-1,0,-1 F=2714,1694,4,0,-2 D=3503,3503,0,2,0 L=1249,1250,1,0,-1 B=1235,1235,0,0,-17
mv F code=0 aligned=1 homed=- ms=119.0 U=3134,3133,-1,2,1 R=1091,1090,-1,0,-1 F=1696,673,1,3,-8 D=3503,3503,0,2,0 L=1249,1249,0,0,-2 B=1236,1236,0,0,-16
mv F code=0 aligned=1 homed=- ms=119.0 U=3134,3133,-1,2,1 R=1091,1090,-1,0,-1 F=674,3746,0,2,-2 D=3503,3502,-1,2,-1 L=1249,1250,1,0,-1 B=1235,1236,1,0,-16
mv F code=0 aligned=1 homed=- ms=119.0 U=3134,3132,-2,2,0 R=1091,1090,-1,0,-1 F=3748,2713,-11,1,-1 D=3503,3502,-1,2,-1 L=1249,1250,1,0,-1 B=1235,1236,1,0,-16
mv F code=0 aligned=1 homed=- ms=119.0 U=3134,3133,-1,2,1 R=1091,1090,-1,0,-1 F=2714,1694,4,0,-2 D=3503,3503,0,2,0 L=1249,1250,1,0,-1 B=1235,1236,1,0,-16
mv F code=0 aligned=1 homed=- ms=119.0 U=3134,3133,-1,2,1 R=1091,1090,-1,0,-1 F=1696,673,1,3,-8 D=3503,3503,0,2,0 L=1250,1250,0,0,-1 B=1235,1236,1,0,-16
mv F code=0 aligned=1 homed=- ms=119.0 U=3134,3133,-1,2,1 R=1091,1090,-1,0,-1 F=674,3746,0,2,-2 D=3503,3502,-1,2,-1 L=1249,1249,0,0,-2 B=1235,1236,1,0,-16
mv F code=0 aligned=1 homed=- ms=119.0 U=3134,3133,-1,2,1 R=1091,1090,-1,0,-1 F=3748,2713,-11,1,-1 D=3503,3503,0,2,0 L=1250,1250,0,0,-1 B=1235,1236,1,0,-16
mv F code=0 aligned=1 homed=- ms=119.0 U=3134,3133,-1,2,1 R=1091,1090,-1,0,-1 F=2714,1694,4,0,-2 D=3503,3503,0,2,0 L=1249,1250,1,0,-1 B=1235,1236,1,0,-16
mv F code=0 aligned=1 homed=- ms=119.0 U=3134,3133,-1,2,1 R=1091,1090,-1,0,-1 F=1696,673,1,3,-8 D=3503,3503,0,2,0 L=1249,1250,1,0,-1 B=1235,1235,0,0,-17
mv F code=0 aligned=1 homed=- ms=119.0 U=3134,3133,-1,2,1 R=1091,1090,-1,0,-1 F=674,3746,0,2,-2 D=3503,3502,-1,2,-1 L=1249,1250,1,0,-1 B=1236,1235,-1,0,-17
mv F code=0 aligned=1 homed=- ms=119.0 U=3134,3132,-2,2,0 R=1091,1090,-1,0,-1 F=3748,2713,-11,1,-1 D=3503,3503,0,2,0 L=1249,1250,1,0,-1 B=1235,1235,0,0,-17
mv F code=0 aligned=1 homed=- ms=119.0 U=3134,3133,-1,2,1 R=1091,1090,-1,0,-1 F=2714,1694,4,0,-2 D=3503,3502,-1,2,-1 L=1249,1250,1,0,-1 B=1235,1236,1,0,-16
mv F code=0 aligned=1 homed=- ms=119.0 U=3134,3133,-1,2,1 R=1091,1090,-1,0,-1 F=1696,673,1,3,-8 D=3503,3502,-1,2,-1 L=1249,1250,1,0,-1 B=1236,1236,0,0,-16
mv F code=0 aligned=1 homed=- ms=119.0 U=3134,3133,-1,2,1 R=1091,1090,-1,0,-1 F=674,3746,0,2,-2 D=3503,3502,-1,2,-1 L=1249,1250,1,0,-1 B=1235,1235,0,0,-17
mv F code=0 aligned=1 homed=- ms=119.0 U=3134,3133,-1,2,1 R=1091,1090,-1,0,-1 F=3748,2713,-11,1,-1 D=3503,3503,0,2,0 L=1249,1250,1,0,-1 B=1235,1236,1,0,-16
mv F code=0 aligned=1 homed=- ms=119.0 U=3134,3133,-1,2,1 R=1091,1090,-1,0,-1 F=2714,1694,4,0,-2 D=3503,3503,0,2,0 L=1249,1250,1,0,-1 B=1236,1235,-1,0,-17
mv F code=0 aligned=1 homed=- ms=119.0 U=3134,3133,-1,2,1 R=1091,1090,-1,0,-1 F=1696,673,1,3,-8 D=3503,3503,0,2,0 L=1249,1250,1,0,-1 B=1235,1236,1,0,-16
mv F code=0 aligned=1 homed=- ms=119.0 U=3134,3133,-1,2,1 R=1091,1090,-1,0,-1 F=674,3747,1,2,-1 D=3503,3503,0,2,0 L=1249,1250,1,0,-1 B=1235,1236,1,0,-16
mv F code=0 aligned=1 homed=- ms=119.0 U=3134,3133,-1,2,1 R=1091,1090,-1,0,-1 F=3748,2713,-11,1,-1 D=3503,3503,0,2,0 L=1250,1250,0,0,-1 B=1235,1236,1,0,-16
mv F code=0 aligned=1 homed=- ms=119.0 U=3134,3133,-1,2,1 R=1091,1090,-1,0,-1 F=2714,1694,4,0,-2 D=3502,3503,1,2,0 L=1249,1249,0,0,-2 B=1235,1236,1,0,-16
[align] motor 0 err=34 counts (3.3 steps)
[align] motor 1 err=0 counts (0.0 steps)
[align] motor 2 err=-7 counts (-0.7 steps)
[align] motor 3 err=0 counts (0.0 steps)
[align] motor 4 err=-3 counts (-0.3 steps)
[align] motor 5 err=-18 counts (-1.8 steps)
mv F code=0 aligned=0 homed=0 ms=119.0 U=3134,3135,1,2,3 R=1091,1090,-1,0,-1 F=1696,673,1,3,-8 D=3502,3503,1,2,0 L=1249,1250,1,0,-1 B=1235,1235,0,0,-17
[align] motor 0 err=62 counts (6.1 steps)
[align] motor 1 err=-1 counts (-0.1 steps)
[align] motor 2 err=-1 counts (-0.1 steps)
[align] motor 3 err=0 counts (0.0 steps)
[align] motor 4 err=-3 counts (-0.3 steps)
[align] motor 5 err=-18 counts (-1.8 steps)
mv F code=0 aligned=0 homed=0 ms=119.0 U=3122,3193,71,2,61 R=1090,1090,0,0,-1 F=672,3746,2,2,-2 D=3503,3503,0,2,0 L=1250,1249,-1,0,-2 B=1235,1236,1,0,-16
mv F code=0 aligned=1 homed=- ms=119.0 U=3138,3132,-6,2,0 R=1090,1090,0,0,-1 F=3746,2713,-9,1,-1 D=3503,3503,0,2,0 L=1250,1250,0,0,-1 B=1236,1236,0,0,-16
mv F code=0 aligned=1 homed=- ms=119.0 U=3136,3133,-3,2,1 R=1091,1090,-1,0,-1 F=2714,1694,4,0,-2 D=3502,3503,1,2,0 L=1249,1249,0,0,-2 B=1236,1236,0,0,-16
mv F code=0 aligned=1 homed=- ms=119.0 U=3136,3132,-4,2,0 R=1091,1090,-1,0,-1 F=1696,673,1,3,-8 D=3503,3502,-1,2,-1 L=1249,1250,1,0,-1 B=1235,1236,1,0,-16
mv F code=0 aligned=1 homed=- ms=119.0 U=3135,3133,-2,2,1 R=1091,1090,-1,0,-1 F=675,3747,0,2,-1 D=3503,3503,0,2,0 L=1249,1250,1,0,-1 B=1235,1236,1,0,-16
mv F code=0 aligned=1 homed=- ms=119.0 U=3135,3133,-2,2,1 R=1091,1090,-1,0,-1 F=3749,2713,-12,1,-1 D=3503,3503,0,2,0 L=1249,1250,1,0,-1 B=1235,1236,1,0,-16
mv F code=0 aligned=1 homed=- ms=119.0 U=3136,3133,-3,2,1 R=1091,1090,-1,0,-1 F=2714,1694,4,0,-2 D=3502,3502,0,2,-1 L=1249,1250,1,0,-1 B=1235,1236,1,0,-16
mv F code=0 aligned=1 homed=- ms=119.0 U=3135,3133,-2,2,1 R=1091,1090,-1,0,-1 F=1696,673,1,3,-8 D=3503,3503,0,2,0 L=1249,1250,1,0,-1 B=1236,1235,-1,0,-17
mv F code=0 aligned=1 homed=- ms=119.0 U=3135,3133,-2,2,1 R=1091,1090,-1,0,-1 F=674,3746,0,2,-2 D=3503,3502,-1,2,-1 L=1249,1250,1,0,-1 B=1236,1236,0,0,-16
mv F code=0 aligned=1 homed=- ms=119.0 U=3135,3133,-2,2,1 R=1091,1090,-1,0,-1 F=3748,2713,-11,1,-1 D=3503,3503,0,2,0 L=1250,1250,0,0,-1 B=1235,1236,1,0,-16
mv F code=0 aligned=1 homed=- ms=119.0 U=3135,3133,-2,2,1 R=1091,1090,-1,0,-1 F=2714,1694,4,0,-2 D=3503,3503,0,2,0 L=1249,1250,1,0,-1 B=1236,1236,0,0,-16
mv F code=0 aligned=1 homed=- ms=119.0 U=3135,3133,-2,2,1 R=1091,1090,-1,0,-1 F=1696,673,1,3,-8 D=3503,3503,0,2,0 L=1249,1250,1,0,-1 B=1235,1235,0,0,-17
mv F code=0 aligned=1 homed=- ms=119.0 U=3135,3133,-2,2,1 R=1091,1090,-1,0,-1 F=674,3746,0,2,-2 D=3503,3503,0,2,0 L=1249,1250,1,0,-1 B=1235,1236,1,0,-16
mv F code=0 aligned=1 homed=- ms=119.0 U=3136,3133,-3,2,1 R=1091,1090,-1,0,-1 F=3748,2713,-11,1,-1 D=3503,3503,0,2,0 L=1249,1250,1,0,-1 B=1236,1236,0,0,-16
mv F code=0 aligned=1 homed=- ms=119.0 U=3135,3133,-2,2,1 R=1091,1090,-1,0,-1 F=2714,1694,4,0,-2 D=3503,3503,0,2,0 L=1250,1250,0,0,-1 B=1235,1236,1,0,-16
mv F code=0 aligned=1 homed=- ms=119.0 U=3135,3133,-2,2,1 R=1090,1090,0,0,-1 F=1696,673,1,3,-8 D=3503,3503,0,2,0 L=1250,1250,0,0,-1 B=1236,1236,0,0,-16
mv F code=0 aligned=1 homed=- ms=119.0 U=3135,3132,-3,2,0 R=1091,1090,-1,0,-1 F=674,3746,0,2,-2 D=3503,3502,-1,2,-1 L=1250,1250,0,0,-1 B=1235,1236,1,0,-16
mv F code=0 aligned=1 homed=- ms=119.0 U=3133,3132,-1,2,0 R=1091,1090,-1,0,-1 F=3748,2713,-11,1,-1 D=3503,3503,0,2,0 L=1249,1250,1,0,-1 B=1236,1236,0,0,-16
mv F code=0 aligned=1 homed=- ms=119.0 U=3135,3133,-2,2,1 R=1091,1090,-1,0,-1 F=2714,1694,4,0,-2 D=3503,3503,0,2,0 L=1249,1250,1,0,-1 B=1235,1236,1,0,-16
mv F code=0 aligned=1 homed=- ms=119.0 U=3135,3133,-2,2,1 R=1091,1090,-1,0,-1 F=1696,673,1,3,-8 D=3503,3503,0,2,0 L=1249,1250,1,0,-1 B=1236,1236,0,0,-16
mv F code=0 aligned=1 homed=- ms=119.0 U=3135,3133,-2,2,1 R=1091,1090,-1,0,-1 F=674,3747,1,2,-1 D=3503,3503,0,2,0 L=1249,1250,1,0,-1 B=1236,1236,0,0,-16
mv F code=0 aligned=1 homed=- ms=119.0 U=3135,3133,-2,2,1 R=1091,1090,-1,0,-1 F=3749,2713,-12,1,-1 D=3503,3502,-1,2,-1 L=1249,1250,1,0,-1 B=1235,1236,1,0,-16
mv F code=0 aligned=1 homed=- ms=119.0 U=3134,3132,-2,2,0 R=1091,1090,-1,0,-1 F=2714,1694,4,0,-2 D=3503,3503,0,2,0 L=1249,1250,1,0,-1 B=1235,1236,1,0,-16
mv F code=0 aligned=1 homed=- ms=119.0 U=3135,3133,-2,2,1 R=1091,1090,-1,0,-1 F=1696,673,1,3,-8 D=3503,3502,-1,2,-1 L=1249,1250,1,0,-1 B=1236,1236,0,0,-16
mv F code=0 aligned=1 homed=- ms=119.0 U=3135,3133,-2,2,1 R=1091,1090,-1,0,-1 F=674,3746,0,2,-2 D=3502,3503,1,2,0 L=1249,1250,1,0,-1 B=1235,1236,1,0,-16
mv F code=0 aligned=1 homed=- ms=119.0 U=3135,3133,-2,2,1 R=1091,1090,-1,0,-1 F=3748,2713,-11,1,-1 D=3503,3503,0,2,0 L=1249,1250,1,0,-1 B=1235,1236,1,0,-16
mv F code=0 aligned=1 homed=- ms=119.0 U=3135,3133,-2,2,1 R=1091,1090,-1,0,-1 F=2714,1694,4,0,-2 D=3503,3503,0,2,0 L=1249,1250,1,0,-1 B=1236,1236,0,0,-16
mv F code=0 aligned=1 homed=- ms=119.0 U=3135,3133,-2,2,1 R=1091,1090,-1,0,-1 F=1696,673,1,3,-8 D=3503,3502,-1,2,-1 L=1249,1250,1,0,-1 B=1235,1236,1,0,-16
rep moves=200 notaligned=2 homings=2 failures=0 avgms=119.0
res U=- R=- F=200,-1.4,5.9,12 D=- L=- B=-
ok
> home
[align] motor 0 err=3 counts (0.3 steps)
[align] motor 1 err=0 counts (0.0 steps)
[align] motor 2 err=-7 counts (-0.7 steps)
[align] motor 3 err=0 counts (0.0 steps)
[align] motor 4 err=-3 counts (-0.3 steps)
[align] motor 5 err=-18 counts (-1.8 steps)
home code=0 ms=6 en=0
enc U=3133 R=1090 F=673 D=3503 L=1250 B=1236 RING=2768
near U=2:1 R=0:-1 F=3:-8 D=2:0 L=0:-1 B=0:-16
ok
> enc
enc U=3135 R=1091 F=674 D=3502 L=1249 B=1235 RING=2768
near U=2:3 R=0:0 F=3:-7 D=2:-1 L=0:-2 B=0:-17
ok
> rep 50 F' F' F' F'
mv F' code=0 aligned=1 homed=- ms=119.0 U=3135,3133,-2,2,1 R=1091,1090,-1,0,-1 F=674,1694,-4,0,-2 D=3502,3503,1,2,0 L=1249,1250,1,0,-1 B=1235,1236,1,0,-16
mv F' code=0 aligned=1 homed=- ms=119.0 U=3135,3133,-2,2,1 R=1091,1090,-1,0,-1 F=1693,2713,-4,1,-1 D=3503,3502,-1,2,-1 L=1249,1250,1,0,-1 B=1236,1235,-1,0,-17
mv F' code=0 aligned=1 homed=- ms=119.0 U=3135,3133,-2,2,1 R=1091,1090,-1,0,-1 F=2712,3746,10,2,-2 D=3503,3503,0,2,0 L=1249,1249,0,0,-2 B=1236,1236,0,0,-16
mv F' code=0 aligned=1 homed=- ms=119.0 U=3135,3133,-2,2,1 R=1091,1090,-1,0,-1 F=3745,672,-1,3,-9 D=3503,3503,0,2,0 L=1249,1250,1,0,-1 B=1236,1236,0,0,-16
mv F' code=0 aligned=1 homed=- ms=119.0 U=3135,3133,-2,2,1 R=1092,1090,-2,0,-1 F=672,1694,-2,0,-2 D=3503,3503,0,2,0 L=1249,1249,0,0,-2 B=1236,1236,0,0,-16
mv F' code=0 aligned=1 homed=- ms=119.0 U=3135,3133,-2,2,1 R=1091,1090,-1,0,-1 F=1693,2713,-4,1,-1 D=3503,3502,-1,2,-1 L=1249,1250,1,0,-1 B=1235,1236,1,0,-16
mv F' code=0 aligned=1 homed=- ms=119.0 U=3135,3133,-2,2,1 R=1091,1090,-1,0,-1 F=2712,3746,10,2,-2 D=3502,3503,1,2,0 L=1249,1250,1,0,-1 B=1236,1236,0,0,-16
mv F' code=0 aligned=1 homed=- ms=119.0 U=3135,3133,-2,2,1 R=1091,1090,-1,0,-1 F=3745,672,-1,3,-9 D=3503,3503,0,2,0 L=1249,1249,0,0,-2 B=1236,1236,0,0,-16
mv F' code=0 aligned=1 homed=- ms=119.0 U=3135,3133,-2,2,1 R=1091,1090,-1,0,-1 F=669,1694,1,0,-2 D=3503,3503,0,2,0 L=1249,1250,1,0,-1 B=1236,1236,0,0,-16
mv F' code=0 aligned=1 homed=- ms=119.0 U=3135,3133,-2,2,1 R=1091,1090,-1,0,-1 F=1693,2712,-5,1,-2 D=3503,3503,0,2,0 L=1249,1250,1,0,-1 B=1235,1235,0,0,-17
mv F' code=0 aligned=1 homed=- ms=119.0 U=3135,3133,-2,2,1 R=1091,1090,-1,0,-1 F=2712,3746,10,2,-2 D=3503,3503,0,2,0 L=1249,1250,1,0,-1 B=1236,1236,0,0,-16
mv F' code=0 aligned=1 homed=- ms=119.0 U=3135,3133,-2,2,1 R=1092,1091,-1,0,0 F=3745,672,-1,3,-9 D=3503,3503,0,2,0 L=1249,1250,1,0,-1 B=1235,1236,1,0,-16
mv F' code=0 aligned=1 homed=- ms=119.0 U=3135,3133,-2,2,1 R=1092,1090,-2,0,-1 F=672,1694,-2,0,-2 D=3502,3503,1,2,0 L=1249,1249,0,0,-2 B=1235,1236,1,0,-16
mv F' code=0 aligned=1 homed=- ms=119.0 U=3136,3133,-3,2,1 R=1091,1090,-1,0,-1 F=1693,2713,-4,1,-1 D=3503,3503,0,2,0 L=1249,1250,1,0,-1 B=1236,1236,0,0,-16
mv F' code=0 aligned=1 homed=- ms=119.0 U=3135,3133,-2,2,1 R=1091,1090,-1,0,-1 F=2712,3746,10,2,-2 D=3503,3503,0,2,0 L=1249,1249,0,0,-2 B=1236,1236,0,0,-16
mv F' code=0 aligned=1 homed=- ms=119.0 U=3135,3133,-2,2,1 R=1091,1091,0,0,0 F=3745,672,-1,3,-9 D=3502,3503,1,2,0 L=1249,1249,0,0,-2 B=1235,1236,1,0,-16
mv F' code=0 aligned=1 homed=- ms=119.0 U=3135,3133,-2,2,1 R=1092,1091,-1,0,0 F=672,1694,-2,0,-2 D=3503,3503,0,2,0 L=1248,1248,0,0,-3 B=1235,1236,1,0,-16
mv F' code=0 aligned=1 homed=- ms=119.0 U=3135,3133,-2,2,1 R=1091,1090,-1,0,-1 F=1693,2713,-4,1,-1 D=3503,3503,0,2,0 L=1248,1249,1,0,-2 B=1235,1236,1,0,-16
mv F' code=0 aligned=1 homed=- ms=119.0 U=3135,3133,-2,2,1 R=1091,1090,-1,0,-1 F=2712,3746,10,2,-2 D=3503,3503,0,2,0 L=1249,1249,0,0,-2 B=1236,1236,0,0,-16
mv F' code=0 aligned=1 homed=- ms=119.0 U=3135,3133,-2,2,1 R=1091,1090,-1,0,-1 F=3745,672,-1,3,-9 D=3503,3503,0,2,0 L=1249,1249,0,0,-2 B=1236,1236,0,0,-16
mv F' code=0 aligned=1 homed=- ms=119.0 U=3135,3133,-2,2,1 R=1091,1090,-1,0,-1 F=672,1694,-2,0,-2 D=3503,3503,0,2,0 L=1249,1250,1,0,-1 B=1235,1236,1,0,-16
mv F' code=0 aligned=1 homed=- ms=119.0 U=3135,3133,-2,2,1 R=1091,1090,-1,0,-1 F=1693,2713,-4,1,-1 D=3503,3503,0,2,0 L=1249,1250,1,0,-1 B=1236,1236,0,0,-16
mv F' code=0 aligned=1 homed=- ms=119.0 U=3135,3133,-2,2,1 R=1091,1090,-1,0,-1 F=2712,3746,10,2,-2 D=3503,3503,0,2,0 L=1249,1250,1,0,-1 B=1235,1235,0,0,-17
mv F' code=0 aligned=1 homed=- ms=119.0 U=3135,3133,-2,2,1 R=1091,1090,-1,0,-1 F=3745,672,-1,3,-9 D=3503,3503,0,2,0 L=1249,1250,1,0,-1 B=1235,1236,1,0,-16
mv F' code=0 aligned=1 homed=- ms=119.0 U=3135,3133,-2,2,1 R=1091,1090,-1,0,-1 F=672,1694,-2,0,-2 D=3503,3502,-1,2,-1 L=1249,1250,1,0,-1 B=1235,1235,0,0,-17
mv F' code=0 aligned=1 homed=- ms=119.0 U=3135,3133,-2,2,1 R=1091,1090,-1,0,-1 F=1693,2713,-4,1,-1 D=3502,3503,1,2,0 L=1249,1250,1,0,-1 B=1235,1235,0,0,-17
mv F' code=0 aligned=1 homed=- ms=119.0 U=3135,3133,-2,2,1 R=1091,1090,-1,0,-1 F=2712,3746,10,2,-2 D=3503,3503,0,2,0 L=1249,1249,0,0,-2 B=1235,1236,1,0,-16
mv F' code=0 aligned=1 homed=- ms=119.0 U=3135,3133,-2,2,1 R=1091,1090,-1,0,-1 F=3746,672,-2,3,-9 D=3503,3502,-1,2,-1 L=1249,1250,1,0,-1 B=1235,1235,0,0,-17
mv F' code=0 aligned=1 homed=- ms=119.0 U=3135,3133,-2,2,1 R=1091,1090,-1,0,-1 F=672,1694,-2,0,-2 D=3503,3502,-1,2,-1 L=1249,1250,1,0,-1 B=1235,1236,1,0,-16
mv F' code=0 aligned=1 homed=- ms=119.0 U=3135,3133,-2,2,1 R=1091,1090,-1,0,-1 F=1693,2713,-4,1,-1 D=3503,3503,0,2,0 L=1249,1250,1,0,-1 B=1236,1236,0,0,-16
mv F' code=0 aligned=1 homed=- ms=119.0 U=3136,3133,-3,2,1 R=1091,1090,-1,0,-1 F=2712,3746,10,2,-2 D=3503,3503,0,2,0 L=1249,1250,1,0,-1 B=1236,1235,-1,0,-17
mv F' code=0 aligned=1 homed=- ms=119.0 U=3135,3133,-2,2,1 R=1090,1090,0,0,-1 F=3745,672,-1,3,-9 D=3503,3503,0,2,0 L=1249,1249,0,0,-2 B=1236,1236,0,0,-16
mv F' code=0 aligned=1 homed=- ms=119.0 U=3135,3133,-2,2,1 R=1091,1090,-1,0,-1 F=672,1694,-2,0,-2 D=3503,3502,-1,2,-1 L=1249,1249,0,0,-2 B=1235,1235,0,0,-17
mv F' code=0 aligned=1 homed=- ms=119.0 U=3136,3133,-3,2,1 R=1091,1090,-1,0,-1 F=1693,2713,-4,1,-1 D=3503,3502,-1,2,-1 L=1249,1250,1,0,-1 B=1236,1236,0,0,-16
mv F' code=0 aligned=1 homed=- ms=119.0 U=3136,3133,-3,2,1 R=1091,1090,-1,0,-1 F=2712,3746,10,2,-2 D=3503,3502,-1,2,-1 L=1249,1250,1,0,-1 B=1235,1236,1,0,-16
mv F' code=0 aligned=1 homed=- ms=119.0 U=3135,3133,-2,2,1 R=1091,1090,-1,0,-1 F=3745,672,-1,3,-9 D=3503,3503,0,2,0 L=1249,1250,1,0,-1 B=1235,1236,1,0,-16
mv F' code=0 aligned=1 homed=- ms=119.0 U=3135,3133,-2,2,1 R=1091,1090,-1,0,-1 F=672,1694,-2,0,-2 D=3503,3503,0,2,0 L=1249,1250,1,0,-1 B=1235,1236,1,0,-16
mv F' code=0 aligned=1 homed=- ms=119.0 U=3136,3133,-3,2,1 R=1091,1091,0,0,0 F=1693,2713,-4,1,-1 D=3503,3502,-1,2,-1 L=1250,1250,0,0,-1 B=1235,1236,1,0,-16
mv F' code=0 aligned=1 homed=- ms=119.0 U=3135,3133,-2,2,1 R=1092,1090,-2,0,-1 F=2712,3746,10,2,-2 D=3503,3503,0,2,0 L=1250,1250,0,0,-1 B=1235,1236,1,0,-16
mv F' code=0 aligned=1 homed=- ms=119.0 U=3135,3133,-2,2,1 R=1092,1091,-1,0,0 F=3745,672,-1,3,-9 D=3503,3503,0,2,0 L=1249,1250,1,0,-1 B=1236,1236,0,0,-16
mv F' code=0 aligned=1 homed=- ms=119.0 U=3135,3133,-2,2,1 R=1092,1091,-1,0,0 F=672,1694,-2,0,-2 D=3503,3502,-1,2,-1 L=1249,1249,0,0,-2 B=1236,1236,0,0,-16
mv F' code=0 aligned=1 homed=- ms=119.0 U=3135,3133,-2,2,1 R=1091,1090,-1,0,-1 F=1693,2713,-4,1,-1 D=3503,3502,-1,2,-1 L=1249,1250,1,0,-1 B=1235,1236,1,0,-16
mv F' code=0 aligned=1 homed=- ms=119.0 U=3135,3133,-2,2,1 R=1091,1090,-1,0,-1 F=2712,3746,10,2,-2 D=3503,3502,-1,2,-1 L=1249,1250,1,0,-1 B=1236,1236,0,0,-16
mv F' code=0 aligned=1 homed=- ms=119.0 U=3135,3133,-2,2,1 R=1091,1090,-1,0,-1 F=3745,672,-1,3,-9 D=3503,3503,0,2,0 L=1249,1250,1,0,-1 B=1236,1236,0,0,-16
mv F' code=0 aligned=1 homed=- ms=119.0 U=3135,3133,-2,2,1 R=1091,1090,-1,0,-1 F=672,1694,-2,0,-2 D=3503,3503,0,2,0 L=1249,1250,1,0,-1 B=1235,1236,1,0,-16
mv F' code=0 aligned=1 homed=- ms=119.0 U=3135,3133,-2,2,1 R=1091,1090,-1,0,-1 F=1693,2713,-4,1,-1 D=3503,3502,-1,2,-1 L=1249,1250,1,0,-1 B=1235,1236,1,0,-16
mv F' code=0 aligned=1 homed=- ms=119.0 U=3135,3133,-2,2,1 R=1091,1090,-1,0,-1 F=2712,3746,10,2,-2 D=3503,3503,0,2,0 L=1249,1250,1,0,-1 B=1235,1236,1,0,-16
mv F' code=0 aligned=1 homed=- ms=119.0 U=3135,3133,-2,2,1 R=1091,1090,-1,0,-1 F=3745,672,-1,3,-9 D=3503,3503,0,2,0 L=1250,1250,0,0,-1 B=1235,1236,1,0,-16
mv F' code=0 aligned=1 homed=- ms=119.0 U=3135,3133,-2,2,1 R=1091,1090,-1,0,-1 F=672,1694,-2,0,-2 D=3503,3502,-1,2,-1 L=1249,1250,1,0,-1 B=1235,1236,1,0,-16
mv F' code=0 aligned=1 homed=- ms=119.0 U=3135,3133,-2,2,1 R=1091,1090,-1,0,-1 F=1693,2713,-4,1,-1 D=3503,3503,0,2,0 L=1250,1249,-1,0,-2 B=1235,1236,1,0,-16
mv F' code=0 aligned=1 homed=- ms=119.0 U=3135,3133,-2,2,1 R=1091,1090,-1,0,-1 F=2712,3746,10,2,-2 D=3502,3503,1,2,0 L=1249,1250,1,0,-1 B=1235,1235,0,0,-17
mv F' code=0 aligned=1 homed=- ms=119.0 U=3135,3133,-2,2,1 R=1091,1090,-1,0,-1 F=3745,672,-1,3,-9 D=3503,3503,0,2,0 L=1249,1250,1,0,-1 B=1235,1235,0,0,-17
mv F' code=0 aligned=1 homed=- ms=119.0 U=3135,3133,-2,2,1 R=1091,1090,-1,0,-1 F=672,1694,-2,0,-2 D=3503,3503,0,2,0 L=1249,1250,1,0,-1 B=1235,1236,1,0,-16
mv F' code=0 aligned=1 homed=- ms=119.0 U=3135,3133,-2,2,1 R=1091,1090,-1,0,-1 F=1693,2713,-4,1,-1 D=3503,3503,0,2,0 L=1249,1250,1,0,-1 B=1235,1235,0,0,-17
mv F' code=0 aligned=1 homed=- ms=119.0 U=3136,3133,-3,2,1 R=1091,1090,-1,0,-1 F=2712,3746,10,2,-2 D=3503,3503,0,2,0 L=1250,1250,0,0,-1 B=1236,1235,-1,0,-17
mv F' code=0 aligned=1 homed=- ms=119.0 U=3135,3133,-2,2,1 R=1091,1090,-1,0,-1 F=3745,672,-1,3,-9 D=3503,3503,0,2,0 L=1249,1249,0,0,-2 B=1235,1235,0,0,-17
mv F' code=0 aligned=1 homed=- ms=119.0 U=3135,3133,-2,2,1 R=1091,1090,-1,0,-1 F=672,1694,-2,0,-2 D=3503,3503,0,2,0 L=1249,1250,1,0,-1 B=1235,1235,0,0,-17
mv F' code=0 aligned=1 homed=- ms=119.0 U=3135,3133,-2,2,1 R=1091,1090,-1,0,-1 F=1693,2713,-4,1,-1 D=3503,3503,0,2,0 L=1249,1250,1,0,-1 B=1235,1235,0,0,-17
mv F' code=0 aligned=1 homed=- ms=119.0 U=3135,3133,-2,2,1 R=1091,1090,-1,0,-1 F=2712,3746,10,2,-2 D=3503,3503,0,2,0 L=1249,1250,1,0,-1 B=1235,1236,1,0,-16
mv F' code=0 aligned=1 homed=- ms=119.0 U=3135,3133,-2,2,1 R=1091,1090,-1,0,-1 F=3746,673,-1,3,-8 D=3503,3502,-1,2,-1 L=1249,1250,1,0,-1 B=1235,1235,0,0,-17
mv F' code=0 aligned=1 homed=- ms=119.0 U=3135,3133,-2,2,1 R=1091,1090,-1,0,-1 F=672,1694,-2,0,-2 D=3503,3503,0,2,0 L=1249,1250,1,0,-1 B=1235,1235,0,0,-17
mv F' code=0 aligned=1 homed=- ms=119.0 U=3135,3133,-2,2,1 R=1091,1090,-1,0,-1 F=1694,2713,-5,1,-1 D=3503,3503,0,2,0 L=1250,1249,-1,0,-2 B=1236,1236,0,0,-16
mv F' code=0 aligned=1 homed=- ms=119.0 U=3135,3133,-2,2,1 R=1091,1090,-1,0,-1 F=2712,3745,9,2,-3 D=3503,3503,0,2,0 L=1249,1250,1,0,-1 B=1235,1236,1,0,-16
mv F' code=0 aligned=1 homed=- ms=119.0 U=3135,3133,-2,2,1 R=1091,1090,-1,0,-1 F=3745,672,-1,3,-9 D=3503,3503,0,2,0 L=1249,1250,1,0,-1 B=1235,1236,1,0,-16
mv F' code=0 aligned=1 homed=- ms=119.0 U=3135,3133,-2,2,1 R=1091,1090,-1,0,-1 F=672,1694,-2,0,-2 D=3503,3503,0,2,0 L=1249,1250,1,0,-1 B=1235,1236,1,0,-16
mv F' code=0 aligned=1 homed=- ms=119.0 U=3136,3133,-3,2,1 R=1091,1090,-1,0,-1 F=1693,2713,-4,1,-1 D=3503,3503,0,2,0 L=1249,1250,1,0,-1 B=1235,1235,0,0,-17
mv F' code=0 aligned=1 homed=- ms=119.0 U=3135,3133,-2,2,1 R=1091,1090,-1,0,-1 F=2712,3746,10,2,-2 D=3503,3502,-1,2,-1 L=1249,1249,0,0,-2 B=1235,1235,0,0,-17
mv F' code=0 aligned=1 homed=- ms=119.0 U=3135,3133,-2,2,1 R=1091,1090,-1,0,-1 F=3745,672,-1,3,-9 D=3503,3502,-1,2,-1 L=1249,1250,1,0,-1 B=1235,1236,1,0,-16
mv F' code=0 aligned=1 homed=- ms=119.0 U=3135,3133,-2,2,1 R=1091,1090,-1,0,-1 F=672,1694,-2,0,-2 D=3503,3503,0,2,0 L=1249,1250,1,0,-1 B=1236,1236,0,0,-16
mv F' code=0 aligned=1 homed=- ms=119.0 U=3135,3133,-2,2,1 R=1091,1090,-1,0,-1 F=1693,2713,-4,1,-1 D=3503,3502,-1,2,-1 L=1249,1250,1,0,-1 B=1235,1236,1,0,-16
mv F' code=0 aligned=1 homed=- ms=119.0 U=3135,3133,-2,2,1 R=1091,1090,-1,0,-1 F=2712,3746,10,2,-2 D=3503,3503,0,2,0 L=1250,1250,0,0,-1 B=1236,1235,-1,0,-17
mv F' code=0 aligned=1 homed=- ms=119.0 U=3135,3133,-2,2,1 R=1091,1090,-1,0,-1 F=3745,672,-1,3,-9 D=3503,3503,0,2,0 L=1249,1250,1,0,-1 B=1236,1236,0,0,-16
mv F' code=0 aligned=1 homed=- ms=119.0 U=3135,3132,-3,2,0 R=1091,1090,-1,0,-1 F=672,1694,-2,0,-2 D=3503,3503,0,2,0 L=1249,1250,1,0,-1 B=1236,1236,0,0,-16
mv F' code=0 aligned=1 homed=- ms=119.0 U=3135,3133,-2,2,1 R=1091,1090,-1,0,-1 F=1693,2713,-4,1,-1 D=3503,3503,0,2,0 L=1249,1250,1,0,-1 B=1236,1235,-1,0,-17
mv F' code=0 aligned=1 homed=- ms=119.0 U=3135,3133,-2,2,1 R=1091,1090,-1,0,-1 F=2712,3746,10,2,-2 D=3503,3503,0,2,0 L=1249,1250,1,0,-1 B=1235,1235,0,0,-17
mv F' code=0 aligned=1 homed=- ms=119.0 U=3135,3133,-2,2,1 R=1091,1090,-1,0,-1 F=3745,672,-1,3,-9 D=3503,3503,0,2,0 L=1249,1249,0,0,-2 B=1235,1236,1,0,-16
mv F' code=0 aligned=1 homed=- ms=119.0 U=3136,3133,-3,2,1 R=1091,1090,-1,0,-1 F=672,1694,-2,0,-2 D=3503,3502,-1,2,-1 L=1250,1250,0,0,-1 B=1236,1236,0,0,-16
mv F' code=0 aligned=1 homed=- ms=119.0 U=3136,3133,-3,2,1 R=1091,1090,-1,0,-1 F=1693,2713,-4,1,-1 D=3503,3503,0,2,0 L=1249,1250,1,0,-1 B=1235,1236,1,0,-16
mv F' code=0 aligned=1 homed=- ms=119.0 U=3135,3133,-2,2,1 R=1091,1090,-1,0,-1 F=2712,3746,10,2,-2 D=3503,3503,0,2,0 L=1249,1250,1,0,-1 B=1235,1235,0,0,-17
mv F' code=0 aligned=1 homed=- ms=119.0 U=3135,3133,-2,2,1 R=1091,1090,-1,0,-1 F=3746,672,-2,3,-9 D=3503,3503,0,2,0 L=1249,1250,1,0,-1 B=1235,1235,0,0,-17
mv F' code=0 aligned=1 homed=- ms=119.0 U=3135,3133,-2,2,1 R=1091,1090,-1,0,-1 F=672,1694,-2,0,-2 D=3503,3502,-1,2,-1 L=1249,1250,1,0,-1 B=1236,1235,-1,0,-17
mv F' code=0 aligned=1 homed=- ms=119.0 U=3135,3133,-2,2,1 R=1091,1090,-1,0,-1 F=1693,2713,-4,1,-1 D=3503,3503,0,2,0 L=1250,1250,0,0,-1 B=1236,1235,-1,0,-17
mv F' code=0 aligned=1 homed=- ms=119.0 U=3135,3133,-2,2,1 R=1091,1090,-1,0,-1 F=2713,3746,9,2,-2 D=3503,3503,0,2,0 L=1249,1250,1,0,-1 B=1235,1236,1,0,-16
mv F' code=0 aligned=1 homed=- ms=119.0 U=3135,3133,-2,2,1 R=1091,1090,-1,0,-1 F=3746,673,-1,3,-8 D=3503,3502,-1,2,-1 L=1249,1250,1,0,-1 B=1236,1236,0,0,-16
mv F' code=0 aligned=1 homed=- ms=119.0 U=3136,3133,-3,2,1 R=1091,1090,-1,0,-1 F=672,1694,-2,0,-2 D=3502,3503,1,2,0 L=1250,1250,0,0,-1 B=1236,1236,0,0,-16
mv F' code=0 aligned=1 homed=- ms=119.0 U=3135,3133,-2,2,1 R=1091,1090,-1,0,-1 F=1694,2713,-5,1,-1 D=3503,3503,0,2,0 L=1250,1250,0,0,-1 B=1235,1236,1,0,-16
mv F' code=0 aligned=1 homed=- ms=119.0 U=3135,3133,-2,2,1 R=1091,1090,-1,0,-1 F=2713,3746,9,2,-2 D=3503,3503,0,2,0 L=1249,1250,1,0,-1 B=1235,1236,1,0,-16
mv F' code=0 aligned=1 homed=- ms=119.0 U=3135,3133,-2,2,1 R=1091,1090,-1,0,-1 F=3746,673,-1,3,-8 D=3503,3503,0,2,0 L=1249,1250,1,0,-1 B=1236,1237,1,0,-15
mv F' code=0 aligned=1 homed=- ms=119.0 U=3135,3133,-2,2,1 R=1091,1090,-1,0,-1 F=672,1694,-2,0,-2 D=3503,3503,0,2,0 L=1249,1250,1,0,-1 B=1247,1244,-3,0,-8
mv F' code=0 aligned=1 homed=- ms=119.0 U=3135,3133,-2,2,1 R=1091,1090,-1,0,-1 F=1694,2713,-5,1,-1 D=3502,3503,1,2,0 L=1249,1250,1,0,-1 B=1251,1249,-2,0,-3
mv F' code=0 aligned=1 homed=- ms=119.0 U=3135,3133,-2,2,1 R=1091,1090,-1,0,-1 F=2713,3746,9,2,-2 D=3503,3503,0,2,0 L=1249,1250,1,0,-1 B=1255,1236,-19,0,-16
mv F' code=0 aligned=1 homed=- ms=119.0 U=3135,3133,-2,2,1 R=1091,1090,-1,0,-1 F=3746,672,-2,3,-9 D=3503,3502,-1,2,-1 L=1249,1250,1,0,-1 B=1237,1236,-1,0,-16
mv F' code=0 aligned=1 homed=- ms=119.0 U=3135,3134,-1,2,2 R=1091,1090,-1,0,-1 F=672,1694,-2,0,-2 D=3503,3503,0,2,0 L=1249,1250,1,0,-1 B=1237,1236,-1,0,-16
mv F' code=0 aligned=1 homed=- ms=119.0 U=3135,3133,-2,2,1 R=1091,1090,-1,0,-1 F=1693,2713,-4,1,-1 D=3503,3502,-1,2,-1 L=1249,1250,1,0,-1 B=1237,1236,-1,0,-16
mv F' code=0 aligned=1 homed=- ms=119.0 U=3135,3133,-2,2,1 R=1091,1090,-1,0,-1 F=2713,3746,9,2,-2 D=3503,3502,-1,2,-1 L=1250,1250,0,0,-1 B=1236,1236,0,0,-16
mv F' code=0 aligned=1 homed=- ms=119.0 U=3135,3134,-1,2,2 R=1091,1090,-1,0,-1 F=3746,673,-1,3,-8 D=3503,3503,0,2,0 L=1249,1250,1,0,-1 B=1236,1236,0,0,-16
mv F' code=0 aligned=1 homed=- ms=119.0 U=3135,3133,-2,2,1 R=1091,1090,-1,0,-1 F=672,1694,-2,0,-2 D=3503,3502,-1,2,-1 L=1249,1249,0,0,-2 B=1236,1236,0,0,-16
mv F' code=0 aligned=1 homed=- ms=119.0 U=3135,3133,-2,2,1 R=1091,1090,-1,0,-1 F=1693,2713,-4,1,-1 D=3503,3503,0,2,0 L=1249,1249,0,0,-2 B=1236,1236,0,0,-16
mv F' code=0 aligned=1 homed=- ms=119.0 U=3135,3133,-2,2,1 R=1091,1090,-1,0,-1 F=2712,3746,10,2,-2 D=3503,3503,0,2,0 L=1249,1250,1,0,-1 B=1236,1236,0,0,-16
mv F' code=0 aligned=1 homed=- ms=119.0 U=3135,3133,-2,2,1 R=1091,1090,-1,0,-1 F=3745,672,-1,3,-9 D=3503,3503,0,2,0 L=1249,1250,1,0,-1 B=1236,1235,-1,0,-17
mv F' code=0 aligned=1 homed=- ms=119.0 U=3135,3133,-2,2,1 R=1091,1090,-1,0,-1 F=672,1694,-2,0,-2 D=3503,3502,-1,2,-1 L=1249,1250,1,0,-1 B=1235,1235,0,0,-17
mv F' code=0 aligned=1 homed=- ms=119.0 U=3135,3133,-2,2,1 R=1091,1090,-1,0,-1 F=1693,2713,-4,1,-1 D=3503,3503,0,2,0 L=1249,1250,1,0,-1 B=1236,1236,0,0,-16
mv F' code=0 aligned=1 homed=- ms=119.0 U=3136,3133,-3,2,1 R=1091,1090,-1,0,-1 F=2712,3746,10,2,-2 D=3503,3503,0,2,0 L=1249,1250,1,0,-1 B=1236,1236,0,0,-16
mv F' code=0 aligned=1 homed=- ms=119.0 U=3135,3133,-2,2,1 R=1091,1090,-1,0,-1 F=3745,672,-1,3,-9 D=3503,3502,-1,2,-1 L=1250,1250,0,0,-1 B=1236,1236,0,0,-16
mv F' code=0 aligned=1 homed=- ms=119.0 U=3135,3133,-2,2,1 R=1091,1090,-1,0,-1 F=672,1694,-2,0,-2 D=3503,3503,0,2,0 L=1249,1250,1,0,-1 B=1236,1235,-1,0,-17
mv F' code=0 aligned=1 homed=- ms=119.0 U=3135,3133,-2,2,1 R=1091,1090,-1,0,-1 F=1693,2713,-4,1,-1 D=3503,3503,0,2,0 L=1249,1250,1,0,-1 B=1236,1236,0,0,-16
mv F' code=0 aligned=1 homed=- ms=119.0 U=3135,3133,-2,2,1 R=1091,1090,-1,0,-1 F=2712,3746,10,2,-2 D=3503,3503,0,2,0 L=1249,1250,1,0,-1 B=1236,1236,0,0,-16
mv F' code=0 aligned=1 homed=- ms=119.0 U=3135,3133,-2,2,1 R=1091,1090,-1,0,-1 F=3745,672,-1,3,-9 D=3503,3502,-1,2,-1 L=1249,1250,1,0,-1 B=1236,1236,0,0,-16
mv F' code=0 aligned=1 homed=- ms=119.0 U=3135,3133,-2,2,1 R=1091,1090,-1,0,-1 F=672,1694,-2,0,-2 D=3503,3503,0,2,0 L=1249,1250,1,0,-1 B=1236,1236,0,0,-16
mv F' code=0 aligned=1 homed=- ms=119.0 U=3135,3133,-2,2,1 R=1091,1090,-1,0,-1 F=1693,2713,-4,1,-1 D=3503,3503,0,2,0 L=1249,1249,0,0,-2 B=1236,1235,-1,0,-17
mv F' code=0 aligned=1 homed=- ms=119.0 U=3135,3133,-2,2,1 R=1091,1090,-1,0,-1 F=2712,3746,10,2,-2 D=3503,3503,0,2,0 L=1249,1250,1,0,-1 B=1236,1236,0,0,-16
mv F' code=0 aligned=1 homed=- ms=119.0 U=3135,3133,-2,2,1 R=1091,1090,-1,0,-1 F=3745,672,-1,3,-9 D=3503,3503,0,2,0 L=1249,1249,0,0,-2 B=1235,1236,1,0,-16
mv F' code=0 aligned=1 homed=- ms=119.0 U=3135,3133,-2,2,1 R=1091,1090,-1,0,-1 F=672,1694,-2,0,-2 D=3503,3503,0,2,0 L=1249,1250,1,0,-1 B=1236,1236,0,0,-16
mv F' code=0 aligned=1 homed=- ms=119.0 U=3135,3133,-2,2,1 R=1091,1090,-1,0,-1 F=1693,2713,-4,1,-1 D=3503,3503,0,2,0 L=1250,1250,0,0,-1 B=1236,1236,0,0,-16
mv F' code=0 aligned=1 homed=- ms=119.0 U=3135,3133,-2,2,1 R=1091,1090,-1,0,-1 F=2712,3746,10,2,-2 D=3503,3503,0,2,0 L=1250,1250,0,0,-1 B=1236,1236,0,0,-16
mv F' code=0 aligned=1 homed=- ms=119.0 U=3135,3133,-2,2,1 R=1091,1090,-1,0,-1 F=3745,673,0,3,-8 D=3503,3503,0,2,0 L=1250,1249,-1,0,-2 B=1236,1235,-1,0,-17
mv F' code=0 aligned=1 homed=- ms=119.0 U=3135,3133,-2,2,1 R=1091,1090,-1,0,-1 F=672,1694,-2,0,-2 D=3503,3502,-1,2,-1 L=1249,1250,1,0,-1 B=1235,1236,1,0,-16
mv F' code=0 aligned=1 homed=- ms=119.0 U=3135,3133,-2,2,1 R=1091,1090,-1,0,-1 F=1693,2713,-4,1,-1 D=3503,3503,0,2,0 L=1249,1250,1,0,-1 B=1236,1236,0,0,-16
mv F' code=0 aligned=1 homed=- ms=119.0 U=3135,3133,-2,2,1 R=1091,1090,-1,0,-1 F=2712,3746,10,2,-2 D=3503,3503,0,2,0 L=1250,1250,0,0,-1 B=1236,1236,0,0,-16
mv F' code=0 aligned=1 homed=- ms=119.0 U=3135,3133,-2,2,1 R=1091,1090,-1,0,-1 F=3745,673,0,3,-8 D=3503,3503,0,2,0 L=1249,1250,1,0,-1 B=1236,1236,0,0,-16
mv F' code=0 aligned=1 homed=- ms=119.0 U=3135,3133,-2,2,1 R=1091,1090,-1,0,-1 F=672,1694,-2,0,-2 D=3503,3502,-1,2,-1 L=1249,1250,1,0,-1 B=1236,1236,0,0,-16
mv F' code=0 aligned=1 homed=- ms=119.0 U=3135,3133,-2,2,1 R=1091,1090,-1,0,-1 F=1693,2713,-4,1,-1 D=3502,3503,1,2,0 L=1249,1250,1,0,-1 B=1236,1236,0,0,-16
mv F' code=0 aligned=1 homed=- ms=119.0 U=3135,3133,-2,2,1 R=1091,1090,-1,0,-1 F=2712,3746,10,2,-2 D=3503,3503,0,2,0 L=1249,1250,1,0,-1 B=1236,1236,0,0,-16
mv F' code=0 aligned=1 homed=- ms=119.0 U=3135,3133,-2,2,1 R=1091,1090,-1,0,-1 F=3746,673,-1,3,-8 D=3503,3502,-1,2,-1 L=1249,1250,1,0,-1 B=1236,1235,-1,0,-17
mv F' code=0 aligned=1 homed=- ms=119.0 U=3135,3133,-2,2,1 R=1091,1090,-1,0,-1 F=672,1694,-2,0,-2 D=3503,3503,0,2,0 L=1250,1250,0,0,-1 B=1235,1235,0,0,-17
mv F' code=0 aligned=1 homed=- ms=119.0 U=3135,3133,-2,2,1 R=1091,1090,-1,0,-1 F=1694,2713,-5,1,-1 D=3502,3503,1,2,0 L=1249,1250,1,0,-1 B=1235,1235,0,0,-17
mv F' code=0 aligned=1 homed=- ms=119.0 U=3135,3133,-2,2,1 R=1091,1090,-1,0,-1 F=2713,3746,9,2,-2 D=3503,3503,0,2,0 L=1249,1249,0,0,-2 B=1235,1236,1,0,-16
mv F' code=0 aligned=1 homed=- ms=119.0 U=3135,3133,-2,2,1 R=1091,1090,-1,0,-1 F=3746,673,-1,3,-8 D=3502,3503,1,2,0 L=1249,1250,1,0,-1 B=1236,1236,0,0,-16
mv F' code=0 aligned=1 homed=- ms=119.0 U=3135,3133,-2,2,1 R=1091,1090,-1,0,-1 F=672,1694,-2,0,-2 D=3503,3502,-1,2,-1 L=1249,1250,1,0,-1 B=1236,1235,-1,0,-17
mv F' code=0 aligned=1 homed=- ms=119.0 U=3135,3133,-2,2,1 R=1091,1090,-1,0,-1 F=1693,2713,-4,1,-1 D=3503,3503,0,2,0 L=1249,1250,1,0,-1 B=1235,1236,1,0,-16
mv F' code=0 aligned=1 homed=- ms=119.0 U=3135,3133,-2,2,1 R=1091,1090,-1,0,-1 F=2713,3746,9,2,-2 D=3503,3503,0,2,0 L=1249,1250,1,0,-1 B=1235,1236,1,0,-16
mv F' code=0 aligned=1 homed=- ms=119.0 U=3135,3133,-2,2,1 R=1091,1091,0,0,0 F=3746,673,-1,3,-8 D=3503,3503,0,2,0 L=1249,1250,1,0,-1 B=1236,1236,0,0,-16
mv F' code=0 aligned=1 homed=- ms=119.0 U=3136,3133,-3,2,1 R=1091,1090,-1,0,-1 F=672,1694,-2,0,-2 D=3503,3502,-1,2,-1 L=1249,1250,1,0,-1 B=1236,1236,0,0,-16
mv F' code=0 aligned=1 homed=- ms=119.0 U=3135,3133,-2,2,1 R=1091,1090,-1,0,-1 F=1694,2713,-5,1,-1 D=3503,3503,0,2,0 L=1249,1250,1,0,-1 B=1236,1236,0,0,-16
mv F' code=0 aligned=1 homed=- ms=119.0 U=3135,3133,-2,2,1 R=1091,1090,-1,0,-1 F=2713,3746,9,2,-2 D=3503,3503,0,2,0 L=1250,1250,0,0,-1 B=1236,1236,0,0,-16
mv F' code=0 aligned=1 homed=- ms=119.0 U=3135,3133,-2,2,1 R=1091,1090,-1,0,-1 F=3746,672,-2,3,-9 D=3503,3503,0,2,0 L=1249,1250,1,0,-1 B=1236,1236,0,0,-16
mv F' code=0 aligned=1 homed=- ms=119.0 U=3135,3133,-2,2,1 R=1091,1090,-1,0,-1 F=672,1694,-2,0,-2 D=3503,3503,0,2,0 L=1249,1250,1,0,-1 B=1236,1236,0,0,-16
mv F' code=0 aligned=1 homed=- ms=119.0 U=3136,3133,-3,2,1 R=1091,1090,-1,0,-1 F=1693,2713,-4,1,-1 D=3503,3503,0,2,0 L=1249,1250,1,0,-1 B=1236,1236,0,0,-16
mv F' code=0 aligned=1 homed=- ms=119.0 U=3135,3133,-2,2,1 R=1091,1090,-1,0,-1 F=2712,3746,10,2,-2 D=3503,3503,0,2,0 L=1249,1249,0,0,-2 B=1236,1236,0,0,-16
mv F' code=0 aligned=1 homed=- ms=119.0 U=3135,3133,-2,2,1 R=1091,1090,-1,0,-1 F=3745,672,-1,3,-9 D=3503,3503,0,2,0 L=1249,1250,1,0,-1 B=1236,1236,0,0,-16
mv F' code=0 aligned=1 homed=- ms=119.0 U=3135,3134,-1,2,2 R=1091,1090,-1,0,-1 F=672,1694,-2,0,-2 D=3503,3503,0,2,0 L=1249,1250,1,0,-1 B=1236,1236,0,0,-16
mv F' code=0 aligned=1 homed=- ms=119.0 U=3135,3133,-2,2,1 R=1091,1090,-1,0,-1 F=1694,2713,-5,1,-1 D=3503,3503,0,2,0 L=1249,1250,1,0,-1 B=1234,1234,0,0,-18
mv F' code=0 aligned=1 homed=- ms=119.0 U=3135,3133,-2,2,1 R=1091,1090,-1,0,-1 F=2713,3746,9,2,-2 D=3503,3502,-1,2,-1 L=1249,1250,1,0,-1 B=1234,1236,2,0,-16
mv F' code=0 aligned=1 homed=- ms=119.0 U=3135,3134,-1,2,2 R=1091,1090,-1,0,-1 F=3746,673,-1,3,-8 D=3503,3502,-1,2,-1 L=1249,1250,1,0,-1 B=1235,1236,1,0,-16
mv F' code=0 aligned=1 homed=- ms=119.0 U=3135,3133,-2,2,1 R=1091,1090,-1,0,-1 F=673,1694,-3,0,-2 D=3503,3502,-1,2,-1 L=1249,1250,1,0,-1 B=1235,1236,1,0,-16
mv F' code=0 aligned=1 homed=- ms=119.0 U=3135,3133,-2,2,1 R=1091,1090,-1,0,-1 F=1693,2713,-4,1,-1 D=3503,3503,0,2,0 L=1249,1249,0,0,-2 B=1235,1236,1,0,-16
mv F' code=0 aligned=1 homed=- ms=119.0 U=3135,3133,-2,2,1 R=1091,1090,-1,0,-1 F=2712,3746,10,2,-2 D=3502,3502,0,2,-1 L=1248,1250,2,0,-1 B=1235,1236,1,0,-16
mv F' code=0 aligned=1 homed=- ms=119.0 U=3135,3133,-2,2,1 R=1091,1090,-1,0,-1 F=3746,673,-1,3,-8 D=3503,3503,0,2,0 L=1249,1250,1,0,-1 B=1235,1235,0,0,-17
mv F' code=0 aligned=1 homed=- ms=119.0 U=3135,3133,-2,2,1 R=1091,1090,-1,0,-1 F=672,1694,-2,0,-2 D=3503,3503,0,2,0 L=1249,1250,1,0,-1 B=1234,1237,3,0,-15
mv F' code=0 aligned=1 homed=- ms=119.0 U=3135,3133,-2,2,1 R=1091,1091,0,0,0 F=1693,2713,-4,1,-1 D=3503,3502,-1,2,-1 L=1249,1250,1,0,-1 B=1242,1236,-6,0,-16
mv F' code=0 aligned=1 homed=- ms=119.0 U=3135,3133,-2,2,1 R=1091,1090,-1,0,-1 F=2713,3746,9,2,-2 D=3503,3503,0,2,0 L=1249,1250,1,0,-1 B=1236,1236,0,0,-16
mv F' code=0 aligned=1 homed=- ms=119.0 U=3135,3133,-2,2,1 R=1091,1090,-1,0,-1 F=3745,673,0,3,-8 D=3503,3503,0,2,0 L=1249,1250,1,0,-1 B=1236,1236,0,0,-16
mv F' code=0 aligned=1 homed=- ms=119.0 U=3135,3133,-2,2,1 R=1091,1090,-1,0,-1 F=672,1694,-2,0,-2 D=3503,3503,0,2,0 L=1249,1249,0,0,-2 B=1236,1236,0,0,-16
mv F' code=0 aligned=1 homed=- ms=119.0 U=3135,3133,-2,2,1 R=1091,1090,-1,0,-1 F=1694,2713,-5,1,-1 D=3503,3503,0,2,0 L=1249,1250,1,0,-1 B=1236,1236,0,0,-16
mv F' code=0 aligned=1 homed=- ms=119.0 U=3135,3133,-2,2,1 R=1091,1090,-1,0,-1 F=2713,3746,9,2,-2 D=3503,3502,-1,2,-1 L=1249,1249,0,0,-2 B=1236,1236,0,0,-16
mv F' code=0 aligned=1 homed=- ms=119.0 U=3136,3133,-3,2,1 R=1091,1090,-1,0,-1 F=3746,673,-1,3,-8 D=3503,3503,0,2,0 L=1250,1250,0,0,-1 B=1236,1236,0,0,-16
mv F' code=0 aligned=1 homed=- ms=119.0 U=3136,3133,-3,2,1 R=1091,1090,-1,0,-1 F=672,1694,-2,0,-2 D=3503,3503,0,2,0 L=1249,1249,0,0,-2 B=1236,1236,0,0,-16
mv F' code=0 aligned=1 homed=- ms=119.0 U=3135,3133,-2,2,1 R=1091,1091,0,0,0 F=1693,2713,-4,1,-1 D=3503,3503,0,2,0 L=1249,1250,1,0,-1 B=1236,1236,0,0,-16
mv F' code=0 aligned=1 homed=- ms=119.0 U=3135,3133,-2,2,1 R=1091,1090,-1,0,-1 F=2712,3746,10,2,-2 D=3503,3503,0,2,0 L=1249,1250,1,0,-1 B=1236,1236,0,0,-16
mv F' code=0 aligned=1 homed=- ms=119.0 U=3135,3133,-2,2,1 R=1091,1090,-1,0,-1 F=3745,672,-1,3,-9 D=3503,3503,0,2,0 L=1249,1249,0,0,-2 B=1236,1236,0,0,-16
mv F' code=0 aligned=1 homed=- ms=119.0 U=3135,3133,-2,2,1 R=1091,1090,-1,0,-1 F=672,1694,-2,0,-2 D=3502,3503,1,2,0 L=1249,1250,1,0,-1 B=1236,1236,0,0,-16
mv F' code=0 aligned=1 homed=- ms=119.0 U=3135,3133,-2,2,1 R=1091,1090,-1,0,-1 F=1693,2713,-4,1,-1 D=3503,3502,-1,2,-1 L=1250,1250,0,0,-1 B=1236,1236,0,0,-16
mv F' code=0 aligned=1 homed=- ms=119.0 U=3135,3133,-2,2,1 R=1091,1090,-1,0,-1 F=2712,3746,10,2,-2 D=3503,3503,0,2,0 L=1249,1250,1,0,-1 B=1236,1236,0,0,-16
mv F' code=0 aligned=1 homed=- ms=119.0 U=3135,3133,-2,2,1 R=1091,1090,-1,0,-1 F=3745,672,-1,3,-9 D=3503,3503,0,2,0 L=1249,1250,1,0,-1 B=1236,1236,0,0,-16
mv F' code=0 aligned=1 homed=- ms=119.0 U=3135,3133,-2,2,1 R=1091,1090,-1,0,-1 F=672,1694,-2,0,-2 D=3503,3503,0,2,0 L=1249,1250,1,0,-1 B=1236,1236,0,0,-16
mv F' code=0 aligned=1 homed=- ms=119.0 U=3135,3133,-2,2,1 R=1091,1090,-1,0,-1 F=1693,2713,-4,1,-1 D=3503,3502,-1,2,-1 L=1249,1250,1,0,-1 B=1236,1236,0,0,-16
mv F' code=0 aligned=1 homed=- ms=119.0 U=3135,3133,-2,2,1 R=1091,1090,-1,0,-1 F=2713,3746,9,2,-2 D=3503,3503,0,2,0 L=1249,1249,0,0,-2 B=1236,1236,0,0,-16
mv F' code=0 aligned=1 homed=- ms=119.0 U=3135,3133,-2,2,1 R=1091,1090,-1,0,-1 F=3746,673,-1,3,-8 D=3503,3503,0,2,0 L=1249,1250,1,0,-1 B=1236,1236,0,0,-16
mv F' code=0 aligned=1 homed=- ms=119.0 U=3135,3133,-2,2,1 R=1091,1090,-1,0,-1 F=672,1694,-2,0,-2 D=3503,3503,0,2,0 L=1249,1250,1,0,-1 B=1236,1236,0,0,-16
mv F' code=0 aligned=1 homed=- ms=119.0 U=3135,3133,-2,2,1 R=1091,1090,-1,0,-1 F=1694,2713,-5,1,-1 D=3503,3502,-1,2,-1 L=1249,1249,0,0,-2 B=1236,1236,0,0,-16
mv F' code=0 aligned=1 homed=- ms=119.0 U=3135,3133,-2,2,1 R=1091,1090,-1,0,-1 F=2713,3746,9,2,-2 D=3502,3503,1,2,0 L=1249,1250,1,0,-1 B=1236,1236,0,0,-16
mv F' code=0 aligned=1 homed=- ms=119.0 U=3135,3133,-2,2,1 R=1091,1090,-1,0,-1 F=3746,673,-1,3,-8 D=3502,3503,1,2,0 L=1249,1250,1,0,-1 B=1236,1236,0,0,-16
mv F' code=0 aligned=1 homed=- ms=119.0 U=3136,3133,-3,2,1 R=1091,1090,-1,0,-1 F=672,1694,-2,0,-2 D=3503,3503,0,2,0 L=1249,1250,1,0,-1 B=1236,1236,0,0,-16
mv F' code=0 aligned=1 homed=- ms=119.0 U=3135,3133,-2,2,1 R=1091,1090,-1,0,-1 F=1694,2713,-5,1,-1 D=3503,3502,-1,2,-1 L=1249,1250,1,0,-1 B=1236,1236,0,0,-16
mv F' code=0 aligned=1 homed=- ms=119.0 U=3135,3133,-2,2,1 R=1091,1090,-1,0,-1 F=2713,3746,9,2,-2 D=3503,3503,0,2,0 L=1250,1250,0,0,-1 B=1236,1236,0,0,-16
mv F' code=0 aligned=1 homed=- ms=119.0 U=3135,3133,-2,2,1 R=1091,1090,-1,0,-1 F=3746,673,-1,3,-8 D=3503,3503,0,2,0 L=1249,1250,1,0,-1 B=1236,1236,0,0,-16
mv F' code=0 aligned=1 homed=- ms=119.0 U=3135,3133,-2,2,1 R=1091,1090,-1,0,-1 F=672,1694,-2,0,-2 D=3503,3502,-1,2,-1 L=1249,1250,1,0,-1 B=1236,1236,0,0,-16
mv F' code=0 aligned=1 homed=- ms=119.0 U=3135,3133,-2,2,1 R=1091,1090,-1,0,-1 F=1694,2713,-5,1,-1 D=3503,3503,0,2,0 L=1249,1250,1,0,-1 B=1236,1236,0,0,-16
mv F' code=0 aligned=1 homed=- ms=119.0 U=3135,3133,-2,2,1 R=1091,1090,-1,0,-1 F=2712,3746,10,2,-2 D=3503,3503,0,2,0 L=1249,1250,1,0,-1 B=1236,1236,0,0,-16
mv F' code=0 aligned=1 homed=- ms=119.0 U=3135,3133,-2,2,1 R=1091,1090,-1,0,-1 F=3745,672,-1,3,-9 D=3503,3503,0,2,0 L=1249,1250,1,0,-1 B=1236,1236,0,0,-16
mv F' code=0 aligned=1 homed=- ms=119.0 U=3135,3133,-2,2,1 R=1091,1090,-1,0,-1 F=672,1694,-2,0,-2 D=3503,3503,0,2,0 L=1249,1250,1,0,-1 B=1236,1236,0,0,-16
mv F' code=0 aligned=1 homed=- ms=119.0 U=3135,3133,-2,2,1 R=1091,1090,-1,0,-1 F=1693,2713,-4,1,-1 D=3503,3503,0,2,0 L=1249,1250,1,0,-1 B=1236,1236,0,0,-16
mv F' code=0 aligned=1 homed=- ms=119.0 U=3135,3133,-2,2,1 R=1091,1090,-1,0,-1 F=2713,3746,9,2,-2 D=3503,3503,0,2,0 L=1249,1250,1,0,-1 B=1236,1236,0,0,-16
mv F' code=0 aligned=1 homed=- ms=119.0 U=3136,3133,-3,2,1 R=1091,1090,-1,0,-1 F=3745,672,-1,3,-9 D=3503,3503,0,2,0 L=1249,1250,1,0,-1 B=1236,1236,0,0,-16
mv F' code=0 aligned=1 homed=- ms=119.0 U=3135,3133,-2,2,1 R=1091,1090,-1,0,-1 F=672,1694,-2,0,-2 D=3503,3503,0,2,0 L=1249,1250,1,0,-1 B=1236,1236,0,0,-16
mv F' code=0 aligned=1 homed=- ms=119.0 U=3135,3133,-2,2,1 R=1091,1090,-1,0,-1 F=1693,2713,-4,1,-1 D=3503,3502,-1,2,-1 L=1249,1250,1,0,-1 B=1236,1236,0,0,-16
mv F' code=0 aligned=1 homed=- ms=119.0 U=3135,3133,-2,2,1 R=1091,1090,-1,0,-1 F=2712,3746,10,2,-2 D=3503,3503,0,2,0 L=1249,1250,1,0,-1 B=1236,1236,0,0,-16
mv F' code=0 aligned=1 homed=- ms=119.0 U=3136,3133,-3,2,1 R=1091,1090,-1,0,-1 F=3746,672,-2,3,-9 D=3503,3503,0,2,0 L=1249,1250,1,0,-1 B=1236,1236,0,0,-16
mv F' code=0 aligned=1 homed=- ms=119.0 U=3135,3133,-2,2,1 R=1091,1090,-1,0,-1 F=672,1694,-2,0,-2 D=3503,3502,-1,2,-1 L=1249,1250,1,0,-1 B=1236,1236,0,0,-16
mv F' code=0 aligned=1 homed=- ms=119.0 U=3135,3133,-2,2,1 R=1091,1090,-1,0,-1 F=1693,2713,-4,1,-1 D=3503,3503,0,2,0 L=1249,1250,1,0,-1 B=1236,1235,-1,0,-17
mv F' code=0 aligned=1 homed=- ms=119.0 U=3135,3133,-2,2,1 R=1091,1090,-1,0,-1 F=2712,3746,10,2,-2 D=3503,3503,0,2,0 L=1249,1250,1,0,-1 B=1236,1236,0,0,-16
mv F' code=0 aligned=1 homed=- ms=119.0 U=3135,3133,-2,2,1 R=1091,1090,-1,0,-1 F=3745,672,-1,3,-9 D=3503,3503,0,2,0 L=1249,1250,1,0,-1 B=1236,1236,0,0,-16
mv F' code=0 aligned=1 homed=- ms=119.0 U=3135,3133,-2,2,1 R=1091,1090,-1,0,-1 F=672,1694,-2,0,-2 D=3503,3502,-1,2,-1 L=1250,1250,0,0,-1 B=1236,1236,0,0,-16
mv F' code=0 aligned=1 homed=- ms=119.0 U=3135,3133,-2,2,1 R=1091,1090,-1,0,-1 F=1693,2713,-4,1,-1 D=3503,3503,0,2,0 L=1249,1250,1,0,-1 B=1236,1236,0,0,-16
mv F' code=0 aligned=1 homed=- ms=119.0 U=3135,3133,-2,2,1 R=1091,1090,-1,0,-1 F=2713,3746,9,2,-2 D=3503,3502,-1,2,-1 L=1249,1250,1,0,-1 B=1236,1236,0,0,-16
mv F' code=0 aligned=1 homed=- ms=119.0 U=3135,3133,-2,2,1 R=1091,1090,-1,0,-1 F=3745,673,0,3,-8 D=3503,3502,-1,2,-1 L=1250,1250,0,0,-1 B=1236,1236,0,0,-16
mv F' code=0 aligned=1 homed=- ms=119.0 U=3135,3133,-2,2,1 R=1091,1090,-1,0,-1 F=672,1694,-2,0,-2 D=3503,3502,-1,2,-1 L=1249,1249,0,0,-2 B=1236,1236,0,0,-16
mv F' code=0 aligned=1 homed=- ms=119.0 U=3135,3133,-2,2,1 R=1091,1090,-1,0,-1 F=1693,2713,-4,1,-1 D=3503,3502,-1,2,-1 L=1249,1250,1,0,-1 B=1236,1236,0,0,-16
mv F' code=0 aligned=1 homed=- ms=119.0 U=3135,3133,-2,2,1 R=1091,1090,-1,0,-1 F=2712,3746,10,2,-2 D=3503,3503,0,2,0 L=1249,1250,1,0,-1 B=1236,1236,0,0,-16
mv F' code=0 aligned=1 homed=- ms=119.0 U=3135,3133,-2,2,1 R=1091,1090,-1,0,-1 F=3746,673,-1,3,-8 D=3503,3503,0,2,0 L=1249,1250,1,0,-1 B=1236,1236,0,0,-16
rep moves=200 notaligned=0 homings=0 failures=0 avgms=119.0
res U=- R=- F=200,0.6,5.4,10 D=- L=- B=-
ok
> health
health U=1,1,0/128/687 R=1,1,0/128/1628 F=1,1,0/128/1792 D=1,1,0/128/1586 L=1,1,0/128/685 B=1,1,0/128/1297 RING=1,1,0/128/1620
ok
> home
[align] motor 0 err=3 counts (0.3 steps)
[align] motor 1 err=0 counts (0.0 steps)
[align] motor 2 err=-7 counts (-0.7 steps)
[align] motor 3 err=0 counts (0.0 steps)
[align] motor 4 err=-3 counts (-0.3 steps)
[align] motor 5 err=-18 counts (-1.8 steps)
home code=0 ms=6 en=0
enc U=3134 R=1090 F=672 D=3503 L=1249 B=1236 RING=2768
near U=2:2 R=0:-1 F=3:-9 D=2:0 L=0:-2 B=0:-16
ok
> enc
enc U=3135 R=1091 F=673 D=3503 L=1249 B=1236 RING=2768
near U=2:3 R=0:0 F=3:-8 D=2:0 L=0:-2 B=0:-16
ok
> rep 50 F2 F2
mv F2 code=0 aligned=1 homed=- ms=219.0 U=3135,3133,-2,2,1 R=1091,1090,-1,0,-1 F=672,2713,-7,1,-1 D=3502,3503,1,2,0 L=1249,1250,1,0,-1 B=1236,1236,0,0,-16
mv F2 code=0 aligned=1 homed=- ms=219.0 U=3135,3133,-2,2,1 R=1091,1090,-1,0,-1 F=2714,673,7,3,-8 D=3503,3503,0,2,0 L=1249,1250,1,0,-1 B=1236,1236,0,0,-16
mv F2 code=0 aligned=1 homed=- ms=219.0 U=3136,3133,-3,2,1 R=1091,1090,-1,0,-1 F=674,2713,-9,1,-1 D=3503,3502,-1,2,-1 L=1249,1250,1,0,-1 B=1236,1236,0,0,-16
mv F2 code=0 aligned=1 homed=- ms=219.0 U=3135,3133,-2,2,1 R=1091,1090,-1,0,-1 F=2714,673,7,3,-8 D=3503,3503,0,2,0 L=1249,1250,1,0,-1 B=1235,1236,1,0,-16
mv F2 code=0 aligned=1 homed=- ms=219.0 U=3135,3133,-2,2,1 R=1091,1090,-1,0,-1 F=674,2713,-9,1,-1 D=3503,3503,0,2,0 L=1249,1250,1,0,-1 B=1236,1236,0,0,-16
mv F2 code=0 aligned=1 homed=- ms=219.0 U=3135,3133,-2,2,1 R=1091,1090,-1,0,-1 F=2714,673,7,3,-8 D=3503,3503,0,2,0 L=1250,1250,0,0,-1 B=1236,1236,0,0,-16
mv F2 code=0 aligned=1 homed=- ms=219.0 U=3135,3133,-2,2,1 R=1091,1090,-1,0,-1 F=674,2713,-9,1,-1 D=3503,3503,0,2,0 L=1249,1249,0,0,-2 B=1236,1236,0,0,-16
mv F2 code=0 aligned=1 homed=- ms=219.0 U=3135,3133,-2,2,1 R=1091,1090,-1,0,-1 F=2714,673,7,3,-8 D=3503,3502,-1,2,-1 L=1249,1250,1,0,-1 B=1236,1236,0,0,-16
mv F2 code=0 aligned=1 homed=- ms=219.0 U=3135,3133,-2,2,1 R=1091,1090,-1,0,-1 F=674,2713,-9,1,-1 D=3503,3502,-1,2,-1 L=1249,1250,1,0,-1 B=1236,1236,0,0,-16
mv F2 code=0 aligned=1 homed=- ms=219.0 U=3135,3133,-2,2,1 R=1091,1090,-1,0,-1 F=2714,673,7,3,-8 D=3503,3503,0,2,0 L=1249,1250,1,0,-1 B=1236,1236,0,0,-16
mv F2 code=0 aligned=1 homed=- ms=219.0 U=3135,3133,-2,2,1 R=1091,1090,-1,0,-1 F=674,2713,-9,1,-1 D=3503,3503,0,2,0 L=1249,1249,0,0,-2 B=1236,1236,0,0,-16
mv F2 code=0 aligned=1 homed=- ms=219.0 U=3135,3133,-2,2,1 R=1091,1090,-1,0,-1 F=2714,673,7,3,-8 D=3503,3502,-1,2,-1 L=1249,1250,1,0,-1 B=1236,1236,0,0,-16
mv F2 code=0 aligned=1 homed=- ms=219.0 U=3136,3133,-3,2,1 R=1091,1090,-1,0,-1 F=674,2713,-9,1,-1 D=3503,3502,-1,2,-1 L=1249,1250,1,0,-1 B=1236,1236,0,0,-16
mv F2 code=0 aligned=1 homed=- ms=219.0 U=3136,3133,-3,2,1 R=1091,1090,-1,0,-1 F=2714,673,7,3,-8 D=3503,3502,-1,2,-1 L=1249,1250,1,0,-1 B=1235,1236,1,0,-16
mv F2 code=0 aligned=1 homed=- ms=219.0 U=3136,3133,-3,2,1 R=1091,1090,-1,0,-1 F=674,2713,-9,1,-1 D=3503,3503,0,2,0 L=1249,1250,1,0,-1 B=1236,1236,0,0,-16
mv F2 code=0 aligned=1 homed=- ms=219.0 U=3135,3133,-2,2,1 R=1091,1090,-1,0,-1 F=2714,673,7,3,-8 D=3503,3503,0,2,0 L=1249,1250,1,0,-1 B=1235,1236,1,0,-16
mv F2 code=0 aligned=1 homed=- ms=219.0 U=3135,3133,-2,2,1 R=1091,1090,-1,0,-1 F=674,2713,-9,1,-1 D=3503,3503,0,2,0 L=1249,1250,1,0,-1 B=1236,1236,0,0,-16
mv F2 code=0 aligned=1 homed=- ms=219.0 U=3136,3133,-3,2,1 R=1091,1090,-1,0,-1 F=2714,672,6,3,-9 D=3503,3503,0,2,0 L=1249,1250,1,0,-1 B=1236,1236,0,0,-16
mv F2 code=0 aligned=1 homed=- ms=219.0 U=3135,3133,-2,2,1 R=1091,1090,-1,0,-1 F=674,2713,-9,1,-1 D=3503,3502,-1,2,-1 L=1249,1249,0,0,-2 B=1236,1236,0,0,-16
mv F2 code=0 aligned=1 homed=- ms=219.0 U=3135,3133,-2,2,1 R=1091,1090,-1,0,-1 F=2714,673,7,3,-8 D=3503,3503,0,2,0 L=1250,1250,0,0,-1 B=1236,1236,0,0,-16
mv F2 code=0 aligned=1 homed=- ms=219.0 U=3135,3133,-2,2,1 R=1091,1090,-1,0,-1 F=674,2713,-9,1,-1 D=3503,3503,0,2,0 L=1249,1249,0,0,-2 B=1236,1236,0,0,-16
mv F2 code=0 aligned=1 homed=- ms=219.0 U=3135,3133,-2,2,1 R=1091,1090,-1,0,-1 F=2714,673,7,3,-8 D=3503,3503,0,2,0 L=1249,1250,1,0,-1 B=1236,1236,0,0,-16
mv F2 code=0 aligned=1 homed=- ms=219.0 U=3135,3133,-2,2,1 R=1091,1091,0,0,0 F=674,2713,-9,1,-1 D=3503,3503,0,2,0 L=1250,1250,0,0,-1 B=1236,1236,0,0,-16
mv F2 code=0 aligned=1 homed=- ms=219.0 U=3135,3133,-2,2,1 R=1091,1090,-1,0,-1 F=2714,673,7,3,-8 D=3503,3503,0,2,0 L=1249,1250,1,0,-1 B=1236,1236,0,0,-16
mv F2 code=0 aligned=1 homed=- ms=219.0 U=3135,3133,-2,2,1 R=1091,1090,-1,0,-1 F=674,2713,-9,1,-1 D=3503,3503,0,2,0 L=1249,1249,0,0,-2 B=1236,1235,-1,0,-17
mv F2 code=0 aligned=1 homed=- ms=219.0 U=3136,3133,-3,2,1 R=1091,1090,-1,0,-1 F=2714,673,7,3,-8 D=3503,3502,-1,2,-1 L=1249,1249,0,0,-2 B=1236,1236,0,0,-16
mv F2 code=0 aligned=1 homed=- ms=219.0 U=3135,3133,-2,2,1 R=1091,1090,-1,0,-1 F=674,2713,-9,1,-1 D=3503,3503,0,2,0 L=1249,1249,0,0,-2 B=1235,1236,1,0,-16
mv F2 code=0 aligned=1 homed=- ms=219.0 U=3135,3133,-2,2,1 R=1091,1090,-1,0,-1 F=2714,673,7,3,-8 D=3503,3503,0,2,0 L=1249,1250,1,0,-1 B=1236,1236,0,0,-16
mv F2 code=0 aligned=1 homed=- ms=219.0 U=3135,3133,-2,2,1 R=1091,1090,-1,0,-1 F=674,2713,-9,1,-1 D=3503,3503,0,2,0 L=1249,1250,1,0,-1 B=1236,1236,0,0,-16
mv F2 code=0 aligned=1 homed=- ms=219.0 U=3135,3133,-2,2,1 R=1091,1090,-1,0,-1 F=2714,673,7,3,-8 D=3503,3503,0,2,0 L=1250,1250,0,0,-1 B=1236,1236,0,0,-16
mv F2 code=0 aligned=1 homed=- ms=219.0 U=3135,3133,-2,2,1 R=1091,1090,-1,0,-1 F=674,2713,-9,1,-1 D=3503,3503,0,2,0 L=1249,1250,1,0,-1 B=1236,1236,0,0,-16
mv F2 code=0 aligned=1 homed=- ms=219.0 U=3135,3133,-2,2,1 R=1091,1090,-1,0,-1 F=2714,673,7,3,-8 D=3503,3502,-1,2,-1 L=1249,1250,1,0,-1 B=1235,1236,1,0,-16
mv F2 code=0 aligned=1 homed=- ms=219.0 U=3135,3133,-2,2,1 R=1091,1090,-1,0,-1 F=674,2713,-9,1,-1 D=3503,3503,0,2,0 L=1249,1250,1,0,-1 B=1236,1236,0,0,-16
mv F2 code=0 aligned=1 homed=- ms=219.0 U=3135,3133,-2,2,1 R=1091,1090,-1,0,-1 F=2714,673,7,3,-8 D=3503,3503,0,2,0 L=1249,1250,1,0,-1 B=1235,1236,1,0,-16
mv F2 code=0 aligned=1 homed=- ms=219.0 U=3135,3133,-2,2,1 R=1091,1090,-1,0,-1 F=674,2713,-9,1,-1 D=3503,3503,0,2,0 L=1250,1249,-1,0,-2 B=1236,1236,0,0,-16
mv F2 code=0 aligned=1 homed=- ms=219.0 U=3135,3133,-2,2,1 R=1091,1090,-1,0,-1 F=2714,673,7,3,-8 D=3503,3502,-1,2,-1 L=1249,1250,1,0,-1 B=1236,1236,0,0,-16
mv F2 code=0 aligned=1 homed=- ms=219.0 U=3135,3133,-2,2,1 R=1091,1090,-1,0,-1 F=674,2713,-9,1,-1 D=3503,3503,0,2,0 L=1249,1250,1,0,-1 B=1236,1236,0,0,-16
mv F2 code=0 aligned=1 homed=- ms=219.0 U=3135,3133,-2,2,1 R=1091,1090,-1,0,-1 F=2714,673,7,3,-8 D=3503,3503,0,2,0 L=1249,1250,1,0,-1 B=1236,1236,0,0,-16
mv F2 code=0 aligned=1 homed=- ms=219.0 U=3136,3133,-3,2,1 R=1091,1090,-1,0,-1 F=674,2713,-9,1,-1 D=3503,3503,0,2,0 L=1249,1250,1,0,-1 B=1235,1236,1,0,-16
mv F2 code=0 aligned=1 homed=- ms=219.0 U=3135,3133,-2,2,1 R=1091,1090,-1,0,-1 F=2714,672,6,3,-9 D=3503,3503,0,2,0 L=1249,1250,1,0,-1 B=1236,1236,0,0,-16
mv F2 code=0 aligned=1 homed=- ms=219.0 U=3135,3133,-2,2,1 R=1091,1090,-1,0,-1 F=674,2713,-9,1,-1 D=3503,3503,0,2,0 L=1249,1250,1,0,-1 B=1236,1236,0,0,-16
mv F2 code=0 aligned=1 homed=- ms=219.0 U=3135,3133,-2,2,1 R=1091,1090,-1,0,-1 F=2714,673,7,3,-8 D=3503,3503,0,2,0 L=1249,1250,1,0,-1 B=1236,1236,0,0,-16
mv F2 code=0 aligned=1 homed=- ms=219.0 U=3135,3133,-2,2,1 R=1091,1090,-1,0,-1 F=674,2713,-9,1,-1 D=3503,3503,0,2,0 L=1249,1250,1,0,-1 B=1235,1235,0,0,-17
mv F2 code=0 aligned=1 homed=- ms=219.0 U=3135,3133,-2,2,1 R=1091,1090,-1,0,-1 F=2714,673,7,3,-8 D=3503,3503,0,2,0 L=1249,1250,1,0,-1 B=1235,1236,1,0,-16
mv F2 code=0 aligned=1 homed=- ms=219.0 U=3135,3133,-2,2,1 R=1091,1090,-1,0,-1 F=674,2713,-9,1,-1 D=3503,3503,0,2,0 L=1250,1250,0,0,-1 B=1236,1236,0,0,-16
mv F2 code=0 aligned=1 homed=- ms=219.0 U=3136,3133,-3,2,1 R=1091,1090,-1,0,-1 F=2714,673,7,3,-8 D=3503,3503,0,2,0 L=1249,1250,1,0,-1 B=1236,1236,0,0,-16
mv F2 code=0 aligned=1 homed=- ms=219.0 U=3135,3133,-2,2,1 R=1091,1090,-1,0,-1 F=674,2713,-9,1,-1 D=3503,3503,0,2,0 L=1249,1250,1,0,-1 B=1236,1236,0,0,-16
mv F2 code=0 aligned=1 homed=- ms=219.0 U=3135,3133,-2,2,1 R=1091,1090,-1,0,-1 F=2714,673,7,3,-8 D=3503,3502,-1,2,-1 L=1249,1249,0,0,-2 B=1236,1236,0,0,-16
mv F2 code=0 aligned=1 homed=- ms=219.0 U=3135,3133,-2,2,1 R=1091,1090,-1,0,-1 F=674,2713,-9,1,-1 D=3503,3503,0,2,0 L=1249,1250,1,0,-1 B=1236,1236,0,0,-16
mv F2 code=0 aligned=1 homed=- ms=219.0 U=3135,3133,-2,2,1 R=1091,1090,-1,0,-1 F=2714,673,7,3,-8 D=3503,3502,-1,2,-1 L=1249,1250,1,0,-1 B=1236,1236,0,0,-16
mv F2 code=0 aligned=1 homed=- ms=219.0 U=3135,3133,-2,2,1 R=1091,1090,-1,0,-1 F=674,2713,-9,1,-1 D=3503,3502,-1,2,-1 L=1249,1250,1,0,-1 B=1236,1236,0,0,-16
mv F2 code=0 aligned=1 homed=- ms=219.0 U=3135,3133,-2,2,1 R=1091,1090,-1,0,-1 F=2714,673,7,3,-8 D=3503,3503,0,2,0 L=1249,1250,1,0,-1 B=1236,1236,0,0,-16
mv F2 code=0 aligned=1 homed=- ms=219.0 U=3135,3133,-2,2,1 R=1091,1090,-1,0,-1 F=674,2713,-9,1,-1 D=3503,3503,0,2,0 L=1249,1250,1,0,-1 B=1236,1236,0,0,-16
mv F2 code=0 aligned=1 homed=- ms=219.0 U=3135,3133,-2,2,1 R=1091,1090,-1,0,-1 F=2714,673,7,3,-8 D=3503,3503,0,2,0 L=1249,1250,1,0,-1 B=1236,1236,0,0,-16
mv F2 code=0 aligned=1 homed=- ms=219.0 U=3135,3133,-2,2,1 R=1091,1090,-1,0,-1 F=674,2713,-9,1,-1 D=3502,3503,1,2,0 L=1249,1250,1,0,-1 B=1236,1236,0,0,-16
mv F2 code=0 aligned=1 homed=- ms=219.0 U=3135,3133,-2,2,1 R=1091,1090,-1,0,-1 F=2714,673,7,3,-8 D=3503,3502,-1,2,-1 L=1250,1250,0,0,-1 B=1236,1236,0,0,-16
mv F2 code=0 aligned=1 homed=- ms=219.0 U=3135,3133,-2,2,1 R=1091,1090,-1,0,-1 F=674,2713,-9,1,-1 D=3503,3502,-1,2,-1 L=1249,1250,1,0,-1 B=1236,1236,0,0,-16
mv F2 code=0 aligned=1 homed=- ms=219.0 U=3135,3133,-2,2,1 R=1091,1090,-1,0,-1 F=2714,673,7,3,-8 D=3503,3503,0,2,0 L=1249,1250,1,0,-1 B=1236,1236,0,0,-16
mv F2 code=0 aligned=1 homed=- ms=219.0 U=3135,3133,-2,2,1 R=1091,1090,-1,0,-1 F=674,2713,-9,1,-1 D=3503,3503,0,2,0 L=1250,1250,0,0,-1 B=1236,1236,0,0,-16
mv F2 code=0 aligned=1 homed=- ms=219.0 U=3135,3133,-2,2,1 R=1091,1090,-1,0,-1 F=2714,673,7,3,-8 D=3503,3502,-1,2,-1 L=1250,1250,0,0,-1 B=1236,1236,0,0,-16
mv F2 code=0 aligned=1 homed=- ms=219.0 U=3135,3133,-2,2,1 R=1091,1090,-1,0,-1 F=674,2713,-9,1,-1 D=3503,3503,0,2,0 L=1249,1250,1,0,-1 B=1235,1236,1,0,-16
mv F2 code=0 aligned=1 homed=- ms=219.0 U=3135,3133,-2,2,1 R=1091,1090,-1,0,-1 F=2714,673,7,3,-8 D=3503,3502,-1,2,-1 L=1249,1250,1,0,-1 B=1236,1236,0,0,-16
mv F2 code=0 aligned=1 homed=- ms=219.0 U=3135,3133,-2,2,1 R=1091,1090,-1,0,-1 F=674,2713,-9,1,-1 D=3503,3503,0,2,0 L=1249,1250,1,0,-1 B=1236,1236,0,0,-16
mv F2 code=0 aligned=1 homed=- ms=219.0 U=3136,3133,-3,2,1 R=1091,1090,-1,0,-1 F=2714,673,7,3,-8 D=3503,3503,0,2,0 L=1249,1250,1,0,-1 B=1235,1236,1,0,-16
mv F2 code=0 aligned=1 homed=- ms=219.0 U=3135,3133,-2,2,1 R=1091,1090,-1,0,-1 F=674,2713,-9,1,-1 D=3503,3502,-1,2,-1 L=1249,1250,1,0,-1 B=1236,1235,-1,0,-17
mv F2 code=0 aligned=1 homed=- ms=219.0 U=3135,3133,-2,2,1 R=1091,1090,-1,0,-1 F=2714,673,7,3,-8 D=3503,3503,0,2,0 L=1250,1250,0,0,-1 B=1236,1236,0,0,-16
mv F2 code=0 aligned=1 homed=- ms=219.0 U=3135,3133,-2,2,1 R=1091,1090,-1,0,-1 F=674,2713,-9,1,-1 D=3503,3503,0,2,0 L=1249,1250,1,0,-1 B=1235,1236,1,0,-16
mv F2 code=0 aligned=1 homed=- ms=219.0 U=3135,3133,-2,2,1 R=1091,1090,-1,0,-1 F=2714,673,7,3,-8 D=3503,3503,0,2,0 L=1249,1250,1,0,-1 B=1236,1236,0,0,-16
mv F2 code=0 aligned=1 homed=- ms=219.0 U=3135,3133,-2,2,1 R=1091,1090,-1,0,-1 F=674,2713,-9,1,-1 D=3503,3503,0,2,0 L=1249,1250,1,0,-1 B=1236,1236,0,0,-16
mv F2 code=0 aligned=1 homed=- ms=219.0 U=3135,3133,-2,2,1 R=1091,1090,-1,0,-1 F=2714,673,7,3,-8 D=3503,3503,0,2,0 L=1249,1250,1,0,-1 B=1236,1236,0,0,-16
mv F2 code=0 aligned=1 homed=- ms=219.0 U=3136,3133,-3,2,1 R=1091,1090,-1,0,-1 F=674,2713,-9,1,-1 D=3503,3502,-1,2,-1 L=1249,1250,1,0,-1 B=1235,1236,1,0,-16
mv F2 code=0 aligned=1 homed=- ms=219.0 U=3135,3133,-2,2,1 R=1091,1090,-1,0,-1 F=2714,673,7,3,-8 D=3503,3503,0,2,0 L=1249,1250,1,0,-1 B=1235,1236,1,0,-16
mv F2 code=0 aligned=1 homed=- ms=219.0 U=3135,3133,-2,2,1 R=1091,1091,0,0,0 F=674,2713,-9,1,-1 D=3503,3503,0,2,0 L=1249,1250,1,0,-1 B=1236,1236,0,0,-16
mv F2 code=0 aligned=1 homed=- ms=219.0 U=3135,3133,-2,2,1 R=1091,1090,-1,0,-1 F=2714,673,7,3,-8 D=3503,3502,-1,2,-1 L=1249,1250,1,0,-1 B=1236,1236,0,0,-16
mv F2 code=0 aligned=1 homed=- ms=219.0 U=3135,3133,-2,2,1 R=1091,1090,-1,0,-1 F=674,2713,-9,1,-1 D=3503,3503,0,2,0 L=1249,1250,1,0,-1 B=1236,1236,0,0,-16
mv F2 code=0 aligned=1 homed=- ms=219.0 U=3135,3133,-2,2,1 R=1091,1091,0,0,0 F=2714,673,7,3,-8 D=3503,3503,0,2,0 L=1249,1250,1,0,-1 B=1236,1236,0,0,-16
mv F2 code=0 aligned=1 homed=- ms=219.0 U=3135,3133,-2,2,1 R=1091,1090,-1,0,-1 F=674,2713,-9,1,-1 D=3503,3503,0,2,0 L=1249,1249,0,0,-2 B=1236,1236,0,0,-16
mv F2 code=0 aligned=1 homed=- ms=219.0 U=3135,3133,-2,2,1 R=1091,1090,-1,0,-1 F=2714,673,7,3,-8 D=3503,3503,0,2,0 L=1249,1250,1,0,-1 B=1236,1236,0,0,-16
mv F2 code=0 aligned=1 homed=- ms=219.0 U=3135,3133,-2,2,1 R=1091,1090,-1,0,-1 F=674,2713,-9,1,-1 D=3503,3503,0,2,0 L=1249,1250,1,0,-1 B=1236,1236,0,0,-16
mv F2 code=0 aligned=1 homed=- ms=219.0 U=3135,3133,-2,2,1 R=1091,1090,-1,0,-1 F=2714,673,7,3,-8 D=3503,3503,0,2,0 L=1249,1249,0,0,-2 B=1236,1236,0,0,-16
mv F2 code=0 aligned=1 homed=- ms=219.0 U=3135,3133,-2,2,1 R=1091,1090,-1,0,-1 F=674,2713,-9,1,-1 D=3503,3503,0,2,0 L=1249,1250,1,0,-1 B=1236,1236,0,0,-16
mv F2 code=0 aligned=1 homed=- ms=219.0 U=3135,3133,-2,2,1 R=1091,1090,-1,0,-1 F=2714,673,7,3,-8 D=3503,3502,-1,2,-1 L=1250,1250,0,0,-1 B=1236,1236,0,0,-16
mv F2 code=0 aligned=1 homed=- ms=219.0 U=3135,3133,-2,2,1 R=1091,1090,-1,0,-1 F=674,2713,-9,1,-1 D=3503,3503,0,2,0 L=1249,1250,1,0,-1 B=1236,1236,0,0,-16
mv F2 code=0 aligned=1 homed=- ms=219.0 U=3136,3133,-3,2,1 R=1091,1090,-1,0,-1 F=2714,673,7,3,-8 D=3503,3503,0,2,0 L=1249,1250,1,0,-1 B=1236,1236,0,0,-16
mv F2 code=0 aligned=1 homed=- ms=219.0 U=3135,3133,-2,2,1 R=1091,1090,-1,0,-1 F=674,2713,-9,1,-1 D=3503,3503,0,2,0 L=1249,1250,1,0,-1 B=1236,1236,0,0,-16
mv F2 code=0 aligned=1 homed=- ms=219.0 U=3135,3133,-2,2,1 R=1091,1090,-1,0,-1 F=2714,673,7,3,-8 D=3503,3503,0,2,0 L=1249,1250,1,0,-1 B=1236,1236,0,0,-16
mv F2 code=0 aligned=1 homed=- ms=219.0 U=3135,3133,-2,2,1 R=1091,1090,-1,0,-1 F=674,2713,-9,1,-1 D=3503,3503,0,2,0 L=1249,1250,1,0,-1 B=1236,1236,0,0,-16
mv F2 code=0 aligned=1 homed=- ms=219.0 U=3136,3133,-3,2,1 R=1091,1090,-1,0,-1 F=2714,673,7,3,-8 D=3503,3503,0,2,0 L=1249,1250,1,0,-1 B=1236,1236,0,0,-16
mv F2 code=0 aligned=1 homed=- ms=219.0 U=3135,3133,-2,2,1 R=1091,1090,-1,0,-1 F=674,2713,-9,1,-1 D=3503,3503,0,2,0 L=1249,1250,1,0,-1 B=1236,1236,0,0,-16
mv F2 code=0 aligned=1 homed=- ms=219.0 U=3135,3133,-2,2,1 R=1091,1090,-1,0,-1 F=2714,673,7,3,-8 D=3502,3503,1,2,0 L=1249,1250,1,0,-1 B=1236,1236,0,0,-16
mv F2 code=0 aligned=1 homed=- ms=219.0 U=3135,3133,-2,2,1 R=1091,1090,-1,0,-1 F=674,2713,-9,1,-1 D=3503,3503,0,2,0 L=1249,1249,0,0,-2 B=1236,1236,0,0,-16
mv F2 code=0 aligned=1 homed=- ms=219.0 U=3135,3133,-2,2,1 R=1091,1090,-1,0,-1 F=2714,673,7,3,-8 D=3503,3503,0,2,0 L=1250,1250,0,0,-1 B=1236,1236,0,0,-16
mv F2 code=0 aligned=1 homed=- ms=219.0 U=3135,3133,-2,2,1 R=1091,1090,-1,0,-1 F=674,2713,-9,1,-1 D=3503,3503,0,2,0 L=1249,1250,1,0,-1 B=1236,1236,0,0,-16
mv F2 code=0 aligned=1 homed=- ms=219.0 U=3135,3133,-2,2,1 R=1091,1090,-1,0,-1 F=2714,673,7,3,-8 D=3503,3503,0,2,0 L=1249,1250,1,0,-1 B=1236,1236,0,0,-16
mv F2 code=0 aligned=1 homed=- ms=219.0 U=3135,3133,-2,2,1 R=1091,1090,-1,0,-1 F=674,2713,-9,1,-1 D=3503,3503,0,2,0 L=1249,1250,1,0,-1 B=1236,1236,0,0,-16
mv F2 code=0 aligned=1 homed=- ms=219.0 U=3135,3133,-2,2,1 R=1091,1090,-1,0,-1 F=2714,673,7,3,-8 D=3503,3503,0,2,0 L=1249,1250,1,0,-1 B=1235,1236,1,0,-16
mv F2 code=0 aligned=1 homed=- ms=219.0 U=3135,3133,-2,2,1 R=1091,1090,-1,0,-1 F=674,2713,-9,1,-1 D=3503,3502,-1,2,-1 L=1249,1250,1,0,-1 B=1236,1236,0,0,-16
mv F2 code=0 aligned=1 homed=- ms=219.0 U=3135,3133,-2,2,1 R=1091,1090,-1,0,-1 F=2714,673,7,3,-8 D=3503,3503,0,2,0 L=1249,1250,1,0,-1 B=1236,1236,0,0,-16
mv F2 code=0 aligned=1 homed=- ms=219.0 U=3135,3133,-2,2,1 R=1091,1090,-1,0,-1 F=674,2713,-9,1,-1 D=3503,3503,0,2,0 L=1249,1250,1,0,-1 B=1236,1236,0,0,-16
mv F2 code=0 aligned=1 homed=- ms=219.0 U=3135,3133,-2,2,1 R=1091,1090,-1,0,-1 F=2714,673,7,3,-8 D=3503,3502,-1,2,-1 L=1250,1250,0,0,-1 B=1236,1236,0,0,-16
rep moves=100 notaligned=0 homings=0 failures=0 avgms=219.0
res U=- R=- F=100,-1.0,8.0,9 D=- L=- B=-
ok
> rep 75 F F' F' F
mv F code=0 aligned=1 homed=- ms=119.0 U=3135,3133,-2,2,1 R=1091,1090,-1,0,-1 F=674,3746,0,2,-2 D=3502,3503,1,2,0 L=1249,1250,1,0,-1 B=1235,1236,1,0,-16
mv F' code=0 aligned=1 homed=- ms=119.0 U=3135,3133,-2,2,1 R=1091,1090,-1,0,-1 F=3748,672,-4,3,-9 D=3503,3503,0,2,0 L=1249,1250,1,0,-1 B=1235,1236,1,0,-16
mv F' code=0 aligned=1 homed=- ms=119.0 U=3136,3133,-3,2,1 R=1091,1090,-1,0,-1 F=672,1694,-2,0,-2 D=3503,3503,0,2,0 L=1249,1250,1,0,-1 B=1236,1236,0,0,-16
mv F code=0 aligned=1 homed=- ms=119.0 U=3135,3133,-2,2,1 R=1091,1090,-1,0,-1 F=1693,673,4,3,-8 D=3503,3503,0,2,0 L=1249,1249,0,0,-2 B=1236,1236,0,0,-16
mv F code=0 aligned=1 homed=- ms=119.0 U=3135,3133,-2,2,1 R=1091,1090,-1,0,-1 F=674,3746,0,2,-2 D=3503,3503,0,2,0 L=1249,1250,1,0,-1 B=1236,1236,0,0,-16
mv F' code=0 aligned=1 homed=- ms=119.0 U=3135,3133,-2,2,1 R=1091,1090,-1,0,-1 F=3748,672,-4,3,-9 D=3503,3503,0,2,0 L=1249,1250,1,0,-1 B=1236,1235,-1,0,-17
mv F' code=0 aligned=1 homed=- ms=119.0 U=3135,3133,-2,2,1 R=1091,1090,-1,0,-1 F=672,1694,-2,0,-2 D=3503,3503,0,2,0 L=1249,1250,1,0,-1 B=1236,1236,0,0,-16
mv F code=0 aligned=1 homed=- ms=119.0 U=3135,3133,-2,2,1 R=1091,1090,-1,0,-1 F=1694,673,3,3,-8 D=3502,3503,1,2,0 L=1249,1249,0,0,-2 B=1236,1236,0,0,-16
mv F code=0 aligned=1 homed=- ms=119.0 U=3135,3133,-2,2,1 R=1091,1090,-1,0,-1 F=674,3746,0,2,-2 D=3503,3503,0,2,0 L=1249,1250,1,0,-1 B=1236,1236,0,0,-16
mv F' code=0 aligned=1 homed=- ms=119.0 U=3135,3133,-2,2,1 R=1091,1090,-1,0,-1 F=3748,672,-4,3,-9 D=3503,3503,0,2,0 L=1249,1250,1,0,-1 B=1235,1236,1,0,-16
mv F' code=0 aligned=1 homed=- ms=119.0 U=3135,3133,-2,2,1 R=1091,1090,-1,0,-1 F=672,1694,-2,0,-2 D=3503,3502,-1,2,-1 L=1249,1250,1,0,-1 B=1236,1236,0,0,-16
mv F code=0 aligned=1 homed=- ms=119.0 U=3135,3134,-1,2,2 R=1091,1090,-1,0,-1 F=1693,673,4,3,-8 D=3503,3502,-1,2,-1 L=1249,1249,0,0,-2 B=1236,1236,0,0,-16
mv F code=0 aligned=1 homed=- ms=119.0 U=3135,3133,-2,2,1 R=1091,1090,-1,0,-1 F=674,3746,0,2,-2 D=3503,3502,-1,2,-1 L=1249,1250,1,0,-1 B=1236,1236,0,0,-16
mv F' code=0 aligned=1 homed=- ms=119.0 U=3135,3133,-2,2,1 R=1091,1090,-1,0,-1 F=3748,672,-4,3,-9 D=3503,3503,0,2,0 L=1249,1250,1,0,-1 B=1236,1236,0,0,-16
mv F' code=0 aligned=1 homed=- ms=119.0 U=3136,3133,-3,2,1 R=1091,1090,-1,0,-1 F=672,1694,-2,0,-2 D=3503,3503,0,2,0 L=1250,1250,0,0,-1 B=1236,1236,0,0,-16
mv F code=0 aligned=1 homed=- ms=119.0 U=3135,3133,-2,2,1 R=1091,1090,-1,0,-1 F=1693,673,4,3,-8 D=3503,3502,-1,2,-1 L=1250,1250,0,0,-1 B=1236,1236,0,0,-16
mv F code=0 aligned=1 homed=- ms=119.0 U=3135,3133,-2,2,1 R=1091,1090,-1,0,-1 F=674,3746,0,2,-2 D=3503,3503,0,2,0 L=1249,1250,1,0,-1 B=1236,1236,0,0,-16
mv F' code=0 aligned=1 homed=- ms=119.0 U=3135,3133,-2,2,1 R=1091,1090,-1,0,-1 F=3748,673,-3,3,-8 D=3503,3502,-1,2,-1 L=1249,1249,0,0,-2 B=1236,1236,0,0,-16
mv F' code=0 aligned=1 homed=- ms=119.0 U=3135,3133,-2,2,1 R=1091,1090,-1,0,-1 F=672,1694,-2,0,-2 D=3503,3503,0,2,0 L=1249,1250,1,0,-1 B=1236,1236,0,0,-16
mv F code=0 aligned=1 homed=- ms=119.0 U=3135,3133,-2,2,1 R=1091,1090,-1,0,-1 F=1693,673,4,3,-8 D=3503,3503,0,2,0 L=1249,1250,1,0,-1 B=1236,1236,0,0,-16
mv F code=0 aligned=1 homed=- ms=119.0 U=3135,3133,-2,2,1 R=1091,1090,-1,0,-1 F=674,3746,0,2,-2 D=3503,3502,-1,2,-1 L=1249,1250,1,0,-1 B=1236,1236,0,0,-16
mv F' code=0 aligned=1 homed=- ms=119.0 U=3135,3133,-2,2,1 R=1091,1090,-1,0,-1 F=3748,672,-4,3,-9 D=3503,3503,0,2,0 L=1249,1250,1,0,-1 B=1236,1236,0,0,-16
mv F' code=0 aligned=1 homed=- ms=119.0 U=3135,3133,-2,2,1 R=1091,1090,-1,0,-1 F=672,1694,-2,0,-2 D=3503,3503,0,2,0 L=1249,1250,1,0,-1 B=1236,1236,0,0,-16
mv F code=0 aligned=1 homed=- ms=119.0 U=3135,3133,-2,2,1 R=1091,1090,-1,0,-1 F=1693,673,4,3,-8 D=3503,3503,0,2,0 L=1249,1250,1,0,-1 B=1236,1236,0,0,-16
mv F code=0 aligned=1 homed=- ms=119.0 U=3135,3133,-2,2,1 R=1091,1090,-1,0,-1 F=674,3746,0,2,-2 D=3503,3503,0,2,0 L=1249,1250,1,0,-1 B=1236,1236,0,0,-16
mv F' code=0 aligned=1 homed=- ms=119.0 U=3135,3133,-2,2,1 R=1091,1090,-1,0,-1 F=3748,673,-3,3,-8 D=3503,3502,-1,2,-1 L=1249,1250,1,0,-1 B=1236,1236,0,0,-16
mv F' code=0 aligned=1 homed=- ms=119.0 U=3135,3133,-2,2,1 R=1091,1090,-1,0,-1 F=672,1694,-2,0,-2 D=3503,3503,0,2,0 L=1249,1250,1,0,-1 B=1236,1236,0,0,-16
mv F code=0 aligned=1 homed=- ms=119.0 U=3135,3133,-2,2,1 R=1091,1090,-1,0,-1 F=1693,673,4,3,-8 D=3503,3503,0,2,0 L=1249,1250,1,0,-1 B=1235,1236,1,0,-16
mv F code=0 aligned=1 homed=- ms=119.0 U=3135,3133,-2,2,1 R=1091,1090,-1,0,-1 F=674,3746,0,2,-2 D=3503,3503,0,2,0 L=1249,1250,1,0,-1 B=1235,1236,1,0,-16
mv F' code=0 aligned=1 homed=- ms=119.0 U=3135,3133,-2,2,1 R=1091,1090,-1,0,-1 F=3748,672,-4,3,-9 D=3503,3502,-1,2,-1 L=1249,1250,1,0,-1 B=1235,1236,1,0,-16
mv F' code=0 aligned=1 homed=- ms=119.0 U=3135,3133,-2,2,1 R=1091,1090,-1,0,-1 F=672,1694,-2,0,-2 D=3503,3502,-1,2,-1 L=1249,1250,1,0,-1 B=1236,1236,0,0,-16
mv F code=0 aligned=1 homed=- ms=119.0 U=3135,3133,-2,2,1 R=1091,1090,-1,0,-1 F=1693,673,4,3,-8 D=3503,3503,0,2,0 L=1249,1250,1,0,-1 B=1236,1236,0,0,-16
mv F code=0 aligned=1 homed=- ms=119.0 U=3135,3133,-2,2,1 R=1091,1090,-1,0,-1 F=674,3746,0,2,-2 D=3503,3503,0,2,0 L=1249,1250,1,0,-1 B=1236,1236,0,0,-16
mv F' code=0 aligned=1 homed=- ms=119.0 U=3135,3133,-2,2,1 R=1091,1090,-1,0,-1 F=3748,672,-4,3,-9 D=3503,3503,0,2,0 L=1249,1250,1,0,-1 B=1236,1236,0,0,-16
mv F' code=0 aligned=1 homed=- ms=119.0 U=3135,3133,-2,2,1 R=1091,1091,0,0,0 F=672,1694,-2,0,-2 D=3503,3503,0,2,0 L=1249,1250,1,0,-1 B=1236,1236,0,0,-16
mv F code=0 aligned=1 homed=- ms=119.0 U=3135,3133,-2,2,1 R=1091,1090,-1,0,-1 F=1693,673,4,3,-8 D=3503,3502,-1,2,-1 L=1249,1250,1,0,-1 B=1236,1236,0,0,-16
mv F code=0 aligned=1 homed=- ms=119.0 U=3135,3133,-2,2,1 R=1091,1090,-1,0,-1 F=674,3746,0,2,-2 D=3503,3503,0,2,0 L=1249,1250,1,0,-1 B=1235,1236,1,0,-16
mv F' code=0 aligned=1 homed=- ms=119.0 U=3136,3133,-3,2,1 R=1091,1090,-1,0,-1 F=3748,673,-3,3,-8 D=3502,3503,1,2,0 L=1249,1249,0,0,-2 B=1236,1236,0,0,-16
mv F' code=0 aligned=1 homed=- ms=119.0 U=3135,3133,-2,2,1 R=1091,1090,-1,0,-1 F=672,1694,-2,0,-2 D=3503,3503,0,2,0 L=1249,1250,1,0,-1 B=1235,1236,1,0,-16
mv F code=0 aligned=1 homed=- ms=119.0 U=3135,3133,-2,2,1 R=1091,1090,-1,0,-1 F=1693,673,4,3,-8 D=3503,3503,0,2,0 L=1249,1250,1,0,-1 B=1236,1236,0,0,-16
mv F code=0 aligned=1 homed=- ms=119.0 U=3135,3133,-2,2,1 R=1091,1090,-1,0,-1 F=674,3746,0,2,-2 D=3503,3503,0,2,0 L=1249,1250,1,0,-1 B=1236,1236,0,0,-16
mv F' code=0 aligned=1 homed=- ms=119.0 U=3135,3133,-2,2,1 R=1091,1090,-1,0,-1 F=3748,673,-3,3,-8 D=3503,3502,-1,2,-1 L=1249,1250,1,0,-1 B=1236,1236,0,0,-16
mv F' code=0 aligned=1 homed=- ms=119.0 U=3136,3133,-3,2,1 R=1091,1090,-1,0,-1 F=672,1694,-2,0,-2 D=3503,3502,-1,2,-1 L=1250,1250,0,0,-1 B=1236,1236,0,0,-16
mv F code=0 aligned=1 homed=- ms=119.0 U=3135,3133,-2,2,1 R=1091,1090,-1,0,-1 F=1693,673,4,3,-8 D=3503,3503,0,2,0 L=1249,1250,1,0,-1 B=1236,1236,0,0,-16
mv F code=0 aligned=1 homed=- ms=119.0 U=3135,3133,-2,2,1 R=1091,1090,-1,0,-1 F=674,3746,0,2,-2 D=3503,3503,0,2,0 L=1249,1250,1,0,-1 B=1236,1236,0,0,-16
mv F' code=0 aligned=1 homed=- ms=119.0 U=3135,3133,-2,2,1 R=1091,1090,-1,0,-1 F=3748,673,-3,3,-8 D=3503,3502,-1,2,-1 L=1250,1250,0,0,-1 B=1236,1235,-1,0,-17
mv F' code=0 aligned=1 homed=- ms=119.0 U=3135,3133,-2,2,1 R=1091,1090,-1,0,-1 F=672,1694,-2,0,-2 D=3503,3503,0,2,0 L=1249,1250,1,0,-1 B=1236,1236,0,0,-16
mv F code=0 aligned=1 homed=- ms=119.0 U=3135,3133,-2,2,1 R=1091,1090,-1,0,-1 F=1693,673,4,3,-8 D=3503,3502,-1,2,-1 L=1249,1249,0,0,-2 B=1236,1236,0,0,-16
mv F code=0 aligned=1 homed=- ms=119.0 U=3135,3133,-2,2,1 R=1091,1090,-1,0,-1 F=674,3746,0,2,-2 D=3503,3502,-1,2,-1 L=1249,1250,1,0,-1 B=1236,1235,-1,0,-17
mv F' code=0 aligned=1 homed=- ms=119.0 U=3135,3133,-2,2,1 R=1091,1090,-1,0,-1 F=3748,672,-4,3,-9 D=3503,3503,0,2,0 L=1249,1250,1,0,-1 B=1236,1236,0,0,-16
mv F' code=0 aligned=1 homed=- ms=119.0 U=3135,3133,-2,2,1 R=1091,1090,-1,0,-1 F=672,1694,-2,0,-2 D=3503,3503,0,2,0 L=1249,1250,1,0,-1 B=1236,1236,0,0,-16
mv F code=0 aligned=1 homed=- ms=119.0 U=3135,3133,-2,2,1 R=1091,1090,-1,0,-1 F=1694,673,3,3,-8 D=3503,3502,-1,2,-1 L=1249,1250,1,0,-1 B=1236,1236,0,0,-16
mv F code=0 aligned=1 homed=- ms=119.0 U=3135,3133,-2,2,1 R=1091,1090,-1,0,-1 F=674,3746,0,2,-2 D=3503,3503,0,2,0 L=1249,1250,1,0,-1 B=1235,1236,1,0,-16
mv F' code=0 aligned=1 homed=- ms=119.0 U=3135,3133,-2,2,1 R=1091,1090,-1,0,-1 F=3748,673,-3,3,-8 D=3503,3502,-1,2,-1 L=1249,1250,1,0,-1 B=1236,1235,-1,0,-17
mv F' code=0 aligned=1 homed=- ms=119.0 U=3135,3133,-2,2,1 R=1091,1090,-1,0,-1 F=672,1694,-2,0,-2 D=3503,3503,0,2,0 L=1249,1250,1,0,-1 B=1236,1236,0,0,-16
mv F code=0 aligned=1 homed=- ms=119.0 U=3135,3133,-2,2,1 R=1091,1090,-1,0,-1 F=1693,673,4,3,-8 D=3503,3503,0,2,0 L=1249,1250,1,0,-1 B=1236,1236,0,0,-16
mv F code=0 aligned=1 homed=- ms=119.0 U=3135,3133,-2,2,1 R=1091,1090,-1,0,-1 F=674,3746,0,2,-2 D=3503,3502,-1,2,-1 L=1249,1250,1,0,-1 B=1236,1236,0,0,-16
mv F' code=0 aligned=1 homed=- ms=119.0 U=3135,3133,-2,2,1 R=1091,1090,-1,0,-1 F=3748,672,-4,3,-9 D=3502,3502,0,2,-1 L=1249,1250,1,0,-1 B=1236,1235,-1,0,-17
mv F' code=0 aligned=1 homed=- ms=119.0 U=3135,3133,-2,2,1 R=1091,1090,-1,0,-1 F=672,1694,-2,0,-2 D=3503,3503,0,2,0 L=1249,1250,1,0,-1 B=1235,1235,0,0,-17
mv F code=0 aligned=1 homed=- ms=119.0 U=3135,3133,-2,2,1 R=1091,1090,-1,0,-1 F=1693,673,4,3,-8 D=3503,3502,-1,2,-1 L=1249,1250,1,0,-1 B=1235,1236,1,0,-16
mv F code=0 aligned=1 homed=- ms=119.0 U=3135,3133,-2,2,1 R=1091,1091,0,0,0 F=674,3746,0,2,-2 D=3503,3503,0,2,0 L=1249,1250,1,0,-1 B=1235,1236,1,0,-16
mv F' code=0 aligned=1 homed=- ms=119.0 U=3135,3133,-2,2,1 R=1091,1090,-1,0,-1 F=3748,672,-4,3,-9 D=3503,3502,-1,2,-1 L=1249,1250,1,0,-1 B=1235,1236,1,0,-16
mv F' code=0 aligned=1 homed=- ms=119.0 U=3135,3133,-2,2,1 R=1091,1090,-1,0,-1 F=672,1694,-2,0,-2 D=3502,3503,1,2,0 L=1249,1250,1,0,-1 B=1236,1236,0,0,-16
mv F code=0 aligned=1 homed=- ms=119.0 U=3135,3133,-2,2,1 R=1091,1090,-1,0,-1 F=1693,673,4,3,-8 D=3503,3503,0,2,0 L=1249,1250,1,0,-1 B=1236,1236,0,0,-16
mv F code=0 aligned=1 homed=- ms=119.0 U=3135,3133,-2,2,1 R=1091,1090,-1,0,-1 F=674,3746,0,2,-2 D=3503,3503,0,2,0 L=1249,1250,1,0,-1 B=1236,1236,0,0,-16
mv F' code=0 aligned=1 homed=- ms=119.0 U=3135,3133,-2,2,1 R=1091,1090,-1,0,-1 F=3748,673,-3,3,-8 D=3503,3503,0,2,0 L=1249,1249,0,0,-2 B=1235,1236,1,0,-16
mv F' code=0 aligned=1 homed=- ms=119.0 U=3135,3133,-2,2,1 R=1091,1090,-1,0,-1 F=672,1694,-2,0,-2 D=3503,3503,0,2,0 L=1249,1250,1,0,-1 B=1236,1236,0,0,-16
mv F code=0 aligned=1 homed=- ms=119.0 U=3135,3133,-2,2,1 R=1091,1090,-1,0,-1 F=1693,673,4,3,-8 D=3503,3503,0,2,0 L=1249,1250,1,0,-1 B=1236,1236,0,0,-16
mv F code=0 aligned=1 homed=- ms=119.0 U=3135,3133,-2,2,1 R=1091,1090,-1,0,-1 F=674,3746,0,2,-2 D=3503,3502,-1,2,-1 L=1249,1250,1,0,-1 B=1236,1236,0,0,-16
mv F' code=0 aligned=1 homed=- ms=119.0 U=3135,3133,-2,2,1 R=1091,1090,-1,0,-1 F=3748,672,-4,3,-9 D=3503,3502,-1,2,-1 L=1249,1250,1,0,-1 B=1236,1236,0,0,-16
mv F' code=0 aligned=1 homed=- ms=119.0 U=3135,3133,-2,2,1 R=1091,1090,-1,0,-1 F=672,1694,-2,0,-2 D=3503,3503,0,2,0 L=1249,1250,1,0,-1 B=1235,1235,0,0,-17
mv F code=0 aligned=1 homed=- ms=119.0 U=3135,3133,-2,2,1 R=1091,1090,-1,0,-1 F=1693,673,4,3,-8 D=3503,3503,0,2,0 L=1249,1249,0,0,-2 B=1236,1236,0,0,-16
mv F code=0 aligned=1 homed=- ms=119.0 U=3135,3133,-2,2,1 R=1091,1090,-1,0,-1 F=674,3746,0,2,-2 D=3503,3503,0,2,0 L=1249,1250,1,0,-1 B=1236,1236,0,0,-16
mv F' code=0 aligned=1 homed=- ms=119.0 U=3135,3133,-2,2,1 R=1091,1090,-1,0,-1 F=3748,672,-4,3,-9 D=3503,3503,0,2,0 L=1249,1250,1,0,-1 B=1236,1236,0,0,-16
mv F' code=0 aligned=1 homed=- ms=119.0 U=3135,3133,-2,2,1 R=1091,1090,-1,0,-1 F=672,1694,-2,0,-2 D=3503,3503,0,2,0 L=1250,1249,-1,0,-2 B=1236,1236,0,0,-16
mv F code=0 aligned=1 homed=- ms=119.0 U=3135,3133,-2,2,1 R=1091,1090,-1,0,-1 F=1693,673,4,3,-8 D=3503,3503,0,2,0 L=1249,1250,1,0,-1 B=1236,1236,0,0,-16
mv F code=0 aligned=1 homed=- ms=119.0 U=3135,3133,-2,2,1 R=1091,1090,-1,0,-1 F=674,3746,0,2,-2 D=3503,3503,0,2,0 L=1249,1250,1,0,-1 B=1236,1236,0,0,-16
mv F' code=0 aligned=1 homed=- ms=119.0 U=3135,3133,-2,2,1 R=1091,1090,-1,0,-1 F=3748,672,-4,3,-9 D=3503,3503,0,2,0 L=1250,1250,0,0,-1 B=1236,1236,0,0,-16
mv F' code=0 aligned=1 homed=- ms=119.0 U=3135,3133,-2,2,1 R=1091,1090,-1,0,-1 F=672,1694,-2,0,-2 D=3503,3503,0,2,0 L=1249,1250,1,0,-1 B=1236,1236,0,0,-16
mv F code=0 aligned=1 homed=- ms=119.0 U=3135,3133,-2,2,1 R=1091,1090,-1,0,-1 F=1693,673,4,3,-8 D=3503,3503,0,2,0 L=1249,1250,1,0,-1 B=1236,1236,0,0,-16
mv F code=0 aligned=1 homed=- ms=119.0 U=3135,3133,-2,2,1 R=1091,1090,-1,0,-1 F=674,3746,0,2,-2 D=3503,3503,0,2,0 L=1249,1250,1,0,-1 B=1235,1236,1,0,-16
mv F' code=0 aligned=1 homed=- ms=119.0 U=3135,3133,-2,2,1 R=1091,1090,-1,0,-1 F=3748,673,-3,3,-8 D=3503,3503,0,2,0 L=1249,1250,1,0,-1 B=1236,1236,0,0,-16
mv F' code=0 aligned=1 homed=- ms=119.0 U=3135,3133,-2,2,1 R=1091,1090,-1,0,-1 F=672,1694,-2,0,-2 D=3503,3503,0,2,0 L=1249,1250,1,0,-1 B=1236,1236,0,0,-16
mv F code=0 aligned=1 homed=- ms=119.0 U=3135,3133,-2,2,1 R=1091,1090,-1,0,-1 F=1693,673,4,3,-8 D=3503,3503,0,2,0 L=1249,1250,1,0,-1 B=1236,1236,0,0,-16
mv F code=0 aligned=1 homed=- ms=119.0 U=3136,3134,-2,2,2 R=1091,1090,-1,0,-1 F=674,3746,0,2,-2 D=3503,3503,0,2,0 L=1249,1250,1,0,-1 B=1236,1236,0,0,-16
mv F' code=0 aligned=1 homed=- ms=119.0 U=3135,3133,-2,2,1 R=1091,1090,-1,0,-1 F=3748,672,-4,3,-9 D=3503,3502,-1,2,-1 L=1249,1250,1,0,-1 B=1236,1236,0,0,-16
mv F' code=0 aligned=1 homed=- ms=119.0 U=3135,3133,-2,2,1 R=1091,1090,-1,0,-1 F=672,1694,-2,0,-2 D=3503,3503,0,2,0 L=1249,1250,1,0,-1 B=1236,1236,0,0,-16
mv F code=0 aligned=1 homed=- ms=119.0 U=3135,3133,-2,2,1 R=1091,1090,-1,0,-1 F=1693,673,4,3,-8 D=3503,3503,0,2,0 L=1249,1249,0,0,-2 B=1236,1236,0,0,-16
mv F code=0 aligned=1 homed=- ms=119.0 U=3135,3133,-2,2,1 R=1091,1090,-1,0,-1 F=674,3746,0,2,-2 D=3503,3503,0,2,0 L=1249,1250,1,0,-1 B=1236,1236,0,0,-16
mv F' code=0 aligned=1 homed=- ms=119.0 U=3135,3133,-2,2,1 R=1091,1090,-1,0,-1 F=3748,672,-4,3,-9 D=3503,3502,-1,2,-1 L=1249,1250,1,0,-1 B=1235,1236,1,0,-16
mv F' code=0 aligned=1 homed=- ms=119.0 U=3135,3133,-2,2,1 R=1091,1090,-1,0,-1 F=672,1694,-2,0,-2 D=3503,3503,0,2,0 L=1249,1249,0,0,-2 B=1236,1236,0,0,-16
mv F code=0 aligned=1 homed=- ms=119.0 U=3135,3133,-2,2,1 R=1091,1090,-1,0,-1 F=1693,673,4,3,-8 D=3502,3502,0,2,-1 L=1249,1250,1,0,-1 B=1236,1236,0,0,-16
mv F code=0 aligned=1 homed=- ms=119.0 U=3135,3133,-2,2,1 R=1091,1090,-1,0,-1 F=674,3746,0,2,-2 D=3503,3503,0,2,0 L=1250,1250,0,0,-1 B=1236,1236,0,0,-16
mv F' code=0 aligned=1 homed=- ms=119.0 U=3135,3133,-2,2,1 R=1091,1090,-1,0,-1 F=3748,673,-3,3,-8 D=3503,3502,-1,2,-1 L=1249,1250,1,0,-1 B=1236,1236,0,0,-16
mv F' code=0 aligned=1 homed=- ms=119.0 U=3135,3133,-2,2,1 R=1091,1090,-1,0,-1 F=672,1694,-2,0,-2 D=3503,3503,0,2,0 L=1249,1250,1,0,-1 B=1236,1236,0,0,-16
mv F code=0 aligned=1 homed=- ms=119.0 U=3135,3133,-2,2,1 R=1091,1090,-1,0,-1 F=1693,673,4,3,-8 D=3503,3503,0,2,0 L=1250,1249,-1,0,-2 B=1236,1236,0,0,-16
mv F code=0 aligned=1 homed=- ms=119.0 U=3135,3133,-2,2,1 R=1091,1090,-1,0,-1 F=674,3746,0,2,-2 D=3503,3502,-1,2,-1 L=1249,1250,1,0,-1 B=1236,1236,0,0,-16
mv F' code=0 aligned=1 homed=- ms=119.0 U=3135,3133,-2,2,1 R=1091,1090,-1,0,-1 F=3748,672,-4,3,-9 D=3503,3503,0,2,0 L=1249,1249,0,0,-2 B=1236,1236,0,0,-16
mv F' code=0 aligned=1 homed=- ms=119.0 U=3135,3133,-2,2,1 R=1091,1090,-1,0,-1 F=672,1694,-2,0,-2 D=3503,3503,0,2,0 L=1249,1250,1,0,-1 B=1236,1236,0,0,-16
mv F code=0 aligned=1 homed=- ms=119.0 U=3135,3133,-2,2,1 R=1091,1090,-1,0,-1 F=1693,673,4,3,-8 D=3503,3502,-1,2,-1 L=1249,1250,1,0,-1 B=1236,1236,0,0,-16
mv F code=0 aligned=1 homed=- ms=119.0 U=3135,3133,-2,2,1 R=1091,1090,-1,0,-1 F=674,3746,0,2,-2 D=3502,3503,1,2,0 L=1250,1250,0,0,-1 B=1236,1236,0,0,-16
mv F' code=0 aligned=1 homed=- ms=119.0 U=3135,3133,-2,2,1 R=1091,1090,-1,0,-1 F=3748,672,-4,3,-9 D=3503,3502,-1,2,-1 L=1249,1250,1,0,-1 B=1236,1236,0,0,-16
mv F' code=0 aligned=1 homed=- ms=119.0 U=3135,3133,-2,2,1 R=1091,1090,-1,0,-1 F=672,1694,-2,0,-2 D=3503,3503,0,2,0 L=1249,1250,1,0,-1 B=1236,1236,0,0,-16
mv F code=0 aligned=1 homed=- ms=119.0 U=3135,3133,-2,2,1 R=1091,1090,-1,0,-1 F=1693,673,4,3,-8 D=3503,3503,0,2,0 L=1249,1250,1,0,-1 B=1236,1236,0,0,-16
mv F code=0 aligned=1 homed=- ms=119.0 U=3135,3133,-2,2,1 R=1091,1090,-1,0,-1 F=674,3746,0,2,-2 D=3503,3503,0,2,0 L=1249,1250,1,0,-1 B=1236,1236,0,0,-16
mv F' code=0 aligned=1 homed=- ms=119.0 U=3135,3133,-2,2,1 R=1091,1090,-1,0,-1 F=3748,672,-4,3,-9 D=3502,3503,1,2,0 L=1249,1250,1,0,-1 B=1236,1236,0,0,-16
mv F' code=0 aligned=1 homed=- ms=119.0 U=3135,3133,-2,2,1 R=1091,1090,-1,0,-1 F=672,1694,-2,0,-2 D=3503,3503,0,2,0 L=1249,1250,1,0,-1 B=1236,1236,0,0,-16
mv F code=0 aligned=1 homed=- ms=119.0 U=3135,3133,-2,2,1 R=1091,1090,-1,0,-1 F=1693,673,4,3,-8 D=3503,3502,-1,2,-1 L=1249,1250,1,0,-1 B=1236,1235,-1,0,-17
mv F code=0 aligned=1 homed=- ms=119.0 U=3135,3133,-2,2,1 R=1091,1090,-1,0,-1 F=674,3746,0,2,-2 D=3503,3503,0,2,0 L=1249,1250,1,0,-1 B=1235,1236,1,0,-16
mv F' code=0 aligned=1 homed=- ms=119.0 U=3135,3133,-2,2,1 R=1091,1090,-1,0,-1 F=3748,673,-3,3,-8 D=3502,3502,0,2,-1 L=1250,1249,-1,0,-2 B=1236,1236,0,0,-16
mv F' code=0 aligned=1 homed=- ms=119.0 U=3135,3133,-2,2,1 R=1091,1090,-1,0,-1 F=672,1694,-2,0,-2 D=3503,3503,0,2,0 L=1249,1249,0,0,-2 B=1236,1236,0,0,-16
mv F code=0 aligned=1 homed=- ms=119.0 U=3135,3133,-2,2,1 R=1091,1090,-1,0,-1 F=1693,673,4,3,-8 D=3503,3503,0,2,0 L=1249,1250,1,0,-1 B=1236,1236,0,0,-16
mv F code=0 aligned=1 homed=- ms=119.0 U=3135,3133,-2,2,1 R=1091,1090,-1,0,-1 F=674,3746,0,2,-2 D=3503,3502,-1,2,-1 L=1250,1249,-1,0,-2 B=1236,1236,0,0,-16
mv F' code=0 aligned=1 homed=- ms=119.0 U=3135,3133,-2,2,1 R=1091,1090,-1,0,-1 F=3748,672,-4,3,-9 D=3503,3503,0,2,0 L=1249,1250,1,0,-1 B=1235,1236,1,0,-16
mv F' code=0 aligned=1 homed=- ms=119.0 U=3135,3133,-2,2,1 R=1091,1090,-1,0,-1 F=672,1694,-2,0,-2 D=3503,3502,-1,2,-1 L=1249,1249,0,0,-2 B=1236,1236,0,0,-16
mv F code=0 aligned=1 homed=- ms=119.0 U=3135,3133,-2,2,1 R=1091,1090,-1,0,-1 F=1693,673,4,3,-8 D=3503,3503,0,2,0 L=1249,1249,0,0,-2 B=1236,1236,0,0,-16
mv F code=0 aligned=1 homed=- ms=119.0 U=3135,3133,-2,2,1 R=1091,1090,-1,0,-1 F=674,3746,0,2,-2 D=3503,3503,0,2,0 L=1250,1250,0,0,-1 B=1235,1236,1,0,-16
mv F' code=0 aligned=1 homed=- ms=119.0 U=3135,3133,-2,2,1 R=1091,1090,-1,0,-1 F=3748,672,-4,3,-9 D=3503,3503,0,2,0 L=1249,1250,1,0,-1 B=1235,1236,1,0,-16
mv F' code=0 aligned=1 homed=- ms=119.0 U=3135,3133,-2,2,1 R=1091,1090,-1,0,-1 F=672,1694,-2,0,-2 D=3503,3502,-1,2,-1 L=1249,1249,0,0,-2 B=1236,1236,0,0,-16
mv F code=0 aligned=1 homed=- ms=119.0 U=3136,3133,-3,2,1 R=1091,1090,-1,0,-1 F=1693,673,4,3,-8 D=3503,3503,0,2,0 L=1249,1250,1,0,-1 B=1236,1236,0,0,-16
mv F code=0 aligned=1 homed=- ms=119.0 U=3135,3133,-2,2,1 R=1091,1090,-1,0,-1 F=674,3746,0,2,-2 D=3503,3503,0,2,0 L=1249,1250,1,0,-1 B=1236,1236,0,0,-16
mv F' code=0 aligned=1 homed=- ms=119.0 U=3135,3133,-2,2,1 R=1091,1090,-1,0,-1 F=3748,672,-4,3,-9 D=3503,3503,0,2,0 L=1249,1250,1,0,-1 B=1235,1236,1,0,-16
mv F' code=0 aligned=1 homed=- ms=119.0 U=3135,3133,-2,2,1 R=1091,1090,-1,0,-1 F=672,1694,-2,0,-2 D=3503,3503,0,2,0 L=1249,1249,0,0,-2 B=1236,1236,0,0,-16
mv F code=0 aligned=1 homed=- ms=119.0 U=3135,3133,-2,2,1 R=1091,1090,-1,0,-1 F=1693,673,4,3,-8 D=3503,3503,0,2,0 L=1249,1250,1,0,-1 B=1236,1236,0,0,-16
mv F code=0 aligned=1 homed=- ms=119.0 U=3135,3133,-2,2,1 R=1091,1090,-1,0,-1 F=674,3746,0,2,-2 D=3503,3503,0,2,0 L=1249,1250,1,0,-1 B=1236,1236,0,0,-16
mv F' code=0 aligned=1 homed=- ms=119.0 U=3135,3133,-2,2,1 R=1091,1090,-1,0,-1 F=3748,672,-4,3,-9 D=3503,3502,-1,2,-1 L=1250,1250,0,0,-1 B=1236,1236,0,0,-16
mv F' code=0 aligned=1 homed=- ms=119.0 U=3136,3133,-3,2,1 R=1091,1090,-1,0,-1 F=672,1694,-2,0,-2 D=3503,3503,0,2,0 L=1249,1250,1,0,-1 B=1236,1236,0,0,-16
mv F code=0 aligned=1 homed=- ms=119.0 U=3136,3133,-3,2,1 R=1091,1090,-1,0,-1 F=1693,673,4,3,-8 D=3503,3503,0,2,0 L=1249,1250,1,0,-1 B=1236,1236,0,0,-16
mv F code=0 aligned=1 homed=- ms=119.0 U=3135,3133,-2,2,1 R=1091,1090,-1,0,-1 F=674,3746,0,2,-2 D=3503,3503,0,2,0 L=1249,1250,1,0,-1 B=1235,1236,1,0,-16
mv F' code=0 aligned=1 homed=- ms=119.0 U=3135,3133,-2,2,1 R=1091,1090,-1,0,-1 F=3748,672,-4,3,-9 D=3503,3502,-1,2,-1 L=1249,1250,1,0,-1 B=1235,1236,1,0,-16
mv F' code=0 aligned=1 homed=- ms=119.0 U=3135,3133,-2,2,1 R=1091,1090,-1,0,-1 F=672,1694,-2,0,-2 D=3503,3503,0,2,0 L=1249,1250,1,0,-1 B=1236,1236,0,0,-16
mv F code=0 aligned=1 homed=- ms=119.0 U=3135,3133,-2,2,1 R=1091,1090,-1,0,-1 F=1693,673,4,3,-8 D=3503,3503,0,2,0 L=1249,1249,0,0,-2 B=1236,1236,0,0,-16
mv F code=0 aligned=1 homed=- ms=119.0 U=3135,3133,-2,2,1 R=1091,1091,0,0,0 F=674,3746,0,2,-2 D=3503,3503,0,2,0 L=1250,1250,0,0,-1 B=1236,1236,0,0,-16
mv F' code=0 aligned=1 homed=- ms=119.0 U=3135,3133,-2,2,1 R=1091,1090,-1,0,-1 F=3748,672,-4,3,-9 D=3503,3502,-1,2,-1 L=1249,1250,1,0,-1 B=1236,1236,0,0,-16
mv F' code=0 aligned=1 homed=- ms=119.0 U=3135,3133,-2,2,1 R=1091,1090,-1,0,-1 F=672,1694,-2,0,-2 D=3503,3503,0,2,0 L=1249,1249,0,0,-2 B=1236,1236,0,0,-16
mv F code=0 aligned=1 homed=- ms=119.0 U=3135,3133,-2,2,1 R=1091,1090,-1,0,-1 F=1693,673,4,3,-8 D=3503,3503,0,2,0 L=1249,1250,1,0,-1 B=1236,1236,0,0,-16
mv F code=0 aligned=1 homed=- ms=119.0 U=3135,3133,-2,2,1 R=1091,1090,-1,0,-1 F=674,3746,0,2,-2 D=3503,3502,-1,2,-1 L=1249,1250,1,0,-1 B=1235,1236,1,0,-16
mv F' code=0 aligned=1 homed=- ms=119.0 U=3135,3133,-2,2,1 R=1091,1090,-1,0,-1 F=3748,672,-4,3,-9 D=3503,3503,0,2,0 L=1249,1250,1,0,-1 B=1235,1236,1,0,-16
mv F' code=0 aligned=1 homed=- ms=119.0 U=3135,3133,-2,2,1 R=1091,1090,-1,0,-1 F=672,1694,-2,0,-2 D=3503,3502,-1,2,-1 L=1249,1250,1,0,-1 B=1236,1236,0,0,-16
mv F code=0 aligned=1 homed=- ms=119.0 U=3135,3133,-2,2,1 R=1091,1090,-1,0,-1 F=1693,673,4,3,-8 D=3503,3503,0,2,0 L=1249,1250,1,0,-1 B=1236,1236,0,0,-16
mv F code=0 aligned=1 homed=- ms=119.0 U=3136,3133,-3,2,1 R=1091,1090,-1,0,-1 F=674,3746,0,2,-2 D=3503,3503,0,2,0 L=1249,1250,1,0,-1 B=1235,1236,1,0,-16
mv F' code=0 aligned=1 homed=- ms=119.0 U=3135,3133,-2,2,1 R=1091,1090,-1,0,-1 F=3748,672,-4,3,-9 D=3503,3503,0,2,0 L=1249,1250,1,0,-1 B=1236,1236,0,0,-16
mv F' code=0 aligned=1 homed=- ms=119.0 U=3135,3133,-2,2,1 R=1091,1091,0,0,0 F=672,1694,-2,0,-2 D=3503,3503,0,2,0 L=1249,1250,1,0,-1 B=1236,1236,0,0,-16
mv F code=0 aligned=1 homed=- ms=119.0 U=3135,3133,-2,2,1 R=1091,1090,-1,0,-1 F=1693,673,4,3,-8 D=3503,3503,0,2,0 L=1250,1250,0,0,-1 B=1235,1236,1,0,-16
mv F code=0 aligned=1 homed=- ms=119.0 U=3135,3134,-1,2,2 R=1091,1090,-1,0,-1 F=674,3746,0,2,-2 D=3503,3502,-1,2,-1 L=1249,1250,1,0,-1 B=1235,1236,1,0,-16
mv F' code=0 aligned=1 homed=- ms=119.0 U=3135,3133,-2,2,1 R=1091,1090,-1,0,-1 F=3748,672,-4,3,-9 D=3503,3503,0,2,0 L=1249,1250,1,0,-1 B=1236,1236,0,0,-16
mv F' code=0 aligned=1 homed=- ms=119.0 U=3135,3133,-2,2,1 R=1091,1090,-1,0,-1 F=672,1694,-2,0,-2 D=3503,3503,0,2,0 L=1249,1250,1,0,-1 B=1236,1236,0,0,-16
mv F code=0 aligned=1 homed=- ms=119.0 U=3135,3133,-2,2,1 R=1091,1090,-1,0,-1 F=1693,673,4,3,-8 D=3503,3503,0,2,0 L=1249,1250,1,0,-1 B=1236,1236,0,0,-16
mv F code=0 aligned=1 homed=- ms=119.0 U=3135,3133,-2,2,1 R=1091,1090,-1,0,-1 F=674,3746,0,2,-2 D=3503,3502,-1,2,-1 L=1249,1250,1,0,-1 B=1235,1236,1,0,-16
mv F' code=0 aligned=1 homed=- ms=119.0 U=3135,3133,-2,2,1 R=1091,1090,-1,0,-1 F=3748,672,-4,3,-9 D=3503,3503,0,2,0 L=1249,1250,1,0,-1 B=1236,1236,0,0,-16
mv F' code=0 aligned=1 homed=- ms=119.0 U=3135,3133,-2,2,1 R=1091,1090,-1,0,-1 F=672,1694,-2,0,-2 D=3503,3503,0,2,0 L=1249,1250,1,0,-1 B=1236,1236,0,0,-16
mv F code=0 aligned=1 homed=- ms=119.0 U=3135,3133,-2,2,1 R=1091,1090,-1,0,-1 F=1693,673,4,3,-8 D=3503,3502,-1,2,-1 L=1249,1250,1,0,-1 B=1236,1236,0,0,-16
mv F code=0 aligned=1 homed=- ms=119.0 U=3135,3133,-2,2,1 R=1091,1090,-1,0,-1 F=674,3746,0,2,-2 D=3503,3503,0,2,0 L=1249,1250,1,0,-1 B=1235,1236,1,0,-16
mv F' code=0 aligned=1 homed=- ms=119.0 U=3135,3133,-2,2,1 R=1091,1090,-1,0,-1 F=3748,672,-4,3,-9 D=3503,3503,0,2,0 L=1249,1250,1,0,-1 B=1235,1236,1,0,-16
mv F' code=0 aligned=1 homed=- ms=119.0 U=3135,3133,-2,2,1 R=1091,1090,-1,0,-1 F=672,1694,-2,0,-2 D=3503,3503,0,2,0 L=1249,1249,0,0,-2 B=1236,1236,0,0,-16
mv F code=0 aligned=1 homed=- ms=119.0 U=3135,3133,-2,2,1 R=1091,1090,-1,0,-1 F=1693,673,4,3,-8 D=3503,3503,0,2,0 L=1249,1250,1,0,-1 B=1236,1236,0,0,-16
mv F code=0 aligned=1 homed=- ms=119.0 U=3135,3133,-2,2,1 R=1091,1090,-1,0,-1 F=674,3746,0,2,-2 D=3502,3502,0,2,-1 L=1249,1250,1,0,-1 B=1236,1236,0,0,-16
mv F' code=0 aligned=1 homed=- ms=119.0 U=3135,3133,-2,2,1 R=1091,1090,-1,0,-1 F=3748,673,-3,3,-8 D=3503,3502,-1,2,-1 L=1249,1250,1,0,-1 B=1235,1236,1,0,-16
mv F' code=0 aligned=1 homed=- ms=119.0 U=3135,3134,-1,2,2 R=1091,1090,-1,0,-1 F=672,1694,-2,0,-2 D=3503,3503,0,2,0 L=1249,1250,1,0,-1 B=1236,1236,0,0,-16
mv F code=0 aligned=1 homed=- ms=119.0 U=3135,3133,-2,2,1 R=1091,1090,-1,0,-1 F=1694,673,3,3,-8 D=3502,3503,1,2,0 L=1249,1250,1,0,-1 B=1236,1236,0,0,-16
mv F code=0 aligned=1 homed=- ms=119.0 U=3135,3133,-2,2,1 R=1091,1090,-1,0,-1 F=674,3746,0,2,-2 D=3502,3502,0,2,-1 L=1249,1250,1,0,-1 B=1236,1236,0,0,-16
mv F' code=0 aligned=1 homed=- ms=119.0 U=3135,3133,-2,2,1 R=1091,1090,-1,0,-1 F=3748,673,-3,3,-8 D=3503,3502,-1,2,-1 L=1249,1250,1,0,-1 B=1235,1236,1,0,-16
mv F' code=0 aligned=1 homed=- ms=119.0 U=3135,3133,-2,2,1 R=1091,1090,-1,0,-1 F=672,1694,-2,0,-2 D=3503,3503,0,2,0 L=1249,1250,1,0,-1 B=1236,1236,0,0,-16
mv F code=0 aligned=1 homed=- ms=119.0 U=3136,3133,-3,2,1 R=1091,1090,-1,0,-1 F=1693,673,4,3,-8 D=3503,3502,-1,2,-1 L=1249,1250,1,0,-1 B=1236,1236,0,0,-16
mv F code=0 aligned=1 homed=- ms=119.0 U=3135,3133,-2,2,1 R=1091,1090,-1,0,-1 F=674,3746,0,2,-2 D=3502,3503,1,2,0 L=1249,1250,1,0,-1 B=1235,1236,1,0,-16
mv F' code=0 aligned=1 homed=- ms=119.0 U=3135,3133,-2,2,1 R=1091,1090,-1,0,-1 F=3748,672,-4,3,-9 D=3503,3503,0,2,0 L=1249,1250,1,0,-1 B=1235,1236,1,0,-16
mv F' code=0 aligned=1 homed=- ms=119.0 U=3135,3133,-2,2,1 R=1091,1090,-1,0,-1 F=672,1694,-2,0,-2 D=3503,3503,0,2,0 L=1249,1250,1,0,-1 B=1236,1236,0,0,-16
mv F code=0 aligned=1 homed=- ms=119.0 U=3135,3133,-2,2,1 R=1091,1090,-1,0,-1 F=1693,673,4,3,-8 D=3503,3503,0,2,0 L=1249,1250,1,0,-1 B=1236,1236,0,0,-16
mv F code=0 aligned=1 homed=- ms=119.0 U=3135,3133,-2,2,1 R=1091,1090,-1,0,-1 F=674,3746,0,2,-2 D=3503,3502,-1,2,-1 L=1249,1250,1,0,-1 B=1236,1236,0,0,-16
mv F' code=0 aligned=1 homed=- ms=119.0 U=3135,3133,-2,2,1 R=1091,1091,0,0,0 F=3748,673,-3,3,-8 D=3503,3502,-1,2,-1 L=1250,1250,0,0,-1 B=1236,1236,0,0,-16
mv F' code=0 aligned=1 homed=- ms=119.0 U=3135,3133,-2,2,1 R=1091,1090,-1,0,-1 F=672,1694,-2,0,-2 D=3503,3502,-1,2,-1 L=1249,1250,1,0,-1 B=1236,1236,0,0,-16
mv F code=0 aligned=1 homed=- ms=119.0 U=3135,3133,-2,2,1 R=1091,1090,-1,0,-1 F=1694,673,3,3,-8 D=3503,3502,-1,2,-1 L=1249,1249,0,0,-2 B=1236,1236,0,0,-16
mv F code=0 aligned=1 homed=- ms=119.0 U=3135,3133,-2,2,1 R=1091,1090,-1,0,-1 F=674,3746,0,2,-2 D=3503,3503,0,2,0 L=1249,1250,1,0,-1 B=1236,1236,0,0,-16
mv F' code=0 aligned=1 homed=- ms=119.0 U=3135,3133,-2,2,1 R=1091,1090,-1,0,-1 F=3748,673,-3,3,-8 D=3503,3503,0,2,0 L=1249,1250,1,0,-1 B=1236,1236,0,0,-16
mv F' code=0 aligned=1 homed=- ms=119.0 U=3135,3133,-2,2,1 R=1091,1090,-1,0,-1 F=672,1694,-2,0,-2 D=3503,3502,-1,2,-1 L=1249,1250,1,0,-1 B=1236,1236,0,0,-16
mv F code=0 aligned=1 homed=- ms=119.0 U=3135,3133,-2,2,1 R=1091,1091,0,0,0 F=1694,673,3,3,-8 D=3503,3502,-1,2,-1 L=1249,1250,1,0,-1 B=1236,1236,0,0,-16
mv F code=0 aligned=1 homed=- ms=119.0 U=3135,3133,-2,2,1 R=1091,1090,-1,0,-1 F=674,3746,0,2,-2 D=3503,3503,0,2,0 L=1249,1250,1,0,-1 B=1235,1236,1,0,-16
mv F' code=0 aligned=1 homed=- ms=119.0 U=3135,3133,-2,2,1 R=1091,1090,-1,0,-1 F=3748,673,-3,3,-8 D=3503,3502,-1,2,-1 L=1249,1250,1,0,-1 B=1236,1236,0,0,-16
mv F' code=0 aligned=1 homed=- ms=119.0 U=3135,3133,-2,2,1 R=1091,1090,-1,0,-1 F=672,1694,-2,0,-2 D=3503,3503,0,2,0 L=1249,1249,0,0,-2 B=1236,1236,0,0,-16
mv F code=0 aligned=1 homed=- ms=119.0 U=3135,3133,-2,2,1 R=1091,1090,-1,0,-1 F=1694,673,3,3,-8 D=3503,3503,0,2,0 L=1249,1250,1,0,-1 B=1236,1236,0,0,-16
mv F code=0 aligned=1 homed=- ms=119.0 U=3135,3133,-2,2,1 R=1091,1090,-1,0,-1 F=674,3746,0,2,-2 D=3503,3502,-1,2,-1 L=1249,1250,1,0,-1 B=1235,1236,1,0,-16
mv F' code=0 aligned=1 homed=- ms=119.0 U=3135,3133,-2,2,1 R=1091,1090,-1,0,-1 F=3748,672,-4,3,-9 D=3503,3503,0,2,0 L=1249,1249,0,0,-2 B=1235,1235,0,0,-17
mv F' code=0 aligned=1 homed=- ms=119.0 U=3135,3133,-2,2,1 R=1091,1090,-1,0,-1 F=672,1694,-2,0,-2 D=3503,3503,0,2,0 L=1249,1249,0,0,-2 B=1236,1236,0,0,-16
mv F code=0 aligned=1 homed=- ms=119.0 U=3135,3133,-2,2,1 R=1091,1090,-1,0,-1 F=1693,673,4,3,-8 D=3503,3503,0,2,0 L=1249,1250,1,0,-1 B=1236,1236,0,0,-16
mv F code=0 aligned=1 homed=- ms=119.0 U=3135,3133,-2,2,1 R=1091,1090,-1,0,-1 F=674,3746,0,2,-2 D=3503,3503,0,2,0 L=1249,1250,1,0,-1 B=1235,1236,1,0,-16
mv F' code=0 aligned=1 homed=- ms=119.0 U=3135,3133,-2,2,1 R=1091,1090,-1,0,-1 F=3748,672,-4,3,-9 D=3503,3502,-1,2,-1 L=1249,1250,1,0,-1 B=1235,1236,1,0,-16
mv F' code=0 aligned=1 homed=- ms=119.0 U=3135,3133,-2,2,1 R=1091,1090,-1,0,-1 F=672,1694,-2,0,-2 D=3503,3503,0,2,0 L=1249,1250,1,0,-1 B=1236,1236,0,0,-16
mv F code=0 aligned=1 homed=- ms=119.0 U=3135,3133,-2,2,1 R=1091,1090,-1,0,-1 F=1694,673,3,3,-8 D=3503,3503,0,2,0 L=1249,1250,1,0,-1 B=1236,1236,0,0,-16
mv F code=0 aligned=1 homed=- ms=119.0 U=3135,3133,-2,2,1 R=1091,1090,-1,0,-1 F=674,3746,0,2,-2 D=3503,3503,0,2,0 L=1249,1250,1,0,-1 B=1236,1236,0,0,-16
mv F' code=0 aligned=1 homed=- ms=119.0 U=3135,3133,-2,2,1 R=1091,1090,-1,0,-1 F=3748,672,-4,3,-9 D=3503,3503,0,2,0 L=1249,1250,1,0,-1 B=1236,1236,0,0,-16
mv F' code=0 aligned=1 homed=- ms=119.0 U=3135,3133,-2,2,1 R=1091,1090,-1,0,-1 F=672,1694,-2,0,-2 D=3503,3503,0,2,0 L=1249,1250,1,0,-1 B=1236,1236,0,0,-16
mv F code=0 aligned=1 homed=- ms=119.0 U=3136,3133,-3,2,1 R=1091,1090,-1,0,-1 F=1694,673,3,3,-8 D=3503,3502,-1,2,-1 L=1249,1250,1,0,-1 B=1235,1236,1,0,-16
mv F code=0 aligned=1 homed=- ms=119.0 U=3135,3133,-2,2,1 R=1091,1090,-1,0,-1 F=674,3746,0,2,-2 D=3503,3502,-1,2,-1 L=1249,1250,1,0,-1 B=1236,1236,0,0,-16
mv F' code=0 aligned=1 homed=- ms=119.0 U=3135,3133,-2,2,1 R=1091,1090,-1,0,-1 F=3748,672,-4,3,-9 D=3503,3503,0,2,0 L=1249,1250,1,0,-1 B=1236,1235,-1,0,-17
mv F' code=0 aligned=1 homed=- ms=119.0 U=3135,3133,-2,2,1 R=1091,1090,-1,0,-1 F=672,1694,-2,0,-2 D=3503,3503,0,2,0 L=1249,1250,1,0,-1 B=1236,1236,0,0,-16
mv F code=0 aligned=1 homed=- ms=119.0 U=3135,3133,-2,2,1 R=1091,1090,-1,0,-1 F=1694,673,3,3,-8 D=3503,3503,0,2,0 L=1250,1250,0,0,-1 B=1236,1236,0,0,-16
mv F code=0 aligned=1 homed=- ms=119.0 U=3135,3133,-2,2,1 R=1091,1090,-1,0,-1 F=674,3746,0,2,-2 D=3503,3503,0,2,0 L=1249,1250,1,0,-1 B=1236,1236,0,0,-16
mv F' code=0 aligned=1 homed=- ms=119.0 U=3135,3133,-2,2,1 R=1091,1090,-1,0,-1 F=3748,673,-3,3,-8 D=3503,3503,0,2,0 L=1249,1250,1,0,-1 B=1235,1236,1,0,-16
mv F' code=0 aligned=1 homed=- ms=119.0 U=3135,3133,-2,2,1 R=1091,1090,-1,0,-1 F=672,1694,-2,0,-2 D=3503,3503,0,2,0 L=1249,1250,1,0,-1 B=1236,1236,0,0,-16
mv F code=0 aligned=1 homed=- ms=119.0 U=3135,3133,-2,2,1 R=1091,1090,-1,0,-1 F=1693,673,4,3,-8 D=3503,3503,0,2,0 L=1249,1250,1,0,-1 B=1236,1236,0,0,-16
mv F code=0 aligned=1 homed=- ms=119.0 U=3135,3133,-2,2,1 R=1091,1090,-1,0,-1 F=674,3746,0,2,-2 D=3503,3503,0,2,0 L=1249,1250,1,0,-1 B=1235,1236,1,0,-16
mv F' code=0 aligned=1 homed=- ms=119.0 U=3135,3133,-2,2,1 R=1091,1090,-1,0,-1 F=3748,673,-3,3,-8 D=3503,3503,0,2,0 L=1249,1249,0,0,-2 B=1235,1236,1,0,-16
mv F' code=0 aligned=1 homed=- ms=119.0 U=3135,3133,-2,2,1 R=1091,1090,-1,0,-1 F=672,1694,-2,0,-2 D=3503,3502,-1,2,-1 L=1249,1250,1,0,-1 B=1236,1236,0,0,-16
mv F code=0 aligned=1 homed=- ms=119.0 U=3135,3133,-2,2,1 R=1091,1090,-1,0,-1 F=1693,673,4,3,-8 D=3503,3503,0,2,0 L=1250,1250,0,0,-1 B=1236,1235,-1,0,-17
mv F code=0 aligned=1 homed=- ms=119.0 U=3135,3133,-2,2,1 R=1091,1090,-1,0,-1 F=674,3746,0,2,-2 D=3503,3503,0,2,0 L=1250,1250,0,0,-1 B=1235,1236,1,0,-16
mv F' code=0 aligned=1 homed=- ms=119.0 U=3136,3133,-3,2,1 R=1091,1090,-1,0,-1 F=3748,673,-3,3,-8 D=3503,3503,0,2,0 L=1249,1250,1,0,-1 B=1236,1236,0,0,-16
mv F' code=0 aligned=1 homed=- ms=119.0 U=3135,3133,-2,2,1 R=1091,1090,-1,0,-1 F=672,1694,-2,0,-2 D=3503,3503,0,2,0 L=1249,1249,0,0,-2 B=1235,1236,1,0,-16
mv F code=0 aligned=1 homed=- ms=119.0 U=3135,3133,-2,2,1 R=1091,1091,0,0,0 F=1694,673,3,3,-8 D=3503,3503,0,2,0 L=1249,1250,1,0,-1 B=1236,1236,0,0,-16
mv F code=0 aligned=1 homed=- ms=119.0 U=3135,3133,-2,2,1 R=1091,1090,-1,0,-1 F=674,3746,0,2,-2 D=3503,3503,0,2,0 L=1250,1250,0,0,-1 B=1236,1236,0,0,-16
mv F' code=0 aligned=1 homed=- ms=119.0 U=3135,3133,-2,2,1 R=1091,1090,-1,0,-1 F=3748,672,-4,3,-9 D=3503,3503,0,2,0 L=1249,1250,1,0,-1 B=1236,1236,0,0,-16
mv F' code=0 aligned=1 homed=- ms=119.0 U=3135,3133,-2,2,1 R=1091,1090,-1,0,-1 F=672,1694,-2,0,-2 D=3503,3503,0,2,0 L=1249,1250,1,0,-1 B=1236,1236,0,0,-16
mv F code=0 aligned=1 homed=- ms=119.0 U=3135,3133,-2,2,1 R=1091,1090,-1,0,-1 F=1694,673,3,3,-8 D=3503,3503,0,2,0 L=1249,1250,1,0,-1 B=1236,1236,0,0,-16
mv F code=0 aligned=1 homed=- ms=119.0 U=3135,3133,-2,2,1 R=1091,1090,-1,0,-1 F=674,3746,0,2,-2 D=3503,3503,0,2,0 L=1249,1250,1,0,-1 B=1236,1236,0,0,-16
mv F' code=0 aligned=1 homed=- ms=119.0 U=3135,3133,-2,2,1 R=1091,1090,-1,0,-1 F=3748,672,-4,3,-9 D=3503,3502,-1,2,-1 L=1249,1250,1,0,-1 B=1235,1236,1,0,-16
mv F' code=0 aligned=1 homed=- ms=119.0 U=3135,3133,-2,2,1 R=1091,1090,-1,0,-1 F=672,1694,-2,0,-2 D=3503,3503,0,2,0 L=1249,1249,0,0,-2 B=1235,1235,0,0,-17
mv F code=0 aligned=1 homed=- ms=119.0 U=3135,3133,-2,2,1 R=1091,1091,0,0,0 F=1694,673,3,3,-8 D=3503,3503,0,2,0 L=1249,1250,1,0,-1 B=1236,1236,0,0,-16
mv F code=0 aligned=1 homed=- ms=119.0 U=3135,3133,-2,2,1 R=1091,1090,-1,0,-1 F=674,3746,0,2,-2 D=3503,3503,0,2,0 L=1249,1250,1,0,-1 B=1235,1236,1,0,-16
mv F' code=0 aligned=1 homed=- ms=119.0 U=3135,3133,-2,2,1 R=1091,1090,-1,0,-1 F=3748,672,-4,3,-9 D=3503,3502,-1,2,-1 L=1249,1250,1,0,-1 B=1236,1236,0,0,-16
mv F' code=0 aligned=1 homed=- ms=119.0 U=3135,3133,-2,2,1 R=1091,1090,-1,0,-1 F=672,1694,-2,0,-2 D=3503,3503,0,2,0 L=1249,1250,1,0,-1 B=1236,1236,0,0,-16
mv F code=0 aligned=1 homed=- ms=119.0 U=3136,3133,-3,2,1 R=1091,1090,-1,0,-1 F=1694,673,3,3,-8 D=3502,3503,1,2,0 L=1249,1250,1,0,-1 B=1236,1236,0,0,-16
mv F code=0 aligned=1 homed=- ms=119.0 U=3135,3133,-2,2,1 R=1091,1090,-1,0,-1 F=674,3746,0,2,-2 D=3503,3503,0,2,0 L=1249,1250,1,0,-1 B=1235,1236,1,0,-16
mv F' code=0 aligned=1 homed=- ms=119.0 U=3135,3133,-2,2,1 R=1091,1090,-1,0,-1 F=3748,672,-4,3,-9 D=3503,3503,0,2,0 L=1249,1250,1,0,-1 B=1236,1235,-1,0,-17
mv F' code=0 aligned=1 homed=- ms=119.0 U=3135,3133,-2,2,1 R=1091,1090,-1,0,-1 F=672,1694,-2,0,-2 D=3503,3502,-1,2,-1 L=1249,1250,1,0,-1 B=1236,1236,0,0,-16
mv F code=0 aligned=1 homed=- ms=119.0 U=3135,3133,-2,2,1 R=1091,1090,-1,0,-1 F=1694,673,3,3,-8 D=3503,3502,-1,2,-1 L=1249,1250,1,0,-1 B=1236,1236,0,0,-16
mv F code=0 aligned=1 homed=- ms=119.0 U=3135,3133,-2,2,1 R=1091,1090,-1,0,-1 F=674,3746,0,2,-2 D=3503,3502,-1,2,-1 L=1250,1250,0,0,-1 B=1235,1236,1,0,-16
mv F' code=0 aligned=1 homed=- ms=119.0 U=3135,3133,-2,2,1 R=1091,1090,-1,0,-1 F=3748,673,-3,3,-8 D=3503,3503,0,2,0 L=1249,1250,1,0,-1 B=1236,1236,0,0,-16
mv F' code=0 aligned=1 homed=- ms=119.0 U=3135,3133,-2,2,1 R=1091,1090,-1,0,-1 F=672,1694,-2,0,-2 D=3503,3503,0,2,0 L=1249,1249,0,0,-2 B=1235,1236,1,0,-16
mv F code=0 aligned=1 homed=- ms=119.0 U=3135,3133,-2,2,1 R=1091,1090,-1,0,-1 F=1693,673,4,3,-8 D=3503,3503,0,2,0 L=1249,1250,1,0,-1 B=1236,1236,0,0,-16
mv F code=0 aligned=1 homed=- ms=119.0 U=3135,3133,-2,2,1 R=1091,1090,-1,0,-1 F=674,3746,0,2,-2 D=3503,3503,0,2,0 L=1249,1250,1,0,-1 B=1235,1236,1,0,-16
mv F' code=0 aligned=1 homed=- ms=119.0 U=3135,3133,-2,2,1 R=1091,1090,-1,0,-1 F=3748,672,-4,3,-9 D=3503,3503,0,2,0 L=1249,1250,1,0,-1 B=1235,1235,0,0,-17
mv F' code=0 aligned=1 homed=- ms=119.0 U=3136,3133,-3,2,1 R=1091,1090,-1,0,-1 F=672,1694,-2,0,-2 D=3503,3503,0,2,0 L=1249,1250,1,0,-1 B=1236,1236,0,0,-16
mv F code=0 aligned=1 homed=- ms=119.0 U=3135,3133,-2,2,1 R=1091,1090,-1,0,-1 F=1693,673,4,3,-8 D=3503,3502,-1,2,-1 L=1249,1249,0,0,-2 B=1235,1236,1,0,-16
mv F code=0 aligned=1 homed=- ms=119.0 U=3135,3133,-2,2,1 R=1091,1090,-1,0,-1 F=674,3746,0,2,-2 D=3503,3503,0,2,0 L=1249,1249,0,0,-2 B=1236,1236,0,0,-16
mv F' code=0 aligned=1 homed=- ms=119.0 U=3135,3133,-2,2,1 R=1091,1090,-1,0,-1 F=3748,673,-3,3,-8 D=3503,3502,-1,2,-1 L=1249,1250,1,0,-1 B=1235,1236,1,0,-16
mv F' code=0 aligned=1 homed=- ms=119.0 U=3135,3133,-2,2,1 R=1091,1090,-1,0,-1 F=672,1694,-2,0,-2 D=3503,3503,0,2,0 L=1249,1250,1,0,-1 B=1236,1235,-1,0,-17
mv F code=0 aligned=1 homed=- ms=119.0 U=3135,3133,-2,2,1 R=1091,1090,-1,0,-1 F=1694,673,3,3,-8 D=3503,3503,0,2,0 L=1249,1249,0,0,-2 B=1236,1236,0,0,-16
mv F code=0 aligned=1 homed=- ms=119.0 U=3135,3133,-2,2,1 R=1091,1090,-1,0,-1 F=674,3746,0,2,-2 D=3503,3503,0,2,0 L=1249,1250,1,0,-1 B=1235,1236,1,0,-16
mv F' code=0 aligned=1 homed=- ms=119.0 U=3135,3133,-2,2,1 R=1091,1090,-1,0,-1 F=3748,672,-4,3,-9 D=3502,3503,1,2,0 L=1249,1250,1,0,-1 B=1236,1236,0,0,-16
mv F' code=0 aligned=1 homed=- ms=119.0 U=3135,3133,-2,2,1 R=1091,1090,-1,0,-1 F=672,1694,-2,0,-2 D=3503,3503,0,2,0 L=1249,1250,1,0,-1 B=1236,1236,0,0,-16
mv F code=0 aligned=1 homed=- ms=119.0 U=3135,3133,-2,2,1 R=1091,1091,0,0,0 F=1693,673,4,3,-8 D=3502,3503,1,2,0 L=1250,1249,-1,0,-2 B=1235,1236,1,0,-16
mv F code=0 aligned=1 homed=- ms=119.0 U=3135,3133,-2,2,1 R=1091,1090,-1,0,-1 F=674,3746,0,2,-2 D=3503,3503,0,2,0 L=1249,1250,1,0,-1 B=1236,1236,0,0,-16
mv F' code=0 aligned=1 homed=- ms=119.0 U=3135,3133,-2,2,1 R=1091,1090,-1,0,-1 F=3748,673,-3,3,-8 D=3503,3502,-1,2,-1 L=1249,1249,0,0,-2 B=1236,1236,0,0,-16
mv F' code=0 aligned=1 homed=- ms=119.0 U=3135,3133,-2,2,1 R=1091,1090,-1,0,-1 F=672,1694,-2,0,-2 D=3503,3503,0,2,0 L=1249,1250,1,0,-1 B=1236,1236,0,0,-16
mv F code=0 aligned=1 homed=- ms=119.0 U=3135,3133,-2,2,1 R=1091,1090,-1,0,-1 F=1693,673,4,3,-8 D=3503,3503,0,2,0 L=1249,1249,0,0,-2 B=1236,1236,0,0,-16
mv F code=0 aligned=1 homed=- ms=119.0 U=3135,3133,-2,2,1 R=1091,1090,-1,0,-1 F=674,3746,0,2,-2 D=3503,3503,0,2,0 L=1249,1250,1,0,-1 B=1236,1236,0,0,-16
mv F' code=0 aligned=1 homed=- ms=119.0 U=3136,3133,-3,2,1 R=1091,1090,-1,0,-1 F=3748,673,-3,3,-8 D=3502,3503,1,2,0 L=1249,1250,1,0,-1 B=1236,1236,0,0,-16
mv F' code=0 aligned=1 homed=- ms=119.0 U=3135,3133,-2,2,1 R=1091,1090,-1,0,-1 F=672,1694,-2,0,-2 D=3503,3502,-1,2,-1 L=1249,1250,1,0,-1 B=1236,1236,0,0,-16
mv F code=0 aligned=1 homed=- ms=119.0 U=3135,3133,-2,2,1 R=1091,1090,-1,0,-1 F=1693,673,4,3,-8 D=3503,3502,-1,2,-1 L=1249,1250,1,0,-1 B=1236,1236,0,0,-16
mv F code=0 aligned=1 homed=- ms=119.0 U=3135,3133,-2,2,1 R=1091,1090,-1,0,-1 F=674,3746,0,2,-2 D=3503,3503,0,2,0 L=1249,1250,1,0,-1 B=1235,1236,1,0,-16
mv F' code=0 aligned=1 homed=- ms=119.0 U=3135,3133,-2,2,1 R=1091,1090,-1,0,-1 F=3748,672,-4,3,-9 D=3503,3502,-1,2,-1 L=1249,1250,1,0,-1 B=1236,1236,0,0,-16
mv F' code=0 aligned=1 homed=- ms=119.0 U=3135,3133,-2,2,1 R=1091,1090,-1,0,-1 F=672,1694,-2,0,-2 D=3503,3503,0,2,0 L=1249,1250,1,0,-1 B=1236,1236,0,0,-16
mv F code=0 aligned=1 homed=- ms=119.0 U=3135,3133,-2,2,1 R=1091,1090,-1,0,-1 F=1693,673,4,3,-8 D=3503,3503,0,2,0 L=1249,1250,1,0,-1 B=1236,1236,0,0,-16
mv F code=0 aligned=1 homed=- ms=119.0 U=3135,3133,-2,2,1 R=1091,1090,-1,0,-1 F=674,3746,0,2,-2 D=3503,3503,0,2,0 L=1249,1250,1,0,-1 B=1236,1236,0,0,-16
mv F' code=0 aligned=1 homed=- ms=119.0 U=3136,3133,-3,2,1 R=1091,1090,-1,0,-1 F=3748,672,-4,3,-9 D=3503,3502,-1,2,-1 L=1249,1250,1,0,-1 B=1236,1236,0,0,-16
mv F' code=0 aligned=1 homed=- ms=119.0 U=3135,3133,-2,2,1 R=1091,1090,-1,0,-1 F=672,1694,-2,0,-2 D=3503,3503,0,2,0 L=1249,1250,1,0,-1 B=1236,1236,0,0,-16
mv F code=0 aligned=1 homed=- ms=119.0 U=3135,3133,-2,2,1 R=1091,1090,-1,0,-1 F=1693,673,4,3,-8 D=3503,3503,0,2,0 L=1249,1250,1,0,-1 B=1236,1236,0,0,-16
mv F code=0 aligned=1 homed=- ms=119.0 U=3135,3133,-2,2,1 R=1091,1090,-1,0,-1 F=674,3746,0,2,-2 D=3503,3503,0,2,0 L=1250,1250,0,0,-1 B=1235,1236,1,0,-16
mv F' code=0 aligned=1 homed=- ms=119.0 U=3135,3133,-2,2,1 R=1091,1090,-1,0,-1 F=3748,673,-3,3,-8 D=3503,3503,0,2,0 L=1249,1250,1,0,-1 B=1235,1236,1,0,-16
mv F' code=0 aligned=1 homed=- ms=119.0 U=3135,3133,-2,2,1 R=1091,1090,-1,0,-1 F=672,1694,-2,0,-2 D=3503,3503,0,2,0 L=1249,1250,1,0,-1 B=1235,1236,1,0,-16
mv F code=0 aligned=1 homed=- ms=119.0 U=3135,3133,-2,2,1 R=1091,1090,-1,0,-1 F=1694,673,3,3,-8 D=3503,3503,0,2,0 L=1249,1250,1,0,-1 B=1236,1236,0,0,-16
mv F code=0 aligned=1 homed=- ms=119.0 U=3136,3133,-3,2,1 R=1091,1090,-1,0,-1 F=674,3746,0,2,-2 D=3503,3502,-1,2,-1 L=1249,1250,1,0,-1 B=1236,1236,0,0,-16
mv F' code=0 aligned=1 homed=- ms=119.0 U=3135,3133,-2,2,1 R=1091,1090,-1,0,-1 F=3748,672,-4,3,-9 D=3502,3503,1,2,0 L=1249,1250,1,0,-1 B=1236,1236,0,0,-16
mv F' code=0 aligned=1 homed=- ms=119.0 U=3135,3133,-2,2,1 R=1091,1090,-1,0,-1 F=672,1694,-2,0,-2 D=3503,3503,0,2,0 L=1249,1250,1,0,-1 B=1236,1236,0,0,-16
mv F code=0 aligned=1 homed=- ms=119.0 U=3135,3133,-2,2,1 R=1091,1090,-1,0,-1 F=1694,673,3,3,-8 D=3503,3503,0,2,0 L=1249,1250,1,0,-1 B=1236,1236,0,0,-16
mv F code=0 aligned=1 homed=- ms=119.0 U=3136,3133,-3,2,1 R=1091,1090,-1,0,-1 F=674,3746,0,2,-2 D=3503,3503,0,2,0 L=1249,1250,1,0,-1 B=1235,1236,1,0,-16
mv F' code=0 aligned=1 homed=- ms=119.0 U=3135,3133,-2,2,1 R=1091,1090,-1,0,-1 F=3748,672,-4,3,-9 D=3503,3503,0,2,0 L=1249,1250,1,0,-1 B=1236,1236,0,0,-16
mv F' code=0 aligned=1 homed=- ms=119.0 U=3135,3133,-2,2,1 R=1091,1090,-1,0,-1 F=672,1694,-2,0,-2 D=3503,3503,0,2,0 L=1249,1250,1,0,-1 B=1235,1236,1,0,-16
mv F code=0 aligned=1 homed=- ms=119.0 U=3135,3133,-2,2,1 R=1091,1090,-1,0,-1 F=1694,673,3,3,-8 D=3503,3503,0,2,0 L=1249,1250,1,0,-1 B=1236,1236,0,0,-16
mv F code=0 aligned=1 homed=- ms=119.0 U=3135,3133,-2,2,1 R=1091,1090,-1,0,-1 F=674,3746,0,2,-2 D=3503,3502,-1,2,-1 L=1249,1249,0,0,-2 B=1236,1236,0,0,-16
mv F' code=0 aligned=1 homed=- ms=119.0 U=3135,3133,-2,2,1 R=1091,1091,0,0,0 F=3748,672,-4,3,-9 D=3503,3502,-1,2,-1 L=1249,1250,1,0,-1 B=1236,1236,0,0,-16
mv F' code=0 aligned=1 homed=- ms=119.0 U=3135,3133,-2,2,1 R=1091,1090,-1,0,-1 F=672,1694,-2,0,-2 D=3503,3502,-1,2,-1 L=1249,1250,1,0,-1 B=1236,1236,0,0,-16
mv F code=0 aligned=1 homed=- ms=119.0 U=3135,3133,-2,2,1 R=1091,1090,-1,0,-1 F=1693,673,4,3,-8 D=3503,3503,0,2,0 L=1249,1250,1,0,-1 B=1235,1236,1,0,-16
mv F code=0 aligned=1 homed=- ms=119.0 U=3135,3133,-2,2,1 R=1091,1090,-1,0,-1 F=674,3746,0,2,-2 D=3503,3502,-1,2,-1 L=1249,1249,0,0,-2 B=1236,1236,0,0,-16
mv F' code=0 aligned=1 homed=- ms=119.0 U=3135,3133,-2,2,1 R=1091,1090,-1,0,-1 F=3748,672,-4,3,-9 D=3503,3503,0,2,0 L=1249,1250,1,0,-1 B=1236,1235,-1,0,-17
mv F' code=0 aligned=1 homed=- ms=119.0 U=3135,3133,-2,2,1 R=1091,1090,-1,0,-1 F=672,1694,-2,0,-2 D=3503,3503,0,2,0 L=1249,1250,1,0,-1 B=1236,1235,-1,0,-17
mv F code=0 aligned=1 homed=- ms=119.0 U=3135,3133,-2,2,1 R=1091,1090,-1,0,-1 F=1694,673,3,3,-8 D=3502,3503,1,2,0 L=1249,1250,1,0,-1 B=1236,1236,0,0,-16
mv F code=0 aligned=1 homed=- ms=119.0 U=3135,3133,-2,2,1 R=1091,1090,-1,0,-1 F=674,3746,0,2,-2 D=3503,3503,0,2,0 L=1249,1250,1,0,-1 B=1236,1236,0,0,-16
mv F' code=0 aligned=1 homed=- ms=119.0 U=3135,3133,-2,2,1 R=1091,1090,-1,0,-1 F=3748,673,-3,3,-8 D=3503,3503,0,2,0 L=1249,1250,1,0,-1 B=1236,1236,0,0,-16
mv F' code=0 aligned=1 homed=- ms=119.0 U=3135,3133,-2,2,1 R=1091,1090,-1,0,-1 F=672,1694,-2,0,-2 D=3503,3503,0,2,0 L=1249,1250,1,0,-1 B=1236,1236,0,0,-16
mv F code=0 aligned=1 homed=- ms=119.0 U=3136,3133,-3,2,1 R=1091,1090,-1,0,-1 F=1694,673,3,3,-8 D=3503,3502,-1,2,-1 L=1249,1250,1,0,-1 B=1236,1236,0,0,-16
mv F code=0 aligned=1 homed=- ms=119.0 U=3135,3133,-2,2,1 R=1091,1090,-1,0,-1 F=674,3746,0,2,-2 D=3503,3503,0,2,0 L=1249,1249,0,0,-2 B=1235,1236,1,0,-16
mv F' code=0 aligned=1 homed=- ms=119.0 U=3135,3133,-2,2,1 R=1091,1090,-1,0,-1 F=3748,673,-3,3,-8 D=3503,3502,-1,2,-1 L=1249,1250,1,0,-1 B=1236,1236,0,0,-16
mv F' code=0 aligned=1 homed=- ms=119.0 U=3135,3133,-2,2,1 R=1091,1090,-1,0,-1 F=672,1694,-2,0,-2 D=3503,3503,0,2,0 L=1249,1249,0,0,-2 B=1236,1236,0,0,-16
mv F code=0 aligned=1 homed=- ms=119.0 U=3135,3133,-2,2,1 R=1091,1090,-1,0,-1 F=1693,673,4,3,-8 D=3502,3503,1,2,0 L=1249,1250,1,0,-1 B=1236,1236,0,0,-16
mv F code=0 aligned=1 homed=- ms=119.0 U=3135,3133,-2,2,1 R=1091,1090,-1,0,-1 F=674,3746,0,2,-2 D=3503,3503,0,2,0 L=1249,1250,1,0,-1 B=1236,1236,0,0,-16
mv F' code=0 aligned=1 homed=- ms=119.0 U=3135,3133,-2,2,1 R=1091,1090,-1,0,-1 F=3748,672,-4,3,-9 D=3503,3502,-1,2,-1 L=1250,1249,-1,0,-2 B=1236,1236,0,0,-16
mv F' code=0 aligned=1 homed=- ms=119.0 U=3135,3133,-2,2,1 R=1091,1090,-1,0,-1 F=672,1694,-2,0,-2 D=3503,3502,-1,2,-1 L=1249,1250,1,0,-1 B=1236,1236,0,0,-16
mv F code=0 aligned=1 homed=- ms=119.0 U=3136,3133,-3,2,1 R=1091,1090,-1,0,-1 F=1693,673,4,3,-8 D=3502,3503,1,2,0 L=1249,1250,1,0,-1 B=1235,1236,1,0,-16
mv F code=0 aligned=1 homed=- ms=119.0 U=3135,3133,-2,2,1 R=1091,1090,-1,0,-1 F=674,3746,0,2,-2 D=3503,3503,0,2,0 L=1249,1250,1,0,-1 B=1236,1236,0,0,-16
mv F' code=0 aligned=1 homed=- ms=119.0 U=3135,3133,-2,2,1 R=1091,1090,-1,0,-1 F=3748,672,-4,3,-9 D=3503,3503,0,2,0 L=1249,1249,0,0,-2 B=1236,1236,0,0,-16
mv F' code=0 aligned=1 homed=- ms=119.0 U=3135,3133,-2,2,1 R=1091,1090,-1,0,-1 F=672,1694,-2,0,-2 D=3503,3502,-1,2,-1 L=1249,1250,1,0,-1 B=1236,1235,-1,0,-17
mv F code=0 aligned=1 homed=- ms=119.0 U=3135,3133,-2,2,1 R=1091,1090,-1,0,-1 F=1694,673,3,3,-8 D=3503,3503,0,2,0 L=1249,1250,1,0,-1 B=1236,1236,0,0,-16
mv F code=0 aligned=1 homed=- ms=119.0 U=3136,3133,-3,2,1 R=1091,1090,-1,0,-1 F=674,3746,0,2,-2 D=3503,3503,0,2,0 L=1249,1250,1,0,-1 B=1235,1236,1,0,-16
mv F' code=0 aligned=1 homed=- ms=119.0 U=3135,3133,-2,2,1 R=1091,1090,-1,0,-1 F=3748,672,-4,3,-9 D=3503,3502,-1,2,-1 L=1249,1250,1,0,-1 B=1236,1236,0,0,-16
mv F' code=0 aligned=1 homed=- ms=119.0 U=3135,3133,-2,2,1 R=1091,1090,-1,0,-1 F=672,1694,-2,0,-2 D=3503,3502,-1,2,-1 L=1249,1249,0,0,-2 B=1236,1236,0,0,-16
mv F code=0 aligned=1 homed=- ms=119.0 U=3135,3133,-2,2,1 R=1091,1090,-1,0,-1 F=1694,673,3,3,-8 D=3503,3503,0,2,0 L=1249,1249,0,0,-2 B=1236,1236,0,0,-16
mv F code=0 aligned=1 homed=- ms=119.0 U=3135,3133,-2,2,1 R=1091,1090,-1,0,-1 F=674,3746,0,2,-2 D=3503,3503,0,2,0 L=1249,1250,1,0,-1 B=1235,1236,1,0,-16
mv F' code=0 aligned=1 homed=- ms=119.0 U=3135,3133,-2,2,1 R=1091,1090,-1,0,-1 F=3748,672,-4,3,-9 D=3503,3502,-1,2,-1 L=1249,1249,0,0,-2 B=1236,1235,-1,0,-17
mv F' code=0 aligned=1 homed=- ms=119.0 U=3135,3133,-2,2,1 R=1091,1090,-1,0,-1 F=672,1694,-2,0,-2 D=3503,3503,0,2,0 L=1249,1249,0,0,-2 B=1236,1236,0,0,-16
mv F code=0 aligned=1 homed=- ms=119.0 U=3135,3133,-2,2,1 R=1091,1090,-1,0,-1 F=1693,673,4,3,-8 D=3503,3502,-1,2,-1 L=1249,1250,1,0,-1 B=1236,1236,0,0,-16
rep moves=300 notaligned=0 homings=0 failures=0 avgms=119.0
res U=- R=- F=300,-0.5,2.8,4 D=- L=- B=-
ok
> health
health U=1,1,0/128/687 R=1,1,0/128/1628 F=1,1,0/128/1791 D=1,1,0/128/1586 L=1,1,0/128/686 B=1,1,0/128/1296 RING=1,1,0/128/1619
ok
> home
[align] motor 0 err=3 counts (0.3 steps)
[align] motor 1 err=0 counts (0.0 steps)
[align] motor 2 err=-7 counts (-0.7 steps)
[align] motor 3 err=0 counts (0.0 steps)
[align] motor 4 err=-2 counts (-0.2 steps)
[align] motor 5 err=-18 counts (-1.8 steps)
home code=0 ms=6 en=0
enc U=3134 R=1090 F=673 D=3503 L=1249 B=1235 RING=2768
near U=2:2 R=0:-1 F=3:-8 D=2:0 L=0:-2 B=0:-17
ok
> enc
enc U=3134 R=1091 F=674 D=3502 L=1249 B=1235 RING=2768
near U=2:2 R=0:0 F=3:-7 D=2:-1 L=0:-2 B=0:-17
ok
> health
health U=1,1,0/128/688 R=1,1,0/128/1629 F=1,1,0/128/1791 D=1,1,0/128/1586 L=1,1,0/128/686 B=1,1,0/128/1297 RING=1,1,0/128/1617
ok
> rep 100 D D'
mv D code=0 aligned=1 homed=- ms=119.0 U=3135,3133,-2,2,1 R=1091,1090,-1,0,-1 F=674,673,-1,3,-8 D=3503,2481,2,1,0 L=1249,1250,1,0,-1 B=1235,1236,1,0,-16
mv D' code=0 aligned=1 homed=- ms=119.0 U=3135,3133,-2,2,1 R=1091,1090,-1,0,-1 F=674,673,-1,3,-8 D=2481,3500,-5,2,-3 L=1249,1249,0,0,-2 B=1236,1236,0,0,-16
mv D code=0 aligned=1 homed=- ms=119.0 U=3135,3133,-2,2,1 R=1091,1090,-1,0,-1 F=674,673,-1,3,-8 D=3501,2481,4,1,0 L=1249,1250,1,0,-1 B=1236,1236,0,0,-16
mv D' code=0 aligned=1 homed=- ms=119.0 U=3136,3133,-3,2,1 R=1091,1090,-1,0,-1 F=674,673,-1,3,-8 D=2481,3500,-5,2,-3 L=1249,1250,1,0,-1 B=1236,1236,0,0,-16
mv D code=0 aligned=1 homed=- ms=119.0 U=3135,3133,-2,2,1 R=1091,1090,-1,0,-1 F=674,673,-1,3,-8 D=3501,2481,4,1,0 L=1249,1250,1,0,-1 B=1236,1236,0,0,-16
mv D' code=0 aligned=1 homed=- ms=119.0 U=3135,3133,-2,2,1 R=1091,1090,-1,0,-1 F=674,673,-1,3,-8 D=2481,3500,-5,2,-3 L=1249,1250,1,0,-1 B=1236,1236,0,0,-16
mv D code=0 aligned=1 homed=- ms=119.0 U=3135,3133,-2,2,1 R=1091,1090,-1,0,-1 F=674,673,-1,3,-8 D=3501,2481,4,1,0 L=1249,1250,1,0,-1 B=1236,1236,0,0,-16
mv D' code=0 aligned=1 homed=- ms=119.0 U=3135,3133,-2,2,1 R=1091,1090,-1,0,-1 F=674,673,-1,3,-8 D=2481,3501,-4,2,-2 L=1249,1250,1,0,-1 B=1236,1236,0,0,-16
mv D code=0 aligned=1 homed=- ms=119.0 U=3135,3133,-2,2,1 R=1091,1091,0,0,0 F=674,673,-1,3,-8 D=3501,2481,4,1,0 L=1249,1249,0,0,-2 B=1235,1236,1,0,-16
mv D' code=0 aligned=1 homed=- ms=119.0 U=3135,3133,-2,2,1 R=1091,1091,0,0,0 F=674,673,-1,3,-8 D=2481,3501,-4,2,-2 L=1249,1250,1,0,-1 B=1235,1236,1,0,-16
mv D code=0 aligned=1 homed=- ms=119.0 U=3135,3133,-2,2,1 R=1091,1090,-1,0,-1 F=674,673,-1,3,-8 D=3501,2481,4,1,0 L=1249,1250,1,0,-1 B=1236,1236,0,0,-16
mv D' code=0 aligned=1 homed=- ms=119.0 U=3135,3133,-2,2,1 R=1091,1090,-1,0,-1 F=674,673,-1,3,-8 D=2481,3501,-4,2,-2 L=1249,1250,1,0,-1 B=1236,1236,0,0,-16
mv D code=0 aligned=1 homed=- ms=119.0 U=3135,3133,-2,2,1 R=1091,1090,-1,0,-1 F=674,673,-1,3,-8 D=3501,2481,4,1,0 L=1249,1250,1,0,-1 B=1236,1235,-1,0,-17
mv D' code=0 aligned=1 homed=- ms=119.0 U=3135,3133,-2,2,1 R=1091,1090,-1,0,-1 F=674,674,0,3,-7 D=2481,3500,-5,2,-3 L=1249,1250,1,0,-1 B=1236,1236,0,0,-16
mv D code=0 aligned=1 homed=- ms=119.0 U=3136,3133,-3,2,1 R=1091,1090,-1,0,-1 F=674,674,0,3,-7 D=3501,2481,4,1,0 L=1249,1249,0,0,-2 B=1236,1236,0,0,-16
mv D' code=0 aligned=1 homed=- ms=119.0 U=3135,3133,-2,2,1 R=1091,1090,-1,0,-1 F=674,673,-1,3,-8 D=2481,3501,-4,2,-2 L=1249,1250,1,0,-1 B=1235,1236,1,0,-16
mv D code=0 aligned=1 homed=- ms=119.0 U=3135,3133,-2,2,1 R=1091,1090,-1,0,-1 F=674,673,-1,3,-8 D=3501,2481,4,1,0 L=1249,1250,1,0,-1 B=1236,1236,0,0,-16
mv D' code=0 aligned=1 homed=- ms=119.0 U=3135,3133,-2,2,1 R=1091,1090,-1,0,-1 F=674,673,-1,3,-8 D=2481,3501,-4,2,-2 L=1249,1250,1,0,-1 B=1236,1236,0,0,-16
mv D code=0 aligned=1 homed=- ms=119.0 U=3135,3133,-2,2,1 R=1091,1090,-1,0,-1 F=674,673,-1,3,-8 D=3501,2481,4,1,0 L=1249,1250,1,0,-1 B=1236,1236,0,0,-16
mv D' code=0 aligned=1 homed=- ms=119.0 U=3135,3133,-2,2,1 R=1091,1090,-1,0,-1 F=674,673,-1,3,-8 D=2481,3500,-5,2,-3 L=1249,1250,1,0,-1 B=1235,1236,1,0,-16
mv D code=0 aligned=1 homed=- ms=119.0 U=3135,3133,-2,2,1 R=1091,1091,0,0,0 F=674,673,-1,3,-8 D=3501,2481,4,1,0 L=1249,1250,1,0,-1 B=1236,1235,-1,0,-17
mv D' code=0 aligned=1 homed=- ms=119.0 U=3136,3133,-3,2,1 R=1091,1090,-1,0,-1 F=674,673,-1,3,-8 D=2481,3501,-4,2,-2 L=1249,1250,1,0,-1 B=1236,1236,0,0,-16
mv D code=0 aligned=1 homed=- ms=119.0 U=3135,3133,-2,2,1 R=1091,1091,0,0,0 F=674,673,-1,3,-8 D=3501,2481,4,1,0 L=1250,1250,0,0,-1 B=1235,1235,0,0,-17
mv D' code=0 aligned=1 homed=- ms=119.0 U=3136,3133,-3,2,1 R=1091,1090,-1,0,-1 F=674,673,-1,3,-8 D=2481,3501,-4,2,-2 L=1249,1250,1,0,-1 B=1236,1235,-1,0,-17
mv D code=0 aligned=1 homed=- ms=119.0 U=3135,3133,-2,2,1 R=1091,1091,0,0,0 F=674,674,0,3,-7 D=3501,2481,4,1,0 L=1249,1250,1,0,-1 B=1235,1236,1,0,-16
mv D' code=0 aligned=1 homed=- ms=119.0 U=3135,3133,-2,2,1 R=1091,1091,0,0,0 F=674,673,-1,3,-8 D=2481,3501,-4,2,-2 L=1249,1249,0,0,-2 B=1235,1236,1,0,-16
mv D code=0 aligned=1 homed=- ms=119.0 U=3135,3133,-2,2,1 R=1091,1090,-1,0,-1 F=674,673,-1,3,-8 D=3501,2481,4,1,0 L=1249,1250,1,0,-1 B=1235,1236,1,0,-16
mv D' code=0 aligned=1 homed=- ms=119.0 U=3135,3133,-2,2,1 R=1091,1090,-1,0,-1 F=674,673,-1,3,-8 D=2481,3501,-4,2,-2 L=1249,1249,0,0,-2 B=1236,1236,0,0,-16
mv D code=0 aligned=1 homed=- ms=119.0 U=3135,3133,-2,2,1 R=1091,1090,-1,0,-1 F=674,673,-1,3,-8 D=3501,2481,4,1,0 L=1249,1250,1,0,-1 B=1236,1236,0,0,-16
mv D' code=0 aligned=1 homed=- ms=119.0 U=3135,3133,-2,2,1 R=1091,1090,-1,0,-1 F=674,673,-1,3,-8 D=2481,3501,-4,2,-2 L=1249,1250,1,0,-1 B=1236,1236,0,0,-16
mv D code=0 aligned=1 homed=- ms=119.0 U=3135,3133,-2,2,1 R=1091,1090,-1,0,-1 F=674,673,-1,3,-8 D=3502,2481,3,1,0 L=1249,1250,1,0,-1 B=1236,1236,0,0,-16
mv D' code=0 aligned=1 homed=- ms=119.0 U=3135,3133,-2,2,1 R=1091,1090,-1,0,-1 F=674,673,-1,3,-8 D=2481,3501,-4,2,-2 L=1249,1250,1,0,-1 B=1236,1235,-1,0,-17
mv D code=0 aligned=1 homed=- ms=119.0 U=3136,3133,-3,2,1 R=1091,1090,-1,0,-1 F=674,674,0,3,-7 D=3501,2481,4,1,0 L=1249,1250,1,0,-1 B=1236,1236,0,0,-16
mv D' code=0 aligned=1 homed=- ms=119.0 U=3135,3133,-2,2,1 R=1091,1090,-1,0,-1 F=674,673,-1,3,-8 D=2481,3501,-4,2,-2 L=1249,1250,1,0,-1 B=1236,1236,0,0,-16
mv D code=0 aligned=1 homed=- ms=119.0 U=3135,3133,-2,2,1 R=1091,1090,-1,0,-1 F=674,674,0,3,-7 D=3501,2481,4,1,0 L=1249,1250,1,0,-1 B=1235,1236,1,0,-16
mv D' code=0 aligned=1 homed=- ms=119.0 U=3135,3133,-2,2,1 R=1091,1090,-1,0,-1 F=674,673,-1,3,-8 D=2481,3501,-4,2,-2 L=1249,1250,1,0,-1 B=1236,1235,-1,0,-17
mv D code=0 aligned=1 homed=- ms=119.0 U=3136,3133,-3,2,1 R=1091,1090,-1,0,-1 F=674,673,-1,3,-8 D=3501,2481,4,1,0 L=1249,1250,1,0,-1 B=1236,1236,0,0,-16
mv D' code=0 aligned=1 homed=- ms=119.0 U=3135,3133,-2,2,1 R=1091,1090,-1,0,-1 F=674,673,-1,3,-8 D=2481,3501,-4,2,-2 L=1249,1250,1,0,-1 B=1236,1236,0,0,-16
mv D code=0 aligned=1 homed=- ms=119.0 U=3135,3133,-2,2,1 R=1091,1090,-1,0,-1 F=674,674,0,3,-7 D=3501,2481,4,1,0 L=1249,1250,1,0,-1 B=1236,1235,-1,0,-17
mv D' code=0 aligned=1 homed=- ms=119.0 U=3135,3133,-2,2,1 R=1091,1090,-1,0,-1 F=674,674,0,3,-7 D=2481,3501,-4,2,-2 L=1249,1250,1,0,-1 B=1236,1236,0,0,-16
mv D code=0 aligned=1 homed=- ms=119.0 U=3135,3133,-2,2,1 R=1091,1090,-1,0,-1 F=674,673,-1,3,-8 D=3501,2481,4,1,0 L=1249,1249,0,0,-2 B=1235,1236,1,0,-16
mv D' code=0 aligned=1 homed=- ms=119.0 U=3135,3133,-2,2,1 R=1091,1091,0,0,0 F=674,673,-1,3,-8 D=2481,3501,-4,2,-2 L=1249,1250,1,0,-1 B=1235,1236,1,0,-16
mv D code=0 aligned=1 homed=- ms=119.0 U=3135,3133,-2,2,1 R=1091,1090,-1,0,-1 F=674,673,-1,3,-8 D=3501,2481,4,1,0 L=1249,1250,1,0,-1 B=1235,1236,1,0,-16
mv D' code=0 aligned=1 homed=- ms=119.0 U=3135,3133,-2,2,1 R=1091,1090,-1,0,-1 F=674,673,-1,3,-8 D=2481,3501,-4,2,-2 L=1249,1249,0,0,-2 B=1236,1236,0,0,-16
mv D code=0 aligned=1 homed=- ms=119.0 U=3135,3133,-2,2,1 R=1091,1090,-1,0,-1 F=674,674,0,3,-7 D=3502,2481,3,1,0 L=1249,1249,0,0,-2 B=1235,1236,1,0,-16
mv D' code=0 aligned=1 homed=- ms=119.0 U=3136,3133,-3,2,1 R=1091,1090,-1,0,-1 F=674,673,-1,3,-8 D=2481,3501,-4,2,-2 L=1249,1250,1,0,-1 B=1235,1236,1,0,-16
mv D code=0 aligned=1 homed=- ms=119.0 U=3135,3133,-2,2,1 R=1091,1091,0,0,0 F=674,673,-1,3,-8 D=3501,2481,4,1,0 L=1249,1249,0,0,-2 B=1236,1236,0,0,-16
mv D' code=0 aligned=1 homed=- ms=119.0 U=3135,3133,-2,2,1 R=1091,1090,-1,0,-1 F=674,673,-1,3,-8 D=2481,3501,-4,2,-2 L=1249,1250,1,0,-1 B=1236,1236,0,0,-16
mv D code=0 aligned=1 homed=- ms=119.0 U=3135,3133,-2,2,1 R=1091,1090,-1,0,-1 F=674,673,-1,3,-8 D=3501,2481,4,1,0 L=1249,1250,1,0,-1 B=1236,1236,0,0,-16
mv D' code=0 aligned=1 homed=- ms=119.0 U=3135,3133,-2,2,1 R=1091,1090,-1,0,-1 F=674,673,-1,3,-8 D=2481,3501,-4,2,-2 L=1249,1250,1,0,-1 B=1236,1236,0,0,-16
mv D code=0 aligned=1 homed=- ms=119.0 U=3135,3133,-2,2,1 R=1091,1090,-1,0,-1 F=674,673,-1,3,-8 D=3501,2481,4,1,0 L=1249,1250,1,0,-1 B=1235,1236,1,0,-16
mv D' code=0 aligned=1 homed=- ms=119.0 U=3135,3133,-2,2,1 R=1091,1090,-1,0,-1 F=674,673,-1,3,-8 D=2481,3501,-4,2,-2 L=1249,1250,1,0,-1 B=1236,1236,0,0,-16
mv D code=0 aligned=1 homed=- ms=119.0 U=3135,3133,-2,2,1 R=1091,1090,-1,0,-1 F=674,673,-1,3,-8 D=3501,2481,4,1,0 L=1249,1250,1,0,-1 B=1236,1235,-1,0,-17
mv D' code=0 aligned=1 homed=- ms=119.0 U=3135,3133,-2,2,1 R=1091,1090,-1,0,-1 F=674,673,-1,3,-8 D=2481,3501,-4,2,-2 L=1249,1250,1,0,-1 B=1236,1236,0,0,-16
mv D code=0 aligned=1 homed=- ms=119.0 U=3135,3133,-2,2,1 R=1091,1090,-1,0,-1 F=674,673,-1,3,-8 D=3502,2481,3,1,0 L=1249,1250,1,0,-1 B=1236,1236,0,0,-16
mv D' code=0 aligned=1 homed=- ms=119.0 U=3135,3133,-2,2,1 R=1091,1090,-1,0,-1 F=674,673,-1,3,-8 D=2481,3501,-4,2,-2 L=1249,1250,1,0,-1 B=1236,1236,0,0,-16
mv D code=0 aligned=1 homed=- ms=119.0 U=3135,3133,-2,2,1 R=1091,1090,-1,0,-1 F=674,673,-1,3,-8 D=3502,2481,3,1,0 L=1249,1250,1,0,-1 B=1236,1236,0,0,-16
mv D' code=0 aligned=1 homed=- ms=119.0 U=3135,3133,-2,2,1 R=1091,1090,-1,0,-1 F=674,673,-1,3,-8 D=2481,3501,-4,2,-2 L=1249,1249,0,0,-2 B=1236,1236,0,0,-16
mv D code=0 aligned=1 homed=- ms=119.0 U=3135,3133,-2,2,1 R=1091,1090,-1,0,-1 F=674,673,-1,3,-8 D=3501,2481,4,1,0 L=1250,1250,0,0,-1 B=1236,1236,0,0,-16
mv D' code=0 aligned=1 homed=- ms=119.0 U=3135,3133,-2,2,1 R=1091,1090,-1,0,-1 F=674,673,-1,3,-8 D=2481,3501,-4,2,-2 L=1249,1249,0,0,-2 B=1236,1235,-1,0,-17
mv D code=0 aligned=1 homed=- ms=119.0 U=3136,3133,-3,2,1 R=1091,1090,-1,0,-1 F=674,673,-1,3,-8 D=3501,2481,4,1,0 L=1249,1250,1,0,-1 B=1235,1236,1,0,-16
mv D' code=0 aligned=1 homed=- ms=119.0 U=3135,3133,-2,2,1 R=1091,1090,-1,0,-1 F=674,673,-1,3,-8 D=2481,3501,-4,2,-2 L=1250,1250,0,0,-1 B=1236,1236,0,0,-16
mv D code=0 aligned=1 homed=- ms=119.0 U=3135,3133,-2,2,1 R=1091,1090,-1,0,-1 F=674,674,0,3,-7 D=3501,2481,4,1,0 L=1249,1250,1,0,-1 B=1235,1236,1,0,-16
mv D' code=0 aligned=1 homed=- ms=119.0 U=3135,3133,-2,2,1 R=1091,1090,-1,0,-1 F=674,673,-1,3,-8 D=2481,3501,-4,2,-2 L=1249,1249,0,0,-2 B=1235,1236,1,0,-16
mv D code=0 aligned=1 homed=- ms=119.0 U=3135,3133,-2,2,1 R=1091,1090,-1,0,-1 F=674,673,-1,3,-8 D=3501,2481,4,1,0 L=1249,1250,1,0,-1 B=1235,1236,1,0,-16
mv D' code=0 aligned=1 homed=- ms=119.0 U=3135,3133,-2,2,1 R=1091,1090,-1,0,-1 F=674,674,0,3,-7 D=2481,3501,-4,2,-2 L=1249,1250,1,0,-1 B=1236,1236,0,0,-16
mv D code=0 aligned=1 homed=- ms=119.0 U=3135,3133,-2,2,1 R=1091,1090,-1,0,-1 F=674,673,-1,3,-8 D=3502,2481,3,1,0 L=1249,1250,1,0,-1 B=1236,1236,0,0,-16
mv D' code=0 aligned=1 homed=- ms=119.0 U=3135,3133,-2,2,1 R=1091,1090,-1,0,-1 F=674,673,-1,3,-8 D=2481,3501,-4,2,-2 L=1249,1250,1,0,-1 B=1236,1236,0,0,-16
mv D code=0 aligned=1 homed=- ms=119.0 U=3135,3133,-2,2,1 R=1091,1090,-1,0,-1 F=674,673,-1,3,-8 D=3501,2481,4,1,0 L=1249,1250,1,0,-1 B=1235,1236,1,0,-16
mv D' code=0 aligned=1 homed=- ms=119.0 U=3135,3133,-2,2,1 R=1091,1090,-1,0,-1 F=674,673,-1,3,-8 D=2481,3501,-4,2,-2 L=1249,1250,1,0,-1 B=1236,1236,0,0,-16
mv D code=0 aligned=1 homed=- ms=119.0 U=3135,3133,-2,2,1 R=1091,1090,-1,0,-1 F=674,673,-1,3,-8 D=3501,2481,4,1,0 L=1249,1249,0,0,-2 B=1236,1235,-1,0,-17
mv D' code=0 aligned=1 homed=- ms=119.0 U=3135,3133,-2,2,1 R=1091,1090,-1,0,-1 F=674,673,-1,3,-8 D=2481,3501,-4,2,-2 L=1250,1250,0,0,-1 B=1235,1235,0,0,-17
mv D code=0 aligned=1 homed=- ms=119.0 U=3135,3133,-2,2,1 R=1091,1091,0,0,0 F=674,674,0,3,-7 D=3501,2481,4,1,0 L=1249,1250,1,0,-1 B=1235,1236,1,0,-16
mv D' code=0 aligned=1 homed=- ms=119.0 U=3135,3133,-2,2,1 R=1091,1090,-1,0,-1 F=674,673,-1,3,-8 D=2481,3501,-4,2,-2 L=1249,1250,1,0,-1 B=1235,1236,1,0,-16
mv D code=0 aligned=1 homed=- ms=119.0 U=3135,3133,-2,2,1 R=1091,1091,0,0,0 F=674,673,-1,3,-8 D=3501,2481,4,1,0 L=1249,1250,1,0,-1 B=1236,1236,0,0,-16
mv D' code=0 aligned=1 homed=- ms=119.0 U=3136,3133,-3,2,1 R=1091,1090,-1,0,-1 F=674,673,-1,3,-8 D=2481,3501,-4,2,-2 L=1249,1250,1,0,-1 B=1235,1236,1,0,-16
mv D code=0 aligned=1 homed=- ms=119.0 U=3135,3133,-2,2,1 R=1091,1090,-1,0,-1 F=674,673,-1,3,-8 D=3502,2481,3,1,0 L=1249,1250,1,0,-1 B=1236,1236,0,0,-16
mv D' code=0 aligned=1 homed=- ms=119.0 U=3135,3133,-2,2,1 R=1091,1091,0,0,0 F=674,673,-1,3,-8 D=2481,3501,-4,2,-2 L=1249,1250,1,0,-1 B=1236,1236,0,0,-16
mv D code=0 aligned=1 homed=- ms=119.0 U=3135,3133,-2,2,1 R=1091,1090,-1,0,-1 F=674,673,-1,3,-8 D=3501,2481,4,1,0 L=1249,1250,1,0,-1 B=1236,1236,0,0,-16
mv D' code=0 aligned=1 homed=- ms=119.0 U=3135,3133,-2,2,1 R=1091,1090,-1,0,-1 F=674,673,-1,3,-8 D=2481,3501,-4,2,-2 L=1250,1250,0,0,-1 B=1236,1236,0,0,-16
mv D code=0 aligned=1 homed=- ms=119.0 U=3135,3133,-2,2,1 R=1091,1090,-1,0,-1 F=674,673,-1,3,-8 D=3502,2481,3,1,0 L=1249,1250,1,0,-1 B=1236,1235,-1,0,-17
mv D' code=0 aligned=1 homed=- ms=119.0 U=3135,3133,-2,2,1 R=1091,1090,-1,0,-1 F=674,674,0,3,-7 D=2481,3501,-4,2,-2 L=1250,1250,0,0,-1 B=1235,1236,1,0,-16
mv D code=0 aligned=1 homed=- ms=119.0 U=3135,3133,-2,2,1 R=1091,1090,-1,0,-1 F=674,673,-1,3,-8 D=3501,2481,4,1,0 L=1249,1250,1,0,-1 B=1236,1236,0,0,-16
mv D' code=0 aligned=1 homed=- ms=119.0 U=3135,3133,-2,2,1 R=1091,1090,-1,0,-1 F=674,673,-1,3,-8 D=2481,3501,-4,2,-2 L=1249,1250,1,0,-1 B=1235,1236,1,0,-16
mv D code=0 aligned=1 homed=- ms=119.0 U=3135,3133,-2,2,1 R=1091,1090,-1,0,-1 F=674,673,-1,3,-8 D=3501,2481,4,1,0 L=1249,1250,1,0,-1 B=1236,1236,0,0,-16
mv D' code=0 aligned=1 homed=- ms=119.0 U=3135,3133,-2,2,1 R=1091,1091,0,0,0 F=674,674,0,3,-7 D=2481,3501,-4,2,-2 L=1249,1250,1,0,-1 B=1236,1236,0,0,-16
mv D code=0 aligned=1 homed=- ms=119.0 U=3135,3133,-2,2,1 R=1091,1090,-1,0,-1 F=674,674,0,3,-7 D=3501,2481,4,1,0 L=1249,1250,1,0,-1 B=1236,1236,0,0,-16
mv D' code=0 aligned=1 homed=- ms=119.0 U=3135,3133,-2,2,1 R=1091,1090,-1,0,-1 F=674,673,-1,3,-8 D=2481,3501,-4,2,-2 L=1249,1250,1,0,-1 B=1235,1236,1,0,-16
mv D code=0 aligned=1 homed=- ms=119.0 U=3135,3133,-2,2,1 R=1091,1090,-1,0,-1 F=674,673,-1,3,-8 D=3501,2481,4,1,0 L=1249,1250,1,0,-1 B=1235,1236,1,0,-16
mv D' code=0 aligned=1 homed=- ms=119.0 U=3136,3133,-3,2,1 R=1091,1090,-1,0,-1 F=674,674,0,3,-7 D=2481,3501,-4,2,-2 L=1249,1250,1,0,-1 B=1236,1236,0,0,-16
mv D code=0 aligned=1 homed=- ms=119.0 U=3135,3133,-2,2,1 R=1091,1090,-1,0,-1 F=674,673,-1,3,-8 D=3502,2481,3,1,0 L=1250,1250,0,0,-1 B=1235,1236,1,0,-16
mv D' code=0 aligned=1 homed=- ms=119.0 U=3136,3133,-3,2,1 R=1091,1090,-1,0,-1 F=674,674,0,3,-7 D=2481,3501,-4,2,-2 L=1249,1250,1,0,-1 B=1236,1236,0,0,-16
mv D code=0 aligned=1 homed=- ms=119.0 U=3135,3133,-2,2,1 R=1091,1090,-1,0,-1 F=674,674,0,3,-7 D=3502,2481,3,1,0 L=1250,1250,0,0,-1 B=1236,1236,0,0,-16
mv D' code=0 aligned=1 homed=- ms=119.0 U=3136,3133,-3,2,1 R=1091,1090,-1,0,-1 F=674,673,-1,3,-8 D=2481,3501,-4,2,-2 L=1249,1250,1,0,-1 B=1236,1236,0,0,-16
mv D code=0 aligned=1 homed=- ms=119.0 U=3135,3133,-2,2,1 R=1091,1090,-1,0,-1 F=674,673,-1,3,-8 D=3501,2481,4,1,0 L=1249,1250,1,0,-1 B=1236,1236,0,0,-16
mv D' code=0 aligned=1 homed=- ms=119.0 U=3135,3133,-2,2,1 R=1091,1090,-1,0,-1 F=674,674,0,3,-7 D=2481,3501,-4,2,-2 L=1249,1250,1,0,-1 B=1236,1236,0,0,-16
mv D code=0 aligned=1 homed=- ms=119.0 U=3135,3133,-2,2,1 R=1091,1090,-1,0,-1 F=674,674,0,3,-7 D=3502,2481,3,1,0 L=1249,1250,1,0,-1 B=1236,1236,0,0,-16
mv D' code=0 aligned=1 homed=- ms=119.0 U=3135,3133,-2,2,1 R=1091,1090,-1,0,-1 F=674,674,0,3,-7 D=2481,3501,-4,2,-2 L=1250,1250,0,0,-1 B=1235,1236,1,0,-16
mv D code=0 aligned=1 homed=- ms=119.0 U=3135,3133,-2,2,1 R=1091,1090,-1,0,-1 F=674,674,0,3,-7 D=3502,2481,3,1,0 L=1249,1250,1,0,-1 B=1236,1236,0,0,-16
mv D' code=0 aligned=1 homed=- ms=119.0 U=3135,3133,-2,2,1 R=1091,1090,-1,0,-1 F=674,673,-1,3,-8 D=2481,3501,-4,2,-2 L=1249,1250,1,0,-1 B=1236,1236,0,0,-16
mv D code=0 aligned=1 homed=- ms=119.0 U=3136,3133,-3,2,1 R=1091,1090,-1,0,-1 F=674,674,0,3,-7 D=3501,2481,4,1,0 L=1249,1250,1,0,-1 B=1236,1235,-1,0,-17
mv D' code=0 aligned=1 homed=- ms=119.0 U=3135,3133,-2,2,1 R=1091,1090,-1,0,-1 F=674,673,-1,3,-8 D=2481,3501,-4,2,-2 L=1249,1250,1,0,-1 B=1235,1236,1,0,-16
mv D code=0 aligned=1 homed=- ms=119.0 U=3135,3133,-2,2,1 R=1091,1090,-1,0,-1 F=674,673,-1,3,-8 D=3501,2481,4,1,0 L=1249,1250,1,0,-1 B=1236,1236,0,0,-16
mv D' code=0 aligned=1 homed=- ms=119.0 U=3135,3133,-2,2,1 R=1091,1090,-1,0,-1 F=674,674,0,3,-7 D=2481,3501,-4,2,-2 L=1249,1250,1,0,-1 B=1236,1236,0,0,-16
mv D code=0 aligned=1 homed=- ms=119.0 U=3135,3133,-2,2,1 R=1091,1090,-1,0,-1 F=674,673,-1,3,-8 D=3501,2481,4,1,0 L=1249,1250,1,0,-1 B=1235,1236,1,0,-16
mv D' code=0 aligned=1 homed=- ms=119.0 U=3135,3133,-2,2,1 R=1091,1090,-1,0,-1 F=674,674,0,3,-7 D=2481,3501,-4,2,-2 L=1249,1250,1,0,-1 B=1236,1236,0,0,-16
mv D code=0 aligned=1 homed=- ms=119.0 U=3135,3133,-2,2,1 R=1091,1090,-1,0,-1 F=674,673,-1,3,-8 D=3502,2481,3,1,0 L=1250,1250,0,0,-1 B=1235,1236,1,0,-16
mv D' code=0 aligned=1 homed=- ms=119.0 U=3135,3133,-2,2,1 R=1091,1090,-1,0,-1 F=674,673,-1,3,-8 D=2481,3501,-4,2,-2 L=1249,1250,1,0,-1 B=1236,1236,0,0,-16
mv D code=0 aligned=1 homed=- ms=119.0 U=3135,3133,-2,2,1 R=1091,1090,-1,0,-1 F=674,673,-1,3,-8 D=3501,2481,4,1,0 L=1249,1250,1,0,-1 B=1236,1236,0,0,-16
mv D' code=0 aligned=1 homed=- ms=119.0 U=3135,3133,-2,2,1 R=1091,1090,-1,0,-1 F=674,674,0,3,-7 D=2481,3501,-4,2,-2 L=1249,1250,1,0,-1 B=1236,1236,0,0,-16
mv D code=0 aligned=1 homed=- ms=119.0 U=3135,3133,-2,2,1 R=1091,1090,-1,0,-1 F=674,673,-1,3,-8 D=3501,2481,4,1,0 L=1249,1249,0,0,-2 B=1236,1236,0,0,-16
mv D' code=0 aligned=1 homed=- ms=119.0 U=3135,3133,-2,2,1 R=1091,1090,-1,0,-1 F=674,673,-1,3,-8 D=2481,3501,-4,2,-2 L=1250,1250,0,0,-1 B=1236,1236,0,0,-16
mv D code=0 aligned=1 homed=- ms=119.0 U=3135,3133,-2,2,1 R=1091,1090,-1,0,-1 F=674,673,-1,3,-8 D=3501,2481,4,1,0 L=1249,1250,1,0,-1 B=1235,1236,1,0,-16
mv D' code=0 aligned=1 homed=- ms=119.0 U=3135,3133,-2,2,1 R=1091,1091,0,0,0 F=674,673,-1,3,-8 D=2481,3501,-4,2,-2 L=1250,1250,0,0,-1 B=1236,1235,-1,0,-17
mv D code=0 aligned=1 homed=- ms=119.0 U=3135,3133,-2,2,1 R=1091,1090,-1,0,-1 F=674,674,0,3,-7 D=3501,2481,4,1,0 L=1249,1250,1,0,-1 B=1235,1236,1,0,-16
mv D' code=0 aligned=1 homed=- ms=119.0 U=3135,3133,-2,2,1 R=1091,1090,-1,0,-1 F=674,673,-1,3,-8 D=2481,3501,-4,2,-2 L=1249,1250,1,0,-1 B=1235,1236,1,0,-16
mv D code=0 aligned=1 homed=- ms=119.0 U=3135,3133,-2,2,1 R=1091,1090,-1,0,-1 F=674,673,-1,3,-8 D=3501,2481,4,1,0 L=1249,1250,1,0,-1 B=1235,1236,1,0,-16
mv D' code=0 aligned=1 homed=- ms=119.0 U=3135,3133,-2,2,1 R=1091,1090,-1,0,-1 F=674,674,0,3,-7 D=2481,3501,-4,2,-2 L=1249,1250,1,0,-1 B=1236,1236,0,0,-16
mv D code=0 aligned=1 homed=- ms=119.0 U=3135,3133,-2,2,1 R=1091,1090,-1,0,-1 F=674,673,-1,3,-8 D=3501,2481,4,1,0 L=1249,1250,1,0,-1 B=1236,1236,0,0,-16
mv D' code=0 aligned=1 homed=- ms=119.0 U=3135,3133,-2,2,1 R=1091,1090,-1,0,-1 F=674,674,0,3,-7 D=2481,3501,-4,2,-2 L=1249,1250,1,0,-1 B=1235,1236,1,0,-16
mv D code=0 aligned=1 homed=- ms=119.0 U=3135,3133,-2,2,1 R=1091,1090,-1,0,-1 F=674,673,-1,3,-8 D=3502,2481,3,1,0 L=1249,1249,0,0,-2 B=1236,1236,0,0,-16
mv D' code=0 aligned=1 homed=- ms=119.0 U=3135,3133,-2,2,1 R=1091,1090,-1,0,-1 F=674,673,-1,3,-8 D=2481,3501,-4,2,-2 L=1249,1250,1,0,-1 B=1235,1236,1,0,-16
mv D code=0 aligned=1 homed=- ms=119.0 U=3135,3133,-2,2,1 R=1091,1090,-1,0,-1 F=674,673,-1,3,-8 D=3501,2481,4,1,0 L=1250,1250,0,0,-1 B=1236,1236,0,0,-16
mv D' code=0 aligned=1 homed=- ms=119.0 U=3135,3133,-2,2,1 R=1091,1090,-1,0,-1 F=674,674,0,3,-7 D=2481,3501,-4,2,-2 L=1249,1249,0,0,-2 B=1236,1236,0,0,-16
mv D code=0 aligned=1 homed=- ms=119.0 U=3135,3134,-1,2,2 R=1091,1090,-1,0,-1 F=674,674,0,3,-7 D=3501,2481,4,1,0 L=1249,1250,1,0,-1 B=1236,1236,0,0,-16
mv D' code=0 aligned=1 homed=- ms=119.0 U=3135,3133,-2,2,1 R=1091,1090,-1,0,-1 F=674,673,-1,3,-8 D=2481,3501,-4,2,-2 L=1250,1250,0,0,-1 B=1236,1236,0,0,-16
mv D code=0 aligned=1 homed=- ms=119.0 U=3135,3133,-2,2,1 R=1091,1090,-1,0,-1 F=674,674,0,3,-7 D=3501,2481,4,1,0 L=1249,1250,1,0,-1 B=1235,1236,1,0,-16
mv D' code=0 aligned=1 homed=- ms=119.0 U=3135,3133,-2,2,1 R=1091,1090,-1,0,-1 F=674,673,-1,3,-8 D=2481,3501,-4,2,-2 L=1250,1249,-1,0,-2 B=1236,1236,0,0,-16
mv D code=0 aligned=1 homed=- ms=119.0 U=3135,3133,-2,2,1 R=1091,1090,-1,0,-1 F=674,673,-1,3,-8 D=3501,2481,4,1,0 L=1249,1250,1,0,-1 B=1235,1236,1,0,-16
mv D' code=0 aligned=1 homed=- ms=119.0 U=3135,3133,-2,2,1 R=1091,1090,-1,0,-1 F=674,673,-1,3,-8 D=2481,3501,-4,2,-2 L=1249,1250,1,0,-1 B=1235,1236,1,0,-16
mv D code=0 aligned=1 homed=- ms=119.0 U=3135,3133,-2,2,1 R=1091,1090,-1,0,-1 F=674,674,0,3,-7 D=3501,2481,4,1,0 L=1249,1250,1,0,-1 B=1235,1236,1,0,-16
mv D' code=0 aligned=1 homed=- ms=119.0 U=3135,3133,-2,2,1 R=1091,1090,-1,0,-1 F=674,674,0,3,-7 D=2481,3501,-4,2,-2 L=1249,1250,1,0,-1 B=1236,1236,0,0,-16
mv D code=0 aligned=1 homed=- ms=119.0 U=3135,3133,-2,2,1 R=1091,1090,-1,0,-1 F=674,673,-1,3,-8 D=3501,2481,4,1,0 L=1249,1250,1,0,-1 B=1236,1236,0,0,-16
mv D' code=0 aligned=1 homed=- ms=119.0 U=3135,3133,-2,2,1 R=1091,1090,-1,0,-1 F=674,674,0,3,-7 D=2481,3501,-4,2,-2 L=1249,1250,1,0,-1 B=1236,1236,0,0,-16
mv D code=0 aligned=1 homed=- ms=119.0 U=3136,3133,-3,2,1 R=1091,1090,-1,0,-1 F=674,674,0,3,-7 D=3501,2481,4,1,0 L=1249,1250,1,0,-1 B=1236,1236,0,0,-16
mv D' code=0 aligned=1 homed=- ms=119.0 U=3135,3133,-2,2,1 R=1091,1090,-1,0,-1 F=674,673,-1,3,-8 D=2481,3501,-4,2,-2 L=1249,1250,1,0,-1 B=1235,1236,1,0,-16
mv D code=0 aligned=1 homed=- ms=119.0 U=3135,3133,-2,2,1 R=1091,1090,-1,0,-1 F=674,673,-1,3,-8 D=3501,2481,4,1,0 L=1249,1250,1,0,-1 B=1235,1236,1,0,-16
mv D' code=0 aligned=1 homed=- ms=119.0 U=3135,3133,-2,2,1 R=1091,1090,-1,0,-1 F=674,673,-1,3,-8 D=2481,3501,-4,2,-2 L=1249,1250,1,0,-1 B=1235,1236,1,0,-16
mv D code=0 aligned=1 homed=- ms=119.0 U=3136,3133,-3,2,1 R=1091,1090,-1,0,-1 F=674,674,0,3,-7 D=3502,2481,3,1,0 L=1249,1250,1,0,-1 B=1235,1236,1,0,-16
mv D' code=0 aligned=1 homed=- ms=119.0 U=3135,3133,-2,2,1 R=1091,1090,-1,0,-1 F=674,673,-1,3,-8 D=2481,3501,-4,2,-2 L=1249,1250,1,0,-1 B=1236,1236,0,0,-16
mv D code=0 aligned=1 homed=- ms=119.0 U=3135,3133,-2,2,1 R=1091,1090,-1,0,-1 F=674,673,-1,3,-8 D=3502,2481,3,1,0 L=1250,1250,0,0,-1 B=1235,1236,1,0,-16
mv D' code=0 aligned=1 homed=- ms=119.0 U=3135,3133,-2,2,1 R=1091,1090,-1,0,-1 F=674,673,-1,3,-8 D=2481,3501,-4,2,-2 L=1249,1249,0,0,-2 B=1235,1236,1,0,-16
mv D code=0 aligned=1 homed=- ms=119.0 U=3135,3133,-2,2,1 R=1091,1090,-1,0,-1 F=674,673,-1,3,-8 D=3501,2481,4,1,0 L=1249,1250,1,0,-1 B=1236,1236,0,0,-16
mv D' code=0 aligned=1 homed=- ms=119.0 U=3135,3133,-2,2,1 R=1091,1090,-1,0,-1 F=674,673,-1,3,-8 D=2481,3501,-4,2,-2 L=1249,1250,1,0,-1 B=1236,1236,0,0,-16
mv D code=0 aligned=1 homed=- ms=119.0 U=3135,3133,-2,2,1 R=1091,1090,-1,0,-1 F=674,673,-1,3,-8 D=3501,2481,4,1,0 L=1249,1250,1,0,-1 B=1236,1236,0,0,-16
mv D' code=0 aligned=1 homed=- ms=119.0 U=3135,3133,-2,2,1 R=1091,1091,0,0,0 F=674,673,-1,3,-8 D=2481,3501,-4,2,-2 L=1249,1250,1,0,-1 B=1235,1236,1,0,-16
mv D code=0 aligned=1 homed=- ms=119.0 U=3136,3133,-3,2,1 R=1091,1090,-1,0,-1 F=674,674,0,3,-7 D=3501,2481,4,1,0 L=1249,1249,0,0,-2 B=1236,1236,0,0,-16
mv D' code=0 aligned=1 homed=- ms=119.0 U=3135,3133,-2,2,1 R=1091,1091,0,0,0 F=674,673,-1,3,-8 D=2481,3501,-4,2,-2 L=1250,1249,-1,0,-2 B=1235,1236,1,0,-16
mv D code=0 aligned=1 homed=- ms=119.0 U=3135,3133,-2,2,1 R=1091,1090,-1,0,-1 F=674,673,-1,3,-8 D=3502,2481,3,1,0 L=1249,1250,1,0,-1 B=1235,1236,1,0,-16
mv D' code=0 aligned=1 homed=- ms=119.0 U=3135,3133,-2,2,1 R=1091,1090,-1,0,-1 F=674,673,-1,3,-8 D=2481,3501,-4,2,-2 L=1249,1250,1,0,-1 B=1236,1236,0,0,-16
mv D code=0 aligned=1 homed=- ms=119.0 U=3135,3133,-2,2,1 R=1091,1091,0,0,0 F=674,673,-1,3,-8 D=3501,2481,4,1,0 L=1249,1250,1,0,-1 B=1236,1236,0,0,-16
mv D' code=0 aligned=1 homed=- ms=119.0 U=3135,3133,-2,2,1 R=1091,1090,-1,0,-1 F=674,673,-1,3,-8 D=2481,3501,-4,2,-2 L=1249,1250,1,0,-1 B=1235,1236,1,0,-16
mv D code=0 aligned=1 homed=- ms=119.0 U=3136,3133,-3,2,1 R=1091,1090,-1,0,-1 F=674,674,0,3,-7 D=3502,2481,3,1,0 L=1249,1250,1,0,-1 B=1236,1236,0,0,-16
mv D' code=0 aligned=1 homed=- ms=119.0 U=3135,3133,-2,2,1 R=1091,1090,-1,0,-1 F=674,673,-1,3,-8 D=2481,3501,-4,2,-2 L=1249,1250,1,0,-1 B=1236,1236,0,0,-16
mv D code=0 aligned=1 homed=- ms=119.0 U=3135,3133,-2,2,1 R=1091,1090,-1,0,-1 F=674,674,0,3,-7 D=3501,2481,4,1,0 L=1250,1250,0,0,-1 B=1236,1236,0,0,-16
mv D' code=0 aligned=1 homed=- ms=119.0 U=3135,3133,-2,2,1 R=1091,1090,-1,0,-1 F=674,674,0,3,-7 D=2481,3501,-4,2,-2 L=1249,1250,1,0,-1 B=1236,1236,0,0,-16
mv D code=0 aligned=1 homed=- ms=119.0 U=3135,3133,-2,2,1 R=1091,1090,-1,0,-1 F=674,673,-1,3,-8 D=3501,2481,4,1,0 L=1249,1250,1,0,-1 B=1236,1236,0,0,-16
mv D' code=0 aligned=1 homed=- ms=119.0 U=3135,3133,-2,2,1 R=1091,1090,-1,0,-1 F=674,673,-1,3,-8 D=2481,3501,-4,2,-2 L=1249,1250,1,0,-1 B=1236,1236,0,0,-16
mv D code=0 aligned=1 homed=- ms=119.0 U=3135,3133,-2,2,1 R=1091,1090,-1,0,-1 F=674,674,0,3,-7 D=3501,2481,4,1,0 L=1249,1250,1,0,-1 B=1236,1236,0,0,-16
mv D' code=0 aligned=1 homed=- ms=119.0 U=3135,3133,-2,2,1 R=1091,1091,0,0,0 F=674,673,-1,3,-8 D=2481,3501,-4,2,-2 L=1249,1250,1,0,-1 B=1236,1236,0,0,-16
mv D code=0 aligned=1 homed=- ms=119.0 U=3135,3133,-2,2,1 R=1091,1091,0,0,0 F=674,674,0,3,-7 D=3501,2481,4,1,0 L=1249,1250,1,0,-1 B=1236,1236,0,0,-16
mv D' code=0 aligned=1 homed=- ms=119.0 U=3135,3133,-2,2,1 R=1091,1090,-1,0,-1 F=674,673,-1,3,-8 D=2481,3501,-4,2,-2 L=1249,1249,0,0,-2 B=1236,1236,0,0,-16
mv D code=0 aligned=1 homed=- ms=119.0 U=3135,3133,-2,2,1 R=1091,1090,-1,0,-1 F=674,673,-1,3,-8 D=3502,2481,3,1,0 L=1249,1250,1,0,-1 B=1235,1236,1,0,-16
mv D' code=0 aligned=1 homed=- ms=119.0 U=3136,3133,-3,2,1 R=1091,1090,-1,0,-1 F=674,673,-1,3,-8 D=2481,3501,-4,2,-2 L=1249,1250,1,0,-1 B=1236,1236,0,0,-16
mv D code=0 aligned=1 homed=- ms=119.0 U=3135,3133,-2,2,1 R=1091,1091,0,0,0 F=674,673,-1,3,-8 D=3501,2481,4,1,0 L=1249,1250,1,0,-1 B=1235,1236,1,0,-16
mv D' code=0 aligned=1 homed=- ms=119.0 U=3136,3133,-3,2,1 R=1091,1090,-1,0,-1 F=674,673,-1,3,-8 D=2481,3501,-4,2,-2 L=1249,1250,1,0,-1 B=1235,1236,1,0,-16
mv D code=0 aligned=1 homed=- ms=119.0 U=3135,3133,-2,2,1 R=1091,1090,-1,0,-1 F=674,673,-1,3,-8 D=3501,2481,4,1,0 L=1249,1250,1,0,-1 B=1235,1236,1,0,-16
mv D' code=0 aligned=1 homed=- ms=119.0 U=3135,3133,-2,2,1 R=1091,1090,-1,0,-1 F=674,673,-1,3,-8 D=2481,3501,-4,2,-2 L=1249,1250,1,0,-1 B=1235,1236,1,0,-16
mv D code=0 aligned=1 homed=- ms=119.0 U=3135,3134,-1,2,2 R=1091,1090,-1,0,-1 F=674,673,-1,3,-8 D=3502,2480,2,1,-1 L=1249,1250,1,0,-1 B=1236,1236,0,0,-16
mv D' code=0 aligned=1 homed=- ms=119.0 U=3135,3133,-2,2,1 R=1091,1090,-1,0,-1 F=674,673,-1,3,-8 D=2481,3501,-4,2,-2 L=1249,1250,1,0,-1 B=1236,1236,0,0,-16
mv D code=0 aligned=1 homed=- ms=119.0 U=3135,3133,-2,2,1 R=1091,1091,0,0,0 F=674,673,-1,3,-8 D=3502,2481,3,1,0 L=1249,1250,1,0,-1 B=1235,1236,1,0,-16
mv D' code=0 aligned=1 homed=- ms=119.0 U=3135,3133,-2,2,1 R=1091,1090,-1,0,-1 F=674,673,-1,3,-8 D=2481,3501,-4,2,-2 L=1249,1250,1,0,-1 B=1236,1236,0,0,-16
mv D code=0 aligned=1 homed=- ms=119.0 U=3135,3133,-2,2,1 R=1091,1090,-1,0,-1 F=674,673,-1,3,-8 D=3501,2481,4,1,0 L=1249,1250,1,0,-1 B=1236,1236,0,0,-16
mv D' code=0 aligned=1 homed=- ms=119.0 U=3135,3133,-2,2,1 R=1091,1090,-1,0,-1 F=674,674,0,3,-7 D=2481,3501,-4,2,-2 L=1249,1250,1,0,-1 B=1235,1236,1,0,-16
mv D code=0 aligned=1 homed=- ms=119.0 U=3135,3133,-2,2,1 R=1091,1090,-1,0,-1 F=674,674,0,3,-7 D=3502,2481,3,1,0 L=1249,1250,1,0,-1 B=1235,1235,0,0,-17
mv D' code=0 aligned=1 homed=- ms=119.0 U=3135,3133,-2,2,1 R=1091,1090,-1,0,-1 F=674,674,0,3,-7 D=2481,3501,-4,2,-2 L=1249,1249,0,0,-2 B=1235,1236,1,0,-16
mv D code=0 aligned=1 homed=- ms=119.0 U=3135,3133,-2,2,1 R=1091,1091,0,0,0 F=674,673,-1,3,-8 D=3501,2481,4,1,0 L=1249,1250,1,0,-1 B=1235,1236,1,0,-16
mv D' code=0 aligned=1 homed=- ms=119.0 U=3135,3133,-2,2,1 R=1091,1090,-1,0,-1 F=674,674,0,3,-7 D=2481,3501,-4,2,-2 L=1249,1250,1,0,-1 B=1236,1236,0,0,-16
mv D code=0 aligned=1 homed=- ms=119.0 U=3135,3133,-2,2,1 R=1091,1090,-1,0,-1 F=674,674,0,3,-7 D=3502,2481,3,1,0 L=1249,1250,1,0,-1 B=1236,1236,0,0,-16
mv D' code=0 aligned=1 homed=- ms=119.0 U=3135,3133,-2,2,1 R=1091,1090,-1,0,-1 F=674,673,-1,3,-8 D=2481,3501,-4,2,-2 L=1249,1250,1,0,-1 B=1236,1236,0,0,-16
mv D code=0 aligned=1 homed=- ms=119.0 U=3135,3133,-2,2,1 R=1091,1090,-1,0,-1 F=674,673,-1,3,-8 D=3501,2481,4,1,0 L=1249,1250,1,0,-1 B=1235,1235,0,0,-17
mv D' code=0 aligned=1 homed=- ms=119.0 U=3135,3133,-2,2,1 R=1091,1090,-1,0,-1 F=674,673,-1,3,-8 D=2481,3501,-4,2,-2 L=1249,1250,1,0,-1 B=1236,1236,0,0,-16
mv D code=0 aligned=1 homed=- ms=119.0 U=3135,3133,-2,2,1 R=1091,1090,-1,0,-1 F=674,674,0,3,-7 D=3501,2481,4,1,0 L=1250,1250,0,0,-1 B=1236,1236,0,0,-16
mv D' code=0 aligned=1 homed=- ms=119.0 U=3135,3133,-2,2,1 R=1091,1090,-1,0,-1 F=674,673,-1,3,-8 D=2481,3501,-4,2,-2 L=1249,1250,1,0,-1 B=1236,1236,0,0,-16
mv D code=0 aligned=1 homed=- ms=119.0 U=3135,3133,-2,2,1 R=1091,1090,-1,0,-1 F=674,674,0,3,-7 D=3501,2481,4,1,0 L=1249,1250,1,0,-1 B=1236,1236,0,0,-16
mv D' code=0 aligned=1 homed=- ms=119.0 U=3135,3133,-2,2,1 R=1091,1091,0,0,0 F=674,673,-1,3,-8 D=2481,3501,-4,2,-2 L=1249,1249,0,0,-2 B=1236,1236,0,0,-16
mv D code=0 aligned=1 homed=- ms=119.0 U=3135,3133,-2,2,1 R=1091,1090,-1,0,-1 F=674,673,-1,3,-8 D=3501,2481,4,1,0 L=1249,1250,1,0,-1 B=1236,1236,0,0,-16
mv D' code=0 aligned=1 homed=- ms=119.0 U=3135,3133,-2,2,1 R=1091,1090,-1,0,-1 F=674,673,-1,3,-8 D=2481,3501,-4,2,-2 L=1249,1250,1,0,-1 B=1235,1235,0,0,-17
mv D code=0 aligned=1 homed=- ms=119.0 U=3135,3133,-2,2,1 R=1091,1090,-1,0,-1 F=674,673,-1,3,-8 D=3501,2481,4,1,0 L=1249,1250,1,0,-1 B=1235,1236,1,0,-16
mv D' code=0 aligned=1 homed=- ms=119.0 U=3135,3133,-2,2,1 R=1091,1090,-1,0,-1 F=674,674,0,3,-7 D=2481,3501,-4,2,-2 L=1249,1249,0,0,-2 B=1236,1236,0,0,-16
mv D code=0 aligned=1 homed=- ms=119.0 U=3135,3133,-2,2,1 R=1091,1090,-1,0,-1 F=674,674,0,3,-7 D=3501,2481,4,1,0 L=1249,1250,1,0,-1 B=1235,1236,1,0,-16
mv D' code=0 aligned=1 homed=- ms=119.0 U=3135,3133,-2,2,1 R=1091,1090,-1,0,-1 F=674,673,-1,3,-8 D=2481,3501,-4,2,-2 L=1249,1250,1,0,-1 B=1236,1236,0,0,-16
mv D code=0 aligned=1 homed=- ms=119.0 U=3135,3133,-2,2,1 R=1091,1090,-1,0,-1 F=674,673,-1,3,-8 D=3501,2481,4,1,0 L=1249,1250,1,0,-1 B=1236,1236,0,0,-16
mv D' code=0 aligned=1 homed=- ms=119.0 U=3135,3133,-2,2,1 R=1091,1090,-1,0,-1 F=674,673,-1,3,-8 D=2481,3501,-4,2,-2 L=1249,1249,0,0,-2 B=1236,1236,0,0,-16
mv D code=0 aligned=1 homed=- ms=119.0 U=3135,3133,-2,2,1 R=1091,1090,-1,0,-1 F=674,673,-1,3,-8 D=3501,2481,4,1,0 L=1249,1249,0,0,-2 B=1235,1236,1,0,-16
mv D' code=0 aligned=1 homed=- ms=119.0 U=3135,3133,-2,2,1 R=1091,1090,-1,0,-1 F=674,673,-1,3,-8 D=2481,3501,-4,2,-2 L=1249,1250,1,0,-1 B=1236,1236,0,0,-16
mv D code=0 aligned=1 homed=- ms=119.0 U=3135,3133,-2,2,1 R=1091,1090,-1,0,-1 F=674,673,-1,3,-8 D=3501,2481,4,1,0 L=1249,1250,1,0,-1 B=1236,1235,-1,0,-17
mv D' code=0 aligned=1 homed=- ms=119.0 U=3135,3133,-2,2,1 R=1091,1090,-1,0,-1 F=674,673,-1,3,-8 D=2481,3501,-4,2,-2 L=1249,1250,1,0,-1 B=1236,1235,-1,0,-17
mv D code=0 aligned=1 homed=- ms=119.0 U=3135,3133,-2,2,1 R=1091,1090,-1,0,-1 F=674,673,-1,3,-8 D=3501,2481,4,1,0 L=1249,1250,1,0,-1 B=1235,1236,1,0,-16
mv D' code=0 aligned=1 homed=- ms=119.0 U=3135,3133,-2,2,1 R=1091,1090,-1,0,-1 F=674,674,0,3,-7 D=2481,3501,-4,2,-2 L=1249,1250,1,0,-1 B=1235,1236,1,0,-16
rep moves=200 notaligned=0 homings=0 failures=0 avgms=119.0
res U=- R=- F=- D=200,-0.2,3.9,5 L=- B=-
ok
> home
[align] motor 0 err=3 counts (0.3 steps)
[align] motor 1 err=0 counts (0.0 steps)
[align] motor 2 err=-7 counts (-0.7 steps)
[align] motor 3 err=1 counts (0.1 steps)
[align] motor 4 err=-3 counts (-0.3 steps)
[align] motor 5 err=-18 counts (-1.8 steps)
home code=0 ms=6 en=0
enc U=3134 R=1091 F=673 D=3500 L=1249 B=1235 RING=2768
near U=2:2 R=0:0 F=3:-8 D=2:-3 L=0:-2 B=0:-17
ok
> enc
enc U=3135 R=1091 F=674 D=3501 L=1249 B=1235 RING=2768
near U=2:3 R=0:0 F=3:-7 D=2:-2 L=0:-2 B=0:-17
ok
> rep 50 D D D D
mv D code=0 aligned=1 homed=- ms=119.0 U=3135,3133,-2,2,1 R=1091,1090,-1,0,-1 F=674,673,-1,3,-8 D=3500,2481,5,1,0 L=1249,1250,1,0,-1 B=1235,1236,1,0,-16
mv D code=0 aligned=1 homed=- ms=119.0 U=3135,3133,-2,2,1 R=1091,1090,-1,0,-1 F=674,673,-1,3,-8 D=2481,1461,4,0,0 L=1249,1250,1,0,-1 B=1236,1236,0,0,-16
mv D code=0 aligned=1 homed=- ms=119.0 U=3135,3133,-2,2,1 R=1091,1091,0,0,0 F=674,673,-1,3,-8 D=1461,439,2,3,0 L=1249,1250,1,0,-1 B=1236,1236,0,0,-16
mv D code=0 aligned=1 homed=- ms=119.0 U=3135,3133,-2,2,1 R=1091,1090,-1,0,-1 F=674,673,-1,3,-8 D=439,3501,-10,2,-2 L=1249,1249,0,0,-2 B=1236,1235,-1,0,-17
mv D code=0 aligned=1 homed=- ms=119.0 U=3135,3133,-2,2,1 R=1091,1090,-1,0,-1 F=674,673,-1,3,-8 D=3501,2481,4,1,0 L=1249,1250,1,0,-1 B=1236,1236,0,0,-16
mv D code=0 aligned=1 homed=- ms=119.0 U=3135,3133,-2,2,1 R=1091,1090,-1,0,-1 F=674,673,-1,3,-8 D=2481,1461,4,0,0 L=1249,1250,1,0,-1 B=1236,1236,0,0,-16
mv D code=0 aligned=1 homed=- ms=119.0 U=3135,3133,-2,2,1 R=1091,1090,-1,0,-1 F=674,673,-1,3,-8 D=1461,439,2,3,0 L=1249,1250,1,0,-1 B=1236,1236,0,0,-16
mv D code=0 aligned=1 homed=- ms=119.0 U=3135,3133,-2,2,1 R=1091,1091,0,0,0 F=674,673,-1,3,-8 D=440,3501,-11,2,-2 L=1249,1250,1,0,-1 B=1236,1235,-1,0,-17
mv D code=0 aligned=1 homed=- ms=119.0 U=3135,3133,-2,2,1 R=1091,1090,-1,0,-1 F=674,674,0,3,-7 D=3501,2481,4,1,0 L=1249,1250,1,0,-1 B=1236,1235,-1,0,-17
mv D code=0 aligned=1 homed=- ms=119.0 U=3135,3133,-2,2,1 R=1091,1090,-1,0,-1 F=674,673,-1,3,-8 D=2481,1461,4,0,0 L=1249,1250,1,0,-1 B=1236,1236,0,0,-16
mv D code=0 aligned=1 homed=- ms=119.0 U=3135,3133,-2,2,1 R=1091,1091,0,0,0 F=674,673,-1,3,-8 D=1461,439,2,3,0 L=1249,1250,1,0,-1 B=1235,1236,1,0,-16
mv D code=0 aligned=1 homed=- ms=119.0 U=3135,3133,-2,2,1 R=1091,1090,-1,0,-1 F=674,673,-1,3,-8 D=440,3501,-11,2,-2 L=1249,1250,1,0,-1 B=1235,1236,1,0,-16
mv D code=0 aligned=1 homed=- ms=119.0 U=3135,3133,-2,2,1 R=1091,1090,-1,0,-1 F=674,673,-1,3,-8 D=3501,2481,4,1,0 L=1249,1250,1,0,-1 B=1236,1235,-1,0,-17
mv D code=0 aligned=1 homed=- ms=119.0 U=3135,3133,-2,2,1 R=1091,1090,-1,0,-1 F=674,673,-1,3,-8 D=2481,1461,4,0,0 L=1249,1250,1,0,-1 B=1236,1236,0,0,-16
mv D code=0 aligned=1 homed=- ms=119.0 U=3135,3133,-2,2,1 R=1091,1090,-1,0,-1 F=674,673,-1,3,-8 D=1462,439,1,3,0 L=1249,1250,1,0,-1 B=1235,1236,1,0,-16
mv D code=0 aligned=1 homed=- ms=119.0 U=3135,3133,-2,2,1 R=1091,1090,-1,0,-1 F=674,673,-1,3,-8 D=440,3501,-11,2,-2 L=1249,1250,1,0,-1 B=1236,1236,0,0,-16
mv D code=0 aligned=1 homed=- ms=119.0 U=3135,3133,-2,2,1 R=1091,1090,-1,0,-1 F=674,674,0,3,-7 D=3501,2481,4,1,0 L=1249,1249,0,0,-2 B=1235,1236,1,0,-16
mv D code=0 aligned=1 homed=- ms=119.0 U=3135,3133,-2,2,1 R=1091,1090,-1,0,-1 F=674,673,-1,3,-8 D=2481,1461,4,0,0 L=1249,1250,1,0,-1 B=1235,1236,1,0,-16
mv D code=0 aligned=1 homed=- ms=119.0 U=3135,3133,-2,2,1 R=1091,1090,-1,0,-1 F=674,674,0,3,-7 D=1461,439,2,3,0 L=1249,1250,1,0,-1 B=1235,1236,1,0,-16
mv D code=0 aligned=1 homed=- ms=119.0 U=3135,3133,-2,2,1 R=1091,1090,-1,0,-1 F=674,674,0,3,-7 D=439,3501,-10,2,-2 L=1249,1250,1,0,-1 B=1236,1235,-1,0,-17
mv D code=0 aligned=1 homed=- ms=119.0 U=3135,3133,-2,2,1 R=1091,1090,-1,0,-1 F=674,673,-1,3,-8 D=3501,2481,4,1,0 L=1249,1250,1,0,-1 B=1236,1236,0,0,-16
mv D code=0 aligned=1 homed=- ms=119.0 U=3135,3133,-2,2,1 R=1091,1090,-1,0,-1 F=674,673,-1,3,-8 D=2481,1461,4,0,0 L=1249,1250,1,0,-1 B=1235,1236,1,0,-16
mv D code=0 aligned=1 homed=- ms=119.0 U=3135,3133,-2,2,1 R=1091,1090,-1,0,-1 F=674,673,-1,3,-8 D=1461,439,2,3,0 L=1249,1250,1,0,-1 B=1236,1236,0,0,-16
mv D code=0 aligned=1 homed=- ms=119.0 U=3135,3133,-2,2,1 R=1091,1090,-1,0,-1 F=674,674,0,3,-7 D=440,3501,-11,2,-2 L=1249,1250,1,0,-1 B=1236,1236,0,0,-16
mv D code=0 aligned=1 homed=- ms=119.0 U=3135,3133,-2,2,1 R=1091,1090,-1,0,-1 F=674,673,-1,3,-8 D=3501,2481,4,1,0 L=1249,1250,1,0,-1 B=1236,1236,0,0,-16
mv D code=0 aligned=1 homed=- ms=119.0 U=3135,3133,-2,2,1 R=1091,1090,-1,0,-1 F=674,673,-1,3,-8 D=2481,1461,4,0,0 L=1249,1250,1,0,-1 B=1235,1236,1,0,-16
mv D code=0 aligned=1 homed=- ms=119.0 U=3135,3133,-2,2,1 R=1091,1091,0,0,0 F=674,673,-1,3,-8 D=1461,439,2,3,0 L=1249,1250,1,0,-1 B=1236,1236,0,0,-16
mv D code=0 aligned=1 homed=- ms=119.0 U=3136,3133,-3,2,1 R=1091,1090,-1,0,-1 F=674,673,-1,3,-8 D=440,3501,-11,2,-2 L=1250,1250,0,0,-1 B=1235,1236,1,0,-16
mv D code=0 aligned=1 homed=- ms=119.0 U=3135,3133,-2,2,1 R=1091,1090,-1,0,-1 F=674,674,0,3,-7 D=3501,2481,4,1,0 L=1250,1250,0,0,-1 B=1235,1236,1,0,-16
mv D code=0 aligned=1 homed=- ms=119.0 U=3135,3133,-2,2,1 R=1091,1090,-1,0,-1 F=674,674,0,3,-7 D=2481,1461,4,0,0 L=1249,1250,1,0,-1 B=1236,1236,0,0,-16
mv D code=0 aligned=1 homed=- ms=119.0 U=3135,3133,-2,2,1 R=1091,1090,-1,0,-1 F=674,673,-1,3,-8 D=1461,439,2,3,0 L=1249,1249,0,0,-2 B=1236,1236,0,0,-16
mv D code=0 aligned=1 homed=- ms=119.0 U=3135,3133,-2,2,1 R=1091,1090,-1,0,-1 F=674,674,0,3,-7 D=439,3501,-10,2,-2 L=1249,1249,0,0,-2 B=1236,1236,0,0,-16
mv D code=0 aligned=1 homed=- ms=119.0 U=3135,3133,-2,2,1 R=1091,1090,-1,0,-1 F=674,674,0,3,-7 D=3501,2481,4,1,0 L=1250,1250,0,0,-1 B=1236,1236,0,0,-16
mv D code=0 aligned=1 homed=- ms=119.0 U=3135,3133,-2,2,1 R=1091,1090,-1,0,-1 F=674,673,-1,3,-8 D=2481,1461,4,0,0 L=1249,1250,1,0,-1 B=1236,1235,-1,0,-17
mv D code=0 aligned=1 homed=- ms=119.0 U=3135,3133,-2,2,1 R=1091,1091,0,0,0 F=674,673,-1,3,-8 D=1462,439,1,3,0 L=1249,1250,1,0,-1 B=1235,1236,1,0,-16
mv D code=0 aligned=1 homed=- ms=119.0 U=3135,3133,-2,2,1 R=1091,1090,-1,0,-1 F=674,673,-1,3,-8 D=440,3501,-11,2,-2 L=1249,1250,1,0,-1 B=1235,1236,1,0,-16
mv D code=0 aligned=1 homed=- ms=119.0 U=3135,3133,-2,2,1 R=1091,1090,-1,0,-1 F=674,673,-1,3,-8 D=3501,2481,4,1,0 L=1249,1250,1,0,-1 B=1236,1236,0,0,-16
mv D code=0 aligned=1 homed=- ms=119.0 U=3135,3133,-2,2,1 R=1091,1090,-1,0,-1 F=674,673,-1,3,-8 D=2481,1461,4,0,0 L=1249,1250,1,0,-1 B=1236,1235,-1,0,-17
mv D code=0 aligned=1 homed=- ms=119.0 U=3135,3133,-2,2,1 R=1091,1091,0,0,0 F=674,673,-1,3,-8 D=1462,439,1,3,0 L=1250,1250,0,0,-1 B=1236,1236,0,0,-16
mv D code=0 aligned=1 homed=- ms=119.0 U=3135,3133,-2,2,1 R=1091,1090,-1,0,-1 F=674,674,0,3,-7 D=439,3501,-10,2,-2 L=1249,1250,1,0,-1 B=1236,1236,0,0,-16
mv D code=0 aligned=1 homed=- ms=119.0 U=3135,3133,-2,2,1 R=1091,1090,-1,0,-1 F=674,674,0,3,-7 D=3501,2481,4,1,0 L=1249,1250,1,0,-1 B=1235,1236,1,0,-16
mv D code=0 aligned=1 homed=- ms=119.0 U=3135,3133,-2,2,1 R=1091,1090,-1,0,-1 F=674,674,0,3,-7 D=2481,1461,4,0,0 L=1249,1250,1,0,-1 B=1236,1236,0,0,-16
mv D code=0 aligned=1 homed=- ms=119.0 U=3135,3133,-2,2,1 R=1091,1090,-1,0,-1 F=674,673,-1,3,-8 D=1461,439,2,3,0 L=1249,1249,0,0,-2 B=1236,1236,0,0,-16
mv D code=0 aligned=1 homed=- ms=119.0 U=3135,3133,-2,2,1 R=1091,1090,-1,0,-1 F=674,673,-1,3,-8 D=439,3501,-10,2,-2 L=1249,1250,1,0,-1 B=1236,1236,0,0,-16
mv D code=0 aligned=1 homed=- ms=119.0 U=3135,3133,-2,2,1 R=1091,1090,-1,0,-1 F=674,673,-1,3,-8 D=3501,2481,4,1,0 L=1249,1250,1,0,-1 B=1236,1235,-1,0,-17
mv D code=0 aligned=1 homed=- ms=119.0 U=3135,3133,-2,2,1 R=1091,1090,-1,0,-1 F=674,673,-1,3,-8 D=2481,1461,4,0,0 L=1249,1250,1,0,-1 B=1235,1236,1,0,-16
mv D code=0 aligned=1 homed=- ms=119.0 U=3135,3133,-2,2,1 R=1091,1090,-1,0,-1 F=674,673,-1,3,-8 D=1461,439,2,3,0 L=1249,1250,1,0,-1 B=1235,1236,1,0,-16
mv D code=0 aligned=1 homed=- ms=119.0 U=3136,3133,-3,2,1 R=1091,1090,-1,0,-1 F=674,674,0,3,-7 D=439,3501,-10,2,-2 L=1249,1250,1,0,-1 B=1236,1236,0,0,-16
mv D code=0 aligned=1 homed=- ms=119.0 U=3135,3133,-2,2,1 R=1091,1090,-1,0,-1 F=674,673,-1,3,-8 D=3501,2481,4,1,0 L=1249,1250,1,0,-1 B=1236,1236,0,0,-16
mv D code=0 aligned=1 homed=- ms=119.0 U=3135,3133,-2,2,1 R=1091,1091,0,0,0 F=674,673,-1,3,-8 D=2481,1461,4,0,0 L=1249,1250,1,0,-1 B=1236,1236,0,0,-16
mv D code=0 aligned=1 homed=- ms=119.0 U=3135,3133,-2,2,1 R=1091,1090,-1,0,-1 F=674,673,-1,3,-8 D=1462,439,1,3,0 L=1249,1250,1,0,-1 B=1236,1236,0,0,-16
mv D code=0 aligned=1 homed=- ms=119.0 U=3135,3133,-2,2,1 R=1091,1090,-1,0,-1 F=674,673,-1,3,-8 D=439,3501,-10,2,-2 L=1249,1250,1,0,-1 B=1236,1236,0,0,-16
mv D code=0 aligned=1 homed=- ms=119.0 U=3135,3133,-2,2,1 R=1091,1090,-1,0,-1 F=674,673,-1,3,-8 D=3501,2481,4,1,0 L=1249,1250,1,0,-1 B=1235,1236,1,0,-16
mv D code=0 aligned=1 homed=- ms=119.0 U=3135,3133,-2,2,1 R=1091,1090,-1,0,-1 F=674,673,-1,3,-8 D=2481,1461,4,0,0 L=1249,1250,1,0,-1 B=1235,1236,1,0,-16
mv D code=0 aligned=1 homed=- ms=119.0 U=3135,3133,-2,2,1 R=1091,1090,-1,0,-1 F=674,674,0,3,-7 D=1461,439,2,3,0 L=1249,1250,1,0,-1 B=1236,1236,0,0,-16
mv D code=0 aligned=1 homed=- ms=119.0 U=3135,3133,-2,2,1 R=1091,1090,-1,0,-1 F=674,674,0,3,-7 D=439,3501,-10,2,-2 L=1249,1249,0,0,-2 B=1235,1236,1,0,-16
mv D code=0 aligned=1 homed=- ms=119.0 U=3135,3133,-2,2,1 R=1091,1090,-1,0,-1 F=674,674,0,3,-7 D=3501,2481,4,1,0 L=1249,1249,0,0,-2 B=1235,1236,1,0,-16
mv D code=0 aligned=1 homed=- ms=119.0 U=3135,3133,-2,2,1 R=1091,1090,-1,0,-1 F=674,673,-1,3,-8 D=2481,1461,4,0,0 L=1249,1249,0,0,-2 B=1236,1235,-1,0,-17
mv D code=0 aligned=1 homed=- ms=119.0 U=3135,3133,-2,2,1 R=1091,1091,0,0,0 F=674,673,-1,3,-8 D=1461,439,2,3,0 L=1249,1250,1,0,-1 B=1235,1236,1,0,-16
mv D code=0 aligned=1 homed=- ms=119.0 U=3136,3133,-3,2,1 R=1091,1090,-1,0,-1 F=674,673,-1,3,-8 D=440,3501,-11,2,-2 L=1249,1249,0,0,-2 B=1236,1236,0,0,-16
mv D code=0 aligned=1 homed=- ms=119.0 U=3135,3133,-2,2,1 R=1091,1090,-1,0,-1 F=674,673,-1,3,-8 D=3502,2481,3,1,0 L=1249,1250,1,0,-1 B=1236,1236,0,0,-16
mv D code=0 aligned=1 homed=- ms=119.0 U=3135,3133,-2,2,1 R=1091,1090,-1,0,-1 F=674,674,0,3,-7 D=2481,1461,4,0,0 L=1249,1250,1,0,-1 B=1235,1236,1,0,-16
mv D code=0 aligned=1 homed=- ms=119.0 U=3135,3133,-2,2,1 R=1091,1091,0,0,0 F=674,674,0,3,-7 D=1461,440,3,3,1 L=1249,1250,1,0,-1 B=1235,1236,1,0,-16
mv D code=0 aligned=1 homed=- ms=119.0 U=3135,3133,-2,2,1 R=1091,1090,-1,0,-1 F=674,673,-1,3,-8 D=440,3501,-11,2,-2 L=1249,1250,1,0,-1 B=1236,1236,0,0,-16
mv D code=0 aligned=1 homed=- ms=119.0 U=3135,3133,-2,2,1 R=1091,1091,0,0,0 F=674,673,-1,3,-8 D=3501,2481,4,1,0 L=1249,1249,0,0,-2 B=1235,1236,1,0,-16
mv D code=0 aligned=1 homed=- ms=119.0 U=3135,3133,-2,2,1 R=1091,1090,-1,0,-1 F=674,673,-1,3,-8 D=2481,1461,4,0,0 L=1249,1249,0,0,-2 B=1236,1236,0,0,-16
mv D code=0 aligned=1 homed=- ms=119.0 U=3136,3133,-3,2,1 R=1091,1090,-1,0,-1 F=674,674,0,3,-7 D=1461,439,2,3,0 L=1249,1250,1,0,-1 B=1236,1236,0,0,-16
mv D code=0 aligned=1 homed=- ms=119.0 U=3135,3133,-2,2,1 R=1091,1090,-1,0,-1 F=674,674,0,3,-7 D=440,3501,-11,2,-2 L=1249,1250,1,0,-1 B=1236,1236,0,0,-16
mv D code=0 aligned=1 homed=- ms=119.0 U=3135,3133,-2,2,1 R=1091,1090,-1,0,-1 F=674,674,0,3,-7 D=3501,2481,4,1,0 L=1249,1250,1,0,-1 B=1235,1236,1,0,-16
mv D code=0 aligned=1 homed=- ms=119.0 U=3135,3133,-2,2,1 R=1091,1090,-1,0,-1 F=674,673,-1,3,-8 D=2481,1461,4,0,0 L=1249,1250,1,0,-1 B=1236,1235,-1,0,-17
mv D code=0 aligned=1 homed=- ms=119.0 U=3135,3133,-2,2,1 R=1091,1090,-1,0,-1 F=674,673,-1,3,-8 D=1462,439,1,3,0 L=1249,1249,0,0,-2 B=1235,1236,1,0,-16
mv D code=0 aligned=1 homed=- ms=119.0 U=3135,3133,-2,2,1 R=1091,1090,-1,0,-1 F=674,673,-1,3,-8 D=439,3501,-10,2,-2 L=1249,1250,1,0,-1 B=1236,1236,0,0,-16
mv D code=0 aligned=1 homed=- ms=119.0 U=3135,3133,-2,2,1 R=1091,1090,-1,0,-1 F=674,673,-1,3,-8 D=3501,2481,4,1,0 L=1250,1250,0,0,-1 B=1236,1236,0,0,-16
mv D code=0 aligned=1 homed=- ms=119.0 U=3135,3133,-2,2,1 R=1091,1090,-1,0,-1 F=674,673,-1,3,-8 D=2481,1461,4,0,0 L=1249,1250,1,0,-1 B=1236,1236,0,0,-16
mv D code=0 aligned=1 homed=- ms=119.0 U=3135,3133,-2,2,1 R=1091,1091,0,0,0 F=674,673,-1,3,-8 D=1462,439,1,3,0 L=1250,1250,0,0,-1 B=1235,1236,1,0,-16
mv D code=0 aligned=1 homed=- ms=119.0 U=3135,3133,-2,2,1 R=1091,1090,-1,0,-1 F=674,673,-1,3,-8 D=440,3501,-11,2,-2 L=1249,1250,1,0,-1 B=1236,1236,0,0,-16
mv D code=0 aligned=1 homed=- ms=119.0 U=3135,3133,-2,2,1 R=1091,1090,-1,0,-1 F=674,673,-1,3,-8 D=3501,2481,4,1,0 L=1249,1250,1,0,-1 B=1236,1236,0,0,-16
mv D code=0 aligned=1 homed=- ms=119.0 U=3135,3133,-2,2,1 R=1091,1090,-1,0,-1 F=674,673,-1,3,-8 D=2481,1461,4,0,0 L=1250,1250,0,0,-1 B=1236,1236,0,0,-16
mv D code=0 aligned=1 homed=- ms=119.0 U=3135,3133,-2,2,1 R=1091,1090,-1,0,-1 F=674,673,-1,3,-8 D=1462,439,1,3,0 L=1249,1250,1,0,-1 B=1236,1236,0,0,-16
mv D code=0 aligned=1 homed=- ms=119.0 U=3135,3133,-2,2,1 R=1091,1090,-1,0,-1 F=674,673,-1,3,-8 D=440,3501,-11,2,-2 L=1249,1250,1,0,-1 B=1236,1236,0,0,-16
mv D code=0 aligned=1 homed=- ms=119.0 U=3135,3133,-2,2,1 R=1091,1090,-1,0,-1 F=674,674,0,3,-7 D=3501,2481,4,1,0 L=1249,1250,1,0,-1 B=1236,1236,0,0,-16
mv D code=0 aligned=1 homed=- ms=119.0 U=3135,3133,-2,2,1 R=1091,1090,-1,0,-1 F=674,673,-1,3,-8 D=2481,1461,4,0,0 L=1249,1250,1,0,-1 B=1235,1236,1,0,-16
mv D code=0 aligned=1 homed=- ms=119.0 U=3135,3133,-2,2,1 R=1091,1090,-1,0,-1 F=674,674,0,3,-7 D=1462,439,1,3,0 L=1249,1250,1,0,-1 B=1236,1236,0,0,-16
mv D code=0 aligned=1 homed=- ms=119.0 U=3135,3133,-2,2,1 R=1091,1090,-1,0,-1 F=674,673,-1,3,-8 D=440,3501,-11,2,-2 L=1249,1250,1,0,-1 B=1235,1236,1,0,-16
mv D code=0 aligned=1 homed=- ms=119.0 U=3135,3133,-2,2,1 R=1091,1090,-1,0,-1 F=674,674,0,3,-7 D=3501,2481,4,1,0 L=1249,1250,1,0,-1 B=1236,1236,0,0,-16
mv D code=0 aligned=1 homed=- ms=119.0 U=3135,3133,-2,2,1 R=1091,1090,-1,0,-1 F=674,673,-1,3,-8 D=2481,1461,4,0,0 L=1249,1250,1,0,-1 B=1235,1236,1,0,-16
mv D code=0 aligned=1 homed=- ms=119.0 U=3135,3133,-2,2,1 R=1091,1090,-1,0,-1 F=674,673,-1,3,-8 D=1461,439,2,3,0 L=1249,1250,1,0,-1 B=1236,1235,-1,0,-17
mv D code=0 aligned=1 homed=- ms=119.0 U=3135,3133,-2,2,1 R=1091,1090,-1,0,-1 F=674,674,0,3,-7 D=440,3501,-11,2,-2 L=1249,1249,0,0,-2 B=1235,1236,1,0,-16
mv D code=0 aligned=1 homed=- ms=119.0 U=3135,3133,-2,2,1 R=1091,1090,-1,0,-1 F=674,673,-1,3,-8 D=3501,2481,4,1,0 L=1249,1250,1,0,-1 B=1235,1236,1,0,-16
mv D code=0 aligned=1 homed=- ms=119.0 U=3136,3133,-3,2,1 R=1091,1090,-1,0,-1 F=674,673,-1,3,-8 D=2481,1461,4,0,0 L=1249,1250,1,0,-1 B=1235,1236,1,0,-16
mv D code=0 aligned=1 homed=- ms=119.0 U=3135,3133,-2,2,1 R=1091,1090,-1,0,-1 F=674,673,-1,3,-8 D=1461,439,2,3,0 L=1250,1249,-1,0,-2 B=1235,1236,1,0,-16
mv D code=0 aligned=1 homed=- ms=119.0 U=3135,3133,-2,2,1 R=1091,1090,-1,0,-1 F=674,673,-1,3,-8 D=439,3501,-10,2,-2 L=1249,1249,0,0,-2 B=1236,1236,0,0,-16
mv D code=0 aligned=1 homed=- ms=119.0 U=3135,3133,-2,2,1 R=1091,1090,-1,0,-1 F=674,673,-1,3,-8 D=3501,2481,4,1,0 L=1249,1249,0,0,-2 B=1235,1236,1,0,-16
mv D code=0 aligned=1 homed=- ms=119.0 U=3135,3133,-2,2,1 R=1091,1090,-1,0,-1 F=674,674,0,3,-7 D=2481,1461,4,0,0 L=1249,1250,1,0,-1 B=1235,1236,1,0,-16
mv D code=0 aligned=1 homed=- ms=119.0 U=3135,3133,-2,2,1 R=1091,1090,-1,0,-1 F=674,673,-1,3,-8 D=1462,439,1,3,0 L=1249,1250,1,0,-1 B=1235,1236,1,0,-16
mv D code=0 aligned=1 homed=- ms=119.0 U=3136,3133,-3,2,1 R=1091,1090,-1,0,-1 F=674,673,-1,3,-8 D=439,3501,-10,2,-2 L=1249,1250,1,0,-1 B=1236,1236,0,0,-16
mv D code=0 aligned=1 homed=- ms=119.0 U=3135,3133,-2,2,1 R=1091,1090,-1,0,-1 F=674,673,-1,3,-8 D=3501,2481,4,1,0 L=1249,1250,1,0,-1 B=1236,1235,-1,0,-17
mv D code=0 aligned=1 homed=- ms=119.0 U=3135,3133,-2,2,1 R=1091,1090,-1,0,-1 F=674,673,-1,3,-8 D=2481,1461,4,0,0 L=1249,1250,1,0,-1 B=1235,1236,1,0,-16
mv D code=0 aligned=1 homed=- ms=119.0 U=3135,3133,-2,2,1 R=1091,1090,-1,0,-1 F=674,673,-1,3,-8 D=1461,439,2,3,0 L=1249,1250,1,0,-1 B=1235,1236,1,0,-16
mv D code=0 aligned=1 homed=- ms=119.0 U=3135,3133,-2,2,1 R=1091,1090,-1,0,-1 F=674,673,-1,3,-8 D=439,3501,-10,2,-2 L=1249,1250,1,0,-1 B=1236,1236,0,0,-16
mv D code=0 aligned=1 homed=- ms=119.0 U=3135,3133,-2,2,1 R=1091,1090,-1,0,-1 F=674,673,-1,3,-8 D=3501,2481,4,1,0 L=1249,1250,1,0,-1 B=1235,1236,1,0,-16
mv D code=0 aligned=1 homed=- ms=119.0 U=3135,3133,-2,2,1 R=1091,1090,-1,0,-1 F=674,673,-1,3,-8 D=2481,1461,4,0,0 L=1249,1250,1,0,-1 B=1236,1236,0,0,-16
mv D code=0 aligned=1 homed=- ms=119.0 U=3135,3133,-2,2,1 R=1091,1090,-1,0,-1 F=674,673,-1,3,-8 D=1462,439,1,3,0 L=1249,1249,0,0,-2 B=1236,1236,0,0,-16
mv D code=0 aligned=1 homed=- ms=119.0 U=3135,3133,-2,2,1 R=1091,1090,-1,0,-1 F=674,673,-1,3,-8 D=439,3501,-10,2,-2 L=1249,1250,1,0,-1 B=1236,1235,-1,0,-17
mv D code=0 aligned=1 homed=- ms=119.0 U=3135,3133,-2,2,1 R=1091,1090,-1,0,-1 F=674,674,0,3,-7 D=3501,2481,4,1,0 L=1249,1250,1,0,-1 B=1235,1236,1,0,-16
mv D code=0 aligned=1 homed=- ms=119.0 U=3135,3133,-2,2,1 R=1091,1090,-1,0,-1 F=674,673,-1,3,-8 D=2481,1461,4,0,0 L=1250,1249,-1,0,-2 B=1235,1236,1,0,-16
mv D code=0 aligned=1 homed=- ms=119.0 U=3135,3133,-2,2,1 R=1091,1090,-1,0,-1 F=674,673,-1,3,-8 D=1462,439,1,3,0 L=1249,1249,0,0,-2 B=1236,1235,-1,0,-17
mv D code=0 aligned=1 homed=- ms=119.0 U=3135,3133,-2,2,1 R=1091,1090,-1,0,-1 F=674,673,-1,3,-8 D=440,3501,-11,2,-2 L=1249,1250,1,0,-1 B=1236,1235,-1,0,-17
mv D code=0 aligned=1 homed=- ms=119.0 U=3136,3133,-3,2,1 R=1091,1090,-1,0,-1 F=674,673,-1,3,-8 D=3501,2481,4,1,0 L=1249,1250,1,0,-1 B=1236,1236,0,0,-16
mv D code=0 aligned=1 homed=- ms=119.0 U=3135,3133,-2,2,1 R=1091,1090,-1,0,-1 F=674,673,-1,3,-8 D=2481,1461,4,0,0 L=1249,1250,1,0,-1 B=1236,1236,0,0,-16
mv D code=0 aligned=1 homed=- ms=119.0 U=3135,3133,-2,2,1 R=1091,1090,-1,0,-1 F=674,674,0,3,-7 D=1461,439,2,3,0 L=1249,1250,1,0,-1 B=1236,1236,0,0,-16
mv D code=0 aligned=1 homed=- ms=119.0 U=3135,3133,-2,2,1 R=1091,1090,-1,0,-1 F=674,674,0,3,-7 D=439,3501,-10,2,-2 L=1250,1250,0,0,-1 B=1236,1236,0,0,-16
mv D code=0 aligned=1 homed=- ms=119.0 U=3135,3133,-2,2,1 R=1091,1091,0,0,0 F=674,673,-1,3,-8 D=3501,2481,4,1,0 L=1249,1249,0,0,-2 B=1235,1236,1,0,-16
mv D code=0 aligned=1 homed=- ms=119.0 U=3135,3133,-2,2,1 R=1091,1091,0,0,0 F=674,673,-1,3,-8 D=2481,1461,4,0,0 L=1249,1250,1,0,-1 B=1236,1236,0,0,-16
mv D code=0 aligned=1 homed=- ms=119.0 U=3135,3133,-2,2,1 R=1091,1090,-1,0,-1 F=674,674,0,3,-7 D=1461,439,2,3,0 L=1249,1250,1,0,-1 B=1236,1236,0,0,-16
mv D code=0 aligned=1 homed=- ms=119.0 U=3135,3133,-2,2,1 R=1091,1090,-1,0,-1 F=674,674,0,3,-7 D=440,3501,-11,2,-2 L=1249,1250,1,0,-1 B=1235,1236,1,0,-16
mv D code=0 aligned=1 homed=- ms=119.0 U=3135,3133,-2,2,1 R=1091,1090,-1,0,-1 F=674,673,-1,3,-8 D=3501,2481,4,1,0 L=1249,1250,1,0,-1 B=1236,1236,0,0,-16
mv D code=0 aligned=1 homed=- ms=119.0 U=3135,3132,-3,2,0 R=1091,1090,-1,0,-1 F=674,674,0,3,-7 D=2481,1461,4,0,0 L=1250,1250,0,0,-1 B=1235,1236,1,0,-16
mv D code=0 aligned=1 homed=- ms=119.0 U=3135,3133,-2,2,1 R=1091,1090,-1,0,-1 F=674,673,-1,3,-8 D=1462,439,1,3,0 L=1249,1250,1,0,-1 B=1236,1236,0,0,-16
mv D code=0 aligned=1 homed=- ms=119.0 U=3135,3133,-2,2,1 R=1091,1090,-1,0,-1 F=674,673,-1,3,-8 D=439,3501,-10,2,-2 L=1249,1250,1,0,-1 B=1236,1236,0,0,-16
mv D code=0 aligned=1 homed=- ms=119.0 U=3135,3133,-2,2,1 R=1091,1090,-1,0,-1 F=674,673,-1,3,-8 D=3501,2481,4,1,0 L=1249,1250,1,0,-1 B=1236,1236,0,0,-16
mv D code=0 aligned=1 homed=- ms=119.0 U=3135,3133,-2,2,1 R=1091,1090,-1,0,-1 F=674,674,0,3,-7 D=2481,1461,4,0,0 L=1249,1250,1,0,-1 B=1236,1236,0,0,-16
mv D code=0 aligned=1 homed=- ms=119.0 U=3135,3133,-2,2,1 R=1091,1090,-1,0,-1 F=674,674,0,3,-7 D=1461,439,2,3,0 L=1249,1250,1,0,-1 B=1236,1236,0,0,-16
mv D code=0 aligned=1 homed=- ms=119.0 U=3135,3133,-2,2,1 R=1091,1090,-1,0,-1 F=674,674,0,3,-7 D=439,3501,-10,2,-2 L=1249,1250,1,0,-1 B=1236,1235,-1,0,-17
mv D code=0 aligned=1 homed=- ms=119.0 U=3135,3133,-2,2,1 R=1091,1090,-1,0,-1 F=674,674,0,3,-7 D=3501,2481,4,1,0 L=1249,1250,1,0,-1 B=1236,1236,0,0,-16
mv D code=0 aligned=1 homed=- ms=119.0 U=3135,3133,-2,2,1 R=1091,1090,-1,0,-1 F=674,674,0,3,-7 D=2481,1461,4,0,0 L=1249,1250,1,0,-1 B=1236,1236,0,0,-16
mv D code=0 aligned=1 homed=- ms=119.0 U=3135,3133,-2,2,1 R=1091,1090,-1,0,-1 F=674,674,0,3,-7 D=1461,439,2,3,0 L=1249,1250,1,0,-1 B=1235,1236,1,0,-16
mv D code=0 aligned=1 homed=- ms=119.0 U=3135,3134,-1,2,2 R=1091,1090,-1,0,-1 F=674,673,-1,3,-8 D=439,3501,-10,2,-2 L=1249,1250,1,0,-1 B=1235,1236,1,0,-16
mv D code=0 aligned=1 homed=- ms=119.0 U=3135,3133,-2,2,1 R=1091,1090,-1,0,-1 F=674,673,-1,3,-8 D=3501,2481,4,1,0 L=1249,1249,0,0,-2 B=1236,1236,0,0,-16
mv D code=0 aligned=1 homed=- ms=119.0 U=3135,3133,-2,2,1 R=1091,1090,-1,0,-1 F=674,673,-1,3,-8 D=2481,1461,4,0,0 L=1249,1249,0,0,-2 B=1236,1236,0,0,-16
mv D code=0 aligned=1 homed=- ms=119.0 U=3135,3133,-2,2,1 R=1091,1090,-1,0,-1 F=674,673,-1,3,-8 D=1462,439,1,3,0 L=1249,1250,1,0,-1 B=1236,1236,0,0,-16
mv D code=0 aligned=1 homed=- ms=119.0 U=3136,3133,-3,2,1 R=1091,1090,-1,0,-1 F=674,673,-1,3,-8 D=439,3501,-10,2,-2 L=1249,1250,1,0,-1 B=1236,1236,0,0,-16
mv D code=0 aligned=1 homed=- ms=119.0 U=3135,3133,-2,2,1 R=1091,1091,0,0,0 F=674,673,-1,3,-8 D=3501,2481,4,1,0 L=1249,1250,1,0,-1 B=1236,1236,0,0,-16
mv D code=0 aligned=1 homed=- ms=119.0 U=3136,3133,-3,2,1 R=1091,1091,0,0,0 F=674,673,-1,3,-8 D=2481,1461,4,0,0 L=1249,1250,1,0,-1 B=1236,1236,0,0,-16
mv D code=0 aligned=1 homed=- ms=119.0 U=3135,3133,-2,2,1 R=1091,1090,-1,0,-1 F=674,673,-1,3,-8 D=1462,439,1,3,0 L=1249,1250,1,0,-1 B=1235,1235,0,0,-17
mv D code=0 aligned=1 homed=- ms=119.0 U=3135,3133,-2,2,1 R=1091,1090,-1,0,-1 F=674,674,0,3,-7 D=439,3501,-10,2,-2 L=1249,1250,1,0,-1 B=1236,1236,0,0,-16
mv D code=0 aligned=1 homed=- ms=119.0 U=3135,3133,-2,2,1 R=1091,1091,0,0,0 F=674,674,0,3,-7 D=3501,2481,4,1,0 L=1249,1249,0,0,-2 B=1236,1236,0,0,-16
mv D code=0 aligned=1 homed=- ms=119.0 U=3135,3133,-2,2,1 R=1091,1090,-1,0,-1 F=674,673,-1,3,-8 D=2481,1461,4,0,0 L=1249,1250,1,0,-1 B=1236,1236,0,0,-16
mv D code=0 aligned=1 homed=- ms=119.0 U=3135,3133,-2,2,1 R=1091,1090,-1,0,-1 F=674,673,-1,3,-8 D=1461,439,2,3,0 L=1249,1249,0,0,-2 B=1236,1236,0,0,-16
mv D code=0 aligned=1 homed=- ms=119.0 U=3135,3133,-2,2,1 R=1091,1090,-1,0,-1 F=674,673,-1,3,-8 D=440,3501,-11,2,-2 L=1249,1250,1,0,-1 B=1236,1236,0,0,-16
mv D code=0 aligned=1 homed=- ms=119.0 U=3135,3133,-2,2,1 R=1091,1090,-1,0,-1 F=674,674,0,3,-7 D=3501,2481,4,1,0 L=1249,1250,1,0,-1 B=1236,1236,0,0,-16
mv D code=0 aligned=1 homed=- ms=119.0 U=3135,3133,-2,2,1 R=1091,1090,-1,0,-1 F=674,673,-1,3,-8 D=2481,1461,4,0,0 L=1249,1250,1,0,-1 B=1235,1235,0,0,-17
mv D code=0 aligned=1 homed=- ms=119.0 U=3135,3133,-2,2,1 R=1091,1090,-1,0,-1 F=674,674,0,3,-7 D=1461,439,2,3,0 L=1249,1249,0,0,-2 B=1235,1236,1,0,-16
mv D code=0 aligned=1 homed=- ms=119.0 U=3135,3133,-2,2,1 R=1091,1090,-1,0,-1 F=674,673,-1,3,-8 D=440,3501,-11,2,-2 L=1249,1250,1,0,-1 B=1236,1236,0,0,-16
mv D code=0 aligned=1 homed=- ms=119.0 U=3135,3133,-2,2,1 R=1091,1090,-1,0,-1 F=674,673,-1,3,-8 D=3501,2481,4,1,0 L=1249,1250,1,0,-1 B=1235,1236,1,0,-16
mv D code=0 aligned=1 homed=- ms=119.0 U=3135,3133,-2,2,1 R=1091,1090,-1,0,-1 F=674,673,-1,3,-8 D=2481,1461,4,0,0 L=1249,1250,1,0,-1 B=1236,1236,0,0,-16
mv D code=0 aligned=1 homed=- ms=119.0 U=3135,3133,-2,2,1 R=1091,1090,-1,0,-1 F=674,673,-1,3,-8 D=1461,439,2,3,0 L=1249,1249,0,0,-2 B=1235,1236,1,0,-16
mv D code=0 aligned=1 homed=- ms=119.0 U=3135,3133,-2,2,1 R=1091,1091,0,0,0 F=674,674,0,3,-7 D=439,3501,-10,2,-2 L=1249,1250,1,0,-1 B=1236,1236,0,0,-16
mv D code=0 aligned=1 homed=- ms=119.0 U=3135,3133,-2,2,1 R=1091,1090,-1,0,-1 F=674,674,0,3,-7 D=3501,2481,4,1,0 L=1249,1250,1,0,-1 B=1236,1236,0,0,-16
mv D code=0 aligned=1 homed=- ms=119.0 U=3136,3133,-3,2,1 R=1091,1090,-1,0,-1 F=674,673,-1,3,-8 D=2481,1461,4,0,0 L=1250,1250,0,0,-1 B=1236,1236,0,0,-16
mv D code=0 aligned=1 homed=- ms=119.0 U=3135,3133,-2,2,1 R=1091,1090,-1,0,-1 F=674,673,-1,3,-8 D=1461,439,2,3,0 L=1249,1250,1,0,-1 B=1236,1236,0,0,-16
mv D code=0 aligned=1 homed=- ms=119.0 U=3135,3133,-2,2,1 R=1091,1090,-1,0,-1 F=674,673,-1,3,-8 D=439,3501,-10,2,-2 L=1249,1250,1,0,-1 B=1236,1236,0,0,-16
mv D code=0 aligned=1 homed=- ms=119.0 U=3135,3133,-2,2,1 R=1091,1090,-1,0,-1 F=674,673,-1,3,-8 D=3501,2481,4,1,0 L=1249,1250,1,0,-1 B=1236,1236,0,0,-16
mv D code=0 aligned=1 homed=- ms=119.0 U=3135,3133,-2,2,1 R=1091,1090,-1,0,-1 F=674,673,-1,3,-8 D=2481,1461,4,0,0 L=1249,1250,1,0,-1 B=1236,1236,0,0,-16
mv D code=0 aligned=1 homed=- ms=119.0 U=3135,3133,-2,2,1 R=1091,1090,-1,0,-1 F=674,673,-1,3,-8 D=1462,439,1,3,0 L=1250,1250,0,0,-1 B=1235,1236,1,0,-16
mv D code=0 aligned=1 homed=- ms=119.0 U=3135,3133,-2,2,1 R=1091,1091,0,0,0 F=674,674,0,3,-7 D=440,3501,-11,2,-2 L=1249,1250,1,0,-1 B=1236,1236,0,0,-16
mv D code=0 aligned=1 homed=- ms=119.0 U=3135,3133,-2,2,1 R=1091,1090,-1,0,-1 F=674,673,-1,3,-8 D=3501,2481,4,1,0 L=1250,1249,-1,0,-2 B=1236,1236,0,0,-16
mv D code=0 aligned=1 homed=- ms=119.0 U=3135,3133,-2,2,1 R=1091,1090,-1,0,-1 F=674,673,-1,3,-8 D=2481,1461,4,0,0 L=1249,1250,1,0,-1 B=1236,1236,0,0,-16
mv D code=0 aligned=1 homed=- ms=119.0 U=3135,3133,-2,2,1 R=1091,1090,-1,0,-1 F=674,673,-1,3,-8 D=1461,439,2,3,0 L=1249,1250,1,0,-1 B=1236,1236,0,0,-16
mv D code=0 aligned=1 homed=- ms=119.0 U=3135,3133,-2,2,1 R=1091,1090,-1,0,-1 F=674,674,0,3,-7 D=440,3501,-11,2,-2 L=1249,1250,1,0,-1 B=1236,1236,0,0,-16
mv D code=0 aligned=1 homed=- ms=119.0 U=3135,3134,-1,2,2 R=1091,1090,-1,0,-1 F=674,674,0,3,-7 D=3501,2481,4,1,0 L=1249,1250,1,0,-1 B=1236,1236,0,0,-16
mv D code=0 aligned=1 homed=- ms=119.0 U=3136,3133,-3,2,1 R=1091,1090,-1,0,-1 F=674,673,-1,3,-8 D=2481,1461,4,0,0 L=1249,1250,1,0,-1 B=1236,1236,0,0,-16
mv D code=0 aligned=1 homed=- ms=119.0 U=3135,3133,-2,2,1 R=1091,1090,-1,0,-1 F=674,674,0,3,-7 D=1462,439,1,3,0 L=1249,1250,1,0,-1 B=1235,1235,0,0,-17
mv D code=0 aligned=1 homed=- ms=119.0 U=3135,3133,-2,2,1 R=1091,1090,-1,0,-1 F=674,673,-1,3,-8 D=439,3501,-10,2,-2 L=1249,1250,1,0,-1 B=1235,1236,1,0,-16
mv D code=0 aligned=1 homed=- ms=119.0 U=3135,3133,-2,2,1 R=1091,1090,-1,0,-1 F=674,673,-1,3,-8 D=3501,2481,4,1,0 L=1249,1249,0,0,-2 B=1236,1235,-1,0,-17
mv D code=0 aligned=1 homed=- ms=119.0 U=3135,3133,-2,2,1 R=1091,1090,-1,0,-1 F=674,674,0,3,-7 D=2481,1461,4,0,0 L=1249,1250,1,0,-1 B=1235,1235,0,0,-17
mv D code=0 aligned=1 homed=- ms=119.0 U=3135,3133,-2,2,1 R=1091,1090,-1,0,-1 F=674,673,-1,3,-8 D=1462,439,1,3,0 L=1249,1249,0,0,-2 B=1235,1236,1,0,-16
mv D code=0 aligned=1 homed=- ms=119.0 U=3135,3133,-2,2,1 R=1091,1090,-1,0,-1 F=674,673,-1,3,-8 D=439,3501,-10,2,-2 L=1249,1249,0,0,-2 B=1235,1236,1,0,-16
mv D code=0 aligned=1 homed=- ms=119.0 U=3135,3133,-2,2,1 R=1091,1090,-1,0,-1 F=674,673,-1,3,-8 D=3501,2481,4,1,0 L=1249,1250,1,0,-1 B=1236,1236,0,0,-16
mv D code=0 aligned=1 homed=- ms=119.0 U=3135,3133,-2,2,1 R=1091,1091,0,0,0 F=674,673,-1,3,-8 D=2481,1461,4,0,0 L=1249,1250,1,0,-1 B=1236,1236,0,0,-16
mv D code=0 aligned=1 homed=- ms=119.0 U=3135,3133,-2,2,1 R=1091,1090,-1,0,-1 F=674,673,-1,3,-8 D=1461,439,2,3,0 L=1249,1250,1,0,-1 B=1235,1236,1,0,-16
mv D code=0 aligned=1 homed=- ms=119.0 U=3135,3133,-2,2,1 R=1091,1090,-1,0,-1 F=674,673,-1,3,-8 D=440,3501,-11,2,-2 L=1250,1250,0,0,-1 B=1236,1236,0,0,-16
mv D code=0 aligned=1 homed=- ms=119.0 U=3135,3133,-2,2,1 R=1091,1090,-1,0,-1 F=674,673,-1,3,-8 D=3501,2481,4,1,0 L=1249,1250,1,0,-1 B=1236,1236,0,0,-16
mv D code=0 aligned=1 homed=- ms=119.0 U=3135,3133,-2,2,1 R=1091,1090,-1,0,-1 F=674,674,0,3,-7 D=2481,1461,4,0,0 L=1249,1250,1,0,-1 B=1236,1236,0,0,-16
mv D code=0 aligned=1 homed=- ms=119.0 U=3135,3133,-2,2,1 R=1091,1090,-1,0,-1 F=674,674,0,3,-7 D=1461,439,2,3,0 L=1249,1250,1,0,-1 B=1235,1235,0,0,-17
mv D code=0 aligned=1 homed=- ms=119.0 U=3135,3133,-2,2,1 R=1091,1090,-1,0,-1 F=674,674,0,3,-7 D=439,3501,-10,2,-2 L=1249,1250,1,0,-1 B=1236,1236,0,0,-16
mv D code=0 aligned=1 homed=- ms=119.0 U=3135,3133,-2,2,1 R=1091,1090,-1,0,-1 F=674,674,0,3,-7 D=3502,2481,3,1,0 L=1250,1250,0,0,-1 B=1235,1236,1,0,-16
mv D code=0 aligned=1 homed=- ms=119.0 U=3135,3133,-2,2,1 R=1091,1090,-1,0,-1 F=674,674,0,3,-7 D=2481,1461,4,0,0 L=1249,1250,1,0,-1 B=1235,1236,1,0,-16
mv D code=0 aligned=1 homed=- ms=119.0 U=3135,3133,-2,2,1 R=1091,1090,-1,0,-1 F=674,673,-1,3,-8 D=1462,439,1,3,0 L=1249,1250,1,0,-1 B=1235,1236,1,0,-16
mv D code=0 aligned=1 homed=- ms=119.0 U=3135,3133,-2,2,1 R=1091,1090,-1,0,-1 F=674,673,-1,3,-8 D=439,3501,-10,2,-2 L=1249,1250,1,0,-1 B=1236,1236,0,0,-16
mv D code=0 aligned=1 homed=- ms=119.0 U=3135,3133,-2,2,1 R=1091,1090,-1,0,-1 F=674,673,-1,3,-8 D=3501,2481,4,1,0 L=1249,1250,1,0,-1 B=1235,1236,1,0,-16
mv D code=0 aligned=1 homed=- ms=119.0 U=3135,3133,-2,2,1 R=1091,1090,-1,0,-1 F=674,674,0,3,-7 D=2481,1461,4,0,0 L=1249,1250,1,0,-1 B=1236,1236,0,0,-16
mv D code=0 aligned=1 homed=- ms=119.0 U=3135,3134,-1,2,2 R=1091,1090,-1,0,-1 F=674,674,0,3,-7 D=1461,439,2,3,0 L=1249,1250,1,0,-1 B=1235,1236,1,0,-16
mv D code=0 aligned=1 homed=- ms=119.0 U=3135,3133,-2,2,1 R=1091,1090,-1,0,-1 F=674,673,-1,3,-8 D=440,3501,-11,2,-2 L=1249,1250,1,0,-1 B=1235,1236,1,0,-16
mv D code=0 aligned=1 homed=- ms=119.0 U=3135,3133,-2,2,1 R=1091,1091,0,0,0 F=674,673,-1,3,-8 D=3501,2481,4,1,0 L=1249,1250,1,0,-1 B=1235,1236,1,0,-16
mv D code=0 aligned=1 homed=- ms=119.0 U=3135,3133,-2,2,1 R=1091,1090,-1,0,-1 F=674,673,-1,3,-8 D=2481,1461,4,0,0 L=1249,1250,1,0,-1 B=1236,1236,0,0,-16
mv D code=0 aligned=1 homed=- ms=119.0 U=3135,3134,-1,2,2 R=1091,1091,0,0,0 F=674,674,0,3,-7 D=1462,439,1,3,0 L=1250,1250,0,0,-1 B=1236,1235,-1,0,-17
mv D code=0 aligned=1 homed=- ms=119.0 U=3135,3133,-2,2,1 R=1091,1090,-1,0,-1 F=674,673,-1,3,-8 D=439,3501,-10,2,-2 L=1249,1250,1,0,-1 B=1235,1235,0,0,-17
mv D code=0 aligned=1 homed=- ms=119.0 U=3135,3133,-2,2,1 R=1091,1090,-1,0,-1 F=674,674,0,3,-7 D=3501,2481,4,1,0 L=1249,1250,1,0,-1 B=1236,1236,0,0,-16
mv D code=0 aligned=1 homed=- ms=119.0 U=3135,3133,-2,2,1 R=1091,1090,-1,0,-1 F=674,673,-1,3,-8 D=2481,1461,4,0,0 L=1249,1249,0,0,-2 B=1236,1236,0,0,-16
mv D code=0 aligned=1 homed=- ms=119.0 U=3135,3133,-2,2,1 R=1091,1090,-1,0,-1 F=674,673,-1,3,-8 D=1461,439,2,3,0 L=1249,1250,1,0,-1 B=1236,1236,0,0,-16
mv D code=0 aligned=1 homed=- ms=119.0 U=3135,3133,-2,2,1 R=1091,1091,0,0,0 F=674,673,-1,3,-8 D=439,3501,-10,2,-2 L=1250,1250,0,0,-1 B=1236,1235,-1,0,-17
mv D code=0 aligned=1 homed=- ms=119.0 U=3135,3133,-2,2,1 R=1091,1090,-1,0,-1 F=674,673,-1,3,-8 D=3501,2481,4,1,0 L=1249,1249,0,0,-2 B=1236,1236,0,0,-16
mv D code=0 aligned=1 homed=- ms=119.0 U=3135,3133,-2,2,1 R=1091,1090,-1,0,-1 F=674,674,0,3,-7 D=2481,1461,4,0,0 L=1249,1250,1,0,-1 B=1236,1236,0,0,-16
mv D code=0 aligned=1 homed=- ms=119.0 U=3135,3133,-2,2,1 R=1091,1090,-1,0,-1 F=674,673,-1,3,-8 D=1462,439,1,3,0 L=1250,1250,0,0,-1 B=1236,1236,0,0,-16
mv D code=0 aligned=1 homed=- ms=119.0 U=3135,3133,-2,2,1 R=1091,1090,-1,0,-1 F=674,674,0,3,-7 D=439,3501,-10,2,-2 L=1249,1250,1,0,-1 B=1235,1236,1,0,-16
mv D code=0 aligned=1 homed=- ms=119.0 U=3136,3133,-3,2,1 R=1091,1090,-1,0,-1 F=674,673,-1,3,-8 D=3501,2481,4,1,0 L=1249,1250,1,0,-1 B=1236,1236,0,0,-16
mv D code=0 aligned=1 homed=- ms=119.0 U=3135,3133,-2,2,1 R=1091,1091,0,0,0 F=674,673,-1,3,-8 D=2481,1461,4,0,0 L=1249,1250,1,0,-1 B=1235,1236,1,0,-16
mv D code=0 aligned=1 homed=- ms=119.0 U=3135,3133,-2,2,1 R=1091,1090,-1,0,-1 F=674,674,0,3,-7 D=1461,439,2,3,0 L=1249,1250,1,0,-1 B=1236,1235,-1,0,-17
mv D code=0 aligned=1 homed=- ms=119.0 U=3135,3133,-2,2,1 R=1091,1090,-1,0,-1 F=674,673,-1,3,-8 D=439,3501,-10,2,-2 L=1249,1250,1,0,-1 B=1236,1236,0,0,-16
rep moves=200 notaligned=0 homings=0 failures=0 avgms=119.0
res U=- R=- F=- D=200,-0.2,6.0,11 L=- B=-
ok
> home
[align] motor 0 err=3 counts (0.3 steps)
[align] motor 1 err=0 counts (0.0 steps)
[align] motor 2 err=-7 counts (-0.7 steps)
[align] motor 3 err=0 counts (0.0 steps)
[align] motor 4 err=-3 counts (-0.3 steps)
[align] motor 5 err=-18 counts (-1.8 steps)
home code=0 ms=5 en=0
enc U=3134 R=1090 F=673 D=3499 L=1250 B=1235 RING=2768
near U=2:2 R=0:-1 F=3:-8 D=2:-4 L=0:-1 B=0:-17
ok
> enc
enc U=3135 R=1091 F=674 D=3499 L=1249 B=1236 RING=2768
near U=2:3 R=0:0 F=3:-7 D=2:-4 L=0:-2 B=0:-16
ok
> rep 50 D' D' D' D'
mv D' code=0 aligned=1 homed=- ms=119.0 U=3135,3133,-2,2,1 R=1091,1090,-1,0,-1 F=674,673,-1,3,-8 D=3500,439,11,3,0 L=1249,1250,1,0,-1 B=1236,1236,0,0,-16
mv D' code=0 aligned=1 homed=- ms=119.0 U=3135,3133,-2,2,1 R=1091,1090,-1,0,-1 F=674,674,0,3,-7 D=439,1461,-2,0,0 L=1249,1250,1,0,-1 B=1235,1236,1,0,-16
mv D' code=0 aligned=1 homed=- ms=119.0 U=3135,3133,-2,2,1 R=1091,1090,-1,0,-1 F=674,673,-1,3,-8 D=1461,2481,-4,1,0 L=1249,1250,1,0,-1 B=1235,1236,1,0,-16
mv D' code=0 aligned=1 homed=- ms=119.0 U=3135,3133,-2,2,1 R=1091,1090,-1,0,-1 F=674,673,-1,3,-8 D=2481,3500,-5,2,-3 L=1249,1250,1,0,-1 B=1236,1236,0,0,-16
mv D' code=0 aligned=1 homed=- ms=119.0 U=3135,3133,-2,2,1 R=1091,1090,-1,0,-1 F=674,674,0,3,-7 D=3501,439,10,3,0 L=1249,1250,1,0,-1 B=1236,1235,-1,0,-17
mv D' code=0 aligned=1 homed=- ms=119.0 U=3135,3133,-2,2,1 R=1091,1090,-1,0,-1 F=674,673,-1,3,-8 D=439,1461,-2,0,0 L=1250,1250,0,0,-1 B=1236,1236,0,0,-16
mv D' code=0 aligned=1 homed=- ms=119.0 U=3136,3133,-3,2,1 R=1091,1090,-1,0,-1 F=674,674,0,3,-7 D=1461,2481,-4,1,0 L=1249,1250,1,0,-1 B=1236,1236,0,0,-16
mv D' code=0 aligned=1 homed=- ms=119.0 U=3135,3133,-2,2,1 R=1091,1090,-1,0,-1 F=674,674,0,3,-7 D=2481,3501,-4,2,-2 L=1249,1249,0,0,-2 B=1235,1236,1,0,-16
mv D' code=0 aligned=1 homed=- ms=119.0 U=3135,3133,-2,2,1 R=1091,1090,-1,0,-1 F=674,673,-1,3,-8 D=3501,439,10,3,0 L=1249,1250,1,0,-1 B=1235,1236,1,0,-16
mv D' code=0 aligned=1 homed=- ms=119.0 U=3135,3133,-2,2,1 R=1091,1090,-1,0,-1 F=674,673,-1,3,-8 D=439,1461,-2,0,0 L=1249,1250,1,0,-1 B=1236,1236,0,0,-16
mv D' code=0 aligned=1 homed=- ms=119.0 U=3136,3133,-3,2,1 R=1091,1090,-1,0,-1 F=674,674,0,3,-7 D=1461,2481,-4,1,0 L=1249,1250,1,0,-1 B=1236,1236,0,0,-16
mv D' code=0 aligned=1 homed=- ms=119.0 U=3135,3133,-2,2,1 R=1091,1090,-1,0,-1 F=674,673,-1,3,-8 D=2481,3501,-4,2,-2 L=1249,1250,1,0,-1 B=1236,1236,0,0,-16
mv D' code=0 aligned=1 homed=- ms=119.0 U=3135,3133,-2,2,1 R=1091,1090,-1,0,-1 F=674,674,0,3,-7 D=3501,439,10,3,0 L=1249,1249,0,0,-2 B=1236,1235,-1,0,-17
mv D' code=0 aligned=1 homed=- ms=119.0 U=3136,3133,-3,2,1 R=1091,1091,0,0,0 F=674,673,-1,3,-8 D=439,1461,-2,0,0 L=1249,1250,1,0,-1 B=1235,1236,1,0,-16
mv D' code=0 aligned=1 homed=- ms=119.0 U=3135,3133,-2,2,1 R=1091,1090,-1,0,-1 F=674,674,0,3,-7 D=1461,2481,-4,1,0 L=1249,1249,0,0,-2 B=1236,1235,-1,0,-17
mv D' code=0 aligned=1 homed=- ms=119.0 U=3135,3133,-2,2,1 R=1091,1090,-1,0,-1 F=674,673,-1,3,-8 D=2480,3501,-3,2,-2 L=1249,1250,1,0,-1 B=1236,1236,0,0,-16
mv D' code=0 aligned=1 homed=- ms=119.0 U=3135,3133,-2,2,1 R=1091,1090,-1,0,-1 F=674,673,-1,3,-8 D=3501,439,10,3,0 L=1249,1249,0,0,-2 B=1236,1236,0,0,-16
mv D' code=0 aligned=1 homed=- ms=119.0 U=3135,3133,-2,2,1 R=1091,1090,-1,0,-1 F=674,673,-1,3,-8 D=439,1461,-2,0,0 L=1249,1250,1,0,-1 B=1236,1236,0,0,-16
mv D' code=0 aligned=1 homed=- ms=119.0 U=3135,3134,-1,2,2 R=1091,1090,-1,0,-1 F=674,674,0,3,-7 D=1461,2481,-4,1,0 L=1249,1250,1,0,-1 B=1235,1236,1,0,-16
mv D' code=0 aligned=1 homed=- ms=119.0 U=3135,3133,-2,2,1 R=1091,1090,-1,0,-1 F=674,673,-1,3,-8 D=2481,3501,-4,2,-2 L=1249,1250,1,0,-1 B=1236,1236,0,0,-16
mv D' code=0 aligned=1 homed=- ms=119.0 U=3135,3133,-2,2,1 R=1091,1090,-1,0,-1 F=674,673,-1,3,-8 D=3501,439,10,3,0 L=1249,1249,0,0,-2 B=1236,1236,0,0,-16
mv D' code=0 aligned=1 homed=- ms=119.0 U=3135,3133,-2,2,1 R=1091,1090,-1,0,-1 F=674,674,0,3,-7 D=439,1461,-2,0,0 L=1249,1250,1,0,-1 B=1235,1236,1,0,-16
mv D' code=0 aligned=1 homed=- ms=119.0 U=3135,3133,-2,2,1 R=1091,1091,0,0,0 F=674,674,0,3,-7 D=1461,2481,-4,1,0 L=1249,1250,1,0,-1 B=1235,1236,1,0,-16
mv D' code=0 aligned=1 homed=- ms=119.0 U=3135,3133,-2,2,1 R=1091,1091,0,0,0 F=674,674,0,3,-7 D=2481,3501,-4,2,-2 L=1249,1250,1,0,-1 B=1236,1236,0,0,-16
mv D' code=0 aligned=1 homed=- ms=119.0 U=3135,3133,-2,2,1 R=1091,1090,-1,0,-1 F=674,673,-1,3,-8 D=3501,439,10,3,0 L=1249,1250,1,0,-1 B=1235,1236,1,0,-16
mv D' code=0 aligned=1 homed=- ms=119.0 U=3135,3133,-2,2,1 R=1091,1090,-1,0,-1 F=674,673,-1,3,-8 D=439,1461,-2,0,0 L=1249,1250,1,0,-1 B=1236,1236,0,0,-16
mv D' code=0 aligned=1 homed=- ms=119.0 U=3135,3133,-2,2,1 R=1091,1090,-1,0,-1 F=674,673,-1,3,-8 D=1461,2481,-4,1,0 L=1249,1250,1,0,-1 B=1236,1236,0,0,-16
mv D' code=0 aligned=1 homed=- ms=119.0 U=3135,3133,-2,2,1 R=1091,1090,-1,0,-1 F=674,674,0,3,-7 D=2481,3501,-4,2,-2 L=1249,1250,1,0,-1 B=1235,1236,1,0,-16
mv D' code=0 aligned=1 homed=- ms=119.0 U=3135,3133,-2,2,1 R=1091,1090,-1,0,-1 F=674,673,-1,3,-8 D=3501,439,10,3,0 L=1249,1250,1,0,-1 B=1236,1236,0,0,-16
mv D' code=0 aligned=1 homed=- ms=119.0 U=3135,3133,-2,2,1 R=1091,1090,-1,0,-1 F=674,673,-1,3,-8 D=439,1461,-2,0,0 L=1249,1250,1,0,-1 B=1235,1236,1,0,-16
mv D' code=0 aligned=1 homed=- ms=119.0 U=3136,3133,-3,2,1 R=1091,1090,-1,0,-1 F=674,673,-1,3,-8 D=1461,2481,-4,1,0 L=1249,1250,1,0,-1 B=1236,1236,0,0,-16
mv D' code=0 aligned=1 homed=- ms=119.0 U=3135,3133,-2,2,1 R=1091,1090,-1,0,-1 F=674,673,-1,3,-8 D=2481,3501,-4,2,-2 L=1249,1250,1,0,-1 B=1236,1236,0,0,-16
mv D' code=0 aligned=1 homed=- ms=119.0 U=3135,3133,-2,2,1 R=1091,1090,-1,0,-1 F=674,674,0,3,-7 D=3501,439,10,3,0 L=1249,1250,1,0,-1 B=1235,1236,1,0,-16
mv D' code=0 aligned=1 homed=- ms=119.0 U=3136,3133,-3,2,1 R=1091,1090,-1,0,-1 F=674,673,-1,3,-8 D=439,1461,-2,0,0 L=1249,1250,1,0,-1 B=1236,1236,0,0,-16
mv D' code=0 aligned=1 homed=- ms=119.0 U=3135,3133,-2,2,1 R=1091,1091,0,0,0 F=674,673,-1,3,-8 D=1461,2481,-4,1,0 L=1250,1249,-1,0,-2 B=1236,1236,0,0,-16
mv D' code=0 aligned=1 homed=- ms=119.0 U=3135,3133,-2,2,1 R=1091,1090,-1,0,-1 F=674,673,-1,3,-8 D=2481,3501,-4,2,-2 L=1249,1249,0,0,-2 B=1235,1236,1,0,-16
mv D' code=0 aligned=1 homed=- ms=119.0 U=3135,3133,-2,2,1 R=1091,1090,-1,0,-1 F=674,674,0,3,-7 D=3501,439,10,3,0 L=1249,1250,1,0,-1 B=1236,1236,0,0,-16
mv D' code=0 aligned=1 homed=- ms=119.0 U=3135,3133,-2,2,1 R=1091,1090,-1,0,-1 F=674,673,-1,3,-8 D=439,1461,-2,0,0 L=1249,1250,1,0,-1 B=1236,1236,0,0,-16
mv D' code=0 aligned=1 homed=- ms=119.0 U=3135,3133,-2,2,1 R=1091,1090,-1,0,-1 F=674,673,-1,3,-8 D=1461,2481,-4,1,0 L=1250,1250,0,0,-1 B=1236,1236,0,0,-16
mv D' code=0 aligned=1 homed=- ms=119.0 U=3135,3133,-2,2,1 R=1091,1090,-1,0,-1 F=674,673,-1,3,-8 D=2481,3501,-4,2,-2 L=1249,1250,1,0,-1 B=1235,1236,1,0,-16
mv D' code=0 aligned=1 homed=- ms=119.0 U=3135,3133,-2,2,1 R=1091,1090,-1,0,-1 F=674,674,0,3,-7 D=3501,439,10,3,0 L=1249,1250,1,0,-1 B=1235,1235,0,0,-17
mv D' code=0 aligned=1 homed=- ms=119.0 U=3135,3133,-2,2,1 R=1091,1090,-1,0,-1 F=674,673,-1,3,-8 D=439,1461,-2,0,0 L=1249,1249,0,0,-2 B=1235,1236,1,0,-16
mv D' code=0 aligned=1 homed=- ms=119.0 U=3135,3133,-2,2,1 R=1091,1090,-1,0,-1 F=674,674,0,3,-7 D=1461,2481,-4,1,0 L=1249,1250,1,0,-1 B=1236,1236,0,0,-16
mv D' code=0 aligned=1 homed=- ms=119.0 U=3135,3133,-2,2,1 R=1091,1090,-1,0,-1 F=674,673,-1,3,-8 D=2481,3501,-4,2,-2 L=1250,1250,0,0,-1 B=1236,1235,-1,0,-17
mv D' code=0 aligned=1 homed=- ms=119.0 U=3136,3133,-3,2,1 R=1091,1090,-1,0,-1 F=674,673,-1,3,-8 D=3501,439,10,3,0 L=1249,1250,1,0,-1 B=1235,1236,1,0,-16
mv D' code=0 aligned=1 homed=- ms=119.0 U=3135,3133,-2,2,1 R=1091,1090,-1,0,-1 F=674,673,-1,3,-8 D=439,1461,-2,0,0 L=1249,1249,0,0,-2 B=1235,1236,1,0,-16
mv D' code=0 aligned=1 homed=- ms=119.0 U=3135,3133,-2,2,1 R=1091,1090,-1,0,-1 F=674,673,-1,3,-8 D=1461,2481,-4,1,0 L=1249,1250,1,0,-1 B=1236,1236,0,0,-16
mv D' code=0 aligned=1 homed=- ms=119.0 U=3135,3133,-2,2,1 R=1091,1090,-1,0,-1 F=674,673,-1,3,-8 D=2481,3501,-4,2,-2 L=1249,1249,0,0,-2 B=1236,1236,0,0,-16
mv D' code=0 aligned=1 homed=- ms=119.0 U=3135,3133,-2,2,1 R=1091,1090,-1,0,-1 F=674,673,-1,3,-8 D=3501,439,10,3,0 L=1249,1250,1,0,-1 B=1235,1236,1,0,-16
mv D' code=0 aligned=1 homed=- ms=119.0 U=3135,3133,-2,2,1 R=1091,1090,-1,0,-1 F=674,674,0,3,-7 D=439,1461,-2,0,0 L=1249,1250,1,0,-1 B=1235,1236,1,0,-16
mv D' code=0 aligned=1 homed=- ms=119.0 U=3135,3133,-2,2,1 R=1091,1090,-1,0,-1 F=674,673,-1,3,-8 D=1461,2481,-4,1,0 L=1249,1250,1,0,-1 B=1236,1236,0,0,-16
mv D' code=0 aligned=1 homed=- ms=119.0 U=3135,3133,-2,2,1 R=1091,1091,0,0,0 F=674,674,0,3,-7 D=2481,3501,-4,2,-2 L=1249,1250,1,0,-1 B=1236,1236,0,0,-16
mv D' code=0 aligned=1 homed=- ms=119.0 U=3136,3133,-3,2,1 R=1091,1090,-1,0,-1 F=674,673,-1,3,-8 D=3501,439,10,3,0 L=1249,1250,1,0,-1 B=1236,1236,0,0,-16
mv D' code=0 aligned=1 homed=- ms=119.0 U=3135,3133,-2,2,1 R=1091,1090,-1,0,-1 F=674,673,-1,3,-8 D=439,1461,-2,0,0 L=1249,1250,1,0,-1 B=1236,1235,-1,0,-17
mv D' code=0 aligned=1 homed=- ms=119.0 U=3135,3133,-2,2,1 R=1091,1090,-1,0,-1 F=674,673,-1,3,-8 D=1461,2481,-4,1,0 L=1249,1250,1,0,-1 B=1236,1236,0,0,-16
mv D' code=0 aligned=1 homed=- ms=119.0 U=3135,3133,-2,2,1 R=1091,1090,-1,0,-1 F=674,673,-1,3,-8 D=2481,3501,-4,2,-2 L=1249,1250,1,0,-1 B=1236,1236,0,0,-16
mv D' code=0 aligned=1 homed=- ms=119.0 U=3135,3133,-2,2,1 R=1091,1090,-1,0,-1 F=674,673,-1,3,-8 D=3501,439,10,3,0 L=1249,1250,1,0,-1 B=1235,1236,1,0,-16
mv D' code=0 aligned=1 homed=- ms=119.0 U=3135,3133,-2,2,1 R=1091,1090,-1,0,-1 F=674,673,-1,3,-8 D=439,1461,-2,0,0 L=1249,1250,1,0,-1 B=1235,1235,0,0,-17
mv D' code=0 aligned=1 homed=- ms=119.0 U=3135,3133,-2,2,1 R=1091,1090,-1,0,-1 F=674,673,-1,3,-8 D=1461,2481,-4,1,0 L=1249,1250,1,0,-1 B=1236,1235,-1,0,-17
mv D' code=0 aligned=1 homed=- ms=119.0 U=3135,3133,-2,2,1 R=1091,1090,-1,0,-1 F=674,673,-1,3,-8 D=2481,3501,-4,2,-2 L=1249,1249,0,0,-2 B=1235,1236,1,0,-16
mv D' code=0 aligned=1 homed=- ms=119.0 U=3135,3133,-2,2,1 R=1091,1090,-1,0,-1 F=674,674,0,3,-7 D=3501,439,10,3,0 L=1249,1249,0,0,-2 B=1235,1236,1,0,-16
mv D' code=0 aligned=1 homed=- ms=119.0 U=3135,3133,-2,2,1 R=1091,1090,-1,0,-1 F=674,674,0,3,-7 D=439,1461,-2,0,0 L=1249,1250,1,0,-1 B=1236,1236,0,0,-16
mv D' code=0 aligned=1 homed=- ms=119.0 U=3135,3133,-2,2,1 R=1091,1090,-1,0,-1 F=674,673,-1,3,-8 D=1461,2481,-4,1,0 L=1249,1250,1,0,-1 B=1236,1236,0,0,-16
mv D' code=0 aligned=1 homed=- ms=119.0 U=3135,3133,-2,2,1 R=1091,1090,-1,0,-1 F=674,673,-1,3,-8 D=2481,3501,-4,2,-2 L=1249,1250,1,0,-1 B=1236,1236,0,0,-16
mv D' code=0 aligned=1 homed=- ms=119.0 U=3135,3133,-2,2,1 R=1091,1090,-1,0,-1 F=674,673,-1,3,-8 D=3501,439,10,3,0 L=1249,1250,1,0,-1 B=1236,1236,0,0,-16
mv D' code=0 aligned=1 homed=- ms=119.0 U=3135,3133,-2,2,1 R=1091,1090,-1,0,-1 F=674,673,-1,3,-8 D=439,1461,-2,0,0 L=1249,1249,0,0,-2 B=1236,1236,0,0,-16
mv D' code=0 aligned=1 homed=- ms=119.0 U=3135,3133,-2,2,1 R=1091,1090,-1,0,-1 F=674,673,-1,3,-8 D=1461,2481,-4,1,0 L=1249,1250,1,0,-1 B=1236,1236,0,0,-16
mv D' code=0 aligned=1 homed=- ms=119.0 U=3135,3133,-2,2,1 R=1091,1090,-1,0,-1 F=674,673,-1,3,-8 D=2481,3501,-4,2,-2 L=1249,1250,1,0,-1 B=1236,1235,-1,0,-17
mv D' code=0 aligned=1 homed=- ms=119.0 U=3135,3133,-2,2,1 R=1091,1090,-1,0,-1 F=674,673,-1,3,-8 D=3501,439,10,3,0 L=1250,1249,-1,0,-2 B=1236,1236,0,0,-16
mv D' code=0 aligned=1 homed=- ms=119.0 U=3135,3133,-2,2,1 R=1091,1090,-1,0,-1 F=674,673,-1,3,-8 D=439,1461,-2,0,0 L=1249,1250,1,0,-1 B=1236,1236,0,0,-16
mv D' code=0 aligned=1 homed=- ms=119.0 U=3135,3133,-2,2,1 R=1091,1090,-1,0,-1 F=674,674,0,3,-7 D=1461,2481,-4,1,0 L=1249,1250,1,0,-1 B=1236,1236,0,0,-16
mv D' code=0 aligned=1 homed=- ms=119.0 U=3135,3133,-2,2,1 R=1091,1091,0,0,0 F=674,674,0,3,-7 D=2481,3501,-4,2,-2 L=1249,1249,0,0,-2 B=1236,1236,0,0,-16
mv D' code=0 aligned=1 homed=- ms=119.0 U=3135,3133,-2,2,1 R=1091,1090,-1,0,-1 F=674,674,0,3,-7 D=3501,439,10,3,0 L=1249,1250,1,0,-1 B=1236,1236,0,0,-16
mv D' code=0 aligned=1 homed=- ms=119.0 U=3136,3133,-3,2,1 R=1091,1090,-1,0,-1 F=674,674,0,3,-7 D=439,1461,-2,0,0 L=1249,1250,1,0,-1 B=1236,1236,0,0,-16
mv D' code=0 aligned=1 homed=- ms=119.0 U=3135,3133,-2,2,1 R=1091,1090,-1,0,-1 F=674,673,-1,3,-8 D=1462,2481,-5,1,0 L=1249,1250,1,0,-1 B=1236,1236,0,0,-16
mv D' code=0 aligned=1 homed=- ms=119.0 U=3135,3133,-2,2,1 R=1091,1090,-1,0,-1 F=674,673,-1,3,-8 D=2481,3501,-4,2,-2 L=1249,1250,1,0,-1 B=1235,1236,1,0,-16
mv D' code=0 aligned=1 homed=- ms=119.0 U=3136,3133,-3,2,1 R=1091,1090,-1,0,-1 F=674,673,-1,3,-8 D=3501,439,10,3,0 L=1250,1250,0,0,-1 B=1235,1236,1,0,-16
mv D' code=0 aligned=1 homed=- ms=119.0 U=3135,3133,-2,2,1 R=1091,1090,-1,0,-1 F=674,673,-1,3,-8 D=439,1461,-2,0,0 L=1250,1249,-1,0,-2 B=1235,1236,1,0,-16
mv D' code=0 aligned=1 homed=- ms=119.0 U=3135,3133,-2,2,1 R=1091,1090,-1,0,-1 F=674,673,-1,3,-8 D=1461,2481,-4,1,0 L=1249,1250,1,0,-1 B=1236,1236,0,0,-16
mv D' code=0 aligned=1 homed=- ms=119.0 U=3135,3133,-2,2,1 R=1091,1090,-1,0,-1 F=674,673,-1,3,-8 D=2481,3501,-4,2,-2 L=1249,1250,1,0,-1 B=1235,1236,1,0,-16
mv D' code=0 aligned=1 homed=- ms=119.0 U=3135,3133,-2,2,1 R=1091,1090,-1,0,-1 F=674,673,-1,3,-8 D=3501,439,10,3,0 L=1249,1249,0,0,-2 B=1236,1236,0,0,-16
mv D' code=0 aligned=1 homed=- ms=119.0 U=3135,3133,-2,2,1 R=1091,1091,0,0,0 F=674,673,-1,3,-8 D=439,1461,-2,0,0 L=1250,1249,-1,0,-2 B=1236,1236,0,0,-16
mv D' code=0 aligned=1 homed=- ms=119.0 U=3135,3133,-2,2,1 R=1091,1090,-1,0,-1 F=674,674,0,3,-7 D=1461,2481,-4,1,0 L=1249,1250,1,0,-1 B=1235,1236,1,0,-16
mv D' code=0 aligned=1 homed=- ms=119.0 U=3135,3134,-1,2,2 R=1091,1090,-1,0,-1 F=674,673,-1,3,-8 D=2481,3501,-4,2,-2 L=1249,1250,1,0,-1 B=1236,1236,0,0,-16
mv D' code=0 aligned=1 homed=- ms=119.0 U=3135,3133,-2,2,1 R=1091,1090,-1,0,-1 F=674,674,0,3,-7 D=3501,439,10,3,0 L=1249,1250,1,0,-1 B=1236,1236,0,0,-16
mv D' code=0 aligned=1 homed=- ms=119.0 U=3135,3133,-2,2,1 R=1091,1090,-1,0,-1 F=674,673,-1,3,-8 D=439,1461,-2,0,0 L=1249,1249,0,0,-2 B=1236,1235,-1,0,-17
mv D' code=0 aligned=1 homed=- ms=119.0 U=3135,3133,-2,2,1 R=1091,1090,-1,0,-1 F=674,674,0,3,-7 D=1461,2481,-4,1,0 L=1250,1250,0,0,-1 B=1235,1236,1,0,-16
mv D' code=0 aligned=1 homed=- ms=119.0 U=3135,3133,-2,2,1 R=1091,1090,-1,0,-1 F=674,673,-1,3,-8 D=2481,3501,-4,2,-2 L=1249,1249,0,0,-2 B=1235,1236,1,0,-16
mv D' code=0 aligned=1 homed=- ms=119.0 U=3135,3133,-2,2,1 R=1091,1090,-1,0,-1 F=674,674,0,3,-7 D=3501,439,10,3,0 L=1249,1250,1,0,-1 B=1236,1236,0,0,-16
mv D' code=0 aligned=1 homed=- ms=119.0 U=3135,3133,-2,2,1 R=1091,1090,-1,0,-1 F=674,673,-1,3,-8 D=439,1461,-2,0,0 L=1249,1250,1,0,-1 B=1235,1236,1,0,-16
mv D' code=0 aligned=1 homed=- ms=119.0 U=3135,3133,-2,2,1 R=1091,1090,-1,0,-1 F=674,673,-1,3,-8 D=1461,2480,-5,1,-1 L=1249,1250,1,0,-1 B=1236,1236,0,0,-16
mv D' code=0 aligned=1 homed=- ms=119.0 U=3135,3133,-2,2,1 R=1091,1091,0,0,0 F=674,673,-1,3,-8 D=2481,3501,-4,2,-2 L=1250,1249,-1,0,-2 B=1236,1235,-1,0,-17
mv D' code=0 aligned=1 homed=- ms=119.0 U=3135,3133,-2,2,1 R=1091,1090,-1,0,-1 F=674,674,0,3,-7 D=3501,439,10,3,0 L=1249,1250,1,0,-1 B=1236,1236,0,0,-16
mv D' code=0 aligned=1 homed=- ms=119.0 U=3135,3133,-2,2,1 R=1091,1090,-1,0,-1 F=674,674,0,3,-7 D=439,1461,-2,0,0 L=1249,1249,0,0,-2 B=1235,1236,1,0,-16
mv D' code=0 aligned=1 homed=- ms=119.0 U=3136,3133,-3,2,1 R=1091,1090,-1,0,-1 F=674,673,-1,3,-8 D=1461,2481,-4,1,0 L=1249,1250,1,0,-1 B=1236,1236,0,0,-16
mv D' code=0 aligned=1 homed=- ms=119.0 U=3135,3133,-2,2,1 R=1091,1090,-1,0,-1 F=674,673,-1,3,-8 D=2481,3501,-4,2,-2 L=1249,1250,1,0,-1 B=1235,1236,1,0,-16
mv D' code=0 aligned=1 homed=- ms=119.0 U=3135,3133,-2,2,1 R=1091,1090,-1,0,-1 F=674,673,-1,3,-8 D=3501,439,10,3,0 L=1249,1250,1,0,-1 B=1235,1236,1,0,-16
mv D' code=0 aligned=1 homed=- ms=119.0 U=3135,3133,-2,2,1 R=1091,1090,-1,0,-1 F=674,673,-1,3,-8 D=439,1461,-2,0,0 L=1249,1250,1,0,-1 B=1236,1236,0,0,-16
mv D' code=0 aligned=1 homed=- ms=119.0 U=3135,3133,-2,2,1 R=1091,1090,-1,0,-1 F=674,674,0,3,-7 D=1462,2481,-5,1,0 L=1249,1250,1,0,-1 B=1236,1236,0,0,-16
mv D' code=0 aligned=1 homed=- ms=119.0 U=3135,3133,-2,2,1 R=1091,1091,0,0,0 F=674,674,0,3,-7 D=2481,3500,-5,2,-3 L=1249,1250,1,0,-1 B=1235,1236,1,0,-16
mv D' code=0 aligned=1 homed=- ms=119.0 U=3135,3133,-2,2,1 R=1091,1090,-1,0,-1 F=674,674,0,3,-7 D=3501,439,10,3,0 L=1249,1250,1,0,-1 B=1235,1236,1,0,-16
mv D' code=0 aligned=1 homed=- ms=119.0 U=3136,3133,-3,2,1 R=1091,1090,-1,0,-1 F=674,673,-1,3,-8 D=439,1461,-2,0,0 L=1249,1249,0,0,-2 B=1236,1236,0,0,-16
mv D' code=0 aligned=1 homed=- ms=119.0 U=3135,3133,-2,2,1 R=1091,1090,-1,0,-1 F=674,674,0,3,-7 D=1461,2481,-4,1,0 L=1249,1249,0,0,-2 B=1236,1236,0,0,-16
mv D' code=0 aligned=1 homed=- ms=119.0 U=3135,3133,-2,2,1 R=1091,1090,-1,0,-1 F=674,673,-1,3,-8 D=2481,3501,-4,2,-2 L=1249,1250,1,0,-1 B=1236,1236,0,0,-16
mv D' code=0 aligned=1 homed=- ms=119.0 U=3136,3133,-3,2,1 R=1091,1091,0,0,0 F=674,673,-1,3,-8 D=3501,439,10,3,0 L=1250,1250,0,0,-1 B=1236,1236,0,0,-16
mv D' code=0 aligned=1 homed=- ms=119.0 U=3135,3133,-2,2,1 R=1091,1090,-1,0,-1 F=674,673,-1,3,-8 D=439,1461,-2,0,0 L=1249,1249,0,0,-2 B=1236,1236,0,0,-16
mv D' code=0 aligned=1 homed=- ms=119.0 U=3135,3133,-2,2,1 R=1091,1090,-1,0,-1 F=674,673,-1,3,-8 D=1461,2481,-4,1,0 L=1249,1250,1,0,-1 B=1236,1236,0,0,-16
mv D' code=0 aligned=1 homed=- ms=119.0 U=3135,3133,-2,2,1 R=1091,1090,-1,0,-1 F=674,674,0,3,-7 D=2481,3501,-4,2,-2 L=1249,1250,1,0,-1 B=1236,1236,0,0,-16
mv D' code=0 aligned=1 homed=- ms=119.0 U=3135,3133,-2,2,1 R=1091,1090,-1,0,-1 F=674,673,-1,3,-8 D=3501,439,10,3,0 L=1249,1250,1,0,-1 B=1235,1235,0,0,-17
mv D' code=0 aligned=1 homed=- ms=119.0 U=3135,3133,-2,2,1 R=1091,1090,-1,0,-1 F=674,674,0,3,-7 D=439,1461,-2,0,0 L=1250,1250,0,0,-1 B=1235,1235,0,0,-17
mv D' code=0 aligned=1 homed=- ms=119.0 U=3135,3133,-2,2,1 R=1091,1090,-1,0,-1 F=674,673,-1,3,-8 D=1461,2481,-4,1,0 L=1249,1250,1,0,-1 B=1236,1236,0,0,-16
mv D' code=0 aligned=1 homed=- ms=119.0 U=3135,3134,-1,2,2 R=1091,1090,-1,0,-1 F=674,673,-1,3,-8 D=2481,3501,-4,2,-2 L=1250,1250,0,0,-1 B=1236,1236,0,0,-16
mv D' code=0 aligned=1 homed=- ms=119.0 U=3135,3133,-2,2,1 R=1091,1090,-1,0,-1 F=674,673,-1,3,-8 D=3501,439,10,3,0 L=1249,1250,1,0,-1 B=1235,1236,1,0,-16
mv D' code=0 aligned=1 homed=- ms=119.0 U=3135,3133,-2,2,1 R=1091,1090,-1,0,-1 F=674,673,-1,3,-8 D=439,1461,-2,0,0 L=1249,1250,1,0,-1 B=1236,1236,0,0,-16
mv D' code=0 aligned=1 homed=- ms=119.0 U=3136,3133,-3,2,1 R=1091,1090,-1,0,-1 F=674,674,0,3,-7 D=1461,2481,-4,1,0 L=1249,1250,1,0,-1 B=1235,1236,1,0,-16
mv D' code=0 aligned=1 homed=- ms=119.0 U=3136,3133,-3,2,1 R=1091,1090,-1,0,-1 F=674,673,-1,3,-8 D=2481,3501,-4,2,-2 L=1250,1250,0,0,-1 B=1235,1236,1,0,-16
mv D' code=0 aligned=1 homed=- ms=119.0 U=3135,3133,-2,2,1 R=1091,1090,-1,0,-1 F=674,673,-1,3,-8 D=3501,439,10,3,0 L=1250,1250,0,0,-1 B=1235,1235,0,0,-17
mv D' code=0 aligned=1 homed=- ms=119.0 U=3135,3133,-2,2,1 R=1091,1090,-1,0,-1 F=674,673,-1,3,-8 D=439,1461,-2,0,0 L=1249,1249,0,0,-2 B=1236,1236,0,0,-16
mv D' code=0 aligned=1 homed=- ms=119.0 U=3136,3133,-3,2,1 R=1091,1090,-1,0,-1 F=674,673,-1,3,-8 D=1461,2481,-4,1,0 L=1250,1250,0,0,-1 B=1235,1236,1,0,-16
mv D' code=0 aligned=1 homed=- ms=119.0 U=3135,3133,-2,2,1 R=1091,1090,-1,0,-1 F=674,673,-1,3,-8 D=2481,3501,-4,2,-2 L=1250,1250,0,0,-1 B=1236,1236,0,0,-16
mv D' code=0 aligned=1 homed=- ms=119.0 U=3135,3133,-2,2,1 R=1091,1090,-1,0,-1 F=674,674,0,3,-7 D=3501,439,10,3,0 L=1249,1249,0,0,-2 B=1235,1236,1,0,-16
mv D' code=0 aligned=1 homed=- ms=119.0 U=3135,3133,-2,2,1 R=1091,1090,-1,0,-1 F=674,673,-1,3,-8 D=439,1461,-2,0,0 L=1249,1249,0,0,-2 B=1236,1236,0,0,-16
mv D' code=0 aligned=1 homed=- ms=119.0 U=3135,3133,-2,2,1 R=1091,1090,-1,0,-1 F=674,673,-1,3,-8 D=1461,2481,-4,1,0 L=1249,1250,1,0,-1 B=1236,1236,0,0,-16
mv D' code=0 aligned=1 homed=- ms=119.0 U=3135,3133,-2,2,1 R=1091,1090,-1,0,-1 F=674,674,0,3,-7 D=2481,3501,-4,2,-2 L=1250,1250,0,0,-1 B=1235,1236,1,0,-16
mv D' code=0 aligned=1 homed=- ms=119.0 U=3135,3133,-2,2,1 R=1091,1090,-1,0,-1 F=674,674,0,3,-7 D=3501,439,10,3,0 L=1249,1250,1,0,-1 B=1235,1236,1,0,-16
mv D' code=0 aligned=1 homed=- ms=119.0 U=3136,3133,-3,2,1 R=1091,1090,-1,0,-1 F=674,673,-1,3,-8 D=439,1461,-2,0,0 L=1249,1250,1,0,-1 B=1235,1236,1,0,-16
mv D' code=0 aligned=1 homed=- ms=119.0 U=3135,3134,-1,2,2 R=1091,1090,-1,0,-1 F=674,674,0,3,-7 D=1461,2481,-4,1,0 L=1249,1250,1,0,-1 B=1235,1236,1,0,-16
mv D' code=0 aligned=1 homed=- ms=119.0 U=3136,3133,-3,2,1 R=1091,1090,-1,0,-1 F=674,674,0,3,-7 D=2481,3501,-4,2,-2 L=1249,1250,1,0,-1 B=1235,1236,1,0,-16
mv D' code=0 aligned=1 homed=- ms=119.0 U=3135,3133,-2,2,1 R=1091,1090,-1,0,-1 F=674,673,-1,3,-8 D=3501,439,10,3,0 L=1249,1250,1,0,-1 B=1236,1236,0,0,-16
mv D' code=0 aligned=1 homed=- ms=119.0 U=3135,3133,-2,2,1 R=1091,1090,-1,0,-1 F=674,673,-1,3,-8 D=439,1461,-2,0,0 L=1249,1249,0,0,-2 B=1235,1236,1,0,-16
mv D' code=0 aligned=1 homed=- ms=119.0 U=3135,3133,-2,2,1 R=1091,1091,0,0,0 F=674,673,-1,3,-8 D=1461,2481,-4,1,0 L=1249,1250,1,0,-1 B=1236,1236,0,0,-16
mv D' code=0 aligned=1 homed=- ms=119.0 U=3135,3133,-2,2,1 R=1091,1090,-1,0,-1 F=674,674,0,3,-7 D=2481,3501,-4,2,-2 L=1250,1250,0,0,-1 B=1236,1235,-1,0,-17
mv D' code=0 aligned=1 homed=- ms=119.0 U=3135,3133,-2,2,1 R=1091,1090,-1,0,-1 F=674,673,-1,3,-8 D=3501,439,10,3,0 L=1249,1250,1,0,-1 B=1236,1236,0,0,-16
mv D' code=0 aligned=1 homed=- ms=119.0 U=3135,3133,-2,2,1 R=1091,1090,-1,0,-1 F=674,674,0,3,-7 D=439,1461,-2,0,0 L=1249,1250,1,0,-1 B=1235,1236,1,0,-16
mv D' code=0 aligned=1 homed=- ms=119.0 U=3135,3133,-2,2,1 R=1091,1090,-1,0,-1 F=674,673,-1,3,-8 D=1461,2481,-4,1,0 L=1249,1250,1,0,-1 B=1236,1236,0,0,-16
mv D' code=0 aligned=1 homed=- ms=119.0 U=3135,3133,-2,2,1 R=1091,1091,0,0,0 F=674,673,-1,3,-8 D=2481,3501,-4,2,-2 L=1249,1250,1,0,-1 B=1236,1236,0,0,-16
mv D' code=0 aligned=1 homed=- ms=119.0 U=3135,3133,-2,2,1 R=1091,1090,-1,0,-1 F=674,674,0,3,-7 D=3501,439,10,3,0 L=1249,1249,0,0,-2 B=1236,1236,0,0,-16
mv D' code=0 aligned=1 homed=- ms=119.0 U=3135,3133,-2,2,1 R=1091,1090,-1,0,-1 F=674,674,0,3,-7 D=439,1461,-2,0,0 L=1249,1250,1,0,-1 B=1236,1236,0,0,-16
mv D' code=0 aligned=1 homed=- ms=119.0 U=3135,3133,-2,2,1 R=1091,1090,-1,0,-1 F=674,674,0,3,-7 D=1461,2481,-4,1,0 L=1249,1250,1,0,-1 B=1235,1236,1,0,-16
mv D' code=0 aligned=1 homed=- ms=119.0 U=3135,3133,-2,2,1 R=1091,1090,-1,0,-1 F=674,673,-1,3,-8 D=2481,3501,-4,2,-2 L=1249,1250,1,0,-1 B=1236,1236,0,0,-16
mv D' code=0 aligned=1 homed=- ms=119.0 U=3135,3133,-2,2,1 R=1091,1090,-1,0,-1 F=674,673,-1,3,-8 D=3501,439,10,3,0 L=1249,1249,0,0,-2 B=1235,1236,1,0,-16
mv D' code=0 aligned=1 homed=- ms=119.0 U=3136,3133,-3,2,1 R=1091,1090,-1,0,-1 F=674,673,-1,3,-8 D=439,1461,-2,0,0 L=1249,1250,1,0,-1 B=1235,1236,1,0,-16
mv D' code=0 aligned=1 homed=- ms=119.0 U=3136,3133,-3,2,1 R=1091,1090,-1,0,-1 F=674,673,-1,3,-8 D=1461,2481,-4,1,0 L=1249,1250,1,0,-1 B=1235,1236,1,0,-16
mv D' code=0 aligned=1 homed=- ms=119.0 U=3135,3133,-2,2,1 R=1091,1090,-1,0,-1 F=674,673,-1,3,-8 D=2481,3501,-4,2,-2 L=1249,1250,1,0,-1 B=1235,1236,1,0,-16
mv D' code=0 aligned=1 homed=- ms=119.0 U=3135,3133,-2,2,1 R=1091,1090,-1,0,-1 F=674,674,0,3,-7 D=3501,439,10,3,0 L=1249,1250,1,0,-1 B=1235,1236,1,0,-16
mv D' code=0 aligned=1 homed=- ms=119.0 U=3135,3133,-2,2,1 R=1091,1091,0,0,0 F=674,674,0,3,-7 D=439,1461,-2,0,0 L=1249,1250,1,0,-1 B=1236,1235,-1,0,-17
mv D' code=0 aligned=1 homed=- ms=119.0 U=3136,3133,-3,2,1 R=1091,1090,-1,0,-1 F=674,673,-1,3,-8 D=1461,2481,-4,1,0 L=1249,1250,1,0,-1 B=1235,1235,0,0,-17
mv D' code=0 aligned=1 homed=- ms=119.0 U=3135,3133,-2,2,1 R=1091,1090,-1,0,-1 F=674,673,-1,3,-8 D=2481,3501,-4,2,-2 L=1249,1250,1,0,-1 B=1235,1236,1,0,-16
mv D' code=0 aligned=1 homed=- ms=119.0 U=3135,3133,-2,2,1 R=1091,1090,-1,0,-1 F=674,673,-1,3,-8 D=3501,439,10,3,0 L=1249,1250,1,0,-1 B=1236,1236,0,0,-16
mv D' code=0 aligned=1 homed=- ms=119.0 U=3135,3133,-2,2,1 R=1091,1090,-1,0,-1 F=674,673,-1,3,-8 D=439,1461,-2,0,0 L=1249,1250,1,0,-1 B=1235,1236,1,0,-16
mv D' code=0 aligned=1 homed=- ms=119.0 U=3135,3133,-2,2,1 R=1091,1090,-1,0,-1 F=674,674,0,3,-7 D=1461,2481,-4,1,0 L=1249,1250,1,0,-1 B=1236,1235,-1,0,-17
mv D' code=0 aligned=1 homed=- ms=119.0 U=3135,3133,-2,2,1 R=1091,1090,-1,0,-1 F=674,674,0,3,-7 D=2481,3501,-4,2,-2 L=1249,1250,1,0,-1 B=1235,1236,1,0,-16
mv D' code=0 aligned=1 homed=- ms=119.0 U=3135,3133,-2,2,1 R=1091,1091,0,0,0 F=674,674,0,3,-7 D=3501,439,10,3,0 L=1249,1250,1,0,-1 B=1236,1236,0,0,-16
mv D' code=0 aligned=1 homed=- ms=119.0 U=3135,3133,-2,2,1 R=1091,1090,-1,0,-1 F=674,673,-1,3,-8 D=439,1461,-2,0,0 L=1249,1250,1,0,-1 B=1235,1236,1,0,-16
mv D' code=0 aligned=1 homed=- ms=119.0 U=3135,3133,-2,2,1 R=1091,1090,-1,0,-1 F=674,673,-1,3,-8 D=1461,2481,-4,1,0 L=1249,1250,1,0,-1 B=1236,1236,0,0,-16
mv D' code=0 aligned=1 homed=- ms=119.0 U=3135,3133,-2,2,1 R=1091,1091,0,0,0 F=674,673,-1,3,-8 D=2481,3501,-4,2,-2 L=1249,1250,1,0,-1 B=1236,1236,0,0,-16
mv D' code=0 aligned=1 homed=- ms=119.0 U=3136,3133,-3,2,1 R=1091,1090,-1,0,-1 F=674,673,-1,3,-8 D=3501,439,10,3,0 L=1249,1249,0,0,-2 B=1235,1236,1,0,-16
mv D' code=0 aligned=1 homed=- ms=119.0 U=3135,3133,-2,2,1 R=1091,1090,-1,0,-1 F=674,673,-1,3,-8 D=439,1461,-2,0,0 L=1249,1250,1,0,-1 B=1236,1236,0,0,-16
mv D' code=0 aligned=1 homed=- ms=119.0 U=3135,3133,-2,2,1 R=1091,1090,-1,0,-1 F=674,673,-1,3,-8 D=1461,2481,-4,1,0 L=1249,1250,1,0,-1 B=1235,1236,1,0,-16
mv D' code=0 aligned=1 homed=- ms=119.0 U=3135,3133,-2,2,1 R=1091,1091,0,0,0 F=674,673,-1,3,-8 D=2481,3501,-4,2,-2 L=1249,1250,1,0,-1 B=1236,1236,0,0,-16
mv D' code=0 aligned=1 homed=- ms=119.0 U=3135,3133,-2,2,1 R=1091,1090,-1,0,-1 F=674,674,0,3,-7 D=3501,439,10,3,0 L=1249,1249,0,0,-2 B=1235,1236,1,0,-16
mv D' code=0 aligned=1 homed=- ms=119.0 U=3135,3133,-2,2,1 R=1091,1090,-1,0,-1 F=674,673,-1,3,-8 D=439,1461,-2,0,0 L=1249,1250,1,0,-1 B=1235,1236,1,0,-16
mv D' code=0 aligned=1 homed=- ms=119.0 U=3135,3133,-2,2,1 R=1091,1090,-1,0,-1 F=674,673,-1,3,-8 D=1461,2481,-4,1,0 L=1249,1250,1,0,-1 B=1236,1236,0,0,-16
mv D' code=0 aligned=1 homed=- ms=119.0 U=3135,3133,-2,2,1 R=1091,1090,-1,0,-1 F=674,674,0,3,-7 D=2481,3501,-4,2,-2 L=1249,1249,0,0,-2 B=1236,1236,0,0,-16
mv D' code=0 aligned=1 homed=- ms=119.0 U=3135,3133,-2,2,1 R=1091,1090,-1,0,-1 F=674,674,0,3,-7 D=3501,439,10,3,0 L=1249,1250,1,0,-1 B=1236,1236,0,0,-16
mv D' code=0 aligned=1 homed=- ms=119.0 U=3135,3133,-2,2,1 R=1091,1090,-1,0,-1 F=674,673,-1,3,-8 D=439,1461,-2,0,0 L=1249,1249,0,0,-2 B=1235,1235,0,0,-17
mv D' code=0 aligned=1 homed=- ms=119.0 U=3135,3133,-2,2,1 R=1091,1091,0,0,0 F=674,673,-1,3,-8 D=1461,2481,-4,1,0 L=1250,1249,-1,0,-2 B=1236,1235,-1,0,-17
mv D' code=0 aligned=1 homed=- ms=119.0 U=3135,3133,-2,2,1 R=1091,1090,-1,0,-1 F=674,673,-1,3,-8 D=2481,3501,-4,2,-2 L=1249,1249,0,0,-2 B=1236,1236,0,0,-16
mv D' code=0 aligned=1 homed=- ms=119.0 U=3135,3133,-2,2,1 R=1091,1090,-1,0,-1 F=674,673,-1,3,-8 D=3501,439,10,3,0 L=1249,1249,0,0,-2 B=1235,1236,1,0,-16
mv D' code=0 aligned=1 homed=- ms=119.0 U=3135,3134,-1,2,2 R=1091,1091,0,0,0 F=674,673,-1,3,-8 D=439,1461,-2,0,0 L=1249,1250,1,0,-1 B=1236,1235,-1,0,-17
mv D' code=0 aligned=1 homed=- ms=119.0 U=3135,3133,-2,2,1 R=1091,1091,0,0,0 F=674,673,-1,3,-8 D=1461,2481,-4,1,0 L=1249,1249,0,0,-2 B=1236,1235,-1,0,-17
mv D' code=0 aligned=1 homed=- ms=119.0 U=3135,3133,-2,2,1 R=1091,1090,-1,0,-1 F=674,673,-1,3,-8 D=2481,3501,-4,2,-2 L=1249,1250,1,0,-1 B=1236,1235,-1,0,-17
mv D' code=0 aligned=1 homed=- ms=119.0 U=3135,3133,-2,2,1 R=1091,1091,0,0,0 F=674,674,0,3,-7 D=3501,439,10,3,0 L=1249,1249,0,0,-2 B=1235,1235,0,0,-17
mv D' code=0 aligned=1 homed=- ms=119.0 U=3135,3133,-2,2,1 R=1091,1090,-1,0,-1 F=674,673,-1,3,-8 D=439,1461,-2,0,0 L=1249,1250,1,0,-1 B=1235,1235,0,0,-17
mv D' code=0 aligned=1 homed=- ms=119.0 U=3135,3133,-2,2,1 R=1091,1090,-1,0,-1 F=674,673,-1,3,-8 D=1461,2481,-4,1,0 L=1249,1250,1,0,-1 B=1236,1236,0,0,-16
mv D' code=0 aligned=1 homed=- ms=119.0 U=3135,3133,-2,2,1 R=1091,1090,-1,0,-1 F=674,673,-1,3,-8 D=2481,3501,-4,2,-2 L=1249,1249,0,0,-2 B=1235,1236,1,0,-16
mv D' code=0 aligned=1 homed=- ms=119.0 U=3135,3133,-2,2,1 R=1091,1090,-1,0,-1 F=674,674,0,3,-7 D=3501,439,10,3,0 L=1249,1250,1,0,-1 B=1236,1236,0,0,-16
mv D' code=0 aligned=1 homed=- ms=119.0 U=3136,3133,-3,2,1 R=1091,1091,0,0,0 F=674,673,-1,3,-8 D=439,1461,-2,0,0 L=1249,1250,1,0,-1 B=1236,1236,0,0,-16
mv D' code=0 aligned=1 homed=- ms=119.0 U=3135,3133,-2,2,1 R=1091,1090,-1,0,-1 F=674,673,-1,3,-8 D=1461,2481,-4,1,0 L=1249,1250,1,0,-1 B=1236,1236,0,0,-16
mv D' code=0 aligned=1 homed=- ms=119.0 U=3135,3133,-2,2,1 R=1091,1090,-1,0,-1 F=674,673,-1,3,-8 D=2481,3501,-4,2,-2 L=1249,1250,1,0,-1 B=1236,1235,-1,0,-17
mv D' code=0 aligned=1 homed=- ms=119.0 U=3135,3133,-2,2,1 R=1091,1090,-1,0,-1 F=674,673,-1,3,-8 D=3501,439,10,3,0 L=1249,1250,1,0,-1 B=1236,1236,0,0,-16
mv D' code=0 aligned=1 homed=- ms=119.0 U=3135,3133,-2,2,1 R=1091,1090,-1,0,-1 F=674,673,-1,3,-8 D=439,1461,-2,0,0 L=1249,1250,1,0,-1 B=1236,1236,0,0,-16
mv D' code=0 aligned=1 homed=- ms=119.0 U=3135,3133,-2,2,1 R=1091,1090,-1,0,-1 F=674,673,-1,3,-8 D=1461,2481,-4,1,0 L=1249,1249,0,0,-2 B=1235,1236,1,0,-16
mv D' code=0 aligned=1 homed=- ms=119.0 U=3135,3133,-2,2,1 R=1091,1090,-1,0,-1 F=674,673,-1,3,-8 D=2481,3501,-4,2,-2 L=1249,1249,0,0,-2 B=1235,1235,0,0,-17
mv D' code=0 aligned=1 homed=- ms=119.0 U=3135,3133,-2,2,1 R=1091,1090,-1,0,-1 F=674,674,0,3,-7 D=3501,439,10,3,0 L=1249,1250,1,0,-1 B=1235,1236,1,0,-16
mv D' code=0 aligned=1 homed=- ms=119.0 U=3135,3133,-2,2,1 R=1091,1090,-1,0,-1 F=674,674,0,3,-7 D=439,1461,-2,0,0 L=1249,1250,1,0,-1 B=1236,1236,0,0,-16
mv D' code=0 aligned=1 homed=- ms=119.0 U=3135,3133,-2,2,1 R=1091,1090,-1,0,-1 F=674,673,-1,3,-8 D=1461,2481,-4,1,0 L=1249,1250,1,0,-1 B=1236,1236,0,0,-16
mv D' code=0 aligned=1 homed=- ms=119.0 U=3135,3133,-2,2,1 R=1091,1090,-1,0,-1 F=674,673,-1,3,-8 D=2481,3501,-4,2,-2 L=1249,1250,1,0,-1 B=1236,1236,0,0,-16
mv D' code=0 aligned=1 homed=- ms=119.0 U=3135,3133,-2,2,1 R=1091,1090,-1,0,-1 F=674,673,-1,3,-8 D=3501,439,10,3,0 L=1249,1250,1,0,-1 B=1236,1236,0,0,-16
mv D' code=0 aligned=1 homed=- ms=119.0 U=3135,3133,-2,2,1 R=1091,1090,-1,0,-1 F=674,673,-1,3,-8 D=439,1461,-2,0,0 L=1249,1250,1,0,-1 B=1235,1235,0,0,-17
mv D' code=0 aligned=1 homed=- ms=119.0 U=3135,3133,-2,2,1 R=1091,1090,-1,0,-1 F=674,673,-1,3,-8 D=1461,2481,-4,1,0 L=1249,1249,0,0,-2 B=1235,1235,0,0,-17
mv D' code=0 aligned=1 homed=- ms=119.0 U=3135,3133,-2,2,1 R=1091,1090,-1,0,-1 F=674,673,-1,3,-8 D=2481,3501,-4,2,-2 L=1249,1250,1,0,-1 B=1236,1236,0,0,-16
mv D' code=0 aligned=1 homed=- ms=119.0 U=3135,3133,-2,2,1 R=1091,1090,-1,0,-1 F=674,674,0,3,-7 D=3501,439,10,3,0 L=1249,1250,1,0,-1 B=1236,1236,0,0,-16
mv D' code=0 aligned=1 homed=- ms=119.0 U=3136,3133,-3,2,1 R=1091,1090,-1,0,-1 F=674,673,-1,3,-8 D=439,1461,-2,0,0 L=1249,1250,1,0,-1 B=1235,1236,1,0,-16
mv D' code=0 aligned=1 homed=- ms=119.0 U=3135,3133,-2,2,1 R=1091,1091,0,0,0 F=674,673,-1,3,-8 D=1461,2481,-4,1,0 L=1250,1250,0,0,-1 B=1236,1236,0,0,-16
mv D' code=0 aligned=1 homed=- ms=119.0 U=3135,3133,-2,2,1 R=1091,1090,-1,0,-1 F=674,673,-1,3,-8 D=2481,3501,-4,2,-2 L=1249,1250,1,0,-1 B=1236,1235,-1,0,-17
mv D' code=0 aligned=1 homed=- ms=119.0 U=3135,3133,-2,2,1 R=1091,1091,0,0,0 F=674,674,0,3,-7 D=3501,439,10,3,0 L=1249,1250,1,0,-1 B=1235,1236,1,0,-16
mv D' code=0 aligned=1 homed=- ms=119.0 U=3135,3133,-2,2,1 R=1091,1090,-1,0,-1 F=674,674,0,3,-7 D=439,1461,-2,0,0 L=1249,1250,1,0,-1 B=1235,1236,1,0,-16
mv D' code=0 aligned=1 homed=- ms=119.0 U=3135,3133,-2,2,1 R=1091,1090,-1,0,-1 F=674,673,-1,3,-8 D=1461,2481,-4,1,0 L=1249,1250,1,0,-1 B=1236,1236,0,0,-16
mv D' code=0 aligned=1 homed=- ms=119.0 U=3135,3133,-2,2,1 R=1091,1090,-1,0,-1 F=674,673,-1,3,-8 D=2481,3501,-4,2,-2 L=1249,1250,1,0,-1 B=1236,1235,-1,0,-17
rep moves=200 notaligned=0 homings=0 failures=0 avgms=119.0
res U=- R=- F=- D=200,-0.0,5.9,11 L=- B=-
ok
> health
health U=1,1,0/128/687 R=1,1,0/128/1627 F=1,1,0/128/1792 D=1,1,0/128/1585 L=1,1,0/128/685 B=1,1,0/128/1296 RING=1,1,0/128/1616
ok
> home
[align] motor 0 err=3 counts (0.3 steps)
[align] motor 1 err=0 counts (0.0 steps)
[align] motor 2 err=-7 counts (-0.7 steps)
[align] motor 3 err=1 counts (0.1 steps)
[align] motor 4 err=-3 counts (-0.3 steps)
[align] motor 5 err=-18 counts (-1.8 steps)
home code=0 ms=6 en=0
enc U=3134 R=1090 F=673 D=3499 L=1249 B=1236 RING=2768
near U=2:2 R=0:-1 F=3:-8 D=2:-4 L=0:-2 B=0:-16
ok
> enc
enc U=3135 R=1091 F=674 D=3500 L=1249 B=1235 RING=2768
near U=2:3 R=0:0 F=3:-7 D=2:-3 L=0:-2 B=0:-17
ok
> rep 50 D2 D2
mv D2 code=0 aligned=1 homed=- ms=219.0 U=3135,3133,-2,2,1 R=1091,1091,0,0,0 F=674,673,-1,3,-8 D=3500,1461,9,0,0 L=1249,1250,1,0,-1 B=1235,1236,1,0,-16
mv D2 code=0 aligned=1 homed=- ms=219.0 U=3135,3133,-2,2,1 R=1091,1090,-1,0,-1 F=674,674,0,3,-7 D=1462,3501,-9,2,-2 L=1249,1250,1,0,-1 B=1235,1236,1,0,-16
mv D2 code=0 aligned=1 homed=- ms=219.0 U=3135,3133,-2,2,1 R=1091,1091,0,0,0 F=674,673,-1,3,-8 D=3501,1461,8,0,0 L=1249,1250,1,0,-1 B=1236,1236,0,0,-16
mv D2 code=0 aligned=1 homed=- ms=219.0 U=3135,3133,-2,2,1 R=1091,1090,-1,0,-1 F=674,673,-1,3,-8 D=1461,3501,-8,2,-2 L=1249,1250,1,0,-1 B=1235,1236,1,0,-16
mv D2 code=0 aligned=1 homed=- ms=219.0 U=3135,3133,-2,2,1 R=1091,1090,-1,0,-1 F=674,673,-1,3,-8 D=3501,1461,8,0,0 L=1249,1250,1,0,-1 B=1235,1236,1,0,-16
mv D2 code=0 aligned=1 homed=- ms=219.0 U=3135,3133,-2,2,1 R=1091,1090,-1,0,-1 F=674,674,0,3,-7 D=1462,3501,-9,2,-2 L=1249,1250,1,0,-1 B=1236,1236,0,0,-16
mv D2 code=0 aligned=1 homed=- ms=219.0 U=3136,3133,-3,2,1 R=1091,1090,-1,0,-1 F=674,673,-1,3,-8 D=3501,1461,8,0,0 L=1249,1249,0,0,-2 B=1235,1236,1,0,-16
mv D2 code=0 aligned=1 homed=- ms=219.0 U=3135,3133,-2,2,1 R=1091,1090,-1,0,-1 F=674,673,-1,3,-8 D=1461,3501,-8,2,-2 L=1249,1250,1,0,-1 B=1236,1236,0,0,-16
mv D2 code=0 aligned=1 homed=- ms=219.0 U=3135,3133,-2,2,1 R=1091,1090,-1,0,-1 F=674,673,-1,3,-8 D=3501,1461,8,0,0 L=1249,1250,1,0,-1 B=1235,1236,1,0,-16
mv D2 code=0 aligned=1 homed=- ms=219.0 U=3135,3133,-2,2,1 R=1091,1090,-1,0,-1 F=674,674,0,3,-7 D=1462,3501,-9,2,-2 L=1249,1249,0,0,-2 B=1236,1236,0,0,-16
mv D2 code=0 aligned=1 homed=- ms=219.0 U=3135,3133,-2,2,1 R=1091,1090,-1,0,-1 F=674,673,-1,3,-8 D=3501,1461,8,0,0 L=1249,1250,1,0,-1 B=1236,1236,0,0,-16
mv D2 code=0 aligned=1 homed=- ms=219.0 U=3135,3133,-2,2,1 R=1091,1090,-1,0,-1 F=674,673,-1,3,-8 D=1462,3501,-9,2,-2 L=1249,1249,0,0,-2 B=1236,1236,0,0,-16
mv D2 code=0 aligned=1 homed=- ms=219.0 U=3135,3133,-2,2,1 R=1091,1090,-1,0,-1 F=674,673,-1,3,-8 D=3501,1461,8,0,0 L=1249,1250,1,0,-1 B=1236,1236,0,0,-16
mv D2 code=0 aligned=1 homed=- ms=219.0 U=3135,3133,-2,2,1 R=1091,1090,-1,0,-1 F=674,673,-1,3,-8 D=1462,3501,-9,2,-2 L=1250,1250,0,0,-1 B=1235,1236,1,0,-16
mv D2 code=0 aligned=1 homed=- ms=219.0 U=3135,3133,-2,2,1 R=1091,1090,-1,0,-1 F=674,673,-1,3,-8 D=3501,1461,8,0,0 L=1249,1250,1,0,-1 B=1235,1236,1,0,-16
mv D2 code=0 aligned=1 homed=- ms=219.0 U=3135,3133,-2,2,1 R=1091,1090,-1,0,-1 F=674,673,-1,3,-8 D=1462,3501,-9,2,-2 L=1249,1250,1,0,-1 B=1235,1236,1,0,-16
mv D2 code=0 aligned=1 homed=- ms=219.0 U=3135,3133,-2,2,1 R=1091,1090,-1,0,-1 F=674,673,-1,3,-8 D=3501,1461,8,0,0 L=1249,1249,0,0,-2 B=1235,1235,0,0,-17
mv D2 code=0 aligned=1 homed=- ms=219.0 U=3135,3133,-2,2,1 R=1091,1090,-1,0,-1 F=674,673,-1,3,-8 D=1462,3501,-9,2,-2 L=1249,1250,1,0,-1 B=1235,1236,1,0,-16
mv D2 code=0 aligned=1 homed=- ms=219.0 U=3135,3133,-2,2,1 R=1091,1090,-1,0,-1 F=674,673,-1,3,-8 D=3501,1461,8,0,0 L=1249,1250,1,0,-1 B=1236,1236,0,0,-16
mv D2 code=0 aligned=1 homed=- ms=219.0 U=3135,3133,-2,2,1 R=1091,1090,-1,0,-1 F=674,673,-1,3,-8 D=1462,3501,-9,2,-2 L=1249,1250,1,0,-1 B=1236,1236,0,0,-16
mv D2 code=0 aligned=1 homed=- ms=219.0 U=3135,3133,-2,2,1 R=1091,1091,0,0,0 F=674,673,-1,3,-8 D=3501,1461,8,0,0 L=1249,1249,0,0,-2 B=1236,1236,0,0,-16
mv D2 code=0 aligned=1 homed=- ms=219.0 U=3135,3133,-2,2,1 R=1091,1090,-1,0,-1 F=674,673,-1,3,-8 D=1462,3501,-9,2,-2 L=1249,1250,1,0,-1 B=1236,1235,-1,0,-17
mv D2 code=0 aligned=1 homed=- ms=219.0 U=3135,3133,-2,2,1 R=1091,1090,-1,0,-1 F=674,673,-1,3,-8 D=3501,1461,8,0,0 L=1249,1250,1,0,-1 B=1236,1235,-1,0,-17
mv D2 code=0 aligned=1 homed=- ms=219.0 U=3135,3133,-2,2,1 R=1091,1090,-1,0,-1 F=674,674,0,3,-7 D=1461,3501,-8,2,-2 L=1249,1250,1,0,-1 B=1236,1236,0,0,-16
mv D2 code=0 aligned=1 homed=- ms=219.0 U=3135,3133,-2,2,1 R=1091,1090,-1,0,-1 F=674,673,-1,3,-8 D=3501,1461,8,0,0 L=1249,1249,0,0,-2 B=1235,1236,1,0,-16
mv D2 code=0 aligned=1 homed=- ms=219.0 U=3135,3133,-2,2,1 R=1091,1090,-1,0,-1 F=674,673,-1,3,-8 D=1462,3501,-9,2,-2 L=1249,1249,0,0,-2 B=1236,1236,0,0,-16
mv D2 code=0 aligned=1 homed=- ms=219.0 U=3135,3133,-2,2,1 R=1091,1091,0,0,0 F=674,673,-1,3,-8 D=3501,1461,8,0,0 L=1249,1250,1,0,-1 B=1236,1236,0,0,-16
mv D2 code=0 aligned=1 homed=- ms=219.0 U=3135,3133,-2,2,1 R=1091,1090,-1,0,-1 F=674,673,-1,3,-8 D=1462,3501,-9,2,-2 L=1249,1250,1,0,-1 B=1236,1236,0,0,-16
mv D2 code=0 aligned=1 homed=- ms=219.0 U=3135,3133,-2,2,1 R=1091,1090,-1,0,-1 F=674,673,-1,3,-8 D=3501,1461,8,0,0 L=1249,1250,1,0,-1 B=1235,1236,1,0,-16
mv D2 code=0 aligned=1 homed=- ms=219.0 U=3135,3133,-2,2,1 R=1091,1090,-1,0,-1 F=674,673,-1,3,-8 D=1462,3501,-9,2,-2 L=1249,1250,1,0,-1 B=1235,1236,1,0,-16
mv D2 code=0 aligned=1 homed=- ms=219.0 U=3135,3133,-2,2,1 R=1091,1090,-1,0,-1 F=674,674,0,3,-7 D=3501,1461,8,0,0 L=1249,1249,0,0,-2 B=1235,1236,1,0,-16
mv D2 code=0 aligned=1 homed=- ms=219.0 U=3135,3133,-2,2,1 R=1091,1090,-1,0,-1 F=674,673,-1,3,-8 D=1461,3501,-8,2,-2 L=1249,1250,1,0,-1 B=1235,1236,1,0,-16
mv D2 code=0 aligned=1 homed=- ms=219.0 U=3135,3133,-2,2,1 R=1091,1090,-1,0,-1 F=674,673,-1,3,-8 D=3501,1461,8,0,0 L=1249,1250,1,0,-1 B=1236,1236,0,0,-16
mv D2 code=0 aligned=1 homed=- ms=219.0 U=3135,3133,-2,2,1 R=1091,1090,-1,0,-1 F=674,673,-1,3,-8 D=1462,3501,-9,2,-2 L=1249,1250,1,0,-1 B=1236,1236,0,0,-16
mv D2 code=0 aligned=1 homed=- ms=219.0 U=3135,3133,-2,2,1 R=1091,1090,-1,0,-1 F=674,673,-1,3,-8 D=3501,1461,8,0,0 L=1249,1250,1,0,-1 B=1236,1236,0,0,-16
mv D2 code=0 aligned=1 homed=- ms=219.0 U=3135,3133,-2,2,1 R=1091,1091,0,0,0 F=674,673,-1,3,-8 D=1461,3501,-8,2,-2 L=1249,1250,1,0,-1 B=1236,1236,0,0,-16
mv D2 code=0 aligned=1 homed=- ms=219.0 U=3135,3133,-2,2,1 R=1091,1091,0,0,0 F=674,673,-1,3,-8 D=3502,1461,7,0,0 L=1249,1249,0,0,-2 B=1235,1236,1,0,-16
mv D2 code=0 aligned=1 homed=- ms=219.0 U=3135,3133,-2,2,1 R=1091,1090,-1,0,-1 F=674,674,0,3,-7 D=1461,3501,-8,2,-2 L=1249,1250,1,0,-1 B=1235,1236,1,0,-16
mv D2 code=0 aligned=1 homed=- ms=219.0 U=3135,3133,-2,2,1 R=1091,1090,-1,0,-1 F=674,673,-1,3,-8 D=3501,1461,8,0,0 L=1249,1249,0,0,-2 B=1235,1236,1,0,-16
mv D2 code=0 aligned=1 homed=- ms=219.0 U=3135,3133,-2,2,1 R=1091,1091,0,0,0 F=674,673,-1,3,-8 D=1462,3501,-9,2,-2 L=1249,1249,0,0,-2 B=1236,1236,0,0,-16
mv D2 code=0 aligned=1 homed=- ms=219.0 U=3135,3133,-2,2,1 R=1091,1090,-1,0,-1 F=674,673,-1,3,-8 D=3501,1461,8,0,0 L=1249,1250,1,0,-1 B=1235,1236,1,0,-16
mv D2 code=0 aligned=1 homed=- ms=219.0 U=3135,3133,-2,2,1 R=1091,1090,-1,0,-1 F=674,673,-1,3,-8 D=1462,3501,-9,2,-2 L=1249,1249,0,0,-2 B=1236,1236,0,0,-16
mv D2 code=0 aligned=1 homed=- ms=219.0 U=3135,3133,-2,2,1 R=1091,1090,-1,0,-1 F=674,673,-1,3,-8 D=3501,1461,8,0,0 L=1249,1249,0,0,-2 B=1236,1236,0,0,-16
mv D2 code=0 aligned=1 homed=- ms=219.0 U=3135,3133,-2,2,1 R=1091,1090,-1,0,-1 F=674,674,0,3,-7 D=1461,3501,-8,2,-2 L=1249,1250,1,0,-1 B=1236,1236,0,0,-16
mv D2 code=0 aligned=1 homed=- ms=219.0 U=3135,3133,-2,2,1 R=1091,1091,0,0,0 F=674,674,0,3,-7 D=3501,1461,8,0,0 L=1249,1250,1,0,-1 B=1235,1235,0,0,-17
mv D2 code=0 aligned=1 homed=- ms=219.0 U=3135,3133,-2,2,1 R=1091,1090,-1,0,-1 F=674,674,0,3,-7 D=1462,3501,-9,2,-2 L=1249,1250,1,0,-1 B=1235,1236,1,0,-16
mv D2 code=0 aligned=1 homed=- ms=219.0 U=3135,3133,-2,2,1 R=1091,1090,-1,0,-1 F=674,674,0,3,-7 D=3501,1461,8,0,0 L=1249,1250,1,0,-1 B=1236,1236,0,0,-16
mv D2 code=0 aligned=1 homed=- ms=219.0 U=3135,3133,-2,2,1 R=1091,1090,-1,0,-1 F=674,673,-1,3,-8 D=1462,3501,-9,2,-2 L=1249,1250,1,0,-1 B=1235,1236,1,0,-16
mv D2 code=0 aligned=1 homed=- ms=219.0 U=3135,3133,-2,2,1 R=1091,1091,0,0,0 F=674,674,0,3,-7 D=3501,1461,8,0,0 L=1249,1249,0,0,-2 B=1235,1236,1,0,-16
mv D2 code=0 aligned=1 homed=- ms=219.0 U=3135,3133,-2,2,1 R=1091,1090,-1,0,-1 F=674,673,-1,3,-8 D=1461,3501,-8,2,-2 L=1250,1250,0,0,-1 B=1236,1236,0,0,-16
mv D2 code=0 aligned=1 homed=- ms=219.0 U=3135,3133,-2,2,1 R=1091,1090,-1,0,-1 F=674,673,-1,3,-8 D=3501,1461,8,0,0 L=1249,1250,1,0,-1 B=1235,1236,1,0,-16
mv D2 code=0 aligned=1 homed=- ms=219.0 U=3135,3133,-2,2,1 R=1091,1090,-1,0,-1 F=674,674,0,3,-7 D=1462,3501,-9,2,-2 L=1249,1250,1,0,-1 B=1236,1236,0,0,-16
mv D2 code=0 aligned=1 homed=- ms=219.0 U=3135,3133,-2,2,1 R=1091,1090,-1,0,-1 F=674,674,0,3,-7 D=3501,1461,8,0,0 L=1250,1249,-1,0,-2 B=1236,1235,-1,0,-17
mv D2 code=0 aligned=1 homed=- ms=219.0 U=3135,3133,-2,2,1 R=1091,1090,-1,0,-1 F=674,673,-1,3,-8 D=1462,3501,-9,2,-2 L=1249,1250,1,0,-1 B=1236,1235,-1,0,-17
mv D2 code=0 aligned=1 homed=- ms=219.0 U=3136,3133,-3,2,1 R=1091,1091,0,0,0 F=674,673,-1,3,-8 D=3502,1461,7,0,0 L=1249,1250,1,0,-1 B=1236,1236,0,0,-16
mv D2 code=0 aligned=1 homed=- ms=219.0 U=3135,3133,-2,2,1 R=1091,1091,0,0,0 F=674,674,0,3,-7 D=1462,3501,-9,2,-2 L=1249,1250,1,0,-1 B=1236,1235,-1,0,-17
mv D2 code=0 aligned=1 homed=- ms=219.0 U=3135,3133,-2,2,1 R=1091,1090,-1,0,-1 F=674,674,0,3,-7 D=3501,1461,8,0,0 L=1250,1250,0,0,-1 B=1235,1235,0,0,-17
mv D2 code=0 aligned=1 homed=- ms=219.0 U=3135,3133,-2,2,1 R=1091,1090,-1,0,-1 F=674,673,-1,3,-8 D=1462,3501,-9,2,-2 L=1249,1250,1,0,-1 B=1236,1235,-1,0,-17
mv D2 code=0 aligned=1 homed=- ms=219.0 U=3135,3133,-2,2,1 R=1091,1090,-1,0,-1 F=674,674,0,3,-7 D=3501,1461,8,0,0 L=1249,1250,1,0,-1 B=1236,1236,0,0,-16
mv D2 code=0 aligned=1 homed=- ms=219.0 U=3135,3133,-2,2,1 R=1091,1090,-1,0,-1 F=674,673,-1,3,-8 D=1462,3501,-9,2,-2 L=1249,1249,0,0,-2 B=1236,1236,0,0,-16
mv D2 code=0 aligned=1 homed=- ms=219.0 U=3135,3133,-2,2,1 R=1091,1090,-1,0,-1 F=674,673,-1,3,-8 D=3501,1461,8,0,0 L=1249,1250,1,0,-1 B=1236,1236,0,0,-16
mv D2 code=0 aligned=1 homed=- ms=219.0 U=3135,3133,-2,2,1 R=1091,1090,-1,0,-1 F=674,674,0,3,-7 D=1461,3501,-8,2,-2 L=1249,1250,1,0,-1 B=1235,1236,1,0,-16
mv D2 code=0 aligned=1 homed=- ms=219.0 U=3135,3133,-2,2,1 R=1091,1091,0,0,0 F=674,674,0,3,-7 D=3501,1461,8,0,0 L=1249,1249,0,0,-2 B=1236,1236,0,0,-16
mv D2 code=0 aligned=1 homed=- ms=219.0 U=3135,3133,-2,2,1 R=1091,1090,-1,0,-1 F=674,673,-1,3,-8 D=1461,3501,-8,2,-2 L=1249,1250,1,0,-1 B=1236,1235,-1,0,-17
mv D2 code=0 aligned=1 homed=- ms=219.0 U=3135,3133,-2,2,1 R=1091,1090,-1,0,-1 F=674,673,-1,3,-8 D=3501,1461,8,0,0 L=1249,1250,1,0,-1 B=1236,1236,0,0,-16
mv D2 code=0 aligned=1 homed=- ms=219.0 U=3135,3133,-2,2,1 R=1091,1090,-1,0,-1 F=674,673,-1,3,-8 D=1462,3501,-9,2,-2 L=1249,1250,1,0,-1 B=1236,1236,0,0,-16
mv D2 code=0 aligned=1 homed=- ms=219.0 U=3135,3133,-2,2,1 R=1091,1090,-1,0,-1 F=674,674,0,3,-7 D=3501,1461,8,0,0 L=1250,1250,0,0,-1 B=1235,1236,1,0,-16
mv D2 code=0 aligned=1 homed=- ms=219.0 U=3136,3133,-3,2,1 R=1091,1091,0,0,0 F=674,673,-1,3,-8 D=1462,3501,-9,2,-2 L=1249,1249,0,0,-2 B=1235,1236,1,0,-16
mv D2 code=0 aligned=1 homed=- ms=219.0 U=3135,3133,-2,2,1 R=1091,1091,0,0,0 F=674,674,0,3,-7 D=3501,1461,8,0,0 L=1249,1250,1,0,-1 B=1236,1235,-1,0,-17
mv D2 code=0 aligned=1 homed=- ms=219.0 U=3135,3133,-2,2,1 R=1091,1090,-1,0,-1 F=674,673,-1,3,-8 D=1462,3501,-9,2,-2 L=1249,1250,1,0,-1 B=1236,1236,0,0,-16
mv D2 code=0 aligned=1 homed=- ms=219.0 U=3135,3133,-2,2,1 R=1091,1090,-1,0,-1 F=674,673,-1,3,-8 D=3501,1461,8,0,0 L=1249,1250,1,0,-1 B=1236,1236,0,0,-16
mv D2 code=0 aligned=1 homed=- ms=219.0 U=3136,3133,-3,2,1 R=1091,1090,-1,0,-1 F=674,673,-1,3,-8 D=1462,3501,-9,2,-2 L=1249,1249,0,0,-2 B=1235,1236,1,0,-16
mv D2 code=0 aligned=1 homed=- ms=219.0 U=3135,3133,-2,2,1 R=1091,1090,-1,0,-1 F=674,673,-1,3,-8 D=3501,1461,8,0,0 L=1250,1249,-1,0,-2 B=1235,1236,1,0,-16
mv D2 code=0 aligned=1 homed=- ms=219.0 U=3135,3133,-2,2,1 R=1091,1090,-1,0,-1 F=674,673,-1,3,-8 D=1462,3501,-9,2,-2 L=1249,1250,1,0,-1 B=1236,1236,0,0,-16
mv D2 code=0 aligned=1 homed=- ms=219.0 U=3135,3133,-2,2,1 R=1091,1090,-1,0,-1 F=674,673,-1,3,-8 D=3501,1461,8,0,0 L=1249,1250,1,0,-1 B=1236,1236,0,0,-16
mv D2 code=0 aligned=1 homed=- ms=219.0 U=3135,3133,-2,2,1 R=1091,1090,-1,0,-1 F=674,673,-1,3,-8 D=1462,3501,-9,2,-2 L=1249,1250,1,0,-1 B=1236,1235,-1,0,-17
mv D2 code=0 aligned=1 homed=- ms=219.0 U=3135,3133,-2,2,1 R=1091,1090,-1,0,-1 F=674,674,0,3,-7 D=3501,1461,8,0,0 L=1249,1250,1,0,-1 B=1235,1236,1,0,-16
mv D2 code=0 aligned=1 homed=- ms=219.0 U=3135,3133,-2,2,1 R=1091,1091,0,0,0 F=674,674,0,3,-7 D=1462,3501,-9,2,-2 L=1249,1250,1,0,-1 B=1235,1236,1,0,-16
mv D2 code=0 aligned=1 homed=- ms=219.0 U=3135,3133,-2,2,1 R=1091,1090,-1,0,-1 F=674,674,0,3,-7 D=3501,1461,8,0,0 L=1249,1250,1,0,-1 B=1236,1235,-1,0,-17
mv D2 code=0 aligned=1 homed=- ms=219.0 U=3135,3133,-2,2,1 R=1091,1090,-1,0,-1 F=674,673,-1,3,-8 D=1461,3501,-8,2,-2 L=1249,1250,1,0,-1 B=1235,1236,1,0,-16
mv D2 code=0 aligned=1 homed=- ms=219.0 U=3135,3133,-2,2,1 R=1091,1090,-1,0,-1 F=674,673,-1,3,-8 D=3501,1461,8,0,0 L=1249,1250,1,0,-1 B=1236,1236,0,0,-16
mv D2 code=0 aligned=1 homed=- ms=219.0 U=3136,3133,-3,2,1 R=1091,1090,-1,0,-1 F=674,673,-1,3,-8 D=1461,3501,-8,2,-2 L=1249,1250,1,0,-1 B=1236,1236,0,0,-16
mv D2 code=0 aligned=1 homed=- ms=219.0 U=3135,3133,-2,2,1 R=1091,1090,-1,0,-1 F=674,673,-1,3,-8 D=3501,1461,8,0,0 L=1249,1250,1,0,-1 B=1235,1236,1,0,-16
mv D2 code=0 aligned=1 homed=- ms=219.0 U=3136,3133,-3,2,1 R=1091,1090,-1,0,-1 F=674,673,-1,3,-8 D=1462,3501,-9,2,-2 L=1249,1249,0,0,-2 B=1235,1236,1,0,-16
mv D2 code=0 aligned=1 homed=- ms=219.0 U=3136,3133,-3,2,1 R=1091,1090,-1,0,-1 F=674,673,-1,3,-8 D=3501,1461,8,0,0 L=1249,1250,1,0,-1 B=1236,1236,0,0,-16
mv D2 code=0 aligned=1 homed=- ms=219.0 U=3135,3133,-2,2,1 R=1091,1090,-1,0,-1 F=674,673,-1,3,-8 D=1461,3501,-8,2,-2 L=1249,1250,1,0,-1 B=1236,1236,0,0,-16
mv D2 code=0 aligned=1 homed=- ms=219.0 U=3135,3133,-2,2,1 R=1091,1090,-1,0,-1 F=674,673,-1,3,-8 D=3501,1461,8,0,0 L=1249,1249,0,0,-2 B=1236,1236,0,0,-16
mv D2 code=0 aligned=1 homed=- ms=219.0 U=3135,3133,-2,2,1 R=1091,1091,0,0,0 F=674,673,-1,3,-8 D=1462,3501,-9,2,-2 L=1249,1249,0,0,-2 B=1236,1236,0,0,-16
mv D2 code=0 aligned=1 homed=- ms=219.0 U=3135,3133,-2,2,1 R=1091,1090,-1,0,-1 F=674,673,-1,3,-8 D=3501,1461,8,0,0 L=1250,1250,0,0,-1 B=1235,1236,1,0,-16
mv D2 code=0 aligned=1 homed=- ms=219.0 U=3135,3133,-2,2,1 R=1091,1090,-1,0,-1 F=674,673,-1,3,-8 D=1462,3501,-9,2,-2 L=1249,1249,0,0,-2 B=1235,1236,1,0,-16
mv D2 code=0 aligned=1 homed=- ms=219.0 U=3136,3133,-3,2,1 R=1091,1090,-1,0,-1 F=674,673,-1,3,-8 D=3501,1461,8,0,0 L=1249,1250,1,0,-1 B=1235,1236,1,0,-16
mv D2 code=0 aligned=1 homed=- ms=219.0 U=3135,3133,-2,2,1 R=1091,1090,-1,0,-1 F=674,674,0,3,-7 D=1461,3501,-8,2,-2 L=1249,1249,0,0,-2 B=1235,1236,1,0,-16
mv D2 code=0 aligned=1 homed=- ms=219.0 U=3135,3133,-2,2,1 R=1091,1090,-1,0,-1 F=674,673,-1,3,-8 D=3501,1461,8,0,0 L=1249,1250,1,0,-1 B=1236,1236,0,0,-16
mv D2 code=0 aligned=1 homed=- ms=219.0 U=3135,3133,-2,2,1 R=1091,1090,-1,0,-1 F=674,673,-1,3,-8 D=1462,3501,-9,2,-2 L=1249,1249,0,0,-2 B=1236,1236,0,0,-16
mv D2 code=0 aligned=1 homed=- ms=219.0 U=3135,3133,-2,2,1 R=1091,1090,-1,0,-1 F=674,674,0,3,-7 D=3501,1461,8,0,0 L=1249,1250,1,0,-1 B=1236,1236,0,0,-16
mv D2 code=0 aligned=1 homed=- ms=219.0 U=3135,3133,-2,2,1 R=1091,1090,-1,0,-1 F=674,674,0,3,-7 D=1462,3501,-9,2,-2 L=1249,1250,1,0,-1 B=1235,1236,1,0,-16
mv D2 code=0 aligned=1 homed=- ms=219.0 U=3135,3133,-2,2,1 R=1091,1091,0,0,0 F=674,673,-1,3,-8 D=3501,1461,8,0,0 L=1249,1250,1,0,-1 B=1236,1236,0,0,-16
mv D2 code=0 aligned=1 homed=- ms=219.0 U=3135,3133,-2,2,1 R=1091,1090,-1,0,-1 F=674,673,-1,3,-8 D=1462,3501,-9,2,-2 L=1249,1250,1,0,-1 B=1236,1235,-1,0,-17
mv D2 code=0 aligned=1 homed=- ms=219.0 U=3135,3133,-2,2,1 R=1091,1090,-1,0,-1 F=674,673,-1,3,-8 D=3502,1461,7,0,0 L=1249,1250,1,0,-1 B=1236,1236,0,0,-16
mv D2 code=0 aligned=1 homed=- ms=219.0 U=3135,3133,-2,2,1 R=1091,1090,-1,0,-1 F=674,673,-1,3,-8 D=1462,3501,-9,2,-2 L=1249,1250,1,0,-1 B=1235,1236,1,0,-16
rep moves=100 notaligned=0 homings=0 failures=0 avgms=219.0
res U=- R=- F=- D=100,-0.4,8.4,9 L=- B=-
ok
> rep 75 D D' D' D
mv D code=0 aligned=1 homed=- ms=119.0 U=3135,3133,-2,2,1 R=1091,1090,-1,0,-1 F=674,673,-1,3,-8 D=3501,2481,4,1,0 L=1249,1249,0,0,-2 B=1236,1236,0,0,-16
mv D' code=0 aligned=1 homed=- ms=119.0 U=3135,3133,-2,2,1 R=1091,1090,-1,0,-1 F=674,673,-1,3,-8 D=2481,3501,-4,2,-2 L=1249,1249,0,0,-2 B=1235,1236,1,0,-16
mv D' code=0 aligned=1 homed=- ms=119.0 U=3135,3133,-2,2,1 R=1091,1090,-1,0,-1 F=674,673,-1,3,-8 D=3501,439,10,3,0 L=1249,1250,1,0,-1 B=1236,1236,0,0,-16
mv D code=0 aligned=1 homed=- ms=119.0 U=3135,3133,-2,2,1 R=1091,1091,0,0,0 F=674,673,-1,3,-8 D=439,3501,-10,2,-2 L=1249,1250,1,0,-1 B=1236,1236,0,0,-16
mv D code=0 aligned=1 homed=- ms=119.0 U=3135,3133,-2,2,1 R=1091,1090,-1,0,-1 F=674,673,-1,3,-8 D=3501,2481,4,1,0 L=1249,1250,1,0,-1 B=1235,1235,0,0,-17
mv D' code=0 aligned=1 homed=- ms=119.0 U=3135,3133,-2,2,1 R=1091,1090,-1,0,-1 F=674,674,0,3,-7 D=2481,3501,-4,2,-2 L=1249,1249,0,0,-2 B=1236,1236,0,0,-16
mv D' code=0 aligned=1 homed=- ms=119.0 U=3135,3133,-2,2,1 R=1091,1090,-1,0,-1 F=674,674,0,3,-7 D=3501,439,10,3,0 L=1249,1249,0,0,-2 B=1236,1236,0,0,-16
mv D code=0 aligned=1 homed=- ms=119.0 U=3135,3133,-2,2,1 R=1091,1091,0,0,0 F=674,673,-1,3,-8 D=439,3501,-10,2,-2 L=1249,1250,1,0,-1 B=1236,1235,-1,0,-17
mv D code=0 aligned=1 homed=- ms=119.0 U=3135,3133,-2,2,1 R=1091,1090,-1,0,-1 F=674,674,0,3,-7 D=3501,2481,4,1,0 L=1249,1250,1,0,-1 B=1236,1236,0,0,-16
mv D' code=0 aligned=1 homed=- ms=119.0 U=3135,3133,-2,2,1 R=1091,1090,-1,0,-1 F=674,673,-1,3,-8 D=2481,3501,-4,2,-2 L=1249,1250,1,0,-1 B=1235,1236,1,0,-16
mv D' code=0 aligned=1 homed=- ms=119.0 U=3135,3133,-2,2,1 R=1091,1091,0,0,0 F=674,673,-1,3,-8 D=3501,439,10,3,0 L=1249,1249,0,0,-2 B=1236,1236,0,0,-16
mv D code=0 aligned=1 homed=- ms=119.0 U=3135,3133,-2,2,1 R=1091,1091,0,0,0 F=674,673,-1,3,-8 D=439,3501,-10,2,-2 L=1249,1250,1,0,-1 B=1236,1236,0,0,-16
mv D code=0 aligned=1 homed=- ms=119.0 U=3135,3133,-2,2,1 R=1091,1090,-1,0,-1 F=674,673,-1,3,-8 D=3501,2481,4,1,0 L=1249,1249,0,0,-2 B=1236,1236,0,0,-16
mv D' code=0 aligned=1 homed=- ms=119.0 U=3135,3133,-2,2,1 R=1091,1090,-1,0,-1 F=674,673,-1,3,-8 D=2481,3501,-4,2,-2 L=1249,1250,1,0,-1 B=1236,1236,0,0,-16
mv D' code=0 aligned=1 homed=- ms=119.0 U=3135,3133,-2,2,1 R=1091,1091,0,0,0 F=674,674,0,3,-7 D=3501,439,10,3,0 L=1249,1250,1,0,-1 B=1236,1236,0,0,-16
mv D code=0 aligned=1 homed=- ms=119.0 U=3135,3133,-2,2,1 R=1091,1091,0,0,0 F=674,673,-1,3,-8 D=439,3501,-10,2,-2 L=1249,1250,1,0,-1 B=1236,1236,0,0,-16
mv D code=0 aligned=1 homed=- ms=119.0 U=3135,3133,-2,2,1 R=1091,1090,-1,0,-1 F=674,673,-1,3,-8 D=3501,2481,4,1,0 L=1249,1250,1,0,-1 B=1235,1236,1,0,-16
mv D' code=0 aligned=1 homed=- ms=119.0 U=3135,3133,-2,2,1 R=1091,1090,-1,0,-1 F=674,673,-1,3,-8 D=2481,3501,-4,2,-2 L=1249,1250,1,0,-1 B=1236,1236,0,0,-16
mv D' code=0 aligned=1 homed=- ms=119.0 U=3135,3133,-2,2,1 R=1091,1090,-1,0,-1 F=674,673,-1,3,-8 D=3501,439,10,3,0 L=1249,1250,1,0,-1 B=1236,1236,0,0,-16
mv D code=0 aligned=1 homed=- ms=119.0 U=3135,3133,-2,2,1 R=1091,1090,-1,0,-1 F=674,673,-1,3,-8 D=439,3501,-10,2,-2 L=1249,1250,1,0,-1 B=1235,1236,1,0,-16
mv D code=0 aligned=1 homed=- ms=119.0 U=3136,3133,-3,2,1 R=1091,1090,-1,0,-1 F=674,673,-1,3,-8 D=3501,2481,4,1,0 L=1249,1250,1,0,-1 B=1236,1236,0,0,-16
mv D' code=0 aligned=1 homed=- ms=119.0 U=3135,3133,-2,2,1 R=1091,1090,-1,0,-1 F=674,673,-1,3,-8 D=2481,3501,-4,2,-2 L=1249,1250,1,0,-1 B=1235,1235,0,0,-17
mv D' code=0 aligned=1 homed=- ms=119.0 U=3135,3133,-2,2,1 R=1091,1090,-1,0,-1 F=674,674,0,3,-7 D=3501,439,10,3,0 L=1249,1250,1,0,-1 B=1236,1236,0,0,-16
mv D code=0 aligned=1 homed=- ms=119.0 U=3135,3133,-2,2,1 R=1091,1090,-1,0,-1 F=674,673,-1,3,-8 D=439,3501,-10,2,-2 L=1249,1250,1,0,-1 B=1236,1236,0,0,-16
mv D code=0 aligned=1 homed=- ms=119.0 U=3136,3133,-3,2,1 R=1091,1090,-1,0,-1 F=674,673,-1,3,-8 D=3502,2481,3,1,0 L=1249,1250,1,0,-1 B=1236,1236,0,0,-16
mv D' code=0 aligned=1 homed=- ms=119.0 U=3135,3133,-2,2,1 R=1091,1090,-1,0,-1 F=674,673,-1,3,-8 D=2481,3500,-5,2,-3 L=1249,1250,1,0,-1 B=1236,1235,-1,0,-17
mv D' code=0 aligned=1 homed=- ms=119.0 U=3135,3133,-2,2,1 R=1091,1090,-1,0,-1 F=674,673,-1,3,-8 D=3501,439,10,3,0 L=1249,1250,1,0,-1 B=1235,1236,1,0,-16
mv D code=0 aligned=1 homed=- ms=119.0 U=3135,3133,-2,2,1 R=1091,1090,-1,0,-1 F=674,673,-1,3,-8 D=439,3501,-10,2,-2 L=1249,1250,1,0,-1 B=1236,1236,0,0,-16
mv D code=0 aligned=1 homed=- ms=119.0 U=3135,3133,-2,2,1 R=1091,1090,-1,0,-1 F=674,673,-1,3,-8 D=3502,2481,3,1,0 L=1249,1250,1,0,-1 B=1236,1236,0,0,-16
mv D' code=0 aligned=1 homed=- ms=119.0 U=3135,3133,-2,2,1 R=1091,1090,-1,0,-1 F=674,674,0,3,-7 D=2481,3501,-4,2,-2 L=1250,1249,-1,0,-2 B=1235,1236,1,0,-16
mv D' code=0 aligned=1 homed=- ms=119.0 U=3135,3133,-2,2,1 R=1091,1090,-1,0,-1 F=674,673,-1,3,-8 D=3501,439,10,3,0 L=1249,1250,1,0,-1 B=1236,1236,0,0,-16
mv D code=0 aligned=1 homed=- ms=119.0 U=3135,3133,-2,2,1 R=1091,1090,-1,0,-1 F=674,673,-1,3,-8 D=439,3501,-10,2,-2 L=1249,1250,1,0,-1 B=1235,1236,1,0,-16
mv D code=0 aligned=1 homed=- ms=119.0 U=3136,3133,-3,2,1 R=1091,1090,-1,0,-1 F=674,673,-1,3,-8 D=3501,2481,4,1,0 L=1249,1250,1,0,-1 B=1235,1236,1,0,-16
mv D' code=0 aligned=1 homed=- ms=119.0 U=3135,3133,-2,2,1 R=1091,1090,-1,0,-1 F=674,674,0,3,-7 D=2481,3501,-4,2,-2 L=1249,1250,1,0,-1 B=1236,1236,0,0,-16
mv D' code=0 aligned=1 homed=- ms=119.0 U=3135,3133,-2,2,1 R=1091,1090,-1,0,-1 F=674,673,-1,3,-8 D=3501,439,10,3,0 L=1249,1250,1,0,-1 B=1236,1236,0,0,-16
mv D code=0 aligned=1 homed=- ms=119.0 U=3135,3133,-2,2,1 R=1091,1090,-1,0,-1 F=674,673,-1,3,-8 D=439,3501,-10,2,-2 L=1249,1250,1,0,-1 B=1235,1236,1,0,-16
mv D code=0 aligned=1 homed=- ms=119.0 U=3135,3133,-2,2,1 R=1091,1090,-1,0,-1 F=674,673,-1,3,-8 D=3501,2481,4,1,0 L=1249,1249,0,0,-2 B=1236,1236,0,0,-16
mv D' code=0 aligned=1 homed=- ms=119.0 U=3135,3133,-2,2,1 R=1091,1090,-1,0,-1 F=674,673,-1,3,-8 D=2481,3501,-4,2,-2 L=1249,1250,1,0,-1 B=1235,1236,1,0,-16
mv D' code=0 aligned=1 homed=- ms=119.0 U=3135,3133,-2,2,1 R=1091,1090,-1,0,-1 F=674,673,-1,3,-8 D=3501,439,10,3,0 L=1249,1250,1,0,-1 B=1236,1236,0,0,-16
mv D code=0 aligned=1 homed=- ms=119.0 U=3135,3133,-2,2,1 R=1091,1090,-1,0,-1 F=674,673,-1,3,-8 D=439,3501,-10,2,-2 L=1250,1249,-1,0,-2 B=1236,1236,0,0,-16
mv D code=0 aligned=1 homed=- ms=119.0 U=3135,3133,-2,2,1 R=1091,1090,-1,0,-1 F=674,673,-1,3,-8 D=3501,2481,4,1,0 L=1249,1250,1,0,-1 B=1236,1236,0,0,-16
mv D' code=0 aligned=1 homed=- ms=119.0 U=3135,3133,-2,2,1 R=1091,1090,-1,0,-1 F=674,673,-1,3,-8 D=2481,3501,-4,2,-2 L=1249,1250,1,0,-1 B=1235,1236,1,0,-16
mv D' code=0 aligned=1 homed=- ms=119.0 U=3135,3133,-2,2,1 R=1091,1091,0,0,0 F=674,674,0,3,-7 D=3501,439,10,3,0 L=1249,1250,1,0,-1 B=1236,1236,0,0,-16
mv D code=0 aligned=1 homed=- ms=119.0 U=3136,3133,-3,2,1 R=1091,1091,0,0,0 F=674,673,-1,3,-8 D=439,3501,-10,2,-2 L=1249,1250,1,0,-1 B=1235,1236,1,0,-16
mv D code=0 aligned=1 homed=- ms=119.0 U=3135,3133,-2,2,1 R=1091,1091,0,0,0 F=674,674,0,3,-7 D=3502,2481,3,1,0 L=1249,1250,1,0,-1 B=1236,1236,0,0,-16
mv D' code=0 aligned=1 homed=- ms=119.0 U=3135,3133,-2,2,1 R=1091,1090,-1,0,-1 F=674,673,-1,3,-8 D=2481,3501,-4,2,-2 L=1249,1250,1,0,-1 B=1235,1236,1,0,-16
mv D' code=0 aligned=1 homed=- ms=119.0 U=3135,3133,-2,2,1 R=1091,1090,-1,0,-1 F=674,673,-1,3,-8 D=3501,440,11,3,1 L=1249,1250,1,0,-1 B=1235,1236,1,0,-16
mv D code=0 aligned=1 homed=- ms=119.0 U=3135,3133,-2,2,1 R=1091,1091,0,0,0 F=674,674,0,3,-7 D=439,3501,-10,2,-2 L=1250,1250,0,0,-1 B=1235,1236,1,0,-16
mv D code=0 aligned=1 homed=- ms=119.0 U=3135,3133,-2,2,1 R=1091,1090,-1,0,-1 F=674,673,-1,3,-8 D=3501,2481,4,1,0 L=1249,1250,1,0,-1 B=1235,1236,1,0,-16
mv D' code=0 aligned=1 homed=- ms=119.0 U=3135,3133,-2,2,1 R=1091,1090,-1,0,-1 F=674,673,-1,3,-8 D=2481,3501,-4,2,-2 L=1250,1250,0,0,-1 B=1236,1236,0,0,-16
mv D' code=0 aligned=1 homed=- ms=119.0 U=3135,3133,-2,2,1 R=1091,1090,-1,0,-1 F=674,673,-1,3,-8 D=3501,439,10,3,0 L=1249,1250,1,0,-1 B=1235,1236,1,0,-16
mv D code=0 aligned=1 homed=- ms=119.0 U=3135,3133,-2,2,1 R=1091,1090,-1,0,-1 F=674,673,-1,3,-8 D=439,3501,-10,2,-2 L=1249,1250,1,0,-1 B=1235,1236,1,0,-16
mv D code=0 aligned=1 homed=- ms=119.0 U=3135,3133,-2,2,1 R=1091,1090,-1,0,-1 F=674,673,-1,3,-8 D=3501,2481,4,1,0 L=1249,1249,0,0,-2 B=1235,1236,1,0,-16
mv D' code=0 aligned=1 homed=- ms=119.0 U=3135,3133,-2,2,1 R=1091,1090,-1,0,-1 F=674,673,-1,3,-8 D=2481,3501,-4,2,-2 L=1249,1249,0,0,-2 B=1235,1236,1,0,-16
mv D' code=0 aligned=1 homed=- ms=119.0 U=3135,3133,-2,2,1 R=1091,1090,-1,0,-1 F=674,673,-1,3,-8 D=3501,440,11,3,1 L=1249,1250,1,0,-1 B=1235,1236,1,0,-16
mv D code=0 aligned=1 homed=- ms=119.0 U=3135,3133,-2,2,1 R=1091,1090,-1,0,-1 F=674,673,-1,3,-8 D=439,3501,-10,2,-2 L=1249,1250,1,0,-1 B=1236,1236,0,0,-16
mv D code=0 aligned=1 homed=- ms=119.0 U=3135,3133,-2,2,1 R=1091,1091,0,0,0 F=674,673,-1,3,-8 D=3501,2481,4,1,0 L=1249,1250,1,0,-1 B=1236,1236,0,0,-16
mv D' code=0 aligned=1 homed=- ms=119.0 U=3136,3133,-3,2,1 R=1091,1090,-1,0,-1 F=674,674,0,3,-7 D=2481,3501,-4,2,-2 L=1249,1250,1,0,-1 B=1235,1236,1,0,-16
mv D' code=0 aligned=1 homed=- ms=119.0 U=3135,3133,-2,2,1 R=1091,1090,-1,0,-1 F=674,674,0,3,-7 D=3501,439,10,3,0 L=1249,1249,0,0,-2 B=1236,1236,0,0,-16
mv D code=0 aligned=1 homed=- ms=119.0 U=3135,3133,-2,2,1 R=1091,1090,-1,0,-1 F=674,674,0,3,-7 D=439,3501,-10,2,-2 L=1249,1250,1,0,-1 B=1235,1236,1,0,-16
mv D code=0 aligned=1 homed=- ms=119.0 U=3135,3133,-2,2,1 R=1091,1090,-1,0,-1 F=674,673,-1,3,-8 D=3501,2481,4,1,0 L=1249,1250,1,0,-1 B=1236,1236,0,0,-16
mv D' code=0 aligned=1 homed=- ms=119.0 U=3135,3133,-2,2,1 R=1091,1090,-1,0,-1 F=674,673,-1,3,-8 D=2481,3500,-5,2,-3 L=1249,1250,1,0,-1 B=1236,1236,0,0,-16
mv D' code=0 aligned=1 homed=- ms=119.0 U=3135,3133,-2,2,1 R=1091,1090,-1,0,-1 F=674,673,-1,3,-8 D=3501,439,10,3,0 L=1249,1250,1,0,-1 B=1235,1235,0,0,-17
mv D code=0 aligned=1 homed=- ms=119.0 U=3135,3133,-2,2,1 R=1091,1090,-1,0,-1 F=674,674,0,3,-7 D=439,3501,-10,2,-2 L=1249,1250,1,0,-1 B=1236,1236,0,0,-16
mv D code=0 aligned=1 homed=- ms=119.0 U=3135,3133,-2,2,1 R=1091,1090,-1,0,-1 F=674,673,-1,3,-8 D=3501,2481,4,1,0 L=1249,1250,1,0,-1 B=1236,1236,0,0,-16
mv D' code=0 aligned=1 homed=- ms=119.0 U=3135,3133,-2,2,1 R=1091,1090,-1,0,-1 F=674,673,-1,3,-8 D=2481,3501,-4,2,-2 L=1249,1250,1,0,-1 B=1236,1236,0,0,-16
mv D' code=0 aligned=1 homed=- ms=119.0 U=3135,3133,-2,2,1 R=1091,1090,-1,0,-1 F=674,674,0,3,-7 D=3501,439,10,3,0 L=1250,1250,0,0,-1 B=1236,1236,0,0,-16
mv D code=0 aligned=1 homed=- ms=119.0 U=3135,3133,-2,2,1 R=1091,1091,0,0,0 F=674,673,-1,3,-8 D=439,3501,-10,2,-2 L=1249,1249,0,0,-2 B=1236,1236,0,0,-16
mv D code=0 aligned=1 homed=- ms=119.0 U=3135,3133,-2,2,1 R=1091,1090,-1,0,-1 F=674,673,-1,3,-8 D=3501,2481,4,1,0 L=1249,1250,1,0,-1 B=1236,1236,0,0,-16
mv D' code=0 aligned=1 homed=- ms=119.0 U=3135,3133,-2,2,1 R=1091,1090,-1,0,-1 F=674,674,0,3,-7 D=2481,3501,-4,2,-2 L=1249,1250,1,0,-1 B=1235,1236,1,0,-16
mv D' code=0 aligned=1 homed=- ms=119.0 U=3135,3133,-2,2,1 R=1091,1090,-1,0,-1 F=674,673,-1,3,-8 D=3501,439,10,3,0 L=1249,1250,1,0,-1 B=1236,1236,0,0,-16
mv D code=0 aligned=1 homed=- ms=119.0 U=3135,3133,-2,2,1 R=1091,1090,-1,0,-1 F=674,673,-1,3,-8 D=439,3501,-10,2,-2 L=1250,1250,0,0,-1 B=1236,1236,0,0,-16
mv D code=0 aligned=1 homed=- ms=119.0 U=3135,3133,-2,2,1 R=1091,1090,-1,0,-1 F=674,674,0,3,-7 D=3501,2481,4,1,0 L=1249,1249,0,0,-2 B=1236,1236,0,0,-16
mv D' code=0 aligned=1 homed=- ms=119.0 U=3135,3133,-2,2,1 R=1091,1090,-1,0,-1 F=674,673,-1,3,-8 D=2481,3501,-4,2,-2 L=1249,1250,1,0,-1 B=1235,1236,1,0,-16
mv D' code=0 aligned=1 homed=- ms=119.0 U=3135,3133,-2,2,1 R=1091,1090,-1,0,-1 F=674,674,0,3,-7 D=3501,439,10,3,0 L=1249,1250,1,0,-1 B=1236,1235,-1,0,-17
mv D code=0 aligned=1 homed=- ms=119.0 U=3135,3133,-2,2,1 R=1091,1090,-1,0,-1 F=674,673,-1,3,-8 D=439,3501,-10,2,-2 L=1249,1250,1,0,-1 B=1236,1236,0,0,-16
mv D code=0 aligned=1 homed=- ms=119.0 U=3135,3133,-2,2,1 R=1091,1091,0,0,0 F=674,674,0,3,-7 D=3502,2481,3,1,0 L=1249,1250,1,0,-1 B=1235,1236,1,0,-16
mv D' code=0 aligned=1 homed=- ms=119.0 U=3135,3133,-2,2,1 R=1091,1090,-1,0,-1 F=674,674,0,3,-7 D=2481,3501,-4,2,-2 L=1249,1250,1,0,-1 B=1235,1236,1,0,-16
mv D' code=0 aligned=1 homed=- ms=119.0 U=3135,3133,-2,2,1 R=1091,1090,-1,0,-1 F=674,673,-1,3,-8 D=3501,439,10,3,0 L=1249,1250,1,0,-1 B=1236,1236,0,0,-16
mv D code=0 aligned=1 homed=- ms=119.0 U=3135,3133,-2,2,1 R=1091,1090,-1,0,-1 F=674,673,-1,3,-8 D=439,3501,-10,2,-2 L=1249,1250,1,0,-1 B=1235,1236,1,0,-16
mv D code=0 aligned=1 homed=- ms=119.0 U=3135,3133,-2,2,1 R=1091,1090,-1,0,-1 F=674,673,-1,3,-8 D=3501,2481,4,1,0 L=1249,1250,1,0,-1 B=1236,1236,0,0,-16
mv D' code=0 aligned=1 homed=- ms=119.0 U=3135,3133,-2,2,1 R=1091,1090,-1,0,-1 F=674,673,-1,3,-8 D=2481,3501,-4,2,-2 L=1249,1250,1,0,-1 B=1235,1235,0,0,-17
mv D' code=0 aligned=1 homed=- ms=119.0 U=3135,3133,-2,2,1 R=1091,1091,0,0,0 F=674,673,-1,3,-8 D=3501,439,10,3,0 L=1249,1250,1,0,-1 B=1235,1235,0,0,-17
mv D code=0 aligned=1 homed=- ms=119.0 U=3135,3133,-2,2,1 R=1091,1091,0,0,0 F=674,673,-1,3,-8 D=439,3501,-10,2,-2 L=1249,1250,1,0,-1 B=1235,1236,1,0,-16
mv D code=0 aligned=1 homed=- ms=119.0 U=3135,3133,-2,2,1 R=1091,1090,-1,0,-1 F=674,673,-1,3,-8 D=3501,2481,4,1,0 L=1249,1250,1,0,-1 B=1235,1236,1,0,-16
mv D' code=0 aligned=1 homed=- ms=119.0 U=3135,3133,-2,2,1 R=1091,1090,-1,0,-1 F=674,674,0,3,-7 D=2481,3501,-4,2,-2 L=1249,1250,1,0,-1 B=1235,1236,1,0,-16
mv D' code=0 aligned=1 homed=- ms=119.0 U=3135,3133,-2,2,1 R=1091,1090,-1,0,-1 F=674,673,-1,3,-8 D=3501,439,10,3,0 L=1249,1250,1,0,-1 B=1236,1236,0,0,-16
mv D code=0 aligned=1 homed=- ms=119.0 U=3135,3133,-2,2,1 R=1091,1090,-1,0,-1 F=674,673,-1,3,-8 D=439,3501,-10,2,-2 L=1249,1250,1,0,-1 B=1235,1236,1,0,-16
mv D code=0 aligned=1 homed=- ms=119.0 U=3135,3133,-2,2,1 R=1091,1090,-1,0,-1 F=674,673,-1,3,-8 D=3501,2481,4,1,0 L=1249,1250,1,0,-1 B=1236,1235,-1,0,-17
mv D' code=0 aligned=1 homed=- ms=119.0 U=3135,3133,-2,2,1 R=1091,1090,-1,0,-1 F=674,674,0,3,-7 D=2481,3501,-4,2,-2 L=1249,1250,1,0,-1 B=1236,1236,0,0,-16
mv D' code=0 aligned=1 homed=- ms=119.0 U=3135,3133,-2,2,1 R=1091,1090,-1,0,-1 F=674,674,0,3,-7 D=3501,439,10,3,0 L=1249,1250,1,0,-1 B=1236,1235,-1,0,-17
mv D code=0 aligned=1 homed=- ms=119.0 U=3135,3133,-2,2,1 R=1091,1090,-1,0,-1 F=674,674,0,3,-7 D=439,3501,-10,2,-2 L=1249,1250,1,0,-1 B=1235,1235,0,0,-17
mv D code=0 aligned=1 homed=- ms=119.0 U=3135,3133,-2,2,1 R=1091,1090,-1,0,-1 F=674,673,-1,3,-8 D=3501,2481,4,1,0 L=1249,1250,1,0,-1 B=1235,1236,1,0,-16
mv D' code=0 aligned=1 homed=- ms=119.0 U=3135,3133,-2,2,1 R=1091,1090,-1,0,-1 F=674,674,0,3,-7 D=2481,3501,-4,2,-2 L=1249,1249,0,0,-2 B=1235,1236,1,0,-16
mv D' code=0 aligned=1 homed=- ms=119.0 U=3135,3133,-2,2,1 R=1091,1090,-1,0,-1 F=674,673,-1,3,-8 D=3501,439,10,3,0 L=1249,1250,1,0,-1 B=1235,1236,1,0,-16
mv D code=0 aligned=1 homed=- ms=119.0 U=3135,3133,-2,2,1 R=1091,1090,-1,0,-1 F=674,674,0,3,-7 D=439,3501,-10,2,-2 L=1250,1250,0,0,-1 B=1236,1236,0,0,-16
mv D code=0 aligned=1 homed=- ms=119.0 U=3135,3133,-2,2,1 R=1091,1090,-1,0,-1 F=674,674,0,3,-7 D=3501,2481,4,1,0 L=1249,1250,1,0,-1 B=1236,1236,0,0,-16
mv D' code=0 aligned=1 homed=- ms=119.0 U=3135,3133,-2,2,1 R=1091,1090,-1,0,-1 F=674,673,-1,3,-8 D=2481,3501,-4,2,-2 L=1249,1250,1,0,-1 B=1235,1236,1,0,-16
mv D' code=0 aligned=1 homed=- ms=119.0 U=3135,3133,-2,2,1 R=1091,1090,-1,0,-1 F=674,673,-1,3,-8 D=3501,439,10,3,0 L=1249,1250,1,0,-1 B=1235,1236,1,0,-16
mv D code=0 aligned=1 homed=- ms=119.0 U=3136,3133,-3,2,1 R=1091,1090,-1,0,-1 F=674,673,-1,3,-8 D=439,3501,-10,2,-2 L=1249,1249,0,0,-2 B=1235,1236,1,0,-16
mv D code=0 aligned=1 homed=- ms=119.0 U=3135,3133,-2,2,1 R=1091,1090,-1,0,-1 F=674,673,-1,3,-8 D=3501,2481,4,1,0 L=1249,1250,1,0,-1 B=1236,1236,0,0,-16
mv D' code=0 aligned=1 homed=- ms=119.0 U=3135,3133,-2,2,1 R=1091,1090,-1,0,-1 F=674,673,-1,3,-8 D=2481,3501,-4,2,-2 L=1249,1249,0,0,-2 B=1236,1236,0,0,-16
mv D' code=0 aligned=1 homed=- ms=119.0 U=3135,3133,-2,2,1 R=1091,1090,-1,0,-1 F=674,673,-1,3,-8 D=3501,439,10,3,0 L=1249,1249,0,0,-2 B=1236,1236,0,0,-16
mv D code=0 aligned=1 homed=- ms=119.0 U=3135,3133,-2,2,1 R=1091,1090,-1,0,-1 F=674,673,-1,3,-8 D=439,3501,-10,2,-2 L=1249,1250,1,0,-1 B=1236,1236,0,0,-16
mv D code=0 aligned=1 homed=- ms=119.0 U=3135,3133,-2,2,1 R=1091,1090,-1,0,-1 F=674,673,-1,3,-8 D=3501,2481,4,1,0 L=1249,1250,1,0,-1 B=1236,1235,-1,0,-17
mv D' code=0 aligned=1 homed=- ms=119.0 U=3135,3133,-2,2,1 R=1091,1090,-1,0,-1 F=674,673,-1,3,-8 D=2481,3501,-4,2,-2 L=1249,1249,0,0,-2 B=1235,1236,1,0,-16
mv D' code=0 aligned=1 homed=- ms=119.0 U=3135,3133,-2,2,1 R=1091,1090,-1,0,-1 F=674,673,-1,3,-8 D=3501,440,11,3,1 L=1249,1249,0,0,-2 B=1236,1236,0,0,-16
mv D code=0 aligned=1 homed=- ms=119.0 U=3135,3133,-2,2,1 R=1091,1091,0,0,0 F=674,673,-1,3,-8 D=439,3501,-10,2,-2 L=1249,1250,1,0,-1 B=1236,1236,0,0,-16
mv D code=0 aligned=1 homed=- ms=119.0 U=3135,3133,-2,2,1 R=1091,1090,-1,0,-1 F=674,673,-1,3,-8 D=3501,2481,4,1,0 L=1249,1250,1,0,-1 B=1236,1236,0,0,-16
mv D' code=0 aligned=1 homed=- ms=119.0 U=3135,3133,-2,2,1 R=1091,1090,-1,0,-1 F=674,673,-1,3,-8 D=2481,3501,-4,2,-2 L=1249,1250,1,0,-1 B=1236,1236,0,0,-16
mv D' code=0 aligned=1 homed=- ms=119.0 U=3135,3133,-2,2,1 R=1091,1090,-1,0,-1 F=674,673,-1,3,-8 D=3501,439,10,3,0 L=1250,1250,0,0,-1 B=1236,1236,0,0,-16
mv D code=0 aligned=1 homed=- ms=119.0 U=3135,3133,-2,2,1 R=1091,1090,-1,0,-1 F=674,674,0,3,-7 D=439,3501,-10,2,-2 L=1249,1249,0,0,-2 B=1236,1236,0,0,-16
mv D code=0 aligned=1 homed=- ms=119.0 U=3135,3133,-2,2,1 R=1091,1090,-1,0,-1 F=674,674,0,3,-7 D=3501,2481,4,1,0 L=1249,1249,0,0,-2 B=1236,1235,-1,0,-17
mv D' code=0 aligned=1 homed=- ms=119.0 U=3135,3133,-2,2,1 R=1091,1090,-1,0,-1 F=674,673,-1,3,-8 D=2481,3501,-4,2,-2 L=1249,1250,1,0,-1 B=1236,1236,0,0,-16
mv D' code=0 aligned=1 homed=- ms=119.0 U=3135,3133,-2,2,1 R=1091,1090,-1,0,-1 F=674,674,0,3,-7 D=3501,439,10,3,0 L=1249,1250,1,0,-1 B=1236,1236,0,0,-16
mv D code=0 aligned=1 homed=- ms=119.0 U=3135,3133,-2,2,1 R=1091,1090,-1,0,-1 F=674,673,-1,3,-8 D=439,3501,-10,2,-2 L=1249,1250,1,0,-1 B=1236,1236,0,0,-16
mv D code=0 aligned=1 homed=- ms=119.0 U=3135,3133,-2,2,1 R=1091,1090,-1,0,-1 F=674,673,-1,3,-8 D=3501,2481,4,1,0 L=1249,1250,1,0,-1 B=1235,1236,1,0,-16
mv D' code=0 aligned=1 homed=- ms=119.0 U=3136,3133,-3,2,1 R=1091,1090,-1,0,-1 F=674,673,-1,3,-8 D=2481,3501,-4,2,-2 L=1249,1249,0,0,-2 B=1236,1236,0,0,-16
mv D' code=0 aligned=1 homed=- ms=119.0 U=3136,3133,-3,2,1 R=1091,1090,-1,0,-1 F=674,673,-1,3,-8 D=3501,439,10,3,0 L=1249,1249,0,0,-2 B=1236,1236,0,0,-16
mv D code=0 aligned=1 homed=- ms=119.0 U=3135,3133,-2,2,1 R=1091,1090,-1,0,-1 F=674,673,-1,3,-8 D=439,3501,-10,2,-2 L=1250,1250,0,0,-1 B=1235,1236,1,0,-16
mv D code=0 aligned=1 homed=- ms=119.0 U=3135,3133,-2,2,1 R=1091,1090,-1,0,-1 F=674,674,0,3,-7 D=3501,2481,4,1,0 L=1249,1250,1,0,-1 B=1236,1236,0,0,-16
mv D' code=0 aligned=1 homed=- ms=119.0 U=3135,3133,-2,2,1 R=1091,1090,-1,0,-1 F=674,673,-1,3,-8 D=2481,3501,-4,2,-2 L=1249,1250,1,0,-1 B=1235,1236,1,0,-16
mv D' code=0 aligned=1 homed=- ms=119.0 U=3135,3133,-2,2,1 R=1091,1090,-1,0,-1 F=674,674,0,3,-7 D=3501,439,10,3,0 L=1249,1250,1,0,-1 B=1236,1236,0,0,-16
mv D code=0 aligned=1 homed=- ms=119.0 U=3135,3133,-2,2,1 R=1091,1090,-1,0,-1 F=674,674,0,3,-7 D=439,3501,-10,2,-2 L=1249,1250,1,0,-1 B=1236,1236,0,0,-16
mv D code=0 aligned=1 homed=- ms=119.0 U=3135,3133,-2,2,1 R=1091,1090,-1,0,-1 F=674,673,-1,3,-8 D=3502,2481,3,1,0 L=1249,1250,1,0,-1 B=1236,1236,0,0,-16
mv D' code=0 aligned=1 homed=- ms=119.0 U=3135,3133,-2,2,1 R=1091,1090,-1,0,-1 F=674,673,-1,3,-8 D=2481,3501,-4,2,-2 L=1250,1249,-1,0,-2 B=1236,1235,-1,0,-17
mv D' code=0 aligned=1 homed=- ms=119.0 U=3135,3133,-2,2,1 R=1091,1090,-1,0,-1 F=674,673,-1,3,-8 D=3501,439,10,3,0 L=1250,1249,-1,0,-2 B=1235,1236,1,0,-16
mv D code=0 aligned=1 homed=- ms=119.0 U=3135,3133,-2,2,1 R=1091,1090,-1,0,-1 F=674,674,0,3,-7 D=439,3501,-10,2,-2 L=1249,1249,0,0,-2 B=1236,1235,-1,0,-17
mv D code=0 aligned=1 homed=- ms=119.0 U=3136,3133,-3,2,1 R=1091,1091,0,0,0 F=674,673,-1,3,-8 D=3501,2481,4,1,0 L=1249,1249,0,0,-2 B=1236,1236,0,0,-16
mv D' code=0 aligned=1 homed=- ms=119.0 U=3135,3133,-2,2,1 R=1091,1090,-1,0,-1 F=674,673,-1,3,-8 D=2481,3501,-4,2,-2 L=1249,1249,0,0,-2 B=1235,1236,1,0,-16
mv D' code=0 aligned=1 homed=- ms=119.0 U=3135,3133,-2,2,1 R=1091,1090,-1,0,-1 F=674,673,-1,3,-8 D=3501,439,10,3,0 L=1249,1249,0,0,-2 B=1235,1235,0,0,-17
mv D code=0 aligned=1 homed=- ms=119.0 U=3135,3133,-2,2,1 R=1091,1090,-1,0,-1 F=674,673,-1,3,-8 D=439,3501,-10,2,-2 L=1249,1250,1,0,-1 B=1236,1236,0,0,-16
mv D code=0 aligned=1 homed=- ms=119.0 U=3135,3133,-2,2,1 R=1091,1090,-1,0,-1 F=674,673,-1,3,-8 D=3501,2481,4,1,0 L=1249,1249,0,0,-2 B=1236,1236,0,0,-16
mv D' code=0 aligned=1 homed=- ms=119.0 U=3135,3133,-2,2,1 R=1091,1090,-1,0,-1 F=674,674,0,3,-7 D=2481,3501,-4,2,-2 L=1249,1250,1,0,-1 B=1236,1236,0,0,-16
mv D' code=0 aligned=1 homed=- ms=119.0 U=3135,3133,-2,2,1 R=1091,1090,-1,0,-1 F=674,674,0,3,-7 D=3501,439,10,3,0 L=1249,1250,1,0,-1 B=1235,1236,1,0,-16
mv D code=0 aligned=1 homed=- ms=119.0 U=3135,3133,-2,2,1 R=1091,1090,-1,0,-1 F=674,673,-1,3,-8 D=439,3501,-10,2,-2 L=1249,1250,1,0,-1 B=1235,1236,1,0,-16
mv D code=0 aligned=1 homed=- ms=119.0 U=3135,3133,-2,2,1 R=1091,1090,-1,0,-1 F=674,673,-1,3,-8 D=3501,2481,4,1,0 L=1249,1250,1,0,-1 B=1235,1236,1,0,-16
mv D' code=0 aligned=1 homed=- ms=119.0 U=3135,3133,-2,2,1 R=1091,1090,-1,0,-1 F=674,673,-1,3,-8 D=2481,3501,-4,2,-2 L=1249,1249,0,0,-2 B=1235,1235,0,0,-17
mv D' code=0 aligned=1 homed=- ms=119.0 U=3135,3133,-2,2,1 R=1091,1090,-1,0,-1 F=674,673,-1,3,-8 D=3501,439,10,3,0 L=1249,1249,0,0,-2 B=1236,1236,0,0,-16
mv D code=0 aligned=1 homed=- ms=119.0 U=3135,3133,-2,2,1 R=1091,1090,-1,0,-1 F=674,673,-1,3,-8 D=439,3501,-10,2,-2 L=1249,1250,1,0,-1 B=1235,1236,1,0,-16
mv D code=0 aligned=1 homed=- ms=119.0 U=3135,3133,-2,2,1 R=1091,1090,-1,0,-1 F=674,673,-1,3,-8 D=3502,2481,3,1,0 L=1249,1249,0,0,-2 B=1236,1236,0,0,-16
mv D' code=0 aligned=1 homed=- ms=119.0 U=3135,3133,-2,2,1 R=1091,1090,-1,0,-1 F=674,673,-1,3,-8 D=2481,3501,-4,2,-2 L=1249,1250,1,0,-1 B=1236,1236,0,0,-16
mv D' code=0 aligned=1 homed=- ms=119.0 U=3135,3133,-2,2,1 R=1091,1090,-1,0,-1 F=674,673,-1,3,-8 D=3501,439,10,3,0 L=1249,1250,1,0,-1 B=1235,1236,1,0,-16
mv D code=0 aligned=1 homed=- ms=119.0 U=3135,3133,-2,2,1 R=1091,1090,-1,0,-1 F=674,673,-1,3,-8 D=439,3501,-10,2,-2 L=1249,1250,1,0,-1 B=1236,1236,0,0,-16
mv D code=0 aligned=1 homed=- ms=119.0 U=3135,3133,-2,2,1 R=1091,1090,-1,0,-1 F=674,673,-1,3,-8 D=3501,2481,4,1,0 L=1249,1250,1,0,-1 B=1235,1236,1,0,-16
mv D' code=0 aligned=1 homed=- ms=119.0 U=3135,3133,-2,2,1 R=1091,1090,-1,0,-1 F=674,673,-1,3,-8 D=2481,3501,-4,2,-2 L=1250,1250,0,0,-1 B=1236,1236,0,0,-16
mv D' code=0 aligned=1 homed=- ms=119.0 U=3135,3133,-2,2,1 R=1091,1091,0,0,0 F=674,673,-1,3,-8 D=3501,440,11,3,1 L=1249,1249,0,0,-2 B=1236,1236,0,0,-16
mv D code=0 aligned=1 homed=- ms=119.0 U=3135,3133,-2,2,1 R=1091,1091,0,0,0 F=674,673,-1,3,-8 D=439,3501,-10,2,-2 L=1249,1250,1,0,-1 B=1236,1236,0,0,-16
mv D code=0 aligned=1 homed=- ms=119.0 U=3135,3133,-2,2,1 R=1091,1090,-1,0,-1 F=674,673,-1,3,-8 D=3502,2481,3,1,0 L=1249,1250,1,0,-1 B=1235,1236,1,0,-16
mv D' code=0 aligned=1 homed=- ms=119.0 U=3135,3133,-2,2,1 R=1091,1091,0,0,0 F=674,673,-1,3,-8 D=2481,3501,-4,2,-2 L=1249,1250,1,0,-1 B=1235,1236,1,0,-16
mv D' code=0 aligned=1 homed=- ms=119.0 U=3135,3133,-2,2,1 R=1091,1091,0,0,0 F=674,673,-1,3,-8 D=3501,440,11,3,1 L=1249,1249,0,0,-2 B=1236,1236,0,0,-16
mv D code=0 aligned=1 homed=- ms=119.0 U=3135,3133,-2,2,1 R=1091,1090,-1,0,-1 F=674,673,-1,3,-8 D=439,3501,-10,2,-2 L=1249,1249,0,0,-2 B=1236,1236,0,0,-16
mv D code=0 aligned=1 homed=- ms=119.0 U=3135,3133,-2,2,1 R=1091,1091,0,0,0 F=674,674,0,3,-7 D=3501,2481,4,1,0 L=1249,1249,0,0,-2 B=1236,1236,0,0,-16
mv D' code=0 aligned=1 homed=- ms=119.0 U=3135,3133,-2,2,1 R=1091,1090,-1,0,-1 F=674,673,-1,3,-8 D=2481,3501,-4,2,-2 L=1249,1249,0,0,-2 B=1236,1235,-1,0,-17
mv D' code=0 aligned=1 homed=- ms=119.0 U=3135,3133,-2,2,1 R=1091,1090,-1,0,-1 F=674,673,-1,3,-8 D=3501,439,10,3,0 L=1249,1250,1,0,-1 B=1236,1236,0,0,-16
mv D code=0 aligned=1 homed=- ms=119.0 U=3135,3133,-2,2,1 R=1091,1090,-1,0,-1 F=674,673,-1,3,-8 D=439,3501,-10,2,-2 L=1250,1250,0,0,-1 B=1235,1236,1,0,-16
mv D code=0 aligned=1 homed=- ms=119.0 U=3135,3133,-2,2,1 R=1091,1090,-1,0,-1 F=674,673,-1,3,-8 D=3501,2481,4,1,0 L=1249,1250,1,0,-1 B=1236,1235,-1,0,-17
mv D' code=0 aligned=1 homed=- ms=119.0 U=3135,3133,-2,2,1 R=1091,1090,-1,0,-1 F=674,673,-1,3,-8 D=2481,3501,-4,2,-2 L=1249,1250,1,0,-1 B=1235,1236,1,0,-16
mv D' code=0 aligned=1 homed=- ms=119.0 U=3135,3133,-2,2,1 R=1091,1090,-1,0,-1 F=674,674,0,3,-7 D=3501,439,10,3,0 L=1249,1250,1,0,-1 B=1236,1236,0,0,-16
mv D code=0 aligned=1 homed=- ms=119.0 U=3135,3133,-2,2,1 R=1091,1090,-1,0,-1 F=674,673,-1,3,-8 D=439,3501,-10,2,-2 L=1249,1249,0,0,-2 B=1235,1236,1,0,-16
mv D code=0 aligned=1 homed=- ms=119.0 U=3135,3133,-2,2,1 R=1091,1090,-1,0,-1 F=674,673,-1,3,-8 D=3501,2481,4,1,0 L=1249,1250,1,0,-1 B=1235,1236,1,0,-16
mv D' code=0 aligned=1 homed=- ms=119.0 U=3135,3133,-2,2,1 R=1091,1090,-1,0,-1 F=674,673,-1,3,-8 D=2481,3501,-4,2,-2 L=1249,1250,1,0,-1 B=1235,1236,1,0,-16
mv D' code=0 aligned=1 homed=- ms=119.0 U=3135,3133,-2,2,1 R=1091,1091,0,0,0 F=674,674,0,3,-7 D=3501,439,10,3,0 L=1249,1250,1,0,-1 B=1235,1236,1,0,-16
mv D code=0 aligned=1 homed=- ms=119.0 U=3135,3133,-2,2,1 R=1091,1090,-1,0,-1 F=674,674,0,3,-7 D=439,3501,-10,2,-2 L=1250,1250,0,0,-1 B=1235,1236,1,0,-16
mv D code=0 aligned=1 homed=- ms=119.0 U=3135,3133,-2,2,1 R=1091,1090,-1,0,-1 F=674,673,-1,3,-8 D=3502,2481,3,1,0 L=1249,1250,1,0,-1 B=1236,1236,0,0,-16
mv D' code=0 aligned=1 homed=- ms=119.0 U=3135,3133,-2,2,1 R=1091,1090,-1,0,-1 F=674,673,-1,3,-8 D=2481,3501,-4,2,-2 L=1249,1249,0,0,-2 B=1235,1236,1,0,-16
mv D' code=0 aligned=1 homed=- ms=119.0 U=3135,3133,-2,2,1 R=1091,1090,-1,0,-1 F=674,673,-1,3,-8 D=3501,440,11,3,1 L=1249,1250,1,0,-1 B=1236,1236,0,0,-16
mv D code=0 aligned=1 homed=- ms=119.0 U=3135,3133,-2,2,1 R=1091,1090,-1,0,-1 F=674,674,0,3,-7 D=439,3501,-10,2,-2 L=1249,1250,1,0,-1 B=1235,1236,1,0,-16
mv D code=0 aligned=1 homed=- ms=119.0 U=3135,3133,-2,2,1 R=1091,1090,-1,0,-1 F=674,674,0,3,-7 D=3501,2481,4,1,0 L=1249,1250,1,0,-1 B=1235,1236,1,0,-16
mv D' code=0 aligned=1 homed=- ms=119.0 U=3135,3133,-2,2,1 R=1091,1090,-1,0,-1 F=674,673,-1,3,-8 D=2481,3501,-4,2,-2 L=1249,1249,0,0,-2 B=1235,1236,1,0,-16
mv D' code=0 aligned=1 homed=- ms=119.0 U=3135,3133,-2,2,1 R=1091,1090,-1,0,-1 F=674,673,-1,3,-8 D=3502,439,9,3,0 L=1249,1250,1,0,-1 B=1236,1236,0,0,-16
mv D code=0 aligned=1 homed=- ms=119.0 U=3135,3133,-2,2,1 R=1091,1090,-1,0,-1 F=674,673,-1,3,-8 D=439,3501,-10,2,-2 L=1249,1250,1,0,-1 B=1235,1236,1,0,-16
mv D code=0 aligned=1 homed=- ms=119.0 U=3135,3133,-2,2,1 R=1091,1090,-1,0,-1 F=674,673,-1,3,-8 D=3502,2481,3,1,0 L=1249,1249,0,0,-2 B=1236,1236,0,0,-16
mv D' code=0 aligned=1 homed=- ms=119.0 U=3136,3133,-3,2,1 R=1091,1090,-1,0,-1 F=674,673,-1,3,-8 D=2481,3501,-4,2,-2 L=1249,1250,1,0,-1 B=1235,1236,1,0,-16
mv D' code=0 aligned=1 homed=- ms=119.0 U=3135,3133,-2,2,1 R=1091,1090,-1,0,-1 F=674,673,-1,3,-8 D=3501,439,10,3,0 L=1249,1250,1,0,-1 B=1236,1236,0,0,-16
mv D code=0 aligned=1 homed=- ms=119.0 U=3135,3133,-2,2,1 R=1091,1090,-1,0,-1 F=674,673,-1,3,-8 D=439,3501,-10,2,-2 L=1249,1250,1,0,-1 B=1235,1236,1,0,-16
mv D code=0 aligned=1 homed=- ms=119.0 U=3135,3133,-2,2,1 R=1091,1090,-1,0,-1 F=674,673,-1,3,-8 D=3502,2481,3,1,0 L=1249,1250,1,0,-1 B=1236,1236,0,0,-16
mv D' code=0 aligned=1 homed=- ms=119.0 U=3135,3133,-2,2,1 R=1091,1090,-1,0,-1 F=674,673,-1,3,-8 D=2481,3501,-4,2,-2 L=1249,1250,1,0,-1 B=1235,1236,1,0,-16
mv D' code=0 aligned=1 homed=- ms=119.0 U=3135,3133,-2,2,1 R=1091,1090,-1,0,-1 F=674,674,0,3,-7 D=3501,439,10,3,0 L=1249,1250,1,0,-1 B=1235,1235,0,0,-17
mv D code=0 aligned=1 homed=- ms=119.0 U=3135,3133,-2,2,1 R=1091,1091,0,0,0 F=674,673,-1,3,-8 D=439,3501,-10,2,-2 L=1249,1249,0,0,-2 B=1235,1236,1,0,-16
mv D code=0 aligned=1 homed=- ms=119.0 U=3135,3133,-2,2,1 R=1091,1090,-1,0,-1 F=674,674,0,3,-7 D=3501,2481,4,1,0 L=1249,1250,1,0,-1 B=1235,1236,1,0,-16
mv D' code=0 aligned=1 homed=- ms=119.0 U=3135,3133,-2,2,1 R=1091,1090,-1,0,-1 F=674,673,-1,3,-8 D=2481,3501,-4,2,-2 L=1249,1249,0,0,-2 B=1235,1235,0,0,-17
mv D' code=0 aligned=1 homed=- ms=119.0 U=3135,3133,-2,2,1 R=1091,1090,-1,0,-1 F=674,673,-1,3,-8 D=3501,439,10,3,0 L=1249,1250,1,0,-1 B=1236,1236,0,0,-16
mv D code=0 aligned=1 homed=- ms=119.0 U=3135,3133,-2,2,1 R=1091,1091,0,0,0 F=674,674,0,3,-7 D=439,3501,-10,2,-2 L=1249,1250,1,0,-1 B=1235,1236,1,0,-16
mv D code=0 aligned=1 homed=- ms=119.0 U=3135,3133,-2,2,1 R=1091,1090,-1,0,-1 F=674,674,0,3,-7 D=3502,2481,3,1,0 L=1250,1249,-1,0,-2 B=1236,1236,0,0,-16
mv D' code=0 aligned=1 homed=- ms=119.0 U=3135,3133,-2,2,1 R=1091,1090,-1,0,-1 F=674,674,0,3,-7 D=2481,3501,-4,2,-2 L=1249,1250,1,0,-1 B=1236,1236,0,0,-16
mv D' code=0 aligned=1 homed=- ms=119.0 U=3135,3133,-2,2,1 R=1091,1090,-1,0,-1 F=674,673,-1,3,-8 D=3501,439,10,3,0 L=1249,1249,0,0,-2 B=1235,1236,1,0,-16
mv D code=0 aligned=1 homed=- ms=119.0 U=3135,3133,-2,2,1 R=1091,1090,-1,0,-1 F=674,673,-1,3,-8 D=439,3501,-10,2,-2 L=1249,1250,1,0,-1 B=1235,1236,1,0,-16
mv D code=0 aligned=1 homed=- ms=119.0 U=3135,3133,-2,2,1 R=1091,1090,-1,0,-1 F=674,673,-1,3,-8 D=3501,2481,4,1,0 L=1249,1250,1,0,-1 B=1235,1236,1,0,-16
mv D' code=0 aligned=1 homed=- ms=119.0 U=3135,3133,-2,2,1 R=1091,1090,-1,0,-1 F=674,673,-1,3,-8 D=2481,3501,-4,2,-2 L=1249,1249,0,0,-2 B=1235,1236,1,0,-16
mv D' code=0 aligned=1 homed=- ms=119.0 U=3135,3133,-2,2,1 R=1091,1091,0,0,0 F=674,673,-1,3,-8 D=3501,439,10,3,0 L=1249,1249,0,0,-2 B=1235,1236,1,0,-16
mv D code=0 aligned=1 homed=- ms=119.0 U=3135,3133,-2,2,1 R=1091,1090,-1,0,-1 F=674,673,-1,3,-8 D=439,3501,-10,2,-2 L=1249,1250,1,0,-1 B=1236,1236,0,0,-16
mv D code=0 aligned=1 homed=- ms=119.0 U=3136,3133,-3,2,1 R=1091,1090,-1,0,-1 F=674,673,-1,3,-8 D=3501,2481,4,1,0 L=1249,1250,1,0,-1 B=1236,1236,0,0,-16
mv D' code=0 aligned=1 homed=- ms=119.0 U=3135,3133,-2,2,1 R=1091,1090,-1,0,-1 F=674,673,-1,3,-8 D=2481,3501,-4,2,-2 L=1249,1250,1,0,-1 B=1235,1236,1,0,-16
mv D' code=0 aligned=1 homed=- ms=119.0 U=3135,3133,-2,2,1 R=1091,1090,-1,0,-1 F=674,674,0,3,-7 D=3501,439,10,3,0 L=1249,1250,1,0,-1 B=1236,1236,0,0,-16
mv D code=0 aligned=1 homed=- ms=119.0 U=3135,3133,-2,2,1 R=1091,1090,-1,0,-1 F=674,673,-1,3,-8 D=439,3501,-10,2,-2 L=1249,1250,1,0,-1 B=1236,1236,0,0,-16
mv D code=0 aligned=1 homed=- ms=119.0 U=3135,3133,-2,2,1 R=1091,1090,-1,0,-1 F=674,674,0,3,-7 D=3501,2481,4,1,0 L=1249,1249,0,0,-2 B=1235,1235,0,0,-17
mv D' code=0 aligned=1 homed=- ms=119.0 U=3135,3133,-2,2,1 R=1091,1090,-1,0,-1 F=674,673,-1,3,-8 D=2481,3501,-4,2,-2 L=1249,1250,1,0,-1 B=1236,1236,0,0,-16
mv D' code=0 aligned=1 homed=- ms=119.0 U=3135,3133,-2,2,1 R=1091,1090,-1,0,-1 F=674,673,-1,3,-8 D=3501,439,10,3,0 L=1249,1250,1,0,-1 B=1235,1236,1,0,-16
mv D code=0 aligned=1 homed=- ms=119.0 U=3136,3133,-3,2,1 R=1091,1090,-1,0,-1 F=674,673,-1,3,-8 D=439,3501,-10,2,-2 L=1249,1250,1,0,-1 B=1235,1236,1,0,-16
mv D code=0 aligned=1 homed=- ms=119.0 U=3135,3133,-2,2,1 R=1091,1090,-1,0,-1 F=674,674,0,3,-7 D=3502,2481,3,1,0 L=1249,1250,1,0,-1 B=1236,1236,0,0,-16
mv D' code=0 aligned=1 homed=- ms=119.0 U=3135,3133,-2,2,1 R=1091,1091,0,0,0 F=674,673,-1,3,-8 D=2481,3500,-5,2,-3 L=1249,1250,1,0,-1 B=1236,1236,0,0,-16
mv D' code=0 aligned=1 homed=- ms=119.0 U=3135,3133,-2,2,1 R=1091,1090,-1,0,-1 F=674,673,-1,3,-8 D=3501,439,10,3,0 L=1249,1250,1,0,-1 B=1236,1236,0,0,-16
mv D code=0 aligned=1 homed=- ms=119.0 U=3135,3133,-2,2,1 R=1091,1090,-1,0,-1 F=674,673,-1,3,-8 D=439,3501,-10,2,-2 L=1250,1250,0,0,-1 B=1236,1236,0,0,-16
mv D code=0 aligned=1 homed=- ms=119.0 U=3135,3133,-2,2,1 R=1091,1090,-1,0,-1 F=674,673,-1,3,-8 D=3502,2481,3,1,0 L=1249,1250,1,0,-1 B=1236,1236,0,0,-16
mv D' code=0 aligned=1 homed=- ms=119.0 U=3135,3133,-2,2,1 R=1091,1090,-1,0,-1 F=674,674,0,3,-7 D=2481,3501,-4,2,-2 L=1250,1250,0,0,-1 B=1235,1236,1,0,-16
mv D' code=0 aligned=1 homed=- ms=119.0 U=3135,3133,-2,2,1 R=1091,1090,-1,0,-1 F=674,674,0,3,-7 D=3501,439,10,3,0 L=1250,1249,-1,0,-2 B=1235,1236,1,0,-16
mv D code=0 aligned=1 homed=- ms=119.0 U=3135,3133,-2,2,1 R=1091,1090,-1,0,-1 F=674,674,0,3,-7 D=439,3501,-10,2,-2 L=1249,1250,1,0,-1 B=1236,1235,-1,0,-17
mv D code=0 aligned=1 homed=- ms=119.0 U=3135,3133,-2,2,1 R=1091,1090,-1,0,-1 F=674,673,-1,3,-8 D=3501,2481,4,1,0 L=1249,1250,1,0,-1 B=1236,1236,0,0,-16
mv D' code=0 aligned=1 homed=- ms=119.0 U=3135,3133,-2,2,1 R=1091,1090,-1,0,-1 F=674,673,-1,3,-8 D=2481,3501,-4,2,-2 L=1249,1250,1,0,-1 B=1236,1236,0,0,-16
mv D' code=0 aligned=1 homed=- ms=119.0 U=3135,3133,-2,2,1 R=1091,1090,-1,0,-1 F=674,674,0,3,-7 D=3501,439,10,3,0 L=1249,1249,0,0,-2 B=1235,1236,1,0,-16
mv D code=0 aligned=1 homed=- ms=119.0 U=3136,3133,-3,2,1 R=1091,1090,-1,0,-1 F=674,673,-1,3,-8 D=439,3501,-10,2,-2 L=1249,1250,1,0,-1 B=1236,1236,0,0,-16
mv D code=0 aligned=1 homed=- ms=119.0 U=3135,3133,-2,2,1 R=1091,1090,-1,0,-1 F=674,673,-1,3,-8 D=3501,2481,4,1,0 L=1249,1250,1,0,-1 B=1236,1236,0,0,-16
mv D' code=0 aligned=1 homed=- ms=119.0 U=3135,3133,-2,2,1 R=1091,1090,-1,0,-1 F=674,673,-1,3,-8 D=2481,3501,-4,2,-2 L=1249,1250,1,0,-1 B=1235,1236,1,0,-16
mv D' code=0 aligned=1 homed=- ms=119.0 U=3135,3133,-2,2,1 R=1091,1090,-1,0,-1 F=674,674,0,3,-7 D=3501,440,11,3,1 L=1249,1250,1,0,-1 B=1235,1236,1,0,-16
mv D code=0 aligned=1 homed=- ms=119.0 U=3135,3133,-2,2,1 R=1091,1090,-1,0,-1 F=674,673,-1,3,-8 D=439,3501,-10,2,-2 L=1249,1250,1,0,-1 B=1235,1236,1,0,-16
mv D code=0 aligned=1 homed=- ms=119.0 U=3135,3133,-2,2,1 R=1091,1091,0,0,0 F=674,673,-1,3,-8 D=3501,2481,4,1,0 L=1249,1250,1,0,-1 B=1235,1236,1,0,-16
mv D' code=0 aligned=1 homed=- ms=119.0 U=3135,3133,-2,2,1 R=1091,1090,-1,0,-1 F=674,673,-1,3,-8 D=2481,3501,-4,2,-2 L=1249,1250,1,0,-1 B=1236,1236,0,0,-16
mv D' code=0 aligned=1 homed=- ms=119.0 U=3135,3133,-2,2,1 R=1091,1090,-1,0,-1 F=674,673,-1,3,-8 D=3501,439,10,3,0 L=1249,1249,0,0,-2 B=1235,1236,1,0,-16
mv D code=0 aligned=1 homed=- ms=119.0 U=3135,3133,-2,2,1 R=1091,1091,0,0,0 F=674,673,-1,3,-8 D=439,3501,-10,2,-2 L=1249,1250,1,0,-1 B=1235,1236,1,0,-16
mv D code=0 aligned=1 homed=- ms=119.0 U=3135,3133,-2,2,1 R=1091,1090,-1,0,-1 F=674,674,0,3,-7 D=3501,2481,4,1,0 L=1249,1250,1,0,-1 B=1235,1236,1,0,-16
mv D' code=0 aligned=1 homed=- ms=119.0 U=3135,3133,-2,2,1 R=1091,1090,-1,0,-1 F=674,673,-1,3,-8 D=2481,3501,-4,2,-2 L=1249,1250,1,0,-1 B=1235,1236,1,0,-16
mv D' code=0 aligned=1 homed=- ms=119.0 U=3135,3133,-2,2,1 R=1091,1090,-1,0,-1 F=674,674,0,3,-7 D=3501,439,10,3,0 L=1249,1250,1,0,-1 B=1236,1236,0,0,-16
mv D code=0 aligned=1 homed=- ms=119.0 U=3135,3133,-2,2,1 R=1091,1090,-1,0,-1 F=674,674,0,3,-7 D=439,3501,-10,2,-2 L=1249,1249,0,0,-2 B=1235,1236,1,0,-16
mv D code=0 aligned=1 homed=- ms=119.0 U=3135,3133,-2,2,1 R=1091,1090,-1,0,-1 F=674,673,-1,3,-8 D=3502,2481,3,1,0 L=1249,1250,1,0,-1 B=1236,1236,0,0,-16
mv D' code=0 aligned=1 homed=- ms=119.0 U=3136,3133,-3,2,1 R=1091,1090,-1,0,-1 F=674,673,-1,3,-8 D=2481,3501,-4,2,-2 L=1249,1250,1,0,-1 B=1236,1236,0,0,-16
mv D' code=0 aligned=1 homed=- ms=119.0 U=3135,3133,-2,2,1 R=1091,1091,0,0,0 F=674,673,-1,3,-8 D=3501,439,10,3,0 L=1249,1250,1,0,-1 B=1235,1236,1,0,-16
mv D code=0 aligned=1 homed=- ms=119.0 U=3135,3133,-2,2,1 R=1091,1090,-1,0,-1 F=674,674,0,3,-7 D=439,3501,-10,2,-2 L=1249,1249,0,0,-2 B=1235,1236,1,0,-16
mv D code=0 aligned=1 homed=- ms=119.0 U=3135,3133,-2,2,1 R=1091,1090,-1,0,-1 F=674,673,-1,3,-8 D=3501,2481,4,1,0 L=1249,1250,1,0,-1 B=1236,1236,0,0,-16
mv D' code=0 aligned=1 homed=- ms=119.0 U=3135,3133,-2,2,1 R=1091,1090,-1,0,-1 F=674,673,-1,3,-8 D=2481,3501,-4,2,-2 L=1249,1250,1,0,-1 B=1236,1236,0,0,-16
mv D' code=0 aligned=1 homed=- ms=119.0 U=3135,3133,-2,2,1 R=1091,1090,-1,0,-1 F=674,673,-1,3,-8 D=3501,439,10,3,0 L=1249,1250,1,0,-1 B=1235,1236,1,0,-16
mv D code=0 aligned=1 homed=- ms=119.0 U=3135,3133,-2,2,1 R=1091,1090,-1,0,-1 F=674,674,0,3,-7 D=439,3501,-10,2,-2 L=1249,1250,1,0,-1 B=1235,1236,1,0,-16
mv D code=0 aligned=1 homed=- ms=119.0 U=3135,3133,-2,2,1 R=1091,1090,-1,0,-1 F=674,673,-1,3,-8 D=3501,2481,4,1,0 L=1249,1250,1,0,-1 B=1235,1236,1,0,-16
mv D' code=0 aligned=1 homed=- ms=119.0 U=3135,3133,-2,2,1 R=1091,1090,-1,0,-1 F=674,673,-1,3,-8 D=2481,3501,-4,2,-2 L=1249,1250,1,0,-1 B=1236,1236,0,0,-16
mv D' code=0 aligned=1 homed=- ms=119.0 U=3135,3133,-2,2,1 R=1091,1090,-1,0,-1 F=674,673,-1,3,-8 D=3501,439,10,3,0 L=1249,1250,1,0,-1 B=1236,1236,0,0,-16
mv D code=0 aligned=1 homed=- ms=119.0 U=3135,3133,-2,2,1 R=1091,1091,0,0,0 F=674,674,0,3,-7 D=439,3501,-10,2,-2 L=1249,1249,0,0,-2 B=1236,1236,0,0,-16
mv D code=0 aligned=1 homed=- ms=119.0 U=3135,3133,-2,2,1 R=1091,1091,0,0,0 F=674,673,-1,3,-8 D=3501,2481,4,1,0 L=1249,1250,1,0,-1 B=1235,1236,1,0,-16
mv D' code=0 aligned=1 homed=- ms=119.0 U=3135,3133,-2,2,1 R=1091,1090,-1,0,-1 F=674,674,0,3,-7 D=2481,3501,-4,2,-2 L=1249,1250,1,0,-1 B=1235,1236,1,0,-16
mv D' code=0 aligned=1 homed=- ms=119.0 U=3135,3133,-2,2,1 R=1091,1090,-1,0,-1 F=674,673,-1,3,-8 D=3501,440,11,3,1 L=1249,1250,1,0,-1 B=1235,1235,0,0,-17
mv D code=0 aligned=1 homed=- ms=119.0 U=3135,3133,-2,2,1 R=1091,1090,-1,0,-1 F=674,673,-1,3,-8 D=439,3501,-10,2,-2 L=1249,1249,0,0,-2 B=1235,1235,0,0,-17
mv D code=0 aligned=1 homed=- ms=119.0 U=3135,3133,-2,2,1 R=1091,1090,-1,0,-1 F=674,673,-1,3,-8 D=3501,2481,4,1,0 L=1250,1250,0,0,-1 B=1236,1236,0,0,-16
mv D' code=0 aligned=1 homed=- ms=119.0 U=3136,3133,-3,2,1 R=1091,1090,-1,0,-1 F=674,673,-1,3,-8 D=2481,3501,-4,2,-2 L=1249,1249,0,0,-2 B=1236,1236,0,0,-16
mv D' code=0 aligned=1 homed=- ms=119.0 U=3135,3133,-2,2,1 R=1091,1090,-1,0,-1 F=674,673,-1,3,-8 D=3501,439,10,3,0 L=1249,1250,1,0,-1 B=1236,1236,0,0,-16
mv D code=0 aligned=1 homed=- ms=119.0 U=3135,3133,-2,2,1 R=1091,1090,-1,0,-1 F=674,673,-1,3,-8 D=439,3501,-10,2,-2 L=1249,1249,0,0,-2 B=1235,1235,0,0,-17
mv D code=0 aligned=1 homed=- ms=119.0 U=3135,3133,-2,2,1 R=1091,1090,-1,0,-1 F=674,673,-1,3,-8 D=3502,2481,3,1,0 L=1249,1250,1,0,-1 B=1236,1236,0,0,-16
mv D' code=0 aligned=1 homed=- ms=119.0 U=3135,3134,-1,2,2 R=1091,1090,-1,0,-1 F=674,673,-1,3,-8 D=2481,3501,-4,2,-2 L=1249,1250,1,0,-1 B=1236,1236,0,0,-16
mv D' code=0 aligned=1 homed=- ms=119.0 U=3135,3133,-2,2,1 R=1091,1090,-1,0,-1 F=674,673,-1,3,-8 D=3501,439,10,3,0 L=1249,1249,0,0,-2 B=1236,1236,0,0,-16
mv D code=0 aligned=1 homed=- ms=119.0 U=3135,3133,-2,2,1 R=1091,1090,-1,0,-1 F=674,673,-1,3,-8 D=439,3501,-10,2,-2 L=1249,1250,1,0,-1 B=1236,1236,0,0,-16
mv D code=0 aligned=1 homed=- ms=119.0 U=3135,3133,-2,2,1 R=1091,1090,-1,0,-1 F=674,673,-1,3,-8 D=3501,2481,4,1,0 L=1249,1250,1,0,-1 B=1235,1236,1,0,-16
mv D' code=0 aligned=1 homed=- ms=119.0 U=3135,3133,-2,2,1 R=1091,1090,-1,0,-1 F=674,674,0,3,-7 D=2481,3501,-4,2,-2 L=1249,1250,1,0,-1 B=1236,1236,0,0,-16
mv D' code=0 aligned=1 homed=- ms=119.0 U=3135,3133,-2,2,1 R=1091,1090,-1,0,-1 F=674,673,-1,3,-8 D=3501,439,10,3,0 L=1249,1250,1,0,-1 B=1236,1236,0,0,-16
mv D code=0 aligned=1 homed=- ms=119.0 U=3135,3133,-2,2,1 R=1091,1090,-1,0,-1 F=674,674,0,3,-7 D=439,3501,-10,2,-2 L=1249,1250,1,0,-1 B=1236,1236,0,0,-16
mv D code=0 aligned=1 homed=- ms=119.0 U=3135,3133,-2,2,1 R=1091,1091,0,0,0 F=674,674,0,3,-7 D=3501,2481,4,1,0 L=1249,1249,0,0,-2 B=1235,1236,1,0,-16
mv D' code=0 aligned=1 homed=- ms=119.0 U=3135,3133,-2,2,1 R=1091,1090,-1,0,-1 F=674,673,-1,3,-8 D=2481,3501,-4,2,-2 L=1249,1250,1,0,-1 B=1236,1235,-1,0,-17
mv D' code=0 aligned=1 homed=- ms=119.0 U=3135,3133,-2,2,1 R=1091,1090,-1,0,-1 F=674,673,-1,3,-8 D=3501,440,11,3,1 L=1249,1250,1,0,-1 B=1236,1236,0,0,-16
mv D code=0 aligned=1 homed=- ms=119.0 U=3135,3133,-2,2,1 R=1091,1090,-1,0,-1 F=674,673,-1,3,-8 D=439,3501,-10,2,-2 L=1249,1249,0,0,-2 B=1236,1236,0,0,-16
mv D code=0 aligned=1 homed=- ms=119.0 U=3135,3133,-2,2,1 R=1091,1090,-1,0,-1 F=674,674,0,3,-7 D=3501,2481,4,1,0 L=1249,1250,1,0,-1 B=1236,1236,0,0,-16
mv D' code=0 aligned=1 homed=- ms=119.0 U=3135,3133,-2,2,1 R=1091,1090,-1,0,-1 F=674,673,-1,3,-8 D=2481,3501,-4,2,-2 L=1249,1250,1,0,-1 B=1236,1236,0,0,-16
mv D' code=0 aligned=1 homed=- ms=119.0 U=3135,3133,-2,2,1 R=1091,1090,-1,0,-1 F=674,673,-1,3,-8 D=3501,440,11,3,1 L=1249,1250,1,0,-1 B=1235,1235,0,0,-17
mv D code=0 aligned=1 homed=- ms=119.0 U=3135,3133,-2,2,1 R=1091,1090,-1,0,-1 F=674,673,-1,3,-8 D=439,3501,-10,2,-2 L=1249,1250,1,0,-1 B=1236,1235,-1,0,-17
mv D code=0 aligned=1 homed=- ms=119.0 U=3135,3133,-2,2,1 R=1091,1090,-1,0,-1 F=674,673,-1,3,-8 D=3501,2481,4,1,0 L=1249,1250,1,0,-1 B=1236,1236,0,0,-16
mv D' code=0 aligned=1 homed=- ms=119.0 U=3136,3133,-3,2,1 R=1091,1090,-1,0,-1 F=674,673,-1,3,-8 D=2481,3501,-4,2,-2 L=1249,1250,1,0,-1 B=1236,1236,0,0,-16
mv D' code=0 aligned=1 homed=- ms=119.0 U=3135,3133,-2,2,1 R=1091,1090,-1,0,-1 F=674,673,-1,3,-8 D=3501,439,10,3,0 L=1249,1250,1,0,-1 B=1236,1236,0,0,-16
mv D code=0 aligned=1 homed=- ms=119.0 U=3135,3133,-2,2,1 R=1091,1090,-1,0,-1 F=674,673,-1,3,-8 D=439,3501,-10,2,-2 L=1249,1249,0,0,-2 B=1236,1235,-1,0,-17
mv D code=0 aligned=1 homed=- ms=119.0 U=3136,3133,-3,2,1 R=1091,1090,-1,0,-1 F=674,674,0,3,-7 D=3501,2481,4,1,0 L=1250,1250,0,0,-1 B=1236,1236,0,0,-16
mv D' code=0 aligned=1 homed=- ms=119.0 U=3135,3133,-2,2,1 R=1091,1091,0,0,0 F=674,673,-1,3,-8 D=2481,3501,-4,2,-2 L=1249,1249,0,0,-2 B=1235,1236,1,0,-16
mv D' code=0 aligned=1 homed=- ms=119.0 U=3135,3133,-2,2,1 R=1091,1090,-1,0,-1 F=674,674,0,3,-7 D=3501,439,10,3,0 L=1249,1249,0,0,-2 B=1235,1236,1,0,-16
mv D code=0 aligned=1 homed=- ms=119.0 U=3135,3133,-2,2,1 R=1091,1091,0,0,0 F=674,673,-1,3,-8 D=439,3501,-10,2,-2 L=1249,1250,1,0,-1 B=1236,1235,-1,0,-17
mv D code=0 aligned=1 homed=- ms=119.0 U=3135,3133,-2,2,1 R=1091,1090,-1,0,-1 F=674,673,-1,3,-8 D=3502,2481,3,1,0 L=1249,1250,1,0,-1 B=1236,1236,0,0,-16
mv D' code=0 aligned=1 homed=- ms=119.0 U=3135,3133,-2,2,1 R=1091,1090,-1,0,-1 F=674,673,-1,3,-8 D=2481,3501,-4,2,-2 L=1249,1250,1,0,-1 B=1235,1236,1,0,-16
mv D' code=0 aligned=1 homed=- ms=119.0 U=3135,3133,-2,2,1 R=1091,1090,-1,0,-1 F=674,674,0,3,-7 D=3501,439,10,3,0 L=1249,1249,0,0,-2 B=1236,1236,0,0,-16
mv D code=0 aligned=1 homed=- ms=119.0 U=3135,3133,-2,2,1 R=1091,1090,-1,0,-1 F=674,673,-1,3,-8 D=439,3501,-10,2,-2 L=1249,1249,0,0,-2 B=1236,1236,0,0,-16
mv D code=0 aligned=1 homed=- ms=119.0 U=3135,3133,-2,2,1 R=1091,1090,-1,0,-1 F=674,673,-1,3,-8 D=3501,2481,4,1,0 L=1249,1250,1,0,-1 B=1235,1236,1,0,-16
mv D' code=0 aligned=1 homed=- ms=119.0 U=3135,3133,-2,2,1 R=1091,1090,-1,0,-1 F=674,673,-1,3,-8 D=2481,3501,-4,2,-2 L=1249,1250,1,0,-1 B=1235,1236,1,0,-16
mv D' code=0 aligned=1 homed=- ms=119.0 U=3135,3133,-2,2,1 R=1091,1090,-1,0,-1 F=674,673,-1,3,-8 D=3501,439,10,3,0 L=1249,1249,0,0,-2 B=1236,1235,-1,0,-17
mv D code=0 aligned=1 homed=- ms=119.0 U=3135,3133,-2,2,1 R=1091,1090,-1,0,-1 F=674,673,-1,3,-8 D=439,3501,-10,2,-2 L=1249,1250,1,0,-1 B=1236,1236,0,0,-16
mv D code=0 aligned=1 homed=- ms=119.0 U=3135,3133,-2,2,1 R=1091,1090,-1,0,-1 F=674,674,0,3,-7 D=3501,2481,4,1,0 L=1249,1250,1,0,-1 B=1235,1236,1,0,-16
mv D' code=0 aligned=1 homed=- ms=119.0 U=3135,3133,-2,2,1 R=1091,1090,-1,0,-1 F=674,673,-1,3,-8 D=2481,3501,-4,2,-2 L=1249,1249,0,0,-2 B=1235,1236,1,0,-16
mv D' code=0 aligned=1 homed=- ms=119.0 U=3135,3133,-2,2,1 R=1091,1090,-1,0,-1 F=674,673,-1,3,-8 D=3501,439,10,3,0 L=1249,1249,0,0,-2 B=1235,1236,1,0,-16
mv D code=0 aligned=1 homed=- ms=119.0 U=3135,3133,-2,2,1 R=1091,1090,-1,0,-1 F=674,673,-1,3,-8 D=439,3501,-10,2,-2 L=1249,1250,1,0,-1 B=1235,1236,1,0,-16
mv D code=0 aligned=1 homed=- ms=119.0 U=3135,3133,-2,2,1 R=1091,1091,0,0,0 F=674,674,0,3,-7 D=3502,2481,3,1,0 L=1249,1249,0,0,-2 B=1235,1235,0,0,-17
mv D' code=0 aligned=1 homed=- ms=119.0 U=3135,3133,-2,2,1 R=1091,1090,-1,0,-1 F=674,673,-1,3,-8 D=2481,3500,-5,2,-3 L=1249,1249,0,0,-2 B=1235,1236,1,0,-16
mv D' code=0 aligned=1 homed=- ms=119.0 U=3135,3133,-2,2,1 R=1091,1090,-1,0,-1 F=674,673,-1,3,-8 D=3501,440,11,3,1 L=1249,1249,0,0,-2 B=1236,1236,0,0,-16
mv D code=0 aligned=1 homed=- ms=119.0 U=3135,3133,-2,2,1 R=1091,1090,-1,0,-1 F=674,673,-1,3,-8 D=439,3501,-10,2,-2 L=1249,1250,1,0,-1 B=1236,1235,-1,0,-17
mv D code=0 aligned=1 homed=- ms=119.0 U=3135,3133,-2,2,1 R=1091,1090,-1,0,-1 F=674,673,-1,3,-8 D=3502,2481,3,1,0 L=1249,1250,1,0,-1 B=1235,1235,0,0,-17
mv D' code=0 aligned=1 homed=- ms=119.0 U=3135,3133,-2,2,1 R=1091,1090,-1,0,-1 F=674,673,-1,3,-8 D=2481,3501,-4,2,-2 L=1249,1250,1,0,-1 B=1235,1236,1,0,-16
mv D' code=0 aligned=1 homed=- ms=119.0 U=3135,3133,-2,2,1 R=1091,1090,-1,0,-1 F=674,674,0,3,-7 D=3501,439,10,3,0 L=1249,1250,1,0,-1 B=1235,1235,0,0,-17
mv D code=0 aligned=1 homed=- ms=119.0 U=3135,3133,-2,2,1 R=1091,1090,-1,0,-1 F=674,674,0,3,-7 D=439,3501,-10,2,-2 L=1249,1250,1,0,-1 B=1236,1236,0,0,-16
mv D code=0 aligned=1 homed=- ms=119.0 U=3136,3133,-3,2,1 R=1091,1090,-1,0,-1 F=674,673,-1,3,-8 D=3501,2481,4,1,0 L=1249,1250,1,0,-1 B=1236,1236,0,0,-16
mv D' code=0 aligned=1 homed=- ms=119.0 U=3135,3133,-2,2,1 R=1091,1090,-1,0,-1 F=674,673,-1,3,-8 D=2481,3501,-4,2,-2 L=1249,1250,1,0,-1 B=1235,1236,1,0,-16
mv D' code=0 aligned=1 homed=- ms=119.0 U=3135,3133,-2,2,1 R=1091,1091,0,0,0 F=674,673,-1,3,-8 D=3501,439,10,3,0 L=1249,1250,1,0,-1 B=1235,1236,1,0,-16
mv D code=0 aligned=1 homed=- ms=119.0 U=3135,3133,-2,2,1 R=1091,1090,-1,0,-1 F=674,673,-1,3,-8 D=439,3501,-10,2,-2 L=1250,1250,0,0,-1 B=1236,1236,0,0,-16
mv D code=0 aligned=1 homed=- ms=119.0 U=3135,3133,-2,2,1 R=1091,1090,-1,0,-1 F=674,673,-1,3,-8 D=3502,2481,3,1,0 L=1249,1250,1,0,-1 B=1235,1236,1,0,-16
mv D' code=0 aligned=1 homed=- ms=119.0 U=3135,3133,-2,2,1 R=1091,1090,-1,0,-1 F=674,673,-1,3,-8 D=2481,3501,-4,2,-2 L=1249,1249,0,0,-2 B=1235,1236,1,0,-16
mv D' code=0 aligned=1 homed=- ms=119.0 U=3135,3133,-2,2,1 R=1091,1090,-1,0,-1 F=674,673,-1,3,-8 D=3501,440,11,3,1 L=1249,1250,1,0,-1 B=1235,1236,1,0,-16
mv D code=0 aligned=1 homed=- ms=119.0 U=3135,3133,-2,2,1 R=1091,1091,0,0,0 F=674,674,0,3,-7 D=439,3501,-10,2,-2 L=1249,1250,1,0,-1 B=1235,1236,1,0,-16
mv D code=0 aligned=1 homed=- ms=119.0 U=3135,3133,-2,2,1 R=1091,1090,-1,0,-1 F=674,674,0,3,-7 D=3501,2481,4,1,0 L=1249,1250,1,0,-1 B=1236,1236,0,0,-16
mv D' code=0 aligned=1 homed=- ms=119.0 U=3135,3133,-2,2,1 R=1091,1090,-1,0,-1 F=674,673,-1,3,-8 D=2481,3501,-4,2,-2 L=1249,1249,0,0,-2 B=1236,1236,0,0,-16
mv D' code=0 aligned=1 homed=- ms=119.0 U=3135,3133,-2,2,1 R=1091,1090,-1,0,-1 F=674,674,0,3,-7 D=3501,439,10,3,0 L=1249,1250,1,0,-1 B=1235,1236,1,0,-16
mv D code=0 aligned=1 homed=- ms=119.0 U=3135,3133,-2,2,1 R=1091,1090,-1,0,-1 F=674,673,-1,3,-8 D=439,3501,-10,2,-2 L=1249,1249,0,0,-2 B=1236,1236,0,0,-16
rep moves=300 notaligned=0 homings=0 failures=0 avgms=119.0
res U=- R=- F=- D=300,-0.0,7.6,11 L=- B=-
ok
> health
health U=1,1,0/128/685 R=1,1,0/128/1627 F=1,1,0/128/1791 D=1,1,0/128/1582 L=1,1,0/128/684 B=1,1,0/128/1296 RING=1,1,0/128/1614
ok
> home
[align] motor 0 err=3 counts (0.3 steps)
[align] motor 1 err=0 counts (0.0 steps)
[align] motor 2 err=-7 counts (-0.7 steps)
[align] motor 3 err=0 counts (0.0 steps)
[align] motor 4 err=-3 counts (-0.3 steps)
[align] motor 5 err=-18 counts (-1.8 steps)
home code=0 ms=6 en=0
enc U=3134 R=1091 F=673 D=3499 L=1249 B=1235 RING=2768
near U=2:2 R=0:0 F=3:-8 D=2:-4 L=0:-2 B=0:-17
ok
> enc
enc U=3135 R=1091 F=674 D=3500 L=1249 B=1235 RING=2768
near U=2:3 R=0:0 F=3:-7 D=2:-3 L=0:-2 B=0:-17
ok
> health
health U=1,1,0/128/687 R=1,1,0/128/1627 F=1,1,0/128/1792 D=1,1,0/128/1582 L=1,1,0/128/684 B=1,1,0/128/1295 RING=1,1,0/128/1614
ok
> rep 100 L L'
mv L code=0 aligned=1 homed=- ms=119.0 U=3135,3133,-2,2,1 R=1091,1090,-1,0,-1 F=674,673,-1,3,-8 D=3500,3501,1,2,-2 L=1249,209,-16,3,1 B=1236,1236,0,0,-16
mv L' code=0 aligned=1 homed=- ms=119.0 U=3135,3133,-2,2,1 R=1091,1090,-1,0,-1 F=674,673,-1,3,-8 D=3501,3501,0,2,-2 L=208,1251,19,0,0 B=1235,1236,1,0,-16
mv L code=0 aligned=1 homed=- ms=119.0 U=3135,3133,-2,2,1 R=1091,1090,-1,0,-1 F=674,673,-1,3,-8 D=3501,3501,0,2,-2 L=1250,209,-17,3,1 B=1236,1236,0,0,-16
mv L' code=0 aligned=1 homed=- ms=119.0 U=3135,3133,-2,2,1 R=1091,1090,-1,0,-1 F=674,674,0,3,-7 D=3501,3501,0,2,-2 L=208,1250,18,0,-1 B=1235,1236,1,0,-16
mv L code=0 aligned=1 homed=- ms=119.0 U=3136,3133,-3,2,1 R=1091,1090,-1,0,-1 F=674,673,-1,3,-8 D=3501,3501,0,2,-2 L=1250,209,-17,3,1 B=1235,1235,0,0,-17
mv L' code=0 aligned=1 homed=- ms=119.0 U=3135,3133,-2,2,1 R=1091,1090,-1,0,-1 F=674,673,-1,3,-8 D=3501,3501,0,2,-2 L=208,1250,18,0,-1 B=1235,1235,0,0,-17
mv L code=0 aligned=1 homed=- ms=119.0 U=3135,3133,-2,2,1 R=1091,1090,-1,0,-1 F=674,673,-1,3,-8 D=3501,3501,0,2,-2 L=1250,209,-17,3,1 B=1236,1236,0,0,-16
mv L' code=0 aligned=1 homed=- ms=119.0 U=3135,3133,-2,2,1 R=1091,1090,-1,0,-1 F=674,674,0,3,-7 D=3501,3501,0,2,-2 L=208,1250,18,0,-1 B=1235,1236,1,0,-16
mv L code=0 aligned=1 homed=- ms=119.0 U=3135,3133,-2,2,1 R=1091,1090,-1,0,-1 F=674,673,-1,3,-8 D=3501,3501,0,2,-2 L=1249,209,-16,3,1 B=1235,1235,0,0,-17
mv L' code=0 aligned=1 homed=- ms=119.0 U=3135,3133,-2,2,1 R=1091,1090,-1,0,-1 F=674,673,-1,3,-8 D=3501,3501,0,2,-2 L=208,1250,18,0,-1 B=1236,1236,0,0,-16
mv L code=0 aligned=1 homed=- ms=119.0 U=3135,3133,-2,2,1 R=1091,1090,-1,0,-1 F=674,673,-1,3,-8 D=3501,3501,0,2,-2 L=1250,209,-17,3,1 B=1235,1236,1,0,-16
mv L' code=0 aligned=1 homed=- ms=119.0 U=3135,3133,-2,2,1 R=1091,1090,-1,0,-1 F=674,673,-1,3,-8 D=3501,3501,0,2,-2 L=208,1250,18,0,-1 B=1235,1236,1,0,-16
mv L code=0 aligned=1 homed=- ms=119.0 U=3135,3133,-2,2,1 R=1091,1090,-1,0,-1 F=674,673,-1,3,-8 D=3501,3501,0,2,-2 L=1250,209,-17,3,1 B=1235,1235,0,0,-17
mv L' code=0 aligned=1 homed=- ms=119.0 U=3135,3133,-2,2,1 R=1091,1090,-1,0,-1 F=674,674,0,3,-7 D=3501,3501,0,2,-2 L=208,1250,18,0,-1 B=1235,1236,1,0,-16
mv L code=0 aligned=1 homed=- ms=119.0 U=3135,3133,-2,2,1 R=1091,1090,-1,0,-1 F=674,674,0,3,-7 D=3501,3501,0,2,-2 L=1250,209,-17,3,1 B=1236,1236,0,0,-16
mv L' code=0 aligned=1 homed=- ms=119.0 U=3135,3133,-2,2,1 R=1091,1090,-1,0,-1 F=674,673,-1,3,-8 D=3501,3501,0,2,-2 L=208,1250,18,0,-1 B=1235,1235,0,0,-17
mv L code=0 aligned=1 homed=- ms=119.0 U=3135,3133,-2,2,1 R=1091,1091,0,0,0 F=674,673,-1,3,-8 D=3501,3501,0,2,-2 L=1250,209,-17,3,1 B=1236,1236,0,0,-16
mv L' code=0 aligned=1 homed=- ms=119.0 U=3135,3133,-2,2,1 R=1091,1090,-1,0,-1 F=674,673,-1,3,-8 D=3501,3501,0,2,-2 L=208,1250,18,0,-1 B=1235,1236,1,0,-16
mv L code=0 aligned=1 homed=- ms=119.0 U=3135,3133,-2,2,1 R=1091,1090,-1,0,-1 F=674,673,-1,3,-8 D=3501,3501,0,2,-2 L=1249,209,-16,3,1 B=1236,1236,0,0,-16
mv L' code=0 aligned=1 homed=- ms=119.0 U=3135,3133,-2,2,1 R=1091,1091,0,0,0 F=674,673,-1,3,-8 D=3501,3501,0,2,-2 L=208,1250,18,0,-1 B=1236,1236,0,0,-16
mv L code=0 aligned=1 homed=- ms=119.0 U=3135,3133,-2,2,1 R=1091,1090,-1,0,-1 F=674,674,0,3,-7 D=3501,3501,0,2,-2 L=1250,209,-17,3,1 B=1236,1235,-1,0,-17
mv L' code=0 aligned=1 homed=- ms=119.0 U=3135,3133,-2,2,1 R=1091,1091,0,0,0 F=674,673,-1,3,-8 D=3501,3501,0,2,-2 L=208,1250,18,0,-1 B=1236,1236,0,0,-16
mv L code=0 aligned=1 homed=- ms=119.0 U=3135,3133,-2,2,1 R=1091,1090,-1,0,-1 F=674,674,0,3,-7 D=3501,3501,0,2,-2 L=1250,209,-17,3,1 B=1235,1236,1,0,-16
mv L' code=0 aligned=1 homed=- ms=119.0 U=3135,3133,-2,2,1 R=1091,1090,-1,0,-1 F=674,674,0,3,-7 D=3501,3501,0,2,-2 L=208,1250,18,0,-1 B=1236,1236,0,0,-16
mv L code=0 aligned=1 homed=- ms=119.0 U=3136,3133,-3,2,1 R=1091,1091,0,0,0 F=674,673,-1,3,-8 D=3501,3501,0,2,-2 L=1250,209,-17,3,1 B=1235,1236,1,0,-16
mv L' code=0 aligned=1 homed=- ms=119.0 U=3135,3133,-2,2,1 R=1091,1090,-1,0,-1 F=674,673,-1,3,-8 D=3501,3501,0,2,-2 L=208,1250,18,0,-1 B=1236,1236,0,0,-16
mv L code=0 aligned=1 homed=- ms=119.0 U=3135,3133,-2,2,1 R=1091,1090,-1,0,-1 F=674,673,-1,3,-8 D=3501,3501,0,2,-2 L=1249,209,-16,3,1 B=1236,1236,0,0,-16
mv L' code=0 aligned=1 homed=- ms=119.0 U=3135,3133,-2,2,1 R=1091,1090,-1,0,-1 F=674,674,0,3,-7 D=3501,3501,0,2,-2 L=208,1251,19,0,0 B=1235,1236,1,0,-16
mv L code=0 aligned=1 homed=- ms=119.0 U=3135,3133,-2,2,1 R=1091,1090,-1,0,-1 F=674,673,-1,3,-8 D=3501,3501,0,2,-2 L=1249,209,-16,3,1 B=1235,1236,1,0,-16
mv L' code=0 aligned=1 homed=- ms=119.0 U=3136,3133,-3,2,1 R=1091,1090,-1,0,-1 F=674,673,-1,3,-8 D=3501,3501,0,2,-2 L=208,1250,18,0,-1 B=1235,1236,1,0,-16
mv L code=0 aligned=1 homed=- ms=119.0 U=3135,3133,-2,2,1 R=1091,1090,-1,0,-1 F=674,673,-1,3,-8 D=3501,3501,0,2,-2 L=1250,208,-18,3,0 B=1236,1236,0,0,-16
mv L' code=0 aligned=1 homed=- ms=119.0 U=3135,3133,-2,2,1 R=1091,1090,-1,0,-1 F=674,673,-1,3,-8 D=3501,3501,0,2,-2 L=208,1250,18,0,-1 B=1236,1236,0,0,-16
mv L code=0 aligned=1 homed=- ms=119.0 U=3135,3133,-2,2,1 R=1091,1090,-1,0,-1 F=674,673,-1,3,-8 D=3501,3501,0,2,-2 L=1250,209,-17,3,1 B=1236,1236,0,0,-16
mv L' code=0 aligned=1 homed=- ms=119.0 U=3135,3133,-2,2,1 R=1091,1091,0,0,0 F=674,674,0,3,-7 D=3501,3501,0,2,-2 L=208,1250,18,0,-1 B=1236,1236,0,0,-16
mv L code=0 aligned=1 homed=- ms=119.0 U=3135,3133,-2,2,1 R=1091,1091,0,0,0 F=674,674,0,3,-7 D=3501,3501,0,2,-2 L=1250,209,-17,3,1 B=1235,1236,1,0,-16
mv L' code=0 aligned=1 homed=- ms=119.0 U=3135,3133,-2,2,1 R=1091,1091,0,0,0 F=674,673,-1,3,-8 D=3501,3501,0,2,-2 L=208,1250,18,0,-1 B=1236,1236,0,0,-16
mv L code=0 aligned=1 homed=- ms=119.0 U=3135,3133,-2,2,1 R=1091,1091,0,0,0 F=674,673,-1,3,-8 D=3501,3501,0,2,-2 L=1250,209,-17,3,1 B=1235,1236,1,0,-16
mv L' code=0 aligned=1 homed=- ms=119.0 U=3135,3133,-2,2,1 R=1091,1090,-1,0,-1 F=674,673,-1,3,-8 D=3501,3501,0,2,-2 L=208,1250,18,0,-1 B=1235,1236,1,0,-16
mv L code=0 aligned=1 homed=- ms=119.0 U=3135,3133,-2,2,1 R=1091,1091,0,0,0 F=674,673,-1,3,-8 D=3501,3501,0,2,-2 L=1249,209,-16,3,1 B=1236,1236,0,0,-16
mv L' code=0 aligned=1 homed=- ms=119.0 U=3135,3133,-2,2,1 R=1091,1090,-1,0,-1 F=674,673,-1,3,-8 D=3501,3501,0,2,-2 L=208,1250,18,0,-1 B=1235,1236,1,0,-16
mv L code=0 aligned=1 homed=- ms=119.0 U=3135,3133,-2,2,1 R=1091,1090,-1,0,-1 F=674,673,-1,3,-8 D=3501,3501,0,2,-2 L=1250,209,-17,3,1 B=1236,1236,0,0,-16
mv L' code=0 aligned=1 homed=- ms=119.0 U=3135,3133,-2,2,1 R=1091,1090,-1,0,-1 F=674,673,-1,3,-8 D=3501,3501,0,2,-2 L=208,1250,18,0,-1 B=1236,1236,0,0,-16
mv L code=0 aligned=1 homed=- ms=119.0 U=3135,3133,-2,2,1 R=1091,1090,-1,0,-1 F=674,673,-1,3,-8 D=3501,3501,0,2,-2 L=1249,209,-16,3,1 B=1235,1236,1,0,-16
mv L' code=0 aligned=1 homed=- ms=119.0 U=3135,3133,-2,2,1 R=1091,1090,-1,0,-1 F=674,673,-1,3,-8 D=3501,3501,0,2,-2 L=208,1250,18,0,-1 B=1235,1236,1,0,-16
mv L code=0 aligned=1 homed=- ms=119.0 U=3135,3133,-2,2,1 R=1091,1090,-1,0,-1 F=674,673,-1,3,-8 D=3501,3501,0,2,-2 L=1249,209,-16,3,1 B=1235,1236,1,0,-16
mv L' code=0 aligned=1 homed=- ms=119.0 U=3135,3133,-2,2,1 R=1091,1090,-1,0,-1 F=674,673,-1,3,-8 D=3501,3501,0,2,-2 L=208,1250,18,0,-1 B=1236,1235,-1,0,-17
mv L code=0 aligned=1 homed=- ms=119.0 U=3135,3133,-2,2,1 R=1091,1090,-1,0,-1 F=674,674,0,3,-7 D=3501,3501,0,2,-2 L=1250,209,-17,3,1 B=1236,1236,0,0,-16
mv L' code=0 aligned=1 homed=- ms=119.0 U=3135,3133,-2,2,1 R=1091,1090,-1,0,-1 F=674,673,-1,3,-8 D=3501,3501,0,2,-2 L=208,1250,18,0,-1 B=1235,1236,1,0,-16
mv L code=0 aligned=1 homed=- ms=119.0 U=3135,3134,-1,2,2 R=1091,1090,-1,0,-1 F=674,673,-1,3,-8 D=3501,3501,0,2,-2 L=1249,209,-16,3,1 B=1235,1235,0,0,-17
mv L' code=0 aligned=1 homed=- ms=119.0 U=3135,3133,-2,2,1 R=1091,1090,-1,0,-1 F=674,673,-1,3,-8 D=3501,3501,0,2,-2 L=208,1250,18,0,-1 B=1236,1235,-1,0,-17
mv L code=0 aligned=1 homed=- ms=119.0 U=3135,3133,-2,2,1 R=1091,1090,-1,0,-1 F=674,674,0,3,-7 D=3501,3501,0,2,-2 L=1249,209,-16,3,1 B=1236,1236,0,0,-16
mv L' code=0 aligned=1 homed=- ms=119.0 U=3135,3133,-2,2,1 R=1091,1090,-1,0,-1 F=674,673,-1,3,-8 D=3501,3501,0,2,-2 L=208,1250,18,0,-1 B=1236,1236,0,0,-16
mv L code=0 aligned=1 homed=- ms=119.0 U=3135,3133,-2,2,1 R=1091,1090,-1,0,-1 F=674,673,-1,3,-8 D=3501,3501,0,2,-2 L=1250,208,-18,3,0 B=1236,1236,0,0,-16
mv L' code=0 aligned=1 homed=- ms=119.0 U=3135,3133,-2,2,1 R=1091,1090,-1,0,-1 F=674,673,-1,3,-8 D=3502,3501,-1,2,-2 L=208,1250,18,0,-1 B=1236,1236,0,0,-16
mv L code=0 aligned=1 homed=- ms=119.0 U=3135,3133,-2,2,1 R=1091,1090,-1,0,-1 F=674,674,0,3,-7 D=3501,3501,0,2,-2 L=1249,209,-16,3,1 B=1236,1236,0,0,-16
mv L' code=0 aligned=1 homed=- ms=119.0 U=3135,3133,-2,2,1 R=1091,1090,-1,0,-1 F=674,674,0,3,-7 D=3501,3501,0,2,-2 L=208,1250,18,0,-1 B=1235,1236,1,0,-16
mv L code=0 aligned=1 homed=- ms=119.0 U=3135,3133,-2,2,1 R=1091,1091,0,0,0 F=674,673,-1,3,-8 D=3501,3501,0,2,-2 L=1250,208,-18,3,0 B=1236,1236,0,0,-16
mv L' code=0 aligned=1 homed=- ms=119.0 U=3135,3133,-2,2,1 R=1091,1091,0,0,0 F=674,673,-1,3,-8 D=3501,3501,0,2,-2 L=208,1250,18,0,-1 B=1236,1236,0,0,-16
mv L code=0 aligned=1 homed=- ms=119.0 U=3135,3133,-2,2,1 R=1091,1090,-1,0,-1 F=674,673,-1,3,-8 D=3501,3501,0,2,-2 L=1250,209,-17,3,1 B=1236,1235,-1,0,-17
mv L' code=0 aligned=1 homed=- ms=119.0 U=3135,3133,-2,2,1 R=1091,1090,-1,0,-1 F=674,673,-1,3,-8 D=3501,3501,0,2,-2 L=208,1250,18,0,-1 B=1235,1236,1,0,-16
mv L code=0 aligned=1 homed=- ms=119.0 U=3135,3133,-2,2,1 R=1091,1090,-1,0,-1 F=674,673,-1,3,-8 D=3501,3501,0,2,-2 L=1250,209,-17,3,1 B=1235,1236,1,0,-16
mv L' code=0 aligned=1 homed=- ms=119.0 U=3135,3133,-2,2,1 R=1091,1091,0,0,0 F=674,673,-1,3,-8 D=3501,3501,0,2,-2 L=208,1250,18,0,-1 B=1236,1236,0,0,-16
mv L code=0 aligned=1 homed=- ms=119.0 U=3136,3133,-3,2,1 R=1091,1090,-1,0,-1 F=674,673,-1,3,-8 D=3501,3501,0,2,-2 L=1250,208,-18,3,0 B=1235,1235,0,0,-17
mv L' code=0 aligned=1 homed=- ms=119.0 U=3135,3133,-2,2,1 R=1091,1090,-1,0,-1 F=674,673,-1,3,-8 D=3501,3501,0,2,-2 L=208,1250,18,0,-1 B=1236,1235,-1,0,-17
mv L code=0 aligned=1 homed=- ms=119.0 U=3135,3133,-2,2,1 R=1091,1091,0,0,0 F=674,673,-1,3,-8 D=3501,3501,0,2,-2 L=1250,209,-17,3,1 B=1236,1236,0,0,-16
mv L' code=0 aligned=1 homed=- ms=119.0 U=3135,3133,-2,2,1 R=1091,1090,-1,0,-1 F=674,673,-1,3,-8 D=3501,3501,0,2,-2 L=208,1250,18,0,-1 B=1236,1236,0,0,-16
mv L code=0 aligned=1 homed=- ms=119.0 U=3135,3133,-2,2,1 R=1091,1090,-1,0,-1 F=674,673,-1,3,-8 D=3501,3501,0,2,-2 L=1249,209,-16,3,1 B=1236,1236,0,0,-16
mv L' code=0 aligned=1 homed=- ms=119.0 U=3135,3133,-2,2,1 R=1091,1090,-1,0,-1 F=674,673,-1,3,-8 D=3501,3501,0,2,-2 L=208,1250,18,0,-1 B=1236,1236,0,0,-16
mv L code=0 aligned=1 homed=- ms=119.0 U=3135,3133,-2,2,1 R=1091,1090,-1,0,-1 F=674,673,-1,3,-8 D=3501,3501,0,2,-2 L=1249,209,-16,3,1 B=1236,1236,0,0,-16
mv L' code=0 aligned=1 homed=- ms=119.0 U=3135,3133,-2,2,1 R=1091,1090,-1,0,-1 F=674,673,-1,3,-8 D=3501,3501,0,2,-2 L=208,1250,18,0,-1 B=1236,1236,0,0,-16
mv L code=0 aligned=1 homed=- ms=119.0 U=3135,3133,-2,2,1 R=1091,1091,0,0,0 F=674,674,0,3,-7 D=3501,3501,0,2,-2 L=1249,209,-16,3,1 B=1236,1236,0,0,-16
mv L' code=0 aligned=1 homed=- ms=119.0 U=3135,3134,-1,2,2 R=1091,1090,-1,0,-1 F=674,673,-1,3,-8 D=3501,3501,0,2,-2 L=208,1250,18,0,-1 B=1235,1236,1,0,-16
mv L code=0 aligned=1 homed=- ms=119.0 U=3135,3133,-2,2,1 R=1091,1091,0,0,0 F=674,673,-1,3,-8 D=3501,3501,0,2,-2 L=1250,209,-17,3,1 B=1236,1236,0,0,-16
mv L' code=0 aligned=1 homed=- ms=119.0 U=3135,3133,-2,2,1 R=1091,1090,-1,0,-1 F=674,673,-1,3,-8 D=3501,3501,0,2,-2 L=208,1250,18,0,-1 B=1235,1236,1,0,-16
mv L code=0 aligned=1 homed=- ms=119.0 U=3135,3133,-2,2,1 R=1091,1090,-1,0,-1 F=674,673,-1,3,-8 D=3501,3501,0,2,-2 L=1250,209,-17,3,1 B=1236,1236,0,0,-16
mv L' code=0 aligned=1 homed=- ms=119.0 U=3135,3133,-2,2,1 R=1091,1090,-1,0,-1 F=674,673,-1,3,-8 D=3501,3501,0,2,-2 L=208,1250,18,0,-1 B=1236,1236,0,0,-16
mv L code=0 aligned=1 homed=- ms=119.0 U=3135,3133,-2,2,1 R=1091,1090,-1,0,-1 F=674,673,-1,3,-8 D=3501,3501,0,2,-2 L=1250,209,-17,3,1 B=1236,1236,0,0,-16
mv L' code=0 aligned=1 homed=- ms=119.0 U=3135,3133,-2,2,1 R=1091,1090,-1,0,-1 F=674,673,-1,3,-8 D=3501,3501,0,2,-2 L=208,1250,18,0,-1 B=1235,1236,1,0,-16
mv L code=0 aligned=1 homed=- ms=119.0 U=3136,3133,-3,2,1 R=1091,1091,0,0,0 F=674,673,-1,3,-8 D=3501,3501,0,2,-2 L=1250,209,-17,3,1 B=1236,1236,0,0,-16
mv L' code=0 aligned=1 homed=- ms=119.0 U=3135,3133,-2,2,1 R=1091,1090,-1,0,-1 F=674,673,-1,3,-8 D=3501,3501,0,2,-2 L=208,1250,18,0,-1 B=1235,1236,1,0,-16
mv L code=0 aligned=1 homed=- ms=119.0 U=3135,3133,-2,2,1 R=1091,1091,0,0,0 F=674,673,-1,3,-8 D=3501,3501,0,2,-2 L=1250,209,-17,3,1 B=1235,1236,1,0,-16
mv L' code=0 aligned=1 homed=- ms=119.0 U=3135,3133,-2,2,1 R=1091,1090,-1,0,-1 F=674,673,-1,3,-8 D=3501,3501,0,2,-2 L=208,1250,18,0,-1 B=1235,1236,1,0,-16
mv L code=0 aligned=1 homed=- ms=119.0 U=3135,3133,-2,2,1 R=1091,1091,0,0,0 F=674,673,-1,3,-8 D=3501,3501,0,2,-2 L=1250,208,-18,3,0 B=1235,1236,1,0,-16
mv L' code=0 aligned=1 homed=- ms=119.0 U=3135,3133,-2,2,1 R=1091,1091,0,0,0 F=674,673,-1,3,-8 D=3501,3501,0,2,-2 L=208,1250,18,0,-1 B=1235,1235,0,0,-17
mv L code=0 aligned=1 homed=- ms=119.0 U=3135,3133,-2,2,1 R=1091,1091,0,0,0 F=674,673,-1,3,-8 D=3501,3501,0,2,-2 L=1249,209,-16,3,1 B=1236,1236,0,0,-16
mv L' code=0 aligned=1 homed=- ms=119.0 U=3135,3133,-2,2,1 R=1091,1090,-1,0,-1 F=674,673,-1,3,-8 D=3502,3501,-1,2,-2 L=208,1250,18,0,-1 B=1235,1236,1,0,-16
mv L code=0 aligned=1 homed=- ms=119.0 U=3136,3133,-3,2,1 R=1091,1090,-1,0,-1 F=674,673,-1,3,-8 D=3501,3501,0,2,-2 L=1249,209,-16,3,1 B=1236,1236,0,0,-16
mv L' code=0 aligned=1 homed=- ms=119.0 U=3135,3133,-2,2,1 R=1091,1090,-1,0,-1 F=674,673,-1,3,-8 D=3501,3501,0,2,-2 L=208,1250,18,0,-1 B=1235,1236,1,0,-16
mv L code=0 aligned=1 homed=- ms=119.0 U=3135,3133,-2,2,1 R=1091,1090,-1,0,-1 F=674,673,-1,3,-8 D=3501,3501,0,2,-2 L=1249,208,-17,3,0 B=1236,1236,0,0,-16
mv L' code=0 aligned=1 homed=- ms=119.0 U=3135,3133,-2,2,1 R=1091,1090,-1,0,-1 F=674,673,-1,3,-8 D=3501,3501,0,2,-2 L=208,1250,18,0,-1 B=1236,1236,0,0,-16
mv L code=0 aligned=1 homed=- ms=119.0 U=3135,3133,-2,2,1 R=1091,1090,-1,0,-1 F=674,674,0,3,-7 D=3501,3501,0,2,-2 L=1249,209,-16,3,1 B=1236,1236,0,0,-16
mv L' code=0 aligned=1 homed=- ms=119.0 U=3135,3133,-2,2,1 R=1091,1090,-1,0,-1 F=674,673,-1,3,-8 D=3501,3501,0,2,-2 L=208,1250,18,0,-1 B=1235,1236,1,0,-16
mv L code=0 aligned=1 homed=- ms=119.0 U=3135,3133,-2,2,1 R=1091,1090,-1,0,-1 F=674,673,-1,3,-8 D=3501,3501,0,2,-2 L=1249,209,-16,3,1 B=1236,1235,-1,0,-17
mv L' code=0 aligned=1 homed=- ms=119.0 U=3135,3133,-2,2,1 R=1091,1090,-1,0,-1 F=674,673,-1,3,-8 D=3501,3501,0,2,-2 L=208,1250,18,0,-1 B=1235,1236,1,0,-16
mv L code=0 aligned=1 homed=- ms=119.0 U=3135,3133,-2,2,1 R=1091,1090,-1,0,-1 F=674,674,0,3,-7 D=3501,3501,0,2,-2 L=1249,209,-16,3,1 B=1236,1236,0,0,-16
mv L' code=0 aligned=1 homed=- ms=119.0 U=3135,3133,-2,2,1 R=1091,1090,-1,0,-1 F=674,673,-1,3,-8 D=3501,3501,0,2,-2 L=208,1250,18,0,-1 B=1236,1236,0,0,-16
mv L code=0 aligned=1 homed=- ms=119.0 U=3135,3133,-2,2,1 R=1091,1090,-1,0,-1 F=674,673,-1,3,-8 D=3501,3501,0,2,-2 L=1250,209,-17,3,1 B=1236,1236,0,0,-16
mv L' code=0 aligned=1 homed=- ms=119.0 U=3135,3133,-2,2,1 R=1091,1090,-1,0,-1 F=674,673,-1,3,-8 D=3501,3501,0,2,-2 L=208,1250,18,0,-1 B=1235,1235,0,0,-17
mv L code=0 aligned=1 homed=- ms=119.0 U=3135,3133,-2,2,1 R=1091,1091,0,0,0 F=674,673,-1,3,-8 D=3501,3501,0,2,-2 L=1250,209,-17,3,1 B=1236,1236,0,0,-16
mv L' code=0 aligned=1 homed=- ms=119.0 U=3135,3133,-2,2,1 R=1091,1090,-1,0,-1 F=674,673,-1,3,-8 D=3501,3501,0,2,-2 L=208,1250,18,0,-1 B=1235,1236,1,0,-16
mv L code=0 aligned=1 homed=- ms=119.0 U=3135,3133,-2,2,1 R=1091,1090,-1,0,-1 F=674,674,0,3,-7 D=3502,3501,-1,2,-2 L=1250,209,-17,3,1 B=1236,1235,-1,0,-17
mv L' code=0 aligned=1 homed=- ms=119.0 U=3135,3133,-2,2,1 R=1091,1090,-1,0,-1 F=674,673,-1,3,-8 D=3501,3501,0,2,-2 L=208,1250,18,0,-1 B=1235,1235,0,0,-17
mv L code=0 aligned=1 homed=- ms=119.0 U=3135,3133,-2,2,1 R=1091,1090,-1,0,-1 F=674,673,-1,3,-8 D=3501,3501,0,2,-2 L=1249,209,-16,3,1 B=1235,1236,1,0,-16
mv L' code=0 aligned=1 homed=- ms=119.0 U=3135,3133,-2,2,1 R=1091,1090,-1,0,-1 F=674,673,-1,3,-8 D=3501,3501,0,2,-2 L=208,1250,18,0,-1 B=1235,1236,1,0,-16
mv L code=0 aligned=1 homed=- ms=119.0 U=3135,3133,-2,2,1 R=1091,1090,-1,0,-1 F=674,674,0,3,-7 D=3501,3501,0,2,-2 L=1249,209,-16,3,1 B=1236,1236,0,0,-16
mv L' code=0 aligned=1 homed=- ms=119.0 U=3135,3133,-2,2,1 R=1091,1090,-1,0,-1 F=674,673,-1,3,-8 D=3501,3501,0,2,-2 L=208,1250,18,0,-1 B=1235,1236,1,0,-16
mv L code=0 aligned=1 homed=- ms=119.0 U=3135,3133,-2,2,1 R=1091,1091,0,0,0 F=674,673,-1,3,-8 D=3501,3501,0,2,-2 L=1249,209,-16,3,1 B=1236,1236,0,0,-16
mv L' code=0 aligned=1 homed=- ms=119.0 U=3135,3133,-2,2,1 R=1091,1090,-1,0,-1 F=674,673,-1,3,-8 D=3501,3501,0,2,-2 L=208,1250,18,0,-1 B=1235,1236,1,0,-16
mv L code=0 aligned=1 homed=- ms=119.0 U=3135,3133,-2,2,1 R=1091,1090,-1,0,-1 F=674,673,-1,3,-8 D=3501,3501,0,2,-2 L=1249,209,-16,3,1 B=1236,1236,0,0,-16
mv L' code=0 aligned=1 homed=- ms=119.0 U=3135,3133,-2,2,1 R=1091,1090,-1,0,-1 F=674,673,-1,3,-8 D=3501,3501,0,2,-2 L=208,1250,18,0,-1 B=1235,1235,0,0,-17
mv L code=0 aligned=1 homed=- ms=119.0 U=3135,3133,-2,2,1 R=1091,1090,-1,0,-1 F=674,673,-1,3,-8 D=3501,3501,0,2,-2 L=1249,209,-16,3,1 B=1236,1236,0,0,-16
mv L' code=0 aligned=1 homed=- ms=119.0 U=3135,3133,-2,2,1 R=1091,1090,-1,0,-1 F=674,673,-1,3,-8 D=3501,3501,0,2,-2 L=208,1250,18,0,-1 B=1235,1236,1,0,-16
mv L code=0 aligned=1 homed=- ms=119.0 U=3135,3133,-2,2,1 R=1091,1091,0,0,0 F=674,674,0,3,-7 D=3501,3501,0,2,-2 L=1250,209,-17,3,1 B=1236,1236,0,0,-16
mv L' code=0 aligned=1 homed=- ms=119.0 U=3135,3133,-2,2,1 R=1091,1090,-1,0,-1 F=674,673,-1,3,-8 D=3501,3501,0,2,-2 L=208,1250,18,0,-1 B=1236,1236,0,0,-16
mv L code=0 aligned=1 homed=- ms=119.0 U=3135,3133,-2,2,1 R=1091,1090,-1,0,-1 F=674,673,-1,3,-8 D=3501,3501,0,2,-2 L=1250,209,-17,3,1 B=1235,1236,1,0,-16
mv L' code=0 aligned=1 homed=- ms=119.0 U=3135,3133,-2,2,1 R=1091,1090,-1,0,-1 F=674,673,-1,3,-8 D=3501,3501,0,2,-2 L=208,1250,18,0,-1 B=1236,1236,0,0,-16
mv L code=0 aligned=1 homed=- ms=119.0 U=3135,3133,-2,2,1 R=1091,1090,-1,0,-1 F=674,673,-1,3,-8 D=3501,3501,0,2,-2 L=1250,209,-17,3,1 B=1236,1236,0,0,-16
mv L' code=0 aligned=1 homed=- ms=119.0 U=3135,3133,-2,2,1 R=1091,1090,-1,0,-1 F=674,673,-1,3,-8 D=3501,3501,0,2,-2 L=209,1250,17,0,-1 B=1236,1236,0,0,-16
mv L code=0 aligned=1 homed=- ms=119.0 U=3135,3133,-2,2,1 R=1091,1090,-1,0,-1 F=674,673,-1,3,-8 D=3501,3501,0,2,-2 L=1249,209,-16,3,1 B=1236,1236,0,0,-16
mv L' code=0 aligned=1 homed=- ms=119.0 U=3135,3133,-2,2,1 R=1091,1090,-1,0,-1 F=674,673,-1,3,-8 D=3501,3501,0,2,-2 L=208,1250,18,0,-1 B=1235,1236,1,0,-16
mv L code=0 aligned=1 homed=- ms=119.0 U=3136,3133,-3,2,1 R=1091,1090,-1,0,-1 F=674,673,-1,3,-8 D=3501,3501,0,2,-2 L=1250,208,-18,3,0 B=1236,1236,0,0,-16
mv L' code=0 aligned=1 homed=- ms=119.0 U=3135,3133,-2,2,1 R=1091,1090,-1,0,-1 F=674,674,0,3,-7 D=3501,3501,0,2,-2 L=208,1250,18,0,-1 B=1236,1236,0,0,-16
mv L code=0 aligned=1 homed=- ms=119.0 U=3135,3133,-2,2,1 R=1091,1090,-1,0,-1 F=674,673,-1,3,-8 D=3501,3501,0,2,-2 L=1250,209,-17,3,1 B=1236,1236,0,0,-16
mv L' code=0 aligned=1 homed=- ms=119.0 U=3135,3133,-2,2,1 R=1091,1091,0,0,0 F=674,673,-1,3,-8 D=3501,3501,0,2,-2 L=208,1250,18,0,-1 B=1235,1236,1,0,-16
mv L code=0 aligned=1 homed=- ms=119.0 U=3135,3133,-2,2,1 R=1091,1090,-1,0,-1 F=674,673,-1,3,-8 D=3501,3501,0,2,-2 L=1250,209,-17,3,1 B=1235,1235,0,0,-17
mv L' code=0 aligned=1 homed=- ms=119.0 U=3135,3133,-2,2,1 R=1091,1090,-1,0,-1 F=674,673,-1,3,-8 D=3501,3501,0,2,-2 L=208,1250,18,0,-1 B=1236,1236,0,0,-16
mv L code=0 aligned=1 homed=- ms=119.0 U=3135,3133,-2,2,1 R=1091,1090,-1,0,-1 F=674,673,-1,3,-8 D=3501,3501,0,2,-2 L=1249,208,-17,3,0 B=1236,1235,-1,0,-17
mv L' code=0 aligned=1 homed=- ms=119.0 U=3135,3133,-2,2,1 R=1091,1090,-1,0,-1 F=674,673,-1,3,-8 D=3501,3501,0,2,-2 L=208,1250,18,0,-1 B=1236,1236,0,0,-16
mv L code=0 aligned=1 homed=- ms=119.0 U=3135,3133,-2,2,1 R=1091,1090,-1,0,-1 F=674,673,-1,3,-8 D=3501,3501,0,2,-2 L=1250,209,-17,3,1 B=1236,1236,0,0,-16
mv L' code=0 aligned=1 homed=- ms=119.0 U=3135,3133,-2,2,1 R=1091,1090,-1,0,-1 F=674,673,-1,3,-8 D=3501,3501,0,2,-2 L=208,1250,18,0,-1 B=1235,1236,1,0,-16
mv L code=0 aligned=1 homed=- ms=119.0 U=3135,3133,-2,2,1 R=1091,1090,-1,0,-1 F=674,674,0,3,-7 D=3501,3501,0,2,-2 L=1249,209,-16,3,1 B=1236,1236,0,0,-16
mv L' code=0 aligned=1 homed=- ms=119.0 U=3135,3133,-2,2,1 R=1091,1090,-1,0,-1 F=674,673,-1,3,-8 D=3501,3501,0,2,-2 L=208,1250,18,0,-1 B=1235,1235,0,0,-17
mv L code=0 aligned=1 homed=- ms=119.0 U=3135,3133,-2,2,1 R=1091,1090,-1,0,-1 F=674,673,-1,3,-8 D=3501,3501,0,2,-2 L=1249,209,-16,3,1 B=1236,1236,0,0,-16
mv L' code=0 aligned=1 homed=- ms=119.0 U=3135,3133,-2,2,1 R=1091,1090,-1,0,-1 F=674,673,-1,3,-8 D=3501,3501,0,2,-2 L=208,1250,18,0,-1 B=1235,1236,1,0,-16
mv L code=0 aligned=1 homed=- ms=119.0 U=3136,3133,-3,2,1 R=1091,1091,0,0,0 F=674,673,-1,3,-8 D=3501,3501,0,2,-2 L=1250,209,-17,3,1 B=1236,1236,0,0,-16
mv L' code=0 aligned=1 homed=- ms=119.0 U=3135,3133,-2,2,1 R=1091,1090,-1,0,-1 F=674,673,-1,3,-8 D=3501,3501,0,2,-2 L=208,1250,18,0,-1 B=1236,1236,0,0,-16
mv L code=0 aligned=1 homed=- ms=119.0 U=3135,3133,-2,2,1 R=1091,1090,-1,0,-1 F=674,674,0,3,-7 D=3501,3501,0,2,-2 L=1250,209,-17,3,1 B=1235,1236,1,0,-16
mv L' code=0 aligned=1 homed=- ms=119.0 U=3135,3133,-2,2,1 R=1091,1091,0,0,0 F=674,673,-1,3,-8 D=3501,3501,0,2,-2 L=208,1250,18,0,-1 B=1236,1236,0,0,-16
mv L code=0 aligned=1 homed=- ms=119.0 U=3135,3133,-2,2,1 R=1091,1090,-1,0,-1 F=674,673,-1,3,-8 D=3501,3501,0,2,-2 L=1250,209,-17,3,1 B=1235,1236,1,0,-16
mv L' code=0 aligned=1 homed=- ms=119.0 U=3135,3133,-2,2,1 R=1091,1090,-1,0,-1 F=674,673,-1,3,-8 D=3501,3501,0,2,-2 L=208,1250,18,0,-1 B=1235,1236,1,0,-16
mv L code=0 aligned=1 homed=- ms=119.0 U=3135,3133,-2,2,1 R=1091,1090,-1,0,-1 F=674,673,-1,3,-8 D=3501,3501,0,2,-2 L=1250,209,-17,3,1 B=1235,1236,1,0,-16
mv L' code=0 aligned=1 homed=- ms=119.0 U=3135,3133,-2,2,1 R=1091,1090,-1,0,-1 F=674,673,-1,3,-8 D=3501,3501,0,2,-2 L=208,1250,18,0,-1 B=1236,1236,0,0,-16
mv L code=0 aligned=1 homed=- ms=119.0 U=3135,3133,-2,2,1 R=1091,1090,-1,0,-1 F=674,673,-1,3,-8 D=3501,3501,0,2,-2 L=1250,209,-17,3,1 B=1236,1235,-1,0,-17
mv L' code=0 aligned=1 homed=- ms=119.0 U=3136,3133,-3,2,1 R=1091,1090,-1,0,-1 F=674,673,-1,3,-8 D=3501,3501,0,2,-2 L=208,1250,18,0,-1 B=1236,1236,0,0,-16
mv L code=0 aligned=1 homed=- ms=119.0 U=3135,3133,-2,2,1 R=1091,1090,-1,0,-1 F=674,673,-1,3,-8 D=3501,3501,0,2,-2 L=1249,208,-17,3,0 B=1236,1236,0,0,-16
mv L' code=0 aligned=1 homed=- ms=119.0 U=3135,3133,-2,2,1 R=1091,1090,-1,0,-1 F=674,673,-1,3,-8 D=3501,3501,0,2,-2 L=208,1250,18,0,-1 B=1235,1236,1,0,-16
mv L code=0 aligned=1 homed=- ms=119.0 U=3135,3133,-2,2,1 R=1091,1090,-1,0,-1 F=674,673,-1,3,-8 D=3501,3501,0,2,-2 L=1249,209,-16,3,1 B=1236,1236,0,0,-16
mv L' code=0 aligned=1 homed=- ms=119.0 U=3135,3133,-2,2,1 R=1091,1090,-1,0,-1 F=674,673,-1,3,-8 D=3501,3501,0,2,-2 L=208,1250,18,0,-1 B=1236,1236,0,0,-16
mv L code=0 aligned=1 homed=- ms=119.0 U=3135,3133,-2,2,1 R=1091,1090,-1,0,-1 F=674,674,0,3,-7 D=3501,3501,0,2,-2 L=1250,209,-17,3,1 B=1235,1236,1,0,-16
mv L' code=0 aligned=1 homed=- ms=119.0 U=3135,3133,-2,2,1 R=1091,1090,-1,0,-1 F=674,673,-1,3,-8 D=3501,3501,0,2,-2 L=208,1251,19,0,0 B=1235,1235,0,0,-17
mv L code=0 aligned=1 homed=- ms=119.0 U=3135,3133,-2,2,1 R=1091,1091,0,0,0 F=674,673,-1,3,-8 D=3501,3501,0,2,-2 L=1250,209,-17,3,1 B=1236,1236,0,0,-16
mv L' code=0 aligned=1 homed=- ms=119.0 U=3135,3133,-2,2,1 R=1091,1090,-1,0,-1 F=674,673,-1,3,-8 D=3501,3501,0,2,-2 L=208,1250,18,0,-1 B=1235,1235,0,0,-17
mv L code=0 aligned=1 homed=- ms=119.0 U=3135,3134,-1,2,2 R=1091,1090,-1,0,-1 F=674,673,-1,3,-8 D=3501,3501,0,2,-2 L=1249,209,-16,3,1 B=1236,1236,0,0,-16
mv L' code=0 aligned=1 homed=- ms=119.0 U=3135,3133,-2,2,1 R=1091,1090,-1,0,-1 F=674,673,-1,3,-8 D=3501,3501,0,2,-2 L=208,1250,18,0,-1 B=1236,1236,0,0,-16
mv L code=0 aligned=1 homed=- ms=119.0 U=3135,3133,-2,2,1 R=1091,1090,-1,0,-1 F=674,673,-1,3,-8 D=3501,3501,0,2,-2 L=1249,209,-16,3,1 B=1236,1236,0,0,-16
mv L' code=0 aligned=1 homed=- ms=119.0 U=3135,3133,-2,2,1 R=1091,1090,-1,0,-1 F=674,673,-1,3,-8 D=3501,3501,0,2,-2 L=208,1250,18,0,-1 B=1236,1236,0,0,-16
mv L code=0 aligned=1 homed=- ms=119.0 U=3135,3133,-2,2,1 R=1091,1090,-1,0,-1 F=674,673,-1,3,-8 D=3501,3501,0,2,-2 L=1250,209,-17,3,1 B=1235,1236,1,0,-16
mv L' code=0 aligned=1 homed=- ms=119.0 U=3135,3133,-2,2,1 R=1091,1090,-1,0,-1 F=674,673,-1,3,-8 D=3501,3501,0,2,-2 L=208,1250,18,0,-1 B=1235,1236,1,0,-16
mv L code=0 aligned=1 homed=- ms=119.0 U=3135,3133,-2,2,1 R=1091,1090,-1,0,-1 F=674,673,-1,3,-8 D=3501,3501,0,2,-2 L=1249,209,-16,3,1 B=1236,1236,0,0,-16
mv L' code=0 aligned=1 homed=- ms=119.0 U=3135,3133,-2,2,1 R=1091,1091,0,0,0 F=674,673,-1,3,-8 D=3501,3501,0,2,-2 L=208,1250,18,0,-1 B=1235,1236,1,0,-16
mv L code=0 aligned=1 homed=- ms=119.0 U=3136,3133,-3,2,1 R=1091,1090,-1,0,-1 F=674,673,-1,3,-8 D=3501,3501,0,2,-2 L=1250,209,-17,3,1 B=1235,1236,1,0,-16
mv L' code=0 aligned=1 homed=- ms=119.0 U=3135,3133,-2,2,1 R=1091,1090,-1,0,-1 F=674,673,-1,3,-8 D=3501,3501,0,2,-2 L=208,1250,18,0,-1 B=1235,1236,1,0,-16
mv L code=0 aligned=1 homed=- ms=119.0 U=3135,3133,-2,2,1 R=1091,1091,0,0,0 F=674,673,-1,3,-8 D=3501,3501,0,2,-2 L=1250,209,-17,3,1 B=1235,1236,1,0,-16
mv L' code=0 aligned=1 homed=- ms=119.0 U=3135,3133,-2,2,1 R=1091,1090,-1,0,-1 F=674,673,-1,3,-8 D=3501,3501,0,2,-2 L=208,1250,18,0,-1 B=1235,1236,1,0,-16
mv L code=0 aligned=1 homed=- ms=119.0 U=3135,3134,-1,2,2 R=1091,1090,-1,0,-1 F=674,673,-1,3,-8 D=3501,3501,0,2,-2 L=1249,209,-16,3,1 B=1235,1235,0,0,-17
mv L' code=0 aligned=1 homed=- ms=119.0 U=3135,3133,-2,2,1 R=1091,1090,-1,0,-1 F=674,673,-1,3,-8 D=3501,3501,0,2,-2 L=208,1250,18,0,-1 B=1236,1236,0,0,-16
mv L code=0 aligned=1 homed=- ms=119.0 U=3135,3133,-2,2,1 R=1091,1091,0,0,0 F=674,673,-1,3,-8 D=3501,3501,0,2,-2 L=1250,209,-17,3,1 B=1236,1236,0,0,-16
mv L' code=0 aligned=1 homed=- ms=119.0 U=3135,3133,-2,2,1 R=1091,1090,-1,0,-1 F=674,673,-1,3,-8 D=3501,3501,0,2,-2 L=208,1250,18,0,-1 B=1235,1236,1,0,-16
mv L code=0 aligned=1 homed=- ms=119.0 U=3135,3133,-2,2,1 R=1091,1090,-1,0,-1 F=674,673,-1,3,-8 D=3501,3501,0,2,-2 L=1250,209,-17,3,1 B=1236,1236,0,0,-16
mv L' code=0 aligned=1 homed=- ms=119.0 U=3135,3133,-2,2,1 R=1091,1090,-1,0,-1 F=674,673,-1,3,-8 D=3502,3501,-1,2,-2 L=208,1250,18,0,-1 B=1236,1236,0,0,-16
mv L code=0 aligned=1 homed=- ms=119.0 U=3135,3133,-2,2,1 R=1091,1090,-1,0,-1 F=674,674,0,3,-7 D=3501,3501,0,2,-2 L=1250,209,-17,3,1 B=1236,1236,0,0,-16
mv L' code=0 aligned=1 homed=- ms=119.0 U=3135,3133,-2,2,1 R=1091,1090,-1,0,-1 F=674,673,-1,3,-8 D=3501,3501,0,2,-2 L=208,1250,18,0,-1 B=1236,1235,-1,0,-17
mv L code=0 aligned=1 homed=- ms=119.0 U=3135,3133,-2,2,1 R=1091,1090,-1,0,-1 F=674,673,-1,3,-8 D=3501,3501,0,2,-2 L=1249,209,-16,3,1 B=1235,1236,1,0,-16
mv L' code=0 aligned=1 homed=- ms=119.0 U=3135,3133,-2,2,1 R=1091,1090,-1,0,-1 F=674,673,-1,3,-8 D=3501,3501,0,2,-2 L=208,1250,18,0,-1 B=1236,1236,0,0,-16
mv L code=0 aligned=1 homed=- ms=119.0 U=3135,3133,-2,2,1 R=1091,1090,-1,0,-1 F=674,673,-1,3,-8 D=3501,3501,0,2,-2 L=1250,209,-17,3,1 B=1235,1236,1,0,-16
mv L' code=0 aligned=1 homed=- ms=119.0 U=3135,3133,-2,2,1 R=1091,1090,-1,0,-1 F=674,673,-1,3,-8 D=3501,3501,0,2,-2 L=208,1250,18,0,-1 B=1235,1236,1,0,-16
mv L code=0 aligned=1 homed=- ms=119.0 U=3135,3133,-2,2,1 R=1091,1091,0,0,0 F=674,673,-1,3,-8 D=3501,3501,0,2,-2 L=1250,209,-17,3,1 B=1235,1236,1,0,-16
mv L' code=0 aligned=1 homed=- ms=119.0 U=3135,3133,-2,2,1 R=1091,1091,0,0,0 F=674,674,0,3,-7 D=3501,3501,0,2,-2 L=208,1250,18,0,-1 B=1236,1236,0,0,-16
mv L code=0 aligned=1 homed=- ms=119.0 U=3135,3133,-2,2,1 R=1091,1091,0,0,0 F=674,673,-1,3,-8 D=3501,3501,0,2,-2 L=1249,209,-16,3,1 B=1235,1236,1,0,-16
mv L' code=0 aligned=1 homed=- ms=119.0 U=3135,3133,-2,2,1 R=1091,1090,-1,0,-1 F=674,673,-1,3,-8 D=3501,3501,0,2,-2 L=208,1250,18,0,-1 B=1236,1236,0,0,-16
mv L code=0 aligned=1 homed=- ms=119.0 U=3135,3133,-2,2,1 R=1091,1090,-1,0,-1 F=674,673,-1,3,-8 D=3501,3501,0,2,-2 L=1249,209,-16,3,1 B=1235,1236,1,0,-16
mv L' code=0 aligned=1 homed=- ms=119.0 U=3135,3133,-2,2,1 R=1091,1090,-1,0,-1 F=674,673,-1,3,-8 D=3501,3501,0,2,-2 L=208,1250,18,0,-1 B=1235,1235,0,0,-17
mv L code=0 aligned=1 homed=- ms=119.0 U=3135,3133,-2,2,1 R=1091,1090,-1,0,-1 F=674,673,-1,3,-8 D=3501,3501,0,2,-2 L=1250,209,-17,3,1 B=1236,1236,0,0,-16
mv L' code=0 aligned=1 homed=- ms=119.0 U=3136,3133,-3,2,1 R=1091,1090,-1,0,-1 F=674,673,-1,3,-8 D=3502,3501,-1,2,-2 L=208,1250,18,0,-1 B=1236,1236,0,0,-16
mv L code=0 aligned=1 homed=- ms=119.0 U=3135,3133,-2,2,1 R=1091,1090,-1,0,-1 F=674,673,-1,3,-8 D=3501,3501,0,2,-2 L=1250,209,-17,3,1 B=1235,1236,1,0,-16
mv L' code=0 aligned=1 homed=- ms=119.0 U=3135,3133,-2,2,1 R=1091,1090,-1,0,-1 F=674,673,-1,3,-8 D=3501,3501,0,2,-2 L=208,1250,18,0,-1 B=1235,1235,0,0,-17
mv L code=0 aligned=1 homed=- ms=119.0 U=3135,3133,-2,2,1 R=1091,1091,0,0,0 F=674,673,-1,3,-8 D=3501,3501,0,2,-2 L=1250,209,-17,3,1 B=1235,1236,1,0,-16
mv L' code=0 aligned=1 homed=- ms=119.0 U=3135,3133,-2,2,1 R=1091,1091,0,0,0 F=674,673,-1,3,-8 D=3501,3501,0,2,-2 L=208,1250,18,0,-1 B=1235,1236,1,0,-16
mv L code=0 aligned=1 homed=- ms=119.0 U=3135,3133,-2,2,1 R=1091,1090,-1,0,-1 F=674,673,-1,3,-8 D=3501,3501,0,2,-2 L=1249,209,-16,3,1 B=1236,1235,-1,0,-17
mv L' code=0 aligned=1 homed=- ms=119.0 U=3135,3133,-2,2,1 R=1091,1090,-1,0,-1 F=674,674,0,3,-7 D=3501,3501,0,2,-2 L=208,1250,18,0,-1 B=1235,1236,1,0,-16
mv L code=0 aligned=1 homed=- ms=119.0 U=3135,3133,-2,2,1 R=1091,1090,-1,0,-1 F=674,673,-1,3,-8 D=3501,3501,0,2,-2 L=1250,209,-17,3,1 B=1236,1236,0,0,-16
mv L' code=0 aligned=1 homed=- ms=119.0 U=3135,3133,-2,2,1 R=1091,1090,-1,0,-1 F=674,673,-1,3,-8 D=3501,3501,0,2,-2 L=208,1250,18,0,-1 B=1235,1236,1,0,-16
mv L code=0 aligned=1 homed=- ms=119.0 U=3135,3133,-2,2,1 R=1091,1090,-1,0,-1 F=674,673,-1,3,-8 D=3501,3501,0,2,-2 L=1250,208,-18,3,0 B=1236,1236,0,0,-16
mv L' code=0 aligned=1 homed=- ms=119.0 U=3135,3133,-2,2,1 R=1091,1090,-1,0,-1 F=674,673,-1,3,-8 D=3501,3501,0,2,-2 L=208,1250,18,0,-1 B=1236,1236,0,0,-16
mv L code=0 aligned=1 homed=- ms=119.0 U=3135,3133,-2,2,1 R=1091,1090,-1,0,-1 F=674,674,0,3,-7 D=3501,3501,0,2,-2 L=1250,209,-17,3,1 B=1236,1236,0,0,-16
mv L' code=0 aligned=1 homed=- ms=119.0 U=3135,3133,-2,2,1 R=1091,1090,-1,0,-1 F=674,673,-1,3,-8 D=3501,3501,0,2,-2 L=208,1250,18,0,-1 B=1236,1236,0,0,-16
mv L code=0 aligned=1 homed=- ms=119.0 U=3135,3133,-2,2,1 R=1091,1090,-1,0,-1 F=674,673,-1,3,-8 D=3501,3501,0,2,-2 L=1249,208,-17,3,0 B=1235,1236,1,0,-16
mv L' code=0 aligned=1 homed=- ms=119.0 U=3135,3133,-2,2,1 R=1091,1090,-1,0,-1 F=674,673,-1,3,-8 D=3501,3501,0,2,-2 L=208,1250,18,0,-1 B=1236,1236,0,0,-16
mv L code=0 aligned=1 homed=- ms=119.0 U=3135,3133,-2,2,1 R=1091,1090,-1,0,-1 F=674,674,0,3,-7 D=3501,3501,0,2,-2 L=1250,209,-17,3,1 B=1236,1236,0,0,-16
mv L' code=0 aligned=1 homed=- ms=119.0 U=3135,3133,-2,2,1 R=1091,1090,-1,0,-1 F=674,673,-1,3,-8 D=3501,3501,0,2,-2 L=208,1250,18,0,-1 B=1236,1236,0,0,-16
rep moves=200 notaligned=0 homings=0 failures=0 avgms=119.0
res U=- R=- F=- D=- L=200,0.7,17.4,19 B=-
ok
> home
[align] motor 0 err=3 counts (0.3 steps)
[align] motor 1 err=0 counts (0.0 steps)
[align] motor 2 err=-7 counts (-0.7 steps)
[align] motor 3 err=-1 counts (-0.1 steps)
[align] motor 4 err=-4 counts (-0.4 steps)
[align] motor 5 err=-18 counts (-1.8 steps)
home code=0 ms=6 en=0
enc U=3134 R=1091 F=673 D=3501 L=1251 B=1235 RING=2768
near U=2:2 R=0:0 F=3:-8 D=2:-2 L=0:0 B=0:-17
ok
> enc
enc U=3135 R=1091 F=674 D=3501 L=1250 B=1235 RING=2768
near U=2:3 R=0:0 F=3:-7 D=2:-2 L=0:-1 B=0:-17
ok
> rep 50 L L L L
mv L code=0 aligned=1 homed=- ms=119.0 U=3135,3133,-2,2,1 R=1091,1090,-1,0,-1 F=674,673,-1,3,-8 D=3501,3501,0,2,-2 L=1250,208,-18,3,0 B=1236,1236,0,0,-16
mv L code=0 aligned=1 homed=- ms=119.0 U=3135,3133,-2,2,1 R=1091,1090,-1,0,-1 F=674,673,-1,3,-8 D=3501,3501,0,2,-2 L=208,3287,7,2,1 B=1236,1236,0,0,-16
mv L code=0 aligned=1 homed=- ms=119.0 U=3135,3133,-2,2,1 R=1091,1090,-1,0,-1 F=674,673,-1,3,-8 D=3501,3501,0,2,-2 L=3286,2271,9,1,0 B=1235,1236,1,0,-16
mv L code=0 aligned=1 homed=- ms=119.0 U=3135,3133,-2,2,1 R=1091,1090,-1,0,-1 F=674,673,-1,3,-8 D=3501,3501,0,2,-2 L=2271,1251,4,0,0 B=1235,1236,1,0,-16
mv L code=0 aligned=1 homed=- ms=119.0 U=3135,3133,-2,2,1 R=1091,1090,-1,0,-1 F=674,673,-1,3,-8 D=3501,3501,0,2,-2 L=1250,209,-17,3,1 B=1235,1236,1,0,-16
mv L code=0 aligned=1 homed=- ms=119.0 U=3135,3133,-2,2,1 R=1091,1090,-1,0,-1 F=674,673,-1,3,-8 D=3501,3501,0,2,-2 L=208,3287,7,2,1 B=1236,1236,0,0,-16
mv L code=0 aligned=1 homed=- ms=119.0 U=3135,3133,-2,2,1 R=1091,1090,-1,0,-1 F=674,673,-1,3,-8 D=3501,3501,0,2,-2 L=3286,2271,9,1,0 B=1235,1236,1,0,-16
mv L code=0 aligned=1 homed=- ms=119.0 U=3135,3133,-2,2,1 R=1091,1090,-1,0,-1 F=674,673,-1,3,-8 D=3501,3501,0,2,-2 L=2271,1251,4,0,0 B=1235,1236,1,0,-16
mv L code=0 aligned=1 homed=- ms=119.0 U=3135,3133,-2,2,1 R=1091,1090,-1,0,-1 F=674,673,-1,3,-8 D=3501,3501,0,2,-2 L=1250,209,-17,3,1 B=1235,1236,1,0,-16
mv L code=0 aligned=1 homed=- ms=119.0 U=3135,3133,-2,2,1 R=1091,1090,-1,0,-1 F=674,673,-1,3,-8 D=3501,3501,0,2,-2 L=208,3287,7,2,1 B=1235,1235,0,0,-17
mv L code=0 aligned=1 homed=- ms=119.0 U=3135,3133,-2,2,1 R=1091,1091,0,0,0 F=674,673,-1,3,-8 D=3501,3501,0,2,-2 L=3286,2272,10,1,1 B=1235,1236,1,0,-16
mv L code=0 aligned=1 homed=- ms=119.0 U=3135,3133,-2,2,1 R=1091,1090,-1,0,-1 F=674,673,-1,3,-8 D=3501,3501,0,2,-2 L=2271,1251,4,0,0 B=1235,1235,0,0,-17
mv L code=0 aligned=1 homed=- ms=119.0 U=3135,3133,-2,2,1 R=1091,1090,-1,0,-1 F=674,673,-1,3,-8 D=3501,3501,0,2,-2 L=1250,209,-17,3,1 B=1235,1236,1,0,-16
mv L code=0 aligned=1 homed=- ms=119.0 U=3135,3133,-2,2,1 R=1091,1090,-1,0,-1 F=674,673,-1,3,-8 D=3501,3501,0,2,-2 L=208,3287,7,2,1 B=1235,1236,1,0,-16
mv L code=0 aligned=1 homed=- ms=119.0 U=3135,3133,-2,2,1 R=1091,1090,-1,0,-1 F=674,673,-1,3,-8 D=3501,3501,0,2,-2 L=3286,2271,9,1,0 B=1236,1236,0,0,-16
mv L code=0 aligned=1 homed=- ms=119.0 U=3135,3133,-2,2,1 R=1091,1090,-1,0,-1 F=674,673,-1,3,-8 D=3501,3501,0,2,-2 L=2271,1251,4,0,0 B=1236,1236,0,0,-16
mv L code=0 aligned=1 homed=- ms=119.0 U=3135,3133,-2,2,1 R=1091,1090,-1,0,-1 F=674,674,0,3,-7 D=3501,3501,0,2,-2 L=1250,209,-17,3,1 B=1235,1236,1,0,-16
mv L code=0 aligned=1 homed=- ms=119.0 U=3135,3133,-2,2,1 R=1091,1091,0,0,0 F=674,673,-1,3,-8 D=3501,3501,0,2,-2 L=208,3287,7,2,1 B=1235,1236,1,0,-16
mv L code=0 aligned=1 homed=- ms=119.0 U=3135,3133,-2,2,1 R=1091,1090,-1,0,-1 F=674,673,-1,3,-8 D=3501,3501,0,2,-2 L=3286,2271,9,1,0 B=1236,1236,0,0,-16
mv L code=0 aligned=1 homed=- ms=119.0 U=3135,3133,-2,2,1 R=1091,1090,-1,0,-1 F=674,673,-1,3,-8 D=3501,3501,0,2,-2 L=2271,1251,4,0,0 B=1236,1236,0,0,-16
mv L code=0 aligned=1 homed=- ms=119.0 U=3135,3133,-2,2,1 R=1091,1090,-1,0,-1 F=674,674,0,3,-7 D=3501,3501,0,2,-2 L=1250,209,-17,3,1 B=1236,1235,-1,0,-17
mv L code=0 aligned=1 homed=- ms=119.0 U=3135,3133,-2,2,1 R=1091,1090,-1,0,-1 F=674,674,0,3,-7 D=3501,3501,0,2,-2 L=208,3287,7,2,1 B=1235,1236,1,0,-16
mv L code=0 aligned=1 homed=- ms=119.0 U=3135,3133,-2,2,1 R=1091,1090,-1,0,-1 F=674,673,-1,3,-8 D=3501,3501,0,2,-2 L=3286,2272,10,1,1 B=1236,1236,0,0,-16
mv L code=0 aligned=1 homed=- ms=119.0 U=3135,3133,-2,2,1 R=1091,1091,0,0,0 F=674,674,0,3,-7 D=3501,3501,0,2,-2 L=2271,1251,4,0,0 B=1235,1236,1,0,-16
mv L code=0 aligned=1 homed=- ms=119.0 U=3135,3133,-2,2,1 R=1091,1090,-1,0,-1 F=674,673,-1,3,-8 D=3501,3501,0,2,-2 L=1250,209,-17,3,1 B=1236,1236,0,0,-16
mv L code=0 aligned=1 homed=- ms=119.0 U=3135,3133,-2,2,1 R=1091,1091,0,0,0 F=674,673,-1,3,-8 D=3501,3501,0,2,-2 L=208,3287,7,2,1 B=1235,1235,0,0,-17
mv L code=0 aligned=1 homed=- ms=119.0 U=3135,3133,-2,2,1 R=1091,1091,0,0,0 F=674,673,-1,3,-8 D=3502,3501,-1,2,-2 L=3286,2272,10,1,1 B=1235,1235,0,0,-17
mv L code=0 aligned=1 homed=- ms=119.0 U=3135,3133,-2,2,1 R=1091,1091,0,0,0 F=674,673,-1,3,-8 D=3501,3501,0,2,-2 L=2271,1251,4,0,0 B=1236,1236,0,0,-16
mv L code=0 aligned=1 homed=- ms=119.0 U=3135,3133,-2,2,1 R=1091,1090,-1,0,-1 F=674,674,0,3,-7 D=3501,3501,0,2,-2 L=1250,209,-17,3,1 B=1236,1236,0,0,-16
mv L code=0 aligned=1 homed=- ms=119.0 U=3135,3133,-2,2,1 R=1091,1090,-1,0,-1 F=674,673,-1,3,-8 D=3501,3501,0,2,-2 L=208,3287,7,2,1 B=1235,1236,1,0,-16
mv L code=0 aligned=1 homed=- ms=119.0 U=3136,3133,-3,2,1 R=1091,1090,-1,0,-1 F=674,674,0,3,-7 D=3501,3501,0,2,-2 L=3286,2272,10,1,1 B=1235,1236,1,0,-16
mv L code=0 aligned=1 homed=- ms=119.0 U=3135,3133,-2,2,1 R=1091,1090,-1,0,-1 F=674,673,-1,3,-8 D=3502,3501,-1,2,-2 L=2271,1250,3,0,-1 B=1235,1236,1,0,-16
mv L code=0 aligned=1 homed=- ms=119.0 U=3135,3133,-2,2,1 R=1091,1091,0,0,0 F=674,673,-1,3,-8 D=3501,3501,0,2,-2 L=1250,209,-17,3,1 B=1236,1236,0,0,-16
mv L code=0 aligned=1 homed=- ms=119.0 U=3135,3133,-2,2,1 R=1091,1090,-1,0,-1 F=674,673,-1,3,-8 D=3501,3501,0,2,-2 L=208,3287,7,2,1 B=1236,1236,0,0,-16
mv L code=0 aligned=1 homed=- ms=119.0 U=3136,3133,-3,2,1 R=1091,1091,0,0,0 F=674,673,-1,3,-8 D=3501,3501,0,2,-2 L=3286,2272,10,1,1 B=1235,1236,1,0,-16
mv L code=0 aligned=1 homed=- ms=119.0 U=3135,3133,-2,2,1 R=1091,1090,-1,0,-1 F=674,673,-1,3,-8 D=3501,3501,0,2,-2 L=2271,1251,4,0,0 B=1235,1236,1,0,-16
mv L code=0 aligned=1 homed=- ms=119.0 U=3136,3133,-3,2,1 R=1091,1090,-1,0,-1 F=674,673,-1,3,-8 D=3501,3501,0,2,-2 L=1250,209,-17,3,1 B=1236,1236,0,0,-16
mv L code=0 aligned=1 homed=- ms=119.0 U=3135,3133,-2,2,1 R=1091,1090,-1,0,-1 F=674,673,-1,3,-8 D=3501,3501,0,2,-2 L=209,3287,6,2,1 B=1235,1235,0,0,-17
mv L code=0 aligned=1 homed=- ms=119.0 U=3135,3133,-2,2,1 R=1091,1090,-1,0,-1 F=674,673,-1,3,-8 D=3501,3501,0,2,-2 L=3287,2272,9,1,1 B=1235,1236,1,0,-16
mv L code=0 aligned=1 homed=- ms=119.0 U=3136,3133,-3,2,1 R=1091,1090,-1,0,-1 F=674,673,-1,3,-8 D=3501,3501,0,2,-2 L=2271,1250,3,0,-1 B=1236,1236,0,0,-16
mv L code=0 aligned=1 homed=- ms=119.0 U=3135,3133,-2,2,1 R=1091,1090,-1,0,-1 F=674,673,-1,3,-8 D=3501,3501,0,2,-2 L=1250,209,-17,3,1 B=1236,1236,0,0,-16
mv L code=0 aligned=1 homed=- ms=119.0 U=3135,3133,-2,2,1 R=1091,1091,0,0,0 F=674,673,-1,3,-8 D=3501,3501,0,2,-2 L=208,3287,7,2,1 B=1235,1235,0,0,-17
mv L code=0 aligned=1 homed=- ms=119.0 U=3135,3133,-2,2,1 R=1091,1090,-1,0,-1 F=674,673,-1,3,-8 D=3501,3501,0,2,-2 L=3286,2272,10,1,1 B=1236,1236,0,0,-16
mv L code=0 aligned=1 homed=- ms=119.0 U=3135,3133,-2,2,1 R=1091,1090,-1,0,-1 F=674,673,-1,3,-8 D=3501,3501,0,2,-2 L=2271,1251,4,0,0 B=1235,1235,0,0,-17
mv L code=0 aligned=1 homed=- ms=119.0 U=3135,3133,-2,2,1 R=1091,1090,-1,0,-1 F=674,673,-1,3,-8 D=3501,3501,0,2,-2 L=1250,209,-17,3,1 B=1235,1236,1,0,-16
mv L code=0 aligned=1 homed=- ms=119.0 U=3135,3133,-2,2,1 R=1091,1090,-1,0,-1 F=674,673,-1,3,-8 D=3501,3501,0,2,-2 L=208,3287,7,2,1 B=1236,1235,-1,0,-17
mv L code=0 aligned=1 homed=- ms=119.0 U=3135,3133,-2,2,1 R=1091,1090,-1,0,-1 F=674,674,0,3,-7 D=3501,3501,0,2,-2 L=3286,2271,9,1,0 B=1235,1235,0,0,-17
mv L code=0 aligned=1 homed=- ms=119.0 U=3135,3133,-2,2,1 R=1091,1090,-1,0,-1 F=674,674,0,3,-7 D=3501,3501,0,2,-2 L=2271,1250,3,0,-1 B=1235,1235,0,0,-17
mv L code=0 aligned=1 homed=- ms=119.0 U=3135,3133,-2,2,1 R=1091,1090,-1,0,-1 F=674,674,0,3,-7 D=3501,3501,0,2,-2 L=1250,209,-17,3,1 B=1236,1236,0,0,-16
mv L code=0 aligned=1 homed=- ms=119.0 U=3135,3133,-2,2,1 R=1091,1090,-1,0,-1 F=674,673,-1,3,-8 D=3501,3501,0,2,-2 L=208,3287,7,2,1 B=1235,1236,1,0,-16
mv L code=0 aligned=1 homed=- ms=119.0 U=3135,3133,-2,2,1 R=1091,1090,-1,0,-1 F=674,674,0,3,-7 D=3501,3501,0,2,-2 L=3286,2271,9,1,0 B=1235,1236,1,0,-16
mv L code=0 aligned=1 homed=- ms=119.0 U=3135,3133,-2,2,1 R=1091,1090,-1,0,-1 F=674,673,-1,3,-8 D=3501,3501,0,2,-2 L=2271,1250,3,0,-1 B=1236,1236,0,0,-16
mv L code=0 aligned=1 homed=- ms=119.0 U=3135,3133,-2,2,1 R=1091,1090,-1,0,-1 F=674,673,-1,3,-8 D=3501,3501,0,2,-2 L=1250,209,-17,3,1 B=1235,1236,1,0,-16
mv L code=0 aligned=1 homed=- ms=119.0 U=3135,3133,-2,2,1 R=1091,1091,0,0,0 F=674,673,-1,3,-8 D=3501,3501,0,2,-2 L=208,3287,7,2,1 B=1235,1236,1,0,-16
mv L code=0 aligned=1 homed=- ms=119.0 U=3136,3133,-3,2,1 R=1091,1090,-1,0,-1 F=674,673,-1,3,-8 D=3501,3501,0,2,-2 L=3286,2271,9,1,0 B=1235,1236,1,0,-16
mv L code=0 aligned=1 homed=- ms=119.0 U=3135,3133,-2,2,1 R=1091,1091,0,0,0 F=674,674,0,3,-7 D=3501,3501,0,2,-2 L=2271,1250,3,0,-1 B=1236,1236,0,0,-16
mv L code=0 aligned=1 homed=- ms=119.0 U=3135,3133,-2,2,1 R=1091,1090,-1,0,-1 F=674,674,0,3,-7 D=3501,3501,0,2,-2 L=1250,209,-17,3,1 B=1235,1236,1,0,-16
mv L code=0 aligned=1 homed=- ms=119.0 U=3135,3133,-2,2,1 R=1091,1090,-1,0,-1 F=674,673,-1,3,-8 D=3501,3501,0,2,-2 L=208,3287,7,2,1 B=1236,1236,0,0,-16
mv L code=0 aligned=1 homed=- ms=119.0 U=3135,3133,-2,2,1 R=1091,1091,0,0,0 F=674,673,-1,3,-8 D=3501,3501,0,2,-2 L=3286,2272,10,1,1 B=1235,1236,1,0,-16
mv L code=0 aligned=1 homed=- ms=119.0 U=3136,3133,-3,2,1 R=1091,1090,-1,0,-1 F=674,673,-1,3,-8 D=3501,3501,0,2,-2 L=2271,1250,3,0,-1 B=1235,1236,1,0,-16
mv L code=0 aligned=1 homed=- ms=119.0 U=3135,3133,-2,2,1 R=1091,1090,-1,0,-1 F=674,674,0,3,-7 D=3501,3501,0,2,-2 L=1250,209,-17,3,1 B=1236,1236,0,0,-16
mv L code=0 aligned=1 homed=- ms=119.0 U=3135,3133,-2,2,1 R=1091,1091,0,0,0 F=674,673,-1,3,-8 D=3501,3501,0,2,-2 L=208,3287,7,2,1 B=1235,1235,0,0,-17
mv L code=0 aligned=1 homed=- ms=119.0 U=3135,3133,-2,2,1 R=1091,1090,-1,0,-1 F=674,673,-1,3,-8 D=3501,3501,0,2,-2 L=3286,2272,10,1,1 B=1235,1236,1,0,-16
mv L code=0 aligned=1 homed=- ms=119.0 U=3135,3133,-2,2,1 R=1091,1090,-1,0,-1 F=674,673,-1,3,-8 D=3501,3501,0,2,-2 L=2271,1251,4,0,0 B=1235,1236,1,0,-16
mv L code=0 aligned=1 homed=- ms=119.0 U=3135,3133,-2,2,1 R=1091,1090,-1,0,-1 F=674,674,0,3,-7 D=3501,3501,0,2,-2 L=1250,209,-17,3,1 B=1235,1236,1,0,-16
mv L code=0 aligned=1 homed=- ms=119.0 U=3135,3133,-2,2,1 R=1091,1090,-1,0,-1 F=674,674,0,3,-7 D=3501,3501,0,2,-2 L=208,3287,7,2,1 B=1236,1235,-1,0,-17
mv L code=0 aligned=1 homed=- ms=119.0 U=3135,3133,-2,2,1 R=1091,1090,-1,0,-1 F=674,673,-1,3,-8 D=3501,3501,0,2,-2 L=3286,2272,10,1,1 B=1235,1235,0,0,-17
mv L code=0 aligned=1 homed=- ms=119.0 U=3135,3133,-2,2,1 R=1091,1090,-1,0,-1 F=674,673,-1,3,-8 D=3501,3501,0,2,-2 L=2271,1251,4,0,0 B=1236,1236,0,0,-16
mv L code=0 aligned=1 homed=- ms=119.0 U=3135,3133,-2,2,1 R=1091,1090,-1,0,-1 F=674,673,-1,3,-8 D=3501,3501,0,2,-2 L=1250,209,-17,3,1 B=1235,1236,1,0,-16
mv L code=0 aligned=1 homed=- ms=119.0 U=3135,3133,-2,2,1 R=1091,1090,-1,0,-1 F=674,673,-1,3,-8 D=3501,3501,0,2,-2 L=208,3287,7,2,1 B=1235,1236,1,0,-16
mv L code=0 aligned=1 homed=- ms=119.0 U=3135,3133,-2,2,1 R=1091,1091,0,0,0 F=674,673,-1,3,-8 D=3501,3501,0,2,-2 L=3286,2272,10,1,1 B=1236,1236,0,0,-16
mv L code=0 aligned=1 homed=- ms=119.0 U=3135,3133,-2,2,1 R=1091,1090,-1,0,-1 F=674,673,-1,3,-8 D=3501,3501,0,2,-2 L=2271,1250,3,0,-1 B=1235,1236,1,0,-16
mv L code=0 aligned=1 homed=- ms=119.0 U=3135,3133,-2,2,1 R=1091,1091,0,0,0 F=674,673,-1,3,-8 D=3501,3501,0,2,-2 L=1250,209,-17,3,1 B=1235,1236,1,0,-16
mv L code=0 aligned=1 homed=- ms=119.0 U=3135,3133,-2,2,1 R=1091,1090,-1,0,-1 F=674,674,0,3,-7 D=3501,3501,0,2,-2 L=208,3287,7,2,1 B=1236,1236,0,0,-16
mv L code=0 aligned=1 homed=- ms=119.0 U=3135,3133,-2,2,1 R=1091,1090,-1,0,-1 F=674,673,-1,3,-8 D=3501,3501,0,2,-2 L=3286,2271,9,1,0 B=1235,1236,1,0,-16
mv L code=0 aligned=1 homed=- ms=119.0 U=3135,3133,-2,2,1 R=1091,1091,0,0,0 F=674,673,-1,3,-8 D=3501,3501,0,2,-2 L=2271,1251,4,0,0 B=1235,1236,1,0,-16
mv L code=0 aligned=1 homed=- ms=119.0 U=3135,3133,-2,2,1 R=1091,1090,-1,0,-1 F=674,673,-1,3,-8 D=3501,3501,0,2,-2 L=1250,209,-17,3,1 B=1235,1236,1,0,-16
mv L code=0 aligned=1 homed=- ms=119.0 U=3135,3133,-2,2,1 R=1091,1090,-1,0,-1 F=674,673,-1,3,-8 D=3501,3501,0,2,-2 L=208,3287,7,2,1 B=1235,1235,0,0,-17
mv L code=0 aligned=1 homed=- ms=119.0 U=3135,3133,-2,2,1 R=1091,1090,-1,0,-1 F=674,673,-1,3,-8 D=3501,3501,0,2,-2 L=3286,2272,10,1,1 B=1235,1236,1,0,-16
mv L code=0 aligned=1 homed=- ms=119.0 U=3135,3133,-2,2,1 R=1091,1090,-1,0,-1 F=674,673,-1,3,-8 D=3501,3501,0,2,-2 L=2271,1250,3,0,-1 B=1235,1235,0,0,-17
mv L code=0 aligned=1 homed=- ms=119.0 U=3135,3133,-2,2,1 R=1091,1091,0,0,0 F=674,674,0,3,-7 D=3501,3501,0,2,-2 L=1250,209,-17,3,1 B=1236,1236,0,0,-16
mv L code=0 aligned=1 homed=- ms=119.0 U=3135,3133,-2,2,1 R=1091,1090,-1,0,-1 F=674,673,-1,3,-8 D=3501,3501,0,2,-2 L=208,3287,7,2,1 B=1236,1236,0,0,-16
mv L code=0 aligned=1 homed=- ms=119.0 U=3135,3133,-2,2,1 R=1091,1091,0,0,0 F=674,673,-1,3,-8 D=3501,3501,0,2,-2 L=3287,2272,9,1,1 B=1235,1236,1,0,-16
mv L code=0 aligned=1 homed=- ms=119.0 U=3135,3133,-2,2,1 R=1091,1090,-1,0,-1 F=674,673,-1,3,-8 D=3501,3501,0,2,-2 L=2272,1250,2,0,-1 B=1235,1235,0,0,-17
mv L code=0 aligned=1 homed=- ms=119.0 U=3135,3133,-2,2,1 R=1091,1090,-1,0,-1 F=674,673,-1,3,-8 D=3501,3501,0,2,-2 L=1250,209,-17,3,1 B=1235,1236,1,0,-16
mv L code=0 aligned=1 homed=- ms=119.0 U=3135,3133,-2,2,1 R=1091,1091,0,0,0 F=674,673,-1,3,-8 D=3501,3501,0,2,-2 L=208,3287,7,2,1 B=1235,1236,1,0,-16
mv L code=0 aligned=1 homed=- ms=119.0 U=3135,3133,-2,2,1 R=1091,1090,-1,0,-1 F=674,673,-1,3,-8 D=3501,3501,0,2,-2 L=3286,2272,10,1,1 B=1235,1236,1,0,-16
mv L code=0 aligned=1 homed=- ms=119.0 U=3135,3133,-2,2,1 R=1091,1090,-1,0,-1 F=674,673,-1,3,-8 D=3501,3501,0,2,-2 L=2271,1251,4,0,0 B=1235,1235,0,0,-17
mv L code=0 aligned=1 homed=- ms=119.0 U=3135,3133,-2,2,1 R=1091,1090,-1,0,-1 F=674,673,-1,3,-8 D=3501,3501,0,2,-2 L=1250,209,-17,3,1 B=1235,1236,1,0,-16
mv L code=0 aligned=1 homed=- ms=119.0 U=3135,3133,-2,2,1 R=1091,1090,-1,0,-1 F=674,673,-1,3,-8 D=3501,3501,0,2,-2 L=208,3287,7,2,1 B=1235,1236,1,0,-16
mv L code=0 aligned=1 homed=- ms=119.0 U=3135,3133,-2,2,1 R=1091,1090,-1,0,-1 F=674,674,0,3,-7 D=3501,3501,0,2,-2 L=3286,2272,10,1,1 B=1236,1236,0,0,-16
mv L code=0 aligned=1 homed=- ms=119.0 U=3135,3133,-2,2,1 R=1091,1090,-1,0,-1 F=674,673,-1,3,-8 D=3501,3501,0,2,-2 L=2271,1251,4,0,0 B=1235,1236,1,0,-16
mv L code=0 aligned=1 homed=- ms=119.0 U=3135,3133,-2,2,1 R=1091,1090,-1,0,-1 F=674,674,0,3,-7 D=3501,3501,0,2,-2 L=1250,209,-17,3,1 B=1235,1236,1,0,-16
mv L code=0 aligned=1 homed=- ms=119.0 U=3135,3133,-2,2,1 R=1091,1091,0,0,0 F=674,674,0,3,-7 D=3501,3501,0,2,-2 L=208,3287,7,2,1 B=1236,1236,0,0,-16
mv L code=0 aligned=1 homed=- ms=119.0 U=3135,3133,-2,2,1 R=1091,1090,-1,0,-1 F=674,674,0,3,-7 D=3501,3501,0,2,-2 L=3286,2271,9,1,0 B=1235,1236,1,0,-16
mv L code=0 aligned=1 homed=- ms=119.0 U=3136,3133,-3,2,1 R=1091,1090,-1,0,-1 F=674,674,0,3,-7 D=3501,3501,0,2,-2 L=2271,1251,4,0,0 B=1236,1236,0,0,-16
mv L code=0 aligned=1 homed=- ms=119.0 U=3135,3133,-2,2,1 R=1091,1091,0,0,0 F=674,673,-1,3,-8 D=3501,3501,0,2,-2 L=1250,209,-17,3,1 B=1235,1236,1,0,-16
mv L code=0 aligned=1 homed=- ms=119.0 U=3135,3133,-2,2,1 R=1091,1090,-1,0,-1 F=674,673,-1,3,-8 D=3501,3501,0,2,-2 L=208,3287,7,2,1 B=1235,1236,1,0,-16
mv L code=0 aligned=1 homed=- ms=119.0 U=3135,3133,-2,2,1 R=1091,1091,0,0,0 F=674,673,-1,3,-8 D=3501,3501,0,2,-2 L=3286,2272,10,1,1 B=1235,1236,1,0,-16
mv L code=0 aligned=1 homed=- ms=119.0 U=3135,3133,-2,2,1 R=1091,1090,-1,0,-1 F=674,673,-1,3,-8 D=3501,3501,0,2,-2 L=2271,1251,4,0,0 B=1235,1236,1,0,-16
mv L code=0 aligned=1 homed=- ms=119.0 U=3135,3133,-2,2,1 R=1091,1090,-1,0,-1 F=674,673,-1,3,-8 D=3501,3501,0,2,-2 L=1250,209,-17,3,1 B=1235,1236,1,0,-16
mv L code=0 aligned=1 homed=- ms=119.0 U=3135,3133,-2,2,1 R=1091,1090,-1,0,-1 F=674,673,-1,3,-8 D=3501,3501,0,2,-2 L=208,3287,7,2,1 B=1236,1236,0,0,-16
mv L code=0 aligned=1 homed=- ms=119.0 U=3135,3133,-2,2,1 R=1091,1090,-1,0,-1 F=674,674,0,3,-7 D=3501,3501,0,2,-2 L=3286,2272,10,1,1 B=1236,1236,0,0,-16
mv L code=0 aligned=1 homed=- ms=119.0 U=3135,3133,-2,2,1 R=1091,1090,-1,0,-1 F=674,673,-1,3,-8 D=3501,3501,0,2,-2 L=2271,1250,3,0,-1 B=1235,1236,1,0,-16
mv L code=0 aligned=1 homed=- ms=119.0 U=3135,3133,-2,2,1 R=1091,1091,0,0,0 F=674,673,-1,3,-8 D=3501,3501,0,2,-2 L=1250,209,-17,3,1 B=1235,1236,1,0,-16
mv L code=0 aligned=1 homed=- ms=119.0 U=3136,3133,-3,2,1 R=1091,1090,-1,0,-1 F=674,673,-1,3,-8 D=3501,3501,0,2,-2 L=208,3287,7,2,1 B=1235,1236,1,0,-16
mv L code=0 aligned=1 homed=- ms=119.0 U=3135,3133,-2,2,1 R=1091,1090,-1,0,-1 F=674,673,-1,3,-8 D=3501,3501,0,2,-2 L=3286,2272,10,1,1 B=1235,1236,1,0,-16
mv L code=0 aligned=1 homed=- ms=119.0 U=3135,3133,-2,2,1 R=1091,1091,0,0,0 F=674,673,-1,3,-8 D=3501,3501,0,2,-2 L=2271,1251,4,0,0 B=1236,1236,0,0,-16
mv L code=0 aligned=1 homed=- ms=119.0 U=3135,3133,-2,2,1 R=1091,1090,-1,0,-1 F=674,673,-1,3,-8 D=3501,3501,0,2,-2 L=1250,209,-17,3,1 B=1235,1236,1,0,-16
mv L code=0 aligned=1 homed=- ms=119.0 U=3135,3133,-2,2,1 R=1091,1091,0,0,0 F=674,673,-1,3,-8 D=3501,3501,0,2,-2 L=208,3287,7,2,1 B=1235,1235,0,0,-17
mv L code=0 aligned=1 homed=- ms=119.0 U=3135,3133,-2,2,1 R=1091,1090,-1,0,-1 F=674,673,-1,3,-8 D=3501,3501,0,2,-2 L=3286,2272,10,1,1 B=1235,1236,1,0,-16
mv L code=0 aligned=1 homed=- ms=119.0 U=3135,3133,-2,2,1 R=1091,1090,-1,0,-1 F=674,673,-1,3,-8 D=3501,3501,0,2,-2 L=2271,1251,4,0,0 B=1236,1236,0,0,-16
mv L code=0 aligned=1 homed=- ms=119.0 U=3135,3133,-2,2,1 R=1091,1090,-1,0,-1 F=674,674,0,3,-7 D=3501,3501,0,2,-2 L=1250,209,-17,3,1 B=1235,1236,1,0,-16
mv L code=0 aligned=1 homed=- ms=119.0 U=3135,3133,-2,2,1 R=1091,1090,-1,0,-1 F=674,673,-1,3,-8 D=3501,3501,0,2,-2 L=209,3287,6,2,1 B=1235,1236,1,0,-16
mv L code=0 aligned=1 homed=- ms=119.0 U=3135,3133,-2,2,1 R=1091,1090,-1,0,-1 F=674,673,-1,3,-8 D=3501,3501,0,2,-2 L=3286,2271,9,1,0 B=1236,1236,0,0,-16
mv L code=0 aligned=1 homed=- ms=119.0 U=3135,3133,-2,2,1 R=1091,1090,-1,0,-1 F=674,674,0,3,-7 D=3501,3501,0,2,-2 L=2271,1251,4,0,0 B=1236,1236,0,0,-16
mv L code=0 aligned=1 homed=- ms=119.0 U=3135,3133,-2,2,1 R=1091,1090,-1,0,-1 F=674,673,-1,3,-8 D=3501,3501,0,2,-2 L=1250,209,-17,3,1 B=1236,1236,0,0,-16
mv L code=0 aligned=1 homed=- ms=119.0 U=3135,3133,-2,2,1 R=1091,1090,-1,0,-1 F=674,673,-1,3,-8 D=3501,3501,0,2,-2 L=208,3287,7,2,1 B=1236,1236,0,0,-16
mv L code=0 aligned=1 homed=- ms=119.0 U=3135,3133,-2,2,1 R=1091,1090,-1,0,-1 F=674,673,-1,3,-8 D=3501,3501,0,2,-2 L=3286,2271,9,1,0 B=1236,1236,0,0,-16
mv L code=0 aligned=1 homed=- ms=119.0 U=3135,3133,-2,2,1 R=1091,1090,-1,0,-1 F=674,673,-1,3,-8 D=3501,3501,0,2,-2 L=2271,1251,4,0,0 B=1235,1236,1,0,-16
mv L code=0 aligned=1 homed=- ms=119.0 U=3135,3133,-2,2,1 R=1091,1090,-1,0,-1 F=674,674,0,3,-7 D=3501,3501,0,2,-2 L=1250,209,-17,3,1 B=1236,1235,-1,0,-17
mv L code=0 aligned=1 homed=- ms=119.0 U=3136,3133,-3,2,1 R=1091,1090,-1,0,-1 F=674,673,-1,3,-8 D=3501,3501,0,2,-2 L=208,3287,7,2,1 B=1235,1236,1,0,-16
mv L code=0 aligned=1 homed=- ms=119.0 U=3135,3133,-2,2,1 R=1091,1090,-1,0,-1 F=674,673,-1,3,-8 D=3501,3501,0,2,-2 L=3286,2272,10,1,1 B=1235,1236,1,0,-16
mv L code=0 aligned=1 homed=- ms=119.0 U=3135,3133,-2,2,1 R=1091,1090,-1,0,-1 F=674,673,-1,3,-8 D=3501,3501,0,2,-2 L=2271,1250,3,0,-1 B=1236,1236,0,0,-16
mv L code=0 aligned=1 homed=- ms=119.0 U=3135,3133,-2,2,1 R=1091,1090,-1,0,-1 F=674,673,-1,3,-8 D=3501,3501,0,2,-2 L=1250,209,-17,3,1 B=1236,1236,0,0,-16
mv L code=0 aligned=1 homed=- ms=119.0 U=3135,3133,-2,2,1 R=1091,1090,-1,0,-1 F=674,673,-1,3,-8 D=3501,3501,0,2,-2 L=208,3287,7,2,1 B=1235,1236,1,0,-16
mv L code=0 aligned=1 homed=- ms=119.0 U=3135,3133,-2,2,1 R=1091,1091,0,0,0 F=674,674,0,3,-7 D=3501,3501,0,2,-2 L=3286,2272,10,1,1 B=1236,1236,0,0,-16
mv L code=0 aligned=1 homed=- ms=119.0 U=3136,3133,-3,2,1 R=1091,1090,-1,0,-1 F=674,673,-1,3,-8 D=3501,3501,0,2,-2 L=2271,1251,4,0,0 B=1235,1236,1,0,-16
mv L code=0 aligned=1 homed=- ms=119.0 U=3135,3133,-2,2,1 R=1091,1090,-1,0,-1 F=674,673,-1,3,-8 D=3501,3501,0,2,-2 L=1250,209,-17,3,1 B=1236,1236,0,0,-16
mv L code=0 aligned=1 homed=- ms=119.0 U=3135,3133,-2,2,1 R=1091,1090,-1,0,-1 F=674,673,-1,3,-8 D=3501,3501,0,2,-2 L=208,3287,7,2,1 B=1235,1235,0,0,-17
mv L code=0 aligned=1 homed=- ms=119.0 U=3135,3133,-2,2,1 R=1091,1090,-1,0,-1 F=674,673,-1,3,-8 D=3501,3501,0,2,-2 L=3286,2271,9,1,0 B=1236,1236,0,0,-16
mv L code=0 aligned=1 homed=- ms=119.0 U=3135,3133,-2,2,1 R=1091,1090,-1,0,-1 F=674,673,-1,3,-8 D=3501,3501,0,2,-2 L=2271,1251,4,0,0 B=1235,1236,1,0,-16
mv L code=0 aligned=1 homed=- ms=119.0 U=3135,3133,-2,2,1 R=1091,1090,-1,0,-1 F=674,673,-1,3,-8 D=3501,3501,0,2,-2 L=1250,209,-17,3,1 B=1235,1236,1,0,-16
mv L code=0 aligned=1 homed=- ms=119.0 U=3135,3133,-2,2,1 R=1091,1090,-1,0,-1 F=674,673,-1,3,-8 D=3501,3501,0,2,-2 L=208,3287,7,2,1 B=1236,1236,0,0,-16
mv L code=0 aligned=1 homed=- ms=119.0 U=3135,3133,-2,2,1 R=1091,1090,-1,0,-1 F=674,673,-1,3,-8 D=3501,3501,0,2,-2 L=3286,2272,10,1,1 B=1235,1236,1,0,-16
mv L code=0 aligned=1 homed=- ms=119.0 U=3135,3133,-2,2,1 R=1091,1090,-1,0,-1 F=674,673,-1,3,-8 D=3501,3501,0,2,-2 L=2271,1251,4,0,0 B=1235,1236,1,0,-16
mv L code=0 aligned=1 homed=- ms=119.0 U=3135,3133,-2,2,1 R=1091,1090,-1,0,-1 F=674,673,-1,3,-8 D=3501,3501,0,2,-2 L=1250,209,-17,3,1 B=1235,1236,1,0,-16
mv L code=0 aligned=1 homed=- ms=119.0 U=3136,3134,-2,2,2 R=1091,1090,-1,0,-1 F=674,674,0,3,-7 D=3501,3501,0,2,-2 L=208,3287,7,2,1 B=1235,1236,1,0,-16
mv L code=0 aligned=1 homed=- ms=119.0 U=3135,3133,-2,2,1 R=1091,1090,-1,0,-1 F=674,673,-1,3,-8 D=3501,3501,0,2,-2 L=3286,2271,9,1,0 B=1236,1236,0,0,-16
mv L code=0 aligned=1 homed=- ms=119.0 U=3136,3133,-3,2,1 R=1091,1091,0,0,0 F=674,673,-1,3,-8 D=3501,3501,0,2,-2 L=2271,1251,4,0,0 B=1236,1236,0,0,-16
mv L code=0 aligned=1 homed=- ms=119.0 U=3135,3133,-2,2,1 R=1091,1090,-1,0,-1 F=674,673,-1,3,-8 D=3501,3501,0,2,-2 L=1250,209,-17,3,1 B=1235,1236,1,0,-16
mv L code=0 aligned=1 homed=- ms=119.0 U=3135,3133,-2,2,1 R=1091,1091,0,0,0 F=674,674,0,3,-7 D=3501,3501,0,2,-2 L=209,3287,6,2,1 B=1236,1236,0,0,-16
mv L code=0 aligned=1 homed=- ms=119.0 U=3135,3133,-2,2,1 R=1091,1090,-1,0,-1 F=674,673,-1,3,-8 D=3501,3501,0,2,-2 L=3286,2272,10,1,1 B=1236,1236,0,0,-16
mv L code=0 aligned=1 homed=- ms=119.0 U=3135,3133,-2,2,1 R=1091,1090,-1,0,-1 F=674,673,-1,3,-8 D=3501,3501,0,2,-2 L=2271,1250,3,0,-1 B=1235,1236,1,0,-16
mv L code=0 aligned=1 homed=- ms=119.0 U=3135,3133,-2,2,1 R=1091,1090,-1,0,-1 F=674,673,-1,3,-8 D=3501,3501,0,2,-2 L=1250,209,-17,3,1 B=1236,1236,0,0,-16
mv L code=0 aligned=1 homed=- ms=119.0 U=3135,3133,-2,2,1 R=1091,1091,0,0,0 F=674,674,0,3,-7 D=3501,3501,0,2,-2 L=208,3287,7,2,1 B=1235,1236,1,0,-16
mv L code=0 aligned=1 homed=- ms=119.0 U=3135,3133,-2,2,1 R=1091,1090,-1,0,-1 F=674,673,-1,3,-8 D=3501,3501,0,2,-2 L=3286,2272,10,1,1 B=1235,1236,1,0,-16
mv L code=0 aligned=1 homed=- ms=119.0 U=3135,3133,-2,2,1 R=1091,1090,-1,0,-1 F=674,674,0,3,-7 D=3501,3501,0,2,-2 L=2271,1250,3,0,-1 B=1235,1235,0,0,-17
mv L code=0 aligned=1 homed=- ms=119.0 U=3136,3133,-3,2,1 R=1091,1090,-1,0,-1 F=674,674,0,3,-7 D=3501,3501,0,2,-2 L=1250,209,-17,3,1 B=1236,1236,0,0,-16
mv L code=0 aligned=1 homed=- ms=119.0 U=3135,3133,-2,2,1 R=1091,1090,-1,0,-1 F=674,673,-1,3,-8 D=3501,3501,0,2,-2 L=208,3287,7,2,1 B=1235,1236,1,0,-16
mv L code=0 aligned=1 homed=- ms=119.0 U=3135,3134,-1,2,2 R=1091,1090,-1,0,-1 F=674,673,-1,3,-8 D=3501,3501,0,2,-2 L=3287,2272,9,1,1 B=1235,1236,1,0,-16
mv L code=0 aligned=1 homed=- ms=119.0 U=3135,3133,-2,2,1 R=1091,1090,-1,0,-1 F=674,673,-1,3,-8 D=3501,3501,0,2,-2 L=2271,1251,4,0,0 B=1235,1236,1,0,-16
mv L code=0 aligned=1 homed=- ms=119.0 U=3135,3133,-2,2,1 R=1091,1090,-1,0,-1 F=674,674,0,3,-7 D=3501,3501,0,2,-2 L=1250,209,-17,3,1 B=1236,1236,0,0,-16
mv L code=0 aligned=1 homed=- ms=119.0 U=3135,3133,-2,2,1 R=1091,1090,-1,0,-1 F=674,673,-1,3,-8 D=3501,3501,0,2,-2 L=208,3287,7,2,1 B=1236,1236,0,0,-16
mv L code=0 aligned=1 homed=- ms=119.0 U=3135,3133,-2,2,1 R=1091,1091,0,0,0 F=674,673,-1,3,-8 D=3501,3501,0,2,-2 L=3286,2272,10,1,1 B=1235,1236,1,0,-16
mv L code=0 aligned=1 homed=- ms=119.0 U=3135,3133,-2,2,1 R=1091,1091,0,0,0 F=674,673,-1,3,-8 D=3501,3501,0,2,-2 L=2271,1250,3,0,-1 B=1235,1235,0,0,-17
mv L code=0 aligned=1 homed=- ms=119.0 U=3135,3133,-2,2,1 R=1091,1090,-1,0,-1 F=674,673,-1,3,-8 D=3501,3501,0,2,-2 L=1250,209,-17,3,1 B=1236,1236,0,0,-16
mv L code=0 aligned=1 homed=- ms=119.0 U=3135,3133,-2,2,1 R=1091,1090,-1,0,-1 F=674,674,0,3,-7 D=3501,3501,0,2,-2 L=208,3287,7,2,1 B=1236,1236,0,0,-16
mv L code=0 aligned=1 homed=- ms=119.0 U=3135,3133,-2,2,1 R=1091,1090,-1,0,-1 F=674,673,-1,3,-8 D=3501,3501,0,2,-2 L=3286,2272,10,1,1 B=1236,1235,-1,0,-17
mv L code=0 aligned=1 homed=- ms=119.0 U=3135,3133,-2,2,1 R=1091,1090,-1,0,-1 F=674,674,0,3,-7 D=3501,3501,0,2,-2 L=2271,1251,4,0,0 B=1235,1236,1,0,-16
mv L code=0 aligned=1 homed=- ms=119.0 U=3135,3133,-2,2,1 R=1091,1090,-1,0,-1 F=674,674,0,3,-7 D=3501,3501,0,2,-2 L=1250,209,-17,3,1 B=1236,1236,0,0,-16
mv L code=0 aligned=1 homed=- ms=119.0 U=3135,3133,-2,2,1 R=1091,1090,-1,0,-1 F=674,673,-1,3,-8 D=3501,3501,0,2,-2 L=208,3287,7,2,1 B=1235,1236,1,0,-16
mv L code=0 aligned=1 homed=- ms=119.0 U=3135,3133,-2,2,1 R=1091,1090,-1,0,-1 F=674,674,0,3,-7 D=3501,3501,0,2,-2 L=3286,2272,10,1,1 B=1235,1236,1,0,-16
mv L code=0 aligned=1 homed=- ms=119.0 U=3135,3133,-2,2,1 R=1091,1091,0,0,0 F=674,673,-1,3,-8 D=3501,3501,0,2,-2 L=2271,1251,4,0,0 B=1236,1236,0,0,-16
mv L code=0 aligned=1 homed=- ms=119.0 U=3135,3133,-2,2,1 R=1091,1090,-1,0,-1 F=674,673,-1,3,-8 D=3501,3501,0,2,-2 L=1250,209,-17,3,1 B=1235,1235,0,0,-17
mv L code=0 aligned=1 homed=- ms=119.0 U=3135,3133,-2,2,1 R=1091,1091,0,0,0 F=674,673,-1,3,-8 D=3501,3501,0,2,-2 L=208,3287,7,2,1 B=1235,1236,1,0,-16
mv L code=0 aligned=1 homed=- ms=119.0 U=3135,3133,-2,2,1 R=1091,1091,0,0,0 F=674,673,-1,3,-8 D=3501,3501,0,2,-2 L=3287,2272,9,1,1 B=1235,1236,1,0,-16
mv L code=0 aligned=1 homed=- ms=119.0 U=3135,3133,-2,2,1 R=1091,1090,-1,0,-1 F=674,673,-1,3,-8 D=3501,3501,0,2,-2 L=2271,1251,4,0,0 B=1235,1236,1,0,-16
mv L code=0 aligned=1 homed=- ms=119.0 U=3135,3133,-2,2,1 R=1091,1090,-1,0,-1 F=674,673,-1,3,-8 D=3501,3501,0,2,-2 L=1250,209,-17,3,1 B=1235,1236,1,0,-16
mv L code=0 aligned=1 homed=- ms=119.0 U=3135,3133,-2,2,1 R=1091,1090,-1,0,-1 F=674,674,0,3,-7 D=3501,3501,0,2,-2 L=208,3287,7,2,1 B=1235,1236,1,0,-16
mv L code=0 aligned=1 homed=- ms=119.0 U=3135,3133,-2,2,1 R=1091,1090,-1,0,-1 F=674,673,-1,3,-8 D=3501,3501,0,2,-2 L=3286,2272,10,1,1 B=1236,1236,0,0,-16
mv L code=0 aligned=1 homed=- ms=119.0 U=3135,3133,-2,2,1 R=1091,1090,-1,0,-1 F=674,673,-1,3,-8 D=3501,3501,0,2,-2 L=2271,1251,4,0,0 B=1235,1236,1,0,-16
mv L code=0 aligned=1 homed=- ms=119.0 U=3135,3133,-2,2,1 R=1091,1090,-1,0,-1 F=674,673,-1,3,-8 D=3501,3501,0,2,-2 L=1250,209,-17,3,1 B=1235,1236,1,0,-16
mv L code=0 aligned=1 homed=- ms=119.0 U=3136,3133,-3,2,1 R=1091,1090,-1,0,-1 F=674,673,-1,3,-8 D=3501,3501,0,2,-2 L=208,3287,7,2,1 B=1235,1236,1,0,-16
mv L code=0 aligned=1 homed=- ms=119.0 U=3135,3133,-2,2,1 R=1091,1090,-1,0,-1 F=674,674,0,3,-7 D=3501,3501,0,2,-2 L=3287,2272,9,1,1 B=1235,1235,0,0,-17
mv L code=0 aligned=1 homed=- ms=119.0 U=3135,3133,-2,2,1 R=1091,1091,0,0,0 F=674,673,-1,3,-8 D=3501,3501,0,2,-2 L=2271,1251,4,0,0 B=1236,1236,0,0,-16
mv L code=0 aligned=1 homed=- ms=119.0 U=3135,3133,-2,2,1 R=1091,1090,-1,0,-1 F=674,673,-1,3,-8 D=3501,3501,0,2,-2 L=1250,209,-17,3,1 B=1236,1236,0,0,-16
mv L code=0 aligned=1 homed=- ms=119.0 U=3135,3133,-2,2,1 R=1091,1090,-1,0,-1 F=674,673,-1,3,-8 D=3501,3501,0,2,-2 L=208,3287,7,2,1 B=1235,1236,1,0,-16
mv L code=0 aligned=1 homed=- ms=119.0 U=3135,3133,-2,2,1 R=1091,1090,-1,0,-1 F=674,673,-1,3,-8 D=3501,3501,0,2,-2 L=3286,2271,9,1,0 B=1235,1236,1,0,-16
mv L code=0 aligned=1 homed=- ms=119.0 U=3135,3133,-2,2,1 R=1091,1091,0,0,0 F=674,673,-1,3,-8 D=3501,3501,0,2,-2 L=2271,1251,4,0,0 B=1236,1236,0,0,-16
mv L code=0 aligned=1 homed=- ms=119.0 U=3135,3133,-2,2,1 R=1091,1090,-1,0,-1 F=674,673,-1,3,-8 D=3501,3501,0,2,-2 L=1250,209,-17,3,1 B=1236,1236,0,0,-16
mv L code=0 aligned=1 homed=- ms=119.0 U=3135,3133,-2,2,1 R=1091,1091,0,0,0 F=674,673,-1,3,-8 D=3501,3501,0,2,-2 L=208,3287,7,2,1 B=1235,1236,1,0,-16
mv L code=0 aligned=1 homed=- ms=119.0 U=3135,3133,-2,2,1 R=1091,1090,-1,0,-1 F=674,674,0,3,-7 D=3501,3501,0,2,-2 L=3286,2272,10,1,1 B=1236,1236,0,0,-16
mv L code=0 aligned=1 homed=- ms=119.0 U=3136,3133,-3,2,1 R=1091,1090,-1,0,-1 F=674,673,-1,3,-8 D=3501,3501,0,2,-2 L=2271,1250,3,0,-1 B=1236,1236,0,0,-16
mv L code=0 aligned=1 homed=- ms=119.0 U=3135,3133,-2,2,1 R=1091,1090,-1,0,-1 F=674,673,-1,3,-8 D=3501,3501,0,2,-2 L=1250,209,-17,3,1 B=1236,1236,0,0,-16
mv L code=0 aligned=1 homed=- ms=119.0 U=3135,3133,-2,2,1 R=1091,1090,-1,0,-1 F=674,673,-1,3,-8 D=3501,3501,0,2,-2 L=208,3287,7,2,1 B=1235,1235,0,0,-17
mv L code=0 aligned=1 homed=- ms=119.0 U=3136,3133,-3,2,1 R=1091,1090,-1,0,-1 F=674,673,-1,3,-8 D=3501,3501,0,2,-2 L=3286,2272,10,1,1 B=1235,1236,1,0,-16
mv L code=0 aligned=1 homed=- ms=119.0 U=3135,3133,-2,2,1 R=1091,1090,-1,0,-1 F=674,673,-1,3,-8 D=3501,3501,0,2,-2 L=2271,1251,4,0,0 B=1236,1236,0,0,-16
mv L code=0 aligned=1 homed=- ms=119.0 U=3135,3133,-2,2,1 R=1091,1090,-1,0,-1 F=674,673,-1,3,-8 D=3501,3501,0,2,-2 L=1250,209,-17,3,1 B=1235,1236,1,0,-16
mv L code=0 aligned=1 homed=- ms=119.0 U=3135,3133,-2,2,1 R=1091,1091,0,0,0 F=674,674,0,3,-7 D=3501,3501,0,2,-2 L=208,3287,7,2,1 B=1235,1236,1,0,-16
mv L code=0 aligned=1 homed=- ms=119.0 U=3135,3133,-2,2,1 R=1091,1091,0,0,0 F=674,673,-1,3,-8 D=3501,3501,0,2,-2 L=3286,2272,10,1,1 B=1235,1235,0,0,-17
mv L code=0 aligned=1 homed=- ms=119.0 U=3135,3133,-2,2,1 R=1091,1090,-1,0,-1 F=674,674,0,3,-7 D=3501,3501,0,2,-2 L=2271,1250,3,0,-1 B=1235,1236,1,0,-16
mv L code=0 aligned=1 homed=- ms=119.0 U=3135,3133,-2,2,1 R=1091,1090,-1,0,-1 F=674,673,-1,3,-8 D=3501,3501,0,2,-2 L=1250,209,-17,3,1 B=1235,1236,1,0,-16
mv L code=0 aligned=1 homed=- ms=119.0 U=3135,3133,-2,2,1 R=1091,1091,0,0,0 F=674,673,-1,3,-8 D=3501,3501,0,2,-2 L=208,3287,7,2,1 B=1235,1236,1,0,-16
mv L code=0 aligned=1 homed=- ms=119.0 U=3135,3133,-2,2,1 R=1091,1090,-1,0,-1 F=674,673,-1,3,-8 D=3501,3501,0,2,-2 L=3286,2272,10,1,1 B=1235,1236,1,0,-16
mv L code=0 aligned=1 homed=- ms=119.0 U=3135,3133,-2,2,1 R=1091,1091,0,0,0 F=674,673,-1,3,-8 D=3501,3501,0,2,-2 L=2271,1250,3,0,-1 B=1236,1236,0,0,-16
mv L code=0 aligned=1 homed=- ms=119.0 U=3135,3133,-2,2,1 R=1091,1090,-1,0,-1 F=674,673,-1,3,-8 D=3501,3501,0,2,-2 L=1250,209,-17,3,1 B=1235,1236,1,0,-16
mv L code=0 aligned=1 homed=- ms=119.0 U=3135,3133,-2,2,1 R=1091,1090,-1,0,-1 F=674,673,-1,3,-8 D=3501,3501,0,2,-2 L=208,3287,7,2,1 B=1236,1236,0,0,-16
mv L code=0 aligned=1 homed=- ms=119.0 U=3135,3133,-2,2,1 R=1091,1090,-1,0,-1 F=674,673,-1,3,-8 D=3501,3501,0,2,-2 L=3286,2272,10,1,1 B=1235,1236,1,0,-16
mv L code=0 aligned=1 homed=- ms=119.0 U=3135,3133,-2,2,1 R=1091,1090,-1,0,-1 F=674,674,0,3,-7 D=3501,3501,0,2,-2 L=2271,1250,3,0,-1 B=1235,1235,0,0,-17
rep moves=200 notaligned=0 homings=0 failures=0 avgms=119.0
res U=- R=- F=- D=- L=200,0.8,10.5,18 B=-
ok
> home
[align] motor 0 err=3 counts (0.3 steps)
[align] motor 1 err=0 counts (0.0 steps)
[align] motor 2 err=-7 counts (-0.7 steps)
[align] motor 3 err=-1 counts (-0.1 steps)
[align] motor 4 err=-4 counts (-0.4 steps)
[align] motor 5 err=-18 counts (-1.8 steps)
home code=0 ms=5 en=0
enc U=3134 R=1091 F=673 D=3501 L=1251 B=1235 RING=2768
near U=2:2 R=0:0 F=3:-8 D=2:-2 L=0:0 B=0:-17
ok
> enc
enc U=3135 R=1091 F=674 D=3501 L=1250 B=1235 RING=2768
near U=2:3 R=0:0 F=3:-7 D=2:-2 L=0:-1 B=0:-17
ok
> rep 50 L' L' L' L'
mv L' code=0 aligned=1 homed=- ms=119.0 U=3135,3133,-2,2,1 R=1091,1090,-1,0,-1 F=674,673,-1,3,-8 D=3501,3501,0,2,-2 L=1250,2271,-3,1,0 B=1236,1235,-1,0,-17
mv L' code=0 aligned=1 homed=- ms=119.0 U=3135,3133,-2,2,1 R=1091,1091,0,0,0 F=674,673,-1,3,-8 D=3501,3501,0,2,-2 L=2271,3286,-9,2,0 B=1235,1235,0,0,-17
mv L' code=0 aligned=1 homed=- ms=119.0 U=3135,3133,-2,2,1 R=1091,1091,0,0,0 F=674,674,0,3,-7 D=3501,3501,0,2,-2 L=3286,209,-5,3,1 B=1236,1236,0,0,-16
mv L' code=0 aligned=1 homed=- ms=119.0 U=3136,3133,-3,2,1 R=1091,1090,-1,0,-1 F=674,673,-1,3,-8 D=3501,3501,0,2,-2 L=208,1250,18,0,-1 B=1235,1235,0,0,-17
mv L' code=0 aligned=1 homed=- ms=119.0 U=3135,3133,-2,2,1 R=1091,1090,-1,0,-1 F=674,673,-1,3,-8 D=3501,3501,0,2,-2 L=1249,2271,-2,1,0 B=1235,1235,0,0,-17
mv L' code=0 aligned=1 homed=- ms=119.0 U=3135,3133,-2,2,1 R=1091,1090,-1,0,-1 F=674,673,-1,3,-8 D=3501,3501,0,2,-2 L=2271,3286,-9,2,0 B=1236,1236,0,0,-16
mv L' code=0 aligned=1 homed=- ms=119.0 U=3135,3133,-2,2,1 R=1091,1090,-1,0,-1 F=674,673,-1,3,-8 D=3501,3501,0,2,-2 L=3286,209,-5,3,1 B=1235,1236,1,0,-16
mv L' code=0 aligned=1 homed=- ms=119.0 U=3135,3133,-2,2,1 R=1091,1090,-1,0,-1 F=674,673,-1,3,-8 D=3501,3501,0,2,-2 L=208,1250,18,0,-1 B=1236,1235,-1,0,-17
mv L' code=0 aligned=1 homed=- ms=119.0 U=3135,3133,-2,2,1 R=1091,1090,-1,0,-1 F=674,673,-1,3,-8 D=3501,3501,0,2,-2 L=1249,2271,-2,1,0 B=1236,1236,0,0,-16
mv L' code=0 aligned=1 homed=- ms=119.0 U=3135,3133,-2,2,1 R=1091,1090,-1,0,-1 F=674,674,0,3,-7 D=3501,3501,0,2,-2 L=2271,3287,-8,2,1 B=1236,1236,0,0,-16
mv L' code=0 aligned=1 homed=- ms=119.0 U=3135,3133,-2,2,1 R=1091,1090,-1,0,-1 F=674,673,-1,3,-8 D=3501,3501,0,2,-2 L=3286,209,-5,3,1 B=1235,1236,1,0,-16
mv L' code=0 aligned=1 homed=- ms=119.0 U=3135,3133,-2,2,1 R=1091,1090,-1,0,-1 F=674,673,-1,3,-8 D=3501,3501,0,2,-2 L=208,1250,18,0,-1 B=1236,1236,0,0,-16
mv L' code=0 aligned=1 homed=- ms=119.0 U=3135,3133,-2,2,1 R=1091,1091,0,0,0 F=674,673,-1,3,-8 D=3501,3501,0,2,-2 L=1249,2272,-1,1,1 B=1236,1235,-1,0,-17
mv L' code=0 aligned=1 homed=- ms=119.0 U=3135,3133,-2,2,1 R=1091,1090,-1,0,-1 F=674,673,-1,3,-8 D=3501,3501,0,2,-2 L=2271,3286,-9,2,0 B=1236,1235,-1,0,-17
mv L' code=0 aligned=1 homed=- ms=119.0 U=3135,3133,-2,2,1 R=1091,1090,-1,0,-1 F=674,673,-1,3,-8 D=3501,3501,0,2,-2 L=3286,209,-5,3,1 B=1236,1235,-1,0,-17
mv L' code=0 aligned=1 homed=- ms=119.0 U=3135,3133,-2,2,1 R=1091,1090,-1,0,-1 F=674,673,-1,3,-8 D=3502,3501,-1,2,-2 L=208,1250,18,0,-1 B=1235,1236,1,0,-16
mv L' code=0 aligned=1 homed=- ms=119.0 U=3135,3133,-2,2,1 R=1091,1090,-1,0,-1 F=674,673,-1,3,-8 D=3501,3501,0,2,-2 L=1249,2271,-2,1,0 B=1236,1236,0,0,-16
mv L' code=0 aligned=1 homed=- ms=119.0 U=3135,3133,-2,2,1 R=1091,1090,-1,0,-1 F=674,673,-1,3,-8 D=3501,3501,0,2,-2 L=2271,3286,-9,2,0 B=1235,1236,1,0,-16
mv L' code=0 aligned=1 homed=- ms=119.0 U=3135,3133,-2,2,1 R=1091,1090,-1,0,-1 F=674,673,-1,3,-8 D=3501,3501,0,2,-2 L=3286,209,-5,3,1 B=1235,1236,1,0,-16
mv L' code=0 aligned=1 homed=- ms=119.0 U=3135,3133,-2,2,1 R=1091,1090,-1,0,-1 F=674,673,-1,3,-8 D=3501,3501,0,2,-2 L=208,1250,18,0,-1 B=1236,1236,0,0,-16
mv L' code=0 aligned=1 homed=- ms=119.0 U=3135,3133,-2,2,1 R=1091,1090,-1,0,-1 F=674,673,-1,3,-8 D=3501,3501,0,2,-2 L=1249,2271,-2,1,0 B=1235,1236,1,0,-16
mv L' code=0 aligned=1 homed=- ms=119.0 U=3135,3133,-2,2,1 R=1091,1090,-1,0,-1 F=674,673,-1,3,-8 D=3501,3501,0,2,-2 L=2271,3286,-9,2,0 B=1236,1235,-1,0,-17
mv L' code=0 aligned=1 homed=- ms=119.0 U=3135,3133,-2,2,1 R=1091,1090,-1,0,-1 F=674,674,0,3,-7 D=3501,3501,0,2,-2 L=3286,209,-5,3,1 B=1235,1236,1,0,-16
mv L' code=0 aligned=1 homed=- ms=119.0 U=3135,3133,-2,2,1 R=1091,1090,-1,0,-1 F=674,673,-1,3,-8 D=3501,3501,0,2,-2 L=208,1250,18,0,-1 B=1236,1236,0,0,-16
mv L' code=0 aligned=1 homed=- ms=119.0 U=3135,3133,-2,2,1 R=1091,1090,-1,0,-1 F=674,673,-1,3,-8 D=3501,3501,0,2,-2 L=1249,2271,-2,1,0 B=1236,1236,0,0,-16
mv L' code=0 aligned=1 homed=- ms=119.0 U=3135,3133,-2,2,1 R=1091,1090,-1,0,-1 F=674,673,-1,3,-8 D=3501,3501,0,2,-2 L=2271,3286,-9,2,0 B=1235,1236,1,0,-16
mv L' code=0 aligned=1 homed=- ms=119.0 U=3136,3133,-3,2,1 R=1091,1090,-1,0,-1 F=674,673,-1,3,-8 D=3501,3501,0,2,-2 L=3286,209,-5,3,1 B=1236,1236,0,0,-16
mv L' code=0 aligned=1 homed=- ms=119.0 U=3135,3133,-2,2,1 R=1091,1090,-1,0,-1 F=674,673,-1,3,-8 D=3501,3501,0,2,-2 L=208,1250,18,0,-1 B=1236,1236,0,0,-16
mv L' code=0 aligned=1 homed=- ms=119.0 U=3135,3133,-2,2,1 R=1091,1090,-1,0,-1 F=674,674,0,3,-7 D=3501,3501,0,2,-2 L=1249,2271,-2,1,0 B=1235,1236,1,0,-16
mv L' code=0 aligned=1 homed=- ms=119.0 U=3135,3133,-2,2,1 R=1091,1091,0,0,0 F=674,673,-1,3,-8 D=3501,3501,0,2,-2 L=2271,3286,-9,2,0 B=1235,1236,1,0,-16
mv L' code=0 aligned=1 homed=- ms=119.0 U=3135,3133,-2,2,1 R=1091,1090,-1,0,-1 F=674,674,0,3,-7 D=3501,3501,0,2,-2 L=3286,209,-5,3,1 B=1236,1236,0,0,-16
mv L' code=0 aligned=1 homed=- ms=119.0 U=3135,3133,-2,2,1 R=1091,1090,-1,0,-1 F=674,673,-1,3,-8 D=3501,3501,0,2,-2 L=208,1250,18,0,-1 B=1235,1236,1,0,-16
mv L' code=0 aligned=1 homed=- ms=119.0 U=3135,3133,-2,2,1 R=1091,1090,-1,0,-1 F=674,673,-1,3,-8 D=3501,3501,0,2,-2 L=1249,2271,-2,1,0 B=1236,1236,0,0,-16
mv L' code=0 aligned=1 homed=- ms=119.0 U=3135,3134,-1,2,2 R=1091,1090,-1,0,-1 F=674,674,0,3,-7 D=3501,3501,0,2,-2 L=2271,3286,-9,2,0 B=1236,1235,-1,0,-17
mv L' code=0 aligned=1 homed=- ms=119.0 U=3135,3133,-2,2,1 R=1091,1090,-1,0,-1 F=674,673,-1,3,-8 D=3501,3501,0,2,-2 L=3286,209,-5,3,1 B=1235,1236,1,0,-16
mv L' code=0 aligned=1 homed=- ms=119.0 U=3135,3133,-2,2,1 R=1091,1090,-1,0,-1 F=674,673,-1,3,-8 D=3501,3501,0,2,-2 L=208,1250,18,0,-1 B=1235,1236,1,0,-16
mv L' code=0 aligned=1 homed=- ms=119.0 U=3135,3133,-2,2,1 R=1091,1090,-1,0,-1 F=674,673,-1,3,-8 D=3501,3501,0,2,-2 L=1249,2271,-2,1,0 B=1235,1236,1,0,-16
mv L' code=0 aligned=1 homed=- ms=119.0 U=3135,3133,-2,2,1 R=1091,1091,0,0,0 F=674,673,-1,3,-8 D=3501,3501,0,2,-2 L=2271,3286,-9,2,0 B=1236,1236,0,0,-16
mv L' code=0 aligned=1 homed=- ms=119.0 U=3135,3133,-2,2,1 R=1091,1090,-1,0,-1 F=674,673,-1,3,-8 D=3501,3501,0,2,-2 L=3286,209,-5,3,1 B=1235,1235,0,0,-17
mv L' code=0 aligned=1 homed=- ms=119.0 U=3136,3133,-3,2,1 R=1091,1090,-1,0,-1 F=674,673,-1,3,-8 D=3501,3501,0,2,-2 L=208,1250,18,0,-1 B=1236,1235,-1,0,-17
mv L' code=0 aligned=1 homed=- ms=119.0 U=3135,3133,-2,2,1 R=1091,1090,-1,0,-1 F=674,673,-1,3,-8 D=3501,3501,0,2,-2 L=1249,2271,-2,1,0 B=1235,1236,1,0,-16
mv L' code=0 aligned=1 homed=- ms=119.0 U=3135,3133,-2,2,1 R=1091,1090,-1,0,-1 F=674,673,-1,3,-8 D=3501,3501,0,2,-2 L=2271,3286,-9,2,0 B=1235,1236,1,0,-16
mv L' code=0 aligned=1 homed=- ms=119.0 U=3136,3133,-3,2,1 R=1091,1090,-1,0,-1 F=674,673,-1,3,-8 D=3501,3501,0,2,-2 L=3286,208,-6,3,0 B=1236,1236,0,0,-16
mv L' code=0 aligned=1 homed=- ms=119.0 U=3135,3133,-2,2,1 R=1091,1090,-1,0,-1 F=674,673,-1,3,-8 D=3501,3501,0,2,-2 L=208,1250,18,0,-1 B=1236,1235,-1,0,-17
mv L' code=0 aligned=1 homed=- ms=119.0 U=3135,3133,-2,2,1 R=1091,1090,-1,0,-1 F=674,673,-1,3,-8 D=3501,3501,0,2,-2 L=1249,2271,-2,1,0 B=1236,1236,0,0,-16
mv L' code=0 aligned=1 homed=- ms=119.0 U=3136,3133,-3,2,1 R=1091,1090,-1,0,-1 F=674,673,-1,3,-8 D=3501,3501,0,2,-2 L=2271,3286,-9,2,0 B=1236,1236,0,0,-16
mv L' code=0 aligned=1 homed=- ms=119.0 U=3135,3133,-2,2,1 R=1091,1090,-1,0,-1 F=674,674,0,3,-7 D=3501,3501,0,2,-2 L=3286,209,-5,3,1 B=1236,1235,-1,0,-17
mv L' code=0 aligned=1 homed=- ms=119.0 U=3135,3133,-2,2,1 R=1091,1090,-1,0,-1 F=674,673,-1,3,-8 D=3501,3501,0,2,-2 L=208,1250,18,0,-1 B=1236,1236,0,0,-16
mv L' code=0 aligned=1 homed=- ms=119.0 U=3136,3133,-3,2,1 R=1091,1090,-1,0,-1 F=674,673,-1,3,-8 D=3501,3501,0,2,-2 L=1249,2271,-2,1,0 B=1235,1236,1,0,-16
mv L' code=0 aligned=1 homed=- ms=119.0 U=3135,3133,-2,2,1 R=1091,1090,-1,0,-1 F=674,673,-1,3,-8 D=3501,3501,0,2,-2 L=2271,3286,-9,2,0 B=1235,1235,0,0,-17
mv L' code=0 aligned=1 homed=- ms=119.0 U=3135,3133,-2,2,1 R=1091,1090,-1,0,-1 F=674,673,-1,3,-8 D=3501,3501,0,2,-2 L=3286,209,-5,3,1 B=1236,1235,-1,0,-17
mv L' code=0 aligned=1 homed=- ms=119.0 U=3135,3133,-2,2,1 R=1091,1090,-1,0,-1 F=674,673,-1,3,-8 D=3501,3501,0,2,-2 L=208,1250,18,0,-1 B=1236,1236,0,0,-16
mv L' code=0 aligned=1 homed=- ms=119.0 U=3135,3133,-2,2,1 R=1091,1090,-1,0,-1 F=674,673,-1,3,-8 D=3501,3501,0,2,-2 L=1249,2271,-2,1,0 B=1235,1236,1,0,-16
mv L' code=0 aligned=1 homed=- ms=119.0 U=3135,3133,-2,2,1 R=1091,1090,-1,0,-1 F=674,673,-1,3,-8 D=3501,3501,0,2,-2 L=2271,3286,-9,2,0 B=1235,1235,0,0,-17
mv L' code=0 aligned=1 homed=- ms=119.0 U=3135,3133,-2,2,1 R=1091,1090,-1,0,-1 F=674,673,-1,3,-8 D=3501,3501,0,2,-2 L=3286,209,-5,3,1 B=1235,1236,1,0,-16
mv L' code=0 aligned=1 homed=- ms=119.0 U=3135,3133,-2,2,1 R=1091,1090,-1,0,-1 F=674,673,-1,3,-8 D=3501,3501,0,2,-2 L=208,1250,18,0,-1 B=1235,1236,1,0,-16
mv L' code=0 aligned=1 homed=- ms=119.0 U=3135,3133,-2,2,1 R=1091,1090,-1,0,-1 F=674,673,-1,3,-8 D=3501,3501,0,2,-2 L=1250,2271,-3,1,0 B=1235,1236,1,0,-16
mv L' code=0 aligned=1 homed=- ms=119.0 U=3136,3133,-3,2,1 R=1091,1090,-1,0,-1 F=674,673,-1,3,-8 D=3501,3501,0,2,-2 L=2271,3286,-9,2,0 B=1236,1235,-1,0,-17
mv L' code=0 aligned=1 homed=- ms=119.0 U=3136,3133,-3,2,1 R=1091,1090,-1,0,-1 F=674,673,-1,3,-8 D=3501,3501,0,2,-2 L=3286,209,-5,3,1 B=1236,1236,0,0,-16
mv L' code=0 aligned=1 homed=- ms=119.0 U=3135,3133,-2,2,1 R=1091,1090,-1,0,-1 F=674,673,-1,3,-8 D=3502,3501,-1,2,-2 L=208,1250,18,0,-1 B=1235,1236,1,0,-16
mv L' code=0 aligned=1 homed=- ms=119.0 U=3135,3133,-2,2,1 R=1091,1090,-1,0,-1 F=674,673,-1,3,-8 D=3501,3501,0,2,-2 L=1249,2272,-1,1,1 B=1235,1235,0,0,-17
mv L' code=0 aligned=1 homed=- ms=119.0 U=3135,3133,-2,2,1 R=1091,1090,-1,0,-1 F=674,673,-1,3,-8 D=3501,3501,0,2,-2 L=2270,3287,-7,2,1 B=1235,1236,1,0,-16
mv L' code=0 aligned=1 homed=- ms=119.0 U=3135,3133,-2,2,1 R=1091,1090,-1,0,-1 F=674,673,-1,3,-8 D=3501,3501,0,2,-2 L=3286,209,-5,3,1 B=1235,1235,0,0,-17
mv L' code=0 aligned=1 homed=- ms=119.0 U=3135,3133,-2,2,1 R=1091,1090,-1,0,-1 F=674,673,-1,3,-8 D=3501,3501,0,2,-2 L=208,1250,18,0,-1 B=1236,1236,0,0,-16
mv L' code=0 aligned=1 homed=- ms=119.0 U=3135,3133,-2,2,1 R=1091,1090,-1,0,-1 F=674,673,-1,3,-8 D=3501,3501,0,2,-2 L=1249,2271,-2,1,0 B=1236,1236,0,0,-16
mv L' code=0 aligned=1 homed=- ms=119.0 U=3135,3133,-2,2,1 R=1091,1090,-1,0,-1 F=674,673,-1,3,-8 D=3501,3501,0,2,-2 L=2270,3287,-7,2,1 B=1235,1236,1,0,-16
mv L' code=0 aligned=1 homed=- ms=119.0 U=3135,3133,-2,2,1 R=1091,1090,-1,0,-1 F=674,673,-1,3,-8 D=3501,3501,0,2,-2 L=3286,208,-6,3,0 B=1235,1236,1,0,-16
mv L' code=0 aligned=1 homed=- ms=119.0 U=3135,3133,-2,2,1 R=1091,1090,-1,0,-1 F=674,673,-1,3,-8 D=3501,3501,0,2,-2 L=208,1250,18,0,-1 B=1235,1236,1,0,-16
mv L' code=0 aligned=1 homed=- ms=119.0 U=3135,3133,-2,2,1 R=1091,1091,0,0,0 F=674,673,-1,3,-8 D=3501,3501,0,2,-2 L=1249,2272,-1,1,1 B=1235,1236,1,0,-16
mv L' code=0 aligned=1 homed=- ms=119.0 U=3135,3133,-2,2,1 R=1091,1090,-1,0,-1 F=674,673,-1,3,-8 D=3501,3501,0,2,-2 L=2271,3286,-9,2,0 B=1236,1236,0,0,-16
mv L' code=0 aligned=1 homed=- ms=119.0 U=3136,3133,-3,2,1 R=1091,1090,-1,0,-1 F=674,673,-1,3,-8 D=3501,3501,0,2,-2 L=3286,209,-5,3,1 B=1235,1236,1,0,-16
mv L' code=0 aligned=1 homed=- ms=119.0 U=3135,3133,-2,2,1 R=1091,1090,-1,0,-1 F=674,673,-1,3,-8 D=3501,3501,0,2,-2 L=208,1250,18,0,-1 B=1235,1236,1,0,-16
mv L' code=0 aligned=1 homed=- ms=119.0 U=3135,3133,-2,2,1 R=1091,1090,-1,0,-1 F=674,673,-1,3,-8 D=3501,3501,0,2,-2 L=1250,2271,-3,1,0 B=1236,1236,0,0,-16
mv L' code=0 aligned=1 homed=- ms=119.0 U=3135,3133,-2,2,1 R=1091,1090,-1,0,-1 F=674,673,-1,3,-8 D=3501,3501,0,2,-2 L=2271,3286,-9,2,0 B=1235,1236,1,0,-16
mv L' code=0 aligned=1 homed=- ms=119.0 U=3135,3133,-2,2,1 R=1091,1091,0,0,0 F=674,673,-1,3,-8 D=3501,3501,0,2,-2 L=3286,208,-6,3,0 B=1236,1235,-1,0,-17
mv L' code=0 aligned=1 homed=- ms=119.0 U=3135,3133,-2,2,1 R=1091,1090,-1,0,-1 F=674,673,-1,3,-8 D=3501,3501,0,2,-2 L=208,1250,18,0,-1 B=1236,1236,0,0,-16
mv L' code=0 aligned=1 homed=- ms=119.0 U=3135,3133,-2,2,1 R=1091,1090,-1,0,-1 F=674,673,-1,3,-8 D=3501,3501,0,2,-2 L=1249,2271,-2,1,0 B=1235,1236,1,0,-16
mv L' code=0 aligned=1 homed=- ms=119.0 U=3135,3133,-2,2,1 R=1091,1090,-1,0,-1 F=674,673,-1,3,-8 D=3501,3501,0,2,-2 L=2271,3286,-9,2,0 B=1236,1236,0,0,-16
mv L' code=0 aligned=1 homed=- ms=119.0 U=3135,3133,-2,2,1 R=1091,1090,-1,0,-1 F=674,673,-1,3,-8 D=3501,3501,0,2,-2 L=3286,208,-6,3,0 B=1235,1235,0,0,-17
mv L' code=0 aligned=1 homed=- ms=119.0 U=3135,3133,-2,2,1 R=1091,1090,-1,0,-1 F=674,673,-1,3,-8 D=3501,3501,0,2,-2 L=208,1250,18,0,-1 B=1235,1236,1,0,-16
mv L' code=0 aligned=1 homed=- ms=119.0 U=3135,3133,-2,2,1 R=1091,1090,-1,0,-1 F=674,673,-1,3,-8 D=3501,3501,0,2,-2 L=1249,2271,-2,1,0 B=1235,1236,1,0,-16
mv L' code=0 aligned=1 homed=- ms=119.0 U=3135,3133,-2,2,1 R=1091,1090,-1,0,-1 F=674,673,-1,3,-8 D=3501,3501,0,2,-2 L=2271,3286,-9,2,0 B=1235,1236,1,0,-16
mv L' code=0 aligned=1 homed=- ms=119.0 U=3135,3134,-1,2,2 R=1091,1090,-1,0,-1 F=674,673,-1,3,-8 D=3501,3501,0,2,-2 L=3286,208,-6,3,0 B=1235,1236,1,0,-16
mv L' code=0 aligned=1 homed=- ms=119.0 U=3135,3133,-2,2,1 R=1091,1091,0,0,0 F=674,673,-1,3,-8 D=3501,3501,0,2,-2 L=208,1250,18,0,-1 B=1235,1236,1,0,-16
mv L' code=0 aligned=1 homed=- ms=119.0 U=3135,3133,-2,2,1 R=1091,1090,-1,0,-1 F=674,673,-1,3,-8 D=3501,3501,0,2,-2 L=1250,2271,-3,1,0 B=1236,1236,0,0,-16
mv L' code=0 aligned=1 homed=- ms=119.0 U=3135,3133,-2,2,1 R=1091,1090,-1,0,-1 F=674,673,-1,3,-8 D=3501,3501,0,2,-2 L=2271,3286,-9,2,0 B=1235,1235,0,0,-17
mv L' code=0 aligned=1 homed=- ms=119.0 U=3135,3133,-2,2,1 R=1091,1090,-1,0,-1 F=674,673,-1,3,-8 D=3501,3501,0,2,-2 L=3286,209,-5,3,1 B=1236,1236,0,0,-16
mv L' code=0 aligned=1 homed=- ms=119.0 U=3135,3133,-2,2,1 R=1091,1090,-1,0,-1 F=674,674,0,3,-7 D=3501,3501,0,2,-2 L=208,1250,18,0,-1 B=1236,1236,0,0,-16
mv L' code=0 aligned=1 homed=- ms=119.0 U=3135,3133,-2,2,1 R=1091,1090,-1,0,-1 F=674,673,-1,3,-8 D=3501,3501,0,2,-2 L=1249,2271,-2,1,0 B=1236,1236,0,0,-16
mv L' code=0 aligned=1 homed=- ms=119.0 U=3135,3133,-2,2,1 R=1091,1091,0,0,0 F=674,673,-1,3,-8 D=3501,3501,0,2,-2 L=2270,3286,-8,2,0 B=1236,1236,0,0,-16
mv L' code=0 aligned=1 homed=- ms=119.0 U=3135,3133,-2,2,1 R=1091,1090,-1,0,-1 F=674,673,-1,3,-8 D=3501,3501,0,2,-2 L=3286,209,-5,3,1 B=1235,1236,1,0,-16
mv L' code=0 aligned=1 homed=- ms=119.0 U=3135,3133,-2,2,1 R=1091,1090,-1,0,-1 F=674,673,-1,3,-8 D=3501,3501,0,2,-2 L=208,1250,18,0,-1 B=1235,1236,1,0,-16
mv L' code=0 aligned=1 homed=- ms=119.0 U=3135,3133,-2,2,1 R=1091,1090,-1,0,-1 F=674,674,0,3,-7 D=3501,3501,0,2,-2 L=1249,2271,-2,1,0 B=1235,1236,1,0,-16
mv L' code=0 aligned=1 homed=- ms=119.0 U=3135,3133,-2,2,1 R=1091,1090,-1,0,-1 F=674,673,-1,3,-8 D=3501,3501,0,2,-2 L=2271,3286,-9,2,0 B=1236,1236,0,0,-16
mv L' code=0 aligned=1 homed=- ms=119.0 U=3135,3133,-2,2,1 R=1091,1091,0,0,0 F=674,674,0,3,-7 D=3501,3501,0,2,-2 L=3286,208,-6,3,0 B=1235,1236,1,0,-16
mv L' code=0 aligned=1 homed=- ms=119.0 U=3135,3133,-2,2,1 R=1091,1091,0,0,0 F=674,673,-1,3,-8 D=3501,3501,0,2,-2 L=208,1250,18,0,-1 B=1235,1235,0,0,-17
mv L' code=0 aligned=1 homed=- ms=119.0 U=3135,3133,-2,2,1 R=1091,1090,-1,0,-1 F=674,673,-1,3,-8 D=3501,3501,0,2,-2 L=1250,2271,-3,1,0 B=1235,1236,1,0,-16
mv L' code=0 aligned=1 homed=- ms=119.0 U=3135,3133,-2,2,1 R=1091,1090,-1,0,-1 F=674,673,-1,3,-8 D=3501,3501,0,2,-2 L=2271,3286,-9,2,0 B=1235,1236,1,0,-16
mv L' code=0 aligned=1 homed=- ms=119.0 U=3135,3133,-2,2,1 R=1091,1090,-1,0,-1 F=674,673,-1,3,-8 D=3501,3501,0,2,-2 L=3286,208,-6,3,0 B=1235,1236,1,0,-16
mv L' code=0 aligned=1 homed=- ms=119.0 U=3135,3133,-2,2,1 R=1091,1090,-1,0,-1 F=674,673,-1,3,-8 D=3501,3501,0,2,-2 L=208,1250,18,0,-1 B=1236,1236,0,0,-16
mv L' code=0 aligned=1 homed=- ms=119.0 U=3135,3133,-2,2,1 R=1091,1090,-1,0,-1 F=674,673,-1,3,-8 D=3501,3501,0,2,-2 L=1250,2271,-3,1,0 B=1236,1235,-1,0,-17
mv L' code=0 aligned=1 homed=- ms=119.0 U=3135,3133,-2,2,1 R=1091,1091,0,0,0 F=674,673,-1,3,-8 D=3501,3501,0,2,-2 L=2271,3286,-9,2,0 B=1236,1236,0,0,-16
mv L' code=0 aligned=1 homed=- ms=119.0 U=3135,3133,-2,2,1 R=1091,1091,0,0,0 F=674,673,-1,3,-8 D=3501,3501,0,2,-2 L=3286,209,-5,3,1 B=1235,1236,1,0,-16
mv L' code=0 aligned=1 homed=- ms=119.0 U=3135,3133,-2,2,1 R=1091,1090,-1,0,-1 F=674,673,-1,3,-8 D=3501,3501,0,2,-2 L=208,1250,18,0,-1 B=1235,1236,1,0,-16
mv L' code=0 aligned=1 homed=- ms=119.0 U=3135,3133,-2,2,1 R=1091,1090,-1,0,-1 F=674,673,-1,3,-8 D=3501,3501,0,2,-2 L=1250,2271,-3,1,0 B=1236,1236,0,0,-16
mv L' code=0 aligned=1 homed=- ms=119.0 U=3135,3133,-2,2,1 R=1091,1090,-1,0,-1 F=674,673,-1,3,-8 D=3501,3501,0,2,-2 L=2271,3286,-9,2,0 B=1236,1236,0,0,-16
mv L' code=0 aligned=1 homed=- ms=119.0 U=3135,3133,-2,2,1 R=1091,1090,-1,0,-1 F=674,673,-1,3,-8 D=3501,3501,0,2,-2 L=3286,208,-6,3,0 B=1235,1236,1,0,-16
mv L' code=0 aligned=1 homed=- ms=119.0 U=3135,3133,-2,2,1 R=1091,1090,-1,0,-1 F=674,673,-1,3,-8 D=3501,3501,0,2,-2 L=208,1250,18,0,-1 B=1236,1236,0,0,-16
mv L' code=0 aligned=1 homed=- ms=119.0 U=3135,3133,-2,2,1 R=1091,1090,-1,0,-1 F=674,673,-1,3,-8 D=3501,3501,0,2,-2 L=1249,2271,-2,1,0 B=1236,1236,0,0,-16
mv L' code=0 aligned=1 homed=- ms=119.0 U=3135,3133,-2,2,1 R=1091,1090,-1,0,-1 F=674,673,-1,3,-8 D=3501,3501,0,2,-2 L=2270,3287,-7,2,1 B=1236,1236,0,0,-16
mv L' code=0 aligned=1 homed=- ms=119.0 U=3135,3133,-2,2,1 R=1091,1090,-1,0,-1 F=674,673,-1,3,-8 D=3501,3501,0,2,-2 L=3286,209,-5,3,1 B=1235,1236,1,0,-16
mv L' code=0 aligned=1 homed=- ms=119.0 U=3135,3133,-2,2,1 R=1091,1090,-1,0,-1 F=674,673,-1,3,-8 D=3501,3501,0,2,-2 L=208,1250,18,0,-1 B=1235,1236,1,0,-16
mv L' code=0 aligned=1 homed=- ms=119.0 U=3135,3133,-2,2,1 R=1091,1090,-1,0,-1 F=674,673,-1,3,-8 D=3501,3501,0,2,-2 L=1249,2271,-2,1,0 B=1235,1235,0,0,-17
mv L' code=0 aligned=1 homed=- ms=119.0 U=3135,3133,-2,2,1 R=1091,1090,-1,0,-1 F=674,673,-1,3,-8 D=3501,3501,0,2,-2 L=2271,3286,-9,2,0 B=1236,1236,0,0,-16
mv L' code=0 aligned=1 homed=- ms=119.0 U=3135,3133,-2,2,1 R=1091,1091,0,0,0 F=674,673,-1,3,-8 D=3501,3501,0,2,-2 L=3286,209,-5,3,1 B=1235,1236,1,0,-16
mv L' code=0 aligned=1 homed=- ms=119.0 U=3135,3133,-2,2,1 R=1091,1091,0,0,0 F=674,673,-1,3,-8 D=3501,3501,0,2,-2 L=208,1249,17,0,-2 B=1235,1236,1,0,-16
mv L' code=0 aligned=1 homed=- ms=119.0 U=3136,3133,-3,2,1 R=1091,1090,-1,0,-1 F=674,673,-1,3,-8 D=3501,3501,0,2,-2 L=1249,2271,-2,1,0 B=1236,1235,-1,0,-17
mv L' code=0 aligned=1 homed=- ms=119.0 U=3135,3133,-2,2,1 R=1091,1091,0,0,0 F=674,673,-1,3,-8 D=3501,3501,0,2,-2 L=2271,3287,-8,2,1 B=1236,1236,0,0,-16
mv L' code=0 aligned=1 homed=- ms=119.0 U=3135,3133,-2,2,1 R=1091,1090,-1,0,-1 F=674,673,-1,3,-8 D=3501,3501,0,2,-2 L=3286,209,-5,3,1 B=1235,1236,1,0,-16
mv L' code=0 aligned=1 homed=- ms=119.0 U=3135,3133,-2,2,1 R=1091,1090,-1,0,-1 F=674,673,-1,3,-8 D=3501,3501,0,2,-2 L=208,1250,18,0,-1 B=1235,1236,1,0,-16
mv L' code=0 aligned=1 homed=- ms=119.0 U=3135,3133,-2,2,1 R=1091,1090,-1,0,-1 F=674,673,-1,3,-8 D=3501,3501,0,2,-2 L=1249,2271,-2,1,0 B=1236,1236,0,0,-16
mv L' code=0 aligned=1 homed=- ms=119.0 U=3135,3133,-2,2,1 R=1091,1090,-1,0,-1 F=674,673,-1,3,-8 D=3501,3501,0,2,-2 L=2271,3286,-9,2,0 B=1236,1236,0,0,-16
mv L' code=0 aligned=1 homed=- ms=119.0 U=3135,3133,-2,2,1 R=1091,1090,-1,0,-1 F=674,673,-1,3,-8 D=3501,3501,0,2,-2 L=3286,209,-5,3,1 B=1236,1235,-1,0,-17
mv L' code=0 aligned=1 homed=- ms=119.0 U=3135,3133,-2,2,1 R=1091,1090,-1,0,-1 F=674,673,-1,3,-8 D=3501,3501,0,2,-2 L=208,1250,18,0,-1 B=1236,1236,0,0,-16
mv L' code=0 aligned=1 homed=- ms=119.0 U=3135,3133,-2,2,1 R=1091,1091,0,0,0 F=674,673,-1,3,-8 D=3501,3501,0,2,-2 L=1249,2271,-2,1,0 B=1236,1235,-1,0,-17
mv L' code=0 aligned=1 homed=- ms=119.0 U=3136,3133,-3,2,1 R=1091,1090,-1,0,-1 F=674,673,-1,3,-8 D=3501,3501,0,2,-2 L=2271,3286,-9,2,0 B=1235,1236,1,0,-16
mv L' code=0 aligned=1 homed=- ms=119.0 U=3135,3133,-2,2,1 R=1091,1090,-1,0,-1 F=674,673,-1,3,-8 D=3501,3501,0,2,-2 L=3286,209,-5,3,1 B=1235,1235,0,0,-17
mv L' code=0 aligned=1 homed=- ms=119.0 U=3135,3133,-2,2,1 R=1091,1090,-1,0,-1 F=674,673,-1,3,-8 D=3501,3501,0,2,-2 L=208,1250,18,0,-1 B=1236,1236,0,0,-16
mv L' code=0 aligned=1 homed=- ms=119.0 U=3135,3133,-2,2,1 R=1091,1090,-1,0,-1 F=674,673,-1,3,-8 D=3501,3501,0,2,-2 L=1249,2271,-2,1,0 B=1236,1235,-1,0,-17
mv L' code=0 aligned=1 homed=- ms=119.0 U=3135,3133,-2,2,1 R=1091,1090,-1,0,-1 F=674,674,0,3,-7 D=3501,3501,0,2,-2 L=2271,3286,-9,2,0 B=1236,1236,0,0,-16
mv L' code=0 aligned=1 homed=- ms=119.0 U=3135,3133,-2,2,1 R=1091,1090,-1,0,-1 F=674,674,0,3,-7 D=3501,3501,0,2,-2 L=3286,209,-5,3,1 B=1235,1236,1,0,-16
mv L' code=0 aligned=1 homed=- ms=119.0 U=3135,3133,-2,2,1 R=1091,1090,-1,0,-1 F=674,673,-1,3,-8 D=3501,3501,0,2,-2 L=208,1250,18,0,-1 B=1235,1236,1,0,-16
mv L' code=0 aligned=1 homed=- ms=119.0 U=3135,3133,-2,2,1 R=1091,1090,-1,0,-1 F=674,673,-1,3,-8 D=3501,3501,0,2,-2 L=1249,2271,-2,1,0 B=1236,1236,0,0,-16
mv L' code=0 aligned=1 homed=- ms=119.0 U=3136,3133,-3,2,1 R=1091,1090,-1,0,-1 F=674,673,-1,3,-8 D=3501,3501,0,2,-2 L=2270,3286,-8,2,0 B=1236,1236,0,0,-16
mv L' code=0 aligned=1 homed=- ms=119.0 U=3135,3133,-2,2,1 R=1091,1090,-1,0,-1 F=674,673,-1,3,-8 D=3501,3501,0,2,-2 L=3286,209,-5,3,1 B=1235,1236,1,0,-16
mv L' code=0 aligned=1 homed=- ms=119.0 U=3135,3133,-2,2,1 R=1091,1091,0,0,0 F=674,673,-1,3,-8 D=3501,3501,0,2,-2 L=208,1250,18,0,-1 B=1236,1236,0,0,-16
mv L' code=0 aligned=1 homed=- ms=119.0 U=3135,3133,-2,2,1 R=1091,1090,-1,0,-1 F=674,673,-1,3,-8 D=3501,3501,0,2,-2 L=1249,2272,-1,1,1 B=1235,1235,0,0,-17
mv L' code=0 aligned=1 homed=- ms=119.0 U=3135,3133,-2,2,1 R=1091,1091,0,0,0 F=674,673,-1,3,-8 D=3501,3501,0,2,-2 L=2271,3286,-9,2,0 B=1236,1236,0,0,-16
mv L' code=0 aligned=1 homed=- ms=119.0 U=3135,3133,-2,2,1 R=1091,1090,-1,0,-1 F=674,673,-1,3,-8 D=3501,3501,0,2,-2 L=3286,209,-5,3,1 B=1236,1235,-1,0,-17
mv L' code=0 aligned=1 homed=- ms=119.0 U=3135,3133,-2,2,1 R=1091,1091,0,0,0 F=674,673,-1,3,-8 D=3501,3501,0,2,-2 L=208,1250,18,0,-1 B=1236,1236,0,0,-16
mv L' code=0 aligned=1 homed=- ms=119.0 U=3135,3133,-2,2,1 R=1091,1090,-1,0,-1 F=674,673,-1,3,-8 D=3501,3501,0,2,-2 L=1249,2271,-2,1,0 B=1235,1236,1,0,-16
mv L' code=0 aligned=1 homed=- ms=119.0 U=3135,3133,-2,2,1 R=1091,1091,0,0,0 F=674,673,-1,3,-8 D=3501,3501,0,2,-2 L=2271,3286,-9,2,0 B=1236,1236,0,0,-16
mv L' code=0 aligned=1 homed=- ms=119.0 U=3135,3133,-2,2,1 R=1091,1090,-1,0,-1 F=674,673,-1,3,-8 D=3501,3501,0,2,-2 L=3286,209,-5,3,1 B=1236,1236,0,0,-16
mv L' code=0 aligned=1 homed=- ms=119.0 U=3135,3133,-2,2,1 R=1091,1090,-1,0,-1 F=674,673,-1,3,-8 D=3501,3501,0,2,-2 L=208,1250,18,0,-1 B=1235,1236,1,0,-16
mv L' code=0 aligned=1 homed=- ms=119.0 U=3135,3133,-2,2,1 R=1091,1090,-1,0,-1 F=674,673,-1,3,-8 D=3501,3501,0,2,-2 L=1250,2271,-3,1,0 B=1236,1236,0,0,-16
mv L' code=0 aligned=1 homed=- ms=119.0 U=3135,3133,-2,2,1 R=1091,1090,-1,0,-1 F=674,673,-1,3,-8 D=3501,3501,0,2,-2 L=2271,3286,-9,2,0 B=1235,1236,1,0,-16
mv L' code=0 aligned=1 homed=- ms=119.0 U=3135,3133,-2,2,1 R=1091,1091,0,0,0 F=674,673,-1,3,-8 D=3501,3501,0,2,-2 L=3286,208,-6,3,0 B=1235,1236,1,0,-16
mv L' code=0 aligned=1 homed=- ms=119.0 U=3135,3133,-2,2,1 R=1091,1091,0,0,0 F=674,673,-1,3,-8 D=3501,3501,0,2,-2 L=208,1250,18,0,-1 B=1236,1236,0,0,-16
mv L' code=0 aligned=1 homed=- ms=119.0 U=3135,3133,-2,2,1 R=1091,1090,-1,0,-1 F=674,673,-1,3,-8 D=3501,3501,0,2,-2 L=1249,2271,-2,1,0 B=1236,1236,0,0,-16
mv L' code=0 aligned=1 homed=- ms=119.0 U=3135,3133,-2,2,1 R=1091,1090,-1,0,-1 F=674,673,-1,3,-8 D=3501,3501,0,2,-2 L=2271,3286,-9,2,0 B=1235,1236,1,0,-16
mv L' code=0 aligned=1 homed=- ms=119.0 U=3136,3133,-3,2,1 R=1091,1090,-1,0,-1 F=674,673,-1,3,-8 D=3501,3501,0,2,-2 L=3286,209,-5,3,1 B=1236,1236,0,0,-16
mv L' code=0 aligned=1 homed=- ms=119.0 U=3135,3133,-2,2,1 R=1091,1090,-1,0,-1 F=674,673,-1,3,-8 D=3501,3501,0,2,-2 L=208,1250,18,0,-1 B=1236,1236,0,0,-16
mv L' code=0 aligned=1 homed=- ms=119.0 U=3135,3133,-2,2,1 R=1091,1091,0,0,0 F=674,673,-1,3,-8 D=3501,3501,0,2,-2 L=1249,2271,-2,1,0 B=1235,1235,0,0,-17
mv L' code=0 aligned=1 homed=- ms=119.0 U=3135,3133,-2,2,1 R=1091,1090,-1,0,-1 F=674,673,-1,3,-8 D=3501,3501,0,2,-2 L=2271,3286,-9,2,0 B=1236,1236,0,0,-16
mv L' code=0 aligned=1 homed=- ms=119.0 U=3135,3133,-2,2,1 R=1091,1090,-1,0,-1 F=674,673,-1,3,-8 D=3501,3501,0,2,-2 L=3286,209,-5,3,1 B=1236,1236,0,0,-16
mv L' code=0 aligned=1 homed=- ms=119.0 U=3135,3133,-2,2,1 R=1091,1090,-1,0,-1 F=674,674,0,3,-7 D=3501,3501,0,2,-2 L=208,1250,18,0,-1 B=1236,1236,0,0,-16
mv L' code=0 aligned=1 homed=- ms=119.0 U=3135,3133,-2,2,1 R=1091,1090,-1,0,-1 F=674,673,-1,3,-8 D=3501,3501,0,2,-2 L=1250,2272,-2,1,1 B=1235,1235,0,0,-17
mv L' code=0 aligned=1 homed=- ms=119.0 U=3135,3133,-2,2,1 R=1091,1090,-1,0,-1 F=674,673,-1,3,-8 D=3501,3501,0,2,-2 L=2271,3286,-9,2,0 B=1235,1236,1,0,-16
mv L' code=0 aligned=1 homed=- ms=119.0 U=3135,3133,-2,2,1 R=1091,1090,-1,0,-1 F=674,673,-1,3,-8 D=3501,3501,0,2,-2 L=3286,209,-5,3,1 B=1236,1236,0,0,-16
mv L' code=0 aligned=1 homed=- ms=119.0 U=3135,3133,-2,2,1 R=1091,1091,0,0,0 F=674,673,-1,3,-8 D=3501,3501,0,2,-2 L=208,1250,18,0,-1 B=1236,1236,0,0,-16
mv L' code=0 aligned=1 homed=- ms=119.0 U=3135,3133,-2,2,1 R=1091,1090,-1,0,-1 F=674,673,-1,3,-8 D=3501,3501,0,2,-2 L=1249,2271,-2,1,0 B=1236,1236,0,0,-16
mv L' code=0 aligned=1 homed=- ms=119.0 U=3135,3133,-2,2,1 R=1091,1090,-1,0,-1 F=674,674,0,3,-7 D=3501,3501,0,2,-2 L=2271,3286,-9,2,0 B=1236,1235,-1,0,-17
mv L' code=0 aligned=1 homed=- ms=119.0 U=3135,3133,-2,2,1 R=1091,1090,-1,0,-1 F=674,673,-1,3,-8 D=3501,3501,0,2,-2 L=3286,209,-5,3,1 B=1236,1235,-1,0,-17
mv L' code=0 aligned=1 homed=- ms=119.0 U=3135,3133,-2,2,1 R=1091,1090,-1,0,-1 F=674,674,0,3,-7 D=3501,3501,0,2,-2 L=208,1250,18,0,-1 B=1235,1236,1,0,-16
mv L' code=0 aligned=1 homed=- ms=119.0 U=3135,3133,-2,2,1 R=1091,1090,-1,0,-1 F=674,673,-1,3,-8 D=3501,3501,0,2,-2 L=1249,2271,-2,1,0 B=1236,1236,0,0,-16
mv L' code=0 aligned=1 homed=- ms=119.0 U=3135,3133,-2,2,1 R=1091,1090,-1,0,-1 F=674,673,-1,3,-8 D=3501,3501,0,2,-2 L=2271,3286,-9,2,0 B=1236,1236,0,0,-16
mv L' code=0 aligned=1 homed=- ms=119.0 U=3135,3133,-2,2,1 R=1091,1090,-1,0,-1 F=674,673,-1,3,-8 D=3501,3501,0,2,-2 L=3286,209,-5,3,1 B=1236,1236,0,0,-16
mv L' code=0 aligned=1 homed=- ms=119.0 U=3135,3133,-2,2,1 R=1091,1091,0,0,0 F=674,673,-1,3,-8 D=3501,3501,0,2,-2 L=208,1250,18,0,-1 B=1236,1236,0,0,-16
mv L' code=0 aligned=1 homed=- ms=119.0 U=3135,3133,-2,2,1 R=1091,1090,-1,0,-1 F=674,673,-1,3,-8 D=3501,3501,0,2,-2 L=1249,2271,-2,1,0 B=1235,1236,1,0,-16
mv L' code=0 aligned=1 homed=- ms=119.0 U=3135,3133,-2,2,1 R=1091,1090,-1,0,-1 F=674,673,-1,3,-8 D=3501,3501,0,2,-2 L=2271,3286,-9,2,0 B=1235,1236,1,0,-16
mv L' code=0 aligned=1 homed=- ms=119.0 U=3135,3133,-2,2,1 R=1091,1090,-1,0,-1 F=674,674,0,3,-7 D=3501,3501,0,2,-2 L=3286,208,-6,3,0 B=1236,1235,-1,0,-17
mv L' code=0 aligned=1 homed=- ms=119.0 U=3135,3133,-2,2,1 R=1091,1091,0,0,0 F=674,673,-1,3,-8 D=3501,3501,0,2,-2 L=208,1250,18,0,-1 B=1235,1235,0,0,-17
mv L' code=0 aligned=1 homed=- ms=119.0 U=3135,3133,-2,2,1 R=1091,1090,-1,0,-1 F=674,673,-1,3,-8 D=3501,3501,0,2,-2 L=1249,2271,-2,1,0 B=1235,1235,0,0,-17
mv L' code=0 aligned=1 homed=- ms=119.0 U=3135,3133,-2,2,1 R=1091,1090,-1,0,-1 F=674,673,-1,3,-8 D=3501,3501,0,2,-2 L=2271,3286,-9,2,0 B=1236,1236,0,0,-16
mv L' code=0 aligned=1 homed=- ms=119.0 U=3135,3133,-2,2,1 R=1091,1091,0,0,0 F=674,674,0,3,-7 D=3501,3501,0,2,-2 L=3286,208,-6,3,0 B=1235,1236,1,0,-16
mv L' code=0 aligned=1 homed=- ms=119.0 U=3135,3133,-2,2,1 R=1091,1091,0,0,0 F=674,673,-1,3,-8 D=3501,3501,0,2,-2 L=208,1250,18,0,-1 B=1236,1236,0,0,-16
mv L' code=0 aligned=1 homed=- ms=119.0 U=3135,3133,-2,2,1 R=1091,1090,-1,0,-1 F=674,674,0,3,-7 D=3501,3501,0,2,-2 L=1249,2272,-1,1,1 B=1236,1236,0,0,-16
mv L' code=0 aligned=1 homed=- ms=119.0 U=3135,3133,-2,2,1 R=1091,1090,-1,0,-1 F=674,673,-1,3,-8 D=3501,3501,0,2,-2 L=2270,3286,-8,2,0 B=1236,1236,0,0,-16
mv L' code=0 aligned=1 homed=- ms=119.0 U=3135,3133,-2,2,1 R=1091,1091,0,0,0 F=674,673,-1,3,-8 D=3501,3501,0,2,-2 L=3286,209,-5,3,1 B=1236,1235,-1,0,-17
mv L' code=0 aligned=1 homed=- ms=119.0 U=3135,3133,-2,2,1 R=1091,1090,-1,0,-1 F=674,674,0,3,-7 D=3501,3501,0,2,-2 L=208,1250,18,0,-1 B=1235,1236,1,0,-16
mv L' code=0 aligned=1 homed=- ms=119.0 U=3135,3133,-2,2,1 R=1091,1090,-1,0,-1 F=674,673,-1,3,-8 D=3501,3501,0,2,-2 L=1249,2271,-2,1,0 B=1236,1236,0,0,-16
mv L' code=0 aligned=1 homed=- ms=119.0 U=3135,3133,-2,2,1 R=1091,1090,-1,0,-1 F=674,673,-1,3,-8 D=3501,3501,0,2,-2 L=2271,3286,-9,2,0 B=1235,1236,1,0,-16
mv L' code=0 aligned=1 homed=- ms=119.0 U=3135,3133,-2,2,1 R=1091,1091,0,0,0 F=674,673,-1,3,-8 D=3501,3501,0,2,-2 L=3286,208,-6,3,0 B=1235,1236,1,0,-16
mv L' code=0 aligned=1 homed=- ms=119.0 U=3135,3133,-2,2,1 R=1091,1090,-1,0,-1 F=674,673,-1,3,-8 D=3501,3501,0,2,-2 L=208,1250,18,0,-1 B=1235,1236,1,0,-16
mv L' code=0 aligned=1 homed=- ms=119.0 U=3135,3133,-2,2,1 R=1091,1090,-1,0,-1 F=674,673,-1,3,-8 D=3501,3501,0,2,-2 L=1249,2271,-2,1,0 B=1235,1236,1,0,-16
mv L' code=0 aligned=1 homed=- ms=119.0 U=3135,3133,-2,2,1 R=1091,1090,-1,0,-1 F=674,674,0,3,-7 D=3501,3501,0,2,-2 L=2271,3286,-9,2,0 B=1235,1236,1,0,-16
mv L' code=0 aligned=1 homed=- ms=119.0 U=3135,3133,-2,2,1 R=1091,1090,-1,0,-1 F=674,673,-1,3,-8 D=3501,3501,0,2,-2 L=3286,208,-6,3,0 B=1236,1235,-1,0,-17
mv L' code=0 aligned=1 homed=- ms=119.0 U=3135,3133,-2,2,1 R=1091,1091,0,0,0 F=674,673,-1,3,-8 D=3501,3501,0,2,-2 L=208,1250,18,0,-1 B=1236,1236,0,0,-16
mv L' code=0 aligned=1 homed=- ms=119.0 U=3135,3133,-2,2,1 R=1091,1090,-1,0,-1 F=674,673,-1,3,-8 D=3501,3501,0,2,-2 L=1250,2271,-3,1,0 B=1235,1235,0,0,-17
mv L' code=0 aligned=1 homed=- ms=119.0 U=3136,3133,-3,2,1 R=1091,1090,-1,0,-1 F=674,674,0,3,-7 D=3501,3501,0,2,-2 L=2271,3286,-9,2,0 B=1235,1236,1,0,-16
mv L' code=0 aligned=1 homed=- ms=119.0 U=3135,3133,-2,2,1 R=1091,1090,-1,0,-1 F=674,673,-1,3,-8 D=3501,3501,0,2,-2 L=3286,209,-5,3,1 B=1235,1236,1,0,-16
mv L' code=0 aligned=1 homed=- ms=119.0 U=3135,3133,-2,2,1 R=1091,1090,-1,0,-1 F=674,673,-1,3,-8 D=3501,3501,0,2,-2 L=208,1250,18,0,-1 B=1236,1235,-1,0,-17
mv L' code=0 aligned=1 homed=- ms=119.0 U=3135,3133,-2,2,1 R=1091,1090,-1,0,-1 F=674,673,-1,3,-8 D=3501,3501,0,2,-2 L=1249,2272,-1,1,1 B=1235,1236,1,0,-16
mv L' code=0 aligned=1 homed=- ms=119.0 U=3135,3133,-2,2,1 R=1091,1090,-1,0,-1 F=674,673,-1,3,-8 D=3501,3501,0,2,-2 L=2271,3286,-9,2,0 B=1235,1235,0,0,-17
mv L' code=0 aligned=1 homed=- ms=119.0 U=3135,3133,-2,2,1 R=1091,1090,-1,0,-1 F=674,673,-1,3,-8 D=3501,3501,0,2,-2 L=3286,209,-5,3,1 B=1235,1236,1,0,-16
mv L' code=0 aligned=1 homed=- ms=119.0 U=3135,3133,-2,2,1 R=1091,1090,-1,0,-1 F=674,673,-1,3,-8 D=3501,3501,0,2,-2 L=208,1250,18,0,-1 B=1235,1236,1,0,-16
mv L' code=0 aligned=1 homed=- ms=119.0 U=3135,3133,-2,2,1 R=1091,1090,-1,0,-1 F=674,673,-1,3,-8 D=3501,3501,0,2,-2 L=1250,2271,-3,1,0 B=1236,1235,-1,0,-17
mv L' code=0 aligned=1 homed=- ms=119.0 U=3135,3133,-2,2,1 R=1091,1090,-1,0,-1 F=674,673,-1,3,-8 D=3501,3501,0,2,-2 L=2271,3286,-9,2,0 B=1236,1236,0,0,-16
mv L' code=0 aligned=1 homed=- ms=119.0 U=3135,3133,-2,2,1 R=1091,1090,-1,0,-1 F=674,674,0,3,-7 D=3501,3501,0,2,-2 L=3286,209,-5,3,1 B=1235,1235,0,0,-17
mv L' code=0 aligned=1 homed=- ms=119.0 U=3135,3133,-2,2,1 R=1091,1090,-1,0,-1 F=674,673,-1,3,-8 D=3501,3501,0,2,-2 L=208,1250,18,0,-1 B=1235,1236,1,0,-16
rep moves=200 notaligned=0 homings=0 failures=0 avgms=119.0
res U=- R=- F=- D=- L=200,0.5,10.4,18 B=-
ok
> health
health U=1,1,0/128/686 R=1,1,0/128/1627 F=1,1,0/128/1793 D=1,1,0/128/1581 L=1,1,0/128/684 B=1,1,0/128/1295 RING=1,1,0/128/1614
ok
> home
[align] motor 0 err=3 counts (0.3 steps)
[align] motor 1 err=0 counts (0.0 steps)
[align] motor 2 err=-7 counts (-0.7 steps)
[align] motor 3 err=-1 counts (-0.1 steps)
[align] motor 4 err=-3 counts (-0.3 steps)
[align] motor 5 err=-18 counts (-1.8 steps)
home code=0 ms=6 en=0
enc U=3134 R=1091 F=673 D=3501 L=1251 B=1235 RING=2768
near U=2:2 R=0:0 F=3:-8 D=2:-2 L=0:0 B=0:-17
ok
> enc
enc U=3135 R=1091 F=674 D=3501 L=1250 B=1235 RING=2768
near U=2:3 R=0:0 F=3:-7 D=2:-2 L=0:-1 B=0:-17
ok
> rep 50 L2 L2
mv L2 code=0 aligned=1 homed=- ms=219.0 U=3135,3133,-2,2,1 R=1091,1091,0,0,0 F=674,674,0,3,-7 D=3501,3501,0,2,-2 L=1250,3287,-11,2,1 B=1235,1236,1,0,-16
mv L2 code=0 aligned=1 homed=- ms=219.0 U=3135,3133,-2,2,1 R=1091,1090,-1,0,-1 F=674,674,0,3,-7 D=3501,3501,0,2,-2 L=3286,1251,13,0,0 B=1236,1235,-1,0,-17
mv L2 code=0 aligned=1 homed=- ms=219.0 U=3135,3133,-2,2,1 R=1091,1090,-1,0,-1 F=674,673,-1,3,-8 D=3501,3501,0,2,-2 L=1250,3287,-11,2,1 B=1236,1235,-1,0,-17
mv L2 code=0 aligned=1 homed=- ms=219.0 U=3135,3133,-2,2,1 R=1091,1090,-1,0,-1 F=674,674,0,3,-7 D=3501,3501,0,2,-2 L=3286,1250,12,0,-1 B=1235,1236,1,0,-16
mv L2 code=0 aligned=1 homed=- ms=219.0 U=3135,3133,-2,2,1 R=1091,1090,-1,0,-1 F=674,673,-1,3,-8 D=3501,3501,0,2,-2 L=1250,3287,-11,2,1 B=1235,1236,1,0,-16
mv L2 code=0 aligned=1 homed=- ms=219.0 U=3135,3133,-2,2,1 R=1091,1090,-1,0,-1 F=674,674,0,3,-7 D=3501,3501,0,2,-2 L=3286,1251,13,0,0 B=1236,1236,0,0,-16
mv L2 code=0 aligned=1 homed=- ms=219.0 U=3135,3133,-2,2,1 R=1091,1091,0,0,0 F=674,673,-1,3,-8 D=3501,3501,0,2,-2 L=1250,3287,-11,2,1 B=1235,1236,1,0,-16
mv L2 code=0 aligned=1 homed=- ms=219.0 U=3135,3133,-2,2,1 R=1091,1090,-1,0,-1 F=674,673,-1,3,-8 D=3501,3501,0,2,-2 L=3286,1251,13,0,0 B=1236,1236,0,0,-16
mv L2 code=0 aligned=1 homed=- ms=219.0 U=3135,3133,-2,2,1 R=1091,1091,0,0,0 F=674,673,-1,3,-8 D=3501,3501,0,2,-2 L=1250,3287,-11,2,1 B=1235,1236,1,0,-16
mv L2 code=0 aligned=1 homed=- ms=219.0 U=3135,3133,-2,2,1 R=1091,1090,-1,0,-1 F=674,673,-1,3,-8 D=3501,3501,0,2,-2 L=3286,1251,13,0,0 B=1236,1236,0,0,-16
mv L2 code=0 aligned=1 homed=- ms=219.0 U=3135,3133,-2,2,1 R=1091,1090,-1,0,-1 F=674,674,0,3,-7 D=3501,3501,0,2,-2 L=1250,3287,-11,2,1 B=1236,1236,0,0,-16
mv L2 code=0 aligned=1 homed=- ms=219.0 U=3135,3133,-2,2,1 R=1091,1090,-1,0,-1 F=674,673,-1,3,-8 D=3501,3501,0,2,-2 L=3286,1251,13,0,0 B=1236,1235,-1,0,-17
mv L2 code=0 aligned=1 homed=- ms=219.0 U=3135,3133,-2,2,1 R=1091,1090,-1,0,-1 F=674,673,-1,3,-8 D=3501,3501,0,2,-2 L=1250,3287,-11,2,1 B=1236,1236,0,0,-16
mv L2 code=0 aligned=1 homed=- ms=219.0 U=3135,3133,-2,2,1 R=1091,1090,-1,0,-1 F=674,673,-1,3,-8 D=3501,3501,0,2,-2 L=3286,1251,13,0,0 B=1235,1236,1,0,-16
mv L2 code=0 aligned=1 homed=- ms=219.0 U=3135,3133,-2,2,1 R=1091,1090,-1,0,-1 F=674,674,0,3,-7 D=3501,3501,0,2,-2 L=1250,3287,-11,2,1 B=1236,1236,0,0,-16
mv L2 code=0 aligned=1 homed=- ms=219.0 U=3135,3133,-2,2,1 R=1091,1090,-1,0,-1 F=674,673,-1,3,-8 D=3501,3501,0,2,-2 L=3286,1251,13,0,0 B=1236,1236,0,0,-16
mv L2 code=0 aligned=1 homed=- ms=219.0 U=3135,3133,-2,2,1 R=1091,1090,-1,0,-1 F=674,673,-1,3,-8 D=3501,3501,0,2,-2 L=1250,3287,-11,2,1 B=1235,1236,1,0,-16
mv L2 code=0 aligned=1 homed=- ms=219.0 U=3135,3133,-2,2,1 R=1091,1090,-1,0,-1 F=674,673,-1,3,-8 D=3501,3501,0,2,-2 L=3286,1251,13,0,0 B=1236,1236,0,0,-16
mv L2 code=0 aligned=1 homed=- ms=219.0 U=3135,3133,-2,2,1 R=1091,1090,-1,0,-1 F=674,673,-1,3,-8 D=3501,3501,0,2,-2 L=1250,3287,-11,2,1 B=1235,1236,1,0,-16
mv L2 code=0 aligned=1 homed=- ms=219.0 U=3135,3133,-2,2,1 R=1091,1090,-1,0,-1 F=674,673,-1,3,-8 D=3501,3501,0,2,-2 L=3286,1250,12,0,-1 B=1235,1236,1,0,-16
mv L2 code=0 aligned=1 homed=- ms=219.0 U=3135,3133,-2,2,1 R=1091,1090,-1,0,-1 F=674,673,-1,3,-8 D=3501,3501,0,2,-2 L=1250,3287,-11,2,1 B=1235,1236,1,0,-16
mv L2 code=0 aligned=1 homed=- ms=219.0 U=3135,3133,-2,2,1 R=1091,1090,-1,0,-1 F=674,673,-1,3,-8 D=3501,3501,0,2,-2 L=3286,1251,13,0,0 B=1235,1236,1,0,-16
mv L2 code=0 aligned=1 homed=- ms=219.0 U=3135,3133,-2,2,1 R=1091,1090,-1,0,-1 F=674,673,-1,3,-8 D=3501,3501,0,2,-2 L=1250,3287,-11,2,1 B=1235,1236,1,0,-16
mv L2 code=0 aligned=1 homed=- ms=219.0 U=3135,3133,-2,2,1 R=1091,1090,-1,0,-1 F=674,673,-1,3,-8 D=3501,3501,0,2,-2 L=3286,1251,13,0,0 B=1235,1236,1,0,-16
mv L2 code=0 aligned=1 homed=- ms=219.0 U=3135,3133,-2,2,1 R=1091,1090,-1,0,-1 F=674,674,0,3,-7 D=3501,3501,0,2,-2 L=1250,3287,-11,2,1 B=1236,1236,0,0,-16
mv L2 code=0 aligned=1 homed=- ms=219.0 U=3135,3133,-2,2,1 R=1091,1091,0,0,0 F=674,673,-1,3,-8 D=3501,3501,0,2,-2 L=3286,1250,12,0,-1 B=1235,1236,1,0,-16
mv L2 code=0 aligned=1 homed=- ms=219.0 U=3135,3133,-2,2,1 R=1091,1091,0,0,0 F=674,673,-1,3,-8 D=3501,3501,0,2,-2 L=1250,3287,-11,2,1 B=1236,1236,0,0,-16
mv L2 code=0 aligned=1 homed=- ms=219.0 U=3135,3133,-2,2,1 R=1091,1090,-1,0,-1 F=674,674,0,3,-7 D=3501,3501,0,2,-2 L=3286,1250,12,0,-1 B=1235,1236,1,0,-16
mv L2 code=0 aligned=1 homed=- ms=219.0 U=3135,3133,-2,2,1 R=1091,1091,0,0,0 F=674,673,-1,3,-8 D=3501,3501,0,2,-2 L=1250,3287,-11,2,1 B=1235,1236,1,0,-16
mv L2 code=0 aligned=1 homed=- ms=219.0 U=3135,3133,-2,2,1 R=1091,1090,-1,0,-1 F=674,673,-1,3,-8 D=3501,3501,0,2,-2 L=3286,1250,12,0,-1 B=1235,1235,0,0,-17
mv L2 code=0 aligned=1 homed=- ms=219.0 U=3135,3133,-2,2,1 R=1091,1090,-1,0,-1 F=674,674,0,3,-7 D=3501,3501,0,2,-2 L=1250,3287,-11,2,1 B=1235,1236,1,0,-16
mv L2 code=0 aligned=1 homed=- ms=219.0 U=3135,3133,-2,2,1 R=1091,1090,-1,0,-1 F=674,673,-1,3,-8 D=3501,3501,0,2,-2 L=3286,1251,13,0,0 B=1235,1236,1,0,-16
mv L2 code=0 aligned=1 homed=- ms=219.0 U=3135,3133,-2,2,1 R=1091,1090,-1,0,-1 F=674,673,-1,3,-8 D=3501,3501,0,2,-2 L=1250,3287,-11,2,1 B=1236,1236,0,0,-16
mv L2 code=0 aligned=1 homed=- ms=219.0 U=3135,3133,-2,2,1 R=1091,1091,0,0,0 F=674,674,0,3,-7 D=3501,3501,0,2,-2 L=3286,1251,13,0,0 B=1235,1236,1,0,-16
mv L2 code=0 aligned=1 homed=- ms=219.0 U=3135,3133,-2,2,1 R=1091,1090,-1,0,-1 F=674,673,-1,3,-8 D=3501,3501,0,2,-2 L=1250,3287,-11,2,1 B=1235,1236,1,0,-16
mv L2 code=0 aligned=1 homed=- ms=219.0 U=3135,3133,-2,2,1 R=1091,1091,0,0,0 F=674,673,-1,3,-8 D=3501,3501,0,2,-2 L=3286,1250,12,0,-1 B=1235,1235,0,0,-17
mv L2 code=0 aligned=1 homed=- ms=219.0 U=3135,3133,-2,2,1 R=1091,1090,-1,0,-1 F=674,673,-1,3,-8 D=3501,3501,0,2,-2 L=1250,3287,-11,2,1 B=1236,1235,-1,0,-17
mv L2 code=0 aligned=1 homed=- ms=219.0 U=3135,3133,-2,2,1 R=1091,1090,-1,0,-1 F=674,673,-1,3,-8 D=3501,3501,0,2,-2 L=3286,1251,13,0,0 B=1236,1236,0,0,-16
mv L2 code=0 aligned=1 homed=- ms=219.0 U=3135,3133,-2,2,1 R=1091,1090,-1,0,-1 F=674,673,-1,3,-8 D=3501,3501,0,2,-2 L=1250,3287,-11,2,1 B=1235,1236,1,0,-16
mv L2 code=0 aligned=1 homed=- ms=219.0 U=3135,3133,-2,2,1 R=1091,1090,-1,0,-1 F=674,673,-1,3,-8 D=3501,3501,0,2,-2 L=3286,1250,12,0,-1 B=1236,1236,0,0,-16
mv L2 code=0 aligned=1 homed=- ms=219.0 U=3135,3133,-2,2,1 R=1091,1090,-1,0,-1 F=674,673,-1,3,-8 D=3501,3501,0,2,-2 L=1250,3287,-11,2,1 B=1236,1236,0,0,-16
mv L2 code=0 aligned=1 homed=- ms=219.0 U=3135,3133,-2,2,1 R=1091,1090,-1,0,-1 F=674,674,0,3,-7 D=3501,3501,0,2,-2 L=3286,1251,13,0,0 B=1236,1236,0,0,-16
mv L2 code=0 aligned=1 homed=- ms=219.0 U=3135,3133,-2,2,1 R=1091,1090,-1,0,-1 F=674,674,0,3,-7 D=3501,3501,0,2,-2 L=1250,3287,-11,2,1 B=1236,1235,-1,0,-17
mv L2 code=0 aligned=1 homed=- ms=219.0 U=3135,3133,-2,2,1 R=1091,1090,-1,0,-1 F=674,673,-1,3,-8 D=3501,3501,0,2,-2 L=3286,1251,13,0,0 B=1235,1236,1,0,-16
mv L2 code=0 aligned=1 homed=- ms=219.0 U=3135,3133,-2,2,1 R=1091,1090,-1,0,-1 F=674,673,-1,3,-8 D=3501,3501,0,2,-2 L=1250,3287,-11,2,1 B=1235,1236,1,0,-16
mv L2 code=0 aligned=1 homed=- ms=219.0 U=3135,3133,-2,2,1 R=1091,1090,-1,0,-1 F=674,674,0,3,-7 D=3501,3501,0,2,-2 L=3287,1251,12,0,0 B=1235,1235,0,0,-17
mv L2 code=0 aligned=1 homed=- ms=219.0 U=3135,3133,-2,2,1 R=1091,1090,-1,0,-1 F=674,673,-1,3,-8 D=3501,3501,0,2,-2 L=1250,3287,-11,2,1 B=1236,1236,0,0,-16
mv L2 code=0 aligned=1 homed=- ms=219.0 U=3135,3133,-2,2,1 R=1091,1090,-1,0,-1 F=674,673,-1,3,-8 D=3501,3501,0,2,-2 L=3286,1251,13,0,0 B=1236,1236,0,0,-16
mv L2 code=0 aligned=1 homed=- ms=219.0 U=3135,3133,-2,2,1 R=1091,1090,-1,0,-1 F=674,673,-1,3,-8 D=3501,3501,0,2,-2 L=1250,3287,-11,2,1 B=1236,1236,0,0,-16
mv L2 code=0 aligned=1 homed=- ms=219.0 U=3135,3133,-2,2,1 R=1091,1090,-1,0,-1 F=674,673,-1,3,-8 D=3501,3501,0,2,-2 L=3286,1250,12,0,-1 B=1235,1236,1,0,-16
mv L2 code=0 aligned=1 homed=- ms=219.0 U=3135,3133,-2,2,1 R=1091,1091,0,0,0 F=674,673,-1,3,-8 D=3501,3501,0,2,-2 L=1250,3287,-11,2,1 B=1236,1236,0,0,-16
mv L2 code=0 aligned=1 homed=- ms=219.0 U=3135,3133,-2,2,1 R=1091,1090,-1,0,-1 F=674,673,-1,3,-8 D=3501,3501,0,2,-2 L=3287,1251,12,0,0 B=1235,1235,0,0,-17
mv L2 code=0 aligned=1 homed=- ms=219.0 U=3135,3133,-2,2,1 R=1091,1090,-1,0,-1 F=674,673,-1,3,-8 D=3501,3501,0,2,-2 L=1250,3287,-11,2,1 B=1236,1235,-1,0,-17
mv L2 code=0 aligned=1 homed=- ms=219.0 U=3135,3133,-2,2,1 R=1091,1090,-1,0,-1 F=674,673,-1,3,-8 D=3501,3501,0,2,-2 L=3286,1251,13,0,0 B=1235,1236,1,0,-16
mv L2 code=0 aligned=1 homed=- ms=219.0 U=3135,3133,-2,2,1 R=1091,1090,-1,0,-1 F=674,673,-1,3,-8 D=3501,3501,0,2,-2 L=1250,3287,-11,2,1 B=1235,1236,1,0,-16
mv L2 code=0 aligned=1 homed=- ms=219.0 U=3135,3133,-2,2,1 R=1091,1090,-1,0,-1 F=674,674,0,3,-7 D=3501,3501,0,2,-2 L=3286,1251,13,0,0 B=1235,1236,1,0,-16
mv L2 code=0 aligned=1 homed=- ms=219.0 U=3135,3133,-2,2,1 R=1091,1090,-1,0,-1 F=674,673,-1,3,-8 D=3501,3501,0,2,-2 L=1250,3287,-11,2,1 B=1236,1236,0,0,-16
mv L2 code=0 aligned=1 homed=- ms=219.0 U=3135,3133,-2,2,1 R=1091,1090,-1,0,-1 F=674,673,-1,3,-8 D=3501,3501,0,2,-2 L=3286,1251,13,0,0 B=1236,1236,0,0,-16
mv L2 code=0 aligned=1 homed=- ms=219.0 U=3135,3133,-2,2,1 R=1091,1090,-1,0,-1 F=674,673,-1,3,-8 D=3501,3501,0,2,-2 L=1250,3287,-11,2,1 B=1235,1236,1,0,-16
mv L2 code=0 aligned=1 homed=- ms=219.0 U=3135,3133,-2,2,1 R=1091,1090,-1,0,-1 F=674,673,-1,3,-8 D=3501,3501,0,2,-2 L=3286,1251,13,0,0 B=1236,1236,0,0,-16
mv L2 code=0 aligned=1 homed=- ms=219.0 U=3135,3133,-2,2,1 R=1091,1090,-1,0,-1 F=674,673,-1,3,-8 D=3501,3501,0,2,-2 L=1250,3287,-11,2,1 B=1235,1236,1,0,-16
mv L2 code=0 aligned=1 homed=- ms=219.0 U=3135,3133,-2,2,1 R=1091,1090,-1,0,-1 F=674,673,-1,3,-8 D=3501,3501,0,2,-2 L=3286,1251,13,0,0 B=1235,1236,1,0,-16
mv L2 code=0 aligned=1 homed=- ms=219.0 U=3135,3133,-2,2,1 R=1091,1090,-1,0,-1 F=674,674,0,3,-7 D=3501,3501,0,2,-2 L=1250,3287,-11,2,1 B=1236,1235,-1,0,-17
mv L2 code=0 aligned=1 homed=- ms=219.0 U=3135,3133,-2,2,1 R=1091,1090,-1,0,-1 F=674,673,-1,3,-8 D=3501,3501,0,2,-2 L=3287,1251,12,0,0 B=1235,1236,1,0,-16
mv L2 code=0 aligned=1 homed=- ms=219.0 U=3135,3133,-2,2,1 R=1091,1090,-1,0,-1 F=674,674,0,3,-7 D=3501,3501,0,2,-2 L=1250,3287,-11,2,1 B=1236,1236,0,0,-16
mv L2 code=0 aligned=1 homed=- ms=219.0 U=3136,3133,-3,2,1 R=1091,1091,0,0,0 F=674,673,-1,3,-8 D=3501,3501,0,2,-2 L=3286,1251,13,0,0 B=1235,1236,1,0,-16
mv L2 code=0 aligned=1 homed=- ms=219.0 U=3135,3133,-2,2,1 R=1091,1090,-1,0,-1 F=674,673,-1,3,-8 D=3501,3501,0,2,-2 L=1250,3287,-11,2,1 B=1236,1236,0,0,-16
mv L2 code=0 aligned=1 homed=- ms=219.0 U=3135,3133,-2,2,1 R=1091,1090,-1,0,-1 F=674,673,-1,3,-8 D=3501,3501,0,2,-2 L=3286,1251,13,0,0 B=1235,1235,0,0,-17
mv L2 code=0 aligned=1 homed=- ms=219.0 U=3135,3133,-2,2,1 R=1091,1090,-1,0,-1 F=674,673,-1,3,-8 D=3501,3501,0,2,-2 L=1250,3287,-11,2,1 B=1235,1235,0,0,-17
mv L2 code=0 aligned=1 homed=- ms=219.0 U=3135,3133,-2,2,1 R=1091,1090,-1,0,-1 F=674,674,0,3,-7 D=3501,3501,0,2,-2 L=3286,1250,12,0,-1 B=1235,1236,1,0,-16
mv L2 code=0 aligned=1 homed=- ms=219.0 U=3135,3133,-2,2,1 R=1091,1090,-1,0,-1 F=674,673,-1,3,-8 D=3501,3501,0,2,-2 L=1250,3287,-11,2,1 B=1235,1236,1,0,-16
mv L2 code=0 aligned=1 homed=- ms=219.0 U=3135,3133,-2,2,1 R=1091,1090,-1,0,-1 F=674,673,-1,3,-8 D=3501,3501,0,2,-2 L=3286,1251,13,0,0 B=1236,1235,-1,0,-17
mv L2 code=0 aligned=1 homed=- ms=219.0 U=3136,3133,-3,2,1 R=1091,1090,-1,0,-1 F=674,673,-1,3,-8 D=3501,3501,0,2,-2 L=1250,3287,-11,2,1 B=1236,1236,0,0,-16
mv L2 code=0 aligned=1 homed=- ms=219.0 U=3135,3133,-2,2,1 R=1091,1090,-1,0,-1 F=674,673,-1,3,-8 D=3501,3501,0,2,-2 L=3286,1251,13,0,0 B=1235,1236,1,0,-16
mv L2 code=0 aligned=1 homed=- ms=219.0 U=3135,3133,-2,2,1 R=1091,1090,-1,0,-1 F=674,673,-1,3,-8 D=3501,3501,0,2,-2 L=1250,3287,-11,2,1 B=1235,1236,1,0,-16
mv L2 code=0 aligned=1 homed=- ms=219.0 U=3135,3133,-2,2,1 R=1091,1090,-1,0,-1 F=674,673,-1,3,-8 D=3501,3501,0,2,-2 L=3286,1250,12,0,-1 B=1236,1235,-1,0,-17
mv L2 code=0 aligned=1 homed=- ms=219.0 U=3135,3133,-2,2,1 R=1091,1091,0,0,0 F=674,674,0,3,-7 D=3501,3501,0,2,-2 L=1250,3287,-11,2,1 B=1235,1236,1,0,-16
mv L2 code=0 aligned=1 homed=- ms=219.0 U=3135,3133,-2,2,1 R=1091,1090,-1,0,-1 F=674,673,-1,3,-8 D=3501,3501,0,2,-2 L=3286,1250,12,0,-1 B=1235,1236,1,0,-16
mv L2 code=0 aligned=1 homed=- ms=219.0 U=3135,3133,-2,2,1 R=1091,1090,-1,0,-1 F=674,673,-1,3,-8 D=3501,3501,0,2,-2 L=1250,3287,-11,2,1 B=1235,1236,1,0,-16
mv L2 code=0 aligned=1 homed=- ms=219.0 U=3136,3133,-3,2,1 R=1091,1090,-1,0,-1 F=674,673,-1,3,-8 D=3501,3501,0,2,-2 L=3286,1251,13,0,0 B=1235,1236,1,0,-16
mv L2 code=0 aligned=1 homed=- ms=219.0 U=3135,3133,-2,2,1 R=1091,1090,-1,0,-1 F=674,673,-1,3,-8 D=3501,3501,0,2,-2 L=1250,3287,-11,2,1 B=1236,1236,0,0,-16
mv L2 code=0 aligned=1 homed=- ms=219.0 U=3135,3133,-2,2,1 R=1091,1091,0,0,0 F=674,673,-1,3,-8 D=3501,3501,0,2,-2 L=3286,1251,13,0,0 B=1235,1236,1,0,-16
mv L2 code=0 aligned=1 homed=- ms=219.0 U=3136,3133,-3,2,1 R=1091,1090,-1,0,-1 F=674,673,-1,3,-8 D=3501,3501,0,2,-2 L=1250,3287,-11,2,1 B=1235,1236,1,0,-16
mv L2 code=0 aligned=1 homed=- ms=219.0 U=3135,3133,-2,2,1 R=1091,1090,-1,0,-1 F=674,673,-1,3,-8 D=3501,3501,0,2,-2 L=3286,1250,12,0,-1 B=1235,1235,0,0,-17
mv L2 code=0 aligned=1 homed=- ms=219.0 U=3135,3133,-2,2,1 R=1091,1090,-1,0,-1 F=674,673,-1,3,-8 D=3501,3501,0,2,-2 L=1250,3287,-11,2,1 B=1236,1236,0,0,-16
mv L2 code=0 aligned=1 homed=- ms=219.0 U=3135,3133,-2,2,1 R=1091,1091,0,0,0 F=674,673,-1,3,-8 D=3501,3501,0,2,-2 L=3286,1250,12,0,-1 B=1236,1236,0,0,-16
mv L2 code=0 aligned=1 homed=- ms=219.0 U=3136,3133,-3,2,1 R=1091,1090,-1,0,-1 F=674,673,-1,3,-8 D=3501,3501,0,2,-2 L=1250,3287,-11,2,1 B=1236,1236,0,0,-16
mv L2 code=0 aligned=1 homed=- ms=219.0 U=3135,3133,-2,2,1 R=1091,1091,0,0,0 F=674,673,-1,3,-8 D=3501,3501,0,2,-2 L=3286,1250,12,0,-1 B=1236,1236,0,0,-16
mv L2 code=0 aligned=1 homed=- ms=219.0 U=3135,3133,-2,2,1 R=1091,1090,-1,0,-1 F=674,673,-1,3,-8 D=3501,3501,0,2,-2 L=1250,3287,-11,2,1 B=1235,1236,1,0,-16
mv L2 code=0 aligned=1 homed=- ms=219.0 U=3135,3133,-2,2,1 R=1091,1090,-1,0,-1 F=674,673,-1,3,-8 D=3501,3501,0,2,-2 L=3286,1251,13,0,0 B=1235,1236,1,0,-16
mv L2 code=0 aligned=1 homed=- ms=219.0 U=3135,3133,-2,2,1 R=1091,1090,-1,0,-1 F=674,673,-1,3,-8 D=3501,3501,0,2,-2 L=1250,3287,-11,2,1 B=1236,1236,0,0,-16
mv L2 code=0 aligned=1 homed=- ms=219.0 U=3135,3133,-2,2,1 R=1091,1090,-1,0,-1 F=674,674,0,3,-7 D=3501,3501,0,2,-2 L=3286,1250,12,0,-1 B=1236,1235,-1,0,-17
mv L2 code=0 aligned=1 homed=- ms=219.0 U=3135,3133,-2,2,1 R=1091,1091,0,0,0 F=674,673,-1,3,-8 D=3501,3501,0,2,-2 L=1250,3287,-11,2,1 B=1235,1236,1,0,-16
mv L2 code=0 aligned=1 homed=- ms=219.0 U=3135,3133,-2,2,1 R=1091,1090,-1,0,-1 F=674,674,0,3,-7 D=3501,3501,0,2,-2 L=3286,1251,13,0,0 B=1235,1235,0,0,-17
mv L2 code=0 aligned=1 homed=- ms=219.0 U=3135,3133,-2,2,1 R=1091,1091,0,0,0 F=674,673,-1,3,-8 D=3501,3501,0,2,-2 L=1250,3287,-11,2,1 B=1235,1236,1,0,-16
mv L2 code=0 aligned=1 homed=- ms=219.0 U=3135,3133,-2,2,1 R=1091,1090,-1,0,-1 F=674,673,-1,3,-8 D=3501,3501,0,2,-2 L=3286,1250,12,0,-1 B=1236,1235,-1,0,-17
mv L2 code=0 aligned=1 homed=- ms=219.0 U=3135,3133,-2,2,1 R=1091,1090,-1,0,-1 F=674,673,-1,3,-8 D=3501,3501,0,2,-2 L=1250,3287,-11,2,1 B=1235,1236,1,0,-16
mv L2 code=0 aligned=1 homed=- ms=219.0 U=3135,3133,-2,2,1 R=1091,1090,-1,0,-1 F=674,673,-1,3,-8 D=3501,3501,0,2,-2 L=3286,1251,13,0,0 B=1236,1235,-1,0,-17
mv L2 code=0 aligned=1 homed=- ms=219.0 U=3135,3133,-2,2,1 R=1091,1090,-1,0,-1 F=674,673,-1,3,-8 D=3501,3501,0,2,-2 L=1250,3287,-11,2,1 B=1235,1235,0,0,-17
mv L2 code=0 aligned=1 homed=- ms=219.0 U=3135,3133,-2,2,1 R=1091,1090,-1,0,-1 F=674,673,-1,3,-8 D=3501,3501,0,2,-2 L=3286,1251,13,0,0 B=1235,1236,1,0,-16
rep moves=100 notaligned=0 homings=0 failures=0 avgms=219.0
res U=- R=- F=- D=- L=100,0.8,11.8,13 B=-
ok
> rep 75 L L' L' L
mv L code=0 aligned=1 homed=- ms=119.0 U=3135,3133,-2,2,1 R=1091,1090,-1,0,-1 F=674,673,-1,3,-8 D=3501,3501,0,2,-2 L=1250,209,-17,3,1 B=1235,1236,1,0,-16
mv L' code=0 aligned=1 homed=- ms=119.0 U=3136,3133,-3,2,1 R=1091,1091,0,0,0 F=674,673,-1,3,-8 D=3501,3501,0,2,-2 L=208,1250,18,0,-1 B=1235,1235,0,0,-17
mv L' code=0 aligned=1 homed=- ms=119.0 U=3135,3133,-2,2,1 R=1091,1090,-1,0,-1 F=674,673,-1,3,-8 D=3501,3501,0,2,-2 L=1250,2271,-3,1,0 B=1236,1235,-1,0,-17
mv L code=0 aligned=1 homed=- ms=119.0 U=3135,3133,-2,2,1 R=1091,1090,-1,0,-1 F=674,673,-1,3,-8 D=3501,3501,0,2,-2 L=2271,1251,4,0,0 B=1235,1236,1,0,-16
mv L code=0 aligned=1 homed=- ms=119.0 U=3135,3133,-2,2,1 R=1091,1090,-1,0,-1 F=674,673,-1,3,-8 D=3501,3501,0,2,-2 L=1250,209,-17,3,1 B=1235,1236,1,0,-16
mv L' code=0 aligned=1 homed=- ms=119.0 U=3135,3133,-2,2,1 R=1091,1090,-1,0,-1 F=674,673,-1,3,-8 D=3501,3501,0,2,-2 L=208,1250,18,0,-1 B=1235,1235,0,0,-17
mv L' code=0 aligned=1 homed=- ms=119.0 U=3135,3133,-2,2,1 R=1091,1090,-1,0,-1 F=674,673,-1,3,-8 D=3501,3501,0,2,-2 L=1249,2272,-1,1,1 B=1235,1236,1,0,-16
mv L code=0 aligned=1 homed=- ms=119.0 U=3135,3133,-2,2,1 R=1091,1090,-1,0,-1 F=674,673,-1,3,-8 D=3501,3501,0,2,-2 L=2271,1251,4,0,0 B=1235,1235,0,0,-17
mv L code=0 aligned=1 homed=- ms=119.0 U=3135,3133,-2,2,1 R=1091,1090,-1,0,-1 F=674,673,-1,3,-8 D=3501,3501,0,2,-2 L=1250,209,-17,3,1 B=1235,1236,1,0,-16
mv L' code=0 aligned=1 homed=- ms=119.0 U=3135,3133,-2,2,1 R=1091,1090,-1,0,-1 F=674,673,-1,3,-8 D=3501,3501,0,2,-2 L=208,1250,18,0,-1 B=1236,1236,0,0,-16
mv L' code=0 aligned=1 homed=- ms=119.0 U=3135,3133,-2,2,1 R=1091,1090,-1,0,-1 F=674,673,-1,3,-8 D=3501,3501,0,2,-2 L=1249,2271,-2,1,0 B=1235,1236,1,0,-16
mv L code=0 aligned=1 homed=- ms=119.0 U=3135,3133,-2,2,1 R=1091,1090,-1,0,-1 F=674,673,-1,3,-8 D=3501,3501,0,2,-2 L=2271,1250,3,0,-1 B=1235,1236,1,0,-16
mv L code=0 aligned=1 homed=- ms=119.0 U=3135,3133,-2,2,1 R=1091,1090,-1,0,-1 F=674,673,-1,3,-8 D=3501,3501,0,2,-2 L=1250,209,-17,3,1 B=1236,1236,0,0,-16
mv L' code=0 aligned=1 homed=- ms=119.0 U=3135,3133,-2,2,1 R=1091,1090,-1,0,-1 F=674,673,-1,3,-8 D=3501,3501,0,2,-2 L=208,1250,18,0,-1 B=1236,1236,0,0,-16
mv L' code=0 aligned=1 homed=- ms=119.0 U=3135,3133,-2,2,1 R=1091,1090,-1,0,-1 F=674,673,-1,3,-8 D=3501,3501,0,2,-2 L=1249,2272,-1,1,1 B=1236,1235,-1,0,-17
mv L code=0 aligned=1 homed=- ms=119.0 U=3135,3133,-2,2,1 R=1091,1090,-1,0,-1 F=674,673,-1,3,-8 D=3501,3501,0,2,-2 L=2271,1251,4,0,0 B=1235,1236,1,0,-16
mv L code=0 aligned=1 homed=- ms=119.0 U=3136,3133,-3,2,1 R=1091,1090,-1,0,-1 F=674,673,-1,3,-8 D=3501,3501,0,2,-2 L=1250,209,-17,3,1 B=1235,1236,1,0,-16
mv L' code=0 aligned=1 homed=- ms=119.0 U=3135,3133,-2,2,1 R=1091,1090,-1,0,-1 F=674,673,-1,3,-8 D=3501,3501,0,2,-2 L=208,1250,18,0,-1 B=1236,1236,0,0,-16
mv L' code=0 aligned=1 homed=- ms=119.0 U=3135,3133,-2,2,1 R=1091,1090,-1,0,-1 F=674,673,-1,3,-8 D=3501,3501,0,2,-2 L=1249,2271,-2,1,0 B=1235,1235,0,0,-17
mv L code=0 aligned=1 homed=- ms=119.0 U=3135,3133,-2,2,1 R=1091,1090,-1,0,-1 F=674,674,0,3,-7 D=3501,3501,0,2,-2 L=2271,1251,4,0,0 B=1236,1236,0,0,-16
mv L code=0 aligned=1 homed=- ms=119.0 U=3135,3133,-2,2,1 R=1091,1091,0,0,0 F=674,674,0,3,-7 D=3501,3501,0,2,-2 L=1250,209,-17,3,1 B=1235,1236,1,0,-16
mv L' code=0 aligned=1 homed=- ms=119.0 U=3135,3133,-2,2,1 R=1091,1090,-1,0,-1 F=674,673,-1,3,-8 D=3501,3501,0,2,-2 L=208,1250,18,0,-1 B=1235,1236,1,0,-16
mv L' code=0 aligned=1 homed=- ms=119.0 U=3135,3133,-2,2,1 R=1091,1090,-1,0,-1 F=674,674,0,3,-7 D=3501,3501,0,2,-2 L=1250,2271,-3,1,0 B=1235,1236,1,0,-16
mv L code=0 aligned=1 homed=- ms=119.0 U=3135,3133,-2,2,1 R=1091,1090,-1,0,-1 F=674,673,-1,3,-8 D=3501,3501,0,2,-2 L=2271,1251,4,0,0 B=1235,1236,1,0,-16
mv L code=0 aligned=1 homed=- ms=119.0 U=3135,3133,-2,2,1 R=1091,1090,-1,0,-1 F=674,673,-1,3,-8 D=3501,3501,0,2,-2 L=1250,209,-17,3,1 B=1235,1236,1,0,-16
mv L' code=0 aligned=1 homed=- ms=119.0 U=3135,3133,-2,2,1 R=1091,1090,-1,0,-1 F=674,673,-1,3,-8 D=3501,3501,0,2,-2 L=208,1250,18,0,-1 B=1235,1236,1,0,-16
mv L' code=0 aligned=1 homed=- ms=119.0 U=3135,3133,-2,2,1 R=1091,1090,-1,0,-1 F=674,673,-1,3,-8 D=3501,3501,0,2,-2 L=1249,2271,-2,1,0 B=1236,1235,-1,0,-17
mv L code=0 aligned=1 homed=- ms=119.0 U=3135,3133,-2,2,1 R=1091,1090,-1,0,-1 F=674,674,0,3,-7 D=3501,3501,0,2,-2 L=2271,1250,3,0,-1 B=1236,1236,0,0,-16
mv L code=0 aligned=1 homed=- ms=119.0 U=3135,3133,-2,2,1 R=1091,1090,-1,0,-1 F=674,673,-1,3,-8 D=3501,3501,0,2,-2 L=1250,209,-17,3,1 B=1236,1236,0,0,-16
mv L' code=0 aligned=1 homed=- ms=119.0 U=3135,3133,-2,2,1 R=1091,1090,-1,0,-1 F=674,673,-1,3,-8 D=3501,3501,0,2,-2 L=208,1250,18,0,-1 B=1235,1236,1,0,-16
mv L' code=0 aligned=1 homed=- ms=119.0 U=3135,3133,-2,2,1 R=1091,1090,-1,0,-1 F=674,673,-1,3,-8 D=3501,3501,0,2,-2 L=1249,2271,-2,1,0 B=1236,1235,-1,0,-17
mv L code=0 aligned=1 homed=- ms=119.0 U=3135,3133,-2,2,1 R=1091,1090,-1,0,-1 F=674,673,-1,3,-8 D=3501,3501,0,2,-2 L=2271,1251,4,0,0 B=1236,1236,0,0,-16
mv L code=0 aligned=1 homed=- ms=119.0 U=3135,3133,-2,2,1 R=1091,1091,0,0,0 F=674,673,-1,3,-8 D=3501,3501,0,2,-2 L=1250,209,-17,3,1 B=1236,1236,0,0,-16
mv L' code=0 aligned=1 homed=- ms=119.0 U=3135,3133,-2,2,1 R=1091,1090,-1,0,-1 F=674,673,-1,3,-8 D=3501,3501,0,2,-2 L=208,1249,17,0,-2 B=1235,1236,1,0,-16
mv L' code=0 aligned=1 homed=- ms=119.0 U=3135,3133,-2,2,1 R=1091,1090,-1,0,-1 F=674,673,-1,3,-8 D=3501,3501,0,2,-2 L=1250,2271,-3,1,0 B=1235,1236,1,0,-16
mv L code=0 aligned=1 homed=- ms=119.0 U=3135,3133,-2,2,1 R=1091,1090,-1,0,-1 F=674,673,-1,3,-8 D=3501,3501,0,2,-2 L=2271,1250,3,0,-1 B=1235,1235,0,0,-17
mv L code=0 aligned=1 homed=- ms=119.0 U=3135,3133,-2,2,1 R=1091,1090,-1,0,-1 F=674,673,-1,3,-8 D=3501,3501,0,2,-2 L=1250,209,-17,3,1 B=1235,1236,1,0,-16
mv L' code=0 aligned=1 homed=- ms=119.0 U=3135,3133,-2,2,1 R=1091,1091,0,0,0 F=674,673,-1,3,-8 D=3501,3501,0,2,-2 L=208,1250,18,0,-1 B=1235,1236,1,0,-16
mv L' code=0 aligned=1 homed=- ms=119.0 U=3135,3133,-2,2,1 R=1091,1091,0,0,0 F=674,673,-1,3,-8 D=3501,3501,0,2,-2 L=1249,2271,-2,1,0 B=1236,1236,0,0,-16
mv L code=0 aligned=1 homed=- ms=119.0 U=3135,3133,-2,2,1 R=1091,1091,0,0,0 F=674,673,-1,3,-8 D=3501,3501,0,2,-2 L=2271,1251,4,0,0 B=1235,1236,1,0,-16
mv L code=0 aligned=1 homed=- ms=119.0 U=3136,3133,-3,2,1 R=1091,1090,-1,0,-1 F=674,673,-1,3,-8 D=3501,3501,0,2,-2 L=1250,209,-17,3,1 B=1235,1236,1,0,-16
mv L' code=0 aligned=1 homed=- ms=119.0 U=3135,3133,-2,2,1 R=1091,1090,-1,0,-1 F=674,673,-1,3,-8 D=3501,3501,0,2,-2 L=208,1250,18,0,-1 B=1235,1236,1,0,-16
mv L' code=0 aligned=1 homed=- ms=119.0 U=3135,3133,-2,2,1 R=1091,1090,-1,0,-1 F=674,673,-1,3,-8 D=3501,3501,0,2,-2 L=1249,2271,-2,1,0 B=1235,1236,1,0,-16
mv L code=0 aligned=1 homed=- ms=119.0 U=3135,3133,-2,2,1 R=1091,1090,-1,0,-1 F=674,674,0,3,-7 D=3501,3501,0,2,-2 L=2271,1250,3,0,-1 B=1236,1236,0,0,-16
mv L code=0 aligned=1 homed=- ms=119.0 U=3135,3133,-2,2,1 R=1091,1090,-1,0,-1 F=674,674,0,3,-7 D=3501,3501,0,2,-2 L=1250,209,-17,3,1 B=1235,1236,1,0,-16
mv L' code=0 aligned=1 homed=- ms=119.0 U=3135,3133,-2,2,1 R=1091,1090,-1,0,-1 F=674,673,-1,3,-8 D=3501,3501,0,2,-2 L=208,1250,18,0,-1 B=1235,1236,1,0,-16
mv L' code=0 aligned=1 homed=- ms=119.0 U=3135,3133,-2,2,1 R=1091,1090,-1,0,-1 F=674,673,-1,3,-8 D=3501,3501,0,2,-2 L=1249,2271,-2,1,0 B=1236,1236,0,0,-16
mv L code=0 aligned=1 homed=- ms=119.0 U=3135,3133,-2,2,1 R=1091,1090,-1,0,-1 F=674,673,-1,3,-8 D=3501,3501,0,2,-2 L=2271,1250,3,0,-1 B=1236,1236,0,0,-16
mv L code=0 aligned=1 homed=- ms=119.0 U=3136,3133,-3,2,1 R=1091,1090,-1,0,-1 F=674,673,-1,3,-8 D=3501,3501,0,2,-2 L=1250,209,-17,3,1 B=1235,1236,1,0,-16
mv L' code=0 aligned=1 homed=- ms=119.0 U=3135,3133,-2,2,1 R=1091,1090,-1,0,-1 F=674,673,-1,3,-8 D=3501,3501,0,2,-2 L=208,1250,18,0,-1 B=1235,1236,1,0,-16
mv L' code=0 aligned=1 homed=- ms=119.0 U=3135,3133,-2,2,1 R=1091,1091,0,0,0 F=674,673,-1,3,-8 D=3501,3501,0,2,-2 L=1250,2271,-3,1,0 B=1236,1236,0,0,-16
mv L code=0 aligned=1 homed=- ms=119.0 U=3135,3133,-2,2,1 R=1091,1090,-1,0,-1 F=674,673,-1,3,-8 D=3501,3501,0,2,-2 L=2271,1251,4,0,0 B=1236,1236,0,0,-16
mv L code=0 aligned=1 homed=- ms=119.0 U=3135,3133,-2,2,1 R=1091,1090,-1,0,-1 F=674,673,-1,3,-8 D=3501,3501,0,2,-2 L=1250,209,-17,3,1 B=1235,1235,0,0,-17
mv L' code=0 aligned=1 homed=- ms=119.0 U=3135,3133,-2,2,1 R=1091,1090,-1,0,-1 F=674,673,-1,3,-8 D=3501,3501,0,2,-2 L=208,1250,18,0,-1 B=1235,1236,1,0,-16
mv L' code=0 aligned=1 homed=- ms=119.0 U=3135,3133,-2,2,1 R=1091,1090,-1,0,-1 F=674,673,-1,3,-8 D=3501,3501,0,2,-2 L=1250,2271,-3,1,0 B=1236,1236,0,0,-16
mv L code=0 aligned=1 homed=- ms=119.0 U=3135,3133,-2,2,1 R=1091,1090,-1,0,-1 F=674,673,-1,3,-8 D=3501,3501,0,2,-2 L=2271,1251,4,0,0 B=1236,1236,0,0,-16
mv L code=0 aligned=1 homed=- ms=119.0 U=3135,3134,-1,2,2 R=1091,1090,-1,0,-1 F=674,673,-1,3,-8 D=3501,3501,0,2,-2 L=1250,209,-17,3,1 B=1235,1236,1,0,-16
mv L' code=0 aligned=1 homed=- ms=119.0 U=3135,3133,-2,2,1 R=1091,1090,-1,0,-1 F=674,673,-1,3,-8 D=3501,3501,0,2,-2 L=208,1250,18,0,-1 B=1236,1236,0,0,-16
mv L' code=0 aligned=1 homed=- ms=119.0 U=3135,3133,-2,2,1 R=1091,1090,-1,0,-1 F=674,673,-1,3,-8 D=3501,3501,0,2,-2 L=1250,2272,-2,1,1 B=1236,1236,0,0,-16
mv L code=0 aligned=1 homed=- ms=119.0 U=3135,3133,-2,2,1 R=1091,1090,-1,0,-1 F=674,673,-1,3,-8 D=3501,3501,0,2,-2 L=2271,1251,4,0,0 B=1236,1236,0,0,-16
mv L code=0 aligned=1 homed=- ms=119.0 U=3135,3133,-2,2,1 R=1091,1090,-1,0,-1 F=674,674,0,3,-7 D=3501,3501,0,2,-2 L=1250,209,-17,3,1 B=1235,1236,1,0,-16
mv L' code=0 aligned=1 homed=- ms=119.0 U=3135,3133,-2,2,1 R=1091,1090,-1,0,-1 F=674,673,-1,3,-8 D=3501,3501,0,2,-2 L=208,1250,18,0,-1 B=1235,1236,1,0,-16
mv L' code=0 aligned=1 homed=- ms=119.0 U=3135,3133,-2,2,1 R=1091,1090,-1,0,-1 F=674,673,-1,3,-8 D=3501,3501,0,2,-2 L=1249,2271,-2,1,0 B=1236,1235,-1,0,-17
mv L code=0 aligned=1 homed=- ms=119.0 U=3136,3133,-3,2,1 R=1091,1090,-1,0,-1 F=674,673,-1,3,-8 D=3501,3501,0,2,-2 L=2271,1251,4,0,0 B=1236,1236,0,0,-16
mv L code=0 aligned=1 homed=- ms=119.0 U=3135,3133,-2,2,1 R=1091,1091,0,0,0 F=674,673,-1,3,-8 D=3501,3501,0,2,-2 L=1250,208,-18,3,0 B=1236,1236,0,0,-16
mv L' code=0 aligned=1 homed=- ms=119.0 U=3135,3133,-2,2,1 R=1091,1091,0,0,0 F=674,673,-1,3,-8 D=3501,3501,0,2,-2 L=208,1250,18,0,-1 B=1236,1235,-1,0,-17
mv L' code=0 aligned=1 homed=- ms=119.0 U=3135,3133,-2,2,1 R=1091,1090,-1,0,-1 F=674,673,-1,3,-8 D=3501,3501,0,2,-2 L=1249,2272,-1,1,1 B=1235,1236,1,0,-16
mv L code=0 aligned=1 homed=- ms=119.0 U=3135,3133,-2,2,1 R=1091,1090,-1,0,-1 F=674,673,-1,3,-8 D=3501,3501,0,2,-2 L=2271,1250,3,0,-1 B=1235,1236,1,0,-16
mv L code=0 aligned=1 homed=- ms=119.0 U=3135,3133,-2,2,1 R=1091,1091,0,0,0 F=674,673,-1,3,-8 D=3501,3501,0,2,-2 L=1250,209,-17,3,1 B=1235,1236,1,0,-16
mv L' code=0 aligned=1 homed=- ms=119.0 U=3136,3133,-3,2,1 R=1091,1090,-1,0,-1 F=674,673,-1,3,-8 D=3501,3501,0,2,-2 L=208,1250,18,0,-1 B=1235,1236,1,0,-16
mv L' code=0 aligned=1 homed=- ms=119.0 U=3135,3133,-2,2,1 R=1091,1091,0,0,0 F=674,673,-1,3,-8 D=3501,3501,0,2,-2 L=1249,2272,-1,1,1 B=1236,1236,0,0,-16
mv L code=0 aligned=1 homed=- ms=119.0 U=3135,3133,-2,2,1 R=1091,1090,-1,0,-1 F=674,673,-1,3,-8 D=3501,3501,0,2,-2 L=2271,1251,4,0,0 B=1235,1236,1,0,-16
mv L code=0 aligned=1 homed=- ms=119.0 U=3135,3133,-2,2,1 R=1091,1091,0,0,0 F=674,673,-1,3,-8 D=3501,3501,0,2,-2 L=1250,209,-17,3,1 B=1235,1236,1,0,-16
mv L' code=0 aligned=1 homed=- ms=119.0 U=3135,3133,-2,2,1 R=1091,1090,-1,0,-1 F=674,673,-1,3,-8 D=3501,3501,0,2,-2 L=208,1250,18,0,-1 B=1236,1236,0,0,-16
mv L' code=0 aligned=1 homed=- ms=119.0 U=3135,3133,-2,2,1 R=1091,1090,-1,0,-1 F=674,673,-1,3,-8 D=3501,3501,0,2,-2 L=1250,2271,-3,1,0 B=1236,1236,0,0,-16
mv L code=0 aligned=1 homed=- ms=119.0 U=3135,3133,-2,2,1 R=1091,1090,-1,0,-1 F=674,674,0,3,-7 D=3501,3501,0,2,-2 L=2271,1251,4,0,0 B=1236,1236,0,0,-16
mv L code=0 aligned=1 homed=- ms=119.0 U=3135,3133,-2,2,1 R=1091,1090,-1,0,-1 F=674,674,0,3,-7 D=3501,3501,0,2,-2 L=1250,209,-17,3,1 B=1235,1236,1,0,-16
mv L' code=0 aligned=1 homed=- ms=119.0 U=3135,3133,-2,2,1 R=1091,1090,-1,0,-1 F=674,673,-1,3,-8 D=3501,3501,0,2,-2 L=209,1250,17,0,-1 B=1236,1236,0,0,-16
mv L' code=0 aligned=1 homed=- ms=119.0 U=3135,3133,-2,2,1 R=1091,1090,-1,0,-1 F=674,673,-1,3,-8 D=3501,3501,0,2,-2 L=1249,2271,-2,1,0 B=1236,1236,0,0,-16
mv L code=0 aligned=1 homed=- ms=119.0 U=3135,3133,-2,2,1 R=1091,1090,-1,0,-1 F=674,673,-1,3,-8 D=3501,3501,0,2,-2 L=2271,1251,4,0,0 B=1235,1236,1,0,-16
mv L code=0 aligned=1 homed=- ms=119.0 U=3135,3133,-2,2,1 R=1091,1090,-1,0,-1 F=674,673,-1,3,-8 D=3501,3501,0,2,-2 L=1250,208,-18,3,0 B=1236,1236,0,0,-16
mv L' code=0 aligned=1 homed=- ms=119.0 U=3135,3133,-2,2,1 R=1091,1090,-1,0,-1 F=674,673,-1,3,-8 D=3501,3501,0,2,-2 L=208,1250,18,0,-1 B=1235,1236,1,0,-16
mv L' code=0 aligned=1 homed=- ms=119.0 U=3135,3133,-2,2,1 R=1091,1091,0,0,0 F=674,673,-1,3,-8 D=3501,3501,0,2,-2 L=1249,2271,-2,1,0 B=1236,1236,0,0,-16
mv L code=0 aligned=1 homed=- ms=119.0 U=3135,3133,-2,2,1 R=1091,1090,-1,0,-1 F=674,674,0,3,-7 D=3501,3501,0,2,-2 L=2270,1251,5,0,0 B=1235,1235,0,0,-17
mv L code=0 aligned=1 homed=- ms=119.0 U=3135,3133,-2,2,1 R=1091,1091,0,0,0 F=674,674,0,3,-7 D=3501,3501,0,2,-2 L=1250,209,-17,3,1 B=1235,1236,1,0,-16
mv L' code=0 aligned=1 homed=- ms=119.0 U=3135,3133,-2,2,1 R=1091,1090,-1,0,-1 F=674,674,0,3,-7 D=3501,3501,0,2,-2 L=208,1250,18,0,-1 B=1235,1236,1,0,-16
mv L' code=0 aligned=1 homed=- ms=119.0 U=3135,3133,-2,2,1 R=1091,1090,-1,0,-1 F=674,673,-1,3,-8 D=3501,3501,0,2,-2 L=1249,2271,-2,1,0 B=1236,1236,0,0,-16
mv L code=0 aligned=1 homed=- ms=119.0 U=3135,3133,-2,2,1 R=1091,1090,-1,0,-1 F=674,674,0,3,-7 D=3501,3501,0,2,-2 L=2271,1251,4,0,0 B=1236,1236,0,0,-16
mv L code=0 aligned=1 homed=- ms=119.0 U=3136,3133,-3,2,1 R=1091,1091,0,0,0 F=674,673,-1,3,-8 D=3501,3501,0,2,-2 L=1250,209,-17,3,1 B=1235,1236,1,0,-16
mv L' code=0 aligned=1 homed=- ms=119.0 U=3135,3133,-2,2,1 R=1091,1090,-1,0,-1 F=674,674,0,3,-7 D=3501,3501,0,2,-2 L=208,1250,18,0,-1 B=1235,1236,1,0,-16
mv L' code=0 aligned=1 homed=- ms=119.0 U=3135,3133,-2,2,1 R=1091,1090,-1,0,-1 F=674,673,-1,3,-8 D=3501,3501,0,2,-2 L=1249,2271,-2,1,0 B=1235,1236,1,0,-16
mv L code=0 aligned=1 homed=- ms=119.0 U=3135,3133,-2,2,1 R=1091,1090,-1,0,-1 F=674,673,-1,3,-8 D=3501,3501,0,2,-2 L=2271,1251,4,0,0 B=1235,1235,0,0,-17
mv L code=0 aligned=1 homed=- ms=119.0 U=3135,3133,-2,2,1 R=1091,1090,-1,0,-1 F=674,673,-1,3,-8 D=3501,3501,0,2,-2 L=1250,209,-17,3,1 B=1235,1236,1,0,-16
mv L' code=0 aligned=1 homed=- ms=119.0 U=3136,3133,-3,2,1 R=1091,1090,-1,0,-1 F=674,673,-1,3,-8 D=3501,3501,0,2,-2 L=208,1250,18,0,-1 B=1236,1236,0,0,-16
mv L' code=0 aligned=1 homed=- ms=119.0 U=3135,3133,-2,2,1 R=1091,1090,-1,0,-1 F=674,673,-1,3,-8 D=3501,3501,0,2,-2 L=1249,2271,-2,1,0 B=1236,1235,-1,0,-17
mv L code=0 aligned=1 homed=- ms=119.0 U=3135,3133,-2,2,1 R=1091,1090,-1,0,-1 F=674,673,-1,3,-8 D=3501,3501,0,2,-2 L=2271,1250,3,0,-1 B=1235,1236,1,0,-16
mv L code=0 aligned=1 homed=- ms=119.0 U=3136,3133,-3,2,1 R=1091,1090,-1,0,-1 F=674,673,-1,3,-8 D=3501,3501,0,2,-2 L=1250,209,-17,3,1 B=1236,1236,0,0,-16
mv L' code=0 aligned=1 homed=- ms=119.0 U=3135,3133,-2,2,1 R=1091,1090,-1,0,-1 F=674,673,-1,3,-8 D=3501,3501,0,2,-2 L=208,1250,18,0,-1 B=1235,1236,1,0,-16
mv L' code=0 aligned=1 homed=- ms=119.0 U=3135,3133,-2,2,1 R=1091,1090,-1,0,-1 F=674,673,-1,3,-8 D=3501,3501,0,2,-2 L=1250,2271,-3,1,0 B=1235,1235,0,0,-17
mv L code=0 aligned=1 homed=- ms=119.0 U=3136,3133,-3,2,1 R=1091,1090,-1,0,-1 F=674,673,-1,3,-8 D=3501,3501,0,2,-2 L=2271,1250,3,0,-1 B=1235,1236,1,0,-16
mv L code=0 aligned=1 homed=- ms=119.0 U=3135,3133,-2,2,1 R=1091,1090,-1,0,-1 F=674,673,-1,3,-8 D=3501,3501,0,2,-2 L=1250,209,-17,3,1 B=1235,1235,0,0,-17
mv L' code=0 aligned=1 homed=- ms=119.0 U=3135,3133,-2,2,1 R=1091,1090,-1,0,-1 F=674,673,-1,3,-8 D=3501,3501,0,2,-2 L=208,1250,18,0,-1 B=1235,1236,1,0,-16
mv L' code=0 aligned=1 homed=- ms=119.0 U=3135,3133,-2,2,1 R=1091,1090,-1,0,-1 F=674,673,-1,3,-8 D=3501,3501,0,2,-2 L=1249,2271,-2,1,0 B=1236,1236,0,0,-16
mv L code=0 aligned=1 homed=- ms=119.0 U=3135,3133,-2,2,1 R=1091,1090,-1,0,-1 F=674,673,-1,3,-8 D=3501,3501,0,2,-2 L=2271,1251,4,0,0 B=1236,1236,0,0,-16
mv L code=0 aligned=1 homed=- ms=119.0 U=3135,3133,-2,2,1 R=1091,1090,-1,0,-1 F=674,673,-1,3,-8 D=3501,3501,0,2,-2 L=1250,209,-17,3,1 B=1235,1236,1,0,-16
mv L' code=0 aligned=1 homed=- ms=119.0 U=3135,3133,-2,2,1 R=1091,1090,-1,0,-1 F=674,673,-1,3,-8 D=3501,3501,0,2,-2 L=208,1250,18,0,-1 B=1235,1236,1,0,-16
mv L' code=0 aligned=1 homed=- ms=119.0 U=3135,3133,-2,2,1 R=1091,1091,0,0,0 F=674,673,-1,3,-8 D=3501,3501,0,2,-2 L=1249,2271,-2,1,0 B=1236,1235,-1,0,-17
mv L code=0 aligned=1 homed=- ms=119.0 U=3135,3133,-2,2,1 R=1091,1090,-1,0,-1 F=674,673,-1,3,-8 D=3501,3501,0,2,-2 L=2271,1251,4,0,0 B=1236,1236,0,0,-16
mv L code=0 aligned=1 homed=- ms=119.0 U=3135,3133,-2,2,1 R=1091,1091,0,0,0 F=674,673,-1,3,-8 D=3501,3501,0,2,-2 L=1250,209,-17,3,1 B=1236,1236,0,0,-16
mv L' code=0 aligned=1 homed=- ms=119.0 U=3135,3133,-2,2,1 R=1091,1091,0,0,0 F=674,673,-1,3,-8 D=3501,3501,0,2,-2 L=208,1250,18,0,-1 B=1236,1236,0,0,-16
mv L' code=0 aligned=1 homed=- ms=119.0 U=3135,3133,-2,2,1 R=1091,1090,-1,0,-1 F=674,673,-1,3,-8 D=3501,3501,0,2,-2 L=1249,2271,-2,1,0 B=1236,1236,0,0,-16
mv L code=0 aligned=1 homed=- ms=119.0 U=3135,3133,-2,2,1 R=1091,1090,-1,0,-1 F=674,673,-1,3,-8 D=3501,3501,0,2,-2 L=2271,1251,4,0,0 B=1236,1236,0,0,-16
mv L code=0 aligned=1 homed=- ms=119.0 U=3135,3133,-2,2,1 R=1091,1090,-1,0,-1 F=674,674,0,3,-7 D=3501,3501,0,2,-2 L=1250,208,-18,3,0 B=1235,1236,1,0,-16
mv L' code=0 aligned=1 homed=- ms=119.0 U=3135,3133,-2,2,1 R=1091,1091,0,0,0 F=674,673,-1,3,-8 D=3501,3501,0,2,-2 L=208,1250,18,0,-1 B=1235,1236,1,0,-16
mv L' code=0 aligned=1 homed=- ms=119.0 U=3135,3133,-2,2,1 R=1091,1090,-1,0,-1 F=674,673,-1,3,-8 D=3501,3501,0,2,-2 L=1249,2271,-2,1,0 B=1235,1236,1,0,-16
mv L code=0 aligned=1 homed=- ms=119.0 U=3135,3133,-2,2,1 R=1091,1090,-1,0,-1 F=674,673,-1,3,-8 D=3501,3501,0,2,-2 L=2271,1251,4,0,0 B=1236,1235,-1,0,-17
mv L code=0 aligned=1 homed=- ms=119.0 U=3135,3133,-2,2,1 R=1091,1091,0,0,0 F=674,673,-1,3,-8 D=3501,3501,0,2,-2 L=1249,209,-16,3,1 B=1235,1236,1,0,-16
mv L' code=0 aligned=1 homed=- ms=119.0 U=3135,3133,-2,2,1 R=1091,1090,-1,0,-1 F=674,673,-1,3,-8 D=3501,3501,0,2,-2 L=208,1250,18,0,-1 B=1235,1235,0,0,-17
mv L' code=0 aligned=1 homed=- ms=119.0 U=3135,3133,-2,2,1 R=1091,1090,-1,0,-1 F=674,673,-1,3,-8 D=3501,3501,0,2,-2 L=1249,2271,-2,1,0 B=1235,1236,1,0,-16
mv L code=0 aligned=1 homed=- ms=119.0 U=3135,3133,-2,2,1 R=1091,1090,-1,0,-1 F=674,673,-1,3,-8 D=3501,3501,0,2,-2 L=2271,1250,3,0,-1 B=1236,1235,-1,0,-17
mv L code=0 aligned=1 homed=- ms=119.0 U=3135,3133,-2,2,1 R=1091,1091,0,0,0 F=674,673,-1,3,-8 D=3501,3501,0,2,-2 L=1250,209,-17,3,1 B=1235,1236,1,0,-16
mv L' code=0 aligned=1 homed=- ms=119.0 U=3135,3133,-2,2,1 R=1091,1090,-1,0,-1 F=674,673,-1,3,-8 D=3501,3501,0,2,-2 L=208,1249,17,0,-2 B=1235,1236,1,0,-16
mv L' code=0 aligned=1 homed=- ms=119.0 U=3135,3133,-2,2,1 R=1091,1090,-1,0,-1 F=674,673,-1,3,-8 D=3501,3501,0,2,-2 L=1249,2271,-2,1,0 B=1236,1236,0,0,-16
mv L code=0 aligned=1 homed=- ms=119.0 U=3135,3133,-2,2,1 R=1091,1091,0,0,0 F=674,673,-1,3,-8 D=3501,3501,0,2,-2 L=2271,1250,3,0,-1 B=1235,1235,0,0,-17
mv L code=0 aligned=1 homed=- ms=119.0 U=3135,3133,-2,2,1 R=1091,1090,-1,0,-1 F=674,673,-1,3,-8 D=3501,3501,0,2,-2 L=1250,209,-17,3,1 B=1235,1236,1,0,-16
mv L' code=0 aligned=1 homed=- ms=119.0 U=3136,3133,-3,2,1 R=1091,1090,-1,0,-1 F=674,674,0,3,-7 D=3501,3501,0,2,-2 L=208,1250,18,0,-1 B=1236,1236,0,0,-16
mv L' code=0 aligned=1 homed=- ms=119.0 U=3136,3133,-3,2,1 R=1091,1090,-1,0,-1 F=674,673,-1,3,-8 D=3501,3501,0,2,-2 L=1250,2271,-3,1,0 B=1235,1236,1,0,-16
mv L code=0 aligned=1 homed=- ms=119.0 U=3135,3133,-2,2,1 R=1091,1090,-1,0,-1 F=674,673,-1,3,-8 D=3501,3501,0,2,-2 L=2271,1250,3,0,-1 B=1236,1236,0,0,-16
mv L code=0 aligned=1 homed=- ms=119.0 U=3135,3133,-2,2,1 R=1091,1091,0,0,0 F=674,673,-1,3,-8 D=3501,3501,0,2,-2 L=1250,209,-17,3,1 B=1235,1236,1,0,-16
mv L' code=0 aligned=1 homed=- ms=119.0 U=3135,3133,-2,2,1 R=1091,1091,0,0,0 F=674,673,-1,3,-8 D=3501,3501,0,2,-2 L=208,1250,18,0,-1 B=1235,1235,0,0,-17
mv L' code=0 aligned=1 homed=- ms=119.0 U=3135,3133,-2,2,1 R=1091,1090,-1,0,-1 F=674,674,0,3,-7 D=3501,3501,0,2,-2 L=1249,2271,-2,1,0 B=1235,1236,1,0,-16
mv L code=0 aligned=1 homed=- ms=119.0 U=3135,3133,-2,2,1 R=1091,1091,0,0,0 F=674,674,0,3,-7 D=3501,3501,0,2,-2 L=2270,1251,5,0,0 B=1235,1236,1,0,-16
mv L code=0 aligned=1 homed=- ms=119.0 U=3135,3133,-2,2,1 R=1091,1090,-1,0,-1 F=674,673,-1,3,-8 D=3501,3501,0,2,-2 L=1250,209,-17,3,1 B=1235,1236,1,0,-16
mv L' code=0 aligned=1 homed=- ms=119.0 U=3136,3133,-3,2,1 R=1091,1090,-1,0,-1 F=674,673,-1,3,-8 D=3501,3501,0,2,-2 L=208,1250,18,0,-1 B=1235,1236,1,0,-16
mv L' code=0 aligned=1 homed=- ms=119.0 U=3135,3133,-2,2,1 R=1091,1091,0,0,0 F=674,673,-1,3,-8 D=3501,3501,0,2,-2 L=1249,2272,-1,1,1 B=1236,1235,-1,0,-17
mv L code=0 aligned=1 homed=- ms=119.0 U=3135,3133,-2,2,1 R=1091,1090,-1,0,-1 F=674,673,-1,3,-8 D=3501,3501,0,2,-2 L=2271,1251,4,0,0 B=1236,1236,0,0,-16
mv L code=0 aligned=1 homed=- ms=119.0 U=3135,3133,-2,2,1 R=1091,1090,-1,0,-1 F=674,674,0,3,-7 D=3501,3501,0,2,-2 L=1250,208,-18,3,0 B=1235,1236,1,0,-16
mv L' code=0 aligned=1 homed=- ms=119.0 U=3135,3133,-2,2,1 R=1091,1090,-1,0,-1 F=674,673,-1,3,-8 D=3501,3501,0,2,-2 L=208,1250,18,0,-1 B=1235,1236,1,0,-16
mv L' code=0 aligned=1 homed=- ms=119.0 U=3136,3133,-3,2,1 R=1091,1090,-1,0,-1 F=674,673,-1,3,-8 D=3501,3501,0,2,-2 L=1249,2271,-2,1,0 B=1235,1236,1,0,-16
mv L code=0 aligned=1 homed=- ms=119.0 U=3135,3133,-2,2,1 R=1091,1090,-1,0,-1 F=674,674,0,3,-7 D=3501,3501,0,2,-2 L=2271,1250,3,0,-1 B=1236,1236,0,0,-16
mv L code=0 aligned=1 homed=- ms=119.0 U=3135,3133,-2,2,1 R=1091,1090,-1,0,-1 F=674,673,-1,3,-8 D=3501,3501,0,2,-2 L=1250,209,-17,3,1 B=1236,1236,0,0,-16
mv L' code=0 aligned=1 homed=- ms=119.0 U=3135,3133,-2,2,1 R=1091,1090,-1,0,-1 F=674,673,-1,3,-8 D=3501,3501,0,2,-2 L=208,1250,18,0,-1 B=1236,1236,0,0,-16
mv L' code=0 aligned=1 homed=- ms=119.0 U=3135,3133,-2,2,1 R=1091,1090,-1,0,-1 F=674,673,-1,3,-8 D=3501,3501,0,2,-2 L=1250,2271,-3,1,0 B=1236,1236,0,0,-16
mv L code=0 aligned=1 homed=- ms=119.0 U=3135,3133,-2,2,1 R=1091,1090,-1,0,-1 F=674,673,-1,3,-8 D=3501,3501,0,2,-2 L=2271,1251,4,0,0 B=1236,1236,0,0,-16
mv L code=0 aligned=1 homed=- ms=119.0 U=3135,3133,-2,2,1 R=1091,1090,-1,0,-1 F=674,673,-1,3,-8 D=3501,3501,0,2,-2 L=1250,208,-18,3,0 B=1236,1236,0,0,-16
mv L' code=0 aligned=1 homed=- ms=119.0 U=3135,3133,-2,2,1 R=1091,1090,-1,0,-1 F=674,673,-1,3,-8 D=3501,3501,0,2,-2 L=208,1250,18,0,-1 B=1235,1236,1,0,-16
mv L' code=0 aligned=1 homed=- ms=119.0 U=3135,3133,-2,2,1 R=1091,1090,-1,0,-1 F=674,673,-1,3,-8 D=3501,3501,0,2,-2 L=1249,2271,-2,1,0 B=1236,1235,-1,0,-17
mv L code=0 aligned=1 homed=- ms=119.0 U=3135,3133,-2,2,1 R=1091,1090,-1,0,-1 F=674,673,-1,3,-8 D=3501,3501,0,2,-2 L=2271,1251,4,0,0 B=1236,1236,0,0,-16
mv L code=0 aligned=1 homed=- ms=119.0 U=3135,3133,-2,2,1 R=1091,1090,-1,0,-1 F=674,673,-1,3,-8 D=3501,3501,0,2,-2 L=1250,209,-17,3,1 B=1235,1236,1,0,-16
mv L' code=0 aligned=1 homed=- ms=119.0 U=3135,3133,-2,2,1 R=1091,1090,-1,0,-1 F=674,673,-1,3,-8 D=3501,3501,0,2,-2 L=208,1250,18,0,-1 B=1235,1236,1,0,-16
mv L' code=0 aligned=1 homed=- ms=119.0 U=3135,3133,-2,2,1 R=1091,1090,-1,0,-1 F=674,673,-1,3,-8 D=3501,3501,0,2,-2 L=1249,2271,-2,1,0 B=1235,1235,0,0,-17
mv L code=0 aligned=1 homed=- ms=119.0 U=3135,3133,-2,2,1 R=1091,1091,0,0,0 F=674,673,-1,3,-8 D=3501,3501,0,2,-2 L=2271,1250,3,0,-1 B=1236,1236,0,0,-16
mv L code=0 aligned=1 homed=- ms=119.0 U=3135,3133,-2,2,1 R=1091,1090,-1,0,-1 F=674,674,0,3,-7 D=3501,3501,0,2,-2 L=1250,209,-17,3,1 B=1235,1236,1,0,-16
mv L' code=0 aligned=1 homed=- ms=119.0 U=3135,3133,-2,2,1 R=1091,1090,-1,0,-1 F=674,673,-1,3,-8 D=3501,3501,0,2,-2 L=208,1250,18,0,-1 B=1235,1236,1,0,-16
mv L' code=0 aligned=1 homed=- ms=119.0 U=3135,3133,-2,2,1 R=1091,1090,-1,0,-1 F=674,673,-1,3,-8 D=3501,3501,0,2,-2 L=1249,2271,-2,1,0 B=1235,1235,0,0,-17
mv L code=0 aligned=1 homed=- ms=119.0 U=3135,3133,-2,2,1 R=1091,1090,-1,0,-1 F=674,673,-1,3,-8 D=3501,3501,0,2,-2 L=2271,1251,4,0,0 B=1236,1236,0,0,-16
mv L code=0 aligned=1 homed=- ms=119.0 U=3136,3133,-3,2,1 R=1091,1090,-1,0,-1 F=674,673,-1,3,-8 D=3501,3501,0,2,-2 L=1250,208,-18,3,0 B=1235,1236,1,0,-16
mv L' code=0 aligned=1 homed=- ms=119.0 U=3135,3133,-2,2,1 R=1091,1090,-1,0,-1 F=674,673,-1,3,-8 D=3501,3501,0,2,-2 L=208,1249,17,0,-2 B=1235,1236,1,0,-16
mv L' code=0 aligned=1 homed=- ms=119.0 U=3135,3133,-2,2,1 R=1091,1090,-1,0,-1 F=674,673,-1,3,-8 D=3501,3501,0,2,-2 L=1249,2271,-2,1,0 B=1235,1236,1,0,-16
mv L code=0 aligned=1 homed=- ms=119.0 U=3135,3133,-2,2,1 R=1091,1091,0,0,0 F=674,674,0,3,-7 D=3501,3501,0,2,-2 L=2270,1250,4,0,-1 B=1235,1235,0,0,-17
mv L code=0 aligned=1 homed=- ms=119.0 U=3135,3133,-2,2,1 R=1091,1090,-1,0,-1 F=674,673,-1,3,-8 D=3501,3501,0,2,-2 L=1250,209,-17,3,1 B=1236,1236,0,0,-16
mv L' code=0 aligned=1 homed=- ms=119.0 U=3135,3133,-2,2,1 R=1091,1090,-1,0,-1 F=674,673,-1,3,-8 D=3501,3501,0,2,-2 L=208,1250,18,0,-1 B=1235,1236,1,0,-16
mv L' code=0 aligned=1 homed=- ms=119.0 U=3135,3133,-2,2,1 R=1091,1090,-1,0,-1 F=674,673,-1,3,-8 D=3501,3501,0,2,-2 L=1249,2271,-2,1,0 B=1236,1236,0,0,-16
mv L code=0 aligned=1 homed=- ms=119.0 U=3136,3133,-3,2,1 R=1091,1090,-1,0,-1 F=674,673,-1,3,-8 D=3501,3501,0,2,-2 L=2271,1250,3,0,-1 B=1235,1235,0,0,-17
mv L code=0 aligned=1 homed=- ms=119.0 U=3135,3133,-2,2,1 R=1091,1090,-1,0,-1 F=674,673,-1,3,-8 D=3501,3501,0,2,-2 L=1250,209,-17,3,1 B=1236,1236,0,0,-16
mv L' code=0 aligned=1 homed=- ms=119.0 U=3135,3133,-2,2,1 R=1091,1090,-1,0,-1 F=674,673,-1,3,-8 D=3501,3501,0,2,-2 L=208,1250,18,0,-1 B=1236,1236,0,0,-16
mv L' code=0 aligned=1 homed=- ms=119.0 U=3135,3133,-2,2,1 R=1091,1090,-1,0,-1 F=674,673,-1,3,-8 D=3501,3501,0,2,-2 L=1249,2271,-2,1,0 B=1235,1236,1,0,-16
mv L code=0 aligned=1 homed=- ms=119.0 U=3135,3133,-2,2,1 R=1091,1090,-1,0,-1 F=674,674,0,3,-7 D=3501,3501,0,2,-2 L=2271,1251,4,0,0 B=1235,1236,1,0,-16
mv L code=0 aligned=1 homed=- ms=119.0 U=3135,3133,-2,2,1 R=1091,1090,-1,0,-1 F=674,673,-1,3,-8 D=3501,3501,0,2,-2 L=1250,209,-17,3,1 B=1236,1236,0,0,-16
mv L' code=0 aligned=1 homed=- ms=119.0 U=3135,3133,-2,2,1 R=1091,1090,-1,0,-1 F=674,673,-1,3,-8 D=3501,3501,0,2,-2 L=208,1250,18,0,-1 B=1236,1236,0,0,-16
mv L' code=0 aligned=1 homed=- ms=119.0 U=3135,3133,-2,2,1 R=1091,1090,-1,0,-1 F=674,673,-1,3,-8 D=3501,3501,0,2,-2 L=1249,2271,-2,1,0 B=1236,1236,0,0,-16
mv L code=0 aligned=1 homed=- ms=119.0 U=3135,3133,-2,2,1 R=1091,1090,-1,0,-1 F=674,673,-1,3,-8 D=3501,3501,0,2,-2 L=2271,1251,4,0,0 B=1235,1236,1,0,-16
mv L code=0 aligned=1 homed=- ms=119.0 U=3135,3133,-2,2,1 R=1091,1090,-1,0,-1 F=674,674,0,3,-7 D=3501,3501,0,2,-2 L=1250,208,-18,3,0 B=1235,1235,0,0,-17
mv L' code=0 aligned=1 homed=- ms=119.0 U=3135,3133,-2,2,1 R=1091,1090,-1,0,-1 F=674,674,0,3,-7 D=3501,3501,0,2,-2 L=208,1250,18,0,-1 B=1235,1235,0,0,-17
mv L' code=0 aligned=1 homed=- ms=119.0 U=3135,3133,-2,2,1 R=1091,1090,-1,0,-1 F=674,673,-1,3,-8 D=3501,3501,0,2,-2 L=1249,2272,-1,1,1 B=1235,1235,0,0,-17
mv L code=0 aligned=1 homed=- ms=119.0 U=3135,3133,-2,2,1 R=1091,1090,-1,0,-1 F=674,674,0,3,-7 D=3501,3501,0,2,-2 L=2271,1251,4,0,0 B=1235,1236,1,0,-16
mv L code=0 aligned=1 homed=- ms=119.0 U=3135,3133,-2,2,1 R=1091,1091,0,0,0 F=674,673,-1,3,-8 D=3501,3501,0,2,-2 L=1250,209,-17,3,1 B=1235,1235,0,0,-17
mv L' code=0 aligned=1 homed=- ms=119.0 U=3136,3133,-3,2,1 R=1091,1091,0,0,0 F=674,673,-1,3,-8 D=3501,3501,0,2,-2 L=208,1250,18,0,-1 B=1235,1236,1,0,-16
mv L' code=0 aligned=1 homed=- ms=119.0 U=3135,3133,-2,2,1 R=1091,1090,-1,0,-1 F=674,673,-1,3,-8 D=3501,3501,0,2,-2 L=1249,2271,-2,1,0 B=1235,1236,1,0,-16
mv L code=0 aligned=1 homed=- ms=119.0 U=3135,3133,-2,2,1 R=1091,1090,-1,0,-1 F=674,673,-1,3,-8 D=3501,3501,0,2,-2 L=2271,1250,3,0,-1 B=1236,1235,-1,0,-17
mv L code=0 aligned=1 homed=- ms=119.0 U=3135,3133,-2,2,1 R=1091,1090,-1,0,-1 F=674,673,-1,3,-8 D=3501,3501,0,2,-2 L=1250,209,-17,3,1 B=1236,1236,0,0,-16
mv L' code=0 aligned=1 homed=- ms=119.0 U=3135,3133,-2,2,1 R=1091,1090,-1,0,-1 F=674,674,0,3,-7 D=3501,3501,0,2,-2 L=208,1250,18,0,-1 B=1236,1236,0,0,-16
mv L' code=0 aligned=1 homed=- ms=119.0 U=3135,3133,-2,2,1 R=1091,1090,-1,0,-1 F=674,673,-1,3,-8 D=3501,3501,0,2,-2 L=1250,2272,-2,1,1 B=1235,1236,1,0,-16
mv L code=0 aligned=1 homed=- ms=119.0 U=3135,3133,-2,2,1 R=1091,1090,-1,0,-1 F=674,673,-1,3,-8 D=3501,3501,0,2,-2 L=2271,1251,4,0,0 B=1236,1236,0,0,-16
mv L code=0 aligned=1 homed=- ms=119.0 U=3135,3133,-2,2,1 R=1091,1091,0,0,0 F=674,673,-1,3,-8 D=3501,3501,0,2,-2 L=1250,208,-18,3,0 B=1235,1236,1,0,-16
mv L' code=0 aligned=1 homed=- ms=119.0 U=3135,3133,-2,2,1 R=1091,1090,-1,0,-1 F=674,673,-1,3,-8 D=3501,3501,0,2,-2 L=208,1250,18,0,-1 B=1235,1236,1,0,-16
mv L' code=0 aligned=1 homed=- ms=119.0 U=3136,3133,-3,2,1 R=1091,1090,-1,0,-1 F=674,673,-1,3,-8 D=3501,3501,0,2,-2 L=1249,2271,-2,1,0 B=1236,1236,0,0,-16
mv L code=0 aligned=1 homed=- ms=119.0 U=3135,3133,-2,2,1 R=1091,1090,-1,0,-1 F=674,673,-1,3,-8 D=3501,3501,0,2,-2 L=2271,1251,4,0,0 B=1235,1236,1,0,-16
mv L code=0 aligned=1 homed=- ms=119.0 U=3136,3133,-3,2,1 R=1091,1090,-1,0,-1 F=674,673,-1,3,-8 D=3501,3501,0,2,-2 L=1250,209,-17,3,1 B=1235,1236,1,0,-16
mv L' code=0 aligned=1 homed=- ms=119.0 U=3135,3133,-2,2,1 R=1091,1090,-1,0,-1 F=674,673,-1,3,-8 D=3501,3501,0,2,-2 L=208,1250,18,0,-1 B=1235,1236,1,0,-16
mv L' code=0 aligned=1 homed=- ms=119.0 U=3135,3133,-2,2,1 R=1091,1090,-1,0,-1 F=674,673,-1,3,-8 D=3501,3501,0,2,-2 L=1249,2271,-2,1,0 B=1235,1236,1,0,-16
mv L code=0 aligned=1 homed=- ms=119.0 U=3135,3133,-2,2,1 R=1091,1091,0,0,0 F=674,674,0,3,-7 D=3501,3501,0,2,-2 L=2271,1251,4,0,0 B=1235,1235,0,0,-17
mv L code=0 aligned=1 homed=- ms=119.0 U=3135,3133,-2,2,1 R=1091,1090,-1,0,-1 F=674,674,0,3,-7 D=3501,3501,0,2,-2 L=1250,209,-17,3,1 B=1236,1236,0,0,-16
mv L' code=0 aligned=1 homed=- ms=119.0 U=3135,3133,-2,2,1 R=1091,1090,-1,0,-1 F=674,673,-1,3,-8 D=3501,3501,0,2,-2 L=208,1250,18,0,-1 B=1235,1236,1,0,-16
mv L' code=0 aligned=1 homed=- ms=119.0 U=3135,3133,-2,2,1 R=1091,1091,0,0,0 F=674,674,0,3,-7 D=3501,3501,0,2,-2 L=1250,2271,-3,1,0 B=1235,1235,0,0,-17
mv L code=0 aligned=1 homed=- ms=119.0 U=3135,3133,-2,2,1 R=1091,1090,-1,0,-1 F=674,674,0,3,-7 D=3501,3501,0,2,-2 L=2271,1251,4,0,0 B=1235,1236,1,0,-16
mv L code=0 aligned=1 homed=- ms=119.0 U=3135,3133,-2,2,1 R=1091,1090,-1,0,-1 F=674,674,0,3,-7 D=3501,3501,0,2,-2 L=1250,209,-17,3,1 B=1236,1236,0,0,-16
mv L' code=0 aligned=1 homed=- ms=119.0 U=3135,3133,-2,2,1 R=1091,1090,-1,0,-1 F=674,673,-1,3,-8 D=3501,3501,0,2,-2 L=208,1250,18,0,-1 B=1236,1235,-1,0,-17
mv L' code=0 aligned=1 homed=- ms=119.0 U=3135,3133,-2,2,1 R=1091,1090,-1,0,-1 F=674,673,-1,3,-8 D=3501,3501,0,2,-2 L=1249,2271,-2,1,0 B=1235,1235,0,0,-17
mv L code=0 aligned=1 homed=- ms=119.0 U=3135,3133,-2,2,1 R=1091,1090,-1,0,-1 F=674,673,-1,3,-8 D=3501,3501,0,2,-2 L=2271,1251,4,0,0 B=1235,1236,1,0,-16
mv L code=0 aligned=1 homed=- ms=119.0 U=3136,3133,-3,2,1 R=1091,1090,-1,0,-1 F=674,673,-1,3,-8 D=3501,3501,0,2,-2 L=1250,208,-18,3,0 B=1235,1236,1,0,-16
mv L' code=0 aligned=1 homed=- ms=119.0 U=3135,3133,-2,2,1 R=1091,1090,-1,0,-1 F=674,673,-1,3,-8 D=3501,3501,0,2,-2 L=208,1250,18,0,-1 B=1236,1236,0,0,-16
mv L' code=0 aligned=1 homed=- ms=119.0 U=3135,3133,-2,2,1 R=1091,1090,-1,0,-1 F=674,673,-1,3,-8 D=3501,3501,0,2,-2 L=1250,2271,-3,1,0 B=1235,1235,0,0,-17
mv L code=0 aligned=1 homed=- ms=119.0 U=3135,3133,-2,2,1 R=1091,1090,-1,0,-1 F=674,673,-1,3,-8 D=3501,3501,0,2,-2 L=2271,1251,4,0,0 B=1235,1236,1,0,-16
mv L code=0 aligned=1 homed=- ms=119.0 U=3135,3133,-2,2,1 R=1091,1090,-1,0,-1 F=674,673,-1,3,-8 D=3501,3501,0,2,-2 L=1250,208,-18,3,0 B=1236,1236,0,0,-16
mv L' code=0 aligned=1 homed=- ms=119.0 U=3135,3133,-2,2,1 R=1091,1090,-1,0,-1 F=674,674,0,3,-7 D=3501,3501,0,2,-2 L=208,1250,18,0,-1 B=1236,1236,0,0,-16
mv L' code=0 aligned=1 homed=- ms=119.0 U=3135,3133,-2,2,1 R=1091,1090,-1,0,-1 F=674,673,-1,3,-8 D=3501,3501,0,2,-2 L=1250,2272,-2,1,1 B=1235,1236,1,0,-16
mv L code=0 aligned=1 homed=- ms=119.0 U=3135,3133,-2,2,1 R=1091,1090,-1,0,-1 F=674,673,-1,3,-8 D=3501,3501,0,2,-2 L=2270,1251,5,0,0 B=1236,1236,0,0,-16
mv L code=0 aligned=1 homed=- ms=119.0 U=3135,3133,-2,2,1 R=1091,1090,-1,0,-1 F=674,673,-1,3,-8 D=3501,3501,0,2,-2 L=1250,209,-17,3,1 B=1236,1236,0,0,-16
mv L' code=0 aligned=1 homed=- ms=119.0 U=3135,3133,-2,2,1 R=1091,1090,-1,0,-1 F=674,673,-1,3,-8 D=3501,3501,0,2,-2 L=208,1250,18,0,-1 B=1235,1236,1,0,-16
mv L' code=0 aligned=1 homed=- ms=119.0 U=3135,3133,-2,2,1 R=1091,1090,-1,0,-1 F=674,673,-1,3,-8 D=3501,3501,0,2,-2 L=1250,2271,-3,1,0 B=1236,1236,0,0,-16
mv L code=0 aligned=1 homed=- ms=119.0 U=3135,3133,-2,2,1 R=1091,1090,-1,0,-1 F=674,673,-1,3,-8 D=3501,3501,0,2,-2 L=2271,1251,4,0,0 B=1236,1235,-1,0,-17
mv L code=0 aligned=1 homed=- ms=119.0 U=3135,3133,-2,2,1 R=1091,1090,-1,0,-1 F=674,673,-1,3,-8 D=3501,3501,0,2,-2 L=1250,209,-17,3,1 B=1236,1235,-1,0,-17
mv L' code=0 aligned=1 homed=- ms=119.0 U=3136,3133,-3,2,1 R=1091,1091,0,0,0 F=674,673,-1,3,-8 D=3501,3501,0,2,-2 L=208,1250,18,0,-1 B=1235,1236,1,0,-16
mv L' code=0 aligned=1 homed=- ms=119.0 U=3135,3133,-2,2,1 R=1091,1090,-1,0,-1 F=674,673,-1,3,-8 D=3501,3501,0,2,-2 L=1250,2271,-3,1,0 B=1235,1236,1,0,-16
mv L code=0 aligned=1 homed=- ms=119.0 U=3135,3133,-2,2,1 R=1091,1090,-1,0,-1 F=674,674,0,3,-7 D=3501,3501,0,2,-2 L=2271,1251,4,0,0 B=1236,1235,-1,0,-17
mv L code=0 aligned=1 homed=- ms=119.0 U=3135,3133,-2,2,1 R=1091,1090,-1,0,-1 F=674,673,-1,3,-8 D=3501,3501,0,2,-2 L=1250,208,-18,3,0 B=1236,1236,0,0,-16
mv L' code=0 aligned=1 homed=- ms=119.0 U=3135,3133,-2,2,1 R=1091,1091,0,0,0 F=674,673,-1,3,-8 D=3501,3501,0,2,-2 L=208,1250,18,0,-1 B=1235,1236,1,0,-16
mv L' code=0 aligned=1 homed=- ms=119.0 U=3135,3133,-2,2,1 R=1091,1090,-1,0,-1 F=674,673,-1,3,-8 D=3501,3501,0,2,-2 L=1249,2271,-2,1,0 B=1236,1236,0,0,-16
mv L code=0 aligned=1 homed=- ms=119.0 U=3135,3133,-2,2,1 R=1091,1091,0,0,0 F=674,673,-1,3,-8 D=3501,3501,0,2,-2 L=2271,1250,3,0,-1 B=1236,1236,0,0,-16
mv L code=0 aligned=1 homed=- ms=119.0 U=3135,3133,-2,2,1 R=1091,1090,-1,0,-1 F=674,674,0,3,-7 D=3501,3501,0,2,-2 L=1250,208,-18,3,0 B=1235,1236,1,0,-16
mv L' code=0 aligned=1 homed=- ms=119.0 U=3135,3133,-2,2,1 R=1091,1090,-1,0,-1 F=674,674,0,3,-7 D=3501,3501,0,2,-2 L=208,1250,18,0,-1 B=1235,1236,1,0,-16
mv L' code=0 aligned=1 homed=- ms=119.0 U=3135,3133,-2,2,1 R=1091,1091,0,0,0 F=674,673,-1,3,-8 D=3501,3501,0,2,-2 L=1249,2271,-2,1,0 B=1236,1236,0,0,-16
mv L code=0 aligned=1 homed=- ms=119.0 U=3135,3133,-2,2,1 R=1091,1090,-1,0,-1 F=674,674,0,3,-7 D=3501,3501,0,2,-2 L=2271,1251,4,0,0 B=1235,1236,1,0,-16
mv L code=0 aligned=1 homed=- ms=119.0 U=3136,3133,-3,2,1 R=1091,1090,-1,0,-1 F=674,673,-1,3,-8 D=3501,3501,0,2,-2 L=1250,208,-18,3,0 B=1235,1236,1,0,-16
mv L' code=0 aligned=1 homed=- ms=119.0 U=3135,3133,-2,2,1 R=1091,1090,-1,0,-1 F=674,673,-1,3,-8 D=3501,3501,0,2,-2 L=208,1250,18,0,-1 B=1235,1236,1,0,-16
mv L' code=0 aligned=1 homed=- ms=119.0 U=3135,3133,-2,2,1 R=1091,1090,-1,0,-1 F=674,673,-1,3,-8 D=3501,3501,0,2,-2 L=1249,2271,-2,1,0 B=1235,1236,1,0,-16
mv L code=0 aligned=1 homed=- ms=119.0 U=3135,3133,-2,2,1 R=1091,1090,-1,0,-1 F=674,674,0,3,-7 D=3501,3501,0,2,-2 L=2270,1251,5,0,0 B=1235,1235,0,0,-17
mv L code=0 aligned=1 homed=- ms=119.0 U=3135,3133,-2,2,1 R=1091,1090,-1,0,-1 F=674,674,0,3,-7 D=3501,3501,0,2,-2 L=1250,209,-17,3,1 B=1235,1236,1,0,-16
mv L' code=0 aligned=1 homed=- ms=119.0 U=3136,3133,-3,2,1 R=1091,1090,-1,0,-1 F=674,673,-1,3,-8 D=3501,3501,0,2,-2 L=208,1250,18,0,-1 B=1236,1235,-1,0,-17
mv L' code=0 aligned=1 homed=- ms=119.0 U=3135,3133,-2,2,1 R=1091,1090,-1,0,-1 F=674,673,-1,3,-8 D=3501,3501,0,2,-2 L=1249,2271,-2,1,0 B=1235,1236,1,0,-16
mv L code=0 aligned=1 homed=- ms=119.0 U=3135,3133,-2,2,1 R=1091,1091,0,0,0 F=674,674,0,3,-7 D=3501,3501,0,2,-2 L=2271,1251,4,0,0 B=1235,1236,1,0,-16
mv L code=0 aligned=1 homed=- ms=119.0 U=3135,3133,-2,2,1 R=1091,1091,0,0,0 F=674,673,-1,3,-8 D=3501,3501,0,2,-2 L=1250,209,-17,3,1 B=1235,1236,1,0,-16
mv L' code=0 aligned=1 homed=- ms=119.0 U=3135,3133,-2,2,1 R=1091,1090,-1,0,-1 F=674,673,-1,3,-8 D=3501,3501,0,2,-2 L=208,1250,18,0,-1 B=1235,1236,1,0,-16
mv L' code=0 aligned=1 homed=- ms=119.0 U=3135,3133,-2,2,1 R=1091,1090,-1,0,-1 F=674,673,-1,3,-8 D=3501,3501,0,2,-2 L=1249,2271,-2,1,0 B=1236,1236,0,0,-16
mv L code=0 aligned=1 homed=- ms=119.0 U=3135,3133,-2,2,1 R=1091,1090,-1,0,-1 F=674,673,-1,3,-8 D=3501,3501,0,2,-2 L=2271,1251,4,0,0 B=1236,1236,0,0,-16
mv L code=0 aligned=1 homed=- ms=119.0 U=3135,3133,-2,2,1 R=1091,1090,-1,0,-1 F=674,674,0,3,-7 D=3501,3501,0,2,-2 L=1250,208,-18,3,0 B=1235,1236,1,0,-16
mv L' code=0 aligned=1 homed=- ms=119.0 U=3135,3133,-2,2,1 R=1091,1090,-1,0,-1 F=674,673,-1,3,-8 D=3501,3501,0,2,-2 L=208,1250,18,0,-1 B=1236,1236,0,0,-16
mv L' code=0 aligned=1 homed=- ms=119.0 U=3135,3133,-2,2,1 R=1091,1090,-1,0,-1 F=674,673,-1,3,-8 D=3501,3501,0,2,-2 L=1250,2271,-3,1,0 B=1235,1235,0,0,-17
mv L code=0 aligned=1 homed=- ms=119.0 U=3135,3133,-2,2,1 R=1091,1090,-1,0,-1 F=674,674,0,3,-7 D=3501,3501,0,2,-2 L=2271,1251,4,0,0 B=1235,1235,0,0,-17
mv L code=0 aligned=1 homed=- ms=119.0 U=3135,3133,-2,2,1 R=1091,1090,-1,0,-1 F=674,674,0,3,-7 D=3501,3501,0,2,-2 L=1250,209,-17,3,1 B=1235,1236,1,0,-16
mv L' code=0 aligned=1 homed=- ms=119.0 U=3135,3133,-2,2,1 R=1091,1091,0,0,0 F=674,673,-1,3,-8 D=3501,3501,0,2,-2 L=208,1250,18,0,-1 B=1236,1236,0,0,-16
mv L' code=0 aligned=1 homed=- ms=119.0 U=3135,3133,-2,2,1 R=1091,1091,0,0,0 F=674,673,-1,3,-8 D=3501,3501,0,2,-2 L=1249,2271,-2,1,0 B=1235,1236,1,0,-16
mv L code=0 aligned=1 homed=- ms=119.0 U=3135,3133,-2,2,1 R=1091,1090,-1,0,-1 F=674,673,-1,3,-8 D=3501,3501,0,2,-2 L=2271,1251,4,0,0 B=1235,1236,1,0,-16
mv L code=0 aligned=1 homed=- ms=119.0 U=3135,3133,-2,2,1 R=1091,1090,-1,0,-1 F=674,673,-1,3,-8 D=3501,3501,0,2,-2 L=1250,209,-17,3,1 B=1236,1236,0,0,-16
mv L' code=0 aligned=1 homed=- ms=119.0 U=3135,3133,-2,2,1 R=1091,1090,-1,0,-1 F=674,673,-1,3,-8 D=3501,3501,0,2,-2 L=208,1250,18,0,-1 B=1235,1236,1,0,-16
mv L' code=0 aligned=1 homed=- ms=119.0 U=3135,3133,-2,2,1 R=1091,1090,-1,0,-1 F=674,673,-1,3,-8 D=3501,3501,0,2,-2 L=1250,2271,-3,1,0 B=1235,1236,1,0,-16
mv L code=0 aligned=1 homed=- ms=119.0 U=3135,3133,-2,2,1 R=1091,1091,0,0,0 F=674,673,-1,3,-8 D=3501,3501,0,2,-2 L=2271,1251,4,0,0 B=1236,1235,-1,0,-17
mv L code=0 aligned=1 homed=- ms=119.0 U=3136,3133,-3,2,1 R=1091,1090,-1,0,-1 F=674,674,0,3,-7 D=3501,3501,0,2,-2 L=1250,209,-17,3,1 B=1236,1236,0,0,-16
mv L' code=0 aligned=1 homed=- ms=119.0 U=3135,3133,-2,2,1 R=1091,1090,-1,0,-1 F=674,673,-1,3,-8 D=3501,3501,0,2,-2 L=208,1250,18,0,-1 B=1235,1236,1,0,-16
mv L' code=0 aligned=1 homed=- ms=119.0 U=3135,3133,-2,2,1 R=1091,1090,-1,0,-1 F=674,673,-1,3,-8 D=3501,3501,0,2,-2 L=1249,2271,-2,1,0 B=1235,1236,1,0,-16
mv L code=0 aligned=1 homed=- ms=119.0 U=3135,3133,-2,2,1 R=1091,1090,-1,0,-1 F=674,673,-1,3,-8 D=3501,3501,0,2,-2 L=2271,1251,4,0,0 B=1236,1236,0,0,-16
mv L code=0 aligned=1 homed=- ms=119.0 U=3135,3133,-2,2,1 R=1091,1090,-1,0,-1 F=674,673,-1,3,-8 D=3501,3501,0,2,-2 L=1250,208,-18,3,0 B=1235,1235,0,0,-17
mv L' code=0 aligned=1 homed=- ms=119.0 U=3135,3133,-2,2,1 R=1091,1090,-1,0,-1 F=674,673,-1,3,-8 D=3501,3501,0,2,-2 L=208,1249,17,0,-2 B=1236,1236,0,0,-16
mv L' code=0 aligned=1 homed=- ms=119.0 U=3136,3133,-3,2,1 R=1091,1090,-1,0,-1 F=674,673,-1,3,-8 D=3501,3501,0,2,-2 L=1249,2271,-2,1,0 B=1235,1236,1,0,-16
mv L code=0 aligned=1 homed=- ms=119.0 U=3135,3133,-2,2,1 R=1091,1090,-1,0,-1 F=674,673,-1,3,-8 D=3501,3501,0,2,-2 L=2270,1251,5,0,0 B=1235,1236,1,0,-16
mv L code=0 aligned=1 homed=- ms=119.0 U=3135,3133,-2,2,1 R=1091,1090,-1,0,-1 F=674,674,0,3,-7 D=3501,3501,0,2,-2 L=1250,209,-17,3,1 B=1236,1236,0,0,-16
mv L' code=0 aligned=1 homed=- ms=119.0 U=3135,3133,-2,2,1 R=1091,1090,-1,0,-1 F=674,673,-1,3,-8 D=3501,3501,0,2,-2 L=208,1250,18,0,-1 B=1235,1236,1,0,-16
mv L' code=0 aligned=1 homed=- ms=119.0 U=3135,3133,-2,2,1 R=1091,1090,-1,0,-1 F=674,673,-1,3,-8 D=3501,3501,0,2,-2 L=1250,2271,-3,1,0 B=1236,1236,0,0,-16
mv L code=0 aligned=1 homed=- ms=119.0 U=3135,3133,-2,2,1 R=1091,1091,0,0,0 F=674,673,-1,3,-8 D=3501,3501,0,2,-2 L=2271,1251,4,0,0 B=1236,1236,0,0,-16
mv L code=0 aligned=1 homed=- ms=119.0 U=3135,3134,-1,2,2 R=1091,1090,-1,0,-1 F=674,673,-1,3,-8 D=3501,3501,0,2,-2 L=1250,208,-18,3,0 B=1235,1236,1,0,-16
mv L' code=0 aligned=1 homed=- ms=119.0 U=3135,3133,-2,2,1 R=1091,1090,-1,0,-1 F=674,673,-1,3,-8 D=3501,3501,0,2,-2 L=208,1250,18,0,-1 B=1236,1236,0,0,-16
mv L' code=0 aligned=1 homed=- ms=119.0 U=3135,3133,-2,2,1 R=1091,1090,-1,0,-1 F=674,673,-1,3,-8 D=3501,3501,0,2,-2 L=1249,2272,-1,1,1 B=1236,1236,0,0,-16
mv L code=0 aligned=1 homed=- ms=119.0 U=3135,3133,-2,2,1 R=1091,1090,-1,0,-1 F=674,673,-1,3,-8 D=3501,3501,0,2,-2 L=2271,1251,4,0,0 B=1236,1236,0,0,-16
mv L code=0 aligned=1 homed=- ms=119.0 U=3135,3133,-2,2,1 R=1091,1091,0,0,0 F=674,674,0,3,-7 D=3501,3501,0,2,-2 L=1250,208,-18,3,0 B=1235,1235,0,0,-17
mv L' code=0 aligned=1 homed=- ms=119.0 U=3135,3133,-2,2,1 R=1091,1090,-1,0,-1 F=674,673,-1,3,-8 D=3501,3501,0,2,-2 L=208,1250,18,0,-1 B=1235,1236,1,0,-16
mv L' code=0 aligned=1 homed=- ms=119.0 U=3135,3133,-2,2,1 R=1091,1090,-1,0,-1 F=674,674,0,3,-7 D=3501,3501,0,2,-2 L=1249,2271,-2,1,0 B=1235,1235,0,0,-17
mv L code=0 aligned=1 homed=- ms=119.0 U=3135,3133,-2,2,1 R=1091,1090,-1,0,-1 F=674,674,0,3,-7 D=3501,3501,0,2,-2 L=2271,1251,4,0,0 B=1235,1236,1,0,-16
mv L code=0 aligned=1 homed=- ms=119.0 U=3135,3133,-2,2,1 R=1091,1091,0,0,0 F=674,673,-1,3,-8 D=3501,3501,0,2,-2 L=1250,209,-17,3,1 B=1235,1235,0,0,-17
mv L' code=0 aligned=1 homed=- ms=119.0 U=3136,3133,-3,2,1 R=1091,1090,-1,0,-1 F=674,673,-1,3,-8 D=3501,3501,0,2,-2 L=208,1250,18,0,-1 B=1235,1236,1,0,-16
mv L' code=0 aligned=1 homed=- ms=119.0 U=3136,3133,-3,2,1 R=1091,1090,-1,0,-1 F=674,673,-1,3,-8 D=3501,3501,0,2,-2 L=1249,2271,-2,1,0 B=1236,1235,-1,0,-17
mv L code=0 aligned=1 homed=- ms=119.0 U=3135,3133,-2,2,1 R=1091,1090,-1,0,-1 F=674,673,-1,3,-8 D=3501,3501,0,2,-2 L=2271,1250,3,0,-1 B=1235,1236,1,0,-16
mv L code=0 aligned=1 homed=- ms=119.0 U=3135,3133,-2,2,1 R=1091,1090,-1,0,-1 F=674,673,-1,3,-8 D=3501,3501,0,2,-2 L=1250,208,-18,3,0 B=1235,1236,1,0,-16
mv L' code=0 aligned=1 homed=- ms=119.0 U=3136,3133,-3,2,1 R=1091,1091,0,0,0 F=674,674,0,3,-7 D=3501,3501,0,2,-2 L=208,1250,18,0,-1 B=1236,1236,0,0,-16
mv L' code=0 aligned=1 homed=- ms=119.0 U=3135,3133,-2,2,1 R=1091,1091,0,0,0 F=674,673,-1,3,-8 D=3501,3501,0,2,-2 L=1249,2271,-2,1,0 B=1236,1236,0,0,-16
mv L code=0 aligned=1 homed=- ms=119.0 U=3135,3133,-2,2,1 R=1091,1090,-1,0,-1 F=674,673,-1,3,-8 D=3501,3501,0,2,-2 L=2271,1251,4,0,0 B=1235,1236,1,0,-16
mv L code=0 aligned=1 homed=- ms=119.0 U=3135,3133,-2,2,1 R=1091,1090,-1,0,-1 F=674,674,0,3,-7 D=3501,3501,0,2,-2 L=1250,208,-18,3,0 B=1236,1236,0,0,-16
mv L' code=0 aligned=1 homed=- ms=119.0 U=3135,3133,-2,2,1 R=1091,1090,-1,0,-1 F=674,673,-1,3,-8 D=3501,3501,0,2,-2 L=208,1250,18,0,-1 B=1235,1236,1,0,-16
mv L' code=0 aligned=1 homed=- ms=119.0 U=3135,3133,-2,2,1 R=1091,1090,-1,0,-1 F=674,673,-1,3,-8 D=3501,3501,0,2,-2 L=1250,2271,-3,1,0 B=1236,1235,-1,0,-17
mv L code=0 aligned=1 homed=- ms=119.0 U=3135,3133,-2,2,1 R=1091,1090,-1,0,-1 F=674,673,-1,3,-8 D=3501,3501,0,2,-2 L=2271,1251,4,0,0 B=1235,1236,1,0,-16
mv L code=0 aligned=1 homed=- ms=119.0 U=3135,3133,-2,2,1 R=1091,1090,-1,0,-1 F=674,674,0,3,-7 D=3501,3501,0,2,-2 L=1250,208,-18,3,0 B=1235,1236,1,0,-16
mv L' code=0 aligned=1 homed=- ms=119.0 U=3135,3133,-2,2,1 R=1091,1090,-1,0,-1 F=674,674,0,3,-7 D=3501,3501,0,2,-2 L=208,1250,18,0,-1 B=1235,1236,1,0,-16
mv L' code=0 aligned=1 homed=- ms=119.0 U=3135,3133,-2,2,1 R=1091,1090,-1,0,-1 F=674,674,0,3,-7 D=3501,3501,0,2,-2 L=1249,2271,-2,1,0 B=1236,1235,-1,0,-17
mv L code=0 aligned=1 homed=- ms=119.0 U=3135,3133,-2,2,1 R=1091,1090,-1,0,-1 F=674,673,-1,3,-8 D=3501,3501,0,2,-2 L=2271,1251,4,0,0 B=1235,1236,1,0,-16
mv L code=0 aligned=1 homed=- ms=119.0 U=3135,3133,-2,2,1 R=1091,1091,0,0,0 F=674,673,-1,3,-8 D=3501,3501,0,2,-2 L=1250,208,-18,3,0 B=1235,1236,1,0,-16
mv L' code=0 aligned=1 homed=- ms=119.0 U=3135,3133,-2,2,1 R=1091,1090,-1,0,-1 F=674,673,-1,3,-8 D=3501,3501,0,2,-2 L=208,1250,18,0,-1 B=1235,1236,1,0,-16
mv L' code=0 aligned=1 homed=- ms=119.0 U=3135,3133,-2,2,1 R=1091,1090,-1,0,-1 F=674,673,-1,3,-8 D=3501,3501,0,2,-2 L=1249,2271,-2,1,0 B=1235,1235,0,0,-17
mv L code=0 aligned=1 homed=- ms=119.0 U=3135,3133,-2,2,1 R=1091,1090,-1,0,-1 F=674,673,-1,3,-8 D=3501,3501,0,2,-2 L=2271,1251,4,0,0 B=1235,1236,1,0,-16
mv L code=0 aligned=1 homed=- ms=119.0 U=3135,3133,-2,2,1 R=1091,1090,-1,0,-1 F=674,674,0,3,-7 D=3501,3501,0,2,-2 L=1250,209,-17,3,1 B=1236,1236,0,0,-16
mv L' code=0 aligned=1 homed=- ms=119.0 U=3135,3133,-2,2,1 R=1091,1091,0,0,0 F=674,673,-1,3,-8 D=3501,3501,0,2,-2 L=208,1250,18,0,-1 B=1235,1236,1,0,-16
mv L' code=0 aligned=1 homed=- ms=119.0 U=3135,3133,-2,2,1 R=1091,1090,-1,0,-1 F=674,673,-1,3,-8 D=3501,3501,0,2,-2 L=1249,2271,-2,1,0 B=1235,1236,1,0,-16
mv L code=0 aligned=1 homed=- ms=119.0 U=3135,3133,-2,2,1 R=1091,1090,-1,0,-1 F=674,673,-1,3,-8 D=3501,3501,0,2,-2 L=2271,1251,4,0,0 B=1235,1236,1,0,-16
mv L code=0 aligned=1 homed=- ms=119.0 U=3135,3133,-2,2,1 R=1091,1090,-1,0,-1 F=674,673,-1,3,-8 D=3501,3501,0,2,-2 L=1250,208,-18,3,0 B=1236,1235,-1,0,-17
mv L' code=0 aligned=1 homed=- ms=119.0 U=3135,3133,-2,2,1 R=1091,1090,-1,0,-1 F=674,673,-1,3,-8 D=3501,3501,0,2,-2 L=208,1249,17,0,-2 B=1235,1236,1,0,-16
mv L' code=0 aligned=1 homed=- ms=119.0 U=3135,3133,-2,2,1 R=1091,1090,-1,0,-1 F=674,673,-1,3,-8 D=3501,3501,0,2,-2 L=1249,2271,-2,1,0 B=1236,1235,-1,0,-17
mv L code=0 aligned=1 homed=- ms=119.0 U=3135,3133,-2,2,1 R=1091,1090,-1,0,-1 F=674,674,0,3,-7 D=3501,3501,0,2,-2 L=2271,1251,4,0,0 B=1235,1236,1,0,-16
mv L code=0 aligned=1 homed=- ms=119.0 U=3135,3133,-2,2,1 R=1091,1090,-1,0,-1 F=674,674,0,3,-7 D=3501,3501,0,2,-2 L=1250,209,-17,3,1 B=1235,1236,1,0,-16
mv L' code=0 aligned=1 homed=- ms=119.0 U=3135,3133,-2,2,1 R=1091,1090,-1,0,-1 F=674,673,-1,3,-8 D=3501,3501,0,2,-2 L=208,1250,18,0,-1 B=1235,1236,1,0,-16
mv L' code=0 aligned=1 homed=- ms=119.0 U=3135,3133,-2,2,1 R=1091,1091,0,0,0 F=674,673,-1,3,-8 D=3501,3501,0,2,-2 L=1249,2271,-2,1,0 B=1235,1236,1,0,-16
mv L code=0 aligned=1 homed=- ms=119.0 U=3135,3133,-2,2,1 R=1091,1090,-1,0,-1 F=674,674,0,3,-7 D=3501,3501,0,2,-2 L=2271,1251,4,0,0 B=1235,1235,0,0,-17
rep moves=300 notaligned=0 homings=0 failures=0 avgms=119.0
res U=- R=- F=- D=- L=300,0.6,12.6,18 B=-
ok
> health
health U=1,1,0/128/687 R=1,1,0/128/1627 F=1,1,0/128/1793 D=1,1,0/128/1579 L=1,1,0/128/683 B=1,1,0/128/1295 RING=1,1,0/128/1611
ok
> home
[align] motor 0 err=3 counts (0.3 steps)
[align] motor 1 err=0 counts (0.0 steps)
[align] motor 2 err=-7 counts (-0.7 steps)
[align] motor 3 err=-1 counts (-0.1 steps)
[align] motor 4 err=-4 counts (-0.4 steps)
[align] motor 5 err=-18 counts (-1.8 steps)
home code=0 ms=6 en=0
enc U=3133 R=1090 F=673 D=3501 L=1251 B=1236 RING=2768
near U=2:1 R=0:-1 F=3:-8 D=2:-2 L=0:0 B=0:-16
ok
> enc
enc U=3135 R=1091 F=674 D=3501 L=1250 B=1235 RING=2768
near U=2:3 R=0:0 F=3:-7 D=2:-2 L=0:-1 B=0:-17
ok
> health
health U=1,1,0/128/687 R=1,1,0/128/1627 F=1,1,0/128/1792 D=1,1,0/128/1580 L=1,1,0/128/682 B=1,1,0/128/1296 RING=1,1,0/128/1612
ok
> rep 100 B B'
mv B code=0 aligned=1 homed=- ms=119.0 U=3135,3133,-2,2,1 R=1091,1090,-1,0,-1 F=674,674,0,3,-7 D=3501,3501,0,2,-2 L=1250,1250,0,0,-1 B=1236,214,2,3,-19
mv B' code=0 aligned=1 homed=- ms=119.0 U=3135,3133,-2,2,1 R=1091,1090,-1,0,-1 F=674,673,-1,3,-8 D=3501,3501,0,2,-2 L=1250,1250,0,0,-1 B=215,1231,-8,0,-21
mv B code=0 aligned=1 homed=- ms=119.0 U=3135,3133,-2,2,1 R=1091,1090,-1,0,-1 F=674,673,-1,3,-8 D=3501,3501,0,2,-2 L=1249,1250,1,0,-1 B=1233,214,5,3,-19
mv B' code=0 aligned=1 homed=- ms=119.0 U=3135,3133,-2,2,1 R=1091,1091,0,0,0 F=674,673,-1,3,-8 D=3501,3501,0,2,-2 L=1249,1250,1,0,-1 B=215,1231,-8,0,-21
mv B code=0 aligned=1 homed=- ms=119.0 U=3135,3133,-2,2,1 R=1091,1090,-1,0,-1 F=674,673,-1,3,-8 D=3501,3501,0,2,-2 L=1250,1250,0,0,-1 B=1233,214,5,3,-19
mv B' code=0 aligned=1 homed=- ms=119.0 U=3135,3133,-2,2,1 R=1091,1090,-1,0,-1 F=674,673,-1,3,-8 D=3501,3501,0,2,-2 L=1250,1250,0,0,-1 B=216,1231,-9,0,-21
mv B code=0 aligned=1 homed=- ms=119.0 U=3135,3133,-2,2,1 R=1091,1090,-1,0,-1 F=674,674,0,3,-7 D=3501,3501,0,2,-2 L=1249,1250,1,0,-1 B=1233,214,5,3,-19
mv B' code=0 aligned=1 homed=- ms=119.0 U=3135,3133,-2,2,1 R=1091,1090,-1,0,-1 F=674,673,-1,3,-8 D=3501,3501,0,2,-2 L=1249,1250,1,0,-1 B=215,1231,-8,0,-21
mv B code=0 aligned=1 homed=- ms=119.0 U=3135,3133,-2,2,1 R=1091,1090,-1,0,-1 F=674,674,0,3,-7 D=3501,3501,0,2,-2 L=1249,1250,1,0,-1 B=1233,214,5,3,-19
mv B' code=0 aligned=1 homed=- ms=119.0 U=3135,3133,-2,2,1 R=1091,1090,-1,0,-1 F=674,673,-1,3,-8 D=3501,3501,0,2,-2 L=1249,1250,1,0,-1 B=215,1232,-7,0,-20
mv B code=0 aligned=1 homed=- ms=119.0 U=3135,3133,-2,2,1 R=1091,1090,-1,0,-1 F=674,674,0,3,-7 D=3501,3501,0,2,-2 L=1250,1250,0,0,-1 B=1233,214,5,3,-19
mv B' code=0 aligned=1 homed=- ms=119.0 U=3135,3133,-2,2,1 R=1091,1090,-1,0,-1 F=674,673,-1,3,-8 D=3501,3501,0,2,-2 L=1249,1250,1,0,-1 B=216,1231,-9,0,-21
mv B code=0 aligned=1 homed=- ms=119.0 U=3135,3133,-2,2,1 R=1091,1090,-1,0,-1 F=674,673,-1,3,-8 D=3501,3501,0,2,-2 L=1249,1250,1,0,-1 B=1233,214,5,3,-19
mv B' code=0 aligned=1 homed=- ms=119.0 U=3135,3133,-2,2,1 R=1091,1090,-1,0,-1 F=674,673,-1,3,-8 D=3501,3501,0,2,-2 L=1250,1250,0,0,-1 B=216,1231,-9,0,-21
mv B code=0 aligned=1 homed=- ms=119.0 U=3135,3133,-2,2,1 R=1091,1090,-1,0,-1 F=674,673,-1,3,-8 D=3501,3501,0,2,-2 L=1250,1250,0,0,-1 B=1233,214,5,3,-19
mv B' code=0 aligned=1 homed=- ms=119.0 U=3135,3133,-2,2,1 R=1091,1090,-1,0,-1 F=674,673,-1,3,-8 D=3501,3501,0,2,-2 L=1250,1250,0,0,-1 B=215,1231,-8,0,-21
mv B code=0 aligned=1 homed=- ms=119.0 U=3135,3133,-2,2,1 R=1091,1091,0,0,0 F=674,673,-1,3,-8 D=3501,3501,0,2,-2 L=1249,1250,1,0,-1 B=1233,214,5,3,-19
mv B' code=0 aligned=1 homed=- ms=119.0 U=3136,3133,-3,2,1 R=1091,1091,0,0,0 F=674,674,0,3,-7 D=3501,3501,0,2,-2 L=1250,1250,0,0,-1 B=215,1231,-8,0,-21
mv B code=0 aligned=1 homed=- ms=119.0 U=3135,3133,-2,2,1 R=1091,1090,-1,0,-1 F=674,673,-1,3,-8 D=3501,3501,0,2,-2 L=1249,1250,1,0,-1 B=1233,215,6,3,-18
mv B' code=0 aligned=1 homed=- ms=119.0 U=3135,3133,-2,2,1 R=1091,1090,-1,0,-1 F=674,673,-1,3,-8 D=3501,3501,0,2,-2 L=1250,1250,0,0,-1 B=216,1231,-9,0,-21
mv B code=0 aligned=1 homed=- ms=119.0 U=3135,3133,-2,2,1 R=1091,1090,-1,0,-1 F=674,673,-1,3,-8 D=3501,3501,0,2,-2 L=1250,1250,0,0,-1 B=1233,214,5,3,-19
mv B' code=0 aligned=1 homed=- ms=119.0 U=3135,3133,-2,2,1 R=1091,1090,-1,0,-1 F=674,673,-1,3,-8 D=3501,3501,0,2,-2 L=1249,1250,1,0,-1 B=216,1231,-9,0,-21
mv B code=0 aligned=1 homed=- ms=119.0 U=3135,3133,-2,2,1 R=1091,1090,-1,0,-1 F=674,673,-1,3,-8 D=3501,3501,0,2,-2 L=1249,1250,1,0,-1 B=1233,214,5,3,-19
mv B' code=0 aligned=1 homed=- ms=119.0 U=3135,3133,-2,2,1 R=1091,1090,-1,0,-1 F=674,673,-1,3,-8 D=3501,3501,0,2,-2 L=1250,1250,0,0,-1 B=215,1231,-8,0,-21
mv B code=0 aligned=1 homed=- ms=119.0 U=3135,3133,-2,2,1 R=1091,1090,-1,0,-1 F=674,673,-1,3,-8 D=3501,3501,0,2,-2 L=1249,1250,1,0,-1 B=1233,214,5,3,-19
mv B' code=0 aligned=1 homed=- ms=119.0 U=3135,3133,-2,2,1 R=1091,1090,-1,0,-1 F=674,673,-1,3,-8 D=3501,3501,0,2,-2 L=1249,1250,1,0,-1 B=215,1231,-8,0,-21
mv B code=0 aligned=1 homed=- ms=119.0 U=3135,3133,-2,2,1 R=1091,1091,0,0,0 F=674,673,-1,3,-8 D=3501,3501,0,2,-2 L=1250,1250,0,0,-1 B=1233,215,6,3,-18
mv B' code=0 aligned=1 homed=- ms=119.0 U=3135,3133,-2,2,1 R=1091,1091,0,0,0 F=674,673,-1,3,-8 D=3501,3501,0,2,-2 L=1250,1250,0,0,-1 B=215,1231,-8,0,-21
mv B code=0 aligned=1 homed=- ms=119.0 U=3136,3133,-3,2,1 R=1091,1090,-1,0,-1 F=674,673,-1,3,-8 D=3501,3501,0,2,-2 L=1249,1250,1,0,-1 B=1233,214,5,3,-19
mv B' code=0 aligned=1 homed=- ms=119.0 U=3135,3133,-2,2,1 R=1091,1090,-1,0,-1 F=674,674,0,3,-7 D=3501,3501,0,2,-2 L=1250,1250,0,0,-1 B=215,1231,-8,0,-21
mv B code=0 aligned=1 homed=- ms=119.0 U=3135,3133,-2,2,1 R=1091,1090,-1,0,-1 F=674,674,0,3,-7 D=3501,3501,0,2,-2 L=1249,1249,0,0,-2 B=1233,214,5,3,-19
mv B' code=0 aligned=1 homed=- ms=119.0 U=3135,3133,-2,2,1 R=1091,1090,-1,0,-1 F=674,673,-1,3,-8 D=3501,3501,0,2,-2 L=1249,1250,1,0,-1 B=215,1231,-8,0,-21
mv B code=0 aligned=1 homed=- ms=119.0 U=3136,3133,-3,2,1 R=1091,1090,-1,0,-1 F=674,673,-1,3,-8 D=3501,3501,0,2,-2 L=1250,1250,0,0,-1 B=1233,214,5,3,-19
mv B' code=0 aligned=1 homed=- ms=119.0 U=3135,3133,-2,2,1 R=1091,1090,-1,0,-1 F=674,673,-1,3,-8 D=3501,3501,0,2,-2 L=1249,1249,0,0,-2 B=216,1231,-9,0,-21
mv B code=0 aligned=1 homed=- ms=119.0 U=3135,3133,-2,2,1 R=1091,1091,0,0,0 F=674,673,-1,3,-8 D=3501,3501,0,2,-2 L=1249,1250,1,0,-1 B=1233,215,6,3,-18
mv B' code=0 aligned=1 homed=- ms=119.0 U=3135,3133,-2,2,1 R=1091,1090,-1,0,-1 F=674,673,-1,3,-8 D=3501,3501,0,2,-2 L=1250,1250,0,0,-1 B=215,1231,-8,0,-21
mv B code=0 aligned=1 homed=- ms=119.0 U=3135,3133,-2,2,1 R=1091,1091,0,0,0 F=674,673,-1,3,-8 D=3501,3501,0,2,-2 L=1250,1250,0,0,-1 B=1233,215,6,3,-18
mv B' code=0 aligned=1 homed=- ms=119.0 U=3135,3133,-2,2,1 R=1091,1090,-1,0,-1 F=674,673,-1,3,-8 D=3501,3501,0,2,-2 L=1249,1250,1,0,-1 B=215,1231,-8,0,-21
mv B code=0 aligned=1 homed=- ms=119.0 U=3135,3133,-2,2,1 R=1091,1090,-1,0,-1 F=674,673,-1,3,-8 D=3501,3501,0,2,-2 L=1250,1250,0,0,-1 B=1233,214,5,3,-19
mv B' code=0 aligned=1 homed=- ms=119.0 U=3135,3133,-2,2,1 R=1091,1090,-1,0,-1 F=674,673,-1,3,-8 D=3501,3501,0,2,-2 L=1249,1250,1,0,-1 B=216,1231,-9,0,-21
mv B code=0 aligned=1 homed=- ms=119.0 U=3135,3133,-2,2,1 R=1091,1090,-1,0,-1 F=674,674,0,3,-7 D=3501,3501,0,2,-2 L=1249,1250,1,0,-1 B=1233,215,6,3,-18
mv B' code=0 aligned=1 homed=- ms=119.0 U=3135,3133,-2,2,1 R=1091,1090,-1,0,-1 F=674,674,0,3,-7 D=3501,3501,0,2,-2 L=1249,1250,1,0,-1 B=215,1231,-8,0,-21
mv B code=0 aligned=1 homed=- ms=119.0 U=3135,3133,-2,2,1 R=1091,1091,0,0,0 F=674,673,-1,3,-8 D=3501,3501,0,2,-2 L=1249,1250,1,0,-1 B=1233,214,5,3,-19
mv B' code=0 aligned=1 homed=- ms=119.0 U=3135,3133,-2,2,1 R=1091,1090,-1,0,-1 F=674,673,-1,3,-8 D=3501,3501,0,2,-2 L=1249,1250,1,0,-1 B=215,1231,-8,0,-21
mv B code=0 aligned=1 homed=- ms=119.0 U=3135,3133,-2,2,1 R=1091,1090,-1,0,-1 F=674,673,-1,3,-8 D=3501,3501,0,2,-2 L=1250,1250,0,0,-1 B=1233,215,6,3,-18
mv B' code=0 aligned=1 homed=- ms=119.0 U=3135,3133,-2,2,1 R=1091,1090,-1,0,-1 F=674,674,0,3,-7 D=3501,3501,0,2,-2 L=1249,1250,1,0,-1 B=216,1231,-9,0,-21
mv B code=0 aligned=1 homed=- ms=119.0 U=3135,3133,-2,2,1 R=1091,1090,-1,0,-1 F=674,673,-1,3,-8 D=3501,3501,0,2,-2 L=1249,1250,1,0,-1 B=1233,215,6,3,-18
mv B' code=0 aligned=1 homed=- ms=119.0 U=3135,3133,-2,2,1 R=1091,1090,-1,0,-1 F=674,674,0,3,-7 D=3501,3501,0,2,-2 L=1249,1250,1,0,-1 B=216,1231,-9,0,-21
mv B code=0 aligned=1 homed=- ms=119.0 U=3135,3133,-2,2,1 R=1091,1090,-1,0,-1 F=674,673,-1,3,-8 D=3501,3501,0,2,-2 L=1250,1250,0,0,-1 B=1233,214,5,3,-19
mv B' code=0 aligned=1 homed=- ms=119.0 U=3135,3133,-2,2,1 R=1091,1090,-1,0,-1 F=674,673,-1,3,-8 D=3501,3501,0,2,-2 L=1250,1250,0,0,-1 B=215,1231,-8,0,-21
mv B code=0 aligned=1 homed=- ms=119.0 U=3135,3133,-2,2,1 R=1091,1090,-1,0,-1 F=674,673,-1,3,-8 D=3501,3501,0,2,-2 L=1250,1250,0,0,-1 B=1233,215,6,3,-18
mv B' code=0 aligned=1 homed=- ms=119.0 U=3135,3133,-2,2,1 R=1091,1090,-1,0,-1 F=674,673,-1,3,-8 D=3501,3501,0,2,-2 L=1250,1250,0,0,-1 B=215,1231,-8,0,-21
mv B code=0 aligned=1 homed=- ms=119.0 U=3135,3133,-2,2,1 R=1091,1090,-1,0,-1 F=674,673,-1,3,-8 D=3501,3501,0,2,-2 L=1250,1250,0,0,-1 B=1233,214,5,3,-19
mv B' code=0 aligned=1 homed=- ms=119.0 U=3135,3133,-2,2,1 R=1091,1090,-1,0,-1 F=674,673,-1,3,-8 D=3501,3501,0,2,-2 L=1250,1250,0,0,-1 B=215,1231,-8,0,-21
mv B code=0 aligned=1 homed=- ms=119.0 U=3135,3133,-2,2,1 R=1091,1090,-1,0,-1 F=674,673,-1,3,-8 D=3501,3501,0,2,-2 L=1250,1250,0,0,-1 B=1233,214,5,3,-19
mv B' code=0 aligned=1 homed=- ms=119.0 U=3135,3133,-2,2,1 R=1091,1090,-1,0,-1 F=674,673,-1,3,-8 D=3501,3501,0,2,-2 L=1249,1250,1,0,-1 B=215,1231,-8,0,-21
mv B code=0 aligned=1 homed=- ms=119.0 U=3135,3133,-2,2,1 R=1091,1090,-1,0,-1 F=674,673,-1,3,-8 D=3501,3501,0,2,-2 L=1249,1250,1,0,-1 B=1233,215,6,3,-18
mv B' code=0 aligned=1 homed=- ms=119.0 U=3135,3133,-2,2,1 R=1091,1090,-1,0,-1 F=674,674,0,3,-7 D=3501,3501,0,2,-2 L=1250,1250,0,0,-1 B=215,1231,-8,0,-21
mv B code=0 aligned=1 homed=- ms=119.0 U=3136,3134,-2,2,2 R=1091,1091,0,0,0 F=674,673,-1,3,-8 D=3501,3501,0,2,-2 L=1249,1250,1,0,-1 B=1233,215,6,3,-18
mv B' code=0 aligned=1 homed=- ms=119.0 U=3135,3133,-2,2,1 R=1091,1090,-1,0,-1 F=674,673,-1,3,-8 D=3501,3501,0,2,-2 L=1250,1250,0,0,-1 B=215,1231,-8,0,-21
mv B code=0 aligned=1 homed=- ms=119.0 U=3135,3133,-2,2,1 R=1091,1090,-1,0,-1 F=674,673,-1,3,-8 D=3501,3501,0,2,-2 L=1249,1250,1,0,-1 B=1233,214,5,3,-19
mv B' code=0 aligned=1 homed=- ms=119.0 U=3135,3133,-2,2,1 R=1091,1090,-1,0,-1 F=674,673,-1,3,-8 D=3501,3501,0,2,-2 L=1250,1250,0,0,-1 B=216,1231,-9,0,-21
mv B code=0 aligned=1 homed=- ms=119.0 U=3135,3133,-2,2,1 R=1091,1090,-1,0,-1 F=674,673,-1,3,-8 D=3501,3501,0,2,-2 L=1250,1250,0,0,-1 B=1233,215,6,3,-18
mv B' code=0 aligned=1 homed=- ms=119.0 U=3135,3133,-2,2,1 R=1091,1090,-1,0,-1 F=674,673,-1,3,-8 D=3501,3501,0,2,-2 L=1250,1250,0,0,-1 B=215,1231,-8,0,-21
mv B code=0 aligned=1 homed=- ms=119.0 U=3135,3132,-3,2,0 R=1091,1090,-1,0,-1 F=674,673,-1,3,-8 D=3501,3501,0,2,-2 L=1250,1250,0,0,-1 B=1233,214,5,3,-19
mv B' code=0 aligned=1 homed=- ms=119.0 U=3135,3133,-2,2,1 R=1091,1090,-1,0,-1 F=674,674,0,3,-7 D=3501,3501,0,2,-2 L=1249,1250,1,0,-1 B=215,1231,-8,0,-21
mv B code=0 aligned=1 homed=- ms=119.0 U=3135,3133,-2,2,1 R=1091,1090,-1,0,-1 F=674,673,-1,3,-8 D=3501,3501,0,2,-2 L=1250,1250,0,0,-1 B=1233,214,5,3,-19
mv B' code=0 aligned=1 homed=- ms=119.0 U=3135,3133,-2,2,1 R=1091,1090,-1,0,-1 F=674,673,-1,3,-8 D=3501,3501,0,2,-2 L=1249,1250,1,0,-1 B=215,1231,-8,0,-21
mv B code=0 aligned=1 homed=- ms=119.0 U=3135,3133,-2,2,1 R=1091,1090,-1,0,-1 F=674,673,-1,3,-8 D=3501,3501,0,2,-2 L=1249,1250,1,0,-1 B=1233,214,5,3,-19
mv B' code=0 aligned=1 homed=- ms=119.0 U=3135,3133,-2,2,1 R=1091,1090,-1,0,-1 F=674,673,-1,3,-8 D=3501,3501,0,2,-2 L=1249,1249,0,0,-2 B=216,1231,-9,0,-21
mv B code=0 aligned=1 homed=- ms=119.0 U=3135,3133,-2,2,1 R=1091,1090,-1,0,-1 F=674,673,-1,3,-8 D=3501,3501,0,2,-2 L=1249,1250,1,0,-1 B=1233,215,6,3,-18
mv B' code=0 aligned=1 homed=- ms=119.0 U=3135,3133,-2,2,1 R=1091,1091,0,0,0 F=674,674,0,3,-7 D=3501,3501,0,2,-2 L=1249,1250,1,0,-1 B=215,1231,-8,0,-21
mv B code=0 aligned=1 homed=- ms=119.0 U=3135,3133,-2,2,1 R=1091,1090,-1,0,-1 F=674,673,-1,3,-8 D=3501,3501,0,2,-2 L=1249,1250,1,0,-1 B=1233,214,5,3,-19
mv B' code=0 aligned=1 homed=- ms=119.0 U=3135,3133,-2,2,1 R=1091,1090,-1,0,-1 F=674,673,-1,3,-8 D=3501,3501,0,2,-2 L=1249,1250,1,0,-1 B=215,1232,-7,0,-20
mv B code=0 aligned=1 homed=- ms=119.0 U=3135,3133,-2,2,1 R=1091,1090,-1,0,-1 F=674,674,0,3,-7 D=3501,3501,0,2,-2 L=1250,1250,0,0,-1 B=1233,215,6,3,-18
mv B' code=0 aligned=1 homed=- ms=119.0 U=3136,3133,-3,2,1 R=1091,1091,0,0,0 F=674,673,-1,3,-8 D=3501,3501,0,2,-2 L=1249,1250,1,0,-1 B=215,1231,-8,0,-21
mv B code=0 aligned=1 homed=- ms=119.0 U=3135,3133,-2,2,1 R=1091,1090,-1,0,-1 F=674,673,-1,3,-8 D=3501,3501,0,2,-2 L=1250,1250,0,0,-1 B=1233,214,5,3,-19
mv B' code=0 aligned=1 homed=- ms=119.0 U=3136,3133,-3,2,1 R=1091,1091,0,0,0 F=674,673,-1,3,-8 D=3501,3501,0,2,-2 L=1249,1250,1,0,-1 B=215,1232,-7,0,-20
mv B code=0 aligned=1 homed=- ms=119.0 U=3135,3133,-2,2,1 R=1091,1090,-1,0,-1 F=674,673,-1,3,-8 D=3501,3501,0,2,-2 L=1249,1250,1,0,-1 B=1233,215,6,3,-18
mv B' code=0 aligned=1 homed=- ms=119.0 U=3135,3133,-2,2,1 R=1091,1090,-1,0,-1 F=674,674,0,3,-7 D=3501,3501,0,2,-2 L=1250,1250,0,0,-1 B=216,1231,-9,0,-21
mv B code=0 aligned=1 homed=- ms=119.0 U=3135,3133,-2,2,1 R=1091,1090,-1,0,-1 F=674,673,-1,3,-8 D=3501,3501,0,2,-2 L=1249,1250,1,0,-1 B=1233,215,6,3,-18
mv B' code=0 aligned=1 homed=- ms=119.0 U=3135,3133,-2,2,1 R=1091,1090,-1,0,-1 F=674,673,-1,3,-8 D=3501,3501,0,2,-2 L=1249,1249,0,0,-2 B=216,1231,-9,0,-21
mv B code=0 aligned=1 homed=- ms=119.0 U=3135,3133,-2,2,1 R=1091,1090,-1,0,-1 F=674,673,-1,3,-8 D=3501,3501,0,2,-2 L=1249,1250,1,0,-1 B=1233,215,6,3,-18
mv B' code=0 aligned=1 homed=- ms=119.0 U=3135,3133,-2,2,1 R=1091,1090,-1,0,-1 F=674,674,0,3,-7 D=3501,3501,0,2,-2 L=1250,1250,0,0,-1 B=216,1231,-9,0,-21
mv B code=0 aligned=1 homed=- ms=119.0 U=3135,3133,-2,2,1 R=1091,1090,-1,0,-1 F=674,673,-1,3,-8 D=3501,3501,0,2,-2 L=1249,1250,1,0,-1 B=1233,214,5,3,-19
mv B' code=0 aligned=1 homed=- ms=119.0 U=3135,3133,-2,2,1 R=1091,1090,-1,0,-1 F=674,674,0,3,-7 D=3501,3501,0,2,-2 L=1249,1250,1,0,-1 B=215,1231,-8,0,-21
mv B code=0 aligned=1 homed=- ms=119.0 U=3135,3133,-2,2,1 R=1091,1090,-1,0,-1 F=674,673,-1,3,-8 D=3501,3501,0,2,-2 L=1249,1250,1,0,-1 B=1233,214,5,3,-19
mv B' code=0 aligned=1 homed=- ms=119.0 U=3135,3133,-2,2,1 R=1091,1090,-1,0,-1 F=674,673,-1,3,-8 D=3501,3501,0,2,-2 L=1249,1250,1,0,-1 B=215,1231,-8,0,-21
mv B code=0 aligned=1 homed=- ms=119.0 U=3135,3133,-2,2,1 R=1091,1090,-1,0,-1 F=674,673,-1,3,-8 D=3501,3501,0,2,-2 L=1250,1250,0,0,-1 B=1233,214,5,3,-19
mv B' code=0 aligned=1 homed=- ms=119.0 U=3135,3133,-2,2,1 R=1091,1090,-1,0,-1 F=674,673,-1,3,-8 D=3501,3501,0,2,-2 L=1250,1250,0,0,-1 B=216,1231,-9,0,-21
mv B code=0 aligned=1 homed=- ms=119.0 U=3135,3133,-2,2,1 R=1091,1090,-1,0,-1 F=674,674,0,3,-7 D=3501,3501,0,2,-2 L=1250,1250,0,0,-1 B=1233,214,5,3,-19
mv B' code=0 aligned=1 homed=- ms=119.0 U=3135,3133,-2,2,1 R=1091,1090,-1,0,-1 F=674,673,-1,3,-8 D=3501,3501,0,2,-2 L=1249,1250,1,0,-1 B=216,1231,-9,0,-21
mv B code=0 aligned=1 homed=- ms=119.0 U=3135,3133,-2,2,1 R=1091,1090,-1,0,-1 F=674,673,-1,3,-8 D=3501,3501,0,2,-2 L=1249,1250,1,0,-1 B=1233,214,5,3,-19
mv B' code=0 aligned=1 homed=- ms=119.0 U=3135,3133,-2,2,1 R=1091,1090,-1,0,-1 F=674,673,-1,3,-8 D=3501,3501,0,2,-2 L=1249,1250,1,0,-1 B=215,1231,-8,0,-21
mv B code=0 aligned=1 homed=- ms=119.0 U=3135,3133,-2,2,1 R=1091,1090,-1,0,-1 F=674,673,-1,3,-8 D=3501,3501,0,2,-2 L=1249,1250,1,0,-1 B=1233,214,5,3,-19
mv B' code=0 aligned=1 homed=- ms=119.0 U=3135,3133,-2,2,1 R=1091,1090,-1,0,-1 F=674,673,-1,3,-8 D=3501,3501,0,2,-2 L=1249,1250,1,0,-1 B=216,1231,-9,0,-21
mv B code=0 aligned=1 homed=- ms=119.0 U=3135,3133,-2,2,1 R=1091,1090,-1,0,-1 F=674,673,-1,3,-8 D=3501,3501,0,2,-2 L=1249,1250,1,0,-1 B=1233,215,6,3,-18
mv B' code=0 aligned=1 homed=- ms=119.0 U=3135,3133,-2,2,1 R=1091,1090,-1,0,-1 F=674,673,-1,3,-8 D=3501,3501,0,2,-2 L=1250,1250,0,0,-1 B=216,1231,-9,0,-21
mv B code=0 aligned=1 homed=- ms=119.0 U=3135,3133,-2,2,1 R=1091,1090,-1,0,-1 F=674,674,0,3,-7 D=3501,3501,0,2,-2 L=1249,1249,0,0,-2 B=1233,214,5,3,-19
mv B' code=0 aligned=1 homed=- ms=119.0 U=3135,3133,-2,2,1 R=1091,1090,-1,0,-1 F=674,673,-1,3,-8 D=3501,3501,0,2,-2 L=1249,1250,1,0,-1 B=216,1231,-9,0,-21
mv B code=0 aligned=1 homed=- ms=119.0 U=3135,3133,-2,2,1 R=1091,1090,-1,0,-1 F=674,673,-1,3,-8 D=3501,3501,0,2,-2 L=1249,1250,1,0,-1 B=1233,215,6,3,-18
mv B' code=0 aligned=1 homed=- ms=119.0 U=3135,3133,-2,2,1 R=1091,1090,-1,0,-1 F=674,674,0,3,-7 D=3501,3501,0,2,-2 L=1249,1250,1,0,-1 B=216,1231,-9,0,-21
mv B code=0 aligned=1 homed=- ms=119.0 U=3135,3133,-2,2,1 R=1091,1090,-1,0,-1 F=674,673,-1,3,-8 D=3501,3501,0,2,-2 L=1250,1250,0,0,-1 B=1233,214,5,3,-19
mv B' code=0 aligned=1 homed=- ms=119.0 U=3135,3133,-2,2,1 R=1091,1090,-1,0,-1 F=674,673,-1,3,-8 D=3501,3501,0,2,-2 L=1250,1250,0,0,-1 B=215,1231,-8,0,-21
mv B code=0 aligned=1 homed=- ms=119.0 U=3135,3133,-2,2,1 R=1091,1090,-1,0,-1 F=674,673,-1,3,-8 D=3501,3501,0,2,-2 L=1250,1250,0,0,-1 B=1233,214,5,3,-19
mv B' code=0 aligned=1 homed=- ms=119.0 U=3135,3133,-2,2,1 R=1091,1090,-1,0,-1 F=674,673,-1,3,-8 D=3501,3501,0,2,-2 L=1250,1250,0,0,-1 B=216,1231,-9,0,-21
mv B code=0 aligned=1 homed=- ms=119.0 U=3135,3133,-2,2,1 R=1091,1090,-1,0,-1 F=674,673,-1,3,-8 D=3501,3501,0,2,-2 L=1250,1250,0,0,-1 B=1233,214,5,3,-19
mv B' code=0 aligned=1 homed=- ms=119.0 U=3135,3133,-2,2,1 R=1091,1090,-1,0,-1 F=674,673,-1,3,-8 D=3501,3501,0,2,-2 L=1249,1250,1,0,-1 B=215,1231,-8,0,-21
mv B code=0 aligned=1 homed=- ms=119.0 U=3135,3133,-2,2,1 R=1091,1090,-1,0,-1 F=674,673,-1,3,-8 D=3501,3501,0,2,-2 L=1249,1250,1,0,-1 B=1233,214,5,3,-19
mv B' code=0 aligned=1 homed=- ms=119.0 U=3135,3133,-2,2,1 R=1091,1090,-1,0,-1 F=674,673,-1,3,-8 D=3501,3501,0,2,-2 L=1250,1250,0,0,-1 B=216,1231,-9,0,-21
mv B code=0 aligned=1 homed=- ms=119.0 U=3135,3133,-2,2,1 R=1091,1090,-1,0,-1 F=674,673,-1,3,-8 D=3501,3501,0,2,-2 L=1249,1250,1,0,-1 B=1233,214,5,3,-19
mv B' code=0 aligned=1 homed=- ms=119.0 U=3135,3133,-2,2,1 R=1091,1091,0,0,0 F=674,673,-1,3,-8 D=3501,3501,0,2,-2 L=1250,1250,0,0,-1 B=216,1231,-9,0,-21
mv B code=0 aligned=1 homed=- ms=119.0 U=3135,3133,-2,2,1 R=1091,1090,-1,0,-1 F=674,673,-1,3,-8 D=3501,3501,0,2,-2 L=1250,1250,0,0,-1 B=1233,214,5,3,-19
mv B' code=0 aligned=1 homed=- ms=119.0 U=3135,3133,-2,2,1 R=1091,1090,-1,0,-1 F=674,673,-1,3,-8 D=3501,3501,0,2,-2 L=1249,1250,1,0,-1 B=216,1231,-9,0,-21
mv B code=0 aligned=1 homed=- ms=119.0 U=3135,3133,-2,2,1 R=1091,1091,0,0,0 F=674,673,-1,3,-8 D=3501,3501,0,2,-2 L=1250,1250,0,0,-1 B=1233,215,6,3,-18
mv B' code=0 aligned=1 homed=- ms=119.0 U=3135,3133,-2,2,1 R=1091,1090,-1,0,-1 F=674,673,-1,3,-8 D=3501,3501,0,2,-2 L=1249,1250,1,0,-1 B=215,1231,-8,0,-21
mv B code=0 aligned=1 homed=- ms=119.0 U=3135,3133,-2,2,1 R=1091,1090,-1,0,-1 F=674,673,-1,3,-8 D=3501,3501,0,2,-2 L=1250,1250,0,0,-1 B=1233,214,5,3,-19
mv B' code=0 aligned=1 homed=- ms=119.0 U=3135,3133,-2,2,1 R=1091,1091,0,0,0 F=674,673,-1,3,-8 D=3501,3501,0,2,-2 L=1249,1250,1,0,-1 B=216,1231,-9,0,-21
mv B code=0 aligned=1 homed=- ms=119.0 U=3135,3133,-2,2,1 R=1091,1090,-1,0,-1 F=674,673,-1,3,-8 D=3501,3501,0,2,-2 L=1249,1250,1,0,-1 B=1233,214,5,3,-19
mv B' code=0 aligned=1 homed=- ms=119.0 U=3135,3133,-2,2,1 R=1091,1090,-1,0,-1 F=674,673,-1,3,-8 D=3501,3501,0,2,-2 L=1249,1250,1,0,-1 B=215,1231,-8,0,-21
mv B code=0 aligned=1 homed=- ms=119.0 U=3135,3133,-2,2,1 R=1091,1090,-1,0,-1 F=674,673,-1,3,-8 D=3501,3501,0,2,-2 L=1250,1250,0,0,-1 B=1233,214,5,3,-19
mv B' code=0 aligned=1 homed=- ms=119.0 U=3136,3133,-3,2,1 R=1091,1091,0,0,0 F=674,673,-1,3,-8 D=3501,3501,0,2,-2 L=1250,1250,0,0,-1 B=215,1231,-8,0,-21
mv B code=0 aligned=1 homed=- ms=119.0 U=3135,3133,-2,2,1 R=1091,1090,-1,0,-1 F=674,673,-1,3,-8 D=3501,3501,0,2,-2 L=1250,1250,0,0,-1 B=1233,214,5,3,-19
mv B' code=0 aligned=1 homed=- ms=119.0 U=3135,3133,-2,2,1 R=1091,1090,-1,0,-1 F=674,673,-1,3,-8 D=3501,3501,0,2,-2 L=1250,1250,0,0,-1 B=215,1231,-8,0,-21
mv B code=0 aligned=1 homed=- ms=119.0 U=3135,3133,-2,2,1 R=1091,1091,0,0,0 F=674,674,0,3,-7 D=3501,3501,0,2,-2 L=1250,1250,0,0,-1 B=1233,215,6,3,-18
mv B' code=0 aligned=1 homed=- ms=119.0 U=3136,3133,-3,2,1 R=1091,1090,-1,0,-1 F=674,673,-1,3,-8 D=3501,3501,0,2,-2 L=1250,1250,0,0,-1 B=216,1231,-9,0,-21
mv B code=0 aligned=1 homed=- ms=119.0 U=3135,3133,-2,2,1 R=1091,1091,0,0,0 F=674,674,0,3,-7 D=3501,3501,0,2,-2 L=1250,1250,0,0,-1 B=1233,214,5,3,-19
mv B' code=0 aligned=1 homed=- ms=119.0 U=3135,3133,-2,2,1 R=1091,1090,-1,0,-1 F=674,674,0,3,-7 D=3501,3501,0,2,-2 L=1249,1250,1,0,-1 B=215,1231,-8,0,-21
mv B code=0 aligned=1 homed=- ms=119.0 U=3135,3133,-2,2,1 R=1091,1090,-1,0,-1 F=674,673,-1,3,-8 D=3501,3501,0,2,-2 L=1249,1250,1,0,-1 B=1233,215,6,3,-18
mv B' code=0 aligned=1 homed=- ms=119.0 U=3135,3133,-2,2,1 R=1091,1090,-1,0,-1 F=674,673,-1,3,-8 D=3501,3501,0,2,-2 L=1249,1250,1,0,-1 B=215,1232,-7,0,-20
mv B code=0 aligned=1 homed=- ms=119.0 U=3135,3133,-2,2,1 R=1091,1090,-1,0,-1 F=674,673,-1,3,-8 D=3501,3501,0,2,-2 L=1250,1250,0,0,-1 B=1233,215,6,3,-18
mv B' code=0 aligned=1 homed=- ms=119.0 U=3135,3133,-2,2,1 R=1091,1090,-1,0,-1 F=674,674,0,3,-7 D=3501,3501,0,2,-2 L=1250,1250,0,0,-1 B=216,1231,-9,0,-21
mv B code=0 aligned=1 homed=- ms=119.0 U=3135,3133,-2,2,1 R=1091,1090,-1,0,-1 F=674,673,-1,3,-8 D=3501,3501,0,2,-2 L=1250,1250,0,0,-1 B=1233,215,6,3,-18
mv B' code=0 aligned=1 homed=- ms=119.0 U=3135,3133,-2,2,1 R=1091,1090,-1,0,-1 F=674,673,-1,3,-8 D=3501,3501,0,2,-2 L=1250,1250,0,0,-1 B=215,1231,-8,0,-21
mv B code=0 aligned=1 homed=- ms=119.0 U=3135,3133,-2,2,1 R=1091,1090,-1,0,-1 F=674,673,-1,3,-8 D=3501,3501,0,2,-2 L=1249,1250,1,0,-1 B=1233,214,5,3,-19
mv B' code=0 aligned=1 homed=- ms=119.0 U=3135,3133,-2,2,1 R=1091,1090,-1,0,-1 F=674,674,0,3,-7 D=3501,3501,0,2,-2 L=1250,1250,0,0,-1 B=215,1231,-8,0,-21
mv B code=0 aligned=1 homed=- ms=119.0 U=3135,3133,-2,2,1 R=1091,1090,-1,0,-1 F=674,674,0,3,-7 D=3501,3501,0,2,-2 L=1249,1250,1,0,-1 B=1233,215,6,3,-18
mv B' code=0 aligned=1 homed=- ms=119.0 U=3135,3133,-2,2,1 R=1091,1090,-1,0,-1 F=674,673,-1,3,-8 D=3501,3501,0,2,-2 L=1249,1250,1,0,-1 B=215,1232,-7,0,-20
mv B code=0 aligned=1 homed=- ms=119.0 U=3135,3134,-1,2,2 R=1091,1090,-1,0,-1 F=674,674,0,3,-7 D=3501,3501,0,2,-2 L=1250,1250,0,0,-1 B=1233,215,6,3,-18
mv B' code=0 aligned=1 homed=- ms=119.0 U=3136,3133,-3,2,1 R=1091,1090,-1,0,-1 F=674,673,-1,3,-8 D=3501,3501,0,2,-2 L=1249,1250,1,0,-1 B=215,1231,-8,0,-21
mv B code=0 aligned=1 homed=- ms=119.0 U=3135,3133,-2,2,1 R=1091,1090,-1,0,-1 F=674,674,0,3,-7 D=3501,3501,0,2,-2 L=1250,1250,0,0,-1 B=1233,214,5,3,-19
mv B' code=0 aligned=1 homed=- ms=119.0 U=3135,3133,-2,2,1 R=1091,1090,-1,0,-1 F=674,673,-1,3,-8 D=3501,3501,0,2,-2 L=1250,1250,0,0,-1 B=215,1231,-8,0,-21
mv B code=0 aligned=1 homed=- ms=119.0 U=3135,3133,-2,2,1 R=1091,1090,-1,0,-1 F=674,673,-1,3,-8 D=3501,3501,0,2,-2 L=1250,1250,0,0,-1 B=1233,214,5,3,-19
mv B' code=0 aligned=1 homed=- ms=119.0 U=3135,3133,-2,2,1 R=1091,1091,0,0,0 F=674,673,-1,3,-8 D=3501,3501,0,2,-2 L=1249,1250,1,0,-1 B=215,1231,-8,0,-21
mv B code=0 aligned=1 homed=- ms=119.0 U=3135,3133,-2,2,1 R=1091,1090,-1,0,-1 F=674,673,-1,3,-8 D=3501,3501,0,2,-2 L=1250,1250,0,0,-1 B=1233,214,5,3,-19
mv B' code=0 aligned=1 homed=- ms=119.0 U=3135,3133,-2,2,1 R=1091,1090,-1,0,-1 F=674,674,0,3,-7 D=3501,3501,0,2,-2 L=1249,1250,1,0,-1 B=215,1231,-8,0,-21
mv B code=0 aligned=1 homed=- ms=119.0 U=3135,3133,-2,2,1 R=1091,1090,-1,0,-1 F=674,674,0,3,-7 D=3501,3501,0,2,-2 L=1249,1250,1,0,-1 B=1233,214,5,3,-19
mv B' code=0 aligned=1 homed=- ms=119.0 U=3136,3133,-3,2,1 R=1091,1091,0,0,0 F=674,673,-1,3,-8 D=3501,3501,0,2,-2 L=1250,1250,0,0,-1 B=215,1231,-8,0,-21
mv B code=0 aligned=1 homed=- ms=119.0 U=3135,3133,-2,2,1 R=1091,1091,0,0,0 F=674,673,-1,3,-8 D=3501,3501,0,2,-2 L=1249,1250,1,0,-1 B=1233,214,5,3,-19
mv B' code=0 aligned=1 homed=- ms=119.0 U=3135,3133,-2,2,1 R=1091,1090,-1,0,-1 F=674,674,0,3,-7 D=3501,3501,0,2,-2 L=1250,1249,-1,0,-2 B=215,1231,-8,0,-21
mv B code=0 aligned=1 homed=- ms=119.0 U=3135,3133,-2,2,1 R=1091,1091,0,0,0 F=674,673,-1,3,-8 D=3501,3501,0,2,-2 L=1249,1250,1,0,-1 B=1233,215,6,3,-18
mv B' code=0 aligned=1 homed=- ms=119.0 U=3135,3133,-2,2,1 R=1091,1090,-1,0,-1 F=674,673,-1,3,-8 D=3501,3501,0,2,-2 L=1250,1250,0,0,-1 B=215,1231,-8,0,-21
mv B code=0 aligned=1 homed=- ms=119.0 U=3135,3133,-2,2,1 R=1091,1090,-1,0,-1 F=674,673,-1,3,-8 D=3501,3501,0,2,-2 L=1249,1250,1,0,-1 B=1233,215,6,3,-18
mv B' code=0 aligned=1 homed=- ms=119.0 U=3135,3133,-2,2,1 R=1091,1090,-1,0,-1 F=674,674,0,3,-7 D=3501,3501,0,2,-2 L=1249,1250,1,0,-1 B=216,1231,-9,0,-21
mv B code=0 aligned=1 homed=- ms=119.0 U=3135,3133,-2,2,1 R=1091,1090,-1,0,-1 F=674,673,-1,3,-8 D=3501,3501,0,2,-2 L=1249,1250,1,0,-1 B=1233,214,5,3,-19
mv B' code=0 aligned=1 homed=- ms=119.0 U=3135,3133,-2,2,1 R=1091,1090,-1,0,-1 F=674,673,-1,3,-8 D=3501,3501,0,2,-2 L=1249,1250,1,0,-1 B=216,1231,-9,0,-21
mv B code=0 aligned=1 homed=- ms=119.0 U=3135,3133,-2,2,1 R=1091,1090,-1,0,-1 F=674,673,-1,3,-8 D=3501,3501,0,2,-2 L=1249,1250,1,0,-1 B=1233,215,6,3,-18
mv B' code=0 aligned=1 homed=- ms=119.0 U=3135,3133,-2,2,1 R=1091,1090,-1,0,-1 F=674,673,-1,3,-8 D=3501,3501,0,2,-2 L=1249,1250,1,0,-1 B=216,1231,-9,0,-21
mv B code=0 aligned=1 homed=- ms=119.0 U=3135,3133,-2,2,1 R=1091,1090,-1,0,-1 F=674,673,-1,3,-8 D=3501,3501,0,2,-2 L=1249,1250,1,0,-1 B=1233,214,5,3,-19
mv B' code=0 aligned=1 homed=- ms=119.0 U=3135,3133,-2,2,1 R=1091,1090,-1,0,-1 F=674,673,-1,3,-8 D=3501,3501,0,2,-2 L=1250,1250,0,0,-1 B=215,1231,-8,0,-21
mv B code=0 aligned=1 homed=- ms=119.0 U=3136,3133,-3,2,1 R=1091,1090,-1,0,-1 F=674,673,-1,3,-8 D=3501,3501,0,2,-2 L=1250,1250,0,0,-1 B=1233,214,5,3,-19
mv B' code=0 aligned=1 homed=- ms=119.0 U=3135,3133,-2,2,1 R=1091,1090,-1,0,-1 F=674,673,-1,3,-8 D=3501,3501,0,2,-2 L=1249,1250,1,0,-1 B=216,1231,-9,0,-21
mv B code=0 aligned=1 homed=- ms=119.0 U=3135,3133,-2,2,1 R=1091,1090,-1,0,-1 F=674,673,-1,3,-8 D=3501,3501,0,2,-2 L=1249,1250,1,0,-1 B=1233,214,5,3,-19
mv B' code=0 aligned=1 homed=- ms=119.0 U=3135,3133,-2,2,1 R=1091,1090,-1,0,-1 F=674,673,-1,3,-8 D=3501,3501,0,2,-2 L=1249,1250,1,0,-1 B=216,1231,-9,0,-21
mv B code=0 aligned=1 homed=- ms=119.0 U=3135,3133,-2,2,1 R=1091,1091,0,0,0 F=674,673,-1,3,-8 D=3501,3501,0,2,-2 L=1249,1250,1,0,-1 B=1233,214,5,3,-19
mv B' code=0 aligned=1 homed=- ms=119.0 U=3135,3133,-2,2,1 R=1091,1090,-1,0,-1 F=674,673,-1,3,-8 D=3501,3501,0,2,-2 L=1249,1250,1,0,-1 B=216,1231,-9,0,-21
mv B code=0 aligned=1 homed=- ms=119.0 U=3135,3133,-2,2,1 R=1091,1090,-1,0,-1 F=674,673,-1,3,-8 D=3501,3501,0,2,-2 L=1249,1250,1,0,-1 B=1233,215,6,3,-18
mv B' code=0 aligned=1 homed=- ms=119.0 U=3135,3133,-2,2,1 R=1091,1090,-1,0,-1 F=674,673,-1,3,-8 D=3501,3501,0,2,-2 L=1250,1250,0,0,-1 B=215,1231,-8,0,-21
mv B code=0 aligned=1 homed=- ms=119.0 U=3135,3133,-2,2,1 R=1091,1090,-1,0,-1 F=674,673,-1,3,-8 D=3501,3501,0,2,-2 L=1250,1250,0,0,-1 B=1233,214,5,3,-19
mv B' code=0 aligned=1 homed=- ms=119.0 U=3135,3133,-2,2,1 R=1091,1090,-1,0,-1 F=674,673,-1,3,-8 D=3501,3501,0,2,-2 L=1249,1250,1,0,-1 B=215,1231,-8,0,-21
mv B code=0 aligned=1 homed=- ms=119.0 U=3135,3133,-2,2,1 R=1091,1090,-1,0,-1 F=674,674,0,3,-7 D=3501,3501,0,2,-2 L=1249,1250,1,0,-1 B=1233,215,6,3,-18
mv B' code=0 aligned=1 homed=- ms=119.0 U=3135,3133,-2,2,1 R=1091,1091,0,0,0 F=674,673,-1,3,-8 D=3501,3501,0,2,-2 L=1249,1250,1,0,-1 B=215,1231,-8,0,-21
mv B code=0 aligned=1 homed=- ms=119.0 U=3135,3133,-2,2,1 R=1091,1090,-1,0,-1 F=674,673,-1,3,-8 D=3501,3501,0,2,-2 L=1250,1250,0,0,-1 B=1233,215,6,3,-18
mv B' code=0 aligned=1 homed=- ms=119.0 U=3135,3133,-2,2,1 R=1091,1090,-1,0,-1 F=674,673,-1,3,-8 D=3501,3501,0,2,-2 L=1250,1250,0,0,-1 B=216,1231,-9,0,-21
mv B code=0 aligned=1 homed=- ms=119.0 U=3135,3133,-2,2,1 R=1091,1090,-1,0,-1 F=674,673,-1,3,-8 D=3501,3501,0,2,-2 L=1249,1250,1,0,-1 B=1233,215,6,3,-18
mv B' code=0 aligned=1 homed=- ms=119.0 U=3135,3133,-2,2,1 R=1091,1090,-1,0,-1 F=674,673,-1,3,-8 D=3501,3501,0,2,-2 L=1250,1250,0,0,-1 B=215,1231,-8,0,-21
mv B code=0 aligned=1 homed=- ms=119.0 U=3135,3133,-2,2,1 R=1091,1090,-1,0,-1 F=674,673,-1,3,-8 D=3501,3501,0,2,-2 L=1249,1250,1,0,-1 B=1233,214,5,3,-19
mv B' code=0 aligned=1 homed=- ms=119.0 U=3135,3133,-2,2,1 R=1091,1090,-1,0,-1 F=674,673,-1,3,-8 D=3501,3501,0,2,-2 L=1250,1250,0,0,-1 B=216,1231,-9,0,-21
mv B code=0 aligned=1 homed=- ms=119.0 U=3135,3133,-2,2,1 R=1091,1090,-1,0,-1 F=674,673,-1,3,-8 D=3501,3501,0,2,-2 L=1249,1250,1,0,-1 B=1233,214,5,3,-19
mv B' code=0 aligned=1 homed=- ms=119.0 U=3135,3133,-2,2,1 R=1091,1090,-1,0,-1 F=674,673,-1,3,-8 D=3501,3501,0,2,-2 L=1250,1250,0,0,-1 B=215,1231,-8,0,-21
mv B code=0 aligned=1 homed=- ms=119.0 U=3135,3133,-2,2,1 R=1091,1091,0,0,0 F=674,673,-1,3,-8 D=3501,3501,0,2,-2 L=1249,1250,1,0,-1 B=1233,215,6,3,-18
mv B' code=0 aligned=1 homed=- ms=119.0 U=3136,3133,-3,2,1 R=1091,1090,-1,0,-1 F=674,674,0,3,-7 D=3501,3501,0,2,-2 L=1249,1250,1,0,-1 B=215,1232,-7,0,-20
mv B code=0 aligned=1 homed=- ms=119.0 U=3135,3133,-2,2,1 R=1091,1090,-1,0,-1 F=674,673,-1,3,-8 D=3501,3501,0,2,-2 L=1250,1250,0,0,-1 B=1233,214,5,3,-19
mv B' code=0 aligned=1 homed=- ms=119.0 U=3135,3133,-2,2,1 R=1091,1090,-1,0,-1 F=674,674,0,3,-7 D=3501,3501,0,2,-2 L=1250,1250,0,0,-1 B=216,1231,-9,0,-21
mv B code=0 aligned=1 homed=- ms=119.0 U=3135,3132,-3,2,0 R=1091,1090,-1,0,-1 F=674,673,-1,3,-8 D=3501,3501,0,2,-2 L=1249,1250,1,0,-1 B=1233,215,6,3,-18
mv B' code=0 aligned=1 homed=- ms=119.0 U=3135,3133,-2,2,1 R=1091,1090,-1,0,-1 F=674,673,-1,3,-8 D=3501,3501,0,2,-2 L=1249,1250,1,0,-1 B=215,1232,-7,0,-20
mv B code=0 aligned=1 homed=- ms=119.0 U=3135,3133,-2,2,1 R=1091,1090,-1,0,-1 F=674,673,-1,3,-8 D=3501,3501,0,2,-2 L=1249,1250,1,0,-1 B=1233,214,5,3,-19
mv B' code=0 aligned=1 homed=- ms=119.0 U=3135,3133,-2,2,1 R=1091,1090,-1,0,-1 F=674,673,-1,3,-8 D=3501,3501,0,2,-2 L=1250,1250,0,0,-1 B=216,1231,-9,0,-21
mv B code=0 aligned=1 homed=- ms=119.0 U=3135,3133,-2,2,1 R=1091,1090,-1,0,-1 F=674,674,0,3,-7 D=3501,3501,0,2,-2 L=1249,1250,1,0,-1 B=1233,214,5,3,-19
mv B' code=0 aligned=1 homed=- ms=119.0 U=3135,3133,-2,2,1 R=1091,1090,-1,0,-1 F=674,673,-1,3,-8 D=3501,3501,0,2,-2 L=1250,1250,0,0,-1 B=216,1231,-9,0,-21
mv B code=0 aligned=1 homed=- ms=119.0 U=3135,3133,-2,2,1 R=1091,1090,-1,0,-1 F=674,673,-1,3,-8 D=3501,3501,0,2,-2 L=1250,1250,0,0,-1 B=1233,215,6,3,-18
mv B' code=0 aligned=1 homed=- ms=119.0 U=3135,3133,-2,2,1 R=1091,1090,-1,0,-1 F=674,673,-1,3,-8 D=3501,3501,0,2,-2 L=1249,1250,1,0,-1 B=216,1231,-9,0,-21
mv B code=0 aligned=1 homed=- ms=119.0 U=3135,3133,-2,2,1 R=1091,1091,0,0,0 F=674,673,-1,3,-8 D=3501,3501,0,2,-2 L=1250,1250,0,0,-1 B=1233,214,5,3,-19
mv B' code=0 aligned=1 homed=- ms=119.0 U=3135,3133,-2,2,1 R=1091,1090,-1,0,-1 F=674,673,-1,3,-8 D=3501,3501,0,2,-2 L=1249,1250,1,0,-1 B=215,1231,-8,0,-21
mv B code=0 aligned=1 homed=- ms=119.0 U=3135,3133,-2,2,1 R=1091,1091,0,0,0 F=674,673,-1,3,-8 D=3501,3501,0,2,-2 L=1249,1250,1,0,-1 B=1233,214,5,3,-19
mv B' code=0 aligned=1 homed=- ms=119.0 U=3135,3133,-2,2,1 R=1091,1090,-1,0,-1 F=674,673,-1,3,-8 D=3501,3501,0,2,-2 L=1250,1250,0,0,-1 B=215,1231,-8,0,-21
mv B code=0 aligned=1 homed=- ms=119.0 U=3135,3133,-2,2,1 R=1091,1090,-1,0,-1 F=674,673,-1,3,-8 D=3501,3501,0,2,-2 L=1250,1250,0,0,-1 B=1233,215,6,3,-18
mv B' code=0 aligned=1 homed=- ms=119.0 U=3135,3133,-2,2,1 R=1091,1090,-1,0,-1 F=674,673,-1,3,-8 D=3501,3501,0,2,-2 L=1249,1250,1,0,-1 B=216,1231,-9,0,-21
mv B code=0 aligned=1 homed=- ms=119.0 U=3135,3133,-2,2,1 R=1091,1090,-1,0,-1 F=674,673,-1,3,-8 D=3501,3501,0,2,-2 L=1249,1250,1,0,-1 B=1233,215,6,3,-18
mv B' code=0 aligned=1 homed=- ms=119.0 U=3135,3133,-2,2,1 R=1091,1090,-1,0,-1 F=674,673,-1,3,-8 D=3501,3501,0,2,-2 L=1250,1250,0,0,-1 B=215,1231,-8,0,-21
rep moves=200 notaligned=0 homings=0 failures=0 avgms=119.0
res U=- R=- F=- D=- L=- B=200,-1.5,7.0,9
ok
> home
[align] motor 0 err=3 counts (0.3 steps)
[align] motor 1 err=0 counts (0.0 steps)
[align] motor 2 err=-7 counts (-0.7 steps)
[align] motor 3 err=-1 counts (-0.1 steps)
[align] motor 4 err=-3 counts (-0.3 steps)
[align] motor 5 err=-17 counts (-1.7 steps)
home code=0 ms=6 en=0
enc U=3134 R=1090 F=674 D=3501 L=1250 B=1231 RING=2768
near U=2:2 R=0:-1 F=3:-7 D=2:-2 L=0:-1 B=0:-21
ok
> enc
enc U=3135 R=1091 F=674 D=3501 L=1250 B=1232 RING=2768
near U=2:3 R=0:0 F=3:-7 D=2:-2 L=0:-1 B=0:-20
ok
> rep 50 B B B B
mv B code=0 aligned=1 homed=- ms=119.0 U=3135,3133,-2,2,1 R=1091,1090,-1,0,-1 F=674,673,-1,3,-8 D=3501,3501,0,2,-2 L=1249,1250,1,0,-1 B=1232,214,6,3,-19
mv B code=0 aligned=1 homed=- ms=119.0 U=3135,3133,-2,2,1 R=1091,1090,-1,0,-1 F=674,673,-1,3,-8 D=3501,3501,0,2,-2 L=1249,1250,1,0,-1 B=216,3285,-3,2,-17
mv B code=0 aligned=1 homed=- ms=119.0 U=3135,3133,-2,2,1 R=1091,1090,-1,0,-1 F=674,673,-1,3,-8 D=3501,3501,0,2,-2 L=1249,1250,1,0,-1 B=3285,2260,-1,1,-18
mv B code=0 aligned=1 homed=- ms=119.0 U=3135,3133,-2,2,1 R=1091,1090,-1,0,-1 F=674,673,-1,3,-8 D=3501,3501,0,2,-2 L=1249,1250,1,0,-1 B=2260,1233,-3,0,-19
mv B code=0 aligned=1 homed=- ms=119.0 U=3135,3133,-2,2,1 R=1091,1090,-1,0,-1 F=674,673,-1,3,-8 D=3501,3501,0,2,-2 L=1249,1250,1,0,-1 B=1234,215,5,3,-18
mv B code=0 aligned=1 homed=- ms=119.0 U=3135,3133,-2,2,1 R=1091,1090,-1,0,-1 F=674,673,-1,3,-8 D=3501,3501,0,2,-2 L=1250,1250,0,0,-1 B=216,3284,-4,2,-18
mv B code=0 aligned=1 homed=- ms=119.0 U=3135,3133,-2,2,1 R=1091,1090,-1,0,-1 F=674,673,-1,3,-8 D=3501,3501,0,2,-2 L=1249,1250,1,0,-1 B=3285,2260,-1,1,-18
mv B code=0 aligned=1 homed=- ms=119.0 U=3135,3133,-2,2,1 R=1091,1090,-1,0,-1 F=674,673,-1,3,-8 D=3501,3501,0,2,-2 L=1249,1250,1,0,-1 B=2260,1233,-3,0,-19
mv B code=0 aligned=1 homed=- ms=119.0 U=3135,3133,-2,2,1 R=1091,1090,-1,0,-1 F=674,673,-1,3,-8 D=3501,3501,0,2,-2 L=1250,1250,0,0,-1 B=1234,215,5,3,-18
mv B code=0 aligned=1 homed=- ms=119.0 U=3135,3133,-2,2,1 R=1091,1090,-1,0,-1 F=674,673,-1,3,-8 D=3501,3501,0,2,-2 L=1250,1250,0,0,-1 B=215,3284,-3,2,-18
mv B code=0 aligned=1 homed=- ms=119.0 U=3135,3133,-2,2,1 R=1091,1090,-1,0,-1 F=674,673,-1,3,-8 D=3501,3501,0,2,-2 L=1250,1250,0,0,-1 B=3285,2260,-1,1,-18
mv B code=0 aligned=1 homed=- ms=119.0 U=3135,3133,-2,2,1 R=1091,1090,-1,0,-1 F=674,673,-1,3,-8 D=3501,3501,0,2,-2 L=1249,1250,1,0,-1 B=2260,1233,-3,0,-19
mv B code=0 aligned=1 homed=- ms=119.0 U=3135,3133,-2,2,1 R=1091,1090,-1,0,-1 F=674,673,-1,3,-8 D=3501,3501,0,2,-2 L=1249,1250,1,0,-1 B=1234,215,5,3,-18
mv B code=0 aligned=1 homed=- ms=119.0 U=3136,3133,-3,2,1 R=1091,1090,-1,0,-1 F=674,673,-1,3,-8 D=3501,3501,0,2,-2 L=1250,1250,0,0,-1 B=216,3284,-4,2,-18
mv B code=0 aligned=1 homed=- ms=119.0 U=3135,3133,-2,2,1 R=1091,1090,-1,0,-1 F=674,673,-1,3,-8 D=3501,3501,0,2,-2 L=1249,1250,1,0,-1 B=3285,2260,-1,1,-18
mv B code=0 aligned=1 homed=- ms=119.0 U=3135,3133,-2,2,1 R=1091,1090,-1,0,-1 F=674,674,0,3,-7 D=3501,3501,0,2,-2 L=1250,1250,0,0,-1 B=2261,1233,-4,0,-19
mv B code=0 aligned=1 homed=- ms=119.0 U=3136,3133,-3,2,1 R=1091,1090,-1,0,-1 F=674,673,-1,3,-8 D=3501,3501,0,2,-2 L=1249,1250,1,0,-1 B=1233,215,6,3,-18
mv B code=0 aligned=1 homed=- ms=119.0 U=3135,3133,-2,2,1 R=1091,1090,-1,0,-1 F=674,673,-1,3,-8 D=3501,3501,0,2,-2 L=1249,1250,1,0,-1 B=216,3285,-3,2,-17
mv B code=0 aligned=1 homed=- ms=119.0 U=3135,3133,-2,2,1 R=1091,1090,-1,0,-1 F=674,673,-1,3,-8 D=3501,3501,0,2,-2 L=1249,1250,1,0,-1 B=3285,2260,-1,1,-18
mv B code=0 aligned=1 homed=- ms=119.0 U=3135,3133,-2,2,1 R=1091,1091,0,0,0 F=674,673,-1,3,-8 D=3501,3501,0,2,-2 L=1249,1250,1,0,-1 B=2260,1233,-3,0,-19
mv B code=0 aligned=1 homed=- ms=119.0 U=3136,3133,-3,2,1 R=1091,1090,-1,0,-1 F=674,674,0,3,-7 D=3501,3501,0,2,-2 L=1249,1250,1,0,-1 B=1233,215,6,3,-18
mv B code=0 aligned=1 homed=- ms=119.0 U=3135,3133,-2,2,1 R=1091,1090,-1,0,-1 F=674,673,-1,3,-8 D=3501,3501,0,2,-2 L=1249,1250,1,0,-1 B=216,3284,-4,2,-18
mv B code=0 aligned=1 homed=- ms=119.0 U=3136,3133,-3,2,1 R=1091,1090,-1,0,-1 F=674,673,-1,3,-8 D=3501,3501,0,2,-2 L=1249,1250,1,0,-1 B=3285,2260,-1,1,-18
mv B code=0 aligned=1 homed=- ms=119.0 U=3135,3133,-2,2,1 R=1091,1090,-1,0,-1 F=674,673,-1,3,-8 D=3501,3501,0,2,-2 L=1249,1250,1,0,-1 B=2260,1233,-3,0,-19
mv B code=0 aligned=1 homed=- ms=119.0 U=3136,3133,-3,2,1 R=1091,1090,-1,0,-1 F=674,673,-1,3,-8 D=3501,3501,0,2,-2 L=1250,1250,0,0,-1 B=1234,215,5,3,-18
mv B code=0 aligned=1 homed=- ms=119.0 U=3136,3133,-3,2,1 R=1091,1090,-1,0,-1 F=674,673,-1,3,-8 D=3501,3501,0,2,-2 L=1250,1250,0,0,-1 B=216,3284,-4,2,-18
mv B code=0 aligned=1 homed=- ms=119.0 U=3135,3133,-2,2,1 R=1091,1090,-1,0,-1 F=674,673,-1,3,-8 D=3501,3501,0,2,-2 L=1249,1250,1,0,-1 B=3285,2260,-1,1,-18
mv B code=0 aligned=1 homed=- ms=119.0 U=3135,3133,-2,2,1 R=1091,1090,-1,0,-1 F=674,673,-1,3,-8 D=3501,3501,0,2,-2 L=1250,1250,0,0,-1 B=2261,1233,-4,0,-19
mv B code=0 aligned=1 homed=- ms=119.0 U=3135,3133,-2,2,1 R=1091,1090,-1,0,-1 F=674,673,-1,3,-8 D=3501,3501,0,2,-2 L=1250,1250,0,0,-1 B=1234,215,5,3,-18
mv B code=0 aligned=1 homed=- ms=119.0 U=3136,3133,-3,2,1 R=1091,1090,-1,0,-1 F=674,673,-1,3,-8 D=3501,3501,0,2,-2 L=1249,1250,1,0,-1 B=216,3284,-4,2,-18
mv B code=0 aligned=1 homed=- ms=119.0 U=3135,3133,-2,2,1 R=1091,1090,-1,0,-1 F=674,673,-1,3,-8 D=3501,3501,0,2,-2 L=1250,1250,0,0,-1 B=3285,2260,-1,1,-18
mv B code=0 aligned=1 homed=- ms=119.0 U=3135,3133,-2,2,1 R=1091,1090,-1,0,-1 F=674,673,-1,3,-8 D=3501,3501,0,2,-2 L=1249,1250,1,0,-1 B=2260,1233,-3,0,-19
mv B code=0 aligned=1 homed=- ms=119.0 U=3135,3133,-2,2,1 R=1091,1090,-1,0,-1 F=674,673,-1,3,-8 D=3501,3501,0,2,-2 L=1250,1250,0,0,-1 B=1234,215,5,3,-18
mv B code=0 aligned=1 homed=- ms=119.0 U=3135,3133,-2,2,1 R=1091,1090,-1,0,-1 F=674,673,-1,3,-8 D=3501,3501,0,2,-2 L=1249,1250,1,0,-1 B=216,3284,-4,2,-18
mv B code=0 aligned=1 homed=- ms=119.0 U=3135,3133,-2,2,1 R=1091,1090,-1,0,-1 F=674,673,-1,3,-8 D=3501,3501,0,2,-2 L=1250,1250,0,0,-1 B=3285,2260,-1,1,-18
mv B code=0 aligned=1 homed=- ms=119.0 U=3135,3133,-2,2,1 R=1091,1090,-1,0,-1 F=674,673,-1,3,-8 D=3501,3501,0,2,-2 L=1250,1250,0,0,-1 B=2260,1233,-3,0,-19
mv B code=0 aligned=1 homed=- ms=119.0 U=3136,3133,-3,2,1 R=1091,1090,-1,0,-1 F=674,673,-1,3,-8 D=3501,3501,0,2,-2 L=1249,1250,1,0,-1 B=1233,215,6,3,-18
mv B code=0 aligned=1 homed=- ms=119.0 U=3135,3133,-2,2,1 R=1091,1091,0,0,0 F=674,673,-1,3,-8 D=3501,3501,0,2,-2 L=1249,1250,1,0,-1 B=216,3285,-3,2,-17
mv B code=0 aligned=1 homed=- ms=119.0 U=3135,3133,-2,2,1 R=1091,1090,-1,0,-1 F=674,673,-1,3,-8 D=3501,3501,0,2,-2 L=1249,1250,1,0,-1 B=3285,2260,-1,1,-18
mv B code=0 aligned=1 homed=- ms=119.0 U=3135,3133,-2,2,1 R=1091,1091,0,0,0 F=674,673,-1,3,-8 D=3501,3501,0,2,-2 L=1250,1250,0,0,-1 B=2261,1233,-4,0,-19
mv B code=0 aligned=1 homed=- ms=119.0 U=3135,3133,-2,2,1 R=1091,1091,0,0,0 F=674,673,-1,3,-8 D=3501,3501,0,2,-2 L=1250,1250,0,0,-1 B=1234,214,4,3,-19
mv B code=0 aligned=1 homed=- ms=119.0 U=3135,3133,-2,2,1 R=1091,1091,0,0,0 F=674,673,-1,3,-8 D=3501,3501,0,2,-2 L=1250,1250,0,0,-1 B=216,3284,-4,2,-18
mv B code=0 aligned=1 homed=- ms=119.0 U=3135,3133,-2,2,1 R=1091,1090,-1,0,-1 F=674,673,-1,3,-8 D=3501,3501,0,2,-2 L=1249,1250,1,0,-1 B=3285,2260,-1,1,-18
mv B code=0 aligned=1 homed=- ms=119.0 U=3135,3133,-2,2,1 R=1091,1090,-1,0,-1 F=674,673,-1,3,-8 D=3501,3501,0,2,-2 L=1249,1250,1,0,-1 B=2261,1233,-4,0,-19
mv B code=0 aligned=1 homed=- ms=119.0 U=3135,3133,-2,2,1 R=1091,1090,-1,0,-1 F=674,673,-1,3,-8 D=3501,3501,0,2,-2 L=1250,1250,0,0,-1 B=1234,215,5,3,-18
mv B code=0 aligned=1 homed=- ms=119.0 U=3135,3133,-2,2,1 R=1091,1090,-1,0,-1 F=674,674,0,3,-7 D=3501,3501,0,2,-2 L=1250,1250,0,0,-1 B=215,3284,-3,2,-18
mv B code=0 aligned=1 homed=- ms=119.0 U=3135,3133,-2,2,1 R=1091,1090,-1,0,-1 F=674,674,0,3,-7 D=3501,3501,0,2,-2 L=1249,1250,1,0,-1 B=3285,2260,-1,1,-18
mv B code=0 aligned=1 homed=- ms=119.0 U=3136,3133,-3,2,1 R=1091,1090,-1,0,-1 F=674,673,-1,3,-8 D=3501,3501,0,2,-2 L=1249,1250,1,0,-1 B=2261,1233,-4,0,-19
mv B code=0 aligned=1 homed=- ms=119.0 U=3135,3133,-2,2,1 R=1091,1090,-1,0,-1 F=674,673,-1,3,-8 D=3501,3501,0,2,-2 L=1249,1250,1,0,-1 B=1233,215,6,3,-18
mv B code=0 aligned=1 homed=- ms=119.0 U=3135,3133,-2,2,1 R=1091,1091,0,0,0 F=674,673,-1,3,-8 D=3501,3501,0,2,-2 L=1250,1250,0,0,-1 B=216,3284,-4,2,-18
mv B code=0 aligned=1 homed=- ms=119.0 U=3135,3133,-2,2,1 R=1091,1090,-1,0,-1 F=674,673,-1,3,-8 D=3501,3501,0,2,-2 L=1250,1250,0,0,-1 B=3285,2260,-1,1,-18
mv B code=0 aligned=1 homed=- ms=119.0 U=3135,3133,-2,2,1 R=1091,1090,-1,0,-1 F=674,673,-1,3,-8 D=3501,3501,0,2,-2 L=1250,1250,0,0,-1 B=2261,1233,-4,0,-19
mv B code=0 aligned=1 homed=- ms=119.0 U=3135,3133,-2,2,1 R=1091,1090,-1,0,-1 F=674,673,-1,3,-8 D=3501,3501,0,2,-2 L=1249,1250,1,0,-1 B=1233,215,6,3,-18
mv B code=0 aligned=1 homed=- ms=119.0 U=3135,3133,-2,2,1 R=1091,1090,-1,0,-1 F=674,673,-1,3,-8 D=3501,3501,0,2,-2 L=1250,1250,0,0,-1 B=216,3284,-4,2,-18
mv B code=0 aligned=1 homed=- ms=119.0 U=3135,3133,-2,2,1 R=1091,1090,-1,0,-1 F=674,673,-1,3,-8 D=3501,3501,0,2,-2 L=1250,1250,0,0,-1 B=3285,2260,-1,1,-18
mv B code=0 aligned=1 homed=- ms=119.0 U=3135,3133,-2,2,1 R=1091,1090,-1,0,-1 F=674,674,0,3,-7 D=3501,3501,0,2,-2 L=1250,1250,0,0,-1 B=2261,1233,-4,0,-19
mv B code=0 aligned=1 homed=- ms=119.0 U=3135,3133,-2,2,1 R=1091,1090,-1,0,-1 F=674,673,-1,3,-8 D=3501,3501,0,2,-2 L=1250,1250,0,0,-1 B=1234,215,5,3,-18
mv B code=0 aligned=1 homed=- ms=119.0 U=3135,3133,-2,2,1 R=1091,1090,-1,0,-1 F=674,673,-1,3,-8 D=3501,3501,0,2,-2 L=1249,1250,1,0,-1 B=215,3284,-3,2,-18
mv B code=0 aligned=1 homed=- ms=119.0 U=3135,3133,-2,2,1 R=1091,1090,-1,0,-1 F=674,673,-1,3,-8 D=3501,3501,0,2,-2 L=1249,1250,1,0,-1 B=3285,2260,-1,1,-18
mv B code=0 aligned=1 homed=- ms=119.0 U=3135,3133,-2,2,1 R=1091,1091,0,0,0 F=674,673,-1,3,-8 D=3501,3501,0,2,-2 L=1249,1250,1,0,-1 B=2261,1233,-4,0,-19
mv B code=0 aligned=1 homed=- ms=119.0 U=3135,3133,-2,2,1 R=1091,1090,-1,0,-1 F=674,673,-1,3,-8 D=3501,3501,0,2,-2 L=1250,1250,0,0,-1 B=1234,215,5,3,-18
mv B code=0 aligned=1 homed=- ms=119.0 U=3135,3133,-2,2,1 R=1091,1091,0,0,0 F=674,673,-1,3,-8 D=3501,3501,0,2,-2 L=1250,1250,0,0,-1 B=216,3284,-4,2,-18
mv B code=0 aligned=1 homed=- ms=119.0 U=3135,3133,-2,2,1 R=1091,1090,-1,0,-1 F=674,673,-1,3,-8 D=3501,3501,0,2,-2 L=1250,1250,0,0,-1 B=3285,2260,-1,1,-18
mv B code=0 aligned=1 homed=- ms=119.0 U=3135,3133,-2,2,1 R=1091,1091,0,0,0 F=674,673,-1,3,-8 D=3501,3501,0,2,-2 L=1249,1250,1,0,-1 B=2261,1233,-4,0,-19
mv B code=0 aligned=1 homed=- ms=119.0 U=3135,3133,-2,2,1 R=1091,1090,-1,0,-1 F=674,673,-1,3,-8 D=3501,3501,0,2,-2 L=1249,1250,1,0,-1 B=1233,215,6,3,-18
mv B code=0 aligned=1 homed=- ms=119.0 U=3135,3133,-2,2,1 R=1091,1090,-1,0,-1 F=674,673,-1,3,-8 D=3501,3501,0,2,-2 L=1249,1250,1,0,-1 B=216,3284,-4,2,-18
mv B code=0 aligned=1 homed=- ms=119.0 U=3135,3133,-2,2,1 R=1091,1090,-1,0,-1 F=674,673,-1,3,-8 D=3501,3501,0,2,-2 L=1250,1250,0,0,-1 B=3285,2260,-1,1,-18
mv B code=0 aligned=1 homed=- ms=119.0 U=3135,3133,-2,2,1 R=1091,1090,-1,0,-1 F=674,673,-1,3,-8 D=3501,3501,0,2,-2 L=1249,1250,1,0,-1 B=2261,1233,-4,0,-19
mv B code=0 aligned=1 homed=- ms=119.0 U=3136,3133,-3,2,1 R=1091,1090,-1,0,-1 F=674,674,0,3,-7 D=3501,3501,0,2,-2 L=1249,1250,1,0,-1 B=1234,215,5,3,-18
mv B code=0 aligned=1 homed=- ms=119.0 U=3135,3133,-2,2,1 R=1091,1090,-1,0,-1 F=674,673,-1,3,-8 D=3501,3501,0,2,-2 L=1249,1250,1,0,-1 B=216,3284,-4,2,-18
mv B code=0 aligned=1 homed=- ms=119.0 U=3135,3133,-2,2,1 R=1091,1091,0,0,0 F=674,673,-1,3,-8 D=3501,3501,0,2,-2 L=1249,1250,1,0,-1 B=3285,2260,-1,1,-18
mv B code=0 aligned=1 homed=- ms=119.0 U=3136,3134,-2,2,2 R=1091,1090,-1,0,-1 F=674,673,-1,3,-8 D=3501,3501,0,2,-2 L=1249,1250,1,0,-1 B=2261,1233,-4,0,-19
mv B code=0 aligned=1 homed=- ms=119.0 U=3135,3133,-2,2,1 R=1091,1090,-1,0,-1 F=674,673,-1,3,-8 D=3501,3501,0,2,-2 L=1249,1250,1,0,-1 B=1233,215,6,3,-18
mv B code=0 aligned=1 homed=- ms=119.0 U=3135,3133,-2,2,1 R=1091,1090,-1,0,-1 F=674,674,0,3,-7 D=3501,3501,0,2,-2 L=1249,1250,1,0,-1 B=216,3284,-4,2,-18
mv B code=0 aligned=1 homed=- ms=119.0 U=3136,3133,-3,2,1 R=1091,1091,0,0,0 F=674,673,-1,3,-8 D=3501,3501,0,2,-2 L=1250,1250,0,0,-1 B=3285,2260,-1,1,-18
mv B code=0 aligned=1 homed=- ms=119.0 U=3135,3133,-2,2,1 R=1091,1090,-1,0,-1 F=674,674,0,3,-7 D=3501,3501,0,2,-2 L=1250,1250,0,0,-1 B=2261,1233,-4,0,-19
mv B code=0 aligned=1 homed=- ms=119.0 U=3135,3133,-2,2,1 R=1091,1090,-1,0,-1 F=674,673,-1,3,-8 D=3501,3501,0,2,-2 L=1250,1250,0,0,-1 B=1234,215,5,3,-18
mv B code=0 aligned=1 homed=- ms=119.0 U=3135,3133,-2,2,1 R=1091,1090,-1,0,-1 F=674,674,0,3,-7 D=3501,3501,0,2,-2 L=1249,1249,0,0,-2 B=216,3285,-3,2,-17
mv B code=0 aligned=1 homed=- ms=119.0 U=3135,3133,-2,2,1 R=1091,1090,-1,0,-1 F=674,673,-1,3,-8 D=3501,3501,0,2,-2 L=1249,1250,1,0,-1 B=3285,2260,-1,1,-18
mv B code=0 aligned=1 homed=- ms=119.0 U=3135,3133,-2,2,1 R=1091,1090,-1,0,-1 F=674,674,0,3,-7 D=3501,3501,0,2,-2 L=1249,1250,1,0,-1 B=2260,1233,-3,0,-19
mv B code=0 aligned=1 homed=- ms=119.0 U=3135,3133,-2,2,1 R=1091,1090,-1,0,-1 F=674,673,-1,3,-8 D=3501,3501,0,2,-2 L=1250,1250,0,0,-1 B=1234,215,5,3,-18
mv B code=0 aligned=1 homed=- ms=119.0 U=3135,3133,-2,2,1 R=1091,1090,-1,0,-1 F=674,673,-1,3,-8 D=3501,3501,0,2,-2 L=1250,1250,0,0,-1 B=216,3284,-4,2,-18
mv B code=0 aligned=1 homed=- ms=119.0 U=3135,3133,-2,2,1 R=1091,1090,-1,0,-1 F=674,673,-1,3,-8 D=3501,3501,0,2,-2 L=1249,1250,1,0,-1 B=3285,2260,-1,1,-18
mv B code=0 aligned=1 homed=- ms=119.0 U=3135,3133,-2,2,1 R=1091,1090,-1,0,-1 F=674,673,-1,3,-8 D=3501,3501,0,2,-2 L=1249,1250,1,0,-1 B=2261,1233,-4,0,-19
mv B code=0 aligned=1 homed=- ms=119.0 U=3135,3133,-2,2,1 R=1091,1090,-1,0,-1 F=674,674,0,3,-7 D=3501,3501,0,2,-2 L=1250,1250,0,0,-1 B=1234,215,5,3,-18
mv B code=0 aligned=1 homed=- ms=119.0 U=3135,3133,-2,2,1 R=1091,1090,-1,0,-1 F=674,673,-1,3,-8 D=3501,3501,0,2,-2 L=1250,1250,0,0,-1 B=216,3284,-4,2,-18
mv B code=0 aligned=1 homed=- ms=119.0 U=3135,3133,-2,2,1 R=1091,1091,0,0,0 F=674,673,-1,3,-8 D=3501,3501,0,2,-2 L=1249,1250,1,0,-1 B=3285,2260,-1,1,-18
mv B code=0 aligned=1 homed=- ms=119.0 U=3135,3133,-2,2,1 R=1091,1090,-1,0,-1 F=674,673,-1,3,-8 D=3501,3501,0,2,-2 L=1249,1250,1,0,-1 B=2261,1233,-4,0,-19
mv B code=0 aligned=1 homed=- ms=119.0 U=3135,3133,-2,2,1 R=1091,1090,-1,0,-1 F=674,673,-1,3,-8 D=3501,3501,0,2,-2 L=1250,1250,0,0,-1 B=1234,214,4,3,-19
mv B code=0 aligned=1 homed=- ms=119.0 U=3135,3133,-2,2,1 R=1091,1090,-1,0,-1 F=674,674,0,3,-7 D=3501,3501,0,2,-2 L=1250,1250,0,0,-1 B=215,3284,-3,2,-18
mv B code=0 aligned=1 homed=- ms=119.0 U=3135,3133,-2,2,1 R=1091,1090,-1,0,-1 F=674,673,-1,3,-8 D=3501,3501,0,2,-2 L=1249,1250,1,0,-1 B=3285,2260,-1,1,-18
mv B code=0 aligned=1 homed=- ms=119.0 U=3135,3133,-2,2,1 R=1091,1090,-1,0,-1 F=674,674,0,3,-7 D=3501,3501,0,2,-2 L=1250,1250,0,0,-1 B=2261,1233,-4,0,-19
mv B code=0 aligned=1 homed=- ms=119.0 U=3135,3133,-2,2,1 R=1091,1090,-1,0,-1 F=674,674,0,3,-7 D=3501,3501,0,2,-2 L=1249,1250,1,0,-1 B=1233,214,5,3,-19
mv B code=0 aligned=1 homed=- ms=119.0 U=3135,3133,-2,2,1 R=1091,1090,-1,0,-1 F=674,674,0,3,-7 D=3501,3501,0,2,-2 L=1250,1250,0,0,-1 B=216,3284,-4,2,-18
mv B code=0 aligned=1 homed=- ms=119.0 U=3135,3133,-2,2,1 R=1091,1090,-1,0,-1 F=674,673,-1,3,-8 D=3501,3501,0,2,-2 L=1250,1250,0,0,-1 B=3285,2260,-1,1,-18
mv B code=0 aligned=1 homed=- ms=119.0 U=3136,3133,-3,2,1 R=1091,1090,-1,0,-1 F=674,673,-1,3,-8 D=3501,3501,0,2,-2 L=1249,1250,1,0,-1 B=2261,1233,-4,0,-19
mv B code=0 aligned=1 homed=- ms=119.0 U=3135,3133,-2,2,1 R=1091,1090,-1,0,-1 F=674,673,-1,3,-8 D=3501,3501,0,2,-2 L=1249,1250,1,0,-1 B=1233,215,6,3,-18
mv B code=0 aligned=1 homed=- ms=119.0 U=3135,3133,-2,2,1 R=1091,1090,-1,0,-1 F=674,673,-1,3,-8 D=3501,3501,0,2,-2 L=1249,1250,1,0,-1 B=215,3284,-3,2,-18
mv B code=0 aligned=1 homed=- ms=119.0 U=3135,3133,-2,2,1 R=1091,1090,-1,0,-1 F=674,673,-1,3,-8 D=3501,3501,0,2,-2 L=1249,1250,1,0,-1 B=3285,2260,-1,1,-18
mv B code=0 aligned=1 homed=- ms=119.0 U=3135,3133,-2,2,1 R=1091,1090,-1,0,-1 F=674,673,-1,3,-8 D=3501,3501,0,2,-2 L=1249,1250,1,0,-1 B=2261,1233,-4,0,-19
mv B code=0 aligned=1 homed=- ms=119.0 U=3135,3133,-2,2,1 R=1091,1090,-1,0,-1 F=674,673,-1,3,-8 D=3501,3501,0,2,-2 L=1249,1250,1,0,-1 B=1234,215,5,3,-18
mv B code=0 aligned=1 homed=- ms=119.0 U=3135,3133,-2,2,1 R=1091,1090,-1,0,-1 F=674,673,-1,3,-8 D=3501,3501,0,2,-2 L=1249,1250,1,0,-1 B=216,3284,-4,2,-18
mv B code=0 aligned=1 homed=- ms=119.0 U=3135,3133,-2,2,1 R=1091,1090,-1,0,-1 F=674,673,-1,3,-8 D=3501,3501,0,2,-2 L=1249,1250,1,0,-1 B=3285,2260,-1,1,-18
mv B code=0 aligned=1 homed=- ms=119.0 U=3135,3133,-2,2,1 R=1091,1090,-1,0,-1 F=674,673,-1,3,-8 D=3501,3501,0,2,-2 L=1250,1250,0,0,-1 B=2261,1233,-4,0,-19
mv B code=0 aligned=1 homed=- ms=119.0 U=3135,3133,-2,2,1 R=1091,1091,0,0,0 F=674,673,-1,3,-8 D=3501,3501,0,2,-2 L=1250,1250,0,0,-1 B=1234,215,5,3,-18
mv B code=0 aligned=1 homed=- ms=119.0 U=3135,3133,-2,2,1 R=1091,1090,-1,0,-1 F=674,673,-1,3,-8 D=3501,3501,0,2,-2 L=1250,1250,0,0,-1 B=216,3284,-4,2,-18
mv B code=0 aligned=1 homed=- ms=119.0 U=3135,3133,-2,2,1 R=1091,1090,-1,0,-1 F=674,673,-1,3,-8 D=3501,3501,0,2,-2 L=1249,1250,1,0,-1 B=3285,2260,-1,1,-18
mv B code=0 aligned=1 homed=- ms=119.0 U=3135,3133,-2,2,1 R=1091,1090,-1,0,-1 F=674,673,-1,3,-8 D=3501,3501,0,2,-2 L=1249,1250,1,0,-1 B=2261,1233,-4,0,-19
mv B code=0 aligned=1 homed=- ms=119.0 U=3135,3133,-2,2,1 R=1091,1091,0,0,0 F=674,673,-1,3,-8 D=3501,3501,0,2,-2 L=1249,1250,1,0,-1 B=1234,215,5,3,-18
mv B code=0 aligned=1 homed=- ms=119.0 U=3135,3133,-2,2,1 R=1091,1090,-1,0,-1 F=674,674,0,3,-7 D=3501,3501,0,2,-2 L=1249,1250,1,0,-1 B=216,3284,-4,2,-18
mv B code=0 aligned=1 homed=- ms=119.0 U=3135,3133,-2,2,1 R=1091,1090,-1,0,-1 F=674,673,-1,3,-8 D=3501,3501,0,2,-2 L=1249,1250,1,0,-1 B=3285,2260,-1,1,-18
mv B code=0 aligned=1 homed=- ms=119.0 U=3135,3133,-2,2,1 R=1091,1091,0,0,0 F=674,673,-1,3,-8 D=3501,3501,0,2,-2 L=1250,1250,0,0,-1 B=2261,1233,-4,0,-19
mv B code=0 aligned=1 homed=- ms=119.0 U=3135,3133,-2,2,1 R=1091,1090,-1,0,-1 F=674,673,-1,3,-8 D=3501,3501,0,2,-2 L=1250,1250,0,0,-1 B=1234,215,5,3,-18
mv B code=0 aligned=1 homed=- ms=119.0 U=3135,3133,-2,2,1 R=1091,1090,-1,0,-1 F=674,674,0,3,-7 D=3501,3501,0,2,-2 L=1250,1250,0,0,-1 B=215,3284,-3,2,-18
mv B code=0 aligned=1 homed=- ms=119.0 U=3135,3133,-2,2,1 R=1091,1090,-1,0,-1 F=674,673,-1,3,-8 D=3501,3501,0,2,-2 L=1250,1250,0,0,-1 B=3285,2260,-1,1,-18
mv B code=0 aligned=1 homed=- ms=119.0 U=3135,3133,-2,2,1 R=1091,1090,-1,0,-1 F=674,673,-1,3,-8 D=3501,3501,0,2,-2 L=1250,1250,0,0,-1 B=2261,1233,-4,0,-19
mv B code=0 aligned=1 homed=- ms=119.0 U=3135,3133,-2,2,1 R=1091,1090,-1,0,-1 F=674,673,-1,3,-8 D=3501,3501,0,2,-2 L=1250,1250,0,0,-1 B=1233,215,6,3,-18
mv B code=0 aligned=1 homed=- ms=119.0 U=3135,3133,-2,2,1 R=1091,1090,-1,0,-1 F=674,673,-1,3,-8 D=3501,3501,0,2,-2 L=1250,1249,-1,0,-2 B=215,3284,-3,2,-18
mv B code=0 aligned=1 homed=- ms=119.0 U=3135,3133,-2,2,1 R=1091,1090,-1,0,-1 F=674,673,-1,3,-8 D=3501,3501,0,2,-2 L=1249,1250,1,0,-1 B=3285,2260,-1,1,-18
mv B code=0 aligned=1 homed=- ms=119.0 U=3135,3133,-2,2,1 R=1091,1090,-1,0,-1 F=674,673,-1,3,-8 D=3501,3501,0,2,-2 L=1249,1250,1,0,-1 B=2261,1233,-4,0,-19
mv B code=0 aligned=1 homed=- ms=119.0 U=3135,3133,-2,2,1 R=1091,1091,0,0,0 F=674,673,-1,3,-8 D=3501,3501,0,2,-2 L=1249,1250,1,0,-1 B=1234,214,4,3,-19
mv B code=0 aligned=1 homed=- ms=119.0 U=3136,3133,-3,2,1 R=1091,1090,-1,0,-1 F=674,673,-1,3,-8 D=3501,3501,0,2,-2 L=1249,1250,1,0,-1 B=215,3284,-3,2,-18
mv B code=0 aligned=1 homed=- ms=119.0 U=3136,3133,-3,2,1 R=1091,1090,-1,0,-1 F=674,673,-1,3,-8 D=3501,3501,0,2,-2 L=1249,1250,1,0,-1 B=3285,2260,-1,1,-18
mv B code=0 aligned=1 homed=- ms=119.0 U=3135,3133,-2,2,1 R=1091,1090,-1,0,-1 F=674,674,0,3,-7 D=3501,3501,0,2,-2 L=1249,1250,1,0,-1 B=2261,1233,-4,0,-19
mv B code=0 aligned=1 homed=- ms=119.0 U=3135,3133,-2,2,1 R=1091,1090,-1,0,-1 F=674,674,0,3,-7 D=3502,3501,-1,2,-2 L=1249,1250,1,0,-1 B=1233,215,6,3,-18
mv B code=0 aligned=1 homed=- ms=119.0 U=3135,3133,-2,2,1 R=1091,1090,-1,0,-1 F=674,674,0,3,-7 D=3501,3501,0,2,-2 L=1250,1250,0,0,-1 B=216,3284,-4,2,-18
mv B code=0 aligned=1 homed=- ms=119.0 U=3135,3133,-2,2,1 R=1091,1090,-1,0,-1 F=674,673,-1,3,-8 D=3501,3501,0,2,-2 L=1250,1250,0,0,-1 B=3285,2260,-1,1,-18
mv B code=0 aligned=1 homed=- ms=119.0 U=3135,3133,-2,2,1 R=1091,1090,-1,0,-1 F=674,674,0,3,-7 D=3501,3501,0,2,-2 L=1249,1250,1,0,-1 B=2261,1233,-4,0,-19
mv B code=0 aligned=1 homed=- ms=119.0 U=3135,3133,-2,2,1 R=1091,1090,-1,0,-1 F=674,673,-1,3,-8 D=3501,3501,0,2,-2 L=1250,1250,0,0,-1 B=1234,215,5,3,-18
mv B code=0 aligned=1 homed=- ms=119.0 U=3135,3133,-2,2,1 R=1091,1090,-1,0,-1 F=674,673,-1,3,-8 D=3501,3501,0,2,-2 L=1250,1250,0,0,-1 B=216,3284,-4,2,-18
mv B code=0 aligned=1 homed=- ms=119.0 U=3135,3133,-2,2,1 R=1091,1090,-1,0,-1 F=674,673,-1,3,-8 D=3501,3501,0,2,-2 L=1250,1250,0,0,-1 B=3285,2260,-1,1,-18
mv B code=0 aligned=1 homed=- ms=119.0 U=3135,3133,-2,2,1 R=1091,1090,-1,0,-1 F=674,673,-1,3,-8 D=3501,3501,0,2,-2 L=1250,1250,0,0,-1 B=2261,1233,-4,0,-19
mv B code=0 aligned=1 homed=- ms=119.0 U=3135,3133,-2,2,1 R=1091,1090,-1,0,-1 F=674,673,-1,3,-8 D=3501,3501,0,2,-2 L=1249,1250,1,0,-1 B=1234,215,5,3,-18
mv B code=0 aligned=1 homed=- ms=119.0 U=3135,3133,-2,2,1 R=1091,1090,-1,0,-1 F=674,674,0,3,-7 D=3501,3501,0,2,-2 L=1249,1250,1,0,-1 B=216,3284,-4,2,-18
mv B code=0 aligned=1 homed=- ms=119.0 U=3135,3133,-2,2,1 R=1091,1090,-1,0,-1 F=674,673,-1,3,-8 D=3501,3501,0,2,-2 L=1249,1250,1,0,-1 B=3285,2260,-1,1,-18
mv B code=0 aligned=1 homed=- ms=119.0 U=3135,3133,-2,2,1 R=1091,1090,-1,0,-1 F=674,673,-1,3,-8 D=3501,3501,0,2,-2 L=1249,1250,1,0,-1 B=2261,1233,-4,0,-19
mv B code=0 aligned=1 homed=- ms=119.0 U=3135,3133,-2,2,1 R=1091,1090,-1,0,-1 F=674,673,-1,3,-8 D=3501,3501,0,2,-2 L=1250,1250,0,0,-1 B=1234,215,5,3,-18
mv B code=0 aligned=1 homed=- ms=119.0 U=3135,3133,-2,2,1 R=1091,1090,-1,0,-1 F=674,673,-1,3,-8 D=3501,3501,0,2,-2 L=1249,1250,1,0,-1 B=216,3284,-4,2,-18
mv B code=0 aligned=1 homed=- ms=119.0 U=3135,3133,-2,2,1 R=1091,1090,-1,0,-1 F=674,673,-1,3,-8 D=3501,3501,0,2,-2 L=1249,1250,1,0,-1 B=3285,2260,-1,1,-18
mv B code=0 aligned=1 homed=- ms=119.0 U=3135,3133,-2,2,1 R=1091,1090,-1,0,-1 F=674,673,-1,3,-8 D=3501,3501,0,2,-2 L=1249,1250,1,0,-1 B=2261,1233,-4,0,-19
mv B code=0 aligned=1 homed=- ms=119.0 U=3135,3133,-2,2,1 R=1091,1091,0,0,0 F=674,674,0,3,-7 D=3501,3501,0,2,-2 L=1250,1250,0,0,-1 B=1234,215,5,3,-18
mv B code=0 aligned=1 homed=- ms=119.0 U=3135,3133,-2,2,1 R=1091,1091,0,0,0 F=674,673,-1,3,-8 D=3501,3501,0,2,-2 L=1250,1250,0,0,-1 B=216,3284,-4,2,-18
mv B code=0 aligned=1 homed=- ms=119.0 U=3135,3133,-2,2,1 R=1091,1090,-1,0,-1 F=674,674,0,3,-7 D=3501,3501,0,2,-2 L=1249,1250,1,0,-1 B=3285,2260,-1,1,-18
mv B code=0 aligned=1 homed=- ms=119.0 U=3136,3133,-3,2,1 R=1091,1090,-1,0,-1 F=674,673,-1,3,-8 D=3501,3501,0,2,-2 L=1249,1250,1,0,-1 B=2261,1233,-4,0,-19
mv B code=0 aligned=1 homed=- ms=119.0 U=3135,3133,-2,2,1 R=1091,1091,0,0,0 F=674,674,0,3,-7 D=3501,3501,0,2,-2 L=1250,1250,0,0,-1 B=1234,215,5,3,-18
mv B code=0 aligned=1 homed=- ms=119.0 U=3135,3133,-2,2,1 R=1091,1090,-1,0,-1 F=674,673,-1,3,-8 D=3501,3501,0,2,-2 L=1249,1250,1,0,-1 B=216,3285,-3,2,-17
mv B code=0 aligned=1 homed=- ms=119.0 U=3135,3133,-2,2,1 R=1091,1090,-1,0,-1 F=674,673,-1,3,-8 D=3501,3501,0,2,-2 L=1250,1250,0,0,-1 B=3285,2260,-1,1,-18
mv B code=0 aligned=1 homed=- ms=119.0 U=3135,3133,-2,2,1 R=1091,1090,-1,0,-1 F=674,673,-1,3,-8 D=3501,3501,0,2,-2 L=1250,1250,0,0,-1 B=2261,1233,-4,0,-19
mv B code=0 aligned=1 homed=- ms=119.0 U=3135,3133,-2,2,1 R=1091,1090,-1,0,-1 F=674,673,-1,3,-8 D=3501,3501,0,2,-2 L=1249,1250,1,0,-1 B=1233,215,6,3,-18
mv B code=0 aligned=1 homed=- ms=119.0 U=3135,3133,-2,2,1 R=1091,1090,-1,0,-1 F=674,673,-1,3,-8 D=3501,3501,0,2,-2 L=1249,1250,1,0,-1 B=216,3285,-3,2,-17
mv B code=0 aligned=1 homed=- ms=119.0 U=3135,3133,-2,2,1 R=1091,1090,-1,0,-1 F=674,673,-1,3,-8 D=3501,3501,0,2,-2 L=1249,1250,1,0,-1 B=3285,2260,-1,1,-18
mv B code=0 aligned=1 homed=- ms=119.0 U=3135,3133,-2,2,1 R=1091,1090,-1,0,-1 F=674,673,-1,3,-8 D=3501,3501,0,2,-2 L=1249,1250,1,0,-1 B=2261,1233,-4,0,-19
mv B code=0 aligned=1 homed=- ms=119.0 U=3135,3133,-2,2,1 R=1091,1090,-1,0,-1 F=674,673,-1,3,-8 D=3501,3501,0,2,-2 L=1249,1250,1,0,-1 B=1234,215,5,3,-18
mv B code=0 aligned=1 homed=- ms=119.0 U=3135,3133,-2,2,1 R=1091,1090,-1,0,-1 F=674,673,-1,3,-8 D=3501,3501,0,2,-2 L=1249,1250,1,0,-1 B=216,3284,-4,2,-18
mv B code=0 aligned=1 homed=- ms=119.0 U=3135,3133,-2,2,1 R=1091,1090,-1,0,-1 F=674,673,-1,3,-8 D=3501,3501,0,2,-2 L=1250,1250,0,0,-1 B=3285,2260,-1,1,-18
mv B code=0 aligned=1 homed=- ms=119.0 U=3135,3133,-2,2,1 R=1091,1090,-1,0,-1 F=674,674,0,3,-7 D=3501,3501,0,2,-2 L=1250,1250,0,0,-1 B=2261,1233,-4,0,-19
mv B code=0 aligned=1 homed=- ms=119.0 U=3135,3133,-2,2,1 R=1091,1090,-1,0,-1 F=674,673,-1,3,-8 D=3501,3501,0,2,-2 L=1249,1250,1,0,-1 B=1233,215,6,3,-18
mv B code=0 aligned=1 homed=- ms=119.0 U=3135,3133,-2,2,1 R=1091,1090,-1,0,-1 F=674,673,-1,3,-8 D=3501,3501,0,2,-2 L=1250,1250,0,0,-1 B=216,3285,-3,2,-17
mv B code=0 aligned=1 homed=- ms=119.0 U=3135,3133,-2,2,1 R=1091,1090,-1,0,-1 F=674,673,-1,3,-8 D=3501,3501,0,2,-2 L=1249,1250,1,0,-1 B=3285,2260,-1,1,-18
mv B code=0 aligned=1 homed=- ms=119.0 U=3135,3133,-2,2,1 R=1091,1091,0,0,0 F=674,674,0,3,-7 D=3501,3501,0,2,-2 L=1249,1250,1,0,-1 B=2261,1233,-4,0,-19
mv B code=0 aligned=1 homed=- ms=119.0 U=3135,3133,-2,2,1 R=1091,1090,-1,0,-1 F=674,674,0,3,-7 D=3501,3501,0,2,-2 L=1249,1250,1,0,-1 B=1234,215,5,3,-18
mv B code=0 aligned=1 homed=- ms=119.0 U=3135,3133,-2,2,1 R=1091,1090,-1,0,-1 F=674,673,-1,3,-8 D=3501,3501,0,2,-2 L=1249,1250,1,0,-1 B=215,3284,-3,2,-18
mv B code=0 aligned=1 homed=- ms=119.0 U=3135,3133,-2,2,1 R=1091,1090,-1,0,-1 F=674,673,-1,3,-8 D=3501,3501,0,2,-2 L=1249,1250,1,0,-1 B=3285,2260,-1,1,-18
mv B code=0 aligned=1 homed=- ms=119.0 U=3135,3133,-2,2,1 R=1091,1090,-1,0,-1 F=674,673,-1,3,-8 D=3501,3501,0,2,-2 L=1250,1250,0,0,-1 B=2261,1233,-4,0,-19
mv B code=0 aligned=1 homed=- ms=119.0 U=3135,3133,-2,2,1 R=1091,1091,0,0,0 F=674,673,-1,3,-8 D=3501,3501,0,2,-2 L=1250,1250,0,0,-1 B=1233,215,6,3,-18
mv B code=0 aligned=1 homed=- ms=119.0 U=3135,3133,-2,2,1 R=1091,1090,-1,0,-1 F=674,673,-1,3,-8 D=3501,3501,0,2,-2 L=1249,1250,1,0,-1 B=216,3284,-4,2,-18
mv B code=0 aligned=1 homed=- ms=119.0 U=3135,3133,-2,2,1 R=1091,1090,-1,0,-1 F=674,674,0,3,-7 D=3501,3501,0,2,-2 L=1250,1250,0,0,-1 B=3285,2260,-1,1,-18
mv B code=0 aligned=1 homed=- ms=119.0 U=3136,3133,-3,2,1 R=1091,1091,0,0,0 F=674,674,0,3,-7 D=3501,3501,0,2,-2 L=1249,1250,1,0,-1 B=2261,1233,-4,0,-19
mv B code=0 aligned=1 homed=- ms=119.0 U=3135,3133,-2,2,1 R=1091,1090,-1,0,-1 F=674,673,-1,3,-8 D=3501,3501,0,2,-2 L=1250,1250,0,0,-1 B=1234,215,5,3,-18
mv B code=0 aligned=1 homed=- ms=119.0 U=3136,3133,-3,2,1 R=1091,1090,-1,0,-1 F=674,673,-1,3,-8 D=3501,3501,0,2,-2 L=1249,1249,0,0,-2 B=216,3284,-4,2,-18
mv B code=0 aligned=1 homed=- ms=119.0 U=3135,3133,-2,2,1 R=1091,1091,0,0,0 F=674,673,-1,3,-8 D=3501,3501,0,2,-2 L=1249,1250,1,0,-1 B=3285,2260,-1,1,-18
mv B code=0 aligned=1 homed=- ms=119.0 U=3135,3133,-2,2,1 R=1091,1090,-1,0,-1 F=674,673,-1,3,-8 D=3501,3501,0,2,-2 L=1249,1250,1,0,-1 B=2261,1233,-4,0,-19
mv B code=0 aligned=1 homed=- ms=119.0 U=3135,3133,-2,2,1 R=1091,1090,-1,0,-1 F=674,674,0,3,-7 D=3501,3501,0,2,-2 L=1250,1250,0,0,-1 B=1233,215,6,3,-18
mv B code=0 aligned=1 homed=- ms=119.0 U=3135,3133,-2,2,1 R=1091,1090,-1,0,-1 F=674,673,-1,3,-8 D=3501,3501,0,2,-2 L=1249,1250,1,0,-1 B=216,3284,-4,2,-18
mv B code=0 aligned=1 homed=- ms=119.0 U=3135,3133,-2,2,1 R=1091,1091,0,0,0 F=674,674,0,3,-7 D=3501,3501,0,2,-2 L=1249,1250,1,0,-1 B=3285,2260,-1,1,-18
mv B code=0 aligned=1 homed=- ms=119.0 U=3135,3133,-2,2,1 R=1091,1091,0,0,0 F=674,674,0,3,-7 D=3501,3501,0,2,-2 L=1249,1250,1,0,-1 B=2261,1233,-4,0,-19
mv B code=0 aligned=1 homed=- ms=119.0 U=3135,3133,-2,2,1 R=1091,1090,-1,0,-1 F=674,673,-1,3,-8 D=3501,3501,0,2,-2 L=1250,1250,0,0,-1 B=1234,214,4,3,-19
mv B code=0 aligned=1 homed=- ms=119.0 U=3135,3133,-2,2,1 R=1091,1091,0,0,0 F=674,673,-1,3,-8 D=3501,3501,0,2,-2 L=1249,1250,1,0,-1 B=216,3285,-3,2,-17
mv B code=0 aligned=1 homed=- ms=119.0 U=3136,3133,-3,2,1 R=1091,1090,-1,0,-1 F=674,673,-1,3,-8 D=3501,3501,0,2,-2 L=1250,1250,0,0,-1 B=3285,2260,-1,1,-18
mv B code=0 aligned=1 homed=- ms=119.0 U=3135,3133,-2,2,1 R=1091,1090,-1,0,-1 F=674,673,-1,3,-8 D=3501,3501,0,2,-2 L=1250,1250,0,0,-1 B=2261,1233,-4,0,-19
mv B code=0 aligned=1 homed=- ms=119.0 U=3135,3133,-2,2,1 R=1091,1090,-1,0,-1 F=674,674,0,3,-7 D=3501,3501,0,2,-2 L=1249,1250,1,0,-1 B=1234,214,4,3,-19
mv B code=0 aligned=1 homed=- ms=119.0 U=3135,3133,-2,2,1 R=1091,1090,-1,0,-1 F=674,673,-1,3,-8 D=3501,3501,0,2,-2 L=1249,1250,1,0,-1 B=216,3284,-4,2,-18
mv B code=0 aligned=1 homed=- ms=119.0 U=3135,3133,-2,2,1 R=1091,1090,-1,0,-1 F=674,673,-1,3,-8 D=3501,3501,0,2,-2 L=1249,1250,1,0,-1 B=3285,2260,-1,1,-18
mv B code=0 aligned=1 homed=- ms=119.0 U=3135,3133,-2,2,1 R=1091,1090,-1,0,-1 F=674,674,0,3,-7 D=3501,3501,0,2,-2 L=1250,1250,0,0,-1 B=2261,1233,-4,0,-19
mv B code=0 aligned=1 homed=- ms=119.0 U=3135,3133,-2,2,1 R=1091,1091,0,0,0 F=674,673,-1,3,-8 D=3501,3501,0,2,-2 L=1249,1250,1,0,-1 B=1234,215,5,3,-18
mv B code=0 aligned=1 homed=- ms=119.0 U=3135,3133,-2,2,1 R=1091,1091,0,0,0 F=674,673,-1,3,-8 D=3501,3501,0,2,-2 L=1249,1250,1,0,-1 B=216,3284,-4,2,-18
mv B code=0 aligned=1 homed=- ms=119.0 U=3135,3133,-2,2,1 R=1091,1090,-1,0,-1 F=674,673,-1,3,-8 D=3501,3501,0,2,-2 L=1249,1250,1,0,-1 B=3285,2260,-1,1,-18
mv B code=0 aligned=1 homed=- ms=119.0 U=3135,3133,-2,2,1 R=1091,1090,-1,0,-1 F=674,674,0,3,-7 D=3501,3501,0,2,-2 L=1249,1250,1,0,-1 B=2260,1233,-3,0,-19
mv B code=0 aligned=1 homed=- ms=119.0 U=3135,3133,-2,2,1 R=1091,1090,-1,0,-1 F=674,673,-1,3,-8 D=3501,3501,0,2,-2 L=1249,1250,1,0,-1 B=1234,215,5,3,-18
mv B code=0 aligned=1 homed=- ms=119.0 U=3135,3133,-2,2,1 R=1091,1090,-1,0,-1 F=674,673,-1,3,-8 D=3501,3501,0,2,-2 L=1249,1250,1,0,-1 B=216,3285,-3,2,-17
mv B code=0 aligned=1 homed=- ms=119.0 U=3135,3133,-2,2,1 R=1091,1090,-1,0,-1 F=674,673,-1,3,-8 D=3501,3501,0,2,-2 L=1250,1250,0,0,-1 B=3285,2260,-1,1,-18
mv B code=0 aligned=1 homed=- ms=119.0 U=3135,3133,-2,2,1 R=1091,1091,0,0,0 F=674,674,0,3,-7 D=3501,3501,0,2,-2 L=1250,1250,0,0,-1 B=2260,1233,-3,0,-19
mv B code=0 aligned=1 homed=- ms=119.0 U=3135,3133,-2,2,1 R=1091,1090,-1,0,-1 F=674,673,-1,3,-8 D=3501,3501,0,2,-2 L=1249,1250,1,0,-1 B=1234,215,5,3,-18
mv B code=0 aligned=1 homed=- ms=119.0 U=3135,3133,-2,2,1 R=1091,1090,-1,0,-1 F=674,673,-1,3,-8 D=3501,3501,0,2,-2 L=1249,1250,1,0,-1 B=216,3284,-4,2,-18
mv B code=0 aligned=1 homed=- ms=119.0 U=3135,3133,-2,2,1 R=1091,1090,-1,0,-1 F=674,674,0,3,-7 D=3501,3501,0,2,-2 L=1250,1250,0,0,-1 B=3285,2260,-1,1,-18
mv B code=0 aligned=1 homed=- ms=119.0 U=3135,3133,-2,2,1 R=1091,1090,-1,0,-1 F=674,673,-1,3,-8 D=3501,3501,0,2,-2 L=1249,1250,1,0,-1 B=2261,1233,-4,0,-19
mv B code=0 aligned=1 homed=- ms=119.0 U=3135,3133,-2,2,1 R=1091,1090,-1,0,-1 F=674,673,-1,3,-8 D=3501,3501,0,2,-2 L=1250,1250,0,0,-1 B=1234,215,5,3,-18
mv B code=0 aligned=1 homed=- ms=119.0 U=3135,3133,-2,2,1 R=1091,1090,-1,0,-1 F=674,673,-1,3,-8 D=3501,3501,0,2,-2 L=1249,1250,1,0,-1 B=216,3284,-4,2,-18
mv B code=0 aligned=1 homed=- ms=119.0 U=3135,3133,-2,2,1 R=1091,1090,-1,0,-1 F=674,673,-1,3,-8 D=3501,3501,0,2,-2 L=1250,1250,0,0,-1 B=3285,2260,-1,1,-18
mv B code=0 aligned=1 homed=- ms=119.0 U=3135,3133,-2,2,1 R=1091,1090,-1,0,-1 F=674,673,-1,3,-8 D=3501,3501,0,2,-2 L=1249,1250,1,0,-1 B=2261,1233,-4,0,-19
rep moves=200 notaligned=0 homings=0 failures=0 avgms=119.0
res U=- R=- F=- D=- L=- B=200,-0.8,3.8,6
ok
> home
[align] motor 0 err=3 counts (0.3 steps)
[align] motor 1 err=0 counts (0.0 steps)
[align] motor 2 err=-7 counts (-0.7 steps)
[align] motor 3 err=-1 counts (-0.1 steps)
[align] motor 4 err=-3 counts (-0.3 steps)
[align] motor 5 err=-18 counts (-1.8 steps)
home code=0 ms=6 en=0
enc U=3134 R=1090 F=673 D=3501 L=1250 B=1233 RING=2768
near U=2:2 R=0:-1 F=3:-8 D=2:-2 L=0:-1 B=0:-19
ok
> enc
enc U=3135 R=1091 F=674 D=3501 L=1249 B=1233 RING=2768
near U=2:3 R=0:0 F=3:-7 D=2:-2 L=0:-2 B=0:-19
ok
> rep 50 B' B' B' B'
mv B' code=0 aligned=1 homed=- ms=119.0 U=3135,3133,-2,2,1 R=1091,1090,-1,0,-1 F=674,673,-1,3,-8 D=3501,3501,0,2,-2 L=1249,1250,1,0,-1 B=1233,2258,1,1,-20
mv B' code=0 aligned=1 homed=- ms=119.0 U=3135,3133,-2,2,1 R=1091,1090,-1,0,-1 F=674,673,-1,3,-8 D=3501,3501,0,2,-2 L=1249,1250,1,0,-1 B=2259,3283,0,2,-19
mv B' code=0 aligned=1 homed=- ms=119.0 U=3135,3133,-2,2,1 R=1091,1090,-1,0,-1 F=674,674,0,3,-7 D=3501,3501,0,2,-2 L=1249,1250,1,0,-1 B=3284,213,1,3,-20
mv B' code=0 aligned=1 homed=- ms=119.0 U=3135,3133,-2,2,1 R=1091,1090,-1,0,-1 F=674,673,-1,3,-8 D=3501,3501,0,2,-2 L=1249,1250,1,0,-1 B=214,1231,-7,0,-21
mv B' code=0 aligned=1 homed=- ms=119.0 U=3135,3133,-2,2,1 R=1091,1091,0,0,0 F=674,673,-1,3,-8 D=3501,3501,0,2,-2 L=1249,1249,0,0,-2 B=1233,2258,1,1,-20
mv B' code=0 aligned=1 homed=- ms=119.0 U=3135,3133,-2,2,1 R=1091,1090,-1,0,-1 F=674,673,-1,3,-8 D=3501,3501,0,2,-2 L=1249,1250,1,0,-1 B=2259,3282,-1,2,-20
mv B' code=0 aligned=1 homed=- ms=119.0 U=3135,3133,-2,2,1 R=1091,1090,-1,0,-1 F=674,674,0,3,-7 D=3501,3501,0,2,-2 L=1249,1250,1,0,-1 B=3284,213,1,3,-20
mv B' code=0 aligned=1 homed=- ms=119.0 U=3135,3133,-2,2,1 R=1091,1090,-1,0,-1 F=674,673,-1,3,-8 D=3501,3501,0,2,-2 L=1249,1250,1,0,-1 B=214,1231,-7,0,-21
mv B' code=0 aligned=1 homed=- ms=119.0 U=3135,3133,-2,2,1 R=1091,1090,-1,0,-1 F=674,673,-1,3,-8 D=3501,3501,0,2,-2 L=1249,1250,1,0,-1 B=1233,2258,1,1,-20
mv B' code=0 aligned=1 homed=- ms=119.0 U=3135,3133,-2,2,1 R=1091,1091,0,0,0 F=674,674,0,3,-7 D=3501,3501,0,2,-2 L=1250,1250,0,0,-1 B=2260,3282,-2,2,-20
mv B' code=0 aligned=1 homed=- ms=119.0 U=3135,3133,-2,2,1 R=1091,1090,-1,0,-1 F=674,673,-1,3,-8 D=3501,3501,0,2,-2 L=1249,1250,1,0,-1 B=3284,213,1,3,-20
mv B' code=0 aligned=1 homed=- ms=119.0 U=3135,3133,-2,2,1 R=1091,1090,-1,0,-1 F=674,673,-1,3,-8 D=3501,3501,0,2,-2 L=1249,1250,1,0,-1 B=214,1231,-7,0,-21
mv B' code=0 aligned=1 homed=- ms=119.0 U=3135,3133,-2,2,1 R=1091,1090,-1,0,-1 F=674,673,-1,3,-8 D=3501,3501,0,2,-2 L=1249,1250,1,0,-1 B=1232,2258,2,1,-20
mv B' code=0 aligned=1 homed=- ms=119.0 U=3136,3133,-3,2,1 R=1091,1090,-1,0,-1 F=674,673,-1,3,-8 D=3501,3501,0,2,-2 L=1249,1250,1,0,-1 B=2259,3282,-1,2,-20
mv B' code=0 aligned=1 homed=- ms=119.0 U=3135,3133,-2,2,1 R=1091,1091,0,0,0 F=674,673,-1,3,-8 D=3501,3501,0,2,-2 L=1249,1250,1,0,-1 B=3284,213,1,3,-20
mv B' code=0 aligned=1 homed=- ms=119.0 U=3135,3133,-2,2,1 R=1091,1090,-1,0,-1 F=674,674,0,3,-7 D=3501,3501,0,2,-2 L=1250,1250,0,0,-1 B=214,1231,-7,0,-21
mv B' code=0 aligned=1 homed=- ms=119.0 U=3135,3133,-2,2,1 R=1091,1090,-1,0,-1 F=674,673,-1,3,-8 D=3501,3501,0,2,-2 L=1250,1250,0,0,-1 B=1233,2258,1,1,-20
mv B' code=0 aligned=1 homed=- ms=119.0 U=3135,3133,-2,2,1 R=1091,1090,-1,0,-1 F=674,673,-1,3,-8 D=3501,3501,0,2,-2 L=1249,1249,0,0,-2 B=2260,3282,-2,2,-20
mv B' code=0 aligned=1 homed=- ms=119.0 U=3135,3133,-2,2,1 R=1091,1090,-1,0,-1 F=674,673,-1,3,-8 D=3501,3501,0,2,-2 L=1249,1250,1,0,-1 B=3284,213,1,3,-20
mv B' code=0 aligned=1 homed=- ms=119.0 U=3135,3133,-2,2,1 R=1091,1090,-1,0,-1 F=674,673,-1,3,-8 D=3501,3501,0,2,-2 L=1249,1250,1,0,-1 B=214,1231,-7,0,-21
mv B' code=0 aligned=1 homed=- ms=119.0 U=3135,3133,-2,2,1 R=1091,1090,-1,0,-1 F=674,674,0,3,-7 D=3501,3501,0,2,-2 L=1249,1250,1,0,-1 B=1233,2258,1,1,-20
mv B' code=0 aligned=1 homed=- ms=119.0 U=3135,3133,-2,2,1 R=1091,1090,-1,0,-1 F=674,674,0,3,-7 D=3501,3501,0,2,-2 L=1249,1250,1,0,-1 B=2259,3283,0,2,-19
mv B' code=0 aligned=1 homed=- ms=119.0 U=3135,3133,-2,2,1 R=1091,1091,0,0,0 F=674,673,-1,3,-8 D=3501,3501,0,2,-2 L=1249,1250,1,0,-1 B=3284,213,1,3,-20
mv B' code=0 aligned=1 homed=- ms=119.0 U=3135,3133,-2,2,1 R=1091,1090,-1,0,-1 F=674,673,-1,3,-8 D=3501,3501,0,2,-2 L=1249,1250,1,0,-1 B=214,1231,-7,0,-21
mv B' code=0 aligned=1 homed=- ms=119.0 U=3135,3133,-2,2,1 R=1091,1090,-1,0,-1 F=674,674,0,3,-7 D=3501,3501,0,2,-2 L=1249,1250,1,0,-1 B=1233,2258,1,1,-20
mv B' code=0 aligned=1 homed=- ms=119.0 U=3135,3133,-2,2,1 R=1091,1090,-1,0,-1 F=674,673,-1,3,-8 D=3501,3501,0,2,-2 L=1250,1250,0,0,-1 B=2259,3282,-1,2,-20
mv B' code=0 aligned=1 homed=- ms=119.0 U=3136,3133,-3,2,1 R=1091,1090,-1,0,-1 F=674,673,-1,3,-8 D=3501,3501,0,2,-2 L=1249,1250,1,0,-1 B=3284,213,1,3,-20
mv B' code=0 aligned=1 homed=- ms=119.0 U=3135,3133,-2,2,1 R=1091,1090,-1,0,-1 F=674,673,-1,3,-8 D=3501,3501,0,2,-2 L=1249,1250,1,0,-1 B=214,1231,-7,0,-21
mv B' code=0 aligned=1 homed=- ms=119.0 U=3135,3133,-2,2,1 R=1091,1090,-1,0,-1 F=674,673,-1,3,-8 D=3501,3501,0,2,-2 L=1249,1250,1,0,-1 B=1232,2258,2,1,-20
mv B' code=0 aligned=1 homed=- ms=119.0 U=3135,3133,-2,2,1 R=1091,1090,-1,0,-1 F=674,673,-1,3,-8 D=3501,3501,0,2,-2 L=1250,1250,0,0,-1 B=2259,3283,0,2,-19
mv B' code=0 aligned=1 homed=- ms=119.0 U=3136,3133,-3,2,1 R=1091,1091,0,0,0 F=674,673,-1,3,-8 D=3501,3501,0,2,-2 L=1249,1250,1,0,-1 B=3284,213,1,3,-20
mv B' code=0 aligned=1 homed=- ms=119.0 U=3135,3133,-2,2,1 R=1091,1090,-1,0,-1 F=674,673,-1,3,-8 D=3501,3501,0,2,-2 L=1249,1250,1,0,-1 B=214,1231,-7,0,-21
mv B' code=0 aligned=1 homed=- ms=119.0 U=3135,3133,-2,2,1 R=1091,1090,-1,0,-1 F=674,673,-1,3,-8 D=3501,3501,0,2,-2 L=1249,1250,1,0,-1 B=1233,2258,1,1,-20
mv B' code=0 aligned=1 homed=- ms=119.0 U=3135,3133,-2,2,1 R=1091,1090,-1,0,-1 F=674,673,-1,3,-8 D=3501,3501,0,2,-2 L=1249,1250,1,0,-1 B=2259,3283,0,2,-19
mv B' code=0 aligned=1 homed=- ms=119.0 U=3135,3133,-2,2,1 R=1091,1090,-1,0,-1 F=674,673,-1,3,-8 D=3501,3501,0,2,-2 L=1250,1250,0,0,-1 B=3284,213,1,3,-20
mv B' code=0 aligned=1 homed=- ms=119.0 U=3135,3133,-2,2,1 R=1091,1090,-1,0,-1 F=674,673,-1,3,-8 D=3501,3501,0,2,-2 L=1249,1250,1,0,-1 B=214,1231,-7,0,-21
mv B' code=0 aligned=1 homed=- ms=119.0 U=3135,3133,-2,2,1 R=1091,1090,-1,0,-1 F=674,673,-1,3,-8 D=3501,3501,0,2,-2 L=1249,1250,1,0,-1 B=1233,2258,1,1,-20
mv B' code=0 aligned=1 homed=- ms=119.0 U=3135,3133,-2,2,1 R=1091,1090,-1,0,-1 F=674,674,0,3,-7 D=3501,3501,0,2,-2 L=1250,1250,0,0,-1 B=2259,3282,-1,2,-20
mv B' code=0 aligned=1 homed=- ms=119.0 U=3135,3133,-2,2,1 R=1091,1090,-1,0,-1 F=674,673,-1,3,-8 D=3501,3501,0,2,-2 L=1250,1250,0,0,-1 B=3284,213,1,3,-20
mv B' code=0 aligned=1 homed=- ms=119.0 U=3135,3133,-2,2,1 R=1091,1091,0,0,0 F=674,673,-1,3,-8 D=3501,3501,0,2,-2 L=1249,1250,1,0,-1 B=214,1231,-7,0,-21
mv B' code=0 aligned=1 homed=- ms=119.0 U=3136,3133,-3,2,1 R=1091,1091,0,0,0 F=674,674,0,3,-7 D=3501,3501,0,2,-2 L=1250,1250,0,0,-1 B=1233,2258,1,1,-20
mv B' code=0 aligned=1 homed=- ms=119.0 U=3135,3133,-2,2,1 R=1091,1090,-1,0,-1 F=674,674,0,3,-7 D=3501,3501,0,2,-2 L=1250,1250,0,0,-1 B=2259,3283,0,2,-19
mv B' code=0 aligned=1 homed=- ms=119.0 U=3135,3133,-2,2,1 R=1091,1090,-1,0,-1 F=674,673,-1,3,-8 D=3501,3501,0,2,-2 L=1250,1250,0,0,-1 B=3284,213,1,3,-20
mv B' code=0 aligned=1 homed=- ms=119.0 U=3135,3133,-2,2,1 R=1091,1090,-1,0,-1 F=674,673,-1,3,-8 D=3501,3501,0,2,-2 L=1249,1250,1,0,-1 B=214,1231,-7,0,-21
mv B' code=0 aligned=1 homed=- ms=119.0 U=3135,3133,-2,2,1 R=1091,1090,-1,0,-1 F=674,673,-1,3,-8 D=3501,3501,0,2,-2 L=1249,1250,1,0,-1 B=1233,2258,1,1,-20
mv B' code=0 aligned=1 homed=- ms=119.0 U=3135,3133,-2,2,1 R=1091,1090,-1,0,-1 F=674,673,-1,3,-8 D=3501,3501,0,2,-2 L=1249,1250,1,0,-1 B=2259,3283,0,2,-19
mv B' code=0 aligned=1 homed=- ms=119.0 U=3135,3133,-2,2,1 R=1091,1091,0,0,0 F=674,673,-1,3,-8 D=3501,3501,0,2,-2 L=1249,1250,1,0,-1 B=3284,213,1,3,-20
mv B' code=0 aligned=1 homed=- ms=119.0 U=3136,3133,-3,2,1 R=1091,1090,-1,0,-1 F=674,673,-1,3,-8 D=3501,3501,0,2,-2 L=1250,1250,0,0,-1 B=214,1231,-7,0,-21
mv B' code=0 aligned=1 homed=- ms=119.0 U=3136,3133,-3,2,1 R=1091,1090,-1,0,-1 F=674,673,-1,3,-8 D=3501,3501,0,2,-2 L=1249,1250,1,0,-1 B=1233,2258,1,1,-20
mv B' code=0 aligned=1 homed=- ms=119.0 U=3135,3133,-2,2,1 R=1091,1090,-1,0,-1 F=674,673,-1,3,-8 D=3501,3501,0,2,-2 L=1249,1250,1,0,-1 B=2260,3283,-1,2,-19
mv B' code=0 aligned=1 homed=- ms=119.0 U=3135,3133,-2,2,1 R=1091,1090,-1,0,-1 F=674,673,-1,3,-8 D=3501,3501,0,2,-2 L=1250,1250,0,0,-1 B=3284,213,1,3,-20
mv B' code=0 aligned=1 homed=- ms=119.0 U=3135,3133,-2,2,1 R=1091,1090,-1,0,-1 F=674,673,-1,3,-8 D=3501,3501,0,2,-2 L=1249,1250,1,0,-1 B=214,1231,-7,0,-21
mv B' code=0 aligned=1 homed=- ms=119.0 U=3136,3133,-3,2,1 R=1091,1090,-1,0,-1 F=674,673,-1,3,-8 D=3501,3501,0,2,-2 L=1249,1250,1,0,-1 B=1233,2258,1,1,-20
mv B' code=0 aligned=1 homed=- ms=119.0 U=3135,3133,-2,2,1 R=1091,1090,-1,0,-1 F=674,674,0,3,-7 D=3501,3501,0,2,-2 L=1249,1250,1,0,-1 B=2260,3283,-1,2,-19
mv B' code=0 aligned=1 homed=- ms=119.0 U=3135,3133,-2,2,1 R=1091,1090,-1,0,-1 F=674,673,-1,3,-8 D=3501,3501,0,2,-2 L=1250,1250,0,0,-1 B=3284,213,1,3,-20
mv B' code=0 aligned=1 homed=- ms=119.0 U=3135,3133,-2,2,1 R=1091,1090,-1,0,-1 F=674,674,0,3,-7 D=3501,3501,0,2,-2 L=1249,1250,1,0,-1 B=214,1231,-7,0,-21
mv B' code=0 aligned=1 homed=- ms=119.0 U=3135,3133,-2,2,1 R=1091,1091,0,0,0 F=674,673,-1,3,-8 D=3501,3501,0,2,-2 L=1249,1250,1,0,-1 B=1233,2258,1,1,-20
mv B' code=0 aligned=1 homed=- ms=119.0 U=3135,3133,-2,2,1 R=1091,1090,-1,0,-1 F=674,673,-1,3,-8 D=3501,3501,0,2,-2 L=1250,1250,0,0,-1 B=2259,3282,-1,2,-20
mv B' code=0 aligned=1 homed=- ms=119.0 U=3135,3133,-2,2,1 R=1091,1090,-1,0,-1 F=674,673,-1,3,-8 D=3501,3501,0,2,-2 L=1249,1250,1,0,-1 B=3284,213,1,3,-20
mv B' code=0 aligned=1 homed=- ms=119.0 U=3135,3133,-2,2,1 R=1091,1090,-1,0,-1 F=674,673,-1,3,-8 D=3501,3501,0,2,-2 L=1250,1250,0,0,-1 B=214,1231,-7,0,-21
mv B' code=0 aligned=1 homed=- ms=119.0 U=3135,3133,-2,2,1 R=1091,1090,-1,0,-1 F=674,674,0,3,-7 D=3501,3501,0,2,-2 L=1250,1250,0,0,-1 B=1233,2258,1,1,-20
mv B' code=0 aligned=1 homed=- ms=119.0 U=3135,3133,-2,2,1 R=1091,1090,-1,0,-1 F=674,673,-1,3,-8 D=3501,3501,0,2,-2 L=1249,1250,1,0,-1 B=2259,3282,-1,2,-20
mv B' code=0 aligned=1 homed=- ms=119.0 U=3135,3133,-2,2,1 R=1091,1090,-1,0,-1 F=674,673,-1,3,-8 D=3501,3501,0,2,-2 L=1250,1250,0,0,-1 B=3284,213,1,3,-20
mv B' code=0 aligned=1 homed=- ms=119.0 U=3135,3133,-2,2,1 R=1091,1090,-1,0,-1 F=674,674,0,3,-7 D=3501,3501,0,2,-2 L=1250,1250,0,0,-1 B=214,1231,-7,0,-21
mv B' code=0 aligned=1 homed=- ms=119.0 U=3135,3133,-2,2,1 R=1091,1090,-1,0,-1 F=674,673,-1,3,-8 D=3501,3501,0,2,-2 L=1249,1250,1,0,-1 B=1233,2258,1,1,-20
mv B' code=0 aligned=1 homed=- ms=119.0 U=3135,3133,-2,2,1 R=1091,1090,-1,0,-1 F=674,673,-1,3,-8 D=3501,3501,0,2,-2 L=1249,1250,1,0,-1 B=2259,3282,-1,2,-20
mv B' code=0 aligned=1 homed=- ms=119.0 U=3135,3133,-2,2,1 R=1091,1090,-1,0,-1 F=674,673,-1,3,-8 D=3501,3501,0,2,-2 L=1250,1250,0,0,-1 B=3284,213,1,3,-20
mv B' code=0 aligned=1 homed=- ms=119.0 U=3135,3133,-2,2,1 R=1091,1090,-1,0,-1 F=674,673,-1,3,-8 D=3501,3501,0,2,-2 L=1250,1250,0,0,-1 B=214,1231,-7,0,-21
mv B' code=0 aligned=1 homed=- ms=119.0 U=3135,3133,-2,2,1 R=1091,1090,-1,0,-1 F=674,673,-1,3,-8 D=3501,3501,0,2,-2 L=1250,1250,0,0,-1 B=1233,2258,1,1,-20
mv B' code=0 aligned=1 homed=- ms=119.0 U=3135,3133,-2,2,1 R=1091,1090,-1,0,-1 F=674,673,-1,3,-8 D=3501,3501,0,2,-2 L=1249,1250,1,0,-1 B=2259,3282,-1,2,-20
mv B' code=0 aligned=1 homed=- ms=119.0 U=3136,3133,-3,2,1 R=1091,1090,-1,0,-1 F=674,673,-1,3,-8 D=3501,3501,0,2,-2 L=1250,1250,0,0,-1 B=3284,213,1,3,-20
mv B' code=0 aligned=1 homed=- ms=119.0 U=3135,3133,-2,2,1 R=1091,1090,-1,0,-1 F=674,673,-1,3,-8 D=3501,3501,0,2,-2 L=1250,1250,0,0,-1 B=214,1231,-7,0,-21
mv B' code=0 aligned=1 homed=- ms=119.0 U=3135,3133,-2,2,1 R=1091,1090,-1,0,-1 F=674,673,-1,3,-8 D=3501,3501,0,2,-2 L=1249,1250,1,0,-1 B=1233,2258,1,1,-20
mv B' code=0 aligned=1 homed=- ms=119.0 U=3135,3133,-2,2,1 R=1091,1090,-1,0,-1 F=674,674,0,3,-7 D=3501,3501,0,2,-2 L=1249,1250,1,0,-1 B=2259,3283,0,2,-19
mv B' code=0 aligned=1 homed=- ms=119.0 U=3135,3133,-2,2,1 R=1091,1091,0,0,0 F=674,674,0,3,-7 D=3501,3501,0,2,-2 L=1250,1250,0,0,-1 B=3284,213,1,3,-20
mv B' code=0 aligned=1 homed=- ms=119.0 U=3135,3133,-2,2,1 R=1091,1091,0,0,0 F=674,673,-1,3,-8 D=3501,3501,0,2,-2 L=1249,1250,1,0,-1 B=214,1232,-6,0,-20
mv B' code=0 aligned=1 homed=- ms=119.0 U=3135,3133,-2,2,1 R=1091,1090,-1,0,-1 F=674,673,-1,3,-8 D=3501,3501,0,2,-2 L=1250,1250,0,0,-1 B=1232,2258,2,1,-20
mv B' code=0 aligned=1 homed=- ms=119.0 U=3135,3133,-2,2,1 R=1091,1090,-1,0,-1 F=674,673,-1,3,-8 D=3501,3501,0,2,-2 L=1250,1250,0,0,-1 B=2260,3282,-2,2,-20
mv B' code=0 aligned=1 homed=- ms=119.0 U=3135,3133,-2,2,1 R=1091,1091,0,0,0 F=674,673,-1,3,-8 D=3501,3501,0,2,-2 L=1249,1250,1,0,-1 B=3284,213,1,3,-20
mv B' code=0 aligned=1 homed=- ms=119.0 U=3135,3133,-2,2,1 R=1091,1090,-1,0,-1 F=674,673,-1,3,-8 D=3501,3501,0,2,-2 L=1249,1250,1,0,-1 B=214,1231,-7,0,-21
mv B' code=0 aligned=1 homed=- ms=119.0 U=3135,3133,-2,2,1 R=1091,1090,-1,0,-1 F=674,674,0,3,-7 D=3501,3501,0,2,-2 L=1249,1250,1,0,-1 B=1233,2258,1,1,-20
mv B' code=0 aligned=1 homed=- ms=119.0 U=3135,3133,-2,2,1 R=1091,1090,-1,0,-1 F=674,673,-1,3,-8 D=3501,3501,0,2,-2 L=1250,1250,0,0,-1 B=2260,3282,-2,2,-20
mv B' code=0 aligned=1 homed=- ms=119.0 U=3135,3133,-2,2,1 R=1091,1090,-1,0,-1 F=674,674,0,3,-7 D=3501,3501,0,2,-2 L=1250,1250,0,0,-1 B=3284,213,1,3,-20
mv B' code=0 aligned=1 homed=- ms=119.0 U=3135,3133,-2,2,1 R=1091,1090,-1,0,-1 F=674,674,0,3,-7 D=3501,3501,0,2,-2 L=1249,1250,1,0,-1 B=214,1231,-7,0,-21
mv B' code=0 aligned=1 homed=- ms=119.0 U=3135,3133,-2,2,1 R=1091,1090,-1,0,-1 F=674,673,-1,3,-8 D=3501,3501,0,2,-2 L=1249,1250,1,0,-1 B=1233,2258,1,1,-20
mv B' code=0 aligned=1 homed=- ms=119.0 U=3135,3133,-2,2,1 R=1091,1090,-1,0,-1 F=674,673,-1,3,-8 D=3501,3501,0,2,-2 L=1249,1250,1,0,-1 B=2260,3282,-2,2,-20
mv B' code=0 aligned=1 homed=- ms=119.0 U=3135,3133,-2,2,1 R=1091,1090,-1,0,-1 F=674,674,0,3,-7 D=3501,3501,0,2,-2 L=1249,1250,1,0,-1 B=3284,213,1,3,-20
mv B' code=0 aligned=1 homed=- ms=119.0 U=3135,3133,-2,2,1 R=1091,1090,-1,0,-1 F=674,673,-1,3,-8 D=3501,3501,0,2,-2 L=1250,1250,0,0,-1 B=214,1231,-7,0,-21
mv B' code=0 aligned=1 homed=- ms=119.0 U=3135,3133,-2,2,1 R=1091,1090,-1,0,-1 F=674,674,0,3,-7 D=3501,3501,0,2,-2 L=1249,1250,1,0,-1 B=1233,2258,1,1,-20
mv B' code=0 aligned=1 homed=- ms=119.0 U=3135,3133,-2,2,1 R=1091,1090,-1,0,-1 F=674,673,-1,3,-8 D=3501,3501,0,2,-2 L=1249,1250,1,0,-1 B=2260,3282,-2,2,-20
mv B' code=0 aligned=1 homed=- ms=119.0 U=3135,3133,-2,2,1 R=1091,1090,-1,0,-1 F=674,674,0,3,-7 D=3501,3501,0,2,-2 L=1250,1250,0,0,-1 B=3284,213,1,3,-20
mv B' code=0 aligned=1 homed=- ms=119.0 U=3135,3133,-2,2,1 R=1091,1090,-1,0,-1 F=674,673,-1,3,-8 D=3501,3501,0,2,-2 L=1250,1250,0,0,-1 B=214,1231,-7,0,-21
mv B' code=0 aligned=1 homed=- ms=119.0 U=3135,3133,-2,2,1 R=1091,1090,-1,0,-1 F=674,673,-1,3,-8 D=3501,3501,0,2,-2 L=1249,1250,1,0,-1 B=1233,2258,1,1,-20
mv B' code=0 aligned=1 homed=- ms=119.0 U=3135,3133,-2,2,1 R=1091,1090,-1,0,-1 F=674,673,-1,3,-8 D=3501,3501,0,2,-2 L=1249,1250,1,0,-1 B=2259,3282,-1,2,-20
mv B' code=0 aligned=1 homed=- ms=119.0 U=3135,3133,-2,2,1 R=1091,1090,-1,0,-1 F=674,673,-1,3,-8 D=3501,3501,0,2,-2 L=1249,1250,1,0,-1 B=3284,213,1,3,-20
mv B' code=0 aligned=1 homed=- ms=119.0 U=3135,3133,-2,2,1 R=1091,1090,-1,0,-1 F=674,673,-1,3,-8 D=3501,3501,0,2,-2 L=1250,1250,0,0,-1 B=214,1231,-7,0,-21
mv B' code=0 aligned=1 homed=- ms=119.0 U=3135,3133,-2,2,1 R=1091,1090,-1,0,-1 F=674,674,0,3,-7 D=3501,3501,0,2,-2 L=1250,1250,0,0,-1 B=1232,2258,2,1,-20
mv B' code=0 aligned=1 homed=- ms=119.0 U=3135,3133,-2,2,1 R=1091,1090,-1,0,-1 F=674,674,0,3,-7 D=3501,3501,0,2,-2 L=1249,1250,1,0,-1 B=2259,3282,-1,2,-20
mv B' code=0 aligned=1 homed=- ms=119.0 U=3135,3133,-2,2,1 R=1091,1090,-1,0,-1 F=674,673,-1,3,-8 D=3501,3501,0,2,-2 L=1249,1250,1,0,-1 B=3284,213,1,3,-20
mv B' code=0 aligned=1 homed=- ms=119.0 U=3135,3133,-2,2,1 R=1091,1090,-1,0,-1 F=674,673,-1,3,-8 D=3501,3501,0,2,-2 L=1250,1250,0,0,-1 B=214,1231,-7,0,-21
mv B' code=0 aligned=1 homed=- ms=119.0 U=3135,3133,-2,2,1 R=1091,1090,-1,0,-1 F=674,674,0,3,-7 D=3501,3501,0,2,-2 L=1250,1250,0,0,-1 B=1233,2258,1,1,-20
mv B' code=0 aligned=1 homed=- ms=119.0 U=3135,3133,-2,2,1 R=1091,1090,-1,0,-1 F=674,673,-1,3,-8 D=3501,3501,0,2,-2 L=1249,1250,1,0,-1 B=2260,3283,-1,2,-19
mv B' code=0 aligned=1 homed=- ms=119.0 U=3135,3133,-2,2,1 R=1091,1090,-1,0,-1 F=674,673,-1,3,-8 D=3501,3501,0,2,-2 L=1249,1250,1,0,-1 B=3284,213,1,3,-20
mv B' code=0 aligned=1 homed=- ms=119.0 U=3135,3133,-2,2,1 R=1091,1090,-1,0,-1 F=674,673,-1,3,-8 D=3501,3501,0,2,-2 L=1249,1250,1,0,-1 B=214,1231,-7,0,-21
mv B' code=0 aligned=1 homed=- ms=119.0 U=3135,3133,-2,2,1 R=1091,1090,-1,0,-1 F=674,673,-1,3,-8 D=3501,3501,0,2,-2 L=1249,1250,1,0,-1 B=1233,2258,1,1,-20
mv B' code=0 aligned=1 homed=- ms=119.0 U=3135,3133,-2,2,1 R=1091,1090,-1,0,-1 F=674,673,-1,3,-8 D=3501,3501,0,2,-2 L=1250,1250,0,0,-1 B=2259,3282,-1,2,-20
mv B' code=0 aligned=1 homed=- ms=119.0 U=3135,3133,-2,2,1 R=1091,1090,-1,0,-1 F=674,673,-1,3,-8 D=3501,3501,0,2,-2 L=1250,1250,0,0,-1 B=3284,213,1,3,-20
mv B' code=0 aligned=1 homed=- ms=119.0 U=3135,3133,-2,2,1 R=1091,1091,0,0,0 F=674,674,0,3,-7 D=3501,3501,0,2,-2 L=1249,1250,1,0,-1 B=214,1231,-7,0,-21
mv B' code=0 aligned=1 homed=- ms=119.0 U=3135,3133,-2,2,1 R=1091,1090,-1,0,-1 F=674,673,-1,3,-8 D=3501,3501,0,2,-2 L=1249,1250,1,0,-1 B=1232,2258,2,1,-20
mv B' code=0 aligned=1 homed=- ms=119.0 U=3135,3133,-2,2,1 R=1091,1090,-1,0,-1 F=674,673,-1,3,-8 D=3501,3501,0,2,-2 L=1249,1250,1,0,-1 B=2259,3282,-1,2,-20
mv B' code=0 aligned=1 homed=- ms=119.0 U=3135,3133,-2,2,1 R=1091,1090,-1,0,-1 F=674,673,-1,3,-8 D=3501,3501,0,2,-2 L=1249,1250,1,0,-1 B=3284,213,1,3,-20
mv B' code=0 aligned=1 homed=- ms=119.0 U=3135,3133,-2,2,1 R=1091,1090,-1,0,-1 F=674,673,-1,3,-8 D=3501,3501,0,2,-2 L=1249,1250,1,0,-1 B=214,1231,-7,0,-21
mv B' code=0 aligned=1 homed=- ms=119.0 U=3135,3133,-2,2,1 R=1091,1090,-1,0,-1 F=674,674,0,3,-7 D=3501,3501,0,2,-2 L=1249,1250,1,0,-1 B=1233,2258,1,1,-20
mv B' code=0 aligned=1 homed=- ms=119.0 U=3135,3133,-2,2,1 R=1091,1090,-1,0,-1 F=674,673,-1,3,-8 D=3501,3501,0,2,-2 L=1249,1250,1,0,-1 B=2260,3282,-2,2,-20
mv B' code=0 aligned=1 homed=- ms=119.0 U=3135,3133,-2,2,1 R=1091,1090,-1,0,-1 F=674,673,-1,3,-8 D=3501,3501,0,2,-2 L=1250,1250,0,0,-1 B=3284,213,1,3,-20
mv B' code=0 aligned=1 homed=- ms=119.0 U=3135,3133,-2,2,1 R=1091,1090,-1,0,-1 F=674,673,-1,3,-8 D=3501,3501,0,2,-2 L=1249,1250,1,0,-1 B=214,1231,-7,0,-21
mv B' code=0 aligned=1 homed=- ms=119.0 U=3135,3133,-2,2,1 R=1091,1090,-1,0,-1 F=674,674,0,3,-7 D=3501,3501,0,2,-2 L=1250,1249,-1,0,-2 B=1232,2258,2,1,-20
mv B' code=0 aligned=1 homed=- ms=119.0 U=3135,3133,-2,2,1 R=1091,1090,-1,0,-1 F=674,674,0,3,-7 D=3501,3501,0,2,-2 L=1249,1250,1,0,-1 B=2259,3282,-1,2,-20
mv B' code=0 aligned=1 homed=- ms=119.0 U=3135,3133,-2,2,1 R=1091,1090,-1,0,-1 F=674,673,-1,3,-8 D=3501,3501,0,2,-2 L=1250,1250,0,0,-1 B=3284,213,1,3,-20
mv B' code=0 aligned=1 homed=- ms=119.0 U=3136,3133,-3,2,1 R=1091,1090,-1,0,-1 F=674,673,-1,3,-8 D=3501,3501,0,2,-2 L=1250,1250,0,0,-1 B=214,1231,-7,0,-21
mv B' code=0 aligned=1 homed=- ms=119.0 U=3135,3133,-2,2,1 R=1091,1090,-1,0,-1 F=674,673,-1,3,-8 D=3501,3501,0,2,-2 L=1249,1250,1,0,-1 B=1232,2258,2,1,-20
mv B' code=0 aligned=1 homed=- ms=119.0 U=3135,3133,-2,2,1 R=1091,1090,-1,0,-1 F=674,673,-1,3,-8 D=3501,3501,0,2,-2 L=1249,1250,1,0,-1 B=2259,3283,0,2,-19
mv B' code=0 aligned=1 homed=- ms=119.0 U=3135,3133,-2,2,1 R=1091,1090,-1,0,-1 F=674,673,-1,3,-8 D=3501,3501,0,2,-2 L=1250,1250,0,0,-1 B=3284,213,1,3,-20
mv B' code=0 aligned=1 homed=- ms=119.0 U=3135,3133,-2,2,1 R=1091,1091,0,0,0 F=674,674,0,3,-7 D=3501,3501,0,2,-2 L=1249,1250,1,0,-1 B=214,1231,-7,0,-21
mv B' code=0 aligned=1 homed=- ms=119.0 U=3135,3133,-2,2,1 R=1091,1090,-1,0,-1 F=674,674,0,3,-7 D=3501,3501,0,2,-2 L=1249,1250,1,0,-1 B=1232,2258,2,1,-20
mv B' code=0 aligned=1 homed=- ms=119.0 U=3135,3133,-2,2,1 R=1091,1090,-1,0,-1 F=674,673,-1,3,-8 D=3501,3501,0,2,-2 L=1249,1250,1,0,-1 B=2260,3282,-2,2,-20
mv B' code=0 aligned=1 homed=- ms=119.0 U=3135,3133,-2,2,1 R=1091,1090,-1,0,-1 F=674,673,-1,3,-8 D=3501,3501,0,2,-2 L=1249,1250,1,0,-1 B=3284,213,1,3,-20
mv B' code=0 aligned=1 homed=- ms=119.0 U=3135,3133,-2,2,1 R=1091,1090,-1,0,-1 F=674,673,-1,3,-8 D=3501,3501,0,2,-2 L=1249,1250,1,0,-1 B=214,1231,-7,0,-21
mv B' code=0 aligned=1 homed=- ms=119.0 U=3135,3133,-2,2,1 R=1091,1090,-1,0,-1 F=674,674,0,3,-7 D=3501,3501,0,2,-2 L=1249,1250,1,0,-1 B=1233,2258,1,1,-20
mv B' code=0 aligned=1 homed=- ms=119.0 U=3135,3133,-2,2,1 R=1091,1090,-1,0,-1 F=674,673,-1,3,-8 D=3501,3501,0,2,-2 L=1250,1250,0,0,-1 B=2260,3282,-2,2,-20
mv B' code=0 aligned=1 homed=- ms=119.0 U=3135,3133,-2,2,1 R=1091,1090,-1,0,-1 F=674,673,-1,3,-8 D=3501,3501,0,2,-2 L=1250,1250,0,0,-1 B=3284,213,1,3,-20
mv B' code=0 aligned=1 homed=- ms=119.0 U=3135,3133,-2,2,1 R=1091,1090,-1,0,-1 F=674,673,-1,3,-8 D=3501,3501,0,2,-2 L=1249,1250,1,0,-1 B=214,1231,-7,0,-21
mv B' code=0 aligned=1 homed=- ms=119.0 U=3135,3133,-2,2,1 R=1091,1090,-1,0,-1 F=674,673,-1,3,-8 D=3501,3501,0,2,-2 L=1249,1250,1,0,-1 B=1233,2258,1,1,-20
mv B' code=0 aligned=1 homed=- ms=119.0 U=3136,3133,-3,2,1 R=1091,1090,-1,0,-1 F=674,673,-1,3,-8 D=3501,3501,0,2,-2 L=1250,1250,0,0,-1 B=2259,3282,-1,2,-20
mv B' code=0 aligned=1 homed=- ms=119.0 U=3136,3133,-3,2,1 R=1091,1090,-1,0,-1 F=674,674,0,3,-7 D=3501,3501,0,2,-2 L=1250,1250,0,0,-1 B=3284,213,1,3,-20
mv B' code=0 aligned=1 homed=- ms=119.0 U=3135,3133,-2,2,1 R=1091,1090,-1,0,-1 F=674,673,-1,3,-8 D=3501,3501,0,2,-2 L=1249,1250,1,0,-1 B=214,1231,-7,0,-21
mv B' code=0 aligned=1 homed=- ms=119.0 U=3135,3133,-2,2,1 R=1091,1090,-1,0,-1 F=674,673,-1,3,-8 D=3501,3501,0,2,-2 L=1249,1250,1,0,-1 B=1233,2258,1,1,-20
mv B' code=0 aligned=1 homed=- ms=119.0 U=3135,3133,-2,2,1 R=1091,1090,-1,0,-1 F=674,673,-1,3,-8 D=3501,3501,0,2,-2 L=1249,1250,1,0,-1 B=2260,3282,-2,2,-20
mv B' code=0 aligned=1 homed=- ms=119.0 U=3135,3133,-2,2,1 R=1091,1090,-1,0,-1 F=674,673,-1,3,-8 D=3501,3501,0,2,-2 L=1250,1250,0,0,-1 B=3284,213,1,3,-20
mv B' code=0 aligned=1 homed=- ms=119.0 U=3135,3133,-2,2,1 R=1091,1090,-1,0,-1 F=674,674,0,3,-7 D=3501,3501,0,2,-2 L=1250,1250,0,0,-1 B=214,1231,-7,0,-21
mv B' code=0 aligned=1 homed=- ms=119.0 U=3135,3133,-2,2,1 R=1091,1090,-1,0,-1 F=674,673,-1,3,-8 D=3501,3501,0,2,-2 L=1249,1250,1,0,-1 B=1233,2258,1,1,-20
mv B' code=0 aligned=1 homed=- ms=119.0 U=3135,3133,-2,2,1 R=1091,1091,0,0,0 F=674,673,-1,3,-8 D=3501,3501,0,2,-2 L=1249,1250,1,0,-1 B=2259,3283,0,2,-19
mv B' code=0 aligned=1 homed=- ms=119.0 U=3135,3133,-2,2,1 R=1091,1090,-1,0,-1 F=674,674,0,3,-7 D=3501,3501,0,2,-2 L=1249,1250,1,0,-1 B=3284,213,1,3,-20
mv B' code=0 aligned=1 homed=- ms=119.0 U=3136,3133,-3,2,1 R=1091,1090,-1,0,-1 F=674,673,-1,3,-8 D=3501,3501,0,2,-2 L=1250,1250,0,0,-1 B=214,1231,-7,0,-21
mv B' code=0 aligned=1 homed=- ms=119.0 U=3135,3133,-2,2,1 R=1091,1090,-1,0,-1 F=674,673,-1,3,-8 D=3501,3501,0,2,-2 L=1249,1250,1,0,-1 B=1233,2258,1,1,-20
mv B' code=0 aligned=1 homed=- ms=119.0 U=3135,3133,-2,2,1 R=1091,1090,-1,0,-1 F=674,674,0,3,-7 D=3501,3501,0,2,-2 L=1249,1250,1,0,-1 B=2259,3282,-1,2,-20
mv B' code=0 aligned=1 homed=- ms=119.0 U=3135,3133,-2,2,1 R=1091,1090,-1,0,-1 F=674,673,-1,3,-8 D=3501,3501,0,2,-2 L=1250,1250,0,0,-1 B=3284,213,1,3,-20
mv B' code=0 aligned=1 homed=- ms=119.0 U=3135,3133,-2,2,1 R=1091,1091,0,0,0 F=674,673,-1,3,-8 D=3501,3501,0,2,-2 L=1250,1250,0,0,-1 B=214,1231,-7,0,-21
mv B' code=0 aligned=1 homed=- ms=119.0 U=3135,3133,-2,2,1 R=1091,1090,-1,0,-1 F=674,673,-1,3,-8 D=3501,3501,0,2,-2 L=1250,1250,0,0,-1 B=1233,2258,1,1,-20
mv B' code=0 aligned=1 homed=- ms=119.0 U=3135,3133,-2,2,1 R=1091,1090,-1,0,-1 F=674,674,0,3,-7 D=3501,3501,0,2,-2 L=1249,1250,1,0,-1 B=2259,3282,-1,2,-20
mv B' code=0 aligned=1 homed=- ms=119.0 U=3135,3133,-2,2,1 R=1091,1090,-1,0,-1 F=674,673,-1,3,-8 D=3501,3501,0,2,-2 L=1250,1250,0,0,-1 B=3284,213,1,3,-20
mv B' code=0 aligned=1 homed=- ms=119.0 U=3135,3133,-2,2,1 R=1091,1090,-1,0,-1 F=674,674,0,3,-7 D=3501,3501,0,2,-2 L=1249,1250,1,0,-1 B=214,1231,-7,0,-21
mv B' code=0 aligned=1 homed=- ms=119.0 U=3135,3133,-2,2,1 R=1091,1090,-1,0,-1 F=674,673,-1,3,-8 D=3501,3501,0,2,-2 L=1249,1250,1,0,-1 B=1233,2258,1,1,-20
mv B' code=0 aligned=1 homed=- ms=119.0 U=3135,3133,-2,2,1 R=1091,1090,-1,0,-1 F=674,674,0,3,-7 D=3501,3501,0,2,-2 L=1249,1250,1,0,-1 B=2259,3283,0,2,-19
mv B' code=0 aligned=1 homed=- ms=119.0 U=3135,3133,-2,2,1 R=1091,1090,-1,0,-1 F=674,673,-1,3,-8 D=3501,3501,0,2,-2 L=1250,1250,0,0,-1 B=3284,213,1,3,-20
mv B' code=0 aligned=1 homed=- ms=119.0 U=3135,3133,-2,2,1 R=1091,1091,0,0,0 F=674,673,-1,3,-8 D=3501,3501,0,2,-2 L=1249,1250,1,0,-1 B=214,1231,-7,0,-21
mv B' code=0 aligned=1 homed=- ms=119.0 U=3135,3133,-2,2,1 R=1091,1090,-1,0,-1 F=674,674,0,3,-7 D=3501,3501,0,2,-2 L=1250,1250,0,0,-1 B=1232,2258,2,1,-20
mv B' code=0 aligned=1 homed=- ms=119.0 U=3136,3133,-3,2,1 R=1091,1090,-1,0,-1 F=674,673,-1,3,-8 D=3501,3501,0,2,-2 L=1250,1250,0,0,-1 B=2260,3282,-2,2,-20
mv B' code=0 aligned=1 homed=- ms=119.0 U=3135,3133,-2,2,1 R=1091,1091,0,0,0 F=674,673,-1,3,-8 D=3501,3501,0,2,-2 L=1249,1250,1,0,-1 B=3284,213,1,3,-20
mv B' code=0 aligned=1 homed=- ms=119.0 U=3135,3133,-2,2,1 R=1091,1091,0,0,0 F=674,674,0,3,-7 D=3501,3501,0,2,-2 L=1249,1250,1,0,-1 B=214,1231,-7,0,-21
mv B' code=0 aligned=1 homed=- ms=119.0 U=3135,3133,-2,2,1 R=1091,1091,0,0,0 F=674,673,-1,3,-8 D=3501,3501,0,2,-2 L=1249,1250,1,0,-1 B=1233,2258,1,1,-20
mv B' code=0 aligned=1 homed=- ms=119.0 U=3135,3133,-2,2,1 R=1091,1090,-1,0,-1 F=674,673,-1,3,-8 D=3501,3501,0,2,-2 L=1250,1250,0,0,-1 B=2259,3283,0,2,-19
mv B' code=0 aligned=1 homed=- ms=119.0 U=3135,3133,-2,2,1 R=1091,1091,0,0,0 F=674,674,0,3,-7 D=3501,3501,0,2,-2 L=1249,1250,1,0,-1 B=3284,213,1,3,-20
mv B' code=0 aligned=1 homed=- ms=119.0 U=3135,3133,-2,2,1 R=1091,1090,-1,0,-1 F=674,673,-1,3,-8 D=3501,3501,0,2,-2 L=1249,1250,1,0,-1 B=214,1231,-7,0,-21
mv B' code=0 aligned=1 homed=- ms=119.0 U=3135,3133,-2,2,1 R=1091,1090,-1,0,-1 F=674,673,-1,3,-8 D=3501,3501,0,2,-2 L=1249,1250,1,0,-1 B=1233,2258,1,1,-20
mv B' code=0 aligned=1 homed=- ms=119.0 U=3135,3133,-2,2,1 R=1091,1090,-1,0,-1 F=674,673,-1,3,-8 D=3501,3501,0,2,-2 L=1250,1250,0,0,-1 B=2260,3282,-2,2,-20
mv B' code=0 aligned=1 homed=- ms=119.0 U=3135,3133,-2,2,1 R=1091,1090,-1,0,-1 F=674,673,-1,3,-8 D=3501,3501,0,2,-2 L=1250,1250,0,0,-1 B=3284,213,1,3,-20
mv B' code=0 aligned=1 homed=- ms=119.0 U=3135,3133,-2,2,1 R=1091,1090,-1,0,-1 F=674,673,-1,3,-8 D=3501,3501,0,2,-2 L=1249,1250,1,0,-1 B=214,1231,-7,0,-21
mv B' code=0 aligned=1 homed=- ms=119.0 U=3135,3133,-2,2,1 R=1091,1090,-1,0,-1 F=674,673,-1,3,-8 D=3501,3501,0,2,-2 L=1250,1250,0,0,-1 B=1233,2258,1,1,-20
mv B' code=0 aligned=1 homed=- ms=119.0 U=3135,3133,-2,2,1 R=1091,1090,-1,0,-1 F=674,674,0,3,-7 D=3501,3501,0,2,-2 L=1249,1250,1,0,-1 B=2259,3282,-1,2,-20
mv B' code=0 aligned=1 homed=- ms=119.0 U=3135,3133,-2,2,1 R=1091,1090,-1,0,-1 F=674,673,-1,3,-8 D=3501,3501,0,2,-2 L=1249,1250,1,0,-1 B=3284,213,1,3,-20
mv B' code=0 aligned=1 homed=- ms=119.0 U=3135,3133,-2,2,1 R=1091,1090,-1,0,-1 F=674,673,-1,3,-8 D=3501,3501,0,2,-2 L=1249,1250,1,0,-1 B=214,1231,-7,0,-21
mv B' code=0 aligned=1 homed=- ms=119.0 U=3135,3133,-2,2,1 R=1091,1090,-1,0,-1 F=674,674,0,3,-7 D=3501,3501,0,2,-2 L=1250,1250,0,0,-1 B=1233,2258,1,1,-20
mv B' code=0 aligned=1 homed=- ms=119.0 U=3135,3133,-2,2,1 R=1091,1090,-1,0,-1 F=674,674,0,3,-7 D=3501,3501,0,2,-2 L=1249,1250,1,0,-1 B=2259,3282,-1,2,-20
mv B' code=0 aligned=1 homed=- ms=119.0 U=3135,3133,-2,2,1 R=1091,1090,-1,0,-1 F=674,673,-1,3,-8 D=3501,3501,0,2,-2 L=1250,1250,0,0,-1 B=3284,213,1,3,-20
mv B' code=0 aligned=1 homed=- ms=119.0 U=3135,3133,-2,2,1 R=1091,1090,-1,0,-1 F=674,674,0,3,-7 D=3501,3501,0,2,-2 L=1249,1250,1,0,-1 B=214,1231,-7,0,-21
mv B' code=0 aligned=1 homed=- ms=119.0 U=3135,3133,-2,2,1 R=1091,1090,-1,0,-1 F=674,673,-1,3,-8 D=3501,3501,0,2,-2 L=1249,1249,0,0,-2 B=1233,2258,1,1,-20
mv B' code=0 aligned=1 homed=- ms=119.0 U=3135,3133,-2,2,1 R=1091,1090,-1,0,-1 F=674,674,0,3,-7 D=3501,3501,0,2,-2 L=1249,1250,1,0,-1 B=2259,3282,-1,2,-20
mv B' code=0 aligned=1 homed=- ms=119.0 U=3135,3133,-2,2,1 R=1091,1090,-1,0,-1 F=674,673,-1,3,-8 D=3501,3501,0,2,-2 L=1250,1250,0,0,-1 B=3284,213,1,3,-20
mv B' code=0 aligned=1 homed=- ms=119.0 U=3135,3133,-2,2,1 R=1091,1090,-1,0,-1 F=674,673,-1,3,-8 D=3501,3501,0,2,-2 L=1250,1250,0,0,-1 B=214,1231,-7,0,-21
mv B' code=0 aligned=1 homed=- ms=119.0 U=3135,3133,-2,2,1 R=1091,1090,-1,0,-1 F=674,673,-1,3,-8 D=3501,3501,0,2,-2 L=1249,1250,1,0,-1 B=1233,2258,1,1,-20
mv B' code=0 aligned=1 homed=- ms=119.0 U=3135,3133,-2,2,1 R=1091,1091,0,0,0 F=674,674,0,3,-7 D=3501,3501,0,2,-2 L=1250,1250,0,0,-1 B=2259,3283,0,2,-19
mv B' code=0 aligned=1 homed=- ms=119.0 U=3135,3133,-2,2,1 R=1091,1090,-1,0,-1 F=674,673,-1,3,-8 D=3501,3501,0,2,-2 L=1249,1250,1,0,-1 B=3284,213,1,3,-20
mv B' code=0 aligned=1 homed=- ms=119.0 U=3135,3133,-2,2,1 R=1091,1090,-1,0,-1 F=674,673,-1,3,-8 D=3501,3501,0,2,-2 L=1249,1250,1,0,-1 B=214,1231,-7,0,-21
mv B' code=0 aligned=1 homed=- ms=119.0 U=3135,3133,-2,2,1 R=1091,1090,-1,0,-1 F=674,673,-1,3,-8 D=3501,3501,0,2,-2 L=1249,1250,1,0,-1 B=1232,2258,2,1,-20
mv B' code=0 aligned=1 homed=- ms=119.0 U=3135,3133,-2,2,1 R=1091,1090,-1,0,-1 F=674,673,-1,3,-8 D=3501,3501,0,2,-2 L=1249,1250,1,0,-1 B=2259,3282,-1,2,-20
mv B' code=0 aligned=1 homed=- ms=119.0 U=3135,3133,-2,2,1 R=1091,1090,-1,0,-1 F=674,673,-1,3,-8 D=3501,3501,0,2,-2 L=1249,1250,1,0,-1 B=3284,213,1,3,-20
mv B' code=0 aligned=1 homed=- ms=119.0 U=3135,3133,-2,2,1 R=1091,1090,-1,0,-1 F=674,674,0,3,-7 D=3501,3501,0,2,-2 L=1249,1250,1,0,-1 B=214,1231,-7,0,-21
mv B' code=0 aligned=1 homed=- ms=119.0 U=3136,3133,-3,2,1 R=1091,1090,-1,0,-1 F=674,673,-1,3,-8 D=3501,3501,0,2,-2 L=1249,1250,1,0,-1 B=1233,2258,1,1,-20
mv B' code=0 aligned=1 homed=- ms=119.0 U=3135,3133,-2,2,1 R=1091,1091,0,0,0 F=674,673,-1,3,-8 D=3501,3501,0,2,-2 L=1250,1250,0,0,-1 B=2260,3282,-2,2,-20
mv B' code=0 aligned=1 homed=- ms=119.0 U=3135,3133,-2,2,1 R=1091,1090,-1,0,-1 F=674,673,-1,3,-8 D=3501,3501,0,2,-2 L=1249,1250,1,0,-1 B=3284,213,1,3,-20
mv B' code=0 aligned=1 homed=- ms=119.0 U=3135,3133,-2,2,1 R=1091,1090,-1,0,-1 F=674,674,0,3,-7 D=3501,3501,0,2,-2 L=1249,1250,1,0,-1 B=214,1231,-7,0,-21
mv B' code=0 aligned=1 homed=- ms=119.0 U=3135,3133,-2,2,1 R=1091,1090,-1,0,-1 F=674,673,-1,3,-8 D=3501,3501,0,2,-2 L=1250,1250,0,0,-1 B=1233,2258,1,1,-20
mv B' code=0 aligned=1 homed=- ms=119.0 U=3135,3133,-2,2,1 R=1091,1091,0,0,0 F=674,673,-1,3,-8 D=3501,3501,0,2,-2 L=1250,1250,0,0,-1 B=2259,3282,-1,2,-20
mv B' code=0 aligned=1 homed=- ms=119.0 U=3135,3133,-2,2,1 R=1091,1091,0,0,0 F=674,673,-1,3,-8 D=3501,3501,0,2,-2 L=1249,1250,1,0,-1 B=3284,213,1,3,-20
mv B' code=0 aligned=1 homed=- ms=119.0 U=3135,3133,-2,2,1 R=1091,1090,-1,0,-1 F=674,673,-1,3,-8 D=3501,3501,0,2,-2 L=1250,1250,0,0,-1 B=214,1231,-7,0,-21
mv B' code=0 aligned=1 homed=- ms=119.0 U=3135,3133,-2,2,1 R=1091,1090,-1,0,-1 F=674,674,0,3,-7 D=3501,3501,0,2,-2 L=1249,1250,1,0,-1 B=1233,2258,1,1,-20
mv B' code=0 aligned=1 homed=- ms=119.0 U=3135,3133,-2,2,1 R=1091,1091,0,0,0 F=674,673,-1,3,-8 D=3501,3501,0,2,-2 L=1249,1250,1,0,-1 B=2259,3282,-1,2,-20
mv B' code=0 aligned=1 homed=- ms=119.0 U=3135,3133,-2,2,1 R=1091,1090,-1,0,-1 F=674,673,-1,3,-8 D=3501,3501,0,2,-2 L=1250,1250,0,0,-1 B=3284,213,1,3,-20
mv B' code=0 aligned=1 homed=- ms=119.0 U=3135,3133,-2,2,1 R=1091,1090,-1,0,-1 F=674,673,-1,3,-8 D=3501,3501,0,2,-2 L=1249,1250,1,0,-1 B=214,1231,-7,0,-21
rep moves=200 notaligned=0 homings=0 failures=0 avgms=119.0
res U=- R=- F=- D=- L=- B=200,-1.5,3.6,7
ok
> health
health U=1,1,0/128/686 R=1,1,0/128/1627 F=1,1,0/128/1793 D=1,1,0/128/1578 L=1,1,0/128/682 B=1,1,0/128/1293 RING=1,1,0/128/1611
ok
> home
[align] motor 0 err=3 counts (0.3 steps)
[align] motor 1 err=0 counts (0.0 steps)
[align] motor 2 err=-7 counts (-0.7 steps)
[align] motor 3 err=-1 counts (-0.1 steps)
[align] motor 4 err=-3 counts (-0.3 steps)
[align] motor 5 err=-17 counts (-1.7 steps)
home code=0 ms=5 en=0
enc U=3133 R=1090 F=673 D=3501 L=1250 B=1230 RING=2768
near U=2:1 R=0:-1 F=3:-8 D=2:-2 L=0:-1 B=0:-22
ok
> enc
enc U=3135 R=1091 F=674 D=3501 L=1250 B=1232 RING=2768
near U=2:3 R=0:0 F=3:-7 D=2:-2 L=0:-1 B=0:-20
ok
> rep 50 B2 B2
mv B2 code=0 aligned=1 homed=- ms=219.0 U=3135,3133,-2,2,1 R=1091,1090,-1,0,-1 F=674,673,-1,3,-8 D=3501,3501,0,2,-2 L=1249,1250,1,0,-1 B=1232,3284,4,2,-18
mv B2 code=0 aligned=1 homed=- ms=219.0 U=3135,3133,-2,2,1 R=1091,1090,-1,0,-1 F=674,673,-1,3,-8 D=3501,3501,0,2,-2 L=1249,1250,1,0,-1 B=3285,1233,-4,0,-19
mv B2 code=0 aligned=1 homed=- ms=219.0 U=3135,3133,-2,2,1 R=1091,1090,-1,0,-1 F=674,673,-1,3,-8 D=3501,3501,0,2,-2 L=1249,1250,1,0,-1 B=1234,3284,2,2,-18
mv B2 code=0 aligned=1 homed=- ms=219.0 U=3136,3133,-3,2,1 R=1091,1090,-1,0,-1 F=674,673,-1,3,-8 D=3501,3501,0,2,-2 L=1250,1250,0,0,-1 B=3285,1233,-4,0,-19
mv B2 code=0 aligned=1 homed=- ms=219.0 U=3135,3133,-2,2,1 R=1091,1090,-1,0,-1 F=674,673,-1,3,-8 D=3501,3501,0,2,-2 L=1249,1250,1,0,-1 B=1233,3285,4,2,-17
mv B2 code=0 aligned=1 homed=- ms=219.0 U=3135,3133,-2,2,1 R=1091,1091,0,0,0 F=674,673,-1,3,-8 D=3501,3501,0,2,-2 L=1249,1250,1,0,-1 B=3285,1233,-4,0,-19
mv B2 code=0 aligned=1 homed=- ms=219.0 U=3135,3133,-2,2,1 R=1091,1090,-1,0,-1 F=674,673,-1,3,-8 D=3501,3501,0,2,-2 L=1250,1250,0,0,-1 B=1234,3284,2,2,-18
mv B2 code=0 aligned=1 homed=- ms=219.0 U=3135,3133,-2,2,1 R=1091,1090,-1,0,-1 F=674,673,-1,3,-8 D=3501,3501,0,2,-2 L=1249,1250,1,0,-1 B=3285,1233,-4,0,-19
mv B2 code=0 aligned=1 homed=- ms=219.0 U=3135,3133,-2,2,1 R=1091,1090,-1,0,-1 F=674,673,-1,3,-8 D=3501,3501,0,2,-2 L=1249,1250,1,0,-1 B=1234,3284,2,2,-18
mv B2 code=0 aligned=1 homed=- ms=219.0 U=3135,3133,-2,2,1 R=1091,1090,-1,0,-1 F=674,673,-1,3,-8 D=3501,3501,0,2,-2 L=1249,1250,1,0,-1 B=3285,1233,-4,0,-19
mv B2 code=0 aligned=1 homed=- ms=219.0 U=3135,3133,-2,2,1 R=1091,1090,-1,0,-1 F=674,673,-1,3,-8 D=3501,3501,0,2,-2 L=1249,1249,0,0,-2 B=1234,3284,2,2,-18
mv B2 code=0 aligned=1 homed=- ms=219.0 U=3135,3133,-2,2,1 R=1091,1090,-1,0,-1 F=674,673,-1,3,-8 D=3501,3501,0,2,-2 L=1249,1250,1,0,-1 B=3285,1233,-4,0,-19
mv B2 code=0 aligned=1 homed=- ms=219.0 U=3135,3133,-2,2,1 R=1091,1091,0,0,0 F=674,673,-1,3,-8 D=3501,3501,0,2,-2 L=1250,1250,0,0,-1 B=1234,3284,2,2,-18
mv B2 code=0 aligned=1 homed=- ms=219.0 U=3135,3133,-2,2,1 R=1091,1090,-1,0,-1 F=674,673,-1,3,-8 D=3501,3501,0,2,-2 L=1249,1250,1,0,-1 B=3286,1233,-5,0,-19
mv B2 code=0 aligned=1 homed=- ms=219.0 U=3135,3133,-2,2,1 R=1091,1090,-1,0,-1 F=674,673,-1,3,-8 D=3501,3501,0,2,-2 L=1249,1250,1,0,-1 B=1234,3285,3,2,-17
mv B2 code=0 aligned=1 homed=- ms=219.0 U=3135,3133,-2,2,1 R=1091,1090,-1,0,-1 F=674,673,-1,3,-8 D=3501,3501,0,2,-2 L=1249,1250,1,0,-1 B=3285,1233,-4,0,-19
mv B2 code=0 aligned=1 homed=- ms=219.0 U=3135,3133,-2,2,1 R=1091,1090,-1,0,-1 F=674,673,-1,3,-8 D=3501,3501,0,2,-2 L=1249,1250,1,0,-1 B=1233,3284,3,2,-18
mv B2 code=0 aligned=1 homed=- ms=219.0 U=3135,3133,-2,2,1 R=1091,1090,-1,0,-1 F=674,673,-1,3,-8 D=3501,3501,0,2,-2 L=1249,1250,1,0,-1 B=3285,1233,-4,0,-19
mv B2 code=0 aligned=1 homed=- ms=219.0 U=3135,3133,-2,2,1 R=1091,1090,-1,0,-1 F=674,674,0,3,-7 D=3501,3501,0,2,-2 L=1250,1250,0,0,-1 B=1234,3284,2,2,-18
mv B2 code=0 aligned=1 homed=- ms=219.0 U=3136,3133,-3,2,1 R=1091,1090,-1,0,-1 F=674,673,-1,3,-8 D=3501,3501,0,2,-2 L=1249,1250,1,0,-1 B=3285,1233,-4,0,-19
mv B2 code=0 aligned=1 homed=- ms=219.0 U=3135,3133,-2,2,1 R=1091,1090,-1,0,-1 F=674,673,-1,3,-8 D=3501,3501,0,2,-2 L=1249,1249,0,0,-2 B=1234,3285,3,2,-17
mv B2 code=0 aligned=1 homed=- ms=219.0 U=3135,3133,-2,2,1 R=1091,1090,-1,0,-1 F=674,673,-1,3,-8 D=3501,3501,0,2,-2 L=1250,1250,0,0,-1 B=3285,1233,-4,0,-19
mv B2 code=0 aligned=1 homed=- ms=219.0 U=3135,3133,-2,2,1 R=1091,1091,0,0,0 F=674,673,-1,3,-8 D=3501,3501,0,2,-2 L=1249,1250,1,0,-1 B=1234,3285,3,2,-17
mv B2 code=0 aligned=1 homed=- ms=219.0 U=3135,3133,-2,2,1 R=1091,1090,-1,0,-1 F=674,673,-1,3,-8 D=3501,3501,0,2,-2 L=1249,1250,1,0,-1 B=3285,1233,-4,0,-19
mv B2 code=0 aligned=1 homed=- ms=219.0 U=3135,3133,-2,2,1 R=1091,1090,-1,0,-1 F=674,674,0,3,-7 D=3501,3501,0,2,-2 L=1250,1250,0,0,-1 B=1234,3285,3,2,-17
mv B2 code=0 aligned=1 homed=- ms=219.0 U=3135,3133,-2,2,1 R=1091,1090,-1,0,-1 F=674,673,-1,3,-8 D=3501,3501,0,2,-2 L=1249,1250,1,0,-1 B=3285,1233,-4,0,-19
mv B2 code=0 aligned=1 homed=- ms=219.0 U=3135,3133,-2,2,1 R=1091,1090,-1,0,-1 F=674,673,-1,3,-8 D=3501,3501,0,2,-2 L=1250,1250,0,0,-1 B=1234,3285,3,2,-17
mv B2 code=0 aligned=1 homed=- ms=219.0 U=3135,3133,-2,2,1 R=1091,1090,-1,0,-1 F=674,673,-1,3,-8 D=3501,3501,0,2,-2 L=1249,1250,1,0,-1 B=3285,1233,-4,0,-19
mv B2 code=0 aligned=1 homed=- ms=219.0 U=3135,3133,-2,2,1 R=1091,1091,0,0,0 F=674,673,-1,3,-8 D=3501,3501,0,2,-2 L=1249,1250,1,0,-1 B=1234,3284,2,2,-18
mv B2 code=0 aligned=1 homed=- ms=219.0 U=3135,3133,-2,2,1 R=1091,1090,-1,0,-1 F=674,674,0,3,-7 D=3501,3501,0,2,-2 L=1249,1250,1,0,-1 B=3285,1233,-4,0,-19
mv B2 code=0 aligned=1 homed=- ms=219.0 U=3135,3133,-2,2,1 R=1091,1090,-1,0,-1 F=674,673,-1,3,-8 D=3501,3501,0,2,-2 L=1249,1250,1,0,-1 B=1234,3284,2,2,-18
mv B2 code=0 aligned=1 homed=- ms=219.0 U=3135,3133,-2,2,1 R=1091,1090,-1,0,-1 F=674,673,-1,3,-8 D=3501,3501,0,2,-2 L=1249,1250,1,0,-1 B=3285,1233,-4,0,-19
mv B2 code=0 aligned=1 homed=- ms=219.0 U=3135,3133,-2,2,1 R=1091,1090,-1,0,-1 F=674,673,-1,3,-8 D=3501,3501,0,2,-2 L=1249,1250,1,0,-1 B=1234,3284,2,2,-18
mv B2 code=0 aligned=1 homed=- ms=219.0 U=3135,3133,-2,2,1 R=1091,1091,0,0,0 F=674,673,-1,3,-8 D=3501,3501,0,2,-2 L=1250,1250,0,0,-1 B=3285,1233,-4,0,-19
mv B2 code=0 aligned=1 homed=- ms=219.0 U=3135,3133,-2,2,1 R=1091,1090,-1,0,-1 F=674,673,-1,3,-8 D=3501,3501,0,2,-2 L=1249,1250,1,0,-1 B=1234,3285,3,2,-17
mv B2 code=0 aligned=1 homed=- ms=219.0 U=3135,3133,-2,2,1 R=1091,1090,-1,0,-1 F=674,673,-1,3,-8 D=3501,3501,0,2,-2 L=1250,1250,0,0,-1 B=3286,1233,-5,0,-19
mv B2 code=0 aligned=1 homed=- ms=219.0 U=3135,3133,-2,2,1 R=1091,1090,-1,0,-1 F=674,673,-1,3,-8 D=3501,3501,0,2,-2 L=1249,1250,1,0,-1 B=1234,3284,2,2,-18
mv B2 code=0 aligned=1 homed=- ms=219.0 U=3135,3133,-2,2,1 R=1091,1090,-1,0,-1 F=674,673,-1,3,-8 D=3501,3501,0,2,-2 L=1249,1249,0,0,-2 B=3285,1233,-4,0,-19
mv B2 code=0 aligned=1 homed=- ms=219.0 U=3135,3133,-2,2,1 R=1091,1091,0,0,0 F=674,673,-1,3,-8 D=3501,3501,0,2,-2 L=1249,1250,1,0,-1 B=1234,3284,2,2,-18
mv B2 code=0 aligned=1 homed=- ms=219.0 U=3135,3133,-2,2,1 R=1091,1091,0,0,0 F=674,673,-1,3,-8 D=3501,3501,0,2,-2 L=1249,1250,1,0,-1 B=3285,1233,-4,0,-19
mv B2 code=0 aligned=1 homed=- ms=219.0 U=3136,3133,-3,2,1 R=1091,1090,-1,0,-1 F=674,674,0,3,-7 D=3501,3501,0,2,-2 L=1249,1250,1,0,-1 B=1234,3285,3,2,-17
mv B2 code=0 aligned=1 homed=- ms=219.0 U=3135,3133,-2,2,1 R=1091,1090,-1,0,-1 F=674,674,0,3,-7 D=3501,3501,0,2,-2 L=1250,1250,0,0,-1 B=3285,1233,-4,0,-19
mv B2 code=0 aligned=1 homed=- ms=219.0 U=3135,3133,-2,2,1 R=1091,1090,-1,0,-1 F=674,673,-1,3,-8 D=3501,3501,0,2,-2 L=1250,1250,0,0,-1 B=1234,3284,2,2,-18
mv B2 code=0 aligned=1 homed=- ms=219.0 U=3135,3133,-2,2,1 R=1091,1090,-1,0,-1 F=674,673,-1,3,-8 D=3501,3501,0,2,-2 L=1249,1250,1,0,-1 B=3285,1233,-4,0,-19
mv B2 code=0 aligned=1 homed=- ms=219.0 U=3135,3133,-2,2,1 R=1091,1090,-1,0,-1 F=674,673,-1,3,-8 D=3501,3501,0,2,-2 L=1249,1250,1,0,-1 B=1234,3284,2,2,-18
mv B2 code=0 aligned=1 homed=- ms=219.0 U=3135,3133,-2,2,1 R=1091,1090,-1,0,-1 F=674,673,-1,3,-8 D=3501,3501,0,2,-2 L=1249,1250,1,0,-1 B=3285,1233,-4,0,-19
mv B2 code=0 aligned=1 homed=- ms=219.0 U=3135,3133,-2,2,1 R=1091,1090,-1,0,-1 F=674,673,-1,3,-8 D=3501,3501,0,2,-2 L=1249,1250,1,0,-1 B=1234,3285,3,2,-17
mv B2 code=0 aligned=1 homed=- ms=219.0 U=3135,3133,-2,2,1 R=1091,1090,-1,0,-1 F=674,673,-1,3,-8 D=3501,3501,0,2,-2 L=1249,1250,1,0,-1 B=3285,1233,-4,0,-19
mv B2 code=0 aligned=1 homed=- ms=219.0 U=3135,3133,-2,2,1 R=1091,1090,-1,0,-1 F=674,673,-1,3,-8 D=3501,3501,0,2,-2 L=1250,1250,0,0,-1 B=1234,3284,2,2,-18
mv B2 code=0 aligned=1 homed=- ms=219.0 U=3135,3133,-2,2,1 R=1091,1090,-1,0,-1 F=674,673,-1,3,-8 D=3501,3501,0,2,-2 L=1250,1250,0,0,-1 B=3285,1233,-4,0,-19
mv B2 code=0 aligned=1 homed=- ms=219.0 U=3135,3133,-2,2,1 R=1091,1090,-1,0,-1 F=674,673,-1,3,-8 D=3501,3501,0,2,-2 L=1250,1250,0,0,-1 B=1234,3285,3,2,-17
mv B2 code=0 aligned=1 homed=- ms=219.0 U=3135,3133,-2,2,1 R=1091,1090,-1,0,-1 F=674,674,0,3,-7 D=3501,3501,0,2,-2 L=1249,1250,1,0,-1 B=3285,1233,-4,0,-19
mv B2 code=0 aligned=1 homed=- ms=219.0 U=3135,3133,-2,2,1 R=1091,1090,-1,0,-1 F=674,673,-1,3,-8 D=3501,3501,0,2,-2 L=1250,1250,0,0,-1 B=1234,3284,2,2,-18
mv B2 code=0 aligned=1 homed=- ms=219.0 U=3135,3133,-2,2,1 R=1091,1090,-1,0,-1 F=674,674,0,3,-7 D=3501,3501,0,2,-2 L=1250,1250,0,0,-1 B=3285,1233,-4,0,-19
mv B2 code=0 aligned=1 homed=- ms=219.0 U=3135,3133,-2,2,1 R=1091,1090,-1,0,-1 F=674,673,-1,3,-8 D=3501,3501,0,2,-2 L=1249,1250,1,0,-1 B=1234,3284,2,2,-18
mv B2 code=0 aligned=1 homed=- ms=219.0 U=3136,3133,-3,2,1 R=1091,1090,-1,0,-1 F=674,673,-1,3,-8 D=3501,3501,0,2,-2 L=1249,1250,1,0,-1 B=3285,1233,-4,0,-19
mv B2 code=0 aligned=1 homed=- ms=219.0 U=3135,3133,-2,2,1 R=1091,1090,-1,0,-1 F=674,673,-1,3,-8 D=3501,3501,0,2,-2 L=1250,1250,0,0,-1 B=1234,3285,3,2,-17
mv B2 code=0 aligned=1 homed=- ms=219.0 U=3135,3133,-2,2,1 R=1091,1091,0,0,0 F=674,674,0,3,-7 D=3501,3501,0,2,-2 L=1250,1250,0,0,-1 B=3285,1233,-4,0,-19
mv B2 code=0 aligned=1 homed=- ms=219.0 U=3135,3133,-2,2,1 R=1091,1090,-1,0,-1 F=674,674,0,3,-7 D=3501,3501,0,2,-2 L=1250,1250,0,0,-1 B=1234,3284,2,2,-18
mv B2 code=0 aligned=1 homed=- ms=219.0 U=3135,3133,-2,2,1 R=1091,1091,0,0,0 F=674,673,-1,3,-8 D=3501,3501,0,2,-2 L=1249,1250,1,0,-1 B=3285,1233,-4,0,-19
mv B2 code=0 aligned=1 homed=- ms=219.0 U=3135,3133,-2,2,1 R=1091,1091,0,0,0 F=674,673,-1,3,-8 D=3501,3501,0,2,-2 L=1249,1250,1,0,-1 B=1234,3285,3,2,-17
mv B2 code=0 aligned=1 homed=- ms=219.0 U=3135,3133,-2,2,1 R=1091,1090,-1,0,-1 F=674,673,-1,3,-8 D=3501,3501,0,2,-2 L=1249,1250,1,0,-1 B=3285,1233,-4,0,-19
mv B2 code=0 aligned=1 homed=- ms=219.0 U=3135,3133,-2,2,1 R=1091,1090,-1,0,-1 F=674,673,-1,3,-8 D=3501,3501,0,2,-2 L=1249,1250,1,0,-1 B=1234,3285,3,2,-17
mv B2 code=0 aligned=1 homed=- ms=219.0 U=3135,3133,-2,2,1 R=1091,1090,-1,0,-1 F=674,674,0,3,-7 D=3501,3501,0,2,-2 L=1249,1250,1,0,-1 B=3285,1233,-4,0,-19
mv B2 code=0 aligned=1 homed=- ms=219.0 U=3135,3133,-2,2,1 R=1091,1091,0,0,0 F=674,673,-1,3,-8 D=3501,3501,0,2,-2 L=1249,1250,1,0,-1 B=1234,3284,2,2,-18
mv B2 code=0 aligned=1 homed=- ms=219.0 U=3135,3133,-2,2,1 R=1091,1090,-1,0,-1 F=674,673,-1,3,-8 D=3501,3501,0,2,-2 L=1249,1250,1,0,-1 B=3285,1233,-4,0,-19
mv B2 code=0 aligned=1 homed=- ms=219.0 U=3135,3133,-2,2,1 R=1091,1090,-1,0,-1 F=674,673,-1,3,-8 D=3501,3501,0,2,-2 L=1249,1250,1,0,-1 B=1234,3285,3,2,-17
mv B2 code=0 aligned=1 homed=- ms=219.0 U=3136,3133,-3,2,1 R=1091,1090,-1,0,-1 F=674,673,-1,3,-8 D=3501,3501,0,2,-2 L=1249,1250,1,0,-1 B=3285,1233,-4,0,-19
mv B2 code=0 aligned=1 homed=- ms=219.0 U=3135,3133,-2,2,1 R=1091,1090,-1,0,-1 F=674,673,-1,3,-8 D=3501,3501,0,2,-2 L=1249,1250,1,0,-1 B=1234,3284,2,2,-18
mv B2 code=0 aligned=1 homed=- ms=219.0 U=3135,3133,-2,2,1 R=1091,1090,-1,0,-1 F=674,674,0,3,-7 D=3501,3501,0,2,-2 L=1249,1250,1,0,-1 B=3285,1233,-4,0,-19
mv B2 code=0 aligned=1 homed=- ms=219.0 U=3135,3133,-2,2,1 R=1091,1090,-1,0,-1 F=674,673,-1,3,-8 D=3501,3501,0,2,-2 L=1250,1250,0,0,-1 B=1234,3284,2,2,-18
mv B2 code=0 aligned=1 homed=- ms=219.0 U=3135,3133,-2,2,1 R=1091,1090,-1,0,-1 F=674,673,-1,3,-8 D=3501,3501,0,2,-2 L=1249,1250,1,0,-1 B=3285,1233,-4,0,-19
mv B2 code=0 aligned=1 homed=- ms=219.0 U=3135,3133,-2,2,1 R=1091,1090,-1,0,-1 F=674,673,-1,3,-8 D=3501,3501,0,2,-2 L=1249,1250,1,0,-1 B=1234,3284,2,2,-18
mv B2 code=0 aligned=1 homed=- ms=219.0 U=3135,3133,-2,2,1 R=1091,1090,-1,0,-1 F=674,673,-1,3,-8 D=3501,3501,0,2,-2 L=1249,1250,1,0,-1 B=3285,1233,-4,0,-19
mv B2 code=0 aligned=1 homed=- ms=219.0 U=3135,3133,-2,2,1 R=1091,1090,-1,0,-1 F=674,673,-1,3,-8 D=3501,3501,0,2,-2 L=1249,1250,1,0,-1 B=1234,3284,2,2,-18
mv B2 code=0 aligned=1 homed=- ms=219.0 U=3135,3133,-2,2,1 R=1091,1090,-1,0,-1 F=674,673,-1,3,-8 D=3501,3501,0,2,-2 L=1250,1250,0,0,-1 B=3285,1233,-4,0,-19
mv B2 code=0 aligned=1 homed=- ms=219.0 U=3136,3133,-3,2,1 R=1091,1091,0,0,0 F=674,673,-1,3,-8 D=3501,3501,0,2,-2 L=1249,1250,1,0,-1 B=1234,3284,2,2,-18
mv B2 code=0 aligned=1 homed=- ms=219.0 U=3135,3133,-2,2,1 R=1091,1090,-1,0,-1 F=674,673,-1,3,-8 D=3501,3501,0,2,-2 L=1250,1250,0,0,-1 B=3285,1233,-4,0,-19
mv B2 code=0 aligned=1 homed=- ms=219.0 U=3135,3133,-2,2,1 R=1091,1090,-1,0,-1 F=674,673,-1,3,-8 D=3501,3501,0,2,-2 L=1249,1250,1,0,-1 B=1234,3284,2,2,-18
mv B2 code=0 aligned=1 homed=- ms=219.0 U=3135,3133,-2,2,1 R=1091,1090,-1,0,-1 F=674,673,-1,3,-8 D=3501,3501,0,2,-2 L=1250,1250,0,0,-1 B=3285,1233,-4,0,-19
mv B2 code=0 aligned=1 homed=- ms=219.0 U=3135,3133,-2,2,1 R=1091,1090,-1,0,-1 F=674,673,-1,3,-8 D=3501,3501,0,2,-2 L=1249,1250,1,0,-1 B=1234,3284,2,2,-18
mv B2 code=0 aligned=1 homed=- ms=219.0 U=3135,3133,-2,2,1 R=1091,1090,-1,0,-1 F=674,673,-1,3,-8 D=3501,3501,0,2,-2 L=1249,1250,1,0,-1 B=3285,1233,-4,0,-19
mv B2 code=0 aligned=1 homed=- ms=219.0 U=3135,3133,-2,2,1 R=1091,1090,-1,0,-1 F=674,673,-1,3,-8 D=3501,3501,0,2,-2 L=1249,1250,1,0,-1 B=1234,3285,3,2,-17
mv B2 code=0 aligned=1 homed=- ms=219.0 U=3135,3133,-2,2,1 R=1091,1090,-1,0,-1 F=674,674,0,3,-7 D=3501,3501,0,2,-2 L=1249,1250,1,0,-1 B=3285,1233,-4,0,-19
mv B2 code=0 aligned=1 homed=- ms=219.0 U=3135,3133,-2,2,1 R=1091,1090,-1,0,-1 F=674,673,-1,3,-8 D=3501,3501,0,2,-2 L=1249,1250,1,0,-1 B=1234,3285,3,2,-17
mv B2 code=0 aligned=1 homed=- ms=219.0 U=3136,3133,-3,2,1 R=1091,1090,-1,0,-1 F=674,673,-1,3,-8 D=3501,3501,0,2,-2 L=1250,1250,0,0,-1 B=3285,1233,-4,0,-19
mv B2 code=0 aligned=1 homed=- ms=219.0 U=3135,3133,-2,2,1 R=1091,1090,-1,0,-1 F=674,674,0,3,-7 D=3501,3501,0,2,-2 L=1249,1250,1,0,-1 B=1234,3284,2,2,-18
mv B2 code=0 aligned=1 homed=- ms=219.0 U=3135,3133,-2,2,1 R=1091,1090,-1,0,-1 F=674,673,-1,3,-8 D=3501,3501,0,2,-2 L=1249,1250,1,0,-1 B=3285,1233,-4,0,-19
mv B2 code=0 aligned=1 homed=- ms=219.0 U=3135,3133,-2,2,1 R=1091,1090,-1,0,-1 F=674,673,-1,3,-8 D=3501,3501,0,2,-2 L=1250,1250,0,0,-1 B=1234,3284,2,2,-18
mv B2 code=0 aligned=1 homed=- ms=219.0 U=3135,3133,-2,2,1 R=1091,1090,-1,0,-1 F=674,673,-1,3,-8 D=3501,3501,0,2,-2 L=1249,1250,1,0,-1 B=3285,1233,-4,0,-19
mv B2 code=0 aligned=1 homed=- ms=219.0 U=3135,3133,-2,2,1 R=1091,1090,-1,0,-1 F=674,674,0,3,-7 D=3501,3501,0,2,-2 L=1250,1250,0,0,-1 B=1234,3284,2,2,-18
mv B2 code=0 aligned=1 homed=- ms=219.0 U=3135,3133,-2,2,1 R=1091,1090,-1,0,-1 F=674,673,-1,3,-8 D=3501,3501,0,2,-2 L=1249,1250,1,0,-1 B=3285,1233,-4,0,-19
mv B2 code=0 aligned=1 homed=- ms=219.0 U=3135,3133,-2,2,1 R=1091,1090,-1,0,-1 F=674,673,-1,3,-8 D=3501,3501,0,2,-2 L=1249,1250,1,0,-1 B=1234,3284,2,2,-18
mv B2 code=0 aligned=1 homed=- ms=219.0 U=3135,3133,-2,2,1 R=1091,1090,-1,0,-1 F=674,673,-1,3,-8 D=3501,3501,0,2,-2 L=1249,1250,1,0,-1 B=3285,1233,-4,0,-19
mv B2 code=0 aligned=1 homed=- ms=219.0 U=3135,3133,-2,2,1 R=1091,1090,-1,0,-1 F=674,673,-1,3,-8 D=3501,3501,0,2,-2 L=1249,1250,1,0,-1 B=1234,3284,2,2,-18
mv B2 code=0 aligned=1 homed=- ms=219.0 U=3135,3133,-2,2,1 R=1091,1090,-1,0,-1 F=674,673,-1,3,-8 D=3501,3501,0,2,-2 L=1249,1250,1,0,-1 B=3286,1233,-5,0,-19
mv B2 code=0 aligned=1 homed=- ms=219.0 U=3135,3133,-2,2,1 R=1091,1090,-1,0,-1 F=674,673,-1,3,-8 D=3501,3501,0,2,-2 L=1249,1250,1,0,-1 B=1234,3284,2,2,-18
mv B2 code=0 aligned=1 homed=- ms=219.0 U=3135,3133,-2,2,1 R=1091,1090,-1,0,-1 F=674,673,-1,3,-8 D=3501,3501,0,2,-2 L=1249,1250,1,0,-1 B=3285,1233,-4,0,-19
mv B2 code=0 aligned=1 homed=- ms=219.0 U=3135,3133,-2,2,1 R=1091,1091,0,0,0 F=674,674,0,3,-7 D=3501,3501,0,2,-2 L=1250,1249,-1,0,-2 B=1234,3285,3,2,-17
mv B2 code=0 aligned=1 homed=- ms=219.0 U=3135,3133,-2,2,1 R=1091,1090,-1,0,-1 F=674,674,0,3,-7 D=3501,3501,0,2,-2 L=1249,1250,1,0,-1 B=3285,1233,-4,0,-19
rep moves=100 notaligned=0 homings=0 failures=0 avgms=219.0
res U=- R=- F=- D=- L=- B=100,-0.8,3.4,5
ok
> rep 75 B B' B' B
mv B code=0 aligned=1 homed=- ms=119.0 U=3135,3133,-2,2,1 R=1091,1090,-1,0,-1 F=674,673,-1,3,-8 D=3501,3501,0,2,-2 L=1250,1250,0,0,-1 B=1233,215,6,3,-18
mv B' code=0 aligned=1 homed=- ms=119.0 U=3135,3133,-2,2,1 R=1091,1090,-1,0,-1 F=674,673,-1,3,-8 D=3501,3501,0,2,-2 L=1249,1250,1,0,-1 B=215,1231,-8,0,-21
mv B' code=0 aligned=1 homed=- ms=119.0 U=3135,3133,-2,2,1 R=1091,1090,-1,0,-1 F=674,674,0,3,-7 D=3501,3501,0,2,-2 L=1249,1250,1,0,-1 B=1232,2258,2,1,-20
mv B code=0 aligned=1 homed=- ms=119.0 U=3135,3133,-2,2,1 R=1091,1090,-1,0,-1 F=674,674,0,3,-7 D=3501,3501,0,2,-2 L=1249,1250,1,0,-1 B=2259,1233,-2,0,-19
mv B code=0 aligned=1 homed=- ms=119.0 U=3135,3133,-2,2,1 R=1091,1090,-1,0,-1 F=674,673,-1,3,-8 D=3501,3501,0,2,-2 L=1250,1250,0,0,-1 B=1234,215,5,3,-18
mv B' code=0 aligned=1 homed=- ms=119.0 U=3135,3133,-2,2,1 R=1091,1090,-1,0,-1 F=674,674,0,3,-7 D=3501,3501,0,2,-2 L=1250,1250,0,0,-1 B=216,1231,-9,0,-21
mv B' code=0 aligned=1 homed=- ms=119.0 U=3135,3133,-2,2,1 R=1091,1090,-1,0,-1 F=674,674,0,3,-7 D=3501,3501,0,2,-2 L=1249,1250,1,0,-1 B=1233,2258,1,1,-20
mv B code=0 aligned=1 homed=- ms=119.0 U=3135,3133,-2,2,1 R=1091,1090,-1,0,-1 F=674,673,-1,3,-8 D=3501,3501,0,2,-2 L=1250,1250,0,0,-1 B=2259,1233,-2,0,-19
mv B code=0 aligned=1 homed=- ms=119.0 U=3135,3133,-2,2,1 R=1091,1090,-1,0,-1 F=674,673,-1,3,-8 D=3501,3501,0,2,-2 L=1249,1250,1,0,-1 B=1233,215,6,3,-18
mv B' code=0 aligned=1 homed=- ms=119.0 U=3135,3133,-2,2,1 R=1091,1090,-1,0,-1 F=674,673,-1,3,-8 D=3501,3501,0,2,-2 L=1249,1250,1,0,-1 B=216,1231,-9,0,-21
mv B' code=0 aligned=1 homed=- ms=119.0 U=3135,3133,-2,2,1 R=1091,1090,-1,0,-1 F=674,673,-1,3,-8 D=3501,3501,0,2,-2 L=1249,1250,1,0,-1 B=1232,2258,2,1,-20
mv B code=0 aligned=1 homed=- ms=119.0 U=3135,3133,-2,2,1 R=1091,1090,-1,0,-1 F=674,673,-1,3,-8 D=3501,3501,0,2,-2 L=1250,1250,0,0,-1 B=2259,1233,-2,0,-19
mv B code=0 aligned=1 homed=- ms=119.0 U=3135,3133,-2,2,1 R=1091,1090,-1,0,-1 F=674,674,0,3,-7 D=3501,3501,0,2,-2 L=1249,1250,1,0,-1 B=1234,215,5,3,-18
mv B' code=0 aligned=1 homed=- ms=119.0 U=3136,3133,-3,2,1 R=1091,1090,-1,0,-1 F=674,673,-1,3,-8 D=3501,3501,0,2,-2 L=1249,1250,1,0,-1 B=216,1231,-9,0,-21
mv B' code=0 aligned=1 homed=- ms=119.0 U=3135,3133,-2,2,1 R=1091,1090,-1,0,-1 F=674,673,-1,3,-8 D=3501,3501,0,2,-2 L=1250,1250,0,0,-1 B=1233,2258,1,1,-20
mv B code=0 aligned=1 homed=- ms=119.0 U=3135,3133,-2,2,1 R=1091,1090,-1,0,-1 F=674,673,-1,3,-8 D=3501,3501,0,2,-2 L=1249,1250,1,0,-1 B=2259,1233,-2,0,-19
mv B code=0 aligned=1 homed=- ms=119.0 U=3135,3133,-2,2,1 R=1091,1090,-1,0,-1 F=674,674,0,3,-7 D=3501,3501,0,2,-2 L=1249,1250,1,0,-1 B=1234,215,5,3,-18
mv B' code=0 aligned=1 homed=- ms=119.0 U=3135,3133,-2,2,1 R=1091,1090,-1,0,-1 F=674,674,0,3,-7 D=3501,3501,0,2,-2 L=1249,1250,1,0,-1 B=216,1231,-9,0,-21
mv B' code=0 aligned=1 homed=- ms=119.0 U=3135,3133,-2,2,1 R=1091,1091,0,0,0 F=674,673,-1,3,-8 D=3501,3501,0,2,-2 L=1249,1250,1,0,-1 B=1233,2258,1,1,-20
mv B code=0 aligned=1 homed=- ms=119.0 U=3135,3133,-2,2,1 R=1091,1090,-1,0,-1 F=674,673,-1,3,-8 D=3501,3501,0,2,-2 L=1249,1250,1,0,-1 B=2259,1233,-2,0,-19
mv B code=0 aligned=1 homed=- ms=119.0 U=3135,3133,-2,2,1 R=1091,1090,-1,0,-1 F=674,673,-1,3,-8 D=3501,3501,0,2,-2 L=1249,1250,1,0,-1 B=1234,214,4,3,-19
mv B' code=0 aligned=1 homed=- ms=119.0 U=3135,3133,-2,2,1 R=1091,1091,0,0,0 F=674,673,-1,3,-8 D=3501,3501,0,2,-2 L=1249,1250,1,0,-1 B=216,1231,-9,0,-21
mv B' code=0 aligned=1 homed=- ms=119.0 U=3135,3133,-2,2,1 R=1091,1090,-1,0,-1 F=674,673,-1,3,-8 D=3501,3501,0,2,-2 L=1250,1250,0,0,-1 B=1233,2258,1,1,-20
mv B code=0 aligned=1 homed=- ms=119.0 U=3135,3133,-2,2,1 R=1091,1090,-1,0,-1 F=674,673,-1,3,-8 D=3501,3501,0,2,-2 L=1249,1250,1,0,-1 B=2259,1233,-2,0,-19
mv B code=0 aligned=1 homed=- ms=119.0 U=3135,3133,-2,2,1 R=1091,1090,-1,0,-1 F=674,673,-1,3,-8 D=3501,3501,0,2,-2 L=1249,1250,1,0,-1 B=1234,215,5,3,-18
mv B' code=0 aligned=1 homed=- ms=119.0 U=3135,3133,-2,2,1 R=1091,1091,0,0,0 F=674,674,0,3,-7 D=3501,3501,0,2,-2 L=1249,1250,1,0,-1 B=216,1231,-9,0,-21
mv B' code=0 aligned=1 homed=- ms=119.0 U=3135,3133,-2,2,1 R=1091,1090,-1,0,-1 F=674,673,-1,3,-8 D=3501,3501,0,2,-2 L=1250,1250,0,0,-1 B=1233,2258,1,1,-20
mv B code=0 aligned=1 homed=- ms=119.0 U=3135,3133,-2,2,1 R=1091,1090,-1,0,-1 F=674,673,-1,3,-8 D=3501,3501,0,2,-2 L=1250,1250,0,0,-1 B=2259,1233,-2,0,-19
mv B code=0 aligned=1 homed=- ms=119.0 U=3135,3133,-2,2,1 R=1091,1090,-1,0,-1 F=674,673,-1,3,-8 D=3501,3501,0,2,-2 L=1250,1250,0,0,-1 B=1234,215,5,3,-18
mv B' code=0 aligned=1 homed=- ms=119.0 U=3135,3133,-2,2,1 R=1091,1090,-1,0,-1 F=674,673,-1,3,-8 D=3501,3501,0,2,-2 L=1249,1250,1,0,-1 B=216,1231,-9,0,-21
mv B' code=0 aligned=1 homed=- ms=119.0 U=3135,3133,-2,2,1 R=1091,1090,-1,0,-1 F=674,673,-1,3,-8 D=3501,3501,0,2,-2 L=1250,1250,0,0,-1 B=1233,2258,1,1,-20
mv B code=0 aligned=1 homed=- ms=119.0 U=3135,3133,-2,2,1 R=1091,1090,-1,0,-1 F=674,673,-1,3,-8 D=3501,3501,0,2,-2 L=1250,1250,0,0,-1 B=2260,1233,-3,0,-19
mv B code=0 aligned=1 homed=- ms=119.0 U=3135,3133,-2,2,1 R=1091,1090,-1,0,-1 F=674,673,-1,3,-8 D=3501,3501,0,2,-2 L=1249,1250,1,0,-1 B=1234,215,5,3,-18
mv B' code=0 aligned=1 homed=- ms=119.0 U=3135,3133,-2,2,1 R=1091,1090,-1,0,-1 F=674,674,0,3,-7 D=3501,3501,0,2,-2 L=1249,1250,1,0,-1 B=216,1231,-9,0,-21
mv B' code=0 aligned=1 homed=- ms=119.0 U=3135,3133,-2,2,1 R=1091,1090,-1,0,-1 F=674,673,-1,3,-8 D=3501,3501,0,2,-2 L=1250,1250,0,0,-1 B=1232,2258,2,1,-20
mv B code=0 aligned=1 homed=- ms=119.0 U=3135,3133,-2,2,1 R=1091,1090,-1,0,-1 F=674,673,-1,3,-8 D=3501,3501,0,2,-2 L=1249,1250,1,0,-1 B=2259,1233,-2,0,-19
mv B code=0 aligned=1 homed=- ms=119.0 U=3135,3133,-2,2,1 R=1091,1090,-1,0,-1 F=674,673,-1,3,-8 D=3501,3501,0,2,-2 L=1249,1250,1,0,-1 B=1234,215,5,3,-18
mv B' code=0 aligned=1 homed=- ms=119.0 U=3135,3133,-2,2,1 R=1091,1090,-1,0,-1 F=674,673,-1,3,-8 D=3501,3501,0,2,-2 L=1249,1250,1,0,-1 B=215,1231,-8,0,-21
mv B' code=0 aligned=1 homed=- ms=119.0 U=3135,3133,-2,2,1 R=1091,1090,-1,0,-1 F=674,673,-1,3,-8 D=3501,3501,0,2,-2 L=1249,1250,1,0,-1 B=1233,2258,1,1,-20
mv B code=0 aligned=1 homed=- ms=119.0 U=3135,3133,-2,2,1 R=1091,1090,-1,0,-1 F=674,673,-1,3,-8 D=3501,3501,0,2,-2 L=1249,1250,1,0,-1 B=2259,1233,-2,0,-19
mv B code=0 aligned=1 homed=- ms=119.0 U=3135,3133,-2,2,1 R=1091,1090,-1,0,-1 F=674,673,-1,3,-8 D=3501,3501,0,2,-2 L=1249,1250,1,0,-1 B=1234,215,5,3,-18
mv B' code=0 aligned=1 homed=- ms=119.0 U=3135,3133,-2,2,1 R=1091,1091,0,0,0 F=674,673,-1,3,-8 D=3501,3501,0,2,-2 L=1250,1250,0,0,-1 B=216,1231,-9,0,-21
mv B' code=0 aligned=1 homed=- ms=119.0 U=3135,3133,-2,2,1 R=1091,1091,0,0,0 F=674,673,-1,3,-8 D=3501,3501,0,2,-2 L=1249,1250,1,0,-1 B=1233,2258,1,1,-20
mv B code=0 aligned=1 homed=- ms=119.0 U=3135,3133,-2,2,1 R=1091,1090,-1,0,-1 F=674,673,-1,3,-8 D=3501,3501,0,2,-2 L=1249,1250,1,0,-1 B=2259,1233,-2,0,-19
mv B code=0 aligned=1 homed=- ms=119.0 U=3135,3133,-2,2,1 R=1091,1090,-1,0,-1 F=674,674,0,3,-7 D=3501,3501,0,2,-2 L=1250,1250,0,0,-1 B=1234,214,4,3,-19
mv B' code=0 aligned=1 homed=- ms=119.0 U=3135,3133,-2,2,1 R=1091,1090,-1,0,-1 F=674,674,0,3,-7 D=3501,3501,0,2,-2 L=1250,1250,0,0,-1 B=216,1231,-9,0,-21
mv B' code=0 aligned=1 homed=- ms=119.0 U=3135,3133,-2,2,1 R=1091,1091,0,0,0 F=674,673,-1,3,-8 D=3501,3501,0,2,-2 L=1249,1250,1,0,-1 B=1233,2258,1,1,-20
mv B code=0 aligned=1 homed=- ms=119.0 U=3135,3133,-2,2,1 R=1091,1090,-1,0,-1 F=674,673,-1,3,-8 D=3501,3501,0,2,-2 L=1249,1250,1,0,-1 B=2259,1233,-2,0,-19
mv B code=0 aligned=1 homed=- ms=119.0 U=3135,3133,-2,2,1 R=1091,1090,-1,0,-1 F=674,674,0,3,-7 D=3501,3501,0,2,-2 L=1250,1250,0,0,-1 B=1234,215,5,3,-18
mv B' code=0 aligned=1 homed=- ms=119.0 U=3135,3133,-2,2,1 R=1091,1091,0,0,0 F=674,673,-1,3,-8 D=3501,3501,0,2,-2 L=1249,1250,1,0,-1 B=216,1231,-9,0,-21
mv B' code=0 aligned=1 homed=- ms=119.0 U=3135,3133,-2,2,1 R=1091,1090,-1,0,-1 F=674,673,-1,3,-8 D=3501,3501,0,2,-2 L=1249,1250,1,0,-1 B=1233,2258,1,1,-20
mv B code=0 aligned=1 homed=- ms=119.0 U=3135,3133,-2,2,1 R=1091,1090,-1,0,-1 F=674,673,-1,3,-8 D=3501,3501,0,2,-2 L=1250,1250,0,0,-1 B=2259,1233,-2,0,-19
mv B code=0 aligned=1 homed=- ms=119.0 U=3135,3133,-2,2,1 R=1091,1090,-1,0,-1 F=674,673,-1,3,-8 D=3501,3501,0,2,-2 L=1249,1250,1,0,-1 B=1234,214,4,3,-19
mv B' code=0 aligned=1 homed=- ms=119.0 U=3135,3133,-2,2,1 R=1091,1090,-1,0,-1 F=674,673,-1,3,-8 D=3501,3501,0,2,-2 L=1249,1250,1,0,-1 B=216,1231,-9,0,-21
mv B' code=0 aligned=1 homed=- ms=119.0 U=3135,3133,-2,2,1 R=1091,1090,-1,0,-1 F=674,673,-1,3,-8 D=3501,3501,0,2,-2 L=1249,1250,1,0,-1 B=1233,2258,1,1,-20
mv B code=0 aligned=1 homed=- ms=119.0 U=3135,3133,-2,2,1 R=1091,1090,-1,0,-1 F=674,674,0,3,-7 D=3501,3501,0,2,-2 L=1249,1250,1,0,-1 B=2259,1233,-2,0,-19
mv B code=0 aligned=1 homed=- ms=119.0 U=3135,3133,-2,2,1 R=1091,1090,-1,0,-1 F=674,673,-1,3,-8 D=3501,3501,0,2,-2 L=1249,1250,1,0,-1 B=1234,215,5,3,-18
mv B' code=0 aligned=1 homed=- ms=119.0 U=3135,3133,-2,2,1 R=1091,1090,-1,0,-1 F=674,673,-1,3,-8 D=3501,3501,0,2,-2 L=1249,1250,1,0,-1 B=216,1231,-9,0,-21
mv B' code=0 aligned=1 homed=- ms=119.0 U=3135,3133,-2,2,1 R=1091,1090,-1,0,-1 F=674,674,0,3,-7 D=3501,3501,0,2,-2 L=1249,1250,1,0,-1 B=1233,2258,1,1,-20
mv B code=0 aligned=1 homed=- ms=119.0 U=3135,3133,-2,2,1 R=1091,1090,-1,0,-1 F=674,673,-1,3,-8 D=3501,3501,0,2,-2 L=1250,1250,0,0,-1 B=2259,1233,-2,0,-19
mv B code=0 aligned=1 homed=- ms=119.0 U=3135,3133,-2,2,1 R=1091,1091,0,0,0 F=674,674,0,3,-7 D=3501,3501,0,2,-2 L=1249,1250,1,0,-1 B=1234,215,5,3,-18
mv B' code=0 aligned=1 homed=- ms=119.0 U=3135,3133,-2,2,1 R=1091,1090,-1,0,-1 F=674,673,-1,3,-8 D=3501,3501,0,2,-2 L=1249,1250,1,0,-1 B=216,1231,-9,0,-21
mv B' code=0 aligned=1 homed=- ms=119.0 U=3135,3133,-2,2,1 R=1091,1090,-1,0,-1 F=674,673,-1,3,-8 D=3501,3501,0,2,-2 L=1250,1250,0,0,-1 B=1233,2258,1,1,-20
mv B code=0 aligned=1 homed=- ms=119.0 U=3135,3133,-2,2,1 R=1091,1090,-1,0,-1 F=674,674,0,3,-7 D=3501,3501,0,2,-2 L=1250,1250,0,0,-1 B=2259,1233,-2,0,-19
mv B code=0 aligned=1 homed=- ms=119.0 U=3135,3133,-2,2,1 R=1091,1090,-1,0,-1 F=674,673,-1,3,-8 D=3501,3501,0,2,-2 L=1249,1250,1,0,-1 B=1234,215,5,3,-18
mv B' code=0 aligned=1 homed=- ms=119.0 U=3135,3133,-2,2,1 R=1091,1090,-1,0,-1 F=674,673,-1,3,-8 D=3501,3501,0,2,-2 L=1249,1250,1,0,-1 B=216,1231,-9,0,-21
mv B' code=0 aligned=1 homed=- ms=119.0 U=3135,3133,-2,2,1 R=1091,1090,-1,0,-1 F=674,674,0,3,-7 D=3501,3501,0,2,-2 L=1249,1250,1,0,-1 B=1233,2258,1,1,-20
mv B code=0 aligned=1 homed=- ms=119.0 U=3135,3133,-2,2,1 R=1091,1090,-1,0,-1 F=674,673,-1,3,-8 D=3501,3501,0,2,-2 L=1249,1250,1,0,-1 B=2259,1233,-2,0,-19
mv B code=0 aligned=1 homed=- ms=119.0 U=3135,3133,-2,2,1 R=1091,1090,-1,0,-1 F=674,674,0,3,-7 D=3501,3501,0,2,-2 L=1249,1250,1,0,-1 B=1234,215,5,3,-18
mv B' code=0 aligned=1 homed=- ms=119.0 U=3135,3133,-2,2,1 R=1091,1090,-1,0,-1 F=674,673,-1,3,-8 D=3501,3501,0,2,-2 L=1249,1250,1,0,-1 B=216,1231,-9,0,-21
mv B' code=0 aligned=1 homed=- ms=119.0 U=3135,3133,-2,2,1 R=1091,1090,-1,0,-1 F=674,674,0,3,-7 D=3501,3501,0,2,-2 L=1249,1250,1,0,-1 B=1233,2259,2,1,-19
mv B code=0 aligned=1 homed=- ms=119.0 U=3135,3133,-2,2,1 R=1091,1090,-1,0,-1 F=674,674,0,3,-7 D=3501,3501,0,2,-2 L=1249,1250,1,0,-1 B=2259,1233,-2,0,-19
mv B code=0 aligned=1 homed=- ms=119.0 U=3135,3133,-2,2,1 R=1091,1090,-1,0,-1 F=674,673,-1,3,-8 D=3501,3501,0,2,-2 L=1249,1250,1,0,-1 B=1234,215,5,3,-18
mv B' code=0 aligned=1 homed=- ms=119.0 U=3135,3133,-2,2,1 R=1091,1090,-1,0,-1 F=674,673,-1,3,-8 D=3501,3501,0,2,-2 L=1250,1250,0,0,-1 B=215,1231,-8,0,-21
mv B' code=0 aligned=1 homed=- ms=119.0 U=3135,3133,-2,2,1 R=1091,1090,-1,0,-1 F=674,673,-1,3,-8 D=3501,3501,0,2,-2 L=1249,1250,1,0,-1 B=1233,2258,1,1,-20
mv B code=0 aligned=1 homed=- ms=119.0 U=3135,3133,-2,2,1 R=1091,1090,-1,0,-1 F=674,673,-1,3,-8 D=3501,3501,0,2,-2 L=1249,1250,1,0,-1 B=2260,1233,-3,0,-19
mv B code=0 aligned=1 homed=- ms=119.0 U=3135,3133,-2,2,1 R=1091,1090,-1,0,-1 F=674,673,-1,3,-8 D=3501,3501,0,2,-2 L=1249,1250,1,0,-1 B=1234,215,5,3,-18
mv B' code=0 aligned=1 homed=- ms=119.0 U=3135,3133,-2,2,1 R=1091,1090,-1,0,-1 F=674,673,-1,3,-8 D=3501,3501,0,2,-2 L=1249,1250,1,0,-1 B=216,1231,-9,0,-21
mv B' code=0 aligned=1 homed=- ms=119.0 U=3135,3133,-2,2,1 R=1091,1090,-1,0,-1 F=674,673,-1,3,-8 D=3501,3501,0,2,-2 L=1249,1250,1,0,-1 B=1233,2258,1,1,-20
mv B code=0 aligned=1 homed=- ms=119.0 U=3135,3133,-2,2,1 R=1091,1090,-1,0,-1 F=674,673,-1,3,-8 D=3501,3501,0,2,-2 L=1249,1250,1,0,-1 B=2260,1233,-3,0,-19
mv B code=0 aligned=1 homed=- ms=119.0 U=3135,3133,-2,2,1 R=1091,1090,-1,0,-1 F=674,673,-1,3,-8 D=3501,3501,0,2,-2 L=1249,1250,1,0,-1 B=1234,214,4,3,-19
mv B' code=0 aligned=1 homed=- ms=119.0 U=3135,3133,-2,2,1 R=1091,1090,-1,0,-1 F=674,673,-1,3,-8 D=3501,3501,0,2,-2 L=1249,1250,1,0,-1 B=215,1231,-8,0,-21
mv B' code=0 aligned=1 homed=- ms=119.0 U=3135,3133,-2,2,1 R=1091,1090,-1,0,-1 F=674,674,0,3,-7 D=3501,3501,0,2,-2 L=1250,1250,0,0,-1 B=1232,2258,2,1,-20
mv B code=0 aligned=1 homed=- ms=119.0 U=3136,3133,-3,2,1 R=1091,1090,-1,0,-1 F=674,673,-1,3,-8 D=3501,3501,0,2,-2 L=1249,1250,1,0,-1 B=2259,1233,-2,0,-19
mv B code=0 aligned=1 homed=- ms=119.0 U=3135,3133,-2,2,1 R=1091,1090,-1,0,-1 F=674,673,-1,3,-8 D=3501,3501,0,2,-2 L=1249,1250,1,0,-1 B=1234,215,5,3,-18
mv B' code=0 aligned=1 homed=- ms=119.0 U=3135,3133,-2,2,1 R=1091,1091,0,0,0 F=674,673,-1,3,-8 D=3501,3501,0,2,-2 L=1249,1250,1,0,-1 B=216,1231,-9,0,-21
mv B' code=0 aligned=1 homed=- ms=119.0 U=3135,3133,-2,2,1 R=1091,1090,-1,0,-1 F=674,673,-1,3,-8 D=3501,3501,0,2,-2 L=1249,1250,1,0,-1 B=1233,2258,1,1,-20
mv B code=0 aligned=1 homed=- ms=119.0 U=3135,3133,-2,2,1 R=1091,1090,-1,0,-1 F=674,673,-1,3,-8 D=3501,3501,0,2,-2 L=1250,1250,0,0,-1 B=2259,1233,-2,0,-19
mv B code=0 aligned=1 homed=- ms=119.0 U=3135,3133,-2,2,1 R=1091,1090,-1,0,-1 F=674,673,-1,3,-8 D=3501,3501,0,2,-2 L=1249,1250,1,0,-1 B=1234,215,5,3,-18
mv B' code=0 aligned=1 homed=- ms=119.0 U=3135,3133,-2,2,1 R=1091,1090,-1,0,-1 F=674,674,0,3,-7 D=3501,3501,0,2,-2 L=1250,1250,0,0,-1 B=215,1231,-8,0,-21
mv B' code=0 aligned=1 homed=- ms=119.0 U=3135,3133,-2,2,1 R=1091,1090,-1,0,-1 F=674,674,0,3,-7 D=3501,3501,0,2,-2 L=1249,1250,1,0,-1 B=1233,2258,1,1,-20
mv B code=0 aligned=1 homed=- ms=119.0 U=3135,3133,-2,2,1 R=1091,1090,-1,0,-1 F=674,673,-1,3,-8 D=3501,3501,0,2,-2 L=1250,1250,0,0,-1 B=2260,1233,-3,0,-19
mv B code=0 aligned=1 homed=- ms=119.0 U=3135,3133,-2,2,1 R=1091,1090,-1,0,-1 F=674,673,-1,3,-8 D=3501,3501,0,2,-2 L=1250,1250,0,0,-1 B=1234,214,4,3,-19
mv B' code=0 aligned=1 homed=- ms=119.0 U=3135,3133,-2,2,1 R=1091,1090,-1,0,-1 F=674,674,0,3,-7 D=3501,3501,0,2,-2 L=1249,1250,1,0,-1 B=215,1231,-8,0,-21
mv B' code=0 aligned=1 homed=- ms=119.0 U=3135,3133,-2,2,1 R=1091,1090,-1,0,-1 F=674,673,-1,3,-8 D=3501,3501,0,2,-2 L=1249,1250,1,0,-1 B=1233,2258,1,1,-20
mv B code=0 aligned=1 homed=- ms=119.0 U=3135,3133,-2,2,1 R=1091,1090,-1,0,-1 F=674,673,-1,3,-8 D=3501,3501,0,2,-2 L=1249,1250,1,0,-1 B=2260,1233,-3,0,-19
mv B code=0 aligned=1 homed=- ms=119.0 U=3135,3133,-2,2,1 R=1091,1091,0,0,0 F=674,674,0,3,-7 D=3501,3501,0,2,-2 L=1249,1250,1,0,-1 B=1234,215,5,3,-18
mv B' code=0 aligned=1 homed=- ms=119.0 U=3135,3133,-2,2,1 R=1091,1090,-1,0,-1 F=674,673,-1,3,-8 D=3501,3501,0,2,-2 L=1250,1250,0,0,-1 B=216,1231,-9,0,-21
mv B' code=0 aligned=1 homed=- ms=119.0 U=3135,3133,-2,2,1 R=1091,1091,0,0,0 F=674,673,-1,3,-8 D=3501,3501,0,2,-2 L=1250,1250,0,0,-1 B=1233,2258,1,1,-20
mv B code=0 aligned=1 homed=- ms=119.0 U=3135,3133,-2,2,1 R=1091,1090,-1,0,-1 F=674,673,-1,3,-8 D=3501,3501,0,2,-2 L=1249,1250,1,0,-1 B=2259,1233,-2,0,-19
mv B code=0 aligned=1 homed=- ms=119.0 U=3135,3133,-2,2,1 R=1091,1090,-1,0,-1 F=674,673,-1,3,-8 D=3501,3501,0,2,-2 L=1249,1250,1,0,-1 B=1234,215,5,3,-18
mv B' code=0 aligned=1 homed=- ms=119.0 U=3136,3133,-3,2,1 R=1091,1090,-1,0,-1 F=674,673,-1,3,-8 D=3501,3501,0,2,-2 L=1249,1250,1,0,-1 B=216,1231,-9,0,-21
mv B' code=0 aligned=1 homed=- ms=119.0 U=3135,3133,-2,2,1 R=1091,1090,-1,0,-1 F=674,674,0,3,-7 D=3501,3501,0,2,-2 L=1249,1250,1,0,-1 B=1232,2258,2,1,-20
mv B code=0 aligned=1 homed=- ms=119.0 U=3135,3133,-2,2,1 R=1091,1090,-1,0,-1 F=674,673,-1,3,-8 D=3501,3501,0,2,-2 L=1250,1250,0,0,-1 B=2260,1233,-3,0,-19
mv B code=0 aligned=1 homed=- ms=119.0 U=3135,3133,-2,2,1 R=1091,1090,-1,0,-1 F=674,673,-1,3,-8 D=3501,3501,0,2,-2 L=1250,1250,0,0,-1 B=1234,215,5,3,-18
mv B' code=0 aligned=1 homed=- ms=119.0 U=3135,3133,-2,2,1 R=1091,1090,-1,0,-1 F=674,673,-1,3,-8 D=3501,3501,0,2,-2 L=1250,1250,0,0,-1 B=216,1231,-9,0,-21
mv B' code=0 aligned=1 homed=- ms=119.0 U=3135,3133,-2,2,1 R=1091,1090,-1,0,-1 F=674,674,0,3,-7 D=3501,3501,0,2,-2 L=1250,1250,0,0,-1 B=1233,2258,1,1,-20
mv B code=0 aligned=1 homed=- ms=119.0 U=3135,3133,-2,2,1 R=1091,1090,-1,0,-1 F=674,673,-1,3,-8 D=3501,3501,0,2,-2 L=1249,1250,1,0,-1 B=2259,1233,-2,0,-19
mv B code=0 aligned=1 homed=- ms=119.0 U=3135,3133,-2,2,1 R=1091,1090,-1,0,-1 F=674,674,0,3,-7 D=3501,3501,0,2,-2 L=1249,1250,1,0,-1 B=1234,214,4,3,-19
mv B' code=0 aligned=1 homed=- ms=119.0 U=3135,3133,-2,2,1 R=1091,1090,-1,0,-1 F=674,673,-1,3,-8 D=3501,3501,0,2,-2 L=1249,1250,1,0,-1 B=216,1231,-9,0,-21
mv B' code=0 aligned=1 homed=- ms=119.0 U=3135,3133,-2,2,1 R=1091,1090,-1,0,-1 F=674,673,-1,3,-8 D=3501,3501,0,2,-2 L=1249,1250,1,0,-1 B=1233,2258,1,1,-20
mv B code=0 aligned=1 homed=- ms=119.0 U=3135,3133,-2,2,1 R=1091,1090,-1,0,-1 F=674,673,-1,3,-8 D=3501,3501,0,2,-2 L=1249,1250,1,0,-1 B=2260,1233,-3,0,-19
mv B code=0 aligned=1 homed=- ms=119.0 U=3135,3133,-2,2,1 R=1091,1090,-1,0,-1 F=674,674,0,3,-7 D=3501,3501,0,2,-2 L=1250,1250,0,0,-1 B=1234,215,5,3,-18
mv B' code=0 aligned=1 homed=- ms=119.0 U=3136,3133,-3,2,1 R=1091,1090,-1,0,-1 F=674,673,-1,3,-8 D=3501,3501,0,2,-2 L=1249,1250,1,0,-1 B=215,1231,-8,0,-21
mv B' code=0 aligned=1 homed=- ms=119.0 U=3135,3133,-2,2,1 R=1091,1090,-1,0,-1 F=674,673,-1,3,-8 D=3501,3501,0,2,-2 L=1249,1250,1,0,-1 B=1233,2258,1,1,-20
mv B code=0 aligned=1 homed=- ms=119.0 U=3135,3133,-2,2,1 R=1091,1090,-1,0,-1 F=674,673,-1,3,-8 D=3501,3501,0,2,-2 L=1249,1250,1,0,-1 B=2259,1233,-2,0,-19
mv B code=0 aligned=1 homed=- ms=119.0 U=3136,3133,-3,2,1 R=1091,1090,-1,0,-1 F=674,674,0,3,-7 D=3501,3501,0,2,-2 L=1249,1250,1,0,-1 B=1234,215,5,3,-18
mv B' code=0 aligned=1 homed=- ms=119.0 U=3135,3133,-2,2,1 R=1091,1091,0,0,0 F=674,673,-1,3,-8 D=3501,3501,0,2,-2 L=1249,1250,1,0,-1 B=216,1231,-9,0,-21
mv B' code=0 aligned=1 homed=- ms=119.0 U=3135,3133,-2,2,1 R=1091,1090,-1,0,-1 F=674,673,-1,3,-8 D=3501,3501,0,2,-2 L=1249,1250,1,0,-1 B=1233,2258,1,1,-20
mv B code=0 aligned=1 homed=- ms=119.0 U=3135,3133,-2,2,1 R=1091,1091,0,0,0 F=674,673,-1,3,-8 D=3501,3501,0,2,-2 L=1250,1250,0,0,-1 B=2259,1233,-2,0,-19
mv B code=0 aligned=1 homed=- ms=119.0 U=3135,3133,-2,2,1 R=1091,1090,-1,0,-1 F=674,673,-1,3,-8 D=3501,3501,0,2,-2 L=1249,1250,1,0,-1 B=1234,215,5,3,-18
mv B' code=0 aligned=1 homed=- ms=119.0 U=3135,3133,-2,2,1 R=1091,1091,0,0,0 F=674,673,-1,3,-8 D=3501,3501,0,2,-2 L=1249,1250,1,0,-1 B=216,1231,-9,0,-21
mv B' code=0 aligned=1 homed=- ms=119.0 U=3135,3133,-2,2,1 R=1091,1090,-1,0,-1 F=674,673,-1,3,-8 D=3501,3501,0,2,-2 L=1249,1250,1,0,-1 B=1233,2258,1,1,-20
mv B code=0 aligned=1 homed=- ms=119.0 U=3135,3133,-2,2,1 R=1091,1090,-1,0,-1 F=674,673,-1,3,-8 D=3501,3501,0,2,-2 L=1249,1250,1,0,-1 B=2259,1233,-2,0,-19
mv B code=0 aligned=1 homed=- ms=119.0 U=3135,3133,-2,2,1 R=1091,1090,-1,0,-1 F=674,673,-1,3,-8 D=3501,3501,0,2,-2 L=1249,1250,1,0,-1 B=1234,215,5,3,-18
mv B' code=0 aligned=1 homed=- ms=119.0 U=3135,3133,-2,2,1 R=1091,1091,0,0,0 F=674,674,0,3,-7 D=3501,3501,0,2,-2 L=1250,1250,0,0,-1 B=215,1231,-8,0,-21
mv B' code=0 aligned=1 homed=- ms=119.0 U=3135,3133,-2,2,1 R=1091,1090,-1,0,-1 F=674,673,-1,3,-8 D=3501,3501,0,2,-2 L=1250,1250,0,0,-1 B=1233,2258,1,1,-20
mv B code=0 aligned=1 homed=- ms=119.0 U=3135,3133,-2,2,1 R=1091,1090,-1,0,-1 F=674,674,0,3,-7 D=3501,3501,0,2,-2 L=1249,1250,1,0,-1 B=2259,1233,-2,0,-19
mv B code=0 aligned=1 homed=- ms=119.0 U=3135,3133,-2,2,1 R=1091,1090,-1,0,-1 F=674,673,-1,3,-8 D=3501,3501,0,2,-2 L=1250,1250,0,0,-1 B=1234,215,5,3,-18
mv B' code=0 aligned=1 homed=- ms=119.0 U=3135,3133,-2,2,1 R=1091,1090,-1,0,-1 F=674,673,-1,3,-8 D=3501,3501,0,2,-2 L=1249,1250,1,0,-1 B=215,1231,-8,0,-21
mv B' code=0 aligned=1 homed=- ms=119.0 U=3135,3133,-2,2,1 R=1091,1090,-1,0,-1 F=674,673,-1,3,-8 D=3501,3501,0,2,-2 L=1249,1250,1,0,-1 B=1233,2258,1,1,-20
mv B code=0 aligned=1 homed=- ms=119.0 U=3135,3133,-2,2,1 R=1091,1090,-1,0,-1 F=674,673,-1,3,-8 D=3501,3501,0,2,-2 L=1249,1250,1,0,-1 B=2259,1233,-2,0,-19
mv B code=0 aligned=1 homed=- ms=119.0 U=3135,3133,-2,2,1 R=1091,1090,-1,0,-1 F=674,673,-1,3,-8 D=3501,3501,0,2,-2 L=1249,1250,1,0,-1 B=1234,215,5,3,-18
mv B' code=0 aligned=1 homed=- ms=119.0 U=3135,3133,-2,2,1 R=1091,1090,-1,0,-1 F=674,674,0,3,-7 D=3501,3501,0,2,-2 L=1250,1250,0,0,-1 B=215,1231,-8,0,-21
mv B' code=0 aligned=1 homed=- ms=119.0 U=3135,3133,-2,2,1 R=1091,1090,-1,0,-1 F=674,673,-1,3,-8 D=3501,3501,0,2,-2 L=1250,1250,0,0,-1 B=1233,2258,1,1,-20
mv B code=0 aligned=1 homed=- ms=119.0 U=3135,3133,-2,2,1 R=1091,1090,-1,0,-1 F=674,673,-1,3,-8 D=3501,3501,0,2,-2 L=1249,1250,1,0,-1 B=2259,1233,-2,0,-19
mv B code=0 aligned=1 homed=- ms=119.0 U=3135,3133,-2,2,1 R=1091,1091,0,0,0 F=674,673,-1,3,-8 D=3501,3501,0,2,-2 L=1249,1250,1,0,-1 B=1234,215,5,3,-18
mv B' code=0 aligned=1 homed=- ms=119.0 U=3135,3133,-2,2,1 R=1091,1090,-1,0,-1 F=674,673,-1,3,-8 D=3501,3501,0,2,-2 L=1249,1250,1,0,-1 B=216,1231,-9,0,-21
mv B' code=0 aligned=1 homed=- ms=119.0 U=3135,3133,-2,2,1 R=1091,1090,-1,0,-1 F=674,673,-1,3,-8 D=3501,3501,0,2,-2 L=1249,1250,1,0,-1 B=1232,2258,2,1,-20
mv B code=0 aligned=1 homed=- ms=119.0 U=3136,3133,-3,2,1 R=1091,1090,-1,0,-1 F=674,673,-1,3,-8 D=3501,3501,0,2,-2 L=1249,1250,1,0,-1 B=2260,1233,-3,0,-19
mv B code=0 aligned=1 homed=- ms=119.0 U=3135,3133,-2,2,1 R=1091,1090,-1,0,-1 F=674,673,-1,3,-8 D=3501,3501,0,2,-2 L=1249,1250,1,0,-1 B=1234,215,5,3,-18
mv B' code=0 aligned=1 homed=- ms=119.0 U=3136,3133,-3,2,1 R=1091,1090,-1,0,-1 F=674,674,0,3,-7 D=3501,3501,0,2,-2 L=1249,1250,1,0,-1 B=215,1231,-8,0,-21
mv B' code=0 aligned=1 homed=- ms=119.0 U=3135,3133,-2,2,1 R=1091,1090,-1,0,-1 F=674,674,0,3,-7 D=3501,3501,0,2,-2 L=1250,1250,0,0,-1 B=1232,2258,2,1,-20
mv B code=0 aligned=1 homed=- ms=119.0 U=3135,3133,-2,2,1 R=1091,1090,-1,0,-1 F=674,673,-1,3,-8 D=3501,3501,0,2,-2 L=1249,1250,1,0,-1 B=2259,1233,-2,0,-19
mv B code=0 aligned=1 homed=- ms=119.0 U=3135,3133,-2,2,1 R=1091,1091,0,0,0 F=674,673,-1,3,-8 D=3501,3501,0,2,-2 L=1249,1250,1,0,-1 B=1234,215,5,3,-18
mv B' code=0 aligned=1 homed=- ms=119.0 U=3135,3134,-1,2,2 R=1091,1091,0,0,0 F=674,673,-1,3,-8 D=3501,3501,0,2,-2 L=1249,1250,1,0,-1 B=216,1231,-9,0,-21
mv B' code=0 aligned=1 homed=- ms=119.0 U=3135,3133,-2,2,1 R=1091,1091,0,0,0 F=674,673,-1,3,-8 D=3501,3501,0,2,-2 L=1249,1250,1,0,-1 B=1233,2258,1,1,-20
mv B code=0 aligned=1 homed=- ms=119.0 U=3135,3133,-2,2,1 R=1091,1090,-1,0,-1 F=674,673,-1,3,-8 D=3501,3501,0,2,-2 L=1249,1250,1,0,-1 B=2259,1233,-2,0,-19
mv B code=0 aligned=1 homed=- ms=119.0 U=3135,3133,-2,2,1 R=1091,1090,-1,0,-1 F=674,673,-1,3,-8 D=3501,3501,0,2,-2 L=1249,1250,1,0,-1 B=1234,215,5,3,-18
mv B' code=0 aligned=1 homed=- ms=119.0 U=3135,3133,-2,2,1 R=1091,1090,-1,0,-1 F=674,673,-1,3,-8 D=3501,3501,0,2,-2 L=1250,1250,0,0,-1 B=216,1231,-9,0,-21
mv B' code=0 aligned=1 homed=- ms=119.0 U=3135,3133,-2,2,1 R=1091,1091,0,0,0 F=674,673,-1,3,-8 D=3501,3501,0,2,-2 L=1250,1250,0,0,-1 B=1233,2258,1,1,-20
mv B code=0 aligned=1 homed=- ms=119.0 U=3135,3133,-2,2,1 R=1091,1090,-1,0,-1 F=674,673,-1,3,-8 D=3501,3501,0,2,-2 L=1250,1250,0,0,-1 B=2260,1233,-3,0,-19
mv B code=0 aligned=1 homed=- ms=119.0 U=3135,3133,-2,2,1 R=1091,1090,-1,0,-1 F=674,673,-1,3,-8 D=3501,3501,0,2,-2 L=1250,1250,0,0,-1 B=1234,215,5,3,-18
mv B' code=0 aligned=1 homed=- ms=119.0 U=3135,3133,-2,2,1 R=1091,1090,-1,0,-1 F=674,673,-1,3,-8 D=3501,3501,0,2,-2 L=1249,1250,1,0,-1 B=215,1231,-8,0,-21
mv B' code=0 aligned=1 homed=- ms=119.0 U=3136,3133,-3,2,1 R=1091,1090,-1,0,-1 F=674,673,-1,3,-8 D=3501,3501,0,2,-2 L=1249,1250,1,0,-1 B=1233,2258,1,1,-20
mv B code=0 aligned=1 homed=- ms=119.0 U=3135,3133,-2,2,1 R=1091,1090,-1,0,-1 F=674,673,-1,3,-8 D=3501,3501,0,2,-2 L=1250,1250,0,0,-1 B=2260,1233,-3,0,-19
mv B code=0 aligned=1 homed=- ms=119.0 U=3135,3133,-2,2,1 R=1091,1090,-1,0,-1 F=674,673,-1,3,-8 D=3501,3501,0,2,-2 L=1250,1250,0,0,-1 B=1234,214,4,3,-19
mv B' code=0 aligned=1 homed=- ms=119.0 U=3135,3133,-2,2,1 R=1091,1090,-1,0,-1 F=674,673,-1,3,-8 D=3501,3501,0,2,-2 L=1249,1250,1,0,-1 B=215,1231,-8,0,-21
mv B' code=0 aligned=1 homed=- ms=119.0 U=3135,3133,-2,2,1 R=1091,1091,0,0,0 F=674,674,0,3,-7 D=3501,3501,0,2,-2 L=1249,1250,1,0,-1 B=1233,2258,1,1,-20
mv B code=0 aligned=1 homed=- ms=119.0 U=3135,3133,-2,2,1 R=1091,1091,0,0,0 F=674,673,-1,3,-8 D=3501,3501,0,2,-2 L=1250,1250,0,0,-1 B=2260,1233,-3,0,-19
mv B code=0 aligned=1 homed=- ms=119.0 U=3135,3133,-2,2,1 R=1091,1090,-1,0,-1 F=674,673,-1,3,-8 D=3501,3501,0,2,-2 L=1249,1250,1,0,-1 B=1234,214,4,3,-19
mv B' code=0 aligned=1 homed=- ms=119.0 U=3135,3133,-2,2,1 R=1091,1090,-1,0,-1 F=674,673,-1,3,-8 D=3501,3501,0,2,-2 L=1250,1250,0,0,-1 B=215,1231,-8,0,-21
mv B' code=0 aligned=1 homed=- ms=119.0 U=3135,3133,-2,2,1 R=1091,1090,-1,0,-1 F=674,674,0,3,-7 D=3501,3501,0,2,-2 L=1250,1250,0,0,-1 B=1233,2258,1,1,-20
mv B code=0 aligned=1 homed=- ms=119.0 U=3135,3133,-2,2,1 R=1091,1090,-1,0,-1 F=674,673,-1,3,-8 D=3501,3501,0,2,-2 L=1250,1250,0,0,-1 B=2259,1233,-2,0,-19
mv B code=0 aligned=1 homed=- ms=119.0 U=3135,3133,-2,2,1 R=1091,1090,-1,0,-1 F=674,673,-1,3,-8 D=3501,3501,0,2,-2 L=1249,1250,1,0,-1 B=1234,215,5,3,-18
mv B' code=0 aligned=1 homed=- ms=119.0 U=3135,3133,-2,2,1 R=1091,1090,-1,0,-1 F=674,673,-1,3,-8 D=3501,3501,0,2,-2 L=1249,1250,1,0,-1 B=215,1231,-8,0,-21
mv B' code=0 aligned=1 homed=- ms=119.0 U=3135,3133,-2,2,1 R=1091,1090,-1,0,-1 F=674,673,-1,3,-8 D=3501,3501,0,2,-2 L=1250,1250,0,0,-1 B=1233,2258,1,1,-20
mv B code=0 aligned=1 homed=- ms=119.0 U=3135,3134,-1,2,2 R=1091,1090,-1,0,-1 F=674,673,-1,3,-8 D=3501,3501,0,2,-2 L=1249,1250,1,0,-1 B=2260,1233,-3,0,-19
mv B code=0 aligned=1 homed=- ms=119.0 U=3135,3133,-2,2,1 R=1091,1091,0,0,0 F=674,673,-1,3,-8 D=3501,3501,0,2,-2 L=1249,1250,1,0,-1 B=1234,215,5,3,-18
mv B' code=0 aligned=1 homed=- ms=119.0 U=3135,3133,-2,2,1 R=1091,1091,0,0,0 F=674,673,-1,3,-8 D=3501,3501,0,2,-2 L=1249,1250,1,0,-1 B=216,1231,-9,0,-21
mv B' code=0 aligned=1 homed=- ms=119.0 U=3135,3133,-2,2,1 R=1091,1090,-1,0,-1 F=674,673,-1,3,-8 D=3501,3501,0,2,-2 L=1249,1250,1,0,-1 B=1232,2258,2,1,-20
mv B code=0 aligned=1 homed=- ms=119.0 U=3135,3133,-2,2,1 R=1091,1090,-1,0,-1 F=674,673,-1,3,-8 D=3501,3501,0,2,-2 L=1249,1250,1,0,-1 B=2259,1233,-2,0,-19
mv B code=0 aligned=1 homed=- ms=119.0 U=3135,3133,-2,2,1 R=1091,1090,-1,0,-1 F=674,673,-1,3,-8 D=3501,3501,0,2,-2 L=1249,1250,1,0,-1 B=1234,215,5,3,-18
mv B' code=0 aligned=1 homed=- ms=119.0 U=3135,3133,-2,2,1 R=1091,1090,-1,0,-1 F=674,674,0,3,-7 D=3501,3501,0,2,-2 L=1249,1250,1,0,-1 B=215,1231,-8,0,-21
mv B' code=0 aligned=1 homed=- ms=119.0 U=3135,3133,-2,2,1 R=1091,1091,0,0,0 F=674,673,-1,3,-8 D=3501,3501,0,2,-2 L=1249,1250,1,0,-1 B=1232,2258,2,1,-20
mv B code=0 aligned=1 homed=- ms=119.0 U=3135,3133,-2,2,1 R=1091,1090,-1,0,-1 F=674,673,-1,3,-8 D=3501,3501,0,2,-2 L=1249,1250,1,0,-1 B=2260,1233,-3,0,-19
mv B code=0 aligned=1 homed=- ms=119.0 U=3135,3133,-2,2,1 R=1091,1090,-1,0,-1 F=674,673,-1,3,-8 D=3501,3501,0,2,-2 L=1249,1250,1,0,-1 B=1234,214,4,3,-19
mv B' code=0 aligned=1 homed=- ms=119.0 U=3135,3133,-2,2,1 R=1091,1090,-1,0,-1 F=674,673,-1,3,-8 D=3501,3501,0,2,-2 L=1250,1250,0,0,-1 B=216,1231,-9,0,-21
mv B' code=0 aligned=1 homed=- ms=119.0 U=3135,3133,-2,2,1 R=1091,1090,-1,0,-1 F=674,674,0,3,-7 D=3501,3501,0,2,-2 L=1249,1250,1,0,-1 B=1233,2258,1,1,-20
mv B code=0 aligned=1 homed=- ms=119.0 U=3135,3133,-2,2,1 R=1091,1090,-1,0,-1 F=674,673,-1,3,-8 D=3501,3501,0,2,-2 L=1249,1250,1,0,-1 B=2259,1233,-2,0,-19
mv B code=0 aligned=1 homed=- ms=119.0 U=3135,3133,-2,2,1 R=1091,1090,-1,0,-1 F=674,673,-1,3,-8 D=3501,3501,0,2,-2 L=1250,1250,0,0,-1 B=1234,214,4,3,-19
mv B' code=0 aligned=1 homed=- ms=119.0 U=3135,3133,-2,2,1 R=1091,1090,-1,0,-1 F=674,673,-1,3,-8 D=3501,3501,0,2,-2 L=1250,1250,0,0,-1 B=215,1231,-8,0,-21
mv B' code=0 aligned=1 homed=- ms=119.0 U=3135,3133,-2,2,1 R=1091,1090,-1,0,-1 F=674,673,-1,3,-8 D=3501,3501,0,2,-2 L=1249,1250,1,0,-1 B=1233,2258,1,1,-20
mv B code=0 aligned=1 homed=- ms=119.0 U=3135,3133,-2,2,1 R=1091,1090,-1,0,-1 F=674,673,-1,3,-8 D=3501,3501,0,2,-2 L=1249,1250,1,0,-1 B=2259,1233,-2,0,-19
mv B code=0 aligned=1 homed=- ms=119.0 U=3136,3133,-3,2,1 R=1091,1090,-1,0,-1 F=674,673,-1,3,-8 D=3501,3501,0,2,-2 L=1249,1250,1,0,-1 B=1234,215,5,3,-18
mv B' code=0 aligned=1 homed=- ms=119.0 U=3135,3133,-2,2,1 R=1091,1090,-1,0,-1 F=674,673,-1,3,-8 D=3501,3501,0,2,-2 L=1249,1250,1,0,-1 B=215,1231,-8,0,-21
mv B' code=0 aligned=1 homed=- ms=119.0 U=3135,3133,-2,2,1 R=1091,1091,0,0,0 F=674,673,-1,3,-8 D=3501,3501,0,2,-2 L=1249,1250,1,0,-1 B=1233,2258,1,1,-20
mv B code=0 aligned=1 homed=- ms=119.0 U=3135,3133,-2,2,1 R=1091,1091,0,0,0 F=674,673,-1,3,-8 D=3501,3501,0,2,-2 L=1249,1250,1,0,-1 B=2259,1233,-2,0,-19
mv B code=0 aligned=1 homed=- ms=119.0 U=3135,3133,-2,2,1 R=1091,1090,-1,0,-1 F=674,674,0,3,-7 D=3501,3501,0,2,-2 L=1249,1250,1,0,-1 B=1234,215,5,3,-18
mv B' code=0 aligned=1 homed=- ms=119.0 U=3135,3133,-2,2,1 R=1091,1090,-1,0,-1 F=674,673,-1,3,-8 D=3501,3501,0,2,-2 L=1249,1250,1,0,-1 B=215,1231,-8,0,-21
mv B' code=0 aligned=1 homed=- ms=119.0 U=3135,3133,-2,2,1 R=1091,1091,0,0,0 F=674,673,-1,3,-8 D=3501,3501,0,2,-2 L=1250,1250,0,0,-1 B=1233,2258,1,1,-20
mv B code=0 aligned=1 homed=- ms=119.0 U=3135,3133,-2,2,1 R=1091,1090,-1,0,-1 F=674,673,-1,3,-8 D=3501,3501,0,2,-2 L=1249,1250,1,0,-1 B=2260,1233,-3,0,-19
mv B code=0 aligned=1 homed=- ms=119.0 U=3136,3133,-3,2,1 R=1091,1090,-1,0,-1 F=674,673,-1,3,-8 D=3501,3501,0,2,-2 L=1249,1250,1,0,-1 B=1234,215,5,3,-18
mv B' code=0 aligned=1 homed=- ms=119.0 U=3135,3133,-2,2,1 R=1091,1090,-1,0,-1 F=674,673,-1,3,-8 D=3501,3501,0,2,-2 L=1249,1250,1,0,-1 B=216,1231,-9,0,-21
mv B' code=0 aligned=1 homed=- ms=119.0 U=3135,3133,-2,2,1 R=1091,1090,-1,0,-1 F=674,674,0,3,-7 D=3501,3501,0,2,-2 L=1249,1250,1,0,-1 B=1233,2258,1,1,-20
mv B code=0 aligned=1 homed=- ms=119.0 U=3135,3133,-2,2,1 R=1091,1090,-1,0,-1 F=674,673,-1,3,-8 D=3501,3501,0,2,-2 L=1249,1250,1,0,-1 B=2259,1233,-2,0,-19
mv B code=0 aligned=1 homed=- ms=119.0 U=3135,3133,-2,2,1 R=1091,1091,0,0,0 F=674,673,-1,3,-8 D=3501,3501,0,2,-2 L=1249,1250,1,0,-1 B=1234,214,4,3,-19
mv B' code=0 aligned=1 homed=- ms=119.0 U=3135,3133,-2,2,1 R=1091,1090,-1,0,-1 F=674,673,-1,3,-8 D=3501,3501,0,2,-2 L=1249,1250,1,0,-1 B=216,1231,-9,0,-21
mv B' code=0 aligned=1 homed=- ms=119.0 U=3135,3133,-2,2,1 R=1091,1091,0,0,0 F=674,673,-1,3,-8 D=3501,3501,0,2,-2 L=1249,1250,1,0,-1 B=1233,2258,1,1,-20
mv B code=0 aligned=1 homed=- ms=119.0 U=3135,3133,-2,2,1 R=1091,1090,-1,0,-1 F=674,673,-1,3,-8 D=3501,3501,0,2,-2 L=1249,1250,1,0,-1 B=2260,1233,-3,0,-19
mv B code=0 aligned=1 homed=- ms=119.0 U=3135,3133,-2,2,1 R=1091,1090,-1,0,-1 F=674,673,-1,3,-8 D=3501,3501,0,2,-2 L=1249,1250,1,0,-1 B=1234,215,5,3,-18
mv B' code=0 aligned=1 homed=- ms=119.0 U=3135,3133,-2,2,1 R=1091,1090,-1,0,-1 F=674,674,0,3,-7 D=3501,3501,0,2,-2 L=1249,1250,1,0,-1 B=215,1231,-8,0,-21
mv B' code=0 aligned=1 homed=- ms=119.0 U=3135,3133,-2,2,1 R=1091,1090,-1,0,-1 F=674,673,-1,3,-8 D=3501,3501,0,2,-2 L=1250,1250,0,0,-1 B=1233,2258,1,1,-20
mv B code=0 aligned=1 homed=- ms=119.0 U=3135,3133,-2,2,1 R=1091,1090,-1,0,-1 F=674,673,-1,3,-8 D=3501,3501,0,2,-2 L=1249,1250,1,0,-1 B=2259,1233,-2,0,-19
mv B code=0 aligned=1 homed=- ms=119.0 U=3135,3133,-2,2,1 R=1091,1090,-1,0,-1 F=674,673,-1,3,-8 D=3501,3501,0,2,-2 L=1249,1250,1,0,-1 B=1234,215,5,3,-18
mv B' code=0 aligned=1 homed=- ms=119.0 U=3135,3133,-2,2,1 R=1091,1090,-1,0,-1 F=674,673,-1,3,-8 D=3501,3501,0,2,-2 L=1250,1250,0,0,-1 B=215,1231,-8,0,-21
mv B' code=0 aligned=1 homed=- ms=119.0 U=3135,3133,-2,2,1 R=1091,1090,-1,0,-1 F=674,673,-1,3,-8 D=3501,3501,0,2,-2 L=1250,1250,0,0,-1 B=1233,2258,1,1,-20
mv B code=0 aligned=1 homed=- ms=119.0 U=3135,3133,-2,2,1 R=1091,1090,-1,0,-1 F=674,673,-1,3,-8 D=3501,3501,0,2,-2 L=1249,1250,1,0,-1 B=2260,1233,-3,0,-19
mv B code=0 aligned=1 homed=- ms=119.0 U=3136,3133,-3,2,1 R=1091,1090,-1,0,-1 F=674,673,-1,3,-8 D=3501,3501,0,2,-2 L=1249,1250,1,0,-1 B=1234,214,4,3,-19
mv B' code=0 aligned=1 homed=- ms=119.0 U=3135,3133,-2,2,1 R=1091,1090,-1,0,-1 F=674,673,-1,3,-8 D=3501,3501,0,2,-2 L=1250,1250,0,0,-1 B=216,1231,-9,0,-21
mv B' code=0 aligned=1 homed=- ms=119.0 U=3135,3133,-2,2,1 R=1091,1090,-1,0,-1 F=674,673,-1,3,-8 D=3501,3501,0,2,-2 L=1250,1250,0,0,-1 B=1232,2258,2,1,-20
mv B code=0 aligned=1 homed=- ms=119.0 U=3135,3133,-2,2,1 R=1091,1090,-1,0,-1 F=674,673,-1,3,-8 D=3501,3501,0,2,-2 L=1250,1250,0,0,-1 B=2259,1233,-2,0,-19
mv B code=0 aligned=1 homed=- ms=119.0 U=3135,3133,-2,2,1 R=1091,1090,-1,0,-1 F=674,673,-1,3,-8 D=3501,3501,0,2,-2 L=1249,1250,1,0,-1 B=1234,214,4,3,-19
mv B' code=0 aligned=1 homed=- ms=119.0 U=3135,3133,-2,2,1 R=1091,1091,0,0,0 F=674,673,-1,3,-8 D=3501,3501,0,2,-2 L=1249,1250,1,0,-1 B=215,1231,-8,0,-21
mv B' code=0 aligned=1 homed=- ms=119.0 U=3135,3133,-2,2,1 R=1091,1090,-1,0,-1 F=674,673,-1,3,-8 D=3501,3501,0,2,-2 L=1249,1250,1,0,-1 B=1233,2258,1,1,-20
mv B code=0 aligned=1 homed=- ms=119.0 U=3135,3133,-2,2,1 R=1091,1090,-1,0,-1 F=674,673,-1,3,-8 D=3501,3501,0,2,-2 L=1250,1250,0,0,-1 B=2260,1233,-3,0,-19
mv B code=0 aligned=1 homed=- ms=119.0 U=3135,3133,-2,2,1 R=1091,1090,-1,0,-1 F=674,674,0,3,-7 D=3501,3501,0,2,-2 L=1250,1250,0,0,-1 B=1234,214,4,3,-19
mv B' code=0 aligned=1 homed=- ms=119.0 U=3135,3133,-2,2,1 R=1091,1090,-1,0,-1 F=674,673,-1,3,-8 D=3501,3501,0,2,-2 L=1250,1250,0,0,-1 B=215,1231,-8,0,-21
mv B' code=0 aligned=1 homed=- ms=119.0 U=3135,3133,-2,2,1 R=1091,1090,-1,0,-1 F=674,673,-1,3,-8 D=3501,3501,0,2,-2 L=1249,1250,1,0,-1 B=1233,2258,1,1,-20
mv B code=0 aligned=1 homed=- ms=119.0 U=3135,3133,-2,2,1 R=1091,1090,-1,0,-1 F=674,673,-1,3,-8 D=3501,3501,0,2,-2 L=1250,1250,0,0,-1 B=2259,1233,-2,0,-19
mv B code=0 aligned=1 homed=- ms=119.0 U=3136,3133,-3,2,1 R=1091,1090,-1,0,-1 F=674,673,-1,3,-8 D=3501,3501,0,2,-2 L=1249,1250,1,0,-1 B=1234,215,5,3,-18
mv B' code=0 aligned=1 homed=- ms=119.0 U=3135,3133,-2,2,1 R=1091,1090,-1,0,-1 F=674,673,-1,3,-8 D=3501,3501,0,2,-2 L=1249,1250,1,0,-1 B=215,1231,-8,0,-21
mv B' code=0 aligned=1 homed=- ms=119.0 U=3135,3133,-2,2,1 R=1091,1090,-1,0,-1 F=674,673,-1,3,-8 D=3501,3501,0,2,-2 L=1250,1250,0,0,-1 B=1233,2258,1,1,-20
mv B code=0 aligned=1 homed=- ms=119.0 U=3135,3133,-2,2,1 R=1091,1091,0,0,0 F=674,673,-1,3,-8 D=3501,3501,0,2,-2 L=1249,1250,1,0,-1 B=2260,1233,-3,0,-19
mv B code=0 aligned=1 homed=- ms=119.0 U=3135,3133,-2,2,1 R=1091,1090,-1,0,-1 F=674,674,0,3,-7 D=3501,3501,0,2,-2 L=1249,1250,1,0,-1 B=1234,214,4,3,-19
mv B' code=0 aligned=1 homed=- ms=119.0 U=3135,3133,-2,2,1 R=1091,1090,-1,0,-1 F=674,673,-1,3,-8 D=3501,3501,0,2,-2 L=1249,1250,1,0,-1 B=216,1231,-9,0,-21
mv B' code=0 aligned=1 homed=- ms=119.0 U=3135,3133,-2,2,1 R=1091,1090,-1,0,-1 F=674,674,0,3,-7 D=3501,3501,0,2,-2 L=1249,1250,1,0,-1 B=1233,2258,1,1,-20
mv B code=0 aligned=1 homed=- ms=119.0 U=3135,3133,-2,2,1 R=1091,1091,0,0,0 F=674,673,-1,3,-8 D=3501,3501,0,2,-2 L=1249,1250,1,0,-1 B=2259,1233,-2,0,-19
mv B code=0 aligned=1 homed=- ms=119.0 U=3135,3133,-2,2,1 R=1091,1090,-1,0,-1 F=674,673,-1,3,-8 D=3501,3501,0,2,-2 L=1249,1250,1,0,-1 B=1234,215,5,3,-18
mv B' code=0 aligned=1 homed=- ms=119.0 U=3135,3133,-2,2,1 R=1091,1090,-1,0,-1 F=674,674,0,3,-7 D=3501,3501,0,2,-2 L=1249,1250,1,0,-1 B=216,1231,-9,0,-21
mv B' code=0 aligned=1 homed=- ms=119.0 U=3135,3133,-2,2,1 R=1091,1090,-1,0,-1 F=674,674,0,3,-7 D=3501,3501,0,2,-2 L=1249,1250,1,0,-1 B=1233,2258,1,1,-20
mv B code=0 aligned=1 homed=- ms=119.0 U=3135,3133,-2,2,1 R=1091,1090,-1,0,-1 F=674,673,-1,3,-8 D=3501,3501,0,2,-2 L=1249,1250,1,0,-1 B=2260,1233,-3,0,-19
mv B code=0 aligned=1 homed=- ms=119.0 U=3135,3133,-2,2,1 R=1091,1090,-1,0,-1 F=674,673,-1,3,-8 D=3501,3501,0,2,-2 L=1249,1250,1,0,-1 B=1234,214,4,3,-19
mv B' code=0 aligned=1 homed=- ms=119.0 U=3136,3133,-3,2,1 R=1091,1090,-1,0,-1 F=674,673,-1,3,-8 D=3501,3501,0,2,-2 L=1249,1250,1,0,-1 B=215,1231,-8,0,-21
mv B' code=0 aligned=1 homed=- ms=119.0 U=3135,3133,-2,2,1 R=1091,1090,-1,0,-1 F=674,673,-1,3,-8 D=3501,3501,0,2,-2 L=1249,1250,1,0,-1 B=1233,2258,1,1,-20
mv B code=0 aligned=1 homed=- ms=119.0 U=3136,3133,-3,2,1 R=1091,1091,0,0,0 F=674,674,0,3,-7 D=3501,3501,0,2,-2 L=1249,1250,1,0,-1 B=2259,1233,-2,0,-19
mv B code=0 aligned=1 homed=- ms=119.0 U=3136,3133,-3,2,1 R=1091,1090,-1,0,-1 F=674,673,-1,3,-8 D=3501,3501,0,2,-2 L=1249,1250,1,0,-1 B=1234,215,5,3,-18
mv B' code=0 aligned=1 homed=- ms=119.0 U=3135,3133,-2,2,1 R=1091,1090,-1,0,-1 F=674,674,0,3,-7 D=3501,3501,0,2,-2 L=1249,1250,1,0,-1 B=216,1231,-9,0,-21
mv B' code=0 aligned=1 homed=- ms=119.0 U=3135,3133,-2,2,1 R=1091,1090,-1,0,-1 F=674,674,0,3,-7 D=3501,3501,0,2,-2 L=1249,1250,1,0,-1 B=1233,2258,1,1,-20
mv B code=0 aligned=1 homed=- ms=119.0 U=3135,3133,-2,2,1 R=1091,1090,-1,0,-1 F=674,674,0,3,-7 D=3501,3501,0,2,-2 L=1249,1250,1,0,-1 B=2260,1233,-3,0,-19
mv B code=0 aligned=1 homed=- ms=119.0 U=3135,3133,-2,2,1 R=1091,1090,-1,0,-1 F=674,673,-1,3,-8 D=3501,3501,0,2,-2 L=1249,1250,1,0,-1 B=1234,215,5,3,-18
mv B' code=0 aligned=1 homed=- ms=119.0 U=3135,3133,-2,2,1 R=1091,1090,-1,0,-1 F=674,673,-1,3,-8 D=3501,3501,0,2,-2 L=1250,1250,0,0,-1 B=216,1231,-9,0,-21
mv B' code=0 aligned=1 homed=- ms=119.0 U=3135,3133,-2,2,1 R=1091,1090,-1,0,-1 F=674,673,-1,3,-8 D=3501,3501,0,2,-2 L=1249,1249,0,0,-2 B=1233,2258,1,1,-20
mv B code=0 aligned=1 homed=- ms=119.0 U=3135,3133,-2,2,1 R=1091,1090,-1,0,-1 F=674,673,-1,3,-8 D=3501,3501,0,2,-2 L=1249,1250,1,0,-1 B=2259,1233,-2,0,-19
mv B code=0 aligned=1 homed=- ms=119.0 U=3135,3133,-2,2,1 R=1091,1090,-1,0,-1 F=674,673,-1,3,-8 D=3501,3501,0,2,-2 L=1250,1250,0,0,-1 B=1234,214,4,3,-19
mv B' code=0 aligned=1 homed=- ms=119.0 U=3135,3133,-2,2,1 R=1091,1090,-1,0,-1 F=674,673,-1,3,-8 D=3501,3501,0,2,-2 L=1249,1250,1,0,-1 B=215,1231,-8,0,-21
mv B' code=0 aligned=1 homed=- ms=119.0 U=3135,3133,-2,2,1 R=1091,1090,-1,0,-1 F=674,673,-1,3,-8 D=3501,3501,0,2,-2 L=1249,1250,1,0,-1 B=1233,2258,1,1,-20
mv B code=0 aligned=1 homed=- ms=119.0 U=3135,3133,-2,2,1 R=1091,1090,-1,0,-1 F=674,674,0,3,-7 D=3501,3501,0,2,-2 L=1249,1250,1,0,-1 B=2259,1233,-2,0,-19
mv B code=0 aligned=1 homed=- ms=119.0 U=3135,3133,-2,2,1 R=1091,1090,-1,0,-1 F=674,673,-1,3,-8 D=3501,3501,0,2,-2 L=1250,1250,0,0,-1 B=1234,214,4,3,-19
mv B' code=0 aligned=1 homed=- ms=119.0 U=3135,3133,-2,2,1 R=1091,1090,-1,0,-1 F=674,673,-1,3,-8 D=3501,3501,0,2,-2 L=1250,1250,0,0,-1 B=215,1231,-8,0,-21
mv B' code=0 aligned=1 homed=- ms=119.0 U=3135,3133,-2,2,1 R=1091,1090,-1,0,-1 F=674,674,0,3,-7 D=3501,3501,0,2,-2 L=1250,1250,0,0,-1 B=1233,2258,1,1,-20
mv B code=0 aligned=1 homed=- ms=119.0 U=3135,3133,-2,2,1 R=1091,1090,-1,0,-1 F=674,673,-1,3,-8 D=3501,3501,0,2,-2 L=1250,1250,0,0,-1 B=2260,1233,-3,0,-19
mv B code=0 aligned=1 homed=- ms=119.0 U=3135,3133,-2,2,1 R=1091,1090,-1,0,-1 F=674,673,-1,3,-8 D=3501,3501,0,2,-2 L=1249,1250,1,0,-1 B=1234,215,5,3,-18
mv B' code=0 aligned=1 homed=- ms=119.0 U=3135,3133,-2,2,1 R=1091,1090,-1,0,-1 F=674,673,-1,3,-8 D=3501,3501,0,2,-2 L=1249,1250,1,0,-1 B=216,1231,-9,0,-21
mv B' code=0 aligned=1 homed=- ms=119.0 U=3135,3133,-2,2,1 R=1091,1090,-1,0,-1 F=674,673,-1,3,-8 D=3501,3501,0,2,-2 L=1250,1250,0,0,-1 B=1233,2258,1,1,-20
mv B code=0 aligned=1 homed=- ms=119.0 U=3135,3133,-2,2,1 R=1091,1091,0,0,0 F=674,673,-1,3,-8 D=3501,3501,0,2,-2 L=1249,1250,1,0,-1 B=2260,1233,-3,0,-19
mv B code=0 aligned=1 homed=- ms=119.0 U=3135,3133,-2,2,1 R=1091,1091,0,0,0 F=674,674,0,3,-7 D=3501,3501,0,2,-2 L=1250,1250,0,0,-1 B=1234,215,5,3,-18
mv B' code=0 aligned=1 homed=- ms=119.0 U=3135,3133,-2,2,1 R=1091,1090,-1,0,-1 F=674,673,-1,3,-8 D=3501,3501,0,2,-2 L=1249,1250,1,0,-1 B=215,1231,-8,0,-21
mv B' code=0 aligned=1 homed=- ms=119.0 U=3135,3133,-2,2,1 R=1091,1090,-1,0,-1 F=674,673,-1,3,-8 D=3501,3501,0,2,-2 L=1250,1250,0,0,-1 B=1233,2258,1,1,-20
mv B code=0 aligned=1 homed=- ms=119.0 U=3135,3133,-2,2,1 R=1091,1090,-1,0,-1 F=674,673,-1,3,-8 D=3501,3501,0,2,-2 L=1249,1250,1,0,-1 B=2260,1233,-3,0,-19
mv B code=0 aligned=1 homed=- ms=119.0 U=3135,3133,-2,2,1 R=1091,1090,-1,0,-1 F=674,673,-1,3,-8 D=3501,3501,0,2,-2 L=1250,1250,0,0,-1 B=1234,214,4,3,-19
mv B' code=0 aligned=1 homed=- ms=119.0 U=3135,3133,-2,2,1 R=1091,1091,0,0,0 F=674,674,0,3,-7 D=3501,3501,0,2,-2 L=1249,1250,1,0,-1 B=216,1231,-9,0,-21
mv B' code=0 aligned=1 homed=- ms=119.0 U=3135,3133,-2,2,1 R=1091,1090,-1,0,-1 F=674,674,0,3,-7 D=3501,3501,0,2,-2 L=1249,1250,1,0,-1 B=1233,2258,1,1,-20
mv B code=0 aligned=1 homed=- ms=119.0 U=3135,3133,-2,2,1 R=1091,1090,-1,0,-1 F=674,674,0,3,-7 D=3501,3501,0,2,-2 L=1249,1250,1,0,-1 B=2260,1233,-3,0,-19
mv B code=0 aligned=1 homed=- ms=119.0 U=3135,3133,-2,2,1 R=1091,1090,-1,0,-1 F=674,673,-1,3,-8 D=3501,3501,0,2,-2 L=1250,1250,0,0,-1 B=1233,215,6,3,-18
mv B' code=0 aligned=1 homed=- ms=119.0 U=3135,3133,-2,2,1 R=1091,1090,-1,0,-1 F=674,674,0,3,-7 D=3501,3501,0,2,-2 L=1249,1250,1,0,-1 B=216,1231,-9,0,-21
mv B' code=0 aligned=1 homed=- ms=119.0 U=3135,3133,-2,2,1 R=1091,1090,-1,0,-1 F=674,673,-1,3,-8 D=3501,3501,0,2,-2 L=1249,1250,1,0,-1 B=1233,2258,1,1,-20
mv B code=0 aligned=1 homed=- ms=119.0 U=3135,3133,-2,2,1 R=1091,1090,-1,0,-1 F=674,673,-1,3,-8 D=3501,3501,0,2,-2 L=1249,1250,1,0,-1 B=2259,1233,-2,0,-19
mv B code=0 aligned=1 homed=- ms=119.0 U=3135,3133,-2,2,1 R=1091,1090,-1,0,-1 F=674,673,-1,3,-8 D=3501,3501,0,2,-2 L=1249,1250,1,0,-1 B=1234,214,4,3,-19
mv B' code=0 aligned=1 homed=- ms=119.0 U=3135,3133,-2,2,1 R=1091,1090,-1,0,-1 F=674,674,0,3,-7 D=3501,3501,0,2,-2 L=1249,1250,1,0,-1 B=215,1231,-8,0,-21
mv B' code=0 aligned=1 homed=- ms=119.0 U=3135,3133,-2,2,1 R=1091,1091,0,0,0 F=674,673,-1,3,-8 D=3501,3501,0,2,-2 L=1249,1250,1,0,-1 B=1233,2258,1,1,-20
mv B code=0 aligned=1 homed=- ms=119.0 U=3135,3133,-2,2,1 R=1091,1091,0,0,0 F=674,673,-1,3,-8 D=3501,3501,0,2,-2 L=1249,1250,1,0,-1 B=2260,1233,-3,0,-19
mv B code=0 aligned=1 homed=- ms=119.0 U=3135,3133,-2,2,1 R=1091,1090,-1,0,-1 F=674,673,-1,3,-8 D=3501,3501,0,2,-2 L=1249,1250,1,0,-1 B=1234,214,4,3,-19
mv B' code=0 aligned=1 homed=- ms=119.0 U=3135,3133,-2,2,1 R=1091,1090,-1,0,-1 F=674,673,-1,3,-8 D=3501,3501,0,2,-2 L=1250,1250,0,0,-1 B=215,1231,-8,0,-21
mv B' code=0 aligned=1 homed=- ms=119.0 U=3135,3133,-2,2,1 R=1091,1090,-1,0,-1 F=674,673,-1,3,-8 D=3501,3501,0,2,-2 L=1249,1250,1,0,-1 B=1233,2258,1,1,-20
mv B code=0 aligned=1 homed=- ms=119.0 U=3135,3133,-2,2,1 R=1091,1090,-1,0,-1 F=674,673,-1,3,-8 D=3501,3501,0,2,-2 L=1249,1250,1,0,-1 B=2259,1233,-2,0,-19
mv B code=0 aligned=1 homed=- ms=119.0 U=3135,3133,-2,2,1 R=1091,1090,-1,0,-1 F=674,673,-1,3,-8 D=3501,3501,0,2,-2 L=1249,1250,1,0,-1 B=1234,215,5,3,-18
mv B' code=0 aligned=1 homed=- ms=119.0 U=3135,3133,-2,2,1 R=1091,1090,-1,0,-1 F=674,673,-1,3,-8 D=3501,3501,0,2,-2 L=1249,1250,1,0,-1 B=216,1231,-9,0,-21
mv B' code=0 aligned=1 homed=- ms=119.0 U=3135,3133,-2,2,1 R=1091,1090,-1,0,-1 F=674,673,-1,3,-8 D=3501,3501,0,2,-2 L=1249,1250,1,0,-1 B=1233,2258,1,1,-20
mv B code=0 aligned=1 homed=- ms=119.0 U=3135,3133,-2,2,1 R=1091,1090,-1,0,-1 F=674,673,-1,3,-8 D=3501,3501,0,2,-2 L=1249,1250,1,0,-1 B=2260,1233,-3,0,-19
mv B code=0 aligned=1 homed=- ms=119.0 U=3135,3133,-2,2,1 R=1091,1090,-1,0,-1 F=674,673,-1,3,-8 D=3501,3501,0,2,-2 L=1249,1250,1,0,-1 B=1234,215,5,3,-18
mv B' code=0 aligned=1 homed=- ms=119.0 U=3135,3133,-2,2,1 R=1091,1090,-1,0,-1 F=674,674,0,3,-7 D=3501,3501,0,2,-2 L=1249,1250,1,0,-1 B=215,1231,-8,0,-21
mv B' code=0 aligned=1 homed=- ms=119.0 U=3135,3133,-2,2,1 R=1091,1090,-1,0,-1 F=674,674,0,3,-7 D=3501,3501,0,2,-2 L=1250,1250,0,0,-1 B=1233,2258,1,1,-20
mv B code=0 aligned=1 homed=- ms=119.0 U=3135,3133,-2,2,1 R=1091,1090,-1,0,-1 F=674,673,-1,3,-8 D=3501,3501,0,2,-2 L=1249,1250,1,0,-1 B=2259,1233,-2,0,-19
mv B code=0 aligned=1 homed=- ms=119.0 U=3135,3133,-2,2,1 R=1091,1090,-1,0,-1 F=674,674,0,3,-7 D=3501,3501,0,2,-2 L=1249,1250,1,0,-1 B=1234,215,5,3,-18
mv B' code=0 aligned=1 homed=- ms=119.0 U=3135,3133,-2,2,1 R=1091,1090,-1,0,-1 F=674,673,-1,3,-8 D=3501,3501,0,2,-2 L=1249,1250,1,0,-1 B=216,1231,-9,0,-21
mv B' code=0 aligned=1 homed=- ms=119.0 U=3135,3133,-2,2,1 R=1091,1090,-1,0,-1 F=674,673,-1,3,-8 D=3501,3501,0,2,-2 L=1250,1250,0,0,-1 B=1233,2258,1,1,-20
mv B code=0 aligned=1 homed=- ms=119.0 U=3135,3133,-2,2,1 R=1091,1090,-1,0,-1 F=674,673,-1,3,-8 D=3501,3501,0,2,-2 L=1249,1250,1,0,-1 B=2260,1233,-3,0,-19
mv B code=0 aligned=1 homed=- ms=119.0 U=3135,3133,-2,2,1 R=1091,1090,-1,0,-1 F=674,673,-1,3,-8 D=3501,3501,0,2,-2 L=1249,1250,1,0,-1 B=1234,214,4,3,-19
mv B' code=0 aligned=1 homed=- ms=119.0 U=3135,3133,-2,2,1 R=1091,1090,-1,0,-1 F=674,673,-1,3,-8 D=3501,3501,0,2,-2 L=1249,1250,1,0,-1 B=215,1231,-8,0,-21
mv B' code=0 aligned=1 homed=- ms=119.0 U=3135,3133,-2,2,1 R=1091,1090,-1,0,-1 F=674,673,-1,3,-8 D=3501,3501,0,2,-2 L=1249,1250,1,0,-1 B=1233,2258,1,1,-20
mv B code=0 aligned=1 homed=- ms=119.0 U=3135,3133,-2,2,1 R=1091,1090,-1,0,-1 F=674,673,-1,3,-8 D=3501,3501,0,2,-2 L=1249,1250,1,0,-1 B=2259,1233,-2,0,-19
mv B code=0 aligned=1 homed=- ms=119.0 U=3135,3133,-2,2,1 R=1091,1090,-1,0,-1 F=674,673,-1,3,-8 D=3501,3501,0,2,-2 L=1250,1250,0,0,-1 B=1234,215,5,3,-18
mv B' code=0 aligned=1 homed=- ms=119.0 U=3135,3133,-2,2,1 R=1091,1090,-1,0,-1 F=674,673,-1,3,-8 D=3501,3501,0,2,-2 L=1249,1250,1,0,-1 B=215,1231,-8,0,-21
mv B' code=0 aligned=1 homed=- ms=119.0 U=3135,3133,-2,2,1 R=1091,1090,-1,0,-1 F=674,673,-1,3,-8 D=3501,3501,0,2,-2 L=1249,1250,1,0,-1 B=1233,2258,1,1,-20
mv B code=0 aligned=1 homed=- ms=119.0 U=3135,3133,-2,2,1 R=1091,1090,-1,0,-1 F=674,673,-1,3,-8 D=3501,3501,0,2,-2 L=1250,1250,0,0,-1 B=2259,1233,-2,0,-19
mv B code=0 aligned=1 homed=- ms=119.0 U=3135,3133,-2,2,1 R=1091,1090,-1,0,-1 F=674,673,-1,3,-8 D=3501,3501,0,2,-2 L=1250,1250,0,0,-1 B=1234,215,5,3,-18
mv B' code=0 aligned=1 homed=- ms=119.0 U=3135,3133,-2,2,1 R=1091,1090,-1,0,-1 F=674,673,-1,3,-8 D=3501,3501,0,2,-2 L=1249,1250,1,0,-1 B=215,1231,-8,0,-21
mv B' code=0 aligned=1 homed=- ms=119.0 U=3135,3133,-2,2,1 R=1091,1090,-1,0,-1 F=674,674,0,3,-7 D=3501,3501,0,2,-2 L=1250,1250,0,0,-1 B=1233,2258,1,1,-20
mv B code=0 aligned=1 homed=- ms=119.0 U=3135,3133,-2,2,1 R=1091,1090,-1,0,-1 F=674,674,0,3,-7 D=3501,3501,0,2,-2 L=1249,1250,1,0,-1 B=2260,1233,-3,0,-19
rep moves=300 notaligned=0 homings=0 failures=0 avgms=119.0
res U=- R=- F=- D=- L=- B=300,-1.3,5.1,9
ok
> health
health U=1,1,0/128/686 R=1,1,0/128/1627 F=1,1,0/128/1793 D=1,1,0/128/1578 L=1,1,0/128/682 B=1,1,0/128/1289 RING=1,1,0/128/1611
ok
> home
[align] motor 0 err=3 counts (0.3 steps)
[align] motor 1 err=0 counts (0.0 steps)
[align] motor 2 err=-7 counts (-0.7 steps)
[align] motor 3 err=-1 counts (-0.1 steps)
[align] motor 4 err=-3 counts (-0.3 steps)
[align] motor 5 err=-18 counts (-1.8 steps)
home code=0 ms=6 en=0
enc U=3134 R=1090 F=673 D=3501 L=1250 B=1233 RING=2768
near U=2:2 R=0:-1 F=3:-8 D=2:-2 L=0:-1 B=0:-19
ok
> enc
enc U=3135 R=1091 F=674 D=3501 L=1250 B=1233 RING=2768
near U=2:3 R=0:0 F=3:-7 D=2:-2 L=0:-1 B=0:-19
ok
