> status
status hold=0 ring=0 top=0 bot=0 calibrated=1 boothome=0 align=1 encmux=1 encoders=1111111
ok
> get
param speed=1000 accel=0 delay=20 rotdelay=60 dwell=0 tol=20 hometimeout=1000 turnstep=100 hold=0 align=1
ok
> cal
cal U 1102 2122 3132 64 gaps 1020 1010 1028 1038
cal R 1091 2102 3145 51 gaps 1011 1043 1002 1040
cal F 1696 2714 3748 681 gaps 1018 1034 1029 1015
cal D 1461 2481 3503 439 gaps 1020 1022 1032 1022
cal L 1251 2271 3286 208 gaps 1020 1015 1018 1043
cal B 1252 2278 3302 233 gaps 1026 1024 1027 1019
ok
> enc
enc U=3135 R=1091 F=675 D=3515 L=1249 B=1249 RING=2768
near U=2:3 R=0:0 F=3:-6 D=2:12 L=0:-2 B=0:-3
ok
> rep 50 U U'
mv U code=0 aligned=1 homed=- ms=119.0 U=3134,2118,8,1,-4 R=1091,1091,0,0,0 F=675,674,-1,3,-7 D=3514,3510,-4,2,7 L=1249,1250,1,0,-1 B=1249,1250,1,0,-2
mv U' code=0 aligned=1 homed=- ms=119.0 U=2123,3132,-15,2,0 R=1091,1090,-1,0,-1 F=675,674,-1,3,-7 D=3513,3509,-4,2,6 L=1249,1250,1,0,-1 B=1249,1250,1,0,-2
mv U code=0 aligned=1 homed=- ms=119.0 U=3135,2118,7,1,-4 R=1091,1090,-1,0,-1 F=675,674,-1,3,-7 D=3512,3510,-2,2,7 L=1249,1250,1,0,-1 B=1248,1250,2,0,-2
mv U' code=0 aligned=1 homed=- ms=119.0 U=2123,3132,-15,2,0 R=1091,1090,-1,0,-1 F=675,674,-1,3,-7 D=3512,3510,-2,2,7 L=1249,1249,0,0,-2 B=1248,1250,2,0,-2
mv U code=0 aligned=1 homed=- ms=119.0 U=3135,2119,8,1,-3 R=1091,1090,-1,0,-1 F=675,674,-1,3,-7 D=3512,3510,-2,2,7 L=1249,1250,1,0,-1 B=1249,1250,1,0,-2
mv U' code=0 aligned=1 homed=- ms=119.0 U=2123,3132,-15,2,0 R=1091,1090,-1,0,-1 F=675,674,-1,3,-7 D=3512,3510,-2,2,7 L=1250,1250,0,0,-1 B=1249,1250,1,0,-2
mv U code=0 aligned=1 homed=- ms=119.0 U=3135,2119,8,1,-3 R=1091,1090,-1,0,-1 F=675,674,-1,3,-7 D=3512,3510,-2,2,7 L=1249,1250,1,0,-1 B=1249,1250,1,0,-2
mv U' code=0 aligned=1 homed=- ms=119.0 U=2123,3132,-15,2,0 R=1091,1090,-1,0,-1 F=675,674,-1,3,-7 D=3512,3510,-2,2,7 L=1249,1250,1,0,-1 B=1248,1250,2,0,-2
mv U code=0 aligned=1 homed=- ms=119.0 U=3135,2119,8,1,-3 R=1091,1090,-1,0,-1 F=675,674,-1,3,-7 D=3512,3510,-2,2,7 L=1249,1250,1,0,-1 B=1249,1250,1,0,-2
mv U' code=0 aligned=1 homed=- ms=119.0 U=2123,3132,-15,2,0 R=1091,1090,-1,0,-1 F=675,674,-1,3,-7 D=3512,3510,-2,2,7 L=1250,1249,-1,0,-2 B=1248,1250,2,0,-2
mv U code=0 aligned=1 homed=- ms=119.0 U=3134,2119,9,1,-3 R=1091,1090,-1,0,-1 F=675,674,-1,3,-7 D=3512,3510,-2,2,7 L=1249,1249,0,0,-2 B=1248,1250,2,0,-2
mv U' code=0 aligned=1 homed=- ms=119.0 U=2123,3132,-15,2,0 R=1091,1090,-1,0,-1 F=675,674,-1,3,-7 D=3512,3510,-2,2,7 L=1249,1249,0,0,-2 B=1248,1250,2,0,-2
mv U code=0 aligned=1 homed=- ms=119.0 U=3135,2118,7,1,-4 R=1091,1090,-1,0,-1 F=675,674,-1,3,-7 D=3512,3509,-3,2,6 L=1249,1250,1,0,-1 B=1248,1250,2,0,-2
mv U' code=0 aligned=1 homed=- ms=119.0 U=2123,3132,-15,2,0 R=1091,1091,0,0,0 F=675,673,-2,3,-8 D=3512,3510,-2,2,7 L=1250,1249,-1,0,-2 B=1249,1250,1,0,-2
mv U code=0 aligned=1 homed=- ms=119.0 U=3135,2119,8,1,-3 R=1091,1090,-1,0,-1 F=675,674,-1,3,-7 D=3512,3510,-2,2,7 L=1250,1250,0,0,-1 B=1249,1250,1,0,-2
mv U' code=0 aligned=1 homed=- ms=119.0 U=2123,3132,-15,2,0 R=1091,1090,-1,0,-1 F=675,674,-1,3,-7 D=3512,3510,-2,2,7 L=1250,1250,0,0,-1 B=1248,1250,2,0,-2
mv U code=0 aligned=1 homed=- ms=119.0 U=3135,2119,8,1,-3 R=1091,1090,-1,0,-1 F=675,674,-1,3,-7 D=3512,3510,-2,2,7 L=1249,1250,1,0,-1 B=1248,1250,2,0,-2
mv U' code=0 aligned=1 homed=- ms=119.0 U=2123,3132,-15,2,0 R=1091,1090,-1,0,-1 F=675,674,-1,3,-7 D=3512,3510,-2,2,7 L=1249,1250,1,0,-1 B=1248,1250,2,0,-2
mv U code=0 aligned=1 homed=- ms=119.0 U=3135,2119,8,1,-3 R=1091,1090,-1,0,-1 F=675,674,-1,3,-7 D=3512,3510,-2,2,7 L=1249,1250,1,0,-1 B=1248,1250,2,0,-2
mv U' code=0 aligned=1 homed=- ms=119.0 U=2123,3132,-15,2,0 R=1091,1090,-1,0,-1 F=675,674,-1,3,-7 D=3512,3510,-2,2,7 L=1249,1250,1,0,-1 B=1248,1250,2,0,-2
mv U code=0 aligned=1 homed=- ms=119.0 U=3135,2119,8,1,-3 R=1091,1090,-1,0,-1 F=675,674,-1,3,-7 D=3512,3510,-2,2,7 L=1249,1250,1,0,-1 B=1249,1250,1,0,-2
mv U' code=0 aligned=1 homed=- ms=119.0 U=2123,3132,-15,2,0 R=1091,1090,-1,0,-1 F=675,674,-1,3,-7 D=3512,3510,-2,2,7 L=1249,1250,1,0,-1 B=1248,1250,2,0,-2
mv U code=0 aligned=1 homed=- ms=119.0 U=3135,2118,7,1,-4 R=1091,1090,-1,0,-1 F=675,674,-1,3,-7 D=3512,3510,-2,2,7 L=1250,1250,0,0,-1 B=1248,1250,2,0,-2
mv U' code=0 aligned=1 homed=- ms=119.0 U=2123,3132,-15,2,0 R=1091,1090,-1,0,-1 F=675,674,-1,3,-7 D=3512,3510,-2,2,7 L=1249,1249,0,0,-2 B=1248,1250,2,0,-2
mv U code=0 aligned=1 homed=- ms=119.0 U=3135,2119,8,1,-3 R=1091,1090,-1,0,-1 F=675,674,-1,3,-7 D=3512,3510,-2,2,7 L=1250,1249,-1,0,-2 B=1248,1250,2,0,-2
mv U' code=0 aligned=1 homed=- ms=119.0 U=2123,3132,-15,2,0 R=1091,1090,-1,0,-1 F=675,674,-1,3,-7 D=3512,3510,-2,2,7 L=1249,1250,1,0,-1 B=1248,1250,2,0,-2
mv U code=0 aligned=1 homed=- ms=119.0 U=3135,2119,8,1,-3 R=1091,1090,-1,0,-1 F=675,674,-1,3,-7 D=3512,3510,-2,2,7 L=1249,1250,1,0,-1 B=1248,1250,2,0,-2
mv U' code=0 aligned=1 homed=- ms=119.0 U=2123,3131,-16,2,-1 R=1091,1090,-1,0,-1 F=675,674,-1,3,-7 D=3512,3510,-2,2,7 L=1249,1250,1,0,-1 B=1248,1250,2,0,-2
mv U code=0 aligned=1 homed=- ms=119.0 U=3135,2119,8,1,-3 R=1091,1090,-1,0,-1 F=675,674,-1,3,-7 D=3512,3509,-3,2,6 L=1249,1250,1,0,-1 B=1248,1250,2,0,-2
mv U' code=0 aligned=1 homed=- ms=119.0 U=2123,3132,-15,2,0 R=1091,1090,-1,0,-1 F=675,674,-1,3,-7 D=3512,3510,-2,2,7 L=1249,1250,1,0,-1 B=1248,1250,2,0,-2
mv U code=0 aligned=1 homed=- ms=119.0 U=3135,2119,8,1,-3 R=1091,1090,-1,0,-1 F=675,674,-1,3,-7 D=3512,3510,-2,2,7 L=1249,1250,1,0,-1 B=1248,1250,2,0,-2
mv U' code=0 aligned=1 homed=- ms=119.0 U=2123,3132,-15,2,0 R=1091,1090,-1,0,-1 F=675,674,-1,3,-7 D=3512,3510,-2,2,7 L=1249,1250,1,0,-1 B=1248,1250,2,0,-2
mv U code=0 aligned=1 homed=- ms=119.0 U=3135,2119,8,1,-3 R=1091,1091,0,0,0 F=675,674,-1,3,-7 D=3512,3510,-2,2,7 L=1249,1249,0,0,-2 B=1248,1250,2,0,-2
mv U' code=0 aligned=1 homed=- ms=119.0 U=2123,3132,-15,2,0 R=1091,1090,-1,0,-1 F=675,674,-1,3,-7 D=3512,3510,-2,2,7 L=1249,1250,1,0,-1 B=1248,1250,2,0,-2
mv U code=0 aligned=1 homed=- ms=119.0 U=3135,2119,8,1,-3 R=1091,1090,-1,0,-1 F=675,674,-1,3,-7 D=3512,3510,-2,2,7 L=1250,1250,0,0,-1 B=1248,1250,2,0,-2
mv U' code=0 aligned=1 homed=- ms=119.0 U=2123,3132,-15,2,0 R=1091,1090,-1,0,-1 F=675,674,-1,3,-7 D=3512,3510,-2,2,7 L=1249,1250,1,0,-1 B=1248,1250,2,0,-2
mv U code=0 aligned=1 homed=- ms=119.0 U=3135,2119,8,1,-3 R=1091,1090,-1,0,-1 F=675,674,-1,3,-7 D=3512,3510,-2,2,7 L=1249,1250,1,0,-1 B=1248,1250,2,0,-2
mv U' code=0 aligned=1 homed=- ms=119.0 U=2123,3133,-14,2,1 R=1091,1090,-1,0,-1 F=675,674,-1,3,-7 D=3512,3509,-3,2,6 L=1249,1250,1,0,-1 B=1248,1250,2,0,-2
mv U code=0 aligned=1 homed=- ms=119.0 U=3135,2119,8,1,-3 R=1091,1090,-1,0,-1 F=675,674,-1,3,-7 D=3512,3510,-2,2,7 L=1249,1250,1,0,-1 B=1248,1250,2,0,-2
mv U' code=0 aligned=1 homed=- ms=119.0 U=2123,3132,-15,2,0 R=1091,1090,-1,0,-1 F=675,674,-1,3,-7 D=3512,3510,-2,2,7 L=1249,1250,1,0,-1 B=1248,1250,2,0,-2
mv U code=0 aligned=1 homed=- ms=119.0 U=3135,2119,8,1,-3 R=1091,1090,-1,0,-1 F=675,674,-1,3,-7 D=3512,3510,-2,2,7 L=1249,1250,1,0,-1 B=1248,1250,2,0,-2
mv U' code=0 aligned=1 homed=- ms=119.0 U=2123,3132,-15,2,0 R=1091,1090,-1,0,-1 F=675,674,-1,3,-7 D=3512,3510,-2,2,7 L=1249,1250,1,0,-1 B=1248,1250,2,0,-2
mv U code=0 aligned=1 homed=- ms=119.0 U=3135,2119,8,1,-3 R=1091,1091,0,0,0 F=675,674,-1,3,-7 D=3512,3509,-3,2,6 L=1249,1250,1,0,-1 B=1248,1250,2,0,-2
mv U' code=0 aligned=1 homed=- ms=119.0 U=2123,3131,-16,2,-1 R=1091,1090,-1,0,-1 F=675,673,-2,3,-8 D=3512,3510,-2,2,7 L=1249,1250,1,0,-1 B=1248,1250,2,0,-2
mv U code=0 aligned=1 homed=- ms=119.0 U=3135,2119,8,1,-3 R=1091,1091,0,0,0 F=675,674,-1,3,-7 D=3512,3510,-2,2,7 L=1249,1250,1,0,-1 B=1248,1250,2,0,-2
mv U' code=0 aligned=1 homed=- ms=119.0 U=2123,3132,-15,2,0 R=1091,1090,-1,0,-1 F=675,674,-1,3,-7 D=3512,3510,-2,2,7 L=1249,1250,1,0,-1 B=1248,1250,2,0,-2
mv U code=0 aligned=1 homed=- ms=119.0 U=3135,2119,8,1,-3 R=1091,1090,-1,0,-1 F=675,674,-1,3,-7 D=3512,3510,-2,2,7 L=1249,1250,1,0,-1 B=1248,1250,2,0,-2
mv U' code=0 aligned=1 homed=- ms=119.0 U=2123,3132,-15,2,0 R=1091,1090,-1,0,-1 F=675,673,-2,3,-8 D=3512,3509,-3,2,6 L=1249,1250,1,0,-1 B=1248,1250,2,0,-2
mv U code=0 aligned=1 homed=- ms=119.0 U=3135,2119,8,1,-3 R=1091,1090,-1,0,-1 F=675,673,-2,3,-8 D=3512,3510,-2,2,7 L=1249,1250,1,0,-1 B=1248,1250,2,0,-2
mv U' code=0 aligned=1 homed=- ms=119.0 U=2123,3132,-15,2,0 R=1091,1090,-1,0,-1 F=675,674,-1,3,-7 D=3512,3510,-2,2,7 L=1249,1250,1,0,-1 B=1248,1250,2,0,-2
mv U code=0 aligned=1 homed=- ms=119.0 U=3135,2119,8,1,-3 R=1091,1090,-1,0,-1 F=675,674,-1,3,-7 D=3512,3510,-2,2,7 L=1249,1250,1,0,-1 B=1248,1250,2,0,-2
mv U' code=0 aligned=1 homed=- ms=119.0 U=2123,3132,-15,2,0 R=1091,1090,-1,0,-1 F=675,674,-1,3,-7 D=3512,3510,-2,2,7 L=1249,1250,1,0,-1 B=1248,1250,2,0,-2
mv U code=0 aligned=1 homed=- ms=119.0 U=3135,2119,8,1,-3 R=1091,1090,-1,0,-1 F=675,674,-1,3,-7 D=3512,3510,-2,2,7 L=1249,1250,1,0,-1 B=1248,1250,2,0,-2
mv U' code=0 aligned=1 homed=- ms=119.0 U=2123,3132,-15,2,0 R=1091,1090,-1,0,-1 F=675,674,-1,3,-7 D=3512,3510,-2,2,7 L=1249,1250,1,0,-1 B=1248,1250,2,0,-2
mv U code=0 aligned=1 homed=- ms=119.0 U=3135,2119,8,1,-3 R=1091,1090,-1,0,-1 F=675,674,-1,3,-7 D=3512,3509,-3,2,6 L=1249,1250,1,0,-1 B=1248,1250,2,0,-2
mv U' code=0 aligned=1 homed=- ms=119.0 U=2123,3132,-15,2,0 R=1091,1090,-1,0,-1 F=675,674,-1,3,-7 D=3512,3510,-2,2,7 L=1249,1250,1,0,-1 B=1248,1250,2,0,-2
mv U code=0 aligned=1 homed=- ms=119.0 U=3135,2119,8,1,-3 R=1091,1090,-1,0,-1 F=675,673,-2,3,-8 D=3512,3510,-2,2,7 L=1249,1250,1,0,-1 B=1248,1250,2,0,-2
mv U' code=0 aligned=1 homed=- ms=119.0 U=2123,3131,-16,2,-1 R=1091,1090,-1,0,-1 F=675,674,-1,3,-7 D=3512,3510,-2,2,7 L=1249,1250,1,0,-1 B=1248,1250,2,0,-2
mv U code=0 aligned=1 homed=- ms=119.0 U=3135,2119,8,1,-3 R=1091,1090,-1,0,-1 F=675,674,-1,3,-7 D=3512,3510,-2,2,7 L=1249,1250,1,0,-1 B=1248,1250,2,0,-2
mv U' code=0 aligned=1 homed=- ms=119.0 U=2123,3132,-15,2,0 R=1091,1090,-1,0,-1 F=675,674,-1,3,-7 D=3512,3510,-2,2,7 L=1249,1250,1,0,-1 B=1248,1250,2,0,-2
mv U code=0 aligned=1 homed=- ms=119.0 U=3135,2119,8,1,-3 R=1091,1090,-1,0,-1 F=675,674,-1,3,-7 D=3512,3510,-2,2,7 L=1249,1250,1,0,-1 B=1248,1250,2,0,-2
mv U' code=0 aligned=1 homed=- ms=119.0 U=2123,3132,-15,2,0 R=1091,1090,-1,0,-1 F=675,674,-1,3,-7 D=3512,3510,-2,2,7 L=1250,1250,0,0,-1 B=1248,1250,2,0,-2
mv U code=0 aligned=1 homed=- ms=119.0 U=3134,2119,9,1,-3 R=1091,1090,-1,0,-1 F=675,674,-1,3,-7 D=3512,3510,-2,2,7 L=1249,1250,1,0,-1 B=1248,1250,2,0,-2
mv U' code=0 aligned=1 homed=- ms=119.0 U=2123,3132,-15,2,0 R=1091,1090,-1,0,-1 F=675,674,-1,3,-7 D=3512,3510,-2,2,7 L=1249,1250,1,0,-1 B=1248,1250,2,0,-2
mv U code=0 aligned=1 homed=- ms=119.0 U=3134,2119,9,1,-3 R=1091,1090,-1,0,-1 F=675,674,-1,3,-7 D=3512,3509,-3,2,6 L=1249,1250,1,0,-1 B=1248,1250,2,0,-2
mv U' code=0 aligned=1 homed=- ms=119.0 U=2123,3132,-15,2,0 R=1091,1090,-1,0,-1 F=675,674,-1,3,-7 D=3512,3510,-2,2,7 L=1249,1250,1,0,-1 B=1248,1250,2,0,-2
mv U code=0 aligned=1 homed=- ms=119.0 U=3135,2119,8,1,-3 R=1091,1091,0,0,0 F=675,673,-2,3,-8 D=3512,3510,-2,2,7 L=1249,1250,1,0,-1 B=1248,1250,2,0,-2
mv U' code=0 aligned=1 homed=- ms=119.0 U=2123,3132,-15,2,0 R=1091,1090,-1,0,-1 F=675,673,-2,3,-8 D=3512,3509,-3,2,6 L=1249,1249,0,0,-2 B=1248,1250,2,0,-2
mv U code=0 aligned=1 homed=- ms=119.0 U=3135,2119,8,1,-3 R=1091,1090,-1,0,-1 F=675,674,-1,3,-7 D=3512,3510,-2,2,7 L=1249,1250,1,0,-1 B=1248,1250,2,0,-2
mv U' code=0 aligned=1 homed=- ms=119.0 U=2123,3132,-15,2,0 R=1091,1090,-1,0,-1 F=675,674,-1,3,-7 D=3512,3509,-3,2,6 L=1249,1250,1,0,-1 B=1248,1250,2,0,-2
mv U code=0 aligned=1 homed=- ms=119.0 U=3134,2119,9,1,-3 R=1091,1090,-1,0,-1 F=675,674,-1,3,-7 D=3512,3510,-2,2,7 L=1249,1250,1,0,-1 B=1248,1250,2,0,-2
mv U' code=0 aligned=1 homed=- ms=119.0 U=2123,3132,-15,2,0 R=1091,1090,-1,0,-1 F=675,674,-1,3,-7 D=3512,3509,-3,2,6 L=1249,1250,1,0,-1 B=1248,1250,2,0,-2
mv U code=0 aligned=1 homed=- ms=119.0 U=3135,2119,8,1,-3 R=1091,1090,-1,0,-1 F=675,674,-1,3,-7 D=3512,3510,-2,2,7 L=1249,1249,0,0,-2 B=1248,1250,2,0,-2
mv U' code=0 aligned=1 homed=- ms=119.0 U=2123,3131,-16,2,-1 R=1091,1090,-1,0,-1 F=675,674,-1,3,-7 D=3512,3509,-3,2,6 L=1249,1250,1,0,-1 B=1248,1250,2,0,-2
mv U code=0 aligned=1 homed=- ms=119.0 U=3135,2119,8,1,-3 R=1091,1090,-1,0,-1 F=675,674,-1,3,-7 D=3512,3510,-2,2,7 L=1249,1250,1,0,-1 B=1248,1250,2,0,-2
mv U' code=0 aligned=1 homed=- ms=119.0 U=2123,3132,-15,2,0 R=1091,1090,-1,0,-1 F=675,674,-1,3,-7 D=3512,3509,-3,2,6 L=1249,1250,1,0,-1 B=1248,1250,2,0,-2
mv U code=0 aligned=1 homed=- ms=119.0 U=3134,2119,9,1,-3 R=1091,1090,-1,0,-1 F=675,674,-1,3,-7 D=3512,3509,-3,2,6 L=1249,1249,0,0,-2 B=1248,1250,2,0,-2
mv U' code=0 aligned=1 homed=- ms=119.0 U=2123,3132,-15,2,0 R=1091,1090,-1,0,-1 F=675,673,-2,3,-8 D=3512,3510,-2,2,7 L=1249,1250,1,0,-1 B=1248,1250,2,0,-2
mv U code=0 aligned=1 homed=- ms=119.0 U=3135,2119,8,1,-3 R=1091,1090,-1,0,-1 F=675,674,-1,3,-7 D=3512,3509,-3,2,6 L=1250,1250,0,0,-1 B=1249,1250,1,0,-2
mv U' code=0 aligned=1 homed=- ms=119.0 U=2123,3132,-15,2,0 R=1091,1090,-1,0,-1 F=675,674,-1,3,-7 D=3512,3510,-2,2,7 L=1250,1250,0,0,-1 B=1248,1250,2,0,-2
mv U code=0 aligned=1 homed=- ms=119.0 U=3134,2119,9,1,-3 R=1091,1090,-1,0,-1 F=675,674,-1,3,-7 D=3512,3510,-2,2,7 L=1249,1250,1,0,-1 B=1248,1250,2,0,-2
mv U' code=0 aligned=1 homed=- ms=119.0 U=2123,3132,-15,2,0 R=1091,1090,-1,0,-1 F=675,674,-1,3,-7 D=3512,3510,-2,2,7 L=1249,1250,1,0,-1 B=1248,1250,2,0,-2
mv U code=0 aligned=1 homed=- ms=119.0 U=3134,2119,9,1,-3 R=1091,1090,-1,0,-1 F=675,674,-1,3,-7 D=3512,3509,-3,2,6 L=1249,1250,1,0,-1 B=1248,1250,2,0,-2
mv U' code=0 aligned=1 homed=- ms=119.0 U=2123,3132,-15,2,0 R=1091,1090,-1,0,-1 F=675,674,-1,3,-7 D=3512,3510,-2,2,7 L=1249,1250,1,0,-1 B=1248,1250,2,0,-2
mv U code=0 aligned=1 homed=- ms=119.0 U=3135,2119,8,1,-3 R=1091,1091,0,0,0 F=675,674,-1,3,-7 D=3512,3510,-2,2,7 L=1249,1250,1,0,-1 B=1248,1250,2,0,-2
mv U' code=0 aligned=1 homed=- ms=119.0 U=2123,3132,-15,2,0 R=1091,1091,0,0,0 F=675,674,-1,3,-7 D=3512,3510,-2,2,7 L=1249,1250,1,0,-1 B=1248,1250,2,0,-2
mv U code=0 aligned=1 homed=- ms=119.0 U=3135,2119,8,1,-3 R=1091,1090,-1,0,-1 F=675,674,-1,3,-7 D=3512,3510,-2,2,7 L=1249,1250,1,0,-1 B=1248,1250,2,0,-2
mv U' code=0 aligned=1 homed=- ms=119.0 U=2123,3132,-15,2,0 R=1091,1090,-1,0,-1 F=675,674,-1,3,-7 D=3512,3510,-2,2,7 L=1249,1250,1,0,-1 B=1248,1250,2,0,-2
mv U code=0 aligned=1 homed=- ms=119.0 U=3135,2119,8,1,-3 R=1091,1090,-1,0,-1 F=675,674,-1,3,-7 D=3512,3510,-2,2,7 L=1249,1250,1,0,-1 B=1248,1250,2,0,-2
mv U' code=0 aligned=1 homed=- ms=119.0 U=2123,3132,-15,2,0 R=1091,1090,-1,0,-1 F=675,674,-1,3,-7 D=3512,3510,-2,2,7 L=1249,1249,0,0,-2 B=1248,1249,1,0,-3
mv U code=0 aligned=1 homed=- ms=119.0 U=3134,2119,9,1,-3 R=1091,1090,-1,0,-1 F=675,674,-1,3,-7 D=3512,3509,-3,2,6 L=1249,1250,1,0,-1 B=1248,1250,2,0,-2
mv U' code=0 aligned=1 homed=- ms=119.0 U=2123,3132,-15,2,0 R=1091,1091,0,0,0 F=675,674,-1,3,-7 D=3512,3509,-3,2,6 L=1249,1250,1,0,-1 B=1248,1250,2,0,-2
mv U code=0 aligned=1 homed=- ms=119.0 U=3134,2119,9,1,-3 R=1091,1090,-1,0,-1 F=675,674,-1,3,-7 D=3512,3509,-3,2,6 L=1249,1250,1,0,-1 B=1248,1250,2,0,-2
mv U' code=0 aligned=1 homed=- ms=119.0 U=2123,3132,-15,2,0 R=1091,1090,-1,0,-1 F=675,674,-1,3,-7 D=3512,3510,-2,2,7 L=1249,1250,1,0,-1 B=1248,1250,2,0,-2
mv U code=0 aligned=1 homed=- ms=119.0 U=3134,2119,9,1,-3 R=1091,1090,-1,0,-1 F=675,674,-1,3,-7 D=3512,3510,-2,2,7 L=1250,1250,0,0,-1 B=1248,1250,2,0,-2
mv U' code=0 aligned=1 homed=- ms=119.0 U=2122,3132,-14,2,0 R=1091,1090,-1,0,-1 F=675,674,-1,3,-7 D=3512,3510,-2,2,7 L=1249,1250,1,0,-1 B=1248,1250,2,0,-2
mv U code=0 aligned=1 homed=- ms=119.0 U=3134,2118,8,1,-4 R=1091,1090,-1,0,-1 F=675,674,-1,3,-7 D=3512,3509,-3,2,6 L=1249,1250,1,0,-1 B=1248,1250,2,0,-2
mv U' code=0 aligned=1 homed=- ms=119.0 U=2123,3132,-15,2,0 R=1091,1090,-1,0,-1 F=675,674,-1,3,-7 D=3512,3510,-2,2,7 L=1249,1250,1,0,-1 B=1248,1250,2,0,-2
mv U code=0 aligned=1 homed=- ms=119.0 U=3135,2118,7,1,-4 R=1091,1090,-1,0,-1 F=675,674,-1,3,-7 D=3512,3509,-3,2,6 L=1249,1250,1,0,-1 B=1248,1250,2,0,-2
mv U' code=0 aligned=1 homed=- ms=119.0 U=2123,3132,-15,2,0 R=1091,1090,-1,0,-1 F=675,674,-1,3,-7 D=3512,3509,-3,2,6 L=1249,1249,0,0,-2 B=1248,1250,2,0,-2
rep moves=100 notaligned=0 homings=0 failures=0 avgms=119.0
res U=100,-3.5,12.1,16 R=- F=- D=- L=- B=-
ok
> home
[align] motor 0 err=2 counts (0.2 steps)
[align] motor 1 err=0 counts (0.0 steps)
[align] motor 2 err=-7 counts (-0.7 steps)
[align] motor 3 err=8 counts (0.8 steps)
[align] motor 4 err=-3 counts (-0.3 steps)
[align] motor 5 err=-6 counts (-0.6 steps)
home code=0 ms=6 en=0
enc U=3132 R=1090 F=674 D=3512 L=1250 B=1250 RING=2768
near U=2:0 R=0:-1 F=3:-7 D=2:9 L=0:-1 B=0:-2
ok
> enc
enc U=3134 R=1091 F=675 D=3513 L=1249 B=1249 RING=2768
near U=2:2 R=0:0 F=3:-6 D=2:10 L=0:-2 B=0:-3
ok
> rep 25 U U U U
mv U code=0 aligned=1 homed=- ms=119.0 U=3135,2119,8,1,-3 R=1091,1090,-1,0,-1 F=674,674,0,3,-7 D=3514,3510,-4,2,7 L=1249,1250,1,0,-1 B=1249,1250,1,0,-2
mv U code=0 aligned=1 homed=- ms=119.0 U=2123,1098,-1,0,-4 R=1091,1090,-1,0,-1 F=675,674,-1,3,-7 D=3512,3510,-2,2,7 L=1249,1250,1,0,-1 B=1248,1250,2,0,-2
mv U code=0 aligned=1 homed=- ms=119.0 U=1103,60,-19,3,-4 R=1091,1090,-1,0,-1 F=675,674,-1,3,-7 D=3512,3510,-2,2,7 L=1249,1250,1,0,-1 B=1248,1250,2,0,-2
mv U code=0 aligned=1 homed=- ms=119.0 U=64,3131,-5,2,-1 R=1091,1091,0,0,0 F=675,674,-1,3,-7 D=3512,3510,-2,2,7 L=1249,1250,1,0,-1 B=1248,1250,2,0,-2
mv U code=0 aligned=1 homed=- ms=119.0 U=3135,2119,8,1,-3 R=1091,1090,-1,0,-1 F=675,674,-1,3,-7 D=3512,3509,-3,2,6 L=1249,1250,1,0,-1 B=1248,1250,2,0,-2
mv U code=0 aligned=1 homed=- ms=119.0 U=2122,1099,1,0,-3 R=1091,1090,-1,0,-1 F=675,674,-1,3,-7 D=3512,3510,-2,2,7 L=1249,1250,1,0,-1 B=1248,1250,2,0,-2
mv U code=0 aligned=1 homed=- ms=119.0 U=1102,60,-18,3,-4 R=1091,1090,-1,0,-1 F=675,673,-2,3,-8 D=3512,3510,-2,2,7 L=1249,1250,1,0,-1 B=1248,1250,2,0,-2
mv U code=0 aligned=1 homed=- ms=119.0 U=64,3131,-5,2,-1 R=1091,1090,-1,0,-1 F=675,674,-1,3,-7 D=3512,3509,-3,2,6 L=1249,1250,1,0,-1 B=1248,1250,2,0,-2
mv U code=0 aligned=1 homed=- ms=119.0 U=3135,2119,8,1,-3 R=1091,1090,-1,0,-1 F=675,674,-1,3,-7 D=3512,3510,-2,2,7 L=1249,1250,1,0,-1 B=1248,1250,2,0,-2
mv U code=0 aligned=1 homed=- ms=119.0 U=2123,1099,0,0,-3 R=1091,1090,-1,0,-1 F=675,674,-1,3,-7 D=3512,3510,-2,2,7 L=1249,1250,1,0,-1 B=1248,1250,2,0,-2
mv U code=0 aligned=1 homed=- ms=119.0 U=1103,60,-19,3,-4 R=1091,1090,-1,0,-1 F=675,674,-1,3,-7 D=3512,3509,-3,2,6 L=1249,1250,1,0,-1 B=1248,1250,2,0,-2
mv U code=0 aligned=1 homed=- ms=119.0 U=64,3131,-5,2,-1 R=1091,1090,-1,0,-1 F=675,674,-1,3,-7 D=3512,3509,-3,2,6 L=1249,1250,1,0,-1 B=1248,1250,2,0,-2
mv U code=0 aligned=1 homed=- ms=119.0 U=3135,2119,8,1,-3 R=1091,1090,-1,0,-1 F=675,674,-1,3,-7 D=3512,3510,-2,2,7 L=1249,1250,1,0,-1 B=1248,1250,2,0,-2
mv U code=0 aligned=1 homed=- ms=119.0 U=2123,1099,0,0,-3 R=1091,1090,-1,0,-1 F=675,674,-1,3,-7 D=3512,3509,-3,2,6 L=1249,1250,1,0,-1 B=1248,1250,2,0,-2
mv U code=0 aligned=1 homed=- ms=119.0 U=1102,60,-18,3,-4 R=1091,1090,-1,0,-1 F=675,674,-1,3,-7 D=3512,3510,-2,2,7 L=1250,1250,0,0,-1 B=1248,1250,2,0,-2
mv U code=0 aligned=1 homed=- ms=119.0 U=64,3131,-5,2,-1 R=1091,1090,-1,0,-1 F=675,674,-1,3,-7 D=3512,3510,-2,2,7 L=1249,1250,1,0,-1 B=1248,1250,2,0,-2
mv U code=0 aligned=1 homed=- ms=119.0 U=3135,2119,8,1,-3 R=1091,1090,-1,0,-1 F=675,674,-1,3,-7 D=3512,3510,-2,2,7 L=1249,1250,1,0,-1 B=1248,1250,2,0,-2
mv U code=0 aligned=1 homed=- ms=119.0 U=2123,1099,0,0,-3 R=1091,1090,-1,0,-1 F=675,674,-1,3,-7 D=3512,3509,-3,2,6 L=1249,1250,1,0,-1 B=1248,1250,2,0,-2
mv U code=0 aligned=1 homed=- ms=119.0 U=1102,60,-18,3,-4 R=1091,1090,-1,0,-1 F=675,674,-1,3,-7 D=3512,3509,-3,2,6 L=1249,1250,1,0,-1 B=1248,1250,2,0,-2
mv U code=0 aligned=1 homed=- ms=119.0 U=64,3131,-5,2,-1 R=1091,1090,-1,0,-1 F=675,674,-1,3,-7 D=3512,3510,-2,2,7 L=1250,1250,0,0,-1 B=1248,1250,2,0,-2
mv U code=0 aligned=1 homed=- ms=119.0 U=3135,2119,8,1,-3 R=1091,1090,-1,0,-1 F=675,674,-1,3,-7 D=3512,3509,-3,2,6 L=1249,1250,1,0,-1 B=1248,1250,2,0,-2
mv U code=0 aligned=1 homed=- ms=119.0 U=2123,1099,0,0,-3 R=1091,1090,-1,0,-1 F=675,674,-1,3,-7 D=3512,3509,-3,2,6 L=1249,1250,1,0,-1 B=1248,1250,2,0,-2
mv U code=0 aligned=1 homed=- ms=119.0 U=1102,60,-18,3,-4 R=1091,1090,-1,0,-1 F=675,674,-1,3,-7 D=3512,3509,-3,2,6 L=1249,1250,1,0,-1 B=1248,1250,2,0,-2
mv U code=0 aligned=1 homed=- ms=119.0 U=64,3131,-5,2,-1 R=1091,1090,-1,0,-1 F=675,674,-1,3,-7 D=3512,3510,-2,2,7 L=1250,1249,-1,0,-2 B=1248,1250,2,0,-2
mv U code=0 aligned=1 homed=- ms=119.0 U=3135,2118,7,1,-4 R=1091,1090,-1,0,-1 F=675,674,-1,3,-7 D=3512,3510,-2,2,7 L=1249,1250,1,0,-1 B=1248,1250,2,0,-2
mv U code=0 aligned=1 homed=- ms=119.0 U=2123,1099,0,0,-3 R=1091,1090,-1,0,-1 F=675,674,-1,3,-7 D=3512,3509,-3,2,6 L=1249,1250,1,0,-1 B=1248,1250,2,0,-2
mv U code=0 aligned=1 homed=- ms=119.0 U=1102,60,-18,3,-4 R=1091,1090,-1,0,-1 F=675,674,-1,3,-7 D=3512,3510,-2,2,7 L=1249,1250,1,0,-1 B=1248,1250,2,0,-2
mv U code=0 aligned=1 homed=- ms=119.0 U=64,3131,-5,2,-1 R=1091,1090,-1,0,-1 F=675,674,-1,3,-7 D=3512,3510,-2,2,7 L=1250,1249,-1,0,-2 B=1248,1250,2,0,-2
mv U code=0 aligned=1 homed=- ms=119.0 U=3135,2119,8,1,-3 R=1091,1090,-1,0,-1 F=675,674,-1,3,-7 D=3512,3510,-2,2,7 L=1249,1250,1,0,-1 B=1248,1250,2,0,-2
mv U code=0 aligned=1 homed=- ms=119.0 U=2123,1098,-1,0,-4 R=1091,1090,-1,0,-1 F=675,674,-1,3,-7 D=3512,3509,-3,2,6 L=1249,1250,1,0,-1 B=1248,1250,2,0,-2
mv U code=0 aligned=1 homed=- ms=119.0 U=1102,60,-18,3,-4 R=1091,1090,-1,0,-1 F=675,674,-1,3,-7 D=3512,3510,-2,2,7 L=1250,1250,0,0,-1 B=1248,1250,2,0,-2
mv U code=0 aligned=1 homed=- ms=119.0 U=64,3132,-4,2,0 R=1091,1090,-1,0,-1 F=675,674,-1,3,-7 D=3512,3509,-3,2,6 L=1249,1250,1,0,-1 B=1248,1250,2,0,-2
mv U code=0 aligned=1 homed=- ms=119.0 U=3135,2119,8,1,-3 R=1091,1090,-1,0,-1 F=675,674,-1,3,-7 D=3512,3510,-2,2,7 L=1249,1250,1,0,-1 B=1248,1250,2,0,-2
mv U code=0 aligned=1 homed=- ms=119.0 U=2123,1099,0,0,-3 R=1091,1090,-1,0,-1 F=675,674,-1,3,-7 D=3512,3510,-2,2,7 L=1249,1250,1,0,-1 B=1248,1250,2,0,-2
mv U code=0 aligned=1 homed=- ms=119.0 U=1102,60,-18,3,-4 R=1091,1090,-1,0,-1 F=675,674,-1,3,-7 D=3512,3509,-3,2,6 L=1249,1250,1,0,-1 B=1248,1250,2,0,-2
mv U code=0 aligned=1 homed=- ms=119.0 U=65,3131,-6,2,-1 R=1091,1090,-1,0,-1 F=675,674,-1,3,-7 D=3512,3509,-3,2,6 L=1249,1249,0,0,-2 B=1248,1250,2,0,-2
mv U code=0 aligned=1 homed=- ms=119.0 U=3135,2119,8,1,-3 R=1091,1090,-1,0,-1 F=675,674,-1,3,-7 D=3512,3509,-3,2,6 L=1250,1250,0,0,-1 B=1248,1250,2,0,-2
mv U code=0 aligned=1 homed=- ms=119.0 U=2123,1099,0,0,-3 R=1091,1090,-1,0,-1 F=675,674,-1,3,-7 D=3512,3510,-2,2,7 L=1249,1250,1,0,-1 B=1248,1250,2,0,-2
mv U code=0 aligned=1 homed=- ms=119.0 U=1102,60,-18,3,-4 R=1091,1090,-1,0,-1 F=675,674,-1,3,-7 D=3512,3510,-2,2,7 L=1249,1250,1,0,-1 B=1248,1250,2,0,-2
mv U code=0 aligned=1 homed=- ms=119.0 U=64,3131,-5,2,-1 R=1091,1090,-1,0,-1 F=675,674,-1,3,-7 D=3512,3509,-3,2,6 L=1250,1250,0,0,-1 B=1248,1250,2,0,-2
mv U code=0 aligned=1 homed=- ms=119.0 U=3135,2119,8,1,-3 R=1091,1090,-1,0,-1 F=675,674,-1,3,-7 D=3512,3510,-2,2,7 L=1249,1250,1,0,-1 B=1248,1250,2,0,-2
mv U code=0 aligned=1 homed=- ms=119.0 U=2123,1099,0,0,-3 R=1091,1090,-1,0,-1 F=675,674,-1,3,-7 D=3512,3510,-2,2,7 L=1249,1250,1,0,-1 B=1248,1250,2,0,-2
mv U code=0 aligned=1 homed=- ms=119.0 U=1102,60,-18,3,-4 R=1091,1090,-1,0,-1 F=675,674,-1,3,-7 D=3512,3510,-2,2,7 L=1249,1250,1,0,-1 B=1248,1250,2,0,-2
mv U code=0 aligned=1 homed=- ms=119.0 U=64,3131,-5,2,-1 R=1091,1090,-1,0,-1 F=675,674,-1,3,-7 D=3512,3509,-3,2,6 L=1249,1250,1,0,-1 B=1248,1250,2,0,-2
mv U code=0 aligned=1 homed=- ms=119.0 U=3135,2119,8,1,-3 R=1091,1090,-1,0,-1 F=675,674,-1,3,-7 D=3512,3510,-2,2,7 L=1249,1250,1,0,-1 B=1248,1250,2,0,-2
mv U code=0 aligned=1 homed=- ms=119.0 U=2123,1099,0,0,-3 R=1091,1090,-1,0,-1 F=675,674,-1,3,-7 D=3512,3509,-3,2,6 L=1249,1250,1,0,-1 B=1248,1250,2,0,-2
mv U code=0 aligned=1 homed=- ms=119.0 U=1102,60,-18,3,-4 R=1091,1090,-1,0,-1 F=675,673,-2,3,-8 D=3512,3510,-2,2,7 L=1249,1250,1,0,-1 B=1248,1250,2,0,-2
mv U code=0 aligned=1 homed=- ms=119.0 U=64,3131,-5,2,-1 R=1091,1090,-1,0,-1 F=675,674,-1,3,-7 D=3512,3510,-2,2,7 L=1250,1250,0,0,-1 B=1248,1250,2,0,-2
mv U code=0 aligned=1 homed=- ms=119.0 U=3135,2119,8,1,-3 R=1091,1090,-1,0,-1 F=675,674,-1,3,-7 D=3512,3510,-2,2,7 L=1249,1249,0,0,-2 B=1248,1250,2,0,-2
mv U code=0 aligned=1 homed=- ms=119.0 U=2123,1099,0,0,-3 R=1091,1090,-1,0,-1 F=675,674,-1,3,-7 D=3512,3510,-2,2,7 L=1249,1250,1,0,-1 B=1248,1250,2,0,-2
mv U code=0 aligned=1 homed=- ms=119.0 U=1102,60,-18,3,-4 R=1091,1090,-1,0,-1 F=675,674,-1,3,-7 D=3512,3509,-3,2,6 L=1249,1250,1,0,-1 B=1248,1250,2,0,-2
mv U code=0 aligned=1 homed=- ms=119.0 U=64,3131,-5,2,-1 R=1091,1090,-1,0,-1 F=675,674,-1,3,-7 D=3512,3510,-2,2,7 L=1249,1250,1,0,-1 B=1248,1250,2,0,-2
mv U code=0 aligned=1 homed=- ms=119.0 U=3135,2118,7,1,-4 R=1091,1090,-1,0,-1 F=675,674,-1,3,-7 D=3512,3509,-3,2,6 L=1249,1249,0,0,-2 B=1248,1250,2,0,-2
mv U code=0 aligned=1 homed=- ms=119.0 U=2123,1099,0,0,-3 R=1091,1090,-1,0,-1 F=675,673,-2,3,-8 D=3512,3510,-2,2,7 L=1249,1250,1,0,-1 B=1248,1250,2,0,-2
mv U code=0 aligned=1 homed=- ms=119.0 U=1102,60,-18,3,-4 R=1091,1091,0,0,0 F=675,673,-2,3,-8 D=3512,3510,-2,2,7 L=1249,1249,0,0,-2 B=1248,1250,2,0,-2
mv U code=0 aligned=1 homed=- ms=119.0 U=64,3131,-5,2,-1 R=1091,1090,-1,0,-1 F=675,674,-1,3,-7 D=3512,3510,-2,2,7 L=1249,1250,1,0,-1 B=1248,1250,2,0,-2
mv U code=0 aligned=1 homed=- ms=119.0 U=3135,2119,8,1,-3 R=1091,1090,-1,0,-1 F=675,674,-1,3,-7 D=3512,3509,-3,2,6 L=1250,1250,0,0,-1 B=1248,1250,2,0,-2
mv U code=0 aligned=1 homed=- ms=119.0 U=2123,1098,-1,0,-4 R=1091,1090,-1,0,-1 F=675,674,-1,3,-7 D=3512,3509,-3,2,6 L=1249,1249,0,0,-2 B=1248,1250,2,0,-2
mv U code=0 aligned=1 homed=- ms=119.0 U=1102,60,-18,3,-4 R=1091,1090,-1,0,-1 F=675,674,-1,3,-7 D=3512,3510,-2,2,7 L=1250,1250,0,0,-1 B=1248,1250,2,0,-2
mv U code=0 aligned=1 homed=- ms=119.0 U=64,3131,-5,2,-1 R=1091,1090,-1,0,-1 F=675,674,-1,3,-7 D=3512,3509,-3,2,6 L=1249,1250,1,0,-1 B=1248,1250,2,0,-2
mv U code=0 aligned=1 homed=- ms=119.0 U=3135,2118,7,1,-4 R=1091,1090,-1,0,-1 F=675,674,-1,3,-7 D=3512,3509,-3,2,6 L=1250,1250,0,0,-1 B=1248,1250,2,0,-2
mv U code=0 aligned=1 homed=- ms=119.0 U=2123,1099,0,0,-3 R=1091,1090,-1,0,-1 F=675,674,-1,3,-7 D=3512,3510,-2,2,7 L=1250,1250,0,0,-1 B=1248,1250,2,0,-2
mv U code=0 aligned=1 homed=- ms=119.0 U=1102,60,-18,3,-4 R=1091,1090,-1,0,-1 F=675,674,-1,3,-7 D=3512,3509,-3,2,6 L=1249,1250,1,0,-1 B=1248,1250,2,0,-2
mv U code=0 aligned=1 homed=- ms=119.0 U=64,3131,-5,2,-1 R=1091,1090,-1,0,-1 F=675,674,-1,3,-7 D=3512,3510,-2,2,7 L=1249,1250,1,0,-1 B=1248,1250,2,0,-2
mv U code=0 aligned=1 homed=- ms=119.0 U=3135,2119,8,1,-3 R=1091,1090,-1,0,-1 F=675,674,-1,3,-7 D=3512,3509,-3,2,6 L=1249,1250,1,0,-1 B=1248,1250,2,0,-2
mv U code=0 aligned=1 homed=- ms=119.0 U=2123,1099,0,0,-3 R=1091,1090,-1,0,-1 F=675,674,-1,3,-7 D=3512,3509,-3,2,6 L=1249,1250,1,0,-1 B=1248,1250,2,0,-2
mv U code=0 aligned=1 homed=- ms=119.0 U=1102,60,-18,3,-4 R=1091,1090,-1,0,-1 F=675,674,-1,3,-7 D=3512,3510,-2,2,7 L=1249,1250,1,0,-1 B=1248,1250,2,0,-2
mv U code=0 aligned=1 homed=- ms=119.0 U=65,3131,-6,2,-1 R=1091,1090,-1,0,-1 F=675,674,-1,3,-7 D=3512,3509,-3,2,6 L=1249,1250,1,0,-1 B=1248,1250,2,0,-2
mv U code=0 aligned=1 homed=- ms=119.0 U=3135,2119,8,1,-3 R=1091,1090,-1,0,-1 F=675,674,-1,3,-7 D=3512,3509,-3,2,6 L=1249,1250,1,0,-1 B=1248,1250,2,0,-2
mv U code=0 aligned=1 homed=- ms=119.0 U=2123,1099,0,0,-3 R=1091,1090,-1,0,-1 F=675,674,-1,3,-7 D=3512,3510,-2,2,7 L=1249,1250,1,0,-1 B=1249,1250,1,0,-2
mv U code=0 aligned=1 homed=- ms=119.0 U=1103,60,-19,3,-4 R=1091,1091,0,0,0 F=675,674,-1,3,-7 D=3512,3509,-3,2,6 L=1250,1250,0,0,-1 B=1248,1250,2,0,-2
mv U code=0 aligned=1 homed=- ms=119.0 U=64,3131,-5,2,-1 R=1091,1090,-1,0,-1 F=675,674,-1,3,-7 D=3512,3510,-2,2,7 L=1249,1250,1,0,-1 B=1248,1250,2,0,-2
mv U code=0 aligned=1 homed=- ms=119.0 U=3135,2119,8,1,-3 R=1091,1090,-1,0,-1 F=675,674,-1,3,-7 D=3512,3510,-2,2,7 L=1249,1250,1,0,-1 B=1248,1250,2,0,-2
mv U code=0 aligned=1 homed=- ms=119.0 U=2123,1099,0,0,-3 R=1091,1090,-1,0,-1 F=675,674,-1,3,-7 D=3512,3510,-2,2,7 L=1250,1250,0,0,-1 B=1248,1250,2,0,-2
mv U code=0 aligned=1 homed=- ms=119.0 U=1102,60,-18,3,-4 R=1091,1091,0,0,0 F=675,674,-1,3,-7 D=3512,3510,-2,2,7 L=1249,1250,1,0,-1 B=1248,1250,2,0,-2
mv U code=0 aligned=1 homed=- ms=119.0 U=64,3131,-5,2,-1 R=1091,1090,-1,0,-1 F=675,674,-1,3,-7 D=3512,3509,-3,2,6 L=1249,1250,1,0,-1 B=1248,1250,2,0,-2
mv U code=0 aligned=1 homed=- ms=119.0 U=3135,2119,8,1,-3 R=1091,1090,-1,0,-1 F=675,674,-1,3,-7 D=3512,3509,-3,2,6 L=1249,1250,1,0,-1 B=1248,1250,2,0,-2
mv U code=0 aligned=1 homed=- ms=119.0 U=2123,1099,0,0,-3 R=1091,1090,-1,0,-1 F=675,674,-1,3,-7 D=3512,3510,-2,2,7 L=1249,1250,1,0,-1 B=1248,1250,2,0,-2
mv U code=0 aligned=1 homed=- ms=119.0 U=1102,60,-18,3,-4 R=1091,1090,-1,0,-1 F=675,674,-1,3,-7 D=3512,3510,-2,2,7 L=1250,1250,0,0,-1 B=1248,1250,2,0,-2
mv U code=0 aligned=1 homed=- ms=119.0 U=64,3131,-5,2,-1 R=1091,1090,-1,0,-1 F=675,674,-1,3,-7 D=3512,3510,-2,2,7 L=1250,1250,0,0,-1 B=1248,1250,2,0,-2
mv U code=0 aligned=1 homed=- ms=119.0 U=3135,2118,7,1,-4 R=1091,1090,-1,0,-1 F=675,674,-1,3,-7 D=3512,3510,-2,2,7 L=1250,1250,0,0,-1 B=1248,1250,2,0,-2
mv U code=0 aligned=1 homed=- ms=119.0 U=2123,1099,0,0,-3 R=1091,1090,-1,0,-1 F=675,674,-1,3,-7 D=3512,3509,-3,2,6 L=1249,1250,1,0,-1 B=1248,1250,2,0,-2
mv U code=0 aligned=1 homed=- ms=119.0 U=1102,60,-18,3,-4 R=1091,1090,-1,0,-1 F=675,674,-1,3,-7 D=3512,3509,-3,2,6 L=1249,1249,0,0,-2 B=1248,1250,2,0,-2
mv U code=0 aligned=1 homed=- ms=119.0 U=65,3132,-5,2,0 R=1091,1090,-1,0,-1 F=675,674,-1,3,-7 D=3512,3509,-3,2,6 L=1250,1250,0,0,-1 B=1248,1250,2,0,-2
mv U code=0 aligned=1 homed=- ms=119.0 U=3135,2118,7,1,-4 R=1091,1090,-1,0,-1 F=675,674,-1,3,-7 D=3512,3509,-3,2,6 L=1249,1250,1,0,-1 B=1248,1250,2,0,-2
mv U code=0 aligned=1 homed=- ms=119.0 U=2123,1099,0,0,-3 R=1091,1090,-1,0,-1 F=675,674,-1,3,-7 D=3512,3509,-3,2,6 L=1249,1250,1,0,-1 B=1248,1250,2,0,-2
mv U code=0 aligned=1 homed=- ms=119.0 U=1102,60,-18,3,-4 R=1091,1090,-1,0,-1 F=675,674,-1,3,-7 D=3512,3510,-2,2,7 L=1249,1250,1,0,-1 B=1248,1250,2,0,-2
mv U code=0 aligned=1 homed=- ms=119.0 U=65,3131,-6,2,-1 R=1091,1090,-1,0,-1 F=675,674,-1,3,-7 D=3512,3510,-2,2,7 L=1249,1250,1,0,-1 B=1248,1250,2,0,-2
mv U code=0 aligned=1 homed=- ms=119.0 U=3135,2119,8,1,-3 R=1091,1090,-1,0,-1 F=675,674,-1,3,-7 D=3512,3509,-3,2,6 L=1249,1250,1,0,-1 B=1248,1250,2,0,-2
mv U code=0 aligned=1 homed=- ms=119.0 U=2123,1099,0,0,-3 R=1091,1090,-1,0,-1 F=675,674,-1,3,-7 D=3512,3509,-3,2,6 L=1249,1250,1,0,-1 B=1248,1250,2,0,-2
mv U code=0 aligned=1 homed=- ms=119.0 U=1102,60,-18,3,-4 R=1091,1090,-1,0,-1 F=675,674,-1,3,-7 D=3512,3509,-3,2,6 L=1249,1250,1,0,-1 B=1248,1250,2,0,-2
mv U code=0 aligned=1 homed=- ms=119.0 U=65,3131,-6,2,-1 R=1091,1090,-1,0,-1 F=675,674,-1,3,-7 D=3512,3509,-3,2,6 L=1250,1250,0,0,-1 B=1248,1250,2,0,-2
mv U code=0 aligned=1 homed=- ms=119.0 U=3135,2119,8,1,-3 R=1091,1090,-1,0,-1 F=675,674,-1,3,-7 D=3512,3510,-2,2,7 L=1249,1250,1,0,-1 B=1248,1250,2,0,-2
mv U code=0 aligned=1 homed=- ms=119.0 U=2123,1099,0,0,-3 R=1091,1090,-1,0,-1 F=675,674,-1,3,-7 D=3512,3510,-2,2,7 L=1249,1250,1,0,-1 B=1248,1250,2,0,-2
mv U code=0 aligned=1 homed=- ms=119.0 U=1103,60,-19,3,-4 R=1091,1090,-1,0,-1 F=675,674,-1,3,-7 D=3512,3510,-2,2,7 L=1250,1250,0,0,-1 B=1248,1250,2,0,-2
mv U code=0 aligned=1 homed=- ms=119.0 U=64,3131,-5,2,-1 R=1091,1090,-1,0,-1 F=675,674,-1,3,-7 D=3512,3509,-3,2,6 L=1249,1250,1,0,-1 B=1248,1250,2,0,-2
mv U code=0 aligned=1 homed=- ms=119.0 U=3135,2119,8,1,-3 R=1091,1090,-1,0,-1 F=675,673,-2,3,-8 D=3512,3509,-3,2,6 L=1249,1250,1,0,-1 B=1248,1250,2,0,-2
mv U code=0 aligned=1 homed=- ms=119.0 U=2123,1099,0,0,-3 R=1091,1090,-1,0,-1 F=675,674,-1,3,-7 D=3512,3510,-2,2,7 L=1249,1250,1,0,-1 B=1248,1249,1,0,-3
mv U code=0 aligned=1 homed=- ms=119.0 U=1103,60,-19,3,-4 R=1091,1090,-1,0,-1 F=675,674,-1,3,-7 D=3512,3509,-3,2,6 L=1249,1250,1,0,-1 B=1248,1250,2,0,-2
mv U code=0 aligned=1 homed=- ms=119.0 U=64,3131,-5,2,-1 R=1091,1090,-1,0,-1 F=675,674,-1,3,-7 D=3512,3510,-2,2,7 L=1249,1250,1,0,-1 B=1248,1250,2,0,-2
rep moves=100 notaligned=0 homings=0 failures=0 avgms=119.0
res U=100,-3.9,10.2,19 R=- F=- D=- L=- B=-
ok
> rep 25 U' U' U' U'
mv U' code=0 aligned=1 homed=- ms=119.0 U=3134,61,-1,3,-3 R=1091,1090,-1,0,-1 F=675,674,-1,3,-7 D=3513,3510,-3,2,7 L=1249,1250,1,0,-1 B=1249,1250,1,0,-2
mv U' code=0 aligned=1 homed=- ms=119.0 U=64,1100,12,0,-2 R=1091,1090,-1,0,-1 F=675,674,-1,3,-7 D=3512,3510,-2,2,7 L=1249,1250,1,0,-1 B=1248,1250,2,0,-2
mv U' code=0 aligned=1 homed=- ms=119.0 U=1102,2119,-7,1,-3 R=1091,1090,-1,0,-1 F=675,674,-1,3,-7 D=3512,3509,-3,2,6 L=1249,1250,1,0,-1 B=1248,1250,2,0,-2
mv U' code=0 aligned=1 homed=- ms=119.0 U=2122,3132,-14,2,0 R=1091,1090,-1,0,-1 F=675,674,-1,3,-7 D=3512,3510,-2,2,7 L=1249,1250,1,0,-1 B=1248,1250,2,0,-2
mv U' code=0 aligned=1 homed=- ms=119.0 U=3134,60,-2,3,-4 R=1091,1090,-1,0,-1 F=675,674,-1,3,-7 D=3512,3509,-3,2,6 L=1249,1250,1,0,-1 B=1248,1250,2,0,-2
mv U' code=0 aligned=1 homed=- ms=119.0 U=64,1099,11,0,-3 R=1091,1090,-1,0,-1 F=675,674,-1,3,-7 D=3512,3509,-3,2,6 L=1249,1250,1,0,-1 B=1248,1250,2,0,-2
mv U' code=0 aligned=1 homed=- ms=119.0 U=1102,2119,-7,1,-3 R=1091,1090,-1,0,-1 F=675,673,-2,3,-8 D=3512,3509,-3,2,6 L=1249,1250,1,0,-1 B=1248,1250,2,0,-2
mv U' code=0 aligned=1 homed=- ms=119.0 U=2122,3132,-14,2,0 R=1091,1090,-1,0,-1 F=675,674,-1,3,-7 D=3512,3510,-2,2,7 L=1249,1250,1,0,-1 B=1248,1250,2,0,-2
mv U' code=0 aligned=1 homed=- ms=119.0 U=3134,61,-1,3,-3 R=1091,1090,-1,0,-1 F=675,674,-1,3,-7 D=3512,3509,-3,2,6 L=1249,1250,1,0,-1 B=1248,1250,2,0,-2
mv U' code=0 aligned=1 homed=- ms=119.0 U=64,1100,12,0,-2 R=1091,1090,-1,0,-1 F=675,674,-1,3,-7 D=3512,3509,-3,2,6 L=1250,1249,-1,0,-2 B=1248,1250,2,0,-2
mv U' code=0 aligned=1 homed=- ms=119.0 U=1102,2119,-7,1,-3 R=1091,1090,-1,0,-1 F=675,674,-1,3,-7 D=3512,3510,-2,2,7 L=1250,1250,0,0,-1 B=1248,1250,2,0,-2
mv U' code=0 aligned=1 homed=- ms=119.0 U=2122,3132,-14,2,0 R=1091,1090,-1,0,-1 F=675,674,-1,3,-7 D=3512,3509,-3,2,6 L=1249,1250,1,0,-1 B=1248,1250,2,0,-2
mv U' code=0 aligned=1 homed=- ms=119.0 U=3134,61,-1,3,-3 R=1091,1090,-1,0,-1 F=675,674,-1,3,-7 D=3512,3509,-3,2,6 L=1249,1250,1,0,-1 B=1248,1250,2,0,-2
mv U' code=0 aligned=1 homed=- ms=119.0 U=64,1100,12,0,-2 R=1091,1090,-1,0,-1 F=675,674,-1,3,-7 D=3512,3509,-3,2,6 L=1249,1250,1,0,-1 B=1248,1250,2,0,-2
mv U' code=0 aligned=1 homed=- ms=119.0 U=1102,2120,-6,1,-2 R=1091,1090,-1,0,-1 F=675,674,-1,3,-7 D=3512,3510,-2,2,7 L=1249,1250,1,0,-1 B=1248,1250,2,0,-2
mv U' code=0 aligned=1 homed=- ms=119.0 U=2122,3132,-14,2,0 R=1091,1091,0,0,0 F=675,674,-1,3,-7 D=3512,3509,-3,2,6 L=1249,1250,1,0,-1 B=1248,1250,2,0,-2
mv U' code=0 aligned=1 homed=- ms=119.0 U=3134,61,-1,3,-3 R=1091,1090,-1,0,-1 F=675,674,-1,3,-7 D=3512,3509,-3,2,6 L=1249,1250,1,0,-1 B=1248,1250,2,0,-2
mv U' code=0 aligned=1 homed=- ms=119.0 U=64,1100,12,0,-2 R=1091,1090,-1,0,-1 F=675,674,-1,3,-7 D=3512,3510,-2,2,7 L=1249,1250,1,0,-1 B=1248,1250,2,0,-2
mv U' code=0 aligned=1 homed=- ms=119.0 U=1102,2119,-7,1,-3 R=1091,1091,0,0,0 F=675,674,-1,3,-7 D=3512,3509,-3,2,6 L=1249,1250,1,0,-1 B=1248,1250,2,0,-2
mv U' code=0 aligned=1 homed=- ms=119.0 U=2122,3132,-14,2,0 R=1091,1090,-1,0,-1 F=675,673,-2,3,-8 D=3512,3509,-3,2,6 L=1249,1250,1,0,-1 B=1248,1250,2,0,-2
mv U' code=0 aligned=1 homed=- ms=119.0 U=3134,61,-1,3,-3 R=1091,1090,-1,0,-1 F=675,674,-1,3,-7 D=3512,3509,-3,2,6 L=1249,1250,1,0,-1 B=1248,1250,2,0,-2
mv U' code=0 aligned=1 homed=- ms=119.0 U=63,1100,13,0,-2 R=1091,1090,-1,0,-1 F=675,674,-1,3,-7 D=3512,3510,-2,2,7 L=1249,1249,0,0,-2 B=1248,1250,2,0,-2
mv U' code=0 aligned=1 homed=- ms=119.0 U=1101,2120,-5,1,-2 R=1091,1090,-1,0,-1 F=675,674,-1,3,-7 D=3512,3509,-3,2,6 L=1249,1249,0,0,-2 B=1248,1250,2,0,-2
mv U' code=0 aligned=1 homed=- ms=119.0 U=2122,3132,-14,2,0 R=1091,1090,-1,0,-1 F=675,674,-1,3,-7 D=3512,3509,-3,2,6 L=1250,1250,0,0,-1 B=1248,1250,2,0,-2
mv U' code=0 aligned=1 homed=- ms=119.0 U=3135,61,-2,3,-3 R=1091,1090,-1,0,-1 F=675,674,-1,3,-7 D=3512,3510,-2,2,7 L=1250,1249,-1,0,-2 B=1249,1250,1,0,-2
mv U' code=0 aligned=1 homed=- ms=119.0 U=63,1099,12,0,-3 R=1091,1090,-1,0,-1 F=675,674,-1,3,-7 D=3512,3509,-3,2,6 L=1249,1250,1,0,-1 B=1248,1250,2,0,-2
mv U' code=0 aligned=1 homed=- ms=119.0 U=1102,2119,-7,1,-3 R=1091,1090,-1,0,-1 F=675,674,-1,3,-7 D=3512,3509,-3,2,6 L=1249,1250,1,0,-1 B=1248,1250,2,0,-2
mv U' code=0 aligned=1 homed=- ms=119.0 U=2122,3132,-14,2,0 R=1091,1090,-1,0,-1 F=675,674,-1,3,-7 D=3512,3509,-3,2,6 L=1249,1250,1,0,-1 B=1248,1250,2,0,-2
mv U' code=0 aligned=1 homed=- ms=119.0 U=3134,61,-1,3,-3 R=1091,1090,-1,0,-1 F=675,674,-1,3,-7 D=3512,3509,-3,2,6 L=1249,1250,1,0,-1 B=1248,1250,2,0,-2
mv U' code=0 aligned=1 homed=- ms=119.0 U=63,1100,13,0,-2 R=1091,1090,-1,0,-1 F=675,674,-1,3,-7 D=3512,3510,-2,2,7 L=1249,1250,1,0,-1 B=1248,1250,2,0,-2
mv U' code=0 aligned=1 homed=- ms=119.0 U=1102,2119,-7,1,-3 R=1091,1090,-1,0,-1 F=675,674,-1,3,-7 D=3512,3510,-2,2,7 L=1249,1250,1,0,-1 B=1248,1250,2,0,-2
mv U' code=0 aligned=1 homed=- ms=119.0 U=2122,3132,-14,2,0 R=1091,1090,-1,0,-1 F=675,674,-1,3,-7 D=3512,3509,-3,2,6 L=1249,1250,1,0,-1 B=1248,1250,2,0,-2
mv U' code=0 aligned=1 homed=- ms=119.0 U=3134,61,-1,3,-3 R=1091,1090,-1,0,-1 F=675,674,-1,3,-7 D=3512,3509,-3,2,6 L=1249,1250,1,0,-1 B=1248,1250,2,0,-2
mv U' code=0 aligned=1 homed=- ms=119.0 U=64,1099,11,0,-3 R=1091,1090,-1,0,-1 F=675,674,-1,3,-7 D=3512,3509,-3,2,6 L=1249,1250,1,0,-1 B=1248,1250,2,0,-2
mv U' code=0 aligned=1 homed=- ms=119.0 U=1102,2119,-7,1,-3 R=1091,1090,-1,0,-1 F=675,674,-1,3,-7 D=3512,3510,-2,2,7 L=1249,1249,0,0,-2 B=1248,1250,2,0,-2
mv U' code=0 aligned=1 homed=- ms=119.0 U=2122,3131,-15,2,-1 R=1091,1090,-1,0,-1 F=675,674,-1,3,-7 D=3512,3510,-2,2,7 L=1249,1250,1,0,-1 B=1248,1250,2,0,-2
mv U' code=0 aligned=1 homed=- ms=119.0 U=3134,61,-1,3,-3 R=1091,1090,-1,0,-1 F=675,674,-1,3,-7 D=3512,3510,-2,2,7 L=1250,1250,0,0,-1 B=1248,1250,2,0,-2
mv U' code=0 aligned=1 homed=- ms=119.0 U=63,1100,13,0,-2 R=1091,1090,-1,0,-1 F=675,674,-1,3,-7 D=3512,3510,-2,2,7 L=1250,1250,0,0,-1 B=1248,1250,2,0,-2
mv U' code=0 aligned=1 homed=- ms=119.0 U=1102,2119,-7,1,-3 R=1091,1090,-1,0,-1 F=675,674,-1,3,-7 D=3512,3510,-2,2,7 L=1249,1249,0,0,-2 B=1248,1250,2,0,-2
mv U' code=0 aligned=1 homed=- ms=119.0 U=2122,3132,-14,2,0 R=1091,1090,-1,0,-1 F=675,674,-1,3,-7 D=3512,3510,-2,2,7 L=1250,1250,0,0,-1 B=1248,1250,2,0,-2
mv U' code=0 aligned=1 homed=- ms=119.0 U=3134,61,-1,3,-3 R=1091,1090,-1,0,-1 F=675,674,-1,3,-7 D=3512,3510,-2,2,7 L=1249,1249,0,0,-2 B=1248,1250,2,0,-2
mv U' code=0 aligned=1 homed=- ms=119.0 U=63,1100,13,0,-2 R=1091,1090,-1,0,-1 F=675,674,-1,3,-7 D=3512,3509,-3,2,6 L=1250,1250,0,0,-1 B=1249,1250,1,0,-2
mv U' code=0 aligned=1 homed=- ms=119.0 U=1102,2119,-7,1,-3 R=1091,1090,-1,0,-1 F=675,674,-1,3,-7 D=3512,3509,-3,2,6 L=1249,1249,0,0,-2 B=1248,1250,2,0,-2
mv U' code=0 aligned=1 homed=- ms=119.0 U=2122,3132,-14,2,0 R=1091,1090,-1,0,-1 F=675,674,-1,3,-7 D=3512,3509,-3,2,6 L=1249,1249,0,0,-2 B=1248,1250,2,0,-2
mv U' code=0 aligned=1 homed=- ms=119.0 U=3134,61,-1,3,-3 R=1091,1090,-1,0,-1 F=675,674,-1,3,-7 D=3512,3510,-2,2,7 L=1249,1250,1,0,-1 B=1248,1250,2,0,-2
mv U' code=0 aligned=1 homed=- ms=119.0 U=64,1099,11,0,-3 R=1091,1090,-1,0,-1 F=675,674,-1,3,-7 D=3512,3509,-3,2,6 L=1249,1250,1,0,-1 B=1248,1250,2,0,-2
mv U' code=0 aligned=1 homed=- ms=119.0 U=1101,2119,-6,1,-3 R=1091,1090,-1,0,-1 F=675,674,-1,3,-7 D=3512,3509,-3,2,6 L=1250,1250,0,0,-1 B=1248,1250,2,0,-2
mv U' code=0 aligned=1 homed=- ms=119.0 U=2122,3132,-14,2,0 R=1091,1090,-1,0,-1 F=675,674,-1,3,-7 D=3512,3510,-2,2,7 L=1249,1250,1,0,-1 B=1248,1250,2,0,-2
mv U' code=0 aligned=1 homed=- ms=119.0 U=3135,61,-2,3,-3 R=1091,1090,-1,0,-1 F=675,674,-1,3,-7 D=3512,3510,-2,2,7 L=1250,1249,-1,0,-2 B=1248,1250,2,0,-2
mv U' code=0 aligned=1 homed=- ms=119.0 U=63,1099,12,0,-3 R=1091,1090,-1,0,-1 F=675,674,-1,3,-7 D=3512,3510,-2,2,7 L=1249,1250,1,0,-1 B=1248,1250,2,0,-2
mv U' code=0 aligned=1 homed=- ms=119.0 U=1102,2119,-7,1,-3 R=1091,1090,-1,0,-1 F=675,674,-1,3,-7 D=3512,3510,-2,2,7 L=1249,1250,1,0,-1 B=1248,1250,2,0,-2
mv U' code=0 aligned=1 homed=- ms=119.0 U=2122,3132,-14,2,0 R=1091,1090,-1,0,-1 F=675,674,-1,3,-7 D=3512,3509,-3,2,6 L=1249,1250,1,0,-1 B=1249,1250,1,0,-2
mv U' code=0 aligned=1 homed=- ms=119.0 U=3134,61,-1,3,-3 R=1091,1090,-1,0,-1 F=675,674,-1,3,-7 D=3512,3509,-3,2,6 L=1249,1250,1,0,-1 B=1248,1250,2,0,-2
mv U' code=0 aligned=1 homed=- ms=119.0 U=63,1100,13,0,-2 R=1091,1090,-1,0,-1 F=675,674,-1,3,-7 D=3512,3510,-2,2,7 L=1249,1250,1,0,-1 B=1248,1250,2,0,-2
mv U' code=0 aligned=1 homed=- ms=119.0 U=1102,2119,-7,1,-3 R=1091,1090,-1,0,-1 F=675,674,-1,3,-7 D=3512,3510,-2,2,7 L=1249,1250,1,0,-1 B=1248,1250,2,0,-2
mv U' code=0 aligned=1 homed=- ms=119.0 U=2122,3132,-14,2,0 R=1091,1090,-1,0,-1 F=675,674,-1,3,-7 D=3512,3509,-3,2,6 L=1249,1249,0,0,-2 B=1248,1250,2,0,-2
mv U' code=0 aligned=1 homed=- ms=119.0 U=3134,61,-1,3,-3 R=1091,1090,-1,0,-1 F=675,674,-1,3,-7 D=3512,3509,-3,2,6 L=1249,1250,1,0,-1 B=1248,1250,2,0,-2
mv U' code=0 aligned=1 homed=- ms=119.0 U=63,1099,12,0,-3 R=1091,1090,-1,0,-1 F=675,674,-1,3,-7 D=3512,3510,-2,2,7 L=1249,1250,1,0,-1 B=1248,1250,2,0,-2
mv U' code=0 aligned=1 homed=- ms=119.0 U=1102,2119,-7,1,-3 R=1091,1090,-1,0,-1 F=675,674,-1,3,-7 D=3512,3510,-2,2,7 L=1249,1250,1,0,-1 B=1248,1250,2,0,-2
mv U' code=0 aligned=1 homed=- ms=119.0 U=2122,3131,-15,2,-1 R=1091,1090,-1,0,-1 F=675,674,-1,3,-7 D=3512,3509,-3,2,6 L=1249,1250,1,0,-1 B=1248,1250,2,0,-2
mv U' code=0 aligned=1 homed=- ms=119.0 U=3134,61,-1,3,-3 R=1091,1091,0,0,0 F=675,674,-1,3,-7 D=3512,3510,-2,2,7 L=1249,1250,1,0,-1 B=1248,1250,2,0,-2
mv U' code=0 aligned=1 homed=- ms=119.0 U=64,1100,12,0,-2 R=1091,1090,-1,0,-1 F=675,674,-1,3,-7 D=3512,3509,-3,2,6 L=1249,1250,1,0,-1 B=1248,1250,2,0,-2
mv U' code=0 aligned=1 homed=- ms=119.0 U=1102,2119,-7,1,-3 R=1091,1090,-1,0,-1 F=675,674,-1,3,-7 D=3512,3509,-3,2,6 L=1249,1250,1,0,-1 B=1248,1250,2,0,-2
mv U' code=0 aligned=1 homed=- ms=119.0 U=2122,3132,-14,2,0 R=1091,1090,-1,0,-1 F=675,674,-1,3,-7 D=3512,3509,-3,2,6 L=1250,1250,0,0,-1 B=1248,1250,2,0,-2
mv U' code=0 aligned=1 homed=- ms=119.0 U=3134,61,-1,3,-3 R=1091,1090,-1,0,-1 F=675,674,-1,3,-7 D=3512,3510,-2,2,7 L=1249,1250,1,0,-1 B=1248,1250,2,0,-2
mv U' code=0 aligned=1 homed=- ms=119.0 U=63,1100,13,0,-2 R=1091,1090,-1,0,-1 F=675,674,-1,3,-7 D=3512,3510,-2,2,7 L=1249,1250,1,0,-1 B=1248,1250,2,0,-2
mv U' code=0 aligned=1 homed=- ms=119.0 U=1102,2119,-7,1,-3 R=1091,1090,-1,0,-1 F=675,674,-1,3,-7 D=3512,3509,-3,2,6 L=1249,1250,1,0,-1 B=1248,1250,2,0,-2
mv U' code=0 aligned=1 homed=- ms=119.0 U=2122,3131,-15,2,-1 R=1091,1090,-1,0,-1 F=675,674,-1,3,-7 D=3512,3509,-3,2,6 L=1250,1250,0,0,-1 B=1248,1250,2,0,-2
mv U' code=0 aligned=1 homed=- ms=119.0 U=3134,61,-1,3,-3 R=1091,1090,-1,0,-1 F=675,674,-1,3,-7 D=3512,3510,-2,2,7 L=1249,1249,0,0,-2 B=1248,1250,2,0,-2
mv U' code=0 aligned=1 homed=- ms=119.0 U=63,1100,13,0,-2 R=1091,1090,-1,0,-1 F=675,674,-1,3,-7 D=3512,3509,-3,2,6 L=1249,1250,1,0,-1 B=1248,1250,2,0,-2
mv U' code=0 aligned=1 homed=- ms=119.0 U=1102,2119,-7,1,-3 R=1091,1090,-1,0,-1 F=675,674,-1,3,-7 D=3512,3510,-2,2,7 L=1249,1250,1,0,-1 B=1248,1250,2,0,-2
mv U' code=0 aligned=1 homed=- ms=119.0 U=2122,3132,-14,2,0 R=1091,1090,-1,0,-1 F=675,673,-2,3,-8 D=3512,3510,-2,2,7 L=1249,1250,1,0,-1 B=1248,1250,2,0,-2
mv U' code=0 aligned=1 homed=- ms=119.0 U=3134,61,-1,3,-3 R=1091,1090,-1,0,-1 F=675,674,-1,3,-7 D=3512,3509,-3,2,6 L=1250,1250,0,0,-1 B=1248,1250,2,0,-2
mv U' code=0 aligned=1 homed=- ms=119.0 U=64,1100,12,0,-2 R=1091,1090,-1,0,-1 F=675,674,-1,3,-7 D=3512,3509,-3,2,6 L=1249,1250,1,0,-1 B=1248,1250,2,0,-2
mv U' code=0 aligned=1 homed=- ms=119.0 U=1102,2119,-7,1,-3 R=1091,1090,-1,0,-1 F=675,674,-1,3,-7 D=3512,3509,-3,2,6 L=1249,1249,0,0,-2 B=1248,1250,2,0,-2
mv U' code=0 aligned=1 homed=- ms=119.0 U=2122,3132,-14,2,0 R=1091,1090,-1,0,-1 F=675,674,-1,3,-7 D=3512,3510,-2,2,7 L=1249,1250,1,0,-1 B=1248,1250,2,0,-2
mv U' code=0 aligned=1 homed=- ms=119.0 U=3135,60,-3,3,-4 R=1091,1090,-1,0,-1 F=675,674,-1,3,-7 D=3512,3510,-2,2,7 L=1249,1250,1,0,-1 B=1248,1250,2,0,-2
mv U' code=0 aligned=1 homed=- ms=119.0 U=63,1099,12,0,-3 R=1091,1090,-1,0,-1 F=675,674,-1,3,-7 D=3512,3509,-3,2,6 L=1249,1249,0,0,-2 B=1248,1250,2,0,-2
mv U' code=0 aligned=1 homed=- ms=119.0 U=1102,2119,-7,1,-3 R=1091,1090,-1,0,-1 F=675,674,-1,3,-7 D=3512,3510,-2,2,7 L=1249,1250,1,0,-1 B=1248,1250,2,0,-2
mv U' code=0 aligned=1 homed=- ms=119.0 U=2122,3132,-14,2,0 R=1091,1090,-1,0,-1 F=675,674,-1,3,-7 D=3512,3510,-2,2,7 L=1249,1250,1,0,-1 B=1248,1250,2,0,-2
mv U' code=0 aligned=1 homed=- ms=119.0 U=3134,61,-1,3,-3 R=1091,1090,-1,0,-1 F=675,674,-1,3,-7 D=3512,3509,-3,2,6 L=1249,1250,1,0,-1 B=1248,1250,2,0,-2
mv U' code=0 aligned=1 homed=- ms=119.0 U=63,1100,13,0,-2 R=1091,1090,-1,0,-1 F=675,674,-1,3,-7 D=3512,3509,-3,2,6 L=1249,1250,1,0,-1 B=1248,1250,2,0,-2
mv U' code=0 aligned=1 homed=- ms=119.0 U=1102,2120,-6,1,-2 R=1091,1090,-1,0,-1 F=675,674,-1,3,-7 D=3512,3510,-2,2,7 L=1249,1250,1,0,-1 B=1248,1250,2,0,-2
mv U' code=0 aligned=1 homed=- ms=119.0 U=2122,3132,-14,2,0 R=1091,1090,-1,0,-1 F=675,674,-1,3,-7 D=3512,3509,-3,2,6 L=1250,1250,0,0,-1 B=1248,1250,2,0,-2
mv U' code=0 aligned=1 homed=- ms=119.0 U=3134,61,-1,3,-3 R=1091,1090,-1,0,-1 F=675,674,-1,3,-7 D=3512,3510,-2,2,7 L=1249,1250,1,0,-1 B=1248,1250,2,0,-2
mv U' code=0 aligned=1 homed=- ms=119.0 U=64,1100,12,0,-2 R=1091,1090,-1,0,-1 F=675,674,-1,3,-7 D=3512,3510,-2,2,7 L=1249,1249,0,0,-2 B=1248,1250,2,0,-2
mv U' code=0 aligned=1 homed=- ms=119.0 U=1102,2120,-6,1,-2 R=1091,1090,-1,0,-1 F=675,674,-1,3,-7 D=3512,3510,-2,2,7 L=1249,1250,1,0,-1 B=1248,1250,2,0,-2
mv U' code=0 aligned=1 homed=- ms=119.0 U=2122,3132,-14,2,0 R=1091,1090,-1,0,-1 F=675,673,-2,3,-8 D=3512,3509,-3,2,6 L=1249,1250,1,0,-1 B=1248,1250,2,0,-2
mv U' code=0 aligned=1 homed=- ms=119.0 U=3135,61,-2,3,-3 R=1091,1090,-1,0,-1 F=675,674,-1,3,-7 D=3512,3509,-3,2,6 L=1249,1250,1,0,-1 B=1248,1250,2,0,-2
mv U' code=0 aligned=1 homed=- ms=119.0 U=63,1100,13,0,-2 R=1091,1090,-1,0,-1 F=675,674,-1,3,-7 D=3512,3509,-3,2,6 L=1249,1250,1,0,-1 B=1248,1250,2,0,-2
mv U' code=0 aligned=1 homed=- ms=119.0 U=1102,2119,-7,1,-3 R=1091,1090,-1,0,-1 F=675,674,-1,3,-7 D=3512,3510,-2,2,7 L=1249,1250,1,0,-1 B=1248,1250,2,0,-2
mv U' code=0 aligned=1 homed=- ms=119.0 U=2122,3132,-14,2,0 R=1091,1090,-1,0,-1 F=675,673,-2,3,-8 D=3512,3509,-3,2,6 L=1249,1250,1,0,-1 B=1248,1250,2,0,-2
mv U' code=0 aligned=1 homed=- ms=119.0 U=3135,61,-2,3,-3 R=1091,1090,-1,0,-1 F=675,674,-1,3,-7 D=3512,3509,-3,2,6 L=1250,1249,-1,0,-2 B=1248,1250,2,0,-2
mv U' code=0 aligned=1 homed=- ms=119.0 U=63,1100,13,0,-2 R=1091,1090,-1,0,-1 F=675,674,-1,3,-7 D=3512,3509,-3,2,6 L=1250,1250,0,0,-1 B=1248,1250,2,0,-2
mv U' code=0 aligned=1 homed=- ms=119.0 U=1102,2120,-6,1,-2 R=1091,1090,-1,0,-1 F=675,674,-1,3,-7 D=3512,3509,-3,2,6 L=1249,1250,1,0,-1 B=1248,1250,2,0,-2
mv U' code=0 aligned=1 homed=- ms=119.0 U=2122,3132,-14,2,0 R=1091,1090,-1,0,-1 F=675,674,-1,3,-7 D=3512,3509,-3,2,6 L=1249,1250,1,0,-1 B=1248,1250,2,0,-2
mv U' code=0 aligned=1 homed=- ms=119.0 U=3134,61,-1,3,-3 R=1091,1090,-1,0,-1 F=675,674,-1,3,-7 D=3512,3509,-3,2,6 L=1249,1249,0,0,-2 B=1248,1250,2,0,-2
mv U' code=0 aligned=1 homed=- ms=119.0 U=63,1099,12,0,-3 R=1091,1090,-1,0,-1 F=675,674,-1,3,-7 D=3512,3509,-3,2,6 L=1249,1250,1,0,-1 B=1248,1250,2,0,-2
mv U' code=0 aligned=1 homed=- ms=119.0 U=1102,2119,-7,1,-3 R=1091,1090,-1,0,-1 F=675,674,-1,3,-7 D=3512,3509,-3,2,6 L=1249,1250,1,0,-1 B=1248,1250,2,0,-2
mv U' code=0 aligned=1 homed=- ms=119.0 U=2122,3131,-15,2,-1 R=1091,1090,-1,0,-1 F=675,674,-1,3,-7 D=3512,3509,-3,2,6 L=1249,1250,1,0,-1 B=1248,1250,2,0,-2
rep moves=100 notaligned=0 homings=0 failures=0 avgms=119.0
res U=100,-2.5,10.0,15 R=- F=- D=- L=- B=-
ok
> home
[align] motor 0 err=2 counts (0.2 steps)
[align] motor 1 err=0 counts (0.0 steps)
[align] motor 2 err=-7 counts (-0.7 steps)
[align] motor 3 err=7 counts (0.7 steps)
[align] motor 4 err=-3 counts (-0.3 steps)
[align] motor 5 err=-6 counts (-0.6 steps)
home code=0 ms=6 en=0
enc U=3132 R=1091 F=674 D=3511 L=1250 B=1249 RING=2768
near U=2:0 R=0:0 F=3:-7 D=2:8 L=0:-1 B=0:-3
ok
> enc
enc U=3134 R=1091 F=674 D=3513 L=1249 B=1249 RING=2768
near U=2:2 R=0:0 F=3:-7 D=2:10 L=0:-2 B=0:-3
ok
> rep 50 U2 U2
mv U2 code=0 aligned=1 homed=- ms=219.0 U=3135,1099,12,0,-3 R=1091,1090,-1,0,-1 F=675,674,-1,3,-7 D=3514,3509,-5,2,6 L=1249,1250,1,0,-1 B=1249,1250,1,0,-2
mv U2 code=0 aligned=1 homed=- ms=219.0 U=1102,3131,-19,2,-1 R=1091,1091,0,0,0 F=675,673,-2,3,-8 D=3512,3509,-3,2,6 L=1249,1250,1,0,-1 B=1248,1250,2,0,-2
mv U2 code=0 aligned=1 homed=- ms=219.0 U=3135,1099,12,0,-3 R=1091,1090,-1,0,-1 F=675,674,-1,3,-7 D=3512,3509,-3,2,6 L=1250,1250,0,0,-1 B=1248,1250,2,0,-2
mv U2 code=0 aligned=1 homed=- ms=219.0 U=1102,3131,-19,2,-1 R=1091,1090,-1,0,-1 F=675,674,-1,3,-7 D=3512,3509,-3,2,6 L=1249,1250,1,0,-1 B=1248,1250,2,0,-2
mv U2 code=0 aligned=1 homed=- ms=219.0 U=3135,1098,11,0,-4 R=1091,1090,-1,0,-1 F=675,674,-1,3,-7 D=3512,3509,-3,2,6 L=1249,1250,1,0,-1 B=1248,1250,2,0,-2
mv U2 code=0 aligned=1 homed=- ms=219.0 U=1102,3131,-19,2,-1 R=1091,1090,-1,0,-1 F=675,673,-2,3,-8 D=3512,3509,-3,2,6 L=1249,1249,0,0,-2 B=1248,1250,2,0,-2
mv U2 code=0 aligned=1 homed=- ms=219.0 U=3135,1099,12,0,-3 R=1091,1090,-1,0,-1 F=675,674,-1,3,-7 D=3512,3509,-3,2,6 L=1250,1250,0,0,-1 B=1248,1250,2,0,-2
mv U2 code=0 aligned=1 homed=- ms=219.0 U=1103,3131,-20,2,-1 R=1091,1090,-1,0,-1 F=675,674,-1,3,-7 D=3512,3509,-3,2,6 L=1249,1250,1,0,-1 B=1248,1250,2,0,-2
mv U2 code=0 aligned=1 homed=- ms=219.0 U=3135,1099,12,0,-3 R=1091,1090,-1,0,-1 F=675,674,-1,3,-7 D=3512,3510,-2,2,7 L=1249,1250,1,0,-1 B=1248,1250,2,0,-2
mv U2 code=0 aligned=1 homed=- ms=219.0 U=1102,3131,-19,2,-1 R=1091,1090,-1,0,-1 F=675,674,-1,3,-7 D=3512,3510,-2,2,7 L=1250,1250,0,0,-1 B=1248,1250,2,0,-2
mv U2 code=0 aligned=1 homed=- ms=219.0 U=3135,1099,12,0,-3 R=1091,1090,-1,0,-1 F=675,674,-1,3,-7 D=3512,3510,-2,2,7 L=1249,1250,1,0,-1 B=1248,1250,2,0,-2
mv U2 code=0 aligned=1 homed=- ms=219.0 U=1102,3131,-19,2,-1 R=1091,1090,-1,0,-1 F=675,674,-1,3,-7 D=3512,3509,-3,2,6 L=1249,1250,1,0,-1 B=1248,1250,2,0,-2
mv U2 code=0 aligned=1 homed=- ms=219.0 U=3135,1099,12,0,-3 R=1091,1090,-1,0,-1 F=675,674,-1,3,-7 D=3512,3509,-3,2,6 L=1249,1250,1,0,-1 B=1248,1250,2,0,-2
mv U2 code=0 aligned=1 homed=- ms=219.0 U=1102,3131,-19,2,-1 R=1091,1090,-1,0,-1 F=675,674,-1,3,-7 D=3512,3510,-2,2,7 L=1249,1250,1,0,-1 B=1248,1250,2,0,-2
mv U2 code=0 aligned=1 homed=- ms=219.0 U=3135,1099,12,0,-3 R=1091,1090,-1,0,-1 F=675,674,-1,3,-7 D=3512,3509,-3,2,6 L=1249,1250,1,0,-1 B=1248,1250,2,0,-2
mv U2 code=0 aligned=1 homed=- ms=219.0 U=1102,3131,-19,2,-1 R=1091,1090,-1,0,-1 F=675,674,-1,3,-7 D=3512,3509,-3,2,6 L=1249,1250,1,0,-1 B=1248,1250,2,0,-2
mv U2 code=0 aligned=1 homed=- ms=219.0 U=3135,1099,12,0,-3 R=1091,1090,-1,0,-1 F=675,674,-1,3,-7 D=3512,3509,-3,2,6 L=1249,1250,1,0,-1 B=1248,1250,2,0,-2
mv U2 code=0 aligned=1 homed=- ms=219.0 U=1102,3131,-19,2,-1 R=1091,1090,-1,0,-1 F=675,674,-1,3,-7 D=3512,3509,-3,2,6 L=1249,1250,1,0,-1 B=1248,1250,2,0,-2
mv U2 code=0 aligned=1 homed=- ms=219.0 U=3135,1099,12,0,-3 R=1091,1090,-1,0,-1 F=675,674,-1,3,-7 D=3512,3509,-3,2,6 L=1249,1250,1,0,-1 B=1248,1250,2,0,-2
mv U2 code=0 aligned=1 homed=- ms=219.0 U=1102,3131,-19,2,-1 R=1091,1090,-1,0,-1 F=675,674,-1,3,-7 D=3512,3509,-3,2,6 L=1249,1250,1,0,-1 B=1248,1250,2,0,-2
mv U2 code=0 aligned=1 homed=- ms=219.0 U=3135,1099,12,0,-3 R=1091,1090,-1,0,-1 F=675,674,-1,3,-7 D=3512,3509,-3,2,6 L=1250,1250,0,0,-1 B=1248,1250,2,0,-2
mv U2 code=0 aligned=1 homed=- ms=219.0 U=1102,3131,-19,2,-1 R=1091,1090,-1,0,-1 F=675,674,-1,3,-7 D=3511,3509,-2,2,6 L=1249,1250,1,0,-1 B=1248,1250,2,0,-2
mv U2 code=0 aligned=1 homed=- ms=219.0 U=3135,1099,12,0,-3 R=1091,1090,-1,0,-1 F=675,674,-1,3,-7 D=3512,3510,-2,2,7 L=1249,1250,1,0,-1 B=1248,1250,2,0,-2
mv U2 code=0 aligned=1 homed=- ms=219.0 U=1102,3131,-19,2,-1 R=1091,1090,-1,0,-1 F=675,674,-1,3,-7 D=3512,3509,-3,2,6 L=1249,1250,1,0,-1 B=1248,1250,2,0,-2
mv U2 code=0 aligned=1 homed=- ms=219.0 U=3135,1099,12,0,-3 R=1091,1090,-1,0,-1 F=675,674,-1,3,-7 D=3511,3509,-2,2,6 L=1249,1250,1,0,-1 B=1248,1250,2,0,-2
mv U2 code=0 aligned=1 homed=- ms=219.0 U=1102,3131,-19,2,-1 R=1091,1090,-1,0,-1 F=675,674,-1,3,-7 D=3512,3509,-3,2,6 L=1249,1250,1,0,-1 B=1248,1250,2,0,-2
mv U2 code=0 aligned=1 homed=- ms=219.0 U=3135,1099,12,0,-3 R=1091,1090,-1,0,-1 F=675,674,-1,3,-7 D=3512,3509,-3,2,6 L=1249,1250,1,0,-1 B=1249,1250,1,0,-2
mv U2 code=0 aligned=1 homed=- ms=219.0 U=1103,3131,-20,2,-1 R=1091,1090,-1,0,-1 F=675,674,-1,3,-7 D=3512,3509,-3,2,6 L=1249,1250,1,0,-1 B=1248,1250,2,0,-2
mv U2 code=0 aligned=1 homed=- ms=219.0 U=3135,1099,12,0,-3 R=1091,1090,-1,0,-1 F=675,674,-1,3,-7 D=3512,3509,-3,2,6 L=1250,1250,0,0,-1 B=1248,1250,2,0,-2
mv U2 code=0 aligned=1 homed=- ms=219.0 U=1103,3131,-20,2,-1 R=1091,1090,-1,0,-1 F=675,674,-1,3,-7 D=3511,3509,-2,2,6 L=1249,1250,1,0,-1 B=1248,1250,2,0,-2
mv U2 code=0 aligned=1 homed=- ms=219.0 U=3135,1099,12,0,-3 R=1091,1090,-1,0,-1 F=675,674,-1,3,-7 D=3512,3509,-3,2,6 L=1249,1250,1,0,-1 B=1248,1250,2,0,-2
mv U2 code=0 aligned=1 homed=- ms=219.0 U=1102,3131,-19,2,-1 R=1091,1090,-1,0,-1 F=675,674,-1,3,-7 D=3512,3509,-3,2,6 L=1249,1250,1,0,-1 B=1248,1250,2,0,-2
mv U2 code=0 aligned=1 homed=- ms=219.0 U=3135,1099,12,0,-3 R=1091,1090,-1,0,-1 F=675,674,-1,3,-7 D=3512,3510,-2,2,7 L=1249,1250,1,0,-1 B=1248,1250,2,0,-2
mv U2 code=0 aligned=1 homed=- ms=219.0 U=1103,3131,-20,2,-1 R=1091,1090,-1,0,-1 F=675,674,-1,3,-7 D=3512,3509,-3,2,6 L=1249,1250,1,0,-1 B=1248,1250,2,0,-2
mv U2 code=0 aligned=1 homed=- ms=219.0 U=3135,1099,12,0,-3 R=1091,1090,-1,0,-1 F=675,674,-1,3,-7 D=3512,3510,-2,2,7 L=1249,1250,1,0,-1 B=1248,1250,2,0,-2
mv U2 code=0 aligned=1 homed=- ms=219.0 U=1102,3131,-19,2,-1 R=1091,1090,-1,0,-1 F=675,674,-1,3,-7 D=3512,3509,-3,2,6 L=1249,1250,1,0,-1 B=1248,1250,2,0,-2
mv U2 code=0 aligned=1 homed=- ms=219.0 U=3135,1099,12,0,-3 R=1091,1090,-1,0,-1 F=675,674,-1,3,-7 D=3512,3509,-3,2,6 L=1249,1250,1,0,-1 B=1248,1250,2,0,-2
mv U2 code=0 aligned=1 homed=- ms=219.0 U=1103,3131,-20,2,-1 R=1091,1090,-1,0,-1 F=675,674,-1,3,-7 D=3512,3509,-3,2,6 L=1250,1250,0,0,-1 B=1248,1250,2,0,-2
mv U2 code=0 aligned=1 homed=- ms=219.0 U=3135,1099,12,0,-3 R=1091,1091,0,0,0 F=675,674,-1,3,-7 D=3511,3510,-1,2,7 L=1249,1250,1,0,-1 B=1248,1250,2,0,-2
mv U2 code=0 aligned=1 homed=- ms=219.0 U=1102,3131,-19,2,-1 R=1091,1090,-1,0,-1 F=675,674,-1,3,-7 D=3512,3509,-3,2,6 L=1250,1250,0,0,-1 B=1248,1250,2,0,-2
mv U2 code=0 aligned=1 homed=- ms=219.0 U=3135,1099,12,0,-3 R=1091,1090,-1,0,-1 F=675,674,-1,3,-7 D=3512,3509,-3,2,6 L=1249,1250,1,0,-1 B=1248,1250,2,0,-2
mv U2 code=0 aligned=1 homed=- ms=219.0 U=1102,3131,-19,2,-1 R=1091,1090,-1,0,-1 F=675,674,-1,3,-7 D=3512,3509,-3,2,6 L=1249,1250,1,0,-1 B=1248,1249,1,0,-3
mv U2 code=0 aligned=1 homed=- ms=219.0 U=3135,1099,12,0,-3 R=1091,1090,-1,0,-1 F=675,674,-1,3,-7 D=3512,3509,-3,2,6 L=1249,1250,1,0,-1 B=1248,1250,2,0,-2
mv U2 code=0 aligned=1 homed=- ms=219.0 U=1102,3131,-19,2,-1 R=1091,1090,-1,0,-1 F=675,674,-1,3,-7 D=3512,3509,-3,2,6 L=1249,1250,1,0,-1 B=1248,1250,2,0,-2
mv U2 code=0 aligned=1 homed=- ms=219.0 U=3135,1099,12,0,-3 R=1091,1090,-1,0,-1 F=675,674,-1,3,-7 D=3512,3509,-3,2,6 L=1250,1249,-1,0,-2 B=1248,1250,2,0,-2
mv U2 code=0 aligned=1 homed=- ms=219.0 U=1103,3131,-20,2,-1 R=1091,1090,-1,0,-1 F=675,673,-2,3,-8 D=3512,3509,-3,2,6 L=1249,1250,1,0,-1 B=1248,1249,1,0,-3
mv U2 code=0 aligned=1 homed=- ms=219.0 U=3135,1099,12,0,-3 R=1091,1090,-1,0,-1 F=675,674,-1,3,-7 D=3512,3509,-3,2,6 L=1249,1250,1,0,-1 B=1248,1250,2,0,-2
mv U2 code=0 aligned=1 homed=- ms=219.0 U=1103,3131,-20,2,-1 R=1091,1090,-1,0,-1 F=675,674,-1,3,-7 D=3512,3509,-3,2,6 L=1250,1250,0,0,-1 B=1248,1250,2,0,-2
mv U2 code=0 aligned=1 homed=- ms=219.0 U=3135,1099,12,0,-3 R=1091,1090,-1,0,-1 F=675,674,-1,3,-7 D=3512,3509,-3,2,6 L=1249,1250,1,0,-1 B=1248,1250,2,0,-2
mv U2 code=0 aligned=1 homed=- ms=219.0 U=1102,3131,-19,2,-1 R=1091,1090,-1,0,-1 F=675,673,-2,3,-8 D=3512,3510,-2,2,7 L=1249,1250,1,0,-1 B=1248,1250,2,0,-2
mv U2 code=0 aligned=1 homed=- ms=219.0 U=3135,1099,12,0,-3 R=1091,1091,0,0,0 F=675,674,-1,3,-7 D=3512,3509,-3,2,6 L=1250,1250,0,0,-1 B=1248,1250,2,0,-2
mv U2 code=0 aligned=1 homed=- ms=219.0 U=1102,3131,-19,2,-1 R=1091,1090,-1,0,-1 F=675,673,-2,3,-8 D=3512,3509,-3,2,6 L=1250,1250,0,0,-1 B=1248,1250,2,0,-2
mv U2 code=0 aligned=1 homed=- ms=219.0 U=3135,1099,12,0,-3 R=1091,1090,-1,0,-1 F=675,674,-1,3,-7 D=3512,3510,-2,2,7 L=1249,1250,1,0,-1 B=1248,1250,2,0,-2
mv U2 code=0 aligned=1 homed=- ms=219.0 U=1102,3131,-19,2,-1 R=1091,1091,0,0,0 F=675,674,-1,3,-7 D=3512,3509,-3,2,6 L=1249,1250,1,0,-1 B=1248,1250,2,0,-2
mv U2 code=0 aligned=1 homed=- ms=219.0 U=3135,1099,12,0,-3 R=1091,1090,-1,0,-1 F=675,674,-1,3,-7 D=3512,3509,-3,2,6 L=1249,1250,1,0,-1 B=1248,1250,2,0,-2
mv U2 code=0 aligned=1 homed=- ms=219.0 U=1103,3131,-20,2,-1 R=1091,1090,-1,0,-1 F=675,674,-1,3,-7 D=3512,3509,-3,2,6 L=1249,1250,1,0,-1 B=1248,1250,2,0,-2
mv U2 code=0 aligned=1 homed=- ms=219.0 U=3135,1099,12,0,-3 R=1091,1090,-1,0,-1 F=675,674,-1,3,-7 D=3512,3509,-3,2,6 L=1249,1250,1,0,-1 B=1248,1250,2,0,-2
mv U2 code=0 aligned=1 homed=- ms=219.0 U=1102,3131,-19,2,-1 R=1091,1090,-1,0,-1 F=675,674,-1,3,-7 D=3512,3509,-3,2,6 L=1249,1250,1,0,-1 B=1248,1250,2,0,-2
mv U2 code=0 aligned=1 homed=- ms=219.0 U=3135,1099,12,0,-3 R=1091,1090,-1,0,-1 F=675,674,-1,3,-7 D=3512,3509,-3,2,6 L=1249,1250,1,0,-1 B=1248,1250,2,0,-2
mv U2 code=0 aligned=1 homed=- ms=219.0 U=1102,3131,-19,2,-1 R=1091,1090,-1,0,-1 F=675,674,-1,3,-7 D=3511,3509,-2,2,6 L=1249,1250,1,0,-1 B=1248,1250,2,0,-2
mv U2 code=0 aligned=1 homed=- ms=219.0 U=3135,1099,12,0,-3 R=1091,1091,0,0,0 F=675,674,-1,3,-7 D=3511,3509,-2,2,6 L=1249,1250,1,0,-1 B=1248,1250,2,0,-2
mv U2 code=0 aligned=1 homed=- ms=219.0 U=1102,3131,-19,2,-1 R=1091,1090,-1,0,-1 F=675,674,-1,3,-7 D=3512,3509,-3,2,6 L=1249,1250,1,0,-1 B=1248,1250,2,0,-2
mv U2 code=0 aligned=1 homed=- ms=219.0 U=3135,1099,12,0,-3 R=1091,1090,-1,0,-1 F=675,674,-1,3,-7 D=3512,3509,-3,2,6 L=1249,1250,1,0,-1 B=1248,1250,2,0,-2
mv U2 code=0 aligned=1 homed=- ms=219.0 U=1102,3131,-19,2,-1 R=1091,1090,-1,0,-1 F=675,674,-1,3,-7 D=3512,3509,-3,2,6 L=1249,1250,1,0,-1 B=1248,1250,2,0,-2
mv U2 code=0 aligned=1 homed=- ms=219.0 U=3135,1099,12,0,-3 R=1091,1090,-1,0,-1 F=675,674,-1,3,-7 D=3512,3509,-3,2,6 L=1250,1250,0,0,-1 B=1248,1250,2,0,-2
mv U2 code=0 aligned=1 homed=- ms=219.0 U=1102,3131,-19,2,-1 R=1091,1090,-1,0,-1 F=675,673,-2,3,-8 D=3512,3509,-3,2,6 L=1250,1250,0,0,-1 B=1248,1250,2,0,-2
mv U2 code=0 aligned=1 homed=- ms=219.0 U=3135,1099,12,0,-3 R=1091,1090,-1,0,-1 F=675,674,-1,3,-7 D=3512,3510,-2,2,7 L=1249,1250,1,0,-1 B=1248,1250,2,0,-2
mv U2 code=0 aligned=1 homed=- ms=219.0 U=1102,3131,-19,2,-1 R=1091,1090,-1,0,-1 F=675,674,-1,3,-7 D=3512,3509,-3,2,6 L=1249,1250,1,0,-1 B=1248,1250,2,0,-2
mv U2 code=0 aligned=1 homed=- ms=219.0 U=3135,1098,11,0,-4 R=1091,1090,-1,0,-1 F=675,674,-1,3,-7 D=3512,3509,-3,2,6 L=1249,1250,1,0,-1 B=1248,1250,2,0,-2
mv U2 code=0 aligned=1 homed=- ms=219.0 U=1102,3131,-19,2,-1 R=1091,1090,-1,0,-1 F=675,674,-1,3,-7 D=3511,3509,-2,2,6 L=1249,1250,1,0,-1 B=1248,1250,2,0,-2
mv U2 code=0 aligned=1 homed=- ms=219.0 U=3135,1098,11,0,-4 R=1091,1090,-1,0,-1 F=675,674,-1,3,-7 D=3512,3509,-3,2,6 L=1249,1250,1,0,-1 B=1248,1250,2,0,-2
mv U2 code=0 aligned=1 homed=- ms=219.0 U=1103,3131,-20,2,-1 R=1091,1090,-1,0,-1 F=675,674,-1,3,-7 D=3512,3509,-3,2,6 L=1249,1250,1,0,-1 B=1248,1250,2,0,-2
mv U2 code=0 aligned=1 homed=- ms=219.0 U=3135,1099,12,0,-3 R=1091,1090,-1,0,-1 F=675,674,-1,3,-7 D=3512,3510,-2,2,7 L=1250,1250,0,0,-1 B=1248,1250,2,0,-2
mv U2 code=0 aligned=1 homed=- ms=219.0 U=1103,3131,-20,2,-1 R=1091,1091,0,0,0 F=675,674,-1,3,-7 D=3512,3509,-3,2,6 L=1249,1250,1,0,-1 B=1248,1250,2,0,-2
mv U2 code=0 aligned=1 homed=- ms=219.0 U=3135,1099,12,0,-3 R=1091,1090,-1,0,-1 F=675,674,-1,3,-7 D=3511,3509,-2,2,6 L=1250,1250,0,0,-1 B=1248,1250,2,0,-2
mv U2 code=0 aligned=1 homed=- ms=219.0 U=1102,3131,-19,2,-1 R=1091,1090,-1,0,-1 F=675,674,-1,3,-7 D=3512,3509,-3,2,6 L=1250,1250,0,0,-1 B=1248,1250,2,0,-2
mv U2 code=0 aligned=1 homed=- ms=219.0 U=3135,1099,12,0,-3 R=1091,1090,-1,0,-1 F=675,674,-1,3,-7 D=3511,3509,-2,2,6 L=1249,1250,1,0,-1 B=1248,1250,2,0,-2
mv U2 code=0 aligned=1 homed=- ms=219.0 U=1102,3131,-19,2,-1 R=1091,1090,-1,0,-1 F=675,674,-1,3,-7 D=3512,3509,-3,2,6 L=1249,1250,1,0,-1 B=1248,1250,2,0,-2
mv U2 code=0 aligned=1 homed=- ms=219.0 U=3135,1099,12,0,-3 R=1091,1090,-1,0,-1 F=675,674,-1,3,-7 D=3511,3509,-2,2,6 L=1249,1250,1,0,-1 B=1248,1250,2,0,-2
mv U2 code=0 aligned=1 homed=- ms=219.0 U=1102,3131,-19,2,-1 R=1091,1090,-1,0,-1 F=675,674,-1,3,-7 D=3512,3509,-3,2,6 L=1249,1250,1,0,-1 B=1248,1250,2,0,-2
mv U2 code=0 aligned=1 homed=- ms=219.0 U=3135,1099,12,0,-3 R=1091,1090,-1,0,-1 F=675,674,-1,3,-7 D=3512,3510,-2,2,7 L=1249,1250,1,0,-1 B=1248,1250,2,0,-2
mv U2 code=0 aligned=1 homed=- ms=219.0 U=1102,3131,-19,2,-1 R=1091,1090,-1,0,-1 F=675,674,-1,3,-7 D=3512,3509,-3,2,6 L=1249,1250,1,0,-1 B=1248,1250,2,0,-2
mv U2 code=0 aligned=1 homed=- ms=219.0 U=3135,1099,12,0,-3 R=1091,1090,-1,0,-1 F=675,674,-1,3,-7 D=3512,3509,-3,2,6 L=1250,1250,0,0,-1 B=1248,1250,2,0,-2
mv U2 code=0 aligned=1 homed=- ms=219.0 U=1102,3131,-19,2,-1 R=1091,1091,0,0,0 F=675,674,-1,3,-7 D=3511,3509,-2,2,6 L=1249,1250,1,0,-1 B=1248,1250,2,0,-2
mv U2 code=0 aligned=1 homed=- ms=219.0 U=3135,1098,11,0,-4 R=1091,1090,-1,0,-1 F=675,674,-1,3,-7 D=3512,3509,-3,2,6 L=1249,1250,1,0,-1 B=1248,1250,2,0,-2
mv U2 code=0 aligned=1 homed=- ms=219.0 U=1102,3131,-19,2,-1 R=1091,1090,-1,0,-1 F=675,674,-1,3,-7 D=3512,3509,-3,2,6 L=1249,1250,1,0,-1 B=1248,1250,2,0,-2
mv U2 code=0 aligned=1 homed=- ms=219.0 U=3135,1098,11,0,-4 R=1091,1090,-1,0,-1 F=675,673,-2,3,-8 D=3512,3510,-2,2,7 L=1249,1250,1,0,-1 B=1248,1250,2,0,-2
mv U2 code=0 aligned=1 homed=- ms=219.0 U=1102,3131,-19,2,-1 R=1091,1090,-1,0,-1 F=675,674,-1,3,-7 D=3512,3509,-3,2,6 L=1249,1250,1,0,-1 B=1248,1250,2,0,-2
mv U2 code=0 aligned=1 homed=- ms=219.0 U=3135,1099,12,0,-3 R=1091,1090,-1,0,-1 F=675,674,-1,3,-7 D=3511,3509,-2,2,6 L=1250,1250,0,0,-1 B=1248,1250,2,0,-2
mv U2 code=0 aligned=1 homed=- ms=219.0 U=1102,3131,-19,2,-1 R=1091,1090,-1,0,-1 F=675,674,-1,3,-7 D=3512,3509,-3,2,6 L=1250,1250,0,0,-1 B=1248,1249,1,0,-3
mv U2 code=0 aligned=1 homed=- ms=219.0 U=3135,1099,12,0,-3 R=1091,1091,0,0,0 F=675,674,-1,3,-7 D=3512,3509,-3,2,6 L=1249,1250,1,0,-1 B=1248,1250,2,0,-2
mv U2 code=0 aligned=1 homed=- ms=219.0 U=1102,3131,-19,2,-1 R=1091,1090,-1,0,-1 F=675,674,-1,3,-7 D=3512,3509,-3,2,6 L=1249,1250,1,0,-1 B=1248,1250,2,0,-2
mv U2 code=0 aligned=1 homed=- ms=219.0 U=3135,1099,12,0,-3 R=1091,1090,-1,0,-1 F=675,674,-1,3,-7 D=3511,3509,-2,2,6 L=1249,1250,1,0,-1 B=1248,1250,2,0,-2
mv U2 code=0 aligned=1 homed=- ms=219.0 U=1103,3131,-20,2,-1 R=1091,1090,-1,0,-1 F=675,674,-1,3,-7 D=3511,3509,-2,2,6 L=1249,1250,1,0,-1 B=1248,1250,2,0,-2
mv U2 code=0 aligned=1 homed=- ms=219.0 U=3135,1099,12,0,-3 R=1091,1090,-1,0,-1 F=675,673,-2,3,-8 D=3512,3509,-3,2,6 L=1249,1250,1,0,-1 B=1248,1250,2,0,-2
mv U2 code=0 aligned=1 homed=- ms=219.0 U=1102,3131,-19,2,-1 R=1091,1090,-1,0,-1 F=675,674,-1,3,-7 D=3512,3509,-3,2,6 L=1249,1250,1,0,-1 B=1248,1250,2,0,-2
mv U2 code=0 aligned=1 homed=- ms=219.0 U=3135,1099,12,0,-3 R=1091,1090,-1,0,-1 F=675,674,-1,3,-7 D=3512,3509,-3,2,6 L=1250,1250,0,0,-1 B=1248,1250,2,0,-2
mv U2 code=0 aligned=1 homed=- ms=219.0 U=1102,3131,-19,2,-1 R=1091,1090,-1,0,-1 F=675,674,-1,3,-7 D=3512,3509,-3,2,6 L=1249,1250,1,0,-1 B=1248,1250,2,0,-2
mv U2 code=0 aligned=1 homed=- ms=219.0 U=3135,1099,12,0,-3 R=1091,1090,-1,0,-1 F=675,674,-1,3,-7 D=3512,3509,-3,2,6 L=1250,1250,0,0,-1 B=1248,1250,2,0,-2
mv U2 code=0 aligned=1 homed=- ms=219.0 U=1102,3131,-19,2,-1 R=1091,1090,-1,0,-1 F=675,674,-1,3,-7 D=3511,3509,-2,2,6 L=1249,1250,1,0,-1 B=1248,1250,2,0,-2
rep moves=100 notaligned=0 homings=0 failures=0 avgms=219.0
res U=100,-3.7,16.0,20 R=- F=- D=- L=- B=-
ok
> home
[align] motor 0 err=2 counts (0.2 steps)
[align] motor 1 err=0 counts (0.0 steps)
[align] motor 2 err=-7 counts (-0.7 steps)
[align] motor 3 err=7 counts (0.7 steps)
[align] motor 4 err=-3 counts (-0.3 steps)
[align] motor 5 err=-6 counts (-0.6 steps)
home code=0 ms=6 en=0
enc U=3131 R=1090 F=674 D=3512 L=1250 B=1249 RING=2768
near U=2:-1 R=0:-1 F=3:-7 D=2:9 L=0:-1 B=0:-3
ok
> enc
enc U=3135 R=1091 F=674 D=3513 L=1249 B=1249 RING=2768
near U=2:3 R=0:0 F=3:-7 D=2:10 L=0:-2 B=0:-3
ok
> rep 100 U U'
[align] motor 0 err=160 counts (15.6 steps)
[align] motor 1 err=0 counts (0.0 steps)
[align] motor 2 err=-7 counts (-0.7 steps)
[align] motor 3 err=6 counts (0.6 steps)
[align] motor 4 err=-3 counts (-0.3 steps)
[align] motor 5 err=-6 counts (-0.6 steps)
mv U code=0 aligned=0 homed=0 ms=119.0 U=3258,2280,46,1,158 R=1091,1091,0,0,0 F=675,674,-1,3,-7 D=3514,3510,-4,2,7 L=1249,1250,1,0,-1 B=1248,1250,2,0,-2
mv U' code=0 aligned=1 homed=- ms=119.0 U=2126,3132,-18,2,0 R=1090,1090,0,0,-1 F=674,674,0,3,-7 D=3510,3511,1,2,8 L=1250,1250,0,0,-1 B=1250,1250,0,0,-2
mv U code=0 aligned=1 homed=- ms=119.0 U=3134,2118,8,1,-4 R=1091,1091,0,0,0 F=675,674,-1,3,-7 D=3513,3510,-3,2,7 L=1249,1249,0,0,-2 B=1248,1250,2,0,-2
mv U' code=0 aligned=1 homed=- ms=119.0 U=2123,3132,-15,2,0 R=1091,1090,-1,0,-1 F=675,674,-1,3,-7 D=3512,3509,-3,2,6 L=1249,1250,1,0,-1 B=1248,1250,2,0,-2
mv U code=0 aligned=1 homed=- ms=119.0 U=3135,2119,8,1,-3 R=1091,1090,-1,0,-1 F=675,674,-1,3,-7 D=3512,3509,-3,2,6 L=1249,1250,1,0,-1 B=1248,1250,2,0,-2
mv U' code=0 aligned=1 homed=- ms=119.0 U=2123,3132,-15,2,0 R=1091,1090,-1,0,-1 F=675,674,-1,3,-7 D=3512,3510,-2,2,7 L=1249,1250,1,0,-1 B=1248,1250,2,0,-2
mv U code=0 aligned=1 homed=- ms=119.0 U=3135,2119,8,1,-3 R=1091,1090,-1,0,-1 F=675,674,-1,3,-7 D=3512,3509,-3,2,6 L=1249,1250,1,0,-1 B=1248,1250,2,0,-2
mv U' code=0 aligned=1 homed=- ms=119.0 U=2123,3132,-15,2,0 R=1091,1090,-1,0,-1 F=675,674,-1,3,-7 D=3512,3509,-3,2,6 L=1250,1250,0,0,-1 B=1248,1250,2,0,-2
mv U code=0 aligned=1 homed=- ms=119.0 U=3135,2118,7,1,-4 R=1091,1090,-1,0,-1 F=675,674,-1,3,-7 D=3512,3510,-2,2,7 L=1249,1250,1,0,-1 B=1248,1250,2,0,-2
mv U' code=0 aligned=1 homed=- ms=119.0 U=2123,3132,-15,2,0 R=1091,1090,-1,0,-1 F=675,674,-1,3,-7 D=3512,3509,-3,2,6 L=1249,1249,0,0,-2 B=1248,1250,2,0,-2
mv U code=0 aligned=1 homed=- ms=119.0 U=3135,2119,8,1,-3 R=1091,1090,-1,0,-1 F=675,674,-1,3,-7 D=3512,3509,-3,2,6 L=1249,1250,1,0,-1 B=1248,1250,2,0,-2
mv U' code=0 aligned=1 homed=- ms=119.0 U=2123,3132,-15,2,0 R=1091,1090,-1,0,-1 F=675,674,-1,3,-7 D=3512,3509,-3,2,6 L=1249,1250,1,0,-1 B=1248,1250,2,0,-2
mv U code=0 aligned=1 homed=- ms=119.0 U=3134,2119,9,1,-3 R=1091,1090,-1,0,-1 F=675,674,-1,3,-7 D=3512,3510,-2,2,7 L=1249,1250,1,0,-1 B=1248,1250,2,0,-2
mv U' code=0 aligned=1 homed=- ms=119.0 U=2123,3132,-15,2,0 R=1091,1090,-1,0,-1 F=675,674,-1,3,-7 D=3512,3509,-3,2,6 L=1249,1250,1,0,-1 B=1248,1250,2,0,-2
mv U code=0 aligned=1 homed=- ms=119.0 U=3135,2118,7,1,-4 R=1091,1091,0,0,0 F=675,674,-1,3,-7 D=3512,3509,-3,2,6 L=1249,1250,1,0,-1 B=1248,1250,2,0,-2
mv U' code=0 aligned=1 homed=- ms=119.0 U=2123,3132,-15,2,0 R=1091,1090,-1,0,-1 F=675,674,-1,3,-7 D=3512,3509,-3,2,6 L=1249,1250,1,0,-1 B=1248,1250,2,0,-2
mv U code=0 aligned=1 homed=- ms=119.0 U=3135,2119,8,1,-3 R=1091,1090,-1,0,-1 F=675,674,-1,3,-7 D=3512,3509,-3,2,6 L=1249,1250,1,0,-1 B=1248,1250,2,0,-2
mv U' code=0 aligned=1 homed=- ms=119.0 U=2123,3132,-15,2,0 R=1091,1090,-1,0,-1 F=675,674,-1,3,-7 D=3512,3509,-3,2,6 L=1249,1250,1,0,-1 B=1248,1250,2,0,-2
mv U code=0 aligned=1 homed=- ms=119.0 U=3134,2119,9,1,-3 R=1091,1090,-1,0,-1 F=675,674,-1,3,-7 D=3512,3510,-2,2,7 L=1249,1250,1,0,-1 B=1248,1250,2,0,-2
mv U' code=0 aligned=1 homed=- ms=119.0 U=2123,3132,-15,2,0 R=1091,1090,-1,0,-1 F=675,674,-1,3,-7 D=3512,3509,-3,2,6 L=1249,1250,1,0,-1 B=1248,1250,2,0,-2
mv U code=0 aligned=1 homed=- ms=119.0 U=3135,2119,8,1,-3 R=1091,1090,-1,0,-1 F=675,674,-1,3,-7 D=3512,3509,-3,2,6 L=1249,1250,1,0,-1 B=1248,1250,2,0,-2
mv U' code=0 aligned=1 homed=- ms=119.0 U=2123,3132,-15,2,0 R=1091,1090,-1,0,-1 F=675,674,-1,3,-7 D=3512,3509,-3,2,6 L=1249,1250,1,0,-1 B=1248,1250,2,0,-2
mv U code=0 aligned=1 homed=- ms=119.0 U=3135,2119,8,1,-3 R=1091,1090,-1,0,-1 F=675,674,-1,3,-7 D=3512,3509,-3,2,6 L=1249,1249,0,0,-2 B=1248,1250,2,0,-2
mv U' code=0 aligned=1 homed=- ms=119.0 U=2123,3132,-15,2,0 R=1091,1090,-1,0,-1 F=675,674,-1,3,-7 D=3512,3509,-3,2,6 L=1249,1250,1,0,-1 B=1248,1250,2,0,-2
mv U code=0 aligned=1 homed=- ms=119.0 U=3135,2119,8,1,-3 R=1091,1090,-1,0,-1 F=675,674,-1,3,-7 D=3512,3509,-3,2,6 L=1249,1249,0,0,-2 B=1248,1250,2,0,-2
mv U' code=0 aligned=1 homed=- ms=119.0 U=2123,3131,-16,2,-1 R=1091,1090,-1,0,-1 F=675,674,-1,3,-7 D=3512,3509,-3,2,6 L=1249,1250,1,0,-1 B=1248,1250,2,0,-2
mv U code=0 aligned=1 homed=- ms=119.0 U=3135,2119,8,1,-3 R=1091,1090,-1,0,-1 F=675,674,-1,3,-7 D=3512,3510,-2,2,7 L=1249,1250,1,0,-1 B=1248,1250,2,0,-2
mv U' code=0 aligned=1 homed=- ms=119.0 U=2123,3132,-15,2,0 R=1091,1090,-1,0,-1 F=675,674,-1,3,-7 D=3512,3509,-3,2,6 L=1249,1250,1,0,-1 B=1248,1250,2,0,-2
mv U code=0 aligned=1 homed=- ms=119.0 U=3134,2119,9,1,-3 R=1091,1090,-1,0,-1 F=675,674,-1,3,-7 D=3512,3509,-3,2,6 L=1249,1250,1,0,-1 B=1248,1250,2,0,-2
mv U' code=0 aligned=1 homed=- ms=119.0 U=2123,3132,-15,2,0 R=1091,1090,-1,0,-1 F=675,674,-1,3,-7 D=3512,3509,-3,2,6 L=1249,1250,1,0,-1 B=1248,1249,1,0,-3
mv U code=0 aligned=1 homed=- ms=119.0 U=3135,2118,7,1,-4 R=1091,1090,-1,0,-1 F=675,674,-1,3,-7 D=3512,3510,-2,2,7 L=1249,1250,1,0,-1 B=1248,1250,2,0,-2
mv U' code=0 aligned=1 homed=- ms=119.0 U=2123,3132,-15,2,0 R=1091,1090,-1,0,-1 F=675,674,-1,3,-7 D=3512,3509,-3,2,6 L=1249,1250,1,0,-1 B=1248,1250,2,0,-2
mv U code=0 aligned=1 homed=- ms=119.0 U=3135,2119,8,1,-3 R=1091,1090,-1,0,-1 F=675,673,-2,3,-8 D=3512,3509,-3,2,6 L=1249,1250,1,0,-1 B=1248,1250,2,0,-2
mv U' code=0 aligned=1 homed=- ms=119.0 U=2123,3132,-15,2,0 R=1091,1090,-1,0,-1 F=675,674,-1,3,-7 D=3512,3509,-3,2,6 L=1249,1249,0,0,-2 B=1248,1250,2,0,-2
mv U code=0 aligned=1 homed=- ms=119.0 U=3134,2119,9,1,-3 R=1091,1090,-1,0,-1 F=675,674,-1,3,-7 D=3511,3509,-2,2,6 L=1249,1250,1,0,-1 B=1248,1250,2,0,-2
mv U' code=0 aligned=1 homed=- ms=119.0 U=2123,3132,-15,2,0 R=1091,1090,-1,0,-1 F=675,674,-1,3,-7 D=3512,3509,-3,2,6 L=1249,1250,1,0,-1 B=1248,1250,2,0,-2
mv U code=0 aligned=1 homed=- ms=119.0 U=3134,2118,8,1,-4 R=1091,1090,-1,0,-1 F=675,674,-1,3,-7 D=3512,3509,-3,2,6 L=1250,1250,0,0,-1 B=1248,1250,2,0,-2
mv U' code=0 aligned=1 homed=- ms=119.0 U=2123,3131,-16,2,-1 R=1091,1090,-1,0,-1 F=675,674,-1,3,-7 D=3512,3509,-3,2,6 L=1249,1249,0,0,-2 B=1248,1250,2,0,-2
mv U code=0 aligned=1 homed=- ms=119.0 U=3135,2118,7,1,-4 R=1091,1090,-1,0,-1 F=675,674,-1,3,-7 D=3512,3509,-3,2,6 L=1249,1250,1,0,-1 B=1248,1250,2,0,-2
mv U' code=0 aligned=1 homed=- ms=119.0 U=2123,3132,-15,2,0 R=1091,1090,-1,0,-1 F=675,674,-1,3,-7 D=3512,3509,-3,2,6 L=1249,1250,1,0,-1 B=1248,1250,2,0,-2
mv U code=0 aligned=1 homed=- ms=119.0 U=3134,2118,8,1,-4 R=1091,1091,0,0,0 F=675,674,-1,3,-7 D=3512,3509,-3,2,6 L=1249,1250,1,0,-1 B=1248,1250,2,0,-2
mv U' code=0 aligned=1 homed=- ms=119.0 U=2123,3132,-15,2,0 R=1091,1090,-1,0,-1 F=675,674,-1,3,-7 D=3512,3509,-3,2,6 L=1250,1250,0,0,-1 B=1248,1250,2,0,-2
mv U code=0 aligned=1 homed=- ms=119.0 U=3135,2118,7,1,-4 R=1091,1090,-1,0,-1 F=675,674,-1,3,-7 D=3512,3509,-3,2,6 L=1249,1250,1,0,-1 B=1248,1250,2,0,-2
mv U' code=0 aligned=1 homed=- ms=119.0 U=2123,3132,-15,2,0 R=1091,1090,-1,0,-1 F=675,674,-1,3,-7 D=3512,3509,-3,2,6 L=1249,1250,1,0,-1 B=1248,1250,2,0,-2
mv U code=0 aligned=1 homed=- ms=119.0 U=3134,2119,9,1,-3 R=1091,1090,-1,0,-1 F=675,674,-1,3,-7 D=3512,3509,-3,2,6 L=1249,1250,1,0,-1 B=1248,1250,2,0,-2
mv U' code=0 aligned=1 homed=- ms=119.0 U=2123,3132,-15,2,0 R=1091,1090,-1,0,-1 F=675,674,-1,3,-7 D=3512,3509,-3,2,6 L=1249,1250,1,0,-1 B=1248,1249,1,0,-3
mv U code=0 aligned=1 homed=- ms=119.0 U=3134,2119,9,1,-3 R=1091,1090,-1,0,-1 F=675,674,-1,3,-7 D=3512,3509,-3,2,6 L=1249,1250,1,0,-1 B=1248,1250,2,0,-2
mv U' code=0 aligned=1 homed=- ms=119.0 U=2123,3132,-15,2,0 R=1091,1090,-1,0,-1 F=675,673,-2,3,-8 D=3511,3509,-2,2,6 L=1249,1250,1,0,-1 B=1248,1250,2,0,-2
mv U code=0 aligned=1 homed=- ms=119.0 U=3134,2118,8,1,-4 R=1091,1090,-1,0,-1 F=675,674,-1,3,-7 D=3512,3509,-3,2,6 L=1249,1249,0,0,-2 B=1248,1250,2,0,-2
mv U' code=0 aligned=1 homed=- ms=119.0 U=2123,3132,-15,2,0 R=1091,1090,-1,0,-1 F=675,674,-1,3,-7 D=3512,3509,-3,2,6 L=1249,1250,1,0,-1 B=1248,1250,2,0,-2
mv U code=0 aligned=1 homed=- ms=119.0 U=3135,2119,8,1,-3 R=1091,1091,0,0,0 F=675,674,-1,3,-7 D=3512,3509,-3,2,6 L=1249,1250,1,0,-1 B=1248,1250,2,0,-2
mv U' code=0 aligned=1 homed=- ms=119.0 U=2123,3132,-15,2,0 R=1091,1090,-1,0,-1 F=675,674,-1,3,-7 D=3512,3509,-3,2,6 L=1249,1250,1,0,-1 B=1248,1250,2,0,-2
mv U code=0 aligned=1 homed=- ms=119.0 U=3135,2119,8,1,-3 R=1091,1090,-1,0,-1 F=675,674,-1,3,-7 D=3512,3510,-2,2,7 L=1250,1250,0,0,-1 B=1248,1250,2,0,-2
mv U' code=0 aligned=1 homed=- ms=119.0 U=2123,3132,-15,2,0 R=1091,1090,-1,0,-1 F=675,674,-1,3,-7 D=3512,3509,-3,2,6 L=1250,1250,0,0,-1 B=1248,1250,2,0,-2
mv U code=0 aligned=1 homed=- ms=119.0 U=3135,2119,8,1,-3 R=1091,1090,-1,0,-1 F=675,674,-1,3,-7 D=3512,3509,-3,2,6 L=1249,1250,1,0,-1 B=1248,1249,1,0,-3
mv U' code=0 aligned=1 homed=- ms=119.0 U=2123,3132,-15,2,0 R=1091,1090,-1,0,-1 F=675,673,-2,3,-8 D=3512,3510,-2,2,7 L=1249,1250,1,0,-1 B=1248,1250,2,0,-2
mv U code=0 aligned=1 homed=- ms=119.0 U=3134,2119,9,1,-3 R=1091,1090,-1,0,-1 F=675,674,-1,3,-7 D=3512,3509,-3,2,6 L=1250,1250,0,0,-1 B=1248,1250,2,0,-2
mv U' code=0 aligned=1 homed=- ms=119.0 U=2123,3132,-15,2,0 R=1091,1090,-1,0,-1 F=675,674,-1,3,-7 D=3512,3509,-3,2,6 L=1250,1249,-1,0,-2 B=1248,1250,2,0,-2
mv U code=0 aligned=1 homed=- ms=119.0 U=3135,2118,7,1,-4 R=1091,1090,-1,0,-1 F=675,674,-1,3,-7 D=3512,3510,-2,2,7 L=1249,1250,1,0,-1 B=1248,1250,2,0,-2
mv U' code=0 aligned=1 homed=- ms=119.0 U=2123,3132,-15,2,0 R=1091,1090,-1,0,-1 F=675,674,-1,3,-7 D=3512,3509,-3,2,6 L=1249,1250,1,0,-1 B=1248,1250,2,0,-2
mv U code=0 aligned=1 homed=- ms=119.0 U=3134,2119,9,1,-3 R=1091,1090,-1,0,-1 F=675,674,-1,3,-7 D=3512,3509,-3,2,6 L=1249,1250,1,0,-1 B=1248,1250,2,0,-2
mv U' code=0 aligned=1 homed=- ms=119.0 U=2123,3132,-15,2,0 R=1091,1090,-1,0,-1 F=675,674,-1,3,-7 D=3512,3509,-3,2,6 L=1249,1249,0,0,-2 B=1248,1250,2,0,-2
mv U code=0 aligned=1 homed=- ms=119.0 U=3134,2119,9,1,-3 R=1091,1090,-1,0,-1 F=675,674,-1,3,-7 D=3512,3509,-3,2,6 L=1249,1250,1,0,-1 B=1248,1250,2,0,-2
mv U' code=0 aligned=1 homed=- ms=119.0 U=2123,3132,-15,2,0 R=1091,1090,-1,0,-1 F=675,674,-1,3,-7 D=3512,3509,-3,2,6 L=1249,1250,1,0,-1 B=1248,1250,2,0,-2
mv U code=0 aligned=1 homed=- ms=119.0 U=3134,2119,9,1,-3 R=1091,1090,-1,0,-1 F=675,674,-1,3,-7 D=3512,3509,-3,2,6 L=1249,1250,1,0,-1 B=1248,1250,2,0,-2
mv U' code=0 aligned=1 homed=- ms=119.0 U=2123,3132,-15,2,0 R=1091,1090,-1,0,-1 F=675,674,-1,3,-7 D=3512,3509,-3,2,6 L=1249,1250,1,0,-1 B=1248,1250,2,0,-2
mv U code=0 aligned=1 homed=- ms=119.0 U=3135,2118,7,1,-4 R=1091,1090,-1,0,-1 F=675,674,-1,3,-7 D=3512,3509,-3,2,6 L=1249,1250,1,0,-1 B=1248,1250,2,0,-2
mv U' code=0 aligned=1 homed=- ms=119.0 U=2123,3132,-15,2,0 R=1091,1090,-1,0,-1 F=675,674,-1,3,-7 D=3512,3509,-3,2,6 L=1249,1250,1,0,-1 B=1248,1250,2,0,-2
mv U code=0 aligned=1 homed=- ms=119.0 U=3135,2119,8,1,-3 R=1091,1090,-1,0,-1 F=675,674,-1,3,-7 D=3512,3509,-3,2,6 L=1249,1250,1,0,-1 B=1248,1250,2,0,-2
mv U' code=0 aligned=1 homed=- ms=119.0 U=2123,3132,-15,2,0 R=1091,1090,-1,0,-1 F=675,674,-1,3,-7 D=3512,3510,-2,2,7 L=1249,1250,1,0,-1 B=1248,1250,2,0,-2
mv U code=0 aligned=1 homed=- ms=119.0 U=3135,2119,8,1,-3 R=1091,1090,-1,0,-1 F=675,674,-1,3,-7 D=3512,3509,-3,2,6 L=1249,1250,1,0,-1 B=1248,1250,2,0,-2
mv U' code=0 aligned=1 homed=- ms=119.0 U=2123,3131,-16,2,-1 R=1091,1090,-1,0,-1 F=675,674,-1,3,-7 D=3512,3510,-2,2,7 L=1250,1250,0,0,-1 B=1248,1250,2,0,-2
mv U code=0 aligned=1 homed=- ms=119.0 U=3134,2118,8,1,-4 R=1091,1090,-1,0,-1 F=675,674,-1,3,-7 D=3511,3509,-2,2,6 L=1249,1250,1,0,-1 B=1248,1250,2,0,-2
mv U' code=0 aligned=1 homed=- ms=119.0 U=2123,3132,-15,2,0 R=1091,1090,-1,0,-1 F=675,674,-1,3,-7 D=3512,3510,-2,2,7 L=1249,1250,1,0,-1 B=1248,1250,2,0,-2
mv U code=0 aligned=1 homed=- ms=119.0 U=3135,2119,8,1,-3 R=1091,1090,-1,0,-1 F=675,674,-1,3,-7 D=3512,3509,-3,2,6 L=1249,1250,1,0,-1 B=1248,1250,2,0,-2
mv U' code=0 aligned=1 homed=- ms=119.0 U=2123,3132,-15,2,0 R=1091,1090,-1,0,-1 F=675,674,-1,3,-7 D=3512,3510,-2,2,7 L=1250,1250,0,0,-1 B=1248,1250,2,0,-2
mv U code=0 aligned=1 homed=- ms=119.0 U=3134,2119,9,1,-3 R=1091,1090,-1,0,-1 F=675,674,-1,3,-7 D=3511,3509,-2,2,6 L=1249,1250,1,0,-1 B=1248,1250,2,0,-2
mv U' code=0 aligned=1 homed=- ms=119.0 U=2123,3132,-15,2,0 R=1091,1090,-1,0,-1 F=675,674,-1,3,-7 D=3512,3509,-3,2,6 L=1249,1250,1,0,-1 B=1248,1250,2,0,-2
mv U code=0 aligned=1 homed=- ms=119.0 U=3134,2119,9,1,-3 R=1091,1091,0,0,0 F=675,674,-1,3,-7 D=3512,3509,-3,2,6 L=1249,1250,1,0,-1 B=1248,1250,2,0,-2
mv U' code=0 aligned=1 homed=- ms=119.0 U=2123,3131,-16,2,-1 R=1091,1090,-1,0,-1 F=675,673,-2,3,-8 D=3512,3509,-3,2,6 L=1249,1249,0,0,-2 B=1248,1250,2,0,-2
mv U code=0 aligned=1 homed=- ms=119.0 U=3134,2118,8,1,-4 R=1091,1091,0,0,0 F=675,674,-1,3,-7 D=3512,3509,-3,2,6 L=1249,1250,1,0,-1 B=1248,1250,2,0,-2
mv U' code=0 aligned=1 homed=- ms=119.0 U=2122,3132,-14,2,0 R=1091,1090,-1,0,-1 F=675,674,-1,3,-7 D=3512,3509,-3,2,6 L=1249,1250,1,0,-1 B=1248,1250,2,0,-2
mv U code=0 aligned=1 homed=- ms=119.0 U=3134,2119,9,1,-3 R=1091,1090,-1,0,-1 F=675,674,-1,3,-7 D=3512,3509,-3,2,6 L=1249,1250,1,0,-1 B=1248,1250,2,0,-2
mv U' code=0 aligned=1 homed=- ms=119.0 U=2123,3132,-15,2,0 R=1091,1090,-1,0,-1 F=675,674,-1,3,-7 D=3512,3509,-3,2,6 L=1249,1250,1,0,-1 B=1248,1250,2,0,-2
mv U code=0 aligned=1 homed=- ms=119.0 U=3134,2119,9,1,-3 R=1091,1090,-1,0,-1 F=675,674,-1,3,-7 D=3512,3509,-3,2,6 L=1249,1250,1,0,-1 B=1248,1249,1,0,-3
mv U' code=0 aligned=1 homed=- ms=119.0 U=2123,3132,-15,2,0 R=1091,1090,-1,0,-1 F=675,674,-1,3,-7 D=3512,3509,-3,2,6 L=1249,1250,1,0,-1 B=1248,1250,2,0,-2
mv U code=0 aligned=1 homed=- ms=119.0 U=3134,2119,9,1,-3 R=1091,1090,-1,0,-1 F=675,674,-1,3,-7 D=3512,3509,-3,2,6 L=1249,1250,1,0,-1 B=1248,1250,2,0,-2
mv U' code=0 aligned=1 homed=- ms=119.0 U=2123,3132,-15,2,0 R=1091,1090,-1,0,-1 F=675,674,-1,3,-7 D=3512,3509,-3,2,6 L=1249,1250,1,0,-1 B=1248,1250,2,0,-2
mv U code=0 aligned=1 homed=- ms=119.0 U=3134,2118,8,1,-4 R=1091,1090,-1,0,-1 F=675,674,-1,3,-7 D=3512,3509,-3,2,6 L=1250,1250,0,0,-1 B=1248,1250,2,0,-2
mv U' code=0 aligned=1 homed=- ms=119.0 U=2123,3132,-15,2,0 R=1091,1090,-1,0,-1 F=675,674,-1,3,-7 D=3512,3509,-3,2,6 L=1249,1250,1,0,-1 B=1248,1250,2,0,-2
mv U code=0 aligned=1 homed=- ms=119.0 U=3134,2119,9,1,-3 R=1091,1090,-1,0,-1 F=675,674,-1,3,-7 D=3512,3510,-2,2,7 L=1249,1250,1,0,-1 B=1248,1250,2,0,-2
mv U' code=0 aligned=1 homed=- ms=119.0 U=2123,3132,-15,2,0 R=1091,1090,-1,0,-1 F=675,673,-2,3,-8 D=3512,3509,-3,2,6 L=1249,1250,1,0,-1 B=1248,1250,2,0,-2
mv U code=0 aligned=1 homed=- ms=119.0 U=3134,2118,8,1,-4 R=1091,1090,-1,0,-1 F=675,674,-1,3,-7 D=3511,3509,-2,2,6 L=1249,1250,1,0,-1 B=1248,1250,2,0,-2
mv U' code=0 aligned=1 homed=- ms=119.0 U=2123,3131,-16,2,-1 R=1091,1090,-1,0,-1 F=675,674,-1,3,-7 D=3512,3509,-3,2,6 L=1249,1250,1,0,-1 B=1248,1250,2,0,-2
mv U code=0 aligned=1 homed=- ms=119.0 U=3134,2119,9,1,-3 R=1091,1090,-1,0,-1 F=675,674,-1,3,-7 D=3512,3509,-3,2,6 L=1250,1250,0,0,-1 B=1248,1250,2,0,-2
mv U' code=0 aligned=1 homed=- ms=119.0 U=2123,3132,-15,2,0 R=1091,1090,-1,0,-1 F=675,674,-1,3,-7 D=3512,3509,-3,2,6 L=1250,1250,0,0,-1 B=1248,1250,2,0,-2
mv U code=0 aligned=1 homed=- ms=119.0 U=3134,2118,8,1,-4 R=1091,1091,0,0,0 F=675,674,-1,3,-7 D=3512,3509,-3,2,6 L=1249,1250,1,0,-1 B=1248,1250,2,0,-2
mv U' code=0 aligned=1 homed=- ms=119.0 U=2123,3132,-15,2,0 R=1091,1090,-1,0,-1 F=675,674,-1,3,-7 D=3512,3510,-2,2,7 L=1250,1250,0,0,-1 B=1248,1250,2,0,-2
mv U code=0 aligned=1 homed=- ms=119.0 U=3134,2118,8,1,-4 R=1091,1090,-1,0,-1 F=675,674,-1,3,-7 D=3512,3509,-3,2,6 L=1249,1250,1,0,-1 B=1248,1250,2,0,-2
mv U' code=0 aligned=1 homed=- ms=119.0 U=2123,3132,-15,2,0 R=1091,1090,-1,0,-1 F=675,674,-1,3,-7 D=3512,3509,-3,2,6 L=1249,1249,0,0,-2 B=1248,1250,2,0,-2
mv U code=0 aligned=1 homed=- ms=119.0 U=3134,2119,9,1,-3 R=1091,1090,-1,0,-1 F=675,674,-1,3,-7 D=3512,3510,-2,2,7 L=1249,1250,1,0,-1 B=1248,1250,2,0,-2
mv U' code=0 aligned=1 homed=- ms=119.0 U=2123,3132,-15,2,0 R=1091,1090,-1,0,-1 F=675,674,-1,3,-7 D=3512,3509,-3,2,6 L=1249,1250,1,0,-1 B=1248,1250,2,0,-2
mv U code=0 aligned=1 homed=- ms=119.0 U=3134,2119,9,1,-3 R=1091,1090,-1,0,-1 F=675,674,-1,3,-7 D=3512,3509,-3,2,6 L=1249,1250,1,0,-1 B=1248,1250,2,0,-2
mv U' code=0 aligned=1 homed=- ms=119.0 U=2122,3132,-14,2,0 R=1091,1090,-1,0,-1 F=675,674,-1,3,-7 D=3511,3509,-2,2,6 L=1249,1250,1,0,-1 B=1248,1250,2,0,-2
mv U code=0 aligned=1 homed=- ms=119.0 U=3134,2118,8,1,-4 R=1091,1090,-1,0,-1 F=675,674,-1,3,-7 D=3512,3510,-2,2,7 L=1250,1250,0,0,-1 B=1248,1250,2,0,-2
mv U' code=0 aligned=1 homed=- ms=119.0 U=2123,3132,-15,2,0 R=1091,1090,-1,0,-1 F=675,674,-1,3,-7 D=3512,3509,-3,2,6 L=1249,1250,1,0,-1 B=1248,1250,2,0,-2
mv U code=0 aligned=1 homed=- ms=119.0 U=3135,2119,8,1,-3 R=1091,1090,-1,0,-1 F=675,674,-1,3,-7 D=3512,3509,-3,2,6 L=1249,1250,1,0,-1 B=1248,1250,2,0,-2
mv U' code=0 aligned=1 homed=- ms=119.0 U=2122,3132,-14,2,0 R=1091,1091,0,0,0 F=675,674,-1,3,-7 D=3512,3509,-3,2,6 L=1249,1250,1,0,-1 B=1248,1250,2,0,-2
mv U code=0 aligned=1 homed=- ms=119.0 U=3134,2119,9,1,-3 R=1091,1090,-1,0,-1 F=675,674,-1,3,-7 D=3512,3509,-3,2,6 L=1249,1250,1,0,-1 B=1248,1250,2,0,-2
mv U' code=0 aligned=1 homed=- ms=119.0 U=2123,3132,-15,2,0 R=1091,1090,-1,0,-1 F=675,674,-1,3,-7 D=3512,3509,-3,2,6 L=1250,1250,0,0,-1 B=1248,1249,1,0,-3
mv U code=0 aligned=1 homed=- ms=119.0 U=3134,2119,9,1,-3 R=1091,1090,-1,0,-1 F=675,674,-1,3,-7 D=3512,3510,-2,2,7 L=1249,1250,1,0,-1 B=1248,1250,2,0,-2
mv U' code=0 aligned=1 homed=- ms=119.0 U=2123,3132,-15,2,0 R=1091,1090,-1,0,-1 F=675,674,-1,3,-7 D=3512,3509,-3,2,6 L=1250,1250,0,0,-1 B=1248,1250,2,0,-2
mv U code=0 aligned=1 homed=- ms=119.0 U=3134,2119,9,1,-3 R=1091,1090,-1,0,-1 F=675,674,-1,3,-7 D=3512,3509,-3,2,6 L=1249,1250,1,0,-1 B=1248,1250,2,0,-2
mv U' code=0 aligned=1 homed=- ms=119.0 U=2123,3132,-15,2,0 R=1091,1090,-1,0,-1 F=675,674,-1,3,-7 D=3512,3509,-3,2,6 L=1249,1250,1,0,-1 B=1248,1250,2,0,-2
mv U code=0 aligned=1 homed=- ms=119.0 U=3135,2118,7,1,-4 R=1091,1090,-1,0,-1 F=675,674,-1,3,-7 D=3512,3510,-2,2,7 L=1249,1250,1,0,-1 B=1248,1250,2,0,-2
mv U' code=0 aligned=1 homed=- ms=119.0 U=2122,3132,-14,2,0 R=1091,1090,-1,0,-1 F=675,674,-1,3,-7 D=3512,3509,-3,2,6 L=1249,1250,1,0,-1 B=1248,1250,2,0,-2
mv U code=0 aligned=1 homed=- ms=119.0 U=3134,2119,9,1,-3 R=1091,1090,-1,0,-1 F=675,674,-1,3,-7 D=3512,3509,-3,2,6 L=1249,1249,0,0,-2 B=1248,1250,2,0,-2
mv U' code=0 aligned=1 homed=- ms=119.0 U=2123,3132,-15,2,0 R=1091,1090,-1,0,-1 F=675,674,-1,3,-7 D=3512,3509,-3,2,6 L=1249,1250,1,0,-1 B=1248,1250,2,0,-2
mv U code=0 aligned=1 homed=- ms=119.0 U=3134,2119,9,1,-3 R=1091,1090,-1,0,-1 F=675,674,-1,3,-7 D=3512,3509,-3,2,6 L=1249,1250,1,0,-1 B=1248,1250,2,0,-2
mv U' code=0 aligned=1 homed=- ms=119.0 U=2123,3132,-15,2,0 R=1091,1090,-1,0,-1 F=675,674,-1,3,-7 D=3512,3510,-2,2,7 L=1249,1250,1,0,-1 B=1248,1250,2,0,-2
mv U code=0 aligned=1 homed=- ms=119.0 U=3134,2119,9,1,-3 R=1091,1090,-1,0,-1 F=675,674,-1,3,-7 D=3512,3509,-3,2,6 L=1249,1250,1,0,-1 B=1248,1250,2,0,-2
mv U' code=0 aligned=1 homed=- ms=119.0 U=2123,3132,-15,2,0 R=1091,1090,-1,0,-1 F=675,674,-1,3,-7 D=3511,3509,-2,2,6 L=1250,1249,-1,0,-2 B=1248,1250,2,0,-2
mv U code=0 aligned=1 homed=- ms=119.0 U=3134,2119,9,1,-3 R=1091,1090,-1,0,-1 F=675,674,-1,3,-7 D=3511,3509,-2,2,6 L=1249,1250,1,0,-1 B=1248,1250,2,0,-2
mv U' code=0 aligned=1 homed=- ms=119.0 U=2123,3132,-15,2,0 R=1091,1090,-1,0,-1 F=675,674,-1,3,-7 D=3512,3509,-3,2,6 L=1249,1250,1,0,-1 B=1248,1250,2,0,-2
mv U code=0 aligned=1 homed=- ms=119.0 U=3134,2118,8,1,-4 R=1091,1090,-1,0,-1 F=675,674,-1,3,-7 D=3512,3509,-3,2,6 L=1249,1250,1,0,-1 B=1248,1250,2,0,-2
mv U' code=0 aligned=1 homed=- ms=119.0 U=2123,3132,-15,2,0 R=1091,1090,-1,0,-1 F=675,674,-1,3,-7 D=3512,3509,-3,2,6 L=1250,1250,0,0,-1 B=1248,1250,2,0,-2
mv U code=0 aligned=1 homed=- ms=119.0 U=3134,2118,8,1,-4 R=1091,1090,-1,0,-1 F=675,674,-1,3,-7 D=3512,3509,-3,2,6 L=1249,1250,1,0,-1 B=1248,1250,2,0,-2
mv U' code=0 aligned=1 homed=- ms=119.0 U=2122,3132,-14,2,0 R=1091,1090,-1,0,-1 F=675,674,-1,3,-7 D=3512,3509,-3,2,6 L=1249,1250,1,0,-1 B=1248,1250,2,0,-2
mv U code=0 aligned=1 homed=- ms=119.0 U=3134,2118,8,1,-4 R=1091,1090,-1,0,-1 F=675,674,-1,3,-7 D=3512,3509,-3,2,6 L=1249,1250,1,0,-1 B=1248,1250,2,0,-2
mv U' code=0 aligned=1 homed=- ms=119.0 U=2123,3132,-15,2,0 R=1091,1090,-1,0,-1 F=675,674,-1,3,-7 D=3511,3509,-2,2,6 L=1249,1250,1,0,-1 B=1248,1250,2,0,-2
mv U code=0 aligned=1 homed=- ms=119.0 U=3134,2119,9,1,-3 R=1091,1090,-1,0,-1 F=675,674,-1,3,-7 D=3511,3509,-2,2,6 L=1249,1250,1,0,-1 B=1248,1250,2,0,-2
mv U' code=0 aligned=1 homed=- ms=119.0 U=2123,3132,-15,2,0 R=1091,1091,0,0,0 F=675,674,-1,3,-7 D=3511,3509,-2,2,6 L=1249,1250,1,0,-1 B=1248,1250,2,0,-2
mv U code=0 aligned=1 homed=- ms=119.0 U=3134,2119,9,1,-3 R=1091,1090,-1,0,-1 F=675,674,-1,3,-7 D=3512,3509,-3,2,6 L=1249,1250,1,0,-1 B=1248,1250,2,0,-2
mv U' code=0 aligned=1 homed=- ms=119.0 U=2123,3132,-15,2,0 R=1091,1090,-1,0,-1 F=675,674,-1,3,-7 D=3511,3509,-2,2,6 L=1249,1250,1,0,-1 B=1248,1250,2,0,-2
mv U code=0 aligned=1 homed=- ms=119.0 U=3134,2119,9,1,-3 R=1091,1090,-1,0,-1 F=675,674,-1,3,-7 D=3512,3509,-3,2,6 L=1249,1250,1,0,-1 B=1248,1250,2,0,-2
mv U' code=0 aligned=1 homed=- ms=119.0 U=2123,3132,-15,2,0 R=1091,1090,-1,0,-1 F=675,674,-1,3,-7 D=3512,3509,-3,2,6 L=1249,1250,1,0,-1 B=1248,1250,2,0,-2
mv U code=0 aligned=1 homed=- ms=119.0 U=3135,2118,7,1,-4 R=1091,1090,-1,0,-1 F=675,674,-1,3,-7 D=3512,3509,-3,2,6 L=1249,1250,1,0,-1 B=1248,1250,2,0,-2
mv U' code=0 aligned=1 homed=- ms=119.0 U=2123,3132,-15,2,0 R=1091,1090,-1,0,-1 F=675,674,-1,3,-7 D=3512,3509,-3,2,6 L=1249,1250,1,0,-1 B=1248,1250,2,0,-2
mv U code=0 aligned=1 homed=- ms=119.0 U=3134,2119,9,1,-3 R=1091,1090,-1,0,-1 F=675,674,-1,3,-7 D=3512,3509,-3,2,6 L=1249,1250,1,0,-1 B=1248,1250,2,0,-2
mv U' code=0 aligned=1 homed=- ms=119.0 U=2123,3132,-15,2,0 R=1091,1090,-1,0,-1 F=675,674,-1,3,-7 D=3512,3509,-3,2,6 L=1249,1250,1,0,-1 B=1248,1250,2,0,-2
mv U code=0 aligned=1 homed=- ms=119.0 U=3134,2118,8,1,-4 R=1091,1090,-1,0,-1 F=675,674,-1,3,-7 D=3512,3510,-2,2,7 L=1249,1250,1,0,-1 B=1248,1250,2,0,-2
mv U' code=0 aligned=1 homed=- ms=119.0 U=2123,3132,-15,2,0 R=1091,1090,-1,0,-1 F=675,674,-1,3,-7 D=3512,3509,-3,2,6 L=1250,1250,0,0,-1 B=1248,1250,2,0,-2
mv U code=0 aligned=1 homed=- ms=119.0 U=3134,2119,9,1,-3 R=1091,1090,-1,0,-1 F=675,674,-1,3,-7 D=3511,3509,-2,2,6 L=1249,1250,1,0,-1 B=1248,1250,2,0,-2
mv U' code=0 aligned=1 homed=- ms=119.0 U=2122,3132,-14,2,0 R=1091,1090,-1,0,-1 F=675,674,-1,3,-7 D=3512,3509,-3,2,6 L=1249,1249,0,0,-2 B=1248,1250,2,0,-2
mv U code=0 aligned=1 homed=- ms=119.0 U=3134,2119,9,1,-3 R=1091,1090,-1,0,-1 F=675,674,-1,3,-7 D=3512,3509,-3,2,6 L=1249,1250,1,0,-1 B=1248,1250,2,0,-2
mv U' code=0 aligned=1 homed=- ms=119.0 U=2123,3132,-15,2,0 R=1091,1090,-1,0,-1 F=675,674,-1,3,-7 D=3512,3509,-3,2,6 L=1249,1250,1,0,-1 B=1248,1250,2,0,-2
mv U code=0 aligned=1 homed=- ms=119.0 U=3134,2119,9,1,-3 R=1091,1090,-1,0,-1 F=675,674,-1,3,-7 D=3512,3509,-3,2,6 L=1249,1250,1,0,-1 B=1248,1250,2,0,-2
mv U' code=0 aligned=1 homed=- ms=119.0 U=2123,3132,-15,2,0 R=1091,1090,-1,0,-1 F=675,674,-1,3,-7 D=3511,3509,-2,2,6 L=1249,1250,1,0,-1 B=1248,1250,2,0,-2
mv U code=0 aligned=1 homed=- ms=119.0 U=3134,2118,8,1,-4 R=1091,1090,-1,0,-1 F=675,674,-1,3,-7 D=3512,3509,-3,2,6 L=1249,1250,1,0,-1 B=1248,1250,2,0,-2
mv U' code=0 aligned=1 homed=- ms=119.0 U=2123,3132,-15,2,0 R=1091,1090,-1,0,-1 F=675,674,-1,3,-7 D=3511,3509,-2,2,6 L=1249,1250,1,0,-1 B=1248,1250,2,0,-2
mv U code=0 aligned=1 homed=- ms=119.0 U=3135,2119,8,1,-3 R=1091,1090,-1,0,-1 F=675,674,-1,3,-7 D=3512,3509,-3,2,6 L=1249,1250,1,0,-1 B=1248,1250,2,0,-2
mv U' code=0 aligned=1 homed=- ms=119.0 U=2123,3132,-15,2,0 R=1091,1090,-1,0,-1 F=675,674,-1,3,-7 D=3512,3509,-3,2,6 L=1249,1250,1,0,-1 B=1248,1250,2,0,-2
mv U code=0 aligned=1 homed=- ms=119.0 U=3134,2119,9,1,-3 R=1091,1090,-1,0,-1 F=675,674,-1,3,-7 D=3512,3509,-3,2,6 L=1249,1250,1,0,-1 B=1248,1250,2,0,-2
mv U' code=0 aligned=1 homed=- ms=119.0 U=2123,3132,-15,2,0 R=1091,1090,-1,0,-1 F=675,674,-1,3,-7 D=3512,3509,-3,2,6 L=1249,1250,1,0,-1 B=1248,1250,2,0,-2
mv U code=0 aligned=1 homed=- ms=119.0 U=3134,2119,9,1,-3 R=1091,1090,-1,0,-1 F=675,674,-1,3,-7 D=3512,3509,-3,2,6 L=1249,1250,1,0,-1 B=1248,1249,1,0,-3
mv U' code=0 aligned=1 homed=- ms=119.0 U=2123,3133,-14,2,1 R=1091,1090,-1,0,-1 F=675,674,-1,3,-7 D=3512,3509,-3,2,6 L=1250,1250,0,0,-1 B=1248,1250,2,0,-2
mv U code=0 aligned=1 homed=- ms=119.0 U=3134,2119,9,1,-3 R=1091,1090,-1,0,-1 F=675,674,-1,3,-7 D=3511,3509,-2,2,6 L=1249,1250,1,0,-1 B=1248,1250,2,0,-2
mv U' code=0 aligned=1 homed=- ms=119.0 U=2123,3132,-15,2,0 R=1091,1090,-1,0,-1 F=675,674,-1,3,-7 D=3512,3509,-3,2,6 L=1249,1250,1,0,-1 B=1248,1250,2,0,-2
mv U code=0 aligned=1 homed=- ms=119.0 U=3134,2119,9,1,-3 R=1091,1090,-1,0,-1 F=675,674,-1,3,-7 D=3512,3509,-3,2,6 L=1249,1250,1,0,-1 B=1248,1250,2,0,-2
mv U' code=0 aligned=1 homed=- ms=119.0 U=2123,3132,-15,2,0 R=1091,1090,-1,0,-1 F=675,674,-1,3,-7 D=3512,3509,-3,2,6 L=1249,1250,1,0,-1 B=1248,1250,2,0,-2
mv U code=0 aligned=1 homed=- ms=119.0 U=3134,2118,8,1,-4 R=1091,1090,-1,0,-1 F=675,674,-1,3,-7 D=3512,3509,-3,2,6 L=1249,1250,1,0,-1 B=1248,1250,2,0,-2
mv U' code=0 aligned=1 homed=- ms=119.0 U=2123,3132,-15,2,0 R=1091,1090,-1,0,-1 F=675,674,-1,3,-7 D=3512,3509,-3,2,6 L=1249,1250,1,0,-1 B=1248,1250,2,0,-2
mv U code=0 aligned=1 homed=- ms=119.0 U=3134,2119,9,1,-3 R=1091,1090,-1,0,-1 F=675,674,-1,3,-7 D=3512,3509,-3,2,6 L=1249,1250,1,0,-1 B=1248,1250,2,0,-2
mv U' code=0 aligned=1 homed=- ms=119.0 U=2123,3132,-15,2,0 R=1091,1090,-1,0,-1 F=675,674,-1,3,-7 D=3512,3509,-3,2,6 L=1249,1250,1,0,-1 B=1248,1250,2,0,-2
mv U code=0 aligned=1 homed=- ms=119.0 U=3134,2118,8,1,-4 R=1091,1090,-1,0,-1 F=675,674,-1,3,-7 D=3512,3509,-3,2,6 L=1249,1250,1,0,-1 B=1248,1250,2,0,-2
mv U' code=0 aligned=1 homed=- ms=119.0 U=2123,3132,-15,2,0 R=1091,1090,-1,0,-1 F=675,674,-1,3,-7 D=3512,3509,-3,2,6 L=1250,1250,0,0,-1 B=1248,1250,2,0,-2
mv U code=0 aligned=1 homed=- ms=119.0 U=3135,2118,7,1,-4 R=1091,1091,0,0,0 F=675,674,-1,3,-7 D=3511,3509,-2,2,6 L=1249,1250,1,0,-1 B=1249,1250,1,0,-2
mv U' code=0 aligned=1 homed=- ms=119.0 U=2123,3132,-15,2,0 R=1091,1090,-1,0,-1 F=675,674,-1,3,-7 D=3512,3509,-3,2,6 L=1249,1250,1,0,-1 B=1248,1250,2,0,-2
mv U code=0 aligned=1 homed=- ms=119.0 U=3134,2119,9,1,-3 R=1091,1090,-1,0,-1 F=675,674,-1,3,-7 D=3512,3509,-3,2,6 L=1249,1250,1,0,-1 B=1248,1250,2,0,-2
mv U' code=0 aligned=1 homed=- ms=119.0 U=2123,3132,-15,2,0 R=1091,1090,-1,0,-1 F=675,674,-1,3,-7 D=3512,3509,-3,2,6 L=1249,1250,1,0,-1 B=1248,1250,2,0,-2
mv U code=0 aligned=1 homed=- ms=119.0 U=3134,2119,9,1,-3 R=1091,1090,-1,0,-1 F=675,674,-1,3,-7 D=3512,3509,-3,2,6 L=1249,1250,1,0,-1 B=1248,1250,2,0,-2
mv U' code=0 aligned=1 homed=- ms=119.0 U=2123,3132,-15,2,0 R=1091,1090,-1,0,-1 F=675,674,-1,3,-7 D=3512,3509,-3,2,6 L=1249,1250,1,0,-1 B=1248,1250,2,0,-2
mv U code=0 aligned=1 homed=- ms=119.0 U=3134,2119,9,1,-3 R=1091,1090,-1,0,-1 F=675,674,-1,3,-7 D=3511,3509,-2,2,6 L=1249,1249,0,0,-2 B=1248,1250,2,0,-2
mv U' code=0 aligned=1 homed=- ms=119.0 U=2123,3132,-15,2,0 R=1091,1090,-1,0,-1 F=675,674,-1,3,-7 D=3512,3509,-3,2,6 L=1249,1250,1,0,-1 B=1248,1250,2,0,-2
mv U code=0 aligned=1 homed=- ms=119.0 U=3134,2119,9,1,-3 R=1091,1090,-1,0,-1 F=675,674,-1,3,-7 D=3512,3509,-3,2,6 L=1249,1250,1,0,-1 B=1248,1250,2,0,-2
mv U' code=0 aligned=1 homed=- ms=119.0 U=2123,3132,-15,2,0 R=1091,1090,-1,0,-1 F=675,674,-1,3,-7 D=3511,3509,-2,2,6 L=1249,1249,0,0,-2 B=1248,1250,2,0,-2
mv U code=0 aligned=1 homed=- ms=119.0 U=3134,2119,9,1,-3 R=1091,1090,-1,0,-1 F=675,674,-1,3,-7 D=3512,3509,-3,2,6 L=1249,1250,1,0,-1 B=1248,1250,2,0,-2
mv U' code=0 aligned=1 homed=- ms=119.0 U=2123,3132,-15,2,0 R=1091,1090,-1,0,-1 F=675,674,-1,3,-7 D=3511,3509,-2,2,6 L=1250,1250,0,0,-1 B=1248,1250,2,0,-2
mv U code=0 aligned=1 homed=- ms=119.0 U=3134,2119,9,1,-3 R=1091,1090,-1,0,-1 F=675,674,-1,3,-7 D=3512,3509,-3,2,6 L=1249,1249,0,0,-2 B=1248,1250,2,0,-2
mv U' code=0 aligned=1 homed=- ms=119.0 U=2123,3132,-15,2,0 R=1091,1090,-1,0,-1 F=675,674,-1,3,-7 D=3512,3510,-2,2,7 L=1249,1250,1,0,-1 B=1248,1250,2,0,-2
mv U code=0 aligned=1 homed=- ms=119.0 U=3134,2119,9,1,-3 R=1091,1090,-1,0,-1 F=675,674,-1,3,-7 D=3512,3510,-2,2,7 L=1249,1250,1,0,-1 B=1248,1250,2,0,-2
mv U' code=0 aligned=1 homed=- ms=119.0 U=2123,3132,-15,2,0 R=1091,1090,-1,0,-1 F=675,674,-1,3,-7 D=3512,3509,-3,2,6 L=1249,1250,1,0,-1 B=1248,1250,2,0,-2
mv U code=0 aligned=1 homed=- ms=119.0 U=3134,2119,9,1,-3 R=1091,1091,0,0,0 F=675,674,-1,3,-7 D=3512,3509,-3,2,6 L=1249,1249,0,0,-2 B=1248,1250,2,0,-2
mv U' code=0 aligned=1 homed=- ms=119.0 U=2122,3132,-14,2,0 R=1091,1090,-1,0,-1 F=675,674,-1,3,-7 D=3512,3509,-3,2,6 L=1250,1250,0,0,-1 B=1248,1250,2,0,-2
mv U code=0 aligned=1 homed=- ms=119.0 U=3134,2118,8,1,-4 R=1091,1090,-1,0,-1 F=675,674,-1,3,-7 D=3512,3509,-3,2,6 L=1249,1249,0,0,-2 B=1248,1250,2,0,-2
mv U' code=0 aligned=1 homed=- ms=119.0 U=2123,3131,-16,2,-1 R=1091,1090,-1,0,-1 F=675,674,-1,3,-7 D=3512,3509,-3,2,6 L=1249,1249,0,0,-2 B=1248,1250,2,0,-2
mv U code=0 aligned=1 homed=- ms=119.0 U=3134,2119,9,1,-3 R=1091,1090,-1,0,-1 F=675,674,-1,3,-7 D=3512,3509,-3,2,6 L=1249,1250,1,0,-1 B=1248,1250,2,0,-2
mv U' code=0 aligned=1 homed=- ms=119.0 U=2123,3132,-15,2,0 R=1091,1090,-1,0,-1 F=675,674,-1,3,-7 D=3511,3509,-2,2,6 L=1249,1250,1,0,-1 B=1248,1250,2,0,-2
mv U code=0 aligned=1 homed=- ms=119.0 U=3134,2119,9,1,-3 R=1091,1090,-1,0,-1 F=675,674,-1,3,-7 D=3512,3509,-3,2,6 L=1249,1250,1,0,-1 B=1248,1250,2,0,-2
mv U' code=0 aligned=1 homed=- ms=119.0 U=2123,3132,-15,2,0 R=1091,1090,-1,0,-1 F=675,674,-1,3,-7 D=3512,3509,-3,2,6 L=1249,1250,1,0,-1 B=1248,1250,2,0,-2
mv U code=0 aligned=1 homed=- ms=119.0 U=3135,2119,8,1,-3 R=1091,1090,-1,0,-1 F=675,674,-1,3,-7 D=3512,3509,-3,2,6 L=1249,1250,1,0,-1 B=1248,1250,2,0,-2
mv U' code=0 aligned=1 homed=- ms=119.0 U=2123,3132,-15,2,0 R=1091,1090,-1,0,-1 F=675,674,-1,3,-7 D=3512,3510,-2,2,7 L=1250,1250,0,0,-1 B=1248,1250,2,0,-2
mv U code=0 aligned=1 homed=- ms=119.0 U=3134,2118,8,1,-4 R=1091,1091,0,0,0 F=675,674,-1,3,-7 D=3512,3509,-3,2,6 L=1249,1250,1,0,-1 B=1248,1250,2,0,-2
mv U' code=0 aligned=1 homed=- ms=119.0 U=2123,3132,-15,2,0 R=1091,1090,-1,0,-1 F=675,674,-1,3,-7 D=3511,3510,-1,2,7 L=1249,1249,0,0,-2 B=1248,1250,2,0,-2
mv U code=0 aligned=1 homed=- ms=119.0 U=3134,2119,9,1,-3 R=1091,1090,-1,0,-1 F=675,674,-1,3,-7 D=3512,3509,-3,2,6 L=1249,1250,1,0,-1 B=1248,1250,2,0,-2
mv U' code=0 aligned=1 homed=- ms=119.0 U=2123,3131,-16,2,-1 R=1091,1090,-1,0,-1 F=675,674,-1,3,-7 D=3512,3509,-3,2,6 L=1249,1250,1,0,-1 B=1248,1250,2,0,-2
mv U code=0 aligned=1 homed=- ms=119.0 U=3134,2119,9,1,-3 R=1091,1090,-1,0,-1 F=675,674,-1,3,-7 D=3512,3509,-3,2,6 L=1249,1250,1,0,-1 B=1248,1250,2,0,-2
mv U' code=0 aligned=1 homed=- ms=119.0 U=2123,3132,-15,2,0 R=1091,1090,-1,0,-1 F=675,673,-2,3,-8 D=3512,3509,-3,2,6 L=1249,1250,1,0,-1 B=1248,1250,2,0,-2
mv U code=0 aligned=1 homed=- ms=119.0 U=3134,2119,9,1,-3 R=1091,1090,-1,0,-1 F=675,674,-1,3,-7 D=3512,3509,-3,2,6 L=1249,1249,0,0,-2 B=1248,1250,2,0,-2
mv U' code=0 aligned=1 homed=- ms=119.0 U=2123,3132,-15,2,0 R=1091,1090,-1,0,-1 F=675,674,-1,3,-7 D=3512,3509,-3,2,6 L=1249,1250,1,0,-1 B=1248,1250,2,0,-2
rep moves=200 notaligned=1 homings=1 failures=0 avgms=119.0
res U=200,-3.1,12.6,46 R=- F=- D=- L=- B=-
ok
> home
[align] motor 0 err=2 counts (0.2 steps)
[align] motor 1 err=0 counts (0.0 steps)
[align] motor 2 err=-7 counts (-0.7 steps)
[align] motor 3 err=7 counts (0.7 steps)
[align] motor 4 err=-3 counts (-0.3 steps)
[align] motor 5 err=-6 counts (-0.6 steps)
home code=0 ms=6 en=0
enc U=3132 R=1090 F=674 D=3512 L=1249 B=1250 RING=2768
near U=2:0 R=0:-1 F=3:-7 D=2:9 L=0:-2 B=0:-2
ok
> enc
enc U=3134 R=1091 F=674 D=3513 L=1249 B=1249 RING=2768
near U=2:2 R=0:0 F=3:-7 D=2:10 L=0:-2 B=0:-3
ok
> rep 50 U U U U
mv U code=0 aligned=1 homed=- ms=119.0 U=3135,2119,8,1,-3 R=1091,1090,-1,0,-1 F=675,674,-1,3,-7 D=3514,3509,-5,2,6 L=1249,1250,1,0,-1 B=1249,1250,1,0,-2
mv U code=0 aligned=1 homed=- ms=119.0 U=2123,1098,-1,0,-4 R=1091,1090,-1,0,-1 F=675,674,-1,3,-7 D=3511,3509,-2,2,6 L=1250,1250,0,0,-1 B=1248,1249,1,0,-3
mv U code=0 aligned=1 homed=- ms=119.0 U=1102,60,-18,3,-4 R=1091,1090,-1,0,-1 F=675,674,-1,3,-7 D=3512,3509,-3,2,6 L=1250,1250,0,0,-1 B=1248,1250,2,0,-2
mv U code=0 aligned=1 homed=- ms=119.0 U=63,3131,-4,2,-1 R=1091,1090,-1,0,-1 F=675,674,-1,3,-7 D=3512,3509,-3,2,6 L=1249,1250,1,0,-1 B=1248,1250,2,0,-2
mv U code=0 aligned=1 homed=- ms=119.0 U=3135,2119,8,1,-3 R=1091,1091,0,0,0 F=675,674,-1,3,-7 D=3512,3509,-3,2,6 L=1249,1250,1,0,-1 B=1248,1250,2,0,-2
mv U code=0 aligned=1 homed=- ms=119.0 U=2123,1098,-1,0,-4 R=1090,1090,0,0,-1 F=675,674,-1,3,-7 D=3512,3509,-3,2,6 L=1250,1250,0,0,-1 B=1248,1250,2,0,-2
mv U code=0 aligned=1 homed=- ms=119.0 U=1102,60,-18,3,-4 R=1091,1090,-1,0,-1 F=675,674,-1,3,-7 D=3512,3509,-3,2,6 L=1249,1250,1,0,-1 B=1248,1249,1,0,-3
mv U code=0 aligned=1 homed=- ms=119.0 U=64,3131,-5,2,-1 R=1091,1090,-1,0,-1 F=675,674,-1,3,-7 D=3512,3509,-3,2,6 L=1249,1250,1,0,-1 B=1248,1250,2,0,-2
mv U code=0 aligned=1 homed=- ms=119.0 U=3135,2118,7,1,-4 R=1091,1090,-1,0,-1 F=675,674,-1,3,-7 D=3511,3509,-2,2,6 L=1249,1250,1,0,-1 B=1248,1250,2,0,-2
mv U code=0 aligned=1 homed=- ms=119.0 U=2123,1099,0,0,-3 R=1091,1091,0,0,0 F=675,674,-1,3,-7 D=3512,3509,-3,2,6 L=1249,1250,1,0,-1 B=1248,1250,2,0,-2
mv U code=0 aligned=1 homed=- ms=119.0 U=1102,60,-18,3,-4 R=1091,1090,-1,0,-1 F=675,674,-1,3,-7 D=3511,3509,-2,2,6 L=1250,1250,0,0,-1 B=1248,1250,2,0,-2
mv U code=0 aligned=1 homed=- ms=119.0 U=64,3131,-5,2,-1 R=1091,1090,-1,0,-1 F=675,674,-1,3,-7 D=3512,3509,-3,2,6 L=1250,1250,0,0,-1 B=1248,1250,2,0,-2
mv U code=0 aligned=1 homed=- ms=119.0 U=3135,2119,8,1,-3 R=1091,1091,0,0,0 F=675,674,-1,3,-7 D=3512,3509,-3,2,6 L=1250,1249,-1,0,-2 B=1248,1250,2,0,-2
mv U code=0 aligned=1 homed=- ms=119.0 U=2123,1099,0,0,-3 R=1091,1090,-1,0,-1 F=675,674,-1,3,-7 D=3512,3509,-3,2,6 L=1249,1250,1,0,-1 B=1248,1250,2,0,-2
mv U code=0 aligned=1 homed=- ms=119.0 U=1102,60,-18,3,-4 R=1091,1091,0,0,0 F=675,674,-1,3,-7 D=3512,3510,-2,2,7 L=1249,1249,0,0,-2 B=1248,1250,2,0,-2
mv U code=0 aligned=1 homed=- ms=119.0 U=64,3131,-5,2,-1 R=1091,1090,-1,0,-1 F=675,674,-1,3,-7 D=3512,3509,-3,2,6 L=1249,1250,1,0,-1 B=1248,1250,2,0,-2
mv U code=0 aligned=1 homed=- ms=119.0 U=3134,2118,8,1,-4 R=1091,1090,-1,0,-1 F=675,674,-1,3,-7 D=3512,3509,-3,2,6 L=1249,1250,1,0,-1 B=1248,1250,2,0,-2
mv U code=0 aligned=1 homed=- ms=119.0 U=2122,1099,1,0,-3 R=1091,1090,-1,0,-1 F=675,674,-1,3,-7 D=3512,3509,-3,2,6 L=1249,1250,1,0,-1 B=1248,1250,2,0,-2
mv U code=0 aligned=1 homed=- ms=119.0 U=1102,60,-18,3,-4 R=1091,1090,-1,0,-1 F=675,674,-1,3,-7 D=3512,3509,-3,2,6 L=1249,1250,1,0,-1 B=1248,1249,1,0,-3
mv U code=0 aligned=1 homed=- ms=119.0 U=64,3131,-5,2,-1 R=1091,1090,-1,0,-1 F=675,674,-1,3,-7 D=3512,3509,-3,2,6 L=1249,1250,1,0,-1 B=1248,1250,2,0,-2
mv U code=0 aligned=1 homed=- ms=119.0 U=3135,2119,8,1,-3 R=1091,1090,-1,0,-1 F=675,674,-1,3,-7 D=3512,3509,-3,2,6 L=1249,1250,1,0,-1 B=1248,1250,2,0,-2
mv U code=0 aligned=1 homed=- ms=119.0 U=2123,1099,0,0,-3 R=1091,1090,-1,0,-1 F=675,674,-1,3,-7 D=3512,3509,-3,2,6 L=1249,1250,1,0,-1 B=1248,1250,2,0,-2
mv U code=0 aligned=1 homed=- ms=119.0 U=1102,60,-18,3,-4 R=1091,1090,-1,0,-1 F=675,674,-1,3,-7 D=3512,3509,-3,2,6 L=1249,1250,1,0,-1 B=1248,1250,2,0,-2
mv U code=0 aligned=1 homed=- ms=119.0 U=65,3131,-6,2,-1 R=1091,1090,-1,0,-1 F=675,674,-1,3,-7 D=3512,3509,-3,2,6 L=1250,1250,0,0,-1 B=1248,1250,2,0,-2
mv U code=0 aligned=1 homed=- ms=119.0 U=3135,2119,8,1,-3 R=1091,1090,-1,0,-1 F=675,674,-1,3,-7 D=3512,3509,-3,2,6 L=1249,1250,1,0,-1 B=1248,1250,2,0,-2
mv U code=0 aligned=1 homed=- ms=119.0 U=2123,1099,0,0,-3 R=1091,1090,-1,0,-1 F=675,674,-1,3,-7 D=3512,3509,-3,2,6 L=1249,1250,1,0,-1 B=1248,1250,2,0,-2
mv U code=0 aligned=1 homed=- ms=119.0 U=1102,60,-18,3,-4 R=1091,1090,-1,0,-1 F=675,674,-1,3,-7 D=3512,3509,-3,2,6 L=1249,1250,1,0,-1 B=1248,1250,2,0,-2
mv U code=0 aligned=1 homed=- ms=119.0 U=64,3131,-5,2,-1 R=1091,1090,-1,0,-1 F=675,674,-1,3,-7 D=3512,3509,-3,2,6 L=1249,1250,1,0,-1 B=1248,1250,2,0,-2
mv U code=0 aligned=1 homed=- ms=119.0 U=3135,2119,8,1,-3 R=1091,1090,-1,0,-1 F=675,674,-1,3,-7 D=3512,3509,-3,2,6 L=1249,1250,1,0,-1 B=1248,1250,2,0,-2
mv U code=0 aligned=1 homed=- ms=119.0 U=2123,1099,0,0,-3 R=1091,1090,-1,0,-1 F=675,674,-1,3,-7 D=3512,3509,-3,2,6 L=1249,1250,1,0,-1 B=1248,1249,1,0,-3
mv U code=0 aligned=1 homed=- ms=119.0 U=1102,60,-18,3,-4 R=1091,1090,-1,0,-1 F=675,674,-1,3,-7 D=3512,3509,-3,2,6 L=1250,1250,0,0,-1 B=1248,1250,2,0,-2
mv U code=0 aligned=1 homed=- ms=119.0 U=64,3131,-5,2,-1 R=1091,1090,-1,0,-1 F=675,674,-1,3,-7 D=3512,3509,-3,2,6 L=1249,1250,1,0,-1 B=1248,1250,2,0,-2
mv U code=0 aligned=1 homed=- ms=119.0 U=3135,2119,8,1,-3 R=1091,1090,-1,0,-1 F=675,674,-1,3,-7 D=3511,3509,-2,2,6 L=1250,1250,0,0,-1 B=1248,1250,2,0,-2
mv U code=0 aligned=1 homed=- ms=119.0 U=2123,1099,0,0,-3 R=1091,1090,-1,0,-1 F=675,674,-1,3,-7 D=3512,3509,-3,2,6 L=1250,1250,0,0,-1 B=1248,1250,2,0,-2
mv U code=0 aligned=1 homed=- ms=119.0 U=1102,60,-18,3,-4 R=1091,1090,-1,0,-1 F=675,674,-1,3,-7 D=3512,3509,-3,2,6 L=1249,1250,1,0,-1 B=1248,1250,2,0,-2
mv U code=0 aligned=1 homed=- ms=119.0 U=64,3131,-5,2,-1 R=1091,1090,-1,0,-1 F=675,674,-1,3,-7 D=3512,3509,-3,2,6 L=1250,1250,0,0,-1 B=1248,1250,2,0,-2
mv U code=0 aligned=1 homed=- ms=119.0 U=3136,2119,7,1,-3 R=1091,1090,-1,0,-1 F=675,674,-1,3,-7 D=3512,3509,-3,2,6 L=1249,1250,1,0,-1 B=1248,1249,1,0,-3
mv U code=0 aligned=1 homed=- ms=119.0 U=2123,1099,0,0,-3 R=1091,1090,-1,0,-1 F=675,674,-1,3,-7 D=3512,3509,-3,2,6 L=1249,1250,1,0,-1 B=1248,1250,2,0,-2
mv U code=0 aligned=1 homed=- ms=119.0 U=1102,60,-18,3,-4 R=1091,1090,-1,0,-1 F=675,674,-1,3,-7 D=3512,3509,-3,2,6 L=1249,1250,1,0,-1 B=1248,1250,2,0,-2
mv U code=0 aligned=1 homed=- ms=119.0 U=65,3131,-6,2,-1 R=1091,1090,-1,0,-1 F=675,674,-1,3,-7 D=3512,3509,-3,2,6 L=1250,1250,0,0,-1 B=1248,1250,2,0,-2
mv U code=0 aligned=1 homed=- ms=119.0 U=3135,2119,8,1,-3 R=1091,1090,-1,0,-1 F=675,674,-1,3,-7 D=3512,3509,-3,2,6 L=1249,1250,1,0,-1 B=1248,1250,2,0,-2
mv U code=0 aligned=1 homed=- ms=119.0 U=2123,1099,0,0,-3 R=1091,1090,-1,0,-1 F=675,674,-1,3,-7 D=3512,3509,-3,2,6 L=1250,1250,0,0,-1 B=1248,1250,2,0,-2
mv U code=0 aligned=1 homed=- ms=119.0 U=1103,60,-19,3,-4 R=1091,1090,-1,0,-1 F=675,674,-1,3,-7 D=3512,3509,-3,2,6 L=1249,1250,1,0,-1 B=1248,1250,2,0,-2
mv U code=0 aligned=1 homed=- ms=119.0 U=65,3131,-6,2,-1 R=1091,1090,-1,0,-1 F=675,674,-1,3,-7 D=3512,3509,-3,2,6 L=1250,1250,0,0,-1 B=1248,1250,2,0,-2
mv U code=0 aligned=1 homed=- ms=119.0 U=3135,2118,7,1,-4 R=1091,1090,-1,0,-1 F=675,674,-1,3,-7 D=3512,3509,-3,2,6 L=1249,1250,1,0,-1 B=1248,1250,2,0,-2
mv U code=0 aligned=1 homed=- ms=119.0 U=2123,1099,0,0,-3 R=1091,1090,-1,0,-1 F=675,674,-1,3,-7 D=3512,3509,-3,2,6 L=1249,1250,1,0,-1 B=1248,1250,2,0,-2
mv U code=0 aligned=1 homed=- ms=119.0 U=1103,60,-19,3,-4 R=1091,1090,-1,0,-1 F=675,674,-1,3,-7 D=3512,3509,-3,2,6 L=1249,1249,0,0,-2 B=1248,1250,2,0,-2
mv U code=0 aligned=1 homed=- ms=119.0 U=65,3131,-6,2,-1 R=1091,1090,-1,0,-1 F=675,674,-1,3,-7 D=3512,3509,-3,2,6 L=1249,1250,1,0,-1 B=1248,1250,2,0,-2
mv U code=0 aligned=1 homed=- ms=119.0 U=3135,2119,8,1,-3 R=1091,1090,-1,0,-1 F=675,674,-1,3,-7 D=3512,3509,-3,2,6 L=1249,1250,1,0,-1 B=1248,1250,2,0,-2
mv U code=0 aligned=1 homed=- ms=119.0 U=2123,1099,0,0,-3 R=1091,1090,-1,0,-1 F=675,674,-1,3,-7 D=3512,3509,-3,2,6 L=1249,1249,0,0,-2 B=1248,1250,2,0,-2
mv U code=0 aligned=1 homed=- ms=119.0 U=1102,60,-18,3,-4 R=1091,1090,-1,0,-1 F=675,674,-1,3,-7 D=3511,3509,-2,2,6 L=1250,1250,0,0,-1 B=1248,1250,2,0,-2
mv U code=0 aligned=1 homed=- ms=119.0 U=64,3131,-5,2,-1 R=1091,1090,-1,0,-1 F=675,674,-1,3,-7 D=3512,3509,-3,2,6 L=1249,1250,1,0,-1 B=1248,1250,2,0,-2
mv U code=0 aligned=1 homed=- ms=119.0 U=3135,2119,8,1,-3 R=1091,1090,-1,0,-1 F=675,674,-1,3,-7 D=3512,3510,-2,2,7 L=1249,1250,1,0,-1 B=1248,1250,2,0,-2
mv U code=0 aligned=1 homed=- ms=119.0 U=2123,1099,0,0,-3 R=1091,1090,-1,0,-1 F=675,674,-1,3,-7 D=3512,3509,-3,2,6 L=1249,1250,1,0,-1 B=1248,1250,2,0,-2
mv U code=0 aligned=1 homed=- ms=119.0 U=1103,60,-19,3,-4 R=1091,1090,-1,0,-1 F=675,674,-1,3,-7 D=3512,3509,-3,2,6 L=1249,1250,1,0,-1 B=1248,1250,2,0,-2
mv U code=0 aligned=1 homed=- ms=119.0 U=64,3131,-5,2,-1 R=1091,1090,-1,0,-1 F=675,674,-1,3,-7 D=3512,3509,-3,2,6 L=1249,1250,1,0,-1 B=1248,1250,2,0,-2
mv U code=0 aligned=1 homed=- ms=119.0 U=3135,2119,8,1,-3 R=1091,1090,-1,0,-1 F=675,674,-1,3,-7 D=3512,3510,-2,2,7 L=1249,1250,1,0,-1 B=1248,1250,2,0,-2
mv U code=0 aligned=1 homed=- ms=119.0 U=2123,1099,0,0,-3 R=1091,1090,-1,0,-1 F=675,674,-1,3,-7 D=3512,3510,-2,2,7 L=1250,1250,0,0,-1 B=1248,1250,2,0,-2
mv U code=0 aligned=1 homed=- ms=119.0 U=1103,60,-19,3,-4 R=1091,1090,-1,0,-1 F=675,674,-1,3,-7 D=3512,3509,-3,2,6 L=1249,1250,1,0,-1 B=1248,1250,2,0,-2
mv U code=0 aligned=1 homed=- ms=119.0 U=65,3131,-6,2,-1 R=1091,1090,-1,0,-1 F=675,674,-1,3,-7 D=3512,3509,-3,2,6 L=1249,1250,1,0,-1 B=1248,1250,2,0,-2
mv U code=0 aligned=1 homed=- ms=119.0 U=3135,2119,8,1,-3 R=1091,1090,-1,0,-1 F=675,674,-1,3,-7 D=3512,3509,-3,2,6 L=1249,1250,1,0,-1 B=1248,1250,2,0,-2
mv U code=0 aligned=1 homed=- ms=119.0 U=2123,1099,0,0,-3 R=1091,1091,0,0,0 F=675,674,-1,3,-7 D=3512,3509,-3,2,6 L=1250,1250,0,0,-1 B=1248,1250,2,0,-2
mv U code=0 aligned=1 homed=- ms=119.0 U=1102,60,-18,3,-4 R=1091,1090,-1,0,-1 F=675,674,-1,3,-7 D=3512,3509,-3,2,6 L=1249,1250,1,0,-1 B=1248,1250,2,0,-2
mv U code=0 aligned=1 homed=- ms=119.0 U=65,3131,-6,2,-1 R=1091,1090,-1,0,-1 F=675,674,-1,3,-7 D=3512,3509,-3,2,6 L=1249,1250,1,0,-1 B=1248,1250,2,0,-2
mv U code=0 aligned=1 homed=- ms=119.0 U=3135,2119,8,1,-3 R=1091,1090,-1,0,-1 F=675,674,-1,3,-7 D=3512,3510,-2,2,7 L=1249,1249,0,0,-2 B=1248,1250,2,0,-2
mv U code=0 aligned=1 homed=- ms=119.0 U=2123,1099,0,0,-3 R=1091,1090,-1,0,-1 F=675,674,-1,3,-7 D=3512,3509,-3,2,6 L=1249,1249,0,0,-2 B=1248,1250,2,0,-2
mv U code=0 aligned=1 homed=- ms=119.0 U=1103,60,-19,3,-4 R=1091,1090,-1,0,-1 F=675,674,-1,3,-7 D=3512,3509,-3,2,6 L=1249,1250,1,0,-1 B=1248,1250,2,0,-2
mv U code=0 aligned=1 homed=- ms=119.0 U=65,3131,-6,2,-1 R=1091,1090,-1,0,-1 F=675,674,-1,3,-7 D=3512,3510,-2,2,7 L=1249,1250,1,0,-1 B=1248,1250,2,0,-2
mv U code=0 aligned=1 homed=- ms=119.0 U=3135,2119,8,1,-3 R=1091,1090,-1,0,-1 F=675,674,-1,3,-7 D=3512,3509,-3,2,6 L=1249,1250,1,0,-1 B=1248,1250,2,0,-2
mv U code=0 aligned=1 homed=- ms=119.0 U=2123,1099,0,0,-3 R=1091,1090,-1,0,-1 F=675,674,-1,3,-7 D=3512,3509,-3,2,6 L=1250,1250,0,0,-1 B=1248,1250,2,0,-2
mv U code=0 aligned=1 homed=- ms=119.0 U=1103,60,-19,3,-4 R=1091,1090,-1,0,-1 F=675,674,-1,3,-7 D=3512,3509,-3,2,6 L=1249,1250,1,0,-1 B=1248,1250,2,0,-2
mv U code=0 aligned=1 homed=- ms=119.0 U=64,3131,-5,2,-1 R=1091,1090,-1,0,-1 F=675,673,-2,3,-8 D=3512,3509,-3,2,6 L=1249,1250,1,0,-1 B=1248,1250,2,0,-2
mv U code=0 aligned=1 homed=- ms=119.0 U=3135,2119,8,1,-3 R=1091,1090,-1,0,-1 F=675,673,-2,3,-8 D=3512,3509,-3,2,6 L=1249,1250,1,0,-1 B=1248,1250,2,0,-2
mv U code=0 aligned=1 homed=- ms=119.0 U=2123,1099,0,0,-3 R=1091,1090,-1,0,-1 F=675,674,-1,3,-7 D=3511,3509,-2,2,6 L=1250,1250,0,0,-1 B=1248,1250,2,0,-2
mv U code=0 aligned=1 homed=- ms=119.0 U=1103,60,-19,3,-4 R=1091,1091,0,0,0 F=675,674,-1,3,-7 D=3512,3509,-3,2,6 L=1249,1250,1,0,-1 B=1248,1250,2,0,-2
mv U code=0 aligned=1 homed=- ms=119.0 U=64,3131,-5,2,-1 R=1091,1090,-1,0,-1 F=675,674,-1,3,-7 D=3512,3509,-3,2,6 L=1249,1250,1,0,-1 B=1248,1250,2,0,-2
mv U code=0 aligned=1 homed=- ms=119.0 U=3135,2119,8,1,-3 R=1091,1090,-1,0,-1 F=675,674,-1,3,-7 D=3512,3509,-3,2,6 L=1249,1250,1,0,-1 B=1248,1250,2,0,-2
mv U code=0 aligned=1 homed=- ms=119.0 U=2123,1099,0,0,-3 R=1091,1090,-1,0,-1 F=675,674,-1,3,-7 D=3512,3509,-3,2,6 L=1249,1250,1,0,-1 B=1248,1250,2,0,-2
mv U code=0 aligned=1 homed=- ms=119.0 U=1103,60,-19,3,-4 R=1091,1090,-1,0,-1 F=675,674,-1,3,-7 D=3512,3509,-3,2,6 L=1249,1250,1,0,-1 B=1248,1250,2,0,-2
mv U code=0 aligned=1 homed=- ms=119.0 U=64,3131,-5,2,-1 R=1091,1090,-1,0,-1 F=675,674,-1,3,-7 D=3511,3509,-2,2,6 L=1249,1250,1,0,-1 B=1248,1250,2,0,-2
mv U code=0 aligned=1 homed=- ms=119.0 U=3135,2119,8,1,-3 R=1091,1090,-1,0,-1 F=675,674,-1,3,-7 D=3512,3509,-3,2,6 L=1249,1250,1,0,-1 B=1248,1250,2,0,-2
mv U code=0 aligned=1 homed=- ms=119.0 U=2123,1099,0,0,-3 R=1091,1090,-1,0,-1 F=675,674,-1,3,-7 D=3512,3509,-3,2,6 L=1249,1249,0,0,-2 B=1248,1250,2,0,-2
mv U code=0 aligned=1 homed=- ms=119.0 U=1103,60,-19,3,-4 R=1091,1090,-1,0,-1 F=675,674,-1,3,-7 D=3512,3509,-3,2,6 L=1250,1250,0,0,-1 B=1248,1250,2,0,-2
mv U code=0 aligned=1 homed=- ms=119.0 U=65,3131,-6,2,-1 R=1091,1090,-1,0,-1 F=675,674,-1,3,-7 D=3512,3509,-3,2,6 L=1249,1250,1,0,-1 B=1248,1250,2,0,-2
mv U code=0 aligned=1 homed=- ms=119.0 U=3135,2119,8,1,-3 R=1091,1090,-1,0,-1 F=675,674,-1,3,-7 D=3512,3509,-3,2,6 L=1249,1250,1,0,-1 B=1248,1250,2,0,-2
mv U code=0 aligned=1 homed=- ms=119.0 U=2123,1099,0,0,-3 R=1091,1091,0,0,0 F=675,674,-1,3,-7 D=3511,3509,-2,2,6 L=1250,1250,0,0,-1 B=1248,1250,2,0,-2
mv U code=0 aligned=1 homed=- ms=119.0 U=1103,60,-19,3,-4 R=1091,1090,-1,0,-1 F=675,674,-1,3,-7 D=3512,3509,-3,2,6 L=1250,1250,0,0,-1 B=1248,1250,2,0,-2
mv U code=0 aligned=1 homed=- ms=119.0 U=64,3132,-4,2,0 R=1091,1090,-1,0,-1 F=675,674,-1,3,-7 D=3512,3509,-3,2,6 L=1250,1250,0,0,-1 B=1248,1250,2,0,-2
mv U code=0 aligned=1 homed=- ms=119.0 U=3135,2119,8,1,-3 R=1091,1090,-1,0,-1 F=675,674,-1,3,-7 D=3512,3509,-3,2,6 L=1249,1250,1,0,-1 B=1248,1250,2,0,-2
mv U code=0 aligned=1 homed=- ms=119.0 U=2123,1099,0,0,-3 R=1091,1090,-1,0,-1 F=675,674,-1,3,-7 D=3512,3509,-3,2,6 L=1249,1250,1,0,-1 B=1248,1250,2,0,-2
mv U code=0 aligned=1 homed=- ms=119.0 U=1102,60,-18,3,-4 R=1091,1090,-1,0,-1 F=675,674,-1,3,-7 D=3512,3509,-3,2,6 L=1249,1250,1,0,-1 B=1248,1250,2,0,-2
mv U code=0 aligned=1 homed=- ms=119.0 U=65,3131,-6,2,-1 R=1091,1090,-1,0,-1 F=675,674,-1,3,-7 D=3512,3509,-3,2,6 L=1249,1250,1,0,-1 B=1248,1250,2,0,-2
mv U code=0 aligned=1 homed=- ms=119.0 U=3135,2119,8,1,-3 R=1091,1090,-1,0,-1 F=675,674,-1,3,-7 D=3512,3509,-3,2,6 L=1249,1250,1,0,-1 B=1248,1250,2,0,-2
mv U code=0 aligned=1 homed=- ms=119.0 U=2123,1099,0,0,-3 R=1091,1090,-1,0,-1 F=675,674,-1,3,-7 D=3512,3509,-3,2,6 L=1249,1250,1,0,-1 B=1248,1250,2,0,-2
mv U code=0 aligned=1 homed=- ms=119.0 U=1102,60,-18,3,-4 R=1091,1090,-1,0,-1 F=675,674,-1,3,-7 D=3511,3509,-2,2,6 L=1249,1250,1,0,-1 B=1248,1250,2,0,-2
mv U code=0 aligned=1 homed=- ms=119.0 U=64,3131,-5,2,-1 R=1091,1090,-1,0,-1 F=675,674,-1,3,-7 D=3512,3509,-3,2,6 L=1249,1250,1,0,-1 B=1248,1250,2,0,-2
mv U code=0 aligned=1 homed=- ms=119.0 U=3135,2118,7,1,-4 R=1091,1090,-1,0,-1 F=675,674,-1,3,-7 D=3512,3509,-3,2,6 L=1250,1250,0,0,-1 B=1248,1250,2,0,-2
mv U code=0 aligned=1 homed=- ms=119.0 U=2123,1099,0,0,-3 R=1091,1090,-1,0,-1 F=675,673,-2,3,-8 D=3512,3509,-3,2,6 L=1249,1250,1,0,-1 B=1248,1250,2,0,-2
mv U code=0 aligned=1 homed=- ms=119.0 U=1102,60,-18,3,-4 R=1091,1090,-1,0,-1 F=675,674,-1,3,-7 D=3512,3509,-3,2,6 L=1250,1250,0,0,-1 B=1248,1250,2,0,-2
mv U code=0 aligned=1 homed=- ms=119.0 U=64,3131,-5,2,-1 R=1091,1090,-1,0,-1 F=675,674,-1,3,-7 D=3512,3509,-3,2,6 L=1249,1250,1,0,-1 B=1248,1250,2,0,-2
mv U code=0 aligned=1 homed=- ms=119.0 U=3135,2119,8,1,-3 R=1091,1090,-1,0,-1 F=675,674,-1,3,-7 D=3512,3509,-3,2,6 L=1249,1250,1,0,-1 B=1248,1250,2,0,-2
mv U code=0 aligned=1 homed=- ms=119.0 U=2123,1099,0,0,-3 R=1091,1090,-1,0,-1 F=675,674,-1,3,-7 D=3512,3509,-3,2,6 L=1249,1250,1,0,-1 B=1248,1250,2,0,-2
mv U code=0 aligned=1 homed=- ms=119.0 U=1103,60,-19,3,-4 R=1091,1090,-1,0,-1 F=675,674,-1,3,-7 D=3512,3509,-3,2,6 L=1249,1250,1,0,-1 B=1248,1250,2,0,-2
mv U code=0 aligned=1 homed=- ms=119.0 U=64,3131,-5,2,-1 R=1091,1091,0,0,0 F=675,674,-1,3,-7 D=3511,3509,-2,2,6 L=1249,1250,1,0,-1 B=1248,1250,2,0,-2
mv U code=0 aligned=1 homed=- ms=119.0 U=3135,2119,8,1,-3 R=1091,1090,-1,0,-1 F=675,674,-1,3,-7 D=3512,3509,-3,2,6 L=1250,1250,0,0,-1 B=1248,1250,2,0,-2
mv U code=0 aligned=1 homed=- ms=119.0 U=2123,1099,0,0,-3 R=1091,1090,-1,0,-1 F=675,674,-1,3,-7 D=3512,3509,-3,2,6 L=1250,1250,0,0,-1 B=1248,1250,2,0,-2
mv U code=0 aligned=1 homed=- ms=119.0 U=1102,60,-18,3,-4 R=1091,1090,-1,0,-1 F=675,674,-1,3,-7 D=3512,3509,-3,2,6 L=1249,1250,1,0,-1 B=1248,1250,2,0,-2
mv U code=0 aligned=1 homed=- ms=119.0 U=65,3131,-6,2,-1 R=1091,1090,-1,0,-1 F=675,674,-1,3,-7 D=3512,3509,-3,2,6 L=1250,1250,0,0,-1 B=1248,1250,2,0,-2
mv U code=0 aligned=1 homed=- ms=119.0 U=3135,2119,8,1,-3 R=1091,1090,-1,0,-1 F=675,674,-1,3,-7 D=3512,3509,-3,2,6 L=1249,1250,1,0,-1 B=1248,1250,2,0,-2
mv U code=0 aligned=1 homed=- ms=119.0 U=2123,1098,-1,0,-4 R=1091,1090,-1,0,-1 F=675,674,-1,3,-7 D=3512,3509,-3,2,6 L=1249,1250,1,0,-1 B=1248,1250,2,0,-2
mv U code=0 aligned=1 homed=- ms=119.0 U=1102,60,-18,3,-4 R=1091,1090,-1,0,-1 F=675,674,-1,3,-7 D=3512,3509,-3,2,6 L=1249,1250,1,0,-1 B=1248,1250,2,0,-2
mv U code=0 aligned=1 homed=- ms=119.0 U=64,3131,-5,2,-1 R=1091,1090,-1,0,-1 F=675,674,-1,3,-7 D=3512,3509,-3,2,6 L=1249,1250,1,0,-1 B=1248,1250,2,0,-2
mv U code=0 aligned=1 homed=- ms=119.0 U=3135,2119,8,1,-3 R=1091,1090,-1,0,-1 F=675,674,-1,3,-7 D=3511,3509,-2,2,6 L=1250,1249,-1,0,-2 B=1248,1250,2,0,-2
mv U code=0 aligned=1 homed=- ms=119.0 U=2123,1099,0,0,-3 R=1091,1090,-1,0,-1 F=675,674,-1,3,-7 D=3511,3509,-2,2,6 L=1249,1250,1,0,-1 B=1248,1250,2,0,-2
mv U code=0 aligned=1 homed=- ms=119.0 U=1102,60,-18,3,-4 R=1091,1090,-1,0,-1 F=675,674,-1,3,-7 D=3512,3509,-3,2,6 L=1249,1250,1,0,-1 B=1248,1250,2,0,-2
mv U code=0 aligned=1 homed=- ms=119.0 U=65,3131,-6,2,-1 R=1091,1090,-1,0,-1 F=675,673,-2,3,-8 D=3512,3509,-3,2,6 L=1249,1250,1,0,-1 B=1248,1250,2,0,-2
mv U code=0 aligned=1 homed=- ms=119.0 U=3135,2119,8,1,-3 R=1091,1090,-1,0,-1 F=675,674,-1,3,-7 D=3512,3509,-3,2,6 L=1249,1250,1,0,-1 B=1248,1250,2,0,-2
mv U code=0 aligned=1 homed=- ms=119.0 U=2123,1098,-1,0,-4 R=1091,1090,-1,0,-1 F=675,674,-1,3,-7 D=3512,3510,-2,2,7 L=1249,1250,1,0,-1 B=1248,1250,2,0,-2
mv U code=0 aligned=1 homed=- ms=119.0 U=1102,60,-18,3,-4 R=1091,1091,0,0,0 F=675,674,-1,3,-7 D=3511,3509,-2,2,6 L=1249,1250,1,0,-1 B=1248,1250,2,0,-2
mv U code=0 aligned=1 homed=- ms=119.0 U=64,3131,-5,2,-1 R=1091,1090,-1,0,-1 F=675,674,-1,3,-7 D=3512,3509,-3,2,6 L=1250,1250,0,0,-1 B=1248,1250,2,0,-2
mv U code=0 aligned=1 homed=- ms=119.0 U=3135,2119,8,1,-3 R=1091,1090,-1,0,-1 F=675,674,-1,3,-7 D=3512,3509,-3,2,6 L=1249,1250,1,0,-1 B=1248,1250,2,0,-2
mv U code=0 aligned=1 homed=- ms=119.0 U=2123,1099,0,0,-3 R=1091,1091,0,0,0 F=675,674,-1,3,-7 D=3512,3509,-3,2,6 L=1249,1250,1,0,-1 B=1248,1250,2,0,-2
mv U code=0 aligned=1 homed=- ms=119.0 U=1102,60,-18,3,-4 R=1091,1090,-1,0,-1 F=675,674,-1,3,-7 D=3512,3509,-3,2,6 L=1249,1250,1,0,-1 B=1248,1250,2,0,-2
mv U code=0 aligned=1 homed=- ms=119.0 U=65,3131,-6,2,-1 R=1091,1090,-1,0,-1 F=675,674,-1,3,-7 D=3511,3509,-2,2,6 L=1249,1250,1,0,-1 B=1248,1250,2,0,-2
mv U code=0 aligned=1 homed=- ms=119.0 U=3135,2119,8,1,-3 R=1091,1090,-1,0,-1 F=675,674,-1,3,-7 D=3512,3509,-3,2,6 L=1249,1250,1,0,-1 B=1248,1250,2,0,-2
mv U code=0 aligned=1 homed=- ms=119.0 U=2123,1099,0,0,-3 R=1091,1090,-1,0,-1 F=675,674,-1,3,-7 D=3512,3510,-2,2,7 L=1249,1250,1,0,-1 B=1248,1250,2,0,-2
mv U code=0 aligned=1 homed=- ms=119.0 U=1103,60,-19,3,-4 R=1091,1090,-1,0,-1 F=675,674,-1,3,-7 D=3511,3509,-2,2,6 L=1249,1250,1,0,-1 B=1248,1250,2,0,-2
mv U code=0 aligned=1 homed=- ms=119.0 U=64,3131,-5,2,-1 R=1091,1090,-1,0,-1 F=675,674,-1,3,-7 D=3512,3509,-3,2,6 L=1249,1250,1,0,-1 B=1248,1250,2,0,-2
mv U code=0 aligned=1 homed=- ms=119.0 U=3135,2118,7,1,-4 R=1091,1090,-1,0,-1 F=675,674,-1,3,-7 D=3511,3509,-2,2,6 L=1250,1250,0,0,-1 B=1248,1250,2,0,-2
mv U code=0 aligned=1 homed=- ms=119.0 U=2123,1099,0,0,-3 R=1091,1090,-1,0,-1 F=675,674,-1,3,-7 D=3512,3509,-3,2,6 L=1249,1250,1,0,-1 B=1248,1250,2,0,-2
mv U code=0 aligned=1 homed=- ms=119.0 U=1102,60,-18,3,-4 R=1091,1090,-1,0,-1 F=675,674,-1,3,-7 D=3511,3509,-2,2,6 L=1249,1250,1,0,-1 B=1248,1250,2,0,-2
mv U code=0 aligned=1 homed=- ms=119.0 U=64,3131,-5,2,-1 R=1091,1090,-1,0,-1 F=675,674,-1,3,-7 D=3511,3509,-2,2,6 L=1249,1250,1,0,-1 B=1248,1250,2,0,-2
mv U code=0 aligned=1 homed=- ms=119.0 U=3135,2119,8,1,-3 R=1091,1090,-1,0,-1 F=675,674,-1,3,-7 D=3511,3509,-2,2,6 L=1249,1250,1,0,-1 B=1248,1250,2,0,-2
mv U code=0 aligned=1 homed=- ms=119.0 U=2123,1099,0,0,-3 R=1091,1090,-1,0,-1 F=675,674,-1,3,-7 D=3512,3509,-3,2,6 L=1249,1250,1,0,-1 B=1248,1250,2,0,-2
mv U code=0 aligned=1 homed=- ms=119.0 U=1102,60,-18,3,-4 R=1091,1090,-1,0,-1 F=675,674,-1,3,-7 D=3512,3509,-3,2,6 L=1249,1250,1,0,-1 B=1248,1250,2,0,-2
mv U code=0 aligned=1 homed=- ms=119.0 U=64,3132,-4,2,0 R=1091,1090,-1,0,-1 F=675,674,-1,3,-7 D=3512,3509,-3,2,6 L=1249,1249,0,0,-2 B=1248,1250,2,0,-2
mv U code=0 aligned=1 homed=- ms=119.0 U=3135,2118,7,1,-4 R=1091,1090,-1,0,-1 F=675,674,-1,3,-7 D=3511,3509,-2,2,6 L=1249,1250,1,0,-1 B=1248,1250,2,0,-2
mv U code=0 aligned=1 homed=- ms=119.0 U=2123,1099,0,0,-3 R=1091,1090,-1,0,-1 F=675,674,-1,3,-7 D=3512,3509,-3,2,6 L=1249,1250,1,0,-1 B=1248,1250,2,0,-2
mv U code=0 aligned=1 homed=- ms=119.0 U=1102,60,-18,3,-4 R=1091,1090,-1,0,-1 F=675,674,-1,3,-7 D=3512,3509,-3,2,6 L=1250,1249,-1,0,-2 B=1248,1250,2,0,-2
mv U code=0 aligned=1 homed=- ms=119.0 U=65,3132,-5,2,0 R=1091,1090,-1,0,-1 F=675,674,-1,3,-7 D=3512,3509,-3,2,6 L=1249,1250,1,0,-1 B=1248,1250,2,0,-2
mv U code=0 aligned=1 homed=- ms=119.0 U=3135,2119,8,1,-3 R=1091,1090,-1,0,-1 F=675,673,-2,3,-8 D=3512,3509,-3,2,6 L=1249,1250,1,0,-1 B=1248,1250,2,0,-2
mv U code=0 aligned=1 homed=- ms=119.0 U=2123,1099,0,0,-3 R=1091,1091,0,0,0 F=675,674,-1,3,-7 D=3512,3509,-3,2,6 L=1250,1250,0,0,-1 B=1248,1250,2,0,-2
mv U code=0 aligned=1 homed=- ms=119.0 U=1103,60,-19,3,-4 R=1091,1090,-1,0,-1 F=675,674,-1,3,-7 D=3512,3509,-3,2,6 L=1250,1250,0,0,-1 B=1248,1250,2,0,-2
mv U code=0 aligned=1 homed=- ms=119.0 U=65,3131,-6,2,-1 R=1091,1090,-1,0,-1 F=675,673,-2,3,-8 D=3512,3510,-2,2,7 L=1250,1249,-1,0,-2 B=1248,1250,2,0,-2
mv U code=0 aligned=1 homed=- ms=119.0 U=3135,2119,8,1,-3 R=1091,1090,-1,0,-1 F=675,674,-1,3,-7 D=3512,3509,-3,2,6 L=1250,1250,0,0,-1 B=1248,1250,2,0,-2
mv U code=0 aligned=1 homed=- ms=119.0 U=2123,1099,0,0,-3 R=1091,1090,-1,0,-1 F=675,674,-1,3,-7 D=3512,3509,-3,2,6 L=1249,1250,1,0,-1 B=1248,1250,2,0,-2
mv U code=0 aligned=1 homed=- ms=119.0 U=1103,60,-19,3,-4 R=1091,1090,-1,0,-1 F=675,674,-1,3,-7 D=3511,3509,-2,2,6 L=1249,1250,1,0,-1 B=1248,1250,2,0,-2
mv U code=0 aligned=1 homed=- ms=119.0 U=65,3131,-6,2,-1 R=1091,1090,-1,0,-1 F=675,674,-1,3,-7 D=3512,3509,-3,2,6 L=1249,1249,0,0,-2 B=1248,1250,2,0,-2
mv U code=0 aligned=1 homed=- ms=119.0 U=3135,2119,8,1,-3 R=1091,1090,-1,0,-1 F=675,673,-2,3,-8 D=3511,3509,-2,2,6 L=1249,1250,1,0,-1 B=1248,1250,2,0,-2
mv U code=0 aligned=1 homed=- ms=119.0 U=2123,1099,0,0,-3 R=1091,1090,-1,0,-1 F=675,674,-1,3,-7 D=3512,3509,-3,2,6 L=1250,1249,-1,0,-2 B=1248,1250,2,0,-2
mv U code=0 aligned=1 homed=- ms=119.0 U=1103,60,-19,3,-4 R=1091,1090,-1,0,-1 F=675,674,-1,3,-7 D=3512,3509,-3,2,6 L=1249,1249,0,0,-2 B=1248,1250,2,0,-2
mv U code=0 aligned=1 homed=- ms=119.0 U=65,3131,-6,2,-1 R=1091,1090,-1,0,-1 F=675,674,-1,3,-7 D=3512,3510,-2,2,7 L=1249,1250,1,0,-1 B=1248,1250,2,0,-2
mv U code=0 aligned=1 homed=- ms=119.0 U=3135,2119,8,1,-3 R=1091,1090,-1,0,-1 F=675,674,-1,3,-7 D=3512,3509,-3,2,6 L=1249,1250,1,0,-1 B=1248,1250,2,0,-2
mv U code=0 aligned=1 homed=- ms=119.0 U=2124,1099,-1,0,-3 R=1091,1090,-1,0,-1 F=675,674,-1,3,-7 D=3512,3509,-3,2,6 L=1249,1250,1,0,-1 B=1248,1250,2,0,-2
mv U code=0 aligned=1 homed=- ms=119.0 U=1104,60,-20,3,-4 R=1091,1090,-1,0,-1 F=675,674,-1,3,-7 D=3512,3509,-3,2,6 L=1249,1250,1,0,-1 B=1248,1250,2,0,-2
mv U code=0 aligned=1 homed=- ms=119.0 U=65,3131,-6,2,-1 R=1091,1090,-1,0,-1 F=675,674,-1,3,-7 D=3511,3509,-2,2,6 L=1250,1250,0,0,-1 B=1248,1250,2,0,-2
mv U code=0 aligned=1 homed=- ms=119.0 U=3137,2119,6,1,-3 R=1091,1090,-1,0,-1 F=675,674,-1,3,-7 D=3512,3509,-3,2,6 L=1249,1250,1,0,-1 B=1248,1250,2,0,-2
mv U code=0 aligned=1 homed=- ms=119.0 U=2129,1098,-7,0,-4 R=1091,1090,-1,0,-1 F=675,674,-1,3,-7 D=3511,3509,-2,2,6 L=1249,1250,1,0,-1 B=1248,1250,2,0,-2
mv U code=0 aligned=1 homed=- ms=119.0 U=1104,60,-20,3,-4 R=1091,1090,-1,0,-1 F=675,674,-1,3,-7 D=3512,3509,-3,2,6 L=1249,1250,1,0,-1 B=1248,1250,2,0,-2
mv U code=0 aligned=1 homed=- ms=119.0 U=68,3132,-8,2,0 R=1091,1090,-1,0,-1 F=675,674,-1,3,-7 D=3512,3510,-2,2,7 L=1249,1250,1,0,-1 B=1248,1250,2,0,-2
mv U code=0 aligned=1 homed=- ms=119.0 U=3139,2119,4,1,-3 R=1091,1090,-1,0,-1 F=675,674,-1,3,-7 D=3511,3509,-2,2,6 L=1249,1250,1,0,-1 B=1248,1250,2,0,-2
[align] motor 0 err=85 counts (8.3 steps)
[align] motor 1 err=0 counts (0.0 steps)
[align] motor 2 err=-7 counts (-0.7 steps)
[align] motor 3 err=5 counts (0.5 steps)
[align] motor 4 err=-3 counts (-0.3 steps)
[align] motor 5 err=-6 counts (-0.6 steps)
mv U code=0 aligned=0 homed=0 ms=119.0 U=2154,1182,52,0,80 R=1091,1090,-1,0,-1 F=675,674,-1,3,-7 D=3512,3510,-2,2,7 L=1249,1250,1,0,-1 B=1248,1250,2,0,-2
mv U code=0 aligned=1 homed=- ms=119.0 U=1106,61,-21,3,-3 R=1090,1090,0,0,-1 F=674,674,0,3,-7 D=3511,3510,-1,2,7 L=1250,1250,0,0,-1 B=1249,1249,0,0,-3
mv U code=0 aligned=1 homed=- ms=119.0 U=74,3132,-14,2,0 R=1091,1090,-1,0,-1 F=675,674,-1,3,-7 D=3512,3509,-3,2,6 L=1250,1250,0,0,-1 B=1248,1250,2,0,-2
mv U code=0 aligned=1 homed=- ms=119.0 U=3138,2119,5,1,-3 R=1091,1090,-1,0,-1 F=675,674,-1,3,-7 D=3512,3509,-3,2,6 L=1249,1250,1,0,-1 B=1248,1250,2,0,-2
mv U code=0 aligned=1 homed=- ms=119.0 U=2126,1099,-3,0,-3 R=1091,1090,-1,0,-1 F=675,674,-1,3,-7 D=3512,3510,-2,2,7 L=1249,1250,1,0,-1 B=1248,1250,2,0,-2
mv U code=0 aligned=1 homed=- ms=119.0 U=1105,60,-21,3,-4 R=1091,1090,-1,0,-1 F=675,674,-1,3,-7 D=3512,3509,-3,2,6 L=1249,1250,1,0,-1 B=1248,1250,2,0,-2
mv U code=0 aligned=1 homed=- ms=119.0 U=70,3132,-10,2,0 R=1091,1090,-1,0,-1 F=675,674,-1,3,-7 D=3512,3510,-2,2,7 L=1250,1250,0,0,-1 B=1248,1250,2,0,-2
mv U code=0 aligned=1 homed=- ms=119.0 U=3144,2119,-1,1,-3 R=1091,1090,-1,0,-1 F=675,674,-1,3,-7 D=3512,3509,-3,2,6 L=1250,1250,0,0,-1 B=1248,1250,2,0,-2
[align] motor 0 err=118 counts (11.5 steps)
[align] motor 1 err=0 counts (0.0 steps)
[align] motor 2 err=-7 counts (-0.7 steps)
[align] motor 3 err=6 counts (0.6 steps)
[align] motor 4 err=-3 counts (-0.3 steps)
[align] motor 5 err=-6 counts (-0.6 steps)
mv U code=0 aligned=0 homed=0 ms=119.0 U=2149,1182,57,0,80 R=1091,1090,-1,0,-1 F=675,674,-1,3,-7 D=3512,3509,-3,2,6 L=1249,1250,1,0,-1 B=1248,1250,2,0,-2
[align] motor 0 err=183 counts (17.9 steps)
[align] motor 1 err=0 counts (0.0 steps)
[align] motor 2 err=-7 counts (-0.7 steps)
[align] motor 3 err=6 counts (0.6 steps)
[align] motor 4 err=-3 counts (-0.3 steps)
[align] motor 5 err=-6 counts (-0.6 steps)
mv U code=0 aligned=0 homed=0 ms=119.0 U=1107,145,62,3,81 R=1090,1090,0,0,-1 F=674,674,0,3,-7 D=3511,3510,-1,2,7 L=1250,1250,0,0,-1 B=1250,1250,0,0,-2
[align] motor 0 err=85 counts (8.3 steps)
[align] motor 1 err=0 counts (0.0 steps)
[align] motor 2 err=-7 counts (-0.7 steps)
[align] motor 3 err=6 counts (0.6 steps)
[align] motor 4 err=-3 counts (-0.3 steps)
[align] motor 5 err=-6 counts (-0.6 steps)
mv U code=0 aligned=0 homed=0 ms=119.0 U=69,3213,72,2,81 R=1090,1090,0,0,-1 F=674,674,0,3,-7 D=3510,3510,0,2,7 L=1250,1250,0,0,-1 B=1250,1250,0,0,-2
mv U code=0 aligned=1 homed=- ms=119.0 U=3138,2119,5,1,-3 R=1090,1090,0,0,-1 F=674,674,0,3,-7 D=3510,3510,0,2,7 L=1250,1249,-1,0,-2 B=1250,1250,0,0,-2
mv U code=0 aligned=1 homed=- ms=119.0 U=2124,1099,-1,0,-3 R=1091,1090,-1,0,-1 F=675,674,-1,3,-7 D=3512,3509,-3,2,6 L=1249,1250,1,0,-1 B=1248,1250,2,0,-2
mv U code=0 aligned=1 homed=- ms=119.0 U=1104,60,-20,3,-4 R=1091,1090,-1,0,-1 F=675,673,-2,3,-8 D=3512,3509,-3,2,6 L=1249,1250,1,0,-1 B=1248,1250,2,0,-2
mv U code=0 aligned=1 homed=- ms=119.0 U=65,3131,-6,2,-1 R=1091,1090,-1,0,-1 F=675,674,-1,3,-7 D=3511,3509,-2,2,6 L=1249,1250,1,0,-1 B=1248,1250,2,0,-2
mv U code=0 aligned=1 homed=- ms=119.0 U=3135,2119,8,1,-3 R=1091,1090,-1,0,-1 F=675,674,-1,3,-7 D=3512,3509,-3,2,6 L=1250,1250,0,0,-1 B=1248,1250,2,0,-2
mv U code=0 aligned=1 homed=- ms=119.0 U=2123,1099,0,0,-3 R=1091,1090,-1,0,-1 F=675,674,-1,3,-7 D=3512,3509,-3,2,6 L=1249,1250,1,0,-1 B=1248,1250,2,0,-2
mv U code=0 aligned=1 homed=- ms=119.0 U=1103,60,-19,3,-4 R=1091,1091,0,0,0 F=675,674,-1,3,-7 D=3512,3510,-2,2,7 L=1249,1250,1,0,-1 B=1248,1250,2,0,-2
mv U code=0 aligned=1 homed=- ms=119.0 U=64,3131,-5,2,-1 R=1091,1090,-1,0,-1 F=675,674,-1,3,-7 D=3512,3509,-3,2,6 L=1249,1250,1,0,-1 B=1248,1250,2,0,-2
mv U code=0 aligned=1 homed=- ms=119.0 U=3135,2119,8,1,-3 R=1091,1090,-1,0,-1 F=675,674,-1,3,-7 D=3512,3509,-3,2,6 L=1249,1249,0,0,-2 B=1248,1250,2,0,-2
mv U code=0 aligned=1 homed=- ms=119.0 U=2123,1099,0,0,-3 R=1091,1090,-1,0,-1 F=675,674,-1,3,-7 D=3512,3509,-3,2,6 L=1249,1250,1,0,-1 B=1248,1250,2,0,-2
mv U code=0 aligned=1 homed=- ms=119.0 U=1103,60,-19,3,-4 R=1091,1090,-1,0,-1 F=675,674,-1,3,-7 D=3512,3509,-3,2,6 L=1249,1250,1,0,-1 B=1248,1250,2,0,-2
mv U code=0 aligned=1 homed=- ms=119.0 U=65,3131,-6,2,-1 R=1091,1090,-1,0,-1 F=675,674,-1,3,-7 D=3512,3509,-3,2,6 L=1250,1250,0,0,-1 B=1248,1250,2,0,-2
mv U code=0 aligned=1 homed=- ms=119.0 U=3136,2119,7,1,-3 R=1091,1090,-1,0,-1 F=675,674,-1,3,-7 D=3512,3509,-3,2,6 L=1250,1250,0,0,-1 B=1248,1250,2,0,-2
mv U code=0 aligned=1 homed=- ms=119.0 U=2125,1099,-2,0,-3 R=1091,1090,-1,0,-1 F=675,674,-1,3,-7 D=3511,3509,-2,2,6 L=1249,1250,1,0,-1 B=1248,1250,2,0,-2
mv U code=0 aligned=1 homed=- ms=119.0 U=1103,60,-19,3,-4 R=1091,1090,-1,0,-1 F=675,674,-1,3,-7 D=3511,3509,-2,2,6 L=1249,1250,1,0,-1 B=1248,1250,2,0,-2
mv U code=0 aligned=1 homed=- ms=119.0 U=64,3131,-5,2,-1 R=1091,1090,-1,0,-1 F=675,674,-1,3,-7 D=3511,3509,-2,2,6 L=1249,1250,1,0,-1 B=1248,1250,2,0,-2
mv U code=0 aligned=1 homed=- ms=119.0 U=3135,2119,8,1,-3 R=1091,1090,-1,0,-1 F=675,674,-1,3,-7 D=3512,3509,-3,2,6 L=1249,1250,1,0,-1 B=1248,1250,2,0,-2
mv U code=0 aligned=1 homed=- ms=119.0 U=2123,1099,0,0,-3 R=1091,1090,-1,0,-1 F=675,674,-1,3,-7 D=3512,3509,-3,2,6 L=1250,1250,0,0,-1 B=1248,1250,2,0,-2
mv U code=0 aligned=1 homed=- ms=119.0 U=1103,60,-19,3,-4 R=1091,1090,-1,0,-1 F=675,674,-1,3,-7 D=3512,3509,-3,2,6 L=1249,1250,1,0,-1 B=1248,1250,2,0,-2
mv U code=0 aligned=1 homed=- ms=119.0 U=64,3131,-5,2,-1 R=1091,1090,-1,0,-1 F=675,674,-1,3,-7 D=3511,3510,-1,2,7 L=1250,1250,0,0,-1 B=1248,1250,2,0,-2
mv U code=0 aligned=1 homed=- ms=119.0 U=3136,2119,7,1,-3 R=1091,1090,-1,0,-1 F=675,674,-1,3,-7 D=3512,3509,-3,2,6 L=1249,1250,1,0,-1 B=1248,1250,2,0,-2
mv U code=0 aligned=1 homed=- ms=119.0 U=2123,1099,0,0,-3 R=1091,1090,-1,0,-1 F=675,674,-1,3,-7 D=3511,3509,-2,2,6 L=1249,1250,1,0,-1 B=1248,1250,2,0,-2
mv U code=0 aligned=1 homed=- ms=119.0 U=1103,60,-19,3,-4 R=1091,1090,-1,0,-1 F=675,674,-1,3,-7 D=3512,3509,-3,2,6 L=1249,1250,1,0,-1 B=1248,1250,2,0,-2
mv U code=0 aligned=1 homed=- ms=119.0 U=65,3131,-6,2,-1 R=1091,1090,-1,0,-1 F=675,674,-1,3,-7 D=3512,3510,-2,2,7 L=1250,1250,0,0,-1 B=1248,1250,2,0,-2
mv U code=0 aligned=1 homed=- ms=119.0 U=3135,2119,8,1,-3 R=1091,1090,-1,0,-1 F=675,674,-1,3,-7 D=3512,3509,-3,2,6 L=1250,1250,0,0,-1 B=1248,1250,2,0,-2
mv U code=0 aligned=1 homed=- ms=119.0 U=2123,1099,0,0,-3 R=1091,1090,-1,0,-1 F=675,674,-1,3,-7 D=3512,3509,-3,2,6 L=1249,1249,0,0,-2 B=1248,1250,2,0,-2
mv U code=0 aligned=1 homed=- ms=119.0 U=1102,60,-18,3,-4 R=1091,1090,-1,0,-1 F=675,674,-1,3,-7 D=3512,3509,-3,2,6 L=1249,1250,1,0,-1 B=1248,1250,2,0,-2
mv U code=0 aligned=1 homed=- ms=119.0 U=64,3131,-5,2,-1 R=1091,1090,-1,0,-1 F=675,674,-1,3,-7 D=3512,3509,-3,2,6 L=1249,1250,1,0,-1 B=1248,1250,2,0,-2
rep moves=200 notaligned=4 homings=4 failures=0 avgms=119.0
res U=200,-3.0,13.5,72 R=- F=- D=- L=- B=-
ok
> rep 50 U' U' U' U'
mv U' code=0 aligned=1 homed=- ms=119.0 U=3134,61,-1,3,-3 R=1091,1090,-1,0,-1 F=675,674,-1,3,-7 D=3513,3509,-4,2,6 L=1249,1250,1,0,-1 B=1249,1250,1,0,-2
mv U' code=0 aligned=1 homed=- ms=119.0 U=64,1099,11,0,-3 R=1091,1090,-1,0,-1 F=675,674,-1,3,-7 D=3511,3509,-2,2,6 L=1249,1250,1,0,-1 B=1248,1250,2,0,-2
mv U' code=0 aligned=1 homed=- ms=119.0 U=1102,2119,-7,1,-3 R=1091,1090,-1,0,-1 F=675,674,-1,3,-7 D=3512,3509,-3,2,6 L=1249,1250,1,0,-1 B=1248,1250,2,0,-2
mv U' code=0 aligned=1 homed=- ms=119.0 U=2122,3132,-14,2,0 R=1091,1090,-1,0,-1 F=675,674,-1,3,-7 D=3511,3509,-2,2,6 L=1249,1250,1,0,-1 B=1248,1250,2,0,-2
mv U' code=0 aligned=1 homed=- ms=119.0 U=3135,61,-2,3,-3 R=1091,1090,-1,0,-1 F=675,674,-1,3,-7 D=3512,3509,-3,2,6 L=1249,1250,1,0,-1 B=1248,1250,2,0,-2
mv U' code=0 aligned=1 homed=- ms=119.0 U=64,1100,12,0,-2 R=1091,1090,-1,0,-1 F=675,674,-1,3,-7 D=3512,3510,-2,2,7 L=1249,1250,1,0,-1 B=1248,1250,2,0,-2
mv U' code=0 aligned=1 homed=- ms=119.0 U=1102,2120,-6,1,-2 R=1091,1090,-1,0,-1 F=675,674,-1,3,-7 D=3511,3510,-1,2,7 L=1249,1250,1,0,-1 B=1248,1250,2,0,-2
mv U' code=0 aligned=1 homed=- ms=119.0 U=2122,3132,-14,2,0 R=1091,1090,-1,0,-1 F=675,674,-1,3,-7 D=3512,3509,-3,2,6 L=1249,1250,1,0,-1 B=1248,1250,2,0,-2
mv U' code=0 aligned=1 homed=- ms=119.0 U=3135,61,-2,3,-3 R=1091,1090,-1,0,-1 F=675,674,-1,3,-7 D=3512,3510,-2,2,7 L=1249,1249,0,0,-2 B=1248,1250,2,0,-2
mv U' code=0 aligned=1 homed=- ms=119.0 U=64,1100,12,0,-2 R=1091,1090,-1,0,-1 F=675,674,-1,3,-7 D=3512,3510,-2,2,7 L=1249,1250,1,0,-1 B=1248,1250,2,0,-2
mv U' code=0 aligned=1 homed=- ms=119.0 U=1101,2119,-6,1,-3 R=1091,1090,-1,0,-1 F=675,674,-1,3,-7 D=3512,3509,-3,2,6 L=1249,1250,1,0,-1 B=1248,1250,2,0,-2
mv U' code=0 aligned=1 homed=- ms=119.0 U=2122,3132,-14,2,0 R=1091,1090,-1,0,-1 F=675,674,-1,3,-7 D=3512,3509,-3,2,6 L=1249,1250,1,0,-1 B=1248,1250,2,0,-2
mv U' code=0 aligned=1 homed=- ms=119.0 U=3135,61,-2,3,-3 R=1091,1090,-1,0,-1 F=675,674,-1,3,-7 D=3512,3509,-3,2,6 L=1249,1250,1,0,-1 B=1248,1250,2,0,-2
mv U' code=0 aligned=1 homed=- ms=119.0 U=63,1099,12,0,-3 R=1091,1090,-1,0,-1 F=675,674,-1,3,-7 D=3512,3509,-3,2,6 L=1249,1250,1,0,-1 B=1248,1250,2,0,-2
mv U' code=0 aligned=1 homed=- ms=119.0 U=1102,2119,-7,1,-3 R=1091,1090,-1,0,-1 F=675,674,-1,3,-7 D=3511,3509,-2,2,6 L=1249,1250,1,0,-1 B=1248,1250,2,0,-2
mv U' code=0 aligned=1 homed=- ms=119.0 U=2122,3132,-14,2,0 R=1091,1090,-1,0,-1 F=675,674,-1,3,-7 D=3512,3510,-2,2,7 L=1249,1250,1,0,-1 B=1248,1250,2,0,-2
mv U' code=0 aligned=1 homed=- ms=119.0 U=3134,61,-1,3,-3 R=1091,1090,-1,0,-1 F=675,674,-1,3,-7 D=3511,3510,-1,2,7 L=1249,1250,1,0,-1 B=1248,1250,2,0,-2
mv U' code=0 aligned=1 homed=- ms=119.0 U=63,1100,13,0,-2 R=1091,1090,-1,0,-1 F=675,674,-1,3,-7 D=3512,3509,-3,2,6 L=1249,1250,1,0,-1 B=1248,1250,2,0,-2
mv U' code=0 aligned=1 homed=- ms=119.0 U=1102,2119,-7,1,-3 R=1091,1090,-1,0,-1 F=675,674,-1,3,-7 D=3512,3509,-3,2,6 L=1249,1250,1,0,-1 B=1248,1250,2,0,-2
mv U' code=0 aligned=1 homed=- ms=119.0 U=2123,3132,-15,2,0 R=1091,1090,-1,0,-1 F=675,674,-1,3,-7 D=3512,3509,-3,2,6 L=1249,1250,1,0,-1 B=1248,1250,2,0,-2
mv U' code=0 aligned=1 homed=- ms=119.0 U=3134,61,-1,3,-3 R=1091,1090,-1,0,-1 F=675,674,-1,3,-7 D=3512,3509,-3,2,6 L=1249,1250,1,0,-1 B=1248,1250,2,0,-2
mv U' code=0 aligned=1 homed=- ms=119.0 U=64,1100,12,0,-2 R=1091,1090,-1,0,-1 F=675,674,-1,3,-7 D=3512,3509,-3,2,6 L=1249,1250,1,0,-1 B=1248,1250,2,0,-2
mv U' code=0 aligned=1 homed=- ms=119.0 U=1102,2119,-7,1,-3 R=1091,1090,-1,0,-1 F=675,674,-1,3,-7 D=3512,3509,-3,2,6 L=1249,1249,0,0,-2 B=1248,1250,2,0,-2
mv U' code=0 aligned=1 homed=- ms=119.0 U=2122,3132,-14,2,0 R=1091,1090,-1,0,-1 F=675,674,-1,3,-7 D=3512,3509,-3,2,6 L=1249,1250,1,0,-1 B=1248,1250,2,0,-2
mv U' code=0 aligned=1 homed=- ms=119.0 U=3134,61,-1,3,-3 R=1091,1090,-1,0,-1 F=675,674,-1,3,-7 D=3512,3510,-2,2,7 L=1249,1250,1,0,-1 B=1248,1250,2,0,-2
mv U' code=0 aligned=1 homed=- ms=119.0 U=63,1100,13,0,-2 R=1091,1090,-1,0,-1 F=675,674,-1,3,-7 D=3512,3509,-3,2,6 L=1249,1249,0,0,-2 B=1248,1250,2,0,-2
mv U' code=0 aligned=1 homed=- ms=119.0 U=1102,2120,-6,1,-2 R=1091,1090,-1,0,-1 F=675,674,-1,3,-7 D=3512,3509,-3,2,6 L=1250,1250,0,0,-1 B=1248,1250,2,0,-2
mv U' code=0 aligned=1 homed=- ms=119.0 U=2122,3132,-14,2,0 R=1091,1090,-1,0,-1 F=675,674,-1,3,-7 D=3512,3509,-3,2,6 L=1249,1250,1,0,-1 B=1248,1250,2,0,-2
mv U' code=0 aligned=1 homed=- ms=119.0 U=3134,61,-1,3,-3 R=1091,1090,-1,0,-1 F=675,674,-1,3,-7 D=3512,3509,-3,2,6 L=1249,1250,1,0,-1 B=1248,1250,2,0,-2
mv U' code=0 aligned=1 homed=- ms=119.0 U=63,1100,13,0,-2 R=1091,1090,-1,0,-1 F=675,674,-1,3,-7 D=3512,3509,-3,2,6 L=1249,1250,1,0,-1 B=1248,1250,2,0,-2
mv U' code=0 aligned=1 homed=- ms=119.0 U=1102,2119,-7,1,-3 R=1091,1090,-1,0,-1 F=675,674,-1,3,-7 D=3512,3509,-3,2,6 L=1249,1250,1,0,-1 B=1248,1250,2,0,-2
mv U' code=0 aligned=1 homed=- ms=119.0 U=2122,3132,-14,2,0 R=1091,1090,-1,0,-1 F=675,674,-1,3,-7 D=3512,3509,-3,2,6 L=1249,1250,1,0,-1 B=1248,1250,2,0,-2
mv U' code=0 aligned=1 homed=- ms=119.0 U=3134,61,-1,3,-3 R=1091,1090,-1,0,-1 F=675,674,-1,3,-7 D=3512,3509,-3,2,6 L=1249,1250,1,0,-1 B=1248,1250,2,0,-2
mv U' code=0 aligned=1 homed=- ms=119.0 U=64,1100,12,0,-2 R=1091,1091,0,0,0 F=675,674,-1,3,-7 D=3512,3509,-3,2,6 L=1250,1250,0,0,-1 B=1248,1250,2,0,-2
mv U' code=0 aligned=1 homed=- ms=119.0 U=1102,2120,-6,1,-2 R=1091,1090,-1,0,-1 F=675,674,-1,3,-7 D=3512,3509,-3,2,6 L=1249,1250,1,0,-1 B=1248,1250,2,0,-2
mv U' code=0 aligned=1 homed=- ms=119.0 U=2122,3132,-14,2,0 R=1091,1090,-1,0,-1 F=675,674,-1,3,-7 D=3512,3509,-3,2,6 L=1249,1250,1,0,-1 B=1248,1250,2,0,-2
mv U' code=0 aligned=1 homed=- ms=119.0 U=3135,61,-2,3,-3 R=1091,1090,-1,0,-1 F=675,674,-1,3,-7 D=3512,3510,-2,2,7 L=1250,1250,0,0,-1 B=1248,1250,2,0,-2
mv U' code=0 aligned=1 homed=- ms=119.0 U=64,1100,12,0,-2 R=1091,1090,-1,0,-1 F=675,674,-1,3,-7 D=3512,3509,-3,2,6 L=1249,1250,1,0,-1 B=1248,1250,2,0,-2
mv U' code=0 aligned=1 homed=- ms=119.0 U=1102,2119,-7,1,-3 R=1091,1090,-1,0,-1 F=675,674,-1,3,-7 D=3512,3509,-3,2,6 L=1249,1250,1,0,-1 B=1248,1250,2,0,-2
mv U' code=0 aligned=1 homed=- ms=119.0 U=2122,3132,-14,2,0 R=1091,1090,-1,0,-1 F=675,674,-1,3,-7 D=3511,3509,-2,2,6 L=1249,1250,1,0,-1 B=1248,1250,2,0,-2
mv U' code=0 aligned=1 homed=- ms=119.0 U=3134,61,-1,3,-3 R=1091,1090,-1,0,-1 F=675,674,-1,3,-7 D=3512,3509,-3,2,6 L=1249,1250,1,0,-1 B=1248,1250,2,0,-2
mv U' code=0 aligned=1 homed=- ms=119.0 U=63,1100,13,0,-2 R=1091,1090,-1,0,-1 F=675,674,-1,3,-7 D=3512,3509,-3,2,6 L=1249,1250,1,0,-1 B=1248,1250,2,0,-2
mv U' code=0 aligned=1 homed=- ms=119.0 U=1102,2120,-6,1,-2 R=1091,1090,-1,0,-1 F=675,674,-1,3,-7 D=3512,3509,-3,2,6 L=1249,1250,1,0,-1 B=1248,1250,2,0,-2
mv U' code=0 aligned=1 homed=- ms=119.0 U=2122,3132,-14,2,0 R=1091,1090,-1,0,-1 F=675,674,-1,3,-7 D=3512,3509,-3,2,6 L=1249,1250,1,0,-1 B=1248,1250,2,0,-2
mv U' code=0 aligned=1 homed=- ms=119.0 U=3134,61,-1,3,-3 R=1091,1090,-1,0,-1 F=675,674,-1,3,-7 D=3512,3510,-2,2,7 L=1249,1250,1,0,-1 B=1248,1250,2,0,-2
mv U' code=0 aligned=1 homed=- ms=119.0 U=64,1100,12,0,-2 R=1091,1090,-1,0,-1 F=675,674,-1,3,-7 D=3512,3509,-3,2,6 L=1249,1250,1,0,-1 B=1248,1250,2,0,-2
mv U' code=0 aligned=1 homed=- ms=119.0 U=1102,2120,-6,1,-2 R=1091,1090,-1,0,-1 F=675,674,-1,3,-7 D=3512,3510,-2,2,7 L=1249,1250,1,0,-1 B=1248,1250,2,0,-2
mv U' code=0 aligned=1 homed=- ms=119.0 U=2122,3131,-15,2,-1 R=1091,1090,-1,0,-1 F=675,674,-1,3,-7 D=3512,3509,-3,2,6 L=1249,1250,1,0,-1 B=1248,1250,2,0,-2
mv U' code=0 aligned=1 homed=- ms=119.0 U=3134,61,-1,3,-3 R=1091,1090,-1,0,-1 F=675,674,-1,3,-7 D=3512,3509,-3,2,6 L=1249,1250,1,0,-1 B=1248,1250,2,0,-2
mv U' code=0 aligned=1 homed=- ms=119.0 U=64,1100,12,0,-2 R=1091,1090,-1,0,-1 F=675,674,-1,3,-7 D=3512,3510,-2,2,7 L=1249,1250,1,0,-1 B=1248,1250,2,0,-2
mv U' code=0 aligned=1 homed=- ms=119.0 U=1102,2120,-6,1,-2 R=1091,1090,-1,0,-1 F=675,674,-1,3,-7 D=3512,3510,-2,2,7 L=1249,1250,1,0,-1 B=1248,1250,2,0,-2
mv U' code=0 aligned=1 homed=- ms=119.0 U=2123,3131,-16,2,-1 R=1091,1090,-1,0,-1 F=675,674,-1,3,-7 D=3512,3509,-3,2,6 L=1249,1249,0,0,-2 B=1248,1250,2,0,-2
mv U' code=0 aligned=1 homed=- ms=119.0 U=3134,61,-1,3,-3 R=1091,1090,-1,0,-1 F=675,674,-1,3,-7 D=3512,3509,-3,2,6 L=1249,1250,1,0,-1 B=1248,1250,2,0,-2
mv U' code=0 aligned=1 homed=- ms=119.0 U=63,1100,13,0,-2 R=1091,1090,-1,0,-1 F=675,674,-1,3,-7 D=3511,3510,-1,2,7 L=1249,1250,1,0,-1 B=1248,1250,2,0,-2
mv U' code=0 aligned=1 homed=- ms=119.0 U=1102,2119,-7,1,-3 R=1091,1090,-1,0,-1 F=675,674,-1,3,-7 D=3512,3509,-3,2,6 L=1249,1250,1,0,-1 B=1248,1250,2,0,-2
mv U' code=0 aligned=1 homed=- ms=119.0 U=2122,3132,-14,2,0 R=1091,1090,-1,0,-1 F=675,674,-1,3,-7 D=3512,3509,-3,2,6 L=1249,1250,1,0,-1 B=1248,1250,2,0,-2
mv U' code=0 aligned=1 homed=- ms=119.0 U=3135,61,-2,3,-3 R=1091,1090,-1,0,-1 F=675,674,-1,3,-7 D=3512,3509,-3,2,6 L=1249,1250,1,0,-1 B=1248,1250,2,0,-2
mv U' code=0 aligned=1 homed=- ms=119.0 U=64,1099,11,0,-3 R=1091,1090,-1,0,-1 F=675,674,-1,3,-7 D=3512,3510,-2,2,7 L=1249,1250,1,0,-1 B=1248,1250,2,0,-2
mv U' code=0 aligned=1 homed=- ms=119.0 U=1102,2120,-6,1,-2 R=1091,1090,-1,0,-1 F=675,674,-1,3,-7 D=3512,3509,-3,2,6 L=1249,1250,1,0,-1 B=1248,1250,2,0,-2
mv U' code=0 aligned=1 homed=- ms=119.0 U=2122,3132,-14,2,0 R=1091,1090,-1,0,-1 F=675,674,-1,3,-7 D=3512,3509,-3,2,6 L=1250,1249,-1,0,-2 B=1248,1250,2,0,-2
mv U' code=0 aligned=1 homed=- ms=119.0 U=3135,61,-2,3,-3 R=1091,1090,-1,0,-1 F=675,674,-1,3,-7 D=3512,3509,-3,2,6 L=1249,1250,1,0,-1 B=1248,1250,2,0,-2
mv U' code=0 aligned=1 homed=- ms=119.0 U=63,1100,13,0,-2 R=1091,1090,-1,0,-1 F=675,674,-1,3,-7 D=3512,3509,-3,2,6 L=1249,1250,1,0,-1 B=1248,1250,2,0,-2
mv U' code=0 aligned=1 homed=- ms=119.0 U=1102,2119,-7,1,-3 R=1091,1090,-1,0,-1 F=675,674,-1,3,-7 D=3512,3509,-3,2,6 L=1249,1250,1,0,-1 B=1248,1250,2,0,-2
mv U' code=0 aligned=1 homed=- ms=119.0 U=2122,3132,-14,2,0 R=1091,1090,-1,0,-1 F=675,674,-1,3,-7 D=3512,3509,-3,2,6 L=1249,1250,1,0,-1 B=1248,1250,2,0,-2
mv U' code=0 aligned=1 homed=- ms=119.0 U=3135,61,-2,3,-3 R=1091,1090,-1,0,-1 F=675,674,-1,3,-7 D=3512,3510,-2,2,7 L=1250,1250,0,0,-1 B=1248,1250,2,0,-2
mv U' code=0 aligned=1 homed=- ms=119.0 U=63,1100,13,0,-2 R=1091,1090,-1,0,-1 F=675,674,-1,3,-7 D=3511,3509,-2,2,6 L=1249,1250,1,0,-1 B=1248,1250,2,0,-2
mv U' code=0 aligned=1 homed=- ms=119.0 U=1102,2120,-6,1,-2 R=1091,1090,-1,0,-1 F=675,674,-1,3,-7 D=3512,3509,-3,2,6 L=1249,1250,1,0,-1 B=1248,1250,2,0,-2
mv U' code=0 aligned=1 homed=- ms=119.0 U=2122,3131,-15,2,-1 R=1091,1090,-1,0,-1 F=675,674,-1,3,-7 D=3512,3509,-3,2,6 L=1249,1250,1,0,-1 B=1248,1250,2,0,-2
mv U' code=0 aligned=1 homed=- ms=119.0 U=3134,61,-1,3,-3 R=1091,1090,-1,0,-1 F=675,674,-1,3,-7 D=3512,3509,-3,2,6 L=1249,1250,1,0,-1 B=1248,1250,2,0,-2
mv U' code=0 aligned=1 homed=- ms=119.0 U=63,1100,13,0,-2 R=1091,1090,-1,0,-1 F=675,674,-1,3,-7 D=3512,3509,-3,2,6 L=1249,1249,0,0,-2 B=1248,1250,2,0,-2
mv U' code=0 aligned=1 homed=- ms=119.0 U=1102,2120,-6,1,-2 R=1091,1090,-1,0,-1 F=675,674,-1,3,-7 D=3512,3509,-3,2,6 L=1250,1250,0,0,-1 B=1248,1250,2,0,-2
mv U' code=0 aligned=1 homed=- ms=119.0 U=2122,3132,-14,2,0 R=1091,1090,-1,0,-1 F=675,674,-1,3,-7 D=3512,3510,-2,2,7 L=1249,1250,1,0,-1 B=1248,1250,2,0,-2
mv U' code=0 aligned=1 homed=- ms=119.0 U=3134,61,-1,3,-3 R=1091,1090,-1,0,-1 F=675,674,-1,3,-7 D=3512,3509,-3,2,6 L=1249,1250,1,0,-1 B=1248,1250,2,0,-2
mv U' code=0 aligned=1 homed=- ms=119.0 U=63,1100,13,0,-2 R=1091,1090,-1,0,-1 F=675,674,-1,3,-7 D=3512,3509,-3,2,6 L=1249,1250,1,0,-1 B=1248,1250,2,0,-2
mv U' code=0 aligned=1 homed=- ms=119.0 U=1102,2119,-7,1,-3 R=1091,1090,-1,0,-1 F=675,674,-1,3,-7 D=3512,3509,-3,2,6 L=1249,1250,1,0,-1 B=1248,1250,2,0,-2
mv U' code=0 aligned=1 homed=- ms=119.0 U=2122,3132,-14,2,0 R=1091,1090,-1,0,-1 F=675,674,-1,3,-7 D=3512,3509,-3,2,6 L=1249,1250,1,0,-1 B=1248,1250,2,0,-2
mv U' code=0 aligned=1 homed=- ms=119.0 U=3134,61,-1,3,-3 R=1091,1090,-1,0,-1 F=675,674,-1,3,-7 D=3512,3509,-3,2,6 L=1249,1250,1,0,-1 B=1248,1250,2,0,-2
mv U' code=0 aligned=1 homed=- ms=119.0 U=64,1100,12,0,-2 R=1091,1090,-1,0,-1 F=675,674,-1,3,-7 D=3512,3510,-2,2,7 L=1250,1250,0,0,-1 B=1248,1250,2,0,-2
mv U' code=0 aligned=1 homed=- ms=119.0 U=1102,2119,-7,1,-3 R=1091,1091,0,0,0 F=675,674,-1,3,-7 D=3512,3509,-3,2,6 L=1249,1250,1,0,-1 B=1248,1250,2,0,-2
mv U' code=0 aligned=1 homed=- ms=119.0 U=2122,3132,-14,2,0 R=1091,1090,-1,0,-1 F=675,674,-1,3,-7 D=3512,3509,-3,2,6 L=1249,1250,1,0,-1 B=1248,1250,2,0,-2
mv U' code=0 aligned=1 homed=- ms=119.0 U=3134,61,-1,3,-3 R=1091,1090,-1,0,-1 F=675,674,-1,3,-7 D=3512,3509,-3,2,6 L=1249,1250,1,0,-1 B=1248,1250,2,0,-2
mv U' code=0 aligned=1 homed=- ms=119.0 U=63,1100,13,0,-2 R=1091,1090,-1,0,-1 F=675,674,-1,3,-7 D=3511,3509,-2,2,6 L=1249,1249,0,0,-2 B=1248,1250,2,0,-2
mv U' code=0 aligned=1 homed=- ms=119.0 U=1102,2119,-7,1,-3 R=1091,1090,-1,0,-1 F=675,674,-1,3,-7 D=3511,3509,-2,2,6 L=1249,1250,1,0,-1 B=1248,1250,2,0,-2
mv U' code=0 aligned=1 homed=- ms=119.0 U=2122,3132,-14,2,0 R=1091,1090,-1,0,-1 F=675,674,-1,3,-7 D=3512,3509,-3,2,6 L=1249,1250,1,0,-1 B=1248,1250,2,0,-2
mv U' code=0 aligned=1 homed=- ms=119.0 U=3134,61,-1,3,-3 R=1091,1090,-1,0,-1 F=675,674,-1,3,-7 D=3512,3509,-3,2,6 L=1249,1250,1,0,-1 B=1248,1249,1,0,-3
mv U' code=0 aligned=1 homed=- ms=119.0 U=64,1099,11,0,-3 R=1091,1090,-1,0,-1 F=675,674,-1,3,-7 D=3512,3509,-3,2,6 L=1249,1250,1,0,-1 B=1248,1250,2,0,-2
mv U' code=0 aligned=1 homed=- ms=119.0 U=1102,2119,-7,1,-3 R=1091,1090,-1,0,-1 F=675,674,-1,3,-7 D=3512,3510,-2,2,7 L=1249,1250,1,0,-1 B=1248,1250,2,0,-2
mv U' code=0 aligned=1 homed=- ms=119.0 U=2122,3132,-14,2,0 R=1091,1090,-1,0,-1 F=675,674,-1,3,-7 D=3512,3510,-2,2,7 L=1249,1250,1,0,-1 B=1248,1250,2,0,-2
mv U' code=0 aligned=1 homed=- ms=119.0 U=3134,61,-1,3,-3 R=1091,1090,-1,0,-1 F=675,674,-1,3,-7 D=3512,3509,-3,2,6 L=1249,1249,0,0,-2 B=1248,1250,2,0,-2
mv U' code=0 aligned=1 homed=- ms=119.0 U=64,1099,11,0,-3 R=1091,1090,-1,0,-1 F=675,674,-1,3,-7 D=3512,3509,-3,2,6 L=1249,1250,1,0,-1 B=1248,1250,2,0,-2
mv U' code=0 aligned=1 homed=- ms=119.0 U=1102,2119,-7,1,-3 R=1091,1090,-1,0,-1 F=675,674,-1,3,-7 D=3512,3509,-3,2,6 L=1249,1250,1,0,-1 B=1248,1250,2,0,-2
mv U' code=0 aligned=1 homed=- ms=119.0 U=2122,3132,-14,2,0 R=1091,1090,-1,0,-1 F=675,674,-1,3,-7 D=3512,3509,-3,2,6 L=1249,1250,1,0,-1 B=1248,1250,2,0,-2
mv U' code=0 aligned=1 homed=- ms=119.0 U=3134,61,-1,3,-3 R=1091,1090,-1,0,-1 F=675,674,-1,3,-7 D=3512,3509,-3,2,6 L=1249,1249,0,0,-2 B=1248,1250,2,0,-2
mv U' code=0 aligned=1 homed=- ms=119.0 U=63,1100,13,0,-2 R=1091,1090,-1,0,-1 F=675,674,-1,3,-7 D=3512,3509,-3,2,6 L=1250,1250,0,0,-1 B=1248,1250,2,0,-2
mv U' code=0 aligned=1 homed=- ms=119.0 U=1102,2119,-7,1,-3 R=1091,1090,-1,0,-1 F=675,674,-1,3,-7 D=3512,3509,-3,2,6 L=1249,1250,1,0,-1 B=1248,1250,2,0,-2
mv U' code=0 aligned=1 homed=- ms=119.0 U=2122,3132,-14,2,0 R=1091,1090,-1,0,-1 F=675,674,-1,3,-7 D=3512,3509,-3,2,6 L=1249,1250,1,0,-1 B=1248,1250,2,0,-2
mv U' code=0 aligned=1 homed=- ms=119.0 U=3134,61,-1,3,-3 R=1091,1090,-1,0,-1 F=675,674,-1,3,-7 D=3512,3509,-3,2,6 L=1249,1250,1,0,-1 B=1248,1250,2,0,-2
mv U' code=0 aligned=1 homed=- ms=119.0 U=63,1100,13,0,-2 R=1091,1090,-1,0,-1 F=675,674,-1,3,-7 D=3512,3509,-3,2,6 L=1250,1249,-1,0,-2 B=1248,1250,2,0,-2
mv U' code=0 aligned=1 homed=- ms=119.0 U=1102,2119,-7,1,-3 R=1091,1090,-1,0,-1 F=675,674,-1,3,-7 D=3512,3509,-3,2,6 L=1249,1250,1,0,-1 B=1248,1250,2,0,-2
mv U' code=0 aligned=1 homed=- ms=119.0 U=2123,3132,-15,2,0 R=1091,1090,-1,0,-1 F=675,674,-1,3,-7 D=3511,3509,-2,2,6 L=1249,1249,0,0,-2 B=1248,1250,2,0,-2
mv U' code=0 aligned=1 homed=- ms=119.0 U=3134,61,-1,3,-3 R=1091,1090,-1,0,-1 F=675,674,-1,3,-7 D=3511,3509,-2,2,6 L=1249,1250,1,0,-1 B=1248,1250,2,0,-2
mv U' code=0 aligned=1 homed=- ms=119.0 U=63,1100,13,0,-2 R=1091,1090,-1,0,-1 F=675,674,-1,3,-7 D=3512,3510,-2,2,7 L=1249,1250,1,0,-1 B=1248,1250,2,0,-2
mv U' code=0 aligned=1 homed=- ms=119.0 U=1102,2119,-7,1,-3 R=1091,1090,-1,0,-1 F=675,674,-1,3,-7 D=3512,3509,-3,2,6 L=1249,1250,1,0,-1 B=1248,1250,2,0,-2
mv U' code=0 aligned=1 homed=- ms=119.0 U=2123,3132,-15,2,0 R=1091,1090,-1,0,-1 F=675,674,-1,3,-7 D=3512,3510,-2,2,7 L=1249,1250,1,0,-1 B=1248,1250,2,0,-2
mv U' code=0 aligned=1 homed=- ms=119.0 U=3135,61,-2,3,-3 R=1091,1090,-1,0,-1 F=675,674,-1,3,-7 D=3512,3509,-3,2,6 L=1249,1250,1,0,-1 B=1248,1250,2,0,-2
mv U' code=0 aligned=1 homed=- ms=119.0 U=64,1100,12,0,-2 R=1091,1090,-1,0,-1 F=675,674,-1,3,-7 D=3512,3509,-3,2,6 L=1249,1250,1,0,-1 B=1248,1250,2,0,-2
mv U' code=0 aligned=1 homed=- ms=119.0 U=1102,2119,-7,1,-3 R=1091,1090,-1,0,-1 F=675,674,-1,3,-7 D=3512,3509,-3,2,6 L=1250,1250,0,0,-1 B=1248,1250,2,0,-2
mv U' code=0 aligned=1 homed=- ms=119.0 U=2122,3132,-14,2,0 R=1091,1090,-1,0,-1 F=675,674,-1,3,-7 D=3512,3509,-3,2,6 L=1249,1250,1,0,-1 B=1248,1250,2,0,-2
mv U' code=0 aligned=1 homed=- ms=119.0 U=3135,61,-2,3,-3 R=1091,1090,-1,0,-1 F=675,674,-1,3,-7 D=3512,3509,-3,2,6 L=1249,1250,1,0,-1 B=1248,1250,2,0,-2
mv U' code=0 aligned=1 homed=- ms=119.0 U=64,1099,11,0,-3 R=1091,1090,-1,0,-1 F=675,674,-1,3,-7 D=3512,3509,-3,2,6 L=1249,1250,1,0,-1 B=1248,1250,2,0,-2
mv U' code=0 aligned=1 homed=- ms=119.0 U=1102,2120,-6,1,-2 R=1091,1090,-1,0,-1 F=675,674,-1,3,-7 D=3511,3509,-2,2,6 L=1250,1249,-1,0,-2 B=1248,1250,2,0,-2
mv U' code=0 aligned=1 homed=- ms=119.0 U=2122,3132,-14,2,0 R=1091,1090,-1,0,-1 F=675,674,-1,3,-7 D=3512,3509,-3,2,6 L=1249,1250,1,0,-1 B=1248,1250,2,0,-2
mv U' code=0 aligned=1 homed=- ms=119.0 U=3135,61,-2,3,-3 R=1091,1090,-1,0,-1 F=675,674,-1,3,-7 D=3512,3509,-3,2,6 L=1249,1250,1,0,-1 B=1248,1250,2,0,-2
mv U' code=0 aligned=1 homed=- ms=119.0 U=64,1100,12,0,-2 R=1091,1090,-1,0,-1 F=675,674,-1,3,-7 D=3511,3509,-2,2,6 L=1249,1250,1,0,-1 B=1248,1250,2,0,-2
mv U' code=0 aligned=1 homed=- ms=119.0 U=1102,2119,-7,1,-3 R=1091,1090,-1,0,-1 F=675,674,-1,3,-7 D=3512,3510,-2,2,7 L=1249,1250,1,0,-1 B=1248,1250,2,0,-2
mv U' code=0 aligned=1 homed=- ms=119.0 U=2122,3132,-14,2,0 R=1091,1090,-1,0,-1 F=675,674,-1,3,-7 D=3512,3509,-3,2,6 L=1249,1250,1,0,-1 B=1248,1250,2,0,-2
mv U' code=0 aligned=1 homed=- ms=119.0 U=3135,61,-2,3,-3 R=1091,1090,-1,0,-1 F=675,674,-1,3,-7 D=3512,3509,-3,2,6 L=1249,1250,1,0,-1 B=1248,1250,2,0,-2
mv U' code=0 aligned=1 homed=- ms=119.0 U=63,1099,12,0,-3 R=1091,1090,-1,0,-1 F=675,674,-1,3,-7 D=3511,3510,-1,2,7 L=1250,1250,0,0,-1 B=1248,1250,2,0,-2
mv U' code=0 aligned=1 homed=- ms=119.0 U=1102,2119,-7,1,-3 R=1091,1090,-1,0,-1 F=675,674,-1,3,-7 D=3512,3510,-2,2,7 L=1249,1250,1,0,-1 B=1248,1250,2,0,-2
mv U' code=0 aligned=1 homed=- ms=119.0 U=2122,3132,-14,2,0 R=1091,1090,-1,0,-1 F=675,674,-1,3,-7 D=3511,3509,-2,2,6 L=1249,1250,1,0,-1 B=1248,1250,2,0,-2
mv U' code=0 aligned=1 homed=- ms=119.0 U=3133,60,-1,3,-4 R=1091,1090,-1,0,-1 F=675,674,-1,3,-7 D=3512,3509,-3,2,6 L=1249,1250,1,0,-1 B=1248,1250,2,0,-2
mv U' code=0 aligned=1 homed=- ms=119.0 U=62,1100,14,0,-2 R=1091,1090,-1,0,-1 F=675,674,-1,3,-7 D=3512,3509,-3,2,6 L=1249,1250,1,0,-1 B=1248,1250,2,0,-2
mv U' code=0 aligned=1 homed=- ms=119.0 U=1101,2120,-5,1,-2 R=1091,1090,-1,0,-1 F=675,674,-1,3,-7 D=3512,3509,-3,2,6 L=1250,1249,-1,0,-2 B=1248,1250,2,0,-2
mv U' code=0 aligned=1 homed=- ms=119.0 U=2122,3132,-14,2,0 R=1091,1090,-1,0,-1 F=675,674,-1,3,-7 D=3512,3509,-3,2,6 L=1249,1250,1,0,-1 B=1248,1250,2,0,-2
mv U' code=0 aligned=1 homed=- ms=119.0 U=3134,61,-1,3,-3 R=1091,1090,-1,0,-1 F=675,674,-1,3,-7 D=3511,3510,-1,2,7 L=1249,1250,1,0,-1 B=1248,1250,2,0,-2
mv U' code=0 aligned=1 homed=- ms=119.0 U=64,1100,12,0,-2 R=1091,1090,-1,0,-1 F=675,674,-1,3,-7 D=3512,3509,-3,2,6 L=1249,1250,1,0,-1 B=1248,1250,2,0,-2
mv U' code=0 aligned=1 homed=- ms=119.0 U=1102,2119,-7,1,-3 R=1091,1090,-1,0,-1 F=675,674,-1,3,-7 D=3512,3509,-3,2,6 L=1249,1250,1,0,-1 B=1248,1250,2,0,-2
mv U' code=0 aligned=1 homed=- ms=119.0 U=2122,3132,-14,2,0 R=1091,1090,-1,0,-1 F=675,674,-1,3,-7 D=3512,3509,-3,2,6 L=1250,1250,0,0,-1 B=1248,1250,2,0,-2
mv U' code=0 aligned=1 homed=- ms=119.0 U=3133,61,0,3,-3 R=1091,1090,-1,0,-1 F=675,674,-1,3,-7 D=3512,3509,-3,2,6 L=1249,1250,1,0,-1 B=1248,1250,2,0,-2
mv U' code=0 aligned=1 homed=- ms=119.0 U=61,1100,15,0,-2 R=1091,1090,-1,0,-1 F=675,674,-1,3,-7 D=3511,3509,-2,2,6 L=1249,1249,0,0,-2 B=1248,1250,2,0,-2
mv U' code=0 aligned=1 homed=- ms=119.0 U=1100,2119,-5,1,-3 R=1091,1090,-1,0,-1 F=675,674,-1,3,-7 D=3512,3509,-3,2,6 L=1249,1250,1,0,-1 B=1248,1250,2,0,-2
mv U' code=0 aligned=1 homed=- ms=119.0 U=2120,3131,-13,2,-1 R=1091,1090,-1,0,-1 F=675,674,-1,3,-7 D=3512,3509,-3,2,6 L=1249,1250,1,0,-1 B=1248,1250,2,0,-2
mv U' code=0 aligned=1 homed=- ms=119.0 U=3131,61,2,3,-3 R=1091,1090,-1,0,-1 F=675,674,-1,3,-7 D=3512,3510,-2,2,7 L=1249,1250,1,0,-1 B=1248,1250,2,0,-2
mv U' code=0 aligned=1 homed=- ms=119.0 U=59,1099,16,0,-3 R=1091,1090,-1,0,-1 F=675,674,-1,3,-7 D=3512,3509,-3,2,6 L=1249,1250,1,0,-1 B=1248,1250,2,0,-2
mv U' code=0 aligned=1 homed=- ms=119.0 U=1097,2119,-2,1,-3 R=1091,1090,-1,0,-1 F=675,674,-1,3,-7 D=3512,3509,-3,2,6 L=1249,1250,1,0,-1 B=1248,1250,2,0,-2
mv U' code=0 aligned=1 homed=- ms=119.0 U=2119,3132,-11,2,0 R=1091,1090,-1,0,-1 F=675,674,-1,3,-7 D=3512,3509,-3,2,6 L=1249,1250,1,0,-1 B=1248,1250,2,0,-2
mv U' code=0 aligned=1 homed=- ms=119.0 U=3129,60,3,3,-4 R=1091,1090,-1,0,-1 F=675,674,-1,3,-7 D=3512,3509,-3,2,6 L=1249,1250,1,0,-1 B=1248,1250,2,0,-2
mv U' code=0 aligned=1 homed=- ms=119.0 U=59,1100,17,0,-2 R=1091,1090,-1,0,-1 F=675,674,-1,3,-7 D=3512,3509,-3,2,6 L=1249,1250,1,0,-1 B=1248,1250,2,0,-2
mv U' code=0 aligned=1 homed=- ms=119.0 U=1097,2119,-2,1,-3 R=1091,1090,-1,0,-1 F=675,674,-1,3,-7 D=3512,3509,-3,2,6 L=1249,1250,1,0,-1 B=1248,1250,2,0,-2
mv U' code=0 aligned=1 homed=- ms=119.0 U=2117,3132,-9,2,0 R=1091,1090,-1,0,-1 F=675,674,-1,3,-7 D=3512,3509,-3,2,6 L=1249,1250,1,0,-1 B=1248,1249,1,0,-3
mv U' code=0 aligned=1 homed=- ms=119.0 U=3125,61,8,3,-3 R=1091,1091,0,0,0 F=675,674,-1,3,-7 D=3512,3510,-2,2,7 L=1249,1250,1,0,-1 B=1248,1250,2,0,-2
mv U' code=0 aligned=1 homed=- ms=119.0 U=58,1099,17,0,-3 R=1091,1090,-1,0,-1 F=675,674,-1,3,-7 D=3511,3510,-1,2,7 L=1249,1250,1,0,-1 B=1248,1250,2,0,-2
mv U' code=0 aligned=1 homed=- ms=119.0 U=1095,2119,0,1,-3 R=1091,1090,-1,0,-1 F=675,674,-1,3,-7 D=3512,3509,-3,2,6 L=1249,1250,1,0,-1 B=1248,1250,2,0,-2
mv U' code=0 aligned=1 homed=- ms=119.0 U=2112,3131,-5,2,-1 R=1091,1090,-1,0,-1 F=675,674,-1,3,-7 D=3512,3509,-3,2,6 L=1249,1250,1,0,-1 B=1249,1250,1,0,-2
mv U' code=0 aligned=1 homed=- ms=119.0 U=3116,60,16,3,-4 R=1091,1090,-1,0,-1 F=675,674,-1,3,-7 D=3512,3509,-3,2,6 L=1249,1250,1,0,-1 B=1248,1250,2,0,-2
mv U' code=0 aligned=1 homed=- ms=119.0 U=53,1099,22,0,-3 R=1091,1090,-1,0,-1 F=675,674,-1,3,-7 D=3512,3509,-3,2,6 L=1249,1250,1,0,-1 B=1248,1250,2,0,-2
mv U' code=0 aligned=1 homed=- ms=119.0 U=1083,2119,12,1,-3 R=1091,1090,-1,0,-1 F=675,674,-1,3,-7 D=3512,3510,-2,2,7 L=1249,1250,1,0,-1 B=1248,1250,2,0,-2
mv U' code=0 aligned=1 homed=- ms=119.0 U=2102,3131,5,2,-1 R=1091,1090,-1,0,-1 F=675,674,-1,3,-7 D=3512,3510,-2,2,7 L=1249,1250,1,0,-1 B=1248,1250,2,0,-2
mv U' code=0 aligned=1 homed=- ms=119.0 U=3116,60,16,3,-4 R=1091,1090,-1,0,-1 F=675,674,-1,3,-7 D=3511,3509,-2,2,6 L=1250,1250,0,0,-1 B=1248,1250,2,0,-2
mv U' code=0 aligned=1 homed=- ms=119.0 U=49,1099,26,0,-3 R=1091,1090,-1,0,-1 F=675,674,-1,3,-7 D=3512,3509,-3,2,6 L=1249,1250,1,0,-1 B=1248,1250,2,0,-2
mv U' code=0 aligned=1 homed=- ms=119.0 U=1082,2119,13,1,-3 R=1091,1090,-1,0,-1 F=675,674,-1,3,-7 D=3511,3510,-1,2,7 L=1250,1250,0,0,-1 B=1248,1250,2,0,-2
mv U' code=0 aligned=1 homed=- ms=119.0 U=2106,3131,1,2,-1 R=1091,1090,-1,0,-1 F=675,674,-1,3,-7 D=3512,3510,-2,2,7 L=1250,1250,0,0,-1 B=1248,1250,2,0,-2
mv U' code=0 aligned=1 homed=- ms=119.0 U=3115,60,17,3,-4 R=1091,1090,-1,0,-1 F=675,674,-1,3,-7 D=3512,3510,-2,2,7 L=1249,1250,1,0,-1 B=1248,1250,2,0,-2
mv U' code=0 aligned=1 homed=- ms=119.0 U=46,1099,29,0,-3 R=1091,1090,-1,0,-1 F=675,674,-1,3,-7 D=3512,3509,-3,2,6 L=1249,1250,1,0,-1 B=1248,1250,2,0,-2
mv U' code=0 aligned=1 homed=- ms=119.0 U=1079,2119,16,1,-3 R=1091,1090,-1,0,-1 F=675,674,-1,3,-7 D=3512,3509,-3,2,6 L=1249,1250,1,0,-1 B=1248,1249,1,0,-3
mv U' code=0 aligned=1 homed=- ms=119.0 U=2100,3131,7,2,-1 R=1091,1090,-1,0,-1 F=675,673,-2,3,-8 D=3512,3509,-3,2,6 L=1250,1250,0,0,-1 B=1248,1250,2,0,-2
mv U' code=0 aligned=1 homed=- ms=119.0 U=3113,60,19,3,-4 R=1091,1090,-1,0,-1 F=675,674,-1,3,-7 D=3512,3509,-3,2,6 L=1249,1249,0,0,-2 B=1248,1250,2,0,-2
mv U' code=0 aligned=1 homed=- ms=119.0 U=45,1099,30,0,-3 R=1091,1090,-1,0,-1 F=675,674,-1,3,-7 D=3511,3509,-2,2,6 L=1249,1250,1,0,-1 B=1248,1250,2,0,-2
mv U' code=0 aligned=1 homed=- ms=119.0 U=1081,2119,14,1,-3 R=1091,1090,-1,0,-1 F=675,674,-1,3,-7 D=3512,3509,-3,2,6 L=1249,1250,1,0,-1 B=1248,1250,2,0,-2
mv U' code=0 aligned=1 homed=- ms=119.0 U=2103,3132,5,2,0 R=1091,1090,-1,0,-1 F=675,674,-1,3,-7 D=3512,3510,-2,2,7 L=1250,1250,0,0,-1 B=1248,1250,2,0,-2
mv U' code=0 aligned=1 homed=- ms=119.0 U=3129,61,4,3,-3 R=1091,1090,-1,0,-1 F=675,674,-1,3,-7 D=3512,3509,-3,2,6 L=1249,1250,1,0,-1 B=1248,1250,2,0,-2
mv U' code=0 aligned=1 homed=- ms=119.0 U=62,1100,14,0,-2 R=1091,1090,-1,0,-1 F=675,674,-1,3,-7 D=3512,3510,-2,2,7 L=1249,1250,1,0,-1 B=1248,1250,2,0,-2
mv U' code=0 aligned=1 homed=- ms=119.0 U=1102,2119,-7,1,-3 R=1091,1090,-1,0,-1 F=675,674,-1,3,-7 D=3512,3510,-2,2,7 L=1249,1250,1,0,-1 B=1248,1250,2,0,-2
mv U' code=0 aligned=1 homed=- ms=119.0 U=2122,3132,-14,2,0 R=1091,1090,-1,0,-1 F=675,674,-1,3,-7 D=3512,3509,-3,2,6 L=1249,1250,1,0,-1 B=1248,1250,2,0,-2
mv U' code=0 aligned=1 homed=- ms=119.0 U=3134,61,-1,3,-3 R=1091,1090,-1,0,-1 F=675,674,-1,3,-7 D=3512,3509,-3,2,6 L=1249,1250,1,0,-1 B=1248,1250,2,0,-2
mv U' code=0 aligned=1 homed=- ms=119.0 U=63,1100,13,0,-2 R=1091,1091,0,0,0 F=675,674,-1,3,-7 D=3512,3509,-3,2,6 L=1250,1250,0,0,-1 B=1248,1250,2,0,-2
mv U' code=0 aligned=1 homed=- ms=119.0 U=1101,2119,-6,1,-3 R=1091,1090,-1,0,-1 F=675,674,-1,3,-7 D=3512,3509,-3,2,6 L=1249,1250,1,0,-1 B=1248,1250,2,0,-2
mv U' code=0 aligned=1 homed=- ms=119.0 U=2122,3132,-14,2,0 R=1091,1090,-1,0,-1 F=675,674,-1,3,-7 D=3512,3509,-3,2,6 L=1249,1250,1,0,-1 B=1248,1250,2,0,-2
mv U' code=0 aligned=1 homed=- ms=119.0 U=3134,61,-1,3,-3 R=1091,1090,-1,0,-1 F=675,674,-1,3,-7 D=3512,3510,-2,2,7 L=1249,1250,1,0,-1 B=1248,1250,2,0,-2
mv U' code=0 aligned=1 homed=- ms=119.0 U=63,1099,12,0,-3 R=1091,1090,-1,0,-1 F=675,674,-1,3,-7 D=3512,3509,-3,2,6 L=1249,1250,1,0,-1 B=1248,1250,2,0,-2
mv U' code=0 aligned=1 homed=- ms=119.0 U=1101,2120,-5,1,-2 R=1091,1090,-1,0,-1 F=675,674,-1,3,-7 D=3512,3509,-3,2,6 L=1249,1250,1,0,-1 B=1248,1250,2,0,-2
mv U' code=0 aligned=1 homed=- ms=119.0 U=2122,3132,-14,2,0 R=1091,1090,-1,0,-1 F=675,674,-1,3,-7 D=3512,3509,-3,2,6 L=1249,1250,1,0,-1 B=1248,1250,2,0,-2
mv U' code=0 aligned=1 homed=- ms=119.0 U=3133,60,-1,3,-4 R=1091,1090,-1,0,-1 F=675,674,-1,3,-7 D=3512,3509,-3,2,6 L=1250,1250,0,0,-1 B=1248,1250,2,0,-2
mv U' code=0 aligned=1 homed=- ms=119.0 U=62,1099,13,0,-3 R=1091,1090,-1,0,-1 F=675,674,-1,3,-7 D=3511,3509,-2,2,6 L=1249,1250,1,0,-1 B=1248,1250,2,0,-2
mv U' code=0 aligned=1 homed=- ms=119.0 U=1101,2119,-6,1,-3 R=1091,1090,-1,0,-1 F=675,674,-1,3,-7 D=3512,3509,-3,2,6 L=1250,1250,0,0,-1 B=1248,1249,1,0,-3
mv U' code=0 aligned=1 homed=- ms=119.0 U=2122,3132,-14,2,0 R=1091,1090,-1,0,-1 F=675,674,-1,3,-7 D=3512,3510,-2,2,7 L=1249,1250,1,0,-1 B=1248,1250,2,0,-2
mv U' code=0 aligned=1 homed=- ms=119.0 U=3133,60,-1,3,-4 R=1091,1090,-1,0,-1 F=675,674,-1,3,-7 D=3512,3509,-3,2,6 L=1249,1250,1,0,-1 B=1248,1250,2,0,-2
mv U' code=0 aligned=1 homed=- ms=119.0 U=62,1099,13,0,-3 R=1091,1090,-1,0,-1 F=675,674,-1,3,-7 D=3511,3509,-2,2,6 L=1249,1250,1,0,-1 B=1248,1250,2,0,-2
mv U' code=0 aligned=1 homed=- ms=119.0 U=1099,2119,-4,1,-3 R=1091,1090,-1,0,-1 F=675,674,-1,3,-7 D=3512,3509,-3,2,6 L=1249,1250,1,0,-1 B=1248,1250,2,0,-2
mv U' code=0 aligned=1 homed=- ms=119.0 U=2120,3132,-12,2,0 R=1091,1091,0,0,0 F=675,674,-1,3,-7 D=3511,3510,-1,2,7 L=1249,1250,1,0,-1 B=1248,1250,2,0,-2
mv U' code=0 aligned=1 homed=- ms=119.0 U=3132,61,1,3,-3 R=1091,1090,-1,0,-1 F=675,674,-1,3,-7 D=3512,3509,-3,2,6 L=1249,1250,1,0,-1 B=1248,1250,2,0,-2
mv U' code=0 aligned=1 homed=- ms=119.0 U=62,1100,14,0,-2 R=1091,1090,-1,0,-1 F=675,674,-1,3,-7 D=3512,3509,-3,2,6 L=1249,1250,1,0,-1 B=1248,1250,2,0,-2
mv U' code=0 aligned=1 homed=- ms=119.0 U=1100,2119,-5,1,-3 R=1091,1090,-1,0,-1 F=675,674,-1,3,-7 D=3511,3510,-1,2,7 L=1249,1250,1,0,-1 B=1248,1250,2,0,-2
mv U' code=0 aligned=1 homed=- ms=119.0 U=2121,3132,-13,2,0 R=1091,1090,-1,0,-1 F=675,674,-1,3,-7 D=3512,3510,-2,2,7 L=1249,1250,1,0,-1 B=1248,1250,2,0,-2
mv U' code=0 aligned=1 homed=- ms=119.0 U=3133,61,0,3,-3 R=1091,1090,-1,0,-1 F=675,674,-1,3,-7 D=3512,3510,-2,2,7 L=1249,1250,1,0,-1 B=1248,1250,2,0,-2
mv U' code=0 aligned=1 homed=- ms=119.0 U=63,1099,12,0,-3 R=1091,1090,-1,0,-1 F=675,674,-1,3,-7 D=3512,3509,-3,2,6 L=1249,1250,1,0,-1 B=1248,1250,2,0,-2
mv U' code=0 aligned=1 homed=- ms=119.0 U=1101,2119,-6,1,-3 R=1091,1090,-1,0,-1 F=675,674,-1,3,-7 D=3512,3509,-3,2,6 L=1249,1250,1,0,-1 B=1248,1250,2,0,-2
mv U' code=0 aligned=1 homed=- ms=119.0 U=2121,3132,-13,2,0 R=1091,1090,-1,0,-1 F=675,674,-1,3,-7 D=3512,3509,-3,2,6 L=1249,1250,1,0,-1 B=1248,1250,2,0,-2
mv U' code=0 aligned=1 homed=- ms=119.0 U=3134,61,-1,3,-3 R=1091,1090,-1,0,-1 F=675,674,-1,3,-7 D=3512,3510,-2,2,7 L=1249,1250,1,0,-1 B=1248,1250,2,0,-2
mv U' code=0 aligned=1 homed=- ms=119.0 U=63,1100,13,0,-2 R=1091,1090,-1,0,-1 F=675,674,-1,3,-7 D=3512,3509,-3,2,6 L=1249,1250,1,0,-1 B=1248,1250,2,0,-2
mv U' code=0 aligned=1 homed=- ms=119.0 U=1101,2119,-6,1,-3 R=1091,1090,-1,0,-1 F=675,674,-1,3,-7 D=3512,3509,-3,2,6 L=1249,1250,1,0,-1 B=1248,1250,2,0,-2
mv U' code=0 aligned=1 homed=- ms=119.0 U=2122,3132,-14,2,0 R=1091,1090,-1,0,-1 F=675,674,-1,3,-7 D=3512,3509,-3,2,6 L=1249,1250,1,0,-1 B=1248,1250,2,0,-2
mv U' code=0 aligned=1 homed=- ms=119.0 U=3134,61,-1,3,-3 R=1091,1090,-1,0,-1 F=675,674,-1,3,-7 D=3512,3509,-3,2,6 L=1249,1250,1,0,-1 B=1248,1250,2,0,-2
mv U' code=0 aligned=1 homed=- ms=119.0 U=63,1099,12,0,-3 R=1091,1090,-1,0,-1 F=675,674,-1,3,-7 D=3512,3509,-3,2,6 L=1249,1250,1,0,-1 B=1248,1249,1,0,-3
[align] motor 0 err=-37 counts (-3.6 steps)
[align] motor 1 err=0 counts (0.0 steps)
[align] motor 2 err=-7 counts (-0.7 steps)
[align] motor 3 err=6 counts (0.6 steps)
[align] motor 4 err=-3 counts (-0.3 steps)
[align] motor 5 err=-6 counts (-0.6 steps)
mv U' code=0 aligned=0 homed=0 ms=119.0 U=1099,2118,-5,1,-4 R=1091,1090,-1,0,-1 F=675,674,-1,3,-7 D=3512,3510,-2,2,7 L=1249,1250,1,0,-1 B=1248,1250,2,0,-2
[align] motor 0 err=-76 counts (-7.4 steps)
[align] motor 1 err=0 counts (0.0 steps)
[align] motor 2 err=-7 counts (-0.7 steps)
[align] motor 3 err=6 counts (0.6 steps)
[align] motor 4 err=-3 counts (-0.3 steps)
[align] motor 5 err=-6 counts (-0.6 steps)
mv U' code=0 aligned=0 homed=0 ms=119.0 U=2118,3061,-81,2,-71 R=1090,1090,0,0,-1 F=674,674,0,3,-7 D=3510,3510,0,2,7 L=1250,1250,0,0,-1 B=1250,1250,0,0,-2
mv U' code=0 aligned=1 homed=- ms=119.0 U=3126,60,6,3,-4 R=1090,1090,0,0,-1 F=674,674,0,3,-7 D=3510,3510,0,2,7 L=1250,1250,0,0,-1 B=1250,1250,0,0,-2
mv U' code=0 aligned=1 homed=- ms=119.0 U=61,1100,15,0,-2 R=1091,1090,-1,0,-1 F=675,674,-1,3,-7 D=3512,3510,-2,2,7 L=1249,1250,1,0,-1 B=1248,1250,2,0,-2
mv U' code=0 aligned=1 homed=- ms=119.0 U=1101,2120,-5,1,-2 R=1091,1090,-1,0,-1 F=675,674,-1,3,-7 D=3512,3509,-3,2,6 L=1249,1250,1,0,-1 B=1248,1250,2,0,-2
mv U' code=0 aligned=1 homed=- ms=119.0 U=2121,3131,-14,2,-1 R=1091,1090,-1,0,-1 F=675,674,-1,3,-7 D=3512,3509,-3,2,6 L=1249,1250,1,0,-1 B=1248,1250,2,0,-2
rep moves=200 notaligned=2 homings=2 failures=0 avgms=119.0
res U=200,-0.8,12.2,81 R=- F=- D=- L=- B=-
ok
> home
[align] motor 0 err=2 counts (0.2 steps)
[align] motor 1 err=0 counts (0.0 steps)
[align] motor 2 err=-7 counts (-0.7 steps)
[align] motor 3 err=7 counts (0.7 steps)
[align] motor 4 err=-2 counts (-0.2 steps)
[align] motor 5 err=-6 counts (-0.6 steps)
home code=0 ms=5 en=0
enc U=3132 R=1090 F=674 D=3511 L=1249 B=1250 RING=2768
near U=2:0 R=0:-1 F=3:-7 D=2:8 L=0:-2 B=0:-2
ok
> enc
enc U=3134 R=1091 F=675 D=3513 L=1250 B=1249 RING=2768
near U=2:2 R=0:0 F=3:-6 D=2:10 L=0:-1 B=0:-3
ok
> rep 100 U2 U2
mv U2 code=0 aligned=1 homed=- ms=219.0 U=3134,1099,13,0,-3 R=1091,1090,-1,0,-1 F=675,674,-1,3,-7 D=3514,3509,-5,2,6 L=1249,1250,1,0,-1 B=1249,1250,1,0,-2
mv U2 code=0 aligned=1 homed=- ms=219.0 U=1103,3131,-20,2,-1 R=1091,1090,-1,0,-1 F=675,674,-1,3,-7 D=3512,3509,-3,2,6 L=1249,1249,0,0,-2 B=1248,1250,2,0,-2
mv U2 code=0 aligned=1 homed=- ms=219.0 U=3135,1098,11,0,-4 R=1091,1090,-1,0,-1 F=675,674,-1,3,-7 D=3512,3509,-3,2,6 L=1249,1250,1,0,-1 B=1248,1250,2,0,-2
mv U2 code=0 aligned=1 homed=- ms=219.0 U=1103,3131,-20,2,-1 R=1091,1090,-1,0,-1 F=675,674,-1,3,-7 D=3512,3509,-3,2,6 L=1249,1250,1,0,-1 B=1248,1250,2,0,-2
mv U2 code=0 aligned=1 homed=- ms=219.0 U=3136,1098,10,0,-4 R=1091,1090,-1,0,-1 F=675,674,-1,3,-7 D=3512,3509,-3,2,6 L=1249,1249,0,0,-2 B=1248,1250,2,0,-2
mv U2 code=0 aligned=1 homed=- ms=219.0 U=1103,3131,-20,2,-1 R=1091,1090,-1,0,-1 F=675,674,-1,3,-7 D=3512,3510,-2,2,7 L=1249,1250,1,0,-1 B=1248,1250,2,0,-2
mv U2 code=0 aligned=1 homed=- ms=219.0 U=3136,1099,11,0,-3 R=1091,1090,-1,0,-1 F=675,674,-1,3,-7 D=3512,3509,-3,2,6 L=1249,1250,1,0,-1 B=1248,1250,2,0,-2
mv U2 code=0 aligned=1 homed=- ms=219.0 U=1103,3131,-20,2,-1 R=1091,1090,-1,0,-1 F=675,674,-1,3,-7 D=3512,3509,-3,2,6 L=1249,1250,1,0,-1 B=1248,1250,2,0,-2
mv U2 code=0 aligned=1 homed=- ms=219.0 U=3135,1099,12,0,-3 R=1091,1090,-1,0,-1 F=675,674,-1,3,-7 D=3512,3509,-3,2,6 L=1249,1250,1,0,-1 B=1248,1250,2,0,-2
mv U2 code=0 aligned=1 homed=- ms=219.0 U=1103,3131,-20,2,-1 R=1091,1090,-1,0,-1 F=675,674,-1,3,-7 D=3512,3509,-3,2,6 L=1249,1250,1,0,-1 B=1248,1250,2,0,-2
mv U2 code=0 aligned=1 homed=- ms=219.0 U=3135,1099,12,0,-3 R=1091,1090,-1,0,-1 F=675,674,-1,3,-7 D=3512,3509,-3,2,6 L=1249,1249,0,0,-2 B=1248,1250,2,0,-2
mv U2 code=0 aligned=1 homed=- ms=219.0 U=1106,3132,-22,2,0 R=1091,1090,-1,0,-1 F=675,674,-1,3,-7 D=3512,3510,-2,2,7 L=1249,1250,1,0,-1 B=1248,1250,2,0,-2
mv U2 code=0 aligned=1 homed=- ms=219.0 U=3152,1099,-5,0,-3 R=1091,1091,0,0,0 F=675,674,-1,3,-7 D=3512,3509,-3,2,6 L=1249,1250,1,0,-1 B=1248,1250,2,0,-2
mv U2 code=0 aligned=1 homed=- ms=219.0 U=1104,3131,-21,2,-1 R=1091,1090,-1,0,-1 F=675,674,-1,3,-7 D=3512,3509,-3,2,6 L=1250,1249,-1,0,-2 B=1248,1250,2,0,-2
mv U2 code=0 aligned=1 homed=- ms=219.0 U=3136,1099,11,0,-3 R=1091,1090,-1,0,-1 F=675,674,-1,3,-7 D=3512,3509,-3,2,6 L=1249,1250,1,0,-1 B=1248,1250,2,0,-2
mv U2 code=0 aligned=1 homed=- ms=219.0 U=1102,3131,-19,2,-1 R=1091,1090,-1,0,-1 F=675,674,-1,3,-7 D=3512,3509,-3,2,6 L=1249,1250,1,0,-1 B=1248,1250,2,0,-2
mv U2 code=0 aligned=1 homed=- ms=219.0 U=3136,1099,11,0,-3 R=1091,1090,-1,0,-1 F=675,674,-1,3,-7 D=3511,3509,-2,2,6 L=1249,1250,1,0,-1 B=1248,1250,2,0,-2
mv U2 code=0 aligned=1 homed=- ms=219.0 U=1102,3131,-19,2,-1 R=1091,1090,-1,0,-1 F=675,674,-1,3,-7 D=3511,3509,-2,2,6 L=1250,1250,0,0,-1 B=1248,1250,2,0,-2
mv U2 code=0 aligned=1 homed=- ms=219.0 U=3135,1099,12,0,-3 R=1091,1090,-1,0,-1 F=675,674,-1,3,-7 D=3512,3509,-3,2,6 L=1249,1250,1,0,-1 B=1248,1250,2,0,-2
mv U2 code=0 aligned=1 homed=- ms=219.0 U=1103,3131,-20,2,-1 R=1091,1090,-1,0,-1 F=675,674,-1,3,-7 D=3512,3509,-3,2,6 L=1249,1250,1,0,-1 B=1248,1250,2,0,-2
mv U2 code=0 aligned=1 homed=- ms=219.0 U=3135,1099,12,0,-3 R=1091,1090,-1,0,-1 F=675,674,-1,3,-7 D=3512,3509,-3,2,6 L=1250,1250,0,0,-1 B=1248,1250,2,0,-2
mv U2 code=0 aligned=1 homed=- ms=219.0 U=1103,3131,-20,2,-1 R=1091,1091,0,0,0 F=675,674,-1,3,-7 D=3512,3509,-3,2,6 L=1249,1250,1,0,-1 B=1248,1250,2,0,-2
mv U2 code=0 aligned=1 homed=- ms=219.0 U=3135,1099,12,0,-3 R=1091,1090,-1,0,-1 F=675,674,-1,3,-7 D=3512,3509,-3,2,6 L=1249,1250,1,0,-1 B=1248,1250,2,0,-2
mv U2 code=0 aligned=1 homed=- ms=219.0 U=1103,3131,-20,2,-1 R=1091,1090,-1,0,-1 F=675,674,-1,3,-7 D=3512,3509,-3,2,6 L=1250,1250,0,0,-1 B=1248,1250,2,0,-2
mv U2 code=0 aligned=1 homed=- ms=219.0 U=3135,1099,12,0,-3 R=1091,1090,-1,0,-1 F=675,674,-1,3,-7 D=3512,3509,-3,2,6 L=1249,1250,1,0,-1 B=1248,1250,2,0,-2
mv U2 code=0 aligned=1 homed=- ms=219.0 U=1103,3131,-20,2,-1 R=1091,1090,-1,0,-1 F=675,674,-1,3,-7 D=3511,3509,-2,2,6 L=1250,1250,0,0,-1 B=1248,1250,2,0,-2
mv U2 code=0 aligned=1 homed=- ms=219.0 U=3135,1099,12,0,-3 R=1091,1091,0,0,0 F=675,674,-1,3,-7 D=3512,3509,-3,2,6 L=1249,1250,1,0,-1 B=1248,1250,2,0,-2
mv U2 code=0 aligned=1 homed=- ms=219.0 U=1102,3131,-19,2,-1 R=1091,1090,-1,0,-1 F=675,674,-1,3,-7 D=3512,3509,-3,2,6 L=1250,1250,0,0,-1 B=1248,1250,2,0,-2
mv U2 code=0 aligned=1 homed=- ms=219.0 U=3135,1099,12,0,-3 R=1091,1090,-1,0,-1 F=675,674,-1,3,-7 D=3511,3510,-1,2,7 L=1249,1250,1,0,-1 B=1248,1250,2,0,-2
mv U2 code=0 aligned=1 homed=- ms=219.0 U=1102,3131,-19,2,-1 R=1091,1090,-1,0,-1 F=675,674,-1,3,-7 D=3512,3509,-3,2,6 L=1250,1250,0,0,-1 B=1248,1250,2,0,-2
mv U2 code=0 aligned=1 homed=- ms=219.0 U=3135,1099,12,0,-3 R=1091,1090,-1,0,-1 F=675,674,-1,3,-7 D=3512,3509,-3,2,6 L=1250,1250,0,0,-1 B=1248,1250,2,0,-2
mv U2 code=0 aligned=1 homed=- ms=219.0 U=1102,3131,-19,2,-1 R=1091,1090,-1,0,-1 F=675,674,-1,3,-7 D=3511,3509,-2,2,6 L=1249,1250,1,0,-1 B=1248,1250,2,0,-2
mv U2 code=0 aligned=1 homed=- ms=219.0 U=3135,1098,11,0,-4 R=1091,1090,-1,0,-1 F=675,674,-1,3,-7 D=3512,3509,-3,2,6 L=1249,1250,1,0,-1 B=1248,1250,2,0,-2
mv U2 code=0 aligned=1 homed=- ms=219.0 U=1103,3131,-20,2,-1 R=1091,1090,-1,0,-1 F=675,674,-1,3,-7 D=3512,3509,-3,2,6 L=1249,1250,1,0,-1 B=1248,1250,2,0,-2
mv U2 code=0 aligned=1 homed=- ms=219.0 U=3135,1099,12,0,-3 R=1091,1090,-1,0,-1 F=675,674,-1,3,-7 D=3512,3509,-3,2,6 L=1249,1250,1,0,-1 B=1248,1250,2,0,-2
mv U2 code=0 aligned=1 homed=- ms=219.0 U=1103,3131,-20,2,-1 R=1091,1090,-1,0,-1 F=675,674,-1,3,-7 D=3512,3509,-3,2,6 L=1249,1250,1,0,-1 B=1248,1250,2,0,-2
mv U2 code=0 aligned=1 homed=- ms=219.0 U=3135,1099,12,0,-3 R=1091,1090,-1,0,-1 F=675,674,-1,3,-7 D=3512,3510,-2,2,7 L=1249,1250,1,0,-1 B=1248,1250,2,0,-2
mv U2 code=0 aligned=1 homed=- ms=219.0 U=1103,3131,-20,2,-1 R=1091,1090,-1,0,-1 F=675,674,-1,3,-7 D=3511,3509,-2,2,6 L=1249,1250,1,0,-1 B=1248,1250,2,0,-2
mv U2 code=0 aligned=1 homed=- ms=219.0 U=3135,1099,12,0,-3 R=1091,1090,-1,0,-1 F=675,674,-1,3,-7 D=3512,3509,-3,2,6 L=1249,1250,1,0,-1 B=1248,1250,2,0,-2
mv U2 code=0 aligned=1 homed=- ms=219.0 U=1102,3131,-19,2,-1 R=1091,1090,-1,0,-1 F=675,674,-1,3,-7 D=3511,3509,-2,2,6 L=1249,1250,1,0,-1 B=1248,1250,2,0,-2
mv U2 code=0 aligned=1 homed=- ms=219.0 U=3135,1099,12,0,-3 R=1091,1090,-1,0,-1 F=675,674,-1,3,-7 D=3512,3509,-3,2,6 L=1249,1250,1,0,-1 B=1248,1250,2,0,-2
mv U2 code=0 aligned=1 homed=- ms=219.0 U=1102,3131,-19,2,-1 R=1091,1090,-1,0,-1 F=675,674,-1,3,-7 D=3511,3509,-2,2,6 L=1249,1250,1,0,-1 B=1248,1250,2,0,-2
mv U2 code=0 aligned=1 homed=- ms=219.0 U=3135,1099,12,0,-3 R=1091,1090,-1,0,-1 F=675,674,-1,3,-7 D=3511,3509,-2,2,6 L=1249,1249,0,0,-2 B=1248,1250,2,0,-2
mv U2 code=0 aligned=1 homed=- ms=219.0 U=1102,3131,-19,2,-1 R=1091,1090,-1,0,-1 F=675,674,-1,3,-7 D=3511,3509,-2,2,6 L=1249,1250,1,0,-1 B=1248,1250,2,0,-2
mv U2 code=0 aligned=1 homed=- ms=219.0 U=3135,1099,12,0,-3 R=1091,1090,-1,0,-1 F=675,674,-1,3,-7 D=3511,3509,-2,2,6 L=1249,1250,1,0,-1 B=1248,1250,2,0,-2
mv U2 code=0 aligned=1 homed=- ms=219.0 U=1103,3131,-20,2,-1 R=1091,1090,-1,0,-1 F=675,674,-1,3,-7 D=3511,3509,-2,2,6 L=1249,1250,1,0,-1 B=1248,1250,2,0,-2
mv U2 code=0 aligned=1 homed=- ms=219.0 U=3135,1099,12,0,-3 R=1091,1090,-1,0,-1 F=675,674,-1,3,-7 D=3512,3509,-3,2,6 L=1249,1250,1,0,-1 B=1248,1250,2,0,-2
mv U2 code=0 aligned=1 homed=- ms=219.0 U=1103,3131,-20,2,-1 R=1091,1090,-1,0,-1 F=675,674,-1,3,-7 D=3511,3509,-2,2,6 L=1249,1249,0,0,-2 B=1248,1250,2,0,-2
mv U2 code=0 aligned=1 homed=- ms=219.0 U=3135,1099,12,0,-3 R=1091,1090,-1,0,-1 F=675,674,-1,3,-7 D=3512,3509,-3,2,6 L=1249,1250,1,0,-1 B=1248,1250,2,0,-2
mv U2 code=0 aligned=1 homed=- ms=219.0 U=1103,3131,-20,2,-1 R=1091,1090,-1,0,-1 F=675,674,-1,3,-7 D=3511,3510,-1,2,7 L=1249,1249,0,0,-2 B=1248,1250,2,0,-2
mv U2 code=0 aligned=1 homed=- ms=219.0 U=3135,1099,12,0,-3 R=1091,1090,-1,0,-1 F=675,674,-1,3,-7 D=3511,3509,-2,2,6 L=1249,1250,1,0,-1 B=1248,1250,2,0,-2
mv U2 code=0 aligned=1 homed=- ms=219.0 U=1103,3131,-20,2,-1 R=1091,1090,-1,0,-1 F=675,674,-1,3,-7 D=3511,3509,-2,2,6 L=1249,1250,1,0,-1 B=1248,1250,2,0,-2
mv U2 code=0 aligned=1 homed=- ms=219.0 U=3135,1099,12,0,-3 R=1091,1090,-1,0,-1 F=675,674,-1,3,-7 D=3511,3509,-2,2,6 L=1249,1250,1,0,-1 B=1248,1250,2,0,-2
mv U2 code=0 aligned=1 homed=- ms=219.0 U=1103,3131,-20,2,-1 R=1091,1090,-1,0,-1 F=675,674,-1,3,-7 D=3512,3509,-3,2,6 L=1249,1250,1,0,-1 B=1248,1250,2,0,-2
mv U2 code=0 aligned=1 homed=- ms=219.0 U=3135,1099,12,0,-3 R=1091,1090,-1,0,-1 F=675,674,-1,3,-7 D=3512,3509,-3,2,6 L=1249,1250,1,0,-1 B=1248,1250,2,0,-2
mv U2 code=0 aligned=1 homed=- ms=219.0 U=1103,3131,-20,2,-1 R=1091,1090,-1,0,-1 F=675,674,-1,3,-7 D=3512,3509,-3,2,6 L=1249,1250,1,0,-1 B=1248,1250,2,0,-2
mv U2 code=0 aligned=1 homed=- ms=219.0 U=3135,1098,11,0,-4 R=1091,1090,-1,0,-1 F=675,674,-1,3,-7 D=3511,3509,-2,2,6 L=1249,1250,1,0,-1 B=1248,1250,2,0,-2
mv U2 code=0 aligned=1 homed=- ms=219.0 U=1102,3131,-19,2,-1 R=1091,1090,-1,0,-1 F=675,674,-1,3,-7 D=3512,3509,-3,2,6 L=1249,1250,1,0,-1 B=1248,1250,2,0,-2
mv U2 code=0 aligned=1 homed=- ms=219.0 U=3135,1099,12,0,-3 R=1091,1090,-1,0,-1 F=675,674,-1,3,-7 D=3512,3509,-3,2,6 L=1249,1250,1,0,-1 B=1248,1250,2,0,-2
mv U2 code=0 aligned=1 homed=- ms=219.0 U=1103,3131,-20,2,-1 R=1091,1090,-1,0,-1 F=675,674,-1,3,-7 D=3512,3509,-3,2,6 L=1249,1250,1,0,-1 B=1248,1250,2,0,-2
mv U2 code=0 aligned=1 homed=- ms=219.0 U=3135,1099,12,0,-3 R=1091,1090,-1,0,-1 F=675,674,-1,3,-7 D=3512,3509,-3,2,6 L=1249,1250,1,0,-1 B=1248,1250,2,0,-2
mv U2 code=0 aligned=1 homed=- ms=219.0 U=1103,3131,-20,2,-1 R=1091,1090,-1,0,-1 F=675,674,-1,3,-7 D=3512,3509,-3,2,6 L=1249,1250,1,0,-1 B=1248,1250,2,0,-2
mv U2 code=0 aligned=1 homed=- ms=219.0 U=3135,1099,12,0,-3 R=1091,1090,-1,0,-1 F=675,674,-1,3,-7 D=3511,3509,-2,2,6 L=1249,1250,1,0,-1 B=1248,1250,2,0,-2
mv U2 code=0 aligned=1 homed=- ms=219.0 U=1103,3131,-20,2,-1 R=1091,1090,-1,0,-1 F=675,674,-1,3,-7 D=3511,3509,-2,2,6 L=1249,1250,1,0,-1 B=1248,1250,2,0,-2
mv U2 code=0 aligned=1 homed=- ms=219.0 U=3135,1099,12,0,-3 R=1091,1090,-1,0,-1 F=675,674,-1,3,-7 D=3511,3509,-2,2,6 L=1249,1250,1,0,-1 B=1248,1250,2,0,-2
mv U2 code=0 aligned=1 homed=- ms=219.0 U=1103,3131,-20,2,-1 R=1091,1090,-1,0,-1 F=675,674,-1,3,-7 D=3511,3509,-2,2,6 L=1249,1250,1,0,-1 B=1248,1250,2,0,-2
mv U2 code=0 aligned=1 homed=- ms=219.0 U=3135,1099,12,0,-3 R=1091,1090,-1,0,-1 F=675,674,-1,3,-7 D=3511,3509,-2,2,6 L=1249,1250,1,0,-1 B=1248,1250,2,0,-2
mv U2 code=0 aligned=1 homed=- ms=219.0 U=1102,3131,-19,2,-1 R=1091,1090,-1,0,-1 F=675,674,-1,3,-7 D=3512,3509,-3,2,6 L=1249,1250,1,0,-1 B=1248,1250,2,0,-2
mv U2 code=0 aligned=1 homed=- ms=219.0 U=3135,1099,12,0,-3 R=1091,1090,-1,0,-1 F=675,674,-1,3,-7 D=3512,3509,-3,2,6 L=1249,1250,1,0,-1 B=1248,1250,2,0,-2
mv U2 code=0 aligned=1 homed=- ms=219.0 U=1102,3131,-19,2,-1 R=1091,1090,-1,0,-1 F=675,674,-1,3,-7 D=3511,3509,-2,2,6 L=1249,1250,1,0,-1 B=1248,1250,2,0,-2
mv U2 code=0 aligned=1 homed=- ms=219.0 U=3136,1099,11,0,-3 R=1091,1090,-1,0,-1 F=675,674,-1,3,-7 D=3512,3509,-3,2,6 L=1249,1250,1,0,-1 B=1248,1250,2,0,-2
mv U2 code=0 aligned=1 homed=- ms=219.0 U=1103,3131,-20,2,-1 R=1091,1090,-1,0,-1 F=675,674,-1,3,-7 D=3512,3509,-3,2,6 L=1249,1250,1,0,-1 B=1248,1250,2,0,-2
mv U2 code=0 aligned=1 homed=- ms=219.0 U=3135,1099,12,0,-3 R=1091,1091,0,0,0 F=675,674,-1,3,-7 D=3511,3509,-2,2,6 L=1249,1250,1,0,-1 B=1248,1250,2,0,-2
mv U2 code=0 aligned=1 homed=- ms=219.0 U=1103,3131,-20,2,-1 R=1091,1090,-1,0,-1 F=675,674,-1,3,-7 D=3512,3509,-3,2,6 L=1249,1249,0,0,-2 B=1248,1250,2,0,-2
mv U2 code=0 aligned=1 homed=- ms=219.0 U=3135,1099,12,0,-3 R=1091,1090,-1,0,-1 F=675,674,-1,3,-7 D=3511,3509,-2,2,6 L=1249,1249,0,0,-2 B=1248,1250,2,0,-2
mv U2 code=0 aligned=1 homed=- ms=219.0 U=1103,3131,-20,2,-1 R=1091,1090,-1,0,-1 F=675,674,-1,3,-7 D=3512,3509,-3,2,6 L=1249,1250,1,0,-1 B=1248,1250,2,0,-2
mv U2 code=0 aligned=1 homed=- ms=219.0 U=3135,1099,12,0,-3 R=1091,1090,-1,0,-1 F=675,674,-1,3,-7 D=3512,3509,-3,2,6 L=1249,1250,1,0,-1 B=1248,1250,2,0,-2
mv U2 code=0 aligned=1 homed=- ms=219.0 U=1103,3131,-20,2,-1 R=1091,1091,0,0,0 F=675,674,-1,3,-7 D=3512,3509,-3,2,6 L=1249,1250,1,0,-1 B=1248,1250,2,0,-2
mv U2 code=0 aligned=1 homed=- ms=219.0 U=3135,1099,12,0,-3 R=1091,1090,-1,0,-1 F=675,674,-1,3,-7 D=3512,3509,-3,2,6 L=1250,1250,0,0,-1 B=1248,1250,2,0,-2
mv U2 code=0 aligned=1 homed=- ms=219.0 U=1102,3131,-19,2,-1 R=1091,1090,-1,0,-1 F=675,674,-1,3,-7 D=3512,3509,-3,2,6 L=1249,1250,1,0,-1 B=1248,1250,2,0,-2
mv U2 code=0 aligned=1 homed=- ms=219.0 U=3135,1099,12,0,-3 R=1091,1090,-1,0,-1 F=675,674,-1,3,-7 D=3512,3509,-3,2,6 L=1249,1250,1,0,-1 B=1248,1250,2,0,-2
mv U2 code=0 aligned=1 homed=- ms=219.0 U=1103,3131,-20,2,-1 R=1091,1090,-1,0,-1 F=675,674,-1,3,-7 D=3512,3509,-3,2,6 L=1249,1250,1,0,-1 B=1248,1250,2,0,-2
mv U2 code=0 aligned=1 homed=- ms=219.0 U=3135,1098,11,0,-4 R=1091,1090,-1,0,-1 F=675,674,-1,3,-7 D=3512,3509,-3,2,6 L=1249,1250,1,0,-1 B=1248,1250,2,0,-2
mv U2 code=0 aligned=1 homed=- ms=219.0 U=1103,3131,-20,2,-1 R=1091,1090,-1,0,-1 F=675,674,-1,3,-7 D=3512,3509,-3,2,6 L=1249,1249,0,0,-2 B=1248,1250,2,0,-2
mv U2 code=0 aligned=1 homed=- ms=219.0 U=3135,1099,12,0,-3 R=1091,1090,-1,0,-1 F=675,674,-1,3,-7 D=3512,3509,-3,2,6 L=1249,1250,1,0,-1 B=1248,1250,2,0,-2
mv U2 code=0 aligned=1 homed=- ms=219.0 U=1103,3131,-20,2,-1 R=1091,1090,-1,0,-1 F=675,674,-1,3,-7 D=3512,3509,-3,2,6 L=1249,1250,1,0,-1 B=1248,1250,2,0,-2
mv U2 code=0 aligned=1 homed=- ms=219.0 U=3135,1099,12,0,-3 R=1091,1090,-1,0,-1 F=675,674,-1,3,-7 D=3512,3509,-3,2,6 L=1249,1250,1,0,-1 B=1248,1250,2,0,-2
mv U2 code=0 aligned=1 homed=- ms=219.0 U=1103,3131,-20,2,-1 R=1091,1090,-1,0,-1 F=675,674,-1,3,-7 D=3512,3509,-3,2,6 L=1249,1250,1,0,-1 B=1248,1250,2,0,-2
mv U2 code=0 aligned=1 homed=- ms=219.0 U=3135,1099,12,0,-3 R=1091,1090,-1,0,-1 F=675,674,-1,3,-7 D=3512,3509,-3,2,6 L=1249,1250,1,0,-1 B=1248,1250,2,0,-2
mv U2 code=0 aligned=1 homed=- ms=219.0 U=1103,3131,-20,2,-1 R=1091,1090,-1,0,-1 F=675,674,-1,3,-7 D=3512,3509,-3,2,6 L=1249,1250,1,0,-1 B=1248,1250,2,0,-2
mv U2 code=0 aligned=1 homed=- ms=219.0 U=3135,1099,12,0,-3 R=1091,1090,-1,0,-1 F=675,674,-1,3,-7 D=3512,3509,-3,2,6 L=1250,1250,0,0,-1 B=1248,1250,2,0,-2
mv U2 code=0 aligned=1 homed=- ms=219.0 U=1103,3131,-20,2,-1 R=1091,1090,-1,0,-1 F=675,674,-1,3,-7 D=3511,3509,-2,2,6 L=1249,1250,1,0,-1 B=1248,1250,2,0,-2
mv U2 code=0 aligned=1 homed=- ms=219.0 U=3135,1099,12,0,-3 R=1091,1090,-1,0,-1 F=675,674,-1,3,-7 D=3511,3509,-2,2,6 L=1250,1250,0,0,-1 B=1248,1250,2,0,-2
mv U2 code=0 aligned=1 homed=- ms=219.0 U=1103,3131,-20,2,-1 R=1091,1090,-1,0,-1 F=675,674,-1,3,-7 D=3512,3509,-3,2,6 L=1249,1250,1,0,-1 B=1248,1250,2,0,-2
mv U2 code=0 aligned=1 homed=- ms=219.0 U=3135,1099,12,0,-3 R=1091,1090,-1,0,-1 F=675,674,-1,3,-7 D=3511,3509,-2,2,6 L=1249,1249,0,0,-2 B=1248,1250,2,0,-2
mv U2 code=0 aligned=1 homed=- ms=219.0 U=1102,3131,-19,2,-1 R=1091,1090,-1,0,-1 F=675,674,-1,3,-7 D=3511,3509,-2,2,6 L=1249,1250,1,0,-1 B=1248,1250,2,0,-2
mv U2 code=0 aligned=1 homed=- ms=219.0 U=3135,1099,12,0,-3 R=1091,1090,-1,0,-1 F=675,674,-1,3,-7 D=3512,3509,-3,2,6 L=1249,1250,1,0,-1 B=1248,1250,2,0,-2
mv U2 code=0 aligned=1 homed=- ms=219.0 U=1103,3132,-19,2,0 R=1091,1090,-1,0,-1 F=675,674,-1,3,-7 D=3511,3509,-2,2,6 L=1249,1250,1,0,-1 B=1248,1250,2,0,-2
mv U2 code=0 aligned=1 homed=- ms=219.0 U=3135,1099,12,0,-3 R=1091,1090,-1,0,-1 F=675,674,-1,3,-7 D=3512,3509,-3,2,6 L=1250,1249,-1,0,-2 B=1248,1250,2,0,-2
mv U2 code=0 aligned=1 homed=- ms=219.0 U=1103,3131,-20,2,-1 R=1091,1090,-1,0,-1 F=675,674,-1,3,-7 D=3512,3509,-3,2,6 L=1249,1250,1,0,-1 B=1248,1250,2,0,-2
mv U2 code=0 aligned=1 homed=- ms=219.0 U=3135,1099,12,0,-3 R=1091,1090,-1,0,-1 F=675,674,-1,3,-7 D=3512,3509,-3,2,6 L=1250,1250,0,0,-1 B=1248,1250,2,0,-2
mv U2 code=0 aligned=1 homed=- ms=219.0 U=1103,3131,-20,2,-1 R=1091,1090,-1,0,-1 F=675,674,-1,3,-7 D=3512,3510,-2,2,7 L=1249,1250,1,0,-1 B=1248,1250,2,0,-2
mv U2 code=0 aligned=1 homed=- ms=219.0 U=3135,1099,12,0,-3 R=1091,1090,-1,0,-1 F=675,674,-1,3,-7 D=3514,3512,-2,2,9 L=1249,1250,1,0,-1 B=1248,1250,2,0,-2
mv U2 code=0 aligned=1 homed=- ms=219.0 U=1103,3131,-20,2,-1 R=1091,1090,-1,0,-1 F=675,674,-1,3,-7 D=3516,3512,-4,2,9 L=1249,1250,1,0,-1 B=1248,1250,2,0,-2
mv U2 code=0 aligned=1 homed=- ms=219.0 U=3135,1099,12,0,-3 R=1091,1090,-1,0,-1 F=675,674,-1,3,-7 D=3525,3509,-16,2,6 L=1249,1250,1,0,-1 B=1248,1250,2,0,-2
mv U2 code=0 aligned=1 homed=- ms=219.0 U=1102,3131,-19,2,-1 R=1091,1090,-1,0,-1 F=675,674,-1,3,-7 D=3517,3510,-7,2,7 L=1249,1250,1,0,-1 B=1248,1250,2,0,-2
mv U2 code=0 aligned=1 homed=- ms=219.0 U=3136,1099,11,0,-3 R=1091,1090,-1,0,-1 F=675,674,-1,3,-7 D=3522,3507,-15,2,4 L=1249,1250,1,0,-1 B=1248,1250,2,0,-2
mv U2 code=0 aligned=1 homed=- ms=219.0 U=1103,3132,-19,2,0 R=1091,1090,-1,0,-1 F=675,674,-1,3,-7 D=3511,3506,-5,2,3 L=1249,1250,1,0,-1 B=1248,1250,2,0,-2
mv U2 code=0 aligned=1 homed=- ms=219.0 U=3135,1099,12,0,-3 R=1091,1090,-1,0,-1 F=675,674,-1,3,-7 D=3507,3506,-1,2,3 L=1249,1250,1,0,-1 B=1248,1250,2,0,-2
mv U2 code=0 aligned=1 homed=- ms=219.0 U=1103,3132,-19,2,0 R=1091,1090,-1,0,-1 F=675,674,-1,3,-7 D=3506,3506,0,2,3 L=1250,1250,0,0,-1 B=1248,1250,2,0,-2
mv U2 code=0 aligned=1 homed=- ms=219.0 U=3135,1099,12,0,-3 R=1091,1090,-1,0,-1 F=675,674,-1,3,-7 D=3506,3506,0,2,3 L=1249,1250,1,0,-1 B=1248,1250,2,0,-2
mv U2 code=0 aligned=1 homed=- ms=219.0 U=1103,3131,-20,2,-1 R=1091,1090,-1,0,-1 F=675,674,-1,3,-7 D=3506,3506,0,2,3 L=1249,1250,1,0,-1 B=1248,1250,2,0,-2
mv U2 code=0 aligned=1 homed=- ms=219.0 U=3135,1099,12,0,-3 R=1091,1090,-1,0,-1 F=675,674,-1,3,-7 D=3505,3506,1,2,3 L=1249,1250,1,0,-1 B=1248,1250,2,0,-2
mv U2 code=0 aligned=1 homed=- ms=219.0 U=1102,3131,-19,2,-1 R=1091,1090,-1,0,-1 F=675,674,-1,3,-7 D=3506,3506,0,2,3 L=1249,1250,1,0,-1 B=1248,1250,2,0,-2
mv U2 code=0 aligned=1 homed=- ms=219.0 U=3135,1099,12,0,-3 R=1091,1090,-1,0,-1 F=675,674,-1,3,-7 D=3506,3506,0,2,3 L=1249,1250,1,0,-1 B=1248,1250,2,0,-2
mv U2 code=0 aligned=1 homed=- ms=219.0 U=1103,3131,-20,2,-1 R=1091,1090,-1,0,-1 F=675,674,-1,3,-7 D=3506,3506,0,2,3 L=1249,1250,1,0,-1 B=1248,1250,2,0,-2
mv U2 code=0 aligned=1 homed=- ms=219.0 U=3135,1099,12,0,-3 R=1091,1090,-1,0,-1 F=675,674,-1,3,-7 D=3505,3506,1,2,3 L=1249,1250,1,0,-1 B=1248,1250,2,0,-2
mv U2 code=0 aligned=1 homed=- ms=219.0 U=1103,3131,-20,2,-1 R=1091,1090,-1,0,-1 F=675,674,-1,3,-7 D=3506,3506,0,2,3 L=1249,1250,1,0,-1 B=1248,1250,2,0,-2
mv U2 code=0 aligned=1 homed=- ms=219.0 U=3135,1099,12,0,-3 R=1091,1091,0,0,0 F=675,674,-1,3,-7 D=3505,3506,1,2,3 L=1249,1250,1,0,-1 B=1248,1250,2,0,-2
mv U2 code=0 aligned=1 homed=- ms=219.0 U=1103,3131,-20,2,-1 R=1091,1090,-1,0,-1 F=675,674,-1,3,-7 D=3506,3506,0,2,3 L=1249,1249,0,0,-2 B=1248,1250,2,0,-2
mv U2 code=0 aligned=1 homed=- ms=219.0 U=3135,1099,12,0,-3 R=1091,1090,-1,0,-1 F=675,674,-1,3,-7 D=3505,3506,1,2,3 L=1249,1250,1,0,-1 B=1248,1250,2,0,-2
mv U2 code=0 aligned=1 homed=- ms=219.0 U=1102,3131,-19,2,-1 R=1091,1090,-1,0,-1 F=675,674,-1,3,-7 D=3506,3506,0,2,3 L=1249,1250,1,0,-1 B=1248,1250,2,0,-2
mv U2 code=0 aligned=1 homed=- ms=219.0 U=3135,1099,12,0,-3 R=1091,1090,-1,0,-1 F=675,674,-1,3,-7 D=3506,3506,0,2,3 L=1250,1250,0,0,-1 B=1248,1250,2,0,-2
mv U2 code=0 aligned=1 homed=- ms=219.0 U=1103,3131,-20,2,-1 R=1091,1090,-1,0,-1 F=675,674,-1,3,-7 D=3506,3506,0,2,3 L=1249,1250,1,0,-1 B=1248,1250,2,0,-2
mv U2 code=0 aligned=1 homed=- ms=219.0 U=3135,1099,12,0,-3 R=1091,1090,-1,0,-1 F=675,674,-1,3,-7 D=3506,3506,0,2,3 L=1249,1250,1,0,-1 B=1248,1250,2,0,-2
mv U2 code=0 aligned=1 homed=- ms=219.0 U=1103,3131,-20,2,-1 R=1091,1090,-1,0,-1 F=675,674,-1,3,-7 D=3506,3506,0,2,3 L=1249,1250,1,0,-1 B=1248,1250,2,0,-2
mv U2 code=0 aligned=1 homed=- ms=219.0 U=3135,1099,12,0,-3 R=1091,1090,-1,0,-1 F=675,674,-1,3,-7 D=3506,3506,0,2,3 L=1250,1250,0,0,-1 B=1248,1250,2,0,-2
mv U2 code=0 aligned=1 homed=- ms=219.0 U=1103,3131,-20,2,-1 R=1091,1090,-1,0,-1 F=675,674,-1,3,-7 D=3506,3505,-1,2,2 L=1249,1250,1,0,-1 B=1248,1250,2,0,-2
mv U2 code=0 aligned=1 homed=- ms=219.0 U=3135,1099,12,0,-3 R=1091,1090,-1,0,-1 F=675,674,-1,3,-7 D=3505,3505,0,2,2 L=1249,1250,1,0,-1 B=1248,1250,2,0,-2
mv U2 code=0 aligned=1 homed=- ms=219.0 U=1103,3131,-20,2,-1 R=1091,1090,-1,0,-1 F=675,674,-1,3,-7 D=3506,3506,0,2,3 L=1249,1250,1,0,-1 B=1248,1250,2,0,-2
mv U2 code=0 aligned=1 homed=- ms=219.0 U=3135,1099,12,0,-3 R=1091,1090,-1,0,-1 F=675,674,-1,3,-7 D=3505,3506,1,2,3 L=1249,1250,1,0,-1 B=1248,1250,2,0,-2
mv U2 code=0 aligned=1 homed=- ms=219.0 U=1103,3131,-20,2,-1 R=1091,1090,-1,0,-1 F=675,674,-1,3,-7 D=3506,3506,0,2,3 L=1249,1250,1,0,-1 B=1248,1250,2,0,-2
mv U2 code=0 aligned=1 homed=- ms=219.0 U=3135,1099,12,0,-3 R=1091,1090,-1,0,-1 F=675,674,-1,3,-7 D=3506,3506,0,2,3 L=1249,1250,1,0,-1 B=1248,1250,2,0,-2
mv U2 code=0 aligned=1 homed=- ms=219.0 U=1103,3132,-19,2,0 R=1091,1090,-1,0,-1 F=675,674,-1,3,-7 D=3505,3506,1,2,3 L=1249,1250,1,0,-1 B=1248,1250,2,0,-2
mv U2 code=0 aligned=1 homed=- ms=219.0 U=3135,1099,12,0,-3 R=1091,1090,-1,0,-1 F=675,674,-1,3,-7 D=3506,3506,0,2,3 L=1249,1250,1,0,-1 B=1248,1250,2,0,-2
mv U2 code=0 aligned=1 homed=- ms=219.0 U=1103,3132,-19,2,0 R=1091,1090,-1,0,-1 F=675,674,-1,3,-7 D=3505,3506,1,2,3 L=1249,1250,1,0,-1 B=1248,1250,2,0,-2
mv U2 code=0 aligned=1 homed=- ms=219.0 U=3135,1098,11,0,-4 R=1091,1090,-1,0,-1 F=675,674,-1,3,-7 D=3505,3506,1,2,3 L=1249,1250,1,0,-1 B=1248,1250,2,0,-2
mv U2 code=0 aligned=1 homed=- ms=219.0 U=1103,3131,-20,2,-1 R=1091,1090,-1,0,-1 F=675,674,-1,3,-7 D=3505,3506,1,2,3 L=1249,1250,1,0,-1 B=1248,1250,2,0,-2
mv U2 code=0 aligned=1 homed=- ms=219.0 U=3135,1099,12,0,-3 R=1091,1090,-1,0,-1 F=675,674,-1,3,-7 D=3505,3506,1,2,3 L=1249,1250,1,0,-1 B=1248,1250,2,0,-2
mv U2 code=0 aligned=1 homed=- ms=219.0 U=1103,3131,-20,2,-1 R=1091,1090,-1,0,-1 F=675,674,-1,3,-7 D=3505,3506,1,2,3 L=1250,1250,0,0,-1 B=1248,1250,2,0,-2
mv U2 code=0 aligned=1 homed=- ms=219.0 U=3135,1098,11,0,-4 R=1091,1090,-1,0,-1 F=675,674,-1,3,-7 D=3505,3506,1,2,3 L=1249,1250,1,0,-1 B=1248,1250,2,0,-2
mv U2 code=0 aligned=1 homed=- ms=219.0 U=1103,3131,-20,2,-1 R=1091,1090,-1,0,-1 F=675,674,-1,3,-7 D=3506,3506,0,2,3 L=1249,1250,1,0,-1 B=1248,1250,2,0,-2
mv U2 code=0 aligned=1 homed=- ms=219.0 U=3135,1098,11,0,-4 R=1091,1090,-1,0,-1 F=675,674,-1,3,-7 D=3505,3506,1,2,3 L=1249,1250,1,0,-1 B=1248,1250,2,0,-2
mv U2 code=0 aligned=1 homed=- ms=219.0 U=1103,3131,-20,2,-1 R=1091,1090,-1,0,-1 F=675,674,-1,3,-7 D=3505,3506,1,2,3 L=1249,1250,1,0,-1 B=1248,1250,2,0,-2
mv U2 code=0 aligned=1 homed=- ms=219.0 U=3136,1099,11,0,-3 R=1091,1090,-1,0,-1 F=675,674,-1,3,-7 D=3506,3506,0,2,3 L=1249,1250,1,0,-1 B=1248,1250,2,0,-2
mv U2 code=0 aligned=1 homed=- ms=219.0 U=1102,3131,-19,2,-1 R=1091,1091,0,0,0 F=675,674,-1,3,-7 D=3506,3506,0,2,3 L=1249,1250,1,0,-1 B=1248,1250,2,0,-2
mv U2 code=0 aligned=1 homed=- ms=219.0 U=3135,1099,12,0,-3 R=1091,1090,-1,0,-1 F=675,674,-1,3,-7 D=3506,3506,0,2,3 L=1249,1250,1,0,-1 B=1248,1250,2,0,-2
mv U2 code=0 aligned=1 homed=- ms=219.0 U=1103,3131,-20,2,-1 R=1091,1090,-1,0,-1 F=675,674,-1,3,-7 D=3506,3506,0,2,3 L=1250,1250,0,0,-1 B=1248,1250,2,0,-2
mv U2 code=0 aligned=1 homed=- ms=219.0 U=3135,1099,12,0,-3 R=1091,1090,-1,0,-1 F=675,674,-1,3,-7 D=3506,3506,0,2,3 L=1249,1250,1,0,-1 B=1248,1250,2,0,-2
mv U2 code=0 aligned=1 homed=- ms=219.0 U=1102,3131,-19,2,-1 R=1091,1090,-1,0,-1 F=675,674,-1,3,-7 D=3506,3505,-1,2,2 L=1249,1250,1,0,-1 B=1248,1250,2,0,-2
mv U2 code=0 aligned=1 homed=- ms=219.0 U=3135,1098,11,0,-4 R=1091,1090,-1,0,-1 F=675,674,-1,3,-7 D=3505,3506,1,2,3 L=1249,1250,1,0,-1 B=1248,1250,2,0,-2
mv U2 code=0 aligned=1 homed=- ms=219.0 U=1102,3131,-19,2,-1 R=1091,1090,-1,0,-1 F=675,674,-1,3,-7 D=3506,3506,0,2,3 L=1249,1250,1,0,-1 B=1248,1250,2,0,-2
mv U2 code=0 aligned=1 homed=- ms=219.0 U=3135,1099,12,0,-3 R=1091,1090,-1,0,-1 F=675,674,-1,3,-7 D=3506,3506,0,2,3 L=1249,1250,1,0,-1 B=1248,1250,2,0,-2
mv U2 code=0 aligned=1 homed=- ms=219.0 U=1102,3131,-19,2,-1 R=1091,1090,-1,0,-1 F=675,674,-1,3,-7 D=3506,3506,0,2,3 L=1250,1250,0,0,-1 B=1248,1250,2,0,-2
mv U2 code=0 aligned=1 homed=- ms=219.0 U=3135,1099,12,0,-3 R=1091,1090,-1,0,-1 F=675,674,-1,3,-7 D=3505,3506,1,2,3 L=1249,1250,1,0,-1 B=1248,1250,2,0,-2
mv U2 code=0 aligned=1 homed=- ms=219.0 U=1103,3131,-20,2,-1 R=1091,1090,-1,0,-1 F=675,674,-1,3,-7 D=3506,3506,0,2,3 L=1249,1249,0,0,-2 B=1248,1250,2,0,-2
mv U2 code=0 aligned=1 homed=- ms=219.0 U=3135,1099,12,0,-3 R=1091,1090,-1,0,-1 F=675,674,-1,3,-7 D=3506,3506,0,2,3 L=1250,1250,0,0,-1 B=1248,1250,2,0,-2
mv U2 code=0 aligned=1 homed=- ms=219.0 U=1103,3131,-20,2,-1 R=1091,1090,-1,0,-1 F=675,674,-1,3,-7 D=3506,3506,0,2,3 L=1250,1250,0,0,-1 B=1248,1250,2,0,-2
mv U2 code=0 aligned=1 homed=- ms=219.0 U=3135,1099,12,0,-3 R=1091,1090,-1,0,-1 F=675,674,-1,3,-7 D=3505,3506,1,2,3 L=1249,1250,1,0,-1 B=1248,1250,2,0,-2
mv U2 code=0 aligned=1 homed=- ms=219.0 U=1103,3131,-20,2,-1 R=1091,1090,-1,0,-1 F=675,674,-1,3,-7 D=3506,3506,0,2,3 L=1249,1250,1,0,-1 B=1248,1250,2,0,-2
mv U2 code=0 aligned=1 homed=- ms=219.0 U=3136,1099,11,0,-3 R=1091,1090,-1,0,-1 F=675,674,-1,3,-7 D=3506,3506,0,2,3 L=1249,1250,1,0,-1 B=1248,1250,2,0,-2
mv U2 code=0 aligned=1 homed=- ms=219.0 U=1103,3131,-20,2,-1 R=1091,1090,-1,0,-1 F=675,674,-1,3,-7 D=3506,3506,0,2,3 L=1249,1250,1,0,-1 B=1248,1250,2,0,-2
mv U2 code=0 aligned=1 homed=- ms=219.0 U=3135,1099,12,0,-3 R=1091,1090,-1,0,-1 F=675,674,-1,3,-7 D=3506,3506,0,2,3 L=1250,1250,0,0,-1 B=1248,1250,2,0,-2
mv U2 code=0 aligned=1 homed=- ms=219.0 U=1102,3131,-19,2,-1 R=1091,1090,-1,0,-1 F=675,674,-1,3,-7 D=3505,3506,1,2,3 L=1250,1249,-1,0,-2 B=1248,1250,2,0,-2
mv U2 code=0 aligned=1 homed=- ms=219.0 U=3135,1099,12,0,-3 R=1091,1090,-1,0,-1 F=675,674,-1,3,-7 D=3505,3506,1,2,3 L=1249,1250,1,0,-1 B=1248,1250,2,0,-2
mv U2 code=0 aligned=1 homed=- ms=219.0 U=1103,3131,-20,2,-1 R=1091,1090,-1,0,-1 F=675,674,-1,3,-7 D=3506,3506,0,2,3 L=1249,1250,1,0,-1 B=1248,1250,2,0,-2
mv U2 code=0 aligned=1 homed=- ms=219.0 U=3135,1099,12,0,-3 R=1091,1090,-1,0,-1 F=675,674,-1,3,-7 D=3506,3506,0,2,3 L=1249,1249,0,0,-2 B=1248,1250,2,0,-2
mv U2 code=0 aligned=1 homed=- ms=219.0 U=1103,3131,-20,2,-1 R=1091,1090,-1,0,-1 F=675,674,-1,3,-7 D=3506,3506,0,2,3 L=1249,1250,1,0,-1 B=1248,1250,2,0,-2
mv U2 code=0 aligned=1 homed=- ms=219.0 U=3135,1099,12,0,-3 R=1091,1090,-1,0,-1 F=675,674,-1,3,-7 D=3506,3506,0,2,3 L=1249,1249,0,0,-2 B=1248,1250,2,0,-2
mv U2 code=0 aligned=1 homed=- ms=219.0 U=1103,3131,-20,2,-1 R=1091,1090,-1,0,-1 F=675,674,-1,3,-7 D=3506,3506,0,2,3 L=1249,1250,1,0,-1 B=1248,1250,2,0,-2
mv U2 code=0 aligned=1 homed=- ms=219.0 U=3135,1099,12,0,-3 R=1090,1090,0,0,-1 F=675,674,-1,3,-7 D=3505,3506,1,2,3 L=1249,1249,0,0,-2 B=1248,1250,2,0,-2
mv U2 code=0 aligned=1 homed=- ms=219.0 U=1102,3131,-19,2,-1 R=1091,1090,-1,0,-1 F=675,674,-1,3,-7 D=3506,3506,0,2,3 L=1249,1249,0,0,-2 B=1249,1250,1,0,-2
mv U2 code=0 aligned=1 homed=- ms=219.0 U=3135,1099,12,0,-3 R=1091,1090,-1,0,-1 F=675,674,-1,3,-7 D=3506,3506,0,2,3 L=1249,1250,1,0,-1 B=1248,1250,2,0,-2
mv U2 code=0 aligned=1 homed=- ms=219.0 U=1102,3131,-19,2,-1 R=1091,1090,-1,0,-1 F=675,674,-1,3,-7 D=3506,3506,0,2,3 L=1250,1250,0,0,-1 B=1249,1250,1,0,-2
mv U2 code=0 aligned=1 homed=- ms=219.0 U=3135,1099,12,0,-3 R=1091,1091,0,0,0 F=675,674,-1,3,-7 D=3506,3506,0,2,3 L=1249,1250,1,0,-1 B=1248,1250,2,0,-2
mv U2 code=0 aligned=1 homed=- ms=219.0 U=1102,3131,-19,2,-1 R=1091,1090,-1,0,-1 F=675,674,-1,3,-7 D=3506,3506,0,2,3 L=1249,1249,0,0,-2 B=1248,1250,2,0,-2
mv U2 code=0 aligned=1 homed=- ms=219.0 U=3135,1099,12,0,-3 R=1091,1090,-1,0,-1 F=675,674,-1,3,-7 D=3505,3506,1,2,3 L=1249,1250,1,0,-1 B=1248,1250,2,0,-2
mv U2 code=0 aligned=1 homed=- ms=219.0 U=1103,3131,-20,2,-1 R=1091,1090,-1,0,-1 F=675,674,-1,3,-7 D=3505,3506,1,2,3 L=1249,1250,1,0,-1 B=1248,1250,2,0,-2
mv U2 code=0 aligned=1 homed=- ms=219.0 U=3135,1099,12,0,-3 R=1091,1090,-1,0,-1 F=675,674,-1,3,-7 D=3505,3506,1,2,3 L=1249,1250,1,0,-1 B=1248,1250,2,0,-2
mv U2 code=0 aligned=1 homed=- ms=219.0 U=1103,3131,-20,2,-1 R=1091,1090,-1,0,-1 F=675,674,-1,3,-7 D=3505,3506,1,2,3 L=1249,1249,0,0,-2 B=1248,1250,2,0,-2
mv U2 code=0 aligned=1 homed=- ms=219.0 U=3135,1099,12,0,-3 R=1091,1090,-1,0,-1 F=675,674,-1,3,-7 D=3506,3506,0,2,3 L=1250,1249,-1,0,-2 B=1248,1250,2,0,-2
mv U2 code=0 aligned=1 homed=- ms=219.0 U=1103,3132,-19,2,0 R=1091,1090,-1,0,-1 F=675,674,-1,3,-7 D=3506,3506,0,2,3 L=1249,1250,1,0,-1 B=1248,1250,2,0,-2
mv U2 code=0 aligned=1 homed=- ms=219.0 U=3135,1099,12,0,-3 R=1091,1090,-1,0,-1 F=675,674,-1,3,-7 D=3505,3506,1,2,3 L=1249,1249,0,0,-2 B=1248,1249,1,0,-3
mv U2 code=0 aligned=1 homed=- ms=219.0 U=1102,3131,-19,2,-1 R=1091,1090,-1,0,-1 F=675,674,-1,3,-7 D=3506,3506,0,2,3 L=1249,1250,1,0,-1 B=1248,1250,2,0,-2
mv U2 code=0 aligned=1 homed=- ms=219.0 U=3135,1099,12,0,-3 R=1091,1090,-1,0,-1 F=675,674,-1,3,-7 D=3505,3506,1,2,3 L=1249,1250,1,0,-1 B=1248,1250,2,0,-2
mv U2 code=0 aligned=1 homed=- ms=219.0 U=1103,3131,-20,2,-1 R=1091,1090,-1,0,-1 F=675,674,-1,3,-7 D=3505,3506,1,2,3 L=1249,1250,1,0,-1 B=1248,1250,2,0,-2
mv U2 code=0 aligned=1 homed=- ms=219.0 U=3135,1099,12,0,-3 R=1091,1090,-1,0,-1 F=675,674,-1,3,-7 D=3505,3506,1,2,3 L=1249,1250,1,0,-1 B=1248,1250,2,0,-2
mv U2 code=0 aligned=1 homed=- ms=219.0 U=1103,3131,-20,2,-1 R=1091,1090,-1,0,-1 F=675,674,-1,3,-7 D=3505,3506,1,2,3 L=1249,1250,1,0,-1 B=1248,1250,2,0,-2
mv U2 code=0 aligned=1 homed=- ms=219.0 U=3135,1099,12,0,-3 R=1091,1090,-1,0,-1 F=675,674,-1,3,-7 D=3506,3505,-1,2,2 L=1250,1250,0,0,-1 B=1248,1250,2,0,-2
mv U2 code=0 aligned=1 homed=- ms=219.0 U=1103,3131,-20,2,-1 R=1091,1090,-1,0,-1 F=675,674,-1,3,-7 D=3506,3506,0,2,3 L=1249,1250,1,0,-1 B=1248,1250,2,0,-2
mv U2 code=0 aligned=1 homed=- ms=219.0 U=3135,1099,12,0,-3 R=1091,1090,-1,0,-1 F=675,674,-1,3,-7 D=3506,3506,0,2,3 L=1249,1249,0,0,-2 B=1248,1250,2,0,-2
mv U2 code=0 aligned=1 homed=- ms=219.0 U=1102,3131,-19,2,-1 R=1091,1090,-1,0,-1 F=675,673,-2,3,-8 D=3505,3506,1,2,3 L=1249,1250,1,0,-1 B=1248,1250,2,0,-2
mv U2 code=0 aligned=1 homed=- ms=219.0 U=3136,1098,10,0,-4 R=1091,1090,-1,0,-1 F=675,674,-1,3,-7 D=3506,3506,0,2,3 L=1249,1250,1,0,-1 B=1248,1250,2,0,-2
mv U2 code=0 aligned=1 homed=- ms=219.0 U=1102,3131,-19,2,-1 R=1091,1090,-1,0,-1 F=675,674,-1,3,-7 D=3506,3506,0,2,3 L=1249,1250,1,0,-1 B=1248,1250,2,0,-2
mv U2 code=0 aligned=1 homed=- ms=219.0 U=3135,1099,12,0,-3 R=1091,1090,-1,0,-1 F=675,674,-1,3,-7 D=3506,3506,0,2,3 L=1249,1249,0,0,-2 B=1248,1250,2,0,-2
mv U2 code=0 aligned=1 homed=- ms=219.0 U=1103,3131,-20,2,-1 R=1091,1090,-1,0,-1 F=675,674,-1,3,-7 D=3506,3506,0,2,3 L=1249,1249,0,0,-2 B=1248,1250,2,0,-2
mv U2 code=0 aligned=1 homed=- ms=219.0 U=3135,1099,12,0,-3 R=1091,1090,-1,0,-1 F=675,674,-1,3,-7 D=3505,3506,1,2,3 L=1249,1250,1,0,-1 B=1248,1250,2,0,-2
mv U2 code=0 aligned=1 homed=- ms=219.0 U=1103,3131,-20,2,-1 R=1091,1090,-1,0,-1 F=675,674,-1,3,-7 D=3506,3506,0,2,3 L=1249,1250,1,0,-1 B=1248,1250,2,0,-2
mv U2 code=0 aligned=1 homed=- ms=219.0 U=3135,1099,12,0,-3 R=1091,1090,-1,0,-1 F=675,674,-1,3,-7 D=3506,3506,0,2,3 L=1249,1250,1,0,-1 B=1248,1250,2,0,-2
mv U2 code=0 aligned=1 homed=- ms=219.0 U=1102,3131,-19,2,-1 R=1091,1090,-1,0,-1 F=675,674,-1,3,-7 D=3506,3506,0,2,3 L=1249,1250,1,0,-1 B=1248,1250,2,0,-2
rep moves=200 notaligned=0 homings=0 failures=0 avgms=219.0
res U=200,-4.0,16.2,22 R=- F=- D=- L=- B=-
ok
> home
[align] motor 0 err=3 counts (0.3 steps)
[align] motor 1 err=0 counts (0.0 steps)
[align] motor 2 err=-7 counts (-0.7 steps)
[align] motor 3 err=2 counts (0.2 steps)
[align] motor 4 err=-3 counts (-0.3 steps)
[align] motor 5 err=-6 counts (-0.6 steps)
home code=0 ms=6 en=0
enc U=3131 R=1090 F=674 D=3506 L=1250 B=1250 RING=2768
near U=2:-1 R=0:-1 F=3:-7 D=2:3 L=0:-1 B=0:-2
ok
> enc
enc U=3135 R=1091 F=675 D=3505 L=1249 B=1248 RING=2768
near U=2:3 R=0:0 F=3:-6 D=2:2 L=0:-2 B=0:-4
ok
> rep 100 U U' U' U
mv U code=0 aligned=1 homed=- ms=119.0 U=3135,2119,8,1,-3 R=1091,1090,-1,0,-1 F=675,674,-1,3,-7 D=3506,3506,0,2,3 L=1249,1250,1,0,-1 B=1248,1250,2,0,-2
mv U' code=0 aligned=1 homed=- ms=119.0 U=2123,3132,-15,2,0 R=1091,1090,-1,0,-1 F=675,674,-1,3,-7 D=3506,3506,0,2,3 L=1249,1249,0,0,-2 B=1248,1250,2,0,-2
mv U' code=0 aligned=1 homed=- ms=119.0 U=3134,61,-1,3,-3 R=1091,1090,-1,0,-1 F=675,674,-1,3,-7 D=3505,3506,1,2,3 L=1249,1250,1,0,-1 B=1248,1250,2,0,-2
mv U code=0 aligned=1 homed=- ms=119.0 U=63,3131,-4,2,-1 R=1091,1090,-1,0,-1 F=675,674,-1,3,-7 D=3506,3506,0,2,3 L=1249,1249,0,0,-2 B=1248,1250,2,0,-2
mv U code=0 aligned=1 homed=- ms=119.0 U=3135,2119,8,1,-3 R=1091,1090,-1,0,-1 F=675,673,-2,3,-8 D=3505,3506,1,2,3 L=1249,1250,1,0,-1 B=1248,1250,2,0,-2
mv U' code=0 aligned=1 homed=- ms=119.0 U=2123,3132,-15,2,0 R=1091,1090,-1,0,-1 F=675,674,-1,3,-7 D=3505,3506,1,2,3 L=1249,1250,1,0,-1 B=1248,1250,2,0,-2
mv U' code=0 aligned=1 homed=- ms=119.0 U=3134,61,-1,3,-3 R=1091,1090,-1,0,-1 F=675,674,-1,3,-7 D=3506,3506,0,2,3 L=1249,1250,1,0,-1 B=1248,1250,2,0,-2
mv U code=0 aligned=1 homed=- ms=119.0 U=63,3131,-4,2,-1 R=1091,1090,-1,0,-1 F=675,674,-1,3,-7 D=3506,3506,0,2,3 L=1249,1250,1,0,-1 B=1248,1250,2,0,-2
mv U code=0 aligned=1 homed=- ms=119.0 U=3135,2118,7,1,-4 R=1091,1090,-1,0,-1 F=675,674,-1,3,-7 D=3505,3506,1,2,3 L=1249,1250,1,0,-1 B=1248,1250,2,0,-2
mv U' code=0 aligned=1 homed=- ms=119.0 U=2123,3132,-15,2,0 R=1091,1090,-1,0,-1 F=675,674,-1,3,-7 D=3506,3506,0,2,3 L=1249,1250,1,0,-1 B=1248,1250,2,0,-2
mv U' code=0 aligned=1 homed=- ms=119.0 U=3134,61,-1,3,-3 R=1091,1090,-1,0,-1 F=675,674,-1,3,-7 D=3506,3506,0,2,3 L=1249,1250,1,0,-1 B=1248,1250,2,0,-2
mv U code=0 aligned=1 homed=- ms=119.0 U=63,3131,-4,2,-1 R=1091,1090,-1,0,-1 F=675,674,-1,3,-7 D=3505,3506,1,2,3 L=1249,1249,0,0,-2 B=1248,1250,2,0,-2
mv U code=0 aligned=1 homed=- ms=119.0 U=3136,2118,6,1,-4 R=1091,1090,-1,0,-1 F=675,674,-1,3,-7 D=3506,3506,0,2,3 L=1250,1250,0,0,-1 B=1248,1250,2,0,-2
mv U' code=0 aligned=1 homed=- ms=119.0 U=2123,3133,-14,2,1 R=1091,1090,-1,0,-1 F=675,674,-1,3,-7 D=3505,3506,1,2,3 L=1250,1250,0,0,-1 B=1248,1250,2,0,-2
mv U' code=0 aligned=1 homed=- ms=119.0 U=3134,61,-1,3,-3 R=1091,1090,-1,0,-1 F=675,674,-1,3,-7 D=3505,3506,1,2,3 L=1249,1250,1,0,-1 B=1248,1250,2,0,-2
mv U code=0 aligned=1 homed=- ms=119.0 U=63,3131,-4,2,-1 R=1091,1090,-1,0,-1 F=675,674,-1,3,-7 D=3506,3506,0,2,3 L=1249,1250,1,0,-1 B=1248,1250,2,0,-2
mv U code=0 aligned=1 homed=- ms=119.0 U=3136,2118,6,1,-4 R=1091,1090,-1,0,-1 F=675,674,-1,3,-7 D=3505,3506,1,2,3 L=1249,1250,1,0,-1 B=1248,1250,2,0,-2
mv U' code=0 aligned=1 homed=- ms=119.0 U=2123,3132,-15,2,0 R=1091,1090,-1,0,-1 F=675,674,-1,3,-7 D=3506,3506,0,2,3 L=1249,1250,1,0,-1 B=1248,1250,2,0,-2
mv U' code=0 aligned=1 homed=- ms=119.0 U=3134,61,-1,3,-3 R=1091,1090,-1,0,-1 F=675,674,-1,3,-7 D=3505,3506,1,2,3 L=1249,1250,1,0,-1 B=1248,1250,2,0,-2
mv U code=0 aligned=1 homed=- ms=119.0 U=63,3131,-4,2,-1 R=1091,1090,-1,0,-1 F=675,674,-1,3,-7 D=3506,3506,0,2,3 L=1249,1250,1,0,-1 B=1248,1250,2,0,-2
mv U code=0 aligned=1 homed=- ms=119.0 U=3135,2118,7,1,-4 R=1091,1090,-1,0,-1 F=675,674,-1,3,-7 D=3506,3506,0,2,3 L=1249,1250,1,0,-1 B=1248,1250,2,0,-2
mv U' code=0 aligned=1 homed=- ms=119.0 U=2123,3132,-15,2,0 R=1091,1091,0,0,0 F=675,674,-1,3,-7 D=3505,3506,1,2,3 L=1249,1250,1,0,-1 B=1248,1250,2,0,-2
mv U' code=0 aligned=1 homed=- ms=119.0 U=3134,61,-1,3,-3 R=1091,1090,-1,0,-1 F=675,674,-1,3,-7 D=3505,3506,1,2,3 L=1249,1250,1,0,-1 B=1248,1250,2,0,-2
mv U code=0 aligned=1 homed=- ms=119.0 U=63,3131,-4,2,-1 R=1091,1090,-1,0,-1 F=675,674,-1,3,-7 D=3506,3506,0,2,3 L=1250,1250,0,0,-1 B=1248,1250,2,0,-2
mv U code=0 aligned=1 homed=- ms=119.0 U=3135,2118,7,1,-4 R=1091,1090,-1,0,-1 F=675,674,-1,3,-7 D=3506,3505,-1,2,2 L=1249,1250,1,0,-1 B=1248,1250,2,0,-2
mv U' code=0 aligned=1 homed=- ms=119.0 U=2123,3132,-15,2,0 R=1091,1090,-1,0,-1 F=675,673,-2,3,-8 D=3505,3505,0,2,2 L=1249,1250,1,0,-1 B=1248,1250,2,0,-2
mv U' code=0 aligned=1 homed=- ms=119.0 U=3134,61,-1,3,-3 R=1091,1090,-1,0,-1 F=675,674,-1,3,-7 D=3505,3506,1,2,3 L=1249,1250,1,0,-1 B=1248,1250,2,0,-2
mv U code=0 aligned=1 homed=- ms=119.0 U=64,3131,-5,2,-1 R=1091,1090,-1,0,-1 F=675,674,-1,3,-7 D=3505,3506,1,2,3 L=1249,1250,1,0,-1 B=1248,1250,2,0,-2
mv U code=0 aligned=1 homed=- ms=119.0 U=3135,2119,8,1,-3 R=1091,1090,-1,0,-1 F=675,674,-1,3,-7 D=3505,3506,1,2,3 L=1249,1250,1,0,-1 B=1248,1250,2,0,-2
mv U' code=0 aligned=1 homed=- ms=119.0 U=2123,3132,-15,2,0 R=1091,1090,-1,0,-1 F=675,674,-1,3,-7 D=3506,3506,0,2,3 L=1249,1250,1,0,-1 B=1248,1250,2,0,-2
mv U' code=0 aligned=1 homed=- ms=119.0 U=3134,61,-1,3,-3 R=1091,1090,-1,0,-1 F=675,674,-1,3,-7 D=3506,3506,0,2,3 L=1249,1250,1,0,-1 B=1248,1250,2,0,-2
mv U code=0 aligned=1 homed=- ms=119.0 U=63,3131,-4,2,-1 R=1091,1090,-1,0,-1 F=675,674,-1,3,-7 D=3506,3506,0,2,3 L=1249,1250,1,0,-1 B=1248,1250,2,0,-2
mv U code=0 aligned=1 homed=- ms=119.0 U=3135,2118,7,1,-4 R=1091,1090,-1,0,-1 F=675,674,-1,3,-7 D=3506,3506,0,2,3 L=1249,1249,0,0,-2 B=1248,1250,2,0,-2
mv U' code=0 aligned=1 homed=- ms=119.0 U=2123,3132,-15,2,0 R=1091,1090,-1,0,-1 F=675,674,-1,3,-7 D=3506,3506,0,2,3 L=1250,1250,0,0,-1 B=1248,1250,2,0,-2
mv U' code=0 aligned=1 homed=- ms=119.0 U=3135,61,-2,3,-3 R=1091,1090,-1,0,-1 F=675,674,-1,3,-7 D=3505,3505,0,2,2 L=1250,1250,0,0,-1 B=1248,1250,2,0,-2
mv U code=0 aligned=1 homed=- ms=119.0 U=63,3131,-4,2,-1 R=1091,1090,-1,0,-1 F=675,674,-1,3,-7 D=3505,3506,1,2,3 L=1249,1249,0,0,-2 B=1248,1250,2,0,-2
mv U code=0 aligned=1 homed=- ms=119.0 U=3135,2118,7,1,-4 R=1091,1091,0,0,0 F=675,674,-1,3,-7 D=3506,3505,-1,2,2 L=1249,1250,1,0,-1 B=1248,1250,2,0,-2
mv U' code=0 aligned=1 homed=- ms=119.0 U=2123,3132,-15,2,0 R=1091,1090,-1,0,-1 F=675,674,-1,3,-7 D=3505,3506,1,2,3 L=1249,1250,1,0,-1 B=1248,1250,2,0,-2
mv U' code=0 aligned=1 homed=- ms=119.0 U=3134,61,-1,3,-3 R=1091,1090,-1,0,-1 F=675,674,-1,3,-7 D=3505,3505,0,2,2 L=1249,1250,1,0,-1 B=1248,1250,2,0,-2
mv U code=0 aligned=1 homed=- ms=119.0 U=63,3131,-4,2,-1 R=1091,1090,-1,0,-1 F=675,674,-1,3,-7 D=3506,3506,0,2,3 L=1250,1250,0,0,-1 B=1248,1250,2,0,-2
mv U code=0 aligned=1 homed=- ms=119.0 U=3135,2119,8,1,-3 R=1091,1090,-1,0,-1 F=675,674,-1,3,-7 D=3505,3506,1,2,3 L=1249,1250,1,0,-1 B=1248,1250,2,0,-2
mv U' code=0 aligned=1 homed=- ms=119.0 U=2123,3132,-15,2,0 R=1091,1090,-1,0,-1 F=675,674,-1,3,-7 D=3505,3506,1,2,3 L=1249,1250,1,0,-1 B=1248,1250,2,0,-2
mv U' code=0 aligned=1 homed=- ms=119.0 U=3134,61,-1,3,-3 R=1091,1090,-1,0,-1 F=675,674,-1,3,-7 D=3505,3506,1,2,3 L=1249,1250,1,0,-1 B=1248,1250,2,0,-2
mv U code=0 aligned=1 homed=- ms=119.0 U=63,3131,-4,2,-1 R=1091,1090,-1,0,-1 F=675,674,-1,3,-7 D=3506,3506,0,2,3 L=1250,1250,0,0,-1 B=1248,1250,2,0,-2
mv U code=0 aligned=1 homed=- ms=119.0 U=3135,2118,7,1,-4 R=1091,1090,-1,0,-1 F=675,674,-1,3,-7 D=3505,3506,1,2,3 L=1249,1249,0,0,-2 B=1248,1250,2,0,-2
mv U' code=0 aligned=1 homed=- ms=119.0 U=2123,3132,-15,2,0 R=1091,1090,-1,0,-1 F=675,674,-1,3,-7 D=3506,3506,0,2,3 L=1249,1250,1,0,-1 B=1248,1250,2,0,-2
mv U' code=0 aligned=1 homed=- ms=119.0 U=3133,61,0,3,-3 R=1091,1090,-1,0,-1 F=675,674,-1,3,-7 D=3506,3506,0,2,3 L=1249,1250,1,0,-1 B=1248,1250,2,0,-2
mv U code=0 aligned=1 homed=- ms=119.0 U=63,3131,-4,2,-1 R=1091,1090,-1,0,-1 F=675,674,-1,3,-7 D=3505,3506,1,2,3 L=1249,1250,1,0,-1 B=1248,1250,2,0,-2
mv U code=0 aligned=1 homed=- ms=119.0 U=3135,2119,8,1,-3 R=1091,1090,-1,0,-1 F=675,674,-1,3,-7 D=3506,3506,0,2,3 L=1249,1250,1,0,-1 B=1248,1250,2,0,-2
mv U' code=0 aligned=1 homed=- ms=119.0 U=2122,3132,-14,2,0 R=1091,1090,-1,0,-1 F=675,674,-1,3,-7 D=3505,3506,1,2,3 L=1250,1250,0,0,-1 B=1248,1250,2,0,-2
mv U' code=0 aligned=1 homed=- ms=119.0 U=3134,61,-1,3,-3 R=1091,1090,-1,0,-1 F=675,674,-1,3,-7 D=3505,3506,1,2,3 L=1249,1250,1,0,-1 B=1248,1250,2,0,-2
mv U code=0 aligned=1 homed=- ms=119.0 U=63,3131,-4,2,-1 R=1091,1090,-1,0,-1 F=675,674,-1,3,-7 D=3506,3506,0,2,3 L=1249,1250,1,0,-1 B=1248,1250,2,0,-2
mv U code=0 aligned=1 homed=- ms=119.0 U=3135,2118,7,1,-4 R=1091,1090,-1,0,-1 F=675,674,-1,3,-7 D=3505,3505,0,2,2 L=1250,1250,0,0,-1 B=1248,1250,2,0,-2
mv U' code=0 aligned=1 homed=- ms=119.0 U=2123,3132,-15,2,0 R=1091,1090,-1,0,-1 F=675,674,-1,3,-7 D=3505,3506,1,2,3 L=1249,1250,1,0,-1 B=1248,1250,2,0,-2
mv U' code=0 aligned=1 homed=- ms=119.0 U=3134,61,-1,3,-3 R=1091,1090,-1,0,-1 F=675,674,-1,3,-7 D=3506,3506,0,2,3 L=1249,1250,1,0,-1 B=1248,1250,2,0,-2
mv U code=0 aligned=1 homed=- ms=119.0 U=63,3131,-4,2,-1 R=1091,1090,-1,0,-1 F=675,674,-1,3,-7 D=3505,3506,1,2,3 L=1249,1250,1,0,-1 B=1248,1250,2,0,-2
mv U code=0 aligned=1 homed=- ms=119.0 U=3135,2118,7,1,-4 R=1091,1090,-1,0,-1 F=675,674,-1,3,-7 D=3506,3506,0,2,3 L=1249,1250,1,0,-1 B=1248,1250,2,0,-2
mv U' code=0 aligned=1 homed=- ms=119.0 U=2123,3132,-15,2,0 R=1091,1090,-1,0,-1 F=675,674,-1,3,-7 D=3506,3506,0,2,3 L=1250,1249,-1,0,-2 B=1248,1250,2,0,-2
mv U' code=0 aligned=1 homed=- ms=119.0 U=3134,61,-1,3,-3 R=1091,1090,-1,0,-1 F=675,674,-1,3,-7 D=3505,3506,1,2,3 L=1249,1250,1,0,-1 B=1248,1250,2,0,-2
mv U code=0 aligned=1 homed=- ms=119.0 U=63,3131,-4,2,-1 R=1091,1090,-1,0,-1 F=675,674,-1,3,-7 D=3505,3506,1,2,3 L=1249,1249,0,0,-2 B=1248,1250,2,0,-2
mv U code=0 aligned=1 homed=- ms=119.0 U=3135,2119,8,1,-3 R=1091,1090,-1,0,-1 F=675,674,-1,3,-7 D=3506,3506,0,2,3 L=1249,1249,0,0,-2 B=1248,1250,2,0,-2
mv U' code=0 aligned=1 homed=- ms=119.0 U=2123,3132,-15,2,0 R=1091,1090,-1,0,-1 F=675,674,-1,3,-7 D=3505,3506,1,2,3 L=1249,1250,1,0,-1 B=1248,1250,2,0,-2
mv U' code=0 aligned=1 homed=- ms=119.0 U=3134,61,-1,3,-3 R=1091,1090,-1,0,-1 F=675,674,-1,3,-7 D=3505,3506,1,2,3 L=1249,1250,1,0,-1 B=1248,1250,2,0,-2
mv U code=0 aligned=1 homed=- ms=119.0 U=63,3131,-4,2,-1 R=1091,1090,-1,0,-1 F=675,674,-1,3,-7 D=3505,3506,1,2,3 L=1249,1250,1,0,-1 B=1248,1250,2,0,-2
mv U code=0 aligned=1 homed=- ms=119.0 U=3135,2119,8,1,-3 R=1091,1090,-1,0,-1 F=675,674,-1,3,-7 D=3506,3506,0,2,3 L=1249,1250,1,0,-1 B=1248,1250,2,0,-2
mv U' code=0 aligned=1 homed=- ms=119.0 U=2123,3132,-15,2,0 R=1091,1090,-1,0,-1 F=675,674,-1,3,-7 D=3505,3506,1,2,3 L=1250,1250,0,0,-1 B=1248,1250,2,0,-2
mv U' code=0 aligned=1 homed=- ms=119.0 U=3134,61,-1,3,-3 R=1091,1090,-1,0,-1 F=675,674,-1,3,-7 D=3505,3506,1,2,3 L=1250,1250,0,0,-1 B=1248,1250,2,0,-2
mv U code=0 aligned=1 homed=- ms=119.0 U=63,3131,-4,2,-1 R=1091,1090,-1,0,-1 F=675,674,-1,3,-7 D=3506,3505,-1,2,2 L=1249,1250,1,0,-1 B=1248,1250,2,0,-2
mv U code=0 aligned=1 homed=- ms=119.0 U=3135,2119,8,1,-3 R=1091,1090,-1,0,-1 F=675,674,-1,3,-7 D=3505,3506,1,2,3 L=1250,1250,0,0,-1 B=1248,1250,2,0,-2
mv U' code=0 aligned=1 homed=- ms=119.0 U=2123,3132,-15,2,0 R=1091,1090,-1,0,-1 F=675,674,-1,3,-7 D=3505,3506,1,2,3 L=1249,1249,0,0,-2 B=1248,1250,2,0,-2
mv U' code=0 aligned=1 homed=- ms=119.0 U=3134,61,-1,3,-3 R=1091,1090,-1,0,-1 F=675,674,-1,3,-7 D=3505,3506,1,2,3 L=1250,1250,0,0,-1 B=1248,1250,2,0,-2
mv U code=0 aligned=1 homed=- ms=119.0 U=63,3131,-4,2,-1 R=1091,1090,-1,0,-1 F=675,674,-1,3,-7 D=3505,3506,1,2,3 L=1249,1250,1,0,-1 B=1248,1250,2,0,-2
mv U code=0 aligned=1 homed=- ms=119.0 U=3135,2119,8,1,-3 R=1091,1090,-1,0,-1 F=675,674,-1,3,-7 D=3505,3506,1,2,3 L=1249,1250,1,0,-1 B=1248,1250,2,0,-2
mv U' code=0 aligned=1 homed=- ms=119.0 U=2123,3132,-15,2,0 R=1091,1090,-1,0,-1 F=675,673,-2,3,-8 D=3505,3506,1,2,3 L=1249,1250,1,0,-1 B=1248,1250,2,0,-2
mv U' code=0 aligned=1 homed=- ms=119.0 U=3134,61,-1,3,-3 R=1091,1090,-1,0,-1 F=675,674,-1,3,-7 D=3506,3505,-1,2,2 L=1249,1250,1,0,-1 B=1248,1250,2,0,-2
mv U code=0 aligned=1 homed=- ms=119.0 U=63,3131,-4,2,-1 R=1091,1090,-1,0,-1 F=675,674,-1,3,-7 D=3506,3506,0,2,3 L=1249,1250,1,0,-1 B=1248,1250,2,0,-2
mv U code=0 aligned=1 homed=- ms=119.0 U=3135,2119,8,1,-3 R=1091,1090,-1,0,-1 F=675,674,-1,3,-7 D=3506,3506,0,2,3 L=1249,1250,1,0,-1 B=1248,1250,2,0,-2
mv U' code=0 aligned=1 homed=- ms=119.0 U=2123,3132,-15,2,0 R=1091,1090,-1,0,-1 F=675,674,-1,3,-7 D=3505,3506,1,2,3 L=1249,1250,1,0,-1 B=1248,1250,2,0,-2
mv U' code=0 aligned=1 homed=- ms=119.0 U=3134,61,-1,3,-3 R=1091,1090,-1,0,-1 F=675,674,-1,3,-7 D=3506,3506,0,2,3 L=1249,1250,1,0,-1 B=1248,1250,2,0,-2
mv U code=0 aligned=1 homed=- ms=119.0 U=63,3131,-4,2,-1 R=1091,1090,-1,0,-1 F=675,674,-1,3,-7 D=3506,3506,0,2,3 L=1249,1250,1,0,-1 B=1248,1250,2,0,-2
mv U code=0 aligned=1 homed=- ms=119.0 U=3135,2118,7,1,-4 R=1091,1090,-1,0,-1 F=675,674,-1,3,-7 D=3506,3506,0,2,3 L=1249,1250,1,0,-1 B=1248,1250,2,0,-2
mv U' code=0 aligned=1 homed=- ms=119.0 U=2123,3132,-15,2,0 R=1091,1090,-1,0,-1 F=675,674,-1,3,-7 D=3506,3506,0,2,3 L=1249,1249,0,0,-2 B=1248,1250,2,0,-2
mv U' code=0 aligned=1 homed=- ms=119.0 U=3134,61,-1,3,-3 R=1091,1090,-1,0,-1 F=675,674,-1,3,-7 D=3505,3506,1,2,3 L=1250,1249,-1,0,-2 B=1248,1250,2,0,-2
mv U code=0 aligned=1 homed=- ms=119.0 U=63,3131,-4,2,-1 R=1091,1090,-1,0,-1 F=675,674,-1,3,-7 D=3505,3506,1,2,3 L=1249,1250,1,0,-1 B=1248,1250,2,0,-2
mv U code=0 aligned=1 homed=- ms=119.0 U=3135,2119,8,1,-3 R=1091,1090,-1,0,-1 F=675,674,-1,3,-7 D=3505,3506,1,2,3 L=1249,1250,1,0,-1 B=1248,1250,2,0,-2
mv U' code=0 aligned=1 homed=- ms=119.0 U=2123,3132,-15,2,0 R=1091,1090,-1,0,-1 F=675,674,-1,3,-7 D=3506,3506,0,2,3 L=1250,1250,0,0,-1 B=1248,1250,2,0,-2
mv U' code=0 aligned=1 homed=- ms=119.0 U=3134,61,-1,3,-3 R=1091,1090,-1,0,-1 F=675,674,-1,3,-7 D=3505,3506,1,2,3 L=1249,1250,1,0,-1 B=1248,1250,2,0,-2
mv U code=0 aligned=1 homed=- ms=119.0 U=63,3131,-4,2,-1 R=1091,1090,-1,0,-1 F=675,674,-1,3,-7 D=3505,3506,1,2,3 L=1249,1249,0,0,-2 B=1248,1250,2,0,-2
mv U code=0 aligned=1 homed=- ms=119.0 U=3135,2119,8,1,-3 R=1091,1090,-1,0,-1 F=675,674,-1,3,-7 D=3505,3506,1,2,3 L=1249,1250,1,0,-1 B=1248,1250,2,0,-2
mv U' code=0 aligned=1 homed=- ms=119.0 U=2123,3132,-15,2,0 R=1091,1090,-1,0,-1 F=675,674,-1,3,-7 D=3505,3506,1,2,3 L=1249,1250,1,0,-1 B=1248,1250,2,0,-2
mv U' code=0 aligned=1 homed=- ms=119.0 U=3134,61,-1,3,-3 R=1091,1090,-1,0,-1 F=675,674,-1,3,-7 D=3506,3506,0,2,3 L=1250,1250,0,0,-1 B=1248,1250,2,0,-2
mv U code=0 aligned=1 homed=- ms=119.0 U=63,3131,-4,2,-1 R=1091,1090,-1,0,-1 F=675,674,-1,3,-7 D=3505,3506,1,2,3 L=1249,1250,1,0,-1 B=1248,1250,2,0,-2
mv U code=0 aligned=1 homed=- ms=119.0 U=3135,2118,7,1,-4 R=1091,1090,-1,0,-1 F=675,674,-1,3,-7 D=3506,3506,0,2,3 L=1249,1250,1,0,-1 B=1248,1250,2,0,-2
mv U' code=0 aligned=1 homed=- ms=119.0 U=2123,3132,-15,2,0 R=1091,1090,-1,0,-1 F=675,674,-1,3,-7 D=3506,3506,0,2,3 L=1250,1250,0,0,-1 B=1248,1250,2,0,-2
mv U' code=0 aligned=1 homed=- ms=119.0 U=3134,61,-1,3,-3 R=1091,1090,-1,0,-1 F=675,674,-1,3,-7 D=3506,3506,0,2,3 L=1249,1250,1,0,-1 B=1248,1250,2,0,-2
mv U code=0 aligned=1 homed=- ms=119.0 U=63,3131,-4,2,-1 R=1091,1090,-1,0,-1 F=675,674,-1,3,-7 D=3505,3506,1,2,3 L=1249,1250,1,0,-1 B=1248,1249,1,0,-3
mv U code=0 aligned=1 homed=- ms=119.0 U=3136,2119,7,1,-3 R=1091,1090,-1,0,-1 F=675,674,-1,3,-7 D=3506,3506,0,2,3 L=1249,1249,0,0,-2 B=1248,1250,2,0,-2
mv U' code=0 aligned=1 homed=- ms=119.0 U=2123,3132,-15,2,0 R=1091,1090,-1,0,-1 F=675,674,-1,3,-7 D=3506,3506,0,2,3 L=1250,1250,0,0,-1 B=1248,1250,2,0,-2
mv U' code=0 aligned=1 homed=- ms=119.0 U=3134,61,-1,3,-3 R=1091,1090,-1,0,-1 F=675,674,-1,3,-7 D=3505,3506,1,2,3 L=1250,1250,0,0,-1 B=1248,1250,2,0,-2
mv U code=0 aligned=1 homed=- ms=119.0 U=63,3131,-4,2,-1 R=1091,1090,-1,0,-1 F=675,674,-1,3,-7 D=3505,3506,1,2,3 L=1249,1250,1,0,-1 B=1248,1250,2,0,-2
mv U code=0 aligned=1 homed=- ms=119.0 U=3135,2118,7,1,-4 R=1091,1090,-1,0,-1 F=675,674,-1,3,-7 D=3506,3506,0,2,3 L=1249,1250,1,0,-1 B=1248,1250,2,0,-2
mv U' code=0 aligned=1 homed=- ms=119.0 U=2123,3132,-15,2,0 R=1091,1090,-1,0,-1 F=675,674,-1,3,-7 D=3506,3505,-1,2,2 L=1249,1250,1,0,-1 B=1248,1250,2,0,-2
mv U' code=0 aligned=1 homed=- ms=119.0 U=3134,61,-1,3,-3 R=1091,1090,-1,0,-1 F=675,674,-1,3,-7 D=3505,3506,1,2,3 L=1250,1250,0,0,-1 B=1248,1250,2,0,-2
mv U code=0 aligned=1 homed=- ms=119.0 U=63,3131,-4,2,-1 R=1091,1090,-1,0,-1 F=675,674,-1,3,-7 D=3506,3506,0,2,3 L=1249,1250,1,0,-1 B=1248,1250,2,0,-2
mv U code=0 aligned=1 homed=- ms=119.0 U=3135,2119,8,1,-3 R=1091,1090,-1,0,-1 F=675,674,-1,3,-7 D=3505,3506,1,2,3 L=1249,1250,1,0,-1 B=1248,1249,1,0,-3
mv U' code=0 aligned=1 homed=- ms=119.0 U=2123,3132,-15,2,0 R=1091,1090,-1,0,-1 F=675,674,-1,3,-7 D=3506,3506,0,2,3 L=1250,1250,0,0,-1 B=1248,1250,2,0,-2
mv U' code=0 aligned=1 homed=- ms=119.0 U=3134,61,-1,3,-3 R=1091,1091,0,0,0 F=675,673,-2,3,-8 D=3506,3506,0,2,3 L=1249,1250,1,0,-1 B=1248,1250,2,0,-2
mv U code=0 aligned=1 homed=- ms=119.0 U=63,3131,-4,2,-1 R=1091,1091,0,0,0 F=675,674,-1,3,-7 D=3506,3506,0,2,3 L=1249,1250,1,0,-1 B=1248,1250,2,0,-2
mv U code=0 aligned=1 homed=- ms=119.0 U=3135,2118,7,1,-4 R=1091,1090,-1,0,-1 F=675,674,-1,3,-7 D=3506,3506,0,2,3 L=1250,1250,0,0,-1 B=1248,1250,2,0,-2
mv U' code=0 aligned=1 homed=- ms=119.0 U=2123,3132,-15,2,0 R=1091,1090,-1,0,-1 F=675,673,-2,3,-8 D=3506,3506,0,2,3 L=1250,1250,0,0,-1 B=1248,1250,2,0,-2
mv U' code=0 aligned=1 homed=- ms=119.0 U=3134,61,-1,3,-3 R=1091,1090,-1,0,-1 F=675,674,-1,3,-7 D=3506,3505,-1,2,2 L=1249,1250,1,0,-1 B=1248,1250,2,0,-2
mv U code=0 aligned=1 homed=- ms=119.0 U=63,3131,-4,2,-1 R=1091,1090,-1,0,-1 F=675,674,-1,3,-7 D=3505,3506,1,2,3 L=1249,1250,1,0,-1 B=1248,1250,2,0,-2
mv U code=0 aligned=1 homed=- ms=119.0 U=3135,2119,8,1,-3 R=1091,1090,-1,0,-1 F=675,674,-1,3,-7 D=3505,3506,1,2,3 L=1249,1250,1,0,-1 B=1248,1250,2,0,-2
mv U' code=0 aligned=1 homed=- ms=119.0 U=2123,3132,-15,2,0 R=1091,1090,-1,0,-1 F=675,674,-1,3,-7 D=3505,3506,1,2,3 L=1249,1250,1,0,-1 B=1248,1250,2,0,-2
mv U' code=0 aligned=1 homed=- ms=119.0 U=3134,61,-1,3,-3 R=1091,1090,-1,0,-1 F=675,674,-1,3,-7 D=3505,3506,1,2,3 L=1250,1250,0,0,-1 B=1248,1250,2,0,-2
mv U code=0 aligned=1 homed=- ms=119.0 U=63,3131,-4,2,-1 R=1091,1090,-1,0,-1 F=675,674,-1,3,-7 D=3505,3506,1,2,3 L=1249,1249,0,0,-2 B=1248,1250,2,0,-2
mv U code=0 aligned=1 homed=- ms=119.0 U=3135,2118,7,1,-4 R=1091,1090,-1,0,-1 F=675,674,-1,3,-7 D=3505,3506,1,2,3 L=1249,1250,1,0,-1 B=1248,1250,2,0,-2
mv U' code=0 aligned=1 homed=- ms=119.0 U=2123,3132,-15,2,0 R=1091,1090,-1,0,-1 F=675,674,-1,3,-7 D=3505,3505,0,2,2 L=1249,1250,1,0,-1 B=1248,1250,2,0,-2
mv U' code=0 aligned=1 homed=- ms=119.0 U=3134,61,-1,3,-3 R=1091,1090,-1,0,-1 F=675,674,-1,3,-7 D=3505,3506,1,2,3 L=1250,1250,0,0,-1 B=1248,1250,2,0,-2
mv U code=0 aligned=1 homed=- ms=119.0 U=63,3131,-4,2,-1 R=1091,1090,-1,0,-1 F=675,674,-1,3,-7 D=3505,3506,1,2,3 L=1249,1250,1,0,-1 B=1248,1250,2,0,-2
mv U code=0 aligned=1 homed=- ms=119.0 U=3135,2118,7,1,-4 R=1091,1090,-1,0,-1 F=675,674,-1,3,-7 D=3505,3506,1,2,3 L=1249,1250,1,0,-1 B=1248,1250,2,0,-2
mv U' code=0 aligned=1 homed=- ms=119.0 U=2123,3132,-15,2,0 R=1091,1090,-1,0,-1 F=675,674,-1,3,-7 D=3505,3506,1,2,3 L=1250,1250,0,0,-1 B=1248,1250,2,0,-2
mv U' code=0 aligned=1 homed=- ms=119.0 U=3134,61,-1,3,-3 R=1091,1090,-1,0,-1 F=675,674,-1,3,-7 D=3505,3506,1,2,3 L=1249,1250,1,0,-1 B=1248,1250,2,0,-2
mv U code=0 aligned=1 homed=- ms=119.0 U=63,3131,-4,2,-1 R=1091,1090,-1,0,-1 F=675,674,-1,3,-7 D=3506,3506,0,2,3 L=1249,1249,0,0,-2 B=1248,1250,2,0,-2
mv U code=0 aligned=1 homed=- ms=119.0 U=3135,2119,8,1,-3 R=1091,1090,-1,0,-1 F=675,674,-1,3,-7 D=3505,3506,1,2,3 L=1249,1250,1,0,-1 B=1248,1250,2,0,-2
mv U' code=0 aligned=1 homed=- ms=119.0 U=2123,3132,-15,2,0 R=1091,1090,-1,0,-1 F=675,674,-1,3,-7 D=3505,3506,1,2,3 L=1249,1249,0,0,-2 B=1248,1250,2,0,-2
mv U' code=0 aligned=1 homed=- ms=119.0 U=3133,61,0,3,-3 R=1091,1090,-1,0,-1 F=675,674,-1,3,-7 D=3505,3506,1,2,3 L=1249,1250,1,0,-1 B=1248,1250,2,0,-2
mv U code=0 aligned=1 homed=- ms=119.0 U=63,3131,-4,2,-1 R=1091,1090,-1,0,-1 F=675,674,-1,3,-7 D=3505,3506,1,2,3 L=1249,1250,1,0,-1 B=1248,1250,2,0,-2
mv U code=0 aligned=1 homed=- ms=119.0 U=3135,2118,7,1,-4 R=1091,1090,-1,0,-1 F=675,674,-1,3,-7 D=3506,3506,0,2,3 L=1249,1250,1,0,-1 B=1248,1250,2,0,-2
mv U' code=0 aligned=1 homed=- ms=119.0 U=2123,3132,-15,2,0 R=1091,1090,-1,0,-1 F=675,674,-1,3,-7 D=3505,3506,1,2,3 L=1249,1249,0,0,-2 B=1248,1250,2,0,-2
mv U' code=0 aligned=1 homed=- ms=119.0 U=3134,61,-1,3,-3 R=1091,1090,-1,0,-1 F=675,674,-1,3,-7 D=3505,3506,1,2,3 L=1249,1250,1,0,-1 B=1248,1250,2,0,-2
mv U code=0 aligned=1 homed=- ms=119.0 U=63,3131,-4,2,-1 R=1091,1090,-1,0,-1 F=675,674,-1,3,-7 D=3505,3506,1,2,3 L=1249,1250,1,0,-1 B=1248,1250,2,0,-2
mv U code=0 aligned=1 homed=- ms=119.0 U=3135,2119,8,1,-3 R=1091,1090,-1,0,-1 F=675,674,-1,3,-7 D=3506,3506,0,2,3 L=1249,1250,1,0,-1 B=1248,1250,2,0,-2
mv U' code=0 aligned=1 homed=- ms=119.0 U=2123,3132,-15,2,0 R=1091,1090,-1,0,-1 F=675,674,-1,3,-7 D=3505,3506,1,2,3 L=1249,1250,1,0,-1 B=1248,1250,2,0,-2
mv U' code=0 aligned=1 homed=- ms=119.0 U=3134,61,-1,3,-3 R=1091,1090,-1,0,-1 F=675,674,-1,3,-7 D=3506,3506,0,2,3 L=1249,1250,1,0,-1 B=1248,1250,2,0,-2
mv U code=0 aligned=1 homed=- ms=119.0 U=63,3131,-4,2,-1 R=1091,1090,-1,0,-1 F=675,674,-1,3,-7 D=3505,3506,1,2,3 L=1249,1250,1,0,-1 B=1248,1250,2,0,-2
mv U code=0 aligned=1 homed=- ms=119.0 U=3135,2118,7,1,-4 R=1091,1090,-1,0,-1 F=675,674,-1,3,-7 D=3506,3506,0,2,3 L=1249,1250,1,0,-1 B=1248,1250,2,0,-2
mv U' code=0 aligned=1 homed=- ms=119.0 U=2123,3132,-15,2,0 R=1091,1090,-1,0,-1 F=675,674,-1,3,-7 D=3505,3506,1,2,3 L=1249,1250,1,0,-1 B=1248,1250,2,0,-2
mv U' code=0 aligned=1 homed=- ms=119.0 U=3134,61,-1,3,-3 R=1091,1090,-1,0,-1 F=675,674,-1,3,-7 D=3505,3506,1,2,3 L=1249,1250,1,0,-1 B=1248,1250,2,0,-2
mv U code=0 aligned=1 homed=- ms=119.0 U=63,3131,-4,2,-1 R=1091,1090,-1,0,-1 F=675,674,-1,3,-7 D=3505,3506,1,2,3 L=1249,1250,1,0,-1 B=1248,1250,2,0,-2
mv U code=0 aligned=1 homed=- ms=119.0 U=3135,2118,7,1,-4 R=1091,1090,-1,0,-1 F=675,674,-1,3,-7 D=3505,3506,1,2,3 L=1249,1249,0,0,-2 B=1248,1250,2,0,-2
mv U' code=0 aligned=1 homed=- ms=119.0 U=2123,3132,-15,2,0 R=1091,1090,-1,0,-1 F=675,674,-1,3,-7 D=3506,3506,0,2,3 L=1249,1250,1,0,-1 B=1248,1250,2,0,-2
mv U' code=0 aligned=1 homed=- ms=119.0 U=3134,61,-1,3,-3 R=1091,1090,-1,0,-1 F=675,674,-1,3,-7 D=3505,3506,1,2,3 L=1249,1250,1,0,-1 B=1248,1250,2,0,-2
mv U code=0 aligned=1 homed=- ms=119.0 U=63,3131,-4,2,-1 R=1091,1090,-1,0,-1 F=675,674,-1,3,-7 D=3506,3505,-1,2,2 L=1249,1250,1,0,-1 B=1248,1250,2,0,-2
mv U code=0 aligned=1 homed=- ms=119.0 U=3135,2119,8,1,-3 R=1091,1090,-1,0,-1 F=675,674,-1,3,-7 D=3506,3506,0,2,3 L=1249,1250,1,0,-1 B=1248,1250,2,0,-2
mv U' code=0 aligned=1 homed=- ms=119.0 U=2123,3132,-15,2,0 R=1091,1090,-1,0,-1 F=675,674,-1,3,-7 D=3505,3506,1,2,3 L=1249,1250,1,0,-1 B=1248,1250,2,0,-2
mv U' code=0 aligned=1 homed=- ms=119.0 U=3134,61,-1,3,-3 R=1091,1090,-1,0,-1 F=675,674,-1,3,-7 D=3505,3505,0,2,2 L=1249,1249,0,0,-2 B=1248,1250,2,0,-2
mv U code=0 aligned=1 homed=- ms=119.0 U=63,3131,-4,2,-1 R=1091,1090,-1,0,-1 F=675,674,-1,3,-7 D=3506,3506,0,2,3 L=1249,1250,1,0,-1 B=1248,1250,2,0,-2
mv U code=0 aligned=1 homed=- ms=119.0 U=3135,2119,8,1,-3 R=1091,1090,-1,0,-1 F=675,674,-1,3,-7 D=3505,3506,1,2,3 L=1250,1250,0,0,-1 B=1248,1250,2,0,-2
mv U' code=0 aligned=1 homed=- ms=119.0 U=2123,3132,-15,2,0 R=1091,1090,-1,0,-1 F=675,674,-1,3,-7 D=3506,3506,0,2,3 L=1249,1250,1,0,-1 B=1248,1250,2,0,-2
mv U' code=0 aligned=1 homed=- ms=119.0 U=3134,61,-1,3,-3 R=1091,1090,-1,0,-1 F=675,674,-1,3,-7 D=3505,3506,1,2,3 L=1249,1250,1,0,-1 B=1248,1250,2,0,-2
mv U code=0 aligned=1 homed=- ms=119.0 U=63,3131,-4,2,-1 R=1091,1090,-1,0,-1 F=675,674,-1,3,-7 D=3505,3505,0,2,2 L=1249,1250,1,0,-1 B=1248,1250,2,0,-2
mv U code=0 aligned=1 homed=- ms=119.0 U=3135,2119,8,1,-3 R=1091,1090,-1,0,-1 F=675,674,-1,3,-7 D=3505,3506,1,2,3 L=1250,1250,0,0,-1 B=1248,1250,2,0,-2
mv U' code=0 aligned=1 homed=- ms=119.0 U=2123,3132,-15,2,0 R=1091,1090,-1,0,-1 F=675,674,-1,3,-7 D=3505,3506,1,2,3 L=1249,1250,1,0,-1 B=1248,1250,2,0,-2
mv U' code=0 aligned=1 homed=- ms=119.0 U=3134,61,-1,3,-3 R=1091,1090,-1,0,-1 F=675,674,-1,3,-7 D=3506,3506,0,2,3 L=1249,1250,1,0,-1 B=1248,1250,2,0,-2
mv U code=0 aligned=1 homed=- ms=119.0 U=63,3132,-3,2,0 R=1091,1091,0,0,0 F=675,674,-1,3,-7 D=3506,3506,0,2,3 L=1249,1250,1,0,-1 B=1248,1250,2,0,-2
mv U code=0 aligned=1 homed=- ms=119.0 U=3135,2118,7,1,-4 R=1091,1090,-1,0,-1 F=675,674,-1,3,-7 D=3506,3505,-1,2,2 L=1249,1250,1,0,-1 B=1248,1250,2,0,-2
mv U' code=0 aligned=1 homed=- ms=119.0 U=2123,3132,-15,2,0 R=1091,1090,-1,0,-1 F=675,674,-1,3,-7 D=3505,3505,0,2,2 L=1249,1250,1,0,-1 B=1248,1250,2,0,-2
mv U' code=0 aligned=1 homed=- ms=119.0 U=3134,61,-1,3,-3 R=1091,1090,-1,0,-1 F=675,674,-1,3,-7 D=3506,3505,-1,2,2 L=1249,1250,1,0,-1 B=1248,1250,2,0,-2
mv U code=0 aligned=1 homed=- ms=119.0 U=63,3131,-4,2,-1 R=1091,1090,-1,0,-1 F=675,674,-1,3,-7 D=3505,3506,1,2,3 L=1249,1250,1,0,-1 B=1248,1250,2,0,-2
mv U code=0 aligned=1 homed=- ms=119.0 U=3135,2118,7,1,-4 R=1091,1090,-1,0,-1 F=675,674,-1,3,-7 D=3505,3506,1,2,3 L=1249,1250,1,0,-1 B=1248,1250,2,0,-2
mv U' code=0 aligned=1 homed=- ms=119.0 U=2123,3132,-15,2,0 R=1091,1090,-1,0,-1 F=675,674,-1,3,-7 D=3505,3506,1,2,3 L=1249,1250,1,0,-1 B=1248,1250,2,0,-2
mv U' code=0 aligned=1 homed=- ms=119.0 U=3134,61,-1,3,-3 R=1091,1090,-1,0,-1 F=675,674,-1,3,-7 D=3506,3506,0,2,3 L=1249,1250,1,0,-1 B=1248,1250,2,0,-2
mv U code=0 aligned=1 homed=- ms=119.0 U=63,3131,-4,2,-1 R=1091,1091,0,0,0 F=675,674,-1,3,-7 D=3505,3505,0,2,2 L=1250,1250,0,0,-1 B=1248,1250,2,0,-2
mv U code=0 aligned=1 homed=- ms=119.0 U=3135,2118,7,1,-4 R=1091,1090,-1,0,-1 F=675,674,-1,3,-7 D=3505,3506,1,2,3 L=1249,1249,0,0,-2 B=1248,1250,2,0,-2
mv U' code=0 aligned=1 homed=- ms=119.0 U=2123,3132,-15,2,0 R=1091,1090,-1,0,-1 F=675,674,-1,3,-7 D=3506,3506,0,2,3 L=1249,1250,1,0,-1 B=1248,1250,2,0,-2
mv U' code=0 aligned=1 homed=- ms=119.0 U=3135,61,-2,3,-3 R=1091,1090,-1,0,-1 F=675,674,-1,3,-7 D=3505,3505,0,2,2 L=1249,1250,1,0,-1 B=1248,1250,2,0,-2
mv U code=0 aligned=1 homed=- ms=119.0 U=63,3131,-4,2,-1 R=1091,1090,-1,0,-1 F=675,674,-1,3,-7 D=3505,3506,1,2,3 L=1249,1250,1,0,-1 B=1248,1250,2,0,-2
mv U code=0 aligned=1 homed=- ms=119.0 U=3135,2119,8,1,-3 R=1091,1090,-1,0,-1 F=675,674,-1,3,-7 D=3505,3506,1,2,3 L=1249,1250,1,0,-1 B=1248,1250,2,0,-2
mv U' code=0 aligned=1 homed=- ms=119.0 U=2123,3132,-15,2,0 R=1091,1090,-1,0,-1 F=675,674,-1,3,-7 D=3505,3506,1,2,3 L=1250,1250,0,0,-1 B=1248,1250,2,0,-2
mv U' code=0 aligned=1 homed=- ms=119.0 U=3134,61,-1,3,-3 R=1091,1090,-1,0,-1 F=675,674,-1,3,-7 D=3505,3506,1,2,3 L=1249,1250,1,0,-1 B=1248,1250,2,0,-2
mv U code=0 aligned=1 homed=- ms=119.0 U=63,3132,-3,2,0 R=1091,1090,-1,0,-1 F=675,674,-1,3,-7 D=3505,3506,1,2,3 L=1250,1250,0,0,-1 B=1248,1250,2,0,-2
mv U code=0 aligned=1 homed=- ms=119.0 U=3135,2119,8,1,-3 R=1091,1090,-1,0,-1 F=675,674,-1,3,-7 D=3505,3506,1,2,3 L=1249,1250,1,0,-1 B=1248,1250,2,0,-2
mv U' code=0 aligned=1 homed=- ms=119.0 U=2123,3132,-15,2,0 R=1091,1090,-1,0,-1 F=675,674,-1,3,-7 D=3506,3506,0,2,3 L=1250,1250,0,0,-1 B=1248,1250,2,0,-2
mv U' code=0 aligned=1 homed=- ms=119.0 U=3134,61,-1,3,-3 R=1091,1090,-1,0,-1 F=675,674,-1,3,-7 D=3505,3506,1,2,3 L=1249,1250,1,0,-1 B=1248,1250,2,0,-2
mv U code=0 aligned=1 homed=- ms=119.0 U=63,3131,-4,2,-1 R=1091,1090,-1,0,-1 F=675,674,-1,3,-7 D=3505,3506,1,2,3 L=1249,1250,1,0,-1 B=1248,1250,2,0,-2
mv U code=0 aligned=1 homed=- ms=119.0 U=3135,2119,8,1,-3 R=1091,1090,-1,0,-1 F=675,674,-1,3,-7 D=3505,3506,1,2,3 L=1250,1250,0,0,-1 B=1248,1250,2,0,-2
mv U' code=0 aligned=1 homed=- ms=119.0 U=2123,3132,-15,2,0 R=1091,1090,-1,0,-1 F=675,674,-1,3,-7 D=3505,3506,1,2,3 L=1249,1250,1,0,-1 B=1248,1250,2,0,-2
mv U' code=0 aligned=1 homed=- ms=119.0 U=3134,61,-1,3,-3 R=1091,1090,-1,0,-1 F=675,674,-1,3,-7 D=3505,3506,1,2,3 L=1249,1250,1,0,-1 B=1248,1250,2,0,-2
mv U code=0 aligned=1 homed=- ms=119.0 U=63,3132,-3,2,0 R=1091,1090,-1,0,-1 F=675,674,-1,3,-7 D=3505,3506,1,2,3 L=1249,1250,1,0,-1 B=1248,1250,2,0,-2
mv U code=0 aligned=1 homed=- ms=119.0 U=3135,2118,7,1,-4 R=1091,1090,-1,0,-1 F=675,674,-1,3,-7 D=3506,3506,0,2,3 L=1249,1250,1,0,-1 B=1248,1250,2,0,-2
mv U' code=0 aligned=1 homed=- ms=119.0 U=2123,3132,-15,2,0 R=1091,1090,-1,0,-1 F=675,674,-1,3,-7 D=3505,3505,0,2,2 L=1249,1249,0,0,-2 B=1248,1250,2,0,-2
mv U' code=0 aligned=1 homed=- ms=119.0 U=3135,61,-2,3,-3 R=1091,1090,-1,0,-1 F=675,674,-1,3,-7 D=3506,3506,0,2,3 L=1249,1250,1,0,-1 B=1248,1250,2,0,-2
mv U code=0 aligned=1 homed=- ms=119.0 U=63,3131,-4,2,-1 R=1091,1090,-1,0,-1 F=675,674,-1,3,-7 D=3505,3506,1,2,3 L=1249,1250,1,0,-1 B=1248,1250,2,0,-2
mv U code=0 aligned=1 homed=- ms=119.0 U=3135,2119,8,1,-3 R=1091,1090,-1,0,-1 F=675,674,-1,3,-7 D=3505,3506,1,2,3 L=1250,1249,-1,0,-2 B=1249,1250,1,0,-2
mv U' code=0 aligned=1 homed=- ms=119.0 U=2123,3132,-15,2,0 R=1091,1090,-1,0,-1 F=675,674,-1,3,-7 D=3505,3506,1,2,3 L=1249,1249,0,0,-2 B=1248,1250,2,0,-2
mv U' code=0 aligned=1 homed=- ms=119.0 U=3134,61,-1,3,-3 R=1091,1090,-1,0,-1 F=675,674,-1,3,-7 D=3506,3506,0,2,3 L=1249,1249,0,0,-2 B=1248,1250,2,0,-2
mv U code=0 aligned=1 homed=- ms=119.0 U=63,3131,-4,2,-1 R=1091,1090,-1,0,-1 F=675,674,-1,3,-7 D=3506,3506,0,2,3 L=1249,1250,1,0,-1 B=1248,1250,2,0,-2
mv U code=0 aligned=1 homed=- ms=119.0 U=3135,2119,8,1,-3 R=1091,1090,-1,0,-1 F=675,674,-1,3,-7 D=3505,3506,1,2,3 L=1249,1250,1,0,-1 B=1248,1250,2,0,-2
mv U' code=0 aligned=1 homed=- ms=119.0 U=2123,3132,-15,2,0 R=1091,1090,-1,0,-1 F=675,674,-1,3,-7 D=3505,3506,1,2,3 L=1249,1250,1,0,-1 B=1248,1250,2,0,-2
mv U' code=0 aligned=1 homed=- ms=119.0 U=3134,61,-1,3,-3 R=1091,1090,-1,0,-1 F=675,674,-1,3,-7 D=3506,3506,0,2,3 L=1249,1249,0,0,-2 B=1248,1250,2,0,-2
mv U code=0 aligned=1 homed=- ms=119.0 U=63,3131,-4,2,-1 R=1091,1090,-1,0,-1 F=675,674,-1,3,-7 D=3506,3506,0,2,3 L=1249,1250,1,0,-1 B=1248,1250,2,0,-2
mv U code=0 aligned=1 homed=- ms=119.0 U=3135,2119,8,1,-3 R=1091,1090,-1,0,-1 F=675,674,-1,3,-7 D=3506,3506,0,2,3 L=1249,1250,1,0,-1 B=1248,1250,2,0,-2
mv U' code=0 aligned=1 homed=- ms=119.0 U=2123,3132,-15,2,0 R=1091,1090,-1,0,-1 F=675,674,-1,3,-7 D=3505,3506,1,2,3 L=1250,1250,0,0,-1 B=1248,1250,2,0,-2
mv U' code=0 aligned=1 homed=- ms=119.0 U=3134,61,-1,3,-3 R=1091,1090,-1,0,-1 F=675,674,-1,3,-7 D=3506,3506,0,2,3 L=1249,1250,1,0,-1 B=1248,1250,2,0,-2
mv U code=0 aligned=1 homed=- ms=119.0 U=63,3131,-4,2,-1 R=1091,1090,-1,0,-1 F=675,674,-1,3,-7 D=3505,3506,1,2,3 L=1249,1250,1,0,-1 B=1248,1250,2,0,-2
mv U code=0 aligned=1 homed=- ms=119.0 U=3136,2119,7,1,-3 R=1091,1090,-1,0,-1 F=675,673,-2,3,-8 D=3505,3506,1,2,3 L=1249,1249,0,0,-2 B=1248,1250,2,0,-2
mv U' code=0 aligned=1 homed=- ms=119.0 U=2123,3132,-15,2,0 R=1091,1090,-1,0,-1 F=675,674,-1,3,-7 D=3505,3505,0,2,2 L=1249,1250,1,0,-1 B=1248,1250,2,0,-2
mv U' code=0 aligned=1 homed=- ms=119.0 U=3134,61,-1,3,-3 R=1091,1090,-1,0,-1 F=675,674,-1,3,-7 D=3505,3506,1,2,3 L=1249,1250,1,0,-1 B=1248,1250,2,0,-2
mv U code=0 aligned=1 homed=- ms=119.0 U=63,3131,-4,2,-1 R=1091,1090,-1,0,-1 F=675,674,-1,3,-7 D=3505,3506,1,2,3 L=1249,1250,1,0,-1 B=1248,1250,2,0,-2
mv U code=0 aligned=1 homed=- ms=119.0 U=3135,2119,8,1,-3 R=1091,1090,-1,0,-1 F=675,674,-1,3,-7 D=3505,3506,1,2,3 L=1250,1250,0,0,-1 B=1248,1250,2,0,-2
mv U' code=0 aligned=1 homed=- ms=119.0 U=2123,3132,-15,2,0 R=1091,1090,-1,0,-1 F=675,674,-1,3,-7 D=3505,3506,1,2,3 L=1250,1250,0,0,-1 B=1248,1250,2,0,-2
mv U' code=0 aligned=1 homed=- ms=119.0 U=3134,61,-1,3,-3 R=1091,1090,-1,0,-1 F=675,674,-1,3,-7 D=3505,3506,1,2,3 L=1249,1250,1,0,-1 B=1248,1250,2,0,-2
mv U code=0 aligned=1 homed=- ms=119.0 U=63,3131,-4,2,-1 R=1091,1090,-1,0,-1 F=675,674,-1,3,-7 D=3506,3506,0,2,3 L=1250,1250,0,0,-1 B=1248,1250,2,0,-2
mv U code=0 aligned=1 homed=- ms=119.0 U=3136,2119,7,1,-3 R=1091,1090,-1,0,-1 F=675,674,-1,3,-7 D=3506,3506,0,2,3 L=1249,1250,1,0,-1 B=1248,1250,2,0,-2
mv U' code=0 aligned=1 homed=- ms=119.0 U=2123,3132,-15,2,0 R=1091,1090,-1,0,-1 F=675,674,-1,3,-7 D=3505,3506,1,2,3 L=1249,1250,1,0,-1 B=1248,1250,2,0,-2
mv U' code=0 aligned=1 homed=- ms=119.0 U=3134,61,-1,3,-3 R=1091,1090,-1,0,-1 F=675,674,-1,3,-7 D=3505,3506,1,2,3 L=1249,1250,1,0,-1 B=1248,1250,2,0,-2
mv U code=0 aligned=1 homed=- ms=119.0 U=63,3131,-4,2,-1 R=1091,1090,-1,0,-1 F=675,674,-1,3,-7 D=3505,3506,1,2,3 L=1249,1250,1,0,-1 B=1248,1250,2,0,-2
mv U code=0 aligned=1 homed=- ms=119.0 U=3135,2118,7,1,-4 R=1091,1090,-1,0,-1 F=675,674,-1,3,-7 D=3506,3506,0,2,3 L=1249,1250,1,0,-1 B=1248,1250,2,0,-2
mv U' code=0 aligned=1 homed=- ms=119.0 U=2123,3132,-15,2,0 R=1091,1090,-1,0,-1 F=675,674,-1,3,-7 D=3506,3506,0,2,3 L=1249,1250,1,0,-1 B=1248,1250,2,0,-2
mv U' code=0 aligned=1 homed=- ms=119.0 U=3134,61,-1,3,-3 R=1091,1090,-1,0,-1 F=675,674,-1,3,-7 D=3506,3506,0,2,3 L=1249,1250,1,0,-1 B=1248,1250,2,0,-2
mv U code=0 aligned=1 homed=- ms=119.0 U=63,3131,-4,2,-1 R=1091,1090,-1,0,-1 F=675,674,-1,3,-7 D=3505,3506,1,2,3 L=1249,1250,1,0,-1 B=1248,1250,2,0,-2
mv U code=0 aligned=1 homed=- ms=119.0 U=3135,2118,7,1,-4 R=1091,1090,-1,0,-1 F=675,674,-1,3,-7 D=3505,3506,1,2,3 L=1249,1250,1,0,-1 B=1248,1250,2,0,-2
mv U' code=0 aligned=1 homed=- ms=119.0 U=2122,3132,-14,2,0 R=1091,1090,-1,0,-1 F=675,674,-1,3,-7 D=3505,3506,1,2,3 L=1250,1250,0,0,-1 B=1248,1250,2,0,-2
mv U' code=0 aligned=1 homed=- ms=119.0 U=3134,61,-1,3,-3 R=1091,1090,-1,0,-1 F=675,674,-1,3,-7 D=3505,3506,1,2,3 L=1249,1250,1,0,-1 B=1248,1250,2,0,-2
mv U code=0 aligned=1 homed=- ms=119.0 U=63,3131,-4,2,-1 R=1091,1090,-1,0,-1 F=675,674,-1,3,-7 D=3506,3505,-1,2,2 L=1249,1250,1,0,-1 B=1248,1250,2,0,-2
mv U code=0 aligned=1 homed=- ms=119.0 U=3135,2119,8,1,-3 R=1091,1090,-1,0,-1 F=675,674,-1,3,-7 D=3506,3506,0,2,3 L=1249,1250,1,0,-1 B=1248,1250,2,0,-2
mv U' code=0 aligned=1 homed=- ms=119.0 U=2123,3132,-15,2,0 R=1091,1090,-1,0,-1 F=675,674,-1,3,-7 D=3505,3505,0,2,2 L=1250,1250,0,0,-1 B=1248,1250,2,0,-2
mv U' code=0 aligned=1 homed=- ms=119.0 U=3134,61,-1,3,-3 R=1091,1090,-1,0,-1 F=675,674,-1,3,-7 D=3505,3506,1,2,3 L=1249,1249,0,0,-2 B=1248,1250,2,0,-2
mv U code=0 aligned=1 homed=- ms=119.0 U=63,3131,-4,2,-1 R=1091,1090,-1,0,-1 F=675,674,-1,3,-7 D=3505,3506,1,2,3 L=1249,1250,1,0,-1 B=1248,1250,2,0,-2
mv U code=0 aligned=1 homed=- ms=119.0 U=3135,2119,8,1,-3 R=1091,1090,-1,0,-1 F=675,674,-1,3,-7 D=3506,3505,-1,2,2 L=1249,1250,1,0,-1 B=1248,1250,2,0,-2
mv U' code=0 aligned=1 homed=- ms=119.0 U=2123,3132,-15,2,0 R=1091,1090,-1,0,-1 F=675,674,-1,3,-7 D=3505,3506,1,2,3 L=1249,1250,1,0,-1 B=1248,1250,2,0,-2
mv U' code=0 aligned=1 homed=- ms=119.0 U=3134,61,-1,3,-3 R=1091,1090,-1,0,-1 F=675,674,-1,3,-7 D=3505,3506,1,2,3 L=1249,1249,0,0,-2 B=1248,1250,2,0,-2
mv U code=0 aligned=1 homed=- ms=119.0 U=63,3131,-4,2,-1 R=1091,1090,-1,0,-1 F=675,674,-1,3,-7 D=3505,3506,1,2,3 L=1249,1250,1,0,-1 B=1248,1250,2,0,-2
mv U code=0 aligned=1 homed=- ms=119.0 U=3135,2118,7,1,-4 R=1091,1090,-1,0,-1 F=675,674,-1,3,-7 D=3505,3506,1,2,3 L=1249,1250,1,0,-1 B=1248,1250,2,0,-2
mv U' code=0 aligned=1 homed=- ms=119.0 U=2123,3132,-15,2,0 R=1091,1090,-1,0,-1 F=675,674,-1,3,-7 D=3505,3506,1,2,3 L=1250,1249,-1,0,-2 B=1248,1250,2,0,-2
mv U' code=0 aligned=1 homed=- ms=119.0 U=3134,61,-1,3,-3 R=1091,1090,-1,0,-1 F=675,674,-1,3,-7 D=3505,3506,1,2,3 L=1250,1250,0,0,-1 B=1248,1250,2,0,-2
mv U code=0 aligned=1 homed=- ms=119.0 U=63,3131,-4,2,-1 R=1091,1090,-1,0,-1 F=675,674,-1,3,-7 D=3505,3506,1,2,3 L=1249,1250,1,0,-1 B=1248,1250,2,0,-2
mv U code=0 aligned=1 homed=- ms=119.0 U=3135,2119,8,1,-3 R=1091,1090,-1,0,-1 F=675,674,-1,3,-7 D=3505,3506,1,2,3 L=1249,1250,1,0,-1 B=1248,1250,2,0,-2
mv U' code=0 aligned=1 homed=- ms=119.0 U=2123,3132,-15,2,0 R=1091,1090,-1,0,-1 F=675,674,-1,3,-7 D=3505,3506,1,2,3 L=1249,1250,1,0,-1 B=1248,1250,2,0,-2
mv U' code=0 aligned=1 homed=- ms=119.0 U=3134,61,-1,3,-3 R=1091,1090,-1,0,-1 F=675,674,-1,3,-7 D=3505,3506,1,2,3 L=1249,1249,0,0,-2 B=1248,1250,2,0,-2
mv U code=0 aligned=1 homed=- ms=119.0 U=63,3131,-4,2,-1 R=1091,1090,-1,0,-1 F=675,674,-1,3,-7 D=3505,3506,1,2,3 L=1249,1250,1,0,-1 B=1248,1250,2,0,-2
mv U code=0 aligned=1 homed=- ms=119.0 U=3136,2119,7,1,-3 R=1091,1090,-1,0,-1 F=675,674,-1,3,-7 D=3505,3506,1,2,3 L=1249,1250,1,0,-1 B=1248,1250,2,0,-2
mv U' code=0 aligned=1 homed=- ms=119.0 U=2123,3132,-15,2,0 R=1091,1090,-1,0,-1 F=675,674,-1,3,-7 D=3506,3506,0,2,3 L=1249,1249,0,0,-2 B=1248,1250,2,0,-2
mv U' code=0 aligned=1 homed=- ms=119.0 U=3134,61,-1,3,-3 R=1091,1090,-1,0,-1 F=675,674,-1,3,-7 D=3505,3505,0,2,2 L=1249,1250,1,0,-1 B=1248,1250,2,0,-2
mv U code=0 aligned=1 homed=- ms=119.0 U=63,3131,-4,2,-1 R=1091,1090,-1,0,-1 F=675,674,-1,3,-7 D=3505,3506,1,2,3 L=1249,1250,1,0,-1 B=1248,1250,2,0,-2
mv U code=0 aligned=1 homed=- ms=119.0 U=3135,2119,8,1,-3 R=1091,1090,-1,0,-1 F=675,674,-1,3,-7 D=3505,3506,1,2,3 L=1249,1249,0,0,-2 B=1248,1250,2,0,-2
mv U' code=0 aligned=1 homed=- ms=119.0 U=2123,3132,-15,2,0 R=1091,1090,-1,0,-1 F=675,674,-1,3,-7 D=3506,3506,0,2,3 L=1249,1250,1,0,-1 B=1248,1250,2,0,-2
mv U' code=0 aligned=1 homed=- ms=119.0 U=3134,61,-1,3,-3 R=1091,1090,-1,0,-1 F=675,674,-1,3,-7 D=3505,3505,0,2,2 L=1249,1250,1,0,-1 B=1248,1250,2,0,-2
mv U code=0 aligned=1 homed=- ms=119.0 U=63,3131,-4,2,-1 R=1091,1090,-1,0,-1 F=675,674,-1,3,-7 D=3505,3506,1,2,3 L=1250,1250,0,0,-1 B=1248,1250,2,0,-2
mv U code=0 aligned=1 homed=- ms=119.0 U=3135,2119,8,1,-3 R=1091,1090,-1,0,-1 F=675,674,-1,3,-7 D=3506,3506,0,2,3 L=1249,1250,1,0,-1 B=1248,1250,2,0,-2
mv U' code=0 aligned=1 homed=- ms=119.0 U=2123,3132,-15,2,0 R=1091,1090,-1,0,-1 F=675,674,-1,3,-7 D=3506,3505,-1,2,2 L=1249,1250,1,0,-1 B=1248,1250,2,0,-2
mv U' code=0 aligned=1 homed=- ms=119.0 U=3134,61,-1,3,-3 R=1091,1090,-1,0,-1 F=675,674,-1,3,-7 D=3505,3505,0,2,2 L=1249,1250,1,0,-1 B=1248,1250,2,0,-2
mv U code=0 aligned=1 homed=- ms=119.0 U=64,3131,-5,2,-1 R=1091,1090,-1,0,-1 F=675,674,-1,3,-7 D=3506,3506,0,2,3 L=1249,1250,1,0,-1 B=1248,1250,2,0,-2
mv U code=0 aligned=1 homed=- ms=119.0 U=3135,2119,8,1,-3 R=1091,1090,-1,0,-1 F=675,674,-1,3,-7 D=3506,3506,0,2,3 L=1249,1250,1,0,-1 B=1249,1250,1,0,-2
mv U' code=0 aligned=1 homed=- ms=119.0 U=2123,3132,-15,2,0 R=1091,1090,-1,0,-1 F=675,674,-1,3,-7 D=3506,3506,0,2,3 L=1250,1250,0,0,-1 B=1248,1250,2,0,-2
mv U' code=0 aligned=1 homed=- ms=119.0 U=3134,61,-1,3,-3 R=1091,1090,-1,0,-1 F=675,674,-1,3,-7 D=3505,3506,1,2,3 L=1250,1250,0,0,-1 B=1248,1250,2,0,-2
mv U code=0 aligned=1 homed=- ms=119.0 U=63,3131,-4,2,-1 R=1091,1090,-1,0,-1 F=675,674,-1,3,-7 D=3505,3506,1,2,3 L=1249,1250,1,0,-1 B=1248,1250,2,0,-2
mv U code=0 aligned=1 homed=- ms=119.0 U=3135,2119,8,1,-3 R=1091,1090,-1,0,-1 F=675,674,-1,3,-7 D=3505,3506,1,2,3 L=1249,1250,1,0,-1 B=1248,1250,2,0,-2
mv U' code=0 aligned=1 homed=- ms=119.0 U=2123,3132,-15,2,0 R=1091,1090,-1,0,-1 F=675,674,-1,3,-7 D=3506,3506,0,2,3 L=1249,1250,1,0,-1 B=1248,1250,2,0,-2
mv U' code=0 aligned=1 homed=- ms=119.0 U=3134,61,-1,3,-3 R=1091,1090,-1,0,-1 F=675,674,-1,3,-7 D=3505,3506,1,2,3 L=1249,1250,1,0,-1 B=1248,1250,2,0,-2
mv U code=0 aligned=1 homed=- ms=119.0 U=63,3131,-4,2,-1 R=1091,1090,-1,0,-1 F=675,674,-1,3,-7 D=3505,3506,1,2,3 L=1249,1250,1,0,-1 B=1249,1250,1,0,-2
mv U code=0 aligned=1 homed=- ms=119.0 U=3135,2118,7,1,-4 R=1091,1090,-1,0,-1 F=675,674,-1,3,-7 D=3505,3506,1,2,3 L=1249,1250,1,0,-1 B=1248,1250,2,0,-2
mv U' code=0 aligned=1 homed=- ms=119.0 U=2123,3132,-15,2,0 R=1091,1090,-1,0,-1 F=675,674,-1,3,-7 D=3505,3505,0,2,2 L=1249,1250,1,0,-1 B=1248,1250,2,0,-2
mv U' code=0 aligned=1 homed=- ms=119.0 U=3134,61,-1,3,-3 R=1091,1090,-1,0,-1 F=675,674,-1,3,-7 D=3505,3506,1,2,3 L=1249,1250,1,0,-1 B=1248,1250,2,0,-2
mv U code=0 aligned=1 homed=- ms=119.0 U=63,3131,-4,2,-1 R=1091,1090,-1,0,-1 F=675,674,-1,3,-7 D=3506,3506,0,2,3 L=1249,1250,1,0,-1 B=1248,1250,2,0,-2
mv U code=0 aligned=1 homed=- ms=119.0 U=3135,2119,8,1,-3 R=1091,1091,0,0,0 F=675,674,-1,3,-7 D=3505,3506,1,2,3 L=1249,1250,1,0,-1 B=1248,1250,2,0,-2
mv U' code=0 aligned=1 homed=- ms=119.0 U=2123,3132,-15,2,0 R=1091,1090,-1,0,-1 F=675,674,-1,3,-7 D=3505,3506,1,2,3 L=1249,1250,1,0,-1 B=1248,1250,2,0,-2
mv U' code=0 aligned=1 homed=- ms=119.0 U=3134,61,-1,3,-3 R=1091,1090,-1,0,-1 F=675,674,-1,3,-7 D=3506,3506,0,2,3 L=1249,1250,1,0,-1 B=1248,1250,2,0,-2
mv U code=0 aligned=1 homed=- ms=119.0 U=63,3131,-4,2,-1 R=1091,1090,-1,0,-1 F=675,674,-1,3,-7 D=3505,3506,1,2,3 L=1249,1250,1,0,-1 B=1248,1250,2,0,-2
mv U code=0 aligned=1 homed=- ms=119.0 U=3135,2119,8,1,-3 R=1091,1090,-1,0,-1 F=675,674,-1,3,-7 D=3505,3505,0,2,2 L=1249,1250,1,0,-1 B=1248,1250,2,0,-2
mv U' code=0 aligned=1 homed=- ms=119.0 U=2123,3133,-14,2,1 R=1091,1090,-1,0,-1 F=675,674,-1,3,-7 D=3505,3506,1,2,3 L=1249,1250,1,0,-1 B=1248,1250,2,0,-2
mv U' code=0 aligned=1 homed=- ms=119.0 U=3134,61,-1,3,-3 R=1091,1090,-1,0,-1 F=675,674,-1,3,-7 D=3505,3506,1,2,3 L=1249,1250,1,0,-1 B=1248,1250,2,0,-2
mv U code=0 aligned=1 homed=- ms=119.0 U=63,3131,-4,2,-1 R=1091,1090,-1,0,-1 F=675,674,-1,3,-7 D=3506,3505,-1,2,2 L=1249,1250,1,0,-1 B=1248,1250,2,0,-2
mv U code=0 aligned=1 homed=- ms=119.0 U=3135,2119,8,1,-3 R=1091,1090,-1,0,-1 F=675,674,-1,3,-7 D=3505,3506,1,2,3 L=1249,1250,1,0,-1 B=1248,1250,2,0,-2
mv U' code=0 aligned=1 homed=- ms=119.0 U=2123,3132,-15,2,0 R=1091,1090,-1,0,-1 F=675,674,-1,3,-7 D=3505,3506,1,2,3 L=1249,1250,1,0,-1 B=1248,1250,2,0,-2
mv U' code=0 aligned=1 homed=- ms=119.0 U=3134,61,-1,3,-3 R=1091,1090,-1,0,-1 F=675,674,-1,3,-7 D=3505,3505,0,2,2 L=1249,1250,1,0,-1 B=1248,1250,2,0,-2
mv U code=0 aligned=1 homed=- ms=119.0 U=63,3131,-4,2,-1 R=1091,1090,-1,0,-1 F=675,674,-1,3,-7 D=3505,3506,1,2,3 L=1249,1249,0,0,-2 B=1248,1250,2,0,-2
mv U code=0 aligned=1 homed=- ms=119.0 U=3135,2118,7,1,-4 R=1091,1090,-1,0,-1 F=675,674,-1,3,-7 D=3506,3506,0,2,3 L=1249,1250,1,0,-1 B=1248,1250,2,0,-2
mv U' code=0 aligned=1 homed=- ms=119.0 U=2123,3132,-15,2,0 R=1091,1090,-1,0,-1 F=675,674,-1,3,-7 D=3505,3506,1,2,3 L=1250,1250,0,0,-1 B=1248,1250,2,0,-2
mv U' code=0 aligned=1 homed=- ms=119.0 U=3134,61,-1,3,-3 R=1091,1090,-1,0,-1 F=675,674,-1,3,-7 D=3506,3505,-1,2,2 L=1249,1250,1,0,-1 B=1248,1250,2,0,-2
mv U code=0 aligned=1 homed=- ms=119.0 U=63,3131,-4,2,-1 R=1091,1090,-1,0,-1 F=675,674,-1,3,-7 D=3506,3506,0,2,3 L=1249,1250,1,0,-1 B=1248,1250,2,0,-2
mv U code=0 aligned=1 homed=- ms=119.0 U=3135,2118,7,1,-4 R=1091,1090,-1,0,-1 F=675,674,-1,3,-7 D=3505,3506,1,2,3 L=1249,1250,1,0,-1 B=1248,1250,2,0,-2
mv U' code=0 aligned=1 homed=- ms=119.0 U=2123,3132,-15,2,0 R=1091,1090,-1,0,-1 F=675,674,-1,3,-7 D=3506,3506,0,2,3 L=1249,1250,1,0,-1 B=1248,1250,2,0,-2
mv U' code=0 aligned=1 homed=- ms=119.0 U=3134,61,-1,3,-3 R=1091,1090,-1,0,-1 F=675,674,-1,3,-7 D=3505,3506,1,2,3 L=1249,1250,1,0,-1 B=1248,1250,2,0,-2
mv U code=0 aligned=1 homed=- ms=119.0 U=63,3131,-4,2,-1 R=1091,1090,-1,0,-1 F=675,674,-1,3,-7 D=3506,3506,0,2,3 L=1249,1250,1,0,-1 B=1248,1250,2,0,-2
mv U code=0 aligned=1 homed=- ms=119.0 U=3135,2119,8,1,-3 R=1091,1090,-1,0,-1 F=675,674,-1,3,-7 D=3505,3506,1,2,3 L=1249,1250,1,0,-1 B=1248,1250,2,0,-2
mv U' code=0 aligned=1 homed=- ms=119.0 U=2123,3132,-15,2,0 R=1091,1090,-1,0,-1 F=675,674,-1,3,-7 D=3505,3506,1,2,3 L=1250,1250,0,0,-1 B=1248,1250,2,0,-2
mv U' code=0 aligned=1 homed=- ms=119.0 U=3134,61,-1,3,-3 R=1091,1090,-1,0,-1 F=675,674,-1,3,-7 D=3506,3506,0,2,3 L=1249,1250,1,0,-1 B=1248,1250,2,0,-2
mv U code=0 aligned=1 homed=- ms=119.0 U=63,3131,-4,2,-1 R=1091,1090,-1,0,-1 F=675,674,-1,3,-7 D=3505,3506,1,2,3 L=1249,1250,1,0,-1 B=1248,1250,2,0,-2
mv U code=0 aligned=1 homed=- ms=119.0 U=3135,2119,8,1,-3 R=1091,1090,-1,0,-1 F=675,674,-1,3,-7 D=3505,3506,1,2,3 L=1249,1250,1,0,-1 B=1248,1250,2,0,-2
mv U' code=0 aligned=1 homed=- ms=119.0 U=2123,3132,-15,2,0 R=1091,1090,-1,0,-1 F=675,674,-1,3,-7 D=3505,3506,1,2,3 L=1249,1250,1,0,-1 B=1248,1250,2,0,-2
mv U' code=0 aligned=1 homed=- ms=119.0 U=3134,61,-1,3,-3 R=1091,1090,-1,0,-1 F=675,674,-1,3,-7 D=3505,3506,1,2,3 L=1249,1249,0,0,-2 B=1248,1250,2,0,-2
mv U code=0 aligned=1 homed=- ms=119.0 U=63,3131,-4,2,-1 R=1091,1090,-1,0,-1 F=675,674,-1,3,-7 D=3506,3506,0,2,3 L=1249,1250,1,0,-1 B=1248,1250,2,0,-2
mv U code=0 aligned=1 homed=- ms=119.0 U=3135,2119,8,1,-3 R=1091,1090,-1,0,-1 F=675,674,-1,3,-7 D=3505,3505,0,2,2 L=1249,1250,1,0,-1 B=1248,1250,2,0,-2
mv U' code=0 aligned=1 homed=- ms=119.0 U=2123,3132,-15,2,0 R=1091,1090,-1,0,-1 F=675,674,-1,3,-7 D=3505,3506,1,2,3 L=1249,1250,1,0,-1 B=1248,1250,2,0,-2
mv U' code=0 aligned=1 homed=- ms=119.0 U=3134,61,-1,3,-3 R=1091,1090,-1,0,-1 F=675,674,-1,3,-7 D=3505,3506,1,2,3 L=1249,1250,1,0,-1 B=1248,1250,2,0,-2
mv U code=0 aligned=1 homed=- ms=119.0 U=63,3131,-4,2,-1 R=1091,1090,-1,0,-1 F=675,674,-1,3,-7 D=3505,3506,1,2,3 L=1249,1250,1,0,-1 B=1248,1250,2,0,-2
mv U code=0 aligned=1 homed=- ms=119.0 U=3135,2118,7,1,-4 R=1091,1090,-1,0,-1 F=675,674,-1,3,-7 D=3506,3506,0,2,3 L=1250,1250,0,0,-1 B=1248,1250,2,0,-2
mv U' code=0 aligned=1 homed=- ms=119.0 U=2123,3132,-15,2,0 R=1091,1090,-1,0,-1 F=675,674,-1,3,-7 D=3505,3506,1,2,3 L=1250,1250,0,0,-1 B=1248,1250,2,0,-2
mv U' code=0 aligned=1 homed=- ms=119.0 U=3134,61,-1,3,-3 R=1091,1090,-1,0,-1 F=675,673,-2,3,-8 D=3505,3506,1,2,3 L=1249,1250,1,0,-1 B=1248,1250,2,0,-2
mv U code=0 aligned=1 homed=- ms=119.0 U=63,3131,-4,2,-1 R=1091,1090,-1,0,-1 F=675,674,-1,3,-7 D=3506,3506,0,2,3 L=1250,1250,0,0,-1 B=1248,1250,2,0,-2
mv U code=0 aligned=1 homed=- ms=119.0 U=3135,2119,8,1,-3 R=1091,1090,-1,0,-1 F=675,674,-1,3,-7 D=3505,3506,1,2,3 L=1249,1250,1,0,-1 B=1248,1250,2,0,-2
mv U' code=0 aligned=1 homed=- ms=119.0 U=2123,3132,-15,2,0 R=1091,1090,-1,0,-1 F=675,674,-1,3,-7 D=3505,3506,1,2,3 L=1249,1250,1,0,-1 B=1248,1250,2,0,-2
mv U' code=0 aligned=1 homed=- ms=119.0 U=3134,61,-1,3,-3 R=1091,1090,-1,0,-1 F=675,674,-1,3,-7 D=3506,3506,0,2,3 L=1250,1250,0,0,-1 B=1248,1250,2,0,-2
mv U code=0 aligned=1 homed=- ms=119.0 U=63,3132,-3,2,0 R=1091,1090,-1,0,-1 F=675,674,-1,3,-7 D=3505,3506,1,2,3 L=1250,1250,0,0,-1 B=1248,1250,2,0,-2
mv U code=0 aligned=1 homed=- ms=119.0 U=3135,2119,8,1,-3 R=1091,1090,-1,0,-1 F=675,674,-1,3,-7 D=3505,3506,1,2,3 L=1249,1250,1,0,-1 B=1248,1250,2,0,-2
mv U' code=0 aligned=1 homed=- ms=119.0 U=2122,3132,-14,2,0 R=1091,1090,-1,0,-1 F=675,674,-1,3,-7 D=3506,3506,0,2,3 L=1249,1250,1,0,-1 B=1248,1250,2,0,-2
mv U' code=0 aligned=1 homed=- ms=119.0 U=3134,61,-1,3,-3 R=1091,1090,-1,0,-1 F=675,674,-1,3,-7 D=3506,3505,-1,2,2 L=1249,1250,1,0,-1 B=1248,1250,2,0,-2
mv U code=0 aligned=1 homed=- ms=119.0 U=63,3131,-4,2,-1 R=1091,1090,-1,0,-1 F=675,674,-1,3,-7 D=3505,3506,1,2,3 L=1249,1250,1,0,-1 B=1248,1250,2,0,-2
mv U code=0 aligned=1 homed=- ms=119.0 U=3135,2119,8,1,-3 R=1091,1090,-1,0,-1 F=675,674,-1,3,-7 D=3505,3505,0,2,2 L=1250,1250,0,0,-1 B=1248,1250,2,0,-2
mv U' code=0 aligned=1 homed=- ms=119.0 U=2123,3133,-14,2,1 R=1091,1090,-1,0,-1 F=675,674,-1,3,-7 D=3505,3506,1,2,3 L=1249,1250,1,0,-1 B=1248,1250,2,0,-2
mv U' code=0 aligned=1 homed=- ms=119.0 U=3134,61,-1,3,-3 R=1091,1090,-1,0,-1 F=675,674,-1,3,-7 D=3505,3505,0,2,2 L=1250,1250,0,0,-1 B=1248,1250,2,0,-2
mv U code=0 aligned=1 homed=- ms=119.0 U=63,3131,-4,2,-1 R=1091,1090,-1,0,-1 F=675,674,-1,3,-7 D=3505,3506,1,2,3 L=1249,1250,1,0,-1 B=1248,1250,2,0,-2
mv U code=0 aligned=1 homed=- ms=119.0 U=3135,2118,7,1,-4 R=1091,1090,-1,0,-1 F=675,674,-1,3,-7 D=3505,3506,1,2,3 L=1249,1250,1,0,-1 B=1248,1250,2,0,-2
mv U' code=0 aligned=1 homed=- ms=119.0 U=2123,3133,-14,2,1 R=1091,1090,-1,0,-1 F=675,674,-1,3,-7 D=3506,3506,0,2,3 L=1249,1250,1,0,-1 B=1248,1250,2,0,-2
mv U' code=0 aligned=1 homed=- ms=119.0 U=3134,61,-1,3,-3 R=1091,1090,-1,0,-1 F=675,674,-1,3,-7 D=3505,3506,1,2,3 L=1249,1249,0,0,-2 B=1248,1250,2,0,-2
mv U code=0 aligned=1 homed=- ms=119.0 U=63,3131,-4,2,-1 R=1091,1090,-1,0,-1 F=675,674,-1,3,-7 D=3505,3505,0,2,2 L=1250,1250,0,0,-1 B=1248,1250,2,0,-2
mv U code=0 aligned=1 homed=- ms=119.0 U=3135,2119,8,1,-3 R=1091,1091,0,0,0 F=675,674,-1,3,-7 D=3505,3506,1,2,3 L=1249,1250,1,0,-1 B=1248,1250,2,0,-2
mv U' code=0 aligned=1 homed=- ms=119.0 U=2123,3132,-15,2,0 R=1091,1090,-1,0,-1 F=675,674,-1,3,-7 D=3505,3506,1,2,3 L=1250,1250,0,0,-1 B=1248,1250,2,0,-2
mv U' code=0 aligned=1 homed=- ms=119.0 U=3133,61,0,3,-3 R=1091,1090,-1,0,-1 F=675,674,-1,3,-7 D=3506,3506,0,2,3 L=1249,1250,1,0,-1 B=1248,1250,2,0,-2
mv U code=0 aligned=1 homed=- ms=119.0 U=63,3132,-3,2,0 R=1091,1090,-1,0,-1 F=675,674,-1,3,-7 D=3505,3506,1,2,3 L=1249,1250,1,0,-1 B=1248,1250,2,0,-2
mv U code=0 aligned=1 homed=- ms=119.0 U=3135,2119,8,1,-3 R=1091,1090,-1,0,-1 F=675,674,-1,3,-7 D=3505,3506,1,2,3 L=1249,1250,1,0,-1 B=1248,1250,2,0,-2
mv U' code=0 aligned=1 homed=- ms=119.0 U=2122,3132,-14,2,0 R=1091,1090,-1,0,-1 F=675,674,-1,3,-7 D=3506,3506,0,2,3 L=1249,1250,1,0,-1 B=1248,1250,2,0,-2
mv U' code=0 aligned=1 homed=- ms=119.0 U=3135,61,-2,3,-3 R=1091,1090,-1,0,-1 F=675,674,-1,3,-7 D=3505,3506,1,2,3 L=1249,1250,1,0,-1 B=1248,1250,2,0,-2
mv U code=0 aligned=1 homed=- ms=119.0 U=63,3131,-4,2,-1 R=1091,1091,0,0,0 F=675,674,-1,3,-7 D=3506,3506,0,2,3 L=1249,1250,1,0,-1 B=1248,1250,2,0,-2
mv U code=0 aligned=1 homed=- ms=119.0 U=3135,2119,8,1,-3 R=1091,1090,-1,0,-1 F=675,674,-1,3,-7 D=3505,3506,1,2,3 L=1249,1250,1,0,-1 B=1248,1250,2,0,-2
mv U' code=0 aligned=1 homed=- ms=119.0 U=2123,3132,-15,2,0 R=1091,1090,-1,0,-1 F=675,674,-1,3,-7 D=3505,3506,1,2,3 L=1249,1250,1,0,-1 B=1248,1250,2,0,-2
mv U' code=0 aligned=1 homed=- ms=119.0 U=3134,61,-1,3,-3 R=1091,1090,-1,0,-1 F=675,674,-1,3,-7 D=3506,3506,0,2,3 L=1249,1250,1,0,-1 B=1248,1250,2,0,-2
mv U code=0 aligned=1 homed=- ms=119.0 U=63,3131,-4,2,-1 R=1091,1090,-1,0,-1 F=675,674,-1,3,-7 D=3506,3506,0,2,3 L=1249,1250,1,0,-1 B=1248,1250,2,0,-2
mv U code=0 aligned=1 homed=- ms=119.0 U=3135,2119,8,1,-3 R=1091,1090,-1,0,-1 F=675,674,-1,3,-7 D=3505,3506,1,2,3 L=1250,1250,0,0,-1 B=1248,1250,2,0,-2
mv U' code=0 aligned=1 homed=- ms=119.0 U=2123,3132,-15,2,0 R=1091,1090,-1,0,-1 F=675,674,-1,3,-7 D=3505,3506,1,2,3 L=1249,1250,1,0,-1 B=1248,1250,2,0,-2
mv U' code=0 aligned=1 homed=- ms=119.0 U=3134,61,-1,3,-3 R=1091,1090,-1,0,-1 F=675,674,-1,3,-7 D=3506,3506,0,2,3 L=1249,1250,1,0,-1 B=1248,1250,2,0,-2
mv U code=0 aligned=1 homed=- ms=119.0 U=63,3131,-4,2,-1 R=1091,1090,-1,0,-1 F=675,674,-1,3,-7 D=3505,3506,1,2,3 L=1249,1250,1,0,-1 B=1248,1250,2,0,-2
mv U code=0 aligned=1 homed=- ms=119.0 U=3135,2119,8,1,-3 R=1091,1090,-1,0,-1 F=675,674,-1,3,-7 D=3505,3506,1,2,3 L=1249,1250,1,0,-1 B=1248,1250,2,0,-2
mv U' code=0 aligned=1 homed=- ms=119.0 U=2123,3132,-15,2,0 R=1091,1090,-1,0,-1 F=675,674,-1,3,-7 D=3505,3506,1,2,3 L=1250,1249,-1,0,-2 B=1248,1250,2,0,-2
mv U' code=0 aligned=1 homed=- ms=119.0 U=3134,61,-1,3,-3 R=1091,1090,-1,0,-1 F=675,674,-1,3,-7 D=3506,3506,0,2,3 L=1249,1250,1,0,-1 B=1248,1250,2,0,-2
mv U code=0 aligned=1 homed=- ms=119.0 U=63,3131,-4,2,-1 R=1091,1090,-1,0,-1 F=675,674,-1,3,-7 D=3505,3505,0,2,2 L=1249,1250,1,0,-1 B=1248,1250,2,0,-2
mv U code=0 aligned=1 homed=- ms=119.0 U=3135,2118,7,1,-4 R=1091,1090,-1,0,-1 F=675,674,-1,3,-7 D=3505,3506,1,2,3 L=1249,1250,1,0,-1 B=1248,1250,2,0,-2
mv U' code=0 aligned=1 homed=- ms=119.0 U=2123,3132,-15,2,0 R=1091,1090,-1,0,-1 F=675,674,-1,3,-7 D=3505,3505,0,2,2 L=1249,1250,1,0,-1 B=1248,1250,2,0,-2
mv U' code=0 aligned=1 homed=- ms=119.0 U=3134,61,-1,3,-3 R=1091,1090,-1,0,-1 F=675,674,-1,3,-7 D=3506,3506,0,2,3 L=1249,1250,1,0,-1 B=1248,1250,2,0,-2
mv U code=0 aligned=1 homed=- ms=119.0 U=63,3131,-4,2,-1 R=1091,1090,-1,0,-1 F=675,674,-1,3,-7 D=3505,3506,1,2,3 L=1250,1250,0,0,-1 B=1248,1250,2,0,-2
mv U code=0 aligned=1 homed=- ms=119.0 U=3135,2119,8,1,-3 R=1091,1090,-1,0,-1 F=675,674,-1,3,-7 D=3505,3506,1,2,3 L=1249,1249,0,0,-2 B=1248,1250,2,0,-2
mv U' code=0 aligned=1 homed=- ms=119.0 U=2123,3132,-15,2,0 R=1091,1090,-1,0,-1 F=675,674,-1,3,-7 D=3505,3506,1,2,3 L=1249,1250,1,0,-1 B=1248,1250,2,0,-2
mv U' code=0 aligned=1 homed=- ms=119.0 U=3134,61,-1,3,-3 R=1091,1090,-1,0,-1 F=675,674,-1,3,-7 D=3505,3506,1,2,3 L=1249,1250,1,0,-1 B=1248,1250,2,0,-2
mv U code=0 aligned=1 homed=- ms=119.0 U=63,3131,-4,2,-1 R=1091,1090,-1,0,-1 F=675,674,-1,3,-7 D=3505,3506,1,2,3 L=1249,1250,1,0,-1 B=1248,1250,2,0,-2
mv U code=0 aligned=1 homed=- ms=119.0 U=3135,2119,8,1,-3 R=1091,1090,-1,0,-1 F=675,674,-1,3,-7 D=3505,3506,1,2,3 L=1249,1250,1,0,-1 B=1248,1250,2,0,-2
mv U' code=0 aligned=1 homed=- ms=119.0 U=2123,3132,-15,2,0 R=1091,1090,-1,0,-1 F=675,673,-2,3,-8 D=3505,3506,1,2,3 L=1249,1250,1,0,-1 B=1248,1250,2,0,-2
mv U' code=0 aligned=1 homed=- ms=119.0 U=3134,61,-1,3,-3 R=1091,1090,-1,0,-1 F=675,674,-1,3,-7 D=3505,3506,1,2,3 L=1249,1250,1,0,-1 B=1248,1250,2,0,-2
mv U code=0 aligned=1 homed=- ms=119.0 U=63,3131,-4,2,-1 R=1091,1090,-1,0,-1 F=675,674,-1,3,-7 D=3505,3506,1,2,3 L=1249,1250,1,0,-1 B=1248,1250,2,0,-2
mv U code=0 aligned=1 homed=- ms=119.0 U=3135,2119,8,1,-3 R=1091,1090,-1,0,-1 F=675,674,-1,3,-7 D=3505,3506,1,2,3 L=1249,1250,1,0,-1 B=1248,1250,2,0,-2
mv U' code=0 aligned=1 homed=- ms=119.0 U=2123,3132,-15,2,0 R=1091,1090,-1,0,-1 F=675,674,-1,3,-7 D=3506,3506,0,2,3 L=1249,1250,1,0,-1 B=1248,1250,2,0,-2
mv U' code=0 aligned=1 homed=- ms=119.0 U=3134,61,-1,3,-3 R=1091,1090,-1,0,-1 F=675,674,-1,3,-7 D=3505,3505,0,2,2 L=1249,1250,1,0,-1 B=1248,1250,2,0,-2
mv U code=0 aligned=1 homed=- ms=119.0 U=63,3131,-4,2,-1 R=1091,1090,-1,0,-1 F=675,674,-1,3,-7 D=3505,3505,0,2,2 L=1249,1250,1,0,-1 B=1248,1250,2,0,-2
mv U code=0 aligned=1 homed=- ms=119.0 U=3135,2119,8,1,-3 R=1091,1090,-1,0,-1 F=675,674,-1,3,-7 D=3505,3506,1,2,3 L=1249,1250,1,0,-1 B=1248,1250,2,0,-2
mv U' code=0 aligned=1 homed=- ms=119.0 U=2123,3132,-15,2,0 R=1091,1090,-1,0,-1 F=675,674,-1,3,-7 D=3505,3506,1,2,3 L=1249,1250,1,0,-1 B=1248,1250,2,0,-2
mv U' code=0 aligned=1 homed=- ms=119.0 U=3134,61,-1,3,-3 R=1091,1090,-1,0,-1 F=675,674,-1,3,-7 D=3505,3505,0,2,2 L=1249,1249,0,0,-2 B=1248,1250,2,0,-2
mv U code=0 aligned=1 homed=- ms=119.0 U=63,3132,-3,2,0 R=1091,1090,-1,0,-1 F=675,674,-1,3,-7 D=3505,3506,1,2,3 L=1249,1250,1,0,-1 B=1248,1250,2,0,-2
mv U code=0 aligned=1 homed=- ms=119.0 U=3135,2119,8,1,-3 R=1091,1090,-1,0,-1 F=675,674,-1,3,-7 D=3505,3506,1,2,3 L=1249,1250,1,0,-1 B=1248,1250,2,0,-2
mv U' code=0 aligned=1 homed=- ms=119.0 U=2123,3131,-16,2,-1 R=1091,1090,-1,0,-1 F=675,674,-1,3,-7 D=3505,3506,1,2,3 L=1249,1249,0,0,-2 B=1248,1250,2,0,-2
mv U' code=0 aligned=1 homed=- ms=119.0 U=3134,61,-1,3,-3 R=1091,1090,-1,0,-1 F=675,674,-1,3,-7 D=3506,3506,0,2,3 L=1249,1250,1,0,-1 B=1248,1250,2,0,-2
mv U code=0 aligned=1 homed=- ms=119.0 U=63,3131,-4,2,-1 R=1091,1090,-1,0,-1 F=675,674,-1,3,-7 D=3505,3506,1,2,3 L=1249,1250,1,0,-1 B=1248,1250,2,0,-2
mv U code=0 aligned=1 homed=- ms=119.0 U=3135,2118,7,1,-4 R=1091,1090,-1,0,-1 F=675,674,-1,3,-7 D=3505,3505,0,2,2 L=1249,1249,0,0,-2 B=1248,1250,2,0,-2
mv U' code=0 aligned=1 homed=- ms=119.0 U=2122,3132,-14,2,0 R=1091,1090,-1,0,-1 F=675,674,-1,3,-7 D=3506,3506,0,2,3 L=1250,1250,0,0,-1 B=1248,1250,2,0,-2
mv U' code=0 aligned=1 homed=- ms=119.0 U=3134,61,-1,3,-3 R=1091,1090,-1,0,-1 F=675,674,-1,3,-7 D=3506,3506,0,2,3 L=1249,1250,1,0,-1 B=1248,1250,2,0,-2
mv U code=0 aligned=1 homed=- ms=119.0 U=63,3131,-4,2,-1 R=1091,1090,-1,0,-1 F=675,674,-1,3,-7 D=3505,3506,1,2,3 L=1249,1250,1,0,-1 B=1248,1250,2,0,-2
mv U code=0 aligned=1 homed=- ms=119.0 U=3135,2119,8,1,-3 R=1091,1090,-1,0,-1 F=675,674,-1,3,-7 D=3505,3505,0,2,2 L=1249,1250,1,0,-1 B=1248,1250,2,0,-2
mv U' code=0 aligned=1 homed=- ms=119.0 U=2123,3132,-15,2,0 R=1091,1090,-1,0,-1 F=675,674,-1,3,-7 D=3506,3505,-1,2,2 L=1249,1250,1,0,-1 B=1248,1250,2,0,-2
mv U' code=0 aligned=1 homed=- ms=119.0 U=3134,61,-1,3,-3 R=1091,1090,-1,0,-1 F=675,674,-1,3,-7 D=3505,3506,1,2,3 L=1250,1250,0,0,-1 B=1248,1250,2,0,-2
mv U code=0 aligned=1 homed=- ms=119.0 U=63,3131,-4,2,-1 R=1091,1090,-1,0,-1 F=675,674,-1,3,-7 D=3505,3506,1,2,3 L=1249,1250,1,0,-1 B=1249,1250,1,0,-2
mv U code=0 aligned=1 homed=- ms=119.0 U=3135,2118,7,1,-4 R=1091,1090,-1,0,-1 F=675,674,-1,3,-7 D=3506,3506,0,2,3 L=1249,1250,1,0,-1 B=1248,1250,2,0,-2
mv U' code=0 aligned=1 homed=- ms=119.0 U=2122,3132,-14,2,0 R=1091,1090,-1,0,-1 F=675,673,-2,3,-8 D=3505,3506,1,2,3 L=1249,1250,1,0,-1 B=1248,1250,2,0,-2
mv U' code=0 aligned=1 homed=- ms=119.0 U=3134,61,-1,3,-3 R=1091,1090,-1,0,-1 F=675,674,-1,3,-7 D=3505,3506,1,2,3 L=1249,1250,1,0,-1 B=1248,1250,2,0,-2
mv U code=0 aligned=1 homed=- ms=119.0 U=63,3131,-4,2,-1 R=1091,1090,-1,0,-1 F=675,674,-1,3,-7 D=3506,3506,0,2,3 L=1249,1249,0,0,-2 B=1248,1250,2,0,-2
mv U code=0 aligned=1 homed=- ms=119.0 U=3135,2119,8,1,-3 R=1091,1090,-1,0,-1 F=675,674,-1,3,-7 D=3505,3506,1,2,3 L=1249,1250,1,0,-1 B=1248,1250,2,0,-2
mv U' code=0 aligned=1 homed=- ms=119.0 U=2122,3132,-14,2,0 R=1091,1090,-1,0,-1 F=675,674,-1,3,-7 D=3506,3506,0,2,3 L=1249,1250,1,0,-1 B=1248,1250,2,0,-2
mv U' code=0 aligned=1 homed=- ms=119.0 U=3134,61,-1,3,-3 R=1091,1090,-1,0,-1 F=675,674,-1,3,-7 D=3505,3505,0,2,2 L=1249,1250,1,0,-1 B=1248,1250,2,0,-2
mv U code=0 aligned=1 homed=- ms=119.0 U=63,3131,-4,2,-1 R=1091,1090,-1,0,-1 F=675,674,-1,3,-7 D=3506,3506,0,2,3 L=1249,1250,1,0,-1 B=1248,1250,2,0,-2
mv U code=0 aligned=1 homed=- ms=119.0 U=3135,2118,7,1,-4 R=1091,1090,-1,0,-1 F=675,674,-1,3,-7 D=3505,3506,1,2,3 L=1249,1250,1,0,-1 B=1248,1250,2,0,-2
mv U' code=0 aligned=1 homed=- ms=119.0 U=2122,3132,-14,2,0 R=1091,1090,-1,0,-1 F=675,674,-1,3,-7 D=3506,3505,-1,2,2 L=1249,1250,1,0,-1 B=1248,1250,2,0,-2
mv U' code=0 aligned=1 homed=- ms=119.0 U=3134,61,-1,3,-3 R=1091,1090,-1,0,-1 F=675,674,-1,3,-7 D=3505,3506,1,2,3 L=1249,1249,0,0,-2 B=1248,1250,2,0,-2
mv U code=0 aligned=1 homed=- ms=119.0 U=63,3131,-4,2,-1 R=1091,1090,-1,0,-1 F=675,674,-1,3,-7 D=3505,3506,1,2,3 L=1249,1250,1,0,-1 B=1248,1250,2,0,-2
mv U code=0 aligned=1 homed=- ms=119.0 U=3135,2118,7,1,-4 R=1091,1090,-1,0,-1 F=675,673,-2,3,-8 D=3506,3506,0,2,3 L=1249,1250,1,0,-1 B=1248,1250,2,0,-2
mv U' code=0 aligned=1 homed=- ms=119.0 U=2123,3132,-15,2,0 R=1091,1090,-1,0,-1 F=675,674,-1,3,-7 D=3505,3505,0,2,2 L=1250,1250,0,0,-1 B=1248,1250,2,0,-2
mv U' code=0 aligned=1 homed=- ms=119.0 U=3134,61,-1,3,-3 R=1091,1090,-1,0,-1 F=675,674,-1,3,-7 D=3505,3506,1,2,3 L=1249,1250,1,0,-1 B=1248,1250,2,0,-2
mv U code=0 aligned=1 homed=- ms=119.0 U=63,3131,-4,2,-1 R=1091,1090,-1,0,-1 F=675,674,-1,3,-7 D=3505,3506,1,2,3 L=1249,1250,1,0,-1 B=1248,1250,2,0,-2
mv U code=0 aligned=1 homed=- ms=119.0 U=3135,2119,8,1,-3 R=1091,1090,-1,0,-1 F=675,674,-1,3,-7 D=3506,3505,-1,2,2 L=1249,1249,0,0,-2 B=1248,1250,2,0,-2
mv U' code=0 aligned=1 homed=- ms=119.0 U=2122,3132,-14,2,0 R=1091,1090,-1,0,-1 F=675,674,-1,3,-7 D=3505,3506,1,2,3 L=1249,1250,1,0,-1 B=1248,1250,2,0,-2
mv U' code=0 aligned=1 homed=- ms=119.0 U=3134,61,-1,3,-3 R=1091,1091,0,0,0 F=675,674,-1,3,-7 D=3505,3505,0,2,2 L=1249,1250,1,0,-1 B=1248,1250,2,0,-2
mv U code=0 aligned=1 homed=- ms=119.0 U=63,3131,-4,2,-1 R=1091,1090,-1,0,-1 F=675,674,-1,3,-7 D=3505,3506,1,2,3 L=1249,1250,1,0,-1 B=1248,1250,2,0,-2
mv U code=0 aligned=1 homed=- ms=119.0 U=3135,2119,8,1,-3 R=1091,1090,-1,0,-1 F=675,674,-1,3,-7 D=3505,3506,1,2,3 L=1249,1250,1,0,-1 B=1248,1250,2,0,-2
mv U' code=0 aligned=1 homed=- ms=119.0 U=2123,3132,-15,2,0 R=1091,1090,-1,0,-1 F=675,674,-1,3,-7 D=3505,3506,1,2,3 L=1249,1249,0,0,-2 B=1248,1250,2,0,-2
mv U' code=0 aligned=1 homed=- ms=119.0 U=3134,61,-1,3,-3 R=1091,1090,-1,0,-1 F=675,674,-1,3,-7 D=3505,3506,1,2,3 L=1249,1250,1,0,-1 B=1248,1250,2,0,-2
mv U code=0 aligned=1 homed=- ms=119.0 U=63,3131,-4,2,-1 R=1091,1090,-1,0,-1 F=675,674,-1,3,-7 D=3505,3506,1,2,3 L=1249,1250,1,0,-1 B=1248,1250,2,0,-2
mv U code=0 aligned=1 homed=- ms=119.0 U=3135,2118,7,1,-4 R=1091,1090,-1,0,-1 F=675,674,-1,3,-7 D=3506,3506,0,2,3 L=1249,1250,1,0,-1 B=1248,1250,2,0,-2
mv U' code=0 aligned=1 homed=- ms=119.0 U=2122,3132,-14,2,0 R=1091,1090,-1,0,-1 F=675,674,-1,3,-7 D=3505,3506,1,2,3 L=1250,1250,0,0,-1 B=1248,1250,2,0,-2
mv U' code=0 aligned=1 homed=- ms=119.0 U=3134,61,-1,3,-3 R=1091,1090,-1,0,-1 F=675,674,-1,3,-7 D=3506,3506,0,2,3 L=1249,1249,0,0,-2 B=1248,1250,2,0,-2
mv U code=0 aligned=1 homed=- ms=119.0 U=63,3131,-4,2,-1 R=1091,1090,-1,0,-1 F=675,674,-1,3,-7 D=3505,3506,1,2,3 L=1249,1250,1,0,-1 B=1248,1250,2,0,-2
mv U code=0 aligned=1 homed=- ms=119.0 U=3135,2118,7,1,-4 R=1091,1090,-1,0,-1 F=675,674,-1,3,-7 D=3505,3505,0,2,2 L=1249,1250,1,0,-1 B=1248,1250,2,0,-2
mv U' code=0 aligned=1 homed=- ms=119.0 U=2123,3132,-15,2,0 R=1091,1090,-1,0,-1 F=675,673,-2,3,-8 D=3505,3505,0,2,2 L=1249,1250,1,0,-1 B=1248,1250,2,0,-2
mv U' code=0 aligned=1 homed=- ms=119.0 U=3134,61,-1,3,-3 R=1091,1090,-1,0,-1 F=675,674,-1,3,-7 D=3505,3506,1,2,3 L=1249,1250,1,0,-1 B=1248,1250,2,0,-2
mv U code=0 aligned=1 homed=- ms=119.0 U=63,3132,-3,2,0 R=1091,1090,-1,0,-1 F=675,674,-1,3,-7 D=3505,3506,1,2,3 L=1249,1250,1,0,-1 B=1248,1250,2,0,-2
mv U code=0 aligned=1 homed=- ms=119.0 U=3135,2119,8,1,-3 R=1091,1090,-1,0,-1 F=675,674,-1,3,-7 D=3505,3506,1,2,3 L=1249,1250,1,0,-1 B=1248,1250,2,0,-2
mv U' code=0 aligned=1 homed=- ms=119.0 U=2122,3132,-14,2,0 R=1091,1090,-1,0,-1 F=675,674,-1,3,-7 D=3505,3506,1,2,3 L=1249,1250,1,0,-1 B=1248,1250,2,0,-2
mv U' code=0 aligned=1 homed=- ms=119.0 U=3134,61,-1,3,-3 R=1091,1090,-1,0,-1 F=675,674,-1,3,-7 D=3505,3506,1,2,3 L=1249,1250,1,0,-1 B=1248,1250,2,0,-2
mv U code=0 aligned=1 homed=- ms=119.0 U=63,3131,-4,2,-1 R=1091,1090,-1,0,-1 F=675,674,-1,3,-7 D=3506,3506,0,2,3 L=1249,1250,1,0,-1 B=1248,1250,2,0,-2
mv U code=0 aligned=1 homed=- ms=119.0 U=3135,2119,8,1,-3 R=1091,1090,-1,0,-1 F=675,674,-1,3,-7 D=3505,3505,0,2,2 L=1249,1250,1,0,-1 B=1248,1250,2,0,-2
mv U' code=0 aligned=1 homed=- ms=119.0 U=2123,3132,-15,2,0 R=1091,1090,-1,0,-1 F=675,674,-1,3,-7 D=3506,3506,0,2,3 L=1249,1250,1,0,-1 B=1248,1250,2,0,-2
mv U' code=0 aligned=1 homed=- ms=119.0 U=3134,61,-1,3,-3 R=1091,1090,-1,0,-1 F=675,674,-1,3,-7 D=3505,3505,0,2,2 L=1249,1249,0,0,-2 B=1248,1250,2,0,-2
mv U code=0 aligned=1 homed=- ms=119.0 U=63,3131,-4,2,-1 R=1091,1090,-1,0,-1 F=675,674,-1,3,-7 D=3505,3506,1,2,3 L=1249,1250,1,0,-1 B=1248,1250,2,0,-2
rep moves=400 notaligned=0 homings=0 failures=0 avgms=119.0
res U=400,-3.1,8.6,16 R=- F=- D=- L=- B=-
ok
> home
[align] motor 0 err=3 counts (0.3 steps)
[align] motor 1 err=0 counts (0.0 steps)
[align] motor 2 err=-6 counts (-0.6 steps)
[align] motor 3 err=2 counts (0.2 steps)
[align] motor 4 err=-3 counts (-0.3 steps)
[align] motor 5 err=-6 counts (-0.6 steps)
home code=0 ms=6 en=0
enc U=3131 R=1090 F=674 D=3506 L=1249 B=1249 RING=2768
near U=2:-1 R=0:-1 F=3:-7 D=2:3 L=0:-2 B=0:-3
ok
> enc
enc U=3134 R=1091 F=675 D=3505 L=1249 B=1249 RING=2768
near U=2:2 R=0:0 F=3:-6 D=2:2 L=0:-2 B=0:-3
ok
> noise 0 200
noise U n=200 bad=0 min=3135 max=3136 mean=3135.1
ok
> enc
enc U=3135 R=1091 F=675 D=3505 L=1249 B=1248 RING=2768
near U=2:3 R=0:0 F=3:-6 D=2:2 L=0:-2 B=0:-4
ok
> rep 100 U U'
mv U code=0 aligned=1 homed=- ms=119.0 U=3135,2118,7,1,-4 R=1091,1090,-1,0,-1 F=675,674,-1,3,-7 D=3505,3506,1,2,3 L=1249,1250,1,0,-1 B=1249,1250,1,0,-2
mv U' code=0 aligned=1 homed=- ms=119.0 U=2122,3132,-14,2,0 R=1091,1090,-1,0,-1 F=675,674,-1,3,-7 D=3506,3506,0,2,3 L=1250,1250,0,0,-1 B=1248,1250,2,0,-2
mv U code=0 aligned=1 homed=- ms=119.0 U=3134,2118,8,1,-4 R=1091,1090,-1,0,-1 F=675,674,-1,3,-7 D=3506,3506,0,2,3 L=1249,1250,1,0,-1 B=1248,1250,2,0,-2
mv U' code=0 aligned=1 homed=- ms=119.0 U=2123,3132,-15,2,0 R=1091,1090,-1,0,-1 F=675,674,-1,3,-7 D=3506,3506,0,2,3 L=1249,1250,1,0,-1 B=1248,1250,2,0,-2
mv U code=0 aligned=1 homed=- ms=119.0 U=3135,2119,8,1,-3 R=1091,1090,-1,0,-1 F=675,674,-1,3,-7 D=3506,3506,0,2,3 L=1249,1250,1,0,-1 B=1248,1250,2,0,-2
mv U' code=0 aligned=1 homed=- ms=119.0 U=2122,3132,-14,2,0 R=1091,1090,-1,0,-1 F=675,674,-1,3,-7 D=3506,3506,0,2,3 L=1249,1250,1,0,-1 B=1248,1250,2,0,-2
mv U code=0 aligned=1 homed=- ms=119.0 U=3134,2119,9,1,-3 R=1091,1090,-1,0,-1 F=675,674,-1,3,-7 D=3505,3506,1,2,3 L=1249,1250,1,0,-1 B=1249,1250,1,0,-2
mv U' code=0 aligned=1 homed=- ms=119.0 U=2122,3132,-14,2,0 R=1091,1090,-1,0,-1 F=675,674,-1,3,-7 D=3505,3506,1,2,3 L=1249,1250,1,0,-1 B=1249,1250,1,0,-2
mv U code=0 aligned=1 homed=- ms=119.0 U=3134,2118,8,1,-4 R=1091,1090,-1,0,-1 F=675,674,-1,3,-7 D=3505,3506,1,2,3 L=1249,1250,1,0,-1 B=1248,1250,2,0,-2
mv U' code=0 aligned=1 homed=- ms=119.0 U=2122,3132,-14,2,0 R=1091,1090,-1,0,-1 F=675,674,-1,3,-7 D=3505,3506,1,2,3 L=1249,1250,1,0,-1 B=1248,1250,2,0,-2
mv U code=0 aligned=1 homed=- ms=119.0 U=3134,2119,9,1,-3 R=1091,1090,-1,0,-1 F=675,674,-1,3,-7 D=3505,3505,0,2,2 L=1249,1250,1,0,-1 B=1248,1250,2,0,-2
mv U' code=0 aligned=1 homed=- ms=119.0 U=2122,3132,-14,2,0 R=1091,1090,-1,0,-1 F=675,674,-1,3,-7 D=3506,3506,0,2,3 L=1250,1250,0,0,-1 B=1248,1250,2,0,-2
mv U code=0 aligned=1 homed=- ms=119.0 U=3134,2119,9,1,-3 R=1091,1090,-1,0,-1 F=675,674,-1,3,-7 D=3506,3506,0,2,3 L=1249,1250,1,0,-1 B=1248,1250,2,0,-2
mv U' code=0 aligned=1 homed=- ms=119.0 U=2122,3132,-14,2,0 R=1091,1090,-1,0,-1 F=675,674,-1,3,-7 D=3506,3506,0,2,3 L=1249,1250,1,0,-1 B=1248,1250,2,0,-2
mv U code=0 aligned=1 homed=- ms=119.0 U=3135,2119,8,1,-3 R=1091,1090,-1,0,-1 F=675,674,-1,3,-7 D=3506,3506,0,2,3 L=1249,1250,1,0,-1 B=1248,1250,2,0,-2
mv U' code=0 aligned=1 homed=- ms=119.0 U=2122,3132,-14,2,0 R=1091,1090,-1,0,-1 F=675,674,-1,3,-7 D=3506,3506,0,2,3 L=1250,1249,-1,0,-2 B=1248,1250,2,0,-2
mv U code=0 aligned=1 homed=- ms=119.0 U=3134,2118,8,1,-4 R=1091,1090,-1,0,-1 F=675,674,-1,3,-7 D=3505,3506,1,2,3 L=1249,1249,0,0,-2 B=1248,1250,2,0,-2
mv U' code=0 aligned=1 homed=- ms=119.0 U=2123,3132,-15,2,0 R=1091,1090,-1,0,-1 F=675,674,-1,3,-7 D=3505,3506,1,2,3 L=1249,1250,1,0,-1 B=1248,1250,2,0,-2
mv U code=0 aligned=1 homed=- ms=119.0 U=3134,2119,9,1,-3 R=1091,1090,-1,0,-1 F=675,674,-1,3,-7 D=3506,3506,0,2,3 L=1249,1250,1,0,-1 B=1248,1250,2,0,-2
mv U' code=0 aligned=1 homed=- ms=119.0 U=2122,3132,-14,2,0 R=1091,1090,-1,0,-1 F=675,674,-1,3,-7 D=3505,3506,1,2,3 L=1249,1250,1,0,-1 B=1248,1250,2,0,-2
mv U code=0 aligned=1 homed=- ms=119.0 U=3134,2118,8,1,-4 R=1091,1090,-1,0,-1 F=675,674,-1,3,-7 D=3506,3506,0,2,3 L=1249,1249,0,0,-2 B=1248,1250,2,0,-2
mv U' code=0 aligned=1 homed=- ms=119.0 U=2122,3132,-14,2,0 R=1091,1090,-1,0,-1 F=675,674,-1,3,-7 D=3505,3506,1,2,3 L=1250,1250,0,0,-1 B=1248,1250,2,0,-2
mv U code=0 aligned=1 homed=- ms=119.0 U=3134,2119,9,1,-3 R=1091,1090,-1,0,-1 F=675,674,-1,3,-7 D=3505,3506,1,2,3 L=1250,1250,0,0,-1 B=1248,1250,2,0,-2
mv U' code=0 aligned=1 homed=- ms=119.0 U=2123,3132,-15,2,0 R=1091,1090,-1,0,-1 F=675,674,-1,3,-7 D=3505,3505,0,2,2 L=1250,1250,0,0,-1 B=1248,1250,2,0,-2
mv U code=0 aligned=1 homed=- ms=119.0 U=3134,2119,9,1,-3 R=1091,1090,-1,0,-1 F=675,674,-1,3,-7 D=3505,3506,1,2,3 L=1249,1249,0,0,-2 B=1248,1250,2,0,-2
mv U' code=0 aligned=1 homed=- ms=119.0 U=2122,3132,-14,2,0 R=1091,1090,-1,0,-1 F=675,674,-1,3,-7 D=3506,3506,0,2,3 L=1249,1250,1,0,-1 B=1248,1250,2,0,-2
mv U code=0 aligned=1 homed=- ms=119.0 U=3135,2118,7,1,-4 R=1091,1090,-1,0,-1 F=675,674,-1,3,-7 D=3505,3506,1,2,3 L=1250,1250,0,0,-1 B=1248,1250,2,0,-2
mv U' code=0 aligned=1 homed=- ms=119.0 U=2122,3132,-14,2,0 R=1091,1090,-1,0,-1 F=675,674,-1,3,-7 D=3506,3506,0,2,3 L=1249,1250,1,0,-1 B=1248,1250,2,0,-2
mv U code=0 aligned=1 homed=- ms=119.0 U=3134,2119,9,1,-3 R=1091,1090,-1,0,-1 F=675,674,-1,3,-7 D=3506,3505,-1,2,2 L=1249,1249,0,0,-2 B=1248,1250,2,0,-2
mv U' code=0 aligned=1 homed=- ms=119.0 U=2122,3132,-14,2,0 R=1091,1090,-1,0,-1 F=675,674,-1,3,-7 D=3505,3506,1,2,3 L=1250,1250,0,0,-1 B=1248,1250,2,0,-2
mv U code=0 aligned=1 homed=- ms=119.0 U=3134,2119,9,1,-3 R=1091,1090,-1,0,-1 F=675,674,-1,3,-7 D=3505,3506,1,2,3 L=1249,1250,1,0,-1 B=1248,1250,2,0,-2
mv U' code=0 aligned=1 homed=- ms=119.0 U=2123,3132,-15,2,0 R=1091,1090,-1,0,-1 F=675,674,-1,3,-7 D=3505,3506,1,2,3 L=1249,1250,1,0,-1 B=1248,1250,2,0,-2
mv U code=0 aligned=1 homed=- ms=119.0 U=3135,2119,8,1,-3 R=1091,1090,-1,0,-1 F=675,674,-1,3,-7 D=3505,3506,1,2,3 L=1249,1250,1,0,-1 B=1248,1250,2,0,-2
mv U' code=0 aligned=1 homed=- ms=119.0 U=2122,3132,-14,2,0 R=1091,1090,-1,0,-1 F=675,674,-1,3,-7 D=3505,3506,1,2,3 L=1249,1250,1,0,-1 B=1248,1250,2,0,-2
mv U code=0 aligned=1 homed=- ms=119.0 U=3134,2118,8,1,-4 R=1091,1090,-1,0,-1 F=675,674,-1,3,-7 D=3505,3506,1,2,3 L=1249,1250,1,0,-1 B=1248,1250,2,0,-2
mv U' code=0 aligned=1 homed=- ms=119.0 U=2122,3132,-14,2,0 R=1091,1090,-1,0,-1 F=675,674,-1,3,-7 D=3505,3506,1,2,3 L=1249,1250,1,0,-1 B=1248,1250,2,0,-2
mv U code=0 aligned=1 homed=- ms=119.0 U=3135,2119,8,1,-3 R=1091,1090,-1,0,-1 F=675,674,-1,3,-7 D=3505,3506,1,2,3 L=1249,1250,1,0,-1 B=1248,1250,2,0,-2
mv U' code=0 aligned=1 homed=- ms=119.0 U=2123,3131,-16,2,-1 R=1091,1090,-1,0,-1 F=675,674,-1,3,-7 D=3505,3506,1,2,3 L=1249,1250,1,0,-1 B=1248,1250,2,0,-2
mv U code=0 aligned=1 homed=- ms=119.0 U=3134,2118,8,1,-4 R=1091,1090,-1,0,-1 F=675,674,-1,3,-7 D=3505,3506,1,2,3 L=1249,1250,1,0,-1 B=1248,1250,2,0,-2
mv U' code=0 aligned=1 homed=- ms=119.0 U=2122,3132,-14,2,0 R=1091,1090,-1,0,-1 F=675,674,-1,3,-7 D=3506,3506,0,2,3 L=1249,1250,1,0,-1 B=1248,1250,2,0,-2
mv U code=0 aligned=1 homed=- ms=119.0 U=3135,2119,8,1,-3 R=1091,1090,-1,0,-1 F=675,674,-1,3,-7 D=3506,3506,0,2,3 L=1249,1249,0,0,-2 B=1248,1250,2,0,-2
mv U' code=0 aligned=1 homed=- ms=119.0 U=2123,3132,-15,2,0 R=1091,1090,-1,0,-1 F=675,674,-1,3,-7 D=3506,3506,0,2,3 L=1250,1250,0,0,-1 B=1248,1250,2,0,-2
mv U code=0 aligned=1 homed=- ms=119.0 U=3134,2118,8,1,-4 R=1091,1090,-1,0,-1 F=675,674,-1,3,-7 D=3505,3506,1,2,3 L=1249,1250,1,0,-1 B=1248,1250,2,0,-2
mv U' code=0 aligned=1 homed=- ms=119.0 U=2123,3132,-15,2,0 R=1091,1091,0,0,0 F=675,674,-1,3,-7 D=3505,3505,0,2,2 L=1249,1250,1,0,-1 B=1248,1250,2,0,-2
mv U code=0 aligned=1 homed=- ms=119.0 U=3134,2118,8,1,-4 R=1091,1090,-1,0,-1 F=675,674,-1,3,-7 D=3506,3506,0,2,3 L=1249,1250,1,0,-1 B=1248,1250,2,0,-2
mv U' code=0 aligned=1 homed=- ms=119.0 U=2122,3131,-15,2,-1 R=1091,1090,-1,0,-1 F=675,674,-1,3,-7 D=3505,3506,1,2,3 L=1250,1250,0,0,-1 B=1248,1250,2,0,-2
mv U code=0 aligned=1 homed=- ms=119.0 U=3134,2118,8,1,-4 R=1091,1090,-1,0,-1 F=675,674,-1,3,-7 D=3505,3506,1,2,3 L=1249,1250,1,0,-1 B=1248,1250,2,0,-2
mv U' code=0 aligned=1 homed=- ms=119.0 U=2122,3132,-14,2,0 R=1091,1090,-1,0,-1 F=675,674,-1,3,-7 D=3506,3506,0,2,3 L=1249,1250,1,0,-1 B=1248,1250,2,0,-2
mv U code=0 aligned=1 homed=- ms=119.0 U=3134,2118,8,1,-4 R=1091,1090,-1,0,-1 F=675,674,-1,3,-7 D=3505,3506,1,2,3 L=1249,1250,1,0,-1 B=1248,1250,2,0,-2
mv U' code=0 aligned=1 homed=- ms=119.0 U=2122,3132,-14,2,0 R=1091,1090,-1,0,-1 F=675,674,-1,3,-7 D=3506,3506,0,2,3 L=1249,1249,0,0,-2 B=1248,1250,2,0,-2
mv U code=0 aligned=1 homed=- ms=119.0 U=3134,2119,9,1,-3 R=1091,1090,-1,0,-1 F=675,674,-1,3,-7 D=3506,3506,0,2,3 L=1249,1250,1,0,-1 B=1248,1250,2,0,-2
mv U' code=0 aligned=1 homed=- ms=119.0 U=2123,3132,-15,2,0 R=1091,1090,-1,0,-1 F=675,674,-1,3,-7 D=3506,3506,0,2,3 L=1249,1250,1,0,-1 B=1248,1250,2,0,-2
mv U code=0 aligned=1 homed=- ms=119.0 U=3134,2118,8,1,-4 R=1091,1090,-1,0,-1 F=675,673,-2,3,-8 D=3505,3506,1,2,3 L=1249,1250,1,0,-1 B=1248,1250,2,0,-2
mv U' code=0 aligned=1 homed=- ms=119.0 U=2122,3132,-14,2,0 R=1091,1090,-1,0,-1 F=675,674,-1,3,-7 D=3506,3506,0,2,3 L=1249,1250,1,0,-1 B=1248,1250,2,0,-2
mv U code=0 aligned=1 homed=- ms=119.0 U=3135,2119,8,1,-3 R=1091,1090,-1,0,-1 F=675,674,-1,3,-7 D=3506,3506,0,2,3 L=1249,1250,1,0,-1 B=1248,1250,2,0,-2
mv U' code=0 aligned=1 homed=- ms=119.0 U=2122,3132,-14,2,0 R=1091,1090,-1,0,-1 F=675,674,-1,3,-7 D=3505,3506,1,2,3 L=1249,1250,1,0,-1 B=1248,1250,2,0,-2
mv U code=0 aligned=1 homed=- ms=119.0 U=3134,2118,8,1,-4 R=1091,1090,-1,0,-1 F=675,674,-1,3,-7 D=3506,3506,0,2,3 L=1250,1250,0,0,-1 B=1248,1250,2,0,-2
mv U' code=0 aligned=1 homed=- ms=119.0 U=2122,3132,-14,2,0 R=1091,1090,-1,0,-1 F=675,674,-1,3,-7 D=3505,3506,1,2,3 L=1249,1250,1,0,-1 B=1248,1250,2,0,-2
mv U code=0 aligned=1 homed=- ms=119.0 U=3134,2118,8,1,-4 R=1091,1090,-1,0,-1 F=675,674,-1,3,-7 D=3505,3506,1,2,3 L=1249,1250,1,0,-1 B=1248,1250,2,0,-2
mv U' code=0 aligned=1 homed=- ms=119.0 U=2123,3132,-15,2,0 R=1091,1090,-1,0,-1 F=675,674,-1,3,-7 D=3506,3506,0,2,3 L=1250,1250,0,0,-1 B=1248,1250,2,0,-2
mv U code=0 aligned=1 homed=- ms=119.0 U=3134,2118,8,1,-4 R=1091,1090,-1,0,-1 F=675,674,-1,3,-7 D=3505,3506,1,2,3 L=1249,1250,1,0,-1 B=1248,1250,2,0,-2
mv U' code=0 aligned=1 homed=- ms=119.0 U=2122,3132,-14,2,0 R=1091,1090,-1,0,-1 F=675,674,-1,3,-7 D=3506,3506,0,2,3 L=1250,1250,0,0,-1 B=1248,1250,2,0,-2
mv U code=0 aligned=1 homed=- ms=119.0 U=3134,2119,9,1,-3 R=1091,1090,-1,0,-1 F=675,674,-1,3,-7 D=3505,3506,1,2,3 L=1249,1250,1,0,-1 B=1248,1250,2,0,-2
mv U' code=0 aligned=1 homed=- ms=119.0 U=2122,3132,-14,2,0 R=1091,1090,-1,0,-1 F=675,674,-1,3,-7 D=3505,3506,1,2,3 L=1250,1250,0,0,-1 B=1248,1250,2,0,-2
mv U code=0 aligned=1 homed=- ms=119.0 U=3134,2118,8,1,-4 R=1091,1090,-1,0,-1 F=675,674,-1,3,-7 D=3505,3506,1,2,3 L=1249,1250,1,0,-1 B=1248,1250,2,0,-2
mv U' code=0 aligned=1 homed=- ms=119.0 U=2123,3132,-15,2,0 R=1091,1090,-1,0,-1 F=675,674,-1,3,-7 D=3506,3506,0,2,3 L=1250,1250,0,0,-1 B=1248,1250,2,0,-2
mv U code=0 aligned=1 homed=- ms=119.0 U=3134,2119,9,1,-3 R=1091,1090,-1,0,-1 F=675,674,-1,3,-7 D=3506,3506,0,2,3 L=1249,1250,1,0,-1 B=1248,1250,2,0,-2
mv U' code=0 aligned=1 homed=- ms=119.0 U=2122,3132,-14,2,0 R=1091,1090,-1,0,-1 F=675,674,-1,3,-7 D=3506,3506,0,2,3 L=1249,1249,0,0,-2 B=1248,1250,2,0,-2
mv U code=0 aligned=1 homed=- ms=119.0 U=3135,2119,8,1,-3 R=1091,1090,-1,0,-1 F=675,674,-1,3,-7 D=3505,3506,1,2,3 L=1249,1250,1,0,-1 B=1248,1250,2,0,-2
mv U' code=0 aligned=1 homed=- ms=119.0 U=2122,3132,-14,2,0 R=1091,1090,-1,0,-1 F=675,674,-1,3,-7 D=3505,3506,1,2,3 L=1249,1250,1,0,-1 B=1248,1250,2,0,-2
mv U code=0 aligned=1 homed=- ms=119.0 U=3134,2119,9,1,-3 R=1091,1090,-1,0,-1 F=675,674,-1,3,-7 D=3506,3505,-1,2,2 L=1249,1250,1,0,-1 B=1248,1250,2,0,-2
mv U' code=0 aligned=1 homed=- ms=119.0 U=2122,3132,-14,2,0 R=1091,1090,-1,0,-1 F=675,674,-1,3,-7 D=3506,3506,0,2,3 L=1249,1249,0,0,-2 B=1248,1250,2,0,-2
mv U code=0 aligned=1 homed=- ms=119.0 U=3134,2119,9,1,-3 R=1091,1090,-1,0,-1 F=675,674,-1,3,-7 D=3505,3505,0,2,2 L=1249,1250,1,0,-1 B=1248,1250,2,0,-2
mv U' code=0 aligned=1 homed=- ms=119.0 U=2122,3132,-14,2,0 R=1091,1090,-1,0,-1 F=675,674,-1,3,-7 D=3505,3506,1,2,3 L=1249,1249,0,0,-2 B=1248,1250,2,0,-2
mv U code=0 aligned=1 homed=- ms=119.0 U=3134,2118,8,1,-4 R=1091,1090,-1,0,-1 F=675,674,-1,3,-7 D=3506,3506,0,2,3 L=1249,1250,1,0,-1 B=1248,1250,2,0,-2
mv U' code=0 aligned=1 homed=- ms=119.0 U=2122,3132,-14,2,0 R=1091,1090,-1,0,-1 F=675,674,-1,3,-7 D=3506,3506,0,2,3 L=1249,1250,1,0,-1 B=1248,1250,2,0,-2
mv U code=0 aligned=1 homed=- ms=119.0 U=3134,2119,9,1,-3 R=1091,1090,-1,0,-1 F=675,674,-1,3,-7 D=3506,3506,0,2,3 L=1250,1250,0,0,-1 B=1248,1250,2,0,-2
mv U' code=0 aligned=1 homed=- ms=119.0 U=2122,3132,-14,2,0 R=1091,1090,-1,0,-1 F=675,673,-2,3,-8 D=3505,3506,1,2,3 L=1249,1250,1,0,-1 B=1248,1250,2,0,-2
mv U code=0 aligned=1 homed=- ms=119.0 U=3134,2118,8,1,-4 R=1091,1090,-1,0,-1 F=675,674,-1,3,-7 D=3506,3506,0,2,3 L=1249,1250,1,0,-1 B=1248,1250,2,0,-2
mv U' code=0 aligned=1 homed=- ms=119.0 U=2123,3132,-15,2,0 R=1091,1090,-1,0,-1 F=675,673,-2,3,-8 D=3506,3506,0,2,3 L=1249,1249,0,0,-2 B=1248,1250,2,0,-2
mv U code=0 aligned=1 homed=- ms=119.0 U=3134,2119,9,1,-3 R=1091,1090,-1,0,-1 F=675,674,-1,3,-7 D=3506,3506,0,2,3 L=1249,1249,0,0,-2 B=1248,1250,2,0,-2
mv U' code=0 aligned=1 homed=- ms=119.0 U=2122,3132,-14,2,0 R=1091,1090,-1,0,-1 F=675,674,-1,3,-7 D=3505,3506,1,2,3 L=1249,1250,1,0,-1 B=1248,1250,2,0,-2
mv U code=0 aligned=1 homed=- ms=119.0 U=3134,2119,9,1,-3 R=1091,1090,-1,0,-1 F=675,674,-1,3,-7 D=3506,3506,0,2,3 L=1249,1250,1,0,-1 B=1248,1250,2,0,-2
mv U' code=0 aligned=1 homed=- ms=119.0 U=2123,3132,-15,2,0 R=1091,1090,-1,0,-1 F=675,674,-1,3,-7 D=3505,3506,1,2,3 L=1249,1250,1,0,-1 B=1248,1250,2,0,-2
mv U code=0 aligned=1 homed=- ms=119.0 U=3134,2118,8,1,-4 R=1091,1090,-1,0,-1 F=675,674,-1,3,-7 D=3505,3506,1,2,3 L=1250,1250,0,0,-1 B=1248,1250,2,0,-2
mv U' code=0 aligned=1 homed=- ms=119.0 U=2122,3133,-13,2,1 R=1091,1090,-1,0,-1 F=675,674,-1,3,-7 D=3506,3506,0,2,3 L=1249,1250,1,0,-1 B=1248,1250,2,0,-2
mv U code=0 aligned=1 homed=- ms=119.0 U=3134,2118,8,1,-4 R=1091,1090,-1,0,-1 F=675,674,-1,3,-7 D=3506,3506,0,2,3 L=1250,1250,0,0,-1 B=1248,1250,2,0,-2
mv U' code=0 aligned=1 homed=- ms=119.0 U=2122,3132,-14,2,0 R=1091,1090,-1,0,-1 F=675,674,-1,3,-7 D=3505,3506,1,2,3 L=1249,1249,0,0,-2 B=1248,1250,2,0,-2
mv U code=0 aligned=1 homed=- ms=119.0 U=3135,2119,8,1,-3 R=1091,1090,-1,0,-1 F=675,674,-1,3,-7 D=3505,3506,1,2,3 L=1249,1250,1,0,-1 B=1248,1250,2,0,-2
mv U' code=0 aligned=1 homed=- ms=119.0 U=2122,3132,-14,2,0 R=1091,1090,-1,0,-1 F=675,674,-1,3,-7 D=3506,3506,0,2,3 L=1249,1250,1,0,-1 B=1248,1250,2,0,-2
mv U code=0 aligned=1 homed=- ms=119.0 U=3134,2118,8,1,-4 R=1091,1090,-1,0,-1 F=675,674,-1,3,-7 D=3505,3506,1,2,3 L=1249,1249,0,0,-2 B=1248,1250,2,0,-2
mv U' code=0 aligned=1 homed=- ms=119.0 U=2122,3132,-14,2,0 R=1091,1090,-1,0,-1 F=675,674,-1,3,-7 D=3505,3506,1,2,3 L=1249,1250,1,0,-1 B=1248,1250,2,0,-2
mv U code=0 aligned=1 homed=- ms=119.0 U=3134,2118,8,1,-4 R=1091,1090,-1,0,-1 F=675,674,-1,3,-7 D=3505,3506,1,2,3 L=1250,1250,0,0,-1 B=1248,1250,2,0,-2
mv U' code=0 aligned=1 homed=- ms=119.0 U=2123,3132,-15,2,0 R=1091,1090,-1,0,-1 F=675,674,-1,3,-7 D=3506,3506,0,2,3 L=1249,1250,1,0,-1 B=1248,1250,2,0,-2
mv U code=0 aligned=1 homed=- ms=119.0 U=3134,2118,8,1,-4 R=1091,1090,-1,0,-1 F=675,674,-1,3,-7 D=3505,3506,1,2,3 L=1249,1250,1,0,-1 B=1248,1250,2,0,-2
mv U' code=0 aligned=1 homed=- ms=119.0 U=2122,3132,-14,2,0 R=1091,1090,-1,0,-1 F=675,674,-1,3,-7 D=3506,3506,0,2,3 L=1249,1249,0,0,-2 B=1249,1250,1,0,-2
mv U code=0 aligned=1 homed=- ms=119.0 U=3134,2118,8,1,-4 R=1091,1090,-1,0,-1 F=675,674,-1,3,-7 D=3505,3506,1,2,3 L=1249,1250,1,0,-1 B=1248,1250,2,0,-2
mv U' code=0 aligned=1 homed=- ms=119.0 U=2122,3132,-14,2,0 R=1091,1090,-1,0,-1 F=675,674,-1,3,-7 D=3505,3506,1,2,3 L=1249,1250,1,0,-1 B=1248,1250,2,0,-2
mv U code=0 aligned=1 homed=- ms=119.0 U=3134,2119,9,1,-3 R=1091,1090,-1,0,-1 F=675,674,-1,3,-7 D=3505,3505,0,2,2 L=1249,1250,1,0,-1 B=1248,1250,2,0,-2
mv U' code=0 aligned=1 homed=- ms=119.0 U=2122,3132,-14,2,0 R=1091,1090,-1,0,-1 F=675,674,-1,3,-7 D=3506,3506,0,2,3 L=1249,1250,1,0,-1 B=1248,1250,2,0,-2
mv U code=0 aligned=1 homed=- ms=119.0 U=3134,2119,9,1,-3 R=1091,1090,-1,0,-1 F=675,674,-1,3,-7 D=3505,3506,1,2,3 L=1249,1250,1,0,-1 B=1248,1250,2,0,-2
mv U' code=0 aligned=1 homed=- ms=119.0 U=2123,3132,-15,2,0 R=1091,1090,-1,0,-1 F=675,674,-1,3,-7 D=3505,3505,0,2,2 L=1249,1250,1,0,-1 B=1248,1250,2,0,-2
mv U code=0 aligned=1 homed=- ms=119.0 U=3134,2118,8,1,-4 R=1091,1090,-1,0,-1 F=675,674,-1,3,-7 D=3505,3506,1,2,3 L=1249,1250,1,0,-1 B=1248,1250,2,0,-2
mv U' code=0 aligned=1 homed=- ms=119.0 U=2123,3132,-15,2,0 R=1091,1090,-1,0,-1 F=675,674,-1,3,-7 D=3505,3506,1,2,3 L=1249,1250,1,0,-1 B=1248,1250,2,0,-2
mv U code=0 aligned=1 homed=- ms=119.0 U=3134,2118,8,1,-4 R=1091,1090,-1,0,-1 F=675,674,-1,3,-7 D=3505,3506,1,2,3 L=1249,1250,1,0,-1 B=1249,1250,1,0,-2
mv U' code=0 aligned=1 homed=- ms=119.0 U=2123,3132,-15,2,0 R=1091,1090,-1,0,-1 F=675,674,-1,3,-7 D=3506,3506,0,2,3 L=1249,1250,1,0,-1 B=1248,1250,2,0,-2
mv U code=0 aligned=1 homed=- ms=119.0 U=3135,2118,7,1,-4 R=1091,1090,-1,0,-1 F=675,674,-1,3,-7 D=3505,3506,1,2,3 L=1249,1250,1,0,-1 B=1248,1250,2,0,-2
mv U' code=0 aligned=1 homed=- ms=119.0 U=2122,3133,-13,2,1 R=1091,1090,-1,0,-1 F=675,674,-1,3,-7 D=3505,3506,1,2,3 L=1250,1250,0,0,-1 B=1248,1250,2,0,-2
mv U code=0 aligned=1 homed=- ms=119.0 U=3134,2119,9,1,-3 R=1091,1090,-1,0,-1 F=675,674,-1,3,-7 D=3505,3506,1,2,3 L=1249,1250,1,0,-1 B=1248,1250,2,0,-2
mv U' code=0 aligned=1 homed=- ms=119.0 U=2122,3132,-14,2,0 R=1091,1090,-1,0,-1 F=675,674,-1,3,-7 D=3506,3506,0,2,3 L=1249,1249,0,0,-2 B=1248,1250,2,0,-2
mv U code=0 aligned=1 homed=- ms=119.0 U=3134,2119,9,1,-3 R=1091,1090,-1,0,-1 F=675,674,-1,3,-7 D=3505,3506,1,2,3 L=1250,1250,0,0,-1 B=1248,1250,2,0,-2
mv U' code=0 aligned=1 homed=- ms=119.0 U=2123,3132,-15,2,0 R=1091,1090,-1,0,-1 F=675,674,-1,3,-7 D=3505,3506,1,2,3 L=1249,1250,1,0,-1 B=1248,1250,2,0,-2
mv U code=0 aligned=1 homed=- ms=119.0 U=3134,2118,8,1,-4 R=1091,1090,-1,0,-1 F=675,674,-1,3,-7 D=3505,3506,1,2,3 L=1249,1250,1,0,-1 B=1249,1250,1,0,-2
mv U' code=0 aligned=1 homed=- ms=119.0 U=2122,3132,-14,2,0 R=1091,1090,-1,0,-1 F=675,674,-1,3,-7 D=3506,3506,0,2,3 L=1249,1250,1,0,-1 B=1248,1250,2,0,-2
mv U code=0 aligned=1 homed=- ms=119.0 U=3135,2118,7,1,-4 R=1091,1090,-1,0,-1 F=675,674,-1,3,-7 D=3505,3506,1,2,3 L=1249,1250,1,0,-1 B=1249,1250,1,0,-2
mv U' code=0 aligned=1 homed=- ms=119.0 U=2123,3133,-14,2,1 R=1091,1090,-1,0,-1 F=675,674,-1,3,-7 D=3505,3506,1,2,3 L=1250,1250,0,0,-1 B=1248,1250,2,0,-2
mv U code=0 aligned=1 homed=- ms=119.0 U=3134,2118,8,1,-4 R=1091,1090,-1,0,-1 F=675,674,-1,3,-7 D=3506,3506,0,2,3 L=1249,1250,1,0,-1 B=1248,1250,2,0,-2
mv U' code=0 aligned=1 homed=- ms=119.0 U=2122,3132,-14,2,0 R=1091,1090,-1,0,-1 F=675,674,-1,3,-7 D=3505,3506,1,2,3 L=1249,1250,1,0,-1 B=1248,1250,2,0,-2
mv U code=0 aligned=1 homed=- ms=119.0 U=3134,2118,8,1,-4 R=1091,1090,-1,0,-1 F=675,674,-1,3,-7 D=3506,3505,-1,2,2 L=1250,1250,0,0,-1 B=1248,1250,2,0,-2
mv U' code=0 aligned=1 homed=- ms=119.0 U=2122,3132,-14,2,0 R=1091,1090,-1,0,-1 F=675,674,-1,3,-7 D=3505,3506,1,2,3 L=1249,1250,1,0,-1 B=1248,1250,2,0,-2
mv U code=0 aligned=1 homed=- ms=119.0 U=3134,2119,9,1,-3 R=1091,1091,0,0,0 F=675,674,-1,3,-7 D=3505,3506,1,2,3 L=1249,1250,1,0,-1 B=1248,1250,2,0,-2
mv U' code=0 aligned=1 homed=- ms=119.0 U=2122,3132,-14,2,0 R=1091,1090,-1,0,-1 F=675,674,-1,3,-7 D=3506,3506,0,2,3 L=1249,1250,1,0,-1 B=1248,1250,2,0,-2
mv U code=0 aligned=1 homed=- ms=119.0 U=3135,2119,8,1,-3 R=1091,1090,-1,0,-1 F=675,674,-1,3,-7 D=3505,3505,0,2,2 L=1249,1250,1,0,-1 B=1248,1250,2,0,-2
mv U' code=0 aligned=1 homed=- ms=119.0 U=2122,3132,-14,2,0 R=1090,1090,0,0,-1 F=675,674,-1,3,-7 D=3505,3505,0,2,2 L=1250,1250,0,0,-1 B=1248,1250,2,0,-2
mv U code=0 aligned=1 homed=- ms=119.0 U=3134,2118,8,1,-4 R=1091,1090,-1,0,-1 F=675,674,-1,3,-7 D=3505,3506,1,2,3 L=1249,1250,1,0,-1 B=1248,1250,2,0,-2
mv U' code=0 aligned=1 homed=- ms=119.0 U=2122,3132,-14,2,0 R=1091,1090,-1,0,-1 F=675,674,-1,3,-7 D=3505,3506,1,2,3 L=1250,1250,0,0,-1 B=1248,1250,2,0,-2
mv U code=0 aligned=1 homed=- ms=119.0 U=3135,2118,7,1,-4 R=1091,1090,-1,0,-1 F=675,674,-1,3,-7 D=3505,3506,1,2,3 L=1250,1250,0,0,-1 B=1248,1250,2,0,-2
mv U' code=0 aligned=1 homed=- ms=119.0 U=2122,3132,-14,2,0 R=1091,1090,-1,0,-1 F=675,673,-2,3,-8 D=3505,3506,1,2,3 L=1249,1250,1,0,-1 B=1248,1250,2,0,-2
mv U code=0 aligned=1 homed=- ms=119.0 U=3134,2118,8,1,-4 R=1091,1090,-1,0,-1 F=675,674,-1,3,-7 D=3505,3505,0,2,2 L=1249,1250,1,0,-1 B=1248,1250,2,0,-2
mv U' code=0 aligned=1 homed=- ms=119.0 U=2122,3132,-14,2,0 R=1091,1090,-1,0,-1 F=675,674,-1,3,-7 D=3505,3506,1,2,3 L=1249,1250,1,0,-1 B=1248,1250,2,0,-2
mv U code=0 aligned=1 homed=- ms=119.0 U=3135,2118,7,1,-4 R=1091,1090,-1,0,-1 F=675,674,-1,3,-7 D=3506,3505,-1,2,2 L=1249,1250,1,0,-1 B=1248,1250,2,0,-2
mv U' code=0 aligned=1 homed=- ms=119.0 U=2122,3132,-14,2,0 R=1091,1090,-1,0,-1 F=675,674,-1,3,-7 D=3505,3506,1,2,3 L=1249,1250,1,0,-1 B=1248,1250,2,0,-2
mv U code=0 aligned=1 homed=- ms=119.0 U=3134,2119,9,1,-3 R=1091,1090,-1,0,-1 F=675,674,-1,3,-7 D=3505,3506,1,2,3 L=1250,1250,0,0,-1 B=1248,1250,2,0,-2
mv U' code=0 aligned=1 homed=- ms=119.0 U=2122,3132,-14,2,0 R=1091,1090,-1,0,-1 F=675,674,-1,3,-7 D=3505,3506,1,2,3 L=1249,1250,1,0,-1 B=1248,1250,2,0,-2
mv U code=0 aligned=1 homed=- ms=119.0 U=3134,2119,9,1,-3 R=1091,1090,-1,0,-1 F=675,674,-1,3,-7 D=3505,3506,1,2,3 L=1249,1249,0,0,-2 B=1248,1250,2,0,-2
mv U' code=0 aligned=1 homed=- ms=119.0 U=2122,3132,-14,2,0 R=1091,1090,-1,0,-1 F=675,674,-1,3,-7 D=3506,3506,0,2,3 L=1249,1249,0,0,-2 B=1248,1250,2,0,-2
mv U code=0 aligned=1 homed=- ms=119.0 U=3134,2119,9,1,-3 R=1091,1090,-1,0,-1 F=675,674,-1,3,-7 D=3505,3506,1,2,3 L=1249,1249,0,0,-2 B=1248,1250,2,0,-2
mv U' code=0 aligned=1 homed=- ms=119.0 U=2122,3132,-14,2,0 R=1091,1090,-1,0,-1 F=675,674,-1,3,-7 D=3506,3506,0,2,3 L=1249,1250,1,0,-1 B=1248,1250,2,0,-2
mv U code=0 aligned=1 homed=- ms=119.0 U=3134,2118,8,1,-4 R=1091,1090,-1,0,-1 F=675,674,-1,3,-7 D=3506,3506,0,2,3 L=1249,1250,1,0,-1 B=1249,1250,1,0,-2
mv U' code=0 aligned=1 homed=- ms=119.0 U=2123,3132,-15,2,0 R=1091,1090,-1,0,-1 F=675,674,-1,3,-7 D=3505,3506,1,2,3 L=1250,1250,0,0,-1 B=1248,1250,2,0,-2
mv U code=0 aligned=1 homed=- ms=119.0 U=3134,2119,9,1,-3 R=1091,1090,-1,0,-1 F=675,674,-1,3,-7 D=3506,3506,0,2,3 L=1249,1250,1,0,-1 B=1248,1250,2,0,-2
mv U' code=0 aligned=1 homed=- ms=119.0 U=2122,3132,-14,2,0 R=1091,1090,-1,0,-1 F=675,674,-1,3,-7 D=3505,3506,1,2,3 L=1249,1250,1,0,-1 B=1248,1250,2,0,-2
mv U code=0 aligned=1 homed=- ms=119.0 U=3134,2118,8,1,-4 R=1091,1090,-1,0,-1 F=675,674,-1,3,-7 D=3505,3506,1,2,3 L=1249,1250,1,0,-1 B=1248,1250,2,0,-2
mv U' code=0 aligned=1 homed=- ms=119.0 U=2123,3132,-15,2,0 R=1091,1090,-1,0,-1 F=675,674,-1,3,-7 D=3505,3506,1,2,3 L=1249,1250,1,0,-1 B=1248,1250,2,0,-2
mv U code=0 aligned=1 homed=- ms=119.0 U=3135,2119,8,1,-3 R=1091,1090,-1,0,-1 F=675,674,-1,3,-7 D=3506,3506,0,2,3 L=1249,1250,1,0,-1 B=1248,1250,2,0,-2
mv U' code=0 aligned=1 homed=- ms=119.0 U=2123,3132,-15,2,0 R=1091,1090,-1,0,-1 F=675,674,-1,3,-7 D=3505,3506,1,2,3 L=1250,1250,0,0,-1 B=1248,1250,2,0,-2
mv U code=0 aligned=1 homed=- ms=119.0 U=3134,2118,8,1,-4 R=1091,1090,-1,0,-1 F=675,674,-1,3,-7 D=3505,3506,1,2,3 L=1249,1249,0,0,-2 B=1248,1250,2,0,-2
mv U' code=0 aligned=1 homed=- ms=119.0 U=2122,3132,-14,2,0 R=1091,1090,-1,0,-1 F=675,673,-2,3,-8 D=3505,3506,1,2,3 L=1249,1250,1,0,-1 B=1248,1250,2,0,-2
mv U code=0 aligned=1 homed=- ms=119.0 U=3134,2119,9,1,-3 R=1091,1090,-1,0,-1 F=675,674,-1,3,-7 D=3505,3506,1,2,3 L=1249,1250,1,0,-1 B=1248,1250,2,0,-2
mv U' code=0 aligned=1 homed=- ms=119.0 U=2122,3133,-13,2,1 R=1091,1090,-1,0,-1 F=675,674,-1,3,-7 D=3505,3506,1,2,3 L=1249,1250,1,0,-1 B=1248,1250,2,0,-2
mv U code=0 aligned=1 homed=- ms=119.0 U=3134,2118,8,1,-4 R=1091,1090,-1,0,-1 F=675,674,-1,3,-7 D=3505,3505,0,2,2 L=1249,1250,1,0,-1 B=1248,1250,2,0,-2
mv U' code=0 aligned=1 homed=- ms=119.0 U=2123,3132,-15,2,0 R=1091,1090,-1,0,-1 F=675,674,-1,3,-7 D=3506,3506,0,2,3 L=1249,1250,1,0,-1 B=1248,1250,2,0,-2
mv U code=0 aligned=1 homed=- ms=119.0 U=3134,2119,9,1,-3 R=1091,1090,-1,0,-1 F=675,674,-1,3,-7 D=3505,3506,1,2,3 L=1249,1250,1,0,-1 B=1248,1250,2,0,-2
mv U' code=0 aligned=1 homed=- ms=119.0 U=2123,3132,-15,2,0 R=1091,1090,-1,0,-1 F=675,674,-1,3,-7 D=3505,3506,1,2,3 L=1249,1250,1,0,-1 B=1248,1250,2,0,-2
mv U code=0 aligned=1 homed=- ms=119.0 U=3134,2118,8,1,-4 R=1091,1090,-1,0,-1 F=675,673,-2,3,-8 D=3505,3506,1,2,3 L=1249,1249,0,0,-2 B=1248,1250,2,0,-2
mv U' code=0 aligned=1 homed=- ms=119.0 U=2122,3132,-14,2,0 R=1091,1090,-1,0,-1 F=675,674,-1,3,-7 D=3505,3506,1,2,3 L=1249,1250,1,0,-1 B=1248,1250,2,0,-2
mv U code=0 aligned=1 homed=- ms=119.0 U=3134,2118,8,1,-4 R=1091,1090,-1,0,-1 F=675,674,-1,3,-7 D=3506,3506,0,2,3 L=1249,1250,1,0,-1 B=1248,1249,1,0,-3
mv U' code=0 aligned=1 homed=- ms=119.0 U=2122,3132,-14,2,0 R=1091,1090,-1,0,-1 F=675,673,-2,3,-8 D=3505,3506,1,2,3 L=1249,1250,1,0,-1 B=1248,1250,2,0,-2
mv U code=0 aligned=1 homed=- ms=119.0 U=3134,2118,8,1,-4 R=1091,1090,-1,0,-1 F=675,674,-1,3,-7 D=3506,3506,0,2,3 L=1249,1250,1,0,-1 B=1248,1250,2,0,-2
mv U' code=0 aligned=1 homed=- ms=119.0 U=2122,3132,-14,2,0 R=1091,1090,-1,0,-1 F=675,674,-1,3,-7 D=3505,3505,0,2,2 L=1249,1250,1,0,-1 B=1248,1250,2,0,-2
mv U code=0 aligned=1 homed=- ms=119.0 U=3134,2118,8,1,-4 R=1091,1090,-1,0,-1 F=675,674,-1,3,-7 D=3506,3506,0,2,3 L=1249,1250,1,0,-1 B=1249,1250,1,0,-2
mv U' code=0 aligned=1 homed=- ms=119.0 U=2122,3132,-14,2,0 R=1091,1090,-1,0,-1 F=675,674,-1,3,-7 D=3505,3506,1,2,3 L=1249,1250,1,0,-1 B=1248,1250,2,0,-2
mv U code=0 aligned=1 homed=- ms=119.0 U=3134,2119,9,1,-3 R=1091,1090,-1,0,-1 F=675,674,-1,3,-7 D=3506,3506,0,2,3 L=1249,1250,1,0,-1 B=1248,1250,2,0,-2
mv U' code=0 aligned=1 homed=- ms=119.0 U=2123,3132,-15,2,0 R=1091,1090,-1,0,-1 F=675,674,-1,3,-7 D=3505,3505,0,2,2 L=1249,1250,1,0,-1 B=1248,1250,2,0,-2
mv U code=0 aligned=1 homed=- ms=119.0 U=3134,2118,8,1,-4 R=1091,1090,-1,0,-1 F=675,674,-1,3,-7 D=3505,3505,0,2,2 L=1249,1249,0,0,-2 B=1248,1250,2,0,-2
mv U' code=0 aligned=1 homed=- ms=119.0 U=2122,3132,-14,2,0 R=1091,1090,-1,0,-1 F=675,674,-1,3,-7 D=3506,3506,0,2,3 L=1249,1250,1,0,-1 B=1248,1250,2,0,-2
mv U code=0 aligned=1 homed=- ms=119.0 U=3134,2118,8,1,-4 R=1091,1090,-1,0,-1 F=675,674,-1,3,-7 D=3506,3506,0,2,3 L=1249,1250,1,0,-1 B=1248,1250,2,0,-2
mv U' code=0 aligned=1 homed=- ms=119.0 U=2122,3132,-14,2,0 R=1091,1090,-1,0,-1 F=675,674,-1,3,-7 D=3505,3506,1,2,3 L=1249,1250,1,0,-1 B=1248,1250,2,0,-2
mv U code=0 aligned=1 homed=- ms=119.0 U=3134,2119,9,1,-3 R=1091,1090,-1,0,-1 F=675,674,-1,3,-7 D=3505,3506,1,2,3 L=1249,1250,1,0,-1 B=1248,1250,2,0,-2
mv U' code=0 aligned=1 homed=- ms=119.0 U=2122,3132,-14,2,0 R=1091,1090,-1,0,-1 F=675,674,-1,3,-7 D=3505,3506,1,2,3 L=1249,1249,0,0,-2 B=1248,1250,2,0,-2
mv U code=0 aligned=1 homed=- ms=119.0 U=3134,2119,9,1,-3 R=1091,1090,-1,0,-1 F=675,674,-1,3,-7 D=3506,3505,-1,2,2 L=1249,1249,0,0,-2 B=1248,1250,2,0,-2
mv U' code=0 aligned=1 homed=- ms=119.0 U=2123,3132,-15,2,0 R=1091,1090,-1,0,-1 F=675,674,-1,3,-7 D=3505,3506,1,2,3 L=1249,1250,1,0,-1 B=1248,1250,2,0,-2
mv U code=0 aligned=1 homed=- ms=119.0 U=3134,2118,8,1,-4 R=1091,1090,-1,0,-1 F=675,674,-1,3,-7 D=3506,3506,0,2,3 L=1250,1250,0,0,-1 B=1248,1250,2,0,-2
mv U' code=0 aligned=1 homed=- ms=119.0 U=2123,3132,-15,2,0 R=1091,1090,-1,0,-1 F=675,674,-1,3,-7 D=3505,3506,1,2,3 L=1249,1250,1,0,-1 B=1248,1250,2,0,-2
mv U code=0 aligned=1 homed=- ms=119.0 U=3135,2119,8,1,-3 R=1091,1090,-1,0,-1 F=675,673,-2,3,-8 D=3506,3506,0,2,3 L=1250,1250,0,0,-1 B=1248,1250,2,0,-2
mv U' code=0 aligned=1 homed=- ms=119.0 U=2123,3132,-15,2,0 R=1091,1090,-1,0,-1 F=675,674,-1,3,-7 D=3505,3506,1,2,3 L=1249,1250,1,0,-1 B=1248,1250,2,0,-2
mv U code=0 aligned=1 homed=- ms=119.0 U=3135,2119,8,1,-3 R=1091,1090,-1,0,-1 F=675,674,-1,3,-7 D=3506,3506,0,2,3 L=1249,1250,1,0,-1 B=1248,1250,2,0,-2
mv U' code=0 aligned=1 homed=- ms=119.0 U=2123,3132,-15,2,0 R=1091,1090,-1,0,-1 F=675,674,-1,3,-7 D=3505,3506,1,2,3 L=1250,1250,0,0,-1 B=1248,1250,2,0,-2
mv U code=0 aligned=1 homed=- ms=119.0 U=3134,2118,8,1,-4 R=1091,1090,-1,0,-1 F=675,674,-1,3,-7 D=3506,3506,0,2,3 L=1250,1250,0,0,-1 B=1248,1250,2,0,-2
mv U' code=0 aligned=1 homed=- ms=119.0 U=2122,3132,-14,2,0 R=1091,1090,-1,0,-1 F=675,674,-1,3,-7 D=3505,3506,1,2,3 L=1250,1250,0,0,-1 B=1248,1250,2,0,-2
mv U code=0 aligned=1 homed=- ms=119.0 U=3134,2119,9,1,-3 R=1091,1090,-1,0,-1 F=675,674,-1,3,-7 D=3505,3506,1,2,3 L=1249,1250,1,0,-1 B=1248,1250,2,0,-2
mv U' code=0 aligned=1 homed=- ms=119.0 U=2123,3132,-15,2,0 R=1091,1090,-1,0,-1 F=675,674,-1,3,-7 D=3505,3506,1,2,3 L=1249,1250,1,0,-1 B=1248,1250,2,0,-2
mv U code=0 aligned=1 homed=- ms=119.0 U=3134,2118,8,1,-4 R=1091,1090,-1,0,-1 F=675,674,-1,3,-7 D=3505,3506,1,2,3 L=1249,1250,1,0,-1 B=1248,1250,2,0,-2
mv U' code=0 aligned=1 homed=- ms=119.0 U=2122,3132,-14,2,0 R=1091,1090,-1,0,-1 F=675,674,-1,3,-7 D=3505,3506,1,2,3 L=1249,1250,1,0,-1 B=1248,1250,2,0,-2
mv U code=0 aligned=1 homed=- ms=119.0 U=3134,2119,9,1,-3 R=1091,1090,-1,0,-1 F=675,674,-1,3,-7 D=3505,3506,1,2,3 L=1249,1250,1,0,-1 B=1248,1250,2,0,-2
mv U' code=0 aligned=1 homed=- ms=119.0 U=2123,3132,-15,2,0 R=1091,1090,-1,0,-1 F=675,674,-1,3,-7 D=3505,3506,1,2,3 L=1249,1250,1,0,-1 B=1248,1250,2,0,-2
mv U code=0 aligned=1 homed=- ms=119.0 U=3134,2119,9,1,-3 R=1091,1090,-1,0,-1 F=675,674,-1,3,-7 D=3506,3506,0,2,3 L=1249,1250,1,0,-1 B=1248,1250,2,0,-2
mv U' code=0 aligned=1 homed=- ms=119.0 U=2122,3132,-14,2,0 R=1091,1090,-1,0,-1 F=675,674,-1,3,-7 D=3506,3506,0,2,3 L=1249,1250,1,0,-1 B=1248,1250,2,0,-2
mv U code=0 aligned=1 homed=- ms=119.0 U=3134,2118,8,1,-4 R=1091,1090,-1,0,-1 F=675,674,-1,3,-7 D=3506,3506,0,2,3 L=1250,1250,0,0,-1 B=1248,1250,2,0,-2
mv U' code=0 aligned=1 homed=- ms=119.0 U=2122,3132,-14,2,0 R=1091,1090,-1,0,-1 F=675,674,-1,3,-7 D=3505,3505,0,2,2 L=1249,1250,1,0,-1 B=1249,1250,1,0,-2
mv U code=0 aligned=1 homed=- ms=119.0 U=3134,2118,8,1,-4 R=1091,1090,-1,0,-1 F=675,674,-1,3,-7 D=3505,3506,1,2,3 L=1249,1249,0,0,-2 B=1248,1250,2,0,-2
mv U' code=0 aligned=1 homed=- ms=119.0 U=2123,3132,-15,2,0 R=1091,1090,-1,0,-1 F=675,674,-1,3,-7 D=3505,3505,0,2,2 L=1249,1250,1,0,-1 B=1248,1250,2,0,-2
mv U code=0 aligned=1 homed=- ms=119.0 U=3134,2119,9,1,-3 R=1091,1090,-1,0,-1 F=675,674,-1,3,-7 D=3505,3506,1,2,3 L=1249,1250,1,0,-1 B=1248,1250,2,0,-2
mv U' code=0 aligned=1 homed=- ms=119.0 U=2123,3132,-15,2,0 R=1091,1090,-1,0,-1 F=675,674,-1,3,-7 D=3505,3506,1,2,3 L=1250,1250,0,0,-1 B=1248,1250,2,0,-2
mv U code=0 aligned=1 homed=- ms=119.0 U=3135,2119,8,1,-3 R=1091,1090,-1,0,-1 F=675,674,-1,3,-7 D=3505,3506,1,2,3 L=1249,1250,1,0,-1 B=1248,1250,2,0,-2
mv U' code=0 aligned=1 homed=- ms=119.0 U=2122,3132,-14,2,0 R=1091,1090,-1,0,-1 F=675,674,-1,3,-7 D=3505,3506,1,2,3 L=1250,1250,0,0,-1 B=1248,1250,2,0,-2
mv U code=0 aligned=1 homed=- ms=119.0 U=3134,2119,9,1,-3 R=1091,1090,-1,0,-1 F=675,674,-1,3,-7 D=3505,3506,1,2,3 L=1249,1250,1,0,-1 B=1248,1250,2,0,-2
mv U' code=0 aligned=1 homed=- ms=119.0 U=2122,3132,-14,2,0 R=1091,1090,-1,0,-1 F=675,674,-1,3,-7 D=3506,3506,0,2,3 L=1249,1250,1,0,-1 B=1248,1250,2,0,-2
mv U code=0 aligned=1 homed=- ms=119.0 U=3134,2119,9,1,-3 R=1091,1090,-1,0,-1 F=675,674,-1,3,-7 D=3505,3506,1,2,3 L=1250,1250,0,0,-1 B=1248,1250,2,0,-2
mv U' code=0 aligned=1 homed=- ms=119.0 U=2122,3132,-14,2,0 R=1091,1090,-1,0,-1 F=675,674,-1,3,-7 D=3505,3506,1,2,3 L=1250,1250,0,0,-1 B=1248,1250,2,0,-2
rep moves=200 notaligned=0 homings=0 failures=0 avgms=119.0
res U=200,-3.0,11.7,16 R=- F=- D=- L=- B=-
ok
> home
[align] motor 0 err=2 counts (0.2 steps)
[align] motor 1 err=0 counts (0.0 steps)
[align] motor 2 err=-7 counts (-0.7 steps)
[align] motor 3 err=2 counts (0.2 steps)
[align] motor 4 err=-3 counts (-0.3 steps)
[align] motor 5 err=-6 counts (-0.6 steps)
home code=0 ms=6 en=0
enc U=3132 R=1090 F=674 D=3506 L=1250 B=1250 RING=2768
near U=2:0 R=0:-1 F=3:-7 D=2:3 L=0:-1 B=0:-2
ok
> enc
enc U=3134 R=1091 F=675 D=3506 L=1249 B=1249 RING=2768
near U=2:2 R=0:0 F=3:-6 D=2:3 L=0:-2 B=0:-3
ok
> rep 50 U U U U
mv U code=0 aligned=1 homed=- ms=119.0 U=3135,2118,7,1,-4 R=1091,1090,-1,0,-1 F=675,674,-1,3,-7 D=3506,3506,0,2,3 L=1249,1250,1,0,-1 B=1249,1250,1,0,-2
mv U code=0 aligned=1 homed=- ms=119.0 U=2123,1099,0,0,-3 R=1091,1090,-1,0,-1 F=675,674,-1,3,-7 D=3505,3506,1,2,3 L=1249,1250,1,0,-1 B=1248,1250,2,0,-2
mv U code=0 aligned=1 homed=- ms=119.0 U=1102,60,-18,3,-4 R=1091,1090,-1,0,-1 F=675,674,-1,3,-7 D=3505,3506,1,2,3 L=1249,1250,1,0,-1 B=1248,1250,2,0,-2
mv U code=0 aligned=1 homed=- ms=119.0 U=64,3131,-5,2,-1 R=1091,1090,-1,0,-1 F=675,674,-1,3,-7 D=3505,3506,1,2,3 L=1249,1250,1,0,-1 B=1248,1250,2,0,-2
mv U code=0 aligned=1 homed=- ms=119.0 U=3134,2119,9,1,-3 R=1091,1090,-1,0,-1 F=675,674,-1,3,-7 D=3505,3506,1,2,3 L=1249,1250,1,0,-1 B=1248,1250,2,0,-2
mv U code=0 aligned=1 homed=- ms=119.0 U=2122,1099,1,0,-3 R=1091,1090,-1,0,-1 F=675,674,-1,3,-7 D=3505,3506,1,2,3 L=1249,1250,1,0,-1 B=1248,1250,2,0,-2
mv U code=0 aligned=1 homed=- ms=119.0 U=1102,60,-18,3,-4 R=1091,1090,-1,0,-1 F=675,673,-2,3,-8 D=3506,3506,0,2,3 L=1249,1249,0,0,-2 B=1248,1250,2,0,-2
mv U code=0 aligned=1 homed=- ms=119.0 U=64,3131,-5,2,-1 R=1091,1090,-1,0,-1 F=675,674,-1,3,-7 D=3505,3506,1,2,3 L=1249,1250,1,0,-1 B=1248,1250,2,0,-2
mv U code=0 aligned=1 homed=- ms=119.0 U=3135,2119,8,1,-3 R=1091,1090,-1,0,-1 F=675,674,-1,3,-7 D=3505,3505,0,2,2 L=1249,1250,1,0,-1 B=1248,1250,2,0,-2
mv U code=0 aligned=1 homed=- ms=119.0 U=2122,1099,1,0,-3 R=1091,1090,-1,0,-1 F=675,674,-1,3,-7 D=3505,3506,1,2,3 L=1249,1250,1,0,-1 B=1248,1250,2,0,-2
mv U code=0 aligned=1 homed=- ms=119.0 U=1102,60,-18,3,-4 R=1091,1090,-1,0,-1 F=675,674,-1,3,-7 D=3505,3505,0,2,2 L=1249,1250,1,0,-1 B=1248,1250,2,0,-2
mv U code=0 aligned=1 homed=- ms=119.0 U=64,3131,-5,2,-1 R=1091,1090,-1,0,-1 F=675,674,-1,3,-7 D=3505,3506,1,2,3 L=1249,1250,1,0,-1 B=1248,1250,2,0,-2
mv U code=0 aligned=1 homed=- ms=119.0 U=3135,2119,8,1,-3 R=1091,1090,-1,0,-1 F=675,674,-1,3,-7 D=3505,3506,1,2,3 L=1249,1250,1,0,-1 B=1248,1250,2,0,-2
mv U code=0 aligned=1 homed=- ms=119.0 U=2123,1099,0,0,-3 R=1091,1090,-1,0,-1 F=675,674,-1,3,-7 D=3505,3506,1,2,3 L=1250,1250,0,0,-1 B=1248,1250,2,0,-2
mv U code=0 aligned=1 homed=- ms=119.0 U=1103,60,-19,3,-4 R=1091,1090,-1,0,-1 F=675,674,-1,3,-7 D=3505,3506,1,2,3 L=1249,1250,1,0,-1 B=1248,1250,2,0,-2
mv U code=0 aligned=1 homed=- ms=119.0 U=64,3131,-5,2,-1 R=1091,1090,-1,0,-1 F=675,674,-1,3,-7 D=3506,3506,0,2,3 L=1250,1250,0,0,-1 B=1248,1250,2,0,-2
mv U code=0 aligned=1 homed=- ms=119.0 U=3134,2118,8,1,-4 R=1091,1090,-1,0,-1 F=675,674,-1,3,-7 D=3505,3506,1,2,3 L=1249,1249,0,0,-2 B=1248,1250,2,0,-2
mv U code=0 aligned=1 homed=- ms=119.0 U=2123,1099,0,0,-3 R=1091,1090,-1,0,-1 F=675,674,-1,3,-7 D=3505,3506,1,2,3 L=1250,1250,0,0,-1 B=1248,1250,2,0,-2
mv U code=0 aligned=1 homed=- ms=119.0 U=1102,60,-18,3,-4 R=1091,1090,-1,0,-1 F=675,674,-1,3,-7 D=3506,3505,-1,2,2 L=1249,1250,1,0,-1 B=1248,1250,2,0,-2
mv U code=0 aligned=1 homed=- ms=119.0 U=64,3131,-5,2,-1 R=1091,1090,-1,0,-1 F=675,674,-1,3,-7 D=3505,3506,1,2,3 L=1249,1250,1,0,-1 B=1248,1250,2,0,-2
mv U code=0 aligned=1 homed=- ms=119.0 U=3135,2119,8,1,-3 R=1091,1090,-1,0,-1 F=675,674,-1,3,-7 D=3505,3506,1,2,3 L=1249,1250,1,0,-1 B=1248,1250,2,0,-2
mv U code=0 aligned=1 homed=- ms=119.0 U=2123,1099,0,0,-3 R=1091,1090,-1,0,-1 F=675,674,-1,3,-7 D=3505,3506,1,2,3 L=1249,1250,1,0,-1 B=1248,1250,2,0,-2
mv U code=0 aligned=1 homed=- ms=119.0 U=1102,60,-18,3,-4 R=1091,1090,-1,0,-1 F=675,674,-1,3,-7 D=3506,3506,0,2,3 L=1249,1250,1,0,-1 B=1248,1250,2,0,-2
mv U code=0 aligned=1 homed=- ms=119.0 U=64,3131,-5,2,-1 R=1091,1090,-1,0,-1 F=675,674,-1,3,-7 D=3505,3506,1,2,3 L=1249,1250,1,0,-1 B=1248,1250,2,0,-2
mv U code=0 aligned=1 homed=- ms=119.0 U=3135,2119,8,1,-3 R=1091,1090,-1,0,-1 F=675,674,-1,3,-7 D=3506,3506,0,2,3 L=1249,1250,1,0,-1 B=1248,1250,2,0,-2
mv U code=0 aligned=1 homed=- ms=119.0 U=2123,1099,0,0,-3 R=1091,1090,-1,0,-1 F=675,674,-1,3,-7 D=3505,3505,0,2,2 L=1250,1250,0,0,-1 B=1248,1250,2,0,-2
mv U code=0 aligned=1 homed=- ms=119.0 U=1102,60,-18,3,-4 R=1091,1090,-1,0,-1 F=675,674,-1,3,-7 D=3505,3506,1,2,3 L=1249,1250,1,0,-1 B=1248,1250,2,0,-2
mv U code=0 aligned=1 homed=- ms=119.0 U=64,3131,-5,2,-1 R=1091,1090,-1,0,-1 F=675,674,-1,3,-7 D=3506,3506,0,2,3 L=1249,1250,1,0,-1 B=1248,1250,2,0,-2
mv U code=0 aligned=1 homed=- ms=119.0 U=3135,2119,8,1,-3 R=1091,1090,-1,0,-1 F=675,674,-1,3,-7 D=3506,3506,0,2,3 L=1249,1250,1,0,-1 B=1248,1250,2,0,-2
mv U code=0 aligned=1 homed=- ms=119.0 U=2123,1099,0,0,-3 R=1091,1090,-1,0,-1 F=675,674,-1,3,-7 D=3506,3506,0,2,3 L=1249,1250,1,0,-1 B=1248,1250,2,0,-2
mv U code=0 aligned=1 homed=- ms=119.0 U=1103,60,-19,3,-4 R=1091,1090,-1,0,-1 F=675,674,-1,3,-7 D=3505,3506,1,2,3 L=1249,1250,1,0,-1 B=1248,1250,2,0,-2
mv U code=0 aligned=1 homed=- ms=119.0 U=64,3131,-5,2,-1 R=1091,1090,-1,0,-1 F=675,674,-1,3,-7 D=3505,3505,0,2,2 L=1249,1250,1,0,-1 B=1248,1250,2,0,-2
mv U code=0 aligned=1 homed=- ms=119.0 U=3135,2119,8,1,-3 R=1091,1091,0,0,0 F=675,674,-1,3,-7 D=3505,3505,0,2,2 L=1249,1250,1,0,-1 B=1248,1250,2,0,-2
mv U code=0 aligned=1 homed=- ms=119.0 U=2123,1099,0,0,-3 R=1091,1090,-1,0,-1 F=675,674,-1,3,-7 D=3505,3506,1,2,3 L=1250,1250,0,0,-1 B=1248,1250,2,0,-2
mv U code=0 aligned=1 homed=- ms=119.0 U=1103,60,-19,3,-4 R=1091,1090,-1,0,-1 F=675,674,-1,3,-7 D=3505,3506,1,2,3 L=1250,1250,0,0,-1 B=1248,1250,2,0,-2
mv U code=0 aligned=1 homed=- ms=119.0 U=64,3131,-5,2,-1 R=1091,1090,-1,0,-1 F=675,673,-2,3,-8 D=3505,3506,1,2,3 L=1249,1250,1,0,-1 B=1248,1250,2,0,-2
mv U code=0 aligned=1 homed=- ms=119.0 U=3135,2119,8,1,-3 R=1091,1090,-1,0,-1 F=675,674,-1,3,-7 D=3505,3506,1,2,3 L=1249,1250,1,0,-1 B=1248,1250,2,0,-2
mv U code=0 aligned=1 homed=- ms=119.0 U=2123,1099,0,0,-3 R=1091,1090,-1,0,-1 F=675,674,-1,3,-7 D=3505,3506,1,2,3 L=1249,1250,1,0,-1 B=1248,1250,2,0,-2
mv U code=0 aligned=1 homed=- ms=119.0 U=1102,60,-18,3,-4 R=1091,1090,-1,0,-1 F=675,674,-1,3,-7 D=3505,3506,1,2,3 L=1250,1250,0,0,-1 B=1248,1250,2,0,-2
mv U code=0 aligned=1 homed=- ms=119.0 U=64,3131,-5,2,-1 R=1091,1090,-1,0,-1 F=675,674,-1,3,-7 D=3506,3506,0,2,3 L=1249,1250,1,0,-1 B=1249,1250,1,0,-2
mv U code=0 aligned=1 homed=- ms=119.0 U=3135,2119,8,1,-3 R=1091,1090,-1,0,-1 F=675,674,-1,3,-7 D=3505,3506,1,2,3 L=1249,1249,0,0,-2 B=1248,1250,2,0,-2
mv U code=0 aligned=1 homed=- ms=119.0 U=2123,1099,0,0,-3 R=1091,1090,-1,0,-1 F=675,674,-1,3,-7 D=3505,3506,1,2,3 L=1249,1250,1,0,-1 B=1248,1250,2,0,-2
mv U code=0 aligned=1 homed=- ms=119.0 U=1103,60,-19,3,-4 R=1091,1090,-1,0,-1 F=675,674,-1,3,-7 D=3505,3506,1,2,3 L=1249,1250,1,0,-1 B=1248,1250,2,0,-2
mv U code=0 aligned=1 homed=- ms=119.0 U=64,3131,-5,2,-1 R=1091,1090,-1,0,-1 F=675,674,-1,3,-7 D=3505,3506,1,2,3 L=1249,1250,1,0,-1 B=1248,1250,2,0,-2
mv U code=0 aligned=1 homed=- ms=119.0 U=3135,2118,7,1,-4 R=1091,1090,-1,0,-1 F=675,674,-1,3,-7 D=3505,3506,1,2,3 L=1249,1250,1,0,-1 B=1248,1250,2,0,-2
mv U code=0 aligned=1 homed=- ms=119.0 U=2123,1099,0,0,-3 R=1091,1090,-1,0,-1 F=675,674,-1,3,-7 D=3505,3506,1,2,3 L=1249,1250,1,0,-1 B=1248,1250,2,0,-2
mv U code=0 aligned=1 homed=- ms=119.0 U=1102,60,-18,3,-4 R=1091,1090,-1,0,-1 F=675,674,-1,3,-7 D=3505,3506,1,2,3 L=1249,1250,1,0,-1 B=1248,1250,2,0,-2
mv U code=0 aligned=1 homed=- ms=119.0 U=64,3132,-4,2,0 R=1091,1090,-1,0,-1 F=675,674,-1,3,-7 D=3505,3506,1,2,3 L=1249,1250,1,0,-1 B=1248,1250,2,0,-2
mv U code=0 aligned=1 homed=- ms=119.0 U=3135,2119,8,1,-3 R=1091,1090,-1,0,-1 F=675,674,-1,3,-7 D=3505,3506,1,2,3 L=1250,1250,0,0,-1 B=1248,1250,2,0,-2
mv U code=0 aligned=1 homed=- ms=119.0 U=2123,1099,0,0,-3 R=1091,1090,-1,0,-1 F=675,674,-1,3,-7 D=3505,3506,1,2,3 L=1249,1250,1,0,-1 B=1248,1250,2,0,-2
mv U code=0 aligned=1 homed=- ms=119.0 U=1103,60,-19,3,-4 R=1091,1090,-1,0,-1 F=675,674,-1,3,-7 D=3505,3505,0,2,2 L=1249,1250,1,0,-1 B=1248,1250,2,0,-2
mv U code=0 aligned=1 homed=- ms=119.0 U=64,3131,-5,2,-1 R=1091,1090,-1,0,-1 F=675,674,-1,3,-7 D=3505,3506,1,2,3 L=1250,1250,0,0,-1 B=1248,1250,2,0,-2
mv U code=0 aligned=1 homed=- ms=119.0 U=3135,2119,8,1,-3 R=1091,1090,-1,0,-1 F=675,674,-1,3,-7 D=3506,3505,-1,2,2 L=1249,1250,1,0,-1 B=1248,1250,2,0,-2
mv U code=0 aligned=1 homed=- ms=119.0 U=2123,1099,0,0,-3 R=1091,1090,-1,0,-1 F=675,673,-2,3,-8 D=3506,3506,0,2,3 L=1249,1250,1,0,-1 B=1248,1250,2,0,-2
mv U code=0 aligned=1 homed=- ms=119.0 U=1103,60,-19,3,-4 R=1091,1090,-1,0,-1 F=675,674,-1,3,-7 D=3505,3506,1,2,3 L=1249,1250,1,0,-1 B=1248,1250,2,0,-2
mv U code=0 aligned=1 homed=- ms=119.0 U=64,3131,-5,2,-1 R=1091,1090,-1,0,-1 F=675,674,-1,3,-7 D=3506,3506,0,2,3 L=1249,1250,1,0,-1 B=1248,1250,2,0,-2
mv U code=0 aligned=1 homed=- ms=119.0 U=3135,2119,8,1,-3 R=1091,1090,-1,0,-1 F=675,674,-1,3,-7 D=3505,3505,0,2,2 L=1250,1249,-1,0,-2 B=1248,1250,2,0,-2
mv U code=0 aligned=1 homed=- ms=119.0 U=2123,1099,0,0,-3 R=1091,1090,-1,0,-1 F=675,674,-1,3,-7 D=3506,3506,0,2,3 L=1250,1250,0,0,-1 B=1248,1250,2,0,-2
mv U code=0 aligned=1 homed=- ms=119.0 U=1103,60,-19,3,-4 R=1091,1090,-1,0,-1 F=675,674,-1,3,-7 D=3505,3506,1,2,3 L=1249,1250,1,0,-1 B=1248,1250,2,0,-2
mv U code=0 aligned=1 homed=- ms=119.0 U=64,3131,-5,2,-1 R=1091,1090,-1,0,-1 F=675,674,-1,3,-7 D=3506,3506,0,2,3 L=1249,1250,1,0,-1 B=1248,1250,2,0,-2
mv U code=0 aligned=1 homed=- ms=119.0 U=3135,2119,8,1,-3 R=1091,1090,-1,0,-1 F=675,674,-1,3,-7 D=3505,3506,1,2,3 L=1249,1250,1,0,-1 B=1248,1250,2,0,-2
mv U code=0 aligned=1 homed=- ms=119.0 U=2123,1099,0,0,-3 R=1091,1090,-1,0,-1 F=675,674,-1,3,-7 D=3505,3506,1,2,3 L=1249,1250,1,0,-1 B=1248,1250,2,0,-2
mv U code=0 aligned=1 homed=- ms=119.0 U=1103,60,-19,3,-4 R=1091,1090,-1,0,-1 F=675,674,-1,3,-7 D=3505,3506,1,2,3 L=1249,1250,1,0,-1 B=1248,1250,2,0,-2
mv U code=0 aligned=1 homed=- ms=119.0 U=64,3131,-5,2,-1 R=1091,1090,-1,0,-1 F=675,674,-1,3,-7 D=3505,3506,1,2,3 L=1249,1249,0,0,-2 B=1248,1250,2,0,-2
mv U code=0 aligned=1 homed=- ms=119.0 U=3135,2119,8,1,-3 R=1091,1090,-1,0,-1 F=675,674,-1,3,-7 D=3505,3506,1,2,3 L=1250,1250,0,0,-1 B=1248,1250,2,0,-2
mv U code=0 aligned=1 homed=- ms=119.0 U=2123,1099,0,0,-3 R=1091,1090,-1,0,-1 F=675,674,-1,3,-7 D=3505,3506,1,2,3 L=1249,1249,0,0,-2 B=1248,1250,2,0,-2
mv U code=0 aligned=1 homed=- ms=119.0 U=1102,60,-18,3,-4 R=1091,1090,-1,0,-1 F=675,674,-1,3,-7 D=3506,3505,-1,2,2 L=1249,1250,1,0,-1 B=1248,1250,2,0,-2
mv U code=0 aligned=1 homed=- ms=119.0 U=64,3131,-5,2,-1 R=1091,1091,0,0,0 F=675,674,-1,3,-7 D=3505,3506,1,2,3 L=1250,1250,0,0,-1 B=1248,1250,2,0,-2
mv U code=0 aligned=1 homed=- ms=119.0 U=3135,2119,8,1,-3 R=1091,1090,-1,0,-1 F=675,674,-1,3,-7 D=3506,3506,0,2,3 L=1249,1250,1,0,-1 B=1248,1250,2,0,-2
mv U code=0 aligned=1 homed=- ms=119.0 U=2123,1099,0,0,-3 R=1091,1090,-1,0,-1 F=675,674,-1,3,-7 D=3505,3506,1,2,3 L=1249,1250,1,0,-1 B=1248,1250,2,0,-2
mv U code=0 aligned=1 homed=- ms=119.0 U=1102,60,-18,3,-4 R=1091,1090,-1,0,-1 F=675,674,-1,3,-7 D=3505,3506,1,2,3 L=1249,1250,1,0,-1 B=1248,1250,2,0,-2
mv U code=0 aligned=1 homed=- ms=119.0 U=65,3131,-6,2,-1 R=1091,1090,-1,0,-1 F=675,674,-1,3,-7 D=3505,3506,1,2,3 L=1249,1250,1,0,-1 B=1248,1250,2,0,-2
mv U code=0 aligned=1 homed=- ms=119.0 U=3135,2119,8,1,-3 R=1091,1090,-1,0,-1 F=675,674,-1,3,-7 D=3506,3505,-1,2,2 L=1250,1250,0,0,-1 B=1248,1250,2,0,-2
mv U code=0 aligned=1 homed=- ms=119.0 U=2123,1099,0,0,-3 R=1091,1090,-1,0,-1 F=675,674,-1,3,-7 D=3506,3506,0,2,3 L=1249,1250,1,0,-1 B=1248,1250,2,0,-2
mv U code=0 aligned=1 homed=- ms=119.0 U=1103,60,-19,3,-4 R=1091,1090,-1,0,-1 F=675,674,-1,3,-7 D=3505,3506,1,2,3 L=1249,1250,1,0,-1 B=1248,1250,2,0,-2
mv U code=0 aligned=1 homed=- ms=119.0 U=65,3131,-6,2,-1 R=1091,1090,-1,0,-1 F=675,674,-1,3,-7 D=3505,3506,1,2,3 L=1250,1250,0,0,-1 B=1248,1250,2,0,-2
mv U code=0 aligned=1 homed=- ms=119.0 U=3135,2119,8,1,-3 R=1091,1090,-1,0,-1 F=675,674,-1,3,-7 D=3505,3505,0,2,2 L=1249,1249,0,0,-2 B=1248,1250,2,0,-2
mv U code=0 aligned=1 homed=- ms=119.0 U=2123,1098,-1,0,-4 R=1091,1090,-1,0,-1 F=675,674,-1,3,-7 D=3505,3506,1,2,3 L=1249,1250,1,0,-1 B=1248,1250,2,0,-2
mv U code=0 aligned=1 homed=- ms=119.0 U=1103,60,-19,3,-4 R=1091,1090,-1,0,-1 F=675,674,-1,3,-7 D=3506,3506,0,2,3 L=1249,1250,1,0,-1 B=1248,1250,2,0,-2
mv U code=0 aligned=1 homed=- ms=119.0 U=64,3131,-5,2,-1 R=1091,1090,-1,0,-1 F=675,674,-1,3,-7 D=3505,3506,1,2,3 L=1249,1250,1,0,-1 B=1248,1250,2,0,-2
mv U code=0 aligned=1 homed=- ms=119.0 U=3135,2119,8,1,-3 R=1091,1090,-1,0,-1 F=675,674,-1,3,-7 D=3505,3506,1,2,3 L=1249,1250,1,0,-1 B=1248,1250,2,0,-2
mv U code=0 aligned=1 homed=- ms=119.0 U=2123,1099,0,0,-3 R=1090,1090,0,0,-1 F=675,673,-2,3,-8 D=3506,3506,0,2,3 L=1250,1250,0,0,-1 B=1248,1250,2,0,-2
mv U code=0 aligned=1 homed=- ms=119.0 U=1103,60,-19,3,-4 R=1091,1090,-1,0,-1 F=675,674,-1,3,-7 D=3505,3506,1,2,3 L=1250,1250,0,0,-1 B=1248,1250,2,0,-2
mv U code=0 aligned=1 homed=- ms=119.0 U=65,3131,-6,2,-1 R=1091,1090,-1,0,-1 F=675,674,-1,3,-7 D=3505,3506,1,2,3 L=1249,1250,1,0,-1 B=1248,1250,2,0,-2
mv U code=0 aligned=1 homed=- ms=119.0 U=3135,2119,8,1,-3 R=1091,1090,-1,0,-1 F=675,674,-1,3,-7 D=3506,3505,-1,2,2 L=1249,1250,1,0,-1 B=1248,1250,2,0,-2
mv U code=0 aligned=1 homed=- ms=119.0 U=2123,1099,0,0,-3 R=1091,1090,-1,0,-1 F=675,674,-1,3,-7 D=3505,3506,1,2,3 L=1249,1250,1,0,-1 B=1248,1250,2,0,-2
mv U code=0 aligned=1 homed=- ms=119.0 U=1103,60,-19,3,-4 R=1091,1090,-1,0,-1 F=675,674,-1,3,-7 D=3506,3506,0,2,3 L=1249,1249,0,0,-2 B=1248,1250,2,0,-2
mv U code=0 aligned=1 homed=- ms=119.0 U=64,3131,-5,2,-1 R=1091,1090,-1,0,-1 F=675,673,-2,3,-8 D=3505,3506,1,2,3 L=1250,1250,0,0,-1 B=1248,1250,2,0,-2
mv U code=0 aligned=1 homed=- ms=119.0 U=3135,2119,8,1,-3 R=1091,1090,-1,0,-1 F=675,674,-1,3,-7 D=3505,3506,1,2,3 L=1249,1250,1,0,-1 B=1248,1250,2,0,-2
mv U code=0 aligned=1 homed=- ms=119.0 U=2123,1099,0,0,-3 R=1091,1090,-1,0,-1 F=675,674,-1,3,-7 D=3505,3506,1,2,3 L=1249,1250,1,0,-1 B=1248,1250,2,0,-2
mv U code=0 aligned=1 homed=- ms=119.0 U=1103,60,-19,3,-4 R=1091,1090,-1,0,-1 F=675,674,-1,3,-7 D=3505,3506,1,2,3 L=1249,1250,1,0,-1 B=1248,1250,2,0,-2
mv U code=0 aligned=1 homed=- ms=119.0 U=64,3131,-5,2,-1 R=1091,1090,-1,0,-1 F=675,674,-1,3,-7 D=3505,3505,0,2,2 L=1249,1250,1,0,-1 B=1248,1250,2,0,-2
mv U code=0 aligned=1 homed=- ms=119.0 U=3135,2119,8,1,-3 R=1091,1090,-1,0,-1 F=675,674,-1,3,-7 D=3506,3505,-1,2,2 L=1250,1250,0,0,-1 B=1248,1250,2,0,-2
mv U code=0 aligned=1 homed=- ms=119.0 U=2122,1099,1,0,-3 R=1091,1090,-1,0,-1 F=675,674,-1,3,-7 D=3505,3506,1,2,3 L=1250,1250,0,0,-1 B=1248,1250,2,0,-2
mv U code=0 aligned=1 homed=- ms=119.0 U=1102,60,-18,3,-4 R=1091,1090,-1,0,-1 F=675,674,-1,3,-7 D=3505,3506,1,2,3 L=1249,1250,1,0,-1 B=1248,1250,2,0,-2
mv U code=0 aligned=1 homed=- ms=119.0 U=65,3131,-6,2,-1 R=1091,1090,-1,0,-1 F=675,674,-1,3,-7 D=3505,3506,1,2,3 L=1249,1250,1,0,-1 B=1248,1250,2,0,-2
mv U code=0 aligned=1 homed=- ms=119.0 U=3135,2119,8,1,-3 R=1091,1090,-1,0,-1 F=675,674,-1,3,-7 D=3506,3506,0,2,3 L=1250,1250,0,0,-1 B=1248,1250,2,0,-2
mv U code=0 aligned=1 homed=- ms=119.0 U=2123,1099,0,0,-3 R=1091,1090,-1,0,-1 F=675,674,-1,3,-7 D=3506,3506,0,2,3 L=1249,1250,1,0,-1 B=1248,1250,2,0,-2
mv U code=0 aligned=1 homed=- ms=119.0 U=1102,60,-18,3,-4 R=1091,1090,-1,0,-1 F=675,674,-1,3,-7 D=3506,3506,0,2,3 L=1249,1250,1,0,-1 B=1249,1250,1,0,-2
mv U code=0 aligned=1 homed=- ms=119.0 U=64,3131,-5,2,-1 R=1091,1090,-1,0,-1 F=675,674,-1,3,-7 D=3505,3505,0,2,2 L=1249,1250,1,0,-1 B=1248,1250,2,0,-2
mv U code=0 aligned=1 homed=- ms=119.0 U=3135,2119,8,1,-3 R=1091,1090,-1,0,-1 F=675,673,-2,3,-8 D=3505,3506,1,2,3 L=1250,1250,0,0,-1 B=1248,1250,2,0,-2
mv U code=0 aligned=1 homed=- ms=119.0 U=2123,1099,0,0,-3 R=1091,1090,-1,0,-1 F=675,674,-1,3,-7 D=3505,3506,1,2,3 L=1249,1250,1,0,-1 B=1248,1250,2,0,-2
mv U code=0 aligned=1 homed=- ms=119.0 U=1103,60,-19,3,-4 R=1091,1090,-1,0,-1 F=675,674,-1,3,-7 D=3506,3506,0,2,3 L=1249,1250,1,0,-1 B=1248,1250,2,0,-2
mv U code=0 aligned=1 homed=- ms=119.0 U=64,3131,-5,2,-1 R=1091,1090,-1,0,-1 F=675,674,-1,3,-7 D=3505,3506,1,2,3 L=1250,1250,0,0,-1 B=1249,1250,1,0,-2
mv U code=0 aligned=1 homed=- ms=119.0 U=3135,2118,7,1,-4 R=1091,1090,-1,0,-1 F=675,674,-1,3,-7 D=3505,3505,0,2,2 L=1249,1250,1,0,-1 B=1248,1250,2,0,-2
mv U code=0 aligned=1 homed=- ms=119.0 U=2123,1099,0,0,-3 R=1091,1090,-1,0,-1 F=675,674,-1,3,-7 D=3506,3506,0,2,3 L=1249,1250,1,0,-1 B=1248,1250,2,0,-2
mv U code=0 aligned=1 homed=- ms=119.0 U=1102,60,-18,3,-4 R=1091,1090,-1,0,-1 F=675,674,-1,3,-7 D=3505,3505,0,2,2 L=1250,1250,0,0,-1 B=1248,1250,2,0,-2
mv U code=0 aligned=1 homed=- ms=119.0 U=65,3131,-6,2,-1 R=1091,1090,-1,0,-1 F=675,674,-1,3,-7 D=3506,3506,0,2,3 L=1249,1250,1,0,-1 B=1248,1250,2,0,-2
mv U code=0 aligned=1 homed=- ms=119.0 U=3135,2119,8,1,-3 R=1091,1090,-1,0,-1 F=675,674,-1,3,-7 D=3506,3506,0,2,3 L=1249,1250,1,0,-1 B=1248,1250,2,0,-2
mv U code=0 aligned=1 homed=- ms=119.0 U=2123,1099,0,0,-3 R=1091,1090,-1,0,-1 F=675,674,-1,3,-7 D=3505,3506,1,2,3 L=1249,1250,1,0,-1 B=1248,1250,2,0,-2
mv U code=0 aligned=1 homed=- ms=119.0 U=1103,60,-19,3,-4 R=1091,1090,-1,0,-1 F=675,674,-1,3,-7 D=3506,3506,0,2,3 L=1249,1250,1,0,-1 B=1248,1250,2,0,-2
mv U code=0 aligned=1 homed=- ms=119.0 U=64,3131,-5,2,-1 R=1091,1090,-1,0,-1 F=675,674,-1,3,-7 D=3505,3506,1,2,3 L=1249,1249,0,0,-2 B=1248,1250,2,0,-2
mv U code=0 aligned=1 homed=- ms=119.0 U=3135,2119,8,1,-3 R=1091,1090,-1,0,-1 F=675,674,-1,3,-7 D=3505,3505,0,2,2 L=1249,1250,1,0,-1 B=1248,1250,2,0,-2
mv U code=0 aligned=1 homed=- ms=119.0 U=2123,1099,0,0,-3 R=1091,1090,-1,0,-1 F=675,674,-1,3,-7 D=3506,3506,0,2,3 L=1249,1250,1,0,-1 B=1248,1250,2,0,-2
mv U code=0 aligned=1 homed=- ms=119.0 U=1102,60,-18,3,-4 R=1091,1090,-1,0,-1 F=675,674,-1,3,-7 D=3505,3506,1,2,3 L=1249,1250,1,0,-1 B=1248,1250,2,0,-2
mv U code=0 aligned=1 homed=- ms=119.0 U=64,3131,-5,2,-1 R=1091,1090,-1,0,-1 F=675,674,-1,3,-7 D=3505,3506,1,2,3 L=1250,1250,0,0,-1 B=1248,1250,2,0,-2
mv U code=0 aligned=1 homed=- ms=119.0 U=3135,2119,8,1,-3 R=1091,1090,-1,0,-1 F=675,674,-1,3,-7 D=3505,3506,1,2,3 L=1250,1250,0,0,-1 B=1248,1250,2,0,-2
mv U code=0 aligned=1 homed=- ms=119.0 U=2123,1099,0,0,-3 R=1091,1090,-1,0,-1 F=675,674,-1,3,-7 D=3505,3505,0,2,2 L=1249,1250,1,0,-1 B=1248,1249,1,0,-3
mv U code=0 aligned=1 homed=- ms=119.0 U=1103,60,-19,3,-4 R=1091,1090,-1,0,-1 F=675,674,-1,3,-7 D=3505,3505,0,2,2 L=1249,1249,0,0,-2 B=1248,1250,2,0,-2
mv U code=0 aligned=1 homed=- ms=119.0 U=64,3131,-5,2,-1 R=1091,1090,-1,0,-1 F=675,674,-1,3,-7 D=3505,3506,1,2,3 L=1249,1250,1,0,-1 B=1248,1250,2,0,-2
mv U code=0 aligned=1 homed=- ms=119.0 U=3135,2119,8,1,-3 R=1091,1090,-1,0,-1 F=675,674,-1,3,-7 D=3505,3506,1,2,3 L=1249,1250,1,0,-1 B=1248,1250,2,0,-2
mv U code=0 aligned=1 homed=- ms=119.0 U=2123,1099,0,0,-3 R=1091,1090,-1,0,-1 F=675,674,-1,3,-7 D=3505,3506,1,2,3 L=1249,1250,1,0,-1 B=1248,1250,2,0,-2
mv U code=0 aligned=1 homed=- ms=119.0 U=1102,60,-18,3,-4 R=1091,1090,-1,0,-1 F=675,674,-1,3,-7 D=3505,3506,1,2,3 L=1249,1250,1,0,-1 B=1248,1250,2,0,-2
mv U code=0 aligned=1 homed=- ms=119.0 U=64,3131,-5,2,-1 R=1091,1090,-1,0,-1 F=675,674,-1,3,-7 D=3505,3506,1,2,3 L=1249,1250,1,0,-1 B=1248,1250,2,0,-2
mv U code=0 aligned=1 homed=- ms=119.0 U=3135,2118,7,1,-4 R=1091,1090,-1,0,-1 F=675,674,-1,3,-7 D=3505,3506,1,2,3 L=1249,1250,1,0,-1 B=1248,1250,2,0,-2
mv U code=0 aligned=1 homed=- ms=119.0 U=2123,1099,0,0,-3 R=1091,1090,-1,0,-1 F=675,674,-1,3,-7 D=3505,3506,1,2,3 L=1249,1250,1,0,-1 B=1248,1250,2,0,-2
mv U code=0 aligned=1 homed=- ms=119.0 U=1103,60,-19,3,-4 R=1091,1090,-1,0,-1 F=675,674,-1,3,-7 D=3506,3506,0,2,3 L=1249,1250,1,0,-1 B=1248,1250,2,0,-2
mv U code=0 aligned=1 homed=- ms=119.0 U=65,3131,-6,2,-1 R=1091,1090,-1,0,-1 F=675,674,-1,3,-7 D=3505,3506,1,2,3 L=1249,1250,1,0,-1 B=1248,1250,2,0,-2
mv U code=0 aligned=1 homed=- ms=119.0 U=3135,2119,8,1,-3 R=1091,1090,-1,0,-1 F=675,674,-1,3,-7 D=3505,3505,0,2,2 L=1249,1250,1,0,-1 B=1248,1250,2,0,-2
mv U code=0 aligned=1 homed=- ms=119.0 U=2123,1099,0,0,-3 R=1091,1090,-1,0,-1 F=675,673,-2,3,-8 D=3505,3506,1,2,3 L=1249,1250,1,0,-1 B=1248,1250,2,0,-2
mv U code=0 aligned=1 homed=- ms=119.0 U=1102,60,-18,3,-4 R=1091,1090,-1,0,-1 F=675,674,-1,3,-7 D=3505,3506,1,2,3 L=1249,1250,1,0,-1 B=1248,1250,2,0,-2
mv U code=0 aligned=1 homed=- ms=119.0 U=64,3131,-5,2,-1 R=1091,1090,-1,0,-1 F=675,674,-1,3,-7 D=3505,3506,1,2,3 L=1249,1250,1,0,-1 B=1248,1250,2,0,-2
mv U code=0 aligned=1 homed=- ms=119.0 U=3135,2119,8,1,-3 R=1091,1090,-1,0,-1 F=675,674,-1,3,-7 D=3506,3506,0,2,3 L=1250,1249,-1,0,-2 B=1248,1250,2,0,-2
mv U code=0 aligned=1 homed=- ms=119.0 U=2123,1099,0,0,-3 R=1091,1090,-1,0,-1 F=675,674,-1,3,-7 D=3505,3506,1,2,3 L=1249,1250,1,0,-1 B=1248,1250,2,0,-2
mv U code=0 aligned=1 homed=- ms=119.0 U=1103,60,-19,3,-4 R=1091,1090,-1,0,-1 F=675,674,-1,3,-7 D=3505,3506,1,2,3 L=1250,1250,0,0,-1 B=1248,1250,2,0,-2
mv U code=0 aligned=1 homed=- ms=119.0 U=65,3131,-6,2,-1 R=1091,1090,-1,0,-1 F=675,674,-1,3,-7 D=3505,3506,1,2,3 L=1249,1250,1,0,-1 B=1248,1250,2,0,-2
mv U code=0 aligned=1 homed=- ms=119.0 U=3135,2119,8,1,-3 R=1091,1090,-1,0,-1 F=675,674,-1,3,-7 D=3505,3506,1,2,3 L=1249,1250,1,0,-1 B=1248,1250,2,0,-2
mv U code=0 aligned=1 homed=- ms=119.0 U=2123,1099,0,0,-3 R=1091,1090,-1,0,-1 F=675,674,-1,3,-7 D=3505,3506,1,2,3 L=1249,1250,1,0,-1 B=1248,1250,2,0,-2
mv U code=0 aligned=1 homed=- ms=119.0 U=1102,60,-18,3,-4 R=1091,1091,0,0,0 F=675,674,-1,3,-7 D=3505,3506,1,2,3 L=1250,1249,-1,0,-2 B=1248,1250,2,0,-2
mv U code=0 aligned=1 homed=- ms=119.0 U=64,3131,-5,2,-1 R=1091,1090,-1,0,-1 F=675,674,-1,3,-7 D=3505,3506,1,2,3 L=1249,1250,1,0,-1 B=1248,1250,2,0,-2
mv U code=0 aligned=1 homed=- ms=119.0 U=3135,2119,8,1,-3 R=1091,1090,-1,0,-1 F=675,674,-1,3,-7 D=3505,3506,1,2,3 L=1250,1250,0,0,-1 B=1248,1250,2,0,-2
mv U code=0 aligned=1 homed=- ms=119.0 U=2123,1099,0,0,-3 R=1091,1090,-1,0,-1 F=675,674,-1,3,-7 D=3505,3506,1,2,3 L=1249,1250,1,0,-1 B=1248,1250,2,0,-2
mv U code=0 aligned=1 homed=- ms=119.0 U=1103,60,-19,3,-4 R=1091,1090,-1,0,-1 F=675,674,-1,3,-7 D=3505,3505,0,2,2 L=1249,1250,1,0,-1 B=1248,1250,2,0,-2
mv U code=0 aligned=1 homed=- ms=119.0 U=64,3131,-5,2,-1 R=1091,1090,-1,0,-1 F=675,674,-1,3,-7 D=3505,3506,1,2,3 L=1249,1250,1,0,-1 B=1248,1250,2,0,-2
mv U code=0 aligned=1 homed=- ms=119.0 U=3135,2119,8,1,-3 R=1091,1090,-1,0,-1 F=675,674,-1,3,-7 D=3505,3506,1,2,3 L=1249,1250,1,0,-1 B=1248,1250,2,0,-2
mv U code=0 aligned=1 homed=- ms=119.0 U=2123,1099,0,0,-3 R=1091,1090,-1,0,-1 F=675,674,-1,3,-7 D=3505,3506,1,2,3 L=1249,1250,1,0,-1 B=1248,1250,2,0,-2
mv U code=0 aligned=1 homed=- ms=119.0 U=1103,60,-19,3,-4 R=1091,1090,-1,0,-1 F=675,674,-1,3,-7 D=3505,3506,1,2,3 L=1249,1250,1,0,-1 B=1248,1250,2,0,-2
mv U code=0 aligned=1 homed=- ms=119.0 U=64,3131,-5,2,-1 R=1091,1090,-1,0,-1 F=675,673,-2,3,-8 D=3505,3505,0,2,2 L=1249,1250,1,0,-1 B=1248,1250,2,0,-2
mv U code=0 aligned=1 homed=- ms=119.0 U=3135,2119,8,1,-3 R=1091,1090,-1,0,-1 F=675,674,-1,3,-7 D=3505,3506,1,2,3 L=1249,1250,1,0,-1 B=1248,1250,2,0,-2
mv U code=0 aligned=1 homed=- ms=119.0 U=2123,1099,0,0,-3 R=1091,1090,-1,0,-1 F=675,674,-1,3,-7 D=3506,3506,0,2,3 L=1249,1250,1,0,-1 B=1248,1250,2,0,-2
mv U code=0 aligned=1 homed=- ms=119.0 U=1102,60,-18,3,-4 R=1091,1090,-1,0,-1 F=675,674,-1,3,-7 D=3505,3505,0,2,2 L=1249,1250,1,0,-1 B=1248,1250,2,0,-2
mv U code=0 aligned=1 homed=- ms=119.0 U=64,3131,-5,2,-1 R=1091,1090,-1,0,-1 F=675,674,-1,3,-7 D=3505,3505,0,2,2 L=1249,1250,1,0,-1 B=1248,1250,2,0,-2
mv U code=0 aligned=1 homed=- ms=119.0 U=3136,2119,7,1,-3 R=1091,1090,-1,0,-1 F=675,674,-1,3,-7 D=3505,3506,1,2,3 L=1249,1250,1,0,-1 B=1248,1250,2,0,-2
mv U code=0 aligned=1 homed=- ms=119.0 U=2123,1099,0,0,-3 R=1091,1090,-1,0,-1 F=675,674,-1,3,-7 D=3505,3506,1,2,3 L=1249,1250,1,0,-1 B=1248,1250,2,0,-2
mv U code=0 aligned=1 homed=- ms=119.0 U=1102,60,-18,3,-4 R=1091,1090,-1,0,-1 F=675,674,-1,3,-7 D=3505,3506,1,2,3 L=1249,1249,0,0,-2 B=1248,1250,2,0,-2
mv U code=0 aligned=1 homed=- ms=119.0 U=65,3131,-6,2,-1 R=1091,1090,-1,0,-1 F=675,674,-1,3,-7 D=3505,3506,1,2,3 L=1249,1250,1,0,-1 B=1248,1250,2,0,-2
mv U code=0 aligned=1 homed=- ms=119.0 U=3135,2119,8,1,-3 R=1091,1090,-1,0,-1 F=675,674,-1,3,-7 D=3505,3506,1,2,3 L=1249,1249,0,0,-2 B=1248,1250,2,0,-2
mv U code=0 aligned=1 homed=- ms=119.0 U=2123,1099,0,0,-3 R=1091,1090,-1,0,-1 F=675,674,-1,3,-7 D=3505,3506,1,2,3 L=1249,1250,1,0,-1 B=1248,1250,2,0,-2
mv U code=0 aligned=1 homed=- ms=119.0 U=1102,60,-18,3,-4 R=1091,1091,0,0,0 F=675,674,-1,3,-7 D=3505,3506,1,2,3 L=1249,1250,1,0,-1 B=1248,1250,2,0,-2
mv U code=0 aligned=1 homed=- ms=119.0 U=64,3131,-5,2,-1 R=1091,1090,-1,0,-1 F=675,674,-1,3,-7 D=3506,3506,0,2,3 L=1249,1250,1,0,-1 B=1248,1250,2,0,-2
mv U code=0 aligned=1 homed=- ms=119.0 U=3135,2119,8,1,-3 R=1091,1090,-1,0,-1 F=675,674,-1,3,-7 D=3505,3506,1,2,3 L=1249,1250,1,0,-1 B=1248,1250,2,0,-2
mv U code=0 aligned=1 homed=- ms=119.0 U=2123,1099,0,0,-3 R=1091,1090,-1,0,-1 F=675,674,-1,3,-7 D=3505,3506,1,2,3 L=1249,1250,1,0,-1 B=1248,1250,2,0,-2
mv U code=0 aligned=1 homed=- ms=119.0 U=1103,60,-19,3,-4 R=1091,1090,-1,0,-1 F=675,674,-1,3,-7 D=3505,3506,1,2,3 L=1249,1250,1,0,-1 B=1248,1250,2,0,-2
mv U code=0 aligned=1 homed=- ms=119.0 U=64,3131,-5,2,-1 R=1091,1090,-1,0,-1 F=675,674,-1,3,-7 D=3506,3506,0,2,3 L=1249,1250,1,0,-1 B=1248,1250,2,0,-2
mv U code=0 aligned=1 homed=- ms=119.0 U=3135,2119,8,1,-3 R=1091,1090,-1,0,-1 F=675,674,-1,3,-7 D=3505,3506,1,2,3 L=1249,1250,1,0,-1 B=1248,1250,2,0,-2
mv U code=0 aligned=1 homed=- ms=119.0 U=2123,1099,0,0,-3 R=1091,1090,-1,0,-1 F=675,674,-1,3,-7 D=3505,3506,1,2,3 L=1249,1250,1,0,-1 B=1248,1250,2,0,-2
mv U code=0 aligned=1 homed=- ms=119.0 U=1102,60,-18,3,-4 R=1091,1090,-1,0,-1 F=675,674,-1,3,-7 D=3506,3506,0,2,3 L=1249,1250,1,0,-1 B=1248,1250,2,0,-2
mv U code=0 aligned=1 homed=- ms=119.0 U=65,3131,-6,2,-1 R=1091,1090,-1,0,-1 F=675,674,-1,3,-7 D=3505,3506,1,2,3 L=1249,1250,1,0,-1 B=1248,1250,2,0,-2
mv U code=0 aligned=1 homed=- ms=119.0 U=3135,2119,8,1,-3 R=1091,1090,-1,0,-1 F=675,674,-1,3,-7 D=3505,3506,1,2,3 L=1249,1250,1,0,-1 B=1248,1250,2,0,-2
mv U code=0 aligned=1 homed=- ms=119.0 U=2123,1099,0,0,-3 R=1091,1090,-1,0,-1 F=675,674,-1,3,-7 D=3506,3506,0,2,3 L=1249,1250,1,0,-1 B=1248,1250,2,0,-2
mv U code=0 aligned=1 homed=- ms=119.0 U=1103,60,-19,3,-4 R=1091,1090,-1,0,-1 F=675,674,-1,3,-7 D=3506,3506,0,2,3 L=1249,1250,1,0,-1 B=1248,1250,2,0,-2
mv U code=0 aligned=1 homed=- ms=119.0 U=64,3131,-5,2,-1 R=1091,1090,-1,0,-1 F=675,674,-1,3,-7 D=3505,3506,1,2,3 L=1249,1250,1,0,-1 B=1248,1250,2,0,-2
mv U code=0 aligned=1 homed=- ms=119.0 U=3135,2119,8,1,-3 R=1091,1090,-1,0,-1 F=675,674,-1,3,-7 D=3506,3506,0,2,3 L=1249,1249,0,0,-2 B=1248,1250,2,0,-2
mv U code=0 aligned=1 homed=- ms=119.0 U=2123,1099,0,0,-3 R=1091,1091,0,0,0 F=675,674,-1,3,-7 D=3506,3506,0,2,3 L=1250,1250,0,0,-1 B=1248,1250,2,0,-2
mv U code=0 aligned=1 homed=- ms=119.0 U=1102,60,-18,3,-4 R=1091,1090,-1,0,-1 F=675,674,-1,3,-7 D=3505,3506,1,2,3 L=1250,1250,0,0,-1 B=1248,1250,2,0,-2
mv U code=0 aligned=1 homed=- ms=119.0 U=64,3131,-5,2,-1 R=1091,1090,-1,0,-1 F=675,674,-1,3,-7 D=3506,3506,0,2,3 L=1249,1250,1,0,-1 B=1249,1250,1,0,-2
mv U code=0 aligned=1 homed=- ms=119.0 U=3135,2119,8,1,-3 R=1091,1090,-1,0,-1 F=675,674,-1,3,-7 D=3505,3506,1,2,3 L=1249,1250,1,0,-1 B=1248,1250,2,0,-2
mv U code=0 aligned=1 homed=- ms=119.0 U=2123,1099,0,0,-3 R=1091,1090,-1,0,-1 F=675,674,-1,3,-7 D=3505,3505,0,2,2 L=1249,1250,1,0,-1 B=1248,1250,2,0,-2
mv U code=0 aligned=1 homed=- ms=119.0 U=1103,60,-19,3,-4 R=1091,1090,-1,0,-1 F=675,674,-1,3,-7 D=3505,3506,1,2,3 L=1249,1250,1,0,-1 B=1248,1250,2,0,-2
mv U code=0 aligned=1 homed=- ms=119.0 U=65,3131,-6,2,-1 R=1091,1090,-1,0,-1 F=675,674,-1,3,-7 D=3506,3506,0,2,3 L=1249,1250,1,0,-1 B=1248,1250,2,0,-2
mv U code=0 aligned=1 homed=- ms=119.0 U=3135,2119,8,1,-3 R=1091,1090,-1,0,-1 F=675,674,-1,3,-7 D=3505,3506,1,2,3 L=1249,1250,1,0,-1 B=1248,1250,2,0,-2
mv U code=0 aligned=1 homed=- ms=119.0 U=2123,1099,0,0,-3 R=1091,1090,-1,0,-1 F=675,674,-1,3,-7 D=3505,3506,1,2,3 L=1249,1250,1,0,-1 B=1248,1250,2,0,-2
mv U code=0 aligned=1 homed=- ms=119.0 U=1102,60,-18,3,-4 R=1091,1090,-1,0,-1 F=675,674,-1,3,-7 D=3505,3505,0,2,2 L=1249,1250,1,0,-1 B=1249,1250,1,0,-2
mv U code=0 aligned=1 homed=- ms=119.0 U=65,3131,-6,2,-1 R=1091,1090,-1,0,-1 F=675,674,-1,3,-7 D=3506,3506,0,2,3 L=1249,1250,1,0,-1 B=1248,1250,2,0,-2
mv U code=0 aligned=1 homed=- ms=119.0 U=3135,2119,8,1,-3 R=1091,1090,-1,0,-1 F=675,674,-1,3,-7 D=3505,3506,1,2,3 L=1249,1250,1,0,-1 B=1248,1250,2,0,-2
mv U code=0 aligned=1 homed=- ms=119.0 U=2123,1099,0,0,-3 R=1091,1090,-1,0,-1 F=675,674,-1,3,-7 D=3505,3506,1,2,3 L=1249,1250,1,0,-1 B=1249,1250,1,0,-2
mv U code=0 aligned=1 homed=- ms=119.0 U=1103,60,-19,3,-4 R=1091,1090,-1,0,-1 F=675,674,-1,3,-7 D=3505,3505,0,2,2 L=1250,1250,0,0,-1 B=1248,1250,2,0,-2
mv U code=0 aligned=1 homed=- ms=119.0 U=64,3131,-5,2,-1 R=1091,1090,-1,0,-1 F=675,674,-1,3,-7 D=3505,3506,1,2,3 L=1249,1250,1,0,-1 B=1248,1250,2,0,-2
mv U code=0 aligned=1 homed=- ms=119.0 U=3135,2119,8,1,-3 R=1091,1090,-1,0,-1 F=675,674,-1,3,-7 D=3506,3505,-1,2,2 L=1249,1250,1,0,-1 B=1248,1250,2,0,-2
mv U code=0 aligned=1 homed=- ms=119.0 U=2123,1099,0,0,-3 R=1091,1090,-1,0,-1 F=675,674,-1,3,-7 D=3505,3505,0,2,2 L=1249,1250,1,0,-1 B=1248,1250,2,0,-2
mv U code=0 aligned=1 homed=- ms=119.0 U=1103,60,-19,3,-4 R=1091,1090,-1,0,-1 F=675,674,-1,3,-7 D=3505,3505,0,2,2 L=1249,1249,0,0,-2 B=1248,1250,2,0,-2
mv U code=0 aligned=1 homed=- ms=119.0 U=64,3131,-5,2,-1 R=1091,1090,-1,0,-1 F=675,673,-2,3,-8 D=3505,3506,1,2,3 L=1249,1250,1,0,-1 B=1248,1250,2,0,-2
mv U code=0 aligned=1 homed=- ms=119.0 U=3135,2119,8,1,-3 R=1091,1090,-1,0,-1 F=675,674,-1,3,-7 D=3505,3506,1,2,3 L=1249,1250,1,0,-1 B=1248,1250,2,0,-2
mv U code=0 aligned=1 homed=- ms=119.0 U=2123,1099,0,0,-3 R=1091,1090,-1,0,-1 F=675,674,-1,3,-7 D=3505,3505,0,2,2 L=1250,1250,0,0,-1 B=1248,1250,2,0,-2
mv U code=0 aligned=1 homed=- ms=119.0 U=1103,60,-19,3,-4 R=1091,1090,-1,0,-1 F=675,674,-1,3,-7 D=3506,3506,0,2,3 L=1249,1250,1,0,-1 B=1248,1250,2,0,-2
mv U code=0 aligned=1 homed=- ms=119.0 U=64,3131,-5,2,-1 R=1091,1090,-1,0,-1 F=675,674,-1,3,-7 D=3506,3506,0,2,3 L=1249,1250,1,0,-1 B=1248,1250,2,0,-2
mv U code=0 aligned=1 homed=- ms=119.0 U=3135,2119,8,1,-3 R=1091,1090,-1,0,-1 F=675,674,-1,3,-7 D=3505,3506,1,2,3 L=1249,1250,1,0,-1 B=1248,1250,2,0,-2
mv U code=0 aligned=1 homed=- ms=119.0 U=2123,1098,-1,0,-4 R=1091,1090,-1,0,-1 F=675,674,-1,3,-7 D=3506,3506,0,2,3 L=1249,1250,1,0,-1 B=1248,1250,2,0,-2
mv U code=0 aligned=1 homed=- ms=119.0 U=1103,60,-19,3,-4 R=1091,1090,-1,0,-1 F=675,674,-1,3,-7 D=3505,3506,1,2,3 L=1249,1250,1,0,-1 B=1248,1250,2,0,-2
mv U code=0 aligned=1 homed=- ms=119.0 U=64,3131,-5,2,-1 R=1091,1090,-1,0,-1 F=675,674,-1,3,-7 D=3505,3505,0,2,2 L=1249,1250,1,0,-1 B=1248,1250,2,0,-2
rep moves=200 notaligned=0 homings=0 failures=0 avgms=119.0
res U=200,-4.0,10.4,19 R=- F=- D=- L=- B=-
ok
> home
[align] motor 0 err=3 counts (0.3 steps)
[align] motor 1 err=0 counts (0.0 steps)
[align] motor 2 err=-7 counts (-0.7 steps)
[align] motor 3 err=2 counts (0.2 steps)
[align] motor 4 err=-3 counts (-0.3 steps)
[align] motor 5 err=-6 counts (-0.6 steps)
home code=0 ms=6 en=0
enc U=3131 R=1090 F=674 D=3506 L=1250 B=1249 RING=2768
near U=2:-1 R=0:-1 F=3:-7 D=2:3 L=0:-1 B=0:-3
ok
> enc
enc U=3135 R=1091 F=674 D=3505 L=1249 B=1249 RING=2768
near U=2:3 R=0:0 F=3:-7 D=2:2 L=0:-2 B=0:-3
ok
> rep 100 U U'
mv U code=0 aligned=1 homed=- ms=119.0 U=3136,2119,7,1,-3 R=1091,1090,-1,0,-1 F=675,674,-1,3,-7 D=3505,3506,1,2,3 L=1249,1249,0,0,-2 B=1248,1250,2,0,-2
mv U' code=0 aligned=1 homed=- ms=119.0 U=2123,3132,-15,2,0 R=1091,1090,-1,0,-1 F=675,674,-1,3,-7 D=3505,3506,1,2,3 L=1249,1250,1,0,-1 B=1248,1250,2,0,-2
mv U code=0 aligned=1 homed=- ms=119.0 U=3134,2119,9,1,-3 R=1091,1091,0,0,0 F=675,674,-1,3,-7 D=3505,3505,0,2,2 L=1249,1250,1,0,-1 B=1248,1250,2,0,-2
mv U' code=0 aligned=1 homed=- ms=119.0 U=2123,3132,-15,2,0 R=1091,1090,-1,0,-1 F=675,674,-1,3,-7 D=3505,3506,1,2,3 L=1250,1250,0,0,-1 B=1248,1250,2,0,-2
mv U code=0 aligned=1 homed=- ms=119.0 U=3135,2119,8,1,-3 R=1091,1090,-1,0,-1 F=675,674,-1,3,-7 D=3505,3506,1,2,3 L=1249,1250,1,0,-1 B=1248,1250,2,0,-2
mv U' code=0 aligned=1 homed=- ms=119.0 U=2123,3132,-15,2,0 R=1091,1090,-1,0,-1 F=675,674,-1,3,-7 D=3505,3506,1,2,3 L=1249,1250,1,0,-1 B=1248,1250,2,0,-2
mv U code=0 aligned=1 homed=- ms=119.0 U=3135,2119,8,1,-3 R=1091,1090,-1,0,-1 F=675,674,-1,3,-7 D=3505,3506,1,2,3 L=1249,1250,1,0,-1 B=1248,1250,2,0,-2
mv U' code=0 aligned=1 homed=- ms=119.0 U=2123,3132,-15,2,0 R=1091,1090,-1,0,-1 F=675,674,-1,3,-7 D=3506,3506,0,2,3 L=1249,1250,1,0,-1 B=1248,1250,2,0,-2
mv U code=0 aligned=1 homed=- ms=119.0 U=3134,2119,9,1,-3 R=1091,1090,-1,0,-1 F=675,674,-1,3,-7 D=3506,3506,0,2,3 L=1249,1250,1,0,-1 B=1248,1250,2,0,-2
mv U' code=0 aligned=1 homed=- ms=119.0 U=2123,3132,-15,2,0 R=1091,1090,-1,0,-1 F=675,674,-1,3,-7 D=3505,3506,1,2,3 L=1249,1250,1,0,-1 B=1248,1250,2,0,-2
mv U code=0 aligned=1 homed=- ms=119.0 U=3134,2119,9,1,-3 R=1091,1090,-1,0,-1 F=675,674,-1,3,-7 D=3505,3506,1,2,3 L=1249,1250,1,0,-1 B=1248,1250,2,0,-2
mv U' code=0 aligned=1 homed=- ms=119.0 U=2123,3132,-15,2,0 R=1091,1090,-1,0,-1 F=675,674,-1,3,-7 D=3505,3506,1,2,3 L=1249,1250,1,0,-1 B=1248,1250,2,0,-2
mv U code=0 aligned=1 homed=- ms=119.0 U=3134,2119,9,1,-3 R=1091,1090,-1,0,-1 F=675,674,-1,3,-7 D=3505,3506,1,2,3 L=1249,1250,1,0,-1 B=1248,1250,2,0,-2
mv U' code=0 aligned=1 homed=- ms=119.0 U=2123,3132,-15,2,0 R=1091,1090,-1,0,-1 F=675,674,-1,3,-7 D=3505,3505,0,2,2 L=1249,1250,1,0,-1 B=1248,1250,2,0,-2
mv U code=0 aligned=1 homed=- ms=119.0 U=3134,2119,9,1,-3 R=1091,1090,-1,0,-1 F=675,674,-1,3,-7 D=3505,3506,1,2,3 L=1249,1250,1,0,-1 B=1248,1250,2,0,-2
mv U' code=0 aligned=1 homed=- ms=119.0 U=2123,3132,-15,2,0 R=1091,1090,-1,0,-1 F=675,674,-1,3,-7 D=3505,3506,1,2,3 L=1249,1250,1,0,-1 B=1248,1250,2,0,-2
mv U code=0 aligned=1 homed=- ms=119.0 U=3135,2118,7,1,-4 R=1091,1090,-1,0,-1 F=675,674,-1,3,-7 D=3506,3506,0,2,3 L=1249,1250,1,0,-1 B=1248,1250,2,0,-2
mv U' code=0 aligned=1 homed=- ms=119.0 U=2123,3132,-15,2,0 R=1091,1090,-1,0,-1 F=675,674,-1,3,-7 D=3505,3506,1,2,3 L=1249,1250,1,0,-1 B=1248,1250,2,0,-2
mv U code=0 aligned=1 homed=- ms=119.0 U=3134,2118,8,1,-4 R=1091,1091,0,0,0 F=675,674,-1,3,-7 D=3505,3506,1,2,3 L=1249,1250,1,0,-1 B=1248,1250,2,0,-2
mv U' code=0 aligned=1 homed=- ms=119.0 U=2123,3132,-15,2,0 R=1091,1090,-1,0,-1 F=675,674,-1,3,-7 D=3505,3505,0,2,2 L=1249,1250,1,0,-1 B=1249,1250,1,0,-2
mv U code=0 aligned=1 homed=- ms=119.0 U=3135,2118,7,1,-4 R=1091,1090,-1,0,-1 F=675,674,-1,3,-7 D=3505,3506,1,2,3 L=1249,1250,1,0,-1 B=1248,1250,2,0,-2
mv U' code=0 aligned=1 homed=- ms=119.0 U=2123,3132,-15,2,0 R=1091,1090,-1,0,-1 F=675,674,-1,3,-7 D=3505,3506,1,2,3 L=1250,1250,0,0,-1 B=1248,1250,2,0,-2
mv U code=0 aligned=1 homed=- ms=119.0 U=3134,2119,9,1,-3 R=1091,1090,-1,0,-1 F=675,674,-1,3,-7 D=3505,3506,1,2,3 L=1249,1250,1,0,-1 B=1248,1250,2,0,-2
mv U' code=0 aligned=1 homed=- ms=119.0 U=2123,3132,-15,2,0 R=1091,1090,-1,0,-1 F=675,674,-1,3,-7 D=3505,3506,1,2,3 L=1249,1250,1,0,-1 B=1248,1250,2,0,-2
mv U code=0 aligned=1 homed=- ms=119.0 U=3135,2118,7,1,-4 R=1091,1090,-1,0,-1 F=675,674,-1,3,-7 D=3505,3506,1,2,3 L=1249,1250,1,0,-1 B=1248,1250,2,0,-2
mv U' code=0 aligned=1 homed=- ms=119.0 U=2123,3132,-15,2,0 R=1091,1090,-1,0,-1 F=675,674,-1,3,-7 D=3505,3506,1,2,3 L=1249,1250,1,0,-1 B=1249,1250,1,0,-2
mv U code=0 aligned=1 homed=- ms=119.0 U=3134,2119,9,1,-3 R=1091,1090,-1,0,-1 F=675,674,-1,3,-7 D=3505,3506,1,2,3 L=1249,1250,1,0,-1 B=1248,1250,2,0,-2
mv U' code=0 aligned=1 homed=- ms=119.0 U=2123,3132,-15,2,0 R=1091,1090,-1,0,-1 F=675,674,-1,3,-7 D=3505,3506,1,2,3 L=1249,1250,1,0,-1 B=1248,1250,2,0,-2
mv U code=0 aligned=1 homed=- ms=119.0 U=3135,2119,8,1,-3 R=1091,1090,-1,0,-1 F=675,674,-1,3,-7 D=3506,3506,0,2,3 L=1249,1250,1,0,-1 B=1248,1250,2,0,-2
mv U' code=0 aligned=1 homed=- ms=119.0 U=2123,3132,-15,2,0 R=1091,1090,-1,0,-1 F=675,673,-2,3,-8 D=3505,3506,1,2,3 L=1249,1250,1,0,-1 B=1248,1250,2,0,-2
mv U code=0 aligned=1 homed=- ms=119.0 U=3134,2119,9,1,-3 R=1091,1090,-1,0,-1 F=675,674,-1,3,-7 D=3505,3506,1,2,3 L=1249,1250,1,0,-1 B=1248,1250,2,0,-2
mv U' code=0 aligned=1 homed=- ms=119.0 U=2123,3132,-15,2,0 R=1091,1090,-1,0,-1 F=675,674,-1,3,-7 D=3505,3506,1,2,3 L=1249,1250,1,0,-1 B=1248,1250,2,0,-2
mv U code=0 aligned=1 homed=- ms=119.0 U=3135,2118,7,1,-4 R=1091,1090,-1,0,-1 F=675,674,-1,3,-7 D=3505,3506,1,2,3 L=1249,1249,0,0,-2 B=1248,1250,2,0,-2
mv U' code=0 aligned=1 homed=- ms=119.0 U=2123,3132,-15,2,0 R=1091,1090,-1,0,-1 F=675,674,-1,3,-7 D=3505,3506,1,2,3 L=1249,1250,1,0,-1 B=1248,1250,2,0,-2
mv U code=0 aligned=1 homed=- ms=119.0 U=3135,2119,8,1,-3 R=1091,1090,-1,0,-1 F=675,674,-1,3,-7 D=3505,3506,1,2,3 L=1249,1250,1,0,-1 B=1248,1250,2,0,-2
mv U' code=0 aligned=1 homed=- ms=119.0 U=2123,3132,-15,2,0 R=1091,1090,-1,0,-1 F=675,674,-1,3,-7 D=3506,3506,0,2,3 L=1249,1250,1,0,-1 B=1248,1250,2,0,-2
mv U code=0 aligned=1 homed=- ms=119.0 U=3135,2118,7,1,-4 R=1091,1090,-1,0,-1 F=675,674,-1,3,-7 D=3505,3506,1,2,3 L=1249,1250,1,0,-1 B=1248,1250,2,0,-2
mv U' code=0 aligned=1 homed=- ms=119.0 U=2123,3132,-15,2,0 R=1091,1090,-1,0,-1 F=675,674,-1,3,-7 D=3505,3506,1,2,3 L=1250,1250,0,0,-1 B=1248,1250,2,0,-2
mv U code=0 aligned=1 homed=- ms=119.0 U=3134,2118,8,1,-4 R=1091,1090,-1,0,-1 F=675,674,-1,3,-7 D=3506,3506,0,2,3 L=1249,1250,1,0,-1 B=1248,1250,2,0,-2
mv U' code=0 aligned=1 homed=- ms=119.0 U=2123,3132,-15,2,0 R=1091,1090,-1,0,-1 F=675,674,-1,3,-7 D=3505,3506,1,2,3 L=1249,1250,1,0,-1 B=1248,1250,2,0,-2
mv U code=0 aligned=1 homed=- ms=119.0 U=3134,2119,9,1,-3 R=1091,1090,-1,0,-1 F=675,674,-1,3,-7 D=3506,3506,0,2,3 L=1249,1250,1,0,-1 B=1248,1250,2,0,-2
mv U' code=0 aligned=1 homed=- ms=119.0 U=2123,3132,-15,2,0 R=1091,1090,-1,0,-1 F=675,674,-1,3,-7 D=3505,3506,1,2,3 L=1249,1250,1,0,-1 B=1248,1249,1,0,-3
mv U code=0 aligned=1 homed=- ms=119.0 U=3134,2118,8,1,-4 R=1091,1090,-1,0,-1 F=675,674,-1,3,-7 D=3505,3506,1,2,3 L=1249,1250,1,0,-1 B=1248,1250,2,0,-2
mv U' code=0 aligned=1 homed=- ms=119.0 U=2123,3132,-15,2,0 R=1091,1090,-1,0,-1 F=675,674,-1,3,-7 D=3505,3506,1,2,3 L=1249,1249,0,0,-2 B=1249,1249,0,0,-3
mv U code=0 aligned=1 homed=- ms=119.0 U=3134,2119,9,1,-3 R=1091,1090,-1,0,-1 F=675,674,-1,3,-7 D=3506,3506,0,2,3 L=1249,1250,1,0,-1 B=1248,1250,2,0,-2
mv U' code=0 aligned=1 homed=- ms=119.0 U=2123,3132,-15,2,0 R=1091,1090,-1,0,-1 F=675,674,-1,3,-7 D=3506,3506,0,2,3 L=1249,1250,1,0,-1 B=1248,1250,2,0,-2
mv U code=0 aligned=1 homed=- ms=119.0 U=3135,2119,8,1,-3 R=1091,1090,-1,0,-1 F=675,674,-1,3,-7 D=3505,3505,0,2,2 L=1249,1250,1,0,-1 B=1248,1250,2,0,-2
mv U' code=0 aligned=1 homed=- ms=119.0 U=2122,3132,-14,2,0 R=1091,1090,-1,0,-1 F=675,674,-1,3,-7 D=3505,3506,1,2,3 L=1249,1250,1,0,-1 B=1248,1250,2,0,-2
mv U code=0 aligned=1 homed=- ms=119.0 U=3134,2119,9,1,-3 R=1091,1090,-1,0,-1 F=675,674,-1,3,-7 D=3505,3506,1,2,3 L=1249,1250,1,0,-1 B=1248,1250,2,0,-2
mv U' code=0 aligned=1 homed=- ms=119.0 U=2123,3132,-15,2,0 R=1091,1090,-1,0,-1 F=675,674,-1,3,-7 D=3505,3506,1,2,3 L=1249,1250,1,0,-1 B=1248,1250,2,0,-2
mv U code=0 aligned=1 homed=- ms=119.0 U=3134,2119,9,1,-3 R=1091,1090,-1,0,-1 F=675,674,-1,3,-7 D=3506,3506,0,2,3 L=1249,1250,1,0,-1 B=1248,1250,2,0,-2
mv U' code=0 aligned=1 homed=- ms=119.0 U=2123,3133,-14,2,1 R=1091,1090,-1,0,-1 F=675,674,-1,3,-7 D=3505,3506,1,2,3 L=1249,1250,1,0,-1 B=1248,1250,2,0,-2
mv U code=0 aligned=1 homed=- ms=119.0 U=3135,2118,7,1,-4 R=1091,1090,-1,0,-1 F=675,674,-1,3,-7 D=3505,3506,1,2,3 L=1249,1250,1,0,-1 B=1248,1250,2,0,-2
mv U' code=0 aligned=1 homed=- ms=119.0 U=2123,3132,-15,2,0 R=1091,1090,-1,0,-1 F=675,674,-1,3,-7 D=3506,3506,0,2,3 L=1249,1250,1,0,-1 B=1248,1250,2,0,-2
mv U code=0 aligned=1 homed=- ms=119.0 U=3135,2119,8,1,-3 R=1091,1090,-1,0,-1 F=675,674,-1,3,-7 D=3505,3506,1,2,3 L=1249,1250,1,0,-1 B=1248,1250,2,0,-2
mv U' code=0 aligned=1 homed=- ms=119.0 U=2123,3132,-15,2,0 R=1091,1090,-1,0,-1 F=675,674,-1,3,-7 D=3505,3506,1,2,3 L=1249,1250,1,0,-1 B=1249,1250,1,0,-2
mv U code=0 aligned=1 homed=- ms=119.0 U=3134,2118,8,1,-4 R=1091,1090,-1,0,-1 F=675,674,-1,3,-7 D=3505,3506,1,2,3 L=1249,1250,1,0,-1 B=1248,1250,2,0,-2
mv U' code=0 aligned=1 homed=- ms=119.0 U=2122,3132,-14,2,0 R=1091,1090,-1,0,-1 F=675,674,-1,3,-7 D=3505,3506,1,2,3 L=1249,1250,1,0,-1 B=1248,1250,2,0,-2
mv U code=0 aligned=1 homed=- ms=119.0 U=3135,2119,8,1,-3 R=1091,1090,-1,0,-1 F=675,674,-1,3,-7 D=3505,3506,1,2,3 L=1250,1250,0,0,-1 B=1248,1250,2,0,-2
mv U' code=0 aligned=1 homed=- ms=119.0 U=2123,3132,-15,2,0 R=1091,1090,-1,0,-1 F=675,674,-1,3,-7 D=3505,3505,0,2,2 L=1249,1250,1,0,-1 B=1248,1250,2,0,-2
mv U code=0 aligned=1 homed=- ms=119.0 U=3134,2118,8,1,-4 R=1091,1090,-1,0,-1 F=675,674,-1,3,-7 D=3506,3506,0,2,3 L=1249,1250,1,0,-1 B=1248,1250,2,0,-2
mv U' code=0 aligned=1 homed=- ms=119.0 U=2123,3132,-15,2,0 R=1091,1090,-1,0,-1 F=675,674,-1,3,-7 D=3505,3506,1,2,3 L=1250,1250,0,0,-1 B=1248,1250,2,0,-2
mv U code=0 aligned=1 homed=- ms=119.0 U=3134,2119,9,1,-3 R=1091,1090,-1,0,-1 F=675,674,-1,3,-7 D=3505,3506,1,2,3 L=1249,1250,1,0,-1 B=1248,1250,2,0,-2
mv U' code=0 aligned=1 homed=- ms=119.0 U=2123,3132,-15,2,0 R=1091,1090,-1,0,-1 F=675,673,-2,3,-8 D=3506,3505,-1,2,2 L=1249,1250,1,0,-1 B=1248,1250,2,0,-2
mv U code=0 aligned=1 homed=- ms=119.0 U=3135,2118,7,1,-4 R=1091,1090,-1,0,-1 F=675,674,-1,3,-7 D=3505,3505,0,2,2 L=1249,1250,1,0,-1 B=1248,1250,2,0,-2
mv U' code=0 aligned=1 homed=- ms=119.0 U=2123,3132,-15,2,0 R=1091,1090,-1,0,-1 F=675,674,-1,3,-7 D=3505,3506,1,2,3 L=1249,1250,1,0,-1 B=1248,1250,2,0,-2
mv U code=0 aligned=1 homed=- ms=119.0 U=3135,2118,7,1,-4 R=1091,1090,-1,0,-1 F=675,674,-1,3,-7 D=3505,3506,1,2,3 L=1249,1250,1,0,-1 B=1248,1250,2,0,-2
mv U' code=0 aligned=1 homed=- ms=119.0 U=2123,3132,-15,2,0 R=1091,1090,-1,0,-1 F=675,674,-1,3,-7 D=3505,3506,1,2,3 L=1249,1250,1,0,-1 B=1248,1250,2,0,-2
mv U code=0 aligned=1 homed=- ms=119.0 U=3134,2118,8,1,-4 R=1091,1090,-1,0,-1 F=675,674,-1,3,-7 D=3505,3506,1,2,3 L=1249,1250,1,0,-1 B=1248,1250,2,0,-2
mv U' code=0 aligned=1 homed=- ms=119.0 U=2123,3132,-15,2,0 R=1091,1090,-1,0,-1 F=675,674,-1,3,-7 D=3505,3506,1,2,3 L=1249,1250,1,0,-1 B=1248,1250,2,0,-2
mv U code=0 aligned=1 homed=- ms=119.0 U=3135,2119,8,1,-3 R=1091,1090,-1,0,-1 F=675,674,-1,3,-7 D=3506,3506,0,2,3 L=1249,1250,1,0,-1 B=1248,1250,2,0,-2
mv U' code=0 aligned=1 homed=- ms=119.0 U=2123,3132,-15,2,0 R=1091,1090,-1,0,-1 F=675,673,-2,3,-8 D=3505,3506,1,2,3 L=1249,1250,1,0,-1 B=1248,1250,2,0,-2
mv U code=0 aligned=1 homed=- ms=119.0 U=3135,2119,8,1,-3 R=1091,1090,-1,0,-1 F=675,674,-1,3,-7 D=3506,3506,0,2,3 L=1249,1250,1,0,-1 B=1248,1250,2,0,-2
mv U' code=0 aligned=1 homed=- ms=119.0 U=2123,3132,-15,2,0 R=1091,1090,-1,0,-1 F=675,674,-1,3,-7 D=3505,3506,1,2,3 L=1249,1250,1,0,-1 B=1248,1250,2,0,-2
mv U code=0 aligned=1 homed=- ms=119.0 U=3134,2118,8,1,-4 R=1091,1090,-1,0,-1 F=675,674,-1,3,-7 D=3505,3506,1,2,3 L=1249,1250,1,0,-1 B=1248,1250,2,0,-2
mv U' code=0 aligned=1 homed=- ms=119.0 U=2123,3132,-15,2,0 R=1091,1090,-1,0,-1 F=675,674,-1,3,-7 D=3506,3506,0,2,3 L=1250,1250,0,0,-1 B=1248,1250,2,0,-2
mv U code=0 aligned=1 homed=- ms=119.0 U=3134,2119,9,1,-3 R=1091,1090,-1,0,-1 F=675,674,-1,3,-7 D=3505,3506,1,2,3 L=1249,1250,1,0,-1 B=1248,1250,2,0,-2
mv U' code=0 aligned=1 homed=- ms=119.0 U=2123,3132,-15,2,0 R=1091,1090,-1,0,-1 F=675,674,-1,3,-7 D=3506,3505,-1,2,2 L=1250,1250,0,0,-1 B=1248,1250,2,0,-2
mv U code=0 aligned=1 homed=- ms=119.0 U=3135,2119,8,1,-3 R=1091,1090,-1,0,-1 F=675,674,-1,3,-7 D=3505,3506,1,2,3 L=1249,1250,1,0,-1 B=1248,1250,2,0,-2
mv U' code=0 aligned=1 homed=- ms=119.0 U=2123,3132,-15,2,0 R=1091,1090,-1,0,-1 F=675,673,-2,3,-8 D=3505,3506,1,2,3 L=1249,1250,1,0,-1 B=1248,1250,2,0,-2
mv U code=0 aligned=1 homed=- ms=119.0 U=3134,2119,9,1,-3 R=1091,1090,-1,0,-1 F=675,674,-1,3,-7 D=3505,3505,0,2,2 L=1249,1250,1,0,-1 B=1248,1250,2,0,-2
mv U' code=0 aligned=1 homed=- ms=119.0 U=2123,3132,-15,2,0 R=1091,1090,-1,0,-1 F=675,674,-1,3,-7 D=3505,3506,1,2,3 L=1249,1250,1,0,-1 B=1248,1250,2,0,-2
mv U code=0 aligned=1 homed=- ms=119.0 U=3135,2119,8,1,-3 R=1091,1090,-1,0,-1 F=675,674,-1,3,-7 D=3505,3506,1,2,3 L=1249,1250,1,0,-1 B=1248,1250,2,0,-2
mv U' code=0 aligned=1 homed=- ms=119.0 U=2123,3132,-15,2,0 R=1091,1090,-1,0,-1 F=675,674,-1,3,-7 D=3506,3506,0,2,3 L=1249,1250,1,0,-1 B=1248,1250,2,0,-2
mv U code=0 aligned=1 homed=- ms=119.0 U=3135,2119,8,1,-3 R=1091,1090,-1,0,-1 F=675,674,-1,3,-7 D=3505,3506,1,2,3 L=1249,1250,1,0,-1 B=1248,1250,2,0,-2
mv U' code=0 aligned=1 homed=- ms=119.0 U=2123,3132,-15,2,0 R=1091,1090,-1,0,-1 F=675,674,-1,3,-7 D=3505,3506,1,2,3 L=1249,1250,1,0,-1 B=1248,1250,2,0,-2
mv U code=0 aligned=1 homed=- ms=119.0 U=3134,2119,9,1,-3 R=1091,1090,-1,0,-1 F=675,674,-1,3,-7 D=3505,3506,1,2,3 L=1250,1250,0,0,-1 B=1248,1250,2,0,-2
mv U' code=0 aligned=1 homed=- ms=119.0 U=2123,3132,-15,2,0 R=1091,1090,-1,0,-1 F=675,674,-1,3,-7 D=3505,3506,1,2,3 L=1249,1250,1,0,-1 B=1248,1250,2,0,-2
mv U code=0 aligned=1 homed=- ms=119.0 U=3135,2119,8,1,-3 R=1091,1091,0,0,0 F=675,674,-1,3,-7 D=3506,3506,0,2,3 L=1250,1249,-1,0,-2 B=1248,1250,2,0,-2
mv U' code=0 aligned=1 homed=- ms=119.0 U=2123,3132,-15,2,0 R=1091,1090,-1,0,-1 F=675,674,-1,3,-7 D=3505,3506,1,2,3 L=1249,1250,1,0,-1 B=1249,1250,1,0,-2
mv U code=0 aligned=1 homed=- ms=119.0 U=3134,2119,9,1,-3 R=1091,1090,-1,0,-1 F=675,674,-1,3,-7 D=3506,3505,-1,2,2 L=1250,1250,0,0,-1 B=1248,1250,2,0,-2
mv U' code=0 aligned=1 homed=- ms=119.0 U=2123,3132,-15,2,0 R=1091,1090,-1,0,-1 F=675,674,-1,3,-7 D=3505,3506,1,2,3 L=1249,1250,1,0,-1 B=1248,1250,2,0,-2
mv U code=0 aligned=1 homed=- ms=119.0 U=3134,2119,9,1,-3 R=1091,1090,-1,0,-1 F=675,674,-1,3,-7 D=3506,3506,0,2,3 L=1249,1250,1,0,-1 B=1248,1250,2,0,-2
mv U' code=0 aligned=1 homed=- ms=119.0 U=2123,3132,-15,2,0 R=1091,1090,-1,0,-1 F=675,674,-1,3,-7 D=3505,3506,1,2,3 L=1249,1250,1,0,-1 B=1248,1250,2,0,-2
mv U code=0 aligned=1 homed=- ms=119.0 U=3134,2118,8,1,-4 R=1091,1090,-1,0,-1 F=675,674,-1,3,-7 D=3506,3506,0,2,3 L=1250,1249,-1,0,-2 B=1248,1250,2,0,-2
mv U' code=0 aligned=1 homed=- ms=119.0 U=2123,3132,-15,2,0 R=1091,1090,-1,0,-1 F=675,674,-1,3,-7 D=3506,3505,-1,2,2 L=1249,1250,1,0,-1 B=1248,1250,2,0,-2
mv U code=0 aligned=1 homed=- ms=119.0 U=3134,2119,9,1,-3 R=1091,1090,-1,0,-1 F=675,674,-1,3,-7 D=3505,3506,1,2,3 L=1249,1250,1,0,-1 B=1248,1250,2,0,-2
mv U' code=0 aligned=1 homed=- ms=119.0 U=2123,3132,-15,2,0 R=1091,1090,-1,0,-1 F=675,674,-1,3,-7 D=3505,3506,1,2,3 L=1249,1250,1,0,-1 B=1248,1250,2,0,-2
mv U code=0 aligned=1 homed=- ms=119.0 U=3134,2119,9,1,-3 R=1091,1090,-1,0,-1 F=675,674,-1,3,-7 D=3505,3506,1,2,3 L=1249,1249,0,0,-2 B=1248,1250,2,0,-2
mv U' code=0 aligned=1 homed=- ms=119.0 U=2123,3132,-15,2,0 R=1091,1090,-1,0,-1 F=675,674,-1,3,-7 D=3505,3506,1,2,3 L=1249,1250,1,0,-1 B=1249,1250,1,0,-2
mv U code=0 aligned=1 homed=- ms=119.0 U=3135,2119,8,1,-3 R=1091,1091,0,0,0 F=675,674,-1,3,-7 D=3505,3506,1,2,3 L=1249,1250,1,0,-1 B=1248,1250,2,0,-2
mv U' code=0 aligned=1 homed=- ms=119.0 U=2122,3132,-14,2,0 R=1091,1090,-1,0,-1 F=675,674,-1,3,-7 D=3506,3506,0,2,3 L=1249,1250,1,0,-1 B=1248,1250,2,0,-2
mv U code=0 aligned=1 homed=- ms=119.0 U=3135,2119,8,1,-3 R=1091,1090,-1,0,-1 F=675,674,-1,3,-7 D=3505,3505,0,2,2 L=1250,1250,0,0,-1 B=1248,1250,2,0,-2
mv U' code=0 aligned=1 homed=- ms=119.0 U=2123,3132,-15,2,0 R=1091,1090,-1,0,-1 F=675,674,-1,3,-7 D=3505,3506,1,2,3 L=1249,1250,1,0,-1 B=1249,1250,1,0,-2
mv U code=0 aligned=1 homed=- ms=119.0 U=3135,2119,8,1,-3 R=1091,1090,-1,0,-1 F=675,674,-1,3,-7 D=3506,3506,0,2,3 L=1249,1250,1,0,-1 B=1248,1250,2,0,-2
mv U' code=0 aligned=1 homed=- ms=119.0 U=2123,3132,-15,2,0 R=1091,1090,-1,0,-1 F=675,674,-1,3,-7 D=3505,3506,1,2,3 L=1249,1250,1,0,-1 B=1248,1250,2,0,-2
mv U code=0 aligned=1 homed=- ms=119.0 U=3134,2119,9,1,-3 R=1091,1090,-1,0,-1 F=675,674,-1,3,-7 D=3505,3506,1,2,3 L=1249,1250,1,0,-1 B=1248,1250,2,0,-2
mv U' code=0 aligned=1 homed=- ms=119.0 U=2123,3132,-15,2,0 R=1091,1090,-1,0,-1 F=675,674,-1,3,-7 D=3506,3506,0,2,3 L=1249,1249,0,0,-2 B=1248,1250,2,0,-2
mv U code=0 aligned=1 homed=- ms=119.0 U=3135,2119,8,1,-3 R=1091,1090,-1,0,-1 F=675,674,-1,3,-7 D=3505,3506,1,2,3 L=1249,1250,1,0,-1 B=1248,1250,2,0,-2
mv U' code=0 aligned=1 homed=- ms=119.0 U=2123,3132,-15,2,0 R=1091,1090,-1,0,-1 F=675,674,-1,3,-7 D=3505,3506,1,2,3 L=1249,1249,0,0,-2 B=1248,1250,2,0,-2
mv U code=0 aligned=1 homed=- ms=119.0 U=3134,2119,9,1,-3 R=1091,1090,-1,0,-1 F=675,674,-1,3,-7 D=3505,3505,0,2,2 L=1249,1250,1,0,-1 B=1248,1250,2,0,-2
mv U' code=0 aligned=1 homed=- ms=119.0 U=2123,3132,-15,2,0 R=1091,1090,-1,0,-1 F=675,674,-1,3,-7 D=3505,3505,0,2,2 L=1249,1250,1,0,-1 B=1248,1250,2,0,-2
mv U code=0 aligned=1 homed=- ms=119.0 U=3135,2119,8,1,-3 R=1091,1090,-1,0,-1 F=675,674,-1,3,-7 D=3505,3505,0,2,2 L=1249,1250,1,0,-1 B=1248,1250,2,0,-2
mv U' code=0 aligned=1 homed=- ms=119.0 U=2123,3132,-15,2,0 R=1091,1090,-1,0,-1 F=675,674,-1,3,-7 D=3505,3506,1,2,3 L=1249,1250,1,0,-1 B=1248,1250,2,0,-2
mv U code=0 aligned=1 homed=- ms=119.0 U=3135,2119,8,1,-3 R=1091,1090,-1,0,-1 F=675,674,-1,3,-7 D=3505,3506,1,2,3 L=1249,1250,1,0,-1 B=1248,1250,2,0,-2
mv U' code=0 aligned=1 homed=- ms=119.0 U=2123,3132,-15,2,0 R=1091,1090,-1,0,-1 F=675,674,-1,3,-7 D=3505,3505,0,2,2 L=1249,1250,1,0,-1 B=1249,1250,1,0,-2
mv U code=0 aligned=1 homed=- ms=119.0 U=3134,2119,9,1,-3 R=1091,1090,-1,0,-1 F=675,674,-1,3,-7 D=3505,3506,1,2,3 L=1249,1250,1,0,-1 B=1248,1250,2,0,-2
mv U' code=0 aligned=1 homed=- ms=119.0 U=2123,3132,-15,2,0 R=1091,1090,-1,0,-1 F=675,674,-1,3,-7 D=3505,3505,0,2,2 L=1250,1250,0,0,-1 B=1249,1250,1,0,-2
mv U code=0 aligned=1 homed=- ms=119.0 U=3135,2119,8,1,-3 R=1091,1090,-1,0,-1 F=675,674,-1,3,-7 D=3505,3505,0,2,2 L=1249,1250,1,0,-1 B=1248,1250,2,0,-2
mv U' code=0 aligned=1 homed=- ms=119.0 U=2123,3132,-15,2,0 R=1091,1090,-1,0,-1 F=675,674,-1,3,-7 D=3505,3505,0,2,2 L=1249,1250,1,0,-1 B=1248,1250,2,0,-2
mv U code=0 aligned=1 homed=- ms=119.0 U=3135,2119,8,1,-3 R=1091,1090,-1,0,-1 F=675,674,-1,3,-7 D=3505,3505,0,2,2 L=1249,1250,1,0,-1 B=1248,1250,2,0,-2
mv U' code=0 aligned=1 homed=- ms=119.0 U=2123,3132,-15,2,0 R=1091,1090,-1,0,-1 F=675,674,-1,3,-7 D=3505,3506,1,2,3 L=1249,1250,1,0,-1 B=1248,1250,2,0,-2
mv U code=0 aligned=1 homed=- ms=119.0 U=3135,2119,8,1,-3 R=1091,1090,-1,0,-1 F=675,674,-1,3,-7 D=3505,3506,1,2,3 L=1249,1250,1,0,-1 B=1249,1250,1,0,-2
mv U' code=0 aligned=1 homed=- ms=119.0 U=2123,3132,-15,2,0 R=1091,1090,-1,0,-1 F=675,674,-1,3,-7 D=3505,3506,1,2,3 L=1249,1250,1,0,-1 B=1248,1250,2,0,-2
mv U code=0 aligned=1 homed=- ms=119.0 U=3134,2119,9,1,-3 R=1091,1090,-1,0,-1 F=675,674,-1,3,-7 D=3505,3506,1,2,3 L=1249,1250,1,0,-1 B=1248,1250,2,0,-2
mv U' code=0 aligned=1 homed=- ms=119.0 U=2123,3132,-15,2,0 R=1091,1090,-1,0,-1 F=675,674,-1,3,-7 D=3505,3505,0,2,2 L=1249,1250,1,0,-1 B=1249,1250,1,0,-2
mv U code=0 aligned=1 homed=- ms=119.0 U=3134,2119,9,1,-3 R=1091,1090,-1,0,-1 F=675,674,-1,3,-7 D=3506,3506,0,2,3 L=1249,1250,1,0,-1 B=1248,1250,2,0,-2
mv U' code=0 aligned=1 homed=- ms=119.0 U=2123,3132,-15,2,0 R=1091,1090,-1,0,-1 F=675,674,-1,3,-7 D=3506,3505,-1,2,2 L=1249,1250,1,0,-1 B=1248,1250,2,0,-2
mv U code=0 aligned=1 homed=- ms=119.0 U=3134,2119,9,1,-3 R=1091,1090,-1,0,-1 F=675,674,-1,3,-7 D=3505,3506,1,2,3 L=1249,1250,1,0,-1 B=1248,1250,2,0,-2
mv U' code=0 aligned=1 homed=- ms=119.0 U=2123,3132,-15,2,0 R=1091,1090,-1,0,-1 F=675,674,-1,3,-7 D=3506,3506,0,2,3 L=1249,1250,1,0,-1 B=1249,1250,1,0,-2
mv U code=0 aligned=1 homed=- ms=119.0 U=3134,2119,9,1,-3 R=1091,1090,-1,0,-1 F=675,674,-1,3,-7 D=3505,3506,1,2,3 L=1250,1250,0,0,-1 B=1248,1250,2,0,-2
mv U' code=0 aligned=1 homed=- ms=119.0 U=2123,3132,-15,2,0 R=1091,1090,-1,0,-1 F=675,674,-1,3,-7 D=3505,3506,1,2,3 L=1249,1250,1,0,-1 B=1248,1250,2,0,-2
mv U code=0 aligned=1 homed=- ms=119.0 U=3134,2119,9,1,-3 R=1091,1090,-1,0,-1 F=675,674,-1,3,-7 D=3505,3506,1,2,3 L=1249,1250,1,0,-1 B=1248,1250,2,0,-2
mv U' code=0 aligned=1 homed=- ms=119.0 U=2123,3133,-14,2,1 R=1091,1090,-1,0,-1 F=675,674,-1,3,-7 D=3505,3506,1,2,3 L=1249,1250,1,0,-1 B=1248,1250,2,0,-2
mv U code=0 aligned=1 homed=- ms=119.0 U=3134,2119,9,1,-3 R=1091,1090,-1,0,-1 F=675,674,-1,3,-7 D=3506,3506,0,2,3 L=1249,1250,1,0,-1 B=1248,1250,2,0,-2
mv U' code=0 aligned=1 homed=- ms=119.0 U=2122,3132,-14,2,0 R=1091,1090,-1,0,-1 F=675,674,-1,3,-7 D=3505,3505,0,2,2 L=1249,1250,1,0,-1 B=1248,1250,2,0,-2
mv U code=0 aligned=1 homed=- ms=119.0 U=3134,2118,8,1,-4 R=1091,1090,-1,0,-1 F=675,674,-1,3,-7 D=3506,3506,0,2,3 L=1249,1250,1,0,-1 B=1248,1250,2,0,-2
mv U' code=0 aligned=1 homed=- ms=119.0 U=2123,3132,-15,2,0 R=1091,1090,-1,0,-1 F=675,674,-1,3,-7 D=3505,3505,0,2,2 L=1249,1250,1,0,-1 B=1248,1250,2,0,-2
mv U code=0 aligned=1 homed=- ms=119.0 U=3134,2119,9,1,-3 R=1091,1090,-1,0,-1 F=675,674,-1,3,-7 D=3505,3505,0,2,2 L=1249,1250,1,0,-1 B=1248,1250,2,0,-2
mv U' code=0 aligned=1 homed=- ms=119.0 U=2123,3132,-15,2,0 R=1091,1090,-1,0,-1 F=675,674,-1,3,-7 D=3505,3505,0,2,2 L=1250,1250,0,0,-1 B=1248,1250,2,0,-2
mv U code=0 aligned=1 homed=- ms=119.0 U=3134,2119,9,1,-3 R=1091,1090,-1,0,-1 F=675,674,-1,3,-7 D=3505,3506,1,2,3 L=1249,1250,1,0,-1 B=1248,1250,2,0,-2
mv U' code=0 aligned=1 homed=- ms=119.0 U=2123,3132,-15,2,0 R=1091,1090,-1,0,-1 F=675,674,-1,3,-7 D=3505,3506,1,2,3 L=1250,1250,0,0,-1 B=1248,1250,2,0,-2
mv U code=0 aligned=1 homed=- ms=119.0 U=3134,2119,9,1,-3 R=1091,1090,-1,0,-1 F=675,674,-1,3,-7 D=3505,3506,1,2,3 L=1249,1250,1,0,-1 B=1248,1250,2,0,-2
mv U' code=0 aligned=1 homed=- ms=119.0 U=2123,3132,-15,2,0 R=1091,1090,-1,0,-1 F=675,674,-1,3,-7 D=3505,3506,1,2,3 L=1249,1249,0,0,-2 B=1248,1250,2,0,-2
mv U code=0 aligned=1 homed=- ms=119.0 U=3134,2119,9,1,-3 R=1091,1090,-1,0,-1 F=675,674,-1,3,-7 D=3505,3506,1,2,3 L=1250,1250,0,0,-1 B=1248,1250,2,0,-2
mv U' code=0 aligned=1 homed=- ms=119.0 U=2123,3132,-15,2,0 R=1091,1090,-1,0,-1 F=675,674,-1,3,-7 D=3505,3505,0,2,2 L=1249,1249,0,0,-2 B=1248,1250,2,0,-2
mv U code=0 aligned=1 homed=- ms=119.0 U=3134,2119,9,1,-3 R=1091,1090,-1,0,-1 F=675,674,-1,3,-7 D=3505,3506,1,2,3 L=1249,1250,1,0,-1 B=1248,1250,2,0,-2
mv U' code=0 aligned=1 homed=- ms=119.0 U=2123,3132,-15,2,0 R=1091,1090,-1,0,-1 F=675,674,-1,3,-7 D=3505,3506,1,2,3 L=1250,1250,0,0,-1 B=1248,1250,2,0,-2
mv U code=0 aligned=1 homed=- ms=119.0 U=3134,2119,9,1,-3 R=1091,1090,-1,0,-1 F=675,674,-1,3,-7 D=3505,3506,1,2,3 L=1249,1250,1,0,-1 B=1248,1250,2,0,-2
mv U' code=0 aligned=1 homed=- ms=119.0 U=2123,3132,-15,2,0 R=1091,1090,-1,0,-1 F=675,674,-1,3,-7 D=3505,3506,1,2,3 L=1249,1249,0,0,-2 B=1248,1250,2,0,-2
mv U code=0 aligned=1 homed=- ms=119.0 U=3134,2119,9,1,-3 R=1091,1090,-1,0,-1 F=675,674,-1,3,-7 D=3505,3506,1,2,3 L=1249,1250,1,0,-1 B=1248,1250,2,0,-2
mv U' code=0 aligned=1 homed=- ms=119.0 U=2123,3132,-15,2,0 R=1091,1090,-1,0,-1 F=675,674,-1,3,-7 D=3505,3506,1,2,3 L=1249,1250,1,0,-1 B=1248,1250,2,0,-2
mv U code=0 aligned=1 homed=- ms=119.0 U=3134,2119,9,1,-3 R=1091,1090,-1,0,-1 F=675,674,-1,3,-7 D=3506,3506,0,2,3 L=1249,1250,1,0,-1 B=1248,1250,2,0,-2
mv U' code=0 aligned=1 homed=- ms=119.0 U=2123,3132,-15,2,0 R=1091,1090,-1,0,-1 F=675,674,-1,3,-7 D=3505,3506,1,2,3 L=1249,1250,1,0,-1 B=1249,1250,1,0,-2
mv U code=0 aligned=1 homed=- ms=119.0 U=3134,2119,9,1,-3 R=1091,1090,-1,0,-1 F=675,674,-1,3,-7 D=3505,3505,0,2,2 L=1249,1250,1,0,-1 B=1248,1250,2,0,-2
mv U' code=0 aligned=1 homed=- ms=119.0 U=2123,3132,-15,2,0 R=1091,1090,-1,0,-1 F=675,674,-1,3,-7 D=3506,3505,-1,2,2 L=1249,1250,1,0,-1 B=1248,1250,2,0,-2
mv U code=0 aligned=1 homed=- ms=119.0 U=3134,2119,9,1,-3 R=1091,1090,-1,0,-1 F=675,674,-1,3,-7 D=3506,3505,-1,2,2 L=1250,1250,0,0,-1 B=1248,1250,2,0,-2
mv U' code=0 aligned=1 homed=- ms=119.0 U=2123,3132,-15,2,0 R=1091,1090,-1,0,-1 F=675,674,-1,3,-7 D=3505,3506,1,2,3 L=1249,1250,1,0,-1 B=1248,1250,2,0,-2
mv U code=0 aligned=1 homed=- ms=119.0 U=3134,2119,9,1,-3 R=1091,1090,-1,0,-1 F=675,674,-1,3,-7 D=3505,3506,1,2,3 L=1249,1250,1,0,-1 B=1248,1250,2,0,-2
mv U' code=0 aligned=1 homed=- ms=119.0 U=2123,3132,-15,2,0 R=1091,1091,0,0,0 F=675,674,-1,3,-7 D=3506,3506,0,2,3 L=1249,1250,1,0,-1 B=1248,1249,1,0,-3
mv U code=0 aligned=1 homed=- ms=119.0 U=3134,2119,9,1,-3 R=1091,1090,-1,0,-1 F=675,674,-1,3,-7 D=3505,3506,1,2,3 L=1249,1250,1,0,-1 B=1248,1250,2,0,-2
mv U' code=0 aligned=1 homed=- ms=119.0 U=2123,3132,-15,2,0 R=1091,1090,-1,0,-1 F=675,674,-1,3,-7 D=3505,3506,1,2,3 L=1249,1250,1,0,-1 B=1248,1250,2,0,-2
mv U code=0 aligned=1 homed=- ms=119.0 U=3134,2119,9,1,-3 R=1091,1090,-1,0,-1 F=675,674,-1,3,-7 D=3505,3506,1,2,3 L=1249,1250,1,0,-1 B=1248,1250,2,0,-2
mv U' code=0 aligned=1 homed=- ms=119.0 U=2123,3132,-15,2,0 R=1091,1090,-1,0,-1 F=675,674,-1,3,-7 D=3506,3506,0,2,3 L=1249,1250,1,0,-1 B=1248,1250,2,0,-2
mv U code=0 aligned=1 homed=- ms=119.0 U=3134,2119,9,1,-3 R=1091,1091,0,0,0 F=675,674,-1,3,-7 D=3505,3506,1,2,3 L=1249,1250,1,0,-1 B=1248,1250,2,0,-2
mv U' code=0 aligned=1 homed=- ms=119.0 U=2122,3132,-14,2,0 R=1091,1090,-1,0,-1 F=675,674,-1,3,-7 D=3505,3506,1,2,3 L=1249,1250,1,0,-1 B=1248,1250,2,0,-2
mv U code=0 aligned=1 homed=- ms=119.0 U=3134,2119,9,1,-3 R=1091,1090,-1,0,-1 F=675,674,-1,3,-7 D=3505,3505,0,2,2 L=1249,1250,1,0,-1 B=1248,1250,2,0,-2
mv U' code=0 aligned=1 homed=- ms=119.0 U=2122,3132,-14,2,0 R=1091,1090,-1,0,-1 F=675,674,-1,3,-7 D=3506,3506,0,2,3 L=1249,1250,1,0,-1 B=1248,1250,2,0,-2
mv U code=0 aligned=1 homed=- ms=119.0 U=3134,2118,8,1,-4 R=1091,1090,-1,0,-1 F=675,674,-1,3,-7 D=3505,3506,1,2,3 L=1249,1250,1,0,-1 B=1248,1250,2,0,-2
mv U' code=0 aligned=1 homed=- ms=119.0 U=2123,3132,-15,2,0 R=1091,1090,-1,0,-1 F=675,674,-1,3,-7 D=3505,3506,1,2,3 L=1249,1250,1,0,-1 B=1248,1250,2,0,-2
mv U code=0 aligned=1 homed=- ms=119.0 U=3134,2118,8,1,-4 R=1091,1090,-1,0,-1 F=675,674,-1,3,-7 D=3505,3505,0,2,2 L=1249,1250,1,0,-1 B=1248,1250,2,0,-2
mv U' code=0 aligned=1 homed=- ms=119.0 U=2123,3133,-14,2,1 R=1091,1090,-1,0,-1 F=675,674,-1,3,-7 D=3505,3505,0,2,2 L=1250,1250,0,0,-1 B=1248,1250,2,0,-2
mv U code=0 aligned=1 homed=- ms=119.0 U=3134,2119,9,1,-3 R=1091,1090,-1,0,-1 F=675,674,-1,3,-7 D=3505,3506,1,2,3 L=1249,1249,0,0,-2 B=1248,1250,2,0,-2
mv U' code=0 aligned=1 homed=- ms=119.0 U=2123,3132,-15,2,0 R=1091,1090,-1,0,-1 F=675,674,-1,3,-7 D=3505,3506,1,2,3 L=1249,1250,1,0,-1 B=1248,1250,2,0,-2
mv U code=0 aligned=1 homed=- ms=119.0 U=3135,2119,8,1,-3 R=1091,1090,-1,0,-1 F=675,674,-1,3,-7 D=3505,3505,0,2,2 L=1249,1250,1,0,-1 B=1248,1250,2,0,-2
mv U' code=0 aligned=1 homed=- ms=119.0 U=2123,3132,-15,2,0 R=1091,1090,-1,0,-1 F=675,674,-1,3,-7 D=3506,3506,0,2,3 L=1249,1250,1,0,-1 B=1248,1250,2,0,-2
mv U code=0 aligned=1 homed=- ms=119.0 U=3134,2119,9,1,-3 R=1091,1090,-1,0,-1 F=675,674,-1,3,-7 D=3505,3505,0,2,2 L=1250,1250,0,0,-1 B=1248,1250,2,0,-2
mv U' code=0 aligned=1 homed=- ms=119.0 U=2123,3132,-15,2,0 R=1091,1090,-1,0,-1 F=675,674,-1,3,-7 D=3505,3505,0,2,2 L=1249,1250,1,0,-1 B=1248,1250,2,0,-2
mv U code=0 aligned=1 homed=- ms=119.0 U=3134,2119,9,1,-3 R=1091,1090,-1,0,-1 F=675,674,-1,3,-7 D=3506,3505,-1,2,2 L=1249,1250,1,0,-1 B=1248,1250,2,0,-2
mv U' code=0 aligned=1 homed=- ms=119.0 U=2123,3132,-15,2,0 R=1091,1090,-1,0,-1 F=675,674,-1,3,-7 D=3506,3506,0,2,3 L=1249,1250,1,0,-1 B=1248,1250,2,0,-2
mv U code=0 aligned=1 homed=- ms=119.0 U=3134,2119,9,1,-3 R=1091,1090,-1,0,-1 F=675,674,-1,3,-7 D=3505,3505,0,2,2 L=1249,1250,1,0,-1 B=1248,1250,2,0,-2
mv U' code=0 aligned=1 homed=- ms=119.0 U=2122,3132,-14,2,0 R=1091,1090,-1,0,-1 F=675,674,-1,3,-7 D=3505,3505,0,2,2 L=1250,1250,0,0,-1 B=1248,1250,2,0,-2
mv U code=0 aligned=1 homed=- ms=119.0 U=3134,2119,9,1,-3 R=1091,1090,-1,0,-1 F=675,674,-1,3,-7 D=3505,3505,0,2,2 L=1249,1250,1,0,-1 B=1248,1250,2,0,-2
mv U' code=0 aligned=1 homed=- ms=119.0 U=2123,3132,-15,2,0 R=1091,1090,-1,0,-1 F=675,674,-1,3,-7 D=3505,3506,1,2,3 L=1249,1250,1,0,-1 B=1248,1250,2,0,-2
mv U code=0 aligned=1 homed=- ms=119.0 U=3134,2119,9,1,-3 R=1091,1090,-1,0,-1 F=675,674,-1,3,-7 D=3505,3506,1,2,3 L=1249,1250,1,0,-1 B=1248,1250,2,0,-2
mv U' code=0 aligned=1 homed=- ms=119.0 U=2123,3132,-15,2,0 R=1091,1090,-1,0,-1 F=675,674,-1,3,-7 D=3505,3506,1,2,3 L=1249,1250,1,0,-1 B=1248,1250,2,0,-2
mv U code=0 aligned=1 homed=- ms=119.0 U=3134,2119,9,1,-3 R=1091,1090,-1,0,-1 F=675,674,-1,3,-7 D=3505,3506,1,2,3 L=1249,1250,1,0,-1 B=1248,1250,2,0,-2
mv U' code=0 aligned=1 homed=- ms=119.0 U=2123,3132,-15,2,0 R=1091,1090,-1,0,-1 F=675,674,-1,3,-7 D=3505,3506,1,2,3 L=1250,1250,0,0,-1 B=1248,1250,2,0,-2
mv U code=0 aligned=1 homed=- ms=119.0 U=3134,2119,9,1,-3 R=1091,1090,-1,0,-1 F=675,674,-1,3,-7 D=3505,3505,0,2,2 L=1250,1250,0,0,-1 B=1248,1250,2,0,-2
mv U' code=0 aligned=1 homed=- ms=119.0 U=2123,3132,-15,2,0 R=1091,1090,-1,0,-1 F=675,674,-1,3,-7 D=3505,3506,1,2,3 L=1249,1250,1,0,-1 B=1248,1250,2,0,-2
mv U code=0 aligned=1 homed=- ms=119.0 U=3134,2119,9,1,-3 R=1091,1090,-1,0,-1 F=675,674,-1,3,-7 D=3505,3506,1,2,3 L=1249,1250,1,0,-1 B=1248,1250,2,0,-2
mv U' code=0 aligned=1 homed=- ms=119.0 U=2123,3132,-15,2,0 R=1091,1090,-1,0,-1 F=675,673,-2,3,-8 D=3505,3506,1,2,3 L=1249,1250,1,0,-1 B=1248,1250,2,0,-2
mv U code=0 aligned=1 homed=- ms=119.0 U=3134,2119,9,1,-3 R=1091,1090,-1,0,-1 F=675,674,-1,3,-7 D=3505,3505,0,2,2 L=1249,1250,1,0,-1 B=1248,1250,2,0,-2
mv U' code=0 aligned=1 homed=- ms=119.0 U=2123,3132,-15,2,0 R=1091,1090,-1,0,-1 F=675,674,-1,3,-7 D=3505,3506,1,2,3 L=1250,1250,0,0,-1 B=1248,1250,2,0,-2
mv U code=0 aligned=1 homed=- ms=119.0 U=3134,2119,9,1,-3 R=1091,1090,-1,0,-1 F=675,674,-1,3,-7 D=3506,3506,0,2,3 L=1249,1250,1,0,-1 B=1248,1250,2,0,-2
mv U' code=0 aligned=1 homed=- ms=119.0 U=2123,3132,-15,2,0 R=1091,1090,-1,0,-1 F=675,674,-1,3,-7 D=3505,3505,0,2,2 L=1249,1250,1,0,-1 B=1248,1250,2,0,-2
mv U code=0 aligned=1 homed=- ms=119.0 U=3134,2119,9,1,-3 R=1091,1090,-1,0,-1 F=675,674,-1,3,-7 D=3505,3506,1,2,3 L=1249,1250,1,0,-1 B=1248,1250,2,0,-2
mv U' code=0 aligned=1 homed=- ms=119.0 U=2122,3132,-14,2,0 R=1091,1090,-1,0,-1 F=675,674,-1,3,-7 D=3505,3506,1,2,3 L=1250,1250,0,0,-1 B=1248,1250,2,0,-2
mv U code=0 aligned=1 homed=- ms=119.0 U=3134,2118,8,1,-4 R=1091,1090,-1,0,-1 F=675,674,-1,3,-7 D=3505,3506,1,2,3 L=1249,1250,1,0,-1 B=1248,1250,2,0,-2
mv U' code=0 aligned=1 homed=- ms=119.0 U=2122,3132,-14,2,0 R=1091,1090,-1,0,-1 F=675,674,-1,3,-7 D=3505,3506,1,2,3 L=1249,1250,1,0,-1 B=1248,1250,2,0,-2
rep moves=200 notaligned=0 homings=0 failures=0 avgms=119.0
res U=200,-3.2,12.1,15 R=- F=- D=- L=- B=-
ok
> home
[align] motor 0 err=2 counts (0.2 steps)
[align] motor 1 err=0 counts (0.0 steps)
[align] motor 2 err=-7 counts (-0.7 steps)
[align] motor 3 err=2 counts (0.2 steps)
[align] motor 4 err=-3 counts (-0.3 steps)
[align] motor 5 err=-6 counts (-0.6 steps)
home code=0 ms=5 en=0
enc U=3132 R=1090 F=674 D=3506 L=1250 B=1250 RING=2768
near U=2:0 R=0:-1 F=3:-7 D=2:3 L=0:-1 B=0:-2
ok
> enc
enc U=3135 R=1091 F=674 D=3505 L=1249 B=1249 RING=2768
near U=2:3 R=0:0 F=3:-7 D=2:2 L=0:-2 B=0:-3
ok
> rep 50 U' U' U' U'
mv U' code=0 aligned=1 homed=- ms=119.0 U=3135,61,-2,3,-3 R=1091,1090,-1,0,-1 F=675,674,-1,3,-7 D=3505,3506,1,2,3 L=1249,1250,1,0,-1 B=1249,1250,1,0,-2
mv U' code=0 aligned=1 homed=- ms=119.0 U=63,1100,13,0,-2 R=1091,1090,-1,0,-1 F=675,674,-1,3,-7 D=3505,3505,0,2,2 L=1249,1250,1,0,-1 B=1248,1250,2,0,-2
mv U' code=0 aligned=1 homed=- ms=119.0 U=1101,2119,-6,1,-3 R=1091,1090,-1,0,-1 F=675,674,-1,3,-7 D=3505,3505,0,2,2 L=1249,1250,1,0,-1 B=1248,1250,2,0,-2
mv U' code=0 aligned=1 homed=- ms=119.0 U=2122,3132,-14,2,0 R=1091,1090,-1,0,-1 F=675,674,-1,3,-7 D=3505,3506,1,2,3 L=1249,1250,1,0,-1 B=1248,1250,2,0,-2
mv U' code=0 aligned=1 homed=- ms=119.0 U=3134,60,-2,3,-4 R=1091,1090,-1,0,-1 F=675,673,-2,3,-8 D=3505,3506,1,2,3 L=1249,1250,1,0,-1 B=1248,1250,2,0,-2
mv U' code=0 aligned=1 homed=- ms=119.0 U=63,1100,13,0,-2 R=1091,1090,-1,0,-1 F=675,673,-2,3,-8 D=3505,3506,1,2,3 L=1249,1249,0,0,-2 B=1248,1250,2,0,-2
mv U' code=0 aligned=1 homed=- ms=119.0 U=1102,2120,-6,1,-2 R=1091,1090,-1,0,-1 F=675,674,-1,3,-7 D=3505,3505,0,2,2 L=1249,1250,1,0,-1 B=1248,1250,2,0,-2
mv U' code=0 aligned=1 homed=- ms=119.0 U=2122,3132,-14,2,0 R=1091,1090,-1,0,-1 F=675,674,-1,3,-7 D=3505,3506,1,2,3 L=1250,1250,0,0,-1 B=1248,1250,2,0,-2
mv U' code=0 aligned=1 homed=- ms=119.0 U=3134,61,-1,3,-3 R=1091,1090,-1,0,-1 F=675,674,-1,3,-7 D=3505,3506,1,2,3 L=1249,1250,1,0,-1 B=1248,1250,2,0,-2
mv U' code=0 aligned=1 homed=- ms=119.0 U=63,1100,13,0,-2 R=1091,1090,-1,0,-1 F=675,674,-1,3,-7 D=3505,3506,1,2,3 L=1249,1250,1,0,-1 B=1248,1250,2,0,-2
mv U' code=0 aligned=1 homed=- ms=119.0 U=1102,2120,-6,1,-2 R=1091,1090,-1,0,-1 F=675,674,-1,3,-7 D=3505,3506,1,2,3 L=1249,1250,1,0,-1 B=1248,1250,2,0,-2
mv U' code=0 aligned=1 homed=- ms=119.0 U=2122,3132,-14,2,0 R=1091,1090,-1,0,-1 F=675,674,-1,3,-7 D=3505,3506,1,2,3 L=1249,1250,1,0,-1 B=1248,1250,2,0,-2
mv U' code=0 aligned=1 homed=- ms=119.0 U=3134,61,-1,3,-3 R=1091,1090,-1,0,-1 F=675,674,-1,3,-7 D=3506,3506,0,2,3 L=1249,1250,1,0,-1 B=1248,1250,2,0,-2
mv U' code=0 aligned=1 homed=- ms=119.0 U=63,1100,13,0,-2 R=1091,1090,-1,0,-1 F=675,674,-1,3,-7 D=3506,3505,-1,2,2 L=1249,1250,1,0,-1 B=1248,1250,2,0,-2
mv U' code=0 aligned=1 homed=- ms=119.0 U=1102,2119,-7,1,-3 R=1091,1090,-1,0,-1 F=675,674,-1,3,-7 D=3505,3506,1,2,3 L=1249,1250,1,0,-1 B=1248,1250,2,0,-2
mv U' code=0 aligned=1 homed=- ms=119.0 U=2122,3132,-14,2,0 R=1091,1090,-1,0,-1 F=675,674,-1,3,-7 D=3506,3505,-1,2,2 L=1249,1250,1,0,-1 B=1248,1250,2,0,-2
mv U' code=0 aligned=1 homed=- ms=119.0 U=3134,61,-1,3,-3 R=1091,1090,-1,0,-1 F=675,674,-1,3,-7 D=3505,3505,0,2,2 L=1249,1250,1,0,-1 B=1248,1250,2,0,-2
mv U' code=0 aligned=1 homed=- ms=119.0 U=63,1099,12,0,-3 R=1091,1090,-1,0,-1 F=675,673,-2,3,-8 D=3505,3506,1,2,3 L=1249,1250,1,0,-1 B=1248,1250,2,0,-2
mv U' code=0 aligned=1 homed=- ms=119.0 U=1102,2119,-7,1,-3 R=1091,1090,-1,0,-1 F=675,674,-1,3,-7 D=3505,3506,1,2,3 L=1249,1250,1,0,-1 B=1248,1250,2,0,-2
mv U' code=0 aligned=1 homed=- ms=119.0 U=2122,3132,-14,2,0 R=1091,1090,-1,0,-1 F=675,674,-1,3,-7 D=3505,3506,1,2,3 L=1249,1249,0,0,-2 B=1248,1250,2,0,-2
mv U' code=0 aligned=1 homed=- ms=119.0 U=3134,61,-1,3,-3 R=1091,1090,-1,0,-1 F=675,674,-1,3,-7 D=3505,3505,0,2,2 L=1249,1250,1,0,-1 B=1248,1250,2,0,-2
mv U' code=0 aligned=1 homed=- ms=119.0 U=63,1100,13,0,-2 R=1091,1090,-1,0,-1 F=675,674,-1,3,-7 D=3505,3505,0,2,2 L=1249,1250,1,0,-1 B=1248,1250,2,0,-2
mv U' code=0 aligned=1 homed=- ms=119.0 U=1102,2119,-7,1,-3 R=1091,1090,-1,0,-1 F=675,674,-1,3,-7 D=3505,3505,0,2,2 L=1249,1250,1,0,-1 B=1248,1250,2,0,-2
mv U' code=0 aligned=1 homed=- ms=119.0 U=2122,3132,-14,2,0 R=1091,1090,-1,0,-1 F=675,674,-1,3,-7 D=3506,3506,0,2,3 L=1249,1250,1,0,-1 B=1248,1250,2,0,-2
mv U' code=0 aligned=1 homed=- ms=119.0 U=3134,61,-1,3,-3 R=1091,1090,-1,0,-1 F=675,673,-2,3,-8 D=3505,3506,1,2,3 L=1249,1250,1,0,-1 B=1248,1250,2,0,-2
mv U' code=0 aligned=1 homed=- ms=119.0 U=63,1100,13,0,-2 R=1091,1090,-1,0,-1 F=675,674,-1,3,-7 D=3505,3506,1,2,3 L=1249,1250,1,0,-1 B=1248,1250,2,0,-2
mv U' code=0 aligned=1 homed=- ms=119.0 U=1102,2120,-6,1,-2 R=1091,1090,-1,0,-1 F=675,674,-1,3,-7 D=3505,3506,1,2,3 L=1249,1250,1,0,-1 B=1248,1250,2,0,-2
mv U' code=0 aligned=1 homed=- ms=119.0 U=2122,3132,-14,2,0 R=1091,1090,-1,0,-1 F=675,674,-1,3,-7 D=3505,3506,1,2,3 L=1249,1250,1,0,-1 B=1248,1250,2,0,-2
mv U' code=0 aligned=1 homed=- ms=119.0 U=3134,61,-1,3,-3 R=1091,1090,-1,0,-1 F=675,674,-1,3,-7 D=3505,3506,1,2,3 L=1249,1250,1,0,-1 B=1248,1250,2,0,-2
mv U' code=0 aligned=1 homed=- ms=119.0 U=63,1100,13,0,-2 R=1091,1090,-1,0,-1 F=675,674,-1,3,-7 D=3505,3506,1,2,3 L=1250,1250,0,0,-1 B=1248,1250,2,0,-2
mv U' code=0 aligned=1 homed=- ms=119.0 U=1102,2120,-6,1,-2 R=1091,1090,-1,0,-1 F=675,674,-1,3,-7 D=3506,3506,0,2,3 L=1249,1250,1,0,-1 B=1248,1250,2,0,-2
mv U' code=0 aligned=1 homed=- ms=119.0 U=2122,3132,-14,2,0 R=1091,1090,-1,0,-1 F=675,674,-1,3,-7 D=3506,3506,0,2,3 L=1249,1250,1,0,-1 B=1248,1250,2,0,-2
mv U' code=0 aligned=1 homed=- ms=119.0 U=3134,61,-1,3,-3 R=1091,1090,-1,0,-1 F=675,674,-1,3,-7 D=3505,3506,1,2,3 L=1249,1250,1,0,-1 B=1248,1250,2,0,-2
mv U' code=0 aligned=1 homed=- ms=119.0 U=63,1100,13,0,-2 R=1091,1090,-1,0,-1 F=675,674,-1,3,-7 D=3505,3506,1,2,3 L=1249,1250,1,0,-1 B=1248,1250,2,0,-2
mv U' code=0 aligned=1 homed=- ms=119.0 U=1102,2119,-7,1,-3 R=1091,1090,-1,0,-1 F=675,674,-1,3,-7 D=3505,3505,0,2,2 L=1249,1250,1,0,-1 B=1248,1250,2,0,-2
mv U' code=0 aligned=1 homed=- ms=119.0 U=2122,3132,-14,2,0 R=1091,1090,-1,0,-1 F=675,674,-1,3,-7 D=3505,3505,0,2,2 L=1249,1250,1,0,-1 B=1248,1250,2,0,-2
mv U' code=0 aligned=1 homed=- ms=119.0 U=3134,61,-1,3,-3 R=1091,1090,-1,0,-1 F=675,674,-1,3,-7 D=3505,3505,0,2,2 L=1249,1250,1,0,-1 B=1249,1250,1,0,-2
mv U' code=0 aligned=1 homed=- ms=119.0 U=63,1100,13,0,-2 R=1091,1090,-1,0,-1 F=675,674,-1,3,-7 D=3505,3506,1,2,3 L=1250,1250,0,0,-1 B=1248,1250,2,0,-2
mv U' code=0 aligned=1 homed=- ms=119.0 U=1102,2119,-7,1,-3 R=1091,1090,-1,0,-1 F=675,674,-1,3,-7 D=3505,3506,1,2,3 L=1249,1250,1,0,-1 B=1248,1250,2,0,-2
mv U' code=0 aligned=1 homed=- ms=119.0 U=2122,3132,-14,2,0 R=1091,1090,-1,0,-1 F=675,674,-1,3,-7 D=3506,3505,-1,2,2 L=1249,1250,1,0,-1 B=1248,1250,2,0,-2
mv U' code=0 aligned=1 homed=- ms=119.0 U=3134,61,-1,3,-3 R=1091,1090,-1,0,-1 F=675,674,-1,3,-7 D=3505,3506,1,2,3 L=1250,1250,0,0,-1 B=1248,1250,2,0,-2
mv U' code=0 aligned=1 homed=- ms=119.0 U=63,1100,13,0,-2 R=1091,1090,-1,0,-1 F=675,674,-1,3,-7 D=3505,3506,1,2,3 L=1250,1250,0,0,-1 B=1249,1250,1,0,-2
mv U' code=0 aligned=1 homed=- ms=119.0 U=1102,2119,-7,1,-3 R=1091,1090,-1,0,-1 F=675,674,-1,3,-7 D=3506,3506,0,2,3 L=1249,1250,1,0,-1 B=1248,1250,2,0,-2
mv U' code=0 aligned=1 homed=- ms=119.0 U=2122,3132,-14,2,0 R=1091,1091,0,0,0 F=675,674,-1,3,-7 D=3505,3506,1,2,3 L=1250,1249,-1,0,-2 B=1248,1250,2,0,-2
mv U' code=0 aligned=1 homed=- ms=119.0 U=3134,61,-1,3,-3 R=1091,1090,-1,0,-1 F=675,674,-1,3,-7 D=3505,3506,1,2,3 L=1249,1250,1,0,-1 B=1248,1250,2,0,-2
mv U' code=0 aligned=1 homed=- ms=119.0 U=63,1100,13,0,-2 R=1091,1090,-1,0,-1 F=675,674,-1,3,-7 D=3505,3506,1,2,3 L=1249,1249,0,0,-2 B=1248,1250,2,0,-2
mv U' code=0 aligned=1 homed=- ms=119.0 U=1102,2119,-7,1,-3 R=1091,1091,0,0,0 F=675,674,-1,3,-7 D=3506,3506,0,2,3 L=1250,1250,0,0,-1 B=1248,1250,2,0,-2
mv U' code=0 aligned=1 homed=- ms=119.0 U=2122,3132,-14,2,0 R=1091,1090,-1,0,-1 F=675,674,-1,3,-7 D=3506,3506,0,2,3 L=1249,1249,0,0,-2 B=1248,1250,2,0,-2
mv U' code=0 aligned=1 homed=- ms=119.0 U=3134,61,-1,3,-3 R=1091,1090,-1,0,-1 F=675,674,-1,3,-7 D=3505,3506,1,2,3 L=1249,1250,1,0,-1 B=1248,1250,2,0,-2
mv U' code=0 aligned=1 homed=- ms=119.0 U=64,1100,12,0,-2 R=1091,1090,-1,0,-1 F=675,674,-1,3,-7 D=3505,3506,1,2,3 L=1249,1250,1,0,-1 B=1248,1250,2,0,-2
mv U' code=0 aligned=1 homed=- ms=119.0 U=1102,2119,-7,1,-3 R=1091,1090,-1,0,-1 F=675,674,-1,3,-7 D=3505,3506,1,2,3 L=1249,1250,1,0,-1 B=1249,1250,1,0,-2
mv U' code=0 aligned=1 homed=- ms=119.0 U=2122,3132,-14,2,0 R=1091,1090,-1,0,-1 F=675,674,-1,3,-7 D=3505,3506,1,2,3 L=1249,1250,1,0,-1 B=1248,1250,2,0,-2
mv U' code=0 aligned=1 homed=- ms=119.0 U=3134,61,-1,3,-3 R=1091,1090,-1,0,-1 F=675,674,-1,3,-7 D=3505,3506,1,2,3 L=1249,1250,1,0,-1 B=1249,1250,1,0,-2
mv U' code=0 aligned=1 homed=- ms=119.0 U=63,1100,13,0,-2 R=1091,1090,-1,0,-1 F=675,674,-1,3,-7 D=3506,3506,0,2,3 L=1249,1250,1,0,-1 B=1248,1250,2,0,-2
mv U' code=0 aligned=1 homed=- ms=119.0 U=1102,2120,-6,1,-2 R=1091,1090,-1,0,-1 F=675,674,-1,3,-7 D=3505,3505,0,2,2 L=1249,1250,1,0,-1 B=1248,1250,2,0,-2
mv U' code=0 aligned=1 homed=- ms=119.0 U=2122,3132,-14,2,0 R=1091,1090,-1,0,-1 F=675,674,-1,3,-7 D=3505,3506,1,2,3 L=1249,1250,1,0,-1 B=1248,1250,2,0,-2
mv U' code=0 aligned=1 homed=- ms=119.0 U=3134,61,-1,3,-3 R=1091,1090,-1,0,-1 F=675,674,-1,3,-7 D=3506,3506,0,2,3 L=1249,1250,1,0,-1 B=1248,1250,2,0,-2
mv U' code=0 aligned=1 homed=- ms=119.0 U=63,1100,13,0,-2 R=1091,1090,-1,0,-1 F=675,674,-1,3,-7 D=3505,3506,1,2,3 L=1249,1250,1,0,-1 B=1248,1250,2,0,-2
mv U' code=0 aligned=1 homed=- ms=119.0 U=1102,2119,-7,1,-3 R=1091,1090,-1,0,-1 F=675,674,-1,3,-7 D=3505,3505,0,2,2 L=1249,1250,1,0,-1 B=1248,1250,2,0,-2
mv U' code=0 aligned=1 homed=- ms=119.0 U=2122,3131,-15,2,-1 R=1091,1090,-1,0,-1 F=675,674,-1,3,-7 D=3505,3505,0,2,2 L=1249,1250,1,0,-1 B=1248,1250,2,0,-2
mv U' code=0 aligned=1 homed=- ms=119.0 U=3134,61,-1,3,-3 R=1091,1090,-1,0,-1 F=675,674,-1,3,-7 D=3505,3506,1,2,3 L=1249,1250,1,0,-1 B=1248,1250,2,0,-2
mv U' code=0 aligned=1 homed=- ms=119.0 U=63,1100,13,0,-2 R=1091,1090,-1,0,-1 F=675,674,-1,3,-7 D=3505,3506,1,2,3 L=1249,1250,1,0,-1 B=1248,1250,2,0,-2
mv U' code=0 aligned=1 homed=- ms=119.0 U=1102,2119,-7,1,-3 R=1091,1090,-1,0,-1 F=675,674,-1,3,-7 D=3506,3506,0,2,3 L=1249,1250,1,0,-1 B=1248,1250,2,0,-2
mv U' code=0 aligned=1 homed=- ms=119.0 U=2122,3132,-14,2,0 R=1091,1090,-1,0,-1 F=675,674,-1,3,-7 D=3505,3506,1,2,3 L=1249,1249,0,0,-2 B=1248,1250,2,0,-2
mv U' code=0 aligned=1 homed=- ms=119.0 U=3134,61,-1,3,-3 R=1091,1090,-1,0,-1 F=675,674,-1,3,-7 D=3506,3506,0,2,3 L=1249,1250,1,0,-1 B=1248,1250,2,0,-2
mv U' code=0 aligned=1 homed=- ms=119.0 U=64,1100,12,0,-2 R=1091,1091,0,0,0 F=675,674,-1,3,-7 D=3505,3506,1,2,3 L=1249,1250,1,0,-1 B=1248,1250,2,0,-2
mv U' code=0 aligned=1 homed=- ms=119.0 U=1101,2119,-6,1,-3 R=1091,1090,-1,0,-1 F=675,674,-1,3,-7 D=3505,3505,0,2,2 L=1249,1250,1,0,-1 B=1248,1250,2,0,-2
mv U' code=0 aligned=1 homed=- ms=119.0 U=2122,3132,-14,2,0 R=1091,1090,-1,0,-1 F=675,674,-1,3,-7 D=3505,3506,1,2,3 L=1249,1250,1,0,-1 B=1249,1250,1,0,-2
mv U' code=0 aligned=1 homed=- ms=119.0 U=3134,61,-1,3,-3 R=1091,1090,-1,0,-1 F=675,674,-1,3,-7 D=3505,3506,1,2,3 L=1249,1250,1,0,-1 B=1248,1250,2,0,-2
mv U' code=0 aligned=1 homed=- ms=119.0 U=64,1100,12,0,-2 R=1091,1090,-1,0,-1 F=675,674,-1,3,-7 D=3505,3506,1,2,3 L=1249,1250,1,0,-1 B=1248,1250,2,0,-2
mv U' code=0 aligned=1 homed=- ms=119.0 U=1102,2119,-7,1,-3 R=1091,1090,-1,0,-1 F=675,674,-1,3,-7 D=3505,3506,1,2,3 L=1249,1250,1,0,-1 B=1248,1250,2,0,-2
mv U' code=0 aligned=1 homed=- ms=119.0 U=2122,3132,-14,2,0 R=1091,1090,-1,0,-1 F=675,674,-1,3,-7 D=3505,3505,0,2,2 L=1249,1250,1,0,-1 B=1248,1250,2,0,-2
mv U' code=0 aligned=1 homed=- ms=119.0 U=3134,61,-1,3,-3 R=1091,1090,-1,0,-1 F=675,674,-1,3,-7 D=3505,3505,0,2,2 L=1249,1249,0,0,-2 B=1248,1250,2,0,-2
mv U' code=0 aligned=1 homed=- ms=119.0 U=63,1100,13,0,-2 R=1091,1090,-1,0,-1 F=675,674,-1,3,-7 D=3505,3506,1,2,3 L=1249,1250,1,0,-1 B=1248,1250,2,0,-2
mv U' code=0 aligned=1 homed=- ms=119.0 U=1101,2119,-6,1,-3 R=1091,1090,-1,0,-1 F=675,674,-1,3,-7 D=3505,3505,0,2,2 L=1249,1250,1,0,-1 B=1248,1250,2,0,-2
mv U' code=0 aligned=1 homed=- ms=119.0 U=2122,3132,-14,2,0 R=1091,1090,-1,0,-1 F=675,674,-1,3,-7 D=3505,3506,1,2,3 L=1249,1250,1,0,-1 B=1248,1250,2,0,-2
mv U' code=0 aligned=1 homed=- ms=119.0 U=3134,61,-1,3,-3 R=1091,1090,-1,0,-1 F=675,673,-2,3,-8 D=3506,3505,-1,2,2 L=1249,1250,1,0,-1 B=1248,1250,2,0,-2
mv U' code=0 aligned=1 homed=- ms=119.0 U=63,1100,13,0,-2 R=1091,1090,-1,0,-1 F=675,674,-1,3,-7 D=3505,3506,1,2,3 L=1249,1250,1,0,-1 B=1248,1250,2,0,-2
mv U' code=0 aligned=1 homed=- ms=119.0 U=1101,2119,-6,1,-3 R=1091,1090,-1,0,-1 F=675,674,-1,3,-7 D=3505,3506,1,2,3 L=1249,1250,1,0,-1 B=1248,1250,2,0,-2
mv U' code=0 aligned=1 homed=- ms=119.0 U=2122,3132,-14,2,0 R=1091,1090,-1,0,-1 F=675,674,-1,3,-7 D=3505,3506,1,2,3 L=1249,1250,1,0,-1 B=1248,1250,2,0,-2
mv U' code=0 aligned=1 homed=- ms=119.0 U=3134,61,-1,3,-3 R=1091,1090,-1,0,-1 F=675,674,-1,3,-7 D=3505,3505,0,2,2 L=1249,1250,1,0,-1 B=1248,1250,2,0,-2
mv U' code=0 aligned=1 homed=- ms=119.0 U=63,1100,13,0,-2 R=1091,1090,-1,0,-1 F=675,674,-1,3,-7 D=3505,3506,1,2,3 L=1249,1250,1,0,-1 B=1249,1250,1,0,-2
mv U' code=0 aligned=1 homed=- ms=119.0 U=1102,2119,-7,1,-3 R=1091,1090,-1,0,-1 F=675,674,-1,3,-7 D=3505,3506,1,2,3 L=1249,1250,1,0,-1 B=1248,1250,2,0,-2
mv U' code=0 aligned=1 homed=- ms=119.0 U=2122,3131,-15,2,-1 R=1091,1090,-1,0,-1 F=675,674,-1,3,-7 D=3505,3506,1,2,3 L=1249,1250,1,0,-1 B=1248,1250,2,0,-2
mv U' code=0 aligned=1 homed=- ms=119.0 U=3133,61,0,3,-3 R=1091,1090,-1,0,-1 F=675,674,-1,3,-7 D=3505,3505,0,2,2 L=1249,1249,0,0,-2 B=1248,1250,2,0,-2
mv U' code=0 aligned=1 homed=- ms=119.0 U=63,1100,13,0,-2 R=1091,1090,-1,0,-1 F=675,674,-1,3,-7 D=3506,3506,0,2,3 L=1249,1250,1,0,-1 B=1249,1250,1,0,-2
mv U' code=0 aligned=1 homed=- ms=119.0 U=1102,2120,-6,1,-2 R=1091,1090,-1,0,-1 F=675,674,-1,3,-7 D=3505,3505,0,2,2 L=1249,1250,1,0,-1 B=1248,1250,2,0,-2
mv U' code=0 aligned=1 homed=- ms=119.0 U=2122,3132,-14,2,0 R=1091,1090,-1,0,-1 F=675,674,-1,3,-7 D=3506,3505,-1,2,2 L=1249,1250,1,0,-1 B=1248,1250,2,0,-2
mv U' code=0 aligned=1 homed=- ms=119.0 U=3134,61,-1,3,-3 R=1091,1090,-1,0,-1 F=675,674,-1,3,-7 D=3505,3506,1,2,3 L=1249,1250,1,0,-1 B=1248,1250,2,0,-2
mv U' code=0 aligned=1 homed=- ms=119.0 U=63,1100,13,0,-2 R=1091,1090,-1,0,-1 F=675,674,-1,3,-7 D=3505,3505,0,2,2 L=1249,1250,1,0,-1 B=1248,1250,2,0,-2
mv U' code=0 aligned=1 homed=- ms=119.0 U=1102,2120,-6,1,-2 R=1091,1090,-1,0,-1 F=675,674,-1,3,-7 D=3505,3506,1,2,3 L=1249,1250,1,0,-1 B=1248,1250,2,0,-2
mv U' code=0 aligned=1 homed=- ms=119.0 U=2122,3132,-14,2,0 R=1091,1090,-1,0,-1 F=675,674,-1,3,-7 D=3505,3506,1,2,3 L=1249,1250,1,0,-1 B=1248,1250,2,0,-2
mv U' code=0 aligned=1 homed=- ms=119.0 U=3134,61,-1,3,-3 R=1091,1090,-1,0,-1 F=675,674,-1,3,-7 D=3506,3506,0,2,3 L=1249,1250,1,0,-1 B=1248,1250,2,0,-2
mv U' code=0 aligned=1 homed=- ms=119.0 U=63,1100,13,0,-2 R=1091,1090,-1,0,-1 F=675,674,-1,3,-7 D=3505,3506,1,2,3 L=1249,1250,1,0,-1 B=1249,1250,1,0,-2
mv U' code=0 aligned=1 homed=- ms=119.0 U=1102,2119,-7,1,-3 R=1091,1090,-1,0,-1 F=675,673,-2,3,-8 D=3505,3505,0,2,2 L=1249,1250,1,0,-1 B=1249,1250,1,0,-2
mv U' code=0 aligned=1 homed=- ms=119.0 U=2122,3132,-14,2,0 R=1091,1090,-1,0,-1 F=675,674,-1,3,-7 D=3505,3506,1,2,3 L=1249,1250,1,0,-1 B=1248,1250,2,0,-2
mv U' code=0 aligned=1 homed=- ms=119.0 U=3134,61,-1,3,-3 R=1091,1090,-1,0,-1 F=675,674,-1,3,-7 D=3505,3506,1,2,3 L=1250,1250,0,0,-1 B=1248,1250,2,0,-2
mv U' code=0 aligned=1 homed=- ms=119.0 U=64,1100,12,0,-2 R=1091,1090,-1,0,-1 F=675,674,-1,3,-7 D=3505,3506,1,2,3 L=1249,1250,1,0,-1 B=1248,1250,2,0,-2
mv U' code=0 aligned=1 homed=- ms=119.0 U=1101,2119,-6,1,-3 R=1091,1090,-1,0,-1 F=675,674,-1,3,-7 D=3505,3506,1,2,3 L=1249,1249,0,0,-2 B=1248,1250,2,0,-2
mv U' code=0 aligned=1 homed=- ms=119.0 U=2122,3132,-14,2,0 R=1091,1090,-1,0,-1 F=675,674,-1,3,-7 D=3505,3506,1,2,3 L=1249,1250,1,0,-1 B=1248,1250,2,0,-2
mv U' code=0 aligned=1 homed=- ms=119.0 U=3134,61,-1,3,-3 R=1091,1090,-1,0,-1 F=675,674,-1,3,-7 D=3505,3506,1,2,3 L=1249,1250,1,0,-1 B=1248,1250,2,0,-2
mv U' code=0 aligned=1 homed=- ms=119.0 U=63,1100,13,0,-2 R=1091,1090,-1,0,-1 F=675,674,-1,3,-7 D=3505,3505,0,2,2 L=1249,1250,1,0,-1 B=1248,1250,2,0,-2
mv U' code=0 aligned=1 homed=- ms=119.0 U=1102,2119,-7,1,-3 R=1091,1090,-1,0,-1 F=675,674,-1,3,-7 D=3505,3506,1,2,3 L=1249,1250,1,0,-1 B=1248,1250,2,0,-2
mv U' code=0 aligned=1 homed=- ms=119.0 U=2122,3132,-14,2,0 R=1091,1090,-1,0,-1 F=675,674,-1,3,-7 D=3505,3506,1,2,3 L=1249,1249,0,0,-2 B=1248,1250,2,0,-2
mv U' code=0 aligned=1 homed=- ms=119.0 U=3134,61,-1,3,-3 R=1091,1090,-1,0,-1 F=675,674,-1,3,-7 D=3505,3505,0,2,2 L=1250,1250,0,0,-1 B=1248,1250,2,0,-2
mv U' code=0 aligned=1 homed=- ms=119.0 U=63,1100,13,0,-2 R=1091,1090,-1,0,-1 F=675,674,-1,3,-7 D=3505,3506,1,2,3 L=1249,1250,1,0,-1 B=1248,1250,2,0,-2
mv U' code=0 aligned=1 homed=- ms=119.0 U=1102,2120,-6,1,-2 R=1091,1090,-1,0,-1 F=675,673,-2,3,-8 D=3505,3505,0,2,2 L=1249,1250,1,0,-1 B=1248,1250,2,0,-2
mv U' code=0 aligned=1 homed=- ms=119.0 U=2122,3132,-14,2,0 R=1091,1090,-1,0,-1 F=675,674,-1,3,-7 D=3505,3506,1,2,3 L=1249,1250,1,0,-1 B=1248,1250,2,0,-2
mv U' code=0 aligned=1 homed=- ms=119.0 U=3134,60,-2,3,-4 R=1091,1090,-1,0,-1 F=675,674,-1,3,-7 D=3506,3506,0,2,3 L=1250,1250,0,0,-1 B=1248,1250,2,0,-2
mv U' code=0 aligned=1 homed=- ms=119.0 U=63,1100,13,0,-2 R=1091,1090,-1,0,-1 F=675,674,-1,3,-7 D=3505,3506,1,2,3 L=1249,1250,1,0,-1 B=1248,1250,2,0,-2
mv U' code=0 aligned=1 homed=- ms=119.0 U=1102,2120,-6,1,-2 R=1091,1090,-1,0,-1 F=675,674,-1,3,-7 D=3505,3506,1,2,3 L=1249,1250,1,0,-1 B=1248,1250,2,0,-2
mv U' code=0 aligned=1 homed=- ms=119.0 U=2122,3132,-14,2,0 R=1091,1090,-1,0,-1 F=675,674,-1,3,-7 D=3505,3506,1,2,3 L=1249,1250,1,0,-1 B=1248,1250,2,0,-2
mv U' code=0 aligned=1 homed=- ms=119.0 U=3134,61,-1,3,-3 R=1091,1090,-1,0,-1 F=675,674,-1,3,-7 D=3506,3506,0,2,3 L=1249,1250,1,0,-1 B=1248,1250,2,0,-2
mv U' code=0 aligned=1 homed=- ms=119.0 U=63,1100,13,0,-2 R=1091,1090,-1,0,-1 F=675,674,-1,3,-7 D=3505,3506,1,2,3 L=1249,1250,1,0,-1 B=1248,1250,2,0,-2
mv U' code=0 aligned=1 homed=- ms=119.0 U=1102,2119,-7,1,-3 R=1091,1090,-1,0,-1 F=675,674,-1,3,-7 D=3505,3506,1,2,3 L=1249,1250,1,0,-1 B=1248,1250,2,0,-2
mv U' code=0 aligned=1 homed=- ms=119.0 U=2122,3132,-14,2,0 R=1091,1090,-1,0,-1 F=675,674,-1,3,-7 D=3505,3506,1,2,3 L=1249,1250,1,0,-1 B=1248,1250,2,0,-2
mv U' code=0 aligned=1 homed=- ms=119.0 U=3134,61,-1,3,-3 R=1091,1090,-1,0,-1 F=675,674,-1,3,-7 D=3506,3505,-1,2,2 L=1249,1249,0,0,-2 B=1248,1250,2,0,-2
mv U' code=0 aligned=1 homed=- ms=119.0 U=63,1100,13,0,-2 R=1091,1090,-1,0,-1 F=675,673,-2,3,-8 D=3505,3506,1,2,3 L=1249,1250,1,0,-1 B=1248,1250,2,0,-2
mv U' code=0 aligned=1 homed=- ms=119.0 U=1102,2119,-7,1,-3 R=1091,1090,-1,0,-1 F=675,674,-1,3,-7 D=3505,3506,1,2,3 L=1249,1250,1,0,-1 B=1248,1250,2,0,-2
mv U' code=0 aligned=1 homed=- ms=119.0 U=2122,3132,-14,2,0 R=1091,1090,-1,0,-1 F=675,674,-1,3,-7 D=3505,3506,1,2,3 L=1249,1250,1,0,-1 B=1249,1250,1,0,-2
mv U' code=0 aligned=1 homed=- ms=119.0 U=3134,61,-1,3,-3 R=1091,1090,-1,0,-1 F=675,674,-1,3,-7 D=3505,3506,1,2,3 L=1249,1250,1,0,-1 B=1248,1250,2,0,-2
mv U' code=0 aligned=1 homed=- ms=119.0 U=64,1100,12,0,-2 R=1091,1090,-1,0,-1 F=675,674,-1,3,-7 D=3505,3505,0,2,2 L=1250,1250,0,0,-1 B=1248,1250,2,0,-2
mv U' code=0 aligned=1 homed=- ms=119.0 U=1101,2120,-5,1,-2 R=1091,1090,-1,0,-1 F=675,674,-1,3,-7 D=3505,3505,0,2,2 L=1249,1250,1,0,-1 B=1248,1250,2,0,-2
mv U' code=0 aligned=1 homed=- ms=119.0 U=2122,3132,-14,2,0 R=1091,1090,-1,0,-1 F=675,674,-1,3,-7 D=3505,3506,1,2,3 L=1249,1250,1,0,-1 B=1248,1250,2,0,-2
mv U' code=0 aligned=1 homed=- ms=119.0 U=3134,61,-1,3,-3 R=1091,1090,-1,0,-1 F=675,673,-2,3,-8 D=3505,3505,0,2,2 L=1249,1250,1,0,-1 B=1248,1250,2,0,-2
mv U' code=0 aligned=1 homed=- ms=119.0 U=63,1100,13,0,-2 R=1091,1090,-1,0,-1 F=675,674,-1,3,-7 D=3505,3506,1,2,3 L=1250,1250,0,0,-1 B=1248,1250,2,0,-2
mv U' code=0 aligned=1 homed=- ms=119.0 U=1101,2120,-5,1,-2 R=1091,1090,-1,0,-1 F=675,673,-2,3,-8 D=3505,3506,1,2,3 L=1249,1250,1,0,-1 B=1248,1250,2,0,-2
mv U' code=0 aligned=1 homed=- ms=119.0 U=2122,3132,-14,2,0 R=1091,1090,-1,0,-1 F=675,674,-1,3,-7 D=3506,3505,-1,2,2 L=1249,1250,1,0,-1 B=1248,1250,2,0,-2
mv U' code=0 aligned=1 homed=- ms=119.0 U=3134,61,-1,3,-3 R=1091,1090,-1,0,-1 F=675,674,-1,3,-7 D=3505,3506,1,2,3 L=1249,1250,1,0,-1 B=1248,1250,2,0,-2
mv U' code=0 aligned=1 homed=- ms=119.0 U=63,1100,13,0,-2 R=1091,1090,-1,0,-1 F=675,674,-1,3,-7 D=3506,3506,0,2,3 L=1249,1250,1,0,-1 B=1248,1250,2,0,-2
mv U' code=0 aligned=1 homed=- ms=119.0 U=1102,2119,-7,1,-3 R=1091,1090,-1,0,-1 F=675,674,-1,3,-7 D=3505,3505,0,2,2 L=1249,1249,0,0,-2 B=1248,1250,2,0,-2
mv U' code=0 aligned=1 homed=- ms=119.0 U=2122,3132,-14,2,0 R=1091,1090,-1,0,-1 F=675,674,-1,3,-7 D=3505,3505,0,2,2 L=1249,1250,1,0,-1 B=1248,1250,2,0,-2
mv U' code=0 aligned=1 homed=- ms=119.0 U=3134,61,-1,3,-3 R=1091,1090,-1,0,-1 F=675,674,-1,3,-7 D=3505,3506,1,2,3 L=1249,1250,1,0,-1 B=1248,1250,2,0,-2
mv U' code=0 aligned=1 homed=- ms=119.0 U=63,1100,13,0,-2 R=1091,1090,-1,0,-1 F=675,674,-1,3,-7 D=3505,3506,1,2,3 L=1249,1250,1,0,-1 B=1248,1250,2,0,-2
mv U' code=0 aligned=1 homed=- ms=119.0 U=1102,2119,-7,1,-3 R=1091,1090,-1,0,-1 F=675,674,-1,3,-7 D=3505,3506,1,2,3 L=1249,1250,1,0,-1 B=1248,1250,2,0,-2
mv U' code=0 aligned=1 homed=- ms=119.0 U=2122,3132,-14,2,0 R=1091,1091,0,0,0 F=675,674,-1,3,-7 D=3505,3505,0,2,2 L=1249,1249,0,0,-2 B=1248,1250,2,0,-2
mv U' code=0 aligned=1 homed=- ms=119.0 U=3134,61,-1,3,-3 R=1091,1090,-1,0,-1 F=675,674,-1,3,-7 D=3505,3506,1,2,3 L=1249,1249,0,0,-2 B=1248,1250,2,0,-2
mv U' code=0 aligned=1 homed=- ms=119.0 U=63,1100,13,0,-2 R=1091,1090,-1,0,-1 F=675,674,-1,3,-7 D=3505,3505,0,2,2 L=1249,1250,1,0,-1 B=1248,1250,2,0,-2
mv U' code=0 aligned=1 homed=- ms=119.0 U=1102,2119,-7,1,-3 R=1091,1090,-1,0,-1 F=675,674,-1,3,-7 D=3505,3506,1,2,3 L=1250,1250,0,0,-1 B=1249,1250,1,0,-2
mv U' code=0 aligned=1 homed=- ms=119.0 U=2122,3132,-14,2,0 R=1091,1090,-1,0,-1 F=675,674,-1,3,-7 D=3505,3506,1,2,3 L=1249,1250,1,0,-1 B=1248,1250,2,0,-2
mv U' code=0 aligned=1 homed=- ms=119.0 U=3134,61,-1,3,-3 R=1091,1090,-1,0,-1 F=675,674,-1,3,-7 D=3506,3506,0,2,3 L=1249,1250,1,0,-1 B=1248,1250,2,0,-2
mv U' code=0 aligned=1 homed=- ms=119.0 U=64,1100,12,0,-2 R=1091,1090,-1,0,-1 F=675,674,-1,3,-7 D=3505,3506,1,2,3 L=1249,1250,1,0,-1 B=1248,1250,2,0,-2
mv U' code=0 aligned=1 homed=- ms=119.0 U=1101,2119,-6,1,-3 R=1091,1090,-1,0,-1 F=675,674,-1,3,-7 D=3505,3506,1,2,3 L=1249,1250,1,0,-1 B=1248,1250,2,0,-2
mv U' code=0 aligned=1 homed=- ms=119.0 U=2122,3132,-14,2,0 R=1091,1090,-1,0,-1 F=675,674,-1,3,-7 D=3505,3505,0,2,2 L=1249,1250,1,0,-1 B=1248,1250,2,0,-2
mv U' code=0 aligned=1 homed=- ms=119.0 U=3134,61,-1,3,-3 R=1091,1090,-1,0,-1 F=675,674,-1,3,-7 D=3505,3506,1,2,3 L=1250,1250,0,0,-1 B=1248,1250,2,0,-2
mv U' code=0 aligned=1 homed=- ms=119.0 U=63,1100,13,0,-2 R=1091,1090,-1,0,-1 F=675,674,-1,3,-7 D=3505,3506,1,2,3 L=1249,1250,1,0,-1 B=1248,1250,2,0,-2
mv U' code=0 aligned=1 homed=- ms=119.0 U=1101,2119,-6,1,-3 R=1091,1090,-1,0,-1 F=675,674,-1,3,-7 D=3506,3506,0,2,3 L=1249,1250,1,0,-1 B=1248,1250,2,0,-2
mv U' code=0 aligned=1 homed=- ms=119.0 U=2122,3132,-14,2,0 R=1091,1090,-1,0,-1 F=675,674,-1,3,-7 D=3506,3506,0,2,3 L=1250,1250,0,0,-1 B=1249,1250,1,0,-2
mv U' code=0 aligned=1 homed=- ms=119.0 U=3134,61,-1,3,-3 R=1091,1090,-1,0,-1 F=675,674,-1,3,-7 D=3506,3506,0,2,3 L=1249,1250,1,0,-1 B=1248,1250,2,0,-2
mv U' code=0 aligned=1 homed=- ms=119.0 U=63,1100,13,0,-2 R=1091,1090,-1,0,-1 F=675,674,-1,3,-7 D=3505,3505,0,2,2 L=1249,1250,1,0,-1 B=1248,1250,2,0,-2
mv U' code=0 aligned=1 homed=- ms=119.0 U=1101,2119,-6,1,-3 R=1091,1090,-1,0,-1 F=675,674,-1,3,-7 D=3506,3506,0,2,3 L=1249,1250,1,0,-1 B=1248,1250,2,0,-2
mv U' code=0 aligned=1 homed=- ms=119.0 U=2122,3132,-14,2,0 R=1091,1090,-1,0,-1 F=675,674,-1,3,-7 D=3505,3506,1,2,3 L=1250,1250,0,0,-1 B=1248,1250,2,0,-2
mv U' code=0 aligned=1 homed=- ms=119.0 U=3134,61,-1,3,-3 R=1091,1090,-1,0,-1 F=675,673,-2,3,-8 D=3505,3506,1,2,3 L=1249,1250,1,0,-1 B=1248,1250,2,0,-2
mv U' code=0 aligned=1 homed=- ms=119.0 U=63,1100,13,0,-2 R=1091,1090,-1,0,-1 F=675,674,-1,3,-7 D=3505,3506,1,2,3 L=1249,1250,1,0,-1 B=1248,1250,2,0,-2
mv U' code=0 aligned=1 homed=- ms=119.0 U=1101,2119,-6,1,-3 R=1091,1091,0,0,0 F=675,674,-1,3,-7 D=3505,3506,1,2,3 L=1250,1250,0,0,-1 B=1248,1250,2,0,-2
mv U' code=0 aligned=1 homed=- ms=119.0 U=2122,3132,-14,2,0 R=1091,1090,-1,0,-1 F=675,674,-1,3,-7 D=3505,3506,1,2,3 L=1249,1250,1,0,-1 B=1249,1250,1,0,-2
mv U' code=0 aligned=1 homed=- ms=119.0 U=3134,60,-2,3,-4 R=1091,1090,-1,0,-1 F=675,674,-1,3,-7 D=3505,3505,0,2,2 L=1249,1250,1,0,-1 B=1248,1250,2,0,-2
mv U' code=0 aligned=1 homed=- ms=119.0 U=63,1100,13,0,-2 R=1091,1090,-1,0,-1 F=675,673,-2,3,-8 D=3505,3506,1,2,3 L=1249,1250,1,0,-1 B=1248,1250,2,0,-2
mv U' code=0 aligned=1 homed=- ms=119.0 U=1102,2120,-6,1,-2 R=1091,1090,-1,0,-1 F=675,674,-1,3,-7 D=3506,3506,0,2,3 L=1250,1250,0,0,-1 B=1248,1250,2,0,-2
mv U' code=0 aligned=1 homed=- ms=119.0 U=2122,3132,-14,2,0 R=1091,1090,-1,0,-1 F=675,674,-1,3,-7 D=3505,3505,0,2,2 L=1249,1250,1,0,-1 B=1248,1250,2,0,-2
mv U' code=0 aligned=1 homed=- ms=119.0 U=3134,61,-1,3,-3 R=1091,1090,-1,0,-1 F=675,674,-1,3,-7 D=3505,3505,0,2,2 L=1249,1250,1,0,-1 B=1248,1250,2,0,-2
mv U' code=0 aligned=1 homed=- ms=119.0 U=63,1100,13,0,-2 R=1091,1090,-1,0,-1 F=675,674,-1,3,-7 D=3505,3506,1,2,3 L=1249,1250,1,0,-1 B=1248,1250,2,0,-2
mv U' code=0 aligned=1 homed=- ms=119.0 U=1102,2119,-7,1,-3 R=1091,1090,-1,0,-1 F=675,673,-2,3,-8 D=3505,3506,1,2,3 L=1249,1250,1,0,-1 B=1248,1250,2,0,-2
mv U' code=0 aligned=1 homed=- ms=119.0 U=2122,3132,-14,2,0 R=1091,1090,-1,0,-1 F=675,674,-1,3,-7 D=3505,3506,1,2,3 L=1249,1250,1,0,-1 B=1248,1250,2,0,-2
mv U' code=0 aligned=1 homed=- ms=119.0 U=3134,61,-1,3,-3 R=1091,1090,-1,0,-1 F=675,674,-1,3,-7 D=3505,3506,1,2,3 L=1249,1250,1,0,-1 B=1248,1250,2,0,-2
mv U' code=0 aligned=1 homed=- ms=119.0 U=63,1100,13,0,-2 R=1091,1090,-1,0,-1 F=675,674,-1,3,-7 D=3505,3505,0,2,2 L=1249,1250,1,0,-1 B=1248,1250,2,0,-2
mv U' code=0 aligned=1 homed=- ms=119.0 U=1102,2119,-7,1,-3 R=1091,1090,-1,0,-1 F=675,674,-1,3,-7 D=3506,3506,0,2,3 L=1250,1250,0,0,-1 B=1248,1250,2,0,-2
mv U' code=0 aligned=1 homed=- ms=119.0 U=2122,3132,-14,2,0 R=1091,1090,-1,0,-1 F=675,674,-1,3,-7 D=3505,3506,1,2,3 L=1249,1249,0,0,-2 B=1248,1250,2,0,-2
mv U' code=0 aligned=1 homed=- ms=119.0 U=3134,61,-1,3,-3 R=1091,1090,-1,0,-1 F=675,674,-1,3,-7 D=3505,3505,0,2,2 L=1249,1249,0,0,-2 B=1248,1250,2,0,-2
mv U' code=0 aligned=1 homed=- ms=119.0 U=63,1100,13,0,-2 R=1091,1090,-1,0,-1 F=675,674,-1,3,-7 D=3505,3506,1,2,3 L=1249,1249,0,0,-2 B=1248,1250,2,0,-2
mv U' code=0 aligned=1 homed=- ms=119.0 U=1101,2119,-6,1,-3 R=1091,1090,-1,0,-1 F=675,674,-1,3,-7 D=3505,3506,1,2,3 L=1250,1250,0,0,-1 B=1248,1250,2,0,-2
mv U' code=0 aligned=1 homed=- ms=119.0 U=2122,3132,-14,2,0 R=1091,1090,-1,0,-1 F=675,674,-1,3,-7 D=3505,3506,1,2,3 L=1249,1250,1,0,-1 B=1248,1250,2,0,-2
mv U' code=0 aligned=1 homed=- ms=119.0 U=3134,61,-1,3,-3 R=1091,1090,-1,0,-1 F=675,674,-1,3,-7 D=3505,3506,1,2,3 L=1249,1250,1,0,-1 B=1248,1250,2,0,-2
mv U' code=0 aligned=1 homed=- ms=119.0 U=63,1100,13,0,-2 R=1091,1090,-1,0,-1 F=675,674,-1,3,-7 D=3505,3505,0,2,2 L=1249,1250,1,0,-1 B=1248,1250,2,0,-2
mv U' code=0 aligned=1 homed=- ms=119.0 U=1101,2120,-5,1,-2 R=1091,1090,-1,0,-1 F=675,673,-2,3,-8 D=3505,3505,0,2,2 L=1249,1250,1,0,-1 B=1248,1250,2,0,-2
mv U' code=0 aligned=1 homed=- ms=119.0 U=2122,3132,-14,2,0 R=1091,1090,-1,0,-1 F=675,674,-1,3,-7 D=3505,3505,0,2,2 L=1249,1250,1,0,-1 B=1248,1250,2,0,-2
mv U' code=0 aligned=1 homed=- ms=119.0 U=3134,61,-1,3,-3 R=1091,1090,-1,0,-1 F=675,674,-1,3,-7 D=3505,3505,0,2,2 L=1249,1250,1,0,-1 B=1248,1250,2,0,-2
mv U' code=0 aligned=1 homed=- ms=119.0 U=64,1100,12,0,-2 R=1091,1090,-1,0,-1 F=675,674,-1,3,-7 D=3505,3506,1,2,3 L=1249,1250,1,0,-1 B=1248,1250,2,0,-2
mv U' code=0 aligned=1 homed=- ms=119.0 U=1102,2120,-6,1,-2 R=1091,1090,-1,0,-1 F=675,674,-1,3,-7 D=3505,3506,1,2,3 L=1250,1250,0,0,-1 B=1248,1250,2,0,-2
mv U' code=0 aligned=1 homed=- ms=119.0 U=2122,3132,-14,2,0 R=1091,1090,-1,0,-1 F=675,674,-1,3,-7 D=3505,3506,1,2,3 L=1249,1250,1,0,-1 B=1248,1250,2,0,-2
mv U' code=0 aligned=1 homed=- ms=119.0 U=3134,61,-1,3,-3 R=1091,1090,-1,0,-1 F=675,674,-1,3,-7 D=3505,3506,1,2,3 L=1250,1250,0,0,-1 B=1249,1250,1,0,-2
mv U' code=0 aligned=1 homed=- ms=119.0 U=63,1100,13,0,-2 R=1091,1090,-1,0,-1 F=675,674,-1,3,-7 D=3505,3506,1,2,3 L=1249,1250,1,0,-1 B=1248,1250,2,0,-2
mv U' code=0 aligned=1 homed=- ms=119.0 U=1101,2120,-5,1,-2 R=1091,1090,-1,0,-1 F=675,674,-1,3,-7 D=3505,3506,1,2,3 L=1249,1250,1,0,-1 B=1248,1249,1,0,-3
mv U' code=0 aligned=1 homed=- ms=119.0 U=2122,3132,-14,2,0 R=1091,1090,-1,0,-1 F=675,674,-1,3,-7 D=3505,3505,0,2,2 L=1249,1250,1,0,-1 B=1248,1250,2,0,-2
mv U' code=0 aligned=1 homed=- ms=119.0 U=3134,61,-1,3,-3 R=1091,1090,-1,0,-1 F=675,673,-2,3,-8 D=3505,3506,1,2,3 L=1249,1249,0,0,-2 B=1248,1250,2,0,-2
mv U' code=0 aligned=1 homed=- ms=119.0 U=63,1100,13,0,-2 R=1091,1090,-1,0,-1 F=675,674,-1,3,-7 D=3505,3506,1,2,3 L=1249,1250,1,0,-1 B=1248,1250,2,0,-2
mv U' code=0 aligned=1 homed=- ms=119.0 U=1101,2119,-6,1,-3 R=1091,1090,-1,0,-1 F=675,674,-1,3,-7 D=3505,3505,0,2,2 L=1249,1250,1,0,-1 B=1248,1250,2,0,-2
mv U' code=0 aligned=1 homed=- ms=119.0 U=2122,3132,-14,2,0 R=1091,1090,-1,0,-1 F=675,674,-1,3,-7 D=3505,3505,0,2,2 L=1249,1249,0,0,-2 B=1248,1250,2,0,-2
mv U' code=0 aligned=1 homed=- ms=119.0 U=3134,61,-1,3,-3 R=1091,1090,-1,0,-1 F=675,674,-1,3,-7 D=3505,3505,0,2,2 L=1249,1250,1,0,-1 B=1248,1250,2,0,-2
mv U' code=0 aligned=1 homed=- ms=119.0 U=63,1100,13,0,-2 R=1091,1090,-1,0,-1 F=675,674,-1,3,-7 D=3506,3505,-1,2,2 L=1249,1250,1,0,-1 B=1248,1250,2,0,-2
mv U' code=0 aligned=1 homed=- ms=119.0 U=1102,2120,-6,1,-2 R=1091,1090,-1,0,-1 F=675,674,-1,3,-7 D=3505,3505,0,2,2 L=1249,1250,1,0,-1 B=1248,1250,2,0,-2
mv U' code=0 aligned=1 homed=- ms=119.0 U=2122,3132,-14,2,0 R=1091,1090,-1,0,-1 F=675,674,-1,3,-7 D=3505,3506,1,2,3 L=1249,1250,1,0,-1 B=1248,1250,2,0,-2
mv U' code=0 aligned=1 homed=- ms=119.0 U=3133,61,0,3,-3 R=1091,1090,-1,0,-1 F=675,674,-1,3,-7 D=3505,3505,0,2,2 L=1249,1250,1,0,-1 B=1248,1250,2,0,-2
mv U' code=0 aligned=1 homed=- ms=119.0 U=63,1100,13,0,-2 R=1091,1090,-1,0,-1 F=675,674,-1,3,-7 D=3505,3506,1,2,3 L=1249,1250,1,0,-1 B=1248,1250,2,0,-2
mv U' code=0 aligned=1 homed=- ms=119.0 U=1101,2119,-6,1,-3 R=1091,1090,-1,0,-1 F=675,674,-1,3,-7 D=3505,3506,1,2,3 L=1249,1250,1,0,-1 B=1249,1250,1,0,-2
mv U' code=0 aligned=1 homed=- ms=119.0 U=2122,3132,-14,2,0 R=1091,1090,-1,0,-1 F=675,674,-1,3,-7 D=3505,3505,0,2,2 L=1250,1250,0,0,-1 B=1248,1250,2,0,-2
mv U' code=0 aligned=1 homed=- ms=119.0 U=3133,61,0,3,-3 R=1091,1090,-1,0,-1 F=675,674,-1,3,-7 D=3505,3505,0,2,2 L=1250,1250,0,0,-1 B=1248,1250,2,0,-2
mv U' code=0 aligned=1 homed=- ms=119.0 U=63,1100,13,0,-2 R=1091,1090,-1,0,-1 F=675,674,-1,3,-7 D=3505,3505,0,2,2 L=1249,1250,1,0,-1 B=1248,1250,2,0,-2
mv U' code=0 aligned=1 homed=- ms=119.0 U=1102,2119,-7,1,-3 R=1091,1090,-1,0,-1 F=675,674,-1,3,-7 D=3505,3506,1,2,3 L=1249,1250,1,0,-1 B=1248,1250,2,0,-2
mv U' code=0 aligned=1 homed=- ms=119.0 U=2122,3132,-14,2,0 R=1091,1090,-1,0,-1 F=675,674,-1,3,-7 D=3505,3505,0,2,2 L=1249,1250,1,0,-1 B=1248,1250,2,0,-2
rep moves=200 notaligned=0 homings=0 failures=0 avgms=119.0
res U=200,-2.1,10.1,15 R=- F=- D=- L=- B=-
ok
> home
[align] motor 0 err=2 counts (0.2 steps)
[align] motor 1 err=0 counts (0.0 steps)
[align] motor 2 err=-7 counts (-0.7 steps)
[align] motor 3 err=2 counts (0.2 steps)
[align] motor 4 err=-3 counts (-0.3 steps)
[align] motor 5 err=-6 counts (-0.6 steps)
home code=0 ms=6 en=0
enc U=3132 R=1090 F=674 D=3506 L=1250 B=1250 RING=2768
near U=2:0 R=0:-1 F=3:-7 D=2:3 L=0:-1 B=0:-2
ok
> enc
enc U=3134 R=1091 F=675 D=3505 L=1249 B=1249 RING=2768
near U=2:2 R=0:0 F=3:-6 D=2:2 L=0:-2 B=0:-3
ok
> rep 50 U2 U2
mv U2 code=0 aligned=1 homed=- ms=219.0 U=3135,1099,12,0,-3 R=1091,1090,-1,0,-1 F=675,674,-1,3,-7 D=3505,3506,1,2,3 L=1249,1250,1,0,-1 B=1249,1250,1,0,-2
mv U2 code=0 aligned=1 homed=- ms=219.0 U=1103,3131,-20,2,-1 R=1091,1090,-1,0,-1 F=675,674,-1,3,-7 D=3506,3506,0,2,3 L=1249,1250,1,0,-1 B=1248,1250,2,0,-2
mv U2 code=0 aligned=1 homed=- ms=219.0 U=3135,1099,12,0,-3 R=1091,1090,-1,0,-1 F=675,674,-1,3,-7 D=3505,3506,1,2,3 L=1249,1250,1,0,-1 B=1248,1250,2,0,-2
mv U2 code=0 aligned=1 homed=- ms=219.0 U=1103,3131,-20,2,-1 R=1091,1090,-1,0,-1 F=675,673,-2,3,-8 D=3505,3506,1,2,3 L=1250,1249,-1,0,-2 B=1248,1250,2,0,-2
mv U2 code=0 aligned=1 homed=- ms=219.0 U=3135,1099,12,0,-3 R=1091,1090,-1,0,-1 F=675,674,-1,3,-7 D=3505,3506,1,2,3 L=1249,1250,1,0,-1 B=1248,1250,2,0,-2
mv U2 code=0 aligned=1 homed=- ms=219.0 U=1103,3131,-20,2,-1 R=1091,1090,-1,0,-1 F=675,674,-1,3,-7 D=3505,3506,1,2,3 L=1249,1250,1,0,-1 B=1248,1250,2,0,-2
mv U2 code=0 aligned=1 homed=- ms=219.0 U=3135,1099,12,0,-3 R=1091,1090,-1,0,-1 F=675,674,-1,3,-7 D=3505,3505,0,2,2 L=1249,1250,1,0,-1 B=1248,1250,2,0,-2
mv U2 code=0 aligned=1 homed=- ms=219.0 U=1103,3131,-20,2,-1 R=1091,1090,-1,0,-1 F=675,674,-1,3,-7 D=3505,3506,1,2,3 L=1249,1250,1,0,-1 B=1248,1250,2,0,-2
mv U2 code=0 aligned=1 homed=- ms=219.0 U=3135,1099,12,0,-3 R=1091,1090,-1,0,-1 F=675,674,-1,3,-7 D=3505,3505,0,2,2 L=1249,1250,1,0,-1 B=1248,1250,2,0,-2
mv U2 code=0 aligned=1 homed=- ms=219.0 U=1102,3131,-19,2,-1 R=1091,1090,-1,0,-1 F=675,674,-1,3,-7 D=3506,3506,0,2,3 L=1249,1249,0,0,-2 B=1248,1250,2,0,-2
mv U2 code=0 aligned=1 homed=- ms=219.0 U=3135,1099,12,0,-3 R=1091,1090,-1,0,-1 F=675,674,-1,3,-7 D=3505,3506,1,2,3 L=1249,1249,0,0,-2 B=1248,1250,2,0,-2
mv U2 code=0 aligned=1 homed=- ms=219.0 U=1103,3131,-20,2,-1 R=1091,1090,-1,0,-1 F=675,674,-1,3,-7 D=3505,3505,0,2,2 L=1249,1249,0,0,-2 B=1248,1250,2,0,-2
mv U2 code=0 aligned=1 homed=- ms=219.0 U=3135,1099,12,0,-3 R=1091,1090,-1,0,-1 F=675,674,-1,3,-7 D=3506,3506,0,2,3 L=1250,1250,0,0,-1 B=1248,1250,2,0,-2
mv U2 code=0 aligned=1 homed=- ms=219.0 U=1103,3132,-19,2,0 R=1091,1090,-1,0,-1 F=675,674,-1,3,-7 D=3505,3506,1,2,3 L=1249,1250,1,0,-1 B=1249,1250,1,0,-2
mv U2 code=0 aligned=1 homed=- ms=219.0 U=3135,1099,12,0,-3 R=1091,1090,-1,0,-1 F=675,674,-1,3,-7 D=3505,3505,0,2,2 L=1249,1250,1,0,-1 B=1248,1250,2,0,-2
mv U2 code=0 aligned=1 homed=- ms=219.0 U=1103,3131,-20,2,-1 R=1091,1090,-1,0,-1 F=675,674,-1,3,-7 D=3505,3505,0,2,2 L=1249,1250,1,0,-1 B=1248,1250,2,0,-2
mv U2 code=0 aligned=1 homed=- ms=219.0 U=3135,1099,12,0,-3 R=1091,1090,-1,0,-1 F=675,674,-1,3,-7 D=3505,3505,0,2,2 L=1249,1250,1,0,-1 B=1249,1250,1,0,-2
mv U2 code=0 aligned=1 homed=- ms=219.0 U=1103,3131,-20,2,-1 R=1091,1090,-1,0,-1 F=675,674,-1,3,-7 D=3506,3506,0,2,3 L=1250,1250,0,0,-1 B=1248,1250,2,0,-2
mv U2 code=0 aligned=1 homed=- ms=219.0 U=3135,1099,12,0,-3 R=1091,1090,-1,0,-1 F=675,674,-1,3,-7 D=3506,3506,0,2,3 L=1249,1250,1,0,-1 B=1248,1250,2,0,-2
mv U2 code=0 aligned=1 homed=- ms=219.0 U=1103,3132,-19,2,0 R=1091,1090,-1,0,-1 F=675,674,-1,3,-7 D=3505,3506,1,2,3 L=1249,1250,1,0,-1 B=1248,1250,2,0,-2
mv U2 code=0 aligned=1 homed=- ms=219.0 U=3135,1098,11,0,-4 R=1091,1090,-1,0,-1 F=675,674,-1,3,-7 D=3505,3506,1,2,3 L=1249,1250,1,0,-1 B=1248,1250,2,0,-2
mv U2 code=0 aligned=1 homed=- ms=219.0 U=1102,3131,-19,2,-1 R=1091,1090,-1,0,-1 F=675,674,-1,3,-7 D=3505,3506,1,2,3 L=1250,1250,0,0,-1 B=1248,1250,2,0,-2
mv U2 code=0 aligned=1 homed=- ms=219.0 U=3135,1099,12,0,-3 R=1091,1090,-1,0,-1 F=675,674,-1,3,-7 D=3505,3506,1,2,3 L=1250,1250,0,0,-1 B=1248,1250,2,0,-2
mv U2 code=0 aligned=1 homed=- ms=219.0 U=1103,3131,-20,2,-1 R=1091,1090,-1,0,-1 F=675,674,-1,3,-7 D=3505,3506,1,2,3 L=1249,1250,1,0,-1 B=1248,1250,2,0,-2
mv U2 code=0 aligned=1 homed=- ms=219.0 U=3135,1098,11,0,-4 R=1091,1091,0,0,0 F=675,674,-1,3,-7 D=3506,3505,-1,2,2 L=1249,1250,1,0,-1 B=1248,1250,2,0,-2
mv U2 code=0 aligned=1 homed=- ms=219.0 U=1103,3131,-20,2,-1 R=1091,1090,-1,0,-1 F=675,674,-1,3,-7 D=3505,3505,0,2,2 L=1249,1250,1,0,-1 B=1248,1250,2,0,-2
mv U2 code=0 aligned=1 homed=- ms=219.0 U=3135,1099,12,0,-3 R=1091,1090,-1,0,-1 F=675,674,-1,3,-7 D=3505,3506,1,2,3 L=1249,1250,1,0,-1 B=1248,1250,2,0,-2
mv U2 code=0 aligned=1 homed=- ms=219.0 U=1102,3131,-19,2,-1 R=1091,1090,-1,0,-1 F=675,674,-1,3,-7 D=3505,3506,1,2,3 L=1249,1250,1,0,-1 B=1248,1250,2,0,-2
mv U2 code=0 aligned=1 homed=- ms=219.0 U=3135,1099,12,0,-3 R=1091,1090,-1,0,-1 F=675,674,-1,3,-7 D=3505,3505,0,2,2 L=1249,1250,1,0,-1 B=1248,1250,2,0,-2
mv U2 code=0 aligned=1 homed=- ms=219.0 U=1103,3131,-20,2,-1 R=1091,1090,-1,0,-1 F=675,674,-1,3,-7 D=3505,3505,0,2,2 L=1249,1250,1,0,-1 B=1248,1250,2,0,-2
mv U2 code=0 aligned=1 homed=- ms=219.0 U=3135,1099,12,0,-3 R=1091,1090,-1,0,-1 F=675,674,-1,3,-7 D=3506,3506,0,2,3 L=1250,1250,0,0,-1 B=1248,1250,2,0,-2
mv U2 code=0 aligned=1 homed=- ms=219.0 U=1102,3131,-19,2,-1 R=1091,1090,-1,0,-1 F=675,674,-1,3,-7 D=3505,3506,1,2,3 L=1249,1250,1,0,-1 B=1248,1250,2,0,-2
mv U2 code=0 aligned=1 homed=- ms=219.0 U=3135,1099,12,0,-3 R=1091,1090,-1,0,-1 F=675,674,-1,3,-7 D=3505,3505,0,2,2 L=1250,1249,-1,0,-2 B=1248,1250,2,0,-2
mv U2 code=0 aligned=1 homed=- ms=219.0 U=1103,3131,-20,2,-1 R=1091,1090,-1,0,-1 F=675,674,-1,3,-7 D=3505,3505,0,2,2 L=1249,1250,1,0,-1 B=1248,1250,2,0,-2
mv U2 code=0 aligned=1 homed=- ms=219.0 U=3135,1098,11,0,-4 R=1091,1090,-1,0,-1 F=675,674,-1,3,-7 D=3505,3505,0,2,2 L=1250,1250,0,0,-1 B=1248,1250,2,0,-2
mv U2 code=0 aligned=1 homed=- ms=219.0 U=1102,3131,-19,2,-1 R=1091,1091,0,0,0 F=675,674,-1,3,-7 D=3505,3506,1,2,3 L=1249,1250,1,0,-1 B=1248,1250,2,0,-2
mv U2 code=0 aligned=1 homed=- ms=219.0 U=3135,1099,12,0,-3 R=1091,1090,-1,0,-1 F=675,674,-1,3,-7 D=3506,3506,0,2,3 L=1249,1250,1,0,-1 B=1248,1250,2,0,-2
mv U2 code=0 aligned=1 homed=- ms=219.0 U=1103,3131,-20,2,-1 R=1091,1090,-1,0,-1 F=675,674,-1,3,-7 D=3505,3506,1,2,3 L=1249,1250,1,0,-1 B=1248,1250,2,0,-2
mv U2 code=0 aligned=1 homed=- ms=219.0 U=3135,1098,11,0,-4 R=1091,1090,-1,0,-1 F=675,674,-1,3,-7 D=3505,3506,1,2,3 L=1250,1250,0,0,-1 B=1248,1250,2,0,-2
mv U2 code=0 aligned=1 homed=- ms=219.0 U=1103,3131,-20,2,-1 R=1091,1090,-1,0,-1 F=675,674,-1,3,-7 D=3505,3505,0,2,2 L=1249,1249,0,0,-2 B=1248,1250,2,0,-2
mv U2 code=0 aligned=1 homed=- ms=219.0 U=3135,1099,12,0,-3 R=1091,1090,-1,0,-1 F=675,674,-1,3,-7 D=3505,3505,0,2,2 L=1249,1250,1,0,-1 B=1249,1250,1,0,-2
mv U2 code=0 aligned=1 homed=- ms=219.0 U=1103,3131,-20,2,-1 R=1091,1090,-1,0,-1 F=675,674,-1,3,-7 D=3505,3505,0,2,2 L=1249,1250,1,0,-1 B=1248,1250,2,0,-2
mv U2 code=0 aligned=1 homed=- ms=219.0 U=3135,1099,12,0,-3 R=1091,1090,-1,0,-1 F=675,674,-1,3,-7 D=3505,3506,1,2,3 L=1249,1250,1,0,-1 B=1248,1250,2,0,-2
mv U2 code=0 aligned=1 homed=- ms=219.0 U=1103,3131,-20,2,-1 R=1091,1090,-1,0,-1 F=675,674,-1,3,-7 D=3505,3505,0,2,2 L=1249,1250,1,0,-1 B=1248,1250,2,0,-2
mv U2 code=0 aligned=1 homed=- ms=219.0 U=3135,1099,12,0,-3 R=1091,1090,-1,0,-1 F=675,674,-1,3,-7 D=3505,3506,1,2,3 L=1250,1250,0,0,-1 B=1248,1250,2,0,-2
mv U2 code=0 aligned=1 homed=- ms=219.0 U=1102,3131,-19,2,-1 R=1091,1090,-1,0,-1 F=675,674,-1,3,-7 D=3505,3505,0,2,2 L=1250,1250,0,0,-1 B=1248,1250,2,0,-2
mv U2 code=0 aligned=1 homed=- ms=219.0 U=3135,1099,12,0,-3 R=1091,1090,-1,0,-1 F=675,674,-1,3,-7 D=3505,3506,1,2,3 L=1250,1250,0,0,-1 B=1248,1250,2,0,-2
mv U2 code=0 aligned=1 homed=- ms=219.0 U=1103,3131,-20,2,-1 R=1091,1090,-1,0,-1 F=675,673,-2,3,-8 D=3505,3506,1,2,3 L=1249,1250,1,0,-1 B=1248,1250,2,0,-2
mv U2 code=0 aligned=1 homed=- ms=219.0 U=3136,1099,11,0,-3 R=1091,1090,-1,0,-1 F=675,674,-1,3,-7 D=3505,3506,1,2,3 L=1249,1249,0,0,-2 B=1248,1250,2,0,-2
mv U2 code=0 aligned=1 homed=- ms=219.0 U=1103,3131,-20,2,-1 R=1091,1090,-1,0,-1 F=675,674,-1,3,-7 D=3505,3505,0,2,2 L=1249,1250,1,0,-1 B=1248,1250,2,0,-2
mv U2 code=0 aligned=1 homed=- ms=219.0 U=3135,1098,11,0,-4 R=1091,1090,-1,0,-1 F=675,674,-1,3,-7 D=3505,3506,1,2,3 L=1249,1250,1,0,-1 B=1248,1250,2,0,-2
mv U2 code=0 aligned=1 homed=- ms=219.0 U=1102,3131,-19,2,-1 R=1091,1090,-1,0,-1 F=675,674,-1,3,-7 D=3505,3505,0,2,2 L=1250,1250,0,0,-1 B=1248,1250,2,0,-2
mv U2 code=0 aligned=1 homed=- ms=219.0 U=3135,1099,12,0,-3 R=1091,1090,-1,0,-1 F=675,674,-1,3,-7 D=3505,3506,1,2,3 L=1249,1250,1,0,-1 B=1248,1250,2,0,-2
mv U2 code=0 aligned=1 homed=- ms=219.0 U=1103,3131,-20,2,-1 R=1091,1090,-1,0,-1 F=675,674,-1,3,-7 D=3506,3505,-1,2,2 L=1250,1250,0,0,-1 B=1248,1250,2,0,-2
mv U2 code=0 aligned=1 homed=- ms=219.0 U=3135,1099,12,0,-3 R=1091,1090,-1,0,-1 F=675,674,-1,3,-7 D=3505,3505,0,2,2 L=1249,1250,1,0,-1 B=1248,1250,2,0,-2
mv U2 code=0 aligned=1 homed=- ms=219.0 U=1102,3131,-19,2,-1 R=1091,1090,-1,0,-1 F=675,674,-1,3,-7 D=3505,3505,0,2,2 L=1249,1250,1,0,-1 B=1248,1250,2,0,-2
mv U2 code=0 aligned=1 homed=- ms=219.0 U=3135,1099,12,0,-3 R=1091,1090,-1,0,-1 F=675,674,-1,3,-7 D=3505,3505,0,2,2 L=1249,1249,0,0,-2 B=1248,1250,2,0,-2
mv U2 code=0 aligned=1 homed=- ms=219.0 U=1103,3131,-20,2,-1 R=1091,1090,-1,0,-1 F=675,674,-1,3,-7 D=3505,3506,1,2,3 L=1249,1250,1,0,-1 B=1248,1250,2,0,-2
mv U2 code=0 aligned=1 homed=- ms=219.0 U=3136,1099,11,0,-3 R=1091,1090,-1,0,-1 F=675,674,-1,3,-7 D=3505,3505,0,2,2 L=1249,1250,1,0,-1 B=1248,1250,2,0,-2
mv U2 code=0 aligned=1 homed=- ms=219.0 U=1102,3131,-19,2,-1 R=1091,1090,-1,0,-1 F=675,674,-1,3,-7 D=3505,3506,1,2,3 L=1249,1250,1,0,-1 B=1248,1250,2,0,-2
mv U2 code=0 aligned=1 homed=- ms=219.0 U=3135,1099,12,0,-3 R=1091,1090,-1,0,-1 F=675,674,-1,3,-7 D=3505,3506,1,2,3 L=1249,1250,1,0,-1 B=1248,1250,2,0,-2
mv U2 code=0 aligned=1 homed=- ms=219.0 U=1103,3131,-20,2,-1 R=1091,1090,-1,0,-1 F=675,674,-1,3,-7 D=3505,3505,0,2,2 L=1249,1250,1,0,-1 B=1248,1250,2,0,-2
mv U2 code=0 aligned=1 homed=- ms=219.0 U=3135,1099,12,0,-3 R=1091,1090,-1,0,-1 F=675,674,-1,3,-7 D=3505,3506,1,2,3 L=1249,1250,1,0,-1 B=1248,1250,2,0,-2
mv U2 code=0 aligned=1 homed=- ms=219.0 U=1103,3131,-20,2,-1 R=1091,1090,-1,0,-1 F=675,674,-1,3,-7 D=3505,3505,0,2,2 L=1249,1250,1,0,-1 B=1249,1250,1,0,-2
mv U2 code=0 aligned=1 homed=- ms=219.0 U=3135,1099,12,0,-3 R=1091,1090,-1,0,-1 F=675,674,-1,3,-7 D=3505,3505,0,2,2 L=1249,1250,1,0,-1 B=1248,1250,2,0,-2
mv U2 code=0 aligned=1 homed=- ms=219.0 U=1103,3131,-20,2,-1 R=1091,1090,-1,0,-1 F=675,674,-1,3,-7 D=3505,3505,0,2,2 L=1249,1250,1,0,-1 B=1248,1250,2,0,-2
mv U2 code=0 aligned=1 homed=- ms=219.0 U=3135,1099,12,0,-3 R=1091,1090,-1,0,-1 F=675,674,-1,3,-7 D=3505,3505,0,2,2 L=1249,1250,1,0,-1 B=1248,1250,2,0,-2
mv U2 code=0 aligned=1 homed=- ms=219.0 U=1103,3131,-20,2,-1 R=1091,1090,-1,0,-1 F=675,674,-1,3,-7 D=3505,3505,0,2,2 L=1249,1250,1,0,-1 B=1248,1250,2,0,-2
mv U2 code=0 aligned=1 homed=- ms=219.0 U=3135,1099,12,0,-3 R=1091,1090,-1,0,-1 F=675,674,-1,3,-7 D=3505,3506,1,2,3 L=1249,1250,1,0,-1 B=1248,1250,2,0,-2
mv U2 code=0 aligned=1 homed=- ms=219.0 U=1103,3131,-20,2,-1 R=1091,1090,-1,0,-1 F=675,674,-1,3,-7 D=3506,3505,-1,2,2 L=1249,1250,1,0,-1 B=1248,1250,2,0,-2
mv U2 code=0 aligned=1 homed=- ms=219.0 U=3135,1099,12,0,-3 R=1091,1090,-1,0,-1 F=675,674,-1,3,-7 D=3505,3505,0,2,2 L=1249,1250,1,0,-1 B=1248,1250,2,0,-2
mv U2 code=0 aligned=1 homed=- ms=219.0 U=1103,3131,-20,2,-1 R=1091,1090,-1,0,-1 F=675,674,-1,3,-7 D=3505,3505,0,2,2 L=1249,1250,1,0,-1 B=1248,1250,2,0,-2
mv U2 code=0 aligned=1 homed=- ms=219.0 U=3135,1099,12,0,-3 R=1091,1090,-1,0,-1 F=675,674,-1,3,-7 D=3505,3506,1,2,3 L=1249,1250,1,0,-1 B=1248,1250,2,0,-2
mv U2 code=0 aligned=1 homed=- ms=219.0 U=1103,3131,-20,2,-1 R=1091,1090,-1,0,-1 F=675,674,-1,3,-7 D=3505,3506,1,2,3 L=1249,1249,0,0,-2 B=1248,1250,2,0,-2
mv U2 code=0 aligned=1 homed=- ms=219.0 U=3135,1099,12,0,-3 R=1091,1090,-1,0,-1 F=675,674,-1,3,-7 D=3505,3506,1,2,3 L=1249,1250,1,0,-1 B=1248,1250,2,0,-2
mv U2 code=0 aligned=1 homed=- ms=219.0 U=1103,3131,-20,2,-1 R=1091,1090,-1,0,-1 F=675,674,-1,3,-7 D=3505,3506,1,2,3 L=1249,1250,1,0,-1 B=1248,1250,2,0,-2
mv U2 code=0 aligned=1 homed=- ms=219.0 U=3135,1099,12,0,-3 R=1091,1090,-1,0,-1 F=675,674,-1,3,-7 D=3505,3505,0,2,2 L=1249,1250,1,0,-1 B=1248,1250,2,0,-2
mv U2 code=0 aligned=1 homed=- ms=219.0 U=1102,3131,-19,2,-1 R=1091,1090,-1,0,-1 F=675,674,-1,3,-7 D=3505,3506,1,2,3 L=1249,1250,1,0,-1 B=1248,1250,2,0,-2
mv U2 code=0 aligned=1 homed=- ms=219.0 U=3135,1099,12,0,-3 R=1091,1090,-1,0,-1 F=675,674,-1,3,-7 D=3506,3505,-1,2,2 L=1250,1250,0,0,-1 B=1248,1250,2,0,-2
mv U2 code=0 aligned=1 homed=- ms=219.0 U=1102,3131,-19,2,-1 R=1091,1090,-1,0,-1 F=675,673,-2,3,-8 D=3505,3506,1,2,3 L=1249,1250,1,0,-1 B=1248,1250,2,0,-2
mv U2 code=0 aligned=1 homed=- ms=219.0 U=3135,1099,12,0,-3 R=1091,1090,-1,0,-1 F=675,674,-1,3,-7 D=3505,3506,1,2,3 L=1250,1250,0,0,-1 B=1248,1250,2,0,-2
mv U2 code=0 aligned=1 homed=- ms=219.0 U=1103,3131,-20,2,-1 R=1091,1090,-1,0,-1 F=675,674,-1,3,-7 D=3505,3505,0,2,2 L=1249,1250,1,0,-1 B=1248,1250,2,0,-2
mv U2 code=0 aligned=1 homed=- ms=219.0 U=3135,1099,12,0,-3 R=1091,1091,0,0,0 F=675,674,-1,3,-7 D=3505,3506,1,2,3 L=1250,1250,0,0,-1 B=1248,1250,2,0,-2
mv U2 code=0 aligned=1 homed=- ms=219.0 U=1103,3131,-20,2,-1 R=1091,1090,-1,0,-1 F=675,674,-1,3,-7 D=3505,3506,1,2,3 L=1250,1250,0,0,-1 B=1248,1250,2,0,-2
mv U2 code=0 aligned=1 homed=- ms=219.0 U=3135,1099,12,0,-3 R=1091,1090,-1,0,-1 F=675,674,-1,3,-7 D=3505,3505,0,2,2 L=1250,1250,0,0,-1 B=1248,1250,2,0,-2
mv U2 code=0 aligned=1 homed=- ms=219.0 U=1103,3131,-20,2,-1 R=1091,1090,-1,0,-1 F=675,674,-1,3,-7 D=3505,3506,1,2,3 L=1249,1250,1,0,-1 B=1248,1250,2,0,-2
mv U2 code=0 aligned=1 homed=- ms=219.0 U=3135,1099,12,0,-3 R=1091,1090,-1,0,-1 F=675,674,-1,3,-7 D=3506,3506,0,2,3 L=1249,1250,1,0,-1 B=1248,1250,2,0,-2
mv U2 code=0 aligned=1 homed=- ms=219.0 U=1102,3131,-19,2,-1 R=1091,1090,-1,0,-1 F=675,674,-1,3,-7 D=3505,3506,1,2,3 L=1249,1250,1,0,-1 B=1248,1250,2,0,-2
mv U2 code=0 aligned=1 homed=- ms=219.0 U=3135,1099,12,0,-3 R=1091,1090,-1,0,-1 F=675,674,-1,3,-7 D=3505,3506,1,2,3 L=1249,1250,1,0,-1 B=1248,1250,2,0,-2
mv U2 code=0 aligned=1 homed=- ms=219.0 U=1103,3132,-19,2,0 R=1091,1090,-1,0,-1 F=675,674,-1,3,-7 D=3505,3505,0,2,2 L=1249,1249,0,0,-2 B=1248,1250,2,0,-2
mv U2 code=0 aligned=1 homed=- ms=219.0 U=3135,1099,12,0,-3 R=1091,1090,-1,0,-1 F=675,674,-1,3,-7 D=3505,3505,0,2,2 L=1249,1250,1,0,-1 B=1248,1250,2,0,-2
mv U2 code=0 aligned=1 homed=- ms=219.0 U=1103,3131,-20,2,-1 R=1091,1090,-1,0,-1 F=675,674,-1,3,-7 D=3505,3506,1,2,3 L=1250,1249,-1,0,-2 B=1248,1250,2,0,-2
mv U2 code=0 aligned=1 homed=- ms=219.0 U=3135,1099,12,0,-3 R=1091,1090,-1,0,-1 F=675,674,-1,3,-7 D=3505,3506,1,2,3 L=1249,1250,1,0,-1 B=1248,1250,2,0,-2
mv U2 code=0 aligned=1 homed=- ms=219.0 U=1103,3131,-20,2,-1 R=1091,1090,-1,0,-1 F=675,674,-1,3,-7 D=3505,3506,1,2,3 L=1249,1250,1,0,-1 B=1248,1250,2,0,-2
mv U2 code=0 aligned=1 homed=- ms=219.0 U=3135,1099,12,0,-3 R=1091,1090,-1,0,-1 F=675,674,-1,3,-7 D=3505,3506,1,2,3 L=1249,1249,0,0,-2 B=1248,1250,2,0,-2
mv U2 code=0 aligned=1 homed=- ms=219.0 U=1103,3131,-20,2,-1 R=1091,1090,-1,0,-1 F=675,674,-1,3,-7 D=3505,3505,0,2,2 L=1249,1250,1,0,-1 B=1249,1250,1,0,-2
mv U2 code=0 aligned=1 homed=- ms=219.0 U=3135,1099,12,0,-3 R=1091,1090,-1,0,-1 F=675,674,-1,3,-7 D=3505,3505,0,2,2 L=1249,1250,1,0,-1 B=1248,1250,2,0,-2
mv U2 code=0 aligned=1 homed=- ms=219.0 U=1103,3131,-20,2,-1 R=1091,1090,-1,0,-1 F=675,674,-1,3,-7 D=3505,3505,0,2,2 L=1250,1250,0,0,-1 B=1248,1250,2,0,-2
mv U2 code=0 aligned=1 homed=- ms=219.0 U=3135,1099,12,0,-3 R=1091,1090,-1,0,-1 F=675,674,-1,3,-7 D=3505,3505,0,2,2 L=1249,1250,1,0,-1 B=1248,1250,2,0,-2
mv U2 code=0 aligned=1 homed=- ms=219.0 U=1103,3131,-20,2,-1 R=1091,1090,-1,0,-1 F=675,674,-1,3,-7 D=3505,3506,1,2,3 L=1249,1250,1,0,-1 B=1248,1250,2,0,-2
rep moves=100 notaligned=0 homings=0 failures=0 avgms=219.0
res U=100,-3.9,16.3,20 R=- F=- D=- L=- B=-
ok
> home
[align] motor 0 err=3 counts (0.3 steps)
[align] motor 1 err=0 counts (0.0 steps)
[align] motor 2 err=-7 counts (-0.7 steps)
[align] motor 3 err=2 counts (0.2 steps)
[align] motor 4 err=-3 counts (-0.3 steps)
[align] motor 5 err=-6 counts (-0.6 steps)
home code=0 ms=6 en=0
enc U=3131 R=1090 F=674 D=3506 L=1249 B=1249 RING=2768
near U=2:-1 R=0:-1 F=3:-7 D=2:3 L=0:-2 B=0:-3
ok
> enc
enc U=3134 R=1091 F=675 D=3506 L=1249 B=1249 RING=2768
near U=2:2 R=0:0 F=3:-6 D=2:3 L=0:-2 B=0:-3
ok
> health
health U=1,1,0/128/676 R=1,1,0/128/1620 F=1,1,0/128/1788 D=1,1,0/128/1577 L=1,1,0/128/678 B=1,1,0/128/1286 RING=1,1,0/128/1600
ok
> health
health U=1,1,0/128/677 R=1,1,0/128/1621 F=1,1,0/128/1789 D=1,1,0/128/1577 L=1,1,0/128/678 B=1,1,0/128/1287 RING=1,1,0/128/1598
ok
> health
health U=1,1,0/128/676 R=1,1,0/128/1621 F=1,1,0/128/1788 D=1,1,0/128/1579 L=1,1,0/128/678 B=1,1,0/128/1284 RING=1,1,0/128/1598
ok
> enc
enc U=3135 R=1091 F=675 D=3505 L=1249 B=1247 RING=2768
near U=2:3 R=0:0 F=3:-6 D=2:2 L=0:-2 B=0:-5
ok
> rep 100 U U'
mv U code=0 aligned=1 homed=- ms=119.0 U=3134,2119,9,1,-3 R=1091,1090,-1,0,-1 F=675,674,-1,3,-7 D=3505,3506,1,2,3 L=1249,1250,1,0,-1 B=1247,1237,-10,0,-15
mv U' code=0 aligned=1 homed=- ms=119.0 U=2123,3132,-15,2,0 R=1091,1090,-1,0,-1 F=675,674,-1,3,-7 D=3505,3506,1,2,3 L=1249,1250,1,0,-1 B=1238,1236,-2,0,-16
mv U code=0 aligned=1 homed=- ms=119.0 U=3135,2119,8,1,-3 R=1091,1090,-1,0,-1 F=675,674,-1,3,-7 D=3505,3505,0,2,2 L=1250,1250,0,0,-1 B=1237,1236,-1,0,-16
mv U' code=0 aligned=1 homed=- ms=119.0 U=2123,3132,-15,2,0 R=1091,1090,-1,0,-1 F=675,674,-1,3,-7 D=3505,3505,0,2,2 L=1250,1250,0,0,-1 B=1237,1236,-1,0,-16
mv U code=0 aligned=1 homed=- ms=119.0 U=3135,2118,7,1,-4 R=1091,1090,-1,0,-1 F=675,674,-1,3,-7 D=3505,3506,1,2,3 L=1249,1250,1,0,-1 B=1237,1236,-1,0,-16
mv U' code=0 aligned=1 homed=- ms=119.0 U=2123,3132,-15,2,0 R=1091,1090,-1,0,-1 F=675,674,-1,3,-7 D=3505,3506,1,2,3 L=1249,1250,1,0,-1 B=1237,1236,-1,0,-16
mv U code=0 aligned=1 homed=- ms=119.0 U=3135,2119,8,1,-3 R=1091,1090,-1,0,-1 F=675,674,-1,3,-7 D=3505,3506,1,2,3 L=1249,1250,1,0,-1 B=1236,1236,0,0,-16
mv U' code=0 aligned=1 homed=- ms=119.0 U=2123,3132,-15,2,0 R=1091,1090,-1,0,-1 F=675,674,-1,3,-7 D=3505,3505,0,2,2 L=1249,1250,1,0,-1 B=1237,1236,-1,0,-16
mv U code=0 aligned=1 homed=- ms=119.0 U=3134,2119,9,1,-3 R=1091,1090,-1,0,-1 F=675,674,-1,3,-7 D=3505,3505,0,2,2 L=1249,1250,1,0,-1 B=1236,1236,0,0,-16
mv U' code=0 aligned=1 homed=- ms=119.0 U=2123,3132,-15,2,0 R=1091,1090,-1,0,-1 F=675,674,-1,3,-7 D=3505,3506,1,2,3 L=1249,1250,1,0,-1 B=1237,1236,-1,0,-16
mv U code=0 aligned=1 homed=- ms=119.0 U=3135,2119,8,1,-3 R=1091,1090,-1,0,-1 F=675,674,-1,3,-7 D=3505,3505,0,2,2 L=1250,1250,0,0,-1 B=1236,1236,0,0,-16
mv U' code=0 aligned=1 homed=- ms=119.0 U=2123,3132,-15,2,0 R=1091,1090,-1,0,-1 F=675,674,-1,3,-7 D=3505,3505,0,2,2 L=1249,1249,0,0,-2 B=1236,1236,0,0,-16
mv U code=0 aligned=1 homed=- ms=119.0 U=3134,2118,8,1,-4 R=1091,1090,-1,0,-1 F=675,674,-1,3,-7 D=3505,3506,1,2,3 L=1249,1250,1,0,-1 B=1236,1236,0,0,-16
mv U' code=0 aligned=1 homed=- ms=119.0 U=2123,3132,-15,2,0 R=1091,1090,-1,0,-1 F=675,674,-1,3,-7 D=3505,3506,1,2,3 L=1249,1250,1,0,-1 B=1236,1236,0,0,-16
mv U code=0 aligned=1 homed=- ms=119.0 U=3134,2119,9,1,-3 R=1091,1090,-1,0,-1 F=675,674,-1,3,-7 D=3506,3506,0,2,3 L=1249,1250,1,0,-1 B=1236,1236,0,0,-16
mv U' code=0 aligned=1 homed=- ms=119.0 U=2123,3132,-15,2,0 R=1091,1090,-1,0,-1 F=675,674,-1,3,-7 D=3505,3505,0,2,2 L=1249,1250,1,0,-1 B=1236,1236,0,0,-16
mv U code=0 aligned=1 homed=- ms=119.0 U=3135,2119,8,1,-3 R=1091,1091,0,0,0 F=675,674,-1,3,-7 D=3505,3505,0,2,2 L=1249,1250,1,0,-1 B=1236,1236,0,0,-16
mv U' code=0 aligned=1 homed=- ms=119.0 U=2123,3132,-15,2,0 R=1091,1090,-1,0,-1 F=675,674,-1,3,-7 D=3506,3506,0,2,3 L=1249,1250,1,0,-1 B=1236,1236,0,0,-16
mv U code=0 aligned=1 homed=- ms=119.0 U=3134,2119,9,1,-3 R=1091,1090,-1,0,-1 F=675,674,-1,3,-7 D=3505,3505,0,2,2 L=1249,1249,0,0,-2 B=1236,1236,0,0,-16
mv U' code=0 aligned=1 homed=- ms=119.0 U=2123,3132,-15,2,0 R=1091,1090,-1,0,-1 F=675,674,-1,3,-7 D=3505,3505,0,2,2 L=1249,1250,1,0,-1 B=1236,1236,0,0,-16
mv U code=0 aligned=1 homed=- ms=119.0 U=3134,2119,9,1,-3 R=1091,1090,-1,0,-1 F=675,674,-1,3,-7 D=3505,3505,0,2,2 L=1249,1250,1,0,-1 B=1236,1236,0,0,-16
mv U' code=0 aligned=1 homed=- ms=119.0 U=2123,3132,-15,2,0 R=1091,1090,-1,0,-1 F=675,674,-1,3,-7 D=3506,3505,-1,2,2 L=1249,1250,1,0,-1 B=1236,1236,0,0,-16
mv U code=0 aligned=1 homed=- ms=119.0 U=3135,2119,8,1,-3 R=1091,1090,-1,0,-1 F=675,674,-1,3,-7 D=3505,3506,1,2,3 L=1249,1250,1,0,-1 B=1236,1236,0,0,-16
mv U' code=0 aligned=1 homed=- ms=119.0 U=2123,3132,-15,2,0 R=1091,1090,-1,0,-1 F=675,674,-1,3,-7 D=3505,3505,0,2,2 L=1249,1250,1,0,-1 B=1236,1236,0,0,-16
mv U code=0 aligned=1 homed=- ms=119.0 U=3135,2119,8,1,-3 R=1091,1090,-1,0,-1 F=675,674,-1,3,-7 D=3505,3506,1,2,3 L=1250,1250,0,0,-1 B=1236,1236,0,0,-16
mv U' code=0 aligned=1 homed=- ms=119.0 U=2123,3132,-15,2,0 R=1091,1090,-1,0,-1 F=675,674,-1,3,-7 D=3505,3505,0,2,2 L=1249,1250,1,0,-1 B=1236,1236,0,0,-16
mv U code=0 aligned=1 homed=- ms=119.0 U=3135,2118,7,1,-4 R=1091,1090,-1,0,-1 F=675,674,-1,3,-7 D=3505,3506,1,2,3 L=1249,1250,1,0,-1 B=1236,1236,0,0,-16
mv U' code=0 aligned=1 homed=- ms=119.0 U=2123,3132,-15,2,0 R=1091,1090,-1,0,-1 F=675,674,-1,3,-7 D=3505,3505,0,2,2 L=1249,1250,1,0,-1 B=1236,1236,0,0,-16
mv U code=0 aligned=1 homed=- ms=119.0 U=3135,2119,8,1,-3 R=1091,1090,-1,0,-1 F=675,674,-1,3,-7 D=3505,3505,0,2,2 L=1250,1250,0,0,-1 B=1236,1236,0,0,-16
mv U' code=0 aligned=1 homed=- ms=119.0 U=2123,3132,-15,2,0 R=1091,1090,-1,0,-1 F=675,674,-1,3,-7 D=3506,3506,0,2,3 L=1250,1249,-1,0,-2 B=1236,1236,0,0,-16
mv U code=0 aligned=1 homed=- ms=119.0 U=3135,2119,8,1,-3 R=1091,1090,-1,0,-1 F=675,674,-1,3,-7 D=3505,3506,1,2,3 L=1249,1250,1,0,-1 B=1236,1236,0,0,-16
mv U' code=0 aligned=1 homed=- ms=119.0 U=2123,3132,-15,2,0 R=1090,1090,0,0,-1 F=675,674,-1,3,-7 D=3505,3505,0,2,2 L=1249,1250,1,0,-1 B=1236,1236,0,0,-16
mv U code=0 aligned=1 homed=- ms=119.0 U=3134,2119,9,1,-3 R=1091,1090,-1,0,-1 F=675,674,-1,3,-7 D=3505,3505,0,2,2 L=1250,1250,0,0,-1 B=1236,1236,0,0,-16
mv U' code=0 aligned=1 homed=- ms=119.0 U=2123,3132,-15,2,0 R=1091,1090,-1,0,-1 F=675,674,-1,3,-7 D=3505,3506,1,2,3 L=1249,1250,1,0,-1 B=1236,1236,0,0,-16
mv U code=0 aligned=1 homed=- ms=119.0 U=3135,2118,7,1,-4 R=1091,1090,-1,0,-1 F=675,674,-1,3,-7 D=3505,3505,0,2,2 L=1249,1250,1,0,-1 B=1236,1236,0,0,-16
mv U' code=0 aligned=1 homed=- ms=119.0 U=2123,3132,-15,2,0 R=1091,1090,-1,0,-1 F=675,674,-1,3,-7 D=3505,3506,1,2,3 L=1249,1250,1,0,-1 B=1236,1236,0,0,-16
mv U code=0 aligned=1 homed=- ms=119.0 U=3135,2119,8,1,-3 R=1091,1090,-1,0,-1 F=675,674,-1,3,-7 D=3505,3505,0,2,2 L=1249,1250,1,0,-1 B=1236,1236,0,0,-16
mv U' code=0 aligned=1 homed=- ms=119.0 U=2123,3132,-15,2,0 R=1091,1090,-1,0,-1 F=675,674,-1,3,-7 D=3505,3506,1,2,3 L=1249,1249,0,0,-2 B=1236,1236,0,0,-16
mv U code=0 aligned=1 homed=- ms=119.0 U=3134,2119,9,1,-3 R=1091,1090,-1,0,-1 F=675,673,-2,3,-8 D=3505,3505,0,2,2 L=1249,1250,1,0,-1 B=1236,1236,0,0,-16
mv U' code=0 aligned=1 homed=- ms=119.0 U=2123,3132,-15,2,0 R=1091,1090,-1,0,-1 F=675,674,-1,3,-7 D=3505,3505,0,2,2 L=1249,1250,1,0,-1 B=1236,1236,0,0,-16
mv U code=0 aligned=1 homed=- ms=119.0 U=3135,2119,8,1,-3 R=1091,1090,-1,0,-1 F=675,674,-1,3,-7 D=3505,3506,1,2,3 L=1250,1249,-1,0,-2 B=1236,1236,0,0,-16
mv U' code=0 aligned=1 homed=- ms=119.0 U=2123,3132,-15,2,0 R=1091,1090,-1,0,-1 F=675,674,-1,3,-7 D=3505,3506,1,2,3 L=1249,1250,1,0,-1 B=1236,1236,0,0,-16
mv U code=0 aligned=1 homed=- ms=119.0 U=3134,2118,8,1,-4 R=1091,1090,-1,0,-1 F=675,674,-1,3,-7 D=3505,3506,1,2,3 L=1250,1250,0,0,-1 B=1236,1236,0,0,-16
mv U' code=0 aligned=1 homed=- ms=119.0 U=2123,3132,-15,2,0 R=1091,1090,-1,0,-1 F=675,674,-1,3,-7 D=3505,3505,0,2,2 L=1249,1250,1,0,-1 B=1236,1236,0,0,-16
mv U code=0 aligned=1 homed=- ms=119.0 U=3135,2119,8,1,-3 R=1091,1090,-1,0,-1 F=675,674,-1,3,-7 D=3505,3506,1,2,3 L=1249,1250,1,0,-1 B=1236,1236,0,0,-16
mv U' code=0 aligned=1 homed=- ms=119.0 U=2123,3132,-15,2,0 R=1091,1090,-1,0,-1 F=675,674,-1,3,-7 D=3505,3506,1,2,3 L=1249,1250,1,0,-1 B=1236,1236,0,0,-16
mv U code=0 aligned=1 homed=- ms=119.0 U=3134,2119,9,1,-3 R=1091,1090,-1,0,-1 F=675,674,-1,3,-7 D=3505,3505,0,2,2 L=1249,1250,1,0,-1 B=1236,1236,0,0,-16
mv U' code=0 aligned=1 homed=- ms=119.0 U=2123,3132,-15,2,0 R=1091,1090,-1,0,-1 F=675,674,-1,3,-7 D=3505,3505,0,2,2 L=1249,1250,1,0,-1 B=1236,1236,0,0,-16
mv U code=0 aligned=1 homed=- ms=119.0 U=3135,2119,8,1,-3 R=1091,1090,-1,0,-1 F=675,674,-1,3,-7 D=3506,3505,-1,2,2 L=1249,1250,1,0,-1 B=1236,1236,0,0,-16
mv U' code=0 aligned=1 homed=- ms=119.0 U=2123,3132,-15,2,0 R=1091,1090,-1,0,-1 F=675,674,-1,3,-7 D=3506,3505,-1,2,2 L=1249,1250,1,0,-1 B=1236,1236,0,0,-16
mv U code=0 aligned=1 homed=- ms=119.0 U=3135,2119,8,1,-3 R=1091,1090,-1,0,-1 F=675,674,-1,3,-7 D=3505,3506,1,2,3 L=1250,1250,0,0,-1 B=1236,1236,0,0,-16
mv U' code=0 aligned=1 homed=- ms=119.0 U=2123,3132,-15,2,0 R=1091,1090,-1,0,-1 F=675,674,-1,3,-7 D=3505,3506,1,2,3 L=1249,1250,1,0,-1 B=1236,1236,0,0,-16
mv U code=0 aligned=1 homed=- ms=119.0 U=3134,2119,9,1,-3 R=1091,1090,-1,0,-1 F=675,674,-1,3,-7 D=3505,3506,1,2,3 L=1249,1250,1,0,-1 B=1236,1236,0,0,-16
mv U' code=0 aligned=1 homed=- ms=119.0 U=2123,3132,-15,2,0 R=1091,1090,-1,0,-1 F=675,674,-1,3,-7 D=3505,3505,0,2,2 L=1249,1249,0,0,-2 B=1236,1236,0,0,-16
mv U code=0 aligned=1 homed=- ms=119.0 U=3135,2119,8,1,-3 R=1091,1090,-1,0,-1 F=675,674,-1,3,-7 D=3505,3505,0,2,2 L=1249,1250,1,0,-1 B=1236,1236,0,0,-16
mv U' code=0 aligned=1 homed=- ms=119.0 U=2123,3132,-15,2,0 R=1091,1090,-1,0,-1 F=675,674,-1,3,-7 D=3505,3505,0,2,2 L=1250,1250,0,0,-1 B=1236,1236,0,0,-16
mv U code=0 aligned=1 homed=- ms=119.0 U=3134,2118,8,1,-4 R=1091,1090,-1,0,-1 F=675,674,-1,3,-7 D=3505,3505,0,2,2 L=1249,1250,1,0,-1 B=1236,1236,0,0,-16
mv U' code=0 aligned=1 homed=- ms=119.0 U=2123,3132,-15,2,0 R=1091,1090,-1,0,-1 F=675,674,-1,3,-7 D=3505,3506,1,2,3 L=1249,1249,0,0,-2 B=1236,1236,0,0,-16
mv U code=0 aligned=1 homed=- ms=119.0 U=3134,2119,9,1,-3 R=1091,1090,-1,0,-1 F=675,674,-1,3,-7 D=3505,3506,1,2,3 L=1249,1250,1,0,-1 B=1236,1236,0,0,-16
mv U' code=0 aligned=1 homed=- ms=119.0 U=2123,3132,-15,2,0 R=1091,1090,-1,0,-1 F=675,674,-1,3,-7 D=3505,3505,0,2,2 L=1249,1250,1,0,-1 B=1236,1236,0,0,-16
mv U code=0 aligned=1 homed=- ms=119.0 U=3135,2119,8,1,-3 R=1091,1090,-1,0,-1 F=675,674,-1,3,-7 D=3505,3505,0,2,2 L=1249,1250,1,0,-1 B=1236,1236,0,0,-16
mv U' code=0 aligned=1 homed=- ms=119.0 U=2123,3132,-15,2,0 R=1091,1090,-1,0,-1 F=675,674,-1,3,-7 D=3505,3506,1,2,3 L=1249,1250,1,0,-1 B=1236,1236,0,0,-16
mv U code=0 aligned=1 homed=- ms=119.0 U=3135,2119,8,1,-3 R=1091,1090,-1,0,-1 F=675,674,-1,3,-7 D=3505,3506,1,2,3 L=1249,1250,1,0,-1 B=1236,1236,0,0,-16
mv U' code=0 aligned=1 homed=- ms=119.0 U=2123,3132,-15,2,0 R=1091,1090,-1,0,-1 F=675,674,-1,3,-7 D=3505,3505,0,2,2 L=1249,1250,1,0,-1 B=1236,1236,0,0,-16
mv U code=0 aligned=1 homed=- ms=119.0 U=3134,2119,9,1,-3 R=1091,1090,-1,0,-1 F=675,674,-1,3,-7 D=3505,3505,0,2,2 L=1249,1250,1,0,-1 B=1236,1236,0,0,-16
mv U' code=0 aligned=1 homed=- ms=119.0 U=2123,3132,-15,2,0 R=1091,1090,-1,0,-1 F=675,674,-1,3,-7 D=3505,3506,1,2,3 L=1249,1250,1,0,-1 B=1236,1236,0,0,-16
mv U code=0 aligned=1 homed=- ms=119.0 U=3134,2119,9,1,-3 R=1091,1090,-1,0,-1 F=675,674,-1,3,-7 D=3505,3506,1,2,3 L=1249,1250,1,0,-1 B=1236,1236,0,0,-16
mv U' code=0 aligned=1 homed=- ms=119.0 U=2123,3132,-15,2,0 R=1091,1090,-1,0,-1 F=675,674,-1,3,-7 D=3506,3505,-1,2,2 L=1249,1249,0,0,-2 B=1236,1236,0,0,-16
mv U code=0 aligned=1 homed=- ms=119.0 U=3135,2119,8,1,-3 R=1091,1090,-1,0,-1 F=675,674,-1,3,-7 D=3505,3506,1,2,3 L=1249,1250,1,0,-1 B=1236,1236,0,0,-16
mv U' code=0 aligned=1 homed=- ms=119.0 U=2123,3132,-15,2,0 R=1091,1090,-1,0,-1 F=675,674,-1,3,-7 D=3505,3505,0,2,2 L=1249,1250,1,0,-1 B=1236,1236,0,0,-16
mv U code=0 aligned=1 homed=- ms=119.0 U=3134,2119,9,1,-3 R=1091,1091,0,0,0 F=675,674,-1,3,-7 D=3506,3505,-1,2,2 L=1250,1250,0,0,-1 B=1236,1236,0,0,-16
mv U' code=0 aligned=1 homed=- ms=119.0 U=2123,3132,-15,2,0 R=1091,1090,-1,0,-1 F=675,674,-1,3,-7 D=3505,3506,1,2,3 L=1249,1250,1,0,-1 B=1236,1236,0,0,-16
mv U code=0 aligned=1 homed=- ms=119.0 U=3135,2119,8,1,-3 R=1091,1090,-1,0,-1 F=675,674,-1,3,-7 D=3505,3505,0,2,2 L=1249,1250,1,0,-1 B=1236,1236,0,0,-16
mv U' code=0 aligned=1 homed=- ms=119.0 U=2123,3132,-15,2,0 R=1091,1090,-1,0,-1 F=675,674,-1,3,-7 D=3505,3506,1,2,3 L=1249,1250,1,0,-1 B=1236,1236,0,0,-16
mv U code=0 aligned=1 homed=- ms=119.0 U=3134,2118,8,1,-4 R=1091,1091,0,0,0 F=675,674,-1,3,-7 D=3506,3506,0,2,3 L=1249,1250,1,0,-1 B=1236,1236,0,0,-16
mv U' code=0 aligned=1 homed=- ms=119.0 U=2123,3132,-15,2,0 R=1091,1090,-1,0,-1 F=675,674,-1,3,-7 D=3505,3505,0,2,2 L=1249,1250,1,0,-1 B=1236,1236,0,0,-16
mv U code=0 aligned=1 homed=- ms=119.0 U=3134,2119,9,1,-3 R=1091,1090,-1,0,-1 F=675,674,-1,3,-7 D=3505,3506,1,2,3 L=1249,1250,1,0,-1 B=1236,1236,0,0,-16
mv U' code=0 aligned=1 homed=- ms=119.0 U=2123,3133,-14,2,1 R=1091,1090,-1,0,-1 F=675,674,-1,3,-7 D=3505,3506,1,2,3 L=1250,1250,0,0,-1 B=1236,1236,0,0,-16
mv U code=0 aligned=1 homed=- ms=119.0 U=3134,2119,9,1,-3 R=1091,1090,-1,0,-1 F=675,674,-1,3,-7 D=3505,3505,0,2,2 L=1249,1250,1,0,-1 B=1236,1236,0,0,-16
mv U' code=0 aligned=1 homed=- ms=119.0 U=2123,3132,-15,2,0 R=1091,1090,-1,0,-1 F=675,674,-1,3,-7 D=3505,3506,1,2,3 L=1249,1250,1,0,-1 B=1236,1236,0,0,-16
mv U code=0 aligned=1 homed=- ms=119.0 U=3134,2119,9,1,-3 R=1091,1090,-1,0,-1 F=675,674,-1,3,-7 D=3505,3506,1,2,3 L=1249,1249,0,0,-2 B=1236,1236,0,0,-16
mv U' code=0 aligned=1 homed=- ms=119.0 U=2123,3132,-15,2,0 R=1091,1090,-1,0,-1 F=675,674,-1,3,-7 D=3505,3505,0,2,2 L=1250,1250,0,0,-1 B=1236,1236,0,0,-16
mv U code=0 aligned=1 homed=- ms=119.0 U=3134,2118,8,1,-4 R=1091,1090,-1,0,-1 F=675,674,-1,3,-7 D=3505,3506,1,2,3 L=1249,1250,1,0,-1 B=1236,1236,0,0,-16
mv U' code=0 aligned=1 homed=- ms=119.0 U=2123,3132,-15,2,0 R=1091,1090,-1,0,-1 F=675,674,-1,3,-7 D=3506,3505,-1,2,2 L=1249,1250,1,0,-1 B=1236,1236,0,0,-16
mv U code=0 aligned=1 homed=- ms=119.0 U=3134,2119,9,1,-3 R=1091,1090,-1,0,-1 F=675,674,-1,3,-7 D=3505,3506,1,2,3 L=1249,1250,1,0,-1 B=1236,1236,0,0,-16
mv U' code=0 aligned=1 homed=- ms=119.0 U=2123,3132,-15,2,0 R=1091,1090,-1,0,-1 F=675,674,-1,3,-7 D=3505,3506,1,2,3 L=1249,1250,1,0,-1 B=1236,1236,0,0,-16
mv U code=0 aligned=1 homed=- ms=119.0 U=3134,2119,9,1,-3 R=1091,1090,-1,0,-1 F=675,674,-1,3,-7 D=3505,3505,0,2,2 L=1249,1250,1,0,-1 B=1236,1236,0,0,-16
mv U' code=0 aligned=1 homed=- ms=119.0 U=2123,3132,-15,2,0 R=1091,1090,-1,0,-1 F=675,673,-2,3,-8 D=3506,3505,-1,2,2 L=1249,1250,1,0,-1 B=1236,1236,0,0,-16
mv U code=0 aligned=1 homed=- ms=119.0 U=3134,2119,9,1,-3 R=1091,1090,-1,0,-1 F=675,674,-1,3,-7 D=3505,3505,0,2,2 L=1250,1250,0,0,-1 B=1236,1236,0,0,-16
mv U' code=0 aligned=1 homed=- ms=119.0 U=2123,3132,-15,2,0 R=1091,1090,-1,0,-1 F=675,674,-1,3,-7 D=3505,3505,0,2,2 L=1250,1250,0,0,-1 B=1236,1236,0,0,-16
mv U code=0 aligned=1 homed=- ms=119.0 U=3134,2119,9,1,-3 R=1091,1090,-1,0,-1 F=675,674,-1,3,-7 D=3505,3506,1,2,3 L=1250,1250,0,0,-1 B=1236,1236,0,0,-16
mv U' code=0 aligned=1 homed=- ms=119.0 U=2123,3132,-15,2,0 R=1091,1090,-1,0,-1 F=675,674,-1,3,-7 D=3505,3505,0,2,2 L=1249,1250,1,0,-1 B=1236,1236,0,0,-16
mv U code=0 aligned=1 homed=- ms=119.0 U=3135,2119,8,1,-3 R=1091,1090,-1,0,-1 F=675,673,-2,3,-8 D=3505,3506,1,2,3 L=1250,1250,0,0,-1 B=1236,1236,0,0,-16
mv U' code=0 aligned=1 homed=- ms=119.0 U=2123,3132,-15,2,0 R=1091,1090,-1,0,-1 F=675,674,-1,3,-7 D=3505,3505,0,2,2 L=1250,1250,0,0,-1 B=1236,1236,0,0,-16
mv U code=0 aligned=1 homed=- ms=119.0 U=3134,2119,9,1,-3 R=1091,1090,-1,0,-1 F=675,674,-1,3,-7 D=3505,3506,1,2,3 L=1249,1250,1,0,-1 B=1236,1236,0,0,-16
mv U' code=0 aligned=1 homed=- ms=119.0 U=2123,3132,-15,2,0 R=1091,1090,-1,0,-1 F=675,674,-1,3,-7 D=3505,3506,1,2,3 L=1249,1250,1,0,-1 B=1236,1236,0,0,-16
mv U code=0 aligned=1 homed=- ms=119.0 U=3134,2118,8,1,-4 R=1091,1090,-1,0,-1 F=675,674,-1,3,-7 D=3505,3506,1,2,3 L=1249,1250,1,0,-1 B=1236,1236,0,0,-16
mv U' code=0 aligned=1 homed=- ms=119.0 U=2123,3132,-15,2,0 R=1091,1090,-1,0,-1 F=675,674,-1,3,-7 D=3505,3506,1,2,3 L=1249,1250,1,0,-1 B=1236,1236,0,0,-16
mv U code=0 aligned=1 homed=- ms=119.0 U=3134,2119,9,1,-3 R=1091,1090,-1,0,-1 F=675,674,-1,3,-7 D=3506,3506,0,2,3 L=1249,1250,1,0,-1 B=1236,1236,0,0,-16
mv U' code=0 aligned=1 homed=- ms=119.0 U=2123,3132,-15,2,0 R=1091,1090,-1,0,-1 F=675,674,-1,3,-7 D=3505,3505,0,2,2 L=1249,1250,1,0,-1 B=1236,1236,0,0,-16
mv U code=0 aligned=1 homed=- ms=119.0 U=3134,2119,9,1,-3 R=1091,1090,-1,0,-1 F=675,674,-1,3,-7 D=3505,3505,0,2,2 L=1249,1250,1,0,-1 B=1236,1236,0,0,-16
mv U' code=0 aligned=1 homed=- ms=119.0 U=2123,3132,-15,2,0 R=1091,1090,-1,0,-1 F=675,674,-1,3,-7 D=3505,3506,1,2,3 L=1250,1250,0,0,-1 B=1236,1236,0,0,-16
mv U code=0 aligned=1 homed=- ms=119.0 U=3134,2119,9,1,-3 R=1091,1090,-1,0,-1 F=675,674,-1,3,-7 D=3505,3505,0,2,2 L=1249,1250,1,0,-1 B=1236,1236,0,0,-16
mv U' code=0 aligned=1 homed=- ms=119.0 U=2123,3132,-15,2,0 R=1091,1090,-1,0,-1 F=675,674,-1,3,-7 D=3505,3506,1,2,3 L=1249,1250,1,0,-1 B=1236,1236,0,0,-16
mv U code=0 aligned=1 homed=- ms=119.0 U=3134,2119,9,1,-3 R=1091,1090,-1,0,-1 F=675,674,-1,3,-7 D=3505,3505,0,2,2 L=1249,1250,1,0,-1 B=1236,1236,0,0,-16
mv U' code=0 aligned=1 homed=- ms=119.0 U=2123,3132,-15,2,0 R=1091,1090,-1,0,-1 F=675,674,-1,3,-7 D=3505,3506,1,2,3 L=1249,1249,0,0,-2 B=1236,1236,0,0,-16
mv U code=0 aligned=1 homed=- ms=119.0 U=3134,2119,9,1,-3 R=1091,1090,-1,0,-1 F=675,674,-1,3,-7 D=3505,3505,0,2,2 L=1249,1250,1,0,-1 B=1236,1236,0,0,-16
mv U' code=0 aligned=1 homed=- ms=119.0 U=2123,3132,-15,2,0 R=1091,1090,-1,0,-1 F=675,674,-1,3,-7 D=3505,3505,0,2,2 L=1249,1250,1,0,-1 B=1236,1236,0,0,-16
mv U code=0 aligned=1 homed=- ms=119.0 U=3134,2119,9,1,-3 R=1091,1090,-1,0,-1 F=675,674,-1,3,-7 D=3505,3506,1,2,3 L=1249,1250,1,0,-1 B=1236,1236,0,0,-16
mv U' code=0 aligned=1 homed=- ms=119.0 U=2123,3132,-15,2,0 R=1091,1090,-1,0,-1 F=675,674,-1,3,-7 D=3505,3505,0,2,2 L=1249,1250,1,0,-1 B=1236,1236,0,0,-16
mv U code=0 aligned=1 homed=- ms=119.0 U=3134,2119,9,1,-3 R=1091,1090,-1,0,-1 F=675,674,-1,3,-7 D=3506,3505,-1,2,2 L=1249,1250,1,0,-1 B=1236,1236,0,0,-16
mv U' code=0 aligned=1 homed=- ms=119.0 U=2123,3132,-15,2,0 R=1091,1090,-1,0,-1 F=675,674,-1,3,-7 D=3505,3505,0,2,2 L=1250,1250,0,0,-1 B=1236,1236,0,0,-16
mv U code=0 aligned=1 homed=- ms=119.0 U=3134,2119,9,1,-3 R=1091,1090,-1,0,-1 F=675,674,-1,3,-7 D=3505,3506,1,2,3 L=1249,1250,1,0,-1 B=1236,1236,0,0,-16
mv U' code=0 aligned=1 homed=- ms=119.0 U=2123,3132,-15,2,0 R=1091,1090,-1,0,-1 F=675,674,-1,3,-7 D=3505,3506,1,2,3 L=1249,1250,1,0,-1 B=1236,1236,0,0,-16
mv U code=0 aligned=1 homed=- ms=119.0 U=3134,2119,9,1,-3 R=1091,1090,-1,0,-1 F=675,674,-1,3,-7 D=3505,3505,0,2,2 L=1249,1250,1,0,-1 B=1236,1236,0,0,-16
mv U' code=0 aligned=1 homed=- ms=119.0 U=2123,3132,-15,2,0 R=1091,1090,-1,0,-1 F=675,674,-1,3,-7 D=3506,3506,0,2,3 L=1249,1250,1,0,-1 B=1236,1236,0,0,-16
mv U code=0 aligned=1 homed=- ms=119.0 U=3134,2119,9,1,-3 R=1091,1090,-1,0,-1 F=675,674,-1,3,-7 D=3505,3506,1,2,3 L=1250,1250,0,0,-1 B=1236,1236,0,0,-16
mv U' code=0 aligned=1 homed=- ms=119.0 U=2123,3132,-15,2,0 R=1091,1090,-1,0,-1 F=675,673,-2,3,-8 D=3505,3506,1,2,3 L=1249,1250,1,0,-1 B=1236,1236,0,0,-16
mv U code=0 aligned=1 homed=- ms=119.0 U=3134,2119,9,1,-3 R=1091,1090,-1,0,-1 F=675,674,-1,3,-7 D=3505,3505,0,2,2 L=1249,1250,1,0,-1 B=1236,1236,0,0,-16
mv U' code=0 aligned=1 homed=- ms=119.0 U=2123,3132,-15,2,0 R=1091,1090,-1,0,-1 F=675,674,-1,3,-7 D=3505,3505,0,2,2 L=1249,1250,1,0,-1 B=1236,1236,0,0,-16
mv U code=0 aligned=1 homed=- ms=119.0 U=3134,2119,9,1,-3 R=1091,1090,-1,0,-1 F=675,674,-1,3,-7 D=3505,3506,1,2,3 L=1249,1250,1,0,-1 B=1236,1236,0,0,-16
mv U' code=0 aligned=1 homed=- ms=119.0 U=2123,3132,-15,2,0 R=1091,1090,-1,0,-1 F=675,674,-1,3,-7 D=3505,3506,1,2,3 L=1250,1250,0,0,-1 B=1236,1236,0,0,-16
mv U code=0 aligned=1 homed=- ms=119.0 U=3134,2119,9,1,-3 R=1091,1090,-1,0,-1 F=675,674,-1,3,-7 D=3505,3506,1,2,3 L=1249,1250,1,0,-1 B=1236,1236,0,0,-16
mv U' code=0 aligned=1 homed=- ms=119.0 U=2123,3132,-15,2,0 R=1091,1090,-1,0,-1 F=675,674,-1,3,-7 D=3505,3505,0,2,2 L=1249,1250,1,0,-1 B=1236,1236,0,0,-16
mv U code=0 aligned=1 homed=- ms=119.0 U=3134,2118,8,1,-4 R=1091,1090,-1,0,-1 F=675,674,-1,3,-7 D=3505,3505,0,2,2 L=1249,1250,1,0,-1 B=1236,1236,0,0,-16
mv U' code=0 aligned=1 homed=- ms=119.0 U=2123,3132,-15,2,0 R=1091,1090,-1,0,-1 F=675,674,-1,3,-7 D=3505,3506,1,2,3 L=1249,1250,1,0,-1 B=1236,1236,0,0,-16
mv U code=0 aligned=1 homed=- ms=119.0 U=3135,2119,8,1,-3 R=1091,1090,-1,0,-1 F=675,674,-1,3,-7 D=3505,3506,1,2,3 L=1249,1250,1,0,-1 B=1236,1236,0,0,-16
mv U' code=0 aligned=1 homed=- ms=119.0 U=2123,3132,-15,2,0 R=1091,1090,-1,0,-1 F=675,674,-1,3,-7 D=3505,3506,1,2,3 L=1249,1250,1,0,-1 B=1236,1236,0,0,-16
mv U code=0 aligned=1 homed=- ms=119.0 U=3135,2119,8,1,-3 R=1091,1090,-1,0,-1 F=675,674,-1,3,-7 D=3505,3505,0,2,2 L=1249,1250,1,0,-1 B=1236,1236,0,0,-16
mv U' code=0 aligned=1 homed=- ms=119.0 U=2123,3132,-15,2,0 R=1091,1090,-1,0,-1 F=675,674,-1,3,-7 D=3505,3505,0,2,2 L=1249,1250,1,0,-1 B=1236,1236,0,0,-16
mv U code=0 aligned=1 homed=- ms=119.0 U=3134,2119,9,1,-3 R=1091,1090,-1,0,-1 F=675,674,-1,3,-7 D=3505,3505,0,2,2 L=1249,1250,1,0,-1 B=1236,1236,0,0,-16
mv U' code=0 aligned=1 homed=- ms=119.0 U=2123,3132,-15,2,0 R=1091,1090,-1,0,-1 F=675,674,-1,3,-7 D=3505,3505,0,2,2 L=1249,1249,0,0,-2 B=1236,1236,0,0,-16
mv U code=0 aligned=1 homed=- ms=119.0 U=3134,2119,9,1,-3 R=1091,1090,-1,0,-1 F=675,674,-1,3,-7 D=3505,3505,0,2,2 L=1249,1250,1,0,-1 B=1236,1236,0,0,-16
mv U' code=0 aligned=1 homed=- ms=119.0 U=2123,3132,-15,2,0 R=1091,1090,-1,0,-1 F=675,674,-1,3,-7 D=3505,3506,1,2,3 L=1249,1250,1,0,-1 B=1236,1236,0,0,-16
mv U code=0 aligned=1 homed=- ms=119.0 U=3134,2119,9,1,-3 R=1091,1090,-1,0,-1 F=675,674,-1,3,-7 D=3506,3505,-1,2,2 L=1249,1250,1,0,-1 B=1236,1236,0,0,-16
mv U' code=0 aligned=1 homed=- ms=119.0 U=2123,3132,-15,2,0 R=1091,1091,0,0,0 F=675,674,-1,3,-7 D=3505,3506,1,2,3 L=1250,1250,0,0,-1 B=1236,1236,0,0,-16
mv U code=0 aligned=1 homed=- ms=119.0 U=3134,2119,9,1,-3 R=1091,1090,-1,0,-1 F=675,674,-1,3,-7 D=3505,3506,1,2,3 L=1249,1250,1,0,-1 B=1236,1236,0,0,-16
mv U' code=0 aligned=1 homed=- ms=119.0 U=2123,3132,-15,2,0 R=1091,1090,-1,0,-1 F=675,674,-1,3,-7 D=3505,3506,1,2,3 L=1249,1250,1,0,-1 B=1236,1236,0,0,-16
mv U code=0 aligned=1 homed=- ms=119.0 U=3134,2118,8,1,-4 R=1091,1090,-1,0,-1 F=675,674,-1,3,-7 D=3506,3505,-1,2,2 L=1249,1250,1,0,-1 B=1236,1236,0,0,-16
mv U' code=0 aligned=1 homed=- ms=119.0 U=2123,3132,-15,2,0 R=1091,1090,-1,0,-1 F=675,674,-1,3,-7 D=3505,3505,0,2,2 L=1249,1250,1,0,-1 B=1236,1236,0,0,-16
mv U code=0 aligned=1 homed=- ms=119.0 U=3134,2119,9,1,-3 R=1091,1090,-1,0,-1 F=675,674,-1,3,-7 D=3505,3506,1,2,3 L=1250,1250,0,0,-1 B=1236,1236,0,0,-16
mv U' code=0 aligned=1 homed=- ms=119.0 U=2123,3132,-15,2,0 R=1091,1090,-1,0,-1 F=675,674,-1,3,-7 D=3505,3506,1,2,3 L=1250,1250,0,0,-1 B=1236,1236,0,0,-16
mv U code=0 aligned=1 homed=- ms=119.0 U=3134,2119,9,1,-3 R=1091,1090,-1,0,-1 F=675,674,-1,3,-7 D=3505,3506,1,2,3 L=1249,1249,0,0,-2 B=1236,1236,0,0,-16
mv U' code=0 aligned=1 homed=- ms=119.0 U=2123,3132,-15,2,0 R=1091,1090,-1,0,-1 F=675,674,-1,3,-7 D=3505,3506,1,2,3 L=1249,1250,1,0,-1 B=1236,1236,0,0,-16
mv U code=0 aligned=1 homed=- ms=119.0 U=3134,2119,9,1,-3 R=1091,1090,-1,0,-1 F=675,674,-1,3,-7 D=3505,3506,1,2,3 L=1249,1250,1,0,-1 B=1236,1236,0,0,-16
mv U' code=0 aligned=1 homed=- ms=119.0 U=2123,3132,-15,2,0 R=1091,1090,-1,0,-1 F=675,674,-1,3,-7 D=3505,3505,0,2,2 L=1249,1250,1,0,-1 B=1236,1236,0,0,-16
mv U code=0 aligned=1 homed=- ms=119.0 U=3134,2118,8,1,-4 R=1091,1090,-1,0,-1 F=675,674,-1,3,-7 D=3505,3505,0,2,2 L=1249,1250,1,0,-1 B=1236,1236,0,0,-16
mv U' code=0 aligned=1 homed=- ms=119.0 U=2123,3132,-15,2,0 R=1091,1090,-1,0,-1 F=675,674,-1,3,-7 D=3506,3505,-1,2,2 L=1249,1250,1,0,-1 B=1236,1236,0,0,-16
mv U code=0 aligned=1 homed=- ms=119.0 U=3134,2119,9,1,-3 R=1091,1090,-1,0,-1 F=675,674,-1,3,-7 D=3505,3505,0,2,2 L=1249,1250,1,0,-1 B=1236,1236,0,0,-16
mv U' code=0 aligned=1 homed=- ms=119.0 U=2123,3132,-15,2,0 R=1091,1090,-1,0,-1 F=675,674,-1,3,-7 D=3505,3506,1,2,3 L=1249,1250,1,0,-1 B=1236,1236,0,0,-16
mv U code=0 aligned=1 homed=- ms=119.0 U=3134,2119,9,1,-3 R=1091,1090,-1,0,-1 F=675,674,-1,3,-7 D=3505,3505,0,2,2 L=1249,1250,1,0,-1 B=1236,1236,0,0,-16
mv U' code=0 aligned=1 homed=- ms=119.0 U=2123,3132,-15,2,0 R=1091,1090,-1,0,-1 F=675,674,-1,3,-7 D=3505,3505,0,2,2 L=1249,1250,1,0,-1 B=1236,1236,0,0,-16
mv U code=0 aligned=1 homed=- ms=119.0 U=3134,2119,9,1,-3 R=1091,1090,-1,0,-1 F=675,674,-1,3,-7 D=3505,3505,0,2,2 L=1249,1249,0,0,-2 B=1236,1236,0,0,-16
mv U' code=0 aligned=1 homed=- ms=119.0 U=2123,3132,-15,2,0 R=1091,1090,-1,0,-1 F=675,674,-1,3,-7 D=3505,3505,0,2,2 L=1249,1250,1,0,-1 B=1236,1236,0,0,-16
mv U code=0 aligned=1 homed=- ms=119.0 U=3134,2119,9,1,-3 R=1091,1090,-1,0,-1 F=675,674,-1,3,-7 D=3505,3505,0,2,2 L=1249,1250,1,0,-1 B=1236,1236,0,0,-16
mv U' code=0 aligned=1 homed=- ms=119.0 U=2123,3132,-15,2,0 R=1091,1090,-1,0,-1 F=675,674,-1,3,-7 D=3505,3505,0,2,2 L=1249,1250,1,0,-1 B=1236,1236,0,0,-16
mv U code=0 aligned=1 homed=- ms=119.0 U=3134,2119,9,1,-3 R=1091,1090,-1,0,-1 F=675,674,-1,3,-7 D=3505,3505,0,2,2 L=1249,1250,1,0,-1 B=1236,1236,0,0,-16
mv U' code=0 aligned=1 homed=- ms=119.0 U=2123,3132,-15,2,0 R=1091,1090,-1,0,-1 F=675,674,-1,3,-7 D=3505,3505,0,2,2 L=1250,1250,0,0,-1 B=1236,1236,0,0,-16
mv U code=0 aligned=1 homed=- ms=119.0 U=3134,2118,8,1,-4 R=1091,1090,-1,0,-1 F=675,674,-1,3,-7 D=3505,3506,1,2,3 L=1250,1250,0,0,-1 B=1236,1236,0,0,-16
mv U' code=0 aligned=1 homed=- ms=119.0 U=2123,3132,-15,2,0 R=1091,1090,-1,0,-1 F=675,674,-1,3,-7 D=3505,3506,1,2,3 L=1250,1249,-1,0,-2 B=1236,1236,0,0,-16
mv U code=0 aligned=1 homed=- ms=119.0 U=3134,2119,9,1,-3 R=1091,1090,-1,0,-1 F=675,674,-1,3,-7 D=3505,3506,1,2,3 L=1250,1250,0,0,-1 B=1236,1236,0,0,-16
mv U' code=0 aligned=1 homed=- ms=119.0 U=2123,3132,-15,2,0 R=1091,1090,-1,0,-1 F=675,674,-1,3,-7 D=3506,3506,0,2,3 L=1249,1250,1,0,-1 B=1236,1236,0,0,-16
mv U code=0 aligned=1 homed=- ms=119.0 U=3134,2119,9,1,-3 R=1091,1090,-1,0,-1 F=675,674,-1,3,-7 D=3505,3506,1,2,3 L=1249,1249,0,0,-2 B=1236,1236,0,0,-16
mv U' code=0 aligned=1 homed=- ms=119.0 U=2123,3132,-15,2,0 R=1091,1090,-1,0,-1 F=675,674,-1,3,-7 D=3505,3506,1,2,3 L=1249,1250,1,0,-1 B=1236,1236,0,0,-16
mv U code=0 aligned=1 homed=- ms=119.0 U=3134,2118,8,1,-4 R=1090,1090,0,0,-1 F=675,674,-1,3,-7 D=3505,3506,1,2,3 L=1249,1250,1,0,-1 B=1236,1236,0,0,-16
mv U' code=0 aligned=1 homed=- ms=119.0 U=2123,3132,-15,2,0 R=1091,1090,-1,0,-1 F=675,674,-1,3,-7 D=3506,3505,-1,2,2 L=1249,1250,1,0,-1 B=1236,1236,0,0,-16
mv U code=0 aligned=1 homed=- ms=119.0 U=3134,2119,9,1,-3 R=1091,1090,-1,0,-1 F=675,674,-1,3,-7 D=3505,3506,1,2,3 L=1249,1250,1,0,-1 B=1236,1236,0,0,-16
mv U' code=0 aligned=1 homed=- ms=119.0 U=2123,3132,-15,2,0 R=1091,1090,-1,0,-1 F=675,674,-1,3,-7 D=3505,3505,0,2,2 L=1249,1250,1,0,-1 B=1236,1236,0,0,-16
mv U code=0 aligned=1 homed=- ms=119.0 U=3133,2119,10,1,-3 R=1091,1090,-1,0,-1 F=675,674,-1,3,-7 D=3505,3505,0,2,2 L=1249,1250,1,0,-1 B=1236,1236,0,0,-16
mv U' code=0 aligned=1 homed=- ms=119.0 U=2123,3132,-15,2,0 R=1091,1090,-1,0,-1 F=675,674,-1,3,-7 D=3505,3506,1,2,3 L=1249,1250,1,0,-1 B=1236,1236,0,0,-16
mv U code=0 aligned=1 homed=- ms=119.0 U=3134,2119,9,1,-3 R=1091,1090,-1,0,-1 F=675,674,-1,3,-7 D=3505,3506,1,2,3 L=1249,1250,1,0,-1 B=1236,1236,0,0,-16
mv U' code=0 aligned=1 homed=- ms=119.0 U=2123,3132,-15,2,0 R=1091,1090,-1,0,-1 F=675,674,-1,3,-7 D=3505,3505,0,2,2 L=1249,1250,1,0,-1 B=1236,1236,0,0,-16
mv U code=0 aligned=1 homed=- ms=119.0 U=3134,2119,9,1,-3 R=1091,1090,-1,0,-1 F=675,673,-2,3,-8 D=3505,3506,1,2,3 L=1249,1249,0,0,-2 B=1236,1236,0,0,-16
mv U' code=0 aligned=1 homed=- ms=119.0 U=2123,3132,-15,2,0 R=1091,1090,-1,0,-1 F=675,674,-1,3,-7 D=3505,3505,0,2,2 L=1249,1250,1,0,-1 B=1236,1236,0,0,-16
mv U code=0 aligned=1 homed=- ms=119.0 U=3133,2119,10,1,-3 R=1091,1090,-1,0,-1 F=675,674,-1,3,-7 D=3505,3505,0,2,2 L=1249,1250,1,0,-1 B=1236,1236,0,0,-16
mv U' code=0 aligned=1 homed=- ms=119.0 U=2123,3132,-15,2,0 R=1091,1090,-1,0,-1 F=675,674,-1,3,-7 D=3505,3506,1,2,3 L=1249,1250,1,0,-1 B=1236,1236,0,0,-16
mv U code=0 aligned=1 homed=- ms=119.0 U=3133,2119,10,1,-3 R=1091,1090,-1,0,-1 F=675,674,-1,3,-7 D=3506,3505,-1,2,2 L=1249,1249,0,0,-2 B=1236,1236,0,0,-16
mv U' code=0 aligned=1 homed=- ms=119.0 U=2123,3132,-15,2,0 R=1091,1090,-1,0,-1 F=675,674,-1,3,-7 D=3505,3506,1,2,3 L=1249,1250,1,0,-1 B=1236,1236,0,0,-16
mv U code=0 aligned=1 homed=- ms=119.0 U=3134,2119,9,1,-3 R=1091,1090,-1,0,-1 F=675,674,-1,3,-7 D=3505,3506,1,2,3 L=1249,1250,1,0,-1 B=1236,1236,0,0,-16
mv U' code=0 aligned=1 homed=- ms=119.0 U=2122,3132,-14,2,0 R=1091,1090,-1,0,-1 F=675,674,-1,3,-7 D=3505,3505,0,2,2 L=1250,1250,0,0,-1 B=1236,1236,0,0,-16
mv U code=0 aligned=1 homed=- ms=119.0 U=3134,2119,9,1,-3 R=1091,1090,-1,0,-1 F=675,674,-1,3,-7 D=3505,3505,0,2,2 L=1249,1250,1,0,-1 B=1236,1236,0,0,-16
mv U' code=0 aligned=1 homed=- ms=119.0 U=2123,3132,-15,2,0 R=1091,1090,-1,0,-1 F=675,674,-1,3,-7 D=3506,3505,-1,2,2 L=1249,1250,1,0,-1 B=1236,1236,0,0,-16
mv U code=0 aligned=1 homed=- ms=119.0 U=3134,2119,9,1,-3 R=1091,1090,-1,0,-1 F=675,674,-1,3,-7 D=3506,3506,0,2,3 L=1249,1250,1,0,-1 B=1236,1236,0,0,-16
mv U' code=0 aligned=1 homed=- ms=119.0 U=2123,3132,-15,2,0 R=1091,1090,-1,0,-1 F=675,674,-1,3,-7 D=3505,3505,0,2,2 L=1249,1250,1,0,-1 B=1236,1236,0,0,-16
mv U code=0 aligned=1 homed=- ms=119.0 U=3134,2119,9,1,-3 R=1091,1090,-1,0,-1 F=675,674,-1,3,-7 D=3505,3505,0,2,2 L=1250,1250,0,0,-1 B=1236,1236,0,0,-16
mv U' code=0 aligned=1 homed=- ms=119.0 U=2123,3132,-15,2,0 R=1091,1090,-1,0,-1 F=675,674,-1,3,-7 D=3505,3506,1,2,3 L=1249,1250,1,0,-1 B=1236,1236,0,0,-16
mv U code=0 aligned=1 homed=- ms=119.0 U=3133,2119,10,1,-3 R=1091,1090,-1,0,-1 F=675,674,-1,3,-7 D=3505,3505,0,2,2 L=1249,1250,1,0,-1 B=1236,1236,0,0,-16
mv U' code=0 aligned=1 homed=- ms=119.0 U=2123,3132,-15,2,0 R=1091,1090,-1,0,-1 F=675,674,-1,3,-7 D=3506,3505,-1,2,2 L=1249,1250,1,0,-1 B=1236,1236,0,0,-16
mv U code=0 aligned=1 homed=- ms=119.0 U=3135,2119,8,1,-3 R=1091,1090,-1,0,-1 F=675,674,-1,3,-7 D=3506,3505,-1,2,2 L=1249,1249,0,0,-2 B=1236,1236,0,0,-16
mv U' code=0 aligned=1 homed=- ms=119.0 U=2123,3132,-15,2,0 R=1091,1090,-1,0,-1 F=675,674,-1,3,-7 D=3505,3506,1,2,3 L=1249,1250,1,0,-1 B=1236,1236,0,0,-16
mv U code=0 aligned=1 homed=- ms=119.0 U=3134,2118,8,1,-4 R=1091,1090,-1,0,-1 F=675,674,-1,3,-7 D=3505,3506,1,2,3 L=1249,1250,1,0,-1 B=1236,1236,0,0,-16
mv U' code=0 aligned=1 homed=- ms=119.0 U=2122,3132,-14,2,0 R=1091,1090,-1,0,-1 F=675,674,-1,3,-7 D=3505,3506,1,2,3 L=1249,1250,1,0,-1 B=1236,1236,0,0,-16
mv U code=0 aligned=1 homed=- ms=119.0 U=3133,2119,10,1,-3 R=1091,1090,-1,0,-1 F=675,674,-1,3,-7 D=3506,3506,0,2,3 L=1250,1250,0,0,-1 B=1236,1236,0,0,-16
mv U' code=0 aligned=1 homed=- ms=119.0 U=2123,3132,-15,2,0 R=1091,1090,-1,0,-1 F=675,674,-1,3,-7 D=3505,3506,1,2,3 L=1249,1250,1,0,-1 B=1236,1236,0,0,-16
mv U code=0 aligned=1 homed=- ms=119.0 U=3134,2119,9,1,-3 R=1091,1090,-1,0,-1 F=675,674,-1,3,-7 D=3505,3506,1,2,3 L=1249,1250,1,0,-1 B=1236,1236,0,0,-16
mv U' code=0 aligned=1 homed=- ms=119.0 U=2123,3132,-15,2,0 R=1091,1090,-1,0,-1 F=675,674,-1,3,-7 D=3505,3506,1,2,3 L=1249,1250,1,0,-1 B=1236,1236,0,0,-16
mv U code=0 aligned=1 homed=- ms=119.0 U=3134,2118,8,1,-4 R=1091,1090,-1,0,-1 F=675,674,-1,3,-7 D=3505,3505,0,2,2 L=1249,1250,1,0,-1 B=1236,1236,0,0,-16
mv U' code=0 aligned=1 homed=- ms=119.0 U=2123,3132,-15,2,0 R=1091,1090,-1,0,-1 F=675,674,-1,3,-7 D=3505,3506,1,2,3 L=1249,1250,1,0,-1 B=1236,1236,0,0,-16
mv U code=0 aligned=1 homed=- ms=119.0 U=3134,2119,9,1,-3 R=1091,1090,-1,0,-1 F=675,674,-1,3,-7 D=3505,3505,0,2,2 L=1250,1250,0,0,-1 B=1236,1236,0,0,-16
mv U' code=0 aligned=1 homed=- ms=119.0 U=2123,3132,-15,2,0 R=1091,1090,-1,0,-1 F=675,674,-1,3,-7 D=3505,3505,0,2,2 L=1249,1250,1,0,-1 B=1236,1236,0,0,-16
rep moves=200 notaligned=0 homings=0 failures=0 avgms=119.0
res U=200,-3.2,12.2,15 R=- F=- D=- L=- B=-
ok
> health
health U=1,1,0/128/675 R=1,1,0/128/1621 F=1,1,0/128/1788 D=1,1,0/128/1577 L=1,1,0/128/678 B=1,1,0/128/1286 RING=1,1,0/128/1599
ok
> home
[align] motor 0 err=2 counts (0.2 steps)
[align] motor 1 err=0 counts (0.0 steps)
[align] motor 2 err=-7 counts (-0.7 steps)
[align] motor 3 err=2 counts (0.2 steps)
[align] motor 4 err=-3 counts (-0.3 steps)
[align] motor 5 err=-18 counts (-1.8 steps)
home code=0 ms=6 en=0
enc U=3132 R=1090 F=674 D=3506 L=1250 B=1236 RING=2768
near U=2:0 R=0:-1 F=3:-7 D=2:3 L=0:-1 B=0:-16
ok
> enc
enc U=3134 R=1091 F=675 D=3505 L=1249 B=1235 RING=2768
near U=2:2 R=0:0 F=3:-6 D=2:2 L=0:-2 B=0:-17
ok
> rep 50 U U U U
mv U code=0 aligned=1 homed=- ms=119.0 U=3135,2118,7,1,-4 R=1091,1090,-1,0,-1 F=675,674,-1,3,-7 D=3505,3506,1,2,3 L=1249,1250,1,0,-1 B=1236,1236,0,0,-16
mv U code=0 aligned=1 homed=- ms=119.0 U=2123,1099,0,0,-3 R=1091,1090,-1,0,-1 F=675,674,-1,3,-7 D=3505,3505,0,2,2 L=1250,1250,0,0,-1 B=1236,1236,0,0,-16
mv U code=0 aligned=1 homed=- ms=119.0 U=1102,60,-18,3,-4 R=1091,1090,-1,0,-1 F=675,674,-1,3,-7 D=3505,3506,1,2,3 L=1250,1250,0,0,-1 B=1236,1236,0,0,-16
mv U code=0 aligned=1 homed=- ms=119.0 U=63,3131,-4,2,-1 R=1091,1090,-1,0,-1 F=675,674,-1,3,-7 D=3505,3505,0,2,2 L=1250,1249,-1,0,-2 B=1236,1236,0,0,-16
mv U code=0 aligned=1 homed=- ms=119.0 U=3134,2118,8,1,-4 R=1091,1090,-1,0,-1 F=675,674,-1,3,-7 D=3506,3505,-1,2,2 L=1249,1250,1,0,-1 B=1236,1236,0,0,-16
mv U code=0 aligned=1 homed=- ms=119.0 U=2123,1099,0,0,-3 R=1091,1090,-1,0,-1 F=675,674,-1,3,-7 D=3505,3506,1,2,3 L=1250,1250,0,0,-1 B=1236,1236,0,0,-16
mv U code=0 aligned=1 homed=- ms=119.0 U=1102,60,-18,3,-4 R=1091,1090,-1,0,-1 F=675,674,-1,3,-7 D=3505,3505,0,2,2 L=1249,1250,1,0,-1 B=1236,1236,0,0,-16
mv U code=0 aligned=1 homed=- ms=119.0 U=64,3131,-5,2,-1 R=1091,1090,-1,0,-1 F=675,674,-1,3,-7 D=3505,3505,0,2,2 L=1249,1250,1,0,-1 B=1236,1236,0,0,-16
mv U code=0 aligned=1 homed=- ms=119.0 U=3135,2119,8,1,-3 R=1091,1090,-1,0,-1 F=675,674,-1,3,-7 D=3505,3505,0,2,2 L=1249,1250,1,0,-1 B=1236,1236,0,0,-16
mv U code=0 aligned=1 homed=- ms=119.0 U=2123,1099,0,0,-3 R=1091,1090,-1,0,-1 F=675,674,-1,3,-7 D=3505,3505,0,2,2 L=1249,1250,1,0,-1 B=1236,1236,0,0,-16
mv U code=0 aligned=1 homed=- ms=119.0 U=1103,61,-18,3,-3 R=1091,1090,-1,0,-1 F=675,674,-1,3,-7 D=3505,3505,0,2,2 L=1249,1250,1,0,-1 B=1236,1236,0,0,-16
mv U code=0 aligned=1 homed=- ms=119.0 U=65,3131,-6,2,-1 R=1091,1090,-1,0,-1 F=675,674,-1,3,-7 D=3505,3505,0,2,2 L=1250,1250,0,0,-1 B=1236,1236,0,0,-16
mv U code=0 aligned=1 homed=- ms=119.0 U=3135,2118,7,1,-4 R=1091,1090,-1,0,-1 F=675,674,-1,3,-7 D=3505,3505,0,2,2 L=1249,1250,1,0,-1 B=1236,1236,0,0,-16
mv U code=0 aligned=1 homed=- ms=119.0 U=2123,1099,0,0,-3 R=1091,1090,-1,0,-1 F=675,674,-1,3,-7 D=3505,3505,0,2,2 L=1249,1249,0,0,-2 B=1236,1236,0,0,-16
mv U code=0 aligned=1 homed=- ms=119.0 U=1102,60,-18,3,-4 R=1091,1090,-1,0,-1 F=675,674,-1,3,-7 D=3505,3506,1,2,3 L=1249,1250,1,0,-1 B=1236,1236,0,0,-16
mv U code=0 aligned=1 homed=- ms=119.0 U=64,3131,-5,2,-1 R=1091,1090,-1,0,-1 F=675,674,-1,3,-7 D=3505,3505,0,2,2 L=1249,1250,1,0,-1 B=1236,1236,0,0,-16
mv U code=0 aligned=1 homed=- ms=119.0 U=3135,2119,8,1,-3 R=1091,1090,-1,0,-1 F=675,674,-1,3,-7 D=3505,3506,1,2,3 L=1249,1250,1,0,-1 B=1236,1236,0,0,-16
mv U code=0 aligned=1 homed=- ms=119.0 U=2122,1099,1,0,-3 R=1091,1090,-1,0,-1 F=675,674,-1,3,-7 D=3505,3505,0,2,2 L=1250,1250,0,0,-1 B=1236,1236,0,0,-16
mv U code=0 aligned=1 homed=- ms=119.0 U=1103,60,-19,3,-4 R=1091,1090,-1,0,-1 F=675,674,-1,3,-7 D=3506,3506,0,2,3 L=1250,1250,0,0,-1 B=1236,1236,0,0,-16
mv U code=0 aligned=1 homed=- ms=119.0 U=64,3131,-5,2,-1 R=1091,1090,-1,0,-1 F=675,674,-1,3,-7 D=3505,3505,0,2,2 L=1249,1250,1,0,-1 B=1236,1236,0,0,-16
mv U code=0 aligned=1 homed=- ms=119.0 U=3135,2119,8,1,-3 R=1091,1090,-1,0,-1 F=675,674,-1,3,-7 D=3505,3505,0,2,2 L=1249,1250,1,0,-1 B=1236,1236,0,0,-16
mv U code=0 aligned=1 homed=- ms=119.0 U=2123,1099,0,0,-3 R=1091,1090,-1,0,-1 F=675,674,-1,3,-7 D=3505,3505,0,2,2 L=1249,1250,1,0,-1 B=1236,1236,0,0,-16
mv U code=0 aligned=1 homed=- ms=119.0 U=1102,60,-18,3,-4 R=1091,1090,-1,0,-1 F=675,674,-1,3,-7 D=3505,3505,0,2,2 L=1249,1250,1,0,-1 B=1236,1236,0,0,-16
mv U code=0 aligned=1 homed=- ms=119.0 U=64,3131,-5,2,-1 R=1091,1090,-1,0,-1 F=675,674,-1,3,-7 D=3505,3506,1,2,3 L=1249,1250,1,0,-1 B=1236,1236,0,0,-16
mv U code=0 aligned=1 homed=- ms=119.0 U=3135,2119,8,1,-3 R=1091,1090,-1,0,-1 F=675,674,-1,3,-7 D=3505,3506,1,2,3 L=1249,1250,1,0,-1 B=1236,1236,0,0,-16
mv U code=0 aligned=1 homed=- ms=119.0 U=2123,1099,0,0,-3 R=1091,1090,-1,0,-1 F=675,674,-1,3,-7 D=3505,3506,1,2,3 L=1249,1250,1,0,-1 B=1236,1236,0,0,-16
mv U code=0 aligned=1 homed=- ms=119.0 U=1103,61,-18,3,-3 R=1091,1090,-1,0,-1 F=675,674,-1,3,-7 D=3505,3505,0,2,2 L=1249,1250,1,0,-1 B=1236,1236,0,0,-16
mv U code=0 aligned=1 homed=- ms=119.0 U=64,3132,-4,2,0 R=1091,1090,-1,0,-1 F=675,674,-1,3,-7 D=3505,3506,1,2,3 L=1249,1250,1,0,-1 B=1236,1236,0,0,-16
mv U code=0 aligned=1 homed=- ms=119.0 U=3135,2119,8,1,-3 R=1091,1090,-1,0,-1 F=675,674,-1,3,-7 D=3505,3506,1,2,3 L=1249,1250,1,0,-1 B=1236,1236,0,0,-16
mv U code=0 aligned=1 homed=- ms=119.0 U=2123,1099,0,0,-3 R=1091,1090,-1,0,-1 F=675,673,-2,3,-8 D=3505,3505,0,2,2 L=1249,1250,1,0,-1 B=1236,1236,0,0,-16
mv U code=0 aligned=1 homed=- ms=119.0 U=1102,60,-18,3,-4 R=1091,1090,-1,0,-1 F=675,674,-1,3,-7 D=3505,3506,1,2,3 L=1249,1250,1,0,-1 B=1236,1236,0,0,-16
mv U code=0 aligned=1 homed=- ms=119.0 U=64,3131,-5,2,-1 R=1091,1090,-1,0,-1 F=675,674,-1,3,-7 D=3505,3506,1,2,3 L=1249,1250,1,0,-1 B=1236,1236,0,0,-16
mv U code=0 aligned=1 homed=- ms=119.0 U=3135,2118,7,1,-4 R=1091,1090,-1,0,-1 F=675,674,-1,3,-7 D=3505,3505,0,2,2 L=1249,1250,1,0,-1 B=1236,1236,0,0,-16
mv U code=0 aligned=1 homed=- ms=119.0 U=2123,1099,0,0,-3 R=1091,1090,-1,0,-1 F=675,674,-1,3,-7 D=3505,3506,1,2,3 L=1249,1250,1,0,-1 B=1236,1236,0,0,-16
mv U code=0 aligned=1 homed=- ms=119.0 U=1103,60,-19,3,-4 R=1091,1090,-1,0,-1 F=675,674,-1,3,-7 D=3505,3506,1,2,3 L=1249,1250,1,0,-1 B=1236,1236,0,0,-16
mv U code=0 aligned=1 homed=- ms=119.0 U=64,3131,-5,2,-1 R=1091,1090,-1,0,-1 F=675,674,-1,3,-7 D=3505,3506,1,2,3 L=1249,1250,1,0,-1 B=1236,1236,0,0,-16
mv U code=0 aligned=1 homed=- ms=119.0 U=3135,2119,8,1,-3 R=1091,1090,-1,0,-1 F=675,674,-1,3,-7 D=3505,3505,0,2,2 L=1249,1250,1,0,-1 B=1236,1236,0,0,-16
mv U code=0 aligned=1 homed=- ms=119.0 U=2123,1099,0,0,-3 R=1091,1090,-1,0,-1 F=675,674,-1,3,-7 D=3505,3506,1,2,3 L=1250,1250,0,0,-1 B=1236,1236,0,0,-16
mv U code=0 aligned=1 homed=- ms=119.0 U=1103,60,-19,3,-4 R=1091,1090,-1,0,-1 F=675,674,-1,3,-7 D=3505,3506,1,2,3 L=1249,1250,1,0,-1 B=1236,1236,0,0,-16
mv U code=0 aligned=1 homed=- ms=119.0 U=64,3131,-5,2,-1 R=1091,1090,-1,0,-1 F=675,674,-1,3,-7 D=3506,3506,0,2,3 L=1249,1250,1,0,-1 B=1236,1236,0,0,-16
mv U code=0 aligned=1 homed=- ms=119.0 U=3135,2119,8,1,-3 R=1091,1090,-1,0,-1 F=675,674,-1,3,-7 D=3505,3506,1,2,3 L=1249,1250,1,0,-1 B=1236,1236,0,0,-16
mv U code=0 aligned=1 homed=- ms=119.0 U=2123,1099,0,0,-3 R=1091,1090,-1,0,-1 F=675,674,-1,3,-7 D=3505,3505,0,2,2 L=1249,1250,1,0,-1 B=1236,1236,0,0,-16
mv U code=0 aligned=1 homed=- ms=119.0 U=1103,60,-19,3,-4 R=1091,1090,-1,0,-1 F=675,674,-1,3,-7 D=3505,3505,0,2,2 L=1249,1250,1,0,-1 B=1236,1236,0,0,-16
mv U code=0 aligned=1 homed=- ms=119.0 U=65,3131,-6,2,-1 R=1091,1090,-1,0,-1 F=675,674,-1,3,-7 D=3505,3505,0,2,2 L=1249,1250,1,0,-1 B=1236,1236,0,0,-16
mv U code=0 aligned=1 homed=- ms=119.0 U=3135,2119,8,1,-3 R=1091,1090,-1,0,-1 F=675,674,-1,3,-7 D=3505,3506,1,2,3 L=1250,1250,0,0,-1 B=1236,1236,0,0,-16
mv U code=0 aligned=1 homed=- ms=119.0 U=2123,1099,0,0,-3 R=1091,1090,-1,0,-1 F=675,674,-1,3,-7 D=3505,3505,0,2,2 L=1249,1250,1,0,-1 B=1236,1236,0,0,-16
mv U code=0 aligned=1 homed=- ms=119.0 U=1103,60,-19,3,-4 R=1091,1090,-1,0,-1 F=675,674,-1,3,-7 D=3505,3505,0,2,2 L=1250,1250,0,0,-1 B=1236,1236,0,0,-16
mv U code=0 aligned=1 homed=- ms=119.0 U=65,3131,-6,2,-1 R=1091,1090,-1,0,-1 F=675,674,-1,3,-7 D=3505,3505,0,2,2 L=1249,1250,1,0,-1 B=1236,1236,0,0,-16
mv U code=0 aligned=1 homed=- ms=119.0 U=3135,2119,8,1,-3 R=1091,1090,-1,0,-1 F=675,674,-1,3,-7 D=3505,3505,0,2,2 L=1249,1249,0,0,-2 B=1236,1236,0,0,-16
mv U code=0 aligned=1 homed=- ms=119.0 U=2123,1098,-1,0,-4 R=1091,1090,-1,0,-1 F=675,674,-1,3,-7 D=3505,3505,0,2,2 L=1249,1249,0,0,-2 B=1236,1236,0,0,-16
mv U code=0 aligned=1 homed=- ms=119.0 U=1103,60,-19,3,-4 R=1091,1090,-1,0,-1 F=675,674,-1,3,-7 D=3506,3505,-1,2,2 L=1250,1250,0,0,-1 B=1236,1236,0,0,-16
mv U code=0 aligned=1 homed=- ms=119.0 U=65,3131,-6,2,-1 R=1091,1090,-1,0,-1 F=675,674,-1,3,-7 D=3506,3505,-1,2,2 L=1249,1250,1,0,-1 B=1236,1236,0,0,-16
mv U code=0 aligned=1 homed=- ms=119.0 U=3135,2119,8,1,-3 R=1091,1090,-1,0,-1 F=675,674,-1,3,-7 D=3505,3506,1,2,3 L=1249,1249,0,0,-2 B=1236,1236,0,0,-16
mv U code=0 aligned=1 homed=- ms=119.0 U=2123,1099,0,0,-3 R=1091,1090,-1,0,-1 F=675,674,-1,3,-7 D=3505,3505,0,2,2 L=1249,1250,1,0,-1 B=1236,1236,0,0,-16
mv U code=0 aligned=1 homed=- ms=119.0 U=1102,60,-18,3,-4 R=1091,1090,-1,0,-1 F=675,674,-1,3,-7 D=3505,3506,1,2,3 L=1249,1250,1,0,-1 B=1236,1236,0,0,-16
mv U code=0 aligned=1 homed=- ms=119.0 U=65,3131,-6,2,-1 R=1091,1090,-1,0,-1 F=675,674,-1,3,-7 D=3505,3506,1,2,3 L=1249,1250,1,0,-1 B=1236,1236,0,0,-16
mv U code=0 aligned=1 homed=- ms=119.0 U=3135,2119,8,1,-3 R=1091,1090,-1,0,-1 F=675,674,-1,3,-7 D=3505,3506,1,2,3 L=1249,1249,0,0,-2 B=1236,1236,0,0,-16
mv U code=0 aligned=1 homed=- ms=119.0 U=2123,1099,0,0,-3 R=1091,1090,-1,0,-1 F=675,674,-1,3,-7 D=3505,3505,0,2,2 L=1250,1250,0,0,-1 B=1236,1236,0,0,-16
mv U code=0 aligned=1 homed=- ms=119.0 U=1103,60,-19,3,-4 R=1091,1090,-1,0,-1 F=675,674,-1,3,-7 D=3505,3505,0,2,2 L=1249,1250,1,0,-1 B=1236,1236,0,0,-16
mv U code=0 aligned=1 homed=- ms=119.0 U=65,3131,-6,2,-1 R=1091,1090,-1,0,-1 F=675,674,-1,3,-7 D=3505,3506,1,2,3 L=1249,1250,1,0,-1 B=1236,1236,0,0,-16
mv U code=0 aligned=1 homed=- ms=119.0 U=3135,2119,8,1,-3 R=1091,1090,-1,0,-1 F=675,674,-1,3,-7 D=3505,3505,0,2,2 L=1249,1250,1,0,-1 B=1236,1236,0,0,-16
mv U code=0 aligned=1 homed=- ms=119.0 U=2123,1099,0,0,-3 R=1091,1090,-1,0,-1 F=675,674,-1,3,-7 D=3505,3506,1,2,3 L=1249,1250,1,0,-1 B=1236,1236,0,0,-16
mv U code=0 aligned=1 homed=- ms=119.0 U=1103,60,-19,3,-4 R=1091,1090,-1,0,-1 F=675,674,-1,3,-7 D=3505,3506,1,2,3 L=1249,1250,1,0,-1 B=1236,1236,0,0,-16
mv U code=0 aligned=1 homed=- ms=119.0 U=64,3131,-5,2,-1 R=1091,1090,-1,0,-1 F=675,674,-1,3,-7 D=3505,3505,0,2,2 L=1249,1250,1,0,-1 B=1236,1236,0,0,-16
mv U code=0 aligned=1 homed=- ms=119.0 U=3135,2118,7,1,-4 R=1091,1090,-1,0,-1 F=675,674,-1,3,-7 D=3505,3506,1,2,3 L=1250,1250,0,0,-1 B=1236,1236,0,0,-16
mv U code=0 aligned=1 homed=- ms=119.0 U=2123,1099,0,0,-3 R=1091,1090,-1,0,-1 F=675,674,-1,3,-7 D=3505,3505,0,2,2 L=1249,1250,1,0,-1 B=1236,1236,0,0,-16
mv U code=0 aligned=1 homed=- ms=119.0 U=1103,60,-19,3,-4 R=1091,1090,-1,0,-1 F=675,674,-1,3,-7 D=3505,3505,0,2,2 L=1249,1249,0,0,-2 B=1236,1236,0,0,-16
mv U code=0 aligned=1 homed=- ms=119.0 U=65,3131,-6,2,-1 R=1091,1090,-1,0,-1 F=675,674,-1,3,-7 D=3505,3506,1,2,3 L=1250,1250,0,0,-1 B=1236,1236,0,0,-16
mv U code=0 aligned=1 homed=- ms=119.0 U=3135,2119,8,1,-3 R=1091,1090,-1,0,-1 F=675,674,-1,3,-7 D=3505,3505,0,2,2 L=1249,1249,0,0,-2 B=1236,1236,0,0,-16
mv U code=0 aligned=1 homed=- ms=119.0 U=2123,1099,0,0,-3 R=1091,1090,-1,0,-1 F=675,674,-1,3,-7 D=3505,3505,0,2,2 L=1249,1250,1,0,-1 B=1236,1236,0,0,-16
mv U code=0 aligned=1 homed=- ms=119.0 U=1102,60,-18,3,-4 R=1091,1090,-1,0,-1 F=675,674,-1,3,-7 D=3505,3505,0,2,2 L=1249,1249,0,0,-2 B=1236,1236,0,0,-16
mv U code=0 aligned=1 homed=- ms=119.0 U=65,3131,-6,2,-1 R=1091,1090,-1,0,-1 F=675,674,-1,3,-7 D=3505,3506,1,2,3 L=1249,1249,0,0,-2 B=1236,1235,-1,0,-17
mv U code=0 aligned=1 homed=- ms=119.0 U=3135,2119,8,1,-3 R=1091,1090,-1,0,-1 F=675,674,-1,3,-7 D=3505,3505,0,2,2 L=1249,1250,1,0,-1 B=1236,1236,0,0,-16
mv U code=0 aligned=1 homed=- ms=119.0 U=2123,1099,0,0,-3 R=1091,1090,-1,0,-1 F=675,674,-1,3,-7 D=3505,3505,0,2,2 L=1249,1250,1,0,-1 B=1236,1236,0,0,-16
mv U code=0 aligned=1 homed=- ms=119.0 U=1103,61,-18,3,-3 R=1091,1090,-1,0,-1 F=675,674,-1,3,-7 D=3506,3505,-1,2,2 L=1249,1250,1,0,-1 B=1236,1236,0,0,-16
mv U code=0 aligned=1 homed=- ms=119.0 U=64,3131,-5,2,-1 R=1091,1090,-1,0,-1 F=675,674,-1,3,-7 D=3505,3505,0,2,2 L=1249,1250,1,0,-1 B=1236,1236,0,0,-16
mv U code=0 aligned=1 homed=- ms=119.0 U=3135,2119,8,1,-3 R=1091,1091,0,0,0 F=675,674,-1,3,-7 D=3505,3506,1,2,3 L=1249,1250,1,0,-1 B=1236,1236,0,0,-16
mv U code=0 aligned=1 homed=- ms=119.0 U=2123,1099,0,0,-3 R=1091,1090,-1,0,-1 F=675,674,-1,3,-7 D=3506,3505,-1,2,2 L=1249,1250,1,0,-1 B=1236,1236,0,0,-16
mv U code=0 aligned=1 homed=- ms=119.0 U=1102,60,-18,3,-4 R=1091,1090,-1,0,-1 F=675,674,-1,3,-7 D=3505,3506,1,2,3 L=1249,1250,1,0,-1 B=1236,1236,0,0,-16
mv U code=0 aligned=1 homed=- ms=119.0 U=64,3131,-5,2,-1 R=1091,1090,-1,0,-1 F=675,674,-1,3,-7 D=3505,3505,0,2,2 L=1249,1250,1,0,-1 B=1236,1236,0,0,-16
mv U code=0 aligned=1 homed=- ms=119.0 U=3135,2119,8,1,-3 R=1091,1090,-1,0,-1 F=675,674,-1,3,-7 D=3505,3506,1,2,3 L=1249,1250,1,0,-1 B=1236,1236,0,0,-16
mv U code=0 aligned=1 homed=- ms=119.0 U=2123,1099,0,0,-3 R=1091,1090,-1,0,-1 F=675,674,-1,3,-7 D=3505,3506,1,2,3 L=1249,1249,0,0,-2 B=1236,1236,0,0,-16
mv U code=0 aligned=1 homed=- ms=119.0 U=1103,60,-19,3,-4 R=1091,1090,-1,0,-1 F=675,674,-1,3,-7 D=3506,3505,-1,2,2 L=1250,1250,0,0,-1 B=1236,1236,0,0,-16
mv U code=0 aligned=1 homed=- ms=119.0 U=64,3131,-5,2,-1 R=1091,1090,-1,0,-1 F=675,674,-1,3,-7 D=3505,3506,1,2,3 L=1249,1250,1,0,-1 B=1236,1236,0,0,-16
mv U code=0 aligned=1 homed=- ms=119.0 U=3135,2119,8,1,-3 R=1091,1090,-1,0,-1 F=675,674,-1,3,-7 D=3506,3506,0,2,3 L=1250,1250,0,0,-1 B=1236,1235,-1,0,-17
mv U code=0 aligned=1 homed=- ms=119.0 U=2123,1098,-1,0,-4 R=1091,1090,-1,0,-1 F=675,674,-1,3,-7 D=3505,3505,0,2,2 L=1249,1250,1,0,-1 B=1236,1236,0,0,-16
mv U code=0 aligned=1 homed=- ms=119.0 U=1103,60,-19,3,-4 R=1091,1090,-1,0,-1 F=675,674,-1,3,-7 D=3505,3506,1,2,3 L=1249,1250,1,0,-1 B=1236,1236,0,0,-16
mv U code=0 aligned=1 homed=- ms=119.0 U=64,3131,-5,2,-1 R=1091,1090,-1,0,-1 F=675,674,-1,3,-7 D=3505,3506,1,2,3 L=1249,1250,1,0,-1 B=1236,1236,0,0,-16
mv U code=0 aligned=1 homed=- ms=119.0 U=3135,2119,8,1,-3 R=1091,1090,-1,0,-1 F=675,674,-1,3,-7 D=3505,3505,0,2,2 L=1250,1250,0,0,-1 B=1236,1236,0,0,-16
mv U code=0 aligned=1 homed=- ms=119.0 U=2123,1099,0,0,-3 R=1091,1090,-1,0,-1 F=675,674,-1,3,-7 D=3505,3505,0,2,2 L=1249,1250,1,0,-1 B=1236,1236,0,0,-16
mv U code=0 aligned=1 homed=- ms=119.0 U=1103,60,-19,3,-4 R=1091,1090,-1,0,-1 F=675,674,-1,3,-7 D=3505,3505,0,2,2 L=1249,1249,0,0,-2 B=1236,1236,0,0,-16
mv U code=0 aligned=1 homed=- ms=119.0 U=64,3131,-5,2,-1 R=1091,1090,-1,0,-1 F=675,674,-1,3,-7 D=3505,3506,1,2,3 L=1249,1250,1,0,-1 B=1236,1236,0,0,-16
mv U code=0 aligned=1 homed=- ms=119.0 U=3135,2119,8,1,-3 R=1091,1090,-1,0,-1 F=675,674,-1,3,-7 D=3505,3505,0,2,2 L=1249,1250,1,0,-1 B=1236,1236,0,0,-16
mv U code=0 aligned=1 homed=- ms=119.0 U=2123,1099,0,0,-3 R=1091,1090,-1,0,-1 F=675,674,-1,3,-7 D=3505,3505,0,2,2 L=1249,1250,1,0,-1 B=1236,1236,0,0,-16
mv U code=0 aligned=1 homed=- ms=119.0 U=1102,60,-18,3,-4 R=1091,1090,-1,0,-1 F=675,674,-1,3,-7 D=3505,3506,1,2,3 L=1249,1250,1,0,-1 B=1236,1236,0,0,-16
mv U code=0 aligned=1 homed=- ms=119.0 U=65,3131,-6,2,-1 R=1091,1090,-1,0,-1 F=675,674,-1,3,-7 D=3505,3505,0,2,2 L=1249,1250,1,0,-1 B=1236,1236,0,0,-16
mv U code=0 aligned=1 homed=- ms=119.0 U=3135,2118,7,1,-4 R=1091,1090,-1,0,-1 F=675,674,-1,3,-7 D=3506,3506,0,2,3 L=1249,1250,1,0,-1 B=1236,1236,0,0,-16
mv U code=0 aligned=1 homed=- ms=119.0 U=2123,1099,0,0,-3 R=1091,1090,-1,0,-1 F=675,674,-1,3,-7 D=3505,3505,0,2,2 L=1249,1250,1,0,-1 B=1236,1236,0,0,-16
mv U code=0 aligned=1 homed=- ms=119.0 U=1103,60,-19,3,-4 R=1090,1090,0,0,-1 F=675,674,-1,3,-7 D=3505,3505,0,2,2 L=1250,1249,-1,0,-2 B=1236,1236,0,0,-16
mv U code=0 aligned=1 homed=- ms=119.0 U=64,3131,-5,2,-1 R=1091,1090,-1,0,-1 F=675,674,-1,3,-7 D=3505,3506,1,2,3 L=1249,1250,1,0,-1 B=1236,1236,0,0,-16
mv U code=0 aligned=1 homed=- ms=119.0 U=3135,2119,8,1,-3 R=1091,1090,-1,0,-1 F=675,674,-1,3,-7 D=3505,3506,1,2,3 L=1249,1250,1,0,-1 B=1236,1236,0,0,-16
mv U code=0 aligned=1 homed=- ms=119.0 U=2123,1099,0,0,-3 R=1091,1090,-1,0,-1 F=675,674,-1,3,-7 D=3505,3505,0,2,2 L=1249,1250,1,0,-1 B=1236,1236,0,0,-16
mv U code=0 aligned=1 homed=- ms=119.0 U=1103,60,-19,3,-4 R=1091,1090,-1,0,-1 F=675,674,-1,3,-7 D=3505,3506,1,2,3 L=1249,1250,1,0,-1 B=1236,1236,0,0,-16
mv U code=0 aligned=1 homed=- ms=119.0 U=64,3131,-5,2,-1 R=1091,1090,-1,0,-1 F=675,674,-1,3,-7 D=3505,3506,1,2,3 L=1249,1250,1,0,-1 B=1236,1236,0,0,-16
mv U code=0 aligned=1 homed=- ms=119.0 U=3135,2119,8,1,-3 R=1091,1090,-1,0,-1 F=675,674,-1,3,-7 D=3505,3506,1,2,3 L=1249,1250,1,0,-1 B=1236,1236,0,0,-16
mv U code=0 aligned=1 homed=- ms=119.0 U=2123,1098,-1,0,-4 R=1091,1090,-1,0,-1 F=675,674,-1,3,-7 D=3505,3505,0,2,2 L=1249,1250,1,0,-1 B=1236,1236,0,0,-16
mv U code=0 aligned=1 homed=- ms=119.0 U=1103,60,-19,3,-4 R=1091,1090,-1,0,-1 F=675,674,-1,3,-7 D=3505,3505,0,2,2 L=1249,1250,1,0,-1 B=1236,1236,0,0,-16
mv U code=0 aligned=1 homed=- ms=119.0 U=64,3131,-5,2,-1 R=1091,1090,-1,0,-1 F=675,674,-1,3,-7 D=3505,3506,1,2,3 L=1250,1250,0,0,-1 B=1236,1236,0,0,-16
mv U code=0 aligned=1 homed=- ms=119.0 U=3135,2119,8,1,-3 R=1091,1090,-1,0,-1 F=675,674,-1,3,-7 D=3505,3505,0,2,2 L=1250,1250,0,0,-1 B=1236,1236,0,0,-16
mv U code=0 aligned=1 homed=- ms=119.0 U=2123,1099,0,0,-3 R=1091,1090,-1,0,-1 F=675,674,-1,3,-7 D=3505,3506,1,2,3 L=1249,1250,1,0,-1 B=1236,1236,0,0,-16
mv U code=0 aligned=1 homed=- ms=119.0 U=1103,60,-19,3,-4 R=1091,1090,-1,0,-1 F=675,674,-1,3,-7 D=3506,3506,0,2,3 L=1249,1250,1,0,-1 B=1236,1236,0,0,-16
mv U code=0 aligned=1 homed=- ms=119.0 U=65,3131,-6,2,-1 R=1091,1090,-1,0,-1 F=675,674,-1,3,-7 D=3505,3506,1,2,3 L=1249,1250,1,0,-1 B=1236,1236,0,0,-16
mv U code=0 aligned=1 homed=- ms=119.0 U=3135,2119,8,1,-3 R=1091,1090,-1,0,-1 F=675,674,-1,3,-7 D=3505,3506,1,2,3 L=1249,1250,1,0,-1 B=1236,1236,0,0,-16
mv U code=0 aligned=1 homed=- ms=119.0 U=2123,1099,0,0,-3 R=1091,1090,-1,0,-1 F=675,674,-1,3,-7 D=3505,3505,0,2,2 L=1249,1250,1,0,-1 B=1236,1236,0,0,-16
mv U code=0 aligned=1 homed=- ms=119.0 U=1103,61,-18,3,-3 R=1091,1090,-1,0,-1 F=675,674,-1,3,-7 D=3506,3505,-1,2,2 L=1249,1250,1,0,-1 B=1236,1236,0,0,-16
mv U code=0 aligned=1 homed=- ms=119.0 U=64,3131,-5,2,-1 R=1091,1090,-1,0,-1 F=675,674,-1,3,-7 D=3505,3505,0,2,2 L=1249,1250,1,0,-1 B=1236,1236,0,0,-16
mv U code=0 aligned=1 homed=- ms=119.0 U=3135,2119,8,1,-3 R=1091,1090,-1,0,-1 F=675,674,-1,3,-7 D=3505,3505,0,2,2 L=1249,1250,1,0,-1 B=1236,1236,0,0,-16
mv U code=0 aligned=1 homed=- ms=119.0 U=2123,1099,0,0,-3 R=1091,1090,-1,0,-1 F=675,674,-1,3,-7 D=3505,3505,0,2,2 L=1249,1250,1,0,-1 B=1236,1236,0,0,-16
mv U code=0 aligned=1 homed=- ms=119.0 U=1102,60,-18,3,-4 R=1091,1090,-1,0,-1 F=675,674,-1,3,-7 D=3505,3506,1,2,3 L=1249,1250,1,0,-1 B=1236,1236,0,0,-16
mv U code=0 aligned=1 homed=- ms=119.0 U=65,3131,-6,2,-1 R=1091,1090,-1,0,-1 F=675,674,-1,3,-7 D=3505,3506,1,2,3 L=1249,1250,1,0,-1 B=1236,1236,0,0,-16
mv U code=0 aligned=1 homed=- ms=119.0 U=3135,2119,8,1,-3 R=1091,1090,-1,0,-1 F=675,674,-1,3,-7 D=3505,3506,1,2,3 L=1249,1250,1,0,-1 B=1236,1236,0,0,-16
mv U code=0 aligned=1 homed=- ms=119.0 U=2123,1099,0,0,-3 R=1091,1090,-1,0,-1 F=675,674,-1,3,-7 D=3505,3506,1,2,3 L=1249,1250,1,0,-1 B=1236,1236,0,0,-16
mv U code=0 aligned=1 homed=- ms=119.0 U=1102,60,-18,3,-4 R=1091,1090,-1,0,-1 F=675,674,-1,3,-7 D=3505,3505,0,2,2 L=1249,1250,1,0,-1 B=1236,1236,0,0,-16
mv U code=0 aligned=1 homed=- ms=119.0 U=64,3131,-5,2,-1 R=1091,1090,-1,0,-1 F=675,674,-1,3,-7 D=3505,3506,1,2,3 L=1249,1249,0,0,-2 B=1236,1236,0,0,-16
mv U code=0 aligned=1 homed=- ms=119.0 U=3135,2119,8,1,-3 R=1091,1090,-1,0,-1 F=675,674,-1,3,-7 D=3505,3505,0,2,2 L=1249,1250,1,0,-1 B=1236,1236,0,0,-16
mv U code=0 aligned=1 homed=- ms=119.0 U=2123,1099,0,0,-3 R=1091,1090,-1,0,-1 F=675,674,-1,3,-7 D=3505,3506,1,2,3 L=1249,1250,1,0,-1 B=1236,1236,0,0,-16
mv U code=0 aligned=1 homed=- ms=119.0 U=1103,60,-19,3,-4 R=1091,1090,-1,0,-1 F=675,673,-2,3,-8 D=3505,3506,1,2,3 L=1250,1249,-1,0,-2 B=1236,1236,0,0,-16
mv U code=0 aligned=1 homed=- ms=119.0 U=64,3131,-5,2,-1 R=1091,1090,-1,0,-1 F=675,674,-1,3,-7 D=3505,3506,1,2,3 L=1250,1250,0,0,-1 B=1236,1236,0,0,-16
mv U code=0 aligned=1 homed=- ms=119.0 U=3135,2119,8,1,-3 R=1091,1090,-1,0,-1 F=675,674,-1,3,-7 D=3505,3506,1,2,3 L=1249,1250,1,0,-1 B=1236,1236,0,0,-16
mv U code=0 aligned=1 homed=- ms=119.0 U=2123,1099,0,0,-3 R=1091,1090,-1,0,-1 F=675,674,-1,3,-7 D=3505,3506,1,2,3 L=1249,1250,1,0,-1 B=1236,1236,0,0,-16
mv U code=0 aligned=1 homed=- ms=119.0 U=1102,60,-18,3,-4 R=1091,1090,-1,0,-1 F=675,674,-1,3,-7 D=3505,3506,1,2,3 L=1249,1250,1,0,-1 B=1236,1236,0,0,-16
mv U code=0 aligned=1 homed=- ms=119.0 U=65,3130,-7,2,-2 R=1091,1090,-1,0,-1 F=675,674,-1,3,-7 D=3505,3506,1,2,3 L=1249,1250,1,0,-1 B=1236,1235,-1,0,-17
mv U code=0 aligned=1 homed=- ms=119.0 U=3135,2119,8,1,-3 R=1091,1090,-1,0,-1 F=675,674,-1,3,-7 D=3505,3505,0,2,2 L=1249,1250,1,0,-1 B=1236,1236,0,0,-16
mv U code=0 aligned=1 homed=- ms=119.0 U=2123,1099,0,0,-3 R=1091,1090,-1,0,-1 F=675,674,-1,3,-7 D=3505,3506,1,2,3 L=1249,1250,1,0,-1 B=1236,1236,0,0,-16
mv U code=0 aligned=1 homed=- ms=119.0 U=1103,60,-19,3,-4 R=1091,1090,-1,0,-1 F=675,674,-1,3,-7 D=3505,3505,0,2,2 L=1250,1250,0,0,-1 B=1236,1236,0,0,-16
mv U code=0 aligned=1 homed=- ms=119.0 U=65,3131,-6,2,-1 R=1091,1091,0,0,0 F=675,674,-1,3,-7 D=3505,3506,1,2,3 L=1249,1250,1,0,-1 B=1236,1236,0,0,-16
mv U code=0 aligned=1 homed=- ms=119.0 U=3135,2119,8,1,-3 R=1091,1090,-1,0,-1 F=675,674,-1,3,-7 D=3505,3505,0,2,2 L=1249,1250,1,0,-1 B=1236,1236,0,0,-16
mv U code=0 aligned=1 homed=- ms=119.0 U=2123,1099,0,0,-3 R=1091,1090,-1,0,-1 F=675,674,-1,3,-7 D=3505,3506,1,2,3 L=1250,1250,0,0,-1 B=1236,1236,0,0,-16
mv U code=0 aligned=1 homed=- ms=119.0 U=1103,60,-19,3,-4 R=1091,1090,-1,0,-1 F=675,674,-1,3,-7 D=3505,3506,1,2,3 L=1249,1250,1,0,-1 B=1236,1236,0,0,-16
mv U code=0 aligned=1 homed=- ms=119.0 U=65,3131,-6,2,-1 R=1091,1090,-1,0,-1 F=675,674,-1,3,-7 D=3505,3505,0,2,2 L=1249,1250,1,0,-1 B=1236,1236,0,0,-16
mv U code=0 aligned=1 homed=- ms=119.0 U=3135,2119,8,1,-3 R=1091,1090,-1,0,-1 F=675,674,-1,3,-7 D=3505,3505,0,2,2 L=1249,1250,1,0,-1 B=1236,1236,0,0,-16
mv U code=0 aligned=1 homed=- ms=119.0 U=2123,1099,0,0,-3 R=1091,1090,-1,0,-1 F=675,674,-1,3,-7 D=3505,3506,1,2,3 L=1250,1250,0,0,-1 B=1236,1236,0,0,-16
mv U code=0 aligned=1 homed=- ms=119.0 U=1103,60,-19,3,-4 R=1091,1090,-1,0,-1 F=675,674,-1,3,-7 D=3505,3505,0,2,2 L=1250,1250,0,0,-1 B=1236,1236,0,0,-16
mv U code=0 aligned=1 homed=- ms=119.0 U=64,3131,-5,2,-1 R=1091,1090,-1,0,-1 F=675,674,-1,3,-7 D=3505,3506,1,2,3 L=1249,1250,1,0,-1 B=1236,1236,0,0,-16
mv U code=0 aligned=1 homed=- ms=119.0 U=3135,2118,7,1,-4 R=1091,1090,-1,0,-1 F=675,674,-1,3,-7 D=3505,3506,1,2,3 L=1249,1250,1,0,-1 B=1236,1236,0,0,-16
mv U code=0 aligned=1 homed=- ms=119.0 U=2123,1099,0,0,-3 R=1091,1090,-1,0,-1 F=675,674,-1,3,-7 D=3505,3506,1,2,3 L=1250,1250,0,0,-1 B=1236,1236,0,0,-16
mv U code=0 aligned=1 homed=- ms=119.0 U=1103,60,-19,3,-4 R=1090,1090,0,0,-1 F=675,674,-1,3,-7 D=3505,3506,1,2,3 L=1249,1250,1,0,-1 B=1236,1236,0,0,-16
mv U code=0 aligned=1 homed=- ms=119.0 U=65,3131,-6,2,-1 R=1091,1090,-1,0,-1 F=675,674,-1,3,-7 D=3505,3505,0,2,2 L=1249,1250,1,0,-1 B=1236,1236,0,0,-16
mv U code=0 aligned=1 homed=- ms=119.0 U=3135,2118,7,1,-4 R=1091,1090,-1,0,-1 F=675,674,-1,3,-7 D=3505,3505,0,2,2 L=1249,1250,1,0,-1 B=1236,1236,0,0,-16
mv U code=0 aligned=1 homed=- ms=119.0 U=2123,1099,0,0,-3 R=1091,1090,-1,0,-1 F=675,674,-1,3,-7 D=3506,3505,-1,2,2 L=1249,1250,1,0,-1 B=1236,1236,0,0,-16
mv U code=0 aligned=1 homed=- ms=119.0 U=1103,60,-19,3,-4 R=1091,1090,-1,0,-1 F=675,674,-1,3,-7 D=3505,3506,1,2,3 L=1249,1250,1,0,-1 B=1236,1236,0,0,-16
mv U code=0 aligned=1 homed=- ms=119.0 U=64,3131,-5,2,-1 R=1091,1090,-1,0,-1 F=675,674,-1,3,-7 D=3505,3506,1,2,3 L=1249,1250,1,0,-1 B=1236,1236,0,0,-16
mv U code=0 aligned=1 homed=- ms=119.0 U=3135,2119,8,1,-3 R=1091,1090,-1,0,-1 F=675,674,-1,3,-7 D=3505,3505,0,2,2 L=1249,1250,1,0,-1 B=1236,1236,0,0,-16
mv U code=0 aligned=1 homed=- ms=119.0 U=2123,1099,0,0,-3 R=1091,1090,-1,0,-1 F=675,674,-1,3,-7 D=3505,3505,0,2,2 L=1249,1250,1,0,-1 B=1236,1236,0,0,-16
mv U code=0 aligned=1 homed=- ms=119.0 U=1103,60,-19,3,-4 R=1091,1090,-1,0,-1 F=675,674,-1,3,-7 D=3505,3505,0,2,2 L=1249,1250,1,0,-1 B=1236,1236,0,0,-16
mv U code=0 aligned=1 homed=- ms=119.0 U=64,3131,-5,2,-1 R=1091,1090,-1,0,-1 F=675,674,-1,3,-7 D=3505,3506,1,2,3 L=1249,1250,1,0,-1 B=1236,1236,0,0,-16
mv U code=0 aligned=1 homed=- ms=119.0 U=3135,2119,8,1,-3 R=1091,1090,-1,0,-1 F=675,674,-1,3,-7 D=3506,3505,-1,2,2 L=1249,1250,1,0,-1 B=1236,1236,0,0,-16
mv U code=0 aligned=1 homed=- ms=119.0 U=2123,1099,0,0,-3 R=1091,1090,-1,0,-1 F=675,674,-1,3,-7 D=3505,3506,1,2,3 L=1249,1250,1,0,-1 B=1236,1236,0,0,-16
mv U code=0 aligned=1 homed=- ms=119.0 U=1103,60,-19,3,-4 R=1091,1090,-1,0,-1 F=675,674,-1,3,-7 D=3505,3506,1,2,3 L=1249,1250,1,0,-1 B=1236,1236,0,0,-16
mv U code=0 aligned=1 homed=- ms=119.0 U=64,3131,-5,2,-1 R=1091,1090,-1,0,-1 F=675,674,-1,3,-7 D=3505,3506,1,2,3 L=1249,1250,1,0,-1 B=1236,1236,0,0,-16
mv U code=0 aligned=1 homed=- ms=119.0 U=3135,2119,8,1,-3 R=1091,1090,-1,0,-1 F=675,674,-1,3,-7 D=3505,3506,1,2,3 L=1250,1250,0,0,-1 B=1236,1236,0,0,-16
mv U code=0 aligned=1 homed=- ms=119.0 U=2123,1099,0,0,-3 R=1091,1090,-1,0,-1 F=675,674,-1,3,-7 D=3505,3506,1,2,3 L=1249,1250,1,0,-1 B=1236,1236,0,0,-16
mv U code=0 aligned=1 homed=- ms=119.0 U=1103,60,-19,3,-4 R=1091,1090,-1,0,-1 F=675,674,-1,3,-7 D=3506,3506,0,2,3 L=1249,1250,1,0,-1 B=1236,1236,0,0,-16
mv U code=0 aligned=1 homed=- ms=119.0 U=64,3131,-5,2,-1 R=1091,1090,-1,0,-1 F=675,674,-1,3,-7 D=3505,3506,1,2,3 L=1249,1249,0,0,-2 B=1236,1236,0,0,-16
mv U code=0 aligned=1 homed=- ms=119.0 U=3135,2119,8,1,-3 R=1091,1090,-1,0,-1 F=675,674,-1,3,-7 D=3505,3506,1,2,3 L=1249,1250,1,0,-1 B=1236,1236,0,0,-16
mv U code=0 aligned=1 homed=- ms=119.0 U=2123,1099,0,0,-3 R=1091,1090,-1,0,-1 F=675,674,-1,3,-7 D=3506,3506,0,2,3 L=1249,1250,1,0,-1 B=1236,1236,0,0,-16
mv U code=0 aligned=1 homed=- ms=119.0 U=1103,60,-19,3,-4 R=1091,1090,-1,0,-1 F=675,674,-1,3,-7 D=3505,3505,0,2,2 L=1249,1250,1,0,-1 B=1236,1236,0,0,-16
mv U code=0 aligned=1 homed=- ms=119.0 U=65,3131,-6,2,-1 R=1091,1090,-1,0,-1 F=675,674,-1,3,-7 D=3505,3505,0,2,2 L=1249,1250,1,0,-1 B=1236,1236,0,0,-16
mv U code=0 aligned=1 homed=- ms=119.0 U=3135,2118,7,1,-4 R=1091,1090,-1,0,-1 F=675,674,-1,3,-7 D=3505,3506,1,2,3 L=1249,1250,1,0,-1 B=1236,1236,0,0,-16
mv U code=0 aligned=1 homed=- ms=119.0 U=2123,1099,0,0,-3 R=1091,1090,-1,0,-1 F=675,674,-1,3,-7 D=3505,3505,0,2,2 L=1249,1250,1,0,-1 B=1236,1236,0,0,-16
mv U code=0 aligned=1 homed=- ms=119.0 U=1103,60,-19,3,-4 R=1091,1090,-1,0,-1 F=675,674,-1,3,-7 D=3505,3506,1,2,3 L=1249,1250,1,0,-1 B=1236,1236,0,0,-16
mv U code=0 aligned=1 homed=- ms=119.0 U=65,3131,-6,2,-1 R=1091,1090,-1,0,-1 F=675,674,-1,3,-7 D=3505,3505,0,2,2 L=1250,1249,-1,0,-2 B=1236,1236,0,0,-16
mv U code=0 aligned=1 homed=- ms=119.0 U=3135,2118,7,1,-4 R=1091,1090,-1,0,-1 F=675,674,-1,3,-7 D=3505,3505,0,2,2 L=1249,1250,1,0,-1 B=1236,1236,0,0,-16
mv U code=0 aligned=1 homed=- ms=119.0 U=2123,1099,0,0,-3 R=1091,1090,-1,0,-1 F=675,674,-1,3,-7 D=3505,3506,1,2,3 L=1249,1250,1,0,-1 B=1236,1236,0,0,-16
mv U code=0 aligned=1 homed=- ms=119.0 U=1103,60,-19,3,-4 R=1091,1090,-1,0,-1 F=675,674,-1,3,-7 D=3505,3505,0,2,2 L=1249,1250,1,0,-1 B=1236,1236,0,0,-16
mv U code=0 aligned=1 homed=- ms=119.0 U=64,3131,-5,2,-1 R=1091,1090,-1,0,-1 F=675,674,-1,3,-7 D=3505,3506,1,2,3 L=1249,1250,1,0,-1 B=1236,1236,0,0,-16
mv U code=0 aligned=1 homed=- ms=119.0 U=3135,2119,8,1,-3 R=1091,1090,-1,0,-1 F=675,674,-1,3,-7 D=3505,3505,0,2,2 L=1250,1250,0,0,-1 B=1236,1236,0,0,-16
mv U code=0 aligned=1 homed=- ms=119.0 U=2123,1099,0,0,-3 R=1091,1090,-1,0,-1 F=675,674,-1,3,-7 D=3505,3506,1,2,3 L=1250,1250,0,0,-1 B=1236,1236,0,0,-16
mv U code=0 aligned=1 homed=- ms=119.0 U=1103,60,-19,3,-4 R=1091,1090,-1,0,-1 F=675,674,-1,3,-7 D=3505,3505,0,2,2 L=1249,1250,1,0,-1 B=1236,1236,0,0,-16
mv U code=0 aligned=1 homed=- ms=119.0 U=65,3131,-6,2,-1 R=1091,1090,-1,0,-1 F=675,674,-1,3,-7 D=3505,3505,0,2,2 L=1249,1250,1,0,-1 B=1236,1236,0,0,-16
mv U code=0 aligned=1 homed=- ms=119.0 U=3135,2119,8,1,-3 R=1091,1090,-1,0,-1 F=675,674,-1,3,-7 D=3505,3505,0,2,2 L=1249,1250,1,0,-1 B=1236,1236,0,0,-16
mv U code=0 aligned=1 homed=- ms=119.0 U=2123,1099,0,0,-3 R=1091,1090,-1,0,-1 F=675,674,-1,3,-7 D=3505,3505,0,2,2 L=1249,1250,1,0,-1 B=1236,1236,0,0,-16
mv U code=0 aligned=1 homed=- ms=119.0 U=1103,60,-19,3,-4 R=1091,1090,-1,0,-1 F=675,674,-1,3,-7 D=3505,3506,1,2,3 L=1249,1250,1,0,-1 B=1236,1236,0,0,-16
mv U code=0 aligned=1 homed=- ms=119.0 U=64,3131,-5,2,-1 R=1091,1090,-1,0,-1 F=675,674,-1,3,-7 D=3505,3506,1,2,3 L=1250,1249,-1,0,-2 B=1236,1236,0,0,-16
mv U code=0 aligned=1 homed=- ms=119.0 U=3135,2119,8,1,-3 R=1091,1091,0,0,0 F=675,674,-1,3,-7 D=3505,3506,1,2,3 L=1249,1250,1,0,-1 B=1236,1236,0,0,-16
mv U code=0 aligned=1 homed=- ms=119.0 U=2123,1099,0,0,-3 R=1091,1090,-1,0,-1 F=675,674,-1,3,-7 D=3505,3506,1,2,3 L=1250,1250,0,0,-1 B=1236,1236,0,0,-16
mv U code=0 aligned=1 homed=- ms=119.0 U=1103,60,-19,3,-4 R=1091,1090,-1,0,-1 F=675,674,-1,3,-7 D=3505,3506,1,2,3 L=1249,1250,1,0,-1 B=1236,1236,0,0,-16
mv U code=0 aligned=1 homed=- ms=119.0 U=64,3131,-5,2,-1 R=1091,1090,-1,0,-1 F=675,674,-1,3,-7 D=3505,3506,1,2,3 L=1249,1250,1,0,-1 B=1236,1236,0,0,-16
mv U code=0 aligned=1 homed=- ms=119.0 U=3135,2118,7,1,-4 R=1091,1090,-1,0,-1 F=675,674,-1,3,-7 D=3505,3506,1,2,3 L=1249,1250,1,0,-1 B=1236,1236,0,0,-16
mv U code=0 aligned=1 homed=- ms=119.0 U=2123,1099,0,0,-3 R=1091,1090,-1,0,-1 F=675,674,-1,3,-7 D=3505,3506,1,2,3 L=1249,1250,1,0,-1 B=1236,1236,0,0,-16
mv U code=0 aligned=1 homed=- ms=119.0 U=1103,60,-19,3,-4 R=1091,1090,-1,0,-1 F=675,674,-1,3,-7 D=3505,3506,1,2,3 L=1249,1250,1,0,-1 B=1236,1236,0,0,-16
mv U code=0 aligned=1 homed=- ms=119.0 U=64,3131,-5,2,-1 R=1091,1090,-1,0,-1 F=675,674,-1,3,-7 D=3505,3505,0,2,2 L=1249,1250,1,0,-1 B=1236,1236,0,0,-16
mv U code=0 aligned=1 homed=- ms=119.0 U=3135,2118,7,1,-4 R=1091,1090,-1,0,-1 F=675,674,-1,3,-7 D=3505,3505,0,2,2 L=1249,1250,1,0,-1 B=1236,1236,0,0,-16
mv U code=0 aligned=1 homed=- ms=119.0 U=2123,1099,0,0,-3 R=1091,1090,-1,0,-1 F=675,674,-1,3,-7 D=3505,3505,0,2,2 L=1249,1250,1,0,-1 B=1236,1236,0,0,-16
mv U code=0 aligned=1 homed=- ms=119.0 U=1103,60,-19,3,-4 R=1091,1090,-1,0,-1 F=675,674,-1,3,-7 D=3505,3505,0,2,2 L=1249,1250,1,0,-1 B=1236,1236,0,0,-16
mv U code=0 aligned=1 homed=- ms=119.0 U=65,3131,-6,2,-1 R=1091,1090,-1,0,-1 F=675,674,-1,3,-7 D=3505,3505,0,2,2 L=1249,1250,1,0,-1 B=1236,1236,0,0,-16
mv U code=0 aligned=1 homed=- ms=119.0 U=3135,2119,8,1,-3 R=1091,1090,-1,0,-1 F=675,674,-1,3,-7 D=3505,3506,1,2,3 L=1249,1250,1,0,-1 B=1236,1236,0,0,-16
mv U code=0 aligned=1 homed=- ms=119.0 U=2123,1099,0,0,-3 R=1091,1090,-1,0,-1 F=675,674,-1,3,-7 D=3505,3505,0,2,2 L=1249,1250,1,0,-1 B=1236,1236,0,0,-16
mv U code=0 aligned=1 homed=- ms=119.0 U=1103,60,-19,3,-4 R=1091,1090,-1,0,-1 F=675,674,-1,3,-7 D=3505,3505,0,2,2 L=1250,1250,0,0,-1 B=1236,1236,0,0,-16
mv U code=0 aligned=1 homed=- ms=119.0 U=65,3131,-6,2,-1 R=1091,1090,-1,0,-1 F=675,674,-1,3,-7 D=3505,3505,0,2,2 L=1250,1250,0,0,-1 B=1236,1236,0,0,-16
rep moves=200 notaligned=0 homings=0 failures=0 avgms=119.0
res U=200,-4.1,10.5,19 R=- F=- D=- L=- B=-
ok
> health
health U=1,1,0/128/677 R=1,1,0/128/1620 F=1,1,0/128/1787 D=1,1,0/128/1578 L=1,1,0/128/678 B=1,1,0/128/1286 RING=1,1,0/128/1598
ok
> home
[align] motor 0 err=3 counts (0.3 steps)
[align] motor 1 err=0 counts (0.0 steps)
[align] motor 2 err=-6 counts (-0.6 steps)
[align] motor 3 err=2 counts (0.2 steps)
[align] motor 4 err=-3 counts (-0.3 steps)
[align] motor 5 err=-18 counts (-1.8 steps)
home code=0 ms=6 en=0
enc U=3131 R=1090 F=673 D=3506 L=1250 B=1236 RING=2768
near U=2:-1 R=0:-1 F=3:-8 D=2:3 L=0:-1 B=0:-16
ok
> enc
enc U=3134 R=1091 F=674 D=3505 L=1249 B=1236 RING=2768
near U=2:2 R=0:0 F=3:-7 D=2:2 L=0:-2 B=0:-16
ok
> rep 50 U' U' U' U'
mv U' code=0 aligned=1 homed=- ms=119.0 U=3135,61,-2,3,-3 R=1091,1090,-1,0,-1 F=675,673,-2,3,-8 D=3505,3506,1,2,3 L=1249,1250,1,0,-1 B=1236,1236,0,0,-16
mv U' code=0 aligned=1 homed=- ms=119.0 U=63,1100,13,0,-2 R=1091,1090,-1,0,-1 F=675,674,-1,3,-7 D=3505,3505,0,2,2 L=1249,1249,0,0,-2 B=1236,1236,0,0,-16
mv U' code=0 aligned=1 homed=- ms=119.0 U=1101,2120,-5,1,-2 R=1091,1090,-1,0,-1 F=675,674,-1,3,-7 D=3505,3506,1,2,3 L=1249,1250,1,0,-1 B=1236,1236,0,0,-16
mv U' code=0 aligned=1 homed=- ms=119.0 U=2122,3132,-14,2,0 R=1091,1090,-1,0,-1 F=675,674,-1,3,-7 D=3505,3506,1,2,3 L=1249,1250,1,0,-1 B=1236,1236,0,0,-16
mv U' code=0 aligned=1 homed=- ms=119.0 U=3134,61,-1,3,-3 R=1091,1090,-1,0,-1 F=675,674,-1,3,-7 D=3505,3505,0,2,2 L=1249,1250,1,0,-1 B=1236,1236,0,0,-16
mv U' code=0 aligned=1 homed=- ms=119.0 U=63,1100,13,0,-2 R=1091,1090,-1,0,-1 F=675,674,-1,3,-7 D=3505,3505,0,2,2 L=1249,1250,1,0,-1 B=1236,1236,0,0,-16
mv U' code=0 aligned=1 homed=- ms=119.0 U=1101,2119,-6,1,-3 R=1091,1090,-1,0,-1 F=675,674,-1,3,-7 D=3505,3506,1,2,3 L=1249,1250,1,0,-1 B=1236,1236,0,0,-16
mv U' code=0 aligned=1 homed=- ms=119.0 U=2122,3132,-14,2,0 R=1091,1090,-1,0,-1 F=675,674,-1,3,-7 D=3505,3505,0,2,2 L=1249,1250,1,0,-1 B=1236,1236,0,0,-16
mv U' code=0 aligned=1 homed=- ms=119.0 U=3133,61,0,3,-3 R=1091,1090,-1,0,-1 F=675,674,-1,3,-7 D=3505,3505,0,2,2 L=1249,1250,1,0,-1 B=1236,1236,0,0,-16
mv U' code=0 aligned=1 homed=- ms=119.0 U=63,1100,13,0,-2 R=1091,1090,-1,0,-1 F=675,674,-1,3,-7 D=3505,3506,1,2,3 L=1249,1250,1,0,-1 B=1236,1236,0,0,-16
mv U' code=0 aligned=1 homed=- ms=119.0 U=1102,2119,-7,1,-3 R=1091,1091,0,0,0 F=675,674,-1,3,-7 D=3505,3505,0,2,2 L=1249,1250,1,0,-1 B=1236,1236,0,0,-16
mv U' code=0 aligned=1 homed=- ms=119.0 U=2122,3132,-14,2,0 R=1091,1090,-1,0,-1 F=675,674,-1,3,-7 D=3506,3505,-1,2,2 L=1249,1250,1,0,-1 B=1236,1236,0,0,-16
mv U' code=0 aligned=1 homed=- ms=119.0 U=3134,61,-1,3,-3 R=1091,1090,-1,0,-1 F=675,674,-1,3,-7 D=3505,3506,1,2,3 L=1249,1250,1,0,-1 B=1236,1236,0,0,-16
mv U' code=0 aligned=1 homed=- ms=119.0 U=63,1100,13,0,-2 R=1091,1090,-1,0,-1 F=675,674,-1,3,-7 D=3505,3506,1,2,3 L=1249,1250,1,0,-1 B=1236,1236,0,0,-16
mv U' code=0 aligned=1 homed=- ms=119.0 U=1101,2119,-6,1,-3 R=1091,1090,-1,0,-1 F=675,674,-1,3,-7 D=3506,3505,-1,2,2 L=1249,1250,1,0,-1 B=1236,1236,0,0,-16
mv U' code=0 aligned=1 homed=- ms=119.0 U=2123,3132,-15,2,0 R=1091,1090,-1,0,-1 F=675,674,-1,3,-7 D=3505,3505,0,2,2 L=1249,1250,1,0,-1 B=1236,1236,0,0,-16
mv U' code=0 aligned=1 homed=- ms=119.0 U=3134,61,-1,3,-3 R=1091,1090,-1,0,-1 F=675,674,-1,3,-7 D=3505,3506,1,2,3 L=1249,1250,1,0,-1 B=1236,1236,0,0,-16
mv U' code=0 aligned=1 homed=- ms=119.0 U=63,1100,13,0,-2 R=1091,1090,-1,0,-1 F=675,674,-1,3,-7 D=3505,3505,0,2,2 L=1249,1250,1,0,-1 B=1236,1236,0,0,-16
mv U' code=0 aligned=1 homed=- ms=119.0 U=1101,2119,-6,1,-3 R=1091,1090,-1,0,-1 F=675,674,-1,3,-7 D=3506,3506,0,2,3 L=1249,1250,1,0,-1 B=1236,1236,0,0,-16
mv U' code=0 aligned=1 homed=- ms=119.0 U=2122,3132,-14,2,0 R=1091,1090,-1,0,-1 F=675,673,-2,3,-8 D=3506,3506,0,2,3 L=1249,1250,1,0,-1 B=1236,1236,0,0,-16
mv U' code=0 aligned=1 homed=- ms=119.0 U=3134,61,-1,3,-3 R=1091,1090,-1,0,-1 F=675,674,-1,3,-7 D=3505,3506,1,2,3 L=1249,1250,1,0,-1 B=1236,1236,0,0,-16
mv U' code=0 aligned=1 homed=- ms=119.0 U=63,1100,13,0,-2 R=1091,1090,-1,0,-1 F=675,674,-1,3,-7 D=3506,3506,0,2,3 L=1249,1250,1,0,-1 B=1236,1236,0,0,-16
mv U' code=0 aligned=1 homed=- ms=119.0 U=1102,2119,-7,1,-3 R=1091,1090,-1,0,-1 F=675,674,-1,3,-7 D=3505,3505,0,2,2 L=1249,1250,1,0,-1 B=1235,1236,1,0,-16
mv U' code=0 aligned=1 homed=- ms=119.0 U=2122,3132,-14,2,0 R=1091,1090,-1,0,-1 F=675,674,-1,3,-7 D=3505,3505,0,2,2 L=1249,1250,1,0,-1 B=1235,1236,1,0,-16
mv U' code=0 aligned=1 homed=- ms=119.0 U=3134,61,-1,3,-3 R=1091,1090,-1,0,-1 F=675,674,-1,3,-7 D=3505,3505,0,2,2 L=1249,1250,1,0,-1 B=1236,1236,0,0,-16
mv U' code=0 aligned=1 homed=- ms=119.0 U=63,1100,13,0,-2 R=1091,1090,-1,0,-1 F=675,674,-1,3,-7 D=3505,3506,1,2,3 L=1249,1250,1,0,-1 B=1236,1236,0,0,-16
mv U' code=0 aligned=1 homed=- ms=119.0 U=1102,2119,-7,1,-3 R=1091,1090,-1,0,-1 F=675,674,-1,3,-7 D=3505,3506,1,2,3 L=1249,1249,0,0,-2 B=1236,1236,0,0,-16
mv U' code=0 aligned=1 homed=- ms=119.0 U=2122,3132,-14,2,0 R=1091,1090,-1,0,-1 F=675,674,-1,3,-7 D=3505,3506,1,2,3 L=1249,1250,1,0,-1 B=1236,1236,0,0,-16
mv U' code=0 aligned=1 homed=- ms=119.0 U=3133,61,0,3,-3 R=1091,1090,-1,0,-1 F=675,674,-1,3,-7 D=3505,3506,1,2,3 L=1249,1250,1,0,-1 B=1236,1236,0,0,-16
mv U' code=0 aligned=1 homed=- ms=119.0 U=63,1100,13,0,-2 R=1091,1090,-1,0,-1 F=675,674,-1,3,-7 D=3505,3506,1,2,3 L=1249,1250,1,0,-1 B=1236,1236,0,0,-16
mv U' code=0 aligned=1 homed=- ms=119.0 U=1101,2119,-6,1,-3 R=1091,1090,-1,0,-1 F=675,674,-1,3,-7 D=3505,3505,0,2,2 L=1249,1250,1,0,-1 B=1236,1236,0,0,-16
mv U' code=0 aligned=1 homed=- ms=119.0 U=2122,3132,-14,2,0 R=1091,1090,-1,0,-1 F=675,674,-1,3,-7 D=3505,3505,0,2,2 L=1249,1250,1,0,-1 B=1236,1236,0,0,-16
mv U' code=0 aligned=1 homed=- ms=119.0 U=3133,61,0,3,-3 R=1091,1090,-1,0,-1 F=675,674,-1,3,-7 D=3505,3505,0,2,2 L=1249,1250,1,0,-1 B=1236,1236,0,0,-16
mv U' code=0 aligned=1 homed=- ms=119.0 U=63,1100,13,0,-2 R=1091,1090,-1,0,-1 F=675,674,-1,3,-7 D=3505,3505,0,2,2 L=1249,1250,1,0,-1 B=1236,1236,0,0,-16
mv U' code=0 aligned=1 homed=- ms=119.0 U=1101,2120,-5,1,-2 R=1091,1090,-1,0,-1 F=675,674,-1,3,-7 D=3505,3506,1,2,3 L=1249,1250,1,0,-1 B=1236,1236,0,0,-16
mv U' code=0 aligned=1 homed=- ms=119.0 U=2122,3132,-14,2,0 R=1091,1090,-1,0,-1 F=675,674,-1,3,-7 D=3505,3505,0,2,2 L=1249,1249,0,0,-2 B=1236,1236,0,0,-16
mv U' code=0 aligned=1 homed=- ms=119.0 U=3134,61,-1,3,-3 R=1091,1090,-1,0,-1 F=675,674,-1,3,-7 D=3505,3505,0,2,2 L=1249,1250,1,0,-1 B=1236,1236,0,0,-16
mv U' code=0 aligned=1 homed=- ms=119.0 U=63,1100,13,0,-2 R=1091,1090,-1,0,-1 F=675,674,-1,3,-7 D=3505,3506,1,2,3 L=1249,1250,1,0,-1 B=1236,1236,0,0,-16
mv U' code=0 aligned=1 homed=- ms=119.0 U=1101,2119,-6,1,-3 R=1091,1090,-1,0,-1 F=675,674,-1,3,-7 D=3505,3505,0,2,2 L=1249,1250,1,0,-1 B=1236,1236,0,0,-16
mv U' code=0 aligned=1 homed=- ms=119.0 U=2122,3132,-14,2,0 R=1091,1090,-1,0,-1 F=675,674,-1,3,-7 D=3506,3505,-1,2,2 L=1249,1250,1,0,-1 B=1236,1236,0,0,-16
mv U' code=0 aligned=1 homed=- ms=119.0 U=3134,61,-1,3,-3 R=1091,1090,-1,0,-1 F=675,674,-1,3,-7 D=3505,3506,1,2,3 L=1249,1250,1,0,-1 B=1235,1236,1,0,-16
mv U' code=0 aligned=1 homed=- ms=119.0 U=63,1100,13,0,-2 R=1091,1090,-1,0,-1 F=675,674,-1,3,-7 D=3505,3505,0,2,2 L=1249,1250,1,0,-1 B=1236,1236,0,0,-16
mv U' code=0 aligned=1 homed=- ms=119.0 U=1102,2119,-7,1,-3 R=1091,1090,-1,0,-1 F=675,674,-1,3,-7 D=3505,3506,1,2,3 L=1249,1250,1,0,-1 B=1236,1236,0,0,-16
mv U' code=0 aligned=1 homed=- ms=119.0 U=2122,3132,-14,2,0 R=1091,1090,-1,0,-1 F=675,674,-1,3,-7 D=3505,3505,0,2,2 L=1249,1250,1,0,-1 B=1236,1236,0,0,-16
mv U' code=0 aligned=1 homed=- ms=119.0 U=3133,60,-1,3,-4 R=1091,1090,-1,0,-1 F=675,674,-1,3,-7 D=3505,3505,0,2,2 L=1249,1250,1,0,-1 B=1236,1236,0,0,-16
mv U' code=0 aligned=1 homed=- ms=119.0 U=63,1100,13,0,-2 R=1091,1090,-1,0,-1 F=675,674,-1,3,-7 D=3505,3506,1,2,3 L=1249,1250,1,0,-1 B=1236,1236,0,0,-16
mv U' code=0 aligned=1 homed=- ms=119.0 U=1102,2119,-7,1,-3 R=1091,1090,-1,0,-1 F=675,674,-1,3,-7 D=3505,3506,1,2,3 L=1249,1250,1,0,-1 B=1236,1236,0,0,-16
mv U' code=0 aligned=1 homed=- ms=119.0 U=2122,3132,-14,2,0 R=1091,1090,-1,0,-1 F=675,674,-1,3,-7 D=3505,3506,1,2,3 L=1249,1250,1,0,-1 B=1236,1236,0,0,-16
mv U' code=0 aligned=1 homed=- ms=119.0 U=3134,61,-1,3,-3 R=1091,1090,-1,0,-1 F=675,674,-1,3,-7 D=3505,3505,0,2,2 L=1249,1250,1,0,-1 B=1236,1236,0,0,-16
mv U' code=0 aligned=1 homed=- ms=119.0 U=63,1100,13,0,-2 R=1091,1090,-1,0,-1 F=675,674,-1,3,-7 D=3505,3506,1,2,3 L=1249,1250,1,0,-1 B=1236,1236,0,0,-16
mv U' code=0 aligned=1 homed=- ms=119.0 U=1102,2119,-7,1,-3 R=1091,1090,-1,0,-1 F=675,674,-1,3,-7 D=3505,3505,0,2,2 L=1249,1249,0,0,-2 B=1236,1236,0,0,-16
mv U' code=0 aligned=1 homed=- ms=119.0 U=2122,3132,-14,2,0 R=1091,1090,-1,0,-1 F=675,674,-1,3,-7 D=3506,3506,0,2,3 L=1249,1250,1,0,-1 B=1236,1236,0,0,-16
mv U' code=0 aligned=1 homed=- ms=119.0 U=3134,61,-1,3,-3 R=1091,1090,-1,0,-1 F=675,674,-1,3,-7 D=3505,3505,0,2,2 L=1249,1250,1,0,-1 B=1236,1236,0,0,-16
mv U' code=0 aligned=1 homed=- ms=119.0 U=63,1100,13,0,-2 R=1091,1090,-1,0,-1 F=675,674,-1,3,-7 D=3505,3505,0,2,2 L=1250,1250,0,0,-1 B=1236,1236,0,0,-16
mv U' code=0 aligned=1 homed=- ms=119.0 U=1101,2120,-5,1,-2 R=1091,1090,-1,0,-1 F=675,674,-1,3,-7 D=3505,3506,1,2,3 L=1249,1250,1,0,-1 B=1236,1236,0,0,-16
mv U' code=0 aligned=1 homed=- ms=119.0 U=2122,3132,-14,2,0 R=1091,1090,-1,0,-1 F=675,674,-1,3,-7 D=3505,3506,1,2,3 L=1249,1250,1,0,-1 B=1236,1236,0,0,-16
mv U' code=0 aligned=1 homed=- ms=119.0 U=3134,60,-2,3,-4 R=1091,1090,-1,0,-1 F=675,674,-1,3,-7 D=3505,3505,0,2,2 L=1249,1250,1,0,-1 B=1236,1236,0,0,-16
mv U' code=0 aligned=1 homed=- ms=119.0 U=63,1100,13,0,-2 R=1091,1090,-1,0,-1 F=675,674,-1,3,-7 D=3506,3505,-1,2,2 L=1249,1250,1,0,-1 B=1236,1236,0,0,-16
mv U' code=0 aligned=1 homed=- ms=119.0 U=1102,2119,-7,1,-3 R=1091,1090,-1,0,-1 F=675,674,-1,3,-7 D=3505,3506,1,2,3 L=1250,1250,0,0,-1 B=1236,1236,0,0,-16
mv U' code=0 aligned=1 homed=- ms=119.0 U=2122,3132,-14,2,0 R=1091,1090,-1,0,-1 F=675,674,-1,3,-7 D=3505,3506,1,2,3 L=1249,1250,1,0,-1 B=1236,1236,0,0,-16
mv U' code=0 aligned=1 homed=- ms=119.0 U=3134,61,-1,3,-3 R=1091,1090,-1,0,-1 F=675,674,-1,3,-7 D=3505,3505,0,2,2 L=1249,1250,1,0,-1 B=1236,1236,0,0,-16
mv U' code=0 aligned=1 homed=- ms=119.0 U=63,1100,13,0,-2 R=1091,1090,-1,0,-1 F=675,674,-1,3,-7 D=3505,3505,0,2,2 L=1249,1250,1,0,-1 B=1236,1236,0,0,-16
mv U' code=0 aligned=1 homed=- ms=119.0 U=1101,2120,-5,1,-2 R=1091,1090,-1,0,-1 F=675,674,-1,3,-7 D=3505,3505,0,2,2 L=1249,1250,1,0,-1 B=1236,1236,0,0,-16
mv U' code=0 aligned=1 homed=- ms=119.0 U=2122,3132,-14,2,0 R=1091,1090,-1,0,-1 F=675,674,-1,3,-7 D=3505,3505,0,2,2 L=1249,1250,1,0,-1 B=1236,1236,0,0,-16
mv U' code=0 aligned=1 homed=- ms=119.0 U=3134,61,-1,3,-3 R=1091,1090,-1,0,-1 F=675,674,-1,3,-7 D=3505,3506,1,2,3 L=1249,1250,1,0,-1 B=1236,1236,0,0,-16
mv U' code=0 aligned=1 homed=- ms=119.0 U=63,1100,13,0,-2 R=1091,1090,-1,0,-1 F=675,674,-1,3,-7 D=3505,3506,1,2,3 L=1249,1250,1,0,-1 B=1236,1236,0,0,-16
mv U' code=0 aligned=1 homed=- ms=119.0 U=1101,2119,-6,1,-3 R=1091,1090,-1,0,-1 F=675,674,-1,3,-7 D=3505,3506,1,2,3 L=1249,1250,1,0,-1 B=1236,1236,0,0,-16
mv U' code=0 aligned=1 homed=- ms=119.0 U=2122,3132,-14,2,0 R=1091,1090,-1,0,-1 F=675,674,-1,3,-7 D=3505,3506,1,2,3 L=1249,1250,1,0,-1 B=1236,1236,0,0,-16
mv U' code=0 aligned=1 homed=- ms=119.0 U=3134,60,-2,3,-4 R=1091,1090,-1,0,-1 F=675,674,-1,3,-7 D=3505,3505,0,2,2 L=1249,1250,1,0,-1 B=1236,1236,0,0,-16
mv U' code=0 aligned=1 homed=- ms=119.0 U=63,1100,13,0,-2 R=1091,1090,-1,0,-1 F=675,674,-1,3,-7 D=3506,3506,0,2,3 L=1249,1250,1,0,-1 B=1236,1236,0,0,-16
mv U' code=0 aligned=1 homed=- ms=119.0 U=1101,2119,-6,1,-3 R=1091,1090,-1,0,-1 F=675,674,-1,3,-7 D=3505,3505,0,2,2 L=1250,1250,0,0,-1 B=1236,1236,0,0,-16
mv U' code=0 aligned=1 homed=- ms=119.0 U=2122,3131,-15,2,-1 R=1091,1090,-1,0,-1 F=675,674,-1,3,-7 D=3505,3505,0,2,2 L=1250,1250,0,0,-1 B=1235,1236,1,0,-16
mv U' code=0 aligned=1 homed=- ms=119.0 U=3134,61,-1,3,-3 R=1091,1090,-1,0,-1 F=675,674,-1,3,-7 D=3505,3505,0,2,2 L=1249,1250,1,0,-1 B=1236,1236,0,0,-16
mv U' code=0 aligned=1 homed=- ms=119.0 U=63,1100,13,0,-2 R=1091,1090,-1,0,-1 F=675,674,-1,3,-7 D=3505,3506,1,2,3 L=1249,1250,1,0,-1 B=1236,1236,0,0,-16
mv U' code=0 aligned=1 homed=- ms=119.0 U=1101,2119,-6,1,-3 R=1091,1090,-1,0,-1 F=675,674,-1,3,-7 D=3505,3505,0,2,2 L=1249,1250,1,0,-1 B=1236,1236,0,0,-16
mv U' code=0 aligned=1 homed=- ms=119.0 U=2122,3132,-14,2,0 R=1091,1090,-1,0,-1 F=675,674,-1,3,-7 D=3505,3505,0,2,2 L=1249,1250,1,0,-1 B=1236,1236,0,0,-16
mv U' code=0 aligned=1 homed=- ms=119.0 U=3133,61,0,3,-3 R=1091,1090,-1,0,-1 F=675,674,-1,3,-7 D=3505,3505,0,2,2 L=1249,1250,1,0,-1 B=1236,1236,0,0,-16
mv U' code=0 aligned=1 homed=- ms=119.0 U=63,1100,13,0,-2 R=1091,1090,-1,0,-1 F=675,674,-1,3,-7 D=3505,3505,0,2,2 L=1250,1250,0,0,-1 B=1236,1236,0,0,-16
mv U' code=0 aligned=1 homed=- ms=119.0 U=1102,2119,-7,1,-3 R=1091,1090,-1,0,-1 F=675,674,-1,3,-7 D=3505,3506,1,2,3 L=1249,1250,1,0,-1 B=1236,1236,0,0,-16
mv U' code=0 aligned=1 homed=- ms=119.0 U=2122,3132,-14,2,0 R=1091,1090,-1,0,-1 F=675,674,-1,3,-7 D=3505,3505,0,2,2 L=1249,1250,1,0,-1 B=1236,1236,0,0,-16
mv U' code=0 aligned=1 homed=- ms=119.0 U=3134,61,-1,3,-3 R=1091,1090,-1,0,-1 F=675,674,-1,3,-7 D=3505,3505,0,2,2 L=1249,1250,1,0,-1 B=1236,1236,0,0,-16
mv U' code=0 aligned=1 homed=- ms=119.0 U=63,1100,13,0,-2 R=1091,1090,-1,0,-1 F=675,674,-1,3,-7 D=3505,3506,1,2,3 L=1249,1250,1,0,-1 B=1236,1236,0,0,-16
mv U' code=0 aligned=1 homed=- ms=119.0 U=1101,2119,-6,1,-3 R=1091,1090,-1,0,-1 F=675,674,-1,3,-7 D=3505,3505,0,2,2 L=1249,1250,1,0,-1 B=1236,1236,0,0,-16
mv U' code=0 aligned=1 homed=- ms=119.0 U=2122,3132,-14,2,0 R=1091,1090,-1,0,-1 F=675,674,-1,3,-7 D=3505,3505,0,2,2 L=1249,1250,1,0,-1 B=1236,1236,0,0,-16
mv U' code=0 aligned=1 homed=- ms=119.0 U=3134,61,-1,3,-3 R=1091,1090,-1,0,-1 F=675,673,-2,3,-8 D=3505,3505,0,2,2 L=1249,1250,1,0,-1 B=1236,1236,0,0,-16
mv U' code=0 aligned=1 homed=- ms=119.0 U=63,1100,13,0,-2 R=1091,1090,-1,0,-1 F=675,674,-1,3,-7 D=3506,3505,-1,2,2 L=1249,1250,1,0,-1 B=1236,1236,0,0,-16
mv U' code=0 aligned=1 homed=- ms=119.0 U=1102,2119,-7,1,-3 R=1091,1090,-1,0,-1 F=675,674,-1,3,-7 D=3505,3506,1,2,3 L=1249,1249,0,0,-2 B=1236,1236,0,0,-16
mv U' code=0 aligned=1 homed=- ms=119.0 U=2122,3132,-14,2,0 R=1091,1090,-1,0,-1 F=675,674,-1,3,-7 D=3505,3505,0,2,2 L=1249,1250,1,0,-1 B=1236,1236,0,0,-16
mv U' code=0 aligned=1 homed=- ms=119.0 U=3134,61,-1,3,-3 R=1091,1090,-1,0,-1 F=675,674,-1,3,-7 D=3505,3506,1,2,3 L=1249,1250,1,0,-1 B=1236,1236,0,0,-16
mv U' code=0 aligned=1 homed=- ms=119.0 U=63,1100,13,0,-2 R=1091,1090,-1,0,-1 F=675,674,-1,3,-7 D=3505,3505,0,2,2 L=1249,1250,1,0,-1 B=1236,1236,0,0,-16
mv U' code=0 aligned=1 homed=- ms=119.0 U=1102,2119,-7,1,-3 R=1091,1090,-1,0,-1 F=675,674,-1,3,-7 D=3505,3505,0,2,2 L=1249,1250,1,0,-1 B=1236,1236,0,0,-16
mv U' code=0 aligned=1 homed=- ms=119.0 U=2122,3132,-14,2,0 R=1091,1090,-1,0,-1 F=675,674,-1,3,-7 D=3505,3506,1,2,3 L=1249,1250,1,0,-1 B=1236,1236,0,0,-16
mv U' code=0 aligned=1 homed=- ms=119.0 U=3133,61,0,3,-3 R=1091,1090,-1,0,-1 F=675,674,-1,3,-7 D=3505,3506,1,2,3 L=1249,1250,1,0,-1 B=1236,1236,0,0,-16
mv U' code=0 aligned=1 homed=- ms=119.0 U=63,1099,12,0,-3 R=1091,1090,-1,0,-1 F=675,674,-1,3,-7 D=3505,3506,1,2,3 L=1249,1250,1,0,-1 B=1236,1236,0,0,-16
mv U' code=0 aligned=1 homed=- ms=119.0 U=1102,2119,-7,1,-3 R=1091,1090,-1,0,-1 F=675,674,-1,3,-7 D=3505,3506,1,2,3 L=1249,1250,1,0,-1 B=1236,1236,0,0,-16
mv U' code=0 aligned=1 homed=- ms=119.0 U=2122,3132,-14,2,0 R=1091,1090,-1,0,-1 F=675,674,-1,3,-7 D=3505,3505,0,2,2 L=1249,1250,1,0,-1 B=1236,1236,0,0,-16
mv U' code=0 aligned=1 homed=- ms=119.0 U=3134,61,-1,3,-3 R=1091,1090,-1,0,-1 F=675,674,-1,3,-7 D=3505,3506,1,2,3 L=1249,1250,1,0,-1 B=1236,1236,0,0,-16
mv U' code=0 aligned=1 homed=- ms=119.0 U=63,1100,13,0,-2 R=1091,1090,-1,0,-1 F=675,674,-1,3,-7 D=3505,3505,0,2,2 L=1249,1250,1,0,-1 B=1236,1236,0,0,-16
mv U' code=0 aligned=1 homed=- ms=119.0 U=1101,2119,-6,1,-3 R=1091,1090,-1,0,-1 F=675,674,-1,3,-7 D=3505,3505,0,2,2 L=1249,1250,1,0,-1 B=1236,1236,0,0,-16
mv U' code=0 aligned=1 homed=- ms=119.0 U=2122,3132,-14,2,0 R=1091,1090,-1,0,-1 F=675,674,-1,3,-7 D=3505,3505,0,2,2 L=1249,1250,1,0,-1 B=1236,1236,0,0,-16
mv U' code=0 aligned=1 homed=- ms=119.0 U=3134,61,-1,3,-3 R=1091,1090,-1,0,-1 F=675,674,-1,3,-7 D=3505,3505,0,2,2 L=1250,1250,0,0,-1 B=1236,1236,0,0,-16
mv U' code=0 aligned=1 homed=- ms=119.0 U=63,1100,13,0,-2 R=1091,1090,-1,0,-1 F=675,674,-1,3,-7 D=3506,3505,-1,2,2 L=1249,1249,0,0,-2 B=1236,1236,0,0,-16
mv U' code=0 aligned=1 homed=- ms=119.0 U=1102,2119,-7,1,-3 R=1091,1090,-1,0,-1 F=675,674,-1,3,-7 D=3505,3505,0,2,2 L=1250,1250,0,0,-1 B=1236,1236,0,0,-16
mv U' code=0 aligned=1 homed=- ms=119.0 U=2122,3132,-14,2,0 R=1091,1090,-1,0,-1 F=675,674,-1,3,-7 D=3506,3505,-1,2,2 L=1249,1250,1,0,-1 B=1236,1236,0,0,-16
mv U' code=0 aligned=1 homed=- ms=119.0 U=3133,61,0,3,-3 R=1091,1090,-1,0,-1 F=675,674,-1,3,-7 D=3505,3506,1,2,3 L=1249,1250,1,0,-1 B=1236,1236,0,0,-16
mv U' code=0 aligned=1 homed=- ms=119.0 U=63,1100,13,0,-2 R=1091,1090,-1,0,-1 F=675,674,-1,3,-7 D=3505,3505,0,2,2 L=1249,1250,1,0,-1 B=1236,1236,0,0,-16
mv U' code=0 aligned=1 homed=- ms=119.0 U=1101,2119,-6,1,-3 R=1091,1090,-1,0,-1 F=675,673,-2,3,-8 D=3505,3506,1,2,3 L=1249,1250,1,0,-1 B=1236,1236,0,0,-16
mv U' code=0 aligned=1 homed=- ms=119.0 U=2122,3132,-14,2,0 R=1091,1090,-1,0,-1 F=675,674,-1,3,-7 D=3506,3505,-1,2,2 L=1249,1250,1,0,-1 B=1236,1236,0,0,-16
mv U' code=0 aligned=1 homed=- ms=119.0 U=3134,61,-1,3,-3 R=1091,1090,-1,0,-1 F=675,674,-1,3,-7 D=3506,3506,0,2,3 L=1249,1250,1,0,-1 B=1236,1236,0,0,-16
mv U' code=0 aligned=1 homed=- ms=119.0 U=63,1100,13,0,-2 R=1091,1090,-1,0,-1 F=675,674,-1,3,-7 D=3505,3506,1,2,3 L=1249,1250,1,0,-1 B=1236,1236,0,0,-16
mv U' code=0 aligned=1 homed=- ms=119.0 U=1101,2119,-6,1,-3 R=1091,1091,0,0,0 F=675,674,-1,3,-7 D=3505,3505,0,2,2 L=1249,1250,1,0,-1 B=1236,1236,0,0,-16
mv U' code=0 aligned=1 homed=- ms=119.0 U=2122,3132,-14,2,0 R=1091,1090,-1,0,-1 F=675,674,-1,3,-7 D=3505,3505,0,2,2 L=1249,1250,1,0,-1 B=1236,1236,0,0,-16
mv U' code=0 aligned=1 homed=- ms=119.0 U=3134,61,-1,3,-3 R=1091,1090,-1,0,-1 F=675,674,-1,3,-7 D=3505,3506,1,2,3 L=1249,1250,1,0,-1 B=1236,1236,0,0,-16
mv U' code=0 aligned=1 homed=- ms=119.0 U=63,1100,13,0,-2 R=1091,1090,-1,0,-1 F=675,674,-1,3,-7 D=3505,3505,0,2,2 L=1250,1250,0,0,-1 B=1236,1236,0,0,-16
mv U' code=0 aligned=1 homed=- ms=119.0 U=1101,2120,-5,1,-2 R=1091,1090,-1,0,-1 F=675,674,-1,3,-7 D=3505,3506,1,2,3 L=1249,1250,1,0,-1 B=1236,1236,0,0,-16
mv U' code=0 aligned=1 homed=- ms=119.0 U=2122,3132,-14,2,0 R=1091,1090,-1,0,-1 F=675,674,-1,3,-7 D=3505,3506,1,2,3 L=1250,1250,0,0,-1 B=1236,1236,0,0,-16
mv U' code=0 aligned=1 homed=- ms=119.0 U=3134,61,-1,3,-3 R=1091,1090,-1,0,-1 F=675,674,-1,3,-7 D=3505,3506,1,2,3 L=1250,1250,0,0,-1 B=1236,1236,0,0,-16
mv U' code=0 aligned=1 homed=- ms=119.0 U=63,1100,13,0,-2 R=1091,1090,-1,0,-1 F=675,674,-1,3,-7 D=3506,3505,-1,2,2 L=1249,1250,1,0,-1 B=1236,1236,0,0,-16
mv U' code=0 aligned=1 homed=- ms=119.0 U=1101,2119,-6,1,-3 R=1091,1090,-1,0,-1 F=675,674,-1,3,-7 D=3505,3506,1,2,3 L=1249,1250,1,0,-1 B=1236,1236,0,0,-16
mv U' code=0 aligned=1 homed=- ms=119.0 U=2122,3132,-14,2,0 R=1091,1090,-1,0,-1 F=675,674,-1,3,-7 D=3505,3505,0,2,2 L=1249,1250,1,0,-1 B=1236,1236,0,0,-16
mv U' code=0 aligned=1 homed=- ms=119.0 U=3133,61,0,3,-3 R=1091,1090,-1,0,-1 F=675,674,-1,3,-7 D=3505,3505,0,2,2 L=1249,1250,1,0,-1 B=1236,1236,0,0,-16
mv U' code=0 aligned=1 homed=- ms=119.0 U=63,1100,13,0,-2 R=1091,1090,-1,0,-1 F=675,674,-1,3,-7 D=3505,3506,1,2,3 L=1250,1250,0,0,-1 B=1236,1236,0,0,-16
mv U' code=0 aligned=1 homed=- ms=119.0 U=1102,2119,-7,1,-3 R=1091,1090,-1,0,-1 F=675,674,-1,3,-7 D=3505,3506,1,2,3 L=1250,1249,-1,0,-2 B=1236,1236,0,0,-16
mv U' code=0 aligned=1 homed=- ms=119.0 U=2122,3132,-14,2,0 R=1091,1090,-1,0,-1 F=675,674,-1,3,-7 D=3505,3505,0,2,2 L=1249,1250,1,0,-1 B=1236,1236,0,0,-16
mv U' code=0 aligned=1 homed=- ms=119.0 U=3133,61,0,3,-3 R=1091,1090,-1,0,-1 F=675,674,-1,3,-7 D=3506,3506,0,2,3 L=1249,1250,1,0,-1 B=1236,1236,0,0,-16
mv U' code=0 aligned=1 homed=- ms=119.0 U=64,1100,12,0,-2 R=1091,1090,-1,0,-1 F=675,674,-1,3,-7 D=3505,3506,1,2,3 L=1249,1250,1,0,-1 B=1236,1236,0,0,-16
mv U' code=0 aligned=1 homed=- ms=119.0 U=1102,2119,-7,1,-3 R=1091,1090,-1,0,-1 F=675,674,-1,3,-7 D=3505,3506,1,2,3 L=1249,1250,1,0,-1 B=1236,1236,0,0,-16
mv U' code=0 aligned=1 homed=- ms=119.0 U=2122,3132,-14,2,0 R=1091,1090,-1,0,-1 F=675,674,-1,3,-7 D=3505,3505,0,2,2 L=1249,1250,1,0,-1 B=1236,1236,0,0,-16
mv U' code=0 aligned=1 homed=- ms=119.0 U=3133,61,0,3,-3 R=1091,1090,-1,0,-1 F=675,674,-1,3,-7 D=3505,3505,0,2,2 L=1249,1250,1,0,-1 B=1236,1236,0,0,-16
mv U' code=0 aligned=1 homed=- ms=119.0 U=63,1100,13,0,-2 R=1091,1090,-1,0,-1 F=675,674,-1,3,-7 D=3505,3505,0,2,2 L=1249,1249,0,0,-2 B=1236,1236,0,0,-16
mv U' code=0 aligned=1 homed=- ms=119.0 U=1102,2119,-7,1,-3 R=1091,1090,-1,0,-1 F=675,674,-1,3,-7 D=3505,3506,1,2,3 L=1249,1250,1,0,-1 B=1236,1236,0,0,-16
mv U' code=0 aligned=1 homed=- ms=119.0 U=2122,3132,-14,2,0 R=1091,1090,-1,0,-1 F=675,674,-1,3,-7 D=3505,3505,0,2,2 L=1249,1250,1,0,-1 B=1236,1236,0,0,-16
mv U' code=0 aligned=1 homed=- ms=119.0 U=3134,61,-1,3,-3 R=1091,1090,-1,0,-1 F=675,674,-1,3,-7 D=3505,3505,0,2,2 L=1249,1250,1,0,-1 B=1236,1236,0,0,-16
mv U' code=0 aligned=1 homed=- ms=119.0 U=63,1100,13,0,-2 R=1091,1090,-1,0,-1 F=675,674,-1,3,-7 D=3505,3505,0,2,2 L=1249,1250,1,0,-1 B=1236,1236,0,0,-16
mv U' code=0 aligned=1 homed=- ms=119.0 U=1101,2119,-6,1,-3 R=1091,1090,-1,0,-1 F=675,674,-1,3,-7 D=3505,3506,1,2,3 L=1249,1250,1,0,-1 B=1236,1236,0,0,-16
mv U' code=0 aligned=1 homed=- ms=119.0 U=2122,3132,-14,2,0 R=1091,1090,-1,0,-1 F=675,674,-1,3,-7 D=3506,3505,-1,2,2 L=1249,1250,1,0,-1 B=1236,1236,0,0,-16
mv U' code=0 aligned=1 homed=- ms=119.0 U=3134,61,-1,3,-3 R=1091,1090,-1,0,-1 F=675,674,-1,3,-7 D=3506,3506,0,2,3 L=1249,1250,1,0,-1 B=1236,1236,0,0,-16
mv U' code=0 aligned=1 homed=- ms=119.0 U=63,1100,13,0,-2 R=1091,1090,-1,0,-1 F=675,674,-1,3,-7 D=3505,3506,1,2,3 L=1249,1250,1,0,-1 B=1236,1236,0,0,-16
mv U' code=0 aligned=1 homed=- ms=119.0 U=1101,2119,-6,1,-3 R=1091,1090,-1,0,-1 F=675,674,-1,3,-7 D=3505,3505,0,2,2 L=1249,1249,0,0,-2 B=1236,1236,0,0,-16
mv U' code=0 aligned=1 homed=- ms=119.0 U=2122,3132,-14,2,0 R=1091,1090,-1,0,-1 F=675,674,-1,3,-7 D=3505,3506,1,2,3 L=1249,1250,1,0,-1 B=1236,1236,0,0,-16
mv U' code=0 aligned=1 homed=- ms=119.0 U=3133,61,0,3,-3 R=1091,1090,-1,0,-1 F=675,674,-1,3,-7 D=3505,3505,0,2,2 L=1250,1250,0,0,-1 B=1236,1236,0,0,-16
mv U' code=0 aligned=1 homed=- ms=119.0 U=63,1100,13,0,-2 R=1091,1090,-1,0,-1 F=675,674,-1,3,-7 D=3505,3505,0,2,2 L=1249,1250,1,0,-1 B=1236,1236,0,0,-16
mv U' code=0 aligned=1 homed=- ms=119.0 U=1101,2120,-5,1,-2 R=1091,1090,-1,0,-1 F=675,674,-1,3,-7 D=3505,3505,0,2,2 L=1249,1250,1,0,-1 B=1236,1236,0,0,-16
mv U' code=0 aligned=1 homed=- ms=119.0 U=2122,3133,-13,2,1 R=1091,1090,-1,0,-1 F=675,674,-1,3,-7 D=3505,3505,0,2,2 L=1249,1250,1,0,-1 B=1236,1236,0,0,-16
mv U' code=0 aligned=1 homed=- ms=119.0 U=3134,61,-1,3,-3 R=1091,1090,-1,0,-1 F=675,674,-1,3,-7 D=3506,3505,-1,2,2 L=1249,1250,1,0,-1 B=1236,1236,0,0,-16
mv U' code=0 aligned=1 homed=- ms=119.0 U=63,1100,13,0,-2 R=1091,1090,-1,0,-1 F=675,674,-1,3,-7 D=3505,3505,0,2,2 L=1250,1250,0,0,-1 B=1236,1236,0,0,-16
mv U' code=0 aligned=1 homed=- ms=119.0 U=1101,2120,-5,1,-2 R=1091,1090,-1,0,-1 F=675,674,-1,3,-7 D=3505,3506,1,2,3 L=1249,1250,1,0,-1 B=1236,1236,0,0,-16
mv U' code=0 aligned=1 homed=- ms=119.0 U=2122,3132,-14,2,0 R=1091,1090,-1,0,-1 F=675,674,-1,3,-7 D=3505,3506,1,2,3 L=1249,1250,1,0,-1 B=1236,1236,0,0,-16
mv U' code=0 aligned=1 homed=- ms=119.0 U=3134,61,-1,3,-3 R=1091,1090,-1,0,-1 F=675,674,-1,3,-7 D=3505,3505,0,2,2 L=1249,1250,1,0,-1 B=1236,1236,0,0,-16
mv U' code=0 aligned=1 homed=- ms=119.0 U=63,1100,13,0,-2 R=1091,1090,-1,0,-1 F=675,674,-1,3,-7 D=3505,3505,0,2,2 L=1249,1250,1,0,-1 B=1236,1236,0,0,-16
mv U' code=0 aligned=1 homed=- ms=119.0 U=1102,2120,-6,1,-2 R=1091,1090,-1,0,-1 F=675,674,-1,3,-7 D=3505,3505,0,2,2 L=1249,1250,1,0,-1 B=1236,1236,0,0,-16
mv U' code=0 aligned=1 homed=- ms=119.0 U=2122,3132,-14,2,0 R=1091,1090,-1,0,-1 F=675,674,-1,3,-7 D=3505,3506,1,2,3 L=1249,1250,1,0,-1 B=1236,1235,-1,0,-17
mv U' code=0 aligned=1 homed=- ms=119.0 U=3134,61,-1,3,-3 R=1091,1090,-1,0,-1 F=675,674,-1,3,-7 D=3505,3506,1,2,3 L=1250,1250,0,0,-1 B=1236,1236,0,0,-16
mv U' code=0 aligned=1 homed=- ms=119.0 U=63,1100,13,0,-2 R=1091,1090,-1,0,-1 F=675,674,-1,3,-7 D=3505,3505,0,2,2 L=1249,1250,1,0,-1 B=1236,1236,0,0,-16
mv U' code=0 aligned=1 homed=- ms=119.0 U=1101,2120,-5,1,-2 R=1091,1090,-1,0,-1 F=675,674,-1,3,-7 D=3505,3505,0,2,2 L=1249,1250,1,0,-1 B=1236,1236,0,0,-16
mv U' code=0 aligned=1 homed=- ms=119.0 U=2123,3132,-15,2,0 R=1091,1090,-1,0,-1 F=675,674,-1,3,-7 D=3505,3506,1,2,3 L=1249,1250,1,0,-1 B=1236,1236,0,0,-16
mv U' code=0 aligned=1 homed=- ms=119.0 U=3134,61,-1,3,-3 R=1091,1090,-1,0,-1 F=675,674,-1,3,-7 D=3505,3506,1,2,3 L=1249,1250,1,0,-1 B=1236,1236,0,0,-16
mv U' code=0 aligned=1 homed=- ms=119.0 U=63,1100,13,0,-2 R=1091,1090,-1,0,-1 F=675,674,-1,3,-7 D=3505,3505,0,2,2 L=1249,1250,1,0,-1 B=1236,1236,0,0,-16
mv U' code=0 aligned=1 homed=- ms=119.0 U=1101,2119,-6,1,-3 R=1091,1090,-1,0,-1 F=675,674,-1,3,-7 D=3506,3505,-1,2,2 L=1250,1250,0,0,-1 B=1236,1236,0,0,-16
mv U' code=0 aligned=1 homed=- ms=119.0 U=2122,3132,-14,2,0 R=1091,1090,-1,0,-1 F=675,674,-1,3,-7 D=3505,3506,1,2,3 L=1250,1250,0,0,-1 B=1236,1236,0,0,-16
mv U' code=0 aligned=1 homed=- ms=119.0 U=3134,61,-1,3,-3 R=1091,1090,-1,0,-1 F=675,674,-1,3,-7 D=3505,3505,0,2,2 L=1249,1250,1,0,-1 B=1236,1236,0,0,-16
mv U' code=0 aligned=1 homed=- ms=119.0 U=64,1100,12,0,-2 R=1091,1090,-1,0,-1 F=675,674,-1,3,-7 D=3506,3505,-1,2,2 L=1249,1250,1,0,-1 B=1236,1236,0,0,-16
mv U' code=0 aligned=1 homed=- ms=119.0 U=1102,2119,-7,1,-3 R=1091,1090,-1,0,-1 F=675,674,-1,3,-7 D=3505,3505,0,2,2 L=1249,1250,1,0,-1 B=1236,1236,0,0,-16
mv U' code=0 aligned=1 homed=- ms=119.0 U=2122,3132,-14,2,0 R=1091,1090,-1,0,-1 F=675,674,-1,3,-7 D=3505,3506,1,2,3 L=1249,1250,1,0,-1 B=1236,1236,0,0,-16
mv U' code=0 aligned=1 homed=- ms=119.0 U=3134,61,-1,3,-3 R=1091,1090,-1,0,-1 F=675,674,-1,3,-7 D=3505,3505,0,2,2 L=1249,1250,1,0,-1 B=1236,1235,-1,0,-17
mv U' code=0 aligned=1 homed=- ms=119.0 U=63,1100,13,0,-2 R=1091,1090,-1,0,-1 F=675,674,-1,3,-7 D=3505,3505,0,2,2 L=1249,1250,1,0,-1 B=1236,1236,0,0,-16
mv U' code=0 aligned=1 homed=- ms=119.0 U=1101,2120,-5,1,-2 R=1091,1090,-1,0,-1 F=675,674,-1,3,-7 D=3505,3505,0,2,2 L=1249,1250,1,0,-1 B=1236,1236,0,0,-16
mv U' code=0 aligned=1 homed=- ms=119.0 U=2122,3132,-14,2,0 R=1091,1090,-1,0,-1 F=675,674,-1,3,-7 D=3505,3505,0,2,2 L=1249,1250,1,0,-1 B=1236,1236,0,0,-16
mv U' code=0 aligned=1 homed=- ms=119.0 U=3134,61,-1,3,-3 R=1091,1090,-1,0,-1 F=675,674,-1,3,-7 D=3505,3505,0,2,2 L=1249,1250,1,0,-1 B=1236,1236,0,0,-16
mv U' code=0 aligned=1 homed=- ms=119.0 U=64,1100,12,0,-2 R=1091,1090,-1,0,-1 F=675,674,-1,3,-7 D=3505,3505,0,2,2 L=1249,1250,1,0,-1 B=1236,1236,0,0,-16
mv U' code=0 aligned=1 homed=- ms=119.0 U=1101,2119,-6,1,-3 R=1091,1090,-1,0,-1 F=675,674,-1,3,-7 D=3505,3505,0,2,2 L=1250,1250,0,0,-1 B=1236,1236,0,0,-16
mv U' code=0 aligned=1 homed=- ms=119.0 U=2122,3132,-14,2,0 R=1091,1090,-1,0,-1 F=675,674,-1,3,-7 D=3505,3505,0,2,2 L=1249,1250,1,0,-1 B=1236,1236,0,0,-16
mv U' code=0 aligned=1 homed=- ms=119.0 U=3133,61,0,3,-3 R=1091,1090,-1,0,-1 F=675,674,-1,3,-7 D=3505,3506,1,2,3 L=1249,1250,1,0,-1 B=1236,1236,0,0,-16
mv U' code=0 aligned=1 homed=- ms=119.0 U=63,1100,13,0,-2 R=1091,1090,-1,0,-1 F=675,674,-1,3,-7 D=3505,3506,1,2,3 L=1249,1250,1,0,-1 B=1236,1236,0,0,-16
mv U' code=0 aligned=1 homed=- ms=119.0 U=1101,2119,-6,1,-3 R=1091,1090,-1,0,-1 F=675,674,-1,3,-7 D=3506,3506,0,2,3 L=1249,1249,0,0,-2 B=1236,1236,0,0,-16
mv U' code=0 aligned=1 homed=- ms=119.0 U=2122,3132,-14,2,0 R=1091,1090,-1,0,-1 F=675,674,-1,3,-7 D=3506,3506,0,2,3 L=1249,1250,1,0,-1 B=1236,1236,0,0,-16
mv U' code=0 aligned=1 homed=- ms=119.0 U=3134,61,-1,3,-3 R=1091,1090,-1,0,-1 F=675,674,-1,3,-7 D=3505,3505,0,2,2 L=1249,1250,1,0,-1 B=1236,1236,0,0,-16
mv U' code=0 aligned=1 homed=- ms=119.0 U=63,1100,13,0,-2 R=1091,1090,-1,0,-1 F=675,674,-1,3,-7 D=3505,3506,1,2,3 L=1249,1250,1,0,-1 B=1236,1236,0,0,-16
mv U' code=0 aligned=1 homed=- ms=119.0 U=1102,2119,-7,1,-3 R=1091,1090,-1,0,-1 F=675,674,-1,3,-7 D=3505,3505,0,2,2 L=1249,1250,1,0,-1 B=1236,1236,0,0,-16
mv U' code=0 aligned=1 homed=- ms=119.0 U=2122,3132,-14,2,0 R=1091,1090,-1,0,-1 F=675,674,-1,3,-7 D=3505,3505,0,2,2 L=1249,1249,0,0,-2 B=1236,1236,0,0,-16
mv U' code=0 aligned=1 homed=- ms=119.0 U=3134,61,-1,3,-3 R=1091,1090,-1,0,-1 F=675,674,-1,3,-7 D=3505,3505,0,2,2 L=1249,1250,1,0,-1 B=1236,1236,0,0,-16
mv U' code=0 aligned=1 homed=- ms=119.0 U=63,1100,13,0,-2 R=1091,1090,-1,0,-1 F=675,674,-1,3,-7 D=3505,3506,1,2,3 L=1249,1250,1,0,-1 B=1236,1236,0,0,-16
mv U' code=0 aligned=1 homed=- ms=119.0 U=1102,2119,-7,1,-3 R=1091,1090,-1,0,-1 F=675,674,-1,3,-7 D=3505,3506,1,2,3 L=1249,1250,1,0,-1 B=1236,1236,0,0,-16
mv U' code=0 aligned=1 homed=- ms=119.0 U=2122,3132,-14,2,0 R=1091,1090,-1,0,-1 F=675,674,-1,3,-7 D=3505,3505,0,2,2 L=1249,1250,1,0,-1 B=1236,1236,0,0,-16
mv U' code=0 aligned=1 homed=- ms=119.0 U=3133,61,0,3,-3 R=1091,1090,-1,0,-1 F=675,674,-1,3,-7 D=3506,3506,0,2,3 L=1249,1250,1,0,-1 B=1236,1236,0,0,-16
mv U' code=0 aligned=1 homed=- ms=119.0 U=63,1100,13,0,-2 R=1091,1090,-1,0,-1 F=675,674,-1,3,-7 D=3505,3505,0,2,2 L=1249,1249,0,0,-2 B=1236,1236,0,0,-16
mv U' code=0 aligned=1 homed=- ms=119.0 U=1101,2119,-6,1,-3 R=1091,1090,-1,0,-1 F=675,674,-1,3,-7 D=3505,3505,0,2,2 L=1249,1250,1,0,-1 B=1236,1236,0,0,-16
mv U' code=0 aligned=1 homed=- ms=119.0 U=2122,3132,-14,2,0 R=1091,1090,-1,0,-1 F=675,674,-1,3,-7 D=3505,3506,1,2,3 L=1249,1250,1,0,-1 B=1236,1236,0,0,-16
mv U' code=0 aligned=1 homed=- ms=119.0 U=3134,61,-1,3,-3 R=1091,1090,-1,0,-1 F=675,674,-1,3,-7 D=3505,3505,0,2,2 L=1249,1250,1,0,-1 B=1236,1236,0,0,-16
mv U' code=0 aligned=1 homed=- ms=119.0 U=63,1100,13,0,-2 R=1091,1090,-1,0,-1 F=675,674,-1,3,-7 D=3505,3505,0,2,2 L=1249,1250,1,0,-1 B=1236,1236,0,0,-16
mv U' code=0 aligned=1 homed=- ms=119.0 U=1101,2119,-6,1,-3 R=1091,1090,-1,0,-1 F=675,674,-1,3,-7 D=3505,3506,1,2,3 L=1249,1250,1,0,-1 B=1236,1236,0,0,-16
mv U' code=0 aligned=1 homed=- ms=119.0 U=2122,3132,-14,2,0 R=1091,1090,-1,0,-1 F=675,674,-1,3,-7 D=3505,3505,0,2,2 L=1249,1250,1,0,-1 B=1236,1236,0,0,-16
mv U' code=0 aligned=1 homed=- ms=119.0 U=3134,61,-1,3,-3 R=1091,1090,-1,0,-1 F=675,674,-1,3,-7 D=3505,3506,1,2,3 L=1249,1250,1,0,-1 B=1236,1236,0,0,-16
mv U' code=0 aligned=1 homed=- ms=119.0 U=63,1100,13,0,-2 R=1091,1090,-1,0,-1 F=675,674,-1,3,-7 D=3506,3505,-1,2,2 L=1249,1250,1,0,-1 B=1236,1236,0,0,-16
mv U' code=0 aligned=1 homed=- ms=119.0 U=1101,2119,-6,1,-3 R=1091,1090,-1,0,-1 F=675,674,-1,3,-7 D=3505,3505,0,2,2 L=1249,1250,1,0,-1 B=1236,1236,0,0,-16
mv U' code=0 aligned=1 homed=- ms=119.0 U=2123,3132,-15,2,0 R=1091,1090,-1,0,-1 F=675,674,-1,3,-7 D=3505,3505,0,2,2 L=1249,1250,1,0,-1 B=1236,1236,0,0,-16
mv U' code=0 aligned=1 homed=- ms=119.0 U=3133,61,0,3,-3 R=1091,1090,-1,0,-1 F=675,674,-1,3,-7 D=3505,3505,0,2,2 L=1249,1250,1,0,-1 B=1236,1236,0,0,-16
mv U' code=0 aligned=1 homed=- ms=119.0 U=64,1100,12,0,-2 R=1091,1090,-1,0,-1 F=675,674,-1,3,-7 D=3505,3506,1,2,3 L=1249,1250,1,0,-1 B=1236,1236,0,0,-16
mv U' code=0 aligned=1 homed=- ms=119.0 U=1101,2119,-6,1,-3 R=1091,1090,-1,0,-1 F=675,674,-1,3,-7 D=3505,3505,0,2,2 L=1249,1250,1,0,-1 B=1236,1236,0,0,-16
mv U' code=0 aligned=1 homed=- ms=119.0 U=2122,3132,-14,2,0 R=1091,1090,-1,0,-1 F=675,674,-1,3,-7 D=3505,3506,1,2,3 L=1250,1250,0,0,-1 B=1236,1236,0,0,-16
rep moves=200 notaligned=0 homings=0 failures=0 avgms=119.0
res U=200,-2.0,10.0,15 R=- F=- D=- L=- B=-
ok
> health
health U=1,1,0/128/676 R=1,1,0/128/1621 F=1,1,0/128/1787 D=1,1,0/128/1578 L=1,1,0/128/678 B=1,1,0/128/1284 RING=1,1,0/128/1598
ok
> home
[align] motor 0 err=1 counts (0.1 steps)
[align] motor 1 err=0 counts (0.0 steps)
[align] motor 2 err=-6 counts (-0.6 steps)
[align] motor 3 err=2 counts (0.2 steps)
[align] motor 4 err=-3 counts (-0.3 steps)
[align] motor 5 err=-18 counts (-1.8 steps)
home code=0 ms=6 en=0
enc U=3133 R=1090 F=674 D=3505 L=1249 B=1235 RING=2768
near U=2:1 R=0:-1 F=3:-7 D=2:2 L=0:-2 B=0:-17
ok
> enc
enc U=3134 R=1091 F=674 D=3505 L=1249 B=1236 RING=2768
near U=2:2 R=0:0 F=3:-7 D=2:2 L=0:-2 B=0:-16
ok
> relax
relax U=3133/3134/1 R=1090/1091/1 F=673/675/2 D=3505/3505/0 L=1248/1249/1 B=1234/1236/2
ok
> relax
relax U=3133/3134/1 R=1090/1091/1 F=673/675/2 D=3505/3505/0 L=1248/1249/1 B=1234/1236/2
ok
> rep 150 U U'
mv U code=0 aligned=1 homed=- ms=119.0 U=3134,2119,9,1,-3 R=1091,1090,-1,0,-1 F=675,674,-1,3,-7 D=3505,3505,0,2,2 L=1249,1250,1,0,-1 B=1236,1236,0,0,-16
mv U' code=0 aligned=1 homed=- ms=119.0 U=2123,3132,-15,2,0 R=1091,1090,-1,0,-1 F=675,674,-1,3,-7 D=3505,3506,1,2,3 L=1250,1250,0,0,-1 B=1236,1236,0,0,-16
mv U code=0 aligned=1 homed=- ms=119.0 U=3134,2119,9,1,-3 R=1091,1090,-1,0,-1 F=675,674,-1,3,-7 D=3505,3506,1,2,3 L=1249,1250,1,0,-1 B=1236,1236,0,0,-16
mv U' code=0 aligned=1 homed=- ms=119.0 U=2123,3131,-16,2,-1 R=1091,1090,-1,0,-1 F=675,674,-1,3,-7 D=3505,3506,1,2,3 L=1249,1250,1,0,-1 B=1236,1236,0,0,-16
mv U code=0 aligned=1 homed=- ms=119.0 U=3134,2119,9,1,-3 R=1091,1090,-1,0,-1 F=675,674,-1,3,-7 D=3505,3506,1,2,3 L=1249,1250,1,0,-1 B=1236,1236,0,0,-16
mv U' code=0 aligned=1 homed=- ms=119.0 U=2123,3132,-15,2,0 R=1091,1090,-1,0,-1 F=675,674,-1,3,-7 D=3505,3506,1,2,3 L=1249,1250,1,0,-1 B=1236,1236,0,0,-16
mv U code=0 aligned=1 homed=- ms=119.0 U=3134,2119,9,1,-3 R=1091,1090,-1,0,-1 F=675,674,-1,3,-7 D=3505,3506,1,2,3 L=1249,1250,1,0,-1 B=1236,1236,0,0,-16
mv U' code=0 aligned=1 homed=- ms=119.0 U=2123,3132,-15,2,0 R=1091,1090,-1,0,-1 F=675,674,-1,3,-7 D=3505,3506,1,2,3 L=1249,1249,0,0,-2 B=1236,1236,0,0,-16
mv U code=0 aligned=1 homed=- ms=119.0 U=3134,2118,8,1,-4 R=1091,1090,-1,0,-1 F=675,674,-1,3,-7 D=3505,3505,0,2,2 L=1249,1250,1,0,-1 B=1236,1236,0,0,-16
mv U' code=0 aligned=1 homed=- ms=119.0 U=2123,3132,-15,2,0 R=1091,1090,-1,0,-1 F=675,674,-1,3,-7 D=3505,3506,1,2,3 L=1249,1250,1,0,-1 B=1236,1236,0,0,-16
mv U code=0 aligned=1 homed=- ms=119.0 U=3134,2119,9,1,-3 R=1091,1090,-1,0,-1 F=675,674,-1,3,-7 D=3505,3506,1,2,3 L=1249,1250,1,0,-1 B=1236,1236,0,0,-16
mv U' code=0 aligned=1 homed=- ms=119.0 U=2123,3132,-15,2,0 R=1091,1090,-1,0,-1 F=675,673,-2,3,-8 D=3505,3505,0,2,2 L=1250,1250,0,0,-1 B=1236,1236,0,0,-16
mv U code=0 aligned=1 homed=- ms=119.0 U=3134,2118,8,1,-4 R=1091,1090,-1,0,-1 F=675,674,-1,3,-7 D=3506,3505,-1,2,2 L=1249,1250,1,0,-1 B=1236,1236,0,0,-16
mv U' code=0 aligned=1 homed=- ms=119.0 U=2123,3132,-15,2,0 R=1091,1090,-1,0,-1 F=675,674,-1,3,-7 D=3505,3505,0,2,2 L=1249,1250,1,0,-1 B=1236,1236,0,0,-16
mv U code=0 aligned=1 homed=- ms=119.0 U=3134,2119,9,1,-3 R=1091,1091,0,0,0 F=675,673,-2,3,-8 D=3505,3506,1,2,3 L=1250,1250,0,0,-1 B=1235,1236,1,0,-16
mv U' code=0 aligned=1 homed=- ms=119.0 U=2123,3132,-15,2,0 R=1091,1090,-1,0,-1 F=675,674,-1,3,-7 D=3505,3506,1,2,3 L=1249,1250,1,0,-1 B=1236,1236,0,0,-16
mv U code=0 aligned=1 homed=- ms=119.0 U=3134,2119,9,1,-3 R=1091,1090,-1,0,-1 F=675,673,-2,3,-8 D=3505,3506,1,2,3 L=1250,1250,0,0,-1 B=1236,1236,0,0,-16
mv U' code=0 aligned=1 homed=- ms=119.0 U=2123,3132,-15,2,0 R=1091,1090,-1,0,-1 F=675,674,-1,3,-7 D=3505,3505,0,2,2 L=1250,1250,0,0,-1 B=1236,1236,0,0,-16
mv U code=0 aligned=1 homed=- ms=119.0 U=3134,2119,9,1,-3 R=1091,1090,-1,0,-1 F=675,674,-1,3,-7 D=3505,3505,0,2,2 L=1249,1250,1,0,-1 B=1236,1236,0,0,-16
mv U' code=0 aligned=1 homed=- ms=119.0 U=2123,3133,-14,2,1 R=1091,1090,-1,0,-1 F=675,674,-1,3,-7 D=3505,3505,0,2,2 L=1249,1250,1,0,-1 B=1236,1236,0,0,-16
mv U code=0 aligned=1 homed=- ms=119.0 U=3134,2119,9,1,-3 R=1091,1090,-1,0,-1 F=675,674,-1,3,-7 D=3505,3505,0,2,2 L=1249,1250,1,0,-1 B=1236,1236,0,0,-16
mv U' code=0 aligned=1 homed=- ms=119.0 U=2123,3132,-15,2,0 R=1091,1090,-1,0,-1 F=675,674,-1,3,-7 D=3505,3506,1,2,3 L=1249,1250,1,0,-1 B=1236,1236,0,0,-16
mv U code=0 aligned=1 homed=- ms=119.0 U=3134,2119,9,1,-3 R=1091,1090,-1,0,-1 F=675,674,-1,3,-7 D=3505,3505,0,2,2 L=1249,1250,1,0,-1 B=1236,1236,0,0,-16
mv U' code=0 aligned=1 homed=- ms=119.0 U=2123,3132,-15,2,0 R=1091,1090,-1,0,-1 F=675,674,-1,3,-7 D=3505,3505,0,2,2 L=1249,1250,1,0,-1 B=1236,1236,0,0,-16
mv U code=0 aligned=1 homed=- ms=119.0 U=3135,2118,7,1,-4 R=1091,1090,-1,0,-1 F=675,674,-1,3,-7 D=3505,3506,1,2,3 L=1249,1250,1,0,-1 B=1236,1236,0,0,-16
mv U' code=0 aligned=1 homed=- ms=119.0 U=2123,3132,-15,2,0 R=1091,1090,-1,0,-1 F=675,674,-1,3,-7 D=3505,3505,0,2,2 L=1249,1249,0,0,-2 B=1236,1236,0,0,-16
mv U code=0 aligned=1 homed=- ms=119.0 U=3134,2119,9,1,-3 R=1091,1090,-1,0,-1 F=675,674,-1,3,-7 D=3505,3505,0,2,2 L=1249,1249,0,0,-2 B=1236,1236,0,0,-16
mv U' code=0 aligned=1 homed=- ms=119.0 U=2123,3132,-15,2,0 R=1091,1090,-1,0,-1 F=675,674,-1,3,-7 D=3505,3506,1,2,3 L=1249,1250,1,0,-1 B=1236,1236,0,0,-16
mv U code=0 aligned=1 homed=- ms=119.0 U=3134,2119,9,1,-3 R=1091,1091,0,0,0 F=675,674,-1,3,-7 D=3505,3506,1,2,3 L=1249,1249,0,0,-2 B=1236,1236,0,0,-16
mv U' code=0 aligned=1 homed=- ms=119.0 U=2123,3132,-15,2,0 R=1091,1090,-1,0,-1 F=675,674,-1,3,-7 D=3505,3506,1,2,3 L=1249,1249,0,0,-2 B=1236,1236,0,0,-16
mv U code=0 aligned=1 homed=- ms=119.0 U=3134,2119,9,1,-3 R=1091,1090,-1,0,-1 F=675,674,-1,3,-7 D=3505,3506,1,2,3 L=1249,1250,1,0,-1 B=1236,1236,0,0,-16
mv U' code=0 aligned=1 homed=- ms=119.0 U=2123,3132,-15,2,0 R=1091,1090,-1,0,-1 F=675,674,-1,3,-7 D=3505,3505,0,2,2 L=1250,1250,0,0,-1 B=1236,1236,0,0,-16
mv U code=0 aligned=1 homed=- ms=119.0 U=3134,2119,9,1,-3 R=1091,1090,-1,0,-1 F=675,674,-1,3,-7 D=3506,3505,-1,2,2 L=1249,1250,1,0,-1 B=1236,1236,0,0,-16
mv U' code=0 aligned=1 homed=- ms=119.0 U=2123,3132,-15,2,0 R=1091,1090,-1,0,-1 F=675,674,-1,3,-7 D=3505,3505,0,2,2 L=1249,1249,0,0,-2 B=1236,1236,0,0,-16
mv U code=0 aligned=1 homed=- ms=119.0 U=3134,2119,9,1,-3 R=1091,1090,-1,0,-1 F=675,674,-1,3,-7 D=3505,3505,0,2,2 L=1249,1250,1,0,-1 B=1236,1236,0,0,-16
mv U' code=0 aligned=1 homed=- ms=119.0 U=2123,3132,-15,2,0 R=1091,1090,-1,0,-1 F=675,674,-1,3,-7 D=3505,3505,0,2,2 L=1249,1250,1,0,-1 B=1236,1236,0,0,-16
mv U code=0 aligned=1 homed=- ms=119.0 U=3134,2119,9,1,-3 R=1091,1090,-1,0,-1 F=675,674,-1,3,-7 D=3505,3505,0,2,2 L=1249,1250,1,0,-1 B=1236,1236,0,0,-16
mv U' code=0 aligned=1 homed=- ms=119.0 U=2123,3132,-15,2,0 R=1091,1090,-1,0,-1 F=675,674,-1,3,-7 D=3506,3505,-1,2,2 L=1249,1250,1,0,-1 B=1236,1236,0,0,-16
mv U code=0 aligned=1 homed=- ms=119.0 U=3134,2119,9,1,-3 R=1091,1090,-1,0,-1 F=675,674,-1,3,-7 D=3506,3505,-1,2,2 L=1250,1250,0,0,-1 B=1236,1236,0,0,-16
mv U' code=0 aligned=1 homed=- ms=119.0 U=2123,3132,-15,2,0 R=1091,1090,-1,0,-1 F=675,674,-1,3,-7 D=3505,3505,0,2,2 L=1249,1249,0,0,-2 B=1236,1236,0,0,-16
mv U code=0 aligned=1 homed=- ms=119.0 U=3134,2119,9,1,-3 R=1091,1090,-1,0,-1 F=675,674,-1,3,-7 D=3505,3506,1,2,3 L=1249,1250,1,0,-1 B=1236,1236,0,0,-16
mv U' code=0 aligned=1 homed=- ms=119.0 U=2123,3132,-15,2,0 R=1091,1090,-1,0,-1 F=675,674,-1,3,-7 D=3505,3505,0,2,2 L=1249,1250,1,0,-1 B=1236,1236,0,0,-16
mv U code=0 aligned=1 homed=- ms=119.0 U=3134,2119,9,1,-3 R=1091,1090,-1,0,-1 F=675,674,-1,3,-7 D=3505,3506,1,2,3 L=1249,1250,1,0,-1 B=1236,1236,0,0,-16
mv U' code=0 aligned=1 homed=- ms=119.0 U=2123,3132,-15,2,0 R=1091,1090,-1,0,-1 F=675,674,-1,3,-7 D=3505,3505,0,2,2 L=1249,1250,1,0,-1 B=1236,1236,0,0,-16
mv U code=0 aligned=1 homed=- ms=119.0 U=3134,2119,9,1,-3 R=1091,1090,-1,0,-1 F=675,674,-1,3,-7 D=3505,3505,0,2,2 L=1249,1250,1,0,-1 B=1236,1236,0,0,-16
mv U' code=0 aligned=1 homed=- ms=119.0 U=2123,3132,-15,2,0 R=1091,1090,-1,0,-1 F=675,674,-1,3,-7 D=3505,3506,1,2,3 L=1249,1250,1,0,-1 B=1236,1236,0,0,-16
mv U code=0 aligned=1 homed=- ms=119.0 U=3134,2119,9,1,-3 R=1091,1090,-1,0,-1 F=675,674,-1,3,-7 D=3505,3506,1,2,3 L=1249,1250,1,0,-1 B=1236,1236,0,0,-16
mv U' code=0 aligned=1 homed=- ms=119.0 U=2123,3132,-15,2,0 R=1091,1090,-1,0,-1 F=675,674,-1,3,-7 D=3506,3506,0,2,3 L=1249,1250,1,0,-1 B=1236,1236,0,0,-16
mv U code=0 aligned=1 homed=- ms=119.0 U=3134,2119,9,1,-3 R=1091,1090,-1,0,-1 F=675,674,-1,3,-7 D=3505,3505,0,2,2 L=1249,1250,1,0,-1 B=1236,1236,0,0,-16
mv U' code=0 aligned=1 homed=- ms=119.0 U=2123,3132,-15,2,0 R=1091,1090,-1,0,-1 F=675,674,-1,3,-7 D=3505,3505,0,2,2 L=1249,1250,1,0,-1 B=1236,1236,0,0,-16
mv U code=0 aligned=1 homed=- ms=119.0 U=3134,2119,9,1,-3 R=1091,1090,-1,0,-1 F=675,674,-1,3,-7 D=3505,3506,1,2,3 L=1249,1250,1,0,-1 B=1236,1236,0,0,-16
mv U' code=0 aligned=1 homed=- ms=119.0 U=2123,3132,-15,2,0 R=1091,1090,-1,0,-1 F=675,674,-1,3,-7 D=3505,3506,1,2,3 L=1249,1250,1,0,-1 B=1236,1236,0,0,-16
mv U code=0 aligned=1 homed=- ms=119.0 U=3134,2119,9,1,-3 R=1091,1090,-1,0,-1 F=675,674,-1,3,-7 D=3505,3506,1,2,3 L=1249,1250,1,0,-1 B=1236,1236,0,0,-16
mv U' code=0 aligned=1 homed=- ms=119.0 U=2123,3132,-15,2,0 R=1091,1090,-1,0,-1 F=675,674,-1,3,-7 D=3505,3505,0,2,2 L=1249,1250,1,0,-1 B=1236,1236,0,0,-16
mv U code=0 aligned=1 homed=- ms=119.0 U=3134,2119,9,1,-3 R=1091,1090,-1,0,-1 F=675,674,-1,3,-7 D=3505,3505,0,2,2 L=1249,1250,1,0,-1 B=1236,1236,0,0,-16
mv U' code=0 aligned=1 homed=- ms=119.0 U=2123,3132,-15,2,0 R=1091,1090,-1,0,-1 F=675,674,-1,3,-7 D=3505,3506,1,2,3 L=1249,1250,1,0,-1 B=1236,1236,0,0,-16
mv U code=0 aligned=1 homed=- ms=119.0 U=3134,2119,9,1,-3 R=1091,1090,-1,0,-1 F=675,674,-1,3,-7 D=3505,3506,1,2,3 L=1249,1250,1,0,-1 B=1236,1236,0,0,-16
mv U' code=0 aligned=1 homed=- ms=119.0 U=2123,3132,-15,2,0 R=1091,1090,-1,0,-1 F=675,674,-1,3,-7 D=3505,3506,1,2,3 L=1249,1250,1,0,-1 B=1236,1236,0,0,-16
mv U code=0 aligned=1 homed=- ms=119.0 U=3134,2119,9,1,-3 R=1091,1090,-1,0,-1 F=675,674,-1,3,-7 D=3505,3505,0,2,2 L=1249,1250,1,0,-1 B=1236,1236,0,0,-16
mv U' code=0 aligned=1 homed=- ms=119.0 U=2123,3132,-15,2,0 R=1091,1090,-1,0,-1 F=675,674,-1,3,-7 D=3505,3506,1,2,3 L=1249,1249,0,0,-2 B=1236,1236,0,0,-16
mv U code=0 aligned=1 homed=- ms=119.0 U=3134,2119,9,1,-3 R=1091,1090,-1,0,-1 F=675,674,-1,3,-7 D=3505,3505,0,2,2 L=1249,1250,1,0,-1 B=1236,1236,0,0,-16
mv U' code=0 aligned=1 homed=- ms=119.0 U=2123,3132,-15,2,0 R=1091,1090,-1,0,-1 F=675,674,-1,3,-7 D=3505,3505,0,2,2 L=1249,1250,1,0,-1 B=1236,1236,0,0,-16
mv U code=0 aligned=1 homed=- ms=119.0 U=3134,2119,9,1,-3 R=1091,1090,-1,0,-1 F=675,674,-1,3,-7 D=3505,3505,0,2,2 L=1249,1250,1,0,-1 B=1236,1236,0,0,-16
mv U' code=0 aligned=1 homed=- ms=119.0 U=2123,3132,-15,2,0 R=1091,1090,-1,0,-1 F=675,674,-1,3,-7 D=3505,3505,0,2,2 L=1249,1250,1,0,-1 B=1236,1236,0,0,-16
mv U code=0 aligned=1 homed=- ms=119.0 U=3134,2119,9,1,-3 R=1091,1090,-1,0,-1 F=675,673,-2,3,-8 D=3505,3505,0,2,2 L=1249,1249,0,0,-2 B=1236,1236,0,0,-16
mv U' code=0 aligned=1 homed=- ms=119.0 U=2123,3132,-15,2,0 R=1091,1090,-1,0,-1 F=675,674,-1,3,-7 D=3505,3505,0,2,2 L=1249,1250,1,0,-1 B=1236,1236,0,0,-16
mv U code=0 aligned=1 homed=- ms=119.0 U=3134,2119,9,1,-3 R=1091,1090,-1,0,-1 F=675,674,-1,3,-7 D=3505,3505,0,2,2 L=1249,1250,1,0,-1 B=1236,1236,0,0,-16
mv U' code=0 aligned=1 homed=- ms=119.0 U=2123,3132,-15,2,0 R=1091,1090,-1,0,-1 F=675,674,-1,3,-7 D=3505,3505,0,2,2 L=1249,1250,1,0,-1 B=1236,1236,0,0,-16
mv U code=0 aligned=1 homed=- ms=119.0 U=3134,2119,9,1,-3 R=1091,1090,-1,0,-1 F=675,674,-1,3,-7 D=3505,3505,0,2,2 L=1249,1250,1,0,-1 B=1235,1236,1,0,-16
mv U' code=0 aligned=1 homed=- ms=119.0 U=2123,3132,-15,2,0 R=1091,1090,-1,0,-1 F=675,674,-1,3,-7 D=3505,3506,1,2,3 L=1249,1250,1,0,-1 B=1236,1236,0,0,-16
mv U code=0 aligned=1 homed=- ms=119.0 U=3134,2119,9,1,-3 R=1091,1090,-1,0,-1 F=675,674,-1,3,-7 D=3505,3506,1,2,3 L=1249,1250,1,0,-1 B=1236,1236,0,0,-16
mv U' code=0 aligned=1 homed=- ms=119.0 U=2123,3132,-15,2,0 R=1091,1090,-1,0,-1 F=675,674,-1,3,-7 D=3505,3505,0,2,2 L=1249,1250,1,0,-1 B=1236,1236,0,0,-16
mv U code=0 aligned=1 homed=- ms=119.0 U=3134,2119,9,1,-3 R=1091,1090,-1,0,-1 F=675,674,-1,3,-7 D=3505,3505,0,2,2 L=1249,1250,1,0,-1 B=1236,1236,0,0,-16
mv U' code=0 aligned=1 homed=- ms=119.0 U=2123,3132,-15,2,0 R=1091,1090,-1,0,-1 F=675,674,-1,3,-7 D=3505,3505,0,2,2 L=1249,1250,1,0,-1 B=1236,1236,0,0,-16
mv U code=0 aligned=1 homed=- ms=119.0 U=3134,2119,9,1,-3 R=1091,1090,-1,0,-1 F=675,674,-1,3,-7 D=3505,3505,0,2,2 L=1249,1250,1,0,-1 B=1236,1236,0,0,-16
mv U' code=0 aligned=1 homed=- ms=119.0 U=2123,3132,-15,2,0 R=1091,1090,-1,0,-1 F=675,674,-1,3,-7 D=3505,3505,0,2,2 L=1249,1250,1,0,-1 B=1236,1236,0,0,-16
mv U code=0 aligned=1 homed=- ms=119.0 U=3134,2119,9,1,-3 R=1091,1090,-1,0,-1 F=675,674,-1,3,-7 D=3505,3505,0,2,2 L=1249,1250,1,0,-1 B=1236,1236,0,0,-16
mv U' code=0 aligned=1 homed=- ms=119.0 U=2123,3132,-15,2,0 R=1091,1090,-1,0,-1 F=675,674,-1,3,-7 D=3505,3505,0,2,2 L=1249,1250,1,0,-1 B=1236,1236,0,0,-16
mv U code=0 aligned=1 homed=- ms=119.0 U=3134,2118,8,1,-4 R=1091,1091,0,0,0 F=675,674,-1,3,-7 D=3505,3505,0,2,2 L=1249,1250,1,0,-1 B=1236,1236,0,0,-16
mv U' code=0 aligned=1 homed=- ms=119.0 U=2123,3132,-15,2,0 R=1091,1090,-1,0,-1 F=675,674,-1,3,-7 D=3505,3505,0,2,2 L=1249,1250,1,0,-1 B=1236,1236,0,0,-16
mv U code=0 aligned=1 homed=- ms=119.0 U=3134,2119,9,1,-3 R=1091,1090,-1,0,-1 F=675,674,-1,3,-7 D=3505,3506,1,2,3 L=1249,1250,1,0,-1 B=1236,1236,0,0,-16
mv U' code=0 aligned=1 homed=- ms=119.0 U=2123,3132,-15,2,0 R=1091,1090,-1,0,-1 F=675,674,-1,3,-7 D=3505,3506,1,2,3 L=1249,1250,1,0,-1 B=1236,1236,0,0,-16
mv U code=0 aligned=1 homed=- ms=119.0 U=3134,2119,9,1,-3 R=1091,1090,-1,0,-1 F=675,674,-1,3,-7 D=3505,3505,0,2,2 L=1249,1249,0,0,-2 B=1236,1236,0,0,-16
mv U' code=0 aligned=1 homed=- ms=119.0 U=2123,3132,-15,2,0 R=1091,1090,-1,0,-1 F=675,674,-1,3,-7 D=3505,3506,1,2,3 L=1249,1250,1,0,-1 B=1236,1236,0,0,-16
mv U code=0 aligned=1 homed=- ms=119.0 U=3134,2119,9,1,-3 R=1091,1090,-1,0,-1 F=675,674,-1,3,-7 D=3505,3506,1,2,3 L=1249,1250,1,0,-1 B=1236,1236,0,0,-16
mv U' code=0 aligned=1 homed=- ms=119.0 U=2123,3132,-15,2,0 R=1091,1090,-1,0,-1 F=675,674,-1,3,-7 D=3505,3506,1,2,3 L=1250,1250,0,0,-1 B=1236,1236,0,0,-16
mv U code=0 aligned=1 homed=- ms=119.0 U=3133,2119,10,1,-3 R=1091,1090,-1,0,-1 F=675,674,-1,3,-7 D=3505,3506,1,2,3 L=1249,1250,1,0,-1 B=1236,1236,0,0,-16
mv U' code=0 aligned=1 homed=- ms=119.0 U=2122,3132,-14,2,0 R=1091,1090,-1,0,-1 F=675,674,-1,3,-7 D=3505,3506,1,2,3 L=1250,1250,0,0,-1 B=1236,1236,0,0,-16
mv U code=0 aligned=1 homed=- ms=119.0 U=3134,2119,9,1,-3 R=1091,1090,-1,0,-1 F=675,674,-1,3,-7 D=3505,3505,0,2,2 L=1249,1250,1,0,-1 B=1236,1236,0,0,-16
mv U' code=0 aligned=1 homed=- ms=119.0 U=2123,3132,-15,2,0 R=1091,1090,-1,0,-1 F=675,674,-1,3,-7 D=3505,3505,0,2,2 L=1249,1250,1,0,-1 B=1236,1236,0,0,-16
mv U code=0 aligned=1 homed=- ms=119.0 U=3134,2118,8,1,-4 R=1091,1090,-1,0,-1 F=675,674,-1,3,-7 D=3505,3505,0,2,2 L=1249,1250,1,0,-1 B=1236,1236,0,0,-16
mv U' code=0 aligned=1 homed=- ms=119.0 U=2123,3132,-15,2,0 R=1091,1090,-1,0,-1 F=675,674,-1,3,-7 D=3505,3506,1,2,3 L=1249,1250,1,0,-1 B=1236,1236,0,0,-16
mv U code=0 aligned=1 homed=- ms=119.0 U=3134,2118,8,1,-4 R=1091,1090,-1,0,-1 F=675,674,-1,3,-7 D=3505,3505,0,2,2 L=1249,1250,1,0,-1 B=1236,1236,0,0,-16
mv U' code=0 aligned=1 homed=- ms=119.0 U=2123,3132,-15,2,0 R=1091,1090,-1,0,-1 F=675,674,-1,3,-7 D=3505,3505,0,2,2 L=1249,1250,1,0,-1 B=1236,1236,0,0,-16
mv U code=0 aligned=1 homed=- ms=119.0 U=3134,2119,9,1,-3 R=1091,1090,-1,0,-1 F=675,674,-1,3,-7 D=3505,3505,0,2,2 L=1249,1250,1,0,-1 B=1236,1236,0,0,-16
mv U' code=0 aligned=1 homed=- ms=119.0 U=2123,3132,-15,2,0 R=1091,1090,-1,0,-1 F=675,674,-1,3,-7 D=3505,3505,0,2,2 L=1249,1250,1,0,-1 B=1236,1236,0,0,-16
mv U code=0 aligned=1 homed=- ms=119.0 U=3134,2119,9,1,-3 R=1091,1090,-1,0,-1 F=675,674,-1,3,-7 D=3505,3505,0,2,2 L=1249,1250,1,0,-1 B=1236,1236,0,0,-16
mv U' code=0 aligned=1 homed=- ms=119.0 U=2123,3132,-15,2,0 R=1091,1090,-1,0,-1 F=675,674,-1,3,-7 D=3505,3505,0,2,2 L=1250,1250,0,0,-1 B=1236,1236,0,0,-16
mv U code=0 aligned=1 homed=- ms=119.0 U=3134,2119,9,1,-3 R=1091,1090,-1,0,-1 F=675,674,-1,3,-7 D=3505,3505,0,2,2 L=1249,1250,1,0,-1 B=1236,1236,0,0,-16
mv U' code=0 aligned=1 homed=- ms=119.0 U=2123,3133,-14,2,1 R=1091,1090,-1,0,-1 F=675,674,-1,3,-7 D=3505,3505,0,2,2 L=1249,1250,1,0,-1 B=1236,1236,0,0,-16
mv U code=0 aligned=1 homed=- ms=119.0 U=3134,2119,9,1,-3 R=1091,1090,-1,0,-1 F=675,674,-1,3,-7 D=3505,3505,0,2,2 L=1249,1250,1,0,-1 B=1236,1236,0,0,-16
mv U' code=0 aligned=1 homed=- ms=119.0 U=2123,3132,-15,2,0 R=1091,1090,-1,0,-1 F=675,674,-1,3,-7 D=3505,3506,1,2,3 L=1249,1250,1,0,-1 B=1236,1236,0,0,-16
mv U code=0 aligned=1 homed=- ms=119.0 U=3134,2119,9,1,-3 R=1091,1090,-1,0,-1 F=675,674,-1,3,-7 D=3505,3505,0,2,2 L=1249,1250,1,0,-1 B=1236,1236,0,0,-16
mv U' code=0 aligned=1 homed=- ms=119.0 U=2123,3132,-15,2,0 R=1091,1090,-1,0,-1 F=675,674,-1,3,-7 D=3506,3505,-1,2,2 L=1249,1250,1,0,-1 B=1236,1236,0,0,-16
mv U code=0 aligned=1 homed=- ms=119.0 U=3134,2119,9,1,-3 R=1091,1090,-1,0,-1 F=675,674,-1,3,-7 D=3505,3505,0,2,2 L=1249,1250,1,0,-1 B=1235,1236,1,0,-16
mv U' code=0 aligned=1 homed=- ms=119.0 U=2123,3132,-15,2,0 R=1091,1090,-1,0,-1 F=675,674,-1,3,-7 D=3505,3505,0,2,2 L=1249,1250,1,0,-1 B=1236,1236,0,0,-16
mv U code=0 aligned=1 homed=- ms=119.0 U=3134,2119,9,1,-3 R=1091,1090,-1,0,-1 F=675,674,-1,3,-7 D=3505,3505,0,2,2 L=1249,1250,1,0,-1 B=1236,1236,0,0,-16
mv U' code=0 aligned=1 homed=- ms=119.0 U=2123,3132,-15,2,0 R=1091,1090,-1,0,-1 F=675,674,-1,3,-7 D=3505,3505,0,2,2 L=1250,1250,0,0,-1 B=1236,1236,0,0,-16
mv U code=0 aligned=1 homed=- ms=119.0 U=3134,2119,9,1,-3 R=1091,1090,-1,0,-1 F=675,674,-1,3,-7 D=3505,3505,0,2,2 L=1249,1250,1,0,-1 B=1236,1236,0,0,-16
mv U' code=0 aligned=1 homed=- ms=119.0 U=2123,3132,-15,2,0 R=1091,1090,-1,0,-1 F=675,674,-1,3,-7 D=3505,3505,0,2,2 L=1249,1250,1,0,-1 B=1236,1236,0,0,-16
mv U code=0 aligned=1 homed=- ms=119.0 U=3134,2119,9,1,-3 R=1091,1090,-1,0,-1 F=675,674,-1,3,-7 D=3505,3505,0,2,2 L=1249,1250,1,0,-1 B=1236,1236,0,0,-16
mv U' code=0 aligned=1 homed=- ms=119.0 U=2123,3132,-15,2,0 R=1091,1090,-1,0,-1 F=675,674,-1,3,-7 D=3505,3506,1,2,3 L=1249,1250,1,0,-1 B=1236,1236,0,0,-16
mv U code=0 aligned=1 homed=- ms=119.0 U=3134,2119,9,1,-3 R=1091,1090,-1,0,-1 F=675,674,-1,3,-7 D=3505,3506,1,2,3 L=1249,1250,1,0,-1 B=1236,1236,0,0,-16
mv U' code=0 aligned=1 homed=- ms=119.0 U=2123,3132,-15,2,0 R=1091,1090,-1,0,-1 F=675,674,-1,3,-7 D=3505,3505,0,2,2 L=1250,1250,0,0,-1 B=1236,1236,0,0,-16
mv U code=0 aligned=1 homed=- ms=119.0 U=3134,2119,9,1,-3 R=1091,1090,-1,0,-1 F=675,674,-1,3,-7 D=3505,3505,0,2,2 L=1249,1250,1,0,-1 B=1236,1236,0,0,-16
mv U' code=0 aligned=1 homed=- ms=119.0 U=2123,3132,-15,2,0 R=1091,1090,-1,0,-1 F=675,673,-2,3,-8 D=3505,3506,1,2,3 L=1249,1250,1,0,-1 B=1236,1236,0,0,-16
mv U code=0 aligned=1 homed=- ms=119.0 U=3133,2119,10,1,-3 R=1091,1090,-1,0,-1 F=675,673,-2,3,-8 D=3505,3506,1,2,3 L=1249,1250,1,0,-1 B=1236,1236,0,0,-16
mv U' code=0 aligned=1 homed=- ms=119.0 U=2123,3132,-15,2,0 R=1091,1090,-1,0,-1 F=675,674,-1,3,-7 D=3505,3505,0,2,2 L=1249,1250,1,0,-1 B=1236,1236,0,0,-16
mv U code=0 aligned=1 homed=- ms=119.0 U=3134,2119,9,1,-3 R=1091,1090,-1,0,-1 F=675,674,-1,3,-7 D=3505,3505,0,2,2 L=1249,1250,1,0,-1 B=1236,1236,0,0,-16
mv U' code=0 aligned=1 homed=- ms=119.0 U=2123,3132,-15,2,0 R=1091,1090,-1,0,-1 F=675,674,-1,3,-7 D=3505,3505,0,2,2 L=1249,1250,1,0,-1 B=1236,1236,0,0,-16
mv U code=0 aligned=1 homed=- ms=119.0 U=3134,2119,9,1,-3 R=1091,1090,-1,0,-1 F=675,674,-1,3,-7 D=3505,3505,0,2,2 L=1249,1250,1,0,-1 B=1236,1236,0,0,-16
mv U' code=0 aligned=1 homed=- ms=119.0 U=2123,3132,-15,2,0 R=1091,1090,-1,0,-1 F=675,674,-1,3,-7 D=3505,3505,0,2,2 L=1249,1250,1,0,-1 B=1236,1236,0,0,-16
mv U code=0 aligned=1 homed=- ms=119.0 U=3134,2119,9,1,-3 R=1091,1090,-1,0,-1 F=675,674,-1,3,-7 D=3505,3506,1,2,3 L=1249,1249,0,0,-2 B=1236,1236,0,0,-16
mv U' code=0 aligned=1 homed=- ms=119.0 U=2123,3132,-15,2,0 R=1091,1090,-1,0,-1 F=675,674,-1,3,-7 D=3505,3505,0,2,2 L=1249,1250,1,0,-1 B=1236,1236,0,0,-16
mv U code=0 aligned=1 homed=- ms=119.0 U=3134,2119,9,1,-3 R=1091,1090,-1,0,-1 F=675,674,-1,3,-7 D=3505,3505,0,2,2 L=1249,1250,1,0,-1 B=1236,1236,0,0,-16
mv U' code=0 aligned=1 homed=- ms=119.0 U=2123,3132,-15,2,0 R=1091,1090,-1,0,-1 F=675,674,-1,3,-7 D=3506,3505,-1,2,2 L=1249,1250,1,0,-1 B=1236,1236,0,0,-16
mv U code=0 aligned=1 homed=- ms=119.0 U=3134,2119,9,1,-3 R=1091,1090,-1,0,-1 F=675,674,-1,3,-7 D=3505,3505,0,2,2 L=1249,1250,1,0,-1 B=1236,1236,0,0,-16
mv U' code=0 aligned=1 homed=- ms=119.0 U=2123,3132,-15,2,0 R=1091,1090,-1,0,-1 F=675,674,-1,3,-7 D=3505,3505,0,2,2 L=1249,1250,1,0,-1 B=1236,1236,0,0,-16
mv U code=0 aligned=1 homed=- ms=119.0 U=3134,2119,9,1,-3 R=1091,1090,-1,0,-1 F=675,674,-1,3,-7 D=3505,3505,0,2,2 L=1249,1250,1,0,-1 B=1236,1236,0,0,-16
mv U' code=0 aligned=1 homed=- ms=119.0 U=2123,3132,-15,2,0 R=1091,1090,-1,0,-1 F=675,674,-1,3,-7 D=3505,3505,0,2,2 L=1249,1250,1,0,-1 B=1236,1236,0,0,-16
mv U code=0 aligned=1 homed=- ms=119.0 U=3134,2119,9,1,-3 R=1091,1090,-1,0,-1 F=675,674,-1,3,-7 D=3505,3506,1,2,3 L=1250,1250,0,0,-1 B=1236,1236,0,0,-16
mv U' code=0 aligned=1 homed=- ms=119.0 U=2123,3132,-15,2,0 R=1091,1090,-1,0,-1 F=675,674,-1,3,-7 D=3505,3506,1,2,3 L=1249,1249,0,0,-2 B=1236,1236,0,0,-16
mv U code=0 aligned=1 homed=- ms=119.0 U=3134,2119,9,1,-3 R=1091,1090,-1,0,-1 F=675,674,-1,3,-7 D=3505,3505,0,2,2 L=1249,1250,1,0,-1 B=1236,1236,0,0,-16
mv U' code=0 aligned=1 homed=- ms=119.0 U=2123,3132,-15,2,0 R=1091,1090,-1,0,-1 F=675,674,-1,3,-7 D=3505,3506,1,2,3 L=1249,1250,1,0,-1 B=1236,1236,0,0,-16
mv U code=0 aligned=1 homed=- ms=119.0 U=3134,2119,9,1,-3 R=1091,1090,-1,0,-1 F=675,674,-1,3,-7 D=3505,3505,0,2,2 L=1249,1250,1,0,-1 B=1236,1236,0,0,-16
mv U' code=0 aligned=1 homed=- ms=119.0 U=2123,3132,-15,2,0 R=1091,1090,-1,0,-1 F=675,674,-1,3,-7 D=3505,3505,0,2,2 L=1249,1250,1,0,-1 B=1236,1236,0,0,-16
mv U code=0 aligned=1 homed=- ms=119.0 U=3134,2119,9,1,-3 R=1091,1090,-1,0,-1 F=675,674,-1,3,-7 D=3505,3505,0,2,2 L=1249,1249,0,0,-2 B=1236,1236,0,0,-16
mv U' code=0 aligned=1 homed=- ms=119.0 U=2123,3132,-15,2,0 R=1091,1090,-1,0,-1 F=675,673,-2,3,-8 D=3505,3506,1,2,3 L=1249,1250,1,0,-1 B=1236,1236,0,0,-16
mv U code=0 aligned=1 homed=- ms=119.0 U=3134,2119,9,1,-3 R=1091,1090,-1,0,-1 F=675,674,-1,3,-7 D=3506,3505,-1,2,2 L=1249,1249,0,0,-2 B=1236,1236,0,0,-16
mv U' code=0 aligned=1 homed=- ms=119.0 U=2123,3132,-15,2,0 R=1091,1090,-1,0,-1 F=675,674,-1,3,-7 D=3505,3505,0,2,2 L=1250,1250,0,0,-1 B=1236,1236,0,0,-16
mv U code=0 aligned=1 homed=- ms=119.0 U=3134,2119,9,1,-3 R=1091,1090,-1,0,-1 F=675,674,-1,3,-7 D=3505,3506,1,2,3 L=1249,1250,1,0,-1 B=1236,1236,0,0,-16
mv U' code=0 aligned=1 homed=- ms=119.0 U=2123,3132,-15,2,0 R=1091,1090,-1,0,-1 F=675,674,-1,3,-7 D=3506,3506,0,2,3 L=1249,1250,1,0,-1 B=1236,1236,0,0,-16
mv U code=0 aligned=1 homed=- ms=119.0 U=3134,2119,9,1,-3 R=1091,1090,-1,0,-1 F=675,674,-1,3,-7 D=3505,3505,0,2,2 L=1249,1250,1,0,-1 B=1236,1236,0,0,-16
mv U' code=0 aligned=1 homed=- ms=119.0 U=2123,3132,-15,2,0 R=1091,1090,-1,0,-1 F=675,674,-1,3,-7 D=3505,3505,0,2,2 L=1249,1249,0,0,-2 B=1236,1236,0,0,-16
mv U code=0 aligned=1 homed=- ms=119.0 U=3134,2119,9,1,-3 R=1091,1090,-1,0,-1 F=675,674,-1,3,-7 D=3505,3506,1,2,3 L=1249,1250,1,0,-1 B=1236,1236,0,0,-16
mv U' code=0 aligned=1 homed=- ms=119.0 U=2123,3132,-15,2,0 R=1091,1090,-1,0,-1 F=675,674,-1,3,-7 D=3505,3505,0,2,2 L=1249,1250,1,0,-1 B=1236,1236,0,0,-16
mv U code=0 aligned=1 homed=- ms=119.0 U=3134,2119,9,1,-3 R=1091,1090,-1,0,-1 F=675,674,-1,3,-7 D=3505,3505,0,2,2 L=1249,1250,1,0,-1 B=1236,1236,0,0,-16
mv U' code=0 aligned=1 homed=- ms=119.0 U=2122,3132,-14,2,0 R=1091,1090,-1,0,-1 F=675,674,-1,3,-7 D=3505,3506,1,2,3 L=1249,1250,1,0,-1 B=1236,1236,0,0,-16
mv U code=0 aligned=1 homed=- ms=119.0 U=3134,2119,9,1,-3 R=1091,1090,-1,0,-1 F=675,674,-1,3,-7 D=3506,3506,0,2,3 L=1249,1250,1,0,-1 B=1236,1236,0,0,-16
mv U' code=0 aligned=1 homed=- ms=119.0 U=2123,3132,-15,2,0 R=1091,1090,-1,0,-1 F=675,674,-1,3,-7 D=3505,3506,1,2,3 L=1249,1250,1,0,-1 B=1236,1236,0,0,-16
mv U code=0 aligned=1 homed=- ms=119.0 U=3134,2119,9,1,-3 R=1091,1090,-1,0,-1 F=675,674,-1,3,-7 D=3505,3506,1,2,3 L=1249,1250,1,0,-1 B=1236,1236,0,0,-16
mv U' code=0 aligned=1 homed=- ms=119.0 U=2123,3132,-15,2,0 R=1091,1090,-1,0,-1 F=675,674,-1,3,-7 D=3505,3505,0,2,2 L=1250,1249,-1,0,-2 B=1236,1236,0,0,-16
mv U code=0 aligned=1 homed=- ms=119.0 U=3134,2119,9,1,-3 R=1091,1090,-1,0,-1 F=675,674,-1,3,-7 D=3505,3505,0,2,2 L=1249,1250,1,0,-1 B=1236,1236,0,0,-16
mv U' code=0 aligned=1 homed=- ms=119.0 U=2123,3132,-15,2,0 R=1091,1090,-1,0,-1 F=675,674,-1,3,-7 D=3505,3505,0,2,2 L=1249,1250,1,0,-1 B=1236,1236,0,0,-16
mv U code=0 aligned=1 homed=- ms=119.0 U=3134,2119,9,1,-3 R=1091,1090,-1,0,-1 F=675,674,-1,3,-7 D=3505,3505,0,2,2 L=1249,1250,1,0,-1 B=1236,1236,0,0,-16
mv U' code=0 aligned=1 homed=- ms=119.0 U=2123,3132,-15,2,0 R=1091,1090,-1,0,-1 F=675,674,-1,3,-7 D=3506,3505,-1,2,2 L=1250,1249,-1,0,-2 B=1236,1236,0,0,-16
mv U code=0 aligned=1 homed=- ms=119.0 U=3134,2119,9,1,-3 R=1091,1090,-1,0,-1 F=675,674,-1,3,-7 D=3505,3505,0,2,2 L=1249,1250,1,0,-1 B=1236,1236,0,0,-16
mv U' code=0 aligned=1 homed=- ms=119.0 U=2123,3132,-15,2,0 R=1091,1090,-1,0,-1 F=675,674,-1,3,-7 D=3505,3505,0,2,2 L=1249,1250,1,0,-1 B=1236,1236,0,0,-16
mv U code=0 aligned=1 homed=- ms=119.0 U=3134,2119,9,1,-3 R=1091,1090,-1,0,-1 F=675,674,-1,3,-7 D=3505,3505,0,2,2 L=1249,1250,1,0,-1 B=1236,1236,0,0,-16
mv U' code=0 aligned=1 homed=- ms=119.0 U=2123,3132,-15,2,0 R=1091,1090,-1,0,-1 F=675,674,-1,3,-7 D=3506,3505,-1,2,2 L=1249,1250,1,0,-1 B=1235,1236,1,0,-16
mv U code=0 aligned=1 homed=- ms=119.0 U=3134,2119,9,1,-3 R=1091,1090,-1,0,-1 F=675,674,-1,3,-7 D=3505,3506,1,2,3 L=1249,1250,1,0,-1 B=1236,1236,0,0,-16
mv U' code=0 aligned=1 homed=- ms=119.0 U=2123,3132,-15,2,0 R=1091,1090,-1,0,-1 F=675,674,-1,3,-7 D=3505,3505,0,2,2 L=1249,1250,1,0,-1 B=1236,1236,0,0,-16
mv U code=0 aligned=1 homed=- ms=119.0 U=3134,2119,9,1,-3 R=1091,1090,-1,0,-1 F=675,674,-1,3,-7 D=3505,3505,0,2,2 L=1249,1250,1,0,-1 B=1236,1236,0,0,-16
mv U' code=0 aligned=1 homed=- ms=119.0 U=2123,3132,-15,2,0 R=1091,1090,-1,0,-1 F=675,674,-1,3,-7 D=3505,3506,1,2,3 L=1249,1250,1,0,-1 B=1236,1236,0,0,-16
mv U code=0 aligned=1 homed=- ms=119.0 U=3134,2119,9,1,-3 R=1091,1090,-1,0,-1 F=675,674,-1,3,-7 D=3505,3505,0,2,2 L=1249,1250,1,0,-1 B=1236,1236,0,0,-16
mv U' code=0 aligned=1 homed=- ms=119.0 U=2123,3132,-15,2,0 R=1091,1090,-1,0,-1 F=675,673,-2,3,-8 D=3505,3505,0,2,2 L=1249,1249,0,0,-2 B=1236,1236,0,0,-16
mv U code=0 aligned=1 homed=- ms=119.0 U=3134,2119,9,1,-3 R=1091,1090,-1,0,-1 F=675,674,-1,3,-7 D=3505,3506,1,2,3 L=1249,1250,1,0,-1 B=1236,1236,0,0,-16
mv U' code=0 aligned=1 homed=- ms=119.0 U=2123,3132,-15,2,0 R=1091,1090,-1,0,-1 F=675,674,-1,3,-7 D=3505,3506,1,2,3 L=1249,1249,0,0,-2 B=1236,1236,0,0,-16
mv U code=0 aligned=1 homed=- ms=119.0 U=3134,2119,9,1,-3 R=1091,1090,-1,0,-1 F=675,674,-1,3,-7 D=3505,3506,1,2,3 L=1249,1250,1,0,-1 B=1235,1235,0,0,-17
mv U' code=0 aligned=1 homed=- ms=119.0 U=2123,3132,-15,2,0 R=1091,1090,-1,0,-1 F=675,673,-2,3,-8 D=3505,3506,1,2,3 L=1249,1250,1,0,-1 B=1236,1236,0,0,-16
mv U code=0 aligned=1 homed=- ms=119.0 U=3134,2119,9,1,-3 R=1091,1090,-1,0,-1 F=675,674,-1,3,-7 D=3505,3505,0,2,2 L=1249,1250,1,0,-1 B=1236,1236,0,0,-16
mv U' code=0 aligned=1 homed=- ms=119.0 U=2123,3132,-15,2,0 R=1091,1090,-1,0,-1 F=675,674,-1,3,-7 D=3505,3505,0,2,2 L=1250,1249,-1,0,-2 B=1235,1236,1,0,-16
mv U code=0 aligned=1 homed=- ms=119.0 U=3134,2119,9,1,-3 R=1091,1090,-1,0,-1 F=675,674,-1,3,-7 D=3505,3505,0,2,2 L=1249,1250,1,0,-1 B=1236,1236,0,0,-16
mv U' code=0 aligned=1 homed=- ms=119.0 U=2123,3132,-15,2,0 R=1091,1090,-1,0,-1 F=675,674,-1,3,-7 D=3505,3505,0,2,2 L=1249,1250,1,0,-1 B=1236,1236,0,0,-16
mv U code=0 aligned=1 homed=- ms=119.0 U=3134,2119,9,1,-3 R=1091,1090,-1,0,-1 F=675,674,-1,3,-7 D=3505,3505,0,2,2 L=1249,1250,1,0,-1 B=1236,1236,0,0,-16
mv U' code=0 aligned=1 homed=- ms=119.0 U=2123,3132,-15,2,0 R=1091,1090,-1,0,-1 F=675,674,-1,3,-7 D=3505,3505,0,2,2 L=1249,1250,1,0,-1 B=1236,1236,0,0,-16
mv U code=0 aligned=1 homed=- ms=119.0 U=3134,2118,8,1,-4 R=1091,1090,-1,0,-1 F=675,674,-1,3,-7 D=3505,3505,0,2,2 L=1249,1250,1,0,-1 B=1236,1236,0,0,-16
mv U' code=0 aligned=1 homed=- ms=119.0 U=2123,3132,-15,2,0 R=1091,1090,-1,0,-1 F=675,674,-1,3,-7 D=3505,3505,0,2,2 L=1249,1250,1,0,-1 B=1236,1236,0,0,-16
mv U code=0 aligned=1 homed=- ms=119.0 U=3134,2119,9,1,-3 R=1091,1090,-1,0,-1 F=675,674,-1,3,-7 D=3505,3505,0,2,2 L=1249,1250,1,0,-1 B=1236,1236,0,0,-16
mv U' code=0 aligned=1 homed=- ms=119.0 U=2122,3132,-14,2,0 R=1091,1090,-1,0,-1 F=675,674,-1,3,-7 D=3505,3505,0,2,2 L=1249,1250,1,0,-1 B=1236,1236,0,0,-16
mv U code=0 aligned=1 homed=- ms=119.0 U=3134,2119,9,1,-3 R=1091,1090,-1,0,-1 F=675,674,-1,3,-7 D=3505,3505,0,2,2 L=1249,1250,1,0,-1 B=1236,1236,0,0,-16
mv U' code=0 aligned=1 homed=- ms=119.0 U=2123,3133,-14,2,1 R=1091,1090,-1,0,-1 F=675,674,-1,3,-7 D=3505,3505,0,2,2 L=1249,1250,1,0,-1 B=1236,1236,0,0,-16
mv U code=0 aligned=1 homed=- ms=119.0 U=3134,2119,9,1,-3 R=1091,1091,0,0,0 F=675,674,-1,3,-7 D=3505,3506,1,2,3 L=1249,1250,1,0,-1 B=1236,1236,0,0,-16
mv U' code=0 aligned=1 homed=- ms=119.0 U=2123,3132,-15,2,0 R=1091,1090,-1,0,-1 F=675,674,-1,3,-7 D=3505,3505,0,2,2 L=1249,1250,1,0,-1 B=1236,1236,0,0,-16
mv U code=0 aligned=1 homed=- ms=119.0 U=3134,2119,9,1,-3 R=1091,1090,-1,0,-1 F=675,674,-1,3,-7 D=3505,3505,0,2,2 L=1249,1250,1,0,-1 B=1236,1236,0,0,-16
mv U' code=0 aligned=1 homed=- ms=119.0 U=2123,3132,-15,2,0 R=1091,1090,-1,0,-1 F=675,674,-1,3,-7 D=3505,3506,1,2,3 L=1249,1250,1,0,-1 B=1236,1236,0,0,-16
mv U code=0 aligned=1 homed=- ms=119.0 U=3134,2119,9,1,-3 R=1091,1090,-1,0,-1 F=675,674,-1,3,-7 D=3505,3506,1,2,3 L=1249,1250,1,0,-1 B=1236,1236,0,0,-16
mv U' code=0 aligned=1 homed=- ms=119.0 U=2123,3132,-15,2,0 R=1091,1090,-1,0,-1 F=675,674,-1,3,-7 D=3505,3505,0,2,2 L=1249,1249,0,0,-2 B=1236,1236,0,0,-16
mv U code=0 aligned=1 homed=- ms=119.0 U=3134,2119,9,1,-3 R=1091,1090,-1,0,-1 F=675,674,-1,3,-7 D=3505,3506,1,2,3 L=1249,1250,1,0,-1 B=1235,1236,1,0,-16
mv U' code=0 aligned=1 homed=- ms=119.0 U=2123,3132,-15,2,0 R=1091,1090,-1,0,-1 F=675,674,-1,3,-7 D=3505,3505,0,2,2 L=1249,1250,1,0,-1 B=1236,1236,0,0,-16
mv U code=0 aligned=1 homed=- ms=119.0 U=3134,2119,9,1,-3 R=1091,1090,-1,0,-1 F=675,674,-1,3,-7 D=3505,3506,1,2,3 L=1249,1250,1,0,-1 B=1236,1236,0,0,-16
mv U' code=0 aligned=1 homed=- ms=119.0 U=2123,3133,-14,2,1 R=1091,1090,-1,0,-1 F=675,674,-1,3,-7 D=3505,3506,1,2,3 L=1249,1250,1,0,-1 B=1236,1236,0,0,-16
mv U code=0 aligned=1 homed=- ms=119.0 U=3134,2119,9,1,-3 R=1091,1090,-1,0,-1 F=675,674,-1,3,-7 D=3505,3506,1,2,3 L=1249,1250,1,0,-1 B=1236,1236,0,0,-16
mv U' code=0 aligned=1 homed=- ms=119.0 U=2123,3132,-15,2,0 R=1091,1090,-1,0,-1 F=675,674,-1,3,-7 D=3505,3505,0,2,2 L=1249,1250,1,0,-1 B=1236,1236,0,0,-16
mv U code=0 aligned=1 homed=- ms=119.0 U=3134,2118,8,1,-4 R=1091,1090,-1,0,-1 F=675,674,-1,3,-7 D=3505,3505,0,2,2 L=1249,1250,1,0,-1 B=1236,1236,0,0,-16
mv U' code=0 aligned=1 homed=- ms=119.0 U=2123,3132,-15,2,0 R=1091,1090,-1,0,-1 F=675,674,-1,3,-7 D=3505,3505,0,2,2 L=1249,1250,1,0,-1 B=1236,1236,0,0,-16
mv U code=0 aligned=1 homed=- ms=119.0 U=3134,2118,8,1,-4 R=1091,1090,-1,0,-1 F=675,674,-1,3,-7 D=3505,3505,0,2,2 L=1249,1249,0,0,-2 B=1236,1235,-1,0,-17
mv U' code=0 aligned=1 homed=- ms=119.0 U=2123,3132,-15,2,0 R=1091,1090,-1,0,-1 F=675,674,-1,3,-7 D=3505,3506,1,2,3 L=1249,1250,1,0,-1 B=1236,1236,0,0,-16
mv U code=0 aligned=1 homed=- ms=119.0 U=3134,2119,9,1,-3 R=1091,1090,-1,0,-1 F=675,674,-1,3,-7 D=3505,3505,0,2,2 L=1249,1250,1,0,-1 B=1236,1236,0,0,-16
mv U' code=0 aligned=1 homed=- ms=119.0 U=2123,3132,-15,2,0 R=1091,1090,-1,0,-1 F=675,674,-1,3,-7 D=3505,3505,0,2,2 L=1249,1250,1,0,-1 B=1236,1236,0,0,-16
mv U code=0 aligned=1 homed=- ms=119.0 U=3134,2119,9,1,-3 R=1091,1090,-1,0,-1 F=675,674,-1,3,-7 D=3505,3506,1,2,3 L=1249,1250,1,0,-1 B=1236,1236,0,0,-16
mv U' code=0 aligned=1 homed=- ms=119.0 U=2123,3132,-15,2,0 R=1091,1090,-1,0,-1 F=675,674,-1,3,-7 D=3505,3506,1,2,3 L=1249,1250,1,0,-1 B=1236,1236,0,0,-16
mv U code=0 aligned=1 homed=- ms=119.0 U=3133,2119,10,1,-3 R=1091,1090,-1,0,-1 F=675,674,-1,3,-7 D=3505,3505,0,2,2 L=1249,1250,1,0,-1 B=1235,1236,1,0,-16
mv U' code=0 aligned=1 homed=- ms=119.0 U=2123,3132,-15,2,0 R=1091,1090,-1,0,-1 F=675,674,-1,3,-7 D=3505,3506,1,2,3 L=1250,1250,0,0,-1 B=1236,1236,0,0,-16
mv U code=0 aligned=1 homed=- ms=119.0 U=3134,2119,9,1,-3 R=1091,1090,-1,0,-1 F=675,674,-1,3,-7 D=3505,3505,0,2,2 L=1249,1250,1,0,-1 B=1236,1236,0,0,-16
mv U' code=0 aligned=1 homed=- ms=119.0 U=2123,3132,-15,2,0 R=1091,1090,-1,0,-1 F=675,674,-1,3,-7 D=3505,3506,1,2,3 L=1249,1250,1,0,-1 B=1236,1236,0,0,-16
mv U code=0 aligned=1 homed=- ms=119.0 U=3134,2119,9,1,-3 R=1091,1090,-1,0,-1 F=675,674,-1,3,-7 D=3505,3505,0,2,2 L=1249,1250,1,0,-1 B=1235,1236,1,0,-16
mv U' code=0 aligned=1 homed=- ms=119.0 U=2123,3132,-15,2,0 R=1091,1090,-1,0,-1 F=675,674,-1,3,-7 D=3505,3505,0,2,2 L=1249,1250,1,0,-1 B=1236,1236,0,0,-16
mv U code=0 aligned=1 homed=- ms=119.0 U=3134,2119,9,1,-3 R=1091,1090,-1,0,-1 F=675,674,-1,3,-7 D=3505,3505,0,2,2 L=1250,1250,0,0,-1 B=1236,1236,0,0,-16
mv U' code=0 aligned=1 homed=- ms=119.0 U=2123,3132,-15,2,0 R=1091,1090,-1,0,-1 F=675,674,-1,3,-7 D=3505,3505,0,2,2 L=1249,1250,1,0,-1 B=1236,1236,0,0,-16
mv U code=0 aligned=1 homed=- ms=119.0 U=3134,2119,9,1,-3 R=1091,1090,-1,0,-1 F=675,674,-1,3,-7 D=3505,3505,0,2,2 L=1249,1250,1,0,-1 B=1236,1236,0,0,-16
mv U' code=0 aligned=1 homed=- ms=119.0 U=2123,3132,-15,2,0 R=1091,1090,-1,0,-1 F=675,674,-1,3,-7 D=3505,3505,0,2,2 L=1250,1250,0,0,-1 B=1236,1236,0,0,-16
mv U code=0 aligned=1 homed=- ms=119.0 U=3134,2118,8,1,-4 R=1091,1090,-1,0,-1 F=675,674,-1,3,-7 D=3505,3505,0,2,2 L=1249,1250,1,0,-1 B=1236,1236,0,0,-16
mv U' code=0 aligned=1 homed=- ms=119.0 U=2122,3132,-14,2,0 R=1091,1090,-1,0,-1 F=675,674,-1,3,-7 D=3505,3505,0,2,2 L=1249,1250,1,0,-1 B=1236,1236,0,0,-16
mv U code=0 aligned=1 homed=- ms=119.0 U=3134,2118,8,1,-4 R=1091,1090,-1,0,-1 F=675,674,-1,3,-7 D=3505,3506,1,2,3 L=1250,1250,0,0,-1 B=1235,1236,1,0,-16
mv U' code=0 aligned=1 homed=- ms=119.0 U=2123,3132,-15,2,0 R=1091,1090,-1,0,-1 F=675,674,-1,3,-7 D=3505,3505,0,2,2 L=1249,1250,1,0,-1 B=1236,1236,0,0,-16
mv U code=0 aligned=1 homed=- ms=119.0 U=3133,2119,10,1,-3 R=1091,1090,-1,0,-1 F=675,674,-1,3,-7 D=3505,3505,0,2,2 L=1249,1250,1,0,-1 B=1236,1235,-1,0,-17
mv U' code=0 aligned=1 homed=- ms=119.0 U=2123,3132,-15,2,0 R=1091,1090,-1,0,-1 F=675,674,-1,3,-7 D=3505,3505,0,2,2 L=1249,1249,0,0,-2 B=1236,1236,0,0,-16
mv U code=0 aligned=1 homed=- ms=119.0 U=3134,2119,9,1,-3 R=1091,1090,-1,0,-1 F=675,673,-2,3,-8 D=3505,3505,0,2,2 L=1249,1249,0,0,-2 B=1236,1236,0,0,-16
mv U' code=0 aligned=1 homed=- ms=119.0 U=2123,3132,-15,2,0 R=1091,1090,-1,0,-1 F=675,674,-1,3,-7 D=3505,3505,0,2,2 L=1249,1250,1,0,-1 B=1235,1236,1,0,-16
mv U code=0 aligned=1 homed=- ms=119.0 U=3134,2119,9,1,-3 R=1091,1090,-1,0,-1 F=675,674,-1,3,-7 D=3505,3505,0,2,2 L=1249,1250,1,0,-1 B=1236,1236,0,0,-16
mv U' code=0 aligned=1 homed=- ms=119.0 U=2123,3132,-15,2,0 R=1091,1090,-1,0,-1 F=675,674,-1,3,-7 D=3505,3505,0,2,2 L=1249,1250,1,0,-1 B=1236,1236,0,0,-16
mv U code=0 aligned=1 homed=- ms=119.0 U=3134,2119,9,1,-3 R=1091,1090,-1,0,-1 F=675,674,-1,3,-7 D=3505,3506,1,2,3 L=1249,1249,0,0,-2 B=1236,1236,0,0,-16
mv U' code=0 aligned=1 homed=- ms=119.0 U=2123,3132,-15,2,0 R=1091,1090,-1,0,-1 F=675,674,-1,3,-7 D=3505,3505,0,2,2 L=1249,1250,1,0,-1 B=1236,1236,0,0,-16
mv U code=0 aligned=1 homed=- ms=119.0 U=3134,2118,8,1,-4 R=1091,1090,-1,0,-1 F=675,674,-1,3,-7 D=3505,3505,0,2,2 L=1249,1250,1,0,-1 B=1236,1236,0,0,-16
mv U' code=0 aligned=1 homed=- ms=119.0 U=2123,3132,-15,2,0 R=1091,1090,-1,0,-1 F=675,674,-1,3,-7 D=3505,3505,0,2,2 L=1249,1250,1,0,-1 B=1236,1236,0,0,-16
mv U code=0 aligned=1 homed=- ms=119.0 U=3134,2119,9,1,-3 R=1091,1090,-1,0,-1 F=675,674,-1,3,-7 D=3505,3505,0,2,2 L=1249,1250,1,0,-1 B=1236,1236,0,0,-16
mv U' code=0 aligned=1 homed=- ms=119.0 U=2122,3132,-14,2,0 R=1091,1090,-1,0,-1 F=675,674,-1,3,-7 D=3505,3505,0,2,2 L=1250,1250,0,0,-1 B=1236,1236,0,0,-16
mv U code=0 aligned=1 homed=- ms=119.0 U=3134,2119,9,1,-3 R=1091,1090,-1,0,-1 F=675,674,-1,3,-7 D=3505,3505,0,2,2 L=1249,1250,1,0,-1 B=1236,1236,0,0,-16
mv U' code=0 aligned=1 homed=- ms=119.0 U=2123,3132,-15,2,0 R=1091,1090,-1,0,-1 F=675,674,-1,3,-7 D=3505,3506,1,2,3 L=1249,1250,1,0,-1 B=1236,1236,0,0,-16
mv U code=0 aligned=1 homed=- ms=119.0 U=3133,2119,10,1,-3 R=1091,1090,-1,0,-1 F=675,674,-1,3,-7 D=3505,3505,0,2,2 L=1249,1250,1,0,-1 B=1236,1236,0,0,-16
mv U' code=0 aligned=1 homed=- ms=119.0 U=2123,3132,-15,2,0 R=1091,1090,-1,0,-1 F=675,674,-1,3,-7 D=3505,3505,0,2,2 L=1249,1250,1,0,-1 B=1236,1236,0,0,-16
mv U code=0 aligned=1 homed=- ms=119.0 U=3134,2119,9,1,-3 R=1091,1090,-1,0,-1 F=675,674,-1,3,-7 D=3505,3505,0,2,2 L=1250,1250,0,0,-1 B=1236,1236,0,0,-16
mv U' code=0 aligned=1 homed=- ms=119.0 U=2123,3132,-15,2,0 R=1091,1090,-1,0,-1 F=675,674,-1,3,-7 D=3505,3505,0,2,2 L=1250,1250,0,0,-1 B=1236,1236,0,0,-16
mv U code=0 aligned=1 homed=- ms=119.0 U=3134,2119,9,1,-3 R=1091,1090,-1,0,-1 F=675,674,-1,3,-7 D=3505,3505,0,2,2 L=1249,1250,1,0,-1 B=1236,1236,0,0,-16
mv U' code=0 aligned=1 homed=- ms=119.0 U=2123,3132,-15,2,0 R=1091,1090,-1,0,-1 F=675,674,-1,3,-7 D=3505,3505,0,2,2 L=1250,1250,0,0,-1 B=1236,1236,0,0,-16
mv U code=0 aligned=1 homed=- ms=119.0 U=3134,2119,9,1,-3 R=1091,1090,-1,0,-1 F=675,674,-1,3,-7 D=3505,3506,1,2,3 L=1249,1250,1,0,-1 B=1236,1236,0,0,-16
mv U' code=0 aligned=1 homed=- ms=119.0 U=2123,3132,-15,2,0 R=1091,1090,-1,0,-1 F=675,674,-1,3,-7 D=3505,3505,0,2,2 L=1250,1250,0,0,-1 B=1236,1236,0,0,-16
mv U code=0 aligned=1 homed=- ms=119.0 U=3134,2119,9,1,-3 R=1091,1090,-1,0,-1 F=675,674,-1,3,-7 D=3505,3506,1,2,3 L=1249,1250,1,0,-1 B=1236,1236,0,0,-16
mv U' code=0 aligned=1 homed=- ms=119.0 U=2123,3132,-15,2,0 R=1091,1090,-1,0,-1 F=675,674,-1,3,-7 D=3505,3505,0,2,2 L=1249,1250,1,0,-1 B=1236,1236,0,0,-16
mv U code=0 aligned=1 homed=- ms=119.0 U=3134,2119,9,1,-3 R=1091,1090,-1,0,-1 F=675,674,-1,3,-7 D=3505,3505,0,2,2 L=1249,1250,1,0,-1 B=1236,1236,0,0,-16
mv U' code=0 aligned=1 homed=- ms=119.0 U=2123,3132,-15,2,0 R=1091,1090,-1,0,-1 F=675,674,-1,3,-7 D=3505,3506,1,2,3 L=1249,1250,1,0,-1 B=1236,1236,0,0,-16
mv U code=0 aligned=1 homed=- ms=119.0 U=3134,2119,9,1,-3 R=1091,1090,-1,0,-1 F=675,674,-1,3,-7 D=3505,3505,0,2,2 L=1249,1250,1,0,-1 B=1236,1236,0,0,-16
mv U' code=0 aligned=1 homed=- ms=119.0 U=2123,3132,-15,2,0 R=1091,1090,-1,0,-1 F=675,674,-1,3,-7 D=3505,3505,0,2,2 L=1250,1250,0,0,-1 B=1236,1236,0,0,-16
mv U code=0 aligned=1 homed=- ms=119.0 U=3134,2119,9,1,-3 R=1091,1090,-1,0,-1 F=675,673,-2,3,-8 D=3505,3505,0,2,2 L=1249,1250,1,0,-1 B=1236,1236,0,0,-16
mv U' code=0 aligned=1 homed=- ms=119.0 U=2123,3132,-15,2,0 R=1091,1090,-1,0,-1 F=675,674,-1,3,-7 D=3505,3505,0,2,2 L=1249,1250,1,0,-1 B=1236,1236,0,0,-16
mv U code=0 aligned=1 homed=- ms=119.0 U=3134,2119,9,1,-3 R=1091,1090,-1,0,-1 F=675,674,-1,3,-7 D=3505,3506,1,2,3 L=1249,1250,1,0,-1 B=1236,1236,0,0,-16
mv U' code=0 aligned=1 homed=- ms=119.0 U=2123,3132,-15,2,0 R=1091,1090,-1,0,-1 F=675,674,-1,3,-7 D=3505,3506,1,2,3 L=1249,1250,1,0,-1 B=1236,1236,0,0,-16
mv U code=0 aligned=1 homed=- ms=119.0 U=3134,2119,9,1,-3 R=1091,1090,-1,0,-1 F=675,674,-1,3,-7 D=3505,3506,1,2,3 L=1249,1250,1,0,-1 B=1236,1236,0,0,-16
mv U' code=0 aligned=1 homed=- ms=119.0 U=2123,3132,-15,2,0 R=1091,1090,-1,0,-1 F=675,674,-1,3,-7 D=3505,3505,0,2,2 L=1249,1250,1,0,-1 B=1236,1236,0,0,-16
mv U code=0 aligned=1 homed=- ms=119.0 U=3134,2119,9,1,-3 R=1091,1090,-1,0,-1 F=675,673,-2,3,-8 D=3505,3505,0,2,2 L=1250,1250,0,0,-1 B=1235,1236,1,0,-16
mv U' code=0 aligned=1 homed=- ms=119.0 U=2123,3132,-15,2,0 R=1091,1090,-1,0,-1 F=675,674,-1,3,-7 D=3505,3505,0,2,2 L=1249,1250,1,0,-1 B=1236,1236,0,0,-16
mv U code=0 aligned=1 homed=- ms=119.0 U=3134,2119,9,1,-3 R=1091,1090,-1,0,-1 F=675,674,-1,3,-7 D=3505,3505,0,2,2 L=1249,1250,1,0,-1 B=1236,1236,0,0,-16
mv U' code=0 aligned=1 homed=- ms=119.0 U=2123,3132,-15,2,0 R=1091,1090,-1,0,-1 F=675,674,-1,3,-7 D=3505,3505,0,2,2 L=1249,1250,1,0,-1 B=1236,1236,0,0,-16
mv U code=0 aligned=1 homed=- ms=119.0 U=3134,2119,9,1,-3 R=1091,1090,-1,0,-1 F=675,674,-1,3,-7 D=3505,3505,0,2,2 L=1249,1250,1,0,-1 B=1236,1236,0,0,-16
mv U' code=0 aligned=1 homed=- ms=119.0 U=2123,3133,-14,2,1 R=1091,1090,-1,0,-1 F=675,674,-1,3,-7 D=3505,3505,0,2,2 L=1249,1250,1,0,-1 B=1236,1236,0,0,-16
mv U code=0 aligned=1 homed=- ms=119.0 U=3134,2119,9,1,-3 R=1091,1090,-1,0,-1 F=675,674,-1,3,-7 D=3505,3505,0,2,2 L=1249,1250,1,0,-1 B=1236,1236,0,0,-16
mv U' code=0 aligned=1 homed=- ms=119.0 U=2123,3132,-15,2,0 R=1091,1090,-1,0,-1 F=675,674,-1,3,-7 D=3505,3505,0,2,2 L=1249,1250,1,0,-1 B=1236,1236,0,0,-16
mv U code=0 aligned=1 homed=- ms=119.0 U=3134,2119,9,1,-3 R=1091,1090,-1,0,-1 F=675,674,-1,3,-7 D=3505,3505,0,2,2 L=1249,1250,1,0,-1 B=1236,1236,0,0,-16
mv U' code=0 aligned=1 homed=- ms=119.0 U=2122,3132,-14,2,0 R=1091,1090,-1,0,-1 F=675,674,-1,3,-7 D=3505,3505,0,2,2 L=1250,1250,0,0,-1 B=1236,1236,0,0,-16
mv U code=0 aligned=1 homed=- ms=119.0 U=3134,2119,9,1,-3 R=1091,1090,-1,0,-1 F=675,674,-1,3,-7 D=3505,3505,0,2,2 L=1249,1249,0,0,-2 B=1236,1236,0,0,-16
mv U' code=0 aligned=1 homed=- ms=119.0 U=2123,3132,-15,2,0 R=1091,1090,-1,0,-1 F=675,673,-2,3,-8 D=3505,3505,0,2,2 L=1250,1250,0,0,-1 B=1236,1236,0,0,-16
mv U code=0 aligned=1 homed=- ms=119.0 U=3134,2119,9,1,-3 R=1091,1090,-1,0,-1 F=675,674,-1,3,-7 D=3505,3506,1,2,3 L=1249,1250,1,0,-1 B=1236,1236,0,0,-16
mv U' code=0 aligned=1 homed=- ms=119.0 U=2123,3132,-15,2,0 R=1091,1090,-1,0,-1 F=675,674,-1,3,-7 D=3505,3506,1,2,3 L=1250,1250,0,0,-1 B=1236,1236,0,0,-16
mv U code=0 aligned=1 homed=- ms=119.0 U=3134,2119,9,1,-3 R=1091,1090,-1,0,-1 F=675,674,-1,3,-7 D=3505,3506,1,2,3 L=1249,1250,1,0,-1 B=1236,1236,0,0,-16
mv U' code=0 aligned=1 homed=- ms=119.0 U=2123,3132,-15,2,0 R=1091,1090,-1,0,-1 F=675,674,-1,3,-7 D=3505,3505,0,2,2 L=1249,1250,1,0,-1 B=1236,1236,0,0,-16
mv U code=0 aligned=1 homed=- ms=119.0 U=3134,2119,9,1,-3 R=1091,1090,-1,0,-1 F=675,674,-1,3,-7 D=3505,3505,0,2,2 L=1249,1250,1,0,-1 B=1236,1236,0,0,-16
mv U' code=0 aligned=1 homed=- ms=119.0 U=2123,3133,-14,2,1 R=1091,1090,-1,0,-1 F=675,674,-1,3,-7 D=3505,3505,0,2,2 L=1249,1250,1,0,-1 B=1236,1236,0,0,-16
mv U code=0 aligned=1 homed=- ms=119.0 U=3134,2118,8,1,-4 R=1091,1090,-1,0,-1 F=675,674,-1,3,-7 D=3505,3505,0,2,2 L=1249,1250,1,0,-1 B=1235,1236,1,0,-16
mv U' code=0 aligned=1 homed=- ms=119.0 U=2123,3132,-15,2,0 R=1091,1090,-1,0,-1 F=675,674,-1,3,-7 D=3505,3505,0,2,2 L=1249,1250,1,0,-1 B=1236,1236,0,0,-16
mv U code=0 aligned=1 homed=- ms=119.0 U=3134,2118,8,1,-4 R=1091,1090,-1,0,-1 F=675,674,-1,3,-7 D=3505,3505,0,2,2 L=1249,1250,1,0,-1 B=1236,1236,0,0,-16
mv U' code=0 aligned=1 homed=- ms=119.0 U=2123,3132,-15,2,0 R=1091,1090,-1,0,-1 F=675,674,-1,3,-7 D=3505,3505,0,2,2 L=1249,1250,1,0,-1 B=1236,1236,0,0,-16
mv U code=0 aligned=1 homed=- ms=119.0 U=3134,2119,9,1,-3 R=1091,1090,-1,0,-1 F=675,674,-1,3,-7 D=3505,3505,0,2,2 L=1250,1250,0,0,-1 B=1236,1236,0,0,-16
mv U' code=0 aligned=1 homed=- ms=119.0 U=2122,3132,-14,2,0 R=1091,1090,-1,0,-1 F=675,674,-1,3,-7 D=3505,3506,1,2,3 L=1249,1250,1,0,-1 B=1236,1236,0,0,-16
mv U code=0 aligned=1 homed=- ms=119.0 U=3134,2119,9,1,-3 R=1091,1090,-1,0,-1 F=675,674,-1,3,-7 D=3505,3506,1,2,3 L=1249,1250,1,0,-1 B=1236,1236,0,0,-16
mv U' code=0 aligned=1 homed=- ms=119.0 U=2123,3132,-15,2,0 R=1091,1090,-1,0,-1 F=675,674,-1,3,-7 D=3505,3505,0,2,2 L=1250,1250,0,0,-1 B=1236,1236,0,0,-16
mv U code=0 aligned=1 homed=- ms=119.0 U=3134,2119,9,1,-3 R=1091,1090,-1,0,-1 F=675,674,-1,3,-7 D=3505,3506,1,2,3 L=1249,1250,1,0,-1 B=1236,1236,0,0,-16
mv U' code=0 aligned=1 homed=- ms=119.0 U=2123,3132,-15,2,0 R=1091,1090,-1,0,-1 F=675,674,-1,3,-7 D=3505,3505,0,2,2 L=1250,1250,0,0,-1 B=1236,1236,0,0,-16
mv U code=0 aligned=1 homed=- ms=119.0 U=3134,2119,9,1,-3 R=1091,1090,-1,0,-1 F=675,674,-1,3,-7 D=3505,3505,0,2,2 L=1249,1250,1,0,-1 B=1236,1236,0,0,-16
mv U' code=0 aligned=1 homed=- ms=119.0 U=2123,3132,-15,2,0 R=1091,1090,-1,0,-1 F=675,674,-1,3,-7 D=3505,3506,1,2,3 L=1249,1250,1,0,-1 B=1236,1236,0,0,-16
mv U code=0 aligned=1 homed=- ms=119.0 U=3134,2118,8,1,-4 R=1091,1090,-1,0,-1 F=675,674,-1,3,-7 D=3505,3505,0,2,2 L=1250,1250,0,0,-1 B=1236,1236,0,0,-16
mv U' code=0 aligned=1 homed=- ms=119.0 U=2123,3132,-15,2,0 R=1091,1090,-1,0,-1 F=675,674,-1,3,-7 D=3505,3505,0,2,2 L=1249,1250,1,0,-1 B=1236,1236,0,0,-16
mv U code=0 aligned=1 homed=- ms=119.0 U=3134,2119,9,1,-3 R=1091,1090,-1,0,-1 F=675,674,-1,3,-7 D=3505,3505,0,2,2 L=1249,1250,1,0,-1 B=1235,1236,1,0,-16
mv U' code=0 aligned=1 homed=- ms=119.0 U=2123,3132,-15,2,0 R=1091,1090,-1,0,-1 F=675,674,-1,3,-7 D=3505,3505,0,2,2 L=1249,1250,1,0,-1 B=1236,1236,0,0,-16
mv U code=0 aligned=1 homed=- ms=119.0 U=3134,2119,9,1,-3 R=1091,1090,-1,0,-1 F=675,674,-1,3,-7 D=3505,3505,0,2,2 L=1249,1249,0,0,-2 B=1236,1236,0,0,-16
mv U' code=0 aligned=1 homed=- ms=119.0 U=2122,3133,-13,2,1 R=1091,1090,-1,0,-1 F=675,674,-1,3,-7 D=3505,3505,0,2,2 L=1249,1249,0,0,-2 B=1236,1236,0,0,-16
mv U code=0 aligned=1 homed=- ms=119.0 U=3134,2119,9,1,-3 R=1091,1090,-1,0,-1 F=675,674,-1,3,-7 D=3505,3505,0,2,2 L=1249,1250,1,0,-1 B=1236,1236,0,0,-16
mv U' code=0 aligned=1 homed=- ms=119.0 U=2123,3132,-15,2,0 R=1091,1090,-1,0,-1 F=675,674,-1,3,-7 D=3505,3506,1,2,3 L=1249,1250,1,0,-1 B=1236,1236,0,0,-16
mv U code=0 aligned=1 homed=- ms=119.0 U=3134,2118,8,1,-4 R=1091,1090,-1,0,-1 F=675,674,-1,3,-7 D=3505,3505,0,2,2 L=1249,1249,0,0,-2 B=1236,1235,-1,0,-17
mv U' code=0 aligned=1 homed=- ms=119.0 U=2123,3132,-15,2,0 R=1091,1090,-1,0,-1 F=675,674,-1,3,-7 D=3505,3505,0,2,2 L=1249,1249,0,0,-2 B=1236,1236,0,0,-16
mv U code=0 aligned=1 homed=- ms=119.0 U=3134,2119,9,1,-3 R=1091,1090,-1,0,-1 F=675,674,-1,3,-7 D=3505,3505,0,2,2 L=1249,1250,1,0,-1 B=1236,1236,0,0,-16
mv U' code=0 aligned=1 homed=- ms=119.0 U=2123,3132,-15,2,0 R=1091,1090,-1,0,-1 F=675,674,-1,3,-7 D=3505,3505,0,2,2 L=1249,1250,1,0,-1 B=1236,1236,0,0,-16
mv U code=0 aligned=1 homed=- ms=119.0 U=3134,2119,9,1,-3 R=1091,1090,-1,0,-1 F=675,674,-1,3,-7 D=3505,3505,0,2,2 L=1250,1250,0,0,-1 B=1236,1235,-1,0,-17
mv U' code=0 aligned=1 homed=- ms=119.0 U=2123,3132,-15,2,0 R=1091,1090,-1,0,-1 F=675,674,-1,3,-7 D=3505,3505,0,2,2 L=1249,1250,1,0,-1 B=1236,1236,0,0,-16
mv U code=0 aligned=1 homed=- ms=119.0 U=3134,2119,9,1,-3 R=1091,1090,-1,0,-1 F=675,674,-1,3,-7 D=3505,3506,1,2,3 L=1249,1250,1,0,-1 B=1236,1236,0,0,-16
mv U' code=0 aligned=1 homed=- ms=119.0 U=2123,3132,-15,2,0 R=1091,1090,-1,0,-1 F=675,674,-1,3,-7 D=3505,3505,0,2,2 L=1249,1250,1,0,-1 B=1236,1236,0,0,-16
mv U code=0 aligned=1 homed=- ms=119.0 U=3134,2118,8,1,-4 R=1091,1090,-1,0,-1 F=675,674,-1,3,-7 D=3505,3505,0,2,2 L=1250,1250,0,0,-1 B=1236,1236,0,0,-16
mv U' code=0 aligned=1 homed=- ms=119.0 U=2122,3132,-14,2,0 R=1091,1090,-1,0,-1 F=675,674,-1,3,-7 D=3505,3505,0,2,2 L=1249,1250,1,0,-1 B=1236,1236,0,0,-16
mv U code=0 aligned=1 homed=- ms=119.0 U=3134,2119,9,1,-3 R=1091,1090,-1,0,-1 F=675,674,-1,3,-7 D=3505,3506,1,2,3 L=1249,1250,1,0,-1 B=1236,1236,0,0,-16
mv U' code=0 aligned=1 homed=- ms=119.0 U=2122,3132,-14,2,0 R=1091,1090,-1,0,-1 F=675,674,-1,3,-7 D=3505,3505,0,2,2 L=1249,1250,1,0,-1 B=1236,1236,0,0,-16
rep moves=300 notaligned=0 homings=0 failures=0 avgms=119.0
res U=300,-3.0,12.3,16 R=- F=- D=- L=- B=-
ok
> health
health U=1,1,0/128/674 R=1,1,0/128/1620 F=1,1,0/128/1787 D=1,1,0/128/1578 L=1,1,0/128/677 B=1,1,0/128/1286 RING=1,1,0/128/1597
ok
> home
[align] motor 0 err=2 counts (0.2 steps)
[align] motor 1 err=0 counts (0.0 steps)
[align] motor 2 err=-6 counts (-0.6 steps)
[align] motor 3 err=2 counts (0.2 steps)
[align] motor 4 err=-3 counts (-0.3 steps)
[align] motor 5 err=-18 counts (-1.8 steps)
home code=0 ms=6 en=0
enc U=3133 R=1090 F=674 D=3506 L=1249 B=1236 RING=2768
near U=2:1 R=0:-1 F=3:-7 D=2:3 L=0:-2 B=0:-16
ok
> enc
enc U=3134 R=1091 F=675 D=3505 L=1249 B=1236 RING=2768
near U=2:2 R=0:0 F=3:-6 D=2:2 L=0:-2 B=0:-16
ok
> rep 75 U U U U
mv U code=0 aligned=1 homed=- ms=119.0 U=3135,2118,7,1,-4 R=1091,1090,-1,0,-1 F=675,674,-1,3,-7 D=3505,3505,0,2,2 L=1249,1250,1,0,-1 B=1236,1236,0,0,-16
mv U code=0 aligned=1 homed=- ms=119.0 U=2123,1099,0,0,-3 R=1091,1090,-1,0,-1 F=675,674,-1,3,-7 D=3505,3505,0,2,2 L=1250,1250,0,0,-1 B=1236,1235,-1,0,-17
mv U code=0 aligned=1 homed=- ms=119.0 U=1102,60,-18,3,-4 R=1091,1090,-1,0,-1 F=675,674,-1,3,-7 D=3505,3505,0,2,2 L=1249,1250,1,0,-1 B=1236,1236,0,0,-16
mv U code=0 aligned=1 homed=- ms=119.0 U=64,3131,-5,2,-1 R=1091,1090,-1,0,-1 F=675,674,-1,3,-7 D=3505,3506,1,2,3 L=1249,1250,1,0,-1 B=1236,1236,0,0,-16
mv U code=0 aligned=1 homed=- ms=119.0 U=3135,2119,8,1,-3 R=1091,1090,-1,0,-1 F=675,674,-1,3,-7 D=3505,3505,0,2,2 L=1250,1249,-1,0,-2 B=1236,1236,0,0,-16
mv U code=0 aligned=1 homed=- ms=119.0 U=2123,1099,0,0,-3 R=1091,1090,-1,0,-1 F=675,674,-1,3,-7 D=3505,3505,0,2,2 L=1249,1250,1,0,-1 B=1236,1236,0,0,-16
mv U code=0 aligned=1 homed=- ms=119.0 U=1102,60,-18,3,-4 R=1091,1090,-1,0,-1 F=675,674,-1,3,-7 D=3505,3505,0,2,2 L=1249,1250,1,0,-1 B=1236,1236,0,0,-16
mv U code=0 aligned=1 homed=- ms=119.0 U=64,3131,-5,2,-1 R=1091,1090,-1,0,-1 F=675,674,-1,3,-7 D=3505,3505,0,2,2 L=1249,1250,1,0,-1 B=1236,1236,0,0,-16
mv U code=0 aligned=1 homed=- ms=119.0 U=3135,2118,7,1,-4 R=1091,1090,-1,0,-1 F=675,674,-1,3,-7 D=3505,3505,0,2,2 L=1249,1250,1,0,-1 B=1236,1236,0,0,-16
mv U code=0 aligned=1 homed=- ms=119.0 U=2123,1099,0,0,-3 R=1091,1090,-1,0,-1 F=675,674,-1,3,-7 D=3505,3505,0,2,2 L=1249,1250,1,0,-1 B=1236,1236,0,0,-16
mv U code=0 aligned=1 homed=- ms=119.0 U=1102,60,-18,3,-4 R=1091,1090,-1,0,-1 F=675,674,-1,3,-7 D=3505,3505,0,2,2 L=1249,1250,1,0,-1 B=1236,1236,0,0,-16
mv U code=0 aligned=1 homed=- ms=119.0 U=64,3131,-5,2,-1 R=1091,1090,-1,0,-1 F=675,674,-1,3,-7 D=3505,3506,1,2,3 L=1250,1250,0,0,-1 B=1236,1236,0,0,-16
mv U code=0 aligned=1 homed=- ms=119.0 U=3135,2119,8,1,-3 R=1091,1090,-1,0,-1 F=675,674,-1,3,-7 D=3505,3505,0,2,2 L=1249,1250,1,0,-1 B=1236,1236,0,0,-16
mv U code=0 aligned=1 homed=- ms=119.0 U=2123,1099,0,0,-3 R=1091,1090,-1,0,-1 F=675,674,-1,3,-7 D=3505,3505,0,2,2 L=1249,1250,1,0,-1 B=1235,1236,1,0,-16
mv U code=0 aligned=1 homed=- ms=119.0 U=1102,60,-18,3,-4 R=1091,1090,-1,0,-1 F=675,674,-1,3,-7 D=3505,3506,1,2,3 L=1249,1250,1,0,-1 B=1236,1236,0,0,-16
mv U code=0 aligned=1 homed=- ms=119.0 U=64,3131,-5,2,-1 R=1091,1090,-1,0,-1 F=675,674,-1,3,-7 D=3505,3505,0,2,2 L=1249,1250,1,0,-1 B=1236,1236,0,0,-16
mv U code=0 aligned=1 homed=- ms=119.0 U=3134,2119,9,1,-3 R=1091,1090,-1,0,-1 F=675,674,-1,3,-7 D=3505,3506,1,2,3 L=1249,1250,1,0,-1 B=1236,1236,0,0,-16
mv U code=0 aligned=1 homed=- ms=119.0 U=2123,1099,0,0,-3 R=1091,1090,-1,0,-1 F=675,674,-1,3,-7 D=3505,3505,0,2,2 L=1250,1250,0,0,-1 B=1236,1236,0,0,-16
mv U code=0 aligned=1 homed=- ms=119.0 U=1102,60,-18,3,-4 R=1091,1090,-1,0,-1 F=675,674,-1,3,-7 D=3505,3505,0,2,2 L=1249,1250,1,0,-1 B=1236,1236,0,0,-16
mv U code=0 aligned=1 homed=- ms=119.0 U=64,3131,-5,2,-1 R=1091,1090,-1,0,-1 F=675,674,-1,3,-7 D=3506,3505,-1,2,2 L=1249,1250,1,0,-1 B=1236,1236,0,0,-16
mv U code=0 aligned=1 homed=- ms=119.0 U=3135,2119,8,1,-3 R=1091,1090,-1,0,-1 F=675,674,-1,3,-7 D=3506,3506,0,2,3 L=1249,1250,1,0,-1 B=1236,1236,0,0,-16
mv U code=0 aligned=1 homed=- ms=119.0 U=2123,1099,0,0,-3 R=1091,1090,-1,0,-1 F=675,674,-1,3,-7 D=3505,3505,0,2,2 L=1249,1250,1,0,-1 B=1236,1236,0,0,-16
mv U code=0 aligned=1 homed=- ms=119.0 U=1103,60,-19,3,-4 R=1091,1090,-1,0,-1 F=675,674,-1,3,-7 D=3505,3505,0,2,2 L=1250,1250,0,0,-1 B=1236,1236,0,0,-16
mv U code=0 aligned=1 homed=- ms=119.0 U=65,3131,-6,2,-1 R=1091,1090,-1,0,-1 F=675,674,-1,3,-7 D=3505,3505,0,2,2 L=1250,1250,0,0,-1 B=1236,1236,0,0,-16
mv U code=0 aligned=1 homed=- ms=119.0 U=3135,2119,8,1,-3 R=1091,1090,-1,0,-1 F=675,674,-1,3,-7 D=3506,3505,-1,2,2 L=1249,1250,1,0,-1 B=1236,1236,0,0,-16
mv U code=0 aligned=1 homed=- ms=119.0 U=2123,1099,0,0,-3 R=1091,1090,-1,0,-1 F=675,674,-1,3,-7 D=3505,3505,0,2,2 L=1249,1250,1,0,-1 B=1236,1236,0,0,-16
mv U code=0 aligned=1 homed=- ms=119.0 U=1103,60,-19,3,-4 R=1091,1090,-1,0,-1 F=675,674,-1,3,-7 D=3505,3506,1,2,3 L=1249,1250,1,0,-1 B=1236,1236,0,0,-16
mv U code=0 aligned=1 homed=- ms=119.0 U=64,3131,-5,2,-1 R=1091,1090,-1,0,-1 F=675,674,-1,3,-7 D=3505,3505,0,2,2 L=1250,1250,0,0,-1 B=1236,1235,-1,0,-17
mv U code=0 aligned=1 homed=- ms=119.0 U=3135,2119,8,1,-3 R=1091,1090,-1,0,-1 F=675,674,-1,3,-7 D=3505,3506,1,2,3 L=1249,1250,1,0,-1 B=1236,1236,0,0,-16
mv U code=0 aligned=1 homed=- ms=119.0 U=2123,1099,0,0,-3 R=1090,1090,0,0,-1 F=675,674,-1,3,-7 D=3505,3506,1,2,3 L=1249,1250,1,0,-1 B=1236,1236,0,0,-16
mv U code=0 aligned=1 homed=- ms=119.0 U=1103,60,-19,3,-4 R=1091,1090,-1,0,-1 F=675,674,-1,3,-7 D=3505,3505,0,2,2 L=1249,1250,1,0,-1 B=1236,1236,0,0,-16
mv U code=0 aligned=1 homed=- ms=119.0 U=65,3131,-6,2,-1 R=1091,1090,-1,0,-1 F=675,674,-1,3,-7 D=3505,3505,0,2,2 L=1249,1250,1,0,-1 B=1236,1236,0,0,-16
mv U code=0 aligned=1 homed=- ms=119.0 U=3135,2119,8,1,-3 R=1091,1090,-1,0,-1 F=675,674,-1,3,-7 D=3505,3506,1,2,3 L=1249,1250,1,0,-1 B=1236,1236,0,0,-16
mv U code=0 aligned=1 homed=- ms=119.0 U=2123,1099,0,0,-3 R=1091,1090,-1,0,-1 F=675,674,-1,3,-7 D=3505,3505,0,2,2 L=1249,1250,1,0,-1 B=1236,1236,0,0,-16
mv U code=0 aligned=1 homed=- ms=119.0 U=1102,60,-18,3,-4 R=1091,1090,-1,0,-1 F=675,673,-2,3,-8 D=3505,3505,0,2,2 L=1249,1250,1,0,-1 B=1236,1236,0,0,-16
mv U code=0 aligned=1 homed=- ms=119.0 U=65,3131,-6,2,-1 R=1091,1090,-1,0,-1 F=675,674,-1,3,-7 D=3505,3505,0,2,2 L=1249,1250,1,0,-1 B=1236,1236,0,0,-16
mv U code=0 aligned=1 homed=- ms=119.0 U=3135,2119,8,1,-3 R=1091,1090,-1,0,-1 F=675,674,-1,3,-7 D=3505,3505,0,2,2 L=1249,1250,1,0,-1 B=1236,1236,0,0,-16
mv U code=0 aligned=1 homed=- ms=119.0 U=2123,1099,0,0,-3 R=1091,1090,-1,0,-1 F=675,674,-1,3,-7 D=3505,3505,0,2,2 L=1249,1250,1,0,-1 B=1236,1236,0,0,-16
mv U code=0 aligned=1 homed=- ms=119.0 U=1103,60,-19,3,-4 R=1091,1090,-1,0,-1 F=675,674,-1,3,-7 D=3505,3505,0,2,2 L=1249,1250,1,0,-1 B=1236,1236,0,0,-16
mv U code=0 aligned=1 homed=- ms=119.0 U=65,3131,-6,2,-1 R=1091,1090,-1,0,-1 F=675,674,-1,3,-7 D=3505,3505,0,2,2 L=1249,1250,1,0,-1 B=1236,1236,0,0,-16
mv U code=0 aligned=1 homed=- ms=119.0 U=3135,2118,7,1,-4 R=1091,1090,-1,0,-1 F=675,674,-1,3,-7 D=3505,3505,0,2,2 L=1249,1250,1,0,-1 B=1236,1236,0,0,-16
mv U code=0 aligned=1 homed=- ms=119.0 U=2123,1099,0,0,-3 R=1091,1090,-1,0,-1 F=675,674,-1,3,-7 D=3505,3505,0,2,2 L=1249,1250,1,0,-1 B=1236,1236,0,0,-16
mv U code=0 aligned=1 homed=- ms=119.0 U=1102,60,-18,3,-4 R=1091,1090,-1,0,-1 F=675,674,-1,3,-7 D=3505,3505,0,2,2 L=1250,1250,0,0,-1 B=1236,1236,0,0,-16
mv U code=0 aligned=1 homed=- ms=119.0 U=65,3131,-6,2,-1 R=1091,1090,-1,0,-1 F=675,674,-1,3,-7 D=3505,3505,0,2,2 L=1249,1250,1,0,-1 B=1236,1236,0,0,-16
mv U code=0 aligned=1 homed=- ms=119.0 U=3135,2119,8,1,-3 R=1091,1090,-1,0,-1 F=675,674,-1,3,-7 D=3505,3505,0,2,2 L=1249,1250,1,0,-1 B=1236,1236,0,0,-16
mv U code=0 aligned=1 homed=- ms=119.0 U=2123,1099,0,0,-3 R=1091,1090,-1,0,-1 F=675,674,-1,3,-7 D=3505,3505,0,2,2 L=1250,1250,0,0,-1 B=1236,1236,0,0,-16
mv U code=0 aligned=1 homed=- ms=119.0 U=1103,60,-19,3,-4 R=1091,1090,-1,0,-1 F=675,674,-1,3,-7 D=3505,3505,0,2,2 L=1249,1250,1,0,-1 B=1236,1236,0,0,-16
mv U code=0 aligned=1 homed=- ms=119.0 U=65,3131,-6,2,-1 R=1091,1090,-1,0,-1 F=675,674,-1,3,-7 D=3505,3505,0,2,2 L=1249,1250,1,0,-1 B=1236,1235,-1,0,-17
mv U code=0 aligned=1 homed=- ms=119.0 U=3135,2119,8,1,-3 R=1091,1090,-1,0,-1 F=675,674,-1,3,-7 D=3505,3505,0,2,2 L=1249,1250,1,0,-1 B=1236,1236,0,0,-16
mv U code=0 aligned=1 homed=- ms=119.0 U=2123,1099,0,0,-3 R=1091,1090,-1,0,-1 F=675,674,-1,3,-7 D=3505,3505,0,2,2 L=1249,1250,1,0,-1 B=1236,1236,0,0,-16
mv U code=0 aligned=1 homed=- ms=119.0 U=1102,60,-18,3,-4 R=1091,1090,-1,0,-1 F=675,674,-1,3,-7 D=3505,3505,0,2,2 L=1249,1250,1,0,-1 B=1236,1236,0,0,-16
mv U code=0 aligned=1 homed=- ms=119.0 U=64,3131,-5,2,-1 R=1091,1090,-1,0,-1 F=675,674,-1,3,-7 D=3505,3505,0,2,2 L=1249,1250,1,0,-1 B=1236,1236,0,0,-16
mv U code=0 aligned=1 homed=- ms=119.0 U=3135,2118,7,1,-4 R=1090,1090,0,0,-1 F=675,674,-1,3,-7 D=3505,3505,0,2,2 L=1249,1250,1,0,-1 B=1236,1236,0,0,-16
mv U code=0 aligned=1 homed=- ms=119.0 U=2123,1099,0,0,-3 R=1091,1090,-1,0,-1 F=675,674,-1,3,-7 D=3506,3505,-1,2,2 L=1250,1250,0,0,-1 B=1236,1236,0,0,-16
mv U code=0 aligned=1 homed=- ms=119.0 U=1103,60,-19,3,-4 R=1091,1090,-1,0,-1 F=675,674,-1,3,-7 D=3505,3506,1,2,3 L=1249,1250,1,0,-1 B=1236,1236,0,0,-16
mv U code=0 aligned=1 homed=- ms=119.0 U=64,3131,-5,2,-1 R=1091,1091,0,0,0 F=675,674,-1,3,-7 D=3505,3505,0,2,2 L=1250,1250,0,0,-1 B=1236,1236,0,0,-16
mv U code=0 aligned=1 homed=- ms=119.0 U=3135,2119,8,1,-3 R=1091,1090,-1,0,-1 F=675,674,-1,3,-7 D=3505,3505,0,2,2 L=1249,1250,1,0,-1 B=1236,1236,0,0,-16
mv U code=0 aligned=1 homed=- ms=119.0 U=2123,1099,0,0,-3 R=1091,1090,-1,0,-1 F=675,674,-1,3,-7 D=3505,3506,1,2,3 L=1250,1250,0,0,-1 B=1236,1236,0,0,-16
mv U code=0 aligned=1 homed=- ms=119.0 U=1103,60,-19,3,-4 R=1091,1090,-1,0,-1 F=675,674,-1,3,-7 D=3505,3505,0,2,2 L=1249,1250,1,0,-1 B=1236,1236,0,0,-16
mv U code=0 aligned=1 homed=- ms=119.0 U=64,3131,-5,2,-1 R=1091,1090,-1,0,-1 F=675,674,-1,3,-7 D=3505,3505,0,2,2 L=1249,1250,1,0,-1 B=1236,1236,0,0,-16
mv U code=0 aligned=1 homed=- ms=119.0 U=3135,2119,8,1,-3 R=1091,1090,-1,0,-1 F=675,674,-1,3,-7 D=3505,3505,0,2,2 L=1249,1250,1,0,-1 B=1236,1236,0,0,-16
mv U code=0 aligned=1 homed=- ms=119.0 U=2123,1099,0,0,-3 R=1091,1090,-1,0,-1 F=675,674,-1,3,-7 D=3505,3505,0,2,2 L=1249,1250,1,0,-1 B=1236,1236,0,0,-16
mv U code=0 aligned=1 homed=- ms=119.0 U=1103,60,-19,3,-4 R=1091,1090,-1,0,-1 F=675,674,-1,3,-7 D=3505,3506,1,2,3 L=1249,1250,1,0,-1 B=1236,1236,0,0,-16
mv U code=0 aligned=1 homed=- ms=119.0 U=64,3131,-5,2,-1 R=1091,1090,-1,0,-1 F=675,674,-1,3,-7 D=3505,3505,0,2,2 L=1250,1250,0,0,-1 B=1236,1236,0,0,-16
mv U code=0 aligned=1 homed=- ms=119.0 U=3135,2119,8,1,-3 R=1091,1090,-1,0,-1 F=675,674,-1,3,-7 D=3505,3505,0,2,2 L=1249,1250,1,0,-1 B=1236,1236,0,0,-16
mv U code=0 aligned=1 homed=- ms=119.0 U=2123,1099,0,0,-3 R=1091,1090,-1,0,-1 F=675,674,-1,3,-7 D=3505,3505,0,2,2 L=1249,1250,1,0,-1 B=1236,1235,-1,0,-17
mv U code=0 aligned=1 homed=- ms=119.0 U=1102,60,-18,3,-4 R=1091,1090,-1,0,-1 F=675,674,-1,3,-7 D=3505,3505,0,2,2 L=1249,1250,1,0,-1 B=1236,1236,0,0,-16
mv U code=0 aligned=1 homed=- ms=119.0 U=64,3131,-5,2,-1 R=1091,1090,-1,0,-1 F=675,674,-1,3,-7 D=3505,3506,1,2,3 L=1249,1250,1,0,-1 B=1236,1235,-1,0,-17
mv U code=0 aligned=1 homed=- ms=119.0 U=3135,2119,8,1,-3 R=1091,1090,-1,0,-1 F=675,674,-1,3,-7 D=3505,3506,1,2,3 L=1249,1250,1,0,-1 B=1236,1236,0,0,-16
mv U code=0 aligned=1 homed=- ms=119.0 U=2123,1099,0,0,-3 R=1091,1090,-1,0,-1 F=675,674,-1,3,-7 D=3505,3506,1,2,3 L=1250,1250,0,0,-1 B=1236,1236,0,0,-16
mv U code=0 aligned=1 homed=- ms=119.0 U=1103,60,-19,3,-4 R=1091,1090,-1,0,-1 F=675,674,-1,3,-7 D=3505,3506,1,2,3 L=1249,1250,1,0,-1 B=1236,1236,0,0,-16
mv U code=0 aligned=1 homed=- ms=119.0 U=65,3131,-6,2,-1 R=1091,1090,-1,0,-1 F=675,674,-1,3,-7 D=3505,3505,0,2,2 L=1249,1250,1,0,-1 B=1235,1236,1,0,-16
mv U code=0 aligned=1 homed=- ms=119.0 U=3135,2119,8,1,-3 R=1091,1090,-1,0,-1 F=675,674,-1,3,-7 D=3505,3505,0,2,2 L=1249,1250,1,0,-1 B=1236,1236,0,0,-16
mv U code=0 aligned=1 homed=- ms=119.0 U=2123,1099,0,0,-3 R=1091,1090,-1,0,-1 F=675,674,-1,3,-7 D=3505,3505,0,2,2 L=1250,1250,0,0,-1 B=1236,1236,0,0,-16
mv U code=0 aligned=1 homed=- ms=119.0 U=1103,60,-19,3,-4 R=1091,1090,-1,0,-1 F=675,674,-1,3,-7 D=3505,3505,0,2,2 L=1249,1250,1,0,-1 B=1236,1236,0,0,-16
mv U code=0 aligned=1 homed=- ms=119.0 U=65,3131,-6,2,-1 R=1091,1090,-1,0,-1 F=675,674,-1,3,-7 D=3505,3505,0,2,2 L=1249,1250,1,0,-1 B=1236,1236,0,0,-16
mv U code=0 aligned=1 homed=- ms=119.0 U=3135,2119,8,1,-3 R=1091,1090,-1,0,-1 F=675,674,-1,3,-7 D=3505,3505,0,2,2 L=1249,1250,1,0,-1 B=1236,1236,0,0,-16
mv U code=0 aligned=1 homed=- ms=119.0 U=2123,1099,0,0,-3 R=1091,1090,-1,0,-1 F=675,674,-1,3,-7 D=3505,3505,0,2,2 L=1249,1250,1,0,-1 B=1236,1236,0,0,-16
mv U code=0 aligned=1 homed=- ms=119.0 U=1102,60,-18,3,-4 R=1091,1090,-1,0,-1 F=675,674,-1,3,-7 D=3505,3505,0,2,2 L=1249,1250,1,0,-1 B=1236,1236,0,0,-16
mv U code=0 aligned=1 homed=- ms=119.0 U=64,3131,-5,2,-1 R=1091,1090,-1,0,-1 F=675,674,-1,3,-7 D=3505,3505,0,2,2 L=1249,1250,1,0,-1 B=1236,1236,0,0,-16
mv U code=0 aligned=1 homed=- ms=119.0 U=3135,2119,8,1,-3 R=1091,1090,-1,0,-1 F=675,674,-1,3,-7 D=3505,3505,0,2,2 L=1249,1250,1,0,-1 B=1236,1236,0,0,-16
mv U code=0 aligned=1 homed=- ms=119.0 U=2123,1099,0,0,-3 R=1091,1090,-1,0,-1 F=675,674,-1,3,-7 D=3505,3505,0,2,2 L=1249,1250,1,0,-1 B=1236,1236,0,0,-16
mv U code=0 aligned=1 homed=- ms=119.0 U=1102,60,-18,3,-4 R=1091,1090,-1,0,-1 F=675,674,-1,3,-7 D=3505,3505,0,2,2 L=1250,1250,0,0,-1 B=1236,1235,-1,0,-17
mv U code=0 aligned=1 homed=- ms=119.0 U=64,3131,-5,2,-1 R=1091,1090,-1,0,-1 F=675,674,-1,3,-7 D=3505,3506,1,2,3 L=1249,1250,1,0,-1 B=1236,1236,0,0,-16
mv U code=0 aligned=1 homed=- ms=119.0 U=3135,2119,8,1,-3 R=1091,1090,-1,0,-1 F=675,674,-1,3,-7 D=3505,3505,0,2,2 L=1249,1250,1,0,-1 B=1236,1236,0,0,-16
mv U code=0 aligned=1 homed=- ms=119.0 U=2123,1099,0,0,-3 R=1091,1090,-1,0,-1 F=675,674,-1,3,-7 D=3505,3505,0,2,2 L=1249,1250,1,0,-1 B=1236,1236,0,0,-16
mv U code=0 aligned=1 homed=- ms=119.0 U=1102,60,-18,3,-4 R=1091,1090,-1,0,-1 F=675,674,-1,3,-7 D=3505,3505,0,2,2 L=1250,1250,0,0,-1 B=1236,1236,0,0,-16
mv U code=0 aligned=1 homed=- ms=119.0 U=65,3131,-6,2,-1 R=1091,1090,-1,0,-1 F=675,674,-1,3,-7 D=3505,3505,0,2,2 L=1249,1250,1,0,-1 B=1236,1236,0,0,-16
mv U code=0 aligned=1 homed=- ms=119.0 U=3135,2118,7,1,-4 R=1091,1091,0,0,0 F=675,674,-1,3,-7 D=3505,3505,0,2,2 L=1250,1250,0,0,-1 B=1236,1236,0,0,-16
mv U code=0 aligned=1 homed=- ms=119.0 U=2123,1099,0,0,-3 R=1091,1090,-1,0,-1 F=675,674,-1,3,-7 D=3505,3505,0,2,2 L=1249,1250,1,0,-1 B=1236,1236,0,0,-16
mv U code=0 aligned=1 homed=- ms=119.0 U=1102,60,-18,3,-4 R=1091,1090,-1,0,-1 F=675,674,-1,3,-7 D=3505,3505,0,2,2 L=1249,1250,1,0,-1 B=1236,1236,0,0,-16
mv U code=0 aligned=1 homed=- ms=119.0 U=64,3131,-5,2,-1 R=1091,1090,-1,0,-1 F=675,674,-1,3,-7 D=3505,3505,0,2,2 L=1249,1250,1,0,-1 B=1236,1236,0,0,-16
mv U code=0 aligned=1 homed=- ms=119.0 U=3135,2119,8,1,-3 R=1091,1090,-1,0,-1 F=675,674,-1,3,-7 D=3505,3506,1,2,3 L=1249,1250,1,0,-1 B=1236,1236,0,0,-16
mv U code=0 aligned=1 homed=- ms=119.0 U=2123,1099,0,0,-3 R=1091,1090,-1,0,-1 F=675,674,-1,3,-7 D=3505,3505,0,2,2 L=1250,1250,0,0,-1 B=1236,1236,0,0,-16
mv U code=0 aligned=1 homed=- ms=119.0 U=1103,60,-19,3,-4 R=1091,1090,-1,0,-1 F=675,674,-1,3,-7 D=3505,3506,1,2,3 L=1250,1250,0,0,-1 B=1236,1236,0,0,-16
mv U code=0 aligned=1 homed=- ms=119.0 U=65,3131,-6,2,-1 R=1091,1090,-1,0,-1 F=675,674,-1,3,-7 D=3505,3505,0,2,2 L=1250,1250,0,0,-1 B=1236,1236,0,0,-16
mv U code=0 aligned=1 homed=- ms=119.0 U=3135,2119,8,1,-3 R=1091,1090,-1,0,-1 F=675,674,-1,3,-7 D=3505,3505,0,2,2 L=1250,1250,0,0,-1 B=1236,1236,0,0,-16
mv U code=0 aligned=1 homed=- ms=119.0 U=2123,1099,0,0,-3 R=1091,1090,-1,0,-1 F=675,674,-1,3,-7 D=3505,3506,1,2,3 L=1249,1250,1,0,-1 B=1236,1236,0,0,-16
mv U code=0 aligned=1 homed=- ms=119.0 U=1103,60,-19,3,-4 R=1091,1090,-1,0,-1 F=675,674,-1,3,-7 D=3505,3506,1,2,3 L=1249,1250,1,0,-1 B=1236,1236,0,0,-16
mv U code=0 aligned=1 homed=- ms=119.0 U=64,3131,-5,2,-1 R=1091,1090,-1,0,-1 F=675,674,-1,3,-7 D=3505,3506,1,2,3 L=1249,1250,1,0,-1 B=1236,1236,0,0,-16
mv U code=0 aligned=1 homed=- ms=119.0 U=3135,2119,8,1,-3 R=1091,1090,-1,0,-1 F=675,674,-1,3,-7 D=3505,3505,0,2,2 L=1249,1250,1,0,-1 B=1235,1236,1,0,-16
mv U code=0 aligned=1 homed=- ms=119.0 U=2123,1099,0,0,-3 R=1091,1090,-1,0,-1 F=675,674,-1,3,-7 D=3505,3505,0,2,2 L=1250,1249,-1,0,-2 B=1236,1236,0,0,-16
mv U code=0 aligned=1 homed=- ms=119.0 U=1103,60,-19,3,-4 R=1091,1090,-1,0,-1 F=675,674,-1,3,-7 D=3505,3505,0,2,2 L=1249,1250,1,0,-1 B=1236,1236,0,0,-16
mv U code=0 aligned=1 homed=- ms=119.0 U=64,3131,-5,2,-1 R=1091,1090,-1,0,-1 F=675,674,-1,3,-7 D=3505,3505,0,2,2 L=1249,1250,1,0,-1 B=1236,1236,0,0,-16
mv U code=0 aligned=1 homed=- ms=119.0 U=3135,2119,8,1,-3 R=1091,1090,-1,0,-1 F=675,674,-1,3,-7 D=3505,3505,0,2,2 L=1249,1250,1,0,-1 B=1236,1235,-1,0,-17
mv U code=0 aligned=1 homed=- ms=119.0 U=2123,1099,0,0,-3 R=1091,1090,-1,0,-1 F=675,674,-1,3,-7 D=3505,3505,0,2,2 L=1249,1250,1,0,-1 B=1236,1236,0,0,-16
mv U code=0 aligned=1 homed=- ms=119.0 U=1103,60,-19,3,-4 R=1091,1090,-1,0,-1 F=675,674,-1,3,-7 D=3505,3505,0,2,2 L=1250,1250,0,0,-1 B=1236,1236,0,0,-16
mv U code=0 aligned=1 homed=- ms=119.0 U=64,3131,-5,2,-1 R=1091,1090,-1,0,-1 F=675,674,-1,3,-7 D=3505,3506,1,2,3 L=1249,1250,1,0,-1 B=1236,1236,0,0,-16
mv U code=0 aligned=1 homed=- ms=119.0 U=3135,2119,8,1,-3 R=1091,1090,-1,0,-1 F=675,674,-1,3,-7 D=3505,3505,0,2,2 L=1249,1250,1,0,-1 B=1236,1236,0,0,-16
mv U code=0 aligned=1 homed=- ms=119.0 U=2123,1099,0,0,-3 R=1091,1090,-1,0,-1 F=675,674,-1,3,-7 D=3505,3505,0,2,2 L=1249,1249,0,0,-2 B=1236,1236,0,0,-16
mv U code=0 aligned=1 homed=- ms=119.0 U=1103,60,-19,3,-4 R=1091,1090,-1,0,-1 F=675,674,-1,3,-7 D=3505,3505,0,2,2 L=1249,1250,1,0,-1 B=1236,1236,0,0,-16
mv U code=0 aligned=1 homed=- ms=119.0 U=64,3131,-5,2,-1 R=1091,1091,0,0,0 F=675,674,-1,3,-7 D=3505,3505,0,2,2 L=1250,1250,0,0,-1 B=1236,1236,0,0,-16
mv U code=0 aligned=1 homed=- ms=119.0 U=3135,2119,8,1,-3 R=1091,1090,-1,0,-1 F=675,674,-1,3,-7 D=3505,3505,0,2,2 L=1249,1250,1,0,-1 B=1236,1236,0,0,-16
mv U code=0 aligned=1 homed=- ms=119.0 U=2123,1099,0,0,-3 R=1091,1090,-1,0,-1 F=675,674,-1,3,-7 D=3505,3505,0,2,2 L=1249,1250,1,0,-1 B=1236,1235,-1,0,-17
mv U code=0 aligned=1 homed=- ms=119.0 U=1103,60,-19,3,-4 R=1091,1090,-1,0,-1 F=675,674,-1,3,-7 D=3505,3505,0,2,2 L=1249,1250,1,0,-1 B=1236,1235,-1,0,-17
mv U code=0 aligned=1 homed=- ms=119.0 U=64,3131,-5,2,-1 R=1091,1090,-1,0,-1 F=675,674,-1,3,-7 D=3505,3505,0,2,2 L=1249,1250,1,0,-1 B=1236,1236,0,0,-16
mv U code=0 aligned=1 homed=- ms=119.0 U=3135,2119,8,1,-3 R=1091,1090,-1,0,-1 F=675,674,-1,3,-7 D=3505,3505,0,2,2 L=1249,1250,1,0,-1 B=1236,1236,0,0,-16
mv U code=0 aligned=1 homed=- ms=119.0 U=2123,1099,0,0,-3 R=1091,1090,-1,0,-1 F=675,674,-1,3,-7 D=3505,3505,0,2,2 L=1249,1250,1,0,-1 B=1236,1236,0,0,-16
mv U code=0 aligned=1 homed=- ms=119.0 U=1103,60,-19,3,-4 R=1091,1090,-1,0,-1 F=675,674,-1,3,-7 D=3505,3505,0,2,2 L=1249,1250,1,0,-1 B=1236,1236,0,0,-16
mv U code=0 aligned=1 homed=- ms=119.0 U=64,3131,-5,2,-1 R=1091,1090,-1,0,-1 F=675,674,-1,3,-7 D=3505,3505,0,2,2 L=1250,1250,0,0,-1 B=1236,1236,0,0,-16
mv U code=0 aligned=1 homed=- ms=119.0 U=3135,2119,8,1,-3 R=1091,1090,-1,0,-1 F=675,674,-1,3,-7 D=3505,3506,1,2,3 L=1250,1250,0,0,-1 B=1236,1236,0,0,-16
mv U code=0 aligned=1 homed=- ms=119.0 U=2123,1099,0,0,-3 R=1091,1090,-1,0,-1 F=675,674,-1,3,-7 D=3505,3505,0,2,2 L=1250,1250,0,0,-1 B=1236,1236,0,0,-16
mv U code=0 aligned=1 homed=- ms=119.0 U=1103,60,-19,3,-4 R=1091,1090,-1,0,-1 F=675,674,-1,3,-7 D=3505,3505,0,2,2 L=1250,1250,0,0,-1 B=1236,1235,-1,0,-17
mv U code=0 aligned=1 homed=- ms=119.0 U=64,3131,-5,2,-1 R=1091,1090,-1,0,-1 F=675,674,-1,3,-7 D=3505,3505,0,2,2 L=1249,1250,1,0,-1 B=1236,1235,-1,0,-17
mv U code=0 aligned=1 homed=- ms=119.0 U=3135,2119,8,1,-3 R=1091,1090,-1,0,-1 F=675,674,-1,3,-7 D=3505,3506,1,2,3 L=1249,1250,1,0,-1 B=1236,1236,0,0,-16
mv U code=0 aligned=1 homed=- ms=119.0 U=2123,1099,0,0,-3 R=1091,1090,-1,0,-1 F=675,674,-1,3,-7 D=3505,3505,0,2,2 L=1249,1250,1,0,-1 B=1236,1236,0,0,-16
mv U code=0 aligned=1 homed=- ms=119.0 U=1103,60,-19,3,-4 R=1091,1090,-1,0,-1 F=675,674,-1,3,-7 D=3505,3505,0,2,2 L=1249,1250,1,0,-1 B=1235,1236,1,0,-16
mv U code=0 aligned=1 homed=- ms=119.0 U=64,3131,-5,2,-1 R=1091,1090,-1,0,-1 F=675,674,-1,3,-7 D=3505,3505,0,2,2 L=1249,1250,1,0,-1 B=1236,1236,0,0,-16
mv U code=0 aligned=1 homed=- ms=119.0 U=3135,2119,8,1,-3 R=1091,1090,-1,0,-1 F=675,674,-1,3,-7 D=3505,3505,0,2,2 L=1249,1250,1,0,-1 B=1236,1236,0,0,-16
mv U code=0 aligned=1 homed=- ms=119.0 U=2123,1099,0,0,-3 R=1091,1090,-1,0,-1 F=675,674,-1,3,-7 D=3505,3505,0,2,2 L=1250,1250,0,0,-1 B=1236,1236,0,0,-16
mv U code=0 aligned=1 homed=- ms=119.0 U=1103,60,-19,3,-4 R=1091,1090,-1,0,-1 F=675,674,-1,3,-7 D=3505,3505,0,2,2 L=1249,1250,1,0,-1 B=1236,1235,-1,0,-17
mv U code=0 aligned=1 homed=- ms=119.0 U=64,3131,-5,2,-1 R=1091,1090,-1,0,-1 F=675,674,-1,3,-7 D=3505,3505,0,2,2 L=1249,1250,1,0,-1 B=1236,1236,0,0,-16
mv U code=0 aligned=1 homed=- ms=119.0 U=3135,2119,8,1,-3 R=1091,1090,-1,0,-1 F=675,674,-1,3,-7 D=3505,3505,0,2,2 L=1249,1250,1,0,-1 B=1236,1236,0,0,-16
mv U code=0 aligned=1 homed=- ms=119.0 U=2123,1099,0,0,-3 R=1091,1090,-1,0,-1 F=675,674,-1,3,-7 D=3505,3505,0,2,2 L=1250,1250,0,0,-1 B=1236,1236,0,0,-16
mv U code=0 aligned=1 homed=- ms=119.0 U=1102,60,-18,3,-4 R=1091,1090,-1,0,-1 F=675,674,-1,3,-7 D=3505,3505,0,2,2 L=1249,1250,1,0,-1 B=1236,1236,0,0,-16
mv U code=0 aligned=1 homed=- ms=119.0 U=64,3131,-5,2,-1 R=1091,1090,-1,0,-1 F=675,674,-1,3,-7 D=3505,3505,0,2,2 L=1249,1250,1,0,-1 B=1236,1236,0,0,-16
mv U code=0 aligned=1 homed=- ms=119.0 U=3135,2119,8,1,-3 R=1091,1090,-1,0,-1 F=675,674,-1,3,-7 D=3505,3505,0,2,2 L=1249,1250,1,0,-1 B=1236,1236,0,0,-16
mv U code=0 aligned=1 homed=- ms=119.0 U=2123,1099,0,0,-3 R=1091,1090,-1,0,-1 F=675,674,-1,3,-7 D=3505,3505,0,2,2 L=1249,1250,1,0,-1 B=1236,1236,0,0,-16
mv U code=0 aligned=1 homed=- ms=119.0 U=1103,61,-18,3,-3 R=1091,1090,-1,0,-1 F=675,674,-1,3,-7 D=3505,3505,0,2,2 L=1249,1250,1,0,-1 B=1236,1236,0,0,-16
mv U code=0 aligned=1 homed=- ms=119.0 U=64,3131,-5,2,-1 R=1091,1090,-1,0,-1 F=675,674,-1,3,-7 D=3505,3506,1,2,3 L=1249,1250,1,0,-1 B=1236,1236,0,0,-16
mv U code=0 aligned=1 homed=- ms=119.0 U=3135,2119,8,1,-3 R=1091,1090,-1,0,-1 F=675,674,-1,3,-7 D=3505,3505,0,2,2 L=1249,1250,1,0,-1 B=1235,1236,1,0,-16
mv U code=0 aligned=1 homed=- ms=119.0 U=2123,1099,0,0,-3 R=1091,1090,-1,0,-1 F=675,674,-1,3,-7 D=3505,3505,0,2,2 L=1249,1250,1,0,-1 B=1236,1236,0,0,-16
mv U code=0 aligned=1 homed=- ms=119.0 U=1103,60,-19,3,-4 R=1091,1090,-1,0,-1 F=675,674,-1,3,-7 D=3505,3506,1,2,3 L=1249,1250,1,0,-1 B=1236,1236,0,0,-16
mv U code=0 aligned=1 homed=- ms=119.0 U=64,3131,-5,2,-1 R=1091,1090,-1,0,-1 F=675,674,-1,3,-7 D=3505,3506,1,2,3 L=1249,1250,1,0,-1 B=1236,1236,0,0,-16
mv U code=0 aligned=1 homed=- ms=119.0 U=3135,2119,8,1,-3 R=1091,1090,-1,0,-1 F=675,674,-1,3,-7 D=3505,3505,0,2,2 L=1249,1250,1,0,-1 B=1236,1236,0,0,-16
mv U code=0 aligned=1 homed=- ms=119.0 U=2123,1099,0,0,-3 R=1091,1090,-1,0,-1 F=675,674,-1,3,-7 D=3505,3505,0,2,2 L=1249,1250,1,0,-1 B=1236,1236,0,0,-16
mv U code=0 aligned=1 homed=- ms=119.0 U=1103,60,-19,3,-4 R=1091,1090,-1,0,-1 F=675,674,-1,3,-7 D=3505,3505,0,2,2 L=1249,1250,1,0,-1 B=1236,1236,0,0,-16
mv U code=0 aligned=1 homed=- ms=119.0 U=64,3131,-5,2,-1 R=1091,1090,-1,0,-1 F=675,674,-1,3,-7 D=3505,3506,1,2,3 L=1249,1250,1,0,-1 B=1236,1236,0,0,-16
mv U code=0 aligned=1 homed=- ms=119.0 U=3135,2119,8,1,-3 R=1091,1090,-1,0,-1 F=675,674,-1,3,-7 D=3505,3505,0,2,2 L=1249,1250,1,0,-1 B=1236,1236,0,0,-16
mv U code=0 aligned=1 homed=- ms=119.0 U=2123,1099,0,0,-3 R=1091,1090,-1,0,-1 F=675,674,-1,3,-7 D=3505,3505,0,2,2 L=1249,1250,1,0,-1 B=1236,1236,0,0,-16
mv U code=0 aligned=1 homed=- ms=119.0 U=1102,61,-17,3,-3 R=1091,1090,-1,0,-1 F=675,674,-1,3,-7 D=3505,3505,0,2,2 L=1250,1250,0,0,-1 B=1236,1236,0,0,-16
mv U code=0 aligned=1 homed=- ms=119.0 U=64,3131,-5,2,-1 R=1091,1090,-1,0,-1 F=675,674,-1,3,-7 D=3505,3505,0,2,2 L=1250,1250,0,0,-1 B=1236,1236,0,0,-16
mv U code=0 aligned=1 homed=- ms=119.0 U=3135,2119,8,1,-3 R=1091,1090,-1,0,-1 F=675,674,-1,3,-7 D=3505,3506,1,2,3 L=1250,1250,0,0,-1 B=1236,1236,0,0,-16
mv U code=0 aligned=1 homed=- ms=119.0 U=2123,1099,0,0,-3 R=1091,1090,-1,0,-1 F=675,674,-1,3,-7 D=3505,3505,0,2,2 L=1249,1250,1,0,-1 B=1235,1236,1,0,-16
mv U code=0 aligned=1 homed=- ms=119.0 U=1103,60,-19,3,-4 R=1091,1090,-1,0,-1 F=675,674,-1,3,-7 D=3505,3505,0,2,2 L=1249,1250,1,0,-1 B=1236,1236,0,0,-16
mv U code=0 aligned=1 homed=- ms=119.0 U=64,3131,-5,2,-1 R=1091,1090,-1,0,-1 F=675,674,-1,3,-7 D=3505,3505,0,2,2 L=1249,1250,1,0,-1 B=1236,1236,0,0,-16
mv U code=0 aligned=1 homed=- ms=119.0 U=3135,2119,8,1,-3 R=1091,1090,-1,0,-1 F=675,674,-1,3,-7 D=3506,3505,-1,2,2 L=1249,1250,1,0,-1 B=1236,1236,0,0,-16
mv U code=0 aligned=1 homed=- ms=119.0 U=2124,1099,-1,0,-3 R=1091,1090,-1,0,-1 F=675,674,-1,3,-7 D=3505,3505,0,2,2 L=1249,1250,1,0,-1 B=1236,1236,0,0,-16
mv U code=0 aligned=1 homed=- ms=119.0 U=1103,60,-19,3,-4 R=1091,1090,-1,0,-1 F=675,674,-1,3,-7 D=3505,3505,0,2,2 L=1249,1250,1,0,-1 B=1236,1236,0,0,-16
mv U code=0 aligned=1 homed=- ms=119.0 U=65,3131,-6,2,-1 R=1091,1090,-1,0,-1 F=675,674,-1,3,-7 D=3505,3505,0,2,2 L=1250,1250,0,0,-1 B=1236,1236,0,0,-16
mv U code=0 aligned=1 homed=- ms=119.0 U=3135,2119,8,1,-3 R=1091,1090,-1,0,-1 F=675,674,-1,3,-7 D=3505,3505,0,2,2 L=1249,1250,1,0,-1 B=1236,1236,0,0,-16
mv U code=0 aligned=1 homed=- ms=119.0 U=2123,1099,0,0,-3 R=1091,1090,-1,0,-1 F=675,674,-1,3,-7 D=3505,3505,0,2,2 L=1249,1250,1,0,-1 B=1236,1236,0,0,-16
mv U code=0 aligned=1 homed=- ms=119.0 U=1103,60,-19,3,-4 R=1091,1090,-1,0,-1 F=675,674,-1,3,-7 D=3505,3506,1,2,3 L=1249,1250,1,0,-1 B=1236,1236,0,0,-16
mv U code=0 aligned=1 homed=- ms=119.0 U=64,3132,-4,2,0 R=1091,1090,-1,0,-1 F=675,674,-1,3,-7 D=3505,3505,0,2,2 L=1249,1250,1,0,-1 B=1236,1236,0,0,-16
mv U code=0 aligned=1 homed=- ms=119.0 U=3135,2118,7,1,-4 R=1091,1090,-1,0,-1 F=675,674,-1,3,-7 D=3505,3505,0,2,2 L=1249,1249,0,0,-2 B=1236,1236,0,0,-16
mv U code=0 aligned=1 homed=- ms=119.0 U=2123,1099,0,0,-3 R=1091,1090,-1,0,-1 F=675,674,-1,3,-7 D=3505,3506,1,2,3 L=1249,1250,1,0,-1 B=1236,1236,0,0,-16
mv U code=0 aligned=1 homed=- ms=119.0 U=1103,60,-19,3,-4 R=1091,1091,0,0,0 F=675,674,-1,3,-7 D=3505,3505,0,2,2 L=1249,1250,1,0,-1 B=1236,1236,0,0,-16
mv U code=0 aligned=1 homed=- ms=119.0 U=65,3131,-6,2,-1 R=1091,1090,-1,0,-1 F=675,674,-1,3,-7 D=3505,3505,0,2,2 L=1249,1250,1,0,-1 B=1236,1236,0,0,-16
mv U code=0 aligned=1 homed=- ms=119.0 U=3135,2119,8,1,-3 R=1091,1090,-1,0,-1 F=675,674,-1,3,-7 D=3505,3505,0,2,2 L=1249,1250,1,0,-1 B=1236,1236,0,0,-16
mv U code=0 aligned=1 homed=- ms=119.0 U=2123,1099,0,0,-3 R=1091,1090,-1,0,-1 F=675,674,-1,3,-7 D=3505,3505,0,2,2 L=1249,1250,1,0,-1 B=1236,1236,0,0,-16
mv U code=0 aligned=1 homed=- ms=119.0 U=1103,60,-19,3,-4 R=1091,1090,-1,0,-1 F=675,674,-1,3,-7 D=3505,3505,0,2,2 L=1249,1250,1,0,-1 B=1236,1236,0,0,-16
mv U code=0 aligned=1 homed=- ms=119.0 U=64,3131,-5,2,-1 R=1091,1090,-1,0,-1 F=675,674,-1,3,-7 D=3505,3505,0,2,2 L=1249,1250,1,0,-1 B=1236,1236,0,0,-16
mv U code=0 aligned=1 homed=- ms=119.0 U=3135,2118,7,1,-4 R=1091,1090,-1,0,-1 F=675,674,-1,3,-7 D=3505,3506,1,2,3 L=1249,1250,1,0,-1 B=1236,1236,0,0,-16
mv U code=0 aligned=1 homed=- ms=119.0 U=2123,1099,0,0,-3 R=1091,1090,-1,0,-1 F=675,674,-1,3,-7 D=3505,3505,0,2,2 L=1249,1250,1,0,-1 B=1236,1236,0,0,-16
mv U code=0 aligned=1 homed=- ms=119.0 U=1103,60,-19,3,-4 R=1091,1090,-1,0,-1 F=675,674,-1,3,-7 D=3505,3506,1,2,3 L=1249,1250,1,0,-1 B=1236,1236,0,0,-16
mv U code=0 aligned=1 homed=- ms=119.0 U=64,3131,-5,2,-1 R=1091,1090,-1,0,-1 F=675,674,-1,3,-7 D=3505,3505,0,2,2 L=1250,1250,0,0,-1 B=1236,1236,0,0,-16
mv U code=0 aligned=1 homed=- ms=119.0 U=3135,2119,8,1,-3 R=1091,1090,-1,0,-1 F=675,674,-1,3,-7 D=3505,3505,0,2,2 L=1249,1250,1,0,-1 B=1236,1236,0,0,-16
mv U code=0 aligned=1 homed=- ms=119.0 U=2123,1099,0,0,-3 R=1091,1090,-1,0,-1 F=675,674,-1,3,-7 D=3505,3506,1,2,3 L=1250,1250,0,0,-1 B=1236,1236,0,0,-16
mv U code=0 aligned=1 homed=- ms=119.0 U=1103,60,-19,3,-4 R=1091,1090,-1,0,-1 F=675,674,-1,3,-7 D=3505,3505,0,2,2 L=1249,1250,1,0,-1 B=1236,1236,0,0,-16
mv U code=0 aligned=1 homed=- ms=119.0 U=64,3131,-5,2,-1 R=1091,1090,-1,0,-1 F=675,674,-1,3,-7 D=3505,3505,0,2,2 L=1249,1250,1,0,-1 B=1236,1236,0,0,-16
mv U code=0 aligned=1 homed=- ms=119.0 U=3135,2119,8,1,-3 R=1091,1091,0,0,0 F=675,674,-1,3,-7 D=3505,3505,0,2,2 L=1249,1250,1,0,-1 B=1236,1236,0,0,-16
mv U code=0 aligned=1 homed=- ms=119.0 U=2123,1099,0,0,-3 R=1091,1091,0,0,0 F=675,674,-1,3,-7 D=3505,3505,0,2,2 L=1249,1250,1,0,-1 B=1236,1236,0,0,-16
mv U code=0 aligned=1 homed=- ms=119.0 U=1103,60,-19,3,-4 R=1091,1090,-1,0,-1 F=675,674,-1,3,-7 D=3505,3505,0,2,2 L=1249,1250,1,0,-1 B=1236,1236,0,0,-16
mv U code=0 aligned=1 homed=- ms=119.0 U=64,3131,-5,2,-1 R=1091,1090,-1,0,-1 F=675,674,-1,3,-7 D=3505,3505,0,2,2 L=1249,1250,1,0,-1 B=1236,1236,0,0,-16
mv U code=0 aligned=1 homed=- ms=119.0 U=3135,2119,8,1,-3 R=1091,1090,-1,0,-1 F=675,674,-1,3,-7 D=3505,3505,0,2,2 L=1249,1250,1,0,-1 B=1236,1236,0,0,-16
mv U code=0 aligned=1 homed=- ms=119.0 U=2123,1099,0,0,-3 R=1091,1090,-1,0,-1 F=675,674,-1,3,-7 D=3505,3505,0,2,2 L=1249,1250,1,0,-1 B=1236,1236,0,0,-16
mv U code=0 aligned=1 homed=- ms=119.0 U=1103,60,-19,3,-4 R=1091,1090,-1,0,-1 F=675,674,-1,3,-7 D=3505,3506,1,2,3 L=1249,1250,1,0,-1 B=1236,1236,0,0,-16
mv U code=0 aligned=1 homed=- ms=119.0 U=65,3131,-6,2,-1 R=1091,1090,-1,0,-1 F=675,674,-1,3,-7 D=3505,3506,1,2,3 L=1249,1250,1,0,-1 B=1236,1235,-1,0,-17
mv U code=0 aligned=1 homed=- ms=119.0 U=3135,2118,7,1,-4 R=1091,1090,-1,0,-1 F=675,674,-1,3,-7 D=3505,3506,1,2,3 L=1249,1250,1,0,-1 B=1236,1236,0,0,-16
mv U code=0 aligned=1 homed=- ms=119.0 U=2123,1099,0,0,-3 R=1091,1090,-1,0,-1 F=675,674,-1,3,-7 D=3505,3505,0,2,2 L=1249,1250,1,0,-1 B=1236,1235,-1,0,-17
mv U code=0 aligned=1 homed=- ms=119.0 U=1103,60,-19,3,-4 R=1091,1090,-1,0,-1 F=675,674,-1,3,-7 D=3505,3505,0,2,2 L=1249,1250,1,0,-1 B=1236,1236,0,0,-16
mv U code=0 aligned=1 homed=- ms=119.0 U=64,3131,-5,2,-1 R=1091,1090,-1,0,-1 F=675,674,-1,3,-7 D=3505,3505,0,2,2 L=1249,1250,1,0,-1 B=1236,1236,0,0,-16
mv U code=0 aligned=1 homed=- ms=119.0 U=3135,2119,8,1,-3 R=1091,1090,-1,0,-1 F=675,674,-1,3,-7 D=3505,3505,0,2,2 L=1250,1250,0,0,-1 B=1236,1236,0,0,-16
mv U code=0 aligned=1 homed=- ms=119.0 U=2123,1099,0,0,-3 R=1091,1090,-1,0,-1 F=675,674,-1,3,-7 D=3505,3505,0,2,2 L=1249,1250,1,0,-1 B=1236,1236,0,0,-16
mv U code=0 aligned=1 homed=- ms=119.0 U=1103,60,-19,3,-4 R=1091,1090,-1,0,-1 F=675,674,-1,3,-7 D=3505,3506,1,2,3 L=1249,1250,1,0,-1 B=1236,1236,0,0,-16
mv U code=0 aligned=1 homed=- ms=119.0 U=64,3131,-5,2,-1 R=1091,1090,-1,0,-1 F=675,674,-1,3,-7 D=3505,3505,0,2,2 L=1249,1250,1,0,-1 B=1236,1236,0,0,-16
mv U code=0 aligned=1 homed=- ms=119.0 U=3135,2119,8,1,-3 R=1091,1090,-1,0,-1 F=675,674,-1,3,-7 D=3505,3505,0,2,2 L=1249,1250,1,0,-1 B=1236,1236,0,0,-16
mv U code=0 aligned=1 homed=- ms=119.0 U=2123,1099,0,0,-3 R=1091,1090,-1,0,-1 F=675,674,-1,3,-7 D=3505,3505,0,2,2 L=1249,1250,1,0,-1 B=1236,1236,0,0,-16
mv U code=0 aligned=1 homed=- ms=119.0 U=1103,60,-19,3,-4 R=1091,1090,-1,0,-1 F=675,674,-1,3,-7 D=3505,3505,0,2,2 L=1249,1250,1,0,-1 B=1236,1236,0,0,-16
mv U code=0 aligned=1 homed=- ms=119.0 U=64,3131,-5,2,-1 R=1091,1090,-1,0,-1 F=675,674,-1,3,-7 D=3505,3505,0,2,2 L=1249,1250,1,0,-1 B=1236,1236,0,0,-16
mv U code=0 aligned=1 homed=- ms=119.0 U=3135,2119,8,1,-3 R=1091,1090,-1,0,-1 F=675,674,-1,3,-7 D=3505,3505,0,2,2 L=1249,1250,1,0,-1 B=1236,1236,0,0,-16
mv U code=0 aligned=1 homed=- ms=119.0 U=2123,1099,0,0,-3 R=1091,1090,-1,0,-1 F=675,674,-1,3,-7 D=3505,3505,0,2,2 L=1249,1250,1,0,-1 B=1236,1236,0,0,-16
mv U code=0 aligned=1 homed=- ms=119.0 U=1102,60,-18,3,-4 R=1091,1090,-1,0,-1 F=675,674,-1,3,-7 D=3505,3505,0,2,2 L=1249,1249,0,0,-2 B=1236,1236,0,0,-16
mv U code=0 aligned=1 homed=- ms=119.0 U=64,3131,-5,2,-1 R=1091,1090,-1,0,-1 F=675,674,-1,3,-7 D=3505,3505,0,2,2 L=1249,1250,1,0,-1 B=1236,1236,0,0,-16
mv U code=0 aligned=1 homed=- ms=119.0 U=3135,2119,8,1,-3 R=1091,1090,-1,0,-1 F=675,674,-1,3,-7 D=3505,3506,1,2,3 L=1249,1250,1,0,-1 B=1236,1235,-1,0,-17
mv U code=0 aligned=1 homed=- ms=119.0 U=2123,1099,0,0,-3 R=1091,1090,-1,0,-1 F=675,674,-1,3,-7 D=3505,3505,0,2,2 L=1249,1250,1,0,-1 B=1236,1236,0,0,-16
mv U code=0 aligned=1 homed=- ms=119.0 U=1102,60,-18,3,-4 R=1091,1090,-1,0,-1 F=675,674,-1,3,-7 D=3505,3505,0,2,2 L=1249,1250,1,0,-1 B=1236,1236,0,0,-16
mv U code=0 aligned=1 homed=- ms=119.0 U=65,3131,-6,2,-1 R=1091,1090,-1,0,-1 F=675,674,-1,3,-7 D=3505,3505,0,2,2 L=1249,1250,1,0,-1 B=1236,1236,0,0,-16
mv U code=0 aligned=1 homed=- ms=119.0 U=3135,2119,8,1,-3 R=1091,1090,-1,0,-1 F=675,674,-1,3,-7 D=3505,3505,0,2,2 L=1249,1250,1,0,-1 B=1236,1236,0,0,-16
mv U code=0 aligned=1 homed=- ms=119.0 U=2123,1099,0,0,-3 R=1091,1090,-1,0,-1 F=675,674,-1,3,-7 D=3505,3505,0,2,2 L=1249,1250,1,0,-1 B=1236,1236,0,0,-16
mv U code=0 aligned=1 homed=- ms=119.0 U=1102,61,-17,3,-3 R=1091,1090,-1,0,-1 F=675,674,-1,3,-7 D=3505,3506,1,2,3 L=1249,1250,1,0,-1 B=1236,1236,0,0,-16
mv U code=0 aligned=1 homed=- ms=119.0 U=65,3131,-6,2,-1 R=1091,1090,-1,0,-1 F=675,674,-1,3,-7 D=3505,3505,0,2,2 L=1249,1250,1,0,-1 B=1236,1235,-1,0,-17
mv U code=0 aligned=1 homed=- ms=119.0 U=3135,2119,8,1,-3 R=1091,1090,-1,0,-1 F=675,674,-1,3,-7 D=3505,3505,0,2,2 L=1250,1250,0,0,-1 B=1236,1236,0,0,-16
mv U code=0 aligned=1 homed=- ms=119.0 U=2123,1099,0,0,-3 R=1091,1090,-1,0,-1 F=675,674,-1,3,-7 D=3505,3505,0,2,2 L=1249,1250,1,0,-1 B=1236,1236,0,0,-16
mv U code=0 aligned=1 homed=- ms=119.0 U=1103,61,-18,3,-3 R=1091,1090,-1,0,-1 F=675,674,-1,3,-7 D=3505,3505,0,2,2 L=1249,1250,1,0,-1 B=1236,1236,0,0,-16
mv U code=0 aligned=1 homed=- ms=119.0 U=64,3131,-5,2,-1 R=1091,1090,-1,0,-1 F=675,674,-1,3,-7 D=3505,3505,0,2,2 L=1249,1250,1,0,-1 B=1236,1236,0,0,-16
mv U code=0 aligned=1 homed=- ms=119.0 U=3135,2119,8,1,-3 R=1091,1090,-1,0,-1 F=675,674,-1,3,-7 D=3505,3505,0,2,2 L=1250,1250,0,0,-1 B=1236,1236,0,0,-16
mv U code=0 aligned=1 homed=- ms=119.0 U=2123,1099,0,0,-3 R=1091,1090,-1,0,-1 F=675,674,-1,3,-7 D=3506,3505,-1,2,2 L=1249,1250,1,0,-1 B=1236,1236,0,0,-16
mv U code=0 aligned=1 homed=- ms=119.0 U=1103,60,-19,3,-4 R=1091,1090,-1,0,-1 F=675,674,-1,3,-7 D=3505,3505,0,2,2 L=1249,1250,1,0,-1 B=1236,1236,0,0,-16
mv U code=0 aligned=1 homed=- ms=119.0 U=64,3131,-5,2,-1 R=1091,1090,-1,0,-1 F=675,674,-1,3,-7 D=3505,3505,0,2,2 L=1249,1250,1,0,-1 B=1236,1236,0,0,-16
mv U code=0 aligned=1 homed=- ms=119.0 U=3135,2119,8,1,-3 R=1091,1090,-1,0,-1 F=675,674,-1,3,-7 D=3505,3506,1,2,3 L=1250,1250,0,0,-1 B=1236,1236,0,0,-16
mv U code=0 aligned=1 homed=- ms=119.0 U=2123,1099,0,0,-3 R=1091,1090,-1,0,-1 F=675,674,-1,3,-7 D=3505,3505,0,2,2 L=1249,1250,1,0,-1 B=1236,1235,-1,0,-17
mv U code=0 aligned=1 homed=- ms=119.0 U=1103,60,-19,3,-4 R=1091,1090,-1,0,-1 F=675,674,-1,3,-7 D=3505,3505,0,2,2 L=1249,1250,1,0,-1 B=1236,1236,0,0,-16
mv U code=0 aligned=1 homed=- ms=119.0 U=65,3131,-6,2,-1 R=1091,1090,-1,0,-1 F=675,674,-1,3,-7 D=3505,3505,0,2,2 L=1249,1249,0,0,-2 B=1236,1236,0,0,-16
mv U code=0 aligned=1 homed=- ms=119.0 U=3135,2119,8,1,-3 R=1091,1090,-1,0,-1 F=675,674,-1,3,-7 D=3505,3505,0,2,2 L=1249,1250,1,0,-1 B=1236,1236,0,0,-16
mv U code=0 aligned=1 homed=- ms=119.0 U=2123,1099,0,0,-3 R=1091,1090,-1,0,-1 F=675,674,-1,3,-7 D=3505,3505,0,2,2 L=1249,1250,1,0,-1 B=1236,1236,0,0,-16
mv U code=0 aligned=1 homed=- ms=119.0 U=1103,60,-19,3,-4 R=1091,1090,-1,0,-1 F=675,674,-1,3,-7 D=3505,3505,0,2,2 L=1249,1250,1,0,-1 B=1236,1236,0,0,-16
mv U code=0 aligned=1 homed=- ms=119.0 U=64,3131,-5,2,-1 R=1091,1090,-1,0,-1 F=675,674,-1,3,-7 D=3505,3506,1,2,3 L=1249,1250,1,0,-1 B=1236,1236,0,0,-16
mv U code=0 aligned=1 homed=- ms=119.0 U=3135,2119,8,1,-3 R=1091,1090,-1,0,-1 F=675,674,-1,3,-7 D=3505,3506,1,2,3 L=1249,1250,1,0,-1 B=1236,1236,0,0,-16
mv U code=0 aligned=1 homed=- ms=119.0 U=2123,1099,0,0,-3 R=1091,1090,-1,0,-1 F=675,674,-1,3,-7 D=3505,3505,0,2,2 L=1249,1250,1,0,-1 B=1236,1236,0,0,-16
mv U code=0 aligned=1 homed=- ms=119.0 U=1103,61,-18,3,-3 R=1091,1090,-1,0,-1 F=675,674,-1,3,-7 D=3505,3505,0,2,2 L=1249,1250,1,0,-1 B=1236,1236,0,0,-16
mv U code=0 aligned=1 homed=- ms=119.0 U=64,3131,-5,2,-1 R=1091,1090,-1,0,-1 F=675,674,-1,3,-7 D=3505,3505,0,2,2 L=1249,1250,1,0,-1 B=1236,1236,0,0,-16
mv U code=0 aligned=1 homed=- ms=119.0 U=3135,2119,8,1,-3 R=1091,1090,-1,0,-1 F=675,674,-1,3,-7 D=3505,3505,0,2,2 L=1249,1250,1,0,-1 B=1236,1236,0,0,-16
mv U code=0 aligned=1 homed=- ms=119.0 U=2123,1099,0,0,-3 R=1091,1090,-1,0,-1 F=675,674,-1,3,-7 D=3506,3506,0,2,3 L=1249,1250,1,0,-1 B=1236,1236,0,0,-16
mv U code=0 aligned=1 homed=- ms=119.0 U=1102,60,-18,3,-4 R=1091,1090,-1,0,-1 F=675,674,-1,3,-7 D=3505,3505,0,2,2 L=1249,1250,1,0,-1 B=1236,1236,0,0,-16
mv U code=0 aligned=1 homed=- ms=119.0 U=64,3132,-4,2,0 R=1091,1090,-1,0,-1 F=675,674,-1,3,-7 D=3505,3506,1,2,3 L=1249,1250,1,0,-1 B=1236,1236,0,0,-16
mv U code=0 aligned=1 homed=- ms=119.0 U=3135,2119,8,1,-3 R=1091,1090,-1,0,-1 F=675,674,-1,3,-7 D=3505,3505,0,2,2 L=1249,1250,1,0,-1 B=1236,1236,0,0,-16
mv U code=0 aligned=1 homed=- ms=119.0 U=2123,1099,0,0,-3 R=1091,1090,-1,0,-1 F=675,674,-1,3,-7 D=3505,3505,0,2,2 L=1249,1250,1,0,-1 B=1235,1236,1,0,-16
mv U code=0 aligned=1 homed=- ms=119.0 U=1103,60,-19,3,-4 R=1091,1090,-1,0,-1 F=675,674,-1,3,-7 D=3505,3505,0,2,2 L=1249,1249,0,0,-2 B=1236,1236,0,0,-16
mv U code=0 aligned=1 homed=- ms=119.0 U=64,3131,-5,2,-1 R=1091,1090,-1,0,-1 F=675,674,-1,3,-7 D=3505,3505,0,2,2 L=1249,1250,1,0,-1 B=1235,1236,1,0,-16
mv U code=0 aligned=1 homed=- ms=119.0 U=3135,2119,8,1,-3 R=1091,1090,-1,0,-1 F=675,674,-1,3,-7 D=3505,3505,0,2,2 L=1250,1250,0,0,-1 B=1236,1236,0,0,-16
mv U code=0 aligned=1 homed=- ms=119.0 U=2123,1099,0,0,-3 R=1091,1090,-1,0,-1 F=675,674,-1,3,-7 D=3505,3505,0,2,2 L=1249,1250,1,0,-1 B=1236,1236,0,0,-16
mv U code=0 aligned=1 homed=- ms=119.0 U=1103,60,-19,3,-4 R=1091,1090,-1,0,-1 F=675,674,-1,3,-7 D=3505,3505,0,2,2 L=1250,1249,-1,0,-2 B=1236,1236,0,0,-16
mv U code=0 aligned=1 homed=- ms=119.0 U=64,3131,-5,2,-1 R=1091,1090,-1,0,-1 F=675,674,-1,3,-7 D=3505,3505,0,2,2 L=1250,1250,0,0,-1 B=1236,1236,0,0,-16
mv U code=0 aligned=1 homed=- ms=119.0 U=3135,2119,8,1,-3 R=1091,1090,-1,0,-1 F=675,673,-2,3,-8 D=3506,3505,-1,2,2 L=1249,1250,1,0,-1 B=1236,1236,0,0,-16
mv U code=0 aligned=1 homed=- ms=119.0 U=2123,1099,0,0,-3 R=1091,1090,-1,0,-1 F=675,674,-1,3,-7 D=3505,3505,0,2,2 L=1249,1250,1,0,-1 B=1236,1236,0,0,-16
mv U code=0 aligned=1 homed=- ms=119.0 U=1103,60,-19,3,-4 R=1091,1090,-1,0,-1 F=675,674,-1,3,-7 D=3505,3506,1,2,3 L=1249,1250,1,0,-1 B=1236,1236,0,0,-16
mv U code=0 aligned=1 homed=- ms=119.0 U=65,3131,-6,2,-1 R=1091,1090,-1,0,-1 F=675,674,-1,3,-7 D=3505,3505,0,2,2 L=1249,1250,1,0,-1 B=1236,1236,0,0,-16
mv U code=0 aligned=1 homed=- ms=119.0 U=3135,2119,8,1,-3 R=1091,1090,-1,0,-1 F=675,674,-1,3,-7 D=3505,3505,0,2,2 L=1249,1250,1,0,-1 B=1236,1236,0,0,-16
mv U code=0 aligned=1 homed=- ms=119.0 U=2123,1099,0,0,-3 R=1091,1090,-1,0,-1 F=675,674,-1,3,-7 D=3505,3505,0,2,2 L=1249,1250,1,0,-1 B=1236,1236,0,0,-16
mv U code=0 aligned=1 homed=- ms=119.0 U=1103,60,-19,3,-4 R=1091,1090,-1,0,-1 F=675,674,-1,3,-7 D=3505,3505,0,2,2 L=1249,1250,1,0,-1 B=1236,1236,0,0,-16
mv U code=0 aligned=1 homed=- ms=119.0 U=64,3131,-5,2,-1 R=1091,1090,-1,0,-1 F=675,674,-1,3,-7 D=3505,3505,0,2,2 L=1249,1250,1,0,-1 B=1236,1236,0,0,-16
mv U code=0 aligned=1 homed=- ms=119.0 U=3135,2119,8,1,-3 R=1091,1090,-1,0,-1 F=675,674,-1,3,-7 D=3505,3505,0,2,2 L=1250,1250,0,0,-1 B=1236,1236,0,0,-16
mv U code=0 aligned=1 homed=- ms=119.0 U=2123,1099,0,0,-3 R=1091,1090,-1,0,-1 F=675,674,-1,3,-7 D=3505,3506,1,2,3 L=1250,1250,0,0,-1 B=1236,1236,0,0,-16
mv U code=0 aligned=1 homed=- ms=119.0 U=1103,60,-19,3,-4 R=1091,1090,-1,0,-1 F=675,674,-1,3,-7 D=3505,3505,0,2,2 L=1249,1250,1,0,-1 B=1236,1236,0,0,-16
mv U code=0 aligned=1 homed=- ms=119.0 U=64,3131,-5,2,-1 R=1091,1090,-1,0,-1 F=675,674,-1,3,-7 D=3505,3505,0,2,2 L=1249,1250,1,0,-1 B=1236,1236,0,0,-16
mv U code=0 aligned=1 homed=- ms=119.0 U=3135,2118,7,1,-4 R=1091,1090,-1,0,-1 F=675,673,-2,3,-8 D=3505,3505,0,2,2 L=1249,1250,1,0,-1 B=1236,1236,0,0,-16
mv U code=0 aligned=1 homed=- ms=119.0 U=2123,1099,0,0,-3 R=1091,1090,-1,0,-1 F=675,674,-1,3,-7 D=3505,3505,0,2,2 L=1249,1250,1,0,-1 B=1236,1236,0,0,-16
mv U code=0 aligned=1 homed=- ms=119.0 U=1103,60,-19,3,-4 R=1091,1090,-1,0,-1 F=675,674,-1,3,-7 D=3505,3505,0,2,2 L=1249,1250,1,0,-1 B=1236,1236,0,0,-16
mv U code=0 aligned=1 homed=- ms=119.0 U=64,3131,-5,2,-1 R=1091,1090,-1,0,-1 F=675,674,-1,3,-7 D=3505,3506,1,2,3 L=1249,1250,1,0,-1 B=1236,1236,0,0,-16
mv U code=0 aligned=1 homed=- ms=119.0 U=3135,2119,8,1,-3 R=1091,1090,-1,0,-1 F=675,674,-1,3,-7 D=3505,3505,0,2,2 L=1249,1250,1,0,-1 B=1236,1236,0,0,-16
mv U code=0 aligned=1 homed=- ms=119.0 U=2123,1099,0,0,-3 R=1091,1090,-1,0,-1 F=675,674,-1,3,-7 D=3505,3505,0,2,2 L=1249,1250,1,0,-1 B=1236,1236,0,0,-16
mv U code=0 aligned=1 homed=- ms=119.0 U=1102,60,-18,3,-4 R=1091,1090,-1,0,-1 F=675,674,-1,3,-7 D=3505,3505,0,2,2 L=1249,1250,1,0,-1 B=1236,1236,0,0,-16
mv U code=0 aligned=1 homed=- ms=119.0 U=64,3131,-5,2,-1 R=1091,1090,-1,0,-1 F=675,674,-1,3,-7 D=3505,3505,0,2,2 L=1249,1250,1,0,-1 B=1236,1235,-1,0,-17
mv U code=0 aligned=1 homed=- ms=119.0 U=3135,2118,7,1,-4 R=1091,1090,-1,0,-1 F=675,674,-1,3,-7 D=3505,3505,0,2,2 L=1250,1250,0,0,-1 B=1236,1236,0,0,-16
mv U code=0 aligned=1 homed=- ms=119.0 U=2123,1099,0,0,-3 R=1091,1090,-1,0,-1 F=675,674,-1,3,-7 D=3505,3505,0,2,2 L=1249,1250,1,0,-1 B=1236,1236,0,0,-16
mv U code=0 aligned=1 homed=- ms=119.0 U=1103,60,-19,3,-4 R=1091,1090,-1,0,-1 F=675,674,-1,3,-7 D=3505,3505,0,2,2 L=1249,1250,1,0,-1 B=1236,1236,0,0,-16
mv U code=0 aligned=1 homed=- ms=119.0 U=65,3131,-6,2,-1 R=1091,1090,-1,0,-1 F=675,674,-1,3,-7 D=3505,3505,0,2,2 L=1249,1250,1,0,-1 B=1236,1236,0,0,-16
mv U code=0 aligned=1 homed=- ms=119.0 U=3135,2119,8,1,-3 R=1091,1090,-1,0,-1 F=675,674,-1,3,-7 D=3505,3505,0,2,2 L=1249,1250,1,0,-1 B=1236,1236,0,0,-16
mv U code=0 aligned=1 homed=- ms=119.0 U=2123,1099,0,0,-3 R=1091,1090,-1,0,-1 F=675,674,-1,3,-7 D=3505,3505,0,2,2 L=1249,1250,1,0,-1 B=1236,1236,0,0,-16
mv U code=0 aligned=1 homed=- ms=119.0 U=1103,60,-19,3,-4 R=1091,1090,-1,0,-1 F=675,674,-1,3,-7 D=3505,3505,0,2,2 L=1249,1250,1,0,-1 B=1236,1236,0,0,-16
mv U code=0 aligned=1 homed=- ms=119.0 U=64,3131,-5,2,-1 R=1091,1090,-1,0,-1 F=675,674,-1,3,-7 D=3505,3505,0,2,2 L=1249,1249,0,0,-2 B=1236,1236,0,0,-16
mv U code=0 aligned=1 homed=- ms=119.0 U=3135,2119,8,1,-3 R=1091,1090,-1,0,-1 F=675,674,-1,3,-7 D=3505,3505,0,2,2 L=1250,1250,0,0,-1 B=1236,1236,0,0,-16
mv U code=0 aligned=1 homed=- ms=119.0 U=2123,1099,0,0,-3 R=1091,1090,-1,0,-1 F=675,674,-1,3,-7 D=3505,3505,0,2,2 L=1249,1250,1,0,-1 B=1236,1236,0,0,-16
mv U code=0 aligned=1 homed=- ms=119.0 U=1103,61,-18,3,-3 R=1091,1090,-1,0,-1 F=675,674,-1,3,-7 D=3505,3506,1,2,3 L=1249,1250,1,0,-1 B=1236,1236,0,0,-16
mv U code=0 aligned=1 homed=- ms=119.0 U=64,3131,-5,2,-1 R=1091,1090,-1,0,-1 F=675,674,-1,3,-7 D=3505,3505,0,2,2 L=1250,1249,-1,0,-2 B=1236,1236,0,0,-16
mv U code=0 aligned=1 homed=- ms=119.0 U=3135,2118,7,1,-4 R=1091,1090,-1,0,-1 F=675,674,-1,3,-7 D=3505,3505,0,2,2 L=1249,1250,1,0,-1 B=1236,1236,0,0,-16
mv U code=0 aligned=1 homed=- ms=119.0 U=2123,1099,0,0,-3 R=1091,1090,-1,0,-1 F=675,674,-1,3,-7 D=3505,3506,1,2,3 L=1249,1250,1,0,-1 B=1236,1236,0,0,-16
mv U code=0 aligned=1 homed=- ms=119.0 U=1103,60,-19,3,-4 R=1091,1090,-1,0,-1 F=675,674,-1,3,-7 D=3505,3505,0,2,2 L=1249,1250,1,0,-1 B=1236,1236,0,0,-16
mv U code=0 aligned=1 homed=- ms=119.0 U=65,3131,-6,2,-1 R=1091,1090,-1,0,-1 F=675,674,-1,3,-7 D=3505,3505,0,2,2 L=1249,1250,1,0,-1 B=1236,1236,0,0,-16
mv U code=0 aligned=1 homed=- ms=119.0 U=3135,2119,8,1,-3 R=1091,1090,-1,0,-1 F=675,674,-1,3,-7 D=3505,3505,0,2,2 L=1250,1250,0,0,-1 B=1236,1236,0,0,-16
mv U code=0 aligned=1 homed=- ms=119.0 U=2123,1099,0,0,-3 R=1091,1090,-1,0,-1 F=675,674,-1,3,-7 D=3505,3505,0,2,2 L=1249,1250,1,0,-1 B=1236,1236,0,0,-16
mv U code=0 aligned=1 homed=- ms=119.0 U=1103,60,-19,3,-4 R=1091,1090,-1,0,-1 F=675,674,-1,3,-7 D=3505,3505,0,2,2 L=1249,1250,1,0,-1 B=1236,1236,0,0,-16
mv U code=0 aligned=1 homed=- ms=119.0 U=64,3131,-5,2,-1 R=1091,1090,-1,0,-1 F=675,674,-1,3,-7 D=3505,3505,0,2,2 L=1249,1250,1,0,-1 B=1236,1236,0,0,-16
mv U code=0 aligned=1 homed=- ms=119.0 U=3135,2119,8,1,-3 R=1091,1090,-1,0,-1 F=675,674,-1,3,-7 D=3505,3505,0,2,2 L=1249,1250,1,0,-1 B=1236,1236,0,0,-16
mv U code=0 aligned=1 homed=- ms=119.0 U=2123,1099,0,0,-3 R=1091,1090,-1,0,-1 F=675,674,-1,3,-7 D=3505,3505,0,2,2 L=1249,1250,1,0,-1 B=1236,1236,0,0,-16
mv U code=0 aligned=1 homed=- ms=119.0 U=1103,60,-19,3,-4 R=1091,1090,-1,0,-1 F=675,674,-1,3,-7 D=3505,3505,0,2,2 L=1250,1250,0,0,-1 B=1236,1236,0,0,-16
mv U code=0 aligned=1 homed=- ms=119.0 U=64,3131,-5,2,-1 R=1091,1090,-1,0,-1 F=675,674,-1,3,-7 D=3505,3505,0,2,2 L=1249,1250,1,0,-1 B=1236,1236,0,0,-16
mv U code=0 aligned=1 homed=- ms=119.0 U=3135,2118,7,1,-4 R=1091,1090,-1,0,-1 F=675,674,-1,3,-7 D=3505,3505,0,2,2 L=1249,1250,1,0,-1 B=1236,1236,0,0,-16
mv U code=0 aligned=1 homed=- ms=119.0 U=2123,1099,0,0,-3 R=1091,1090,-1,0,-1 F=675,674,-1,3,-7 D=3505,3505,0,2,2 L=1249,1250,1,0,-1 B=1236,1236,0,0,-16
mv U code=0 aligned=1 homed=- ms=119.0 U=1103,60,-19,3,-4 R=1091,1090,-1,0,-1 F=675,674,-1,3,-7 D=3505,3505,0,2,2 L=1250,1250,0,0,-1 B=1236,1236,0,0,-16
mv U code=0 aligned=1 homed=- ms=119.0 U=65,3131,-6,2,-1 R=1091,1090,-1,0,-1 F=675,674,-1,3,-7 D=3505,3505,0,2,2 L=1249,1250,1,0,-1 B=1236,1236,0,0,-16
mv U code=0 aligned=1 homed=- ms=119.0 U=3135,2119,8,1,-3 R=1091,1090,-1,0,-1 F=675,674,-1,3,-7 D=3505,3505,0,2,2 L=1249,1250,1,0,-1 B=1236,1236,0,0,-16
mv U code=0 aligned=1 homed=- ms=119.0 U=2123,1099,0,0,-3 R=1091,1090,-1,0,-1 F=675,674,-1,3,-7 D=3505,3505,0,2,2 L=1249,1250,1,0,-1 B=1236,1236,0,0,-16
mv U code=0 aligned=1 homed=- ms=119.0 U=1103,60,-19,3,-4 R=1091,1090,-1,0,-1 F=675,674,-1,3,-7 D=3505,3506,1,2,3 L=1249,1250,1,0,-1 B=1236,1236,0,0,-16
mv U code=0 aligned=1 homed=- ms=119.0 U=65,3131,-6,2,-1 R=1091,1090,-1,0,-1 F=675,674,-1,3,-7 D=3505,3505,0,2,2 L=1249,1250,1,0,-1 B=1236,1236,0,0,-16
mv U code=0 aligned=1 homed=- ms=119.0 U=3135,2119,8,1,-3 R=1091,1090,-1,0,-1 F=675,674,-1,3,-7 D=3505,3506,1,2,3 L=1249,1250,1,0,-1 B=1236,1236,0,0,-16
mv U code=0 aligned=1 homed=- ms=119.0 U=2123,1099,0,0,-3 R=1091,1090,-1,0,-1 F=675,674,-1,3,-7 D=3505,3505,0,2,2 L=1249,1250,1,0,-1 B=1236,1236,0,0,-16
mv U code=0 aligned=1 homed=- ms=119.0 U=1103,60,-19,3,-4 R=1091,1090,-1,0,-1 F=675,674,-1,3,-7 D=3506,3505,-1,2,2 L=1249,1250,1,0,-1 B=1236,1236,0,0,-16
mv U code=0 aligned=1 homed=- ms=119.0 U=65,3131,-6,2,-1 R=1091,1090,-1,0,-1 F=675,674,-1,3,-7 D=3505,3506,1,2,3 L=1249,1250,1,0,-1 B=1236,1236,0,0,-16
rep moves=300 notaligned=0 homings=0 failures=0 avgms=119.0
res U=300,-4.0,10.5,19 R=- F=- D=- L=- B=-
ok
> health
health U=1,1,0/128/674 R=1,1,0/128/1622 F=1,1,0/128/1788 D=1,1,0/128/1576 L=1,1,0/128/678 B=1,1,0/128/1286 RING=1,1,0/128/1597
ok
> home
[align] motor 0 err=3 counts (0.3 steps)
[align] motor 1 err=0 counts (0.0 steps)
[align] motor 2 err=-6 counts (-0.6 steps)
[align] motor 3 err=2 counts (0.2 steps)
[align] motor 4 err=-3 counts (-0.3 steps)
[align] motor 5 err=-18 counts (-1.8 steps)
home code=0 ms=6 en=0
enc U=3131 R=1090 F=674 D=3505 L=1250 B=1235 RING=2768
near U=2:-1 R=0:-1 F=3:-7 D=2:2 L=0:-1 B=0:-17
ok
> enc
enc U=3134 R=1091 F=675 D=3505 L=1249 B=1235 RING=2768
near U=2:2 R=0:0 F=3:-6 D=2:2 L=0:-2 B=0:-17
ok
> rep 75 U' U' U' U'
mv U' code=0 aligned=1 homed=- ms=119.0 U=3135,61,-2,3,-3 R=1091,1090,-1,0,-1 F=675,674,-1,3,-7 D=3505,3505,0,2,2 L=1249,1250,1,0,-1 B=1236,1236,0,0,-16
mv U' code=0 aligned=1 homed=- ms=119.0 U=64,1100,12,0,-2 R=1091,1090,-1,0,-1 F=675,674,-1,3,-7 D=3505,3505,0,2,2 L=1249,1250,1,0,-1 B=1236,1236,0,0,-16
mv U' code=0 aligned=1 homed=- ms=119.0 U=1101,2119,-6,1,-3 R=1091,1090,-1,0,-1 F=675,674,-1,3,-7 D=3505,3505,0,2,2 L=1249,1250,1,0,-1 B=1235,1236,1,0,-16
mv U' code=0 aligned=1 homed=- ms=119.0 U=2122,3132,-14,2,0 R=1091,1090,-1,0,-1 F=675,673,-2,3,-8 D=3505,3505,0,2,2 L=1249,1250,1,0,-1 B=1236,1236,0,0,-16
mv U' code=0 aligned=1 homed=- ms=119.0 U=3134,61,-1,3,-3 R=1091,1090,-1,0,-1 F=675,674,-1,3,-7 D=3505,3505,0,2,2 L=1250,1250,0,0,-1 B=1236,1236,0,0,-16
mv U' code=0 aligned=1 homed=- ms=119.0 U=63,1100,13,0,-2 R=1091,1090,-1,0,-1 F=675,674,-1,3,-7 D=3505,3505,0,2,2 L=1249,1250,1,0,-1 B=1236,1236,0,0,-16
mv U' code=0 aligned=1 homed=- ms=119.0 U=1101,2120,-5,1,-2 R=1091,1090,-1,0,-1 F=675,674,-1,3,-7 D=3505,3506,1,2,3 L=1249,1250,1,0,-1 B=1236,1236,0,0,-16
mv U' code=0 aligned=1 homed=- ms=119.0 U=2122,3132,-14,2,0 R=1091,1090,-1,0,-1 F=675,674,-1,3,-7 D=3505,3505,0,2,2 L=1249,1250,1,0,-1 B=1236,1236,0,0,-16
mv U' code=0 aligned=1 homed=- ms=119.0 U=3133,61,0,3,-3 R=1091,1090,-1,0,-1 F=675,674,-1,3,-7 D=3505,3505,0,2,2 L=1249,1250,1,0,-1 B=1236,1236,0,0,-16
mv U' code=0 aligned=1 homed=- ms=119.0 U=63,1100,13,0,-2 R=1091,1090,-1,0,-1 F=675,674,-1,3,-7 D=3505,3505,0,2,2 L=1249,1250,1,0,-1 B=1236,1236,0,0,-16
mv U' code=0 aligned=1 homed=- ms=119.0 U=1101,2120,-5,1,-2 R=1091,1090,-1,0,-1 F=675,674,-1,3,-7 D=3505,3505,0,2,2 L=1249,1250,1,0,-1 B=1235,1236,1,0,-16
mv U' code=0 aligned=1 homed=- ms=119.0 U=2122,3132,-14,2,0 R=1091,1090,-1,0,-1 F=675,674,-1,3,-7 D=3505,3506,1,2,3 L=1249,1250,1,0,-1 B=1236,1236,0,0,-16
mv U' code=0 aligned=1 homed=- ms=119.0 U=3134,61,-1,3,-3 R=1091,1090,-1,0,-1 F=675,674,-1,3,-7 D=3505,3505,0,2,2 L=1250,1249,-1,0,-2 B=1236,1236,0,0,-16
mv U' code=0 aligned=1 homed=- ms=119.0 U=63,1100,13,0,-2 R=1091,1090,-1,0,-1 F=675,674,-1,3,-7 D=3505,3505,0,2,2 L=1249,1250,1,0,-1 B=1236,1236,0,0,-16
mv U' code=0 aligned=1 homed=- ms=119.0 U=1102,2119,-7,1,-3 R=1091,1090,-1,0,-1 F=675,674,-1,3,-7 D=3505,3506,1,2,3 L=1249,1250,1,0,-1 B=1236,1236,0,0,-16
mv U' code=0 aligned=1 homed=- ms=119.0 U=2122,3132,-14,2,0 R=1091,1090,-1,0,-1 F=675,674,-1,3,-7 D=3505,3505,0,2,2 L=1249,1250,1,0,-1 B=1236,1236,0,0,-16
mv U' code=0 aligned=1 homed=- ms=119.0 U=3134,61,-1,3,-3 R=1091,1090,-1,0,-1 F=675,674,-1,3,-7 D=3505,3505,0,2,2 L=1249,1250,1,0,-1 B=1236,1236,0,0,-16
mv U' code=0 aligned=1 homed=- ms=119.0 U=63,1100,13,0,-2 R=1091,1090,-1,0,-1 F=675,674,-1,3,-7 D=3505,3505,0,2,2 L=1249,1250,1,0,-1 B=1236,1236,0,0,-16
mv U' code=0 aligned=1 homed=- ms=119.0 U=1102,2120,-6,1,-2 R=1091,1090,-1,0,-1 F=675,674,-1,3,-7 D=3505,3505,0,2,2 L=1250,1250,0,0,-1 B=1236,1236,0,0,-16
mv U' code=0 aligned=1 homed=- ms=119.0 U=2122,3132,-14,2,0 R=1091,1090,-1,0,-1 F=675,674,-1,3,-7 D=3505,3505,0,2,2 L=1249,1250,1,0,-1 B=1236,1236,0,0,-16
mv U' code=0 aligned=1 homed=- ms=119.0 U=3133,61,0,3,-3 R=1091,1090,-1,0,-1 F=675,674,-1,3,-7 D=3505,3505,0,2,2 L=1249,1250,1,0,-1 B=1236,1236,0,0,-16
mv U' code=0 aligned=1 homed=- ms=119.0 U=63,1099,12,0,-3 R=1091,1090,-1,0,-1 F=675,674,-1,3,-7 D=3505,3505,0,2,2 L=1249,1250,1,0,-1 B=1236,1236,0,0,-16
mv U' code=0 aligned=1 homed=- ms=119.0 U=1102,2119,-7,1,-3 R=1091,1090,-1,0,-1 F=675,674,-1,3,-7 D=3505,3505,0,2,2 L=1249,1250,1,0,-1 B=1236,1236,0,0,-16
mv U' code=0 aligned=1 homed=- ms=119.0 U=2122,3132,-14,2,0 R=1091,1090,-1,0,-1 F=675,674,-1,3,-7 D=3505,3505,0,2,2 L=1250,1250,0,0,-1 B=1235,1236,1,0,-16
mv U' code=0 aligned=1 homed=- ms=119.0 U=3134,61,-1,3,-3 R=1091,1090,-1,0,-1 F=675,674,-1,3,-7 D=3505,3506,1,2,3 L=1249,1250,1,0,-1 B=1236,1236,0,0,-16
mv U' code=0 aligned=1 homed=- ms=119.0 U=63,1100,13,0,-2 R=1091,1090,-1,0,-1 F=675,674,-1,3,-7 D=3505,3505,0,2,2 L=1249,1249,0,0,-2 B=1236,1236,0,0,-16
mv U' code=0 aligned=1 homed=- ms=119.0 U=1101,2119,-6,1,-3 R=1091,1090,-1,0,-1 F=675,674,-1,3,-7 D=3505,3505,0,2,2 L=1249,1249,0,0,-2 B=1236,1236,0,0,-16
mv U' code=0 aligned=1 homed=- ms=119.0 U=2122,3132,-14,2,0 R=1091,1090,-1,0,-1 F=675,674,-1,3,-7 D=3505,3505,0,2,2 L=1250,1250,0,0,-1 B=1235,1236,1,0,-16
mv U' code=0 aligned=1 homed=- ms=119.0 U=3133,61,0,3,-3 R=1091,1090,-1,0,-1 F=675,674,-1,3,-7 D=3505,3505,0,2,2 L=1249,1250,1,0,-1 B=1236,1236,0,0,-16
mv U' code=0 aligned=1 homed=- ms=119.0 U=64,1100,12,0,-2 R=1091,1090,-1,0,-1 F=675,673,-2,3,-8 D=3505,3505,0,2,2 L=1249,1250,1,0,-1 B=1236,1236,0,0,-16
mv U' code=0 aligned=1 homed=- ms=119.0 U=1102,2119,-7,1,-3 R=1091,1090,-1,0,-1 F=675,674,-1,3,-7 D=3505,3505,0,2,2 L=1249,1250,1,0,-1 B=1236,1236,0,0,-16
mv U' code=0 aligned=1 homed=- ms=119.0 U=2122,3132,-14,2,0 R=1091,1090,-1,0,-1 F=675,674,-1,3,-7 D=3505,3506,1,2,3 L=1249,1250,1,0,-1 B=1236,1236,0,0,-16
mv U' code=0 aligned=1 homed=- ms=119.0 U=3134,61,-1,3,-3 R=1091,1090,-1,0,-1 F=675,674,-1,3,-7 D=3506,3505,-1,2,2 L=1249,1250,1,0,-1 B=1236,1236,0,0,-16
mv U' code=0 aligned=1 homed=- ms=119.0 U=63,1100,13,0,-2 R=1091,1090,-1,0,-1 F=675,674,-1,3,-7 D=3505,3505,0,2,2 L=1249,1250,1,0,-1 B=1236,1236,0,0,-16
mv U' code=0 aligned=1 homed=- ms=119.0 U=1101,2119,-6,1,-3 R=1091,1090,-1,0,-1 F=675,674,-1,3,-7 D=3505,3505,0,2,2 L=1249,1250,1,0,-1 B=1236,1236,0,0,-16
mv U' code=0 aligned=1 homed=- ms=119.0 U=2122,3132,-14,2,0 R=1091,1090,-1,0,-1 F=675,674,-1,3,-7 D=3505,3505,0,2,2 L=1249,1250,1,0,-1 B=1236,1236,0,0,-16
mv U' code=0 aligned=1 homed=- ms=119.0 U=3133,61,0,3,-3 R=1091,1090,-1,0,-1 F=675,674,-1,3,-7 D=3505,3505,0,2,2 L=1249,1250,1,0,-1 B=1235,1236,1,0,-16
mv U' code=0 aligned=1 homed=- ms=119.0 U=63,1100,13,0,-2 R=1091,1090,-1,0,-1 F=675,674,-1,3,-7 D=3505,3505,0,2,2 L=1249,1250,1,0,-1 B=1236,1236,0,0,-16
mv U' code=0 aligned=1 homed=- ms=119.0 U=1101,2119,-6,1,-3 R=1091,1090,-1,0,-1 F=675,674,-1,3,-7 D=3505,3505,0,2,2 L=1249,1250,1,0,-1 B=1236,1236,0,0,-16
mv U' code=0 aligned=1 homed=- ms=119.0 U=2122,3132,-14,2,0 R=1091,1090,-1,0,-1 F=675,674,-1,3,-7 D=3505,3505,0,2,2 L=1249,1250,1,0,-1 B=1236,1236,0,0,-16
mv U' code=0 aligned=1 homed=- ms=119.0 U=3134,61,-1,3,-3 R=1091,1090,-1,0,-1 F=675,674,-1,3,-7 D=3505,3505,0,2,2 L=1249,1250,1,0,-1 B=1236,1236,0,0,-16
mv U' code=0 aligned=1 homed=- ms=119.0 U=63,1100,13,0,-2 R=1091,1090,-1,0,-1 F=675,674,-1,3,-7 D=3505,3505,0,2,2 L=1249,1250,1,0,-1 B=1236,1236,0,0,-16
mv U' code=0 aligned=1 homed=- ms=119.0 U=1101,2119,-6,1,-3 R=1091,1090,-1,0,-1 F=675,674,-1,3,-7 D=3505,3506,1,2,3 L=1249,1250,1,0,-1 B=1236,1236,0,0,-16
mv U' code=0 aligned=1 homed=- ms=119.0 U=2122,3132,-14,2,0 R=1091,1090,-1,0,-1 F=675,674,-1,3,-7 D=3505,3505,0,2,2 L=1249,1250,1,0,-1 B=1236,1236,0,0,-16
mv U' code=0 aligned=1 homed=- ms=119.0 U=3134,61,-1,3,-3 R=1091,1090,-1,0,-1 F=675,674,-1,3,-7 D=3505,3505,0,2,2 L=1249,1250,1,0,-1 B=1235,1236,1,0,-16
mv U' code=0 aligned=1 homed=- ms=119.0 U=64,1100,12,0,-2 R=1091,1090,-1,0,-1 F=675,674,-1,3,-7 D=3505,3506,1,2,3 L=1250,1250,0,0,-1 B=1236,1236,0,0,-16
mv U' code=0 aligned=1 homed=- ms=119.0 U=1101,2119,-6,1,-3 R=1091,1090,-1,0,-1 F=675,674,-1,3,-7 D=3505,3506,1,2,3 L=1249,1250,1,0,-1 B=1236,1236,0,0,-16
mv U' code=0 aligned=1 homed=- ms=119.0 U=2122,3132,-14,2,0 R=1091,1090,-1,0,-1 F=675,674,-1,3,-7 D=3505,3506,1,2,3 L=1249,1249,0,0,-2 B=1236,1236,0,0,-16
mv U' code=0 aligned=1 homed=- ms=119.0 U=3134,61,-1,3,-3 R=1091,1090,-1,0,-1 F=675,674,-1,3,-7 D=3505,3505,0,2,2 L=1250,1250,0,0,-1 B=1235,1236,1,0,-16
mv U' code=0 aligned=1 homed=- ms=119.0 U=63,1100,13,0,-2 R=1091,1090,-1,0,-1 F=675,674,-1,3,-7 D=3505,3505,0,2,2 L=1249,1250,1,0,-1 B=1236,1236,0,0,-16
mv U' code=0 aligned=1 homed=- ms=119.0 U=1102,2119,-7,1,-3 R=1091,1090,-1,0,-1 F=675,674,-1,3,-7 D=3505,3505,0,2,2 L=1249,1250,1,0,-1 B=1236,1236,0,0,-16
mv U' code=0 aligned=1 homed=- ms=119.0 U=2122,3132,-14,2,0 R=1091,1090,-1,0,-1 F=675,674,-1,3,-7 D=3505,3505,0,2,2 L=1250,1250,0,0,-1 B=1236,1236,0,0,-16
mv U' code=0 aligned=1 homed=- ms=119.0 U=3134,61,-1,3,-3 R=1091,1090,-1,0,-1 F=675,674,-1,3,-7 D=3505,3505,0,2,2 L=1249,1250,1,0,-1 B=1236,1236,0,0,-16
mv U' code=0 aligned=1 homed=- ms=119.0 U=63,1100,13,0,-2 R=1091,1090,-1,0,-1 F=675,674,-1,3,-7 D=3505,3505,0,2,2 L=1249,1250,1,0,-1 B=1236,1236,0,0,-16
mv U' code=0 aligned=1 homed=- ms=119.0 U=1101,2119,-6,1,-3 R=1091,1090,-1,0,-1 F=675,674,-1,3,-7 D=3505,3505,0,2,2 L=1249,1250,1,0,-1 B=1236,1236,0,0,-16
mv U' code=0 aligned=1 homed=- ms=119.0 U=2122,3132,-14,2,0 R=1091,1090,-1,0,-1 F=675,674,-1,3,-7 D=3505,3505,0,2,2 L=1249,1250,1,0,-1 B=1236,1236,0,0,-16
mv U' code=0 aligned=1 homed=- ms=119.0 U=3133,61,0,3,-3 R=1091,1090,-1,0,-1 F=675,674,-1,3,-7 D=3505,3505,0,2,2 L=1249,1250,1,0,-1 B=1236,1236,0,0,-16
mv U' code=0 aligned=1 homed=- ms=119.0 U=63,1100,13,0,-2 R=1091,1090,-1,0,-1 F=675,674,-1,3,-7 D=3505,3506,1,2,3 L=1249,1250,1,0,-1 B=1236,1236,0,0,-16
mv U' code=0 aligned=1 homed=- ms=119.0 U=1101,2119,-6,1,-3 R=1091,1090,-1,0,-1 F=675,673,-2,3,-8 D=3505,3506,1,2,3 L=1249,1250,1,0,-1 B=1235,1236,1,0,-16
mv U' code=0 aligned=1 homed=- ms=119.0 U=2122,3132,-14,2,0 R=1091,1090,-1,0,-1 F=675,674,-1,3,-7 D=3505,3505,0,2,2 L=1249,1250,1,0,-1 B=1236,1236,0,0,-16
mv U' code=0 aligned=1 homed=- ms=119.0 U=3133,60,-1,3,-4 R=1091,1090,-1,0,-1 F=675,674,-1,3,-7 D=3505,3505,0,2,2 L=1249,1250,1,0,-1 B=1236,1236,0,0,-16
mv U' code=0 aligned=1 homed=- ms=119.0 U=63,1100,13,0,-2 R=1091,1090,-1,0,-1 F=675,674,-1,3,-7 D=3505,3506,1,2,3 L=1249,1250,1,0,-1 B=1236,1236,0,0,-16
mv U' code=0 aligned=1 homed=- ms=119.0 U=1102,2120,-6,1,-2 R=1090,1090,0,0,-1 F=675,673,-2,3,-8 D=3505,3505,0,2,2 L=1249,1250,1,0,-1 B=1236,1236,0,0,-16
mv U' code=0 aligned=1 homed=- ms=119.0 U=2122,3132,-14,2,0 R=1091,1090,-1,0,-1 F=675,674,-1,3,-7 D=3505,3505,0,2,2 L=1249,1250,1,0,-1 B=1235,1236,1,0,-16
mv U' code=0 aligned=1 homed=- ms=119.0 U=3134,61,-1,3,-3 R=1091,1090,-1,0,-1 F=675,674,-1,3,-7 D=3505,3505,0,2,2 L=1250,1250,0,0,-1 B=1236,1236,0,0,-16
mv U' code=0 aligned=1 homed=- ms=119.0 U=63,1100,13,0,-2 R=1091,1090,-1,0,-1 F=675,674,-1,3,-7 D=3505,3505,0,2,2 L=1249,1250,1,0,-1 B=1236,1236,0,0,-16
mv U' code=0 aligned=1 homed=- ms=119.0 U=1102,2119,-7,1,-3 R=1091,1090,-1,0,-1 F=675,674,-1,3,-7 D=3505,3505,0,2,2 L=1249,1249,0,0,-2 B=1236,1236,0,0,-16
mv U' code=0 aligned=1 homed=- ms=119.0 U=2122,3132,-14,2,0 R=1091,1090,-1,0,-1 F=675,674,-1,3,-7 D=3505,3506,1,2,3 L=1249,1250,1,0,-1 B=1236,1236,0,0,-16
mv U' code=0 aligned=1 homed=- ms=119.0 U=3133,61,0,3,-3 R=1091,1090,-1,0,-1 F=675,674,-1,3,-7 D=3505,3505,0,2,2 L=1249,1250,1,0,-1 B=1235,1236,1,0,-16
mv U' code=0 aligned=1 homed=- ms=119.0 U=63,1100,13,0,-2 R=1091,1090,-1,0,-1 F=675,674,-1,3,-7 D=3506,3505,-1,2,2 L=1249,1250,1,0,-1 B=1236,1236,0,0,-16
mv U' code=0 aligned=1 homed=- ms=119.0 U=1102,2119,-7,1,-3 R=1091,1090,-1,0,-1 F=675,674,-1,3,-7 D=3505,3505,0,2,2 L=1250,1250,0,0,-1 B=1236,1236,0,0,-16
mv U' code=0 aligned=1 homed=- ms=119.0 U=2122,3132,-14,2,0 R=1091,1090,-1,0,-1 F=675,674,-1,3,-7 D=3505,3505,0,2,2 L=1249,1250,1,0,-1 B=1236,1236,0,0,-16
mv U' code=0 aligned=1 homed=- ms=119.0 U=3134,61,-1,3,-3 R=1091,1090,-1,0,-1 F=675,674,-1,3,-7 D=3505,3505,0,2,2 L=1249,1250,1,0,-1 B=1236,1236,0,0,-16
mv U' code=0 aligned=1 homed=- ms=119.0 U=63,1100,13,0,-2 R=1091,1090,-1,0,-1 F=675,674,-1,3,-7 D=3505,3505,0,2,2 L=1249,1249,0,0,-2 B=1236,1236,0,0,-16
mv U' code=0 aligned=1 homed=- ms=119.0 U=1102,2119,-7,1,-3 R=1091,1090,-1,0,-1 F=675,674,-1,3,-7 D=3505,3505,0,2,2 L=1249,1250,1,0,-1 B=1236,1236,0,0,-16
mv U' code=0 aligned=1 homed=- ms=119.0 U=2122,3132,-14,2,0 R=1091,1090,-1,0,-1 F=675,674,-1,3,-7 D=3505,3505,0,2,2 L=1249,1250,1,0,-1 B=1236,1236,0,0,-16
mv U' code=0 aligned=1 homed=- ms=119.0 U=3134,61,-1,3,-3 R=1091,1090,-1,0,-1 F=675,674,-1,3,-7 D=3505,3506,1,2,3 L=1249,1250,1,0,-1 B=1236,1236,0,0,-16
mv U' code=0 aligned=1 homed=- ms=119.0 U=63,1100,13,0,-2 R=1091,1090,-1,0,-1 F=675,674,-1,3,-7 D=3506,3505,-1,2,2 L=1250,1250,0,0,-1 B=1236,1236,0,0,-16
mv U' code=0 aligned=1 homed=- ms=119.0 U=1102,2119,-7,1,-3 R=1091,1090,-1,0,-1 F=675,674,-1,3,-7 D=3505,3505,0,2,2 L=1249,1250,1,0,-1 B=1235,1236,1,0,-16
mv U' code=0 aligned=1 homed=- ms=119.0 U=2122,3132,-14,2,0 R=1091,1090,-1,0,-1 F=675,674,-1,3,-7 D=3505,3505,0,2,2 L=1249,1250,1,0,-1 B=1236,1236,0,0,-16
mv U' code=0 aligned=1 homed=- ms=119.0 U=3133,61,0,3,-3 R=1091,1090,-1,0,-1 F=675,674,-1,3,-7 D=3505,3505,0,2,2 L=1249,1250,1,0,-1 B=1236,1236,0,0,-16
mv U' code=0 aligned=1 homed=- ms=119.0 U=63,1100,13,0,-2 R=1091,1090,-1,0,-1 F=675,674,-1,3,-7 D=3505,3505,0,2,2 L=1249,1250,1,0,-1 B=1236,1236,0,0,-16
mv U' code=0 aligned=1 homed=- ms=119.0 U=1102,2119,-7,1,-3 R=1091,1090,-1,0,-1 F=675,674,-1,3,-7 D=3505,3505,0,2,2 L=1249,1250,1,0,-1 B=1236,1236,0,0,-16
mv U' code=0 aligned=1 homed=- ms=119.0 U=2122,3132,-14,2,0 R=1091,1090,-1,0,-1 F=675,674,-1,3,-7 D=3505,3506,1,2,3 L=1249,1250,1,0,-1 B=1236,1236,0,0,-16
mv U' code=0 aligned=1 homed=- ms=119.0 U=3134,61,-1,3,-3 R=1091,1090,-1,0,-1 F=675,674,-1,3,-7 D=3505,3505,0,2,2 L=1249,1250,1,0,-1 B=1236,1236,0,0,-16
mv U' code=0 aligned=1 homed=- ms=119.0 U=63,1100,13,0,-2 R=1091,1090,-1,0,-1 F=675,674,-1,3,-7 D=3505,3505,0,2,2 L=1249,1249,0,0,-2 B=1236,1236,0,0,-16
mv U' code=0 aligned=1 homed=- ms=119.0 U=1101,2120,-5,1,-2 R=1091,1090,-1,0,-1 F=675,674,-1,3,-7 D=3505,3505,0,2,2 L=1249,1250,1,0,-1 B=1236,1236,0,0,-16
mv U' code=0 aligned=1 homed=- ms=119.0 U=2122,3132,-14,2,0 R=1091,1090,-1,0,-1 F=675,674,-1,3,-7 D=3505,3506,1,2,3 L=1250,1249,-1,0,-2 B=1235,1236,1,0,-16
mv U' code=0 aligned=1 homed=- ms=119.0 U=3134,61,-1,3,-3 R=1091,1090,-1,0,-1 F=675,674,-1,3,-7 D=3505,3505,0,2,2 L=1250,1250,0,0,-1 B=1236,1236,0,0,-16
mv U' code=0 aligned=1 homed=- ms=119.0 U=64,1100,12,0,-2 R=1091,1090,-1,0,-1 F=675,674,-1,3,-7 D=3505,3506,1,2,3 L=1249,1250,1,0,-1 B=1236,1236,0,0,-16
mv U' code=0 aligned=1 homed=- ms=119.0 U=1101,2119,-6,1,-3 R=1091,1090,-1,0,-1 F=675,674,-1,3,-7 D=3505,3506,1,2,3 L=1249,1250,1,0,-1 B=1236,1236,0,0,-16
mv U' code=0 aligned=1 homed=- ms=119.0 U=2122,3132,-14,2,0 R=1091,1090,-1,0,-1 F=675,674,-1,3,-7 D=3505,3505,0,2,2 L=1249,1250,1,0,-1 B=1236,1236,0,0,-16
mv U' code=0 aligned=1 homed=- ms=119.0 U=3134,60,-2,3,-4 R=1091,1090,-1,0,-1 F=675,674,-1,3,-7 D=3505,3505,0,2,2 L=1249,1250,1,0,-1 B=1236,1236,0,0,-16
mv U' code=0 aligned=1 homed=- ms=119.0 U=63,1100,13,0,-2 R=1091,1090,-1,0,-1 F=675,674,-1,3,-7 D=3505,3506,1,2,3 L=1249,1250,1,0,-1 B=1236,1236,0,0,-16
mv U' code=0 aligned=1 homed=- ms=119.0 U=1101,2119,-6,1,-3 R=1091,1090,-1,0,-1 F=675,674,-1,3,-7 D=3505,3505,0,2,2 L=1249,1250,1,0,-1 B=1236,1236,0,0,-16
mv U' code=0 aligned=1 homed=- ms=119.0 U=2122,3132,-14,2,0 R=1091,1090,-1,0,-1 F=675,674,-1,3,-7 D=3505,3505,0,2,2 L=1249,1250,1,0,-1 B=1236,1236,0,0,-16
mv U' code=0 aligned=1 homed=- ms=119.0 U=3134,61,-1,3,-3 R=1091,1090,-1,0,-1 F=675,674,-1,3,-7 D=3505,3505,0,2,2 L=1250,1250,0,0,-1 B=1236,1236,0,0,-16
mv U' code=0 aligned=1 homed=- ms=119.0 U=63,1100,13,0,-2 R=1091,1090,-1,0,-1 F=675,674,-1,3,-7 D=3505,3505,0,2,2 L=1249,1249,0,0,-2 B=1236,1236,0,0,-16
mv U' code=0 aligned=1 homed=- ms=119.0 U=1101,2119,-6,1,-3 R=1091,1090,-1,0,-1 F=675,674,-1,3,-7 D=3505,3505,0,2,2 L=1250,1250,0,0,-1 B=1236,1236,0,0,-16
mv U' code=0 aligned=1 homed=- ms=119.0 U=2122,3132,-14,2,0 R=1091,1090,-1,0,-1 F=675,674,-1,3,-7 D=3505,3505,0,2,2 L=1249,1250,1,0,-1 B=1236,1236,0,0,-16
mv U' code=0 aligned=1 homed=- ms=119.0 U=3134,61,-1,3,-3 R=1091,1090,-1,0,-1 F=675,674,-1,3,-7 D=3505,3506,1,2,3 L=1250,1250,0,0,-1 B=1236,1236,0,0,-16
mv U' code=0 aligned=1 homed=- ms=119.0 U=63,1100,13,0,-2 R=1091,1090,-1,0,-1 F=675,674,-1,3,-7 D=3505,3505,0,2,2 L=1249,1250,1,0,-1 B=1236,1236,0,0,-16
mv U' code=0 aligned=1 homed=- ms=119.0 U=1102,2119,-7,1,-3 R=1091,1090,-1,0,-1 F=675,674,-1,3,-7 D=3505,3505,0,2,2 L=1249,1250,1,0,-1 B=1236,1236,0,0,-16
mv U' code=0 aligned=1 homed=- ms=119.0 U=2122,3132,-14,2,0 R=1091,1090,-1,0,-1 F=675,674,-1,3,-7 D=3505,3506,1,2,3 L=1249,1250,1,0,-1 B=1236,1236,0,0,-16
mv U' code=0 aligned=1 homed=- ms=119.0 U=3134,61,-1,3,-3 R=1091,1090,-1,0,-1 F=675,674,-1,3,-7 D=3505,3505,0,2,2 L=1249,1250,1,0,-1 B=1236,1236,0,0,-16
mv U' code=0 aligned=1 homed=- ms=119.0 U=63,1100,13,0,-2 R=1091,1090,-1,0,-1 F=675,674,-1,3,-7 D=3505,3505,0,2,2 L=1250,1250,0,0,-1 B=1236,1236,0,0,-16
mv U' code=0 aligned=1 homed=- ms=119.0 U=1101,2119,-6,1,-3 R=1091,1090,-1,0,-1 F=675,674,-1,3,-7 D=3505,3505,0,2,2 L=1249,1250,1,0,-1 B=1236,1236,0,0,-16
mv U' code=0 aligned=1 homed=- ms=119.0 U=2122,3132,-14,2,0 R=1091,1090,-1,0,-1 F=675,674,-1,3,-7 D=3505,3505,0,2,2 L=1249,1250,1,0,-1 B=1236,1236,0,0,-16
mv U' code=0 aligned=1 homed=- ms=119.0 U=3134,61,-1,3,-3 R=1091,1090,-1,0,-1 F=675,674,-1,3,-7 D=3505,3505,0,2,2 L=1249,1250,1,0,-1 B=1236,1236,0,0,-16
mv U' code=0 aligned=1 homed=- ms=119.0 U=63,1100,13,0,-2 R=1091,1090,-1,0,-1 F=675,674,-1,3,-7 D=3505,3505,0,2,2 L=1249,1250,1,0,-1 B=1236,1236,0,0,-16
mv U' code=0 aligned=1 homed=- ms=119.0 U=1102,2119,-7,1,-3 R=1091,1090,-1,0,-1 F=675,674,-1,3,-7 D=3505,3505,0,2,2 L=1249,1250,1,0,-1 B=1236,1236,0,0,-16
mv U' code=0 aligned=1 homed=- ms=119.0 U=2122,3132,-14,2,0 R=1091,1090,-1,0,-1 F=675,674,-1,3,-7 D=3505,3505,0,2,2 L=1249,1249,0,0,-2 B=1236,1236,0,0,-16
mv U' code=0 aligned=1 homed=- ms=119.0 U=3133,61,0,3,-3 R=1091,1090,-1,0,-1 F=675,674,-1,3,-7 D=3505,3506,1,2,3 L=1249,1249,0,0,-2 B=1236,1236,0,0,-16
mv U' code=0 aligned=1 homed=- ms=119.0 U=63,1100,13,0,-2 R=1091,1090,-1,0,-1 F=675,674,-1,3,-7 D=3505,3506,1,2,3 L=1249,1249,0,0,-2 B=1236,1236,0,0,-16
mv U' code=0 aligned=1 homed=- ms=119.0 U=1101,2119,-6,1,-3 R=1091,1090,-1,0,-1 F=675,674,-1,3,-7 D=3505,3505,0,2,2 L=1249,1250,1,0,-1 B=1236,1236,0,0,-16
mv U' code=0 aligned=1 homed=- ms=119.0 U=2122,3132,-14,2,0 R=1091,1090,-1,0,-1 F=675,674,-1,3,-7 D=3505,3505,0,2,2 L=1249,1250,1,0,-1 B=1236,1236,0,0,-16
mv U' code=0 aligned=1 homed=- ms=119.0 U=3134,61,-1,3,-3 R=1091,1090,-1,0,-1 F=675,674,-1,3,-7 D=3505,3505,0,2,2 L=1249,1250,1,0,-1 B=1236,1236,0,0,-16
mv U' code=0 aligned=1 homed=- ms=119.0 U=63,1100,13,0,-2 R=1091,1090,-1,0,-1 F=675,674,-1,3,-7 D=3505,3505,0,2,2 L=1249,1250,1,0,-1 B=1236,1236,0,0,-16
mv U' code=0 aligned=1 homed=- ms=119.0 U=1101,2119,-6,1,-3 R=1091,1090,-1,0,-1 F=675,674,-1,3,-7 D=3505,3505,0,2,2 L=1249,1250,1,0,-1 B=1235,1236,1,0,-16
mv U' code=0 aligned=1 homed=- ms=119.0 U=2122,3132,-14,2,0 R=1091,1090,-1,0,-1 F=675,674,-1,3,-7 D=3505,3505,0,2,2 L=1249,1250,1,0,-1 B=1236,1236,0,0,-16
mv U' code=0 aligned=1 homed=- ms=119.0 U=3134,61,-1,3,-3 R=1091,1090,-1,0,-1 F=675,674,-1,3,-7 D=3505,3505,0,2,2 L=1249,1250,1,0,-1 B=1236,1236,0,0,-16
mv U' code=0 aligned=1 homed=- ms=119.0 U=63,1100,13,0,-2 R=1091,1090,-1,0,-1 F=675,674,-1,3,-7 D=3505,3505,0,2,2 L=1249,1250,1,0,-1 B=1236,1236,0,0,-16
mv U' code=0 aligned=1 homed=- ms=119.0 U=1102,2119,-7,1,-3 R=1091,1090,-1,0,-1 F=675,674,-1,3,-7 D=3505,3505,0,2,2 L=1249,1250,1,0,-1 B=1236,1236,0,0,-16
mv U' code=0 aligned=1 homed=- ms=119.0 U=2122,3132,-14,2,0 R=1091,1090,-1,0,-1 F=675,674,-1,3,-7 D=3505,3505,0,2,2 L=1249,1250,1,0,-1 B=1235,1236,1,0,-16
mv U' code=0 aligned=1 homed=- ms=119.0 U=3134,61,-1,3,-3 R=1091,1090,-1,0,-1 F=675,673,-2,3,-8 D=3505,3505,0,2,2 L=1249,1250,1,0,-1 B=1236,1236,0,0,-16
mv U' code=0 aligned=1 homed=- ms=119.0 U=63,1100,13,0,-2 R=1091,1090,-1,0,-1 F=675,674,-1,3,-7 D=3505,3505,0,2,2 L=1249,1250,1,0,-1 B=1236,1236,0,0,-16
mv U' code=0 aligned=1 homed=- ms=119.0 U=1101,2119,-6,1,-3 R=1091,1090,-1,0,-1 F=675,674,-1,3,-7 D=3505,3505,0,2,2 L=1249,1250,1,0,-1 B=1236,1236,0,0,-16
mv U' code=0 aligned=1 homed=- ms=119.0 U=2122,3132,-14,2,0 R=1091,1090,-1,0,-1 F=675,674,-1,3,-7 D=3505,3505,0,2,2 L=1249,1250,1,0,-1 B=1235,1236,1,0,-16
mv U' code=0 aligned=1 homed=- ms=119.0 U=3134,61,-1,3,-3 R=1091,1090,-1,0,-1 F=675,674,-1,3,-7 D=3505,3505,0,2,2 L=1249,1249,0,0,-2 B=1236,1236,0,0,-16
mv U' code=0 aligned=1 homed=- ms=119.0 U=63,1100,13,0,-2 R=1091,1090,-1,0,-1 F=675,674,-1,3,-7 D=3505,3505,0,2,2 L=1249,1250,1,0,-1 B=1236,1236,0,0,-16
mv U' code=0 aligned=1 homed=- ms=119.0 U=1102,2120,-6,1,-2 R=1091,1090,-1,0,-1 F=675,674,-1,3,-7 D=3505,3505,0,2,2 L=1249,1250,1,0,-1 B=1236,1236,0,0,-16
mv U' code=0 aligned=1 homed=- ms=119.0 U=2122,3132,-14,2,0 R=1091,1090,-1,0,-1 F=675,674,-1,3,-7 D=3505,3505,0,2,2 L=1249,1250,1,0,-1 B=1236,1236,0,0,-16
mv U' code=0 aligned=1 homed=- ms=119.0 U=3134,61,-1,3,-3 R=1091,1090,-1,0,-1 F=675,674,-1,3,-7 D=3505,3505,0,2,2 L=1249,1250,1,0,-1 B=1236,1236,0,0,-16
mv U' code=0 aligned=1 homed=- ms=119.0 U=63,1100,13,0,-2 R=1091,1090,-1,0,-1 F=675,674,-1,3,-7 D=3505,3505,0,2,2 L=1249,1250,1,0,-1 B=1236,1236,0,0,-16
mv U' code=0 aligned=1 homed=- ms=119.0 U=1102,2119,-7,1,-3 R=1091,1090,-1,0,-1 F=675,674,-1,3,-7 D=3505,3506,1,2,3 L=1249,1250,1,0,-1 B=1235,1236,1,0,-16
mv U' code=0 aligned=1 homed=- ms=119.0 U=2122,3132,-14,2,0 R=1091,1090,-1,0,-1 F=675,674,-1,3,-7 D=3505,3505,0,2,2 L=1250,1250,0,0,-1 B=1236,1236,0,0,-16
mv U' code=0 aligned=1 homed=- ms=119.0 U=3133,61,0,3,-3 R=1091,1090,-1,0,-1 F=675,674,-1,3,-7 D=3505,3505,0,2,2 L=1249,1250,1,0,-1 B=1236,1236,0,0,-16
mv U' code=0 aligned=1 homed=- ms=119.0 U=63,1100,13,0,-2 R=1091,1090,-1,0,-1 F=675,674,-1,3,-7 D=3505,3505,0,2,2 L=1250,1250,0,0,-1 B=1236,1236,0,0,-16
mv U' code=0 aligned=1 homed=- ms=119.0 U=1101,2119,-6,1,-3 R=1091,1090,-1,0,-1 F=675,674,-1,3,-7 D=3505,3505,0,2,2 L=1249,1250,1,0,-1 B=1236,1236,0,0,-16
mv U' code=0 aligned=1 homed=- ms=119.0 U=2122,3132,-14,2,0 R=1091,1090,-1,0,-1 F=675,674,-1,3,-7 D=3505,3505,0,2,2 L=1249,1250,1,0,-1 B=1236,1236,0,0,-16
mv U' code=0 aligned=1 homed=- ms=119.0 U=3134,61,-1,3,-3 R=1091,1090,-1,0,-1 F=675,674,-1,3,-7 D=3505,3505,0,2,2 L=1249,1250,1,0,-1 B=1235,1235,0,0,-17
mv U' code=0 aligned=1 homed=- ms=119.0 U=63,1100,13,0,-2 R=1091,1090,-1,0,-1 F=675,674,-1,3,-7 D=3505,3505,0,2,2 L=1249,1250,1,0,-1 B=1235,1236,1,0,-16
mv U' code=0 aligned=1 homed=- ms=119.0 U=1101,2120,-5,1,-2 R=1091,1090,-1,0,-1 F=675,674,-1,3,-7 D=3505,3505,0,2,2 L=1249,1250,1,0,-1 B=1236,1236,0,0,-16
mv U' code=0 aligned=1 homed=- ms=119.0 U=2122,3132,-14,2,0 R=1091,1090,-1,0,-1 F=675,674,-1,3,-7 D=3505,3505,0,2,2 L=1249,1250,1,0,-1 B=1236,1236,0,0,-16
mv U' code=0 aligned=1 homed=- ms=119.0 U=3134,61,-1,3,-3 R=1091,1090,-1,0,-1 F=675,674,-1,3,-7 D=3505,3505,0,2,2 L=1249,1250,1,0,-1 B=1236,1236,0,0,-16
mv U' code=0 aligned=1 homed=- ms=119.0 U=63,1100,13,0,-2 R=1091,1090,-1,0,-1 F=675,674,-1,3,-7 D=3505,3505,0,2,2 L=1249,1250,1,0,-1 B=1236,1236,0,0,-16
mv U' code=0 aligned=1 homed=- ms=119.0 U=1101,2119,-6,1,-3 R=1091,1090,-1,0,-1 F=675,674,-1,3,-7 D=3505,3505,0,2,2 L=1249,1250,1,0,-1 B=1236,1236,0,0,-16
mv U' code=0 aligned=1 homed=- ms=119.0 U=2122,3132,-14,2,0 R=1091,1090,-1,0,-1 F=675,674,-1,3,-7 D=3505,3505,0,2,2 L=1249,1250,1,0,-1 B=1236,1236,0,0,-16
mv U' code=0 aligned=1 homed=- ms=119.0 U=3134,61,-1,3,-3 R=1091,1090,-1,0,-1 F=675,674,-1,3,-7 D=3505,3506,1,2,3 L=1249,1250,1,0,-1 B=1235,1236,1,0,-16
mv U' code=0 aligned=1 homed=- ms=119.0 U=63,1100,13,0,-2 R=1091,1090,-1,0,-1 F=675,674,-1,3,-7 D=3505,3505,0,2,2 L=1249,1250,1,0,-1 B=1236,1236,0,0,-16
mv U' code=0 aligned=1 homed=- ms=119.0 U=1101,2119,-6,1,-3 R=1091,1090,-1,0,-1 F=675,674,-1,3,-7 D=3505,3505,0,2,2 L=1249,1250,1,0,-1 B=1236,1236,0,0,-16
mv U' code=0 aligned=1 homed=- ms=119.0 U=2122,3132,-14,2,0 R=1091,1090,-1,0,-1 F=675,674,-1,3,-7 D=3505,3505,0,2,2 L=1250,1250,0,0,-1 B=1236,1236,0,0,-16
mv U' code=0 aligned=1 homed=- ms=119.0 U=3134,61,-1,3,-3 R=1091,1090,-1,0,-1 F=675,674,-1,3,-7 D=3505,3505,0,2,2 L=1249,1250,1,0,-1 B=1236,1236,0,0,-16
mv U' code=0 aligned=1 homed=- ms=119.0 U=63,1101,14,0,-1 R=1091,1090,-1,0,-1 F=675,674,-1,3,-7 D=3505,3505,0,2,2 L=1249,1250,1,0,-1 B=1236,1236,0,0,-16
mv U' code=0 aligned=1 homed=- ms=119.0 U=1101,2119,-6,1,-3 R=1091,1090,-1,0,-1 F=675,674,-1,3,-7 D=3505,3506,1,2,3 L=1249,1250,1,0,-1 B=1236,1236,0,0,-16
mv U' code=0 aligned=1 homed=- ms=119.0 U=2122,3132,-14,2,0 R=1091,1090,-1,0,-1 F=675,674,-1,3,-7 D=3505,3505,0,2,2 L=1249,1250,1,0,-1 B=1235,1236,1,0,-16
mv U' code=0 aligned=1 homed=- ms=119.0 U=3133,61,0,3,-3 R=1091,1090,-1,0,-1 F=675,674,-1,3,-7 D=3505,3505,0,2,2 L=1249,1250,1,0,-1 B=1236,1236,0,0,-16
mv U' code=0 aligned=1 homed=- ms=119.0 U=63,1100,13,0,-2 R=1091,1090,-1,0,-1 F=675,674,-1,3,-7 D=3505,3505,0,2,2 L=1249,1250,1,0,-1 B=1236,1236,0,0,-16
mv U' code=0 aligned=1 homed=- ms=119.0 U=1102,2120,-6,1,-2 R=1091,1090,-1,0,-1 F=675,674,-1,3,-7 D=3505,3505,0,2,2 L=1249,1250,1,0,-1 B=1236,1236,0,0,-16
mv U' code=0 aligned=1 homed=- ms=119.0 U=2122,3132,-14,2,0 R=1090,1090,0,0,-1 F=675,674,-1,3,-7 D=3505,3505,0,2,2 L=1249,1250,1,0,-1 B=1236,1236,0,0,-16
mv U' code=0 aligned=1 homed=- ms=119.0 U=3134,61,-1,3,-3 R=1091,1090,-1,0,-1 F=675,673,-2,3,-8 D=3505,3505,0,2,2 L=1249,1250,1,0,-1 B=1236,1236,0,0,-16
mv U' code=0 aligned=1 homed=- ms=119.0 U=63,1100,13,0,-2 R=1091,1090,-1,0,-1 F=675,674,-1,3,-7 D=3505,3505,0,2,2 L=1250,1250,0,0,-1 B=1236,1236,0,0,-16
mv U' code=0 aligned=1 homed=- ms=119.0 U=1102,2119,-7,1,-3 R=1091,1090,-1,0,-1 F=675,674,-1,3,-7 D=3505,3505,0,2,2 L=1249,1250,1,0,-1 B=1236,1236,0,0,-16
mv U' code=0 aligned=1 homed=- ms=119.0 U=2122,3131,-15,2,-1 R=1091,1090,-1,0,-1 F=675,674,-1,3,-7 D=3505,3505,0,2,2 L=1249,1250,1,0,-1 B=1236,1236,0,0,-16
mv U' code=0 aligned=1 homed=- ms=119.0 U=3134,61,-1,3,-3 R=1091,1090,-1,0,-1 F=675,674,-1,3,-7 D=3505,3505,0,2,2 L=1249,1250,1,0,-1 B=1236,1236,0,0,-16
mv U' code=0 aligned=1 homed=- ms=119.0 U=63,1100,13,0,-2 R=1091,1090,-1,0,-1 F=675,674,-1,3,-7 D=3505,3505,0,2,2 L=1249,1249,0,0,-2 B=1236,1236,0,0,-16
mv U' code=0 aligned=1 homed=- ms=119.0 U=1102,2120,-6,1,-2 R=1091,1090,-1,0,-1 F=675,674,-1,3,-7 D=3505,3505,0,2,2 L=1249,1250,1,0,-1 B=1236,1236,0,0,-16
mv U' code=0 aligned=1 homed=- ms=119.0 U=2122,3132,-14,2,0 R=1091,1090,-1,0,-1 F=675,674,-1,3,-7 D=3505,3505,0,2,2 L=1249,1250,1,0,-1 B=1236,1236,0,0,-16
mv U' code=0 aligned=1 homed=- ms=119.0 U=3134,61,-1,3,-3 R=1091,1090,-1,0,-1 F=675,674,-1,3,-7 D=3505,3505,0,2,2 L=1250,1250,0,0,-1 B=1236,1236,0,0,-16
mv U' code=0 aligned=1 homed=- ms=119.0 U=63,1100,13,0,-2 R=1091,1090,-1,0,-1 F=675,674,-1,3,-7 D=3505,3505,0,2,2 L=1249,1250,1,0,-1 B=1236,1236,0,0,-16
mv U' code=0 aligned=1 homed=- ms=119.0 U=1101,2120,-5,1,-2 R=1091,1090,-1,0,-1 F=675,674,-1,3,-7 D=3505,3505,0,2,2 L=1249,1250,1,0,-1 B=1236,1236,0,0,-16
mv U' code=0 aligned=1 homed=- ms=119.0 U=2122,3132,-14,2,0 R=1091,1090,-1,0,-1 F=675,674,-1,3,-7 D=3505,3505,0,2,2 L=1249,1250,1,0,-1 B=1236,1236,0,0,-16
mv U' code=0 aligned=1 homed=- ms=119.0 U=3134,61,-1,3,-3 R=1091,1090,-1,0,-1 F=675,674,-1,3,-7 D=3505,3505,0,2,2 L=1249,1249,0,0,-2 B=1236,1236,0,0,-16
mv U' code=0 aligned=1 homed=- ms=119.0 U=63,1100,13,0,-2 R=1091,1090,-1,0,-1 F=675,674,-1,3,-7 D=3505,3505,0,2,2 L=1250,1250,0,0,-1 B=1236,1236,0,0,-16
mv U' code=0 aligned=1 homed=- ms=119.0 U=1101,2120,-5,1,-2 R=1091,1090,-1,0,-1 F=675,674,-1,3,-7 D=3505,3505,0,2,2 L=1249,1250,1,0,-1 B=1236,1236,0,0,-16
mv U' code=0 aligned=1 homed=- ms=119.0 U=2122,3132,-14,2,0 R=1091,1090,-1,0,-1 F=675,674,-1,3,-7 D=3505,3505,0,2,2 L=1249,1249,0,0,-2 B=1236,1236,0,0,-16
mv U' code=0 aligned=1 homed=- ms=119.0 U=3133,61,0,3,-3 R=1091,1090,-1,0,-1 F=675,674,-1,3,-7 D=3505,3505,0,2,2 L=1249,1250,1,0,-1 B=1236,1236,0,0,-16
mv U' code=0 aligned=1 homed=- ms=119.0 U=63,1100,13,0,-2 R=1091,1090,-1,0,-1 F=675,674,-1,3,-7 D=3506,3505,-1,2,2 L=1249,1250,1,0,-1 B=1236,1236,0,0,-16
mv U' code=0 aligned=1 homed=- ms=119.0 U=1102,2119,-7,1,-3 R=1091,1090,-1,0,-1 F=675,673,-2,3,-8 D=3505,3505,0,2,2 L=1249,1250,1,0,-1 B=1236,1236,0,0,-16
mv U' code=0 aligned=1 homed=- ms=119.0 U=2122,3132,-14,2,0 R=1091,1090,-1,0,-1 F=675,674,-1,3,-7 D=3505,3505,0,2,2 L=1249,1250,1,0,-1 B=1236,1236,0,0,-16
mv U' code=0 aligned=1 homed=- ms=119.0 U=3134,61,-1,3,-3 R=1091,1090,-1,0,-1 F=675,674,-1,3,-7 D=3505,3505,0,2,2 L=1249,1250,1,0,-1 B=1236,1236,0,0,-16
mv U' code=0 aligned=1 homed=- ms=119.0 U=63,1100,13,0,-2 R=1091,1090,-1,0,-1 F=675,674,-1,3,-7 D=3505,3505,0,2,2 L=1250,1250,0,0,-1 B=1236,1236,0,0,-16
mv U' code=0 aligned=1 homed=- ms=119.0 U=1102,2119,-7,1,-3 R=1091,1090,-1,0,-1 F=675,674,-1,3,-7 D=3505,3505,0,2,2 L=1249,1250,1,0,-1 B=1235,1236,1,0,-16
mv U' code=0 aligned=1 homed=- ms=119.0 U=2122,3132,-14,2,0 R=1091,1090,-1,0,-1 F=675,674,-1,3,-7 D=3505,3505,0,2,2 L=1250,1250,0,0,-1 B=1236,1236,0,0,-16
mv U' code=0 aligned=1 homed=- ms=119.0 U=3134,61,-1,3,-3 R=1091,1090,-1,0,-1 F=675,674,-1,3,-7 D=3505,3505,0,2,2 L=1249,1250,1,0,-1 B=1236,1236,0,0,-16
mv U' code=0 aligned=1 homed=- ms=119.0 U=63,1100,13,0,-2 R=1091,1090,-1,0,-1 F=675,674,-1,3,-7 D=3505,3505,0,2,2 L=1249,1250,1,0,-1 B=1236,1236,0,0,-16
mv U' code=0 aligned=1 homed=- ms=119.0 U=1101,2119,-6,1,-3 R=1091,1090,-1,0,-1 F=675,673,-2,3,-8 D=3505,3505,0,2,2 L=1249,1250,1,0,-1 B=1236,1236,0,0,-16
mv U' code=0 aligned=1 homed=- ms=119.0 U=2122,3132,-14,2,0 R=1091,1090,-1,0,-1 F=675,674,-1,3,-7 D=3505,3505,0,2,2 L=1249,1250,1,0,-1 B=1236,1236,0,0,-16
mv U' code=0 aligned=1 homed=- ms=119.0 U=3134,61,-1,3,-3 R=1091,1090,-1,0,-1 F=675,674,-1,3,-7 D=3505,3505,0,2,2 L=1249,1250,1,0,-1 B=1236,1236,0,0,-16
mv U' code=0 aligned=1 homed=- ms=119.0 U=63,1100,13,0,-2 R=1091,1090,-1,0,-1 F=675,674,-1,3,-7 D=3505,3506,1,2,3 L=1249,1250,1,0,-1 B=1235,1236,1,0,-16
mv U' code=0 aligned=1 homed=- ms=119.0 U=1101,2120,-5,1,-2 R=1091,1090,-1,0,-1 F=675,674,-1,3,-7 D=3505,3505,0,2,2 L=1249,1250,1,0,-1 B=1236,1236,0,0,-16
mv U' code=0 aligned=1 homed=- ms=119.0 U=2122,3132,-14,2,0 R=1091,1090,-1,0,-1 F=675,674,-1,3,-7 D=3505,3505,0,2,2 L=1249,1250,1,0,-1 B=1236,1236,0,0,-16
mv U' code=0 aligned=1 homed=- ms=119.0 U=3134,61,-1,3,-3 R=1091,1090,-1,0,-1 F=675,674,-1,3,-7 D=3505,3505,0,2,2 L=1249,1250,1,0,-1 B=1236,1236,0,0,-16
mv U' code=0 aligned=1 homed=- ms=119.0 U=63,1100,13,0,-2 R=1091,1090,-1,0,-1 F=675,674,-1,3,-7 D=3505,3505,0,2,2 L=1249,1250,1,0,-1 B=1235,1236,1,0,-16
mv U' code=0 aligned=1 homed=- ms=119.0 U=1101,2119,-6,1,-3 R=1091,1090,-1,0,-1 F=675,674,-1,3,-7 D=3505,3505,0,2,2 L=1249,1250,1,0,-1 B=1235,1236,1,0,-16
mv U' code=0 aligned=1 homed=- ms=119.0 U=2122,3132,-14,2,0 R=1091,1090,-1,0,-1 F=675,674,-1,3,-7 D=3505,3505,0,2,2 L=1249,1250,1,0,-1 B=1236,1236,0,0,-16
mv U' code=0 aligned=1 homed=- ms=119.0 U=3133,61,0,3,-3 R=1091,1090,-1,0,-1 F=675,674,-1,3,-7 D=3505,3505,0,2,2 L=1249,1250,1,0,-1 B=1236,1236,0,0,-16
mv U' code=0 aligned=1 homed=- ms=119.0 U=63,1100,13,0,-2 R=1091,1090,-1,0,-1 F=675,674,-1,3,-7 D=3505,3505,0,2,2 L=1249,1250,1,0,-1 B=1236,1236,0,0,-16
mv U' code=0 aligned=1 homed=- ms=119.0 U=1102,2119,-7,1,-3 R=1091,1090,-1,0,-1 F=675,674,-1,3,-7 D=3505,3505,0,2,2 L=1249,1250,1,0,-1 B=1236,1236,0,0,-16
mv U' code=0 aligned=1 homed=- ms=119.0 U=2122,3132,-14,2,0 R=1091,1090,-1,0,-1 F=675,674,-1,3,-7 D=3505,3505,0,2,2 L=1249,1250,1,0,-1 B=1236,1236,0,0,-16
mv U' code=0 aligned=1 homed=- ms=119.0 U=3133,60,-1,3,-4 R=1091,1090,-1,0,-1 F=675,674,-1,3,-7 D=3505,3505,0,2,2 L=1249,1250,1,0,-1 B=1236,1236,0,0,-16
mv U' code=0 aligned=1 homed=- ms=119.0 U=63,1100,13,0,-2 R=1091,1090,-1,0,-1 F=675,674,-1,3,-7 D=3505,3505,0,2,2 L=1249,1250,1,0,-1 B=1236,1236,0,0,-16
mv U' code=0 aligned=1 homed=- ms=119.0 U=1102,2120,-6,1,-2 R=1091,1090,-1,0,-1 F=675,674,-1,3,-7 D=3505,3505,0,2,2 L=1249,1250,1,0,-1 B=1236,1236,0,0,-16
mv U' code=0 aligned=1 homed=- ms=119.0 U=2122,3132,-14,2,0 R=1091,1090,-1,0,-1 F=675,674,-1,3,-7 D=3505,3505,0,2,2 L=1249,1250,1,0,-1 B=1236,1236,0,0,-16
mv U' code=0 aligned=1 homed=- ms=119.0 U=3134,61,-1,3,-3 R=1091,1090,-1,0,-1 F=675,674,-1,3,-7 D=3505,3505,0,2,2 L=1249,1250,1,0,-1 B=1236,1236,0,0,-16
mv U' code=0 aligned=1 homed=- ms=119.0 U=63,1100,13,0,-2 R=1091,1090,-1,0,-1 F=675,674,-1,3,-7 D=3505,3506,1,2,3 L=1250,1250,0,0,-1 B=1236,1236,0,0,-16
mv U' code=0 aligned=1 homed=- ms=119.0 U=1101,2119,-6,1,-3 R=1091,1090,-1,0,-1 F=675,674,-1,3,-7 D=3505,3505,0,2,2 L=1249,1250,1,0,-1 B=1236,1236,0,0,-16
mv U' code=0 aligned=1 homed=- ms=119.0 U=2122,3132,-14,2,0 R=1091,1090,-1,0,-1 F=675,674,-1,3,-7 D=3505,3505,0,2,2 L=1250,1250,0,0,-1 B=1236,1236,0,0,-16
mv U' code=0 aligned=1 homed=- ms=119.0 U=3134,61,-1,3,-3 R=1091,1090,-1,0,-1 F=675,674,-1,3,-7 D=3505,3505,0,2,2 L=1249,1250,1,0,-1 B=1236,1236,0,0,-16
mv U' code=0 aligned=1 homed=- ms=119.0 U=63,1100,13,0,-2 R=1091,1090,-1,0,-1 F=675,674,-1,3,-7 D=3505,3505,0,2,2 L=1249,1250,1,0,-1 B=1236,1236,0,0,-16
mv U' code=0 aligned=1 homed=- ms=119.0 U=1102,2120,-6,1,-2 R=1091,1091,0,0,0 F=675,674,-1,3,-7 D=3505,3505,0,2,2 L=1249,1250,1,0,-1 B=1236,1236,0,0,-16
mv U' code=0 aligned=1 homed=- ms=119.0 U=2122,3132,-14,2,0 R=1091,1090,-1,0,-1 F=675,674,-1,3,-7 D=3505,3505,0,2,2 L=1250,1250,0,0,-1 B=1236,1236,0,0,-16
mv U' code=0 aligned=1 homed=- ms=119.0 U=3134,61,-1,3,-3 R=1091,1090,-1,0,-1 F=675,674,-1,3,-7 D=3505,3505,0,2,2 L=1249,1250,1,0,-1 B=1236,1236,0,0,-16
mv U' code=0 aligned=1 homed=- ms=119.0 U=63,1100,13,0,-2 R=1091,1090,-1,0,-1 F=675,673,-2,3,-8 D=3505,3505,0,2,2 L=1249,1249,0,0,-2 B=1236,1236,0,0,-16
mv U' code=0 aligned=1 homed=- ms=119.0 U=1101,2119,-6,1,-3 R=1091,1090,-1,0,-1 F=675,674,-1,3,-7 D=3505,3505,0,2,2 L=1249,1250,1,0,-1 B=1236,1236,0,0,-16
mv U' code=0 aligned=1 homed=- ms=119.0 U=2122,3132,-14,2,0 R=1091,1090,-1,0,-1 F=675,674,-1,3,-7 D=3505,3505,0,2,2 L=1249,1250,1,0,-1 B=1236,1236,0,0,-16
mv U' code=0 aligned=1 homed=- ms=119.0 U=3134,61,-1,3,-3 R=1091,1090,-1,0,-1 F=675,674,-1,3,-7 D=3505,3505,0,2,2 L=1249,1250,1,0,-1 B=1236,1236,0,0,-16
mv U' code=0 aligned=1 homed=- ms=119.0 U=63,1100,13,0,-2 R=1091,1090,-1,0,-1 F=675,674,-1,3,-7 D=3505,3505,0,2,2 L=1249,1250,1,0,-1 B=1235,1236,1,0,-16
mv U' code=0 aligned=1 homed=- ms=119.0 U=1101,2119,-6,1,-3 R=1091,1090,-1,0,-1 F=675,674,-1,3,-7 D=3505,3505,0,2,2 L=1249,1250,1,0,-1 B=1236,1236,0,0,-16
mv U' code=0 aligned=1 homed=- ms=119.0 U=2122,3132,-14,2,0 R=1091,1090,-1,0,-1 F=675,674,-1,3,-7 D=3505,3505,0,2,2 L=1249,1250,1,0,-1 B=1236,1236,0,0,-16
mv U' code=0 aligned=1 homed=- ms=119.0 U=3134,61,-1,3,-3 R=1091,1090,-1,0,-1 F=675,674,-1,3,-7 D=3505,3505,0,2,2 L=1249,1250,1,0,-1 B=1236,1236,0,0,-16
mv U' code=0 aligned=1 homed=- ms=119.0 U=63,1100,13,0,-2 R=1091,1090,-1,0,-1 F=675,674,-1,3,-7 D=3505,3505,0,2,2 L=1249,1250,1,0,-1 B=1236,1236,0,0,-16
mv U' code=0 aligned=1 homed=- ms=119.0 U=1101,2119,-6,1,-3 R=1091,1090,-1,0,-1 F=675,674,-1,3,-7 D=3505,3505,0,2,2 L=1249,1250,1,0,-1 B=1236,1236,0,0,-16
mv U' code=0 aligned=1 homed=- ms=119.0 U=2122,3132,-14,2,0 R=1091,1090,-1,0,-1 F=675,674,-1,3,-7 D=3505,3505,0,2,2 L=1249,1250,1,0,-1 B=1236,1236,0,0,-16
mv U' code=0 aligned=1 homed=- ms=119.0 U=3134,61,-1,3,-3 R=1091,1090,-1,0,-1 F=675,674,-1,3,-7 D=3505,3506,1,2,3 L=1249,1250,1,0,-1 B=1236,1236,0,0,-16
mv U' code=0 aligned=1 homed=- ms=119.0 U=63,1100,13,0,-2 R=1091,1090,-1,0,-1 F=675,674,-1,3,-7 D=3505,3505,0,2,2 L=1250,1250,0,0,-1 B=1236,1236,0,0,-16
mv U' code=0 aligned=1 homed=- ms=119.0 U=1101,2119,-6,1,-3 R=1091,1090,-1,0,-1 F=675,674,-1,3,-7 D=3505,3505,0,2,2 L=1249,1250,1,0,-1 B=1236,1236,0,0,-16
mv U' code=0 aligned=1 homed=- ms=119.0 U=2122,3132,-14,2,0 R=1091,1090,-1,0,-1 F=675,674,-1,3,-7 D=3505,3505,0,2,2 L=1249,1250,1,0,-1 B=1236,1236,0,0,-16
mv U' code=0 aligned=1 homed=- ms=119.0 U=3133,61,0,3,-3 R=1091,1090,-1,0,-1 F=675,674,-1,3,-7 D=3505,3505,0,2,2 L=1250,1250,0,0,-1 B=1236,1236,0,0,-16
mv U' code=0 aligned=1 homed=- ms=119.0 U=63,1100,13,0,-2 R=1091,1090,-1,0,-1 F=675,674,-1,3,-7 D=3505,3505,0,2,2 L=1249,1250,1,0,-1 B=1236,1236,0,0,-16
mv U' code=0 aligned=1 homed=- ms=119.0 U=1102,2119,-7,1,-3 R=1091,1090,-1,0,-1 F=675,674,-1,3,-7 D=3505,3505,0,2,2 L=1249,1250,1,0,-1 B=1236,1236,0,0,-16
mv U' code=0 aligned=1 homed=- ms=119.0 U=2122,3132,-14,2,0 R=1091,1090,-1,0,-1 F=675,674,-1,3,-7 D=3505,3505,0,2,2 L=1249,1249,0,0,-2 B=1236,1236,0,0,-16
mv U' code=0 aligned=1 homed=- ms=119.0 U=3134,61,-1,3,-3 R=1091,1090,-1,0,-1 F=675,674,-1,3,-7 D=3505,3505,0,2,2 L=1249,1250,1,0,-1 B=1236,1236,0,0,-16
mv U' code=0 aligned=1 homed=- ms=119.0 U=63,1100,13,0,-2 R=1091,1090,-1,0,-1 F=675,674,-1,3,-7 D=3505,3505,0,2,2 L=1249,1249,0,0,-2 B=1236,1236,0,0,-16
mv U' code=0 aligned=1 homed=- ms=119.0 U=1102,2119,-7,1,-3 R=1091,1090,-1,0,-1 F=675,674,-1,3,-7 D=3505,3505,0,2,2 L=1249,1250,1,0,-1 B=1236,1236,0,0,-16
mv U' code=0 aligned=1 homed=- ms=119.0 U=2122,3132,-14,2,0 R=1091,1090,-1,0,-1 F=675,674,-1,3,-7 D=3505,3505,0,2,2 L=1249,1250,1,0,-1 B=1236,1236,0,0,-16
mv U' code=0 aligned=1 homed=- ms=119.0 U=3134,61,-1,3,-3 R=1091,1090,-1,0,-1 F=675,673,-2,3,-8 D=3505,3505,0,2,2 L=1249,1250,1,0,-1 B=1236,1236,0,0,-16
mv U' code=0 aligned=1 homed=- ms=119.0 U=63,1100,13,0,-2 R=1091,1090,-1,0,-1 F=675,674,-1,3,-7 D=3505,3505,0,2,2 L=1249,1250,1,0,-1 B=1236,1236,0,0,-16
mv U' code=0 aligned=1 homed=- ms=119.0 U=1102,2119,-7,1,-3 R=1091,1090,-1,0,-1 F=675,674,-1,3,-7 D=3505,3505,0,2,2 L=1249,1250,1,0,-1 B=1236,1236,0,0,-16
mv U' code=0 aligned=1 homed=- ms=119.0 U=2121,3132,-13,2,0 R=1091,1090,-1,0,-1 F=675,674,-1,3,-7 D=3505,3505,0,2,2 L=1249,1249,0,0,-2 B=1235,1236,1,0,-16
mv U' code=0 aligned=1 homed=- ms=119.0 U=3133,61,0,3,-3 R=1091,1090,-1,0,-1 F=675,674,-1,3,-7 D=3505,3505,0,2,2 L=1249,1250,1,0,-1 B=1235,1236,1,0,-16
mv U' code=0 aligned=1 homed=- ms=119.0 U=63,1100,13,0,-2 R=1091,1090,-1,0,-1 F=675,674,-1,3,-7 D=3505,3505,0,2,2 L=1249,1250,1,0,-1 B=1236,1236,0,0,-16
mv U' code=0 aligned=1 homed=- ms=119.0 U=1102,2119,-7,1,-3 R=1091,1090,-1,0,-1 F=675,674,-1,3,-7 D=3505,3505,0,2,2 L=1249,1250,1,0,-1 B=1236,1236,0,0,-16
mv U' code=0 aligned=1 homed=- ms=119.0 U=2122,3132,-14,2,0 R=1091,1090,-1,0,-1 F=675,674,-1,3,-7 D=3505,3505,0,2,2 L=1250,1250,0,0,-1 B=1236,1236,0,0,-16
mv U' code=0 aligned=1 homed=- ms=119.0 U=3134,61,-1,3,-3 R=1091,1090,-1,0,-1 F=675,674,-1,3,-7 D=3505,3505,0,2,2 L=1249,1250,1,0,-1 B=1236,1236,0,0,-16
mv U' code=0 aligned=1 homed=- ms=119.0 U=63,1100,13,0,-2 R=1091,1090,-1,0,-1 F=675,674,-1,3,-7 D=3505,3505,0,2,2 L=1249,1250,1,0,-1 B=1236,1236,0,0,-16
mv U' code=0 aligned=1 homed=- ms=119.0 U=1101,2119,-6,1,-3 R=1091,1090,-1,0,-1 F=675,674,-1,3,-7 D=3505,3505,0,2,2 L=1250,1250,0,0,-1 B=1236,1236,0,0,-16
mv U' code=0 aligned=1 homed=- ms=119.0 U=2122,3132,-14,2,0 R=1091,1090,-1,0,-1 F=675,674,-1,3,-7 D=3505,3505,0,2,2 L=1249,1249,0,0,-2 B=1236,1236,0,0,-16
mv U' code=0 aligned=1 homed=- ms=119.0 U=3134,61,-1,3,-3 R=1091,1090,-1,0,-1 F=675,674,-1,3,-7 D=3505,3505,0,2,2 L=1249,1250,1,0,-1 B=1236,1236,0,0,-16
mv U' code=0 aligned=1 homed=- ms=119.0 U=63,1100,13,0,-2 R=1091,1090,-1,0,-1 F=675,674,-1,3,-7 D=3505,3505,0,2,2 L=1249,1250,1,0,-1 B=1236,1236,0,0,-16
mv U' code=0 aligned=1 homed=- ms=119.0 U=1101,2119,-6,1,-3 R=1091,1090,-1,0,-1 F=675,674,-1,3,-7 D=3505,3505,0,2,2 L=1250,1249,-1,0,-2 B=1236,1236,0,0,-16
mv U' code=0 aligned=1 homed=- ms=119.0 U=2122,3132,-14,2,0 R=1091,1090,-1,0,-1 F=675,674,-1,3,-7 D=3505,3505,0,2,2 L=1249,1250,1,0,-1 B=1236,1236,0,0,-16
mv U' code=0 aligned=1 homed=- ms=119.0 U=3134,61,-1,3,-3 R=1091,1090,-1,0,-1 F=675,674,-1,3,-7 D=3505,3505,0,2,2 L=1250,1250,0,0,-1 B=1236,1236,0,0,-16
mv U' code=0 aligned=1 homed=- ms=119.0 U=63,1100,13,0,-2 R=1091,1090,-1,0,-1 F=675,674,-1,3,-7 D=3505,3506,1,2,3 L=1249,1250,1,0,-1 B=1235,1236,1,0,-16
mv U' code=0 aligned=1 homed=- ms=119.0 U=1101,2120,-5,1,-2 R=1091,1090,-1,0,-1 F=675,674,-1,3,-7 D=3505,3505,0,2,2 L=1249,1250,1,0,-1 B=1236,1236,0,0,-16
mv U' code=0 aligned=1 homed=- ms=119.0 U=2122,3132,-14,2,0 R=1091,1090,-1,0,-1 F=675,674,-1,3,-7 D=3505,3505,0,2,2 L=1249,1250,1,0,-1 B=1236,1236,0,0,-16
mv U' code=0 aligned=1 homed=- ms=119.0 U=3133,61,0,3,-3 R=1091,1090,-1,0,-1 F=675,674,-1,3,-7 D=3505,3505,0,2,2 L=1249,1249,0,0,-2 B=1236,1236,0,0,-16
mv U' code=0 aligned=1 homed=- ms=119.0 U=63,1100,13,0,-2 R=1091,1090,-1,0,-1 F=675,674,-1,3,-7 D=3505,3505,0,2,2 L=1249,1250,1,0,-1 B=1236,1236,0,0,-16
mv U' code=0 aligned=1 homed=- ms=119.0 U=1102,2119,-7,1,-3 R=1091,1090,-1,0,-1 F=675,674,-1,3,-7 D=3505,3505,0,2,2 L=1249,1250,1,0,-1 B=1235,1236,1,0,-16
mv U' code=0 aligned=1 homed=- ms=119.0 U=2122,3132,-14,2,0 R=1091,1090,-1,0,-1 F=675,674,-1,3,-7 D=3505,3505,0,2,2 L=1249,1250,1,0,-1 B=1236,1236,0,0,-16
mv U' code=0 aligned=1 homed=- ms=119.0 U=3134,61,-1,3,-3 R=1091,1090,-1,0,-1 F=675,674,-1,3,-7 D=3505,3505,0,2,2 L=1249,1250,1,0,-1 B=1236,1236,0,0,-16
mv U' code=0 aligned=1 homed=- ms=119.0 U=63,1100,13,0,-2 R=1091,1090,-1,0,-1 F=675,674,-1,3,-7 D=3505,3505,0,2,2 L=1249,1250,1,0,-1 B=1236,1236,0,0,-16
mv U' code=0 aligned=1 homed=- ms=119.0 U=1102,2119,-7,1,-3 R=1091,1090,-1,0,-1 F=675,674,-1,3,-7 D=3505,3505,0,2,2 L=1249,1250,1,0,-1 B=1236,1236,0,0,-16
mv U' code=0 aligned=1 homed=- ms=119.0 U=2122,3132,-14,2,0 R=1091,1090,-1,0,-1 F=675,674,-1,3,-7 D=3505,3505,0,2,2 L=1249,1250,1,0,-1 B=1236,1236,0,0,-16
mv U' code=0 aligned=1 homed=- ms=119.0 U=3134,61,-1,3,-3 R=1091,1090,-1,0,-1 F=675,674,-1,3,-7 D=3505,3505,0,2,2 L=1249,1250,1,0,-1 B=1236,1236,0,0,-16
mv U' code=0 aligned=1 homed=- ms=119.0 U=63,1100,13,0,-2 R=1091,1090,-1,0,-1 F=675,674,-1,3,-7 D=3505,3505,0,2,2 L=1249,1250,1,0,-1 B=1236,1236,0,0,-16
mv U' code=0 aligned=1 homed=- ms=119.0 U=1102,2119,-7,1,-3 R=1091,1090,-1,0,-1 F=675,674,-1,3,-7 D=3505,3505,0,2,2 L=1250,1250,0,0,-1 B=1236,1236,0,0,-16
mv U' code=0 aligned=1 homed=- ms=119.0 U=2122,3132,-14,2,0 R=1091,1090,-1,0,-1 F=675,674,-1,3,-7 D=3505,3505,0,2,2 L=1249,1250,1,0,-1 B=1236,1236,0,0,-16
mv U' code=0 aligned=1 homed=- ms=119.0 U=3134,61,-1,3,-3 R=1091,1090,-1,0,-1 F=675,674,-1,3,-7 D=3505,3505,0,2,2 L=1249,1250,1,0,-1 B=1236,1236,0,0,-16
mv U' code=0 aligned=1 homed=- ms=119.0 U=63,1100,13,0,-2 R=1091,1090,-1,0,-1 F=675,674,-1,3,-7 D=3505,3505,0,2,2 L=1249,1250,1,0,-1 B=1236,1236,0,0,-16
mv U' code=0 aligned=1 homed=- ms=119.0 U=1101,2119,-6,1,-3 R=1091,1090,-1,0,-1 F=675,674,-1,3,-7 D=3505,3505,0,2,2 L=1249,1250,1,0,-1 B=1236,1236,0,0,-16
mv U' code=0 aligned=1 homed=- ms=119.0 U=2122,3132,-14,2,0 R=1091,1090,-1,0,-1 F=675,674,-1,3,-7 D=3505,3505,0,2,2 L=1250,1250,0,0,-1 B=1236,1236,0,0,-16
mv U' code=0 aligned=1 homed=- ms=119.0 U=3134,61,-1,3,-3 R=1091,1090,-1,0,-1 F=675,674,-1,3,-7 D=3505,3505,0,2,2 L=1250,1250,0,0,-1 B=1236,1236,0,0,-16
mv U' code=0 aligned=1 homed=- ms=119.0 U=63,1100,13,0,-2 R=1091,1090,-1,0,-1 F=675,674,-1,3,-7 D=3505,3506,1,2,3 L=1250,1250,0,0,-1 B=1236,1236,0,0,-16
mv U' code=0 aligned=1 homed=- ms=119.0 U=1102,2119,-7,1,-3 R=1091,1090,-1,0,-1 F=675,674,-1,3,-7 D=3505,3505,0,2,2 L=1249,1250,1,0,-1 B=1236,1236,0,0,-16
mv U' code=0 aligned=1 homed=- ms=119.0 U=2122,3132,-14,2,0 R=1091,1090,-1,0,-1 F=675,674,-1,3,-7 D=3505,3505,0,2,2 L=1249,1250,1,0,-1 B=1236,1236,0,0,-16
mv U' code=0 aligned=1 homed=- ms=119.0 U=3134,61,-1,3,-3 R=1091,1090,-1,0,-1 F=675,674,-1,3,-7 D=3505,3505,0,2,2 L=1249,1250,1,0,-1 B=1236,1236,0,0,-16
mv U' code=0 aligned=1 homed=- ms=119.0 U=63,1100,13,0,-2 R=1091,1090,-1,0,-1 F=675,673,-2,3,-8 D=3505,3505,0,2,2 L=1249,1250,1,0,-1 B=1236,1236,0,0,-16
mv U' code=0 aligned=1 homed=- ms=119.0 U=1102,2119,-7,1,-3 R=1091,1090,-1,0,-1 F=675,674,-1,3,-7 D=3505,3506,1,2,3 L=1249,1250,1,0,-1 B=1235,1236,1,0,-16
mv U' code=0 aligned=1 homed=- ms=119.0 U=2122,3132,-14,2,0 R=1091,1090,-1,0,-1 F=675,674,-1,3,-7 D=3505,3506,1,2,3 L=1249,1250,1,0,-1 B=1236,1236,0,0,-16
mv U' code=0 aligned=1 homed=- ms=119.0 U=3134,61,-1,3,-3 R=1091,1090,-1,0,-1 F=675,673,-2,3,-8 D=3505,3506,1,2,3 L=1249,1249,0,0,-2 B=1236,1236,0,0,-16
mv U' code=0 aligned=1 homed=- ms=119.0 U=63,1100,13,0,-2 R=1091,1090,-1,0,-1 F=675,674,-1,3,-7 D=3505,3505,0,2,2 L=1249,1250,1,0,-1 B=1236,1236,0,0,-16
mv U' code=0 aligned=1 homed=- ms=119.0 U=1102,2119,-7,1,-3 R=1091,1090,-1,0,-1 F=675,674,-1,3,-7 D=3505,3505,0,2,2 L=1249,1250,1,0,-1 B=1236,1236,0,0,-16
mv U' code=0 aligned=1 homed=- ms=119.0 U=2122,3132,-14,2,0 R=1091,1090,-1,0,-1 F=675,674,-1,3,-7 D=3505,3506,1,2,3 L=1249,1250,1,0,-1 B=1236,1236,0,0,-16
mv U' code=0 aligned=1 homed=- ms=119.0 U=3133,61,0,3,-3 R=1091,1090,-1,0,-1 F=675,674,-1,3,-7 D=3505,3505,0,2,2 L=1249,1250,1,0,-1 B=1235,1236,1,0,-16
mv U' code=0 aligned=1 homed=- ms=119.0 U=63,1100,13,0,-2 R=1091,1090,-1,0,-1 F=675,674,-1,3,-7 D=3505,3505,0,2,2 L=1249,1250,1,0,-1 B=1236,1236,0,0,-16
mv U' code=0 aligned=1 homed=- ms=119.0 U=1102,2119,-7,1,-3 R=1091,1090,-1,0,-1 F=675,674,-1,3,-7 D=3505,3505,0,2,2 L=1249,1250,1,0,-1 B=1236,1236,0,0,-16
mv U' code=0 aligned=1 homed=- ms=119.0 U=2122,3132,-14,2,0 R=1091,1090,-1,0,-1 F=675,674,-1,3,-7 D=3505,3505,0,2,2 L=1249,1250,1,0,-1 B=1236,1236,0,0,-16
mv U' code=0 aligned=1 homed=- ms=119.0 U=3134,61,-1,3,-3 R=1091,1090,-1,0,-1 F=675,674,-1,3,-7 D=3505,3505,0,2,2 L=1249,1250,1,0,-1 B=1236,1236,0,0,-16
mv U' code=0 aligned=1 homed=- ms=119.0 U=64,1100,12,0,-2 R=1091,1090,-1,0,-1 F=675,674,-1,3,-7 D=3505,3505,0,2,2 L=1249,1250,1,0,-1 B=1236,1236,0,0,-16
mv U' code=0 aligned=1 homed=- ms=119.0 U=1102,2119,-7,1,-3 R=1091,1090,-1,0,-1 F=675,674,-1,3,-7 D=3505,3505,0,2,2 L=1249,1250,1,0,-1 B=1236,1236,0,0,-16
mv U' code=0 aligned=1 homed=- ms=119.0 U=2122,3132,-14,2,0 R=1091,1090,-1,0,-1 F=675,674,-1,3,-7 D=3505,3505,0,2,2 L=1249,1250,1,0,-1 B=1236,1236,0,0,-16
mv U' code=0 aligned=1 homed=- ms=119.0 U=3134,61,-1,3,-3 R=1091,1090,-1,0,-1 F=675,674,-1,3,-7 D=3505,3505,0,2,2 L=1249,1249,0,0,-2 B=1236,1236,0,0,-16
mv U' code=0 aligned=1 homed=- ms=119.0 U=63,1100,13,0,-2 R=1091,1090,-1,0,-1 F=675,674,-1,3,-7 D=3505,3506,1,2,3 L=1249,1250,1,0,-1 B=1236,1236,0,0,-16
mv U' code=0 aligned=1 homed=- ms=119.0 U=1102,2119,-7,1,-3 R=1091,1090,-1,0,-1 F=675,674,-1,3,-7 D=3505,3505,0,2,2 L=1249,1250,1,0,-1 B=1236,1236,0,0,-16
mv U' code=0 aligned=1 homed=- ms=119.0 U=2122,3132,-14,2,0 R=1091,1090,-1,0,-1 F=675,674,-1,3,-7 D=3505,3505,0,2,2 L=1249,1250,1,0,-1 B=1236,1236,0,0,-16
mv U' code=0 aligned=1 homed=- ms=119.0 U=3133,61,0,3,-3 R=1091,1090,-1,0,-1 F=675,674,-1,3,-7 D=3505,3505,0,2,2 L=1249,1250,1,0,-1 B=1236,1236,0,0,-16
mv U' code=0 aligned=1 homed=- ms=119.0 U=63,1100,13,0,-2 R=1091,1090,-1,0,-1 F=675,674,-1,3,-7 D=3505,3505,0,2,2 L=1249,1250,1,0,-1 B=1236,1236,0,0,-16
mv U' code=0 aligned=1 homed=- ms=119.0 U=1101,2120,-5,1,-2 R=1091,1090,-1,0,-1 F=675,674,-1,3,-7 D=3505,3505,0,2,2 L=1249,1250,1,0,-1 B=1236,1236,0,0,-16
mv U' code=0 aligned=1 homed=- ms=119.0 U=2122,3132,-14,2,0 R=1091,1090,-1,0,-1 F=675,674,-1,3,-7 D=3505,3505,0,2,2 L=1250,1250,0,0,-1 B=1236,1236,0,0,-16
rep moves=300 notaligned=0 homings=0 failures=0 avgms=119.0
res U=300,-2.0,10.1,15 R=- F=- D=- L=- B=-
ok
> health
health U=1,1,0/128/674 R=1,1,0/128/1619 F=1,1,0/128/1787 D=1,1,0/128/1577 L=1,1,0/128/677 B=1,1,0/128/1285 RING=1,1,0/128/1597
ok
> home
[align] motor 0 err=2 counts (0.2 steps)
[align] motor 1 err=0 counts (0.0 steps)
[align] motor 2 err=-6 counts (-0.6 steps)
[align] motor 3 err=2 counts (0.2 steps)
[align] motor 4 err=-3 counts (-0.3 steps)
[align] motor 5 err=-18 counts (-1.8 steps)
home code=0 ms=6 en=0
enc U=3132 R=1090 F=674 D=3505 L=1250 B=1236 RING=2768
near U=2:0 R=0:-1 F=3:-7 D=2:2 L=0:-1 B=0:-16
ok
> enc
enc U=3134 R=1091 F=675 D=3505 L=1249 B=1236 RING=2768
near U=2:2 R=0:0 F=3:-6 D=2:2 L=0:-2 B=0:-16
ok
> rep 100 U2 U2
mv U2 code=0 aligned=1 homed=- ms=219.0 U=3134,1099,13,0,-3 R=1091,1090,-1,0,-1 F=675,674,-1,3,-7 D=3505,3505,0,2,2 L=1249,1250,1,0,-1 B=1235,1236,1,0,-16
mv U2 code=0 aligned=1 homed=- ms=219.0 U=1102,3131,-19,2,-1 R=1091,1090,-1,0,-1 F=675,674,-1,3,-7 D=3505,3505,0,2,2 L=1249,1250,1,0,-1 B=1236,1236,0,0,-16
mv U2 code=0 aligned=1 homed=- ms=219.0 U=3135,1099,12,0,-3 R=1091,1090,-1,0,-1 F=675,674,-1,3,-7 D=3505,3505,0,2,2 L=1249,1250,1,0,-1 B=1236,1236,0,0,-16
mv U2 code=0 aligned=1 homed=- ms=219.0 U=1103,3131,-20,2,-1 R=1091,1090,-1,0,-1 F=675,674,-1,3,-7 D=3505,3505,0,2,2 L=1249,1250,1,0,-1 B=1236,1236,0,0,-16
mv U2 code=0 aligned=1 homed=- ms=219.0 U=3135,1099,12,0,-3 R=1091,1090,-1,0,-1 F=675,674,-1,3,-7 D=3505,3505,0,2,2 L=1249,1250,1,0,-1 B=1236,1236,0,0,-16
mv U2 code=0 aligned=1 homed=- ms=219.0 U=1103,3131,-20,2,-1 R=1091,1090,-1,0,-1 F=675,674,-1,3,-7 D=3505,3505,0,2,2 L=1249,1250,1,0,-1 B=1236,1236,0,0,-16
mv U2 code=0 aligned=1 homed=- ms=219.0 U=3135,1099,12,0,-3 R=1091,1090,-1,0,-1 F=675,674,-1,3,-7 D=3505,3505,0,2,2 L=1249,1250,1,0,-1 B=1236,1236,0,0,-16
mv U2 code=0 aligned=1 homed=- ms=219.0 U=1103,3131,-20,2,-1 R=1091,1090,-1,0,-1 F=675,674,-1,3,-7 D=3505,3505,0,2,2 L=1249,1250,1,0,-1 B=1236,1236,0,0,-16
mv U2 code=0 aligned=1 homed=- ms=219.0 U=3135,1099,12,0,-3 R=1091,1090,-1,0,-1 F=675,674,-1,3,-7 D=3505,3505,0,2,2 L=1250,1250,0,0,-1 B=1236,1236,0,0,-16
mv U2 code=0 aligned=1 homed=- ms=219.0 U=1103,3131,-20,2,-1 R=1091,1090,-1,0,-1 F=675,674,-1,3,-7 D=3505,3505,0,2,2 L=1250,1250,0,0,-1 B=1236,1236,0,0,-16
mv U2 code=0 aligned=1 homed=- ms=219.0 U=3135,1099,12,0,-3 R=1091,1090,-1,0,-1 F=675,674,-1,3,-7 D=3505,3505,0,2,2 L=1249,1250,1,0,-1 B=1236,1236,0,0,-16
mv U2 code=0 aligned=1 homed=- ms=219.0 U=1103,3131,-20,2,-1 R=1091,1090,-1,0,-1 F=675,674,-1,3,-7 D=3505,3506,1,2,3 L=1249,1250,1,0,-1 B=1236,1236,0,0,-16
mv U2 code=0 aligned=1 homed=- ms=219.0 U=3135,1099,12,0,-3 R=1091,1090,-1,0,-1 F=675,674,-1,3,-7 D=3505,3505,0,2,2 L=1249,1250,1,0,-1 B=1236,1236,0,0,-16
mv U2 code=0 aligned=1 homed=- ms=219.0 U=1103,3131,-20,2,-1 R=1091,1090,-1,0,-1 F=675,674,-1,3,-7 D=3505,3505,0,2,2 L=1250,1250,0,0,-1 B=1236,1236,0,0,-16
mv U2 code=0 aligned=1 homed=- ms=219.0 U=3135,1099,12,0,-3 R=1091,1090,-1,0,-1 F=675,674,-1,3,-7 D=3505,3505,0,2,2 L=1249,1250,1,0,-1 B=1236,1236,0,0,-16
mv U2 code=0 aligned=1 homed=- ms=219.0 U=1103,3131,-20,2,-1 R=1091,1090,-1,0,-1 F=675,674,-1,3,-7 D=3505,3505,0,2,2 L=1249,1249,0,0,-2 B=1236,1236,0,0,-16
mv U2 code=0 aligned=1 homed=- ms=219.0 U=3135,1099,12,0,-3 R=1091,1090,-1,0,-1 F=675,674,-1,3,-7 D=3505,3505,0,2,2 L=1249,1250,1,0,-1 B=1236,1236,0,0,-16
mv U2 code=0 aligned=1 homed=- ms=219.0 U=1103,3132,-19,2,0 R=1091,1090,-1,0,-1 F=675,674,-1,3,-7 D=3505,3505,0,2,2 L=1249,1250,1,0,-1 B=1236,1236,0,0,-16
mv U2 code=0 aligned=1 homed=- ms=219.0 U=3135,1099,12,0,-3 R=1091,1090,-1,0,-1 F=675,674,-1,3,-7 D=3505,3505,0,2,2 L=1250,1250,0,0,-1 B=1236,1236,0,0,-16
mv U2 code=0 aligned=1 homed=- ms=219.0 U=1103,3131,-20,2,-1 R=1091,1090,-1,0,-1 F=675,674,-1,3,-7 D=3505,3505,0,2,2 L=1249,1250,1,0,-1 B=1236,1236,0,0,-16
mv U2 code=0 aligned=1 homed=- ms=219.0 U=3135,1099,12,0,-3 R=1091,1090,-1,0,-1 F=675,674,-1,3,-7 D=3505,3505,0,2,2 L=1249,1250,1,0,-1 B=1236,1236,0,0,-16
mv U2 code=0 aligned=1 homed=- ms=219.0 U=1103,3131,-20,2,-1 R=1091,1090,-1,0,-1 F=675,674,-1,3,-7 D=3505,3505,0,2,2 L=1249,1250,1,0,-1 B=1236,1236,0,0,-16
mv U2 code=0 aligned=1 homed=- ms=219.0 U=3135,1099,12,0,-3 R=1091,1090,-1,0,-1 F=675,674,-1,3,-7 D=3505,3505,0,2,2 L=1249,1250,1,0,-1 B=1236,1236,0,0,-16
mv U2 code=0 aligned=1 homed=- ms=219.0 U=1103,3131,-20,2,-1 R=1091,1090,-1,0,-1 F=675,674,-1,3,-7 D=3505,3505,0,2,2 L=1249,1250,1,0,-1 B=1235,1236,1,0,-16
mv U2 code=0 aligned=1 homed=- ms=219.0 U=3135,1099,12,0,-3 R=1091,1090,-1,0,-1 F=675,674,-1,3,-7 D=3505,3505,0,2,2 L=1249,1250,1,0,-1 B=1236,1236,0,0,-16
mv U2 code=0 aligned=1 homed=- ms=219.0 U=1103,3131,-20,2,-1 R=1091,1090,-1,0,-1 F=675,674,-1,3,-7 D=3505,3505,0,2,2 L=1250,1250,0,0,-1 B=1236,1236,0,0,-16
mv U2 code=0 aligned=1 homed=- ms=219.0 U=3135,1099,12,0,-3 R=1091,1090,-1,0,-1 F=675,674,-1,3,-7 D=3505,3505,0,2,2 L=1249,1250,1,0,-1 B=1236,1236,0,0,-16
mv U2 code=0 aligned=1 homed=- ms=219.0 U=1102,3131,-19,2,-1 R=1091,1090,-1,0,-1 F=675,674,-1,3,-7 D=3505,3505,0,2,2 L=1249,1250,1,0,-1 B=1236,1236,0,0,-16
mv U2 code=0 aligned=1 homed=- ms=219.0 U=3136,1099,11,0,-3 R=1091,1090,-1,0,-1 F=675,674,-1,3,-7 D=3505,3505,0,2,2 L=1249,1249,0,0,-2 B=1236,1236,0,0,-16
mv U2 code=0 aligned=1 homed=- ms=219.0 U=1103,3131,-20,2,-1 R=1091,1090,-1,0,-1 F=675,674,-1,3,-7 D=3505,3505,0,2,2 L=1249,1250,1,0,-1 B=1236,1236,0,0,-16
mv U2 code=0 aligned=1 homed=- ms=219.0 U=3135,1099,12,0,-3 R=1091,1090,-1,0,-1 F=675,674,-1,3,-7 D=3505,3505,0,2,2 L=1249,1250,1,0,-1 B=1236,1236,0,0,-16
mv U2 code=0 aligned=1 homed=- ms=219.0 U=1103,3131,-20,2,-1 R=1091,1090,-1,0,-1 F=675,674,-1,3,-7 D=3505,3505,0,2,2 L=1249,1250,1,0,-1 B=1236,1236,0,0,-16
mv U2 code=0 aligned=1 homed=- ms=219.0 U=3136,1099,11,0,-3 R=1091,1090,-1,0,-1 F=675,674,-1,3,-7 D=3505,3505,0,2,2 L=1249,1250,1,0,-1 B=1236,1236,0,0,-16
mv U2 code=0 aligned=1 homed=- ms=219.0 U=1103,3131,-20,2,-1 R=1091,1090,-1,0,-1 F=675,674,-1,3,-7 D=3505,3505,0,2,2 L=1249,1250,1,0,-1 B=1236,1236,0,0,-16
mv U2 code=0 aligned=1 homed=- ms=219.0 U=3135,1099,12,0,-3 R=1091,1090,-1,0,-1 F=675,674,-1,3,-7 D=3505,3505,0,2,2 L=1250,1250,0,0,-1 B=1236,1236,0,0,-16
mv U2 code=0 aligned=1 homed=- ms=219.0 U=1103,3131,-20,2,-1 R=1091,1090,-1,0,-1 F=675,674,-1,3,-7 D=3505,3505,0,2,2 L=1249,1250,1,0,-1 B=1236,1236,0,0,-16
mv U2 code=0 aligned=1 homed=- ms=219.0 U=3135,1099,12,0,-3 R=1091,1090,-1,0,-1 F=675,674,-1,3,-7 D=3505,3505,0,2,2 L=1249,1249,0,0,-2 B=1236,1236,0,0,-16
mv U2 code=0 aligned=1 homed=- ms=219.0 U=1103,3131,-20,2,-1 R=1091,1090,-1,0,-1 F=675,674,-1,3,-7 D=3505,3505,0,2,2 L=1249,1250,1,0,-1 B=1236,1236,0,0,-16
mv U2 code=0 aligned=1 homed=- ms=219.0 U=3135,1099,12,0,-3 R=1091,1090,-1,0,-1 F=675,674,-1,3,-7 D=3505,3505,0,2,2 L=1249,1250,1,0,-1 B=1236,1236,0,0,-16
mv U2 code=0 aligned=1 homed=- ms=219.0 U=1103,3131,-20,2,-1 R=1091,1090,-1,0,-1 F=675,674,-1,3,-7 D=3505,3506,1,2,3 L=1250,1250,0,0,-1 B=1236,1236,0,0,-16
mv U2 code=0 aligned=1 homed=- ms=219.0 U=3135,1099,12,0,-3 R=1091,1090,-1,0,-1 F=675,674,-1,3,-7 D=3505,3505,0,2,2 L=1249,1250,1,0,-1 B=1236,1236,0,0,-16
mv U2 code=0 aligned=1 homed=- ms=219.0 U=1103,3131,-20,2,-1 R=1091,1090,-1,0,-1 F=675,674,-1,3,-7 D=3505,3505,0,2,2 L=1249,1250,1,0,-1 B=1236,1236,0,0,-16
mv U2 code=0 aligned=1 homed=- ms=219.0 U=3135,1099,12,0,-3 R=1091,1090,-1,0,-1 F=675,674,-1,3,-7 D=3505,3505,0,2,2 L=1249,1250,1,0,-1 B=1236,1236,0,0,-16
mv U2 code=0 aligned=1 homed=- ms=219.0 U=1103,3131,-20,2,-1 R=1091,1090,-1,0,-1 F=675,674,-1,3,-7 D=3505,3505,0,2,2 L=1249,1250,1,0,-1 B=1236,1236,0,0,-16
mv U2 code=0 aligned=1 homed=- ms=219.0 U=3135,1099,12,0,-3 R=1091,1090,-1,0,-1 F=675,674,-1,3,-7 D=3505,3505,0,2,2 L=1249,1250,1,0,-1 B=1236,1236,0,0,-16
mv U2 code=0 aligned=1 homed=- ms=219.0 U=1103,3131,-20,2,-1 R=1090,1090,0,0,-1 F=675,674,-1,3,-7 D=3505,3505,0,2,2 L=1249,1250,1,0,-1 B=1236,1236,0,0,-16
mv U2 code=0 aligned=1 homed=- ms=219.0 U=3135,1099,12,0,-3 R=1091,1090,-1,0,-1 F=675,674,-1,3,-7 D=3505,3505,0,2,2 L=1249,1250,1,0,-1 B=1236,1236,0,0,-16
mv U2 code=0 aligned=1 homed=- ms=219.0 U=1103,3131,-20,2,-1 R=1091,1090,-1,0,-1 F=675,674,-1,3,-7 D=3505,3505,0,2,2 L=1249,1250,1,0,-1 B=1236,1236,0,0,-16
mv U2 code=0 aligned=1 homed=- ms=219.0 U=3135,1099,12,0,-3 R=1091,1090,-1,0,-1 F=675,674,-1,3,-7 D=3505,3505,0,2,2 L=1249,1249,0,0,-2 B=1236,1236,0,0,-16
mv U2 code=0 aligned=1 homed=- ms=219.0 U=1103,3131,-20,2,-1 R=1091,1090,-1,0,-1 F=675,674,-1,3,-7 D=3505,3505,0,2,2 L=1249,1250,1,0,-1 B=1236,1236,0,0,-16
mv U2 code=0 aligned=1 homed=- ms=219.0 U=3135,1099,12,0,-3 R=1091,1090,-1,0,-1 F=675,674,-1,3,-7 D=3505,3505,0,2,2 L=1249,1250,1,0,-1 B=1236,1236,0,0,-16
mv U2 code=0 aligned=1 homed=- ms=219.0 U=1103,3131,-20,2,-1 R=1091,1090,-1,0,-1 F=675,674,-1,3,-7 D=3505,3505,0,2,2 L=1249,1250,1,0,-1 B=1236,1236,0,0,-16
mv U2 code=0 aligned=1 homed=- ms=219.0 U=3135,1099,12,0,-3 R=1091,1090,-1,0,-1 F=675,674,-1,3,-7 D=3505,3505,0,2,2 L=1249,1250,1,0,-1 B=1236,1236,0,0,-16
mv U2 code=0 aligned=1 homed=- ms=219.0 U=1103,3131,-20,2,-1 R=1091,1090,-1,0,-1 F=675,674,-1,3,-7 D=3505,3505,0,2,2 L=1249,1250,1,0,-1 B=1236,1236,0,0,-16
mv U2 code=0 aligned=1 homed=- ms=219.0 U=3135,1099,12,0,-3 R=1091,1090,-1,0,-1 F=675,674,-1,3,-7 D=3505,3505,0,2,2 L=1249,1250,1,0,-1 B=1236,1236,0,0,-16
mv U2 code=0 aligned=1 homed=- ms=219.0 U=1103,3131,-20,2,-1 R=1091,1090,-1,0,-1 F=675,674,-1,3,-7 D=3505,3505,0,2,2 L=1249,1250,1,0,-1 B=1236,1236,0,0,-16
mv U2 code=0 aligned=1 homed=- ms=219.0 U=3135,1099,12,0,-3 R=1091,1090,-1,0,-1 F=675,674,-1,3,-7 D=3505,3506,1,2,3 L=1249,1250,1,0,-1 B=1236,1236,0,0,-16
mv U2 code=0 aligned=1 homed=- ms=219.0 U=1103,3131,-20,2,-1 R=1091,1090,-1,0,-1 F=675,674,-1,3,-7 D=3505,3505,0,2,2 L=1249,1250,1,0,-1 B=1236,1236,0,0,-16
mv U2 code=0 aligned=1 homed=- ms=219.0 U=3135,1099,12,0,-3 R=1091,1090,-1,0,-1 F=675,674,-1,3,-7 D=3505,3505,0,2,2 L=1249,1250,1,0,-1 B=1236,1236,0,0,-16
mv U2 code=0 aligned=1 homed=- ms=219.0 U=1103,3131,-20,2,-1 R=1091,1090,-1,0,-1 F=675,674,-1,3,-7 D=3505,3505,0,2,2 L=1249,1250,1,0,-1 B=1236,1236,0,0,-16
mv U2 code=0 aligned=1 homed=- ms=219.0 U=3135,1099,12,0,-3 R=1091,1090,-1,0,-1 F=675,674,-1,3,-7 D=3505,3505,0,2,2 L=1249,1250,1,0,-1 B=1236,1236,0,0,-16
mv U2 code=0 aligned=1 homed=- ms=219.0 U=1103,3131,-20,2,-1 R=1091,1090,-1,0,-1 F=675,674,-1,3,-7 D=3505,3505,0,2,2 L=1249,1250,1,0,-1 B=1236,1236,0,0,-16
mv U2 code=0 aligned=1 homed=- ms=219.0 U=3135,1099,12,0,-3 R=1091,1090,-1,0,-1 F=675,674,-1,3,-7 D=3505,3505,0,2,2 L=1249,1250,1,0,-1 B=1236,1236,0,0,-16
mv U2 code=0 aligned=1 homed=- ms=219.0 U=1103,3131,-20,2,-1 R=1091,1090,-1,0,-1 F=675,674,-1,3,-7 D=3505,3505,0,2,2 L=1249,1250,1,0,-1 B=1236,1236,0,0,-16
mv U2 code=0 aligned=1 homed=- ms=219.0 U=3135,1099,12,0,-3 R=1091,1090,-1,0,-1 F=675,674,-1,3,-7 D=3505,3505,0,2,2 L=1249,1250,1,0,-1 B=1236,1236,0,0,-16
mv U2 code=0 aligned=1 homed=- ms=219.0 U=1103,3131,-20,2,-1 R=1091,1090,-1,0,-1 F=675,674,-1,3,-7 D=3505,3505,0,2,2 L=1250,1250,0,0,-1 B=1236,1236,0,0,-16
mv U2 code=0 aligned=1 homed=- ms=219.0 U=3135,1099,12,0,-3 R=1091,1090,-1,0,-1 F=675,674,-1,3,-7 D=3505,3505,0,2,2 L=1250,1250,0,0,-1 B=1236,1236,0,0,-16
mv U2 code=0 aligned=1 homed=- ms=219.0 U=1103,3131,-20,2,-1 R=1091,1090,-1,0,-1 F=675,674,-1,3,-7 D=3505,3505,0,2,2 L=1249,1250,1,0,-1 B=1236,1236,0,0,-16
mv U2 code=0 aligned=1 homed=- ms=219.0 U=3135,1099,12,0,-3 R=1091,1090,-1,0,-1 F=675,674,-1,3,-7 D=3505,3505,0,2,2 L=1249,1250,1,0,-1 B=1236,1236,0,0,-16
mv U2 code=0 aligned=1 homed=- ms=219.0 U=1102,3132,-18,2,0 R=1091,1090,-1,0,-1 F=675,674,-1,3,-7 D=3505,3505,0,2,2 L=1249,1250,1,0,-1 B=1236,1236,0,0,-16
mv U2 code=0 aligned=1 homed=- ms=219.0 U=3135,1099,12,0,-3 R=1091,1090,-1,0,-1 F=675,674,-1,3,-7 D=3505,3505,0,2,2 L=1250,1250,0,0,-1 B=1236,1236,0,0,-16
mv U2 code=0 aligned=1 homed=- ms=219.0 U=1103,3131,-20,2,-1 R=1091,1090,-1,0,-1 F=675,674,-1,3,-7 D=3505,3505,0,2,2 L=1249,1249,0,0,-2 B=1236,1236,0,0,-16
mv U2 code=0 aligned=1 homed=- ms=219.0 U=3136,1099,11,0,-3 R=1091,1090,-1,0,-1 F=675,674,-1,3,-7 D=3505,3505,0,2,2 L=1249,1250,1,0,-1 B=1236,1236,0,0,-16
mv U2 code=0 aligned=1 homed=- ms=219.0 U=1103,3131,-20,2,-1 R=1091,1090,-1,0,-1 F=675,674,-1,3,-7 D=3505,3505,0,2,2 L=1249,1250,1,0,-1 B=1236,1236,0,0,-16
mv U2 code=0 aligned=1 homed=- ms=219.0 U=3135,1099,12,0,-3 R=1091,1090,-1,0,-1 F=675,674,-1,3,-7 D=3505,3505,0,2,2 L=1249,1250,1,0,-1 B=1236,1236,0,0,-16
mv U2 code=0 aligned=1 homed=- ms=219.0 U=1103,3131,-20,2,-1 R=1091,1090,-1,0,-1 F=675,674,-1,3,-7 D=3505,3505,0,2,2 L=1249,1250,1,0,-1 B=1236,1236,0,0,-16
mv U2 code=0 aligned=1 homed=- ms=219.0 U=3135,1099,12,0,-3 R=1091,1090,-1,0,-1 F=675,674,-1,3,-7 D=3505,3505,0,2,2 L=1250,1250,0,0,-1 B=1236,1236,0,0,-16
mv U2 code=0 aligned=1 homed=- ms=219.0 U=1103,3131,-20,2,-1 R=1091,1090,-1,0,-1 F=675,674,-1,3,-7 D=3505,3505,0,2,2 L=1249,1250,1,0,-1 B=1236,1235,-1,0,-17
mv U2 code=0 aligned=1 homed=- ms=219.0 U=3135,1099,12,0,-3 R=1091,1090,-1,0,-1 F=675,674,-1,3,-7 D=3505,3505,0,2,2 L=1249,1250,1,0,-1 B=1236,1236,0,0,-16
mv U2 code=0 aligned=1 homed=- ms=219.0 U=1103,3131,-20,2,-1 R=1091,1090,-1,0,-1 F=675,674,-1,3,-7 D=3505,3505,0,2,2 L=1249,1250,1,0,-1 B=1236,1236,0,0,-16
mv U2 code=0 aligned=1 homed=- ms=219.0 U=3135,1099,12,0,-3 R=1091,1090,-1,0,-1 F=675,674,-1,3,-7 D=3505,3505,0,2,2 L=1249,1250,1,0,-1 B=1236,1236,0,0,-16
mv U2 code=0 aligned=1 homed=- ms=219.0 U=1103,3131,-20,2,-1 R=1091,1090,-1,0,-1 F=675,674,-1,3,-7 D=3505,3506,1,2,3 L=1249,1250,1,0,-1 B=1236,1236,0,0,-16
mv U2 code=0 aligned=1 homed=- ms=219.0 U=3135,1099,12,0,-3 R=1091,1090,-1,0,-1 F=675,674,-1,3,-7 D=3505,3506,1,2,3 L=1249,1250,1,0,-1 B=1236,1236,0,0,-16
mv U2 code=0 aligned=1 homed=- ms=219.0 U=1103,3131,-20,2,-1 R=1091,1090,-1,0,-1 F=675,674,-1,3,-7 D=3505,3505,0,2,2 L=1250,1250,0,0,-1 B=1236,1236,0,0,-16
mv U2 code=0 aligned=1 homed=- ms=219.0 U=3135,1099,12,0,-3 R=1091,1090,-1,0,-1 F=675,674,-1,3,-7 D=3505,3505,0,2,2 L=1249,1250,1,0,-1 B=1236,1236,0,0,-16
mv U2 code=0 aligned=1 homed=- ms=219.0 U=1103,3131,-20,2,-1 R=1091,1090,-1,0,-1 F=675,674,-1,3,-7 D=3505,3505,0,2,2 L=1249,1250,1,0,-1 B=1236,1236,0,0,-16
mv U2 code=0 aligned=1 homed=- ms=219.0 U=3135,1099,12,0,-3 R=1091,1090,-1,0,-1 F=675,674,-1,3,-7 D=3505,3505,0,2,2 L=1249,1249,0,0,-2 B=1236,1236,0,0,-16
mv U2 code=0 aligned=1 homed=- ms=219.0 U=1103,3131,-20,2,-1 R=1091,1090,-1,0,-1 F=675,674,-1,3,-7 D=3505,3506,1,2,3 L=1250,1250,0,0,-1 B=1236,1236,0,0,-16
mv U2 code=0 aligned=1 homed=- ms=219.0 U=3135,1099,12,0,-3 R=1091,1090,-1,0,-1 F=675,674,-1,3,-7 D=3505,3505,0,2,2 L=1249,1250,1,0,-1 B=1236,1236,0,0,-16
mv U2 code=0 aligned=1 homed=- ms=219.0 U=1103,3131,-20,2,-1 R=1091,1090,-1,0,-1 F=675,674,-1,3,-7 D=3505,3505,0,2,2 L=1249,1250,1,0,-1 B=1236,1236,0,0,-16
mv U2 code=0 aligned=1 homed=- ms=219.0 U=3135,1099,12,0,-3 R=1091,1090,-1,0,-1 F=675,674,-1,3,-7 D=3505,3505,0,2,2 L=1249,1250,1,0,-1 B=1236,1236,0,0,-16
mv U2 code=0 aligned=1 homed=- ms=219.0 U=1103,3131,-20,2,-1 R=1091,1090,-1,0,-1 F=675,674,-1,3,-7 D=3505,3506,1,2,3 L=1249,1250,1,0,-1 B=1236,1236,0,0,-16
mv U2 code=0 aligned=1 homed=- ms=219.0 U=3135,1099,12,0,-3 R=1091,1090,-1,0,-1 F=675,674,-1,3,-7 D=3505,3505,0,2,2 L=1249,1250,1,0,-1 B=1236,1236,0,0,-16
mv U2 code=0 aligned=1 homed=- ms=219.0 U=1102,3131,-19,2,-1 R=1091,1090,-1,0,-1 F=675,674,-1,3,-7 D=3505,3505,0,2,2 L=1249,1250,1,0,-1 B=1236,1236,0,0,-16
mv U2 code=0 aligned=1 homed=- ms=219.0 U=3134,1099,13,0,-3 R=1091,1090,-1,0,-1 F=675,674,-1,3,-7 D=3505,3505,0,2,2 L=1249,1250,1,0,-1 B=1236,1236,0,0,-16
mv U2 code=0 aligned=1 homed=- ms=219.0 U=1103,3131,-20,2,-1 R=1091,1090,-1,0,-1 F=675,674,-1,3,-7 D=3505,3505,0,2,2 L=1249,1250,1,0,-1 B=1236,1236,0,0,-16
mv U2 code=0 aligned=1 homed=- ms=219.0 U=3135,1099,12,0,-3 R=1091,1090,-1,0,-1 F=675,674,-1,3,-7 D=3505,3505,0,2,2 L=1249,1250,1,0,-1 B=1236,1236,0,0,-16
mv U2 code=0 aligned=1 homed=- ms=219.0 U=1103,3131,-20,2,-1 R=1091,1090,-1,0,-1 F=675,674,-1,3,-7 D=3505,3505,0,2,2 L=1249,1250,1,0,-1 B=1236,1236,0,0,-16
mv U2 code=0 aligned=1 homed=- ms=219.0 U=3135,1099,12,0,-3 R=1091,1090,-1,0,-1 F=675,674,-1,3,-7 D=3505,3505,0,2,2 L=1249,1250,1,0,-1 B=1236,1236,0,0,-16
mv U2 code=0 aligned=1 homed=- ms=219.0 U=1103,3131,-20,2,-1 R=1091,1090,-1,0,-1 F=675,674,-1,3,-7 D=3505,3505,0,2,2 L=1249,1250,1,0,-1 B=1236,1236,0,0,-16
mv U2 code=0 aligned=1 homed=- ms=219.0 U=3135,1099,12,0,-3 R=1091,1090,-1,0,-1 F=675,674,-1,3,-7 D=3505,3505,0,2,2 L=1249,1250,1,0,-1 B=1236,1236,0,0,-16
mv U2 code=0 aligned=1 homed=- ms=219.0 U=1102,3131,-19,2,-1 R=1091,1090,-1,0,-1 F=675,674,-1,3,-7 D=3505,3505,0,2,2 L=1249,1250,1,0,-1 B=1236,1235,-1,0,-17
mv U2 code=0 aligned=1 homed=- ms=219.0 U=3135,1099,12,0,-3 R=1091,1090,-1,0,-1 F=675,674,-1,3,-7 D=3505,3505,0,2,2 L=1249,1250,1,0,-1 B=1236,1235,-1,0,-17
mv U2 code=0 aligned=1 homed=- ms=219.0 U=1102,3131,-19,2,-1 R=1091,1090,-1,0,-1 F=675,674,-1,3,-7 D=3505,3505,0,2,2 L=1249,1250,1,0,-1 B=1236,1236,0,0,-16
mv U2 code=0 aligned=1 homed=- ms=219.0 U=3135,1099,12,0,-3 R=1091,1090,-1,0,-1 F=675,674,-1,3,-7 D=3505,3505,0,2,2 L=1249,1250,1,0,-1 B=1236,1236,0,0,-16
mv U2 code=0 aligned=1 homed=- ms=219.0 U=1103,3131,-20,2,-1 R=1091,1090,-1,0,-1 F=675,674,-1,3,-7 D=3505,3505,0,2,2 L=1249,1250,1,0,-1 B=1236,1236,0,0,-16
mv U2 code=0 aligned=1 homed=- ms=219.0 U=3135,1099,12,0,-3 R=1091,1090,-1,0,-1 F=675,674,-1,3,-7 D=3505,3505,0,2,2 L=1249,1250,1,0,-1 B=1236,1236,0,0,-16
mv U2 code=0 aligned=1 homed=- ms=219.0 U=1103,3131,-20,2,-1 R=1091,1090,-1,0,-1 F=675,674,-1,3,-7 D=3505,3505,0,2,2 L=1249,1250,1,0,-1 B=1236,1236,0,0,-16
mv U2 code=0 aligned=1 homed=- ms=219.0 U=3135,1099,12,0,-3 R=1091,1090,-1,0,-1 F=675,674,-1,3,-7 D=3505,3505,0,2,2 L=1249,1250,1,0,-1 B=1236,1236,0,0,-16
mv U2 code=0 aligned=1 homed=- ms=219.0 U=1103,3131,-20,2,-1 R=1091,1090,-1,0,-1 F=675,674,-1,3,-7 D=3505,3505,0,2,2 L=1249,1250,1,0,-1 B=1236,1236,0,0,-16
mv U2 code=0 aligned=1 homed=- ms=219.0 U=3135,1099,12,0,-3 R=1091,1090,-1,0,-1 F=675,674,-1,3,-7 D=3505,3505,0,2,2 L=1249,1250,1,0,-1 B=1236,1236,0,0,-16
mv U2 code=0 aligned=1 homed=- ms=219.0 U=1103,3131,-20,2,-1 R=1091,1090,-1,0,-1 F=675,674,-1,3,-7 D=3505,3505,0,2,2 L=1249,1250,1,0,-1 B=1236,1236,0,0,-16
mv U2 code=0 aligned=1 homed=- ms=219.0 U=3135,1099,12,0,-3 R=1091,1090,-1,0,-1 F=675,674,-1,3,-7 D=3505,3505,0,2,2 L=1249,1249,0,0,-2 B=1236,1236,0,0,-16
mv U2 code=0 aligned=1 homed=- ms=219.0 U=1103,3131,-20,2,-1 R=1091,1090,-1,0,-1 F=675,674,-1,3,-7 D=3505,3505,0,2,2 L=1249,1250,1,0,-1 B=1236,1236,0,0,-16
mv U2 code=0 aligned=1 homed=- ms=219.0 U=3135,1099,12,0,-3 R=1091,1090,-1,0,-1 F=675,674,-1,3,-7 D=3505,3505,0,2,2 L=1249,1250,1,0,-1 B=1236,1236,0,0,-16
mv U2 code=0 aligned=1 homed=- ms=219.0 U=1103,3131,-20,2,-1 R=1091,1090,-1,0,-1 F=675,674,-1,3,-7 D=3505,3505,0,2,2 L=1250,1250,0,0,-1 B=1236,1236,0,0,-16
mv U2 code=0 aligned=1 homed=- ms=219.0 U=3135,1099,12,0,-3 R=1091,1090,-1,0,-1 F=675,674,-1,3,-7 D=3505,3505,0,2,2 L=1250,1250,0,0,-1 B=1236,1236,0,0,-16
mv U2 code=0 aligned=1 homed=- ms=219.0 U=1103,3131,-20,2,-1 R=1091,1090,-1,0,-1 F=675,674,-1,3,-7 D=3505,3505,0,2,2 L=1249,1249,0,0,-2 B=1236,1236,0,0,-16
mv U2 code=0 aligned=1 homed=- ms=219.0 U=3135,1099,12,0,-3 R=1091,1090,-1,0,-1 F=675,674,-1,3,-7 D=3505,3505,0,2,2 L=1249,1250,1,0,-1 B=1236,1235,-1,0,-17
mv U2 code=0 aligned=1 homed=- ms=219.0 U=1102,3131,-19,2,-1 R=1091,1090,-1,0,-1 F=675,674,-1,3,-7 D=3505,3505,0,2,2 L=1250,1250,0,0,-1 B=1236,1236,0,0,-16
mv U2 code=0 aligned=1 homed=- ms=219.0 U=3135,1099,12,0,-3 R=1091,1090,-1,0,-1 F=675,674,-1,3,-7 D=3505,3505,0,2,2 L=1249,1250,1,0,-1 B=1236,1236,0,0,-16
mv U2 code=0 aligned=1 homed=- ms=219.0 U=1103,3131,-20,2,-1 R=1091,1090,-1,0,-1 F=675,674,-1,3,-7 D=3505,3505,0,2,2 L=1249,1250,1,0,-1 B=1236,1236,0,0,-16
mv U2 code=0 aligned=1 homed=- ms=219.0 U=3135,1099,12,0,-3 R=1091,1090,-1,0,-1 F=675,674,-1,3,-7 D=3505,3505,0,2,2 L=1249,1250,1,0,-1 B=1236,1236,0,0,-16
mv U2 code=0 aligned=1 homed=- ms=219.0 U=1103,3131,-20,2,-1 R=1091,1090,-1,0,-1 F=675,674,-1,3,-7 D=3505,3505,0,2,2 L=1249,1250,1,0,-1 B=1236,1236,0,0,-16
mv U2 code=0 aligned=1 homed=- ms=219.0 U=3135,1099,12,0,-3 R=1091,1090,-1,0,-1 F=675,674,-1,3,-7 D=3505,3505,0,2,2 L=1249,1250,1,0,-1 B=1236,1236,0,0,-16
mv U2 code=0 aligned=1 homed=- ms=219.0 U=1102,3131,-19,2,-1 R=1091,1090,-1,0,-1 F=675,674,-1,3,-7 D=3505,3505,0,2,2 L=1250,1250,0,0,-1 B=1236,1236,0,0,-16
mv U2 code=0 aligned=1 homed=- ms=219.0 U=3135,1099,12,0,-3 R=1091,1090,-1,0,-1 F=675,674,-1,3,-7 D=3505,3505,0,2,2 L=1249,1250,1,0,-1 B=1236,1236,0,0,-16
mv U2 code=0 aligned=1 homed=- ms=219.0 U=1103,3131,-20,2,-1 R=1091,1090,-1,0,-1 F=675,674,-1,3,-7 D=3505,3505,0,2,2 L=1249,1250,1,0,-1 B=1236,1236,0,0,-16
mv U2 code=0 aligned=1 homed=- ms=219.0 U=3135,1099,12,0,-3 R=1091,1090,-1,0,-1 F=675,674,-1,3,-7 D=3505,3506,1,2,3 L=1249,1249,0,0,-2 B=1236,1236,0,0,-16
mv U2 code=0 aligned=1 homed=- ms=219.0 U=1103,3131,-20,2,-1 R=1091,1091,0,0,0 F=675,674,-1,3,-7 D=3505,3505,0,2,2 L=1249,1250,1,0,-1 B=1235,1236,1,0,-16
mv U2 code=0 aligned=1 homed=- ms=219.0 U=3135,1099,12,0,-3 R=1091,1090,-1,0,-1 F=675,674,-1,3,-7 D=3505,3505,0,2,2 L=1249,1250,1,0,-1 B=1236,1236,0,0,-16
mv U2 code=0 aligned=1 homed=- ms=219.0 U=1103,3131,-20,2,-1 R=1091,1090,-1,0,-1 F=675,674,-1,3,-7 D=3505,3505,0,2,2 L=1250,1250,0,0,-1 B=1235,1236,1,0,-16
mv U2 code=0 aligned=1 homed=- ms=219.0 U=3135,1099,12,0,-3 R=1091,1090,-1,0,-1 F=675,674,-1,3,-7 D=3505,3505,0,2,2 L=1249,1250,1,0,-1 B=1236,1236,0,0,-16
mv U2 code=0 aligned=1 homed=- ms=219.0 U=1103,3131,-20,2,-1 R=1091,1090,-1,0,-1 F=675,673,-2,3,-8 D=3505,3505,0,2,2 L=1249,1250,1,0,-1 B=1236,1236,0,0,-16
mv U2 code=0 aligned=1 homed=- ms=219.0 U=3135,1099,12,0,-3 R=1091,1090,-1,0,-1 F=675,674,-1,3,-7 D=3505,3505,0,2,2 L=1249,1250,1,0,-1 B=1236,1236,0,0,-16
mv U2 code=0 aligned=1 homed=- ms=219.0 U=1103,3131,-20,2,-1 R=1091,1090,-1,0,-1 F=675,674,-1,3,-7 D=3505,3505,0,2,2 L=1250,1250,0,0,-1 B=1235,1236,1,0,-16
mv U2 code=0 aligned=1 homed=- ms=219.0 U=3135,1099,12,0,-3 R=1091,1090,-1,0,-1 F=675,674,-1,3,-7 D=3505,3505,0,2,2 L=1249,1250,1,0,-1 B=1236,1236,0,0,-16
mv U2 code=0 aligned=1 homed=- ms=219.0 U=1103,3131,-20,2,-1 R=1091,1090,-1,0,-1 F=675,674,-1,3,-7 D=3505,3505,0,2,2 L=1249,1250,1,0,-1 B=1236,1236,0,0,-16
mv U2 code=0 aligned=1 homed=- ms=219.0 U=3135,1099,12,0,-3 R=1091,1090,-1,0,-1 F=675,674,-1,3,-7 D=3505,3505,0,2,2 L=1249,1250,1,0,-1 B=1236,1236,0,0,-16
mv U2 code=0 aligned=1 homed=- ms=219.0 U=1103,3131,-20,2,-1 R=1090,1090,0,0,-1 F=675,674,-1,3,-7 D=3505,3505,0,2,2 L=1249,1250,1,0,-1 B=1236,1236,0,0,-16
mv U2 code=0 aligned=1 homed=- ms=219.0 U=3135,1099,12,0,-3 R=1091,1090,-1,0,-1 F=675,674,-1,3,-7 D=3505,3505,0,2,2 L=1250,1250,0,0,-1 B=1236,1236,0,0,-16
mv U2 code=0 aligned=1 homed=- ms=219.0 U=1103,3131,-20,2,-1 R=1091,1090,-1,0,-1 F=675,674,-1,3,-7 D=3505,3505,0,2,2 L=1249,1250,1,0,-1 B=1236,1236,0,0,-16
mv U2 code=0 aligned=1 homed=- ms=219.0 U=3135,1099,12,0,-3 R=1091,1090,-1,0,-1 F=675,674,-1,3,-7 D=3505,3505,0,2,2 L=1250,1250,0,0,-1 B=1236,1235,-1,0,-17
mv U2 code=0 aligned=1 homed=- ms=219.0 U=1103,3131,-20,2,-1 R=1091,1090,-1,0,-1 F=675,674,-1,3,-7 D=3505,3505,0,2,2 L=1249,1250,1,0,-1 B=1236,1236,0,0,-16
mv U2 code=0 aligned=1 homed=- ms=219.0 U=3136,1099,11,0,-3 R=1091,1090,-1,0,-1 F=675,674,-1,3,-7 D=3505,3505,0,2,2 L=1249,1250,1,0,-1 B=1236,1236,0,0,-16
mv U2 code=0 aligned=1 homed=- ms=219.0 U=1103,3131,-20,2,-1 R=1091,1090,-1,0,-1 F=675,674,-1,3,-7 D=3505,3505,0,2,2 L=1249,1250,1,0,-1 B=1236,1236,0,0,-16
mv U2 code=0 aligned=1 homed=- ms=219.0 U=3135,1099,12,0,-3 R=1091,1090,-1,0,-1 F=675,674,-1,3,-7 D=3505,3505,0,2,2 L=1249,1250,1,0,-1 B=1236,1236,0,0,-16
mv U2 code=0 aligned=1 homed=- ms=219.0 U=1103,3131,-20,2,-1 R=1091,1090,-1,0,-1 F=675,674,-1,3,-7 D=3505,3505,0,2,2 L=1249,1250,1,0,-1 B=1236,1236,0,0,-16
mv U2 code=0 aligned=1 homed=- ms=219.0 U=3135,1099,12,0,-3 R=1091,1090,-1,0,-1 F=675,674,-1,3,-7 D=3505,3505,0,2,2 L=1249,1250,1,0,-1 B=1236,1236,0,0,-16
mv U2 code=0 aligned=1 homed=- ms=219.0 U=1103,3131,-20,2,-1 R=1091,1090,-1,0,-1 F=675,674,-1,3,-7 D=3505,3505,0,2,2 L=1249,1250,1,0,-1 B=1236,1236,0,0,-16
mv U2 code=0 aligned=1 homed=- ms=219.0 U=3135,1099,12,0,-3 R=1091,1090,-1,0,-1 F=675,674,-1,3,-7 D=3505,3505,0,2,2 L=1249,1250,1,0,-1 B=1236,1236,0,0,-16
mv U2 code=0 aligned=1 homed=- ms=219.0 U=1103,3131,-20,2,-1 R=1091,1090,-1,0,-1 F=675,674,-1,3,-7 D=3505,3505,0,2,2 L=1249,1250,1,0,-1 B=1236,1236,0,0,-16
mv U2 code=0 aligned=1 homed=- ms=219.0 U=3135,1099,12,0,-3 R=1091,1090,-1,0,-1 F=675,674,-1,3,-7 D=3505,3505,0,2,2 L=1249,1250,1,0,-1 B=1236,1236,0,0,-16
mv U2 code=0 aligned=1 homed=- ms=219.0 U=1103,3131,-20,2,-1 R=1091,1090,-1,0,-1 F=675,674,-1,3,-7 D=3505,3505,0,2,2 L=1250,1250,0,0,-1 B=1236,1235,-1,0,-17
mv U2 code=0 aligned=1 homed=- ms=219.0 U=3135,1099,12,0,-3 R=1091,1090,-1,0,-1 F=675,674,-1,3,-7 D=3505,3505,0,2,2 L=1250,1250,0,0,-1 B=1236,1236,0,0,-16
mv U2 code=0 aligned=1 homed=- ms=219.0 U=1103,3131,-20,2,-1 R=1091,1090,-1,0,-1 F=675,674,-1,3,-7 D=3505,3505,0,2,2 L=1249,1250,1,0,-1 B=1236,1236,0,0,-16
mv U2 code=0 aligned=1 homed=- ms=219.0 U=3136,1099,11,0,-3 R=1091,1090,-1,0,-1 F=675,674,-1,3,-7 D=3505,3505,0,2,2 L=1249,1250,1,0,-1 B=1236,1236,0,0,-16
mv U2 code=0 aligned=1 homed=- ms=219.0 U=1103,3131,-20,2,-1 R=1091,1090,-1,0,-1 F=675,674,-1,3,-7 D=3505,3506,1,2,3 L=1249,1250,1,0,-1 B=1236,1236,0,0,-16
mv U2 code=0 aligned=1 homed=- ms=219.0 U=3135,1099,12,0,-3 R=1091,1090,-1,0,-1 F=675,674,-1,3,-7 D=3505,3505,0,2,2 L=1250,1250,0,0,-1 B=1236,1236,0,0,-16
mv U2 code=0 aligned=1 homed=- ms=219.0 U=1103,3131,-20,2,-1 R=1091,1090,-1,0,-1 F=675,674,-1,3,-7 D=3505,3505,0,2,2 L=1249,1250,1,0,-1 B=1236,1236,0,0,-16
mv U2 code=0 aligned=1 homed=- ms=219.0 U=3135,1099,12,0,-3 R=1091,1090,-1,0,-1 F=675,674,-1,3,-7 D=3505,3505,0,2,2 L=1250,1250,0,0,-1 B=1236,1236,0,0,-16
mv U2 code=0 aligned=1 homed=- ms=219.0 U=1103,3131,-20,2,-1 R=1091,1090,-1,0,-1 F=675,674,-1,3,-7 D=3505,3505,0,2,2 L=1249,1250,1,0,-1 B=1236,1236,0,0,-16
mv U2 code=0 aligned=1 homed=- ms=219.0 U=3135,1099,12,0,-3 R=1091,1090,-1,0,-1 F=675,674,-1,3,-7 D=3505,3505,0,2,2 L=1250,1250,0,0,-1 B=1236,1236,0,0,-16
mv U2 code=0 aligned=1 homed=- ms=219.0 U=1102,3131,-19,2,-1 R=1091,1090,-1,0,-1 F=675,674,-1,3,-7 D=3505,3505,0,2,2 L=1249,1250,1,0,-1 B=1236,1235,-1,0,-17
mv U2 code=0 aligned=1 homed=- ms=219.0 U=3135,1099,12,0,-3 R=1091,1090,-1,0,-1 F=675,674,-1,3,-7 D=3505,3505,0,2,2 L=1249,1250,1,0,-1 B=1236,1236,0,0,-16
mv U2 code=0 aligned=1 homed=- ms=219.0 U=1103,3131,-20,2,-1 R=1091,1090,-1,0,-1 F=675,674,-1,3,-7 D=3505,3505,0,2,2 L=1249,1250,1,0,-1 B=1236,1236,0,0,-16
mv U2 code=0 aligned=1 homed=- ms=219.0 U=3135,1099,12,0,-3 R=1091,1090,-1,0,-1 F=675,674,-1,3,-7 D=3505,3505,0,2,2 L=1249,1250,1,0,-1 B=1236,1236,0,0,-16
mv U2 code=0 aligned=1 homed=- ms=219.0 U=1103,3131,-20,2,-1 R=1091,1090,-1,0,-1 F=675,674,-1,3,-7 D=3505,3505,0,2,2 L=1249,1250,1,0,-1 B=1236,1236,0,0,-16
mv U2 code=0 aligned=1 homed=- ms=219.0 U=3135,1099,12,0,-3 R=1091,1090,-1,0,-1 F=675,674,-1,3,-7 D=3505,3505,0,2,2 L=1249,1249,0,0,-2 B=1235,1236,1,0,-16
mv U2 code=0 aligned=1 homed=- ms=219.0 U=1103,3131,-20,2,-1 R=1091,1090,-1,0,-1 F=675,674,-1,3,-7 D=3505,3505,0,2,2 L=1249,1250,1,0,-1 B=1236,1236,0,0,-16
mv U2 code=0 aligned=1 homed=- ms=219.0 U=3135,1099,12,0,-3 R=1091,1090,-1,0,-1 F=675,674,-1,3,-7 D=3505,3505,0,2,2 L=1250,1250,0,0,-1 B=1236,1236,0,0,-16
mv U2 code=0 aligned=1 homed=- ms=219.0 U=1103,3131,-20,2,-1 R=1091,1090,-1,0,-1 F=675,674,-1,3,-7 D=3505,3505,0,2,2 L=1250,1250,0,0,-1 B=1236,1236,0,0,-16
mv U2 code=0 aligned=1 homed=- ms=219.0 U=3135,1099,12,0,-3 R=1091,1090,-1,0,-1 F=675,674,-1,3,-7 D=3505,3505,0,2,2 L=1249,1250,1,0,-1 B=1236,1236,0,0,-16
mv U2 code=0 aligned=1 homed=- ms=219.0 U=1103,3131,-20,2,-1 R=1091,1090,-1,0,-1 F=675,674,-1,3,-7 D=3505,3505,0,2,2 L=1249,1250,1,0,-1 B=1236,1236,0,0,-16
mv U2 code=0 aligned=1 homed=- ms=219.0 U=3135,1099,12,0,-3 R=1091,1090,-1,0,-1 F=675,674,-1,3,-7 D=3505,3505,0,2,2 L=1249,1250,1,0,-1 B=1236,1236,0,0,-16
mv U2 code=0 aligned=1 homed=- ms=219.0 U=1103,3131,-20,2,-1 R=1091,1090,-1,0,-1 F=675,674,-1,3,-7 D=3505,3505,0,2,2 L=1249,1249,0,0,-2 B=1236,1235,-1,0,-17
mv U2 code=0 aligned=1 homed=- ms=219.0 U=3136,1099,11,0,-3 R=1091,1090,-1,0,-1 F=675,674,-1,3,-7 D=3505,3505,0,2,2 L=1249,1250,1,0,-1 B=1236,1236,0,0,-16
mv U2 code=0 aligned=1 homed=- ms=219.0 U=1103,3131,-20,2,-1 R=1091,1090,-1,0,-1 F=675,674,-1,3,-7 D=3505,3505,0,2,2 L=1249,1250,1,0,-1 B=1236,1236,0,0,-16
mv U2 code=0 aligned=1 homed=- ms=219.0 U=3135,1099,12,0,-3 R=1091,1090,-1,0,-1 F=675,674,-1,3,-7 D=3505,3505,0,2,2 L=1249,1250,1,0,-1 B=1236,1236,0,0,-16
mv U2 code=0 aligned=1 homed=- ms=219.0 U=1103,3131,-20,2,-1 R=1091,1090,-1,0,-1 F=675,674,-1,3,-7 D=3505,3505,0,2,2 L=1249,1250,1,0,-1 B=1236,1236,0,0,-16
mv U2 code=0 aligned=1 homed=- ms=219.0 U=3135,1099,12,0,-3 R=1091,1090,-1,0,-1 F=675,674,-1,3,-7 D=3505,3505,0,2,2 L=1249,1250,1,0,-1 B=1236,1236,0,0,-16
mv U2 code=0 aligned=1 homed=- ms=219.0 U=1103,3131,-20,2,-1 R=1091,1091,0,0,0 F=675,674,-1,3,-7 D=3505,3505,0,2,2 L=1249,1250,1,0,-1 B=1236,1236,0,0,-16
mv U2 code=0 aligned=1 homed=- ms=219.0 U=3135,1099,12,0,-3 R=1091,1090,-1,0,-1 F=675,674,-1,3,-7 D=3505,3506,1,2,3 L=1249,1250,1,0,-1 B=1236,1236,0,0,-16
mv U2 code=0 aligned=1 homed=- ms=219.0 U=1103,3131,-20,2,-1 R=1091,1090,-1,0,-1 F=675,674,-1,3,-7 D=3505,3506,1,2,3 L=1249,1250,1,0,-1 B=1236,1236,0,0,-16
mv U2 code=0 aligned=1 homed=- ms=219.0 U=3135,1099,12,0,-3 R=1091,1090,-1,0,-1 F=675,674,-1,3,-7 D=3505,3505,0,2,2 L=1249,1250,1,0,-1 B=1236,1235,-1,0,-17
mv U2 code=0 aligned=1 homed=- ms=219.0 U=1103,3131,-20,2,-1 R=1091,1090,-1,0,-1 F=675,674,-1,3,-7 D=3505,3505,0,2,2 L=1249,1250,1,0,-1 B=1236,1236,0,0,-16
mv U2 code=0 aligned=1 homed=- ms=219.0 U=3135,1099,12,0,-3 R=1091,1090,-1,0,-1 F=675,674,-1,3,-7 D=3505,3505,0,2,2 L=1249,1250,1,0,-1 B=1235,1236,1,0,-16
mv U2 code=0 aligned=1 homed=- ms=219.0 U=1103,3131,-20,2,-1 R=1091,1090,-1,0,-1 F=675,674,-1,3,-7 D=3505,3506,1,2,3 L=1249,1250,1,0,-1 B=1236,1236,0,0,-16
mv U2 code=0 aligned=1 homed=- ms=219.0 U=3135,1099,12,0,-3 R=1091,1090,-1,0,-1 F=675,674,-1,3,-7 D=3505,3505,0,2,2 L=1249,1250,1,0,-1 B=1236,1236,0,0,-16
mv U2 code=0 aligned=1 homed=- ms=219.0 U=1103,3131,-20,2,-1 R=1091,1090,-1,0,-1 F=675,674,-1,3,-7 D=3505,3505,0,2,2 L=1250,1250,0,0,-1 B=1236,1236,0,0,-16
mv U2 code=0 aligned=1 homed=- ms=219.0 U=3135,1099,12,0,-3 R=1091,1090,-1,0,-1 F=675,674,-1,3,-7 D=3505,3505,0,2,2 L=1249,1250,1,0,-1 B=1236,1236,0,0,-16
mv U2 code=0 aligned=1 homed=- ms=219.0 U=1103,3131,-20,2,-1 R=1091,1090,-1,0,-1 F=675,674,-1,3,-7 D=3505,3505,0,2,2 L=1250,1250,0,0,-1 B=1236,1236,0,0,-16
mv U2 code=0 aligned=1 homed=- ms=219.0 U=3135,1099,12,0,-3 R=1091,1090,-1,0,-1 F=675,674,-1,3,-7 D=3505,3505,0,2,2 L=1249,1250,1,0,-1 B=1236,1236,0,0,-16
mv U2 code=0 aligned=1 homed=- ms=219.0 U=1103,3131,-20,2,-1 R=1091,1090,-1,0,-1 F=675,674,-1,3,-7 D=3505,3505,0,2,2 L=1250,1250,0,0,-1 B=1235,1236,1,0,-16
mv U2 code=0 aligned=1 homed=- ms=219.0 U=3135,1099,12,0,-3 R=1091,1090,-1,0,-1 F=675,674,-1,3,-7 D=3505,3505,0,2,2 L=1249,1250,1,0,-1 B=1236,1236,0,0,-16
mv U2 code=0 aligned=1 homed=- ms=219.0 U=1103,3131,-20,2,-1 R=1091,1090,-1,0,-1 F=675,674,-1,3,-7 D=3505,3505,0,2,2 L=1249,1250,1,0,-1 B=1236,1236,0,0,-16
mv U2 code=0 aligned=1 homed=- ms=219.0 U=3135,1099,12,0,-3 R=1091,1091,0,0,0 F=675,674,-1,3,-7 D=3505,3505,0,2,2 L=1249,1250,1,0,-1 B=1236,1236,0,0,-16
mv U2 code=0 aligned=1 homed=- ms=219.0 U=1103,3131,-20,2,-1 R=1091,1090,-1,0,-1 F=675,674,-1,3,-7 D=3505,3505,0,2,2 L=1249,1250,1,0,-1 B=1236,1236,0,0,-16
mv U2 code=0 aligned=1 homed=- ms=219.0 U=3135,1099,12,0,-3 R=1091,1090,-1,0,-1 F=675,673,-2,3,-8 D=3505,3505,0,2,2 L=1249,1250,1,0,-1 B=1236,1236,0,0,-16
mv U2 code=0 aligned=1 homed=- ms=219.0 U=1103,3131,-20,2,-1 R=1091,1090,-1,0,-1 F=675,674,-1,3,-7 D=3505,3505,0,2,2 L=1249,1250,1,0,-1 B=1236,1236,0,0,-16
rep moves=200 notaligned=0 homings=0 failures=0 avgms=219.0
res U=200,-4.0,16.4,20 R=- F=- D=- L=- B=-
ok
> health
health U=1,1,0/128/675 R=1,1,0/128/1620 F=1,1,0/128/1786 D=1,1,0/128/1575 L=1,1,0/128/678 B=1,1,0/128/1283 RING=1,1,0/128/1596
ok
> home
[align] motor 0 err=3 counts (0.3 steps)
[align] motor 1 err=0 counts (0.0 steps)
[align] motor 2 err=-6 counts (-0.6 steps)
[align] motor 3 err=2 counts (0.2 steps)
[align] motor 4 err=-3 counts (-0.3 steps)
[align] motor 5 err=-18 counts (-1.8 steps)
home code=0 ms=6 en=0
enc U=3131 R=1090 F=674 D=3505 L=1249 B=1235 RING=2768
near U=2:-1 R=0:-1 F=3:-7 D=2:2 L=0:-2 B=0:-17
ok
> enc
enc U=3134 R=1091 F=675 D=3505 L=1249 B=1236 RING=2768
near U=2:2 R=0:0 F=3:-6 D=2:2 L=0:-2 B=0:-16
ok
> relax
relax U=3131/3134/3 R=1090/1091/1 F=673/675/2 D=3505/3505/0 L=1248/1249/1 B=1234/1236/2
ok
> relax
relax U=3132/3134/2 R=1090/1091/1 F=673/675/2 D=3505/3505/0 L=1248/1249/1 B=1234/1236/2
ok
