time,tok,code,aligned,homed,ms,U_before,U_after,U_res,U_idx,U_err,R_before,R_after,R_res,R_idx,R_err,F_before,F_after,F_res,F_idx,F_err,D_before,D_after,D_res,D_idx,D_err,L_before,L_after,L_res,L_idx,L_err,B_before,B_after,B_res,B_idx,B_err
1787463557.927,R,0,1,-,119.0,3134,3132,-2,2,0,1091,48,-19,3,-3,675,674,-1,3,-7,3540,3503,-37,2,0,1249,1250,1,0,-1,1236,1236,0,0,-16
1787463558.065,R',0,1,-,119.0,3134,3133,-1,2,1,51,1090,15,0,-1,675,674,-1,3,-7,3503,3503,0,2,0,1249,1250,1,0,-1,1236,1236,0,0,-16
1787463558.203,R,0,1,-,119.0,3134,3132,-2,2,0,1091,48,-19,3,-3,675,674,-1,3,-7,3503,3503,0,2,0,1249,1250,1,0,-1,1236,1236,0,0,-16
1787463558.341,R',0,1,-,119.0,3135,3133,-2,2,1,51,1090,15,0,-1,675,674,-1,3,-7,3503,3503,0,2,0,1250,1250,0,0,-1,1236,1236,0,0,-16
1787463558.479,R,0,1,-,119.0,3134,3133,-1,2,1,1091,48,-19,3,-3,675,674,-1,3,-7,3503,3503,0,2,0,1249,1250,1,0,-1,1236,1235,-1,0,-17
1787463558.615,R',0,1,-,119.0,3135,3133,-2,2,1,51,1090,15,0,-1,675,674,-1,3,-7,3503,3503,0,2,0,1249,1250,1,0,-1,1236,1236,0,0,-16
1787463558.753,R,0,1,-,119.0,3135,3132,-3,2,0,1091,48,-19,3,-3,675,674,-1,3,-7,3503,3503,0,2,0,1249,1250,1,0,-1,1236,1235,-1,0,-17
1787463558.889,R',0,1,-,119.0,3134,3133,-1,2,1,51,1090,15,0,-1,675,674,-1,3,-7,3503,3503,0,2,0,1249,1250,1,0,-1,1236,1236,0,0,-16
1787463559.028,R,0,1,-,119.0,3134,3133,-1,2,1,1091,48,-19,3,-3,675,674,-1,3,-7,3503,3503,0,2,0,1249,1250,1,0,-1,1236,1236,0,0,-16
1787463559.165,R',0,1,-,119.0,3134,3133,-1,2,1,51,1090,15,0,-1,675,674,-1,3,-7,3503,3503,0,2,0,1249,1250,1,0,-1,1236,1236,0,0,-16
1787463559.303,R,0,1,-,119.0,3134,3132,-2,2,0,1091,48,-19,3,-3,675,674,-1,3,-7,3503,3503,0,2,0,1250,1250,0,0,-1,1236,1236,0,0,-16
1787463559.440,R',0,1,-,119.0,3134,3133,-1,2,1,51,1090,15,0,-1,675,674,-1,3,-7,3503,3503,0,2,0,1249,1250,1,0,-1,1236,1236,0,0,-16
1787463559.577,R,0,1,-,119.0,3134,3132,-2,2,0,1091,48,-19,3,-3,675,674,-1,3,-7,3503,3503,0,2,0,1249,1250,1,0,-1,1236,1236,0,0,-16
1787463559.714,R',0,1,-,119.0,3134,3132,-2,2,0,51,1090,15,0,-1,675,674,-1,3,-7,3503,3503,0,2,0,1249,1250,1,0,-1,1236,1236,0,0,-16
1787463559.850,R,0,1,-,119.0,3134,3133,-1,2,1,1091,48,-19,3,-3,675,674,-1,3,-7,3503,3503,0,2,0,1250,1250,0,0,-1,1236,1236,0,0,-16
1787463559.990,R',0,1,-,119.0,3134,3133,-1,2,1,51,1090,15,0,-1,675,674,-1,3,-7,3503,3503,0,2,0,1249,1250,1,0,-1,1236,1236,0,0,-16
1787463560.128,R,0,1,-,119.0,3134,3133,-1,2,1,1091,48,-19,3,-3,675,674,-1,3,-7,3503,3503,0,2,0,1249,1250,1,0,-1,1236,1236,0,0,-16
1787463560.264,R',0,1,-,119.0,3134,3132,-2,2,0,51,1090,15,0,-1,675,674,-1,3,-7,3503,3503,0,2,0,1249,1250,1,0,-1,1236,1236,0,0,-16
1787463560.403,R,0,1,-,119.0,3134,3133,-1,2,1,1091,48,-19,3,-3,675,674,-1,3,-7,3503,3503,0,2,0,1249,1250,1,0,-1,1236,1236,0,0,-16
1787463560.535,R',0,1,-,119.0,3134,3133,-1,2,1,51,1090,15,0,-1,675,674,-1,3,-7,3503,3503,0,2,0,1249,1250,1,0,-1,1236,1236,0,0,-16
1787463560.678,R,0,1,-,119.0,3135,3133,-2,2,1,1091,48,-19,3,-3,675,674,-1,3,-7,3503,3503,0,2,0,1249,1250,1,0,-1,1235,1236,1,0,-16
1787463560.816,R',0,1,-,119.0,3134,3133,-1,2,1,51,1090,15,0,-1,675,674,-1,3,-7,3503,3503,0,2,0,1249,1250,1,0,-1,1236,1236,0,0,-16
1787463560.955,R,0,1,-,119.0,3134,3133,-1,2,1,1091,48,-19,3,-3,675,674,-1,3,-7,3503,3503,0,2,0,1249,1249,0,0,-2,1236,1235,-1,0,-17
1787463561.083,R',0,1,-,119.0,3134,3133,-1,2,1,51,1090,15,0,-1,675,674,-1,3,-7,3503,3503,0,2,0,1249,1250,1,0,-1,1236,1236,0,0,-16
1787463561.228,R,0,1,-,119.0,3135,3133,-2,2,1,1091,48,-19,3,-3,675,674,-1,3,-7,3503,3503,0,2,0,1249,1250,1,0,-1,1236,1236,0,0,-16
1787463561.363,R',0,1,-,119.0,3134,3132,-2,2,0,51,1090,15,0,-1,675,674,-1,3,-7,3503,3503,0,2,0,1250,1249,-1,0,-2,1236,1236,0,0,-16
1787463561.503,R,0,1,-,119.0,3134,3133,-1,2,1,1091,48,-19,3,-3,675,674,-1,3,-7,3503,3503,0,2,0,1249,1250,1,0,-1,1236,1235,-1,0,-17
1787463561.636,R',0,1,-,119.0,3135,3133,-2,2,1,51,1090,15,0,-1,675,674,-1,3,-7,3503,3503,0,2,0,1249,1249,0,0,-2,1236,1235,-1,0,-17
1787463561.779,R,0,1,-,119.0,3135,3132,-3,2,0,1091,48,-19,3,-3,675,674,-1,3,-7,3503,3503,0,2,0,1249,1250,1,0,-1,1236,1235,-1,0,-17
1787463561.915,R',0,1,-,119.0,3134,3133,-1,2,1,51,1090,15,0,-1,675,674,-1,3,-7,3503,3503,0,2,0,1249,1249,0,0,-2,1235,1236,1,0,-16
1787463562.053,R,0,1,-,119.0,3134,3132,-2,2,0,1091,48,-19,3,-3,675,674,-1,3,-7,3503,3503,0,2,0,1249,1250,1,0,-1,1235,1236,1,0,-16
1787463562.191,R',0,1,-,119.0,3135,3133,-2,2,1,51,1090,15,0,-1,675,674,-1,3,-7,3503,3503,0,2,0,1249,1250,1,0,-1,1235,1236,1,0,-16
1787463562.327,R,0,1,-,119.0,3134,3133,-1,2,1,1091,48,-19,3,-3,675,674,-1,3,-7,3503,3503,0,2,0,1250,1250,0,0,-1,1236,1236,0,0,-16
1787463562.465,R',0,1,-,119.0,3134,3132,-2,2,0,51,1090,15,0,-1,675,674,-1,3,-7,3503,3503,0,2,0,1250,1250,0,0,-1,1236,1236,0,0,-16
1787463562.603,R,0,1,-,119.0,3134,3133,-1,2,1,1091,48,-19,3,-3,675,674,-1,3,-7,3503,3503,0,2,0,1249,1250,1,0,-1,1236,1236,0,0,-16
1787463562.741,R',0,1,-,119.0,3134,3133,-1,2,1,51,1090,15,0,-1,675,674,-1,3,-7,3503,3503,0,2,0,1249,1249,0,0,-2,1236,1236,0,0,-16
1787463562.877,R,0,1,-,119.0,3134,3133,-1,2,1,1091,48,-19,3,-3,675,674,-1,3,-7,3503,3503,0,2,0,1249,1250,1,0,-1,1235,1236,1,0,-16
1787463563.015,R',0,1,-,119.0,3135,3133,-2,2,1,51,1090,15,0,-1,675,674,-1,3,-7,3503,3503,0,2,0,1249,1250,1,0,-1,1236,1236,0,0,-16
1787463563.152,R,0,1,-,119.0,3134,3133,-1,2,1,1091,48,-19,3,-3,675,674,-1,3,-7,3503,3503,0,2,0,1249,1250,1,0,-1,1235,1236,1,0,-16
1787463563.290,R',0,1,-,119.0,3134,3133,-1,2,1,51,1090,15,0,-1,675,674,-1,3,-7,3503,3503,0,2,0,1249,1250,1,0,-1,1235,1236,1,0,-16
1787463563.427,R,0,1,-,119.0,3134,3133,-1,2,1,1091,48,-19,3,-3,675,674,-1,3,-7,3503,3503,0,2,0,1249,1250,1,0,-1,1235,1236,1,0,-16
1787463563.564,R',0,1,-,119.0,3134,3133,-1,2,1,51,1090,15,0,-1,675,674,-1,3,-7,3503,3503,0,2,0,1249,1250,1,0,-1,1236,1236,0,0,-16
1787463563.703,R,0,1,-,119.0,3134,3133,-1,2,1,1091,48,-19,3,-3,675,674,-1,3,-7,3503,3503,0,2,0,1249,1250,1,0,-1,1236,1236,0,0,-16
1787463563.840,R',0,1,-,119.0,3134,3133,-1,2,1,51,1091,16,0,0,675,674,-1,3,-7,3503,3503,0,2,0,1249,1250,1,0,-1,1236,1236,0,0,-16
1787463563.978,R,0,1,-,119.0,3134,3133,-1,2,1,1091,48,-19,3,-3,675,674,-1,3,-7,3503,3503,0,2,0,1249,1250,1,0,-1,1236,1236,0,0,-16
1787463564.115,R',0,1,-,119.0,3134,3133,-1,2,1,51,1090,15,0,-1,675,674,-1,3,-7,3503,3503,0,2,0,1250,1250,0,0,-1,1236,1236,0,0,-16
1787463564.253,R,0,1,-,119.0,3134,3132,-2,2,0,1091,48,-19,3,-3,675,674,-1,3,-7,3503,3503,0,2,0,1249,1250,1,0,-1,1235,1236,1,0,-16
1787463564.390,R',0,1,-,119.0,3134,3133,-1,2,1,51,1090,15,0,-1,675,674,-1,3,-7,3503,3503,0,2,0,1249,1250,1,0,-1,1236,1235,-1,0,-17
1787463564.527,R,0,1,-,119.0,3134,3133,-1,2,1,1091,48,-19,3,-3,675,674,-1,3,-7,3503,3503,0,2,0,1249,1250,1,0,-1,1236,1235,-1,0,-17
1787463564.665,R',0,1,-,119.0,3134,3133,-1,2,1,51,1090,15,0,-1,675,674,-1,3,-7,3503,3503,0,2,0,1249,1250,1,0,-1,1235,1236,1,0,-16
1787463564.802,R,0,1,-,119.0,3134,3133,-1,2,1,1091,48,-19,3,-3,675,674,-1,3,-7,3503,3503,0,2,0,1249,1250,1,0,-1,1236,1235,-1,0,-17
1787463564.940,R',0,1,-,119.0,3134,3132,-2,2,0,51,1090,15,0,-1,675,674,-1,3,-7,3503,3503,0,2,0,1249,1250,1,0,-1,1236,1236,0,0,-16
1787463565.077,R,0,1,-,119.0,3134,3133,-1,2,1,1091,48,-19,3,-3,675,674,-1,3,-7,3503,3503,0,2,0,1249,1250,1,0,-1,1236,1236,0,0,-16
1787463565.217,R',0,1,-,119.0,3134,3133,-1,2,1,51,1090,15,0,-1,675,674,-1,3,-7,3503,3503,0,2,0,1249,1250,1,0,-1,1236,1236,0,0,-16
1787463565.352,R,0,1,-,119.0,3134,3133,-1,2,1,1091,48,-19,3,-3,675,674,-1,3,-7,3503,3503,0,2,0,1249,1249,0,0,-2,1236,1236,0,0,-16
1787463565.490,R',0,1,-,119.0,3134,3132,-2,2,0,51,1090,15,0,-1,675,674,-1,3,-7,3503,3503,0,2,0,1249,1250,1,0,-1,1236,1236,0,0,-16
1787463565.629,R,0,1,-,119.0,3134,3133,-1,2,1,1091,48,-19,3,-3,675,674,-1,3,-7,3503,3503,0,2,0,1249,1250,1,0,-1,1235,1236,1,0,-16
1787463565.765,R',0,1,-,119.0,3134,3133,-1,2,1,51,1090,15,0,-1,675,674,-1,3,-7,3503,3503,0,2,0,1249,1249,0,0,-2,1236,1235,-1,0,-17
1787463565.903,R,0,1,-,119.0,3134,3133,-1,2,1,1091,48,-19,3,-3,675,674,-1,3,-7,3503,3503,0,2,0,1249,1250,1,0,-1,1236,1236,0,0,-16
1787463566.041,R',0,1,-,119.0,3134,3133,-1,2,1,51,1090,15,0,-1,675,674,-1,3,-7,3503,3503,0,2,0,1249,1250,1,0,-1,1236,1236,0,0,-16
1787463566.177,R,0,1,-,119.0,3134,3133,-1,2,1,1091,48,-19,3,-3,675,673,-2,3,-8,3503,3503,0,2,0,1249,1250,1,0,-1,1235,1235,0,0,-17
1787463566.316,R',0,1,-,119.0,3134,3133,-1,2,1,51,1090,15,0,-1,675,674,-1,3,-7,3503,3503,0,2,0,1249,1249,0,0,-2,1235,1236,1,0,-16
1787463566.454,R,0,1,-,119.0,3134,3133,-1,2,1,1091,48,-19,3,-3,675,674,-1,3,-7,3503,3503,0,2,0,1249,1250,1,0,-1,1235,1235,0,0,-17
1787463566.589,R',0,1,-,119.0,3134,3133,-1,2,1,51,1090,15,0,-1,675,674,-1,3,-7,3503,3503,0,2,0,1249,1250,1,0,-1,1236,1236,0,0,-16
1787463566.727,R,0,1,-,119.0,3134,3133,-1,2,1,1091,48,-19,3,-3,675,674,-1,3,-7,3503,3503,0,2,0,1249,1250,1,0,-1,1236,1236,0,0,-16
1787463566.864,R',0,1,-,119.0,3134,3133,-1,2,1,51,1091,16,0,0,675,674,-1,3,-7,3503,3503,0,2,0,1249,1249,0,0,-2,1235,1236,1,0,-16
1787463567.001,R,0,1,-,119.0,3135,3133,-2,2,1,1091,48,-19,3,-3,675,674,-1,3,-7,3503,3503,0,2,0,1250,1250,0,0,-1,1236,1235,-1,0,-17
1787463567.140,R',0,1,-,119.0,3134,3133,-1,2,1,51,1090,15,0,-1,675,674,-1,3,-7,3503,3503,0,2,0,1249,1250,1,0,-1,1236,1236,0,0,-16
1787463567.269,R,0,1,-,119.0,3134,3133,-1,2,1,1091,48,-19,3,-3,675,674,-1,3,-7,3503,3503,0,2,0,1249,1250,1,0,-1,1235,1236,1,0,-16
1787463567.414,R',0,1,-,119.0,3134,3133,-1,2,1,51,1090,15,0,-1,675,674,-1,3,-7,3503,3503,0,2,0,1249,1249,0,0,-2,1236,1236,0,0,-16
1787463567.554,R,0,1,-,119.0,3134,3133,-1,2,1,1091,48,-19,3,-3,675,674,-1,3,-7,3503,3503,0,2,0,1249,1249,0,0,-2,1236,1236,0,0,-16
1787463567.691,R',0,1,-,119.0,3134,3133,-1,2,1,51,1090,15,0,-1,675,674,-1,3,-7,3503,3503,0,2,0,1249,1250,1,0,-1,1236,1236,0,0,-16
1787463567.818,R,0,1,-,119.0,3134,3132,-2,2,0,1091,48,-19,3,-3,675,674,-1,3,-7,3503,3503,0,2,0,1249,1250,1,0,-1,1236,1236,0,0,-16
1787463567.965,R',0,1,-,119.0,3134,3133,-1,2,1,51,1090,15,0,-1,675,674,-1,3,-7,3503,3503,0,2,0,1249,1250,1,0,-1,1236,1236,0,0,-16
1787463568.101,R,0,1,-,119.0,3134,3133,-1,2,1,1091,48,-19,3,-3,675,674,-1,3,-7,3503,3503,0,2,0,1249,1250,1,0,-1,1236,1236,0,0,-16
1787463568.240,R',0,1,-,119.0,3134,3133,-1,2,1,51,1090,15,0,-1,675,674,-1,3,-7,3503,3503,0,2,0,1249,1250,1,0,-1,1236,1236,0,0,-16
1787463568.374,R,0,1,-,119.0,3134,3133,-1,2,1,1091,48,-19,3,-3,675,674,-1,3,-7,3503,3503,0,2,0,1249,1250,1,0,-1,1236,1236,0,0,-16
1787463568.509,R',0,1,-,119.0,3134,3133,-1,2,1,51,1090,15,0,-1,675,674,-1,3,-7,3503,3503,0,2,0,1249,1250,1,0,-1,1236,1236,0,0,-16
1787463568.651,R,0,1,-,119.0,3134,3133,-1,2,1,1091,48,-19,3,-3,675,674,-1,3,-7,3503,3503,0,2,0,1249,1250,1,0,-1,1236,1235,-1,0,-17
1787463568.788,R',0,1,-,119.0,3134,3133,-1,2,1,51,1090,15,0,-1,675,673,-2,3,-8,3503,3503,0,2,0,1249,1250,1,0,-1,1235,1236,1,0,-16
1787463568.927,R,0,1,-,119.0,3134,3133,-1,2,1,1091,48,-19,3,-3,675,673,-2,3,-8,3503,3503,0,2,0,1249,1250,1,0,-1,1235,1236,1,0,-16
1787463569.063,R',0,1,-,119.0,3134,3132,-2,2,0,51,1090,15,0,-1,675,674,-1,3,-7,3503,3503,0,2,0,1249,1250,1,0,-1,1236,1236,0,0,-16
1787463569.202,R,0,1,-,119.0,3135,3133,-2,2,1,1091,48,-19,3,-3,675,674,-1,3,-7,3503,3503,0,2,0,1249,1250,1,0,-1,1236,1236,0,0,-16
1787463569.341,R',0,1,-,119.0,3134,3133,-1,2,1,51,1090,15,0,-1,675,674,-1,3,-7,3503,3503,0,2,0,1250,1250,0,0,-1,1236,1236,0,0,-16
1787463569.476,R,0,1,-,119.0,3134,3133,-1,2,1,1091,48,-19,3,-3,675,674,-1,3,-7,3503,3503,0,2,0,1249,1250,1,0,-1,1236,1236,0,0,-16
1787463569.608,R',0,1,-,119.0,3134,3133,-1,2,1,51,1090,15,0,-1,675,674,-1,3,-7,3503,3503,0,2,0,1249,1250,1,0,-1,1236,1236,0,0,-16
1787463569.751,R,0,1,-,119.0,3134,3133,-1,2,1,1091,48,-19,3,-3,675,674,-1,3,-7,3503,3503,0,2,0,1249,1250,1,0,-1,1236,1236,0,0,-16
1787463569.888,R',0,1,-,119.0,3134,3133,-1,2,1,51,1091,16,0,0,675,673,-2,3,-8,3503,3503,0,2,0,1249,1250,1,0,-1,1235,1236,1,0,-16
1787463570.018,R,0,1,-,119.0,3134,3133,-1,2,1,1091,48,-19,3,-3,675,674,-1,3,-7,3503,3503,0,2,0,1250,1250,0,0,-1,1236,1235,-1,0,-17
1787463570.164,R',0,1,-,119.0,3134,3133,-1,2,1,51,1090,15,0,-1,675,674,-1,3,-7,3503,3503,0,2,0,1249,1250,1,0,-1,1236,1236,0,0,-16
1787463570.301,R,0,1,-,119.0,3134,3133,-1,2,1,1091,48,-19,3,-3,675,674,-1,3,-7,3503,3503,0,2,0,1249,1250,1,0,-1,1236,1235,-1,0,-17
1787463570.439,R',0,1,-,119.0,3134,3133,-1,2,1,51,1090,15,0,-1,675,674,-1,3,-7,3503,3503,0,2,0,1249,1249,0,0,-2,1236,1236,0,0,-16
1787463570.576,R,0,1,-,119.0,3134,3133,-1,2,1,1091,48,-19,3,-3,675,674,-1,3,-7,3503,3503,0,2,0,1249,1249,0,0,-2,1235,1236,1,0,-16
1787463570.715,R',0,1,-,119.0,3135,3132,-3,2,0,51,1090,15,0,-1,675,674,-1,3,-7,3503,3503,0,2,0,1249,1250,1,0,-1,1236,1236,0,0,-16
1787463570.848,R,0,1,-,119.0,3135,3133,-2,2,1,1091,48,-19,3,-3,675,674,-1,3,-7,3503,3503,0,2,0,1249,1249,0,0,-2,1235,1236,1,0,-16
1787463570.989,R',0,1,-,119.0,3134,3132,-2,2,0,51,1090,15,0,-1,675,674,-1,3,-7,3503,3503,0,2,0,1249,1250,1,0,-1,1236,1236,0,0,-16
1787463571.126,R,0,1,-,119.0,3134,3132,-2,2,0,1091,48,-19,3,-3,675,674,-1,3,-7,3503,3502,-1,2,-1,1249,1250,1,0,-1,1236,1236,0,0,-16
1787463571.262,R',0,1,-,119.0,3134,3133,-1,2,1,51,1090,15,0,-1,675,674,-1,3,-7,3503,3503,0,2,0,1249,1250,1,0,-1,1236,1236,0,0,-16
1787463571.398,R,0,1,-,119.0,3134,3133,-1,2,1,1091,48,-19,3,-3,675,674,-1,3,-7,3503,3503,0,2,0,1249,1250,1,0,-1,1235,1236,1,0,-16
1787463571.538,R',0,1,-,119.0,3134,3133,-1,2,1,51,1090,15,0,-1,675,674,-1,3,-7,3503,3503,0,2,0,1249,1250,1,0,-1,1236,1236,0,0,-16
1787463571.668,R,0,1,-,119.0,3134,3133,-1,2,1,1091,48,-19,3,-3,675,674,-1,3,-7,3503,3502,-1,2,-1,1249,1250,1,0,-1,1236,1236,0,0,-16
1787463571.814,R',0,1,-,119.0,3134,3132,-2,2,0,51,1090,15,0,-1,675,674,-1,3,-7,3503,3503,0,2,0,1250,1250,0,0,-1,1236,1236,0,0,-16
1787463571.952,R,0,1,-,119.0,3134,3132,-2,2,0,1091,48,-19,3,-3,675,674,-1,3,-7,3503,3502,-1,2,-1,1249,1250,1,0,-1,1235,1236,1,0,-16
1787463572.089,R',0,1,-,119.0,3134,3133,-1,2,1,51,1090,15,0,-1,675,674,-1,3,-7,3503,3503,0,2,0,1250,1250,0,0,-1,1236,1236,0,0,-16
1787463572.226,R,0,1,-,119.0,3134,3133,-1,2,1,1091,48,-19,3,-3,675,674,-1,3,-7,3503,3503,0,2,0,1250,1250,0,0,-1,1235,1236,1,0,-16
1787463572.364,R',0,1,-,119.0,3135,3132,-3,2,0,51,1090,15,0,-1,675,674,-1,3,-7,3503,3503,0,2,0,1249,1250,1,0,-1,1236,1236,0,0,-16
1787463572.503,R,0,1,-,119.0,3134,3133,-1,2,1,1091,48,-19,3,-3,675,674,-1,3,-7,3503,3503,0,2,0,1249,1249,0,0,-2,1235,1236,1,0,-16
1787463572.638,R',0,1,-,119.0,3134,3133,-1,2,1,51,1090,15,0,-1,675,674,-1,3,-7,3503,3503,0,2,0,1249,1249,0,0,-2,1236,1236,0,0,-16
1787463572.777,R,0,1,-,119.0,3134,3133,-1,2,1,1091,48,-19,3,-3,675,674,-1,3,-7,3503,3503,0,2,0,1249,1249,0,0,-2,1236,1236,0,0,-16
1787463572.914,R',0,1,-,119.0,3134,3133,-1,2,1,51,1090,15,0,-1,675,674,-1,3,-7,3503,3502,-1,2,-1,1249,1249,0,0,-2,1236,1236,0,0,-16
1787463573.051,R,0,1,-,119.0,3134,3133,-1,2,1,1091,48,-19,3,-3,675,674,-1,3,-7,3503,3503,0,2,0,1249,1250,1,0,-1,1235,1235,0,0,-17
1787463573.188,R',0,1,-,119.0,3134,3133,-1,2,1,51,1090,15,0,-1,675,674,-1,3,-7,3503,3503,0,2,0,1250,1250,0,0,-1,1236,1235,-1,0,-17
1787463573.327,R,0,1,-,119.0,3134,3132,-2,2,0,1091,48,-19,3,-3,675,674,-1,3,-7,3503,3503,0,2,0,1249,1250,1,0,-1,1236,1236,0,0,-16
1787463573.463,R',0,1,-,119.0,3134,3132,-2,2,0,51,1090,15,0,-1,675,674,-1,3,-7,3503,3503,0,2,0,1250,1250,0,0,-1,1236,1236,0,0,-16
1787463573.602,R,0,1,-,119.0,3134,3133,-1,2,1,1091,48,-19,3,-3,675,674,-1,3,-7,3503,3503,0,2,0,1249,1250,1,0,-1,1235,1235,0,0,-17
1787463573.739,R',0,1,-,119.0,3134,3133,-1,2,1,51,1090,15,0,-1,675,674,-1,3,-7,3503,3503,0,2,0,1249,1249,0,0,-2,1235,1236,1,0,-16
1787463573.877,R,0,1,-,119.0,3134,3133,-1,2,1,1091,48,-19,3,-3,675,674,-1,3,-7,3503,3503,0,2,0,1249,1250,1,0,-1,1236,1235,-1,0,-17
1787463574.015,R',0,1,-,119.0,3134,3133,-1,2,1,51,1090,15,0,-1,675,674,-1,3,-7,3503,3503,0,2,0,1249,1249,0,0,-2,1236,1235,-1,0,-17
1787463574.148,R,0,1,-,119.0,3134,3133,-1,2,1,1091,48,-19,3,-3,675,674,-1,3,-7,3503,3503,0,2,0,1249,1250,1,0,-1,1235,1236,1,0,-16
1787463574.288,R',0,1,-,119.0,3134,3133,-1,2,1,51,1090,15,0,-1,675,674,-1,3,-7,3503,3503,0,2,0,1249,1250,1,0,-1,1236,1236,0,0,-16
1787463574.426,R,0,1,-,119.0,3134,3133,-1,2,1,1091,48,-19,3,-3,675,674,-1,3,-7,3503,3503,0,2,0,1249,1250,1,0,-1,1235,1236,1,0,-16
1787463574.565,R',0,1,-,119.0,3134,3132,-2,2,0,51,1090,15,0,-1,675,674,-1,3,-7,3503,3503,0,2,0,1249,1250,1,0,-1,1236,1236,0,0,-16
1787463574.701,R,0,1,-,119.0,3134,3133,-1,2,1,1091,48,-19,3,-3,675,674,-1,3,-7,3503,3503,0,2,0,1249,1250,1,0,-1,1235,1236,1,0,-16
1787463574.840,R',0,1,-,119.0,3134,3133,-1,2,1,51,1090,15,0,-1,675,674,-1,3,-7,3503,3503,0,2,0,1249,1250,1,0,-1,1236,1236,0,0,-16
1787463574.977,R,0,1,-,119.0,3134,3133,-1,2,1,1091,48,-19,3,-3,675,674,-1,3,-7,3503,3503,0,2,0,1249,1250,1,0,-1,1236,1236,0,0,-16
1787463575.112,R',0,1,-,119.0,3134,3133,-1,2,1,51,1090,15,0,-1,675,674,-1,3,-7,3503,3503,0,2,0,1249,1249,0,0,-2,1236,1236,0,0,-16
1787463575.252,R,0,1,-,119.0,3134,3132,-2,2,0,1091,48,-19,3,-3,675,674,-1,3,-7,3503,3503,0,2,0,1250,1249,-1,0,-2,1236,1236,0,0,-16
1787463575.389,R',0,1,-,119.0,3134,3133,-1,2,1,51,1090,15,0,-1,675,674,-1,3,-7,3503,3503,0,2,0,1249,1250,1,0,-1,1236,1235,-1,0,-17
1787463575.526,R,0,1,-,119.0,3134,3133,-1,2,1,1091,48,-19,3,-3,675,674,-1,3,-7,3503,3503,0,2,0,1249,1250,1,0,-1,1236,1236,0,0,-16
1787463575.665,R',0,1,-,119.0,3135,3133,-2,2,1,51,1090,15,0,-1,675,674,-1,3,-7,3503,3503,0,2,0,1249,1250,1,0,-1,1236,1236,0,0,-16
1787463575.802,R,0,1,-,119.0,3134,3132,-2,2,0,1091,48,-19,3,-3,675,674,-1,3,-7,3503,3503,0,2,0,1250,1250,0,0,-1,1235,1236,1,0,-16
1787463575.941,R',0,1,-,119.0,3134,3133,-1,2,1,51,1090,15,0,-1,675,674,-1,3,-7,3503,3503,0,2,0,1250,1250,0,0,-1,1236,1235,-1,0,-17
1787463576.077,R,0,1,-,119.0,3134,3133,-1,2,1,1091,48,-19,3,-3,675,674,-1,3,-7,3503,3503,0,2,0,1249,1250,1,0,-1,1236,1236,0,0,-16
1787463576.214,R',0,1,-,119.0,3134,3133,-1,2,1,51,1090,15,0,-1,675,674,-1,3,-7,3502,3503,1,2,0,1249,1250,1,0,-1,1236,1236,0,0,-16
1787463576.351,R,0,1,-,119.0,3134,3133,-1,2,1,1091,48,-19,3,-3,675,674,-1,3,-7,3503,3503,0,2,0,1249,1250,1,0,-1,1236,1235,-1,0,-17
1787463576.488,R',0,1,-,119.0,3134,3133,-1,2,1,51,1090,15,0,-1,675,674,-1,3,-7,3503,3503,0,2,0,1250,1250,0,0,-1,1236,1236,0,0,-16
1787463576.626,R,0,1,-,119.0,3134,3133,-1,2,1,1091,48,-19,3,-3,675,674,-1,3,-7,3503,3503,0,2,0,1250,1250,0,0,-1,1236,1235,-1,0,-17
1787463576.763,R',0,1,-,119.0,3134,3133,-1,2,1,51,1090,15,0,-1,675,674,-1,3,-7,3503,3503,0,2,0,1249,1250,1,0,-1,1236,1236,0,0,-16
1787463576.901,R,0,1,-,119.0,3134,3133,-1,2,1,1091,48,-19,3,-3,675,674,-1,3,-7,3503,3503,0,2,0,1249,1249,0,0,-2,1235,1235,0,0,-17
1787463577.041,R',0,1,-,119.0,3134,3133,-1,2,1,51,1090,15,0,-1,675,674,-1,3,-7,3503,3503,0,2,0,1249,1250,1,0,-1,1236,1236,0,0,-16
1787463577.175,R,0,1,-,119.0,3134,3133,-1,2,1,1091,48,-19,3,-3,675,674,-1,3,-7,3503,3503,0,2,0,1249,1249,0,0,-2,1235,1236,1,0,-16
1787463577.313,R',0,1,-,119.0,3134,3133,-1,2,1,51,1090,15,0,-1,675,674,-1,3,-7,3503,3503,0,2,0,1249,1250,1,0,-1,1236,1236,0,0,-16
1787463577.451,R,0,1,-,119.0,3134,3133,-1,2,1,1091,48,-19,3,-3,675,674,-1,3,-7,3503,3503,0,2,0,1249,1250,1,0,-1,1236,1236,0,0,-16
1787463577.588,R',0,1,-,119.0,3134,3133,-1,2,1,51,1090,15,0,-1,675,674,-1,3,-7,3503,3503,0,2,0,1249,1249,0,0,-2,1236,1236,0,0,-16
1787463577.728,R,0,1,-,119.0,3134,3133,-1,2,1,1091,48,-19,3,-3,675,674,-1,3,-7,3503,3503,0,2,0,1249,1250,1,0,-1,1236,1236,0,0,-16
1787463577.863,R',0,1,-,119.0,3134,3133,-1,2,1,51,1090,15,0,-1,675,674,-1,3,-7,3503,3503,0,2,0,1249,1249,0,0,-2,1236,1236,0,0,-16
1787463578.002,R,0,1,-,119.0,3134,3132,-2,2,0,1091,48,-19,3,-3,675,674,-1,3,-7,3503,3503,0,2,0,1249,1250,1,0,-1,1235,1236,1,0,-16
1787463578.138,R',0,1,-,119.0,3134,3133,-1,2,1,51,1090,15,0,-1,675,674,-1,3,-7,3503,3503,0,2,0,1249,1249,0,0,-2,1235,1236,1,0,-16
1787463578.275,R,0,1,-,119.0,3135,3132,-3,2,0,1091,48,-19,3,-3,675,674,-1,3,-7,3503,3503,0,2,0,1249,1249,0,0,-2,1235,1236,1,0,-16
1787463578.409,R',0,1,-,119.0,3134,3133,-1,2,1,51,1090,15,0,-1,675,674,-1,3,-7,3503,3503,0,2,0,1249,1249,0,0,-2,1235,1236,1,0,-16
1787463578.549,R,0,1,-,119.0,3134,3133,-1,2,1,1091,48,-19,3,-3,675,674,-1,3,-7,3503,3503,0,2,0,1249,1250,1,0,-1,1236,1235,-1,0,-17
1787463578.689,R',0,1,-,119.0,3134,3133,-1,2,1,51,1090,15,0,-1,675,674,-1,3,-7,3503,3503,0,2,0,1249,1250,1,0,-1,1236,1236,0,0,-16
1787463578.828,R,0,1,-,119.0,3134,3133,-1,2,1,1091,48,-19,3,-3,675,673,-2,3,-8,3503,3503,0,2,0,1249,1250,1,0,-1,1236,1236,0,0,-16
1787463578.964,R',0,1,-,119.0,3134,3133,-1,2,1,51,1090,15,0,-1,675,674,-1,3,-7,3503,3503,0,2,0,1249,1250,1,0,-1,1236,1236,0,0,-16
1787463579.102,R,0,1,-,119.0,3135,3133,-2,2,1,1091,48,-19,3,-3,675,674,-1,3,-7,3503,3503,0,2,0,1249,1250,1,0,-1,1236,1236,0,0,-16
1787463579.239,R',0,1,-,119.0,3135,3133,-2,2,1,51,1090,15,0,-1,675,674,-1,3,-7,3503,3503,0,2,0,1250,1250,0,0,-1,1236,1236,0,0,-16
1787463579.376,R,0,1,-,119.0,3134,3133,-1,2,1,1091,48,-19,3,-3,675,674,-1,3,-7,3503,3503,0,2,0,1249,1250,1,0,-1,1236,1236,0,0,-16
1787463579.514,R',0,1,-,119.0,3134,3133,-1,2,1,51,1091,16,0,0,675,674,-1,3,-7,3503,3503,0,2,0,1249,1250,1,0,-1,1236,1236,0,0,-16
1787463579.651,R,0,1,-,119.0,3134,3133,-1,2,1,1091,48,-19,3,-3,675,674,-1,3,-7,3503,3503,0,2,0,1249,1250,1,0,-1,1235,1236,1,0,-16
1787463579.789,R',0,1,-,119.0,3134,3133,-1,2,1,51,1090,15,0,-1,675,674,-1,3,-7,3503,3503,0,2,0,1249,1250,1,0,-1,1236,1236,0,0,-16
1787463579.926,R,0,1,-,119.0,3134,3133,-1,2,1,1091,48,-19,3,-3,675,674,-1,3,-7,3503,3503,0,2,0,1249,1250,1,0,-1,1236,1235,-1,0,-17
1787463580.060,R',0,1,-,119.0,3134,3133,-1,2,1,51,1090,15,0,-1,675,673,-2,3,-8,3503,3503,0,2,0,1249,1250,1,0,-1,1236,1236,0,0,-16
1787463580.202,R,0,1,-,119.0,3134,3133,-1,2,1,1091,48,-19,3,-3,675,674,-1,3,-7,3503,3503,0,2,0,1249,1249,0,0,-2,1236,1236,0,0,-16
1787463580.339,R',0,1,-,119.0,3134,3132,-2,2,0,51,1090,15,0,-1,675,674,-1,3,-7,3503,3503,0,2,0,1249,1250,1,0,-1,1236,1236,0,0,-16
1787463580.478,R,0,1,-,119.0,3134,3133,-1,2,1,1091,48,-19,3,-3,675,674,-1,3,-7,3503,3503,0,2,0,1249,1250,1,0,-1,1235,1236,1,0,-16
1787463580.613,R',0,1,-,119.0,3134,3133,-1,2,1,51,1090,15,0,-1,675,674,-1,3,-7,3503,3502,-1,2,-1,1249,1250,1,0,-1,1236,1235,-1,0,-17
1787463580.753,R,0,1,-,119.0,3134,3133,-1,2,1,1091,48,-19,3,-3,675,674,-1,3,-7,3503,3503,0,2,0,1249,1250,1,0,-1,1236,1235,-1,0,-17
1787463580.888,R',0,1,-,119.0,3134,3132,-2,2,0,51,1090,15,0,-1,675,674,-1,3,-7,3503,3503,0,2,0,1249,1250,1,0,-1,1235,1236,1,0,-16
1787463581.028,R,0,1,-,119.0,3134,3132,-2,2,0,1091,48,-19,3,-3,675,674,-1,3,-7,3503,3503,0,2,0,1249,1250,1,0,-1,1235,1236,1,0,-16
1787463581.165,R',0,1,-,119.0,3134,3132,-2,2,0,51,1090,15,0,-1,675,674,-1,3,-7,3503,3503,0,2,0,1249,1249,0,0,-2,1236,1236,0,0,-16
1787463581.300,R,0,1,-,119.0,3134,3133,-1,2,1,1091,48,-19,3,-3,675,674,-1,3,-7,3503,3503,0,2,0,1249,1250,1,0,-1,1236,1236,0,0,-16
1787463581.439,R',0,1,-,119.0,3134,3133,-1,2,1,51,1090,15,0,-1,675,674,-1,3,-7,3503,3503,0,2,0,1249,1250,1,0,-1,1236,1236,0,0,-16
1787463581.574,R,0,1,-,119.0,3134,3133,-1,2,1,1091,48,-19,3,-3,675,674,-1,3,-7,3503,3503,0,2,0,1249,1250,1,0,-1,1235,1236,1,0,-16
1787463581.712,R',0,1,-,119.0,3134,3133,-1,2,1,51,1090,15,0,-1,675,674,-1,3,-7,3503,3503,0,2,0,1250,1250,0,0,-1,1235,1236,1,0,-16
1787463581.853,R,0,1,-,119.0,3134,3133,-1,2,1,1091,48,-19,3,-3,675,674,-1,3,-7,3503,3503,0,2,0,1249,1250,1,0,-1,1236,1236,0,0,-16
1787463581.991,R',0,1,-,119.0,3134,3132,-2,2,0,51,1090,15,0,-1,675,674,-1,3,-7,3503,3503,0,2,0,1249,1250,1,0,-1,1235,1235,0,0,-17
1787463582.128,R,0,1,-,119.0,3134,3133,-1,2,1,1091,48,-19,3,-3,675,674,-1,3,-7,3503,3503,0,2,0,1250,1250,0,0,-1,1235,1236,1,0,-16
1787463582.265,R',0,1,-,119.0,3135,3133,-2,2,1,51,1090,15,0,-1,675,673,-2,3,-8,3503,3503,0,2,0,1249,1250,1,0,-1,1236,1236,0,0,-16
1787463582.403,R,0,1,-,119.0,3134,3133,-1,2,1,1091,48,-19,3,-3,675,674,-1,3,-7,3503,3503,0,2,0,1249,1250,1,0,-1,1236,1235,-1,0,-17
1787463582.539,R',0,1,-,119.0,3134,3133,-1,2,1,51,1090,15,0,-1,675,674,-1,3,-7,3503,3503,0,2,0,1249,1250,1,0,-1,1236,1236,0,0,-16
1787463582.676,R,0,1,-,119.0,3134,3133,-1,2,1,1091,48,-19,3,-3,675,674,-1,3,-7,3503,3503,0,2,0,1249,1250,1,0,-1,1236,1235,-1,0,-17
1787463582.813,R',0,1,-,119.0,3134,3133,-1,2,1,51,1090,15,0,-1,675,674,-1,3,-7,3503,3503,0,2,0,1249,1250,1,0,-1,1236,1236,0,0,-16
1787463582.951,R,0,1,-,119.0,3134,3133,-1,2,1,1091,48,-19,3,-3,675,674,-1,3,-7,3503,3503,0,2,0,1249,1250,1,0,-1,1236,1236,0,0,-16
1787463583.088,R',0,1,-,119.0,3134,3133,-1,2,1,51,1090,15,0,-1,675,674,-1,3,-7,3503,3503,0,2,0,1249,1249,0,0,-2,1236,1236,0,0,-16
1787463583.225,R,0,1,-,119.0,3134,3133,-1,2,1,1091,48,-19,3,-3,675,674,-1,3,-7,3503,3503,0,2,0,1249,1250,1,0,-1,1235,1236,1,0,-16
1787463583.363,R',0,1,-,119.0,3134,3133,-1,2,1,51,1090,15,0,-1,675,674,-1,3,-7,3503,3503,0,2,0,1250,1250,0,0,-1,1235,1236,1,0,-16
1787463583.503,R,0,1,-,119.0,3134,3133,-1,2,1,1091,48,-19,3,-3,675,674,-1,3,-7,3503,3503,0,2,0,1249,1250,1,0,-1,1235,1236,1,0,-16
1787463583.638,R',0,1,-,119.0,3134,3133,-1,2,1,51,1090,15,0,-1,675,674,-1,3,-7,3503,3502,-1,2,-1,1249,1250,1,0,-1,1236,1236,0,0,-16
1787463583.775,R,0,1,-,119.0,3134,3133,-1,2,1,1091,48,-19,3,-3,675,674,-1,3,-7,3503,3503,0,2,0,1249,1250,1,0,-1,1235,1235,0,0,-17
1787463583.913,R',0,1,-,119.0,3134,3133,-1,2,1,51,1090,15,0,-1,675,674,-1,3,-7,3503,3503,0,2,0,1249,1249,0,0,-2,1236,1236,0,0,-16
1787463584.051,R,0,1,-,119.0,3134,3133,-1,2,1,1091,48,-19,3,-3,675,674,-1,3,-7,3503,3503,0,2,0,1249,1250,1,0,-1,1236,1236,0,0,-16
1787463584.189,R',0,1,-,119.0,3134,3133,-1,2,1,51,1090,15,0,-1,675,674,-1,3,-7,3503,3502,-1,2,-1,1249,1250,1,0,-1,1236,1236,0,0,-16
1787463584.326,R,0,1,-,119.0,3134,3133,-1,2,1,1091,48,-19,3,-3,675,674,-1,3,-7,3503,3503,0,2,0,1249,1250,1,0,-1,1236,1236,0,0,-16
1787463584.463,R',0,1,-,119.0,3134,3133,-1,2,1,51,1090,15,0,-1,675,674,-1,3,-7,3503,3502,-1,2,-1,1249,1250,1,0,-1,1236,1236,0,0,-16
1787463584.600,R,0,1,-,119.0,3134,3132,-2,2,0,1091,48,-19,3,-3,675,674,-1,3,-7,3503,3503,0,2,0,1249,1250,1,0,-1,1235,1236,1,0,-16
1787463584.738,R',0,1,-,119.0,3134,3133,-1,2,1,51,1090,15,0,-1,675,674,-1,3,-7,3503,3503,0,2,0,1249,1250,1,0,-1,1236,1236,0,0,-16
1787463584.875,R,0,1,-,119.0,3134,3133,-1,2,1,1091,48,-19,3,-3,675,674,-1,3,-7,3503,3503,0,2,0,1249,1250,1,0,-1,1235,1236,1,0,-16
1787463585.013,R',0,1,-,119.0,3134,3133,-1,2,1,51,1090,15,0,-1,675,674,-1,3,-7,3503,3503,0,2,0,1249,1250,1,0,-1,1236,1236,0,0,-16
1787463585.150,R,0,1,-,119.0,3134,3133,-1,2,1,1091,48,-19,3,-3,675,674,-1,3,-7,3503,3503,0,2,0,1249,1250,1,0,-1,1235,1236,1,0,-16
1787463585.290,R',0,1,-,119.0,3134,3133,-1,2,1,51,1090,15,0,-1,675,674,-1,3,-7,3503,3502,-1,2,-1,1250,1250,0,0,-1,1236,1236,0,0,-16
1787463585.453,R,0,1,-,119.0,3134,3133,-1,2,1,1091,48,-19,3,-3,675,674,-1,3,-7,3503,3503,0,2,0,1249,1250,1,0,-1,1236,1236,0,0,-16
1787463585.593,R,0,1,-,119.0,3134,3132,-2,2,0,51,3143,20,2,-2,675,674,-1,3,-7,3503,3503,0,2,0,1249,1250,1,0,-1,1236,1235,-1,0,-17
1787463585.730,R,0,1,-,119.0,3134,3133,-1,2,1,3145,2099,-22,1,-3,675,674,-1,3,-7,3503,3503,0,2,0,1250,1250,0,0,-1,1236,1236,0,0,-16
1787463585.866,R,0,1,-,119.0,3134,3133,-1,2,1,2102,1090,12,0,-1,675,674,-1,3,-7,3503,3503,0,2,0,1249,1250,1,0,-1,1236,1236,0,0,-16
1787463586.006,R,0,1,-,119.0,3134,3133,-1,2,1,1091,48,-19,3,-3,675,674,-1,3,-7,3503,3503,0,2,0,1249,1250,1,0,-1,1236,1236,0,0,-16
1787463586.142,R,0,1,-,119.0,3134,3132,-2,2,0,51,3144,21,2,-1,675,673,-2,3,-8,3503,3503,0,2,0,1249,1250,1,0,-1,1236,1236,0,0,-16
1787463586.281,R,0,1,-,119.0,3134,3133,-1,2,1,3145,2100,-21,1,-2,675,674,-1,3,-7,3503,3503,0,2,0,1249,1250,1,0,-1,1235,1236,1,0,-16
1787463586.417,R,0,1,-,119.0,3134,3133,-1,2,1,2102,1090,12,0,-1,675,674,-1,3,-7,3503,3503,0,2,0,1249,1250,1,0,-1,1236,1235,-1,0,-17
1787463586.552,R,0,1,-,119.0,3134,3133,-1,2,1,1092,48,-20,3,-3,675,674,-1,3,-7,3503,3503,0,2,0,1249,1250,1,0,-1,1236,1236,0,0,-16
1787463586.692,R,0,1,-,119.0,3134,3133,-1,2,1,51,3144,21,2,-1,675,674,-1,3,-7,3503,3503,0,2,0,1249,1250,1,0,-1,1236,1235,-1,0,-17
1787463586.828,R,0,1,-,119.0,3134,3133,-1,2,1,3145,2099,-22,1,-3,675,674,-1,3,-7,3503,3503,0,2,0,1250,1250,0,0,-1,1236,1236,0,0,-16
1787463586.967,R,0,1,-,119.0,3134,3133,-1,2,1,2102,1090,12,0,-1,675,674,-1,3,-7,3503,3502,-1,2,-1,1249,1250,1,0,-1,1236,1235,-1,0,-17
1787463587.103,R,0,1,-,119.0,3135,3133,-2,2,1,1091,48,-19,3,-3,675,674,-1,3,-7,3503,3503,0,2,0,1249,1250,1,0,-1,1235,1235,0,0,-17
1787463587.244,R,0,1,-,119.0,3134,3133,-1,2,1,51,3144,21,2,-1,675,674,-1,3,-7,3503,3503,0,2,0,1250,1250,0,0,-1,1236,1236,0,0,-16
1787463587.381,R,0,1,-,119.0,3134,3133,-1,2,1,3145,2099,-22,1,-3,675,674,-1,3,-7,3503,3503,0,2,0,1249,1250,1,0,-1,1236,1236,0,0,-16
1787463587.517,R,0,1,-,119.0,3134,3132,-2,2,0,2102,1090,12,0,-1,675,674,-1,3,-7,3503,3503,0,2,0,1249,1250,1,0,-1,1235,1236,1,0,-16
1787463587.655,R,0,1,-,119.0,3134,3133,-1,2,1,1092,48,-20,3,-3,675,674,-1,3,-7,3503,3503,0,2,0,1249,1250,1,0,-1,1236,1235,-1,0,-17
1787463587.789,R,0,1,-,119.0,3134,3132,-2,2,0,51,3144,21,2,-1,675,674,-1,3,-7,3503,3503,0,2,0,1249,1249,0,0,-2,1236,1235,-1,0,-17
1787463587.928,R,0,1,-,119.0,3134,3132,-2,2,0,3145,2099,-22,1,-3,675,674,-1,3,-7,3503,3503,0,2,0,1249,1250,1,0,-1,1236,1236,0,0,-16
1787463588.064,R,0,1,-,119.0,3134,3133,-1,2,1,2102,1090,12,0,-1,675,674,-1,3,-7,3503,3503,0,2,0,1249,1250,1,0,-1,1236,1236,0,0,-16
1787463588.203,R,0,1,-,119.0,3134,3133,-1,2,1,1091,48,-19,3,-3,675,674,-1,3,-7,3503,3503,0,2,0,1249,1249,0,0,-2,1236,1236,0,0,-16
1787463588.342,R,0,1,-,119.0,3134,3133,-1,2,1,51,3144,21,2,-1,675,674,-1,3,-7,3503,3503,0,2,0,1249,1250,1,0,-1,1235,1236,1,0,-16
1787463588.478,R,0,1,-,119.0,3134,3133,-1,2,1,3145,2099,-22,1,-3,675,674,-1,3,-7,3503,3502,-1,2,-1,1250,1250,0,0,-1,1236,1236,0,0,-16
1787463588.616,R,0,1,-,119.0,3134,3133,-1,2,1,2102,1090,12,0,-1,675,674,-1,3,-7,3503,3502,-1,2,-1,1249,1250,1,0,-1,1236,1236,0,0,-16
1787463588.754,R,0,1,-,119.0,3134,3133,-1,2,1,1091,48,-19,3,-3,675,674,-1,3,-7,3503,3503,0,2,0,1249,1250,1,0,-1,1235,1235,0,0,-17
1787463588.891,R,0,1,-,119.0,3134,3132,-2,2,0,51,3143,20,2,-2,675,674,-1,3,-7,3503,3502,-1,2,-1,1249,1250,1,0,-1,1236,1236,0,0,-16
1787463589.028,R,0,1,-,119.0,3134,3133,-1,2,1,3145,2099,-22,1,-3,675,674,-1,3,-7,3503,3503,0,2,0,1249,1250,1,0,-1,1236,1235,-1,0,-17
1787463589.166,R,0,1,-,119.0,3134,3133,-1,2,1,2102,1090,12,0,-1,675,674,-1,3,-7,3503,3503,0,2,0,1249,1249,0,0,-2,1236,1236,0,0,-16
1787463589.304,R,0,1,-,119.0,3134,3133,-1,2,1,1092,48,-20,3,-3,675,674,-1,3,-7,3503,3503,0,2,0,1249,1250,1,0,-1,1236,1235,-1,0,-17
1787463589.442,R,0,1,-,119.0,3134,3132,-2,2,0,52,3144,20,2,-1,675,674,-1,3,-7,3503,3503,0,2,0,1249,1250,1,0,-1,1235,1236,1,0,-16
1787463589.580,R,0,1,-,119.0,3134,3133,-1,2,1,3145,2099,-22,1,-3,675,674,-1,3,-7,3503,3502,-1,2,-1,1249,1250,1,0,-1,1235,1235,0,0,-17
1787463589.717,R,0,1,-,119.0,3134,3133,-1,2,1,2102,1090,12,0,-1,675,674,-1,3,-7,3503,3503,0,2,0,1249,1250,1,0,-1,1235,1236,1,0,-16
1787463589.853,R,0,1,-,119.0,3134,3133,-1,2,1,1091,48,-19,3,-3,675,674,-1,3,-7,3503,3502,-1,2,-1,1249,1250,1,0,-1,1235,1236,1,0,-16
1787463589.992,R,0,1,-,119.0,3134,3132,-2,2,0,51,3144,21,2,-1,675,674,-1,3,-7,3503,3503,0,2,0,1249,1250,1,0,-1,1236,1236,0,0,-16
1787463590.128,R,0,1,-,119.0,3134,3133,-1,2,1,3145,2100,-21,1,-2,675,674,-1,3,-7,3503,3502,-1,2,-1,1249,1249,0,0,-2,1236,1236,0,0,-16
1787463590.267,R,0,1,-,119.0,3135,3133,-2,2,1,2102,1090,12,0,-1,675,674,-1,3,-7,3503,3503,0,2,0,1249,1250,1,0,-1,1236,1236,0,0,-16
1787463590.403,R,0,1,-,119.0,3134,3133,-1,2,1,1091,48,-19,3,-3,675,674,-1,3,-7,3503,3503,0,2,0,1249,1250,1,0,-1,1236,1236,0,0,-16
1787463590.540,R,0,1,-,119.0,3134,3133,-1,2,1,51,3144,21,2,-1,675,674,-1,3,-7,3503,3503,0,2,0,1250,1250,0,0,-1,1235,1235,0,0,-17
1787463590.678,R,0,1,-,119.0,3134,3133,-1,2,1,3145,2099,-22,1,-3,675,674,-1,3,-7,3503,3503,0,2,0,1249,1250,1,0,-1,1235,1236,1,0,-16
1787463590.815,R,0,1,-,119.0,3134,3133,-1,2,1,2102,1090,12,0,-1,675,674,-1,3,-7,3503,3503,0,2,0,1249,1250,1,0,-1,1236,1236,0,0,-16
1787463590.952,R,0,1,-,119.0,3134,3133,-1,2,1,1091,48,-19,3,-3,675,674,-1,3,-7,3503,3503,0,2,0,1249,1250,1,0,-1,1235,1236,1,0,-16
1787463591.090,R,0,1,-,119.0,3134,3133,-1,2,1,51,3144,21,2,-1,675,674,-1,3,-7,3503,3503,0,2,0,1249,1250,1,0,-1,1236,1236,0,0,-16
1787463591.230,R,0,1,-,119.0,3134,3133,-1,2,1,3145,2099,-22,1,-3,675,674,-1,3,-7,3503,3502,-1,2,-1,1249,1250,1,0,-1,1236,1235,-1,0,-17
1787463591.365,R,0,1,-,119.0,3134,3133,-1,2,1,2102,1090,12,0,-1,675,674,-1,3,-7,3503,3503,0,2,0,1249,1250,1,0,-1,1235,1236,1,0,-16
1787463591.500,R,0,1,-,119.0,3134,3133,-1,2,1,1092,48,-20,3,-3,675,674,-1,3,-7,3503,3503,0,2,0,1249,1250,1,0,-1,1235,1236,1,0,-16
1787463591.643,R,0,1,-,119.0,3134,3133,-1,2,1,51,3144,21,2,-1,675,674,-1,3,-7,3503,3503,0,2,0,1249,1250,1,0,-1,1236,1236,0,0,-16
1787463591.774,R,0,1,-,119.0,3134,3133,-1,2,1,3145,2099,-22,1,-3,675,674,-1,3,-7,3503,3503,0,2,0,1249,1250,1,0,-1,1235,1236,1,0,-16
1787463591.917,R,0,1,-,119.0,3134,3133,-1,2,1,2102,1090,12,0,-1,675,674,-1,3,-7,3503,3503,0,2,0,1249,1250,1,0,-1,1236,1235,-1,0,-17
1787463592.052,R,0,1,-,119.0,3134,3133,-1,2,1,1092,48,-20,3,-3,675,674,-1,3,-7,3503,3503,0,2,0,1249,1250,1,0,-1,1236,1235,-1,0,-17
1787463592.191,R,0,1,-,119.0,3134,3133,-1,2,1,51,3144,21,2,-1,675,674,-1,3,-7,3503,3503,0,2,0,1249,1250,1,0,-1,1235,1236,1,0,-16
1787463592.327,R,0,1,-,119.0,3134,3133,-1,2,1,3145,2099,-22,1,-3,675,674,-1,3,-7,3503,3503,0,2,0,1249,1250,1,0,-1,1236,1236,0,0,-16
1787463592.466,R,0,1,-,119.0,3135,3133,-2,2,1,2102,1090,12,0,-1,675,674,-1,3,-7,3503,3503,0,2,0,1249,1250,1,0,-1,1236,1236,0,0,-16
1787463592.603,R,0,1,-,119.0,3134,3133,-1,2,1,1092,49,-19,3,-2,675,674,-1,3,-7,3503,3503,0,2,0,1249,1250,1,0,-1,1235,1236,1,0,-16
1787463592.742,R,0,1,-,119.0,3134,3133,-1,2,1,51,3144,21,2,-1,675,674,-1,3,-7,3503,3503,0,2,0,1250,1250,0,0,-1,1236,1236,0,0,-16
1787463592.878,R,0,1,-,119.0,3134,3133,-1,2,1,3145,2099,-22,1,-3,675,674,-1,3,-7,3503,3503,0,2,0,1249,1250,1,0,-1,1235,1236,1,0,-16
1787463593.017,R,0,1,-,119.0,3134,3132,-2,2,0,2102,1090,12,0,-1,675,673,-2,3,-8,3503,3503,0,2,0,1249,1250,1,0,-1,1236,1236,0,0,-16
1787463593.152,R,0,1,-,119.0,3134,3133,-1,2,1,1092,48,-20,3,-3,675,674,-1,3,-7,3503,3503,0,2,0,1249,1250,1,0,-1,1235,1236,1,0,-16
1787463593.293,R,0,1,-,119.0,3134,3133,-1,2,1,51,3144,21,2,-1,675,674,-1,3,-7,3502,3503,1,2,0,1249,1250,1,0,-1,1235,1236,1,0,-16
1787463593.429,R,0,1,-,119.0,3134,3133,-1,2,1,3145,2099,-22,1,-3,675,674,-1,3,-7,3503,3503,0,2,0,1249,1250,1,0,-1,1236,1236,0,0,-16
1787463593.568,R,0,1,-,119.0,3135,3133,-2,2,1,2102,1090,12,0,-1,675,674,-1,3,-7,3503,3503,0,2,0,1249,1250,1,0,-1,1236,1236,0,0,-16
1787463593.702,R,0,1,-,119.0,3134,3133,-1,2,1,1092,48,-20,3,-3,675,674,-1,3,-7,3503,3502,-1,2,-1,1249,1249,0,0,-2,1236,1235,-1,0,-17
1787463593.839,R,0,1,-,119.0,3134,3132,-2,2,0,51,3143,20,2,-2,675,674,-1,3,-7,3503,3503,0,2,0,1249,1250,1,0,-1,1235,1236,1,0,-16
1787463593.978,R,0,1,-,119.0,3134,3133,-1,2,1,3145,2099,-22,1,-3,675,674,-1,3,-7,3503,3503,0,2,0,1249,1250,1,0,-1,1236,1235,-1,0,-17
1787463594.115,R,0,1,-,119.0,3134,3133,-1,2,1,2102,1090,12,0,-1,675,673,-2,3,-8,3503,3502,-1,2,-1,1249,1250,1,0,-1,1236,1235,-1,0,-17
1787463594.252,R,0,1,-,119.0,3134,3133,-1,2,1,1091,48,-19,3,-3,675,674,-1,3,-7,3503,3503,0,2,0,1249,1250,1,0,-1,1236,1236,0,0,-16
1787463594.391,R,0,1,-,119.0,3134,3133,-1,2,1,51,3143,20,2,-2,675,674,-1,3,-7,3503,3503,0,2,0,1249,1250,1,0,-1,1236,1235,-1,0,-17
1787463594.527,R,0,1,-,119.0,3134,3133,-1,2,1,3145,2099,-22,1,-3,675,674,-1,3,-7,3503,3503,0,2,0,1250,1250,0,0,-1,1236,1236,0,0,-16
1787463594.667,R,0,1,-,119.0,3134,3133,-1,2,1,2102,1090,12,0,-1,675,674,-1,3,-7,3503,3503,0,2,0,1250,1250,0,0,-1,1236,1236,0,0,-16
1787463594.803,R,0,1,-,119.0,3134,3132,-2,2,0,1091,48,-19,3,-3,675,674,-1,3,-7,3503,3503,0,2,0,1249,1250,1,0,-1,1235,1236,1,0,-16
1787463594.939,R,0,1,-,119.0,3134,3133,-1,2,1,51,3144,21,2,-1,675,674,-1,3,-7,3503,3503,0,2,0,1249,1250,1,0,-1,1236,1235,-1,0,-17
1787463595.078,R,0,1,-,119.0,3134,3133,-1,2,1,3145,2100,-21,1,-2,675,674,-1,3,-7,3503,3503,0,2,0,1249,1250,1,0,-1,1236,1235,-1,0,-17
1787463595.208,R,0,1,-,119.0,3134,3133,-1,2,1,2102,1090,12,0,-1,675,674,-1,3,-7,3503,3503,0,2,0,1249,1250,1,0,-1,1235,1236,1,0,-16
1787463595.351,R,0,1,-,119.0,3134,3132,-2,2,0,1091,48,-19,3,-3,675,674,-1,3,-7,3503,3503,0,2,0,1249,1250,1,0,-1,1236,1236,0,0,-16
1787463595.490,R,0,1,-,119.0,3134,3133,-1,2,1,51,3143,20,2,-2,675,674,-1,3,-7,3503,3503,0,2,0,1249,1249,0,0,-2,1236,1236,0,0,-16
1787463595.627,R,0,1,-,119.0,3134,3133,-1,2,1,3145,2099,-22,1,-3,675,673,-2,3,-8,3503,3503,0,2,0,1249,1250,1,0,-1,1236,1236,0,0,-16
1787463595.765,R,0,1,-,119.0,3134,3133,-1,2,1,2102,1090,12,0,-1,675,674,-1,3,-7,3503,3503,0,2,0,1249,1250,1,0,-1,1235,1236,1,0,-16
1787463595.903,R,0,1,-,119.0,3134,3132,-2,2,0,1091,48,-19,3,-3,675,674,-1,3,-7,3503,3503,0,2,0,1249,1250,1,0,-1,1235,1236,1,0,-16
1787463596.041,R,0,1,-,119.0,3134,3132,-2,2,0,51,3144,21,2,-1,675,674,-1,3,-7,3503,3503,0,2,0,1249,1250,1,0,-1,1236,1236,0,0,-16
1787463596.177,R,0,1,-,119.0,3134,3133,-1,2,1,3145,2099,-22,1,-3,675,674,-1,3,-7,3503,3503,0,2,0,1249,1250,1,0,-1,1236,1235,-1,0,-17
1787463596.315,R,0,1,-,119.0,3134,3133,-1,2,1,2102,1090,12,0,-1,675,673,-2,3,-8,3503,3503,0,2,0,1249,1250,1,0,-1,1236,1235,-1,0,-17
1787463596.453,R,0,1,-,119.0,3134,3133,-1,2,1,1091,48,-19,3,-3,675,674,-1,3,-7,3503,3503,0,2,0,1249,1250,1,0,-1,1236,1235,-1,0,-17
1787463596.589,R,0,1,-,119.0,3134,3133,-1,2,1,51,3144,21,2,-1,675,674,-1,3,-7,3503,3503,0,2,0,1249,1250,1,0,-1,1236,1236,0,0,-16
1787463596.727,R,0,1,-,119.0,3134,3133,-1,2,1,3145,2100,-21,1,-2,675,674,-1,3,-7,3503,3503,0,2,0,1249,1249,0,0,-2,1236,1236,0,0,-16
1787463596.865,R,0,1,-,119.0,3134,3133,-1,2,1,2102,1089,11,0,-2,675,674,-1,3,-7,3503,3503,0,2,0,1249,1250,1,0,-1,1235,1236,1,0,-16
1787463597.002,R,0,1,-,119.0,3134,3133,-1,2,1,1091,48,-19,3,-3,675,674,-1,3,-7,3503,3503,0,2,0,1249,1250,1,0,-1,1236,1236,0,0,-16
1787463597.140,R,0,1,-,119.0,3134,3133,-1,2,1,51,3143,20,2,-2,675,674,-1,3,-7,3503,3503,0,2,0,1249,1250,1,0,-1,1235,1235,0,0,-17
1787463597.278,R,0,1,-,119.0,3134,3133,-1,2,1,3145,2099,-22,1,-3,675,674,-1,3,-7,3503,3503,0,2,0,1249,1250,1,0,-1,1235,1236,1,0,-16
1787463597.414,R,0,1,-,119.0,3134,3132,-2,2,0,2102,1090,12,0,-1,675,674,-1,3,-7,3503,3503,0,2,0,1249,1250,1,0,-1,1236,1236,0,0,-16
1787463597.554,R,0,1,-,119.0,3134,3133,-1,2,1,1092,48,-20,3,-3,675,674,-1,3,-7,3503,3502,-1,2,-1,1249,1250,1,0,-1,1236,1236,0,0,-16
1787463597.690,R,0,1,-,119.0,3134,3133,-1,2,1,51,3144,21,2,-1,675,674,-1,3,-7,3503,3503,0,2,0,1249,1250,1,0,-1,1236,1235,-1,0,-17
1787463597.828,R,0,1,-,119.0,3134,3133,-1,2,1,3145,2099,-22,1,-3,675,674,-1,3,-7,3503,3503,0,2,0,1249,1249,0,0,-2,1235,1236,1,0,-16
1787463597.967,R,0,1,-,119.0,3134,3133,-1,2,1,2102,1090,12,0,-1,675,674,-1,3,-7,3503,3503,0,2,0,1249,1250,1,0,-1,1236,1236,0,0,-16
1787463598.104,R,0,1,-,119.0,3134,3133,-1,2,1,1092,48,-20,3,-3,675,674,-1,3,-7,3503,3503,0,2,0,1249,1250,1,0,-1,1236,1236,0,0,-16
1787463598.240,R,0,1,-,119.0,3134,3133,-1,2,1,51,3143,20,2,-2,675,674,-1,3,-7,3503,3502,-1,2,-1,1249,1249,0,0,-2,1236,1236,0,0,-16
1787463598.377,R,0,1,-,119.0,3135,3133,-2,2,1,3145,2099,-22,1,-3,675,674,-1,3,-7,3503,3503,0,2,0,1249,1250,1,0,-1,1235,1236,1,0,-16
1787463598.515,R,0,1,-,119.0,3134,3133,-1,2,1,2102,1090,12,0,-1,675,674,-1,3,-7,3503,3503,0,2,0,1249,1250,1,0,-1,1236,1235,-1,0,-17
1787463598.652,R,0,1,-,119.0,3134,3133,-1,2,1,1091,48,-19,3,-3,675,674,-1,3,-7,3503,3503,0,2,0,1249,1250,1,0,-1,1236,1235,-1,0,-17
1787463598.789,R,0,1,-,119.0,3134,3133,-1,2,1,51,3144,21,2,-1,675,674,-1,3,-7,3503,3503,0,2,0,1249,1250,1,0,-1,1235,1236,1,0,-16
1787463598.927,R,0,1,-,119.0,3134,3133,-1,2,1,3145,2099,-22,1,-3,675,674,-1,3,-7,3503,3503,0,2,0,1249,1250,1,0,-1,1236,1236,0,0,-16
1787463599.065,R,0,1,-,119.0,3134,3133,-1,2,1,2102,1090,12,0,-1,675,674,-1,3,-7,3503,3503,0,2,0,1249,1250,1,0,-1,1236,1235,-1,0,-17
1787463599.203,R,0,1,-,119.0,3134,3133,-1,2,1,1092,48,-20,3,-3,675,674,-1,3,-7,3502,3503,1,2,0,1249,1250,1,0,-1,1235,1235,0,0,-17
1787463599.339,R,0,1,-,119.0,3134,3132,-2,2,0,51,3144,21,2,-1,675,673,-2,3,-8,3503,3503,0,2,0,1249,1249,0,0,-2,1235,1236,1,0,-16
1787463599.477,R,0,1,-,119.0,3134,3133,-1,2,1,3145,2099,-22,1,-3,675,674,-1,3,-7,3503,3503,0,2,0,1249,1250,1,0,-1,1235,1236,1,0,-16
1787463599.615,R,0,1,-,119.0,3134,3133,-1,2,1,2102,1090,12,0,-1,675,674,-1,3,-7,3503,3503,0,2,0,1249,1250,1,0,-1,1236,1236,0,0,-16
1787463599.753,R,0,1,-,119.0,3134,3133,-1,2,1,1091,49,-18,3,-2,675,674,-1,3,-7,3503,3503,0,2,0,1250,1250,0,0,-1,1235,1235,0,0,-17
1787463599.890,R,0,1,-,119.0,3134,3133,-1,2,1,51,3144,21,2,-1,675,674,-1,3,-7,3503,3503,0,2,0,1249,1250,1,0,-1,1236,1235,-1,0,-17
1787463600.028,R,0,1,-,119.0,3134,3133,-1,2,1,3145,2100,-21,1,-2,675,674,-1,3,-7,3503,3503,0,2,0,1249,1250,1,0,-1,1236,1236,0,0,-16
1787463600.167,R,0,1,-,119.0,3134,3133,-1,2,1,2102,1090,12,0,-1,675,674,-1,3,-7,3503,3503,0,2,0,1249,1250,1,0,-1,1236,1235,-1,0,-17
1787463600.302,R,0,1,-,119.0,3134,3133,-1,2,1,1092,48,-20,3,-3,675,674,-1,3,-7,3503,3503,0,2,0,1249,1250,1,0,-1,1235,1236,1,0,-16
1787463600.440,R,0,1,-,119.0,3134,3133,-1,2,1,51,3144,21,2,-1,675,674,-1,3,-7,3503,3503,0,2,0,1249,1249,0,0,-2,1235,1236,1,0,-16
1787463600.577,R,0,1,-,119.0,3134,3133,-1,2,1,3145,2099,-22,1,-3,675,674,-1,3,-7,3503,3503,0,2,0,1249,1250,1,0,-1,1235,1235,0,0,-17
1787463600.715,R,0,1,-,119.0,3134,3132,-2,2,0,2102,1090,12,0,-1,675,674,-1,3,-7,3503,3502,-1,2,-1,1249,1250,1,0,-1,1235,1236,1,0,-16
1787463600.852,R,0,1,-,119.0,3134,3133,-1,2,1,1091,48,-19,3,-3,675,674,-1,3,-7,3503,3502,-1,2,-1,1249,1249,0,0,-2,1236,1236,0,0,-16
1787463600.990,R,0,1,-,119.0,3134,3133,-1,2,1,51,3143,20,2,-2,675,674,-1,3,-7,3503,3502,-1,2,-1,1249,1250,1,0,-1,1236,1235,-1,0,-17
1787463601.130,R,0,1,-,119.0,3134,3133,-1,2,1,3145,2099,-22,1,-3,675,674,-1,3,-7,3503,3503,0,2,0,1249,1250,1,0,-1,1235,1236,1,0,-16
1787463601.265,R,0,1,-,119.0,3134,3133,-1,2,1,2102,1090,12,0,-1,675,674,-1,3,-7,3503,3503,0,2,0,1249,1250,1,0,-1,1235,1235,0,0,-17
1787463601.403,R,0,1,-,119.0,3134,3133,-1,2,1,1091,48,-19,3,-3,675,674,-1,3,-7,3503,3503,0,2,0,1249,1250,1,0,-1,1235,1236,1,0,-16
1787463601.539,R,0,1,-,119.0,3134,3133,-1,2,1,51,3144,21,2,-1,675,674,-1,3,-7,3503,3503,0,2,0,1250,1250,0,0,-1,1235,1235,0,0,-17
1787463601.677,R,0,1,-,119.0,3134,3133,-1,2,1,3145,2099,-22,1,-3,675,674,-1,3,-7,3503,3502,-1,2,-1,1249,1250,1,0,-1,1236,1236,0,0,-16
1787463601.814,R,0,1,-,119.0,3134,3133,-1,2,1,2102,1090,12,0,-1,675,674,-1,3,-7,3503,3503,0,2,0,1249,1250,1,0,-1,1235,1236,1,0,-16
1787463601.952,R,0,1,-,119.0,3134,3133,-1,2,1,1092,48,-20,3,-3,675,674,-1,3,-7,3503,3503,0,2,0,1249,1250,1,0,-1,1236,1236,0,0,-16
1787463602.089,R,0,1,-,119.0,3134,3133,-1,2,1,51,3144,21,2,-1,675,674,-1,3,-7,3503,3503,0,2,0,1249,1250,1,0,-1,1235,1235,0,0,-17
1787463602.226,R,0,1,-,119.0,3134,3133,-1,2,1,3145,2099,-22,1,-3,675,674,-1,3,-7,3503,3503,0,2,0,1249,1250,1,0,-1,1236,1236,0,0,-16
1787463602.364,R,0,1,-,119.0,3134,3132,-2,2,0,2102,1090,12,0,-1,675,674,-1,3,-7,3503,3503,0,2,0,1249,1250,1,0,-1,1236,1236,0,0,-16
1787463602.501,R,0,1,-,119.0,3134,3133,-1,2,1,1091,48,-19,3,-3,675,674,-1,3,-7,3503,3503,0,2,0,1250,1250,0,0,-1,1236,1236,0,0,-16
1787463602.640,R,0,1,-,119.0,3134,3133,-1,2,1,51,3143,20,2,-2,675,674,-1,3,-7,3503,3503,0,2,0,1249,1250,1,0,-1,1235,1235,0,0,-17
1787463602.777,R,0,1,-,119.0,3134,3133,-1,2,1,3145,2099,-22,1,-3,675,674,-1,3,-7,3503,3503,0,2,0,1249,1250,1,0,-1,1236,1236,0,0,-16
1787463602.915,R,0,1,-,119.0,3134,3133,-1,2,1,2102,1090,12,0,-1,675,674,-1,3,-7,3503,3503,0,2,0,1250,1250,0,0,-1,1236,1236,0,0,-16
1787463603.052,R,0,1,-,119.0,3134,3133,-1,2,1,1092,48,-20,3,-3,675,674,-1,3,-7,3503,3503,0,2,0,1249,1250,1,0,-1,1235,1236,1,0,-16
1787463603.190,R,0,1,-,119.0,3134,3133,-1,2,1,51,3144,21,2,-1,675,674,-1,3,-7,3503,3503,0,2,0,1249,1250,1,0,-1,1235,1236,1,0,-16
1787463603.327,R,0,1,-,119.0,3134,3133,-1,2,1,3145,2099,-22,1,-3,675,674,-1,3,-7,3503,3503,0,2,0,1249,1250,1,0,-1,1236,1236,0,0,-16
1787463603.465,R,0,1,-,119.0,3134,3133,-1,2,1,2102,1090,12,0,-1,675,674,-1,3,-7,3503,3503,0,2,0,1249,1250,1,0,-1,1235,1236,1,0,-16
1787463603.603,R,0,1,-,119.0,3134,3133,-1,2,1,1091,48,-19,3,-3,675,674,-1,3,-7,3503,3502,-1,2,-1,1249,1250,1,0,-1,1235,1235,0,0,-17
1787463603.741,R,0,1,-,119.0,3134,3132,-2,2,0,51,3144,21,2,-1,675,674,-1,3,-7,3503,3502,-1,2,-1,1249,1249,0,0,-2,1235,1236,1,0,-16
1787463603.879,R,0,1,-,119.0,3134,3133,-1,2,1,3145,2099,-22,1,-3,675,674,-1,3,-7,3503,3503,0,2,0,1249,1249,0,0,-2,1235,1236,1,0,-16
1787463604.015,R,0,1,-,119.0,3134,3133,-1,2,1,2102,1090,12,0,-1,675,674,-1,3,-7,3503,3503,0,2,0,1250,1250,0,0,-1,1236,1236,0,0,-16
1787463604.154,R,0,1,-,119.0,3134,3133,-1,2,1,1092,48,-20,3,-3,675,674,-1,3,-7,3503,3502,-1,2,-1,1249,1250,1,0,-1,1235,1235,0,0,-17
1787463604.290,R,0,1,-,119.0,3134,3133,-1,2,1,51,3143,20,2,-2,675,674,-1,3,-7,3503,3502,-1,2,-1,1249,1250,1,0,-1,1236,1236,0,0,-16
1787463604.427,R,0,1,-,119.0,3134,3133,-1,2,1,3145,2100,-21,1,-2,675,674,-1,3,-7,3503,3503,0,2,0,1249,1250,1,0,-1,1236,1236,0,0,-16
1787463604.564,R,0,1,-,119.0,3134,3133,-1,2,1,2102,1090,12,0,-1,675,674,-1,3,-7,3503,3503,0,2,0,1249,1250,1,0,-1,1236,1236,0,0,-16
1787463604.702,R,0,1,-,119.0,3134,3133,-1,2,1,1092,48,-20,3,-3,675,674,-1,3,-7,3503,3503,0,2,0,1249,1250,1,0,-1,1236,1236,0,0,-16
1787463604.840,R,0,1,-,119.0,3135,3133,-2,2,1,51,3144,21,2,-1,675,674,-1,3,-7,3503,3503,0,2,0,1249,1250,1,0,-1,1236,1235,-1,0,-17
1787463604.976,R,0,1,-,119.0,3134,3133,-1,2,1,3145,2099,-22,1,-3,675,674,-1,3,-7,3503,3503,0,2,0,1249,1250,1,0,-1,1236,1236,0,0,-16
1787463605.115,R,0,1,-,119.0,3134,3133,-1,2,1,2102,1090,12,0,-1,675,674,-1,3,-7,3503,3502,-1,2,-1,1249,1250,1,0,-1,1235,1235,0,0,-17
1787463605.252,R,0,1,-,119.0,3134,3133,-1,2,1,1092,48,-20,3,-3,675,674,-1,3,-7,3503,3502,-1,2,-1,1249,1250,1,0,-1,1236,1236,0,0,-16
1787463605.390,R,0,1,-,119.0,3134,3133,-1,2,1,52,3144,20,2,-1,675,674,-1,3,-7,3503,3502,-1,2,-1,1249,1250,1,0,-1,1236,1235,-1,0,-17
1787463605.529,R,0,1,-,119.0,3134,3133,-1,2,1,3145,2099,-22,1,-3,675,674,-1,3,-7,3503,3503,0,2,0,1249,1250,1,0,-1,1236,1236,0,0,-16
1787463605.664,R,0,1,-,119.0,3134,3133,-1,2,1,2102,1090,12,0,-1,675,674,-1,3,-7,3503,3503,0,2,0,1249,1250,1,0,-1,1236,1236,0,0,-16
1787463605.801,R,0,1,-,119.0,3134,3133,-1,2,1,1092,48,-20,3,-3,675,674,-1,3,-7,3503,3503,0,2,0,1249,1250,1,0,-1,1235,1236,1,0,-16
1787463605.940,R,0,1,-,119.0,3134,3133,-1,2,1,51,3144,21,2,-1,675,674,-1,3,-7,3502,3503,1,2,0,1249,1250,1,0,-1,1236,1236,0,0,-16
1787463606.077,R,0,1,-,119.0,3134,3133,-1,2,1,3145,2099,-22,1,-3,675,674,-1,3,-7,3503,3503,0,2,0,1250,1250,0,0,-1,1235,1236,1,0,-16
1787463606.214,R,0,1,-,119.0,3134,3133,-1,2,1,2102,1090,12,0,-1,675,674,-1,3,-7,3503,3502,-1,2,-1,1249,1250,1,0,-1,1236,1236,0,0,-16
1787463606.351,R,0,1,-,119.0,3134,3133,-1,2,1,1091,48,-19,3,-3,675,674,-1,3,-7,3503,3503,0,2,0,1249,1250,1,0,-1,1235,1236,1,0,-16
1787463606.489,R,0,1,-,119.0,3134,3133,-1,2,1,51,3144,21,2,-1,675,674,-1,3,-7,3503,3503,0,2,0,1249,1250,1,0,-1,1236,1236,0,0,-16
1787463606.626,R,0,1,-,119.0,3134,3133,-1,2,1,3145,2099,-22,1,-3,675,674,-1,3,-7,3503,3503,0,2,0,1250,1250,0,0,-1,1236,1236,0,0,-16
1787463606.766,R,0,1,-,119.0,3134,3133,-1,2,1,2102,1090,12,0,-1,675,674,-1,3,-7,3503,3503,0,2,0,1249,1250,1,0,-1,1235,1236,1,0,-16
1787463606.902,R,0,1,-,119.0,3135,3133,-2,2,1,1091,48,-19,3,-3,675,674,-1,3,-7,3503,3503,0,2,0,1249,1250,1,0,-1,1236,1235,-1,0,-17
1787463607.039,R,0,1,-,119.0,3134,3133,-1,2,1,51,3144,21,2,-1,675,674,-1,3,-7,3503,3503,0,2,0,1249,1250,1,0,-1,1235,1235,0,0,-17
1787463607.179,R,0,1,-,119.0,3134,3133,-1,2,1,3145,2100,-21,1,-2,675,674,-1,3,-7,3503,3503,0,2,0,1249,1250,1,0,-1,1236,1236,0,0,-16
1787463607.314,R,0,1,-,119.0,3134,3133,-1,2,1,2102,1090,12,0,-1,675,674,-1,3,-7,3503,3503,0,2,0,1249,1250,1,0,-1,1235,1236,1,0,-16
1787463607.451,R,0,1,-,119.0,3134,3133,-1,2,1,1092,48,-20,3,-3,675,674,-1,3,-7,3503,3502,-1,2,-1,1250,1250,0,0,-1,1235,1236,1,0,-16
1787463607.589,R,0,1,-,119.0,3134,3133,-1,2,1,51,3143,20,2,-2,675,674,-1,3,-7,3503,3503,0,2,0,1249,1250,1,0,-1,1236,1236,0,0,-16
1787463607.726,R,0,1,-,119.0,3134,3133,-1,2,1,3145,2099,-22,1,-3,675,674,-1,3,-7,3503,3503,0,2,0,1250,1250,0,0,-1,1236,1236,0,0,-16
1787463607.864,R,0,1,-,119.0,3134,3132,-2,2,0,2102,1090,12,0,-1,675,674,-1,3,-7,3503,3503,0,2,0,1249,1250,1,0,-1,1236,1236,0,0,-16
1787463608.002,R,0,1,-,119.0,3134,3133,-1,2,1,1091,48,-19,3,-3,675,674,-1,3,-7,3503,3503,0,2,0,1249,1249,0,0,-2,1236,1235,-1,0,-17
1787463608.139,R,0,1,-,119.0,3134,3133,-1,2,1,51,3144,21,2,-1,675,674,-1,3,-7,3503,3503,0,2,0,1249,1250,1,0,-1,1236,1236,0,0,-16
1787463608.276,R,0,1,-,119.0,3134,3133,-1,2,1,3145,2099,-22,1,-3,675,674,-1,3,-7,3503,3503,0,2,0,1249,1250,1,0,-1,1236,1235,-1,0,-17
1787463608.414,R,0,1,-,119.0,3134,3133,-1,2,1,2101,1090,13,0,-1,675,674,-1,3,-7,3503,3502,-1,2,-1,1249,1250,1,0,-1,1235,1235,0,0,-17
1787463608.551,R,0,1,-,119.0,3134,3133,-1,2,1,1092,48,-20,3,-3,675,674,-1,3,-7,3503,3503,0,2,0,1250,1250,0,0,-1,1236,1235,-1,0,-17
1787463608.689,R,0,1,-,119.0,3134,3133,-1,2,1,51,3144,21,2,-1,675,674,-1,3,-7,3503,3503,0,2,0,1249,1250,1,0,-1,1236,1236,0,0,-16
1787463608.827,R,0,1,-,119.0,3134,3133,-1,2,1,3145,2099,-22,1,-3,675,674,-1,3,-7,3503,3503,0,2,0,1249,1250,1,0,-1,1235,1235,0,0,-17
1787463608.963,R,0,1,-,119.0,3134,3132,-2,2,0,2102,1090,12,0,-1,675,673,-2,3,-8,3503,3502,-1,2,-1,1249,1249,0,0,-2,1236,1236,0,0,-16
1787463609.103,R,0,1,-,119.0,3134,3133,-1,2,1,1092,48,-20,3,-3,675,674,-1,3,-7,3503,3503,0,2,0,1249,1250,1,0,-1,1236,1236,0,0,-16
1787463609.240,R,0,1,-,119.0,3134,3132,-2,2,0,51,3143,20,2,-2,675,674,-1,3,-7,3503,3503,0,2,0,1249,1250,1,0,-1,1236,1235,-1,0,-17
1787463609.376,R,0,1,-,119.0,3134,3133,-1,2,1,3145,2099,-22,1,-3,675,674,-1,3,-7,3503,3502,-1,2,-1,1249,1250,1,0,-1,1236,1236,0,0,-16
1787463609.514,R,0,1,-,119.0,3134,3133,-1,2,1,2102,1090,12,0,-1,675,674,-1,3,-7,3503,3502,-1,2,-1,1249,1250,1,0,-1,1236,1236,0,0,-16
1787463609.651,R,0,1,-,119.0,3134,3133,-1,2,1,1091,49,-18,3,-2,675,674,-1,3,-7,3503,3503,0,2,0,1249,1250,1,0,-1,1236,1236,0,0,-16
1787463609.788,R,0,1,-,119.0,3134,3133,-1,2,1,51,3144,21,2,-1,675,674,-1,3,-7,3503,3503,0,2,0,1249,1250,1,0,-1,1236,1236,0,0,-16
1787463609.928,R,0,1,-,119.0,3134,3132,-2,2,0,3145,2099,-22,1,-3,675,674,-1,3,-7,3503,3502,-1,2,-1,1249,1250,1,0,-1,1236,1236,0,0,-16
1787463610.064,R,0,1,-,119.0,3135,3133,-2,2,1,2102,1090,12,0,-1,675,674,-1,3,-7,3503,3503,0,2,0,1249,1250,1,0,-1,1235,1236,1,0,-16
1787463610.203,R,0,1,-,119.0,3134,3133,-1,2,1,1092,48,-20,3,-3,675,674,-1,3,-7,3503,3503,0,2,0,1249,1250,1,0,-1,1236,1236,0,0,-16
1787463610.339,R,0,1,-,119.0,3134,3133,-1,2,1,51,3144,21,2,-1,675,674,-1,3,-7,3503,3502,-1,2,-1,1249,1250,1,0,-1,1235,1235,0,0,-17
1787463610.478,R,0,1,-,119.0,3134,3133,-1,2,1,3145,2099,-22,1,-3,675,674,-1,3,-7,3503,3503,0,2,0,1249,1250,1,0,-1,1235,1236,1,0,-16
1787463610.615,R,0,1,-,119.0,3134,3133,-1,2,1,2102,1090,12,0,-1,675,674,-1,3,-7,3503,3503,0,2,0,1249,1250,1,0,-1,1235,1236,1,0,-16
1787463610.751,R,0,1,-,119.0,3134,3132,-2,2,0,1091,48,-19,3,-3,675,674,-1,3,-7,3503,3503,0,2,0,1249,1250,1,0,-1,1236,1236,0,0,-16
1787463610.889,R,0,1,-,119.0,3134,3133,-1,2,1,51,3144,21,2,-1,675,674,-1,3,-7,3503,3503,0,2,0,1249,1250,1,0,-1,1235,1236,1,0,-16
1787463611.026,R,0,1,-,119.0,3134,3133,-1,2,1,3145,2100,-21,1,-2,675,674,-1,3,-7,3503,3502,-1,2,-1,1249,1249,0,0,-2,1236,1236,0,0,-16
1787463611.163,R,0,1,-,119.0,3134,3133,-1,2,1,2102,1090,12,0,-1,675,674,-1,3,-7,3503,3503,0,2,0,1249,1250,1,0,-1,1235,1236,1,0,-16
1787463611.302,R,0,1,-,119.0,3134,3133,-1,2,1,1092,48,-20,3,-3,675,674,-1,3,-7,3503,3503,0,2,0,1249,1250,1,0,-1,1236,1236,0,0,-16
1787463611.438,R,0,1,-,119.0,3135,3133,-2,2,1,51,3144,21,2,-1,675,674,-1,3,-7,3503,3503,0,2,0,1249,1250,1,0,-1,1236,1236,0,0,-16
1787463611.576,R,0,1,-,119.0,3134,3133,-1,2,1,3145,2099,-22,1,-3,675,674,-1,3,-7,3503,3502,-1,2,-1,1250,1250,0,0,-1,1236,1236,0,0,-16
1787463611.716,R,0,1,-,119.0,3134,3133,-1,2,1,2102,1090,12,0,-1,675,674,-1,3,-7,3503,3503,0,2,0,1249,1250,1,0,-1,1236,1236,0,0,-16
1787463611.851,R,0,1,-,119.0,3135,3133,-2,2,1,1091,48,-19,3,-3,675,674,-1,3,-7,3503,3502,-1,2,-1,1249,1250,1,0,-1,1236,1235,-1,0,-17
1787463611.989,R,0,1,-,119.0,3134,3133,-1,2,1,51,3143,20,2,-2,675,674,-1,3,-7,3503,3503,0,2,0,1249,1249,0,0,-2,1236,1236,0,0,-16
1787463612.126,R,0,1,-,119.0,3134,3133,-1,2,1,3145,2099,-22,1,-3,675,674,-1,3,-7,3503,3502,-1,2,-1,1249,1250,1,0,-1,1236,1235,-1,0,-17
1787463612.264,R,0,1,-,119.0,3134,3133,-1,2,1,2102,1090,12,0,-1,675,674,-1,3,-7,3503,3503,0,2,0,1249,1250,1,0,-1,1236,1236,0,0,-16
1787463612.401,R,0,1,-,119.0,3134,3133,-1,2,1,1092,48,-20,3,-3,675,674,-1,3,-7,3503,3503,0,2,0,1250,1250,0,0,-1,1235,1235,0,0,-17
1787463612.540,R,0,1,-,119.0,3134,3132,-2,2,0,51,3144,21,2,-1,675,674,-1,3,-7,3503,3503,0,2,0,1249,1250,1,0,-1,1235,1236,1,0,-16
1787463612.676,R,0,1,-,119.0,3134,3133,-1,2,1,3145,2100,-21,1,-2,675,674,-1,3,-7,3503,3503,0,2,0,1249,1249,0,0,-2,1236,1236,0,0,-16
1787463612.813,R,0,1,-,119.0,3134,3133,-1,2,1,2102,1090,12,0,-1,675,674,-1,3,-7,3503,3503,0,2,0,1249,1250,1,0,-1,1235,1235,0,0,-17
1787463612.977,R',0,1,-,119.0,3134,3133,-1,2,1,1092,2099,-17,1,-3,675,674,-1,3,-7,3503,3502,-1,2,-1,1249,1250,1,0,-1,1236,1236,0,0,-16
1787463613.115,R',0,1,-,119.0,3134,3133,-1,2,1,2101,3144,19,2,-1,675,674,-1,3,-7,3503,3502,-1,2,-1,1249,1250,1,0,-1,1235,1236,1,0,-16
1787463613.253,R',0,1,-,119.0,3134,3133,-1,2,1,3144,49,-23,3,-2,675,674,-1,3,-7,3503,3502,-1,2,-1,1250,1250,0,0,-1,1235,1235,0,0,-17
1787463613.390,R',0,1,-,119.0,3135,3133,-2,2,1,50,1090,16,0,-1,675,674,-1,3,-7,3503,3503,0,2,0,1249,1250,1,0,-1,1236,1236,0,0,-16
1787463613.530,R',0,1,-,119.0,3134,3132,-2,2,0,1091,2099,-16,1,-3,675,674,-1,3,-7,3503,3503,0,2,0,1249,1250,1,0,-1,1236,1236,0,0,-16
1787463613.664,R',0,1,-,119.0,3134,3132,-2,2,0,2101,3144,19,2,-1,675,674,-1,3,-7,3503,3503,0,2,0,1249,1250,1,0,-1,1236,1236,0,0,-16
1787463613.806,R',0,1,-,119.0,3135,3133,-2,2,1,3144,49,-23,3,-2,675,674,-1,3,-7,3503,3503,0,2,0,1250,1250,0,0,-1,1236,1236,0,0,-16
1787463613.938,R',0,1,-,119.0,3134,3132,-2,2,0,50,1090,16,0,-1,675,674,-1,3,-7,3503,3503,0,2,0,1249,1249,0,0,-2,1235,1236,1,0,-16
1787463614.077,R',0,1,-,119.0,3134,3133,-1,2,1,1090,2100,-14,1,-2,675,674,-1,3,-7,3503,3503,0,2,0,1249,1250,1,0,-1,1235,1236,1,0,-16
1787463614.214,R',0,1,-,119.0,3134,3132,-2,2,0,2101,3144,19,2,-1,675,674,-1,3,-7,3503,3503,0,2,0,1249,1250,1,0,-1,1235,1236,1,0,-16
1787463614.353,R',0,1,-,119.0,3134,3133,-1,2,1,3144,49,-23,3,-2,675,674,-1,3,-7,3503,3503,0,2,0,1249,1250,1,0,-1,1235,1236,1,0,-16
1787463614.489,R',0,1,-,119.0,3134,3133,-1,2,1,50,1090,16,0,-1,675,674,-1,3,-7,3503,3503,0,2,0,1249,1250,1,0,-1,1236,1236,0,0,-16
1787463614.626,R',0,1,-,119.0,3134,3133,-1,2,1,1091,2099,-16,1,-3,675,674,-1,3,-7,3503,3503,0,2,0,1249,1250,1,0,-1,1236,1236,0,0,-16
1787463614.766,R',0,1,-,119.0,3134,3132,-2,2,0,2101,3144,19,2,-1,675,674,-1,3,-7,3503,3502,-1,2,-1,1249,1250,1,0,-1,1235,1236,1,0,-16
1787463614.901,R',0,1,-,119.0,3134,3133,-1,2,1,3144,48,-24,3,-3,675,674,-1,3,-7,3503,3503,0,2,0,1250,1250,0,0,-1,1235,1236,1,0,-16
1787463615.039,R',0,1,-,119.0,3134,3133,-1,2,1,50,1090,16,0,-1,675,674,-1,3,-7,3503,3502,-1,2,-1,1249,1250,1,0,-1,1236,1236,0,0,-16
1787463615.176,R',0,1,-,119.0,3134,3133,-1,2,1,1091,2100,-15,1,-2,675,674,-1,3,-7,3503,3503,0,2,0,1249,1249,0,0,-2,1235,1236,1,0,-16
1787463615.316,R',0,1,-,119.0,3135,3133,-2,2,1,2101,3144,19,2,-1,675,674,-1,3,-7,3503,3502,-1,2,-1,1249,1250,1,0,-1,1236,1236,0,0,-16
1787463615.453,R',0,1,-,119.0,3134,3133,-1,2,1,3144,49,-23,3,-2,675,674,-1,3,-7,3503,3503,0,2,0,1249,1250,1,0,-1,1236,1235,-1,0,-17
1787463615.588,R',0,1,-,119.0,3135,3133,-2,2,1,50,1090,16,0,-1,675,674,-1,3,-7,3503,3502,-1,2,-1,1249,1250,1,0,-1,1236,1236,0,0,-16
1787463615.727,R',0,1,-,119.0,3134,3133,-1,2,1,1091,2100,-15,1,-2,675,674,-1,3,-7,3503,3503,0,2,0,1250,1250,0,0,-1,1236,1236,0,0,-16
1787463615.864,R',0,1,-,119.0,3134,3133,-1,2,1,2101,3144,19,2,-1,675,674,-1,3,-7,3503,3503,0,2,0,1249,1250,1,0,-1,1235,1235,0,0,-17
1787463616.002,R',0,1,-,119.0,3135,3133,-2,2,1,3144,48,-24,3,-3,675,674,-1,3,-7,3503,3503,0,2,0,1249,1250,1,0,-1,1235,1236,1,0,-16
1787463616.139,R',0,1,-,119.0,3134,3133,-1,2,1,50,1090,16,0,-1,675,674,-1,3,-7,3503,3503,0,2,0,1249,1249,0,0,-2,1236,1236,0,0,-16
1787463616.276,R',0,1,-,119.0,3134,3133,-1,2,1,1090,2100,-14,1,-2,675,673,-2,3,-8,3503,3503,0,2,0,1249,1250,1,0,-1,1236,1236,0,0,-16
1787463616.414,R',0,1,-,119.0,3134,3133,-1,2,1,2101,3144,19,2,-1,675,674,-1,3,-7,3503,3503,0,2,0,1249,1250,1,0,-1,1235,1236,1,0,-16
1787463616.551,R',0,1,-,119.0,3134,3133,-1,2,1,3144,49,-23,3,-2,675,674,-1,3,-7,3503,3503,0,2,0,1249,1250,1,0,-1,1235,1235,0,0,-17
1787463616.689,R',0,1,-,119.0,3135,3133,-2,2,1,50,1090,16,0,-1,675,674,-1,3,-7,3503,3502,-1,2,-1,1249,1250,1,0,-1,1235,1236,1,0,-16
1787463616.826,R',0,1,-,119.0,3134,3133,-1,2,1,1090,2100,-14,1,-2,675,674,-1,3,-7,3503,3502,-1,2,-1,1249,1250,1,0,-1,1235,1236,1,0,-16
1787463616.963,R',0,1,-,119.0,3134,3133,-1,2,1,2101,3144,19,2,-1,675,673,-2,3,-8,3503,3503,0,2,0,1250,1250,0,0,-1,1236,1236,0,0,-16
1787463617.101,R',0,1,-,119.0,3134,3133,-1,2,1,3144,49,-23,3,-2,675,673,-2,3,-8,3503,3502,-1,2,-1,1249,1250,1,0,-1,1236,1236,0,0,-16
1787463617.238,R',0,1,-,119.0,3134,3133,-1,2,1,50,1090,16,0,-1,675,674,-1,3,-7,3503,3502,-1,2,-1,1250,1250,0,0,-1,1236,1236,0,0,-16
1787463617.375,R',0,1,-,119.0,3134,3133,-1,2,1,1091,2100,-15,1,-2,675,674,-1,3,-7,3503,3503,0,2,0,1249,1250,1,0,-1,1236,1236,0,0,-16
1787463617.513,R',0,1,-,119.0,3135,3132,-3,2,0,2101,3144,19,2,-1,675,674,-1,3,-7,3503,3503,0,2,0,1249,1250,1,0,-1,1236,1236,0,0,-16
1787463617.651,R',0,1,-,119.0,3134,3132,-2,2,0,3144,48,-24,3,-3,675,674,-1,3,-7,3503,3503,0,2,0,1249,1250,1,0,-1,1236,1236,0,0,-16
1787463617.789,R',0,1,-,119.0,3134,3132,-2,2,0,50,1090,16,0,-1,675,674,-1,3,-7,3503,3503,0,2,0,1249,1250,1,0,-1,1235,1236,1,0,-16
1787463617.926,R',0,1,-,119.0,3134,3133,-1,2,1,1090,2100,-14,1,-2,675,674,-1,3,-7,3503,3503,0,2,0,1249,1250,1,0,-1,1235,1236,1,0,-16
1787463618.063,R',0,1,-,119.0,3134,3133,-1,2,1,2101,3144,19,2,-1,675,674,-1,3,-7,3503,3503,0,2,0,1249,1250,1,0,-1,1235,1236,1,0,-16
1787463618.200,R',0,1,-,119.0,3134,3133,-1,2,1,3144,49,-23,3,-2,675,674,-1,3,-7,3503,3503,0,2,0,1250,1250,0,0,-1,1236,1236,0,0,-16
1787463618.340,R',0,1,-,119.0,3134,3133,-1,2,1,50,1090,16,0,-1,675,674,-1,3,-7,3503,3503,0,2,0,1249,1250,1,0,-1,1235,1236,1,0,-16
1787463618.478,R',0,1,-,119.0,3134,3133,-1,2,1,1091,2099,-16,1,-3,675,674,-1,3,-7,3503,3503,0,2,0,1249,1250,1,0,-1,1235,1236,1,0,-16
1787463618.614,R',0,1,-,119.0,3134,3133,-1,2,1,2101,3144,19,2,-1,675,674,-1,3,-7,3503,3503,0,2,0,1250,1250,0,0,-1,1235,1236,1,0,-16
1787463618.751,R',0,1,-,119.0,3134,3132,-2,2,0,3144,48,-24,3,-3,675,674,-1,3,-7,3503,3503,0,2,0,1249,1250,1,0,-1,1236,1236,0,0,-16
1787463618.888,R',0,1,-,119.0,3134,3133,-1,2,1,50,1090,16,0,-1,675,674,-1,3,-7,3503,3503,0,2,0,1249,1250,1,0,-1,1235,1236,1,0,-16
1787463619.026,R',0,1,-,119.0,3134,3133,-1,2,1,1090,2100,-14,1,-2,675,674,-1,3,-7,3503,3503,0,2,0,1249,1250,1,0,-1,1236,1236,0,0,-16
1787463619.163,R',0,1,-,119.0,3134,3133,-1,2,1,2101,3144,19,2,-1,675,674,-1,3,-7,3503,3503,0,2,0,1249,1250,1,0,-1,1235,1236,1,0,-16
1787463619.301,R',0,1,-,119.0,3134,3133,-1,2,1,3144,49,-23,3,-2,675,674,-1,3,-7,3503,3503,0,2,0,1249,1250,1,0,-1,1236,1236,0,0,-16
1787463619.439,R',0,1,-,119.0,3134,3133,-1,2,1,50,1090,16,0,-1,675,674,-1,3,-7,3503,3503,0,2,0,1249,1250,1,0,-1,1235,1236,1,0,-16
1787463619.577,R',0,1,-,119.0,3134,3133,-1,2,1,1090,2100,-14,1,-2,675,674,-1,3,-7,3503,3503,0,2,0,1249,1250,1,0,-1,1236,1236,0,0,-16
1787463619.713,R',0,1,-,119.0,3134,3133,-1,2,1,2101,3144,19,2,-1,675,674,-1,3,-7,3503,3503,0,2,0,1249,1249,0,0,-2,1235,1236,1,0,-16
1787463619.852,R',0,1,-,119.0,3135,3133,-2,2,1,3144,49,-23,3,-2,675,674,-1,3,-7,3503,3503,0,2,0,1249,1250,1,0,-1,1236,1236,0,0,-16
1787463619.991,R',0,1,-,119.0,3134,3132,-2,2,0,50,1090,16,0,-1,675,673,-2,3,-8,3503,3503,0,2,0,1249,1250,1,0,-1,1235,1236,1,0,-16
1787463620.128,R',0,1,-,119.0,3134,3133,-1,2,1,1091,2100,-15,1,-2,675,674,-1,3,-7,3503,3503,0,2,0,1249,1250,1,0,-1,1235,1236,1,0,-16
1787463620.264,R',0,1,-,119.0,3134,3133,-1,2,1,2101,3144,19,2,-1,675,674,-1,3,-7,3503,3502,-1,2,-1,1249,1250,1,0,-1,1236,1236,0,0,-16
1787463620.402,R',0,1,-,119.0,3134,3133,-1,2,1,3144,49,-23,3,-2,675,674,-1,3,-7,3503,3503,0,2,0,1249,1250,1,0,-1,1236,1235,-1,0,-17
1787463620.542,R',0,1,-,119.0,3134,3133,-1,2,1,50,1090,16,0,-1,675,674,-1,3,-7,3503,3503,0,2,0,1249,1250,1,0,-1,1236,1236,0,0,-16
1787463620.678,R',0,1,-,119.0,3134,3133,-1,2,1,1090,2100,-14,1,-2,675,674,-1,3,-7,3503,3503,0,2,0,1249,1250,1,0,-1,1235,1236,1,0,-16
1787463620.815,R',0,1,-,119.0,3134,3133,-1,2,1,2101,3144,19,2,-1,675,674,-1,3,-7,3503,3503,0,2,0,1249,1250,1,0,-1,1236,1236,0,0,-16
1787463620.951,R',0,1,-,119.0,3134,3133,-1,2,1,3144,49,-23,3,-2,675,674,-1,3,-7,3503,3503,0,2,0,1249,1250,1,0,-1,1236,1236,0,0,-16
1787463621.088,R',0,1,-,119.0,3134,3133,-1,2,1,50,1090,16,0,-1,675,673,-2,3,-8,3503,3503,0,2,0,1249,1250,1,0,-1,1236,1236,0,0,-16
1787463621.225,R',0,1,-,119.0,3134,3132,-2,2,0,1091,2100,-15,1,-2,675,674,-1,3,-7,3503,3503,0,2,0,1250,1250,0,0,-1,1235,1236,1,0,-16
1787463621.363,R',0,1,-,119.0,3134,3133,-1,2,1,2101,3144,19,2,-1,675,674,-1,3,-7,3503,3503,0,2,0,1249,1250,1,0,-1,1235,1236,1,0,-16
1787463621.501,R',0,1,-,119.0,3134,3133,-1,2,1,3144,49,-23,3,-2,675,673,-2,3,-8,3503,3502,-1,2,-1,1249,1250,1,0,-1,1235,1236,1,0,-16
1787463621.639,R',0,1,-,119.0,3134,3133,-1,2,1,51,1090,15,0,-1,675,674,-1,3,-7,3503,3503,0,2,0,1250,1250,0,0,-1,1236,1236,0,0,-16
1787463621.777,R',0,1,-,119.0,3134,3133,-1,2,1,1091,2099,-16,1,-3,675,674,-1,3,-7,3502,3503,1,2,0,1249,1250,1,0,-1,1236,1236,0,0,-16
1787463621.913,R',0,1,-,119.0,3134,3133,-1,2,1,2101,3144,19,2,-1,675,674,-1,3,-7,3503,3503,0,2,0,1249,1249,0,0,-2,1236,1235,-1,0,-17
1787463622.050,R',0,1,-,119.0,3134,3133,-1,2,1,3144,48,-24,3,-3,675,674,-1,3,-7,3503,3503,0,2,0,1249,1249,0,0,-2,1236,1236,0,0,-16
1787463622.189,R',0,1,-,119.0,3134,3132,-2,2,0,50,1090,16,0,-1,675,674,-1,3,-7,3503,3503,0,2,0,1249,1250,1,0,-1,1236,1236,0,0,-16
1787463622.326,R',0,1,-,119.0,3134,3133,-1,2,1,1090,2100,-14,1,-2,675,674,-1,3,-7,3503,3502,-1,2,-1,1250,1250,0,0,-1,1236,1235,-1,0,-17
1787463622.463,R',0,1,-,119.0,3134,3133,-1,2,1,2101,3144,19,2,-1,675,674,-1,3,-7,3503,3502,-1,2,-1,1249,1249,0,0,-2,1235,1236,1,0,-16
1787463622.603,R',0,1,-,119.0,3135,3132,-3,2,0,3144,49,-23,3,-2,675,674,-1,3,-7,3503,3502,-1,2,-1,1249,1250,1,0,-1,1235,1236,1,0,-16
1787463622.738,R',0,1,-,119.0,3134,3133,-1,2,1,50,1090,16,0,-1,675,674,-1,3,-7,3503,3502,-1,2,-1,1249,1250,1,0,-1,1236,1236,0,0,-16
1787463622.876,R',0,1,-,119.0,3134,3132,-2,2,0,1091,2100,-15,1,-2,675,674,-1,3,-7,3503,3502,-1,2,-1,1249,1250,1,0,-1,1235,1236,1,0,-16
1787463623.013,R',0,1,-,119.0,3134,3133,-1,2,1,2101,3144,19,2,-1,675,674,-1,3,-7,3503,3503,0,2,0,1249,1250,1,0,-1,1235,1235,0,0,-17
1787463623.151,R',0,1,-,119.0,3134,3133,-1,2,1,3144,49,-23,3,-2,675,674,-1,3,-7,3503,3502,-1,2,-1,1249,1250,1,0,-1,1235,1236,1,0,-16
1787463623.288,R',0,1,-,119.0,3134,3133,-1,2,1,50,1090,16,0,-1,675,674,-1,3,-7,3502,3502,0,2,-1,1249,1250,1,0,-1,1235,1236,1,0,-16
1787463623.426,R',0,1,-,119.0,3134,3133,-1,2,1,1091,2100,-15,1,-2,675,674,-1,3,-7,3503,3503,0,2,0,1249,1250,1,0,-1,1236,1236,0,0,-16
1787463623.563,R',0,1,-,119.0,3134,3133,-1,2,1,2101,3144,19,2,-1,675,674,-1,3,-7,3503,3503,0,2,0,1249,1249,0,0,-2,1235,1235,0,0,-17
1787463623.701,R',0,1,-,119.0,3134,3133,-1,2,1,3144,49,-23,3,-2,675,674,-1,3,-7,3503,3503,0,2,0,1249,1250,1,0,-1,1236,1236,0,0,-16
1787463623.838,R',0,1,-,119.0,3134,3132,-2,2,0,50,1090,16,0,-1,675,674,-1,3,-7,3503,3503,0,2,0,1250,1250,0,0,-1,1236,1236,0,0,-16
1787463623.976,R',0,1,-,119.0,3134,3133,-1,2,1,1091,2100,-15,1,-2,675,674,-1,3,-7,3503,3503,0,2,0,1249,1250,1,0,-1,1236,1236,0,0,-16
1787463624.114,R',0,1,-,119.0,3135,3133,-2,2,1,2101,3144,19,2,-1,675,674,-1,3,-7,3503,3502,-1,2,-1,1249,1250,1,0,-1,1235,1235,0,0,-17
1787463624.250,R',0,1,-,119.0,3134,3133,-1,2,1,3144,49,-23,3,-2,675,674,-1,3,-7,3503,3503,0,2,0,1249,1250,1,0,-1,1236,1236,0,0,-16
1787463624.388,R',0,1,-,119.0,3134,3132,-2,2,0,50,1090,16,0,-1,675,674,-1,3,-7,3503,3503,0,2,0,1249,1250,1,0,-1,1235,1236,1,0,-16
1787463624.526,R',0,1,-,119.0,3134,3133,-1,2,1,1091,2100,-15,1,-2,675,674,-1,3,-7,3503,3503,0,2,0,1249,1250,1,0,-1,1235,1236,1,0,-16
1787463624.663,R',0,1,-,119.0,3134,3133,-1,2,1,2101,3144,19,2,-1,675,673,-2,3,-8,3503,3502,-1,2,-1,1249,1250,1,0,-1,1235,1236,1,0,-16
1787463624.802,R',0,1,-,119.0,3135,3133,-2,2,1,3144,49,-23,3,-2,675,674,-1,3,-7,3503,3503,0,2,0,1249,1250,1,0,-1,1236,1236,0,0,-16
1787463624.938,R',0,1,-,119.0,3134,3133,-1,2,1,50,1090,16,0,-1,675,674,-1,3,-7,3503,3503,0,2,0,1249,1250,1,0,-1,1235,1236,1,0,-16
1787463625.076,R',0,1,-,119.0,3135,3133,-2,2,1,1090,2100,-14,1,-2,675,674,-1,3,-7,3503,3502,-1,2,-1,1249,1250,1,0,-1,1235,1236,1,0,-16
1787463625.213,R',0,1,-,119.0,3134,3133,-1,2,1,2101,3144,19,2,-1,675,674,-1,3,-7,3503,3503,0,2,0,1249,1250,1,0,-1,1236,1236,0,0,-16
1787463625.350,R',0,1,-,119.0,3135,3133,-2,2,1,3144,49,-23,3,-2,675,674,-1,3,-7,3503,3502,-1,2,-1,1249,1250,1,0,-1,1235,1236,1,0,-16
1787463625.488,R',0,1,-,119.0,3134,3133,-1,2,1,50,1090,16,0,-1,675,674,-1,3,-7,3503,3503,0,2,0,1250,1250,0,0,-1,1236,1236,0,0,-16
1787463625.626,R',0,1,-,119.0,3135,3133,-2,2,1,1091,2100,-15,1,-2,675,674,-1,3,-7,3503,3503,0,2,0,1250,1250,0,0,-1,1236,1236,0,0,-16
1787463625.764,R',0,1,-,119.0,3134,3133,-1,2,1,2101,3144,19,2,-1,675,674,-1,3,-7,3503,3503,0,2,0,1249,1250,1,0,-1,1236,1236,0,0,-16
1787463625.900,R',0,1,-,119.0,3134,3133,-1,2,1,3144,49,-23,3,-2,675,674,-1,3,-7,3503,3503,0,2,0,1249,1250,1,0,-1,1235,1236,1,0,-16
1787463626.038,R',0,1,-,119.0,3134,3133,-1,2,1,50,1090,16,0,-1,675,674,-1,3,-7,3503,3503,0,2,0,1249,1250,1,0,-1,1235,1236,1,0,-16
1787463626.176,R',0,1,-,119.0,3134,3133,-1,2,1,1090,2100,-14,1,-2,675,674,-1,3,-7,3503,3503,0,2,0,1249,1250,1,0,-1,1236,1236,0,0,-16
1787463626.313,R',0,1,-,119.0,3134,3133,-1,2,1,2101,3144,19,2,-1,675,674,-1,3,-7,3503,3503,0,2,0,1250,1250,0,0,-1,1236,1236,0,0,-16
1787463626.451,R',0,1,-,119.0,3134,3132,-2,2,0,3144,49,-23,3,-2,675,674,-1,3,-7,3503,3503,0,2,0,1249,1250,1,0,-1,1236,1236,0,0,-16
1787463626.587,R',0,1,-,119.0,3135,3133,-2,2,1,50,1090,16,0,-1,675,674,-1,3,-7,3503,3503,0,2,0,1249,1250,1,0,-1,1235,1235,0,0,-17
1787463626.725,R',0,1,-,119.0,3134,3133,-1,2,1,1091,2100,-15,1,-2,675,674,-1,3,-7,3503,3502,-1,2,-1,1249,1250,1,0,-1,1235,1236,1,0,-16
1787463626.863,R',0,1,-,119.0,3134,3133,-1,2,1,2101,3144,19,2,-1,675,674,-1,3,-7,3503,3503,0,2,0,1249,1250,1,0,-1,1236,1235,-1,0,-17
1787463627.001,R',0,1,-,119.0,3134,3133,-1,2,1,3144,49,-23,3,-2,675,674,-1,3,-7,3503,3503,0,2,0,1250,1250,0,0,-1,1235,1236,1,0,-16
1787463627.138,R',0,1,-,119.0,3134,3133,-1,2,1,50,1090,16,0,-1,675,674,-1,3,-7,3503,3502,-1,2,-1,1249,1250,1,0,-1,1235,1236,1,0,-16
1787463627.276,R',0,1,-,119.0,3134,3133,-1,2,1,1090,2100,-14,1,-2,675,674,-1,3,-7,3503,3503,0,2,0,1249,1250,1,0,-1,1236,1236,0,0,-16
1787463627.413,R',0,1,-,119.0,3134,3133,-1,2,1,2101,3144,19,2,-1,675,674,-1,3,-7,3503,3502,-1,2,-1,1249,1250,1,0,-1,1235,1236,1,0,-16
1787463627.550,R',0,1,-,119.0,3134,3133,-1,2,1,3144,49,-23,3,-2,675,674,-1,3,-7,3503,3503,0,2,0,1249,1250,1,0,-1,1235,1236,1,0,-16
1787463627.689,R',0,1,-,119.0,3134,3133,-1,2,1,50,1090,16,0,-1,675,674,-1,3,-7,3503,3503,0,2,0,1249,1250,1,0,-1,1236,1236,0,0,-16
1787463627.825,R',0,1,-,119.0,3134,3133,-1,2,1,1091,2100,-15,1,-2,675,674,-1,3,-7,3503,3502,-1,2,-1,1250,1250,0,0,-1,1235,1236,1,0,-16
1787463627.963,R',0,1,-,119.0,3134,3133,-1,2,1,2101,3144,19,2,-1,675,674,-1,3,-7,3503,3503,0,2,0,1250,1250,0,0,-1,1236,1236,0,0,-16
1787463628.100,R',0,1,-,119.0,3134,3133,-1,2,1,3144,49,-23,3,-2,675,674,-1,3,-7,3503,3502,-1,2,-1,1249,1250,1,0,-1,1236,1236,0,0,-16
1787463628.238,R',0,1,-,119.0,3134,3133,-1,2,1,50,1090,16,0,-1,675,674,-1,3,-7,3502,3502,0,2,-1,1250,1250,0,0,-1,1235,1236,1,0,-16
1787463628.377,R',0,1,-,119.0,3134,3133,-1,2,1,1091,2100,-15,1,-2,675,674,-1,3,-7,3503,3503,0,2,0,1249,1250,1,0,-1,1236,1236,0,0,-16
1787463628.512,R',0,1,-,119.0,3134,3133,-1,2,1,2101,3144,19,2,-1,675,674,-1,3,-7,3503,3503,0,2,0,1249,1250,1,0,-1,1235,1236,1,0,-16
1787463628.650,R',0,1,-,119.0,3134,3133,-1,2,1,3144,48,-24,3,-3,675,674,-1,3,-7,3503,3503,0,2,0,1249,1250,1,0,-1,1236,1236,0,0,-16
1787463628.788,R',0,1,-,119.0,3135,3133,-2,2,1,50,1090,16,0,-1,675,674,-1,3,-7,3503,3503,0,2,0,1249,1250,1,0,-1,1235,1236,1,0,-16
1787463628.926,R',0,1,-,119.0,3134,3133,-1,2,1,1090,2100,-14,1,-2,675,674,-1,3,-7,3503,3502,-1,2,-1,1249,1250,1,0,-1,1235,1236,1,0,-16
1787463629.062,R',0,1,-,119.0,3134,3133,-1,2,1,2101,3144,19,2,-1,675,674,-1,3,-7,3503,3503,0,2,0,1249,1249,0,0,-2,1236,1236,0,0,-16
1787463629.203,R',0,1,-,119.0,3134,3133,-1,2,1,3144,49,-23,3,-2,675,674,-1,3,-7,3503,3502,-1,2,-1,1249,1250,1,0,-1,1235,1236,1,0,-16
1787463629.339,R',0,1,-,119.0,3135,3133,-2,2,1,50,1090,16,0,-1,675,674,-1,3,-7,3503,3502,-1,2,-1,1249,1250,1,0,-1,1235,1236,1,0,-16
1787463629.475,R',0,1,-,119.0,3134,3133,-1,2,1,1090,2100,-14,1,-2,675,674,-1,3,-7,3503,3503,0,2,0,1249,1250,1,0,-1,1235,1236,1,0,-16
1787463629.614,R',0,1,-,119.0,3134,3133,-1,2,1,2101,3144,19,2,-1,675,674,-1,3,-7,3503,3503,0,2,0,1249,1250,1,0,-1,1235,1236,1,0,-16
1787463629.752,R',0,1,-,119.0,3134,3133,-1,2,1,3144,49,-23,3,-2,675,674,-1,3,-7,3503,3503,0,2,0,1249,1250,1,0,-1,1235,1236,1,0,-16
1787463629.888,R',0,1,-,119.0,3134,3132,-2,2,0,50,1090,16,0,-1,675,674,-1,3,-7,3503,3502,-1,2,-1,1249,1250,1,0,-1,1235,1236,1,0,-16
1787463630.027,R',0,1,-,119.0,3134,3132,-2,2,0,1091,2100,-15,1,-2,675,674,-1,3,-7,3503,3503,0,2,0,1249,1250,1,0,-1,1236,1236,0,0,-16
1787463630.163,R',0,1,-,119.0,3134,3133,-1,2,1,2101,3144,19,2,-1,675,674,-1,3,-7,3503,3503,0,2,0,1249,1250,1,0,-1,1235,1236,1,0,-16
1787463630.300,R',0,1,-,119.0,3134,3133,-1,2,1,3144,49,-23,3,-2,675,674,-1,3,-7,3503,3503,0,2,0,1249,1250,1,0,-1,1236,1236,0,0,-16
1787463630.438,R',0,1,-,119.0,3134,3133,-1,2,1,50,1090,16,0,-1,675,674,-1,3,-7,3503,3503,0,2,0,1249,1250,1,0,-1,1236,1236,0,0,-16
1787463630.575,R',0,1,-,119.0,3134,3133,-1,2,1,1091,2100,-15,1,-2,675,674,-1,3,-7,3503,3503,0,2,0,1249,1250,1,0,-1,1235,1236,1,0,-16
1787463630.713,R',0,1,-,119.0,3134,3133,-1,2,1,2101,3144,19,2,-1,675,674,-1,3,-7,3503,3503,0,2,0,1250,1250,0,0,-1,1235,1236,1,0,-16
1787463630.850,R',0,1,-,119.0,3134,3132,-2,2,0,3144,49,-23,3,-2,675,673,-2,3,-8,3503,3503,0,2,0,1249,1250,1,0,-1,1235,1236,1,0,-16
1787463630.988,R',0,1,-,119.0,3134,3133,-1,2,1,50,1090,16,0,-1,675,673,-2,3,-8,3503,3502,-1,2,-1,1249,1250,1,0,-1,1236,1236,0,0,-16
1787463631.125,R',0,1,-,119.0,3134,3133,-1,2,1,1091,2100,-15,1,-2,675,674,-1,3,-7,3503,3502,-1,2,-1,1249,1250,1,0,-1,1235,1236,1,0,-16
1787463631.262,R',0,1,-,119.0,3135,3133,-2,2,1,2101,3144,19,2,-1,675,674,-1,3,-7,3503,3502,-1,2,-1,1249,1250,1,0,-1,1235,1235,0,0,-17
1787463631.400,R',0,1,-,119.0,3134,3133,-1,2,1,3144,49,-23,3,-2,675,674,-1,3,-7,3503,3503,0,2,0,1250,1249,-1,0,-2,1235,1235,0,0,-17
1787463631.539,R',0,1,-,119.0,3134,3133,-1,2,1,50,1090,16,0,-1,675,674,-1,3,-7,3503,3503,0,2,0,1249,1250,1,0,-1,1236,1236,0,0,-16
1787463631.675,R',0,1,-,119.0,3134,3133,-1,2,1,1091,2100,-15,1,-2,675,674,-1,3,-7,3503,3503,0,2,0,1249,1250,1,0,-1,1236,1236,0,0,-16
1787463631.813,R',0,1,-,119.0,3134,3133,-1,2,1,2101,3144,19,2,-1,675,674,-1,3,-7,3503,3502,-1,2,-1,1249,1250,1,0,-1,1235,1236,1,0,-16
1787463631.950,R',0,1,-,119.0,3134,3133,-1,2,1,3144,49,-23,3,-2,675,674,-1,3,-7,3503,3503,0,2,0,1249,1250,1,0,-1,1236,1236,0,0,-16
1787463632.087,R',0,1,-,119.0,3134,3133,-1,2,1,50,1090,16,0,-1,675,674,-1,3,-7,3503,3503,0,2,0,1249,1250,1,0,-1,1235,1236,1,0,-16
1787463632.225,R',0,1,-,119.0,3134,3133,-1,2,1,1091,2100,-15,1,-2,675,674,-1,3,-7,3503,3503,0,2,0,1249,1250,1,0,-1,1235,1236,1,0,-16
1787463632.362,R',0,1,-,119.0,3134,3133,-1,2,1,2101,3144,19,2,-1,675,674,-1,3,-7,3503,3503,0,2,0,1249,1250,1,0,-1,1235,1235,0,0,-17
1787463632.500,R',0,1,-,119.0,3134,3133,-1,2,1,3144,49,-23,3,-2,675,674,-1,3,-7,3503,3503,0,2,0,1249,1250,1,0,-1,1235,1236,1,0,-16
1787463632.637,R',0,1,-,119.0,3134,3133,-1,2,1,50,1090,16,0,-1,675,674,-1,3,-7,3503,3503,0,2,0,1249,1250,1,0,-1,1236,1236,0,0,-16
1787463632.775,R',0,1,-,119.0,3135,3133,-2,2,1,1091,2100,-15,1,-2,675,674,-1,3,-7,3503,3502,-1,2,-1,1249,1250,1,0,-1,1235,1235,0,0,-17
1787463632.913,R',0,1,-,119.0,3134,3133,-1,2,1,2101,3144,19,2,-1,675,674,-1,3,-7,3503,3503,0,2,0,1249,1250,1,0,-1,1236,1236,0,0,-16
1787463633.050,R',0,1,-,119.0,3134,3133,-1,2,1,3144,49,-23,3,-2,675,674,-1,3,-7,3503,3503,0,2,0,1249,1250,1,0,-1,1235,1235,0,0,-17
1787463633.188,R',0,1,-,119.0,3134,3133,-1,2,1,50,1090,16,0,-1,675,674,-1,3,-7,3503,3503,0,2,0,1249,1250,1,0,-1,1236,1236,0,0,-16
1787463633.325,R',0,1,-,119.0,3134,3133,-1,2,1,1090,2100,-14,1,-2,675,674,-1,3,-7,3503,3503,0,2,0,1249,1250,1,0,-1,1235,1236,1,0,-16
1787463633.463,R',0,1,-,119.0,3134,3133,-1,2,1,2101,3144,19,2,-1,675,674,-1,3,-7,3503,3502,-1,2,-1,1249,1250,1,0,-1,1235,1236,1,0,-16
1787463633.600,R',0,1,-,119.0,3134,3133,-1,2,1,3144,49,-23,3,-2,675,674,-1,3,-7,3502,3502,0,2,-1,1249,1250,1,0,-1,1235,1236,1,0,-16
1787463633.737,R',0,1,-,119.0,3134,3133,-1,2,1,50,1090,16,0,-1,675,674,-1,3,-7,3503,3503,0,2,0,1249,1250,1,0,-1,1235,1235,0,0,-17
1787463633.875,R',0,1,-,119.0,3134,3132,-2,2,0,1091,2100,-15,1,-2,675,674,-1,3,-7,3503,3503,0,2,0,1249,1249,0,0,-2,1235,1236,1,0,-16
1787463634.012,R',0,1,-,119.0,3134,3132,-2,2,0,2101,3144,19,2,-1,675,674,-1,3,-7,3503,3503,0,2,0,1249,1250,1,0,-1,1236,1236,0,0,-16
1787463634.150,R',0,1,-,119.0,3134,3133,-1,2,1,3144,49,-23,3,-2,675,674,-1,3,-7,3503,3503,0,2,0,1249,1250,1,0,-1,1236,1236,0,0,-16
1787463634.287,R',0,1,-,119.0,3134,3133,-1,2,1,50,1090,16,0,-1,675,674,-1,3,-7,3503,3503,0,2,0,1249,1250,1,0,-1,1235,1236,1,0,-16
1787463634.426,R',0,1,-,119.0,3135,3133,-2,2,1,1090,2100,-14,1,-2,675,674,-1,3,-7,3503,3503,0,2,0,1250,1250,0,0,-1,1235,1235,0,0,-17
1787463634.562,R',0,1,-,119.0,3134,3133,-1,2,1,2101,3144,19,2,-1,675,674,-1,3,-7,3503,3502,-1,2,-1,1249,1250,1,0,-1,1236,1236,0,0,-16
1787463634.699,R',0,1,-,119.0,3134,3133,-1,2,1,3144,49,-23,3,-2,675,674,-1,3,-7,3503,3502,-1,2,-1,1249,1249,0,0,-2,1235,1235,0,0,-17
1787463634.837,R',0,1,-,119.0,3134,3133,-1,2,1,50,1090,16,0,-1,675,674,-1,3,-7,3503,3502,-1,2,-1,1249,1250,1,0,-1,1235,1236,1,0,-16
1787463634.975,R',0,1,-,119.0,3134,3133,-1,2,1,1090,2100,-14,1,-2,675,674,-1,3,-7,3503,3502,-1,2,-1,1249,1249,0,0,-2,1235,1236,1,0,-16
1787463635.113,R',0,1,-,119.0,3134,3133,-1,2,1,2101,3144,19,2,-1,675,674,-1,3,-7,3503,3503,0,2,0,1249,1250,1,0,-1,1235,1236,1,0,-16
1787463635.250,R',0,1,-,119.0,3134,3133,-1,2,1,3144,49,-23,3,-2,675,674,-1,3,-7,3503,3503,0,2,0,1249,1250,1,0,-1,1235,1236,1,0,-16
1787463635.387,R',0,1,-,119.0,3134,3133,-1,2,1,50,1090,16,0,-1,675,674,-1,3,-7,3503,3502,-1,2,-1,1249,1250,1,0,-1,1235,1236,1,0,-16
1787463635.524,R',0,1,-,119.0,3134,3133,-1,2,1,1091,2100,-15,1,-2,675,674,-1,3,-7,3503,3502,-1,2,-1,1249,1250,1,0,-1,1235,1235,0,0,-17
1787463635.662,R',0,1,-,119.0,3134,3132,-2,2,0,2101,3144,19,2,-1,675,674,-1,3,-7,3502,3503,1,2,0,1249,1250,1,0,-1,1235,1236,1,0,-16
1787463635.800,R',0,1,-,119.0,3134,3133,-1,2,1,3144,49,-23,3,-2,675,674,-1,3,-7,3503,3503,0,2,0,1250,1250,0,0,-1,1235,1236,1,0,-16
1787463635.938,R',0,1,-,119.0,3134,3133,-1,2,1,51,1090,15,0,-1,675,674,-1,3,-7,3503,3503,0,2,0,1249,1250,1,0,-1,1235,1236,1,0,-16
1787463636.074,R',0,1,-,119.0,3134,3133,-1,2,1,1090,2100,-14,1,-2,675,673,-2,3,-8,3503,3502,-1,2,-1,1249,1250,1,0,-1,1235,1236,1,0,-16
1787463636.212,R',0,1,-,119.0,3134,3133,-1,2,1,2101,3144,19,2,-1,675,674,-1,3,-7,3503,3502,-1,2,-1,1249,1250,1,0,-1,1235,1236,1,0,-16
1787463636.350,R',0,1,-,119.0,3134,3133,-1,2,1,3144,49,-23,3,-2,675,674,-1,3,-7,3503,3503,0,2,0,1249,1249,0,0,-2,1235,1236,1,0,-16
1787463636.487,R',0,1,-,119.0,3134,3133,-1,2,1,50,1090,16,0,-1,675,674,-1,3,-7,3503,3503,0,2,0,1249,1250,1,0,-1,1236,1236,0,0,-16
1787463636.624,R',0,1,-,119.0,3134,3133,-1,2,1,1091,2100,-15,1,-2,675,674,-1,3,-7,3503,3503,0,2,0,1249,1250,1,0,-1,1235,1236,1,0,-16
1787463636.762,R',0,1,-,119.0,3134,3133,-1,2,1,2101,3144,19,2,-1,675,674,-1,3,-7,3503,3503,0,2,0,1249,1250,1,0,-1,1235,1235,0,0,-17
1787463636.900,R',0,1,-,119.0,3134,3133,-1,2,1,3144,48,-24,3,-3,675,674,-1,3,-7,3503,3503,0,2,0,1249,1250,1,0,-1,1236,1236,0,0,-16
1787463637.037,R',0,1,-,119.0,3134,3133,-1,2,1,50,1090,16,0,-1,675,674,-1,3,-7,3503,3503,0,2,0,1249,1250,1,0,-1,1235,1236,1,0,-16
1787463637.175,R',0,1,-,119.0,3134,3133,-1,2,1,1091,2100,-15,1,-2,675,674,-1,3,-7,3503,3503,0,2,0,1249,1250,1,0,-1,1235,1236,1,0,-16
1787463637.314,R',0,1,-,119.0,3134,3133,-1,2,1,2101,3144,19,2,-1,675,674,-1,3,-7,3503,3503,0,2,0,1249,1250,1,0,-1,1235,1236,1,0,-16
1787463637.451,R',0,1,-,119.0,3135,3133,-2,2,1,3144,49,-23,3,-2,675,674,-1,3,-7,3503,3502,-1,2,-1,1249,1250,1,0,-1,1235,1236,1,0,-16
1787463637.587,R',0,1,-,119.0,3134,3133,-1,2,1,50,1090,16,0,-1,675,674,-1,3,-7,3503,3503,0,2,0,1249,1250,1,0,-1,1236,1236,0,0,-16
1787463637.724,R',0,1,-,119.0,3134,3132,-2,2,0,1090,2100,-14,1,-2,675,674,-1,3,-7,3503,3503,0,2,0,1249,1250,1,0,-1,1236,1236,0,0,-16
1787463637.861,R',0,1,-,119.0,3135,3132,-3,2,0,2101,3144,19,2,-1,675,674,-1,3,-7,3503,3503,0,2,0,1249,1250,1,0,-1,1235,1236,1,0,-16
1787463637.999,R',0,1,-,119.0,3134,3133,-1,2,1,3144,49,-23,3,-2,675,674,-1,3,-7,3503,3503,0,2,0,1249,1250,1,0,-1,1236,1236,0,0,-16
1787463638.139,R',0,1,-,119.0,3134,3133,-1,2,1,50,1090,16,0,-1,675,674,-1,3,-7,3503,3503,0,2,0,1249,1250,1,0,-1,1235,1236,1,0,-16
1787463638.275,R',0,1,-,119.0,3134,3133,-1,2,1,1091,2100,-15,1,-2,675,674,-1,3,-7,3503,3503,0,2,0,1249,1250,1,0,-1,1236,1236,0,0,-16
1787463638.413,R',0,1,-,119.0,3134,3132,-2,2,0,2101,3144,19,2,-1,675,674,-1,3,-7,3503,3503,0,2,0,1249,1250,1,0,-1,1235,1236,1,0,-16
1787463638.551,R',0,1,-,119.0,3134,3133,-1,2,1,3144,49,-23,3,-2,675,674,-1,3,-7,3503,3503,0,2,0,1250,1250,0,0,-1,1236,1236,0,0,-16
1787463638.687,R',0,1,-,119.0,3134,3133,-1,2,1,50,1090,16,0,-1,675,674,-1,3,-7,3502,3503,1,2,0,1249,1250,1,0,-1,1235,1236,1,0,-16
1787463638.824,R',0,1,-,119.0,3134,3133,-1,2,1,1090,2100,-14,1,-2,675,674,-1,3,-7,3503,3503,0,2,0,1249,1250,1,0,-1,1235,1236,1,0,-16
1787463638.962,R',0,1,-,119.0,3134,3133,-1,2,1,2101,3144,19,2,-1,675,674,-1,3,-7,3503,3503,0,2,0,1249,1249,0,0,-2,1236,1236,0,0,-16
1787463639.100,R',0,1,-,119.0,3134,3133,-1,2,1,3144,49,-23,3,-2,675,674,-1,3,-7,3502,3502,0,2,-1,1249,1250,1,0,-1,1236,1236,0,0,-16
1787463639.237,R',0,1,-,119.0,3134,3132,-2,2,0,50,1090,16,0,-1,675,674,-1,3,-7,3503,3503,0,2,0,1249,1249,0,0,-2,1235,1236,1,0,-16
1787463639.375,R',0,1,-,119.0,3134,3133,-1,2,1,1091,2100,-15,1,-2,675,674,-1,3,-7,3503,3503,0,2,0,1249,1250,1,0,-1,1235,1236,1,0,-16
1787463639.512,R',0,1,-,119.0,3134,3133,-1,2,1,2101,3144,19,2,-1,675,674,-1,3,-7,3503,3503,0,2,0,1249,1250,1,0,-1,1235,1236,1,0,-16
1787463639.650,R',0,1,-,119.0,3134,3133,-1,2,1,3144,49,-23,3,-2,675,674,-1,3,-7,3503,3503,0,2,0,1249,1250,1,0,-1,1235,1236,1,0,-16
1787463639.789,R',0,1,-,119.0,3134,3133,-1,2,1,50,1090,16,0,-1,675,674,-1,3,-7,3503,3503,0,2,0,1249,1250,1,0,-1,1235,1236,1,0,-16
1787463639.924,R',0,1,-,119.0,3134,3132,-2,2,0,1090,2100,-14,1,-2,675,674,-1,3,-7,3503,3503,0,2,0,1249,1250,1,0,-1,1236,1235,-1,0,-17
1787463640.062,R',0,1,-,119.0,3134,3133,-1,2,1,2101,3144,19,2,-1,675,674,-1,3,-7,3503,3503,0,2,0,1249,1250,1,0,-1,1235,1236,1,0,-16
1787463640.199,R',0,1,-,119.0,3134,3133,-1,2,1,3144,49,-23,3,-2,675,674,-1,3,-7,3503,3503,0,2,0,1250,1250,0,0,-1,1235,1236,1,0,-16
1787463640.337,R',0,1,-,119.0,3134,3133,-1,2,1,50,1090,16,0,-1,675,674,-1,3,-7,3503,3503,0,2,0,1249,1249,0,0,-2,1235,1236,1,0,-16
1787463640.617,R2,0,1,-,219.0,3134,3133,-1,2,1,1091,3144,5,2,-1,675,674,-1,3,-7,3502,3502,0,2,-1,1249,1250,1,0,-1,1235,1236,1,0,-16
1787463640.855,R2,0,1,-,219.0,3134,3133,-1,2,1,3145,1090,-7,0,-1,675,674,-1,3,-7,3503,3503,0,2,0,1249,1249,0,0,-2,1236,1235,-1,0,-17
1787463641.092,R2,0,1,-,219.0,3134,3133,-1,2,1,1091,3144,5,2,-1,675,674,-1,3,-7,3503,3503,0,2,0,1249,1250,1,0,-1,1235,1236,1,0,-16
1787463641.329,R2,0,1,-,219.0,3134,3132,-2,2,0,3145,1090,-7,0,-1,675,674,-1,3,-7,3502,3503,1,2,0,1249,1250,1,0,-1,1235,1236,1,0,-16
1787463641.567,R2,0,1,-,219.0,3134,3133,-1,2,1,1092,3144,4,2,-1,675,674,-1,3,-7,3503,3503,0,2,0,1249,1250,1,0,-1,1236,1236,0,0,-16
1787463641.804,R2,0,1,-,219.0,3134,3133,-1,2,1,3145,1090,-7,0,-1,675,674,-1,3,-7,3503,3502,-1,2,-1,1249,1250,1,0,-1,1236,1236,0,0,-16
1787463642.042,R2,0,1,-,219.0,3134,3133,-1,2,1,1091,3143,4,2,-2,675,674,-1,3,-7,3503,3502,-1,2,-1,1249,1250,1,0,-1,1236,1236,0,0,-16
1787463642.279,R2,0,1,-,219.0,3135,3133,-2,2,1,3145,1090,-7,0,-1,675,674,-1,3,-7,3503,3503,0,2,0,1249,1250,1,0,-1,1235,1236,1,0,-16
1787463642.517,R2,0,1,-,219.0,3134,3133,-1,2,1,1092,3144,4,2,-1,675,674,-1,3,-7,3503,3503,0,2,0,1249,1250,1,0,-1,1235,1236,1,0,-16
1787463642.754,R2,0,1,-,219.0,3134,3132,-2,2,0,3145,1090,-7,0,-1,675,674,-1,3,-7,3503,3503,0,2,0,1249,1250,1,0,-1,1235,1236,1,0,-16
1787463642.992,R2,0,1,-,219.0,3134,3133,-1,2,1,1091,3144,5,2,-1,675,674,-1,3,-7,3503,3502,-1,2,-1,1249,1250,1,0,-1,1235,1236,1,0,-16
1787463643.229,R2,0,1,-,219.0,3134,3133,-1,2,1,3145,1090,-7,0,-1,675,674,-1,3,-7,3502,3503,1,2,0,1249,1249,0,0,-2,1235,1235,0,0,-17
1787463643.468,R2,0,1,-,219.0,3134,3133,-1,2,1,1091,3144,5,2,-1,675,674,-1,3,-7,3503,3503,0,2,0,1249,1250,1,0,-1,1236,1236,0,0,-16
1787463643.704,R2,0,1,-,219.0,3134,3133,-1,2,1,3145,1090,-7,0,-1,675,674,-1,3,-7,3502,3503,1,2,0,1249,1250,1,0,-1,1236,1235,-1,0,-17
1787463643.942,R2,0,1,-,219.0,3134,3133,-1,2,1,1091,3143,4,2,-2,675,674,-1,3,-7,3503,3502,-1,2,-1,1249,1250,1,0,-1,1236,1235,-1,0,-17
1787463644.178,R2,0,1,-,219.0,3134,3132,-2,2,0,3145,1090,-7,0,-1,675,674,-1,3,-7,3503,3503,0,2,0,1249,1250,1,0,-1,1236,1236,0,0,-16
1787463644.418,R2,0,1,-,219.0,3134,3133,-1,2,1,1092,3144,4,2,-1,675,674,-1,3,-7,3503,3503,0,2,0,1249,1249,0,0,-2,1236,1236,0,0,-16
1787463644.654,R2,0,1,-,219.0,3134,3133,-1,2,1,3145,1090,-7,0,-1,675,674,-1,3,-7,3503,3503,0,2,0,1249,1250,1,0,-1,1235,1236,1,0,-16
1787463644.892,R2,0,1,-,219.0,3134,3132,-2,2,0,1092,3144,4,2,-1,675,674,-1,3,-7,3503,3502,-1,2,-1,1249,1250,1,0,-1,1236,1235,-1,0,-17
1787463645.129,R2,0,1,-,219.0,3134,3133,-1,2,1,3145,1090,-7,0,-1,675,674,-1,3,-7,3503,3503,0,2,0,1250,1250,0,0,-1,1235,1236,1,0,-16
1787463645.367,R2,0,1,-,219.0,3134,3133,-1,2,1,1092,3144,4,2,-1,675,674,-1,3,-7,3503,3503,0,2,0,1249,1250,1,0,-1,1236,1236,0,0,-16
1787463645.604,R2,0,1,-,219.0,3134,3133,-1,2,1,3145,1090,-7,0,-1,675,674,-1,3,-7,3503,3503,0,2,0,1249,1250,1,0,-1,1236,1235,-1,0,-17
1787463645.842,R2,0,1,-,219.0,3134,3133,-1,2,1,1091,3144,5,2,-1,675,674,-1,3,-7,3503,3503,0,2,0,1249,1250,1,0,-1,1236,1235,-1,0,-17
1787463646.079,R2,0,1,-,219.0,3134,3133,-1,2,1,3145,1090,-7,0,-1,675,674,-1,3,-7,3503,3503,0,2,0,1249,1250,1,0,-1,1236,1235,-1,0,-17
1787463646.317,R2,0,1,-,219.0,3134,3133,-1,2,1,1092,3144,4,2,-1,675,674,-1,3,-7,3503,3503,0,2,0,1250,1249,-1,0,-2,1236,1236,0,0,-16
1787463646.554,R2,0,1,-,219.0,3134,3133,-1,2,1,3145,1090,-7,0,-1,675,674,-1,3,-7,3503,3502,-1,2,-1,1249,1250,1,0,-1,1235,1236,1,0,-16
1787463646.793,R2,0,1,-,219.0,3134,3133,-1,2,1,1091,3144,5,2,-1,675,674,-1,3,-7,3503,3503,0,2,0,1249,1250,1,0,-1,1236,1236,0,0,-16
1787463647.029,R2,0,1,-,219.0,3134,3133,-1,2,1,3145,1090,-7,0,-1,675,674,-1,3,-7,3503,3503,0,2,0,1249,1249,0,0,-2,1235,1235,0,0,-17
1787463647.268,R2,0,1,-,219.0,3134,3133,-1,2,1,1092,3144,4,2,-1,675,674,-1,3,-7,3503,3503,0,2,0,1250,1250,0,0,-1,1235,1236,1,0,-16
1787463647.504,R2,0,1,-,219.0,3134,3133,-1,2,1,3145,1090,-7,0,-1,675,674,-1,3,-7,3503,3502,-1,2,-1,1249,1250,1,0,-1,1236,1236,0,0,-16
1787463647.741,R2,0,1,-,219.0,3134,3133,-1,2,1,1092,3144,4,2,-1,675,674,-1,3,-7,3503,3503,0,2,0,1249,1250,1,0,-1,1236,1235,-1,0,-17
1787463647.981,R2,0,1,-,219.0,3134,3133,-1,2,1,3145,1090,-7,0,-1,675,674,-1,3,-7,3503,3503,0,2,0,1250,1250,0,0,-1,1235,1236,1,0,-16
1787463648.217,R2,0,1,-,219.0,3134,3133,-1,2,1,1091,3144,5,2,-1,675,674,-1,3,-7,3503,3503,0,2,0,1249,1250,1,0,-1,1235,1235,0,0,-17
1787463648.453,R2,0,1,-,219.0,3134,3133,-1,2,1,3145,1090,-7,0,-1,675,674,-1,3,-7,3503,3502,-1,2,-1,1249,1250,1,0,-1,1236,1236,0,0,-16
1787463648.691,R2,0,1,-,219.0,3134,3132,-2,2,0,1092,3144,4,2,-1,675,674,-1,3,-7,3503,3503,0,2,0,1249,1249,0,0,-2,1236,1236,0,0,-16
1787463648.929,R2,0,1,-,219.0,3134,3133,-1,2,1,3145,1090,-7,0,-1,675,674,-1,3,-7,3503,3503,0,2,0,1250,1250,0,0,-1,1236,1235,-1,0,-17
1787463649.167,R2,0,1,-,219.0,3134,3133,-1,2,1,1091,3143,4,2,-2,675,673,-2,3,-8,3503,3502,-1,2,-1,1250,1250,0,0,-1,1235,1236,1,0,-16
1787463649.404,R2,0,1,-,219.0,3134,3132,-2,2,0,3145,1090,-7,0,-1,675,674,-1,3,-7,3503,3503,0,2,0,1249,1250,1,0,-1,1236,1236,0,0,-16
1787463649.641,R2,0,1,-,219.0,3134,3133,-1,2,1,1091,3144,5,2,-1,675,674,-1,3,-7,3503,3503,0,2,0,1249,1250,1,0,-1,1236,1236,0,0,-16
1787463649.879,R2,0,1,-,219.0,3134,3133,-1,2,1,3145,1090,-7,0,-1,675,674,-1,3,-7,3503,3503,0,2,0,1249,1250,1,0,-1,1235,1236,1,0,-16
1787463650.117,R2,0,1,-,219.0,3134,3133,-1,2,1,1091,3144,5,2,-1,675,674,-1,3,-7,3503,3503,0,2,0,1249,1250,1,0,-1,1235,1236,1,0,-16
1787463650.354,R2,0,1,-,219.0,3134,3133,-1,2,1,3145,1090,-7,0,-1,675,674,-1,3,-7,3503,3502,-1,2,-1,1249,1250,1,0,-1,1236,1236,0,0,-16
1787463650.592,R2,0,1,-,219.0,3134,3133,-1,2,1,1091,3144,5,2,-1,675,674,-1,3,-7,3503,3503,0,2,0,1249,1250,1,0,-1,1236,1236,0,0,-16
1787463650.830,R2,0,1,-,219.0,3134,3133,-1,2,1,3145,1090,-7,0,-1,675,674,-1,3,-7,3502,3503,1,2,0,1249,1250,1,0,-1,1235,1236,1,0,-16
1787463651.066,R2,0,1,-,219.0,3134,3133,-1,2,1,1092,3144,4,2,-1,675,674,-1,3,-7,3503,3503,0,2,0,1249,1250,1,0,-1,1236,1236,0,0,-16
1787463651.303,R2,0,1,-,219.0,3134,3133,-1,2,1,3145,1090,-7,0,-1,675,674,-1,3,-7,3502,3502,0,2,-1,1249,1249,0,0,-2,1235,1236,1,0,-16
1787463651.542,R2,0,1,-,219.0,3135,3132,-3,2,0,1092,3144,4,2,-1,675,674,-1,3,-7,3503,3503,0,2,0,1249,1250,1,0,-1,1235,1236,1,0,-16
1787463651.779,R2,0,1,-,219.0,3134,3133,-1,2,1,3145,1090,-7,0,-1,675,674,-1,3,-7,3503,3503,0,2,0,1249,1249,0,0,-2,1235,1236,1,0,-16
1787463652.018,R2,0,1,-,219.0,3135,3133,-2,2,1,1091,3144,5,2,-1,675,674,-1,3,-7,3503,3503,0,2,0,1249,1250,1,0,-1,1235,1236,1,0,-16
1787463652.254,R2,0,1,-,219.0,3134,3133,-1,2,1,3145,1090,-7,0,-1,675,674,-1,3,-7,3503,3502,-1,2,-1,1249,1250,1,0,-1,1236,1236,0,0,-16
1787463652.492,R2,0,1,-,219.0,3134,3133,-1,2,1,1091,3144,5,2,-1,675,674,-1,3,-7,3503,3502,-1,2,-1,1249,1249,0,0,-2,1236,1236,0,0,-16
1787463652.729,R2,0,1,-,219.0,3134,3133,-1,2,1,3145,1090,-7,0,-1,675,674,-1,3,-7,3503,3503,0,2,0,1249,1250,1,0,-1,1236,1235,-1,0,-17
1787463652.967,R2,0,1,-,219.0,3134,3133,-1,2,1,1091,3144,5,2,-1,675,674,-1,3,-7,3503,3503,0,2,0,1249,1249,0,0,-2,1236,1236,0,0,-16
1787463653.205,R2,0,1,-,219.0,3134,3133,-1,2,1,3145,1090,-7,0,-1,675,674,-1,3,-7,3503,3503,0,2,0,1249,1249,0,0,-2,1236,1235,-1,0,-17
1787463653.441,R2,0,1,-,219.0,3134,3133,-1,2,1,1092,3144,4,2,-1,675,674,-1,3,-7,3503,3502,-1,2,-1,1249,1250,1,0,-1,1236,1235,-1,0,-17
1787463653.679,R2,0,1,-,219.0,3134,3133,-1,2,1,3145,1090,-7,0,-1,675,674,-1,3,-7,3503,3502,-1,2,-1,1249,1250,1,0,-1,1235,1235,0,0,-17
1787463653.917,R2,0,1,-,219.0,3134,3133,-1,2,1,1092,3144,4,2,-1,675,674,-1,3,-7,3503,3503,0,2,0,1249,1249,0,0,-2,1236,1235,-1,0,-17
1787463654.153,R2,0,1,-,219.0,3134,3133,-1,2,1,3145,1090,-7,0,-1,675,674,-1,3,-7,3503,3503,0,2,0,1249,1250,1,0,-1,1235,1236,1,0,-16
1787463654.391,R2,0,1,-,219.0,3134,3133,-1,2,1,1091,3143,4,2,-2,675,674,-1,3,-7,3503,3502,-1,2,-1,1249,1250,1,0,-1,1236,1235,-1,0,-17
1787463654.629,R2,0,1,-,219.0,3135,3133,-2,2,1,3145,1090,-7,0,-1,675,674,-1,3,-7,3503,3503,0,2,0,1249,1250,1,0,-1,1236,1236,0,0,-16
1787463654.869,R2,0,1,-,219.0,3134,3132,-2,2,0,1092,3144,4,2,-1,675,674,-1,3,-7,3503,3502,-1,2,-1,1249,1250,1,0,-1,1235,1236,1,0,-16
1787463655.104,R2,0,1,-,219.0,3134,3133,-1,2,1,3145,1090,-7,0,-1,675,674,-1,3,-7,3503,3502,-1,2,-1,1249,1250,1,0,-1,1236,1235,-1,0,-17
1787463655.341,R2,0,1,-,219.0,3134,3133,-1,2,1,1091,3144,5,2,-1,675,674,-1,3,-7,3503,3502,-1,2,-1,1249,1250,1,0,-1,1236,1236,0,0,-16
1787463655.579,R2,0,1,-,219.0,3134,3133,-1,2,1,3145,1090,-7,0,-1,675,674,-1,3,-7,3503,3503,0,2,0,1249,1250,1,0,-1,1236,1236,0,0,-16
1787463655.817,R2,0,1,-,219.0,3134,3133,-1,2,1,1092,3144,4,2,-1,675,674,-1,3,-7,3503,3503,0,2,0,1249,1250,1,0,-1,1235,1235,0,0,-17
1787463656.053,R2,0,1,-,219.0,3134,3133,-1,2,1,3145,1090,-7,0,-1,675,674,-1,3,-7,3503,3503,0,2,0,1249,1250,1,0,-1,1236,1235,-1,0,-17
1787463656.293,R2,0,1,-,219.0,3134,3133,-1,2,1,1091,3144,5,2,-1,675,674,-1,3,-7,3503,3503,0,2,0,1249,1250,1,0,-1,1235,1236,1,0,-16
1787463656.531,R2,0,1,-,219.0,3135,3133,-2,2,1,3145,1090,-7,0,-1,675,674,-1,3,-7,3503,3503,0,2,0,1250,1250,0,0,-1,1235,1236,1,0,-16
1787463656.766,R2,0,1,-,219.0,3134,3133,-1,2,1,1092,3144,4,2,-1,675,673,-2,3,-8,3503,3502,-1,2,-1,1249,1250,1,0,-1,1236,1236,0,0,-16
1787463657.003,R2,0,1,-,219.0,3134,3133,-1,2,1,3145,1089,-8,0,-2,675,674,-1,3,-7,3503,3503,0,2,0,1249,1250,1,0,-1,1236,1236,0,0,-16
1787463657.242,R2,0,1,-,219.0,3134,3133,-1,2,1,1092,3144,4,2,-1,675,674,-1,3,-7,3503,3502,-1,2,-1,1249,1250,1,0,-1,1236,1235,-1,0,-17
1787463657.479,R2,0,1,-,219.0,3134,3133,-1,2,1,3145,1090,-7,0,-1,675,674,-1,3,-7,3503,3502,-1,2,-1,1250,1250,0,0,-1,1235,1235,0,0,-17
1787463657.716,R2,0,1,-,219.0,3134,3133,-1,2,1,1092,3144,4,2,-1,675,674,-1,3,-7,3503,3503,0,2,0,1249,1250,1,0,-1,1235,1235,0,0,-17
1787463657.953,R2,0,1,-,219.0,3134,3132,-2,2,0,3145,1090,-7,0,-1,675,674,-1,3,-7,3503,3503,0,2,0,1249,1250,1,0,-1,1235,1236,1,0,-16
1787463658.191,R2,0,1,-,219.0,3134,3133,-1,2,1,1092,3143,3,2,-2,675,674,-1,3,-7,3502,3502,0,2,-1,1249,1250,1,0,-1,1235,1236,1,0,-16
1787463658.429,R2,0,1,-,219.0,3134,3133,-1,2,1,3145,1090,-7,0,-1,675,674,-1,3,-7,3503,3503,0,2,0,1249,1250,1,0,-1,1235,1236,1,0,-16
1787463658.666,R2,0,1,-,219.0,3134,3133,-1,2,1,1092,3144,4,2,-1,675,674,-1,3,-7,3503,3503,0,2,0,1250,1250,0,0,-1,1235,1235,0,0,-17
1787463658.903,R2,0,1,-,219.0,3134,3133,-1,2,1,3145,1090,-7,0,-1,675,674,-1,3,-7,3502,3503,1,2,0,1249,1250,1,0,-1,1235,1236,1,0,-16
1787463659.141,R2,0,1,-,219.0,3134,3133,-1,2,1,1092,3144,4,2,-1,675,674,-1,3,-7,3503,3503,0,2,0,1249,1250,1,0,-1,1236,1236,0,0,-16
1787463659.379,R2,0,1,-,219.0,3134,3133,-1,2,1,3145,1090,-7,0,-1,675,674,-1,3,-7,3503,3503,0,2,0,1249,1250,1,0,-1,1235,1236,1,0,-16
1787463659.617,R2,0,1,-,219.0,3134,3133,-1,2,1,1092,3144,4,2,-1,675,674,-1,3,-7,3503,3502,-1,2,-1,1250,1249,-1,0,-2,1235,1235,0,0,-17
1787463659.854,R2,0,1,-,219.0,3134,3133,-1,2,1,3145,1090,-7,0,-1,675,674,-1,3,-7,3503,3503,0,2,0,1249,1250,1,0,-1,1235,1236,1,0,-16
1787463660.091,R2,0,1,-,219.0,3134,3133,-1,2,1,1091,3143,4,2,-2,675,674,-1,3,-7,3503,3503,0,2,0,1249,1250,1,0,-1,1235,1236,1,0,-16
1787463660.329,R2,0,1,-,219.0,3134,3132,-2,2,0,3145,1090,-7,0,-1,675,674,-1,3,-7,3503,3502,-1,2,-1,1249,1250,1,0,-1,1236,1235,-1,0,-17
1787463660.566,R2,0,1,-,219.0,3134,3133,-1,2,1,1092,3143,3,2,-2,675,674,-1,3,-7,3503,3502,-1,2,-1,1249,1250,1,0,-1,1235,1236,1,0,-16
1787463660.803,R2,0,1,-,219.0,3134,3133,-1,2,1,3145,1090,-7,0,-1,675,673,-2,3,-8,3503,3503,0,2,0,1249,1250,1,0,-1,1236,1235,-1,0,-17
1787463661.040,R2,0,1,-,219.0,3134,3133,-1,2,1,1091,3144,5,2,-1,675,674,-1,3,-7,3503,3502,-1,2,-1,1250,1250,0,0,-1,1235,1235,0,0,-17
1787463661.278,R2,0,1,-,219.0,3134,3133,-1,2,1,3145,1090,-7,0,-1,675,674,-1,3,-7,3503,3502,-1,2,-1,1249,1250,1,0,-1,1235,1236,1,0,-16
1787463661.516,R2,0,1,-,219.0,3134,3133,-1,2,1,1091,3143,4,2,-2,675,674,-1,3,-7,3503,3502,-1,2,-1,1249,1249,0,0,-2,1235,1236,1,0,-16
1787463661.753,R2,0,1,-,219.0,3134,3133,-1,2,1,3145,1090,-7,0,-1,675,674,-1,3,-7,3503,3502,-1,2,-1,1249,1250,1,0,-1,1235,1236,1,0,-16
1787463661.990,R2,0,1,-,219.0,3134,3133,-1,2,1,1092,3144,4,2,-1,675,674,-1,3,-7,3503,3503,0,2,0,1249,1250,1,0,-1,1236,1236,0,0,-16
1787463662.228,R2,0,1,-,219.0,3134,3132,-2,2,0,3145,1090,-7,0,-1,675,674,-1,3,-7,3503,3503,0,2,0,1250,1250,0,0,-1,1236,1236,0,0,-16
1787463662.466,R2,0,1,-,219.0,3134,3133,-1,2,1,1092,3144,4,2,-1,675,674,-1,3,-7,3503,3503,0,2,0,1249,1250,1,0,-1,1236,1235,-1,0,-17
1787463662.703,R2,0,1,-,219.0,3134,3133,-1,2,1,3145,1090,-7,0,-1,675,674,-1,3,-7,3503,3503,0,2,0,1249,1249,0,0,-2,1235,1235,0,0,-17
1787463662.941,R2,0,1,-,219.0,3134,3133,-1,2,1,1092,3143,3,2,-2,675,674,-1,3,-7,3503,3503,0,2,0,1249,1250,1,0,-1,1236,1235,-1,0,-17
1787463663.178,R2,0,1,-,219.0,3134,3133,-1,2,1,3145,1090,-7,0,-1,675,674,-1,3,-7,3503,3503,0,2,0,1249,1250,1,0,-1,1236,1236,0,0,-16
1787463663.416,R2,0,1,-,219.0,3134,3133,-1,2,1,1092,3143,3,2,-2,675,674,-1,3,-7,3503,3503,0,2,0,1250,1250,0,0,-1,1236,1236,0,0,-16
1787463663.653,R2,0,1,-,219.0,3134,3132,-2,2,0,3145,1090,-7,0,-1,675,674,-1,3,-7,3503,3503,0,2,0,1249,1250,1,0,-1,1235,1236,1,0,-16
1787463663.891,R2,0,1,-,219.0,3134,3133,-1,2,1,1092,3144,4,2,-1,675,674,-1,3,-7,3503,3503,0,2,0,1249,1250,1,0,-1,1235,1236,1,0,-16
1787463664.128,R2,0,1,-,219.0,3134,3133,-1,2,1,3145,1090,-7,0,-1,675,674,-1,3,-7,3503,3503,0,2,0,1249,1250,1,0,-1,1235,1235,0,0,-17
1787463664.269,R,0,1,-,119.0,3134,3132,-2,2,0,1091,48,-19,3,-3,675,674,-1,3,-7,3502,3503,1,2,0,1249,1250,1,0,-1,1235,1236,1,0,-16
1787463664.406,R',0,1,-,119.0,3134,3133,-1,2,1,51,1090,15,0,-1,675,674,-1,3,-7,3503,3503,0,2,0,1249,1250,1,0,-1,1236,1236,0,0,-16
1787463664.545,R',0,1,-,119.0,3134,3133,-1,2,1,1091,2100,-15,1,-2,675,674,-1,3,-7,3503,3503,0,2,0,1250,1250,0,0,-1,1235,1236,1,0,-16
1787463664.680,R,0,1,-,119.0,3134,3133,-1,2,1,2101,1090,13,0,-1,675,674,-1,3,-7,3503,3503,0,2,0,1249,1250,1,0,-1,1235,1236,1,0,-16
1787463664.818,R,0,1,-,119.0,3135,3132,-3,2,0,1092,48,-20,3,-3,675,674,-1,3,-7,3503,3503,0,2,0,1249,1250,1,0,-1,1236,1236,0,0,-16
1787463664.956,R',0,1,-,119.0,3134,3133,-1,2,1,51,1090,15,0,-1,675,674,-1,3,-7,3503,3503,0,2,0,1249,1250,1,0,-1,1235,1235,0,0,-17
1787463665.092,R',0,1,-,119.0,3134,3133,-1,2,1,1091,2100,-15,1,-2,675,674,-1,3,-7,3503,3502,-1,2,-1,1249,1250,1,0,-1,1235,1236,1,0,-16
1787463665.231,R,0,1,-,119.0,3134,3132,-2,2,0,2101,1090,13,0,-1,675,674,-1,3,-7,3503,3503,0,2,0,1249,1250,1,0,-1,1235,1236,1,0,-16
1787463665.368,R,0,1,-,119.0,3134,3133,-1,2,1,1092,48,-20,3,-3,675,674,-1,3,-7,3503,3503,0,2,0,1249,1250,1,0,-1,1235,1236,1,0,-16
1787463665.506,R',0,1,-,119.0,3134,3132,-2,2,0,51,1090,15,0,-1,675,674,-1,3,-7,3503,3503,0,2,0,1249,1250,1,0,-1,1235,1236,1,0,-16
1787463665.644,R',0,1,-,119.0,3134,3132,-2,2,0,1091,2100,-15,1,-2,675,674,-1,3,-7,3503,3503,0,2,0,1249,1250,1,0,-1,1235,1236,1,0,-16
1787463665.782,R,0,1,-,119.0,3134,3133,-1,2,1,2101,1090,13,0,-1,675,674,-1,3,-7,3503,3503,0,2,0,1249,1250,1,0,-1,1235,1236,1,0,-16
1787463665.918,R,0,1,-,119.0,3134,3133,-1,2,1,1092,48,-20,3,-3,675,674,-1,3,-7,3503,3502,-1,2,-1,1249,1249,0,0,-2,1235,1236,1,0,-16
1787463666.056,R',0,1,-,119.0,3134,3133,-1,2,1,51,1090,15,0,-1,675,674,-1,3,-7,3503,3502,-1,2,-1,1250,1250,0,0,-1,1236,1236,0,0,-16
1787463666.193,R',0,1,-,119.0,3134,3133,-1,2,1,1091,2100,-15,1,-2,675,674,-1,3,-7,3503,3503,0,2,0,1249,1250,1,0,-1,1235,1235,0,0,-17
1787463666.330,R,0,1,-,119.0,3134,3133,-1,2,1,2101,1090,13,0,-1,675,674,-1,3,-7,3503,3503,0,2,0,1250,1250,0,0,-1,1235,1236,1,0,-16
1787463666.468,R,0,1,-,119.0,3134,3133,-1,2,1,1092,48,-20,3,-3,675,674,-1,3,-7,3503,3503,0,2,0,1249,1250,1,0,-1,1235,1236,1,0,-16
1787463666.605,R',0,1,-,119.0,3134,3133,-1,2,1,51,1090,15,0,-1,675,674,-1,3,-7,3503,3503,0,2,0,1250,1250,0,0,-1,1235,1236,1,0,-16
1787463666.743,R',0,1,-,119.0,3134,3133,-1,2,1,1090,2100,-14,1,-2,675,674,-1,3,-7,3503,3502,-1,2,-1,1250,1250,0,0,-1,1235,1235,0,0,-17
1787463666.881,R,0,1,-,119.0,3134,3133,-1,2,1,2101,1090,13,0,-1,675,674,-1,3,-7,3503,3503,0,2,0,1249,1250,1,0,-1,1236,1236,0,0,-16
1787463667.018,R,0,1,-,119.0,3134,3133,-1,2,1,1092,48,-20,3,-3,675,674,-1,3,-7,3503,3503,0,2,0,1249,1250,1,0,-1,1235,1236,1,0,-16
1787463667.155,R',0,1,-,119.0,3134,3133,-1,2,1,51,1090,15,0,-1,675,674,-1,3,-7,3503,3503,0,2,0,1250,1250,0,0,-1,1236,1236,0,0,-16
1787463667.293,R',0,1,-,119.0,3134,3133,-1,2,1,1091,2100,-15,1,-2,675,674,-1,3,-7,3503,3502,-1,2,-1,1249,1250,1,0,-1,1236,1235,-1,0,-17
1787463667.431,R,0,1,-,119.0,3134,3133,-1,2,1,2101,1090,13,0,-1,675,674,-1,3,-7,3503,3503,0,2,0,1249,1250,1,0,-1,1236,1236,0,0,-16
1787463667.567,R,0,1,-,119.0,3134,3133,-1,2,1,1092,48,-20,3,-3,675,674,-1,3,-7,3503,3503,0,2,0,1249,1250,1,0,-1,1235,1235,0,0,-17
1787463667.706,R',0,1,-,119.0,3134,3132,-2,2,0,52,1090,14,0,-1,675,674,-1,3,-7,3503,3503,0,2,0,1249,1250,1,0,-1,1236,1236,0,0,-16
1787463667.843,R',0,1,-,119.0,3134,3133,-1,2,1,1091,2100,-15,1,-2,675,674,-1,3,-7,3503,3502,-1,2,-1,1249,1250,1,0,-1,1235,1235,0,0,-17
1787463667.980,R,0,1,-,119.0,3134,3133,-1,2,1,2101,1090,13,0,-1,675,674,-1,3,-7,3503,3502,-1,2,-1,1249,1250,1,0,-1,1235,1236,1,0,-16
1787463668.118,R,0,1,-,119.0,3134,3133,-1,2,1,1092,48,-20,3,-3,675,674,-1,3,-7,3502,3503,1,2,0,1249,1250,1,0,-1,1235,1236,1,0,-16
1787463668.255,R',0,1,-,119.0,3134,3133,-1,2,1,51,1090,15,0,-1,675,674,-1,3,-7,3503,3503,0,2,0,1250,1250,0,0,-1,1235,1236,1,0,-16
1787463668.392,R',0,1,-,119.0,3134,3133,-1,2,1,1091,2100,-15,1,-2,675,674,-1,3,-7,3503,3503,0,2,0,1249,1250,1,0,-1,1236,1236,0,0,-16
1787463668.531,R,0,1,-,119.0,3134,3133,-1,2,1,2101,1090,13,0,-1,675,674,-1,3,-7,3503,3503,0,2,0,1249,1250,1,0,-1,1236,1235,-1,0,-17
1787463668.668,R,0,1,-,119.0,3135,3133,-2,2,1,1092,48,-20,3,-3,675,674,-1,3,-7,3503,3503,0,2,0,1249,1250,1,0,-1,1235,1236,1,0,-16
1787463668.805,R',0,1,-,119.0,3134,3133,-1,2,1,51,1090,15,0,-1,675,674,-1,3,-7,3503,3502,-1,2,-1,1249,1250,1,0,-1,1235,1236,1,0,-16
1787463668.942,R',0,1,-,119.0,3134,3133,-1,2,1,1091,2100,-15,1,-2,675,674,-1,3,-7,3503,3503,0,2,0,1249,1250,1,0,-1,1235,1235,0,0,-17
1787463669.080,R,0,1,-,119.0,3134,3133,-1,2,1,2101,1090,13,0,-1,675,674,-1,3,-7,3503,3503,0,2,0,1249,1250,1,0,-1,1235,1235,0,0,-17
1787463669.220,R,0,1,-,119.0,3134,3133,-1,2,1,1092,48,-20,3,-3,675,674,-1,3,-7,3503,3503,0,2,0,1249,1250,1,0,-1,1235,1236,1,0,-16
1787463669.357,R',0,1,-,119.0,3134,3133,-1,2,1,51,1090,15,0,-1,675,674,-1,3,-7,3503,3502,-1,2,-1,1249,1250,1,0,-1,1235,1236,1,0,-16
1787463669.493,R',0,1,-,119.0,3134,3133,-1,2,1,1091,2100,-15,1,-2,675,674,-1,3,-7,3503,3503,0,2,0,1249,1250,1,0,-1,1235,1235,0,0,-17
1787463669.632,R,0,1,-,119.0,3134,3132,-2,2,0,2101,1090,13,0,-1,675,674,-1,3,-7,3503,3503,0,2,0,1249,1249,0,0,-2,1235,1236,1,0,-16
1787463669.767,R,0,1,-,119.0,3134,3133,-1,2,1,1092,48,-20,3,-3,675,674,-1,3,-7,3503,3503,0,2,0,1249,1250,1,0,-1,1236,1236,0,0,-16
1787463669.906,R',0,1,-,119.0,3134,3133,-1,2,1,51,1090,15,0,-1,675,674,-1,3,-7,3503,3502,-1,2,-1,1249,1249,0,0,-2,1235,1236,1,0,-16
1787463670.043,R',0,1,-,119.0,3134,3133,-1,2,1,1091,2100,-15,1,-2,675,674,-1,3,-7,3503,3503,0,2,0,1249,1249,0,0,-2,1235,1236,1,0,-16
1787463670.180,R,0,1,-,119.0,3134,3133,-1,2,1,2101,1090,13,0,-1,675,674,-1,3,-7,3503,3503,0,2,0,1249,1250,1,0,-1,1236,1236,0,0,-16
1787463670.318,R,0,1,-,119.0,3134,3133,-1,2,1,1092,48,-20,3,-3,675,674,-1,3,-7,3503,3503,0,2,0,1249,1250,1,0,-1,1235,1236,1,0,-16
1787463670.455,R',0,1,-,119.0,3134,3133,-1,2,1,51,1090,15,0,-1,675,674,-1,3,-7,3503,3503,0,2,0,1249,1249,0,0,-2,1236,1236,0,0,-16
1787463670.593,R',0,1,-,119.0,3134,3132,-2,2,0,1091,2100,-15,1,-2,675,674,-1,3,-7,3502,3502,0,2,-1,1249,1249,0,0,-2,1236,1235,-1,0,-17
1787463670.731,R,0,1,-,119.0,3134,3133,-1,2,1,2101,1090,13,0,-1,675,674,-1,3,-7,3503,3503,0,2,0,1249,1250,1,0,-1,1236,1236,0,0,-16
1787463670.868,R,0,1,-,119.0,3134,3133,-1,2,1,1092,48,-20,3,-3,675,674,-1,3,-7,3503,3503,0,2,0,1249,1250,1,0,-1,1236,1236,0,0,-16
1787463671.005,R',0,1,-,119.0,3134,3132,-2,2,0,51,1090,15,0,-1,675,674,-1,3,-7,3503,3502,-1,2,-1,1249,1250,1,0,-1,1235,1236,1,0,-16
1787463671.143,R',0,1,-,119.0,3134,3132,-2,2,0,1091,2100,-15,1,-2,675,674,-1,3,-7,3503,3503,0,2,0,1249,1250,1,0,-1,1236,1236,0,0,-16
1787463671.280,R,0,1,-,119.0,3134,3133,-1,2,1,2101,1090,13,0,-1,675,674,-1,3,-7,3503,3502,-1,2,-1,1249,1250,1,0,-1,1235,1235,0,0,-17
1787463671.418,R,0,1,-,119.0,3134,3133,-1,2,1,1092,48,-20,3,-3,675,674,-1,3,-7,3503,3502,-1,2,-1,1249,1250,1,0,-1,1235,1236,1,0,-16
1787463671.555,R',0,1,-,119.0,3134,3133,-1,2,1,51,1090,15,0,-1,675,674,-1,3,-7,3503,3503,0,2,0,1250,1250,0,0,-1,1235,1236,1,0,-16
1787463671.693,R',0,1,-,119.0,3134,3133,-1,2,1,1091,2100,-15,1,-2,675,674,-1,3,-7,3503,3503,0,2,0,1249,1250,1,0,-1,1236,1236,0,0,-16
1787463671.830,R,0,1,-,119.0,3134,3133,-1,2,1,2101,1090,13,0,-1,675,673,-2,3,-8,3503,3502,-1,2,-1,1249,1250,1,0,-1,1236,1235,-1,0,-17
1787463671.968,R,0,1,-,119.0,3135,3133,-2,2,1,1092,48,-20,3,-3,675,674,-1,3,-7,3503,3503,0,2,0,1250,1250,0,0,-1,1235,1236,1,0,-16
1787463672.105,R',0,1,-,119.0,3134,3132,-2,2,0,51,1090,15,0,-1,675,674,-1,3,-7,3503,3503,0,2,0,1249,1249,0,0,-2,1235,1236,1,0,-16
1787463672.244,R',0,1,-,119.0,3134,3133,-1,2,1,1091,2100,-15,1,-2,675,674,-1,3,-7,3503,3502,-1,2,-1,1249,1250,1,0,-1,1236,1236,0,0,-16
1787463672.381,R,0,1,-,119.0,3135,3133,-2,2,1,2101,1090,13,0,-1,675,674,-1,3,-7,3503,3503,0,2,0,1249,1250,1,0,-1,1236,1236,0,0,-16
1787463672.517,R,0,1,-,119.0,3134,3133,-1,2,1,1092,48,-20,3,-3,675,674,-1,3,-7,3503,3503,0,2,0,1249,1250,1,0,-1,1235,1236,1,0,-16
1787463672.655,R',0,1,-,119.0,3134,3133,-1,2,1,51,1090,15,0,-1,675,674,-1,3,-7,3503,3503,0,2,0,1249,1250,1,0,-1,1235,1236,1,0,-16
1787463672.792,R',0,1,-,119.0,3134,3133,-1,2,1,1091,2100,-15,1,-2,675,674,-1,3,-7,3503,3502,-1,2,-1,1249,1249,0,0,-2,1235,1236,1,0,-16
1787463672.930,R,0,1,-,119.0,3134,3133,-1,2,1,2101,1090,13,0,-1,675,674,-1,3,-7,3503,3503,0,2,0,1249,1250,1,0,-1,1235,1235,0,0,-17
1787463673.069,R,0,1,-,119.0,3134,3133,-1,2,1,1092,48,-20,3,-3,675,674,-1,3,-7,3502,3503,1,2,0,1249,1250,1,0,-1,1235,1236,1,0,-16
1787463673.205,R',0,1,-,119.0,3135,3133,-2,2,1,51,1090,15,0,-1,675,674,-1,3,-7,3503,3502,-1,2,-1,1250,1250,0,0,-1,1235,1236,1,0,-16
1787463673.342,R',0,1,-,119.0,3134,3133,-1,2,1,1091,2100,-15,1,-2,675,674,-1,3,-7,3502,3502,0,2,-1,1250,1250,0,0,-1,1235,1236,1,0,-16
1787463673.480,R,0,1,-,119.0,3134,3133,-1,2,1,2101,1090,13,0,-1,675,674,-1,3,-7,3503,3503,0,2,0,1249,1250,1,0,-1,1235,1236,1,0,-16
1787463673.617,R,0,1,-,119.0,3134,3132,-2,2,0,1092,48,-20,3,-3,675,674,-1,3,-7,3503,3502,-1,2,-1,1249,1250,1,0,-1,1235,1236,1,0,-16
1787463673.755,R',0,1,-,119.0,3135,3133,-2,2,1,51,1090,15,0,-1,675,674,-1,3,-7,3503,3502,-1,2,-1,1249,1250,1,0,-1,1236,1236,0,0,-16
1787463673.892,R',0,1,-,119.0,3134,3133,-1,2,1,1091,2099,-16,1,-3,675,674,-1,3,-7,3503,3502,-1,2,-1,1249,1249,0,0,-2,1236,1236,0,0,-16
1787463674.030,R,0,1,-,119.0,3134,3133,-1,2,1,2101,1090,13,0,-1,675,674,-1,3,-7,3503,3503,0,2,0,1250,1250,0,0,-1,1235,1236,1,0,-16
1787463674.167,R,0,1,-,119.0,3134,3133,-1,2,1,1092,48,-20,3,-3,675,674,-1,3,-7,3503,3503,0,2,0,1249,1250,1,0,-1,1236,1236,0,0,-16
1787463674.304,R',0,1,-,119.0,3134,3133,-1,2,1,51,1090,15,0,-1,675,673,-2,3,-8,3503,3502,-1,2,-1,1249,1250,1,0,-1,1236,1236,0,0,-16
1787463674.446,R',0,1,-,119.0,3134,3133,-1,2,1,1091,2100,-15,1,-2,675,674,-1,3,-7,3503,3502,-1,2,-1,1249,1250,1,0,-1,1235,1236,1,0,-16
1787463674.580,R,0,1,-,119.0,3134,3133,-1,2,1,2101,1090,13,0,-1,675,674,-1,3,-7,3503,3503,0,2,0,1249,1250,1,0,-1,1236,1235,-1,0,-17
1787463674.718,R,0,1,-,119.0,3134,3133,-1,2,1,1092,48,-20,3,-3,675,674,-1,3,-7,3503,3503,0,2,0,1249,1250,1,0,-1,1235,1236,1,0,-16
1787463674.854,R',0,1,-,119.0,3135,3133,-2,2,1,51,1090,15,0,-1,675,674,-1,3,-7,3503,3503,0,2,0,1249,1250,1,0,-1,1236,1236,0,0,-16
1787463674.992,R',0,1,-,119.0,3134,3133,-1,2,1,1091,2100,-15,1,-2,675,674,-1,3,-7,3503,3502,-1,2,-1,1249,1250,1,0,-1,1236,1235,-1,0,-17
1787463675.130,R,0,1,-,119.0,3134,3133,-1,2,1,2101,1090,13,0,-1,675,674,-1,3,-7,3503,3503,0,2,0,1249,1250,1,0,-1,1236,1236,0,0,-16
1787463675.269,R,0,1,-,119.0,3134,3133,-1,2,1,1092,48,-20,3,-3,675,674,-1,3,-7,3503,3503,0,2,0,1249,1250,1,0,-1,1235,1236,1,0,-16
1787463675.405,R',0,1,-,119.0,3134,3133,-1,2,1,51,1090,15,0,-1,675,674,-1,3,-7,3503,3502,-1,2,-1,1249,1250,1,0,-1,1235,1236,1,0,-16
1787463675.543,R',0,1,-,119.0,3134,3133,-1,2,1,1091,2100,-15,1,-2,675,674,-1,3,-7,3503,3503,0,2,0,1249,1250,1,0,-1,1235,1236,1,0,-16
1787463675.681,R,0,1,-,119.0,3134,3133,-1,2,1,2101,1090,13,0,-1,675,674,-1,3,-7,3503,3502,-1,2,-1,1249,1250,1,0,-1,1235,1236,1,0,-16
1787463675.818,R,0,1,-,119.0,3135,3133,-2,2,1,1092,48,-20,3,-3,675,674,-1,3,-7,3503,3502,-1,2,-1,1249,1250,1,0,-1,1236,1236,0,0,-16
1787463675.955,R',0,1,-,119.0,3135,3133,-2,2,1,51,1090,15,0,-1,675,674,-1,3,-7,3503,3503,0,2,0,1249,1250,1,0,-1,1236,1235,-1,0,-17
1787463676.093,R',0,1,-,119.0,3134,3133,-1,2,1,1091,2100,-15,1,-2,675,674,-1,3,-7,3503,3503,0,2,0,1249,1250,1,0,-1,1235,1236,1,0,-16
1787463676.230,R,0,1,-,119.0,3134,3133,-1,2,1,2101,1090,13,0,-1,675,674,-1,3,-7,3503,3503,0,2,0,1249,1250,1,0,-1,1236,1236,0,0,-16
1787463676.368,R,0,1,-,119.0,3134,3132,-2,2,0,1091,48,-19,3,-3,675,674,-1,3,-7,3503,3502,-1,2,-1,1250,1250,0,0,-1,1235,1236,1,0,-16
1787463676.505,R',0,1,-,119.0,3134,3133,-1,2,1,51,1091,16,0,0,675,674,-1,3,-7,3503,3503,0,2,0,1249,1250,1,0,-1,1235,1236,1,0,-16
1787463676.643,R',0,1,-,119.0,3134,3133,-1,2,1,1091,2100,-15,1,-2,675,674,-1,3,-7,3503,3503,0,2,0,1249,1250,1,0,-1,1235,1236,1,0,-16
1787463676.780,R,0,1,-,119.0,3134,3133,-1,2,1,2101,1090,13,0,-1,675,674,-1,3,-7,3503,3502,-1,2,-1,1249,1250,1,0,-1,1235,1235,0,0,-17
1787463676.917,R,0,1,-,119.0,3134,3133,-1,2,1,1092,48,-20,3,-3,675,674,-1,3,-7,3503,3503,0,2,0,1249,1250,1,0,-1,1236,1236,0,0,-16
1787463677.056,R',0,1,-,119.0,3134,3132,-2,2,0,51,1090,15,0,-1,675,674,-1,3,-7,3503,3503,0,2,0,1249,1250,1,0,-1,1236,1236,0,0,-16
1787463677.192,R',0,1,-,119.0,3134,3133,-1,2,1,1091,2100,-15,1,-2,675,674,-1,3,-7,3503,3502,-1,2,-1,1250,1250,0,0,-1,1235,1236,1,0,-16
1787463677.329,R,0,1,-,119.0,3134,3133,-1,2,1,2101,1090,13,0,-1,675,674,-1,3,-7,3503,3503,0,2,0,1249,1250,1,0,-1,1235,1235,0,0,-17
1787463677.467,R,0,1,-,119.0,3134,3133,-1,2,1,1092,48,-20,3,-3,675,674,-1,3,-7,3503,3503,0,2,0,1249,1250,1,0,-1,1236,1236,0,0,-16
1787463677.605,R',0,1,-,119.0,3134,3133,-1,2,1,51,1090,15,0,-1,675,674,-1,3,-7,3503,3502,-1,2,-1,1249,1250,1,0,-1,1235,1236,1,0,-16
1787463677.742,R',0,1,-,119.0,3134,3133,-1,2,1,1091,2100,-15,1,-2,675,674,-1,3,-7,3503,3503,0,2,0,1249,1249,0,0,-2,1235,1236,1,0,-16
1787463677.880,R,0,1,-,119.0,3134,3133,-1,2,1,2101,1090,13,0,-1,675,674,-1,3,-7,3503,3502,-1,2,-1,1249,1250,1,0,-1,1235,1236,1,0,-16
1787463678.017,R,0,1,-,119.0,3134,3133,-1,2,1,1092,48,-20,3,-3,675,673,-2,3,-8,3503,3502,-1,2,-1,1249,1250,1,0,-1,1235,1235,0,0,-17
1787463678.155,R',0,1,-,119.0,3134,3132,-2,2,0,51,1090,15,0,-1,675,674,-1,3,-7,3503,3503,0,2,0,1249,1250,1,0,-1,1235,1236,1,0,-16
1787463678.292,R',0,1,-,119.0,3134,3133,-1,2,1,1091,2100,-15,1,-2,675,674,-1,3,-7,3503,3502,-1,2,-1,1249,1250,1,0,-1,1236,1235,-1,0,-17
1787463678.430,R,0,1,-,119.0,3134,3132,-2,2,0,2101,1090,13,0,-1,675,674,-1,3,-7,3503,3503,0,2,0,1249,1250,1,0,-1,1236,1236,0,0,-16
1787463678.567,R,0,1,-,119.0,3134,3133,-1,2,1,1092,48,-20,3,-3,675,674,-1,3,-7,3503,3503,0,2,0,1250,1250,0,0,-1,1235,1236,1,0,-16
1787463678.705,R',0,1,-,119.0,3134,3133,-1,2,1,51,1090,15,0,-1,675,674,-1,3,-7,3503,3502,-1,2,-1,1249,1250,1,0,-1,1235,1236,1,0,-16
1787463678.842,R',0,1,-,119.0,3134,3133,-1,2,1,1091,2100,-15,1,-2,675,674,-1,3,-7,3503,3503,0,2,0,1249,1250,1,0,-1,1235,1236,1,0,-16
1787463678.979,R,0,1,-,119.0,3134,3133,-1,2,1,2101,1090,13,0,-1,675,674,-1,3,-7,3503,3503,0,2,0,1249,1250,1,0,-1,1236,1236,0,0,-16
1787463679.117,R,0,1,-,119.0,3134,3133,-1,2,1,1092,48,-20,3,-3,675,674,-1,3,-7,3503,3503,0,2,0,1250,1250,0,0,-1,1235,1236,1,0,-16
1787463679.254,R',0,1,-,119.0,3134,3133,-1,2,1,52,1090,14,0,-1,675,674,-1,3,-7,3503,3503,0,2,0,1249,1250,1,0,-1,1236,1236,0,0,-16
1787463679.392,R',0,1,-,119.0,3134,3133,-1,2,1,1090,2100,-14,1,-2,675,674,-1,3,-7,3503,3502,-1,2,-1,1250,1250,0,0,-1,1235,1236,1,0,-16
1787463679.529,R,0,1,-,119.0,3134,3132,-2,2,0,2101,1090,13,0,-1,675,674,-1,3,-7,3503,3503,0,2,0,1249,1250,1,0,-1,1235,1236,1,0,-16
1787463679.667,R,0,1,-,119.0,3134,3133,-1,2,1,1092,48,-20,3,-3,675,674,-1,3,-7,3502,3503,1,2,0,1249,1250,1,0,-1,1236,1235,-1,0,-17
1787463679.805,R',0,1,-,119.0,3135,3133,-2,2,1,51,1090,15,0,-1,675,674,-1,3,-7,3503,3502,-1,2,-1,1249,1249,0,0,-2,1236,1236,0,0,-16
1787463679.942,R',0,1,-,119.0,3134,3133,-1,2,1,1091,2100,-15,1,-2,675,674,-1,3,-7,3503,3502,-1,2,-1,1249,1250,1,0,-1,1235,1236,1,0,-16
1787463680.080,R,0,1,-,119.0,3134,3133,-1,2,1,2101,1090,13,0,-1,675,674,-1,3,-7,3503,3503,0,2,0,1249,1250,1,0,-1,1236,1236,0,0,-16
1787463680.217,R,0,1,-,119.0,3134,3133,-1,2,1,1092,48,-20,3,-3,675,674,-1,3,-7,3503,3503,0,2,0,1249,1250,1,0,-1,1235,1236,1,0,-16
1787463680.355,R',0,1,-,119.0,3134,3133,-1,2,1,51,1090,15,0,-1,675,674,-1,3,-7,3503,3502,-1,2,-1,1249,1250,1,0,-1,1235,1236,1,0,-16
1787463680.492,R',0,1,-,119.0,3134,3133,-1,2,1,1091,2100,-15,1,-2,675,674,-1,3,-7,3502,3503,1,2,0,1249,1250,1,0,-1,1235,1236,1,0,-16
1787463680.629,R,0,1,-,119.0,3134,3133,-1,2,1,2101,1090,13,0,-1,675,674,-1,3,-7,3503,3503,0,2,0,1249,1250,1,0,-1,1235,1236,1,0,-16
1787463680.768,R,0,1,-,119.0,3134,3133,-1,2,1,1092,48,-20,3,-3,675,674,-1,3,-7,3503,3503,0,2,0,1250,1250,0,0,-1,1236,1236,0,0,-16
1787463680.905,R',0,1,-,119.0,3134,3133,-1,2,1,51,1090,15,0,-1,675,674,-1,3,-7,3503,3502,-1,2,-1,1249,1250,1,0,-1,1235,1236,1,0,-16
1787463681.041,R',0,1,-,119.0,3134,3133,-1,2,1,1091,2100,-15,1,-2,675,674,-1,3,-7,3503,3503,0,2,0,1249,1250,1,0,-1,1235,1236,1,0,-16
1787463681.180,R,0,1,-,119.0,3134,3133,-1,2,1,2101,1090,13,0,-1,675,674,-1,3,-7,3503,3503,0,2,0,1250,1250,0,0,-1,1235,1236,1,0,-16
1787463681.317,R,0,1,-,119.0,3134,3133,-1,2,1,1092,48,-20,3,-3,675,674,-1,3,-7,3503,3502,-1,2,-1,1249,1250,1,0,-1,1235,1235,0,0,-17
1787463681.454,R',0,1,-,119.0,3134,3133,-1,2,1,51,1090,15,0,-1,675,674,-1,3,-7,3503,3503,0,2,0,1249,1250,1,0,-1,1235,1236,1,0,-16
1787463681.595,R',0,1,-,119.0,3134,3133,-1,2,1,1091,2100,-15,1,-2,675,674,-1,3,-7,3503,3502,-1,2,-1,1250,1250,0,0,-1,1236,1236,0,0,-16
1787463681.730,R,0,1,-,119.0,3134,3132,-2,2,0,2101,1090,13,0,-1,675,674,-1,3,-7,3503,3502,-1,2,-1,1249,1250,1,0,-1,1236,1236,0,0,-16
1787463681.867,R,0,1,-,119.0,3134,3133,-1,2,1,1092,48,-20,3,-3,675,674,-1,3,-7,3503,3502,-1,2,-1,1250,1250,0,0,-1,1236,1236,0,0,-16
1787463682.006,R',0,1,-,119.0,3134,3132,-2,2,0,51,1090,15,0,-1,675,674,-1,3,-7,3503,3503,0,2,0,1249,1250,1,0,-1,1236,1236,0,0,-16
1787463682.142,R',0,1,-,119.0,3134,3133,-1,2,1,1091,2100,-15,1,-2,675,674,-1,3,-7,3503,3503,0,2,0,1249,1250,1,0,-1,1236,1236,0,0,-16
1787463682.279,R,0,1,-,119.0,3134,3133,-1,2,1,2101,1090,13,0,-1,675,674,-1,3,-7,3503,3502,-1,2,-1,1249,1250,1,0,-1,1235,1236,1,0,-16
1787463682.417,R,0,1,-,119.0,3134,3133,-1,2,1,1092,48,-20,3,-3,675,674,-1,3,-7,3503,3503,0,2,0,1249,1250,1,0,-1,1235,1236,1,0,-16
1787463682.554,R',0,1,-,119.0,3134,3133,-1,2,1,51,1091,16,0,0,675,674,-1,3,-7,3503,3503,0,2,0,1249,1249,0,0,-2,1236,1236,0,0,-16
1787463682.691,R',0,1,-,119.0,3134,3133,-1,2,1,1091,2100,-15,1,-2,675,674,-1,3,-7,3503,3503,0,2,0,1249,1250,1,0,-1,1235,1236,1,0,-16
1787463682.830,R,0,1,-,119.0,3134,3133,-1,2,1,2101,1090,13,0,-1,675,674,-1,3,-7,3503,3502,-1,2,-1,1249,1250,1,0,-1,1236,1236,0,0,-16
1787463682.966,R,0,1,-,119.0,3134,3133,-1,2,1,1092,48,-20,3,-3,675,674,-1,3,-7,3503,3503,0,2,0,1249,1250,1,0,-1,1236,1236,0,0,-16
1787463683.103,R',0,1,-,119.0,3135,3133,-2,2,1,51,1090,15,0,-1,675,674,-1,3,-7,3503,3503,0,2,0,1250,1250,0,0,-1,1235,1236,1,0,-16
1787463683.242,R',0,1,-,119.0,3135,3133,-2,2,1,1091,2100,-15,1,-2,675,674,-1,3,-7,3503,3502,-1,2,-1,1249,1250,1,0,-1,1236,1235,-1,0,-17
1787463683.380,R,0,1,-,119.0,3134,3133,-1,2,1,2101,1090,13,0,-1,675,674,-1,3,-7,3503,3503,0,2,0,1249,1250,1,0,-1,1235,1235,0,0,-17
1787463683.517,R,0,1,-,119.0,3134,3133,-1,2,1,1091,48,-19,3,-3,675,674,-1,3,-7,3503,3502,-1,2,-1,1249,1250,1,0,-1,1236,1236,0,0,-16
1787463683.654,R',0,1,-,119.0,3134,3133,-1,2,1,51,1090,15,0,-1,675,674,-1,3,-7,3503,3503,0,2,0,1249,1250,1,0,-1,1235,1236,1,0,-16
1787463683.792,R',0,1,-,119.0,3134,3133,-1,2,1,1091,2100,-15,1,-2,675,674,-1,3,-7,3503,3503,0,2,0,1249,1250,1,0,-1,1236,1236,0,0,-16
1787463683.929,R,0,1,-,119.0,3134,3133,-1,2,1,2101,1090,13,0,-1,675,674,-1,3,-7,3503,3502,-1,2,-1,1249,1250,1,0,-1,1235,1236,1,0,-16
1787463684.067,R,0,1,-,119.0,3134,3133,-1,2,1,1092,48,-20,3,-3,675,674,-1,3,-7,3503,3503,0,2,0,1249,1250,1,0,-1,1236,1236,0,0,-16
1787463684.204,R',0,1,-,119.0,3134,3132,-2,2,0,51,1090,15,0,-1,675,674,-1,3,-7,3503,3503,0,2,0,1249,1250,1,0,-1,1235,1236,1,0,-16
1787463684.341,R',0,1,-,119.0,3134,3133,-1,2,1,1091,2100,-15,1,-2,675,674,-1,3,-7,3503,3502,-1,2,-1,1249,1250,1,0,-1,1235,1236,1,0,-16
1787463684.479,R,0,1,-,119.0,3134,3133,-1,2,1,2101,1090,13,0,-1,675,674,-1,3,-7,3503,3503,0,2,0,1250,1250,0,0,-1,1236,1235,-1,0,-17
1787463684.617,R,0,1,-,119.0,3134,3133,-1,2,1,1092,48,-20,3,-3,675,674,-1,3,-7,3503,3503,0,2,0,1249,1250,1,0,-1,1235,1235,0,0,-17
1787463684.754,R',0,1,-,119.0,3134,3133,-1,2,1,51,1090,15,0,-1,675,674,-1,3,-7,3503,3502,-1,2,-1,1249,1249,0,0,-2,1236,1235,-1,0,-17
1787463684.892,R',0,1,-,119.0,3134,3133,-1,2,1,1091,2100,-15,1,-2,675,674,-1,3,-7,3503,3502,-1,2,-1,1249,1249,0,0,-2,1236,1236,0,0,-16
1787463685.029,R,0,1,-,119.0,3134,3133,-1,2,1,2101,1090,13,0,-1,675,674,-1,3,-7,3503,3503,0,2,0,1249,1249,0,0,-2,1236,1236,0,0,-16
1787463685.166,R,0,1,-,119.0,3134,3133,-1,2,1,1092,48,-20,3,-3,675,673,-2,3,-8,3503,3502,-1,2,-1,1249,1249,0,0,-2,1235,1236,1,0,-16
1787463685.304,R',0,1,-,119.0,3135,3133,-2,2,1,51,1090,15,0,-1,675,674,-1,3,-7,3503,3503,0,2,0,1249,1250,1,0,-1,1235,1235,0,0,-17
1787463685.441,R',0,1,-,119.0,3134,3133,-1,2,1,1091,2100,-15,1,-2,675,674,-1,3,-7,3503,3503,0,2,0,1249,1250,1,0,-1,1235,1236,1,0,-16
1787463685.579,R,0,1,-,119.0,3134,3133,-1,2,1,2101,1090,13,0,-1,675,674,-1,3,-7,3503,3502,-1,2,-1,1249,1250,1,0,-1,1236,1236,0,0,-16
1787463685.716,R,0,1,-,119.0,3134,3133,-1,2,1,1092,48,-20,3,-3,675,674,-1,3,-7,3503,3503,0,2,0,1249,1249,0,0,-2,1235,1236,1,0,-16
1787463685.854,R',0,1,-,119.0,3134,3133,-1,2,1,51,1090,15,0,-1,675,673,-2,3,-8,3503,3503,0,2,0,1249,1250,1,0,-1,1235,1236,1,0,-16
1787463685.991,R',0,1,-,119.0,3134,3133,-1,2,1,1091,2100,-15,1,-2,675,674,-1,3,-7,3503,3503,0,2,0,1249,1250,1,0,-1,1235,1236,1,0,-16
1787463686.128,R,0,1,-,119.0,3134,3133,-1,2,1,2101,1090,13,0,-1,675,674,-1,3,-7,3503,3503,0,2,0,1249,1250,1,0,-1,1236,1236,0,0,-16
1787463686.267,R,0,1,-,119.0,3134,3133,-1,2,1,1092,48,-20,3,-3,675,674,-1,3,-7,3503,3502,-1,2,-1,1249,1250,1,0,-1,1235,1235,0,0,-17
1787463686.404,R',0,1,-,119.0,3134,3133,-1,2,1,51,1090,15,0,-1,675,674,-1,3,-7,3503,3503,0,2,0,1249,1250,1,0,-1,1236,1236,0,0,-16
1787463686.542,R',0,1,-,119.0,3134,3133,-1,2,1,1091,2100,-15,1,-2,675,674,-1,3,-7,3503,3503,0,2,0,1249,1250,1,0,-1,1235,1236,1,0,-16
1787463686.679,R,0,1,-,119.0,3134,3133,-1,2,1,2101,1090,13,0,-1,675,674,-1,3,-7,3503,3503,0,2,0,1249,1250,1,0,-1,1235,1236,1,0,-16
1787463686.817,R,0,1,-,119.0,3134,3133,-1,2,1,1092,48,-20,3,-3,675,674,-1,3,-7,3503,3503,0,2,0,1249,1250,1,0,-1,1235,1236,1,0,-16
1787463686.954,R',0,1,-,119.0,3134,3132,-2,2,0,51,1090,15,0,-1,675,674,-1,3,-7,3503,3503,0,2,0,1249,1250,1,0,-1,1236,1236,0,0,-16
1787463687.093,R',0,1,-,119.0,3134,3133,-1,2,1,1090,2100,-14,1,-2,675,674,-1,3,-7,3503,3502,-1,2,-1,1249,1249,0,0,-2,1235,1236,1,0,-16
1787463687.229,R,0,1,-,119.0,3134,3133,-1,2,1,2101,1090,13,0,-1,675,674,-1,3,-7,3503,3503,0,2,0,1249,1250,1,0,-1,1236,1235,-1,0,-17
1787463687.366,R,0,1,-,119.0,3134,3133,-1,2,1,1092,48,-20,3,-3,675,674,-1,3,-7,3503,3503,0,2,0,1249,1250,1,0,-1,1236,1236,0,0,-16
1787463687.503,R',0,1,-,119.0,3134,3133,-1,2,1,51,1090,15,0,-1,675,674,-1,3,-7,3503,3502,-1,2,-1,1249,1249,0,0,-2,1235,1236,1,0,-16
1787463687.642,R',0,1,-,119.0,3134,3133,-1,2,1,1091,2100,-15,1,-2,675,674,-1,3,-7,3503,3503,0,2,0,1249,1250,1,0,-1,1235,1236,1,0,-16
1787463687.779,R,0,1,-,119.0,3134,3133,-1,2,1,2101,1090,13,0,-1,675,674,-1,3,-7,3503,3502,-1,2,-1,1249,1250,1,0,-1,1236,1236,0,0,-16
1787463687.916,R,0,1,-,119.0,3134,3133,-1,2,1,1092,48,-20,3,-3,675,674,-1,3,-7,3503,3503,0,2,0,1249,1250,1,0,-1,1236,1236,0,0,-16
1787463688.054,R',0,1,-,119.0,3134,3133,-1,2,1,51,1090,15,0,-1,675,674,-1,3,-7,3503,3503,0,2,0,1249,1249,0,0,-2,1236,1235,-1,0,-17
1787463688.192,R',0,1,-,119.0,3134,3133,-1,2,1,1091,2100,-15,1,-2,675,674,-1,3,-7,3503,3503,0,2,0,1249,1249,0,0,-2,1236,1236,0,0,-16
1787463688.329,R,0,1,-,119.0,3134,3133,-1,2,1,2101,1090,13,0,-1,675,674,-1,3,-7,3503,3503,0,2,0,1249,1250,1,0,-1,1236,1236,0,0,-16
1787463688.466,R,0,1,-,119.0,3134,3133,-1,2,1,1091,48,-19,3,-3,675,674,-1,3,-7,3503,3503,0,2,0,1249,1250,1,0,-1,1236,1236,0,0,-16
1787463688.604,R',0,1,-,119.0,3134,3133,-1,2,1,51,1090,15,0,-1,675,674,-1,3,-7,3503,3502,-1,2,-1,1249,1250,1,0,-1,1235,1236,1,0,-16
1787463688.743,R',0,1,-,119.0,3134,3133,-1,2,1,1091,2100,-15,1,-2,675,674,-1,3,-7,3502,3503,1,2,0,1249,1250,1,0,-1,1236,1236,0,0,-16
1787463688.879,R,0,1,-,119.0,3134,3133,-1,2,1,2101,1090,13,0,-1,675,674,-1,3,-7,3503,3503,0,2,0,1249,1250,1,0,-1,1235,1236,1,0,-16
1787463689.016,R,0,1,-,119.0,3134,3133,-1,2,1,1092,49,-19,3,-2,675,674,-1,3,-7,3503,3503,0,2,0,1249,1250,1,0,-1,1236,1235,-1,0,-17
1787463689.154,R',0,1,-,119.0,3134,3133,-1,2,1,51,1091,16,0,0,675,674,-1,3,-7,3503,3503,0,2,0,1249,1250,1,0,-1,1235,1236,1,0,-16
1787463689.291,R',0,1,-,119.0,3134,3133,-1,2,1,1091,2100,-15,1,-2,675,674,-1,3,-7,3503,3503,0,2,0,1249,1250,1,0,-1,1236,1236,0,0,-16
1787463689.429,R,0,1,-,119.0,3134,3133,-1,2,1,2101,1090,13,0,-1,675,673,-2,3,-8,3503,3503,0,2,0,1249,1250,1,0,-1,1236,1236,0,0,-16
1787463689.566,R,0,1,-,119.0,3134,3133,-1,2,1,1092,49,-19,3,-2,675,674,-1,3,-7,3503,3502,-1,2,-1,1249,1250,1,0,-1,1235,1235,0,0,-17
1787463689.703,R',0,1,-,119.0,3134,3133,-1,2,1,51,1090,15,0,-1,675,674,-1,3,-7,3503,3503,0,2,0,1249,1249,0,0,-2,1235,1236,1,0,-16
1787463689.841,R',0,1,-,119.0,3134,3133,-1,2,1,1091,2100,-15,1,-2,675,674,-1,3,-7,3503,3503,0,2,0,1249,1250,1,0,-1,1236,1236,0,0,-16
1787463689.978,R,0,1,-,119.0,3134,3133,-1,2,1,2101,1090,13,0,-1,675,674,-1,3,-7,3503,3503,0,2,0,1249,1250,1,0,-1,1236,1236,0,0,-16
1787463690.116,R,0,1,-,119.0,3134,3133,-1,2,1,1092,48,-20,3,-3,675,674,-1,3,-7,3503,3503,0,2,0,1250,1250,0,0,-1,1235,1235,0,0,-17
1787463690.254,R',0,1,-,119.0,3134,3133,-1,2,1,51,1090,15,0,-1,675,674,-1,3,-7,3503,3503,0,2,0,1249,1250,1,0,-1,1236,1236,0,0,-16
1787463690.391,R',0,1,-,119.0,3134,3132,-2,2,0,1091,2100,-15,1,-2,675,674,-1,3,-7,3503,3503,0,2,0,1249,1250,1,0,-1,1236,1236,0,0,-16
1787463690.529,R,0,1,-,119.0,3134,3133,-1,2,1,2101,1090,13,0,-1,675,674,-1,3,-7,3503,3503,0,2,0,1249,1249,0,0,-2,1235,1236,1,0,-16
1787463690.666,R,0,1,-,119.0,3134,3132,-2,2,0,1092,48,-20,3,-3,675,674,-1,3,-7,3503,3503,0,2,0,1250,1250,0,0,-1,1236,1235,-1,0,-17
1787463690.804,R',0,1,-,119.0,3134,3133,-1,2,1,51,1090,15,0,-1,675,674,-1,3,-7,3503,3503,0,2,0,1250,1250,0,0,-1,1236,1236,0,0,-16
1787463690.941,R',0,1,-,119.0,3134,3133,-1,2,1,1091,2100,-15,1,-2,675,674,-1,3,-7,3503,3503,0,2,0,1249,1250,1,0,-1,1236,1236,0,0,-16
1787463691.078,R,0,1,-,119.0,3134,3133,-1,2,1,2101,1090,13,0,-1,675,674,-1,3,-7,3503,3503,0,2,0,1249,1250,1,0,-1,1235,1236,1,0,-16
1787463691.216,R,0,1,-,119.0,3135,3133,-2,2,1,1092,48,-20,3,-3,675,674,-1,3,-7,3503,3502,-1,2,-1,1249,1250,1,0,-1,1235,1236,1,0,-16
1787463691.353,R',0,1,-,119.0,3134,3133,-1,2,1,51,1090,15,0,-1,675,674,-1,3,-7,3503,3503,0,2,0,1249,1250,1,0,-1,1236,1236,0,0,-16
1787463691.491,R',0,1,-,119.0,3134,3133,-1,2,1,1090,2100,-14,1,-2,675,674,-1,3,-7,3503,3503,0,2,0,1249,1250,1,0,-1,1235,1236,1,0,-16
1787463691.628,R,0,1,-,119.0,3134,3133,-1,2,1,2101,1090,13,0,-1,675,674,-1,3,-7,3503,3503,0,2,0,1249,1250,1,0,-1,1236,1236,0,0,-16
1787463691.766,R,0,1,-,119.0,3134,3133,-1,2,1,1092,48,-20,3,-3,675,674,-1,3,-7,3503,3503,0,2,0,1249,1250,1,0,-1,1236,1236,0,0,-16
1787463691.903,R',0,1,-,119.0,3134,3133,-1,2,1,51,1090,15,0,-1,675,674,-1,3,-7,3503,3503,0,2,0,1249,1250,1,0,-1,1236,1236,0,0,-16
1787463692.041,R',0,1,-,119.0,3134,3133,-1,2,1,1091,2100,-15,1,-2,675,674,-1,3,-7,3503,3503,0,2,0,1249,1250,1,0,-1,1235,1236,1,0,-16
1787463692.178,R,0,1,-,119.0,3134,3133,-1,2,1,2101,1090,13,0,-1,675,674,-1,3,-7,3503,3503,0,2,0,1249,1250,1,0,-1,1235,1235,0,0,-17
1787463692.316,R,0,1,-,119.0,3134,3133,-1,2,1,1092,48,-20,3,-3,675,674,-1,3,-7,3503,3503,0,2,0,1249,1250,1,0,-1,1235,1235,0,0,-17
1787463692.453,R',0,1,-,119.0,3134,3133,-1,2,1,51,1090,15,0,-1,675,674,-1,3,-7,3502,3503,1,2,0,1249,1250,1,0,-1,1235,1236,1,0,-16
1787463692.591,R',0,1,-,119.0,3134,3133,-1,2,1,1091,2100,-15,1,-2,675,674,-1,3,-7,3503,3503,0,2,0,1249,1249,0,0,-2,1235,1236,1,0,-16
1787463692.727,R,0,1,-,119.0,3134,3132,-2,2,0,2101,1090,13,0,-1,675,674,-1,3,-7,3503,3503,0,2,0,1250,1250,0,0,-1,1236,1236,0,0,-16
1787463692.867,R,0,1,-,119.0,3134,3133,-1,2,1,1092,48,-20,3,-3,675,673,-2,3,-8,3503,3503,0,2,0,1249,1250,1,0,-1,1235,1236,1,0,-16
1787463693.003,R',0,1,-,119.0,3134,3132,-2,2,0,51,1090,15,0,-1,675,674,-1,3,-7,3503,3502,-1,2,-1,1249,1250,1,0,-1,1235,1236,1,0,-16
1787463693.141,R',0,1,-,119.0,3134,3133,-1,2,1,1091,2100,-15,1,-2,675,674,-1,3,-7,3503,3502,-1,2,-1,1249,1250,1,0,-1,1235,1236,1,0,-16
1787463693.278,R,0,1,-,119.0,3134,3133,-1,2,1,2101,1090,13,0,-1,675,674,-1,3,-7,3503,3502,-1,2,-1,1249,1250,1,0,-1,1235,1235,0,0,-17
1787463693.417,R,0,1,-,119.0,3134,3133,-1,2,1,1092,48,-20,3,-3,675,674,-1,3,-7,3503,3503,0,2,0,1250,1250,0,0,-1,1236,1235,-1,0,-17
1787463693.554,R',0,1,-,119.0,3134,3133,-1,2,1,51,1090,15,0,-1,675,674,-1,3,-7,3503,3502,-1,2,-1,1249,1250,1,0,-1,1236,1235,-1,0,-17
1787463693.692,R',0,1,-,119.0,3134,3133,-1,2,1,1091,2100,-15,1,-2,675,674,-1,3,-7,3503,3503,0,2,0,1249,1249,0,0,-2,1236,1236,0,0,-16
1787463693.828,R,0,1,-,119.0,3134,3133,-1,2,1,2101,1090,13,0,-1,675,674,-1,3,-7,3503,3503,0,2,0,1249,1250,1,0,-1,1235,1236,1,0,-16
1787463693.965,R,0,1,-,119.0,3134,3133,-1,2,1,1092,48,-20,3,-3,675,674,-1,3,-7,3503,3503,0,2,0,1249,1250,1,0,-1,1236,1235,-1,0,-17
1787463694.104,R',0,1,-,119.0,3134,3133,-1,2,1,51,1090,15,0,-1,675,674,-1,3,-7,3503,3502,-1,2,-1,1249,1250,1,0,-1,1236,1235,-1,0,-17
1787463694.240,R',0,1,-,119.0,3134,3133,-1,2,1,1091,2100,-15,1,-2,675,674,-1,3,-7,3503,3503,0,2,0,1249,1250,1,0,-1,1235,1236,1,0,-16
1787463694.378,R,0,1,-,119.0,3134,3132,-2,2,0,2101,1090,13,0,-1,675,674,-1,3,-7,3503,3503,0,2,0,1249,1250,1,0,-1,1236,1236,0,0,-16
1787463694.517,R,0,1,-,119.0,3134,3133,-1,2,1,1092,48,-20,3,-3,675,674,-1,3,-7,3503,3503,0,2,0,1249,1250,1,0,-1,1236,1235,-1,0,-17
1787463694.655,R',0,1,-,119.0,3134,3132,-2,2,0,51,1090,15,0,-1,675,674,-1,3,-7,3503,3503,0,2,0,1249,1250,1,0,-1,1235,1236,1,0,-16
1787463694.791,R',0,1,-,119.0,3134,3133,-1,2,1,1091,2100,-15,1,-2,675,674,-1,3,-7,3503,3502,-1,2,-1,1249,1250,1,0,-1,1236,1236,0,0,-16
1787463694.928,R,0,1,-,119.0,3134,3132,-2,2,0,2101,1090,13,0,-1,675,674,-1,3,-7,3503,3503,0,2,0,1249,1250,1,0,-1,1236,1236,0,0,-16
1787463695.067,R,0,1,-,119.0,3134,3132,-2,2,0,1092,48,-20,3,-3,675,674,-1,3,-7,3503,3503,0,2,0,1249,1250,1,0,-1,1236,1236,0,0,-16
1787463695.204,R',0,1,-,119.0,3134,3133,-1,2,1,51,1090,15,0,-1,675,674,-1,3,-7,3503,3502,-1,2,-1,1250,1249,-1,0,-2,1236,1236,0,0,-16
1787463695.342,R',0,1,-,119.0,3134,3133,-1,2,1,1091,2100,-15,1,-2,675,674,-1,3,-7,3503,3503,0,2,0,1249,1250,1,0,-1,1236,1235,-1,0,-17
1787463695.478,R,0,1,-,119.0,3134,3133,-1,2,1,2101,1090,13,0,-1,675,674,-1,3,-7,3503,3502,-1,2,-1,1249,1250,1,0,-1,1235,1236,1,0,-16
1787463695.617,R,0,1,-,119.0,3134,3133,-1,2,1,1092,48,-20,3,-3,675,674,-1,3,-7,3503,3502,-1,2,-1,1249,1250,1,0,-1,1235,1235,0,0,-17
1787463695.754,R',0,1,-,119.0,3134,3132,-2,2,0,51,1090,15,0,-1,675,674,-1,3,-7,3503,3502,-1,2,-1,1249,1250,1,0,-1,1235,1236,1,0,-16
1787463695.893,R',0,1,-,119.0,3134,3133,-1,2,1,1091,2100,-15,1,-2,675,674,-1,3,-7,3503,3503,0,2,0,1249,1250,1,0,-1,1235,1235,0,0,-17
1787463696.028,R,0,1,-,119.0,3134,3133,-1,2,1,2101,1090,13,0,-1,675,674,-1,3,-7,3503,3503,0,2,0,1249,1250,1,0,-1,1235,1235,0,0,-17
1787463696.165,R,0,1,-,119.0,3134,3132,-2,2,0,1092,48,-20,3,-3,675,674,-1,3,-7,3503,3503,0,2,0,1249,1250,1,0,-1,1236,1235,-1,0,-17
1787463696.303,R',0,1,-,119.0,3134,3133,-1,2,1,51,1090,15,0,-1,675,674,-1,3,-7,3503,3502,-1,2,-1,1249,1250,1,0,-1,1235,1236,1,0,-16
1787463696.441,R',0,1,-,119.0,3134,3133,-1,2,1,1091,2100,-15,1,-2,675,674,-1,3,-7,3502,3502,0,2,-1,1249,1249,0,0,-2,1235,1236,1,0,-16
1787463696.577,R,0,1,-,119.0,3134,3132,-2,2,0,2101,1090,13,0,-1,675,674,-1,3,-7,3503,3503,0,2,0,1249,1250,1,0,-1,1235,1235,0,0,-17
1787463696.716,R,0,1,-,119.0,3134,3133,-1,2,1,1092,48,-20,3,-3,675,674,-1,3,-7,3503,3503,0,2,0,1249,1250,1,0,-1,1235,1235,0,0,-17
1787463696.854,R',0,1,-,119.0,3134,3133,-1,2,1,51,1090,15,0,-1,675,674,-1,3,-7,3503,3502,-1,2,-1,1249,1250,1,0,-1,1236,1235,-1,0,-17
1787463696.991,R',0,1,-,119.0,3134,3133,-1,2,1,1091,2100,-15,1,-2,675,674,-1,3,-7,3503,3503,0,2,0,1249,1250,1,0,-1,1235,1235,0,0,-17
1787463697.129,R,0,1,-,119.0,3134,3133,-1,2,1,2101,1090,13,0,-1,675,674,-1,3,-7,3503,3503,0,2,0,1249,1250,1,0,-1,1236,1236,0,0,-16
1787463697.266,R,0,1,-,119.0,3134,3133,-1,2,1,1092,48,-20,3,-3,675,674,-1,3,-7,3503,3503,0,2,0,1249,1250,1,0,-1,1235,1236,1,0,-16
1787463697.403,R',0,1,-,119.0,3134,3133,-1,2,1,51,1090,15,0,-1,675,674,-1,3,-7,3503,3503,0,2,0,1249,1250,1,0,-1,1235,1235,0,0,-17
1787463697.540,R',0,1,-,119.0,3134,3133,-1,2,1,1091,2100,-15,1,-2,675,674,-1,3,-7,3503,3503,0,2,0,1250,1250,0,0,-1,1235,1235,0,0,-17
1787463697.679,R,0,1,-,119.0,3134,3133,-1,2,1,2101,1090,13,0,-1,675,674,-1,3,-7,3503,3503,0,2,0,1249,1250,1,0,-1,1235,1236,1,0,-16
1787463697.815,R,0,1,-,119.0,3134,3133,-1,2,1,1092,48,-20,3,-3,675,674,-1,3,-7,3503,3503,0,2,0,1249,1250,1,0,-1,1235,1236,1,0,-16
1787463697.952,R',0,1,-,119.0,3134,3133,-1,2,1,51,1090,15,0,-1,675,674,-1,3,-7,3503,3503,0,2,0,1250,1250,0,0,-1,1235,1236,1,0,-16
1787463698.091,R',0,1,-,119.0,3134,3133,-1,2,1,1091,2100,-15,1,-2,675,674,-1,3,-7,3503,3502,-1,2,-1,1249,1250,1,0,-1,1235,1236,1,0,-16
1787463698.228,R,0,1,-,119.0,3134,3133,-1,2,1,2101,1090,13,0,-1,675,674,-1,3,-7,3503,3503,0,2,0,1249,1250,1,0,-1,1236,1236,0,0,-16
1787463698.365,R,0,1,-,119.0,3134,3133,-1,2,1,1091,48,-19,3,-3,675,674,-1,3,-7,3502,3503,1,2,0,1249,1250,1,0,-1,1236,1236,0,0,-16
1787463698.502,R',0,1,-,119.0,3134,3133,-1,2,1,51,1090,15,0,-1,675,674,-1,3,-7,3503,3502,-1,2,-1,1249,1249,0,0,-2,1236,1236,0,0,-16
1787463698.641,R',0,1,-,119.0,3134,3133,-1,2,1,1091,2100,-15,1,-2,675,674,-1,3,-7,3502,3503,1,2,0,1249,1250,1,0,-1,1236,1235,-1,0,-17
1787463698.777,R,0,1,-,119.0,3134,3133,-1,2,1,2101,1090,13,0,-1,675,674,-1,3,-7,3503,3503,0,2,0,1249,1250,1,0,-1,1236,1236,0,0,-16
1787463698.916,R,0,1,-,119.0,3134,3133,-1,2,1,1092,48,-20,3,-3,675,674,-1,3,-7,3503,3502,-1,2,-1,1249,1250,1,0,-1,1235,1235,0,0,-17
1787463699.053,R',0,1,-,119.0,3134,3132,-2,2,0,51,1090,15,0,-1,675,674,-1,3,-7,3503,3503,0,2,0,1249,1250,1,0,-1,1235,1236,1,0,-16
1787463699.191,R',0,1,-,119.0,3134,3133,-1,2,1,1091,2100,-15,1,-2,675,674,-1,3,-7,3503,3502,-1,2,-1,1249,1249,0,0,-2,1235,1236,1,0,-16
1787463699.329,R,0,1,-,119.0,3134,3132,-2,2,0,2101,1090,13,0,-1,675,674,-1,3,-7,3503,3503,0,2,0,1249,1250,1,0,-1,1235,1236,1,0,-16
1787463699.467,R,0,1,-,119.0,3134,3132,-2,2,0,1092,48,-20,3,-3,675,674,-1,3,-7,3503,3503,0,2,0,1249,1249,0,0,-2,1235,1236,1,0,-16
1787463699.603,R',0,1,-,119.0,3134,3133,-1,2,1,51,1090,15,0,-1,675,674,-1,3,-7,3503,3503,0,2,0,1249,1250,1,0,-1,1236,1236,0,0,-16
1787463699.741,R',0,1,-,119.0,3134,3133,-1,2,1,1091,2100,-15,1,-2,675,674,-1,3,-7,3503,3503,0,2,0,1249,1250,1,0,-1,1235,1236,1,0,-16
1787463699.877,R,0,1,-,119.0,3134,3133,-1,2,1,2101,1090,13,0,-1,675,673,-2,3,-8,3503,3503,0,2,0,1249,1250,1,0,-1,1235,1236,1,0,-16
1787463700.015,R,0,1,-,119.0,3134,3133,-1,2,1,1091,48,-19,3,-3,675,674,-1,3,-7,3503,3503,0,2,0,1249,1250,1,0,-1,1235,1235,0,0,-17
1787463700.153,R',0,1,-,119.0,3134,3133,-1,2,1,51,1090,15,0,-1,675,674,-1,3,-7,3503,3502,-1,2,-1,1249,1250,1,0,-1,1235,1235,0,0,-17
1787463700.290,R',0,1,-,119.0,3134,3133,-1,2,1,1091,2100,-15,1,-2,675,674,-1,3,-7,3503,3503,0,2,0,1249,1250,1,0,-1,1235,1236,1,0,-16
1787463700.430,R,0,1,-,119.0,3134,3133,-1,2,1,2101,1090,13,0,-1,675,674,-1,3,-7,3503,3502,-1,2,-1,1249,1250,1,0,-1,1235,1236,1,0,-16
1787463700.564,R,0,1,-,119.0,3134,3133,-1,2,1,1091,48,-19,3,-3,675,674,-1,3,-7,3503,3502,-1,2,-1,1249,1250,1,0,-1,1235,1236,1,0,-16
1787463700.705,R',0,1,-,119.0,3134,3132,-2,2,0,51,1090,15,0,-1,675,674,-1,3,-7,3503,3502,-1,2,-1,1249,1250,1,0,-1,1236,1236,0,0,-16
1787463700.840,R',0,1,-,119.0,3134,3132,-2,2,0,1091,2100,-15,1,-2,675,674,-1,3,-7,3503,3503,0,2,0,1249,1249,0,0,-2,1236,1236,0,0,-16
1787463700.978,R,0,1,-,119.0,3135,3133,-2,2,1,2101,1090,13,0,-1,675,674,-1,3,-7,3503,3503,0,2,0,1250,1250,0,0,-1,1235,1236,1,0,-16
1787463701.115,R,0,1,-,119.0,3134,3133,-1,2,1,1091,48,-19,3,-3,675,674,-1,3,-7,3502,3503,1,2,0,1249,1250,1,0,-1,1235,1236,1,0,-16
1787463701.253,R',0,1,-,119.0,3134,3133,-1,2,1,51,1090,15,0,-1,675,674,-1,3,-7,3503,3503,0,2,0,1250,1250,0,0,-1,1235,1236,1,0,-16
1787463701.390,R',0,1,-,119.0,3134,3133,-1,2,1,1091,2100,-15,1,-2,675,674,-1,3,-7,3503,3502,-1,2,-1,1249,1250,1,0,-1,1236,1236,0,0,-16
1787463701.527,R,0,1,-,119.0,3134,3133,-1,2,1,2101,1090,13,0,-1,675,674,-1,3,-7,3503,3502,-1,2,-1,1249,1249,0,0,-2,1236,1236,0,0,-16
1787463701.665,R,0,1,-,119.0,3134,3133,-1,2,1,1092,48,-20,3,-3,675,674,-1,3,-7,3503,3502,-1,2,-1,1249,1250,1,0,-1,1235,1236,1,0,-16
1787463701.802,R',0,1,-,119.0,3134,3133,-1,2,1,51,1090,15,0,-1,675,674,-1,3,-7,3503,3503,0,2,0,1249,1249,0,0,-2,1235,1236,1,0,-16
1787463701.940,R',0,1,-,119.0,3134,3133,-1,2,1,1091,2100,-15,1,-2,675,674,-1,3,-7,3503,3503,0,2,0,1250,1250,0,0,-1,1236,1236,0,0,-16
1787463702.077,R,0,1,-,119.0,3134,3133,-1,2,1,2101,1090,13,0,-1,675,674,-1,3,-7,3503,3502,-1,2,-1,1249,1250,1,0,-1,1235,1236,1,0,-16
1787463702.214,R,0,1,-,119.0,3134,3132,-2,2,0,1092,48,-20,3,-3,675,674,-1,3,-7,3503,3503,0,2,0,1249,1250,1,0,-1,1236,1236,0,0,-16
1787463702.353,R',0,1,-,119.0,3134,3133,-1,2,1,51,1090,15,0,-1,675,674,-1,3,-7,3503,3502,-1,2,-1,1249,1250,1,0,-1,1235,1236,1,0,-16
1787463702.490,R',0,1,-,119.0,3134,3133,-1,2,1,1091,2100,-15,1,-2,675,674,-1,3,-7,3503,3502,-1,2,-1,1249,1250,1,0,-1,1235,1236,1,0,-16
1787463702.627,R,0,1,-,119.0,3134,3133,-1,2,1,2101,1090,13,0,-1,675,674,-1,3,-7,3503,3503,0,2,0,1249,1250,1,0,-1,1235,1235,0,0,-17
1787463702.767,R,0,1,-,119.0,3134,3133,-1,2,1,1092,48,-20,3,-3,675,674,-1,3,-7,3503,3502,-1,2,-1,1249,1250,1,0,-1,1236,1236,0,0,-16
1787463702.903,R',0,1,-,119.0,3134,3133,-1,2,1,51,1090,15,0,-1,675,674,-1,3,-7,3503,3502,-1,2,-1,1249,1250,1,0,-1,1235,1236,1,0,-16
1787463703.040,R',0,1,-,119.0,3134,3133,-1,2,1,1090,2100,-14,1,-2,675,674,-1,3,-7,3503,3503,0,2,0,1249,1250,1,0,-1,1236,1236,0,0,-16
1787463703.177,R,0,1,-,119.0,3134,3133,-1,2,1,2101,1090,13,0,-1,675,674,-1,3,-7,3503,3502,-1,2,-1,1249,1250,1,0,-1,1236,1235,-1,0,-17
1787463703.315,R,0,1,-,119.0,3134,3133,-1,2,1,1092,48,-20,3,-3,675,674,-1,3,-7,3503,3502,-1,2,-1,1249,1249,0,0,-2,1236,1236,0,0,-16
1787463703.452,R',0,1,-,119.0,3134,3132,-2,2,0,51,1090,15,0,-1,675,674,-1,3,-7,3502,3502,0,2,-1,1249,1250,1,0,-1,1235,1236,1,0,-16
1787463703.589,R',0,1,-,119.0,3134,3133,-1,2,1,1091,2100,-15,1,-2,675,674,-1,3,-7,3503,3503,0,2,0,1249,1250,1,0,-1,1235,1236,1,0,-16
1787463703.727,R,0,1,-,119.0,3134,3133,-1,2,1,2101,1090,13,0,-1,675,674,-1,3,-7,3503,3503,0,2,0,1249,1250,1,0,-1,1235,1235,0,0,-17
1787463703.864,R,0,1,-,119.0,3134,3133,-1,2,1,1091,48,-19,3,-3,675,674,-1,3,-7,3503,3503,0,2,0,1249,1250,1,0,-1,1235,1236,1,0,-16
1787463704.002,R',0,1,-,119.0,3134,3133,-1,2,1,51,1090,15,0,-1,675,674,-1,3,-7,3503,3502,-1,2,-1,1249,1250,1,0,-1,1235,1236,1,0,-16
1787463704.139,R',0,1,-,119.0,3134,3133,-1,2,1,1091,2100,-15,1,-2,675,674,-1,3,-7,3502,3503,1,2,0,1249,1250,1,0,-1,1236,1236,0,0,-16
1787463704.278,R,0,1,-,119.0,3134,3133,-1,2,1,2101,1090,13,0,-1,675,674,-1,3,-7,3503,3503,0,2,0,1249,1250,1,0,-1,1236,1235,-1,0,-17
1787463704.415,R,0,1,-,119.0,3134,3133,-1,2,1,1091,48,-19,3,-3,675,674,-1,3,-7,3503,3503,0,2,0,1249,1250,1,0,-1,1235,1235,0,0,-17
1787463704.552,R',0,1,-,119.0,3134,3133,-1,2,1,51,1090,15,0,-1,675,674,-1,3,-7,3503,3503,0,2,0,1250,1250,0,0,-1,1236,1236,0,0,-16
1787463704.691,R',0,1,-,119.0,3134,3133,-1,2,1,1091,2100,-15,1,-2,675,674,-1,3,-7,3503,3502,-1,2,-1,1249,1250,1,0,-1,1235,1235,0,0,-17
1787463704.828,R,0,1,-,119.0,3134,3133,-1,2,1,2101,1090,13,0,-1,675,674,-1,3,-7,3503,3503,0,2,0,1249,1250,1,0,-1,1236,1235,-1,0,-17
1787463704.965,R,0,1,-,119.0,3134,3133,-1,2,1,1092,48,-20,3,-3,675,674,-1,3,-7,3503,3503,0,2,0,1249,1250,1,0,-1,1235,1235,0,0,-17
1787463705.103,R',0,1,-,119.0,3134,3133,-1,2,1,51,1090,15,0,-1,675,674,-1,3,-7,3503,3503,0,2,0,1249,1250,1,0,-1,1235,1236,1,0,-16
1787463705.240,R',0,1,-,119.0,3134,3133,-1,2,1,1091,2100,-15,1,-2,675,674,-1,3,-7,3503,3502,-1,2,-1,1249,1249,0,0,-2,1235,1235,0,0,-17
1787463705.378,R,0,1,-,119.0,3134,3132,-2,2,0,2101,1090,13,0,-1,675,674,-1,3,-7,3503,3503,0,2,0,1249,1250,1,0,-1,1235,1236,1,0,-16
1787463705.697,F,0,1,-,119.0,3134,3133,-1,2,1,1092,1090,-2,0,-1,675,3746,-1,2,-2,3503,3503,0,2,0,1249,1250,1,0,-1,1236,1236,0,0,-16
1787463705.834,F',0,1,-,119.0,3134,3132,-2,2,0,1091,1090,-1,0,-1,3748,672,-4,3,-9,3503,3503,0,2,0,1249,1250,1,0,-1,1235,1235,0,0,-17
1787463705.972,F,0,1,-,119.0,3134,3133,-1,2,1,1091,1090,-1,0,-1,672,3746,2,2,-2,3503,3502,-1,2,-1,1249,1250,1,0,-1,1236,1236,0,0,-16
1787463706.109,F',0,1,-,119.0,3134,3133,-1,2,1,1091,1090,-1,0,-1,3748,672,-4,3,-9,3503,3503,0,2,0,1249,1250,1,0,-1,1235,1236,1,0,-16
1787463706.247,F,0,1,-,119.0,3134,3133,-1,2,1,1091,1090,-1,0,-1,672,3746,2,2,-2,3503,3503,0,2,0,1249,1250,1,0,-1,1236,1236,0,0,-16
1787463706.384,F',0,1,-,119.0,3134,3133,-1,2,1,1091,1090,-1,0,-1,3748,672,-4,3,-9,3503,3503,0,2,0,1249,1250,1,0,-1,1235,1235,0,0,-17
1787463706.521,F,0,1,-,119.0,3134,3133,-1,2,1,1091,1090,-1,0,-1,672,3746,2,2,-2,3503,3503,0,2,0,1249,1250,1,0,-1,1236,1236,0,0,-16
1787463706.659,F',0,1,-,119.0,3134,3133,-1,2,1,1091,1090,-1,0,-1,3748,672,-4,3,-9,3503,3502,-1,2,-1,1249,1250,1,0,-1,1235,1236,1,0,-16
1787463706.796,F,0,1,-,119.0,3134,3133,-1,2,1,1091,1090,-1,0,-1,672,3746,2,2,-2,3503,3502,-1,2,-1,1249,1250,1,0,-1,1235,1236,1,0,-16
1787463706.934,F',0,1,-,119.0,3134,3133,-1,2,1,1091,1090,-1,0,-1,3748,672,-4,3,-9,3503,3503,0,2,0,1249,1250,1,0,-1,1235,1235,0,0,-17
1787463707.072,F,0,1,-,119.0,3134,3133,-1,2,1,1091,1090,-1,0,-1,672,3746,2,2,-2,3503,3502,-1,2,-1,1249,1249,0,0,-2,1236,1236,0,0,-16
1787463707.209,F',0,1,-,119.0,3134,3133,-1,2,1,1091,1090,-1,0,-1,3748,672,-4,3,-9,3503,3503,0,2,0,1249,1250,1,0,-1,1235,1236,1,0,-16
1787463707.346,F,0,1,-,119.0,3134,3133,-1,2,1,1091,1090,-1,0,-1,672,3746,2,2,-2,3503,3503,0,2,0,1249,1250,1,0,-1,1236,1236,0,0,-16
1787463707.484,F',0,1,-,119.0,3134,3133,-1,2,1,1091,1090,-1,0,-1,3748,673,-3,3,-8,3503,3502,-1,2,-1,1249,1250,1,0,-1,1235,1236,1,0,-16
1787463707.620,F,0,1,-,119.0,3134,3133,-1,2,1,1091,1090,-1,0,-1,672,3746,2,2,-2,3503,3502,-1,2,-1,1249,1250,1,0,-1,1235,1236,1,0,-16
1787463707.759,F',0,1,-,119.0,3134,3133,-1,2,1,1091,1090,-1,0,-1,3748,672,-4,3,-9,3503,3502,-1,2,-1,1250,1250,0,0,-1,1235,1235,0,0,-17
1787463707.897,F,0,1,-,119.0,3134,3133,-1,2,1,1091,1090,-1,0,-1,672,3746,2,2,-2,3503,3502,-1,2,-1,1249,1250,1,0,-1,1235,1236,1,0,-16
1787463708.034,F',0,1,-,119.0,3134,3133,-1,2,1,1091,1090,-1,0,-1,3748,672,-4,3,-9,3503,3503,0,2,0,1249,1250,1,0,-1,1235,1236,1,0,-16
1787463708.171,F,0,1,-,119.0,3134,3133,-1,2,1,1091,1090,-1,0,-1,672,3746,2,2,-2,3503,3502,-1,2,-1,1249,1250,1,0,-1,1236,1236,0,0,-16
1787463708.309,F',0,1,-,119.0,3134,3133,-1,2,1,1091,1090,-1,0,-1,3748,672,-4,3,-9,3503,3502,-1,2,-1,1249,1250,1,0,-1,1235,1235,0,0,-17
1787463708.446,F,0,1,-,119.0,3134,3133,-1,2,1,1091,1090,-1,0,-1,672,3746,2,2,-2,3502,3503,1,2,0,1249,1250,1,0,-1,1236,1236,0,0,-16
1787463708.584,F',0,1,-,119.0,3134,3133,-1,2,1,1091,1090,-1,0,-1,3748,672,-4,3,-9,3503,3503,0,2,0,1249,1250,1,0,-1,1235,1236,1,0,-16
1787463708.722,F,0,1,-,119.0,3134,3132,-2,2,0,1091,1090,-1,0,-1,672,3746,2,2,-2,3503,3503,0,2,0,1250,1250,0,0,-1,1235,1236,1,0,-16
1787463708.859,F',0,1,-,119.0,3134,3133,-1,2,1,1091,1090,-1,0,-1,3748,672,-4,3,-9,3503,3502,-1,2,-1,1249,1250,1,0,-1,1235,1236,1,0,-16
1787463708.996,F,0,1,-,119.0,3134,3133,-1,2,1,1091,1090,-1,0,-1,672,3746,2,2,-2,3503,3503,0,2,0,1249,1250,1,0,-1,1235,1236,1,0,-16
1787463709.134,F',0,1,-,119.0,3134,3132,-2,2,0,1091,1091,0,0,0,3748,672,-4,3,-9,3503,3502,-1,2,-1,1249,1250,1,0,-1,1235,1236,1,0,-16
1787463709.272,F,0,1,-,119.0,3134,3132,-2,2,0,1091,1090,-1,0,-1,672,3746,2,2,-2,3503,3502,-1,2,-1,1249,1250,1,0,-1,1236,1236,0,0,-16
1787463709.409,F',0,1,-,119.0,3134,3133,-1,2,1,1091,1090,-1,0,-1,3748,672,-4,3,-9,3503,3503,0,2,0,1249,1250,1,0,-1,1236,1236,0,0,-16
1787463709.546,F,0,1,-,119.0,3134,3133,-1,2,1,1091,1090,-1,0,-1,672,3746,2,2,-2,3503,3503,0,2,0,1249,1250,1,0,-1,1235,1236,1,0,-16
1787463709.684,F',0,1,-,119.0,3134,3133,-1,2,1,1091,1090,-1,0,-1,3748,672,-4,3,-9,3503,3502,-1,2,-1,1249,1250,1,0,-1,1235,1236,1,0,-16
1787463709.821,F,0,1,-,119.0,3134,3133,-1,2,1,1091,1090,-1,0,-1,672,3746,2,2,-2,3503,3503,0,2,0,1250,1250,0,0,-1,1235,1236,1,0,-16
1787463709.959,F',0,1,-,119.0,3134,3133,-1,2,1,1091,1090,-1,0,-1,3748,672,-4,3,-9,3503,3503,0,2,0,1249,1250,1,0,-1,1235,1236,1,0,-16
1787463710.096,F,0,1,-,119.0,3134,3133,-1,2,1,1091,1090,-1,0,-1,672,3746,2,2,-2,3503,3503,0,2,0,1250,1250,0,0,-1,1235,1236,1,0,-16
1787463710.234,F',0,1,-,119.0,3134,3133,-1,2,1,1091,1090,-1,0,-1,3748,672,-4,3,-9,3503,3502,-1,2,-1,1249,1250,1,0,-1,1236,1236,0,0,-16
1787463710.371,F,0,1,-,119.0,3134,3133,-1,2,1,1091,1090,-1,0,-1,672,3746,2,2,-2,3503,3502,-1,2,-1,1249,1250,1,0,-1,1236,1236,0,0,-16
1787463710.509,F',0,1,-,119.0,3135,3133,-2,2,1,1091,1090,-1,0,-1,3748,673,-3,3,-8,3503,3502,-1,2,-1,1250,1250,0,0,-1,1235,1235,0,0,-17
1787463710.646,F,0,1,-,119.0,3134,3133,-1,2,1,1091,1090,-1,0,-1,672,3746,2,2,-2,3503,3503,0,2,0,1249,1249,0,0,-2,1236,1236,0,0,-16
1787463710.784,F',0,1,-,119.0,3134,3133,-1,2,1,1091,1090,-1,0,-1,3748,673,-3,3,-8,3503,3503,0,2,0,1249,1250,1,0,-1,1235,1236,1,0,-16
1787463710.922,F,0,1,-,119.0,3134,3133,-1,2,1,1091,1090,-1,0,-1,672,3746,2,2,-2,3503,3503,0,2,0,1250,1250,0,0,-1,1236,1236,0,0,-16
1787463711.059,F',0,1,-,119.0,3134,3133,-1,2,1,1091,1090,-1,0,-1,3748,672,-4,3,-9,3503,3503,0,2,0,1249,1249,0,0,-2,1235,1235,0,0,-17
1787463711.196,F,0,1,-,119.0,3134,3133,-1,2,1,1091,1091,0,0,0,672,3746,2,2,-2,3503,3502,-1,2,-1,1250,1250,0,0,-1,1236,1236,0,0,-16
1787463711.334,F',0,1,-,119.0,3134,3133,-1,2,1,1091,1090,-1,0,-1,3748,673,-3,3,-8,3503,3503,0,2,0,1249,1250,1,0,-1,1236,1235,-1,0,-17
1787463711.471,F,0,1,-,119.0,3134,3133,-1,2,1,1091,1090,-1,0,-1,672,3746,2,2,-2,3503,3503,0,2,0,1249,1249,0,0,-2,1236,1236,0,0,-16
1787463711.609,F',0,1,-,119.0,3134,3133,-1,2,1,1091,1090,-1,0,-1,3748,672,-4,3,-9,3503,3503,0,2,0,1249,1250,1,0,-1,1235,1236,1,0,-16
1787463711.745,F,0,1,-,119.0,3134,3133,-1,2,1,1091,1090,-1,0,-1,672,3746,2,2,-2,3503,3503,0,2,0,1249,1250,1,0,-1,1236,1236,0,0,-16
1787463711.885,F',0,1,-,119.0,3134,3133,-1,2,1,1091,1090,-1,0,-1,3748,673,-3,3,-8,3503,3503,0,2,0,1249,1250,1,0,-1,1235,1236,1,0,-16
1787463712.021,F,0,1,-,119.0,3135,3133,-2,2,1,1091,1090,-1,0,-1,672,3746,2,2,-2,3503,3502,-1,2,-1,1249,1249,0,0,-2,1235,1236,1,0,-16
1787463712.158,F',0,1,-,119.0,3134,3133,-1,2,1,1091,1090,-1,0,-1,3748,673,-3,3,-8,3503,3503,0,2,0,1249,1250,1,0,-1,1236,1236,0,0,-16
1787463712.298,F,0,1,-,119.0,3134,3133,-1,2,1,1091,1090,-1,0,-1,672,3746,2,2,-2,3503,3502,-1,2,-1,1249,1250,1,0,-1,1235,1236,1,0,-16
1787463712.434,F',0,1,-,119.0,3134,3133,-1,2,1,1091,1090,-1,0,-1,3748,672,-4,3,-9,3503,3503,0,2,0,1250,1250,0,0,-1,1235,1236,1,0,-16
1787463712.571,F,0,1,-,119.0,3134,3133,-1,2,1,1091,1090,-1,0,-1,672,3746,2,2,-2,3503,3503,0,2,0,1249,1250,1,0,-1,1235,1236,1,0,-16
1787463712.709,F',0,1,-,119.0,3134,3133,-1,2,1,1091,1090,-1,0,-1,3748,673,-3,3,-8,3503,3503,0,2,0,1249,1249,0,0,-2,1236,1235,-1,0,-17
1787463712.848,F,0,1,-,119.0,3134,3133,-1,2,1,1091,1090,-1,0,-1,672,3746,2,2,-2,3502,3503,1,2,0,1249,1249,0,0,-2,1236,1236,0,0,-16
1787463712.985,F',0,1,-,119.0,3134,3133,-1,2,1,1091,1090,-1,0,-1,3748,672,-4,3,-9,3503,3502,-1,2,-1,1249,1250,1,0,-1,1235,1235,0,0,-17
1787463713.123,F,0,1,-,119.0,3134,3133,-1,2,1,1091,1090,-1,0,-1,672,3746,2,2,-2,3503,3502,-1,2,-1,1249,1250,1,0,-1,1236,1236,0,0,-16
1787463713.258,F',0,1,-,119.0,3134,3133,-1,2,1,1091,1090,-1,0,-1,3748,673,-3,3,-8,3503,3503,0,2,0,1249,1249,0,0,-2,1235,1236,1,0,-16
1787463713.399,F,0,1,-,119.0,3134,3133,-1,2,1,1091,1090,-1,0,-1,672,3746,2,2,-2,3502,3503,1,2,0,1249,1250,1,0,-1,1235,1235,0,0,-17
1787463713.534,F',0,1,-,119.0,3134,3133,-1,2,1,1091,1090,-1,0,-1,3748,672,-4,3,-9,3502,3502,0,2,-1,1249,1250,1,0,-1,1236,1236,0,0,-16
1787463713.673,F,0,1,-,119.0,3134,3133,-1,2,1,1091,1090,-1,0,-1,672,3746,2,2,-2,3503,3502,-1,2,-1,1249,1250,1,0,-1,1236,1235,-1,0,-17
1787463713.808,F',0,1,-,119.0,3134,3133,-1,2,1,1091,1090,-1,0,-1,3748,673,-3,3,-8,3502,3503,1,2,0,1249,1250,1,0,-1,1235,1236,1,0,-16
1787463713.947,F,0,1,-,119.0,3134,3133,-1,2,1,1091,1090,-1,0,-1,672,3746,2,2,-2,3503,3502,-1,2,-1,1249,1249,0,0,-2,1236,1236,0,0,-16
1787463714.086,F',0,1,-,119.0,3134,3132,-2,2,0,1091,1090,-1,0,-1,3748,672,-4,3,-9,3502,3503,1,2,0,1249,1250,1,0,-1,1235,1236,1,0,-16
1787463714.221,F,0,1,-,119.0,3134,3133,-1,2,1,1091,1090,-1,0,-1,672,3746,2,2,-2,3503,3502,-1,2,-1,1249,1250,1,0,-1,1236,1236,0,0,-16
1787463714.358,F',0,1,-,119.0,3134,3133,-1,2,1,1091,1090,-1,0,-1,3748,673,-3,3,-8,3502,3503,1,2,0,1249,1250,1,0,-1,1235,1236,1,0,-16
1787463714.496,F,0,1,-,119.0,3135,3133,-2,2,1,1091,1090,-1,0,-1,672,3746,2,2,-2,3503,3502,-1,2,-1,1249,1250,1,0,-1,1235,1236,1,0,-16
1787463714.634,F',0,1,-,119.0,3134,3133,-1,2,1,1091,1090,-1,0,-1,3748,673,-3,3,-8,3503,3503,0,2,0,1249,1249,0,0,-2,1235,1235,0,0,-17
1787463714.772,F,0,1,-,119.0,3134,3133,-1,2,1,1091,1090,-1,0,-1,672,3746,2,2,-2,3503,3502,-1,2,-1,1249,1250,1,0,-1,1235,1236,1,0,-16
1787463714.909,F',0,1,-,119.0,3134,3133,-1,2,1,1091,1090,-1,0,-1,3748,672,-4,3,-9,3502,3503,1,2,0,1249,1250,1,0,-1,1236,1236,0,0,-16
1787463715.048,F,0,1,-,119.0,3134,3133,-1,2,1,1091,1090,-1,0,-1,672,3746,2,2,-2,3503,3503,0,2,0,1249,1250,1,0,-1,1236,1235,-1,0,-17
1787463715.185,F',0,1,-,119.0,3134,3133,-1,2,1,1091,1090,-1,0,-1,3748,672,-4,3,-9,3503,3503,0,2,0,1250,1250,0,0,-1,1235,1236,1,0,-16
1787463715.321,F,0,1,-,119.0,3134,3133,-1,2,1,1091,1090,-1,0,-1,672,3746,2,2,-2,3503,3502,-1,2,-1,1249,1250,1,0,-1,1235,1236,1,0,-16
1787463715.458,F',0,1,-,119.0,3134,3133,-1,2,1,1091,1090,-1,0,-1,3748,673,-3,3,-8,3503,3503,0,2,0,1249,1250,1,0,-1,1236,1235,-1,0,-17
1787463715.596,F,0,1,-,119.0,3134,3132,-2,2,0,1091,1090,-1,0,-1,673,3746,1,2,-2,3503,3503,0,2,0,1249,1250,1,0,-1,1235,1236,1,0,-16
1787463715.733,F',0,1,-,119.0,3134,3133,-1,2,1,1091,1090,-1,0,-1,3748,673,-3,3,-8,3503,3502,-1,2,-1,1249,1250,1,0,-1,1235,1236,1,0,-16
1787463715.870,F,0,1,-,119.0,3134,3133,-1,2,1,1091,1090,-1,0,-1,672,3746,2,2,-2,3503,3502,-1,2,-1,1249,1250,1,0,-1,1235,1236,1,0,-16
1787463716.008,F',0,1,-,119.0,3134,3133,-1,2,1,1091,1090,-1,0,-1,3748,673,-3,3,-8,3503,3503,0,2,0,1249,1250,1,0,-1,1235,1236,1,0,-16
1787463716.146,F,0,1,-,119.0,3134,3132,-2,2,0,1091,1090,-1,0,-1,672,3746,2,2,-2,3503,3503,0,2,0,1249,1250,1,0,-1,1236,1235,-1,0,-17
1787463716.283,F',0,1,-,119.0,3134,3133,-1,2,1,1091,1090,-1,0,-1,3748,673,-3,3,-8,3503,3503,0,2,0,1249,1250,1,0,-1,1235,1236,1,0,-16
1787463716.421,F,0,1,-,119.0,3134,3133,-1,2,1,1091,1090,-1,0,-1,672,3746,2,2,-2,3503,3503,0,2,0,1249,1250,1,0,-1,1236,1236,0,0,-16
1787463716.558,F',0,1,-,119.0,3134,3133,-1,2,1,1091,1090,-1,0,-1,3748,672,-4,3,-9,3503,3502,-1,2,-1,1249,1250,1,0,-1,1236,1236,0,0,-16
1787463716.696,F,0,1,-,119.0,3134,3133,-1,2,1,1091,1090,-1,0,-1,672,3746,2,2,-2,3503,3503,0,2,0,1249,1250,1,0,-1,1235,1235,0,0,-17
1787463716.834,F',0,1,-,119.0,3134,3132,-2,2,0,1091,1090,-1,0,-1,3748,672,-4,3,-9,3503,3503,0,2,0,1249,1250,1,0,-1,1235,1235,0,0,-17
1787463716.971,F,0,1,-,119.0,3134,3133,-1,2,1,1091,1090,-1,0,-1,672,3746,2,2,-2,3503,3503,0,2,0,1249,1250,1,0,-1,1236,1236,0,0,-16
1787463717.108,F',0,1,-,119.0,3134,3133,-1,2,1,1091,1090,-1,0,-1,3748,673,-3,3,-8,3503,3503,0,2,0,1250,1249,-1,0,-2,1235,1236,1,0,-16
1787463717.245,F,0,1,-,119.0,3134,3133,-1,2,1,1091,1090,-1,0,-1,672,3746,2,2,-2,3503,3502,-1,2,-1,1249,1250,1,0,-1,1235,1236,1,0,-16
1787463717.383,F',0,1,-,119.0,3134,3133,-1,2,1,1091,1090,-1,0,-1,3748,673,-3,3,-8,3503,3502,-1,2,-1,1249,1250,1,0,-1,1235,1235,0,0,-17
1787463717.521,F,0,1,-,119.0,3134,3133,-1,2,1,1091,1090,-1,0,-1,672,3746,2,2,-2,3503,3503,0,2,0,1249,1250,1,0,-1,1236,1236,0,0,-16
1787463717.658,F',0,1,-,119.0,3134,3132,-2,2,0,1091,1090,-1,0,-1,3748,672,-4,3,-9,3503,3503,0,2,0,1249,1250,1,0,-1,1235,1235,0,0,-17
1787463717.796,F,0,1,-,119.0,3134,3133,-1,2,1,1091,1090,-1,0,-1,672,3746,2,2,-2,3503,3503,0,2,0,1249,1250,1,0,-1,1235,1236,1,0,-16
1787463717.933,F',0,1,-,119.0,3134,3133,-1,2,1,1091,1090,-1,0,-1,3748,673,-3,3,-8,3503,3503,0,2,0,1249,1250,1,0,-1,1236,1236,0,0,-16
1787463718.070,F,0,1,-,119.0,3134,3133,-1,2,1,1091,1090,-1,0,-1,672,3746,2,2,-2,3503,3503,0,2,0,1249,1250,1,0,-1,1235,1235,0,0,-17
1787463718.208,F',0,1,-,119.0,3134,3133,-1,2,1,1091,1090,-1,0,-1,3747,673,-2,3,-8,3503,3502,-1,2,-1,1250,1250,0,0,-1,1235,1236,1,0,-16
1787463718.346,F,0,1,-,119.0,3134,3133,-1,2,1,1091,1090,-1,0,-1,672,3746,2,2,-2,3503,3503,0,2,0,1249,1249,0,0,-2,1236,1235,-1,0,-17
1787463718.484,F',0,1,-,119.0,3134,3133,-1,2,1,1091,1090,-1,0,-1,3748,673,-3,3,-8,3503,3503,0,2,0,1249,1250,1,0,-1,1235,1236,1,0,-16
1787463718.621,F,0,1,-,119.0,3134,3133,-1,2,1,1091,1090,-1,0,-1,673,3746,1,2,-2,3503,3503,0,2,0,1249,1249,0,0,-2,1236,1236,0,0,-16
1787463718.758,F',0,1,-,119.0,3134,3133,-1,2,1,1091,1090,-1,0,-1,3747,673,-2,3,-8,3503,3502,-1,2,-1,1250,1250,0,0,-1,1235,1235,0,0,-17
1787463718.896,F,0,1,-,119.0,3134,3132,-2,2,0,1091,1090,-1,0,-1,673,3746,1,2,-2,3503,3503,0,2,0,1249,1249,0,0,-2,1236,1235,-1,0,-17
1787463719.033,F',0,1,-,119.0,3134,3133,-1,2,1,1091,1090,-1,0,-1,3748,673,-3,3,-8,3503,3503,0,2,0,1249,1250,1,0,-1,1235,1236,1,0,-16
1787463719.171,F,0,1,-,119.0,3134,3133,-1,2,1,1091,1090,-1,0,-1,672,3746,2,2,-2,3503,3503,0,2,0,1249,1250,1,0,-1,1236,1236,0,0,-16
1787463719.308,F',0,1,-,119.0,3134,3133,-1,2,1,1091,1090,-1,0,-1,3748,672,-4,3,-9,3503,3503,0,2,0,1249,1250,1,0,-1,1235,1236,1,0,-16
1787463719.445,F,0,1,-,119.0,3134,3133,-1,2,1,1091,1090,-1,0,-1,672,3746,2,2,-2,3503,3503,0,2,0,1249,1250,1,0,-1,1236,1236,0,0,-16
1787463719.585,F',0,1,-,119.0,3134,3133,-1,2,1,1091,1090,-1,0,-1,3748,672,-4,3,-9,3503,3503,0,2,0,1250,1250,0,0,-1,1235,1236,1,0,-16
1787463719.720,F,0,1,-,119.0,3134,3133,-1,2,1,1091,1090,-1,0,-1,672,3746,2,2,-2,3502,3503,1,2,0,1249,1249,0,0,-2,1235,1235,0,0,-17
1787463719.858,F',0,1,-,119.0,3134,3133,-1,2,1,1091,1090,-1,0,-1,3748,672,-4,3,-9,3503,3503,0,2,0,1249,1249,0,0,-2,1235,1236,1,0,-16
1787463719.996,F,0,1,-,119.0,3134,3133,-1,2,1,1091,1090,-1,0,-1,672,3746,2,2,-2,3503,3503,0,2,0,1249,1250,1,0,-1,1235,1236,1,0,-16
1787463720.133,F',0,1,-,119.0,3134,3133,-1,2,1,1091,1090,-1,0,-1,3748,672,-4,3,-9,3503,3502,-1,2,-1,1249,1250,1,0,-1,1235,1236,1,0,-16
1787463720.270,F,0,1,-,119.0,3134,3133,-1,2,1,1091,1090,-1,0,-1,672,3746,2,2,-2,3503,3502,-1,2,-1,1250,1250,0,0,-1,1236,1236,0,0,-16
1787463720.407,F',0,1,-,119.0,3134,3133,-1,2,1,1091,1090,-1,0,-1,3748,673,-3,3,-8,3503,3503,0,2,0,1249,1250,1,0,-1,1235,1236,1,0,-16
1787463720.545,F,0,1,-,119.0,3134,3133,-1,2,1,1091,1090,-1,0,-1,672,3746,2,2,-2,3503,3503,0,2,0,1249,1250,1,0,-1,1235,1236,1,0,-16
1787463720.683,F',0,1,-,119.0,3135,3133,-2,2,1,1091,1090,-1,0,-1,3748,673,-3,3,-8,3503,3503,0,2,0,1249,1250,1,0,-1,1235,1236,1,0,-16
1787463720.820,F,0,1,-,119.0,3134,3133,-1,2,1,1091,1090,-1,0,-1,672,3746,2,2,-2,3503,3502,-1,2,-1,1249,1250,1,0,-1,1235,1235,0,0,-17
1787463720.958,F',0,1,-,119.0,3134,3132,-2,2,0,1091,1090,-1,0,-1,3747,672,-3,3,-9,3503,3503,0,2,0,1249,1250,1,0,-1,1235,1235,0,0,-17
1787463721.096,F,0,1,-,119.0,3135,3133,-2,2,1,1091,1090,-1,0,-1,672,3746,2,2,-2,3503,3503,0,2,0,1249,1250,1,0,-1,1235,1235,0,0,-17
1787463721.234,F',0,1,-,119.0,3134,3133,-1,2,1,1091,1090,-1,0,-1,3748,672,-4,3,-9,3502,3503,1,2,0,1249,1250,1,0,-1,1235,1236,1,0,-16
1787463721.370,F,0,1,-,119.0,3134,3133,-1,2,1,1091,1090,-1,0,-1,672,3746,2,2,-2,3503,3502,-1,2,-1,1249,1250,1,0,-1,1235,1236,1,0,-16
1787463721.508,F',0,1,-,119.0,3134,3133,-1,2,1,1091,1090,-1,0,-1,3747,672,-3,3,-9,3503,3502,-1,2,-1,1249,1250,1,0,-1,1235,1235,0,0,-17
1787463721.646,F,0,1,-,119.0,3134,3133,-1,2,1,1091,1090,-1,0,-1,672,3746,2,2,-2,3503,3502,-1,2,-1,1249,1250,1,0,-1,1236,1236,0,0,-16
1787463721.783,F',0,1,-,119.0,3134,3133,-1,2,1,1091,1090,-1,0,-1,3748,673,-3,3,-8,3503,3502,-1,2,-1,1249,1249,0,0,-2,1235,1236,1,0,-16
1787463721.920,F,0,1,-,119.0,3134,3133,-1,2,1,1091,1090,-1,0,-1,672,3746,2,2,-2,3503,3503,0,2,0,1249,1250,1,0,-1,1236,1235,-1,0,-17
1787463722.057,F',0,1,-,119.0,3134,3133,-1,2,1,1091,1090,-1,0,-1,3748,672,-4,3,-9,3503,3503,0,2,0,1249,1250,1,0,-1,1235,1236,1,0,-16
1787463722.195,F,0,1,-,119.0,3134,3133,-1,2,1,1091,1090,-1,0,-1,672,3746,2,2,-2,3503,3503,0,2,0,1249,1250,1,0,-1,1235,1236,1,0,-16
1787463722.333,F',0,1,-,119.0,3134,3133,-1,2,1,1091,1090,-1,0,-1,3748,673,-3,3,-8,3503,3503,0,2,0,1249,1250,1,0,-1,1235,1236,1,0,-16
1787463722.470,F,0,1,-,119.0,3134,3132,-2,2,0,1091,1090,-1,0,-1,672,3746,2,2,-2,3503,3503,0,2,0,1249,1250,1,0,-1,1235,1236,1,0,-16
1787463722.609,F',0,1,-,119.0,3134,3133,-1,2,1,1091,1090,-1,0,-1,3748,672,-4,3,-9,3503,3502,-1,2,-1,1249,1250,1,0,-1,1236,1236,0,0,-16
1787463722.745,F,0,1,-,119.0,3134,3133,-1,2,1,1091,1090,-1,0,-1,672,3746,2,2,-2,3503,3503,0,2,0,1249,1250,1,0,-1,1235,1236,1,0,-16
1787463722.882,F',0,1,-,119.0,3134,3133,-1,2,1,1091,1090,-1,0,-1,3748,672,-4,3,-9,3503,3503,0,2,0,1249,1250,1,0,-1,1235,1235,0,0,-17
1787463723.019,F,0,1,-,119.0,3134,3133,-1,2,1,1091,1090,-1,0,-1,672,3746,2,2,-2,3503,3503,0,2,0,1249,1250,1,0,-1,1235,1235,0,0,-17
1787463723.157,F',0,1,-,119.0,3134,3133,-1,2,1,1091,1090,-1,0,-1,3748,672,-4,3,-9,3503,3502,-1,2,-1,1249,1250,1,0,-1,1235,1236,1,0,-16
1787463723.295,F,0,1,-,119.0,3134,3133,-1,2,1,1091,1090,-1,0,-1,672,3746,2,2,-2,3503,3502,-1,2,-1,1249,1250,1,0,-1,1235,1236,1,0,-16
1787463723.433,F',0,1,-,119.0,3134,3133,-1,2,1,1091,1090,-1,0,-1,3748,672,-4,3,-9,3502,3503,1,2,0,1249,1249,0,0,-2,1235,1235,0,0,-17
1787463723.570,F,0,1,-,119.0,3134,3133,-1,2,1,1091,1090,-1,0,-1,672,3746,2,2,-2,3503,3503,0,2,0,1249,1250,1,0,-1,1236,1235,-1,0,-17
1787463723.707,F',0,1,-,119.0,3134,3133,-1,2,1,1091,1090,-1,0,-1,3748,672,-4,3,-9,3503,3503,0,2,0,1249,1250,1,0,-1,1235,1235,0,0,-17
1787463723.845,F,0,1,-,119.0,3134,3133,-1,2,1,1091,1090,-1,0,-1,672,3746,2,2,-2,3503,3503,0,2,0,1249,1250,1,0,-1,1235,1236,1,0,-16
1787463723.982,F',0,1,-,119.0,3134,3133,-1,2,1,1091,1090,-1,0,-1,3748,673,-3,3,-8,3503,3503,0,2,0,1249,1250,1,0,-1,1235,1236,1,0,-16
1787463724.121,F,0,1,-,119.0,3134,3133,-1,2,1,1091,1090,-1,0,-1,672,3746,2,2,-2,3503,3503,0,2,0,1250,1249,-1,0,-2,1236,1236,0,0,-16
1787463724.258,F',0,1,-,119.0,3134,3133,-1,2,1,1091,1090,-1,0,-1,3748,673,-3,3,-8,3503,3502,-1,2,-1,1249,1250,1,0,-1,1236,1235,-1,0,-17
1787463724.395,F,0,1,-,119.0,3134,3133,-1,2,1,1091,1090,-1,0,-1,672,3746,2,2,-2,3503,3503,0,2,0,1249,1250,1,0,-1,1235,1235,0,0,-17
1787463724.532,F',0,1,-,119.0,3134,3133,-1,2,1,1091,1090,-1,0,-1,3748,673,-3,3,-8,3503,3503,0,2,0,1249,1250,1,0,-1,1235,1236,1,0,-16
1787463724.670,F,0,1,-,119.0,3134,3133,-1,2,1,1091,1090,-1,0,-1,672,3746,2,2,-2,3503,3503,0,2,0,1249,1249,0,0,-2,1235,1235,0,0,-17
1787463724.808,F',0,1,-,119.0,3134,3133,-1,2,1,1091,1090,-1,0,-1,3748,673,-3,3,-8,3503,3503,0,2,0,1249,1250,1,0,-1,1235,1236,1,0,-16
1787463724.946,F,0,1,-,119.0,3134,3133,-1,2,1,1091,1090,-1,0,-1,672,3746,2,2,-2,3503,3503,0,2,0,1249,1249,0,0,-2,1235,1236,1,0,-16
1787463725.083,F',0,1,-,119.0,3134,3133,-1,2,1,1091,1090,-1,0,-1,3748,672,-4,3,-9,3503,3503,0,2,0,1249,1250,1,0,-1,1235,1236,1,0,-16
1787463725.220,F,0,1,-,119.0,3135,3133,-2,2,1,1091,1090,-1,0,-1,672,3746,2,2,-2,3503,3503,0,2,0,1249,1250,1,0,-1,1235,1236,1,0,-16
1787463725.357,F',0,1,-,119.0,3134,3133,-1,2,1,1091,1090,-1,0,-1,3748,672,-4,3,-9,3503,3502,-1,2,-1,1249,1250,1,0,-1,1235,1236,1,0,-16
1787463725.494,F,0,1,-,119.0,3134,3133,-1,2,1,1091,1090,-1,0,-1,672,3746,2,2,-2,3503,3503,0,2,0,1249,1250,1,0,-1,1235,1236,1,0,-16
1787463725.633,F',0,1,-,119.0,3134,3133,-1,2,1,1091,1090,-1,0,-1,3748,672,-4,3,-9,3503,3503,0,2,0,1249,1250,1,0,-1,1236,1235,-1,0,-17
1787463725.769,F,0,1,-,119.0,3134,3133,-1,2,1,1091,1090,-1,0,-1,672,3746,2,2,-2,3503,3502,-1,2,-1,1249,1249,0,0,-2,1235,1236,1,0,-16
1787463725.907,F',0,1,-,119.0,3134,3133,-1,2,1,1091,1090,-1,0,-1,3748,672,-4,3,-9,3503,3503,0,2,0,1250,1250,0,0,-1,1236,1236,0,0,-16
1787463726.047,F,0,1,-,119.0,3134,3133,-1,2,1,1091,1090,-1,0,-1,672,3746,2,2,-2,3503,3502,-1,2,-1,1249,1250,1,0,-1,1235,1236,1,0,-16
1787463726.183,F',0,1,-,119.0,3134,3133,-1,2,1,1091,1090,-1,0,-1,3747,673,-2,3,-8,3503,3503,0,2,0,1249,1250,1,0,-1,1235,1236,1,0,-16
1787463726.320,F,0,1,-,119.0,3134,3133,-1,2,1,1091,1090,-1,0,-1,672,3746,2,2,-2,3503,3502,-1,2,-1,1250,1249,-1,0,-2,1236,1235,-1,0,-17
1787463726.457,F',0,1,-,119.0,3134,3133,-1,2,1,1091,1090,-1,0,-1,3748,672,-4,3,-9,3502,3503,1,2,0,1249,1250,1,0,-1,1235,1236,1,0,-16
1787463726.595,F,0,1,-,119.0,3134,3133,-1,2,1,1091,1090,-1,0,-1,672,3746,2,2,-2,3503,3503,0,2,0,1249,1250,1,0,-1,1235,1236,1,0,-16
1787463726.732,F',0,1,-,119.0,3134,3133,-1,2,1,1091,1090,-1,0,-1,3748,673,-3,3,-8,3503,3502,-1,2,-1,1249,1250,1,0,-1,1235,1236,1,0,-16
1787463726.870,F,0,1,-,119.0,3134,3133,-1,2,1,1091,1090,-1,0,-1,672,3746,2,2,-2,3503,3502,-1,2,-1,1250,1250,0,0,-1,1235,1236,1,0,-16
1787463727.007,F',0,1,-,119.0,3134,3133,-1,2,1,1091,1090,-1,0,-1,3748,673,-3,3,-8,3503,3503,0,2,0,1249,1250,1,0,-1,1235,1235,0,0,-17
1787463727.144,F,0,1,-,119.0,3134,3133,-1,2,1,1091,1090,-1,0,-1,672,3746,2,2,-2,3503,3503,0,2,0,1249,1249,0,0,-2,1235,1236,1,0,-16
1787463727.283,F',0,1,-,119.0,3134,3132,-2,2,0,1091,1090,-1,0,-1,3748,673,-3,3,-8,3503,3503,0,2,0,1249,1250,1,0,-1,1236,1235,-1,0,-17
1787463727.419,F,0,1,-,119.0,3134,3132,-2,2,0,1091,1090,-1,0,-1,672,3746,2,2,-2,3503,3503,0,2,0,1249,1250,1,0,-1,1235,1236,1,0,-16
1787463727.558,F',0,1,-,119.0,3134,3133,-1,2,1,1091,1090,-1,0,-1,3748,672,-4,3,-9,3503,3502,-1,2,-1,1249,1250,1,0,-1,1235,1236,1,0,-16
1787463727.695,F,0,1,-,119.0,3134,3133,-1,2,1,1091,1090,-1,0,-1,672,3746,2,2,-2,3503,3503,0,2,0,1249,1250,1,0,-1,1236,1235,-1,0,-17
1787463727.833,F',0,1,-,119.0,3134,3132,-2,2,0,1091,1090,-1,0,-1,3748,673,-3,3,-8,3503,3502,-1,2,-1,1249,1250,1,0,-1,1235,1235,0,0,-17
1787463727.970,F,0,1,-,119.0,3134,3133,-1,2,1,1091,1090,-1,0,-1,672,3746,2,2,-2,3503,3503,0,2,0,1249,1250,1,0,-1,1235,1235,0,0,-17
1787463728.107,F',0,1,-,119.0,3134,3133,-1,2,1,1091,1090,-1,0,-1,3748,673,-3,3,-8,3503,3503,0,2,0,1249,1250,1,0,-1,1235,1236,1,0,-16
1787463728.245,F,0,1,-,119.0,3134,3133,-1,2,1,1091,1090,-1,0,-1,672,3746,2,2,-2,3502,3502,0,2,-1,1249,1249,0,0,-2,1236,1236,0,0,-16
1787463728.382,F',0,1,-,119.0,3134,3133,-1,2,1,1091,1090,-1,0,-1,3748,673,-3,3,-8,3503,3502,-1,2,-1,1249,1250,1,0,-1,1236,1235,-1,0,-17
1787463728.519,F,0,1,-,119.0,3134,3133,-1,2,1,1091,1090,-1,0,-1,672,3746,2,2,-2,3502,3503,1,2,0,1250,1250,0,0,-1,1235,1235,0,0,-17
1787463728.658,F',0,1,-,119.0,3134,3133,-1,2,1,1091,1090,-1,0,-1,3747,673,-2,3,-8,3503,3503,0,2,0,1249,1250,1,0,-1,1235,1236,1,0,-16
1787463728.794,F,0,1,-,119.0,3134,3132,-2,2,0,1091,1090,-1,0,-1,672,3746,2,2,-2,3503,3503,0,2,0,1249,1250,1,0,-1,1236,1236,0,0,-16
1787463728.932,F',0,1,-,119.0,3134,3133,-1,2,1,1091,1090,-1,0,-1,3747,673,-2,3,-8,3503,3502,-1,2,-1,1249,1249,0,0,-2,1235,1236,1,0,-16
1787463729.069,F,0,1,-,119.0,3134,3132,-2,2,0,1091,1090,-1,0,-1,672,3746,2,2,-2,3503,3503,0,2,0,1249,1249,0,0,-2,1236,1236,0,0,-16
1787463729.207,F',0,1,-,119.0,3134,3132,-2,2,0,1091,1090,-1,0,-1,3748,673,-3,3,-8,3503,3503,0,2,0,1249,1249,0,0,-2,1235,1236,1,0,-16
1787463729.345,F,0,1,-,119.0,3134,3133,-1,2,1,1091,1090,-1,0,-1,672,3746,2,2,-2,3503,3503,0,2,0,1249,1250,1,0,-1,1235,1236,1,0,-16
1787463729.484,F',0,1,-,119.0,3134,3133,-1,2,1,1091,1090,-1,0,-1,3748,672,-4,3,-9,3503,3503,0,2,0,1249,1250,1,0,-1,1235,1236,1,0,-16
1787463729.620,F,0,1,-,119.0,3134,3133,-1,2,1,1091,1090,-1,0,-1,672,3746,2,2,-2,3503,3503,0,2,0,1249,1250,1,0,-1,1235,1236,1,0,-16
1787463729.757,F',0,1,-,119.0,3134,3133,-1,2,1,1091,1090,-1,0,-1,3748,672,-4,3,-9,3503,3502,-1,2,-1,1249,1250,1,0,-1,1235,1236,1,0,-16
1787463729.894,F,0,1,-,119.0,3134,3133,-1,2,1,1091,1090,-1,0,-1,672,3746,2,2,-2,3503,3503,0,2,0,1249,1250,1,0,-1,1235,1235,0,0,-17
1787463730.032,F',0,1,-,119.0,3134,3133,-1,2,1,1091,1090,-1,0,-1,3748,672,-4,3,-9,3503,3502,-1,2,-1,1250,1250,0,0,-1,1235,1236,1,0,-16
1787463730.170,F,0,1,-,119.0,3134,3133,-1,2,1,1091,1090,-1,0,-1,672,3746,2,2,-2,3502,3502,0,2,-1,1249,1250,1,0,-1,1236,1235,-1,0,-17
1787463730.307,F',0,1,-,119.0,3135,3133,-2,2,1,1091,1090,-1,0,-1,3748,672,-4,3,-9,3503,3503,0,2,0,1249,1250,1,0,-1,1235,1236,1,0,-16
1787463730.444,F,0,1,-,119.0,3134,3133,-1,2,1,1091,1090,-1,0,-1,672,3746,2,2,-2,3503,3503,0,2,0,1249,1250,1,0,-1,1235,1236,1,0,-16
1787463730.582,F',0,1,-,119.0,3134,3133,-1,2,1,1091,1090,-1,0,-1,3748,672,-4,3,-9,3503,3503,0,2,0,1249,1250,1,0,-1,1235,1236,1,0,-16
1787463730.720,F,0,1,-,119.0,3134,3133,-1,2,1,1091,1090,-1,0,-1,672,3746,2,2,-2,3503,3502,-1,2,-1,1249,1250,1,0,-1,1236,1236,0,0,-16
1787463730.858,F',0,1,-,119.0,3134,3132,-2,2,0,1091,1090,-1,0,-1,3748,673,-3,3,-8,3503,3502,-1,2,-1,1249,1250,1,0,-1,1236,1236,0,0,-16
1787463730.994,F,0,1,-,119.0,3134,3133,-1,2,1,1091,1090,-1,0,-1,672,3746,2,2,-2,3503,3503,0,2,0,1250,1249,-1,0,-2,1236,1235,-1,0,-17
1787463731.132,F',0,1,-,119.0,3134,3133,-1,2,1,1091,1090,-1,0,-1,3748,672,-4,3,-9,3503,3503,0,2,0,1249,1250,1,0,-1,1236,1236,0,0,-16
1787463731.270,F,0,1,-,119.0,3134,3133,-1,2,1,1091,1090,-1,0,-1,672,3746,2,2,-2,3503,3502,-1,2,-1,1249,1250,1,0,-1,1236,1235,-1,0,-17
1787463731.407,F',0,1,-,119.0,3134,3133,-1,2,1,1091,1090,-1,0,-1,3748,673,-3,3,-8,3503,3503,0,2,0,1249,1250,1,0,-1,1235,1236,1,0,-16
1787463731.544,F,0,1,-,119.0,3135,3133,-2,2,1,1091,1090,-1,0,-1,672,3746,2,2,-2,3503,3503,0,2,0,1249,1250,1,0,-1,1235,1236,1,0,-16
1787463731.682,F',0,1,-,119.0,3134,3133,-1,2,1,1091,1090,-1,0,-1,3748,672,-4,3,-9,3503,3503,0,2,0,1249,1250,1,0,-1,1236,1236,0,0,-16
1787463731.819,F,0,1,-,119.0,3135,3133,-2,2,1,1091,1090,-1,0,-1,672,3746,2,2,-2,3503,3503,0,2,0,1249,1249,0,0,-2,1235,1236,1,0,-16
1787463731.957,F',0,1,-,119.0,3134,3132,-2,2,0,1091,1090,-1,0,-1,3748,673,-3,3,-8,3503,3503,0,2,0,1249,1250,1,0,-1,1236,1236,0,0,-16
1787463732.094,F,0,1,-,119.0,3134,3133,-1,2,1,1091,1090,-1,0,-1,672,3746,2,2,-2,3503,3502,-1,2,-1,1249,1250,1,0,-1,1235,1236,1,0,-16
1787463732.234,F',0,1,-,119.0,3134,3133,-1,2,1,1091,1090,-1,0,-1,3748,673,-3,3,-8,3503,3503,0,2,0,1249,1250,1,0,-1,1236,1236,0,0,-16
1787463732.369,F,0,1,-,119.0,3134,3132,-2,2,0,1091,1090,-1,0,-1,672,3746,2,2,-2,3503,3502,-1,2,-1,1249,1250,1,0,-1,1235,1236,1,0,-16
1787463732.507,F',0,1,-,119.0,3134,3133,-1,2,1,1091,1090,-1,0,-1,3748,673,-3,3,-8,3503,3503,0,2,0,1250,1250,0,0,-1,1235,1235,0,0,-17
1787463732.644,F,0,1,-,119.0,3134,3133,-1,2,1,1091,1090,-1,0,-1,672,3746,2,2,-2,3503,3502,-1,2,-1,1249,1250,1,0,-1,1235,1236,1,0,-16
1787463732.783,F',0,1,-,119.0,3134,3132,-2,2,0,1091,1090,-1,0,-1,3748,672,-4,3,-9,3503,3503,0,2,0,1250,1250,0,0,-1,1235,1236,1,0,-16
1787463732.920,F,0,1,-,119.0,3134,3133,-1,2,1,1091,1090,-1,0,-1,672,3746,2,2,-2,3503,3503,0,2,0,1249,1250,1,0,-1,1235,1236,1,0,-16
1787463733.056,F',0,1,-,119.0,3134,3133,-1,2,1,1091,1090,-1,0,-1,3748,672,-4,3,-9,3503,3502,-1,2,-1,1249,1250,1,0,-1,1235,1236,1,0,-16
1787463733.219,F,0,1,-,119.0,3134,3133,-1,2,1,1091,1090,-1,0,-1,673,3746,1,2,-2,3502,3503,1,2,0,1249,1250,1,0,-1,1235,1236,1,0,-16
1787463733.355,F,0,1,-,119.0,3134,3133,-1,2,1,1091,1090,-1,0,-1,3748,2713,-11,1,-1,3503,3503,0,2,0,1249,1250,1,0,-1,1235,1236,1,0,-16
1787463733.493,F,0,1,-,119.0,3134,3133,-1,2,1,1091,1090,-1,0,-1,2714,1694,4,0,-2,3503,3502,-1,2,-1,1249,1250,1,0,-1,1235,1235,0,0,-17
1787463733.630,F,0,1,-,119.0,3135,3133,-2,2,1,1091,1090,-1,0,-1,1696,673,1,3,-8,3503,3503,0,2,0,1249,1250,1,0,-1,1235,1236,1,0,-16
1787463733.769,F,0,1,-,119.0,3134,3133,-1,2,1,1091,1090,-1,0,-1,674,3746,0,2,-2,3503,3503,0,2,0,1249,1250,1,0,-1,1235,1235,0,0,-17
1787463733.905,F,0,1,-,119.0,3134,3133,-1,2,1,1091,1090,-1,0,-1,3748,2713,-11,1,-1,3503,3503,0,2,0,1249,1250,1,0,-1,1235,1236,1,0,-16
1787463734.042,F,0,1,-,119.0,3134,3133,-1,2,1,1091,1090,-1,0,-1,2714,1694,4,0,-2,3503,3503,0,2,0,1250,1250,0,0,-1,1236,1236,0,0,-16
1787463734.180,F,0,1,-,119.0,3134,3133,-1,2,1,1091,1090,-1,0,-1,1696,673,1,3,-8,3503,3503,0,2,0,1249,1250,1,0,-1,1235,1236,1,0,-16
1787463734.317,F,0,1,-,119.0,3134,3133,-1,2,1,1091,1090,-1,0,-1,674,3746,0,2,-2,3503,3503,0,2,0,1249,1250,1,0,-1,1235,1236,1,0,-16
1787463734.456,F,0,1,-,119.0,3134,3133,-1,2,1,1091,1090,-1,0,-1,3748,2713,-11,1,-1,3503,3502,-1,2,-1,1249,1250,1,0,-1,1235,1236,1,0,-16
1787463734.593,F,0,1,-,119.0,3134,3133,-1,2,1,1091,1090,-1,0,-1,2714,1694,4,0,-2,3503,3503,0,2,0,1249,1250,1,0,-1,1235,1236,1,0,-16
1787463734.730,F,0,1,-,119.0,3134,3133,-1,2,1,1091,1090,-1,0,-1,1696,673,1,3,-8,3503,3503,0,2,0,1249,1250,1,0,-1,1236,1236,0,0,-16
1787463734.868,F,0,1,-,119.0,3134,3133,-1,2,1,1091,1090,-1,0,-1,674,3746,0,2,-2,3503,3503,0,2,0,1249,1250,1,0,-1,1236,1235,-1,0,-17
1787463735.006,F,0,1,-,119.0,3134,3133,-1,2,1,1091,1090,-1,0,-1,3748,2713,-11,1,-1,3503,3502,-1,2,-1,1249,1250,1,0,-1,1235,1236,1,0,-16
1787463735.145,F,0,1,-,119.0,3134,3133,-1,2,1,1091,1090,-1,0,-1,2714,1694,4,0,-2,3503,3503,0,2,0,1249,1250,1,0,-1,1235,1236,1,0,-16
1787463735.281,F,0,1,-,119.0,3134,3133,-1,2,1,1091,1090,-1,0,-1,1696,673,1,3,-8,3503,3503,0,2,0,1249,1250,1,0,-1,1235,1236,1,0,-16
1787463735.418,F,0,1,-,119.0,3134,3133,-1,2,1,1091,1090,-1,0,-1,674,3746,0,2,-2,3502,3503,1,2,0,1249,1250,1,0,-1,1235,1236,1,0,-16
1787463735.555,F,0,1,-,119.0,3134,3133,-1,2,1,1091,1090,-1,0,-1,3748,2713,-11,1,-1,3503,3503,0,2,0,1249,1250,1,0,-1,1236,1236,0,0,-16
1787463735.693,F,0,1,-,119.0,3134,3133,-1,2,1,1091,1090,-1,0,-1,2714,1694,4,0,-2,3503,3502,-1,2,-1,1249,1249,0,0,-2,1236,1236,0,0,-16
1787463735.830,F,0,1,-,119.0,3134,3133,-1,2,1,1091,1090,-1,0,-1,1696,673,1,3,-8,3503,3503,0,2,0,1249,1250,1,0,-1,1236,1236,0,0,-16
1787463735.967,F,0,1,-,119.0,3134,3133,-1,2,1,1091,1090,-1,0,-1,674,3746,0,2,-2,3503,3503,0,2,0,1249,1250,1,0,-1,1235,1236,1,0,-16
1787463736.105,F,0,1,-,119.0,3134,3133,-1,2,1,1091,1090,-1,0,-1,3748,2713,-11,1,-1,3503,3503,0,2,0,1249,1250,1,0,-1,1236,1236,0,0,-16
1787463736.243,F,0,1,-,119.0,3134,3133,-1,2,1,1091,1090,-1,0,-1,2714,1694,4,0,-2,3503,3503,0,2,0,1249,1250,1,0,-1,1235,1236,1,0,-16
1787463736.380,F,0,1,-,119.0,3134,3133,-1,2,1,1091,1090,-1,0,-1,1696,673,1,3,-8,3502,3502,0,2,-1,1249,1250,1,0,-1,1235,1235,0,0,-17
1787463736.518,F,0,1,-,119.0,3134,3133,-1,2,1,1091,1090,-1,0,-1,674,3746,0,2,-2,3503,3502,-1,2,-1,1249,1250,1,0,-1,1236,1236,0,0,-16
1787463736.655,F,0,1,-,119.0,3134,3133,-1,2,1,1091,1090,-1,0,-1,3748,2713,-11,1,-1,3503,3503,0,2,0,1249,1250,1,0,-1,1236,1236,0,0,-16
1787463736.793,F,0,1,-,119.0,3134,3133,-1,2,1,1091,1090,-1,0,-1,2714,1694,4,0,-2,3503,3503,0,2,0,1249,1250,1,0,-1,1235,1236,1,0,-16
1787463736.930,F,0,1,-,119.0,3134,3133,-1,2,1,1091,1090,-1,0,-1,1696,673,1,3,-8,3503,3502,-1,2,-1,1249,1250,1,0,-1,1236,1236,0,0,-16
1787463737.067,F,0,1,-,119.0,3134,3133,-1,2,1,1091,1090,-1,0,-1,674,3746,0,2,-2,3503,3503,0,2,0,1249,1250,1,0,-1,1235,1236,1,0,-16
1787463737.206,F,0,1,-,119.0,3134,3133,-1,2,1,1091,1090,-1,0,-1,3748,2713,-11,1,-1,3503,3503,0,2,0,1250,1250,0,0,-1,1235,1236,1,0,-16
1787463737.342,F,0,1,-,119.0,3134,3133,-1,2,1,1091,1090,-1,0,-1,2714,1694,4,0,-2,3503,3502,-1,2,-1,1249,1250,1,0,-1,1235,1236,1,0,-16
1787463737.480,F,0,1,-,119.0,3134,3133,-1,2,1,1091,1090,-1,0,-1,1696,673,1,3,-8,3503,3503,0,2,0,1249,1250,1,0,-1,1236,1236,0,0,-16
1787463737.617,F,0,1,-,119.0,3134,3133,-1,2,1,1091,1090,-1,0,-1,674,3746,0,2,-2,3503,3502,-1,2,-1,1249,1250,1,0,-1,1235,1236,1,0,-16
1787463737.755,F,0,1,-,119.0,3134,3133,-1,2,1,1091,1090,-1,0,-1,3748,2713,-11,1,-1,3502,3502,0,2,-1,1249,1250,1,0,-1,1235,1236,1,0,-16
1787463737.893,F,0,1,-,119.0,3134,3133,-1,2,1,1091,1090,-1,0,-1,2714,1694,4,0,-2,3503,3503,0,2,0,1249,1250,1,0,-1,1236,1236,0,0,-16
1787463738.030,F,0,1,-,119.0,3134,3133,-1,2,1,1091,1090,-1,0,-1,1696,673,1,3,-8,3503,3503,0,2,0,1249,1250,1,0,-1,1235,1236,1,0,-16
1787463738.167,F,0,1,-,119.0,3135,3133,-2,2,1,1091,1090,-1,0,-1,674,3746,0,2,-2,3503,3502,-1,2,-1,1249,1250,1,0,-1,1235,1236,1,0,-16
1787463738.307,F,0,1,-,119.0,3134,3133,-1,2,1,1091,1090,-1,0,-1,3748,2713,-11,1,-1,3503,3503,0,2,0,1249,1250,1,0,-1,1235,1236,1,0,-16
1787463738.442,F,0,1,-,119.0,3135,3133,-2,2,1,1091,1090,-1,0,-1,2714,1694,4,0,-2,3503,3503,0,2,0,1249,1250,1,0,-1,1235,1236,1,0,-16
1787463738.580,F,0,1,-,119.0,3134,3132,-2,2,0,1091,1090,-1,0,-1,1696,673,1,3,-8,3503,3503,0,2,0,1249,1250,1,0,-1,1235,1236,1,0,-16
1787463738.717,F,0,1,-,119.0,3134,3133,-1,2,1,1091,1090,-1,0,-1,674,3746,0,2,-2,3503,3503,0,2,0,1249,1250,1,0,-1,1235,1236,1,0,-16
1787463738.854,F,0,1,-,119.0,3134,3133,-1,2,1,1091,1090,-1,0,-1,3748,2713,-11,1,-1,3503,3503,0,2,0,1249,1250,1,0,-1,1236,1236,0,0,-16
1787463738.993,F,0,1,-,119.0,3134,3132,-2,2,0,1091,1090,-1,0,-1,2714,1694,4,0,-2,3503,3502,-1,2,-1,1249,1250,1,0,-1,1236,1235,-1,0,-17
1787463739.130,F,0,1,-,119.0,3134,3132,-2,2,0,1091,1090,-1,0,-1,1696,673,1,3,-8,3503,3503,0,2,0,1249,1250,1,0,-1,1236,1236,0,0,-16
1787463739.268,F,0,1,-,119.0,3134,3133,-1,2,1,1091,1090,-1,0,-1,674,3747,1,2,-1,3503,3503,0,2,0,1249,1250,1,0,-1,1236,1236,0,0,-16
1787463739.405,F,0,1,-,119.0,3134,3133,-1,2,1,1091,1090,-1,0,-1,3748,2713,-11,1,-1,3503,3503,0,2,0,1249,1250,1,0,-1,1235,1236,1,0,-16
1787463739.542,F,0,1,-,119.0,3134,3133,-1,2,1,1091,1090,-1,0,-1,2714,1694,4,0,-2,3502,3503,1,2,0,1249,1249,0,0,-2,1235,1236,1,0,-16
1787463739.680,F,0,1,-,119.0,3134,3133,-1,2,1,1091,1090,-1,0,-1,1696,673,1,3,-8,3502,3503,1,2,0,1249,1250,1,0,-1,1235,1236,1,0,-16
1787463739.817,F,0,1,-,119.0,3134,3133,-1,2,1,1091,1090,-1,0,-1,674,3746,0,2,-2,3503,3502,-1,2,-1,1249,1250,1,0,-1,1235,1236,1,0,-16
1787463739.954,F,0,1,-,119.0,3134,3133,-1,2,1,1091,1090,-1,0,-1,3748,2713,-11,1,-1,3503,3502,-1,2,-1,1249,1250,1,0,-1,1235,1236,1,0,-16
1787463740.092,F,0,1,-,119.0,3134,3133,-1,2,1,1091,1090,-1,0,-1,2714,1694,4,0,-2,3503,3502,-1,2,-1,1249,1249,0,0,-2,1235,1236,1,0,-16
1787463740.230,F,0,1,-,119.0,3134,3133,-1,2,1,1091,1090,-1,0,-1,1696,673,1,3,-8,3503,3502,-1,2,-1,1249,1250,1,0,-1,1235,1236,1,0,-16
1787463740.367,F,0,1,-,119.0,3134,3133,-1,2,1,1091,1090,-1,0,-1,674,3746,0,2,-2,3503,3503,0,2,0,1249,1250,1,0,-1,1235,1236,1,0,-16
1787463740.505,F,0,1,-,119.0,3134,3133,-1,2,1,1091,1090,-1,0,-1,3748,2713,-11,1,-1,3503,3502,-1,2,-1,1249,1250,1,0,-1,1236,1236,0,0,-16
1787463740.643,F,0,1,-,119.0,3134,3133,-1,2,1,1091,1090,-1,0,-1,2714,1694,4,0,-2,3503,3503,0,2,0,1249,1250,1,0,-1,1235,1236,1,0,-16
1787463740.780,F,0,1,-,119.0,3134,3133,-1,2,1,1091,1090,-1,0,-1,1696,673,1,3,-8,3503,3502,-1,2,-1,1249,1250,1,0,-1,1235,1236,1,0,-16
1787463740.918,F,0,1,-,119.0,3134,3132,-2,2,0,1091,1090,-1,0,-1,674,3746,0,2,-2,3503,3503,0,2,0,1249,1250,1,0,-1,1235,1236,1,0,-16
1787463741.055,F,0,1,-,119.0,3134,3133,-1,2,1,1091,1090,-1,0,-1,3748,2713,-11,1,-1,3503,3503,0,2,0,1249,1250,1,0,-1,1235,1235,0,0,-17
1787463741.192,F,0,1,-,119.0,3134,3133,-1,2,1,1091,1090,-1,0,-1,2714,1694,4,0,-2,3503,3503,0,2,0,1249,1250,1,0,-1,1236,1236,0,0,-16
1787463741.329,F,0,1,-,119.0,3134,3133,-1,2,1,1091,1091,0,0,0,1696,673,1,3,-8,3503,3503,0,2,0,1249,1249,0,0,-2,1235,1236,1,0,-16
1787463741.467,F,0,1,-,119.0,3134,3133,-1,2,1,1091,1090,-1,0,-1,674,3746,0,2,-2,3503,3503,0,2,0,1249,1250,1,0,-1,1235,1236,1,0,-16
1787463741.605,F,0,1,-,119.0,3134,3133,-1,2,1,1091,1090,-1,0,-1,3748,2713,-11,1,-1,3503,3503,0,2,0,1249,1250,1,0,-1,1236,1236,0,0,-16
1787463741.742,F,0,1,-,119.0,3134,3133,-1,2,1,1091,1090,-1,0,-1,2714,1694,4,0,-2,3503,3503,0,2,0,1249,1250,1,0,-1,1235,1235,0,0,-17
1787463741.879,F,0,1,-,119.0,3134,3133,-1,2,1,1091,1090,-1,0,-1,1695,673,2,3,-8,3503,3503,0,2,0,1249,1250,1,0,-1,1236,1236,0,0,-16
1787463742.017,F,0,1,-,119.0,3134,3133,-1,2,1,1091,1090,-1,0,-1,674,3747,1,2,-1,3503,3503,0,2,0,1249,1250,1,0,-1,1236,1236,0,0,-16
1787463742.155,F,0,1,-,119.0,3134,3133,-1,2,1,1091,1090,-1,0,-1,3748,2713,-11,1,-1,3503,3503,0,2,0,1250,1250,0,0,-1,1235,1236,1,0,-16
1787463742.293,F,0,1,-,119.0,3134,3132,-2,2,0,1091,1090,-1,0,-1,2714,1694,4,0,-2,3503,3503,0,2,0,1249,1250,1,0,-1,1235,1236,1,0,-16
1787463742.430,F,0,1,-,119.0,3134,3133,-1,2,1,1091,1090,-1,0,-1,1695,673,2,3,-8,3503,3503,0,2,0,1249,1250,1,0,-1,1235,1236,1,0,-16
1787463742.567,F,0,1,-,119.0,3134,3133,-1,2,1,1091,1090,-1,0,-1,674,3746,0,2,-2,3503,3503,0,2,0,1249,1250,1,0,-1,1236,1236,0,0,-16
1787463742.705,F,0,1,-,119.0,3134,3133,-1,2,1,1091,1090,-1,0,-1,3748,2713,-11,1,-1,3503,3502,-1,2,-1,1249,1249,0,0,-2,1235,1236,1,0,-16
1787463742.842,F,0,1,-,119.0,3134,3133,-1,2,1,1091,1090,-1,0,-1,2714,1694,4,0,-2,3503,3503,0,2,0,1249,1250,1,0,-1,1235,1236,1,0,-16
1787463742.980,F,0,1,-,119.0,3134,3133,-1,2,1,1091,1090,-1,0,-1,1695,673,2,3,-8,3503,3503,0,2,0,1249,1250,1,0,-1,1235,1236,1,0,-16
1787463743.118,F,0,1,-,119.0,3134,3133,-1,2,1,1091,1090,-1,0,-1,674,3746,0,2,-2,3503,3503,0,2,0,1249,1250,1,0,-1,1235,1236,1,0,-16
1787463743.255,F,0,1,-,119.0,3134,3133,-1,2,1,1091,1090,-1,0,-1,3748,2713,-11,1,-1,3503,3502,-1,2,-1,1249,1250,1,0,-1,1235,1236,1,0,-16
1787463743.392,F,0,1,-,119.0,3134,3133,-1,2,1,1091,1090,-1,0,-1,2714,1694,4,0,-2,3503,3503,0,2,0,1249,1249,0,0,-2,1236,1236,0,0,-16
1787463743.530,F,0,1,-,119.0,3134,3133,-1,2,1,1091,1090,-1,0,-1,1696,673,1,3,-8,3503,3502,-1,2,-1,1249,1250,1,0,-1,1235,1236,1,0,-16
1787463743.667,F,0,1,-,119.0,3134,3133,-1,2,1,1091,1090,-1,0,-1,674,3747,1,2,-1,3503,3503,0,2,0,1249,1250,1,0,-1,1235,1236,1,0,-16
1787463743.804,F,0,1,-,119.0,3134,3133,-1,2,1,1091,1090,-1,0,-1,3748,2713,-11,1,-1,3503,3502,-1,2,-1,1249,1250,1,0,-1,1236,1236,0,0,-16
1787463743.942,F,0,1,-,119.0,3134,3133,-1,2,1,1091,1090,-1,0,-1,2714,1694,4,0,-2,3503,3503,0,2,0,1249,1250,1,0,-1,1235,1236,1,0,-16
1787463744.080,F,0,1,-,119.0,3134,3133,-1,2,1,1091,1090,-1,0,-1,1696,673,1,3,-8,3503,3503,0,2,0,1249,1249,0,0,-2,1235,1236,1,0,-16
1787463744.217,F,0,1,-,119.0,3134,3133,-1,2,1,1091,1090,-1,0,-1,674,3746,0,2,-2,3503,3503,0,2,0,1249,1250,1,0,-1,1236,1236,0,0,-16
1787463744.354,F,0,1,-,119.0,3134,3133,-1,2,1,1091,1090,-1,0,-1,3748,2713,-11,1,-1,3503,3503,0,2,0,1249,1250,1,0,-1,1235,1236,1,0,-16
1787463744.493,F,0,1,-,119.0,3134,3133,-1,2,1,1091,1090,-1,0,-1,2714,1694,4,0,-2,3502,3502,0,2,-1,1249,1250,1,0,-1,1235,1236,1,0,-16
1787463744.629,F,0,1,-,119.0,3134,3133,-1,2,1,1091,1090,-1,0,-1,1696,673,1,3,-8,3503,3503,0,2,0,1249,1250,1,0,-1,1235,1236,1,0,-16
1787463744.767,F,0,1,-,119.0,3134,3133,-1,2,1,1091,1090,-1,0,-1,674,3746,0,2,-2,3503,3503,0,2,0,1249,1250,1,0,-1,1235,1235,0,0,-17
1787463744.904,F,0,1,-,119.0,3134,3133,-1,2,1,1091,1090,-1,0,-1,3748,2713,-11,1,-1,3503,3502,-1,2,-1,1249,1250,1,0,-1,1235,1235,0,0,-17
1787463745.042,F,0,1,-,119.0,3134,3133,-1,2,1,1091,1090,-1,0,-1,2714,1694,4,0,-2,3503,3502,-1,2,-1,1249,1250,1,0,-1,1235,1235,0,0,-17
1787463745.181,F,0,1,-,119.0,3134,3132,-2,2,0,1091,1090,-1,0,-1,1696,673,1,3,-8,3503,3503,0,2,0,1249,1250,1,0,-1,1236,1236,0,0,-16
1787463745.317,F,0,1,-,119.0,3134,3133,-1,2,1,1091,1090,-1,0,-1,674,3746,0,2,-2,3503,3503,0,2,0,1249,1250,1,0,-1,1235,1236,1,0,-16
1787463745.454,F,0,1,-,119.0,3134,3132,-2,2,0,1091,1091,0,0,0,3748,2713,-11,1,-1,3503,3502,-1,2,-1,1249,1249,0,0,-2,1235,1236,1,0,-16
1787463745.592,F,0,1,-,119.0,3134,3133,-1,2,1,1091,1090,-1,0,-1,2714,1694,4,0,-2,3503,3503,0,2,0,1249,1250,1,0,-1,1235,1236,1,0,-16
1787463745.729,F,0,1,-,119.0,3134,3133,-1,2,1,1091,1090,-1,0,-1,1696,673,1,3,-8,3503,3503,0,2,0,1249,1250,1,0,-1,1235,1236,1,0,-16
1787463745.866,F,0,1,-,119.0,3134,3133,-1,2,1,1091,1090,-1,0,-1,674,3746,0,2,-2,3503,3503,0,2,0,1249,1250,1,0,-1,1236,1236,0,0,-16
1787463746.004,F,0,1,-,119.0,3134,3133,-1,2,1,1091,1090,-1,0,-1,3748,2713,-11,1,-1,3503,3503,0,2,0,1249,1250,1,0,-1,1235,1236,1,0,-16
1787463746.141,F,0,1,-,119.0,3135,3133,-2,2,1,1091,1090,-1,0,-1,2714,1694,4,0,-2,3503,3503,0,2,0,1249,1250,1,0,-1,1235,1235,0,0,-17
1787463746.280,F,0,1,-,119.0,3135,3133,-2,2,1,1091,1090,-1,0,-1,1696,673,1,3,-8,3503,3502,-1,2,-1,1250,1249,-1,0,-2,1236,1236,0,0,-16
1787463746.417,F,0,1,-,119.0,3134,3133,-1,2,1,1091,1090,-1,0,-1,674,3746,0,2,-2,3503,3503,0,2,0,1249,1250,1,0,-1,1235,1236,1,0,-16
1787463746.554,F,0,1,-,119.0,3134,3133,-1,2,1,1091,1090,-1,0,-1,3748,2713,-11,1,-1,3503,3502,-1,2,-1,1249,1249,0,0,-2,1235,1236,1,0,-16
1787463746.696,F,0,1,-,119.0,3134,3133,-1,2,1,1091,1090,-1,0,-1,2714,1694,4,0,-2,3503,3502,-1,2,-1,1249,1249,0,0,-2,1235,1236,1,0,-16
1787463746.830,F,0,1,-,119.0,3134,3132,-2,2,0,1091,1090,-1,0,-1,1696,673,1,3,-8,3503,3503,0,2,0,1249,1250,1,0,-1,1235,1236,1,0,-16
1787463746.966,F,0,1,-,119.0,3134,3132,-2,2,0,1091,1090,-1,0,-1,674,3746,0,2,-2,3503,3503,0,2,0,1249,1250,1,0,-1,1236,1236,0,0,-16
1787463747.104,F,0,1,-,119.0,3134,3133,-1,2,1,1091,1090,-1,0,-1,3748,2713,-11,1,-1,3503,3503,0,2,0,1249,1250,1,0,-1,1235,1235,0,0,-17
1787463747.244,F,0,1,-,119.0,3134,3133,-1,2,1,1091,1090,-1,0,-1,2714,1694,4,0,-2,3503,3502,-1,2,-1,1249,1250,1,0,-1,1235,1236,1,0,-16
1787463747.379,F,0,1,-,119.0,3134,3133,-1,2,1,1091,1090,-1,0,-1,1696,673,1,3,-8,3503,3503,0,2,0,1249,1250,1,0,-1,1235,1236,1,0,-16
1787463747.517,F,0,1,-,119.0,3134,3133,-1,2,1,1091,1090,-1,0,-1,674,3746,0,2,-2,3503,3503,0,2,0,1249,1249,0,0,-2,1235,1236,1,0,-16
1787463747.654,F,0,1,-,119.0,3134,3133,-1,2,1,1091,1090,-1,0,-1,3748,2713,-11,1,-1,3503,3503,0,2,0,1249,1250,1,0,-1,1235,1235,0,0,-17
1787463747.792,F,0,1,-,119.0,3134,3133,-1,2,1,1091,1090,-1,0,-1,2714,1694,4,0,-2,3503,3503,0,2,0,1249,1250,1,0,-1,1235,1236,1,0,-16
1787463747.930,F,0,1,-,119.0,3134,3133,-1,2,1,1091,1090,-1,0,-1,1696,673,1,3,-8,3503,3503,0,2,0,1249,1250,1,0,-1,1236,1235,-1,0,-17
1787463748.067,F,0,1,-,119.0,3134,3133,-1,2,1,1091,1090,-1,0,-1,674,3746,0,2,-2,3503,3503,0,2,0,1249,1249,0,0,-2,1236,1236,0,0,-16
1787463748.206,F,0,1,-,119.0,3134,3132,-2,2,0,1091,1090,-1,0,-1,3748,2713,-11,1,-1,3502,3503,1,2,0,1249,1250,1,0,-1,1235,1236,1,0,-16
1787463748.342,F,0,1,-,119.0,3134,3133,-1,2,1,1091,1090,-1,0,-1,2714,1694,4,0,-2,3503,3502,-1,2,-1,1249,1249,0,0,-2,1236,1236,0,0,-16
1787463748.482,F,0,1,-,119.0,3134,3133,-1,2,1,1091,1090,-1,0,-1,1696,673,1,3,-8,3503,3503,0,2,0,1249,1249,0,0,-2,1235,1236,1,0,-16
1787463748.617,F,0,1,-,119.0,3134,3133,-1,2,1,1091,1090,-1,0,-1,674,3746,0,2,-2,3502,3502,0,2,-1,1249,1250,1,0,-1,1236,1236,0,0,-16
1787463748.755,F,0,1,-,119.0,3134,3133,-1,2,1,1091,1090,-1,0,-1,3748,2713,-11,1,-1,3502,3502,0,2,-1,1249,1250,1,0,-1,1235,1236,1,0,-16
1787463748.892,F,0,1,-,119.0,3134,3133,-1,2,1,1091,1090,-1,0,-1,2714,1694,4,0,-2,3503,3503,0,2,0,1249,1250,1,0,-1,1236,1235,-1,0,-17
1787463749.030,F,0,1,-,119.0,3134,3133,-1,2,1,1091,1090,-1,0,-1,1696,673,1,3,-8,3503,3503,0,2,0,1249,1250,1,0,-1,1235,1235,0,0,-17
1787463749.167,F,0,1,-,119.0,3134,3133,-1,2,1,1091,1090,-1,0,-1,674,3746,0,2,-2,3503,3503,0,2,0,1249,1250,1,0,-1,1236,1236,0,0,-16
1787463749.304,F,0,1,-,119.0,3134,3132,-2,2,0,1091,1090,-1,0,-1,3748,2713,-11,1,-1,3503,3503,0,2,0,1249,1250,1,0,-1,1235,1236,1,0,-16
1787463749.442,F,0,1,-,119.0,3134,3133,-1,2,1,1091,1090,-1,0,-1,2714,1694,4,0,-2,3503,3503,0,2,0,1249,1250,1,0,-1,1235,1235,0,0,-17
1787463749.579,F,0,1,-,119.0,3134,3133,-1,2,1,1091,1090,-1,0,-1,1696,673,1,3,-8,3503,3503,0,2,0,1249,1250,1,0,-1,1235,1235,0,0,-17
1787463749.717,F,0,1,-,119.0,3134,3133,-1,2,1,1091,1090,-1,0,-1,674,3746,0,2,-2,3503,3503,0,2,0,1249,1250,1,0,-1,1236,1236,0,0,-16
1787463749.854,F,0,1,-,119.0,3135,3133,-2,2,1,1091,1090,-1,0,-1,3748,2713,-11,1,-1,3503,3503,0,2,0,1250,1250,0,0,-1,1236,1236,0,0,-16
1787463749.992,F,0,1,-,119.0,3134,3133,-1,2,1,1091,1090,-1,0,-1,2714,1694,4,0,-2,3503,3502,-1,2,-1,1249,1250,1,0,-1,1235,1235,0,0,-17
1787463750.129,F,0,1,-,119.0,3134,3133,-1,2,1,1091,1090,-1,0,-1,1695,673,2,3,-8,3502,3503,1,2,0,1250,1249,-1,0,-2,1236,1236,0,0,-16
1787463750.267,F,0,1,-,119.0,3134,3133,-1,2,1,1091,1090,-1,0,-1,674,3746,0,2,-2,3503,3503,0,2,0,1249,1250,1,0,-1,1235,1236,1,0,-16
1787463750.404,F,0,1,-,119.0,3134,3132,-2,2,0,1091,1090,-1,0,-1,3748,2713,-11,1,-1,3503,3502,-1,2,-1,1250,1250,0,0,-1,1235,1236,1,0,-16
1787463750.541,F,0,1,-,119.0,3134,3133,-1,2,1,1091,1090,-1,0,-1,2714,1694,4,0,-2,3503,3503,0,2,0,1249,1250,1,0,-1,1235,1235,0,0,-17
1787463750.679,F,0,1,-,119.0,3134,3133,-1,2,1,1091,1090,-1,0,-1,1696,673,1,3,-8,3503,3503,0,2,0,1249,1250,1,0,-1,1235,1236,1,0,-16
1787463750.818,F,0,1,-,119.0,3134,3133,-1,2,1,1091,1090,-1,0,-1,674,3746,0,2,-2,3503,3503,0,2,0,1249,1250,1,0,-1,1235,1236,1,0,-16
1787463750.954,F,0,1,-,119.0,3134,3133,-1,2,1,1091,1090,-1,0,-1,3748,2713,-11,1,-1,3503,3503,0,2,0,1249,1249,0,0,-2,1235,1236,1,0,-16
1787463751.092,F,0,1,-,119.0,3134,3133,-1,2,1,1091,1090,-1,0,-1,2714,1694,4,0,-2,3503,3503,0,2,0,1249,1249,0,0,-2,1235,1236,1,0,-16
1787463751.229,F,0,1,-,119.0,3134,3133,-1,2,1,1091,1090,-1,0,-1,1696,673,1,3,-8,3503,3502,-1,2,-1,1249,1250,1,0,-1,1235,1236,1,0,-16
1787463751.366,F,0,1,-,119.0,3134,3133,-1,2,1,1091,1090,-1,0,-1,674,3746,0,2,-2,3502,3502,0,2,-1,1249,1250,1,0,-1,1235,1236,1,0,-16
1787463751.504,F,0,1,-,119.0,3134,3132,-2,2,0,1091,1090,-1,0,-1,3748,2713,-11,1,-1,3503,3502,-1,2,-1,1249,1250,1,0,-1,1235,1236,1,0,-16
1787463751.642,F,0,1,-,119.0,3134,3133,-1,2,1,1091,1090,-1,0,-1,2714,1694,4,0,-2,3503,3502,-1,2,-1,1250,1249,-1,0,-2,1235,1235,0,0,-17
1787463751.779,F,0,1,-,119.0,3134,3133,-1,2,1,1091,1090,-1,0,-1,1696,673,1,3,-8,3503,3503,0,2,0,1249,1250,1,0,-1,1236,1236,0,0,-16
1787463751.917,F,0,1,-,119.0,3134,3133,-1,2,1,1091,1090,-1,0,-1,674,3746,0,2,-2,3503,3503,0,2,0,1249,1250,1,0,-1,1235,1235,0,0,-17
1787463752.054,F,0,1,-,119.0,3135,3133,-2,2,1,1091,1090,-1,0,-1,3748,2713,-11,1,-1,3503,3503,0,2,0,1249,1250,1,0,-1,1235,1236,1,0,-16
1787463752.192,F,0,1,-,119.0,3134,3133,-1,2,1,1091,1090,-1,0,-1,2714,1694,4,0,-2,3503,3502,-1,2,-1,1249,1250,1,0,-1,1236,1236,0,0,-16
1787463752.329,F,0,1,-,119.0,3135,3133,-2,2,1,1091,1090,-1,0,-1,1696,673,1,3,-8,3503,3502,-1,2,-1,1249,1250,1,0,-1,1235,1235,0,0,-17
1787463752.466,F,0,1,-,119.0,3134,3133,-1,2,1,1091,1090,-1,0,-1,674,3746,0,2,-2,3503,3503,0,2,0,1249,1250,1,0,-1,1236,1236,0,0,-16
1787463752.603,F,0,1,-,119.0,3134,3133,-1,2,1,1091,1090,-1,0,-1,3748,2713,-11,1,-1,3502,3502,0,2,-1,1249,1250,1,0,-1,1236,1236,0,0,-16
1787463752.741,F,0,1,-,119.0,3134,3133,-1,2,1,1091,1090,-1,0,-1,2714,1694,4,0,-2,3503,3503,0,2,0,1249,1250,1,0,-1,1235,1236,1,0,-16
1787463752.879,F,0,1,-,119.0,3134,3133,-1,2,1,1091,1090,-1,0,-1,1696,673,1,3,-8,3503,3503,0,2,0,1249,1250,1,0,-1,1235,1236,1,0,-16
1787463753.016,F,0,1,-,119.0,3134,3133,-1,2,1,1091,1090,-1,0,-1,674,3746,0,2,-2,3503,3503,0,2,0,1249,1250,1,0,-1,1235,1235,0,0,-17
1787463753.154,F,0,1,-,119.0,3134,3132,-2,2,0,1091,1090,-1,0,-1,3748,2713,-11,1,-1,3503,3502,-1,2,-1,1249,1250,1,0,-1,1235,1235,0,0,-17
1787463753.291,F,0,1,-,119.0,3134,3133,-1,2,1,1091,1090,-1,0,-1,2714,1694,4,0,-2,3503,3503,0,2,0,1249,1250,1,0,-1,1235,1235,0,0,-17
1787463753.428,F,0,1,-,119.0,3134,3133,-1,2,1,1091,1090,-1,0,-1,1696,673,1,3,-8,3503,3502,-1,2,-1,1249,1250,1,0,-1,1235,1236,1,0,-16
1787463753.566,F,0,1,-,119.0,3134,3133,-1,2,1,1091,1090,-1,0,-1,674,3746,0,2,-2,3503,3503,0,2,0,1249,1250,1,0,-1,1235,1236,1,0,-16
1787463753.703,F,0,1,-,119.0,3134,3133,-1,2,1,1091,1090,-1,0,-1,3748,2713,-11,1,-1,3503,3503,0,2,0,1249,1250,1,0,-1,1236,1236,0,0,-16
1787463753.841,F,0,1,-,119.0,3134,3133,-1,2,1,1091,1090,-1,0,-1,2714,1694,4,0,-2,3503,3503,0,2,0,1249,1250,1,0,-1,1235,1235,0,0,-17
1787463753.979,F,0,1,-,119.0,3134,3133,-1,2,1,1091,1090,-1,0,-1,1696,673,1,3,-8,3503,3503,0,2,0,1249,1249,0,0,-2,1236,1236,0,0,-16
1787463754.118,F,0,1,-,119.0,3134,3133,-1,2,1,1091,1090,-1,0,-1,674,3746,0,2,-2,3503,3502,-1,2,-1,1249,1250,1,0,-1,1235,1236,1,0,-16
1787463754.254,F,0,1,-,119.0,3134,3132,-2,2,0,1091,1090,-1,0,-1,3748,2713,-11,1,-1,3503,3502,-1,2,-1,1249,1250,1,0,-1,1235,1236,1,0,-16
1787463754.393,F,0,1,-,119.0,3134,3133,-1,2,1,1091,1090,-1,0,-1,2714,1694,4,0,-2,3503,3503,0,2,0,1249,1250,1,0,-1,1235,1236,1,0,-16
1787463754.529,F,0,1,-,119.0,3134,3133,-1,2,1,1091,1090,-1,0,-1,1696,673,1,3,-8,3503,3503,0,2,0,1250,1250,0,0,-1,1235,1236,1,0,-16
1787463754.667,F,0,1,-,119.0,3134,3133,-1,2,1,1091,1090,-1,0,-1,674,3746,0,2,-2,3503,3502,-1,2,-1,1249,1249,0,0,-2,1235,1236,1,0,-16
1787463754.804,F,0,1,-,119.0,3134,3133,-1,2,1,1091,1090,-1,0,-1,3748,2713,-11,1,-1,3503,3503,0,2,0,1250,1250,0,0,-1,1235,1236,1,0,-16
1787463754.941,F,0,1,-,119.0,3134,3133,-1,2,1,1091,1090,-1,0,-1,2714,1694,4,0,-2,3503,3503,0,2,0,1249,1250,1,0,-1,1235,1236,1,0,-16
1787463755.079,F,0,1,-,119.0,3134,3133,-1,2,1,1091,1090,-1,0,-1,1696,673,1,3,-8,3503,3503,0,2,0,1249,1250,1,0,-1,1235,1235,0,0,-17
1787463755.216,F,0,1,-,119.0,3134,3133,-1,2,1,1091,1090,-1,0,-1,674,3746,0,2,-2,3503,3502,-1,2,-1,1249,1250,1,0,-1,1236,1235,-1,0,-17
1787463755.354,F,0,1,-,119.0,3134,3132,-2,2,0,1091,1090,-1,0,-1,3748,2713,-11,1,-1,3503,3503,0,2,0,1249,1250,1,0,-1,1235,1235,0,0,-17
1787463755.491,F,0,1,-,119.0,3134,3133,-1,2,1,1091,1090,-1,0,-1,2714,1694,4,0,-2,3503,3502,-1,2,-1,1249,1250,1,0,-1,1235,1236,1,0,-16
1787463755.629,F,0,1,-,119.0,3134,3133,-1,2,1,1091,1090,-1,0,-1,1696,673,1,3,-8,3503,3502,-1,2,-1,1249,1250,1,0,-1,1236,1236,0,0,-16
1787463755.766,F,0,1,-,119.0,3134,3133,-1,2,1,1091,1090,-1,0,-1,674,3746,0,2,-2,3503,3502,-1,2,-1,1249,1250,1,0,-1,1235,1235,0,0,-17
1787463755.903,F,0,1,-,119.0,3134,3133,-1,2,1,1091,1090,-1,0,-1,3748,2713,-11,1,-1,3503,3503,0,2,0,1249,1250,1,0,-1,1235,1236,1,0,-16
1787463756.041,F,0,1,-,119.0,3134,3133,-1,2,1,1091,1090,-1,0,-1,2714,1694,4,0,-2,3503,3503,0,2,0,1249,1250,1,0,-1,1236,1235,-1,0,-17
1787463756.178,F,0,1,-,119.0,3134,3133,-1,2,1,1091,1090,-1,0,-1,1696,673,1,3,-8,3503,3503,0,2,0,1249,1250,1,0,-1,1235,1236,1,0,-16
1787463756.316,F,0,1,-,119.0,3134,3133,-1,2,1,1091,1090,-1,0,-1,674,3747,1,2,-1,3503,3503,0,2,0,1249,1250,1,0,-1,1235,1236,1,0,-16
1787463756.453,F,0,1,-,119.0,3134,3133,-1,2,1,1091,1090,-1,0,-1,3748,2713,-11,1,-1,3503,3503,0,2,0,1250,1250,0,0,-1,1235,1236,1,0,-16
1787463756.591,F,0,1,-,119.0,3134,3133,-1,2,1,1091,1090,-1,0,-1,2714,1694,4,0,-2,3502,3503,1,2,0,1249,1249,0,0,-2,1235,1236,1,0,-16
1787463756.743,F,0,0,0,119.0,3134,3135,1,2,3,1091,1090,-1,0,-1,1696,673,1,3,-8,3502,3503,1,2,0,1249,1250,1,0,-1,1235,1235,0,0,-17
1787463756.917,F,0,0,0,119.0,3122,3193,71,2,61,1090,1090,0,0,-1,672,3746,2,2,-2,3503,3503,0,2,0,1250,1249,-1,0,-2,1235,1236,1,0,-16
1787463757.054,F,0,1,-,119.0,3138,3132,-6,2,0,1090,1090,0,0,-1,3746,2713,-9,1,-1,3503,3503,0,2,0,1250,1250,0,0,-1,1236,1236,0,0,-16
1787463757.191,F,0,1,-,119.0,3136,3133,-3,2,1,1091,1090,-1,0,-1,2714,1694,4,0,-2,3502,3503,1,2,0,1249,1249,0,0,-2,1236,1236,0,0,-16
1787463757.329,F,0,1,-,119.0,3136,3132,-4,2,0,1091,1090,-1,0,-1,1696,673,1,3,-8,3503,3502,-1,2,-1,1249,1250,1,0,-1,1235,1236,1,0,-16
1787463757.466,F,0,1,-,119.0,3135,3133,-2,2,1,1091,1090,-1,0,-1,675,3747,0,2,-1,3503,3503,0,2,0,1249,1250,1,0,-1,1235,1236,1,0,-16
1787463757.606,F,0,1,-,119.0,3135,3133,-2,2,1,1091,1090,-1,0,-1,3749,2713,-12,1,-1,3503,3503,0,2,0,1249,1250,1,0,-1,1235,1236,1,0,-16
1787463757.741,F,0,1,-,119.0,3136,3133,-3,2,1,1091,1090,-1,0,-1,2714,1694,4,0,-2,3502,3502,0,2,-1,1249,1250,1,0,-1,1235,1236,1,0,-16
1787463757.878,F,0,1,-,119.0,3135,3133,-2,2,1,1091,1090,-1,0,-1,1696,673,1,3,-8,3503,3503,0,2,0,1249,1250,1,0,-1,1236,1235,-1,0,-17
1787463758.016,F,0,1,-,119.0,3135,3133,-2,2,1,1091,1090,-1,0,-1,674,3746,0,2,-2,3503,3502,-1,2,-1,1249,1250,1,0,-1,1236,1236,0,0,-16
1787463758.153,F,0,1,-,119.0,3135,3133,-2,2,1,1091,1090,-1,0,-1,3748,2713,-11,1,-1,3503,3503,0,2,0,1250,1250,0,0,-1,1235,1236,1,0,-16
1787463758.291,F,0,1,-,119.0,3135,3133,-2,2,1,1091,1090,-1,0,-1,2714,1694,4,0,-2,3503,3503,0,2,0,1249,1250,1,0,-1,1236,1236,0,0,-16
1787463758.430,F,0,1,-,119.0,3135,3133,-2,2,1,1091,1090,-1,0,-1,1696,673,1,3,-8,3503,3503,0,2,0,1249,1250,1,0,-1,1235,1235,0,0,-17
1787463758.566,F,0,1,-,119.0,3135,3133,-2,2,1,1091,1090,-1,0,-1,674,3746,0,2,-2,3503,3503,0,2,0,1249,1250,1,0,-1,1235,1236,1,0,-16
1787463758.704,F,0,1,-,119.0,3136,3133,-3,2,1,1091,1090,-1,0,-1,3748,2713,-11,1,-1,3503,3503,0,2,0,1249,1250,1,0,-1,1236,1236,0,0,-16
1787463758.840,F,0,1,-,119.0,3135,3133,-2,2,1,1091,1090,-1,0,-1,2714,1694,4,0,-2,3503,3503,0,2,0,1250,1250,0,0,-1,1235,1236,1,0,-16
1787463758.979,F,0,1,-,119.0,3135,3133,-2,2,1,1090,1090,0,0,-1,1696,673,1,3,-8,3503,3503,0,2,0,1250,1250,0,0,-1,1236,1236,0,0,-16
1787463759.116,F,0,1,-,119.0,3135,3132,-3,2,0,1091,1090,-1,0,-1,674,3746,0,2,-2,3503,3502,-1,2,-1,1250,1250,0,0,-1,1235,1236,1,0,-16
1787463759.253,F,0,1,-,119.0,3133,3132,-1,2,0,1091,1090,-1,0,-1,3748,2713,-11,1,-1,3503,3503,0,2,0,1249,1250,1,0,-1,1236,1236,0,0,-16
1787463759.390,F,0,1,-,119.0,3135,3133,-2,2,1,1091,1090,-1,0,-1,2714,1694,4,0,-2,3503,3503,0,2,0,1249,1250,1,0,-1,1235,1236,1,0,-16
1787463759.529,F,0,1,-,119.0,3135,3133,-2,2,1,1091,1090,-1,0,-1,1696,673,1,3,-8,3503,3503,0,2,0,1249,1250,1,0,-1,1236,1236,0,0,-16
1787463759.666,F,0,1,-,119.0,3135,3133,-2,2,1,1091,1090,-1,0,-1,674,3747,1,2,-1,3503,3503,0,2,0,1249,1250,1,0,-1,1236,1236,0,0,-16
1787463759.804,F,0,1,-,119.0,3135,3133,-2,2,1,1091,1090,-1,0,-1,3749,2713,-12,1,-1,3503,3502,-1,2,-1,1249,1250,1,0,-1,1235,1236,1,0,-16
1787463759.941,F,0,1,-,119.0,3134,3132,-2,2,0,1091,1090,-1,0,-1,2714,1694,4,0,-2,3503,3503,0,2,0,1249,1250,1,0,-1,1235,1236,1,0,-16
1787463760.078,F,0,1,-,119.0,3135,3133,-2,2,1,1091,1090,-1,0,-1,1696,673,1,3,-8,3503,3502,-1,2,-1,1249,1250,1,0,-1,1236,1236,0,0,-16
1787463760.216,F,0,1,-,119.0,3135,3133,-2,2,1,1091,1090,-1,0,-1,674,3746,0,2,-2,3502,3503,1,2,0,1249,1250,1,0,-1,1235,1236,1,0,-16
1787463760.353,F,0,1,-,119.0,3135,3133,-2,2,1,1091,1090,-1,0,-1,3748,2713,-11,1,-1,3503,3503,0,2,0,1249,1250,1,0,-1,1235,1236,1,0,-16
1787463760.490,F,0,1,-,119.0,3135,3133,-2,2,1,1091,1090,-1,0,-1,2714,1694,4,0,-2,3503,3503,0,2,0,1249,1250,1,0,-1,1236,1236,0,0,-16
1787463760.629,F,0,1,-,119.0,3135,3133,-2,2,1,1091,1090,-1,0,-1,1696,673,1,3,-8,3503,3502,-1,2,-1,1249,1250,1,0,-1,1235,1236,1,0,-16
1787463760.789,F',0,1,-,119.0,3135,3133,-2,2,1,1091,1090,-1,0,-1,674,1694,-4,0,-2,3502,3503,1,2,0,1249,1250,1,0,-1,1235,1236,1,0,-16
1787463760.927,F',0,1,-,119.0,3135,3133,-2,2,1,1091,1090,-1,0,-1,1693,2713,-4,1,-1,3503,3502,-1,2,-1,1249,1250,1,0,-1,1236,1235,-1,0,-17
1787463761.064,F',0,1,-,119.0,3135,3133,-2,2,1,1091,1090,-1,0,-1,2712,3746,10,2,-2,3503,3503,0,2,0,1249,1249,0,0,-2,1236,1236,0,0,-16
1787463761.204,F',0,1,-,119.0,3135,3133,-2,2,1,1091,1090,-1,0,-1,3745,672,-1,3,-9,3503,3503,0,2,0,1249,1250,1,0,-1,1236,1236,0,0,-16
1787463761.340,F',0,1,-,119.0,3135,3133,-2,2,1,1092,1090,-2,0,-1,672,1694,-2,0,-2,3503,3503,0,2,0,1249,1249,0,0,-2,1236,1236,0,0,-16
1787463761.477,F',0,1,-,119.0,3135,3133,-2,2,1,1091,1090,-1,0,-1,1693,2713,-4,1,-1,3503,3502,-1,2,-1,1249,1250,1,0,-1,1235,1236,1,0,-16
1787463761.614,F',0,1,-,119.0,3135,3133,-2,2,1,1091,1090,-1,0,-1,2712,3746,10,2,-2,3502,3503,1,2,0,1249,1250,1,0,-1,1236,1236,0,0,-16
1787463761.752,F',0,1,-,119.0,3135,3133,-2,2,1,1091,1090,-1,0,-1,3745,672,-1,3,-9,3503,3503,0,2,0,1249,1249,0,0,-2,1236,1236,0,0,-16
1787463761.889,F',0,1,-,119.0,3135,3133,-2,2,1,1091,1090,-1,0,-1,669,1694,1,0,-2,3503,3503,0,2,0,1249,1250,1,0,-1,1236,1236,0,0,-16
1787463762.026,F',0,1,-,119.0,3135,3133,-2,2,1,1091,1090,-1,0,-1,1693,2712,-5,1,-2,3503,3503,0,2,0,1249,1250,1,0,-1,1235,1235,0,0,-17
1787463762.164,F',0,1,-,119.0,3135,3133,-2,2,1,1091,1090,-1,0,-1,2712,3746,10,2,-2,3503,3503,0,2,0,1249,1250,1,0,-1,1236,1236,0,0,-16
1787463762.301,F',0,1,-,119.0,3135,3133,-2,2,1,1092,1091,-1,0,0,3745,672,-1,3,-9,3503,3503,0,2,0,1249,1250,1,0,-1,1235,1236,1,0,-16
1787463762.440,F',0,1,-,119.0,3135,3133,-2,2,1,1092,1090,-2,0,-1,672,1694,-2,0,-2,3502,3503,1,2,0,1249,1249,0,0,-2,1235,1236,1,0,-16
1787463762.578,F',0,1,-,119.0,3136,3133,-3,2,1,1091,1090,-1,0,-1,1693,2713,-4,1,-1,3503,3503,0,2,0,1249,1250,1,0,-1,1236,1236,0,0,-16
1787463762.714,F',0,1,-,119.0,3135,3133,-2,2,1,1091,1090,-1,0,-1,2712,3746,10,2,-2,3503,3503,0,2,0,1249,1249,0,0,-2,1236,1236,0,0,-16
1787463762.851,F',0,1,-,119.0,3135,3133,-2,2,1,1091,1091,0,0,0,3745,672,-1,3,-9,3502,3503,1,2,0,1249,1249,0,0,-2,1235,1236,1,0,-16
1787463762.989,F',0,1,-,119.0,3135,3133,-2,2,1,1092,1091,-1,0,0,672,1694,-2,0,-2,3503,3503,0,2,0,1248,1248,0,0,-3,1235,1236,1,0,-16
1787463763.126,F',0,1,-,119.0,3135,3133,-2,2,1,1091,1090,-1,0,-1,1693,2713,-4,1,-1,3503,3503,0,2,0,1248,1249,1,0,-2,1235,1236,1,0,-16
1787463763.264,F',0,1,-,119.0,3135,3133,-2,2,1,1091,1090,-1,0,-1,2712,3746,10,2,-2,3503,3503,0,2,0,1249,1249,0,0,-2,1236,1236,0,0,-16
1787463763.401,F',0,1,-,119.0,3135,3133,-2,2,1,1091,1090,-1,0,-1,3745,672,-1,3,-9,3503,3503,0,2,0,1249,1249,0,0,-2,1236,1236,0,0,-16
1787463763.539,F',0,1,-,119.0,3135,3133,-2,2,1,1091,1090,-1,0,-1,672,1694,-2,0,-2,3503,3503,0,2,0,1249,1250,1,0,-1,1235,1236,1,0,-16
1787463763.677,F',0,1,-,119.0,3135,3133,-2,2,1,1091,1090,-1,0,-1,1693,2713,-4,1,-1,3503,3503,0,2,0,1249,1250,1,0,-1,1236,1236,0,0,-16
1787463763.815,F',0,1,-,119.0,3135,3133,-2,2,1,1091,1090,-1,0,-1,2712,3746,10,2,-2,3503,3503,0,2,0,1249,1250,1,0,-1,1235,1235,0,0,-17
1787463763.951,F',0,1,-,119.0,3135,3133,-2,2,1,1091,1090,-1,0,-1,3745,672,-1,3,-9,3503,3503,0,2,0,1249,1250,1,0,-1,1235,1236,1,0,-16
1787463764.091,F',0,1,-,119.0,3135,3133,-2,2,1,1091,1090,-1,0,-1,672,1694,-2,0,-2,3503,3502,-1,2,-1,1249,1250,1,0,-1,1235,1235,0,0,-17
1787463764.227,F',0,1,-,119.0,3135,3133,-2,2,1,1091,1090,-1,0,-1,1693,2713,-4,1,-1,3502,3503,1,2,0,1249,1250,1,0,-1,1235,1235,0,0,-17
1787463764.364,F',0,1,-,119.0,3135,3133,-2,2,1,1091,1090,-1,0,-1,2712,3746,10,2,-2,3503,3503,0,2,0,1249,1249,0,0,-2,1235,1236,1,0,-16
1787463764.502,F',0,1,-,119.0,3135,3133,-2,2,1,1091,1090,-1,0,-1,3746,672,-2,3,-9,3503,3502,-1,2,-1,1249,1250,1,0,-1,1235,1235,0,0,-17
1787463764.639,F',0,1,-,119.0,3135,3133,-2,2,1,1091,1090,-1,0,-1,672,1694,-2,0,-2,3503,3502,-1,2,-1,1249,1250,1,0,-1,1235,1236,1,0,-16
1787463764.776,F',0,1,-,119.0,3135,3133,-2,2,1,1091,1090,-1,0,-1,1693,2713,-4,1,-1,3503,3503,0,2,0,1249,1250,1,0,-1,1236,1236,0,0,-16
1787463764.914,F',0,1,-,119.0,3136,3133,-3,2,1,1091,1090,-1,0,-1,2712,3746,10,2,-2,3503,3503,0,2,0,1249,1250,1,0,-1,1236,1235,-1,0,-17
1787463765.052,F',0,1,-,119.0,3135,3133,-2,2,1,1090,1090,0,0,-1,3745,672,-1,3,-9,3503,3503,0,2,0,1249,1249,0,0,-2,1236,1236,0,0,-16
1787463765.189,F',0,1,-,119.0,3135,3133,-2,2,1,1091,1090,-1,0,-1,672,1694,-2,0,-2,3503,3502,-1,2,-1,1249,1249,0,0,-2,1235,1235,0,0,-17
1787463765.326,F',0,1,-,119.0,3136,3133,-3,2,1,1091,1090,-1,0,-1,1693,2713,-4,1,-1,3503,3502,-1,2,-1,1249,1250,1,0,-1,1236,1236,0,0,-16
1787463765.464,F',0,1,-,119.0,3136,3133,-3,2,1,1091,1090,-1,0,-1,2712,3746,10,2,-2,3503,3502,-1,2,-1,1249,1250,1,0,-1,1235,1236,1,0,-16
1787463765.602,F',0,1,-,119.0,3135,3133,-2,2,1,1091,1090,-1,0,-1,3745,672,-1,3,-9,3503,3503,0,2,0,1249,1250,1,0,-1,1235,1236,1,0,-16
1787463765.738,F',0,1,-,119.0,3135,3133,-2,2,1,1091,1090,-1,0,-1,672,1694,-2,0,-2,3503,3503,0,2,0,1249,1250,1,0,-1,1235,1236,1,0,-16
1787463765.876,F',0,1,-,119.0,3136,3133,-3,2,1,1091,1091,0,0,0,1693,2713,-4,1,-1,3503,3502,-1,2,-1,1250,1250,0,0,-1,1235,1236,1,0,-16
1787463766.013,F',0,1,-,119.0,3135,3133,-2,2,1,1092,1090,-2,0,-1,2712,3746,10,2,-2,3503,3503,0,2,0,1250,1250,0,0,-1,1235,1236,1,0,-16
1787463766.152,F',0,1,-,119.0,3135,3133,-2,2,1,1092,1091,-1,0,0,3745,672,-1,3,-9,3503,3503,0,2,0,1249,1250,1,0,-1,1236,1236,0,0,-16
1787463766.289,F',0,1,-,119.0,3135,3133,-2,2,1,1092,1091,-1,0,0,672,1694,-2,0,-2,3503,3502,-1,2,-1,1249,1249,0,0,-2,1236,1236,0,0,-16
1787463766.427,F',0,1,-,119.0,3135,3133,-2,2,1,1091,1090,-1,0,-1,1693,2713,-4,1,-1,3503,3502,-1,2,-1,1249,1250,1,0,-1,1235,1236,1,0,-16
1787463766.564,F',0,1,-,119.0,3135,3133,-2,2,1,1091,1090,-1,0,-1,2712,3746,10,2,-2,3503,3502,-1,2,-1,1249,1250,1,0,-1,1236,1236,0,0,-16
1787463766.701,F',0,1,-,119.0,3135,3133,-2,2,1,1091,1090,-1,0,-1,3745,672,-1,3,-9,3503,3503,0,2,0,1249,1250,1,0,-1,1236,1236,0,0,-16
1787463766.839,F',0,1,-,119.0,3135,3133,-2,2,1,1091,1090,-1,0,-1,672,1694,-2,0,-2,3503,3503,0,2,0,1249,1250,1,0,-1,1235,1236,1,0,-16
1787463766.976,F',0,1,-,119.0,3135,3133,-2,2,1,1091,1090,-1,0,-1,1693,2713,-4,1,-1,3503,3502,-1,2,-1,1249,1250,1,0,-1,1235,1236,1,0,-16
1787463767.114,F',0,1,-,119.0,3135,3133,-2,2,1,1091,1090,-1,0,-1,2712,3746,10,2,-2,3503,3503,0,2,0,1249,1250,1,0,-1,1235,1236,1,0,-16
1787463767.251,F',0,1,-,119.0,3135,3133,-2,2,1,1091,1090,-1,0,-1,3745,672,-1,3,-9,3503,3503,0,2,0,1250,1250,0,0,-1,1235,1236,1,0,-16
1787463767.389,F',0,1,-,119.0,3135,3133,-2,2,1,1091,1090,-1,0,-1,672,1694,-2,0,-2,3503,3502,-1,2,-1,1249,1250,1,0,-1,1235,1236,1,0,-16
1787463767.526,F',0,1,-,119.0,3135,3133,-2,2,1,1091,1090,-1,0,-1,1693,2713,-4,1,-1,3503,3503,0,2,0,1250,1249,-1,0,-2,1235,1236,1,0,-16
1787463767.665,F',0,1,-,119.0,3135,3133,-2,2,1,1091,1090,-1,0,-1,2712,3746,10,2,-2,3502,3503,1,2,0,1249,1250,1,0,-1,1235,1235,0,0,-17
1787463767.801,F',0,1,-,119.0,3135,3133,-2,2,1,1091,1090,-1,0,-1,3745,672,-1,3,-9,3503,3503,0,2,0,1249,1250,1,0,-1,1235,1235,0,0,-17
1787463767.939,F',0,1,-,119.0,3135,3133,-2,2,1,1091,1090,-1,0,-1,672,1694,-2,0,-2,3503,3503,0,2,0,1249,1250,1,0,-1,1235,1236,1,0,-16
1787463768.076,F',0,1,-,119.0,3135,3133,-2,2,1,1091,1090,-1,0,-1,1693,2713,-4,1,-1,3503,3503,0,2,0,1249,1250,1,0,-1,1235,1235,0,0,-17
1787463768.213,F',0,1,-,119.0,3136,3133,-3,2,1,1091,1090,-1,0,-1,2712,3746,10,2,-2,3503,3503,0,2,0,1250,1250,0,0,-1,1236,1235,-1,0,-17
1787463768.351,F',0,1,-,119.0,3135,3133,-2,2,1,1091,1090,-1,0,-1,3745,672,-1,3,-9,3503,3503,0,2,0,1249,1249,0,0,-2,1235,1235,0,0,-17
1787463768.489,F',0,1,-,119.0,3135,3133,-2,2,1,1091,1090,-1,0,-1,672,1694,-2,0,-2,3503,3503,0,2,0,1249,1250,1,0,-1,1235,1235,0,0,-17
1787463768.626,F',0,1,-,119.0,3135,3133,-2,2,1,1091,1090,-1,0,-1,1693,2713,-4,1,-1,3503,3503,0,2,0,1249,1250,1,0,-1,1235,1235,0,0,-17
1787463768.763,F',0,1,-,119.0,3135,3133,-2,2,1,1091,1090,-1,0,-1,2712,3746,10,2,-2,3503,3503,0,2,0,1249,1250,1,0,-1,1235,1236,1,0,-16
1787463768.901,F',0,1,-,119.0,3135,3133,-2,2,1,1091,1090,-1,0,-1,3746,673,-1,3,-8,3503,3502,-1,2,-1,1249,1250,1,0,-1,1235,1235,0,0,-17
1787463769.039,F',0,1,-,119.0,3135,3133,-2,2,1,1091,1090,-1,0,-1,672,1694,-2,0,-2,3503,3503,0,2,0,1249,1250,1,0,-1,1235,1235,0,0,-17
1787463769.175,F',0,1,-,119.0,3135,3133,-2,2,1,1091,1090,-1,0,-1,1694,2713,-5,1,-1,3503,3503,0,2,0,1250,1249,-1,0,-2,1236,1236,0,0,-16
1787463769.313,F',0,1,-,119.0,3135,3133,-2,2,1,1091,1090,-1,0,-1,2712,3745,9,2,-3,3503,3503,0,2,0,1249,1250,1,0,-1,1235,1236,1,0,-16
1787463769.451,F',0,1,-,119.0,3135,3133,-2,2,1,1091,1090,-1,0,-1,3745,672,-1,3,-9,3503,3503,0,2,0,1249,1250,1,0,-1,1235,1236,1,0,-16
1787463769.590,F',0,1,-,119.0,3135,3133,-2,2,1,1091,1090,-1,0,-1,672,1694,-2,0,-2,3503,3503,0,2,0,1249,1250,1,0,-1,1235,1236,1,0,-16
1787463769.727,F',0,1,-,119.0,3136,3133,-3,2,1,1091,1090,-1,0,-1,1693,2713,-4,1,-1,3503,3503,0,2,0,1249,1250,1,0,-1,1235,1235,0,0,-17
1787463769.863,F',0,1,-,119.0,3135,3133,-2,2,1,1091,1090,-1,0,-1,2712,3746,10,2,-2,3503,3502,-1,2,-1,1249,1249,0,0,-2,1235,1235,0,0,-17
1787463770.000,F',0,1,-,119.0,3135,3133,-2,2,1,1091,1090,-1,0,-1,3745,672,-1,3,-9,3503,3502,-1,2,-1,1249,1250,1,0,-1,1235,1236,1,0,-16
1787463770.138,F',0,1,-,119.0,3135,3133,-2,2,1,1091,1090,-1,0,-1,672,1694,-2,0,-2,3503,3503,0,2,0,1249,1250,1,0,-1,1236,1236,0,0,-16
1787463770.276,F',0,1,-,119.0,3135,3133,-2,2,1,1091,1090,-1,0,-1,1693,2713,-4,1,-1,3503,3502,-1,2,-1,1249,1250,1,0,-1,1235,1236,1,0,-16
1787463770.414,F',0,1,-,119.0,3135,3133,-2,2,1,1091,1090,-1,0,-1,2712,3746,10,2,-2,3503,3503,0,2,0,1250,1250,0,0,-1,1236,1235,-1,0,-17
1787463770.550,F',0,1,-,119.0,3135,3133,-2,2,1,1091,1090,-1,0,-1,3745,672,-1,3,-9,3503,3503,0,2,0,1249,1250,1,0,-1,1236,1236,0,0,-16
1787463770.688,F',0,1,-,119.0,3135,3132,-3,2,0,1091,1090,-1,0,-1,672,1694,-2,0,-2,3503,3503,0,2,0,1249,1250,1,0,-1,1236,1236,0,0,-16
1787463770.826,F',0,1,-,119.0,3135,3133,-2,2,1,1091,1090,-1,0,-1,1693,2713,-4,1,-1,3503,3503,0,2,0,1249,1250,1,0,-1,1236,1235,-1,0,-17
1787463770.963,F',0,1,-,119.0,3135,3133,-2,2,1,1091,1090,-1,0,-1,2712,3746,10,2,-2,3503,3503,0,2,0,1249,1250,1,0,-1,1235,1235,0,0,-17
1787463771.101,F',0,1,-,119.0,3135,3133,-2,2,1,1091,1090,-1,0,-1,3745,672,-1,3,-9,3503,3503,0,2,0,1249,1249,0,0,-2,1235,1236,1,0,-16
1787463771.238,F',0,1,-,119.0,3136,3133,-3,2,1,1091,1090,-1,0,-1,672,1694,-2,0,-2,3503,3502,-1,2,-1,1250,1250,0,0,-1,1236,1236,0,0,-16
1787463771.375,F',0,1,-,119.0,3136,3133,-3,2,1,1091,1090,-1,0,-1,1693,2713,-4,1,-1,3503,3503,0,2,0,1249,1250,1,0,-1,1235,1236,1,0,-16
1787463771.514,F',0,1,-,119.0,3135,3133,-2,2,1,1091,1090,-1,0,-1,2712,3746,10,2,-2,3503,3503,0,2,0,1249,1250,1,0,-1,1235,1235,0,0,-17
1787463771.651,F',0,1,-,119.0,3135,3133,-2,2,1,1091,1090,-1,0,-1,3746,672,-2,3,-9,3503,3503,0,2,0,1249,1250,1,0,-1,1235,1235,0,0,-17
1787463771.788,F',0,1,-,119.0,3135,3133,-2,2,1,1091,1090,-1,0,-1,672,1694,-2,0,-2,3503,3502,-1,2,-1,1249,1250,1,0,-1,1236,1235,-1,0,-17
1787463771.926,F',0,1,-,119.0,3135,3133,-2,2,1,1091,1090,-1,0,-1,1693,2713,-4,1,-1,3503,3503,0,2,0,1250,1250,0,0,-1,1236,1235,-1,0,-17
1787463772.064,F',0,1,-,119.0,3135,3133,-2,2,1,1091,1090,-1,0,-1,2713,3746,9,2,-2,3503,3503,0,2,0,1249,1250,1,0,-1,1235,1236,1,0,-16
1787463772.201,F',0,1,-,119.0,3135,3133,-2,2,1,1091,1090,-1,0,-1,3746,673,-1,3,-8,3503,3502,-1,2,-1,1249,1250,1,0,-1,1236,1236,0,0,-16
1787463772.339,F',0,1,-,119.0,3136,3133,-3,2,1,1091,1090,-1,0,-1,672,1694,-2,0,-2,3502,3503,1,2,0,1250,1250,0,0,-1,1236,1236,0,0,-16
1787463772.475,F',0,1,-,119.0,3135,3133,-2,2,1,1091,1090,-1,0,-1,1694,2713,-5,1,-1,3503,3503,0,2,0,1250,1250,0,0,-1,1235,1236,1,0,-16
1787463772.612,F',0,1,-,119.0,3135,3133,-2,2,1,1091,1090,-1,0,-1,2713,3746,9,2,-2,3503,3503,0,2,0,1249,1250,1,0,-1,1235,1236,1,0,-16
1787463772.751,F',0,1,-,119.0,3135,3133,-2,2,1,1091,1090,-1,0,-1,3746,673,-1,3,-8,3503,3503,0,2,0,1249,1250,1,0,-1,1236,1237,1,0,-15
1787463772.889,F',0,1,-,119.0,3135,3133,-2,2,1,1091,1090,-1,0,-1,672,1694,-2,0,-2,3503,3503,0,2,0,1249,1250,1,0,-1,1247,1244,-3,0,-8
1787463773.025,F',0,1,-,119.0,3135,3133,-2,2,1,1091,1090,-1,0,-1,1694,2713,-5,1,-1,3502,3503,1,2,0,1249,1250,1,0,-1,1251,1249,-2,0,-3
1787463773.164,F',0,1,-,119.0,3135,3133,-2,2,1,1091,1090,-1,0,-1,2713,3746,9,2,-2,3503,3503,0,2,0,1249,1250,1,0,-1,1255,1236,-19,0,-16
1787463773.301,F',0,1,-,119.0,3135,3133,-2,2,1,1091,1090,-1,0,-1,3746,672,-2,3,-9,3503,3502,-1,2,-1,1249,1250,1,0,-1,1237,1236,-1,0,-16
1787463773.438,F',0,1,-,119.0,3135,3134,-1,2,2,1091,1090,-1,0,-1,672,1694,-2,0,-2,3503,3503,0,2,0,1249,1250,1,0,-1,1237,1236,-1,0,-16
1787463773.575,F',0,1,-,119.0,3135,3133,-2,2,1,1091,1090,-1,0,-1,1693,2713,-4,1,-1,3503,3502,-1,2,-1,1249,1250,1,0,-1,1237,1236,-1,0,-16
1787463773.713,F',0,1,-,119.0,3135,3133,-2,2,1,1091,1090,-1,0,-1,2713,3746,9,2,-2,3503,3502,-1,2,-1,1250,1250,0,0,-1,1236,1236,0,0,-16
1787463773.850,F',0,1,-,119.0,3135,3134,-1,2,2,1091,1090,-1,0,-1,3746,673,-1,3,-8,3503,3503,0,2,0,1249,1250,1,0,-1,1236,1236,0,0,-16
1787463773.988,F',0,1,-,119.0,3135,3133,-2,2,1,1091,1090,-1,0,-1,672,1694,-2,0,-2,3503,3502,-1,2,-1,1249,1249,0,0,-2,1236,1236,0,0,-16
1787463774.127,F',0,1,-,119.0,3135,3133,-2,2,1,1091,1090,-1,0,-1,1693,2713,-4,1,-1,3503,3503,0,2,0,1249,1249,0,0,-2,1236,1236,0,0,-16
1787463774.263,F',0,1,-,119.0,3135,3133,-2,2,1,1091,1090,-1,0,-1,2712,3746,10,2,-2,3503,3503,0,2,0,1249,1250,1,0,-1,1236,1236,0,0,-16
1787463774.401,F',0,1,-,119.0,3135,3133,-2,2,1,1091,1090,-1,0,-1,3745,672,-1,3,-9,3503,3503,0,2,0,1249,1250,1,0,-1,1236,1235,-1,0,-17
1787463774.539,F',0,1,-,119.0,3135,3133,-2,2,1,1091,1090,-1,0,-1,672,1694,-2,0,-2,3503,3502,-1,2,-1,1249,1250,1,0,-1,1235,1235,0,0,-17
1787463774.675,F',0,1,-,119.0,3135,3133,-2,2,1,1091,1090,-1,0,-1,1693,2713,-4,1,-1,3503,3503,0,2,0,1249,1250,1,0,-1,1236,1236,0,0,-16
1787463774.813,F',0,1,-,119.0,3136,3133,-3,2,1,1091,1090,-1,0,-1,2712,3746,10,2,-2,3503,3503,0,2,0,1249,1250,1,0,-1,1236,1236,0,0,-16
1787463774.950,F',0,1,-,119.0,3135,3133,-2,2,1,1091,1090,-1,0,-1,3745,672,-1,3,-9,3503,3502,-1,2,-1,1250,1250,0,0,-1,1236,1236,0,0,-16
1787463775.088,F',0,1,-,119.0,3135,3133,-2,2,1,1091,1090,-1,0,-1,672,1694,-2,0,-2,3503,3503,0,2,0,1249,1250,1,0,-1,1236,1235,-1,0,-17
1787463775.226,F',0,1,-,119.0,3135,3133,-2,2,1,1091,1090,-1,0,-1,1693,2713,-4,1,-1,3503,3503,0,2,0,1249,1250,1,0,-1,1236,1236,0,0,-16
1787463775.363,F',0,1,-,119.0,3135,3133,-2,2,1,1091,1090,-1,0,-1,2712,3746,10,2,-2,3503,3503,0,2,0,1249,1250,1,0,-1,1236,1236,0,0,-16
1787463775.501,F',0,1,-,119.0,3135,3133,-2,2,1,1091,1090,-1,0,-1,3745,672,-1,3,-9,3503,3502,-1,2,-1,1249,1250,1,0,-1,1236,1236,0,0,-16
1787463775.638,F',0,1,-,119.0,3135,3133,-2,2,1,1091,1090,-1,0,-1,672,1694,-2,0,-2,3503,3503,0,2,0,1249,1250,1,0,-1,1236,1236,0,0,-16
1787463775.775,F',0,1,-,119.0,3135,3133,-2,2,1,1091,1090,-1,0,-1,1693,2713,-4,1,-1,3503,3503,0,2,0,1249,1249,0,0,-2,1236,1235,-1,0,-17
1787463775.912,F',0,1,-,119.0,3135,3133,-2,2,1,1091,1090,-1,0,-1,2712,3746,10,2,-2,3503,3503,0,2,0,1249,1250,1,0,-1,1236,1236,0,0,-16
1787463776.050,F',0,1,-,119.0,3135,3133,-2,2,1,1091,1090,-1,0,-1,3745,672,-1,3,-9,3503,3503,0,2,0,1249,1249,0,0,-2,1235,1236,1,0,-16
1787463776.189,F',0,1,-,119.0,3135,3133,-2,2,1,1091,1090,-1,0,-1,672,1694,-2,0,-2,3503,3503,0,2,0,1249,1250,1,0,-1,1236,1236,0,0,-16
1787463776.326,F',0,1,-,119.0,3135,3133,-2,2,1,1091,1090,-1,0,-1,1693,2713,-4,1,-1,3503,3503,0,2,0,1250,1250,0,0,-1,1236,1236,0,0,-16
1787463776.463,F',0,1,-,119.0,3135,3133,-2,2,1,1091,1090,-1,0,-1,2712,3746,10,2,-2,3503,3503,0,2,0,1250,1250,0,0,-1,1236,1236,0,0,-16
1787463776.600,F',0,1,-,119.0,3135,3133,-2,2,1,1091,1090,-1,0,-1,3745,673,0,3,-8,3503,3503,0,2,0,1250,1249,-1,0,-2,1236,1235,-1,0,-17
1787463776.738,F',0,1,-,119.0,3135,3133,-2,2,1,1091,1090,-1,0,-1,672,1694,-2,0,-2,3503,3502,-1,2,-1,1249,1250,1,0,-1,1235,1236,1,0,-16
1787463776.875,F',0,1,-,119.0,3135,3133,-2,2,1,1091,1090,-1,0,-1,1693,2713,-4,1,-1,3503,3503,0,2,0,1249,1250,1,0,-1,1236,1236,0,0,-16
1787463777.013,F',0,1,-,119.0,3135,3133,-2,2,1,1091,1090,-1,0,-1,2712,3746,10,2,-2,3503,3503,0,2,0,1250,1250,0,0,-1,1236,1236,0,0,-16
1787463777.150,F',0,1,-,119.0,3135,3133,-2,2,1,1091,1090,-1,0,-1,3745,673,0,3,-8,3503,3503,0,2,0,1249,1250,1,0,-1,1236,1236,0,0,-16
1787463777.288,F',0,1,-,119.0,3135,3133,-2,2,1,1091,1090,-1,0,-1,672,1694,-2,0,-2,3503,3502,-1,2,-1,1249,1250,1,0,-1,1236,1236,0,0,-16
1787463777.425,F',0,1,-,119.0,3135,3133,-2,2,1,1091,1090,-1,0,-1,1693,2713,-4,1,-1,3502,3503,1,2,0,1249,1250,1,0,-1,1236,1236,0,0,-16
1787463777.563,F',0,1,-,119.0,3135,3133,-2,2,1,1091,1090,-1,0,-1,2712,3746,10,2,-2,3503,3503,0,2,0,1249,1250,1,0,-1,1236,1236,0,0,-16
1787463777.701,F',0,1,-,119.0,3135,3133,-2,2,1,1091,1090,-1,0,-1,3746,673,-1,3,-8,3503,3502,-1,2,-1,1249,1250,1,0,-1,1236,1235,-1,0,-17
1787463777.837,F',0,1,-,119.0,3135,3133,-2,2,1,1091,1090,-1,0,-1,672,1694,-2,0,-2,3503,3503,0,2,0,1250,1250,0,0,-1,1235,1235,0,0,-17
1787463777.975,F',0,1,-,119.0,3135,3133,-2,2,1,1091,1090,-1,0,-1,1694,2713,-5,1,-1,3502,3503,1,2,0,1249,1250,1,0,-1,1235,1235,0,0,-17
1787463778.113,F',0,1,-,119.0,3135,3133,-2,2,1,1091,1090,-1,0,-1,2713,3746,9,2,-2,3503,3503,0,2,0,1249,1249,0,0,-2,1235,1236,1,0,-16
1787463778.250,F',0,1,-,119.0,3135,3133,-2,2,1,1091,1090,-1,0,-1,3746,673,-1,3,-8,3502,3503,1,2,0,1249,1250,1,0,-1,1236,1236,0,0,-16
1787463778.387,F',0,1,-,119.0,3135,3133,-2,2,1,1091,1090,-1,0,-1,672,1694,-2,0,-2,3503,3502,-1,2,-1,1249,1250,1,0,-1,1236,1235,-1,0,-17
1787463778.525,F',0,1,-,119.0,3135,3133,-2,2,1,1091,1090,-1,0,-1,1693,2713,-4,1,-1,3503,3503,0,2,0,1249,1250,1,0,-1,1235,1236,1,0,-16
1787463778.662,F',0,1,-,119.0,3135,3133,-2,2,1,1091,1090,-1,0,-1,2713,3746,9,2,-2,3503,3503,0,2,0,1249,1250,1,0,-1,1235,1236,1,0,-16
1787463778.800,F',0,1,-,119.0,3135,3133,-2,2,1,1091,1091,0,0,0,3746,673,-1,3,-8,3503,3503,0,2,0,1249,1250,1,0,-1,1236,1236,0,0,-16
1787463778.938,F',0,1,-,119.0,3136,3133,-3,2,1,1091,1090,-1,0,-1,672,1694,-2,0,-2,3503,3502,-1,2,-1,1249,1250,1,0,-1,1236,1236,0,0,-16
1787463779.075,F',0,1,-,119.0,3135,3133,-2,2,1,1091,1090,-1,0,-1,1694,2713,-5,1,-1,3503,3503,0,2,0,1249,1250,1,0,-1,1236,1236,0,0,-16
1787463779.212,F',0,1,-,119.0,3135,3133,-2,2,1,1091,1090,-1,0,-1,2713,3746,9,2,-2,3503,3503,0,2,0,1250,1250,0,0,-1,1236,1236,0,0,-16
1787463779.352,F',0,1,-,119.0,3135,3133,-2,2,1,1091,1090,-1,0,-1,3746,672,-2,3,-9,3503,3503,0,2,0,1249,1250,1,0,-1,1236,1236,0,0,-16
1787463779.488,F',0,1,-,119.0,3135,3133,-2,2,1,1091,1090,-1,0,-1,672,1694,-2,0,-2,3503,3503,0,2,0,1249,1250,1,0,-1,1236,1236,0,0,-16
1787463779.625,F',0,1,-,119.0,3136,3133,-3,2,1,1091,1090,-1,0,-1,1693,2713,-4,1,-1,3503,3503,0,2,0,1249,1250,1,0,-1,1236,1236,0,0,-16
1787463779.762,F',0,1,-,119.0,3135,3133,-2,2,1,1091,1090,-1,0,-1,2712,3746,10,2,-2,3503,3503,0,2,0,1249,1249,0,0,-2,1236,1236,0,0,-16
1787463779.900,F',0,1,-,119.0,3135,3133,-2,2,1,1091,1090,-1,0,-1,3745,672,-1,3,-9,3503,3503,0,2,0,1249,1250,1,0,-1,1236,1236,0,0,-16
1787463780.038,F',0,1,-,119.0,3135,3134,-1,2,2,1091,1090,-1,0,-1,672,1694,-2,0,-2,3503,3503,0,2,0,1249,1250,1,0,-1,1236,1236,0,0,-16
1787463780.175,F',0,1,-,119.0,3135,3133,-2,2,1,1091,1090,-1,0,-1,1694,2713,-5,1,-1,3503,3503,0,2,0,1249,1250,1,0,-1,1234,1234,0,0,-18
1787463780.313,F',0,1,-,119.0,3135,3133,-2,2,1,1091,1090,-1,0,-1,2713,3746,9,2,-2,3503,3502,-1,2,-1,1249,1250,1,0,-1,1234,1236,2,0,-16
1787463780.450,F',0,1,-,119.0,3135,3134,-1,2,2,1091,1090,-1,0,-1,3746,673,-1,3,-8,3503,3502,-1,2,-1,1249,1250,1,0,-1,1235,1236,1,0,-16
1787463780.588,F',0,1,-,119.0,3135,3133,-2,2,1,1091,1090,-1,0,-1,673,1694,-3,0,-2,3503,3502,-1,2,-1,1249,1250,1,0,-1,1235,1236,1,0,-16
1787463780.725,F',0,1,-,119.0,3135,3133,-2,2,1,1091,1090,-1,0,-1,1693,2713,-4,1,-1,3503,3503,0,2,0,1249,1249,0,0,-2,1235,1236,1,0,-16
1787463780.862,F',0,1,-,119.0,3135,3133,-2,2,1,1091,1090,-1,0,-1,2712,3746,10,2,-2,3502,3502,0,2,-1,1248,1250,2,0,-1,1235,1236,1,0,-16
1787463781.000,F',0,1,-,119.0,3135,3133,-2,2,1,1091,1090,-1,0,-1,3746,673,-1,3,-8,3503,3503,0,2,0,1249,1250,1,0,-1,1235,1235,0,0,-17
1787463781.137,F',0,1,-,119.0,3135,3133,-2,2,1,1091,1090,-1,0,-1,672,1694,-2,0,-2,3503,3503,0,2,0,1249,1250,1,0,-1,1234,1237,3,0,-15
1787463781.275,F',0,1,-,119.0,3135,3133,-2,2,1,1091,1091,0,0,0,1693,2713,-4,1,-1,3503,3502,-1,2,-1,1249,1250,1,0,-1,1242,1236,-6,0,-16
1787463781.412,F',0,1,-,119.0,3135,3133,-2,2,1,1091,1090,-1,0,-1,2713,3746,9,2,-2,3503,3503,0,2,0,1249,1250,1,0,-1,1236,1236,0,0,-16
1787463781.550,F',0,1,-,119.0,3135,3133,-2,2,1,1091,1090,-1,0,-1,3745,673,0,3,-8,3503,3503,0,2,0,1249,1250,1,0,-1,1236,1236,0,0,-16
1787463781.688,F',0,1,-,119.0,3135,3133,-2,2,1,1091,1090,-1,0,-1,672,1694,-2,0,-2,3503,3503,0,2,0,1249,1249,0,0,-2,1236,1236,0,0,-16
1787463781.825,F',0,1,-,119.0,3135,3133,-2,2,1,1091,1090,-1,0,-1,1694,2713,-5,1,-1,3503,3503,0,2,0,1249,1250,1,0,-1,1236,1236,0,0,-16
1787463781.963,F',0,1,-,119.0,3135,3133,-2,2,1,1091,1090,-1,0,-1,2713,3746,9,2,-2,3503,3502,-1,2,-1,1249,1249,0,0,-2,1236,1236,0,0,-16
1787463782.100,F',0,1,-,119.0,3136,3133,-3,2,1,1091,1090,-1,0,-1,3746,673,-1,3,-8,3503,3503,0,2,0,1250,1250,0,0,-1,1236,1236,0,0,-16
1787463782.237,F',0,1,-,119.0,3136,3133,-3,2,1,1091,1090,-1,0,-1,672,1694,-2,0,-2,3503,3503,0,2,0,1249,1249,0,0,-2,1236,1236,0,0,-16
1787463782.375,F',0,1,-,119.0,3135,3133,-2,2,1,1091,1091,0,0,0,1693,2713,-4,1,-1,3503,3503,0,2,0,1249,1250,1,0,-1,1236,1236,0,0,-16
1787463782.513,F',0,1,-,119.0,3135,3133,-2,2,1,1091,1090,-1,0,-1,2712,3746,10,2,-2,3503,3503,0,2,0,1249,1250,1,0,-1,1236,1236,0,0,-16
1787463782.650,F',0,1,-,119.0,3135,3133,-2,2,1,1091,1090,-1,0,-1,3745,672,-1,3,-9,3503,3503,0,2,0,1249,1249,0,0,-2,1236,1236,0,0,-16
1787463782.789,F',0,1,-,119.0,3135,3133,-2,2,1,1091,1090,-1,0,-1,672,1694,-2,0,-2,3502,3503,1,2,0,1249,1250,1,0,-1,1236,1236,0,0,-16
1787463782.925,F',0,1,-,119.0,3135,3133,-2,2,1,1091,1090,-1,0,-1,1693,2713,-4,1,-1,3503,3502,-1,2,-1,1250,1250,0,0,-1,1236,1236,0,0,-16
1787463783.063,F',0,1,-,119.0,3135,3133,-2,2,1,1091,1090,-1,0,-1,2712,3746,10,2,-2,3503,3503,0,2,0,1249,1250,1,0,-1,1236,1236,0,0,-16
1787463783.200,F',0,1,-,119.0,3135,3133,-2,2,1,1091,1090,-1,0,-1,3745,672,-1,3,-9,3503,3503,0,2,0,1249,1250,1,0,-1,1236,1236,0,0,-16
1787463783.337,F',0,1,-,119.0,3135,3133,-2,2,1,1091,1090,-1,0,-1,672,1694,-2,0,-2,3503,3503,0,2,0,1249,1250,1,0,-1,1236,1236,0,0,-16
1787463783.475,F',0,1,-,119.0,3135,3133,-2,2,1,1091,1090,-1,0,-1,1693,2713,-4,1,-1,3503,3502,-1,2,-1,1249,1250,1,0,-1,1236,1236,0,0,-16
1787463783.612,F',0,1,-,119.0,3135,3133,-2,2,1,1091,1090,-1,0,-1,2713,3746,9,2,-2,3503,3503,0,2,0,1249,1249,0,0,-2,1236,1236,0,0,-16
1787463783.750,F',0,1,-,119.0,3135,3133,-2,2,1,1091,1090,-1,0,-1,3746,673,-1,3,-8,3503,3503,0,2,0,1249,1250,1,0,-1,1236,1236,0,0,-16
1787463783.887,F',0,1,-,119.0,3135,3133,-2,2,1,1091,1090,-1,0,-1,672,1694,-2,0,-2,3503,3503,0,2,0,1249,1250,1,0,-1,1236,1236,0,0,-16
1787463784.024,F',0,1,-,119.0,3135,3133,-2,2,1,1091,1090,-1,0,-1,1694,2713,-5,1,-1,3503,3502,-1,2,-1,1249,1249,0,0,-2,1236,1236,0,0,-16
1787463784.162,F',0,1,-,119.0,3135,3133,-2,2,1,1091,1090,-1,0,-1,2713,3746,9,2,-2,3502,3503,1,2,0,1249,1250,1,0,-1,1236,1236,0,0,-16
1787463784.299,F',0,1,-,119.0,3135,3133,-2,2,1,1091,1090,-1,0,-1,3746,673,-1,3,-8,3502,3503,1,2,0,1249,1250,1,0,-1,1236,1236,0,0,-16
1787463784.437,F',0,1,-,119.0,3136,3133,-3,2,1,1091,1090,-1,0,-1,672,1694,-2,0,-2,3503,3503,0,2,0,1249,1250,1,0,-1,1236,1236,0,0,-16
1787463784.575,F',0,1,-,119.0,3135,3133,-2,2,1,1091,1090,-1,0,-1,1694,2713,-5,1,-1,3503,3502,-1,2,-1,1249,1250,1,0,-1,1236,1236,0,0,-16
1787463784.713,F',0,1,-,119.0,3135,3133,-2,2,1,1091,1090,-1,0,-1,2713,3746,9,2,-2,3503,3503,0,2,0,1250,1250,0,0,-1,1236,1236,0,0,-16
1787463784.849,F',0,1,-,119.0,3135,3133,-2,2,1,1091,1090,-1,0,-1,3746,673,-1,3,-8,3503,3503,0,2,0,1249,1250,1,0,-1,1236,1236,0,0,-16
1787463784.987,F',0,1,-,119.0,3135,3133,-2,2,1,1091,1090,-1,0,-1,672,1694,-2,0,-2,3503,3502,-1,2,-1,1249,1250,1,0,-1,1236,1236,0,0,-16
1787463785.127,F',0,1,-,119.0,3135,3133,-2,2,1,1091,1090,-1,0,-1,1694,2713,-5,1,-1,3503,3503,0,2,0,1249,1250,1,0,-1,1236,1236,0,0,-16
1787463785.263,F',0,1,-,119.0,3135,3133,-2,2,1,1091,1090,-1,0,-1,2712,3746,10,2,-2,3503,3503,0,2,0,1249,1250,1,0,-1,1236,1236,0,0,-16
1787463785.399,F',0,1,-,119.0,3135,3133,-2,2,1,1091,1090,-1,0,-1,3745,672,-1,3,-9,3503,3503,0,2,0,1249,1250,1,0,-1,1236,1236,0,0,-16
1787463785.537,F',0,1,-,119.0,3135,3133,-2,2,1,1091,1090,-1,0,-1,672,1694,-2,0,-2,3503,3503,0,2,0,1249,1250,1,0,-1,1236,1236,0,0,-16
1787463785.675,F',0,1,-,119.0,3135,3133,-2,2,1,1091,1090,-1,0,-1,1693,2713,-4,1,-1,3503,3503,0,2,0,1249,1250,1,0,-1,1236,1236,0,0,-16
1787463785.812,F',0,1,-,119.0,3135,3133,-2,2,1,1091,1090,-1,0,-1,2713,3746,9,2,-2,3503,3503,0,2,0,1249,1250,1,0,-1,1236,1236,0,0,-16
1787463785.950,F',0,1,-,119.0,3136,3133,-3,2,1,1091,1090,-1,0,-1,3745,672,-1,3,-9,3503,3503,0,2,0,1249,1250,1,0,-1,1236,1236,0,0,-16
1787463786.087,F',0,1,-,119.0,3135,3133,-2,2,1,1091,1090,-1,0,-1,672,1694,-2,0,-2,3503,3503,0,2,0,1249,1250,1,0,-1,1236,1236,0,0,-16
1787463786.225,F',0,1,-,119.0,3135,3133,-2,2,1,1091,1090,-1,0,-1,1693,2713,-4,1,-1,3503,3502,-1,2,-1,1249,1250,1,0,-1,1236,1236,0,0,-16
1787463786.362,F',0,1,-,119.0,3135,3133,-2,2,1,1091,1090,-1,0,-1,2712,3746,10,2,-2,3503,3503,0,2,0,1249,1250,1,0,-1,1236,1236,0,0,-16
1787463786.500,F',0,1,-,119.0,3136,3133,-3,2,1,1091,1090,-1,0,-1,3746,672,-2,3,-9,3503,3503,0,2,0,1249,1250,1,0,-1,1236,1236,0,0,-16
1787463786.638,F',0,1,-,119.0,3135,3133,-2,2,1,1091,1090,-1,0,-1,672,1694,-2,0,-2,3503,3502,-1,2,-1,1249,1250,1,0,-1,1236,1236,0,0,-16
1787463786.774,F',0,1,-,119.0,3135,3133,-2,2,1,1091,1090,-1,0,-1,1693,2713,-4,1,-1,3503,3503,0,2,0,1249,1250,1,0,-1,1236,1235,-1,0,-17
1787463786.913,F',0,1,-,119.0,3135,3133,-2,2,1,1091,1090,-1,0,-1,2712,3746,10,2,-2,3503,3503,0,2,0,1249,1250,1,0,-1,1236,1236,0,0,-16
1787463787.050,F',0,1,-,119.0,3135,3133,-2,2,1,1091,1090,-1,0,-1,3745,672,-1,3,-9,3503,3503,0,2,0,1249,1250,1,0,-1,1236,1236,0,0,-16
1787463787.188,F',0,1,-,119.0,3135,3133,-2,2,1,1091,1090,-1,0,-1,672,1694,-2,0,-2,3503,3502,-1,2,-1,1250,1250,0,0,-1,1236,1236,0,0,-16
1787463787.324,F',0,1,-,119.0,3135,3133,-2,2,1,1091,1090,-1,0,-1,1693,2713,-4,1,-1,3503,3503,0,2,0,1249,1250,1,0,-1,1236,1236,0,0,-16
1787463787.462,F',0,1,-,119.0,3135,3133,-2,2,1,1091,1090,-1,0,-1,2713,3746,9,2,-2,3503,3502,-1,2,-1,1249,1250,1,0,-1,1236,1236,0,0,-16
1787463787.600,F',0,1,-,119.0,3135,3133,-2,2,1,1091,1090,-1,0,-1,3745,673,0,3,-8,3503,3502,-1,2,-1,1250,1250,0,0,-1,1236,1236,0,0,-16
1787463787.737,F',0,1,-,119.0,3135,3133,-2,2,1,1091,1090,-1,0,-1,672,1694,-2,0,-2,3503,3502,-1,2,-1,1249,1249,0,0,-2,1236,1236,0,0,-16
1787463787.874,F',0,1,-,119.0,3135,3133,-2,2,1,1091,1090,-1,0,-1,1693,2713,-4,1,-1,3503,3502,-1,2,-1,1249,1250,1,0,-1,1236,1236,0,0,-16
1787463788.011,F',0,1,-,119.0,3135,3133,-2,2,1,1091,1090,-1,0,-1,2712,3746,10,2,-2,3503,3503,0,2,0,1249,1250,1,0,-1,1236,1236,0,0,-16
1787463788.149,F',0,1,-,119.0,3135,3133,-2,2,1,1091,1090,-1,0,-1,3746,673,-1,3,-8,3503,3503,0,2,0,1249,1250,1,0,-1,1236,1236,0,0,-16
1787463788.429,F2,0,1,-,219.0,3135,3133,-2,2,1,1091,1090,-1,0,-1,672,2713,-7,1,-1,3502,3503,1,2,0,1249,1250,1,0,-1,1236,1236,0,0,-16
1787463788.667,F2,0,1,-,219.0,3135,3133,-2,2,1,1091,1090,-1,0,-1,2714,673,7,3,-8,3503,3503,0,2,0,1249,1250,1,0,-1,1236,1236,0,0,-16
1787463788.904,F2,0,1,-,219.0,3136,3133,-3,2,1,1091,1090,-1,0,-1,674,2713,-9,1,-1,3503,3502,-1,2,-1,1249,1250,1,0,-1,1236,1236,0,0,-16
1787463789.141,F2,0,1,-,219.0,3135,3133,-2,2,1,1091,1090,-1,0,-1,2714,673,7,3,-8,3503,3503,0,2,0,1249,1250,1,0,-1,1235,1236,1,0,-16
1787463789.379,F2,0,1,-,219.0,3135,3133,-2,2,1,1091,1090,-1,0,-1,674,2713,-9,1,-1,3503,3503,0,2,0,1249,1250,1,0,-1,1236,1236,0,0,-16
1787463789.618,F2,0,1,-,219.0,3135,3133,-2,2,1,1091,1090,-1,0,-1,2714,673,7,3,-8,3503,3503,0,2,0,1250,1250,0,0,-1,1236,1236,0,0,-16
1787463789.854,F2,0,1,-,219.0,3135,3133,-2,2,1,1091,1090,-1,0,-1,674,2713,-9,1,-1,3503,3503,0,2,0,1249,1249,0,0,-2,1236,1236,0,0,-16
1787463790.092,F2,0,1,-,219.0,3135,3133,-2,2,1,1091,1090,-1,0,-1,2714,673,7,3,-8,3503,3502,-1,2,-1,1249,1250,1,0,-1,1236,1236,0,0,-16
1787463790.329,F2,0,1,-,219.0,3135,3133,-2,2,1,1091,1090,-1,0,-1,674,2713,-9,1,-1,3503,3502,-1,2,-1,1249,1250,1,0,-1,1236,1236,0,0,-16
1787463790.567,F2,0,1,-,219.0,3135,3133,-2,2,1,1091,1090,-1,0,-1,2714,673,7,3,-8,3503,3503,0,2,0,1249,1250,1,0,-1,1236,1236,0,0,-16
1787463790.804,F2,0,1,-,219.0,3135,3133,-2,2,1,1091,1090,-1,0,-1,674,2713,-9,1,-1,3503,3503,0,2,0,1249,1249,0,0,-2,1236,1236,0,0,-16
1787463791.042,F2,0,1,-,219.0,3135,3133,-2,2,1,1091,1090,-1,0,-1,2714,673,7,3,-8,3503,3502,-1,2,-1,1249,1250,1,0,-1,1236,1236,0,0,-16
1787463791.279,F2,0,1,-,219.0,3136,3133,-3,2,1,1091,1090,-1,0,-1,674,2713,-9,1,-1,3503,3502,-1,2,-1,1249,1250,1,0,-1,1236,1236,0,0,-16
1787463791.517,F2,0,1,-,219.0,3136,3133,-3,2,1,1091,1090,-1,0,-1,2714,673,7,3,-8,3503,3502,-1,2,-1,1249,1250,1,0,-1,1235,1236,1,0,-16
1787463791.754,F2,0,1,-,219.0,3136,3133,-3,2,1,1091,1090,-1,0,-1,674,2713,-9,1,-1,3503,3503,0,2,0,1249,1250,1,0,-1,1236,1236,0,0,-16
1787463791.992,F2,0,1,-,219.0,3135,3133,-2,2,1,1091,1090,-1,0,-1,2714,673,7,3,-8,3503,3503,0,2,0,1249,1250,1,0,-1,1235,1236,1,0,-16
1787463792.229,F2,0,1,-,219.0,3135,3133,-2,2,1,1091,1090,-1,0,-1,674,2713,-9,1,-1,3503,3503,0,2,0,1249,1250,1,0,-1,1236,1236,0,0,-16
1787463792.467,F2,0,1,-,219.0,3136,3133,-3,2,1,1091,1090,-1,0,-1,2714,672,6,3,-9,3503,3503,0,2,0,1249,1250,1,0,-1,1236,1236,0,0,-16
1787463792.704,F2,0,1,-,219.0,3135,3133,-2,2,1,1091,1090,-1,0,-1,674,2713,-9,1,-1,3503,3502,-1,2,-1,1249,1249,0,0,-2,1236,1236,0,0,-16
1787463792.942,F2,0,1,-,219.0,3135,3133,-2,2,1,1091,1090,-1,0,-1,2714,673,7,3,-8,3503,3503,0,2,0,1250,1250,0,0,-1,1236,1236,0,0,-16
1787463793.179,F2,0,1,-,219.0,3135,3133,-2,2,1,1091,1090,-1,0,-1,674,2713,-9,1,-1,3503,3503,0,2,0,1249,1249,0,0,-2,1236,1236,0,0,-16
1787463793.417,F2,0,1,-,219.0,3135,3133,-2,2,1,1091,1090,-1,0,-1,2714,673,7,3,-8,3503,3503,0,2,0,1249,1250,1,0,-1,1236,1236,0,0,-16
1787463793.654,F2,0,1,-,219.0,3135,3133,-2,2,1,1091,1091,0,0,0,674,2713,-9,1,-1,3503,3503,0,2,0,1250,1250,0,0,-1,1236,1236,0,0,-16
1787463793.892,F2,0,1,-,219.0,3135,3133,-2,2,1,1091,1090,-1,0,-1,2714,673,7,3,-8,3503,3503,0,2,0,1249,1250,1,0,-1,1236,1236,0,0,-16
1787463794.129,F2,0,1,-,219.0,3135,3133,-2,2,1,1091,1090,-1,0,-1,674,2713,-9,1,-1,3503,3503,0,2,0,1249,1249,0,0,-2,1236,1235,-1,0,-17
1787463794.367,F2,0,1,-,219.0,3136,3133,-3,2,1,1091,1090,-1,0,-1,2714,673,7,3,-8,3503,3502,-1,2,-1,1249,1249,0,0,-2,1236,1236,0,0,-16
1787463794.604,F2,0,1,-,219.0,3135,3133,-2,2,1,1091,1090,-1,0,-1,674,2713,-9,1,-1,3503,3503,0,2,0,1249,1249,0,0,-2,1235,1236,1,0,-16
1787463794.841,F2,0,1,-,219.0,3135,3133,-2,2,1,1091,1090,-1,0,-1,2714,673,7,3,-8,3503,3503,0,2,0,1249,1250,1,0,-1,1236,1236,0,0,-16
1787463795.079,F2,0,1,-,219.0,3135,3133,-2,2,1,1091,1090,-1,0,-1,674,2713,-9,1,-1,3503,3503,0,2,0,1249,1250,1,0,-1,1236,1236,0,0,-16
1787463795.317,F2,0,1,-,219.0,3135,3133,-2,2,1,1091,1090,-1,0,-1,2714,673,7,3,-8,3503,3503,0,2,0,1250,1250,0,0,-1,1236,1236,0,0,-16
1787463795.554,F2,0,1,-,219.0,3135,3133,-2,2,1,1091,1090,-1,0,-1,674,2713,-9,1,-1,3503,3503,0,2,0,1249,1250,1,0,-1,1236,1236,0,0,-16
1787463795.791,F2,0,1,-,219.0,3135,3133,-2,2,1,1091,1090,-1,0,-1,2714,673,7,3,-8,3503,3502,-1,2,-1,1249,1250,1,0,-1,1235,1236,1,0,-16
1787463796.029,F2,0,1,-,219.0,3135,3133,-2,2,1,1091,1090,-1,0,-1,674,2713,-9,1,-1,3503,3503,0,2,0,1249,1250,1,0,-1,1236,1236,0,0,-16
1787463796.266,F2,0,1,-,219.0,3135,3133,-2,2,1,1091,1090,-1,0,-1,2714,673,7,3,-8,3503,3503,0,2,0,1249,1250,1,0,-1,1235,1236,1,0,-16
1787463796.503,F2,0,1,-,219.0,3135,3133,-2,2,1,1091,1090,-1,0,-1,674,2713,-9,1,-1,3503,3503,0,2,0,1250,1249,-1,0,-2,1236,1236,0,0,-16
1787463796.741,F2,0,1,-,219.0,3135,3133,-2,2,1,1091,1090,-1,0,-1,2714,673,7,3,-8,3503,3502,-1,2,-1,1249,1250,1,0,-1,1236,1236,0,0,-16
1787463796.979,F2,0,1,-,219.0,3135,3133,-2,2,1,1091,1090,-1,0,-1,674,2713,-9,1,-1,3503,3503,0,2,0,1249,1250,1,0,-1,1236,1236,0,0,-16
1787463797.217,F2,0,1,-,219.0,3135,3133,-2,2,1,1091,1090,-1,0,-1,2714,673,7,3,-8,3503,3503,0,2,0,1249,1250,1,0,-1,1236,1236,0,0,-16
1787463797.454,F2,0,1,-,219.0,3136,3133,-3,2,1,1091,1090,-1,0,-1,674,2713,-9,1,-1,3503,3503,0,2,0,1249,1250,1,0,-1,1235,1236,1,0,-16
1787463797.691,F2,0,1,-,219.0,3135,3133,-2,2,1,1091,1090,-1,0,-1,2714,672,6,3,-9,3503,3503,0,2,0,1249,1250,1,0,-1,1236,1236,0,0,-16
1787463797.929,F2,0,1,-,219.0,3135,3133,-2,2,1,1091,1090,-1,0,-1,674,2713,-9,1,-1,3503,3503,0,2,0,1249,1250,1,0,-1,1236,1236,0,0,-16
1787463798.166,F2,0,1,-,219.0,3135,3133,-2,2,1,1091,1090,-1,0,-1,2714,673,7,3,-8,3503,3503,0,2,0,1249,1250,1,0,-1,1236,1236,0,0,-16
1787463798.403,F2,0,1,-,219.0,3135,3133,-2,2,1,1091,1090,-1,0,-1,674,2713,-9,1,-1,3503,3503,0,2,0,1249,1250,1,0,-1,1235,1235,0,0,-17
1787463798.641,F2,0,1,-,219.0,3135,3133,-2,2,1,1091,1090,-1,0,-1,2714,673,7,3,-8,3503,3503,0,2,0,1249,1250,1,0,-1,1235,1236,1,0,-16
1787463798.878,F2,0,1,-,219.0,3135,3133,-2,2,1,1091,1090,-1,0,-1,674,2713,-9,1,-1,3503,3503,0,2,0,1250,1250,0,0,-1,1236,1236,0,0,-16
1787463799.117,F2,0,1,-,219.0,3136,3133,-3,2,1,1091,1090,-1,0,-1,2714,673,7,3,-8,3503,3503,0,2,0,1249,1250,1,0,-1,1236,1236,0,0,-16
1787463799.354,F2,0,1,-,219.0,3135,3133,-2,2,1,1091,1090,-1,0,-1,674,2713,-9,1,-1,3503,3503,0,2,0,1249,1250,1,0,-1,1236,1236,0,0,-16
1787463799.591,F2,0,1,-,219.0,3135,3133,-2,2,1,1091,1090,-1,0,-1,2714,673,7,3,-8,3503,3502,-1,2,-1,1249,1249,0,0,-2,1236,1236,0,0,-16
1787463799.831,F2,0,1,-,219.0,3135,3133,-2,2,1,1091,1090,-1,0,-1,674,2713,-9,1,-1,3503,3503,0,2,0,1249,1250,1,0,-1,1236,1236,0,0,-16
1787463800.066,F2,0,1,-,219.0,3135,3133,-2,2,1,1091,1090,-1,0,-1,2714,673,7,3,-8,3503,3502,-1,2,-1,1249,1250,1,0,-1,1236,1236,0,0,-16
1787463800.304,F2,0,1,-,219.0,3135,3133,-2,2,1,1091,1090,-1,0,-1,674,2713,-9,1,-1,3503,3502,-1,2,-1,1249,1250,1,0,-1,1236,1236,0,0,-16
1787463800.541,F2,0,1,-,219.0,3135,3133,-2,2,1,1091,1090,-1,0,-1,2714,673,7,3,-8,3503,3503,0,2,0,1249,1250,1,0,-1,1236,1236,0,0,-16
1787463800.779,F2,0,1,-,219.0,3135,3133,-2,2,1,1091,1090,-1,0,-1,674,2713,-9,1,-1,3503,3503,0,2,0,1249,1250,1,0,-1,1236,1236,0,0,-16
1787463801.016,F2,0,1,-,219.0,3135,3133,-2,2,1,1091,1090,-1,0,-1,2714,673,7,3,-8,3503,3503,0,2,0,1249,1250,1,0,-1,1236,1236,0,0,-16
1787463801.256,F2,0,1,-,219.0,3135,3133,-2,2,1,1091,1090,-1,0,-1,674,2713,-9,1,-1,3502,3503,1,2,0,1249,1250,1,0,-1,1236,1236,0,0,-16
1787463801.491,F2,0,1,-,219.0,3135,3133,-2,2,1,1091,1090,-1,0,-1,2714,673,7,3,-8,3503,3502,-1,2,-1,1250,1250,0,0,-1,1236,1236,0,0,-16
1787463801.729,F2,0,1,-,219.0,3135,3133,-2,2,1,1091,1090,-1,0,-1,674,2713,-9,1,-1,3503,3502,-1,2,-1,1249,1250,1,0,-1,1236,1236,0,0,-16
1787463801.966,F2,0,1,-,219.0,3135,3133,-2,2,1,1091,1090,-1,0,-1,2714,673,7,3,-8,3503,3503,0,2,0,1249,1250,1,0,-1,1236,1236,0,0,-16
1787463802.205,F2,0,1,-,219.0,3135,3133,-2,2,1,1091,1090,-1,0,-1,674,2713,-9,1,-1,3503,3503,0,2,0,1250,1250,0,0,-1,1236,1236,0,0,-16
1787463802.441,F2,0,1,-,219.0,3135,3133,-2,2,1,1091,1090,-1,0,-1,2714,673,7,3,-8,3503,3502,-1,2,-1,1250,1250,0,0,-1,1236,1236,0,0,-16
1787463802.678,F2,0,1,-,219.0,3135,3133,-2,2,1,1091,1090,-1,0,-1,674,2713,-9,1,-1,3503,3503,0,2,0,1249,1250,1,0,-1,1235,1236,1,0,-16
1787463802.916,F2,0,1,-,219.0,3135,3133,-2,2,1,1091,1090,-1,0,-1,2714,673,7,3,-8,3503,3502,-1,2,-1,1249,1250,1,0,-1,1236,1236,0,0,-16
1787463803.154,F2,0,1,-,219.0,3135,3133,-2,2,1,1091,1090,-1,0,-1,674,2713,-9,1,-1,3503,3503,0,2,0,1249,1250,1,0,-1,1236,1236,0,0,-16
1787463803.391,F2,0,1,-,219.0,3136,3133,-3,2,1,1091,1090,-1,0,-1,2714,673,7,3,-8,3503,3503,0,2,0,1249,1250,1,0,-1,1235,1236,1,0,-16
1787463803.629,F2,0,1,-,219.0,3135,3133,-2,2,1,1091,1090,-1,0,-1,674,2713,-9,1,-1,3503,3502,-1,2,-1,1249,1250,1,0,-1,1236,1235,-1,0,-17
1787463803.866,F2,0,1,-,219.0,3135,3133,-2,2,1,1091,1090,-1,0,-1,2714,673,7,3,-8,3503,3503,0,2,0,1250,1250,0,0,-1,1236,1236,0,0,-16
1787463804.104,F2,0,1,-,219.0,3135,3133,-2,2,1,1091,1090,-1,0,-1,674,2713,-9,1,-1,3503,3503,0,2,0,1249,1250,1,0,-1,1235,1236,1,0,-16
1787463804.342,F2,0,1,-,219.0,3135,3133,-2,2,1,1091,1090,-1,0,-1,2714,673,7,3,-8,3503,3503,0,2,0,1249,1250,1,0,-1,1236,1236,0,0,-16
1787463804.578,F2,0,1,-,219.0,3135,3133,-2,2,1,1091,1090,-1,0,-1,674,2713,-9,1,-1,3503,3503,0,2,0,1249,1250,1,0,-1,1236,1236,0,0,-16
1787463804.817,F2,0,1,-,219.0,3135,3133,-2,2,1,1091,1090,-1,0,-1,2714,673,7,3,-8,3503,3503,0,2,0,1249,1250,1,0,-1,1236,1236,0,0,-16
1787463805.053,F2,0,1,-,219.0,3136,3133,-3,2,1,1091,1090,-1,0,-1,674,2713,-9,1,-1,3503,3502,-1,2,-1,1249,1250,1,0,-1,1235,1236,1,0,-16
1787463805.291,F2,0,1,-,219.0,3135,3133,-2,2,1,1091,1090,-1,0,-1,2714,673,7,3,-8,3503,3503,0,2,0,1249,1250,1,0,-1,1235,1236,1,0,-16
1787463805.530,F2,0,1,-,219.0,3135,3133,-2,2,1,1091,1091,0,0,0,674,2713,-9,1,-1,3503,3503,0,2,0,1249,1250,1,0,-1,1236,1236,0,0,-16
1787463805.766,F2,0,1,-,219.0,3135,3133,-2,2,1,1091,1090,-1,0,-1,2714,673,7,3,-8,3503,3502,-1,2,-1,1249,1250,1,0,-1,1236,1236,0,0,-16
1787463806.004,F2,0,1,-,219.0,3135,3133,-2,2,1,1091,1090,-1,0,-1,674,2713,-9,1,-1,3503,3503,0,2,0,1249,1250,1,0,-1,1236,1236,0,0,-16
1787463806.242,F2,0,1,-,219.0,3135,3133,-2,2,1,1091,1091,0,0,0,2714,673,7,3,-8,3503,3503,0,2,0,1249,1250,1,0,-1,1236,1236,0,0,-16
1787463806.480,F2,0,1,-,219.0,3135,3133,-2,2,1,1091,1090,-1,0,-1,674,2713,-9,1,-1,3503,3503,0,2,0,1249,1249,0,0,-2,1236,1236,0,0,-16
1787463806.716,F2,0,1,-,219.0,3135,3133,-2,2,1,1091,1090,-1,0,-1,2714,673,7,3,-8,3503,3503,0,2,0,1249,1250,1,0,-1,1236,1236,0,0,-16
1787463806.953,F2,0,1,-,219.0,3135,3133,-2,2,1,1091,1090,-1,0,-1,674,2713,-9,1,-1,3503,3503,0,2,0,1249,1250,1,0,-1,1236,1236,0,0,-16
1787463807.190,F2,0,1,-,219.0,3135,3133,-2,2,1,1091,1090,-1,0,-1,2714,673,7,3,-8,3503,3503,0,2,0,1249,1249,0,0,-2,1236,1236,0,0,-16
1787463807.429,F2,0,1,-,219.0,3135,3133,-2,2,1,1091,1090,-1,0,-1,674,2713,-9,1,-1,3503,3503,0,2,0,1249,1250,1,0,-1,1236,1236,0,0,-16
1787463807.666,F2,0,1,-,219.0,3135,3133,-2,2,1,1091,1090,-1,0,-1,2714,673,7,3,-8,3503,3502,-1,2,-1,1250,1250,0,0,-1,1236,1236,0,0,-16
1787463807.904,F2,0,1,-,219.0,3135,3133,-2,2,1,1091,1090,-1,0,-1,674,2713,-9,1,-1,3503,3503,0,2,0,1249,1250,1,0,-1,1236,1236,0,0,-16
1787463808.141,F2,0,1,-,219.0,3136,3133,-3,2,1,1091,1090,-1,0,-1,2714,673,7,3,-8,3503,3503,0,2,0,1249,1250,1,0,-1,1236,1236,0,0,-16
1787463808.378,F2,0,1,-,219.0,3135,3133,-2,2,1,1091,1090,-1,0,-1,674,2713,-9,1,-1,3503,3503,0,2,0,1249,1250,1,0,-1,1236,1236,0,0,-16
1787463808.615,F2,0,1,-,219.0,3135,3133,-2,2,1,1091,1090,-1,0,-1,2714,673,7,3,-8,3503,3503,0,2,0,1249,1250,1,0,-1,1236,1236,0,0,-16
1787463808.853,F2,0,1,-,219.0,3135,3133,-2,2,1,1091,1090,-1,0,-1,674,2713,-9,1,-1,3503,3503,0,2,0,1249,1250,1,0,-1,1236,1236,0,0,-16
1787463809.091,F2,0,1,-,219.0,3136,3133,-3,2,1,1091,1090,-1,0,-1,2714,673,7,3,-8,3503,3503,0,2,0,1249,1250,1,0,-1,1236,1236,0,0,-16
1787463809.328,F2,0,1,-,219.0,3135,3133,-2,2,1,1091,1090,-1,0,-1,674,2713,-9,1,-1,3503,3503,0,2,0,1249,1250,1,0,-1,1236,1236,0,0,-16
1787463809.565,F2,0,1,-,219.0,3135,3133,-2,2,1,1091,1090,-1,0,-1,2714,673,7,3,-8,3502,3503,1,2,0,1249,1250,1,0,-1,1236,1236,0,0,-16
1787463809.803,F2,0,1,-,219.0,3135,3133,-2,2,1,1091,1090,-1,0,-1,674,2713,-9,1,-1,3503,3503,0,2,0,1249,1249,0,0,-2,1236,1236,0,0,-16
1787463810.041,F2,0,1,-,219.0,3135,3133,-2,2,1,1091,1090,-1,0,-1,2714,673,7,3,-8,3503,3503,0,2,0,1250,1250,0,0,-1,1236,1236,0,0,-16
1787463810.278,F2,0,1,-,219.0,3135,3133,-2,2,1,1091,1090,-1,0,-1,674,2713,-9,1,-1,3503,3503,0,2,0,1249,1250,1,0,-1,1236,1236,0,0,-16
1787463810.516,F2,0,1,-,219.0,3135,3133,-2,2,1,1091,1090,-1,0,-1,2714,673,7,3,-8,3503,3503,0,2,0,1249,1250,1,0,-1,1236,1236,0,0,-16
1787463810.754,F2,0,1,-,219.0,3135,3133,-2,2,1,1091,1090,-1,0,-1,674,2713,-9,1,-1,3503,3503,0,2,0,1249,1250,1,0,-1,1236,1236,0,0,-16
1787463810.990,F2,0,1,-,219.0,3135,3133,-2,2,1,1091,1090,-1,0,-1,2714,673,7,3,-8,3503,3503,0,2,0,1249,1250,1,0,-1,1235,1236,1,0,-16
1787463811.228,F2,0,1,-,219.0,3135,3133,-2,2,1,1091,1090,-1,0,-1,674,2713,-9,1,-1,3503,3502,-1,2,-1,1249,1250,1,0,-1,1236,1236,0,0,-16
1787463811.466,F2,0,1,-,219.0,3135,3133,-2,2,1,1091,1090,-1,0,-1,2714,673,7,3,-8,3503,3503,0,2,0,1249,1250,1,0,-1,1236,1236,0,0,-16
1787463811.704,F2,0,1,-,219.0,3135,3133,-2,2,1,1091,1090,-1,0,-1,674,2713,-9,1,-1,3503,3503,0,2,0,1249,1250,1,0,-1,1236,1236,0,0,-16
1787463811.941,F2,0,1,-,219.0,3135,3133,-2,2,1,1091,1090,-1,0,-1,2714,673,7,3,-8,3503,3502,-1,2,-1,1250,1250,0,0,-1,1236,1236,0,0,-16
1787463812.080,F,0,1,-,119.0,3135,3133,-2,2,1,1091,1090,-1,0,-1,674,3746,0,2,-2,3502,3503,1,2,0,1249,1250,1,0,-1,1235,1236,1,0,-16
1787463812.218,F',0,1,-,119.0,3135,3133,-2,2,1,1091,1090,-1,0,-1,3748,672,-4,3,-9,3503,3503,0,2,0,1249,1250,1,0,-1,1235,1236,1,0,-16
1787463812.356,F',0,1,-,119.0,3136,3133,-3,2,1,1091,1090,-1,0,-1,672,1694,-2,0,-2,3503,3503,0,2,0,1249,1250,1,0,-1,1236,1236,0,0,-16
1787463812.493,F,0,1,-,119.0,3135,3133,-2,2,1,1091,1090,-1,0,-1,1693,673,4,3,-8,3503,3503,0,2,0,1249,1249,0,0,-2,1236,1236,0,0,-16
1787463812.632,F,0,1,-,119.0,3135,3133,-2,2,1,1091,1090,-1,0,-1,674,3746,0,2,-2,3503,3503,0,2,0,1249,1250,1,0,-1,1236,1236,0,0,-16
1787463812.768,F',0,1,-,119.0,3135,3133,-2,2,1,1091,1090,-1,0,-1,3748,672,-4,3,-9,3503,3503,0,2,0,1249,1250,1,0,-1,1236,1235,-1,0,-17
1787463812.905,F',0,1,-,119.0,3135,3133,-2,2,1,1091,1090,-1,0,-1,672,1694,-2,0,-2,3503,3503,0,2,0,1249,1250,1,0,-1,1236,1236,0,0,-16
1787463813.043,F,0,1,-,119.0,3135,3133,-2,2,1,1091,1090,-1,0,-1,1694,673,3,3,-8,3502,3503,1,2,0,1249,1249,0,0,-2,1236,1236,0,0,-16
1787463813.181,F,0,1,-,119.0,3135,3133,-2,2,1,1091,1090,-1,0,-1,674,3746,0,2,-2,3503,3503,0,2,0,1249,1250,1,0,-1,1236,1236,0,0,-16
1787463813.318,F',0,1,-,119.0,3135,3133,-2,2,1,1091,1090,-1,0,-1,3748,672,-4,3,-9,3503,3503,0,2,0,1249,1250,1,0,-1,1235,1236,1,0,-16
1787463813.456,F',0,1,-,119.0,3135,3133,-2,2,1,1091,1090,-1,0,-1,672,1694,-2,0,-2,3503,3502,-1,2,-1,1249,1250,1,0,-1,1236,1236,0,0,-16
1787463813.593,F,0,1,-,119.0,3135,3134,-1,2,2,1091,1090,-1,0,-1,1693,673,4,3,-8,3503,3502,-1,2,-1,1249,1249,0,0,-2,1236,1236,0,0,-16
1787463813.731,F,0,1,-,119.0,3135,3133,-2,2,1,1091,1090,-1,0,-1,674,3746,0,2,-2,3503,3502,-1,2,-1,1249,1250,1,0,-1,1236,1236,0,0,-16
1787463813.868,F',0,1,-,119.0,3135,3133,-2,2,1,1091,1090,-1,0,-1,3748,672,-4,3,-9,3503,3503,0,2,0,1249,1250,1,0,-1,1236,1236,0,0,-16
1787463814.005,F',0,1,-,119.0,3136,3133,-3,2,1,1091,1090,-1,0,-1,672,1694,-2,0,-2,3503,3503,0,2,0,1250,1250,0,0,-1,1236,1236,0,0,-16
1787463814.143,F,0,1,-,119.0,3135,3133,-2,2,1,1091,1090,-1,0,-1,1693,673,4,3,-8,3503,3502,-1,2,-1,1250,1250,0,0,-1,1236,1236,0,0,-16
1787463814.280,F,0,1,-,119.0,3135,3133,-2,2,1,1091,1090,-1,0,-1,674,3746,0,2,-2,3503,3503,0,2,0,1249,1250,1,0,-1,1236,1236,0,0,-16
1787463814.417,F',0,1,-,119.0,3135,3133,-2,2,1,1091,1090,-1,0,-1,3748,673,-3,3,-8,3503,3502,-1,2,-1,1249,1249,0,0,-2,1236,1236,0,0,-16
1787463814.555,F',0,1,-,119.0,3135,3133,-2,2,1,1091,1090,-1,0,-1,672,1694,-2,0,-2,3503,3503,0,2,0,1249,1250,1,0,-1,1236,1236,0,0,-16
1787463814.692,F,0,1,-,119.0,3135,3133,-2,2,1,1091,1090,-1,0,-1,1693,673,4,3,-8,3503,3503,0,2,0,1249,1250,1,0,-1,1236,1236,0,0,-16
1787463814.830,F,0,1,-,119.0,3135,3133,-2,2,1,1091,1090,-1,0,-1,674,3746,0,2,-2,3503,3502,-1,2,-1,1249,1250,1,0,-1,1236,1236,0,0,-16
1787463814.968,F',0,1,-,119.0,3135,3133,-2,2,1,1091,1090,-1,0,-1,3748,672,-4,3,-9,3503,3503,0,2,0,1249,1250,1,0,-1,1236,1236,0,0,-16
1787463815.105,F',0,1,-,119.0,3135,3133,-2,2,1,1091,1090,-1,0,-1,672,1694,-2,0,-2,3503,3503,0,2,0,1249,1250,1,0,-1,1236,1236,0,0,-16
1787463815.242,F,0,1,-,119.0,3135,3133,-2,2,1,1091,1090,-1,0,-1,1693,673,4,3,-8,3503,3503,0,2,0,1249,1250,1,0,-1,1236,1236,0,0,-16
1787463815.381,F,0,1,-,119.0,3135,3133,-2,2,1,1091,1090,-1,0,-1,674,3746,0,2,-2,3503,3503,0,2,0,1249,1250,1,0,-1,1236,1236,0,0,-16
1787463815.518,F',0,1,-,119.0,3135,3133,-2,2,1,1091,1090,-1,0,-1,3748,673,-3,3,-8,3503,3502,-1,2,-1,1249,1250,1,0,-1,1236,1236,0,0,-16
1787463815.655,F',0,1,-,119.0,3135,3133,-2,2,1,1091,1090,-1,0,-1,672,1694,-2,0,-2,3503,3503,0,2,0,1249,1250,1,0,-1,1236,1236,0,0,-16
1787463815.793,F,0,1,-,119.0,3135,3133,-2,2,1,1091,1090,-1,0,-1,1693,673,4,3,-8,3503,3503,0,2,0,1249,1250,1,0,-1,1235,1236,1,0,-16
1787463815.930,F,0,1,-,119.0,3135,3133,-2,2,1,1091,1090,-1,0,-1,674,3746,0,2,-2,3503,3503,0,2,0,1249,1250,1,0,-1,1235,1236,1,0,-16
1787463816.068,F',0,1,-,119.0,3135,3133,-2,2,1,1091,1090,-1,0,-1,3748,672,-4,3,-9,3503,3502,-1,2,-1,1249,1250,1,0,-1,1235,1236,1,0,-16
1787463816.211,F',0,1,-,119.0,3135,3133,-2,2,1,1091,1090,-1,0,-1,672,1694,-2,0,-2,3503,3502,-1,2,-1,1249,1250,1,0,-1,1236,1236,0,0,-16
1787463816.343,F,0,1,-,119.0,3135,3133,-2,2,1,1091,1090,-1,0,-1,1693,673,4,3,-8,3503,3503,0,2,0,1249,1250,1,0,-1,1236,1236,0,0,-16
1787463816.480,F,0,1,-,119.0,3135,3133,-2,2,1,1091,1090,-1,0,-1,674,3746,0,2,-2,3503,3503,0,2,0,1249,1250,1,0,-1,1236,1236,0,0,-16
1787463816.617,F',0,1,-,119.0,3135,3133,-2,2,1,1091,1090,-1,0,-1,3748,672,-4,3,-9,3503,3503,0,2,0,1249,1250,1,0,-1,1236,1236,0,0,-16
1787463816.755,F',0,1,-,119.0,3135,3133,-2,2,1,1091,1091,0,0,0,672,1694,-2,0,-2,3503,3503,0,2,0,1249,1250,1,0,-1,1236,1236,0,0,-16
1787463816.893,F,0,1,-,119.0,3135,3133,-2,2,1,1091,1090,-1,0,-1,1693,673,4,3,-8,3503,3502,-1,2,-1,1249,1250,1,0,-1,1236,1236,0,0,-16
1787463817.031,F,0,1,-,119.0,3135,3133,-2,2,1,1091,1090,-1,0,-1,674,3746,0,2,-2,3503,3503,0,2,0,1249,1250,1,0,-1,1235,1236,1,0,-16
1787463817.169,F',0,1,-,119.0,3136,3133,-3,2,1,1091,1090,-1,0,-1,3748,673,-3,3,-8,3502,3503,1,2,0,1249,1249,0,0,-2,1236,1236,0,0,-16
1787463817.305,F',0,1,-,119.0,3135,3133,-2,2,1,1091,1090,-1,0,-1,672,1694,-2,0,-2,3503,3503,0,2,0,1249,1250,1,0,-1,1235,1236,1,0,-16
1787463817.443,F,0,1,-,119.0,3135,3133,-2,2,1,1091,1090,-1,0,-1,1693,673,4,3,-8,3503,3503,0,2,0,1249,1250,1,0,-1,1236,1236,0,0,-16
1787463817.584,F,0,1,-,119.0,3135,3133,-2,2,1,1091,1090,-1,0,-1,674,3746,0,2,-2,3503,3503,0,2,0,1249,1250,1,0,-1,1236,1236,0,0,-16
1787463817.717,F',0,1,-,119.0,3135,3133,-2,2,1,1091,1090,-1,0,-1,3748,673,-3,3,-8,3503,3502,-1,2,-1,1249,1250,1,0,-1,1236,1236,0,0,-16
1787463817.855,F',0,1,-,119.0,3136,3133,-3,2,1,1091,1090,-1,0,-1,672,1694,-2,0,-2,3503,3502,-1,2,-1,1250,1250,0,0,-1,1236,1236,0,0,-16
1787463817.993,F,0,1,-,119.0,3135,3133,-2,2,1,1091,1090,-1,0,-1,1693,673,4,3,-8,3503,3503,0,2,0,1249,1250,1,0,-1,1236,1236,0,0,-16
1787463818.130,F,0,1,-,119.0,3135,3133,-2,2,1,1091,1090,-1,0,-1,674,3746,0,2,-2,3503,3503,0,2,0,1249,1250,1,0,-1,1236,1236,0,0,-16
1787463818.267,F',0,1,-,119.0,3135,3133,-2,2,1,1091,1090,-1,0,-1,3748,673,-3,3,-8,3503,3502,-1,2,-1,1250,1250,0,0,-1,1236,1235,-1,0,-17
1787463818.406,F',0,1,-,119.0,3135,3133,-2,2,1,1091,1090,-1,0,-1,672,1694,-2,0,-2,3503,3503,0,2,0,1249,1250,1,0,-1,1236,1236,0,0,-16
1787463818.543,F,0,1,-,119.0,3135,3133,-2,2,1,1091,1090,-1,0,-1,1693,673,4,3,-8,3503,3502,-1,2,-1,1249,1249,0,0,-2,1236,1236,0,0,-16
1787463818.680,F,0,1,-,119.0,3135,3133,-2,2,1,1091,1090,-1,0,-1,674,3746,0,2,-2,3503,3502,-1,2,-1,1249,1250,1,0,-1,1236,1235,-1,0,-17
1787463818.817,F',0,1,-,119.0,3135,3133,-2,2,1,1091,1090,-1,0,-1,3748,672,-4,3,-9,3503,3503,0,2,0,1249,1250,1,0,-1,1236,1236,0,0,-16
1787463818.955,F',0,1,-,119.0,3135,3133,-2,2,1,1091,1090,-1,0,-1,672,1694,-2,0,-2,3503,3503,0,2,0,1249,1250,1,0,-1,1236,1236,0,0,-16
1787463819.092,F,0,1,-,119.0,3135,3133,-2,2,1,1091,1090,-1,0,-1,1694,673,3,3,-8,3503,3502,-1,2,-1,1249,1250,1,0,-1,1236,1236,0,0,-16
1787463819.230,F,0,1,-,119.0,3135,3133,-2,2,1,1091,1090,-1,0,-1,674,3746,0,2,-2,3503,3503,0,2,0,1249,1250,1,0,-1,1235,1236,1,0,-16
1787463819.368,F',0,1,-,119.0,3135,3133,-2,2,1,1091,1090,-1,0,-1,3748,673,-3,3,-8,3503,3502,-1,2,-1,1249,1250,1,0,-1,1236,1235,-1,0,-17
1787463819.505,F',0,1,-,119.0,3135,3133,-2,2,1,1091,1090,-1,0,-1,672,1694,-2,0,-2,3503,3503,0,2,0,1249,1250,1,0,-1,1236,1236,0,0,-16
1787463819.642,F,0,1,-,119.0,3135,3133,-2,2,1,1091,1090,-1,0,-1,1693,673,4,3,-8,3503,3503,0,2,0,1249,1250,1,0,-1,1236,1236,0,0,-16
1787463819.780,F,0,1,-,119.0,3135,3133,-2,2,1,1091,1090,-1,0,-1,674,3746,0,2,-2,3503,3502,-1,2,-1,1249,1250,1,0,-1,1236,1236,0,0,-16
1787463819.918,F',0,1,-,119.0,3135,3133,-2,2,1,1091,1090,-1,0,-1,3748,672,-4,3,-9,3502,3502,0,2,-1,1249,1250,1,0,-1,1236,1235,-1,0,-17
1787463820.055,F',0,1,-,119.0,3135,3133,-2,2,1,1091,1090,-1,0,-1,672,1694,-2,0,-2,3503,3503,0,2,0,1249,1250,1,0,-1,1235,1235,0,0,-17
1787463820.193,F,0,1,-,119.0,3135,3133,-2,2,1,1091,1090,-1,0,-1,1693,673,4,3,-8,3503,3502,-1,2,-1,1249,1250,1,0,-1,1235,1236,1,0,-16
1787463820.330,F,0,1,-,119.0,3135,3133,-2,2,1,1091,1091,0,0,0,674,3746,0,2,-2,3503,3503,0,2,0,1249,1250,1,0,-1,1235,1236,1,0,-16
1787463820.467,F',0,1,-,119.0,3135,3133,-2,2,1,1091,1090,-1,0,-1,3748,672,-4,3,-9,3503,3502,-1,2,-1,1249,1250,1,0,-1,1235,1236,1,0,-16
1787463820.604,F',0,1,-,119.0,3135,3133,-2,2,1,1091,1090,-1,0,-1,672,1694,-2,0,-2,3502,3503,1,2,0,1249,1250,1,0,-1,1236,1236,0,0,-16
1787463820.742,F,0,1,-,119.0,3135,3133,-2,2,1,1091,1090,-1,0,-1,1693,673,4,3,-8,3503,3503,0,2,0,1249,1250,1,0,-1,1236,1236,0,0,-16
1787463820.880,F,0,1,-,119.0,3135,3133,-2,2,1,1091,1090,-1,0,-1,674,3746,0,2,-2,3503,3503,0,2,0,1249,1250,1,0,-1,1236,1236,0,0,-16
1787463821.017,F',0,1,-,119.0,3135,3133,-2,2,1,1091,1090,-1,0,-1,3748,673,-3,3,-8,3503,3503,0,2,0,1249,1249,0,0,-2,1235,1236,1,0,-16
1787463821.155,F',0,1,-,119.0,3135,3133,-2,2,1,1091,1090,-1,0,-1,672,1694,-2,0,-2,3503,3503,0,2,0,1249,1250,1,0,-1,1236,1236,0,0,-16
1787463821.292,F,0,1,-,119.0,3135,3133,-2,2,1,1091,1090,-1,0,-1,1693,673,4,3,-8,3503,3503,0,2,0,1249,1250,1,0,-1,1236,1236,0,0,-16
1787463821.430,F,0,1,-,119.0,3135,3133,-2,2,1,1091,1090,-1,0,-1,674,3746,0,2,-2,3503,3502,-1,2,-1,1249,1250,1,0,-1,1236,1236,0,0,-16
1787463821.567,F',0,1,-,119.0,3135,3133,-2,2,1,1091,1090,-1,0,-1,3748,672,-4,3,-9,3503,3502,-1,2,-1,1249,1250,1,0,-1,1236,1236,0,0,-16
1787463821.705,F',0,1,-,119.0,3135,3133,-2,2,1,1091,1090,-1,0,-1,672,1694,-2,0,-2,3503,3503,0,2,0,1249,1250,1,0,-1,1235,1235,0,0,-17
1787463821.842,F,0,1,-,119.0,3135,3133,-2,2,1,1091,1090,-1,0,-1,1693,673,4,3,-8,3503,3503,0,2,0,1249,1249,0,0,-2,1236,1236,0,0,-16
1787463821.980,F,0,1,-,119.0,3135,3133,-2,2,1,1091,1090,-1,0,-1,674,3746,0,2,-2,3503,3503,0,2,0,1249,1250,1,0,-1,1236,1236,0,0,-16
1787463822.117,F',0,1,-,119.0,3135,3133,-2,2,1,1091,1090,-1,0,-1,3748,672,-4,3,-9,3503,3503,0,2,0,1249,1250,1,0,-1,1236,1236,0,0,-16
1787463822.255,F',0,1,-,119.0,3135,3133,-2,2,1,1091,1090,-1,0,-1,672,1694,-2,0,-2,3503,3503,0,2,0,1250,1249,-1,0,-2,1236,1236,0,0,-16
1787463822.392,F,0,1,-,119.0,3135,3133,-2,2,1,1091,1090,-1,0,-1,1693,673,4,3,-8,3503,3503,0,2,0,1249,1250,1,0,-1,1236,1236,0,0,-16
1787463822.529,F,0,1,-,119.0,3135,3133,-2,2,1,1091,1090,-1,0,-1,674,3746,0,2,-2,3503,3503,0,2,0,1249,1250,1,0,-1,1236,1236,0,0,-16
1787463822.667,F',0,1,-,119.0,3135,3133,-2,2,1,1091,1090,-1,0,-1,3748,672,-4,3,-9,3503,3503,0,2,0,1250,1250,0,0,-1,1236,1236,0,0,-16
1787463822.805,F',0,1,-,119.0,3135,3133,-2,2,1,1091,1090,-1,0,-1,672,1694,-2,0,-2,3503,3503,0,2,0,1249,1250,1,0,-1,1236,1236,0,0,-16
1787463822.942,F,0,1,-,119.0,3135,3133,-2,2,1,1091,1090,-1,0,-1,1693,673,4,3,-8,3503,3503,0,2,0,1249,1250,1,0,-1,1236,1236,0,0,-16
1787463823.080,F,0,1,-,119.0,3135,3133,-2,2,1,1091,1090,-1,0,-1,674,3746,0,2,-2,3503,3503,0,2,0,1249,1250,1,0,-1,1235,1236,1,0,-16
1787463823.217,F',0,1,-,119.0,3135,3133,-2,2,1,1091,1090,-1,0,-1,3748,673,-3,3,-8,3503,3503,0,2,0,1249,1250,1,0,-1,1236,1236,0,0,-16
1787463823.355,F',0,1,-,119.0,3135,3133,-2,2,1,1091,1090,-1,0,-1,672,1694,-2,0,-2,3503,3503,0,2,0,1249,1250,1,0,-1,1236,1236,0,0,-16
1787463823.492,F,0,1,-,119.0,3135,3133,-2,2,1,1091,1090,-1,0,-1,1693,673,4,3,-8,3503,3503,0,2,0,1249,1250,1,0,-1,1236,1236,0,0,-16
1787463823.630,F,0,1,-,119.0,3136,3134,-2,2,2,1091,1090,-1,0,-1,674,3746,0,2,-2,3503,3503,0,2,0,1249,1250,1,0,-1,1236,1236,0,0,-16
1787463823.767,F',0,1,-,119.0,3135,3133,-2,2,1,1091,1090,-1,0,-1,3748,672,-4,3,-9,3503,3502,-1,2,-1,1249,1250,1,0,-1,1236,1236,0,0,-16
1787463823.907,F',0,1,-,119.0,3135,3133,-2,2,1,1091,1090,-1,0,-1,672,1694,-2,0,-2,3503,3503,0,2,0,1249,1250,1,0,-1,1236,1236,0,0,-16
1787463824.042,F,0,1,-,119.0,3135,3133,-2,2,1,1091,1090,-1,0,-1,1693,673,4,3,-8,3503,3503,0,2,0,1249,1249,0,0,-2,1236,1236,0,0,-16
1787463824.179,F,0,1,-,119.0,3135,3133,-2,2,1,1091,1090,-1,0,-1,674,3746,0,2,-2,3503,3503,0,2,0,1249,1250,1,0,-1,1236,1236,0,0,-16
1787463824.317,F',0,1,-,119.0,3135,3133,-2,2,1,1091,1090,-1,0,-1,3748,672,-4,3,-9,3503,3502,-1,2,-1,1249,1250,1,0,-1,1235,1236,1,0,-16
1787463824.454,F',0,1,-,119.0,3135,3133,-2,2,1,1091,1090,-1,0,-1,672,1694,-2,0,-2,3503,3503,0,2,0,1249,1249,0,0,-2,1236,1236,0,0,-16
1787463824.592,F,0,1,-,119.0,3135,3133,-2,2,1,1091,1090,-1,0,-1,1693,673,4,3,-8,3502,3502,0,2,-1,1249,1250,1,0,-1,1236,1236,0,0,-16
1787463824.730,F,0,1,-,119.0,3135,3133,-2,2,1,1091,1090,-1,0,-1,674,3746,0,2,-2,3503,3503,0,2,0,1250,1250,0,0,-1,1236,1236,0,0,-16
1787463824.866,F',0,1,-,119.0,3135,3133,-2,2,1,1091,1090,-1,0,-1,3748,673,-3,3,-8,3503,3502,-1,2,-1,1249,1250,1,0,-1,1236,1236,0,0,-16
1787463825.004,F',0,1,-,119.0,3135,3133,-2,2,1,1091,1090,-1,0,-1,672,1694,-2,0,-2,3503,3503,0,2,0,1249,1250,1,0,-1,1236,1236,0,0,-16
1787463825.142,F,0,1,-,119.0,3135,3133,-2,2,1,1091,1090,-1,0,-1,1693,673,4,3,-8,3503,3503,0,2,0,1250,1249,-1,0,-2,1236,1236,0,0,-16
1787463825.279,F,0,1,-,119.0,3135,3133,-2,2,1,1091,1090,-1,0,-1,674,3746,0,2,-2,3503,3502,-1,2,-1,1249,1250,1,0,-1,1236,1236,0,0,-16
1787463825.417,F',0,1,-,119.0,3135,3133,-2,2,1,1091,1090,-1,0,-1,3748,672,-4,3,-9,3503,3503,0,2,0,1249,1249,0,0,-2,1236,1236,0,0,-16
1787463825.554,F',0,1,-,119.0,3135,3133,-2,2,1,1091,1090,-1,0,-1,672,1694,-2,0,-2,3503,3503,0,2,0,1249,1250,1,0,-1,1236,1236,0,0,-16
1787463825.692,F,0,1,-,119.0,3135,3133,-2,2,1,1091,1090,-1,0,-1,1693,673,4,3,-8,3503,3502,-1,2,-1,1249,1250,1,0,-1,1236,1236,0,0,-16
1787463825.830,F,0,1,-,119.0,3135,3133,-2,2,1,1091,1090,-1,0,-1,674,3746,0,2,-2,3502,3503,1,2,0,1250,1250,0,0,-1,1236,1236,0,0,-16
1787463825.967,F',0,1,-,119.0,3135,3133,-2,2,1,1091,1090,-1,0,-1,3748,672,-4,3,-9,3503,3502,-1,2,-1,1249,1250,1,0,-1,1236,1236,0,0,-16
1787463826.105,F',0,1,-,119.0,3135,3133,-2,2,1,1091,1090,-1,0,-1,672,1694,-2,0,-2,3503,3503,0,2,0,1249,1250,1,0,-1,1236,1236,0,0,-16
1787463826.242,F,0,1,-,119.0,3135,3133,-2,2,1,1091,1090,-1,0,-1,1693,673,4,3,-8,3503,3503,0,2,0,1249,1250,1,0,-1,1236,1236,0,0,-16
1787463826.380,F,0,1,-,119.0,3135,3133,-2,2,1,1091,1090,-1,0,-1,674,3746,0,2,-2,3503,3503,0,2,0,1249,1250,1,0,-1,1236,1236,0,0,-16
1787463826.518,F',0,1,-,119.0,3135,3133,-2,2,1,1091,1090,-1,0,-1,3748,672,-4,3,-9,3502,3503,1,2,0,1249,1250,1,0,-1,1236,1236,0,0,-16
1787463826.654,F',0,1,-,119.0,3135,3133,-2,2,1,1091,1090,-1,0,-1,672,1694,-2,0,-2,3503,3503,0,2,0,1249,1250,1,0,-1,1236,1236,0,0,-16
1787463826.792,F,0,1,-,119.0,3135,3133,-2,2,1,1091,1090,-1,0,-1,1693,673,4,3,-8,3503,3502,-1,2,-1,1249,1250,1,0,-1,1236,1235,-1,0,-17
1787463826.929,F,0,1,-,119.0,3135,3133,-2,2,1,1091,1090,-1,0,-1,674,3746,0,2,-2,3503,3503,0,2,0,1249,1250,1,0,-1,1235,1236,1,0,-16
1787463827.067,F',0,1,-,119.0,3135,3133,-2,2,1,1091,1090,-1,0,-1,3748,673,-3,3,-8,3502,3502,0,2,-1,1250,1249,-1,0,-2,1236,1236,0,0,-16
1787463827.204,F',0,1,-,119.0,3135,3133,-2,2,1,1091,1090,-1,0,-1,672,1694,-2,0,-2,3503,3503,0,2,0,1249,1249,0,0,-2,1236,1236,0,0,-16
1787463827.342,F,0,1,-,119.0,3135,3133,-2,2,1,1091,1090,-1,0,-1,1693,673,4,3,-8,3503,3503,0,2,0,1249,1250,1,0,-1,1236,1236,0,0,-16
1787463827.479,F,0,1,-,119.0,3135,3133,-2,2,1,1091,1090,-1,0,-1,674,3746,0,2,-2,3503,3502,-1,2,-1,1250,1249,-1,0,-2,1236,1236,0,0,-16
1787463827.617,F',0,1,-,119.0,3135,3133,-2,2,1,1091,1090,-1,0,-1,3748,672,-4,3,-9,3503,3503,0,2,0,1249,1250,1,0,-1,1235,1236,1,0,-16
1787463827.754,F',0,1,-,119.0,3135,3133,-2,2,1,1091,1090,-1,0,-1,672,1694,-2,0,-2,3503,3502,-1,2,-1,1249,1249,0,0,-2,1236,1236,0,0,-16
1787463827.892,F,0,1,-,119.0,3135,3133,-2,2,1,1091,1090,-1,0,-1,1693,673,4,3,-8,3503,3503,0,2,0,1249,1249,0,0,-2,1236,1236,0,0,-16
1787463828.031,F,0,1,-,119.0,3135,3133,-2,2,1,1091,1090,-1,0,-1,674,3746,0,2,-2,3503,3503,0,2,0,1250,1250,0,0,-1,1235,1236,1,0,-16
1787463828.167,F',0,1,-,119.0,3135,3133,-2,2,1,1091,1090,-1,0,-1,3748,672,-4,3,-9,3503,3503,0,2,0,1249,1250,1,0,-1,1235,1236,1,0,-16
1787463828.304,F',0,1,-,119.0,3135,3133,-2,2,1,1091,1090,-1,0,-1,672,1694,-2,0,-2,3503,3502,-1,2,-1,1249,1249,0,0,-2,1236,1236,0,0,-16
1787463828.442,F,0,1,-,119.0,3136,3133,-3,2,1,1091,1090,-1,0,-1,1693,673,4,3,-8,3503,3503,0,2,0,1249,1250,1,0,-1,1236,1236,0,0,-16
1787463828.580,F,0,1,-,119.0,3135,3133,-2,2,1,1091,1090,-1,0,-1,674,3746,0,2,-2,3503,3503,0,2,0,1249,1250,1,0,-1,1236,1236,0,0,-16
1787463828.717,F',0,1,-,119.0,3135,3133,-2,2,1,1091,1090,-1,0,-1,3748,672,-4,3,-9,3503,3503,0,2,0,1249,1250,1,0,-1,1235,1236,1,0,-16
1787463828.854,F',0,1,-,119.0,3135,3133,-2,2,1,1091,1090,-1,0,-1,672,1694,-2,0,-2,3503,3503,0,2,0,1249,1249,0,0,-2,1236,1236,0,0,-16
1787463828.992,F,0,1,-,119.0,3135,3133,-2,2,1,1091,1090,-1,0,-1,1693,673,4,3,-8,3503,3503,0,2,0,1249,1250,1,0,-1,1236,1236,0,0,-16
1787463829.129,F,0,1,-,119.0,3135,3133,-2,2,1,1091,1090,-1,0,-1,674,3746,0,2,-2,3503,3503,0,2,0,1249,1250,1,0,-1,1236,1236,0,0,-16
1787463829.267,F',0,1,-,119.0,3135,3133,-2,2,1,1091,1090,-1,0,-1,3748,672,-4,3,-9,3503,3502,-1,2,-1,1250,1250,0,0,-1,1236,1236,0,0,-16
1787463829.404,F',0,1,-,119.0,3136,3133,-3,2,1,1091,1090,-1,0,-1,672,1694,-2,0,-2,3503,3503,0,2,0,1249,1250,1,0,-1,1236,1236,0,0,-16
1787463829.542,F,0,1,-,119.0,3136,3133,-3,2,1,1091,1090,-1,0,-1,1693,673,4,3,-8,3503,3503,0,2,0,1249,1250,1,0,-1,1236,1236,0,0,-16
1787463829.680,F,0,1,-,119.0,3135,3133,-2,2,1,1091,1090,-1,0,-1,674,3746,0,2,-2,3503,3503,0,2,0,1249,1250,1,0,-1,1235,1236,1,0,-16
1787463829.816,F',0,1,-,119.0,3135,3133,-2,2,1,1091,1090,-1,0,-1,3748,672,-4,3,-9,3503,3502,-1,2,-1,1249,1250,1,0,-1,1235,1236,1,0,-16
1787463829.954,F',0,1,-,119.0,3135,3133,-2,2,1,1091,1090,-1,0,-1,672,1694,-2,0,-2,3503,3503,0,2,0,1249,1250,1,0,-1,1236,1236,0,0,-16
1787463830.091,F,0,1,-,119.0,3135,3133,-2,2,1,1091,1090,-1,0,-1,1693,673,4,3,-8,3503,3503,0,2,0,1249,1249,0,0,-2,1236,1236,0,0,-16
1787463830.229,F,0,1,-,119.0,3135,3133,-2,2,1,1091,1091,0,0,0,674,3746,0,2,-2,3503,3503,0,2,0,1250,1250,0,0,-1,1236,1236,0,0,-16
1787463830.367,F',0,1,-,119.0,3135,3133,-2,2,1,1091,1090,-1,0,-1,3748,672,-4,3,-9,3503,3502,-1,2,-1,1249,1250,1,0,-1,1236,1236,0,0,-16
1787463830.504,F',0,1,-,119.0,3135,3133,-2,2,1,1091,1090,-1,0,-1,672,1694,-2,0,-2,3503,3503,0,2,0,1249,1249,0,0,-2,1236,1236,0,0,-16
1787463830.642,F,0,1,-,119.0,3135,3133,-2,2,1,1091,1090,-1,0,-1,1693,673,4,3,-8,3503,3503,0,2,0,1249,1250,1,0,-1,1236,1236,0,0,-16
1787463830.779,F,0,1,-,119.0,3135,3133,-2,2,1,1091,1090,-1,0,-1,674,3746,0,2,-2,3503,3502,-1,2,-1,1249,1250,1,0,-1,1235,1236,1,0,-16
1787463830.916,F',0,1,-,119.0,3135,3133,-2,2,1,1091,1090,-1,0,-1,3748,672,-4,3,-9,3503,3503,0,2,0,1249,1250,1,0,-1,1235,1236,1,0,-16
1787463831.056,F',0,1,-,119.0,3135,3133,-2,2,1,1091,1090,-1,0,-1,672,1694,-2,0,-2,3503,3502,-1,2,-1,1249,1250,1,0,-1,1236,1236,0,0,-16
1787463831.191,F,0,1,-,119.0,3135,3133,-2,2,1,1091,1090,-1,0,-1,1693,673,4,3,-8,3503,3503,0,2,0,1249,1250,1,0,-1,1236,1236,0,0,-16
1787463831.328,F,0,1,-,119.0,3136,3133,-3,2,1,1091,1090,-1,0,-1,674,3746,0,2,-2,3503,3503,0,2,0,1249,1250,1,0,-1,1235,1236,1,0,-16
1787463831.466,F',0,1,-,119.0,3135,3133,-2,2,1,1091,1090,-1,0,-1,3748,672,-4,3,-9,3503,3503,0,2,0,1249,1250,1,0,-1,1236,1236,0,0,-16
1787463831.605,F',0,1,-,119.0,3135,3133,-2,2,1,1091,1091,0,0,0,672,1694,-2,0,-2,3503,3503,0,2,0,1249,1250,1,0,-1,1236,1236,0,0,-16
1787463831.742,F,0,1,-,119.0,3135,3133,-2,2,1,1091,1090,-1,0,-1,1693,673,4,3,-8,3503,3503,0,2,0,1250,1250,0,0,-1,1235,1236,1,0,-16
1787463831.881,F,0,1,-,119.0,3135,3134,-1,2,2,1091,1090,-1,0,-1,674,3746,0,2,-2,3503,3502,-1,2,-1,1249,1250,1,0,-1,1235,1236,1,0,-16
1787463832.016,F',0,1,-,119.0,3135,3133,-2,2,1,1091,1090,-1,0,-1,3748,672,-4,3,-9,3503,3503,0,2,0,1249,1250,1,0,-1,1236,1236,0,0,-16
1787463832.154,F',0,1,-,119.0,3135,3133,-2,2,1,1091,1090,-1,0,-1,672,1694,-2,0,-2,3503,3503,0,2,0,1249,1250,1,0,-1,1236,1236,0,0,-16
1787463832.291,F,0,1,-,119.0,3135,3133,-2,2,1,1091,1090,-1,0,-1,1693,673,4,3,-8,3503,3503,0,2,0,1249,1250,1,0,-1,1236,1236,0,0,-16
1787463832.430,F,0,1,-,119.0,3135,3133,-2,2,1,1091,1090,-1,0,-1,674,3746,0,2,-2,3503,3502,-1,2,-1,1249,1250,1,0,-1,1235,1236,1,0,-16
1787463832.566,F',0,1,-,119.0,3135,3133,-2,2,1,1091,1090,-1,0,-1,3748,672,-4,3,-9,3503,3503,0,2,0,1249,1250,1,0,-1,1236,1236,0,0,-16
1787463832.704,F',0,1,-,119.0,3135,3133,-2,2,1,1091,1090,-1,0,-1,672,1694,-2,0,-2,3503,3503,0,2,0,1249,1250,1,0,-1,1236,1236,0,0,-16
1787463832.843,F,0,1,-,119.0,3135,3133,-2,2,1,1091,1090,-1,0,-1,1693,673,4,3,-8,3503,3502,-1,2,-1,1249,1250,1,0,-1,1236,1236,0,0,-16
1787463832.979,F,0,1,-,119.0,3135,3133,-2,2,1,1091,1090,-1,0,-1,674,3746,0,2,-2,3503,3503,0,2,0,1249,1250,1,0,-1,1235,1236,1,0,-16
1787463833.116,F',0,1,-,119.0,3135,3133,-2,2,1,1091,1090,-1,0,-1,3748,672,-4,3,-9,3503,3503,0,2,0,1249,1250,1,0,-1,1235,1236,1,0,-16
1787463833.254,F',0,1,-,119.0,3135,3133,-2,2,1,1091,1090,-1,0,-1,672,1694,-2,0,-2,3503,3503,0,2,0,1249,1249,0,0,-2,1236,1236,0,0,-16
1787463833.391,F,0,1,-,119.0,3135,3133,-2,2,1,1091,1090,-1,0,-1,1693,673,4,3,-8,3503,3503,0,2,0,1249,1250,1,0,-1,1236,1236,0,0,-16
1787463833.529,F,0,1,-,119.0,3135,3133,-2,2,1,1091,1090,-1,0,-1,674,3746,0,2,-2,3502,3502,0,2,-1,1249,1250,1,0,-1,1236,1236,0,0,-16
1787463833.667,F',0,1,-,119.0,3135,3133,-2,2,1,1091,1090,-1,0,-1,3748,673,-3,3,-8,3503,3502,-1,2,-1,1249,1250,1,0,-1,1235,1236,1,0,-16
1787463833.804,F',0,1,-,119.0,3135,3134,-1,2,2,1091,1090,-1,0,-1,672,1694,-2,0,-2,3503,3503,0,2,0,1249,1250,1,0,-1,1236,1236,0,0,-16
1787463833.940,F,0,1,-,119.0,3135,3133,-2,2,1,1091,1090,-1,0,-1,1694,673,3,3,-8,3502,3503,1,2,0,1249,1250,1,0,-1,1236,1236,0,0,-16
1787463834.078,F,0,1,-,119.0,3135,3133,-2,2,1,1091,1090,-1,0,-1,674,3746,0,2,-2,3502,3502,0,2,-1,1249,1250,1,0,-1,1236,1236,0,0,-16
1787463834.216,F',0,1,-,119.0,3135,3133,-2,2,1,1091,1090,-1,0,-1,3748,673,-3,3,-8,3503,3502,-1,2,-1,1249,1250,1,0,-1,1235,1236,1,0,-16
1787463834.353,F',0,1,-,119.0,3135,3133,-2,2,1,1091,1090,-1,0,-1,672,1694,-2,0,-2,3503,3503,0,2,0,1249,1250,1,0,-1,1236,1236,0,0,-16
1787463834.491,F,0,1,-,119.0,3136,3133,-3,2,1,1091,1090,-1,0,-1,1693,673,4,3,-8,3503,3502,-1,2,-1,1249,1250,1,0,-1,1236,1236,0,0,-16
1787463834.629,F,0,1,-,119.0,3135,3133,-2,2,1,1091,1090,-1,0,-1,674,3746,0,2,-2,3502,3503,1,2,0,1249,1250,1,0,-1,1235,1236,1,0,-16
1787463834.767,F',0,1,-,119.0,3135,3133,-2,2,1,1091,1090,-1,0,-1,3748,672,-4,3,-9,3503,3503,0,2,0,1249,1250,1,0,-1,1235,1236,1,0,-16
1787463834.904,F',0,1,-,119.0,3135,3133,-2,2,1,1091,1090,-1,0,-1,672,1694,-2,0,-2,3503,3503,0,2,0,1249,1250,1,0,-1,1236,1236,0,0,-16
1787463835.041,F,0,1,-,119.0,3135,3133,-2,2,1,1091,1090,-1,0,-1,1693,673,4,3,-8,3503,3503,0,2,0,1249,1250,1,0,-1,1236,1236,0,0,-16
1787463835.178,F,0,1,-,119.0,3135,3133,-2,2,1,1091,1090,-1,0,-1,674,3746,0,2,-2,3503,3502,-1,2,-1,1249,1250,1,0,-1,1236,1236,0,0,-16
1787463835.316,F',0,1,-,119.0,3135,3133,-2,2,1,1091,1091,0,0,0,3748,673,-3,3,-8,3503,3502,-1,2,-1,1250,1250,0,0,-1,1236,1236,0,0,-16
1787463835.454,F',0,1,-,119.0,3135,3133,-2,2,1,1091,1090,-1,0,-1,672,1694,-2,0,-2,3503,3502,-1,2,-1,1249,1250,1,0,-1,1236,1236,0,0,-16
1787463835.591,F,0,1,-,119.0,3135,3133,-2,2,1,1091,1090,-1,0,-1,1694,673,3,3,-8,3503,3502,-1,2,-1,1249,1249,0,0,-2,1236,1236,0,0,-16
1787463835.728,F,0,1,-,119.0,3135,3133,-2,2,1,1091,1090,-1,0,-1,674,3746,0,2,-2,3503,3503,0,2,0,1249,1250,1,0,-1,1236,1236,0,0,-16
1787463835.866,F',0,1,-,119.0,3135,3133,-2,2,1,1091,1090,-1,0,-1,3748,673,-3,3,-8,3503,3503,0,2,0,1249,1250,1,0,-1,1236,1236,0,0,-16
1787463836.004,F',0,1,-,119.0,3135,3133,-2,2,1,1091,1090,-1,0,-1,672,1694,-2,0,-2,3503,3502,-1,2,-1,1249,1250,1,0,-1,1236,1236,0,0,-16
1787463836.141,F,0,1,-,119.0,3135,3133,-2,2,1,1091,1091,0,0,0,1694,673,3,3,-8,3503,3502,-1,2,-1,1249,1250,1,0,-1,1236,1236,0,0,-16
1787463836.279,F,0,1,-,119.0,3135,3133,-2,2,1,1091,1090,-1,0,-1,674,3746,0,2,-2,3503,3503,0,2,0,1249,1250,1,0,-1,1235,1236,1,0,-16
1787463836.416,F',0,1,-,119.0,3135,3133,-2,2,1,1091,1090,-1,0,-1,3748,673,-3,3,-8,3503,3502,-1,2,-1,1249,1250,1,0,-1,1236,1236,0,0,-16
1787463836.554,F',0,1,-,119.0,3135,3133,-2,2,1,1091,1090,-1,0,-1,672,1694,-2,0,-2,3503,3503,0,2,0,1249,1249,0,0,-2,1236,1236,0,0,-16
1787463836.691,F,0,1,-,119.0,3135,3133,-2,2,1,1091,1090,-1,0,-1,1694,673,3,3,-8,3503,3503,0,2,0,1249,1250,1,0,-1,1236,1236,0,0,-16
1787463836.829,F,0,1,-,119.0,3135,3133,-2,2,1,1091,1090,-1,0,-1,674,3746,0,2,-2,3503,3502,-1,2,-1,1249,1250,1,0,-1,1235,1236,1,0,-16
1787463836.966,F',0,1,-,119.0,3135,3133,-2,2,1,1091,1090,-1,0,-1,3748,672,-4,3,-9,3503,3503,0,2,0,1249,1249,0,0,-2,1235,1235,0,0,-17
1787463837.104,F',0,1,-,119.0,3135,3133,-2,2,1,1091,1090,-1,0,-1,672,1694,-2,0,-2,3503,3503,0,2,0,1249,1249,0,0,-2,1236,1236,0,0,-16
1787463837.241,F,0,1,-,119.0,3135,3133,-2,2,1,1091,1090,-1,0,-1,1693,673,4,3,-8,3503,3503,0,2,0,1249,1250,1,0,-1,1236,1236,0,0,-16
1787463837.379,F,0,1,-,119.0,3135,3133,-2,2,1,1091,1090,-1,0,-1,674,3746,0,2,-2,3503,3503,0,2,0,1249,1250,1,0,-1,1235,1236,1,0,-16
1787463837.516,F',0,1,-,119.0,3135,3133,-2,2,1,1091,1090,-1,0,-1,3748,672,-4,3,-9,3503,3502,-1,2,-1,1249,1250,1,0,-1,1235,1236,1,0,-16
1787463837.653,F',0,1,-,119.0,3135,3133,-2,2,1,1091,1090,-1,0,-1,672,1694,-2,0,-2,3503,3503,0,2,0,1249,1250,1,0,-1,1236,1236,0,0,-16
1787463837.791,F,0,1,-,119.0,3135,3133,-2,2,1,1091,1090,-1,0,-1,1694,673,3,3,-8,3503,3503,0,2,0,1249,1250,1,0,-1,1236,1236,0,0,-16
1787463837.928,F,0,1,-,119.0,3135,3133,-2,2,1,1091,1090,-1,0,-1,674,3746,0,2,-2,3503,3503,0,2,0,1249,1250,1,0,-1,1236,1236,0,0,-16
1787463838.066,F',0,1,-,119.0,3135,3133,-2,2,1,1091,1090,-1,0,-1,3748,672,-4,3,-9,3503,3503,0,2,0,1249,1250,1,0,-1,1236,1236,0,0,-16
1787463838.203,F',0,1,-,119.0,3135,3133,-2,2,1,1091,1090,-1,0,-1,672,1694,-2,0,-2,3503,3503,0,2,0,1249,1250,1,0,-1,1236,1236,0,0,-16
1787463838.340,F,0,1,-,119.0,3136,3133,-3,2,1,1091,1090,-1,0,-1,1694,673,3,3,-8,3503,3502,-1,2,-1,1249,1250,1,0,-1,1235,1236,1,0,-16
1787463838.478,F,0,1,-,119.0,3135,3133,-2,2,1,1091,1090,-1,0,-1,674,3746,0,2,-2,3503,3502,-1,2,-1,1249,1250,1,0,-1,1236,1236,0,0,-16
1787463838.616,F',0,1,-,119.0,3135,3133,-2,2,1,1091,1090,-1,0,-1,3748,672,-4,3,-9,3503,3503,0,2,0,1249,1250,1,0,-1,1236,1235,-1,0,-17
1787463838.752,F',0,1,-,119.0,3135,3133,-2,2,1,1091,1090,-1,0,-1,672,1694,-2,0,-2,3503,3503,0,2,0,1249,1250,1,0,-1,1236,1236,0,0,-16
1787463838.891,F,0,1,-,119.0,3135,3133,-2,2,1,1091,1090,-1,0,-1,1694,673,3,3,-8,3503,3503,0,2,0,1250,1250,0,0,-1,1236,1236,0,0,-16
1787463839.028,F,0,1,-,119.0,3135,3133,-2,2,1,1091,1090,-1,0,-1,674,3746,0,2,-2,3503,3503,0,2,0,1249,1250,1,0,-1,1236,1236,0,0,-16
1787463839.166,F',0,1,-,119.0,3135,3133,-2,2,1,1091,1090,-1,0,-1,3748,673,-3,3,-8,3503,3503,0,2,0,1249,1250,1,0,-1,1235,1236,1,0,-16
1787463839.303,F',0,1,-,119.0,3135,3133,-2,2,1,1091,1090,-1,0,-1,672,1694,-2,0,-2,3503,3503,0,2,0,1249,1250,1,0,-1,1236,1236,0,0,-16
1787463839.440,F,0,1,-,119.0,3135,3133,-2,2,1,1091,1090,-1,0,-1,1693,673,4,3,-8,3503,3503,0,2,0,1249,1250,1,0,-1,1236,1236,0,0,-16
1787463839.578,F,0,1,-,119.0,3135,3133,-2,2,1,1091,1090,-1,0,-1,674,3746,0,2,-2,3503,3503,0,2,0,1249,1250,1,0,-1,1235,1236,1,0,-16
1787463839.716,F',0,1,-,119.0,3135,3133,-2,2,1,1091,1090,-1,0,-1,3748,673,-3,3,-8,3503,3503,0,2,0,1249,1249,0,0,-2,1235,1236,1,0,-16
1787463839.853,F',0,1,-,119.0,3135,3133,-2,2,1,1091,1090,-1,0,-1,672,1694,-2,0,-2,3503,3502,-1,2,-1,1249,1250,1,0,-1,1236,1236,0,0,-16
1787463839.991,F,0,1,-,119.0,3135,3133,-2,2,1,1091,1090,-1,0,-1,1693,673,4,3,-8,3503,3503,0,2,0,1250,1250,0,0,-1,1236,1235,-1,0,-17
1787463840.128,F,0,1,-,119.0,3135,3133,-2,2,1,1091,1090,-1,0,-1,674,3746,0,2,-2,3503,3503,0,2,0,1250,1250,0,0,-1,1235,1236,1,0,-16
1787463840.265,F',0,1,-,119.0,3136,3133,-3,2,1,1091,1090,-1,0,-1,3748,673,-3,3,-8,3503,3503,0,2,0,1249,1250,1,0,-1,1236,1236,0,0,-16
1787463840.403,F',0,1,-,119.0,3135,3133,-2,2,1,1091,1090,-1,0,-1,672,1694,-2,0,-2,3503,3503,0,2,0,1249,1249,0,0,-2,1235,1236,1,0,-16
1787463840.541,F,0,1,-,119.0,3135,3133,-2,2,1,1091,1091,0,0,0,1694,673,3,3,-8,3503,3503,0,2,0,1249,1250,1,0,-1,1236,1236,0,0,-16
1787463840.679,F,0,1,-,119.0,3135,3133,-2,2,1,1091,1090,-1,0,-1,674,3746,0,2,-2,3503,3503,0,2,0,1250,1250,0,0,-1,1236,1236,0,0,-16
1787463840.816,F',0,1,-,119.0,3135,3133,-2,2,1,1091,1090,-1,0,-1,3748,672,-4,3,-9,3503,3503,0,2,0,1249,1250,1,0,-1,1236,1236,0,0,-16
1787463840.953,F',0,1,-,119.0,3135,3133,-2,2,1,1091,1090,-1,0,-1,672,1694,-2,0,-2,3503,3503,0,2,0,1249,1250,1,0,-1,1236,1236,0,0,-16
1787463841.090,F,0,1,-,119.0,3135,3133,-2,2,1,1091,1090,-1,0,-1,1694,673,3,3,-8,3503,3503,0,2,0,1249,1250,1,0,-1,1236,1236,0,0,-16
1787463841.229,F,0,1,-,119.0,3135,3133,-2,2,1,1091,1090,-1,0,-1,674,3746,0,2,-2,3503,3503,0,2,0,1249,1250,1,0,-1,1236,1236,0,0,-16
1787463841.366,F',0,1,-,119.0,3135,3133,-2,2,1,1091,1090,-1,0,-1,3748,672,-4,3,-9,3503,3502,-1,2,-1,1249,1250,1,0,-1,1235,1236,1,0,-16
1787463841.503,F',0,1,-,119.0,3135,3133,-2,2,1,1091,1090,-1,0,-1,672,1694,-2,0,-2,3503,3503,0,2,0,1249,1249,0,0,-2,1235,1235,0,0,-17
1787463841.641,F,0,1,-,119.0,3135,3133,-2,2,1,1091,1091,0,0,0,1694,673,3,3,-8,3503,3503,0,2,0,1249,1250,1,0,-1,1236,1236,0,0,-16
1787463841.778,F,0,1,-,119.0,3135,3133,-2,2,1,1091,1090,-1,0,-1,674,3746,0,2,-2,3503,3503,0,2,0,1249,1250,1,0,-1,1235,1236,1,0,-16
1787463841.918,F',0,1,-,119.0,3135,3133,-2,2,1,1091,1090,-1,0,-1,3748,672,-4,3,-9,3503,3502,-1,2,-1,1249,1250,1,0,-1,1236,1236,0,0,-16
1787463842.053,F',0,1,-,119.0,3135,3133,-2,2,1,1091,1090,-1,0,-1,672,1694,-2,0,-2,3503,3503,0,2,0,1249,1250,1,0,-1,1236,1236,0,0,-16
1787463842.191,F,0,1,-,119.0,3136,3133,-3,2,1,1091,1090,-1,0,-1,1694,673,3,3,-8,3502,3503,1,2,0,1249,1250,1,0,-1,1236,1236,0,0,-16
1787463842.328,F,0,1,-,119.0,3135,3133,-2,2,1,1091,1090,-1,0,-1,674,3746,0,2,-2,3503,3503,0,2,0,1249,1250,1,0,-1,1235,1236,1,0,-16
1787463842.464,F',0,1,-,119.0,3135,3133,-2,2,1,1091,1090,-1,0,-1,3748,672,-4,3,-9,3503,3503,0,2,0,1249,1250,1,0,-1,1236,1235,-1,0,-17
1787463842.603,F',0,1,-,119.0,3135,3133,-2,2,1,1091,1090,-1,0,-1,672,1694,-2,0,-2,3503,3502,-1,2,-1,1249,1250,1,0,-1,1236,1236,0,0,-16
1787463842.741,F,0,1,-,119.0,3135,3133,-2,2,1,1091,1090,-1,0,-1,1694,673,3,3,-8,3503,3502,-1,2,-1,1249,1250,1,0,-1,1236,1236,0,0,-16
1787463842.878,F,0,1,-,119.0,3135,3133,-2,2,1,1091,1090,-1,0,-1,674,3746,0,2,-2,3503,3502,-1,2,-1,1250,1250,0,0,-1,1235,1236,1,0,-16
1787463843.015,F',0,1,-,119.0,3135,3133,-2,2,1,1091,1090,-1,0,-1,3748,673,-3,3,-8,3503,3503,0,2,0,1249,1250,1,0,-1,1236,1236,0,0,-16
1787463843.153,F',0,1,-,119.0,3135,3133,-2,2,1,1091,1090,-1,0,-1,672,1694,-2,0,-2,3503,3503,0,2,0,1249,1249,0,0,-2,1235,1236,1,0,-16
1787463843.290,F,0,1,-,119.0,3135,3133,-2,2,1,1091,1090,-1,0,-1,1693,673,4,3,-8,3503,3503,0,2,0,1249,1250,1,0,-1,1236,1236,0,0,-16
1787463843.428,F,0,1,-,119.0,3135,3133,-2,2,1,1091,1090,-1,0,-1,674,3746,0,2,-2,3503,3503,0,2,0,1249,1250,1,0,-1,1235,1236,1,0,-16
1787463843.565,F',0,1,-,119.0,3135,3133,-2,2,1,1091,1090,-1,0,-1,3748,672,-4,3,-9,3503,3503,0,2,0,1249,1250,1,0,-1,1235,1235,0,0,-17
1787463843.703,F',0,1,-,119.0,3136,3133,-3,2,1,1091,1090,-1,0,-1,672,1694,-2,0,-2,3503,3503,0,2,0,1249,1250,1,0,-1,1236,1236,0,0,-16
1787463843.840,F,0,1,-,119.0,3135,3133,-2,2,1,1091,1090,-1,0,-1,1693,673,4,3,-8,3503,3502,-1,2,-1,1249,1249,0,0,-2,1235,1236,1,0,-16
1787463843.978,F,0,1,-,119.0,3135,3133,-2,2,1,1091,1090,-1,0,-1,674,3746,0,2,-2,3503,3503,0,2,0,1249,1249,0,0,-2,1236,1236,0,0,-16
1787463844.116,F',0,1,-,119.0,3135,3133,-2,2,1,1091,1090,-1,0,-1,3748,673,-3,3,-8,3503,3502,-1,2,-1,1249,1250,1,0,-1,1235,1236,1,0,-16
1787463844.253,F',0,1,-,119.0,3135,3133,-2,2,1,1091,1090,-1,0,-1,672,1694,-2,0,-2,3503,3503,0,2,0,1249,1250,1,0,-1,1236,1235,-1,0,-17
1787463844.391,F,0,1,-,119.0,3135,3133,-2,2,1,1091,1090,-1,0,-1,1694,673,3,3,-8,3503,3503,0,2,0,1249,1249,0,0,-2,1236,1236,0,0,-16
1787463844.528,F,0,1,-,119.0,3135,3133,-2,2,1,1091,1090,-1,0,-1,674,3746,0,2,-2,3503,3503,0,2,0,1249,1250,1,0,-1,1235,1236,1,0,-16
1787463844.665,F',0,1,-,119.0,3135,3133,-2,2,1,1091,1090,-1,0,-1,3748,672,-4,3,-9,3502,3503,1,2,0,1249,1250,1,0,-1,1236,1236,0,0,-16
1787463844.803,F',0,1,-,119.0,3135,3133,-2,2,1,1091,1090,-1,0,-1,672,1694,-2,0,-2,3503,3503,0,2,0,1249,1250,1,0,-1,1236,1236,0,0,-16
1787463844.940,F,0,1,-,119.0,3135,3133,-2,2,1,1091,1091,0,0,0,1693,673,4,3,-8,3502,3503,1,2,0,1250,1249,-1,0,-2,1235,1236,1,0,-16
1787463845.078,F,0,1,-,119.0,3135,3133,-2,2,1,1091,1090,-1,0,-1,674,3746,0,2,-2,3503,3503,0,2,0,1249,1250,1,0,-1,1236,1236,0,0,-16
1787463845.215,F',0,1,-,119.0,3135,3133,-2,2,1,1091,1090,-1,0,-1,3748,673,-3,3,-8,3503,3502,-1,2,-1,1249,1249,0,0,-2,1236,1236,0,0,-16
1787463845.353,F',0,1,-,119.0,3135,3133,-2,2,1,1091,1090,-1,0,-1,672,1694,-2,0,-2,3503,3503,0,2,0,1249,1250,1,0,-1,1236,1236,0,0,-16
1787463845.491,F,0,1,-,119.0,3135,3133,-2,2,1,1091,1090,-1,0,-1,1693,673,4,3,-8,3503,3503,0,2,0,1249,1249,0,0,-2,1236,1236,0,0,-16
1787463845.628,F,0,1,-,119.0,3135,3133,-2,2,1,1091,1090,-1,0,-1,674,3746,0,2,-2,3503,3503,0,2,0,1249,1250,1,0,-1,1236,1236,0,0,-16
1787463845.765,F',0,1,-,119.0,3136,3133,-3,2,1,1091,1090,-1,0,-1,3748,673,-3,3,-8,3502,3503,1,2,0,1249,1250,1,0,-1,1236,1236,0,0,-16
1787463845.903,F',0,1,-,119.0,3135,3133,-2,2,1,1091,1090,-1,0,-1,672,1694,-2,0,-2,3503,3502,-1,2,-1,1249,1250,1,0,-1,1236,1236,0,0,-16
1787463846.040,F,0,1,-,119.0,3135,3133,-2,2,1,1091,1090,-1,0,-1,1693,673,4,3,-8,3503,3502,-1,2,-1,1249,1250,1,0,-1,1236,1236,0,0,-16
1787463846.178,F,0,1,-,119.0,3135,3133,-2,2,1,1091,1090,-1,0,-1,674,3746,0,2,-2,3503,3503,0,2,0,1249,1250,1,0,-1,1235,1236,1,0,-16
1787463846.315,F',0,1,-,119.0,3135,3133,-2,2,1,1091,1090,-1,0,-1,3748,672,-4,3,-9,3503,3502,-1,2,-1,1249,1250,1,0,-1,1236,1236,0,0,-16
1787463846.453,F',0,1,-,119.0,3135,3133,-2,2,1,1091,1090,-1,0,-1,672,1694,-2,0,-2,3503,3503,0,2,0,1249,1250,1,0,-1,1236,1236,0,0,-16
1787463846.591,F,0,1,-,119.0,3135,3133,-2,2,1,1091,1090,-1,0,-1,1693,673,4,3,-8,3503,3503,0,2,0,1249,1250,1,0,-1,1236,1236,0,0,-16
1787463846.728,F,0,1,-,119.0,3135,3133,-2,2,1,1091,1090,-1,0,-1,674,3746,0,2,-2,3503,3503,0,2,0,1249,1250,1,0,-1,1236,1236,0,0,-16
1787463846.865,F',0,1,-,119.0,3136,3133,-3,2,1,1091,1090,-1,0,-1,3748,672,-4,3,-9,3503,3502,-1,2,-1,1249,1250,1,0,-1,1236,1236,0,0,-16
1787463847.003,F',0,1,-,119.0,3135,3133,-2,2,1,1091,1090,-1,0,-1,672,1694,-2,0,-2,3503,3503,0,2,0,1249,1250,1,0,-1,1236,1236,0,0,-16
1787463847.140,F,0,1,-,119.0,3135,3133,-2,2,1,1091,1090,-1,0,-1,1693,673,4,3,-8,3503,3503,0,2,0,1249,1250,1,0,-1,1236,1236,0,0,-16
1787463847.278,F,0,1,-,119.0,3135,3133,-2,2,1,1091,1090,-1,0,-1,674,3746,0,2,-2,3503,3503,0,2,0,1250,1250,0,0,-1,1235,1236,1,0,-16
1787463847.415,F',0,1,-,119.0,3135,3133,-2,2,1,1091,1090,-1,0,-1,3748,673,-3,3,-8,3503,3503,0,2,0,1249,1250,1,0,-1,1235,1236,1,0,-16
1787463847.553,F',0,1,-,119.0,3135,3133,-2,2,1,1091,1090,-1,0,-1,672,1694,-2,0,-2,3503,3503,0,2,0,1249,1250,1,0,-1,1235,1236,1,0,-16
1787463847.690,F,0,1,-,119.0,3135,3133,-2,2,1,1091,1090,-1,0,-1,1694,673,3,3,-8,3503,3503,0,2,0,1249,1250,1,0,-1,1236,1236,0,0,-16
1787463847.827,F,0,1,-,119.0,3136,3133,-3,2,1,1091,1090,-1,0,-1,674,3746,0,2,-2,3503,3502,-1,2,-1,1249,1250,1,0,-1,1236,1236,0,0,-16
1787463847.966,F',0,1,-,119.0,3135,3133,-2,2,1,1091,1090,-1,0,-1,3748,672,-4,3,-9,3502,3503,1,2,0,1249,1250,1,0,-1,1236,1236,0,0,-16
1787463848.103,F',0,1,-,119.0,3135,3133,-2,2,1,1091,1090,-1,0,-1,672,1694,-2,0,-2,3503,3503,0,2,0,1249,1250,1,0,-1,1236,1236,0,0,-16
1787463848.240,F,0,1,-,119.0,3135,3133,-2,2,1,1091,1090,-1,0,-1,1694,673,3,3,-8,3503,3503,0,2,0,1249,1250,1,0,-1,1236,1236,0,0,-16
1787463848.377,F,0,1,-,119.0,3136,3133,-3,2,1,1091,1090,-1,0,-1,674,3746,0,2,-2,3503,3503,0,2,0,1249,1250,1,0,-1,1235,1236,1,0,-16
1787463848.515,F',0,1,-,119.0,3135,3133,-2,2,1,1091,1090,-1,0,-1,3748,672,-4,3,-9,3503,3503,0,2,0,1249,1250,1,0,-1,1236,1236,0,0,-16
1787463848.653,F',0,1,-,119.0,3135,3133,-2,2,1,1091,1090,-1,0,-1,672,1694,-2,0,-2,3503,3503,0,2,0,1249,1250,1,0,-1,1235,1236,1,0,-16
1787463848.790,F,0,1,-,119.0,3135,3133,-2,2,1,1091,1090,-1,0,-1,1694,673,3,3,-8,3503,3503,0,2,0,1249,1250,1,0,-1,1236,1236,0,0,-16
1787463848.936,F,0,1,-,119.0,3135,3133,-2,2,1,1091,1090,-1,0,-1,674,3746,0,2,-2,3503,3502,-1,2,-1,1249,1249,0,0,-2,1236,1236,0,0,-16
1787463849.066,F',0,1,-,119.0,3135,3133,-2,2,1,1091,1091,0,0,0,3748,672,-4,3,-9,3503,3502,-1,2,-1,1249,1250,1,0,-1,1236,1236,0,0,-16
1787463849.202,F',0,1,-,119.0,3135,3133,-2,2,1,1091,1090,-1,0,-1,672,1694,-2,0,-2,3503,3502,-1,2,-1,1249,1250,1,0,-1,1236,1236,0,0,-16
1787463849.339,F,0,1,-,119.0,3135,3133,-2,2,1,1091,1090,-1,0,-1,1693,673,4,3,-8,3503,3503,0,2,0,1249,1250,1,0,-1,1235,1236,1,0,-16
1787463849.478,F,0,1,-,119.0,3135,3133,-2,2,1,1091,1090,-1,0,-1,674,3746,0,2,-2,3503,3502,-1,2,-1,1249,1249,0,0,-2,1236,1236,0,0,-16
1787463849.615,F',0,1,-,119.0,3135,3133,-2,2,1,1091,1090,-1,0,-1,3748,672,-4,3,-9,3503,3503,0,2,0,1249,1250,1,0,-1,1236,1235,-1,0,-17
1787463849.753,F',0,1,-,119.0,3135,3133,-2,2,1,1091,1090,-1,0,-1,672,1694,-2,0,-2,3503,3503,0,2,0,1249,1250,1,0,-1,1236,1235,-1,0,-17
1787463849.890,F,0,1,-,119.0,3135,3133,-2,2,1,1091,1090,-1,0,-1,1694,673,3,3,-8,3502,3503,1,2,0,1249,1250,1,0,-1,1236,1236,0,0,-16
1787463850.028,F,0,1,-,119.0,3135,3133,-2,2,1,1091,1090,-1,0,-1,674,3746,0,2,-2,3503,3503,0,2,0,1249,1250,1,0,-1,1236,1236,0,0,-16
1787463850.165,F',0,1,-,119.0,3135,3133,-2,2,1,1091,1090,-1,0,-1,3748,673,-3,3,-8,3503,3503,0,2,0,1249,1250,1,0,-1,1236,1236,0,0,-16
1787463850.302,F',0,1,-,119.0,3135,3133,-2,2,1,1091,1090,-1,0,-1,672,1694,-2,0,-2,3503,3503,0,2,0,1249,1250,1,0,-1,1236,1236,0,0,-16
1787463850.440,F,0,1,-,119.0,3136,3133,-3,2,1,1091,1090,-1,0,-1,1694,673,3,3,-8,3503,3502,-1,2,-1,1249,1250,1,0,-1,1236,1236,0,0,-16
1787463850.578,F,0,1,-,119.0,3135,3133,-2,2,1,1091,1090,-1,0,-1,674,3746,0,2,-2,3503,3503,0,2,0,1249,1249,0,0,-2,1235,1236,1,0,-16
1787463850.717,F',0,1,-,119.0,3135,3133,-2,2,1,1091,1090,-1,0,-1,3748,673,-3,3,-8,3503,3502,-1,2,-1,1249,1250,1,0,-1,1236,1236,0,0,-16
1787463850.853,F',0,1,-,119.0,3135,3133,-2,2,1,1091,1090,-1,0,-1,672,1694,-2,0,-2,3503,3503,0,2,0,1249,1249,0,0,-2,1236,1236,0,0,-16
1787463850.990,F,0,1,-,119.0,3135,3133,-2,2,1,1091,1090,-1,0,-1,1693,673,4,3,-8,3502,3503,1,2,0,1249,1250,1,0,-1,1236,1236,0,0,-16
1787463851.126,F,0,1,-,119.0,3135,3133,-2,2,1,1091,1090,-1,0,-1,674,3746,0,2,-2,3503,3503,0,2,0,1249,1250,1,0,-1,1236,1236,0,0,-16
1787463851.267,F',0,1,-,119.0,3135,3133,-2,2,1,1091,1090,-1,0,-1,3748,672,-4,3,-9,3503,3502,-1,2,-1,1250,1249,-1,0,-2,1236,1236,0,0,-16
1787463851.403,F',0,1,-,119.0,3135,3133,-2,2,1,1091,1090,-1,0,-1,672,1694,-2,0,-2,3503,3502,-1,2,-1,1249,1250,1,0,-1,1236,1236,0,0,-16
1787463851.540,F,0,1,-,119.0,3136,3133,-3,2,1,1091,1090,-1,0,-1,1693,673,4,3,-8,3502,3503,1,2,0,1249,1250,1,0,-1,1235,1236,1,0,-16
1787463851.678,F,0,1,-,119.0,3135,3133,-2,2,1,1091,1090,-1,0,-1,674,3746,0,2,-2,3503,3503,0,2,0,1249,1250,1,0,-1,1236,1236,0,0,-16
1787463851.815,F',0,1,-,119.0,3135,3133,-2,2,1,1091,1090,-1,0,-1,3748,672,-4,3,-9,3503,3503,0,2,0,1249,1249,0,0,-2,1236,1236,0,0,-16
1787463851.953,F',0,1,-,119.0,3135,3133,-2,2,1,1091,1090,-1,0,-1,672,1694,-2,0,-2,3503,3502,-1,2,-1,1249,1250,1,0,-1,1236,1235,-1,0,-17
1787463852.090,F,0,1,-,119.0,3135,3133,-2,2,1,1091,1090,-1,0,-1,1694,673,3,3,-8,3503,3503,0,2,0,1249,1250,1,0,-1,1236,1236,0,0,-16
1787463852.229,F,0,1,-,119.0,3136,3133,-3,2,1,1091,1090,-1,0,-1,674,3746,0,2,-2,3503,3503,0,2,0,1249,1250,1,0,-1,1235,1236,1,0,-16
1787463852.365,F',0,1,-,119.0,3135,3133,-2,2,1,1091,1090,-1,0,-1,3748,672,-4,3,-9,3503,3502,-1,2,-1,1249,1250,1,0,-1,1236,1236,0,0,-16
1787463852.503,F',0,1,-,119.0,3135,3133,-2,2,1,1091,1090,-1,0,-1,672,1694,-2,0,-2,3503,3502,-1,2,-1,1249,1249,0,0,-2,1236,1236,0,0,-16
1787463852.640,F,0,1,-,119.0,3135,3133,-2,2,1,1091,1090,-1,0,-1,1694,673,3,3,-8,3503,3503,0,2,0,1249,1249,0,0,-2,1236,1236,0,0,-16
1787463852.777,F,0,1,-,119.0,3135,3133,-2,2,1,1091,1090,-1,0,-1,674,3746,0,2,-2,3503,3503,0,2,0,1249,1250,1,0,-1,1235,1236,1,0,-16
1787463852.915,F',0,1,-,119.0,3135,3133,-2,2,1,1091,1090,-1,0,-1,3748,672,-4,3,-9,3503,3502,-1,2,-1,1249,1249,0,0,-2,1236,1235,-1,0,-17
1787463853.053,F',0,1,-,119.0,3135,3133,-2,2,1,1091,1090,-1,0,-1,672,1694,-2,0,-2,3503,3503,0,2,0,1249,1249,0,0,-2,1236,1236,0,0,-16
1787463853.190,F,0,1,-,119.0,3135,3133,-2,2,1,1091,1090,-1,0,-1,1693,673,4,3,-8,3503,3502,-1,2,-1,1249,1250,1,0,-1,1236,1236,0,0,-16
1787463866.827,D,0,1,-,119.0,3135,3133,-2,2,1,1091,1090,-1,0,-1,674,673,-1,3,-8,3503,2481,2,1,0,1249,1250,1,0,-1,1235,1236,1,0,-16
1787463866.964,D',0,1,-,119.0,3135,3133,-2,2,1,1091,1090,-1,0,-1,674,673,-1,3,-8,2481,3500,-5,2,-3,1249,1249,0,0,-2,1236,1236,0,0,-16
1787463867.101,D,0,1,-,119.0,3135,3133,-2,2,1,1091,1090,-1,0,-1,674,673,-1,3,-8,3501,2481,4,1,0,1249,1250,1,0,-1,1236,1236,0,0,-16
1787463867.240,D',0,1,-,119.0,3136,3133,-3,2,1,1091,1090,-1,0,-1,674,673,-1,3,-8,2481,3500,-5,2,-3,1249,1250,1,0,-1,1236,1236,0,0,-16
1787463867.377,D,0,1,-,119.0,3135,3133,-2,2,1,1091,1090,-1,0,-1,674,673,-1,3,-8,3501,2481,4,1,0,1249,1250,1,0,-1,1236,1236,0,0,-16
1787463867.515,D',0,1,-,119.0,3135,3133,-2,2,1,1091,1090,-1,0,-1,674,673,-1,3,-8,2481,3500,-5,2,-3,1249,1250,1,0,-1,1236,1236,0,0,-16
1787463867.652,D,0,1,-,119.0,3135,3133,-2,2,1,1091,1090,-1,0,-1,674,673,-1,3,-8,3501,2481,4,1,0,1249,1250,1,0,-1,1236,1236,0,0,-16
1787463867.789,D',0,1,-,119.0,3135,3133,-2,2,1,1091,1090,-1,0,-1,674,673,-1,3,-8,2481,3501,-4,2,-2,1249,1250,1,0,-1,1236,1236,0,0,-16
1787463867.926,D,0,1,-,119.0,3135,3133,-2,2,1,1091,1091,0,0,0,674,673,-1,3,-8,3501,2481,4,1,0,1249,1249,0,0,-2,1235,1236,1,0,-16
1787463868.065,D',0,1,-,119.0,3135,3133,-2,2,1,1091,1091,0,0,0,674,673,-1,3,-8,2481,3501,-4,2,-2,1249,1250,1,0,-1,1235,1236,1,0,-16
1787463868.202,D,0,1,-,119.0,3135,3133,-2,2,1,1091,1090,-1,0,-1,674,673,-1,3,-8,3501,2481,4,1,0,1249,1250,1,0,-1,1236,1236,0,0,-16
1787463868.339,D',0,1,-,119.0,3135,3133,-2,2,1,1091,1090,-1,0,-1,674,673,-1,3,-8,2481,3501,-4,2,-2,1249,1250,1,0,-1,1236,1236,0,0,-16
1787463868.476,D,0,1,-,119.0,3135,3133,-2,2,1,1091,1090,-1,0,-1,674,673,-1,3,-8,3501,2481,4,1,0,1249,1250,1,0,-1,1236,1235,-1,0,-17
1787463868.614,D',0,1,-,119.0,3135,3133,-2,2,1,1091,1090,-1,0,-1,674,674,0,3,-7,2481,3500,-5,2,-3,1249,1250,1,0,-1,1236,1236,0,0,-16
1787463868.752,D,0,1,-,119.0,3136,3133,-3,2,1,1091,1090,-1,0,-1,674,674,0,3,-7,3501,2481,4,1,0,1249,1249,0,0,-2,1236,1236,0,0,-16
1787463868.890,D',0,1,-,119.0,3135,3133,-2,2,1,1091,1090,-1,0,-1,674,673,-1,3,-8,2481,3501,-4,2,-2,1249,1250,1,0,-1,1235,1236,1,0,-16
1787463869.026,D,0,1,-,119.0,3135,3133,-2,2,1,1091,1090,-1,0,-1,674,673,-1,3,-8,3501,2481,4,1,0,1249,1250,1,0,-1,1236,1236,0,0,-16
1787463869.164,D',0,1,-,119.0,3135,3133,-2,2,1,1091,1090,-1,0,-1,674,673,-1,3,-8,2481,3501,-4,2,-2,1249,1250,1,0,-1,1236,1236,0,0,-16
1787463869.302,D,0,1,-,119.0,3135,3133,-2,2,1,1091,1090,-1,0,-1,674,673,-1,3,-8,3501,2481,4,1,0,1249,1250,1,0,-1,1236,1236,0,0,-16
1787463869.439,D',0,1,-,119.0,3135,3133,-2,2,1,1091,1090,-1,0,-1,674,673,-1,3,-8,2481,3500,-5,2,-3,1249,1250,1,0,-1,1235,1236,1,0,-16
1787463869.577,D,0,1,-,119.0,3135,3133,-2,2,1,1091,1091,0,0,0,674,673,-1,3,-8,3501,2481,4,1,0,1249,1250,1,0,-1,1236,1235,-1,0,-17
1787463869.714,D',0,1,-,119.0,3136,3133,-3,2,1,1091,1090,-1,0,-1,674,673,-1,3,-8,2481,3501,-4,2,-2,1249,1250,1,0,-1,1236,1236,0,0,-16
1787463869.854,D,0,1,-,119.0,3135,3133,-2,2,1,1091,1091,0,0,0,674,673,-1,3,-8,3501,2481,4,1,0,1250,1250,0,0,-1,1235,1235,0,0,-17
1787463869.988,D',0,1,-,119.0,3136,3133,-3,2,1,1091,1090,-1,0,-1,674,673,-1,3,-8,2481,3501,-4,2,-2,1249,1250,1,0,-1,1236,1235,-1,0,-17
1787463870.126,D,0,1,-,119.0,3135,3133,-2,2,1,1091,1091,0,0,0,674,674,0,3,-7,3501,2481,4,1,0,1249,1250,1,0,-1,1235,1236,1,0,-16
1787463870.264,D',0,1,-,119.0,3135,3133,-2,2,1,1091,1091,0,0,0,674,673,-1,3,-8,2481,3501,-4,2,-2,1249,1249,0,0,-2,1235,1236,1,0,-16
1787463870.401,D,0,1,-,119.0,3135,3133,-2,2,1,1091,1090,-1,0,-1,674,673,-1,3,-8,3501,2481,4,1,0,1249,1250,1,0,-1,1235,1236,1,0,-16
1787463870.539,D',0,1,-,119.0,3135,3133,-2,2,1,1091,1090,-1,0,-1,674,673,-1,3,-8,2481,3501,-4,2,-2,1249,1249,0,0,-2,1236,1236,0,0,-16
1787463870.677,D,0,1,-,119.0,3135,3133,-2,2,1,1091,1090,-1,0,-1,674,673,-1,3,-8,3501,2481,4,1,0,1249,1250,1,0,-1,1236,1236,0,0,-16
1787463870.814,D',0,1,-,119.0,3135,3133,-2,2,1,1091,1090,-1,0,-1,674,673,-1,3,-8,2481,3501,-4,2,-2,1249,1250,1,0,-1,1236,1236,0,0,-16
1787463870.952,D,0,1,-,119.0,3135,3133,-2,2,1,1091,1090,-1,0,-1,674,673,-1,3,-8,3502,2481,3,1,0,1249,1250,1,0,-1,1236,1236,0,0,-16
1787463871.089,D',0,1,-,119.0,3135,3133,-2,2,1,1091,1090,-1,0,-1,674,673,-1,3,-8,2481,3501,-4,2,-2,1249,1250,1,0,-1,1236,1235,-1,0,-17
1787463871.226,D,0,1,-,119.0,3136,3133,-3,2,1,1091,1090,-1,0,-1,674,674,0,3,-7,3501,2481,4,1,0,1249,1250,1,0,-1,1236,1236,0,0,-16
1787463871.364,D',0,1,-,119.0,3135,3133,-2,2,1,1091,1090,-1,0,-1,674,673,-1,3,-8,2481,3501,-4,2,-2,1249,1250,1,0,-1,1236,1236,0,0,-16
1787463871.502,D,0,1,-,119.0,3135,3133,-2,2,1,1091,1090,-1,0,-1,674,674,0,3,-7,3501,2481,4,1,0,1249,1250,1,0,-1,1235,1236,1,0,-16
1787463871.639,D',0,1,-,119.0,3135,3133,-2,2,1,1091,1090,-1,0,-1,674,673,-1,3,-8,2481,3501,-4,2,-2,1249,1250,1,0,-1,1236,1235,-1,0,-17
1787463871.776,D,0,1,-,119.0,3136,3133,-3,2,1,1091,1090,-1,0,-1,674,673,-1,3,-8,3501,2481,4,1,0,1249,1250,1,0,-1,1236,1236,0,0,-16
1787463871.914,D',0,1,-,119.0,3135,3133,-2,2,1,1091,1090,-1,0,-1,674,673,-1,3,-8,2481,3501,-4,2,-2,1249,1250,1,0,-1,1236,1236,0,0,-16
1787463872.052,D,0,1,-,119.0,3135,3133,-2,2,1,1091,1090,-1,0,-1,674,674,0,3,-7,3501,2481,4,1,0,1249,1250,1,0,-1,1236,1235,-1,0,-17
1787463872.189,D',0,1,-,119.0,3135,3133,-2,2,1,1091,1090,-1,0,-1,674,674,0,3,-7,2481,3501,-4,2,-2,1249,1250,1,0,-1,1236,1236,0,0,-16
1787463872.326,D,0,1,-,119.0,3135,3133,-2,2,1,1091,1090,-1,0,-1,674,673,-1,3,-8,3501,2481,4,1,0,1249,1249,0,0,-2,1235,1236,1,0,-16
1787463872.464,D',0,1,-,119.0,3135,3133,-2,2,1,1091,1091,0,0,0,674,673,-1,3,-8,2481,3501,-4,2,-2,1249,1250,1,0,-1,1235,1236,1,0,-16
1787463872.601,D,0,1,-,119.0,3135,3133,-2,2,1,1091,1090,-1,0,-1,674,673,-1,3,-8,3501,2481,4,1,0,1249,1250,1,0,-1,1235,1236,1,0,-16
1787463872.739,D',0,1,-,119.0,3135,3133,-2,2,1,1091,1090,-1,0,-1,674,673,-1,3,-8,2481,3501,-4,2,-2,1249,1249,0,0,-2,1236,1236,0,0,-16
1787463872.877,D,0,1,-,119.0,3135,3133,-2,2,1,1091,1090,-1,0,-1,674,674,0,3,-7,3502,2481,3,1,0,1249,1249,0,0,-2,1235,1236,1,0,-16
1787463873.013,D',0,1,-,119.0,3136,3133,-3,2,1,1091,1090,-1,0,-1,674,673,-1,3,-8,2481,3501,-4,2,-2,1249,1250,1,0,-1,1235,1236,1,0,-16
1787463873.151,D,0,1,-,119.0,3135,3133,-2,2,1,1091,1091,0,0,0,674,673,-1,3,-8,3501,2481,4,1,0,1249,1249,0,0,-2,1236,1236,0,0,-16
1787463873.289,D',0,1,-,119.0,3135,3133,-2,2,1,1091,1090,-1,0,-1,674,673,-1,3,-8,2481,3501,-4,2,-2,1249,1250,1,0,-1,1236,1236,0,0,-16
1787463873.426,D,0,1,-,119.0,3135,3133,-2,2,1,1091,1090,-1,0,-1,674,673,-1,3,-8,3501,2481,4,1,0,1249,1250,1,0,-1,1236,1236,0,0,-16
1787463873.564,D',0,1,-,119.0,3135,3133,-2,2,1,1091,1090,-1,0,-1,674,673,-1,3,-8,2481,3501,-4,2,-2,1249,1250,1,0,-1,1236,1236,0,0,-16
1787463873.701,D,0,1,-,119.0,3135,3133,-2,2,1,1091,1090,-1,0,-1,674,673,-1,3,-8,3501,2481,4,1,0,1249,1250,1,0,-1,1235,1236,1,0,-16
1787463873.839,D',0,1,-,119.0,3135,3133,-2,2,1,1091,1090,-1,0,-1,674,673,-1,3,-8,2481,3501,-4,2,-2,1249,1250,1,0,-1,1236,1236,0,0,-16
1787463873.976,D,0,1,-,119.0,3135,3133,-2,2,1,1091,1090,-1,0,-1,674,673,-1,3,-8,3501,2481,4,1,0,1249,1250,1,0,-1,1236,1235,-1,0,-17
1787463874.113,D',0,1,-,119.0,3135,3133,-2,2,1,1091,1090,-1,0,-1,674,673,-1,3,-8,2481,3501,-4,2,-2,1249,1250,1,0,-1,1236,1236,0,0,-16
1787463874.251,D,0,1,-,119.0,3135,3133,-2,2,1,1091,1090,-1,0,-1,674,673,-1,3,-8,3502,2481,3,1,0,1249,1250,1,0,-1,1236,1236,0,0,-16
1787463874.389,D',0,1,-,119.0,3135,3133,-2,2,1,1091,1090,-1,0,-1,674,673,-1,3,-8,2481,3501,-4,2,-2,1249,1250,1,0,-1,1236,1236,0,0,-16
1787463874.526,D,0,1,-,119.0,3135,3133,-2,2,1,1091,1090,-1,0,-1,674,673,-1,3,-8,3502,2481,3,1,0,1249,1250,1,0,-1,1236,1236,0,0,-16
1787463874.664,D',0,1,-,119.0,3135,3133,-2,2,1,1091,1090,-1,0,-1,674,673,-1,3,-8,2481,3501,-4,2,-2,1249,1249,0,0,-2,1236,1236,0,0,-16
1787463874.801,D,0,1,-,119.0,3135,3133,-2,2,1,1091,1090,-1,0,-1,674,673,-1,3,-8,3501,2481,4,1,0,1250,1250,0,0,-1,1236,1236,0,0,-16
1787463874.938,D',0,1,-,119.0,3135,3133,-2,2,1,1091,1090,-1,0,-1,674,673,-1,3,-8,2481,3501,-4,2,-2,1249,1249,0,0,-2,1236,1235,-1,0,-17
1787463875.077,D,0,1,-,119.0,3136,3133,-3,2,1,1091,1090,-1,0,-1,674,673,-1,3,-8,3501,2481,4,1,0,1249,1250,1,0,-1,1235,1236,1,0,-16
1787463875.213,D',0,1,-,119.0,3135,3133,-2,2,1,1091,1090,-1,0,-1,674,673,-1,3,-8,2481,3501,-4,2,-2,1250,1250,0,0,-1,1236,1236,0,0,-16
1787463875.351,D,0,1,-,119.0,3135,3133,-2,2,1,1091,1090,-1,0,-1,674,674,0,3,-7,3501,2481,4,1,0,1249,1250,1,0,-1,1235,1236,1,0,-16
1787463875.489,D',0,1,-,119.0,3135,3133,-2,2,1,1091,1090,-1,0,-1,674,673,-1,3,-8,2481,3501,-4,2,-2,1249,1249,0,0,-2,1235,1236,1,0,-16
1787463875.625,D,0,1,-,119.0,3135,3133,-2,2,1,1091,1090,-1,0,-1,674,673,-1,3,-8,3501,2481,4,1,0,1249,1250,1,0,-1,1235,1236,1,0,-16
1787463875.763,D',0,1,-,119.0,3135,3133,-2,2,1,1091,1090,-1,0,-1,674,674,0,3,-7,2481,3501,-4,2,-2,1249,1250,1,0,-1,1236,1236,0,0,-16
1787463875.901,D,0,1,-,119.0,3135,3133,-2,2,1,1091,1090,-1,0,-1,674,673,-1,3,-8,3502,2481,3,1,0,1249,1250,1,0,-1,1236,1236,0,0,-16
1787463876.038,D',0,1,-,119.0,3135,3133,-2,2,1,1091,1090,-1,0,-1,674,673,-1,3,-8,2481,3501,-4,2,-2,1249,1250,1,0,-1,1236,1236,0,0,-16
1787463876.176,D,0,1,-,119.0,3135,3133,-2,2,1,1091,1090,-1,0,-1,674,673,-1,3,-8,3501,2481,4,1,0,1249,1250,1,0,-1,1235,1236,1,0,-16
1787463876.314,D',0,1,-,119.0,3135,3133,-2,2,1,1091,1090,-1,0,-1,674,673,-1,3,-8,2481,3501,-4,2,-2,1249,1250,1,0,-1,1236,1236,0,0,-16
1787463876.451,D,0,1,-,119.0,3135,3133,-2,2,1,1091,1090,-1,0,-1,674,673,-1,3,-8,3501,2481,4,1,0,1249,1249,0,0,-2,1236,1235,-1,0,-17
1787463876.588,D',0,1,-,119.0,3135,3133,-2,2,1,1091,1090,-1,0,-1,674,673,-1,3,-8,2481,3501,-4,2,-2,1250,1250,0,0,-1,1235,1235,0,0,-17
1787463876.726,D,0,1,-,119.0,3135,3133,-2,2,1,1091,1091,0,0,0,674,674,0,3,-7,3501,2481,4,1,0,1249,1250,1,0,-1,1235,1236,1,0,-16
1787463876.863,D',0,1,-,119.0,3135,3133,-2,2,1,1091,1090,-1,0,-1,674,673,-1,3,-8,2481,3501,-4,2,-2,1249,1250,1,0,-1,1235,1236,1,0,-16
1787463877.001,D,0,1,-,119.0,3135,3133,-2,2,1,1091,1091,0,0,0,674,673,-1,3,-8,3501,2481,4,1,0,1249,1250,1,0,-1,1236,1236,0,0,-16
1787463877.139,D',0,1,-,119.0,3136,3133,-3,2,1,1091,1090,-1,0,-1,674,673,-1,3,-8,2481,3501,-4,2,-2,1249,1250,1,0,-1,1235,1236,1,0,-16
1787463877.276,D,0,1,-,119.0,3135,3133,-2,2,1,1091,1090,-1,0,-1,674,673,-1,3,-8,3502,2481,3,1,0,1249,1250,1,0,-1,1236,1236,0,0,-16
1787463877.413,D',0,1,-,119.0,3135,3133,-2,2,1,1091,1091,0,0,0,674,673,-1,3,-8,2481,3501,-4,2,-2,1249,1250,1,0,-1,1236,1236,0,0,-16
1787463877.550,D,0,1,-,119.0,3135,3133,-2,2,1,1091,1090,-1,0,-1,674,673,-1,3,-8,3501,2481,4,1,0,1249,1250,1,0,-1,1236,1236,0,0,-16
1787463877.689,D',0,1,-,119.0,3135,3133,-2,2,1,1091,1090,-1,0,-1,674,673,-1,3,-8,2481,3501,-4,2,-2,1250,1250,0,0,-1,1236,1236,0,0,-16
1787463877.826,D,0,1,-,119.0,3135,3133,-2,2,1,1091,1090,-1,0,-1,674,673,-1,3,-8,3502,2481,3,1,0,1249,1250,1,0,-1,1236,1235,-1,0,-17
1787463877.963,D',0,1,-,119.0,3135,3133,-2,2,1,1091,1090,-1,0,-1,674,674,0,3,-7,2481,3501,-4,2,-2,1250,1250,0,0,-1,1235,1236,1,0,-16
1787463878.102,D,0,1,-,119.0,3135,3133,-2,2,1,1091,1090,-1,0,-1,674,673,-1,3,-8,3501,2481,4,1,0,1249,1250,1,0,-1,1236,1236,0,0,-16
1787463878.239,D',0,1,-,119.0,3135,3133,-2,2,1,1091,1090,-1,0,-1,674,673,-1,3,-8,2481,3501,-4,2,-2,1249,1250,1,0,-1,1235,1236,1,0,-16
1787463878.375,D,0,1,-,119.0,3135,3133,-2,2,1,1091,1090,-1,0,-1,674,673,-1,3,-8,3501,2481,4,1,0,1249,1250,1,0,-1,1236,1236,0,0,-16
1787463878.513,D',0,1,-,119.0,3135,3133,-2,2,1,1091,1091,0,0,0,674,674,0,3,-7,2481,3501,-4,2,-2,1249,1250,1,0,-1,1236,1236,0,0,-16
1787463878.651,D,0,1,-,119.0,3135,3133,-2,2,1,1091,1090,-1,0,-1,674,674,0,3,-7,3501,2481,4,1,0,1249,1250,1,0,-1,1236,1236,0,0,-16
1787463878.789,D',0,1,-,119.0,3135,3133,-2,2,1,1091,1090,-1,0,-1,674,673,-1,3,-8,2481,3501,-4,2,-2,1249,1250,1,0,-1,1235,1236,1,0,-16
1787463878.926,D,0,1,-,119.0,3135,3133,-2,2,1,1091,1090,-1,0,-1,674,673,-1,3,-8,3501,2481,4,1,0,1249,1250,1,0,-1,1235,1236,1,0,-16
1787463879.063,D',0,1,-,119.0,3136,3133,-3,2,1,1091,1090,-1,0,-1,674,674,0,3,-7,2481,3501,-4,2,-2,1249,1250,1,0,-1,1236,1236,0,0,-16
1787463879.201,D,0,1,-,119.0,3135,3133,-2,2,1,1091,1090,-1,0,-1,674,673,-1,3,-8,3502,2481,3,1,0,1250,1250,0,0,-1,1235,1236,1,0,-16
1787463879.338,D',0,1,-,119.0,3136,3133,-3,2,1,1091,1090,-1,0,-1,674,674,0,3,-7,2481,3501,-4,2,-2,1249,1250,1,0,-1,1236,1236,0,0,-16
1787463879.475,D,0,1,-,119.0,3135,3133,-2,2,1,1091,1090,-1,0,-1,674,674,0,3,-7,3502,2481,3,1,0,1250,1250,0,0,-1,1236,1236,0,0,-16
1787463879.613,D',0,1,-,119.0,3136,3133,-3,2,1,1091,1090,-1,0,-1,674,673,-1,3,-8,2481,3501,-4,2,-2,1249,1250,1,0,-1,1236,1236,0,0,-16
1787463879.750,D,0,1,-,119.0,3135,3133,-2,2,1,1091,1090,-1,0,-1,674,673,-1,3,-8,3501,2481,4,1,0,1249,1250,1,0,-1,1236,1236,0,0,-16
1787463879.889,D',0,1,-,119.0,3135,3133,-2,2,1,1091,1090,-1,0,-1,674,674,0,3,-7,2481,3501,-4,2,-2,1249,1250,1,0,-1,1236,1236,0,0,-16
1787463880.026,D,0,1,-,119.0,3135,3133,-2,2,1,1091,1090,-1,0,-1,674,674,0,3,-7,3502,2481,3,1,0,1249,1250,1,0,-1,1236,1236,0,0,-16
1787463880.163,D',0,1,-,119.0,3135,3133,-2,2,1,1091,1090,-1,0,-1,674,674,0,3,-7,2481,3501,-4,2,-2,1250,1250,0,0,-1,1235,1236,1,0,-16
1787463880.300,D,0,1,-,119.0,3135,3133,-2,2,1,1091,1090,-1,0,-1,674,674,0,3,-7,3502,2481,3,1,0,1249,1250,1,0,-1,1236,1236,0,0,-16
1787463880.438,D',0,1,-,119.0,3135,3133,-2,2,1,1091,1090,-1,0,-1,674,673,-1,3,-8,2481,3501,-4,2,-2,1249,1250,1,0,-1,1236,1236,0,0,-16
1787463880.576,D,0,1,-,119.0,3136,3133,-3,2,1,1091,1090,-1,0,-1,674,674,0,3,-7,3501,2481,4,1,0,1249,1250,1,0,-1,1236,1235,-1,0,-17
1787463880.714,D',0,1,-,119.0,3135,3133,-2,2,1,1091,1090,-1,0,-1,674,673,-1,3,-8,2481,3501,-4,2,-2,1249,1250,1,0,-1,1235,1236,1,0,-16
1787463880.851,D,0,1,-,119.0,3135,3133,-2,2,1,1091,1090,-1,0,-1,674,673,-1,3,-8,3501,2481,4,1,0,1249,1250,1,0,-1,1236,1236,0,0,-16
1787463880.988,D',0,1,-,119.0,3135,3133,-2,2,1,1091,1090,-1,0,-1,674,674,0,3,-7,2481,3501,-4,2,-2,1249,1250,1,0,-1,1236,1236,0,0,-16
1787463881.126,D,0,1,-,119.0,3135,3133,-2,2,1,1091,1090,-1,0,-1,674,673,-1,3,-8,3501,2481,4,1,0,1249,1250,1,0,-1,1235,1236,1,0,-16
1787463881.264,D',0,1,-,119.0,3135,3133,-2,2,1,1091,1090,-1,0,-1,674,674,0,3,-7,2481,3501,-4,2,-2,1249,1250,1,0,-1,1236,1236,0,0,-16
1787463881.401,D,0,1,-,119.0,3135,3133,-2,2,1,1091,1090,-1,0,-1,674,673,-1,3,-8,3502,2481,3,1,0,1250,1250,0,0,-1,1235,1236,1,0,-16
1787463881.538,D',0,1,-,119.0,3135,3133,-2,2,1,1091,1090,-1,0,-1,674,673,-1,3,-8,2481,3501,-4,2,-2,1249,1250,1,0,-1,1236,1236,0,0,-16
1787463881.675,D,0,1,-,119.0,3135,3133,-2,2,1,1091,1090,-1,0,-1,674,673,-1,3,-8,3501,2481,4,1,0,1249,1250,1,0,-1,1236,1236,0,0,-16
1787463881.813,D',0,1,-,119.0,3135,3133,-2,2,1,1091,1090,-1,0,-1,674,674,0,3,-7,2481,3501,-4,2,-2,1249,1250,1,0,-1,1236,1236,0,0,-16
1787463881.950,D,0,1,-,119.0,3135,3133,-2,2,1,1091,1090,-1,0,-1,674,673,-1,3,-8,3501,2481,4,1,0,1249,1249,0,0,-2,1236,1236,0,0,-16
1787463882.088,D',0,1,-,119.0,3135,3133,-2,2,1,1091,1090,-1,0,-1,674,673,-1,3,-8,2481,3501,-4,2,-2,1250,1250,0,0,-1,1236,1236,0,0,-16
1787463882.225,D,0,1,-,119.0,3135,3133,-2,2,1,1091,1090,-1,0,-1,674,673,-1,3,-8,3501,2481,4,1,0,1249,1250,1,0,-1,1235,1236,1,0,-16
1787463882.364,D',0,1,-,119.0,3135,3133,-2,2,1,1091,1091,0,0,0,674,673,-1,3,-8,2481,3501,-4,2,-2,1250,1250,0,0,-1,1236,1235,-1,0,-17
1787463882.501,D,0,1,-,119.0,3135,3133,-2,2,1,1091,1090,-1,0,-1,674,674,0,3,-7,3501,2481,4,1,0,1249,1250,1,0,-1,1235,1236,1,0,-16
1787463882.638,D',0,1,-,119.0,3135,3133,-2,2,1,1091,1090,-1,0,-1,674,673,-1,3,-8,2481,3501,-4,2,-2,1249,1250,1,0,-1,1235,1236,1,0,-16
1787463882.775,D,0,1,-,119.0,3135,3133,-2,2,1,1091,1090,-1,0,-1,674,673,-1,3,-8,3501,2481,4,1,0,1249,1250,1,0,-1,1235,1236,1,0,-16
1787463882.913,D',0,1,-,119.0,3135,3133,-2,2,1,1091,1090,-1,0,-1,674,674,0,3,-7,2481,3501,-4,2,-2,1249,1250,1,0,-1,1236,1236,0,0,-16
1787463883.050,D,0,1,-,119.0,3135,3133,-2,2,1,1091,1090,-1,0,-1,674,673,-1,3,-8,3501,2481,4,1,0,1249,1250,1,0,-1,1236,1236,0,0,-16
1787463883.188,D',0,1,-,119.0,3135,3133,-2,2,1,1091,1090,-1,0,-1,674,674,0,3,-7,2481,3501,-4,2,-2,1249,1250,1,0,-1,1235,1236,1,0,-16
1787463883.325,D,0,1,-,119.0,3135,3133,-2,2,1,1091,1090,-1,0,-1,674,673,-1,3,-8,3502,2481,3,1,0,1249,1249,0,0,-2,1236,1236,0,0,-16
1787463883.463,D',0,1,-,119.0,3135,3133,-2,2,1,1091,1090,-1,0,-1,674,673,-1,3,-8,2481,3501,-4,2,-2,1249,1250,1,0,-1,1235,1236,1,0,-16
1787463883.600,D,0,1,-,119.0,3135,3133,-2,2,1,1091,1090,-1,0,-1,674,673,-1,3,-8,3501,2481,4,1,0,1250,1250,0,0,-1,1236,1236,0,0,-16
1787463883.738,D',0,1,-,119.0,3135,3133,-2,2,1,1091,1090,-1,0,-1,674,674,0,3,-7,2481,3501,-4,2,-2,1249,1249,0,0,-2,1236,1236,0,0,-16
1787463883.876,D,0,1,-,119.0,3135,3134,-1,2,2,1091,1090,-1,0,-1,674,674,0,3,-7,3501,2481,4,1,0,1249,1250,1,0,-1,1236,1236,0,0,-16
1787463884.012,D',0,1,-,119.0,3135,3133,-2,2,1,1091,1090,-1,0,-1,674,673,-1,3,-8,2481,3501,-4,2,-2,1250,1250,0,0,-1,1236,1236,0,0,-16
1787463884.150,D,0,1,-,119.0,3135,3133,-2,2,1,1091,1090,-1,0,-1,674,674,0,3,-7,3501,2481,4,1,0,1249,1250,1,0,-1,1235,1236,1,0,-16
1787463884.289,D',0,1,-,119.0,3135,3133,-2,2,1,1091,1090,-1,0,-1,674,673,-1,3,-8,2481,3501,-4,2,-2,1250,1249,-1,0,-2,1236,1236,0,0,-16
1787463884.426,D,0,1,-,119.0,3135,3133,-2,2,1,1091,1090,-1,0,-1,674,673,-1,3,-8,3501,2481,4,1,0,1249,1250,1,0,-1,1235,1236,1,0,-16
1787463884.563,D',0,1,-,119.0,3135,3133,-2,2,1,1091,1090,-1,0,-1,674,673,-1,3,-8,2481,3501,-4,2,-2,1249,1250,1,0,-1,1235,1236,1,0,-16
1787463884.701,D,0,1,-,119.0,3135,3133,-2,2,1,1091,1090,-1,0,-1,674,674,0,3,-7,3501,2481,4,1,0,1249,1250,1,0,-1,1235,1236,1,0,-16
1787463884.838,D',0,1,-,119.0,3135,3133,-2,2,1,1091,1090,-1,0,-1,674,674,0,3,-7,2481,3501,-4,2,-2,1249,1250,1,0,-1,1236,1236,0,0,-16
1787463884.975,D,0,1,-,119.0,3135,3133,-2,2,1,1091,1090,-1,0,-1,674,673,-1,3,-8,3501,2481,4,1,0,1249,1250,1,0,-1,1236,1236,0,0,-16
1787463885.113,D',0,1,-,119.0,3135,3133,-2,2,1,1091,1090,-1,0,-1,674,674,0,3,-7,2481,3501,-4,2,-2,1249,1250,1,0,-1,1236,1236,0,0,-16
1787463885.251,D,0,1,-,119.0,3136,3133,-3,2,1,1091,1090,-1,0,-1,674,674,0,3,-7,3501,2481,4,1,0,1249,1250,1,0,-1,1236,1236,0,0,-16
1787463885.388,D',0,1,-,119.0,3135,3133,-2,2,1,1091,1090,-1,0,-1,674,673,-1,3,-8,2481,3501,-4,2,-2,1249,1250,1,0,-1,1235,1236,1,0,-16
1787463885.525,D,0,1,-,119.0,3135,3133,-2,2,1,1091,1090,-1,0,-1,674,673,-1,3,-8,3501,2481,4,1,0,1249,1250,1,0,-1,1235,1236,1,0,-16
1787463885.664,D',0,1,-,119.0,3135,3133,-2,2,1,1091,1090,-1,0,-1,674,673,-1,3,-8,2481,3501,-4,2,-2,1249,1250,1,0,-1,1235,1236,1,0,-16
1787463885.802,D,0,1,-,119.0,3136,3133,-3,2,1,1091,1090,-1,0,-1,674,674,0,3,-7,3502,2481,3,1,0,1249,1250,1,0,-1,1235,1236,1,0,-16
1787463885.938,D',0,1,-,119.0,3135,3133,-2,2,1,1091,1090,-1,0,-1,674,673,-1,3,-8,2481,3501,-4,2,-2,1249,1250,1,0,-1,1236,1236,0,0,-16
1787463886.075,D,0,1,-,119.0,3135,3133,-2,2,1,1091,1090,-1,0,-1,674,673,-1,3,-8,3502,2481,3,1,0,1250,1250,0,0,-1,1235,1236,1,0,-16
1787463886.214,D',0,1,-,119.0,3135,3133,-2,2,1,1091,1090,-1,0,-1,674,673,-1,3,-8,2481,3501,-4,2,-2,1249,1249,0,0,-2,1235,1236,1,0,-16
1787463886.350,D,0,1,-,119.0,3135,3133,-2,2,1,1091,1090,-1,0,-1,674,673,-1,3,-8,3501,2481,4,1,0,1249,1250,1,0,-1,1236,1236,0,0,-16
1787463886.488,D',0,1,-,119.0,3135,3133,-2,2,1,1091,1090,-1,0,-1,674,673,-1,3,-8,2481,3501,-4,2,-2,1249,1250,1,0,-1,1236,1236,0,0,-16
1787463886.626,D,0,1,-,119.0,3135,3133,-2,2,1,1091,1090,-1,0,-1,674,673,-1,3,-8,3501,2481,4,1,0,1249,1250,1,0,-1,1236,1236,0,0,-16
1787463886.763,D',0,1,-,119.0,3135,3133,-2,2,1,1091,1091,0,0,0,674,673,-1,3,-8,2481,3501,-4,2,-2,1249,1250,1,0,-1,1235,1236,1,0,-16
1787463886.902,D,0,1,-,119.0,3136,3133,-3,2,1,1091,1090,-1,0,-1,674,674,0,3,-7,3501,2481,4,1,0,1249,1249,0,0,-2,1236,1236,0,0,-16
1787463887.038,D',0,1,-,119.0,3135,3133,-2,2,1,1091,1091,0,0,0,674,673,-1,3,-8,2481,3501,-4,2,-2,1250,1249,-1,0,-2,1235,1236,1,0,-16
1787463887.175,D,0,1,-,119.0,3135,3133,-2,2,1,1091,1090,-1,0,-1,674,673,-1,3,-8,3502,2481,3,1,0,1249,1250,1,0,-1,1235,1236,1,0,-16
1787463887.313,D',0,1,-,119.0,3135,3133,-2,2,1,1091,1090,-1,0,-1,674,673,-1,3,-8,2481,3501,-4,2,-2,1249,1250,1,0,-1,1236,1236,0,0,-16
1787463887.450,D,0,1,-,119.0,3135,3133,-2,2,1,1091,1091,0,0,0,674,673,-1,3,-8,3501,2481,4,1,0,1249,1250,1,0,-1,1236,1236,0,0,-16
1787463887.589,D',0,1,-,119.0,3135,3133,-2,2,1,1091,1090,-1,0,-1,674,673,-1,3,-8,2481,3501,-4,2,-2,1249,1250,1,0,-1,1235,1236,1,0,-16
1787463887.725,D,0,1,-,119.0,3136,3133,-3,2,1,1091,1090,-1,0,-1,674,674,0,3,-7,3502,2481,3,1,0,1249,1250,1,0,-1,1236,1236,0,0,-16
1787463887.865,D',0,1,-,119.0,3135,3133,-2,2,1,1091,1090,-1,0,-1,674,673,-1,3,-8,2481,3501,-4,2,-2,1249,1250,1,0,-1,1236,1236,0,0,-16
1787463888.001,D,0,1,-,119.0,3135,3133,-2,2,1,1091,1090,-1,0,-1,674,674,0,3,-7,3501,2481,4,1,0,1250,1250,0,0,-1,1236,1236,0,0,-16
1787463888.138,D',0,1,-,119.0,3135,3133,-2,2,1,1091,1090,-1,0,-1,674,674,0,3,-7,2481,3501,-4,2,-2,1249,1250,1,0,-1,1236,1236,0,0,-16
1787463888.275,D,0,1,-,119.0,3135,3133,-2,2,1,1091,1090,-1,0,-1,674,673,-1,3,-8,3501,2481,4,1,0,1249,1250,1,0,-1,1236,1236,0,0,-16
1787463888.414,D',0,1,-,119.0,3135,3133,-2,2,1,1091,1090,-1,0,-1,674,673,-1,3,-8,2481,3501,-4,2,-2,1249,1250,1,0,-1,1236,1236,0,0,-16
1787463888.551,D,0,1,-,119.0,3135,3133,-2,2,1,1091,1090,-1,0,-1,674,674,0,3,-7,3501,2481,4,1,0,1249,1250,1,0,-1,1236,1236,0,0,-16
1787463888.688,D',0,1,-,119.0,3135,3133,-2,2,1,1091,1091,0,0,0,674,673,-1,3,-8,2481,3501,-4,2,-2,1249,1250,1,0,-1,1236,1236,0,0,-16
1787463888.825,D,0,1,-,119.0,3135,3133,-2,2,1,1091,1091,0,0,0,674,674,0,3,-7,3501,2481,4,1,0,1249,1250,1,0,-1,1236,1236,0,0,-16
1787463888.962,D',0,1,-,119.0,3135,3133,-2,2,1,1091,1090,-1,0,-1,674,673,-1,3,-8,2481,3501,-4,2,-2,1249,1249,0,0,-2,1236,1236,0,0,-16
1787463889.100,D,0,1,-,119.0,3135,3133,-2,2,1,1091,1090,-1,0,-1,674,673,-1,3,-8,3502,2481,3,1,0,1249,1250,1,0,-1,1235,1236,1,0,-16
1787463889.238,D',0,1,-,119.0,3136,3133,-3,2,1,1091,1090,-1,0,-1,674,673,-1,3,-8,2481,3501,-4,2,-2,1249,1250,1,0,-1,1236,1236,0,0,-16
1787463889.378,D,0,1,-,119.0,3135,3133,-2,2,1,1091,1091,0,0,0,674,673,-1,3,-8,3501,2481,4,1,0,1249,1250,1,0,-1,1235,1236,1,0,-16
1787463889.513,D',0,1,-,119.0,3136,3133,-3,2,1,1091,1090,-1,0,-1,674,673,-1,3,-8,2481,3501,-4,2,-2,1249,1250,1,0,-1,1235,1236,1,0,-16
1787463889.650,D,0,1,-,119.0,3135,3133,-2,2,1,1091,1090,-1,0,-1,674,673,-1,3,-8,3501,2481,4,1,0,1249,1250,1,0,-1,1235,1236,1,0,-16
1787463889.788,D',0,1,-,119.0,3135,3133,-2,2,1,1091,1090,-1,0,-1,674,673,-1,3,-8,2481,3501,-4,2,-2,1249,1250,1,0,-1,1235,1236,1,0,-16
1787463889.925,D,0,1,-,119.0,3135,3134,-1,2,2,1091,1090,-1,0,-1,674,673,-1,3,-8,3502,2480,2,1,-1,1249,1250,1,0,-1,1236,1236,0,0,-16
1787463890.063,D',0,1,-,119.0,3135,3133,-2,2,1,1091,1090,-1,0,-1,674,673,-1,3,-8,2481,3501,-4,2,-2,1249,1250,1,0,-1,1236,1236,0,0,-16
1787463890.200,D,0,1,-,119.0,3135,3133,-2,2,1,1091,1091,0,0,0,674,673,-1,3,-8,3502,2481,3,1,0,1249,1250,1,0,-1,1235,1236,1,0,-16
1787463890.338,D',0,1,-,119.0,3135,3133,-2,2,1,1091,1090,-1,0,-1,674,673,-1,3,-8,2481,3501,-4,2,-2,1249,1250,1,0,-1,1236,1236,0,0,-16
1787463890.474,D,0,1,-,119.0,3135,3133,-2,2,1,1091,1090,-1,0,-1,674,673,-1,3,-8,3501,2481,4,1,0,1249,1250,1,0,-1,1236,1236,0,0,-16
1787463890.612,D',0,1,-,119.0,3135,3133,-2,2,1,1091,1090,-1,0,-1,674,674,0,3,-7,2481,3501,-4,2,-2,1249,1250,1,0,-1,1235,1236,1,0,-16
1787463890.749,D,0,1,-,119.0,3135,3133,-2,2,1,1091,1090,-1,0,-1,674,674,0,3,-7,3502,2481,3,1,0,1249,1250,1,0,-1,1235,1235,0,0,-17
1787463890.888,D',0,1,-,119.0,3135,3133,-2,2,1,1091,1090,-1,0,-1,674,674,0,3,-7,2481,3501,-4,2,-2,1249,1249,0,0,-2,1235,1236,1,0,-16
1787463891.025,D,0,1,-,119.0,3135,3133,-2,2,1,1091,1091,0,0,0,674,673,-1,3,-8,3501,2481,4,1,0,1249,1250,1,0,-1,1235,1236,1,0,-16
1787463891.162,D',0,1,-,119.0,3135,3133,-2,2,1,1091,1090,-1,0,-1,674,674,0,3,-7,2481,3501,-4,2,-2,1249,1250,1,0,-1,1236,1236,0,0,-16
1787463891.300,D,0,1,-,119.0,3135,3133,-2,2,1,1091,1090,-1,0,-1,674,674,0,3,-7,3502,2481,3,1,0,1249,1250,1,0,-1,1236,1236,0,0,-16
1787463891.437,D',0,1,-,119.0,3135,3133,-2,2,1,1091,1090,-1,0,-1,674,673,-1,3,-8,2481,3501,-4,2,-2,1249,1250,1,0,-1,1236,1236,0,0,-16
1787463891.575,D,0,1,-,119.0,3135,3133,-2,2,1,1091,1090,-1,0,-1,674,673,-1,3,-8,3501,2481,4,1,0,1249,1250,1,0,-1,1235,1235,0,0,-17
1787463891.713,D',0,1,-,119.0,3135,3133,-2,2,1,1091,1090,-1,0,-1,674,673,-1,3,-8,2481,3501,-4,2,-2,1249,1250,1,0,-1,1236,1236,0,0,-16
1787463891.850,D,0,1,-,119.0,3135,3133,-2,2,1,1091,1090,-1,0,-1,674,674,0,3,-7,3501,2481,4,1,0,1250,1250,0,0,-1,1236,1236,0,0,-16
1787463891.987,D',0,1,-,119.0,3135,3133,-2,2,1,1091,1090,-1,0,-1,674,673,-1,3,-8,2481,3501,-4,2,-2,1249,1250,1,0,-1,1236,1236,0,0,-16
1787463892.125,D,0,1,-,119.0,3135,3133,-2,2,1,1091,1090,-1,0,-1,674,674,0,3,-7,3501,2481,4,1,0,1249,1250,1,0,-1,1236,1236,0,0,-16
1787463892.262,D',0,1,-,119.0,3135,3133,-2,2,1,1091,1091,0,0,0,674,673,-1,3,-8,2481,3501,-4,2,-2,1249,1249,0,0,-2,1236,1236,0,0,-16
1787463892.400,D,0,1,-,119.0,3135,3133,-2,2,1,1091,1090,-1,0,-1,674,673,-1,3,-8,3501,2481,4,1,0,1249,1250,1,0,-1,1236,1236,0,0,-16
1787463892.537,D',0,1,-,119.0,3135,3133,-2,2,1,1091,1090,-1,0,-1,674,673,-1,3,-8,2481,3501,-4,2,-2,1249,1250,1,0,-1,1235,1235,0,0,-17
1787463892.675,D,0,1,-,119.0,3135,3133,-2,2,1,1091,1090,-1,0,-1,674,673,-1,3,-8,3501,2481,4,1,0,1249,1250,1,0,-1,1235,1236,1,0,-16
1787463892.812,D',0,1,-,119.0,3135,3133,-2,2,1,1091,1090,-1,0,-1,674,674,0,3,-7,2481,3501,-4,2,-2,1249,1249,0,0,-2,1236,1236,0,0,-16
1787463892.949,D,0,1,-,119.0,3135,3133,-2,2,1,1091,1090,-1,0,-1,674,674,0,3,-7,3501,2481,4,1,0,1249,1250,1,0,-1,1235,1236,1,0,-16
1787463893.087,D',0,1,-,119.0,3135,3133,-2,2,1,1091,1090,-1,0,-1,674,673,-1,3,-8,2481,3501,-4,2,-2,1249,1250,1,0,-1,1236,1236,0,0,-16
1787463893.225,D,0,1,-,119.0,3135,3133,-2,2,1,1091,1090,-1,0,-1,674,673,-1,3,-8,3501,2481,4,1,0,1249,1250,1,0,-1,1236,1236,0,0,-16
1787463893.362,D',0,1,-,119.0,3135,3133,-2,2,1,1091,1090,-1,0,-1,674,673,-1,3,-8,2481,3501,-4,2,-2,1249,1249,0,0,-2,1236,1236,0,0,-16
1787463893.499,D,0,1,-,119.0,3135,3133,-2,2,1,1091,1090,-1,0,-1,674,673,-1,3,-8,3501,2481,4,1,0,1249,1249,0,0,-2,1235,1236,1,0,-16
1787463893.637,D',0,1,-,119.0,3135,3133,-2,2,1,1091,1090,-1,0,-1,674,673,-1,3,-8,2481,3501,-4,2,-2,1249,1250,1,0,-1,1236,1236,0,0,-16
1787463893.775,D,0,1,-,119.0,3135,3133,-2,2,1,1091,1090,-1,0,-1,674,673,-1,3,-8,3501,2481,4,1,0,1249,1250,1,0,-1,1236,1235,-1,0,-17
1787463893.912,D',0,1,-,119.0,3135,3133,-2,2,1,1091,1090,-1,0,-1,674,673,-1,3,-8,2481,3501,-4,2,-2,1249,1250,1,0,-1,1236,1235,-1,0,-17
1787463894.049,D,0,1,-,119.0,3135,3133,-2,2,1,1091,1090,-1,0,-1,674,673,-1,3,-8,3501,2481,4,1,0,1249,1250,1,0,-1,1235,1236,1,0,-16
1787463894.187,D',0,1,-,119.0,3135,3133,-2,2,1,1091,1090,-1,0,-1,674,674,0,3,-7,2481,3501,-4,2,-2,1249,1250,1,0,-1,1235,1236,1,0,-16
1787463894.348,D,0,1,-,119.0,3135,3133,-2,2,1,1091,1090,-1,0,-1,674,673,-1,3,-8,3500,2481,5,1,0,1249,1250,1,0,-1,1235,1236,1,0,-16
1787463894.485,D,0,1,-,119.0,3135,3133,-2,2,1,1091,1090,-1,0,-1,674,673,-1,3,-8,2481,1461,4,0,0,1249,1250,1,0,-1,1236,1236,0,0,-16
1787463894.624,D,0,1,-,119.0,3135,3133,-2,2,1,1091,1091,0,0,0,674,673,-1,3,-8,1461,439,2,3,0,1249,1250,1,0,-1,1236,1236,0,0,-16
1787463894.763,D,0,1,-,119.0,3135,3133,-2,2,1,1091,1090,-1,0,-1,674,673,-1,3,-8,439,3501,-10,2,-2,1249,1249,0,0,-2,1236,1235,-1,0,-17
1787463894.898,D,0,1,-,119.0,3135,3133,-2,2,1,1091,1090,-1,0,-1,674,673,-1,3,-8,3501,2481,4,1,0,1249,1250,1,0,-1,1236,1236,0,0,-16
1787463895.035,D,0,1,-,119.0,3135,3133,-2,2,1,1091,1090,-1,0,-1,674,673,-1,3,-8,2481,1461,4,0,0,1249,1250,1,0,-1,1236,1236,0,0,-16
1787463895.173,D,0,1,-,119.0,3135,3133,-2,2,1,1091,1090,-1,0,-1,674,673,-1,3,-8,1461,439,2,3,0,1249,1250,1,0,-1,1236,1236,0,0,-16
1787463895.311,D,0,1,-,119.0,3135,3133,-2,2,1,1091,1091,0,0,0,674,673,-1,3,-8,440,3501,-11,2,-2,1249,1250,1,0,-1,1236,1235,-1,0,-17
1787463895.448,D,0,1,-,119.0,3135,3133,-2,2,1,1091,1090,-1,0,-1,674,674,0,3,-7,3501,2481,4,1,0,1249,1250,1,0,-1,1236,1235,-1,0,-17
1787463895.587,D,0,1,-,119.0,3135,3133,-2,2,1,1091,1090,-1,0,-1,674,673,-1,3,-8,2481,1461,4,0,0,1249,1250,1,0,-1,1236,1236,0,0,-16
1787463895.723,D,0,1,-,119.0,3135,3133,-2,2,1,1091,1091,0,0,0,674,673,-1,3,-8,1461,439,2,3,0,1249,1250,1,0,-1,1235,1236,1,0,-16
1787463895.860,D,0,1,-,119.0,3135,3133,-2,2,1,1091,1090,-1,0,-1,674,673,-1,3,-8,440,3501,-11,2,-2,1249,1250,1,0,-1,1235,1236,1,0,-16
1787463895.998,D,0,1,-,119.0,3135,3133,-2,2,1,1091,1090,-1,0,-1,674,673,-1,3,-8,3501,2481,4,1,0,1249,1250,1,0,-1,1236,1235,-1,0,-17
1787463896.135,D,0,1,-,119.0,3135,3133,-2,2,1,1091,1090,-1,0,-1,674,673,-1,3,-8,2481,1461,4,0,0,1249,1250,1,0,-1,1236,1236,0,0,-16
1787463896.273,D,0,1,-,119.0,3135,3133,-2,2,1,1091,1090,-1,0,-1,674,673,-1,3,-8,1462,439,1,3,0,1249,1250,1,0,-1,1235,1236,1,0,-16
1787463896.410,D,0,1,-,119.0,3135,3133,-2,2,1,1091,1090,-1,0,-1,674,673,-1,3,-8,440,3501,-11,2,-2,1249,1250,1,0,-1,1236,1236,0,0,-16
1787463896.550,D,0,1,-,119.0,3135,3133,-2,2,1,1091,1090,-1,0,-1,674,674,0,3,-7,3501,2481,4,1,0,1249,1249,0,0,-2,1235,1236,1,0,-16
1787463896.684,D,0,1,-,119.0,3135,3133,-2,2,1,1091,1090,-1,0,-1,674,673,-1,3,-8,2481,1461,4,0,0,1249,1250,1,0,-1,1235,1236,1,0,-16
1787463896.823,D,0,1,-,119.0,3135,3133,-2,2,1,1091,1090,-1,0,-1,674,674,0,3,-7,1461,439,2,3,0,1249,1250,1,0,-1,1235,1236,1,0,-16
1787463896.962,D,0,1,-,119.0,3135,3133,-2,2,1,1091,1090,-1,0,-1,674,674,0,3,-7,439,3501,-10,2,-2,1249,1250,1,0,-1,1236,1235,-1,0,-17
1787463897.098,D,0,1,-,119.0,3135,3133,-2,2,1,1091,1090,-1,0,-1,674,673,-1,3,-8,3501,2481,4,1,0,1249,1250,1,0,-1,1236,1236,0,0,-16
1787463897.237,D,0,1,-,119.0,3135,3133,-2,2,1,1091,1090,-1,0,-1,674,673,-1,3,-8,2481,1461,4,0,0,1249,1250,1,0,-1,1235,1236,1,0,-16
1787463897.373,D,0,1,-,119.0,3135,3133,-2,2,1,1091,1090,-1,0,-1,674,673,-1,3,-8,1461,439,2,3,0,1249,1250,1,0,-1,1236,1236,0,0,-16
1787463897.509,D,0,1,-,119.0,3135,3133,-2,2,1,1091,1090,-1,0,-1,674,674,0,3,-7,440,3501,-11,2,-2,1249,1250,1,0,-1,1236,1236,0,0,-16
1787463897.647,D,0,1,-,119.0,3135,3133,-2,2,1,1091,1090,-1,0,-1,674,673,-1,3,-8,3501,2481,4,1,0,1249,1250,1,0,-1,1236,1236,0,0,-16
1787463897.786,D,0,1,-,119.0,3135,3133,-2,2,1,1091,1090,-1,0,-1,674,673,-1,3,-8,2481,1461,4,0,0,1249,1250,1,0,-1,1235,1236,1,0,-16
1787463897.922,D,0,1,-,119.0,3135,3133,-2,2,1,1091,1091,0,0,0,674,673,-1,3,-8,1461,439,2,3,0,1249,1250,1,0,-1,1236,1236,0,0,-16
1787463898.062,D,0,1,-,119.0,3136,3133,-3,2,1,1091,1090,-1,0,-1,674,673,-1,3,-8,440,3501,-11,2,-2,1250,1250,0,0,-1,1235,1236,1,0,-16
1787463898.198,D,0,1,-,119.0,3135,3133,-2,2,1,1091,1090,-1,0,-1,674,674,0,3,-7,3501,2481,4,1,0,1250,1250,0,0,-1,1235,1236,1,0,-16
1787463898.335,D,0,1,-,119.0,3135,3133,-2,2,1,1091,1090,-1,0,-1,674,674,0,3,-7,2481,1461,4,0,0,1249,1250,1,0,-1,1236,1236,0,0,-16
1787463898.473,D,0,1,-,119.0,3135,3133,-2,2,1,1091,1090,-1,0,-1,674,673,-1,3,-8,1461,439,2,3,0,1249,1249,0,0,-2,1236,1236,0,0,-16
1787463898.612,D,0,1,-,119.0,3135,3133,-2,2,1,1091,1090,-1,0,-1,674,674,0,3,-7,439,3501,-10,2,-2,1249,1249,0,0,-2,1236,1236,0,0,-16
1787463898.748,D,0,1,-,119.0,3135,3133,-2,2,1,1091,1090,-1,0,-1,674,674,0,3,-7,3501,2481,4,1,0,1250,1250,0,0,-1,1236,1236,0,0,-16
1787463898.885,D,0,1,-,119.0,3135,3133,-2,2,1,1091,1090,-1,0,-1,674,673,-1,3,-8,2481,1461,4,0,0,1249,1250,1,0,-1,1236,1235,-1,0,-17
1787463899.023,D,0,1,-,119.0,3135,3133,-2,2,1,1091,1091,0,0,0,674,673,-1,3,-8,1462,439,1,3,0,1249,1250,1,0,-1,1235,1236,1,0,-16
1787463899.160,D,0,1,-,119.0,3135,3133,-2,2,1,1091,1090,-1,0,-1,674,673,-1,3,-8,440,3501,-11,2,-2,1249,1250,1,0,-1,1235,1236,1,0,-16
1787463899.298,D,0,1,-,119.0,3135,3133,-2,2,1,1091,1090,-1,0,-1,674,673,-1,3,-8,3501,2481,4,1,0,1249,1250,1,0,-1,1236,1236,0,0,-16
1787463899.435,D,0,1,-,119.0,3135,3133,-2,2,1,1091,1090,-1,0,-1,674,673,-1,3,-8,2481,1461,4,0,0,1249,1250,1,0,-1,1236,1235,-1,0,-17
1787463899.572,D,0,1,-,119.0,3135,3133,-2,2,1,1091,1091,0,0,0,674,673,-1,3,-8,1462,439,1,3,0,1250,1250,0,0,-1,1236,1236,0,0,-16
1787463899.711,D,0,1,-,119.0,3135,3133,-2,2,1,1091,1090,-1,0,-1,674,674,0,3,-7,439,3501,-10,2,-2,1249,1250,1,0,-1,1236,1236,0,0,-16
1787463899.848,D,0,1,-,119.0,3135,3133,-2,2,1,1091,1090,-1,0,-1,674,674,0,3,-7,3501,2481,4,1,0,1249,1250,1,0,-1,1235,1236,1,0,-16
1787463899.985,D,0,1,-,119.0,3135,3133,-2,2,1,1091,1090,-1,0,-1,674,674,0,3,-7,2481,1461,4,0,0,1249,1250,1,0,-1,1236,1236,0,0,-16
1787463900.124,D,0,1,-,119.0,3135,3133,-2,2,1,1091,1090,-1,0,-1,674,673,-1,3,-8,1461,439,2,3,0,1249,1249,0,0,-2,1236,1236,0,0,-16
1787463900.261,D,0,1,-,119.0,3135,3133,-2,2,1,1091,1090,-1,0,-1,674,673,-1,3,-8,439,3501,-10,2,-2,1249,1250,1,0,-1,1236,1236,0,0,-16
1787463900.398,D,0,1,-,119.0,3135,3133,-2,2,1,1091,1090,-1,0,-1,674,673,-1,3,-8,3501,2481,4,1,0,1249,1250,1,0,-1,1236,1235,-1,0,-17
1787463900.535,D,0,1,-,119.0,3135,3133,-2,2,1,1091,1090,-1,0,-1,674,673,-1,3,-8,2481,1461,4,0,0,1249,1250,1,0,-1,1235,1236,1,0,-16
1787463900.672,D,0,1,-,119.0,3135,3133,-2,2,1,1091,1090,-1,0,-1,674,673,-1,3,-8,1461,439,2,3,0,1249,1250,1,0,-1,1235,1236,1,0,-16
1787463900.810,D,0,1,-,119.0,3136,3133,-3,2,1,1091,1090,-1,0,-1,674,674,0,3,-7,439,3501,-10,2,-2,1249,1250,1,0,-1,1236,1236,0,0,-16
1787463900.947,D,0,1,-,119.0,3135,3133,-2,2,1,1091,1090,-1,0,-1,674,673,-1,3,-8,3501,2481,4,1,0,1249,1250,1,0,-1,1236,1236,0,0,-16
1787463901.086,D,0,1,-,119.0,3135,3133,-2,2,1,1091,1091,0,0,0,674,673,-1,3,-8,2481,1461,4,0,0,1249,1250,1,0,-1,1236,1236,0,0,-16
1787463901.223,D,0,1,-,119.0,3135,3133,-2,2,1,1091,1090,-1,0,-1,674,673,-1,3,-8,1462,439,1,3,0,1249,1250,1,0,-1,1236,1236,0,0,-16
1787463901.360,D,0,1,-,119.0,3135,3133,-2,2,1,1091,1090,-1,0,-1,674,673,-1,3,-8,439,3501,-10,2,-2,1249,1250,1,0,-1,1236,1236,0,0,-16
1787463901.497,D,0,1,-,119.0,3135,3133,-2,2,1,1091,1090,-1,0,-1,674,673,-1,3,-8,3501,2481,4,1,0,1249,1250,1,0,-1,1235,1236,1,0,-16
1787463901.635,D,0,1,-,119.0,3135,3133,-2,2,1,1091,1090,-1,0,-1,674,673,-1,3,-8,2481,1461,4,0,0,1249,1250,1,0,-1,1235,1236,1,0,-16
1787463901.773,D,0,1,-,119.0,3135,3133,-2,2,1,1091,1090,-1,0,-1,674,674,0,3,-7,1461,439,2,3,0,1249,1250,1,0,-1,1236,1236,0,0,-16
1787463901.910,D,0,1,-,119.0,3135,3133,-2,2,1,1091,1090,-1,0,-1,674,674,0,3,-7,439,3501,-10,2,-2,1249,1249,0,0,-2,1235,1236,1,0,-16
1787463902.047,D,0,1,-,119.0,3135,3133,-2,2,1,1091,1090,-1,0,-1,674,674,0,3,-7,3501,2481,4,1,0,1249,1249,0,0,-2,1235,1236,1,0,-16
1787463902.185,D,0,1,-,119.0,3135,3133,-2,2,1,1091,1090,-1,0,-1,674,673,-1,3,-8,2481,1461,4,0,0,1249,1249,0,0,-2,1236,1235,-1,0,-17
1787463902.322,D,0,1,-,119.0,3135,3133,-2,2,1,1091,1091,0,0,0,674,673,-1,3,-8,1461,439,2,3,0,1249,1250,1,0,-1,1235,1236,1,0,-16
1787463902.461,D,0,1,-,119.0,3136,3133,-3,2,1,1091,1090,-1,0,-1,674,673,-1,3,-8,440,3501,-11,2,-2,1249,1249,0,0,-2,1236,1236,0,0,-16
1787463902.597,D,0,1,-,119.0,3135,3133,-2,2,1,1091,1090,-1,0,-1,674,673,-1,3,-8,3502,2481,3,1,0,1249,1250,1,0,-1,1236,1236,0,0,-16
1787463902.735,D,0,1,-,119.0,3135,3133,-2,2,1,1091,1090,-1,0,-1,674,674,0,3,-7,2481,1461,4,0,0,1249,1250,1,0,-1,1235,1236,1,0,-16
1787463902.872,D,0,1,-,119.0,3135,3133,-2,2,1,1091,1091,0,0,0,674,674,0,3,-7,1461,440,3,3,1,1249,1250,1,0,-1,1235,1236,1,0,-16
1787463903.010,D,0,1,-,119.0,3135,3133,-2,2,1,1091,1090,-1,0,-1,674,673,-1,3,-8,440,3501,-11,2,-2,1249,1250,1,0,-1,1236,1236,0,0,-16
1787463903.147,D,0,1,-,119.0,3135,3133,-2,2,1,1091,1091,0,0,0,674,673,-1,3,-8,3501,2481,4,1,0,1249,1249,0,0,-2,1235,1236,1,0,-16
1787463903.285,D,0,1,-,119.0,3135,3133,-2,2,1,1091,1090,-1,0,-1,674,673,-1,3,-8,2481,1461,4,0,0,1249,1249,0,0,-2,1236,1236,0,0,-16
1787463903.422,D,0,1,-,119.0,3136,3133,-3,2,1,1091,1090,-1,0,-1,674,674,0,3,-7,1461,439,2,3,0,1249,1250,1,0,-1,1236,1236,0,0,-16
1787463903.560,D,0,1,-,119.0,3135,3133,-2,2,1,1091,1090,-1,0,-1,674,674,0,3,-7,440,3501,-11,2,-2,1249,1250,1,0,-1,1236,1236,0,0,-16
1787463903.698,D,0,1,-,119.0,3135,3133,-2,2,1,1091,1090,-1,0,-1,674,674,0,3,-7,3501,2481,4,1,0,1249,1250,1,0,-1,1235,1236,1,0,-16
1787463903.835,D,0,1,-,119.0,3135,3133,-2,2,1,1091,1090,-1,0,-1,674,673,-1,3,-8,2481,1461,4,0,0,1249,1250,1,0,-1,1236,1235,-1,0,-17
1787463903.972,D,0,1,-,119.0,3135,3133,-2,2,1,1091,1090,-1,0,-1,674,673,-1,3,-8,1462,439,1,3,0,1249,1249,0,0,-2,1235,1236,1,0,-16
1787463904.111,D,0,1,-,119.0,3135,3133,-2,2,1,1091,1090,-1,0,-1,674,673,-1,3,-8,439,3501,-10,2,-2,1249,1250,1,0,-1,1236,1236,0,0,-16
1787463904.248,D,0,1,-,119.0,3135,3133,-2,2,1,1091,1090,-1,0,-1,674,673,-1,3,-8,3501,2481,4,1,0,1250,1250,0,0,-1,1236,1236,0,0,-16
1787463904.384,D,0,1,-,119.0,3135,3133,-2,2,1,1091,1090,-1,0,-1,674,673,-1,3,-8,2481,1461,4,0,0,1249,1250,1,0,-1,1236,1236,0,0,-16
1787463904.522,D,0,1,-,119.0,3135,3133,-2,2,1,1091,1091,0,0,0,674,673,-1,3,-8,1462,439,1,3,0,1250,1250,0,0,-1,1235,1236,1,0,-16
1787463904.661,D,0,1,-,119.0,3135,3133,-2,2,1,1091,1090,-1,0,-1,674,673,-1,3,-8,440,3501,-11,2,-2,1249,1250,1,0,-1,1236,1236,0,0,-16
1787463904.797,D,0,1,-,119.0,3135,3133,-2,2,1,1091,1090,-1,0,-1,674,673,-1,3,-8,3501,2481,4,1,0,1249,1250,1,0,-1,1236,1236,0,0,-16
1787463904.935,D,0,1,-,119.0,3135,3133,-2,2,1,1091,1090,-1,0,-1,674,673,-1,3,-8,2481,1461,4,0,0,1250,1250,0,0,-1,1236,1236,0,0,-16
1787463905.074,D,0,1,-,119.0,3135,3133,-2,2,1,1091,1090,-1,0,-1,674,673,-1,3,-8,1462,439,1,3,0,1249,1250,1,0,-1,1236,1236,0,0,-16
1787463905.211,D,0,1,-,119.0,3135,3133,-2,2,1,1091,1090,-1,0,-1,674,673,-1,3,-8,440,3501,-11,2,-2,1249,1250,1,0,-1,1236,1236,0,0,-16
1787463905.347,D,0,1,-,119.0,3135,3133,-2,2,1,1091,1090,-1,0,-1,674,674,0,3,-7,3501,2481,4,1,0,1249,1250,1,0,-1,1236,1236,0,0,-16
1787463905.485,D,0,1,-,119.0,3135,3133,-2,2,1,1091,1090,-1,0,-1,674,673,-1,3,-8,2481,1461,4,0,0,1249,1250,1,0,-1,1235,1236,1,0,-16
1787463905.622,D,0,1,-,119.0,3135,3133,-2,2,1,1091,1090,-1,0,-1,674,674,0,3,-7,1462,439,1,3,0,1249,1250,1,0,-1,1236,1236,0,0,-16
1787463905.759,D,0,1,-,119.0,3135,3133,-2,2,1,1091,1090,-1,0,-1,674,673,-1,3,-8,440,3501,-11,2,-2,1249,1250,1,0,-1,1235,1236,1,0,-16
1787463905.897,D,0,1,-,119.0,3135,3133,-2,2,1,1091,1090,-1,0,-1,674,674,0,3,-7,3501,2481,4,1,0,1249,1250,1,0,-1,1236,1236,0,0,-16
1787463906.035,D,0,1,-,119.0,3135,3133,-2,2,1,1091,1090,-1,0,-1,674,673,-1,3,-8,2481,1461,4,0,0,1249,1250,1,0,-1,1235,1236,1,0,-16
1787463906.172,D,0,1,-,119.0,3135,3133,-2,2,1,1091,1090,-1,0,-1,674,673,-1,3,-8,1461,439,2,3,0,1249,1250,1,0,-1,1236,1235,-1,0,-17
1787463906.309,D,0,1,-,119.0,3135,3133,-2,2,1,1091,1090,-1,0,-1,674,674,0,3,-7,440,3501,-11,2,-2,1249,1249,0,0,-2,1235,1236,1,0,-16
1787463906.449,D,0,1,-,119.0,3135,3133,-2,2,1,1091,1090,-1,0,-1,674,673,-1,3,-8,3501,2481,4,1,0,1249,1250,1,0,-1,1235,1236,1,0,-16
1787463906.586,D,0,1,-,119.0,3136,3133,-3,2,1,1091,1090,-1,0,-1,674,673,-1,3,-8,2481,1461,4,0,0,1249,1250,1,0,-1,1235,1236,1,0,-16
1787463906.722,D,0,1,-,119.0,3135,3133,-2,2,1,1091,1090,-1,0,-1,674,673,-1,3,-8,1461,439,2,3,0,1250,1249,-1,0,-2,1235,1236,1,0,-16
1787463906.860,D,0,1,-,119.0,3135,3133,-2,2,1,1091,1090,-1,0,-1,674,673,-1,3,-8,439,3501,-10,2,-2,1249,1249,0,0,-2,1236,1236,0,0,-16
1787463906.997,D,0,1,-,119.0,3135,3133,-2,2,1,1091,1090,-1,0,-1,674,673,-1,3,-8,3501,2481,4,1,0,1249,1249,0,0,-2,1235,1236,1,0,-16
1787463907.136,D,0,1,-,119.0,3135,3133,-2,2,1,1091,1090,-1,0,-1,674,674,0,3,-7,2481,1461,4,0,0,1249,1250,1,0,-1,1235,1236,1,0,-16
1787463907.272,D,0,1,-,119.0,3135,3133,-2,2,1,1091,1090,-1,0,-1,674,673,-1,3,-8,1462,439,1,3,0,1249,1250,1,0,-1,1235,1236,1,0,-16
1787463907.409,D,0,1,-,119.0,3136,3133,-3,2,1,1091,1090,-1,0,-1,674,673,-1,3,-8,439,3501,-10,2,-2,1249,1250,1,0,-1,1236,1236,0,0,-16
1787463907.547,D,0,1,-,119.0,3135,3133,-2,2,1,1091,1090,-1,0,-1,674,673,-1,3,-8,3501,2481,4,1,0,1249,1250,1,0,-1,1236,1235,-1,0,-17
1787463907.685,D,0,1,-,119.0,3135,3133,-2,2,1,1091,1090,-1,0,-1,674,673,-1,3,-8,2481,1461,4,0,0,1249,1250,1,0,-1,1235,1236,1,0,-16
1787463907.821,D,0,1,-,119.0,3135,3133,-2,2,1,1091,1090,-1,0,-1,674,673,-1,3,-8,1461,439,2,3,0,1249,1250,1,0,-1,1235,1236,1,0,-16
1787463907.959,D,0,1,-,119.0,3135,3133,-2,2,1,1091,1090,-1,0,-1,674,673,-1,3,-8,439,3501,-10,2,-2,1249,1250,1,0,-1,1236,1236,0,0,-16
1787463908.097,D,0,1,-,119.0,3135,3133,-2,2,1,1091,1090,-1,0,-1,674,673,-1,3,-8,3501,2481,4,1,0,1249,1250,1,0,-1,1235,1236,1,0,-16
1787463908.236,D,0,1,-,119.0,3135,3133,-2,2,1,1091,1090,-1,0,-1,674,673,-1,3,-8,2481,1461,4,0,0,1249,1250,1,0,-1,1236,1236,0,0,-16
1787463908.372,D,0,1,-,119.0,3135,3133,-2,2,1,1091,1090,-1,0,-1,674,673,-1,3,-8,1462,439,1,3,0,1249,1249,0,0,-2,1236,1236,0,0,-16
1787463908.508,D,0,1,-,119.0,3135,3133,-2,2,1,1091,1090,-1,0,-1,674,673,-1,3,-8,439,3501,-10,2,-2,1249,1250,1,0,-1,1236,1235,-1,0,-17
1787463908.649,D,0,1,-,119.0,3135,3133,-2,2,1,1091,1090,-1,0,-1,674,674,0,3,-7,3501,2481,4,1,0,1249,1250,1,0,-1,1235,1236,1,0,-16
1787463908.784,D,0,1,-,119.0,3135,3133,-2,2,1,1091,1090,-1,0,-1,674,673,-1,3,-8,2481,1461,4,0,0,1250,1249,-1,0,-2,1235,1236,1,0,-16
1787463908.922,D,0,1,-,119.0,3135,3133,-2,2,1,1091,1090,-1,0,-1,674,673,-1,3,-8,1462,439,1,3,0,1249,1249,0,0,-2,1236,1235,-1,0,-17
1787463909.059,D,0,1,-,119.0,3135,3133,-2,2,1,1091,1090,-1,0,-1,674,673,-1,3,-8,440,3501,-11,2,-2,1249,1250,1,0,-1,1236,1235,-1,0,-17
1787463909.197,D,0,1,-,119.0,3136,3133,-3,2,1,1091,1090,-1,0,-1,674,673,-1,3,-8,3501,2481,4,1,0,1249,1250,1,0,-1,1236,1236,0,0,-16
1787463909.335,D,0,1,-,119.0,3135,3133,-2,2,1,1091,1090,-1,0,-1,674,673,-1,3,-8,2481,1461,4,0,0,1249,1250,1,0,-1,1236,1236,0,0,-16
1787463909.472,D,0,1,-,119.0,3135,3133,-2,2,1,1091,1090,-1,0,-1,674,674,0,3,-7,1461,439,2,3,0,1249,1250,1,0,-1,1236,1236,0,0,-16
1787463909.609,D,0,1,-,119.0,3135,3133,-2,2,1,1091,1090,-1,0,-1,674,674,0,3,-7,439,3501,-10,2,-2,1250,1250,0,0,-1,1236,1236,0,0,-16
1787463909.748,D,0,1,-,119.0,3135,3133,-2,2,1,1091,1091,0,0,0,674,673,-1,3,-8,3501,2481,4,1,0,1249,1249,0,0,-2,1235,1236,1,0,-16
1787463909.885,D,0,1,-,119.0,3135,3133,-2,2,1,1091,1091,0,0,0,674,673,-1,3,-8,2481,1461,4,0,0,1249,1250,1,0,-1,1236,1236,0,0,-16
1787463910.024,D,0,1,-,119.0,3135,3133,-2,2,1,1091,1090,-1,0,-1,674,674,0,3,-7,1461,439,2,3,0,1249,1250,1,0,-1,1236,1236,0,0,-16
1787463910.161,D,0,1,-,119.0,3135,3133,-2,2,1,1091,1090,-1,0,-1,674,674,0,3,-7,440,3501,-11,2,-2,1249,1250,1,0,-1,1235,1236,1,0,-16
1787463910.296,D,0,1,-,119.0,3135,3133,-2,2,1,1091,1090,-1,0,-1,674,673,-1,3,-8,3501,2481,4,1,0,1249,1250,1,0,-1,1236,1236,0,0,-16
1787463910.434,D,0,1,-,119.0,3135,3132,-3,2,0,1091,1090,-1,0,-1,674,674,0,3,-7,2481,1461,4,0,0,1250,1250,0,0,-1,1235,1236,1,0,-16
1787463910.571,D,0,1,-,119.0,3135,3133,-2,2,1,1091,1090,-1,0,-1,674,673,-1,3,-8,1462,439,1,3,0,1249,1250,1,0,-1,1236,1236,0,0,-16
1787463910.709,D,0,1,-,119.0,3135,3133,-2,2,1,1091,1090,-1,0,-1,674,673,-1,3,-8,439,3501,-10,2,-2,1249,1250,1,0,-1,1236,1236,0,0,-16
1787463910.846,D,0,1,-,119.0,3135,3133,-2,2,1,1091,1090,-1,0,-1,674,673,-1,3,-8,3501,2481,4,1,0,1249,1250,1,0,-1,1236,1236,0,0,-16
1787463910.984,D,0,1,-,119.0,3135,3133,-2,2,1,1091,1090,-1,0,-1,674,674,0,3,-7,2481,1461,4,0,0,1249,1250,1,0,-1,1236,1236,0,0,-16
1787463911.122,D,0,1,-,119.0,3135,3133,-2,2,1,1091,1090,-1,0,-1,674,674,0,3,-7,1461,439,2,3,0,1249,1250,1,0,-1,1236,1236,0,0,-16
1787463911.261,D,0,1,-,119.0,3135,3133,-2,2,1,1091,1090,-1,0,-1,674,674,0,3,-7,439,3501,-10,2,-2,1249,1250,1,0,-1,1236,1235,-1,0,-17
1787463911.397,D,0,1,-,119.0,3135,3133,-2,2,1,1091,1090,-1,0,-1,674,674,0,3,-7,3501,2481,4,1,0,1249,1250,1,0,-1,1236,1236,0,0,-16
1787463911.535,D,0,1,-,119.0,3135,3133,-2,2,1,1091,1090,-1,0,-1,674,674,0,3,-7,2481,1461,4,0,0,1249,1250,1,0,-1,1236,1236,0,0,-16
1787463911.672,D,0,1,-,119.0,3135,3133,-2,2,1,1091,1090,-1,0,-1,674,674,0,3,-7,1461,439,2,3,0,1249,1250,1,0,-1,1235,1236,1,0,-16
1787463911.809,D,0,1,-,119.0,3135,3134,-1,2,2,1091,1090,-1,0,-1,674,673,-1,3,-8,439,3501,-10,2,-2,1249,1250,1,0,-1,1235,1236,1,0,-16
1787463911.947,D,0,1,-,119.0,3135,3133,-2,2,1,1091,1090,-1,0,-1,674,673,-1,3,-8,3501,2481,4,1,0,1249,1249,0,0,-2,1236,1236,0,0,-16
1787463912.086,D,0,1,-,119.0,3135,3133,-2,2,1,1091,1090,-1,0,-1,674,673,-1,3,-8,2481,1461,4,0,0,1249,1249,0,0,-2,1236,1236,0,0,-16
1787463912.221,D,0,1,-,119.0,3135,3133,-2,2,1,1091,1090,-1,0,-1,674,673,-1,3,-8,1462,439,1,3,0,1249,1250,1,0,-1,1236,1236,0,0,-16
1787463912.360,D,0,1,-,119.0,3136,3133,-3,2,1,1091,1090,-1,0,-1,674,673,-1,3,-8,439,3501,-10,2,-2,1249,1250,1,0,-1,1236,1236,0,0,-16
1787463912.496,D,0,1,-,119.0,3135,3133,-2,2,1,1091,1091,0,0,0,674,673,-1,3,-8,3501,2481,4,1,0,1249,1250,1,0,-1,1236,1236,0,0,-16
1787463912.635,D,0,1,-,119.0,3136,3133,-3,2,1,1091,1091,0,0,0,674,673,-1,3,-8,2481,1461,4,0,0,1249,1250,1,0,-1,1236,1236,0,0,-16
1787463912.772,D,0,1,-,119.0,3135,3133,-2,2,1,1091,1090,-1,0,-1,674,673,-1,3,-8,1462,439,1,3,0,1249,1250,1,0,-1,1235,1235,0,0,-17
1787463912.910,D,0,1,-,119.0,3135,3133,-2,2,1,1091,1090,-1,0,-1,674,674,0,3,-7,439,3501,-10,2,-2,1249,1250,1,0,-1,1236,1236,0,0,-16
1787463913.047,D,0,1,-,119.0,3135,3133,-2,2,1,1091,1091,0,0,0,674,674,0,3,-7,3501,2481,4,1,0,1249,1249,0,0,-2,1236,1236,0,0,-16
1787463913.184,D,0,1,-,119.0,3135,3133,-2,2,1,1091,1090,-1,0,-1,674,673,-1,3,-8,2481,1461,4,0,0,1249,1250,1,0,-1,1236,1236,0,0,-16
1787463913.322,D,0,1,-,119.0,3135,3133,-2,2,1,1091,1090,-1,0,-1,674,673,-1,3,-8,1461,439,2,3,0,1249,1249,0,0,-2,1236,1236,0,0,-16
1787463913.459,D,0,1,-,119.0,3135,3133,-2,2,1,1091,1090,-1,0,-1,674,673,-1,3,-8,440,3501,-11,2,-2,1249,1250,1,0,-1,1236,1236,0,0,-16
1787463913.598,D,0,1,-,119.0,3135,3133,-2,2,1,1091,1090,-1,0,-1,674,674,0,3,-7,3501,2481,4,1,0,1249,1250,1,0,-1,1236,1236,0,0,-16
1787463913.735,D,0,1,-,119.0,3135,3133,-2,2,1,1091,1090,-1,0,-1,674,673,-1,3,-8,2481,1461,4,0,0,1249,1250,1,0,-1,1235,1235,0,0,-17
1787463913.873,D,0,1,-,119.0,3135,3133,-2,2,1,1091,1090,-1,0,-1,674,674,0,3,-7,1461,439,2,3,0,1249,1249,0,0,-2,1235,1236,1,0,-16
1787463914.012,D,0,1,-,119.0,3135,3133,-2,2,1,1091,1090,-1,0,-1,674,673,-1,3,-8,440,3501,-11,2,-2,1249,1250,1,0,-1,1236,1236,0,0,-16
1787463914.146,D,0,1,-,119.0,3135,3133,-2,2,1,1091,1090,-1,0,-1,674,673,-1,3,-8,3501,2481,4,1,0,1249,1250,1,0,-1,1235,1236,1,0,-16
1787463914.284,D,0,1,-,119.0,3135,3133,-2,2,1,1091,1090,-1,0,-1,674,673,-1,3,-8,2481,1461,4,0,0,1249,1250,1,0,-1,1236,1236,0,0,-16
1787463914.421,D,0,1,-,119.0,3135,3133,-2,2,1,1091,1090,-1,0,-1,674,673,-1,3,-8,1461,439,2,3,0,1249,1249,0,0,-2,1235,1236,1,0,-16
1787463914.559,D,0,1,-,119.0,3135,3133,-2,2,1,1091,1091,0,0,0,674,674,0,3,-7,439,3501,-10,2,-2,1249,1250,1,0,-1,1236,1236,0,0,-16
1787463914.697,D,0,1,-,119.0,3135,3133,-2,2,1,1091,1090,-1,0,-1,674,674,0,3,-7,3501,2481,4,1,0,1249,1250,1,0,-1,1236,1236,0,0,-16
1787463914.833,D,0,1,-,119.0,3136,3133,-3,2,1,1091,1090,-1,0,-1,674,673,-1,3,-8,2481,1461,4,0,0,1250,1250,0,0,-1,1236,1236,0,0,-16
1787463914.970,D,0,1,-,119.0,3135,3133,-2,2,1,1091,1090,-1,0,-1,674,673,-1,3,-8,1461,439,2,3,0,1249,1250,1,0,-1,1236,1236,0,0,-16
1787463915.109,D,0,1,-,119.0,3135,3133,-2,2,1,1091,1090,-1,0,-1,674,673,-1,3,-8,439,3501,-10,2,-2,1249,1250,1,0,-1,1236,1236,0,0,-16
1787463915.248,D,0,1,-,119.0,3135,3133,-2,2,1,1091,1090,-1,0,-1,674,673,-1,3,-8,3501,2481,4,1,0,1249,1250,1,0,-1,1236,1236,0,0,-16
1787463915.384,D,0,1,-,119.0,3135,3133,-2,2,1,1091,1090,-1,0,-1,674,673,-1,3,-8,2481,1461,4,0,0,1249,1250,1,0,-1,1236,1236,0,0,-16
1787463915.524,D,0,1,-,119.0,3135,3133,-2,2,1,1091,1090,-1,0,-1,674,673,-1,3,-8,1462,439,1,3,0,1250,1250,0,0,-1,1235,1236,1,0,-16
1787463915.659,D,0,1,-,119.0,3135,3133,-2,2,1,1091,1091,0,0,0,674,674,0,3,-7,440,3501,-11,2,-2,1249,1250,1,0,-1,1236,1236,0,0,-16
1787463915.796,D,0,1,-,119.0,3135,3133,-2,2,1,1091,1090,-1,0,-1,674,673,-1,3,-8,3501,2481,4,1,0,1250,1249,-1,0,-2,1236,1236,0,0,-16
1787463915.935,D,0,1,-,119.0,3135,3133,-2,2,1,1091,1090,-1,0,-1,674,673,-1,3,-8,2481,1461,4,0,0,1249,1250,1,0,-1,1236,1236,0,0,-16
1787463916.072,D,0,1,-,119.0,3135,3133,-2,2,1,1091,1090,-1,0,-1,674,673,-1,3,-8,1461,439,2,3,0,1249,1250,1,0,-1,1236,1236,0,0,-16
1787463916.210,D,0,1,-,119.0,3135,3133,-2,2,1,1091,1090,-1,0,-1,674,674,0,3,-7,440,3501,-11,2,-2,1249,1250,1,0,-1,1236,1236,0,0,-16
1787463916.346,D,0,1,-,119.0,3135,3134,-1,2,2,1091,1090,-1,0,-1,674,674,0,3,-7,3501,2481,4,1,0,1249,1250,1,0,-1,1236,1236,0,0,-16
1787463916.484,D,0,1,-,119.0,3136,3133,-3,2,1,1091,1090,-1,0,-1,674,673,-1,3,-8,2481,1461,4,0,0,1249,1250,1,0,-1,1236,1236,0,0,-16
1787463916.622,D,0,1,-,119.0,3135,3133,-2,2,1,1091,1090,-1,0,-1,674,674,0,3,-7,1462,439,1,3,0,1249,1250,1,0,-1,1235,1235,0,0,-17
1787463916.759,D,0,1,-,119.0,3135,3133,-2,2,1,1091,1090,-1,0,-1,674,673,-1,3,-8,439,3501,-10,2,-2,1249,1250,1,0,-1,1235,1236,1,0,-16
1787463916.897,D,0,1,-,119.0,3135,3133,-2,2,1,1091,1090,-1,0,-1,674,673,-1,3,-8,3501,2481,4,1,0,1249,1249,0,0,-2,1236,1235,-1,0,-17
1787463917.036,D,0,1,-,119.0,3135,3133,-2,2,1,1091,1090,-1,0,-1,674,674,0,3,-7,2481,1461,4,0,0,1249,1250,1,0,-1,1235,1235,0,0,-17
1787463917.171,D,0,1,-,119.0,3135,3133,-2,2,1,1091,1090,-1,0,-1,674,673,-1,3,-8,1462,439,1,3,0,1249,1249,0,0,-2,1235,1236,1,0,-16
1787463917.309,D,0,1,-,119.0,3135,3133,-2,2,1,1091,1090,-1,0,-1,674,673,-1,3,-8,439,3501,-10,2,-2,1249,1249,0,0,-2,1235,1236,1,0,-16
1787463917.446,D,0,1,-,119.0,3135,3133,-2,2,1,1091,1090,-1,0,-1,674,673,-1,3,-8,3501,2481,4,1,0,1249,1250,1,0,-1,1236,1236,0,0,-16
1787463917.584,D,0,1,-,119.0,3135,3133,-2,2,1,1091,1091,0,0,0,674,673,-1,3,-8,2481,1461,4,0,0,1249,1250,1,0,-1,1236,1236,0,0,-16
1787463917.721,D,0,1,-,119.0,3135,3133,-2,2,1,1091,1090,-1,0,-1,674,673,-1,3,-8,1461,439,2,3,0,1249,1250,1,0,-1,1235,1236,1,0,-16
1787463917.861,D,0,1,-,119.0,3135,3133,-2,2,1,1091,1090,-1,0,-1,674,673,-1,3,-8,440,3501,-11,2,-2,1250,1250,0,0,-1,1236,1236,0,0,-16
1787463917.996,D,0,1,-,119.0,3135,3133,-2,2,1,1091,1090,-1,0,-1,674,673,-1,3,-8,3501,2481,4,1,0,1249,1250,1,0,-1,1236,1236,0,0,-16
1787463918.133,D,0,1,-,119.0,3135,3133,-2,2,1,1091,1090,-1,0,-1,674,674,0,3,-7,2481,1461,4,0,0,1249,1250,1,0,-1,1236,1236,0,0,-16
1787463918.273,D,0,1,-,119.0,3135,3133,-2,2,1,1091,1090,-1,0,-1,674,674,0,3,-7,1461,439,2,3,0,1249,1250,1,0,-1,1235,1235,0,0,-17
1787463918.409,D,0,1,-,119.0,3135,3133,-2,2,1,1091,1090,-1,0,-1,674,674,0,3,-7,439,3501,-10,2,-2,1249,1250,1,0,-1,1236,1236,0,0,-16
1787463918.546,D,0,1,-,119.0,3135,3133,-2,2,1,1091,1090,-1,0,-1,674,674,0,3,-7,3502,2481,3,1,0,1250,1250,0,0,-1,1235,1236,1,0,-16
1787463918.683,D,0,1,-,119.0,3135,3133,-2,2,1,1091,1090,-1,0,-1,674,674,0,3,-7,2481,1461,4,0,0,1249,1250,1,0,-1,1235,1236,1,0,-16
1787463918.822,D,0,1,-,119.0,3135,3133,-2,2,1,1091,1090,-1,0,-1,674,673,-1,3,-8,1462,439,1,3,0,1249,1250,1,0,-1,1235,1236,1,0,-16
1787463918.958,D,0,1,-,119.0,3135,3133,-2,2,1,1091,1090,-1,0,-1,674,673,-1,3,-8,439,3501,-10,2,-2,1249,1250,1,0,-1,1236,1236,0,0,-16
1787463919.098,D,0,1,-,119.0,3135,3133,-2,2,1,1091,1090,-1,0,-1,674,673,-1,3,-8,3501,2481,4,1,0,1249,1250,1,0,-1,1235,1236,1,0,-16
1787463919.233,D,0,1,-,119.0,3135,3133,-2,2,1,1091,1090,-1,0,-1,674,674,0,3,-7,2481,1461,4,0,0,1249,1250,1,0,-1,1236,1236,0,0,-16
1787463919.371,D,0,1,-,119.0,3135,3134,-1,2,2,1091,1090,-1,0,-1,674,674,0,3,-7,1461,439,2,3,0,1249,1250,1,0,-1,1235,1236,1,0,-16
1787463919.510,D,0,1,-,119.0,3135,3133,-2,2,1,1091,1090,-1,0,-1,674,673,-1,3,-8,440,3501,-11,2,-2,1249,1250,1,0,-1,1235,1236,1,0,-16
1787463919.648,D,0,1,-,119.0,3135,3133,-2,2,1,1091,1091,0,0,0,674,673,-1,3,-8,3501,2481,4,1,0,1249,1250,1,0,-1,1235,1236,1,0,-16
1787463919.786,D,0,1,-,119.0,3135,3133,-2,2,1,1091,1090,-1,0,-1,674,673,-1,3,-8,2481,1461,4,0,0,1249,1250,1,0,-1,1236,1236,0,0,-16
1787463919.921,D,0,1,-,119.0,3135,3134,-1,2,2,1091,1091,0,0,0,674,674,0,3,-7,1462,439,1,3,0,1250,1250,0,0,-1,1236,1235,-1,0,-17
1787463920.059,D,0,1,-,119.0,3135,3133,-2,2,1,1091,1090,-1,0,-1,674,673,-1,3,-8,439,3501,-10,2,-2,1249,1250,1,0,-1,1235,1235,0,0,-17
1787463920.198,D,0,1,-,119.0,3135,3133,-2,2,1,1091,1090,-1,0,-1,674,674,0,3,-7,3501,2481,4,1,0,1249,1250,1,0,-1,1236,1236,0,0,-16
1787463920.333,D,0,1,-,119.0,3135,3133,-2,2,1,1091,1090,-1,0,-1,674,673,-1,3,-8,2481,1461,4,0,0,1249,1249,0,0,-2,1236,1236,0,0,-16
1787463920.472,D,0,1,-,119.0,3135,3133,-2,2,1,1091,1090,-1,0,-1,674,673,-1,3,-8,1461,439,2,3,0,1249,1250,1,0,-1,1236,1236,0,0,-16
1787463920.608,D,0,1,-,119.0,3135,3133,-2,2,1,1091,1091,0,0,0,674,673,-1,3,-8,439,3501,-10,2,-2,1250,1250,0,0,-1,1236,1235,-1,0,-17
1787463920.748,D,0,1,-,119.0,3135,3133,-2,2,1,1091,1090,-1,0,-1,674,673,-1,3,-8,3501,2481,4,1,0,1249,1249,0,0,-2,1236,1236,0,0,-16
1787463920.884,D,0,1,-,119.0,3135,3133,-2,2,1,1091,1090,-1,0,-1,674,674,0,3,-7,2481,1461,4,0,0,1249,1250,1,0,-1,1236,1236,0,0,-16
1787463921.021,D,0,1,-,119.0,3135,3133,-2,2,1,1091,1090,-1,0,-1,674,673,-1,3,-8,1462,439,1,3,0,1250,1250,0,0,-1,1236,1236,0,0,-16
1787463921.161,D,0,1,-,119.0,3135,3133,-2,2,1,1091,1090,-1,0,-1,674,674,0,3,-7,439,3501,-10,2,-2,1249,1250,1,0,-1,1235,1236,1,0,-16
1787463921.296,D,0,1,-,119.0,3136,3133,-3,2,1,1091,1090,-1,0,-1,674,673,-1,3,-8,3501,2481,4,1,0,1249,1250,1,0,-1,1236,1236,0,0,-16
1787463921.433,D,0,1,-,119.0,3135,3133,-2,2,1,1091,1091,0,0,0,674,673,-1,3,-8,2481,1461,4,0,0,1249,1250,1,0,-1,1235,1236,1,0,-16
1787463921.570,D,0,1,-,119.0,3135,3133,-2,2,1,1091,1090,-1,0,-1,674,674,0,3,-7,1461,439,2,3,0,1249,1250,1,0,-1,1236,1235,-1,0,-17
1787463921.708,D,0,1,-,119.0,3135,3133,-2,2,1,1091,1090,-1,0,-1,674,673,-1,3,-8,439,3501,-10,2,-2,1249,1250,1,0,-1,1236,1236,0,0,-16
1787463921.872,D',0,1,-,119.0,3135,3133,-2,2,1,1091,1090,-1,0,-1,674,673,-1,3,-8,3500,439,11,3,0,1249,1250,1,0,-1,1236,1236,0,0,-16
1787463922.012,D',0,1,-,119.0,3135,3133,-2,2,1,1091,1090,-1,0,-1,674,674,0,3,-7,439,1461,-2,0,0,1249,1250,1,0,-1,1235,1236,1,0,-16
1787463922.148,D',0,1,-,119.0,3135,3133,-2,2,1,1091,1090,-1,0,-1,674,673,-1,3,-8,1461,2481,-4,1,0,1249,1250,1,0,-1,1235,1236,1,0,-16
1787463922.285,D',0,1,-,119.0,3135,3133,-2,2,1,1091,1090,-1,0,-1,674,673,-1,3,-8,2481,3500,-5,2,-3,1249,1250,1,0,-1,1236,1236,0,0,-16
1787463922.424,D',0,1,-,119.0,3135,3133,-2,2,1,1091,1090,-1,0,-1,674,674,0,3,-7,3501,439,10,3,0,1249,1250,1,0,-1,1236,1235,-1,0,-17
1787463922.560,D',0,1,-,119.0,3135,3133,-2,2,1,1091,1090,-1,0,-1,674,673,-1,3,-8,439,1461,-2,0,0,1250,1250,0,0,-1,1236,1236,0,0,-16
1787463922.698,D',0,1,-,119.0,3136,3133,-3,2,1,1091,1090,-1,0,-1,674,674,0,3,-7,1461,2481,-4,1,0,1249,1250,1,0,-1,1236,1236,0,0,-16
1787463922.835,D',0,1,-,119.0,3135,3133,-2,2,1,1091,1090,-1,0,-1,674,674,0,3,-7,2481,3501,-4,2,-2,1249,1249,0,0,-2,1235,1236,1,0,-16
1787463922.973,D',0,1,-,119.0,3135,3133,-2,2,1,1091,1090,-1,0,-1,674,673,-1,3,-8,3501,439,10,3,0,1249,1250,1,0,-1,1235,1236,1,0,-16
1787463923.110,D',0,1,-,119.0,3135,3133,-2,2,1,1091,1090,-1,0,-1,674,673,-1,3,-8,439,1461,-2,0,0,1249,1250,1,0,-1,1236,1236,0,0,-16
1787463923.248,D',0,1,-,119.0,3136,3133,-3,2,1,1091,1090,-1,0,-1,674,674,0,3,-7,1461,2481,-4,1,0,1249,1250,1,0,-1,1236,1236,0,0,-16
1787463923.385,D',0,1,-,119.0,3135,3133,-2,2,1,1091,1090,-1,0,-1,674,673,-1,3,-8,2481,3501,-4,2,-2,1249,1250,1,0,-1,1236,1236,0,0,-16
1787463923.523,D',0,1,-,119.0,3135,3133,-2,2,1,1091,1090,-1,0,-1,674,674,0,3,-7,3501,439,10,3,0,1249,1249,0,0,-2,1236,1235,-1,0,-17
1787463923.661,D',0,1,-,119.0,3136,3133,-3,2,1,1091,1091,0,0,0,674,673,-1,3,-8,439,1461,-2,0,0,1249,1250,1,0,-1,1235,1236,1,0,-16
1787463923.797,D',0,1,-,119.0,3135,3133,-2,2,1,1091,1090,-1,0,-1,674,674,0,3,-7,1461,2481,-4,1,0,1249,1249,0,0,-2,1236,1235,-1,0,-17
1787463923.935,D',0,1,-,119.0,3135,3133,-2,2,1,1091,1090,-1,0,-1,674,673,-1,3,-8,2480,3501,-3,2,-2,1249,1250,1,0,-1,1236,1236,0,0,-16
1787463924.072,D',0,1,-,119.0,3135,3133,-2,2,1,1091,1090,-1,0,-1,674,673,-1,3,-8,3501,439,10,3,0,1249,1249,0,0,-2,1236,1236,0,0,-16
1787463924.212,D',0,1,-,119.0,3135,3133,-2,2,1,1091,1090,-1,0,-1,674,673,-1,3,-8,439,1461,-2,0,0,1249,1250,1,0,-1,1236,1236,0,0,-16
1787463924.347,D',0,1,-,119.0,3135,3134,-1,2,2,1091,1090,-1,0,-1,674,674,0,3,-7,1461,2481,-4,1,0,1249,1250,1,0,-1,1235,1236,1,0,-16
1787463924.485,D',0,1,-,119.0,3135,3133,-2,2,1,1091,1090,-1,0,-1,674,673,-1,3,-8,2481,3501,-4,2,-2,1249,1250,1,0,-1,1236,1236,0,0,-16
1787463924.622,D',0,1,-,119.0,3135,3133,-2,2,1,1091,1090,-1,0,-1,674,673,-1,3,-8,3501,439,10,3,0,1249,1249,0,0,-2,1236,1236,0,0,-16
1787463924.761,D',0,1,-,119.0,3135,3133,-2,2,1,1091,1090,-1,0,-1,674,674,0,3,-7,439,1461,-2,0,0,1249,1250,1,0,-1,1235,1236,1,0,-16
1787463924.899,D',0,1,-,119.0,3135,3133,-2,2,1,1091,1091,0,0,0,674,674,0,3,-7,1461,2481,-4,1,0,1249,1250,1,0,-1,1235,1236,1,0,-16
1787463925.035,D',0,1,-,119.0,3135,3133,-2,2,1,1091,1091,0,0,0,674,674,0,3,-7,2481,3501,-4,2,-2,1249,1250,1,0,-1,1236,1236,0,0,-16
1787463925.172,D',0,1,-,119.0,3135,3133,-2,2,1,1091,1090,-1,0,-1,674,673,-1,3,-8,3501,439,10,3,0,1249,1250,1,0,-1,1235,1236,1,0,-16
1787463925.311,D',0,1,-,119.0,3135,3133,-2,2,1,1091,1090,-1,0,-1,674,673,-1,3,-8,439,1461,-2,0,0,1249,1250,1,0,-1,1236,1236,0,0,-16
1787463925.447,D',0,1,-,119.0,3135,3133,-2,2,1,1091,1090,-1,0,-1,674,673,-1,3,-8,1461,2481,-4,1,0,1249,1250,1,0,-1,1236,1236,0,0,-16
1787463925.586,D',0,1,-,119.0,3135,3133,-2,2,1,1091,1090,-1,0,-1,674,674,0,3,-7,2481,3501,-4,2,-2,1249,1250,1,0,-1,1235,1236,1,0,-16
1787463925.722,D',0,1,-,119.0,3135,3133,-2,2,1,1091,1090,-1,0,-1,674,673,-1,3,-8,3501,439,10,3,0,1249,1250,1,0,-1,1236,1236,0,0,-16
1787463925.860,D',0,1,-,119.0,3135,3133,-2,2,1,1091,1090,-1,0,-1,674,673,-1,3,-8,439,1461,-2,0,0,1249,1250,1,0,-1,1235,1236,1,0,-16
1787463925.997,D',0,1,-,119.0,3136,3133,-3,2,1,1091,1090,-1,0,-1,674,673,-1,3,-8,1461,2481,-4,1,0,1249,1250,1,0,-1,1236,1236,0,0,-16
1787463926.135,D',0,1,-,119.0,3135,3133,-2,2,1,1091,1090,-1,0,-1,674,673,-1,3,-8,2481,3501,-4,2,-2,1249,1250,1,0,-1,1236,1236,0,0,-16
1787463926.272,D',0,1,-,119.0,3135,3133,-2,2,1,1091,1090,-1,0,-1,674,674,0,3,-7,3501,439,10,3,0,1249,1250,1,0,-1,1235,1236,1,0,-16
1787463926.410,D',0,1,-,119.0,3136,3133,-3,2,1,1091,1090,-1,0,-1,674,673,-1,3,-8,439,1461,-2,0,0,1249,1250,1,0,-1,1236,1236,0,0,-16
1787463926.548,D',0,1,-,119.0,3135,3133,-2,2,1,1091,1091,0,0,0,674,673,-1,3,-8,1461,2481,-4,1,0,1250,1249,-1,0,-2,1236,1236,0,0,-16
1787463926.685,D',0,1,-,119.0,3135,3133,-2,2,1,1091,1090,-1,0,-1,674,673,-1,3,-8,2481,3501,-4,2,-2,1249,1249,0,0,-2,1235,1236,1,0,-16
1787463926.824,D',0,1,-,119.0,3135,3133,-2,2,1,1091,1090,-1,0,-1,674,674,0,3,-7,3501,439,10,3,0,1249,1250,1,0,-1,1236,1236,0,0,-16
1787463926.960,D',0,1,-,119.0,3135,3133,-2,2,1,1091,1090,-1,0,-1,674,673,-1,3,-8,439,1461,-2,0,0,1249,1250,1,0,-1,1236,1236,0,0,-16
1787463927.098,D',0,1,-,119.0,3135,3133,-2,2,1,1091,1090,-1,0,-1,674,673,-1,3,-8,1461,2481,-4,1,0,1250,1250,0,0,-1,1236,1236,0,0,-16
1787463927.234,D',0,1,-,119.0,3135,3133,-2,2,1,1091,1090,-1,0,-1,674,673,-1,3,-8,2481,3501,-4,2,-2,1249,1250,1,0,-1,1235,1236,1,0,-16
1787463927.372,D',0,1,-,119.0,3135,3133,-2,2,1,1091,1090,-1,0,-1,674,674,0,3,-7,3501,439,10,3,0,1249,1250,1,0,-1,1235,1235,0,0,-17
1787463927.510,D',0,1,-,119.0,3135,3133,-2,2,1,1091,1090,-1,0,-1,674,673,-1,3,-8,439,1461,-2,0,0,1249,1249,0,0,-2,1235,1236,1,0,-16
1787463927.647,D',0,1,-,119.0,3135,3133,-2,2,1,1091,1090,-1,0,-1,674,674,0,3,-7,1461,2481,-4,1,0,1249,1250,1,0,-1,1236,1236,0,0,-16
1787463927.785,D',0,1,-,119.0,3135,3133,-2,2,1,1091,1090,-1,0,-1,674,673,-1,3,-8,2481,3501,-4,2,-2,1250,1250,0,0,-1,1236,1235,-1,0,-17
1787463927.924,D',0,1,-,119.0,3136,3133,-3,2,1,1091,1090,-1,0,-1,674,673,-1,3,-8,3501,439,10,3,0,1249,1250,1,0,-1,1235,1236,1,0,-16
1787463928.059,D',0,1,-,119.0,3135,3133,-2,2,1,1091,1090,-1,0,-1,674,673,-1,3,-8,439,1461,-2,0,0,1249,1249,0,0,-2,1235,1236,1,0,-16
1787463928.200,D',0,1,-,119.0,3135,3133,-2,2,1,1091,1090,-1,0,-1,674,673,-1,3,-8,1461,2481,-4,1,0,1249,1250,1,0,-1,1236,1236,0,0,-16
1787463928.335,D',0,1,-,119.0,3135,3133,-2,2,1,1091,1090,-1,0,-1,674,673,-1,3,-8,2481,3501,-4,2,-2,1249,1249,0,0,-2,1236,1236,0,0,-16
1787463928.472,D',0,1,-,119.0,3135,3133,-2,2,1,1091,1090,-1,0,-1,674,673,-1,3,-8,3501,439,10,3,0,1249,1250,1,0,-1,1235,1236,1,0,-16
1787463928.612,D',0,1,-,119.0,3135,3133,-2,2,1,1091,1090,-1,0,-1,674,674,0,3,-7,439,1461,-2,0,0,1249,1250,1,0,-1,1235,1236,1,0,-16
1787463928.747,D',0,1,-,119.0,3135,3133,-2,2,1,1091,1090,-1,0,-1,674,673,-1,3,-8,1461,2481,-4,1,0,1249,1250,1,0,-1,1236,1236,0,0,-16
1787463928.885,D',0,1,-,119.0,3135,3133,-2,2,1,1091,1091,0,0,0,674,674,0,3,-7,2481,3501,-4,2,-2,1249,1250,1,0,-1,1236,1236,0,0,-16
1787463929.022,D',0,1,-,119.0,3136,3133,-3,2,1,1091,1090,-1,0,-1,674,673,-1,3,-8,3501,439,10,3,0,1249,1250,1,0,-1,1236,1236,0,0,-16
1787463929.160,D',0,1,-,119.0,3135,3133,-2,2,1,1091,1090,-1,0,-1,674,673,-1,3,-8,439,1461,-2,0,0,1249,1250,1,0,-1,1236,1235,-1,0,-17
1787463929.299,D',0,1,-,119.0,3135,3133,-2,2,1,1091,1090,-1,0,-1,674,673,-1,3,-8,1461,2481,-4,1,0,1249,1250,1,0,-1,1236,1236,0,0,-16
1787463929.434,D',0,1,-,119.0,3135,3133,-2,2,1,1091,1090,-1,0,-1,674,673,-1,3,-8,2481,3501,-4,2,-2,1249,1250,1,0,-1,1236,1236,0,0,-16
1787463929.572,D',0,1,-,119.0,3135,3133,-2,2,1,1091,1090,-1,0,-1,674,673,-1,3,-8,3501,439,10,3,0,1249,1250,1,0,-1,1235,1236,1,0,-16
1787463929.711,D',0,1,-,119.0,3135,3133,-2,2,1,1091,1090,-1,0,-1,674,673,-1,3,-8,439,1461,-2,0,0,1249,1250,1,0,-1,1235,1235,0,0,-17
1787463929.847,D',0,1,-,119.0,3135,3133,-2,2,1,1091,1090,-1,0,-1,674,673,-1,3,-8,1461,2481,-4,1,0,1249,1250,1,0,-1,1236,1235,-1,0,-17
1787463929.986,D',0,1,-,119.0,3135,3133,-2,2,1,1091,1090,-1,0,-1,674,673,-1,3,-8,2481,3501,-4,2,-2,1249,1249,0,0,-2,1235,1236,1,0,-16
1787463930.123,D',0,1,-,119.0,3135,3133,-2,2,1,1091,1090,-1,0,-1,674,674,0,3,-7,3501,439,10,3,0,1249,1249,0,0,-2,1235,1236,1,0,-16
1787463930.259,D',0,1,-,119.0,3135,3133,-2,2,1,1091,1090,-1,0,-1,674,674,0,3,-7,439,1461,-2,0,0,1249,1250,1,0,-1,1236,1236,0,0,-16
1787463930.399,D',0,1,-,119.0,3135,3133,-2,2,1,1091,1090,-1,0,-1,674,673,-1,3,-8,1461,2481,-4,1,0,1249,1250,1,0,-1,1236,1236,0,0,-16
1787463930.536,D',0,1,-,119.0,3135,3133,-2,2,1,1091,1090,-1,0,-1,674,673,-1,3,-8,2481,3501,-4,2,-2,1249,1250,1,0,-1,1236,1236,0,0,-16
1787463930.672,D',0,1,-,119.0,3135,3133,-2,2,1,1091,1090,-1,0,-1,674,673,-1,3,-8,3501,439,10,3,0,1249,1250,1,0,-1,1236,1236,0,0,-16
1787463930.811,D',0,1,-,119.0,3135,3133,-2,2,1,1091,1090,-1,0,-1,674,673,-1,3,-8,439,1461,-2,0,0,1249,1249,0,0,-2,1236,1236,0,0,-16
1787463930.949,D',0,1,-,119.0,3135,3133,-2,2,1,1091,1090,-1,0,-1,674,673,-1,3,-8,1461,2481,-4,1,0,1249,1250,1,0,-1,1236,1236,0,0,-16
1787463931.085,D',0,1,-,119.0,3135,3133,-2,2,1,1091,1090,-1,0,-1,674,673,-1,3,-8,2481,3501,-4,2,-2,1249,1250,1,0,-1,1236,1235,-1,0,-17
1787463931.221,D',0,1,-,119.0,3135,3133,-2,2,1,1091,1090,-1,0,-1,674,673,-1,3,-8,3501,439,10,3,0,1250,1249,-1,0,-2,1236,1236,0,0,-16
1787463931.359,D',0,1,-,119.0,3135,3133,-2,2,1,1091,1090,-1,0,-1,674,673,-1,3,-8,439,1461,-2,0,0,1249,1250,1,0,-1,1236,1236,0,0,-16
1787463931.496,D',0,1,-,119.0,3135,3133,-2,2,1,1091,1090,-1,0,-1,674,674,0,3,-7,1461,2481,-4,1,0,1249,1250,1,0,-1,1236,1236,0,0,-16
1787463931.634,D',0,1,-,119.0,3135,3133,-2,2,1,1091,1091,0,0,0,674,674,0,3,-7,2481,3501,-4,2,-2,1249,1249,0,0,-2,1236,1236,0,0,-16
1787463931.773,D',0,1,-,119.0,3135,3133,-2,2,1,1091,1090,-1,0,-1,674,674,0,3,-7,3501,439,10,3,0,1249,1250,1,0,-1,1236,1236,0,0,-16
1787463931.912,D',0,1,-,119.0,3136,3133,-3,2,1,1091,1090,-1,0,-1,674,674,0,3,-7,439,1461,-2,0,0,1249,1250,1,0,-1,1236,1236,0,0,-16
1787463932.047,D',0,1,-,119.0,3135,3133,-2,2,1,1091,1090,-1,0,-1,674,673,-1,3,-8,1462,2481,-5,1,0,1249,1250,1,0,-1,1236,1236,0,0,-16
1787463932.184,D',0,1,-,119.0,3135,3133,-2,2,1,1091,1090,-1,0,-1,674,673,-1,3,-8,2481,3501,-4,2,-2,1249,1250,1,0,-1,1235,1236,1,0,-16
1787463932.324,D',0,1,-,119.0,3136,3133,-3,2,1,1091,1090,-1,0,-1,674,673,-1,3,-8,3501,439,10,3,0,1250,1250,0,0,-1,1235,1236,1,0,-16
1787463932.459,D',0,1,-,119.0,3135,3133,-2,2,1,1091,1090,-1,0,-1,674,673,-1,3,-8,439,1461,-2,0,0,1250,1249,-1,0,-2,1235,1236,1,0,-16
1787463932.596,D',0,1,-,119.0,3135,3133,-2,2,1,1091,1090,-1,0,-1,674,673,-1,3,-8,1461,2481,-4,1,0,1249,1250,1,0,-1,1236,1236,0,0,-16
1787463932.734,D',0,1,-,119.0,3135,3133,-2,2,1,1091,1090,-1,0,-1,674,673,-1,3,-8,2481,3501,-4,2,-2,1249,1250,1,0,-1,1235,1236,1,0,-16
1787463932.874,D',0,1,-,119.0,3135,3133,-2,2,1,1091,1090,-1,0,-1,674,673,-1,3,-8,3501,439,10,3,0,1249,1249,0,0,-2,1236,1236,0,0,-16
1787463933.011,D',0,1,-,119.0,3135,3133,-2,2,1,1091,1091,0,0,0,674,673,-1,3,-8,439,1461,-2,0,0,1250,1249,-1,0,-2,1236,1236,0,0,-16
1787463933.147,D',0,1,-,119.0,3135,3133,-2,2,1,1091,1090,-1,0,-1,674,674,0,3,-7,1461,2481,-4,1,0,1249,1250,1,0,-1,1235,1236,1,0,-16
1787463933.286,D',0,1,-,119.0,3135,3134,-1,2,2,1091,1090,-1,0,-1,674,673,-1,3,-8,2481,3501,-4,2,-2,1249,1250,1,0,-1,1236,1236,0,0,-16
1787463933.421,D',0,1,-,119.0,3135,3133,-2,2,1,1091,1090,-1,0,-1,674,674,0,3,-7,3501,439,10,3,0,1249,1250,1,0,-1,1236,1236,0,0,-16
1787463933.559,D',0,1,-,119.0,3135,3133,-2,2,1,1091,1090,-1,0,-1,674,673,-1,3,-8,439,1461,-2,0,0,1249,1249,0,0,-2,1236,1235,-1,0,-17
1787463933.699,D',0,1,-,119.0,3135,3133,-2,2,1,1091,1090,-1,0,-1,674,674,0,3,-7,1461,2481,-4,1,0,1250,1250,0,0,-1,1235,1236,1,0,-16
1787463933.834,D',0,1,-,119.0,3135,3133,-2,2,1,1091,1090,-1,0,-1,674,673,-1,3,-8,2481,3501,-4,2,-2,1249,1249,0,0,-2,1235,1236,1,0,-16
1787463933.973,D',0,1,-,119.0,3135,3133,-2,2,1,1091,1090,-1,0,-1,674,674,0,3,-7,3501,439,10,3,0,1249,1250,1,0,-1,1236,1236,0,0,-16
1787463934.109,D',0,1,-,119.0,3135,3133,-2,2,1,1091,1090,-1,0,-1,674,673,-1,3,-8,439,1461,-2,0,0,1249,1250,1,0,-1,1235,1236,1,0,-16
1787463934.248,D',0,1,-,119.0,3135,3133,-2,2,1,1091,1090,-1,0,-1,674,673,-1,3,-8,1461,2480,-5,1,-1,1249,1250,1,0,-1,1236,1236,0,0,-16
1787463934.384,D',0,1,-,119.0,3135,3133,-2,2,1,1091,1091,0,0,0,674,673,-1,3,-8,2481,3501,-4,2,-2,1250,1249,-1,0,-2,1236,1235,-1,0,-17
1787463934.522,D',0,1,-,119.0,3135,3133,-2,2,1,1091,1090,-1,0,-1,674,674,0,3,-7,3501,439,10,3,0,1249,1250,1,0,-1,1236,1236,0,0,-16
1787463934.659,D',0,1,-,119.0,3135,3133,-2,2,1,1091,1090,-1,0,-1,674,674,0,3,-7,439,1461,-2,0,0,1249,1249,0,0,-2,1235,1236,1,0,-16
1787463934.796,D',0,1,-,119.0,3136,3133,-3,2,1,1091,1090,-1,0,-1,674,673,-1,3,-8,1461,2481,-4,1,0,1249,1250,1,0,-1,1236,1236,0,0,-16
1787463934.937,D',0,1,-,119.0,3135,3133,-2,2,1,1091,1090,-1,0,-1,674,673,-1,3,-8,2481,3501,-4,2,-2,1249,1250,1,0,-1,1235,1236,1,0,-16
1787463935.074,D',0,1,-,119.0,3135,3133,-2,2,1,1091,1090,-1,0,-1,674,673,-1,3,-8,3501,439,10,3,0,1249,1250,1,0,-1,1235,1236,1,0,-16
1787463935.209,D',0,1,-,119.0,3135,3133,-2,2,1,1091,1090,-1,0,-1,674,673,-1,3,-8,439,1461,-2,0,0,1249,1250,1,0,-1,1236,1236,0,0,-16
1787463935.348,D',0,1,-,119.0,3135,3133,-2,2,1,1091,1090,-1,0,-1,674,674,0,3,-7,1462,2481,-5,1,0,1249,1250,1,0,-1,1236,1236,0,0,-16
1787463935.485,D',0,1,-,119.0,3135,3133,-2,2,1,1091,1091,0,0,0,674,674,0,3,-7,2481,3500,-5,2,-3,1249,1250,1,0,-1,1235,1236,1,0,-16
1787463935.621,D',0,1,-,119.0,3135,3133,-2,2,1,1091,1090,-1,0,-1,674,674,0,3,-7,3501,439,10,3,0,1249,1250,1,0,-1,1235,1236,1,0,-16
1787463935.759,D',0,1,-,119.0,3136,3133,-3,2,1,1091,1090,-1,0,-1,674,673,-1,3,-8,439,1461,-2,0,0,1249,1249,0,0,-2,1236,1236,0,0,-16
1787463935.899,D',0,1,-,119.0,3135,3133,-2,2,1,1091,1090,-1,0,-1,674,674,0,3,-7,1461,2481,-4,1,0,1249,1249,0,0,-2,1236,1236,0,0,-16
1787463936.037,D',0,1,-,119.0,3135,3133,-2,2,1,1091,1090,-1,0,-1,674,673,-1,3,-8,2481,3501,-4,2,-2,1249,1250,1,0,-1,1236,1236,0,0,-16
1787463936.174,D',0,1,-,119.0,3136,3133,-3,2,1,1091,1091,0,0,0,674,673,-1,3,-8,3501,439,10,3,0,1250,1250,0,0,-1,1236,1236,0,0,-16
1787463936.311,D',0,1,-,119.0,3135,3133,-2,2,1,1091,1090,-1,0,-1,674,673,-1,3,-8,439,1461,-2,0,0,1249,1249,0,0,-2,1236,1236,0,0,-16
1787463936.446,D',0,1,-,119.0,3135,3133,-2,2,1,1091,1090,-1,0,-1,674,673,-1,3,-8,1461,2481,-4,1,0,1249,1250,1,0,-1,1236,1236,0,0,-16
1787463936.584,D',0,1,-,119.0,3135,3133,-2,2,1,1091,1090,-1,0,-1,674,674,0,3,-7,2481,3501,-4,2,-2,1249,1250,1,0,-1,1236,1236,0,0,-16
1787463936.722,D',0,1,-,119.0,3135,3133,-2,2,1,1091,1090,-1,0,-1,674,673,-1,3,-8,3501,439,10,3,0,1249,1250,1,0,-1,1235,1235,0,0,-17
1787463936.859,D',0,1,-,119.0,3135,3133,-2,2,1,1091,1090,-1,0,-1,674,674,0,3,-7,439,1461,-2,0,0,1250,1250,0,0,-1,1235,1235,0,0,-17
1787463936.997,D',0,1,-,119.0,3135,3133,-2,2,1,1091,1090,-1,0,-1,674,673,-1,3,-8,1461,2481,-4,1,0,1249,1250,1,0,-1,1236,1236,0,0,-16
1787463937.134,D',0,1,-,119.0,3135,3134,-1,2,2,1091,1090,-1,0,-1,674,673,-1,3,-8,2481,3501,-4,2,-2,1250,1250,0,0,-1,1236,1236,0,0,-16
1787463937.271,D',0,1,-,119.0,3135,3133,-2,2,1,1091,1090,-1,0,-1,674,673,-1,3,-8,3501,439,10,3,0,1249,1250,1,0,-1,1235,1236,1,0,-16
1787463937.411,D',0,1,-,119.0,3135,3133,-2,2,1,1091,1090,-1,0,-1,674,673,-1,3,-8,439,1461,-2,0,0,1249,1250,1,0,-1,1236,1236,0,0,-16
1787463937.546,D',0,1,-,119.0,3136,3133,-3,2,1,1091,1090,-1,0,-1,674,674,0,3,-7,1461,2481,-4,1,0,1249,1250,1,0,-1,1235,1236,1,0,-16
1787463937.686,D',0,1,-,119.0,3136,3133,-3,2,1,1091,1090,-1,0,-1,674,673,-1,3,-8,2481,3501,-4,2,-2,1250,1250,0,0,-1,1235,1236,1,0,-16
1787463937.823,D',0,1,-,119.0,3135,3133,-2,2,1,1091,1090,-1,0,-1,674,673,-1,3,-8,3501,439,10,3,0,1250,1250,0,0,-1,1235,1235,0,0,-17
1787463937.960,D',0,1,-,119.0,3135,3133,-2,2,1,1091,1090,-1,0,-1,674,673,-1,3,-8,439,1461,-2,0,0,1249,1249,0,0,-2,1236,1236,0,0,-16
1787463938.097,D',0,1,-,119.0,3136,3133,-3,2,1,1091,1090,-1,0,-1,674,673,-1,3,-8,1461,2481,-4,1,0,1250,1250,0,0,-1,1235,1236,1,0,-16
1787463938.234,D',0,1,-,119.0,3135,3133,-2,2,1,1091,1090,-1,0,-1,674,673,-1,3,-8,2481,3501,-4,2,-2,1250,1250,0,0,-1,1236,1236,0,0,-16
1787463938.371,D',0,1,-,119.0,3135,3133,-2,2,1,1091,1090,-1,0,-1,674,674,0,3,-7,3501,439,10,3,0,1249,1249,0,0,-2,1235,1236,1,0,-16
1787463938.509,D',0,1,-,119.0,3135,3133,-2,2,1,1091,1090,-1,0,-1,674,673,-1,3,-8,439,1461,-2,0,0,1249,1249,0,0,-2,1236,1236,0,0,-16
1787463938.648,D',0,1,-,119.0,3135,3133,-2,2,1,1091,1090,-1,0,-1,674,673,-1,3,-8,1461,2481,-4,1,0,1249,1250,1,0,-1,1236,1236,0,0,-16
1787463938.784,D',0,1,-,119.0,3135,3133,-2,2,1,1091,1090,-1,0,-1,674,674,0,3,-7,2481,3501,-4,2,-2,1250,1250,0,0,-1,1235,1236,1,0,-16
1787463938.923,D',0,1,-,119.0,3135,3133,-2,2,1,1091,1090,-1,0,-1,674,674,0,3,-7,3501,439,10,3,0,1249,1250,1,0,-1,1235,1236,1,0,-16
1787463939.059,D',0,1,-,119.0,3136,3133,-3,2,1,1091,1090,-1,0,-1,674,673,-1,3,-8,439,1461,-2,0,0,1249,1250,1,0,-1,1235,1236,1,0,-16
1787463939.198,D',0,1,-,119.0,3135,3134,-1,2,2,1091,1090,-1,0,-1,674,674,0,3,-7,1461,2481,-4,1,0,1249,1250,1,0,-1,1235,1236,1,0,-16
1787463939.333,D',0,1,-,119.0,3136,3133,-3,2,1,1091,1090,-1,0,-1,674,674,0,3,-7,2481,3501,-4,2,-2,1249,1250,1,0,-1,1235,1236,1,0,-16
1787463939.474,D',0,1,-,119.0,3135,3133,-2,2,1,1091,1090,-1,0,-1,674,673,-1,3,-8,3501,439,10,3,0,1249,1250,1,0,-1,1236,1236,0,0,-16
1787463939.609,D',0,1,-,119.0,3135,3133,-2,2,1,1091,1090,-1,0,-1,674,673,-1,3,-8,439,1461,-2,0,0,1249,1249,0,0,-2,1235,1236,1,0,-16
1787463939.746,D',0,1,-,119.0,3135,3133,-2,2,1,1091,1091,0,0,0,674,673,-1,3,-8,1461,2481,-4,1,0,1249,1250,1,0,-1,1236,1236,0,0,-16
1787463939.884,D',0,1,-,119.0,3135,3133,-2,2,1,1091,1090,-1,0,-1,674,674,0,3,-7,2481,3501,-4,2,-2,1250,1250,0,0,-1,1236,1235,-1,0,-17
1787463940.021,D',0,1,-,119.0,3135,3133,-2,2,1,1091,1090,-1,0,-1,674,673,-1,3,-8,3501,439,10,3,0,1249,1250,1,0,-1,1236,1236,0,0,-16
1787463940.159,D',0,1,-,119.0,3135,3133,-2,2,1,1091,1090,-1,0,-1,674,674,0,3,-7,439,1461,-2,0,0,1249,1250,1,0,-1,1235,1236,1,0,-16
1787463940.296,D',0,1,-,119.0,3135,3133,-2,2,1,1091,1090,-1,0,-1,674,673,-1,3,-8,1461,2481,-4,1,0,1249,1250,1,0,-1,1236,1236,0,0,-16
1787463940.434,D',0,1,-,119.0,3135,3133,-2,2,1,1091,1091,0,0,0,674,673,-1,3,-8,2481,3501,-4,2,-2,1249,1250,1,0,-1,1236,1236,0,0,-16
1787463940.571,D',0,1,-,119.0,3135,3133,-2,2,1,1091,1090,-1,0,-1,674,674,0,3,-7,3501,439,10,3,0,1249,1249,0,0,-2,1236,1236,0,0,-16
1787463940.708,D',0,1,-,119.0,3135,3133,-2,2,1,1091,1090,-1,0,-1,674,674,0,3,-7,439,1461,-2,0,0,1249,1250,1,0,-1,1236,1236,0,0,-16
1787463940.846,D',0,1,-,119.0,3135,3133,-2,2,1,1091,1090,-1,0,-1,674,674,0,3,-7,1461,2481,-4,1,0,1249,1250,1,0,-1,1235,1236,1,0,-16
1787463940.984,D',0,1,-,119.0,3135,3133,-2,2,1,1091,1090,-1,0,-1,674,673,-1,3,-8,2481,3501,-4,2,-2,1249,1250,1,0,-1,1236,1236,0,0,-16
1787463941.121,D',0,1,-,119.0,3135,3133,-2,2,1,1091,1090,-1,0,-1,674,673,-1,3,-8,3501,439,10,3,0,1249,1249,0,0,-2,1235,1236,1,0,-16
1787463941.259,D',0,1,-,119.0,3136,3133,-3,2,1,1091,1090,-1,0,-1,674,673,-1,3,-8,439,1461,-2,0,0,1249,1250,1,0,-1,1235,1236,1,0,-16
1787463941.396,D',0,1,-,119.0,3136,3133,-3,2,1,1091,1090,-1,0,-1,674,673,-1,3,-8,1461,2481,-4,1,0,1249,1250,1,0,-1,1235,1236,1,0,-16
1787463941.534,D',0,1,-,119.0,3135,3133,-2,2,1,1091,1090,-1,0,-1,674,673,-1,3,-8,2481,3501,-4,2,-2,1249,1250,1,0,-1,1235,1236,1,0,-16
1787463941.673,D',0,1,-,119.0,3135,3133,-2,2,1,1091,1090,-1,0,-1,674,674,0,3,-7,3501,439,10,3,0,1249,1250,1,0,-1,1235,1236,1,0,-16
1787463941.809,D',0,1,-,119.0,3135,3133,-2,2,1,1091,1091,0,0,0,674,674,0,3,-7,439,1461,-2,0,0,1249,1250,1,0,-1,1236,1235,-1,0,-17
1787463941.946,D',0,1,-,119.0,3136,3133,-3,2,1,1091,1090,-1,0,-1,674,673,-1,3,-8,1461,2481,-4,1,0,1249,1250,1,0,-1,1235,1235,0,0,-17
1787463942.084,D',0,1,-,119.0,3135,3133,-2,2,1,1091,1090,-1,0,-1,674,673,-1,3,-8,2481,3501,-4,2,-2,1249,1250,1,0,-1,1235,1236,1,0,-16
1787463942.221,D',0,1,-,119.0,3135,3133,-2,2,1,1091,1090,-1,0,-1,674,673,-1,3,-8,3501,439,10,3,0,1249,1250,1,0,-1,1236,1236,0,0,-16
1787463942.359,D',0,1,-,119.0,3135,3133,-2,2,1,1091,1090,-1,0,-1,674,673,-1,3,-8,439,1461,-2,0,0,1249,1250,1,0,-1,1235,1236,1,0,-16
1787463942.496,D',0,1,-,119.0,3135,3133,-2,2,1,1091,1090,-1,0,-1,674,674,0,3,-7,1461,2481,-4,1,0,1249,1250,1,0,-1,1236,1235,-1,0,-17
1787463942.634,D',0,1,-,119.0,3135,3133,-2,2,1,1091,1090,-1,0,-1,674,674,0,3,-7,2481,3501,-4,2,-2,1249,1250,1,0,-1,1235,1236,1,0,-16
1787463942.771,D',0,1,-,119.0,3135,3133,-2,2,1,1091,1091,0,0,0,674,674,0,3,-7,3501,439,10,3,0,1249,1250,1,0,-1,1236,1236,0,0,-16
1787463942.909,D',0,1,-,119.0,3135,3133,-2,2,1,1091,1090,-1,0,-1,674,673,-1,3,-8,439,1461,-2,0,0,1249,1250,1,0,-1,1235,1236,1,0,-16
1787463943.046,D',0,1,-,119.0,3135,3133,-2,2,1,1091,1090,-1,0,-1,674,673,-1,3,-8,1461,2481,-4,1,0,1249,1250,1,0,-1,1236,1236,0,0,-16
1787463943.183,D',0,1,-,119.0,3135,3133,-2,2,1,1091,1091,0,0,0,674,673,-1,3,-8,2481,3501,-4,2,-2,1249,1250,1,0,-1,1236,1236,0,0,-16
1787463943.322,D',0,1,-,119.0,3136,3133,-3,2,1,1091,1090,-1,0,-1,674,673,-1,3,-8,3501,439,10,3,0,1249,1249,0,0,-2,1235,1236,1,0,-16
1787463943.458,D',0,1,-,119.0,3135,3133,-2,2,1,1091,1090,-1,0,-1,674,673,-1,3,-8,439,1461,-2,0,0,1249,1250,1,0,-1,1236,1236,0,0,-16
1787463943.595,D',0,1,-,119.0,3135,3133,-2,2,1,1091,1090,-1,0,-1,674,673,-1,3,-8,1461,2481,-4,1,0,1249,1250,1,0,-1,1235,1236,1,0,-16
1787463943.736,D',0,1,-,119.0,3135,3133,-2,2,1,1091,1091,0,0,0,674,673,-1,3,-8,2481,3501,-4,2,-2,1249,1250,1,0,-1,1236,1236,0,0,-16
1787463943.871,D',0,1,-,119.0,3135,3133,-2,2,1,1091,1090,-1,0,-1,674,674,0,3,-7,3501,439,10,3,0,1249,1249,0,0,-2,1235,1236,1,0,-16
1787463944.008,D',0,1,-,119.0,3135,3133,-2,2,1,1091,1090,-1,0,-1,674,673,-1,3,-8,439,1461,-2,0,0,1249,1250,1,0,-1,1235,1236,1,0,-16
1787463944.148,D',0,1,-,119.0,3135,3133,-2,2,1,1091,1090,-1,0,-1,674,673,-1,3,-8,1461,2481,-4,1,0,1249,1250,1,0,-1,1236,1236,0,0,-16
1787463944.284,D',0,1,-,119.0,3135,3133,-2,2,1,1091,1090,-1,0,-1,674,674,0,3,-7,2481,3501,-4,2,-2,1249,1249,0,0,-2,1236,1236,0,0,-16
1787463944.421,D',0,1,-,119.0,3135,3133,-2,2,1,1091,1090,-1,0,-1,674,674,0,3,-7,3501,439,10,3,0,1249,1250,1,0,-1,1236,1236,0,0,-16
1787463944.558,D',0,1,-,119.0,3135,3133,-2,2,1,1091,1090,-1,0,-1,674,673,-1,3,-8,439,1461,-2,0,0,1249,1249,0,0,-2,1235,1235,0,0,-17
1787463944.697,D',0,1,-,119.0,3135,3133,-2,2,1,1091,1091,0,0,0,674,673,-1,3,-8,1461,2481,-4,1,0,1250,1249,-1,0,-2,1236,1235,-1,0,-17
1787463944.834,D',0,1,-,119.0,3135,3133,-2,2,1,1091,1090,-1,0,-1,674,673,-1,3,-8,2481,3501,-4,2,-2,1249,1249,0,0,-2,1236,1236,0,0,-16
1787463944.971,D',0,1,-,119.0,3135,3133,-2,2,1,1091,1090,-1,0,-1,674,673,-1,3,-8,3501,439,10,3,0,1249,1249,0,0,-2,1235,1236,1,0,-16
1787463945.108,D',0,1,-,119.0,3135,3134,-1,2,2,1091,1091,0,0,0,674,673,-1,3,-8,439,1461,-2,0,0,1249,1250,1,0,-1,1236,1235,-1,0,-17
1787463945.247,D',0,1,-,119.0,3135,3133,-2,2,1,1091,1091,0,0,0,674,673,-1,3,-8,1461,2481,-4,1,0,1249,1249,0,0,-2,1236,1235,-1,0,-17
1787463945.383,D',0,1,-,119.0,3135,3133,-2,2,1,1091,1090,-1,0,-1,674,673,-1,3,-8,2481,3501,-4,2,-2,1249,1250,1,0,-1,1236,1235,-1,0,-17
1787463945.521,D',0,1,-,119.0,3135,3133,-2,2,1,1091,1091,0,0,0,674,674,0,3,-7,3501,439,10,3,0,1249,1249,0,0,-2,1235,1235,0,0,-17
1787463945.658,D',0,1,-,119.0,3135,3133,-2,2,1,1091,1090,-1,0,-1,674,673,-1,3,-8,439,1461,-2,0,0,1249,1250,1,0,-1,1235,1235,0,0,-17
1787463945.795,D',0,1,-,119.0,3135,3133,-2,2,1,1091,1090,-1,0,-1,674,673,-1,3,-8,1461,2481,-4,1,0,1249,1250,1,0,-1,1236,1236,0,0,-16
1787463945.934,D',0,1,-,119.0,3135,3133,-2,2,1,1091,1090,-1,0,-1,674,673,-1,3,-8,2481,3501,-4,2,-2,1249,1249,0,0,-2,1235,1236,1,0,-16
1787463946.072,D',0,1,-,119.0,3135,3133,-2,2,1,1091,1090,-1,0,-1,674,674,0,3,-7,3501,439,10,3,0,1249,1250,1,0,-1,1236,1236,0,0,-16
1787463946.208,D',0,1,-,119.0,3136,3133,-3,2,1,1091,1091,0,0,0,674,673,-1,3,-8,439,1461,-2,0,0,1249,1250,1,0,-1,1236,1236,0,0,-16
1787463946.347,D',0,1,-,119.0,3135,3133,-2,2,1,1091,1090,-1,0,-1,674,673,-1,3,-8,1461,2481,-4,1,0,1249,1250,1,0,-1,1236,1236,0,0,-16
1787463946.486,D',0,1,-,119.0,3135,3133,-2,2,1,1091,1090,-1,0,-1,674,673,-1,3,-8,2481,3501,-4,2,-2,1249,1250,1,0,-1,1236,1235,-1,0,-17
1787463946.622,D',0,1,-,119.0,3135,3133,-2,2,1,1091,1090,-1,0,-1,674,673,-1,3,-8,3501,439,10,3,0,1249,1250,1,0,-1,1236,1236,0,0,-16
1787463946.761,D',0,1,-,119.0,3135,3133,-2,2,1,1091,1090,-1,0,-1,674,673,-1,3,-8,439,1461,-2,0,0,1249,1250,1,0,-1,1236,1236,0,0,-16
1787463946.896,D',0,1,-,119.0,3135,3133,-2,2,1,1091,1090,-1,0,-1,674,673,-1,3,-8,1461,2481,-4,1,0,1249,1249,0,0,-2,1235,1236,1,0,-16
1787463947.033,D',0,1,-,119.0,3135,3133,-2,2,1,1091,1090,-1,0,-1,674,673,-1,3,-8,2481,3501,-4,2,-2,1249,1249,0,0,-2,1235,1235,0,0,-17
1787463947.171,D',0,1,-,119.0,3135,3133,-2,2,1,1091,1090,-1,0,-1,674,674,0,3,-7,3501,439,10,3,0,1249,1250,1,0,-1,1235,1236,1,0,-16
1787463947.310,D',0,1,-,119.0,3135,3133,-2,2,1,1091,1090,-1,0,-1,674,674,0,3,-7,439,1461,-2,0,0,1249,1250,1,0,-1,1236,1236,0,0,-16
1787463947.449,D',0,1,-,119.0,3135,3133,-2,2,1,1091,1090,-1,0,-1,674,673,-1,3,-8,1461,2481,-4,1,0,1249,1250,1,0,-1,1236,1236,0,0,-16
1787463947.584,D',0,1,-,119.0,3135,3133,-2,2,1,1091,1090,-1,0,-1,674,673,-1,3,-8,2481,3501,-4,2,-2,1249,1250,1,0,-1,1236,1236,0,0,-16
1787463947.720,D',0,1,-,119.0,3135,3133,-2,2,1,1091,1090,-1,0,-1,674,673,-1,3,-8,3501,439,10,3,0,1249,1250,1,0,-1,1236,1236,0,0,-16
1787463947.860,D',0,1,-,119.0,3135,3133,-2,2,1,1091,1090,-1,0,-1,674,673,-1,3,-8,439,1461,-2,0,0,1249,1250,1,0,-1,1235,1235,0,0,-17
1787463947.996,D',0,1,-,119.0,3135,3133,-2,2,1,1091,1090,-1,0,-1,674,673,-1,3,-8,1461,2481,-4,1,0,1249,1249,0,0,-2,1235,1235,0,0,-17
1787463948.134,D',0,1,-,119.0,3135,3133,-2,2,1,1091,1090,-1,0,-1,674,673,-1,3,-8,2481,3501,-4,2,-2,1249,1250,1,0,-1,1236,1236,0,0,-16
1787463948.272,D',0,1,-,119.0,3135,3133,-2,2,1,1091,1090,-1,0,-1,674,674,0,3,-7,3501,439,10,3,0,1249,1250,1,0,-1,1236,1236,0,0,-16
1787463948.408,D',0,1,-,119.0,3136,3133,-3,2,1,1091,1090,-1,0,-1,674,673,-1,3,-8,439,1461,-2,0,0,1249,1250,1,0,-1,1235,1236,1,0,-16
1787463948.546,D',0,1,-,119.0,3135,3133,-2,2,1,1091,1091,0,0,0,674,673,-1,3,-8,1461,2481,-4,1,0,1250,1250,0,0,-1,1236,1236,0,0,-16
1787463948.683,D',0,1,-,119.0,3135,3133,-2,2,1,1091,1090,-1,0,-1,674,673,-1,3,-8,2481,3501,-4,2,-2,1249,1250,1,0,-1,1236,1235,-1,0,-17
1787463948.822,D',0,1,-,119.0,3135,3133,-2,2,1,1091,1091,0,0,0,674,674,0,3,-7,3501,439,10,3,0,1249,1250,1,0,-1,1235,1236,1,0,-16
1787463948.958,D',0,1,-,119.0,3135,3133,-2,2,1,1091,1090,-1,0,-1,674,674,0,3,-7,439,1461,-2,0,0,1249,1250,1,0,-1,1235,1236,1,0,-16
1787463949.095,D',0,1,-,119.0,3135,3133,-2,2,1,1091,1090,-1,0,-1,674,673,-1,3,-8,1461,2481,-4,1,0,1249,1250,1,0,-1,1236,1236,0,0,-16
1787463949.234,D',0,1,-,119.0,3135,3133,-2,2,1,1091,1090,-1,0,-1,674,673,-1,3,-8,2481,3501,-4,2,-2,1249,1250,1,0,-1,1236,1235,-1,0,-17
1787463949.513,D2,0,1,-,219.0,3135,3133,-2,2,1,1091,1091,0,0,0,674,673,-1,3,-8,3500,1461,9,0,0,1249,1250,1,0,-1,1235,1236,1,0,-16
1787463949.751,D2,0,1,-,219.0,3135,3133,-2,2,1,1091,1090,-1,0,-1,674,674,0,3,-7,1462,3501,-9,2,-2,1249,1250,1,0,-1,1235,1236,1,0,-16
1787463949.989,D2,0,1,-,219.0,3135,3133,-2,2,1,1091,1091,0,0,0,674,673,-1,3,-8,3501,1461,8,0,0,1249,1250,1,0,-1,1236,1236,0,0,-16
1787463950.228,D2,0,1,-,219.0,3135,3133,-2,2,1,1091,1090,-1,0,-1,674,673,-1,3,-8,1461,3501,-8,2,-2,1249,1250,1,0,-1,1235,1236,1,0,-16
1787463950.463,D2,0,1,-,219.0,3135,3133,-2,2,1,1091,1090,-1,0,-1,674,673,-1,3,-8,3501,1461,8,0,0,1249,1250,1,0,-1,1235,1236,1,0,-16
1787463950.701,D2,0,1,-,219.0,3135,3133,-2,2,1,1091,1090,-1,0,-1,674,674,0,3,-7,1462,3501,-9,2,-2,1249,1250,1,0,-1,1236,1236,0,0,-16
1787463950.939,D2,0,1,-,219.0,3136,3133,-3,2,1,1091,1090,-1,0,-1,674,673,-1,3,-8,3501,1461,8,0,0,1249,1249,0,0,-2,1235,1236,1,0,-16
1787463951.175,D2,0,1,-,219.0,3135,3133,-2,2,1,1091,1090,-1,0,-1,674,673,-1,3,-8,1461,3501,-8,2,-2,1249,1250,1,0,-1,1236,1236,0,0,-16
1787463951.414,D2,0,1,-,219.0,3135,3133,-2,2,1,1091,1090,-1,0,-1,674,673,-1,3,-8,3501,1461,8,0,0,1249,1250,1,0,-1,1235,1236,1,0,-16
1787463951.651,D2,0,1,-,219.0,3135,3133,-2,2,1,1091,1090,-1,0,-1,674,674,0,3,-7,1462,3501,-9,2,-2,1249,1249,0,0,-2,1236,1236,0,0,-16
1787463951.888,D2,0,1,-,219.0,3135,3133,-2,2,1,1091,1090,-1,0,-1,674,673,-1,3,-8,3501,1461,8,0,0,1249,1250,1,0,-1,1236,1236,0,0,-16
1787463952.126,D2,0,1,-,219.0,3135,3133,-2,2,1,1091,1090,-1,0,-1,674,673,-1,3,-8,1462,3501,-9,2,-2,1249,1249,0,0,-2,1236,1236,0,0,-16
1787463952.364,D2,0,1,-,219.0,3135,3133,-2,2,1,1091,1090,-1,0,-1,674,673,-1,3,-8,3501,1461,8,0,0,1249,1250,1,0,-1,1236,1236,0,0,-16
1787463952.601,D2,0,1,-,219.0,3135,3133,-2,2,1,1091,1090,-1,0,-1,674,673,-1,3,-8,1462,3501,-9,2,-2,1250,1250,0,0,-1,1235,1236,1,0,-16
1787463952.838,D2,0,1,-,219.0,3135,3133,-2,2,1,1091,1090,-1,0,-1,674,673,-1,3,-8,3501,1461,8,0,0,1249,1250,1,0,-1,1235,1236,1,0,-16
1787463953.078,D2,0,1,-,219.0,3135,3133,-2,2,1,1091,1090,-1,0,-1,674,673,-1,3,-8,1462,3501,-9,2,-2,1249,1250,1,0,-1,1235,1236,1,0,-16
1787463953.314,D2,0,1,-,219.0,3135,3133,-2,2,1,1091,1090,-1,0,-1,674,673,-1,3,-8,3501,1461,8,0,0,1249,1249,0,0,-2,1235,1235,0,0,-17
1787463953.551,D2,0,1,-,219.0,3135,3133,-2,2,1,1091,1090,-1,0,-1,674,673,-1,3,-8,1462,3501,-9,2,-2,1249,1250,1,0,-1,1235,1236,1,0,-16
1787463953.788,D2,0,1,-,219.0,3135,3133,-2,2,1,1091,1090,-1,0,-1,674,673,-1,3,-8,3501,1461,8,0,0,1249,1250,1,0,-1,1236,1236,0,0,-16
1787463954.026,D2,0,1,-,219.0,3135,3133,-2,2,1,1091,1090,-1,0,-1,674,673,-1,3,-8,1462,3501,-9,2,-2,1249,1250,1,0,-1,1236,1236,0,0,-16
1787463954.265,D2,0,1,-,219.0,3135,3133,-2,2,1,1091,1091,0,0,0,674,673,-1,3,-8,3501,1461,8,0,0,1249,1249,0,0,-2,1236,1236,0,0,-16
1787463954.501,D2,0,1,-,219.0,3135,3133,-2,2,1,1091,1090,-1,0,-1,674,673,-1,3,-8,1462,3501,-9,2,-2,1249,1250,1,0,-1,1236,1235,-1,0,-17
1787463954.738,D2,0,1,-,219.0,3135,3133,-2,2,1,1091,1090,-1,0,-1,674,673,-1,3,-8,3501,1461,8,0,0,1249,1250,1,0,-1,1236,1235,-1,0,-17
1787463954.975,D2,0,1,-,219.0,3135,3133,-2,2,1,1091,1090,-1,0,-1,674,674,0,3,-7,1461,3501,-8,2,-2,1249,1250,1,0,-1,1236,1236,0,0,-16
1787463955.215,D2,0,1,-,219.0,3135,3133,-2,2,1,1091,1090,-1,0,-1,674,673,-1,3,-8,3501,1461,8,0,0,1249,1249,0,0,-2,1235,1236,1,0,-16
1787463955.451,D2,0,1,-,219.0,3135,3133,-2,2,1,1091,1090,-1,0,-1,674,673,-1,3,-8,1462,3501,-9,2,-2,1249,1249,0,0,-2,1236,1236,0,0,-16
1787463955.688,D2,0,1,-,219.0,3135,3133,-2,2,1,1091,1091,0,0,0,674,673,-1,3,-8,3501,1461,8,0,0,1249,1250,1,0,-1,1236,1236,0,0,-16
1787463955.928,D2,0,1,-,219.0,3135,3133,-2,2,1,1091,1090,-1,0,-1,674,673,-1,3,-8,1462,3501,-9,2,-2,1249,1250,1,0,-1,1236,1236,0,0,-16
1787463956.163,D2,0,1,-,219.0,3135,3133,-2,2,1,1091,1090,-1,0,-1,674,673,-1,3,-8,3501,1461,8,0,0,1249,1250,1,0,-1,1235,1236,1,0,-16
1787463956.401,D2,0,1,-,219.0,3135,3133,-2,2,1,1091,1090,-1,0,-1,674,673,-1,3,-8,1462,3501,-9,2,-2,1249,1250,1,0,-1,1235,1236,1,0,-16
1787463956.638,D2,0,1,-,219.0,3135,3133,-2,2,1,1091,1090,-1,0,-1,674,674,0,3,-7,3501,1461,8,0,0,1249,1249,0,0,-2,1235,1236,1,0,-16
1787463956.875,D2,0,1,-,219.0,3135,3133,-2,2,1,1091,1090,-1,0,-1,674,673,-1,3,-8,1461,3501,-8,2,-2,1249,1250,1,0,-1,1235,1236,1,0,-16
1787463957.115,D2,0,1,-,219.0,3135,3133,-2,2,1,1091,1090,-1,0,-1,674,673,-1,3,-8,3501,1461,8,0,0,1249,1250,1,0,-1,1236,1236,0,0,-16
1787463957.350,D2,0,1,-,219.0,3135,3133,-2,2,1,1091,1090,-1,0,-1,674,673,-1,3,-8,1462,3501,-9,2,-2,1249,1250,1,0,-1,1236,1236,0,0,-16
1787463957.588,D2,0,1,-,219.0,3135,3133,-2,2,1,1091,1090,-1,0,-1,674,673,-1,3,-8,3501,1461,8,0,0,1249,1250,1,0,-1,1236,1236,0,0,-16
1787463957.825,D2,0,1,-,219.0,3135,3133,-2,2,1,1091,1091,0,0,0,674,673,-1,3,-8,1461,3501,-8,2,-2,1249,1250,1,0,-1,1236,1236,0,0,-16
1787463958.065,D2,0,1,-,219.0,3135,3133,-2,2,1,1091,1091,0,0,0,674,673,-1,3,-8,3502,1461,7,0,0,1249,1249,0,0,-2,1235,1236,1,0,-16
1787463958.301,D2,0,1,-,219.0,3135,3133,-2,2,1,1091,1090,-1,0,-1,674,674,0,3,-7,1461,3501,-8,2,-2,1249,1250,1,0,-1,1235,1236,1,0,-16
1787463958.537,D2,0,1,-,219.0,3135,3133,-2,2,1,1091,1090,-1,0,-1,674,673,-1,3,-8,3501,1461,8,0,0,1249,1249,0,0,-2,1235,1236,1,0,-16
1787463958.776,D2,0,1,-,219.0,3135,3133,-2,2,1,1091,1091,0,0,0,674,673,-1,3,-8,1462,3501,-9,2,-2,1249,1249,0,0,-2,1236,1236,0,0,-16
1787463959.015,D2,0,1,-,219.0,3135,3133,-2,2,1,1091,1090,-1,0,-1,674,673,-1,3,-8,3501,1461,8,0,0,1249,1250,1,0,-1,1235,1236,1,0,-16
1787463959.251,D2,0,1,-,219.0,3135,3133,-2,2,1,1091,1090,-1,0,-1,674,673,-1,3,-8,1462,3501,-9,2,-2,1249,1249,0,0,-2,1236,1236,0,0,-16
1787463959.490,D2,0,1,-,219.0,3135,3133,-2,2,1,1091,1090,-1,0,-1,674,673,-1,3,-8,3501,1461,8,0,0,1249,1249,0,0,-2,1236,1236,0,0,-16
1787463959.725,D2,0,1,-,219.0,3135,3133,-2,2,1,1091,1090,-1,0,-1,674,674,0,3,-7,1461,3501,-8,2,-2,1249,1250,1,0,-1,1236,1236,0,0,-16
1787463959.964,D2,0,1,-,219.0,3135,3133,-2,2,1,1091,1091,0,0,0,674,674,0,3,-7,3501,1461,8,0,0,1249,1250,1,0,-1,1235,1235,0,0,-17
1787463960.202,D2,0,1,-,219.0,3135,3133,-2,2,1,1091,1090,-1,0,-1,674,674,0,3,-7,1462,3501,-9,2,-2,1249,1250,1,0,-1,1235,1236,1,0,-16
1787463960.438,D2,0,1,-,219.0,3135,3133,-2,2,1,1091,1090,-1,0,-1,674,674,0,3,-7,3501,1461,8,0,0,1249,1250,1,0,-1,1236,1236,0,0,-16
1787463960.676,D2,0,1,-,219.0,3135,3133,-2,2,1,1091,1090,-1,0,-1,674,673,-1,3,-8,1462,3501,-9,2,-2,1249,1250,1,0,-1,1235,1236,1,0,-16
1787463960.913,D2,0,1,-,219.0,3135,3133,-2,2,1,1091,1091,0,0,0,674,674,0,3,-7,3501,1461,8,0,0,1249,1249,0,0,-2,1235,1236,1,0,-16
1787463961.150,D2,0,1,-,219.0,3135,3133,-2,2,1,1091,1090,-1,0,-1,674,673,-1,3,-8,1461,3501,-8,2,-2,1250,1250,0,0,-1,1236,1236,0,0,-16
1787463961.388,D2,0,1,-,219.0,3135,3133,-2,2,1,1091,1090,-1,0,-1,674,673,-1,3,-8,3501,1461,8,0,0,1249,1250,1,0,-1,1235,1236,1,0,-16
1787463961.626,D2,0,1,-,219.0,3135,3133,-2,2,1,1091,1090,-1,0,-1,674,674,0,3,-7,1462,3501,-9,2,-2,1249,1250,1,0,-1,1236,1236,0,0,-16
1787463961.864,D2,0,1,-,219.0,3135,3133,-2,2,1,1091,1090,-1,0,-1,674,674,0,3,-7,3501,1461,8,0,0,1250,1249,-1,0,-2,1236,1235,-1,0,-17
1787463962.102,D2,0,1,-,219.0,3135,3133,-2,2,1,1091,1090,-1,0,-1,674,673,-1,3,-8,1462,3501,-9,2,-2,1249,1250,1,0,-1,1236,1235,-1,0,-17
1787463962.338,D2,0,1,-,219.0,3136,3133,-3,2,1,1091,1091,0,0,0,674,673,-1,3,-8,3502,1461,7,0,0,1249,1250,1,0,-1,1236,1236,0,0,-16
1787463962.575,D2,0,1,-,219.0,3135,3133,-2,2,1,1091,1091,0,0,0,674,674,0,3,-7,1462,3501,-9,2,-2,1249,1250,1,0,-1,1236,1235,-1,0,-17
1787463962.812,D2,0,1,-,219.0,3135,3133,-2,2,1,1091,1090,-1,0,-1,674,674,0,3,-7,3501,1461,8,0,0,1250,1250,0,0,-1,1235,1235,0,0,-17
1787463963.051,D2,0,1,-,219.0,3135,3133,-2,2,1,1091,1090,-1,0,-1,674,673,-1,3,-8,1462,3501,-9,2,-2,1249,1250,1,0,-1,1236,1235,-1,0,-17
1787463963.290,D2,0,1,-,219.0,3135,3133,-2,2,1,1091,1090,-1,0,-1,674,674,0,3,-7,3501,1461,8,0,0,1249,1250,1,0,-1,1236,1236,0,0,-16
1787463963.526,D2,0,1,-,219.0,3135,3133,-2,2,1,1091,1090,-1,0,-1,674,673,-1,3,-8,1462,3501,-9,2,-2,1249,1249,0,0,-2,1236,1236,0,0,-16
1787463963.763,D2,0,1,-,219.0,3135,3133,-2,2,1,1091,1090,-1,0,-1,674,673,-1,3,-8,3501,1461,8,0,0,1249,1250,1,0,-1,1236,1236,0,0,-16
1787463964.002,D2,0,1,-,219.0,3135,3133,-2,2,1,1091,1090,-1,0,-1,674,674,0,3,-7,1461,3501,-8,2,-2,1249,1250,1,0,-1,1235,1236,1,0,-16
1787463964.237,D2,0,1,-,219.0,3135,3133,-2,2,1,1091,1091,0,0,0,674,674,0,3,-7,3501,1461,8,0,0,1249,1249,0,0,-2,1236,1236,0,0,-16
1787463964.475,D2,0,1,-,219.0,3135,3133,-2,2,1,1091,1090,-1,0,-1,674,673,-1,3,-8,1461,3501,-8,2,-2,1249,1250,1,0,-1,1236,1235,-1,0,-17
1787463964.715,D2,0,1,-,219.0,3135,3133,-2,2,1,1091,1090,-1,0,-1,674,673,-1,3,-8,3501,1461,8,0,0,1249,1250,1,0,-1,1236,1236,0,0,-16
1787463964.951,D2,0,1,-,219.0,3135,3133,-2,2,1,1091,1090,-1,0,-1,674,673,-1,3,-8,1462,3501,-9,2,-2,1249,1250,1,0,-1,1236,1236,0,0,-16
1787463965.188,D2,0,1,-,219.0,3135,3133,-2,2,1,1091,1090,-1,0,-1,674,674,0,3,-7,3501,1461,8,0,0,1250,1250,0,0,-1,1235,1236,1,0,-16
1787463965.425,D2,0,1,-,219.0,3136,3133,-3,2,1,1091,1091,0,0,0,674,673,-1,3,-8,1462,3501,-9,2,-2,1249,1249,0,0,-2,1235,1236,1,0,-16
1787463965.662,D2,0,1,-,219.0,3135,3133,-2,2,1,1091,1091,0,0,0,674,674,0,3,-7,3501,1461,8,0,0,1249,1250,1,0,-1,1236,1235,-1,0,-17
1787463965.899,D2,0,1,-,219.0,3135,3133,-2,2,1,1091,1090,-1,0,-1,674,673,-1,3,-8,1462,3501,-9,2,-2,1249,1250,1,0,-1,1236,1236,0,0,-16
1787463966.140,D2,0,1,-,219.0,3135,3133,-2,2,1,1091,1090,-1,0,-1,674,673,-1,3,-8,3501,1461,8,0,0,1249,1250,1,0,-1,1236,1236,0,0,-16
1787463966.375,D2,0,1,-,219.0,3136,3133,-3,2,1,1091,1090,-1,0,-1,674,673,-1,3,-8,1462,3501,-9,2,-2,1249,1249,0,0,-2,1235,1236,1,0,-16
1787463966.615,D2,0,1,-,219.0,3135,3133,-2,2,1,1091,1090,-1,0,-1,674,673,-1,3,-8,3501,1461,8,0,0,1250,1249,-1,0,-2,1235,1236,1,0,-16
1787463966.850,D2,0,1,-,219.0,3135,3133,-2,2,1,1091,1090,-1,0,-1,674,673,-1,3,-8,1462,3501,-9,2,-2,1249,1250,1,0,-1,1236,1236,0,0,-16
1787463967.090,D2,0,1,-,219.0,3135,3133,-2,2,1,1091,1090,-1,0,-1,674,673,-1,3,-8,3501,1461,8,0,0,1249,1250,1,0,-1,1236,1236,0,0,-16
1787463967.325,D2,0,1,-,219.0,3135,3133,-2,2,1,1091,1090,-1,0,-1,674,673,-1,3,-8,1462,3501,-9,2,-2,1249,1250,1,0,-1,1236,1235,-1,0,-17
1787463967.565,D2,0,1,-,219.0,3135,3133,-2,2,1,1091,1090,-1,0,-1,674,674,0,3,-7,3501,1461,8,0,0,1249,1250,1,0,-1,1235,1236,1,0,-16
1787463967.802,D2,0,1,-,219.0,3135,3133,-2,2,1,1091,1091,0,0,0,674,674,0,3,-7,1462,3501,-9,2,-2,1249,1250,1,0,-1,1235,1236,1,0,-16
1787463968.040,D2,0,1,-,219.0,3135,3133,-2,2,1,1091,1090,-1,0,-1,674,674,0,3,-7,3501,1461,8,0,0,1249,1250,1,0,-1,1236,1235,-1,0,-17
1787463968.275,D2,0,1,-,219.0,3135,3133,-2,2,1,1091,1090,-1,0,-1,674,673,-1,3,-8,1461,3501,-8,2,-2,1249,1250,1,0,-1,1235,1236,1,0,-16
1787463968.512,D2,0,1,-,219.0,3135,3133,-2,2,1,1091,1090,-1,0,-1,674,673,-1,3,-8,3501,1461,8,0,0,1249,1250,1,0,-1,1236,1236,0,0,-16
1787463968.750,D2,0,1,-,219.0,3136,3133,-3,2,1,1091,1090,-1,0,-1,674,673,-1,3,-8,1461,3501,-8,2,-2,1249,1250,1,0,-1,1236,1236,0,0,-16
1787463968.987,D2,0,1,-,219.0,3135,3133,-2,2,1,1091,1090,-1,0,-1,674,673,-1,3,-8,3501,1461,8,0,0,1249,1250,1,0,-1,1235,1236,1,0,-16
1787463969.226,D2,0,1,-,219.0,3136,3133,-3,2,1,1091,1090,-1,0,-1,674,673,-1,3,-8,1462,3501,-9,2,-2,1249,1249,0,0,-2,1235,1236,1,0,-16
1787463969.463,D2,0,1,-,219.0,3136,3133,-3,2,1,1091,1090,-1,0,-1,674,673,-1,3,-8,3501,1461,8,0,0,1249,1250,1,0,-1,1236,1236,0,0,-16
1787463969.702,D2,0,1,-,219.0,3135,3133,-2,2,1,1091,1090,-1,0,-1,674,673,-1,3,-8,1461,3501,-8,2,-2,1249,1250,1,0,-1,1236,1236,0,0,-16
1787463969.938,D2,0,1,-,219.0,3135,3133,-2,2,1,1091,1090,-1,0,-1,674,673,-1,3,-8,3501,1461,8,0,0,1249,1249,0,0,-2,1236,1236,0,0,-16
1787463970.175,D2,0,1,-,219.0,3135,3133,-2,2,1,1091,1091,0,0,0,674,673,-1,3,-8,1462,3501,-9,2,-2,1249,1249,0,0,-2,1236,1236,0,0,-16
1787463970.412,D2,0,1,-,219.0,3135,3133,-2,2,1,1091,1090,-1,0,-1,674,673,-1,3,-8,3501,1461,8,0,0,1250,1250,0,0,-1,1235,1236,1,0,-16
1787463970.650,D2,0,1,-,219.0,3135,3133,-2,2,1,1091,1090,-1,0,-1,674,673,-1,3,-8,1462,3501,-9,2,-2,1249,1249,0,0,-2,1235,1236,1,0,-16
1787463970.888,D2,0,1,-,219.0,3136,3133,-3,2,1,1091,1090,-1,0,-1,674,673,-1,3,-8,3501,1461,8,0,0,1249,1250,1,0,-1,1235,1236,1,0,-16
1787463971.125,D2,0,1,-,219.0,3135,3133,-2,2,1,1091,1090,-1,0,-1,674,674,0,3,-7,1461,3501,-8,2,-2,1249,1249,0,0,-2,1235,1236,1,0,-16
1787463971.362,D2,0,1,-,219.0,3135,3133,-2,2,1,1091,1090,-1,0,-1,674,673,-1,3,-8,3501,1461,8,0,0,1249,1250,1,0,-1,1236,1236,0,0,-16
1787463971.600,D2,0,1,-,219.0,3135,3133,-2,2,1,1091,1090,-1,0,-1,674,673,-1,3,-8,1462,3501,-9,2,-2,1249,1249,0,0,-2,1236,1236,0,0,-16
1787463971.837,D2,0,1,-,219.0,3135,3133,-2,2,1,1091,1090,-1,0,-1,674,674,0,3,-7,3501,1461,8,0,0,1249,1250,1,0,-1,1236,1236,0,0,-16
1787463972.075,D2,0,1,-,219.0,3135,3133,-2,2,1,1091,1090,-1,0,-1,674,674,0,3,-7,1462,3501,-9,2,-2,1249,1250,1,0,-1,1235,1236,1,0,-16
1787463972.313,D2,0,1,-,219.0,3135,3133,-2,2,1,1091,1091,0,0,0,674,673,-1,3,-8,3501,1461,8,0,0,1249,1250,1,0,-1,1236,1236,0,0,-16
1787463972.550,D2,0,1,-,219.0,3135,3133,-2,2,1,1091,1090,-1,0,-1,674,673,-1,3,-8,1462,3501,-9,2,-2,1249,1250,1,0,-1,1236,1235,-1,0,-17
1787463972.788,D2,0,1,-,219.0,3135,3133,-2,2,1,1091,1090,-1,0,-1,674,673,-1,3,-8,3502,1461,7,0,0,1249,1250,1,0,-1,1236,1236,0,0,-16
1787463973.026,D2,0,1,-,219.0,3135,3133,-2,2,1,1091,1090,-1,0,-1,674,673,-1,3,-8,1462,3501,-9,2,-2,1249,1250,1,0,-1,1235,1236,1,0,-16
1787463973.167,D,0,1,-,119.0,3135,3133,-2,2,1,1091,1090,-1,0,-1,674,673,-1,3,-8,3501,2481,4,1,0,1249,1249,0,0,-2,1236,1236,0,0,-16
1787463973.304,D',0,1,-,119.0,3135,3133,-2,2,1,1091,1090,-1,0,-1,674,673,-1,3,-8,2481,3501,-4,2,-2,1249,1249,0,0,-2,1235,1236,1,0,-16
1787463973.440,D',0,1,-,119.0,3135,3133,-2,2,1,1091,1090,-1,0,-1,674,673,-1,3,-8,3501,439,10,3,0,1249,1250,1,0,-1,1236,1236,0,0,-16
1787463973.578,D,0,1,-,119.0,3135,3133,-2,2,1,1091,1091,0,0,0,674,673,-1,3,-8,439,3501,-10,2,-2,1249,1250,1,0,-1,1236,1236,0,0,-16
1787463973.715,D,0,1,-,119.0,3135,3133,-2,2,1,1091,1090,-1,0,-1,674,673,-1,3,-8,3501,2481,4,1,0,1249,1250,1,0,-1,1235,1235,0,0,-17
1787463973.853,D',0,1,-,119.0,3135,3133,-2,2,1,1091,1090,-1,0,-1,674,674,0,3,-7,2481,3501,-4,2,-2,1249,1249,0,0,-2,1236,1236,0,0,-16
1787463973.992,D',0,1,-,119.0,3135,3133,-2,2,1,1091,1090,-1,0,-1,674,674,0,3,-7,3501,439,10,3,0,1249,1249,0,0,-2,1236,1236,0,0,-16
1787463974.129,D,0,1,-,119.0,3135,3133,-2,2,1,1091,1091,0,0,0,674,673,-1,3,-8,439,3501,-10,2,-2,1249,1250,1,0,-1,1236,1235,-1,0,-17
1787463974.266,D,0,1,-,119.0,3135,3133,-2,2,1,1091,1090,-1,0,-1,674,674,0,3,-7,3501,2481,4,1,0,1249,1250,1,0,-1,1236,1236,0,0,-16
1787463974.404,D',0,1,-,119.0,3135,3133,-2,2,1,1091,1090,-1,0,-1,674,673,-1,3,-8,2481,3501,-4,2,-2,1249,1250,1,0,-1,1235,1236,1,0,-16
1787463974.540,D',0,1,-,119.0,3135,3133,-2,2,1,1091,1091,0,0,0,674,673,-1,3,-8,3501,439,10,3,0,1249,1249,0,0,-2,1236,1236,0,0,-16
1787463974.677,D,0,1,-,119.0,3135,3133,-2,2,1,1091,1091,0,0,0,674,673,-1,3,-8,439,3501,-10,2,-2,1249,1250,1,0,-1,1236,1236,0,0,-16
1787463974.815,D,0,1,-,119.0,3135,3133,-2,2,1,1091,1090,-1,0,-1,674,673,-1,3,-8,3501,2481,4,1,0,1249,1249,0,0,-2,1236,1236,0,0,-16
1787463974.953,D',0,1,-,119.0,3135,3133,-2,2,1,1091,1090,-1,0,-1,674,673,-1,3,-8,2481,3501,-4,2,-2,1249,1250,1,0,-1,1236,1236,0,0,-16
1787463975.090,D',0,1,-,119.0,3135,3133,-2,2,1,1091,1091,0,0,0,674,674,0,3,-7,3501,439,10,3,0,1249,1250,1,0,-1,1236,1236,0,0,-16
1787463975.230,D,0,1,-,119.0,3135,3133,-2,2,1,1091,1091,0,0,0,674,673,-1,3,-8,439,3501,-10,2,-2,1249,1250,1,0,-1,1236,1236,0,0,-16
1787463975.366,D,0,1,-,119.0,3135,3133,-2,2,1,1091,1090,-1,0,-1,674,673,-1,3,-8,3501,2481,4,1,0,1249,1250,1,0,-1,1235,1236,1,0,-16
1787463975.504,D',0,1,-,119.0,3135,3133,-2,2,1,1091,1090,-1,0,-1,674,673,-1,3,-8,2481,3501,-4,2,-2,1249,1250,1,0,-1,1236,1236,0,0,-16
1787463975.641,D',0,1,-,119.0,3135,3133,-2,2,1,1091,1090,-1,0,-1,674,673,-1,3,-8,3501,439,10,3,0,1249,1250,1,0,-1,1236,1236,0,0,-16
1787463975.778,D,0,1,-,119.0,3135,3133,-2,2,1,1091,1090,-1,0,-1,674,673,-1,3,-8,439,3501,-10,2,-2,1249,1250,1,0,-1,1235,1236,1,0,-16
1787463975.915,D,0,1,-,119.0,3136,3133,-3,2,1,1091,1090,-1,0,-1,674,673,-1,3,-8,3501,2481,4,1,0,1249,1250,1,0,-1,1236,1236,0,0,-16
1787463976.054,D',0,1,-,119.0,3135,3133,-2,2,1,1091,1090,-1,0,-1,674,673,-1,3,-8,2481,3501,-4,2,-2,1249,1250,1,0,-1,1235,1235,0,0,-17
1787463976.190,D',0,1,-,119.0,3135,3133,-2,2,1,1091,1090,-1,0,-1,674,674,0,3,-7,3501,439,10,3,0,1249,1250,1,0,-1,1236,1236,0,0,-16
1787463976.328,D,0,1,-,119.0,3135,3133,-2,2,1,1091,1090,-1,0,-1,674,673,-1,3,-8,439,3501,-10,2,-2,1249,1250,1,0,-1,1236,1236,0,0,-16
1787463976.465,D,0,1,-,119.0,3136,3133,-3,2,1,1091,1090,-1,0,-1,674,673,-1,3,-8,3502,2481,3,1,0,1249,1250,1,0,-1,1236,1236,0,0,-16
1787463976.602,D',0,1,-,119.0,3135,3133,-2,2,1,1091,1090,-1,0,-1,674,673,-1,3,-8,2481,3500,-5,2,-3,1249,1250,1,0,-1,1236,1235,-1,0,-17
1787463976.740,D',0,1,-,119.0,3135,3133,-2,2,1,1091,1090,-1,0,-1,674,673,-1,3,-8,3501,439,10,3,0,1249,1250,1,0,-1,1235,1236,1,0,-16
1787463976.878,D,0,1,-,119.0,3135,3133,-2,2,1,1091,1090,-1,0,-1,674,673,-1,3,-8,439,3501,-10,2,-2,1249,1250,1,0,-1,1236,1236,0,0,-16
1787463977.017,D,0,1,-,119.0,3135,3133,-2,2,1,1091,1090,-1,0,-1,674,673,-1,3,-8,3502,2481,3,1,0,1249,1250,1,0,-1,1236,1236,0,0,-16
1787463977.153,D',0,1,-,119.0,3135,3133,-2,2,1,1091,1090,-1,0,-1,674,674,0,3,-7,2481,3501,-4,2,-2,1250,1249,-1,0,-2,1235,1236,1,0,-16
1787463977.290,D',0,1,-,119.0,3135,3133,-2,2,1,1091,1090,-1,0,-1,674,673,-1,3,-8,3501,439,10,3,0,1249,1250,1,0,-1,1236,1236,0,0,-16
1787463977.428,D,0,1,-,119.0,3135,3133,-2,2,1,1091,1090,-1,0,-1,674,673,-1,3,-8,439,3501,-10,2,-2,1249,1250,1,0,-1,1235,1236,1,0,-16
1787463977.566,D,0,1,-,119.0,3136,3133,-3,2,1,1091,1090,-1,0,-1,674,673,-1,3,-8,3501,2481,4,1,0,1249,1250,1,0,-1,1235,1236,1,0,-16
1787463977.700,D',0,1,-,119.0,3135,3133,-2,2,1,1091,1090,-1,0,-1,674,674,0,3,-7,2481,3501,-4,2,-2,1249,1250,1,0,-1,1236,1236,0,0,-16
1787463977.835,D',0,1,-,119.0,3135,3133,-2,2,1,1091,1090,-1,0,-1,674,673,-1,3,-8,3501,439,10,3,0,1249,1250,1,0,-1,1236,1236,0,0,-16
1787463977.978,D,0,1,-,119.0,3135,3133,-2,2,1,1091,1090,-1,0,-1,674,673,-1,3,-8,439,3501,-10,2,-2,1249,1250,1,0,-1,1235,1236,1,0,-16
1787463978.113,D,0,1,-,119.0,3135,3133,-2,2,1,1091,1090,-1,0,-1,674,673,-1,3,-8,3501,2481,4,1,0,1249,1249,0,0,-2,1236,1236,0,0,-16
1787463978.250,D',0,1,-,119.0,3135,3133,-2,2,1,1091,1090,-1,0,-1,674,673,-1,3,-8,2481,3501,-4,2,-2,1249,1250,1,0,-1,1235,1236,1,0,-16
1787463978.382,D',0,1,-,119.0,3135,3133,-2,2,1,1091,1090,-1,0,-1,674,673,-1,3,-8,3501,439,10,3,0,1249,1250,1,0,-1,1236,1236,0,0,-16
1787463978.517,D,0,1,-,119.0,3135,3133,-2,2,1,1091,1090,-1,0,-1,674,673,-1,3,-8,439,3501,-10,2,-2,1250,1249,-1,0,-2,1236,1236,0,0,-16
1787463978.664,D,0,1,-,119.0,3135,3133,-2,2,1,1091,1090,-1,0,-1,674,673,-1,3,-8,3501,2481,4,1,0,1249,1250,1,0,-1,1236,1236,0,0,-16
1787463978.802,D',0,1,-,119.0,3135,3133,-2,2,1,1091,1090,-1,0,-1,674,673,-1,3,-8,2481,3501,-4,2,-2,1249,1250,1,0,-1,1235,1236,1,0,-16
1787463978.938,D',0,1,-,119.0,3135,3133,-2,2,1,1091,1091,0,0,0,674,674,0,3,-7,3501,439,10,3,0,1249,1250,1,0,-1,1236,1236,0,0,-16
1787463979.073,D,0,1,-,119.0,3136,3133,-3,2,1,1091,1091,0,0,0,674,673,-1,3,-8,439,3501,-10,2,-2,1249,1250,1,0,-1,1235,1236,1,0,-16
1787463979.215,D,0,1,-,119.0,3135,3133,-2,2,1,1091,1091,0,0,0,674,674,0,3,-7,3502,2481,3,1,0,1249,1250,1,0,-1,1236,1236,0,0,-16
1787463979.353,D',0,1,-,119.0,3135,3133,-2,2,1,1091,1090,-1,0,-1,674,673,-1,3,-8,2481,3501,-4,2,-2,1249,1250,1,0,-1,1235,1236,1,0,-16
1787463979.490,D',0,1,-,119.0,3135,3133,-2,2,1,1091,1090,-1,0,-1,674,673,-1,3,-8,3501,440,11,3,1,1249,1250,1,0,-1,1235,1236,1,0,-16
1787463979.627,D,0,1,-,119.0,3135,3133,-2,2,1,1091,1091,0,0,0,674,674,0,3,-7,439,3501,-10,2,-2,1250,1250,0,0,-1,1235,1236,1,0,-16
1787463979.765,D,0,1,-,119.0,3135,3133,-2,2,1,1091,1090,-1,0,-1,674,673,-1,3,-8,3501,2481,4,1,0,1249,1250,1,0,-1,1235,1236,1,0,-16
1787463979.903,D',0,1,-,119.0,3135,3133,-2,2,1,1091,1090,-1,0,-1,674,673,-1,3,-8,2481,3501,-4,2,-2,1250,1250,0,0,-1,1236,1236,0,0,-16
1787463980.039,D',0,1,-,119.0,3135,3133,-2,2,1,1091,1090,-1,0,-1,674,673,-1,3,-8,3501,439,10,3,0,1249,1250,1,0,-1,1235,1236,1,0,-16
1787463980.177,D,0,1,-,119.0,3135,3133,-2,2,1,1091,1090,-1,0,-1,674,673,-1,3,-8,439,3501,-10,2,-2,1249,1250,1,0,-1,1235,1236,1,0,-16
1787463980.302,D,0,1,-,119.0,3135,3133,-2,2,1,1091,1090,-1,0,-1,674,673,-1,3,-8,3501,2481,4,1,0,1249,1249,0,0,-2,1235,1236,1,0,-16
1787463980.453,D',0,1,-,119.0,3135,3133,-2,2,1,1091,1090,-1,0,-1,674,673,-1,3,-8,2481,3501,-4,2,-2,1249,1249,0,0,-2,1235,1236,1,0,-16
1787463980.589,D',0,1,-,119.0,3135,3133,-2,2,1,1091,1090,-1,0,-1,674,673,-1,3,-8,3501,440,11,3,1,1249,1250,1,0,-1,1235,1236,1,0,-16
1787463980.726,D,0,1,-,119.0,3135,3133,-2,2,1,1091,1090,-1,0,-1,674,673,-1,3,-8,439,3501,-10,2,-2,1249,1250,1,0,-1,1236,1236,0,0,-16
1787463980.854,D,0,1,-,119.0,3135,3133,-2,2,1,1091,1091,0,0,0,674,673,-1,3,-8,3501,2481,4,1,0,1249,1250,1,0,-1,1236,1236,0,0,-16
1787463981.002,D',0,1,-,119.0,3136,3133,-3,2,1,1091,1090,-1,0,-1,674,674,0,3,-7,2481,3501,-4,2,-2,1249,1250,1,0,-1,1235,1236,1,0,-16
1787463981.140,D',0,1,-,119.0,3135,3133,-2,2,1,1091,1090,-1,0,-1,674,674,0,3,-7,3501,439,10,3,0,1249,1249,0,0,-2,1236,1236,0,0,-16
1787463981.274,D,0,1,-,119.0,3135,3133,-2,2,1,1091,1090,-1,0,-1,674,674,0,3,-7,439,3501,-10,2,-2,1249,1250,1,0,-1,1235,1236,1,0,-16
1787463981.415,D,0,1,-,119.0,3135,3133,-2,2,1,1091,1090,-1,0,-1,674,673,-1,3,-8,3501,2481,4,1,0,1249,1250,1,0,-1,1236,1236,0,0,-16
1787463981.551,D',0,1,-,119.0,3135,3133,-2,2,1,1091,1090,-1,0,-1,674,673,-1,3,-8,2481,3500,-5,2,-3,1249,1250,1,0,-1,1236,1236,0,0,-16
1787463981.690,D',0,1,-,119.0,3135,3133,-2,2,1,1091,1090,-1,0,-1,674,673,-1,3,-8,3501,439,10,3,0,1249,1250,1,0,-1,1235,1235,0,0,-17
1787463981.827,D,0,1,-,119.0,3135,3133,-2,2,1,1091,1090,-1,0,-1,674,674,0,3,-7,439,3501,-10,2,-2,1249,1250,1,0,-1,1236,1236,0,0,-16
1787463981.965,D,0,1,-,119.0,3135,3133,-2,2,1,1091,1090,-1,0,-1,674,673,-1,3,-8,3501,2481,4,1,0,1249,1250,1,0,-1,1236,1236,0,0,-16
1787463982.103,D',0,1,-,119.0,3135,3133,-2,2,1,1091,1090,-1,0,-1,674,673,-1,3,-8,2481,3501,-4,2,-2,1249,1250,1,0,-1,1236,1236,0,0,-16
1787463982.240,D',0,1,-,119.0,3135,3133,-2,2,1,1091,1090,-1,0,-1,674,674,0,3,-7,3501,439,10,3,0,1250,1250,0,0,-1,1236,1236,0,0,-16
1787463982.377,D,0,1,-,119.0,3135,3133,-2,2,1,1091,1091,0,0,0,674,673,-1,3,-8,439,3501,-10,2,-2,1249,1249,0,0,-2,1236,1236,0,0,-16
1787463982.515,D,0,1,-,119.0,3135,3133,-2,2,1,1091,1090,-1,0,-1,674,673,-1,3,-8,3501,2481,4,1,0,1249,1250,1,0,-1,1236,1236,0,0,-16
1787463982.650,D',0,1,-,119.0,3135,3133,-2,2,1,1091,1090,-1,0,-1,674,674,0,3,-7,2481,3501,-4,2,-2,1249,1250,1,0,-1,1235,1236,1,0,-16
1787463982.789,D',0,1,-,119.0,3135,3133,-2,2,1,1091,1090,-1,0,-1,674,673,-1,3,-8,3501,439,10,3,0,1249,1250,1,0,-1,1236,1236,0,0,-16
1787463982.926,D,0,1,-,119.0,3135,3133,-2,2,1,1091,1090,-1,0,-1,674,673,-1,3,-8,439,3501,-10,2,-2,1250,1250,0,0,-1,1236,1236,0,0,-16
1787463983.050,D,0,1,-,119.0,3135,3133,-2,2,1,1091,1090,-1,0,-1,674,674,0,3,-7,3501,2481,4,1,0,1249,1249,0,0,-2,1236,1236,0,0,-16
1787463983.201,D',0,1,-,119.0,3135,3133,-2,2,1,1091,1090,-1,0,-1,674,673,-1,3,-8,2481,3501,-4,2,-2,1249,1250,1,0,-1,1235,1236,1,0,-16
1787463983.335,D',0,1,-,119.0,3135,3133,-2,2,1,1091,1090,-1,0,-1,674,674,0,3,-7,3501,439,10,3,0,1249,1250,1,0,-1,1236,1235,-1,0,-17
1787463983.477,D,0,1,-,119.0,3135,3133,-2,2,1,1091,1090,-1,0,-1,674,673,-1,3,-8,439,3501,-10,2,-2,1249,1250,1,0,-1,1236,1236,0,0,-16
1787463983.613,D,0,1,-,119.0,3135,3133,-2,2,1,1091,1091,0,0,0,674,674,0,3,-7,3502,2481,3,1,0,1249,1250,1,0,-1,1235,1236,1,0,-16
1787463983.751,D',0,1,-,119.0,3135,3133,-2,2,1,1091,1090,-1,0,-1,674,674,0,3,-7,2481,3501,-4,2,-2,1249,1250,1,0,-1,1235,1236,1,0,-16
1787463983.890,D',0,1,-,119.0,3135,3133,-2,2,1,1091,1090,-1,0,-1,674,673,-1,3,-8,3501,439,10,3,0,1249,1250,1,0,-1,1236,1236,0,0,-16
1787463984.023,D,0,1,-,119.0,3135,3133,-2,2,1,1091,1090,-1,0,-1,674,673,-1,3,-8,439,3501,-10,2,-2,1249,1250,1,0,-1,1235,1236,1,0,-16
1787463984.156,D,0,1,-,119.0,3135,3133,-2,2,1,1091,1090,-1,0,-1,674,673,-1,3,-8,3501,2481,4,1,0,1249,1250,1,0,-1,1236,1236,0,0,-16
1787463984.302,D',0,1,-,119.0,3135,3133,-2,2,1,1091,1090,-1,0,-1,674,673,-1,3,-8,2481,3501,-4,2,-2,1249,1250,1,0,-1,1235,1235,0,0,-17
1787463984.439,D',0,1,-,119.0,3135,3133,-2,2,1,1091,1091,0,0,0,674,673,-1,3,-8,3501,439,10,3,0,1249,1250,1,0,-1,1235,1235,0,0,-17
1787463984.577,D,0,1,-,119.0,3135,3133,-2,2,1,1091,1091,0,0,0,674,673,-1,3,-8,439,3501,-10,2,-2,1249,1250,1,0,-1,1235,1236,1,0,-16
1787463984.714,D,0,1,-,119.0,3135,3133,-2,2,1,1091,1090,-1,0,-1,674,673,-1,3,-8,3501,2481,4,1,0,1249,1250,1,0,-1,1235,1236,1,0,-16
1787463984.851,D',0,1,-,119.0,3135,3133,-2,2,1,1091,1090,-1,0,-1,674,674,0,3,-7,2481,3501,-4,2,-2,1249,1250,1,0,-1,1235,1236,1,0,-16
1787463984.984,D',0,1,-,119.0,3135,3133,-2,2,1,1091,1090,-1,0,-1,674,673,-1,3,-8,3501,439,10,3,0,1249,1250,1,0,-1,1236,1236,0,0,-16
1787463985.127,D,0,1,-,119.0,3135,3133,-2,2,1,1091,1090,-1,0,-1,674,673,-1,3,-8,439,3501,-10,2,-2,1249,1250,1,0,-1,1235,1236,1,0,-16
1787463985.255,D,0,1,-,119.0,3135,3133,-2,2,1,1091,1090,-1,0,-1,674,673,-1,3,-8,3501,2481,4,1,0,1249,1250,1,0,-1,1236,1235,-1,0,-17
1787463985.401,D',0,1,-,119.0,3135,3133,-2,2,1,1091,1090,-1,0,-1,674,674,0,3,-7,2481,3501,-4,2,-2,1249,1250,1,0,-1,1236,1236,0,0,-16
1787463985.539,D',0,1,-,119.0,3135,3133,-2,2,1,1091,1090,-1,0,-1,674,674,0,3,-7,3501,439,10,3,0,1249,1250,1,0,-1,1236,1235,-1,0,-17
1787463985.666,D,0,1,-,119.0,3135,3133,-2,2,1,1091,1090,-1,0,-1,674,674,0,3,-7,439,3501,-10,2,-2,1249,1250,1,0,-1,1235,1235,0,0,-17
1787463985.815,D,0,1,-,119.0,3135,3133,-2,2,1,1091,1090,-1,0,-1,674,673,-1,3,-8,3501,2481,4,1,0,1249,1250,1,0,-1,1235,1236,1,0,-16
1787463985.949,D',0,1,-,119.0,3135,3133,-2,2,1,1091,1090,-1,0,-1,674,674,0,3,-7,2481,3501,-4,2,-2,1249,1249,0,0,-2,1235,1236,1,0,-16
1787463986.081,D',0,1,-,119.0,3135,3133,-2,2,1,1091,1090,-1,0,-1,674,673,-1,3,-8,3501,439,10,3,0,1249,1250,1,0,-1,1235,1236,1,0,-16
1787463986.226,D,0,1,-,119.0,3135,3133,-2,2,1,1091,1090,-1,0,-1,674,674,0,3,-7,439,3501,-10,2,-2,1250,1250,0,0,-1,1236,1236,0,0,-16
1787463986.365,D,0,1,-,119.0,3135,3133,-2,2,1,1091,1090,-1,0,-1,674,674,0,3,-7,3501,2481,4,1,0,1249,1250,1,0,-1,1236,1236,0,0,-16
1787463986.502,D',0,1,-,119.0,3135,3133,-2,2,1,1091,1090,-1,0,-1,674,673,-1,3,-8,2481,3501,-4,2,-2,1249,1250,1,0,-1,1235,1236,1,0,-16
1787463986.640,D',0,1,-,119.0,3135,3133,-2,2,1,1091,1090,-1,0,-1,674,673,-1,3,-8,3501,439,10,3,0,1249,1250,1,0,-1,1235,1236,1,0,-16
1787463986.777,D,0,1,-,119.0,3136,3133,-3,2,1,1091,1090,-1,0,-1,674,673,-1,3,-8,439,3501,-10,2,-2,1249,1249,0,0,-2,1235,1236,1,0,-16
1787463986.917,D,0,1,-,119.0,3135,3133,-2,2,1,1091,1090,-1,0,-1,674,673,-1,3,-8,3501,2481,4,1,0,1249,1250,1,0,-1,1236,1236,0,0,-16
1787463987.052,D',0,1,-,119.0,3135,3133,-2,2,1,1091,1090,-1,0,-1,674,673,-1,3,-8,2481,3501,-4,2,-2,1249,1249,0,0,-2,1236,1236,0,0,-16
1787463987.190,D',0,1,-,119.0,3135,3133,-2,2,1,1091,1090,-1,0,-1,674,673,-1,3,-8,3501,439,10,3,0,1249,1249,0,0,-2,1236,1236,0,0,-16
1787463987.326,D,0,1,-,119.0,3135,3133,-2,2,1,1091,1090,-1,0,-1,674,673,-1,3,-8,439,3501,-10,2,-2,1249,1250,1,0,-1,1236,1236,0,0,-16
1787463987.459,D,0,1,-,119.0,3135,3133,-2,2,1,1091,1090,-1,0,-1,674,673,-1,3,-8,3501,2481,4,1,0,1249,1250,1,0,-1,1236,1235,-1,0,-17
1787463987.600,D',0,1,-,119.0,3135,3133,-2,2,1,1091,1090,-1,0,-1,674,673,-1,3,-8,2481,3501,-4,2,-2,1249,1249,0,0,-2,1235,1236,1,0,-16
1787463987.736,D',0,1,-,119.0,3135,3133,-2,2,1,1091,1090,-1,0,-1,674,673,-1,3,-8,3501,440,11,3,1,1249,1249,0,0,-2,1236,1236,0,0,-16
1787463987.877,D,0,1,-,119.0,3135,3133,-2,2,1,1091,1091,0,0,0,674,673,-1,3,-8,439,3501,-10,2,-2,1249,1250,1,0,-1,1236,1236,0,0,-16
1787463988.014,D,0,1,-,119.0,3135,3133,-2,2,1,1091,1090,-1,0,-1,674,673,-1,3,-8,3501,2481,4,1,0,1249,1250,1,0,-1,1236,1236,0,0,-16
1787463988.151,D',0,1,-,119.0,3135,3133,-2,2,1,1091,1090,-1,0,-1,674,673,-1,3,-8,2481,3501,-4,2,-2,1249,1250,1,0,-1,1236,1236,0,0,-16
1787463988.289,D',0,1,-,119.0,3135,3133,-2,2,1,1091,1090,-1,0,-1,674,673,-1,3,-8,3501,439,10,3,0,1250,1250,0,0,-1,1236,1236,0,0,-16
1787463988.415,D,0,1,-,119.0,3135,3133,-2,2,1,1091,1090,-1,0,-1,674,674,0,3,-7,439,3501,-10,2,-2,1249,1249,0,0,-2,1236,1236,0,0,-16
1787463988.564,D,0,1,-,119.0,3135,3133,-2,2,1,1091,1090,-1,0,-1,674,674,0,3,-7,3501,2481,4,1,0,1249,1249,0,0,-2,1236,1235,-1,0,-17
1787463988.700,D',0,1,-,119.0,3135,3133,-2,2,1,1091,1090,-1,0,-1,674,673,-1,3,-8,2481,3501,-4,2,-2,1249,1250,1,0,-1,1236,1236,0,0,-16
1787463988.840,D',0,1,-,119.0,3135,3133,-2,2,1,1091,1090,-1,0,-1,674,674,0,3,-7,3501,439,10,3,0,1249,1250,1,0,-1,1236,1236,0,0,-16
1787463988.967,D,0,1,-,119.0,3135,3133,-2,2,1,1091,1090,-1,0,-1,674,673,-1,3,-8,439,3501,-10,2,-2,1249,1250,1,0,-1,1236,1236,0,0,-16
1787463989.115,D,0,1,-,119.0,3135,3133,-2,2,1,1091,1090,-1,0,-1,674,673,-1,3,-8,3501,2481,4,1,0,1249,1250,1,0,-1,1235,1236,1,0,-16
1787463989.252,D',0,1,-,119.0,3136,3133,-3,2,1,1091,1090,-1,0,-1,674,673,-1,3,-8,2481,3501,-4,2,-2,1249,1249,0,0,-2,1236,1236,0,0,-16
1787463989.389,D',0,1,-,119.0,3136,3133,-3,2,1,1091,1090,-1,0,-1,674,673,-1,3,-8,3501,439,10,3,0,1249,1249,0,0,-2,1236,1236,0,0,-16
1787463989.527,D,0,1,-,119.0,3135,3133,-2,2,1,1091,1090,-1,0,-1,674,673,-1,3,-8,439,3501,-10,2,-2,1250,1250,0,0,-1,1235,1236,1,0,-16
1787463989.664,D,0,1,-,119.0,3135,3133,-2,2,1,1091,1090,-1,0,-1,674,674,0,3,-7,3501,2481,4,1,0,1249,1250,1,0,-1,1236,1236,0,0,-16
1787463989.801,D',0,1,-,119.0,3135,3133,-2,2,1,1091,1090,-1,0,-1,674,673,-1,3,-8,2481,3501,-4,2,-2,1249,1250,1,0,-1,1235,1236,1,0,-16
1787463989.935,D',0,1,-,119.0,3135,3133,-2,2,1,1091,1090,-1,0,-1,674,674,0,3,-7,3501,439,10,3,0,1249,1250,1,0,-1,1236,1236,0,0,-16
1787463990.075,D,0,1,-,119.0,3135,3133,-2,2,1,1091,1090,-1,0,-1,674,674,0,3,-7,439,3501,-10,2,-2,1249,1250,1,0,-1,1236,1236,0,0,-16
1787463990.201,D,0,1,-,119.0,3135,3133,-2,2,1,1091,1090,-1,0,-1,674,673,-1,3,-8,3502,2481,3,1,0,1249,1250,1,0,-1,1236,1236,0,0,-16
1787463990.351,D',0,1,-,119.0,3135,3133,-2,2,1,1091,1090,-1,0,-1,674,673,-1,3,-8,2481,3501,-4,2,-2,1250,1249,-1,0,-2,1236,1235,-1,0,-17
1787463990.482,D',0,1,-,119.0,3135,3133,-2,2,1,1091,1090,-1,0,-1,674,673,-1,3,-8,3501,439,10,3,0,1250,1249,-1,0,-2,1235,1236,1,0,-16
1787463990.626,D,0,1,-,119.0,3135,3133,-2,2,1,1091,1090,-1,0,-1,674,674,0,3,-7,439,3501,-10,2,-2,1249,1249,0,0,-2,1236,1235,-1,0,-17
1787463990.764,D,0,1,-,119.0,3136,3133,-3,2,1,1091,1091,0,0,0,674,673,-1,3,-8,3501,2481,4,1,0,1249,1249,0,0,-2,1236,1236,0,0,-16
1787463990.902,D',0,1,-,119.0,3135,3133,-2,2,1,1091,1090,-1,0,-1,674,673,-1,3,-8,2481,3501,-4,2,-2,1249,1249,0,0,-2,1235,1236,1,0,-16
1787463991.034,D',0,1,-,119.0,3135,3133,-2,2,1,1091,1090,-1,0,-1,674,673,-1,3,-8,3501,439,10,3,0,1249,1249,0,0,-2,1235,1235,0,0,-17
1787463991.175,D,0,1,-,119.0,3135,3133,-2,2,1,1091,1090,-1,0,-1,674,673,-1,3,-8,439,3501,-10,2,-2,1249,1250,1,0,-1,1236,1236,0,0,-16
1787463991.314,D,0,1,-,119.0,3135,3133,-2,2,1,1091,1090,-1,0,-1,674,673,-1,3,-8,3501,2481,4,1,0,1249,1249,0,0,-2,1236,1236,0,0,-16
1787463991.451,D',0,1,-,119.0,3135,3133,-2,2,1,1091,1090,-1,0,-1,674,674,0,3,-7,2481,3501,-4,2,-2,1249,1250,1,0,-1,1236,1236,0,0,-16
1787463991.589,D',0,1,-,119.0,3135,3133,-2,2,1,1091,1090,-1,0,-1,674,674,0,3,-7,3501,439,10,3,0,1249,1250,1,0,-1,1235,1236,1,0,-16
1787463991.726,D,0,1,-,119.0,3135,3133,-2,2,1,1091,1090,-1,0,-1,674,673,-1,3,-8,439,3501,-10,2,-2,1249,1250,1,0,-1,1235,1236,1,0,-16
1787463991.864,D,0,1,-,119.0,3135,3133,-2,2,1,1091,1090,-1,0,-1,674,673,-1,3,-8,3501,2481,4,1,0,1249,1250,1,0,-1,1235,1236,1,0,-16
1787463992.001,D',0,1,-,119.0,3135,3133,-2,2,1,1091,1090,-1,0,-1,674,673,-1,3,-8,2481,3501,-4,2,-2,1249,1249,0,0,-2,1235,1235,0,0,-17
1787463992.135,D',0,1,-,119.0,3135,3133,-2,2,1,1091,1090,-1,0,-1,674,673,-1,3,-8,3501,439,10,3,0,1249,1249,0,0,-2,1236,1236,0,0,-16
1787463992.267,D,0,1,-,119.0,3135,3133,-2,2,1,1091,1090,-1,0,-1,674,673,-1,3,-8,439,3501,-10,2,-2,1249,1250,1,0,-1,1235,1236,1,0,-16
1787463992.408,D,0,1,-,119.0,3135,3133,-2,2,1,1091,1090,-1,0,-1,674,673,-1,3,-8,3502,2481,3,1,0,1249,1249,0,0,-2,1236,1236,0,0,-16
1787463992.550,D',0,1,-,119.0,3135,3133,-2,2,1,1091,1090,-1,0,-1,674,673,-1,3,-8,2481,3501,-4,2,-2,1249,1250,1,0,-1,1236,1236,0,0,-16
1787463992.689,D',0,1,-,119.0,3135,3133,-2,2,1,1091,1090,-1,0,-1,674,673,-1,3,-8,3501,439,10,3,0,1249,1250,1,0,-1,1235,1236,1,0,-16
1787463992.818,D,0,1,-,119.0,3135,3133,-2,2,1,1091,1090,-1,0,-1,674,673,-1,3,-8,439,3501,-10,2,-2,1249,1250,1,0,-1,1236,1236,0,0,-16
1787463992.964,D,0,1,-,119.0,3135,3133,-2,2,1,1091,1090,-1,0,-1,674,673,-1,3,-8,3501,2481,4,1,0,1249,1250,1,0,-1,1235,1236,1,0,-16
1787463993.098,D',0,1,-,119.0,3135,3133,-2,2,1,1091,1090,-1,0,-1,674,673,-1,3,-8,2481,3501,-4,2,-2,1250,1250,0,0,-1,1236,1236,0,0,-16
1787463993.239,D',0,1,-,119.0,3135,3133,-2,2,1,1091,1091,0,0,0,674,673,-1,3,-8,3501,440,11,3,1,1249,1249,0,0,-2,1236,1236,0,0,-16
1787463993.376,D,0,1,-,119.0,3135,3133,-2,2,1,1091,1091,0,0,0,674,673,-1,3,-8,439,3501,-10,2,-2,1249,1250,1,0,-1,1236,1236,0,0,-16
1787463993.513,D,0,1,-,119.0,3135,3133,-2,2,1,1091,1090,-1,0,-1,674,673,-1,3,-8,3502,2481,3,1,0,1249,1250,1,0,-1,1235,1236,1,0,-16
1787463993.651,D',0,1,-,119.0,3135,3133,-2,2,1,1091,1091,0,0,0,674,673,-1,3,-8,2481,3501,-4,2,-2,1249,1250,1,0,-1,1235,1236,1,0,-16
1787463993.789,D',0,1,-,119.0,3135,3133,-2,2,1,1091,1091,0,0,0,674,673,-1,3,-8,3501,440,11,3,1,1249,1249,0,0,-2,1236,1236,0,0,-16
1787463993.926,D,0,1,-,119.0,3135,3133,-2,2,1,1091,1090,-1,0,-1,674,673,-1,3,-8,439,3501,-10,2,-2,1249,1249,0,0,-2,1236,1236,0,0,-16
1787463994.064,D,0,1,-,119.0,3135,3133,-2,2,1,1091,1091,0,0,0,674,674,0,3,-7,3501,2481,4,1,0,1249,1249,0,0,-2,1236,1236,0,0,-16
1787463994.202,D',0,1,-,119.0,3135,3133,-2,2,1,1091,1090,-1,0,-1,674,673,-1,3,-8,2481,3501,-4,2,-2,1249,1249,0,0,-2,1236,1235,-1,0,-17
1787463994.338,D',0,1,-,119.0,3135,3133,-2,2,1,1091,1090,-1,0,-1,674,673,-1,3,-8,3501,439,10,3,0,1249,1250,1,0,-1,1236,1236,0,0,-16
1787463994.475,D,0,1,-,119.0,3135,3133,-2,2,1,1091,1090,-1,0,-1,674,673,-1,3,-8,439,3501,-10,2,-2,1250,1250,0,0,-1,1235,1236,1,0,-16
1787463994.602,D,0,1,-,119.0,3135,3133,-2,2,1,1091,1090,-1,0,-1,674,673,-1,3,-8,3501,2481,4,1,0,1249,1250,1,0,-1,1236,1235,-1,0,-17
1787463994.750,D',0,1,-,119.0,3135,3133,-2,2,1,1091,1090,-1,0,-1,674,673,-1,3,-8,2481,3501,-4,2,-2,1249,1250,1,0,-1,1235,1236,1,0,-16
1787463994.888,D',0,1,-,119.0,3135,3133,-2,2,1,1091,1090,-1,0,-1,674,674,0,3,-7,3501,439,10,3,0,1249,1250,1,0,-1,1236,1236,0,0,-16
1787463995.027,D,0,1,-,119.0,3135,3133,-2,2,1,1091,1090,-1,0,-1,674,673,-1,3,-8,439,3501,-10,2,-2,1249,1249,0,0,-2,1235,1236,1,0,-16
1787463995.163,D,0,1,-,119.0,3135,3133,-2,2,1,1091,1090,-1,0,-1,674,673,-1,3,-8,3501,2481,4,1,0,1249,1250,1,0,-1,1235,1236,1,0,-16
1787463995.299,D',0,1,-,119.0,3135,3133,-2,2,1,1091,1090,-1,0,-1,674,673,-1,3,-8,2481,3501,-4,2,-2,1249,1250,1,0,-1,1235,1236,1,0,-16
1787463995.432,D',0,1,-,119.0,3135,3133,-2,2,1,1091,1091,0,0,0,674,674,0,3,-7,3501,439,10,3,0,1249,1250,1,0,-1,1235,1236,1,0,-16
1787463995.565,D,0,1,-,119.0,3135,3133,-2,2,1,1091,1090,-1,0,-1,674,674,0,3,-7,439,3501,-10,2,-2,1250,1250,0,0,-1,1235,1236,1,0,-16
1787463995.699,D,0,1,-,119.0,3135,3133,-2,2,1,1091,1090,-1,0,-1,674,673,-1,3,-8,3502,2481,3,1,0,1249,1250,1,0,-1,1236,1236,0,0,-16
1787463995.852,D',0,1,-,119.0,3135,3133,-2,2,1,1091,1090,-1,0,-1,674,673,-1,3,-8,2481,3501,-4,2,-2,1249,1249,0,0,-2,1235,1236,1,0,-16
1787463995.989,D',0,1,-,119.0,3135,3133,-2,2,1,1091,1090,-1,0,-1,674,673,-1,3,-8,3501,440,11,3,1,1249,1250,1,0,-1,1236,1236,0,0,-16
1787463996.126,D,0,1,-,119.0,3135,3133,-2,2,1,1091,1090,-1,0,-1,674,674,0,3,-7,439,3501,-10,2,-2,1249,1250,1,0,-1,1235,1236,1,0,-16
1787463996.253,D,0,1,-,119.0,3135,3133,-2,2,1,1091,1090,-1,0,-1,674,674,0,3,-7,3501,2481,4,1,0,1249,1250,1,0,-1,1235,1236,1,0,-16
1787463996.402,D',0,1,-,119.0,3135,3133,-2,2,1,1091,1090,-1,0,-1,674,673,-1,3,-8,2481,3501,-4,2,-2,1249,1249,0,0,-2,1235,1236,1,0,-16
1787463996.539,D',0,1,-,119.0,3135,3133,-2,2,1,1091,1090,-1,0,-1,674,673,-1,3,-8,3502,439,9,3,0,1249,1250,1,0,-1,1236,1236,0,0,-16
1787463996.676,D,0,1,-,119.0,3135,3133,-2,2,1,1091,1090,-1,0,-1,674,673,-1,3,-8,439,3501,-10,2,-2,1249,1250,1,0,-1,1235,1236,1,0,-16
1787463996.812,D,0,1,-,119.0,3135,3133,-2,2,1,1091,1090,-1,0,-1,674,673,-1,3,-8,3502,2481,3,1,0,1249,1249,0,0,-2,1236,1236,0,0,-16
1787463996.951,D',0,1,-,119.0,3136,3133,-3,2,1,1091,1090,-1,0,-1,674,673,-1,3,-8,2481,3501,-4,2,-2,1249,1250,1,0,-1,1235,1236,1,0,-16
1787463997.084,D',0,1,-,119.0,3135,3133,-2,2,1,1091,1090,-1,0,-1,674,673,-1,3,-8,3501,439,10,3,0,1249,1250,1,0,-1,1236,1236,0,0,-16
1787463997.227,D,0,1,-,119.0,3135,3133,-2,2,1,1091,1090,-1,0,-1,674,673,-1,3,-8,439,3501,-10,2,-2,1249,1250,1,0,-1,1235,1236,1,0,-16
1787463997.365,D,0,1,-,119.0,3135,3133,-2,2,1,1091,1090,-1,0,-1,674,673,-1,3,-8,3502,2481,3,1,0,1249,1250,1,0,-1,1236,1236,0,0,-16
1787463997.500,D',0,1,-,119.0,3135,3133,-2,2,1,1091,1090,-1,0,-1,674,673,-1,3,-8,2481,3501,-4,2,-2,1249,1250,1,0,-1,1235,1236,1,0,-16
1787463997.639,D',0,1,-,119.0,3135,3133,-2,2,1,1091,1090,-1,0,-1,674,674,0,3,-7,3501,439,10,3,0,1249,1250,1,0,-1,1235,1235,0,0,-17
1787463997.766,D,0,1,-,119.0,3135,3133,-2,2,1,1091,1091,0,0,0,674,673,-1,3,-8,439,3501,-10,2,-2,1249,1249,0,0,-2,1235,1236,1,0,-16
1787463997.913,D,0,1,-,119.0,3135,3133,-2,2,1,1091,1090,-1,0,-1,674,674,0,3,-7,3501,2481,4,1,0,1249,1250,1,0,-1,1235,1236,1,0,-16
1787463998.053,D',0,1,-,119.0,3135,3133,-2,2,1,1091,1090,-1,0,-1,674,673,-1,3,-8,2481,3501,-4,2,-2,1249,1249,0,0,-2,1235,1235,0,0,-17
1787463998.186,D',0,1,-,119.0,3135,3133,-2,2,1,1091,1090,-1,0,-1,674,673,-1,3,-8,3501,439,10,3,0,1249,1250,1,0,-1,1236,1236,0,0,-16
1787463998.325,D,0,1,-,119.0,3135,3133,-2,2,1,1091,1091,0,0,0,674,674,0,3,-7,439,3501,-10,2,-2,1249,1250,1,0,-1,1235,1236,1,0,-16
1787463998.464,D,0,1,-,119.0,3135,3133,-2,2,1,1091,1090,-1,0,-1,674,674,0,3,-7,3502,2481,3,1,0,1250,1249,-1,0,-2,1236,1236,0,0,-16
1787463998.601,D',0,1,-,119.0,3135,3133,-2,2,1,1091,1090,-1,0,-1,674,674,0,3,-7,2481,3501,-4,2,-2,1249,1250,1,0,-1,1236,1236,0,0,-16
1787463998.739,D',0,1,-,119.0,3135,3133,-2,2,1,1091,1090,-1,0,-1,674,673,-1,3,-8,3501,439,10,3,0,1249,1249,0,0,-2,1235,1236,1,0,-16
1787463998.876,D,0,1,-,119.0,3135,3133,-2,2,1,1091,1090,-1,0,-1,674,673,-1,3,-8,439,3501,-10,2,-2,1249,1250,1,0,-1,1235,1236,1,0,-16
1787463999.012,D,0,1,-,119.0,3135,3133,-2,2,1,1091,1090,-1,0,-1,674,673,-1,3,-8,3501,2481,4,1,0,1249,1250,1,0,-1,1235,1236,1,0,-16
1787463999.151,D',0,1,-,119.0,3135,3133,-2,2,1,1091,1090,-1,0,-1,674,673,-1,3,-8,2481,3501,-4,2,-2,1249,1249,0,0,-2,1235,1236,1,0,-16
1787463999.288,D',0,1,-,119.0,3135,3133,-2,2,1,1091,1091,0,0,0,674,673,-1,3,-8,3501,439,10,3,0,1249,1249,0,0,-2,1235,1236,1,0,-16
1787463999.426,D,0,1,-,119.0,3135,3133,-2,2,1,1091,1090,-1,0,-1,674,673,-1,3,-8,439,3501,-10,2,-2,1249,1250,1,0,-1,1236,1236,0,0,-16
1787463999.563,D,0,1,-,119.0,3136,3133,-3,2,1,1091,1090,-1,0,-1,674,673,-1,3,-8,3501,2481,4,1,0,1249,1250,1,0,-1,1236,1236,0,0,-16
1787463999.700,D',0,1,-,119.0,3135,3133,-2,2,1,1091,1090,-1,0,-1,674,673,-1,3,-8,2481,3501,-4,2,-2,1249,1250,1,0,-1,1235,1236,1,0,-16
1787463999.838,D',0,1,-,119.0,3135,3133,-2,2,1,1091,1090,-1,0,-1,674,674,0,3,-7,3501,439,10,3,0,1249,1250,1,0,-1,1236,1236,0,0,-16
1787463999.967,D,0,1,-,119.0,3135,3133,-2,2,1,1091,1090,-1,0,-1,674,673,-1,3,-8,439,3501,-10,2,-2,1249,1250,1,0,-1,1236,1236,0,0,-16
1787464000.114,D,0,1,-,119.0,3135,3133,-2,2,1,1091,1090,-1,0,-1,674,674,0,3,-7,3501,2481,4,1,0,1249,1249,0,0,-2,1235,1235,0,0,-17
1787464000.250,D',0,1,-,119.0,3135,3133,-2,2,1,1091,1090,-1,0,-1,674,673,-1,3,-8,2481,3501,-4,2,-2,1249,1250,1,0,-1,1236,1236,0,0,-16
1787464000.387,D',0,1,-,119.0,3135,3133,-2,2,1,1091,1090,-1,0,-1,674,673,-1,3,-8,3501,439,10,3,0,1249,1250,1,0,-1,1235,1236,1,0,-16
1787464000.526,D,0,1,-,119.0,3136,3133,-3,2,1,1091,1090,-1,0,-1,674,673,-1,3,-8,439,3501,-10,2,-2,1249,1250,1,0,-1,1235,1236,1,0,-16
1787464000.663,D,0,1,-,119.0,3135,3133,-2,2,1,1091,1090,-1,0,-1,674,674,0,3,-7,3502,2481,3,1,0,1249,1250,1,0,-1,1236,1236,0,0,-16
1787464000.801,D',0,1,-,119.0,3135,3133,-2,2,1,1091,1091,0,0,0,674,673,-1,3,-8,2481,3500,-5,2,-3,1249,1250,1,0,-1,1236,1236,0,0,-16
1787464000.939,D',0,1,-,119.0,3135,3133,-2,2,1,1091,1090,-1,0,-1,674,673,-1,3,-8,3501,439,10,3,0,1249,1250,1,0,-1,1236,1236,0,0,-16
1787464001.076,D,0,1,-,119.0,3135,3133,-2,2,1,1091,1090,-1,0,-1,674,673,-1,3,-8,439,3501,-10,2,-2,1250,1250,0,0,-1,1236,1236,0,0,-16
1787464001.214,D,0,1,-,119.0,3135,3133,-2,2,1,1091,1090,-1,0,-1,674,673,-1,3,-8,3502,2481,3,1,0,1249,1250,1,0,-1,1236,1236,0,0,-16
1787464001.351,D',0,1,-,119.0,3135,3133,-2,2,1,1091,1090,-1,0,-1,674,674,0,3,-7,2481,3501,-4,2,-2,1250,1250,0,0,-1,1235,1236,1,0,-16
1787464001.488,D',0,1,-,119.0,3135,3133,-2,2,1,1091,1090,-1,0,-1,674,674,0,3,-7,3501,439,10,3,0,1250,1249,-1,0,-2,1235,1236,1,0,-16
1787464001.622,D,0,1,-,119.0,3135,3133,-2,2,1,1091,1090,-1,0,-1,674,674,0,3,-7,439,3501,-10,2,-2,1249,1250,1,0,-1,1236,1235,-1,0,-17
1787464001.760,D,0,1,-,119.0,3135,3133,-2,2,1,1091,1090,-1,0,-1,674,673,-1,3,-8,3501,2481,4,1,0,1249,1250,1,0,-1,1236,1236,0,0,-16
1787464001.900,D',0,1,-,119.0,3135,3133,-2,2,1,1091,1090,-1,0,-1,674,673,-1,3,-8,2481,3501,-4,2,-2,1249,1250,1,0,-1,1236,1236,0,0,-16
1787464002.033,D',0,1,-,119.0,3135,3133,-2,2,1,1091,1090,-1,0,-1,674,674,0,3,-7,3501,439,10,3,0,1249,1249,0,0,-2,1235,1236,1,0,-16
1787464002.176,D,0,1,-,119.0,3136,3133,-3,2,1,1091,1090,-1,0,-1,674,673,-1,3,-8,439,3501,-10,2,-2,1249,1250,1,0,-1,1236,1236,0,0,-16
1787464002.313,D,0,1,-,119.0,3135,3133,-2,2,1,1091,1090,-1,0,-1,674,673,-1,3,-8,3501,2481,4,1,0,1249,1250,1,0,-1,1236,1236,0,0,-16
1787464002.449,D',0,1,-,119.0,3135,3133,-2,2,1,1091,1090,-1,0,-1,674,673,-1,3,-8,2481,3501,-4,2,-2,1249,1250,1,0,-1,1235,1236,1,0,-16
1787464002.589,D',0,1,-,119.0,3135,3133,-2,2,1,1091,1090,-1,0,-1,674,674,0,3,-7,3501,440,11,3,1,1249,1250,1,0,-1,1235,1236,1,0,-16
1787464002.715,D,0,1,-,119.0,3135,3133,-2,2,1,1091,1090,-1,0,-1,674,673,-1,3,-8,439,3501,-10,2,-2,1249,1250,1,0,-1,1235,1236,1,0,-16
1787464002.862,D,0,1,-,119.0,3135,3133,-2,2,1,1091,1091,0,0,0,674,673,-1,3,-8,3501,2481,4,1,0,1249,1250,1,0,-1,1235,1236,1,0,-16
1787464003.001,D',0,1,-,119.0,3135,3133,-2,2,1,1091,1090,-1,0,-1,674,673,-1,3,-8,2481,3501,-4,2,-2,1249,1250,1,0,-1,1236,1236,0,0,-16
1787464003.138,D',0,1,-,119.0,3135,3133,-2,2,1,1091,1090,-1,0,-1,674,673,-1,3,-8,3501,439,10,3,0,1249,1249,0,0,-2,1235,1236,1,0,-16
1787464003.276,D,0,1,-,119.0,3135,3133,-2,2,1,1091,1091,0,0,0,674,673,-1,3,-8,439,3501,-10,2,-2,1249,1250,1,0,-1,1235,1236,1,0,-16
1787464003.413,D,0,1,-,119.0,3135,3133,-2,2,1,1091,1090,-1,0,-1,674,674,0,3,-7,3501,2481,4,1,0,1249,1250,1,0,-1,1235,1236,1,0,-16
1787464003.551,D',0,1,-,119.0,3135,3133,-2,2,1,1091,1090,-1,0,-1,674,673,-1,3,-8,2481,3501,-4,2,-2,1249,1250,1,0,-1,1235,1236,1,0,-16
1787464003.688,D',0,1,-,119.0,3135,3133,-2,2,1,1091,1090,-1,0,-1,674,674,0,3,-7,3501,439,10,3,0,1249,1250,1,0,-1,1236,1236,0,0,-16
1787464003.825,D,0,1,-,119.0,3135,3133,-2,2,1,1091,1090,-1,0,-1,674,674,0,3,-7,439,3501,-10,2,-2,1249,1249,0,0,-2,1235,1236,1,0,-16
1787464003.965,D,0,1,-,119.0,3135,3133,-2,2,1,1091,1090,-1,0,-1,674,673,-1,3,-8,3502,2481,3,1,0,1249,1250,1,0,-1,1236,1236,0,0,-16
1787464004.100,D',0,1,-,119.0,3136,3133,-3,2,1,1091,1090,-1,0,-1,674,673,-1,3,-8,2481,3501,-4,2,-2,1249,1250,1,0,-1,1236,1236,0,0,-16
1787464004.238,D',0,1,-,119.0,3135,3133,-2,2,1,1091,1091,0,0,0,674,673,-1,3,-8,3501,439,10,3,0,1249,1250,1,0,-1,1235,1236,1,0,-16
1787464004.366,D,0,1,-,119.0,3135,3133,-2,2,1,1091,1090,-1,0,-1,674,674,0,3,-7,439,3501,-10,2,-2,1249,1249,0,0,-2,1235,1236,1,0,-16
1787464004.501,D,0,1,-,119.0,3135,3133,-2,2,1,1091,1090,-1,0,-1,674,673,-1,3,-8,3501,2481,4,1,0,1249,1250,1,0,-1,1236,1236,0,0,-16
1787464004.650,D',0,1,-,119.0,3135,3133,-2,2,1,1091,1090,-1,0,-1,674,673,-1,3,-8,2481,3501,-4,2,-2,1249,1250,1,0,-1,1236,1236,0,0,-16
1787464004.784,D',0,1,-,119.0,3135,3133,-2,2,1,1091,1090,-1,0,-1,674,673,-1,3,-8,3501,439,10,3,0,1249,1250,1,0,-1,1235,1236,1,0,-16
1787464004.915,D,0,1,-,119.0,3135,3133,-2,2,1,1091,1090,-1,0,-1,674,674,0,3,-7,439,3501,-10,2,-2,1249,1250,1,0,-1,1235,1236,1,0,-16
1787464005.064,D,0,1,-,119.0,3135,3133,-2,2,1,1091,1090,-1,0,-1,674,673,-1,3,-8,3501,2481,4,1,0,1249,1250,1,0,-1,1235,1236,1,0,-16
1787464005.199,D',0,1,-,119.0,3135,3133,-2,2,1,1091,1090,-1,0,-1,674,673,-1,3,-8,2481,3501,-4,2,-2,1249,1250,1,0,-1,1236,1236,0,0,-16
1787464005.337,D',0,1,-,119.0,3135,3133,-2,2,1,1091,1090,-1,0,-1,674,673,-1,3,-8,3501,439,10,3,0,1249,1250,1,0,-1,1236,1236,0,0,-16
1787464005.476,D,0,1,-,119.0,3135,3133,-2,2,1,1091,1091,0,0,0,674,674,0,3,-7,439,3501,-10,2,-2,1249,1249,0,0,-2,1236,1236,0,0,-16
1787464005.613,D,0,1,-,119.0,3135,3133,-2,2,1,1091,1091,0,0,0,674,673,-1,3,-8,3501,2481,4,1,0,1249,1250,1,0,-1,1235,1236,1,0,-16
1787464005.750,D',0,1,-,119.0,3135,3133,-2,2,1,1091,1090,-1,0,-1,674,674,0,3,-7,2481,3501,-4,2,-2,1249,1250,1,0,-1,1235,1236,1,0,-16
1787464005.890,D',0,1,-,119.0,3135,3133,-2,2,1,1091,1090,-1,0,-1,674,673,-1,3,-8,3501,440,11,3,1,1249,1250,1,0,-1,1235,1235,0,0,-17
1787464006.025,D,0,1,-,119.0,3135,3133,-2,2,1,1091,1090,-1,0,-1,674,673,-1,3,-8,439,3501,-10,2,-2,1249,1249,0,0,-2,1235,1235,0,0,-17
1787464006.163,D,0,1,-,119.0,3135,3133,-2,2,1,1091,1090,-1,0,-1,674,673,-1,3,-8,3501,2481,4,1,0,1250,1250,0,0,-1,1236,1236,0,0,-16
1787464006.300,D',0,1,-,119.0,3136,3133,-3,2,1,1091,1090,-1,0,-1,674,673,-1,3,-8,2481,3501,-4,2,-2,1249,1249,0,0,-2,1236,1236,0,0,-16
1787464006.438,D',0,1,-,119.0,3135,3133,-2,2,1,1091,1090,-1,0,-1,674,673,-1,3,-8,3501,439,10,3,0,1249,1250,1,0,-1,1236,1236,0,0,-16
1787464006.568,D,0,1,-,119.0,3135,3133,-2,2,1,1091,1090,-1,0,-1,674,673,-1,3,-8,439,3501,-10,2,-2,1249,1249,0,0,-2,1235,1235,0,0,-17
1787464006.700,D,0,1,-,119.0,3135,3133,-2,2,1,1091,1090,-1,0,-1,674,673,-1,3,-8,3502,2481,3,1,0,1249,1250,1,0,-1,1236,1236,0,0,-16
1787464006.850,D',0,1,-,119.0,3135,3134,-1,2,2,1091,1090,-1,0,-1,674,673,-1,3,-8,2481,3501,-4,2,-2,1249,1250,1,0,-1,1236,1236,0,0,-16
1787464006.988,D',0,1,-,119.0,3135,3133,-2,2,1,1091,1090,-1,0,-1,674,673,-1,3,-8,3501,439,10,3,0,1249,1249,0,0,-2,1236,1236,0,0,-16
1787464007.118,D,0,1,-,119.0,3135,3133,-2,2,1,1091,1090,-1,0,-1,674,673,-1,3,-8,439,3501,-10,2,-2,1249,1250,1,0,-1,1236,1236,0,0,-16
1787464007.257,D,0,1,-,119.0,3135,3133,-2,2,1,1091,1090,-1,0,-1,674,673,-1,3,-8,3501,2481,4,1,0,1249,1250,1,0,-1,1235,1236,1,0,-16
1787464007.399,D',0,1,-,119.0,3135,3133,-2,2,1,1091,1090,-1,0,-1,674,674,0,3,-7,2481,3501,-4,2,-2,1249,1250,1,0,-1,1236,1236,0,0,-16
1787464007.532,D',0,1,-,119.0,3135,3133,-2,2,1,1091,1090,-1,0,-1,674,673,-1,3,-8,3501,439,10,3,0,1249,1250,1,0,-1,1236,1236,0,0,-16
1787464007.669,D,0,1,-,119.0,3135,3133,-2,2,1,1091,1090,-1,0,-1,674,674,0,3,-7,439,3501,-10,2,-2,1249,1250,1,0,-1,1236,1236,0,0,-16
1787464007.813,D,0,1,-,119.0,3135,3133,-2,2,1,1091,1091,0,0,0,674,674,0,3,-7,3501,2481,4,1,0,1249,1249,0,0,-2,1235,1236,1,0,-16
1787464007.951,D',0,1,-,119.0,3135,3133,-2,2,1,1091,1090,-1,0,-1,674,673,-1,3,-8,2481,3501,-4,2,-2,1249,1250,1,0,-1,1236,1235,-1,0,-17
1787464008.087,D',0,1,-,119.0,3135,3133,-2,2,1,1091,1090,-1,0,-1,674,673,-1,3,-8,3501,440,11,3,1,1249,1250,1,0,-1,1236,1236,0,0,-16
1787464008.225,D,0,1,-,119.0,3135,3133,-2,2,1,1091,1090,-1,0,-1,674,673,-1,3,-8,439,3501,-10,2,-2,1249,1249,0,0,-2,1236,1236,0,0,-16
1787464008.363,D,0,1,-,119.0,3135,3133,-2,2,1,1091,1090,-1,0,-1,674,674,0,3,-7,3501,2481,4,1,0,1249,1250,1,0,-1,1236,1236,0,0,-16
1787464008.501,D',0,1,-,119.0,3135,3133,-2,2,1,1091,1090,-1,0,-1,674,673,-1,3,-8,2481,3501,-4,2,-2,1249,1250,1,0,-1,1236,1236,0,0,-16
1787464008.638,D',0,1,-,119.0,3135,3133,-2,2,1,1091,1090,-1,0,-1,674,673,-1,3,-8,3501,440,11,3,1,1249,1250,1,0,-1,1235,1235,0,0,-17
1787464008.773,D,0,1,-,119.0,3135,3133,-2,2,1,1091,1090,-1,0,-1,674,673,-1,3,-8,439,3501,-10,2,-2,1249,1250,1,0,-1,1236,1235,-1,0,-17
1787464008.908,D,0,1,-,119.0,3135,3133,-2,2,1,1091,1090,-1,0,-1,674,673,-1,3,-8,3501,2481,4,1,0,1249,1250,1,0,-1,1236,1236,0,0,-16
1787464009.049,D',0,1,-,119.0,3136,3133,-3,2,1,1091,1090,-1,0,-1,674,673,-1,3,-8,2481,3501,-4,2,-2,1249,1250,1,0,-1,1236,1236,0,0,-16
1787464009.187,D',0,1,-,119.0,3135,3133,-2,2,1,1091,1090,-1,0,-1,674,673,-1,3,-8,3501,439,10,3,0,1249,1250,1,0,-1,1236,1236,0,0,-16
1787464009.318,D,0,1,-,119.0,3135,3133,-2,2,1,1091,1090,-1,0,-1,674,673,-1,3,-8,439,3501,-10,2,-2,1249,1249,0,0,-2,1236,1235,-1,0,-17
1787464009.462,D,0,1,-,119.0,3136,3133,-3,2,1,1091,1090,-1,0,-1,674,674,0,3,-7,3501,2481,4,1,0,1250,1250,0,0,-1,1236,1236,0,0,-16
1787464009.601,D',0,1,-,119.0,3135,3133,-2,2,1,1091,1091,0,0,0,674,673,-1,3,-8,2481,3501,-4,2,-2,1249,1249,0,0,-2,1235,1236,1,0,-16
1787464009.738,D',0,1,-,119.0,3135,3133,-2,2,1,1091,1090,-1,0,-1,674,674,0,3,-7,3501,439,10,3,0,1249,1249,0,0,-2,1235,1236,1,0,-16
1787464009.874,D,0,1,-,119.0,3135,3133,-2,2,1,1091,1091,0,0,0,674,673,-1,3,-8,439,3501,-10,2,-2,1249,1250,1,0,-1,1236,1235,-1,0,-17
1787464010.012,D,0,1,-,119.0,3135,3133,-2,2,1,1091,1090,-1,0,-1,674,673,-1,3,-8,3502,2481,3,1,0,1249,1250,1,0,-1,1236,1236,0,0,-16
1787464010.148,D',0,1,-,119.0,3135,3133,-2,2,1,1091,1090,-1,0,-1,674,673,-1,3,-8,2481,3501,-4,2,-2,1249,1250,1,0,-1,1235,1236,1,0,-16
1787464010.286,D',0,1,-,119.0,3135,3133,-2,2,1,1091,1090,-1,0,-1,674,674,0,3,-7,3501,439,10,3,0,1249,1249,0,0,-2,1236,1236,0,0,-16
1787464010.421,D,0,1,-,119.0,3135,3133,-2,2,1,1091,1090,-1,0,-1,674,673,-1,3,-8,439,3501,-10,2,-2,1249,1249,0,0,-2,1236,1236,0,0,-16
1787464010.562,D,0,1,-,119.0,3135,3133,-2,2,1,1091,1090,-1,0,-1,674,673,-1,3,-8,3501,2481,4,1,0,1249,1250,1,0,-1,1235,1236,1,0,-16
1787464010.700,D',0,1,-,119.0,3135,3133,-2,2,1,1091,1090,-1,0,-1,674,673,-1,3,-8,2481,3501,-4,2,-2,1249,1250,1,0,-1,1235,1236,1,0,-16
1787464010.835,D',0,1,-,119.0,3135,3133,-2,2,1,1091,1090,-1,0,-1,674,673,-1,3,-8,3501,439,10,3,0,1249,1249,0,0,-2,1236,1235,-1,0,-17
1787464010.974,D,0,1,-,119.0,3135,3133,-2,2,1,1091,1090,-1,0,-1,674,673,-1,3,-8,439,3501,-10,2,-2,1249,1250,1,0,-1,1236,1236,0,0,-16
1787464011.113,D,0,1,-,119.0,3135,3133,-2,2,1,1091,1090,-1,0,-1,674,674,0,3,-7,3501,2481,4,1,0,1249,1250,1,0,-1,1235,1236,1,0,-16
1787464011.250,D',0,1,-,119.0,3135,3133,-2,2,1,1091,1090,-1,0,-1,674,673,-1,3,-8,2481,3501,-4,2,-2,1249,1249,0,0,-2,1235,1236,1,0,-16
1787464011.387,D',0,1,-,119.0,3135,3133,-2,2,1,1091,1090,-1,0,-1,674,673,-1,3,-8,3501,439,10,3,0,1249,1249,0,0,-2,1235,1236,1,0,-16
1787464011.525,D,0,1,-,119.0,3135,3133,-2,2,1,1091,1090,-1,0,-1,674,673,-1,3,-8,439,3501,-10,2,-2,1249,1250,1,0,-1,1235,1236,1,0,-16
1787464011.660,D,0,1,-,119.0,3135,3133,-2,2,1,1091,1091,0,0,0,674,674,0,3,-7,3502,2481,3,1,0,1249,1249,0,0,-2,1235,1235,0,0,-17
1787464011.800,D',0,1,-,119.0,3135,3133,-2,2,1,1091,1090,-1,0,-1,674,673,-1,3,-8,2481,3500,-5,2,-3,1249,1249,0,0,-2,1235,1236,1,0,-16
1787464011.937,D',0,1,-,119.0,3135,3133,-2,2,1,1091,1090,-1,0,-1,674,673,-1,3,-8,3501,440,11,3,1,1249,1249,0,0,-2,1236,1236,0,0,-16
1787464012.075,D,0,1,-,119.0,3135,3133,-2,2,1,1091,1090,-1,0,-1,674,673,-1,3,-8,439,3501,-10,2,-2,1249,1250,1,0,-1,1236,1235,-1,0,-17
1787464012.207,D,0,1,-,119.0,3135,3133,-2,2,1,1091,1090,-1,0,-1,674,673,-1,3,-8,3502,2481,3,1,0,1249,1250,1,0,-1,1235,1235,0,0,-17
1787464012.349,D',0,1,-,119.0,3135,3133,-2,2,1,1091,1090,-1,0,-1,674,673,-1,3,-8,2481,3501,-4,2,-2,1249,1250,1,0,-1,1235,1236,1,0,-16
1787464012.483,D',0,1,-,119.0,3135,3133,-2,2,1,1091,1090,-1,0,-1,674,674,0,3,-7,3501,439,10,3,0,1249,1250,1,0,-1,1235,1235,0,0,-17
1787464012.625,D,0,1,-,119.0,3135,3133,-2,2,1,1091,1090,-1,0,-1,674,674,0,3,-7,439,3501,-10,2,-2,1249,1250,1,0,-1,1236,1236,0,0,-16
1787464012.761,D,0,1,-,119.0,3136,3133,-3,2,1,1091,1090,-1,0,-1,674,673,-1,3,-8,3501,2481,4,1,0,1249,1250,1,0,-1,1236,1236,0,0,-16
1787464012.900,D',0,1,-,119.0,3135,3133,-2,2,1,1091,1090,-1,0,-1,674,673,-1,3,-8,2481,3501,-4,2,-2,1249,1250,1,0,-1,1235,1236,1,0,-16
1787464013.037,D',0,1,-,119.0,3135,3133,-2,2,1,1091,1091,0,0,0,674,673,-1,3,-8,3501,439,10,3,0,1249,1250,1,0,-1,1235,1236,1,0,-16
1787464013.175,D,0,1,-,119.0,3135,3133,-2,2,1,1091,1090,-1,0,-1,674,673,-1,3,-8,439,3501,-10,2,-2,1250,1250,0,0,-1,1236,1236,0,0,-16
1787464013.313,D,0,1,-,119.0,3135,3133,-2,2,1,1091,1090,-1,0,-1,674,673,-1,3,-8,3502,2481,3,1,0,1249,1250,1,0,-1,1235,1236,1,0,-16
1787464013.449,D',0,1,-,119.0,3135,3133,-2,2,1,1091,1090,-1,0,-1,674,673,-1,3,-8,2481,3501,-4,2,-2,1249,1249,0,0,-2,1235,1236,1,0,-16
1787464013.584,D',0,1,-,119.0,3135,3133,-2,2,1,1091,1090,-1,0,-1,674,673,-1,3,-8,3501,440,11,3,1,1249,1250,1,0,-1,1235,1236,1,0,-16
1787464013.717,D,0,1,-,119.0,3135,3133,-2,2,1,1091,1091,0,0,0,674,674,0,3,-7,439,3501,-10,2,-2,1249,1250,1,0,-1,1235,1236,1,0,-16
1787464013.863,D,0,1,-,119.0,3135,3133,-2,2,1,1091,1090,-1,0,-1,674,674,0,3,-7,3501,2481,4,1,0,1249,1250,1,0,-1,1236,1236,0,0,-16
1787464014.001,D',0,1,-,119.0,3135,3133,-2,2,1,1091,1090,-1,0,-1,674,673,-1,3,-8,2481,3501,-4,2,-2,1249,1249,0,0,-2,1236,1236,0,0,-16
1787464014.133,D',0,1,-,119.0,3135,3133,-2,2,1,1091,1090,-1,0,-1,674,674,0,3,-7,3501,439,10,3,0,1249,1250,1,0,-1,1235,1236,1,0,-16
1787464014.272,D,0,1,-,119.0,3135,3133,-2,2,1,1091,1090,-1,0,-1,674,673,-1,3,-8,439,3501,-10,2,-2,1249,1249,0,0,-2,1236,1236,0,0,-16
1787464014.578,L,0,1,-,119.0,3135,3133,-2,2,1,1091,1090,-1,0,-1,674,673,-1,3,-8,3500,3501,1,2,-2,1249,209,-16,3,1,1236,1236,0,0,-16
1787464014.719,L',0,1,-,119.0,3135,3133,-2,2,1,1091,1090,-1,0,-1,674,673,-1,3,-8,3501,3501,0,2,-2,208,1251,19,0,0,1235,1236,1,0,-16
1787464014.856,L,0,1,-,119.0,3135,3133,-2,2,1,1091,1090,-1,0,-1,674,673,-1,3,-8,3501,3501,0,2,-2,1250,209,-17,3,1,1236,1236,0,0,-16
1787464014.994,L',0,1,-,119.0,3135,3133,-2,2,1,1091,1090,-1,0,-1,674,674,0,3,-7,3501,3501,0,2,-2,208,1250,18,0,-1,1235,1236,1,0,-16
1787464015.131,L,0,1,-,119.0,3136,3133,-3,2,1,1091,1090,-1,0,-1,674,673,-1,3,-8,3501,3501,0,2,-2,1250,209,-17,3,1,1235,1235,0,0,-17
1787464015.268,L',0,1,-,119.0,3135,3133,-2,2,1,1091,1090,-1,0,-1,674,673,-1,3,-8,3501,3501,0,2,-2,208,1250,18,0,-1,1235,1235,0,0,-17
1787464015.406,L,0,1,-,119.0,3135,3133,-2,2,1,1091,1090,-1,0,-1,674,673,-1,3,-8,3501,3501,0,2,-2,1250,209,-17,3,1,1236,1236,0,0,-16
1787464015.542,L',0,1,-,119.0,3135,3133,-2,2,1,1091,1090,-1,0,-1,674,674,0,3,-7,3501,3501,0,2,-2,208,1250,18,0,-1,1235,1236,1,0,-16
1787464015.680,L,0,1,-,119.0,3135,3133,-2,2,1,1091,1090,-1,0,-1,674,673,-1,3,-8,3501,3501,0,2,-2,1249,209,-16,3,1,1235,1235,0,0,-17
1787464015.819,L',0,1,-,119.0,3135,3133,-2,2,1,1091,1090,-1,0,-1,674,673,-1,3,-8,3501,3501,0,2,-2,208,1250,18,0,-1,1236,1236,0,0,-16
1787464015.956,L,0,1,-,119.0,3135,3133,-2,2,1,1091,1090,-1,0,-1,674,673,-1,3,-8,3501,3501,0,2,-2,1250,209,-17,3,1,1235,1236,1,0,-16
1787464016.092,L',0,1,-,119.0,3135,3133,-2,2,1,1091,1090,-1,0,-1,674,673,-1,3,-8,3501,3501,0,2,-2,208,1250,18,0,-1,1235,1236,1,0,-16
1787464016.231,L,0,1,-,119.0,3135,3133,-2,2,1,1091,1090,-1,0,-1,674,673,-1,3,-8,3501,3501,0,2,-2,1250,209,-17,3,1,1235,1235,0,0,-17
1787464016.367,L',0,1,-,119.0,3135,3133,-2,2,1,1091,1090,-1,0,-1,674,674,0,3,-7,3501,3501,0,2,-2,208,1250,18,0,-1,1235,1236,1,0,-16
1787464016.502,L,0,1,-,119.0,3135,3133,-2,2,1,1091,1090,-1,0,-1,674,674,0,3,-7,3501,3501,0,2,-2,1250,209,-17,3,1,1236,1236,0,0,-16
1787464016.643,L',0,1,-,119.0,3135,3133,-2,2,1,1091,1090,-1,0,-1,674,673,-1,3,-8,3501,3501,0,2,-2,208,1250,18,0,-1,1235,1235,0,0,-17
1787464016.782,L,0,1,-,119.0,3135,3133,-2,2,1,1091,1091,0,0,0,674,673,-1,3,-8,3501,3501,0,2,-2,1250,209,-17,3,1,1236,1236,0,0,-16
1787464016.918,L',0,1,-,119.0,3135,3133,-2,2,1,1091,1090,-1,0,-1,674,673,-1,3,-8,3501,3501,0,2,-2,208,1250,18,0,-1,1235,1236,1,0,-16
1787464017.055,L,0,1,-,119.0,3135,3133,-2,2,1,1091,1090,-1,0,-1,674,673,-1,3,-8,3501,3501,0,2,-2,1249,209,-16,3,1,1236,1236,0,0,-16
1787464017.194,L',0,1,-,119.0,3135,3133,-2,2,1,1091,1091,0,0,0,674,673,-1,3,-8,3501,3501,0,2,-2,208,1250,18,0,-1,1236,1236,0,0,-16
1787464017.331,L,0,1,-,119.0,3135,3133,-2,2,1,1091,1090,-1,0,-1,674,674,0,3,-7,3501,3501,0,2,-2,1250,209,-17,3,1,1236,1235,-1,0,-17
1787464017.470,L',0,1,-,119.0,3135,3133,-2,2,1,1091,1091,0,0,0,674,673,-1,3,-8,3501,3501,0,2,-2,208,1250,18,0,-1,1236,1236,0,0,-16
1787464017.606,L,0,1,-,119.0,3135,3133,-2,2,1,1091,1090,-1,0,-1,674,674,0,3,-7,3501,3501,0,2,-2,1250,209,-17,3,1,1235,1236,1,0,-16
1787464017.744,L',0,1,-,119.0,3135,3133,-2,2,1,1091,1090,-1,0,-1,674,674,0,3,-7,3501,3501,0,2,-2,208,1250,18,0,-1,1236,1236,0,0,-16
1787464017.881,L,0,1,-,119.0,3136,3133,-3,2,1,1091,1091,0,0,0,674,673,-1,3,-8,3501,3501,0,2,-2,1250,209,-17,3,1,1235,1236,1,0,-16
1787464018.017,L',0,1,-,119.0,3135,3133,-2,2,1,1091,1090,-1,0,-1,674,673,-1,3,-8,3501,3501,0,2,-2,208,1250,18,0,-1,1236,1236,0,0,-16
1787464018.150,L,0,1,-,119.0,3135,3133,-2,2,1,1091,1090,-1,0,-1,674,673,-1,3,-8,3501,3501,0,2,-2,1249,209,-16,3,1,1236,1236,0,0,-16
1787464018.284,L',0,1,-,119.0,3135,3133,-2,2,1,1091,1090,-1,0,-1,674,674,0,3,-7,3501,3501,0,2,-2,208,1251,19,0,0,1235,1236,1,0,-16
1787464018.430,L,0,1,-,119.0,3135,3133,-2,2,1,1091,1090,-1,0,-1,674,673,-1,3,-8,3501,3501,0,2,-2,1249,209,-16,3,1,1235,1236,1,0,-16
1787464018.569,L',0,1,-,119.0,3136,3133,-3,2,1,1091,1090,-1,0,-1,674,673,-1,3,-8,3501,3501,0,2,-2,208,1250,18,0,-1,1235,1236,1,0,-16
1787464018.701,L,0,1,-,119.0,3135,3133,-2,2,1,1091,1090,-1,0,-1,674,673,-1,3,-8,3501,3501,0,2,-2,1250,208,-18,3,0,1236,1236,0,0,-16
1787464018.843,L',0,1,-,119.0,3135,3133,-2,2,1,1091,1090,-1,0,-1,674,673,-1,3,-8,3501,3501,0,2,-2,208,1250,18,0,-1,1236,1236,0,0,-16
1787464018.981,L,0,1,-,119.0,3135,3133,-2,2,1,1091,1090,-1,0,-1,674,673,-1,3,-8,3501,3501,0,2,-2,1250,209,-17,3,1,1236,1236,0,0,-16
1787464019.118,L',0,1,-,119.0,3135,3133,-2,2,1,1091,1091,0,0,0,674,674,0,3,-7,3501,3501,0,2,-2,208,1250,18,0,-1,1236,1236,0,0,-16
1787464019.255,L,0,1,-,119.0,3135,3133,-2,2,1,1091,1091,0,0,0,674,674,0,3,-7,3501,3501,0,2,-2,1250,209,-17,3,1,1235,1236,1,0,-16
1787464019.394,L',0,1,-,119.0,3135,3133,-2,2,1,1091,1091,0,0,0,674,673,-1,3,-8,3501,3501,0,2,-2,208,1250,18,0,-1,1236,1236,0,0,-16
1787464019.531,L,0,1,-,119.0,3135,3133,-2,2,1,1091,1091,0,0,0,674,673,-1,3,-8,3501,3501,0,2,-2,1250,209,-17,3,1,1235,1236,1,0,-16
1787464019.668,L',0,1,-,119.0,3135,3133,-2,2,1,1091,1090,-1,0,-1,674,673,-1,3,-8,3501,3501,0,2,-2,208,1250,18,0,-1,1235,1236,1,0,-16
1787464019.806,L,0,1,-,119.0,3135,3133,-2,2,1,1091,1091,0,0,0,674,673,-1,3,-8,3501,3501,0,2,-2,1249,209,-16,3,1,1236,1236,0,0,-16
1787464019.942,L',0,1,-,119.0,3135,3133,-2,2,1,1091,1090,-1,0,-1,674,673,-1,3,-8,3501,3501,0,2,-2,208,1250,18,0,-1,1235,1236,1,0,-16
1787464020.081,L,0,1,-,119.0,3135,3133,-2,2,1,1091,1090,-1,0,-1,674,673,-1,3,-8,3501,3501,0,2,-2,1250,209,-17,3,1,1236,1236,0,0,-16
1787464020.217,L',0,1,-,119.0,3135,3133,-2,2,1,1091,1090,-1,0,-1,674,673,-1,3,-8,3501,3501,0,2,-2,208,1250,18,0,-1,1236,1236,0,0,-16
1787464020.357,L,0,1,-,119.0,3135,3133,-2,2,1,1091,1090,-1,0,-1,674,673,-1,3,-8,3501,3501,0,2,-2,1249,209,-16,3,1,1235,1236,1,0,-16
1787464020.484,L',0,1,-,119.0,3135,3133,-2,2,1,1091,1090,-1,0,-1,674,673,-1,3,-8,3501,3501,0,2,-2,208,1250,18,0,-1,1235,1236,1,0,-16
1787464020.631,L,0,1,-,119.0,3135,3133,-2,2,1,1091,1090,-1,0,-1,674,673,-1,3,-8,3501,3501,0,2,-2,1249,209,-16,3,1,1235,1236,1,0,-16
1787464020.768,L',0,1,-,119.0,3135,3133,-2,2,1,1091,1090,-1,0,-1,674,673,-1,3,-8,3501,3501,0,2,-2,208,1250,18,0,-1,1236,1235,-1,0,-17
1787464020.905,L,0,1,-,119.0,3135,3133,-2,2,1,1091,1090,-1,0,-1,674,674,0,3,-7,3501,3501,0,2,-2,1250,209,-17,3,1,1236,1236,0,0,-16
1787464021.045,L',0,1,-,119.0,3135,3133,-2,2,1,1091,1090,-1,0,-1,674,673,-1,3,-8,3501,3501,0,2,-2,208,1250,18,0,-1,1235,1236,1,0,-16
1787464021.180,L,0,1,-,119.0,3135,3134,-1,2,2,1091,1090,-1,0,-1,674,673,-1,3,-8,3501,3501,0,2,-2,1249,209,-16,3,1,1235,1235,0,0,-17
1787464021.316,L',0,1,-,119.0,3135,3133,-2,2,1,1091,1090,-1,0,-1,674,673,-1,3,-8,3501,3501,0,2,-2,208,1250,18,0,-1,1236,1235,-1,0,-17
1787464021.455,L,0,1,-,119.0,3135,3133,-2,2,1,1091,1090,-1,0,-1,674,674,0,3,-7,3501,3501,0,2,-2,1249,209,-16,3,1,1236,1236,0,0,-16
1787464021.585,L',0,1,-,119.0,3135,3133,-2,2,1,1091,1090,-1,0,-1,674,673,-1,3,-8,3501,3501,0,2,-2,208,1250,18,0,-1,1236,1236,0,0,-16
1787464021.731,L,0,1,-,119.0,3135,3133,-2,2,1,1091,1090,-1,0,-1,674,673,-1,3,-8,3501,3501,0,2,-2,1250,208,-18,3,0,1236,1236,0,0,-16
1787464021.867,L',0,1,-,119.0,3135,3133,-2,2,1,1091,1090,-1,0,-1,674,673,-1,3,-8,3502,3501,-1,2,-2,208,1250,18,0,-1,1236,1236,0,0,-16
1787464022.006,L,0,1,-,119.0,3135,3133,-2,2,1,1091,1090,-1,0,-1,674,674,0,3,-7,3501,3501,0,2,-2,1249,209,-16,3,1,1236,1236,0,0,-16
1787464022.143,L',0,1,-,119.0,3135,3133,-2,2,1,1091,1090,-1,0,-1,674,674,0,3,-7,3501,3501,0,2,-2,208,1250,18,0,-1,1235,1236,1,0,-16
1787464022.281,L,0,1,-,119.0,3135,3133,-2,2,1,1091,1091,0,0,0,674,673,-1,3,-8,3501,3501,0,2,-2,1250,208,-18,3,0,1236,1236,0,0,-16
1787464022.418,L',0,1,-,119.0,3135,3133,-2,2,1,1091,1091,0,0,0,674,673,-1,3,-8,3501,3501,0,2,-2,208,1250,18,0,-1,1236,1236,0,0,-16
1787464022.551,L,0,1,-,119.0,3135,3133,-2,2,1,1091,1090,-1,0,-1,674,673,-1,3,-8,3501,3501,0,2,-2,1250,209,-17,3,1,1236,1235,-1,0,-17
1787464022.693,L',0,1,-,119.0,3135,3133,-2,2,1,1091,1090,-1,0,-1,674,673,-1,3,-8,3501,3501,0,2,-2,208,1250,18,0,-1,1235,1236,1,0,-16
1787464022.830,L,0,1,-,119.0,3135,3133,-2,2,1,1091,1090,-1,0,-1,674,673,-1,3,-8,3501,3501,0,2,-2,1250,209,-17,3,1,1235,1236,1,0,-16
1787464022.968,L',0,1,-,119.0,3135,3133,-2,2,1,1091,1091,0,0,0,674,673,-1,3,-8,3501,3501,0,2,-2,208,1250,18,0,-1,1236,1236,0,0,-16
1787464023.106,L,0,1,-,119.0,3136,3133,-3,2,1,1091,1090,-1,0,-1,674,673,-1,3,-8,3501,3501,0,2,-2,1250,208,-18,3,0,1235,1235,0,0,-17
1787464023.243,L',0,1,-,119.0,3135,3133,-2,2,1,1091,1090,-1,0,-1,674,673,-1,3,-8,3501,3501,0,2,-2,208,1250,18,0,-1,1236,1235,-1,0,-17
1787464023.367,L,0,1,-,119.0,3135,3133,-2,2,1,1091,1091,0,0,0,674,673,-1,3,-8,3501,3501,0,2,-2,1250,209,-17,3,1,1236,1236,0,0,-16
1787464023.517,L',0,1,-,119.0,3135,3133,-2,2,1,1091,1090,-1,0,-1,674,673,-1,3,-8,3501,3501,0,2,-2,208,1250,18,0,-1,1236,1236,0,0,-16
1787464023.655,L,0,1,-,119.0,3135,3133,-2,2,1,1091,1090,-1,0,-1,674,673,-1,3,-8,3501,3501,0,2,-2,1249,209,-16,3,1,1236,1236,0,0,-16
1787464023.787,L',0,1,-,119.0,3135,3133,-2,2,1,1091,1090,-1,0,-1,674,673,-1,3,-8,3501,3501,0,2,-2,208,1250,18,0,-1,1236,1236,0,0,-16
1787464023.930,L,0,1,-,119.0,3135,3133,-2,2,1,1091,1090,-1,0,-1,674,673,-1,3,-8,3501,3501,0,2,-2,1249,209,-16,3,1,1236,1236,0,0,-16
1787464024.067,L',0,1,-,119.0,3135,3133,-2,2,1,1091,1090,-1,0,-1,674,673,-1,3,-8,3501,3501,0,2,-2,208,1250,18,0,-1,1236,1236,0,0,-16
1787464024.206,L,0,1,-,119.0,3135,3133,-2,2,1,1091,1091,0,0,0,674,674,0,3,-7,3501,3501,0,2,-2,1249,209,-16,3,1,1236,1236,0,0,-16
1787464024.343,L',0,1,-,119.0,3135,3134,-1,2,2,1091,1090,-1,0,-1,674,673,-1,3,-8,3501,3501,0,2,-2,208,1250,18,0,-1,1235,1236,1,0,-16
1787464024.480,L,0,1,-,119.0,3135,3133,-2,2,1,1091,1091,0,0,0,674,673,-1,3,-8,3501,3501,0,2,-2,1250,209,-17,3,1,1236,1236,0,0,-16
1787464024.618,L',0,1,-,119.0,3135,3133,-2,2,1,1091,1090,-1,0,-1,674,673,-1,3,-8,3501,3501,0,2,-2,208,1250,18,0,-1,1235,1236,1,0,-16
1787464024.752,L,0,1,-,119.0,3135,3133,-2,2,1,1091,1090,-1,0,-1,674,673,-1,3,-8,3501,3501,0,2,-2,1250,209,-17,3,1,1236,1236,0,0,-16
1787464024.893,L',0,1,-,119.0,3135,3133,-2,2,1,1091,1090,-1,0,-1,674,673,-1,3,-8,3501,3501,0,2,-2,208,1250,18,0,-1,1236,1236,0,0,-16
1787464025.030,L,0,1,-,119.0,3135,3133,-2,2,1,1091,1090,-1,0,-1,674,673,-1,3,-8,3501,3501,0,2,-2,1250,209,-17,3,1,1236,1236,0,0,-16
1787464025.167,L',0,1,-,119.0,3135,3133,-2,2,1,1091,1090,-1,0,-1,674,673,-1,3,-8,3501,3501,0,2,-2,208,1250,18,0,-1,1235,1236,1,0,-16
1787464025.305,L,0,1,-,119.0,3136,3133,-3,2,1,1091,1091,0,0,0,674,673,-1,3,-8,3501,3501,0,2,-2,1250,209,-17,3,1,1236,1236,0,0,-16
1787464025.444,L',0,1,-,119.0,3135,3133,-2,2,1,1091,1090,-1,0,-1,674,673,-1,3,-8,3501,3501,0,2,-2,208,1250,18,0,-1,1235,1236,1,0,-16
1787464025.581,L,0,1,-,119.0,3135,3133,-2,2,1,1091,1091,0,0,0,674,673,-1,3,-8,3501,3501,0,2,-2,1250,209,-17,3,1,1235,1236,1,0,-16
1787464025.717,L',0,1,-,119.0,3135,3133,-2,2,1,1091,1090,-1,0,-1,674,673,-1,3,-8,3501,3501,0,2,-2,208,1250,18,0,-1,1235,1236,1,0,-16
1787464025.854,L,0,1,-,119.0,3135,3133,-2,2,1,1091,1091,0,0,0,674,673,-1,3,-8,3501,3501,0,2,-2,1250,208,-18,3,0,1235,1236,1,0,-16
1787464025.989,L',0,1,-,119.0,3135,3133,-2,2,1,1091,1091,0,0,0,674,673,-1,3,-8,3501,3501,0,2,-2,208,1250,18,0,-1,1235,1235,0,0,-17
1787464026.127,L,0,1,-,119.0,3135,3133,-2,2,1,1091,1091,0,0,0,674,673,-1,3,-8,3501,3501,0,2,-2,1249,209,-16,3,1,1236,1236,0,0,-16
1787464026.267,L',0,1,-,119.0,3135,3133,-2,2,1,1091,1090,-1,0,-1,674,673,-1,3,-8,3502,3501,-1,2,-2,208,1250,18,0,-1,1235,1236,1,0,-16
1787464026.406,L,0,1,-,119.0,3136,3133,-3,2,1,1091,1090,-1,0,-1,674,673,-1,3,-8,3501,3501,0,2,-2,1249,209,-16,3,1,1236,1236,0,0,-16
1787464026.543,L',0,1,-,119.0,3135,3133,-2,2,1,1091,1090,-1,0,-1,674,673,-1,3,-8,3501,3501,0,2,-2,208,1250,18,0,-1,1235,1236,1,0,-16
1787464026.682,L,0,1,-,119.0,3135,3133,-2,2,1,1091,1090,-1,0,-1,674,673,-1,3,-8,3501,3501,0,2,-2,1249,208,-17,3,0,1236,1236,0,0,-16
1787464026.817,L',0,1,-,119.0,3135,3133,-2,2,1,1091,1090,-1,0,-1,674,673,-1,3,-8,3501,3501,0,2,-2,208,1250,18,0,-1,1236,1236,0,0,-16
1787464026.955,L,0,1,-,119.0,3135,3133,-2,2,1,1091,1090,-1,0,-1,674,674,0,3,-7,3501,3501,0,2,-2,1249,209,-16,3,1,1236,1236,0,0,-16
1787464027.093,L',0,1,-,119.0,3135,3133,-2,2,1,1091,1090,-1,0,-1,674,673,-1,3,-8,3501,3501,0,2,-2,208,1250,18,0,-1,1235,1236,1,0,-16
1787464027.231,L,0,1,-,119.0,3135,3133,-2,2,1,1091,1090,-1,0,-1,674,673,-1,3,-8,3501,3501,0,2,-2,1249,209,-16,3,1,1236,1235,-1,0,-17
1787464027.368,L',0,1,-,119.0,3135,3133,-2,2,1,1091,1090,-1,0,-1,674,673,-1,3,-8,3501,3501,0,2,-2,208,1250,18,0,-1,1235,1236,1,0,-16
1787464027.509,L,0,1,-,119.0,3135,3133,-2,2,1,1091,1090,-1,0,-1,674,674,0,3,-7,3501,3501,0,2,-2,1249,209,-16,3,1,1236,1236,0,0,-16
1787464027.643,L',0,1,-,119.0,3135,3133,-2,2,1,1091,1090,-1,0,-1,674,673,-1,3,-8,3501,3501,0,2,-2,208,1250,18,0,-1,1236,1236,0,0,-16
1787464027.769,L,0,1,-,119.0,3135,3133,-2,2,1,1091,1090,-1,0,-1,674,673,-1,3,-8,3501,3501,0,2,-2,1250,209,-17,3,1,1236,1236,0,0,-16
1787464027.917,L',0,1,-,119.0,3135,3133,-2,2,1,1091,1090,-1,0,-1,674,673,-1,3,-8,3501,3501,0,2,-2,208,1250,18,0,-1,1235,1235,0,0,-17
1787464028.054,L,0,1,-,119.0,3135,3133,-2,2,1,1091,1091,0,0,0,674,673,-1,3,-8,3501,3501,0,2,-2,1250,209,-17,3,1,1236,1236,0,0,-16
1787464028.193,L',0,1,-,119.0,3135,3133,-2,2,1,1091,1090,-1,0,-1,674,673,-1,3,-8,3501,3501,0,2,-2,208,1250,18,0,-1,1235,1236,1,0,-16
1787464028.330,L,0,1,-,119.0,3135,3133,-2,2,1,1091,1090,-1,0,-1,674,674,0,3,-7,3502,3501,-1,2,-2,1250,209,-17,3,1,1236,1235,-1,0,-17
1787464028.469,L',0,1,-,119.0,3135,3133,-2,2,1,1091,1090,-1,0,-1,674,673,-1,3,-8,3501,3501,0,2,-2,208,1250,18,0,-1,1235,1235,0,0,-17
1787464028.601,L,0,1,-,119.0,3135,3133,-2,2,1,1091,1090,-1,0,-1,674,673,-1,3,-8,3501,3501,0,2,-2,1249,209,-16,3,1,1235,1236,1,0,-16
1787464028.741,L',0,1,-,119.0,3135,3133,-2,2,1,1091,1090,-1,0,-1,674,673,-1,3,-8,3501,3501,0,2,-2,208,1250,18,0,-1,1235,1236,1,0,-16
1787464028.879,L,0,1,-,119.0,3135,3133,-2,2,1,1091,1090,-1,0,-1,674,674,0,3,-7,3501,3501,0,2,-2,1249,209,-16,3,1,1236,1236,0,0,-16
1787464029.017,L',0,1,-,119.0,3135,3133,-2,2,1,1091,1090,-1,0,-1,674,673,-1,3,-8,3501,3501,0,2,-2,208,1250,18,0,-1,1235,1236,1,0,-16
1787464029.156,L,0,1,-,119.0,3135,3133,-2,2,1,1091,1091,0,0,0,674,673,-1,3,-8,3501,3501,0,2,-2,1249,209,-16,3,1,1236,1236,0,0,-16
1787464029.293,L',0,1,-,119.0,3135,3133,-2,2,1,1091,1090,-1,0,-1,674,673,-1,3,-8,3501,3501,0,2,-2,208,1250,18,0,-1,1235,1236,1,0,-16
1787464029.430,L,0,1,-,119.0,3135,3133,-2,2,1,1091,1090,-1,0,-1,674,673,-1,3,-8,3501,3501,0,2,-2,1249,209,-16,3,1,1236,1236,0,0,-16
1787464029.568,L',0,1,-,119.0,3135,3133,-2,2,1,1091,1090,-1,0,-1,674,673,-1,3,-8,3501,3501,0,2,-2,208,1250,18,0,-1,1235,1235,0,0,-17
1787464029.705,L,0,1,-,119.0,3135,3133,-2,2,1,1091,1090,-1,0,-1,674,673,-1,3,-8,3501,3501,0,2,-2,1249,209,-16,3,1,1236,1236,0,0,-16
1787464029.843,L',0,1,-,119.0,3135,3133,-2,2,1,1091,1090,-1,0,-1,674,673,-1,3,-8,3501,3501,0,2,-2,208,1250,18,0,-1,1235,1236,1,0,-16
1787464029.973,L,0,1,-,119.0,3135,3133,-2,2,1,1091,1091,0,0,0,674,674,0,3,-7,3501,3501,0,2,-2,1250,209,-17,3,1,1236,1236,0,0,-16
1787464030.117,L',0,1,-,119.0,3135,3133,-2,2,1,1091,1090,-1,0,-1,674,673,-1,3,-8,3501,3501,0,2,-2,208,1250,18,0,-1,1236,1236,0,0,-16
1787464030.254,L,0,1,-,119.0,3135,3133,-2,2,1,1091,1090,-1,0,-1,674,673,-1,3,-8,3501,3501,0,2,-2,1250,209,-17,3,1,1235,1236,1,0,-16
1787464030.391,L',0,1,-,119.0,3135,3133,-2,2,1,1091,1090,-1,0,-1,674,673,-1,3,-8,3501,3501,0,2,-2,208,1250,18,0,-1,1236,1236,0,0,-16
1787464030.529,L,0,1,-,119.0,3135,3133,-2,2,1,1091,1090,-1,0,-1,674,673,-1,3,-8,3501,3501,0,2,-2,1250,209,-17,3,1,1236,1236,0,0,-16
1787464030.668,L',0,1,-,119.0,3135,3133,-2,2,1,1091,1090,-1,0,-1,674,673,-1,3,-8,3501,3501,0,2,-2,209,1250,17,0,-1,1236,1236,0,0,-16
1787464030.799,L,0,1,-,119.0,3135,3133,-2,2,1,1091,1090,-1,0,-1,674,673,-1,3,-8,3501,3501,0,2,-2,1249,209,-16,3,1,1236,1236,0,0,-16
1787464030.943,L',0,1,-,119.0,3135,3133,-2,2,1,1091,1090,-1,0,-1,674,673,-1,3,-8,3501,3501,0,2,-2,208,1250,18,0,-1,1235,1236,1,0,-16
1787464031.079,L,0,1,-,119.0,3136,3133,-3,2,1,1091,1090,-1,0,-1,674,673,-1,3,-8,3501,3501,0,2,-2,1250,208,-18,3,0,1236,1236,0,0,-16
1787464031.217,L',0,1,-,119.0,3135,3133,-2,2,1,1091,1090,-1,0,-1,674,674,0,3,-7,3501,3501,0,2,-2,208,1250,18,0,-1,1236,1236,0,0,-16
1787464031.355,L,0,1,-,119.0,3135,3133,-2,2,1,1091,1090,-1,0,-1,674,673,-1,3,-8,3501,3501,0,2,-2,1250,209,-17,3,1,1236,1236,0,0,-16
1787464031.493,L',0,1,-,119.0,3135,3133,-2,2,1,1091,1091,0,0,0,674,673,-1,3,-8,3501,3501,0,2,-2,208,1250,18,0,-1,1235,1236,1,0,-16
1787464031.630,L,0,1,-,119.0,3135,3133,-2,2,1,1091,1090,-1,0,-1,674,673,-1,3,-8,3501,3501,0,2,-2,1250,209,-17,3,1,1235,1235,0,0,-17
1787464031.767,L',0,1,-,119.0,3135,3133,-2,2,1,1091,1090,-1,0,-1,674,673,-1,3,-8,3501,3501,0,2,-2,208,1250,18,0,-1,1236,1236,0,0,-16
1787464031.902,L,0,1,-,119.0,3135,3133,-2,2,1,1091,1090,-1,0,-1,674,673,-1,3,-8,3501,3501,0,2,-2,1249,208,-17,3,0,1236,1235,-1,0,-17
1787464032.044,L',0,1,-,119.0,3135,3133,-2,2,1,1091,1090,-1,0,-1,674,673,-1,3,-8,3501,3501,0,2,-2,208,1250,18,0,-1,1236,1236,0,0,-16
1787464032.180,L,0,1,-,119.0,3135,3133,-2,2,1,1091,1090,-1,0,-1,674,673,-1,3,-8,3501,3501,0,2,-2,1250,209,-17,3,1,1236,1236,0,0,-16
1787464032.317,L',0,1,-,119.0,3135,3133,-2,2,1,1091,1090,-1,0,-1,674,673,-1,3,-8,3501,3501,0,2,-2,208,1250,18,0,-1,1235,1236,1,0,-16
1787464032.455,L,0,1,-,119.0,3135,3133,-2,2,1,1091,1090,-1,0,-1,674,674,0,3,-7,3501,3501,0,2,-2,1249,209,-16,3,1,1236,1236,0,0,-16
1787464032.585,L',0,1,-,119.0,3135,3133,-2,2,1,1091,1090,-1,0,-1,674,673,-1,3,-8,3501,3501,0,2,-2,208,1250,18,0,-1,1235,1235,0,0,-17
1787464032.721,L,0,1,-,119.0,3135,3133,-2,2,1,1091,1090,-1,0,-1,674,673,-1,3,-8,3501,3501,0,2,-2,1249,209,-16,3,1,1236,1236,0,0,-16
1787464032.866,L',0,1,-,119.0,3135,3133,-2,2,1,1091,1090,-1,0,-1,674,673,-1,3,-8,3501,3501,0,2,-2,208,1250,18,0,-1,1235,1236,1,0,-16
1787464033.000,L,0,1,-,119.0,3136,3133,-3,2,1,1091,1091,0,0,0,674,673,-1,3,-8,3501,3501,0,2,-2,1250,209,-17,3,1,1236,1236,0,0,-16
1787464033.132,L',0,1,-,119.0,3135,3133,-2,2,1,1091,1090,-1,0,-1,674,673,-1,3,-8,3501,3501,0,2,-2,208,1250,18,0,-1,1236,1236,0,0,-16
1787464033.279,L,0,1,-,119.0,3135,3133,-2,2,1,1091,1090,-1,0,-1,674,674,0,3,-7,3501,3501,0,2,-2,1250,209,-17,3,1,1235,1236,1,0,-16
1787464033.417,L',0,1,-,119.0,3135,3133,-2,2,1,1091,1091,0,0,0,674,673,-1,3,-8,3501,3501,0,2,-2,208,1250,18,0,-1,1236,1236,0,0,-16
1787464033.555,L,0,1,-,119.0,3135,3133,-2,2,1,1091,1090,-1,0,-1,674,673,-1,3,-8,3501,3501,0,2,-2,1250,209,-17,3,1,1235,1236,1,0,-16
1787464033.692,L',0,1,-,119.0,3135,3133,-2,2,1,1091,1090,-1,0,-1,674,673,-1,3,-8,3501,3501,0,2,-2,208,1250,18,0,-1,1235,1236,1,0,-16
1787464033.830,L,0,1,-,119.0,3135,3133,-2,2,1,1091,1090,-1,0,-1,674,673,-1,3,-8,3501,3501,0,2,-2,1250,209,-17,3,1,1235,1236,1,0,-16
1787464033.967,L',0,1,-,119.0,3135,3133,-2,2,1,1091,1090,-1,0,-1,674,673,-1,3,-8,3501,3501,0,2,-2,208,1250,18,0,-1,1236,1236,0,0,-16
1787464034.104,L,0,1,-,119.0,3135,3133,-2,2,1,1091,1090,-1,0,-1,674,673,-1,3,-8,3501,3501,0,2,-2,1250,209,-17,3,1,1236,1235,-1,0,-17
1787464034.242,L',0,1,-,119.0,3136,3133,-3,2,1,1091,1090,-1,0,-1,674,673,-1,3,-8,3501,3501,0,2,-2,208,1250,18,0,-1,1236,1236,0,0,-16
1787464034.379,L,0,1,-,119.0,3135,3133,-2,2,1,1091,1090,-1,0,-1,674,673,-1,3,-8,3501,3501,0,2,-2,1249,208,-17,3,0,1236,1236,0,0,-16
1787464034.517,L',0,1,-,119.0,3135,3133,-2,2,1,1091,1090,-1,0,-1,674,673,-1,3,-8,3501,3501,0,2,-2,208,1250,18,0,-1,1235,1236,1,0,-16
1787464034.656,L,0,1,-,119.0,3135,3133,-2,2,1,1091,1090,-1,0,-1,674,673,-1,3,-8,3501,3501,0,2,-2,1249,209,-16,3,1,1236,1236,0,0,-16
1787464034.791,L',0,1,-,119.0,3135,3133,-2,2,1,1091,1090,-1,0,-1,674,673,-1,3,-8,3501,3501,0,2,-2,208,1250,18,0,-1,1236,1236,0,0,-16
1787464034.929,L,0,1,-,119.0,3135,3133,-2,2,1,1091,1090,-1,0,-1,674,674,0,3,-7,3501,3501,0,2,-2,1250,209,-17,3,1,1235,1236,1,0,-16
1787464035.069,L',0,1,-,119.0,3135,3133,-2,2,1,1091,1090,-1,0,-1,674,673,-1,3,-8,3501,3501,0,2,-2,208,1251,19,0,0,1235,1235,0,0,-17
1787464035.203,L,0,1,-,119.0,3135,3133,-2,2,1,1091,1091,0,0,0,674,673,-1,3,-8,3501,3501,0,2,-2,1250,209,-17,3,1,1236,1236,0,0,-16
1787464035.342,L',0,1,-,119.0,3135,3133,-2,2,1,1091,1090,-1,0,-1,674,673,-1,3,-8,3501,3501,0,2,-2,208,1250,18,0,-1,1235,1235,0,0,-17
1787464035.479,L,0,1,-,119.0,3135,3134,-1,2,2,1091,1090,-1,0,-1,674,673,-1,3,-8,3501,3501,0,2,-2,1249,209,-16,3,1,1236,1236,0,0,-16
1787464035.615,L',0,1,-,119.0,3135,3133,-2,2,1,1091,1090,-1,0,-1,674,673,-1,3,-8,3501,3501,0,2,-2,208,1250,18,0,-1,1236,1236,0,0,-16
1787464035.754,L,0,1,-,119.0,3135,3133,-2,2,1,1091,1090,-1,0,-1,674,673,-1,3,-8,3501,3501,0,2,-2,1249,209,-16,3,1,1236,1236,0,0,-16
1787464035.892,L',0,1,-,119.0,3135,3133,-2,2,1,1091,1090,-1,0,-1,674,673,-1,3,-8,3501,3501,0,2,-2,208,1250,18,0,-1,1236,1236,0,0,-16
1787464036.029,L,0,1,-,119.0,3135,3133,-2,2,1,1091,1090,-1,0,-1,674,673,-1,3,-8,3501,3501,0,2,-2,1250,209,-17,3,1,1235,1236,1,0,-16
1787464036.168,L',0,1,-,119.0,3135,3133,-2,2,1,1091,1090,-1,0,-1,674,673,-1,3,-8,3501,3501,0,2,-2,208,1250,18,0,-1,1235,1236,1,0,-16
1787464036.304,L,0,1,-,119.0,3135,3133,-2,2,1,1091,1090,-1,0,-1,674,673,-1,3,-8,3501,3501,0,2,-2,1249,209,-16,3,1,1236,1236,0,0,-16
1787464036.442,L',0,1,-,119.0,3135,3133,-2,2,1,1091,1091,0,0,0,674,673,-1,3,-8,3501,3501,0,2,-2,208,1250,18,0,-1,1235,1236,1,0,-16
1787464036.580,L,0,1,-,119.0,3136,3133,-3,2,1,1091,1090,-1,0,-1,674,673,-1,3,-8,3501,3501,0,2,-2,1250,209,-17,3,1,1235,1236,1,0,-16
1787464036.717,L',0,1,-,119.0,3135,3133,-2,2,1,1091,1090,-1,0,-1,674,673,-1,3,-8,3501,3501,0,2,-2,208,1250,18,0,-1,1235,1236,1,0,-16
1787464036.855,L,0,1,-,119.0,3135,3133,-2,2,1,1091,1091,0,0,0,674,673,-1,3,-8,3501,3501,0,2,-2,1250,209,-17,3,1,1235,1236,1,0,-16
1787464036.992,L',0,1,-,119.0,3135,3133,-2,2,1,1091,1090,-1,0,-1,674,673,-1,3,-8,3501,3501,0,2,-2,208,1250,18,0,-1,1235,1236,1,0,-16
1787464037.130,L,0,1,-,119.0,3135,3134,-1,2,2,1091,1090,-1,0,-1,674,673,-1,3,-8,3501,3501,0,2,-2,1249,209,-16,3,1,1235,1235,0,0,-17
1787464037.267,L',0,1,-,119.0,3135,3133,-2,2,1,1091,1090,-1,0,-1,674,673,-1,3,-8,3501,3501,0,2,-2,208,1250,18,0,-1,1236,1236,0,0,-16
1787464037.405,L,0,1,-,119.0,3135,3133,-2,2,1,1091,1091,0,0,0,674,673,-1,3,-8,3501,3501,0,2,-2,1250,209,-17,3,1,1236,1236,0,0,-16
1787464037.533,L',0,1,-,119.0,3135,3133,-2,2,1,1091,1090,-1,0,-1,674,673,-1,3,-8,3501,3501,0,2,-2,208,1250,18,0,-1,1235,1236,1,0,-16
1787464037.678,L,0,1,-,119.0,3135,3133,-2,2,1,1091,1090,-1,0,-1,674,673,-1,3,-8,3501,3501,0,2,-2,1250,209,-17,3,1,1236,1236,0,0,-16
1787464037.817,L',0,1,-,119.0,3135,3133,-2,2,1,1091,1090,-1,0,-1,674,673,-1,3,-8,3502,3501,-1,2,-2,208,1250,18,0,-1,1236,1236,0,0,-16
1787464037.954,L,0,1,-,119.0,3135,3133,-2,2,1,1091,1090,-1,0,-1,674,674,0,3,-7,3501,3501,0,2,-2,1250,209,-17,3,1,1236,1236,0,0,-16
1787464038.092,L',0,1,-,119.0,3135,3133,-2,2,1,1091,1090,-1,0,-1,674,673,-1,3,-8,3501,3501,0,2,-2,208,1250,18,0,-1,1236,1235,-1,0,-17
1787464038.216,L,0,1,-,119.0,3135,3133,-2,2,1,1091,1090,-1,0,-1,674,673,-1,3,-8,3501,3501,0,2,-2,1249,209,-16,3,1,1235,1236,1,0,-16
1787464038.367,L',0,1,-,119.0,3135,3133,-2,2,1,1091,1090,-1,0,-1,674,673,-1,3,-8,3501,3501,0,2,-2,208,1250,18,0,-1,1236,1236,0,0,-16
1787464038.505,L,0,1,-,119.0,3135,3133,-2,2,1,1091,1090,-1,0,-1,674,673,-1,3,-8,3501,3501,0,2,-2,1250,209,-17,3,1,1235,1236,1,0,-16
1787464038.644,L',0,1,-,119.0,3135,3133,-2,2,1,1091,1090,-1,0,-1,674,673,-1,3,-8,3501,3501,0,2,-2,208,1250,18,0,-1,1235,1236,1,0,-16
1787464038.780,L,0,1,-,119.0,3135,3133,-2,2,1,1091,1091,0,0,0,674,673,-1,3,-8,3501,3501,0,2,-2,1250,209,-17,3,1,1235,1236,1,0,-16
1787464038.917,L',0,1,-,119.0,3135,3133,-2,2,1,1091,1091,0,0,0,674,674,0,3,-7,3501,3501,0,2,-2,208,1250,18,0,-1,1236,1236,0,0,-16
1787464039.051,L,0,1,-,119.0,3135,3133,-2,2,1,1091,1091,0,0,0,674,673,-1,3,-8,3501,3501,0,2,-2,1249,209,-16,3,1,1235,1236,1,0,-16
1787464039.185,L',0,1,-,119.0,3135,3133,-2,2,1,1091,1090,-1,0,-1,674,673,-1,3,-8,3501,3501,0,2,-2,208,1250,18,0,-1,1236,1236,0,0,-16
1787464039.329,L,0,1,-,119.0,3135,3133,-2,2,1,1091,1090,-1,0,-1,674,673,-1,3,-8,3501,3501,0,2,-2,1249,209,-16,3,1,1235,1236,1,0,-16
1787464039.467,L',0,1,-,119.0,3135,3133,-2,2,1,1091,1090,-1,0,-1,674,673,-1,3,-8,3501,3501,0,2,-2,208,1250,18,0,-1,1235,1235,0,0,-17
1787464039.600,L,0,1,-,119.0,3135,3133,-2,2,1,1091,1090,-1,0,-1,674,673,-1,3,-8,3501,3501,0,2,-2,1250,209,-17,3,1,1236,1236,0,0,-16
1787464039.742,L',0,1,-,119.0,3136,3133,-3,2,1,1091,1090,-1,0,-1,674,673,-1,3,-8,3502,3501,-1,2,-2,208,1250,18,0,-1,1236,1236,0,0,-16
1787464039.867,L,0,1,-,119.0,3135,3133,-2,2,1,1091,1090,-1,0,-1,674,673,-1,3,-8,3501,3501,0,2,-2,1250,209,-17,3,1,1235,1236,1,0,-16
1787464040.017,L',0,1,-,119.0,3135,3133,-2,2,1,1091,1090,-1,0,-1,674,673,-1,3,-8,3501,3501,0,2,-2,208,1250,18,0,-1,1235,1235,0,0,-17
1787464040.151,L,0,1,-,119.0,3135,3133,-2,2,1,1091,1091,0,0,0,674,673,-1,3,-8,3501,3501,0,2,-2,1250,209,-17,3,1,1235,1236,1,0,-16
1787464040.286,L',0,1,-,119.0,3135,3133,-2,2,1,1091,1091,0,0,0,674,673,-1,3,-8,3501,3501,0,2,-2,208,1250,18,0,-1,1235,1236,1,0,-16
1787464040.415,L,0,1,-,119.0,3135,3133,-2,2,1,1091,1090,-1,0,-1,674,673,-1,3,-8,3501,3501,0,2,-2,1249,209,-16,3,1,1236,1235,-1,0,-17
1787464040.567,L',0,1,-,119.0,3135,3133,-2,2,1,1091,1090,-1,0,-1,674,674,0,3,-7,3501,3501,0,2,-2,208,1250,18,0,-1,1235,1236,1,0,-16
1787464040.701,L,0,1,-,119.0,3135,3133,-2,2,1,1091,1090,-1,0,-1,674,673,-1,3,-8,3501,3501,0,2,-2,1250,209,-17,3,1,1236,1236,0,0,-16
1787464040.842,L',0,1,-,119.0,3135,3133,-2,2,1,1091,1090,-1,0,-1,674,673,-1,3,-8,3501,3501,0,2,-2,208,1250,18,0,-1,1235,1236,1,0,-16
1787464040.979,L,0,1,-,119.0,3135,3133,-2,2,1,1091,1090,-1,0,-1,674,673,-1,3,-8,3501,3501,0,2,-2,1250,208,-18,3,0,1236,1236,0,0,-16
1787464041.117,L',0,1,-,119.0,3135,3133,-2,2,1,1091,1090,-1,0,-1,674,673,-1,3,-8,3501,3501,0,2,-2,208,1250,18,0,-1,1236,1236,0,0,-16
1787464041.254,L,0,1,-,119.0,3135,3133,-2,2,1,1091,1090,-1,0,-1,674,674,0,3,-7,3501,3501,0,2,-2,1250,209,-17,3,1,1236,1236,0,0,-16
1787464041.392,L',0,1,-,119.0,3135,3133,-2,2,1,1091,1090,-1,0,-1,674,673,-1,3,-8,3501,3501,0,2,-2,208,1250,18,0,-1,1236,1236,0,0,-16
1787464041.531,L,0,1,-,119.0,3135,3133,-2,2,1,1091,1090,-1,0,-1,674,673,-1,3,-8,3501,3501,0,2,-2,1249,208,-17,3,0,1235,1236,1,0,-16
1787464041.668,L',0,1,-,119.0,3135,3133,-2,2,1,1091,1090,-1,0,-1,674,673,-1,3,-8,3501,3501,0,2,-2,208,1250,18,0,-1,1236,1236,0,0,-16
1787464041.801,L,0,1,-,119.0,3135,3133,-2,2,1,1091,1090,-1,0,-1,674,674,0,3,-7,3501,3501,0,2,-2,1250,209,-17,3,1,1236,1236,0,0,-16
1787464041.942,L',0,1,-,119.0,3135,3133,-2,2,1,1091,1090,-1,0,-1,674,673,-1,3,-8,3501,3501,0,2,-2,208,1250,18,0,-1,1236,1236,0,0,-16
1787464042.099,L,0,1,-,119.0,3135,3133,-2,2,1,1091,1090,-1,0,-1,674,673,-1,3,-8,3501,3501,0,2,-2,1250,208,-18,3,0,1236,1236,0,0,-16
1787464042.232,L,0,1,-,119.0,3135,3133,-2,2,1,1091,1090,-1,0,-1,674,673,-1,3,-8,3501,3501,0,2,-2,208,3287,7,2,1,1236,1236,0,0,-16
1787464042.366,L,0,1,-,119.0,3135,3133,-2,2,1,1091,1090,-1,0,-1,674,673,-1,3,-8,3501,3501,0,2,-2,3286,2271,9,1,0,1235,1236,1,0,-16
1787464042.516,L,0,1,-,119.0,3135,3133,-2,2,1,1091,1090,-1,0,-1,674,673,-1,3,-8,3501,3501,0,2,-2,2271,1251,4,0,0,1235,1236,1,0,-16
1787464042.653,L,0,1,-,119.0,3135,3133,-2,2,1,1091,1090,-1,0,-1,674,673,-1,3,-8,3501,3501,0,2,-2,1250,209,-17,3,1,1235,1236,1,0,-16
1787464042.791,L,0,1,-,119.0,3135,3133,-2,2,1,1091,1090,-1,0,-1,674,673,-1,3,-8,3501,3501,0,2,-2,208,3287,7,2,1,1236,1236,0,0,-16
1787464042.928,L,0,1,-,119.0,3135,3133,-2,2,1,1091,1090,-1,0,-1,674,673,-1,3,-8,3501,3501,0,2,-2,3286,2271,9,1,0,1235,1236,1,0,-16
1787464043.067,L,0,1,-,119.0,3135,3133,-2,2,1,1091,1090,-1,0,-1,674,673,-1,3,-8,3501,3501,0,2,-2,2271,1251,4,0,0,1235,1236,1,0,-16
1787464043.201,L,0,1,-,119.0,3135,3133,-2,2,1,1091,1090,-1,0,-1,674,673,-1,3,-8,3501,3501,0,2,-2,1250,209,-17,3,1,1235,1236,1,0,-16
1787464043.340,L,0,1,-,119.0,3135,3133,-2,2,1,1091,1090,-1,0,-1,674,673,-1,3,-8,3501,3501,0,2,-2,208,3287,7,2,1,1235,1235,0,0,-17
1787464043.478,L,0,1,-,119.0,3135,3133,-2,2,1,1091,1091,0,0,0,674,673,-1,3,-8,3501,3501,0,2,-2,3286,2272,10,1,1,1235,1236,1,0,-16
1787464043.615,L,0,1,-,119.0,3135,3133,-2,2,1,1091,1090,-1,0,-1,674,673,-1,3,-8,3501,3501,0,2,-2,2271,1251,4,0,0,1235,1235,0,0,-17
1787464043.751,L,0,1,-,119.0,3135,3133,-2,2,1,1091,1090,-1,0,-1,674,673,-1,3,-8,3501,3501,0,2,-2,1250,209,-17,3,1,1235,1236,1,0,-16
1787464043.884,L,0,1,-,119.0,3135,3133,-2,2,1,1091,1090,-1,0,-1,674,673,-1,3,-8,3501,3501,0,2,-2,208,3287,7,2,1,1235,1236,1,0,-16
1787464044.017,L,0,1,-,119.0,3135,3133,-2,2,1,1091,1090,-1,0,-1,674,673,-1,3,-8,3501,3501,0,2,-2,3286,2271,9,1,0,1236,1236,0,0,-16
1787464044.150,L,0,1,-,119.0,3135,3133,-2,2,1,1091,1090,-1,0,-1,674,673,-1,3,-8,3501,3501,0,2,-2,2271,1251,4,0,0,1236,1236,0,0,-16
1787464044.300,L,0,1,-,119.0,3135,3133,-2,2,1,1091,1090,-1,0,-1,674,674,0,3,-7,3501,3501,0,2,-2,1250,209,-17,3,1,1235,1236,1,0,-16
1787464044.439,L,0,1,-,119.0,3135,3133,-2,2,1,1091,1091,0,0,0,674,673,-1,3,-8,3501,3501,0,2,-2,208,3287,7,2,1,1235,1236,1,0,-16
1787464044.573,L,0,1,-,119.0,3135,3133,-2,2,1,1091,1090,-1,0,-1,674,673,-1,3,-8,3501,3501,0,2,-2,3286,2271,9,1,0,1236,1236,0,0,-16
1787464044.714,L,0,1,-,119.0,3135,3133,-2,2,1,1091,1090,-1,0,-1,674,673,-1,3,-8,3501,3501,0,2,-2,2271,1251,4,0,0,1236,1236,0,0,-16
1787464044.852,L,0,1,-,119.0,3135,3133,-2,2,1,1091,1090,-1,0,-1,674,674,0,3,-7,3501,3501,0,2,-2,1250,209,-17,3,1,1236,1235,-1,0,-17
1787464044.985,L,0,1,-,119.0,3135,3133,-2,2,1,1091,1090,-1,0,-1,674,674,0,3,-7,3501,3501,0,2,-2,208,3287,7,2,1,1235,1236,1,0,-16
1787464045.128,L,0,1,-,119.0,3135,3133,-2,2,1,1091,1090,-1,0,-1,674,673,-1,3,-8,3501,3501,0,2,-2,3286,2272,10,1,1,1236,1236,0,0,-16
1787464045.265,L,0,1,-,119.0,3135,3133,-2,2,1,1091,1091,0,0,0,674,674,0,3,-7,3501,3501,0,2,-2,2271,1251,4,0,0,1235,1236,1,0,-16
1787464045.403,L,0,1,-,119.0,3135,3133,-2,2,1,1091,1090,-1,0,-1,674,673,-1,3,-8,3501,3501,0,2,-2,1250,209,-17,3,1,1236,1236,0,0,-16
1787464045.541,L,0,1,-,119.0,3135,3133,-2,2,1,1091,1091,0,0,0,674,673,-1,3,-8,3501,3501,0,2,-2,208,3287,7,2,1,1235,1235,0,0,-17
1787464045.678,L,0,1,-,119.0,3135,3133,-2,2,1,1091,1091,0,0,0,674,673,-1,3,-8,3502,3501,-1,2,-2,3286,2272,10,1,1,1235,1235,0,0,-17
1787464045.818,L,0,1,-,119.0,3135,3133,-2,2,1,1091,1091,0,0,0,674,673,-1,3,-8,3501,3501,0,2,-2,2271,1251,4,0,0,1236,1236,0,0,-16
1787464045.952,L,0,1,-,119.0,3135,3133,-2,2,1,1091,1090,-1,0,-1,674,674,0,3,-7,3501,3501,0,2,-2,1250,209,-17,3,1,1236,1236,0,0,-16
1787464046.084,L,0,1,-,119.0,3135,3133,-2,2,1,1091,1090,-1,0,-1,674,673,-1,3,-8,3501,3501,0,2,-2,208,3287,7,2,1,1235,1236,1,0,-16
1787464046.220,L,0,1,-,119.0,3136,3133,-3,2,1,1091,1090,-1,0,-1,674,674,0,3,-7,3501,3501,0,2,-2,3286,2272,10,1,1,1235,1236,1,0,-16
1787464046.351,L,0,1,-,119.0,3135,3133,-2,2,1,1091,1090,-1,0,-1,674,673,-1,3,-8,3502,3501,-1,2,-2,2271,1250,3,0,-1,1235,1236,1,0,-16
1787464046.505,L,0,1,-,119.0,3135,3133,-2,2,1,1091,1091,0,0,0,674,673,-1,3,-8,3501,3501,0,2,-2,1250,209,-17,3,1,1236,1236,0,0,-16
1787464046.637,L,0,1,-,119.0,3135,3133,-2,2,1,1091,1090,-1,0,-1,674,673,-1,3,-8,3501,3501,0,2,-2,208,3287,7,2,1,1236,1236,0,0,-16
1787464046.767,L,0,1,-,119.0,3136,3133,-3,2,1,1091,1091,0,0,0,674,673,-1,3,-8,3501,3501,0,2,-2,3286,2272,10,1,1,1235,1236,1,0,-16
1787464046.914,L,0,1,-,119.0,3135,3133,-2,2,1,1091,1090,-1,0,-1,674,673,-1,3,-8,3501,3501,0,2,-2,2271,1251,4,0,0,1235,1236,1,0,-16
1787464047.049,L,0,1,-,119.0,3136,3133,-3,2,1,1091,1090,-1,0,-1,674,673,-1,3,-8,3501,3501,0,2,-2,1250,209,-17,3,1,1236,1236,0,0,-16
1787464047.186,L,0,1,-,119.0,3135,3133,-2,2,1,1091,1090,-1,0,-1,674,673,-1,3,-8,3501,3501,0,2,-2,209,3287,6,2,1,1235,1235,0,0,-17
1787464047.327,L,0,1,-,119.0,3135,3133,-2,2,1,1091,1090,-1,0,-1,674,673,-1,3,-8,3501,3501,0,2,-2,3287,2272,9,1,1,1235,1236,1,0,-16
1787464047.465,L,0,1,-,119.0,3136,3133,-3,2,1,1091,1090,-1,0,-1,674,673,-1,3,-8,3501,3501,0,2,-2,2271,1250,3,0,-1,1236,1236,0,0,-16
1787464047.603,L,0,1,-,119.0,3135,3133,-2,2,1,1091,1090,-1,0,-1,674,673,-1,3,-8,3501,3501,0,2,-2,1250,209,-17,3,1,1236,1236,0,0,-16
1787464047.741,L,0,1,-,119.0,3135,3133,-2,2,1,1091,1091,0,0,0,674,673,-1,3,-8,3501,3501,0,2,-2,208,3287,7,2,1,1235,1235,0,0,-17
1787464047.878,L,0,1,-,119.0,3135,3133,-2,2,1,1091,1090,-1,0,-1,674,673,-1,3,-8,3501,3501,0,2,-2,3286,2272,10,1,1,1236,1236,0,0,-16
1787464048.016,L,0,1,-,119.0,3135,3133,-2,2,1,1091,1090,-1,0,-1,674,673,-1,3,-8,3501,3501,0,2,-2,2271,1251,4,0,0,1235,1235,0,0,-17
1787464048.152,L,0,1,-,119.0,3135,3133,-2,2,1,1091,1090,-1,0,-1,674,673,-1,3,-8,3501,3501,0,2,-2,1250,209,-17,3,1,1235,1236,1,0,-16
1787464048.290,L,0,1,-,119.0,3135,3133,-2,2,1,1091,1090,-1,0,-1,674,673,-1,3,-8,3501,3501,0,2,-2,208,3287,7,2,1,1236,1235,-1,0,-17
1787464048.425,L,0,1,-,119.0,3135,3133,-2,2,1,1091,1090,-1,0,-1,674,674,0,3,-7,3501,3501,0,2,-2,3286,2271,9,1,0,1235,1235,0,0,-17
1787464048.556,L,0,1,-,119.0,3135,3133,-2,2,1,1091,1090,-1,0,-1,674,674,0,3,-7,3501,3501,0,2,-2,2271,1250,3,0,-1,1235,1235,0,0,-17
1787464048.703,L,0,1,-,119.0,3135,3133,-2,2,1,1091,1090,-1,0,-1,674,674,0,3,-7,3501,3501,0,2,-2,1250,209,-17,3,1,1236,1236,0,0,-16
1787464048.834,L,0,1,-,119.0,3135,3133,-2,2,1,1091,1090,-1,0,-1,674,673,-1,3,-8,3501,3501,0,2,-2,208,3287,7,2,1,1235,1236,1,0,-16
1787464048.972,L,0,1,-,119.0,3135,3133,-2,2,1,1091,1090,-1,0,-1,674,674,0,3,-7,3501,3501,0,2,-2,3286,2271,9,1,0,1235,1236,1,0,-16
1787464049.115,L,0,1,-,119.0,3135,3133,-2,2,1,1091,1090,-1,0,-1,674,673,-1,3,-8,3501,3501,0,2,-2,2271,1250,3,0,-1,1236,1236,0,0,-16
1787464049.253,L,0,1,-,119.0,3135,3133,-2,2,1,1091,1090,-1,0,-1,674,673,-1,3,-8,3501,3501,0,2,-2,1250,209,-17,3,1,1235,1236,1,0,-16
1787464049.381,L,0,1,-,119.0,3135,3133,-2,2,1,1091,1091,0,0,0,674,673,-1,3,-8,3501,3501,0,2,-2,208,3287,7,2,1,1235,1236,1,0,-16
1787464049.524,L,0,1,-,119.0,3136,3133,-3,2,1,1091,1090,-1,0,-1,674,673,-1,3,-8,3501,3501,0,2,-2,3286,2271,9,1,0,1235,1236,1,0,-16
1787464049.665,L,0,1,-,119.0,3135,3133,-2,2,1,1091,1091,0,0,0,674,674,0,3,-7,3501,3501,0,2,-2,2271,1250,3,0,-1,1236,1236,0,0,-16
1787464049.803,L,0,1,-,119.0,3135,3133,-2,2,1,1091,1090,-1,0,-1,674,674,0,3,-7,3501,3501,0,2,-2,1250,209,-17,3,1,1235,1236,1,0,-16
1787464049.934,L,0,1,-,119.0,3135,3133,-2,2,1,1091,1090,-1,0,-1,674,673,-1,3,-8,3501,3501,0,2,-2,208,3287,7,2,1,1236,1236,0,0,-16
1787464050.079,L,0,1,-,119.0,3135,3133,-2,2,1,1091,1091,0,0,0,674,673,-1,3,-8,3501,3501,0,2,-2,3286,2272,10,1,1,1235,1236,1,0,-16
1787464050.216,L,0,1,-,119.0,3136,3133,-3,2,1,1091,1090,-1,0,-1,674,673,-1,3,-8,3501,3501,0,2,-2,2271,1250,3,0,-1,1235,1236,1,0,-16
1787464050.353,L,0,1,-,119.0,3135,3133,-2,2,1,1091,1090,-1,0,-1,674,674,0,3,-7,3501,3501,0,2,-2,1250,209,-17,3,1,1236,1236,0,0,-16
1787464050.490,L,0,1,-,119.0,3135,3133,-2,2,1,1091,1091,0,0,0,674,673,-1,3,-8,3501,3501,0,2,-2,208,3287,7,2,1,1235,1235,0,0,-17
1787464050.628,L,0,1,-,119.0,3135,3133,-2,2,1,1091,1090,-1,0,-1,674,673,-1,3,-8,3501,3501,0,2,-2,3286,2272,10,1,1,1235,1236,1,0,-16
1787464050.765,L,0,1,-,119.0,3135,3133,-2,2,1,1091,1090,-1,0,-1,674,673,-1,3,-8,3501,3501,0,2,-2,2271,1251,4,0,0,1235,1236,1,0,-16
1787464050.900,L,0,1,-,119.0,3135,3133,-2,2,1,1091,1090,-1,0,-1,674,674,0,3,-7,3501,3501,0,2,-2,1250,209,-17,3,1,1235,1236,1,0,-16
1787464051.034,L,0,1,-,119.0,3135,3133,-2,2,1,1091,1090,-1,0,-1,674,674,0,3,-7,3501,3501,0,2,-2,208,3287,7,2,1,1236,1235,-1,0,-17
1787464051.167,L,0,1,-,119.0,3135,3133,-2,2,1,1091,1090,-1,0,-1,674,673,-1,3,-8,3501,3501,0,2,-2,3286,2272,10,1,1,1235,1235,0,0,-17
1787464051.313,L,0,1,-,119.0,3135,3133,-2,2,1,1091,1090,-1,0,-1,674,673,-1,3,-8,3501,3501,0,2,-2,2271,1251,4,0,0,1236,1236,0,0,-16
1787464051.449,L,0,1,-,119.0,3135,3133,-2,2,1,1091,1090,-1,0,-1,674,673,-1,3,-8,3501,3501,0,2,-2,1250,209,-17,3,1,1235,1236,1,0,-16
1787464051.583,L,0,1,-,119.0,3135,3133,-2,2,1,1091,1090,-1,0,-1,674,673,-1,3,-8,3501,3501,0,2,-2,208,3287,7,2,1,1235,1236,1,0,-16
1787464051.726,L,0,1,-,119.0,3135,3133,-2,2,1,1091,1091,0,0,0,674,673,-1,3,-8,3501,3501,0,2,-2,3286,2272,10,1,1,1236,1236,0,0,-16
1787464051.865,L,0,1,-,119.0,3135,3133,-2,2,1,1091,1090,-1,0,-1,674,673,-1,3,-8,3501,3501,0,2,-2,2271,1250,3,0,-1,1235,1236,1,0,-16
1787464052.005,L,0,1,-,119.0,3135,3133,-2,2,1,1091,1091,0,0,0,674,673,-1,3,-8,3501,3501,0,2,-2,1250,209,-17,3,1,1235,1236,1,0,-16
1787464052.140,L,0,1,-,119.0,3135,3133,-2,2,1,1091,1090,-1,0,-1,674,674,0,3,-7,3501,3501,0,2,-2,208,3287,7,2,1,1236,1236,0,0,-16
1787464052.269,L,0,1,-,119.0,3135,3133,-2,2,1,1091,1090,-1,0,-1,674,673,-1,3,-8,3501,3501,0,2,-2,3286,2271,9,1,0,1235,1236,1,0,-16
1787464052.415,L,0,1,-,119.0,3135,3133,-2,2,1,1091,1091,0,0,0,674,673,-1,3,-8,3501,3501,0,2,-2,2271,1251,4,0,0,1235,1236,1,0,-16
1787464052.553,L,0,1,-,119.0,3135,3133,-2,2,1,1091,1090,-1,0,-1,674,673,-1,3,-8,3501,3501,0,2,-2,1250,209,-17,3,1,1235,1236,1,0,-16
1787464052.691,L,0,1,-,119.0,3135,3133,-2,2,1,1091,1090,-1,0,-1,674,673,-1,3,-8,3501,3501,0,2,-2,208,3287,7,2,1,1235,1235,0,0,-17
1787464052.827,L,0,1,-,119.0,3135,3133,-2,2,1,1091,1090,-1,0,-1,674,673,-1,3,-8,3501,3501,0,2,-2,3286,2272,10,1,1,1235,1236,1,0,-16
1787464052.965,L,0,1,-,119.0,3135,3133,-2,2,1,1091,1090,-1,0,-1,674,673,-1,3,-8,3501,3501,0,2,-2,2271,1250,3,0,-1,1235,1235,0,0,-17
1787464053.102,L,0,1,-,119.0,3135,3133,-2,2,1,1091,1091,0,0,0,674,674,0,3,-7,3501,3501,0,2,-2,1250,209,-17,3,1,1236,1236,0,0,-16
1787464053.234,L,0,1,-,119.0,3135,3133,-2,2,1,1091,1090,-1,0,-1,674,673,-1,3,-8,3501,3501,0,2,-2,208,3287,7,2,1,1236,1236,0,0,-16
1787464053.376,L,0,1,-,119.0,3135,3133,-2,2,1,1091,1091,0,0,0,674,673,-1,3,-8,3501,3501,0,2,-2,3287,2272,9,1,1,1235,1236,1,0,-16
1787464053.502,L,0,1,-,119.0,3135,3133,-2,2,1,1091,1090,-1,0,-1,674,673,-1,3,-8,3501,3501,0,2,-2,2272,1250,2,0,-1,1235,1235,0,0,-17
1787464053.653,L,0,1,-,119.0,3135,3133,-2,2,1,1091,1090,-1,0,-1,674,673,-1,3,-8,3501,3501,0,2,-2,1250,209,-17,3,1,1235,1236,1,0,-16
1787464053.788,L,0,1,-,119.0,3135,3133,-2,2,1,1091,1091,0,0,0,674,673,-1,3,-8,3501,3501,0,2,-2,208,3287,7,2,1,1235,1236,1,0,-16
1787464053.918,L,0,1,-,119.0,3135,3133,-2,2,1,1091,1090,-1,0,-1,674,673,-1,3,-8,3501,3501,0,2,-2,3286,2272,10,1,1,1235,1236,1,0,-16
1787464054.065,L,0,1,-,119.0,3135,3133,-2,2,1,1091,1090,-1,0,-1,674,673,-1,3,-8,3501,3501,0,2,-2,2271,1251,4,0,0,1235,1235,0,0,-17
1787464054.199,L,0,1,-,119.0,3135,3133,-2,2,1,1091,1090,-1,0,-1,674,673,-1,3,-8,3501,3501,0,2,-2,1250,209,-17,3,1,1235,1236,1,0,-16
1787464054.332,L,0,1,-,119.0,3135,3133,-2,2,1,1091,1090,-1,0,-1,674,673,-1,3,-8,3501,3501,0,2,-2,208,3287,7,2,1,1235,1236,1,0,-16
1787464054.477,L,0,1,-,119.0,3135,3133,-2,2,1,1091,1090,-1,0,-1,674,674,0,3,-7,3501,3501,0,2,-2,3286,2272,10,1,1,1236,1236,0,0,-16
1787464054.613,L,0,1,-,119.0,3135,3133,-2,2,1,1091,1090,-1,0,-1,674,673,-1,3,-8,3501,3501,0,2,-2,2271,1251,4,0,0,1235,1236,1,0,-16
1787464054.751,L,0,1,-,119.0,3135,3133,-2,2,1,1091,1090,-1,0,-1,674,674,0,3,-7,3501,3501,0,2,-2,1250,209,-17,3,1,1235,1236,1,0,-16
1787464054.890,L,0,1,-,119.0,3135,3133,-2,2,1,1091,1091,0,0,0,674,674,0,3,-7,3501,3501,0,2,-2,208,3287,7,2,1,1236,1236,0,0,-16
1787464055.027,L,0,1,-,119.0,3135,3133,-2,2,1,1091,1090,-1,0,-1,674,674,0,3,-7,3501,3501,0,2,-2,3286,2271,9,1,0,1235,1236,1,0,-16
1787464055.165,L,0,1,-,119.0,3136,3133,-3,2,1,1091,1090,-1,0,-1,674,674,0,3,-7,3501,3501,0,2,-2,2271,1251,4,0,0,1236,1236,0,0,-16
1787464055.302,L,0,1,-,119.0,3135,3133,-2,2,1,1091,1091,0,0,0,674,673,-1,3,-8,3501,3501,0,2,-2,1250,209,-17,3,1,1235,1236,1,0,-16
1787464055.435,L,0,1,-,119.0,3135,3133,-2,2,1,1091,1090,-1,0,-1,674,673,-1,3,-8,3501,3501,0,2,-2,208,3287,7,2,1,1235,1236,1,0,-16
1787464055.568,L,0,1,-,119.0,3135,3133,-2,2,1,1091,1091,0,0,0,674,673,-1,3,-8,3501,3501,0,2,-2,3286,2272,10,1,1,1235,1236,1,0,-16
1787464055.701,L,0,1,-,119.0,3135,3133,-2,2,1,1091,1090,-1,0,-1,674,673,-1,3,-8,3501,3501,0,2,-2,2271,1251,4,0,0,1235,1236,1,0,-16
1787464055.850,L,0,1,-,119.0,3135,3133,-2,2,1,1091,1090,-1,0,-1,674,673,-1,3,-8,3501,3501,0,2,-2,1250,209,-17,3,1,1235,1236,1,0,-16
1787464055.990,L,0,1,-,119.0,3135,3133,-2,2,1,1091,1090,-1,0,-1,674,673,-1,3,-8,3501,3501,0,2,-2,208,3287,7,2,1,1236,1236,0,0,-16
1787464056.118,L,0,1,-,119.0,3135,3133,-2,2,1,1091,1090,-1,0,-1,674,674,0,3,-7,3501,3501,0,2,-2,3286,2272,10,1,1,1236,1236,0,0,-16
1787464056.264,L,0,1,-,119.0,3135,3133,-2,2,1,1091,1090,-1,0,-1,674,673,-1,3,-8,3501,3501,0,2,-2,2271,1250,3,0,-1,1235,1236,1,0,-16
1787464056.399,L,0,1,-,119.0,3135,3133,-2,2,1,1091,1091,0,0,0,674,673,-1,3,-8,3501,3501,0,2,-2,1250,209,-17,3,1,1235,1236,1,0,-16
1787464056.532,L,0,1,-,119.0,3136,3133,-3,2,1,1091,1090,-1,0,-1,674,673,-1,3,-8,3501,3501,0,2,-2,208,3287,7,2,1,1235,1236,1,0,-16
1787464056.677,L,0,1,-,119.0,3135,3133,-2,2,1,1091,1090,-1,0,-1,674,673,-1,3,-8,3501,3501,0,2,-2,3286,2272,10,1,1,1235,1236,1,0,-16
1787464056.815,L,0,1,-,119.0,3135,3133,-2,2,1,1091,1091,0,0,0,674,673,-1,3,-8,3501,3501,0,2,-2,2271,1251,4,0,0,1236,1236,0,0,-16
1787464056.951,L,0,1,-,119.0,3135,3133,-2,2,1,1091,1090,-1,0,-1,674,673,-1,3,-8,3501,3501,0,2,-2,1250,209,-17,3,1,1235,1236,1,0,-16
1787464057.084,L,0,1,-,119.0,3135,3133,-2,2,1,1091,1091,0,0,0,674,673,-1,3,-8,3501,3501,0,2,-2,208,3287,7,2,1,1235,1235,0,0,-17
1787464057.218,L,0,1,-,119.0,3135,3133,-2,2,1,1091,1090,-1,0,-1,674,673,-1,3,-8,3501,3501,0,2,-2,3286,2272,10,1,1,1235,1236,1,0,-16
1787464057.351,L,0,1,-,119.0,3135,3133,-2,2,1,1091,1090,-1,0,-1,674,673,-1,3,-8,3501,3501,0,2,-2,2271,1251,4,0,0,1236,1236,0,0,-16
1787464057.502,L,0,1,-,119.0,3135,3133,-2,2,1,1091,1090,-1,0,-1,674,674,0,3,-7,3501,3501,0,2,-2,1250,209,-17,3,1,1235,1236,1,0,-16
1787464057.639,L,0,1,-,119.0,3135,3133,-2,2,1,1091,1090,-1,0,-1,674,673,-1,3,-8,3501,3501,0,2,-2,209,3287,6,2,1,1235,1236,1,0,-16
1787464057.769,L,0,1,-,119.0,3135,3133,-2,2,1,1091,1090,-1,0,-1,674,673,-1,3,-8,3501,3501,0,2,-2,3286,2271,9,1,0,1236,1236,0,0,-16
1787464057.902,L,0,1,-,119.0,3135,3133,-2,2,1,1091,1090,-1,0,-1,674,674,0,3,-7,3501,3501,0,2,-2,2271,1251,4,0,0,1236,1236,0,0,-16
1787464058.052,L,0,1,-,119.0,3135,3133,-2,2,1,1091,1090,-1,0,-1,674,673,-1,3,-8,3501,3501,0,2,-2,1250,209,-17,3,1,1236,1236,0,0,-16
1787464058.186,L,0,1,-,119.0,3135,3133,-2,2,1,1091,1090,-1,0,-1,674,673,-1,3,-8,3501,3501,0,2,-2,208,3287,7,2,1,1236,1236,0,0,-16
1787464058.326,L,0,1,-,119.0,3135,3133,-2,2,1,1091,1090,-1,0,-1,674,673,-1,3,-8,3501,3501,0,2,-2,3286,2271,9,1,0,1236,1236,0,0,-16
1787464058.451,L,0,1,-,119.0,3135,3133,-2,2,1,1091,1090,-1,0,-1,674,673,-1,3,-8,3501,3501,0,2,-2,2271,1251,4,0,0,1235,1236,1,0,-16
1787464058.599,L,0,1,-,119.0,3135,3133,-2,2,1,1091,1090,-1,0,-1,674,674,0,3,-7,3501,3501,0,2,-2,1250,209,-17,3,1,1236,1235,-1,0,-17
1787464058.734,L,0,1,-,119.0,3136,3133,-3,2,1,1091,1090,-1,0,-1,674,673,-1,3,-8,3501,3501,0,2,-2,208,3287,7,2,1,1235,1236,1,0,-16
1787464058.878,L,0,1,-,119.0,3135,3133,-2,2,1,1091,1090,-1,0,-1,674,673,-1,3,-8,3501,3501,0,2,-2,3286,2272,10,1,1,1235,1236,1,0,-16
1787464059.009,L,0,1,-,119.0,3135,3133,-2,2,1,1091,1090,-1,0,-1,674,673,-1,3,-8,3501,3501,0,2,-2,2271,1250,3,0,-1,1236,1236,0,0,-16
1787464059.148,L,0,1,-,119.0,3135,3133,-2,2,1,1091,1090,-1,0,-1,674,673,-1,3,-8,3501,3501,0,2,-2,1250,209,-17,3,1,1236,1236,0,0,-16
1787464059.282,L,0,1,-,119.0,3135,3133,-2,2,1,1091,1090,-1,0,-1,674,673,-1,3,-8,3501,3501,0,2,-2,208,3287,7,2,1,1235,1236,1,0,-16
1787464059.427,L,0,1,-,119.0,3135,3133,-2,2,1,1091,1091,0,0,0,674,674,0,3,-7,3501,3501,0,2,-2,3286,2272,10,1,1,1236,1236,0,0,-16
1787464059.555,L,0,1,-,119.0,3136,3133,-3,2,1,1091,1090,-1,0,-1,674,673,-1,3,-8,3501,3501,0,2,-2,2271,1251,4,0,0,1235,1236,1,0,-16
1787464059.702,L,0,1,-,119.0,3135,3133,-2,2,1,1091,1090,-1,0,-1,674,673,-1,3,-8,3501,3501,0,2,-2,1250,209,-17,3,1,1236,1236,0,0,-16
1787464059.840,L,0,1,-,119.0,3135,3133,-2,2,1,1091,1090,-1,0,-1,674,673,-1,3,-8,3501,3501,0,2,-2,208,3287,7,2,1,1235,1235,0,0,-17
1787464059.977,L,0,1,-,119.0,3135,3133,-2,2,1,1091,1090,-1,0,-1,674,673,-1,3,-8,3501,3501,0,2,-2,3286,2271,9,1,0,1236,1236,0,0,-16
1787464060.114,L,0,1,-,119.0,3135,3133,-2,2,1,1091,1090,-1,0,-1,674,673,-1,3,-8,3501,3501,0,2,-2,2271,1251,4,0,0,1235,1236,1,0,-16
1787464060.250,L,0,1,-,119.0,3135,3133,-2,2,1,1091,1090,-1,0,-1,674,673,-1,3,-8,3501,3501,0,2,-2,1250,209,-17,3,1,1235,1236,1,0,-16
1787464060.385,L,0,1,-,119.0,3135,3133,-2,2,1,1091,1090,-1,0,-1,674,673,-1,3,-8,3501,3501,0,2,-2,208,3287,7,2,1,1236,1236,0,0,-16
1787464060.527,L,0,1,-,119.0,3135,3133,-2,2,1,1091,1090,-1,0,-1,674,673,-1,3,-8,3501,3501,0,2,-2,3286,2272,10,1,1,1235,1236,1,0,-16
1787464060.659,L,0,1,-,119.0,3135,3133,-2,2,1,1091,1090,-1,0,-1,674,673,-1,3,-8,3501,3501,0,2,-2,2271,1251,4,0,0,1235,1236,1,0,-16
1787464060.799,L,0,1,-,119.0,3135,3133,-2,2,1,1091,1090,-1,0,-1,674,673,-1,3,-8,3501,3501,0,2,-2,1250,209,-17,3,1,1235,1236,1,0,-16
1787464060.937,L,0,1,-,119.0,3136,3134,-2,2,2,1091,1090,-1,0,-1,674,674,0,3,-7,3501,3501,0,2,-2,208,3287,7,2,1,1235,1236,1,0,-16
1787464061.066,L,0,1,-,119.0,3135,3133,-2,2,1,1091,1090,-1,0,-1,674,673,-1,3,-8,3501,3501,0,2,-2,3286,2271,9,1,0,1236,1236,0,0,-16
1787464061.216,L,0,1,-,119.0,3136,3133,-3,2,1,1091,1091,0,0,0,674,673,-1,3,-8,3501,3501,0,2,-2,2271,1251,4,0,0,1236,1236,0,0,-16
1787464061.349,L,0,1,-,119.0,3135,3133,-2,2,1,1091,1090,-1,0,-1,674,673,-1,3,-8,3501,3501,0,2,-2,1250,209,-17,3,1,1235,1236,1,0,-16
1787464061.487,L,0,1,-,119.0,3135,3133,-2,2,1,1091,1091,0,0,0,674,674,0,3,-7,3501,3501,0,2,-2,209,3287,6,2,1,1236,1236,0,0,-16
1787464061.613,L,0,1,-,119.0,3135,3133,-2,2,1,1091,1090,-1,0,-1,674,673,-1,3,-8,3501,3501,0,2,-2,3286,2272,10,1,1,1236,1236,0,0,-16
1787464061.766,L,0,1,-,119.0,3135,3133,-2,2,1,1091,1090,-1,0,-1,674,673,-1,3,-8,3501,3501,0,2,-2,2271,1250,3,0,-1,1235,1236,1,0,-16
1787464061.902,L,0,1,-,119.0,3135,3133,-2,2,1,1091,1090,-1,0,-1,674,673,-1,3,-8,3501,3501,0,2,-2,1250,209,-17,3,1,1236,1236,0,0,-16
1787464062.041,L,0,1,-,119.0,3135,3133,-2,2,1,1091,1091,0,0,0,674,674,0,3,-7,3501,3501,0,2,-2,208,3287,7,2,1,1235,1236,1,0,-16
1787464062.177,L,0,1,-,119.0,3135,3133,-2,2,1,1091,1090,-1,0,-1,674,673,-1,3,-8,3501,3501,0,2,-2,3286,2272,10,1,1,1235,1236,1,0,-16
1787464062.314,L,0,1,-,119.0,3135,3133,-2,2,1,1091,1090,-1,0,-1,674,674,0,3,-7,3501,3501,0,2,-2,2271,1250,3,0,-1,1235,1235,0,0,-17
1787464062.452,L,0,1,-,119.0,3136,3133,-3,2,1,1091,1090,-1,0,-1,674,674,0,3,-7,3501,3501,0,2,-2,1250,209,-17,3,1,1236,1236,0,0,-16
1787464062.590,L,0,1,-,119.0,3135,3133,-2,2,1,1091,1090,-1,0,-1,674,673,-1,3,-8,3501,3501,0,2,-2,208,3287,7,2,1,1235,1236,1,0,-16
1787464062.717,L,0,1,-,119.0,3135,3134,-1,2,2,1091,1090,-1,0,-1,674,673,-1,3,-8,3501,3501,0,2,-2,3287,2272,9,1,1,1235,1236,1,0,-16
1787464062.863,L,0,1,-,119.0,3135,3133,-2,2,1,1091,1090,-1,0,-1,674,673,-1,3,-8,3501,3501,0,2,-2,2271,1251,4,0,0,1235,1236,1,0,-16
1787464063.000,L,0,1,-,119.0,3135,3133,-2,2,1,1091,1090,-1,0,-1,674,674,0,3,-7,3501,3501,0,2,-2,1250,209,-17,3,1,1236,1236,0,0,-16
1787464063.139,L,0,1,-,119.0,3135,3133,-2,2,1,1091,1090,-1,0,-1,674,673,-1,3,-8,3501,3501,0,2,-2,208,3287,7,2,1,1236,1236,0,0,-16
1787464063.267,L,0,1,-,119.0,3135,3133,-2,2,1,1091,1091,0,0,0,674,673,-1,3,-8,3501,3501,0,2,-2,3286,2272,10,1,1,1235,1236,1,0,-16
1787464063.400,L,0,1,-,119.0,3135,3133,-2,2,1,1091,1091,0,0,0,674,673,-1,3,-8,3501,3501,0,2,-2,2271,1250,3,0,-1,1235,1235,0,0,-17
1787464063.551,L,0,1,-,119.0,3135,3133,-2,2,1,1091,1090,-1,0,-1,674,673,-1,3,-8,3501,3501,0,2,-2,1250,209,-17,3,1,1236,1236,0,0,-16
1787464063.689,L,0,1,-,119.0,3135,3133,-2,2,1,1091,1090,-1,0,-1,674,674,0,3,-7,3501,3501,0,2,-2,208,3287,7,2,1,1236,1236,0,0,-16
1787464063.818,L,0,1,-,119.0,3135,3133,-2,2,1,1091,1090,-1,0,-1,674,673,-1,3,-8,3501,3501,0,2,-2,3286,2272,10,1,1,1236,1235,-1,0,-17
1787464063.951,L,0,1,-,119.0,3135,3133,-2,2,1,1091,1090,-1,0,-1,674,674,0,3,-7,3501,3501,0,2,-2,2271,1251,4,0,0,1235,1236,1,0,-16
1787464064.101,L,0,1,-,119.0,3135,3133,-2,2,1,1091,1090,-1,0,-1,674,674,0,3,-7,3501,3501,0,2,-2,1250,209,-17,3,1,1236,1236,0,0,-16
1787464064.239,L,0,1,-,119.0,3135,3133,-2,2,1,1091,1090,-1,0,-1,674,673,-1,3,-8,3501,3501,0,2,-2,208,3287,7,2,1,1235,1236,1,0,-16
1787464064.376,L,0,1,-,119.0,3135,3133,-2,2,1,1091,1090,-1,0,-1,674,674,0,3,-7,3501,3501,0,2,-2,3286,2272,10,1,1,1235,1236,1,0,-16
1787464064.513,L,0,1,-,119.0,3135,3133,-2,2,1,1091,1091,0,0,0,674,673,-1,3,-8,3501,3501,0,2,-2,2271,1251,4,0,0,1236,1236,0,0,-16
1787464064.652,L,0,1,-,119.0,3135,3133,-2,2,1,1091,1090,-1,0,-1,674,673,-1,3,-8,3501,3501,0,2,-2,1250,209,-17,3,1,1235,1235,0,0,-17
1787464064.789,L,0,1,-,119.0,3135,3133,-2,2,1,1091,1091,0,0,0,674,673,-1,3,-8,3501,3501,0,2,-2,208,3287,7,2,1,1235,1236,1,0,-16
1787464064.927,L,0,1,-,119.0,3135,3133,-2,2,1,1091,1091,0,0,0,674,673,-1,3,-8,3501,3501,0,2,-2,3287,2272,9,1,1,1235,1236,1,0,-16
1787464065.064,L,0,1,-,119.0,3135,3133,-2,2,1,1091,1090,-1,0,-1,674,673,-1,3,-8,3501,3501,0,2,-2,2271,1251,4,0,0,1235,1236,1,0,-16
1787464065.201,L,0,1,-,119.0,3135,3133,-2,2,1,1091,1090,-1,0,-1,674,673,-1,3,-8,3501,3501,0,2,-2,1250,209,-17,3,1,1235,1236,1,0,-16
1787464065.337,L,0,1,-,119.0,3135,3133,-2,2,1,1091,1090,-1,0,-1,674,674,0,3,-7,3501,3501,0,2,-2,208,3287,7,2,1,1235,1236,1,0,-16
1787464065.474,L,0,1,-,119.0,3135,3133,-2,2,1,1091,1090,-1,0,-1,674,673,-1,3,-8,3501,3501,0,2,-2,3286,2272,10,1,1,1236,1236,0,0,-16
1787464065.601,L,0,1,-,119.0,3135,3133,-2,2,1,1091,1090,-1,0,-1,674,673,-1,3,-8,3501,3501,0,2,-2,2271,1251,4,0,0,1235,1236,1,0,-16
1787464065.749,L,0,1,-,119.0,3135,3133,-2,2,1,1091,1090,-1,0,-1,674,673,-1,3,-8,3501,3501,0,2,-2,1250,209,-17,3,1,1235,1236,1,0,-16
1787464065.884,L,0,1,-,119.0,3136,3133,-3,2,1,1091,1090,-1,0,-1,674,673,-1,3,-8,3501,3501,0,2,-2,208,3287,7,2,1,1235,1236,1,0,-16
1787464066.026,L,0,1,-,119.0,3135,3133,-2,2,1,1091,1090,-1,0,-1,674,674,0,3,-7,3501,3501,0,2,-2,3287,2272,9,1,1,1235,1235,0,0,-17
1787464066.159,L,0,1,-,119.0,3135,3133,-2,2,1,1091,1091,0,0,0,674,673,-1,3,-8,3501,3501,0,2,-2,2271,1251,4,0,0,1236,1236,0,0,-16
1787464066.298,L,0,1,-,119.0,3135,3133,-2,2,1,1091,1090,-1,0,-1,674,673,-1,3,-8,3501,3501,0,2,-2,1250,209,-17,3,1,1236,1236,0,0,-16
1787464066.432,L,0,1,-,119.0,3135,3133,-2,2,1,1091,1090,-1,0,-1,674,673,-1,3,-8,3501,3501,0,2,-2,208,3287,7,2,1,1235,1236,1,0,-16
1787464066.572,L,0,1,-,119.0,3135,3133,-2,2,1,1091,1090,-1,0,-1,674,673,-1,3,-8,3501,3501,0,2,-2,3286,2271,9,1,0,1235,1236,1,0,-16
1787464066.705,L,0,1,-,119.0,3135,3133,-2,2,1,1091,1091,0,0,0,674,673,-1,3,-8,3501,3501,0,2,-2,2271,1251,4,0,0,1236,1236,0,0,-16
1787464066.851,L,0,1,-,119.0,3135,3133,-2,2,1,1091,1090,-1,0,-1,674,673,-1,3,-8,3501,3501,0,2,-2,1250,209,-17,3,1,1236,1236,0,0,-16
1787464066.989,L,0,1,-,119.0,3135,3133,-2,2,1,1091,1091,0,0,0,674,673,-1,3,-8,3501,3501,0,2,-2,208,3287,7,2,1,1235,1236,1,0,-16
1787464067.126,L,0,1,-,119.0,3135,3133,-2,2,1,1091,1090,-1,0,-1,674,674,0,3,-7,3501,3501,0,2,-2,3286,2272,10,1,1,1236,1236,0,0,-16
1787464067.264,L,0,1,-,119.0,3136,3133,-3,2,1,1091,1090,-1,0,-1,674,673,-1,3,-8,3501,3501,0,2,-2,2271,1250,3,0,-1,1236,1236,0,0,-16
1787464067.401,L,0,1,-,119.0,3135,3133,-2,2,1,1091,1090,-1,0,-1,674,673,-1,3,-8,3501,3501,0,2,-2,1250,209,-17,3,1,1236,1236,0,0,-16
1787464067.538,L,0,1,-,119.0,3135,3133,-2,2,1,1091,1090,-1,0,-1,674,673,-1,3,-8,3501,3501,0,2,-2,208,3287,7,2,1,1235,1235,0,0,-17
1787464067.672,L,0,1,-,119.0,3136,3133,-3,2,1,1091,1090,-1,0,-1,674,673,-1,3,-8,3501,3501,0,2,-2,3286,2272,10,1,1,1235,1236,1,0,-16
1787464067.813,L,0,1,-,119.0,3135,3133,-2,2,1,1091,1090,-1,0,-1,674,673,-1,3,-8,3501,3501,0,2,-2,2271,1251,4,0,0,1236,1236,0,0,-16
1787464067.950,L,0,1,-,119.0,3135,3133,-2,2,1,1091,1090,-1,0,-1,674,673,-1,3,-8,3501,3501,0,2,-2,1250,209,-17,3,1,1235,1236,1,0,-16
1787464068.089,L,0,1,-,119.0,3135,3133,-2,2,1,1091,1091,0,0,0,674,674,0,3,-7,3501,3501,0,2,-2,208,3287,7,2,1,1235,1236,1,0,-16
1787464068.216,L,0,1,-,119.0,3135,3133,-2,2,1,1091,1091,0,0,0,674,673,-1,3,-8,3501,3501,0,2,-2,3286,2272,10,1,1,1235,1235,0,0,-17
1787464068.363,L,0,1,-,119.0,3135,3133,-2,2,1,1091,1090,-1,0,-1,674,674,0,3,-7,3501,3501,0,2,-2,2271,1250,3,0,-1,1235,1236,1,0,-16
1787464068.498,L,0,1,-,119.0,3135,3133,-2,2,1,1091,1090,-1,0,-1,674,673,-1,3,-8,3501,3501,0,2,-2,1250,209,-17,3,1,1235,1236,1,0,-16
1787464068.641,L,0,1,-,119.0,3135,3133,-2,2,1,1091,1091,0,0,0,674,673,-1,3,-8,3501,3501,0,2,-2,208,3287,7,2,1,1235,1236,1,0,-16
1787464068.763,L,0,1,-,119.0,3135,3133,-2,2,1,1091,1090,-1,0,-1,674,673,-1,3,-8,3501,3501,0,2,-2,3286,2272,10,1,1,1235,1236,1,0,-16
1787464068.913,L,0,1,-,119.0,3135,3133,-2,2,1,1091,1091,0,0,0,674,673,-1,3,-8,3501,3501,0,2,-2,2271,1250,3,0,-1,1236,1236,0,0,-16
1787464069.052,L,0,1,-,119.0,3135,3133,-2,2,1,1091,1090,-1,0,-1,674,673,-1,3,-8,3501,3501,0,2,-2,1250,209,-17,3,1,1235,1236,1,0,-16
1787464069.189,L,0,1,-,119.0,3135,3133,-2,2,1,1091,1090,-1,0,-1,674,673,-1,3,-8,3501,3501,0,2,-2,208,3287,7,2,1,1236,1236,0,0,-16
1787464069.326,L,0,1,-,119.0,3135,3133,-2,2,1,1091,1090,-1,0,-1,674,673,-1,3,-8,3501,3501,0,2,-2,3286,2272,10,1,1,1235,1236,1,0,-16
1787464069.464,L,0,1,-,119.0,3135,3133,-2,2,1,1091,1090,-1,0,-1,674,674,0,3,-7,3501,3501,0,2,-2,2271,1250,3,0,-1,1235,1235,0,0,-17
1787464069.624,L',0,1,-,119.0,3135,3133,-2,2,1,1091,1090,-1,0,-1,674,673,-1,3,-8,3501,3501,0,2,-2,1250,2271,-3,1,0,1236,1235,-1,0,-17
1787464069.762,L',0,1,-,119.0,3135,3133,-2,2,1,1091,1091,0,0,0,674,673,-1,3,-8,3501,3501,0,2,-2,2271,3286,-9,2,0,1235,1235,0,0,-17
1787464069.899,L',0,1,-,119.0,3135,3133,-2,2,1,1091,1091,0,0,0,674,674,0,3,-7,3501,3501,0,2,-2,3286,209,-5,3,1,1236,1236,0,0,-16
1787464070.034,L',0,1,-,119.0,3136,3133,-3,2,1,1091,1090,-1,0,-1,674,673,-1,3,-8,3501,3501,0,2,-2,208,1250,18,0,-1,1235,1235,0,0,-17
1787464070.174,L',0,1,-,119.0,3135,3133,-2,2,1,1091,1090,-1,0,-1,674,673,-1,3,-8,3501,3501,0,2,-2,1249,2271,-2,1,0,1235,1235,0,0,-17
1787464070.311,L',0,1,-,119.0,3135,3133,-2,2,1,1091,1090,-1,0,-1,674,673,-1,3,-8,3501,3501,0,2,-2,2271,3286,-9,2,0,1236,1236,0,0,-16
1787464070.458,L',0,1,-,119.0,3135,3133,-2,2,1,1091,1090,-1,0,-1,674,673,-1,3,-8,3501,3501,0,2,-2,3286,209,-5,3,1,1235,1236,1,0,-16
1787464070.577,L',0,1,-,119.0,3135,3133,-2,2,1,1091,1090,-1,0,-1,674,673,-1,3,-8,3501,3501,0,2,-2,208,1250,18,0,-1,1236,1235,-1,0,-17
1787464070.724,L',0,1,-,119.0,3135,3133,-2,2,1,1091,1090,-1,0,-1,674,673,-1,3,-8,3501,3501,0,2,-2,1249,2271,-2,1,0,1236,1236,0,0,-16
1787464070.861,L',0,1,-,119.0,3135,3133,-2,2,1,1091,1090,-1,0,-1,674,674,0,3,-7,3501,3501,0,2,-2,2271,3287,-8,2,1,1236,1236,0,0,-16
1787464071.000,L',0,1,-,119.0,3135,3133,-2,2,1,1091,1090,-1,0,-1,674,673,-1,3,-8,3501,3501,0,2,-2,3286,209,-5,3,1,1235,1236,1,0,-16
1787464071.137,L',0,1,-,119.0,3135,3133,-2,2,1,1091,1090,-1,0,-1,674,673,-1,3,-8,3501,3501,0,2,-2,208,1250,18,0,-1,1236,1236,0,0,-16
1787464071.275,L',0,1,-,119.0,3135,3133,-2,2,1,1091,1091,0,0,0,674,673,-1,3,-8,3501,3501,0,2,-2,1249,2272,-1,1,1,1236,1235,-1,0,-17
1787464071.412,L',0,1,-,119.0,3135,3133,-2,2,1,1091,1090,-1,0,-1,674,673,-1,3,-8,3501,3501,0,2,-2,2271,3286,-9,2,0,1236,1235,-1,0,-17
1787464071.551,L',0,1,-,119.0,3135,3133,-2,2,1,1091,1090,-1,0,-1,674,673,-1,3,-8,3501,3501,0,2,-2,3286,209,-5,3,1,1236,1235,-1,0,-17
1787464071.687,L',0,1,-,119.0,3135,3133,-2,2,1,1091,1090,-1,0,-1,674,673,-1,3,-8,3502,3501,-1,2,-2,208,1250,18,0,-1,1235,1236,1,0,-16
1787464071.824,L',0,1,-,119.0,3135,3133,-2,2,1,1091,1090,-1,0,-1,674,673,-1,3,-8,3501,3501,0,2,-2,1249,2271,-2,1,0,1236,1236,0,0,-16
1787464071.962,L',0,1,-,119.0,3135,3133,-2,2,1,1091,1090,-1,0,-1,674,673,-1,3,-8,3501,3501,0,2,-2,2271,3286,-9,2,0,1235,1236,1,0,-16
1787464072.100,L',0,1,-,119.0,3135,3133,-2,2,1,1091,1090,-1,0,-1,674,673,-1,3,-8,3501,3501,0,2,-2,3286,209,-5,3,1,1235,1236,1,0,-16
1787464072.236,L',0,1,-,119.0,3135,3133,-2,2,1,1091,1090,-1,0,-1,674,673,-1,3,-8,3501,3501,0,2,-2,208,1250,18,0,-1,1236,1236,0,0,-16
1787464072.374,L',0,1,-,119.0,3135,3133,-2,2,1,1091,1090,-1,0,-1,674,673,-1,3,-8,3501,3501,0,2,-2,1249,2271,-2,1,0,1235,1236,1,0,-16
1787464072.512,L',0,1,-,119.0,3135,3133,-2,2,1,1091,1090,-1,0,-1,674,673,-1,3,-8,3501,3501,0,2,-2,2271,3286,-9,2,0,1236,1235,-1,0,-17
1787464072.649,L',0,1,-,119.0,3135,3133,-2,2,1,1091,1090,-1,0,-1,674,674,0,3,-7,3501,3501,0,2,-2,3286,209,-5,3,1,1235,1236,1,0,-16
1787464072.785,L',0,1,-,119.0,3135,3133,-2,2,1,1091,1090,-1,0,-1,674,673,-1,3,-8,3501,3501,0,2,-2,208,1250,18,0,-1,1236,1236,0,0,-16
1787464072.915,L',0,1,-,119.0,3135,3133,-2,2,1,1091,1090,-1,0,-1,674,673,-1,3,-8,3501,3501,0,2,-2,1249,2271,-2,1,0,1236,1236,0,0,-16
1787464073.061,L',0,1,-,119.0,3135,3133,-2,2,1,1091,1090,-1,0,-1,674,673,-1,3,-8,3501,3501,0,2,-2,2271,3286,-9,2,0,1235,1236,1,0,-16
1787464073.200,L',0,1,-,119.0,3136,3133,-3,2,1,1091,1090,-1,0,-1,674,673,-1,3,-8,3501,3501,0,2,-2,3286,209,-5,3,1,1236,1236,0,0,-16
1787464073.335,L',0,1,-,119.0,3135,3133,-2,2,1,1091,1090,-1,0,-1,674,673,-1,3,-8,3501,3501,0,2,-2,208,1250,18,0,-1,1236,1236,0,0,-16
1787464073.473,L',0,1,-,119.0,3135,3133,-2,2,1,1091,1090,-1,0,-1,674,674,0,3,-7,3501,3501,0,2,-2,1249,2271,-2,1,0,1235,1236,1,0,-16
1787464073.601,L',0,1,-,119.0,3135,3133,-2,2,1,1091,1091,0,0,0,674,673,-1,3,-8,3501,3501,0,2,-2,2271,3286,-9,2,0,1235,1236,1,0,-16
1787464073.749,L',0,1,-,119.0,3135,3133,-2,2,1,1091,1090,-1,0,-1,674,674,0,3,-7,3501,3501,0,2,-2,3286,209,-5,3,1,1236,1236,0,0,-16
1787464073.885,L',0,1,-,119.0,3135,3133,-2,2,1,1091,1090,-1,0,-1,674,673,-1,3,-8,3501,3501,0,2,-2,208,1250,18,0,-1,1235,1236,1,0,-16
1787464074.024,L',0,1,-,119.0,3135,3133,-2,2,1,1091,1090,-1,0,-1,674,673,-1,3,-8,3501,3501,0,2,-2,1249,2271,-2,1,0,1236,1236,0,0,-16
1787464074.156,L',0,1,-,119.0,3135,3134,-1,2,2,1091,1090,-1,0,-1,674,674,0,3,-7,3501,3501,0,2,-2,2271,3286,-9,2,0,1236,1235,-1,0,-17
1787464074.299,L',0,1,-,119.0,3135,3133,-2,2,1,1091,1090,-1,0,-1,674,673,-1,3,-8,3501,3501,0,2,-2,3286,209,-5,3,1,1235,1236,1,0,-16
1787464074.435,L',0,1,-,119.0,3135,3133,-2,2,1,1091,1090,-1,0,-1,674,673,-1,3,-8,3501,3501,0,2,-2,208,1250,18,0,-1,1235,1236,1,0,-16
1787464074.568,L',0,1,-,119.0,3135,3133,-2,2,1,1091,1090,-1,0,-1,674,673,-1,3,-8,3501,3501,0,2,-2,1249,2271,-2,1,0,1235,1236,1,0,-16
1787464074.712,L',0,1,-,119.0,3135,3133,-2,2,1,1091,1091,0,0,0,674,673,-1,3,-8,3501,3501,0,2,-2,2271,3286,-9,2,0,1236,1236,0,0,-16
1787464074.848,L',0,1,-,119.0,3135,3133,-2,2,1,1091,1090,-1,0,-1,674,673,-1,3,-8,3501,3501,0,2,-2,3286,209,-5,3,1,1235,1235,0,0,-17
1787464074.986,L',0,1,-,119.0,3136,3133,-3,2,1,1091,1090,-1,0,-1,674,673,-1,3,-8,3501,3501,0,2,-2,208,1250,18,0,-1,1236,1235,-1,0,-17
1787464075.125,L',0,1,-,119.0,3135,3133,-2,2,1,1091,1090,-1,0,-1,674,673,-1,3,-8,3501,3501,0,2,-2,1249,2271,-2,1,0,1235,1236,1,0,-16
1787464075.262,L',0,1,-,119.0,3135,3133,-2,2,1,1091,1090,-1,0,-1,674,673,-1,3,-8,3501,3501,0,2,-2,2271,3286,-9,2,0,1235,1236,1,0,-16
1787464075.399,L',0,1,-,119.0,3136,3133,-3,2,1,1091,1090,-1,0,-1,674,673,-1,3,-8,3501,3501,0,2,-2,3286,208,-6,3,0,1236,1236,0,0,-16
1787464075.535,L',0,1,-,119.0,3135,3133,-2,2,1,1091,1090,-1,0,-1,674,673,-1,3,-8,3501,3501,0,2,-2,208,1250,18,0,-1,1236,1235,-1,0,-17
1787464075.672,L',0,1,-,119.0,3135,3133,-2,2,1,1091,1090,-1,0,-1,674,673,-1,3,-8,3501,3501,0,2,-2,1249,2271,-2,1,0,1236,1236,0,0,-16
1787464075.801,L',0,1,-,119.0,3136,3133,-3,2,1,1091,1090,-1,0,-1,674,673,-1,3,-8,3501,3501,0,2,-2,2271,3286,-9,2,0,1236,1236,0,0,-16
1787464075.949,L',0,1,-,119.0,3135,3133,-2,2,1,1091,1090,-1,0,-1,674,674,0,3,-7,3501,3501,0,2,-2,3286,209,-5,3,1,1236,1235,-1,0,-17
1787464076.087,L',0,1,-,119.0,3135,3133,-2,2,1,1091,1090,-1,0,-1,674,673,-1,3,-8,3501,3501,0,2,-2,208,1250,18,0,-1,1236,1236,0,0,-16
1787464076.226,L',0,1,-,119.0,3136,3133,-3,2,1,1091,1090,-1,0,-1,674,673,-1,3,-8,3501,3501,0,2,-2,1249,2271,-2,1,0,1235,1236,1,0,-16
1787464076.361,L',0,1,-,119.0,3135,3133,-2,2,1,1091,1090,-1,0,-1,674,673,-1,3,-8,3501,3501,0,2,-2,2271,3286,-9,2,0,1235,1235,0,0,-17
1787464076.500,L',0,1,-,119.0,3135,3133,-2,2,1,1091,1090,-1,0,-1,674,673,-1,3,-8,3501,3501,0,2,-2,3286,209,-5,3,1,1236,1235,-1,0,-17
1787464076.637,L',0,1,-,119.0,3135,3133,-2,2,1,1091,1090,-1,0,-1,674,673,-1,3,-8,3501,3501,0,2,-2,208,1250,18,0,-1,1236,1236,0,0,-16
1787464076.773,L',0,1,-,119.0,3135,3133,-2,2,1,1091,1090,-1,0,-1,674,673,-1,3,-8,3501,3501,0,2,-2,1249,2271,-2,1,0,1235,1236,1,0,-16
1787464076.911,L',0,1,-,119.0,3135,3133,-2,2,1,1091,1090,-1,0,-1,674,673,-1,3,-8,3501,3501,0,2,-2,2271,3286,-9,2,0,1235,1235,0,0,-17
1787464077.043,L',0,1,-,119.0,3135,3133,-2,2,1,1091,1090,-1,0,-1,674,673,-1,3,-8,3501,3501,0,2,-2,3286,209,-5,3,1,1235,1236,1,0,-16
1787464077.187,L',0,1,-,119.0,3135,3133,-2,2,1,1091,1090,-1,0,-1,674,673,-1,3,-8,3501,3501,0,2,-2,208,1250,18,0,-1,1235,1236,1,0,-16
1787464077.322,L',0,1,-,119.0,3135,3133,-2,2,1,1091,1090,-1,0,-1,674,673,-1,3,-8,3501,3501,0,2,-2,1250,2271,-3,1,0,1235,1236,1,0,-16
1787464077.460,L',0,1,-,119.0,3136,3133,-3,2,1,1091,1090,-1,0,-1,674,673,-1,3,-8,3501,3501,0,2,-2,2271,3286,-9,2,0,1236,1235,-1,0,-17
1787464077.599,L',0,1,-,119.0,3136,3133,-3,2,1,1091,1090,-1,0,-1,674,673,-1,3,-8,3501,3501,0,2,-2,3286,209,-5,3,1,1236,1236,0,0,-16
1787464077.736,L',0,1,-,119.0,3135,3133,-2,2,1,1091,1090,-1,0,-1,674,673,-1,3,-8,3502,3501,-1,2,-2,208,1250,18,0,-1,1235,1236,1,0,-16
1787464077.874,L',0,1,-,119.0,3135,3133,-2,2,1,1091,1090,-1,0,-1,674,673,-1,3,-8,3501,3501,0,2,-2,1249,2272,-1,1,1,1235,1235,0,0,-17
1787464078.012,L',0,1,-,119.0,3135,3133,-2,2,1,1091,1090,-1,0,-1,674,673,-1,3,-8,3501,3501,0,2,-2,2270,3287,-7,2,1,1235,1236,1,0,-16
1787464078.149,L',0,1,-,119.0,3135,3133,-2,2,1,1091,1090,-1,0,-1,674,673,-1,3,-8,3501,3501,0,2,-2,3286,209,-5,3,1,1235,1235,0,0,-17
1787464078.286,L',0,1,-,119.0,3135,3133,-2,2,1,1091,1090,-1,0,-1,674,673,-1,3,-8,3501,3501,0,2,-2,208,1250,18,0,-1,1236,1236,0,0,-16
1787464078.424,L',0,1,-,119.0,3135,3133,-2,2,1,1091,1090,-1,0,-1,674,673,-1,3,-8,3501,3501,0,2,-2,1249,2271,-2,1,0,1236,1236,0,0,-16
1787464078.561,L',0,1,-,119.0,3135,3133,-2,2,1,1091,1090,-1,0,-1,674,673,-1,3,-8,3501,3501,0,2,-2,2270,3287,-7,2,1,1235,1236,1,0,-16
1787464078.699,L',0,1,-,119.0,3135,3133,-2,2,1,1091,1090,-1,0,-1,674,673,-1,3,-8,3501,3501,0,2,-2,3286,208,-6,3,0,1235,1236,1,0,-16
1787464078.837,L',0,1,-,119.0,3135,3133,-2,2,1,1091,1090,-1,0,-1,674,673,-1,3,-8,3501,3501,0,2,-2,208,1250,18,0,-1,1235,1236,1,0,-16
1787464078.968,L',0,1,-,119.0,3135,3133,-2,2,1,1091,1091,0,0,0,674,673,-1,3,-8,3501,3501,0,2,-2,1249,2272,-1,1,1,1235,1236,1,0,-16
1787464079.102,L',0,1,-,119.0,3135,3133,-2,2,1,1091,1090,-1,0,-1,674,673,-1,3,-8,3501,3501,0,2,-2,2271,3286,-9,2,0,1236,1236,0,0,-16
1787464079.248,L',0,1,-,119.0,3136,3133,-3,2,1,1091,1090,-1,0,-1,674,673,-1,3,-8,3501,3501,0,2,-2,3286,209,-5,3,1,1235,1236,1,0,-16
1787464079.387,L',0,1,-,119.0,3135,3133,-2,2,1,1091,1090,-1,0,-1,674,673,-1,3,-8,3501,3501,0,2,-2,208,1250,18,0,-1,1235,1236,1,0,-16
1787464079.519,L',0,1,-,119.0,3135,3133,-2,2,1,1091,1090,-1,0,-1,674,673,-1,3,-8,3501,3501,0,2,-2,1250,2271,-3,1,0,1236,1236,0,0,-16
1787464079.660,L',0,1,-,119.0,3135,3133,-2,2,1,1091,1090,-1,0,-1,674,673,-1,3,-8,3501,3501,0,2,-2,2271,3286,-9,2,0,1235,1236,1,0,-16
1787464079.798,L',0,1,-,119.0,3135,3133,-2,2,1,1091,1091,0,0,0,674,673,-1,3,-8,3501,3501,0,2,-2,3286,208,-6,3,0,1236,1235,-1,0,-17
1787464079.936,L',0,1,-,119.0,3135,3133,-2,2,1,1091,1090,-1,0,-1,674,673,-1,3,-8,3501,3501,0,2,-2,208,1250,18,0,-1,1236,1236,0,0,-16
1787464080.074,L',0,1,-,119.0,3135,3133,-2,2,1,1091,1090,-1,0,-1,674,673,-1,3,-8,3501,3501,0,2,-2,1249,2271,-2,1,0,1235,1236,1,0,-16
1787464080.211,L',0,1,-,119.0,3135,3133,-2,2,1,1091,1090,-1,0,-1,674,673,-1,3,-8,3501,3501,0,2,-2,2271,3286,-9,2,0,1236,1236,0,0,-16
1787464080.348,L',0,1,-,119.0,3135,3133,-2,2,1,1091,1090,-1,0,-1,674,673,-1,3,-8,3501,3501,0,2,-2,3286,208,-6,3,0,1235,1235,0,0,-17
1787464080.484,L',0,1,-,119.0,3135,3133,-2,2,1,1091,1090,-1,0,-1,674,673,-1,3,-8,3501,3501,0,2,-2,208,1250,18,0,-1,1235,1236,1,0,-16
1787464080.624,L',0,1,-,119.0,3135,3133,-2,2,1,1091,1090,-1,0,-1,674,673,-1,3,-8,3501,3501,0,2,-2,1249,2271,-2,1,0,1235,1236,1,0,-16
1787464080.761,L',0,1,-,119.0,3135,3133,-2,2,1,1091,1090,-1,0,-1,674,673,-1,3,-8,3501,3501,0,2,-2,2271,3286,-9,2,0,1235,1236,1,0,-16
1787464080.899,L',0,1,-,119.0,3135,3134,-1,2,2,1091,1090,-1,0,-1,674,673,-1,3,-8,3501,3501,0,2,-2,3286,208,-6,3,0,1235,1236,1,0,-16
1787464081.036,L',0,1,-,119.0,3135,3133,-2,2,1,1091,1091,0,0,0,674,673,-1,3,-8,3501,3501,0,2,-2,208,1250,18,0,-1,1235,1236,1,0,-16
1787464081.174,L',0,1,-,119.0,3135,3133,-2,2,1,1091,1090,-1,0,-1,674,673,-1,3,-8,3501,3501,0,2,-2,1250,2271,-3,1,0,1236,1236,0,0,-16
1787464081.311,L',0,1,-,119.0,3135,3133,-2,2,1,1091,1090,-1,0,-1,674,673,-1,3,-8,3501,3501,0,2,-2,2271,3286,-9,2,0,1235,1235,0,0,-17
1787464081.449,L',0,1,-,119.0,3135,3133,-2,2,1,1091,1090,-1,0,-1,674,673,-1,3,-8,3501,3501,0,2,-2,3286,209,-5,3,1,1236,1236,0,0,-16
1787464081.585,L',0,1,-,119.0,3135,3133,-2,2,1,1091,1090,-1,0,-1,674,674,0,3,-7,3501,3501,0,2,-2,208,1250,18,0,-1,1236,1236,0,0,-16
1787464081.718,L',0,1,-,119.0,3135,3133,-2,2,1,1091,1090,-1,0,-1,674,673,-1,3,-8,3501,3501,0,2,-2,1249,2271,-2,1,0,1236,1236,0,0,-16
1787464081.862,L',0,1,-,119.0,3135,3133,-2,2,1,1091,1091,0,0,0,674,673,-1,3,-8,3501,3501,0,2,-2,2270,3286,-8,2,0,1236,1236,0,0,-16
1787464081.986,L',0,1,-,119.0,3135,3133,-2,2,1,1091,1090,-1,0,-1,674,673,-1,3,-8,3501,3501,0,2,-2,3286,209,-5,3,1,1235,1236,1,0,-16
1787464082.134,L',0,1,-,119.0,3135,3133,-2,2,1,1091,1090,-1,0,-1,674,673,-1,3,-8,3501,3501,0,2,-2,208,1250,18,0,-1,1235,1236,1,0,-16
1787464082.268,L',0,1,-,119.0,3135,3133,-2,2,1,1091,1090,-1,0,-1,674,674,0,3,-7,3501,3501,0,2,-2,1249,2271,-2,1,0,1235,1236,1,0,-16
1787464082.411,L',0,1,-,119.0,3135,3133,-2,2,1,1091,1090,-1,0,-1,674,673,-1,3,-8,3501,3501,0,2,-2,2271,3286,-9,2,0,1236,1236,0,0,-16
1787464082.549,L',0,1,-,119.0,3135,3133,-2,2,1,1091,1091,0,0,0,674,674,0,3,-7,3501,3501,0,2,-2,3286,208,-6,3,0,1235,1236,1,0,-16
1787464082.682,L',0,1,-,119.0,3135,3133,-2,2,1,1091,1091,0,0,0,674,673,-1,3,-8,3501,3501,0,2,-2,208,1250,18,0,-1,1235,1235,0,0,-17
1787464082.824,L',0,1,-,119.0,3135,3133,-2,2,1,1091,1090,-1,0,-1,674,673,-1,3,-8,3501,3501,0,2,-2,1250,2271,-3,1,0,1235,1236,1,0,-16
1787464082.951,L',0,1,-,119.0,3135,3133,-2,2,1,1091,1090,-1,0,-1,674,673,-1,3,-8,3501,3501,0,2,-2,2271,3286,-9,2,0,1235,1236,1,0,-16
1787464083.098,L',0,1,-,119.0,3135,3133,-2,2,1,1091,1090,-1,0,-1,674,673,-1,3,-8,3501,3501,0,2,-2,3286,208,-6,3,0,1235,1236,1,0,-16
1787464083.236,L',0,1,-,119.0,3135,3133,-2,2,1,1091,1090,-1,0,-1,674,673,-1,3,-8,3501,3501,0,2,-2,208,1250,18,0,-1,1236,1236,0,0,-16
1787464083.374,L',0,1,-,119.0,3135,3133,-2,2,1,1091,1090,-1,0,-1,674,673,-1,3,-8,3501,3501,0,2,-2,1250,2271,-3,1,0,1236,1235,-1,0,-17
1787464083.511,L',0,1,-,119.0,3135,3133,-2,2,1,1091,1091,0,0,0,674,673,-1,3,-8,3501,3501,0,2,-2,2271,3286,-9,2,0,1236,1236,0,0,-16
1787464083.649,L',0,1,-,119.0,3135,3133,-2,2,1,1091,1091,0,0,0,674,673,-1,3,-8,3501,3501,0,2,-2,3286,209,-5,3,1,1235,1236,1,0,-16
1787464083.785,L',0,1,-,119.0,3135,3133,-2,2,1,1091,1090,-1,0,-1,674,673,-1,3,-8,3501,3501,0,2,-2,208,1250,18,0,-1,1235,1236,1,0,-16
1787464083.924,L',0,1,-,119.0,3135,3133,-2,2,1,1091,1090,-1,0,-1,674,673,-1,3,-8,3501,3501,0,2,-2,1250,2271,-3,1,0,1236,1236,0,0,-16
1787464084.061,L',0,1,-,119.0,3135,3133,-2,2,1,1091,1090,-1,0,-1,674,673,-1,3,-8,3501,3501,0,2,-2,2271,3286,-9,2,0,1236,1236,0,0,-16
1787464084.198,L',0,1,-,119.0,3135,3133,-2,2,1,1091,1090,-1,0,-1,674,673,-1,3,-8,3501,3501,0,2,-2,3286,208,-6,3,0,1235,1236,1,0,-16
1787464084.333,L',0,1,-,119.0,3135,3133,-2,2,1,1091,1090,-1,0,-1,674,673,-1,3,-8,3501,3501,0,2,-2,208,1250,18,0,-1,1236,1236,0,0,-16
1787464084.474,L',0,1,-,119.0,3135,3133,-2,2,1,1091,1090,-1,0,-1,674,673,-1,3,-8,3501,3501,0,2,-2,1249,2271,-2,1,0,1236,1236,0,0,-16
1787464084.611,L',0,1,-,119.0,3135,3133,-2,2,1,1091,1090,-1,0,-1,674,673,-1,3,-8,3501,3501,0,2,-2,2270,3287,-7,2,1,1236,1236,0,0,-16
1787464084.747,L',0,1,-,119.0,3135,3133,-2,2,1,1091,1090,-1,0,-1,674,673,-1,3,-8,3501,3501,0,2,-2,3286,209,-5,3,1,1235,1236,1,0,-16
1787464084.881,L',0,1,-,119.0,3135,3133,-2,2,1,1091,1090,-1,0,-1,674,673,-1,3,-8,3501,3501,0,2,-2,208,1250,18,0,-1,1235,1236,1,0,-16
1787464085.020,L',0,1,-,119.0,3135,3133,-2,2,1,1091,1090,-1,0,-1,674,673,-1,3,-8,3501,3501,0,2,-2,1249,2271,-2,1,0,1235,1235,0,0,-17
1787464085.154,L',0,1,-,119.0,3135,3133,-2,2,1,1091,1090,-1,0,-1,674,673,-1,3,-8,3501,3501,0,2,-2,2271,3286,-9,2,0,1236,1236,0,0,-16
1787464085.298,L',0,1,-,119.0,3135,3133,-2,2,1,1091,1091,0,0,0,674,673,-1,3,-8,3501,3501,0,2,-2,3286,209,-5,3,1,1235,1236,1,0,-16
1787464085.436,L',0,1,-,119.0,3135,3133,-2,2,1,1091,1091,0,0,0,674,673,-1,3,-8,3501,3501,0,2,-2,208,1249,17,0,-2,1235,1236,1,0,-16
1787464085.573,L',0,1,-,119.0,3136,3133,-3,2,1,1091,1090,-1,0,-1,674,673,-1,3,-8,3501,3501,0,2,-2,1249,2271,-2,1,0,1236,1235,-1,0,-17
1787464085.711,L',0,1,-,119.0,3135,3133,-2,2,1,1091,1091,0,0,0,674,673,-1,3,-8,3501,3501,0,2,-2,2271,3287,-8,2,1,1236,1236,0,0,-16
1787464085.848,L',0,1,-,119.0,3135,3133,-2,2,1,1091,1090,-1,0,-1,674,673,-1,3,-8,3501,3501,0,2,-2,3286,209,-5,3,1,1235,1236,1,0,-16
1787464085.986,L',0,1,-,119.0,3135,3133,-2,2,1,1091,1090,-1,0,-1,674,673,-1,3,-8,3501,3501,0,2,-2,208,1250,18,0,-1,1235,1236,1,0,-16
1787464086.126,L',0,1,-,119.0,3135,3133,-2,2,1,1091,1090,-1,0,-1,674,673,-1,3,-8,3501,3501,0,2,-2,1249,2271,-2,1,0,1236,1236,0,0,-16
1787464086.260,L',0,1,-,119.0,3135,3133,-2,2,1,1091,1090,-1,0,-1,674,673,-1,3,-8,3501,3501,0,2,-2,2271,3286,-9,2,0,1236,1236,0,0,-16
1787464086.398,L',0,1,-,119.0,3135,3133,-2,2,1,1091,1090,-1,0,-1,674,673,-1,3,-8,3501,3501,0,2,-2,3286,209,-5,3,1,1236,1235,-1,0,-17
1787464086.534,L',0,1,-,119.0,3135,3133,-2,2,1,1091,1090,-1,0,-1,674,673,-1,3,-8,3501,3501,0,2,-2,208,1250,18,0,-1,1236,1236,0,0,-16
1787464086.673,L',0,1,-,119.0,3135,3133,-2,2,1,1091,1091,0,0,0,674,673,-1,3,-8,3501,3501,0,2,-2,1249,2271,-2,1,0,1236,1235,-1,0,-17
1787464086.810,L',0,1,-,119.0,3136,3133,-3,2,1,1091,1090,-1,0,-1,674,673,-1,3,-8,3501,3501,0,2,-2,2271,3286,-9,2,0,1235,1236,1,0,-16
1787464086.948,L',0,1,-,119.0,3135,3133,-2,2,1,1091,1090,-1,0,-1,674,673,-1,3,-8,3501,3501,0,2,-2,3286,209,-5,3,1,1235,1235,0,0,-17
1787464087.085,L',0,1,-,119.0,3135,3133,-2,2,1,1091,1090,-1,0,-1,674,673,-1,3,-8,3501,3501,0,2,-2,208,1250,18,0,-1,1236,1236,0,0,-16
1787464087.222,L',0,1,-,119.0,3135,3133,-2,2,1,1091,1090,-1,0,-1,674,673,-1,3,-8,3501,3501,0,2,-2,1249,2271,-2,1,0,1236,1235,-1,0,-17
1787464087.360,L',0,1,-,119.0,3135,3133,-2,2,1,1091,1090,-1,0,-1,674,674,0,3,-7,3501,3501,0,2,-2,2271,3286,-9,2,0,1236,1236,0,0,-16
1787464087.499,L',0,1,-,119.0,3135,3133,-2,2,1,1091,1090,-1,0,-1,674,674,0,3,-7,3501,3501,0,2,-2,3286,209,-5,3,1,1235,1236,1,0,-16
1787464087.636,L',0,1,-,119.0,3135,3133,-2,2,1,1091,1090,-1,0,-1,674,673,-1,3,-8,3501,3501,0,2,-2,208,1250,18,0,-1,1235,1236,1,0,-16
1787464087.774,L',0,1,-,119.0,3135,3133,-2,2,1,1091,1090,-1,0,-1,674,673,-1,3,-8,3501,3501,0,2,-2,1249,2271,-2,1,0,1236,1236,0,0,-16
1787464087.910,L',0,1,-,119.0,3136,3133,-3,2,1,1091,1090,-1,0,-1,674,673,-1,3,-8,3501,3501,0,2,-2,2270,3286,-8,2,0,1236,1236,0,0,-16
1787464088.048,L',0,1,-,119.0,3135,3133,-2,2,1,1091,1090,-1,0,-1,674,673,-1,3,-8,3501,3501,0,2,-2,3286,209,-5,3,1,1235,1236,1,0,-16
1787464088.188,L',0,1,-,119.0,3135,3133,-2,2,1,1091,1091,0,0,0,674,673,-1,3,-8,3501,3501,0,2,-2,208,1250,18,0,-1,1236,1236,0,0,-16
1787464088.323,L',0,1,-,119.0,3135,3133,-2,2,1,1091,1090,-1,0,-1,674,673,-1,3,-8,3501,3501,0,2,-2,1249,2272,-1,1,1,1235,1235,0,0,-17
1787464088.461,L',0,1,-,119.0,3135,3133,-2,2,1,1091,1091,0,0,0,674,673,-1,3,-8,3501,3501,0,2,-2,2271,3286,-9,2,0,1236,1236,0,0,-16
1787464088.598,L',0,1,-,119.0,3135,3133,-2,2,1,1091,1090,-1,0,-1,674,673,-1,3,-8,3501,3501,0,2,-2,3286,209,-5,3,1,1236,1235,-1,0,-17
1787464088.734,L',0,1,-,119.0,3135,3133,-2,2,1,1091,1091,0,0,0,674,673,-1,3,-8,3501,3501,0,2,-2,208,1250,18,0,-1,1236,1236,0,0,-16
1787464088.871,L',0,1,-,119.0,3135,3133,-2,2,1,1091,1090,-1,0,-1,674,673,-1,3,-8,3501,3501,0,2,-2,1249,2271,-2,1,0,1235,1236,1,0,-16
1787464089.010,L',0,1,-,119.0,3135,3133,-2,2,1,1091,1091,0,0,0,674,673,-1,3,-8,3501,3501,0,2,-2,2271,3286,-9,2,0,1236,1236,0,0,-16
1787464089.148,L',0,1,-,119.0,3135,3133,-2,2,1,1091,1090,-1,0,-1,674,673,-1,3,-8,3501,3501,0,2,-2,3286,209,-5,3,1,1236,1236,0,0,-16
1787464089.284,L',0,1,-,119.0,3135,3133,-2,2,1,1091,1090,-1,0,-1,674,673,-1,3,-8,3501,3501,0,2,-2,208,1250,18,0,-1,1235,1236,1,0,-16
1787464089.422,L',0,1,-,119.0,3135,3133,-2,2,1,1091,1090,-1,0,-1,674,673,-1,3,-8,3501,3501,0,2,-2,1250,2271,-3,1,0,1236,1236,0,0,-16
1787464089.560,L',0,1,-,119.0,3135,3133,-2,2,1,1091,1090,-1,0,-1,674,673,-1,3,-8,3501,3501,0,2,-2,2271,3286,-9,2,0,1235,1236,1,0,-16
1787464089.690,L',0,1,-,119.0,3135,3133,-2,2,1,1091,1091,0,0,0,674,673,-1,3,-8,3501,3501,0,2,-2,3286,208,-6,3,0,1235,1236,1,0,-16
1787464089.832,L',0,1,-,119.0,3135,3133,-2,2,1,1091,1091,0,0,0,674,673,-1,3,-8,3501,3501,0,2,-2,208,1250,18,0,-1,1236,1236,0,0,-16
1787464089.971,L',0,1,-,119.0,3135,3133,-2,2,1,1091,1090,-1,0,-1,674,673,-1,3,-8,3501,3501,0,2,-2,1249,2271,-2,1,0,1236,1236,0,0,-16
1787464090.109,L',0,1,-,119.0,3135,3133,-2,2,1,1091,1090,-1,0,-1,674,673,-1,3,-8,3501,3501,0,2,-2,2271,3286,-9,2,0,1235,1236,1,0,-16
1787464090.248,L',0,1,-,119.0,3136,3133,-3,2,1,1091,1090,-1,0,-1,674,673,-1,3,-8,3501,3501,0,2,-2,3286,209,-5,3,1,1236,1236,0,0,-16
1787464090.386,L',0,1,-,119.0,3135,3133,-2,2,1,1091,1090,-1,0,-1,674,673,-1,3,-8,3501,3501,0,2,-2,208,1250,18,0,-1,1236,1236,0,0,-16
1787464090.525,L',0,1,-,119.0,3135,3133,-2,2,1,1091,1091,0,0,0,674,673,-1,3,-8,3501,3501,0,2,-2,1249,2271,-2,1,0,1235,1235,0,0,-17
1787464090.661,L',0,1,-,119.0,3135,3133,-2,2,1,1091,1090,-1,0,-1,674,673,-1,3,-8,3501,3501,0,2,-2,2271,3286,-9,2,0,1236,1236,0,0,-16
1787464090.798,L',0,1,-,119.0,3135,3133,-2,2,1,1091,1090,-1,0,-1,674,673,-1,3,-8,3501,3501,0,2,-2,3286,209,-5,3,1,1236,1236,0,0,-16
1787464090.938,L',0,1,-,119.0,3135,3133,-2,2,1,1091,1090,-1,0,-1,674,674,0,3,-7,3501,3501,0,2,-2,208,1250,18,0,-1,1236,1236,0,0,-16
1787464091.073,L',0,1,-,119.0,3135,3133,-2,2,1,1091,1090,-1,0,-1,674,673,-1,3,-8,3501,3501,0,2,-2,1250,2272,-2,1,1,1235,1235,0,0,-17
1787464091.212,L',0,1,-,119.0,3135,3133,-2,2,1,1091,1090,-1,0,-1,674,673,-1,3,-8,3501,3501,0,2,-2,2271,3286,-9,2,0,1235,1236,1,0,-16
1787464091.348,L',0,1,-,119.0,3135,3133,-2,2,1,1091,1090,-1,0,-1,674,673,-1,3,-8,3501,3501,0,2,-2,3286,209,-5,3,1,1236,1236,0,0,-16
1787464091.484,L',0,1,-,119.0,3135,3133,-2,2,1,1091,1091,0,0,0,674,673,-1,3,-8,3501,3501,0,2,-2,208,1250,18,0,-1,1236,1236,0,0,-16
1787464091.617,L',0,1,-,119.0,3135,3133,-2,2,1,1091,1090,-1,0,-1,674,673,-1,3,-8,3501,3501,0,2,-2,1249,2271,-2,1,0,1236,1236,0,0,-16
1787464091.761,L',0,1,-,119.0,3135,3133,-2,2,1,1091,1090,-1,0,-1,674,674,0,3,-7,3501,3501,0,2,-2,2271,3286,-9,2,0,1236,1235,-1,0,-17
1787464091.898,L',0,1,-,119.0,3135,3133,-2,2,1,1091,1090,-1,0,-1,674,673,-1,3,-8,3501,3501,0,2,-2,3286,209,-5,3,1,1236,1235,-1,0,-17
1787464092.035,L',0,1,-,119.0,3135,3133,-2,2,1,1091,1090,-1,0,-1,674,674,0,3,-7,3501,3501,0,2,-2,208,1250,18,0,-1,1235,1236,1,0,-16
1787464092.166,L',0,1,-,119.0,3135,3133,-2,2,1,1091,1090,-1,0,-1,674,673,-1,3,-8,3501,3501,0,2,-2,1249,2271,-2,1,0,1236,1236,0,0,-16
1787464092.309,L',0,1,-,119.0,3135,3133,-2,2,1,1091,1090,-1,0,-1,674,673,-1,3,-8,3501,3501,0,2,-2,2271,3286,-9,2,0,1236,1236,0,0,-16
1787464092.448,L',0,1,-,119.0,3135,3133,-2,2,1,1091,1090,-1,0,-1,674,673,-1,3,-8,3501,3501,0,2,-2,3286,209,-5,3,1,1236,1236,0,0,-16
1787464092.586,L',0,1,-,119.0,3135,3133,-2,2,1,1091,1091,0,0,0,674,673,-1,3,-8,3501,3501,0,2,-2,208,1250,18,0,-1,1236,1236,0,0,-16
1787464092.723,L',0,1,-,119.0,3135,3133,-2,2,1,1091,1090,-1,0,-1,674,673,-1,3,-8,3501,3501,0,2,-2,1249,2271,-2,1,0,1235,1236,1,0,-16
1787464092.860,L',0,1,-,119.0,3135,3133,-2,2,1,1091,1090,-1,0,-1,674,673,-1,3,-8,3501,3501,0,2,-2,2271,3286,-9,2,0,1235,1236,1,0,-16
1787464092.998,L',0,1,-,119.0,3135,3133,-2,2,1,1091,1090,-1,0,-1,674,674,0,3,-7,3501,3501,0,2,-2,3286,208,-6,3,0,1236,1235,-1,0,-17
1787464093.135,L',0,1,-,119.0,3135,3133,-2,2,1,1091,1091,0,0,0,674,673,-1,3,-8,3501,3501,0,2,-2,208,1250,18,0,-1,1235,1235,0,0,-17
1787464093.272,L',0,1,-,119.0,3135,3133,-2,2,1,1091,1090,-1,0,-1,674,673,-1,3,-8,3501,3501,0,2,-2,1249,2271,-2,1,0,1235,1235,0,0,-17
1787464093.411,L',0,1,-,119.0,3135,3133,-2,2,1,1091,1090,-1,0,-1,674,673,-1,3,-8,3501,3501,0,2,-2,2271,3286,-9,2,0,1236,1236,0,0,-16
1787464093.546,L',0,1,-,119.0,3135,3133,-2,2,1,1091,1091,0,0,0,674,674,0,3,-7,3501,3501,0,2,-2,3286,208,-6,3,0,1235,1236,1,0,-16
1787464093.686,L',0,1,-,119.0,3135,3133,-2,2,1,1091,1091,0,0,0,674,673,-1,3,-8,3501,3501,0,2,-2,208,1250,18,0,-1,1236,1236,0,0,-16
1787464093.818,L',0,1,-,119.0,3135,3133,-2,2,1,1091,1090,-1,0,-1,674,674,0,3,-7,3501,3501,0,2,-2,1249,2272,-1,1,1,1236,1236,0,0,-16
1787464093.959,L',0,1,-,119.0,3135,3133,-2,2,1,1091,1090,-1,0,-1,674,673,-1,3,-8,3501,3501,0,2,-2,2270,3286,-8,2,0,1236,1236,0,0,-16
1787464094.097,L',0,1,-,119.0,3135,3133,-2,2,1,1091,1091,0,0,0,674,673,-1,3,-8,3501,3501,0,2,-2,3286,209,-5,3,1,1236,1235,-1,0,-17
1787464094.236,L',0,1,-,119.0,3135,3133,-2,2,1,1091,1090,-1,0,-1,674,674,0,3,-7,3501,3501,0,2,-2,208,1250,18,0,-1,1235,1236,1,0,-16
1787464094.366,L',0,1,-,119.0,3135,3133,-2,2,1,1091,1090,-1,0,-1,674,673,-1,3,-8,3501,3501,0,2,-2,1249,2271,-2,1,0,1236,1236,0,0,-16
1787464094.511,L',0,1,-,119.0,3135,3133,-2,2,1,1091,1090,-1,0,-1,674,673,-1,3,-8,3501,3501,0,2,-2,2271,3286,-9,2,0,1235,1236,1,0,-16
1787464094.648,L',0,1,-,119.0,3135,3133,-2,2,1,1091,1091,0,0,0,674,673,-1,3,-8,3501,3501,0,2,-2,3286,208,-6,3,0,1235,1236,1,0,-16
1787464094.784,L',0,1,-,119.0,3135,3133,-2,2,1,1091,1090,-1,0,-1,674,673,-1,3,-8,3501,3501,0,2,-2,208,1250,18,0,-1,1235,1236,1,0,-16
1787464094.923,L',0,1,-,119.0,3135,3133,-2,2,1,1091,1090,-1,0,-1,674,673,-1,3,-8,3501,3501,0,2,-2,1249,2271,-2,1,0,1235,1236,1,0,-16
1787464095.062,L',0,1,-,119.0,3135,3133,-2,2,1,1091,1090,-1,0,-1,674,674,0,3,-7,3501,3501,0,2,-2,2271,3286,-9,2,0,1235,1236,1,0,-16
1787464095.198,L',0,1,-,119.0,3135,3133,-2,2,1,1091,1090,-1,0,-1,674,673,-1,3,-8,3501,3501,0,2,-2,3286,208,-6,3,0,1236,1235,-1,0,-17
1787464095.334,L',0,1,-,119.0,3135,3133,-2,2,1,1091,1091,0,0,0,674,673,-1,3,-8,3501,3501,0,2,-2,208,1250,18,0,-1,1236,1236,0,0,-16
1787464095.472,L',0,1,-,119.0,3135,3133,-2,2,1,1091,1090,-1,0,-1,674,673,-1,3,-8,3501,3501,0,2,-2,1250,2271,-3,1,0,1235,1235,0,0,-17
1787464095.607,L',0,1,-,119.0,3136,3133,-3,2,1,1091,1090,-1,0,-1,674,674,0,3,-7,3501,3501,0,2,-2,2271,3286,-9,2,0,1235,1236,1,0,-16
1787464095.747,L',0,1,-,119.0,3135,3133,-2,2,1,1091,1090,-1,0,-1,674,673,-1,3,-8,3501,3501,0,2,-2,3286,209,-5,3,1,1235,1236,1,0,-16
1787464095.885,L',0,1,-,119.0,3135,3133,-2,2,1,1091,1090,-1,0,-1,674,673,-1,3,-8,3501,3501,0,2,-2,208,1250,18,0,-1,1236,1235,-1,0,-17
1787464096.023,L',0,1,-,119.0,3135,3133,-2,2,1,1091,1090,-1,0,-1,674,673,-1,3,-8,3501,3501,0,2,-2,1249,2272,-1,1,1,1235,1236,1,0,-16
1787464096.151,L',0,1,-,119.0,3135,3133,-2,2,1,1091,1090,-1,0,-1,674,673,-1,3,-8,3501,3501,0,2,-2,2271,3286,-9,2,0,1235,1235,0,0,-17
1787464096.298,L',0,1,-,119.0,3135,3133,-2,2,1,1091,1090,-1,0,-1,674,673,-1,3,-8,3501,3501,0,2,-2,3286,209,-5,3,1,1235,1236,1,0,-16
1787464096.434,L',0,1,-,119.0,3135,3133,-2,2,1,1091,1090,-1,0,-1,674,673,-1,3,-8,3501,3501,0,2,-2,208,1250,18,0,-1,1235,1236,1,0,-16
1787464096.571,L',0,1,-,119.0,3135,3133,-2,2,1,1091,1090,-1,0,-1,674,673,-1,3,-8,3501,3501,0,2,-2,1250,2271,-3,1,0,1236,1235,-1,0,-17
1787464096.709,L',0,1,-,119.0,3135,3133,-2,2,1,1091,1090,-1,0,-1,674,673,-1,3,-8,3501,3501,0,2,-2,2271,3286,-9,2,0,1236,1236,0,0,-16
1787464096.847,L',0,1,-,119.0,3135,3133,-2,2,1,1091,1090,-1,0,-1,674,674,0,3,-7,3501,3501,0,2,-2,3286,209,-5,3,1,1235,1235,0,0,-17
1787464096.985,L',0,1,-,119.0,3135,3133,-2,2,1,1091,1090,-1,0,-1,674,673,-1,3,-8,3501,3501,0,2,-2,208,1250,18,0,-1,1235,1236,1,0,-16
1787464097.265,L2,0,1,-,219.0,3135,3133,-2,2,1,1091,1091,0,0,0,674,674,0,3,-7,3501,3501,0,2,-2,1250,3287,-11,2,1,1235,1236,1,0,-16
1787464097.498,L2,0,1,-,219.0,3135,3133,-2,2,1,1091,1090,-1,0,-1,674,674,0,3,-7,3501,3501,0,2,-2,3286,1251,13,0,0,1236,1235,-1,0,-17
1787464097.738,L2,0,1,-,219.0,3135,3133,-2,2,1,1091,1090,-1,0,-1,674,673,-1,3,-8,3501,3501,0,2,-2,1250,3287,-11,2,1,1236,1235,-1,0,-17
1787464097.970,L2,0,1,-,219.0,3135,3133,-2,2,1,1091,1090,-1,0,-1,674,674,0,3,-7,3501,3501,0,2,-2,3286,1250,12,0,-1,1235,1236,1,0,-16
1787464098.217,L2,0,1,-,219.0,3135,3133,-2,2,1,1091,1090,-1,0,-1,674,673,-1,3,-8,3501,3501,0,2,-2,1250,3287,-11,2,1,1235,1236,1,0,-16
1787464098.451,L2,0,1,-,219.0,3135,3133,-2,2,1,1091,1090,-1,0,-1,674,674,0,3,-7,3501,3501,0,2,-2,3286,1251,13,0,0,1236,1236,0,0,-16
1787464098.689,L2,0,1,-,219.0,3135,3133,-2,2,1,1091,1091,0,0,0,674,673,-1,3,-8,3501,3501,0,2,-2,1250,3287,-11,2,1,1235,1236,1,0,-16
1787464098.926,L2,0,1,-,219.0,3135,3133,-2,2,1,1091,1090,-1,0,-1,674,673,-1,3,-8,3501,3501,0,2,-2,3286,1251,13,0,0,1236,1236,0,0,-16
1787464099.160,L2,0,1,-,219.0,3135,3133,-2,2,1,1091,1091,0,0,0,674,673,-1,3,-8,3501,3501,0,2,-2,1250,3287,-11,2,1,1235,1236,1,0,-16
1787464099.401,L2,0,1,-,219.0,3135,3133,-2,2,1,1091,1090,-1,0,-1,674,673,-1,3,-8,3501,3501,0,2,-2,3286,1251,13,0,0,1236,1236,0,0,-16
1787464099.640,L2,0,1,-,219.0,3135,3133,-2,2,1,1091,1090,-1,0,-1,674,674,0,3,-7,3501,3501,0,2,-2,1250,3287,-11,2,1,1236,1236,0,0,-16
1787464099.877,L2,0,1,-,219.0,3135,3133,-2,2,1,1091,1090,-1,0,-1,674,673,-1,3,-8,3501,3501,0,2,-2,3286,1251,13,0,0,1236,1235,-1,0,-17
1787464100.114,L2,0,1,-,219.0,3135,3133,-2,2,1,1091,1090,-1,0,-1,674,673,-1,3,-8,3501,3501,0,2,-2,1250,3287,-11,2,1,1236,1236,0,0,-16
1787464100.351,L2,0,1,-,219.0,3135,3133,-2,2,1,1091,1090,-1,0,-1,674,673,-1,3,-8,3501,3501,0,2,-2,3286,1251,13,0,0,1235,1236,1,0,-16
1787464100.588,L2,0,1,-,219.0,3135,3133,-2,2,1,1091,1090,-1,0,-1,674,674,0,3,-7,3501,3501,0,2,-2,1250,3287,-11,2,1,1236,1236,0,0,-16
1787464100.826,L2,0,1,-,219.0,3135,3133,-2,2,1,1091,1090,-1,0,-1,674,673,-1,3,-8,3501,3501,0,2,-2,3286,1251,13,0,0,1236,1236,0,0,-16
1787464101.064,L2,0,1,-,219.0,3135,3133,-2,2,1,1091,1090,-1,0,-1,674,673,-1,3,-8,3501,3501,0,2,-2,1250,3287,-11,2,1,1235,1236,1,0,-16
1787464101.302,L2,0,1,-,219.0,3135,3133,-2,2,1,1091,1090,-1,0,-1,674,673,-1,3,-8,3501,3501,0,2,-2,3286,1251,13,0,0,1236,1236,0,0,-16
1787464101.538,L2,0,1,-,219.0,3135,3133,-2,2,1,1091,1090,-1,0,-1,674,673,-1,3,-8,3501,3501,0,2,-2,1250,3287,-11,2,1,1235,1236,1,0,-16
1787464101.766,L2,0,1,-,219.0,3135,3133,-2,2,1,1091,1090,-1,0,-1,674,673,-1,3,-8,3501,3501,0,2,-2,3286,1250,12,0,-1,1235,1236,1,0,-16
1787464102.008,L2,0,1,-,219.0,3135,3133,-2,2,1,1091,1090,-1,0,-1,674,673,-1,3,-8,3501,3501,0,2,-2,1250,3287,-11,2,1,1235,1236,1,0,-16
1787464102.252,L2,0,1,-,219.0,3135,3133,-2,2,1,1091,1090,-1,0,-1,674,673,-1,3,-8,3501,3501,0,2,-2,3286,1251,13,0,0,1235,1236,1,0,-16
1787464102.490,L2,0,1,-,219.0,3135,3133,-2,2,1,1091,1090,-1,0,-1,674,673,-1,3,-8,3501,3501,0,2,-2,1250,3287,-11,2,1,1235,1236,1,0,-16
1787464102.728,L2,0,1,-,219.0,3135,3133,-2,2,1,1091,1090,-1,0,-1,674,673,-1,3,-8,3501,3501,0,2,-2,3286,1251,13,0,0,1235,1236,1,0,-16
1787464102.964,L2,0,1,-,219.0,3135,3133,-2,2,1,1091,1090,-1,0,-1,674,674,0,3,-7,3501,3501,0,2,-2,1250,3287,-11,2,1,1236,1236,0,0,-16
1787464103.202,L2,0,1,-,219.0,3135,3133,-2,2,1,1091,1091,0,0,0,674,673,-1,3,-8,3501,3501,0,2,-2,3286,1250,12,0,-1,1235,1236,1,0,-16
1787464103.438,L2,0,1,-,219.0,3135,3133,-2,2,1,1091,1091,0,0,0,674,673,-1,3,-8,3501,3501,0,2,-2,1250,3287,-11,2,1,1236,1236,0,0,-16
1787464103.676,L2,0,1,-,219.0,3135,3133,-2,2,1,1091,1090,-1,0,-1,674,674,0,3,-7,3501,3501,0,2,-2,3286,1250,12,0,-1,1235,1236,1,0,-16
1787464103.914,L2,0,1,-,219.0,3135,3133,-2,2,1,1091,1091,0,0,0,674,673,-1,3,-8,3501,3501,0,2,-2,1250,3287,-11,2,1,1235,1236,1,0,-16
1787464104.151,L2,0,1,-,219.0,3135,3133,-2,2,1,1091,1090,-1,0,-1,674,673,-1,3,-8,3501,3501,0,2,-2,3286,1250,12,0,-1,1235,1235,0,0,-17
1787464104.382,L2,0,1,-,219.0,3135,3133,-2,2,1,1091,1090,-1,0,-1,674,674,0,3,-7,3501,3501,0,2,-2,1250,3287,-11,2,1,1235,1236,1,0,-16
1787464104.626,L2,0,1,-,219.0,3135,3133,-2,2,1,1091,1090,-1,0,-1,674,673,-1,3,-8,3501,3501,0,2,-2,3286,1251,13,0,0,1235,1236,1,0,-16
1787464104.863,L2,0,1,-,219.0,3135,3133,-2,2,1,1091,1090,-1,0,-1,674,673,-1,3,-8,3501,3501,0,2,-2,1250,3287,-11,2,1,1236,1236,0,0,-16
1787464105.101,L2,0,1,-,219.0,3135,3133,-2,2,1,1091,1091,0,0,0,674,674,0,3,-7,3501,3501,0,2,-2,3286,1251,13,0,0,1235,1236,1,0,-16
1787464105.339,L2,0,1,-,219.0,3135,3133,-2,2,1,1091,1090,-1,0,-1,674,673,-1,3,-8,3501,3501,0,2,-2,1250,3287,-11,2,1,1235,1236,1,0,-16
1787464105.577,L2,0,1,-,219.0,3135,3133,-2,2,1,1091,1091,0,0,0,674,673,-1,3,-8,3501,3501,0,2,-2,3286,1250,12,0,-1,1235,1235,0,0,-17
1787464105.806,L2,0,1,-,219.0,3135,3133,-2,2,1,1091,1090,-1,0,-1,674,673,-1,3,-8,3501,3501,0,2,-2,1250,3287,-11,2,1,1236,1235,-1,0,-17
1787464106.052,L2,0,1,-,219.0,3135,3133,-2,2,1,1091,1090,-1,0,-1,674,673,-1,3,-8,3501,3501,0,2,-2,3286,1251,13,0,0,1236,1236,0,0,-16
1787464106.289,L2,0,1,-,219.0,3135,3133,-2,2,1,1091,1090,-1,0,-1,674,673,-1,3,-8,3501,3501,0,2,-2,1250,3287,-11,2,1,1235,1236,1,0,-16
1787464106.525,L2,0,1,-,219.0,3135,3133,-2,2,1,1091,1090,-1,0,-1,674,673,-1,3,-8,3501,3501,0,2,-2,3286,1250,12,0,-1,1236,1236,0,0,-16
1787464106.764,L2,0,1,-,219.0,3135,3133,-2,2,1,1091,1090,-1,0,-1,674,673,-1,3,-8,3501,3501,0,2,-2,1250,3287,-11,2,1,1236,1236,0,0,-16
1787464107.001,L2,0,1,-,219.0,3135,3133,-2,2,1,1091,1090,-1,0,-1,674,674,0,3,-7,3501,3501,0,2,-2,3286,1251,13,0,0,1236,1236,0,0,-16
1787464107.239,L2,0,1,-,219.0,3135,3133,-2,2,1,1091,1090,-1,0,-1,674,674,0,3,-7,3501,3501,0,2,-2,1250,3287,-11,2,1,1236,1235,-1,0,-17
1787464107.471,L2,0,1,-,219.0,3135,3133,-2,2,1,1091,1090,-1,0,-1,674,673,-1,3,-8,3501,3501,0,2,-2,3286,1251,13,0,0,1235,1236,1,0,-16
1787464107.713,L2,0,1,-,219.0,3135,3133,-2,2,1,1091,1090,-1,0,-1,674,673,-1,3,-8,3501,3501,0,2,-2,1250,3287,-11,2,1,1235,1236,1,0,-16
1787464107.951,L2,0,1,-,219.0,3135,3133,-2,2,1,1091,1090,-1,0,-1,674,674,0,3,-7,3501,3501,0,2,-2,3287,1251,12,0,0,1235,1235,0,0,-17
1787464108.189,L2,0,1,-,219.0,3135,3133,-2,2,1,1091,1090,-1,0,-1,674,673,-1,3,-8,3501,3501,0,2,-2,1250,3287,-11,2,1,1236,1236,0,0,-16
1787464108.426,L2,0,1,-,219.0,3135,3133,-2,2,1,1091,1090,-1,0,-1,674,673,-1,3,-8,3501,3501,0,2,-2,3286,1251,13,0,0,1236,1236,0,0,-16
1787464108.650,L2,0,1,-,219.0,3135,3133,-2,2,1,1091,1090,-1,0,-1,674,673,-1,3,-8,3501,3501,0,2,-2,1250,3287,-11,2,1,1236,1236,0,0,-16
1787464108.902,L2,0,1,-,219.0,3135,3133,-2,2,1,1091,1090,-1,0,-1,674,673,-1,3,-8,3501,3501,0,2,-2,3286,1250,12,0,-1,1235,1236,1,0,-16
1787464109.139,L2,0,1,-,219.0,3135,3133,-2,2,1,1091,1091,0,0,0,674,673,-1,3,-8,3501,3501,0,2,-2,1250,3287,-11,2,1,1236,1236,0,0,-16
1787464109.377,L2,0,1,-,219.0,3135,3133,-2,2,1,1091,1090,-1,0,-1,674,673,-1,3,-8,3501,3501,0,2,-2,3287,1251,12,0,0,1235,1235,0,0,-17
1787464109.614,L2,0,1,-,219.0,3135,3133,-2,2,1,1091,1090,-1,0,-1,674,673,-1,3,-8,3501,3501,0,2,-2,1250,3287,-11,2,1,1236,1235,-1,0,-17
1787464109.852,L2,0,1,-,219.0,3135,3133,-2,2,1,1091,1090,-1,0,-1,674,673,-1,3,-8,3501,3501,0,2,-2,3286,1251,13,0,0,1235,1236,1,0,-16
1787464110.089,L2,0,1,-,219.0,3135,3133,-2,2,1,1091,1090,-1,0,-1,674,673,-1,3,-8,3501,3501,0,2,-2,1250,3287,-11,2,1,1235,1236,1,0,-16
1787464110.325,L2,0,1,-,219.0,3135,3133,-2,2,1,1091,1090,-1,0,-1,674,674,0,3,-7,3501,3501,0,2,-2,3286,1251,13,0,0,1235,1236,1,0,-16
1787464110.564,L2,0,1,-,219.0,3135,3133,-2,2,1,1091,1090,-1,0,-1,674,673,-1,3,-8,3501,3501,0,2,-2,1250,3287,-11,2,1,1236,1236,0,0,-16
1787464110.801,L2,0,1,-,219.0,3135,3133,-2,2,1,1091,1090,-1,0,-1,674,673,-1,3,-8,3501,3501,0,2,-2,3286,1251,13,0,0,1236,1236,0,0,-16
1787464111.038,L2,0,1,-,219.0,3135,3133,-2,2,1,1091,1090,-1,0,-1,674,673,-1,3,-8,3501,3501,0,2,-2,1250,3287,-11,2,1,1235,1236,1,0,-16
1787464111.265,L2,0,1,-,219.0,3135,3133,-2,2,1,1091,1090,-1,0,-1,674,673,-1,3,-8,3501,3501,0,2,-2,3286,1251,13,0,0,1236,1236,0,0,-16
1787464111.514,L2,0,1,-,219.0,3135,3133,-2,2,1,1091,1090,-1,0,-1,674,673,-1,3,-8,3501,3501,0,2,-2,1250,3287,-11,2,1,1235,1236,1,0,-16
1787464111.750,L2,0,1,-,219.0,3135,3133,-2,2,1,1091,1090,-1,0,-1,674,673,-1,3,-8,3501,3501,0,2,-2,3286,1251,13,0,0,1235,1236,1,0,-16
1787464111.990,L2,0,1,-,219.0,3135,3133,-2,2,1,1091,1090,-1,0,-1,674,674,0,3,-7,3501,3501,0,2,-2,1250,3287,-11,2,1,1236,1235,-1,0,-17
1787464112.227,L2,0,1,-,219.0,3135,3133,-2,2,1,1091,1090,-1,0,-1,674,673,-1,3,-8,3501,3501,0,2,-2,3287,1251,12,0,0,1235,1236,1,0,-16
1787464112.464,L2,0,1,-,219.0,3135,3133,-2,2,1,1091,1090,-1,0,-1,674,674,0,3,-7,3501,3501,0,2,-2,1250,3287,-11,2,1,1236,1236,0,0,-16
1787464112.701,L2,0,1,-,219.0,3136,3133,-3,2,1,1091,1091,0,0,0,674,673,-1,3,-8,3501,3501,0,2,-2,3286,1251,13,0,0,1235,1236,1,0,-16
1787464112.938,L2,0,1,-,219.0,3135,3133,-2,2,1,1091,1090,-1,0,-1,674,673,-1,3,-8,3501,3501,0,2,-2,1250,3287,-11,2,1,1236,1236,0,0,-16
1787464113.175,L2,0,1,-,219.0,3135,3133,-2,2,1,1091,1090,-1,0,-1,674,673,-1,3,-8,3501,3501,0,2,-2,3286,1251,13,0,0,1235,1235,0,0,-17
1787464113.413,L2,0,1,-,219.0,3135,3133,-2,2,1,1091,1090,-1,0,-1,674,673,-1,3,-8,3501,3501,0,2,-2,1250,3287,-11,2,1,1235,1235,0,0,-17
1787464113.652,L2,0,1,-,219.0,3135,3133,-2,2,1,1091,1090,-1,0,-1,674,674,0,3,-7,3501,3501,0,2,-2,3286,1250,12,0,-1,1235,1236,1,0,-16
1787464113.889,L2,0,1,-,219.0,3135,3133,-2,2,1,1091,1090,-1,0,-1,674,673,-1,3,-8,3501,3501,0,2,-2,1250,3287,-11,2,1,1235,1236,1,0,-16
1787464114.118,L2,0,1,-,219.0,3135,3133,-2,2,1,1091,1090,-1,0,-1,674,673,-1,3,-8,3501,3501,0,2,-2,3286,1251,13,0,0,1236,1235,-1,0,-17
1787464114.363,L2,0,1,-,219.0,3136,3133,-3,2,1,1091,1090,-1,0,-1,674,673,-1,3,-8,3501,3501,0,2,-2,1250,3287,-11,2,1,1236,1236,0,0,-16
1787464114.601,L2,0,1,-,219.0,3135,3133,-2,2,1,1091,1090,-1,0,-1,674,673,-1,3,-8,3501,3501,0,2,-2,3286,1251,13,0,0,1235,1236,1,0,-16
1787464114.838,L2,0,1,-,219.0,3135,3133,-2,2,1,1091,1090,-1,0,-1,674,673,-1,3,-8,3501,3501,0,2,-2,1250,3287,-11,2,1,1235,1236,1,0,-16
1787464115.076,L2,0,1,-,219.0,3135,3133,-2,2,1,1091,1090,-1,0,-1,674,673,-1,3,-8,3501,3501,0,2,-2,3286,1250,12,0,-1,1236,1235,-1,0,-17
1787464115.302,L2,0,1,-,219.0,3135,3133,-2,2,1,1091,1091,0,0,0,674,674,0,3,-7,3501,3501,0,2,-2,1250,3287,-11,2,1,1235,1236,1,0,-16
1787464115.549,L2,0,1,-,219.0,3135,3133,-2,2,1,1091,1090,-1,0,-1,674,673,-1,3,-8,3501,3501,0,2,-2,3286,1250,12,0,-1,1235,1236,1,0,-16
1787464115.789,L2,0,1,-,219.0,3135,3133,-2,2,1,1091,1090,-1,0,-1,674,673,-1,3,-8,3501,3501,0,2,-2,1250,3287,-11,2,1,1235,1236,1,0,-16
1787464116.026,L2,0,1,-,219.0,3136,3133,-3,2,1,1091,1090,-1,0,-1,674,673,-1,3,-8,3501,3501,0,2,-2,3286,1251,13,0,0,1235,1236,1,0,-16
1787464116.264,L2,0,1,-,219.0,3135,3133,-2,2,1,1091,1090,-1,0,-1,674,673,-1,3,-8,3501,3501,0,2,-2,1250,3287,-11,2,1,1236,1236,0,0,-16
1787464116.501,L2,0,1,-,219.0,3135,3133,-2,2,1,1091,1091,0,0,0,674,673,-1,3,-8,3501,3501,0,2,-2,3286,1251,13,0,0,1235,1236,1,0,-16
1787464116.739,L2,0,1,-,219.0,3136,3133,-3,2,1,1091,1090,-1,0,-1,674,673,-1,3,-8,3501,3501,0,2,-2,1250,3287,-11,2,1,1235,1236,1,0,-16
1787464116.967,L2,0,1,-,219.0,3135,3133,-2,2,1,1091,1090,-1,0,-1,674,673,-1,3,-8,3501,3501,0,2,-2,3286,1250,12,0,-1,1235,1235,0,0,-17
1787464117.213,L2,0,1,-,219.0,3135,3133,-2,2,1,1091,1090,-1,0,-1,674,673,-1,3,-8,3501,3501,0,2,-2,1250,3287,-11,2,1,1236,1236,0,0,-16
1787464117.451,L2,0,1,-,219.0,3135,3133,-2,2,1,1091,1091,0,0,0,674,673,-1,3,-8,3501,3501,0,2,-2,3286,1250,12,0,-1,1236,1236,0,0,-16
1787464117.688,L2,0,1,-,219.0,3136,3133,-3,2,1,1091,1090,-1,0,-1,674,673,-1,3,-8,3501,3501,0,2,-2,1250,3287,-11,2,1,1236,1236,0,0,-16
1787464117.926,L2,0,1,-,219.0,3135,3133,-2,2,1,1091,1091,0,0,0,674,673,-1,3,-8,3501,3501,0,2,-2,3286,1250,12,0,-1,1236,1236,0,0,-16
1787464118.165,L2,0,1,-,219.0,3135,3133,-2,2,1,1091,1090,-1,0,-1,674,673,-1,3,-8,3501,3501,0,2,-2,1250,3287,-11,2,1,1235,1236,1,0,-16
1787464118.400,L2,0,1,-,219.0,3135,3133,-2,2,1,1091,1090,-1,0,-1,674,673,-1,3,-8,3501,3501,0,2,-2,3286,1251,13,0,0,1235,1236,1,0,-16
1787464118.633,L2,0,1,-,219.0,3135,3133,-2,2,1,1091,1090,-1,0,-1,674,673,-1,3,-8,3501,3501,0,2,-2,1250,3287,-11,2,1,1236,1236,0,0,-16
1787464118.875,L2,0,1,-,219.0,3135,3133,-2,2,1,1091,1090,-1,0,-1,674,674,0,3,-7,3501,3501,0,2,-2,3286,1250,12,0,-1,1236,1235,-1,0,-17
1787464119.113,L2,0,1,-,219.0,3135,3133,-2,2,1,1091,1091,0,0,0,674,673,-1,3,-8,3501,3501,0,2,-2,1250,3287,-11,2,1,1235,1236,1,0,-16
1787464119.351,L2,0,1,-,219.0,3135,3133,-2,2,1,1091,1090,-1,0,-1,674,674,0,3,-7,3501,3501,0,2,-2,3286,1251,13,0,0,1235,1235,0,0,-17
1787464119.584,L2,0,1,-,219.0,3135,3133,-2,2,1,1091,1091,0,0,0,674,673,-1,3,-8,3501,3501,0,2,-2,1250,3287,-11,2,1,1235,1236,1,0,-16
1787464119.826,L2,0,1,-,219.0,3135,3133,-2,2,1,1091,1090,-1,0,-1,674,673,-1,3,-8,3501,3501,0,2,-2,3286,1250,12,0,-1,1236,1235,-1,0,-17
1787464120.063,L2,0,1,-,219.0,3135,3133,-2,2,1,1091,1090,-1,0,-1,674,673,-1,3,-8,3501,3501,0,2,-2,1250,3287,-11,2,1,1235,1236,1,0,-16
1787464120.301,L2,0,1,-,219.0,3135,3133,-2,2,1,1091,1090,-1,0,-1,674,673,-1,3,-8,3501,3501,0,2,-2,3286,1251,13,0,0,1236,1235,-1,0,-17
1787464120.538,L2,0,1,-,219.0,3135,3133,-2,2,1,1091,1090,-1,0,-1,674,673,-1,3,-8,3501,3501,0,2,-2,1250,3287,-11,2,1,1235,1235,0,0,-17
1787464120.774,L2,0,1,-,219.0,3135,3133,-2,2,1,1091,1090,-1,0,-1,674,673,-1,3,-8,3501,3501,0,2,-2,3286,1251,13,0,0,1235,1236,1,0,-16
1787464120.916,L,0,1,-,119.0,3135,3133,-2,2,1,1091,1090,-1,0,-1,674,673,-1,3,-8,3501,3501,0,2,-2,1250,209,-17,3,1,1235,1236,1,0,-16
1787464121.053,L',0,1,-,119.0,3136,3133,-3,2,1,1091,1091,0,0,0,674,673,-1,3,-8,3501,3501,0,2,-2,208,1250,18,0,-1,1235,1235,0,0,-17
1787464121.191,L',0,1,-,119.0,3135,3133,-2,2,1,1091,1090,-1,0,-1,674,673,-1,3,-8,3501,3501,0,2,-2,1250,2271,-3,1,0,1236,1235,-1,0,-17
1787464121.328,L,0,1,-,119.0,3135,3133,-2,2,1,1091,1090,-1,0,-1,674,673,-1,3,-8,3501,3501,0,2,-2,2271,1251,4,0,0,1235,1236,1,0,-16
1787464121.467,L,0,1,-,119.0,3135,3133,-2,2,1,1091,1090,-1,0,-1,674,673,-1,3,-8,3501,3501,0,2,-2,1250,209,-17,3,1,1235,1236,1,0,-16
1787464121.603,L',0,1,-,119.0,3135,3133,-2,2,1,1091,1090,-1,0,-1,674,673,-1,3,-8,3501,3501,0,2,-2,208,1250,18,0,-1,1235,1235,0,0,-17
1787464121.741,L',0,1,-,119.0,3135,3133,-2,2,1,1091,1090,-1,0,-1,674,673,-1,3,-8,3501,3501,0,2,-2,1249,2272,-1,1,1,1235,1236,1,0,-16
1787464121.877,L,0,1,-,119.0,3135,3133,-2,2,1,1091,1090,-1,0,-1,674,673,-1,3,-8,3501,3501,0,2,-2,2271,1251,4,0,0,1235,1235,0,0,-17
1787464122.015,L,0,1,-,119.0,3135,3133,-2,2,1,1091,1090,-1,0,-1,674,673,-1,3,-8,3501,3501,0,2,-2,1250,209,-17,3,1,1235,1236,1,0,-16
1787464122.154,L',0,1,-,119.0,3135,3133,-2,2,1,1091,1090,-1,0,-1,674,673,-1,3,-8,3501,3501,0,2,-2,208,1250,18,0,-1,1236,1236,0,0,-16
1787464122.284,L',0,1,-,119.0,3135,3133,-2,2,1,1091,1090,-1,0,-1,674,673,-1,3,-8,3501,3501,0,2,-2,1249,2271,-2,1,0,1235,1236,1,0,-16
1787464122.420,L,0,1,-,119.0,3135,3133,-2,2,1,1091,1090,-1,0,-1,674,673,-1,3,-8,3501,3501,0,2,-2,2271,1250,3,0,-1,1235,1236,1,0,-16
1787464122.566,L,0,1,-,119.0,3135,3133,-2,2,1,1091,1090,-1,0,-1,674,673,-1,3,-8,3501,3501,0,2,-2,1250,209,-17,3,1,1236,1236,0,0,-16
1787464122.702,L',0,1,-,119.0,3135,3133,-2,2,1,1091,1090,-1,0,-1,674,673,-1,3,-8,3501,3501,0,2,-2,208,1250,18,0,-1,1236,1236,0,0,-16
1787464122.840,L',0,1,-,119.0,3135,3133,-2,2,1,1091,1090,-1,0,-1,674,673,-1,3,-8,3501,3501,0,2,-2,1249,2272,-1,1,1,1236,1235,-1,0,-17
1787464122.977,L,0,1,-,119.0,3135,3133,-2,2,1,1091,1090,-1,0,-1,674,673,-1,3,-8,3501,3501,0,2,-2,2271,1251,4,0,0,1235,1236,1,0,-16
1787464123.115,L,0,1,-,119.0,3136,3133,-3,2,1,1091,1090,-1,0,-1,674,673,-1,3,-8,3501,3501,0,2,-2,1250,209,-17,3,1,1235,1236,1,0,-16
1787464123.253,L',0,1,-,119.0,3135,3133,-2,2,1,1091,1090,-1,0,-1,674,673,-1,3,-8,3501,3501,0,2,-2,208,1250,18,0,-1,1236,1236,0,0,-16
1787464123.391,L',0,1,-,119.0,3135,3133,-2,2,1,1091,1090,-1,0,-1,674,673,-1,3,-8,3501,3501,0,2,-2,1249,2271,-2,1,0,1235,1235,0,0,-17
1787464123.528,L,0,1,-,119.0,3135,3133,-2,2,1,1091,1090,-1,0,-1,674,674,0,3,-7,3501,3501,0,2,-2,2271,1251,4,0,0,1236,1236,0,0,-16
1787464123.665,L,0,1,-,119.0,3135,3133,-2,2,1,1091,1091,0,0,0,674,674,0,3,-7,3501,3501,0,2,-2,1250,209,-17,3,1,1235,1236,1,0,-16
1787464123.803,L',0,1,-,119.0,3135,3133,-2,2,1,1091,1090,-1,0,-1,674,673,-1,3,-8,3501,3501,0,2,-2,208,1250,18,0,-1,1235,1236,1,0,-16
1787464123.941,L',0,1,-,119.0,3135,3133,-2,2,1,1091,1090,-1,0,-1,674,674,0,3,-7,3501,3501,0,2,-2,1250,2271,-3,1,0,1235,1236,1,0,-16
1787464124.080,L,0,1,-,119.0,3135,3133,-2,2,1,1091,1090,-1,0,-1,674,673,-1,3,-8,3501,3501,0,2,-2,2271,1251,4,0,0,1235,1236,1,0,-16
1787464124.215,L,0,1,-,119.0,3135,3133,-2,2,1,1091,1090,-1,0,-1,674,673,-1,3,-8,3501,3501,0,2,-2,1250,209,-17,3,1,1235,1236,1,0,-16
1787464124.352,L',0,1,-,119.0,3135,3133,-2,2,1,1091,1090,-1,0,-1,674,673,-1,3,-8,3501,3501,0,2,-2,208,1250,18,0,-1,1235,1236,1,0,-16
1787464124.489,L',0,1,-,119.0,3135,3133,-2,2,1,1091,1090,-1,0,-1,674,673,-1,3,-8,3501,3501,0,2,-2,1249,2271,-2,1,0,1236,1235,-1,0,-17
1787464124.617,L,0,1,-,119.0,3135,3133,-2,2,1,1091,1090,-1,0,-1,674,674,0,3,-7,3501,3501,0,2,-2,2271,1250,3,0,-1,1236,1236,0,0,-16
1787464124.766,L,0,1,-,119.0,3135,3133,-2,2,1,1091,1090,-1,0,-1,674,673,-1,3,-8,3501,3501,0,2,-2,1250,209,-17,3,1,1236,1236,0,0,-16
1787464124.902,L',0,1,-,119.0,3135,3133,-2,2,1,1091,1090,-1,0,-1,674,673,-1,3,-8,3501,3501,0,2,-2,208,1250,18,0,-1,1235,1236,1,0,-16
1787464125.041,L',0,1,-,119.0,3135,3133,-2,2,1,1091,1090,-1,0,-1,674,673,-1,3,-8,3501,3501,0,2,-2,1249,2271,-2,1,0,1236,1235,-1,0,-17
1787464125.179,L,0,1,-,119.0,3135,3133,-2,2,1,1091,1090,-1,0,-1,674,673,-1,3,-8,3501,3501,0,2,-2,2271,1251,4,0,0,1236,1236,0,0,-16
1787464125.316,L,0,1,-,119.0,3135,3133,-2,2,1,1091,1091,0,0,0,674,673,-1,3,-8,3501,3501,0,2,-2,1250,209,-17,3,1,1236,1236,0,0,-16
1787464125.448,L',0,1,-,119.0,3135,3133,-2,2,1,1091,1090,-1,0,-1,674,673,-1,3,-8,3501,3501,0,2,-2,208,1249,17,0,-2,1235,1236,1,0,-16
1787464125.590,L',0,1,-,119.0,3135,3133,-2,2,1,1091,1090,-1,0,-1,674,673,-1,3,-8,3501,3501,0,2,-2,1250,2271,-3,1,0,1235,1236,1,0,-16
1787464125.728,L,0,1,-,119.0,3135,3133,-2,2,1,1091,1090,-1,0,-1,674,673,-1,3,-8,3501,3501,0,2,-2,2271,1250,3,0,-1,1235,1235,0,0,-17
1787464125.866,L,0,1,-,119.0,3135,3133,-2,2,1,1091,1090,-1,0,-1,674,673,-1,3,-8,3501,3501,0,2,-2,1250,209,-17,3,1,1235,1236,1,0,-16
1787464126.003,L',0,1,-,119.0,3135,3133,-2,2,1,1091,1091,0,0,0,674,673,-1,3,-8,3501,3501,0,2,-2,208,1250,18,0,-1,1235,1236,1,0,-16
1787464126.140,L',0,1,-,119.0,3135,3133,-2,2,1,1091,1091,0,0,0,674,673,-1,3,-8,3501,3501,0,2,-2,1249,2271,-2,1,0,1236,1236,0,0,-16
1787464126.277,L,0,1,-,119.0,3135,3133,-2,2,1,1091,1091,0,0,0,674,673,-1,3,-8,3501,3501,0,2,-2,2271,1251,4,0,0,1235,1236,1,0,-16
1787464126.402,L,0,1,-,119.0,3136,3133,-3,2,1,1091,1090,-1,0,-1,674,673,-1,3,-8,3501,3501,0,2,-2,1250,209,-17,3,1,1235,1236,1,0,-16
1787464126.553,L',0,1,-,119.0,3135,3133,-2,2,1,1091,1090,-1,0,-1,674,673,-1,3,-8,3501,3501,0,2,-2,208,1250,18,0,-1,1235,1236,1,0,-16
1787464126.690,L',0,1,-,119.0,3135,3133,-2,2,1,1091,1090,-1,0,-1,674,673,-1,3,-8,3501,3501,0,2,-2,1249,2271,-2,1,0,1235,1236,1,0,-16
1787464126.821,L,0,1,-,119.0,3135,3133,-2,2,1,1091,1090,-1,0,-1,674,674,0,3,-7,3501,3501,0,2,-2,2271,1250,3,0,-1,1236,1236,0,0,-16
1787464126.967,L,0,1,-,119.0,3135,3133,-2,2,1,1091,1090,-1,0,-1,674,674,0,3,-7,3501,3501,0,2,-2,1250,209,-17,3,1,1235,1236,1,0,-16
1787464127.099,L',0,1,-,119.0,3135,3133,-2,2,1,1091,1090,-1,0,-1,674,673,-1,3,-8,3501,3501,0,2,-2,208,1250,18,0,-1,1235,1236,1,0,-16
1787464127.238,L',0,1,-,119.0,3135,3133,-2,2,1,1091,1090,-1,0,-1,674,673,-1,3,-8,3501,3501,0,2,-2,1249,2271,-2,1,0,1236,1236,0,0,-16
1787464127.366,L,0,1,-,119.0,3135,3133,-2,2,1,1091,1090,-1,0,-1,674,673,-1,3,-8,3501,3501,0,2,-2,2271,1250,3,0,-1,1236,1236,0,0,-16
1787464127.515,L,0,1,-,119.0,3136,3133,-3,2,1,1091,1090,-1,0,-1,674,673,-1,3,-8,3501,3501,0,2,-2,1250,209,-17,3,1,1235,1236,1,0,-16
1787464127.654,L',0,1,-,119.0,3135,3133,-2,2,1,1091,1090,-1,0,-1,674,673,-1,3,-8,3501,3501,0,2,-2,208,1250,18,0,-1,1235,1236,1,0,-16
1787464127.781,L',0,1,-,119.0,3135,3133,-2,2,1,1091,1091,0,0,0,674,673,-1,3,-8,3501,3501,0,2,-2,1250,2271,-3,1,0,1236,1236,0,0,-16
1787464127.930,L,0,1,-,119.0,3135,3133,-2,2,1,1091,1090,-1,0,-1,674,673,-1,3,-8,3501,3501,0,2,-2,2271,1251,4,0,0,1236,1236,0,0,-16
1787464128.066,L,0,1,-,119.0,3135,3133,-2,2,1,1091,1090,-1,0,-1,674,673,-1,3,-8,3501,3501,0,2,-2,1250,209,-17,3,1,1235,1235,0,0,-17
1787464128.201,L',0,1,-,119.0,3135,3133,-2,2,1,1091,1090,-1,0,-1,674,673,-1,3,-8,3501,3501,0,2,-2,208,1250,18,0,-1,1235,1236,1,0,-16
1787464128.340,L',0,1,-,119.0,3135,3133,-2,2,1,1091,1090,-1,0,-1,674,673,-1,3,-8,3501,3501,0,2,-2,1250,2271,-3,1,0,1236,1236,0,0,-16
1787464128.478,L,0,1,-,119.0,3135,3133,-2,2,1,1091,1090,-1,0,-1,674,673,-1,3,-8,3501,3501,0,2,-2,2271,1251,4,0,0,1236,1236,0,0,-16
1787464128.615,L,0,1,-,119.0,3135,3134,-1,2,2,1091,1090,-1,0,-1,674,673,-1,3,-8,3501,3501,0,2,-2,1250,209,-17,3,1,1235,1236,1,0,-16
1787464128.752,L',0,1,-,119.0,3135,3133,-2,2,1,1091,1090,-1,0,-1,674,673,-1,3,-8,3501,3501,0,2,-2,208,1250,18,0,-1,1236,1236,0,0,-16
1787464128.885,L',0,1,-,119.0,3135,3133,-2,2,1,1091,1090,-1,0,-1,674,673,-1,3,-8,3501,3501,0,2,-2,1250,2272,-2,1,1,1236,1236,0,0,-16
1787464129.024,L,0,1,-,119.0,3135,3133,-2,2,1,1091,1090,-1,0,-1,674,673,-1,3,-8,3501,3501,0,2,-2,2271,1251,4,0,0,1236,1236,0,0,-16
1787464129.158,L,0,1,-,119.0,3135,3133,-2,2,1,1091,1090,-1,0,-1,674,674,0,3,-7,3501,3501,0,2,-2,1250,209,-17,3,1,1235,1236,1,0,-16
1787464129.301,L',0,1,-,119.0,3135,3133,-2,2,1,1091,1090,-1,0,-1,674,673,-1,3,-8,3501,3501,0,2,-2,208,1250,18,0,-1,1235,1236,1,0,-16
1787464129.435,L',0,1,-,119.0,3135,3133,-2,2,1,1091,1090,-1,0,-1,674,673,-1,3,-8,3501,3501,0,2,-2,1249,2271,-2,1,0,1236,1235,-1,0,-17
1787464129.568,L,0,1,-,119.0,3136,3133,-3,2,1,1091,1090,-1,0,-1,674,673,-1,3,-8,3501,3501,0,2,-2,2271,1251,4,0,0,1236,1236,0,0,-16
1787464129.715,L,0,1,-,119.0,3135,3133,-2,2,1,1091,1091,0,0,0,674,673,-1,3,-8,3501,3501,0,2,-2,1250,208,-18,3,0,1236,1236,0,0,-16
1787464129.853,L',0,1,-,119.0,3135,3133,-2,2,1,1091,1091,0,0,0,674,673,-1,3,-8,3501,3501,0,2,-2,208,1250,18,0,-1,1236,1235,-1,0,-17
1787464129.990,L',0,1,-,119.0,3135,3133,-2,2,1,1091,1090,-1,0,-1,674,673,-1,3,-8,3501,3501,0,2,-2,1249,2272,-1,1,1,1235,1236,1,0,-16
1787464130.116,L,0,1,-,119.0,3135,3133,-2,2,1,1091,1090,-1,0,-1,674,673,-1,3,-8,3501,3501,0,2,-2,2271,1250,3,0,-1,1235,1236,1,0,-16
1787464130.266,L,0,1,-,119.0,3135,3133,-2,2,1,1091,1091,0,0,0,674,673,-1,3,-8,3501,3501,0,2,-2,1250,209,-17,3,1,1235,1236,1,0,-16
1787464130.401,L',0,1,-,119.0,3136,3133,-3,2,1,1091,1090,-1,0,-1,674,673,-1,3,-8,3501,3501,0,2,-2,208,1250,18,0,-1,1235,1236,1,0,-16
1787464130.535,L',0,1,-,119.0,3135,3133,-2,2,1,1091,1091,0,0,0,674,673,-1,3,-8,3501,3501,0,2,-2,1249,2272,-1,1,1,1236,1236,0,0,-16
1787464130.677,L,0,1,-,119.0,3135,3133,-2,2,1,1091,1090,-1,0,-1,674,673,-1,3,-8,3501,3501,0,2,-2,2271,1251,4,0,0,1235,1236,1,0,-16
1787464130.806,L,0,1,-,119.0,3135,3133,-2,2,1,1091,1091,0,0,0,674,673,-1,3,-8,3501,3501,0,2,-2,1250,209,-17,3,1,1235,1236,1,0,-16
1787464130.952,L',0,1,-,119.0,3135,3133,-2,2,1,1091,1090,-1,0,-1,674,673,-1,3,-8,3501,3501,0,2,-2,208,1250,18,0,-1,1236,1236,0,0,-16
1787464131.088,L',0,1,-,119.0,3135,3133,-2,2,1,1091,1090,-1,0,-1,674,673,-1,3,-8,3501,3501,0,2,-2,1250,2271,-3,1,0,1236,1236,0,0,-16
1787464131.220,L,0,1,-,119.0,3135,3133,-2,2,1,1091,1090,-1,0,-1,674,674,0,3,-7,3501,3501,0,2,-2,2271,1251,4,0,0,1236,1236,0,0,-16
1787464131.365,L,0,1,-,119.0,3135,3133,-2,2,1,1091,1090,-1,0,-1,674,674,0,3,-7,3501,3501,0,2,-2,1250,209,-17,3,1,1235,1236,1,0,-16
1787464131.501,L',0,1,-,119.0,3135,3133,-2,2,1,1091,1090,-1,0,-1,674,673,-1,3,-8,3501,3501,0,2,-2,209,1250,17,0,-1,1236,1236,0,0,-16
1787464131.634,L',0,1,-,119.0,3135,3133,-2,2,1,1091,1090,-1,0,-1,674,673,-1,3,-8,3501,3501,0,2,-2,1249,2271,-2,1,0,1236,1236,0,0,-16
1787464131.770,L,0,1,-,119.0,3135,3133,-2,2,1,1091,1090,-1,0,-1,674,673,-1,3,-8,3501,3501,0,2,-2,2271,1251,4,0,0,1235,1236,1,0,-16
1787464131.915,L,0,1,-,119.0,3135,3133,-2,2,1,1091,1090,-1,0,-1,674,673,-1,3,-8,3501,3501,0,2,-2,1250,208,-18,3,0,1236,1236,0,0,-16
1787464132.052,L',0,1,-,119.0,3135,3133,-2,2,1,1091,1090,-1,0,-1,674,673,-1,3,-8,3501,3501,0,2,-2,208,1250,18,0,-1,1235,1236,1,0,-16
1787464132.189,L',0,1,-,119.0,3135,3133,-2,2,1,1091,1091,0,0,0,674,673,-1,3,-8,3501,3501,0,2,-2,1249,2271,-2,1,0,1236,1236,0,0,-16
1787464132.322,L,0,1,-,119.0,3135,3133,-2,2,1,1091,1090,-1,0,-1,674,674,0,3,-7,3501,3501,0,2,-2,2270,1251,5,0,0,1235,1235,0,0,-17
1787464132.465,L,0,1,-,119.0,3135,3133,-2,2,1,1091,1091,0,0,0,674,674,0,3,-7,3501,3501,0,2,-2,1250,209,-17,3,1,1235,1236,1,0,-16
1787464132.603,L',0,1,-,119.0,3135,3133,-2,2,1,1091,1090,-1,0,-1,674,674,0,3,-7,3501,3501,0,2,-2,208,1250,18,0,-1,1235,1236,1,0,-16
1787464132.732,L',0,1,-,119.0,3135,3133,-2,2,1,1091,1090,-1,0,-1,674,673,-1,3,-8,3501,3501,0,2,-2,1249,2271,-2,1,0,1236,1236,0,0,-16
1787464132.878,L,0,1,-,119.0,3135,3133,-2,2,1,1091,1090,-1,0,-1,674,674,0,3,-7,3501,3501,0,2,-2,2271,1251,4,0,0,1236,1236,0,0,-16
1787464133.015,L,0,1,-,119.0,3136,3133,-3,2,1,1091,1091,0,0,0,674,673,-1,3,-8,3501,3501,0,2,-2,1250,209,-17,3,1,1235,1236,1,0,-16
1787464133.153,L',0,1,-,119.0,3135,3133,-2,2,1,1091,1090,-1,0,-1,674,674,0,3,-7,3501,3501,0,2,-2,208,1250,18,0,-1,1235,1236,1,0,-16
1787464133.290,L',0,1,-,119.0,3135,3133,-2,2,1,1091,1090,-1,0,-1,674,673,-1,3,-8,3501,3501,0,2,-2,1249,2271,-2,1,0,1235,1236,1,0,-16
1787464133.428,L,0,1,-,119.0,3135,3133,-2,2,1,1091,1090,-1,0,-1,674,673,-1,3,-8,3501,3501,0,2,-2,2271,1251,4,0,0,1235,1235,0,0,-17
1787464133.565,L,0,1,-,119.0,3135,3133,-2,2,1,1091,1090,-1,0,-1,674,673,-1,3,-8,3501,3501,0,2,-2,1250,209,-17,3,1,1235,1236,1,0,-16
1787464133.701,L',0,1,-,119.0,3136,3133,-3,2,1,1091,1090,-1,0,-1,674,673,-1,3,-8,3501,3501,0,2,-2,208,1250,18,0,-1,1236,1236,0,0,-16
1787464133.839,L',0,1,-,119.0,3135,3133,-2,2,1,1091,1090,-1,0,-1,674,673,-1,3,-8,3501,3501,0,2,-2,1249,2271,-2,1,0,1236,1235,-1,0,-17
1787464133.977,L,0,1,-,119.0,3135,3133,-2,2,1,1091,1090,-1,0,-1,674,673,-1,3,-8,3501,3501,0,2,-2,2271,1250,3,0,-1,1235,1236,1,0,-16
1787464134.107,L,0,1,-,119.0,3136,3133,-3,2,1,1091,1090,-1,0,-1,674,673,-1,3,-8,3501,3501,0,2,-2,1250,209,-17,3,1,1236,1236,0,0,-16
1787464134.252,L',0,1,-,119.0,3135,3133,-2,2,1,1091,1090,-1,0,-1,674,673,-1,3,-8,3501,3501,0,2,-2,208,1250,18,0,-1,1235,1236,1,0,-16
1787464134.383,L',0,1,-,119.0,3135,3133,-2,2,1,1091,1090,-1,0,-1,674,673,-1,3,-8,3501,3501,0,2,-2,1250,2271,-3,1,0,1235,1235,0,0,-17
1787464134.517,L,0,1,-,119.0,3136,3133,-3,2,1,1091,1090,-1,0,-1,674,673,-1,3,-8,3501,3501,0,2,-2,2271,1250,3,0,-1,1235,1236,1,0,-16
1787464134.665,L,0,1,-,119.0,3135,3133,-2,2,1,1091,1090,-1,0,-1,674,673,-1,3,-8,3501,3501,0,2,-2,1250,209,-17,3,1,1235,1235,0,0,-17
1787464134.800,L',0,1,-,119.0,3135,3133,-2,2,1,1091,1090,-1,0,-1,674,673,-1,3,-8,3501,3501,0,2,-2,208,1250,18,0,-1,1235,1236,1,0,-16
1787464134.940,L',0,1,-,119.0,3135,3133,-2,2,1,1091,1090,-1,0,-1,674,673,-1,3,-8,3501,3501,0,2,-2,1249,2271,-2,1,0,1236,1236,0,0,-16
1787464135.077,L,0,1,-,119.0,3135,3133,-2,2,1,1091,1090,-1,0,-1,674,673,-1,3,-8,3501,3501,0,2,-2,2271,1251,4,0,0,1236,1236,0,0,-16
1787464135.215,L,0,1,-,119.0,3135,3133,-2,2,1,1091,1090,-1,0,-1,674,673,-1,3,-8,3501,3501,0,2,-2,1250,209,-17,3,1,1235,1236,1,0,-16
1787464135.352,L',0,1,-,119.0,3135,3133,-2,2,1,1091,1090,-1,0,-1,674,673,-1,3,-8,3501,3501,0,2,-2,208,1250,18,0,-1,1235,1236,1,0,-16
1787464135.492,L',0,1,-,119.0,3135,3133,-2,2,1,1091,1091,0,0,0,674,673,-1,3,-8,3501,3501,0,2,-2,1249,2271,-2,1,0,1236,1235,-1,0,-17
1787464135.627,L,0,1,-,119.0,3135,3133,-2,2,1,1091,1090,-1,0,-1,674,673,-1,3,-8,3501,3501,0,2,-2,2271,1251,4,0,0,1236,1236,0,0,-16
1787464135.765,L,0,1,-,119.0,3135,3133,-2,2,1,1091,1091,0,0,0,674,673,-1,3,-8,3501,3501,0,2,-2,1250,209,-17,3,1,1236,1236,0,0,-16
1787464135.902,L',0,1,-,119.0,3135,3133,-2,2,1,1091,1091,0,0,0,674,673,-1,3,-8,3501,3501,0,2,-2,208,1250,18,0,-1,1236,1236,0,0,-16
1787464136.040,L',0,1,-,119.0,3135,3133,-2,2,1,1091,1090,-1,0,-1,674,673,-1,3,-8,3501,3501,0,2,-2,1249,2271,-2,1,0,1236,1236,0,0,-16
1787464136.172,L,0,1,-,119.0,3135,3133,-2,2,1,1091,1090,-1,0,-1,674,673,-1,3,-8,3501,3501,0,2,-2,2271,1251,4,0,0,1236,1236,0,0,-16
1787464136.317,L,0,1,-,119.0,3135,3133,-2,2,1,1091,1090,-1,0,-1,674,674,0,3,-7,3501,3501,0,2,-2,1250,208,-18,3,0,1235,1236,1,0,-16
1787464136.450,L',0,1,-,119.0,3135,3133,-2,2,1,1091,1091,0,0,0,674,673,-1,3,-8,3501,3501,0,2,-2,208,1250,18,0,-1,1235,1236,1,0,-16
1787464136.586,L',0,1,-,119.0,3135,3133,-2,2,1,1091,1090,-1,0,-1,674,673,-1,3,-8,3501,3501,0,2,-2,1249,2271,-2,1,0,1235,1236,1,0,-16
1787464136.718,L,0,1,-,119.0,3135,3133,-2,2,1,1091,1090,-1,0,-1,674,673,-1,3,-8,3501,3501,0,2,-2,2271,1251,4,0,0,1236,1235,-1,0,-17
1787464136.863,L,0,1,-,119.0,3135,3133,-2,2,1,1091,1091,0,0,0,674,673,-1,3,-8,3501,3501,0,2,-2,1249,209,-16,3,1,1235,1236,1,0,-16
1787464136.998,L',0,1,-,119.0,3135,3133,-2,2,1,1091,1090,-1,0,-1,674,673,-1,3,-8,3501,3501,0,2,-2,208,1250,18,0,-1,1235,1235,0,0,-17
1787464137.140,L',0,1,-,119.0,3135,3133,-2,2,1,1091,1090,-1,0,-1,674,673,-1,3,-8,3501,3501,0,2,-2,1249,2271,-2,1,0,1235,1236,1,0,-16
1787464137.276,L,0,1,-,119.0,3135,3133,-2,2,1,1091,1090,-1,0,-1,674,673,-1,3,-8,3501,3501,0,2,-2,2271,1250,3,0,-1,1236,1235,-1,0,-17
1787464137.415,L,0,1,-,119.0,3135,3133,-2,2,1,1091,1091,0,0,0,674,673,-1,3,-8,3501,3501,0,2,-2,1250,209,-17,3,1,1235,1236,1,0,-16
1787464137.553,L',0,1,-,119.0,3135,3133,-2,2,1,1091,1090,-1,0,-1,674,673,-1,3,-8,3501,3501,0,2,-2,208,1249,17,0,-2,1235,1236,1,0,-16
1787464137.688,L',0,1,-,119.0,3135,3133,-2,2,1,1091,1090,-1,0,-1,674,673,-1,3,-8,3501,3501,0,2,-2,1249,2271,-2,1,0,1236,1236,0,0,-16
1787464137.823,L,0,1,-,119.0,3135,3133,-2,2,1,1091,1091,0,0,0,674,673,-1,3,-8,3501,3501,0,2,-2,2271,1250,3,0,-1,1235,1235,0,0,-17
1787464137.964,L,0,1,-,119.0,3135,3133,-2,2,1,1091,1090,-1,0,-1,674,673,-1,3,-8,3501,3501,0,2,-2,1250,209,-17,3,1,1235,1236,1,0,-16
1787464138.103,L',0,1,-,119.0,3136,3133,-3,2,1,1091,1090,-1,0,-1,674,674,0,3,-7,3501,3501,0,2,-2,208,1250,18,0,-1,1236,1236,0,0,-16
1787464138.235,L',0,1,-,119.0,3136,3133,-3,2,1,1091,1090,-1,0,-1,674,673,-1,3,-8,3501,3501,0,2,-2,1250,2271,-3,1,0,1235,1236,1,0,-16
1787464138.377,L,0,1,-,119.0,3135,3133,-2,2,1,1091,1090,-1,0,-1,674,673,-1,3,-8,3501,3501,0,2,-2,2271,1250,3,0,-1,1236,1236,0,0,-16
1787464138.502,L,0,1,-,119.0,3135,3133,-2,2,1,1091,1091,0,0,0,674,673,-1,3,-8,3501,3501,0,2,-2,1250,209,-17,3,1,1235,1236,1,0,-16
1787464138.651,L',0,1,-,119.0,3135,3133,-2,2,1,1091,1091,0,0,0,674,673,-1,3,-8,3501,3501,0,2,-2,208,1250,18,0,-1,1235,1235,0,0,-17
1787464138.789,L',0,1,-,119.0,3135,3133,-2,2,1,1091,1090,-1,0,-1,674,674,0,3,-7,3501,3501,0,2,-2,1249,2271,-2,1,0,1235,1236,1,0,-16
1787464138.927,L,0,1,-,119.0,3135,3133,-2,2,1,1091,1091,0,0,0,674,674,0,3,-7,3501,3501,0,2,-2,2270,1251,5,0,0,1235,1236,1,0,-16
1787464139.057,L,0,1,-,119.0,3135,3133,-2,2,1,1091,1090,-1,0,-1,674,673,-1,3,-8,3501,3501,0,2,-2,1250,209,-17,3,1,1235,1236,1,0,-16
1787464139.201,L',0,1,-,119.0,3136,3133,-3,2,1,1091,1090,-1,0,-1,674,673,-1,3,-8,3501,3501,0,2,-2,208,1250,18,0,-1,1235,1236,1,0,-16
1787464139.340,L',0,1,-,119.0,3135,3133,-2,2,1,1091,1091,0,0,0,674,673,-1,3,-8,3501,3501,0,2,-2,1249,2272,-1,1,1,1236,1235,-1,0,-17
1787464139.476,L,0,1,-,119.0,3135,3133,-2,2,1,1091,1090,-1,0,-1,674,673,-1,3,-8,3501,3501,0,2,-2,2271,1251,4,0,0,1236,1236,0,0,-16
1787464139.614,L,0,1,-,119.0,3135,3133,-2,2,1,1091,1090,-1,0,-1,674,674,0,3,-7,3501,3501,0,2,-2,1250,208,-18,3,0,1235,1236,1,0,-16
1787464139.751,L',0,1,-,119.0,3135,3133,-2,2,1,1091,1090,-1,0,-1,674,673,-1,3,-8,3501,3501,0,2,-2,208,1250,18,0,-1,1235,1236,1,0,-16
1787464139.886,L',0,1,-,119.0,3136,3133,-3,2,1,1091,1090,-1,0,-1,674,673,-1,3,-8,3501,3501,0,2,-2,1249,2271,-2,1,0,1235,1236,1,0,-16
1787464140.027,L,0,1,-,119.0,3135,3133,-2,2,1,1091,1090,-1,0,-1,674,674,0,3,-7,3501,3501,0,2,-2,2271,1250,3,0,-1,1236,1236,0,0,-16
1787464140.165,L,0,1,-,119.0,3135,3133,-2,2,1,1091,1090,-1,0,-1,674,673,-1,3,-8,3501,3501,0,2,-2,1250,209,-17,3,1,1236,1236,0,0,-16
1787464140.302,L',0,1,-,119.0,3135,3133,-2,2,1,1091,1090,-1,0,-1,674,673,-1,3,-8,3501,3501,0,2,-2,208,1250,18,0,-1,1236,1236,0,0,-16
1787464140.440,L',0,1,-,119.0,3135,3133,-2,2,1,1091,1090,-1,0,-1,674,673,-1,3,-8,3501,3501,0,2,-2,1250,2271,-3,1,0,1236,1236,0,0,-16
1787464140.577,L,0,1,-,119.0,3135,3133,-2,2,1,1091,1090,-1,0,-1,674,673,-1,3,-8,3501,3501,0,2,-2,2271,1251,4,0,0,1236,1236,0,0,-16
1787464140.715,L,0,1,-,119.0,3135,3133,-2,2,1,1091,1090,-1,0,-1,674,673,-1,3,-8,3501,3501,0,2,-2,1250,208,-18,3,0,1236,1236,0,0,-16
1787464140.851,L',0,1,-,119.0,3135,3133,-2,2,1,1091,1090,-1,0,-1,674,673,-1,3,-8,3501,3501,0,2,-2,208,1250,18,0,-1,1235,1236,1,0,-16
1787464140.988,L',0,1,-,119.0,3135,3133,-2,2,1,1091,1090,-1,0,-1,674,673,-1,3,-8,3501,3501,0,2,-2,1249,2271,-2,1,0,1236,1235,-1,0,-17
1787464141.118,L,0,1,-,119.0,3135,3133,-2,2,1,1091,1090,-1,0,-1,674,673,-1,3,-8,3501,3501,0,2,-2,2271,1251,4,0,0,1236,1236,0,0,-16
1787464141.252,L,0,1,-,119.0,3135,3133,-2,2,1,1091,1090,-1,0,-1,674,673,-1,3,-8,3501,3501,0,2,-2,1250,209,-17,3,1,1235,1236,1,0,-16
1787464141.401,L',0,1,-,119.0,3135,3133,-2,2,1,1091,1090,-1,0,-1,674,673,-1,3,-8,3501,3501,0,2,-2,208,1250,18,0,-1,1235,1236,1,0,-16
1787464141.539,L',0,1,-,119.0,3135,3133,-2,2,1,1091,1090,-1,0,-1,674,673,-1,3,-8,3501,3501,0,2,-2,1249,2271,-2,1,0,1235,1235,0,0,-17
1787464141.676,L,0,1,-,119.0,3135,3133,-2,2,1,1091,1091,0,0,0,674,673,-1,3,-8,3501,3501,0,2,-2,2271,1250,3,0,-1,1236,1236,0,0,-16
1787464141.804,L,0,1,-,119.0,3135,3133,-2,2,1,1091,1090,-1,0,-1,674,674,0,3,-7,3501,3501,0,2,-2,1250,209,-17,3,1,1235,1236,1,0,-16
1787464141.950,L',0,1,-,119.0,3135,3133,-2,2,1,1091,1090,-1,0,-1,674,673,-1,3,-8,3501,3501,0,2,-2,208,1250,18,0,-1,1235,1236,1,0,-16
1787464142.083,L',0,1,-,119.0,3135,3133,-2,2,1,1091,1090,-1,0,-1,674,673,-1,3,-8,3501,3501,0,2,-2,1249,2271,-2,1,0,1235,1235,0,0,-17
1787464142.227,L,0,1,-,119.0,3135,3133,-2,2,1,1091,1090,-1,0,-1,674,673,-1,3,-8,3501,3501,0,2,-2,2271,1251,4,0,0,1236,1236,0,0,-16
1787464142.360,L,0,1,-,119.0,3136,3133,-3,2,1,1091,1090,-1,0,-1,674,673,-1,3,-8,3501,3501,0,2,-2,1250,208,-18,3,0,1235,1236,1,0,-16
1787464142.502,L',0,1,-,119.0,3135,3133,-2,2,1,1091,1090,-1,0,-1,674,673,-1,3,-8,3501,3501,0,2,-2,208,1249,17,0,-2,1235,1236,1,0,-16
1787464142.639,L',0,1,-,119.0,3135,3133,-2,2,1,1091,1090,-1,0,-1,674,673,-1,3,-8,3501,3501,0,2,-2,1249,2271,-2,1,0,1235,1236,1,0,-16
1787464142.777,L,0,1,-,119.0,3135,3133,-2,2,1,1091,1091,0,0,0,674,674,0,3,-7,3501,3501,0,2,-2,2270,1250,4,0,-1,1235,1235,0,0,-17
1787464142.914,L,0,1,-,119.0,3135,3133,-2,2,1,1091,1090,-1,0,-1,674,673,-1,3,-8,3501,3501,0,2,-2,1250,209,-17,3,1,1236,1236,0,0,-16
1787464143.051,L',0,1,-,119.0,3135,3133,-2,2,1,1091,1090,-1,0,-1,674,673,-1,3,-8,3501,3501,0,2,-2,208,1250,18,0,-1,1235,1236,1,0,-16
1787464143.188,L',0,1,-,119.0,3135,3133,-2,2,1,1091,1090,-1,0,-1,674,673,-1,3,-8,3501,3501,0,2,-2,1249,2271,-2,1,0,1236,1236,0,0,-16
1787464143.318,L,0,1,-,119.0,3136,3133,-3,2,1,1091,1090,-1,0,-1,674,673,-1,3,-8,3501,3501,0,2,-2,2271,1250,3,0,-1,1235,1235,0,0,-17
1787464143.463,L,0,1,-,119.0,3135,3133,-2,2,1,1091,1090,-1,0,-1,674,673,-1,3,-8,3501,3501,0,2,-2,1250,209,-17,3,1,1236,1236,0,0,-16
1787464143.601,L',0,1,-,119.0,3135,3133,-2,2,1,1091,1090,-1,0,-1,674,673,-1,3,-8,3501,3501,0,2,-2,208,1250,18,0,-1,1236,1236,0,0,-16
1787464143.739,L',0,1,-,119.0,3135,3133,-2,2,1,1091,1090,-1,0,-1,674,673,-1,3,-8,3501,3501,0,2,-2,1249,2271,-2,1,0,1235,1236,1,0,-16
1787464143.877,L,0,1,-,119.0,3135,3133,-2,2,1,1091,1090,-1,0,-1,674,674,0,3,-7,3501,3501,0,2,-2,2271,1251,4,0,0,1235,1236,1,0,-16
1787464144.012,L,0,1,-,119.0,3135,3133,-2,2,1,1091,1090,-1,0,-1,674,673,-1,3,-8,3501,3501,0,2,-2,1250,209,-17,3,1,1236,1236,0,0,-16
1787464144.151,L',0,1,-,119.0,3135,3133,-2,2,1,1091,1090,-1,0,-1,674,673,-1,3,-8,3501,3501,0,2,-2,208,1250,18,0,-1,1236,1236,0,0,-16
1787464144.288,L',0,1,-,119.0,3135,3133,-2,2,1,1091,1090,-1,0,-1,674,673,-1,3,-8,3501,3501,0,2,-2,1249,2271,-2,1,0,1236,1236,0,0,-16
1787464144.426,L,0,1,-,119.0,3135,3133,-2,2,1,1091,1090,-1,0,-1,674,673,-1,3,-8,3501,3501,0,2,-2,2271,1251,4,0,0,1235,1236,1,0,-16
1787464144.564,L,0,1,-,119.0,3135,3133,-2,2,1,1091,1090,-1,0,-1,674,674,0,3,-7,3501,3501,0,2,-2,1250,208,-18,3,0,1235,1235,0,0,-17
1787464144.701,L',0,1,-,119.0,3135,3133,-2,2,1,1091,1090,-1,0,-1,674,674,0,3,-7,3501,3501,0,2,-2,208,1250,18,0,-1,1235,1235,0,0,-17
1787464144.835,L',0,1,-,119.0,3135,3133,-2,2,1,1091,1090,-1,0,-1,674,673,-1,3,-8,3501,3501,0,2,-2,1249,2272,-1,1,1,1235,1235,0,0,-17
1787464144.977,L,0,1,-,119.0,3135,3133,-2,2,1,1091,1090,-1,0,-1,674,674,0,3,-7,3501,3501,0,2,-2,2271,1251,4,0,0,1235,1236,1,0,-16
1787464145.114,L,0,1,-,119.0,3135,3133,-2,2,1,1091,1091,0,0,0,674,673,-1,3,-8,3501,3501,0,2,-2,1250,209,-17,3,1,1235,1235,0,0,-17
1787464145.252,L',0,1,-,119.0,3136,3133,-3,2,1,1091,1091,0,0,0,674,673,-1,3,-8,3501,3501,0,2,-2,208,1250,18,0,-1,1235,1236,1,0,-16
1787464145.389,L',0,1,-,119.0,3135,3133,-2,2,1,1091,1090,-1,0,-1,674,673,-1,3,-8,3501,3501,0,2,-2,1249,2271,-2,1,0,1235,1236,1,0,-16
1787464145.526,L,0,1,-,119.0,3135,3133,-2,2,1,1091,1090,-1,0,-1,674,673,-1,3,-8,3501,3501,0,2,-2,2271,1250,3,0,-1,1236,1235,-1,0,-17
1787464145.657,L,0,1,-,119.0,3135,3133,-2,2,1,1091,1090,-1,0,-1,674,673,-1,3,-8,3501,3501,0,2,-2,1250,209,-17,3,1,1236,1236,0,0,-16
1787464145.802,L',0,1,-,119.0,3135,3133,-2,2,1,1091,1090,-1,0,-1,674,674,0,3,-7,3501,3501,0,2,-2,208,1250,18,0,-1,1236,1236,0,0,-16
1787464145.934,L',0,1,-,119.0,3135,3133,-2,2,1,1091,1090,-1,0,-1,674,673,-1,3,-8,3501,3501,0,2,-2,1250,2272,-2,1,1,1235,1236,1,0,-16
1787464146.076,L,0,1,-,119.0,3135,3133,-2,2,1,1091,1090,-1,0,-1,674,673,-1,3,-8,3501,3501,0,2,-2,2271,1251,4,0,0,1236,1236,0,0,-16
1787464146.214,L,0,1,-,119.0,3135,3133,-2,2,1,1091,1091,0,0,0,674,673,-1,3,-8,3501,3501,0,2,-2,1250,208,-18,3,0,1235,1236,1,0,-16
1787464146.351,L',0,1,-,119.0,3135,3133,-2,2,1,1091,1090,-1,0,-1,674,673,-1,3,-8,3501,3501,0,2,-2,208,1250,18,0,-1,1235,1236,1,0,-16
1787464146.485,L',0,1,-,119.0,3136,3133,-3,2,1,1091,1090,-1,0,-1,674,673,-1,3,-8,3501,3501,0,2,-2,1249,2271,-2,1,0,1236,1236,0,0,-16
1787464146.618,L,0,1,-,119.0,3135,3133,-2,2,1,1091,1090,-1,0,-1,674,673,-1,3,-8,3501,3501,0,2,-2,2271,1251,4,0,0,1235,1236,1,0,-16
1787464146.765,L,0,1,-,119.0,3136,3133,-3,2,1,1091,1090,-1,0,-1,674,673,-1,3,-8,3501,3501,0,2,-2,1250,209,-17,3,1,1235,1236,1,0,-16
1787464146.900,L',0,1,-,119.0,3135,3133,-2,2,1,1091,1090,-1,0,-1,674,673,-1,3,-8,3501,3501,0,2,-2,208,1250,18,0,-1,1235,1236,1,0,-16
1787464147.038,L',0,1,-,119.0,3135,3133,-2,2,1,1091,1090,-1,0,-1,674,673,-1,3,-8,3501,3501,0,2,-2,1249,2271,-2,1,0,1235,1236,1,0,-16
1787464147.176,L,0,1,-,119.0,3135,3133,-2,2,1,1091,1091,0,0,0,674,674,0,3,-7,3501,3501,0,2,-2,2271,1251,4,0,0,1235,1235,0,0,-17
1787464147.302,L,0,1,-,119.0,3135,3133,-2,2,1,1091,1090,-1,0,-1,674,674,0,3,-7,3501,3501,0,2,-2,1250,209,-17,3,1,1236,1236,0,0,-16
1787464147.458,L',0,1,-,119.0,3135,3133,-2,2,1,1091,1090,-1,0,-1,674,673,-1,3,-8,3501,3501,0,2,-2,208,1250,18,0,-1,1235,1236,1,0,-16
1787464147.589,L',0,1,-,119.0,3135,3133,-2,2,1,1091,1091,0,0,0,674,674,0,3,-7,3501,3501,0,2,-2,1250,2271,-3,1,0,1235,1235,0,0,-17
1787464147.726,L,0,1,-,119.0,3135,3133,-2,2,1,1091,1090,-1,0,-1,674,674,0,3,-7,3501,3501,0,2,-2,2271,1251,4,0,0,1235,1236,1,0,-16
1787464147.864,L,0,1,-,119.0,3135,3133,-2,2,1,1091,1090,-1,0,-1,674,674,0,3,-7,3501,3501,0,2,-2,1250,209,-17,3,1,1236,1236,0,0,-16
1787464148.002,L',0,1,-,119.0,3135,3133,-2,2,1,1091,1090,-1,0,-1,674,673,-1,3,-8,3501,3501,0,2,-2,208,1250,18,0,-1,1236,1235,-1,0,-17
1787464148.136,L',0,1,-,119.0,3135,3133,-2,2,1,1091,1090,-1,0,-1,674,673,-1,3,-8,3501,3501,0,2,-2,1249,2271,-2,1,0,1235,1235,0,0,-17
1787464148.268,L,0,1,-,119.0,3135,3133,-2,2,1,1091,1090,-1,0,-1,674,673,-1,3,-8,3501,3501,0,2,-2,2271,1251,4,0,0,1235,1236,1,0,-16
1787464148.414,L,0,1,-,119.0,3136,3133,-3,2,1,1091,1090,-1,0,-1,674,673,-1,3,-8,3501,3501,0,2,-2,1250,208,-18,3,0,1235,1236,1,0,-16
1787464148.550,L',0,1,-,119.0,3135,3133,-2,2,1,1091,1090,-1,0,-1,674,673,-1,3,-8,3501,3501,0,2,-2,208,1250,18,0,-1,1236,1236,0,0,-16
1787464148.689,L',0,1,-,119.0,3135,3133,-2,2,1,1091,1090,-1,0,-1,674,673,-1,3,-8,3501,3501,0,2,-2,1250,2271,-3,1,0,1235,1235,0,0,-17
1787464148.825,L,0,1,-,119.0,3135,3133,-2,2,1,1091,1090,-1,0,-1,674,673,-1,3,-8,3501,3501,0,2,-2,2271,1251,4,0,0,1235,1236,1,0,-16
1787464148.961,L,0,1,-,119.0,3135,3133,-2,2,1,1091,1090,-1,0,-1,674,673,-1,3,-8,3501,3501,0,2,-2,1250,208,-18,3,0,1236,1236,0,0,-16
1787464149.099,L',0,1,-,119.0,3135,3133,-2,2,1,1091,1090,-1,0,-1,674,674,0,3,-7,3501,3501,0,2,-2,208,1250,18,0,-1,1236,1236,0,0,-16
1787464149.232,L',0,1,-,119.0,3135,3133,-2,2,1,1091,1090,-1,0,-1,674,673,-1,3,-8,3501,3501,0,2,-2,1250,2272,-2,1,1,1235,1236,1,0,-16
1787464149.366,L,0,1,-,119.0,3135,3133,-2,2,1,1091,1090,-1,0,-1,674,673,-1,3,-8,3501,3501,0,2,-2,2270,1251,5,0,0,1236,1236,0,0,-16
1787464149.514,L,0,1,-,119.0,3135,3133,-2,2,1,1091,1090,-1,0,-1,674,673,-1,3,-8,3501,3501,0,2,-2,1250,209,-17,3,1,1236,1236,0,0,-16
1787464149.651,L',0,1,-,119.0,3135,3133,-2,2,1,1091,1090,-1,0,-1,674,673,-1,3,-8,3501,3501,0,2,-2,208,1250,18,0,-1,1235,1236,1,0,-16
1787464149.789,L',0,1,-,119.0,3135,3133,-2,2,1,1091,1090,-1,0,-1,674,673,-1,3,-8,3501,3501,0,2,-2,1250,2271,-3,1,0,1236,1236,0,0,-16
1787464149.926,L,0,1,-,119.0,3135,3133,-2,2,1,1091,1090,-1,0,-1,674,673,-1,3,-8,3501,3501,0,2,-2,2271,1251,4,0,0,1236,1235,-1,0,-17
1787464150.064,L,0,1,-,119.0,3135,3133,-2,2,1,1091,1090,-1,0,-1,674,673,-1,3,-8,3501,3501,0,2,-2,1250,209,-17,3,1,1236,1235,-1,0,-17
1787464150.201,L',0,1,-,119.0,3136,3133,-3,2,1,1091,1091,0,0,0,674,673,-1,3,-8,3501,3501,0,2,-2,208,1250,18,0,-1,1235,1236,1,0,-16
1787464150.339,L',0,1,-,119.0,3135,3133,-2,2,1,1091,1090,-1,0,-1,674,673,-1,3,-8,3501,3501,0,2,-2,1250,2271,-3,1,0,1235,1236,1,0,-16
1787464150.468,L,0,1,-,119.0,3135,3133,-2,2,1,1091,1090,-1,0,-1,674,674,0,3,-7,3501,3501,0,2,-2,2271,1251,4,0,0,1236,1235,-1,0,-17
1787464150.613,L,0,1,-,119.0,3135,3133,-2,2,1,1091,1090,-1,0,-1,674,673,-1,3,-8,3501,3501,0,2,-2,1250,208,-18,3,0,1236,1236,0,0,-16
1787464150.752,L',0,1,-,119.0,3135,3133,-2,2,1,1091,1091,0,0,0,674,673,-1,3,-8,3501,3501,0,2,-2,208,1250,18,0,-1,1235,1236,1,0,-16
1787464150.889,L',0,1,-,119.0,3135,3133,-2,2,1,1091,1090,-1,0,-1,674,673,-1,3,-8,3501,3501,0,2,-2,1249,2271,-2,1,0,1236,1236,0,0,-16
1787464151.023,L,0,1,-,119.0,3135,3133,-2,2,1,1091,1091,0,0,0,674,673,-1,3,-8,3501,3501,0,2,-2,2271,1250,3,0,-1,1236,1236,0,0,-16
1787464151.156,L,0,1,-,119.0,3135,3133,-2,2,1,1091,1090,-1,0,-1,674,674,0,3,-7,3501,3501,0,2,-2,1250,208,-18,3,0,1235,1236,1,0,-16
1787464151.300,L',0,1,-,119.0,3135,3133,-2,2,1,1091,1090,-1,0,-1,674,674,0,3,-7,3501,3501,0,2,-2,208,1250,18,0,-1,1235,1236,1,0,-16
1787464151.436,L',0,1,-,119.0,3135,3133,-2,2,1,1091,1091,0,0,0,674,673,-1,3,-8,3501,3501,0,2,-2,1249,2271,-2,1,0,1236,1236,0,0,-16
1787464151.566,L,0,1,-,119.0,3135,3133,-2,2,1,1091,1090,-1,0,-1,674,674,0,3,-7,3501,3501,0,2,-2,2271,1251,4,0,0,1235,1236,1,0,-16
1787464151.712,L,0,1,-,119.0,3136,3133,-3,2,1,1091,1090,-1,0,-1,674,673,-1,3,-8,3501,3501,0,2,-2,1250,208,-18,3,0,1235,1236,1,0,-16
1787464151.851,L',0,1,-,119.0,3135,3133,-2,2,1,1091,1090,-1,0,-1,674,673,-1,3,-8,3501,3501,0,2,-2,208,1250,18,0,-1,1235,1236,1,0,-16
1787464151.985,L',0,1,-,119.0,3135,3133,-2,2,1,1091,1090,-1,0,-1,674,673,-1,3,-8,3501,3501,0,2,-2,1249,2271,-2,1,0,1235,1236,1,0,-16
1787464152.125,L,0,1,-,119.0,3135,3133,-2,2,1,1091,1090,-1,0,-1,674,674,0,3,-7,3501,3501,0,2,-2,2270,1251,5,0,0,1235,1235,0,0,-17
1787464152.258,L,0,1,-,119.0,3135,3133,-2,2,1,1091,1090,-1,0,-1,674,674,0,3,-7,3501,3501,0,2,-2,1250,209,-17,3,1,1235,1236,1,0,-16
1787464152.401,L',0,1,-,119.0,3136,3133,-3,2,1,1091,1090,-1,0,-1,674,673,-1,3,-8,3501,3501,0,2,-2,208,1250,18,0,-1,1236,1235,-1,0,-17
1787464152.536,L',0,1,-,119.0,3135,3133,-2,2,1,1091,1090,-1,0,-1,674,673,-1,3,-8,3501,3501,0,2,-2,1249,2271,-2,1,0,1235,1236,1,0,-16
1787464152.669,L,0,1,-,119.0,3135,3133,-2,2,1,1091,1091,0,0,0,674,674,0,3,-7,3501,3501,0,2,-2,2271,1251,4,0,0,1235,1236,1,0,-16
1787464152.811,L,0,1,-,119.0,3135,3133,-2,2,1,1091,1091,0,0,0,674,673,-1,3,-8,3501,3501,0,2,-2,1250,209,-17,3,1,1235,1236,1,0,-16
1787464152.951,L',0,1,-,119.0,3135,3133,-2,2,1,1091,1090,-1,0,-1,674,673,-1,3,-8,3501,3501,0,2,-2,208,1250,18,0,-1,1235,1236,1,0,-16
1787464153.089,L',0,1,-,119.0,3135,3133,-2,2,1,1091,1090,-1,0,-1,674,673,-1,3,-8,3501,3501,0,2,-2,1249,2271,-2,1,0,1236,1236,0,0,-16
1787464153.217,L,0,1,-,119.0,3135,3133,-2,2,1,1091,1090,-1,0,-1,674,673,-1,3,-8,3501,3501,0,2,-2,2271,1251,4,0,0,1236,1236,0,0,-16
1787464153.351,L,0,1,-,119.0,3135,3133,-2,2,1,1091,1090,-1,0,-1,674,674,0,3,-7,3501,3501,0,2,-2,1250,208,-18,3,0,1235,1236,1,0,-16
1787464153.500,L',0,1,-,119.0,3135,3133,-2,2,1,1091,1090,-1,0,-1,674,673,-1,3,-8,3501,3501,0,2,-2,208,1250,18,0,-1,1236,1236,0,0,-16
1787464153.634,L',0,1,-,119.0,3135,3133,-2,2,1,1091,1090,-1,0,-1,674,673,-1,3,-8,3501,3501,0,2,-2,1250,2271,-3,1,0,1235,1235,0,0,-17
1787464153.773,L,0,1,-,119.0,3135,3133,-2,2,1,1091,1090,-1,0,-1,674,674,0,3,-7,3501,3501,0,2,-2,2271,1251,4,0,0,1235,1235,0,0,-17
1787464153.912,L,0,1,-,119.0,3135,3133,-2,2,1,1091,1090,-1,0,-1,674,674,0,3,-7,3501,3501,0,2,-2,1250,209,-17,3,1,1235,1236,1,0,-16
1787464154.047,L',0,1,-,119.0,3135,3133,-2,2,1,1091,1091,0,0,0,674,673,-1,3,-8,3501,3501,0,2,-2,208,1250,18,0,-1,1236,1236,0,0,-16
1787464154.188,L',0,1,-,119.0,3135,3133,-2,2,1,1091,1091,0,0,0,674,673,-1,3,-8,3501,3501,0,2,-2,1249,2271,-2,1,0,1235,1236,1,0,-16
1787464154.326,L,0,1,-,119.0,3135,3133,-2,2,1,1091,1090,-1,0,-1,674,673,-1,3,-8,3501,3501,0,2,-2,2271,1251,4,0,0,1235,1236,1,0,-16
1787464154.454,L,0,1,-,119.0,3135,3133,-2,2,1,1091,1090,-1,0,-1,674,673,-1,3,-8,3501,3501,0,2,-2,1250,209,-17,3,1,1236,1236,0,0,-16
1787464154.601,L',0,1,-,119.0,3135,3133,-2,2,1,1091,1090,-1,0,-1,674,673,-1,3,-8,3501,3501,0,2,-2,208,1250,18,0,-1,1235,1236,1,0,-16
1787464154.738,L',0,1,-,119.0,3135,3133,-2,2,1,1091,1090,-1,0,-1,674,673,-1,3,-8,3501,3501,0,2,-2,1250,2271,-3,1,0,1235,1236,1,0,-16
1787464154.877,L,0,1,-,119.0,3135,3133,-2,2,1,1091,1091,0,0,0,674,673,-1,3,-8,3501,3501,0,2,-2,2271,1251,4,0,0,1236,1235,-1,0,-17
1787464155.014,L,0,1,-,119.0,3136,3133,-3,2,1,1091,1090,-1,0,-1,674,674,0,3,-7,3501,3501,0,2,-2,1250,209,-17,3,1,1236,1236,0,0,-16
1787464155.152,L',0,1,-,119.0,3135,3133,-2,2,1,1091,1090,-1,0,-1,674,673,-1,3,-8,3501,3501,0,2,-2,208,1250,18,0,-1,1235,1236,1,0,-16
1787464155.286,L',0,1,-,119.0,3135,3133,-2,2,1,1091,1090,-1,0,-1,674,673,-1,3,-8,3501,3501,0,2,-2,1249,2271,-2,1,0,1235,1236,1,0,-16
1787464155.418,L,0,1,-,119.0,3135,3133,-2,2,1,1091,1090,-1,0,-1,674,673,-1,3,-8,3501,3501,0,2,-2,2271,1251,4,0,0,1236,1236,0,0,-16
1787464155.563,L,0,1,-,119.0,3135,3133,-2,2,1,1091,1090,-1,0,-1,674,673,-1,3,-8,3501,3501,0,2,-2,1250,208,-18,3,0,1235,1235,0,0,-17
1787464155.700,L',0,1,-,119.0,3135,3133,-2,2,1,1091,1090,-1,0,-1,674,673,-1,3,-8,3501,3501,0,2,-2,208,1249,17,0,-2,1236,1236,0,0,-16
1787464155.838,L',0,1,-,119.0,3136,3133,-3,2,1,1091,1090,-1,0,-1,674,673,-1,3,-8,3501,3501,0,2,-2,1249,2271,-2,1,0,1235,1236,1,0,-16
1787464155.976,L,0,1,-,119.0,3135,3133,-2,2,1,1091,1090,-1,0,-1,674,673,-1,3,-8,3501,3501,0,2,-2,2270,1251,5,0,0,1235,1236,1,0,-16
1787464156.112,L,0,1,-,119.0,3135,3133,-2,2,1,1091,1090,-1,0,-1,674,674,0,3,-7,3501,3501,0,2,-2,1250,209,-17,3,1,1236,1236,0,0,-16
1787464156.250,L',0,1,-,119.0,3135,3133,-2,2,1,1091,1090,-1,0,-1,674,673,-1,3,-8,3501,3501,0,2,-2,208,1250,18,0,-1,1235,1236,1,0,-16
1787464156.387,L',0,1,-,119.0,3135,3133,-2,2,1,1091,1090,-1,0,-1,674,673,-1,3,-8,3501,3501,0,2,-2,1250,2271,-3,1,0,1236,1236,0,0,-16
1787464156.518,L,0,1,-,119.0,3135,3133,-2,2,1,1091,1091,0,0,0,674,673,-1,3,-8,3501,3501,0,2,-2,2271,1251,4,0,0,1236,1236,0,0,-16
1787464156.663,L,0,1,-,119.0,3135,3134,-1,2,2,1091,1090,-1,0,-1,674,673,-1,3,-8,3501,3501,0,2,-2,1250,208,-18,3,0,1235,1236,1,0,-16
1787464156.801,L',0,1,-,119.0,3135,3133,-2,2,1,1091,1090,-1,0,-1,674,673,-1,3,-8,3501,3501,0,2,-2,208,1250,18,0,-1,1236,1236,0,0,-16
1787464156.938,L',0,1,-,119.0,3135,3133,-2,2,1,1091,1090,-1,0,-1,674,673,-1,3,-8,3501,3501,0,2,-2,1249,2272,-1,1,1,1236,1236,0,0,-16
1787464157.075,L,0,1,-,119.0,3135,3133,-2,2,1,1091,1090,-1,0,-1,674,673,-1,3,-8,3501,3501,0,2,-2,2271,1251,4,0,0,1236,1236,0,0,-16
1787464157.212,L,0,1,-,119.0,3135,3133,-2,2,1,1091,1091,0,0,0,674,674,0,3,-7,3501,3501,0,2,-2,1250,208,-18,3,0,1235,1235,0,0,-17
1787464157.351,L',0,1,-,119.0,3135,3133,-2,2,1,1091,1090,-1,0,-1,674,673,-1,3,-8,3501,3501,0,2,-2,208,1250,18,0,-1,1235,1236,1,0,-16
1787464157.488,L',0,1,-,119.0,3135,3133,-2,2,1,1091,1090,-1,0,-1,674,674,0,3,-7,3501,3501,0,2,-2,1249,2271,-2,1,0,1235,1235,0,0,-17
1787464157.625,L,0,1,-,119.0,3135,3133,-2,2,1,1091,1090,-1,0,-1,674,674,0,3,-7,3501,3501,0,2,-2,2271,1251,4,0,0,1235,1236,1,0,-16
1787464157.763,L,0,1,-,119.0,3135,3133,-2,2,1,1091,1091,0,0,0,674,673,-1,3,-8,3501,3501,0,2,-2,1250,209,-17,3,1,1235,1235,0,0,-17
1787464157.900,L',0,1,-,119.0,3136,3133,-3,2,1,1091,1090,-1,0,-1,674,673,-1,3,-8,3501,3501,0,2,-2,208,1250,18,0,-1,1235,1236,1,0,-16
1787464158.037,L',0,1,-,119.0,3136,3133,-3,2,1,1091,1090,-1,0,-1,674,673,-1,3,-8,3501,3501,0,2,-2,1249,2271,-2,1,0,1236,1235,-1,0,-17
1787464158.172,L,0,1,-,119.0,3135,3133,-2,2,1,1091,1090,-1,0,-1,674,673,-1,3,-8,3501,3501,0,2,-2,2271,1250,3,0,-1,1235,1236,1,0,-16
1787464158.314,L,0,1,-,119.0,3135,3133,-2,2,1,1091,1090,-1,0,-1,674,673,-1,3,-8,3501,3501,0,2,-2,1250,208,-18,3,0,1235,1236,1,0,-16
1787464158.450,L',0,1,-,119.0,3136,3133,-3,2,1,1091,1091,0,0,0,674,674,0,3,-7,3501,3501,0,2,-2,208,1250,18,0,-1,1236,1236,0,0,-16
1787464158.588,L',0,1,-,119.0,3135,3133,-2,2,1,1091,1091,0,0,0,674,673,-1,3,-8,3501,3501,0,2,-2,1249,2271,-2,1,0,1236,1236,0,0,-16
1787464158.726,L,0,1,-,119.0,3135,3133,-2,2,1,1091,1090,-1,0,-1,674,673,-1,3,-8,3501,3501,0,2,-2,2271,1251,4,0,0,1235,1236,1,0,-16
1787464158.860,L,0,1,-,119.0,3135,3133,-2,2,1,1091,1090,-1,0,-1,674,674,0,3,-7,3501,3501,0,2,-2,1250,208,-18,3,0,1236,1236,0,0,-16
1787464159.001,L',0,1,-,119.0,3135,3133,-2,2,1,1091,1090,-1,0,-1,674,673,-1,3,-8,3501,3501,0,2,-2,208,1250,18,0,-1,1235,1236,1,0,-16
1787464159.138,L',0,1,-,119.0,3135,3133,-2,2,1,1091,1090,-1,0,-1,674,673,-1,3,-8,3501,3501,0,2,-2,1250,2271,-3,1,0,1236,1235,-1,0,-17
1787464159.276,L,0,1,-,119.0,3135,3133,-2,2,1,1091,1090,-1,0,-1,674,673,-1,3,-8,3501,3501,0,2,-2,2271,1251,4,0,0,1235,1236,1,0,-16
1787464159.413,L,0,1,-,119.0,3135,3133,-2,2,1,1091,1090,-1,0,-1,674,674,0,3,-7,3501,3501,0,2,-2,1250,208,-18,3,0,1235,1236,1,0,-16
1787464159.550,L',0,1,-,119.0,3135,3133,-2,2,1,1091,1090,-1,0,-1,674,674,0,3,-7,3501,3501,0,2,-2,208,1250,18,0,-1,1235,1236,1,0,-16
1787464159.688,L',0,1,-,119.0,3135,3133,-2,2,1,1091,1090,-1,0,-1,674,674,0,3,-7,3501,3501,0,2,-2,1249,2271,-2,1,0,1236,1235,-1,0,-17
1787464159.827,L,0,1,-,119.0,3135,3133,-2,2,1,1091,1090,-1,0,-1,674,673,-1,3,-8,3501,3501,0,2,-2,2271,1251,4,0,0,1235,1236,1,0,-16
1787464159.952,L,0,1,-,119.0,3135,3133,-2,2,1,1091,1091,0,0,0,674,673,-1,3,-8,3501,3501,0,2,-2,1250,208,-18,3,0,1235,1236,1,0,-16
1787464160.102,L',0,1,-,119.0,3135,3133,-2,2,1,1091,1090,-1,0,-1,674,673,-1,3,-8,3501,3501,0,2,-2,208,1250,18,0,-1,1235,1236,1,0,-16
1787464160.232,L',0,1,-,119.0,3135,3133,-2,2,1,1091,1090,-1,0,-1,674,673,-1,3,-8,3501,3501,0,2,-2,1249,2271,-2,1,0,1235,1235,0,0,-17
1787464160.375,L,0,1,-,119.0,3135,3133,-2,2,1,1091,1090,-1,0,-1,674,673,-1,3,-8,3501,3501,0,2,-2,2271,1251,4,0,0,1235,1236,1,0,-16
1787464160.511,L,0,1,-,119.0,3135,3133,-2,2,1,1091,1090,-1,0,-1,674,674,0,3,-7,3501,3501,0,2,-2,1250,209,-17,3,1,1236,1236,0,0,-16
1787464160.650,L',0,1,-,119.0,3135,3133,-2,2,1,1091,1091,0,0,0,674,673,-1,3,-8,3501,3501,0,2,-2,208,1250,18,0,-1,1235,1236,1,0,-16
1787464160.786,L',0,1,-,119.0,3135,3133,-2,2,1,1091,1090,-1,0,-1,674,673,-1,3,-8,3501,3501,0,2,-2,1249,2271,-2,1,0,1235,1236,1,0,-16
1787464160.915,L,0,1,-,119.0,3135,3133,-2,2,1,1091,1090,-1,0,-1,674,673,-1,3,-8,3501,3501,0,2,-2,2271,1251,4,0,0,1235,1236,1,0,-16
1787464161.048,L,0,1,-,119.0,3135,3133,-2,2,1,1091,1090,-1,0,-1,674,673,-1,3,-8,3501,3501,0,2,-2,1250,208,-18,3,0,1236,1235,-1,0,-17
1787464161.199,L',0,1,-,119.0,3135,3133,-2,2,1,1091,1090,-1,0,-1,674,673,-1,3,-8,3501,3501,0,2,-2,208,1249,17,0,-2,1235,1236,1,0,-16
1787464161.331,L',0,1,-,119.0,3135,3133,-2,2,1,1091,1090,-1,0,-1,674,673,-1,3,-8,3501,3501,0,2,-2,1249,2271,-2,1,0,1236,1235,-1,0,-17
1787464161.476,L,0,1,-,119.0,3135,3133,-2,2,1,1091,1090,-1,0,-1,674,674,0,3,-7,3501,3501,0,2,-2,2271,1251,4,0,0,1235,1236,1,0,-16
1787464161.601,L,0,1,-,119.0,3135,3133,-2,2,1,1091,1090,-1,0,-1,674,674,0,3,-7,3501,3501,0,2,-2,1250,209,-17,3,1,1235,1236,1,0,-16
1787464161.751,L',0,1,-,119.0,3135,3133,-2,2,1,1091,1090,-1,0,-1,674,673,-1,3,-8,3501,3501,0,2,-2,208,1250,18,0,-1,1235,1236,1,0,-16
1787464161.888,L',0,1,-,119.0,3135,3133,-2,2,1,1091,1091,0,0,0,674,673,-1,3,-8,3501,3501,0,2,-2,1249,2271,-2,1,0,1235,1236,1,0,-16
1787464162.026,L,0,1,-,119.0,3135,3133,-2,2,1,1091,1090,-1,0,-1,674,674,0,3,-7,3501,3501,0,2,-2,2271,1251,4,0,0,1235,1235,0,0,-17
1787464173.016,B,0,1,-,119.0,3135,3133,-2,2,1,1091,1090,-1,0,-1,674,674,0,3,-7,3501,3501,0,2,-2,1250,1250,0,0,-1,1236,214,2,3,-19
1787464173.150,B',0,1,-,119.0,3135,3133,-2,2,1,1091,1090,-1,0,-1,674,673,-1,3,-8,3501,3501,0,2,-2,1250,1250,0,0,-1,215,1231,-8,0,-21
1787464173.290,B,0,1,-,119.0,3135,3133,-2,2,1,1091,1090,-1,0,-1,674,673,-1,3,-8,3501,3501,0,2,-2,1249,1250,1,0,-1,1233,214,5,3,-19
1787464173.426,B',0,1,-,119.0,3135,3133,-2,2,1,1091,1091,0,0,0,674,673,-1,3,-8,3501,3501,0,2,-2,1249,1250,1,0,-1,215,1231,-8,0,-21
1787464173.566,B,0,1,-,119.0,3135,3133,-2,2,1,1091,1090,-1,0,-1,674,673,-1,3,-8,3501,3501,0,2,-2,1250,1250,0,0,-1,1233,214,5,3,-19
1787464173.704,B',0,1,-,119.0,3135,3133,-2,2,1,1091,1090,-1,0,-1,674,673,-1,3,-8,3501,3501,0,2,-2,1250,1250,0,0,-1,216,1231,-9,0,-21
1787464173.840,B,0,1,-,119.0,3135,3133,-2,2,1,1091,1090,-1,0,-1,674,674,0,3,-7,3501,3501,0,2,-2,1249,1250,1,0,-1,1233,214,5,3,-19
1787464173.979,B',0,1,-,119.0,3135,3133,-2,2,1,1091,1090,-1,0,-1,674,673,-1,3,-8,3501,3501,0,2,-2,1249,1250,1,0,-1,215,1231,-8,0,-21
1787464174.115,B,0,1,-,119.0,3135,3133,-2,2,1,1091,1090,-1,0,-1,674,674,0,3,-7,3501,3501,0,2,-2,1249,1250,1,0,-1,1233,214,5,3,-19
1787464174.253,B',0,1,-,119.0,3135,3133,-2,2,1,1091,1090,-1,0,-1,674,673,-1,3,-8,3501,3501,0,2,-2,1249,1250,1,0,-1,215,1232,-7,0,-20
1787464174.391,B,0,1,-,119.0,3135,3133,-2,2,1,1091,1090,-1,0,-1,674,674,0,3,-7,3501,3501,0,2,-2,1250,1250,0,0,-1,1233,214,5,3,-19
1787464174.528,B',0,1,-,119.0,3135,3133,-2,2,1,1091,1090,-1,0,-1,674,673,-1,3,-8,3501,3501,0,2,-2,1249,1250,1,0,-1,216,1231,-9,0,-21
1787464174.662,B,0,1,-,119.0,3135,3133,-2,2,1,1091,1090,-1,0,-1,674,673,-1,3,-8,3501,3501,0,2,-2,1249,1250,1,0,-1,1233,214,5,3,-19
1787464174.803,B',0,1,-,119.0,3135,3133,-2,2,1,1091,1090,-1,0,-1,674,673,-1,3,-8,3501,3501,0,2,-2,1250,1250,0,0,-1,216,1231,-9,0,-21
1787464174.937,B,0,1,-,119.0,3135,3133,-2,2,1,1091,1090,-1,0,-1,674,673,-1,3,-8,3501,3501,0,2,-2,1250,1250,0,0,-1,1233,214,5,3,-19
1787464175.067,B',0,1,-,119.0,3135,3133,-2,2,1,1091,1090,-1,0,-1,674,673,-1,3,-8,3501,3501,0,2,-2,1250,1250,0,0,-1,215,1231,-8,0,-21
1787464175.205,B,0,1,-,119.0,3135,3133,-2,2,1,1091,1091,0,0,0,674,673,-1,3,-8,3501,3501,0,2,-2,1249,1250,1,0,-1,1233,214,5,3,-19
1787464175.353,B',0,1,-,119.0,3136,3133,-3,2,1,1091,1091,0,0,0,674,674,0,3,-7,3501,3501,0,2,-2,1250,1250,0,0,-1,215,1231,-8,0,-21
1787464175.485,B,0,1,-,119.0,3135,3133,-2,2,1,1091,1090,-1,0,-1,674,673,-1,3,-8,3501,3501,0,2,-2,1249,1250,1,0,-1,1233,215,6,3,-18
1787464175.620,B',0,1,-,119.0,3135,3133,-2,2,1,1091,1090,-1,0,-1,674,673,-1,3,-8,3501,3501,0,2,-2,1250,1250,0,0,-1,216,1231,-9,0,-21
1787464175.765,B,0,1,-,119.0,3135,3133,-2,2,1,1091,1090,-1,0,-1,674,673,-1,3,-8,3501,3501,0,2,-2,1250,1250,0,0,-1,1233,214,5,3,-19
1787464175.904,B',0,1,-,119.0,3135,3133,-2,2,1,1091,1090,-1,0,-1,674,673,-1,3,-8,3501,3501,0,2,-2,1249,1250,1,0,-1,216,1231,-9,0,-21
1787464176.040,B,0,1,-,119.0,3135,3133,-2,2,1,1091,1090,-1,0,-1,674,673,-1,3,-8,3501,3501,0,2,-2,1249,1250,1,0,-1,1233,214,5,3,-19
1787464176.173,B',0,1,-,119.0,3135,3133,-2,2,1,1091,1090,-1,0,-1,674,673,-1,3,-8,3501,3501,0,2,-2,1250,1250,0,0,-1,215,1231,-8,0,-21
1787464176.315,B,0,1,-,119.0,3135,3133,-2,2,1,1091,1090,-1,0,-1,674,673,-1,3,-8,3501,3501,0,2,-2,1249,1250,1,0,-1,1233,214,5,3,-19
1787464176.453,B',0,1,-,119.0,3135,3133,-2,2,1,1091,1090,-1,0,-1,674,673,-1,3,-8,3501,3501,0,2,-2,1249,1250,1,0,-1,215,1231,-8,0,-21
1787464176.591,B,0,1,-,119.0,3135,3133,-2,2,1,1091,1091,0,0,0,674,673,-1,3,-8,3501,3501,0,2,-2,1250,1250,0,0,-1,1233,215,6,3,-18
1787464176.722,B',0,1,-,119.0,3135,3133,-2,2,1,1091,1091,0,0,0,674,673,-1,3,-8,3501,3501,0,2,-2,1250,1250,0,0,-1,215,1231,-8,0,-21
1787464176.852,B,0,1,-,119.0,3136,3133,-3,2,1,1091,1090,-1,0,-1,674,673,-1,3,-8,3501,3501,0,2,-2,1249,1250,1,0,-1,1233,214,5,3,-19
1787464177.002,B',0,1,-,119.0,3135,3133,-2,2,1,1091,1090,-1,0,-1,674,674,0,3,-7,3501,3501,0,2,-2,1250,1250,0,0,-1,215,1231,-8,0,-21
1787464177.135,B,0,1,-,119.0,3135,3133,-2,2,1,1091,1090,-1,0,-1,674,674,0,3,-7,3501,3501,0,2,-2,1249,1249,0,0,-2,1233,214,5,3,-19
1787464177.275,B',0,1,-,119.0,3135,3133,-2,2,1,1091,1090,-1,0,-1,674,673,-1,3,-8,3501,3501,0,2,-2,1249,1250,1,0,-1,215,1231,-8,0,-21
1787464177.405,B,0,1,-,119.0,3136,3133,-3,2,1,1091,1090,-1,0,-1,674,673,-1,3,-8,3501,3501,0,2,-2,1250,1250,0,0,-1,1233,214,5,3,-19
1787464177.551,B',0,1,-,119.0,3135,3133,-2,2,1,1091,1090,-1,0,-1,674,673,-1,3,-8,3501,3501,0,2,-2,1249,1249,0,0,-2,216,1231,-9,0,-21
1787464177.684,B,0,1,-,119.0,3135,3133,-2,2,1,1091,1091,0,0,0,674,673,-1,3,-8,3501,3501,0,2,-2,1249,1250,1,0,-1,1233,215,6,3,-18
1787464177.826,B',0,1,-,119.0,3135,3133,-2,2,1,1091,1090,-1,0,-1,674,673,-1,3,-8,3501,3501,0,2,-2,1250,1250,0,0,-1,215,1231,-8,0,-21
1787464177.966,B,0,1,-,119.0,3135,3133,-2,2,1,1091,1091,0,0,0,674,673,-1,3,-8,3501,3501,0,2,-2,1250,1250,0,0,-1,1233,215,6,3,-18
1787464178.102,B',0,1,-,119.0,3135,3133,-2,2,1,1091,1090,-1,0,-1,674,673,-1,3,-8,3501,3501,0,2,-2,1249,1250,1,0,-1,215,1231,-8,0,-21
1787464178.233,B,0,1,-,119.0,3135,3133,-2,2,1,1091,1090,-1,0,-1,674,673,-1,3,-8,3501,3501,0,2,-2,1250,1250,0,0,-1,1233,214,5,3,-19
1787464178.368,B',0,1,-,119.0,3135,3133,-2,2,1,1091,1090,-1,0,-1,674,673,-1,3,-8,3501,3501,0,2,-2,1249,1250,1,0,-1,216,1231,-9,0,-21
1787464178.516,B,0,1,-,119.0,3135,3133,-2,2,1,1091,1090,-1,0,-1,674,674,0,3,-7,3501,3501,0,2,-2,1249,1250,1,0,-1,1233,215,6,3,-18
1787464178.652,B',0,1,-,119.0,3135,3133,-2,2,1,1091,1090,-1,0,-1,674,674,0,3,-7,3501,3501,0,2,-2,1249,1250,1,0,-1,215,1231,-8,0,-21
1787464178.790,B,0,1,-,119.0,3135,3133,-2,2,1,1091,1091,0,0,0,674,673,-1,3,-8,3501,3501,0,2,-2,1249,1250,1,0,-1,1233,214,5,3,-19
1787464178.928,B',0,1,-,119.0,3135,3133,-2,2,1,1091,1090,-1,0,-1,674,673,-1,3,-8,3501,3501,0,2,-2,1249,1250,1,0,-1,215,1231,-8,0,-21
1787464179.056,B,0,1,-,119.0,3135,3133,-2,2,1,1091,1090,-1,0,-1,674,673,-1,3,-8,3501,3501,0,2,-2,1250,1250,0,0,-1,1233,215,6,3,-18
1787464179.202,B',0,1,-,119.0,3135,3133,-2,2,1,1091,1090,-1,0,-1,674,674,0,3,-7,3501,3501,0,2,-2,1249,1250,1,0,-1,216,1231,-9,0,-21
1787464179.336,B,0,1,-,119.0,3135,3133,-2,2,1,1091,1090,-1,0,-1,674,673,-1,3,-8,3501,3501,0,2,-2,1249,1250,1,0,-1,1233,215,6,3,-18
1787464179.469,B',0,1,-,119.0,3135,3133,-2,2,1,1091,1090,-1,0,-1,674,674,0,3,-7,3501,3501,0,2,-2,1249,1250,1,0,-1,216,1231,-9,0,-21
1787464179.616,B,0,1,-,119.0,3135,3133,-2,2,1,1091,1090,-1,0,-1,674,673,-1,3,-8,3501,3501,0,2,-2,1250,1250,0,0,-1,1233,214,5,3,-19
1787464179.750,B',0,1,-,119.0,3135,3133,-2,2,1,1091,1090,-1,0,-1,674,673,-1,3,-8,3501,3501,0,2,-2,1250,1250,0,0,-1,215,1231,-8,0,-21
1787464179.884,B,0,1,-,119.0,3135,3133,-2,2,1,1091,1090,-1,0,-1,674,673,-1,3,-8,3501,3501,0,2,-2,1250,1250,0,0,-1,1233,215,6,3,-18
1787464180.027,B',0,1,-,119.0,3135,3133,-2,2,1,1091,1090,-1,0,-1,674,673,-1,3,-8,3501,3501,0,2,-2,1250,1250,0,0,-1,215,1231,-8,0,-21
1787464180.160,B,0,1,-,119.0,3135,3133,-2,2,1,1091,1090,-1,0,-1,674,673,-1,3,-8,3501,3501,0,2,-2,1250,1250,0,0,-1,1233,214,5,3,-19
1787464180.300,B',0,1,-,119.0,3135,3133,-2,2,1,1091,1090,-1,0,-1,674,673,-1,3,-8,3501,3501,0,2,-2,1250,1250,0,0,-1,215,1231,-8,0,-21
1787464180.440,B,0,1,-,119.0,3135,3133,-2,2,1,1091,1090,-1,0,-1,674,673,-1,3,-8,3501,3501,0,2,-2,1250,1250,0,0,-1,1233,214,5,3,-19
1787464180.571,B',0,1,-,119.0,3135,3133,-2,2,1,1091,1090,-1,0,-1,674,673,-1,3,-8,3501,3501,0,2,-2,1249,1250,1,0,-1,215,1231,-8,0,-21
1787464180.715,B,0,1,-,119.0,3135,3133,-2,2,1,1091,1090,-1,0,-1,674,673,-1,3,-8,3501,3501,0,2,-2,1249,1250,1,0,-1,1233,215,6,3,-18
1787464180.852,B',0,1,-,119.0,3135,3133,-2,2,1,1091,1090,-1,0,-1,674,674,0,3,-7,3501,3501,0,2,-2,1250,1250,0,0,-1,215,1231,-8,0,-21
1787464180.990,B,0,1,-,119.0,3136,3134,-2,2,2,1091,1091,0,0,0,674,673,-1,3,-8,3501,3501,0,2,-2,1249,1250,1,0,-1,1233,215,6,3,-18
1787464181.127,B',0,1,-,119.0,3135,3133,-2,2,1,1091,1090,-1,0,-1,674,673,-1,3,-8,3501,3501,0,2,-2,1250,1250,0,0,-1,215,1231,-8,0,-21
1787464181.265,B,0,1,-,119.0,3135,3133,-2,2,1,1091,1090,-1,0,-1,674,673,-1,3,-8,3501,3501,0,2,-2,1249,1250,1,0,-1,1233,214,5,3,-19
1787464181.403,B',0,1,-,119.0,3135,3133,-2,2,1,1091,1090,-1,0,-1,674,673,-1,3,-8,3501,3501,0,2,-2,1250,1250,0,0,-1,216,1231,-9,0,-21
1787464181.540,B,0,1,-,119.0,3135,3133,-2,2,1,1091,1090,-1,0,-1,674,673,-1,3,-8,3501,3501,0,2,-2,1250,1250,0,0,-1,1233,215,6,3,-18
1787464181.669,B',0,1,-,119.0,3135,3133,-2,2,1,1091,1090,-1,0,-1,674,673,-1,3,-8,3501,3501,0,2,-2,1250,1250,0,0,-1,215,1231,-8,0,-21
1787464181.803,B,0,1,-,119.0,3135,3132,-3,2,0,1091,1090,-1,0,-1,674,673,-1,3,-8,3501,3501,0,2,-2,1250,1250,0,0,-1,1233,214,5,3,-19
1787464181.952,B',0,1,-,119.0,3135,3133,-2,2,1,1091,1090,-1,0,-1,674,674,0,3,-7,3501,3501,0,2,-2,1249,1250,1,0,-1,215,1231,-8,0,-21
1787464182.090,B,0,1,-,119.0,3135,3133,-2,2,1,1091,1090,-1,0,-1,674,673,-1,3,-8,3501,3501,0,2,-2,1250,1250,0,0,-1,1233,214,5,3,-19
1787464182.220,B',0,1,-,119.0,3135,3133,-2,2,1,1091,1090,-1,0,-1,674,673,-1,3,-8,3501,3501,0,2,-2,1249,1250,1,0,-1,215,1231,-8,0,-21
1787464182.350,B,0,1,-,119.0,3135,3133,-2,2,1,1091,1090,-1,0,-1,674,673,-1,3,-8,3501,3501,0,2,-2,1249,1250,1,0,-1,1233,214,5,3,-19
1787464182.501,B',0,1,-,119.0,3135,3133,-2,2,1,1091,1090,-1,0,-1,674,673,-1,3,-8,3501,3501,0,2,-2,1249,1249,0,0,-2,216,1231,-9,0,-21
1787464182.632,B,0,1,-,119.0,3135,3133,-2,2,1,1091,1090,-1,0,-1,674,673,-1,3,-8,3501,3501,0,2,-2,1249,1250,1,0,-1,1233,215,6,3,-18
1787464182.767,B',0,1,-,119.0,3135,3133,-2,2,1,1091,1091,0,0,0,674,674,0,3,-7,3501,3501,0,2,-2,1249,1250,1,0,-1,215,1231,-8,0,-21
1787464182.911,B,0,1,-,119.0,3135,3133,-2,2,1,1091,1090,-1,0,-1,674,673,-1,3,-8,3501,3501,0,2,-2,1249,1250,1,0,-1,1233,214,5,3,-19
1787464183.051,B',0,1,-,119.0,3135,3133,-2,2,1,1091,1090,-1,0,-1,674,673,-1,3,-8,3501,3501,0,2,-2,1249,1250,1,0,-1,215,1232,-7,0,-20
1787464183.190,B,0,1,-,119.0,3135,3133,-2,2,1,1091,1090,-1,0,-1,674,674,0,3,-7,3501,3501,0,2,-2,1250,1250,0,0,-1,1233,215,6,3,-18
1787464183.318,B',0,1,-,119.0,3136,3133,-3,2,1,1091,1091,0,0,0,674,673,-1,3,-8,3501,3501,0,2,-2,1249,1250,1,0,-1,215,1231,-8,0,-21
1787464183.452,B,0,1,-,119.0,3135,3133,-2,2,1,1091,1090,-1,0,-1,674,673,-1,3,-8,3501,3501,0,2,-2,1250,1250,0,0,-1,1233,214,5,3,-19
1787464183.602,B',0,1,-,119.0,3136,3133,-3,2,1,1091,1091,0,0,0,674,673,-1,3,-8,3501,3501,0,2,-2,1249,1250,1,0,-1,215,1232,-7,0,-20
1787464183.737,B,0,1,-,119.0,3135,3133,-2,2,1,1091,1090,-1,0,-1,674,673,-1,3,-8,3501,3501,0,2,-2,1249,1250,1,0,-1,1233,215,6,3,-18
1787464183.877,B',0,1,-,119.0,3135,3133,-2,2,1,1091,1090,-1,0,-1,674,674,0,3,-7,3501,3501,0,2,-2,1250,1250,0,0,-1,216,1231,-9,0,-21
1787464184.014,B,0,1,-,119.0,3135,3133,-2,2,1,1091,1090,-1,0,-1,674,673,-1,3,-8,3501,3501,0,2,-2,1249,1250,1,0,-1,1233,215,6,3,-18
1787464184.152,B',0,1,-,119.0,3135,3133,-2,2,1,1091,1090,-1,0,-1,674,673,-1,3,-8,3501,3501,0,2,-2,1249,1249,0,0,-2,216,1231,-9,0,-21
1787464184.289,B,0,1,-,119.0,3135,3133,-2,2,1,1091,1090,-1,0,-1,674,673,-1,3,-8,3501,3501,0,2,-2,1249,1250,1,0,-1,1233,215,6,3,-18
1787464184.423,B',0,1,-,119.0,3135,3133,-2,2,1,1091,1090,-1,0,-1,674,674,0,3,-7,3501,3501,0,2,-2,1250,1250,0,0,-1,216,1231,-9,0,-21
1787464184.555,B,0,1,-,119.0,3135,3133,-2,2,1,1091,1090,-1,0,-1,674,673,-1,3,-8,3501,3501,0,2,-2,1249,1250,1,0,-1,1233,214,5,3,-19
1787464184.701,B',0,1,-,119.0,3135,3133,-2,2,1,1091,1090,-1,0,-1,674,674,0,3,-7,3501,3501,0,2,-2,1249,1250,1,0,-1,215,1231,-8,0,-21
1787464184.833,B,0,1,-,119.0,3135,3133,-2,2,1,1091,1090,-1,0,-1,674,673,-1,3,-8,3501,3501,0,2,-2,1249,1250,1,0,-1,1233,214,5,3,-19
1787464184.968,B',0,1,-,119.0,3135,3133,-2,2,1,1091,1090,-1,0,-1,674,673,-1,3,-8,3501,3501,0,2,-2,1249,1250,1,0,-1,215,1231,-8,0,-21
1787464185.113,B,0,1,-,119.0,3135,3133,-2,2,1,1091,1090,-1,0,-1,674,673,-1,3,-8,3501,3501,0,2,-2,1250,1250,0,0,-1,1233,214,5,3,-19
1787464185.249,B',0,1,-,119.0,3135,3133,-2,2,1,1091,1090,-1,0,-1,674,673,-1,3,-8,3501,3501,0,2,-2,1250,1250,0,0,-1,216,1231,-9,0,-21
1787464185.383,B,0,1,-,119.0,3135,3133,-2,2,1,1091,1090,-1,0,-1,674,674,0,3,-7,3501,3501,0,2,-2,1250,1250,0,0,-1,1233,214,5,3,-19
1787464185.518,B',0,1,-,119.0,3135,3133,-2,2,1,1091,1090,-1,0,-1,674,673,-1,3,-8,3501,3501,0,2,-2,1249,1250,1,0,-1,216,1231,-9,0,-21
1787464185.654,B,0,1,-,119.0,3135,3133,-2,2,1,1091,1090,-1,0,-1,674,673,-1,3,-8,3501,3501,0,2,-2,1249,1250,1,0,-1,1233,214,5,3,-19
1787464185.802,B',0,1,-,119.0,3135,3133,-2,2,1,1091,1090,-1,0,-1,674,673,-1,3,-8,3501,3501,0,2,-2,1249,1250,1,0,-1,215,1231,-8,0,-21
1787464185.940,B,0,1,-,119.0,3135,3133,-2,2,1,1091,1090,-1,0,-1,674,673,-1,3,-8,3501,3501,0,2,-2,1249,1250,1,0,-1,1233,214,5,3,-19
1787464186.077,B',0,1,-,119.0,3135,3133,-2,2,1,1091,1090,-1,0,-1,674,673,-1,3,-8,3501,3501,0,2,-2,1249,1250,1,0,-1,216,1231,-9,0,-21
1787464186.214,B,0,1,-,119.0,3135,3133,-2,2,1,1091,1090,-1,0,-1,674,673,-1,3,-8,3501,3501,0,2,-2,1249,1250,1,0,-1,1233,215,6,3,-18
1787464186.352,B',0,1,-,119.0,3135,3133,-2,2,1,1091,1090,-1,0,-1,674,673,-1,3,-8,3501,3501,0,2,-2,1250,1250,0,0,-1,216,1231,-9,0,-21
1787464186.485,B,0,1,-,119.0,3135,3133,-2,2,1,1091,1090,-1,0,-1,674,674,0,3,-7,3501,3501,0,2,-2,1249,1249,0,0,-2,1233,214,5,3,-19
1787464186.626,B',0,1,-,119.0,3135,3133,-2,2,1,1091,1090,-1,0,-1,674,673,-1,3,-8,3501,3501,0,2,-2,1249,1250,1,0,-1,216,1231,-9,0,-21
1787464186.755,B,0,1,-,119.0,3135,3133,-2,2,1,1091,1090,-1,0,-1,674,673,-1,3,-8,3501,3501,0,2,-2,1249,1250,1,0,-1,1233,215,6,3,-18
1787464186.901,B',0,1,-,119.0,3135,3133,-2,2,1,1091,1090,-1,0,-1,674,674,0,3,-7,3501,3501,0,2,-2,1249,1250,1,0,-1,216,1231,-9,0,-21
1787464187.035,B,0,1,-,119.0,3135,3133,-2,2,1,1091,1090,-1,0,-1,674,673,-1,3,-8,3501,3501,0,2,-2,1250,1250,0,0,-1,1233,214,5,3,-19
1787464187.167,B',0,1,-,119.0,3135,3133,-2,2,1,1091,1090,-1,0,-1,674,673,-1,3,-8,3501,3501,0,2,-2,1250,1250,0,0,-1,215,1231,-8,0,-21
1787464187.314,B,0,1,-,119.0,3135,3133,-2,2,1,1091,1090,-1,0,-1,674,673,-1,3,-8,3501,3501,0,2,-2,1250,1250,0,0,-1,1233,214,5,3,-19
1787464187.450,B',0,1,-,119.0,3135,3133,-2,2,1,1091,1090,-1,0,-1,674,673,-1,3,-8,3501,3501,0,2,-2,1250,1250,0,0,-1,216,1231,-9,0,-21
1787464187.582,B,0,1,-,119.0,3135,3133,-2,2,1,1091,1090,-1,0,-1,674,673,-1,3,-8,3501,3501,0,2,-2,1250,1250,0,0,-1,1233,214,5,3,-19
1787464187.726,B',0,1,-,119.0,3135,3133,-2,2,1,1091,1090,-1,0,-1,674,673,-1,3,-8,3501,3501,0,2,-2,1249,1250,1,0,-1,215,1231,-8,0,-21
1787464187.865,B,0,1,-,119.0,3135,3133,-2,2,1,1091,1090,-1,0,-1,674,673,-1,3,-8,3501,3501,0,2,-2,1249,1250,1,0,-1,1233,214,5,3,-19
1787464188.002,B',0,1,-,119.0,3135,3133,-2,2,1,1091,1090,-1,0,-1,674,673,-1,3,-8,3501,3501,0,2,-2,1250,1250,0,0,-1,216,1231,-9,0,-21
1787464188.140,B,0,1,-,119.0,3135,3133,-2,2,1,1091,1090,-1,0,-1,674,673,-1,3,-8,3501,3501,0,2,-2,1249,1250,1,0,-1,1233,214,5,3,-19
1787464188.277,B',0,1,-,119.0,3135,3133,-2,2,1,1091,1091,0,0,0,674,673,-1,3,-8,3501,3501,0,2,-2,1250,1250,0,0,-1,216,1231,-9,0,-21
1787464188.414,B,0,1,-,119.0,3135,3133,-2,2,1,1091,1090,-1,0,-1,674,673,-1,3,-8,3501,3501,0,2,-2,1250,1250,0,0,-1,1233,214,5,3,-19
1787464188.553,B',0,1,-,119.0,3135,3133,-2,2,1,1091,1090,-1,0,-1,674,673,-1,3,-8,3501,3501,0,2,-2,1249,1250,1,0,-1,216,1231,-9,0,-21
1787464188.691,B,0,1,-,119.0,3135,3133,-2,2,1,1091,1091,0,0,0,674,673,-1,3,-8,3501,3501,0,2,-2,1250,1250,0,0,-1,1233,215,6,3,-18
1787464188.818,B',0,1,-,119.0,3135,3133,-2,2,1,1091,1090,-1,0,-1,674,673,-1,3,-8,3501,3501,0,2,-2,1249,1250,1,0,-1,215,1231,-8,0,-21
1787464188.960,B,0,1,-,119.0,3135,3133,-2,2,1,1091,1090,-1,0,-1,674,673,-1,3,-8,3501,3501,0,2,-2,1250,1250,0,0,-1,1233,214,5,3,-19
1787464189.101,B',0,1,-,119.0,3135,3133,-2,2,1,1091,1091,0,0,0,674,673,-1,3,-8,3501,3501,0,2,-2,1249,1250,1,0,-1,216,1231,-9,0,-21
1787464189.237,B,0,1,-,119.0,3135,3133,-2,2,1,1091,1090,-1,0,-1,674,673,-1,3,-8,3501,3501,0,2,-2,1249,1250,1,0,-1,1233,214,5,3,-19
1787464189.376,B',0,1,-,119.0,3135,3133,-2,2,1,1091,1090,-1,0,-1,674,673,-1,3,-8,3501,3501,0,2,-2,1249,1250,1,0,-1,215,1231,-8,0,-21
1787464189.514,B,0,1,-,119.0,3135,3133,-2,2,1,1091,1090,-1,0,-1,674,673,-1,3,-8,3501,3501,0,2,-2,1250,1250,0,0,-1,1233,214,5,3,-19
1787464189.652,B',0,1,-,119.0,3136,3133,-3,2,1,1091,1091,0,0,0,674,673,-1,3,-8,3501,3501,0,2,-2,1250,1250,0,0,-1,215,1231,-8,0,-21
1787464189.789,B,0,1,-,119.0,3135,3133,-2,2,1,1091,1090,-1,0,-1,674,673,-1,3,-8,3501,3501,0,2,-2,1250,1250,0,0,-1,1233,214,5,3,-19
1787464189.919,B',0,1,-,119.0,3135,3133,-2,2,1,1091,1090,-1,0,-1,674,673,-1,3,-8,3501,3501,0,2,-2,1250,1250,0,0,-1,215,1231,-8,0,-21
1787464190.065,B,0,1,-,119.0,3135,3133,-2,2,1,1091,1091,0,0,0,674,674,0,3,-7,3501,3501,0,2,-2,1250,1250,0,0,-1,1233,215,6,3,-18
1787464190.201,B',0,1,-,119.0,3136,3133,-3,2,1,1091,1090,-1,0,-1,674,673,-1,3,-8,3501,3501,0,2,-2,1250,1250,0,0,-1,216,1231,-9,0,-21
1787464190.339,B,0,1,-,119.0,3135,3133,-2,2,1,1091,1091,0,0,0,674,674,0,3,-7,3501,3501,0,2,-2,1250,1250,0,0,-1,1233,214,5,3,-19
1787464190.469,B',0,1,-,119.0,3135,3133,-2,2,1,1091,1090,-1,0,-1,674,674,0,3,-7,3501,3501,0,2,-2,1249,1250,1,0,-1,215,1231,-8,0,-21
1787464190.615,B,0,1,-,119.0,3135,3133,-2,2,1,1091,1090,-1,0,-1,674,673,-1,3,-8,3501,3501,0,2,-2,1249,1250,1,0,-1,1233,215,6,3,-18
1787464190.751,B',0,1,-,119.0,3135,3133,-2,2,1,1091,1090,-1,0,-1,674,673,-1,3,-8,3501,3501,0,2,-2,1249,1250,1,0,-1,215,1232,-7,0,-20
1787464190.889,B,0,1,-,119.0,3135,3133,-2,2,1,1091,1090,-1,0,-1,674,673,-1,3,-8,3501,3501,0,2,-2,1250,1250,0,0,-1,1233,215,6,3,-18
1787464191.027,B',0,1,-,119.0,3135,3133,-2,2,1,1091,1090,-1,0,-1,674,674,0,3,-7,3501,3501,0,2,-2,1250,1250,0,0,-1,216,1231,-9,0,-21
1787464191.163,B,0,1,-,119.0,3135,3133,-2,2,1,1091,1090,-1,0,-1,674,673,-1,3,-8,3501,3501,0,2,-2,1250,1250,0,0,-1,1233,215,6,3,-18
1787464191.302,B',0,1,-,119.0,3135,3133,-2,2,1,1091,1090,-1,0,-1,674,673,-1,3,-8,3501,3501,0,2,-2,1250,1250,0,0,-1,215,1231,-8,0,-21
1787464191.435,B,0,1,-,119.0,3135,3133,-2,2,1,1091,1090,-1,0,-1,674,673,-1,3,-8,3501,3501,0,2,-2,1249,1250,1,0,-1,1233,214,5,3,-19
1787464191.577,B',0,1,-,119.0,3135,3133,-2,2,1,1091,1090,-1,0,-1,674,674,0,3,-7,3501,3501,0,2,-2,1250,1250,0,0,-1,215,1231,-8,0,-21
1787464191.715,B,0,1,-,119.0,3135,3133,-2,2,1,1091,1090,-1,0,-1,674,674,0,3,-7,3501,3501,0,2,-2,1249,1250,1,0,-1,1233,215,6,3,-18
1787464191.850,B',0,1,-,119.0,3135,3133,-2,2,1,1091,1090,-1,0,-1,674,673,-1,3,-8,3501,3501,0,2,-2,1249,1250,1,0,-1,215,1232,-7,0,-20
1787464191.987,B,0,1,-,119.0,3135,3134,-1,2,2,1091,1090,-1,0,-1,674,674,0,3,-7,3501,3501,0,2,-2,1250,1250,0,0,-1,1233,215,6,3,-18
1787464192.117,B',0,1,-,119.0,3136,3133,-3,2,1,1091,1090,-1,0,-1,674,673,-1,3,-8,3501,3501,0,2,-2,1249,1250,1,0,-1,215,1231,-8,0,-21
1787464192.250,B,0,1,-,119.0,3135,3133,-2,2,1,1091,1090,-1,0,-1,674,674,0,3,-7,3501,3501,0,2,-2,1250,1250,0,0,-1,1233,214,5,3,-19
1787464192.404,B',0,1,-,119.0,3135,3133,-2,2,1,1091,1090,-1,0,-1,674,673,-1,3,-8,3501,3501,0,2,-2,1250,1250,0,0,-1,215,1231,-8,0,-21
1787464192.533,B,0,1,-,119.0,3135,3133,-2,2,1,1091,1090,-1,0,-1,674,673,-1,3,-8,3501,3501,0,2,-2,1250,1250,0,0,-1,1233,214,5,3,-19
1787464192.677,B',0,1,-,119.0,3135,3133,-2,2,1,1091,1091,0,0,0,674,673,-1,3,-8,3501,3501,0,2,-2,1249,1250,1,0,-1,215,1231,-8,0,-21
1787464192.814,B,0,1,-,119.0,3135,3133,-2,2,1,1091,1090,-1,0,-1,674,673,-1,3,-8,3501,3501,0,2,-2,1250,1250,0,0,-1,1233,214,5,3,-19
1787464192.952,B',0,1,-,119.0,3135,3133,-2,2,1,1091,1090,-1,0,-1,674,674,0,3,-7,3501,3501,0,2,-2,1249,1250,1,0,-1,215,1231,-8,0,-21
1787464193.089,B,0,1,-,119.0,3135,3133,-2,2,1,1091,1090,-1,0,-1,674,674,0,3,-7,3501,3501,0,2,-2,1249,1250,1,0,-1,1233,214,5,3,-19
1787464193.226,B',0,1,-,119.0,3136,3133,-3,2,1,1091,1091,0,0,0,674,673,-1,3,-8,3501,3501,0,2,-2,1250,1250,0,0,-1,215,1231,-8,0,-21
1787464193.364,B,0,1,-,119.0,3135,3133,-2,2,1,1091,1091,0,0,0,674,673,-1,3,-8,3501,3501,0,2,-2,1249,1250,1,0,-1,1233,214,5,3,-19
1787464193.502,B',0,1,-,119.0,3135,3133,-2,2,1,1091,1090,-1,0,-1,674,674,0,3,-7,3501,3501,0,2,-2,1250,1249,-1,0,-2,215,1231,-8,0,-21
1787464193.635,B,0,1,-,119.0,3135,3133,-2,2,1,1091,1091,0,0,0,674,673,-1,3,-8,3501,3501,0,2,-2,1249,1250,1,0,-1,1233,215,6,3,-18
1787464193.776,B',0,1,-,119.0,3135,3133,-2,2,1,1091,1090,-1,0,-1,674,673,-1,3,-8,3501,3501,0,2,-2,1250,1250,0,0,-1,215,1231,-8,0,-21
1787464193.912,B,0,1,-,119.0,3135,3133,-2,2,1,1091,1090,-1,0,-1,674,673,-1,3,-8,3501,3501,0,2,-2,1249,1250,1,0,-1,1233,215,6,3,-18
1787464194.052,B',0,1,-,119.0,3135,3133,-2,2,1,1091,1090,-1,0,-1,674,674,0,3,-7,3501,3501,0,2,-2,1249,1250,1,0,-1,216,1231,-9,0,-21
1787464194.183,B,0,1,-,119.0,3135,3133,-2,2,1,1091,1090,-1,0,-1,674,673,-1,3,-8,3501,3501,0,2,-2,1249,1250,1,0,-1,1233,214,5,3,-19
1787464194.324,B',0,1,-,119.0,3135,3133,-2,2,1,1091,1090,-1,0,-1,674,673,-1,3,-8,3501,3501,0,2,-2,1249,1250,1,0,-1,216,1231,-9,0,-21
1787464194.460,B,0,1,-,119.0,3135,3133,-2,2,1,1091,1090,-1,0,-1,674,673,-1,3,-8,3501,3501,0,2,-2,1249,1250,1,0,-1,1233,215,6,3,-18
1787464194.599,B',0,1,-,119.0,3135,3133,-2,2,1,1091,1090,-1,0,-1,674,673,-1,3,-8,3501,3501,0,2,-2,1249,1250,1,0,-1,216,1231,-9,0,-21
1787464194.741,B,0,1,-,119.0,3135,3133,-2,2,1,1091,1090,-1,0,-1,674,673,-1,3,-8,3501,3501,0,2,-2,1249,1250,1,0,-1,1233,214,5,3,-19
1787464194.870,B',0,1,-,119.0,3135,3133,-2,2,1,1091,1090,-1,0,-1,674,673,-1,3,-8,3501,3501,0,2,-2,1250,1250,0,0,-1,215,1231,-8,0,-21
1787464195.014,B,0,1,-,119.0,3136,3133,-3,2,1,1091,1090,-1,0,-1,674,673,-1,3,-8,3501,3501,0,2,-2,1250,1250,0,0,-1,1233,214,5,3,-19
1787464195.151,B',0,1,-,119.0,3135,3133,-2,2,1,1091,1090,-1,0,-1,674,673,-1,3,-8,3501,3501,0,2,-2,1249,1250,1,0,-1,216,1231,-9,0,-21
1787464195.289,B,0,1,-,119.0,3135,3133,-2,2,1,1091,1090,-1,0,-1,674,673,-1,3,-8,3501,3501,0,2,-2,1249,1250,1,0,-1,1233,214,5,3,-19
1787464195.426,B',0,1,-,119.0,3135,3133,-2,2,1,1091,1090,-1,0,-1,674,673,-1,3,-8,3501,3501,0,2,-2,1249,1250,1,0,-1,216,1231,-9,0,-21
1787464195.564,B,0,1,-,119.0,3135,3133,-2,2,1,1091,1091,0,0,0,674,673,-1,3,-8,3501,3501,0,2,-2,1249,1250,1,0,-1,1233,214,5,3,-19
1787464195.702,B',0,1,-,119.0,3135,3133,-2,2,1,1091,1090,-1,0,-1,674,673,-1,3,-8,3501,3501,0,2,-2,1249,1250,1,0,-1,216,1231,-9,0,-21
1787464195.839,B,0,1,-,119.0,3135,3133,-2,2,1,1091,1090,-1,0,-1,674,673,-1,3,-8,3501,3501,0,2,-2,1249,1250,1,0,-1,1233,215,6,3,-18
1787464195.974,B',0,1,-,119.0,3135,3133,-2,2,1,1091,1090,-1,0,-1,674,673,-1,3,-8,3501,3501,0,2,-2,1250,1250,0,0,-1,215,1231,-8,0,-21
1787464196.105,B,0,1,-,119.0,3135,3133,-2,2,1,1091,1090,-1,0,-1,674,673,-1,3,-8,3501,3501,0,2,-2,1250,1250,0,0,-1,1233,214,5,3,-19
1787464196.252,B',0,1,-,119.0,3135,3133,-2,2,1,1091,1090,-1,0,-1,674,673,-1,3,-8,3501,3501,0,2,-2,1249,1250,1,0,-1,215,1231,-8,0,-21
1787464196.385,B,0,1,-,119.0,3135,3133,-2,2,1,1091,1090,-1,0,-1,674,674,0,3,-7,3501,3501,0,2,-2,1249,1250,1,0,-1,1233,215,6,3,-18
1787464196.527,B',0,1,-,119.0,3135,3133,-2,2,1,1091,1091,0,0,0,674,673,-1,3,-8,3501,3501,0,2,-2,1249,1250,1,0,-1,215,1231,-8,0,-21
1787464196.661,B,0,1,-,119.0,3135,3133,-2,2,1,1091,1090,-1,0,-1,674,673,-1,3,-8,3501,3501,0,2,-2,1250,1250,0,0,-1,1233,215,6,3,-18
1787464196.801,B',0,1,-,119.0,3135,3133,-2,2,1,1091,1090,-1,0,-1,674,673,-1,3,-8,3501,3501,0,2,-2,1250,1250,0,0,-1,216,1231,-9,0,-21
1787464196.938,B,0,1,-,119.0,3135,3133,-2,2,1,1091,1090,-1,0,-1,674,673,-1,3,-8,3501,3501,0,2,-2,1249,1250,1,0,-1,1233,215,6,3,-18
1787464197.075,B',0,1,-,119.0,3135,3133,-2,2,1,1091,1090,-1,0,-1,674,673,-1,3,-8,3501,3501,0,2,-2,1250,1250,0,0,-1,215,1231,-8,0,-21
1787464197.200,B,0,1,-,119.0,3135,3133,-2,2,1,1091,1090,-1,0,-1,674,673,-1,3,-8,3501,3501,0,2,-2,1249,1250,1,0,-1,1233,214,5,3,-19
1787464197.351,B',0,1,-,119.0,3135,3133,-2,2,1,1091,1090,-1,0,-1,674,673,-1,3,-8,3501,3501,0,2,-2,1250,1250,0,0,-1,216,1231,-9,0,-21
1787464197.487,B,0,1,-,119.0,3135,3133,-2,2,1,1091,1090,-1,0,-1,674,673,-1,3,-8,3501,3501,0,2,-2,1249,1250,1,0,-1,1233,214,5,3,-19
1787464197.620,B',0,1,-,119.0,3135,3133,-2,2,1,1091,1090,-1,0,-1,674,673,-1,3,-8,3501,3501,0,2,-2,1250,1250,0,0,-1,215,1231,-8,0,-21
1787464197.763,B,0,1,-,119.0,3135,3133,-2,2,1,1091,1091,0,0,0,674,673,-1,3,-8,3501,3501,0,2,-2,1249,1250,1,0,-1,1233,215,6,3,-18
1787464197.902,B',0,1,-,119.0,3136,3133,-3,2,1,1091,1090,-1,0,-1,674,674,0,3,-7,3501,3501,0,2,-2,1249,1250,1,0,-1,215,1232,-7,0,-20
1787464198.039,B,0,1,-,119.0,3135,3133,-2,2,1,1091,1090,-1,0,-1,674,673,-1,3,-8,3501,3501,0,2,-2,1250,1250,0,0,-1,1233,214,5,3,-19
1787464198.175,B',0,1,-,119.0,3135,3133,-2,2,1,1091,1090,-1,0,-1,674,674,0,3,-7,3501,3501,0,2,-2,1250,1250,0,0,-1,216,1231,-9,0,-21
1787464198.314,B,0,1,-,119.0,3135,3132,-3,2,0,1091,1090,-1,0,-1,674,673,-1,3,-8,3501,3501,0,2,-2,1249,1250,1,0,-1,1233,215,6,3,-18
1787464198.451,B',0,1,-,119.0,3135,3133,-2,2,1,1091,1090,-1,0,-1,674,673,-1,3,-8,3501,3501,0,2,-2,1249,1250,1,0,-1,215,1232,-7,0,-20
1787464198.589,B,0,1,-,119.0,3135,3133,-2,2,1,1091,1090,-1,0,-1,674,673,-1,3,-8,3501,3501,0,2,-2,1249,1250,1,0,-1,1233,214,5,3,-19
1787464198.717,B',0,1,-,119.0,3135,3133,-2,2,1,1091,1090,-1,0,-1,674,673,-1,3,-8,3501,3501,0,2,-2,1250,1250,0,0,-1,216,1231,-9,0,-21
1787464198.859,B,0,1,-,119.0,3135,3133,-2,2,1,1091,1090,-1,0,-1,674,674,0,3,-7,3501,3501,0,2,-2,1249,1250,1,0,-1,1233,214,5,3,-19
1787464199.002,B',0,1,-,119.0,3135,3133,-2,2,1,1091,1090,-1,0,-1,674,673,-1,3,-8,3501,3501,0,2,-2,1250,1250,0,0,-1,216,1231,-9,0,-21
1787464199.138,B,0,1,-,119.0,3135,3133,-2,2,1,1091,1090,-1,0,-1,674,673,-1,3,-8,3501,3501,0,2,-2,1250,1250,0,0,-1,1233,215,6,3,-18
1787464199.276,B',0,1,-,119.0,3135,3133,-2,2,1,1091,1090,-1,0,-1,674,673,-1,3,-8,3501,3501,0,2,-2,1249,1250,1,0,-1,216,1231,-9,0,-21
1787464199.414,B,0,1,-,119.0,3135,3133,-2,2,1,1091,1091,0,0,0,674,673,-1,3,-8,3501,3501,0,2,-2,1250,1250,0,0,-1,1233,214,5,3,-19
1787464199.552,B',0,1,-,119.0,3135,3133,-2,2,1,1091,1090,-1,0,-1,674,673,-1,3,-8,3501,3501,0,2,-2,1249,1250,1,0,-1,215,1231,-8,0,-21
1787464199.689,B,0,1,-,119.0,3135,3133,-2,2,1,1091,1091,0,0,0,674,673,-1,3,-8,3501,3501,0,2,-2,1249,1250,1,0,-1,1233,214,5,3,-19
1787464199.818,B',0,1,-,119.0,3135,3133,-2,2,1,1091,1090,-1,0,-1,674,673,-1,3,-8,3501,3501,0,2,-2,1250,1250,0,0,-1,215,1231,-8,0,-21
1787464199.964,B,0,1,-,119.0,3135,3133,-2,2,1,1091,1090,-1,0,-1,674,673,-1,3,-8,3501,3501,0,2,-2,1250,1250,0,0,-1,1233,215,6,3,-18
1787464200.103,B',0,1,-,119.0,3135,3133,-2,2,1,1091,1090,-1,0,-1,674,673,-1,3,-8,3501,3501,0,2,-2,1249,1250,1,0,-1,216,1231,-9,0,-21
1787464200.240,B,0,1,-,119.0,3135,3133,-2,2,1,1091,1090,-1,0,-1,674,673,-1,3,-8,3501,3501,0,2,-2,1249,1250,1,0,-1,1233,215,6,3,-18
1787464200.376,B',0,1,-,119.0,3135,3133,-2,2,1,1091,1090,-1,0,-1,674,673,-1,3,-8,3501,3501,0,2,-2,1250,1250,0,0,-1,215,1231,-8,0,-21
1787464200.535,B,0,1,-,119.0,3135,3133,-2,2,1,1091,1090,-1,0,-1,674,673,-1,3,-8,3501,3501,0,2,-2,1249,1250,1,0,-1,1232,214,6,3,-19
1787464200.669,B,0,1,-,119.0,3135,3133,-2,2,1,1091,1090,-1,0,-1,674,673,-1,3,-8,3501,3501,0,2,-2,1249,1250,1,0,-1,216,3285,-3,2,-17
1787464200.800,B,0,1,-,119.0,3135,3133,-2,2,1,1091,1090,-1,0,-1,674,673,-1,3,-8,3501,3501,0,2,-2,1249,1250,1,0,-1,3285,2260,-1,1,-18
1787464200.946,B,0,1,-,119.0,3135,3133,-2,2,1,1091,1090,-1,0,-1,674,673,-1,3,-8,3501,3501,0,2,-2,1249,1250,1,0,-1,2260,1233,-3,0,-19
1787464201.086,B,0,1,-,119.0,3135,3133,-2,2,1,1091,1090,-1,0,-1,674,673,-1,3,-8,3501,3501,0,2,-2,1249,1250,1,0,-1,1234,215,5,3,-18
1787464201.224,B,0,1,-,119.0,3135,3133,-2,2,1,1091,1090,-1,0,-1,674,673,-1,3,-8,3501,3501,0,2,-2,1250,1250,0,0,-1,216,3284,-4,2,-18
1787464201.349,B,0,1,-,119.0,3135,3133,-2,2,1,1091,1090,-1,0,-1,674,673,-1,3,-8,3501,3501,0,2,-2,1249,1250,1,0,-1,3285,2260,-1,1,-18
1787464201.500,B,0,1,-,119.0,3135,3133,-2,2,1,1091,1090,-1,0,-1,674,673,-1,3,-8,3501,3501,0,2,-2,1249,1250,1,0,-1,2260,1233,-3,0,-19
1787464201.633,B,0,1,-,119.0,3135,3133,-2,2,1,1091,1090,-1,0,-1,674,673,-1,3,-8,3501,3501,0,2,-2,1250,1250,0,0,-1,1234,215,5,3,-18
1787464201.769,B,0,1,-,119.0,3135,3133,-2,2,1,1091,1090,-1,0,-1,674,673,-1,3,-8,3501,3501,0,2,-2,1250,1250,0,0,-1,215,3284,-3,2,-18
1787464201.911,B,0,1,-,119.0,3135,3133,-2,2,1,1091,1090,-1,0,-1,674,673,-1,3,-8,3501,3501,0,2,-2,1250,1250,0,0,-1,3285,2260,-1,1,-18
1787464202.045,B,0,1,-,119.0,3135,3133,-2,2,1,1091,1090,-1,0,-1,674,673,-1,3,-8,3501,3501,0,2,-2,1249,1250,1,0,-1,2260,1233,-3,0,-19
1787464202.188,B,0,1,-,119.0,3135,3133,-2,2,1,1091,1090,-1,0,-1,674,673,-1,3,-8,3501,3501,0,2,-2,1249,1250,1,0,-1,1234,215,5,3,-18
1787464202.324,B,0,1,-,119.0,3136,3133,-3,2,1,1091,1090,-1,0,-1,674,673,-1,3,-8,3501,3501,0,2,-2,1250,1250,0,0,-1,216,3284,-4,2,-18
1787464202.453,B,0,1,-,119.0,3135,3133,-2,2,1,1091,1090,-1,0,-1,674,673,-1,3,-8,3501,3501,0,2,-2,1249,1250,1,0,-1,3285,2260,-1,1,-18
1787464202.599,B,0,1,-,119.0,3135,3133,-2,2,1,1091,1090,-1,0,-1,674,674,0,3,-7,3501,3501,0,2,-2,1250,1250,0,0,-1,2261,1233,-4,0,-19
1787464202.736,B,0,1,-,119.0,3136,3133,-3,2,1,1091,1090,-1,0,-1,674,673,-1,3,-8,3501,3501,0,2,-2,1249,1250,1,0,-1,1233,215,6,3,-18
1787464202.874,B,0,1,-,119.0,3135,3133,-2,2,1,1091,1090,-1,0,-1,674,673,-1,3,-8,3501,3501,0,2,-2,1249,1250,1,0,-1,216,3285,-3,2,-17
1787464203.011,B,0,1,-,119.0,3135,3133,-2,2,1,1091,1090,-1,0,-1,674,673,-1,3,-8,3501,3501,0,2,-2,1249,1250,1,0,-1,3285,2260,-1,1,-18
1787464203.151,B,0,1,-,119.0,3135,3133,-2,2,1,1091,1091,0,0,0,674,673,-1,3,-8,3501,3501,0,2,-2,1249,1250,1,0,-1,2260,1233,-3,0,-19
1787464203.287,B,0,1,-,119.0,3136,3133,-3,2,1,1091,1090,-1,0,-1,674,674,0,3,-7,3501,3501,0,2,-2,1249,1250,1,0,-1,1233,215,6,3,-18
1787464203.423,B,0,1,-,119.0,3135,3133,-2,2,1,1091,1090,-1,0,-1,674,673,-1,3,-8,3501,3501,0,2,-2,1249,1250,1,0,-1,216,3284,-4,2,-18
1787464203.558,B,0,1,-,119.0,3136,3133,-3,2,1,1091,1090,-1,0,-1,674,673,-1,3,-8,3501,3501,0,2,-2,1249,1250,1,0,-1,3285,2260,-1,1,-18
1787464203.692,B,0,1,-,119.0,3135,3133,-2,2,1,1091,1090,-1,0,-1,674,673,-1,3,-8,3501,3501,0,2,-2,1249,1250,1,0,-1,2260,1233,-3,0,-19
1787464203.833,B,0,1,-,119.0,3136,3133,-3,2,1,1091,1090,-1,0,-1,674,673,-1,3,-8,3501,3501,0,2,-2,1250,1250,0,0,-1,1234,215,5,3,-18
1787464203.964,B,0,1,-,119.0,3136,3133,-3,2,1,1091,1090,-1,0,-1,674,673,-1,3,-8,3501,3501,0,2,-2,1250,1250,0,0,-1,216,3284,-4,2,-18
1787464204.111,B,0,1,-,119.0,3135,3133,-2,2,1,1091,1090,-1,0,-1,674,673,-1,3,-8,3501,3501,0,2,-2,1249,1250,1,0,-1,3285,2260,-1,1,-18
1787464204.249,B,0,1,-,119.0,3135,3133,-2,2,1,1091,1090,-1,0,-1,674,673,-1,3,-8,3501,3501,0,2,-2,1250,1250,0,0,-1,2261,1233,-4,0,-19
1787464204.387,B,0,1,-,119.0,3135,3133,-2,2,1,1091,1090,-1,0,-1,674,673,-1,3,-8,3501,3501,0,2,-2,1250,1250,0,0,-1,1234,215,5,3,-18
1787464204.524,B,0,1,-,119.0,3136,3133,-3,2,1,1091,1090,-1,0,-1,674,673,-1,3,-8,3501,3501,0,2,-2,1249,1250,1,0,-1,216,3284,-4,2,-18
1787464204.661,B,0,1,-,119.0,3135,3133,-2,2,1,1091,1090,-1,0,-1,674,673,-1,3,-8,3501,3501,0,2,-2,1250,1250,0,0,-1,3285,2260,-1,1,-18
1787464204.799,B,0,1,-,119.0,3135,3133,-2,2,1,1091,1090,-1,0,-1,674,673,-1,3,-8,3501,3501,0,2,-2,1249,1250,1,0,-1,2260,1233,-3,0,-19
1787464204.936,B,0,1,-,119.0,3135,3133,-2,2,1,1091,1090,-1,0,-1,674,673,-1,3,-8,3501,3501,0,2,-2,1250,1250,0,0,-1,1234,215,5,3,-18
1787464205.069,B,0,1,-,119.0,3135,3133,-2,2,1,1091,1090,-1,0,-1,674,673,-1,3,-8,3501,3501,0,2,-2,1249,1250,1,0,-1,216,3284,-4,2,-18
1787464205.201,B,0,1,-,119.0,3135,3133,-2,2,1,1091,1090,-1,0,-1,674,673,-1,3,-8,3501,3501,0,2,-2,1250,1250,0,0,-1,3285,2260,-1,1,-18
1787464205.348,B,0,1,-,119.0,3135,3133,-2,2,1,1091,1090,-1,0,-1,674,673,-1,3,-8,3501,3501,0,2,-2,1250,1250,0,0,-1,2260,1233,-3,0,-19
1787464205.487,B,0,1,-,119.0,3136,3133,-3,2,1,1091,1090,-1,0,-1,674,673,-1,3,-8,3501,3501,0,2,-2,1249,1250,1,0,-1,1233,215,6,3,-18
1787464205.624,B,0,1,-,119.0,3135,3133,-2,2,1,1091,1091,0,0,0,674,673,-1,3,-8,3501,3501,0,2,-2,1249,1250,1,0,-1,216,3285,-3,2,-17
1787464205.751,B,0,1,-,119.0,3135,3133,-2,2,1,1091,1090,-1,0,-1,674,673,-1,3,-8,3501,3501,0,2,-2,1249,1250,1,0,-1,3285,2260,-1,1,-18
1787464205.899,B,0,1,-,119.0,3135,3133,-2,2,1,1091,1091,0,0,0,674,673,-1,3,-8,3501,3501,0,2,-2,1250,1250,0,0,-1,2261,1233,-4,0,-19
1787464206.034,B,0,1,-,119.0,3135,3133,-2,2,1,1091,1091,0,0,0,674,673,-1,3,-8,3501,3501,0,2,-2,1250,1250,0,0,-1,1234,214,4,3,-19
1787464206.176,B,0,1,-,119.0,3135,3133,-2,2,1,1091,1091,0,0,0,674,673,-1,3,-8,3501,3501,0,2,-2,1250,1250,0,0,-1,216,3284,-4,2,-18
1787464206.310,B,0,1,-,119.0,3135,3133,-2,2,1,1091,1090,-1,0,-1,674,673,-1,3,-8,3501,3501,0,2,-2,1249,1250,1,0,-1,3285,2260,-1,1,-18
1787464206.443,B,0,1,-,119.0,3135,3133,-2,2,1,1091,1090,-1,0,-1,674,673,-1,3,-8,3501,3501,0,2,-2,1249,1250,1,0,-1,2261,1233,-4,0,-19
1787464206.587,B,0,1,-,119.0,3135,3133,-2,2,1,1091,1090,-1,0,-1,674,673,-1,3,-8,3501,3501,0,2,-2,1250,1250,0,0,-1,1234,215,5,3,-18
1787464206.724,B,0,1,-,119.0,3135,3133,-2,2,1,1091,1090,-1,0,-1,674,674,0,3,-7,3501,3501,0,2,-2,1250,1250,0,0,-1,215,3284,-3,2,-18
1787464206.852,B,0,1,-,119.0,3135,3133,-2,2,1,1091,1090,-1,0,-1,674,674,0,3,-7,3501,3501,0,2,-2,1249,1250,1,0,-1,3285,2260,-1,1,-18
1787464206.998,B,0,1,-,119.0,3136,3133,-3,2,1,1091,1090,-1,0,-1,674,673,-1,3,-8,3501,3501,0,2,-2,1249,1250,1,0,-1,2261,1233,-4,0,-19
1787464207.137,B,0,1,-,119.0,3135,3133,-2,2,1,1091,1090,-1,0,-1,674,673,-1,3,-8,3501,3501,0,2,-2,1249,1250,1,0,-1,1233,215,6,3,-18
1787464207.275,B,0,1,-,119.0,3135,3133,-2,2,1,1091,1091,0,0,0,674,673,-1,3,-8,3501,3501,0,2,-2,1250,1250,0,0,-1,216,3284,-4,2,-18
1787464207.402,B,0,1,-,119.0,3135,3133,-2,2,1,1091,1090,-1,0,-1,674,673,-1,3,-8,3501,3501,0,2,-2,1250,1250,0,0,-1,3285,2260,-1,1,-18
1787464207.549,B,0,1,-,119.0,3135,3133,-2,2,1,1091,1090,-1,0,-1,674,673,-1,3,-8,3501,3501,0,2,-2,1250,1250,0,0,-1,2261,1233,-4,0,-19
1787464207.684,B,0,1,-,119.0,3135,3133,-2,2,1,1091,1090,-1,0,-1,674,673,-1,3,-8,3501,3501,0,2,-2,1249,1250,1,0,-1,1233,215,6,3,-18
1787464207.820,B,0,1,-,119.0,3135,3133,-2,2,1,1091,1090,-1,0,-1,674,673,-1,3,-8,3501,3501,0,2,-2,1250,1250,0,0,-1,216,3284,-4,2,-18
1787464207.958,B,0,1,-,119.0,3135,3133,-2,2,1,1091,1090,-1,0,-1,674,673,-1,3,-8,3501,3501,0,2,-2,1250,1250,0,0,-1,3285,2260,-1,1,-18
1787464208.090,B,0,1,-,119.0,3135,3133,-2,2,1,1091,1090,-1,0,-1,674,674,0,3,-7,3501,3501,0,2,-2,1250,1250,0,0,-1,2261,1233,-4,0,-19
1787464208.234,B,0,1,-,119.0,3135,3133,-2,2,1,1091,1090,-1,0,-1,674,673,-1,3,-8,3501,3501,0,2,-2,1250,1250,0,0,-1,1234,215,5,3,-18
1787464208.371,B,0,1,-,119.0,3135,3133,-2,2,1,1091,1090,-1,0,-1,674,673,-1,3,-8,3501,3501,0,2,-2,1249,1250,1,0,-1,215,3284,-3,2,-18
1787464208.511,B,0,1,-,119.0,3135,3133,-2,2,1,1091,1090,-1,0,-1,674,673,-1,3,-8,3501,3501,0,2,-2,1249,1250,1,0,-1,3285,2260,-1,1,-18
1787464208.648,B,0,1,-,119.0,3135,3133,-2,2,1,1091,1091,0,0,0,674,673,-1,3,-8,3501,3501,0,2,-2,1249,1250,1,0,-1,2261,1233,-4,0,-19
1787464208.785,B,0,1,-,119.0,3135,3133,-2,2,1,1091,1090,-1,0,-1,674,673,-1,3,-8,3501,3501,0,2,-2,1250,1250,0,0,-1,1234,215,5,3,-18
1787464208.923,B,0,1,-,119.0,3135,3133,-2,2,1,1091,1091,0,0,0,674,673,-1,3,-8,3501,3501,0,2,-2,1250,1250,0,0,-1,216,3284,-4,2,-18
1787464209.061,B,0,1,-,119.0,3135,3133,-2,2,1,1091,1090,-1,0,-1,674,673,-1,3,-8,3501,3501,0,2,-2,1250,1250,0,0,-1,3285,2260,-1,1,-18
1787464209.185,B,0,1,-,119.0,3135,3133,-2,2,1,1091,1091,0,0,0,674,673,-1,3,-8,3501,3501,0,2,-2,1249,1250,1,0,-1,2261,1233,-4,0,-19
1787464209.337,B,0,1,-,119.0,3135,3133,-2,2,1,1091,1090,-1,0,-1,674,673,-1,3,-8,3501,3501,0,2,-2,1249,1250,1,0,-1,1233,215,6,3,-18
1787464209.474,B,0,1,-,119.0,3135,3133,-2,2,1,1091,1090,-1,0,-1,674,673,-1,3,-8,3501,3501,0,2,-2,1249,1250,1,0,-1,216,3284,-4,2,-18
1787464209.612,B,0,1,-,119.0,3135,3133,-2,2,1,1091,1090,-1,0,-1,674,673,-1,3,-8,3501,3501,0,2,-2,1250,1250,0,0,-1,3285,2260,-1,1,-18
1787464209.748,B,0,1,-,119.0,3135,3133,-2,2,1,1091,1090,-1,0,-1,674,673,-1,3,-8,3501,3501,0,2,-2,1249,1250,1,0,-1,2261,1233,-4,0,-19
1787464209.886,B,0,1,-,119.0,3136,3133,-3,2,1,1091,1090,-1,0,-1,674,674,0,3,-7,3501,3501,0,2,-2,1249,1250,1,0,-1,1234,215,5,3,-18
1787464210.023,B,0,1,-,119.0,3135,3133,-2,2,1,1091,1090,-1,0,-1,674,673,-1,3,-8,3501,3501,0,2,-2,1249,1250,1,0,-1,216,3284,-4,2,-18
1787464210.160,B,0,1,-,119.0,3135,3133,-2,2,1,1091,1091,0,0,0,674,673,-1,3,-8,3501,3501,0,2,-2,1249,1250,1,0,-1,3285,2260,-1,1,-18
1787464210.295,B,0,1,-,119.0,3136,3134,-2,2,2,1091,1090,-1,0,-1,674,673,-1,3,-8,3501,3501,0,2,-2,1249,1250,1,0,-1,2261,1233,-4,0,-19
1787464210.434,B,0,1,-,119.0,3135,3133,-2,2,1,1091,1090,-1,0,-1,674,673,-1,3,-8,3501,3501,0,2,-2,1249,1250,1,0,-1,1233,215,6,3,-18
1787464210.567,B,0,1,-,119.0,3135,3133,-2,2,1,1091,1090,-1,0,-1,674,674,0,3,-7,3501,3501,0,2,-2,1249,1250,1,0,-1,216,3284,-4,2,-18
1787464210.709,B,0,1,-,119.0,3136,3133,-3,2,1,1091,1091,0,0,0,674,673,-1,3,-8,3501,3501,0,2,-2,1250,1250,0,0,-1,3285,2260,-1,1,-18
1787464210.848,B,0,1,-,119.0,3135,3133,-2,2,1,1091,1090,-1,0,-1,674,674,0,3,-7,3501,3501,0,2,-2,1250,1250,0,0,-1,2261,1233,-4,0,-19
1787464210.982,B,0,1,-,119.0,3135,3133,-2,2,1,1091,1090,-1,0,-1,674,673,-1,3,-8,3501,3501,0,2,-2,1250,1250,0,0,-1,1234,215,5,3,-18
1787464211.123,B,0,1,-,119.0,3135,3133,-2,2,1,1091,1090,-1,0,-1,674,674,0,3,-7,3501,3501,0,2,-2,1249,1249,0,0,-2,216,3285,-3,2,-17
1787464211.260,B,0,1,-,119.0,3135,3133,-2,2,1,1091,1090,-1,0,-1,674,673,-1,3,-8,3501,3501,0,2,-2,1249,1250,1,0,-1,3285,2260,-1,1,-18
1787464211.399,B,0,1,-,119.0,3135,3133,-2,2,1,1091,1090,-1,0,-1,674,674,0,3,-7,3501,3501,0,2,-2,1249,1250,1,0,-1,2260,1233,-3,0,-19
1787464211.535,B,0,1,-,119.0,3135,3133,-2,2,1,1091,1090,-1,0,-1,674,673,-1,3,-8,3501,3501,0,2,-2,1250,1250,0,0,-1,1234,215,5,3,-18
1787464211.673,B,0,1,-,119.0,3135,3133,-2,2,1,1091,1090,-1,0,-1,674,673,-1,3,-8,3501,3501,0,2,-2,1250,1250,0,0,-1,216,3284,-4,2,-18
1787464211.811,B,0,1,-,119.0,3135,3133,-2,2,1,1091,1090,-1,0,-1,674,673,-1,3,-8,3501,3501,0,2,-2,1249,1250,1,0,-1,3285,2260,-1,1,-18
1787464211.949,B,0,1,-,119.0,3135,3133,-2,2,1,1091,1090,-1,0,-1,674,673,-1,3,-8,3501,3501,0,2,-2,1249,1250,1,0,-1,2261,1233,-4,0,-19
1787464212.085,B,0,1,-,119.0,3135,3133,-2,2,1,1091,1090,-1,0,-1,674,674,0,3,-7,3501,3501,0,2,-2,1250,1250,0,0,-1,1234,215,5,3,-18
1787464212.219,B,0,1,-,119.0,3135,3133,-2,2,1,1091,1090,-1,0,-1,674,673,-1,3,-8,3501,3501,0,2,-2,1250,1250,0,0,-1,216,3284,-4,2,-18
1787464212.358,B,0,1,-,119.0,3135,3133,-2,2,1,1091,1091,0,0,0,674,673,-1,3,-8,3501,3501,0,2,-2,1249,1250,1,0,-1,3285,2260,-1,1,-18
1787464212.498,B,0,1,-,119.0,3135,3133,-2,2,1,1091,1090,-1,0,-1,674,673,-1,3,-8,3501,3501,0,2,-2,1249,1250,1,0,-1,2261,1233,-4,0,-19
1787464212.634,B,0,1,-,119.0,3135,3133,-2,2,1,1091,1090,-1,0,-1,674,673,-1,3,-8,3501,3501,0,2,-2,1250,1250,0,0,-1,1234,214,4,3,-19
1787464212.773,B,0,1,-,119.0,3135,3133,-2,2,1,1091,1090,-1,0,-1,674,674,0,3,-7,3501,3501,0,2,-2,1250,1250,0,0,-1,215,3284,-3,2,-18
1787464212.911,B,0,1,-,119.0,3135,3133,-2,2,1,1091,1090,-1,0,-1,674,673,-1,3,-8,3501,3501,0,2,-2,1249,1250,1,0,-1,3285,2260,-1,1,-18
1787464213.041,B,0,1,-,119.0,3135,3133,-2,2,1,1091,1090,-1,0,-1,674,674,0,3,-7,3501,3501,0,2,-2,1250,1250,0,0,-1,2261,1233,-4,0,-19
1787464213.185,B,0,1,-,119.0,3135,3133,-2,2,1,1091,1090,-1,0,-1,674,674,0,3,-7,3501,3501,0,2,-2,1249,1250,1,0,-1,1233,214,5,3,-19
1787464213.317,B,0,1,-,119.0,3135,3133,-2,2,1,1091,1090,-1,0,-1,674,674,0,3,-7,3501,3501,0,2,-2,1250,1250,0,0,-1,216,3284,-4,2,-18
1787464213.452,B,0,1,-,119.0,3135,3133,-2,2,1,1091,1090,-1,0,-1,674,673,-1,3,-8,3501,3501,0,2,-2,1250,1250,0,0,-1,3285,2260,-1,1,-18
1787464213.599,B,0,1,-,119.0,3136,3133,-3,2,1,1091,1090,-1,0,-1,674,673,-1,3,-8,3501,3501,0,2,-2,1249,1250,1,0,-1,2261,1233,-4,0,-19
1787464213.735,B,0,1,-,119.0,3135,3133,-2,2,1,1091,1090,-1,0,-1,674,673,-1,3,-8,3501,3501,0,2,-2,1249,1250,1,0,-1,1233,215,6,3,-18
1787464213.874,B,0,1,-,119.0,3135,3133,-2,2,1,1091,1090,-1,0,-1,674,673,-1,3,-8,3501,3501,0,2,-2,1249,1250,1,0,-1,215,3284,-3,2,-18
1787464214.004,B,0,1,-,119.0,3135,3133,-2,2,1,1091,1090,-1,0,-1,674,673,-1,3,-8,3501,3501,0,2,-2,1249,1250,1,0,-1,3285,2260,-1,1,-18
1787464214.148,B,0,1,-,119.0,3135,3133,-2,2,1,1091,1090,-1,0,-1,674,673,-1,3,-8,3501,3501,0,2,-2,1249,1250,1,0,-1,2261,1233,-4,0,-19
1787464214.286,B,0,1,-,119.0,3135,3133,-2,2,1,1091,1090,-1,0,-1,674,673,-1,3,-8,3501,3501,0,2,-2,1249,1250,1,0,-1,1234,215,5,3,-18
1787464214.419,B,0,1,-,119.0,3135,3133,-2,2,1,1091,1090,-1,0,-1,674,673,-1,3,-8,3501,3501,0,2,-2,1249,1250,1,0,-1,216,3284,-4,2,-18
1787464214.561,B,0,1,-,119.0,3135,3133,-2,2,1,1091,1090,-1,0,-1,674,673,-1,3,-8,3501,3501,0,2,-2,1249,1250,1,0,-1,3285,2260,-1,1,-18
1787464214.698,B,0,1,-,119.0,3135,3133,-2,2,1,1091,1090,-1,0,-1,674,673,-1,3,-8,3501,3501,0,2,-2,1250,1250,0,0,-1,2261,1233,-4,0,-19
1787464214.836,B,0,1,-,119.0,3135,3133,-2,2,1,1091,1091,0,0,0,674,673,-1,3,-8,3501,3501,0,2,-2,1250,1250,0,0,-1,1234,215,5,3,-18
1787464214.969,B,0,1,-,119.0,3135,3133,-2,2,1,1091,1090,-1,0,-1,674,673,-1,3,-8,3501,3501,0,2,-2,1250,1250,0,0,-1,216,3284,-4,2,-18
1787464215.102,B,0,1,-,119.0,3135,3133,-2,2,1,1091,1090,-1,0,-1,674,673,-1,3,-8,3501,3501,0,2,-2,1249,1250,1,0,-1,3285,2260,-1,1,-18
1787464215.239,B,0,1,-,119.0,3135,3133,-2,2,1,1091,1090,-1,0,-1,674,673,-1,3,-8,3501,3501,0,2,-2,1249,1250,1,0,-1,2261,1233,-4,0,-19
1787464215.384,B,0,1,-,119.0,3135,3133,-2,2,1,1091,1091,0,0,0,674,673,-1,3,-8,3501,3501,0,2,-2,1249,1250,1,0,-1,1234,215,5,3,-18
1787464215.518,B,0,1,-,119.0,3135,3133,-2,2,1,1091,1090,-1,0,-1,674,674,0,3,-7,3501,3501,0,2,-2,1249,1250,1,0,-1,216,3284,-4,2,-18
1787464215.661,B,0,1,-,119.0,3135,3133,-2,2,1,1091,1090,-1,0,-1,674,673,-1,3,-8,3501,3501,0,2,-2,1249,1250,1,0,-1,3285,2260,-1,1,-18
1787464215.798,B,0,1,-,119.0,3135,3133,-2,2,1,1091,1091,0,0,0,674,673,-1,3,-8,3501,3501,0,2,-2,1250,1250,0,0,-1,2261,1233,-4,0,-19
1787464215.934,B,0,1,-,119.0,3135,3133,-2,2,1,1091,1090,-1,0,-1,674,673,-1,3,-8,3501,3501,0,2,-2,1250,1250,0,0,-1,1234,215,5,3,-18
1787464216.073,B,0,1,-,119.0,3135,3133,-2,2,1,1091,1090,-1,0,-1,674,674,0,3,-7,3501,3501,0,2,-2,1250,1250,0,0,-1,215,3284,-3,2,-18
1787464216.210,B,0,1,-,119.0,3135,3133,-2,2,1,1091,1090,-1,0,-1,674,673,-1,3,-8,3501,3501,0,2,-2,1250,1250,0,0,-1,3285,2260,-1,1,-18
1787464216.349,B,0,1,-,119.0,3135,3133,-2,2,1,1091,1090,-1,0,-1,674,673,-1,3,-8,3501,3501,0,2,-2,1250,1250,0,0,-1,2261,1233,-4,0,-19
1787464216.486,B,0,1,-,119.0,3135,3133,-2,2,1,1091,1090,-1,0,-1,674,673,-1,3,-8,3501,3501,0,2,-2,1250,1250,0,0,-1,1233,215,6,3,-18
1787464216.623,B,0,1,-,119.0,3135,3133,-2,2,1,1091,1090,-1,0,-1,674,673,-1,3,-8,3501,3501,0,2,-2,1250,1249,-1,0,-2,215,3284,-3,2,-18
1787464216.761,B,0,1,-,119.0,3135,3133,-2,2,1,1091,1090,-1,0,-1,674,673,-1,3,-8,3501,3501,0,2,-2,1249,1250,1,0,-1,3285,2260,-1,1,-18
1787464216.897,B,0,1,-,119.0,3135,3133,-2,2,1,1091,1090,-1,0,-1,674,673,-1,3,-8,3501,3501,0,2,-2,1249,1250,1,0,-1,2261,1233,-4,0,-19
1787464217.035,B,0,1,-,119.0,3135,3133,-2,2,1,1091,1091,0,0,0,674,673,-1,3,-8,3501,3501,0,2,-2,1249,1250,1,0,-1,1234,214,4,3,-19
1787464217.169,B,0,1,-,119.0,3136,3133,-3,2,1,1091,1090,-1,0,-1,674,673,-1,3,-8,3501,3501,0,2,-2,1249,1250,1,0,-1,215,3284,-3,2,-18
1787464217.310,B,0,1,-,119.0,3136,3133,-3,2,1,1091,1090,-1,0,-1,674,673,-1,3,-8,3501,3501,0,2,-2,1249,1250,1,0,-1,3285,2260,-1,1,-18
1787464217.447,B,0,1,-,119.0,3135,3133,-2,2,1,1091,1090,-1,0,-1,674,674,0,3,-7,3501,3501,0,2,-2,1249,1250,1,0,-1,2261,1233,-4,0,-19
1787464217.583,B,0,1,-,119.0,3135,3133,-2,2,1,1091,1090,-1,0,-1,674,674,0,3,-7,3502,3501,-1,2,-2,1249,1250,1,0,-1,1233,215,6,3,-18
1787464217.723,B,0,1,-,119.0,3135,3133,-2,2,1,1091,1090,-1,0,-1,674,674,0,3,-7,3501,3501,0,2,-2,1250,1250,0,0,-1,216,3284,-4,2,-18
1787464217.863,B,0,1,-,119.0,3135,3133,-2,2,1,1091,1090,-1,0,-1,674,673,-1,3,-8,3501,3501,0,2,-2,1250,1250,0,0,-1,3285,2260,-1,1,-18
1787464217.998,B,0,1,-,119.0,3135,3133,-2,2,1,1091,1090,-1,0,-1,674,674,0,3,-7,3501,3501,0,2,-2,1249,1250,1,0,-1,2261,1233,-4,0,-19
1787464218.135,B,0,1,-,119.0,3135,3133,-2,2,1,1091,1090,-1,0,-1,674,673,-1,3,-8,3501,3501,0,2,-2,1250,1250,0,0,-1,1234,215,5,3,-18
1787464218.275,B,0,1,-,119.0,3135,3133,-2,2,1,1091,1090,-1,0,-1,674,673,-1,3,-8,3501,3501,0,2,-2,1250,1250,0,0,-1,216,3284,-4,2,-18
1787464218.400,B,0,1,-,119.0,3135,3133,-2,2,1,1091,1090,-1,0,-1,674,673,-1,3,-8,3501,3501,0,2,-2,1250,1250,0,0,-1,3285,2260,-1,1,-18
1787464218.547,B,0,1,-,119.0,3135,3133,-2,2,1,1091,1090,-1,0,-1,674,673,-1,3,-8,3501,3501,0,2,-2,1250,1250,0,0,-1,2261,1233,-4,0,-19
1787464218.685,B,0,1,-,119.0,3135,3133,-2,2,1,1091,1090,-1,0,-1,674,673,-1,3,-8,3501,3501,0,2,-2,1249,1250,1,0,-1,1234,215,5,3,-18
1787464218.822,B,0,1,-,119.0,3135,3133,-2,2,1,1091,1090,-1,0,-1,674,674,0,3,-7,3501,3501,0,2,-2,1249,1250,1,0,-1,216,3284,-4,2,-18
1787464218.960,B,0,1,-,119.0,3135,3133,-2,2,1,1091,1090,-1,0,-1,674,673,-1,3,-8,3501,3501,0,2,-2,1249,1250,1,0,-1,3285,2260,-1,1,-18
1787464219.098,B,0,1,-,119.0,3135,3133,-2,2,1,1091,1090,-1,0,-1,674,673,-1,3,-8,3501,3501,0,2,-2,1249,1250,1,0,-1,2261,1233,-4,0,-19
1787464219.235,B,0,1,-,119.0,3135,3133,-2,2,1,1091,1090,-1,0,-1,674,673,-1,3,-8,3501,3501,0,2,-2,1250,1250,0,0,-1,1234,215,5,3,-18
1787464219.372,B,0,1,-,119.0,3135,3133,-2,2,1,1091,1090,-1,0,-1,674,673,-1,3,-8,3501,3501,0,2,-2,1249,1250,1,0,-1,216,3284,-4,2,-18
1787464219.502,B,0,1,-,119.0,3135,3133,-2,2,1,1091,1090,-1,0,-1,674,673,-1,3,-8,3501,3501,0,2,-2,1249,1250,1,0,-1,3285,2260,-1,1,-18
1787464219.635,B,0,1,-,119.0,3135,3133,-2,2,1,1091,1090,-1,0,-1,674,673,-1,3,-8,3501,3501,0,2,-2,1249,1250,1,0,-1,2261,1233,-4,0,-19
1787464219.785,B,0,1,-,119.0,3135,3133,-2,2,1,1091,1091,0,0,0,674,674,0,3,-7,3501,3501,0,2,-2,1250,1250,0,0,-1,1234,215,5,3,-18
1787464219.918,B,0,1,-,119.0,3135,3133,-2,2,1,1091,1091,0,0,0,674,673,-1,3,-8,3501,3501,0,2,-2,1250,1250,0,0,-1,216,3284,-4,2,-18
1787464220.052,B,0,1,-,119.0,3135,3133,-2,2,1,1091,1090,-1,0,-1,674,674,0,3,-7,3501,3501,0,2,-2,1249,1250,1,0,-1,3285,2260,-1,1,-18
1787464220.183,B,0,1,-,119.0,3136,3133,-3,2,1,1091,1090,-1,0,-1,674,673,-1,3,-8,3501,3501,0,2,-2,1249,1250,1,0,-1,2261,1233,-4,0,-19
1787464220.335,B,0,1,-,119.0,3135,3133,-2,2,1,1091,1091,0,0,0,674,674,0,3,-7,3501,3501,0,2,-2,1250,1250,0,0,-1,1234,215,5,3,-18
1787464220.471,B,0,1,-,119.0,3135,3133,-2,2,1,1091,1090,-1,0,-1,674,673,-1,3,-8,3501,3501,0,2,-2,1249,1250,1,0,-1,216,3285,-3,2,-17
1787464220.600,B,0,1,-,119.0,3135,3133,-2,2,1,1091,1090,-1,0,-1,674,673,-1,3,-8,3501,3501,0,2,-2,1250,1250,0,0,-1,3285,2260,-1,1,-18
1787464220.747,B,0,1,-,119.0,3135,3133,-2,2,1,1091,1090,-1,0,-1,674,673,-1,3,-8,3501,3501,0,2,-2,1250,1250,0,0,-1,2261,1233,-4,0,-19
1787464220.885,B,0,1,-,119.0,3135,3133,-2,2,1,1091,1090,-1,0,-1,674,673,-1,3,-8,3501,3501,0,2,-2,1249,1250,1,0,-1,1233,215,6,3,-18
1787464221.022,B,0,1,-,119.0,3135,3133,-2,2,1,1091,1090,-1,0,-1,674,673,-1,3,-8,3501,3501,0,2,-2,1249,1250,1,0,-1,216,3285,-3,2,-17
1787464221.152,B,0,1,-,119.0,3135,3133,-2,2,1,1091,1090,-1,0,-1,674,673,-1,3,-8,3501,3501,0,2,-2,1249,1250,1,0,-1,3285,2260,-1,1,-18
1787464221.297,B,0,1,-,119.0,3135,3133,-2,2,1,1091,1090,-1,0,-1,674,673,-1,3,-8,3501,3501,0,2,-2,1249,1250,1,0,-1,2261,1233,-4,0,-19
1787464221.437,B,0,1,-,119.0,3135,3133,-2,2,1,1091,1090,-1,0,-1,674,673,-1,3,-8,3501,3501,0,2,-2,1249,1250,1,0,-1,1234,215,5,3,-18
1787464221.573,B,0,1,-,119.0,3135,3133,-2,2,1,1091,1090,-1,0,-1,674,673,-1,3,-8,3501,3501,0,2,-2,1249,1250,1,0,-1,216,3284,-4,2,-18
1787464221.710,B,0,1,-,119.0,3135,3133,-2,2,1,1091,1090,-1,0,-1,674,673,-1,3,-8,3501,3501,0,2,-2,1250,1250,0,0,-1,3285,2260,-1,1,-18
1787464221.837,B,0,1,-,119.0,3135,3133,-2,2,1,1091,1090,-1,0,-1,674,674,0,3,-7,3501,3501,0,2,-2,1250,1250,0,0,-1,2261,1233,-4,0,-19
1787464221.984,B,0,1,-,119.0,3135,3133,-2,2,1,1091,1090,-1,0,-1,674,673,-1,3,-8,3501,3501,0,2,-2,1249,1250,1,0,-1,1233,215,6,3,-18
1787464222.118,B,0,1,-,119.0,3135,3133,-2,2,1,1091,1090,-1,0,-1,674,673,-1,3,-8,3501,3501,0,2,-2,1250,1250,0,0,-1,216,3285,-3,2,-17
1787464222.255,B,0,1,-,119.0,3135,3133,-2,2,1,1091,1090,-1,0,-1,674,673,-1,3,-8,3501,3501,0,2,-2,1249,1250,1,0,-1,3285,2260,-1,1,-18
1787464222.398,B,0,1,-,119.0,3135,3133,-2,2,1,1091,1091,0,0,0,674,674,0,3,-7,3501,3501,0,2,-2,1249,1250,1,0,-1,2261,1233,-4,0,-19
1787464222.535,B,0,1,-,119.0,3135,3133,-2,2,1,1091,1090,-1,0,-1,674,674,0,3,-7,3501,3501,0,2,-2,1249,1250,1,0,-1,1234,215,5,3,-18
1787464222.666,B,0,1,-,119.0,3135,3133,-2,2,1,1091,1090,-1,0,-1,674,673,-1,3,-8,3501,3501,0,2,-2,1249,1250,1,0,-1,215,3284,-3,2,-18
1787464222.810,B,0,1,-,119.0,3135,3133,-2,2,1,1091,1090,-1,0,-1,674,673,-1,3,-8,3501,3501,0,2,-2,1249,1250,1,0,-1,3285,2260,-1,1,-18
1787464222.937,B,0,1,-,119.0,3135,3133,-2,2,1,1091,1090,-1,0,-1,674,673,-1,3,-8,3501,3501,0,2,-2,1250,1250,0,0,-1,2261,1233,-4,0,-19
1787464223.083,B,0,1,-,119.0,3135,3133,-2,2,1,1091,1091,0,0,0,674,673,-1,3,-8,3501,3501,0,2,-2,1250,1250,0,0,-1,1233,215,6,3,-18
1787464223.220,B,0,1,-,119.0,3135,3133,-2,2,1,1091,1090,-1,0,-1,674,673,-1,3,-8,3501,3501,0,2,-2,1249,1250,1,0,-1,216,3284,-4,2,-18
1787464223.354,B,0,1,-,119.0,3135,3133,-2,2,1,1091,1090,-1,0,-1,674,674,0,3,-7,3501,3501,0,2,-2,1250,1250,0,0,-1,3285,2260,-1,1,-18
1787464223.498,B,0,1,-,119.0,3136,3133,-3,2,1,1091,1091,0,0,0,674,674,0,3,-7,3501,3501,0,2,-2,1249,1250,1,0,-1,2261,1233,-4,0,-19
1787464223.635,B,0,1,-,119.0,3135,3133,-2,2,1,1091,1090,-1,0,-1,674,673,-1,3,-8,3501,3501,0,2,-2,1250,1250,0,0,-1,1234,215,5,3,-18
1787464223.773,B,0,1,-,119.0,3136,3133,-3,2,1,1091,1090,-1,0,-1,674,673,-1,3,-8,3501,3501,0,2,-2,1249,1249,0,0,-2,216,3284,-4,2,-18
1787464223.902,B,0,1,-,119.0,3135,3133,-2,2,1,1091,1091,0,0,0,674,673,-1,3,-8,3501,3501,0,2,-2,1249,1250,1,0,-1,3285,2260,-1,1,-18
1787464224.047,B,0,1,-,119.0,3135,3133,-2,2,1,1091,1090,-1,0,-1,674,673,-1,3,-8,3501,3501,0,2,-2,1249,1250,1,0,-1,2261,1233,-4,0,-19
1787464224.185,B,0,1,-,119.0,3135,3133,-2,2,1,1091,1090,-1,0,-1,674,674,0,3,-7,3501,3501,0,2,-2,1250,1250,0,0,-1,1233,215,6,3,-18
1787464224.320,B,0,1,-,119.0,3135,3133,-2,2,1,1091,1090,-1,0,-1,674,673,-1,3,-8,3501,3501,0,2,-2,1249,1250,1,0,-1,216,3284,-4,2,-18
1787464224.452,B,0,1,-,119.0,3135,3133,-2,2,1,1091,1091,0,0,0,674,674,0,3,-7,3501,3501,0,2,-2,1249,1250,1,0,-1,3285,2260,-1,1,-18
1787464224.594,B,0,1,-,119.0,3135,3133,-2,2,1,1091,1091,0,0,0,674,674,0,3,-7,3501,3501,0,2,-2,1249,1250,1,0,-1,2261,1233,-4,0,-19
1787464224.735,B,0,1,-,119.0,3135,3133,-2,2,1,1091,1090,-1,0,-1,674,673,-1,3,-8,3501,3501,0,2,-2,1250,1250,0,0,-1,1234,214,4,3,-19
1787464224.869,B,0,1,-,119.0,3135,3133,-2,2,1,1091,1091,0,0,0,674,673,-1,3,-8,3501,3501,0,2,-2,1249,1250,1,0,-1,216,3285,-3,2,-17
1787464225.000,B,0,1,-,119.0,3136,3133,-3,2,1,1091,1090,-1,0,-1,674,673,-1,3,-8,3501,3501,0,2,-2,1250,1250,0,0,-1,3285,2260,-1,1,-18
1787464225.147,B,0,1,-,119.0,3135,3133,-2,2,1,1091,1090,-1,0,-1,674,673,-1,3,-8,3501,3501,0,2,-2,1250,1250,0,0,-1,2261,1233,-4,0,-19
1787464225.284,B,0,1,-,119.0,3135,3133,-2,2,1,1091,1090,-1,0,-1,674,674,0,3,-7,3501,3501,0,2,-2,1249,1250,1,0,-1,1234,214,4,3,-19
1787464225.423,B,0,1,-,119.0,3135,3133,-2,2,1,1091,1090,-1,0,-1,674,673,-1,3,-8,3501,3501,0,2,-2,1249,1250,1,0,-1,216,3284,-4,2,-18
1787464225.557,B,0,1,-,119.0,3135,3133,-2,2,1,1091,1090,-1,0,-1,674,673,-1,3,-8,3501,3501,0,2,-2,1249,1250,1,0,-1,3285,2260,-1,1,-18
1787464225.695,B,0,1,-,119.0,3135,3133,-2,2,1,1091,1090,-1,0,-1,674,674,0,3,-7,3501,3501,0,2,-2,1250,1250,0,0,-1,2261,1233,-4,0,-19
1787464225.835,B,0,1,-,119.0,3135,3133,-2,2,1,1091,1091,0,0,0,674,673,-1,3,-8,3501,3501,0,2,-2,1249,1250,1,0,-1,1234,215,5,3,-18
1787464225.973,B,0,1,-,119.0,3135,3133,-2,2,1,1091,1091,0,0,0,674,673,-1,3,-8,3501,3501,0,2,-2,1249,1250,1,0,-1,216,3284,-4,2,-18
1787464226.110,B,0,1,-,119.0,3135,3133,-2,2,1,1091,1090,-1,0,-1,674,673,-1,3,-8,3501,3501,0,2,-2,1249,1250,1,0,-1,3285,2260,-1,1,-18
1787464226.248,B,0,1,-,119.0,3135,3133,-2,2,1,1091,1090,-1,0,-1,674,674,0,3,-7,3501,3501,0,2,-2,1249,1250,1,0,-1,2260,1233,-3,0,-19
1787464226.386,B,0,1,-,119.0,3135,3133,-2,2,1,1091,1090,-1,0,-1,674,673,-1,3,-8,3501,3501,0,2,-2,1249,1250,1,0,-1,1234,215,5,3,-18
1787464226.524,B,0,1,-,119.0,3135,3133,-2,2,1,1091,1090,-1,0,-1,674,673,-1,3,-8,3501,3501,0,2,-2,1249,1250,1,0,-1,216,3285,-3,2,-17
1787464226.659,B,0,1,-,119.0,3135,3133,-2,2,1,1091,1090,-1,0,-1,674,673,-1,3,-8,3501,3501,0,2,-2,1250,1250,0,0,-1,3285,2260,-1,1,-18
1787464226.789,B,0,1,-,119.0,3135,3133,-2,2,1,1091,1091,0,0,0,674,674,0,3,-7,3501,3501,0,2,-2,1250,1250,0,0,-1,2260,1233,-3,0,-19
1787464226.934,B,0,1,-,119.0,3135,3133,-2,2,1,1091,1090,-1,0,-1,674,673,-1,3,-8,3501,3501,0,2,-2,1249,1250,1,0,-1,1234,215,5,3,-18
1787464227.068,B,0,1,-,119.0,3135,3133,-2,2,1,1091,1090,-1,0,-1,674,673,-1,3,-8,3501,3501,0,2,-2,1249,1250,1,0,-1,216,3284,-4,2,-18
1787464227.208,B,0,1,-,119.0,3135,3133,-2,2,1,1091,1090,-1,0,-1,674,674,0,3,-7,3501,3501,0,2,-2,1250,1250,0,0,-1,3285,2260,-1,1,-18
1787464227.347,B,0,1,-,119.0,3135,3133,-2,2,1,1091,1090,-1,0,-1,674,673,-1,3,-8,3501,3501,0,2,-2,1249,1250,1,0,-1,2261,1233,-4,0,-19
1787464227.484,B,0,1,-,119.0,3135,3133,-2,2,1,1091,1090,-1,0,-1,674,673,-1,3,-8,3501,3501,0,2,-2,1250,1250,0,0,-1,1234,215,5,3,-18
1787464227.615,B,0,1,-,119.0,3135,3133,-2,2,1,1091,1090,-1,0,-1,674,673,-1,3,-8,3501,3501,0,2,-2,1249,1250,1,0,-1,216,3284,-4,2,-18
1787464227.761,B,0,1,-,119.0,3135,3133,-2,2,1,1091,1090,-1,0,-1,674,673,-1,3,-8,3501,3501,0,2,-2,1250,1250,0,0,-1,3285,2260,-1,1,-18
1787464227.892,B,0,1,-,119.0,3135,3133,-2,2,1,1091,1090,-1,0,-1,674,673,-1,3,-8,3501,3501,0,2,-2,1249,1250,1,0,-1,2261,1233,-4,0,-19
1787464228.059,B',0,1,-,119.0,3135,3133,-2,2,1,1091,1090,-1,0,-1,674,673,-1,3,-8,3501,3501,0,2,-2,1249,1250,1,0,-1,1233,2258,1,1,-20
1787464228.197,B',0,1,-,119.0,3135,3133,-2,2,1,1091,1090,-1,0,-1,674,673,-1,3,-8,3501,3501,0,2,-2,1249,1250,1,0,-1,2259,3283,0,2,-19
1787464228.332,B',0,1,-,119.0,3135,3133,-2,2,1,1091,1090,-1,0,-1,674,674,0,3,-7,3501,3501,0,2,-2,1249,1250,1,0,-1,3284,213,1,3,-20
1787464228.470,B',0,1,-,119.0,3135,3133,-2,2,1,1091,1090,-1,0,-1,674,673,-1,3,-8,3501,3501,0,2,-2,1249,1250,1,0,-1,214,1231,-7,0,-21
1787464228.603,B',0,1,-,119.0,3135,3133,-2,2,1,1091,1091,0,0,0,674,673,-1,3,-8,3501,3501,0,2,-2,1249,1249,0,0,-2,1233,2258,1,1,-20
1787464228.746,B',0,1,-,119.0,3135,3133,-2,2,1,1091,1090,-1,0,-1,674,673,-1,3,-8,3501,3501,0,2,-2,1249,1250,1,0,-1,2259,3282,-1,2,-20
1787464228.882,B',0,1,-,119.0,3135,3133,-2,2,1,1091,1090,-1,0,-1,674,674,0,3,-7,3501,3501,0,2,-2,1249,1250,1,0,-1,3284,213,1,3,-20
1787464229.017,B',0,1,-,119.0,3135,3133,-2,2,1,1091,1090,-1,0,-1,674,673,-1,3,-8,3501,3501,0,2,-2,1249,1250,1,0,-1,214,1231,-7,0,-21
1787464229.158,B',0,1,-,119.0,3135,3133,-2,2,1,1091,1090,-1,0,-1,674,673,-1,3,-8,3501,3501,0,2,-2,1249,1250,1,0,-1,1233,2258,1,1,-20
1787464229.293,B',0,1,-,119.0,3135,3133,-2,2,1,1091,1091,0,0,0,674,674,0,3,-7,3501,3501,0,2,-2,1250,1250,0,0,-1,2260,3282,-2,2,-20
1787464229.432,B',0,1,-,119.0,3135,3133,-2,2,1,1091,1090,-1,0,-1,674,673,-1,3,-8,3501,3501,0,2,-2,1249,1250,1,0,-1,3284,213,1,3,-20
1787464229.567,B',0,1,-,119.0,3135,3133,-2,2,1,1091,1090,-1,0,-1,674,673,-1,3,-8,3501,3501,0,2,-2,1249,1250,1,0,-1,214,1231,-7,0,-21
1787464229.709,B',0,1,-,119.0,3135,3133,-2,2,1,1091,1090,-1,0,-1,674,673,-1,3,-8,3501,3501,0,2,-2,1249,1250,1,0,-1,1232,2258,2,1,-20
1787464229.845,B',0,1,-,119.0,3136,3133,-3,2,1,1091,1090,-1,0,-1,674,673,-1,3,-8,3501,3501,0,2,-2,1249,1250,1,0,-1,2259,3282,-1,2,-20
1787464229.984,B',0,1,-,119.0,3135,3133,-2,2,1,1091,1091,0,0,0,674,673,-1,3,-8,3501,3501,0,2,-2,1249,1250,1,0,-1,3284,213,1,3,-20
1787464230.120,B',0,1,-,119.0,3135,3133,-2,2,1,1091,1090,-1,0,-1,674,674,0,3,-7,3501,3501,0,2,-2,1250,1250,0,0,-1,214,1231,-7,0,-21
1787464230.260,B',0,1,-,119.0,3135,3133,-2,2,1,1091,1090,-1,0,-1,674,673,-1,3,-8,3501,3501,0,2,-2,1250,1250,0,0,-1,1233,2258,1,1,-20
1787464230.398,B',0,1,-,119.0,3135,3133,-2,2,1,1091,1090,-1,0,-1,674,673,-1,3,-8,3501,3501,0,2,-2,1249,1249,0,0,-2,2260,3282,-2,2,-20
1787464230.534,B',0,1,-,119.0,3135,3133,-2,2,1,1091,1090,-1,0,-1,674,673,-1,3,-8,3501,3501,0,2,-2,1249,1250,1,0,-1,3284,213,1,3,-20
1787464230.669,B',0,1,-,119.0,3135,3133,-2,2,1,1091,1090,-1,0,-1,674,673,-1,3,-8,3501,3501,0,2,-2,1249,1250,1,0,-1,214,1231,-7,0,-21
1787464230.809,B',0,1,-,119.0,3135,3133,-2,2,1,1091,1090,-1,0,-1,674,674,0,3,-7,3501,3501,0,2,-2,1249,1250,1,0,-1,1233,2258,1,1,-20
1787464230.946,B',0,1,-,119.0,3135,3133,-2,2,1,1091,1090,-1,0,-1,674,674,0,3,-7,3501,3501,0,2,-2,1249,1250,1,0,-1,2259,3283,0,2,-19
1787464231.083,B',0,1,-,119.0,3135,3133,-2,2,1,1091,1091,0,0,0,674,673,-1,3,-8,3501,3501,0,2,-2,1249,1250,1,0,-1,3284,213,1,3,-20
1787464231.218,B',0,1,-,119.0,3135,3133,-2,2,1,1091,1090,-1,0,-1,674,673,-1,3,-8,3501,3501,0,2,-2,1249,1250,1,0,-1,214,1231,-7,0,-21
1787464231.352,B',0,1,-,119.0,3135,3133,-2,2,1,1091,1090,-1,0,-1,674,674,0,3,-7,3501,3501,0,2,-2,1249,1250,1,0,-1,1233,2258,1,1,-20
1787464231.496,B',0,1,-,119.0,3135,3133,-2,2,1,1091,1090,-1,0,-1,674,673,-1,3,-8,3501,3501,0,2,-2,1250,1250,0,0,-1,2259,3282,-1,2,-20
1787464231.630,B',0,1,-,119.0,3136,3133,-3,2,1,1091,1090,-1,0,-1,674,673,-1,3,-8,3501,3501,0,2,-2,1249,1250,1,0,-1,3284,213,1,3,-20
1787464231.767,B',0,1,-,119.0,3135,3133,-2,2,1,1091,1090,-1,0,-1,674,673,-1,3,-8,3501,3501,0,2,-2,1249,1250,1,0,-1,214,1231,-7,0,-21
1787464231.908,B',0,1,-,119.0,3135,3133,-2,2,1,1091,1090,-1,0,-1,674,673,-1,3,-8,3501,3501,0,2,-2,1249,1250,1,0,-1,1232,2258,2,1,-20
1787464232.044,B',0,1,-,119.0,3135,3133,-2,2,1,1091,1090,-1,0,-1,674,673,-1,3,-8,3501,3501,0,2,-2,1250,1250,0,0,-1,2259,3283,0,2,-19
1787464232.184,B',0,1,-,119.0,3136,3133,-3,2,1,1091,1091,0,0,0,674,673,-1,3,-8,3501,3501,0,2,-2,1249,1250,1,0,-1,3284,213,1,3,-20
1787464232.320,B',0,1,-,119.0,3135,3133,-2,2,1,1091,1090,-1,0,-1,674,673,-1,3,-8,3501,3501,0,2,-2,1249,1250,1,0,-1,214,1231,-7,0,-21
1787464232.454,B',0,1,-,119.0,3135,3133,-2,2,1,1091,1090,-1,0,-1,674,673,-1,3,-8,3501,3501,0,2,-2,1249,1250,1,0,-1,1233,2258,1,1,-20
1787464232.587,B',0,1,-,119.0,3135,3133,-2,2,1,1091,1090,-1,0,-1,674,673,-1,3,-8,3501,3501,0,2,-2,1249,1250,1,0,-1,2259,3283,0,2,-19
1787464232.728,B',0,1,-,119.0,3135,3133,-2,2,1,1091,1090,-1,0,-1,674,673,-1,3,-8,3501,3501,0,2,-2,1250,1250,0,0,-1,3284,213,1,3,-20
1787464232.870,B',0,1,-,119.0,3135,3133,-2,2,1,1091,1090,-1,0,-1,674,673,-1,3,-8,3501,3501,0,2,-2,1249,1250,1,0,-1,214,1231,-7,0,-21
1787464233.008,B',0,1,-,119.0,3135,3133,-2,2,1,1091,1090,-1,0,-1,674,673,-1,3,-8,3501,3501,0,2,-2,1249,1250,1,0,-1,1233,2258,1,1,-20
1787464233.145,B',0,1,-,119.0,3135,3133,-2,2,1,1091,1090,-1,0,-1,674,674,0,3,-7,3501,3501,0,2,-2,1250,1250,0,0,-1,2259,3282,-1,2,-20
1787464233.282,B',0,1,-,119.0,3135,3133,-2,2,1,1091,1090,-1,0,-1,674,673,-1,3,-8,3501,3501,0,2,-2,1250,1250,0,0,-1,3284,213,1,3,-20
1787464233.419,B',0,1,-,119.0,3135,3133,-2,2,1,1091,1091,0,0,0,674,673,-1,3,-8,3501,3501,0,2,-2,1249,1250,1,0,-1,214,1231,-7,0,-21
1787464233.553,B',0,1,-,119.0,3136,3133,-3,2,1,1091,1091,0,0,0,674,674,0,3,-7,3501,3501,0,2,-2,1250,1250,0,0,-1,1233,2258,1,1,-20
1787464233.685,B',0,1,-,119.0,3135,3133,-2,2,1,1091,1090,-1,0,-1,674,674,0,3,-7,3501,3501,0,2,-2,1250,1250,0,0,-1,2259,3283,0,2,-19
1787464233.833,B',0,1,-,119.0,3135,3133,-2,2,1,1091,1090,-1,0,-1,674,673,-1,3,-8,3501,3501,0,2,-2,1250,1250,0,0,-1,3284,213,1,3,-20
1787464233.967,B',0,1,-,119.0,3135,3133,-2,2,1,1091,1090,-1,0,-1,674,673,-1,3,-8,3501,3501,0,2,-2,1249,1250,1,0,-1,214,1231,-7,0,-21
1787464234.101,B',0,1,-,119.0,3135,3133,-2,2,1,1091,1090,-1,0,-1,674,673,-1,3,-8,3501,3501,0,2,-2,1249,1250,1,0,-1,1233,2258,1,1,-20
1787464234.244,B',0,1,-,119.0,3135,3133,-2,2,1,1091,1090,-1,0,-1,674,673,-1,3,-8,3501,3501,0,2,-2,1249,1250,1,0,-1,2259,3283,0,2,-19
1787464234.375,B',0,1,-,119.0,3135,3133,-2,2,1,1091,1091,0,0,0,674,673,-1,3,-8,3501,3501,0,2,-2,1249,1250,1,0,-1,3284,213,1,3,-20
1787464234.517,B',0,1,-,119.0,3136,3133,-3,2,1,1091,1090,-1,0,-1,674,673,-1,3,-8,3501,3501,0,2,-2,1250,1250,0,0,-1,214,1231,-7,0,-21
1787464234.658,B',0,1,-,119.0,3136,3133,-3,2,1,1091,1090,-1,0,-1,674,673,-1,3,-8,3501,3501,0,2,-2,1249,1250,1,0,-1,1233,2258,1,1,-20
1787464234.795,B',0,1,-,119.0,3135,3133,-2,2,1,1091,1090,-1,0,-1,674,673,-1,3,-8,3501,3501,0,2,-2,1249,1250,1,0,-1,2260,3283,-1,2,-19
1787464234.933,B',0,1,-,119.0,3135,3133,-2,2,1,1091,1090,-1,0,-1,674,673,-1,3,-8,3501,3501,0,2,-2,1250,1250,0,0,-1,3284,213,1,3,-20
1787464235.070,B',0,1,-,119.0,3135,3133,-2,2,1,1091,1090,-1,0,-1,674,673,-1,3,-8,3501,3501,0,2,-2,1249,1250,1,0,-1,214,1231,-7,0,-21
1787464235.210,B',0,1,-,119.0,3136,3133,-3,2,1,1091,1090,-1,0,-1,674,673,-1,3,-8,3501,3501,0,2,-2,1249,1250,1,0,-1,1233,2258,1,1,-20
1787464235.345,B',0,1,-,119.0,3135,3133,-2,2,1,1091,1090,-1,0,-1,674,674,0,3,-7,3501,3501,0,2,-2,1249,1250,1,0,-1,2260,3283,-1,2,-19
1787464235.483,B',0,1,-,119.0,3135,3133,-2,2,1,1091,1090,-1,0,-1,674,673,-1,3,-8,3501,3501,0,2,-2,1250,1250,0,0,-1,3284,213,1,3,-20
1787464235.619,B',0,1,-,119.0,3135,3133,-2,2,1,1091,1090,-1,0,-1,674,674,0,3,-7,3501,3501,0,2,-2,1249,1250,1,0,-1,214,1231,-7,0,-21
1787464235.759,B',0,1,-,119.0,3135,3133,-2,2,1,1091,1091,0,0,0,674,673,-1,3,-8,3501,3501,0,2,-2,1249,1250,1,0,-1,1233,2258,1,1,-20
1787464235.896,B',0,1,-,119.0,3135,3133,-2,2,1,1091,1090,-1,0,-1,674,673,-1,3,-8,3501,3501,0,2,-2,1250,1250,0,0,-1,2259,3282,-1,2,-20
1787464236.030,B',0,1,-,119.0,3135,3133,-2,2,1,1091,1090,-1,0,-1,674,673,-1,3,-8,3501,3501,0,2,-2,1249,1250,1,0,-1,3284,213,1,3,-20
1787464236.167,B',0,1,-,119.0,3135,3133,-2,2,1,1091,1090,-1,0,-1,674,673,-1,3,-8,3501,3501,0,2,-2,1250,1250,0,0,-1,214,1231,-7,0,-21
1787464236.301,B',0,1,-,119.0,3135,3133,-2,2,1,1091,1090,-1,0,-1,674,674,0,3,-7,3501,3501,0,2,-2,1250,1250,0,0,-1,1233,2258,1,1,-20
1787464236.445,B',0,1,-,119.0,3135,3133,-2,2,1,1091,1090,-1,0,-1,674,673,-1,3,-8,3501,3501,0,2,-2,1249,1250,1,0,-1,2259,3282,-1,2,-20
1787464236.583,B',0,1,-,119.0,3135,3133,-2,2,1,1091,1090,-1,0,-1,674,673,-1,3,-8,3501,3501,0,2,-2,1250,1250,0,0,-1,3284,213,1,3,-20
1787464236.720,B',0,1,-,119.0,3135,3133,-2,2,1,1091,1090,-1,0,-1,674,674,0,3,-7,3501,3501,0,2,-2,1250,1250,0,0,-1,214,1231,-7,0,-21
1787464236.860,B',0,1,-,119.0,3135,3133,-2,2,1,1091,1090,-1,0,-1,674,673,-1,3,-8,3501,3501,0,2,-2,1249,1250,1,0,-1,1233,2258,1,1,-20
1787464236.984,B',0,1,-,119.0,3135,3133,-2,2,1,1091,1090,-1,0,-1,674,673,-1,3,-8,3501,3501,0,2,-2,1249,1250,1,0,-1,2259,3282,-1,2,-20
1787464237.133,B',0,1,-,119.0,3135,3133,-2,2,1,1091,1090,-1,0,-1,674,673,-1,3,-8,3501,3501,0,2,-2,1250,1250,0,0,-1,3284,213,1,3,-20
1787464237.268,B',0,1,-,119.0,3135,3133,-2,2,1,1091,1090,-1,0,-1,674,673,-1,3,-8,3501,3501,0,2,-2,1250,1250,0,0,-1,214,1231,-7,0,-21
1787464237.402,B',0,1,-,119.0,3135,3133,-2,2,1,1091,1090,-1,0,-1,674,673,-1,3,-8,3501,3501,0,2,-2,1250,1250,0,0,-1,1233,2258,1,1,-20
1787464237.545,B',0,1,-,119.0,3135,3133,-2,2,1,1091,1090,-1,0,-1,674,673,-1,3,-8,3501,3501,0,2,-2,1249,1250,1,0,-1,2259,3282,-1,2,-20
1787464237.683,B',0,1,-,119.0,3136,3133,-3,2,1,1091,1090,-1,0,-1,674,673,-1,3,-8,3501,3501,0,2,-2,1250,1250,0,0,-1,3284,213,1,3,-20
1787464237.820,B',0,1,-,119.0,3135,3133,-2,2,1,1091,1090,-1,0,-1,674,673,-1,3,-8,3501,3501,0,2,-2,1250,1250,0,0,-1,214,1231,-7,0,-21
1787464237.957,B',0,1,-,119.0,3135,3133,-2,2,1,1091,1090,-1,0,-1,674,673,-1,3,-8,3501,3501,0,2,-2,1249,1250,1,0,-1,1233,2258,1,1,-20
1787464238.086,B',0,1,-,119.0,3135,3133,-2,2,1,1091,1090,-1,0,-1,674,674,0,3,-7,3501,3501,0,2,-2,1249,1250,1,0,-1,2259,3283,0,2,-19
1787464238.219,B',0,1,-,119.0,3135,3133,-2,2,1,1091,1091,0,0,0,674,674,0,3,-7,3501,3501,0,2,-2,1250,1250,0,0,-1,3284,213,1,3,-20
1787464238.370,B',0,1,-,119.0,3135,3133,-2,2,1,1091,1091,0,0,0,674,673,-1,3,-8,3501,3501,0,2,-2,1249,1250,1,0,-1,214,1232,-6,0,-20
1787464238.505,B',0,1,-,119.0,3135,3133,-2,2,1,1091,1090,-1,0,-1,674,673,-1,3,-8,3501,3501,0,2,-2,1250,1250,0,0,-1,1232,2258,2,1,-20
1787464238.635,B',0,1,-,119.0,3135,3133,-2,2,1,1091,1090,-1,0,-1,674,673,-1,3,-8,3501,3501,0,2,-2,1250,1250,0,0,-1,2260,3282,-2,2,-20
1787464238.780,B',0,1,-,119.0,3135,3133,-2,2,1,1091,1091,0,0,0,674,673,-1,3,-8,3501,3501,0,2,-2,1249,1250,1,0,-1,3284,213,1,3,-20
1787464238.920,B',0,1,-,119.0,3135,3133,-2,2,1,1091,1090,-1,0,-1,674,673,-1,3,-8,3501,3501,0,2,-2,1249,1250,1,0,-1,214,1231,-7,0,-21
1787464239.050,B',0,1,-,119.0,3135,3133,-2,2,1,1091,1090,-1,0,-1,674,674,0,3,-7,3501,3501,0,2,-2,1249,1250,1,0,-1,1233,2258,1,1,-20
1787464239.195,B',0,1,-,119.0,3135,3133,-2,2,1,1091,1090,-1,0,-1,674,673,-1,3,-8,3501,3501,0,2,-2,1250,1250,0,0,-1,2260,3282,-2,2,-20
1787464239.333,B',0,1,-,119.0,3135,3133,-2,2,1,1091,1090,-1,0,-1,674,674,0,3,-7,3501,3501,0,2,-2,1250,1250,0,0,-1,3284,213,1,3,-20
1787464239.469,B',0,1,-,119.0,3135,3133,-2,2,1,1091,1090,-1,0,-1,674,674,0,3,-7,3501,3501,0,2,-2,1249,1250,1,0,-1,214,1231,-7,0,-21
1787464239.606,B',0,1,-,119.0,3135,3133,-2,2,1,1091,1090,-1,0,-1,674,673,-1,3,-8,3501,3501,0,2,-2,1249,1250,1,0,-1,1233,2258,1,1,-20
1787464239.745,B',0,1,-,119.0,3135,3133,-2,2,1,1091,1090,-1,0,-1,674,673,-1,3,-8,3501,3501,0,2,-2,1249,1250,1,0,-1,2260,3282,-2,2,-20
1787464239.882,B',0,1,-,119.0,3135,3133,-2,2,1,1091,1090,-1,0,-1,674,674,0,3,-7,3501,3501,0,2,-2,1249,1250,1,0,-1,3284,213,1,3,-20
1787464240.020,B',0,1,-,119.0,3135,3133,-2,2,1,1091,1090,-1,0,-1,674,673,-1,3,-8,3501,3501,0,2,-2,1250,1250,0,0,-1,214,1231,-7,0,-21
1787464240.159,B',0,1,-,119.0,3135,3133,-2,2,1,1091,1090,-1,0,-1,674,674,0,3,-7,3501,3501,0,2,-2,1249,1250,1,0,-1,1233,2258,1,1,-20
1787464240.294,B',0,1,-,119.0,3135,3133,-2,2,1,1091,1090,-1,0,-1,674,673,-1,3,-8,3501,3501,0,2,-2,1249,1250,1,0,-1,2260,3282,-2,2,-20
1787464240.432,B',0,1,-,119.0,3135,3133,-2,2,1,1091,1090,-1,0,-1,674,674,0,3,-7,3501,3501,0,2,-2,1250,1250,0,0,-1,3284,213,1,3,-20
1787464240.570,B',0,1,-,119.0,3135,3133,-2,2,1,1091,1090,-1,0,-1,674,673,-1,3,-8,3501,3501,0,2,-2,1250,1250,0,0,-1,214,1231,-7,0,-21
1787464240.704,B',0,1,-,119.0,3135,3133,-2,2,1,1091,1090,-1,0,-1,674,673,-1,3,-8,3501,3501,0,2,-2,1249,1250,1,0,-1,1233,2258,1,1,-20
1787464240.845,B',0,1,-,119.0,3135,3133,-2,2,1,1091,1090,-1,0,-1,674,673,-1,3,-8,3501,3501,0,2,-2,1249,1250,1,0,-1,2259,3282,-1,2,-20
1787464240.983,B',0,1,-,119.0,3135,3133,-2,2,1,1091,1090,-1,0,-1,674,673,-1,3,-8,3501,3501,0,2,-2,1249,1250,1,0,-1,3284,213,1,3,-20
1787464241.118,B',0,1,-,119.0,3135,3133,-2,2,1,1091,1090,-1,0,-1,674,673,-1,3,-8,3501,3501,0,2,-2,1250,1250,0,0,-1,214,1231,-7,0,-21
1787464241.251,B',0,1,-,119.0,3135,3133,-2,2,1,1091,1090,-1,0,-1,674,674,0,3,-7,3501,3501,0,2,-2,1250,1250,0,0,-1,1232,2258,2,1,-20
1787464241.383,B',0,1,-,119.0,3135,3133,-2,2,1,1091,1090,-1,0,-1,674,674,0,3,-7,3501,3501,0,2,-2,1249,1250,1,0,-1,2259,3282,-1,2,-20
1787464241.534,B',0,1,-,119.0,3135,3133,-2,2,1,1091,1090,-1,0,-1,674,673,-1,3,-8,3501,3501,0,2,-2,1249,1250,1,0,-1,3284,213,1,3,-20
1787464241.666,B',0,1,-,119.0,3135,3133,-2,2,1,1091,1090,-1,0,-1,674,673,-1,3,-8,3501,3501,0,2,-2,1250,1250,0,0,-1,214,1231,-7,0,-21
1787464241.807,B',0,1,-,119.0,3135,3133,-2,2,1,1091,1090,-1,0,-1,674,674,0,3,-7,3501,3501,0,2,-2,1250,1250,0,0,-1,1233,2258,1,1,-20
1787464241.938,B',0,1,-,119.0,3135,3133,-2,2,1,1091,1090,-1,0,-1,674,673,-1,3,-8,3501,3501,0,2,-2,1249,1250,1,0,-1,2260,3283,-1,2,-19
1787464242.083,B',0,1,-,119.0,3135,3133,-2,2,1,1091,1090,-1,0,-1,674,673,-1,3,-8,3501,3501,0,2,-2,1249,1250,1,0,-1,3284,213,1,3,-20
1787464242.220,B',0,1,-,119.0,3135,3133,-2,2,1,1091,1090,-1,0,-1,674,673,-1,3,-8,3501,3501,0,2,-2,1249,1250,1,0,-1,214,1231,-7,0,-21
1787464242.357,B',0,1,-,119.0,3135,3133,-2,2,1,1091,1090,-1,0,-1,674,673,-1,3,-8,3501,3501,0,2,-2,1249,1250,1,0,-1,1233,2258,1,1,-20
1787464242.495,B',0,1,-,119.0,3135,3133,-2,2,1,1091,1090,-1,0,-1,674,673,-1,3,-8,3501,3501,0,2,-2,1250,1250,0,0,-1,2259,3282,-1,2,-20
1787464242.632,B',0,1,-,119.0,3135,3133,-2,2,1,1091,1090,-1,0,-1,674,673,-1,3,-8,3501,3501,0,2,-2,1250,1250,0,0,-1,3284,213,1,3,-20
1787464242.769,B',0,1,-,119.0,3135,3133,-2,2,1,1091,1091,0,0,0,674,674,0,3,-7,3501,3501,0,2,-2,1249,1250,1,0,-1,214,1231,-7,0,-21
1787464242.902,B',0,1,-,119.0,3135,3133,-2,2,1,1091,1090,-1,0,-1,674,673,-1,3,-8,3501,3501,0,2,-2,1249,1250,1,0,-1,1232,2258,2,1,-20
1787464243.035,B',0,1,-,119.0,3135,3133,-2,2,1,1091,1090,-1,0,-1,674,673,-1,3,-8,3501,3501,0,2,-2,1249,1250,1,0,-1,2259,3282,-1,2,-20
1787464243.176,B',0,1,-,119.0,3135,3133,-2,2,1,1091,1090,-1,0,-1,674,673,-1,3,-8,3501,3501,0,2,-2,1249,1250,1,0,-1,3284,213,1,3,-20
1787464243.320,B',0,1,-,119.0,3135,3133,-2,2,1,1091,1090,-1,0,-1,674,673,-1,3,-8,3501,3501,0,2,-2,1249,1250,1,0,-1,214,1231,-7,0,-21
1787464243.452,B',0,1,-,119.0,3135,3133,-2,2,1,1091,1090,-1,0,-1,674,674,0,3,-7,3501,3501,0,2,-2,1249,1250,1,0,-1,1233,2258,1,1,-20
1787464243.583,B',0,1,-,119.0,3135,3133,-2,2,1,1091,1090,-1,0,-1,674,673,-1,3,-8,3501,3501,0,2,-2,1249,1250,1,0,-1,2260,3282,-2,2,-20
1787464243.717,B',0,1,-,119.0,3135,3133,-2,2,1,1091,1090,-1,0,-1,674,673,-1,3,-8,3501,3501,0,2,-2,1250,1250,0,0,-1,3284,213,1,3,-20
1787464243.868,B',0,1,-,119.0,3135,3133,-2,2,1,1091,1090,-1,0,-1,674,673,-1,3,-8,3501,3501,0,2,-2,1249,1250,1,0,-1,214,1231,-7,0,-21
1787464244.000,B',0,1,-,119.0,3135,3133,-2,2,1,1091,1090,-1,0,-1,674,674,0,3,-7,3501,3501,0,2,-2,1250,1249,-1,0,-2,1232,2258,2,1,-20
1787464244.145,B',0,1,-,119.0,3135,3133,-2,2,1,1091,1090,-1,0,-1,674,674,0,3,-7,3501,3501,0,2,-2,1249,1250,1,0,-1,2259,3282,-1,2,-20
1787464244.283,B',0,1,-,119.0,3135,3133,-2,2,1,1091,1090,-1,0,-1,674,673,-1,3,-8,3501,3501,0,2,-2,1250,1250,0,0,-1,3284,213,1,3,-20
1787464244.418,B',0,1,-,119.0,3136,3133,-3,2,1,1091,1090,-1,0,-1,674,673,-1,3,-8,3501,3501,0,2,-2,1250,1250,0,0,-1,214,1231,-7,0,-21
1787464244.557,B',0,1,-,119.0,3135,3133,-2,2,1,1091,1090,-1,0,-1,674,673,-1,3,-8,3501,3501,0,2,-2,1249,1250,1,0,-1,1232,2258,2,1,-20
1787464244.695,B',0,1,-,119.0,3135,3133,-2,2,1,1091,1090,-1,0,-1,674,673,-1,3,-8,3501,3501,0,2,-2,1249,1250,1,0,-1,2259,3283,0,2,-19
1787464244.832,B',0,1,-,119.0,3135,3133,-2,2,1,1091,1090,-1,0,-1,674,673,-1,3,-8,3501,3501,0,2,-2,1250,1250,0,0,-1,3284,213,1,3,-20
1787464244.969,B',0,1,-,119.0,3135,3133,-2,2,1,1091,1091,0,0,0,674,674,0,3,-7,3501,3501,0,2,-2,1249,1250,1,0,-1,214,1231,-7,0,-21
1787464245.102,B',0,1,-,119.0,3135,3133,-2,2,1,1091,1090,-1,0,-1,674,674,0,3,-7,3501,3501,0,2,-2,1249,1250,1,0,-1,1232,2258,2,1,-20
1787464245.245,B',0,1,-,119.0,3135,3133,-2,2,1,1091,1090,-1,0,-1,674,673,-1,3,-8,3501,3501,0,2,-2,1249,1250,1,0,-1,2260,3282,-2,2,-20
1787464245.381,B',0,1,-,119.0,3135,3133,-2,2,1,1091,1090,-1,0,-1,674,673,-1,3,-8,3501,3501,0,2,-2,1249,1250,1,0,-1,3284,213,1,3,-20
1787464245.518,B',0,1,-,119.0,3135,3133,-2,2,1,1091,1090,-1,0,-1,674,673,-1,3,-8,3501,3501,0,2,-2,1249,1250,1,0,-1,214,1231,-7,0,-21
1787464245.656,B',0,1,-,119.0,3135,3133,-2,2,1,1091,1090,-1,0,-1,674,674,0,3,-7,3501,3501,0,2,-2,1249,1250,1,0,-1,1233,2258,1,1,-20
1787464245.789,B',0,1,-,119.0,3135,3133,-2,2,1,1091,1090,-1,0,-1,674,673,-1,3,-8,3501,3501,0,2,-2,1250,1250,0,0,-1,2260,3282,-2,2,-20
1787464245.921,B',0,1,-,119.0,3135,3133,-2,2,1,1091,1090,-1,0,-1,674,673,-1,3,-8,3501,3501,0,2,-2,1250,1250,0,0,-1,3284,213,1,3,-20
1787464246.066,B',0,1,-,119.0,3135,3133,-2,2,1,1091,1090,-1,0,-1,674,673,-1,3,-8,3501,3501,0,2,-2,1249,1250,1,0,-1,214,1231,-7,0,-21
1787464246.208,B',0,1,-,119.0,3135,3133,-2,2,1,1091,1090,-1,0,-1,674,673,-1,3,-8,3501,3501,0,2,-2,1249,1250,1,0,-1,1233,2258,1,1,-20
1787464246.344,B',0,1,-,119.0,3136,3133,-3,2,1,1091,1090,-1,0,-1,674,673,-1,3,-8,3501,3501,0,2,-2,1250,1250,0,0,-1,2259,3282,-1,2,-20
1787464246.482,B',0,1,-,119.0,3136,3133,-3,2,1,1091,1090,-1,0,-1,674,674,0,3,-7,3501,3501,0,2,-2,1250,1250,0,0,-1,3284,213,1,3,-20
1787464246.620,B',0,1,-,119.0,3135,3133,-2,2,1,1091,1090,-1,0,-1,674,673,-1,3,-8,3501,3501,0,2,-2,1249,1250,1,0,-1,214,1231,-7,0,-21
1787464246.757,B',0,1,-,119.0,3135,3133,-2,2,1,1091,1090,-1,0,-1,674,673,-1,3,-8,3501,3501,0,2,-2,1249,1250,1,0,-1,1233,2258,1,1,-20
1787464246.894,B',0,1,-,119.0,3135,3133,-2,2,1,1091,1090,-1,0,-1,674,673,-1,3,-8,3501,3501,0,2,-2,1249,1250,1,0,-1,2260,3282,-2,2,-20
1787464247.030,B',0,1,-,119.0,3135,3133,-2,2,1,1091,1090,-1,0,-1,674,673,-1,3,-8,3501,3501,0,2,-2,1250,1250,0,0,-1,3284,213,1,3,-20
1787464247.170,B',0,1,-,119.0,3135,3133,-2,2,1,1091,1090,-1,0,-1,674,674,0,3,-7,3501,3501,0,2,-2,1250,1250,0,0,-1,214,1231,-7,0,-21
1787464247.307,B',0,1,-,119.0,3135,3133,-2,2,1,1091,1090,-1,0,-1,674,673,-1,3,-8,3501,3501,0,2,-2,1249,1250,1,0,-1,1233,2258,1,1,-20
1787464247.445,B',0,1,-,119.0,3135,3133,-2,2,1,1091,1091,0,0,0,674,673,-1,3,-8,3501,3501,0,2,-2,1249,1250,1,0,-1,2259,3283,0,2,-19
1787464247.573,B',0,1,-,119.0,3135,3133,-2,2,1,1091,1090,-1,0,-1,674,674,0,3,-7,3501,3501,0,2,-2,1249,1250,1,0,-1,3284,213,1,3,-20
1787464247.718,B',0,1,-,119.0,3136,3133,-3,2,1,1091,1090,-1,0,-1,674,673,-1,3,-8,3501,3501,0,2,-2,1250,1250,0,0,-1,214,1231,-7,0,-21
1787464247.853,B',0,1,-,119.0,3135,3133,-2,2,1,1091,1090,-1,0,-1,674,673,-1,3,-8,3501,3501,0,2,-2,1249,1250,1,0,-1,1233,2258,1,1,-20
1787464247.986,B',0,1,-,119.0,3135,3133,-2,2,1,1091,1090,-1,0,-1,674,674,0,3,-7,3501,3501,0,2,-2,1249,1250,1,0,-1,2259,3282,-1,2,-20
1787464248.131,B',0,1,-,119.0,3135,3133,-2,2,1,1091,1090,-1,0,-1,674,673,-1,3,-8,3501,3501,0,2,-2,1250,1250,0,0,-1,3284,213,1,3,-20
1787464248.270,B',0,1,-,119.0,3135,3133,-2,2,1,1091,1091,0,0,0,674,673,-1,3,-8,3501,3501,0,2,-2,1250,1250,0,0,-1,214,1231,-7,0,-21
1787464248.407,B',0,1,-,119.0,3135,3133,-2,2,1,1091,1090,-1,0,-1,674,673,-1,3,-8,3501,3501,0,2,-2,1250,1250,0,0,-1,1233,2258,1,1,-20
1787464248.533,B',0,1,-,119.0,3135,3133,-2,2,1,1091,1090,-1,0,-1,674,674,0,3,-7,3501,3501,0,2,-2,1249,1250,1,0,-1,2259,3282,-1,2,-20
1787464248.682,B',0,1,-,119.0,3135,3133,-2,2,1,1091,1090,-1,0,-1,674,673,-1,3,-8,3501,3501,0,2,-2,1250,1250,0,0,-1,3284,213,1,3,-20
1787464248.815,B',0,1,-,119.0,3135,3133,-2,2,1,1091,1090,-1,0,-1,674,674,0,3,-7,3501,3501,0,2,-2,1249,1250,1,0,-1,214,1231,-7,0,-21
1787464248.953,B',0,1,-,119.0,3135,3133,-2,2,1,1091,1090,-1,0,-1,674,673,-1,3,-8,3501,3501,0,2,-2,1249,1250,1,0,-1,1233,2258,1,1,-20
1787464249.093,B',0,1,-,119.0,3135,3133,-2,2,1,1091,1090,-1,0,-1,674,674,0,3,-7,3501,3501,0,2,-2,1249,1250,1,0,-1,2259,3283,0,2,-19
1787464249.218,B',0,1,-,119.0,3135,3133,-2,2,1,1091,1090,-1,0,-1,674,673,-1,3,-8,3501,3501,0,2,-2,1250,1250,0,0,-1,3284,213,1,3,-20
1787464249.370,B',0,1,-,119.0,3135,3133,-2,2,1,1091,1091,0,0,0,674,673,-1,3,-8,3501,3501,0,2,-2,1249,1250,1,0,-1,214,1231,-7,0,-21
1787464249.507,B',0,1,-,119.0,3135,3133,-2,2,1,1091,1090,-1,0,-1,674,674,0,3,-7,3501,3501,0,2,-2,1250,1250,0,0,-1,1232,2258,2,1,-20
1787464249.644,B',0,1,-,119.0,3136,3133,-3,2,1,1091,1090,-1,0,-1,674,673,-1,3,-8,3501,3501,0,2,-2,1250,1250,0,0,-1,2260,3282,-2,2,-20
1787464249.782,B',0,1,-,119.0,3135,3133,-2,2,1,1091,1091,0,0,0,674,673,-1,3,-8,3501,3501,0,2,-2,1249,1250,1,0,-1,3284,213,1,3,-20
1787464249.919,B',0,1,-,119.0,3135,3133,-2,2,1,1091,1091,0,0,0,674,674,0,3,-7,3501,3501,0,2,-2,1249,1250,1,0,-1,214,1231,-7,0,-21
1787464250.053,B',0,1,-,119.0,3135,3133,-2,2,1,1091,1091,0,0,0,674,673,-1,3,-8,3501,3501,0,2,-2,1249,1250,1,0,-1,1233,2258,1,1,-20
1787464250.191,B',0,1,-,119.0,3135,3133,-2,2,1,1091,1090,-1,0,-1,674,673,-1,3,-8,3501,3501,0,2,-2,1250,1250,0,0,-1,2259,3283,0,2,-19
1787464250.319,B',0,1,-,119.0,3135,3133,-2,2,1,1091,1091,0,0,0,674,674,0,3,-7,3501,3501,0,2,-2,1249,1250,1,0,-1,3284,213,1,3,-20
1787464250.468,B',0,1,-,119.0,3135,3133,-2,2,1,1091,1090,-1,0,-1,674,673,-1,3,-8,3501,3501,0,2,-2,1249,1250,1,0,-1,214,1231,-7,0,-21
1787464250.599,B',0,1,-,119.0,3135,3133,-2,2,1,1091,1090,-1,0,-1,674,673,-1,3,-8,3501,3501,0,2,-2,1249,1250,1,0,-1,1233,2258,1,1,-20
1787464250.735,B',0,1,-,119.0,3135,3133,-2,2,1,1091,1090,-1,0,-1,674,673,-1,3,-8,3501,3501,0,2,-2,1250,1250,0,0,-1,2260,3282,-2,2,-20
1787464250.867,B',0,1,-,119.0,3135,3133,-2,2,1,1091,1090,-1,0,-1,674,673,-1,3,-8,3501,3501,0,2,-2,1250,1250,0,0,-1,3284,213,1,3,-20
1787464251.020,B',0,1,-,119.0,3135,3133,-2,2,1,1091,1090,-1,0,-1,674,673,-1,3,-8,3501,3501,0,2,-2,1249,1250,1,0,-1,214,1231,-7,0,-21
1787464251.156,B',0,1,-,119.0,3135,3133,-2,2,1,1091,1090,-1,0,-1,674,673,-1,3,-8,3501,3501,0,2,-2,1250,1250,0,0,-1,1233,2258,1,1,-20
1787464251.294,B',0,1,-,119.0,3135,3133,-2,2,1,1091,1090,-1,0,-1,674,674,0,3,-7,3501,3501,0,2,-2,1249,1250,1,0,-1,2259,3282,-1,2,-20
1787464251.433,B',0,1,-,119.0,3135,3133,-2,2,1,1091,1090,-1,0,-1,674,673,-1,3,-8,3501,3501,0,2,-2,1249,1250,1,0,-1,3284,213,1,3,-20
1787464251.568,B',0,1,-,119.0,3135,3133,-2,2,1,1091,1090,-1,0,-1,674,673,-1,3,-8,3501,3501,0,2,-2,1249,1250,1,0,-1,214,1231,-7,0,-21
1787464251.701,B',0,1,-,119.0,3135,3133,-2,2,1,1091,1090,-1,0,-1,674,674,0,3,-7,3501,3501,0,2,-2,1250,1250,0,0,-1,1233,2258,1,1,-20
1787464251.845,B',0,1,-,119.0,3135,3133,-2,2,1,1091,1090,-1,0,-1,674,674,0,3,-7,3501,3501,0,2,-2,1249,1250,1,0,-1,2259,3282,-1,2,-20
1787464251.981,B',0,1,-,119.0,3135,3133,-2,2,1,1091,1090,-1,0,-1,674,673,-1,3,-8,3501,3501,0,2,-2,1250,1250,0,0,-1,3284,213,1,3,-20
1787464252.120,B',0,1,-,119.0,3135,3133,-2,2,1,1091,1090,-1,0,-1,674,674,0,3,-7,3501,3501,0,2,-2,1249,1250,1,0,-1,214,1231,-7,0,-21
1787464252.253,B',0,1,-,119.0,3135,3133,-2,2,1,1091,1090,-1,0,-1,674,673,-1,3,-8,3501,3501,0,2,-2,1249,1249,0,0,-2,1233,2258,1,1,-20
1787464252.394,B',0,1,-,119.0,3135,3133,-2,2,1,1091,1090,-1,0,-1,674,674,0,3,-7,3501,3501,0,2,-2,1249,1250,1,0,-1,2259,3282,-1,2,-20
1787464252.532,B',0,1,-,119.0,3135,3133,-2,2,1,1091,1090,-1,0,-1,674,673,-1,3,-8,3501,3501,0,2,-2,1250,1250,0,0,-1,3284,213,1,3,-20
1787464252.669,B',0,1,-,119.0,3135,3133,-2,2,1,1091,1090,-1,0,-1,674,673,-1,3,-8,3501,3501,0,2,-2,1250,1250,0,0,-1,214,1231,-7,0,-21
1787464252.806,B',0,1,-,119.0,3135,3133,-2,2,1,1091,1090,-1,0,-1,674,673,-1,3,-8,3501,3501,0,2,-2,1249,1250,1,0,-1,1233,2258,1,1,-20
1787464252.939,B',0,1,-,119.0,3135,3133,-2,2,1,1091,1091,0,0,0,674,674,0,3,-7,3501,3501,0,2,-2,1250,1250,0,0,-1,2259,3283,0,2,-19
1787464253.070,B',0,1,-,119.0,3135,3133,-2,2,1,1091,1090,-1,0,-1,674,673,-1,3,-8,3501,3501,0,2,-2,1249,1250,1,0,-1,3284,213,1,3,-20
1787464253.215,B',0,1,-,119.0,3135,3133,-2,2,1,1091,1090,-1,0,-1,674,673,-1,3,-8,3501,3501,0,2,-2,1249,1250,1,0,-1,214,1231,-7,0,-21
1787464253.357,B',0,1,-,119.0,3135,3133,-2,2,1,1091,1090,-1,0,-1,674,673,-1,3,-8,3501,3501,0,2,-2,1249,1250,1,0,-1,1232,2258,2,1,-20
1787464253.483,B',0,1,-,119.0,3135,3133,-2,2,1,1091,1090,-1,0,-1,674,673,-1,3,-8,3501,3501,0,2,-2,1249,1250,1,0,-1,2259,3282,-1,2,-20
1787464253.632,B',0,1,-,119.0,3135,3133,-2,2,1,1091,1090,-1,0,-1,674,673,-1,3,-8,3501,3501,0,2,-2,1249,1250,1,0,-1,3284,213,1,3,-20
1787464253.769,B',0,1,-,119.0,3135,3133,-2,2,1,1091,1090,-1,0,-1,674,674,0,3,-7,3501,3501,0,2,-2,1249,1250,1,0,-1,214,1231,-7,0,-21
1787464253.903,B',0,1,-,119.0,3136,3133,-3,2,1,1091,1090,-1,0,-1,674,673,-1,3,-8,3501,3501,0,2,-2,1249,1250,1,0,-1,1233,2258,1,1,-20
1787464254.039,B',0,1,-,119.0,3135,3133,-2,2,1,1091,1091,0,0,0,674,673,-1,3,-8,3501,3501,0,2,-2,1250,1250,0,0,-1,2260,3282,-2,2,-20
1787464254.170,B',0,1,-,119.0,3135,3133,-2,2,1,1091,1090,-1,0,-1,674,673,-1,3,-8,3501,3501,0,2,-2,1249,1250,1,0,-1,3284,213,1,3,-20
1787464254.318,B',0,1,-,119.0,3135,3133,-2,2,1,1091,1090,-1,0,-1,674,674,0,3,-7,3501,3501,0,2,-2,1249,1250,1,0,-1,214,1231,-7,0,-21
1787464254.452,B',0,1,-,119.0,3135,3133,-2,2,1,1091,1090,-1,0,-1,674,673,-1,3,-8,3501,3501,0,2,-2,1250,1250,0,0,-1,1233,2258,1,1,-20
1787464254.594,B',0,1,-,119.0,3135,3133,-2,2,1,1091,1091,0,0,0,674,673,-1,3,-8,3501,3501,0,2,-2,1250,1250,0,0,-1,2259,3282,-1,2,-20
1787464254.728,B',0,1,-,119.0,3135,3133,-2,2,1,1091,1091,0,0,0,674,673,-1,3,-8,3501,3501,0,2,-2,1249,1250,1,0,-1,3284,213,1,3,-20
1787464254.869,B',0,1,-,119.0,3135,3133,-2,2,1,1091,1090,-1,0,-1,674,673,-1,3,-8,3501,3501,0,2,-2,1250,1250,0,0,-1,214,1231,-7,0,-21
1787464255.007,B',0,1,-,119.0,3135,3133,-2,2,1,1091,1090,-1,0,-1,674,674,0,3,-7,3501,3501,0,2,-2,1249,1250,1,0,-1,1233,2258,1,1,-20
1787464255.134,B',0,1,-,119.0,3135,3133,-2,2,1,1091,1091,0,0,0,674,673,-1,3,-8,3501,3501,0,2,-2,1249,1250,1,0,-1,2259,3282,-1,2,-20
1787464255.281,B',0,1,-,119.0,3135,3133,-2,2,1,1091,1090,-1,0,-1,674,673,-1,3,-8,3501,3501,0,2,-2,1250,1250,0,0,-1,3284,213,1,3,-20
1787464255.417,B',0,1,-,119.0,3135,3133,-2,2,1,1091,1090,-1,0,-1,674,673,-1,3,-8,3501,3501,0,2,-2,1249,1250,1,0,-1,214,1231,-7,0,-21
1787464255.684,B2,0,1,-,219.0,3135,3133,-2,2,1,1091,1090,-1,0,-1,674,673,-1,3,-8,3501,3501,0,2,-2,1249,1250,1,0,-1,1232,3284,4,2,-18
1787464255.934,B2,0,1,-,219.0,3135,3133,-2,2,1,1091,1090,-1,0,-1,674,673,-1,3,-8,3501,3501,0,2,-2,1249,1250,1,0,-1,3285,1233,-4,0,-19
1787464256.172,B2,0,1,-,219.0,3135,3133,-2,2,1,1091,1090,-1,0,-1,674,673,-1,3,-8,3501,3501,0,2,-2,1249,1250,1,0,-1,1234,3284,2,2,-18
1787464256.411,B2,0,1,-,219.0,3136,3133,-3,2,1,1091,1090,-1,0,-1,674,673,-1,3,-8,3501,3501,0,2,-2,1250,1250,0,0,-1,3285,1233,-4,0,-19
1787464256.648,B2,0,1,-,219.0,3135,3133,-2,2,1,1091,1090,-1,0,-1,674,673,-1,3,-8,3501,3501,0,2,-2,1249,1250,1,0,-1,1233,3285,4,2,-17
1787464256.882,B2,0,1,-,219.0,3135,3133,-2,2,1,1091,1091,0,0,0,674,673,-1,3,-8,3501,3501,0,2,-2,1249,1250,1,0,-1,3285,1233,-4,0,-19
1787464257.117,B2,0,1,-,219.0,3135,3133,-2,2,1,1091,1090,-1,0,-1,674,673,-1,3,-8,3501,3501,0,2,-2,1250,1250,0,0,-1,1234,3284,2,2,-18
1787464257.352,B2,0,1,-,219.0,3135,3133,-2,2,1,1091,1090,-1,0,-1,674,673,-1,3,-8,3501,3501,0,2,-2,1249,1250,1,0,-1,3285,1233,-4,0,-19
1787464257.598,B2,0,1,-,219.0,3135,3133,-2,2,1,1091,1090,-1,0,-1,674,673,-1,3,-8,3501,3501,0,2,-2,1249,1250,1,0,-1,1234,3284,2,2,-18
1787464257.836,B2,0,1,-,219.0,3135,3133,-2,2,1,1091,1090,-1,0,-1,674,673,-1,3,-8,3501,3501,0,2,-2,1249,1250,1,0,-1,3285,1233,-4,0,-19
1787464258.073,B2,0,1,-,219.0,3135,3133,-2,2,1,1091,1090,-1,0,-1,674,673,-1,3,-8,3501,3501,0,2,-2,1249,1249,0,0,-2,1234,3284,2,2,-18
1787464258.311,B2,0,1,-,219.0,3135,3133,-2,2,1,1091,1090,-1,0,-1,674,673,-1,3,-8,3501,3501,0,2,-2,1249,1250,1,0,-1,3285,1233,-4,0,-19
1787464258.538,B2,0,1,-,219.0,3135,3133,-2,2,1,1091,1091,0,0,0,674,673,-1,3,-8,3501,3501,0,2,-2,1250,1250,0,0,-1,1234,3284,2,2,-18
1787464258.784,B2,0,1,-,219.0,3135,3133,-2,2,1,1091,1090,-1,0,-1,674,673,-1,3,-8,3501,3501,0,2,-2,1249,1250,1,0,-1,3286,1233,-5,0,-19
1787464259.019,B2,0,1,-,219.0,3135,3133,-2,2,1,1091,1090,-1,0,-1,674,673,-1,3,-8,3501,3501,0,2,-2,1249,1250,1,0,-1,1234,3285,3,2,-17
1787464259.261,B2,0,1,-,219.0,3135,3133,-2,2,1,1091,1090,-1,0,-1,674,673,-1,3,-8,3501,3501,0,2,-2,1249,1250,1,0,-1,3285,1233,-4,0,-19
1787464259.483,B2,0,1,-,219.0,3135,3133,-2,2,1,1091,1090,-1,0,-1,674,673,-1,3,-8,3501,3501,0,2,-2,1249,1250,1,0,-1,1233,3284,3,2,-18
1787464259.731,B2,0,1,-,219.0,3135,3133,-2,2,1,1091,1090,-1,0,-1,674,673,-1,3,-8,3501,3501,0,2,-2,1249,1250,1,0,-1,3285,1233,-4,0,-19
1787464259.972,B2,0,1,-,219.0,3135,3133,-2,2,1,1091,1090,-1,0,-1,674,674,0,3,-7,3501,3501,0,2,-2,1250,1250,0,0,-1,1234,3284,2,2,-18
1787464260.211,B2,0,1,-,219.0,3136,3133,-3,2,1,1091,1090,-1,0,-1,674,673,-1,3,-8,3501,3501,0,2,-2,1249,1250,1,0,-1,3285,1233,-4,0,-19
1787464260.447,B2,0,1,-,219.0,3135,3133,-2,2,1,1091,1090,-1,0,-1,674,673,-1,3,-8,3501,3501,0,2,-2,1249,1249,0,0,-2,1234,3285,3,2,-17
1787464260.686,B2,0,1,-,219.0,3135,3133,-2,2,1,1091,1090,-1,0,-1,674,673,-1,3,-8,3501,3501,0,2,-2,1250,1250,0,0,-1,3285,1233,-4,0,-19
1787464260.923,B2,0,1,-,219.0,3135,3133,-2,2,1,1091,1091,0,0,0,674,673,-1,3,-8,3501,3501,0,2,-2,1249,1250,1,0,-1,1234,3285,3,2,-17
1787464261.163,B2,0,1,-,219.0,3135,3133,-2,2,1,1091,1090,-1,0,-1,674,673,-1,3,-8,3501,3501,0,2,-2,1249,1250,1,0,-1,3285,1233,-4,0,-19
1787464261.399,B2,0,1,-,219.0,3135,3133,-2,2,1,1091,1090,-1,0,-1,674,674,0,3,-7,3501,3501,0,2,-2,1250,1250,0,0,-1,1234,3285,3,2,-17
1787464261.636,B2,0,1,-,219.0,3135,3133,-2,2,1,1091,1090,-1,0,-1,674,673,-1,3,-8,3501,3501,0,2,-2,1249,1250,1,0,-1,3285,1233,-4,0,-19
1787464261.869,B2,0,1,-,219.0,3135,3133,-2,2,1,1091,1090,-1,0,-1,674,673,-1,3,-8,3501,3501,0,2,-2,1250,1250,0,0,-1,1234,3285,3,2,-17
1787464262.102,B2,0,1,-,219.0,3135,3133,-2,2,1,1091,1090,-1,0,-1,674,673,-1,3,-8,3501,3501,0,2,-2,1249,1250,1,0,-1,3285,1233,-4,0,-19
1787464262.349,B2,0,1,-,219.0,3135,3133,-2,2,1,1091,1091,0,0,0,674,673,-1,3,-8,3501,3501,0,2,-2,1249,1250,1,0,-1,1234,3284,2,2,-18
1787464262.586,B2,0,1,-,219.0,3135,3133,-2,2,1,1091,1090,-1,0,-1,674,674,0,3,-7,3501,3501,0,2,-2,1249,1250,1,0,-1,3285,1233,-4,0,-19
1787464262.821,B2,0,1,-,219.0,3135,3133,-2,2,1,1091,1090,-1,0,-1,674,673,-1,3,-8,3501,3501,0,2,-2,1249,1250,1,0,-1,1234,3284,2,2,-18
1787464263.052,B2,0,1,-,219.0,3135,3133,-2,2,1,1091,1090,-1,0,-1,674,673,-1,3,-8,3501,3501,0,2,-2,1249,1250,1,0,-1,3285,1233,-4,0,-19
1787464263.299,B2,0,1,-,219.0,3135,3133,-2,2,1,1091,1090,-1,0,-1,674,673,-1,3,-8,3501,3501,0,2,-2,1249,1250,1,0,-1,1234,3284,2,2,-18
1787464263.536,B2,0,1,-,219.0,3135,3133,-2,2,1,1091,1091,0,0,0,674,673,-1,3,-8,3501,3501,0,2,-2,1250,1250,0,0,-1,3285,1233,-4,0,-19
1787464263.773,B2,0,1,-,219.0,3135,3133,-2,2,1,1091,1090,-1,0,-1,674,673,-1,3,-8,3501,3501,0,2,-2,1249,1250,1,0,-1,1234,3285,3,2,-17
1787464264.005,B2,0,1,-,219.0,3135,3133,-2,2,1,1091,1090,-1,0,-1,674,673,-1,3,-8,3501,3501,0,2,-2,1250,1250,0,0,-1,3286,1233,-5,0,-19
1787464264.235,B2,0,1,-,219.0,3135,3133,-2,2,1,1091,1090,-1,0,-1,674,673,-1,3,-8,3501,3501,0,2,-2,1249,1250,1,0,-1,1234,3284,2,2,-18
1787464264.486,B2,0,1,-,219.0,3135,3133,-2,2,1,1091,1090,-1,0,-1,674,673,-1,3,-8,3501,3501,0,2,-2,1249,1249,0,0,-2,3285,1233,-4,0,-19
1787464264.724,B2,0,1,-,219.0,3135,3133,-2,2,1,1091,1091,0,0,0,674,673,-1,3,-8,3501,3501,0,2,-2,1249,1250,1,0,-1,1234,3284,2,2,-18
1787464264.959,B2,0,1,-,219.0,3135,3133,-2,2,1,1091,1091,0,0,0,674,673,-1,3,-8,3501,3501,0,2,-2,1249,1250,1,0,-1,3285,1233,-4,0,-19
1787464265.199,B2,0,1,-,219.0,3136,3133,-3,2,1,1091,1090,-1,0,-1,674,674,0,3,-7,3501,3501,0,2,-2,1249,1250,1,0,-1,1234,3285,3,2,-17
1787464265.437,B2,0,1,-,219.0,3135,3133,-2,2,1,1091,1090,-1,0,-1,674,674,0,3,-7,3501,3501,0,2,-2,1250,1250,0,0,-1,3285,1233,-4,0,-19
1787464265.670,B2,0,1,-,219.0,3135,3133,-2,2,1,1091,1090,-1,0,-1,674,673,-1,3,-8,3501,3501,0,2,-2,1250,1250,0,0,-1,1234,3284,2,2,-18
1787464265.909,B2,0,1,-,219.0,3135,3133,-2,2,1,1091,1090,-1,0,-1,674,673,-1,3,-8,3501,3501,0,2,-2,1249,1250,1,0,-1,3285,1233,-4,0,-19
1787464266.148,B2,0,1,-,219.0,3135,3133,-2,2,1,1091,1090,-1,0,-1,674,673,-1,3,-8,3501,3501,0,2,-2,1249,1250,1,0,-1,1234,3284,2,2,-18
1787464266.386,B2,0,1,-,219.0,3135,3133,-2,2,1,1091,1090,-1,0,-1,674,673,-1,3,-8,3501,3501,0,2,-2,1249,1250,1,0,-1,3285,1233,-4,0,-19
1787464266.622,B2,0,1,-,219.0,3135,3133,-2,2,1,1091,1090,-1,0,-1,674,673,-1,3,-8,3501,3501,0,2,-2,1249,1250,1,0,-1,1234,3285,3,2,-17
1787464266.861,B2,0,1,-,219.0,3135,3133,-2,2,1,1091,1090,-1,0,-1,674,673,-1,3,-8,3501,3501,0,2,-2,1249,1250,1,0,-1,3285,1233,-4,0,-19
1787464267.091,B2,0,1,-,219.0,3135,3133,-2,2,1,1091,1090,-1,0,-1,674,673,-1,3,-8,3501,3501,0,2,-2,1250,1250,0,0,-1,1234,3284,2,2,-18
1787464267.336,B2,0,1,-,219.0,3135,3133,-2,2,1,1091,1090,-1,0,-1,674,673,-1,3,-8,3501,3501,0,2,-2,1250,1250,0,0,-1,3285,1233,-4,0,-19
1787464267.573,B2,0,1,-,219.0,3135,3133,-2,2,1,1091,1090,-1,0,-1,674,673,-1,3,-8,3501,3501,0,2,-2,1250,1250,0,0,-1,1234,3285,3,2,-17
1787464267.809,B2,0,1,-,219.0,3135,3133,-2,2,1,1091,1090,-1,0,-1,674,674,0,3,-7,3501,3501,0,2,-2,1249,1250,1,0,-1,3285,1233,-4,0,-19
1787464268.047,B2,0,1,-,219.0,3135,3133,-2,2,1,1091,1090,-1,0,-1,674,673,-1,3,-8,3501,3501,0,2,-2,1250,1250,0,0,-1,1234,3284,2,2,-18
1787464268.286,B2,0,1,-,219.0,3135,3133,-2,2,1,1091,1090,-1,0,-1,674,674,0,3,-7,3501,3501,0,2,-2,1250,1250,0,0,-1,3285,1233,-4,0,-19
1787464268.519,B2,0,1,-,219.0,3135,3133,-2,2,1,1091,1090,-1,0,-1,674,673,-1,3,-8,3501,3501,0,2,-2,1249,1250,1,0,-1,1234,3284,2,2,-18
1787464268.754,B2,0,1,-,219.0,3136,3133,-3,2,1,1091,1090,-1,0,-1,674,673,-1,3,-8,3501,3501,0,2,-2,1249,1250,1,0,-1,3285,1233,-4,0,-19
1787464268.998,B2,0,1,-,219.0,3135,3133,-2,2,1,1091,1090,-1,0,-1,674,673,-1,3,-8,3501,3501,0,2,-2,1250,1250,0,0,-1,1234,3285,3,2,-17
1787464269.233,B2,0,1,-,219.0,3135,3133,-2,2,1,1091,1091,0,0,0,674,674,0,3,-7,3501,3501,0,2,-2,1250,1250,0,0,-1,3285,1233,-4,0,-19
1787464269.473,B2,0,1,-,219.0,3135,3133,-2,2,1,1091,1090,-1,0,-1,674,674,0,3,-7,3501,3501,0,2,-2,1250,1250,0,0,-1,1234,3284,2,2,-18
1787464269.705,B2,0,1,-,219.0,3135,3133,-2,2,1,1091,1091,0,0,0,674,673,-1,3,-8,3501,3501,0,2,-2,1249,1250,1,0,-1,3285,1233,-4,0,-19
1787464269.949,B2,0,1,-,219.0,3135,3133,-2,2,1,1091,1091,0,0,0,674,673,-1,3,-8,3501,3501,0,2,-2,1249,1250,1,0,-1,1234,3285,3,2,-17
1787464270.185,B2,0,1,-,219.0,3135,3133,-2,2,1,1091,1090,-1,0,-1,674,673,-1,3,-8,3501,3501,0,2,-2,1249,1250,1,0,-1,3285,1233,-4,0,-19
1787464270.418,B2,0,1,-,219.0,3135,3133,-2,2,1,1091,1090,-1,0,-1,674,673,-1,3,-8,3501,3501,0,2,-2,1249,1250,1,0,-1,1234,3285,3,2,-17
1787464270.650,B2,0,1,-,219.0,3135,3133,-2,2,1,1091,1090,-1,0,-1,674,674,0,3,-7,3501,3501,0,2,-2,1249,1250,1,0,-1,3285,1233,-4,0,-19
1787464270.892,B2,0,1,-,219.0,3135,3133,-2,2,1,1091,1091,0,0,0,674,673,-1,3,-8,3501,3501,0,2,-2,1249,1250,1,0,-1,1234,3284,2,2,-18
1787464271.136,B2,0,1,-,219.0,3135,3133,-2,2,1,1091,1090,-1,0,-1,674,673,-1,3,-8,3501,3501,0,2,-2,1249,1250,1,0,-1,3285,1233,-4,0,-19
1787464271.370,B2,0,1,-,219.0,3135,3133,-2,2,1,1091,1090,-1,0,-1,674,673,-1,3,-8,3501,3501,0,2,-2,1249,1250,1,0,-1,1234,3285,3,2,-17
1787464271.610,B2,0,1,-,219.0,3136,3133,-3,2,1,1091,1090,-1,0,-1,674,673,-1,3,-8,3501,3501,0,2,-2,1249,1250,1,0,-1,3285,1233,-4,0,-19
1787464271.847,B2,0,1,-,219.0,3135,3133,-2,2,1,1091,1090,-1,0,-1,674,673,-1,3,-8,3501,3501,0,2,-2,1249,1250,1,0,-1,1234,3284,2,2,-18
1787464272.085,B2,0,1,-,219.0,3135,3133,-2,2,1,1091,1090,-1,0,-1,674,674,0,3,-7,3501,3501,0,2,-2,1249,1250,1,0,-1,3285,1233,-4,0,-19
1787464272.318,B2,0,1,-,219.0,3135,3133,-2,2,1,1091,1090,-1,0,-1,674,673,-1,3,-8,3501,3501,0,2,-2,1250,1250,0,0,-1,1234,3284,2,2,-18
1787464272.560,B2,0,1,-,219.0,3135,3133,-2,2,1,1091,1090,-1,0,-1,674,673,-1,3,-8,3501,3501,0,2,-2,1249,1250,1,0,-1,3285,1233,-4,0,-19
1787464272.798,B2,0,1,-,219.0,3135,3133,-2,2,1,1091,1090,-1,0,-1,674,673,-1,3,-8,3501,3501,0,2,-2,1249,1250,1,0,-1,1234,3284,2,2,-18
1787464273.035,B2,0,1,-,219.0,3135,3133,-2,2,1,1091,1090,-1,0,-1,674,673,-1,3,-8,3501,3501,0,2,-2,1249,1250,1,0,-1,3285,1233,-4,0,-19
1787464273.273,B2,0,1,-,219.0,3135,3133,-2,2,1,1091,1090,-1,0,-1,674,673,-1,3,-8,3501,3501,0,2,-2,1249,1250,1,0,-1,1234,3284,2,2,-18
1787464273.509,B2,0,1,-,219.0,3135,3133,-2,2,1,1091,1090,-1,0,-1,674,673,-1,3,-8,3501,3501,0,2,-2,1250,1250,0,0,-1,3285,1233,-4,0,-19
1787464273.739,B2,0,1,-,219.0,3136,3133,-3,2,1,1091,1091,0,0,0,674,673,-1,3,-8,3501,3501,0,2,-2,1249,1250,1,0,-1,1234,3284,2,2,-18
1787464273.985,B2,0,1,-,219.0,3135,3133,-2,2,1,1091,1090,-1,0,-1,674,673,-1,3,-8,3501,3501,0,2,-2,1250,1250,0,0,-1,3285,1233,-4,0,-19
1787464274.227,B2,0,1,-,219.0,3135,3133,-2,2,1,1091,1090,-1,0,-1,674,673,-1,3,-8,3501,3501,0,2,-2,1249,1250,1,0,-1,1234,3284,2,2,-18
1787464274.453,B2,0,1,-,219.0,3135,3133,-2,2,1,1091,1090,-1,0,-1,674,673,-1,3,-8,3501,3501,0,2,-2,1250,1250,0,0,-1,3285,1233,-4,0,-19
1787464274.698,B2,0,1,-,219.0,3135,3133,-2,2,1,1091,1090,-1,0,-1,674,673,-1,3,-8,3501,3501,0,2,-2,1249,1250,1,0,-1,1234,3284,2,2,-18
1787464274.933,B2,0,1,-,219.0,3135,3133,-2,2,1,1091,1090,-1,0,-1,674,673,-1,3,-8,3501,3501,0,2,-2,1249,1250,1,0,-1,3285,1233,-4,0,-19
1787464275.172,B2,0,1,-,219.0,3135,3133,-2,2,1,1091,1090,-1,0,-1,674,673,-1,3,-8,3501,3501,0,2,-2,1249,1250,1,0,-1,1234,3285,3,2,-17
1787464275.409,B2,0,1,-,219.0,3135,3133,-2,2,1,1091,1090,-1,0,-1,674,674,0,3,-7,3501,3501,0,2,-2,1249,1250,1,0,-1,3285,1233,-4,0,-19
1787464275.650,B2,0,1,-,219.0,3135,3133,-2,2,1,1091,1090,-1,0,-1,674,673,-1,3,-8,3501,3501,0,2,-2,1249,1250,1,0,-1,1234,3285,3,2,-17
1787464275.887,B2,0,1,-,219.0,3136,3133,-3,2,1,1091,1090,-1,0,-1,674,673,-1,3,-8,3501,3501,0,2,-2,1250,1250,0,0,-1,3285,1233,-4,0,-19
1787464276.115,B2,0,1,-,219.0,3135,3133,-2,2,1,1091,1090,-1,0,-1,674,674,0,3,-7,3501,3501,0,2,-2,1249,1250,1,0,-1,1234,3284,2,2,-18
1787464276.361,B2,0,1,-,219.0,3135,3133,-2,2,1,1091,1090,-1,0,-1,674,673,-1,3,-8,3501,3501,0,2,-2,1249,1250,1,0,-1,3285,1233,-4,0,-19
1787464276.592,B2,0,1,-,219.0,3135,3133,-2,2,1,1091,1090,-1,0,-1,674,673,-1,3,-8,3501,3501,0,2,-2,1250,1250,0,0,-1,1234,3284,2,2,-18
1787464276.835,B2,0,1,-,219.0,3135,3133,-2,2,1,1091,1090,-1,0,-1,674,673,-1,3,-8,3501,3501,0,2,-2,1249,1250,1,0,-1,3285,1233,-4,0,-19
1787464277.073,B2,0,1,-,219.0,3135,3133,-2,2,1,1091,1090,-1,0,-1,674,674,0,3,-7,3501,3501,0,2,-2,1250,1250,0,0,-1,1234,3284,2,2,-18
1787464277.310,B2,0,1,-,219.0,3135,3133,-2,2,1,1091,1090,-1,0,-1,674,673,-1,3,-8,3501,3501,0,2,-2,1249,1250,1,0,-1,3285,1233,-4,0,-19
1787464277.545,B2,0,1,-,219.0,3135,3133,-2,2,1,1091,1090,-1,0,-1,674,673,-1,3,-8,3501,3501,0,2,-2,1249,1250,1,0,-1,1234,3284,2,2,-18
1787464277.786,B2,0,1,-,219.0,3135,3133,-2,2,1,1091,1090,-1,0,-1,674,673,-1,3,-8,3501,3501,0,2,-2,1249,1250,1,0,-1,3285,1233,-4,0,-19
1787464278.019,B2,0,1,-,219.0,3135,3133,-2,2,1,1091,1090,-1,0,-1,674,673,-1,3,-8,3501,3501,0,2,-2,1249,1250,1,0,-1,1234,3284,2,2,-18
1787464278.261,B2,0,1,-,219.0,3135,3133,-2,2,1,1091,1090,-1,0,-1,674,673,-1,3,-8,3501,3501,0,2,-2,1249,1250,1,0,-1,3286,1233,-5,0,-19
1787464278.498,B2,0,1,-,219.0,3135,3133,-2,2,1,1091,1090,-1,0,-1,674,673,-1,3,-8,3501,3501,0,2,-2,1249,1250,1,0,-1,1234,3284,2,2,-18
1787464278.736,B2,0,1,-,219.0,3135,3133,-2,2,1,1091,1090,-1,0,-1,674,673,-1,3,-8,3501,3501,0,2,-2,1249,1250,1,0,-1,3285,1233,-4,0,-19
1787464278.968,B2,0,1,-,219.0,3135,3133,-2,2,1,1091,1091,0,0,0,674,674,0,3,-7,3501,3501,0,2,-2,1250,1249,-1,0,-2,1234,3285,3,2,-17
1787464279.201,B2,0,1,-,219.0,3135,3133,-2,2,1,1091,1090,-1,0,-1,674,674,0,3,-7,3501,3501,0,2,-2,1249,1250,1,0,-1,3285,1233,-4,0,-19
1787464279.348,B,0,1,-,119.0,3135,3133,-2,2,1,1091,1090,-1,0,-1,674,673,-1,3,-8,3501,3501,0,2,-2,1250,1250,0,0,-1,1233,215,6,3,-18
1787464279.483,B',0,1,-,119.0,3135,3133,-2,2,1,1091,1090,-1,0,-1,674,673,-1,3,-8,3501,3501,0,2,-2,1249,1250,1,0,-1,215,1231,-8,0,-21
1787464279.624,B',0,1,-,119.0,3135,3133,-2,2,1,1091,1090,-1,0,-1,674,674,0,3,-7,3501,3501,0,2,-2,1249,1250,1,0,-1,1232,2258,2,1,-20
1787464279.762,B,0,1,-,119.0,3135,3133,-2,2,1,1091,1090,-1,0,-1,674,674,0,3,-7,3501,3501,0,2,-2,1249,1250,1,0,-1,2259,1233,-2,0,-19
1787464279.900,B,0,1,-,119.0,3135,3133,-2,2,1,1091,1090,-1,0,-1,674,673,-1,3,-8,3501,3501,0,2,-2,1250,1250,0,0,-1,1234,215,5,3,-18
1787464280.038,B',0,1,-,119.0,3135,3133,-2,2,1,1091,1090,-1,0,-1,674,674,0,3,-7,3501,3501,0,2,-2,1250,1250,0,0,-1,216,1231,-9,0,-21
1787464280.177,B',0,1,-,119.0,3135,3133,-2,2,1,1091,1090,-1,0,-1,674,674,0,3,-7,3501,3501,0,2,-2,1249,1250,1,0,-1,1233,2258,1,1,-20
1787464280.302,B,0,1,-,119.0,3135,3133,-2,2,1,1091,1090,-1,0,-1,674,673,-1,3,-8,3501,3501,0,2,-2,1250,1250,0,0,-1,2259,1233,-2,0,-19
1787464280.450,B,0,1,-,119.0,3135,3133,-2,2,1,1091,1090,-1,0,-1,674,673,-1,3,-8,3501,3501,0,2,-2,1249,1250,1,0,-1,1233,215,6,3,-18
1787464280.587,B',0,1,-,119.0,3135,3133,-2,2,1,1091,1090,-1,0,-1,674,673,-1,3,-8,3501,3501,0,2,-2,1249,1250,1,0,-1,216,1231,-9,0,-21
1787464280.724,B',0,1,-,119.0,3135,3133,-2,2,1,1091,1090,-1,0,-1,674,673,-1,3,-8,3501,3501,0,2,-2,1249,1250,1,0,-1,1232,2258,2,1,-20
1787464280.863,B,0,1,-,119.0,3135,3133,-2,2,1,1091,1090,-1,0,-1,674,673,-1,3,-8,3501,3501,0,2,-2,1250,1250,0,0,-1,2259,1233,-2,0,-19
1787464280.999,B,0,1,-,119.0,3135,3133,-2,2,1,1091,1090,-1,0,-1,674,674,0,3,-7,3501,3501,0,2,-2,1249,1250,1,0,-1,1234,215,5,3,-18
1787464281.136,B',0,1,-,119.0,3136,3133,-3,2,1,1091,1090,-1,0,-1,674,673,-1,3,-8,3501,3501,0,2,-2,1249,1250,1,0,-1,216,1231,-9,0,-21
1787464281.270,B',0,1,-,119.0,3135,3133,-2,2,1,1091,1090,-1,0,-1,674,673,-1,3,-8,3501,3501,0,2,-2,1250,1250,0,0,-1,1233,2258,1,1,-20
1787464281.412,B,0,1,-,119.0,3135,3133,-2,2,1,1091,1090,-1,0,-1,674,673,-1,3,-8,3501,3501,0,2,-2,1249,1250,1,0,-1,2259,1233,-2,0,-19
1787464281.549,B,0,1,-,119.0,3135,3133,-2,2,1,1091,1090,-1,0,-1,674,674,0,3,-7,3501,3501,0,2,-2,1249,1250,1,0,-1,1234,215,5,3,-18
1787464281.688,B',0,1,-,119.0,3135,3133,-2,2,1,1091,1090,-1,0,-1,674,674,0,3,-7,3501,3501,0,2,-2,1249,1250,1,0,-1,216,1231,-9,0,-21
1787464281.824,B',0,1,-,119.0,3135,3133,-2,2,1,1091,1091,0,0,0,674,673,-1,3,-8,3501,3501,0,2,-2,1249,1250,1,0,-1,1233,2258,1,1,-20
1787464281.953,B,0,1,-,119.0,3135,3133,-2,2,1,1091,1090,-1,0,-1,674,673,-1,3,-8,3501,3501,0,2,-2,1249,1250,1,0,-1,2259,1233,-2,0,-19
1787464282.099,B,0,1,-,119.0,3135,3133,-2,2,1,1091,1090,-1,0,-1,674,673,-1,3,-8,3501,3501,0,2,-2,1249,1250,1,0,-1,1234,214,4,3,-19
1787464282.233,B',0,1,-,119.0,3135,3133,-2,2,1,1091,1091,0,0,0,674,673,-1,3,-8,3501,3501,0,2,-2,1249,1250,1,0,-1,216,1231,-9,0,-21
1787464282.375,B',0,1,-,119.0,3135,3133,-2,2,1,1091,1090,-1,0,-1,674,673,-1,3,-8,3501,3501,0,2,-2,1250,1250,0,0,-1,1233,2258,1,1,-20
1787464282.512,B,0,1,-,119.0,3135,3133,-2,2,1,1091,1090,-1,0,-1,674,673,-1,3,-8,3501,3501,0,2,-2,1249,1250,1,0,-1,2259,1233,-2,0,-19
1787464282.649,B,0,1,-,119.0,3135,3133,-2,2,1,1091,1090,-1,0,-1,674,673,-1,3,-8,3501,3501,0,2,-2,1249,1250,1,0,-1,1234,215,5,3,-18
1787464282.787,B',0,1,-,119.0,3135,3133,-2,2,1,1091,1091,0,0,0,674,674,0,3,-7,3501,3501,0,2,-2,1249,1250,1,0,-1,216,1231,-9,0,-21
1787464282.925,B',0,1,-,119.0,3135,3133,-2,2,1,1091,1090,-1,0,-1,674,673,-1,3,-8,3501,3501,0,2,-2,1250,1250,0,0,-1,1233,2258,1,1,-20
1787464283.055,B,0,1,-,119.0,3135,3133,-2,2,1,1091,1090,-1,0,-1,674,673,-1,3,-8,3501,3501,0,2,-2,1250,1250,0,0,-1,2259,1233,-2,0,-19
1787464283.199,B,0,1,-,119.0,3135,3133,-2,2,1,1091,1090,-1,0,-1,674,673,-1,3,-8,3501,3501,0,2,-2,1250,1250,0,0,-1,1234,215,5,3,-18
1787464283.336,B',0,1,-,119.0,3135,3133,-2,2,1,1091,1090,-1,0,-1,674,673,-1,3,-8,3501,3501,0,2,-2,1249,1250,1,0,-1,216,1231,-9,0,-21
1787464283.468,B',0,1,-,119.0,3135,3133,-2,2,1,1091,1090,-1,0,-1,674,673,-1,3,-8,3501,3501,0,2,-2,1250,1250,0,0,-1,1233,2258,1,1,-20
1787464283.609,B,0,1,-,119.0,3135,3133,-2,2,1,1091,1090,-1,0,-1,674,673,-1,3,-8,3501,3501,0,2,-2,1250,1250,0,0,-1,2260,1233,-3,0,-19
1787464283.741,B,0,1,-,119.0,3135,3133,-2,2,1,1091,1090,-1,0,-1,674,673,-1,3,-8,3501,3501,0,2,-2,1249,1250,1,0,-1,1234,215,5,3,-18
1787464283.883,B',0,1,-,119.0,3135,3133,-2,2,1,1091,1090,-1,0,-1,674,674,0,3,-7,3501,3501,0,2,-2,1249,1250,1,0,-1,216,1231,-9,0,-21
1787464284.018,B',0,1,-,119.0,3135,3133,-2,2,1,1091,1090,-1,0,-1,674,673,-1,3,-8,3501,3501,0,2,-2,1250,1250,0,0,-1,1232,2258,2,1,-20
1787464284.157,B,0,1,-,119.0,3135,3133,-2,2,1,1091,1090,-1,0,-1,674,673,-1,3,-8,3501,3501,0,2,-2,1249,1250,1,0,-1,2259,1233,-2,0,-19
1787464284.300,B,0,1,-,119.0,3135,3133,-2,2,1,1091,1090,-1,0,-1,674,673,-1,3,-8,3501,3501,0,2,-2,1249,1250,1,0,-1,1234,215,5,3,-18
1787464284.433,B',0,1,-,119.0,3135,3133,-2,2,1,1091,1090,-1,0,-1,674,673,-1,3,-8,3501,3501,0,2,-2,1249,1250,1,0,-1,215,1231,-8,0,-21
1787464284.567,B',0,1,-,119.0,3135,3133,-2,2,1,1091,1090,-1,0,-1,674,673,-1,3,-8,3501,3501,0,2,-2,1249,1250,1,0,-1,1233,2258,1,1,-20
1787464284.712,B,0,1,-,119.0,3135,3133,-2,2,1,1091,1090,-1,0,-1,674,673,-1,3,-8,3501,3501,0,2,-2,1249,1250,1,0,-1,2259,1233,-2,0,-19
1787464284.849,B,0,1,-,119.0,3135,3133,-2,2,1,1091,1090,-1,0,-1,674,673,-1,3,-8,3501,3501,0,2,-2,1249,1250,1,0,-1,1234,215,5,3,-18
1787464284.988,B',0,1,-,119.0,3135,3133,-2,2,1,1091,1091,0,0,0,674,673,-1,3,-8,3501,3501,0,2,-2,1250,1250,0,0,-1,216,1231,-9,0,-21
1787464285.124,B',0,1,-,119.0,3135,3133,-2,2,1,1091,1091,0,0,0,674,673,-1,3,-8,3501,3501,0,2,-2,1249,1250,1,0,-1,1233,2258,1,1,-20
1787464285.262,B,0,1,-,119.0,3135,3133,-2,2,1,1091,1090,-1,0,-1,674,673,-1,3,-8,3501,3501,0,2,-2,1249,1250,1,0,-1,2259,1233,-2,0,-19
1787464285.400,B,0,1,-,119.0,3135,3133,-2,2,1,1091,1090,-1,0,-1,674,674,0,3,-7,3501,3501,0,2,-2,1250,1250,0,0,-1,1234,214,4,3,-19
1787464285.537,B',0,1,-,119.0,3135,3133,-2,2,1,1091,1090,-1,0,-1,674,674,0,3,-7,3501,3501,0,2,-2,1250,1250,0,0,-1,216,1231,-9,0,-21
1787464285.673,B',0,1,-,119.0,3135,3133,-2,2,1,1091,1091,0,0,0,674,673,-1,3,-8,3501,3501,0,2,-2,1249,1250,1,0,-1,1233,2258,1,1,-20
1787464285.802,B,0,1,-,119.0,3135,3133,-2,2,1,1091,1090,-1,0,-1,674,673,-1,3,-8,3501,3501,0,2,-2,1249,1250,1,0,-1,2259,1233,-2,0,-19
1787464285.948,B,0,1,-,119.0,3135,3133,-2,2,1,1091,1090,-1,0,-1,674,674,0,3,-7,3501,3501,0,2,-2,1250,1250,0,0,-1,1234,215,5,3,-18
1787464286.087,B',0,1,-,119.0,3135,3133,-2,2,1,1091,1091,0,0,0,674,673,-1,3,-8,3501,3501,0,2,-2,1249,1250,1,0,-1,216,1231,-9,0,-21
1787464286.218,B',0,1,-,119.0,3135,3133,-2,2,1,1091,1090,-1,0,-1,674,673,-1,3,-8,3501,3501,0,2,-2,1249,1250,1,0,-1,1233,2258,1,1,-20
1787464286.361,B,0,1,-,119.0,3135,3133,-2,2,1,1091,1090,-1,0,-1,674,673,-1,3,-8,3501,3501,0,2,-2,1250,1250,0,0,-1,2259,1233,-2,0,-19
1787464286.501,B,0,1,-,119.0,3135,3133,-2,2,1,1091,1090,-1,0,-1,674,673,-1,3,-8,3501,3501,0,2,-2,1249,1250,1,0,-1,1234,214,4,3,-19
1787464286.633,B',0,1,-,119.0,3135,3133,-2,2,1,1091,1090,-1,0,-1,674,673,-1,3,-8,3501,3501,0,2,-2,1249,1250,1,0,-1,216,1231,-9,0,-21
1787464286.774,B',0,1,-,119.0,3135,3133,-2,2,1,1091,1090,-1,0,-1,674,673,-1,3,-8,3501,3501,0,2,-2,1249,1250,1,0,-1,1233,2258,1,1,-20
1787464286.901,B,0,1,-,119.0,3135,3133,-2,2,1,1091,1090,-1,0,-1,674,674,0,3,-7,3501,3501,0,2,-2,1249,1250,1,0,-1,2259,1233,-2,0,-19
1787464287.049,B,0,1,-,119.0,3135,3133,-2,2,1,1091,1090,-1,0,-1,674,673,-1,3,-8,3501,3501,0,2,-2,1249,1250,1,0,-1,1234,215,5,3,-18
1787464287.186,B',0,1,-,119.0,3135,3133,-2,2,1,1091,1090,-1,0,-1,674,673,-1,3,-8,3501,3501,0,2,-2,1249,1250,1,0,-1,216,1231,-9,0,-21
1787464287.325,B',0,1,-,119.0,3135,3133,-2,2,1,1091,1090,-1,0,-1,674,674,0,3,-7,3501,3501,0,2,-2,1249,1250,1,0,-1,1233,2258,1,1,-20
1787464287.462,B,0,1,-,119.0,3135,3133,-2,2,1,1091,1090,-1,0,-1,674,673,-1,3,-8,3501,3501,0,2,-2,1250,1250,0,0,-1,2259,1233,-2,0,-19
1787464287.599,B,0,1,-,119.0,3135,3133,-2,2,1,1091,1091,0,0,0,674,674,0,3,-7,3501,3501,0,2,-2,1249,1250,1,0,-1,1234,215,5,3,-18
1787464287.737,B',0,1,-,119.0,3135,3133,-2,2,1,1091,1090,-1,0,-1,674,673,-1,3,-8,3501,3501,0,2,-2,1249,1250,1,0,-1,216,1231,-9,0,-21
1787464287.870,B',0,1,-,119.0,3135,3133,-2,2,1,1091,1090,-1,0,-1,674,673,-1,3,-8,3501,3501,0,2,-2,1250,1250,0,0,-1,1233,2258,1,1,-20
1787464288.012,B,0,1,-,119.0,3135,3133,-2,2,1,1091,1090,-1,0,-1,674,674,0,3,-7,3501,3501,0,2,-2,1250,1250,0,0,-1,2259,1233,-2,0,-19
1787464288.150,B,0,1,-,119.0,3135,3133,-2,2,1,1091,1090,-1,0,-1,674,673,-1,3,-8,3501,3501,0,2,-2,1249,1250,1,0,-1,1234,215,5,3,-18
1787464288.285,B',0,1,-,119.0,3135,3133,-2,2,1,1091,1090,-1,0,-1,674,673,-1,3,-8,3501,3501,0,2,-2,1249,1250,1,0,-1,216,1231,-9,0,-21
1787464288.419,B',0,1,-,119.0,3135,3133,-2,2,1,1091,1090,-1,0,-1,674,674,0,3,-7,3501,3501,0,2,-2,1249,1250,1,0,-1,1233,2258,1,1,-20
1787464288.554,B,0,1,-,119.0,3135,3133,-2,2,1,1091,1090,-1,0,-1,674,673,-1,3,-8,3501,3501,0,2,-2,1249,1250,1,0,-1,2259,1233,-2,0,-19
1787464288.686,B,0,1,-,119.0,3135,3133,-2,2,1,1091,1090,-1,0,-1,674,674,0,3,-7,3501,3501,0,2,-2,1249,1250,1,0,-1,1234,215,5,3,-18
1787464288.835,B',0,1,-,119.0,3135,3133,-2,2,1,1091,1090,-1,0,-1,674,673,-1,3,-8,3501,3501,0,2,-2,1249,1250,1,0,-1,216,1231,-9,0,-21
1787464288.974,B',0,1,-,119.0,3135,3133,-2,2,1,1091,1090,-1,0,-1,674,674,0,3,-7,3501,3501,0,2,-2,1249,1250,1,0,-1,1233,2259,2,1,-19
1787464289.110,B,0,1,-,119.0,3135,3133,-2,2,1,1091,1090,-1,0,-1,674,674,0,3,-7,3501,3501,0,2,-2,1249,1250,1,0,-1,2259,1233,-2,0,-19
1787464289.241,B,0,1,-,119.0,3135,3133,-2,2,1,1091,1090,-1,0,-1,674,673,-1,3,-8,3501,3501,0,2,-2,1249,1250,1,0,-1,1234,215,5,3,-18
1787464289.382,B',0,1,-,119.0,3135,3133,-2,2,1,1091,1090,-1,0,-1,674,673,-1,3,-8,3501,3501,0,2,-2,1250,1250,0,0,-1,215,1231,-8,0,-21
1787464289.524,B',0,1,-,119.0,3135,3133,-2,2,1,1091,1090,-1,0,-1,674,673,-1,3,-8,3501,3501,0,2,-2,1249,1250,1,0,-1,1233,2258,1,1,-20
1787464289.652,B,0,1,-,119.0,3135,3133,-2,2,1,1091,1090,-1,0,-1,674,673,-1,3,-8,3501,3501,0,2,-2,1249,1250,1,0,-1,2260,1233,-3,0,-19
1787464289.799,B,0,1,-,119.0,3135,3133,-2,2,1,1091,1090,-1,0,-1,674,673,-1,3,-8,3501,3501,0,2,-2,1249,1250,1,0,-1,1234,215,5,3,-18
1787464289.937,B',0,1,-,119.0,3135,3133,-2,2,1,1091,1090,-1,0,-1,674,673,-1,3,-8,3501,3501,0,2,-2,1249,1250,1,0,-1,216,1231,-9,0,-21
1787464290.074,B',0,1,-,119.0,3135,3133,-2,2,1,1091,1090,-1,0,-1,674,673,-1,3,-8,3501,3501,0,2,-2,1249,1250,1,0,-1,1233,2258,1,1,-20
1787464290.212,B,0,1,-,119.0,3135,3133,-2,2,1,1091,1090,-1,0,-1,674,673,-1,3,-8,3501,3501,0,2,-2,1249,1250,1,0,-1,2260,1233,-3,0,-19
1787464290.349,B,0,1,-,119.0,3135,3133,-2,2,1,1091,1090,-1,0,-1,674,673,-1,3,-8,3501,3501,0,2,-2,1249,1250,1,0,-1,1234,214,4,3,-19
1787464290.487,B',0,1,-,119.0,3135,3133,-2,2,1,1091,1090,-1,0,-1,674,673,-1,3,-8,3501,3501,0,2,-2,1249,1250,1,0,-1,215,1231,-8,0,-21
1787464290.620,B',0,1,-,119.0,3135,3133,-2,2,1,1091,1090,-1,0,-1,674,674,0,3,-7,3501,3501,0,2,-2,1250,1250,0,0,-1,1232,2258,2,1,-20
1787464290.760,B,0,1,-,119.0,3136,3133,-3,2,1,1091,1090,-1,0,-1,674,673,-1,3,-8,3501,3501,0,2,-2,1249,1250,1,0,-1,2259,1233,-2,0,-19
1787464290.891,B,0,1,-,119.0,3135,3133,-2,2,1,1091,1090,-1,0,-1,674,673,-1,3,-8,3501,3501,0,2,-2,1249,1250,1,0,-1,1234,215,5,3,-18
1787464291.035,B',0,1,-,119.0,3135,3133,-2,2,1,1091,1091,0,0,0,674,673,-1,3,-8,3501,3501,0,2,-2,1249,1250,1,0,-1,216,1231,-9,0,-21
1787464291.176,B',0,1,-,119.0,3135,3133,-2,2,1,1091,1090,-1,0,-1,674,673,-1,3,-8,3501,3501,0,2,-2,1249,1250,1,0,-1,1233,2258,1,1,-20
1787464291.302,B,0,1,-,119.0,3135,3133,-2,2,1,1091,1090,-1,0,-1,674,673,-1,3,-8,3501,3501,0,2,-2,1250,1250,0,0,-1,2259,1233,-2,0,-19
1787464291.447,B,0,1,-,119.0,3135,3133,-2,2,1,1091,1090,-1,0,-1,674,673,-1,3,-8,3501,3501,0,2,-2,1249,1250,1,0,-1,1234,215,5,3,-18
1787464291.582,B',0,1,-,119.0,3135,3133,-2,2,1,1091,1090,-1,0,-1,674,674,0,3,-7,3501,3501,0,2,-2,1250,1250,0,0,-1,215,1231,-8,0,-21
1787464291.721,B',0,1,-,119.0,3135,3133,-2,2,1,1091,1090,-1,0,-1,674,674,0,3,-7,3501,3501,0,2,-2,1249,1250,1,0,-1,1233,2258,1,1,-20
1787464291.863,B,0,1,-,119.0,3135,3133,-2,2,1,1091,1090,-1,0,-1,674,673,-1,3,-8,3501,3501,0,2,-2,1250,1250,0,0,-1,2260,1233,-3,0,-19
1787464291.999,B,0,1,-,119.0,3135,3133,-2,2,1,1091,1090,-1,0,-1,674,673,-1,3,-8,3501,3501,0,2,-2,1250,1250,0,0,-1,1234,214,4,3,-19
1787464292.136,B',0,1,-,119.0,3135,3133,-2,2,1,1091,1090,-1,0,-1,674,674,0,3,-7,3501,3501,0,2,-2,1249,1250,1,0,-1,215,1231,-8,0,-21
1787464292.274,B',0,1,-,119.0,3135,3133,-2,2,1,1091,1090,-1,0,-1,674,673,-1,3,-8,3501,3501,0,2,-2,1249,1250,1,0,-1,1233,2258,1,1,-20
1787464292.412,B,0,1,-,119.0,3135,3133,-2,2,1,1091,1090,-1,0,-1,674,673,-1,3,-8,3501,3501,0,2,-2,1249,1250,1,0,-1,2260,1233,-3,0,-19
1787464292.549,B,0,1,-,119.0,3135,3133,-2,2,1,1091,1091,0,0,0,674,674,0,3,-7,3501,3501,0,2,-2,1249,1250,1,0,-1,1234,215,5,3,-18
1787464292.686,B',0,1,-,119.0,3135,3133,-2,2,1,1091,1090,-1,0,-1,674,673,-1,3,-8,3501,3501,0,2,-2,1250,1250,0,0,-1,216,1231,-9,0,-21
1787464292.824,B',0,1,-,119.0,3135,3133,-2,2,1,1091,1091,0,0,0,674,673,-1,3,-8,3501,3501,0,2,-2,1250,1250,0,0,-1,1233,2258,1,1,-20
1787464292.961,B,0,1,-,119.0,3135,3133,-2,2,1,1091,1090,-1,0,-1,674,673,-1,3,-8,3501,3501,0,2,-2,1249,1250,1,0,-1,2259,1233,-2,0,-19
1787464293.096,B,0,1,-,119.0,3135,3133,-2,2,1,1091,1090,-1,0,-1,674,673,-1,3,-8,3501,3501,0,2,-2,1249,1250,1,0,-1,1234,215,5,3,-18
1787464293.236,B',0,1,-,119.0,3136,3133,-3,2,1,1091,1090,-1,0,-1,674,673,-1,3,-8,3501,3501,0,2,-2,1249,1250,1,0,-1,216,1231,-9,0,-21
1787464293.371,B',0,1,-,119.0,3135,3133,-2,2,1,1091,1090,-1,0,-1,674,674,0,3,-7,3501,3501,0,2,-2,1249,1250,1,0,-1,1232,2258,2,1,-20
1787464293.501,B,0,1,-,119.0,3135,3133,-2,2,1,1091,1090,-1,0,-1,674,673,-1,3,-8,3501,3501,0,2,-2,1250,1250,0,0,-1,2260,1233,-3,0,-19
1787464293.646,B,0,1,-,119.0,3135,3133,-2,2,1,1091,1090,-1,0,-1,674,673,-1,3,-8,3501,3501,0,2,-2,1250,1250,0,0,-1,1234,215,5,3,-18
1787464293.783,B',0,1,-,119.0,3135,3133,-2,2,1,1091,1090,-1,0,-1,674,673,-1,3,-8,3501,3501,0,2,-2,1250,1250,0,0,-1,216,1231,-9,0,-21
1787464293.919,B',0,1,-,119.0,3135,3133,-2,2,1,1091,1090,-1,0,-1,674,674,0,3,-7,3501,3501,0,2,-2,1250,1250,0,0,-1,1233,2258,1,1,-20
1787464294.061,B,0,1,-,119.0,3135,3133,-2,2,1,1091,1090,-1,0,-1,674,673,-1,3,-8,3501,3501,0,2,-2,1249,1250,1,0,-1,2259,1233,-2,0,-19
1787464294.198,B,0,1,-,119.0,3135,3133,-2,2,1,1091,1090,-1,0,-1,674,674,0,3,-7,3501,3501,0,2,-2,1249,1250,1,0,-1,1234,214,4,3,-19
1787464294.336,B',0,1,-,119.0,3135,3133,-2,2,1,1091,1090,-1,0,-1,674,673,-1,3,-8,3501,3501,0,2,-2,1249,1250,1,0,-1,216,1231,-9,0,-21
1787464294.469,B',0,1,-,119.0,3135,3133,-2,2,1,1091,1090,-1,0,-1,674,673,-1,3,-8,3501,3501,0,2,-2,1249,1250,1,0,-1,1233,2258,1,1,-20
1787464294.602,B,0,1,-,119.0,3135,3133,-2,2,1,1091,1090,-1,0,-1,674,673,-1,3,-8,3501,3501,0,2,-2,1249,1250,1,0,-1,2260,1233,-3,0,-19
1787464294.749,B,0,1,-,119.0,3135,3133,-2,2,1,1091,1090,-1,0,-1,674,674,0,3,-7,3501,3501,0,2,-2,1250,1250,0,0,-1,1234,215,5,3,-18
1787464294.887,B',0,1,-,119.0,3136,3133,-3,2,1,1091,1090,-1,0,-1,674,673,-1,3,-8,3501,3501,0,2,-2,1249,1250,1,0,-1,215,1231,-8,0,-21
1787464295.019,B',0,1,-,119.0,3135,3133,-2,2,1,1091,1090,-1,0,-1,674,673,-1,3,-8,3501,3501,0,2,-2,1249,1250,1,0,-1,1233,2258,1,1,-20
1787464295.162,B,0,1,-,119.0,3135,3133,-2,2,1,1091,1090,-1,0,-1,674,673,-1,3,-8,3501,3501,0,2,-2,1249,1250,1,0,-1,2259,1233,-2,0,-19
1787464295.299,B,0,1,-,119.0,3136,3133,-3,2,1,1091,1090,-1,0,-1,674,674,0,3,-7,3501,3501,0,2,-2,1249,1250,1,0,-1,1234,215,5,3,-18
1787464295.434,B',0,1,-,119.0,3135,3133,-2,2,1,1091,1091,0,0,0,674,673,-1,3,-8,3501,3501,0,2,-2,1249,1250,1,0,-1,216,1231,-9,0,-21
1787464295.570,B',0,1,-,119.0,3135,3133,-2,2,1,1091,1090,-1,0,-1,674,673,-1,3,-8,3501,3501,0,2,-2,1249,1250,1,0,-1,1233,2258,1,1,-20
1787464295.701,B,0,1,-,119.0,3135,3133,-2,2,1,1091,1091,0,0,0,674,673,-1,3,-8,3501,3501,0,2,-2,1250,1250,0,0,-1,2259,1233,-2,0,-19
1787464295.843,B,0,1,-,119.0,3135,3133,-2,2,1,1091,1090,-1,0,-1,674,673,-1,3,-8,3501,3501,0,2,-2,1249,1250,1,0,-1,1234,215,5,3,-18
1787464295.985,B',0,1,-,119.0,3135,3133,-2,2,1,1091,1091,0,0,0,674,673,-1,3,-8,3501,3501,0,2,-2,1249,1250,1,0,-1,216,1231,-9,0,-21
1787464296.123,B',0,1,-,119.0,3135,3133,-2,2,1,1091,1090,-1,0,-1,674,673,-1,3,-8,3501,3501,0,2,-2,1249,1250,1,0,-1,1233,2258,1,1,-20
1787464296.263,B,0,1,-,119.0,3135,3133,-2,2,1,1091,1090,-1,0,-1,674,673,-1,3,-8,3501,3501,0,2,-2,1249,1250,1,0,-1,2259,1233,-2,0,-19
1787464296.399,B,0,1,-,119.0,3135,3133,-2,2,1,1091,1090,-1,0,-1,674,673,-1,3,-8,3501,3501,0,2,-2,1249,1250,1,0,-1,1234,215,5,3,-18
1787464296.536,B',0,1,-,119.0,3135,3133,-2,2,1,1091,1091,0,0,0,674,674,0,3,-7,3501,3501,0,2,-2,1250,1250,0,0,-1,215,1231,-8,0,-21
1787464296.675,B',0,1,-,119.0,3135,3133,-2,2,1,1091,1090,-1,0,-1,674,673,-1,3,-8,3501,3501,0,2,-2,1250,1250,0,0,-1,1233,2258,1,1,-20
1787464296.810,B,0,1,-,119.0,3135,3133,-2,2,1,1091,1090,-1,0,-1,674,674,0,3,-7,3501,3501,0,2,-2,1249,1250,1,0,-1,2259,1233,-2,0,-19
1787464296.948,B,0,1,-,119.0,3135,3133,-2,2,1,1091,1090,-1,0,-1,674,673,-1,3,-8,3501,3501,0,2,-2,1250,1250,0,0,-1,1234,215,5,3,-18
1787464297.088,B',0,1,-,119.0,3135,3133,-2,2,1,1091,1090,-1,0,-1,674,673,-1,3,-8,3501,3501,0,2,-2,1249,1250,1,0,-1,215,1231,-8,0,-21
1787464297.223,B',0,1,-,119.0,3135,3133,-2,2,1,1091,1090,-1,0,-1,674,673,-1,3,-8,3501,3501,0,2,-2,1249,1250,1,0,-1,1233,2258,1,1,-20
1787464297.361,B,0,1,-,119.0,3135,3133,-2,2,1,1091,1090,-1,0,-1,674,673,-1,3,-8,3501,3501,0,2,-2,1249,1250,1,0,-1,2259,1233,-2,0,-19
1787464297.500,B,0,1,-,119.0,3135,3133,-2,2,1,1091,1090,-1,0,-1,674,673,-1,3,-8,3501,3501,0,2,-2,1249,1250,1,0,-1,1234,215,5,3,-18
1787464297.636,B',0,1,-,119.0,3135,3133,-2,2,1,1091,1090,-1,0,-1,674,674,0,3,-7,3501,3501,0,2,-2,1250,1250,0,0,-1,215,1231,-8,0,-21
1787464297.773,B',0,1,-,119.0,3135,3133,-2,2,1,1091,1090,-1,0,-1,674,673,-1,3,-8,3501,3501,0,2,-2,1250,1250,0,0,-1,1233,2258,1,1,-20
1787464297.908,B,0,1,-,119.0,3135,3133,-2,2,1,1091,1090,-1,0,-1,674,673,-1,3,-8,3501,3501,0,2,-2,1249,1250,1,0,-1,2259,1233,-2,0,-19
1787464298.040,B,0,1,-,119.0,3135,3133,-2,2,1,1091,1091,0,0,0,674,673,-1,3,-8,3501,3501,0,2,-2,1249,1250,1,0,-1,1234,215,5,3,-18
1787464298.185,B',0,1,-,119.0,3135,3133,-2,2,1,1091,1090,-1,0,-1,674,673,-1,3,-8,3501,3501,0,2,-2,1249,1250,1,0,-1,216,1231,-9,0,-21
1787464298.319,B',0,1,-,119.0,3135,3133,-2,2,1,1091,1090,-1,0,-1,674,673,-1,3,-8,3501,3501,0,2,-2,1249,1250,1,0,-1,1232,2258,2,1,-20
1787464298.461,B,0,1,-,119.0,3136,3133,-3,2,1,1091,1090,-1,0,-1,674,673,-1,3,-8,3501,3501,0,2,-2,1249,1250,1,0,-1,2260,1233,-3,0,-19
1787464298.598,B,0,1,-,119.0,3135,3133,-2,2,1,1091,1090,-1,0,-1,674,673,-1,3,-8,3501,3501,0,2,-2,1249,1250,1,0,-1,1234,215,5,3,-18
1787464298.733,B',0,1,-,119.0,3136,3133,-3,2,1,1091,1090,-1,0,-1,674,674,0,3,-7,3501,3501,0,2,-2,1249,1250,1,0,-1,215,1231,-8,0,-21
1787464298.871,B',0,1,-,119.0,3135,3133,-2,2,1,1091,1090,-1,0,-1,674,674,0,3,-7,3501,3501,0,2,-2,1250,1250,0,0,-1,1232,2258,2,1,-20
1787464299.010,B,0,1,-,119.0,3135,3133,-2,2,1,1091,1090,-1,0,-1,674,673,-1,3,-8,3501,3501,0,2,-2,1249,1250,1,0,-1,2259,1233,-2,0,-19
1787464299.149,B,0,1,-,119.0,3135,3133,-2,2,1,1091,1091,0,0,0,674,673,-1,3,-8,3501,3501,0,2,-2,1249,1250,1,0,-1,1234,215,5,3,-18
1787464299.286,B',0,1,-,119.0,3135,3134,-1,2,2,1091,1091,0,0,0,674,673,-1,3,-8,3501,3501,0,2,-2,1249,1250,1,0,-1,216,1231,-9,0,-21
1787464299.423,B',0,1,-,119.0,3135,3133,-2,2,1,1091,1091,0,0,0,674,673,-1,3,-8,3501,3501,0,2,-2,1249,1250,1,0,-1,1233,2258,1,1,-20
1787464299.563,B,0,1,-,119.0,3135,3133,-2,2,1,1091,1090,-1,0,-1,674,673,-1,3,-8,3501,3501,0,2,-2,1249,1250,1,0,-1,2259,1233,-2,0,-19
1787464299.699,B,0,1,-,119.0,3135,3133,-2,2,1,1091,1090,-1,0,-1,674,673,-1,3,-8,3501,3501,0,2,-2,1249,1250,1,0,-1,1234,215,5,3,-18
1787464299.837,B',0,1,-,119.0,3135,3133,-2,2,1,1091,1090,-1,0,-1,674,673,-1,3,-8,3501,3501,0,2,-2,1250,1250,0,0,-1,216,1231,-9,0,-21
1787464299.973,B',0,1,-,119.0,3135,3133,-2,2,1,1091,1091,0,0,0,674,673,-1,3,-8,3501,3501,0,2,-2,1250,1250,0,0,-1,1233,2258,1,1,-20
1787464300.103,B,0,1,-,119.0,3135,3133,-2,2,1,1091,1090,-1,0,-1,674,673,-1,3,-8,3501,3501,0,2,-2,1250,1250,0,0,-1,2260,1233,-3,0,-19
1787464300.248,B,0,1,-,119.0,3135,3133,-2,2,1,1091,1090,-1,0,-1,674,673,-1,3,-8,3501,3501,0,2,-2,1250,1250,0,0,-1,1234,215,5,3,-18
1787464300.386,B',0,1,-,119.0,3135,3133,-2,2,1,1091,1090,-1,0,-1,674,673,-1,3,-8,3501,3501,0,2,-2,1249,1250,1,0,-1,215,1231,-8,0,-21
1787464300.517,B',0,1,-,119.0,3136,3133,-3,2,1,1091,1090,-1,0,-1,674,673,-1,3,-8,3501,3501,0,2,-2,1249,1250,1,0,-1,1233,2258,1,1,-20
1787464300.651,B,0,1,-,119.0,3135,3133,-2,2,1,1091,1090,-1,0,-1,674,673,-1,3,-8,3501,3501,0,2,-2,1250,1250,0,0,-1,2260,1233,-3,0,-19
1787464300.787,B,0,1,-,119.0,3135,3133,-2,2,1,1091,1090,-1,0,-1,674,673,-1,3,-8,3501,3501,0,2,-2,1250,1250,0,0,-1,1234,214,4,3,-19
1787464300.934,B',0,1,-,119.0,3135,3133,-2,2,1,1091,1090,-1,0,-1,674,673,-1,3,-8,3501,3501,0,2,-2,1249,1250,1,0,-1,215,1231,-8,0,-21
1787464301.068,B',0,1,-,119.0,3135,3133,-2,2,1,1091,1091,0,0,0,674,674,0,3,-7,3501,3501,0,2,-2,1249,1250,1,0,-1,1233,2258,1,1,-20
1787464301.212,B,0,1,-,119.0,3135,3133,-2,2,1,1091,1091,0,0,0,674,673,-1,3,-8,3501,3501,0,2,-2,1250,1250,0,0,-1,2260,1233,-3,0,-19
1787464301.348,B,0,1,-,119.0,3135,3133,-2,2,1,1091,1090,-1,0,-1,674,673,-1,3,-8,3501,3501,0,2,-2,1249,1250,1,0,-1,1234,214,4,3,-19
1787464301.489,B',0,1,-,119.0,3135,3133,-2,2,1,1091,1090,-1,0,-1,674,673,-1,3,-8,3501,3501,0,2,-2,1250,1250,0,0,-1,215,1231,-8,0,-21
1787464301.624,B',0,1,-,119.0,3135,3133,-2,2,1,1091,1090,-1,0,-1,674,674,0,3,-7,3501,3501,0,2,-2,1250,1250,0,0,-1,1233,2258,1,1,-20
1787464301.752,B,0,1,-,119.0,3135,3133,-2,2,1,1091,1090,-1,0,-1,674,673,-1,3,-8,3501,3501,0,2,-2,1250,1250,0,0,-1,2259,1233,-2,0,-19
1787464301.899,B,0,1,-,119.0,3135,3133,-2,2,1,1091,1090,-1,0,-1,674,673,-1,3,-8,3501,3501,0,2,-2,1249,1250,1,0,-1,1234,215,5,3,-18
1787464302.035,B',0,1,-,119.0,3135,3133,-2,2,1,1091,1090,-1,0,-1,674,673,-1,3,-8,3501,3501,0,2,-2,1249,1250,1,0,-1,215,1231,-8,0,-21
1787464302.170,B',0,1,-,119.0,3135,3133,-2,2,1,1091,1090,-1,0,-1,674,673,-1,3,-8,3501,3501,0,2,-2,1250,1250,0,0,-1,1233,2258,1,1,-20
1787464302.311,B,0,1,-,119.0,3135,3134,-1,2,2,1091,1090,-1,0,-1,674,673,-1,3,-8,3501,3501,0,2,-2,1249,1250,1,0,-1,2260,1233,-3,0,-19
1787464302.448,B,0,1,-,119.0,3135,3133,-2,2,1,1091,1091,0,0,0,674,673,-1,3,-8,3501,3501,0,2,-2,1249,1250,1,0,-1,1234,215,5,3,-18
1787464302.586,B',0,1,-,119.0,3135,3133,-2,2,1,1091,1091,0,0,0,674,673,-1,3,-8,3501,3501,0,2,-2,1249,1250,1,0,-1,216,1231,-9,0,-21
1787464302.724,B',0,1,-,119.0,3135,3133,-2,2,1,1091,1090,-1,0,-1,674,673,-1,3,-8,3501,3501,0,2,-2,1249,1250,1,0,-1,1232,2258,2,1,-20
1787464302.854,B,0,1,-,119.0,3135,3133,-2,2,1,1091,1090,-1,0,-1,674,673,-1,3,-8,3501,3501,0,2,-2,1249,1250,1,0,-1,2259,1233,-2,0,-19
1787464302.991,B,0,1,-,119.0,3135,3133,-2,2,1,1091,1090,-1,0,-1,674,673,-1,3,-8,3501,3501,0,2,-2,1249,1250,1,0,-1,1234,215,5,3,-18
1787464303.135,B',0,1,-,119.0,3135,3133,-2,2,1,1091,1090,-1,0,-1,674,674,0,3,-7,3501,3501,0,2,-2,1249,1250,1,0,-1,215,1231,-8,0,-21
1787464303.268,B',0,1,-,119.0,3135,3133,-2,2,1,1091,1091,0,0,0,674,673,-1,3,-8,3501,3501,0,2,-2,1249,1250,1,0,-1,1232,2258,2,1,-20
1787464303.400,B,0,1,-,119.0,3135,3133,-2,2,1,1091,1090,-1,0,-1,674,673,-1,3,-8,3501,3501,0,2,-2,1249,1250,1,0,-1,2260,1233,-3,0,-19
1787464303.548,B,0,1,-,119.0,3135,3133,-2,2,1,1091,1090,-1,0,-1,674,673,-1,3,-8,3501,3501,0,2,-2,1249,1250,1,0,-1,1234,214,4,3,-19
1787464303.685,B',0,1,-,119.0,3135,3133,-2,2,1,1091,1090,-1,0,-1,674,673,-1,3,-8,3501,3501,0,2,-2,1250,1250,0,0,-1,216,1231,-9,0,-21
1787464303.819,B',0,1,-,119.0,3135,3133,-2,2,1,1091,1090,-1,0,-1,674,674,0,3,-7,3501,3501,0,2,-2,1249,1250,1,0,-1,1233,2258,1,1,-20
1787464303.952,B,0,1,-,119.0,3135,3133,-2,2,1,1091,1090,-1,0,-1,674,673,-1,3,-8,3501,3501,0,2,-2,1249,1250,1,0,-1,2259,1233,-2,0,-19
1787464304.098,B,0,1,-,119.0,3135,3133,-2,2,1,1091,1090,-1,0,-1,674,673,-1,3,-8,3501,3501,0,2,-2,1250,1250,0,0,-1,1234,214,4,3,-19
1787464304.235,B',0,1,-,119.0,3135,3133,-2,2,1,1091,1090,-1,0,-1,674,673,-1,3,-8,3501,3501,0,2,-2,1250,1250,0,0,-1,215,1231,-8,0,-21
1787464304.375,B',0,1,-,119.0,3135,3133,-2,2,1,1091,1090,-1,0,-1,674,673,-1,3,-8,3501,3501,0,2,-2,1249,1250,1,0,-1,1233,2258,1,1,-20
1787464304.510,B,0,1,-,119.0,3135,3133,-2,2,1,1091,1090,-1,0,-1,674,673,-1,3,-8,3501,3501,0,2,-2,1249,1250,1,0,-1,2259,1233,-2,0,-19
1787464304.648,B,0,1,-,119.0,3136,3133,-3,2,1,1091,1090,-1,0,-1,674,673,-1,3,-8,3501,3501,0,2,-2,1249,1250,1,0,-1,1234,215,5,3,-18
1787464304.786,B',0,1,-,119.0,3135,3133,-2,2,1,1091,1090,-1,0,-1,674,673,-1,3,-8,3501,3501,0,2,-2,1249,1250,1,0,-1,215,1231,-8,0,-21
1787464304.919,B',0,1,-,119.0,3135,3133,-2,2,1,1091,1091,0,0,0,674,673,-1,3,-8,3501,3501,0,2,-2,1249,1250,1,0,-1,1233,2258,1,1,-20
1787464305.051,B,0,1,-,119.0,3135,3133,-2,2,1,1091,1091,0,0,0,674,673,-1,3,-8,3501,3501,0,2,-2,1249,1250,1,0,-1,2259,1233,-2,0,-19
1787464305.197,B,0,1,-,119.0,3135,3133,-2,2,1,1091,1090,-1,0,-1,674,674,0,3,-7,3501,3501,0,2,-2,1249,1250,1,0,-1,1234,215,5,3,-18
1787464305.336,B',0,1,-,119.0,3135,3133,-2,2,1,1091,1090,-1,0,-1,674,673,-1,3,-8,3501,3501,0,2,-2,1249,1250,1,0,-1,215,1231,-8,0,-21
1787464305.473,B',0,1,-,119.0,3135,3133,-2,2,1,1091,1091,0,0,0,674,673,-1,3,-8,3501,3501,0,2,-2,1250,1250,0,0,-1,1233,2258,1,1,-20
1787464305.601,B,0,1,-,119.0,3135,3133,-2,2,1,1091,1090,-1,0,-1,674,673,-1,3,-8,3501,3501,0,2,-2,1249,1250,1,0,-1,2260,1233,-3,0,-19
1787464305.737,B,0,1,-,119.0,3136,3133,-3,2,1,1091,1090,-1,0,-1,674,673,-1,3,-8,3501,3501,0,2,-2,1249,1250,1,0,-1,1234,215,5,3,-18
1787464305.882,B',0,1,-,119.0,3135,3133,-2,2,1,1091,1090,-1,0,-1,674,673,-1,3,-8,3501,3501,0,2,-2,1249,1250,1,0,-1,216,1231,-9,0,-21
1787464306.016,B',0,1,-,119.0,3135,3133,-2,2,1,1091,1090,-1,0,-1,674,674,0,3,-7,3501,3501,0,2,-2,1249,1250,1,0,-1,1233,2258,1,1,-20
1787464306.160,B,0,1,-,119.0,3135,3133,-2,2,1,1091,1090,-1,0,-1,674,673,-1,3,-8,3501,3501,0,2,-2,1249,1250,1,0,-1,2259,1233,-2,0,-19
1787464306.297,B,0,1,-,119.0,3135,3133,-2,2,1,1091,1091,0,0,0,674,673,-1,3,-8,3501,3501,0,2,-2,1249,1250,1,0,-1,1234,214,4,3,-19
1787464306.436,B',0,1,-,119.0,3135,3133,-2,2,1,1091,1090,-1,0,-1,674,673,-1,3,-8,3501,3501,0,2,-2,1249,1250,1,0,-1,216,1231,-9,0,-21
1787464306.573,B',0,1,-,119.0,3135,3133,-2,2,1,1091,1091,0,0,0,674,673,-1,3,-8,3501,3501,0,2,-2,1249,1250,1,0,-1,1233,2258,1,1,-20
1787464306.711,B,0,1,-,119.0,3135,3133,-2,2,1,1091,1090,-1,0,-1,674,673,-1,3,-8,3501,3501,0,2,-2,1249,1250,1,0,-1,2260,1233,-3,0,-19
1787464306.848,B,0,1,-,119.0,3135,3133,-2,2,1,1091,1090,-1,0,-1,674,673,-1,3,-8,3501,3501,0,2,-2,1249,1250,1,0,-1,1234,215,5,3,-18
1787464306.985,B',0,1,-,119.0,3135,3133,-2,2,1,1091,1090,-1,0,-1,674,674,0,3,-7,3501,3501,0,2,-2,1249,1250,1,0,-1,215,1231,-8,0,-21
1787464307.123,B',0,1,-,119.0,3135,3133,-2,2,1,1091,1090,-1,0,-1,674,673,-1,3,-8,3501,3501,0,2,-2,1250,1250,0,0,-1,1233,2258,1,1,-20
1787464307.252,B,0,1,-,119.0,3135,3133,-2,2,1,1091,1090,-1,0,-1,674,673,-1,3,-8,3501,3501,0,2,-2,1249,1250,1,0,-1,2259,1233,-2,0,-19
1787464307.397,B,0,1,-,119.0,3135,3133,-2,2,1,1091,1090,-1,0,-1,674,673,-1,3,-8,3501,3501,0,2,-2,1249,1250,1,0,-1,1234,215,5,3,-18
1787464307.535,B',0,1,-,119.0,3135,3133,-2,2,1,1091,1090,-1,0,-1,674,673,-1,3,-8,3501,3501,0,2,-2,1250,1250,0,0,-1,215,1231,-8,0,-21
1787464307.672,B',0,1,-,119.0,3135,3133,-2,2,1,1091,1090,-1,0,-1,674,673,-1,3,-8,3501,3501,0,2,-2,1250,1250,0,0,-1,1233,2258,1,1,-20
1787464307.809,B,0,1,-,119.0,3135,3133,-2,2,1,1091,1090,-1,0,-1,674,673,-1,3,-8,3501,3501,0,2,-2,1249,1250,1,0,-1,2260,1233,-3,0,-19
1787464307.944,B,0,1,-,119.0,3136,3133,-3,2,1,1091,1090,-1,0,-1,674,673,-1,3,-8,3501,3501,0,2,-2,1249,1250,1,0,-1,1234,214,4,3,-19
1787464308.085,B',0,1,-,119.0,3135,3133,-2,2,1,1091,1090,-1,0,-1,674,673,-1,3,-8,3501,3501,0,2,-2,1250,1250,0,0,-1,216,1231,-9,0,-21
1787464308.217,B',0,1,-,119.0,3135,3133,-2,2,1,1091,1090,-1,0,-1,674,673,-1,3,-8,3501,3501,0,2,-2,1250,1250,0,0,-1,1232,2258,2,1,-20
1787464308.360,B,0,1,-,119.0,3135,3133,-2,2,1,1091,1090,-1,0,-1,674,673,-1,3,-8,3501,3501,0,2,-2,1250,1250,0,0,-1,2259,1233,-2,0,-19
1787464308.489,B,0,1,-,119.0,3135,3133,-2,2,1,1091,1090,-1,0,-1,674,673,-1,3,-8,3501,3501,0,2,-2,1249,1250,1,0,-1,1234,214,4,3,-19
1787464308.635,B',0,1,-,119.0,3135,3133,-2,2,1,1091,1091,0,0,0,674,673,-1,3,-8,3501,3501,0,2,-2,1249,1250,1,0,-1,215,1231,-8,0,-21
1787464308.769,B',0,1,-,119.0,3135,3133,-2,2,1,1091,1090,-1,0,-1,674,673,-1,3,-8,3501,3501,0,2,-2,1249,1250,1,0,-1,1233,2258,1,1,-20
1787464308.902,B,0,1,-,119.0,3135,3133,-2,2,1,1091,1090,-1,0,-1,674,673,-1,3,-8,3501,3501,0,2,-2,1250,1250,0,0,-1,2260,1233,-3,0,-19
1787464309.048,B,0,1,-,119.0,3135,3133,-2,2,1,1091,1090,-1,0,-1,674,674,0,3,-7,3501,3501,0,2,-2,1250,1250,0,0,-1,1234,214,4,3,-19
1787464309.185,B',0,1,-,119.0,3135,3133,-2,2,1,1091,1090,-1,0,-1,674,673,-1,3,-8,3501,3501,0,2,-2,1250,1250,0,0,-1,215,1231,-8,0,-21
1787464309.323,B',0,1,-,119.0,3135,3133,-2,2,1,1091,1090,-1,0,-1,674,673,-1,3,-8,3501,3501,0,2,-2,1249,1250,1,0,-1,1233,2258,1,1,-20
1787464309.462,B,0,1,-,119.0,3135,3133,-2,2,1,1091,1090,-1,0,-1,674,673,-1,3,-8,3501,3501,0,2,-2,1250,1250,0,0,-1,2259,1233,-2,0,-19
1787464309.596,B,0,1,-,119.0,3136,3133,-3,2,1,1091,1090,-1,0,-1,674,673,-1,3,-8,3501,3501,0,2,-2,1249,1250,1,0,-1,1234,215,5,3,-18
1787464309.735,B',0,1,-,119.0,3135,3133,-2,2,1,1091,1090,-1,0,-1,674,673,-1,3,-8,3501,3501,0,2,-2,1249,1250,1,0,-1,215,1231,-8,0,-21
1787464309.867,B',0,1,-,119.0,3135,3133,-2,2,1,1091,1090,-1,0,-1,674,673,-1,3,-8,3501,3501,0,2,-2,1250,1250,0,0,-1,1233,2258,1,1,-20
1787464310.005,B,0,1,-,119.0,3135,3133,-2,2,1,1091,1091,0,0,0,674,673,-1,3,-8,3501,3501,0,2,-2,1249,1250,1,0,-1,2260,1233,-3,0,-19
1787464310.134,B,0,1,-,119.0,3135,3133,-2,2,1,1091,1090,-1,0,-1,674,674,0,3,-7,3501,3501,0,2,-2,1249,1250,1,0,-1,1234,214,4,3,-19
1787464310.285,B',0,1,-,119.0,3135,3133,-2,2,1,1091,1090,-1,0,-1,674,673,-1,3,-8,3501,3501,0,2,-2,1249,1250,1,0,-1,216,1231,-9,0,-21
1787464310.422,B',0,1,-,119.0,3135,3133,-2,2,1,1091,1090,-1,0,-1,674,674,0,3,-7,3501,3501,0,2,-2,1249,1250,1,0,-1,1233,2258,1,1,-20
1787464310.551,B,0,1,-,119.0,3135,3133,-2,2,1,1091,1091,0,0,0,674,673,-1,3,-8,3501,3501,0,2,-2,1249,1250,1,0,-1,2259,1233,-2,0,-19
1787464310.690,B,0,1,-,119.0,3135,3133,-2,2,1,1091,1090,-1,0,-1,674,673,-1,3,-8,3501,3501,0,2,-2,1249,1250,1,0,-1,1234,215,5,3,-18
1787464310.836,B',0,1,-,119.0,3135,3133,-2,2,1,1091,1090,-1,0,-1,674,674,0,3,-7,3501,3501,0,2,-2,1249,1250,1,0,-1,216,1231,-9,0,-21
1787464310.970,B',0,1,-,119.0,3135,3133,-2,2,1,1091,1090,-1,0,-1,674,674,0,3,-7,3501,3501,0,2,-2,1249,1250,1,0,-1,1233,2258,1,1,-20
1787464311.109,B,0,1,-,119.0,3135,3133,-2,2,1,1091,1090,-1,0,-1,674,673,-1,3,-8,3501,3501,0,2,-2,1249,1250,1,0,-1,2260,1233,-3,0,-19
1787464311.248,B,0,1,-,119.0,3135,3133,-2,2,1,1091,1090,-1,0,-1,674,673,-1,3,-8,3501,3501,0,2,-2,1249,1250,1,0,-1,1234,214,4,3,-19
1787464311.385,B',0,1,-,119.0,3136,3133,-3,2,1,1091,1090,-1,0,-1,674,673,-1,3,-8,3501,3501,0,2,-2,1249,1250,1,0,-1,215,1231,-8,0,-21
1787464311.523,B',0,1,-,119.0,3135,3133,-2,2,1,1091,1090,-1,0,-1,674,673,-1,3,-8,3501,3501,0,2,-2,1249,1250,1,0,-1,1233,2258,1,1,-20
1787464311.660,B,0,1,-,119.0,3136,3133,-3,2,1,1091,1091,0,0,0,674,674,0,3,-7,3501,3501,0,2,-2,1249,1250,1,0,-1,2259,1233,-2,0,-19
1787464311.786,B,0,1,-,119.0,3136,3133,-3,2,1,1091,1090,-1,0,-1,674,673,-1,3,-8,3501,3501,0,2,-2,1249,1250,1,0,-1,1234,215,5,3,-18
1787464311.935,B',0,1,-,119.0,3135,3133,-2,2,1,1091,1090,-1,0,-1,674,674,0,3,-7,3501,3501,0,2,-2,1249,1250,1,0,-1,216,1231,-9,0,-21
1787464312.072,B',0,1,-,119.0,3135,3133,-2,2,1,1091,1090,-1,0,-1,674,674,0,3,-7,3501,3501,0,2,-2,1249,1250,1,0,-1,1233,2258,1,1,-20
1787464312.209,B,0,1,-,119.0,3135,3133,-2,2,1,1091,1090,-1,0,-1,674,674,0,3,-7,3501,3501,0,2,-2,1249,1250,1,0,-1,2260,1233,-3,0,-19
1787464312.347,B,0,1,-,119.0,3135,3133,-2,2,1,1091,1090,-1,0,-1,674,673,-1,3,-8,3501,3501,0,2,-2,1249,1250,1,0,-1,1234,215,5,3,-18
1787464312.485,B',0,1,-,119.0,3135,3133,-2,2,1,1091,1090,-1,0,-1,674,673,-1,3,-8,3501,3501,0,2,-2,1250,1250,0,0,-1,216,1231,-9,0,-21
1787464312.622,B',0,1,-,119.0,3135,3133,-2,2,1,1091,1090,-1,0,-1,674,673,-1,3,-8,3501,3501,0,2,-2,1249,1249,0,0,-2,1233,2258,1,1,-20
1787464312.758,B,0,1,-,119.0,3135,3133,-2,2,1,1091,1090,-1,0,-1,674,673,-1,3,-8,3501,3501,0,2,-2,1249,1250,1,0,-1,2259,1233,-2,0,-19
1787464312.893,B,0,1,-,119.0,3135,3133,-2,2,1,1091,1090,-1,0,-1,674,673,-1,3,-8,3501,3501,0,2,-2,1250,1250,0,0,-1,1234,214,4,3,-19
1787464313.034,B',0,1,-,119.0,3135,3133,-2,2,1,1091,1090,-1,0,-1,674,673,-1,3,-8,3501,3501,0,2,-2,1249,1250,1,0,-1,215,1231,-8,0,-21
1787464313.172,B',0,1,-,119.0,3135,3133,-2,2,1,1091,1090,-1,0,-1,674,673,-1,3,-8,3501,3501,0,2,-2,1249,1250,1,0,-1,1233,2258,1,1,-20
1787464313.309,B,0,1,-,119.0,3135,3133,-2,2,1,1091,1090,-1,0,-1,674,674,0,3,-7,3501,3501,0,2,-2,1249,1250,1,0,-1,2259,1233,-2,0,-19
1787464313.439,B,0,1,-,119.0,3135,3133,-2,2,1,1091,1090,-1,0,-1,674,673,-1,3,-8,3501,3501,0,2,-2,1250,1250,0,0,-1,1234,214,4,3,-19
1787464313.584,B',0,1,-,119.0,3135,3133,-2,2,1,1091,1090,-1,0,-1,674,673,-1,3,-8,3501,3501,0,2,-2,1250,1250,0,0,-1,215,1231,-8,0,-21
1787464313.723,B',0,1,-,119.0,3135,3133,-2,2,1,1091,1090,-1,0,-1,674,674,0,3,-7,3501,3501,0,2,-2,1250,1250,0,0,-1,1233,2258,1,1,-20
1787464313.860,B,0,1,-,119.0,3135,3133,-2,2,1,1091,1090,-1,0,-1,674,673,-1,3,-8,3501,3501,0,2,-2,1250,1250,0,0,-1,2260,1233,-3,0,-19
1787464313.997,B,0,1,-,119.0,3135,3133,-2,2,1,1091,1090,-1,0,-1,674,673,-1,3,-8,3501,3501,0,2,-2,1249,1250,1,0,-1,1234,215,5,3,-18
1787464314.135,B',0,1,-,119.0,3135,3133,-2,2,1,1091,1090,-1,0,-1,674,673,-1,3,-8,3501,3501,0,2,-2,1249,1250,1,0,-1,216,1231,-9,0,-21
1787464314.269,B',0,1,-,119.0,3135,3133,-2,2,1,1091,1090,-1,0,-1,674,673,-1,3,-8,3501,3501,0,2,-2,1250,1250,0,0,-1,1233,2258,1,1,-20
1787464314.409,B,0,1,-,119.0,3135,3133,-2,2,1,1091,1091,0,0,0,674,673,-1,3,-8,3501,3501,0,2,-2,1249,1250,1,0,-1,2260,1233,-3,0,-19
1787464314.546,B,0,1,-,119.0,3135,3133,-2,2,1,1091,1091,0,0,0,674,674,0,3,-7,3501,3501,0,2,-2,1250,1250,0,0,-1,1234,215,5,3,-18
1787464314.685,B',0,1,-,119.0,3135,3133,-2,2,1,1091,1090,-1,0,-1,674,673,-1,3,-8,3501,3501,0,2,-2,1249,1250,1,0,-1,215,1231,-8,0,-21
1787464314.819,B',0,1,-,119.0,3135,3133,-2,2,1,1091,1090,-1,0,-1,674,673,-1,3,-8,3501,3501,0,2,-2,1250,1250,0,0,-1,1233,2258,1,1,-20
1787464314.958,B,0,1,-,119.0,3135,3133,-2,2,1,1091,1090,-1,0,-1,674,673,-1,3,-8,3501,3501,0,2,-2,1249,1250,1,0,-1,2260,1233,-3,0,-19
1787464315.085,B,0,1,-,119.0,3135,3133,-2,2,1,1091,1090,-1,0,-1,674,673,-1,3,-8,3501,3501,0,2,-2,1250,1250,0,0,-1,1234,214,4,3,-19
1787464315.232,B',0,1,-,119.0,3135,3133,-2,2,1,1091,1091,0,0,0,674,674,0,3,-7,3501,3501,0,2,-2,1249,1250,1,0,-1,216,1231,-9,0,-21
1787464315.373,B',0,1,-,119.0,3135,3133,-2,2,1,1091,1090,-1,0,-1,674,674,0,3,-7,3501,3501,0,2,-2,1249,1250,1,0,-1,1233,2258,1,1,-20
1787464315.503,B,0,1,-,119.0,3135,3133,-2,2,1,1091,1090,-1,0,-1,674,674,0,3,-7,3501,3501,0,2,-2,1249,1250,1,0,-1,2260,1233,-3,0,-19
1787464315.647,B,0,1,-,119.0,3135,3133,-2,2,1,1091,1090,-1,0,-1,674,673,-1,3,-8,3501,3501,0,2,-2,1250,1250,0,0,-1,1233,215,6,3,-18
1787464315.785,B',0,1,-,119.0,3135,3133,-2,2,1,1091,1090,-1,0,-1,674,674,0,3,-7,3501,3501,0,2,-2,1249,1250,1,0,-1,216,1231,-9,0,-21
1787464315.923,B',0,1,-,119.0,3135,3133,-2,2,1,1091,1090,-1,0,-1,674,673,-1,3,-8,3501,3501,0,2,-2,1249,1250,1,0,-1,1233,2258,1,1,-20
1787464316.060,B,0,1,-,119.0,3135,3133,-2,2,1,1091,1090,-1,0,-1,674,673,-1,3,-8,3501,3501,0,2,-2,1249,1250,1,0,-1,2259,1233,-2,0,-19
1787464316.198,B,0,1,-,119.0,3135,3133,-2,2,1,1091,1090,-1,0,-1,674,673,-1,3,-8,3501,3501,0,2,-2,1249,1250,1,0,-1,1234,214,4,3,-19
1787464316.335,B',0,1,-,119.0,3135,3133,-2,2,1,1091,1090,-1,0,-1,674,674,0,3,-7,3501,3501,0,2,-2,1249,1250,1,0,-1,215,1231,-8,0,-21
1787464316.474,B',0,1,-,119.0,3135,3133,-2,2,1,1091,1091,0,0,0,674,673,-1,3,-8,3501,3501,0,2,-2,1249,1250,1,0,-1,1233,2258,1,1,-20
1787464316.610,B,0,1,-,119.0,3135,3133,-2,2,1,1091,1091,0,0,0,674,673,-1,3,-8,3501,3501,0,2,-2,1249,1250,1,0,-1,2260,1233,-3,0,-19
1787464316.745,B,0,1,-,119.0,3135,3133,-2,2,1,1091,1090,-1,0,-1,674,673,-1,3,-8,3501,3501,0,2,-2,1249,1250,1,0,-1,1234,214,4,3,-19
1787464316.885,B',0,1,-,119.0,3135,3133,-2,2,1,1091,1090,-1,0,-1,674,673,-1,3,-8,3501,3501,0,2,-2,1250,1250,0,0,-1,215,1231,-8,0,-21
1787464317.019,B',0,1,-,119.0,3135,3133,-2,2,1,1091,1090,-1,0,-1,674,673,-1,3,-8,3501,3501,0,2,-2,1249,1250,1,0,-1,1233,2258,1,1,-20
1787464317.153,B,0,1,-,119.0,3135,3133,-2,2,1,1091,1090,-1,0,-1,674,673,-1,3,-8,3501,3501,0,2,-2,1249,1250,1,0,-1,2259,1233,-2,0,-19
1787464317.296,B,0,1,-,119.0,3135,3133,-2,2,1,1091,1090,-1,0,-1,674,673,-1,3,-8,3501,3501,0,2,-2,1249,1250,1,0,-1,1234,215,5,3,-18
1787464317.435,B',0,1,-,119.0,3135,3133,-2,2,1,1091,1090,-1,0,-1,674,673,-1,3,-8,3501,3501,0,2,-2,1249,1250,1,0,-1,216,1231,-9,0,-21
1787464317.571,B',0,1,-,119.0,3135,3133,-2,2,1,1091,1090,-1,0,-1,674,673,-1,3,-8,3501,3501,0,2,-2,1249,1250,1,0,-1,1233,2258,1,1,-20
1787464317.710,B,0,1,-,119.0,3135,3133,-2,2,1,1091,1090,-1,0,-1,674,673,-1,3,-8,3501,3501,0,2,-2,1249,1250,1,0,-1,2260,1233,-3,0,-19
1787464317.844,B,0,1,-,119.0,3135,3133,-2,2,1,1091,1090,-1,0,-1,674,673,-1,3,-8,3501,3501,0,2,-2,1249,1250,1,0,-1,1234,215,5,3,-18
1787464317.984,B',0,1,-,119.0,3135,3133,-2,2,1,1091,1090,-1,0,-1,674,674,0,3,-7,3501,3501,0,2,-2,1249,1250,1,0,-1,215,1231,-8,0,-21
1787464318.124,B',0,1,-,119.0,3135,3133,-2,2,1,1091,1090,-1,0,-1,674,674,0,3,-7,3501,3501,0,2,-2,1250,1250,0,0,-1,1233,2258,1,1,-20
1787464318.259,B,0,1,-,119.0,3135,3133,-2,2,1,1091,1090,-1,0,-1,674,673,-1,3,-8,3501,3501,0,2,-2,1249,1250,1,0,-1,2259,1233,-2,0,-19
1787464318.397,B,0,1,-,119.0,3135,3133,-2,2,1,1091,1090,-1,0,-1,674,674,0,3,-7,3501,3501,0,2,-2,1249,1250,1,0,-1,1234,215,5,3,-18
1787464318.535,B',0,1,-,119.0,3135,3133,-2,2,1,1091,1090,-1,0,-1,674,673,-1,3,-8,3501,3501,0,2,-2,1249,1250,1,0,-1,216,1231,-9,0,-21
1787464318.672,B',0,1,-,119.0,3135,3133,-2,2,1,1091,1090,-1,0,-1,674,673,-1,3,-8,3501,3501,0,2,-2,1250,1250,0,0,-1,1233,2258,1,1,-20
1787464318.810,B,0,1,-,119.0,3135,3133,-2,2,1,1091,1090,-1,0,-1,674,673,-1,3,-8,3501,3501,0,2,-2,1249,1250,1,0,-1,2260,1233,-3,0,-19
1787464318.936,B,0,1,-,119.0,3135,3133,-2,2,1,1091,1090,-1,0,-1,674,673,-1,3,-8,3501,3501,0,2,-2,1249,1250,1,0,-1,1234,214,4,3,-19
1787464319.085,B',0,1,-,119.0,3135,3133,-2,2,1,1091,1090,-1,0,-1,674,673,-1,3,-8,3501,3501,0,2,-2,1249,1250,1,0,-1,215,1231,-8,0,-21
1787464319.228,B',0,1,-,119.0,3135,3133,-2,2,1,1091,1090,-1,0,-1,674,673,-1,3,-8,3501,3501,0,2,-2,1249,1250,1,0,-1,1233,2258,1,1,-20
1787464319.356,B,0,1,-,119.0,3135,3133,-2,2,1,1091,1090,-1,0,-1,674,673,-1,3,-8,3501,3501,0,2,-2,1249,1250,1,0,-1,2259,1233,-2,0,-19
1787464319.497,B,0,1,-,119.0,3135,3133,-2,2,1,1091,1090,-1,0,-1,674,673,-1,3,-8,3501,3501,0,2,-2,1250,1250,0,0,-1,1234,215,5,3,-18
1787464319.635,B',0,1,-,119.0,3135,3133,-2,2,1,1091,1090,-1,0,-1,674,673,-1,3,-8,3501,3501,0,2,-2,1249,1250,1,0,-1,215,1231,-8,0,-21
1787464319.766,B',0,1,-,119.0,3135,3133,-2,2,1,1091,1090,-1,0,-1,674,673,-1,3,-8,3501,3501,0,2,-2,1249,1250,1,0,-1,1233,2258,1,1,-20
1787464319.909,B,0,1,-,119.0,3135,3133,-2,2,1,1091,1090,-1,0,-1,674,673,-1,3,-8,3501,3501,0,2,-2,1250,1250,0,0,-1,2259,1233,-2,0,-19
1787464320.045,B,0,1,-,119.0,3135,3133,-2,2,1,1091,1090,-1,0,-1,674,673,-1,3,-8,3501,3501,0,2,-2,1250,1250,0,0,-1,1234,215,5,3,-18
1787464320.185,B',0,1,-,119.0,3135,3133,-2,2,1,1091,1090,-1,0,-1,674,673,-1,3,-8,3501,3501,0,2,-2,1249,1250,1,0,-1,215,1231,-8,0,-21
1787464320.316,B',0,1,-,119.0,3135,3133,-2,2,1,1091,1090,-1,0,-1,674,674,0,3,-7,3501,3501,0,2,-2,1250,1250,0,0,-1,1233,2258,1,1,-20
1787464320.451,B,0,1,-,119.0,3135,3133,-2,2,1,1091,1090,-1,0,-1,674,674,0,3,-7,3501,3501,0,2,-2,1249,1250,1,0,-1,2260,1233,-3,0,-19
