time,tok,code,aligned,homed,ms,U_before,U_after,U_res,U_idx,U_err,R_before,R_after,R_res,R_idx,R_err,F_before,F_after,F_res,F_idx,F_err,D_before,D_after,D_res,D_idx,D_err,L_before,L_after,L_res,L_idx,L_err,B_before,B_after,B_res,B_idx,B_err
1787456448.938,U,0,1,-,119.0,3134,2118,8,1,-4,1091,1091,0,0,0,675,674,-1,3,-7,3514,3510,-4,2,7,1249,1250,1,0,-1,1249,1250,1,0,-2
1787456449.082,U',0,1,-,119.0,2123,3132,-15,2,0,1091,1090,-1,0,-1,675,674,-1,3,-7,3513,3509,-4,2,6,1249,1250,1,0,-1,1249,1250,1,0,-2
1787456449.215,U,0,1,-,119.0,3135,2118,7,1,-4,1091,1090,-1,0,-1,675,674,-1,3,-7,3512,3510,-2,2,7,1249,1250,1,0,-1,1248,1250,2,0,-2
1787456449.349,U',0,1,-,119.0,2123,3132,-15,2,0,1091,1090,-1,0,-1,675,674,-1,3,-7,3512,3510,-2,2,7,1249,1249,0,0,-2,1248,1250,2,0,-2
1787456449.484,U,0,1,-,119.0,3135,2119,8,1,-3,1091,1090,-1,0,-1,675,674,-1,3,-7,3512,3510,-2,2,7,1249,1250,1,0,-1,1249,1250,1,0,-2
1787456449.631,U',0,1,-,119.0,2123,3132,-15,2,0,1091,1090,-1,0,-1,675,674,-1,3,-7,3512,3510,-2,2,7,1250,1250,0,0,-1,1249,1250,1,0,-2
1787456449.768,U,0,1,-,119.0,3135,2119,8,1,-3,1091,1090,-1,0,-1,675,674,-1,3,-7,3512,3510,-2,2,7,1249,1250,1,0,-1,1249,1250,1,0,-2
1787456449.907,U',0,1,-,119.0,2123,3132,-15,2,0,1091,1090,-1,0,-1,675,674,-1,3,-7,3512,3510,-2,2,7,1249,1250,1,0,-1,1248,1250,2,0,-2
1787456450.043,U,0,1,-,119.0,3135,2119,8,1,-3,1091,1090,-1,0,-1,675,674,-1,3,-7,3512,3510,-2,2,7,1249,1250,1,0,-1,1249,1250,1,0,-2
1787456450.180,U',0,1,-,119.0,2123,3132,-15,2,0,1091,1090,-1,0,-1,675,674,-1,3,-7,3512,3510,-2,2,7,1250,1249,-1,0,-2,1248,1250,2,0,-2
1787456450.316,U,0,1,-,119.0,3134,2119,9,1,-3,1091,1090,-1,0,-1,675,674,-1,3,-7,3512,3510,-2,2,7,1249,1249,0,0,-2,1248,1250,2,0,-2
1787456450.457,U',0,1,-,119.0,2123,3132,-15,2,0,1091,1090,-1,0,-1,675,674,-1,3,-7,3512,3510,-2,2,7,1249,1249,0,0,-2,1248,1250,2,0,-2
1787456450.594,U,0,1,-,119.0,3135,2118,7,1,-4,1091,1090,-1,0,-1,675,674,-1,3,-7,3512,3509,-3,2,6,1249,1250,1,0,-1,1248,1250,2,0,-2
1787456450.732,U',0,1,-,119.0,2123,3132,-15,2,0,1091,1091,0,0,0,675,673,-2,3,-8,3512,3510,-2,2,7,1250,1249,-1,0,-2,1249,1250,1,0,-2
1787456450.870,U,0,1,-,119.0,3135,2119,8,1,-3,1091,1090,-1,0,-1,675,674,-1,3,-7,3512,3510,-2,2,7,1250,1250,0,0,-1,1249,1250,1,0,-2
1787456451.007,U',0,1,-,119.0,2123,3132,-15,2,0,1091,1090,-1,0,-1,675,674,-1,3,-7,3512,3510,-2,2,7,1250,1250,0,0,-1,1248,1250,2,0,-2
1787456451.145,U,0,1,-,119.0,3135,2119,8,1,-3,1091,1090,-1,0,-1,675,674,-1,3,-7,3512,3510,-2,2,7,1249,1250,1,0,-1,1248,1250,2,0,-2
1787456451.277,U',0,1,-,119.0,2123,3132,-15,2,0,1091,1090,-1,0,-1,675,674,-1,3,-7,3512,3510,-2,2,7,1249,1250,1,0,-1,1248,1250,2,0,-2
1787456451.419,U,0,1,-,119.0,3135,2119,8,1,-3,1091,1090,-1,0,-1,675,674,-1,3,-7,3512,3510,-2,2,7,1249,1250,1,0,-1,1248,1250,2,0,-2
1787456451.549,U',0,1,-,119.0,2123,3132,-15,2,0,1091,1090,-1,0,-1,675,674,-1,3,-7,3512,3510,-2,2,7,1249,1250,1,0,-1,1248,1250,2,0,-2
1787456451.693,U,0,1,-,119.0,3135,2119,8,1,-3,1091,1090,-1,0,-1,675,674,-1,3,-7,3512,3510,-2,2,7,1249,1250,1,0,-1,1249,1250,1,0,-2
1787456451.831,U',0,1,-,119.0,2123,3132,-15,2,0,1091,1090,-1,0,-1,675,674,-1,3,-7,3512,3510,-2,2,7,1249,1250,1,0,-1,1248,1250,2,0,-2
1787456451.965,U,0,1,-,119.0,3135,2118,7,1,-4,1091,1090,-1,0,-1,675,674,-1,3,-7,3512,3510,-2,2,7,1250,1250,0,0,-1,1248,1250,2,0,-2
1787456452.105,U',0,1,-,119.0,2123,3132,-15,2,0,1091,1090,-1,0,-1,675,674,-1,3,-7,3512,3510,-2,2,7,1249,1249,0,0,-2,1248,1250,2,0,-2
1787456452.243,U,0,1,-,119.0,3135,2119,8,1,-3,1091,1090,-1,0,-1,675,674,-1,3,-7,3512,3510,-2,2,7,1250,1249,-1,0,-2,1248,1250,2,0,-2
1787456452.382,U',0,1,-,119.0,2123,3132,-15,2,0,1091,1090,-1,0,-1,675,674,-1,3,-7,3512,3510,-2,2,7,1249,1250,1,0,-1,1248,1250,2,0,-2
1787456452.520,U,0,1,-,119.0,3135,2119,8,1,-3,1091,1090,-1,0,-1,675,674,-1,3,-7,3512,3510,-2,2,7,1249,1250,1,0,-1,1248,1250,2,0,-2
1787456452.649,U',0,1,-,119.0,2123,3131,-16,2,-1,1091,1090,-1,0,-1,675,674,-1,3,-7,3512,3510,-2,2,7,1249,1250,1,0,-1,1248,1250,2,0,-2
1787456452.794,U,0,1,-,119.0,3135,2119,8,1,-3,1091,1090,-1,0,-1,675,674,-1,3,-7,3512,3509,-3,2,6,1249,1250,1,0,-1,1248,1250,2,0,-2
1787456452.932,U',0,1,-,119.0,2123,3132,-15,2,0,1091,1090,-1,0,-1,675,674,-1,3,-7,3512,3510,-2,2,7,1249,1250,1,0,-1,1248,1250,2,0,-2
1787456453.068,U,0,1,-,119.0,3135,2119,8,1,-3,1091,1090,-1,0,-1,675,674,-1,3,-7,3512,3510,-2,2,7,1249,1250,1,0,-1,1248,1250,2,0,-2
1787456453.207,U',0,1,-,119.0,2123,3132,-15,2,0,1091,1090,-1,0,-1,675,674,-1,3,-7,3512,3510,-2,2,7,1249,1250,1,0,-1,1248,1250,2,0,-2
1787456453.344,U,0,1,-,119.0,3135,2119,8,1,-3,1091,1091,0,0,0,675,674,-1,3,-7,3512,3510,-2,2,7,1249,1249,0,0,-2,1248,1250,2,0,-2
1787456453.477,U',0,1,-,119.0,2123,3132,-15,2,0,1091,1090,-1,0,-1,675,674,-1,3,-7,3512,3510,-2,2,7,1249,1250,1,0,-1,1248,1250,2,0,-2
1787456453.617,U,0,1,-,119.0,3135,2119,8,1,-3,1091,1090,-1,0,-1,675,674,-1,3,-7,3512,3510,-2,2,7,1250,1250,0,0,-1,1248,1250,2,0,-2
1787456453.750,U',0,1,-,119.0,2123,3132,-15,2,0,1091,1090,-1,0,-1,675,674,-1,3,-7,3512,3510,-2,2,7,1249,1250,1,0,-1,1248,1250,2,0,-2
1787456453.884,U,0,1,-,119.0,3135,2119,8,1,-3,1091,1090,-1,0,-1,675,674,-1,3,-7,3512,3510,-2,2,7,1249,1250,1,0,-1,1248,1250,2,0,-2
1787456454.020,U',0,1,-,119.0,2123,3133,-14,2,1,1091,1090,-1,0,-1,675,674,-1,3,-7,3512,3509,-3,2,6,1249,1250,1,0,-1,1248,1250,2,0,-2
1787456454.169,U,0,1,-,119.0,3135,2119,8,1,-3,1091,1090,-1,0,-1,675,674,-1,3,-7,3512,3510,-2,2,7,1249,1250,1,0,-1,1248,1250,2,0,-2
1787456454.306,U',0,1,-,119.0,2123,3132,-15,2,0,1091,1090,-1,0,-1,675,674,-1,3,-7,3512,3510,-2,2,7,1249,1250,1,0,-1,1248,1250,2,0,-2
1787456454.440,U,0,1,-,119.0,3135,2119,8,1,-3,1091,1090,-1,0,-1,675,674,-1,3,-7,3512,3510,-2,2,7,1249,1250,1,0,-1,1248,1250,2,0,-2
1787456454.580,U',0,1,-,119.0,2123,3132,-15,2,0,1091,1090,-1,0,-1,675,674,-1,3,-7,3512,3510,-2,2,7,1249,1250,1,0,-1,1248,1250,2,0,-2
1787456454.718,U,0,1,-,119.0,3135,2119,8,1,-3,1091,1091,0,0,0,675,674,-1,3,-7,3512,3509,-3,2,6,1249,1250,1,0,-1,1248,1250,2,0,-2
1787456454.857,U',0,1,-,119.0,2123,3131,-16,2,-1,1091,1090,-1,0,-1,675,673,-2,3,-8,3512,3510,-2,2,7,1249,1250,1,0,-1,1248,1250,2,0,-2
1787456454.994,U,0,1,-,119.0,3135,2119,8,1,-3,1091,1091,0,0,0,675,674,-1,3,-7,3512,3510,-2,2,7,1249,1250,1,0,-1,1248,1250,2,0,-2
1787456455.129,U',0,1,-,119.0,2123,3132,-15,2,0,1091,1090,-1,0,-1,675,674,-1,3,-7,3512,3510,-2,2,7,1249,1250,1,0,-1,1248,1250,2,0,-2
1787456455.268,U,0,1,-,119.0,3135,2119,8,1,-3,1091,1090,-1,0,-1,675,674,-1,3,-7,3512,3510,-2,2,7,1249,1250,1,0,-1,1248,1250,2,0,-2
1787456455.406,U',0,1,-,119.0,2123,3132,-15,2,0,1091,1090,-1,0,-1,675,673,-2,3,-8,3512,3509,-3,2,6,1249,1250,1,0,-1,1248,1250,2,0,-2
1787456455.544,U,0,1,-,119.0,3135,2119,8,1,-3,1091,1090,-1,0,-1,675,673,-2,3,-8,3512,3510,-2,2,7,1249,1250,1,0,-1,1248,1250,2,0,-2
1787456455.681,U',0,1,-,119.0,2123,3132,-15,2,0,1091,1090,-1,0,-1,675,674,-1,3,-7,3512,3510,-2,2,7,1249,1250,1,0,-1,1248,1250,2,0,-2
1787456455.818,U,0,1,-,119.0,3135,2119,8,1,-3,1091,1090,-1,0,-1,675,674,-1,3,-7,3512,3510,-2,2,7,1249,1250,1,0,-1,1248,1250,2,0,-2
1787456455.957,U',0,1,-,119.0,2123,3132,-15,2,0,1091,1090,-1,0,-1,675,674,-1,3,-7,3512,3510,-2,2,7,1249,1250,1,0,-1,1248,1250,2,0,-2
1787456456.093,U,0,1,-,119.0,3135,2119,8,1,-3,1091,1090,-1,0,-1,675,674,-1,3,-7,3512,3510,-2,2,7,1249,1250,1,0,-1,1248,1250,2,0,-2
1787456456.231,U',0,1,-,119.0,2123,3132,-15,2,0,1091,1090,-1,0,-1,675,674,-1,3,-7,3512,3510,-2,2,7,1249,1250,1,0,-1,1248,1250,2,0,-2
1787456456.368,U,0,1,-,119.0,3135,2119,8,1,-3,1091,1090,-1,0,-1,675,674,-1,3,-7,3512,3509,-3,2,6,1249,1250,1,0,-1,1248,1250,2,0,-2
1787456456.506,U',0,1,-,119.0,2123,3132,-15,2,0,1091,1090,-1,0,-1,675,674,-1,3,-7,3512,3510,-2,2,7,1249,1250,1,0,-1,1248,1250,2,0,-2
1787456456.641,U,0,1,-,119.0,3135,2119,8,1,-3,1091,1090,-1,0,-1,675,673,-2,3,-8,3512,3510,-2,2,7,1249,1250,1,0,-1,1248,1250,2,0,-2
1787456456.781,U',0,1,-,119.0,2123,3131,-16,2,-1,1091,1090,-1,0,-1,675,674,-1,3,-7,3512,3510,-2,2,7,1249,1250,1,0,-1,1248,1250,2,0,-2
1787456456.914,U,0,1,-,119.0,3135,2119,8,1,-3,1091,1090,-1,0,-1,675,674,-1,3,-7,3512,3510,-2,2,7,1249,1250,1,0,-1,1248,1250,2,0,-2
1787456457.057,U',0,1,-,119.0,2123,3132,-15,2,0,1091,1090,-1,0,-1,675,674,-1,3,-7,3512,3510,-2,2,7,1249,1250,1,0,-1,1248,1250,2,0,-2
1787456457.186,U,0,1,-,119.0,3135,2119,8,1,-3,1091,1090,-1,0,-1,675,674,-1,3,-7,3512,3510,-2,2,7,1249,1250,1,0,-1,1248,1250,2,0,-2
1787456457.331,U',0,1,-,119.0,2123,3132,-15,2,0,1091,1090,-1,0,-1,675,674,-1,3,-7,3512,3510,-2,2,7,1250,1250,0,0,-1,1248,1250,2,0,-2
1787456457.469,U,0,1,-,119.0,3134,2119,9,1,-3,1091,1090,-1,0,-1,675,674,-1,3,-7,3512,3510,-2,2,7,1249,1250,1,0,-1,1248,1250,2,0,-2
1787456457.606,U',0,1,-,119.0,2123,3132,-15,2,0,1091,1090,-1,0,-1,675,674,-1,3,-7,3512,3510,-2,2,7,1249,1250,1,0,-1,1248,1250,2,0,-2
1787456457.744,U,0,1,-,119.0,3134,2119,9,1,-3,1091,1090,-1,0,-1,675,674,-1,3,-7,3512,3509,-3,2,6,1249,1250,1,0,-1,1248,1250,2,0,-2
1787456457.882,U',0,1,-,119.0,2123,3132,-15,2,0,1091,1090,-1,0,-1,675,674,-1,3,-7,3512,3510,-2,2,7,1249,1250,1,0,-1,1248,1250,2,0,-2
1787456458.019,U,0,1,-,119.0,3135,2119,8,1,-3,1091,1091,0,0,0,675,673,-2,3,-8,3512,3510,-2,2,7,1249,1250,1,0,-1,1248,1250,2,0,-2
1787456458.150,U',0,1,-,119.0,2123,3132,-15,2,0,1091,1090,-1,0,-1,675,673,-2,3,-8,3512,3509,-3,2,6,1249,1249,0,0,-2,1248,1250,2,0,-2
1787456458.283,U,0,1,-,119.0,3135,2119,8,1,-3,1091,1090,-1,0,-1,675,674,-1,3,-7,3512,3510,-2,2,7,1249,1250,1,0,-1,1248,1250,2,0,-2
1787456458.431,U',0,1,-,119.0,2123,3132,-15,2,0,1091,1090,-1,0,-1,675,674,-1,3,-7,3512,3509,-3,2,6,1249,1250,1,0,-1,1248,1250,2,0,-2
1787456458.569,U,0,1,-,119.0,3134,2119,9,1,-3,1091,1090,-1,0,-1,675,674,-1,3,-7,3512,3510,-2,2,7,1249,1250,1,0,-1,1248,1250,2,0,-2
1787456458.699,U',0,1,-,119.0,2123,3132,-15,2,0,1091,1090,-1,0,-1,675,674,-1,3,-7,3512,3509,-3,2,6,1249,1250,1,0,-1,1248,1250,2,0,-2
1787456458.843,U,0,1,-,119.0,3135,2119,8,1,-3,1091,1090,-1,0,-1,675,674,-1,3,-7,3512,3510,-2,2,7,1249,1249,0,0,-2,1248,1250,2,0,-2
1787456458.982,U',0,1,-,119.0,2123,3131,-16,2,-1,1091,1090,-1,0,-1,675,674,-1,3,-7,3512,3509,-3,2,6,1249,1250,1,0,-1,1248,1250,2,0,-2
1787456459.114,U,0,1,-,119.0,3135,2119,8,1,-3,1091,1090,-1,0,-1,675,674,-1,3,-7,3512,3510,-2,2,7,1249,1250,1,0,-1,1248,1250,2,0,-2
1787456459.255,U',0,1,-,119.0,2123,3132,-15,2,0,1091,1090,-1,0,-1,675,674,-1,3,-7,3512,3509,-3,2,6,1249,1250,1,0,-1,1248,1250,2,0,-2
1787456459.389,U,0,1,-,119.0,3134,2119,9,1,-3,1091,1090,-1,0,-1,675,674,-1,3,-7,3512,3509,-3,2,6,1249,1249,0,0,-2,1248,1250,2,0,-2
1787456459.531,U',0,1,-,119.0,2123,3132,-15,2,0,1091,1090,-1,0,-1,675,673,-2,3,-8,3512,3510,-2,2,7,1249,1250,1,0,-1,1248,1250,2,0,-2
1787456459.663,U,0,1,-,119.0,3135,2119,8,1,-3,1091,1090,-1,0,-1,675,674,-1,3,-7,3512,3509,-3,2,6,1250,1250,0,0,-1,1249,1250,1,0,-2
1787456459.806,U',0,1,-,119.0,2123,3132,-15,2,0,1091,1090,-1,0,-1,675,674,-1,3,-7,3512,3510,-2,2,7,1250,1250,0,0,-1,1248,1250,2,0,-2
1787456459.941,U,0,1,-,119.0,3134,2119,9,1,-3,1091,1090,-1,0,-1,675,674,-1,3,-7,3512,3510,-2,2,7,1249,1250,1,0,-1,1248,1250,2,0,-2
1787456460.081,U',0,1,-,119.0,2123,3132,-15,2,0,1091,1090,-1,0,-1,675,674,-1,3,-7,3512,3510,-2,2,7,1249,1250,1,0,-1,1248,1250,2,0,-2
1787456460.218,U,0,1,-,119.0,3134,2119,9,1,-3,1091,1090,-1,0,-1,675,674,-1,3,-7,3512,3509,-3,2,6,1249,1250,1,0,-1,1248,1250,2,0,-2
1787456460.356,U',0,1,-,119.0,2123,3132,-15,2,0,1091,1090,-1,0,-1,675,674,-1,3,-7,3512,3510,-2,2,7,1249,1250,1,0,-1,1248,1250,2,0,-2
1787456460.494,U,0,1,-,119.0,3135,2119,8,1,-3,1091,1091,0,0,0,675,674,-1,3,-7,3512,3510,-2,2,7,1249,1250,1,0,-1,1248,1250,2,0,-2
1787456460.631,U',0,1,-,119.0,2123,3132,-15,2,0,1091,1091,0,0,0,675,674,-1,3,-7,3512,3510,-2,2,7,1249,1250,1,0,-1,1248,1250,2,0,-2
1787456460.766,U,0,1,-,119.0,3135,2119,8,1,-3,1091,1090,-1,0,-1,675,674,-1,3,-7,3512,3510,-2,2,7,1249,1250,1,0,-1,1248,1250,2,0,-2
1787456460.906,U',0,1,-,119.0,2123,3132,-15,2,0,1091,1090,-1,0,-1,675,674,-1,3,-7,3512,3510,-2,2,7,1249,1250,1,0,-1,1248,1250,2,0,-2
1787456461.038,U,0,1,-,119.0,3135,2119,8,1,-3,1091,1090,-1,0,-1,675,674,-1,3,-7,3512,3510,-2,2,7,1249,1250,1,0,-1,1248,1250,2,0,-2
1787456461.181,U',0,1,-,119.0,2123,3132,-15,2,0,1091,1090,-1,0,-1,675,674,-1,3,-7,3512,3510,-2,2,7,1249,1249,0,0,-2,1248,1249,1,0,-3
1787456461.318,U,0,1,-,119.0,3134,2119,9,1,-3,1091,1090,-1,0,-1,675,674,-1,3,-7,3512,3509,-3,2,6,1249,1250,1,0,-1,1248,1250,2,0,-2
1787456461.453,U',0,1,-,119.0,2123,3132,-15,2,0,1091,1091,0,0,0,675,674,-1,3,-7,3512,3509,-3,2,6,1249,1250,1,0,-1,1248,1250,2,0,-2
1787456461.590,U,0,1,-,119.0,3134,2119,9,1,-3,1091,1090,-1,0,-1,675,674,-1,3,-7,3512,3509,-3,2,6,1249,1250,1,0,-1,1248,1250,2,0,-2
1787456461.731,U',0,1,-,119.0,2123,3132,-15,2,0,1091,1090,-1,0,-1,675,674,-1,3,-7,3512,3510,-2,2,7,1249,1250,1,0,-1,1248,1250,2,0,-2
1787456461.865,U,0,1,-,119.0,3134,2119,9,1,-3,1091,1090,-1,0,-1,675,674,-1,3,-7,3512,3510,-2,2,7,1250,1250,0,0,-1,1248,1250,2,0,-2
1787456461.997,U',0,1,-,119.0,2122,3132,-14,2,0,1091,1090,-1,0,-1,675,674,-1,3,-7,3512,3510,-2,2,7,1249,1250,1,0,-1,1248,1250,2,0,-2
1787456462.143,U,0,1,-,119.0,3134,2118,8,1,-4,1091,1090,-1,0,-1,675,674,-1,3,-7,3512,3509,-3,2,6,1249,1250,1,0,-1,1248,1250,2,0,-2
1787456462.280,U',0,1,-,119.0,2123,3132,-15,2,0,1091,1090,-1,0,-1,675,674,-1,3,-7,3512,3510,-2,2,7,1249,1250,1,0,-1,1248,1250,2,0,-2
1787456462.419,U,0,1,-,119.0,3135,2118,7,1,-4,1091,1090,-1,0,-1,675,674,-1,3,-7,3512,3509,-3,2,6,1249,1250,1,0,-1,1248,1250,2,0,-2
1787456462.556,U',0,1,-,119.0,2123,3132,-15,2,0,1091,1090,-1,0,-1,675,674,-1,3,-7,3512,3509,-3,2,6,1249,1249,0,0,-2,1248,1250,2,0,-2
1787456462.716,U,0,1,-,119.0,3135,2119,8,1,-3,1091,1090,-1,0,-1,674,674,0,3,-7,3514,3510,-4,2,7,1249,1250,1,0,-1,1249,1250,1,0,-2
1787456462.851,U,0,1,-,119.0,2123,1098,-1,0,-4,1091,1090,-1,0,-1,675,674,-1,3,-7,3512,3510,-2,2,7,1249,1250,1,0,-1,1248,1250,2,0,-2
1787456462.991,U,0,1,-,119.0,1103,60,-19,3,-4,1091,1090,-1,0,-1,675,674,-1,3,-7,3512,3510,-2,2,7,1249,1250,1,0,-1,1248,1250,2,0,-2
1787456463.128,U,0,1,-,119.0,64,3131,-5,2,-1,1091,1091,0,0,0,675,674,-1,3,-7,3512,3510,-2,2,7,1249,1250,1,0,-1,1248,1250,2,0,-2
1787456463.266,U,0,1,-,119.0,3135,2119,8,1,-3,1091,1090,-1,0,-1,675,674,-1,3,-7,3512,3509,-3,2,6,1249,1250,1,0,-1,1248,1250,2,0,-2
1787456463.398,U,0,1,-,119.0,2122,1099,1,0,-3,1091,1090,-1,0,-1,675,674,-1,3,-7,3512,3510,-2,2,7,1249,1250,1,0,-1,1248,1250,2,0,-2
1787456463.543,U,0,1,-,119.0,1102,60,-18,3,-4,1091,1090,-1,0,-1,675,673,-2,3,-8,3512,3510,-2,2,7,1249,1250,1,0,-1,1248,1250,2,0,-2
1787456463.678,U,0,1,-,119.0,64,3131,-5,2,-1,1091,1090,-1,0,-1,675,674,-1,3,-7,3512,3509,-3,2,6,1249,1250,1,0,-1,1248,1250,2,0,-2
1787456463.814,U,0,1,-,119.0,3135,2119,8,1,-3,1091,1090,-1,0,-1,675,674,-1,3,-7,3512,3510,-2,2,7,1249,1250,1,0,-1,1248,1250,2,0,-2
1787456463.953,U,0,1,-,119.0,2123,1099,0,0,-3,1091,1090,-1,0,-1,675,674,-1,3,-7,3512,3510,-2,2,7,1249,1250,1,0,-1,1248,1250,2,0,-2
1787456464.084,U,0,1,-,119.0,1103,60,-19,3,-4,1091,1090,-1,0,-1,675,674,-1,3,-7,3512,3509,-3,2,6,1249,1250,1,0,-1,1248,1250,2,0,-2
1787456464.223,U,0,1,-,119.0,64,3131,-5,2,-1,1091,1090,-1,0,-1,675,674,-1,3,-7,3512,3509,-3,2,6,1249,1250,1,0,-1,1248,1250,2,0,-2
1787456464.367,U,0,1,-,119.0,3135,2119,8,1,-3,1091,1090,-1,0,-1,675,674,-1,3,-7,3512,3510,-2,2,7,1249,1250,1,0,-1,1248,1250,2,0,-2
1787456464.504,U,0,1,-,119.0,2123,1099,0,0,-3,1091,1090,-1,0,-1,675,674,-1,3,-7,3512,3509,-3,2,6,1249,1250,1,0,-1,1248,1250,2,0,-2
1787456464.642,U,0,1,-,119.0,1102,60,-18,3,-4,1091,1090,-1,0,-1,675,674,-1,3,-7,3512,3510,-2,2,7,1250,1250,0,0,-1,1248,1250,2,0,-2
1787456464.779,U,0,1,-,119.0,64,3131,-5,2,-1,1091,1090,-1,0,-1,675,674,-1,3,-7,3512,3510,-2,2,7,1249,1250,1,0,-1,1248,1250,2,0,-2
1787456464.917,U,0,1,-,119.0,3135,2119,8,1,-3,1091,1090,-1,0,-1,675,674,-1,3,-7,3512,3510,-2,2,7,1249,1250,1,0,-1,1248,1250,2,0,-2
1787456465.054,U,0,1,-,119.0,2123,1099,0,0,-3,1091,1090,-1,0,-1,675,674,-1,3,-7,3512,3509,-3,2,6,1249,1250,1,0,-1,1248,1250,2,0,-2
1787456465.190,U,0,1,-,119.0,1102,60,-18,3,-4,1091,1090,-1,0,-1,675,674,-1,3,-7,3512,3509,-3,2,6,1249,1250,1,0,-1,1248,1250,2,0,-2
1787456465.328,U,0,1,-,119.0,64,3131,-5,2,-1,1091,1090,-1,0,-1,675,674,-1,3,-7,3512,3510,-2,2,7,1250,1250,0,0,-1,1248,1250,2,0,-2
1787456465.467,U,0,1,-,119.0,3135,2119,8,1,-3,1091,1090,-1,0,-1,675,674,-1,3,-7,3512,3509,-3,2,6,1249,1250,1,0,-1,1248,1250,2,0,-2
1787456465.604,U,0,1,-,119.0,2123,1099,0,0,-3,1091,1090,-1,0,-1,675,674,-1,3,-7,3512,3509,-3,2,6,1249,1250,1,0,-1,1248,1250,2,0,-2
1787456465.733,U,0,1,-,119.0,1102,60,-18,3,-4,1091,1090,-1,0,-1,675,674,-1,3,-7,3512,3509,-3,2,6,1249,1250,1,0,-1,1248,1250,2,0,-2
1787456465.878,U,0,1,-,119.0,64,3131,-5,2,-1,1091,1090,-1,0,-1,675,674,-1,3,-7,3512,3510,-2,2,7,1250,1249,-1,0,-2,1248,1250,2,0,-2
1787456466.016,U,0,1,-,119.0,3135,2118,7,1,-4,1091,1090,-1,0,-1,675,674,-1,3,-7,3512,3510,-2,2,7,1249,1250,1,0,-1,1248,1250,2,0,-2
1787456466.152,U,0,1,-,119.0,2123,1099,0,0,-3,1091,1090,-1,0,-1,675,674,-1,3,-7,3512,3509,-3,2,6,1249,1250,1,0,-1,1248,1250,2,0,-2
1787456466.288,U,0,1,-,119.0,1102,60,-18,3,-4,1091,1090,-1,0,-1,675,674,-1,3,-7,3512,3510,-2,2,7,1249,1250,1,0,-1,1248,1250,2,0,-2
1787456466.426,U,0,1,-,119.0,64,3131,-5,2,-1,1091,1090,-1,0,-1,675,674,-1,3,-7,3512,3510,-2,2,7,1250,1249,-1,0,-2,1248,1250,2,0,-2
1787456466.567,U,0,1,-,119.0,3135,2119,8,1,-3,1091,1090,-1,0,-1,675,674,-1,3,-7,3512,3510,-2,2,7,1249,1250,1,0,-1,1248,1250,2,0,-2
1787456466.699,U,0,1,-,119.0,2123,1098,-1,0,-4,1091,1090,-1,0,-1,675,674,-1,3,-7,3512,3509,-3,2,6,1249,1250,1,0,-1,1248,1250,2,0,-2
1787456466.842,U,0,1,-,119.0,1102,60,-18,3,-4,1091,1090,-1,0,-1,675,674,-1,3,-7,3512,3510,-2,2,7,1250,1250,0,0,-1,1248,1250,2,0,-2
1787456466.974,U,0,1,-,119.0,64,3132,-4,2,0,1091,1090,-1,0,-1,675,674,-1,3,-7,3512,3509,-3,2,6,1249,1250,1,0,-1,1248,1250,2,0,-2
1787456467.117,U,0,1,-,119.0,3135,2119,8,1,-3,1091,1090,-1,0,-1,675,674,-1,3,-7,3512,3510,-2,2,7,1249,1250,1,0,-1,1248,1250,2,0,-2
1787456467.254,U,0,1,-,119.0,2123,1099,0,0,-3,1091,1090,-1,0,-1,675,674,-1,3,-7,3512,3510,-2,2,7,1249,1250,1,0,-1,1248,1250,2,0,-2
1787456467.391,U,0,1,-,119.0,1102,60,-18,3,-4,1091,1090,-1,0,-1,675,674,-1,3,-7,3512,3509,-3,2,6,1249,1250,1,0,-1,1248,1250,2,0,-2
1787456467.527,U,0,1,-,119.0,65,3131,-6,2,-1,1091,1090,-1,0,-1,675,674,-1,3,-7,3512,3509,-3,2,6,1249,1249,0,0,-2,1248,1250,2,0,-2
1787456467.666,U,0,1,-,119.0,3135,2119,8,1,-3,1091,1090,-1,0,-1,675,674,-1,3,-7,3512,3509,-3,2,6,1250,1250,0,0,-1,1248,1250,2,0,-2
1787456467.804,U,0,1,-,119.0,2123,1099,0,0,-3,1091,1090,-1,0,-1,675,674,-1,3,-7,3512,3510,-2,2,7,1249,1250,1,0,-1,1248,1250,2,0,-2
1787456467.941,U,0,1,-,119.0,1102,60,-18,3,-4,1091,1090,-1,0,-1,675,674,-1,3,-7,3512,3510,-2,2,7,1249,1250,1,0,-1,1248,1250,2,0,-2
1787456468.066,U,0,1,-,119.0,64,3131,-5,2,-1,1091,1090,-1,0,-1,675,674,-1,3,-7,3512,3509,-3,2,6,1250,1250,0,0,-1,1248,1250,2,0,-2
1787456468.216,U,0,1,-,119.0,3135,2119,8,1,-3,1091,1090,-1,0,-1,675,674,-1,3,-7,3512,3510,-2,2,7,1249,1250,1,0,-1,1248,1250,2,0,-2
1787456468.354,U,0,1,-,119.0,2123,1099,0,0,-3,1091,1090,-1,0,-1,675,674,-1,3,-7,3512,3510,-2,2,7,1249,1250,1,0,-1,1248,1250,2,0,-2
1787456468.488,U,0,1,-,119.0,1102,60,-18,3,-4,1091,1090,-1,0,-1,675,674,-1,3,-7,3512,3510,-2,2,7,1249,1250,1,0,-1,1248,1250,2,0,-2
1787456468.628,U,0,1,-,119.0,64,3131,-5,2,-1,1091,1090,-1,0,-1,675,674,-1,3,-7,3512,3509,-3,2,6,1249,1250,1,0,-1,1248,1250,2,0,-2
1787456468.766,U,0,1,-,119.0,3135,2119,8,1,-3,1091,1090,-1,0,-1,675,674,-1,3,-7,3512,3510,-2,2,7,1249,1250,1,0,-1,1248,1250,2,0,-2
1787456468.904,U,0,1,-,119.0,2123,1099,0,0,-3,1091,1090,-1,0,-1,675,674,-1,3,-7,3512,3509,-3,2,6,1249,1250,1,0,-1,1248,1250,2,0,-2
1787456469.041,U,0,1,-,119.0,1102,60,-18,3,-4,1091,1090,-1,0,-1,675,673,-2,3,-8,3512,3510,-2,2,7,1249,1250,1,0,-1,1248,1250,2,0,-2
1787456469.179,U,0,1,-,119.0,64,3131,-5,2,-1,1091,1090,-1,0,-1,675,674,-1,3,-7,3512,3510,-2,2,7,1250,1250,0,0,-1,1248,1250,2,0,-2
1787456469.316,U,0,1,-,119.0,3135,2119,8,1,-3,1091,1090,-1,0,-1,675,674,-1,3,-7,3512,3510,-2,2,7,1249,1249,0,0,-2,1248,1250,2,0,-2
1787456469.453,U,0,1,-,119.0,2123,1099,0,0,-3,1091,1090,-1,0,-1,675,674,-1,3,-7,3512,3510,-2,2,7,1249,1250,1,0,-1,1248,1250,2,0,-2
1787456469.591,U,0,1,-,119.0,1102,60,-18,3,-4,1091,1090,-1,0,-1,675,674,-1,3,-7,3512,3509,-3,2,6,1249,1250,1,0,-1,1248,1250,2,0,-2
1787456469.729,U,0,1,-,119.0,64,3131,-5,2,-1,1091,1090,-1,0,-1,675,674,-1,3,-7,3512,3510,-2,2,7,1249,1250,1,0,-1,1248,1250,2,0,-2
1787456469.866,U,0,1,-,119.0,3135,2118,7,1,-4,1091,1090,-1,0,-1,675,674,-1,3,-7,3512,3509,-3,2,6,1249,1249,0,0,-2,1248,1250,2,0,-2
1787456470.004,U,0,1,-,119.0,2123,1099,0,0,-3,1091,1090,-1,0,-1,675,673,-2,3,-8,3512,3510,-2,2,7,1249,1250,1,0,-1,1248,1250,2,0,-2
1787456470.140,U,0,1,-,119.0,1102,60,-18,3,-4,1091,1091,0,0,0,675,673,-2,3,-8,3512,3510,-2,2,7,1249,1249,0,0,-2,1248,1250,2,0,-2
1787456470.276,U,0,1,-,119.0,64,3131,-5,2,-1,1091,1090,-1,0,-1,675,674,-1,3,-7,3512,3510,-2,2,7,1249,1250,1,0,-1,1248,1250,2,0,-2
1787456470.414,U,0,1,-,119.0,3135,2119,8,1,-3,1091,1090,-1,0,-1,675,674,-1,3,-7,3512,3509,-3,2,6,1250,1250,0,0,-1,1248,1250,2,0,-2
1787456470.549,U,0,1,-,119.0,2123,1098,-1,0,-4,1091,1090,-1,0,-1,675,674,-1,3,-7,3512,3509,-3,2,6,1249,1249,0,0,-2,1248,1250,2,0,-2
1787456470.682,U,0,1,-,119.0,1102,60,-18,3,-4,1091,1090,-1,0,-1,675,674,-1,3,-7,3512,3510,-2,2,7,1250,1250,0,0,-1,1248,1250,2,0,-2
1787456470.828,U,0,1,-,119.0,64,3131,-5,2,-1,1091,1090,-1,0,-1,675,674,-1,3,-7,3512,3509,-3,2,6,1249,1250,1,0,-1,1248,1250,2,0,-2
1787456470.966,U,0,1,-,119.0,3135,2118,7,1,-4,1091,1090,-1,0,-1,675,674,-1,3,-7,3512,3509,-3,2,6,1250,1250,0,0,-1,1248,1250,2,0,-2
1787456471.104,U,0,1,-,119.0,2123,1099,0,0,-3,1091,1090,-1,0,-1,675,674,-1,3,-7,3512,3510,-2,2,7,1250,1250,0,0,-1,1248,1250,2,0,-2
1787456471.240,U,0,1,-,119.0,1102,60,-18,3,-4,1091,1090,-1,0,-1,675,674,-1,3,-7,3512,3509,-3,2,6,1249,1250,1,0,-1,1248,1250,2,0,-2
1787456471.379,U,0,1,-,119.0,64,3131,-5,2,-1,1091,1090,-1,0,-1,675,674,-1,3,-7,3512,3510,-2,2,7,1249,1250,1,0,-1,1248,1250,2,0,-2
1787456471.516,U,0,1,-,119.0,3135,2119,8,1,-3,1091,1090,-1,0,-1,675,674,-1,3,-7,3512,3509,-3,2,6,1249,1250,1,0,-1,1248,1250,2,0,-2
1787456471.653,U,0,1,-,119.0,2123,1099,0,0,-3,1091,1090,-1,0,-1,675,674,-1,3,-7,3512,3509,-3,2,6,1249,1250,1,0,-1,1248,1250,2,0,-2
1787456471.790,U,0,1,-,119.0,1102,60,-18,3,-4,1091,1090,-1,0,-1,675,674,-1,3,-7,3512,3510,-2,2,7,1249,1250,1,0,-1,1248,1250,2,0,-2
1787456471.929,U,0,1,-,119.0,65,3131,-6,2,-1,1091,1090,-1,0,-1,675,674,-1,3,-7,3512,3509,-3,2,6,1249,1250,1,0,-1,1248,1250,2,0,-2
1787456472.066,U,0,1,-,119.0,3135,2119,8,1,-3,1091,1090,-1,0,-1,675,674,-1,3,-7,3512,3509,-3,2,6,1249,1250,1,0,-1,1248,1250,2,0,-2
1787456472.200,U,0,1,-,119.0,2123,1099,0,0,-3,1091,1090,-1,0,-1,675,674,-1,3,-7,3512,3510,-2,2,7,1249,1250,1,0,-1,1249,1250,1,0,-2
1787456472.334,U,0,1,-,119.0,1103,60,-19,3,-4,1091,1091,0,0,0,675,674,-1,3,-7,3512,3509,-3,2,6,1250,1250,0,0,-1,1248,1250,2,0,-2
1787456472.478,U,0,1,-,119.0,64,3131,-5,2,-1,1091,1090,-1,0,-1,675,674,-1,3,-7,3512,3510,-2,2,7,1249,1250,1,0,-1,1248,1250,2,0,-2
1787456472.615,U,0,1,-,119.0,3135,2119,8,1,-3,1091,1090,-1,0,-1,675,674,-1,3,-7,3512,3510,-2,2,7,1249,1250,1,0,-1,1248,1250,2,0,-2
1787456472.749,U,0,1,-,119.0,2123,1099,0,0,-3,1091,1090,-1,0,-1,675,674,-1,3,-7,3512,3510,-2,2,7,1250,1250,0,0,-1,1248,1250,2,0,-2
1787456472.891,U,0,1,-,119.0,1102,60,-18,3,-4,1091,1091,0,0,0,675,674,-1,3,-7,3512,3510,-2,2,7,1249,1250,1,0,-1,1248,1250,2,0,-2
1787456473.028,U,0,1,-,119.0,64,3131,-5,2,-1,1091,1090,-1,0,-1,675,674,-1,3,-7,3512,3509,-3,2,6,1249,1250,1,0,-1,1248,1250,2,0,-2
1787456473.166,U,0,1,-,119.0,3135,2119,8,1,-3,1091,1090,-1,0,-1,675,674,-1,3,-7,3512,3509,-3,2,6,1249,1250,1,0,-1,1248,1250,2,0,-2
1787456473.302,U,0,1,-,119.0,2123,1099,0,0,-3,1091,1090,-1,0,-1,675,674,-1,3,-7,3512,3510,-2,2,7,1249,1250,1,0,-1,1248,1250,2,0,-2
1787456473.440,U,0,1,-,119.0,1102,60,-18,3,-4,1091,1090,-1,0,-1,675,674,-1,3,-7,3512,3510,-2,2,7,1250,1250,0,0,-1,1248,1250,2,0,-2
1787456473.568,U,0,1,-,119.0,64,3131,-5,2,-1,1091,1090,-1,0,-1,675,674,-1,3,-7,3512,3510,-2,2,7,1250,1250,0,0,-1,1248,1250,2,0,-2
1787456473.716,U,0,1,-,119.0,3135,2118,7,1,-4,1091,1090,-1,0,-1,675,674,-1,3,-7,3512,3510,-2,2,7,1250,1250,0,0,-1,1248,1250,2,0,-2
1787456473.854,U,0,1,-,119.0,2123,1099,0,0,-3,1091,1090,-1,0,-1,675,674,-1,3,-7,3512,3509,-3,2,6,1249,1250,1,0,-1,1248,1250,2,0,-2
1787456473.991,U,0,1,-,119.0,1102,60,-18,3,-4,1091,1090,-1,0,-1,675,674,-1,3,-7,3512,3509,-3,2,6,1249,1249,0,0,-2,1248,1250,2,0,-2
1787456474.128,U,0,1,-,119.0,65,3132,-5,2,0,1091,1090,-1,0,-1,675,674,-1,3,-7,3512,3509,-3,2,6,1250,1250,0,0,-1,1248,1250,2,0,-2
1787456474.266,U,0,1,-,119.0,3135,2118,7,1,-4,1091,1090,-1,0,-1,675,674,-1,3,-7,3512,3509,-3,2,6,1249,1250,1,0,-1,1248,1250,2,0,-2
1787456474.403,U,0,1,-,119.0,2123,1099,0,0,-3,1091,1090,-1,0,-1,675,674,-1,3,-7,3512,3509,-3,2,6,1249,1250,1,0,-1,1248,1250,2,0,-2
1787456474.541,U,0,1,-,119.0,1102,60,-18,3,-4,1091,1090,-1,0,-1,675,674,-1,3,-7,3512,3510,-2,2,7,1249,1250,1,0,-1,1248,1250,2,0,-2
1787456474.673,U,0,1,-,119.0,65,3131,-6,2,-1,1091,1090,-1,0,-1,675,674,-1,3,-7,3512,3510,-2,2,7,1249,1250,1,0,-1,1248,1250,2,0,-2
1787456474.815,U,0,1,-,119.0,3135,2119,8,1,-3,1091,1090,-1,0,-1,675,674,-1,3,-7,3512,3509,-3,2,6,1249,1250,1,0,-1,1248,1250,2,0,-2
1787456474.954,U,0,1,-,119.0,2123,1099,0,0,-3,1091,1090,-1,0,-1,675,674,-1,3,-7,3512,3509,-3,2,6,1249,1250,1,0,-1,1248,1250,2,0,-2
1787456475.082,U,0,1,-,119.0,1102,60,-18,3,-4,1091,1090,-1,0,-1,675,674,-1,3,-7,3512,3509,-3,2,6,1249,1250,1,0,-1,1248,1250,2,0,-2
1787456475.228,U,0,1,-,119.0,65,3131,-6,2,-1,1091,1090,-1,0,-1,675,674,-1,3,-7,3512,3509,-3,2,6,1250,1250,0,0,-1,1248,1250,2,0,-2
1787456475.365,U,0,1,-,119.0,3135,2119,8,1,-3,1091,1090,-1,0,-1,675,674,-1,3,-7,3512,3510,-2,2,7,1249,1250,1,0,-1,1248,1250,2,0,-2
1787456475.503,U,0,1,-,119.0,2123,1099,0,0,-3,1091,1090,-1,0,-1,675,674,-1,3,-7,3512,3510,-2,2,7,1249,1250,1,0,-1,1248,1250,2,0,-2
1787456475.641,U,0,1,-,119.0,1103,60,-19,3,-4,1091,1090,-1,0,-1,675,674,-1,3,-7,3512,3510,-2,2,7,1250,1250,0,0,-1,1248,1250,2,0,-2
1787456475.778,U,0,1,-,119.0,64,3131,-5,2,-1,1091,1090,-1,0,-1,675,674,-1,3,-7,3512,3509,-3,2,6,1249,1250,1,0,-1,1248,1250,2,0,-2
1787456475.914,U,0,1,-,119.0,3135,2119,8,1,-3,1091,1090,-1,0,-1,675,673,-2,3,-8,3512,3509,-3,2,6,1249,1250,1,0,-1,1248,1250,2,0,-2
1787456476.053,U,0,1,-,119.0,2123,1099,0,0,-3,1091,1090,-1,0,-1,675,674,-1,3,-7,3512,3510,-2,2,7,1249,1250,1,0,-1,1248,1249,1,0,-3
1787456476.185,U,0,1,-,119.0,1103,60,-19,3,-4,1091,1090,-1,0,-1,675,674,-1,3,-7,3512,3509,-3,2,6,1249,1250,1,0,-1,1248,1250,2,0,-2
1787456476.329,U,0,1,-,119.0,64,3131,-5,2,-1,1091,1090,-1,0,-1,675,674,-1,3,-7,3512,3510,-2,2,7,1249,1250,1,0,-1,1248,1250,2,0,-2
1787456476.468,U',0,1,-,119.0,3134,61,-1,3,-3,1091,1090,-1,0,-1,675,674,-1,3,-7,3513,3510,-3,2,7,1249,1250,1,0,-1,1249,1250,1,0,-2
1787456476.605,U',0,1,-,119.0,64,1100,12,0,-2,1091,1090,-1,0,-1,675,674,-1,3,-7,3512,3510,-2,2,7,1249,1250,1,0,-1,1248,1250,2,0,-2
1787456476.742,U',0,1,-,119.0,1102,2119,-7,1,-3,1091,1090,-1,0,-1,675,674,-1,3,-7,3512,3509,-3,2,6,1249,1250,1,0,-1,1248,1250,2,0,-2
1787456476.880,U',0,1,-,119.0,2122,3132,-14,2,0,1091,1090,-1,0,-1,675,674,-1,3,-7,3512,3510,-2,2,7,1249,1250,1,0,-1,1248,1250,2,0,-2
1787456477.016,U',0,1,-,119.0,3134,60,-2,3,-4,1091,1090,-1,0,-1,675,674,-1,3,-7,3512,3509,-3,2,6,1249,1250,1,0,-1,1248,1250,2,0,-2
1787456477.150,U',0,1,-,119.0,64,1099,11,0,-3,1091,1090,-1,0,-1,675,674,-1,3,-7,3512,3509,-3,2,6,1249,1250,1,0,-1,1248,1250,2,0,-2
1787456477.283,U',0,1,-,119.0,1102,2119,-7,1,-3,1091,1090,-1,0,-1,675,673,-2,3,-8,3512,3509,-3,2,6,1249,1250,1,0,-1,1248,1250,2,0,-2
1787456477.431,U',0,1,-,119.0,2122,3132,-14,2,0,1091,1090,-1,0,-1,675,674,-1,3,-7,3512,3510,-2,2,7,1249,1250,1,0,-1,1248,1250,2,0,-2
1787456477.566,U',0,1,-,119.0,3134,61,-1,3,-3,1091,1090,-1,0,-1,675,674,-1,3,-7,3512,3509,-3,2,6,1249,1250,1,0,-1,1248,1250,2,0,-2
1787456477.705,U',0,1,-,119.0,64,1100,12,0,-2,1091,1090,-1,0,-1,675,674,-1,3,-7,3512,3509,-3,2,6,1250,1249,-1,0,-2,1248,1250,2,0,-2
1787456477.832,U',0,1,-,119.0,1102,2119,-7,1,-3,1091,1090,-1,0,-1,675,674,-1,3,-7,3512,3510,-2,2,7,1250,1250,0,0,-1,1248,1250,2,0,-2
1787456477.980,U',0,1,-,119.0,2122,3132,-14,2,0,1091,1090,-1,0,-1,675,674,-1,3,-7,3512,3509,-3,2,6,1249,1250,1,0,-1,1248,1250,2,0,-2
1787456478.115,U',0,1,-,119.0,3134,61,-1,3,-3,1091,1090,-1,0,-1,675,674,-1,3,-7,3512,3509,-3,2,6,1249,1250,1,0,-1,1248,1250,2,0,-2
1787456478.247,U',0,1,-,119.0,64,1100,12,0,-2,1091,1090,-1,0,-1,675,674,-1,3,-7,3512,3509,-3,2,6,1249,1250,1,0,-1,1248,1250,2,0,-2
1787456478.381,U',0,1,-,119.0,1102,2120,-6,1,-2,1091,1090,-1,0,-1,675,674,-1,3,-7,3512,3510,-2,2,7,1249,1250,1,0,-1,1248,1250,2,0,-2
1787456478.529,U',0,1,-,119.0,2122,3132,-14,2,0,1091,1091,0,0,0,675,674,-1,3,-7,3512,3509,-3,2,6,1249,1250,1,0,-1,1248,1250,2,0,-2
1787456478.667,U',0,1,-,119.0,3134,61,-1,3,-3,1091,1090,-1,0,-1,675,674,-1,3,-7,3512,3509,-3,2,6,1249,1250,1,0,-1,1248,1250,2,0,-2
1787456478.806,U',0,1,-,119.0,64,1100,12,0,-2,1091,1090,-1,0,-1,675,674,-1,3,-7,3512,3510,-2,2,7,1249,1250,1,0,-1,1248,1250,2,0,-2
1787456478.943,U',0,1,-,119.0,1102,2119,-7,1,-3,1091,1091,0,0,0,675,674,-1,3,-7,3512,3509,-3,2,6,1249,1250,1,0,-1,1248,1250,2,0,-2
1787456479.080,U',0,1,-,119.0,2122,3132,-14,2,0,1091,1090,-1,0,-1,675,673,-2,3,-8,3512,3509,-3,2,6,1249,1250,1,0,-1,1248,1250,2,0,-2
1787456479.218,U',0,1,-,119.0,3134,61,-1,3,-3,1091,1090,-1,0,-1,675,674,-1,3,-7,3512,3509,-3,2,6,1249,1250,1,0,-1,1248,1250,2,0,-2
1787456479.352,U',0,1,-,119.0,63,1100,13,0,-2,1091,1090,-1,0,-1,675,674,-1,3,-7,3512,3510,-2,2,7,1249,1249,0,0,-2,1248,1250,2,0,-2
1787456479.493,U',0,1,-,119.0,1101,2120,-5,1,-2,1091,1090,-1,0,-1,675,674,-1,3,-7,3512,3509,-3,2,6,1249,1249,0,0,-2,1248,1250,2,0,-2
1787456479.626,U',0,1,-,119.0,2122,3132,-14,2,0,1091,1090,-1,0,-1,675,674,-1,3,-7,3512,3509,-3,2,6,1250,1250,0,0,-1,1248,1250,2,0,-2
1787456479.767,U',0,1,-,119.0,3135,61,-2,3,-3,1091,1090,-1,0,-1,675,674,-1,3,-7,3512,3510,-2,2,7,1250,1249,-1,0,-2,1249,1250,1,0,-2
1787456479.898,U',0,1,-,119.0,63,1099,12,0,-3,1091,1090,-1,0,-1,675,674,-1,3,-7,3512,3509,-3,2,6,1249,1250,1,0,-1,1248,1250,2,0,-2
1787456480.033,U',0,1,-,119.0,1102,2119,-7,1,-3,1091,1090,-1,0,-1,675,674,-1,3,-7,3512,3509,-3,2,6,1249,1250,1,0,-1,1248,1250,2,0,-2
1787456480.181,U',0,1,-,119.0,2122,3132,-14,2,0,1091,1090,-1,0,-1,675,674,-1,3,-7,3512,3509,-3,2,6,1249,1250,1,0,-1,1248,1250,2,0,-2
1787456480.314,U',0,1,-,119.0,3134,61,-1,3,-3,1091,1090,-1,0,-1,675,674,-1,3,-7,3512,3509,-3,2,6,1249,1250,1,0,-1,1248,1250,2,0,-2
1787456480.455,U',0,1,-,119.0,63,1100,13,0,-2,1091,1090,-1,0,-1,675,674,-1,3,-7,3512,3510,-2,2,7,1249,1250,1,0,-1,1248,1250,2,0,-2
1787456480.592,U',0,1,-,119.0,1102,2119,-7,1,-3,1091,1090,-1,0,-1,675,674,-1,3,-7,3512,3510,-2,2,7,1249,1250,1,0,-1,1248,1250,2,0,-2
1787456480.730,U',0,1,-,119.0,2122,3132,-14,2,0,1091,1090,-1,0,-1,675,674,-1,3,-7,3512,3509,-3,2,6,1249,1250,1,0,-1,1248,1250,2,0,-2
1787456480.866,U',0,1,-,119.0,3134,61,-1,3,-3,1091,1090,-1,0,-1,675,674,-1,3,-7,3512,3509,-3,2,6,1249,1250,1,0,-1,1248,1250,2,0,-2
1787456481.005,U',0,1,-,119.0,64,1099,11,0,-3,1091,1090,-1,0,-1,675,674,-1,3,-7,3512,3509,-3,2,6,1249,1250,1,0,-1,1248,1250,2,0,-2
1787456481.142,U',0,1,-,119.0,1102,2119,-7,1,-3,1091,1090,-1,0,-1,675,674,-1,3,-7,3512,3510,-2,2,7,1249,1249,0,0,-2,1248,1250,2,0,-2
1787456481.279,U',0,1,-,119.0,2122,3131,-15,2,-1,1091,1090,-1,0,-1,675,674,-1,3,-7,3512,3510,-2,2,7,1249,1250,1,0,-1,1248,1250,2,0,-2
1787456481.418,U',0,1,-,119.0,3134,61,-1,3,-3,1091,1090,-1,0,-1,675,674,-1,3,-7,3512,3510,-2,2,7,1250,1250,0,0,-1,1248,1250,2,0,-2
1787456481.555,U',0,1,-,119.0,63,1100,13,0,-2,1091,1090,-1,0,-1,675,674,-1,3,-7,3512,3510,-2,2,7,1250,1250,0,0,-1,1248,1250,2,0,-2
1787456481.690,U',0,1,-,119.0,1102,2119,-7,1,-3,1091,1090,-1,0,-1,675,674,-1,3,-7,3512,3510,-2,2,7,1249,1249,0,0,-2,1248,1250,2,0,-2
1787456481.830,U',0,1,-,119.0,2122,3132,-14,2,0,1091,1090,-1,0,-1,675,674,-1,3,-7,3512,3510,-2,2,7,1250,1250,0,0,-1,1248,1250,2,0,-2
1787456481.966,U',0,1,-,119.0,3134,61,-1,3,-3,1091,1090,-1,0,-1,675,674,-1,3,-7,3512,3510,-2,2,7,1249,1249,0,0,-2,1248,1250,2,0,-2
1787456482.105,U',0,1,-,119.0,63,1100,13,0,-2,1091,1090,-1,0,-1,675,674,-1,3,-7,3512,3509,-3,2,6,1250,1250,0,0,-1,1249,1250,1,0,-2
1787456482.242,U',0,1,-,119.0,1102,2119,-7,1,-3,1091,1090,-1,0,-1,675,674,-1,3,-7,3512,3509,-3,2,6,1249,1249,0,0,-2,1248,1250,2,0,-2
1787456482.380,U',0,1,-,119.0,2122,3132,-14,2,0,1091,1090,-1,0,-1,675,674,-1,3,-7,3512,3509,-3,2,6,1249,1249,0,0,-2,1248,1250,2,0,-2
1787456482.515,U',0,1,-,119.0,3134,61,-1,3,-3,1091,1090,-1,0,-1,675,674,-1,3,-7,3512,3510,-2,2,7,1249,1250,1,0,-1,1248,1250,2,0,-2
1787456482.652,U',0,1,-,119.0,64,1099,11,0,-3,1091,1090,-1,0,-1,675,674,-1,3,-7,3512,3509,-3,2,6,1249,1250,1,0,-1,1248,1250,2,0,-2
1787456482.785,U',0,1,-,119.0,1101,2119,-6,1,-3,1091,1090,-1,0,-1,675,674,-1,3,-7,3512,3509,-3,2,6,1250,1250,0,0,-1,1248,1250,2,0,-2
1787456482.931,U',0,1,-,119.0,2122,3132,-14,2,0,1091,1090,-1,0,-1,675,674,-1,3,-7,3512,3510,-2,2,7,1249,1250,1,0,-1,1248,1250,2,0,-2
1787456483.068,U',0,1,-,119.0,3135,61,-2,3,-3,1091,1090,-1,0,-1,675,674,-1,3,-7,3512,3510,-2,2,7,1250,1249,-1,0,-2,1248,1250,2,0,-2
1787456483.197,U',0,1,-,119.0,63,1099,12,0,-3,1091,1090,-1,0,-1,675,674,-1,3,-7,3512,3510,-2,2,7,1249,1250,1,0,-1,1248,1250,2,0,-2
1787456483.342,U',0,1,-,119.0,1102,2119,-7,1,-3,1091,1090,-1,0,-1,675,674,-1,3,-7,3512,3510,-2,2,7,1249,1250,1,0,-1,1248,1250,2,0,-2
1787456483.479,U',0,1,-,119.0,2122,3132,-14,2,0,1091,1090,-1,0,-1,675,674,-1,3,-7,3512,3509,-3,2,6,1249,1250,1,0,-1,1249,1250,1,0,-2
1787456483.617,U',0,1,-,119.0,3134,61,-1,3,-3,1091,1090,-1,0,-1,675,674,-1,3,-7,3512,3509,-3,2,6,1249,1250,1,0,-1,1248,1250,2,0,-2
1787456483.755,U',0,1,-,119.0,63,1100,13,0,-2,1091,1090,-1,0,-1,675,674,-1,3,-7,3512,3510,-2,2,7,1249,1250,1,0,-1,1248,1250,2,0,-2
1787456483.893,U',0,1,-,119.0,1102,2119,-7,1,-3,1091,1090,-1,0,-1,675,674,-1,3,-7,3512,3510,-2,2,7,1249,1250,1,0,-1,1248,1250,2,0,-2
1787456484.030,U',0,1,-,119.0,2122,3132,-14,2,0,1091,1090,-1,0,-1,675,674,-1,3,-7,3512,3509,-3,2,6,1249,1249,0,0,-2,1248,1250,2,0,-2
1787456484.167,U',0,1,-,119.0,3134,61,-1,3,-3,1091,1090,-1,0,-1,675,674,-1,3,-7,3512,3509,-3,2,6,1249,1250,1,0,-1,1248,1250,2,0,-2
1787456484.304,U',0,1,-,119.0,63,1099,12,0,-3,1091,1090,-1,0,-1,675,674,-1,3,-7,3512,3510,-2,2,7,1249,1250,1,0,-1,1248,1250,2,0,-2
1787456484.441,U',0,1,-,119.0,1102,2119,-7,1,-3,1091,1090,-1,0,-1,675,674,-1,3,-7,3512,3510,-2,2,7,1249,1250,1,0,-1,1248,1250,2,0,-2
1787456484.579,U',0,1,-,119.0,2122,3131,-15,2,-1,1091,1090,-1,0,-1,675,674,-1,3,-7,3512,3509,-3,2,6,1249,1250,1,0,-1,1248,1250,2,0,-2
1787456484.717,U',0,1,-,119.0,3134,61,-1,3,-3,1091,1091,0,0,0,675,674,-1,3,-7,3512,3510,-2,2,7,1249,1250,1,0,-1,1248,1250,2,0,-2
1787456484.851,U',0,1,-,119.0,64,1100,12,0,-2,1091,1090,-1,0,-1,675,674,-1,3,-7,3512,3509,-3,2,6,1249,1250,1,0,-1,1248,1250,2,0,-2
1787456484.992,U',0,1,-,119.0,1102,2119,-7,1,-3,1091,1090,-1,0,-1,675,674,-1,3,-7,3512,3509,-3,2,6,1249,1250,1,0,-1,1248,1250,2,0,-2
1787456485.130,U',0,1,-,119.0,2122,3132,-14,2,0,1091,1090,-1,0,-1,675,674,-1,3,-7,3512,3509,-3,2,6,1250,1250,0,0,-1,1248,1250,2,0,-2
1787456485.267,U',0,1,-,119.0,3134,61,-1,3,-3,1091,1090,-1,0,-1,675,674,-1,3,-7,3512,3510,-2,2,7,1249,1250,1,0,-1,1248,1250,2,0,-2
1787456485.404,U',0,1,-,119.0,63,1100,13,0,-2,1091,1090,-1,0,-1,675,674,-1,3,-7,3512,3510,-2,2,7,1249,1250,1,0,-1,1248,1250,2,0,-2
1787456485.542,U',0,1,-,119.0,1102,2119,-7,1,-3,1091,1090,-1,0,-1,675,674,-1,3,-7,3512,3509,-3,2,6,1249,1250,1,0,-1,1248,1250,2,0,-2
1787456485.680,U',0,1,-,119.0,2122,3131,-15,2,-1,1091,1090,-1,0,-1,675,674,-1,3,-7,3512,3509,-3,2,6,1250,1250,0,0,-1,1248,1250,2,0,-2
1787456485.816,U',0,1,-,119.0,3134,61,-1,3,-3,1091,1090,-1,0,-1,675,674,-1,3,-7,3512,3510,-2,2,7,1249,1249,0,0,-2,1248,1250,2,0,-2
1787456485.954,U',0,1,-,119.0,63,1100,13,0,-2,1091,1090,-1,0,-1,675,674,-1,3,-7,3512,3509,-3,2,6,1249,1250,1,0,-1,1248,1250,2,0,-2
1787456486.092,U',0,1,-,119.0,1102,2119,-7,1,-3,1091,1090,-1,0,-1,675,674,-1,3,-7,3512,3510,-2,2,7,1249,1250,1,0,-1,1248,1250,2,0,-2
1787456486.230,U',0,1,-,119.0,2122,3132,-14,2,0,1091,1090,-1,0,-1,675,673,-2,3,-8,3512,3510,-2,2,7,1249,1250,1,0,-1,1248,1250,2,0,-2
1787456486.367,U',0,1,-,119.0,3134,61,-1,3,-3,1091,1090,-1,0,-1,675,674,-1,3,-7,3512,3509,-3,2,6,1250,1250,0,0,-1,1248,1250,2,0,-2
1787456486.504,U',0,1,-,119.0,64,1100,12,0,-2,1091,1090,-1,0,-1,675,674,-1,3,-7,3512,3509,-3,2,6,1249,1250,1,0,-1,1248,1250,2,0,-2
1787456486.641,U',0,1,-,119.0,1102,2119,-7,1,-3,1091,1090,-1,0,-1,675,674,-1,3,-7,3512,3509,-3,2,6,1249,1249,0,0,-2,1248,1250,2,0,-2
1787456486.780,U',0,1,-,119.0,2122,3132,-14,2,0,1091,1090,-1,0,-1,675,674,-1,3,-7,3512,3510,-2,2,7,1249,1250,1,0,-1,1248,1250,2,0,-2
1787456486.915,U',0,1,-,119.0,3135,60,-3,3,-4,1091,1090,-1,0,-1,675,674,-1,3,-7,3512,3510,-2,2,7,1249,1250,1,0,-1,1248,1250,2,0,-2
1787456487.053,U',0,1,-,119.0,63,1099,12,0,-3,1091,1090,-1,0,-1,675,674,-1,3,-7,3512,3509,-3,2,6,1249,1249,0,0,-2,1248,1250,2,0,-2
1787456487.190,U',0,1,-,119.0,1102,2119,-7,1,-3,1091,1090,-1,0,-1,675,674,-1,3,-7,3512,3510,-2,2,7,1249,1250,1,0,-1,1248,1250,2,0,-2
1787456487.330,U',0,1,-,119.0,2122,3132,-14,2,0,1091,1090,-1,0,-1,675,674,-1,3,-7,3512,3510,-2,2,7,1249,1250,1,0,-1,1248,1250,2,0,-2
1787456487.464,U',0,1,-,119.0,3134,61,-1,3,-3,1091,1090,-1,0,-1,675,674,-1,3,-7,3512,3509,-3,2,6,1249,1250,1,0,-1,1248,1250,2,0,-2
1787456487.604,U',0,1,-,119.0,63,1100,13,0,-2,1091,1090,-1,0,-1,675,674,-1,3,-7,3512,3509,-3,2,6,1249,1250,1,0,-1,1248,1250,2,0,-2
1787456487.742,U',0,1,-,119.0,1102,2120,-6,1,-2,1091,1090,-1,0,-1,675,674,-1,3,-7,3512,3510,-2,2,7,1249,1250,1,0,-1,1248,1250,2,0,-2
1787456487.880,U',0,1,-,119.0,2122,3132,-14,2,0,1091,1090,-1,0,-1,675,674,-1,3,-7,3512,3509,-3,2,6,1250,1250,0,0,-1,1248,1250,2,0,-2
1787456488.016,U',0,1,-,119.0,3134,61,-1,3,-3,1091,1090,-1,0,-1,675,674,-1,3,-7,3512,3510,-2,2,7,1249,1250,1,0,-1,1248,1250,2,0,-2
1787456488.155,U',0,1,-,119.0,64,1100,12,0,-2,1091,1090,-1,0,-1,675,674,-1,3,-7,3512,3510,-2,2,7,1249,1249,0,0,-2,1248,1250,2,0,-2
1787456488.285,U',0,1,-,119.0,1102,2120,-6,1,-2,1091,1090,-1,0,-1,675,674,-1,3,-7,3512,3510,-2,2,7,1249,1250,1,0,-1,1248,1250,2,0,-2
1787456488.429,U',0,1,-,119.0,2122,3132,-14,2,0,1091,1090,-1,0,-1,675,673,-2,3,-8,3512,3509,-3,2,6,1249,1250,1,0,-1,1248,1250,2,0,-2
1787456488.567,U',0,1,-,119.0,3135,61,-2,3,-3,1091,1090,-1,0,-1,675,674,-1,3,-7,3512,3509,-3,2,6,1249,1250,1,0,-1,1248,1250,2,0,-2
1787456488.705,U',0,1,-,119.0,63,1100,13,0,-2,1091,1090,-1,0,-1,675,674,-1,3,-7,3512,3509,-3,2,6,1249,1250,1,0,-1,1248,1250,2,0,-2
1787456488.842,U',0,1,-,119.0,1102,2119,-7,1,-3,1091,1090,-1,0,-1,675,674,-1,3,-7,3512,3510,-2,2,7,1249,1250,1,0,-1,1248,1250,2,0,-2
1787456488.974,U',0,1,-,119.0,2122,3132,-14,2,0,1091,1090,-1,0,-1,675,673,-2,3,-8,3512,3509,-3,2,6,1249,1250,1,0,-1,1248,1250,2,0,-2
1787456489.117,U',0,1,-,119.0,3135,61,-2,3,-3,1091,1090,-1,0,-1,675,674,-1,3,-7,3512,3509,-3,2,6,1250,1249,-1,0,-2,1248,1250,2,0,-2
1787456489.254,U',0,1,-,119.0,63,1100,13,0,-2,1091,1090,-1,0,-1,675,674,-1,3,-7,3512,3509,-3,2,6,1250,1250,0,0,-1,1248,1250,2,0,-2
1787456489.392,U',0,1,-,119.0,1102,2120,-6,1,-2,1091,1090,-1,0,-1,675,674,-1,3,-7,3512,3509,-3,2,6,1249,1250,1,0,-1,1248,1250,2,0,-2
1787456489.530,U',0,1,-,119.0,2122,3132,-14,2,0,1091,1090,-1,0,-1,675,674,-1,3,-7,3512,3509,-3,2,6,1249,1250,1,0,-1,1248,1250,2,0,-2
1787456489.666,U',0,1,-,119.0,3134,61,-1,3,-3,1091,1090,-1,0,-1,675,674,-1,3,-7,3512,3509,-3,2,6,1249,1249,0,0,-2,1248,1250,2,0,-2
1787456489.801,U',0,1,-,119.0,63,1099,12,0,-3,1091,1090,-1,0,-1,675,674,-1,3,-7,3512,3509,-3,2,6,1249,1250,1,0,-1,1248,1250,2,0,-2
1787456489.941,U',0,1,-,119.0,1102,2119,-7,1,-3,1091,1090,-1,0,-1,675,674,-1,3,-7,3512,3509,-3,2,6,1249,1250,1,0,-1,1248,1250,2,0,-2
1787456490.080,U',0,1,-,119.0,2122,3131,-15,2,-1,1091,1090,-1,0,-1,675,674,-1,3,-7,3512,3509,-3,2,6,1249,1250,1,0,-1,1248,1250,2,0,-2
1787456490.340,U2,0,1,-,219.0,3135,1099,12,0,-3,1091,1090,-1,0,-1,675,674,-1,3,-7,3514,3509,-5,2,6,1249,1250,1,0,-1,1249,1250,1,0,-2
1787456490.565,U2,0,1,-,219.0,1102,3131,-19,2,-1,1091,1091,0,0,0,675,673,-2,3,-8,3512,3509,-3,2,6,1249,1250,1,0,-1,1248,1250,2,0,-2
1787456490.814,U2,0,1,-,219.0,3135,1099,12,0,-3,1091,1090,-1,0,-1,675,674,-1,3,-7,3512,3509,-3,2,6,1250,1250,0,0,-1,1248,1250,2,0,-2
1787456491.053,U2,0,1,-,219.0,1102,3131,-19,2,-1,1091,1090,-1,0,-1,675,674,-1,3,-7,3512,3509,-3,2,6,1249,1250,1,0,-1,1248,1250,2,0,-2
1787456491.290,U2,0,1,-,219.0,3135,1098,11,0,-4,1091,1090,-1,0,-1,675,674,-1,3,-7,3512,3509,-3,2,6,1249,1250,1,0,-1,1248,1250,2,0,-2
1787456491.528,U2,0,1,-,219.0,1102,3131,-19,2,-1,1091,1090,-1,0,-1,675,673,-2,3,-8,3512,3509,-3,2,6,1249,1249,0,0,-2,1248,1250,2,0,-2
1787456491.765,U2,0,1,-,219.0,3135,1099,12,0,-3,1091,1090,-1,0,-1,675,674,-1,3,-7,3512,3509,-3,2,6,1250,1250,0,0,-1,1248,1250,2,0,-2
1787456492.002,U2,0,1,-,219.0,1103,3131,-20,2,-1,1091,1090,-1,0,-1,675,674,-1,3,-7,3512,3509,-3,2,6,1249,1250,1,0,-1,1248,1250,2,0,-2
1787456492.237,U2,0,1,-,219.0,3135,1099,12,0,-3,1091,1090,-1,0,-1,675,674,-1,3,-7,3512,3510,-2,2,7,1249,1250,1,0,-1,1248,1250,2,0,-2
1787456492.478,U2,0,1,-,219.0,1102,3131,-19,2,-1,1091,1090,-1,0,-1,675,674,-1,3,-7,3512,3510,-2,2,7,1250,1250,0,0,-1,1248,1250,2,0,-2
1787456492.721,U2,0,1,-,219.0,3135,1099,12,0,-3,1091,1090,-1,0,-1,675,674,-1,3,-7,3512,3510,-2,2,7,1249,1250,1,0,-1,1248,1250,2,0,-2
1787456492.947,U2,0,1,-,219.0,1102,3131,-19,2,-1,1091,1090,-1,0,-1,675,674,-1,3,-7,3512,3509,-3,2,6,1249,1250,1,0,-1,1248,1250,2,0,-2
1787456493.183,U2,0,1,-,219.0,3135,1099,12,0,-3,1091,1090,-1,0,-1,675,674,-1,3,-7,3512,3509,-3,2,6,1249,1250,1,0,-1,1248,1250,2,0,-2
1787456493.418,U2,0,1,-,219.0,1102,3131,-19,2,-1,1091,1090,-1,0,-1,675,674,-1,3,-7,3512,3510,-2,2,7,1249,1250,1,0,-1,1248,1250,2,0,-2
1787456493.665,U2,0,1,-,219.0,3135,1099,12,0,-3,1091,1090,-1,0,-1,675,674,-1,3,-7,3512,3509,-3,2,6,1249,1250,1,0,-1,1248,1250,2,0,-2
1787456493.902,U2,0,1,-,219.0,1102,3131,-19,2,-1,1091,1090,-1,0,-1,675,674,-1,3,-7,3512,3509,-3,2,6,1249,1250,1,0,-1,1248,1250,2,0,-2
1787456494.140,U2,0,1,-,219.0,3135,1099,12,0,-3,1091,1090,-1,0,-1,675,674,-1,3,-7,3512,3509,-3,2,6,1249,1250,1,0,-1,1248,1250,2,0,-2
1787456494.370,U2,0,1,-,219.0,1102,3131,-19,2,-1,1091,1090,-1,0,-1,675,674,-1,3,-7,3512,3509,-3,2,6,1249,1250,1,0,-1,1248,1250,2,0,-2
1787456494.614,U2,0,1,-,219.0,3135,1099,12,0,-3,1091,1090,-1,0,-1,675,674,-1,3,-7,3512,3509,-3,2,6,1249,1250,1,0,-1,1248,1250,2,0,-2
1787456494.850,U2,0,1,-,219.0,1102,3131,-19,2,-1,1091,1090,-1,0,-1,675,674,-1,3,-7,3512,3509,-3,2,6,1249,1250,1,0,-1,1248,1250,2,0,-2
1787456495.089,U2,0,1,-,219.0,3135,1099,12,0,-3,1091,1090,-1,0,-1,675,674,-1,3,-7,3512,3509,-3,2,6,1250,1250,0,0,-1,1248,1250,2,0,-2
1787456495.328,U2,0,1,-,219.0,1102,3131,-19,2,-1,1091,1090,-1,0,-1,675,674,-1,3,-7,3511,3509,-2,2,6,1249,1250,1,0,-1,1248,1250,2,0,-2
1787456495.566,U2,0,1,-,219.0,3135,1099,12,0,-3,1091,1090,-1,0,-1,675,674,-1,3,-7,3512,3510,-2,2,7,1249,1250,1,0,-1,1248,1250,2,0,-2
1787456495.797,U2,0,1,-,219.0,1102,3131,-19,2,-1,1091,1090,-1,0,-1,675,674,-1,3,-7,3512,3509,-3,2,6,1249,1250,1,0,-1,1248,1250,2,0,-2
1787456496.040,U2,0,1,-,219.0,3135,1099,12,0,-3,1091,1090,-1,0,-1,675,674,-1,3,-7,3511,3509,-2,2,6,1249,1250,1,0,-1,1248,1250,2,0,-2
1787456496.276,U2,0,1,-,219.0,1102,3131,-19,2,-1,1091,1090,-1,0,-1,675,674,-1,3,-7,3512,3509,-3,2,6,1249,1250,1,0,-1,1248,1250,2,0,-2
1787456496.507,U2,0,1,-,219.0,3135,1099,12,0,-3,1091,1090,-1,0,-1,675,674,-1,3,-7,3512,3509,-3,2,6,1249,1250,1,0,-1,1249,1250,1,0,-2
1787456496.752,U2,0,1,-,219.0,1103,3131,-20,2,-1,1091,1090,-1,0,-1,675,674,-1,3,-7,3512,3509,-3,2,6,1249,1250,1,0,-1,1248,1250,2,0,-2
1787456496.983,U2,0,1,-,219.0,3135,1099,12,0,-3,1091,1090,-1,0,-1,675,674,-1,3,-7,3512,3509,-3,2,6,1250,1250,0,0,-1,1248,1250,2,0,-2
1787456497.227,U2,0,1,-,219.0,1103,3131,-20,2,-1,1091,1090,-1,0,-1,675,674,-1,3,-7,3511,3509,-2,2,6,1249,1250,1,0,-1,1248,1250,2,0,-2
1787456497.465,U2,0,1,-,219.0,3135,1099,12,0,-3,1091,1090,-1,0,-1,675,674,-1,3,-7,3512,3509,-3,2,6,1249,1250,1,0,-1,1248,1250,2,0,-2
1787456497.701,U2,0,1,-,219.0,1102,3131,-19,2,-1,1091,1090,-1,0,-1,675,674,-1,3,-7,3512,3509,-3,2,6,1249,1250,1,0,-1,1248,1250,2,0,-2
1787456497.939,U2,0,1,-,219.0,3135,1099,12,0,-3,1091,1090,-1,0,-1,675,674,-1,3,-7,3512,3510,-2,2,7,1249,1250,1,0,-1,1248,1250,2,0,-2
1787456498.178,U2,0,1,-,219.0,1103,3131,-20,2,-1,1091,1090,-1,0,-1,675,674,-1,3,-7,3512,3509,-3,2,6,1249,1250,1,0,-1,1248,1250,2,0,-2
1787456498.415,U2,0,1,-,219.0,3135,1099,12,0,-3,1091,1090,-1,0,-1,675,674,-1,3,-7,3512,3510,-2,2,7,1249,1250,1,0,-1,1248,1250,2,0,-2
1787456498.652,U2,0,1,-,219.0,1102,3131,-19,2,-1,1091,1090,-1,0,-1,675,674,-1,3,-7,3512,3509,-3,2,6,1249,1250,1,0,-1,1248,1250,2,0,-2
1787456498.883,U2,0,1,-,219.0,3135,1099,12,0,-3,1091,1090,-1,0,-1,675,674,-1,3,-7,3512,3509,-3,2,6,1249,1250,1,0,-1,1248,1250,2,0,-2
1787456499.126,U2,0,1,-,219.0,1103,3131,-20,2,-1,1091,1090,-1,0,-1,675,674,-1,3,-7,3512,3509,-3,2,6,1250,1250,0,0,-1,1248,1250,2,0,-2
1787456499.365,U2,0,1,-,219.0,3135,1099,12,0,-3,1091,1091,0,0,0,675,674,-1,3,-7,3511,3510,-1,2,7,1249,1250,1,0,-1,1248,1250,2,0,-2
1787456499.602,U2,0,1,-,219.0,1102,3131,-19,2,-1,1091,1090,-1,0,-1,675,674,-1,3,-7,3512,3509,-3,2,6,1250,1250,0,0,-1,1248,1250,2,0,-2
1787456499.830,U2,0,1,-,219.0,3135,1099,12,0,-3,1091,1090,-1,0,-1,675,674,-1,3,-7,3512,3509,-3,2,6,1249,1250,1,0,-1,1248,1250,2,0,-2
1787456500.065,U2,0,1,-,219.0,1102,3131,-19,2,-1,1091,1090,-1,0,-1,675,674,-1,3,-7,3512,3509,-3,2,6,1249,1250,1,0,-1,1248,1249,1,0,-3
1787456500.315,U2,0,1,-,219.0,3135,1099,12,0,-3,1091,1090,-1,0,-1,675,674,-1,3,-7,3512,3509,-3,2,6,1249,1250,1,0,-1,1248,1250,2,0,-2
1787456500.549,U2,0,1,-,219.0,1102,3131,-19,2,-1,1091,1090,-1,0,-1,675,674,-1,3,-7,3512,3509,-3,2,6,1249,1250,1,0,-1,1248,1250,2,0,-2
1787456500.790,U2,0,1,-,219.0,3135,1099,12,0,-3,1091,1090,-1,0,-1,675,674,-1,3,-7,3512,3509,-3,2,6,1250,1249,-1,0,-2,1248,1250,2,0,-2
1787456501.027,U2,0,1,-,219.0,1103,3131,-20,2,-1,1091,1090,-1,0,-1,675,673,-2,3,-8,3512,3509,-3,2,6,1249,1250,1,0,-1,1248,1249,1,0,-3
1787456501.265,U2,0,1,-,219.0,3135,1099,12,0,-3,1091,1090,-1,0,-1,675,674,-1,3,-7,3512,3509,-3,2,6,1249,1250,1,0,-1,1248,1250,2,0,-2
1787456501.501,U2,0,1,-,219.0,1103,3131,-20,2,-1,1091,1090,-1,0,-1,675,674,-1,3,-7,3512,3509,-3,2,6,1250,1250,0,0,-1,1248,1250,2,0,-2
1787456501.739,U2,0,1,-,219.0,3135,1099,12,0,-3,1091,1090,-1,0,-1,675,674,-1,3,-7,3512,3509,-3,2,6,1249,1250,1,0,-1,1248,1250,2,0,-2
1787456501.977,U2,0,1,-,219.0,1102,3131,-19,2,-1,1091,1090,-1,0,-1,675,673,-2,3,-8,3512,3510,-2,2,7,1249,1250,1,0,-1,1248,1250,2,0,-2
1787456502.215,U2,0,1,-,219.0,3135,1099,12,0,-3,1091,1091,0,0,0,675,674,-1,3,-7,3512,3509,-3,2,6,1250,1250,0,0,-1,1248,1250,2,0,-2
1787456502.452,U2,0,1,-,219.0,1102,3131,-19,2,-1,1091,1090,-1,0,-1,675,673,-2,3,-8,3512,3509,-3,2,6,1250,1250,0,0,-1,1248,1250,2,0,-2
1787456502.690,U2,0,1,-,219.0,3135,1099,12,0,-3,1091,1090,-1,0,-1,675,674,-1,3,-7,3512,3510,-2,2,7,1249,1250,1,0,-1,1248,1250,2,0,-2
1787456502.927,U2,0,1,-,219.0,1102,3131,-19,2,-1,1091,1091,0,0,0,675,674,-1,3,-7,3512,3509,-3,2,6,1249,1250,1,0,-1,1248,1250,2,0,-2
1787456503.164,U2,0,1,-,219.0,3135,1099,12,0,-3,1091,1090,-1,0,-1,675,674,-1,3,-7,3512,3509,-3,2,6,1249,1250,1,0,-1,1248,1250,2,0,-2
1787456503.403,U2,0,1,-,219.0,1103,3131,-20,2,-1,1091,1090,-1,0,-1,675,674,-1,3,-7,3512,3509,-3,2,6,1249,1250,1,0,-1,1248,1250,2,0,-2
1787456503.639,U2,0,1,-,219.0,3135,1099,12,0,-3,1091,1090,-1,0,-1,675,674,-1,3,-7,3512,3509,-3,2,6,1249,1250,1,0,-1,1248,1250,2,0,-2
1787456503.878,U2,0,1,-,219.0,1102,3131,-19,2,-1,1091,1090,-1,0,-1,675,674,-1,3,-7,3512,3509,-3,2,6,1249,1250,1,0,-1,1248,1250,2,0,-2
1787456504.114,U2,0,1,-,219.0,3135,1099,12,0,-3,1091,1090,-1,0,-1,675,674,-1,3,-7,3512,3509,-3,2,6,1249,1250,1,0,-1,1248,1250,2,0,-2
1787456504.352,U2,0,1,-,219.0,1102,3131,-19,2,-1,1091,1090,-1,0,-1,675,674,-1,3,-7,3511,3509,-2,2,6,1249,1250,1,0,-1,1248,1250,2,0,-2
1787456504.590,U2,0,1,-,219.0,3135,1099,12,0,-3,1091,1091,0,0,0,675,674,-1,3,-7,3511,3509,-2,2,6,1249,1250,1,0,-1,1248,1250,2,0,-2
1787456504.826,U2,0,1,-,219.0,1102,3131,-19,2,-1,1091,1090,-1,0,-1,675,674,-1,3,-7,3512,3509,-3,2,6,1249,1250,1,0,-1,1248,1250,2,0,-2
1787456505.065,U2,0,1,-,219.0,3135,1099,12,0,-3,1091,1090,-1,0,-1,675,674,-1,3,-7,3512,3509,-3,2,6,1249,1250,1,0,-1,1248,1250,2,0,-2
1787456505.301,U2,0,1,-,219.0,1102,3131,-19,2,-1,1091,1090,-1,0,-1,675,674,-1,3,-7,3512,3509,-3,2,6,1249,1250,1,0,-1,1248,1250,2,0,-2
1787456505.540,U2,0,1,-,219.0,3135,1099,12,0,-3,1091,1090,-1,0,-1,675,674,-1,3,-7,3512,3509,-3,2,6,1250,1250,0,0,-1,1248,1250,2,0,-2
1787456505.777,U2,0,1,-,219.0,1102,3131,-19,2,-1,1091,1090,-1,0,-1,675,673,-2,3,-8,3512,3509,-3,2,6,1250,1250,0,0,-1,1248,1250,2,0,-2
1787456506.014,U2,0,1,-,219.0,3135,1099,12,0,-3,1091,1090,-1,0,-1,675,674,-1,3,-7,3512,3510,-2,2,7,1249,1250,1,0,-1,1248,1250,2,0,-2
1787456506.251,U2,0,1,-,219.0,1102,3131,-19,2,-1,1091,1090,-1,0,-1,675,674,-1,3,-7,3512,3509,-3,2,6,1249,1250,1,0,-1,1248,1250,2,0,-2
1787456506.489,U2,0,1,-,219.0,3135,1098,11,0,-4,1091,1090,-1,0,-1,675,674,-1,3,-7,3512,3509,-3,2,6,1249,1250,1,0,-1,1248,1250,2,0,-2
1787456506.725,U2,0,1,-,219.0,1102,3131,-19,2,-1,1091,1090,-1,0,-1,675,674,-1,3,-7,3511,3509,-2,2,6,1249,1250,1,0,-1,1248,1250,2,0,-2
1787456506.965,U2,0,1,-,219.0,3135,1098,11,0,-4,1091,1090,-1,0,-1,675,674,-1,3,-7,3512,3509,-3,2,6,1249,1250,1,0,-1,1248,1250,2,0,-2
1787456507.199,U2,0,1,-,219.0,1103,3131,-20,2,-1,1091,1090,-1,0,-1,675,674,-1,3,-7,3512,3509,-3,2,6,1249,1250,1,0,-1,1248,1250,2,0,-2
1787456507.440,U2,0,1,-,219.0,3135,1099,12,0,-3,1091,1090,-1,0,-1,675,674,-1,3,-7,3512,3510,-2,2,7,1250,1250,0,0,-1,1248,1250,2,0,-2
1787456507.677,U2,0,1,-,219.0,1103,3131,-20,2,-1,1091,1091,0,0,0,675,674,-1,3,-7,3512,3509,-3,2,6,1249,1250,1,0,-1,1248,1250,2,0,-2
1787456507.914,U2,0,1,-,219.0,3135,1099,12,0,-3,1091,1090,-1,0,-1,675,674,-1,3,-7,3511,3509,-2,2,6,1250,1250,0,0,-1,1248,1250,2,0,-2
1787456508.151,U2,0,1,-,219.0,1102,3131,-19,2,-1,1091,1090,-1,0,-1,675,674,-1,3,-7,3512,3509,-3,2,6,1250,1250,0,0,-1,1248,1250,2,0,-2
1787456508.390,U2,0,1,-,219.0,3135,1099,12,0,-3,1091,1090,-1,0,-1,675,674,-1,3,-7,3511,3509,-2,2,6,1249,1250,1,0,-1,1248,1250,2,0,-2
1787456508.626,U2,0,1,-,219.0,1102,3131,-19,2,-1,1091,1090,-1,0,-1,675,674,-1,3,-7,3512,3509,-3,2,6,1249,1250,1,0,-1,1248,1250,2,0,-2
1787456508.864,U2,0,1,-,219.0,3135,1099,12,0,-3,1091,1090,-1,0,-1,675,674,-1,3,-7,3511,3509,-2,2,6,1249,1250,1,0,-1,1248,1250,2,0,-2
1787456509.102,U2,0,1,-,219.0,1102,3131,-19,2,-1,1091,1090,-1,0,-1,675,674,-1,3,-7,3512,3509,-3,2,6,1249,1250,1,0,-1,1248,1250,2,0,-2
1787456509.340,U2,0,1,-,219.0,3135,1099,12,0,-3,1091,1090,-1,0,-1,675,674,-1,3,-7,3512,3510,-2,2,7,1249,1250,1,0,-1,1248,1250,2,0,-2
1787456509.576,U2,0,1,-,219.0,1102,3131,-19,2,-1,1091,1090,-1,0,-1,675,674,-1,3,-7,3512,3509,-3,2,6,1249,1250,1,0,-1,1248,1250,2,0,-2
1787456509.815,U2,0,1,-,219.0,3135,1099,12,0,-3,1091,1090,-1,0,-1,675,674,-1,3,-7,3512,3509,-3,2,6,1250,1250,0,0,-1,1248,1250,2,0,-2
1787456510.052,U2,0,1,-,219.0,1102,3131,-19,2,-1,1091,1091,0,0,0,675,674,-1,3,-7,3511,3509,-2,2,6,1249,1250,1,0,-1,1248,1250,2,0,-2
1787456510.289,U2,0,1,-,219.0,3135,1098,11,0,-4,1091,1090,-1,0,-1,675,674,-1,3,-7,3512,3509,-3,2,6,1249,1250,1,0,-1,1248,1250,2,0,-2
1787456510.526,U2,0,1,-,219.0,1102,3131,-19,2,-1,1091,1090,-1,0,-1,675,674,-1,3,-7,3512,3509,-3,2,6,1249,1250,1,0,-1,1248,1250,2,0,-2
1787456510.764,U2,0,1,-,219.0,3135,1098,11,0,-4,1091,1090,-1,0,-1,675,673,-2,3,-8,3512,3510,-2,2,7,1249,1250,1,0,-1,1248,1250,2,0,-2
1787456511.001,U2,0,1,-,219.0,1102,3131,-19,2,-1,1091,1090,-1,0,-1,675,674,-1,3,-7,3512,3509,-3,2,6,1249,1250,1,0,-1,1248,1250,2,0,-2
1787456511.238,U2,0,1,-,219.0,3135,1099,12,0,-3,1091,1090,-1,0,-1,675,674,-1,3,-7,3511,3509,-2,2,6,1250,1250,0,0,-1,1248,1250,2,0,-2
1787456511.477,U2,0,1,-,219.0,1102,3131,-19,2,-1,1091,1090,-1,0,-1,675,674,-1,3,-7,3512,3509,-3,2,6,1250,1250,0,0,-1,1248,1249,1,0,-3
1787456511.714,U2,0,1,-,219.0,3135,1099,12,0,-3,1091,1091,0,0,0,675,674,-1,3,-7,3512,3509,-3,2,6,1249,1250,1,0,-1,1248,1250,2,0,-2
1787456511.952,U2,0,1,-,219.0,1102,3131,-19,2,-1,1091,1090,-1,0,-1,675,674,-1,3,-7,3512,3509,-3,2,6,1249,1250,1,0,-1,1248,1250,2,0,-2
1787456512.189,U2,0,1,-,219.0,3135,1099,12,0,-3,1091,1090,-1,0,-1,675,674,-1,3,-7,3511,3509,-2,2,6,1249,1250,1,0,-1,1248,1250,2,0,-2
1787456512.426,U2,0,1,-,219.0,1103,3131,-20,2,-1,1091,1090,-1,0,-1,675,674,-1,3,-7,3511,3509,-2,2,6,1249,1250,1,0,-1,1248,1250,2,0,-2
1787456512.664,U2,0,1,-,219.0,3135,1099,12,0,-3,1091,1090,-1,0,-1,675,673,-2,3,-8,3512,3509,-3,2,6,1249,1250,1,0,-1,1248,1250,2,0,-2
1787456512.901,U2,0,1,-,219.0,1102,3131,-19,2,-1,1091,1090,-1,0,-1,675,674,-1,3,-7,3512,3509,-3,2,6,1249,1250,1,0,-1,1248,1250,2,0,-2
1787456513.139,U2,0,1,-,219.0,3135,1099,12,0,-3,1091,1090,-1,0,-1,675,674,-1,3,-7,3512,3509,-3,2,6,1250,1250,0,0,-1,1248,1250,2,0,-2
1787456513.377,U2,0,1,-,219.0,1102,3131,-19,2,-1,1091,1090,-1,0,-1,675,674,-1,3,-7,3512,3509,-3,2,6,1249,1250,1,0,-1,1248,1250,2,0,-2
1787456513.614,U2,0,1,-,219.0,3135,1099,12,0,-3,1091,1090,-1,0,-1,675,674,-1,3,-7,3512,3509,-3,2,6,1250,1250,0,0,-1,1248,1250,2,0,-2
1787456513.851,U2,0,1,-,219.0,1102,3131,-19,2,-1,1091,1090,-1,0,-1,675,674,-1,3,-7,3511,3509,-2,2,6,1249,1250,1,0,-1,1248,1250,2,0,-2
1787456528.815,U,0,0,0,119.0,3258,2280,46,1,158,1091,1091,0,0,0,675,674,-1,3,-7,3514,3510,-4,2,7,1249,1250,1,0,-1,1248,1250,2,0,-2
1787456528.951,U',0,1,-,119.0,2126,3132,-18,2,0,1090,1090,0,0,-1,674,674,0,3,-7,3510,3511,1,2,8,1250,1250,0,0,-1,1250,1250,0,0,-2
1787456529.087,U,0,1,-,119.0,3134,2118,8,1,-4,1091,1091,0,0,0,675,674,-1,3,-7,3513,3510,-3,2,7,1249,1249,0,0,-2,1248,1250,2,0,-2
1787456529.220,U',0,1,-,119.0,2123,3132,-15,2,0,1091,1090,-1,0,-1,675,674,-1,3,-7,3512,3509,-3,2,6,1249,1250,1,0,-1,1248,1250,2,0,-2
1787456529.363,U,0,1,-,119.0,3135,2119,8,1,-3,1091,1090,-1,0,-1,675,674,-1,3,-7,3512,3509,-3,2,6,1249,1250,1,0,-1,1248,1250,2,0,-2
1787456529.501,U',0,1,-,119.0,2123,3132,-15,2,0,1091,1090,-1,0,-1,675,674,-1,3,-7,3512,3510,-2,2,7,1249,1250,1,0,-1,1248,1250,2,0,-2
1787456529.638,U,0,1,-,119.0,3135,2119,8,1,-3,1091,1090,-1,0,-1,675,674,-1,3,-7,3512,3509,-3,2,6,1249,1250,1,0,-1,1248,1250,2,0,-2
1787456529.775,U',0,1,-,119.0,2123,3132,-15,2,0,1091,1090,-1,0,-1,675,674,-1,3,-7,3512,3509,-3,2,6,1250,1250,0,0,-1,1248,1250,2,0,-2
1787456529.913,U,0,1,-,119.0,3135,2118,7,1,-4,1091,1090,-1,0,-1,675,674,-1,3,-7,3512,3510,-2,2,7,1249,1250,1,0,-1,1248,1250,2,0,-2
1787456530.050,U',0,1,-,119.0,2123,3132,-15,2,0,1091,1090,-1,0,-1,675,674,-1,3,-7,3512,3509,-3,2,6,1249,1249,0,0,-2,1248,1250,2,0,-2
1787456530.187,U,0,1,-,119.0,3135,2119,8,1,-3,1091,1090,-1,0,-1,675,674,-1,3,-7,3512,3509,-3,2,6,1249,1250,1,0,-1,1248,1250,2,0,-2
1787456530.324,U',0,1,-,119.0,2123,3132,-15,2,0,1091,1090,-1,0,-1,675,674,-1,3,-7,3512,3509,-3,2,6,1249,1250,1,0,-1,1248,1250,2,0,-2
1787456530.461,U,0,1,-,119.0,3134,2119,9,1,-3,1091,1090,-1,0,-1,675,674,-1,3,-7,3512,3510,-2,2,7,1249,1250,1,0,-1,1248,1250,2,0,-2
1787456530.601,U',0,1,-,119.0,2123,3132,-15,2,0,1091,1090,-1,0,-1,675,674,-1,3,-7,3512,3509,-3,2,6,1249,1250,1,0,-1,1248,1250,2,0,-2
1787456530.737,U,0,1,-,119.0,3135,2118,7,1,-4,1091,1091,0,0,0,675,674,-1,3,-7,3512,3509,-3,2,6,1249,1250,1,0,-1,1248,1250,2,0,-2
1787456530.874,U',0,1,-,119.0,2123,3132,-15,2,0,1091,1090,-1,0,-1,675,674,-1,3,-7,3512,3509,-3,2,6,1249,1250,1,0,-1,1248,1250,2,0,-2
1787456531.011,U,0,1,-,119.0,3135,2119,8,1,-3,1091,1090,-1,0,-1,675,674,-1,3,-7,3512,3509,-3,2,6,1249,1250,1,0,-1,1248,1250,2,0,-2
1787456531.150,U',0,1,-,119.0,2123,3132,-15,2,0,1091,1090,-1,0,-1,675,674,-1,3,-7,3512,3509,-3,2,6,1249,1250,1,0,-1,1248,1250,2,0,-2
1787456531.286,U,0,1,-,119.0,3134,2119,9,1,-3,1091,1090,-1,0,-1,675,674,-1,3,-7,3512,3510,-2,2,7,1249,1250,1,0,-1,1248,1250,2,0,-2
1787456531.423,U',0,1,-,119.0,2123,3132,-15,2,0,1091,1090,-1,0,-1,675,674,-1,3,-7,3512,3509,-3,2,6,1249,1250,1,0,-1,1248,1250,2,0,-2
1787456531.563,U,0,1,-,119.0,3135,2119,8,1,-3,1091,1090,-1,0,-1,675,674,-1,3,-7,3512,3509,-3,2,6,1249,1250,1,0,-1,1248,1250,2,0,-2
1787456531.700,U',0,1,-,119.0,2123,3132,-15,2,0,1091,1090,-1,0,-1,675,674,-1,3,-7,3512,3509,-3,2,6,1249,1250,1,0,-1,1248,1250,2,0,-2
1787456531.833,U,0,1,-,119.0,3135,2119,8,1,-3,1091,1090,-1,0,-1,675,674,-1,3,-7,3512,3509,-3,2,6,1249,1249,0,0,-2,1248,1250,2,0,-2
1787456531.975,U',0,1,-,119.0,2123,3132,-15,2,0,1091,1090,-1,0,-1,675,674,-1,3,-7,3512,3509,-3,2,6,1249,1250,1,0,-1,1248,1250,2,0,-2
1787456532.112,U,0,1,-,119.0,3135,2119,8,1,-3,1091,1090,-1,0,-1,675,674,-1,3,-7,3512,3509,-3,2,6,1249,1249,0,0,-2,1248,1250,2,0,-2
1787456532.255,U',0,1,-,119.0,2123,3131,-16,2,-1,1091,1090,-1,0,-1,675,674,-1,3,-7,3512,3509,-3,2,6,1249,1250,1,0,-1,1248,1250,2,0,-2
1787456532.387,U,0,1,-,119.0,3135,2119,8,1,-3,1091,1090,-1,0,-1,675,674,-1,3,-7,3512,3510,-2,2,7,1249,1250,1,0,-1,1248,1250,2,0,-2
1787456532.525,U',0,1,-,119.0,2123,3132,-15,2,0,1091,1090,-1,0,-1,675,674,-1,3,-7,3512,3509,-3,2,6,1249,1250,1,0,-1,1248,1250,2,0,-2
1787456532.662,U,0,1,-,119.0,3134,2119,9,1,-3,1091,1090,-1,0,-1,675,674,-1,3,-7,3512,3509,-3,2,6,1249,1250,1,0,-1,1248,1250,2,0,-2
1787456532.801,U',0,1,-,119.0,2123,3132,-15,2,0,1091,1090,-1,0,-1,675,674,-1,3,-7,3512,3509,-3,2,6,1249,1250,1,0,-1,1248,1249,1,0,-3
1787456532.937,U,0,1,-,119.0,3135,2118,7,1,-4,1091,1090,-1,0,-1,675,674,-1,3,-7,3512,3510,-2,2,7,1249,1250,1,0,-1,1248,1250,2,0,-2
1787456533.074,U',0,1,-,119.0,2123,3132,-15,2,0,1091,1090,-1,0,-1,675,674,-1,3,-7,3512,3509,-3,2,6,1249,1250,1,0,-1,1248,1250,2,0,-2
1787456533.211,U,0,1,-,119.0,3135,2119,8,1,-3,1091,1090,-1,0,-1,675,673,-2,3,-8,3512,3509,-3,2,6,1249,1250,1,0,-1,1248,1250,2,0,-2
1787456533.347,U',0,1,-,119.0,2123,3132,-15,2,0,1091,1090,-1,0,-1,675,674,-1,3,-7,3512,3509,-3,2,6,1249,1249,0,0,-2,1248,1250,2,0,-2
1787456533.488,U,0,1,-,119.0,3134,2119,9,1,-3,1091,1090,-1,0,-1,675,674,-1,3,-7,3511,3509,-2,2,6,1249,1250,1,0,-1,1248,1250,2,0,-2
1787456533.624,U',0,1,-,119.0,2123,3132,-15,2,0,1091,1090,-1,0,-1,675,674,-1,3,-7,3512,3509,-3,2,6,1249,1250,1,0,-1,1248,1250,2,0,-2
1787456533.762,U,0,1,-,119.0,3134,2118,8,1,-4,1091,1090,-1,0,-1,675,674,-1,3,-7,3512,3509,-3,2,6,1250,1250,0,0,-1,1248,1250,2,0,-2
1787456533.899,U',0,1,-,119.0,2123,3131,-16,2,-1,1091,1090,-1,0,-1,675,674,-1,3,-7,3512,3509,-3,2,6,1249,1249,0,0,-2,1248,1250,2,0,-2
1787456534.038,U,0,1,-,119.0,3135,2118,7,1,-4,1091,1090,-1,0,-1,675,674,-1,3,-7,3512,3509,-3,2,6,1249,1250,1,0,-1,1248,1250,2,0,-2
1787456534.175,U',0,1,-,119.0,2123,3132,-15,2,0,1091,1090,-1,0,-1,675,674,-1,3,-7,3512,3509,-3,2,6,1249,1250,1,0,-1,1248,1250,2,0,-2
1787456534.312,U,0,1,-,119.0,3134,2118,8,1,-4,1091,1091,0,0,0,675,674,-1,3,-7,3512,3509,-3,2,6,1249,1250,1,0,-1,1248,1250,2,0,-2
1787456534.450,U',0,1,-,119.0,2123,3132,-15,2,0,1091,1090,-1,0,-1,675,674,-1,3,-7,3512,3509,-3,2,6,1250,1250,0,0,-1,1248,1250,2,0,-2
1787456534.587,U,0,1,-,119.0,3135,2118,7,1,-4,1091,1090,-1,0,-1,675,674,-1,3,-7,3512,3509,-3,2,6,1249,1250,1,0,-1,1248,1250,2,0,-2
1787456534.725,U',0,1,-,119.0,2123,3132,-15,2,0,1091,1090,-1,0,-1,675,674,-1,3,-7,3512,3509,-3,2,6,1249,1250,1,0,-1,1248,1250,2,0,-2
1787456534.863,U,0,1,-,119.0,3134,2119,9,1,-3,1091,1090,-1,0,-1,675,674,-1,3,-7,3512,3509,-3,2,6,1249,1250,1,0,-1,1248,1250,2,0,-2
1787456535.000,U',0,1,-,119.0,2123,3132,-15,2,0,1091,1090,-1,0,-1,675,674,-1,3,-7,3512,3509,-3,2,6,1249,1250,1,0,-1,1248,1249,1,0,-3
1787456535.137,U,0,1,-,119.0,3134,2119,9,1,-3,1091,1090,-1,0,-1,675,674,-1,3,-7,3512,3509,-3,2,6,1249,1250,1,0,-1,1248,1250,2,0,-2
1787456535.274,U',0,1,-,119.0,2123,3132,-15,2,0,1091,1090,-1,0,-1,675,673,-2,3,-8,3511,3509,-2,2,6,1249,1250,1,0,-1,1248,1250,2,0,-2
1787456535.412,U,0,1,-,119.0,3134,2118,8,1,-4,1091,1090,-1,0,-1,675,674,-1,3,-7,3512,3509,-3,2,6,1249,1249,0,0,-2,1248,1250,2,0,-2
1787456535.549,U',0,1,-,119.0,2123,3132,-15,2,0,1091,1090,-1,0,-1,675,674,-1,3,-7,3512,3509,-3,2,6,1249,1250,1,0,-1,1248,1250,2,0,-2
1787456535.686,U,0,1,-,119.0,3135,2119,8,1,-3,1091,1091,0,0,0,675,674,-1,3,-7,3512,3509,-3,2,6,1249,1250,1,0,-1,1248,1250,2,0,-2
1787456535.824,U',0,1,-,119.0,2123,3132,-15,2,0,1091,1090,-1,0,-1,675,674,-1,3,-7,3512,3509,-3,2,6,1249,1250,1,0,-1,1248,1250,2,0,-2
1787456535.963,U,0,1,-,119.0,3135,2119,8,1,-3,1091,1090,-1,0,-1,675,674,-1,3,-7,3512,3510,-2,2,7,1250,1250,0,0,-1,1248,1250,2,0,-2
1787456536.098,U',0,1,-,119.0,2123,3132,-15,2,0,1091,1090,-1,0,-1,675,674,-1,3,-7,3512,3509,-3,2,6,1250,1250,0,0,-1,1248,1250,2,0,-2
1787456536.237,U,0,1,-,119.0,3135,2119,8,1,-3,1091,1090,-1,0,-1,675,674,-1,3,-7,3512,3509,-3,2,6,1249,1250,1,0,-1,1248,1249,1,0,-3
1787456536.375,U',0,1,-,119.0,2123,3132,-15,2,0,1091,1090,-1,0,-1,675,673,-2,3,-8,3512,3510,-2,2,7,1249,1250,1,0,-1,1248,1250,2,0,-2
1787456536.513,U,0,1,-,119.0,3134,2119,9,1,-3,1091,1090,-1,0,-1,675,674,-1,3,-7,3512,3509,-3,2,6,1250,1250,0,0,-1,1248,1250,2,0,-2
1787456536.650,U',0,1,-,119.0,2123,3132,-15,2,0,1091,1090,-1,0,-1,675,674,-1,3,-7,3512,3509,-3,2,6,1250,1249,-1,0,-2,1248,1250,2,0,-2
1787456536.787,U,0,1,-,119.0,3135,2118,7,1,-4,1091,1090,-1,0,-1,675,674,-1,3,-7,3512,3510,-2,2,7,1249,1250,1,0,-1,1248,1250,2,0,-2
1787456536.925,U',0,1,-,119.0,2123,3132,-15,2,0,1091,1090,-1,0,-1,675,674,-1,3,-7,3512,3509,-3,2,6,1249,1250,1,0,-1,1248,1250,2,0,-2
1787456537.062,U,0,1,-,119.0,3134,2119,9,1,-3,1091,1090,-1,0,-1,675,674,-1,3,-7,3512,3509,-3,2,6,1249,1250,1,0,-1,1248,1250,2,0,-2
1787456537.200,U',0,1,-,119.0,2123,3132,-15,2,0,1091,1090,-1,0,-1,675,674,-1,3,-7,3512,3509,-3,2,6,1249,1249,0,0,-2,1248,1250,2,0,-2
1787456537.336,U,0,1,-,119.0,3134,2119,9,1,-3,1091,1090,-1,0,-1,675,674,-1,3,-7,3512,3509,-3,2,6,1249,1250,1,0,-1,1248,1250,2,0,-2
1787456537.472,U',0,1,-,119.0,2123,3132,-15,2,0,1091,1090,-1,0,-1,675,674,-1,3,-7,3512,3509,-3,2,6,1249,1250,1,0,-1,1248,1250,2,0,-2
1787456537.612,U,0,1,-,119.0,3134,2119,9,1,-3,1091,1090,-1,0,-1,675,674,-1,3,-7,3512,3509,-3,2,6,1249,1250,1,0,-1,1248,1250,2,0,-2
1787456537.750,U',0,1,-,119.0,2123,3132,-15,2,0,1091,1090,-1,0,-1,675,674,-1,3,-7,3512,3509,-3,2,6,1249,1250,1,0,-1,1248,1250,2,0,-2
1787456537.886,U,0,1,-,119.0,3135,2118,7,1,-4,1091,1090,-1,0,-1,675,674,-1,3,-7,3512,3509,-3,2,6,1249,1250,1,0,-1,1248,1250,2,0,-2
1787456538.023,U',0,1,-,119.0,2123,3132,-15,2,0,1091,1090,-1,0,-1,675,674,-1,3,-7,3512,3509,-3,2,6,1249,1250,1,0,-1,1248,1250,2,0,-2
1787456538.162,U,0,1,-,119.0,3135,2119,8,1,-3,1091,1090,-1,0,-1,675,674,-1,3,-7,3512,3509,-3,2,6,1249,1250,1,0,-1,1248,1250,2,0,-2
1787456538.300,U',0,1,-,119.0,2123,3132,-15,2,0,1091,1090,-1,0,-1,675,674,-1,3,-7,3512,3510,-2,2,7,1249,1250,1,0,-1,1248,1250,2,0,-2
1787456538.437,U,0,1,-,119.0,3135,2119,8,1,-3,1091,1090,-1,0,-1,675,674,-1,3,-7,3512,3509,-3,2,6,1249,1250,1,0,-1,1248,1250,2,0,-2
1787456538.575,U',0,1,-,119.0,2123,3131,-16,2,-1,1091,1090,-1,0,-1,675,674,-1,3,-7,3512,3510,-2,2,7,1250,1250,0,0,-1,1248,1250,2,0,-2
1787456538.712,U,0,1,-,119.0,3134,2118,8,1,-4,1091,1090,-1,0,-1,675,674,-1,3,-7,3511,3509,-2,2,6,1249,1250,1,0,-1,1248,1250,2,0,-2
1787456538.849,U',0,1,-,119.0,2123,3132,-15,2,0,1091,1090,-1,0,-1,675,674,-1,3,-7,3512,3510,-2,2,7,1249,1250,1,0,-1,1248,1250,2,0,-2
1787456538.987,U,0,1,-,119.0,3135,2119,8,1,-3,1091,1090,-1,0,-1,675,674,-1,3,-7,3512,3509,-3,2,6,1249,1250,1,0,-1,1248,1250,2,0,-2
1787456539.116,U',0,1,-,119.0,2123,3132,-15,2,0,1091,1090,-1,0,-1,675,674,-1,3,-7,3512,3510,-2,2,7,1250,1250,0,0,-1,1248,1250,2,0,-2
1787456539.262,U,0,1,-,119.0,3134,2119,9,1,-3,1091,1090,-1,0,-1,675,674,-1,3,-7,3511,3509,-2,2,6,1249,1250,1,0,-1,1248,1250,2,0,-2
1787456539.400,U',0,1,-,119.0,2123,3132,-15,2,0,1091,1090,-1,0,-1,675,674,-1,3,-7,3512,3509,-3,2,6,1249,1250,1,0,-1,1248,1250,2,0,-2
1787456539.537,U,0,1,-,119.0,3134,2119,9,1,-3,1091,1091,0,0,0,675,674,-1,3,-7,3512,3509,-3,2,6,1249,1250,1,0,-1,1248,1250,2,0,-2
1787456539.675,U',0,1,-,119.0,2123,3131,-16,2,-1,1091,1090,-1,0,-1,675,673,-2,3,-8,3512,3509,-3,2,6,1249,1249,0,0,-2,1248,1250,2,0,-2
1787456539.812,U,0,1,-,119.0,3134,2118,8,1,-4,1091,1091,0,0,0,675,674,-1,3,-7,3512,3509,-3,2,6,1249,1250,1,0,-1,1248,1250,2,0,-2
1787456539.949,U',0,1,-,119.0,2122,3132,-14,2,0,1091,1090,-1,0,-1,675,674,-1,3,-7,3512,3509,-3,2,6,1249,1250,1,0,-1,1248,1250,2,0,-2
1787456540.083,U,0,1,-,119.0,3134,2119,9,1,-3,1091,1090,-1,0,-1,675,674,-1,3,-7,3512,3509,-3,2,6,1249,1250,1,0,-1,1248,1250,2,0,-2
1787456540.216,U',0,1,-,119.0,2123,3132,-15,2,0,1091,1090,-1,0,-1,675,674,-1,3,-7,3512,3509,-3,2,6,1249,1250,1,0,-1,1248,1250,2,0,-2
1787456540.361,U,0,1,-,119.0,3134,2119,9,1,-3,1091,1090,-1,0,-1,675,674,-1,3,-7,3512,3509,-3,2,6,1249,1250,1,0,-1,1248,1249,1,0,-3
1787456540.499,U',0,1,-,119.0,2123,3132,-15,2,0,1091,1090,-1,0,-1,675,674,-1,3,-7,3512,3509,-3,2,6,1249,1250,1,0,-1,1248,1250,2,0,-2
1787456540.636,U,0,1,-,119.0,3134,2119,9,1,-3,1091,1090,-1,0,-1,675,674,-1,3,-7,3512,3509,-3,2,6,1249,1250,1,0,-1,1248,1250,2,0,-2
1787456540.770,U',0,1,-,119.0,2123,3132,-15,2,0,1091,1090,-1,0,-1,675,674,-1,3,-7,3512,3509,-3,2,6,1249,1250,1,0,-1,1248,1250,2,0,-2
1787456540.906,U,0,1,-,119.0,3134,2118,8,1,-4,1091,1090,-1,0,-1,675,674,-1,3,-7,3512,3509,-3,2,6,1250,1250,0,0,-1,1248,1250,2,0,-2
1787456541.049,U',0,1,-,119.0,2123,3132,-15,2,0,1091,1090,-1,0,-1,675,674,-1,3,-7,3512,3509,-3,2,6,1249,1250,1,0,-1,1248,1250,2,0,-2
1787456541.183,U,0,1,-,119.0,3134,2119,9,1,-3,1091,1090,-1,0,-1,675,674,-1,3,-7,3512,3510,-2,2,7,1249,1250,1,0,-1,1248,1250,2,0,-2
1787456541.324,U',0,1,-,119.0,2123,3132,-15,2,0,1091,1090,-1,0,-1,675,673,-2,3,-8,3512,3509,-3,2,6,1249,1250,1,0,-1,1248,1250,2,0,-2
1787456541.454,U,0,1,-,119.0,3134,2118,8,1,-4,1091,1090,-1,0,-1,675,674,-1,3,-7,3511,3509,-2,2,6,1249,1250,1,0,-1,1248,1250,2,0,-2
1787456541.600,U',0,1,-,119.0,2123,3131,-16,2,-1,1091,1090,-1,0,-1,675,674,-1,3,-7,3512,3509,-3,2,6,1249,1250,1,0,-1,1248,1250,2,0,-2
1787456541.737,U,0,1,-,119.0,3134,2119,9,1,-3,1091,1090,-1,0,-1,675,674,-1,3,-7,3512,3509,-3,2,6,1250,1250,0,0,-1,1248,1250,2,0,-2
1787456541.874,U',0,1,-,119.0,2123,3132,-15,2,0,1091,1090,-1,0,-1,675,674,-1,3,-7,3512,3509,-3,2,6,1250,1250,0,0,-1,1248,1250,2,0,-2
1787456542.006,U,0,1,-,119.0,3134,2118,8,1,-4,1091,1091,0,0,0,675,674,-1,3,-7,3512,3509,-3,2,6,1249,1250,1,0,-1,1248,1250,2,0,-2
1787456542.150,U',0,1,-,119.0,2123,3132,-15,2,0,1091,1090,-1,0,-1,675,674,-1,3,-7,3512,3510,-2,2,7,1250,1250,0,0,-1,1248,1250,2,0,-2
1787456542.283,U,0,1,-,119.0,3134,2118,8,1,-4,1091,1090,-1,0,-1,675,674,-1,3,-7,3512,3509,-3,2,6,1249,1250,1,0,-1,1248,1250,2,0,-2
1787456542.422,U',0,1,-,119.0,2123,3132,-15,2,0,1091,1090,-1,0,-1,675,674,-1,3,-7,3512,3509,-3,2,6,1249,1249,0,0,-2,1248,1250,2,0,-2
1787456542.550,U,0,1,-,119.0,3134,2119,9,1,-3,1091,1090,-1,0,-1,675,674,-1,3,-7,3512,3510,-2,2,7,1249,1250,1,0,-1,1248,1250,2,0,-2
1787456542.699,U',0,1,-,119.0,2123,3132,-15,2,0,1091,1090,-1,0,-1,675,674,-1,3,-7,3512,3509,-3,2,6,1249,1250,1,0,-1,1248,1250,2,0,-2
1787456542.834,U,0,1,-,119.0,3134,2119,9,1,-3,1091,1090,-1,0,-1,675,674,-1,3,-7,3512,3509,-3,2,6,1249,1250,1,0,-1,1248,1250,2,0,-2
1787456542.974,U',0,1,-,119.0,2122,3132,-14,2,0,1091,1090,-1,0,-1,675,674,-1,3,-7,3511,3509,-2,2,6,1249,1250,1,0,-1,1248,1250,2,0,-2
1787456543.109,U,0,1,-,119.0,3134,2118,8,1,-4,1091,1090,-1,0,-1,675,674,-1,3,-7,3512,3510,-2,2,7,1250,1250,0,0,-1,1248,1250,2,0,-2
1787456543.247,U',0,1,-,119.0,2123,3132,-15,2,0,1091,1090,-1,0,-1,675,674,-1,3,-7,3512,3509,-3,2,6,1249,1250,1,0,-1,1248,1250,2,0,-2
1787456543.386,U,0,1,-,119.0,3135,2119,8,1,-3,1091,1090,-1,0,-1,675,674,-1,3,-7,3512,3509,-3,2,6,1249,1250,1,0,-1,1248,1250,2,0,-2
1787456543.514,U',0,1,-,119.0,2122,3132,-14,2,0,1091,1091,0,0,0,675,674,-1,3,-7,3512,3509,-3,2,6,1249,1250,1,0,-1,1248,1250,2,0,-2
1787456543.648,U,0,1,-,119.0,3134,2119,9,1,-3,1091,1090,-1,0,-1,675,674,-1,3,-7,3512,3509,-3,2,6,1249,1250,1,0,-1,1248,1250,2,0,-2
1787456543.799,U',0,1,-,119.0,2123,3132,-15,2,0,1091,1090,-1,0,-1,675,674,-1,3,-7,3512,3509,-3,2,6,1250,1250,0,0,-1,1248,1249,1,0,-3
1787456543.937,U,0,1,-,119.0,3134,2119,9,1,-3,1091,1090,-1,0,-1,675,674,-1,3,-7,3512,3510,-2,2,7,1249,1250,1,0,-1,1248,1250,2,0,-2
1787456544.074,U',0,1,-,119.0,2123,3132,-15,2,0,1091,1090,-1,0,-1,675,674,-1,3,-7,3512,3509,-3,2,6,1250,1250,0,0,-1,1248,1250,2,0,-2
1787456544.212,U,0,1,-,119.0,3134,2119,9,1,-3,1091,1090,-1,0,-1,675,674,-1,3,-7,3512,3509,-3,2,6,1249,1250,1,0,-1,1248,1250,2,0,-2
1787456544.349,U',0,1,-,119.0,2123,3132,-15,2,0,1091,1090,-1,0,-1,675,674,-1,3,-7,3512,3509,-3,2,6,1249,1250,1,0,-1,1248,1250,2,0,-2
1787456544.484,U,0,1,-,119.0,3135,2118,7,1,-4,1091,1090,-1,0,-1,675,674,-1,3,-7,3512,3510,-2,2,7,1249,1250,1,0,-1,1248,1250,2,0,-2
1787456544.617,U',0,1,-,119.0,2122,3132,-14,2,0,1091,1090,-1,0,-1,675,674,-1,3,-7,3512,3509,-3,2,6,1249,1250,1,0,-1,1248,1250,2,0,-2
1787456544.751,U,0,1,-,119.0,3134,2119,9,1,-3,1091,1090,-1,0,-1,675,674,-1,3,-7,3512,3509,-3,2,6,1249,1249,0,0,-2,1248,1250,2,0,-2
1787456544.898,U',0,1,-,119.0,2123,3132,-15,2,0,1091,1090,-1,0,-1,675,674,-1,3,-7,3512,3509,-3,2,6,1249,1250,1,0,-1,1248,1250,2,0,-2
1787456545.033,U,0,1,-,119.0,3134,2119,9,1,-3,1091,1090,-1,0,-1,675,674,-1,3,-7,3512,3509,-3,2,6,1249,1250,1,0,-1,1248,1250,2,0,-2
1787456545.173,U',0,1,-,119.0,2123,3132,-15,2,0,1091,1090,-1,0,-1,675,674,-1,3,-7,3512,3510,-2,2,7,1249,1250,1,0,-1,1248,1250,2,0,-2
1787456545.302,U,0,1,-,119.0,3134,2119,9,1,-3,1091,1090,-1,0,-1,675,674,-1,3,-7,3512,3509,-3,2,6,1249,1250,1,0,-1,1248,1250,2,0,-2
1787456545.448,U',0,1,-,119.0,2123,3132,-15,2,0,1091,1090,-1,0,-1,675,674,-1,3,-7,3511,3509,-2,2,6,1250,1249,-1,0,-2,1248,1250,2,0,-2
1787456545.586,U,0,1,-,119.0,3134,2119,9,1,-3,1091,1090,-1,0,-1,675,674,-1,3,-7,3511,3509,-2,2,6,1249,1250,1,0,-1,1248,1250,2,0,-2
1787456545.724,U',0,1,-,119.0,2123,3132,-15,2,0,1091,1090,-1,0,-1,675,674,-1,3,-7,3512,3509,-3,2,6,1249,1250,1,0,-1,1248,1250,2,0,-2
1787456545.861,U,0,1,-,119.0,3134,2118,8,1,-4,1091,1090,-1,0,-1,675,674,-1,3,-7,3512,3509,-3,2,6,1249,1250,1,0,-1,1248,1250,2,0,-2
1787456545.999,U',0,1,-,119.0,2123,3132,-15,2,0,1091,1090,-1,0,-1,675,674,-1,3,-7,3512,3509,-3,2,6,1250,1250,0,0,-1,1248,1250,2,0,-2
1787456546.137,U,0,1,-,119.0,3134,2118,8,1,-4,1091,1090,-1,0,-1,675,674,-1,3,-7,3512,3509,-3,2,6,1249,1250,1,0,-1,1248,1250,2,0,-2
1787456546.272,U',0,1,-,119.0,2122,3132,-14,2,0,1091,1090,-1,0,-1,675,674,-1,3,-7,3512,3509,-3,2,6,1249,1250,1,0,-1,1248,1250,2,0,-2
1787456546.412,U,0,1,-,119.0,3134,2118,8,1,-4,1091,1090,-1,0,-1,675,674,-1,3,-7,3512,3509,-3,2,6,1249,1250,1,0,-1,1248,1250,2,0,-2
1787456546.549,U',0,1,-,119.0,2123,3132,-15,2,0,1091,1090,-1,0,-1,675,674,-1,3,-7,3511,3509,-2,2,6,1249,1250,1,0,-1,1248,1250,2,0,-2
1787456546.686,U,0,1,-,119.0,3134,2119,9,1,-3,1091,1090,-1,0,-1,675,674,-1,3,-7,3511,3509,-2,2,6,1249,1250,1,0,-1,1248,1250,2,0,-2
1787456546.818,U',0,1,-,119.0,2123,3132,-15,2,0,1091,1091,0,0,0,675,674,-1,3,-7,3511,3509,-2,2,6,1249,1250,1,0,-1,1248,1250,2,0,-2
1787456546.961,U,0,1,-,119.0,3134,2119,9,1,-3,1091,1090,-1,0,-1,675,674,-1,3,-7,3512,3509,-3,2,6,1249,1250,1,0,-1,1248,1250,2,0,-2
1787456547.099,U',0,1,-,119.0,2123,3132,-15,2,0,1091,1090,-1,0,-1,675,674,-1,3,-7,3511,3509,-2,2,6,1249,1250,1,0,-1,1248,1250,2,0,-2
1787456547.233,U,0,1,-,119.0,3134,2119,9,1,-3,1091,1090,-1,0,-1,675,674,-1,3,-7,3512,3509,-3,2,6,1249,1250,1,0,-1,1248,1250,2,0,-2
1787456547.366,U',0,1,-,119.0,2123,3132,-15,2,0,1091,1090,-1,0,-1,675,674,-1,3,-7,3512,3509,-3,2,6,1249,1250,1,0,-1,1248,1250,2,0,-2
1787456547.499,U,0,1,-,119.0,3135,2118,7,1,-4,1091,1090,-1,0,-1,675,674,-1,3,-7,3512,3509,-3,2,6,1249,1250,1,0,-1,1248,1250,2,0,-2
1787456547.649,U',0,1,-,119.0,2123,3132,-15,2,0,1091,1090,-1,0,-1,675,674,-1,3,-7,3512,3509,-3,2,6,1249,1250,1,0,-1,1248,1250,2,0,-2
1787456547.786,U,0,1,-,119.0,3134,2119,9,1,-3,1091,1090,-1,0,-1,675,674,-1,3,-7,3512,3509,-3,2,6,1249,1250,1,0,-1,1248,1250,2,0,-2
1787456547.919,U',0,1,-,119.0,2123,3132,-15,2,0,1091,1090,-1,0,-1,675,674,-1,3,-7,3512,3509,-3,2,6,1249,1250,1,0,-1,1248,1250,2,0,-2
1787456548.053,U,0,1,-,119.0,3134,2118,8,1,-4,1091,1090,-1,0,-1,675,674,-1,3,-7,3512,3510,-2,2,7,1249,1250,1,0,-1,1248,1250,2,0,-2
1787456548.196,U',0,1,-,119.0,2123,3132,-15,2,0,1091,1090,-1,0,-1,675,674,-1,3,-7,3512,3509,-3,2,6,1250,1250,0,0,-1,1248,1250,2,0,-2
1787456548.337,U,0,1,-,119.0,3134,2119,9,1,-3,1091,1090,-1,0,-1,675,674,-1,3,-7,3511,3509,-2,2,6,1249,1250,1,0,-1,1248,1250,2,0,-2
1787456548.474,U',0,1,-,119.0,2122,3132,-14,2,0,1091,1090,-1,0,-1,675,674,-1,3,-7,3512,3509,-3,2,6,1249,1249,0,0,-2,1248,1250,2,0,-2
1787456548.619,U,0,1,-,119.0,3134,2119,9,1,-3,1091,1090,-1,0,-1,675,674,-1,3,-7,3512,3509,-3,2,6,1249,1250,1,0,-1,1248,1250,2,0,-2
1787456548.749,U',0,1,-,119.0,2123,3132,-15,2,0,1091,1090,-1,0,-1,675,674,-1,3,-7,3512,3509,-3,2,6,1249,1250,1,0,-1,1248,1250,2,0,-2
1787456548.887,U,0,1,-,119.0,3134,2119,9,1,-3,1091,1090,-1,0,-1,675,674,-1,3,-7,3512,3509,-3,2,6,1249,1250,1,0,-1,1248,1250,2,0,-2
1787456549.024,U',0,1,-,119.0,2123,3132,-15,2,0,1091,1090,-1,0,-1,675,674,-1,3,-7,3511,3509,-2,2,6,1249,1250,1,0,-1,1248,1250,2,0,-2
1787456549.161,U,0,1,-,119.0,3134,2118,8,1,-4,1091,1090,-1,0,-1,675,674,-1,3,-7,3512,3509,-3,2,6,1249,1250,1,0,-1,1248,1250,2,0,-2
1787456549.299,U',0,1,-,119.0,2123,3132,-15,2,0,1091,1090,-1,0,-1,675,674,-1,3,-7,3511,3509,-2,2,6,1249,1250,1,0,-1,1248,1250,2,0,-2
1787456549.435,U,0,1,-,119.0,3135,2119,8,1,-3,1091,1090,-1,0,-1,675,674,-1,3,-7,3512,3509,-3,2,6,1249,1250,1,0,-1,1248,1250,2,0,-2
1787456549.567,U',0,1,-,119.0,2123,3132,-15,2,0,1091,1090,-1,0,-1,675,674,-1,3,-7,3512,3509,-3,2,6,1249,1250,1,0,-1,1248,1250,2,0,-2
1787456549.701,U,0,1,-,119.0,3134,2119,9,1,-3,1091,1090,-1,0,-1,675,674,-1,3,-7,3512,3509,-3,2,6,1249,1250,1,0,-1,1248,1250,2,0,-2
1787456549.849,U',0,1,-,119.0,2123,3132,-15,2,0,1091,1090,-1,0,-1,675,674,-1,3,-7,3512,3509,-3,2,6,1249,1250,1,0,-1,1248,1250,2,0,-2
1787456549.985,U,0,1,-,119.0,3134,2119,9,1,-3,1091,1090,-1,0,-1,675,674,-1,3,-7,3512,3509,-3,2,6,1249,1250,1,0,-1,1248,1249,1,0,-3
1787456550.120,U',0,1,-,119.0,2123,3133,-14,2,1,1091,1090,-1,0,-1,675,674,-1,3,-7,3512,3509,-3,2,6,1250,1250,0,0,-1,1248,1250,2,0,-2
1787456550.256,U,0,1,-,119.0,3134,2119,9,1,-3,1091,1090,-1,0,-1,675,674,-1,3,-7,3511,3509,-2,2,6,1249,1250,1,0,-1,1248,1250,2,0,-2
1787456550.399,U',0,1,-,119.0,2123,3132,-15,2,0,1091,1090,-1,0,-1,675,674,-1,3,-7,3512,3509,-3,2,6,1249,1250,1,0,-1,1248,1250,2,0,-2
1787456550.530,U,0,1,-,119.0,3134,2119,9,1,-3,1091,1090,-1,0,-1,675,674,-1,3,-7,3512,3509,-3,2,6,1249,1250,1,0,-1,1248,1250,2,0,-2
1787456550.673,U',0,1,-,119.0,2123,3132,-15,2,0,1091,1090,-1,0,-1,675,674,-1,3,-7,3512,3509,-3,2,6,1249,1250,1,0,-1,1248,1250,2,0,-2
1787456550.810,U,0,1,-,119.0,3134,2118,8,1,-4,1091,1090,-1,0,-1,675,674,-1,3,-7,3512,3509,-3,2,6,1249,1250,1,0,-1,1248,1250,2,0,-2
1787456550.949,U',0,1,-,119.0,2123,3132,-15,2,0,1091,1090,-1,0,-1,675,674,-1,3,-7,3512,3509,-3,2,6,1249,1250,1,0,-1,1248,1250,2,0,-2
1787456551.086,U,0,1,-,119.0,3134,2119,9,1,-3,1091,1090,-1,0,-1,675,674,-1,3,-7,3512,3509,-3,2,6,1249,1250,1,0,-1,1248,1250,2,0,-2
1787456551.223,U',0,1,-,119.0,2123,3132,-15,2,0,1091,1090,-1,0,-1,675,674,-1,3,-7,3512,3509,-3,2,6,1249,1250,1,0,-1,1248,1250,2,0,-2
1787456551.361,U,0,1,-,119.0,3134,2118,8,1,-4,1091,1090,-1,0,-1,675,674,-1,3,-7,3512,3509,-3,2,6,1249,1250,1,0,-1,1248,1250,2,0,-2
1787456551.499,U',0,1,-,119.0,2123,3132,-15,2,0,1091,1090,-1,0,-1,675,674,-1,3,-7,3512,3509,-3,2,6,1250,1250,0,0,-1,1248,1250,2,0,-2
1787456551.634,U,0,1,-,119.0,3135,2118,7,1,-4,1091,1091,0,0,0,675,674,-1,3,-7,3511,3509,-2,2,6,1249,1250,1,0,-1,1249,1250,1,0,-2
1787456551.774,U',0,1,-,119.0,2123,3132,-15,2,0,1091,1090,-1,0,-1,675,674,-1,3,-7,3512,3509,-3,2,6,1249,1250,1,0,-1,1248,1250,2,0,-2
1787456551.910,U,0,1,-,119.0,3134,2119,9,1,-3,1091,1090,-1,0,-1,675,674,-1,3,-7,3512,3509,-3,2,6,1249,1250,1,0,-1,1248,1250,2,0,-2
1787456552.048,U',0,1,-,119.0,2123,3132,-15,2,0,1091,1090,-1,0,-1,675,674,-1,3,-7,3512,3509,-3,2,6,1249,1250,1,0,-1,1248,1250,2,0,-2
1787456552.182,U,0,1,-,119.0,3134,2119,9,1,-3,1091,1090,-1,0,-1,675,674,-1,3,-7,3512,3509,-3,2,6,1249,1250,1,0,-1,1248,1250,2,0,-2
1787456552.323,U',0,1,-,119.0,2123,3132,-15,2,0,1091,1090,-1,0,-1,675,674,-1,3,-7,3512,3509,-3,2,6,1249,1250,1,0,-1,1248,1250,2,0,-2
1787456552.449,U,0,1,-,119.0,3134,2119,9,1,-3,1091,1090,-1,0,-1,675,674,-1,3,-7,3511,3509,-2,2,6,1249,1249,0,0,-2,1248,1250,2,0,-2
1787456552.597,U',0,1,-,119.0,2123,3132,-15,2,0,1091,1090,-1,0,-1,675,674,-1,3,-7,3512,3509,-3,2,6,1249,1250,1,0,-1,1248,1250,2,0,-2
1787456552.736,U,0,1,-,119.0,3134,2119,9,1,-3,1091,1090,-1,0,-1,675,674,-1,3,-7,3512,3509,-3,2,6,1249,1250,1,0,-1,1248,1250,2,0,-2
1787456552.872,U',0,1,-,119.0,2123,3132,-15,2,0,1091,1090,-1,0,-1,675,674,-1,3,-7,3511,3509,-2,2,6,1249,1249,0,0,-2,1248,1250,2,0,-2
1787456553.011,U,0,1,-,119.0,3134,2119,9,1,-3,1091,1090,-1,0,-1,675,674,-1,3,-7,3512,3509,-3,2,6,1249,1250,1,0,-1,1248,1250,2,0,-2
1787456553.148,U',0,1,-,119.0,2123,3132,-15,2,0,1091,1090,-1,0,-1,675,674,-1,3,-7,3511,3509,-2,2,6,1250,1250,0,0,-1,1248,1250,2,0,-2
1787456553.286,U,0,1,-,119.0,3134,2119,9,1,-3,1091,1090,-1,0,-1,675,674,-1,3,-7,3512,3509,-3,2,6,1249,1249,0,0,-2,1248,1250,2,0,-2
1787456553.420,U',0,1,-,119.0,2123,3132,-15,2,0,1091,1090,-1,0,-1,675,674,-1,3,-7,3512,3510,-2,2,7,1249,1250,1,0,-1,1248,1250,2,0,-2
1787456553.561,U,0,1,-,119.0,3134,2119,9,1,-3,1091,1090,-1,0,-1,675,674,-1,3,-7,3512,3510,-2,2,7,1249,1250,1,0,-1,1248,1250,2,0,-2
1787456553.698,U',0,1,-,119.0,2123,3132,-15,2,0,1091,1090,-1,0,-1,675,674,-1,3,-7,3512,3509,-3,2,6,1249,1250,1,0,-1,1248,1250,2,0,-2
1787456553.834,U,0,1,-,119.0,3134,2119,9,1,-3,1091,1091,0,0,0,675,674,-1,3,-7,3512,3509,-3,2,6,1249,1249,0,0,-2,1248,1250,2,0,-2
1787456553.973,U',0,1,-,119.0,2122,3132,-14,2,0,1091,1090,-1,0,-1,675,674,-1,3,-7,3512,3509,-3,2,6,1250,1250,0,0,-1,1248,1250,2,0,-2
1787456554.111,U,0,1,-,119.0,3134,2118,8,1,-4,1091,1090,-1,0,-1,675,674,-1,3,-7,3512,3509,-3,2,6,1249,1249,0,0,-2,1248,1250,2,0,-2
1787456554.248,U',0,1,-,119.0,2123,3131,-16,2,-1,1091,1090,-1,0,-1,675,674,-1,3,-7,3512,3509,-3,2,6,1249,1249,0,0,-2,1248,1250,2,0,-2
1787456554.383,U,0,1,-,119.0,3134,2119,9,1,-3,1091,1090,-1,0,-1,675,674,-1,3,-7,3512,3509,-3,2,6,1249,1250,1,0,-1,1248,1250,2,0,-2
1787456554.517,U',0,1,-,119.0,2123,3132,-15,2,0,1091,1090,-1,0,-1,675,674,-1,3,-7,3511,3509,-2,2,6,1249,1250,1,0,-1,1248,1250,2,0,-2
1787456554.653,U,0,1,-,119.0,3134,2119,9,1,-3,1091,1090,-1,0,-1,675,674,-1,3,-7,3512,3509,-3,2,6,1249,1250,1,0,-1,1248,1250,2,0,-2
1787456554.798,U',0,1,-,119.0,2123,3132,-15,2,0,1091,1090,-1,0,-1,675,674,-1,3,-7,3512,3509,-3,2,6,1249,1250,1,0,-1,1248,1250,2,0,-2
1787456554.932,U,0,1,-,119.0,3135,2119,8,1,-3,1091,1090,-1,0,-1,675,674,-1,3,-7,3512,3509,-3,2,6,1249,1250,1,0,-1,1248,1250,2,0,-2
1787456555.074,U',0,1,-,119.0,2123,3132,-15,2,0,1091,1090,-1,0,-1,675,674,-1,3,-7,3512,3510,-2,2,7,1250,1250,0,0,-1,1248,1250,2,0,-2
1787456555.210,U,0,1,-,119.0,3134,2118,8,1,-4,1091,1091,0,0,0,675,674,-1,3,-7,3512,3509,-3,2,6,1249,1250,1,0,-1,1248,1250,2,0,-2
1787456555.346,U',0,1,-,119.0,2123,3132,-15,2,0,1091,1090,-1,0,-1,675,674,-1,3,-7,3511,3510,-1,2,7,1249,1249,0,0,-2,1248,1250,2,0,-2
1787456555.483,U,0,1,-,119.0,3134,2119,9,1,-3,1091,1090,-1,0,-1,675,674,-1,3,-7,3512,3509,-3,2,6,1249,1250,1,0,-1,1248,1250,2,0,-2
1787456555.624,U',0,1,-,119.0,2123,3131,-16,2,-1,1091,1090,-1,0,-1,675,674,-1,3,-7,3512,3509,-3,2,6,1249,1250,1,0,-1,1248,1250,2,0,-2
1787456555.754,U,0,1,-,119.0,3134,2119,9,1,-3,1091,1090,-1,0,-1,675,674,-1,3,-7,3512,3509,-3,2,6,1249,1250,1,0,-1,1248,1250,2,0,-2
1787456555.898,U',0,1,-,119.0,2123,3132,-15,2,0,1091,1090,-1,0,-1,675,673,-2,3,-8,3512,3509,-3,2,6,1249,1250,1,0,-1,1248,1250,2,0,-2
1787456556.036,U,0,1,-,119.0,3134,2119,9,1,-3,1091,1090,-1,0,-1,675,674,-1,3,-7,3512,3509,-3,2,6,1249,1249,0,0,-2,1248,1250,2,0,-2
1787456556.173,U',0,1,-,119.0,2123,3132,-15,2,0,1091,1090,-1,0,-1,675,674,-1,3,-7,3512,3509,-3,2,6,1249,1250,1,0,-1,1248,1250,2,0,-2
1787456556.334,U,0,1,-,119.0,3135,2119,8,1,-3,1091,1090,-1,0,-1,675,674,-1,3,-7,3514,3509,-5,2,6,1249,1250,1,0,-1,1249,1250,1,0,-2
1787456556.472,U,0,1,-,119.0,2123,1098,-1,0,-4,1091,1090,-1,0,-1,675,674,-1,3,-7,3511,3509,-2,2,6,1250,1250,0,0,-1,1248,1249,1,0,-3
1787456556.606,U,0,1,-,119.0,1102,60,-18,3,-4,1091,1090,-1,0,-1,675,674,-1,3,-7,3512,3509,-3,2,6,1250,1250,0,0,-1,1248,1250,2,0,-2
1787456556.744,U,0,1,-,119.0,63,3131,-4,2,-1,1091,1090,-1,0,-1,675,674,-1,3,-7,3512,3509,-3,2,6,1249,1250,1,0,-1,1248,1250,2,0,-2
1787456556.881,U,0,1,-,119.0,3135,2119,8,1,-3,1091,1091,0,0,0,675,674,-1,3,-7,3512,3509,-3,2,6,1249,1250,1,0,-1,1248,1250,2,0,-2
1787456557.016,U,0,1,-,119.0,2123,1098,-1,0,-4,1090,1090,0,0,-1,675,674,-1,3,-7,3512,3509,-3,2,6,1250,1250,0,0,-1,1248,1250,2,0,-2
1787456557.149,U,0,1,-,119.0,1102,60,-18,3,-4,1091,1090,-1,0,-1,675,674,-1,3,-7,3512,3509,-3,2,6,1249,1250,1,0,-1,1248,1249,1,0,-3
1787456557.295,U,0,1,-,119.0,64,3131,-5,2,-1,1091,1090,-1,0,-1,675,674,-1,3,-7,3512,3509,-3,2,6,1249,1250,1,0,-1,1248,1250,2,0,-2
1787456557.433,U,0,1,-,119.0,3135,2118,7,1,-4,1091,1090,-1,0,-1,675,674,-1,3,-7,3511,3509,-2,2,6,1249,1250,1,0,-1,1248,1250,2,0,-2
1787456557.571,U,0,1,-,119.0,2123,1099,0,0,-3,1091,1091,0,0,0,675,674,-1,3,-7,3512,3509,-3,2,6,1249,1250,1,0,-1,1248,1250,2,0,-2
1787456557.709,U,0,1,-,119.0,1102,60,-18,3,-4,1091,1090,-1,0,-1,675,674,-1,3,-7,3511,3509,-2,2,6,1250,1250,0,0,-1,1248,1250,2,0,-2
1787456557.841,U,0,1,-,119.0,64,3131,-5,2,-1,1091,1090,-1,0,-1,675,674,-1,3,-7,3512,3509,-3,2,6,1250,1250,0,0,-1,1248,1250,2,0,-2
1787456557.983,U,0,1,-,119.0,3135,2119,8,1,-3,1091,1091,0,0,0,675,674,-1,3,-7,3512,3509,-3,2,6,1250,1249,-1,0,-2,1248,1250,2,0,-2
1787456558.122,U,0,1,-,119.0,2123,1099,0,0,-3,1091,1090,-1,0,-1,675,674,-1,3,-7,3512,3509,-3,2,6,1249,1250,1,0,-1,1248,1250,2,0,-2
1787456558.250,U,0,1,-,119.0,1102,60,-18,3,-4,1091,1091,0,0,0,675,674,-1,3,-7,3512,3510,-2,2,7,1249,1249,0,0,-2,1248,1250,2,0,-2
1787456558.396,U,0,1,-,119.0,64,3131,-5,2,-1,1091,1090,-1,0,-1,675,674,-1,3,-7,3512,3509,-3,2,6,1249,1250,1,0,-1,1248,1250,2,0,-2
1787456558.533,U,0,1,-,119.0,3134,2118,8,1,-4,1091,1090,-1,0,-1,675,674,-1,3,-7,3512,3509,-3,2,6,1249,1250,1,0,-1,1248,1250,2,0,-2
1787456558.668,U,0,1,-,119.0,2122,1099,1,0,-3,1091,1090,-1,0,-1,675,674,-1,3,-7,3512,3509,-3,2,6,1249,1250,1,0,-1,1248,1250,2,0,-2
1787456558.801,U,0,1,-,119.0,1102,60,-18,3,-4,1091,1090,-1,0,-1,675,674,-1,3,-7,3512,3509,-3,2,6,1249,1250,1,0,-1,1248,1249,1,0,-3
1787456558.945,U,0,1,-,119.0,64,3131,-5,2,-1,1091,1090,-1,0,-1,675,674,-1,3,-7,3512,3509,-3,2,6,1249,1250,1,0,-1,1248,1250,2,0,-2
1787456559.083,U,0,1,-,119.0,3135,2119,8,1,-3,1091,1090,-1,0,-1,675,674,-1,3,-7,3512,3509,-3,2,6,1249,1250,1,0,-1,1248,1250,2,0,-2
1787456559.217,U,0,1,-,119.0,2123,1099,0,0,-3,1091,1090,-1,0,-1,675,674,-1,3,-7,3512,3509,-3,2,6,1249,1250,1,0,-1,1248,1250,2,0,-2
1787456559.351,U,0,1,-,119.0,1102,60,-18,3,-4,1091,1090,-1,0,-1,675,674,-1,3,-7,3512,3509,-3,2,6,1249,1250,1,0,-1,1248,1250,2,0,-2
1787456559.490,U,0,1,-,119.0,65,3131,-6,2,-1,1091,1090,-1,0,-1,675,674,-1,3,-7,3512,3509,-3,2,6,1250,1250,0,0,-1,1248,1250,2,0,-2
1787456559.629,U,0,1,-,119.0,3135,2119,8,1,-3,1091,1090,-1,0,-1,675,674,-1,3,-7,3512,3509,-3,2,6,1249,1250,1,0,-1,1248,1250,2,0,-2
1787456559.770,U,0,1,-,119.0,2123,1099,0,0,-3,1091,1090,-1,0,-1,675,674,-1,3,-7,3512,3509,-3,2,6,1249,1250,1,0,-1,1248,1250,2,0,-2
1787456559.901,U,0,1,-,119.0,1102,60,-18,3,-4,1091,1090,-1,0,-1,675,674,-1,3,-7,3512,3509,-3,2,6,1249,1250,1,0,-1,1248,1250,2,0,-2
1787456560.045,U,0,1,-,119.0,64,3131,-5,2,-1,1091,1090,-1,0,-1,675,674,-1,3,-7,3512,3509,-3,2,6,1249,1250,1,0,-1,1248,1250,2,0,-2
1787456560.183,U,0,1,-,119.0,3135,2119,8,1,-3,1091,1090,-1,0,-1,675,674,-1,3,-7,3512,3509,-3,2,6,1249,1250,1,0,-1,1248,1250,2,0,-2
1787456560.321,U,0,1,-,119.0,2123,1099,0,0,-3,1091,1090,-1,0,-1,675,674,-1,3,-7,3512,3509,-3,2,6,1249,1250,1,0,-1,1248,1249,1,0,-3
1787456560.459,U,0,1,-,119.0,1102,60,-18,3,-4,1091,1090,-1,0,-1,675,674,-1,3,-7,3512,3509,-3,2,6,1250,1250,0,0,-1,1248,1250,2,0,-2
1787456560.596,U,0,1,-,119.0,64,3131,-5,2,-1,1091,1090,-1,0,-1,675,674,-1,3,-7,3512,3509,-3,2,6,1249,1250,1,0,-1,1248,1250,2,0,-2
1787456560.734,U,0,1,-,119.0,3135,2119,8,1,-3,1091,1090,-1,0,-1,675,674,-1,3,-7,3511,3509,-2,2,6,1250,1250,0,0,-1,1248,1250,2,0,-2
1787456560.867,U,0,1,-,119.0,2123,1099,0,0,-3,1091,1090,-1,0,-1,675,674,-1,3,-7,3512,3509,-3,2,6,1250,1250,0,0,-1,1248,1250,2,0,-2
1787456561.002,U,0,1,-,119.0,1102,60,-18,3,-4,1091,1090,-1,0,-1,675,674,-1,3,-7,3512,3509,-3,2,6,1249,1250,1,0,-1,1248,1250,2,0,-2
1787456561.145,U,0,1,-,119.0,64,3131,-5,2,-1,1091,1090,-1,0,-1,675,674,-1,3,-7,3512,3509,-3,2,6,1250,1250,0,0,-1,1248,1250,2,0,-2
1787456561.282,U,0,1,-,119.0,3136,2119,7,1,-3,1091,1090,-1,0,-1,675,674,-1,3,-7,3512,3509,-3,2,6,1249,1250,1,0,-1,1248,1249,1,0,-3
1787456561.414,U,0,1,-,119.0,2123,1099,0,0,-3,1091,1090,-1,0,-1,675,674,-1,3,-7,3512,3509,-3,2,6,1249,1250,1,0,-1,1248,1250,2,0,-2
1787456561.551,U,0,1,-,119.0,1102,60,-18,3,-4,1091,1090,-1,0,-1,675,674,-1,3,-7,3512,3509,-3,2,6,1249,1250,1,0,-1,1248,1250,2,0,-2
1787456561.686,U,0,1,-,119.0,65,3131,-6,2,-1,1091,1090,-1,0,-1,675,674,-1,3,-7,3512,3509,-3,2,6,1250,1250,0,0,-1,1248,1250,2,0,-2
1787456561.831,U,0,1,-,119.0,3135,2119,8,1,-3,1091,1090,-1,0,-1,675,674,-1,3,-7,3512,3509,-3,2,6,1249,1250,1,0,-1,1248,1250,2,0,-2
1787456561.970,U,0,1,-,119.0,2123,1099,0,0,-3,1091,1090,-1,0,-1,675,674,-1,3,-7,3512,3509,-3,2,6,1250,1250,0,0,-1,1248,1250,2,0,-2
1787456562.108,U,0,1,-,119.0,1103,60,-19,3,-4,1091,1090,-1,0,-1,675,674,-1,3,-7,3512,3509,-3,2,6,1249,1250,1,0,-1,1248,1250,2,0,-2
1787456562.246,U,0,1,-,119.0,65,3131,-6,2,-1,1091,1090,-1,0,-1,675,674,-1,3,-7,3512,3509,-3,2,6,1250,1250,0,0,-1,1248,1250,2,0,-2
1787456562.383,U,0,1,-,119.0,3135,2118,7,1,-4,1091,1090,-1,0,-1,675,674,-1,3,-7,3512,3509,-3,2,6,1249,1250,1,0,-1,1248,1250,2,0,-2
1787456562.516,U,0,1,-,119.0,2123,1099,0,0,-3,1091,1090,-1,0,-1,675,674,-1,3,-7,3512,3509,-3,2,6,1249,1250,1,0,-1,1248,1250,2,0,-2
1787456562.658,U,0,1,-,119.0,1103,60,-19,3,-4,1091,1090,-1,0,-1,675,674,-1,3,-7,3512,3509,-3,2,6,1249,1249,0,0,-2,1248,1250,2,0,-2
1787456562.795,U,0,1,-,119.0,65,3131,-6,2,-1,1091,1090,-1,0,-1,675,674,-1,3,-7,3512,3509,-3,2,6,1249,1250,1,0,-1,1248,1250,2,0,-2
1787456562.933,U,0,1,-,119.0,3135,2119,8,1,-3,1091,1090,-1,0,-1,675,674,-1,3,-7,3512,3509,-3,2,6,1249,1250,1,0,-1,1248,1250,2,0,-2
1787456563.068,U,0,1,-,119.0,2123,1099,0,0,-3,1091,1090,-1,0,-1,675,674,-1,3,-7,3512,3509,-3,2,6,1249,1249,0,0,-2,1248,1250,2,0,-2
1787456563.206,U,0,1,-,119.0,1102,60,-18,3,-4,1091,1090,-1,0,-1,675,674,-1,3,-7,3511,3509,-2,2,6,1250,1250,0,0,-1,1248,1250,2,0,-2
1787456563.342,U,0,1,-,119.0,64,3131,-5,2,-1,1091,1090,-1,0,-1,675,674,-1,3,-7,3512,3509,-3,2,6,1249,1250,1,0,-1,1248,1250,2,0,-2
1787456563.483,U,0,1,-,119.0,3135,2119,8,1,-3,1091,1090,-1,0,-1,675,674,-1,3,-7,3512,3510,-2,2,7,1249,1250,1,0,-1,1248,1250,2,0,-2
1787456563.617,U,0,1,-,119.0,2123,1099,0,0,-3,1091,1090,-1,0,-1,675,674,-1,3,-7,3512,3509,-3,2,6,1249,1250,1,0,-1,1248,1250,2,0,-2
1787456563.754,U,0,1,-,119.0,1103,60,-19,3,-4,1091,1090,-1,0,-1,675,674,-1,3,-7,3512,3509,-3,2,6,1249,1250,1,0,-1,1248,1250,2,0,-2
1787456563.883,U,0,1,-,119.0,64,3131,-5,2,-1,1091,1090,-1,0,-1,675,674,-1,3,-7,3512,3509,-3,2,6,1249,1250,1,0,-1,1248,1250,2,0,-2
1787456564.033,U,0,1,-,119.0,3135,2119,8,1,-3,1091,1090,-1,0,-1,675,674,-1,3,-7,3512,3510,-2,2,7,1249,1250,1,0,-1,1248,1250,2,0,-2
1787456564.168,U,0,1,-,119.0,2123,1099,0,0,-3,1091,1090,-1,0,-1,675,674,-1,3,-7,3512,3510,-2,2,7,1250,1250,0,0,-1,1248,1250,2,0,-2
1787456564.307,U,0,1,-,119.0,1103,60,-19,3,-4,1091,1090,-1,0,-1,675,674,-1,3,-7,3512,3509,-3,2,6,1249,1250,1,0,-1,1248,1250,2,0,-2
1787456564.442,U,0,1,-,119.0,65,3131,-6,2,-1,1091,1090,-1,0,-1,675,674,-1,3,-7,3512,3509,-3,2,6,1249,1250,1,0,-1,1248,1250,2,0,-2
1787456564.583,U,0,1,-,119.0,3135,2119,8,1,-3,1091,1090,-1,0,-1,675,674,-1,3,-7,3512,3509,-3,2,6,1249,1250,1,0,-1,1248,1250,2,0,-2
1787456564.717,U,0,1,-,119.0,2123,1099,0,0,-3,1091,1091,0,0,0,675,674,-1,3,-7,3512,3509,-3,2,6,1250,1250,0,0,-1,1248,1250,2,0,-2
1787456564.859,U,0,1,-,119.0,1102,60,-18,3,-4,1091,1090,-1,0,-1,675,674,-1,3,-7,3512,3509,-3,2,6,1249,1250,1,0,-1,1248,1250,2,0,-2
1787456564.996,U,0,1,-,119.0,65,3131,-6,2,-1,1091,1090,-1,0,-1,675,674,-1,3,-7,3512,3509,-3,2,6,1249,1250,1,0,-1,1248,1250,2,0,-2
1787456565.133,U,0,1,-,119.0,3135,2119,8,1,-3,1091,1090,-1,0,-1,675,674,-1,3,-7,3512,3510,-2,2,7,1249,1249,0,0,-2,1248,1250,2,0,-2
1787456565.268,U,0,1,-,119.0,2123,1099,0,0,-3,1091,1090,-1,0,-1,675,674,-1,3,-7,3512,3509,-3,2,6,1249,1249,0,0,-2,1248,1250,2,0,-2
1787456565.408,U,0,1,-,119.0,1103,60,-19,3,-4,1091,1090,-1,0,-1,675,674,-1,3,-7,3512,3509,-3,2,6,1249,1250,1,0,-1,1248,1250,2,0,-2
1787456565.546,U,0,1,-,119.0,65,3131,-6,2,-1,1091,1090,-1,0,-1,675,674,-1,3,-7,3512,3510,-2,2,7,1249,1250,1,0,-1,1248,1250,2,0,-2
1787456565.683,U,0,1,-,119.0,3135,2119,8,1,-3,1091,1090,-1,0,-1,675,674,-1,3,-7,3512,3509,-3,2,6,1249,1250,1,0,-1,1248,1250,2,0,-2
1787456565.816,U,0,1,-,119.0,2123,1099,0,0,-3,1091,1090,-1,0,-1,675,674,-1,3,-7,3512,3509,-3,2,6,1250,1250,0,0,-1,1248,1250,2,0,-2
1787456565.958,U,0,1,-,119.0,1103,60,-19,3,-4,1091,1090,-1,0,-1,675,674,-1,3,-7,3512,3509,-3,2,6,1249,1250,1,0,-1,1248,1250,2,0,-2
1787456566.092,U,0,1,-,119.0,64,3131,-5,2,-1,1091,1090,-1,0,-1,675,673,-2,3,-8,3512,3509,-3,2,6,1249,1250,1,0,-1,1248,1250,2,0,-2
1787456566.231,U,0,1,-,119.0,3135,2119,8,1,-3,1091,1090,-1,0,-1,675,673,-2,3,-8,3512,3509,-3,2,6,1249,1250,1,0,-1,1248,1250,2,0,-2
1787456566.365,U,0,1,-,119.0,2123,1099,0,0,-3,1091,1090,-1,0,-1,675,674,-1,3,-7,3511,3509,-2,2,6,1250,1250,0,0,-1,1248,1250,2,0,-2
1787456566.502,U,0,1,-,119.0,1103,60,-19,3,-4,1091,1091,0,0,0,675,674,-1,3,-7,3512,3509,-3,2,6,1249,1250,1,0,-1,1248,1250,2,0,-2
1787456566.636,U,0,1,-,119.0,64,3131,-5,2,-1,1091,1090,-1,0,-1,675,674,-1,3,-7,3512,3509,-3,2,6,1249,1250,1,0,-1,1248,1250,2,0,-2
1787456566.780,U,0,1,-,119.0,3135,2119,8,1,-3,1091,1090,-1,0,-1,675,674,-1,3,-7,3512,3509,-3,2,6,1249,1250,1,0,-1,1248,1250,2,0,-2
1787456566.920,U,0,1,-,119.0,2123,1099,0,0,-3,1091,1090,-1,0,-1,675,674,-1,3,-7,3512,3509,-3,2,6,1249,1250,1,0,-1,1248,1250,2,0,-2
1787456567.057,U,0,1,-,119.0,1103,60,-19,3,-4,1091,1090,-1,0,-1,675,674,-1,3,-7,3512,3509,-3,2,6,1249,1250,1,0,-1,1248,1250,2,0,-2
1787456567.193,U,0,1,-,119.0,64,3131,-5,2,-1,1091,1090,-1,0,-1,675,674,-1,3,-7,3511,3509,-2,2,6,1249,1250,1,0,-1,1248,1250,2,0,-2
1787456567.333,U,0,1,-,119.0,3135,2119,8,1,-3,1091,1090,-1,0,-1,675,674,-1,3,-7,3512,3509,-3,2,6,1249,1250,1,0,-1,1248,1250,2,0,-2
1787456567.470,U,0,1,-,119.0,2123,1099,0,0,-3,1091,1090,-1,0,-1,675,674,-1,3,-7,3512,3509,-3,2,6,1249,1249,0,0,-2,1248,1250,2,0,-2
1787456567.608,U,0,1,-,119.0,1103,60,-19,3,-4,1091,1090,-1,0,-1,675,674,-1,3,-7,3512,3509,-3,2,6,1250,1250,0,0,-1,1248,1250,2,0,-2
1787456567.745,U,0,1,-,119.0,65,3131,-6,2,-1,1091,1090,-1,0,-1,675,674,-1,3,-7,3512,3509,-3,2,6,1249,1250,1,0,-1,1248,1250,2,0,-2
1787456567.883,U,0,1,-,119.0,3135,2119,8,1,-3,1091,1090,-1,0,-1,675,674,-1,3,-7,3512,3509,-3,2,6,1249,1250,1,0,-1,1248,1250,2,0,-2
1787456568.018,U,0,1,-,119.0,2123,1099,0,0,-3,1091,1091,0,0,0,675,674,-1,3,-7,3511,3509,-2,2,6,1250,1250,0,0,-1,1248,1250,2,0,-2
1787456568.154,U,0,1,-,119.0,1103,60,-19,3,-4,1091,1090,-1,0,-1,675,674,-1,3,-7,3512,3509,-3,2,6,1250,1250,0,0,-1,1248,1250,2,0,-2
1787456568.291,U,0,1,-,119.0,64,3132,-4,2,0,1091,1090,-1,0,-1,675,674,-1,3,-7,3512,3509,-3,2,6,1250,1250,0,0,-1,1248,1250,2,0,-2
1787456568.433,U,0,1,-,119.0,3135,2119,8,1,-3,1091,1090,-1,0,-1,675,674,-1,3,-7,3512,3509,-3,2,6,1249,1250,1,0,-1,1248,1250,2,0,-2
1787456568.565,U,0,1,-,119.0,2123,1099,0,0,-3,1091,1090,-1,0,-1,675,674,-1,3,-7,3512,3509,-3,2,6,1249,1250,1,0,-1,1248,1250,2,0,-2
1787456568.698,U,0,1,-,119.0,1102,60,-18,3,-4,1091,1090,-1,0,-1,675,674,-1,3,-7,3512,3509,-3,2,6,1249,1250,1,0,-1,1248,1250,2,0,-2
1787456568.845,U,0,1,-,119.0,65,3131,-6,2,-1,1091,1090,-1,0,-1,675,674,-1,3,-7,3512,3509,-3,2,6,1249,1250,1,0,-1,1248,1250,2,0,-2
1787456568.981,U,0,1,-,119.0,3135,2119,8,1,-3,1091,1090,-1,0,-1,675,674,-1,3,-7,3512,3509,-3,2,6,1249,1250,1,0,-1,1248,1250,2,0,-2
1787456569.121,U,0,1,-,119.0,2123,1099,0,0,-3,1091,1090,-1,0,-1,675,674,-1,3,-7,3512,3509,-3,2,6,1249,1250,1,0,-1,1248,1250,2,0,-2
1787456569.258,U,0,1,-,119.0,1102,60,-18,3,-4,1091,1090,-1,0,-1,675,674,-1,3,-7,3511,3509,-2,2,6,1249,1250,1,0,-1,1248,1250,2,0,-2
1787456569.395,U,0,1,-,119.0,64,3131,-5,2,-1,1091,1090,-1,0,-1,675,674,-1,3,-7,3512,3509,-3,2,6,1249,1250,1,0,-1,1248,1250,2,0,-2
1787456569.533,U,0,1,-,119.0,3135,2118,7,1,-4,1091,1090,-1,0,-1,675,674,-1,3,-7,3512,3509,-3,2,6,1250,1250,0,0,-1,1248,1250,2,0,-2
1787456569.669,U,0,1,-,119.0,2123,1099,0,0,-3,1091,1090,-1,0,-1,675,673,-2,3,-8,3512,3509,-3,2,6,1249,1250,1,0,-1,1248,1250,2,0,-2
1787456569.808,U,0,1,-,119.0,1102,60,-18,3,-4,1091,1090,-1,0,-1,675,674,-1,3,-7,3512,3509,-3,2,6,1250,1250,0,0,-1,1248,1250,2,0,-2
1787456569.945,U,0,1,-,119.0,64,3131,-5,2,-1,1091,1090,-1,0,-1,675,674,-1,3,-7,3512,3509,-3,2,6,1249,1250,1,0,-1,1248,1250,2,0,-2
1787456570.083,U,0,1,-,119.0,3135,2119,8,1,-3,1091,1090,-1,0,-1,675,674,-1,3,-7,3512,3509,-3,2,6,1249,1250,1,0,-1,1248,1250,2,0,-2
1787456570.220,U,0,1,-,119.0,2123,1099,0,0,-3,1091,1090,-1,0,-1,675,674,-1,3,-7,3512,3509,-3,2,6,1249,1250,1,0,-1,1248,1250,2,0,-2
1787456570.357,U,0,1,-,119.0,1103,60,-19,3,-4,1091,1090,-1,0,-1,675,674,-1,3,-7,3512,3509,-3,2,6,1249,1250,1,0,-1,1248,1250,2,0,-2
1787456570.495,U,0,1,-,119.0,64,3131,-5,2,-1,1091,1091,0,0,0,675,674,-1,3,-7,3511,3509,-2,2,6,1249,1250,1,0,-1,1248,1250,2,0,-2
1787456570.632,U,0,1,-,119.0,3135,2119,8,1,-3,1091,1090,-1,0,-1,675,674,-1,3,-7,3512,3509,-3,2,6,1250,1250,0,0,-1,1248,1250,2,0,-2
1787456570.769,U,0,1,-,119.0,2123,1099,0,0,-3,1091,1090,-1,0,-1,675,674,-1,3,-7,3512,3509,-3,2,6,1250,1250,0,0,-1,1248,1250,2,0,-2
1787456570.907,U,0,1,-,119.0,1102,60,-18,3,-4,1091,1090,-1,0,-1,675,674,-1,3,-7,3512,3509,-3,2,6,1249,1250,1,0,-1,1248,1250,2,0,-2
1787456571.045,U,0,1,-,119.0,65,3131,-6,2,-1,1091,1090,-1,0,-1,675,674,-1,3,-7,3512,3509,-3,2,6,1250,1250,0,0,-1,1248,1250,2,0,-2
1787456571.181,U,0,1,-,119.0,3135,2119,8,1,-3,1091,1090,-1,0,-1,675,674,-1,3,-7,3512,3509,-3,2,6,1249,1250,1,0,-1,1248,1250,2,0,-2
1787456571.320,U,0,1,-,119.0,2123,1098,-1,0,-4,1091,1090,-1,0,-1,675,674,-1,3,-7,3512,3509,-3,2,6,1249,1250,1,0,-1,1248,1250,2,0,-2
1787456571.457,U,0,1,-,119.0,1102,60,-18,3,-4,1091,1090,-1,0,-1,675,674,-1,3,-7,3512,3509,-3,2,6,1249,1250,1,0,-1,1248,1250,2,0,-2
1787456571.596,U,0,1,-,119.0,64,3131,-5,2,-1,1091,1090,-1,0,-1,675,674,-1,3,-7,3512,3509,-3,2,6,1249,1250,1,0,-1,1248,1250,2,0,-2
1787456571.733,U,0,1,-,119.0,3135,2119,8,1,-3,1091,1090,-1,0,-1,675,674,-1,3,-7,3511,3509,-2,2,6,1250,1249,-1,0,-2,1248,1250,2,0,-2
1787456571.870,U,0,1,-,119.0,2123,1099,0,0,-3,1091,1090,-1,0,-1,675,674,-1,3,-7,3511,3509,-2,2,6,1249,1250,1,0,-1,1248,1250,2,0,-2
1787456572.007,U,0,1,-,119.0,1102,60,-18,3,-4,1091,1090,-1,0,-1,675,674,-1,3,-7,3512,3509,-3,2,6,1249,1250,1,0,-1,1248,1250,2,0,-2
1787456572.140,U,0,1,-,119.0,65,3131,-6,2,-1,1091,1090,-1,0,-1,675,673,-2,3,-8,3512,3509,-3,2,6,1249,1250,1,0,-1,1248,1250,2,0,-2
1787456572.283,U,0,1,-,119.0,3135,2119,8,1,-3,1091,1090,-1,0,-1,675,674,-1,3,-7,3512,3509,-3,2,6,1249,1250,1,0,-1,1248,1250,2,0,-2
1787456572.420,U,0,1,-,119.0,2123,1098,-1,0,-4,1091,1090,-1,0,-1,675,674,-1,3,-7,3512,3510,-2,2,7,1249,1250,1,0,-1,1248,1250,2,0,-2
1787456572.557,U,0,1,-,119.0,1102,60,-18,3,-4,1091,1091,0,0,0,675,674,-1,3,-7,3511,3509,-2,2,6,1249,1250,1,0,-1,1248,1250,2,0,-2
1787456572.695,U,0,1,-,119.0,64,3131,-5,2,-1,1091,1090,-1,0,-1,675,674,-1,3,-7,3512,3509,-3,2,6,1250,1250,0,0,-1,1248,1250,2,0,-2
1787456572.833,U,0,1,-,119.0,3135,2119,8,1,-3,1091,1090,-1,0,-1,675,674,-1,3,-7,3512,3509,-3,2,6,1249,1250,1,0,-1,1248,1250,2,0,-2
1787456572.969,U,0,1,-,119.0,2123,1099,0,0,-3,1091,1091,0,0,0,675,674,-1,3,-7,3512,3509,-3,2,6,1249,1250,1,0,-1,1248,1250,2,0,-2
1787456573.106,U,0,1,-,119.0,1102,60,-18,3,-4,1091,1090,-1,0,-1,675,674,-1,3,-7,3512,3509,-3,2,6,1249,1250,1,0,-1,1248,1250,2,0,-2
1787456573.245,U,0,1,-,119.0,65,3131,-6,2,-1,1091,1090,-1,0,-1,675,674,-1,3,-7,3511,3509,-2,2,6,1249,1250,1,0,-1,1248,1250,2,0,-2
1787456573.382,U,0,1,-,119.0,3135,2119,8,1,-3,1091,1090,-1,0,-1,675,674,-1,3,-7,3512,3509,-3,2,6,1249,1250,1,0,-1,1248,1250,2,0,-2
1787456573.520,U,0,1,-,119.0,2123,1099,0,0,-3,1091,1090,-1,0,-1,675,674,-1,3,-7,3512,3510,-2,2,7,1249,1250,1,0,-1,1248,1250,2,0,-2
1787456573.654,U,0,1,-,119.0,1103,60,-19,3,-4,1091,1090,-1,0,-1,675,674,-1,3,-7,3511,3509,-2,2,6,1249,1250,1,0,-1,1248,1250,2,0,-2
1787456573.795,U,0,1,-,119.0,64,3131,-5,2,-1,1091,1090,-1,0,-1,675,674,-1,3,-7,3512,3509,-3,2,6,1249,1250,1,0,-1,1248,1250,2,0,-2
1787456573.931,U,0,1,-,119.0,3135,2118,7,1,-4,1091,1090,-1,0,-1,675,674,-1,3,-7,3511,3509,-2,2,6,1250,1250,0,0,-1,1248,1250,2,0,-2
1787456574.064,U,0,1,-,119.0,2123,1099,0,0,-3,1091,1090,-1,0,-1,675,674,-1,3,-7,3512,3509,-3,2,6,1249,1250,1,0,-1,1248,1250,2,0,-2
1787456574.206,U,0,1,-,119.0,1102,60,-18,3,-4,1091,1090,-1,0,-1,675,674,-1,3,-7,3511,3509,-2,2,6,1249,1250,1,0,-1,1248,1250,2,0,-2
1787456574.345,U,0,1,-,119.0,64,3131,-5,2,-1,1091,1090,-1,0,-1,675,674,-1,3,-7,3511,3509,-2,2,6,1249,1250,1,0,-1,1248,1250,2,0,-2
1787456574.482,U,0,1,-,119.0,3135,2119,8,1,-3,1091,1090,-1,0,-1,675,674,-1,3,-7,3511,3509,-2,2,6,1249,1250,1,0,-1,1248,1250,2,0,-2
1787456574.620,U,0,1,-,119.0,2123,1099,0,0,-3,1091,1090,-1,0,-1,675,674,-1,3,-7,3512,3509,-3,2,6,1249,1250,1,0,-1,1248,1250,2,0,-2
1787456574.757,U,0,1,-,119.0,1102,60,-18,3,-4,1091,1090,-1,0,-1,675,674,-1,3,-7,3512,3509,-3,2,6,1249,1250,1,0,-1,1248,1250,2,0,-2
1787456574.894,U,0,1,-,119.0,64,3132,-4,2,0,1091,1090,-1,0,-1,675,674,-1,3,-7,3512,3509,-3,2,6,1249,1249,0,0,-2,1248,1250,2,0,-2
1787456575.033,U,0,1,-,119.0,3135,2118,7,1,-4,1091,1090,-1,0,-1,675,674,-1,3,-7,3511,3509,-2,2,6,1249,1250,1,0,-1,1248,1250,2,0,-2
1787456575.169,U,0,1,-,119.0,2123,1099,0,0,-3,1091,1090,-1,0,-1,675,674,-1,3,-7,3512,3509,-3,2,6,1249,1250,1,0,-1,1248,1250,2,0,-2
1787456575.307,U,0,1,-,119.0,1102,60,-18,3,-4,1091,1090,-1,0,-1,675,674,-1,3,-7,3512,3509,-3,2,6,1250,1249,-1,0,-2,1248,1250,2,0,-2
1787456575.443,U,0,1,-,119.0,65,3132,-5,2,0,1091,1090,-1,0,-1,675,674,-1,3,-7,3512,3509,-3,2,6,1249,1250,1,0,-1,1248,1250,2,0,-2
1787456575.582,U,0,1,-,119.0,3135,2119,8,1,-3,1091,1090,-1,0,-1,675,673,-2,3,-8,3512,3509,-3,2,6,1249,1250,1,0,-1,1248,1250,2,0,-2
1787456575.715,U,0,1,-,119.0,2123,1099,0,0,-3,1091,1091,0,0,0,675,674,-1,3,-7,3512,3509,-3,2,6,1250,1250,0,0,-1,1248,1250,2,0,-2
1787456575.857,U,0,1,-,119.0,1103,60,-19,3,-4,1091,1090,-1,0,-1,675,674,-1,3,-7,3512,3509,-3,2,6,1250,1250,0,0,-1,1248,1250,2,0,-2
1787456575.995,U,0,1,-,119.0,65,3131,-6,2,-1,1091,1090,-1,0,-1,675,673,-2,3,-8,3512,3510,-2,2,7,1250,1249,-1,0,-2,1248,1250,2,0,-2
1787456576.131,U,0,1,-,119.0,3135,2119,8,1,-3,1091,1090,-1,0,-1,675,674,-1,3,-7,3512,3509,-3,2,6,1250,1250,0,0,-1,1248,1250,2,0,-2
1787456576.269,U,0,1,-,119.0,2123,1099,0,0,-3,1091,1090,-1,0,-1,675,674,-1,3,-7,3512,3509,-3,2,6,1249,1250,1,0,-1,1248,1250,2,0,-2
1787456576.407,U,0,1,-,119.0,1103,60,-19,3,-4,1091,1090,-1,0,-1,675,674,-1,3,-7,3511,3509,-2,2,6,1249,1250,1,0,-1,1248,1250,2,0,-2
1787456576.544,U,0,1,-,119.0,65,3131,-6,2,-1,1091,1090,-1,0,-1,675,674,-1,3,-7,3512,3509,-3,2,6,1249,1249,0,0,-2,1248,1250,2,0,-2
1787456576.682,U,0,1,-,119.0,3135,2119,8,1,-3,1091,1090,-1,0,-1,675,673,-2,3,-8,3511,3509,-2,2,6,1249,1250,1,0,-1,1248,1250,2,0,-2
1787456576.820,U,0,1,-,119.0,2123,1099,0,0,-3,1091,1090,-1,0,-1,675,674,-1,3,-7,3512,3509,-3,2,6,1250,1249,-1,0,-2,1248,1250,2,0,-2
1787456576.958,U,0,1,-,119.0,1103,60,-19,3,-4,1091,1090,-1,0,-1,675,674,-1,3,-7,3512,3509,-3,2,6,1249,1249,0,0,-2,1248,1250,2,0,-2
1787456577.094,U,0,1,-,119.0,65,3131,-6,2,-1,1091,1090,-1,0,-1,675,674,-1,3,-7,3512,3510,-2,2,7,1249,1250,1,0,-1,1248,1250,2,0,-2
1787456577.235,U,0,1,-,119.0,3135,2119,8,1,-3,1091,1090,-1,0,-1,675,674,-1,3,-7,3512,3509,-3,2,6,1249,1250,1,0,-1,1248,1250,2,0,-2
1787456577.370,U,0,1,-,119.0,2124,1099,-1,0,-3,1091,1090,-1,0,-1,675,674,-1,3,-7,3512,3509,-3,2,6,1249,1250,1,0,-1,1248,1250,2,0,-2
1787456577.507,U,0,1,-,119.0,1104,60,-20,3,-4,1091,1090,-1,0,-1,675,674,-1,3,-7,3512,3509,-3,2,6,1249,1250,1,0,-1,1248,1250,2,0,-2
1787456577.644,U,0,1,-,119.0,65,3131,-6,2,-1,1091,1090,-1,0,-1,675,674,-1,3,-7,3511,3509,-2,2,6,1250,1250,0,0,-1,1248,1250,2,0,-2
1787456577.782,U,0,1,-,119.0,3137,2119,6,1,-3,1091,1090,-1,0,-1,675,674,-1,3,-7,3512,3509,-3,2,6,1249,1250,1,0,-1,1248,1250,2,0,-2
1787456577.920,U,0,1,-,119.0,2129,1098,-7,0,-4,1091,1090,-1,0,-1,675,674,-1,3,-7,3511,3509,-2,2,6,1249,1250,1,0,-1,1248,1250,2,0,-2
1787456578.056,U,0,1,-,119.0,1104,60,-20,3,-4,1091,1090,-1,0,-1,675,674,-1,3,-7,3512,3509,-3,2,6,1249,1250,1,0,-1,1248,1250,2,0,-2
1787456578.183,U,0,1,-,119.0,68,3132,-8,2,0,1091,1090,-1,0,-1,675,674,-1,3,-7,3512,3510,-2,2,7,1249,1250,1,0,-1,1248,1250,2,0,-2
1787456578.332,U,0,1,-,119.0,3139,2119,4,1,-3,1091,1090,-1,0,-1,675,674,-1,3,-7,3511,3509,-2,2,6,1249,1250,1,0,-1,1248,1250,2,0,-2
1787456578.520,U,0,0,0,119.0,2154,1182,52,0,80,1091,1090,-1,0,-1,675,674,-1,3,-7,3512,3510,-2,2,7,1249,1250,1,0,-1,1248,1250,2,0,-2
1787456578.654,U,0,1,-,119.0,1106,61,-21,3,-3,1090,1090,0,0,-1,674,674,0,3,-7,3511,3510,-1,2,7,1250,1250,0,0,-1,1249,1249,0,0,-3
1787456578.793,U,0,1,-,119.0,74,3132,-14,2,0,1091,1090,-1,0,-1,675,674,-1,3,-7,3512,3509,-3,2,6,1250,1250,0,0,-1,1248,1250,2,0,-2
1787456578.929,U,0,1,-,119.0,3138,2119,5,1,-3,1091,1090,-1,0,-1,675,674,-1,3,-7,3512,3509,-3,2,6,1249,1250,1,0,-1,1248,1250,2,0,-2
1787456579.066,U,0,1,-,119.0,2126,1099,-3,0,-3,1091,1090,-1,0,-1,675,674,-1,3,-7,3512,3510,-2,2,7,1249,1250,1,0,-1,1248,1250,2,0,-2
1787456579.204,U,0,1,-,119.0,1105,60,-21,3,-4,1091,1090,-1,0,-1,675,674,-1,3,-7,3512,3509,-3,2,6,1249,1250,1,0,-1,1248,1250,2,0,-2
1787456579.342,U,0,1,-,119.0,70,3132,-10,2,0,1091,1090,-1,0,-1,675,674,-1,3,-7,3512,3510,-2,2,7,1250,1250,0,0,-1,1248,1250,2,0,-2
1787456579.479,U,0,1,-,119.0,3144,2119,-1,1,-3,1091,1090,-1,0,-1,675,674,-1,3,-7,3512,3509,-3,2,6,1250,1250,0,0,-1,1248,1250,2,0,-2
1787456579.666,U,0,0,0,119.0,2149,1182,57,0,80,1091,1090,-1,0,-1,675,674,-1,3,-7,3512,3509,-3,2,6,1249,1250,1,0,-1,1248,1250,2,0,-2
1787456579.898,U,0,0,0,119.0,1107,145,62,3,81,1090,1090,0,0,-1,674,674,0,3,-7,3511,3510,-1,2,7,1250,1250,0,0,-1,1250,1250,0,0,-2
1787456580.084,U,0,0,0,119.0,69,3213,72,2,81,1090,1090,0,0,-1,674,674,0,3,-7,3510,3510,0,2,7,1250,1250,0,0,-1,1250,1250,0,0,-2
1787456580.220,U,0,1,-,119.0,3138,2119,5,1,-3,1090,1090,0,0,-1,674,674,0,3,-7,3510,3510,0,2,7,1250,1249,-1,0,-2,1250,1250,0,0,-2
1787456580.357,U,0,1,-,119.0,2124,1099,-1,0,-3,1091,1090,-1,0,-1,675,674,-1,3,-7,3512,3509,-3,2,6,1249,1250,1,0,-1,1248,1250,2,0,-2
1787456580.495,U,0,1,-,119.0,1104,60,-20,3,-4,1091,1090,-1,0,-1,675,673,-2,3,-8,3512,3509,-3,2,6,1249,1250,1,0,-1,1248,1250,2,0,-2
1787456580.632,U,0,1,-,119.0,65,3131,-6,2,-1,1091,1090,-1,0,-1,675,674,-1,3,-7,3511,3509,-2,2,6,1249,1250,1,0,-1,1248,1250,2,0,-2
1787456580.769,U,0,1,-,119.0,3135,2119,8,1,-3,1091,1090,-1,0,-1,675,674,-1,3,-7,3512,3509,-3,2,6,1250,1250,0,0,-1,1248,1250,2,0,-2
1787456580.904,U,0,1,-,119.0,2123,1099,0,0,-3,1091,1090,-1,0,-1,675,674,-1,3,-7,3512,3509,-3,2,6,1249,1250,1,0,-1,1248,1250,2,0,-2
1787456581.043,U,0,1,-,119.0,1103,60,-19,3,-4,1091,1091,0,0,0,675,674,-1,3,-7,3512,3510,-2,2,7,1249,1250,1,0,-1,1248,1250,2,0,-2
1787456581.182,U,0,1,-,119.0,64,3131,-5,2,-1,1091,1090,-1,0,-1,675,674,-1,3,-7,3512,3509,-3,2,6,1249,1250,1,0,-1,1248,1250,2,0,-2
1787456581.324,U,0,1,-,119.0,3135,2119,8,1,-3,1091,1090,-1,0,-1,675,674,-1,3,-7,3512,3509,-3,2,6,1249,1249,0,0,-2,1248,1250,2,0,-2
1787456581.456,U,0,1,-,119.0,2123,1099,0,0,-3,1091,1090,-1,0,-1,675,674,-1,3,-7,3512,3509,-3,2,6,1249,1250,1,0,-1,1248,1250,2,0,-2
1787456581.594,U,0,1,-,119.0,1103,60,-19,3,-4,1091,1090,-1,0,-1,675,674,-1,3,-7,3512,3509,-3,2,6,1249,1250,1,0,-1,1248,1250,2,0,-2
1787456581.732,U,0,1,-,119.0,65,3131,-6,2,-1,1091,1090,-1,0,-1,675,674,-1,3,-7,3512,3509,-3,2,6,1250,1250,0,0,-1,1248,1250,2,0,-2
1787456581.870,U,0,1,-,119.0,3136,2119,7,1,-3,1091,1090,-1,0,-1,675,674,-1,3,-7,3512,3509,-3,2,6,1250,1250,0,0,-1,1248,1250,2,0,-2
1787456582.006,U,0,1,-,119.0,2125,1099,-2,0,-3,1091,1090,-1,0,-1,675,674,-1,3,-7,3511,3509,-2,2,6,1249,1250,1,0,-1,1248,1250,2,0,-2
1787456582.143,U,0,1,-,119.0,1103,60,-19,3,-4,1091,1090,-1,0,-1,675,674,-1,3,-7,3511,3509,-2,2,6,1249,1250,1,0,-1,1248,1250,2,0,-2
1787456582.282,U,0,1,-,119.0,64,3131,-5,2,-1,1091,1090,-1,0,-1,675,674,-1,3,-7,3511,3509,-2,2,6,1249,1250,1,0,-1,1248,1250,2,0,-2
1787456582.419,U,0,1,-,119.0,3135,2119,8,1,-3,1091,1090,-1,0,-1,675,674,-1,3,-7,3512,3509,-3,2,6,1249,1250,1,0,-1,1248,1250,2,0,-2
1787456582.557,U,0,1,-,119.0,2123,1099,0,0,-3,1091,1090,-1,0,-1,675,674,-1,3,-7,3512,3509,-3,2,6,1250,1250,0,0,-1,1248,1250,2,0,-2
1787456582.694,U,0,1,-,119.0,1103,60,-19,3,-4,1091,1090,-1,0,-1,675,674,-1,3,-7,3512,3509,-3,2,6,1249,1250,1,0,-1,1248,1250,2,0,-2
1787456582.832,U,0,1,-,119.0,64,3131,-5,2,-1,1091,1090,-1,0,-1,675,674,-1,3,-7,3511,3510,-1,2,7,1250,1250,0,0,-1,1248,1250,2,0,-2
1787456582.968,U,0,1,-,119.0,3136,2119,7,1,-3,1091,1090,-1,0,-1,675,674,-1,3,-7,3512,3509,-3,2,6,1249,1250,1,0,-1,1248,1250,2,0,-2
1787456583.106,U,0,1,-,119.0,2123,1099,0,0,-3,1091,1090,-1,0,-1,675,674,-1,3,-7,3511,3509,-2,2,6,1249,1250,1,0,-1,1248,1250,2,0,-2
1787456583.244,U,0,1,-,119.0,1103,60,-19,3,-4,1091,1090,-1,0,-1,675,674,-1,3,-7,3512,3509,-3,2,6,1249,1250,1,0,-1,1248,1250,2,0,-2
1787456583.382,U,0,1,-,119.0,65,3131,-6,2,-1,1091,1090,-1,0,-1,675,674,-1,3,-7,3512,3510,-2,2,7,1250,1250,0,0,-1,1248,1250,2,0,-2
1787456583.517,U,0,1,-,119.0,3135,2119,8,1,-3,1091,1090,-1,0,-1,675,674,-1,3,-7,3512,3509,-3,2,6,1250,1250,0,0,-1,1248,1250,2,0,-2
1787456583.657,U,0,1,-,119.0,2123,1099,0,0,-3,1091,1090,-1,0,-1,675,674,-1,3,-7,3512,3509,-3,2,6,1249,1249,0,0,-2,1248,1250,2,0,-2
1787456583.782,U,0,1,-,119.0,1102,60,-18,3,-4,1091,1090,-1,0,-1,675,674,-1,3,-7,3512,3509,-3,2,6,1249,1250,1,0,-1,1248,1250,2,0,-2
1787456583.931,U,0,1,-,119.0,64,3131,-5,2,-1,1091,1090,-1,0,-1,675,674,-1,3,-7,3512,3509,-3,2,6,1249,1250,1,0,-1,1248,1250,2,0,-2
1787456584.072,U',0,1,-,119.0,3134,61,-1,3,-3,1091,1090,-1,0,-1,675,674,-1,3,-7,3513,3509,-4,2,6,1249,1250,1,0,-1,1249,1250,1,0,-2
1787456584.208,U',0,1,-,119.0,64,1099,11,0,-3,1091,1090,-1,0,-1,675,674,-1,3,-7,3511,3509,-2,2,6,1249,1250,1,0,-1,1248,1250,2,0,-2
1787456584.347,U',0,1,-,119.0,1102,2119,-7,1,-3,1091,1090,-1,0,-1,675,674,-1,3,-7,3512,3509,-3,2,6,1249,1250,1,0,-1,1248,1250,2,0,-2
1787456584.484,U',0,1,-,119.0,2122,3132,-14,2,0,1091,1090,-1,0,-1,675,674,-1,3,-7,3511,3509,-2,2,6,1249,1250,1,0,-1,1248,1250,2,0,-2
1787456584.620,U',0,1,-,119.0,3135,61,-2,3,-3,1091,1090,-1,0,-1,675,674,-1,3,-7,3512,3509,-3,2,6,1249,1250,1,0,-1,1248,1250,2,0,-2
1787456584.759,U',0,1,-,119.0,64,1100,12,0,-2,1091,1090,-1,0,-1,675,674,-1,3,-7,3512,3510,-2,2,7,1249,1250,1,0,-1,1248,1250,2,0,-2
1787456584.896,U',0,1,-,119.0,1102,2120,-6,1,-2,1091,1090,-1,0,-1,675,674,-1,3,-7,3511,3510,-1,2,7,1249,1250,1,0,-1,1248,1250,2,0,-2
1787456585.034,U',0,1,-,119.0,2122,3132,-14,2,0,1091,1090,-1,0,-1,675,674,-1,3,-7,3512,3509,-3,2,6,1249,1250,1,0,-1,1248,1250,2,0,-2
1787456585.171,U',0,1,-,119.0,3135,61,-2,3,-3,1091,1090,-1,0,-1,675,674,-1,3,-7,3512,3510,-2,2,7,1249,1249,0,0,-2,1248,1250,2,0,-2
1787456585.309,U',0,1,-,119.0,64,1100,12,0,-2,1091,1090,-1,0,-1,675,674,-1,3,-7,3512,3510,-2,2,7,1249,1250,1,0,-1,1248,1250,2,0,-2
1787456585.446,U',0,1,-,119.0,1101,2119,-6,1,-3,1091,1090,-1,0,-1,675,674,-1,3,-7,3512,3509,-3,2,6,1249,1250,1,0,-1,1248,1250,2,0,-2
1787456585.583,U',0,1,-,119.0,2122,3132,-14,2,0,1091,1090,-1,0,-1,675,674,-1,3,-7,3512,3509,-3,2,6,1249,1250,1,0,-1,1248,1250,2,0,-2
1787456585.722,U',0,1,-,119.0,3135,61,-2,3,-3,1091,1090,-1,0,-1,675,674,-1,3,-7,3512,3509,-3,2,6,1249,1250,1,0,-1,1248,1250,2,0,-2
1787456585.859,U',0,1,-,119.0,63,1099,12,0,-3,1091,1090,-1,0,-1,675,674,-1,3,-7,3512,3509,-3,2,6,1249,1250,1,0,-1,1248,1250,2,0,-2
1787456585.996,U',0,1,-,119.0,1102,2119,-7,1,-3,1091,1090,-1,0,-1,675,674,-1,3,-7,3511,3509,-2,2,6,1249,1250,1,0,-1,1248,1250,2,0,-2
1787456586.132,U',0,1,-,119.0,2122,3132,-14,2,0,1091,1090,-1,0,-1,675,674,-1,3,-7,3512,3510,-2,2,7,1249,1250,1,0,-1,1248,1250,2,0,-2
1787456586.272,U',0,1,-,119.0,3134,61,-1,3,-3,1091,1090,-1,0,-1,675,674,-1,3,-7,3511,3510,-1,2,7,1249,1250,1,0,-1,1248,1250,2,0,-2
1787456586.409,U',0,1,-,119.0,63,1100,13,0,-2,1091,1090,-1,0,-1,675,674,-1,3,-7,3512,3509,-3,2,6,1249,1250,1,0,-1,1248,1250,2,0,-2
1787456586.546,U',0,1,-,119.0,1102,2119,-7,1,-3,1091,1090,-1,0,-1,675,674,-1,3,-7,3512,3509,-3,2,6,1249,1250,1,0,-1,1248,1250,2,0,-2
1787456586.684,U',0,1,-,119.0,2123,3132,-15,2,0,1091,1090,-1,0,-1,675,674,-1,3,-7,3512,3509,-3,2,6,1249,1250,1,0,-1,1248,1250,2,0,-2
1787456586.821,U',0,1,-,119.0,3134,61,-1,3,-3,1091,1090,-1,0,-1,675,674,-1,3,-7,3512,3509,-3,2,6,1249,1250,1,0,-1,1248,1250,2,0,-2
1787456586.959,U',0,1,-,119.0,64,1100,12,0,-2,1091,1090,-1,0,-1,675,674,-1,3,-7,3512,3509,-3,2,6,1249,1250,1,0,-1,1248,1250,2,0,-2
1787456587.084,U',0,1,-,119.0,1102,2119,-7,1,-3,1091,1090,-1,0,-1,675,674,-1,3,-7,3512,3509,-3,2,6,1249,1249,0,0,-2,1248,1250,2,0,-2
1787456587.234,U',0,1,-,119.0,2122,3132,-14,2,0,1091,1090,-1,0,-1,675,674,-1,3,-7,3512,3509,-3,2,6,1249,1250,1,0,-1,1248,1250,2,0,-2
1787456587.372,U',0,1,-,119.0,3134,61,-1,3,-3,1091,1090,-1,0,-1,675,674,-1,3,-7,3512,3510,-2,2,7,1249,1250,1,0,-1,1248,1250,2,0,-2
1787456587.509,U',0,1,-,119.0,63,1100,13,0,-2,1091,1090,-1,0,-1,675,674,-1,3,-7,3512,3509,-3,2,6,1249,1249,0,0,-2,1248,1250,2,0,-2
1787456587.647,U',0,1,-,119.0,1102,2120,-6,1,-2,1091,1090,-1,0,-1,675,674,-1,3,-7,3512,3509,-3,2,6,1250,1250,0,0,-1,1248,1250,2,0,-2
1787456587.784,U',0,1,-,119.0,2122,3132,-14,2,0,1091,1090,-1,0,-1,675,674,-1,3,-7,3512,3509,-3,2,6,1249,1250,1,0,-1,1248,1250,2,0,-2
1787456587.917,U',0,1,-,119.0,3134,61,-1,3,-3,1091,1090,-1,0,-1,675,674,-1,3,-7,3512,3509,-3,2,6,1249,1250,1,0,-1,1248,1250,2,0,-2
1787456588.052,U',0,1,-,119.0,63,1100,13,0,-2,1091,1090,-1,0,-1,675,674,-1,3,-7,3512,3509,-3,2,6,1249,1250,1,0,-1,1248,1250,2,0,-2
1787456588.183,U',0,1,-,119.0,1102,2119,-7,1,-3,1091,1090,-1,0,-1,675,674,-1,3,-7,3512,3509,-3,2,6,1249,1250,1,0,-1,1248,1250,2,0,-2
1787456588.334,U',0,1,-,119.0,2122,3132,-14,2,0,1091,1090,-1,0,-1,675,674,-1,3,-7,3512,3509,-3,2,6,1249,1250,1,0,-1,1248,1250,2,0,-2
1787456588.470,U',0,1,-,119.0,3134,61,-1,3,-3,1091,1090,-1,0,-1,675,674,-1,3,-7,3512,3509,-3,2,6,1249,1250,1,0,-1,1248,1250,2,0,-2
1787456588.608,U',0,1,-,119.0,64,1100,12,0,-2,1091,1091,0,0,0,675,674,-1,3,-7,3512,3509,-3,2,6,1250,1250,0,0,-1,1248,1250,2,0,-2
1787456588.746,U',0,1,-,119.0,1102,2120,-6,1,-2,1091,1090,-1,0,-1,675,674,-1,3,-7,3512,3509,-3,2,6,1249,1250,1,0,-1,1248,1250,2,0,-2
1787456588.884,U',0,1,-,119.0,2122,3132,-14,2,0,1091,1090,-1,0,-1,675,674,-1,3,-7,3512,3509,-3,2,6,1249,1250,1,0,-1,1248,1250,2,0,-2
1787456589.017,U',0,1,-,119.0,3135,61,-2,3,-3,1091,1090,-1,0,-1,675,674,-1,3,-7,3512,3510,-2,2,7,1250,1250,0,0,-1,1248,1250,2,0,-2
1787456589.159,U',0,1,-,119.0,64,1100,12,0,-2,1091,1090,-1,0,-1,675,674,-1,3,-7,3512,3509,-3,2,6,1249,1250,1,0,-1,1248,1250,2,0,-2
1787456589.296,U',0,1,-,119.0,1102,2119,-7,1,-3,1091,1090,-1,0,-1,675,674,-1,3,-7,3512,3509,-3,2,6,1249,1250,1,0,-1,1248,1250,2,0,-2
1787456589.434,U',0,1,-,119.0,2122,3132,-14,2,0,1091,1090,-1,0,-1,675,674,-1,3,-7,3511,3509,-2,2,6,1249,1250,1,0,-1,1248,1250,2,0,-2
1787456589.571,U',0,1,-,119.0,3134,61,-1,3,-3,1091,1090,-1,0,-1,675,674,-1,3,-7,3512,3509,-3,2,6,1249,1250,1,0,-1,1248,1250,2,0,-2
1787456589.709,U',0,1,-,119.0,63,1100,13,0,-2,1091,1090,-1,0,-1,675,674,-1,3,-7,3512,3509,-3,2,6,1249,1250,1,0,-1,1248,1250,2,0,-2
1787456589.847,U',0,1,-,119.0,1102,2120,-6,1,-2,1091,1090,-1,0,-1,675,674,-1,3,-7,3512,3509,-3,2,6,1249,1250,1,0,-1,1248,1250,2,0,-2
1787456589.983,U',0,1,-,119.0,2122,3132,-14,2,0,1091,1090,-1,0,-1,675,674,-1,3,-7,3512,3509,-3,2,6,1249,1250,1,0,-1,1248,1250,2,0,-2
1787456590.120,U',0,1,-,119.0,3134,61,-1,3,-3,1091,1090,-1,0,-1,675,674,-1,3,-7,3512,3510,-2,2,7,1249,1250,1,0,-1,1248,1250,2,0,-2
1787456590.259,U',0,1,-,119.0,64,1100,12,0,-2,1091,1090,-1,0,-1,675,674,-1,3,-7,3512,3509,-3,2,6,1249,1250,1,0,-1,1248,1250,2,0,-2
1787456590.397,U',0,1,-,119.0,1102,2120,-6,1,-2,1091,1090,-1,0,-1,675,674,-1,3,-7,3512,3510,-2,2,7,1249,1250,1,0,-1,1248,1250,2,0,-2
1787456590.534,U',0,1,-,119.0,2122,3131,-15,2,-1,1091,1090,-1,0,-1,675,674,-1,3,-7,3512,3509,-3,2,6,1249,1250,1,0,-1,1248,1250,2,0,-2
1787456590.672,U',0,1,-,119.0,3134,61,-1,3,-3,1091,1090,-1,0,-1,675,674,-1,3,-7,3512,3509,-3,2,6,1249,1250,1,0,-1,1248,1250,2,0,-2
1787456590.807,U',0,1,-,119.0,64,1100,12,0,-2,1091,1090,-1,0,-1,675,674,-1,3,-7,3512,3510,-2,2,7,1249,1250,1,0,-1,1248,1250,2,0,-2
1787456590.945,U',0,1,-,119.0,1102,2120,-6,1,-2,1091,1090,-1,0,-1,675,674,-1,3,-7,3512,3510,-2,2,7,1249,1250,1,0,-1,1248,1250,2,0,-2
1787456591.084,U',0,1,-,119.0,2123,3131,-16,2,-1,1091,1090,-1,0,-1,675,674,-1,3,-7,3512,3509,-3,2,6,1249,1249,0,0,-2,1248,1250,2,0,-2
1787456591.220,U',0,1,-,119.0,3134,61,-1,3,-3,1091,1090,-1,0,-1,675,674,-1,3,-7,3512,3509,-3,2,6,1249,1250,1,0,-1,1248,1250,2,0,-2
1787456591.358,U',0,1,-,119.0,63,1100,13,0,-2,1091,1090,-1,0,-1,675,674,-1,3,-7,3511,3510,-1,2,7,1249,1250,1,0,-1,1248,1250,2,0,-2
1787456591.497,U',0,1,-,119.0,1102,2119,-7,1,-3,1091,1090,-1,0,-1,675,674,-1,3,-7,3512,3509,-3,2,6,1249,1250,1,0,-1,1248,1250,2,0,-2
1787456591.634,U',0,1,-,119.0,2122,3132,-14,2,0,1091,1090,-1,0,-1,675,674,-1,3,-7,3512,3509,-3,2,6,1249,1250,1,0,-1,1248,1250,2,0,-2
1787456591.771,U',0,1,-,119.0,3135,61,-2,3,-3,1091,1090,-1,0,-1,675,674,-1,3,-7,3512,3509,-3,2,6,1249,1250,1,0,-1,1248,1250,2,0,-2
1787456591.908,U',0,1,-,119.0,64,1099,11,0,-3,1091,1090,-1,0,-1,675,674,-1,3,-7,3512,3510,-2,2,7,1249,1250,1,0,-1,1248,1250,2,0,-2
1787456592.047,U',0,1,-,119.0,1102,2120,-6,1,-2,1091,1090,-1,0,-1,675,674,-1,3,-7,3512,3509,-3,2,6,1249,1250,1,0,-1,1248,1250,2,0,-2
1787456592.183,U',0,1,-,119.0,2122,3132,-14,2,0,1091,1090,-1,0,-1,675,674,-1,3,-7,3512,3509,-3,2,6,1250,1249,-1,0,-2,1248,1250,2,0,-2
1787456592.321,U',0,1,-,119.0,3135,61,-2,3,-3,1091,1090,-1,0,-1,675,674,-1,3,-7,3512,3509,-3,2,6,1249,1250,1,0,-1,1248,1250,2,0,-2
1787456592.459,U',0,1,-,119.0,63,1100,13,0,-2,1091,1090,-1,0,-1,675,674,-1,3,-7,3512,3509,-3,2,6,1249,1250,1,0,-1,1248,1250,2,0,-2
1787456592.593,U',0,1,-,119.0,1102,2119,-7,1,-3,1091,1090,-1,0,-1,675,674,-1,3,-7,3512,3509,-3,2,6,1249,1250,1,0,-1,1248,1250,2,0,-2
1787456592.733,U',0,1,-,119.0,2122,3132,-14,2,0,1091,1090,-1,0,-1,675,674,-1,3,-7,3512,3509,-3,2,6,1249,1250,1,0,-1,1248,1250,2,0,-2
1787456592.870,U',0,1,-,119.0,3135,61,-2,3,-3,1091,1090,-1,0,-1,675,674,-1,3,-7,3512,3510,-2,2,7,1250,1250,0,0,-1,1248,1250,2,0,-2
1787456593.008,U',0,1,-,119.0,63,1100,13,0,-2,1091,1090,-1,0,-1,675,674,-1,3,-7,3511,3509,-2,2,6,1249,1250,1,0,-1,1248,1250,2,0,-2
1787456593.147,U',0,1,-,119.0,1102,2120,-6,1,-2,1091,1090,-1,0,-1,675,674,-1,3,-7,3512,3509,-3,2,6,1249,1250,1,0,-1,1248,1250,2,0,-2
1787456593.284,U',0,1,-,119.0,2122,3131,-15,2,-1,1091,1090,-1,0,-1,675,674,-1,3,-7,3512,3509,-3,2,6,1249,1250,1,0,-1,1248,1250,2,0,-2
1787456593.421,U',0,1,-,119.0,3134,61,-1,3,-3,1091,1090,-1,0,-1,675,674,-1,3,-7,3512,3509,-3,2,6,1249,1250,1,0,-1,1248,1250,2,0,-2
1787456593.559,U',0,1,-,119.0,63,1100,13,0,-2,1091,1090,-1,0,-1,675,674,-1,3,-7,3512,3509,-3,2,6,1249,1249,0,0,-2,1248,1250,2,0,-2
1787456593.696,U',0,1,-,119.0,1102,2120,-6,1,-2,1091,1090,-1,0,-1,675,674,-1,3,-7,3512,3509,-3,2,6,1250,1250,0,0,-1,1248,1250,2,0,-2
1787456593.834,U',0,1,-,119.0,2122,3132,-14,2,0,1091,1090,-1,0,-1,675,674,-1,3,-7,3512,3510,-2,2,7,1249,1250,1,0,-1,1248,1250,2,0,-2
1787456593.970,U',0,1,-,119.0,3134,61,-1,3,-3,1091,1090,-1,0,-1,675,674,-1,3,-7,3512,3509,-3,2,6,1249,1250,1,0,-1,1248,1250,2,0,-2
1787456594.108,U',0,1,-,119.0,63,1100,13,0,-2,1091,1090,-1,0,-1,675,674,-1,3,-7,3512,3509,-3,2,6,1249,1250,1,0,-1,1248,1250,2,0,-2
1787456594.246,U',0,1,-,119.0,1102,2119,-7,1,-3,1091,1090,-1,0,-1,675,674,-1,3,-7,3512,3509,-3,2,6,1249,1250,1,0,-1,1248,1250,2,0,-2
1787456594.382,U',0,1,-,119.0,2122,3132,-14,2,0,1091,1090,-1,0,-1,675,674,-1,3,-7,3512,3509,-3,2,6,1249,1250,1,0,-1,1248,1250,2,0,-2
1787456594.518,U',0,1,-,119.0,3134,61,-1,3,-3,1091,1090,-1,0,-1,675,674,-1,3,-7,3512,3509,-3,2,6,1249,1250,1,0,-1,1248,1250,2,0,-2
1787456594.659,U',0,1,-,119.0,64,1100,12,0,-2,1091,1090,-1,0,-1,675,674,-1,3,-7,3512,3510,-2,2,7,1250,1250,0,0,-1,1248,1250,2,0,-2
1787456594.796,U',0,1,-,119.0,1102,2119,-7,1,-3,1091,1091,0,0,0,675,674,-1,3,-7,3512,3509,-3,2,6,1249,1250,1,0,-1,1248,1250,2,0,-2
1787456594.933,U',0,1,-,119.0,2122,3132,-14,2,0,1091,1090,-1,0,-1,675,674,-1,3,-7,3512,3509,-3,2,6,1249,1250,1,0,-1,1248,1250,2,0,-2
1787456595.070,U',0,1,-,119.0,3134,61,-1,3,-3,1091,1090,-1,0,-1,675,674,-1,3,-7,3512,3509,-3,2,6,1249,1250,1,0,-1,1248,1250,2,0,-2
1787456595.206,U',0,1,-,119.0,63,1100,13,0,-2,1091,1090,-1,0,-1,675,674,-1,3,-7,3511,3509,-2,2,6,1249,1249,0,0,-2,1248,1250,2,0,-2
1787456595.346,U',0,1,-,119.0,1102,2119,-7,1,-3,1091,1090,-1,0,-1,675,674,-1,3,-7,3511,3509,-2,2,6,1249,1250,1,0,-1,1248,1250,2,0,-2
1787456595.482,U',0,1,-,119.0,2122,3132,-14,2,0,1091,1090,-1,0,-1,675,674,-1,3,-7,3512,3509,-3,2,6,1249,1250,1,0,-1,1248,1250,2,0,-2
1787456595.621,U',0,1,-,119.0,3134,61,-1,3,-3,1091,1090,-1,0,-1,675,674,-1,3,-7,3512,3509,-3,2,6,1249,1250,1,0,-1,1248,1249,1,0,-3
1787456595.757,U',0,1,-,119.0,64,1099,11,0,-3,1091,1090,-1,0,-1,675,674,-1,3,-7,3512,3509,-3,2,6,1249,1250,1,0,-1,1248,1250,2,0,-2
1787456595.896,U',0,1,-,119.0,1102,2119,-7,1,-3,1091,1090,-1,0,-1,675,674,-1,3,-7,3512,3510,-2,2,7,1249,1250,1,0,-1,1248,1250,2,0,-2
1787456596.032,U',0,1,-,119.0,2122,3132,-14,2,0,1091,1090,-1,0,-1,675,674,-1,3,-7,3512,3510,-2,2,7,1249,1250,1,0,-1,1248,1250,2,0,-2
1787456596.170,U',0,1,-,119.0,3134,61,-1,3,-3,1091,1090,-1,0,-1,675,674,-1,3,-7,3512,3509,-3,2,6,1249,1249,0,0,-2,1248,1250,2,0,-2
1787456596.308,U',0,1,-,119.0,64,1099,11,0,-3,1091,1090,-1,0,-1,675,674,-1,3,-7,3512,3509,-3,2,6,1249,1250,1,0,-1,1248,1250,2,0,-2
1787456596.445,U',0,1,-,119.0,1102,2119,-7,1,-3,1091,1090,-1,0,-1,675,674,-1,3,-7,3512,3509,-3,2,6,1249,1250,1,0,-1,1248,1250,2,0,-2
1787456596.584,U',0,1,-,119.0,2122,3132,-14,2,0,1091,1090,-1,0,-1,675,674,-1,3,-7,3512,3509,-3,2,6,1249,1250,1,0,-1,1248,1250,2,0,-2
1787456596.721,U',0,1,-,119.0,3134,61,-1,3,-3,1091,1090,-1,0,-1,675,674,-1,3,-7,3512,3509,-3,2,6,1249,1249,0,0,-2,1248,1250,2,0,-2
1787456596.858,U',0,1,-,119.0,63,1100,13,0,-2,1091,1090,-1,0,-1,675,674,-1,3,-7,3512,3509,-3,2,6,1250,1250,0,0,-1,1248,1250,2,0,-2
1787456596.996,U',0,1,-,119.0,1102,2119,-7,1,-3,1091,1090,-1,0,-1,675,674,-1,3,-7,3512,3509,-3,2,6,1249,1250,1,0,-1,1248,1250,2,0,-2
1787456597.133,U',0,1,-,119.0,2122,3132,-14,2,0,1091,1090,-1,0,-1,675,674,-1,3,-7,3512,3509,-3,2,6,1249,1250,1,0,-1,1248,1250,2,0,-2
1787456597.270,U',0,1,-,119.0,3134,61,-1,3,-3,1091,1090,-1,0,-1,675,674,-1,3,-7,3512,3509,-3,2,6,1249,1250,1,0,-1,1248,1250,2,0,-2
1787456597.408,U',0,1,-,119.0,63,1100,13,0,-2,1091,1090,-1,0,-1,675,674,-1,3,-7,3512,3509,-3,2,6,1250,1249,-1,0,-2,1248,1250,2,0,-2
1787456597.546,U',0,1,-,119.0,1102,2119,-7,1,-3,1091,1090,-1,0,-1,675,674,-1,3,-7,3512,3509,-3,2,6,1249,1250,1,0,-1,1248,1250,2,0,-2
1787456597.688,U',0,1,-,119.0,2123,3132,-15,2,0,1091,1090,-1,0,-1,675,674,-1,3,-7,3511,3509,-2,2,6,1249,1249,0,0,-2,1248,1250,2,0,-2
1787456597.820,U',0,1,-,119.0,3134,61,-1,3,-3,1091,1090,-1,0,-1,675,674,-1,3,-7,3511,3509,-2,2,6,1249,1250,1,0,-1,1248,1250,2,0,-2
1787456597.958,U',0,1,-,119.0,63,1100,13,0,-2,1091,1090,-1,0,-1,675,674,-1,3,-7,3512,3510,-2,2,7,1249,1250,1,0,-1,1248,1250,2,0,-2
1787456598.096,U',0,1,-,119.0,1102,2119,-7,1,-3,1091,1090,-1,0,-1,675,674,-1,3,-7,3512,3509,-3,2,6,1249,1250,1,0,-1,1248,1250,2,0,-2
1787456598.231,U',0,1,-,119.0,2123,3132,-15,2,0,1091,1090,-1,0,-1,675,674,-1,3,-7,3512,3510,-2,2,7,1249,1250,1,0,-1,1248,1250,2,0,-2
1787456598.370,U',0,1,-,119.0,3135,61,-2,3,-3,1091,1090,-1,0,-1,675,674,-1,3,-7,3512,3509,-3,2,6,1249,1250,1,0,-1,1248,1250,2,0,-2
1787456598.508,U',0,1,-,119.0,64,1100,12,0,-2,1091,1090,-1,0,-1,675,674,-1,3,-7,3512,3509,-3,2,6,1249,1250,1,0,-1,1248,1250,2,0,-2
1787456598.645,U',0,1,-,119.0,1102,2119,-7,1,-3,1091,1090,-1,0,-1,675,674,-1,3,-7,3512,3509,-3,2,6,1250,1250,0,0,-1,1248,1250,2,0,-2
1787456598.783,U',0,1,-,119.0,2122,3132,-14,2,0,1091,1090,-1,0,-1,675,674,-1,3,-7,3512,3509,-3,2,6,1249,1250,1,0,-1,1248,1250,2,0,-2
1787456598.921,U',0,1,-,119.0,3135,61,-2,3,-3,1091,1090,-1,0,-1,675,674,-1,3,-7,3512,3509,-3,2,6,1249,1250,1,0,-1,1248,1250,2,0,-2
1787456599.058,U',0,1,-,119.0,64,1099,11,0,-3,1091,1090,-1,0,-1,675,674,-1,3,-7,3512,3509,-3,2,6,1249,1250,1,0,-1,1248,1250,2,0,-2
1787456599.196,U',0,1,-,119.0,1102,2120,-6,1,-2,1091,1090,-1,0,-1,675,674,-1,3,-7,3511,3509,-2,2,6,1250,1249,-1,0,-2,1248,1250,2,0,-2
1787456599.333,U',0,1,-,119.0,2122,3132,-14,2,0,1091,1090,-1,0,-1,675,674,-1,3,-7,3512,3509,-3,2,6,1249,1250,1,0,-1,1248,1250,2,0,-2
1787456599.467,U',0,1,-,119.0,3135,61,-2,3,-3,1091,1090,-1,0,-1,675,674,-1,3,-7,3512,3509,-3,2,6,1249,1250,1,0,-1,1248,1250,2,0,-2
1787456599.608,U',0,1,-,119.0,64,1100,12,0,-2,1091,1090,-1,0,-1,675,674,-1,3,-7,3511,3509,-2,2,6,1249,1250,1,0,-1,1248,1250,2,0,-2
1787456599.745,U',0,1,-,119.0,1102,2119,-7,1,-3,1091,1090,-1,0,-1,675,674,-1,3,-7,3512,3510,-2,2,7,1249,1250,1,0,-1,1248,1250,2,0,-2
1787456599.883,U',0,1,-,119.0,2122,3132,-14,2,0,1091,1090,-1,0,-1,675,674,-1,3,-7,3512,3509,-3,2,6,1249,1250,1,0,-1,1248,1250,2,0,-2
1787456600.020,U',0,1,-,119.0,3135,61,-2,3,-3,1091,1090,-1,0,-1,675,674,-1,3,-7,3512,3509,-3,2,6,1249,1250,1,0,-1,1248,1250,2,0,-2
1787456600.158,U',0,1,-,119.0,63,1099,12,0,-3,1091,1090,-1,0,-1,675,674,-1,3,-7,3511,3510,-1,2,7,1250,1250,0,0,-1,1248,1250,2,0,-2
1787456600.295,U',0,1,-,119.0,1102,2119,-7,1,-3,1091,1090,-1,0,-1,675,674,-1,3,-7,3512,3510,-2,2,7,1249,1250,1,0,-1,1248,1250,2,0,-2
1787456600.431,U',0,1,-,119.0,2122,3132,-14,2,0,1091,1090,-1,0,-1,675,674,-1,3,-7,3511,3509,-2,2,6,1249,1250,1,0,-1,1248,1250,2,0,-2
1787456600.571,U',0,1,-,119.0,3133,60,-1,3,-4,1091,1090,-1,0,-1,675,674,-1,3,-7,3512,3509,-3,2,6,1249,1250,1,0,-1,1248,1250,2,0,-2
1787456600.708,U',0,1,-,119.0,62,1100,14,0,-2,1091,1090,-1,0,-1,675,674,-1,3,-7,3512,3509,-3,2,6,1249,1250,1,0,-1,1248,1250,2,0,-2
1787456600.846,U',0,1,-,119.0,1101,2120,-5,1,-2,1091,1090,-1,0,-1,675,674,-1,3,-7,3512,3509,-3,2,6,1250,1249,-1,0,-2,1248,1250,2,0,-2
1787456600.983,U',0,1,-,119.0,2122,3132,-14,2,0,1091,1090,-1,0,-1,675,674,-1,3,-7,3512,3509,-3,2,6,1249,1250,1,0,-1,1248,1250,2,0,-2
1787456601.120,U',0,1,-,119.0,3134,61,-1,3,-3,1091,1090,-1,0,-1,675,674,-1,3,-7,3511,3510,-1,2,7,1249,1250,1,0,-1,1248,1250,2,0,-2
1787456601.258,U',0,1,-,119.0,64,1100,12,0,-2,1091,1090,-1,0,-1,675,674,-1,3,-7,3512,3509,-3,2,6,1249,1250,1,0,-1,1248,1250,2,0,-2
1787456601.395,U',0,1,-,119.0,1102,2119,-7,1,-3,1091,1090,-1,0,-1,675,674,-1,3,-7,3512,3509,-3,2,6,1249,1250,1,0,-1,1248,1250,2,0,-2
1787456601.533,U',0,1,-,119.0,2122,3132,-14,2,0,1091,1090,-1,0,-1,675,674,-1,3,-7,3512,3509,-3,2,6,1250,1250,0,0,-1,1248,1250,2,0,-2
1787456601.670,U',0,1,-,119.0,3133,61,0,3,-3,1091,1090,-1,0,-1,675,674,-1,3,-7,3512,3509,-3,2,6,1249,1250,1,0,-1,1248,1250,2,0,-2
1787456601.808,U',0,1,-,119.0,61,1100,15,0,-2,1091,1090,-1,0,-1,675,674,-1,3,-7,3511,3509,-2,2,6,1249,1249,0,0,-2,1248,1250,2,0,-2
1787456601.946,U',0,1,-,119.0,1100,2119,-5,1,-3,1091,1090,-1,0,-1,675,674,-1,3,-7,3512,3509,-3,2,6,1249,1250,1,0,-1,1248,1250,2,0,-2
1787456602.083,U',0,1,-,119.0,2120,3131,-13,2,-1,1091,1090,-1,0,-1,675,674,-1,3,-7,3512,3509,-3,2,6,1249,1250,1,0,-1,1248,1250,2,0,-2
1787456602.219,U',0,1,-,119.0,3131,61,2,3,-3,1091,1090,-1,0,-1,675,674,-1,3,-7,3512,3510,-2,2,7,1249,1250,1,0,-1,1248,1250,2,0,-2
1787456602.357,U',0,1,-,119.0,59,1099,16,0,-3,1091,1090,-1,0,-1,675,674,-1,3,-7,3512,3509,-3,2,6,1249,1250,1,0,-1,1248,1250,2,0,-2
1787456602.492,U',0,1,-,119.0,1097,2119,-2,1,-3,1091,1090,-1,0,-1,675,674,-1,3,-7,3512,3509,-3,2,6,1249,1250,1,0,-1,1248,1250,2,0,-2
1787456602.631,U',0,1,-,119.0,2119,3132,-11,2,0,1091,1090,-1,0,-1,675,674,-1,3,-7,3512,3509,-3,2,6,1249,1250,1,0,-1,1248,1250,2,0,-2
1787456602.771,U',0,1,-,119.0,3129,60,3,3,-4,1091,1090,-1,0,-1,675,674,-1,3,-7,3512,3509,-3,2,6,1249,1250,1,0,-1,1248,1250,2,0,-2
1787456602.907,U',0,1,-,119.0,59,1100,17,0,-2,1091,1090,-1,0,-1,675,674,-1,3,-7,3512,3509,-3,2,6,1249,1250,1,0,-1,1248,1250,2,0,-2
1787456603.045,U',0,1,-,119.0,1097,2119,-2,1,-3,1091,1090,-1,0,-1,675,674,-1,3,-7,3512,3509,-3,2,6,1249,1250,1,0,-1,1248,1250,2,0,-2
1787456603.183,U',0,1,-,119.0,2117,3132,-9,2,0,1091,1090,-1,0,-1,675,674,-1,3,-7,3512,3509,-3,2,6,1249,1250,1,0,-1,1248,1249,1,0,-3
1787456603.319,U',0,1,-,119.0,3125,61,8,3,-3,1091,1091,0,0,0,675,674,-1,3,-7,3512,3510,-2,2,7,1249,1250,1,0,-1,1248,1250,2,0,-2
1787456603.457,U',0,1,-,119.0,58,1099,17,0,-3,1091,1090,-1,0,-1,675,674,-1,3,-7,3511,3510,-1,2,7,1249,1250,1,0,-1,1248,1250,2,0,-2
1787456603.595,U',0,1,-,119.0,1095,2119,0,1,-3,1091,1090,-1,0,-1,675,674,-1,3,-7,3512,3509,-3,2,6,1249,1250,1,0,-1,1248,1250,2,0,-2
1787456603.732,U',0,1,-,119.0,2112,3131,-5,2,-1,1091,1090,-1,0,-1,675,674,-1,3,-7,3512,3509,-3,2,6,1249,1250,1,0,-1,1249,1250,1,0,-2
1787456603.870,U',0,1,-,119.0,3116,60,16,3,-4,1091,1090,-1,0,-1,675,674,-1,3,-7,3512,3509,-3,2,6,1249,1250,1,0,-1,1248,1250,2,0,-2
1787456604.007,U',0,1,-,119.0,53,1099,22,0,-3,1091,1090,-1,0,-1,675,674,-1,3,-7,3512,3509,-3,2,6,1249,1250,1,0,-1,1248,1250,2,0,-2
1787456604.146,U',0,1,-,119.0,1083,2119,12,1,-3,1091,1090,-1,0,-1,675,674,-1,3,-7,3512,3510,-2,2,7,1249,1250,1,0,-1,1248,1250,2,0,-2
1787456604.283,U',0,1,-,119.0,2102,3131,5,2,-1,1091,1090,-1,0,-1,675,674,-1,3,-7,3512,3510,-2,2,7,1249,1250,1,0,-1,1248,1250,2,0,-2
1787456604.419,U',0,1,-,119.0,3116,60,16,3,-4,1091,1090,-1,0,-1,675,674,-1,3,-7,3511,3509,-2,2,6,1250,1250,0,0,-1,1248,1250,2,0,-2
1787456604.556,U',0,1,-,119.0,49,1099,26,0,-3,1091,1090,-1,0,-1,675,674,-1,3,-7,3512,3509,-3,2,6,1249,1250,1,0,-1,1248,1250,2,0,-2
1787456604.694,U',0,1,-,119.0,1082,2119,13,1,-3,1091,1090,-1,0,-1,675,674,-1,3,-7,3511,3510,-1,2,7,1250,1250,0,0,-1,1248,1250,2,0,-2
1787456604.832,U',0,1,-,119.0,2106,3131,1,2,-1,1091,1090,-1,0,-1,675,674,-1,3,-7,3512,3510,-2,2,7,1250,1250,0,0,-1,1248,1250,2,0,-2
1787456604.969,U',0,1,-,119.0,3115,60,17,3,-4,1091,1090,-1,0,-1,675,674,-1,3,-7,3512,3510,-2,2,7,1249,1250,1,0,-1,1248,1250,2,0,-2
1787456605.107,U',0,1,-,119.0,46,1099,29,0,-3,1091,1090,-1,0,-1,675,674,-1,3,-7,3512,3509,-3,2,6,1249,1250,1,0,-1,1248,1250,2,0,-2
1787456605.245,U',0,1,-,119.0,1079,2119,16,1,-3,1091,1090,-1,0,-1,675,674,-1,3,-7,3512,3509,-3,2,6,1249,1250,1,0,-1,1248,1249,1,0,-3
1787456605.381,U',0,1,-,119.0,2100,3131,7,2,-1,1091,1090,-1,0,-1,675,673,-2,3,-8,3512,3509,-3,2,6,1250,1250,0,0,-1,1248,1250,2,0,-2
1787456605.520,U',0,1,-,119.0,3113,60,19,3,-4,1091,1090,-1,0,-1,675,674,-1,3,-7,3512,3509,-3,2,6,1249,1249,0,0,-2,1248,1250,2,0,-2
1787456605.656,U',0,1,-,119.0,45,1099,30,0,-3,1091,1090,-1,0,-1,675,674,-1,3,-7,3511,3509,-2,2,6,1249,1250,1,0,-1,1248,1250,2,0,-2
1787456605.795,U',0,1,-,119.0,1081,2119,14,1,-3,1091,1090,-1,0,-1,675,674,-1,3,-7,3512,3509,-3,2,6,1249,1250,1,0,-1,1248,1250,2,0,-2
1787456605.933,U',0,1,-,119.0,2103,3132,5,2,0,1091,1090,-1,0,-1,675,674,-1,3,-7,3512,3510,-2,2,7,1250,1250,0,0,-1,1248,1250,2,0,-2
1787456606.067,U',0,1,-,119.0,3129,61,4,3,-3,1091,1090,-1,0,-1,675,674,-1,3,-7,3512,3509,-3,2,6,1249,1250,1,0,-1,1248,1250,2,0,-2
1787456606.208,U',0,1,-,119.0,62,1100,14,0,-2,1091,1090,-1,0,-1,675,674,-1,3,-7,3512,3510,-2,2,7,1249,1250,1,0,-1,1248,1250,2,0,-2
1787456606.345,U',0,1,-,119.0,1102,2119,-7,1,-3,1091,1090,-1,0,-1,675,674,-1,3,-7,3512,3510,-2,2,7,1249,1250,1,0,-1,1248,1250,2,0,-2
1787456606.483,U',0,1,-,119.0,2122,3132,-14,2,0,1091,1090,-1,0,-1,675,674,-1,3,-7,3512,3509,-3,2,6,1249,1250,1,0,-1,1248,1250,2,0,-2
1787456606.620,U',0,1,-,119.0,3134,61,-1,3,-3,1091,1090,-1,0,-1,675,674,-1,3,-7,3512,3509,-3,2,6,1249,1250,1,0,-1,1248,1250,2,0,-2
1787456606.757,U',0,1,-,119.0,63,1100,13,0,-2,1091,1091,0,0,0,675,674,-1,3,-7,3512,3509,-3,2,6,1250,1250,0,0,-1,1248,1250,2,0,-2
1787456606.894,U',0,1,-,119.0,1101,2119,-6,1,-3,1091,1090,-1,0,-1,675,674,-1,3,-7,3512,3509,-3,2,6,1249,1250,1,0,-1,1248,1250,2,0,-2
1787456607.033,U',0,1,-,119.0,2122,3132,-14,2,0,1091,1090,-1,0,-1,675,674,-1,3,-7,3512,3509,-3,2,6,1249,1250,1,0,-1,1248,1250,2,0,-2
1787456607.169,U',0,1,-,119.0,3134,61,-1,3,-3,1091,1090,-1,0,-1,675,674,-1,3,-7,3512,3510,-2,2,7,1249,1250,1,0,-1,1248,1250,2,0,-2
1787456607.306,U',0,1,-,119.0,63,1099,12,0,-3,1091,1090,-1,0,-1,675,674,-1,3,-7,3512,3509,-3,2,6,1249,1250,1,0,-1,1248,1250,2,0,-2
1787456607.444,U',0,1,-,119.0,1101,2120,-5,1,-2,1091,1090,-1,0,-1,675,674,-1,3,-7,3512,3509,-3,2,6,1249,1250,1,0,-1,1248,1250,2,0,-2
1787456607.583,U',0,1,-,119.0,2122,3132,-14,2,0,1091,1090,-1,0,-1,675,674,-1,3,-7,3512,3509,-3,2,6,1249,1250,1,0,-1,1248,1250,2,0,-2
1787456607.720,U',0,1,-,119.0,3133,60,-1,3,-4,1091,1090,-1,0,-1,675,674,-1,3,-7,3512,3509,-3,2,6,1250,1250,0,0,-1,1248,1250,2,0,-2
1787456607.858,U',0,1,-,119.0,62,1099,13,0,-3,1091,1090,-1,0,-1,675,674,-1,3,-7,3511,3509,-2,2,6,1249,1250,1,0,-1,1248,1250,2,0,-2
1787456607.994,U',0,1,-,119.0,1101,2119,-6,1,-3,1091,1090,-1,0,-1,675,674,-1,3,-7,3512,3509,-3,2,6,1250,1250,0,0,-1,1248,1249,1,0,-3
1787456608.133,U',0,1,-,119.0,2122,3132,-14,2,0,1091,1090,-1,0,-1,675,674,-1,3,-7,3512,3510,-2,2,7,1249,1250,1,0,-1,1248,1250,2,0,-2
1787456608.270,U',0,1,-,119.0,3133,60,-1,3,-4,1091,1090,-1,0,-1,675,674,-1,3,-7,3512,3509,-3,2,6,1249,1250,1,0,-1,1248,1250,2,0,-2
1787456608.408,U',0,1,-,119.0,62,1099,13,0,-3,1091,1090,-1,0,-1,675,674,-1,3,-7,3511,3509,-2,2,6,1249,1250,1,0,-1,1248,1250,2,0,-2
1787456608.544,U',0,1,-,119.0,1099,2119,-4,1,-3,1091,1090,-1,0,-1,675,674,-1,3,-7,3512,3509,-3,2,6,1249,1250,1,0,-1,1248,1250,2,0,-2
1787456608.683,U',0,1,-,119.0,2120,3132,-12,2,0,1091,1091,0,0,0,675,674,-1,3,-7,3511,3510,-1,2,7,1249,1250,1,0,-1,1248,1250,2,0,-2
1787456608.820,U',0,1,-,119.0,3132,61,1,3,-3,1091,1090,-1,0,-1,675,674,-1,3,-7,3512,3509,-3,2,6,1249,1250,1,0,-1,1248,1250,2,0,-2
1787456608.957,U',0,1,-,119.0,62,1100,14,0,-2,1091,1090,-1,0,-1,675,674,-1,3,-7,3512,3509,-3,2,6,1249,1250,1,0,-1,1248,1250,2,0,-2
1787456609.095,U',0,1,-,119.0,1100,2119,-5,1,-3,1091,1090,-1,0,-1,675,674,-1,3,-7,3511,3510,-1,2,7,1249,1250,1,0,-1,1248,1250,2,0,-2
1787456609.232,U',0,1,-,119.0,2121,3132,-13,2,0,1091,1090,-1,0,-1,675,674,-1,3,-7,3512,3510,-2,2,7,1249,1250,1,0,-1,1248,1250,2,0,-2
1787456609.369,U',0,1,-,119.0,3133,61,0,3,-3,1091,1090,-1,0,-1,675,674,-1,3,-7,3512,3510,-2,2,7,1249,1250,1,0,-1,1248,1250,2,0,-2
1787456609.506,U',0,1,-,119.0,63,1099,12,0,-3,1091,1090,-1,0,-1,675,674,-1,3,-7,3512,3509,-3,2,6,1249,1250,1,0,-1,1248,1250,2,0,-2
1787456609.644,U',0,1,-,119.0,1101,2119,-6,1,-3,1091,1090,-1,0,-1,675,674,-1,3,-7,3512,3509,-3,2,6,1249,1250,1,0,-1,1248,1250,2,0,-2
1787456609.782,U',0,1,-,119.0,2121,3132,-13,2,0,1091,1090,-1,0,-1,675,674,-1,3,-7,3512,3509,-3,2,6,1249,1250,1,0,-1,1248,1250,2,0,-2
1787456609.920,U',0,1,-,119.0,3134,61,-1,3,-3,1091,1090,-1,0,-1,675,674,-1,3,-7,3512,3510,-2,2,7,1249,1250,1,0,-1,1248,1250,2,0,-2
1787456610.057,U',0,1,-,119.0,63,1100,13,0,-2,1091,1090,-1,0,-1,675,674,-1,3,-7,3512,3509,-3,2,6,1249,1250,1,0,-1,1248,1250,2,0,-2
1787456610.195,U',0,1,-,119.0,1101,2119,-6,1,-3,1091,1090,-1,0,-1,675,674,-1,3,-7,3512,3509,-3,2,6,1249,1250,1,0,-1,1248,1250,2,0,-2
1787456610.333,U',0,1,-,119.0,2122,3132,-14,2,0,1091,1090,-1,0,-1,675,674,-1,3,-7,3512,3509,-3,2,6,1249,1250,1,0,-1,1248,1250,2,0,-2
1787456610.469,U',0,1,-,119.0,3134,61,-1,3,-3,1091,1090,-1,0,-1,675,674,-1,3,-7,3512,3509,-3,2,6,1249,1250,1,0,-1,1248,1250,2,0,-2
1787456610.607,U',0,1,-,119.0,63,1099,12,0,-3,1091,1090,-1,0,-1,675,674,-1,3,-7,3512,3509,-3,2,6,1249,1250,1,0,-1,1248,1249,1,0,-3
1787456610.754,U',0,0,0,119.0,1099,2118,-5,1,-4,1091,1090,-1,0,-1,675,674,-1,3,-7,3512,3510,-2,2,7,1249,1250,1,0,-1,1248,1250,2,0,-2
1787456610.934,U',0,0,0,119.0,2118,3061,-81,2,-71,1090,1090,0,0,-1,674,674,0,3,-7,3510,3510,0,2,7,1250,1250,0,0,-1,1250,1250,0,0,-2
1787456611.070,U',0,1,-,119.0,3126,60,6,3,-4,1090,1090,0,0,-1,674,674,0,3,-7,3510,3510,0,2,7,1250,1250,0,0,-1,1250,1250,0,0,-2
1787456611.206,U',0,1,-,119.0,61,1100,15,0,-2,1091,1090,-1,0,-1,675,674,-1,3,-7,3512,3510,-2,2,7,1249,1250,1,0,-1,1248,1250,2,0,-2
1787456611.343,U',0,1,-,119.0,1101,2120,-5,1,-2,1091,1090,-1,0,-1,675,674,-1,3,-7,3512,3509,-3,2,6,1249,1250,1,0,-1,1248,1250,2,0,-2
1787456611.483,U',0,1,-,119.0,2121,3131,-14,2,-1,1091,1090,-1,0,-1,675,674,-1,3,-7,3512,3509,-3,2,6,1249,1250,1,0,-1,1248,1250,2,0,-2
1787456611.742,U2,0,1,-,219.0,3134,1099,13,0,-3,1091,1090,-1,0,-1,675,674,-1,3,-7,3514,3509,-5,2,6,1249,1250,1,0,-1,1249,1250,1,0,-2
1787456611.980,U2,0,1,-,219.0,1103,3131,-20,2,-1,1091,1090,-1,0,-1,675,674,-1,3,-7,3512,3509,-3,2,6,1249,1249,0,0,-2,1248,1250,2,0,-2
1787456612.217,U2,0,1,-,219.0,3135,1098,11,0,-4,1091,1090,-1,0,-1,675,674,-1,3,-7,3512,3509,-3,2,6,1249,1250,1,0,-1,1248,1250,2,0,-2
1787456612.456,U2,0,1,-,219.0,1103,3131,-20,2,-1,1091,1090,-1,0,-1,675,674,-1,3,-7,3512,3509,-3,2,6,1249,1250,1,0,-1,1248,1250,2,0,-2
1787456612.693,U2,0,1,-,219.0,3136,1098,10,0,-4,1091,1090,-1,0,-1,675,674,-1,3,-7,3512,3509,-3,2,6,1249,1249,0,0,-2,1248,1250,2,0,-2
1787456612.923,U2,0,1,-,219.0,1103,3131,-20,2,-1,1091,1090,-1,0,-1,675,674,-1,3,-7,3512,3510,-2,2,7,1249,1250,1,0,-1,1248,1250,2,0,-2
1787456613.166,U2,0,1,-,219.0,3136,1099,11,0,-3,1091,1090,-1,0,-1,675,674,-1,3,-7,3512,3509,-3,2,6,1249,1250,1,0,-1,1248,1250,2,0,-2
1787456613.405,U2,0,1,-,219.0,1103,3131,-20,2,-1,1091,1090,-1,0,-1,675,674,-1,3,-7,3512,3509,-3,2,6,1249,1250,1,0,-1,1248,1250,2,0,-2
1787456613.643,U2,0,1,-,219.0,3135,1099,12,0,-3,1091,1090,-1,0,-1,675,674,-1,3,-7,3512,3509,-3,2,6,1249,1250,1,0,-1,1248,1250,2,0,-2
1787456613.880,U2,0,1,-,219.0,1103,3131,-20,2,-1,1091,1090,-1,0,-1,675,674,-1,3,-7,3512,3509,-3,2,6,1249,1250,1,0,-1,1248,1250,2,0,-2
1787456614.117,U2,0,1,-,219.0,3135,1099,12,0,-3,1091,1090,-1,0,-1,675,674,-1,3,-7,3512,3509,-3,2,6,1249,1249,0,0,-2,1248,1250,2,0,-2
1787456614.347,U2,0,1,-,219.0,1106,3132,-22,2,0,1091,1090,-1,0,-1,675,674,-1,3,-7,3512,3510,-2,2,7,1249,1250,1,0,-1,1248,1250,2,0,-2
1787456614.584,U2,0,1,-,219.0,3152,1099,-5,0,-3,1091,1091,0,0,0,675,674,-1,3,-7,3512,3509,-3,2,6,1249,1250,1,0,-1,1248,1250,2,0,-2
1787456614.831,U2,0,1,-,219.0,1104,3131,-21,2,-1,1091,1090,-1,0,-1,675,674,-1,3,-7,3512,3509,-3,2,6,1250,1249,-1,0,-2,1248,1250,2,0,-2
1787456615.067,U2,0,1,-,219.0,3136,1099,11,0,-3,1091,1090,-1,0,-1,675,674,-1,3,-7,3512,3509,-3,2,6,1249,1250,1,0,-1,1248,1250,2,0,-2
1787456615.306,U2,0,1,-,219.0,1102,3131,-19,2,-1,1091,1090,-1,0,-1,675,674,-1,3,-7,3512,3509,-3,2,6,1249,1250,1,0,-1,1248,1250,2,0,-2
1787456615.533,U2,0,1,-,219.0,3136,1099,11,0,-3,1091,1090,-1,0,-1,675,674,-1,3,-7,3511,3509,-2,2,6,1249,1250,1,0,-1,1248,1250,2,0,-2
1787456615.780,U2,0,1,-,219.0,1102,3131,-19,2,-1,1091,1090,-1,0,-1,675,674,-1,3,-7,3511,3509,-2,2,6,1250,1250,0,0,-1,1248,1250,2,0,-2
1787456616.017,U2,0,1,-,219.0,3135,1099,12,0,-3,1091,1090,-1,0,-1,675,674,-1,3,-7,3512,3509,-3,2,6,1249,1250,1,0,-1,1248,1250,2,0,-2
1787456616.251,U2,0,1,-,219.0,1103,3131,-20,2,-1,1091,1090,-1,0,-1,675,674,-1,3,-7,3512,3509,-3,2,6,1249,1250,1,0,-1,1248,1250,2,0,-2
1787456616.493,U2,0,1,-,219.0,3135,1099,12,0,-3,1091,1090,-1,0,-1,675,674,-1,3,-7,3512,3509,-3,2,6,1250,1250,0,0,-1,1248,1250,2,0,-2
1787456616.730,U2,0,1,-,219.0,1103,3131,-20,2,-1,1091,1091,0,0,0,675,674,-1,3,-7,3512,3509,-3,2,6,1249,1250,1,0,-1,1248,1250,2,0,-2
1787456616.968,U2,0,1,-,219.0,3135,1099,12,0,-3,1091,1090,-1,0,-1,675,674,-1,3,-7,3512,3509,-3,2,6,1249,1250,1,0,-1,1248,1250,2,0,-2
1787456617.205,U2,0,1,-,219.0,1103,3131,-20,2,-1,1091,1090,-1,0,-1,675,674,-1,3,-7,3512,3509,-3,2,6,1250,1250,0,0,-1,1248,1250,2,0,-2
1787456617.441,U2,0,1,-,219.0,3135,1099,12,0,-3,1091,1090,-1,0,-1,675,674,-1,3,-7,3512,3509,-3,2,6,1249,1250,1,0,-1,1248,1250,2,0,-2
1787456617.671,U2,0,1,-,219.0,1103,3131,-20,2,-1,1091,1090,-1,0,-1,675,674,-1,3,-7,3511,3509,-2,2,6,1250,1250,0,0,-1,1248,1250,2,0,-2
1787456617.918,U2,0,1,-,219.0,3135,1099,12,0,-3,1091,1091,0,0,0,675,674,-1,3,-7,3512,3509,-3,2,6,1249,1250,1,0,-1,1248,1250,2,0,-2
1787456618.156,U2,0,1,-,219.0,1102,3131,-19,2,-1,1091,1090,-1,0,-1,675,674,-1,3,-7,3512,3509,-3,2,6,1250,1250,0,0,-1,1248,1250,2,0,-2
1787456618.392,U2,0,1,-,219.0,3135,1099,12,0,-3,1091,1090,-1,0,-1,675,674,-1,3,-7,3511,3510,-1,2,7,1249,1250,1,0,-1,1248,1250,2,0,-2
1787456618.626,U2,0,1,-,219.0,1102,3131,-19,2,-1,1091,1090,-1,0,-1,675,674,-1,3,-7,3512,3509,-3,2,6,1250,1250,0,0,-1,1248,1250,2,0,-2
1787456618.867,U2,0,1,-,219.0,3135,1099,12,0,-3,1091,1090,-1,0,-1,675,674,-1,3,-7,3512,3509,-3,2,6,1250,1250,0,0,-1,1248,1250,2,0,-2
1787456619.101,U2,0,1,-,219.0,1102,3131,-19,2,-1,1091,1090,-1,0,-1,675,674,-1,3,-7,3511,3509,-2,2,6,1249,1250,1,0,-1,1248,1250,2,0,-2
1787456619.342,U2,0,1,-,219.0,3135,1098,11,0,-4,1091,1090,-1,0,-1,675,674,-1,3,-7,3512,3509,-3,2,6,1249,1250,1,0,-1,1248,1250,2,0,-2
1787456619.580,U2,0,1,-,219.0,1103,3131,-20,2,-1,1091,1090,-1,0,-1,675,674,-1,3,-7,3512,3509,-3,2,6,1249,1250,1,0,-1,1248,1250,2,0,-2
1787456619.816,U2,0,1,-,219.0,3135,1099,12,0,-3,1091,1090,-1,0,-1,675,674,-1,3,-7,3512,3509,-3,2,6,1249,1250,1,0,-1,1248,1250,2,0,-2
1787456620.055,U2,0,1,-,219.0,1103,3131,-20,2,-1,1091,1090,-1,0,-1,675,674,-1,3,-7,3512,3509,-3,2,6,1249,1250,1,0,-1,1248,1250,2,0,-2
1787456620.292,U2,0,1,-,219.0,3135,1099,12,0,-3,1091,1090,-1,0,-1,675,674,-1,3,-7,3512,3510,-2,2,7,1249,1250,1,0,-1,1248,1250,2,0,-2
1787456620.530,U2,0,1,-,219.0,1103,3131,-20,2,-1,1091,1090,-1,0,-1,675,674,-1,3,-7,3511,3509,-2,2,6,1249,1250,1,0,-1,1248,1250,2,0,-2
1787456620.768,U2,0,1,-,219.0,3135,1099,12,0,-3,1091,1090,-1,0,-1,675,674,-1,3,-7,3512,3509,-3,2,6,1249,1250,1,0,-1,1248,1250,2,0,-2
1787456621.004,U2,0,1,-,219.0,1102,3131,-19,2,-1,1091,1090,-1,0,-1,675,674,-1,3,-7,3511,3509,-2,2,6,1249,1250,1,0,-1,1248,1250,2,0,-2
1787456621.241,U2,0,1,-,219.0,3135,1099,12,0,-3,1091,1090,-1,0,-1,675,674,-1,3,-7,3512,3509,-3,2,6,1249,1250,1,0,-1,1248,1250,2,0,-2
1787456621.480,U2,0,1,-,219.0,1102,3131,-19,2,-1,1091,1090,-1,0,-1,675,674,-1,3,-7,3511,3509,-2,2,6,1249,1250,1,0,-1,1248,1250,2,0,-2
1787456621.717,U2,0,1,-,219.0,3135,1099,12,0,-3,1091,1090,-1,0,-1,675,674,-1,3,-7,3511,3509,-2,2,6,1249,1249,0,0,-2,1248,1250,2,0,-2
1787456621.956,U2,0,1,-,219.0,1102,3131,-19,2,-1,1091,1090,-1,0,-1,675,674,-1,3,-7,3511,3509,-2,2,6,1249,1250,1,0,-1,1248,1250,2,0,-2
1787456622.192,U2,0,1,-,219.0,3135,1099,12,0,-3,1091,1090,-1,0,-1,675,674,-1,3,-7,3511,3509,-2,2,6,1249,1250,1,0,-1,1248,1250,2,0,-2
1787456622.431,U2,0,1,-,219.0,1103,3131,-20,2,-1,1091,1090,-1,0,-1,675,674,-1,3,-7,3511,3509,-2,2,6,1249,1250,1,0,-1,1248,1250,2,0,-2
1787456622.668,U2,0,1,-,219.0,3135,1099,12,0,-3,1091,1090,-1,0,-1,675,674,-1,3,-7,3512,3509,-3,2,6,1249,1250,1,0,-1,1248,1250,2,0,-2
1787456622.900,U2,0,1,-,219.0,1103,3131,-20,2,-1,1091,1090,-1,0,-1,675,674,-1,3,-7,3511,3509,-2,2,6,1249,1249,0,0,-2,1248,1250,2,0,-2
1787456623.142,U2,0,1,-,219.0,3135,1099,12,0,-3,1091,1090,-1,0,-1,675,674,-1,3,-7,3512,3509,-3,2,6,1249,1250,1,0,-1,1248,1250,2,0,-2
1787456623.380,U2,0,1,-,219.0,1103,3131,-20,2,-1,1091,1090,-1,0,-1,675,674,-1,3,-7,3511,3510,-1,2,7,1249,1249,0,0,-2,1248,1250,2,0,-2
1787456623.618,U2,0,1,-,219.0,3135,1099,12,0,-3,1091,1090,-1,0,-1,675,674,-1,3,-7,3511,3509,-2,2,6,1249,1250,1,0,-1,1248,1250,2,0,-2
1787456623.855,U2,0,1,-,219.0,1103,3131,-20,2,-1,1091,1090,-1,0,-1,675,674,-1,3,-7,3511,3509,-2,2,6,1249,1250,1,0,-1,1248,1250,2,0,-2
1787456624.091,U2,0,1,-,219.0,3135,1099,12,0,-3,1091,1090,-1,0,-1,675,674,-1,3,-7,3511,3509,-2,2,6,1249,1250,1,0,-1,1248,1250,2,0,-2
1787456624.329,U2,0,1,-,219.0,1103,3131,-20,2,-1,1091,1090,-1,0,-1,675,674,-1,3,-7,3512,3509,-3,2,6,1249,1250,1,0,-1,1248,1250,2,0,-2
1787456624.568,U2,0,1,-,219.0,3135,1099,12,0,-3,1091,1090,-1,0,-1,675,674,-1,3,-7,3512,3509,-3,2,6,1249,1250,1,0,-1,1248,1250,2,0,-2
1787456624.806,U2,0,1,-,219.0,1103,3131,-20,2,-1,1091,1090,-1,0,-1,675,674,-1,3,-7,3512,3509,-3,2,6,1249,1250,1,0,-1,1248,1250,2,0,-2
1787456625.043,U2,0,1,-,219.0,3135,1098,11,0,-4,1091,1090,-1,0,-1,675,674,-1,3,-7,3511,3509,-2,2,6,1249,1250,1,0,-1,1248,1250,2,0,-2
1787456625.281,U2,0,1,-,219.0,1102,3131,-19,2,-1,1091,1090,-1,0,-1,675,674,-1,3,-7,3512,3509,-3,2,6,1249,1250,1,0,-1,1248,1250,2,0,-2
1787456625.516,U2,0,1,-,219.0,3135,1099,12,0,-3,1091,1090,-1,0,-1,675,674,-1,3,-7,3512,3509,-3,2,6,1249,1250,1,0,-1,1248,1250,2,0,-2
1787456625.754,U2,0,1,-,219.0,1103,3131,-20,2,-1,1091,1090,-1,0,-1,675,674,-1,3,-7,3512,3509,-3,2,6,1249,1250,1,0,-1,1248,1250,2,0,-2
1787456625.993,U2,0,1,-,219.0,3135,1099,12,0,-3,1091,1090,-1,0,-1,675,674,-1,3,-7,3512,3509,-3,2,6,1249,1250,1,0,-1,1248,1250,2,0,-2
1787456626.230,U2,0,1,-,219.0,1103,3131,-20,2,-1,1091,1090,-1,0,-1,675,674,-1,3,-7,3512,3509,-3,2,6,1249,1250,1,0,-1,1248,1250,2,0,-2
1787456626.468,U2,0,1,-,219.0,3135,1099,12,0,-3,1091,1090,-1,0,-1,675,674,-1,3,-7,3511,3509,-2,2,6,1249,1250,1,0,-1,1248,1250,2,0,-2
1787456626.705,U2,0,1,-,219.0,1103,3131,-20,2,-1,1091,1090,-1,0,-1,675,674,-1,3,-7,3511,3509,-2,2,6,1249,1250,1,0,-1,1248,1250,2,0,-2
1787456626.943,U2,0,1,-,219.0,3135,1099,12,0,-3,1091,1090,-1,0,-1,675,674,-1,3,-7,3511,3509,-2,2,6,1249,1250,1,0,-1,1248,1250,2,0,-2
1787456627.179,U2,0,1,-,219.0,1103,3131,-20,2,-1,1091,1090,-1,0,-1,675,674,-1,3,-7,3511,3509,-2,2,6,1249,1250,1,0,-1,1248,1250,2,0,-2
1787456627.417,U2,0,1,-,219.0,3135,1099,12,0,-3,1091,1090,-1,0,-1,675,674,-1,3,-7,3511,3509,-2,2,6,1249,1250,1,0,-1,1248,1250,2,0,-2
1787456627.655,U2,0,1,-,219.0,1102,3131,-19,2,-1,1091,1090,-1,0,-1,675,674,-1,3,-7,3512,3509,-3,2,6,1249,1250,1,0,-1,1248,1250,2,0,-2
1787456627.892,U2,0,1,-,219.0,3135,1099,12,0,-3,1091,1090,-1,0,-1,675,674,-1,3,-7,3512,3509,-3,2,6,1249,1250,1,0,-1,1248,1250,2,0,-2
1787456628.129,U2,0,1,-,219.0,1102,3131,-19,2,-1,1091,1090,-1,0,-1,675,674,-1,3,-7,3511,3509,-2,2,6,1249,1250,1,0,-1,1248,1250,2,0,-2
1787456628.366,U2,0,1,-,219.0,3136,1099,11,0,-3,1091,1090,-1,0,-1,675,674,-1,3,-7,3512,3509,-3,2,6,1249,1250,1,0,-1,1248,1250,2,0,-2
1787456628.604,U2,0,1,-,219.0,1103,3131,-20,2,-1,1091,1090,-1,0,-1,675,674,-1,3,-7,3512,3509,-3,2,6,1249,1250,1,0,-1,1248,1250,2,0,-2
1787456628.842,U2,0,1,-,219.0,3135,1099,12,0,-3,1091,1091,0,0,0,675,674,-1,3,-7,3511,3509,-2,2,6,1249,1250,1,0,-1,1248,1250,2,0,-2
1787456629.080,U2,0,1,-,219.0,1103,3131,-20,2,-1,1091,1090,-1,0,-1,675,674,-1,3,-7,3512,3509,-3,2,6,1249,1249,0,0,-2,1248,1250,2,0,-2
1787456629.318,U2,0,1,-,219.0,3135,1099,12,0,-3,1091,1090,-1,0,-1,675,674,-1,3,-7,3511,3509,-2,2,6,1249,1249,0,0,-2,1248,1250,2,0,-2
1787456629.554,U2,0,1,-,219.0,1103,3131,-20,2,-1,1091,1090,-1,0,-1,675,674,-1,3,-7,3512,3509,-3,2,6,1249,1250,1,0,-1,1248,1250,2,0,-2
1787456629.782,U2,0,1,-,219.0,3135,1099,12,0,-3,1091,1090,-1,0,-1,675,674,-1,3,-7,3512,3509,-3,2,6,1249,1250,1,0,-1,1248,1250,2,0,-2
1787456630.029,U2,0,1,-,219.0,1103,3131,-20,2,-1,1091,1091,0,0,0,675,674,-1,3,-7,3512,3509,-3,2,6,1249,1250,1,0,-1,1248,1250,2,0,-2
1787456630.268,U2,0,1,-,219.0,3135,1099,12,0,-3,1091,1090,-1,0,-1,675,674,-1,3,-7,3512,3509,-3,2,6,1250,1250,0,0,-1,1248,1250,2,0,-2
1787456630.504,U2,0,1,-,219.0,1102,3131,-19,2,-1,1091,1090,-1,0,-1,675,674,-1,3,-7,3512,3509,-3,2,6,1249,1250,1,0,-1,1248,1250,2,0,-2
1787456630.741,U2,0,1,-,219.0,3135,1099,12,0,-3,1091,1090,-1,0,-1,675,674,-1,3,-7,3512,3509,-3,2,6,1249,1250,1,0,-1,1248,1250,2,0,-2
1787456630.979,U2,0,1,-,219.0,1103,3131,-20,2,-1,1091,1090,-1,0,-1,675,674,-1,3,-7,3512,3509,-3,2,6,1249,1250,1,0,-1,1248,1250,2,0,-2
1787456631.216,U2,0,1,-,219.0,3135,1098,11,0,-4,1091,1090,-1,0,-1,675,674,-1,3,-7,3512,3509,-3,2,6,1249,1250,1,0,-1,1248,1250,2,0,-2
1787456631.455,U2,0,1,-,219.0,1103,3131,-20,2,-1,1091,1090,-1,0,-1,675,674,-1,3,-7,3512,3509,-3,2,6,1249,1249,0,0,-2,1248,1250,2,0,-2
1787456631.692,U2,0,1,-,219.0,3135,1099,12,0,-3,1091,1090,-1,0,-1,675,674,-1,3,-7,3512,3509,-3,2,6,1249,1250,1,0,-1,1248,1250,2,0,-2
1787456631.929,U2,0,1,-,219.0,1103,3131,-20,2,-1,1091,1090,-1,0,-1,675,674,-1,3,-7,3512,3509,-3,2,6,1249,1250,1,0,-1,1248,1250,2,0,-2
1787456632.165,U2,0,1,-,219.0,3135,1099,12,0,-3,1091,1090,-1,0,-1,675,674,-1,3,-7,3512,3509,-3,2,6,1249,1250,1,0,-1,1248,1250,2,0,-2
1787456632.402,U2,0,1,-,219.0,1103,3131,-20,2,-1,1091,1090,-1,0,-1,675,674,-1,3,-7,3512,3509,-3,2,6,1249,1250,1,0,-1,1248,1250,2,0,-2
1787456632.635,U2,0,1,-,219.0,3135,1099,12,0,-3,1091,1090,-1,0,-1,675,674,-1,3,-7,3512,3509,-3,2,6,1249,1250,1,0,-1,1248,1250,2,0,-2
1787456632.880,U2,0,1,-,219.0,1103,3131,-20,2,-1,1091,1090,-1,0,-1,675,674,-1,3,-7,3512,3509,-3,2,6,1249,1250,1,0,-1,1248,1250,2,0,-2
1787456633.124,U2,0,1,-,219.0,3135,1099,12,0,-3,1091,1090,-1,0,-1,675,674,-1,3,-7,3512,3509,-3,2,6,1250,1250,0,0,-1,1248,1250,2,0,-2
1787456633.348,U2,0,1,-,219.0,1103,3131,-20,2,-1,1091,1090,-1,0,-1,675,674,-1,3,-7,3511,3509,-2,2,6,1249,1250,1,0,-1,1248,1250,2,0,-2
1787456633.592,U2,0,1,-,219.0,3135,1099,12,0,-3,1091,1090,-1,0,-1,675,674,-1,3,-7,3511,3509,-2,2,6,1250,1250,0,0,-1,1248,1250,2,0,-2
1787456633.829,U2,0,1,-,219.0,1103,3131,-20,2,-1,1091,1090,-1,0,-1,675,674,-1,3,-7,3512,3509,-3,2,6,1249,1250,1,0,-1,1248,1250,2,0,-2
1787456634.067,U2,0,1,-,219.0,3135,1099,12,0,-3,1091,1090,-1,0,-1,675,674,-1,3,-7,3511,3509,-2,2,6,1249,1249,0,0,-2,1248,1250,2,0,-2
1787456634.304,U2,0,1,-,219.0,1102,3131,-19,2,-1,1091,1090,-1,0,-1,675,674,-1,3,-7,3511,3509,-2,2,6,1249,1250,1,0,-1,1248,1250,2,0,-2
1787456634.538,U2,0,1,-,219.0,3135,1099,12,0,-3,1091,1090,-1,0,-1,675,674,-1,3,-7,3512,3509,-3,2,6,1249,1250,1,0,-1,1248,1250,2,0,-2
1787456634.779,U2,0,1,-,219.0,1103,3132,-19,2,0,1091,1090,-1,0,-1,675,674,-1,3,-7,3511,3509,-2,2,6,1249,1250,1,0,-1,1248,1250,2,0,-2
1787456635.015,U2,0,1,-,219.0,3135,1099,12,0,-3,1091,1090,-1,0,-1,675,674,-1,3,-7,3512,3509,-3,2,6,1250,1249,-1,0,-2,1248,1250,2,0,-2
1787456635.255,U2,0,1,-,219.0,1103,3131,-20,2,-1,1091,1090,-1,0,-1,675,674,-1,3,-7,3512,3509,-3,2,6,1249,1250,1,0,-1,1248,1250,2,0,-2
1787456635.491,U2,0,1,-,219.0,3135,1099,12,0,-3,1091,1090,-1,0,-1,675,674,-1,3,-7,3512,3509,-3,2,6,1250,1250,0,0,-1,1248,1250,2,0,-2
1787456635.729,U2,0,1,-,219.0,1103,3131,-20,2,-1,1091,1090,-1,0,-1,675,674,-1,3,-7,3512,3510,-2,2,7,1249,1250,1,0,-1,1248,1250,2,0,-2
1787456635.968,U2,0,1,-,219.0,3135,1099,12,0,-3,1091,1090,-1,0,-1,675,674,-1,3,-7,3514,3512,-2,2,9,1249,1250,1,0,-1,1248,1250,2,0,-2
1787456636.205,U2,0,1,-,219.0,1103,3131,-20,2,-1,1091,1090,-1,0,-1,675,674,-1,3,-7,3516,3512,-4,2,9,1249,1250,1,0,-1,1248,1250,2,0,-2
1787456636.441,U2,0,1,-,219.0,3135,1099,12,0,-3,1091,1090,-1,0,-1,675,674,-1,3,-7,3525,3509,-16,2,6,1249,1250,1,0,-1,1248,1250,2,0,-2
1787456636.679,U2,0,1,-,219.0,1102,3131,-19,2,-1,1091,1090,-1,0,-1,675,674,-1,3,-7,3517,3510,-7,2,7,1249,1250,1,0,-1,1248,1250,2,0,-2
1787456636.917,U2,0,1,-,219.0,3136,1099,11,0,-3,1091,1090,-1,0,-1,675,674,-1,3,-7,3522,3507,-15,2,4,1249,1250,1,0,-1,1248,1250,2,0,-2
1787456637.154,U2,0,1,-,219.0,1103,3132,-19,2,0,1091,1090,-1,0,-1,675,674,-1,3,-7,3511,3506,-5,2,3,1249,1250,1,0,-1,1248,1250,2,0,-2
1787456637.392,U2,0,1,-,219.0,3135,1099,12,0,-3,1091,1090,-1,0,-1,675,674,-1,3,-7,3507,3506,-1,2,3,1249,1250,1,0,-1,1248,1250,2,0,-2
1787456637.628,U2,0,1,-,219.0,1103,3132,-19,2,0,1091,1090,-1,0,-1,675,674,-1,3,-7,3506,3506,0,2,3,1250,1250,0,0,-1,1248,1250,2,0,-2
1787456637.867,U2,0,1,-,219.0,3135,1099,12,0,-3,1091,1090,-1,0,-1,675,674,-1,3,-7,3506,3506,0,2,3,1249,1250,1,0,-1,1248,1250,2,0,-2
1787456638.104,U2,0,1,-,219.0,1103,3131,-20,2,-1,1091,1090,-1,0,-1,675,674,-1,3,-7,3506,3506,0,2,3,1249,1250,1,0,-1,1248,1250,2,0,-2
1787456638.341,U2,0,1,-,219.0,3135,1099,12,0,-3,1091,1090,-1,0,-1,675,674,-1,3,-7,3505,3506,1,2,3,1249,1250,1,0,-1,1248,1250,2,0,-2
1787456638.579,U2,0,1,-,219.0,1102,3131,-19,2,-1,1091,1090,-1,0,-1,675,674,-1,3,-7,3506,3506,0,2,3,1249,1250,1,0,-1,1248,1250,2,0,-2
1787456638.817,U2,0,1,-,219.0,3135,1099,12,0,-3,1091,1090,-1,0,-1,675,674,-1,3,-7,3506,3506,0,2,3,1249,1250,1,0,-1,1248,1250,2,0,-2
1787456639.054,U2,0,1,-,219.0,1103,3131,-20,2,-1,1091,1090,-1,0,-1,675,674,-1,3,-7,3506,3506,0,2,3,1249,1250,1,0,-1,1248,1250,2,0,-2
1787456639.292,U2,0,1,-,219.0,3135,1099,12,0,-3,1091,1090,-1,0,-1,675,674,-1,3,-7,3505,3506,1,2,3,1249,1250,1,0,-1,1248,1250,2,0,-2
1787456639.529,U2,0,1,-,219.0,1103,3131,-20,2,-1,1091,1090,-1,0,-1,675,674,-1,3,-7,3506,3506,0,2,3,1249,1250,1,0,-1,1248,1250,2,0,-2
1787456639.767,U2,0,1,-,219.0,3135,1099,12,0,-3,1091,1091,0,0,0,675,674,-1,3,-7,3505,3506,1,2,3,1249,1250,1,0,-1,1248,1250,2,0,-2
1787456640.005,U2,0,1,-,219.0,1103,3131,-20,2,-1,1091,1090,-1,0,-1,675,674,-1,3,-7,3506,3506,0,2,3,1249,1249,0,0,-2,1248,1250,2,0,-2
1787456640.241,U2,0,1,-,219.0,3135,1099,12,0,-3,1091,1090,-1,0,-1,675,674,-1,3,-7,3505,3506,1,2,3,1249,1250,1,0,-1,1248,1250,2,0,-2
1787456640.480,U2,0,1,-,219.0,1102,3131,-19,2,-1,1091,1090,-1,0,-1,675,674,-1,3,-7,3506,3506,0,2,3,1249,1250,1,0,-1,1248,1250,2,0,-2
1787456640.716,U2,0,1,-,219.0,3135,1099,12,0,-3,1091,1090,-1,0,-1,675,674,-1,3,-7,3506,3506,0,2,3,1250,1250,0,0,-1,1248,1250,2,0,-2
1787456640.955,U2,0,1,-,219.0,1103,3131,-20,2,-1,1091,1090,-1,0,-1,675,674,-1,3,-7,3506,3506,0,2,3,1249,1250,1,0,-1,1248,1250,2,0,-2
1787456641.192,U2,0,1,-,219.0,3135,1099,12,0,-3,1091,1090,-1,0,-1,675,674,-1,3,-7,3506,3506,0,2,3,1249,1250,1,0,-1,1248,1250,2,0,-2
1787456641.428,U2,0,1,-,219.0,1103,3131,-20,2,-1,1091,1090,-1,0,-1,675,674,-1,3,-7,3506,3506,0,2,3,1249,1250,1,0,-1,1248,1250,2,0,-2
1787456641.667,U2,0,1,-,219.0,3135,1099,12,0,-3,1091,1090,-1,0,-1,675,674,-1,3,-7,3506,3506,0,2,3,1250,1250,0,0,-1,1248,1250,2,0,-2
1787456641.904,U2,0,1,-,219.0,1103,3131,-20,2,-1,1091,1090,-1,0,-1,675,674,-1,3,-7,3506,3505,-1,2,2,1249,1250,1,0,-1,1248,1250,2,0,-2
1787456642.135,U2,0,1,-,219.0,3135,1099,12,0,-3,1091,1090,-1,0,-1,675,674,-1,3,-7,3505,3505,0,2,2,1249,1250,1,0,-1,1248,1250,2,0,-2
1787456642.368,U2,0,1,-,219.0,1103,3131,-20,2,-1,1091,1090,-1,0,-1,675,674,-1,3,-7,3506,3506,0,2,3,1249,1250,1,0,-1,1248,1250,2,0,-2
1787456642.617,U2,0,1,-,219.0,3135,1099,12,0,-3,1091,1090,-1,0,-1,675,674,-1,3,-7,3505,3506,1,2,3,1249,1250,1,0,-1,1248,1250,2,0,-2
1787456642.855,U2,0,1,-,219.0,1103,3131,-20,2,-1,1091,1090,-1,0,-1,675,674,-1,3,-7,3506,3506,0,2,3,1249,1250,1,0,-1,1248,1250,2,0,-2
1787456643.091,U2,0,1,-,219.0,3135,1099,12,0,-3,1091,1090,-1,0,-1,675,674,-1,3,-7,3506,3506,0,2,3,1249,1250,1,0,-1,1248,1250,2,0,-2
1787456643.328,U2,0,1,-,219.0,1103,3132,-19,2,0,1091,1090,-1,0,-1,675,674,-1,3,-7,3505,3506,1,2,3,1249,1250,1,0,-1,1248,1250,2,0,-2
1787456643.565,U2,0,1,-,219.0,3135,1099,12,0,-3,1091,1090,-1,0,-1,675,674,-1,3,-7,3506,3506,0,2,3,1249,1250,1,0,-1,1248,1250,2,0,-2
1787456643.805,U2,0,1,-,219.0,1103,3132,-19,2,0,1091,1090,-1,0,-1,675,674,-1,3,-7,3505,3506,1,2,3,1249,1250,1,0,-1,1248,1250,2,0,-2
1787456644.042,U2,0,1,-,219.0,3135,1098,11,0,-4,1091,1090,-1,0,-1,675,674,-1,3,-7,3505,3506,1,2,3,1249,1250,1,0,-1,1248,1250,2,0,-2
1787456644.279,U2,0,1,-,219.0,1103,3131,-20,2,-1,1091,1090,-1,0,-1,675,674,-1,3,-7,3505,3506,1,2,3,1249,1250,1,0,-1,1248,1250,2,0,-2
1787456644.516,U2,0,1,-,219.0,3135,1099,12,0,-3,1091,1090,-1,0,-1,675,674,-1,3,-7,3505,3506,1,2,3,1249,1250,1,0,-1,1248,1250,2,0,-2
1787456644.755,U2,0,1,-,219.0,1103,3131,-20,2,-1,1091,1090,-1,0,-1,675,674,-1,3,-7,3505,3506,1,2,3,1250,1250,0,0,-1,1248,1250,2,0,-2
1787456644.992,U2,0,1,-,219.0,3135,1098,11,0,-4,1091,1090,-1,0,-1,675,674,-1,3,-7,3505,3506,1,2,3,1249,1250,1,0,-1,1248,1250,2,0,-2
1787456645.228,U2,0,1,-,219.0,1103,3131,-20,2,-1,1091,1090,-1,0,-1,675,674,-1,3,-7,3506,3506,0,2,3,1249,1250,1,0,-1,1248,1250,2,0,-2
1787456645.467,U2,0,1,-,219.0,3135,1098,11,0,-4,1091,1090,-1,0,-1,675,674,-1,3,-7,3505,3506,1,2,3,1249,1250,1,0,-1,1248,1250,2,0,-2
1787456645.704,U2,0,1,-,219.0,1103,3131,-20,2,-1,1091,1090,-1,0,-1,675,674,-1,3,-7,3505,3506,1,2,3,1249,1250,1,0,-1,1248,1250,2,0,-2
1787456645.942,U2,0,1,-,219.0,3136,1099,11,0,-3,1091,1090,-1,0,-1,675,674,-1,3,-7,3506,3506,0,2,3,1249,1250,1,0,-1,1248,1250,2,0,-2
1787456646.178,U2,0,1,-,219.0,1102,3131,-19,2,-1,1091,1091,0,0,0,675,674,-1,3,-7,3506,3506,0,2,3,1249,1250,1,0,-1,1248,1250,2,0,-2
1787456646.416,U2,0,1,-,219.0,3135,1099,12,0,-3,1091,1090,-1,0,-1,675,674,-1,3,-7,3506,3506,0,2,3,1249,1250,1,0,-1,1248,1250,2,0,-2
1787456646.654,U2,0,1,-,219.0,1103,3131,-20,2,-1,1091,1090,-1,0,-1,675,674,-1,3,-7,3506,3506,0,2,3,1250,1250,0,0,-1,1248,1250,2,0,-2
1787456646.883,U2,0,1,-,219.0,3135,1099,12,0,-3,1091,1090,-1,0,-1,675,674,-1,3,-7,3506,3506,0,2,3,1249,1250,1,0,-1,1248,1250,2,0,-2
1787456647.129,U2,0,1,-,219.0,1102,3131,-19,2,-1,1091,1090,-1,0,-1,675,674,-1,3,-7,3506,3505,-1,2,2,1249,1250,1,0,-1,1248,1250,2,0,-2
1787456647.366,U2,0,1,-,219.0,3135,1098,11,0,-4,1091,1090,-1,0,-1,675,674,-1,3,-7,3505,3506,1,2,3,1249,1250,1,0,-1,1248,1250,2,0,-2
1787456647.604,U2,0,1,-,219.0,1102,3131,-19,2,-1,1091,1090,-1,0,-1,675,674,-1,3,-7,3506,3506,0,2,3,1249,1250,1,0,-1,1248,1250,2,0,-2
1787456647.839,U2,0,1,-,219.0,3135,1099,12,0,-3,1091,1090,-1,0,-1,675,674,-1,3,-7,3506,3506,0,2,3,1249,1250,1,0,-1,1248,1250,2,0,-2
1787456648.079,U2,0,1,-,219.0,1102,3131,-19,2,-1,1091,1090,-1,0,-1,675,674,-1,3,-7,3506,3506,0,2,3,1250,1250,0,0,-1,1248,1250,2,0,-2
1787456648.317,U2,0,1,-,219.0,3135,1099,12,0,-3,1091,1090,-1,0,-1,675,674,-1,3,-7,3505,3506,1,2,3,1249,1250,1,0,-1,1248,1250,2,0,-2
1787456648.554,U2,0,1,-,219.0,1103,3131,-20,2,-1,1091,1090,-1,0,-1,675,674,-1,3,-7,3506,3506,0,2,3,1249,1249,0,0,-2,1248,1250,2,0,-2
1787456648.791,U2,0,1,-,219.0,3135,1099,12,0,-3,1091,1090,-1,0,-1,675,674,-1,3,-7,3506,3506,0,2,3,1250,1250,0,0,-1,1248,1250,2,0,-2
1787456649.028,U2,0,1,-,219.0,1103,3131,-20,2,-1,1091,1090,-1,0,-1,675,674,-1,3,-7,3506,3506,0,2,3,1250,1250,0,0,-1,1248,1250,2,0,-2
1787456649.266,U2,0,1,-,219.0,3135,1099,12,0,-3,1091,1090,-1,0,-1,675,674,-1,3,-7,3505,3506,1,2,3,1249,1250,1,0,-1,1248,1250,2,0,-2
1787456649.504,U2,0,1,-,219.0,1103,3131,-20,2,-1,1091,1090,-1,0,-1,675,674,-1,3,-7,3506,3506,0,2,3,1249,1250,1,0,-1,1248,1250,2,0,-2
1787456649.742,U2,0,1,-,219.0,3136,1099,11,0,-3,1091,1090,-1,0,-1,675,674,-1,3,-7,3506,3506,0,2,3,1249,1250,1,0,-1,1248,1250,2,0,-2
1787456649.978,U2,0,1,-,219.0,1103,3131,-20,2,-1,1091,1090,-1,0,-1,675,674,-1,3,-7,3506,3506,0,2,3,1249,1250,1,0,-1,1248,1250,2,0,-2
1787456650.215,U2,0,1,-,219.0,3135,1099,12,0,-3,1091,1090,-1,0,-1,675,674,-1,3,-7,3506,3506,0,2,3,1250,1250,0,0,-1,1248,1250,2,0,-2
1787456650.454,U2,0,1,-,219.0,1102,3131,-19,2,-1,1091,1090,-1,0,-1,675,674,-1,3,-7,3505,3506,1,2,3,1250,1249,-1,0,-2,1248,1250,2,0,-2
1787456650.684,U2,0,1,-,219.0,3135,1099,12,0,-3,1091,1090,-1,0,-1,675,674,-1,3,-7,3505,3506,1,2,3,1249,1250,1,0,-1,1248,1250,2,0,-2
1787456650.919,U2,0,1,-,219.0,1103,3131,-20,2,-1,1091,1090,-1,0,-1,675,674,-1,3,-7,3506,3506,0,2,3,1249,1250,1,0,-1,1248,1250,2,0,-2
1787456651.167,U2,0,1,-,219.0,3135,1099,12,0,-3,1091,1090,-1,0,-1,675,674,-1,3,-7,3506,3506,0,2,3,1249,1249,0,0,-2,1248,1250,2,0,-2
1787456651.403,U2,0,1,-,219.0,1103,3131,-20,2,-1,1091,1090,-1,0,-1,675,674,-1,3,-7,3506,3506,0,2,3,1249,1250,1,0,-1,1248,1250,2,0,-2
1787456651.641,U2,0,1,-,219.0,3135,1099,12,0,-3,1091,1090,-1,0,-1,675,674,-1,3,-7,3506,3506,0,2,3,1249,1249,0,0,-2,1248,1250,2,0,-2
1787456651.879,U2,0,1,-,219.0,1103,3131,-20,2,-1,1091,1090,-1,0,-1,675,674,-1,3,-7,3506,3506,0,2,3,1249,1250,1,0,-1,1248,1250,2,0,-2
1787456652.116,U2,0,1,-,219.0,3135,1099,12,0,-3,1090,1090,0,0,-1,675,674,-1,3,-7,3505,3506,1,2,3,1249,1249,0,0,-2,1248,1250,2,0,-2
1787456652.354,U2,0,1,-,219.0,1102,3131,-19,2,-1,1091,1090,-1,0,-1,675,674,-1,3,-7,3506,3506,0,2,3,1249,1249,0,0,-2,1249,1250,1,0,-2
1787456652.591,U2,0,1,-,219.0,3135,1099,12,0,-3,1091,1090,-1,0,-1,675,674,-1,3,-7,3506,3506,0,2,3,1249,1250,1,0,-1,1248,1250,2,0,-2
1787456652.828,U2,0,1,-,219.0,1102,3131,-19,2,-1,1091,1090,-1,0,-1,675,674,-1,3,-7,3506,3506,0,2,3,1250,1250,0,0,-1,1249,1250,1,0,-2
1787456653.066,U2,0,1,-,219.0,3135,1099,12,0,-3,1091,1091,0,0,0,675,674,-1,3,-7,3506,3506,0,2,3,1249,1250,1,0,-1,1248,1250,2,0,-2
1787456653.303,U2,0,1,-,219.0,1102,3131,-19,2,-1,1091,1090,-1,0,-1,675,674,-1,3,-7,3506,3506,0,2,3,1249,1249,0,0,-2,1248,1250,2,0,-2
1787456653.541,U2,0,1,-,219.0,3135,1099,12,0,-3,1091,1090,-1,0,-1,675,674,-1,3,-7,3505,3506,1,2,3,1249,1250,1,0,-1,1248,1250,2,0,-2
1787456653.779,U2,0,1,-,219.0,1103,3131,-20,2,-1,1091,1090,-1,0,-1,675,674,-1,3,-7,3505,3506,1,2,3,1249,1250,1,0,-1,1248,1250,2,0,-2
1787456654.015,U2,0,1,-,219.0,3135,1099,12,0,-3,1091,1090,-1,0,-1,675,674,-1,3,-7,3505,3506,1,2,3,1249,1250,1,0,-1,1248,1250,2,0,-2
1787456654.253,U2,0,1,-,219.0,1103,3131,-20,2,-1,1091,1090,-1,0,-1,675,674,-1,3,-7,3505,3506,1,2,3,1249,1249,0,0,-2,1248,1250,2,0,-2
1787456654.485,U2,0,1,-,219.0,3135,1099,12,0,-3,1091,1090,-1,0,-1,675,674,-1,3,-7,3506,3506,0,2,3,1250,1249,-1,0,-2,1248,1250,2,0,-2
1787456654.728,U2,0,1,-,219.0,1103,3132,-19,2,0,1091,1090,-1,0,-1,675,674,-1,3,-7,3506,3506,0,2,3,1249,1250,1,0,-1,1248,1250,2,0,-2
1787456654.966,U2,0,1,-,219.0,3135,1099,12,0,-3,1091,1090,-1,0,-1,675,674,-1,3,-7,3505,3506,1,2,3,1249,1249,0,0,-2,1248,1249,1,0,-3
1787456655.204,U2,0,1,-,219.0,1102,3131,-19,2,-1,1091,1090,-1,0,-1,675,674,-1,3,-7,3506,3506,0,2,3,1249,1250,1,0,-1,1248,1250,2,0,-2
1787456655.441,U2,0,1,-,219.0,3135,1099,12,0,-3,1091,1090,-1,0,-1,675,674,-1,3,-7,3505,3506,1,2,3,1249,1250,1,0,-1,1248,1250,2,0,-2
1787456655.679,U2,0,1,-,219.0,1103,3131,-20,2,-1,1091,1090,-1,0,-1,675,674,-1,3,-7,3505,3506,1,2,3,1249,1250,1,0,-1,1248,1250,2,0,-2
1787456655.915,U2,0,1,-,219.0,3135,1099,12,0,-3,1091,1090,-1,0,-1,675,674,-1,3,-7,3505,3506,1,2,3,1249,1250,1,0,-1,1248,1250,2,0,-2
1787456656.153,U2,0,1,-,219.0,1103,3131,-20,2,-1,1091,1090,-1,0,-1,675,674,-1,3,-7,3505,3506,1,2,3,1249,1250,1,0,-1,1248,1250,2,0,-2
1787456656.391,U2,0,1,-,219.0,3135,1099,12,0,-3,1091,1090,-1,0,-1,675,674,-1,3,-7,3506,3505,-1,2,2,1250,1250,0,0,-1,1248,1250,2,0,-2
1787456656.628,U2,0,1,-,219.0,1103,3131,-20,2,-1,1091,1090,-1,0,-1,675,674,-1,3,-7,3506,3506,0,2,3,1249,1250,1,0,-1,1248,1250,2,0,-2
1787456656.866,U2,0,1,-,219.0,3135,1099,12,0,-3,1091,1090,-1,0,-1,675,674,-1,3,-7,3506,3506,0,2,3,1249,1249,0,0,-2,1248,1250,2,0,-2
1787456657.104,U2,0,1,-,219.0,1102,3131,-19,2,-1,1091,1090,-1,0,-1,675,673,-2,3,-8,3505,3506,1,2,3,1249,1250,1,0,-1,1248,1250,2,0,-2
1787456657.341,U2,0,1,-,219.0,3136,1098,10,0,-4,1091,1090,-1,0,-1,675,674,-1,3,-7,3506,3506,0,2,3,1249,1250,1,0,-1,1248,1250,2,0,-2
1787456657.579,U2,0,1,-,219.0,1102,3131,-19,2,-1,1091,1090,-1,0,-1,675,674,-1,3,-7,3506,3506,0,2,3,1249,1250,1,0,-1,1248,1250,2,0,-2
1787456657.817,U2,0,1,-,219.0,3135,1099,12,0,-3,1091,1090,-1,0,-1,675,674,-1,3,-7,3506,3506,0,2,3,1249,1249,0,0,-2,1248,1250,2,0,-2
1787456658.052,U2,0,1,-,219.0,1103,3131,-20,2,-1,1091,1090,-1,0,-1,675,674,-1,3,-7,3506,3506,0,2,3,1249,1249,0,0,-2,1248,1250,2,0,-2
1787456658.291,U2,0,1,-,219.0,3135,1099,12,0,-3,1091,1090,-1,0,-1,675,674,-1,3,-7,3505,3506,1,2,3,1249,1250,1,0,-1,1248,1250,2,0,-2
1787456658.528,U2,0,1,-,219.0,1103,3131,-20,2,-1,1091,1090,-1,0,-1,675,674,-1,3,-7,3506,3506,0,2,3,1249,1250,1,0,-1,1248,1250,2,0,-2
1787456658.766,U2,0,1,-,219.0,3135,1099,12,0,-3,1091,1090,-1,0,-1,675,674,-1,3,-7,3506,3506,0,2,3,1249,1250,1,0,-1,1248,1250,2,0,-2
1787456659.004,U2,0,1,-,219.0,1102,3131,-19,2,-1,1091,1090,-1,0,-1,675,674,-1,3,-7,3506,3506,0,2,3,1249,1250,1,0,-1,1248,1250,2,0,-2
1787456659.174,U,0,1,-,119.0,3135,2119,8,1,-3,1091,1090,-1,0,-1,675,674,-1,3,-7,3506,3506,0,2,3,1249,1250,1,0,-1,1248,1250,2,0,-2
1787456659.307,U',0,1,-,119.0,2123,3132,-15,2,0,1091,1090,-1,0,-1,675,674,-1,3,-7,3506,3506,0,2,3,1249,1249,0,0,-2,1248,1250,2,0,-2
1787456659.448,U',0,1,-,119.0,3134,61,-1,3,-3,1091,1090,-1,0,-1,675,674,-1,3,-7,3505,3506,1,2,3,1249,1250,1,0,-1,1248,1250,2,0,-2
1787456659.582,U,0,1,-,119.0,63,3131,-4,2,-1,1091,1090,-1,0,-1,675,674,-1,3,-7,3506,3506,0,2,3,1249,1249,0,0,-2,1248,1250,2,0,-2
1787456659.722,U,0,1,-,119.0,3135,2119,8,1,-3,1091,1090,-1,0,-1,675,673,-2,3,-8,3505,3506,1,2,3,1249,1250,1,0,-1,1248,1250,2,0,-2
1787456659.860,U',0,1,-,119.0,2123,3132,-15,2,0,1091,1090,-1,0,-1,675,674,-1,3,-7,3505,3506,1,2,3,1249,1250,1,0,-1,1248,1250,2,0,-2
1787456659.997,U',0,1,-,119.0,3134,61,-1,3,-3,1091,1090,-1,0,-1,675,674,-1,3,-7,3506,3506,0,2,3,1249,1250,1,0,-1,1248,1250,2,0,-2
1787456660.134,U,0,1,-,119.0,63,3131,-4,2,-1,1091,1090,-1,0,-1,675,674,-1,3,-7,3506,3506,0,2,3,1249,1250,1,0,-1,1248,1250,2,0,-2
1787456660.273,U,0,1,-,119.0,3135,2118,7,1,-4,1091,1090,-1,0,-1,675,674,-1,3,-7,3505,3506,1,2,3,1249,1250,1,0,-1,1248,1250,2,0,-2
1787456660.401,U',0,1,-,119.0,2123,3132,-15,2,0,1091,1090,-1,0,-1,675,674,-1,3,-7,3506,3506,0,2,3,1249,1250,1,0,-1,1248,1250,2,0,-2
1787456660.545,U',0,1,-,119.0,3134,61,-1,3,-3,1091,1090,-1,0,-1,675,674,-1,3,-7,3506,3506,0,2,3,1249,1250,1,0,-1,1248,1250,2,0,-2
1787456660.686,U,0,1,-,119.0,63,3131,-4,2,-1,1091,1090,-1,0,-1,675,674,-1,3,-7,3505,3506,1,2,3,1249,1249,0,0,-2,1248,1250,2,0,-2
1787456660.820,U,0,1,-,119.0,3136,2118,6,1,-4,1091,1090,-1,0,-1,675,674,-1,3,-7,3506,3506,0,2,3,1250,1250,0,0,-1,1248,1250,2,0,-2
1787456660.961,U',0,1,-,119.0,2123,3133,-14,2,1,1091,1090,-1,0,-1,675,674,-1,3,-7,3505,3506,1,2,3,1250,1250,0,0,-1,1248,1250,2,0,-2
1787456661.091,U',0,1,-,119.0,3134,61,-1,3,-3,1091,1090,-1,0,-1,675,674,-1,3,-7,3505,3506,1,2,3,1249,1250,1,0,-1,1248,1250,2,0,-2
1787456661.234,U,0,1,-,119.0,63,3131,-4,2,-1,1091,1090,-1,0,-1,675,674,-1,3,-7,3506,3506,0,2,3,1249,1250,1,0,-1,1248,1250,2,0,-2
1787456661.367,U,0,1,-,119.0,3136,2118,6,1,-4,1091,1090,-1,0,-1,675,674,-1,3,-7,3505,3506,1,2,3,1249,1250,1,0,-1,1248,1250,2,0,-2
1787456661.500,U',0,1,-,119.0,2123,3132,-15,2,0,1091,1090,-1,0,-1,675,674,-1,3,-7,3506,3506,0,2,3,1249,1250,1,0,-1,1248,1250,2,0,-2
1787456661.646,U',0,1,-,119.0,3134,61,-1,3,-3,1091,1090,-1,0,-1,675,674,-1,3,-7,3505,3506,1,2,3,1249,1250,1,0,-1,1248,1250,2,0,-2
1787456661.782,U,0,1,-,119.0,63,3131,-4,2,-1,1091,1090,-1,0,-1,675,674,-1,3,-7,3506,3506,0,2,3,1249,1250,1,0,-1,1248,1250,2,0,-2
1787456661.923,U,0,1,-,119.0,3135,2118,7,1,-4,1091,1090,-1,0,-1,675,674,-1,3,-7,3506,3506,0,2,3,1249,1250,1,0,-1,1248,1250,2,0,-2
1787456662.060,U',0,1,-,119.0,2123,3132,-15,2,0,1091,1091,0,0,0,675,674,-1,3,-7,3505,3506,1,2,3,1249,1250,1,0,-1,1248,1250,2,0,-2
1787456662.198,U',0,1,-,119.0,3134,61,-1,3,-3,1091,1090,-1,0,-1,675,674,-1,3,-7,3505,3506,1,2,3,1249,1250,1,0,-1,1248,1250,2,0,-2
1787456662.330,U,0,1,-,119.0,63,3131,-4,2,-1,1091,1090,-1,0,-1,675,674,-1,3,-7,3506,3506,0,2,3,1250,1250,0,0,-1,1248,1250,2,0,-2
1787456662.464,U,0,1,-,119.0,3135,2118,7,1,-4,1091,1090,-1,0,-1,675,674,-1,3,-7,3506,3505,-1,2,2,1249,1250,1,0,-1,1248,1250,2,0,-2
1787456662.601,U',0,1,-,119.0,2123,3132,-15,2,0,1091,1090,-1,0,-1,675,673,-2,3,-8,3505,3505,0,2,2,1249,1250,1,0,-1,1248,1250,2,0,-2
1787456662.748,U',0,1,-,119.0,3134,61,-1,3,-3,1091,1090,-1,0,-1,675,674,-1,3,-7,3505,3506,1,2,3,1249,1250,1,0,-1,1248,1250,2,0,-2
1787456662.886,U,0,1,-,119.0,64,3131,-5,2,-1,1091,1090,-1,0,-1,675,674,-1,3,-7,3505,3506,1,2,3,1249,1250,1,0,-1,1248,1250,2,0,-2
1787456663.023,U,0,1,-,119.0,3135,2119,8,1,-3,1091,1090,-1,0,-1,675,674,-1,3,-7,3505,3506,1,2,3,1249,1250,1,0,-1,1248,1250,2,0,-2
1787456663.160,U',0,1,-,119.0,2123,3132,-15,2,0,1091,1090,-1,0,-1,675,674,-1,3,-7,3506,3506,0,2,3,1249,1250,1,0,-1,1248,1250,2,0,-2
1787456663.298,U',0,1,-,119.0,3134,61,-1,3,-3,1091,1090,-1,0,-1,675,674,-1,3,-7,3506,3506,0,2,3,1249,1250,1,0,-1,1248,1250,2,0,-2
1787456663.435,U,0,1,-,119.0,63,3131,-4,2,-1,1091,1090,-1,0,-1,675,674,-1,3,-7,3506,3506,0,2,3,1249,1250,1,0,-1,1248,1250,2,0,-2
1787456663.568,U,0,1,-,119.0,3135,2118,7,1,-4,1091,1090,-1,0,-1,675,674,-1,3,-7,3506,3506,0,2,3,1249,1249,0,0,-2,1248,1250,2,0,-2
1787456663.701,U',0,1,-,119.0,2123,3132,-15,2,0,1091,1090,-1,0,-1,675,674,-1,3,-7,3506,3506,0,2,3,1250,1250,0,0,-1,1248,1250,2,0,-2
1787456663.840,U',0,1,-,119.0,3135,61,-2,3,-3,1091,1090,-1,0,-1,675,674,-1,3,-7,3505,3505,0,2,2,1250,1250,0,0,-1,1248,1250,2,0,-2
1787456663.983,U,0,1,-,119.0,63,3131,-4,2,-1,1091,1090,-1,0,-1,675,674,-1,3,-7,3505,3506,1,2,3,1249,1249,0,0,-2,1248,1250,2,0,-2
1787456664.116,U,0,1,-,119.0,3135,2118,7,1,-4,1091,1091,0,0,0,675,674,-1,3,-7,3506,3505,-1,2,2,1249,1250,1,0,-1,1248,1250,2,0,-2
1787456664.259,U',0,1,-,119.0,2123,3132,-15,2,0,1091,1090,-1,0,-1,675,674,-1,3,-7,3505,3506,1,2,3,1249,1250,1,0,-1,1248,1250,2,0,-2
1787456664.398,U',0,1,-,119.0,3134,61,-1,3,-3,1091,1090,-1,0,-1,675,674,-1,3,-7,3505,3505,0,2,2,1249,1250,1,0,-1,1248,1250,2,0,-2
1787456664.531,U,0,1,-,119.0,63,3131,-4,2,-1,1091,1090,-1,0,-1,675,674,-1,3,-7,3506,3506,0,2,3,1250,1250,0,0,-1,1248,1250,2,0,-2
1787456664.672,U,0,1,-,119.0,3135,2119,8,1,-3,1091,1090,-1,0,-1,675,674,-1,3,-7,3505,3506,1,2,3,1249,1250,1,0,-1,1248,1250,2,0,-2
1787456664.809,U',0,1,-,119.0,2123,3132,-15,2,0,1091,1090,-1,0,-1,675,674,-1,3,-7,3505,3506,1,2,3,1249,1250,1,0,-1,1248,1250,2,0,-2
1787456664.947,U',0,1,-,119.0,3134,61,-1,3,-3,1091,1090,-1,0,-1,675,674,-1,3,-7,3505,3506,1,2,3,1249,1250,1,0,-1,1248,1250,2,0,-2
1787456665.084,U,0,1,-,119.0,63,3131,-4,2,-1,1091,1090,-1,0,-1,675,674,-1,3,-7,3506,3506,0,2,3,1250,1250,0,0,-1,1248,1250,2,0,-2
1787456665.217,U,0,1,-,119.0,3135,2118,7,1,-4,1091,1090,-1,0,-1,675,674,-1,3,-7,3505,3506,1,2,3,1249,1249,0,0,-2,1248,1250,2,0,-2
1787456665.361,U',0,1,-,119.0,2123,3132,-15,2,0,1091,1090,-1,0,-1,675,674,-1,3,-7,3506,3506,0,2,3,1249,1250,1,0,-1,1248,1250,2,0,-2
1787456665.498,U',0,1,-,119.0,3133,61,0,3,-3,1091,1090,-1,0,-1,675,674,-1,3,-7,3506,3506,0,2,3,1249,1250,1,0,-1,1248,1250,2,0,-2
1787456665.635,U,0,1,-,119.0,63,3131,-4,2,-1,1091,1090,-1,0,-1,675,674,-1,3,-7,3505,3506,1,2,3,1249,1250,1,0,-1,1248,1250,2,0,-2
1787456665.773,U,0,1,-,119.0,3135,2119,8,1,-3,1091,1090,-1,0,-1,675,674,-1,3,-7,3506,3506,0,2,3,1249,1250,1,0,-1,1248,1250,2,0,-2
1787456665.908,U',0,1,-,119.0,2122,3132,-14,2,0,1091,1090,-1,0,-1,675,674,-1,3,-7,3505,3506,1,2,3,1250,1250,0,0,-1,1248,1250,2,0,-2
1787456666.041,U',0,1,-,119.0,3134,61,-1,3,-3,1091,1090,-1,0,-1,675,674,-1,3,-7,3505,3506,1,2,3,1249,1250,1,0,-1,1248,1250,2,0,-2
1787456666.183,U,0,1,-,119.0,63,3131,-4,2,-1,1091,1090,-1,0,-1,675,674,-1,3,-7,3506,3506,0,2,3,1249,1250,1,0,-1,1248,1250,2,0,-2
1787456666.322,U,0,1,-,119.0,3135,2118,7,1,-4,1091,1090,-1,0,-1,675,674,-1,3,-7,3505,3505,0,2,2,1250,1250,0,0,-1,1248,1250,2,0,-2
1787456666.459,U',0,1,-,119.0,2123,3132,-15,2,0,1091,1090,-1,0,-1,675,674,-1,3,-7,3505,3506,1,2,3,1249,1250,1,0,-1,1248,1250,2,0,-2
1787456666.592,U',0,1,-,119.0,3134,61,-1,3,-3,1091,1090,-1,0,-1,675,674,-1,3,-7,3506,3506,0,2,3,1249,1250,1,0,-1,1248,1250,2,0,-2
1787456666.732,U,0,1,-,119.0,63,3131,-4,2,-1,1091,1090,-1,0,-1,675,674,-1,3,-7,3505,3506,1,2,3,1249,1250,1,0,-1,1248,1250,2,0,-2
1787456666.865,U,0,1,-,119.0,3135,2118,7,1,-4,1091,1090,-1,0,-1,675,674,-1,3,-7,3506,3506,0,2,3,1249,1250,1,0,-1,1248,1250,2,0,-2
1787456666.997,U',0,1,-,119.0,2123,3132,-15,2,0,1091,1090,-1,0,-1,675,674,-1,3,-7,3506,3506,0,2,3,1250,1249,-1,0,-2,1248,1250,2,0,-2
1787456667.147,U',0,1,-,119.0,3134,61,-1,3,-3,1091,1090,-1,0,-1,675,674,-1,3,-7,3505,3506,1,2,3,1249,1250,1,0,-1,1248,1250,2,0,-2
1787456667.285,U,0,1,-,119.0,63,3131,-4,2,-1,1091,1090,-1,0,-1,675,674,-1,3,-7,3505,3506,1,2,3,1249,1249,0,0,-2,1248,1250,2,0,-2
1787456667.424,U,0,1,-,119.0,3135,2119,8,1,-3,1091,1090,-1,0,-1,675,674,-1,3,-7,3506,3506,0,2,3,1249,1249,0,0,-2,1248,1250,2,0,-2
1787456667.558,U',0,1,-,119.0,2123,3132,-15,2,0,1091,1090,-1,0,-1,675,674,-1,3,-7,3505,3506,1,2,3,1249,1250,1,0,-1,1248,1250,2,0,-2
1787456667.698,U',0,1,-,119.0,3134,61,-1,3,-3,1091,1090,-1,0,-1,675,674,-1,3,-7,3505,3506,1,2,3,1249,1250,1,0,-1,1248,1250,2,0,-2
1787456667.835,U,0,1,-,119.0,63,3131,-4,2,-1,1091,1090,-1,0,-1,675,674,-1,3,-7,3505,3506,1,2,3,1249,1250,1,0,-1,1248,1250,2,0,-2
1787456667.972,U,0,1,-,119.0,3135,2119,8,1,-3,1091,1090,-1,0,-1,675,674,-1,3,-7,3506,3506,0,2,3,1249,1250,1,0,-1,1248,1250,2,0,-2
1787456668.101,U',0,1,-,119.0,2123,3132,-15,2,0,1091,1090,-1,0,-1,675,674,-1,3,-7,3505,3506,1,2,3,1250,1250,0,0,-1,1248,1250,2,0,-2
1787456668.248,U',0,1,-,119.0,3134,61,-1,3,-3,1091,1090,-1,0,-1,675,674,-1,3,-7,3505,3506,1,2,3,1250,1250,0,0,-1,1248,1250,2,0,-2
1787456668.384,U,0,1,-,119.0,63,3131,-4,2,-1,1091,1090,-1,0,-1,675,674,-1,3,-7,3506,3505,-1,2,2,1249,1250,1,0,-1,1248,1250,2,0,-2
1787456668.519,U,0,1,-,119.0,3135,2119,8,1,-3,1091,1090,-1,0,-1,675,674,-1,3,-7,3505,3506,1,2,3,1250,1250,0,0,-1,1248,1250,2,0,-2
1787456668.658,U',0,1,-,119.0,2123,3132,-15,2,0,1091,1090,-1,0,-1,675,674,-1,3,-7,3505,3506,1,2,3,1249,1249,0,0,-2,1248,1250,2,0,-2
1787456668.790,U',0,1,-,119.0,3134,61,-1,3,-3,1091,1090,-1,0,-1,675,674,-1,3,-7,3505,3506,1,2,3,1250,1250,0,0,-1,1248,1250,2,0,-2
1787456668.933,U,0,1,-,119.0,63,3131,-4,2,-1,1091,1090,-1,0,-1,675,674,-1,3,-7,3505,3506,1,2,3,1249,1250,1,0,-1,1248,1250,2,0,-2
1787456669.065,U,0,1,-,119.0,3135,2119,8,1,-3,1091,1090,-1,0,-1,675,674,-1,3,-7,3505,3506,1,2,3,1249,1250,1,0,-1,1248,1250,2,0,-2
1787456669.199,U',0,1,-,119.0,2123,3132,-15,2,0,1091,1090,-1,0,-1,675,673,-2,3,-8,3505,3506,1,2,3,1249,1250,1,0,-1,1248,1250,2,0,-2
1787456669.347,U',0,1,-,119.0,3134,61,-1,3,-3,1091,1090,-1,0,-1,675,674,-1,3,-7,3506,3505,-1,2,2,1249,1250,1,0,-1,1248,1250,2,0,-2
1787456669.484,U,0,1,-,119.0,63,3131,-4,2,-1,1091,1090,-1,0,-1,675,674,-1,3,-7,3506,3506,0,2,3,1249,1250,1,0,-1,1248,1250,2,0,-2
1787456669.621,U,0,1,-,119.0,3135,2119,8,1,-3,1091,1090,-1,0,-1,675,674,-1,3,-7,3506,3506,0,2,3,1249,1250,1,0,-1,1248,1250,2,0,-2
1787456669.758,U',0,1,-,119.0,2123,3132,-15,2,0,1091,1090,-1,0,-1,675,674,-1,3,-7,3505,3506,1,2,3,1249,1250,1,0,-1,1248,1250,2,0,-2
1787456669.883,U',0,1,-,119.0,3134,61,-1,3,-3,1091,1090,-1,0,-1,675,674,-1,3,-7,3506,3506,0,2,3,1249,1250,1,0,-1,1248,1250,2,0,-2
1787456670.035,U,0,1,-,119.0,63,3131,-4,2,-1,1091,1090,-1,0,-1,675,674,-1,3,-7,3506,3506,0,2,3,1249,1250,1,0,-1,1248,1250,2,0,-2
1787456670.172,U,0,1,-,119.0,3135,2118,7,1,-4,1091,1090,-1,0,-1,675,674,-1,3,-7,3506,3506,0,2,3,1249,1250,1,0,-1,1248,1250,2,0,-2
1787456670.309,U',0,1,-,119.0,2123,3132,-15,2,0,1091,1090,-1,0,-1,675,674,-1,3,-7,3506,3506,0,2,3,1249,1249,0,0,-2,1248,1250,2,0,-2
1787456670.447,U',0,1,-,119.0,3134,61,-1,3,-3,1091,1090,-1,0,-1,675,674,-1,3,-7,3505,3506,1,2,3,1250,1249,-1,0,-2,1248,1250,2,0,-2
1787456670.583,U,0,1,-,119.0,63,3131,-4,2,-1,1091,1090,-1,0,-1,675,674,-1,3,-7,3505,3506,1,2,3,1249,1250,1,0,-1,1248,1250,2,0,-2
1787456670.718,U,0,1,-,119.0,3135,2119,8,1,-3,1091,1090,-1,0,-1,675,674,-1,3,-7,3505,3506,1,2,3,1249,1250,1,0,-1,1248,1250,2,0,-2
1787456670.859,U',0,1,-,119.0,2123,3132,-15,2,0,1091,1090,-1,0,-1,675,674,-1,3,-7,3506,3506,0,2,3,1250,1250,0,0,-1,1248,1250,2,0,-2
1787456670.992,U',0,1,-,119.0,3134,61,-1,3,-3,1091,1090,-1,0,-1,675,674,-1,3,-7,3505,3506,1,2,3,1249,1250,1,0,-1,1248,1250,2,0,-2
1787456671.133,U,0,1,-,119.0,63,3131,-4,2,-1,1091,1090,-1,0,-1,675,674,-1,3,-7,3505,3506,1,2,3,1249,1249,0,0,-2,1248,1250,2,0,-2
1787456671.269,U,0,1,-,119.0,3135,2119,8,1,-3,1091,1090,-1,0,-1,675,674,-1,3,-7,3505,3506,1,2,3,1249,1250,1,0,-1,1248,1250,2,0,-2
1787456671.399,U',0,1,-,119.0,2123,3132,-15,2,0,1091,1090,-1,0,-1,675,674,-1,3,-7,3505,3506,1,2,3,1249,1250,1,0,-1,1248,1250,2,0,-2
1787456671.547,U',0,1,-,119.0,3134,61,-1,3,-3,1091,1090,-1,0,-1,675,674,-1,3,-7,3506,3506,0,2,3,1250,1250,0,0,-1,1248,1250,2,0,-2
1787456671.684,U,0,1,-,119.0,63,3131,-4,2,-1,1091,1090,-1,0,-1,675,674,-1,3,-7,3505,3506,1,2,3,1249,1250,1,0,-1,1248,1250,2,0,-2
1787456671.819,U,0,1,-,119.0,3135,2118,7,1,-4,1091,1090,-1,0,-1,675,674,-1,3,-7,3506,3506,0,2,3,1249,1250,1,0,-1,1248,1250,2,0,-2
1787456671.953,U',0,1,-,119.0,2123,3132,-15,2,0,1091,1090,-1,0,-1,675,674,-1,3,-7,3506,3506,0,2,3,1250,1250,0,0,-1,1248,1250,2,0,-2
1787456672.099,U',0,1,-,119.0,3134,61,-1,3,-3,1091,1090,-1,0,-1,675,674,-1,3,-7,3506,3506,0,2,3,1249,1250,1,0,-1,1248,1250,2,0,-2
1787456672.234,U,0,1,-,119.0,63,3131,-4,2,-1,1091,1090,-1,0,-1,675,674,-1,3,-7,3505,3506,1,2,3,1249,1250,1,0,-1,1248,1249,1,0,-3
1787456672.367,U,0,1,-,119.0,3136,2119,7,1,-3,1091,1090,-1,0,-1,675,674,-1,3,-7,3506,3506,0,2,3,1249,1249,0,0,-2,1248,1250,2,0,-2
1787456672.510,U',0,1,-,119.0,2123,3132,-15,2,0,1091,1090,-1,0,-1,675,674,-1,3,-7,3506,3506,0,2,3,1250,1250,0,0,-1,1248,1250,2,0,-2
1787456672.647,U',0,1,-,119.0,3134,61,-1,3,-3,1091,1090,-1,0,-1,675,674,-1,3,-7,3505,3506,1,2,3,1250,1250,0,0,-1,1248,1250,2,0,-2
1787456672.785,U,0,1,-,119.0,63,3131,-4,2,-1,1091,1090,-1,0,-1,675,674,-1,3,-7,3505,3506,1,2,3,1249,1250,1,0,-1,1248,1250,2,0,-2
1787456672.918,U,0,1,-,119.0,3135,2118,7,1,-4,1091,1090,-1,0,-1,675,674,-1,3,-7,3506,3506,0,2,3,1249,1250,1,0,-1,1248,1250,2,0,-2
1787456673.051,U',0,1,-,119.0,2123,3132,-15,2,0,1091,1090,-1,0,-1,675,674,-1,3,-7,3506,3505,-1,2,2,1249,1250,1,0,-1,1248,1250,2,0,-2
1787456673.187,U',0,1,-,119.0,3134,61,-1,3,-3,1091,1090,-1,0,-1,675,674,-1,3,-7,3505,3506,1,2,3,1250,1250,0,0,-1,1248,1250,2,0,-2
1787456673.334,U,0,1,-,119.0,63,3131,-4,2,-1,1091,1090,-1,0,-1,675,674,-1,3,-7,3506,3506,0,2,3,1249,1250,1,0,-1,1248,1250,2,0,-2
1787456673.470,U,0,1,-,119.0,3135,2119,8,1,-3,1091,1090,-1,0,-1,675,674,-1,3,-7,3505,3506,1,2,3,1249,1250,1,0,-1,1248,1249,1,0,-3
1787456673.600,U',0,1,-,119.0,2123,3132,-15,2,0,1091,1090,-1,0,-1,675,674,-1,3,-7,3506,3506,0,2,3,1250,1250,0,0,-1,1248,1250,2,0,-2
1787456673.746,U',0,1,-,119.0,3134,61,-1,3,-3,1091,1091,0,0,0,675,673,-2,3,-8,3506,3506,0,2,3,1249,1250,1,0,-1,1248,1250,2,0,-2
1787456673.884,U,0,1,-,119.0,63,3131,-4,2,-1,1091,1091,0,0,0,675,674,-1,3,-7,3506,3506,0,2,3,1249,1250,1,0,-1,1248,1250,2,0,-2
1787456674.019,U,0,1,-,119.0,3135,2118,7,1,-4,1091,1090,-1,0,-1,675,674,-1,3,-7,3506,3506,0,2,3,1250,1250,0,0,-1,1248,1250,2,0,-2
1787456674.158,U',0,1,-,119.0,2123,3132,-15,2,0,1091,1090,-1,0,-1,675,673,-2,3,-8,3506,3506,0,2,3,1250,1250,0,0,-1,1248,1250,2,0,-2
1787456674.296,U',0,1,-,119.0,3134,61,-1,3,-3,1091,1090,-1,0,-1,675,674,-1,3,-7,3506,3505,-1,2,2,1249,1250,1,0,-1,1248,1250,2,0,-2
1787456674.433,U,0,1,-,119.0,63,3131,-4,2,-1,1091,1090,-1,0,-1,675,674,-1,3,-7,3505,3506,1,2,3,1249,1250,1,0,-1,1248,1250,2,0,-2
1787456674.572,U,0,1,-,119.0,3135,2119,8,1,-3,1091,1090,-1,0,-1,675,674,-1,3,-7,3505,3506,1,2,3,1249,1250,1,0,-1,1248,1250,2,0,-2
1787456674.705,U',0,1,-,119.0,2123,3132,-15,2,0,1091,1090,-1,0,-1,675,674,-1,3,-7,3505,3506,1,2,3,1249,1250,1,0,-1,1248,1250,2,0,-2
1787456674.844,U',0,1,-,119.0,3134,61,-1,3,-3,1091,1090,-1,0,-1,675,674,-1,3,-7,3505,3506,1,2,3,1250,1250,0,0,-1,1248,1250,2,0,-2
1787456674.984,U,0,1,-,119.0,63,3131,-4,2,-1,1091,1090,-1,0,-1,675,674,-1,3,-7,3505,3506,1,2,3,1249,1249,0,0,-2,1248,1250,2,0,-2
1787456675.118,U,0,1,-,119.0,3135,2118,7,1,-4,1091,1090,-1,0,-1,675,674,-1,3,-7,3505,3506,1,2,3,1249,1250,1,0,-1,1248,1250,2,0,-2
1787456675.251,U',0,1,-,119.0,2123,3132,-15,2,0,1091,1090,-1,0,-1,675,674,-1,3,-7,3505,3505,0,2,2,1249,1250,1,0,-1,1248,1250,2,0,-2
1787456675.397,U',0,1,-,119.0,3134,61,-1,3,-3,1091,1090,-1,0,-1,675,674,-1,3,-7,3505,3506,1,2,3,1250,1250,0,0,-1,1248,1250,2,0,-2
1787456675.533,U,0,1,-,119.0,63,3131,-4,2,-1,1091,1090,-1,0,-1,675,674,-1,3,-7,3505,3506,1,2,3,1249,1250,1,0,-1,1248,1250,2,0,-2
1787456675.672,U,0,1,-,119.0,3135,2118,7,1,-4,1091,1090,-1,0,-1,675,674,-1,3,-7,3505,3506,1,2,3,1249,1250,1,0,-1,1248,1250,2,0,-2
1787456675.808,U',0,1,-,119.0,2123,3132,-15,2,0,1091,1090,-1,0,-1,675,674,-1,3,-7,3505,3506,1,2,3,1250,1250,0,0,-1,1248,1250,2,0,-2
1787456675.942,U',0,1,-,119.0,3134,61,-1,3,-3,1091,1090,-1,0,-1,675,674,-1,3,-7,3505,3506,1,2,3,1249,1250,1,0,-1,1248,1250,2,0,-2
1787456676.083,U,0,1,-,119.0,63,3131,-4,2,-1,1091,1090,-1,0,-1,675,674,-1,3,-7,3506,3506,0,2,3,1249,1249,0,0,-2,1248,1250,2,0,-2
1787456676.215,U,0,1,-,119.0,3135,2119,8,1,-3,1091,1090,-1,0,-1,675,674,-1,3,-7,3505,3506,1,2,3,1249,1250,1,0,-1,1248,1250,2,0,-2
1787456676.351,U',0,1,-,119.0,2123,3132,-15,2,0,1091,1090,-1,0,-1,675,674,-1,3,-7,3505,3506,1,2,3,1249,1249,0,0,-2,1248,1250,2,0,-2
1787456676.497,U',0,1,-,119.0,3133,61,0,3,-3,1091,1090,-1,0,-1,675,674,-1,3,-7,3505,3506,1,2,3,1249,1250,1,0,-1,1248,1250,2,0,-2
1787456676.634,U,0,1,-,119.0,63,3131,-4,2,-1,1091,1090,-1,0,-1,675,674,-1,3,-7,3505,3506,1,2,3,1249,1250,1,0,-1,1248,1250,2,0,-2
1787456676.770,U,0,1,-,119.0,3135,2118,7,1,-4,1091,1090,-1,0,-1,675,674,-1,3,-7,3506,3506,0,2,3,1249,1250,1,0,-1,1248,1250,2,0,-2
1787456676.904,U',0,1,-,119.0,2123,3132,-15,2,0,1091,1090,-1,0,-1,675,674,-1,3,-7,3505,3506,1,2,3,1249,1249,0,0,-2,1248,1250,2,0,-2
1787456677.037,U',0,1,-,119.0,3134,61,-1,3,-3,1091,1090,-1,0,-1,675,674,-1,3,-7,3505,3506,1,2,3,1249,1250,1,0,-1,1248,1250,2,0,-2
1787456677.185,U,0,1,-,119.0,63,3131,-4,2,-1,1091,1090,-1,0,-1,675,674,-1,3,-7,3505,3506,1,2,3,1249,1250,1,0,-1,1248,1250,2,0,-2
1787456677.322,U,0,1,-,119.0,3135,2119,8,1,-3,1091,1090,-1,0,-1,675,674,-1,3,-7,3506,3506,0,2,3,1249,1250,1,0,-1,1248,1250,2,0,-2
1787456677.460,U',0,1,-,119.0,2123,3132,-15,2,0,1091,1090,-1,0,-1,675,674,-1,3,-7,3505,3506,1,2,3,1249,1250,1,0,-1,1248,1250,2,0,-2
1787456677.597,U',0,1,-,119.0,3134,61,-1,3,-3,1091,1090,-1,0,-1,675,674,-1,3,-7,3506,3506,0,2,3,1249,1250,1,0,-1,1248,1250,2,0,-2
1787456677.734,U,0,1,-,119.0,63,3131,-4,2,-1,1091,1090,-1,0,-1,675,674,-1,3,-7,3505,3506,1,2,3,1249,1250,1,0,-1,1248,1250,2,0,-2
1787456677.869,U,0,1,-,119.0,3135,2118,7,1,-4,1091,1090,-1,0,-1,675,674,-1,3,-7,3506,3506,0,2,3,1249,1250,1,0,-1,1248,1250,2,0,-2
1787456678.003,U',0,1,-,119.0,2123,3132,-15,2,0,1091,1090,-1,0,-1,675,674,-1,3,-7,3505,3506,1,2,3,1249,1250,1,0,-1,1248,1250,2,0,-2
1787456678.139,U',0,1,-,119.0,3134,61,-1,3,-3,1091,1090,-1,0,-1,675,674,-1,3,-7,3505,3506,1,2,3,1249,1250,1,0,-1,1248,1250,2,0,-2
1787456678.284,U,0,1,-,119.0,63,3131,-4,2,-1,1091,1090,-1,0,-1,675,674,-1,3,-7,3505,3506,1,2,3,1249,1250,1,0,-1,1248,1250,2,0,-2
1787456678.416,U,0,1,-,119.0,3135,2118,7,1,-4,1091,1090,-1,0,-1,675,674,-1,3,-7,3505,3506,1,2,3,1249,1249,0,0,-2,1248,1250,2,0,-2
1787456678.559,U',0,1,-,119.0,2123,3132,-15,2,0,1091,1090,-1,0,-1,675,674,-1,3,-7,3506,3506,0,2,3,1249,1250,1,0,-1,1248,1250,2,0,-2
1787456678.697,U',0,1,-,119.0,3134,61,-1,3,-3,1091,1090,-1,0,-1,675,674,-1,3,-7,3505,3506,1,2,3,1249,1250,1,0,-1,1248,1250,2,0,-2
1787456678.834,U,0,1,-,119.0,63,3131,-4,2,-1,1091,1090,-1,0,-1,675,674,-1,3,-7,3506,3505,-1,2,2,1249,1250,1,0,-1,1248,1250,2,0,-2
1787456678.972,U,0,1,-,119.0,3135,2119,8,1,-3,1091,1090,-1,0,-1,675,674,-1,3,-7,3506,3506,0,2,3,1249,1250,1,0,-1,1248,1250,2,0,-2
1787456679.108,U',0,1,-,119.0,2123,3132,-15,2,0,1091,1090,-1,0,-1,675,674,-1,3,-7,3505,3506,1,2,3,1249,1250,1,0,-1,1248,1250,2,0,-2
1787456679.247,U',0,1,-,119.0,3134,61,-1,3,-3,1091,1090,-1,0,-1,675,674,-1,3,-7,3505,3505,0,2,2,1249,1249,0,0,-2,1248,1250,2,0,-2
1787456679.383,U,0,1,-,119.0,63,3131,-4,2,-1,1091,1090,-1,0,-1,675,674,-1,3,-7,3506,3506,0,2,3,1249,1250,1,0,-1,1248,1250,2,0,-2
1787456679.522,U,0,1,-,119.0,3135,2119,8,1,-3,1091,1090,-1,0,-1,675,674,-1,3,-7,3505,3506,1,2,3,1250,1250,0,0,-1,1248,1250,2,0,-2
1787456679.659,U',0,1,-,119.0,2123,3132,-15,2,0,1091,1090,-1,0,-1,675,674,-1,3,-7,3506,3506,0,2,3,1249,1250,1,0,-1,1248,1250,2,0,-2
1787456679.796,U',0,1,-,119.0,3134,61,-1,3,-3,1091,1090,-1,0,-1,675,674,-1,3,-7,3505,3506,1,2,3,1249,1250,1,0,-1,1248,1250,2,0,-2
1787456679.934,U,0,1,-,119.0,63,3131,-4,2,-1,1091,1090,-1,0,-1,675,674,-1,3,-7,3505,3505,0,2,2,1249,1250,1,0,-1,1248,1250,2,0,-2
1787456680.071,U,0,1,-,119.0,3135,2119,8,1,-3,1091,1090,-1,0,-1,675,674,-1,3,-7,3505,3506,1,2,3,1250,1250,0,0,-1,1248,1250,2,0,-2
1787456680.210,U',0,1,-,119.0,2123,3132,-15,2,0,1091,1090,-1,0,-1,675,674,-1,3,-7,3505,3506,1,2,3,1249,1250,1,0,-1,1248,1250,2,0,-2
1787456680.345,U',0,1,-,119.0,3134,61,-1,3,-3,1091,1090,-1,0,-1,675,674,-1,3,-7,3506,3506,0,2,3,1249,1250,1,0,-1,1248,1250,2,0,-2
1787456680.483,U,0,1,-,119.0,63,3132,-3,2,0,1091,1091,0,0,0,675,674,-1,3,-7,3506,3506,0,2,3,1249,1250,1,0,-1,1248,1250,2,0,-2
1787456680.620,U,0,1,-,119.0,3135,2118,7,1,-4,1091,1090,-1,0,-1,675,674,-1,3,-7,3506,3505,-1,2,2,1249,1250,1,0,-1,1248,1250,2,0,-2
1787456680.754,U',0,1,-,119.0,2123,3132,-15,2,0,1091,1090,-1,0,-1,675,674,-1,3,-7,3505,3505,0,2,2,1249,1250,1,0,-1,1248,1250,2,0,-2
1787456680.890,U',0,1,-,119.0,3134,61,-1,3,-3,1091,1090,-1,0,-1,675,674,-1,3,-7,3506,3505,-1,2,2,1249,1250,1,0,-1,1248,1250,2,0,-2
1787456681.033,U,0,1,-,119.0,63,3131,-4,2,-1,1091,1090,-1,0,-1,675,674,-1,3,-7,3505,3506,1,2,3,1249,1250,1,0,-1,1248,1250,2,0,-2
1787456681.172,U,0,1,-,119.0,3135,2118,7,1,-4,1091,1090,-1,0,-1,675,674,-1,3,-7,3505,3506,1,2,3,1249,1250,1,0,-1,1248,1250,2,0,-2
1787456681.299,U',0,1,-,119.0,2123,3132,-15,2,0,1091,1090,-1,0,-1,675,674,-1,3,-7,3505,3506,1,2,3,1249,1250,1,0,-1,1248,1250,2,0,-2
1787456681.446,U',0,1,-,119.0,3134,61,-1,3,-3,1091,1090,-1,0,-1,675,674,-1,3,-7,3506,3506,0,2,3,1249,1250,1,0,-1,1248,1250,2,0,-2
1787456681.584,U,0,1,-,119.0,63,3131,-4,2,-1,1091,1091,0,0,0,675,674,-1,3,-7,3505,3505,0,2,2,1250,1250,0,0,-1,1248,1250,2,0,-2
1787456681.719,U,0,1,-,119.0,3135,2118,7,1,-4,1091,1090,-1,0,-1,675,674,-1,3,-7,3505,3506,1,2,3,1249,1249,0,0,-2,1248,1250,2,0,-2
1787456681.859,U',0,1,-,119.0,2123,3132,-15,2,0,1091,1090,-1,0,-1,675,674,-1,3,-7,3506,3506,0,2,3,1249,1250,1,0,-1,1248,1250,2,0,-2
1787456681.997,U',0,1,-,119.0,3135,61,-2,3,-3,1091,1090,-1,0,-1,675,674,-1,3,-7,3505,3505,0,2,2,1249,1250,1,0,-1,1248,1250,2,0,-2
1787456682.135,U,0,1,-,119.0,63,3131,-4,2,-1,1091,1090,-1,0,-1,675,674,-1,3,-7,3505,3506,1,2,3,1249,1250,1,0,-1,1248,1250,2,0,-2
1787456682.268,U,0,1,-,119.0,3135,2119,8,1,-3,1091,1090,-1,0,-1,675,674,-1,3,-7,3505,3506,1,2,3,1249,1250,1,0,-1,1248,1250,2,0,-2
1787456682.409,U',0,1,-,119.0,2123,3132,-15,2,0,1091,1090,-1,0,-1,675,674,-1,3,-7,3505,3506,1,2,3,1250,1250,0,0,-1,1248,1250,2,0,-2
1787456682.547,U',0,1,-,119.0,3134,61,-1,3,-3,1091,1090,-1,0,-1,675,674,-1,3,-7,3505,3506,1,2,3,1249,1250,1,0,-1,1248,1250,2,0,-2
1787456682.684,U,0,1,-,119.0,63,3132,-3,2,0,1091,1090,-1,0,-1,675,674,-1,3,-7,3505,3506,1,2,3,1250,1250,0,0,-1,1248,1250,2,0,-2
1787456682.816,U,0,1,-,119.0,3135,2119,8,1,-3,1091,1090,-1,0,-1,675,674,-1,3,-7,3505,3506,1,2,3,1249,1250,1,0,-1,1248,1250,2,0,-2
1787456682.950,U',0,1,-,119.0,2123,3132,-15,2,0,1091,1090,-1,0,-1,675,674,-1,3,-7,3506,3506,0,2,3,1250,1250,0,0,-1,1248,1250,2,0,-2
1787456683.085,U',0,1,-,119.0,3134,61,-1,3,-3,1091,1090,-1,0,-1,675,674,-1,3,-7,3505,3506,1,2,3,1249,1250,1,0,-1,1248,1250,2,0,-2
1787456683.232,U,0,1,-,119.0,63,3131,-4,2,-1,1091,1090,-1,0,-1,675,674,-1,3,-7,3505,3506,1,2,3,1249,1250,1,0,-1,1248,1250,2,0,-2
1787456683.372,U,0,1,-,119.0,3135,2119,8,1,-3,1091,1090,-1,0,-1,675,674,-1,3,-7,3505,3506,1,2,3,1250,1250,0,0,-1,1248,1250,2,0,-2
1787456683.507,U',0,1,-,119.0,2123,3132,-15,2,0,1091,1090,-1,0,-1,675,674,-1,3,-7,3505,3506,1,2,3,1249,1250,1,0,-1,1248,1250,2,0,-2
1787456683.647,U',0,1,-,119.0,3134,61,-1,3,-3,1091,1090,-1,0,-1,675,674,-1,3,-7,3505,3506,1,2,3,1249,1250,1,0,-1,1248,1250,2,0,-2
1787456683.780,U,0,1,-,119.0,63,3132,-3,2,0,1091,1090,-1,0,-1,675,674,-1,3,-7,3505,3506,1,2,3,1249,1250,1,0,-1,1248,1250,2,0,-2
1787456683.914,U,0,1,-,119.0,3135,2118,7,1,-4,1091,1090,-1,0,-1,675,674,-1,3,-7,3506,3506,0,2,3,1249,1250,1,0,-1,1248,1250,2,0,-2
1787456684.058,U',0,1,-,119.0,2123,3132,-15,2,0,1091,1090,-1,0,-1,675,674,-1,3,-7,3505,3505,0,2,2,1249,1249,0,0,-2,1248,1250,2,0,-2
1787456684.196,U',0,1,-,119.0,3135,61,-2,3,-3,1091,1090,-1,0,-1,675,674,-1,3,-7,3506,3506,0,2,3,1249,1250,1,0,-1,1248,1250,2,0,-2
1787456684.334,U,0,1,-,119.0,63,3131,-4,2,-1,1091,1090,-1,0,-1,675,674,-1,3,-7,3505,3506,1,2,3,1249,1250,1,0,-1,1248,1250,2,0,-2
1787456684.472,U,0,1,-,119.0,3135,2119,8,1,-3,1091,1090,-1,0,-1,675,674,-1,3,-7,3505,3506,1,2,3,1250,1249,-1,0,-2,1249,1250,1,0,-2
1787456684.609,U',0,1,-,119.0,2123,3132,-15,2,0,1091,1090,-1,0,-1,675,674,-1,3,-7,3505,3506,1,2,3,1249,1249,0,0,-2,1248,1250,2,0,-2
1787456684.747,U',0,1,-,119.0,3134,61,-1,3,-3,1091,1090,-1,0,-1,675,674,-1,3,-7,3506,3506,0,2,3,1249,1249,0,0,-2,1248,1250,2,0,-2
1787456684.883,U,0,1,-,119.0,63,3131,-4,2,-1,1091,1090,-1,0,-1,675,674,-1,3,-7,3506,3506,0,2,3,1249,1250,1,0,-1,1248,1250,2,0,-2
1787456685.018,U,0,1,-,119.0,3135,2119,8,1,-3,1091,1090,-1,0,-1,675,674,-1,3,-7,3505,3506,1,2,3,1249,1250,1,0,-1,1248,1250,2,0,-2
1787456685.158,U',0,1,-,119.0,2123,3132,-15,2,0,1091,1090,-1,0,-1,675,674,-1,3,-7,3505,3506,1,2,3,1249,1250,1,0,-1,1248,1250,2,0,-2
1787456685.296,U',0,1,-,119.0,3134,61,-1,3,-3,1091,1090,-1,0,-1,675,674,-1,3,-7,3506,3506,0,2,3,1249,1249,0,0,-2,1248,1250,2,0,-2
1787456685.433,U,0,1,-,119.0,63,3131,-4,2,-1,1091,1090,-1,0,-1,675,674,-1,3,-7,3506,3506,0,2,3,1249,1250,1,0,-1,1248,1250,2,0,-2
1787456685.571,U,0,1,-,119.0,3135,2119,8,1,-3,1091,1090,-1,0,-1,675,674,-1,3,-7,3506,3506,0,2,3,1249,1250,1,0,-1,1248,1250,2,0,-2
1787456685.699,U',0,1,-,119.0,2123,3132,-15,2,0,1091,1090,-1,0,-1,675,674,-1,3,-7,3505,3506,1,2,3,1250,1250,0,0,-1,1248,1250,2,0,-2
1787456685.845,U',0,1,-,119.0,3134,61,-1,3,-3,1091,1090,-1,0,-1,675,674,-1,3,-7,3506,3506,0,2,3,1249,1250,1,0,-1,1248,1250,2,0,-2
1787456685.983,U,0,1,-,119.0,63,3131,-4,2,-1,1091,1090,-1,0,-1,675,674,-1,3,-7,3505,3506,1,2,3,1249,1250,1,0,-1,1248,1250,2,0,-2
1787456686.119,U,0,1,-,119.0,3136,2119,7,1,-3,1091,1090,-1,0,-1,675,673,-2,3,-8,3505,3506,1,2,3,1249,1249,0,0,-2,1248,1250,2,0,-2
1787456686.256,U',0,1,-,119.0,2123,3132,-15,2,0,1091,1090,-1,0,-1,675,674,-1,3,-7,3505,3505,0,2,2,1249,1250,1,0,-1,1248,1250,2,0,-2
1787456686.396,U',0,1,-,119.0,3134,61,-1,3,-3,1091,1090,-1,0,-1,675,674,-1,3,-7,3505,3506,1,2,3,1249,1250,1,0,-1,1248,1250,2,0,-2
1787456686.533,U,0,1,-,119.0,63,3131,-4,2,-1,1091,1090,-1,0,-1,675,674,-1,3,-7,3505,3506,1,2,3,1249,1250,1,0,-1,1248,1250,2,0,-2
1787456686.667,U,0,1,-,119.0,3135,2119,8,1,-3,1091,1090,-1,0,-1,675,674,-1,3,-7,3505,3506,1,2,3,1250,1250,0,0,-1,1248,1250,2,0,-2
1787456686.808,U',0,1,-,119.0,2123,3132,-15,2,0,1091,1090,-1,0,-1,675,674,-1,3,-7,3505,3506,1,2,3,1250,1250,0,0,-1,1248,1250,2,0,-2
1787456686.946,U',0,1,-,119.0,3134,61,-1,3,-3,1091,1090,-1,0,-1,675,674,-1,3,-7,3505,3506,1,2,3,1249,1250,1,0,-1,1248,1250,2,0,-2
1787456687.084,U,0,1,-,119.0,63,3131,-4,2,-1,1091,1090,-1,0,-1,675,674,-1,3,-7,3506,3506,0,2,3,1250,1250,0,0,-1,1248,1250,2,0,-2
1787456687.221,U,0,1,-,119.0,3136,2119,7,1,-3,1091,1090,-1,0,-1,675,674,-1,3,-7,3506,3506,0,2,3,1249,1250,1,0,-1,1248,1250,2,0,-2
1787456687.359,U',0,1,-,119.0,2123,3132,-15,2,0,1091,1090,-1,0,-1,675,674,-1,3,-7,3505,3506,1,2,3,1249,1250,1,0,-1,1248,1250,2,0,-2
1787456687.487,U',0,1,-,119.0,3134,61,-1,3,-3,1091,1090,-1,0,-1,675,674,-1,3,-7,3505,3506,1,2,3,1249,1250,1,0,-1,1248,1250,2,0,-2
1787456687.634,U,0,1,-,119.0,63,3131,-4,2,-1,1091,1090,-1,0,-1,675,674,-1,3,-7,3505,3506,1,2,3,1249,1250,1,0,-1,1248,1250,2,0,-2
1787456687.767,U,0,1,-,119.0,3135,2118,7,1,-4,1091,1090,-1,0,-1,675,674,-1,3,-7,3506,3506,0,2,3,1249,1250,1,0,-1,1248,1250,2,0,-2
1787456687.900,U',0,1,-,119.0,2123,3132,-15,2,0,1091,1090,-1,0,-1,675,674,-1,3,-7,3506,3506,0,2,3,1249,1250,1,0,-1,1248,1250,2,0,-2
1787456688.033,U',0,1,-,119.0,3134,61,-1,3,-3,1091,1090,-1,0,-1,675,674,-1,3,-7,3506,3506,0,2,3,1249,1250,1,0,-1,1248,1250,2,0,-2
1787456688.184,U,0,1,-,119.0,63,3131,-4,2,-1,1091,1090,-1,0,-1,675,674,-1,3,-7,3505,3506,1,2,3,1249,1250,1,0,-1,1248,1250,2,0,-2
1787456688.318,U,0,1,-,119.0,3135,2118,7,1,-4,1091,1090,-1,0,-1,675,674,-1,3,-7,3505,3506,1,2,3,1249,1250,1,0,-1,1248,1250,2,0,-2
1787456688.453,U',0,1,-,119.0,2122,3132,-14,2,0,1091,1090,-1,0,-1,675,674,-1,3,-7,3505,3506,1,2,3,1250,1250,0,0,-1,1248,1250,2,0,-2
1787456688.596,U',0,1,-,119.0,3134,61,-1,3,-3,1091,1090,-1,0,-1,675,674,-1,3,-7,3505,3506,1,2,3,1249,1250,1,0,-1,1248,1250,2,0,-2
1787456688.733,U,0,1,-,119.0,63,3131,-4,2,-1,1091,1090,-1,0,-1,675,674,-1,3,-7,3506,3505,-1,2,2,1249,1250,1,0,-1,1248,1250,2,0,-2
1787456688.871,U,0,1,-,119.0,3135,2119,8,1,-3,1091,1090,-1,0,-1,675,674,-1,3,-7,3506,3506,0,2,3,1249,1250,1,0,-1,1248,1250,2,0,-2
1787456689.007,U',0,1,-,119.0,2123,3132,-15,2,0,1091,1090,-1,0,-1,675,674,-1,3,-7,3505,3505,0,2,2,1250,1250,0,0,-1,1248,1250,2,0,-2
1787456689.145,U',0,1,-,119.0,3134,61,-1,3,-3,1091,1090,-1,0,-1,675,674,-1,3,-7,3505,3506,1,2,3,1249,1249,0,0,-2,1248,1250,2,0,-2
1787456689.283,U,0,1,-,119.0,63,3131,-4,2,-1,1091,1090,-1,0,-1,675,674,-1,3,-7,3505,3506,1,2,3,1249,1250,1,0,-1,1248,1250,2,0,-2
1787456689.421,U,0,1,-,119.0,3135,2119,8,1,-3,1091,1090,-1,0,-1,675,674,-1,3,-7,3506,3505,-1,2,2,1249,1250,1,0,-1,1248,1250,2,0,-2
1787456689.558,U',0,1,-,119.0,2123,3132,-15,2,0,1091,1090,-1,0,-1,675,674,-1,3,-7,3505,3506,1,2,3,1249,1250,1,0,-1,1248,1250,2,0,-2
1787456689.693,U',0,1,-,119.0,3134,61,-1,3,-3,1091,1090,-1,0,-1,675,674,-1,3,-7,3505,3506,1,2,3,1249,1249,0,0,-2,1248,1250,2,0,-2
1787456689.833,U,0,1,-,119.0,63,3131,-4,2,-1,1091,1090,-1,0,-1,675,674,-1,3,-7,3505,3506,1,2,3,1249,1250,1,0,-1,1248,1250,2,0,-2
1787456689.970,U,0,1,-,119.0,3135,2118,7,1,-4,1091,1090,-1,0,-1,675,674,-1,3,-7,3505,3506,1,2,3,1249,1250,1,0,-1,1248,1250,2,0,-2
1787456690.109,U',0,1,-,119.0,2123,3132,-15,2,0,1091,1090,-1,0,-1,675,674,-1,3,-7,3505,3506,1,2,3,1250,1249,-1,0,-2,1248,1250,2,0,-2
1787456690.245,U',0,1,-,119.0,3134,61,-1,3,-3,1091,1090,-1,0,-1,675,674,-1,3,-7,3505,3506,1,2,3,1250,1250,0,0,-1,1248,1250,2,0,-2
1787456690.382,U,0,1,-,119.0,63,3131,-4,2,-1,1091,1090,-1,0,-1,675,674,-1,3,-7,3505,3506,1,2,3,1249,1250,1,0,-1,1248,1250,2,0,-2
1787456690.519,U,0,1,-,119.0,3135,2119,8,1,-3,1091,1090,-1,0,-1,675,674,-1,3,-7,3505,3506,1,2,3,1249,1250,1,0,-1,1248,1250,2,0,-2
1787456690.657,U',0,1,-,119.0,2123,3132,-15,2,0,1091,1090,-1,0,-1,675,674,-1,3,-7,3505,3506,1,2,3,1249,1250,1,0,-1,1248,1250,2,0,-2
1787456690.794,U',0,1,-,119.0,3134,61,-1,3,-3,1091,1090,-1,0,-1,675,674,-1,3,-7,3505,3506,1,2,3,1249,1249,0,0,-2,1248,1250,2,0,-2
1787456690.933,U,0,1,-,119.0,63,3131,-4,2,-1,1091,1090,-1,0,-1,675,674,-1,3,-7,3505,3506,1,2,3,1249,1250,1,0,-1,1248,1250,2,0,-2
1787456691.070,U,0,1,-,119.0,3136,2119,7,1,-3,1091,1090,-1,0,-1,675,674,-1,3,-7,3505,3506,1,2,3,1249,1250,1,0,-1,1248,1250,2,0,-2
1787456691.208,U',0,1,-,119.0,2123,3132,-15,2,0,1091,1090,-1,0,-1,675,674,-1,3,-7,3506,3506,0,2,3,1249,1249,0,0,-2,1248,1250,2,0,-2
1787456691.334,U',0,1,-,119.0,3134,61,-1,3,-3,1091,1090,-1,0,-1,675,674,-1,3,-7,3505,3505,0,2,2,1249,1250,1,0,-1,1248,1250,2,0,-2
1787456691.483,U,0,1,-,119.0,63,3131,-4,2,-1,1091,1090,-1,0,-1,675,674,-1,3,-7,3505,3506,1,2,3,1249,1250,1,0,-1,1248,1250,2,0,-2
1787456691.620,U,0,1,-,119.0,3135,2119,8,1,-3,1091,1090,-1,0,-1,675,674,-1,3,-7,3505,3506,1,2,3,1249,1249,0,0,-2,1248,1250,2,0,-2
1787456691.758,U',0,1,-,119.0,2123,3132,-15,2,0,1091,1090,-1,0,-1,675,674,-1,3,-7,3506,3506,0,2,3,1249,1250,1,0,-1,1248,1250,2,0,-2
1787456691.895,U',0,1,-,119.0,3134,61,-1,3,-3,1091,1090,-1,0,-1,675,674,-1,3,-7,3505,3505,0,2,2,1249,1250,1,0,-1,1248,1250,2,0,-2
1787456692.034,U,0,1,-,119.0,63,3131,-4,2,-1,1091,1090,-1,0,-1,675,674,-1,3,-7,3505,3506,1,2,3,1250,1250,0,0,-1,1248,1250,2,0,-2
1787456692.170,U,0,1,-,119.0,3135,2119,8,1,-3,1091,1090,-1,0,-1,675,674,-1,3,-7,3506,3506,0,2,3,1249,1250,1,0,-1,1248,1250,2,0,-2
1787456692.308,U',0,1,-,119.0,2123,3132,-15,2,0,1091,1090,-1,0,-1,675,674,-1,3,-7,3506,3505,-1,2,2,1249,1250,1,0,-1,1248,1250,2,0,-2
1787456692.434,U',0,1,-,119.0,3134,61,-1,3,-3,1091,1090,-1,0,-1,675,674,-1,3,-7,3505,3505,0,2,2,1249,1250,1,0,-1,1248,1250,2,0,-2
1787456692.583,U,0,1,-,119.0,64,3131,-5,2,-1,1091,1090,-1,0,-1,675,674,-1,3,-7,3506,3506,0,2,3,1249,1250,1,0,-1,1248,1250,2,0,-2
1787456692.719,U,0,1,-,119.0,3135,2119,8,1,-3,1091,1090,-1,0,-1,675,674,-1,3,-7,3506,3506,0,2,3,1249,1250,1,0,-1,1249,1250,1,0,-2
1787456692.858,U',0,1,-,119.0,2123,3132,-15,2,0,1091,1090,-1,0,-1,675,674,-1,3,-7,3506,3506,0,2,3,1250,1250,0,0,-1,1248,1250,2,0,-2
1787456692.995,U',0,1,-,119.0,3134,61,-1,3,-3,1091,1090,-1,0,-1,675,674,-1,3,-7,3505,3506,1,2,3,1250,1250,0,0,-1,1248,1250,2,0,-2
1787456693.139,U,0,1,-,119.0,63,3131,-4,2,-1,1091,1090,-1,0,-1,675,674,-1,3,-7,3505,3506,1,2,3,1249,1250,1,0,-1,1248,1250,2,0,-2
1787456693.270,U,0,1,-,119.0,3135,2119,8,1,-3,1091,1090,-1,0,-1,675,674,-1,3,-7,3505,3506,1,2,3,1249,1250,1,0,-1,1248,1250,2,0,-2
1787456693.407,U',0,1,-,119.0,2123,3132,-15,2,0,1091,1090,-1,0,-1,675,674,-1,3,-7,3506,3506,0,2,3,1249,1250,1,0,-1,1248,1250,2,0,-2
1787456693.546,U',0,1,-,119.0,3134,61,-1,3,-3,1091,1090,-1,0,-1,675,674,-1,3,-7,3505,3506,1,2,3,1249,1250,1,0,-1,1248,1250,2,0,-2
1787456693.682,U,0,1,-,119.0,63,3131,-4,2,-1,1091,1090,-1,0,-1,675,674,-1,3,-7,3505,3506,1,2,3,1249,1250,1,0,-1,1249,1250,1,0,-2
1787456693.820,U,0,1,-,119.0,3135,2118,7,1,-4,1091,1090,-1,0,-1,675,674,-1,3,-7,3505,3506,1,2,3,1249,1250,1,0,-1,1248,1250,2,0,-2
1787456693.958,U',0,1,-,119.0,2123,3132,-15,2,0,1091,1090,-1,0,-1,675,674,-1,3,-7,3505,3505,0,2,2,1249,1250,1,0,-1,1248,1250,2,0,-2
1787456694.096,U',0,1,-,119.0,3134,61,-1,3,-3,1091,1090,-1,0,-1,675,674,-1,3,-7,3505,3506,1,2,3,1249,1250,1,0,-1,1248,1250,2,0,-2
1787456694.233,U,0,1,-,119.0,63,3131,-4,2,-1,1091,1090,-1,0,-1,675,674,-1,3,-7,3506,3506,0,2,3,1249,1250,1,0,-1,1248,1250,2,0,-2
1787456694.371,U,0,1,-,119.0,3135,2119,8,1,-3,1091,1091,0,0,0,675,674,-1,3,-7,3505,3506,1,2,3,1249,1250,1,0,-1,1248,1250,2,0,-2
1787456694.508,U',0,1,-,119.0,2123,3132,-15,2,0,1091,1090,-1,0,-1,675,674,-1,3,-7,3505,3506,1,2,3,1249,1250,1,0,-1,1248,1250,2,0,-2
1787456694.644,U',0,1,-,119.0,3134,61,-1,3,-3,1091,1090,-1,0,-1,675,674,-1,3,-7,3506,3506,0,2,3,1249,1250,1,0,-1,1248,1250,2,0,-2
1787456694.783,U,0,1,-,119.0,63,3131,-4,2,-1,1091,1090,-1,0,-1,675,674,-1,3,-7,3505,3506,1,2,3,1249,1250,1,0,-1,1248,1250,2,0,-2
1787456694.919,U,0,1,-,119.0,3135,2119,8,1,-3,1091,1090,-1,0,-1,675,674,-1,3,-7,3505,3505,0,2,2,1249,1250,1,0,-1,1248,1250,2,0,-2
1787456695.057,U',0,1,-,119.0,2123,3133,-14,2,1,1091,1090,-1,0,-1,675,674,-1,3,-7,3505,3506,1,2,3,1249,1250,1,0,-1,1248,1250,2,0,-2
1787456695.195,U',0,1,-,119.0,3134,61,-1,3,-3,1091,1090,-1,0,-1,675,674,-1,3,-7,3505,3506,1,2,3,1249,1250,1,0,-1,1248,1250,2,0,-2
1787456695.333,U,0,1,-,119.0,63,3131,-4,2,-1,1091,1090,-1,0,-1,675,674,-1,3,-7,3506,3505,-1,2,2,1249,1250,1,0,-1,1248,1250,2,0,-2
1787456695.471,U,0,1,-,119.0,3135,2119,8,1,-3,1091,1090,-1,0,-1,675,674,-1,3,-7,3505,3506,1,2,3,1249,1250,1,0,-1,1248,1250,2,0,-2
1787456695.608,U',0,1,-,119.0,2123,3132,-15,2,0,1091,1090,-1,0,-1,675,674,-1,3,-7,3505,3506,1,2,3,1249,1250,1,0,-1,1248,1250,2,0,-2
1787456695.744,U',0,1,-,119.0,3134,61,-1,3,-3,1091,1090,-1,0,-1,675,674,-1,3,-7,3505,3505,0,2,2,1249,1250,1,0,-1,1248,1250,2,0,-2
1787456695.883,U,0,1,-,119.0,63,3131,-4,2,-1,1091,1090,-1,0,-1,675,674,-1,3,-7,3505,3506,1,2,3,1249,1249,0,0,-2,1248,1250,2,0,-2
1787456696.020,U,0,1,-,119.0,3135,2118,7,1,-4,1091,1090,-1,0,-1,675,674,-1,3,-7,3506,3506,0,2,3,1249,1250,1,0,-1,1248,1250,2,0,-2
1787456696.157,U',0,1,-,119.0,2123,3132,-15,2,0,1091,1090,-1,0,-1,675,674,-1,3,-7,3505,3506,1,2,3,1250,1250,0,0,-1,1248,1250,2,0,-2
1787456696.294,U',0,1,-,119.0,3134,61,-1,3,-3,1091,1090,-1,0,-1,675,674,-1,3,-7,3506,3505,-1,2,2,1249,1250,1,0,-1,1248,1250,2,0,-2
1787456696.433,U,0,1,-,119.0,63,3131,-4,2,-1,1091,1090,-1,0,-1,675,674,-1,3,-7,3506,3506,0,2,3,1249,1250,1,0,-1,1248,1250,2,0,-2
1787456696.571,U,0,1,-,119.0,3135,2118,7,1,-4,1091,1090,-1,0,-1,675,674,-1,3,-7,3505,3506,1,2,3,1249,1250,1,0,-1,1248,1250,2,0,-2
1787456696.708,U',0,1,-,119.0,2123,3132,-15,2,0,1091,1090,-1,0,-1,675,674,-1,3,-7,3506,3506,0,2,3,1249,1250,1,0,-1,1248,1250,2,0,-2
1787456696.845,U',0,1,-,119.0,3134,61,-1,3,-3,1091,1090,-1,0,-1,675,674,-1,3,-7,3505,3506,1,2,3,1249,1250,1,0,-1,1248,1250,2,0,-2
1787456696.983,U,0,1,-,119.0,63,3131,-4,2,-1,1091,1090,-1,0,-1,675,674,-1,3,-7,3506,3506,0,2,3,1249,1250,1,0,-1,1248,1250,2,0,-2
1787456697.120,U,0,1,-,119.0,3135,2119,8,1,-3,1091,1090,-1,0,-1,675,674,-1,3,-7,3505,3506,1,2,3,1249,1250,1,0,-1,1248,1250,2,0,-2
1787456697.254,U',0,1,-,119.0,2123,3132,-15,2,0,1091,1090,-1,0,-1,675,674,-1,3,-7,3505,3506,1,2,3,1250,1250,0,0,-1,1248,1250,2,0,-2
1787456697.396,U',0,1,-,119.0,3134,61,-1,3,-3,1091,1090,-1,0,-1,675,674,-1,3,-7,3506,3506,0,2,3,1249,1250,1,0,-1,1248,1250,2,0,-2
1787456697.532,U,0,1,-,119.0,63,3131,-4,2,-1,1091,1090,-1,0,-1,675,674,-1,3,-7,3505,3506,1,2,3,1249,1250,1,0,-1,1248,1250,2,0,-2
1787456697.669,U,0,1,-,119.0,3135,2119,8,1,-3,1091,1090,-1,0,-1,675,674,-1,3,-7,3505,3506,1,2,3,1249,1250,1,0,-1,1248,1250,2,0,-2
1787456697.807,U',0,1,-,119.0,2123,3132,-15,2,0,1091,1090,-1,0,-1,675,674,-1,3,-7,3505,3506,1,2,3,1249,1250,1,0,-1,1248,1250,2,0,-2
1787456697.945,U',0,1,-,119.0,3134,61,-1,3,-3,1091,1090,-1,0,-1,675,674,-1,3,-7,3505,3506,1,2,3,1249,1249,0,0,-2,1248,1250,2,0,-2
1787456698.082,U,0,1,-,119.0,63,3131,-4,2,-1,1091,1090,-1,0,-1,675,674,-1,3,-7,3506,3506,0,2,3,1249,1250,1,0,-1,1248,1250,2,0,-2
1787456698.215,U,0,1,-,119.0,3135,2119,8,1,-3,1091,1090,-1,0,-1,675,674,-1,3,-7,3505,3505,0,2,2,1249,1250,1,0,-1,1248,1250,2,0,-2
1787456698.358,U',0,1,-,119.0,2123,3132,-15,2,0,1091,1090,-1,0,-1,675,674,-1,3,-7,3505,3506,1,2,3,1249,1250,1,0,-1,1248,1250,2,0,-2
1787456698.496,U',0,1,-,119.0,3134,61,-1,3,-3,1091,1090,-1,0,-1,675,674,-1,3,-7,3505,3506,1,2,3,1249,1250,1,0,-1,1248,1250,2,0,-2
1787456698.632,U,0,1,-,119.0,63,3131,-4,2,-1,1091,1090,-1,0,-1,675,674,-1,3,-7,3505,3506,1,2,3,1249,1250,1,0,-1,1248,1250,2,0,-2
1787456698.771,U,0,1,-,119.0,3135,2118,7,1,-4,1091,1090,-1,0,-1,675,674,-1,3,-7,3506,3506,0,2,3,1250,1250,0,0,-1,1248,1250,2,0,-2
1787456698.907,U',0,1,-,119.0,2123,3132,-15,2,0,1091,1090,-1,0,-1,675,674,-1,3,-7,3505,3506,1,2,3,1250,1250,0,0,-1,1248,1250,2,0,-2
1787456699.045,U',0,1,-,119.0,3134,61,-1,3,-3,1091,1090,-1,0,-1,675,673,-2,3,-8,3505,3506,1,2,3,1249,1250,1,0,-1,1248,1250,2,0,-2
1787456699.175,U,0,1,-,119.0,63,3131,-4,2,-1,1091,1090,-1,0,-1,675,674,-1,3,-7,3506,3506,0,2,3,1250,1250,0,0,-1,1248,1250,2,0,-2
1787456699.319,U,0,1,-,119.0,3135,2119,8,1,-3,1091,1090,-1,0,-1,675,674,-1,3,-7,3505,3506,1,2,3,1249,1250,1,0,-1,1248,1250,2,0,-2
1787456699.451,U',0,1,-,119.0,2123,3132,-15,2,0,1091,1090,-1,0,-1,675,674,-1,3,-7,3505,3506,1,2,3,1249,1250,1,0,-1,1248,1250,2,0,-2
1787456699.595,U',0,1,-,119.0,3134,61,-1,3,-3,1091,1090,-1,0,-1,675,674,-1,3,-7,3506,3506,0,2,3,1250,1250,0,0,-1,1248,1250,2,0,-2
1787456699.732,U,0,1,-,119.0,63,3132,-3,2,0,1091,1090,-1,0,-1,675,674,-1,3,-7,3505,3506,1,2,3,1250,1250,0,0,-1,1248,1250,2,0,-2
1787456699.869,U,0,1,-,119.0,3135,2119,8,1,-3,1091,1090,-1,0,-1,675,674,-1,3,-7,3505,3506,1,2,3,1249,1250,1,0,-1,1248,1250,2,0,-2
1787456700.008,U',0,1,-,119.0,2122,3132,-14,2,0,1091,1090,-1,0,-1,675,674,-1,3,-7,3506,3506,0,2,3,1249,1250,1,0,-1,1248,1250,2,0,-2
1787456700.141,U',0,1,-,119.0,3134,61,-1,3,-3,1091,1090,-1,0,-1,675,674,-1,3,-7,3506,3505,-1,2,2,1249,1250,1,0,-1,1248,1250,2,0,-2
1787456700.283,U,0,1,-,119.0,63,3131,-4,2,-1,1091,1090,-1,0,-1,675,674,-1,3,-7,3505,3506,1,2,3,1249,1250,1,0,-1,1248,1250,2,0,-2
1787456700.416,U,0,1,-,119.0,3135,2119,8,1,-3,1091,1090,-1,0,-1,675,674,-1,3,-7,3505,3505,0,2,2,1250,1250,0,0,-1,1248,1250,2,0,-2
1787456700.558,U',0,1,-,119.0,2123,3133,-14,2,1,1091,1090,-1,0,-1,675,674,-1,3,-7,3505,3506,1,2,3,1249,1250,1,0,-1,1248,1250,2,0,-2
1787456700.695,U',0,1,-,119.0,3134,61,-1,3,-3,1091,1090,-1,0,-1,675,674,-1,3,-7,3505,3505,0,2,2,1250,1250,0,0,-1,1248,1250,2,0,-2
1787456700.832,U,0,1,-,119.0,63,3131,-4,2,-1,1091,1090,-1,0,-1,675,674,-1,3,-7,3505,3506,1,2,3,1249,1250,1,0,-1,1248,1250,2,0,-2
1787456700.970,U,0,1,-,119.0,3135,2118,7,1,-4,1091,1090,-1,0,-1,675,674,-1,3,-7,3505,3506,1,2,3,1249,1250,1,0,-1,1248,1250,2,0,-2
1787456701.107,U',0,1,-,119.0,2123,3133,-14,2,1,1091,1090,-1,0,-1,675,674,-1,3,-7,3506,3506,0,2,3,1249,1250,1,0,-1,1248,1250,2,0,-2
1787456701.245,U',0,1,-,119.0,3134,61,-1,3,-3,1091,1090,-1,0,-1,675,674,-1,3,-7,3505,3506,1,2,3,1249,1249,0,0,-2,1248,1250,2,0,-2
1787456701.383,U,0,1,-,119.0,63,3131,-4,2,-1,1091,1090,-1,0,-1,675,674,-1,3,-7,3505,3505,0,2,2,1250,1250,0,0,-1,1248,1250,2,0,-2
1787456701.519,U,0,1,-,119.0,3135,2119,8,1,-3,1091,1091,0,0,0,675,674,-1,3,-7,3505,3506,1,2,3,1249,1250,1,0,-1,1248,1250,2,0,-2
1787456701.657,U',0,1,-,119.0,2123,3132,-15,2,0,1091,1090,-1,0,-1,675,674,-1,3,-7,3505,3506,1,2,3,1250,1250,0,0,-1,1248,1250,2,0,-2
1787456701.794,U',0,1,-,119.0,3133,61,0,3,-3,1091,1090,-1,0,-1,675,674,-1,3,-7,3506,3506,0,2,3,1249,1250,1,0,-1,1248,1250,2,0,-2
1787456701.932,U,0,1,-,119.0,63,3132,-3,2,0,1091,1090,-1,0,-1,675,674,-1,3,-7,3505,3506,1,2,3,1249,1250,1,0,-1,1248,1250,2,0,-2
1787456702.070,U,0,1,-,119.0,3135,2119,8,1,-3,1091,1090,-1,0,-1,675,674,-1,3,-7,3505,3506,1,2,3,1249,1250,1,0,-1,1248,1250,2,0,-2
1787456702.207,U',0,1,-,119.0,2122,3132,-14,2,0,1091,1090,-1,0,-1,675,674,-1,3,-7,3506,3506,0,2,3,1249,1250,1,0,-1,1248,1250,2,0,-2
1787456702.344,U',0,1,-,119.0,3135,61,-2,3,-3,1091,1090,-1,0,-1,675,674,-1,3,-7,3505,3506,1,2,3,1249,1250,1,0,-1,1248,1250,2,0,-2
1787456702.483,U,0,1,-,119.0,63,3131,-4,2,-1,1091,1091,0,0,0,675,674,-1,3,-7,3506,3506,0,2,3,1249,1250,1,0,-1,1248,1250,2,0,-2
1787456702.619,U,0,1,-,119.0,3135,2119,8,1,-3,1091,1090,-1,0,-1,675,674,-1,3,-7,3505,3506,1,2,3,1249,1250,1,0,-1,1248,1250,2,0,-2
1787456702.758,U',0,1,-,119.0,2123,3132,-15,2,0,1091,1090,-1,0,-1,675,674,-1,3,-7,3505,3506,1,2,3,1249,1250,1,0,-1,1248,1250,2,0,-2
1787456702.894,U',0,1,-,119.0,3134,61,-1,3,-3,1091,1090,-1,0,-1,675,674,-1,3,-7,3506,3506,0,2,3,1249,1250,1,0,-1,1248,1250,2,0,-2
1787456703.033,U,0,1,-,119.0,63,3131,-4,2,-1,1091,1090,-1,0,-1,675,674,-1,3,-7,3506,3506,0,2,3,1249,1250,1,0,-1,1248,1250,2,0,-2
1787456703.167,U,0,1,-,119.0,3135,2119,8,1,-3,1091,1090,-1,0,-1,675,674,-1,3,-7,3505,3506,1,2,3,1250,1250,0,0,-1,1248,1250,2,0,-2
1787456703.308,U',0,1,-,119.0,2123,3132,-15,2,0,1091,1090,-1,0,-1,675,674,-1,3,-7,3505,3506,1,2,3,1249,1250,1,0,-1,1248,1250,2,0,-2
1787456703.443,U',0,1,-,119.0,3134,61,-1,3,-3,1091,1090,-1,0,-1,675,674,-1,3,-7,3506,3506,0,2,3,1249,1250,1,0,-1,1248,1250,2,0,-2
1787456703.583,U,0,1,-,119.0,63,3131,-4,2,-1,1091,1090,-1,0,-1,675,674,-1,3,-7,3505,3506,1,2,3,1249,1250,1,0,-1,1248,1250,2,0,-2
1787456703.720,U,0,1,-,119.0,3135,2119,8,1,-3,1091,1090,-1,0,-1,675,674,-1,3,-7,3505,3506,1,2,3,1249,1250,1,0,-1,1248,1250,2,0,-2
1787456703.857,U',0,1,-,119.0,2123,3132,-15,2,0,1091,1090,-1,0,-1,675,674,-1,3,-7,3505,3506,1,2,3,1250,1249,-1,0,-2,1248,1250,2,0,-2
1787456703.995,U',0,1,-,119.0,3134,61,-1,3,-3,1091,1090,-1,0,-1,675,674,-1,3,-7,3506,3506,0,2,3,1249,1250,1,0,-1,1248,1250,2,0,-2
1787456704.132,U,0,1,-,119.0,63,3131,-4,2,-1,1091,1090,-1,0,-1,675,674,-1,3,-7,3505,3505,0,2,2,1249,1250,1,0,-1,1248,1250,2,0,-2
1787456704.269,U,0,1,-,119.0,3135,2118,7,1,-4,1091,1090,-1,0,-1,675,674,-1,3,-7,3505,3506,1,2,3,1249,1250,1,0,-1,1248,1250,2,0,-2
1787456704.406,U',0,1,-,119.0,2123,3132,-15,2,0,1091,1090,-1,0,-1,675,674,-1,3,-7,3505,3505,0,2,2,1249,1250,1,0,-1,1248,1250,2,0,-2
1787456704.545,U',0,1,-,119.0,3134,61,-1,3,-3,1091,1090,-1,0,-1,675,674,-1,3,-7,3506,3506,0,2,3,1249,1250,1,0,-1,1248,1250,2,0,-2
1787456704.682,U,0,1,-,119.0,63,3131,-4,2,-1,1091,1090,-1,0,-1,675,674,-1,3,-7,3505,3506,1,2,3,1250,1250,0,0,-1,1248,1250,2,0,-2
1787456704.820,U,0,1,-,119.0,3135,2119,8,1,-3,1091,1090,-1,0,-1,675,674,-1,3,-7,3505,3506,1,2,3,1249,1249,0,0,-2,1248,1250,2,0,-2
1787456704.957,U',0,1,-,119.0,2123,3132,-15,2,0,1091,1090,-1,0,-1,675,674,-1,3,-7,3505,3506,1,2,3,1249,1250,1,0,-1,1248,1250,2,0,-2
1787456705.094,U',0,1,-,119.0,3134,61,-1,3,-3,1091,1090,-1,0,-1,675,674,-1,3,-7,3505,3506,1,2,3,1249,1250,1,0,-1,1248,1250,2,0,-2
1787456705.231,U,0,1,-,119.0,63,3131,-4,2,-1,1091,1090,-1,0,-1,675,674,-1,3,-7,3505,3506,1,2,3,1249,1250,1,0,-1,1248,1250,2,0,-2
1787456705.370,U,0,1,-,119.0,3135,2119,8,1,-3,1091,1090,-1,0,-1,675,674,-1,3,-7,3505,3506,1,2,3,1249,1250,1,0,-1,1248,1250,2,0,-2
1787456705.507,U',0,1,-,119.0,2123,3132,-15,2,0,1091,1090,-1,0,-1,675,673,-2,3,-8,3505,3506,1,2,3,1249,1250,1,0,-1,1248,1250,2,0,-2
1787456705.645,U',0,1,-,119.0,3134,61,-1,3,-3,1091,1090,-1,0,-1,675,674,-1,3,-7,3505,3506,1,2,3,1249,1250,1,0,-1,1248,1250,2,0,-2
1787456705.783,U,0,1,-,119.0,63,3131,-4,2,-1,1091,1090,-1,0,-1,675,674,-1,3,-7,3505,3506,1,2,3,1249,1250,1,0,-1,1248,1250,2,0,-2
1787456705.919,U,0,1,-,119.0,3135,2119,8,1,-3,1091,1090,-1,0,-1,675,674,-1,3,-7,3505,3506,1,2,3,1249,1250,1,0,-1,1248,1250,2,0,-2
1787456706.058,U',0,1,-,119.0,2123,3132,-15,2,0,1091,1090,-1,0,-1,675,674,-1,3,-7,3506,3506,0,2,3,1249,1250,1,0,-1,1248,1250,2,0,-2
1787456706.195,U',0,1,-,119.0,3134,61,-1,3,-3,1091,1090,-1,0,-1,675,674,-1,3,-7,3505,3505,0,2,2,1249,1250,1,0,-1,1248,1250,2,0,-2
1787456706.333,U,0,1,-,119.0,63,3131,-4,2,-1,1091,1090,-1,0,-1,675,674,-1,3,-7,3505,3505,0,2,2,1249,1250,1,0,-1,1248,1250,2,0,-2
1787456706.468,U,0,1,-,119.0,3135,2119,8,1,-3,1091,1090,-1,0,-1,675,674,-1,3,-7,3505,3506,1,2,3,1249,1250,1,0,-1,1248,1250,2,0,-2
1787456706.607,U',0,1,-,119.0,2123,3132,-15,2,0,1091,1090,-1,0,-1,675,674,-1,3,-7,3505,3506,1,2,3,1249,1250,1,0,-1,1248,1250,2,0,-2
1787456706.743,U',0,1,-,119.0,3134,61,-1,3,-3,1091,1090,-1,0,-1,675,674,-1,3,-7,3505,3505,0,2,2,1249,1249,0,0,-2,1248,1250,2,0,-2
1787456706.877,U,0,1,-,119.0,63,3132,-3,2,0,1091,1090,-1,0,-1,675,674,-1,3,-7,3505,3506,1,2,3,1249,1250,1,0,-1,1248,1250,2,0,-2
1787456707.019,U,0,1,-,119.0,3135,2119,8,1,-3,1091,1090,-1,0,-1,675,674,-1,3,-7,3505,3506,1,2,3,1249,1250,1,0,-1,1248,1250,2,0,-2
1787456707.157,U',0,1,-,119.0,2123,3131,-16,2,-1,1091,1090,-1,0,-1,675,674,-1,3,-7,3505,3506,1,2,3,1249,1249,0,0,-2,1248,1250,2,0,-2
1787456707.295,U',0,1,-,119.0,3134,61,-1,3,-3,1091,1090,-1,0,-1,675,674,-1,3,-7,3506,3506,0,2,3,1249,1250,1,0,-1,1248,1250,2,0,-2
1787456707.432,U,0,1,-,119.0,63,3131,-4,2,-1,1091,1090,-1,0,-1,675,674,-1,3,-7,3505,3506,1,2,3,1249,1250,1,0,-1,1248,1250,2,0,-2
1787456707.568,U,0,1,-,119.0,3135,2118,7,1,-4,1091,1090,-1,0,-1,675,674,-1,3,-7,3505,3505,0,2,2,1249,1249,0,0,-2,1248,1250,2,0,-2
1787456707.706,U',0,1,-,119.0,2122,3132,-14,2,0,1091,1090,-1,0,-1,675,674,-1,3,-7,3506,3506,0,2,3,1250,1250,0,0,-1,1248,1250,2,0,-2
1787456707.845,U',0,1,-,119.0,3134,61,-1,3,-3,1091,1090,-1,0,-1,675,674,-1,3,-7,3506,3506,0,2,3,1249,1250,1,0,-1,1248,1250,2,0,-2
1787456707.982,U,0,1,-,119.0,63,3131,-4,2,-1,1091,1090,-1,0,-1,675,674,-1,3,-7,3505,3506,1,2,3,1249,1250,1,0,-1,1248,1250,2,0,-2
1787456708.122,U,0,1,-,119.0,3135,2119,8,1,-3,1091,1090,-1,0,-1,675,674,-1,3,-7,3505,3505,0,2,2,1249,1250,1,0,-1,1248,1250,2,0,-2
1787456708.257,U',0,1,-,119.0,2123,3132,-15,2,0,1091,1090,-1,0,-1,675,674,-1,3,-7,3506,3505,-1,2,2,1249,1250,1,0,-1,1248,1250,2,0,-2
1787456708.394,U',0,1,-,119.0,3134,61,-1,3,-3,1091,1090,-1,0,-1,675,674,-1,3,-7,3505,3506,1,2,3,1250,1250,0,0,-1,1248,1250,2,0,-2
1787456708.532,U,0,1,-,119.0,63,3131,-4,2,-1,1091,1090,-1,0,-1,675,674,-1,3,-7,3505,3506,1,2,3,1249,1250,1,0,-1,1249,1250,1,0,-2
1787456708.668,U,0,1,-,119.0,3135,2118,7,1,-4,1091,1090,-1,0,-1,675,674,-1,3,-7,3506,3506,0,2,3,1249,1250,1,0,-1,1248,1250,2,0,-2
1787456708.807,U',0,1,-,119.0,2122,3132,-14,2,0,1091,1090,-1,0,-1,675,673,-2,3,-8,3505,3506,1,2,3,1249,1250,1,0,-1,1248,1250,2,0,-2
1787456708.944,U',0,1,-,119.0,3134,61,-1,3,-3,1091,1090,-1,0,-1,675,674,-1,3,-7,3505,3506,1,2,3,1249,1250,1,0,-1,1248,1250,2,0,-2
1787456709.082,U,0,1,-,119.0,63,3131,-4,2,-1,1091,1090,-1,0,-1,675,674,-1,3,-7,3506,3506,0,2,3,1249,1249,0,0,-2,1248,1250,2,0,-2
1787456709.219,U,0,1,-,119.0,3135,2119,8,1,-3,1091,1090,-1,0,-1,675,674,-1,3,-7,3505,3506,1,2,3,1249,1250,1,0,-1,1248,1250,2,0,-2
1787456709.355,U',0,1,-,119.0,2122,3132,-14,2,0,1091,1090,-1,0,-1,675,674,-1,3,-7,3506,3506,0,2,3,1249,1250,1,0,-1,1248,1250,2,0,-2
1787456709.494,U',0,1,-,119.0,3134,61,-1,3,-3,1091,1090,-1,0,-1,675,674,-1,3,-7,3505,3505,0,2,2,1249,1250,1,0,-1,1248,1250,2,0,-2
1787456709.631,U,0,1,-,119.0,63,3131,-4,2,-1,1091,1090,-1,0,-1,675,674,-1,3,-7,3506,3506,0,2,3,1249,1250,1,0,-1,1248,1250,2,0,-2
1787456709.770,U,0,1,-,119.0,3135,2118,7,1,-4,1091,1090,-1,0,-1,675,674,-1,3,-7,3505,3506,1,2,3,1249,1250,1,0,-1,1248,1250,2,0,-2
1787456709.906,U',0,1,-,119.0,2122,3132,-14,2,0,1091,1090,-1,0,-1,675,674,-1,3,-7,3506,3505,-1,2,2,1249,1250,1,0,-1,1248,1250,2,0,-2
1787456710.045,U',0,1,-,119.0,3134,61,-1,3,-3,1091,1090,-1,0,-1,675,674,-1,3,-7,3505,3506,1,2,3,1249,1249,0,0,-2,1248,1250,2,0,-2
1787456710.181,U,0,1,-,119.0,63,3131,-4,2,-1,1091,1090,-1,0,-1,675,674,-1,3,-7,3505,3506,1,2,3,1249,1250,1,0,-1,1248,1250,2,0,-2
1787456710.319,U,0,1,-,119.0,3135,2118,7,1,-4,1091,1090,-1,0,-1,675,673,-2,3,-8,3506,3506,0,2,3,1249,1250,1,0,-1,1248,1250,2,0,-2
1787456710.455,U',0,1,-,119.0,2123,3132,-15,2,0,1091,1090,-1,0,-1,675,674,-1,3,-7,3505,3505,0,2,2,1250,1250,0,0,-1,1248,1250,2,0,-2
1787456710.593,U',0,1,-,119.0,3134,61,-1,3,-3,1091,1090,-1,0,-1,675,674,-1,3,-7,3505,3506,1,2,3,1249,1250,1,0,-1,1248,1250,2,0,-2
1787456710.732,U,0,1,-,119.0,63,3131,-4,2,-1,1091,1090,-1,0,-1,675,674,-1,3,-7,3505,3506,1,2,3,1249,1250,1,0,-1,1248,1250,2,0,-2
1787456710.869,U,0,1,-,119.0,3135,2119,8,1,-3,1091,1090,-1,0,-1,675,674,-1,3,-7,3506,3505,-1,2,2,1249,1249,0,0,-2,1248,1250,2,0,-2
1787456711.006,U',0,1,-,119.0,2122,3132,-14,2,0,1091,1090,-1,0,-1,675,674,-1,3,-7,3505,3506,1,2,3,1249,1250,1,0,-1,1248,1250,2,0,-2
1787456711.143,U',0,1,-,119.0,3134,61,-1,3,-3,1091,1091,0,0,0,675,674,-1,3,-7,3505,3505,0,2,2,1249,1250,1,0,-1,1248,1250,2,0,-2
1787456711.282,U,0,1,-,119.0,63,3131,-4,2,-1,1091,1090,-1,0,-1,675,674,-1,3,-7,3505,3506,1,2,3,1249,1250,1,0,-1,1248,1250,2,0,-2
1787456711.419,U,0,1,-,119.0,3135,2119,8,1,-3,1091,1090,-1,0,-1,675,674,-1,3,-7,3505,3506,1,2,3,1249,1250,1,0,-1,1248,1250,2,0,-2
1787456711.556,U',0,1,-,119.0,2123,3132,-15,2,0,1091,1090,-1,0,-1,675,674,-1,3,-7,3505,3506,1,2,3,1249,1249,0,0,-2,1248,1250,2,0,-2
1787456711.694,U',0,1,-,119.0,3134,61,-1,3,-3,1091,1090,-1,0,-1,675,674,-1,3,-7,3505,3506,1,2,3,1249,1250,1,0,-1,1248,1250,2,0,-2
1787456711.832,U,0,1,-,119.0,63,3131,-4,2,-1,1091,1090,-1,0,-1,675,674,-1,3,-7,3505,3506,1,2,3,1249,1250,1,0,-1,1248,1250,2,0,-2
1787456711.969,U,0,1,-,119.0,3135,2118,7,1,-4,1091,1090,-1,0,-1,675,674,-1,3,-7,3506,3506,0,2,3,1249,1250,1,0,-1,1248,1250,2,0,-2
1787456712.106,U',0,1,-,119.0,2122,3132,-14,2,0,1091,1090,-1,0,-1,675,674,-1,3,-7,3505,3506,1,2,3,1250,1250,0,0,-1,1248,1250,2,0,-2
1787456712.245,U',0,1,-,119.0,3134,61,-1,3,-3,1091,1090,-1,0,-1,675,674,-1,3,-7,3506,3506,0,2,3,1249,1249,0,0,-2,1248,1250,2,0,-2
1787456712.382,U,0,1,-,119.0,63,3131,-4,2,-1,1091,1090,-1,0,-1,675,674,-1,3,-7,3505,3506,1,2,3,1249,1250,1,0,-1,1248,1250,2,0,-2
1787456712.519,U,0,1,-,119.0,3135,2118,7,1,-4,1091,1090,-1,0,-1,675,674,-1,3,-7,3505,3505,0,2,2,1249,1250,1,0,-1,1248,1250,2,0,-2
1787456712.657,U',0,1,-,119.0,2123,3132,-15,2,0,1091,1090,-1,0,-1,675,673,-2,3,-8,3505,3505,0,2,2,1249,1250,1,0,-1,1248,1250,2,0,-2
1787456712.785,U',0,1,-,119.0,3134,61,-1,3,-3,1091,1090,-1,0,-1,675,674,-1,3,-7,3505,3506,1,2,3,1249,1250,1,0,-1,1248,1250,2,0,-2
1787456712.931,U,0,1,-,119.0,63,3132,-3,2,0,1091,1090,-1,0,-1,675,674,-1,3,-7,3505,3506,1,2,3,1249,1250,1,0,-1,1248,1250,2,0,-2
1787456713.069,U,0,1,-,119.0,3135,2119,8,1,-3,1091,1090,-1,0,-1,675,674,-1,3,-7,3505,3506,1,2,3,1249,1250,1,0,-1,1248,1250,2,0,-2
1787456713.206,U',0,1,-,119.0,2122,3132,-14,2,0,1091,1090,-1,0,-1,675,674,-1,3,-7,3505,3506,1,2,3,1249,1250,1,0,-1,1248,1250,2,0,-2
1787456713.344,U',0,1,-,119.0,3134,61,-1,3,-3,1091,1090,-1,0,-1,675,674,-1,3,-7,3505,3506,1,2,3,1249,1250,1,0,-1,1248,1250,2,0,-2
1787456713.482,U,0,1,-,119.0,63,3131,-4,2,-1,1091,1090,-1,0,-1,675,674,-1,3,-7,3506,3506,0,2,3,1249,1250,1,0,-1,1248,1250,2,0,-2
1787456713.619,U,0,1,-,119.0,3135,2119,8,1,-3,1091,1090,-1,0,-1,675,674,-1,3,-7,3505,3505,0,2,2,1249,1250,1,0,-1,1248,1250,2,0,-2
1787456713.756,U',0,1,-,119.0,2123,3132,-15,2,0,1091,1090,-1,0,-1,675,674,-1,3,-7,3506,3506,0,2,3,1249,1250,1,0,-1,1248,1250,2,0,-2
1787456713.894,U',0,1,-,119.0,3134,61,-1,3,-3,1091,1090,-1,0,-1,675,674,-1,3,-7,3505,3505,0,2,2,1249,1249,0,0,-2,1248,1250,2,0,-2
1787456714.030,U,0,1,-,119.0,63,3131,-4,2,-1,1091,1090,-1,0,-1,675,674,-1,3,-7,3505,3506,1,2,3,1249,1250,1,0,-1,1248,1250,2,0,-2
1787456841.207,U,0,1,-,119.0,3135,2118,7,1,-4,1091,1090,-1,0,-1,675,674,-1,3,-7,3505,3506,1,2,3,1249,1250,1,0,-1,1249,1250,1,0,-2
1787456841.345,U',0,1,-,119.0,2122,3132,-14,2,0,1091,1090,-1,0,-1,675,674,-1,3,-7,3506,3506,0,2,3,1250,1250,0,0,-1,1248,1250,2,0,-2
1787456841.483,U,0,1,-,119.0,3134,2118,8,1,-4,1091,1090,-1,0,-1,675,674,-1,3,-7,3506,3506,0,2,3,1249,1250,1,0,-1,1248,1250,2,0,-2
1787456841.619,U',0,1,-,119.0,2123,3132,-15,2,0,1091,1090,-1,0,-1,675,674,-1,3,-7,3506,3506,0,2,3,1249,1250,1,0,-1,1248,1250,2,0,-2
1787456841.757,U,0,1,-,119.0,3135,2119,8,1,-3,1091,1090,-1,0,-1,675,674,-1,3,-7,3506,3506,0,2,3,1249,1250,1,0,-1,1248,1250,2,0,-2
1787456841.895,U',0,1,-,119.0,2122,3132,-14,2,0,1091,1090,-1,0,-1,675,674,-1,3,-7,3506,3506,0,2,3,1249,1250,1,0,-1,1248,1250,2,0,-2
1787456842.033,U,0,1,-,119.0,3134,2119,9,1,-3,1091,1090,-1,0,-1,675,674,-1,3,-7,3505,3506,1,2,3,1249,1250,1,0,-1,1249,1250,1,0,-2
1787456842.170,U',0,1,-,119.0,2122,3132,-14,2,0,1091,1090,-1,0,-1,675,674,-1,3,-7,3505,3506,1,2,3,1249,1250,1,0,-1,1249,1250,1,0,-2
1787456842.306,U,0,1,-,119.0,3134,2118,8,1,-4,1091,1090,-1,0,-1,675,674,-1,3,-7,3505,3506,1,2,3,1249,1250,1,0,-1,1248,1250,2,0,-2
1787456842.444,U',0,1,-,119.0,2122,3132,-14,2,0,1091,1090,-1,0,-1,675,674,-1,3,-7,3505,3506,1,2,3,1249,1250,1,0,-1,1248,1250,2,0,-2
1787456842.570,U,0,1,-,119.0,3134,2119,9,1,-3,1091,1090,-1,0,-1,675,674,-1,3,-7,3505,3505,0,2,2,1249,1250,1,0,-1,1248,1250,2,0,-2
1787456842.719,U',0,1,-,119.0,2122,3132,-14,2,0,1091,1090,-1,0,-1,675,674,-1,3,-7,3506,3506,0,2,3,1250,1250,0,0,-1,1248,1250,2,0,-2
1787456842.857,U,0,1,-,119.0,3134,2119,9,1,-3,1091,1090,-1,0,-1,675,674,-1,3,-7,3506,3506,0,2,3,1249,1250,1,0,-1,1248,1250,2,0,-2
1787456842.994,U',0,1,-,119.0,2122,3132,-14,2,0,1091,1090,-1,0,-1,675,674,-1,3,-7,3506,3506,0,2,3,1249,1250,1,0,-1,1248,1250,2,0,-2
1787456843.131,U,0,1,-,119.0,3135,2119,8,1,-3,1091,1090,-1,0,-1,675,674,-1,3,-7,3506,3506,0,2,3,1249,1250,1,0,-1,1248,1250,2,0,-2
1787456843.268,U',0,1,-,119.0,2122,3132,-14,2,0,1091,1090,-1,0,-1,675,674,-1,3,-7,3506,3506,0,2,3,1250,1249,-1,0,-2,1248,1250,2,0,-2
1787456843.406,U,0,1,-,119.0,3134,2118,8,1,-4,1091,1090,-1,0,-1,675,674,-1,3,-7,3505,3506,1,2,3,1249,1249,0,0,-2,1248,1250,2,0,-2
1787456843.544,U',0,1,-,119.0,2123,3132,-15,2,0,1091,1090,-1,0,-1,675,674,-1,3,-7,3505,3506,1,2,3,1249,1250,1,0,-1,1248,1250,2,0,-2
1787456843.681,U,0,1,-,119.0,3134,2119,9,1,-3,1091,1090,-1,0,-1,675,674,-1,3,-7,3506,3506,0,2,3,1249,1250,1,0,-1,1248,1250,2,0,-2
1787456843.819,U',0,1,-,119.0,2122,3132,-14,2,0,1091,1090,-1,0,-1,675,674,-1,3,-7,3505,3506,1,2,3,1249,1250,1,0,-1,1248,1250,2,0,-2
1787456843.956,U,0,1,-,119.0,3134,2118,8,1,-4,1091,1090,-1,0,-1,675,674,-1,3,-7,3506,3506,0,2,3,1249,1249,0,0,-2,1248,1250,2,0,-2
1787456844.094,U',0,1,-,119.0,2122,3132,-14,2,0,1091,1090,-1,0,-1,675,674,-1,3,-7,3505,3506,1,2,3,1250,1250,0,0,-1,1248,1250,2,0,-2
1787456844.231,U,0,1,-,119.0,3134,2119,9,1,-3,1091,1090,-1,0,-1,675,674,-1,3,-7,3505,3506,1,2,3,1250,1250,0,0,-1,1248,1250,2,0,-2
1787456844.370,U',0,1,-,119.0,2123,3132,-15,2,0,1091,1090,-1,0,-1,675,674,-1,3,-7,3505,3505,0,2,2,1250,1250,0,0,-1,1248,1250,2,0,-2
1787456844.506,U,0,1,-,119.0,3134,2119,9,1,-3,1091,1090,-1,0,-1,675,674,-1,3,-7,3505,3506,1,2,3,1249,1249,0,0,-2,1248,1250,2,0,-2
1787456844.644,U',0,1,-,119.0,2122,3132,-14,2,0,1091,1090,-1,0,-1,675,674,-1,3,-7,3506,3506,0,2,3,1249,1250,1,0,-1,1248,1250,2,0,-2
1787456844.782,U,0,1,-,119.0,3135,2118,7,1,-4,1091,1090,-1,0,-1,675,674,-1,3,-7,3505,3506,1,2,3,1250,1250,0,0,-1,1248,1250,2,0,-2
1787456844.918,U',0,1,-,119.0,2122,3132,-14,2,0,1091,1090,-1,0,-1,675,674,-1,3,-7,3506,3506,0,2,3,1249,1250,1,0,-1,1248,1250,2,0,-2
1787456845.052,U,0,1,-,119.0,3134,2119,9,1,-3,1091,1090,-1,0,-1,675,674,-1,3,-7,3506,3505,-1,2,2,1249,1249,0,0,-2,1248,1250,2,0,-2
1787456845.194,U',0,1,-,119.0,2122,3132,-14,2,0,1091,1090,-1,0,-1,675,674,-1,3,-7,3505,3506,1,2,3,1250,1250,0,0,-1,1248,1250,2,0,-2
1787456845.332,U,0,1,-,119.0,3134,2119,9,1,-3,1091,1090,-1,0,-1,675,674,-1,3,-7,3505,3506,1,2,3,1249,1250,1,0,-1,1248,1250,2,0,-2
1787456845.469,U',0,1,-,119.0,2123,3132,-15,2,0,1091,1090,-1,0,-1,675,674,-1,3,-7,3505,3506,1,2,3,1249,1250,1,0,-1,1248,1250,2,0,-2
1787456845.607,U,0,1,-,119.0,3135,2119,8,1,-3,1091,1090,-1,0,-1,675,674,-1,3,-7,3505,3506,1,2,3,1249,1250,1,0,-1,1248,1250,2,0,-2
1787456845.742,U',0,1,-,119.0,2122,3132,-14,2,0,1091,1090,-1,0,-1,675,674,-1,3,-7,3505,3506,1,2,3,1249,1250,1,0,-1,1248,1250,2,0,-2
1787456845.882,U,0,1,-,119.0,3134,2118,8,1,-4,1091,1090,-1,0,-1,675,674,-1,3,-7,3505,3506,1,2,3,1249,1250,1,0,-1,1248,1250,2,0,-2
1787456846.016,U',0,1,-,119.0,2122,3132,-14,2,0,1091,1090,-1,0,-1,675,674,-1,3,-7,3505,3506,1,2,3,1249,1250,1,0,-1,1248,1250,2,0,-2
1787456846.148,U,0,1,-,119.0,3135,2119,8,1,-3,1091,1090,-1,0,-1,675,674,-1,3,-7,3505,3506,1,2,3,1249,1250,1,0,-1,1248,1250,2,0,-2
1787456846.282,U',0,1,-,119.0,2123,3131,-16,2,-1,1091,1090,-1,0,-1,675,674,-1,3,-7,3505,3506,1,2,3,1249,1250,1,0,-1,1248,1250,2,0,-2
1787456846.432,U,0,1,-,119.0,3134,2118,8,1,-4,1091,1090,-1,0,-1,675,674,-1,3,-7,3505,3506,1,2,3,1249,1250,1,0,-1,1248,1250,2,0,-2
1787456846.568,U',0,1,-,119.0,2122,3132,-14,2,0,1091,1090,-1,0,-1,675,674,-1,3,-7,3506,3506,0,2,3,1249,1250,1,0,-1,1248,1250,2,0,-2
1787456846.707,U,0,1,-,119.0,3135,2119,8,1,-3,1091,1090,-1,0,-1,675,674,-1,3,-7,3506,3506,0,2,3,1249,1249,0,0,-2,1248,1250,2,0,-2
1787456846.845,U',0,1,-,119.0,2123,3132,-15,2,0,1091,1090,-1,0,-1,675,674,-1,3,-7,3506,3506,0,2,3,1250,1250,0,0,-1,1248,1250,2,0,-2
1787456846.981,U,0,1,-,119.0,3134,2118,8,1,-4,1091,1090,-1,0,-1,675,674,-1,3,-7,3505,3506,1,2,3,1249,1250,1,0,-1,1248,1250,2,0,-2
1787456847.120,U',0,1,-,119.0,2123,3132,-15,2,0,1091,1091,0,0,0,675,674,-1,3,-7,3505,3505,0,2,2,1249,1250,1,0,-1,1248,1250,2,0,-2
1787456847.256,U,0,1,-,119.0,3134,2118,8,1,-4,1091,1090,-1,0,-1,675,674,-1,3,-7,3506,3506,0,2,3,1249,1250,1,0,-1,1248,1250,2,0,-2
1787456847.390,U',0,1,-,119.0,2122,3131,-15,2,-1,1091,1090,-1,0,-1,675,674,-1,3,-7,3505,3506,1,2,3,1250,1250,0,0,-1,1248,1250,2,0,-2
1787456847.532,U,0,1,-,119.0,3134,2118,8,1,-4,1091,1090,-1,0,-1,675,674,-1,3,-7,3505,3506,1,2,3,1249,1250,1,0,-1,1248,1250,2,0,-2
1787456847.669,U',0,1,-,119.0,2122,3132,-14,2,0,1091,1090,-1,0,-1,675,674,-1,3,-7,3506,3506,0,2,3,1249,1250,1,0,-1,1248,1250,2,0,-2
1787456847.807,U,0,1,-,119.0,3134,2118,8,1,-4,1091,1090,-1,0,-1,675,674,-1,3,-7,3505,3506,1,2,3,1249,1250,1,0,-1,1248,1250,2,0,-2
1787456847.944,U',0,1,-,119.0,2122,3132,-14,2,0,1091,1090,-1,0,-1,675,674,-1,3,-7,3506,3506,0,2,3,1249,1249,0,0,-2,1248,1250,2,0,-2
1787456848.081,U,0,1,-,119.0,3134,2119,9,1,-3,1091,1090,-1,0,-1,675,674,-1,3,-7,3506,3506,0,2,3,1249,1250,1,0,-1,1248,1250,2,0,-2
1787456848.219,U',0,1,-,119.0,2123,3132,-15,2,0,1091,1090,-1,0,-1,675,674,-1,3,-7,3506,3506,0,2,3,1249,1250,1,0,-1,1248,1250,2,0,-2
1787456848.357,U,0,1,-,119.0,3134,2118,8,1,-4,1091,1090,-1,0,-1,675,673,-2,3,-8,3505,3506,1,2,3,1249,1250,1,0,-1,1248,1250,2,0,-2
1787456848.493,U',0,1,-,119.0,2122,3132,-14,2,0,1091,1090,-1,0,-1,675,674,-1,3,-7,3506,3506,0,2,3,1249,1250,1,0,-1,1248,1250,2,0,-2
1787456848.623,U,0,1,-,119.0,3135,2119,8,1,-3,1091,1090,-1,0,-1,675,674,-1,3,-7,3506,3506,0,2,3,1249,1250,1,0,-1,1248,1250,2,0,-2
1787456848.769,U',0,1,-,119.0,2122,3132,-14,2,0,1091,1090,-1,0,-1,675,674,-1,3,-7,3505,3506,1,2,3,1249,1250,1,0,-1,1248,1250,2,0,-2
1787456848.907,U,0,1,-,119.0,3134,2118,8,1,-4,1091,1090,-1,0,-1,675,674,-1,3,-7,3506,3506,0,2,3,1250,1250,0,0,-1,1248,1250,2,0,-2
1787456849.043,U',0,1,-,119.0,2122,3132,-14,2,0,1091,1090,-1,0,-1,675,674,-1,3,-7,3505,3506,1,2,3,1249,1250,1,0,-1,1248,1250,2,0,-2
1787456849.181,U,0,1,-,119.0,3134,2118,8,1,-4,1091,1090,-1,0,-1,675,674,-1,3,-7,3505,3506,1,2,3,1249,1250,1,0,-1,1248,1250,2,0,-2
1787456849.318,U',0,1,-,119.0,2123,3132,-15,2,0,1091,1090,-1,0,-1,675,674,-1,3,-7,3506,3506,0,2,3,1250,1250,0,0,-1,1248,1250,2,0,-2
1787456849.457,U,0,1,-,119.0,3134,2118,8,1,-4,1091,1090,-1,0,-1,675,674,-1,3,-7,3505,3506,1,2,3,1249,1250,1,0,-1,1248,1250,2,0,-2
1787456849.593,U',0,1,-,119.0,2122,3132,-14,2,0,1091,1090,-1,0,-1,675,674,-1,3,-7,3506,3506,0,2,3,1250,1250,0,0,-1,1248,1250,2,0,-2
1787456849.732,U,0,1,-,119.0,3134,2119,9,1,-3,1091,1090,-1,0,-1,675,674,-1,3,-7,3505,3506,1,2,3,1249,1250,1,0,-1,1248,1250,2,0,-2
1787456849.868,U',0,1,-,119.0,2122,3132,-14,2,0,1091,1090,-1,0,-1,675,674,-1,3,-7,3505,3506,1,2,3,1250,1250,0,0,-1,1248,1250,2,0,-2
1787456850.005,U,0,1,-,119.0,3134,2118,8,1,-4,1091,1090,-1,0,-1,675,674,-1,3,-7,3505,3506,1,2,3,1249,1250,1,0,-1,1248,1250,2,0,-2
1787456850.144,U',0,1,-,119.0,2123,3132,-15,2,0,1091,1090,-1,0,-1,675,674,-1,3,-7,3506,3506,0,2,3,1250,1250,0,0,-1,1248,1250,2,0,-2
1787456850.281,U,0,1,-,119.0,3134,2119,9,1,-3,1091,1090,-1,0,-1,675,674,-1,3,-7,3506,3506,0,2,3,1249,1250,1,0,-1,1248,1250,2,0,-2
1787456850.419,U',0,1,-,119.0,2122,3132,-14,2,0,1091,1090,-1,0,-1,675,674,-1,3,-7,3506,3506,0,2,3,1249,1249,0,0,-2,1248,1250,2,0,-2
1787456850.555,U,0,1,-,119.0,3135,2119,8,1,-3,1091,1090,-1,0,-1,675,674,-1,3,-7,3505,3506,1,2,3,1249,1250,1,0,-1,1248,1250,2,0,-2
1787456850.693,U',0,1,-,119.0,2122,3132,-14,2,0,1091,1090,-1,0,-1,675,674,-1,3,-7,3505,3506,1,2,3,1249,1250,1,0,-1,1248,1250,2,0,-2
1787456850.831,U,0,1,-,119.0,3134,2119,9,1,-3,1091,1090,-1,0,-1,675,674,-1,3,-7,3506,3505,-1,2,2,1249,1250,1,0,-1,1248,1250,2,0,-2
1787456850.967,U',0,1,-,119.0,2122,3132,-14,2,0,1091,1090,-1,0,-1,675,674,-1,3,-7,3506,3506,0,2,3,1249,1249,0,0,-2,1248,1250,2,0,-2
1787456851.105,U,0,1,-,119.0,3134,2119,9,1,-3,1091,1090,-1,0,-1,675,674,-1,3,-7,3505,3505,0,2,2,1249,1250,1,0,-1,1248,1250,2,0,-2
1787456851.244,U',0,1,-,119.0,2122,3132,-14,2,0,1091,1090,-1,0,-1,675,674,-1,3,-7,3505,3506,1,2,3,1249,1249,0,0,-2,1248,1250,2,0,-2
1787456851.381,U,0,1,-,119.0,3134,2118,8,1,-4,1091,1090,-1,0,-1,675,674,-1,3,-7,3506,3506,0,2,3,1249,1250,1,0,-1,1248,1250,2,0,-2
1787456851.519,U',0,1,-,119.0,2122,3132,-14,2,0,1091,1090,-1,0,-1,675,674,-1,3,-7,3506,3506,0,2,3,1249,1250,1,0,-1,1248,1250,2,0,-2
1787456851.656,U,0,1,-,119.0,3134,2119,9,1,-3,1091,1090,-1,0,-1,675,674,-1,3,-7,3506,3506,0,2,3,1250,1250,0,0,-1,1248,1250,2,0,-2
1787456851.794,U',0,1,-,119.0,2122,3132,-14,2,0,1091,1090,-1,0,-1,675,673,-2,3,-8,3505,3506,1,2,3,1249,1250,1,0,-1,1248,1250,2,0,-2
1787456851.931,U,0,1,-,119.0,3134,2118,8,1,-4,1091,1090,-1,0,-1,675,674,-1,3,-7,3506,3506,0,2,3,1249,1250,1,0,-1,1248,1250,2,0,-2
1787456852.069,U',0,1,-,119.0,2123,3132,-15,2,0,1091,1090,-1,0,-1,675,673,-2,3,-8,3506,3506,0,2,3,1249,1249,0,0,-2,1248,1250,2,0,-2
1787456852.202,U,0,1,-,119.0,3134,2119,9,1,-3,1091,1090,-1,0,-1,675,674,-1,3,-7,3506,3506,0,2,3,1249,1249,0,0,-2,1248,1250,2,0,-2
1787456852.343,U',0,1,-,119.0,2122,3132,-14,2,0,1091,1090,-1,0,-1,675,674,-1,3,-7,3505,3506,1,2,3,1249,1250,1,0,-1,1248,1250,2,0,-2
1787456852.480,U,0,1,-,119.0,3134,2119,9,1,-3,1091,1090,-1,0,-1,675,674,-1,3,-7,3506,3506,0,2,3,1249,1250,1,0,-1,1248,1250,2,0,-2
1787456852.617,U',0,1,-,119.0,2123,3132,-15,2,0,1091,1090,-1,0,-1,675,674,-1,3,-7,3505,3506,1,2,3,1249,1250,1,0,-1,1248,1250,2,0,-2
1787456852.756,U,0,1,-,119.0,3134,2118,8,1,-4,1091,1090,-1,0,-1,675,674,-1,3,-7,3505,3506,1,2,3,1250,1250,0,0,-1,1248,1250,2,0,-2
1787456852.890,U',0,1,-,119.0,2122,3133,-13,2,1,1091,1090,-1,0,-1,675,674,-1,3,-7,3506,3506,0,2,3,1249,1250,1,0,-1,1248,1250,2,0,-2
1787456853.030,U,0,1,-,119.0,3134,2118,8,1,-4,1091,1090,-1,0,-1,675,674,-1,3,-7,3506,3506,0,2,3,1250,1250,0,0,-1,1248,1250,2,0,-2
1787456853.165,U',0,1,-,119.0,2122,3132,-14,2,0,1091,1090,-1,0,-1,675,674,-1,3,-7,3505,3506,1,2,3,1249,1249,0,0,-2,1248,1250,2,0,-2
1787456853.305,U,0,1,-,119.0,3135,2119,8,1,-3,1091,1090,-1,0,-1,675,674,-1,3,-7,3505,3506,1,2,3,1249,1250,1,0,-1,1248,1250,2,0,-2
1787456853.442,U',0,1,-,119.0,2122,3132,-14,2,0,1091,1090,-1,0,-1,675,674,-1,3,-7,3506,3506,0,2,3,1249,1250,1,0,-1,1248,1250,2,0,-2
1787456853.580,U,0,1,-,119.0,3134,2118,8,1,-4,1091,1090,-1,0,-1,675,674,-1,3,-7,3505,3506,1,2,3,1249,1249,0,0,-2,1248,1250,2,0,-2
1787456853.719,U',0,1,-,119.0,2122,3132,-14,2,0,1091,1090,-1,0,-1,675,674,-1,3,-7,3505,3506,1,2,3,1249,1250,1,0,-1,1248,1250,2,0,-2
1787456853.856,U,0,1,-,119.0,3134,2118,8,1,-4,1091,1090,-1,0,-1,675,674,-1,3,-7,3505,3506,1,2,3,1250,1250,0,0,-1,1248,1250,2,0,-2
1787456853.994,U',0,1,-,119.0,2123,3132,-15,2,0,1091,1090,-1,0,-1,675,674,-1,3,-7,3506,3506,0,2,3,1249,1250,1,0,-1,1248,1250,2,0,-2
1787456854.131,U,0,1,-,119.0,3134,2118,8,1,-4,1091,1090,-1,0,-1,675,674,-1,3,-7,3505,3506,1,2,3,1249,1250,1,0,-1,1248,1250,2,0,-2
1787456854.268,U',0,1,-,119.0,2122,3132,-14,2,0,1091,1090,-1,0,-1,675,674,-1,3,-7,3506,3506,0,2,3,1249,1249,0,0,-2,1249,1250,1,0,-2
1787456854.406,U,0,1,-,119.0,3134,2118,8,1,-4,1091,1090,-1,0,-1,675,674,-1,3,-7,3505,3506,1,2,3,1249,1250,1,0,-1,1248,1250,2,0,-2
1787456854.542,U',0,1,-,119.0,2122,3132,-14,2,0,1091,1090,-1,0,-1,675,674,-1,3,-7,3505,3506,1,2,3,1249,1250,1,0,-1,1248,1250,2,0,-2
1787456854.675,U,0,1,-,119.0,3134,2119,9,1,-3,1091,1090,-1,0,-1,675,674,-1,3,-7,3505,3505,0,2,2,1249,1250,1,0,-1,1248,1250,2,0,-2
1787456854.818,U',0,1,-,119.0,2122,3132,-14,2,0,1091,1090,-1,0,-1,675,674,-1,3,-7,3506,3506,0,2,3,1249,1250,1,0,-1,1248,1250,2,0,-2
1787456854.956,U,0,1,-,119.0,3134,2119,9,1,-3,1091,1090,-1,0,-1,675,674,-1,3,-7,3505,3506,1,2,3,1249,1250,1,0,-1,1248,1250,2,0,-2
1787456855.094,U',0,1,-,119.0,2123,3132,-15,2,0,1091,1090,-1,0,-1,675,674,-1,3,-7,3505,3505,0,2,2,1249,1250,1,0,-1,1248,1250,2,0,-2
1787456855.230,U,0,1,-,119.0,3134,2118,8,1,-4,1091,1090,-1,0,-1,675,674,-1,3,-7,3505,3506,1,2,3,1249,1250,1,0,-1,1248,1250,2,0,-2
1787456855.372,U',0,1,-,119.0,2123,3132,-15,2,0,1091,1090,-1,0,-1,675,674,-1,3,-7,3505,3506,1,2,3,1249,1250,1,0,-1,1248,1250,2,0,-2
1787456855.506,U,0,1,-,119.0,3134,2118,8,1,-4,1091,1090,-1,0,-1,675,674,-1,3,-7,3505,3506,1,2,3,1249,1250,1,0,-1,1249,1250,1,0,-2
1787456855.642,U',0,1,-,119.0,2123,3132,-15,2,0,1091,1090,-1,0,-1,675,674,-1,3,-7,3506,3506,0,2,3,1249,1250,1,0,-1,1248,1250,2,0,-2
1787456855.781,U,0,1,-,119.0,3135,2118,7,1,-4,1091,1090,-1,0,-1,675,674,-1,3,-7,3505,3506,1,2,3,1249,1250,1,0,-1,1248,1250,2,0,-2
1787456855.919,U',0,1,-,119.0,2122,3133,-13,2,1,1091,1090,-1,0,-1,675,674,-1,3,-7,3505,3506,1,2,3,1250,1250,0,0,-1,1248,1250,2,0,-2
1787456856.054,U,0,1,-,119.0,3134,2119,9,1,-3,1091,1090,-1,0,-1,675,674,-1,3,-7,3505,3506,1,2,3,1249,1250,1,0,-1,1248,1250,2,0,-2
1787456856.194,U',0,1,-,119.0,2122,3132,-14,2,0,1091,1090,-1,0,-1,675,674,-1,3,-7,3506,3506,0,2,3,1249,1249,0,0,-2,1248,1250,2,0,-2
1787456856.331,U,0,1,-,119.0,3134,2119,9,1,-3,1091,1090,-1,0,-1,675,674,-1,3,-7,3505,3506,1,2,3,1250,1250,0,0,-1,1248,1250,2,0,-2
1787456856.469,U',0,1,-,119.0,2123,3132,-15,2,0,1091,1090,-1,0,-1,675,674,-1,3,-7,3505,3506,1,2,3,1249,1250,1,0,-1,1248,1250,2,0,-2
1787456856.605,U,0,1,-,119.0,3134,2118,8,1,-4,1091,1090,-1,0,-1,675,674,-1,3,-7,3505,3506,1,2,3,1249,1250,1,0,-1,1249,1250,1,0,-2
1787456856.744,U',0,1,-,119.0,2122,3132,-14,2,0,1091,1090,-1,0,-1,675,674,-1,3,-7,3506,3506,0,2,3,1249,1250,1,0,-1,1248,1250,2,0,-2
1787456856.879,U,0,1,-,119.0,3135,2118,7,1,-4,1091,1090,-1,0,-1,675,674,-1,3,-7,3505,3506,1,2,3,1249,1250,1,0,-1,1249,1250,1,0,-2
1787456857.018,U',0,1,-,119.0,2123,3133,-14,2,1,1091,1090,-1,0,-1,675,674,-1,3,-7,3505,3506,1,2,3,1250,1250,0,0,-1,1248,1250,2,0,-2
1787456857.151,U,0,1,-,119.0,3134,2118,8,1,-4,1091,1090,-1,0,-1,675,674,-1,3,-7,3506,3506,0,2,3,1249,1250,1,0,-1,1248,1250,2,0,-2
1787456857.292,U',0,1,-,119.0,2122,3132,-14,2,0,1091,1090,-1,0,-1,675,674,-1,3,-7,3505,3506,1,2,3,1249,1250,1,0,-1,1248,1250,2,0,-2
1787456857.418,U,0,1,-,119.0,3134,2118,8,1,-4,1091,1090,-1,0,-1,675,674,-1,3,-7,3506,3505,-1,2,2,1250,1250,0,0,-1,1248,1250,2,0,-2
1787456857.568,U',0,1,-,119.0,2122,3132,-14,2,0,1091,1090,-1,0,-1,675,674,-1,3,-7,3505,3506,1,2,3,1249,1250,1,0,-1,1248,1250,2,0,-2
1787456857.706,U,0,1,-,119.0,3134,2119,9,1,-3,1091,1091,0,0,0,675,674,-1,3,-7,3505,3506,1,2,3,1249,1250,1,0,-1,1248,1250,2,0,-2
1787456857.843,U',0,1,-,119.0,2122,3132,-14,2,0,1091,1090,-1,0,-1,675,674,-1,3,-7,3506,3506,0,2,3,1249,1250,1,0,-1,1248,1250,2,0,-2
1787456857.980,U,0,1,-,119.0,3135,2119,8,1,-3,1091,1090,-1,0,-1,675,674,-1,3,-7,3505,3505,0,2,2,1249,1250,1,0,-1,1248,1250,2,0,-2
1787456858.119,U',0,1,-,119.0,2122,3132,-14,2,0,1090,1090,0,0,-1,675,674,-1,3,-7,3505,3505,0,2,2,1250,1250,0,0,-1,1248,1250,2,0,-2
1787456858.256,U,0,1,-,119.0,3134,2118,8,1,-4,1091,1090,-1,0,-1,675,674,-1,3,-7,3505,3506,1,2,3,1249,1250,1,0,-1,1248,1250,2,0,-2
1787456858.393,U',0,1,-,119.0,2122,3132,-14,2,0,1091,1090,-1,0,-1,675,674,-1,3,-7,3505,3506,1,2,3,1250,1250,0,0,-1,1248,1250,2,0,-2
1787456858.530,U,0,1,-,119.0,3135,2118,7,1,-4,1091,1090,-1,0,-1,675,674,-1,3,-7,3505,3506,1,2,3,1250,1250,0,0,-1,1248,1250,2,0,-2
1787456858.669,U',0,1,-,119.0,2122,3132,-14,2,0,1091,1090,-1,0,-1,675,673,-2,3,-8,3505,3506,1,2,3,1249,1250,1,0,-1,1248,1250,2,0,-2
1787456858.806,U,0,1,-,119.0,3134,2118,8,1,-4,1091,1090,-1,0,-1,675,674,-1,3,-7,3505,3505,0,2,2,1249,1250,1,0,-1,1248,1250,2,0,-2
1787456858.943,U',0,1,-,119.0,2122,3132,-14,2,0,1091,1090,-1,0,-1,675,674,-1,3,-7,3505,3506,1,2,3,1249,1250,1,0,-1,1248,1250,2,0,-2
1787456859.069,U,0,1,-,119.0,3135,2118,7,1,-4,1091,1090,-1,0,-1,675,674,-1,3,-7,3506,3505,-1,2,2,1249,1250,1,0,-1,1248,1250,2,0,-2
1787456859.218,U',0,1,-,119.0,2122,3132,-14,2,0,1091,1090,-1,0,-1,675,674,-1,3,-7,3505,3506,1,2,3,1249,1250,1,0,-1,1248,1250,2,0,-2
1787456859.356,U,0,1,-,119.0,3134,2119,9,1,-3,1091,1090,-1,0,-1,675,674,-1,3,-7,3505,3506,1,2,3,1250,1250,0,0,-1,1248,1250,2,0,-2
1787456859.494,U',0,1,-,119.0,2122,3132,-14,2,0,1091,1090,-1,0,-1,675,674,-1,3,-7,3505,3506,1,2,3,1249,1250,1,0,-1,1248,1250,2,0,-2
1787456859.630,U,0,1,-,119.0,3134,2119,9,1,-3,1091,1090,-1,0,-1,675,674,-1,3,-7,3505,3506,1,2,3,1249,1249,0,0,-2,1248,1250,2,0,-2
1787456859.767,U',0,1,-,119.0,2122,3132,-14,2,0,1091,1090,-1,0,-1,675,674,-1,3,-7,3506,3506,0,2,3,1249,1249,0,0,-2,1248,1250,2,0,-2
1787456859.906,U,0,1,-,119.0,3134,2119,9,1,-3,1091,1090,-1,0,-1,675,674,-1,3,-7,3505,3506,1,2,3,1249,1249,0,0,-2,1248,1250,2,0,-2
1787456860.043,U',0,1,-,119.0,2122,3132,-14,2,0,1091,1090,-1,0,-1,675,674,-1,3,-7,3506,3506,0,2,3,1249,1250,1,0,-1,1248,1250,2,0,-2
1787456860.181,U,0,1,-,119.0,3134,2118,8,1,-4,1091,1090,-1,0,-1,675,674,-1,3,-7,3506,3506,0,2,3,1249,1250,1,0,-1,1249,1250,1,0,-2
1787456860.315,U',0,1,-,119.0,2123,3132,-15,2,0,1091,1090,-1,0,-1,675,674,-1,3,-7,3505,3506,1,2,3,1250,1250,0,0,-1,1248,1250,2,0,-2
1787456860.456,U,0,1,-,119.0,3134,2119,9,1,-3,1091,1090,-1,0,-1,675,674,-1,3,-7,3506,3506,0,2,3,1249,1250,1,0,-1,1248,1250,2,0,-2
1787456860.593,U',0,1,-,119.0,2122,3132,-14,2,0,1091,1090,-1,0,-1,675,674,-1,3,-7,3505,3506,1,2,3,1249,1250,1,0,-1,1248,1250,2,0,-2
1787456860.731,U,0,1,-,119.0,3134,2118,8,1,-4,1091,1090,-1,0,-1,675,674,-1,3,-7,3505,3506,1,2,3,1249,1250,1,0,-1,1248,1250,2,0,-2
1787456860.869,U',0,1,-,119.0,2123,3132,-15,2,0,1091,1090,-1,0,-1,675,674,-1,3,-7,3505,3506,1,2,3,1249,1250,1,0,-1,1248,1250,2,0,-2
1787456861.005,U,0,1,-,119.0,3135,2119,8,1,-3,1091,1090,-1,0,-1,675,674,-1,3,-7,3506,3506,0,2,3,1249,1250,1,0,-1,1248,1250,2,0,-2
1787456861.143,U',0,1,-,119.0,2123,3132,-15,2,0,1091,1090,-1,0,-1,675,674,-1,3,-7,3505,3506,1,2,3,1250,1250,0,0,-1,1248,1250,2,0,-2
1787456861.280,U,0,1,-,119.0,3134,2118,8,1,-4,1091,1090,-1,0,-1,675,674,-1,3,-7,3505,3506,1,2,3,1249,1249,0,0,-2,1248,1250,2,0,-2
1787456861.418,U',0,1,-,119.0,2122,3132,-14,2,0,1091,1090,-1,0,-1,675,673,-2,3,-8,3505,3506,1,2,3,1249,1250,1,0,-1,1248,1250,2,0,-2
1787456861.555,U,0,1,-,119.0,3134,2119,9,1,-3,1091,1090,-1,0,-1,675,674,-1,3,-7,3505,3506,1,2,3,1249,1250,1,0,-1,1248,1250,2,0,-2
1787456861.693,U',0,1,-,119.0,2122,3133,-13,2,1,1091,1090,-1,0,-1,675,674,-1,3,-7,3505,3506,1,2,3,1249,1250,1,0,-1,1248,1250,2,0,-2
1787456861.828,U,0,1,-,119.0,3134,2118,8,1,-4,1091,1090,-1,0,-1,675,674,-1,3,-7,3505,3505,0,2,2,1249,1250,1,0,-1,1248,1250,2,0,-2
1787456861.968,U',0,1,-,119.0,2123,3132,-15,2,0,1091,1090,-1,0,-1,675,674,-1,3,-7,3506,3506,0,2,3,1249,1250,1,0,-1,1248,1250,2,0,-2
1787456862.105,U,0,1,-,119.0,3134,2119,9,1,-3,1091,1090,-1,0,-1,675,674,-1,3,-7,3505,3506,1,2,3,1249,1250,1,0,-1,1248,1250,2,0,-2
1787456862.243,U',0,1,-,119.0,2123,3132,-15,2,0,1091,1090,-1,0,-1,675,674,-1,3,-7,3505,3506,1,2,3,1249,1250,1,0,-1,1248,1250,2,0,-2
1787456862.368,U,0,1,-,119.0,3134,2118,8,1,-4,1091,1090,-1,0,-1,675,673,-2,3,-8,3505,3506,1,2,3,1249,1249,0,0,-2,1248,1250,2,0,-2
1787456862.517,U',0,1,-,119.0,2122,3132,-14,2,0,1091,1090,-1,0,-1,675,674,-1,3,-7,3505,3506,1,2,3,1249,1250,1,0,-1,1248,1250,2,0,-2
1787456862.655,U,0,1,-,119.0,3134,2118,8,1,-4,1091,1090,-1,0,-1,675,674,-1,3,-7,3506,3506,0,2,3,1249,1250,1,0,-1,1248,1249,1,0,-3
1787456862.792,U',0,1,-,119.0,2122,3132,-14,2,0,1091,1090,-1,0,-1,675,673,-2,3,-8,3505,3506,1,2,3,1249,1250,1,0,-1,1248,1250,2,0,-2
1787456862.931,U,0,1,-,119.0,3134,2118,8,1,-4,1091,1090,-1,0,-1,675,674,-1,3,-7,3506,3506,0,2,3,1249,1250,1,0,-1,1248,1250,2,0,-2
1787456863.068,U',0,1,-,119.0,2122,3132,-14,2,0,1091,1090,-1,0,-1,675,674,-1,3,-7,3505,3505,0,2,2,1249,1250,1,0,-1,1248,1250,2,0,-2
1787456863.205,U,0,1,-,119.0,3134,2118,8,1,-4,1091,1090,-1,0,-1,675,674,-1,3,-7,3506,3506,0,2,3,1249,1250,1,0,-1,1249,1250,1,0,-2
1787456863.343,U',0,1,-,119.0,2122,3132,-14,2,0,1091,1090,-1,0,-1,675,674,-1,3,-7,3505,3506,1,2,3,1249,1250,1,0,-1,1248,1250,2,0,-2
1787456863.481,U,0,1,-,119.0,3134,2119,9,1,-3,1091,1090,-1,0,-1,675,674,-1,3,-7,3506,3506,0,2,3,1249,1250,1,0,-1,1248,1250,2,0,-2
1787456863.618,U',0,1,-,119.0,2123,3132,-15,2,0,1091,1090,-1,0,-1,675,674,-1,3,-7,3505,3505,0,2,2,1249,1250,1,0,-1,1248,1250,2,0,-2
1787456863.754,U,0,1,-,119.0,3134,2118,8,1,-4,1091,1090,-1,0,-1,675,674,-1,3,-7,3505,3505,0,2,2,1249,1249,0,0,-2,1248,1250,2,0,-2
1787456863.893,U',0,1,-,119.0,2122,3132,-14,2,0,1091,1090,-1,0,-1,675,674,-1,3,-7,3506,3506,0,2,3,1249,1250,1,0,-1,1248,1250,2,0,-2
1787456864.031,U,0,1,-,119.0,3134,2118,8,1,-4,1091,1090,-1,0,-1,675,674,-1,3,-7,3506,3506,0,2,3,1249,1250,1,0,-1,1248,1250,2,0,-2
1787456864.168,U',0,1,-,119.0,2122,3132,-14,2,0,1091,1090,-1,0,-1,675,674,-1,3,-7,3505,3506,1,2,3,1249,1250,1,0,-1,1248,1250,2,0,-2
1787456864.306,U,0,1,-,119.0,3134,2119,9,1,-3,1091,1090,-1,0,-1,675,674,-1,3,-7,3505,3506,1,2,3,1249,1250,1,0,-1,1248,1250,2,0,-2
1787456864.434,U',0,1,-,119.0,2122,3132,-14,2,0,1091,1090,-1,0,-1,675,674,-1,3,-7,3505,3506,1,2,3,1249,1249,0,0,-2,1248,1250,2,0,-2
1787456864.580,U,0,1,-,119.0,3134,2119,9,1,-3,1091,1090,-1,0,-1,675,674,-1,3,-7,3506,3505,-1,2,2,1249,1249,0,0,-2,1248,1250,2,0,-2
1787456864.718,U',0,1,-,119.0,2123,3132,-15,2,0,1091,1090,-1,0,-1,675,674,-1,3,-7,3505,3506,1,2,3,1249,1250,1,0,-1,1248,1250,2,0,-2
1787456864.855,U,0,1,-,119.0,3134,2118,8,1,-4,1091,1090,-1,0,-1,675,674,-1,3,-7,3506,3506,0,2,3,1250,1250,0,0,-1,1248,1250,2,0,-2
1787456864.992,U',0,1,-,119.0,2123,3132,-15,2,0,1091,1090,-1,0,-1,675,674,-1,3,-7,3505,3506,1,2,3,1249,1250,1,0,-1,1248,1250,2,0,-2
1787456865.130,U,0,1,-,119.0,3135,2119,8,1,-3,1091,1090,-1,0,-1,675,673,-2,3,-8,3506,3506,0,2,3,1250,1250,0,0,-1,1248,1250,2,0,-2
1787456865.266,U',0,1,-,119.0,2123,3132,-15,2,0,1091,1090,-1,0,-1,675,674,-1,3,-7,3505,3506,1,2,3,1249,1250,1,0,-1,1248,1250,2,0,-2
1787456865.405,U,0,1,-,119.0,3135,2119,8,1,-3,1091,1090,-1,0,-1,675,674,-1,3,-7,3506,3506,0,2,3,1249,1250,1,0,-1,1248,1250,2,0,-2
1787456865.542,U',0,1,-,119.0,2123,3132,-15,2,0,1091,1090,-1,0,-1,675,674,-1,3,-7,3505,3506,1,2,3,1250,1250,0,0,-1,1248,1250,2,0,-2
1787456865.680,U,0,1,-,119.0,3134,2118,8,1,-4,1091,1090,-1,0,-1,675,674,-1,3,-7,3506,3506,0,2,3,1250,1250,0,0,-1,1248,1250,2,0,-2
1787456865.818,U',0,1,-,119.0,2122,3132,-14,2,0,1091,1090,-1,0,-1,675,674,-1,3,-7,3505,3506,1,2,3,1250,1250,0,0,-1,1248,1250,2,0,-2
1787456865.955,U,0,1,-,119.0,3134,2119,9,1,-3,1091,1090,-1,0,-1,675,674,-1,3,-7,3505,3506,1,2,3,1249,1250,1,0,-1,1248,1250,2,0,-2
1787456866.093,U',0,1,-,119.0,2123,3132,-15,2,0,1091,1090,-1,0,-1,675,674,-1,3,-7,3505,3506,1,2,3,1249,1250,1,0,-1,1248,1250,2,0,-2
1787456866.230,U,0,1,-,119.0,3134,2118,8,1,-4,1091,1090,-1,0,-1,675,674,-1,3,-7,3505,3506,1,2,3,1249,1250,1,0,-1,1248,1250,2,0,-2
1787456866.367,U',0,1,-,119.0,2122,3132,-14,2,0,1091,1090,-1,0,-1,675,674,-1,3,-7,3505,3506,1,2,3,1249,1250,1,0,-1,1248,1250,2,0,-2
1787456866.505,U,0,1,-,119.0,3134,2119,9,1,-3,1091,1090,-1,0,-1,675,674,-1,3,-7,3505,3506,1,2,3,1249,1250,1,0,-1,1248,1250,2,0,-2
1787456866.643,U',0,1,-,119.0,2123,3132,-15,2,0,1091,1090,-1,0,-1,675,674,-1,3,-7,3505,3506,1,2,3,1249,1250,1,0,-1,1248,1250,2,0,-2
1787456866.779,U,0,1,-,119.0,3134,2119,9,1,-3,1091,1090,-1,0,-1,675,674,-1,3,-7,3506,3506,0,2,3,1249,1250,1,0,-1,1248,1250,2,0,-2
1787456866.917,U',0,1,-,119.0,2122,3132,-14,2,0,1091,1090,-1,0,-1,675,674,-1,3,-7,3506,3506,0,2,3,1249,1250,1,0,-1,1248,1250,2,0,-2
1787456867.054,U,0,1,-,119.0,3134,2118,8,1,-4,1091,1090,-1,0,-1,675,674,-1,3,-7,3506,3506,0,2,3,1250,1250,0,0,-1,1248,1250,2,0,-2
1787456867.191,U',0,1,-,119.0,2122,3132,-14,2,0,1091,1090,-1,0,-1,675,674,-1,3,-7,3505,3505,0,2,2,1249,1250,1,0,-1,1249,1250,1,0,-2
1787456867.330,U,0,1,-,119.0,3134,2118,8,1,-4,1091,1090,-1,0,-1,675,674,-1,3,-7,3505,3506,1,2,3,1249,1249,0,0,-2,1248,1250,2,0,-2
1787456867.467,U',0,1,-,119.0,2123,3132,-15,2,0,1091,1090,-1,0,-1,675,674,-1,3,-7,3505,3505,0,2,2,1249,1250,1,0,-1,1248,1250,2,0,-2
1787456867.605,U,0,1,-,119.0,3134,2119,9,1,-3,1091,1090,-1,0,-1,675,674,-1,3,-7,3505,3506,1,2,3,1249,1250,1,0,-1,1248,1250,2,0,-2
1787456867.742,U',0,1,-,119.0,2123,3132,-15,2,0,1091,1090,-1,0,-1,675,674,-1,3,-7,3505,3506,1,2,3,1250,1250,0,0,-1,1248,1250,2,0,-2
1787456867.880,U,0,1,-,119.0,3135,2119,8,1,-3,1091,1090,-1,0,-1,675,674,-1,3,-7,3505,3506,1,2,3,1249,1250,1,0,-1,1248,1250,2,0,-2
1787456868.018,U',0,1,-,119.0,2122,3132,-14,2,0,1091,1090,-1,0,-1,675,674,-1,3,-7,3505,3506,1,2,3,1250,1250,0,0,-1,1248,1250,2,0,-2
1787456868.155,U,0,1,-,119.0,3134,2119,9,1,-3,1091,1090,-1,0,-1,675,674,-1,3,-7,3505,3506,1,2,3,1249,1250,1,0,-1,1248,1250,2,0,-2
1787456868.292,U',0,1,-,119.0,2122,3132,-14,2,0,1091,1090,-1,0,-1,675,674,-1,3,-7,3506,3506,0,2,3,1249,1250,1,0,-1,1248,1250,2,0,-2
1787456868.430,U,0,1,-,119.0,3134,2119,9,1,-3,1091,1090,-1,0,-1,675,674,-1,3,-7,3505,3506,1,2,3,1250,1250,0,0,-1,1248,1250,2,0,-2
1787456868.568,U',0,1,-,119.0,2122,3132,-14,2,0,1091,1090,-1,0,-1,675,674,-1,3,-7,3505,3506,1,2,3,1250,1250,0,0,-1,1248,1250,2,0,-2
1787456868.717,U,0,1,-,119.0,3135,2118,7,1,-4,1091,1090,-1,0,-1,675,674,-1,3,-7,3506,3506,0,2,3,1249,1250,1,0,-1,1249,1250,1,0,-2
1787456868.866,U,0,1,-,119.0,2123,1099,0,0,-3,1091,1090,-1,0,-1,675,674,-1,3,-7,3505,3506,1,2,3,1249,1250,1,0,-1,1248,1250,2,0,-2
1787456869.009,U,0,1,-,119.0,1102,60,-18,3,-4,1091,1090,-1,0,-1,675,674,-1,3,-7,3505,3506,1,2,3,1249,1250,1,0,-1,1248,1250,2,0,-2
1787456869.141,U,0,1,-,119.0,64,3131,-5,2,-1,1091,1090,-1,0,-1,675,674,-1,3,-7,3505,3506,1,2,3,1249,1250,1,0,-1,1248,1250,2,0,-2
1787456869.278,U,0,1,-,119.0,3134,2119,9,1,-3,1091,1090,-1,0,-1,675,674,-1,3,-7,3505,3506,1,2,3,1249,1250,1,0,-1,1248,1250,2,0,-2
1787456869.416,U,0,1,-,119.0,2122,1099,1,0,-3,1091,1090,-1,0,-1,675,674,-1,3,-7,3505,3506,1,2,3,1249,1250,1,0,-1,1248,1250,2,0,-2
1787456869.552,U,0,1,-,119.0,1102,60,-18,3,-4,1091,1090,-1,0,-1,675,673,-2,3,-8,3506,3506,0,2,3,1249,1249,0,0,-2,1248,1250,2,0,-2
1787456869.691,U,0,1,-,119.0,64,3131,-5,2,-1,1091,1090,-1,0,-1,675,674,-1,3,-7,3505,3506,1,2,3,1249,1250,1,0,-1,1248,1250,2,0,-2
1787456869.828,U,0,1,-,119.0,3135,2119,8,1,-3,1091,1090,-1,0,-1,675,674,-1,3,-7,3505,3505,0,2,2,1249,1250,1,0,-1,1248,1250,2,0,-2
1787456869.964,U,0,1,-,119.0,2122,1099,1,0,-3,1091,1090,-1,0,-1,675,674,-1,3,-7,3505,3506,1,2,3,1249,1250,1,0,-1,1248,1250,2,0,-2
1787456870.104,U,0,1,-,119.0,1102,60,-18,3,-4,1091,1090,-1,0,-1,675,674,-1,3,-7,3505,3505,0,2,2,1249,1250,1,0,-1,1248,1250,2,0,-2
1787456870.241,U,0,1,-,119.0,64,3131,-5,2,-1,1091,1090,-1,0,-1,675,674,-1,3,-7,3505,3506,1,2,3,1249,1250,1,0,-1,1248,1250,2,0,-2
1787456870.378,U,0,1,-,119.0,3135,2119,8,1,-3,1091,1090,-1,0,-1,675,674,-1,3,-7,3505,3506,1,2,3,1249,1250,1,0,-1,1248,1250,2,0,-2
1787456870.516,U,0,1,-,119.0,2123,1099,0,0,-3,1091,1090,-1,0,-1,675,674,-1,3,-7,3505,3506,1,2,3,1250,1250,0,0,-1,1248,1250,2,0,-2
1787456870.654,U,0,1,-,119.0,1103,60,-19,3,-4,1091,1090,-1,0,-1,675,674,-1,3,-7,3505,3506,1,2,3,1249,1250,1,0,-1,1248,1250,2,0,-2
1787456870.791,U,0,1,-,119.0,64,3131,-5,2,-1,1091,1090,-1,0,-1,675,674,-1,3,-7,3506,3506,0,2,3,1250,1250,0,0,-1,1248,1250,2,0,-2
1787456870.928,U,0,1,-,119.0,3134,2118,8,1,-4,1091,1090,-1,0,-1,675,674,-1,3,-7,3505,3506,1,2,3,1249,1249,0,0,-2,1248,1250,2,0,-2
1787456871.066,U,0,1,-,119.0,2123,1099,0,0,-3,1091,1090,-1,0,-1,675,674,-1,3,-7,3505,3506,1,2,3,1250,1250,0,0,-1,1248,1250,2,0,-2
1787456871.202,U,0,1,-,119.0,1102,60,-18,3,-4,1091,1090,-1,0,-1,675,674,-1,3,-7,3506,3505,-1,2,2,1249,1250,1,0,-1,1248,1250,2,0,-2
1787456871.336,U,0,1,-,119.0,64,3131,-5,2,-1,1091,1090,-1,0,-1,675,674,-1,3,-7,3505,3506,1,2,3,1249,1250,1,0,-1,1248,1250,2,0,-2
1787456871.477,U,0,1,-,119.0,3135,2119,8,1,-3,1091,1090,-1,0,-1,675,674,-1,3,-7,3505,3506,1,2,3,1249,1250,1,0,-1,1248,1250,2,0,-2
1787456871.616,U,0,1,-,119.0,2123,1099,0,0,-3,1091,1090,-1,0,-1,675,674,-1,3,-7,3505,3506,1,2,3,1249,1250,1,0,-1,1248,1250,2,0,-2
1787456871.753,U,0,1,-,119.0,1102,60,-18,3,-4,1091,1090,-1,0,-1,675,674,-1,3,-7,3506,3506,0,2,3,1249,1250,1,0,-1,1248,1250,2,0,-2
1787456871.892,U,0,1,-,119.0,64,3131,-5,2,-1,1091,1090,-1,0,-1,675,674,-1,3,-7,3505,3506,1,2,3,1249,1250,1,0,-1,1248,1250,2,0,-2
1787456872.027,U,0,1,-,119.0,3135,2119,8,1,-3,1091,1090,-1,0,-1,675,674,-1,3,-7,3506,3506,0,2,3,1249,1250,1,0,-1,1248,1250,2,0,-2
1787456872.166,U,0,1,-,119.0,2123,1099,0,0,-3,1091,1090,-1,0,-1,675,674,-1,3,-7,3505,3505,0,2,2,1250,1250,0,0,-1,1248,1250,2,0,-2
1787456872.303,U,0,1,-,119.0,1102,60,-18,3,-4,1091,1090,-1,0,-1,675,674,-1,3,-7,3505,3506,1,2,3,1249,1250,1,0,-1,1248,1250,2,0,-2
1787456872.440,U,0,1,-,119.0,64,3131,-5,2,-1,1091,1090,-1,0,-1,675,674,-1,3,-7,3506,3506,0,2,3,1249,1250,1,0,-1,1248,1250,2,0,-2
1787456872.577,U,0,1,-,119.0,3135,2119,8,1,-3,1091,1090,-1,0,-1,675,674,-1,3,-7,3506,3506,0,2,3,1249,1250,1,0,-1,1248,1250,2,0,-2
1787456872.716,U,0,1,-,119.0,2123,1099,0,0,-3,1091,1090,-1,0,-1,675,674,-1,3,-7,3506,3506,0,2,3,1249,1250,1,0,-1,1248,1250,2,0,-2
1787456872.853,U,0,1,-,119.0,1103,60,-19,3,-4,1091,1090,-1,0,-1,675,674,-1,3,-7,3505,3506,1,2,3,1249,1250,1,0,-1,1248,1250,2,0,-2
1787456872.990,U,0,1,-,119.0,64,3131,-5,2,-1,1091,1090,-1,0,-1,675,674,-1,3,-7,3505,3505,0,2,2,1249,1250,1,0,-1,1248,1250,2,0,-2
1787456873.128,U,0,1,-,119.0,3135,2119,8,1,-3,1091,1091,0,0,0,675,674,-1,3,-7,3505,3505,0,2,2,1249,1250,1,0,-1,1248,1250,2,0,-2
1787456873.265,U,0,1,-,119.0,2123,1099,0,0,-3,1091,1090,-1,0,-1,675,674,-1,3,-7,3505,3506,1,2,3,1250,1250,0,0,-1,1248,1250,2,0,-2
1787456873.403,U,0,1,-,119.0,1103,60,-19,3,-4,1091,1090,-1,0,-1,675,674,-1,3,-7,3505,3506,1,2,3,1250,1250,0,0,-1,1248,1250,2,0,-2
1787456873.540,U,0,1,-,119.0,64,3131,-5,2,-1,1091,1090,-1,0,-1,675,673,-2,3,-8,3505,3506,1,2,3,1249,1250,1,0,-1,1248,1250,2,0,-2
1787456873.678,U,0,1,-,119.0,3135,2119,8,1,-3,1091,1090,-1,0,-1,675,674,-1,3,-7,3505,3506,1,2,3,1249,1250,1,0,-1,1248,1250,2,0,-2
1787456873.815,U,0,1,-,119.0,2123,1099,0,0,-3,1091,1090,-1,0,-1,675,674,-1,3,-7,3505,3506,1,2,3,1249,1250,1,0,-1,1248,1250,2,0,-2
1787456873.952,U,0,1,-,119.0,1102,60,-18,3,-4,1091,1090,-1,0,-1,675,674,-1,3,-7,3505,3506,1,2,3,1250,1250,0,0,-1,1248,1250,2,0,-2
1787456874.091,U,0,1,-,119.0,64,3131,-5,2,-1,1091,1090,-1,0,-1,675,674,-1,3,-7,3506,3506,0,2,3,1249,1250,1,0,-1,1249,1250,1,0,-2
1787456874.227,U,0,1,-,119.0,3135,2119,8,1,-3,1091,1090,-1,0,-1,675,674,-1,3,-7,3505,3506,1,2,3,1249,1249,0,0,-2,1248,1250,2,0,-2
1787456874.366,U,0,1,-,119.0,2123,1099,0,0,-3,1091,1090,-1,0,-1,675,674,-1,3,-7,3505,3506,1,2,3,1249,1250,1,0,-1,1248,1250,2,0,-2
1787456874.504,U,0,1,-,119.0,1103,60,-19,3,-4,1091,1090,-1,0,-1,675,674,-1,3,-7,3505,3506,1,2,3,1249,1250,1,0,-1,1248,1250,2,0,-2
1787456874.641,U,0,1,-,119.0,64,3131,-5,2,-1,1091,1090,-1,0,-1,675,674,-1,3,-7,3505,3506,1,2,3,1249,1250,1,0,-1,1248,1250,2,0,-2
1787456874.768,U,0,1,-,119.0,3135,2118,7,1,-4,1091,1090,-1,0,-1,675,674,-1,3,-7,3505,3506,1,2,3,1249,1250,1,0,-1,1248,1250,2,0,-2
1787456874.916,U,0,1,-,119.0,2123,1099,0,0,-3,1091,1090,-1,0,-1,675,674,-1,3,-7,3505,3506,1,2,3,1249,1250,1,0,-1,1248,1250,2,0,-2
1787456875.053,U,0,1,-,119.0,1102,60,-18,3,-4,1091,1090,-1,0,-1,675,674,-1,3,-7,3505,3506,1,2,3,1249,1250,1,0,-1,1248,1250,2,0,-2
1787456875.192,U,0,1,-,119.0,64,3132,-4,2,0,1091,1090,-1,0,-1,675,674,-1,3,-7,3505,3506,1,2,3,1249,1250,1,0,-1,1248,1250,2,0,-2
1787456875.328,U,0,1,-,119.0,3135,2119,8,1,-3,1091,1090,-1,0,-1,675,674,-1,3,-7,3505,3506,1,2,3,1250,1250,0,0,-1,1248,1250,2,0,-2
1787456875.456,U,0,1,-,119.0,2123,1099,0,0,-3,1091,1090,-1,0,-1,675,674,-1,3,-7,3505,3506,1,2,3,1249,1250,1,0,-1,1248,1250,2,0,-2
1787456875.602,U,0,1,-,119.0,1103,60,-19,3,-4,1091,1090,-1,0,-1,675,674,-1,3,-7,3505,3505,0,2,2,1249,1250,1,0,-1,1248,1250,2,0,-2
1787456875.739,U,0,1,-,119.0,64,3131,-5,2,-1,1091,1090,-1,0,-1,675,674,-1,3,-7,3505,3506,1,2,3,1250,1250,0,0,-1,1248,1250,2,0,-2
1787456875.874,U,0,1,-,119.0,3135,2119,8,1,-3,1091,1090,-1,0,-1,675,674,-1,3,-7,3506,3505,-1,2,2,1249,1250,1,0,-1,1248,1250,2,0,-2
1787456876.015,U,0,1,-,119.0,2123,1099,0,0,-3,1091,1090,-1,0,-1,675,673,-2,3,-8,3506,3506,0,2,3,1249,1250,1,0,-1,1248,1250,2,0,-2
1787456876.152,U,0,1,-,119.0,1103,60,-19,3,-4,1091,1090,-1,0,-1,675,674,-1,3,-7,3505,3506,1,2,3,1249,1250,1,0,-1,1248,1250,2,0,-2
1787456876.290,U,0,1,-,119.0,64,3131,-5,2,-1,1091,1090,-1,0,-1,675,674,-1,3,-7,3506,3506,0,2,3,1249,1250,1,0,-1,1248,1250,2,0,-2
1787456876.428,U,0,1,-,119.0,3135,2119,8,1,-3,1091,1090,-1,0,-1,675,674,-1,3,-7,3505,3505,0,2,2,1250,1249,-1,0,-2,1248,1250,2,0,-2
1787456876.564,U,0,1,-,119.0,2123,1099,0,0,-3,1091,1090,-1,0,-1,675,674,-1,3,-7,3506,3506,0,2,3,1250,1250,0,0,-1,1248,1250,2,0,-2
1787456876.702,U,0,1,-,119.0,1103,60,-19,3,-4,1091,1090,-1,0,-1,675,674,-1,3,-7,3505,3506,1,2,3,1249,1250,1,0,-1,1248,1250,2,0,-2
1787456876.841,U,0,1,-,119.0,64,3131,-5,2,-1,1091,1090,-1,0,-1,675,674,-1,3,-7,3506,3506,0,2,3,1249,1250,1,0,-1,1248,1250,2,0,-2
1787456876.977,U,0,1,-,119.0,3135,2119,8,1,-3,1091,1090,-1,0,-1,675,674,-1,3,-7,3505,3506,1,2,3,1249,1250,1,0,-1,1248,1250,2,0,-2
1787456877.116,U,0,1,-,119.0,2123,1099,0,0,-3,1091,1090,-1,0,-1,675,674,-1,3,-7,3505,3506,1,2,3,1249,1250,1,0,-1,1248,1250,2,0,-2
1787456877.252,U,0,1,-,119.0,1103,60,-19,3,-4,1091,1090,-1,0,-1,675,674,-1,3,-7,3505,3506,1,2,3,1249,1250,1,0,-1,1248,1250,2,0,-2
1787456877.391,U,0,1,-,119.0,64,3131,-5,2,-1,1091,1090,-1,0,-1,675,674,-1,3,-7,3505,3506,1,2,3,1249,1249,0,0,-2,1248,1250,2,0,-2
1787456877.528,U,0,1,-,119.0,3135,2119,8,1,-3,1091,1090,-1,0,-1,675,674,-1,3,-7,3505,3506,1,2,3,1250,1250,0,0,-1,1248,1250,2,0,-2
1787456877.666,U,0,1,-,119.0,2123,1099,0,0,-3,1091,1090,-1,0,-1,675,674,-1,3,-7,3505,3506,1,2,3,1249,1249,0,0,-2,1248,1250,2,0,-2
1787456877.803,U,0,1,-,119.0,1102,60,-18,3,-4,1091,1090,-1,0,-1,675,674,-1,3,-7,3506,3505,-1,2,2,1249,1250,1,0,-1,1248,1250,2,0,-2
1787456877.940,U,0,1,-,119.0,64,3131,-5,2,-1,1091,1091,0,0,0,675,674,-1,3,-7,3505,3506,1,2,3,1250,1250,0,0,-1,1248,1250,2,0,-2
1787456878.078,U,0,1,-,119.0,3135,2119,8,1,-3,1091,1090,-1,0,-1,675,674,-1,3,-7,3506,3506,0,2,3,1249,1250,1,0,-1,1248,1250,2,0,-2
1787456878.215,U,0,1,-,119.0,2123,1099,0,0,-3,1091,1090,-1,0,-1,675,674,-1,3,-7,3505,3506,1,2,3,1249,1250,1,0,-1,1248,1250,2,0,-2
1787456878.353,U,0,1,-,119.0,1102,60,-18,3,-4,1091,1090,-1,0,-1,675,674,-1,3,-7,3505,3506,1,2,3,1249,1250,1,0,-1,1248,1250,2,0,-2
1787456878.489,U,0,1,-,119.0,65,3131,-6,2,-1,1091,1090,-1,0,-1,675,674,-1,3,-7,3505,3506,1,2,3,1249,1250,1,0,-1,1248,1250,2,0,-2
1787456878.627,U,0,1,-,119.0,3135,2119,8,1,-3,1091,1090,-1,0,-1,675,674,-1,3,-7,3506,3505,-1,2,2,1250,1250,0,0,-1,1248,1250,2,0,-2
1787456878.764,U,0,1,-,119.0,2123,1099,0,0,-3,1091,1090,-1,0,-1,675,674,-1,3,-7,3506,3506,0,2,3,1249,1250,1,0,-1,1248,1250,2,0,-2
1787456878.899,U,0,1,-,119.0,1103,60,-19,3,-4,1091,1090,-1,0,-1,675,674,-1,3,-7,3505,3506,1,2,3,1249,1250,1,0,-1,1248,1250,2,0,-2
1787456879.039,U,0,1,-,119.0,65,3131,-6,2,-1,1091,1090,-1,0,-1,675,674,-1,3,-7,3505,3506,1,2,3,1250,1250,0,0,-1,1248,1250,2,0,-2
1787456879.178,U,0,1,-,119.0,3135,2119,8,1,-3,1091,1090,-1,0,-1,675,674,-1,3,-7,3505,3505,0,2,2,1249,1249,0,0,-2,1248,1250,2,0,-2
1787456879.316,U,0,1,-,119.0,2123,1098,-1,0,-4,1091,1090,-1,0,-1,675,674,-1,3,-7,3505,3506,1,2,3,1249,1250,1,0,-1,1248,1250,2,0,-2
1787456879.454,U,0,1,-,119.0,1103,60,-19,3,-4,1091,1090,-1,0,-1,675,674,-1,3,-7,3506,3506,0,2,3,1249,1250,1,0,-1,1248,1250,2,0,-2
1787456879.590,U,0,1,-,119.0,64,3131,-5,2,-1,1091,1090,-1,0,-1,675,674,-1,3,-7,3505,3506,1,2,3,1249,1250,1,0,-1,1248,1250,2,0,-2
1787456879.728,U,0,1,-,119.0,3135,2119,8,1,-3,1091,1090,-1,0,-1,675,674,-1,3,-7,3505,3506,1,2,3,1249,1250,1,0,-1,1248,1250,2,0,-2
1787456879.865,U,0,1,-,119.0,2123,1099,0,0,-3,1090,1090,0,0,-1,675,673,-2,3,-8,3506,3506,0,2,3,1250,1250,0,0,-1,1248,1250,2,0,-2
1787456880.002,U,0,1,-,119.0,1103,60,-19,3,-4,1091,1090,-1,0,-1,675,674,-1,3,-7,3505,3506,1,2,3,1250,1250,0,0,-1,1248,1250,2,0,-2
1787456880.140,U,0,1,-,119.0,65,3131,-6,2,-1,1091,1090,-1,0,-1,675,674,-1,3,-7,3505,3506,1,2,3,1249,1250,1,0,-1,1248,1250,2,0,-2
1787456880.277,U,0,1,-,119.0,3135,2119,8,1,-3,1091,1090,-1,0,-1,675,674,-1,3,-7,3506,3505,-1,2,2,1249,1250,1,0,-1,1248,1250,2,0,-2
1787456880.416,U,0,1,-,119.0,2123,1099,0,0,-3,1091,1090,-1,0,-1,675,674,-1,3,-7,3505,3506,1,2,3,1249,1250,1,0,-1,1248,1250,2,0,-2
1787456880.552,U,0,1,-,119.0,1103,60,-19,3,-4,1091,1090,-1,0,-1,675,674,-1,3,-7,3506,3506,0,2,3,1249,1249,0,0,-2,1248,1250,2,0,-2
1787456880.689,U,0,1,-,119.0,64,3131,-5,2,-1,1091,1090,-1,0,-1,675,673,-2,3,-8,3505,3506,1,2,3,1250,1250,0,0,-1,1248,1250,2,0,-2
1787456880.819,U,0,1,-,119.0,3135,2119,8,1,-3,1091,1090,-1,0,-1,675,674,-1,3,-7,3505,3506,1,2,3,1249,1250,1,0,-1,1248,1250,2,0,-2
1787456880.957,U,0,1,-,119.0,2123,1099,0,0,-3,1091,1090,-1,0,-1,675,674,-1,3,-7,3505,3506,1,2,3,1249,1250,1,0,-1,1248,1250,2,0,-2
1787456881.101,U,0,1,-,119.0,1103,60,-19,3,-4,1091,1090,-1,0,-1,675,674,-1,3,-7,3505,3506,1,2,3,1249,1250,1,0,-1,1248,1250,2,0,-2
1787456881.233,U,0,1,-,119.0,64,3131,-5,2,-1,1091,1090,-1,0,-1,675,674,-1,3,-7,3505,3505,0,2,2,1249,1250,1,0,-1,1248,1250,2,0,-2
1787456881.378,U,0,1,-,119.0,3135,2119,8,1,-3,1091,1090,-1,0,-1,675,674,-1,3,-7,3506,3505,-1,2,2,1250,1250,0,0,-1,1248,1250,2,0,-2
1787456881.514,U,0,1,-,119.0,2122,1099,1,0,-3,1091,1090,-1,0,-1,675,674,-1,3,-7,3505,3506,1,2,3,1250,1250,0,0,-1,1248,1250,2,0,-2
1787456881.652,U,0,1,-,119.0,1102,60,-18,3,-4,1091,1090,-1,0,-1,675,674,-1,3,-7,3505,3506,1,2,3,1249,1250,1,0,-1,1248,1250,2,0,-2
1787456881.790,U,0,1,-,119.0,65,3131,-6,2,-1,1091,1090,-1,0,-1,675,674,-1,3,-7,3505,3506,1,2,3,1249,1250,1,0,-1,1248,1250,2,0,-2
1787456881.918,U,0,1,-,119.0,3135,2119,8,1,-3,1091,1090,-1,0,-1,675,674,-1,3,-7,3506,3506,0,2,3,1250,1250,0,0,-1,1248,1250,2,0,-2
1787456882.064,U,0,1,-,119.0,2123,1099,0,0,-3,1091,1090,-1,0,-1,675,674,-1,3,-7,3506,3506,0,2,3,1249,1250,1,0,-1,1248,1250,2,0,-2
1787456882.203,U,0,1,-,119.0,1102,60,-18,3,-4,1091,1090,-1,0,-1,675,674,-1,3,-7,3506,3506,0,2,3,1249,1250,1,0,-1,1249,1250,1,0,-2
1787456882.340,U,0,1,-,119.0,64,3131,-5,2,-1,1091,1090,-1,0,-1,675,674,-1,3,-7,3505,3505,0,2,2,1249,1250,1,0,-1,1248,1250,2,0,-2
1787456882.477,U,0,1,-,119.0,3135,2119,8,1,-3,1091,1090,-1,0,-1,675,673,-2,3,-8,3505,3506,1,2,3,1250,1250,0,0,-1,1248,1250,2,0,-2
1787456882.615,U,0,1,-,119.0,2123,1099,0,0,-3,1091,1090,-1,0,-1,675,674,-1,3,-7,3505,3506,1,2,3,1249,1250,1,0,-1,1248,1250,2,0,-2
1787456882.751,U,0,1,-,119.0,1103,60,-19,3,-4,1091,1090,-1,0,-1,675,674,-1,3,-7,3506,3506,0,2,3,1249,1250,1,0,-1,1248,1250,2,0,-2
1787456882.890,U,0,1,-,119.0,64,3131,-5,2,-1,1091,1090,-1,0,-1,675,674,-1,3,-7,3505,3506,1,2,3,1250,1250,0,0,-1,1249,1250,1,0,-2
1787456883.022,U,0,1,-,119.0,3135,2118,7,1,-4,1091,1090,-1,0,-1,675,674,-1,3,-7,3505,3505,0,2,2,1249,1250,1,0,-1,1248,1250,2,0,-2
1787456883.165,U,0,1,-,119.0,2123,1099,0,0,-3,1091,1090,-1,0,-1,675,674,-1,3,-7,3506,3506,0,2,3,1249,1250,1,0,-1,1248,1250,2,0,-2
1787456883.302,U,0,1,-,119.0,1102,60,-18,3,-4,1091,1090,-1,0,-1,675,674,-1,3,-7,3505,3505,0,2,2,1250,1250,0,0,-1,1248,1250,2,0,-2
1787456883.439,U,0,1,-,119.0,65,3131,-6,2,-1,1091,1090,-1,0,-1,675,674,-1,3,-7,3506,3506,0,2,3,1249,1250,1,0,-1,1248,1250,2,0,-2
1787456883.568,U,0,1,-,119.0,3135,2119,8,1,-3,1091,1090,-1,0,-1,675,674,-1,3,-7,3506,3506,0,2,3,1249,1250,1,0,-1,1248,1250,2,0,-2
1787456883.709,U,0,1,-,119.0,2123,1099,0,0,-3,1091,1090,-1,0,-1,675,674,-1,3,-7,3505,3506,1,2,3,1249,1250,1,0,-1,1248,1250,2,0,-2
1787456883.851,U,0,1,-,119.0,1103,60,-19,3,-4,1091,1090,-1,0,-1,675,674,-1,3,-7,3506,3506,0,2,3,1249,1250,1,0,-1,1248,1250,2,0,-2
1787456883.989,U,0,1,-,119.0,64,3131,-5,2,-1,1091,1090,-1,0,-1,675,674,-1,3,-7,3505,3506,1,2,3,1249,1249,0,0,-2,1248,1250,2,0,-2
1787456884.127,U,0,1,-,119.0,3135,2119,8,1,-3,1091,1090,-1,0,-1,675,674,-1,3,-7,3505,3505,0,2,2,1249,1250,1,0,-1,1248,1250,2,0,-2
1787456884.257,U,0,1,-,119.0,2123,1099,0,0,-3,1091,1090,-1,0,-1,675,674,-1,3,-7,3506,3506,0,2,3,1249,1250,1,0,-1,1248,1250,2,0,-2
1787456884.403,U,0,1,-,119.0,1102,60,-18,3,-4,1091,1090,-1,0,-1,675,674,-1,3,-7,3505,3506,1,2,3,1249,1250,1,0,-1,1248,1250,2,0,-2
1787456884.539,U,0,1,-,119.0,64,3131,-5,2,-1,1091,1090,-1,0,-1,675,674,-1,3,-7,3505,3506,1,2,3,1250,1250,0,0,-1,1248,1250,2,0,-2
1787456884.677,U,0,1,-,119.0,3135,2119,8,1,-3,1091,1090,-1,0,-1,675,674,-1,3,-7,3505,3506,1,2,3,1250,1250,0,0,-1,1248,1250,2,0,-2
1787456884.815,U,0,1,-,119.0,2123,1099,0,0,-3,1091,1090,-1,0,-1,675,674,-1,3,-7,3505,3505,0,2,2,1249,1250,1,0,-1,1248,1249,1,0,-3
1787456884.952,U,0,1,-,119.0,1103,60,-19,3,-4,1091,1090,-1,0,-1,675,674,-1,3,-7,3505,3505,0,2,2,1249,1249,0,0,-2,1248,1250,2,0,-2
1787456885.089,U,0,1,-,119.0,64,3131,-5,2,-1,1091,1090,-1,0,-1,675,674,-1,3,-7,3505,3506,1,2,3,1249,1250,1,0,-1,1248,1250,2,0,-2
1787456885.227,U,0,1,-,119.0,3135,2119,8,1,-3,1091,1090,-1,0,-1,675,674,-1,3,-7,3505,3506,1,2,3,1249,1250,1,0,-1,1248,1250,2,0,-2
1787456885.358,U,0,1,-,119.0,2123,1099,0,0,-3,1091,1090,-1,0,-1,675,674,-1,3,-7,3505,3506,1,2,3,1249,1250,1,0,-1,1248,1250,2,0,-2
1787456885.502,U,0,1,-,119.0,1102,60,-18,3,-4,1091,1090,-1,0,-1,675,674,-1,3,-7,3505,3506,1,2,3,1249,1250,1,0,-1,1248,1250,2,0,-2
1787456885.639,U,0,1,-,119.0,64,3131,-5,2,-1,1091,1090,-1,0,-1,675,674,-1,3,-7,3505,3506,1,2,3,1249,1250,1,0,-1,1248,1250,2,0,-2
1787456885.777,U,0,1,-,119.0,3135,2118,7,1,-4,1091,1090,-1,0,-1,675,674,-1,3,-7,3505,3506,1,2,3,1249,1250,1,0,-1,1248,1250,2,0,-2
1787456885.914,U,0,1,-,119.0,2123,1099,0,0,-3,1091,1090,-1,0,-1,675,674,-1,3,-7,3505,3506,1,2,3,1249,1250,1,0,-1,1248,1250,2,0,-2
1787456886.052,U,0,1,-,119.0,1103,60,-19,3,-4,1091,1090,-1,0,-1,675,674,-1,3,-7,3506,3506,0,2,3,1249,1250,1,0,-1,1248,1250,2,0,-2
1787456886.190,U,0,1,-,119.0,65,3131,-6,2,-1,1091,1090,-1,0,-1,675,674,-1,3,-7,3505,3506,1,2,3,1249,1250,1,0,-1,1248,1250,2,0,-2
1787456886.326,U,0,1,-,119.0,3135,2119,8,1,-3,1091,1090,-1,0,-1,675,674,-1,3,-7,3505,3505,0,2,2,1249,1250,1,0,-1,1248,1250,2,0,-2
1787456886.465,U,0,1,-,119.0,2123,1099,0,0,-3,1091,1090,-1,0,-1,675,673,-2,3,-8,3505,3506,1,2,3,1249,1250,1,0,-1,1248,1250,2,0,-2
1787456886.602,U,0,1,-,119.0,1102,60,-18,3,-4,1091,1090,-1,0,-1,675,674,-1,3,-7,3505,3506,1,2,3,1249,1250,1,0,-1,1248,1250,2,0,-2
1787456886.734,U,0,1,-,119.0,64,3131,-5,2,-1,1091,1090,-1,0,-1,675,674,-1,3,-7,3505,3506,1,2,3,1249,1250,1,0,-1,1248,1250,2,0,-2
1787456886.877,U,0,1,-,119.0,3135,2119,8,1,-3,1091,1090,-1,0,-1,675,674,-1,3,-7,3506,3506,0,2,3,1250,1249,-1,0,-2,1248,1250,2,0,-2
1787456887.015,U,0,1,-,119.0,2123,1099,0,0,-3,1091,1090,-1,0,-1,675,674,-1,3,-7,3505,3506,1,2,3,1249,1250,1,0,-1,1248,1250,2,0,-2
1787456887.152,U,0,1,-,119.0,1103,60,-19,3,-4,1091,1090,-1,0,-1,675,674,-1,3,-7,3505,3506,1,2,3,1250,1250,0,0,-1,1248,1250,2,0,-2
1787456887.290,U,0,1,-,119.0,65,3131,-6,2,-1,1091,1090,-1,0,-1,675,674,-1,3,-7,3505,3506,1,2,3,1249,1250,1,0,-1,1248,1250,2,0,-2
1787456887.424,U,0,1,-,119.0,3135,2119,8,1,-3,1091,1090,-1,0,-1,675,674,-1,3,-7,3505,3506,1,2,3,1249,1250,1,0,-1,1248,1250,2,0,-2
1787456887.564,U,0,1,-,119.0,2123,1099,0,0,-3,1091,1090,-1,0,-1,675,674,-1,3,-7,3505,3506,1,2,3,1249,1250,1,0,-1,1248,1250,2,0,-2
1787456887.702,U,0,1,-,119.0,1102,60,-18,3,-4,1091,1091,0,0,0,675,674,-1,3,-7,3505,3506,1,2,3,1250,1249,-1,0,-2,1248,1250,2,0,-2
1787456887.835,U,0,1,-,119.0,64,3131,-5,2,-1,1091,1090,-1,0,-1,675,674,-1,3,-7,3505,3506,1,2,3,1249,1250,1,0,-1,1248,1250,2,0,-2
1787456887.975,U,0,1,-,119.0,3135,2119,8,1,-3,1091,1090,-1,0,-1,675,674,-1,3,-7,3505,3506,1,2,3,1250,1250,0,0,-1,1248,1250,2,0,-2
1787456888.102,U,0,1,-,119.0,2123,1099,0,0,-3,1091,1090,-1,0,-1,675,674,-1,3,-7,3505,3506,1,2,3,1249,1250,1,0,-1,1248,1250,2,0,-2
1787456888.251,U,0,1,-,119.0,1103,60,-19,3,-4,1091,1090,-1,0,-1,675,674,-1,3,-7,3505,3505,0,2,2,1249,1250,1,0,-1,1248,1250,2,0,-2
1787456888.390,U,0,1,-,119.0,64,3131,-5,2,-1,1091,1090,-1,0,-1,675,674,-1,3,-7,3505,3506,1,2,3,1249,1250,1,0,-1,1248,1250,2,0,-2
1787456888.526,U,0,1,-,119.0,3135,2119,8,1,-3,1091,1090,-1,0,-1,675,674,-1,3,-7,3505,3506,1,2,3,1249,1250,1,0,-1,1248,1250,2,0,-2
1787456888.664,U,0,1,-,119.0,2123,1099,0,0,-3,1091,1090,-1,0,-1,675,674,-1,3,-7,3505,3506,1,2,3,1249,1250,1,0,-1,1248,1250,2,0,-2
1787456888.801,U,0,1,-,119.0,1103,60,-19,3,-4,1091,1090,-1,0,-1,675,674,-1,3,-7,3505,3506,1,2,3,1249,1250,1,0,-1,1248,1250,2,0,-2
1787456888.939,U,0,1,-,119.0,64,3131,-5,2,-1,1091,1090,-1,0,-1,675,673,-2,3,-8,3505,3505,0,2,2,1249,1250,1,0,-1,1248,1250,2,0,-2
1787456889.077,U,0,1,-,119.0,3135,2119,8,1,-3,1091,1090,-1,0,-1,675,674,-1,3,-7,3505,3506,1,2,3,1249,1250,1,0,-1,1248,1250,2,0,-2
1787456889.213,U,0,1,-,119.0,2123,1099,0,0,-3,1091,1090,-1,0,-1,675,674,-1,3,-7,3506,3506,0,2,3,1249,1250,1,0,-1,1248,1250,2,0,-2
1787456889.352,U,0,1,-,119.0,1102,60,-18,3,-4,1091,1090,-1,0,-1,675,674,-1,3,-7,3505,3505,0,2,2,1249,1250,1,0,-1,1248,1250,2,0,-2
1787456889.490,U,0,1,-,119.0,64,3131,-5,2,-1,1091,1090,-1,0,-1,675,674,-1,3,-7,3505,3505,0,2,2,1249,1250,1,0,-1,1248,1250,2,0,-2
1787456889.622,U,0,1,-,119.0,3136,2119,7,1,-3,1091,1090,-1,0,-1,675,674,-1,3,-7,3505,3506,1,2,3,1249,1250,1,0,-1,1248,1250,2,0,-2
1787456889.760,U,0,1,-,119.0,2123,1099,0,0,-3,1091,1090,-1,0,-1,675,674,-1,3,-7,3505,3506,1,2,3,1249,1250,1,0,-1,1248,1250,2,0,-2
1787456889.901,U,0,1,-,119.0,1102,60,-18,3,-4,1091,1090,-1,0,-1,675,674,-1,3,-7,3505,3506,1,2,3,1249,1249,0,0,-2,1248,1250,2,0,-2
1787456890.035,U,0,1,-,119.0,65,3131,-6,2,-1,1091,1090,-1,0,-1,675,674,-1,3,-7,3505,3506,1,2,3,1249,1250,1,0,-1,1248,1250,2,0,-2
1787456890.169,U,0,1,-,119.0,3135,2119,8,1,-3,1091,1090,-1,0,-1,675,674,-1,3,-7,3505,3506,1,2,3,1249,1249,0,0,-2,1248,1250,2,0,-2
1787456890.316,U,0,1,-,119.0,2123,1099,0,0,-3,1091,1090,-1,0,-1,675,674,-1,3,-7,3505,3506,1,2,3,1249,1250,1,0,-1,1248,1250,2,0,-2
1787456890.450,U,0,1,-,119.0,1102,60,-18,3,-4,1091,1091,0,0,0,675,674,-1,3,-7,3505,3506,1,2,3,1249,1250,1,0,-1,1248,1250,2,0,-2
1787456890.589,U,0,1,-,119.0,64,3131,-5,2,-1,1091,1090,-1,0,-1,675,674,-1,3,-7,3506,3506,0,2,3,1249,1250,1,0,-1,1248,1250,2,0,-2
1787456890.727,U,0,1,-,119.0,3135,2119,8,1,-3,1091,1090,-1,0,-1,675,674,-1,3,-7,3505,3506,1,2,3,1249,1250,1,0,-1,1248,1250,2,0,-2
1787456890.864,U,0,1,-,119.0,2123,1099,0,0,-3,1091,1090,-1,0,-1,675,674,-1,3,-7,3505,3506,1,2,3,1249,1250,1,0,-1,1248,1250,2,0,-2
1787456890.998,U,0,1,-,119.0,1103,60,-19,3,-4,1091,1090,-1,0,-1,675,674,-1,3,-7,3505,3506,1,2,3,1249,1250,1,0,-1,1248,1250,2,0,-2
1787456891.133,U,0,1,-,119.0,64,3131,-5,2,-1,1091,1090,-1,0,-1,675,674,-1,3,-7,3506,3506,0,2,3,1249,1250,1,0,-1,1248,1250,2,0,-2
1787456891.275,U,0,1,-,119.0,3135,2119,8,1,-3,1091,1090,-1,0,-1,675,674,-1,3,-7,3505,3506,1,2,3,1249,1250,1,0,-1,1248,1250,2,0,-2
1787456891.414,U,0,1,-,119.0,2123,1099,0,0,-3,1091,1090,-1,0,-1,675,674,-1,3,-7,3505,3506,1,2,3,1249,1250,1,0,-1,1248,1250,2,0,-2
1787456891.551,U,0,1,-,119.0,1102,60,-18,3,-4,1091,1090,-1,0,-1,675,674,-1,3,-7,3506,3506,0,2,3,1249,1250,1,0,-1,1248,1250,2,0,-2
1787456891.689,U,0,1,-,119.0,65,3131,-6,2,-1,1091,1090,-1,0,-1,675,674,-1,3,-7,3505,3506,1,2,3,1249,1250,1,0,-1,1248,1250,2,0,-2
1787456891.827,U,0,1,-,119.0,3135,2119,8,1,-3,1091,1090,-1,0,-1,675,674,-1,3,-7,3505,3506,1,2,3,1249,1250,1,0,-1,1248,1250,2,0,-2
1787456891.963,U,0,1,-,119.0,2123,1099,0,0,-3,1091,1090,-1,0,-1,675,674,-1,3,-7,3506,3506,0,2,3,1249,1250,1,0,-1,1248,1250,2,0,-2
1787456892.103,U,0,1,-,119.0,1103,60,-19,3,-4,1091,1090,-1,0,-1,675,674,-1,3,-7,3506,3506,0,2,3,1249,1250,1,0,-1,1248,1250,2,0,-2
1787456892.237,U,0,1,-,119.0,64,3131,-5,2,-1,1091,1090,-1,0,-1,675,674,-1,3,-7,3505,3506,1,2,3,1249,1250,1,0,-1,1248,1250,2,0,-2
1787456892.372,U,0,1,-,119.0,3135,2119,8,1,-3,1091,1090,-1,0,-1,675,674,-1,3,-7,3506,3506,0,2,3,1249,1249,0,0,-2,1248,1250,2,0,-2
1787456892.507,U,0,1,-,119.0,2123,1099,0,0,-3,1091,1091,0,0,0,675,674,-1,3,-7,3506,3506,0,2,3,1250,1250,0,0,-1,1248,1250,2,0,-2
1787456892.651,U,0,1,-,119.0,1102,60,-18,3,-4,1091,1090,-1,0,-1,675,674,-1,3,-7,3505,3506,1,2,3,1250,1250,0,0,-1,1248,1250,2,0,-2
1787456892.783,U,0,1,-,119.0,64,3131,-5,2,-1,1091,1090,-1,0,-1,675,674,-1,3,-7,3506,3506,0,2,3,1249,1250,1,0,-1,1249,1250,1,0,-2
1787456892.927,U,0,1,-,119.0,3135,2119,8,1,-3,1091,1090,-1,0,-1,675,674,-1,3,-7,3505,3506,1,2,3,1249,1250,1,0,-1,1248,1250,2,0,-2
1787456893.064,U,0,1,-,119.0,2123,1099,0,0,-3,1091,1090,-1,0,-1,675,674,-1,3,-7,3505,3505,0,2,2,1249,1250,1,0,-1,1248,1250,2,0,-2
1787456893.201,U,0,1,-,119.0,1103,60,-19,3,-4,1091,1090,-1,0,-1,675,674,-1,3,-7,3505,3506,1,2,3,1249,1250,1,0,-1,1248,1250,2,0,-2
1787456893.339,U,0,1,-,119.0,65,3131,-6,2,-1,1091,1090,-1,0,-1,675,674,-1,3,-7,3506,3506,0,2,3,1249,1250,1,0,-1,1248,1250,2,0,-2
1787456893.475,U,0,1,-,119.0,3135,2119,8,1,-3,1091,1090,-1,0,-1,675,674,-1,3,-7,3505,3506,1,2,3,1249,1250,1,0,-1,1248,1250,2,0,-2
1787456893.614,U,0,1,-,119.0,2123,1099,0,0,-3,1091,1090,-1,0,-1,675,674,-1,3,-7,3505,3506,1,2,3,1249,1250,1,0,-1,1248,1250,2,0,-2
1787456893.752,U,0,1,-,119.0,1102,60,-18,3,-4,1091,1090,-1,0,-1,675,674,-1,3,-7,3505,3505,0,2,2,1249,1250,1,0,-1,1249,1250,1,0,-2
1787456893.889,U,0,1,-,119.0,65,3131,-6,2,-1,1091,1090,-1,0,-1,675,674,-1,3,-7,3506,3506,0,2,3,1249,1250,1,0,-1,1248,1250,2,0,-2
1787456894.027,U,0,1,-,119.0,3135,2119,8,1,-3,1091,1090,-1,0,-1,675,674,-1,3,-7,3505,3506,1,2,3,1249,1250,1,0,-1,1248,1250,2,0,-2
1787456894.164,U,0,1,-,119.0,2123,1099,0,0,-3,1091,1090,-1,0,-1,675,674,-1,3,-7,3505,3506,1,2,3,1249,1250,1,0,-1,1249,1250,1,0,-2
1787456894.302,U,0,1,-,119.0,1103,60,-19,3,-4,1091,1090,-1,0,-1,675,674,-1,3,-7,3505,3505,0,2,2,1250,1250,0,0,-1,1248,1250,2,0,-2
1787456894.439,U,0,1,-,119.0,64,3131,-5,2,-1,1091,1090,-1,0,-1,675,674,-1,3,-7,3505,3506,1,2,3,1249,1250,1,0,-1,1248,1250,2,0,-2
1787456894.577,U,0,1,-,119.0,3135,2119,8,1,-3,1091,1090,-1,0,-1,675,674,-1,3,-7,3506,3505,-1,2,2,1249,1250,1,0,-1,1248,1250,2,0,-2
1787456894.714,U,0,1,-,119.0,2123,1099,0,0,-3,1091,1090,-1,0,-1,675,674,-1,3,-7,3505,3505,0,2,2,1249,1250,1,0,-1,1248,1250,2,0,-2
1787456894.851,U,0,1,-,119.0,1103,60,-19,3,-4,1091,1090,-1,0,-1,675,674,-1,3,-7,3505,3505,0,2,2,1249,1249,0,0,-2,1248,1250,2,0,-2
1787456894.985,U,0,1,-,119.0,64,3131,-5,2,-1,1091,1090,-1,0,-1,675,673,-2,3,-8,3505,3506,1,2,3,1249,1250,1,0,-1,1248,1250,2,0,-2
1787456895.127,U,0,1,-,119.0,3135,2119,8,1,-3,1091,1090,-1,0,-1,675,674,-1,3,-7,3505,3506,1,2,3,1249,1250,1,0,-1,1248,1250,2,0,-2
1787456895.264,U,0,1,-,119.0,2123,1099,0,0,-3,1091,1090,-1,0,-1,675,674,-1,3,-7,3505,3505,0,2,2,1250,1250,0,0,-1,1248,1250,2,0,-2
1787456895.401,U,0,1,-,119.0,1103,60,-19,3,-4,1091,1090,-1,0,-1,675,674,-1,3,-7,3506,3506,0,2,3,1249,1250,1,0,-1,1248,1250,2,0,-2
1787456895.533,U,0,1,-,119.0,64,3131,-5,2,-1,1091,1090,-1,0,-1,675,674,-1,3,-7,3506,3506,0,2,3,1249,1250,1,0,-1,1248,1250,2,0,-2
1787456895.677,U,0,1,-,119.0,3135,2119,8,1,-3,1091,1090,-1,0,-1,675,674,-1,3,-7,3505,3506,1,2,3,1249,1250,1,0,-1,1248,1250,2,0,-2
1787456895.814,U,0,1,-,119.0,2123,1098,-1,0,-4,1091,1090,-1,0,-1,675,674,-1,3,-7,3506,3506,0,2,3,1249,1250,1,0,-1,1248,1250,2,0,-2
1787456895.951,U,0,1,-,119.0,1103,60,-19,3,-4,1091,1090,-1,0,-1,675,674,-1,3,-7,3505,3506,1,2,3,1249,1250,1,0,-1,1248,1250,2,0,-2
1787456896.089,U,0,1,-,119.0,64,3131,-5,2,-1,1091,1090,-1,0,-1,675,674,-1,3,-7,3505,3505,0,2,2,1249,1250,1,0,-1,1248,1250,2,0,-2
1787456911.605,U,0,1,-,119.0,3136,2119,7,1,-3,1091,1090,-1,0,-1,675,674,-1,3,-7,3505,3506,1,2,3,1249,1249,0,0,-2,1248,1250,2,0,-2
1787456911.752,U',0,1,-,119.0,2123,3132,-15,2,0,1091,1090,-1,0,-1,675,674,-1,3,-7,3505,3506,1,2,3,1249,1250,1,0,-1,1248,1250,2,0,-2
1787456911.889,U,0,1,-,119.0,3134,2119,9,1,-3,1091,1091,0,0,0,675,674,-1,3,-7,3505,3505,0,2,2,1249,1250,1,0,-1,1248,1250,2,0,-2
1787456912.022,U',0,1,-,119.0,2123,3132,-15,2,0,1091,1090,-1,0,-1,675,674,-1,3,-7,3505,3506,1,2,3,1250,1250,0,0,-1,1248,1250,2,0,-2
1787456912.157,U,0,1,-,119.0,3135,2119,8,1,-3,1091,1090,-1,0,-1,675,674,-1,3,-7,3505,3506,1,2,3,1249,1250,1,0,-1,1248,1250,2,0,-2
1787456912.300,U',0,1,-,119.0,2123,3132,-15,2,0,1091,1090,-1,0,-1,675,674,-1,3,-7,3505,3506,1,2,3,1249,1250,1,0,-1,1248,1250,2,0,-2
1787456912.440,U,0,1,-,119.0,3135,2119,8,1,-3,1091,1090,-1,0,-1,675,674,-1,3,-7,3505,3506,1,2,3,1249,1250,1,0,-1,1248,1250,2,0,-2
1787456912.566,U',0,1,-,119.0,2123,3132,-15,2,0,1091,1090,-1,0,-1,675,674,-1,3,-7,3506,3506,0,2,3,1249,1250,1,0,-1,1248,1250,2,0,-2
1787456912.715,U,0,1,-,119.0,3134,2119,9,1,-3,1091,1090,-1,0,-1,675,674,-1,3,-7,3506,3506,0,2,3,1249,1250,1,0,-1,1248,1250,2,0,-2
1787456912.852,U',0,1,-,119.0,2123,3132,-15,2,0,1091,1090,-1,0,-1,675,674,-1,3,-7,3505,3506,1,2,3,1249,1250,1,0,-1,1248,1250,2,0,-2
1787456912.985,U,0,1,-,119.0,3134,2119,9,1,-3,1091,1090,-1,0,-1,675,674,-1,3,-7,3505,3506,1,2,3,1249,1250,1,0,-1,1248,1250,2,0,-2
1787456913.127,U',0,1,-,119.0,2123,3132,-15,2,0,1091,1090,-1,0,-1,675,674,-1,3,-7,3505,3506,1,2,3,1249,1250,1,0,-1,1248,1250,2,0,-2
1787456913.253,U,0,1,-,119.0,3134,2119,9,1,-3,1091,1090,-1,0,-1,675,674,-1,3,-7,3505,3506,1,2,3,1249,1250,1,0,-1,1248,1250,2,0,-2
1787456913.403,U',0,1,-,119.0,2123,3132,-15,2,0,1091,1090,-1,0,-1,675,674,-1,3,-7,3505,3505,0,2,2,1249,1250,1,0,-1,1248,1250,2,0,-2
1787456913.540,U,0,1,-,119.0,3134,2119,9,1,-3,1091,1090,-1,0,-1,675,674,-1,3,-7,3505,3506,1,2,3,1249,1250,1,0,-1,1248,1250,2,0,-2
1787456913.675,U',0,1,-,119.0,2123,3132,-15,2,0,1091,1090,-1,0,-1,675,674,-1,3,-7,3505,3506,1,2,3,1249,1250,1,0,-1,1248,1250,2,0,-2
1787456913.811,U,0,1,-,119.0,3135,2118,7,1,-4,1091,1090,-1,0,-1,675,674,-1,3,-7,3506,3506,0,2,3,1249,1250,1,0,-1,1248,1250,2,0,-2
1787456913.952,U',0,1,-,119.0,2123,3132,-15,2,0,1091,1090,-1,0,-1,675,674,-1,3,-7,3505,3506,1,2,3,1249,1250,1,0,-1,1248,1250,2,0,-2
1787456914.085,U,0,1,-,119.0,3134,2118,8,1,-4,1091,1091,0,0,0,675,674,-1,3,-7,3505,3506,1,2,3,1249,1250,1,0,-1,1248,1250,2,0,-2
1787456914.218,U',0,1,-,119.0,2123,3132,-15,2,0,1091,1090,-1,0,-1,675,674,-1,3,-7,3505,3505,0,2,2,1249,1250,1,0,-1,1249,1250,1,0,-2
1787456914.365,U,0,1,-,119.0,3135,2118,7,1,-4,1091,1090,-1,0,-1,675,674,-1,3,-7,3505,3506,1,2,3,1249,1250,1,0,-1,1248,1250,2,0,-2
1787456914.501,U',0,1,-,119.0,2123,3132,-15,2,0,1091,1090,-1,0,-1,675,674,-1,3,-7,3505,3506,1,2,3,1250,1250,0,0,-1,1248,1250,2,0,-2
1787456914.636,U,0,1,-,119.0,3134,2119,9,1,-3,1091,1090,-1,0,-1,675,674,-1,3,-7,3505,3506,1,2,3,1249,1250,1,0,-1,1248,1250,2,0,-2
1787456914.771,U',0,1,-,119.0,2123,3132,-15,2,0,1091,1090,-1,0,-1,675,674,-1,3,-7,3505,3506,1,2,3,1249,1250,1,0,-1,1248,1250,2,0,-2
1787456914.914,U,0,1,-,119.0,3135,2118,7,1,-4,1091,1090,-1,0,-1,675,674,-1,3,-7,3505,3506,1,2,3,1249,1250,1,0,-1,1248,1250,2,0,-2
1787456915.052,U',0,1,-,119.0,2123,3132,-15,2,0,1091,1090,-1,0,-1,675,674,-1,3,-7,3505,3506,1,2,3,1249,1250,1,0,-1,1249,1250,1,0,-2
1787456915.190,U,0,1,-,119.0,3134,2119,9,1,-3,1091,1090,-1,0,-1,675,674,-1,3,-7,3505,3506,1,2,3,1249,1250,1,0,-1,1248,1250,2,0,-2
1787456915.327,U',0,1,-,119.0,2123,3132,-15,2,0,1091,1090,-1,0,-1,675,674,-1,3,-7,3505,3506,1,2,3,1249,1250,1,0,-1,1248,1250,2,0,-2
1787456915.460,U,0,1,-,119.0,3135,2119,8,1,-3,1091,1090,-1,0,-1,675,674,-1,3,-7,3506,3506,0,2,3,1249,1250,1,0,-1,1248,1250,2,0,-2
1787456915.602,U',0,1,-,119.0,2123,3132,-15,2,0,1091,1090,-1,0,-1,675,673,-2,3,-8,3505,3506,1,2,3,1249,1250,1,0,-1,1248,1250,2,0,-2
1787456915.740,U,0,1,-,119.0,3134,2119,9,1,-3,1091,1090,-1,0,-1,675,674,-1,3,-7,3505,3506,1,2,3,1249,1250,1,0,-1,1248,1250,2,0,-2
1787456915.877,U',0,1,-,119.0,2123,3132,-15,2,0,1091,1090,-1,0,-1,675,674,-1,3,-7,3505,3506,1,2,3,1249,1250,1,0,-1,1248,1250,2,0,-2
1787456916.014,U,0,1,-,119.0,3135,2118,7,1,-4,1091,1090,-1,0,-1,675,674,-1,3,-7,3505,3506,1,2,3,1249,1249,0,0,-2,1248,1250,2,0,-2
1787456916.152,U',0,1,-,119.0,2123,3132,-15,2,0,1091,1090,-1,0,-1,675,674,-1,3,-7,3505,3506,1,2,3,1249,1250,1,0,-1,1248,1250,2,0,-2
1787456916.289,U,0,1,-,119.0,3135,2119,8,1,-3,1091,1090,-1,0,-1,675,674,-1,3,-7,3505,3506,1,2,3,1249,1250,1,0,-1,1248,1250,2,0,-2
1787456916.421,U',0,1,-,119.0,2123,3132,-15,2,0,1091,1090,-1,0,-1,675,674,-1,3,-7,3506,3506,0,2,3,1249,1250,1,0,-1,1248,1250,2,0,-2
1787456916.556,U,0,1,-,119.0,3135,2118,7,1,-4,1091,1090,-1,0,-1,675,674,-1,3,-7,3505,3506,1,2,3,1249,1250,1,0,-1,1248,1250,2,0,-2
1787456916.708,U',0,1,-,119.0,2123,3132,-15,2,0,1091,1090,-1,0,-1,675,674,-1,3,-7,3505,3506,1,2,3,1250,1250,0,0,-1,1248,1250,2,0,-2
1787456916.839,U,0,1,-,119.0,3134,2118,8,1,-4,1091,1090,-1,0,-1,675,674,-1,3,-7,3506,3506,0,2,3,1249,1250,1,0,-1,1248,1250,2,0,-2
1787456916.977,U',0,1,-,119.0,2123,3132,-15,2,0,1091,1090,-1,0,-1,675,674,-1,3,-7,3505,3506,1,2,3,1249,1250,1,0,-1,1248,1250,2,0,-2
1787456917.112,U,0,1,-,119.0,3134,2119,9,1,-3,1091,1090,-1,0,-1,675,674,-1,3,-7,3506,3506,0,2,3,1249,1250,1,0,-1,1248,1250,2,0,-2
1787456917.249,U',0,1,-,119.0,2123,3132,-15,2,0,1091,1090,-1,0,-1,675,674,-1,3,-7,3505,3506,1,2,3,1249,1250,1,0,-1,1248,1249,1,0,-3
1787456917.390,U,0,1,-,119.0,3134,2118,8,1,-4,1091,1090,-1,0,-1,675,674,-1,3,-7,3505,3506,1,2,3,1249,1250,1,0,-1,1248,1250,2,0,-2
1787456917.518,U',0,1,-,119.0,2123,3132,-15,2,0,1091,1090,-1,0,-1,675,674,-1,3,-7,3505,3506,1,2,3,1249,1249,0,0,-2,1249,1249,0,0,-3
1787456917.665,U,0,1,-,119.0,3134,2119,9,1,-3,1091,1090,-1,0,-1,675,674,-1,3,-7,3506,3506,0,2,3,1249,1250,1,0,-1,1248,1250,2,0,-2
1787456917.801,U',0,1,-,119.0,2123,3132,-15,2,0,1091,1090,-1,0,-1,675,674,-1,3,-7,3506,3506,0,2,3,1249,1250,1,0,-1,1248,1250,2,0,-2
1787456917.939,U,0,1,-,119.0,3135,2119,8,1,-3,1091,1090,-1,0,-1,675,674,-1,3,-7,3505,3505,0,2,2,1249,1250,1,0,-1,1248,1250,2,0,-2
1787456918.077,U',0,1,-,119.0,2122,3132,-14,2,0,1091,1090,-1,0,-1,675,674,-1,3,-7,3505,3506,1,2,3,1249,1250,1,0,-1,1248,1250,2,0,-2
1787456918.214,U,0,1,-,119.0,3134,2119,9,1,-3,1091,1090,-1,0,-1,675,674,-1,3,-7,3505,3506,1,2,3,1249,1250,1,0,-1,1248,1250,2,0,-2
1787456918.352,U',0,1,-,119.0,2123,3132,-15,2,0,1091,1090,-1,0,-1,675,674,-1,3,-7,3505,3506,1,2,3,1249,1250,1,0,-1,1248,1250,2,0,-2
1787456918.490,U,0,1,-,119.0,3134,2119,9,1,-3,1091,1090,-1,0,-1,675,674,-1,3,-7,3506,3506,0,2,3,1249,1250,1,0,-1,1248,1250,2,0,-2
1787456918.624,U',0,1,-,119.0,2123,3133,-14,2,1,1091,1090,-1,0,-1,675,674,-1,3,-7,3505,3506,1,2,3,1249,1250,1,0,-1,1248,1250,2,0,-2
1787456918.763,U,0,1,-,119.0,3135,2118,7,1,-4,1091,1090,-1,0,-1,675,674,-1,3,-7,3505,3506,1,2,3,1249,1250,1,0,-1,1248,1250,2,0,-2
1787456918.901,U',0,1,-,119.0,2123,3132,-15,2,0,1091,1090,-1,0,-1,675,674,-1,3,-7,3506,3506,0,2,3,1249,1250,1,0,-1,1248,1250,2,0,-2
1787456919.040,U,0,1,-,119.0,3135,2119,8,1,-3,1091,1090,-1,0,-1,675,674,-1,3,-7,3505,3506,1,2,3,1249,1250,1,0,-1,1248,1250,2,0,-2
1787456919.175,U',0,1,-,119.0,2123,3132,-15,2,0,1091,1090,-1,0,-1,675,674,-1,3,-7,3505,3506,1,2,3,1249,1250,1,0,-1,1249,1250,1,0,-2
1787456919.315,U,0,1,-,119.0,3134,2118,8,1,-4,1091,1090,-1,0,-1,675,674,-1,3,-7,3505,3506,1,2,3,1249,1250,1,0,-1,1248,1250,2,0,-2
1787456919.449,U',0,1,-,119.0,2122,3132,-14,2,0,1091,1090,-1,0,-1,675,674,-1,3,-7,3505,3506,1,2,3,1249,1250,1,0,-1,1248,1250,2,0,-2
1787456919.582,U,0,1,-,119.0,3135,2119,8,1,-3,1091,1090,-1,0,-1,675,674,-1,3,-7,3505,3506,1,2,3,1250,1250,0,0,-1,1248,1250,2,0,-2
1787456919.726,U',0,1,-,119.0,2123,3132,-15,2,0,1091,1090,-1,0,-1,675,674,-1,3,-7,3505,3505,0,2,2,1249,1250,1,0,-1,1248,1250,2,0,-2
1787456919.864,U,0,1,-,119.0,3134,2118,8,1,-4,1091,1090,-1,0,-1,675,674,-1,3,-7,3506,3506,0,2,3,1249,1250,1,0,-1,1248,1250,2,0,-2
1787456920.002,U',0,1,-,119.0,2123,3132,-15,2,0,1091,1090,-1,0,-1,675,674,-1,3,-7,3505,3506,1,2,3,1250,1250,0,0,-1,1248,1250,2,0,-2
1787456920.139,U,0,1,-,119.0,3134,2119,9,1,-3,1091,1090,-1,0,-1,675,674,-1,3,-7,3505,3506,1,2,3,1249,1250,1,0,-1,1248,1250,2,0,-2
1787456920.277,U',0,1,-,119.0,2123,3132,-15,2,0,1091,1090,-1,0,-1,675,673,-2,3,-8,3506,3505,-1,2,2,1249,1250,1,0,-1,1248,1250,2,0,-2
1787456920.408,U,0,1,-,119.0,3135,2118,7,1,-4,1091,1090,-1,0,-1,675,674,-1,3,-7,3505,3505,0,2,2,1249,1250,1,0,-1,1248,1250,2,0,-2
1787456920.551,U',0,1,-,119.0,2123,3132,-15,2,0,1091,1090,-1,0,-1,675,674,-1,3,-7,3505,3506,1,2,3,1249,1250,1,0,-1,1248,1250,2,0,-2
1787456920.689,U,0,1,-,119.0,3135,2118,7,1,-4,1091,1090,-1,0,-1,675,674,-1,3,-7,3505,3506,1,2,3,1249,1250,1,0,-1,1248,1250,2,0,-2
1787456920.827,U',0,1,-,119.0,2123,3132,-15,2,0,1091,1090,-1,0,-1,675,674,-1,3,-7,3505,3506,1,2,3,1249,1250,1,0,-1,1248,1250,2,0,-2
1787456920.963,U,0,1,-,119.0,3134,2118,8,1,-4,1091,1090,-1,0,-1,675,674,-1,3,-7,3505,3506,1,2,3,1249,1250,1,0,-1,1248,1250,2,0,-2
1787456921.102,U',0,1,-,119.0,2123,3132,-15,2,0,1091,1090,-1,0,-1,675,674,-1,3,-7,3505,3506,1,2,3,1249,1250,1,0,-1,1248,1250,2,0,-2
1787456921.235,U,0,1,-,119.0,3135,2119,8,1,-3,1091,1090,-1,0,-1,675,674,-1,3,-7,3506,3506,0,2,3,1249,1250,1,0,-1,1248,1250,2,0,-2
1787456921.377,U',0,1,-,119.0,2123,3132,-15,2,0,1091,1090,-1,0,-1,675,673,-2,3,-8,3505,3506,1,2,3,1249,1250,1,0,-1,1248,1250,2,0,-2
1787456921.503,U,0,1,-,119.0,3135,2119,8,1,-3,1091,1090,-1,0,-1,675,674,-1,3,-7,3506,3506,0,2,3,1249,1250,1,0,-1,1248,1250,2,0,-2
1787456921.652,U',0,1,-,119.0,2123,3132,-15,2,0,1091,1090,-1,0,-1,675,674,-1,3,-7,3505,3506,1,2,3,1249,1250,1,0,-1,1248,1250,2,0,-2
1787456921.790,U,0,1,-,119.0,3134,2118,8,1,-4,1091,1090,-1,0,-1,675,674,-1,3,-7,3505,3506,1,2,3,1249,1250,1,0,-1,1248,1250,2,0,-2
1787456921.924,U',0,1,-,119.0,2123,3132,-15,2,0,1091,1090,-1,0,-1,675,674,-1,3,-7,3506,3506,0,2,3,1250,1250,0,0,-1,1248,1250,2,0,-2
1787456922.060,U,0,1,-,119.0,3134,2119,9,1,-3,1091,1090,-1,0,-1,675,674,-1,3,-7,3505,3506,1,2,3,1249,1250,1,0,-1,1248,1250,2,0,-2
1787456922.198,U',0,1,-,119.0,2123,3132,-15,2,0,1091,1090,-1,0,-1,675,674,-1,3,-7,3506,3505,-1,2,2,1250,1250,0,0,-1,1248,1250,2,0,-2
1787456922.340,U,0,1,-,119.0,3135,2119,8,1,-3,1091,1090,-1,0,-1,675,674,-1,3,-7,3505,3506,1,2,3,1249,1250,1,0,-1,1248,1250,2,0,-2
1787456922.472,U',0,1,-,119.0,2123,3132,-15,2,0,1091,1090,-1,0,-1,675,673,-2,3,-8,3505,3506,1,2,3,1249,1250,1,0,-1,1248,1250,2,0,-2
1787456922.602,U,0,1,-,119.0,3134,2119,9,1,-3,1091,1090,-1,0,-1,675,674,-1,3,-7,3505,3505,0,2,2,1249,1250,1,0,-1,1248,1250,2,0,-2
1787456922.753,U',0,1,-,119.0,2123,3132,-15,2,0,1091,1090,-1,0,-1,675,674,-1,3,-7,3505,3506,1,2,3,1249,1250,1,0,-1,1248,1250,2,0,-2
1787456922.888,U,0,1,-,119.0,3135,2119,8,1,-3,1091,1090,-1,0,-1,675,674,-1,3,-7,3505,3506,1,2,3,1249,1250,1,0,-1,1248,1250,2,0,-2
1787456923.027,U',0,1,-,119.0,2123,3132,-15,2,0,1091,1090,-1,0,-1,675,674,-1,3,-7,3506,3506,0,2,3,1249,1250,1,0,-1,1248,1250,2,0,-2
1787456923.164,U,0,1,-,119.0,3135,2119,8,1,-3,1091,1090,-1,0,-1,675,674,-1,3,-7,3505,3506,1,2,3,1249,1250,1,0,-1,1248,1250,2,0,-2
1787456923.302,U',0,1,-,119.0,2123,3132,-15,2,0,1091,1090,-1,0,-1,675,674,-1,3,-7,3505,3506,1,2,3,1249,1250,1,0,-1,1248,1250,2,0,-2
1787456923.435,U,0,1,-,119.0,3134,2119,9,1,-3,1091,1090,-1,0,-1,675,674,-1,3,-7,3505,3506,1,2,3,1250,1250,0,0,-1,1248,1250,2,0,-2
1787456923.572,U',0,1,-,119.0,2123,3132,-15,2,0,1091,1090,-1,0,-1,675,674,-1,3,-7,3505,3506,1,2,3,1249,1250,1,0,-1,1248,1250,2,0,-2
1787456923.714,U,0,1,-,119.0,3135,2119,8,1,-3,1091,1091,0,0,0,675,674,-1,3,-7,3506,3506,0,2,3,1250,1249,-1,0,-2,1248,1250,2,0,-2
1787456923.852,U',0,1,-,119.0,2123,3132,-15,2,0,1091,1090,-1,0,-1,675,674,-1,3,-7,3505,3506,1,2,3,1249,1250,1,0,-1,1249,1250,1,0,-2
1787456923.986,U,0,1,-,119.0,3134,2119,9,1,-3,1091,1090,-1,0,-1,675,674,-1,3,-7,3506,3505,-1,2,2,1250,1250,0,0,-1,1248,1250,2,0,-2
1787456924.126,U',0,1,-,119.0,2123,3132,-15,2,0,1091,1090,-1,0,-1,675,674,-1,3,-7,3505,3506,1,2,3,1249,1250,1,0,-1,1248,1250,2,0,-2
1787456924.264,U,0,1,-,119.0,3134,2119,9,1,-3,1091,1090,-1,0,-1,675,674,-1,3,-7,3506,3506,0,2,3,1249,1250,1,0,-1,1248,1250,2,0,-2
1787456924.402,U',0,1,-,119.0,2123,3132,-15,2,0,1091,1090,-1,0,-1,675,674,-1,3,-7,3505,3506,1,2,3,1249,1250,1,0,-1,1248,1250,2,0,-2
1787456924.533,U,0,1,-,119.0,3134,2118,8,1,-4,1091,1090,-1,0,-1,675,674,-1,3,-7,3506,3506,0,2,3,1250,1249,-1,0,-2,1248,1250,2,0,-2
1787456924.677,U',0,1,-,119.0,2123,3132,-15,2,0,1091,1090,-1,0,-1,675,674,-1,3,-7,3506,3505,-1,2,2,1249,1250,1,0,-1,1248,1250,2,0,-2
1787456924.814,U,0,1,-,119.0,3134,2119,9,1,-3,1091,1090,-1,0,-1,675,674,-1,3,-7,3505,3506,1,2,3,1249,1250,1,0,-1,1248,1250,2,0,-2
1787456924.951,U',0,1,-,119.0,2123,3132,-15,2,0,1091,1090,-1,0,-1,675,674,-1,3,-7,3505,3506,1,2,3,1249,1250,1,0,-1,1248,1250,2,0,-2
1787456925.085,U,0,1,-,119.0,3134,2119,9,1,-3,1091,1090,-1,0,-1,675,674,-1,3,-7,3505,3506,1,2,3,1249,1249,0,0,-2,1248,1250,2,0,-2
1787456925.226,U',0,1,-,119.0,2123,3132,-15,2,0,1091,1090,-1,0,-1,675,674,-1,3,-7,3505,3506,1,2,3,1249,1250,1,0,-1,1249,1250,1,0,-2
1787456925.363,U,0,1,-,119.0,3135,2119,8,1,-3,1091,1091,0,0,0,675,674,-1,3,-7,3505,3506,1,2,3,1249,1250,1,0,-1,1248,1250,2,0,-2
1787456925.501,U',0,1,-,119.0,2122,3132,-14,2,0,1091,1090,-1,0,-1,675,674,-1,3,-7,3506,3506,0,2,3,1249,1250,1,0,-1,1248,1250,2,0,-2
1787456925.639,U,0,1,-,119.0,3135,2119,8,1,-3,1091,1090,-1,0,-1,675,674,-1,3,-7,3505,3505,0,2,2,1250,1250,0,0,-1,1248,1250,2,0,-2
1787456925.774,U',0,1,-,119.0,2123,3132,-15,2,0,1091,1090,-1,0,-1,675,674,-1,3,-7,3505,3506,1,2,3,1249,1250,1,0,-1,1249,1250,1,0,-2
1787456925.914,U,0,1,-,119.0,3135,2119,8,1,-3,1091,1090,-1,0,-1,675,674,-1,3,-7,3506,3506,0,2,3,1249,1250,1,0,-1,1248,1250,2,0,-2
1787456926.051,U',0,1,-,119.0,2123,3132,-15,2,0,1091,1090,-1,0,-1,675,674,-1,3,-7,3505,3506,1,2,3,1249,1250,1,0,-1,1248,1250,2,0,-2
1787456926.185,U,0,1,-,119.0,3134,2119,9,1,-3,1091,1090,-1,0,-1,675,674,-1,3,-7,3505,3506,1,2,3,1249,1250,1,0,-1,1248,1250,2,0,-2
1787456926.318,U',0,1,-,119.0,2123,3132,-15,2,0,1091,1090,-1,0,-1,675,674,-1,3,-7,3506,3506,0,2,3,1249,1249,0,0,-2,1248,1250,2,0,-2
1787456926.464,U,0,1,-,119.0,3135,2119,8,1,-3,1091,1090,-1,0,-1,675,674,-1,3,-7,3505,3506,1,2,3,1249,1250,1,0,-1,1248,1250,2,0,-2
1787456926.601,U',0,1,-,119.0,2123,3132,-15,2,0,1091,1090,-1,0,-1,675,674,-1,3,-7,3505,3506,1,2,3,1249,1249,0,0,-2,1248,1250,2,0,-2
1787456926.736,U,0,1,-,119.0,3134,2119,9,1,-3,1091,1090,-1,0,-1,675,674,-1,3,-7,3505,3505,0,2,2,1249,1250,1,0,-1,1248,1250,2,0,-2
1787456926.877,U',0,1,-,119.0,2123,3132,-15,2,0,1091,1090,-1,0,-1,675,674,-1,3,-7,3505,3505,0,2,2,1249,1250,1,0,-1,1248,1250,2,0,-2
1787456927.014,U,0,1,-,119.0,3135,2119,8,1,-3,1091,1090,-1,0,-1,675,674,-1,3,-7,3505,3505,0,2,2,1249,1250,1,0,-1,1248,1250,2,0,-2
1787456927.152,U',0,1,-,119.0,2123,3132,-15,2,0,1091,1090,-1,0,-1,675,674,-1,3,-7,3505,3506,1,2,3,1249,1250,1,0,-1,1248,1250,2,0,-2
1787456927.289,U,0,1,-,119.0,3135,2119,8,1,-3,1091,1090,-1,0,-1,675,674,-1,3,-7,3505,3506,1,2,3,1249,1250,1,0,-1,1248,1250,2,0,-2
1787456927.427,U',0,1,-,119.0,2123,3132,-15,2,0,1091,1090,-1,0,-1,675,674,-1,3,-7,3505,3505,0,2,2,1249,1250,1,0,-1,1249,1250,1,0,-2
1787456927.564,U,0,1,-,119.0,3134,2119,9,1,-3,1091,1090,-1,0,-1,675,674,-1,3,-7,3505,3506,1,2,3,1249,1250,1,0,-1,1248,1250,2,0,-2
1787456927.701,U',0,1,-,119.0,2123,3132,-15,2,0,1091,1090,-1,0,-1,675,674,-1,3,-7,3505,3505,0,2,2,1250,1250,0,0,-1,1249,1250,1,0,-2
1787456927.839,U,0,1,-,119.0,3135,2119,8,1,-3,1091,1090,-1,0,-1,675,674,-1,3,-7,3505,3505,0,2,2,1249,1250,1,0,-1,1248,1250,2,0,-2
1787456927.976,U',0,1,-,119.0,2123,3132,-15,2,0,1091,1090,-1,0,-1,675,674,-1,3,-7,3505,3505,0,2,2,1249,1250,1,0,-1,1248,1250,2,0,-2
1787456928.114,U,0,1,-,119.0,3135,2119,8,1,-3,1091,1090,-1,0,-1,675,674,-1,3,-7,3505,3505,0,2,2,1249,1250,1,0,-1,1248,1250,2,0,-2
1787456928.252,U',0,1,-,119.0,2123,3132,-15,2,0,1091,1090,-1,0,-1,675,674,-1,3,-7,3505,3506,1,2,3,1249,1250,1,0,-1,1248,1250,2,0,-2
1787456928.389,U,0,1,-,119.0,3135,2119,8,1,-3,1091,1090,-1,0,-1,675,674,-1,3,-7,3505,3506,1,2,3,1249,1250,1,0,-1,1249,1250,1,0,-2
1787456928.527,U',0,1,-,119.0,2123,3132,-15,2,0,1091,1090,-1,0,-1,675,674,-1,3,-7,3505,3506,1,2,3,1249,1250,1,0,-1,1248,1250,2,0,-2
1787456928.664,U,0,1,-,119.0,3134,2119,9,1,-3,1091,1090,-1,0,-1,675,674,-1,3,-7,3505,3506,1,2,3,1249,1250,1,0,-1,1248,1250,2,0,-2
1787456928.800,U',0,1,-,119.0,2123,3132,-15,2,0,1091,1090,-1,0,-1,675,674,-1,3,-7,3505,3505,0,2,2,1249,1250,1,0,-1,1249,1250,1,0,-2
1787456928.938,U,0,1,-,119.0,3134,2119,9,1,-3,1091,1090,-1,0,-1,675,674,-1,3,-7,3506,3506,0,2,3,1249,1250,1,0,-1,1248,1250,2,0,-2
1787456929.076,U',0,1,-,119.0,2123,3132,-15,2,0,1091,1090,-1,0,-1,675,674,-1,3,-7,3506,3505,-1,2,2,1249,1250,1,0,-1,1248,1250,2,0,-2
1787456929.214,U,0,1,-,119.0,3134,2119,9,1,-3,1091,1090,-1,0,-1,675,674,-1,3,-7,3505,3506,1,2,3,1249,1250,1,0,-1,1248,1250,2,0,-2
1787456929.351,U',0,1,-,119.0,2123,3132,-15,2,0,1091,1090,-1,0,-1,675,674,-1,3,-7,3506,3506,0,2,3,1249,1250,1,0,-1,1249,1250,1,0,-2
1787456929.489,U,0,1,-,119.0,3134,2119,9,1,-3,1091,1090,-1,0,-1,675,674,-1,3,-7,3505,3506,1,2,3,1250,1250,0,0,-1,1248,1250,2,0,-2
1787456929.625,U',0,1,-,119.0,2123,3132,-15,2,0,1091,1090,-1,0,-1,675,674,-1,3,-7,3505,3506,1,2,3,1249,1250,1,0,-1,1248,1250,2,0,-2
1787456929.757,U,0,1,-,119.0,3134,2119,9,1,-3,1091,1090,-1,0,-1,675,674,-1,3,-7,3505,3506,1,2,3,1249,1250,1,0,-1,1248,1250,2,0,-2
1787456929.901,U',0,1,-,119.0,2123,3133,-14,2,1,1091,1090,-1,0,-1,675,674,-1,3,-7,3505,3506,1,2,3,1249,1250,1,0,-1,1248,1250,2,0,-2
1787456930.039,U,0,1,-,119.0,3134,2119,9,1,-3,1091,1090,-1,0,-1,675,674,-1,3,-7,3506,3506,0,2,3,1249,1250,1,0,-1,1248,1250,2,0,-2
1787456930.176,U',0,1,-,119.0,2122,3132,-14,2,0,1091,1090,-1,0,-1,675,674,-1,3,-7,3505,3505,0,2,2,1249,1250,1,0,-1,1248,1250,2,0,-2
1787456930.314,U,0,1,-,119.0,3134,2118,8,1,-4,1091,1090,-1,0,-1,675,674,-1,3,-7,3506,3506,0,2,3,1249,1250,1,0,-1,1248,1250,2,0,-2
1787456930.451,U',0,1,-,119.0,2123,3132,-15,2,0,1091,1090,-1,0,-1,675,674,-1,3,-7,3505,3505,0,2,2,1249,1250,1,0,-1,1248,1250,2,0,-2
1787456930.587,U,0,1,-,119.0,3134,2119,9,1,-3,1091,1090,-1,0,-1,675,674,-1,3,-7,3505,3505,0,2,2,1249,1250,1,0,-1,1248,1250,2,0,-2
1787456930.721,U',0,1,-,119.0,2123,3132,-15,2,0,1091,1090,-1,0,-1,675,674,-1,3,-7,3505,3505,0,2,2,1250,1250,0,0,-1,1248,1250,2,0,-2
1787456930.856,U,0,1,-,119.0,3134,2119,9,1,-3,1091,1090,-1,0,-1,675,674,-1,3,-7,3505,3506,1,2,3,1249,1250,1,0,-1,1248,1250,2,0,-2
1787456931.001,U',0,1,-,119.0,2123,3132,-15,2,0,1091,1090,-1,0,-1,675,674,-1,3,-7,3505,3506,1,2,3,1250,1250,0,0,-1,1248,1250,2,0,-2
1787456931.136,U,0,1,-,119.0,3134,2119,9,1,-3,1091,1090,-1,0,-1,675,674,-1,3,-7,3505,3506,1,2,3,1249,1250,1,0,-1,1248,1250,2,0,-2
1787456931.275,U',0,1,-,119.0,2123,3132,-15,2,0,1091,1090,-1,0,-1,675,674,-1,3,-7,3505,3506,1,2,3,1249,1249,0,0,-2,1248,1250,2,0,-2
1787456931.414,U,0,1,-,119.0,3134,2119,9,1,-3,1091,1090,-1,0,-1,675,674,-1,3,-7,3505,3506,1,2,3,1250,1250,0,0,-1,1248,1250,2,0,-2
1787456931.551,U',0,1,-,119.0,2123,3132,-15,2,0,1091,1090,-1,0,-1,675,674,-1,3,-7,3505,3505,0,2,2,1249,1249,0,0,-2,1248,1250,2,0,-2
1787456931.685,U,0,1,-,119.0,3134,2119,9,1,-3,1091,1090,-1,0,-1,675,674,-1,3,-7,3505,3506,1,2,3,1249,1250,1,0,-1,1248,1250,2,0,-2
1787456931.823,U',0,1,-,119.0,2123,3132,-15,2,0,1091,1090,-1,0,-1,675,674,-1,3,-7,3505,3506,1,2,3,1250,1250,0,0,-1,1248,1250,2,0,-2
1787456931.964,U,0,1,-,119.0,3134,2119,9,1,-3,1091,1090,-1,0,-1,675,674,-1,3,-7,3505,3506,1,2,3,1249,1250,1,0,-1,1248,1250,2,0,-2
1787456932.101,U',0,1,-,119.0,2123,3132,-15,2,0,1091,1090,-1,0,-1,675,674,-1,3,-7,3505,3506,1,2,3,1249,1249,0,0,-2,1248,1250,2,0,-2
1787456932.239,U,0,1,-,119.0,3134,2119,9,1,-3,1091,1090,-1,0,-1,675,674,-1,3,-7,3505,3506,1,2,3,1249,1250,1,0,-1,1248,1250,2,0,-2
1787456932.376,U',0,1,-,119.0,2123,3132,-15,2,0,1091,1090,-1,0,-1,675,674,-1,3,-7,3505,3506,1,2,3,1249,1250,1,0,-1,1248,1250,2,0,-2
1787456932.514,U,0,1,-,119.0,3134,2119,9,1,-3,1091,1090,-1,0,-1,675,674,-1,3,-7,3506,3506,0,2,3,1249,1250,1,0,-1,1248,1250,2,0,-2
1787456932.651,U',0,1,-,119.0,2123,3132,-15,2,0,1091,1090,-1,0,-1,675,674,-1,3,-7,3505,3506,1,2,3,1249,1250,1,0,-1,1249,1250,1,0,-2
1787456932.786,U,0,1,-,119.0,3134,2119,9,1,-3,1091,1090,-1,0,-1,675,674,-1,3,-7,3505,3505,0,2,2,1249,1250,1,0,-1,1248,1250,2,0,-2
1787456932.926,U',0,1,-,119.0,2123,3132,-15,2,0,1091,1090,-1,0,-1,675,674,-1,3,-7,3506,3505,-1,2,2,1249,1250,1,0,-1,1248,1250,2,0,-2
1787456933.062,U,0,1,-,119.0,3134,2119,9,1,-3,1091,1090,-1,0,-1,675,674,-1,3,-7,3506,3505,-1,2,2,1250,1250,0,0,-1,1248,1250,2,0,-2
1787456933.200,U',0,1,-,119.0,2123,3132,-15,2,0,1091,1090,-1,0,-1,675,674,-1,3,-7,3505,3506,1,2,3,1249,1250,1,0,-1,1248,1250,2,0,-2
1787456933.335,U,0,1,-,119.0,3134,2119,9,1,-3,1091,1090,-1,0,-1,675,674,-1,3,-7,3505,3506,1,2,3,1249,1250,1,0,-1,1248,1250,2,0,-2
1787456933.478,U',0,1,-,119.0,2123,3132,-15,2,0,1091,1091,0,0,0,675,674,-1,3,-7,3506,3506,0,2,3,1249,1250,1,0,-1,1248,1249,1,0,-3
1787456933.613,U,0,1,-,119.0,3134,2119,9,1,-3,1091,1090,-1,0,-1,675,674,-1,3,-7,3505,3506,1,2,3,1249,1250,1,0,-1,1248,1250,2,0,-2
1787456933.752,U',0,1,-,119.0,2123,3132,-15,2,0,1091,1090,-1,0,-1,675,674,-1,3,-7,3505,3506,1,2,3,1249,1250,1,0,-1,1248,1250,2,0,-2
1787456933.891,U,0,1,-,119.0,3134,2119,9,1,-3,1091,1090,-1,0,-1,675,674,-1,3,-7,3505,3506,1,2,3,1249,1250,1,0,-1,1248,1250,2,0,-2
1787456934.028,U',0,1,-,119.0,2123,3132,-15,2,0,1091,1090,-1,0,-1,675,674,-1,3,-7,3506,3506,0,2,3,1249,1250,1,0,-1,1248,1250,2,0,-2
1787456934.164,U,0,1,-,119.0,3134,2119,9,1,-3,1091,1091,0,0,0,675,674,-1,3,-7,3505,3506,1,2,3,1249,1250,1,0,-1,1248,1250,2,0,-2
1787456934.302,U',0,1,-,119.0,2122,3132,-14,2,0,1091,1090,-1,0,-1,675,674,-1,3,-7,3505,3506,1,2,3,1249,1250,1,0,-1,1248,1250,2,0,-2
1787456934.439,U,0,1,-,119.0,3134,2119,9,1,-3,1091,1090,-1,0,-1,675,674,-1,3,-7,3505,3505,0,2,2,1249,1250,1,0,-1,1248,1250,2,0,-2
1787456934.578,U',0,1,-,119.0,2122,3132,-14,2,0,1091,1090,-1,0,-1,675,674,-1,3,-7,3506,3506,0,2,3,1249,1250,1,0,-1,1248,1250,2,0,-2
1787456934.716,U,0,1,-,119.0,3134,2118,8,1,-4,1091,1090,-1,0,-1,675,674,-1,3,-7,3505,3506,1,2,3,1249,1250,1,0,-1,1248,1250,2,0,-2
1787456934.851,U',0,1,-,119.0,2123,3132,-15,2,0,1091,1090,-1,0,-1,675,674,-1,3,-7,3505,3506,1,2,3,1249,1250,1,0,-1,1248,1250,2,0,-2
1787456934.988,U,0,1,-,119.0,3134,2118,8,1,-4,1091,1090,-1,0,-1,675,674,-1,3,-7,3505,3505,0,2,2,1249,1250,1,0,-1,1248,1250,2,0,-2
1787456935.126,U',0,1,-,119.0,2123,3133,-14,2,1,1091,1090,-1,0,-1,675,674,-1,3,-7,3505,3505,0,2,2,1250,1250,0,0,-1,1248,1250,2,0,-2
1787456935.264,U,0,1,-,119.0,3134,2119,9,1,-3,1091,1090,-1,0,-1,675,674,-1,3,-7,3505,3506,1,2,3,1249,1249,0,0,-2,1248,1250,2,0,-2
1787456935.401,U',0,1,-,119.0,2123,3132,-15,2,0,1091,1090,-1,0,-1,675,674,-1,3,-7,3505,3506,1,2,3,1249,1250,1,0,-1,1248,1250,2,0,-2
1787456935.539,U,0,1,-,119.0,3135,2119,8,1,-3,1091,1090,-1,0,-1,675,674,-1,3,-7,3505,3505,0,2,2,1249,1250,1,0,-1,1248,1250,2,0,-2
1787456935.675,U',0,1,-,119.0,2123,3132,-15,2,0,1091,1090,-1,0,-1,675,674,-1,3,-7,3506,3506,0,2,3,1249,1250,1,0,-1,1248,1250,2,0,-2
1787456935.814,U,0,1,-,119.0,3134,2119,9,1,-3,1091,1090,-1,0,-1,675,674,-1,3,-7,3505,3505,0,2,2,1250,1250,0,0,-1,1248,1250,2,0,-2
1787456935.951,U',0,1,-,119.0,2123,3132,-15,2,0,1091,1090,-1,0,-1,675,674,-1,3,-7,3505,3505,0,2,2,1249,1250,1,0,-1,1248,1250,2,0,-2
1787456936.088,U,0,1,-,119.0,3134,2119,9,1,-3,1091,1090,-1,0,-1,675,674,-1,3,-7,3506,3505,-1,2,2,1249,1250,1,0,-1,1248,1250,2,0,-2
1787456936.219,U',0,1,-,119.0,2123,3132,-15,2,0,1091,1090,-1,0,-1,675,674,-1,3,-7,3506,3506,0,2,3,1249,1250,1,0,-1,1248,1250,2,0,-2
1787456936.363,U,0,1,-,119.0,3134,2119,9,1,-3,1091,1090,-1,0,-1,675,674,-1,3,-7,3505,3505,0,2,2,1249,1250,1,0,-1,1248,1250,2,0,-2
1787456936.501,U',0,1,-,119.0,2122,3132,-14,2,0,1091,1090,-1,0,-1,675,674,-1,3,-7,3505,3505,0,2,2,1250,1250,0,0,-1,1248,1250,2,0,-2
1787456936.631,U,0,1,-,119.0,3134,2119,9,1,-3,1091,1090,-1,0,-1,675,674,-1,3,-7,3505,3505,0,2,2,1249,1250,1,0,-1,1248,1250,2,0,-2
1787456936.775,U',0,1,-,119.0,2123,3132,-15,2,0,1091,1090,-1,0,-1,675,674,-1,3,-7,3505,3506,1,2,3,1249,1250,1,0,-1,1248,1250,2,0,-2
1787456936.913,U,0,1,-,119.0,3134,2119,9,1,-3,1091,1090,-1,0,-1,675,674,-1,3,-7,3505,3506,1,2,3,1249,1250,1,0,-1,1248,1250,2,0,-2
1787456937.051,U',0,1,-,119.0,2123,3132,-15,2,0,1091,1090,-1,0,-1,675,674,-1,3,-7,3505,3506,1,2,3,1249,1250,1,0,-1,1248,1250,2,0,-2
1787456937.188,U,0,1,-,119.0,3134,2119,9,1,-3,1091,1090,-1,0,-1,675,674,-1,3,-7,3505,3506,1,2,3,1249,1250,1,0,-1,1248,1250,2,0,-2
1787456937.326,U',0,1,-,119.0,2123,3132,-15,2,0,1091,1090,-1,0,-1,675,674,-1,3,-7,3505,3506,1,2,3,1250,1250,0,0,-1,1248,1250,2,0,-2
1787456937.463,U,0,1,-,119.0,3134,2119,9,1,-3,1091,1090,-1,0,-1,675,674,-1,3,-7,3505,3505,0,2,2,1250,1250,0,0,-1,1248,1250,2,0,-2
1787456937.600,U',0,1,-,119.0,2123,3132,-15,2,0,1091,1090,-1,0,-1,675,674,-1,3,-7,3505,3506,1,2,3,1249,1250,1,0,-1,1248,1250,2,0,-2
1787456937.738,U,0,1,-,119.0,3134,2119,9,1,-3,1091,1090,-1,0,-1,675,674,-1,3,-7,3505,3506,1,2,3,1249,1250,1,0,-1,1248,1250,2,0,-2
1787456937.875,U',0,1,-,119.0,2123,3132,-15,2,0,1091,1090,-1,0,-1,675,673,-2,3,-8,3505,3506,1,2,3,1249,1250,1,0,-1,1248,1250,2,0,-2
1787456938.013,U,0,1,-,119.0,3134,2119,9,1,-3,1091,1090,-1,0,-1,675,674,-1,3,-7,3505,3505,0,2,2,1249,1250,1,0,-1,1248,1250,2,0,-2
1787456938.150,U',0,1,-,119.0,2123,3132,-15,2,0,1091,1090,-1,0,-1,675,674,-1,3,-7,3505,3506,1,2,3,1250,1250,0,0,-1,1248,1250,2,0,-2
1787456938.288,U,0,1,-,119.0,3134,2119,9,1,-3,1091,1090,-1,0,-1,675,674,-1,3,-7,3506,3506,0,2,3,1249,1250,1,0,-1,1248,1250,2,0,-2
1787456938.426,U',0,1,-,119.0,2123,3132,-15,2,0,1091,1090,-1,0,-1,675,674,-1,3,-7,3505,3505,0,2,2,1249,1250,1,0,-1,1248,1250,2,0,-2
1787456938.563,U,0,1,-,119.0,3134,2119,9,1,-3,1091,1090,-1,0,-1,675,674,-1,3,-7,3505,3506,1,2,3,1249,1250,1,0,-1,1248,1250,2,0,-2
1787456938.701,U',0,1,-,119.0,2122,3132,-14,2,0,1091,1090,-1,0,-1,675,674,-1,3,-7,3505,3506,1,2,3,1250,1250,0,0,-1,1248,1250,2,0,-2
1787456938.838,U,0,1,-,119.0,3134,2118,8,1,-4,1091,1090,-1,0,-1,675,674,-1,3,-7,3505,3506,1,2,3,1249,1250,1,0,-1,1248,1250,2,0,-2
1787456938.974,U',0,1,-,119.0,2122,3132,-14,2,0,1091,1090,-1,0,-1,675,674,-1,3,-7,3505,3506,1,2,3,1249,1250,1,0,-1,1248,1250,2,0,-2
1787456939.137,U',0,1,-,119.0,3135,61,-2,3,-3,1091,1090,-1,0,-1,675,674,-1,3,-7,3505,3506,1,2,3,1249,1250,1,0,-1,1249,1250,1,0,-2
1787456939.274,U',0,1,-,119.0,63,1100,13,0,-2,1091,1090,-1,0,-1,675,674,-1,3,-7,3505,3505,0,2,2,1249,1250,1,0,-1,1248,1250,2,0,-2
1787456939.412,U',0,1,-,119.0,1101,2119,-6,1,-3,1091,1090,-1,0,-1,675,674,-1,3,-7,3505,3505,0,2,2,1249,1250,1,0,-1,1248,1250,2,0,-2
1787456939.549,U',0,1,-,119.0,2122,3132,-14,2,0,1091,1090,-1,0,-1,675,674,-1,3,-7,3505,3506,1,2,3,1249,1250,1,0,-1,1248,1250,2,0,-2
1787456939.688,U',0,1,-,119.0,3134,60,-2,3,-4,1091,1090,-1,0,-1,675,673,-2,3,-8,3505,3506,1,2,3,1249,1250,1,0,-1,1248,1250,2,0,-2
1787456939.822,U',0,1,-,119.0,63,1100,13,0,-2,1091,1090,-1,0,-1,675,673,-2,3,-8,3505,3506,1,2,3,1249,1249,0,0,-2,1248,1250,2,0,-2
1787456939.961,U',0,1,-,119.0,1102,2120,-6,1,-2,1091,1090,-1,0,-1,675,674,-1,3,-7,3505,3505,0,2,2,1249,1250,1,0,-1,1248,1250,2,0,-2
1787456940.099,U',0,1,-,119.0,2122,3132,-14,2,0,1091,1090,-1,0,-1,675,674,-1,3,-7,3505,3506,1,2,3,1250,1250,0,0,-1,1248,1250,2,0,-2
1787456940.237,U',0,1,-,119.0,3134,61,-1,3,-3,1091,1090,-1,0,-1,675,674,-1,3,-7,3505,3506,1,2,3,1249,1250,1,0,-1,1248,1250,2,0,-2
1787456940.374,U',0,1,-,119.0,63,1100,13,0,-2,1091,1090,-1,0,-1,675,674,-1,3,-7,3505,3506,1,2,3,1249,1250,1,0,-1,1248,1250,2,0,-2
1787456940.511,U',0,1,-,119.0,1102,2120,-6,1,-2,1091,1090,-1,0,-1,675,674,-1,3,-7,3505,3506,1,2,3,1249,1250,1,0,-1,1248,1250,2,0,-2
1787456940.649,U',0,1,-,119.0,2122,3132,-14,2,0,1091,1090,-1,0,-1,675,674,-1,3,-7,3505,3506,1,2,3,1249,1250,1,0,-1,1248,1250,2,0,-2
1787456940.787,U',0,1,-,119.0,3134,61,-1,3,-3,1091,1090,-1,0,-1,675,674,-1,3,-7,3506,3506,0,2,3,1249,1250,1,0,-1,1248,1250,2,0,-2
1787456940.924,U',0,1,-,119.0,63,1100,13,0,-2,1091,1090,-1,0,-1,675,674,-1,3,-7,3506,3505,-1,2,2,1249,1250,1,0,-1,1248,1250,2,0,-2
1787456941.061,U',0,1,-,119.0,1102,2119,-7,1,-3,1091,1090,-1,0,-1,675,674,-1,3,-7,3505,3506,1,2,3,1249,1250,1,0,-1,1248,1250,2,0,-2
1787456941.199,U',0,1,-,119.0,2122,3132,-14,2,0,1091,1090,-1,0,-1,675,674,-1,3,-7,3506,3505,-1,2,2,1249,1250,1,0,-1,1248,1250,2,0,-2
1787456941.335,U',0,1,-,119.0,3134,61,-1,3,-3,1091,1090,-1,0,-1,675,674,-1,3,-7,3505,3505,0,2,2,1249,1250,1,0,-1,1248,1250,2,0,-2
1787456941.474,U',0,1,-,119.0,63,1099,12,0,-3,1091,1090,-1,0,-1,675,673,-2,3,-8,3505,3506,1,2,3,1249,1250,1,0,-1,1248,1250,2,0,-2
1787456941.611,U',0,1,-,119.0,1102,2119,-7,1,-3,1091,1090,-1,0,-1,675,674,-1,3,-7,3505,3506,1,2,3,1249,1250,1,0,-1,1248,1250,2,0,-2
1787456941.749,U',0,1,-,119.0,2122,3132,-14,2,0,1091,1090,-1,0,-1,675,674,-1,3,-7,3505,3506,1,2,3,1249,1249,0,0,-2,1248,1250,2,0,-2
1787456941.887,U',0,1,-,119.0,3134,61,-1,3,-3,1091,1090,-1,0,-1,675,674,-1,3,-7,3505,3505,0,2,2,1249,1250,1,0,-1,1248,1250,2,0,-2
1787456942.024,U',0,1,-,119.0,63,1100,13,0,-2,1091,1090,-1,0,-1,675,674,-1,3,-7,3505,3505,0,2,2,1249,1250,1,0,-1,1248,1250,2,0,-2
1787456942.163,U',0,1,-,119.0,1102,2119,-7,1,-3,1091,1090,-1,0,-1,675,674,-1,3,-7,3505,3505,0,2,2,1249,1250,1,0,-1,1248,1250,2,0,-2
1787456942.298,U',0,1,-,119.0,2122,3132,-14,2,0,1091,1090,-1,0,-1,675,674,-1,3,-7,3506,3506,0,2,3,1249,1250,1,0,-1,1248,1250,2,0,-2
1787456942.437,U',0,1,-,119.0,3134,61,-1,3,-3,1091,1090,-1,0,-1,675,673,-2,3,-8,3505,3506,1,2,3,1249,1250,1,0,-1,1248,1250,2,0,-2
1787456942.573,U',0,1,-,119.0,63,1100,13,0,-2,1091,1090,-1,0,-1,675,674,-1,3,-7,3505,3506,1,2,3,1249,1250,1,0,-1,1248,1250,2,0,-2
1787456942.709,U',0,1,-,119.0,1102,2120,-6,1,-2,1091,1090,-1,0,-1,675,674,-1,3,-7,3505,3506,1,2,3,1249,1250,1,0,-1,1248,1250,2,0,-2
1787456942.848,U',0,1,-,119.0,2122,3132,-14,2,0,1091,1090,-1,0,-1,675,674,-1,3,-7,3505,3506,1,2,3,1249,1250,1,0,-1,1248,1250,2,0,-2
1787456942.987,U',0,1,-,119.0,3134,61,-1,3,-3,1091,1090,-1,0,-1,675,674,-1,3,-7,3505,3506,1,2,3,1249,1250,1,0,-1,1248,1250,2,0,-2
1787456943.124,U',0,1,-,119.0,63,1100,13,0,-2,1091,1090,-1,0,-1,675,674,-1,3,-7,3505,3506,1,2,3,1250,1250,0,0,-1,1248,1250,2,0,-2
1787456943.262,U',0,1,-,119.0,1102,2120,-6,1,-2,1091,1090,-1,0,-1,675,674,-1,3,-7,3506,3506,0,2,3,1249,1250,1,0,-1,1248,1250,2,0,-2
1787456943.399,U',0,1,-,119.0,2122,3132,-14,2,0,1091,1090,-1,0,-1,675,674,-1,3,-7,3506,3506,0,2,3,1249,1250,1,0,-1,1248,1250,2,0,-2
1787456943.537,U',0,1,-,119.0,3134,61,-1,3,-3,1091,1090,-1,0,-1,675,674,-1,3,-7,3505,3506,1,2,3,1249,1250,1,0,-1,1248,1250,2,0,-2
1787456943.674,U',0,1,-,119.0,63,1100,13,0,-2,1091,1090,-1,0,-1,675,674,-1,3,-7,3505,3506,1,2,3,1249,1250,1,0,-1,1248,1250,2,0,-2
1787456943.811,U',0,1,-,119.0,1102,2119,-7,1,-3,1091,1090,-1,0,-1,675,674,-1,3,-7,3505,3505,0,2,2,1249,1250,1,0,-1,1248,1250,2,0,-2
1787456943.948,U',0,1,-,119.0,2122,3132,-14,2,0,1091,1090,-1,0,-1,675,674,-1,3,-7,3505,3505,0,2,2,1249,1250,1,0,-1,1248,1250,2,0,-2
1787456944.086,U',0,1,-,119.0,3134,61,-1,3,-3,1091,1090,-1,0,-1,675,674,-1,3,-7,3505,3505,0,2,2,1249,1250,1,0,-1,1249,1250,1,0,-2
1787456944.223,U',0,1,-,119.0,63,1100,13,0,-2,1091,1090,-1,0,-1,675,674,-1,3,-7,3505,3506,1,2,3,1250,1250,0,0,-1,1248,1250,2,0,-2
1787456944.361,U',0,1,-,119.0,1102,2119,-7,1,-3,1091,1090,-1,0,-1,675,674,-1,3,-7,3505,3506,1,2,3,1249,1250,1,0,-1,1248,1250,2,0,-2
1787456944.498,U',0,1,-,119.0,2122,3132,-14,2,0,1091,1090,-1,0,-1,675,674,-1,3,-7,3506,3505,-1,2,2,1249,1250,1,0,-1,1248,1250,2,0,-2
1787456944.634,U',0,1,-,119.0,3134,61,-1,3,-3,1091,1090,-1,0,-1,675,674,-1,3,-7,3505,3506,1,2,3,1250,1250,0,0,-1,1248,1250,2,0,-2
1787456944.768,U',0,1,-,119.0,63,1100,13,0,-2,1091,1090,-1,0,-1,675,674,-1,3,-7,3505,3506,1,2,3,1250,1250,0,0,-1,1249,1250,1,0,-2
1787456944.910,U',0,1,-,119.0,1102,2119,-7,1,-3,1091,1090,-1,0,-1,675,674,-1,3,-7,3506,3506,0,2,3,1249,1250,1,0,-1,1248,1250,2,0,-2
1787456945.048,U',0,1,-,119.0,2122,3132,-14,2,0,1091,1091,0,0,0,675,674,-1,3,-7,3505,3506,1,2,3,1250,1249,-1,0,-2,1248,1250,2,0,-2
1787456945.184,U',0,1,-,119.0,3134,61,-1,3,-3,1091,1090,-1,0,-1,675,674,-1,3,-7,3505,3506,1,2,3,1249,1250,1,0,-1,1248,1250,2,0,-2
1787456945.323,U',0,1,-,119.0,63,1100,13,0,-2,1091,1090,-1,0,-1,675,674,-1,3,-7,3505,3506,1,2,3,1249,1249,0,0,-2,1248,1250,2,0,-2
1787456945.460,U',0,1,-,119.0,1102,2119,-7,1,-3,1091,1091,0,0,0,675,674,-1,3,-7,3506,3506,0,2,3,1250,1250,0,0,-1,1248,1250,2,0,-2
1787456945.599,U',0,1,-,119.0,2122,3132,-14,2,0,1091,1090,-1,0,-1,675,674,-1,3,-7,3506,3506,0,2,3,1249,1249,0,0,-2,1248,1250,2,0,-2
1787456945.736,U',0,1,-,119.0,3134,61,-1,3,-3,1091,1090,-1,0,-1,675,674,-1,3,-7,3505,3506,1,2,3,1249,1250,1,0,-1,1248,1250,2,0,-2
1787456945.868,U',0,1,-,119.0,64,1100,12,0,-2,1091,1090,-1,0,-1,675,674,-1,3,-7,3505,3506,1,2,3,1249,1250,1,0,-1,1248,1250,2,0,-2
1787456946.002,U',0,1,-,119.0,1102,2119,-7,1,-3,1091,1090,-1,0,-1,675,674,-1,3,-7,3505,3506,1,2,3,1249,1250,1,0,-1,1249,1250,1,0,-2
1787456946.141,U',0,1,-,119.0,2122,3132,-14,2,0,1091,1090,-1,0,-1,675,674,-1,3,-7,3505,3506,1,2,3,1249,1250,1,0,-1,1248,1250,2,0,-2
1787456946.286,U',0,1,-,119.0,3134,61,-1,3,-3,1091,1090,-1,0,-1,675,674,-1,3,-7,3505,3506,1,2,3,1249,1250,1,0,-1,1249,1250,1,0,-2
1787456946.424,U',0,1,-,119.0,63,1100,13,0,-2,1091,1090,-1,0,-1,675,674,-1,3,-7,3506,3506,0,2,3,1249,1250,1,0,-1,1248,1250,2,0,-2
1787456946.561,U',0,1,-,119.0,1102,2120,-6,1,-2,1091,1090,-1,0,-1,675,674,-1,3,-7,3505,3505,0,2,2,1249,1250,1,0,-1,1248,1250,2,0,-2
1787456946.698,U',0,1,-,119.0,2122,3132,-14,2,0,1091,1090,-1,0,-1,675,674,-1,3,-7,3505,3506,1,2,3,1249,1250,1,0,-1,1248,1250,2,0,-2
1787456946.836,U',0,1,-,119.0,3134,61,-1,3,-3,1091,1090,-1,0,-1,675,674,-1,3,-7,3506,3506,0,2,3,1249,1250,1,0,-1,1248,1250,2,0,-2
1787456946.971,U',0,1,-,119.0,63,1100,13,0,-2,1091,1090,-1,0,-1,675,674,-1,3,-7,3505,3506,1,2,3,1249,1250,1,0,-1,1248,1250,2,0,-2
1787456947.106,U',0,1,-,119.0,1102,2119,-7,1,-3,1091,1090,-1,0,-1,675,674,-1,3,-7,3505,3505,0,2,2,1249,1250,1,0,-1,1248,1250,2,0,-2
1787456947.240,U',0,1,-,119.0,2122,3131,-15,2,-1,1091,1090,-1,0,-1,675,674,-1,3,-7,3505,3505,0,2,2,1249,1250,1,0,-1,1248,1250,2,0,-2
1787456947.385,U',0,1,-,119.0,3134,61,-1,3,-3,1091,1090,-1,0,-1,675,674,-1,3,-7,3505,3506,1,2,3,1249,1250,1,0,-1,1248,1250,2,0,-2
1787456947.522,U',0,1,-,119.0,63,1100,13,0,-2,1091,1090,-1,0,-1,675,674,-1,3,-7,3505,3506,1,2,3,1249,1250,1,0,-1,1248,1250,2,0,-2
1787456947.651,U',0,1,-,119.0,1102,2119,-7,1,-3,1091,1090,-1,0,-1,675,674,-1,3,-7,3506,3506,0,2,3,1249,1250,1,0,-1,1248,1250,2,0,-2
1787456947.798,U',0,1,-,119.0,2122,3132,-14,2,0,1091,1090,-1,0,-1,675,674,-1,3,-7,3505,3506,1,2,3,1249,1249,0,0,-2,1248,1250,2,0,-2
1787456947.936,U',0,1,-,119.0,3134,61,-1,3,-3,1091,1090,-1,0,-1,675,674,-1,3,-7,3506,3506,0,2,3,1249,1250,1,0,-1,1248,1250,2,0,-2
1787456948.073,U',0,1,-,119.0,64,1100,12,0,-2,1091,1091,0,0,0,675,674,-1,3,-7,3505,3506,1,2,3,1249,1250,1,0,-1,1248,1250,2,0,-2
1787456948.211,U',0,1,-,119.0,1101,2119,-6,1,-3,1091,1090,-1,0,-1,675,674,-1,3,-7,3505,3505,0,2,2,1249,1250,1,0,-1,1248,1250,2,0,-2
1787456948.349,U',0,1,-,119.0,2122,3132,-14,2,0,1091,1090,-1,0,-1,675,674,-1,3,-7,3505,3506,1,2,3,1249,1250,1,0,-1,1249,1250,1,0,-2
1787456948.485,U',0,1,-,119.0,3134,61,-1,3,-3,1091,1090,-1,0,-1,675,674,-1,3,-7,3505,3506,1,2,3,1249,1250,1,0,-1,1248,1250,2,0,-2
1787456948.623,U',0,1,-,119.0,64,1100,12,0,-2,1091,1090,-1,0,-1,675,674,-1,3,-7,3505,3506,1,2,3,1249,1250,1,0,-1,1248,1250,2,0,-2
1787456948.760,U',0,1,-,119.0,1102,2119,-7,1,-3,1091,1090,-1,0,-1,675,674,-1,3,-7,3505,3506,1,2,3,1249,1250,1,0,-1,1248,1250,2,0,-2
1787456948.898,U',0,1,-,119.0,2122,3132,-14,2,0,1091,1090,-1,0,-1,675,674,-1,3,-7,3505,3505,0,2,2,1249,1250,1,0,-1,1248,1250,2,0,-2
1787456949.035,U',0,1,-,119.0,3134,61,-1,3,-3,1091,1090,-1,0,-1,675,674,-1,3,-7,3505,3505,0,2,2,1249,1249,0,0,-2,1248,1250,2,0,-2
1787456949.172,U',0,1,-,119.0,63,1100,13,0,-2,1091,1090,-1,0,-1,675,674,-1,3,-7,3505,3506,1,2,3,1249,1250,1,0,-1,1248,1250,2,0,-2
1787456949.311,U',0,1,-,119.0,1101,2119,-6,1,-3,1091,1090,-1,0,-1,675,674,-1,3,-7,3505,3505,0,2,2,1249,1250,1,0,-1,1248,1250,2,0,-2
1787456949.435,U',0,1,-,119.0,2122,3132,-14,2,0,1091,1090,-1,0,-1,675,674,-1,3,-7,3505,3506,1,2,3,1249,1250,1,0,-1,1248,1250,2,0,-2
1787456949.584,U',0,1,-,119.0,3134,61,-1,3,-3,1091,1090,-1,0,-1,675,673,-2,3,-8,3506,3505,-1,2,2,1249,1250,1,0,-1,1248,1250,2,0,-2
1787456949.723,U',0,1,-,119.0,63,1100,13,0,-2,1091,1090,-1,0,-1,675,674,-1,3,-7,3505,3506,1,2,3,1249,1250,1,0,-1,1248,1250,2,0,-2
1787456949.859,U',0,1,-,119.0,1101,2119,-6,1,-3,1091,1090,-1,0,-1,675,674,-1,3,-7,3505,3506,1,2,3,1249,1250,1,0,-1,1248,1250,2,0,-2
1787456949.997,U',0,1,-,119.0,2122,3132,-14,2,0,1091,1090,-1,0,-1,675,674,-1,3,-7,3505,3506,1,2,3,1249,1250,1,0,-1,1248,1250,2,0,-2
1787456950.136,U',0,1,-,119.0,3134,61,-1,3,-3,1091,1090,-1,0,-1,675,674,-1,3,-7,3505,3505,0,2,2,1249,1250,1,0,-1,1248,1250,2,0,-2
1787456950.268,U',0,1,-,119.0,63,1100,13,0,-2,1091,1090,-1,0,-1,675,674,-1,3,-7,3505,3506,1,2,3,1249,1250,1,0,-1,1249,1250,1,0,-2
1787456950.410,U',0,1,-,119.0,1102,2119,-7,1,-3,1091,1090,-1,0,-1,675,674,-1,3,-7,3505,3506,1,2,3,1249,1250,1,0,-1,1248,1250,2,0,-2
1787456950.549,U',0,1,-,119.0,2122,3131,-15,2,-1,1091,1090,-1,0,-1,675,674,-1,3,-7,3505,3506,1,2,3,1249,1250,1,0,-1,1248,1250,2,0,-2
1787456950.686,U',0,1,-,119.0,3133,61,0,3,-3,1091,1090,-1,0,-1,675,674,-1,3,-7,3505,3505,0,2,2,1249,1249,0,0,-2,1248,1250,2,0,-2
1787456950.819,U',0,1,-,119.0,63,1100,13,0,-2,1091,1090,-1,0,-1,675,674,-1,3,-7,3506,3506,0,2,3,1249,1250,1,0,-1,1249,1250,1,0,-2
1787456950.961,U',0,1,-,119.0,1102,2120,-6,1,-2,1091,1090,-1,0,-1,675,674,-1,3,-7,3505,3505,0,2,2,1249,1250,1,0,-1,1248,1250,2,0,-2
1787456951.092,U',0,1,-,119.0,2122,3132,-14,2,0,1091,1090,-1,0,-1,675,674,-1,3,-7,3506,3505,-1,2,2,1249,1250,1,0,-1,1248,1250,2,0,-2
1787456951.235,U',0,1,-,119.0,3134,61,-1,3,-3,1091,1090,-1,0,-1,675,674,-1,3,-7,3505,3506,1,2,3,1249,1250,1,0,-1,1248,1250,2,0,-2
1787456951.373,U',0,1,-,119.0,63,1100,13,0,-2,1091,1090,-1,0,-1,675,674,-1,3,-7,3505,3505,0,2,2,1249,1250,1,0,-1,1248,1250,2,0,-2
1787456951.502,U',0,1,-,119.0,1102,2120,-6,1,-2,1091,1090,-1,0,-1,675,674,-1,3,-7,3505,3506,1,2,3,1249,1250,1,0,-1,1248,1250,2,0,-2
1787456951.648,U',0,1,-,119.0,2122,3132,-14,2,0,1091,1090,-1,0,-1,675,674,-1,3,-7,3505,3506,1,2,3,1249,1250,1,0,-1,1248,1250,2,0,-2
1787456951.784,U',0,1,-,119.0,3134,61,-1,3,-3,1091,1090,-1,0,-1,675,674,-1,3,-7,3506,3506,0,2,3,1249,1250,1,0,-1,1248,1250,2,0,-2
1787456951.919,U',0,1,-,119.0,63,1100,13,0,-2,1091,1090,-1,0,-1,675,674,-1,3,-7,3505,3506,1,2,3,1249,1250,1,0,-1,1249,1250,1,0,-2
1787456952.052,U',0,1,-,119.0,1102,2119,-7,1,-3,1091,1090,-1,0,-1,675,673,-2,3,-8,3505,3505,0,2,2,1249,1250,1,0,-1,1249,1250,1,0,-2
1787456952.197,U',0,1,-,119.0,2122,3132,-14,2,0,1091,1090,-1,0,-1,675,674,-1,3,-7,3505,3506,1,2,3,1249,1250,1,0,-1,1248,1250,2,0,-2
1787456952.334,U',0,1,-,119.0,3134,61,-1,3,-3,1091,1090,-1,0,-1,675,674,-1,3,-7,3505,3506,1,2,3,1250,1250,0,0,-1,1248,1250,2,0,-2
1787456952.473,U',0,1,-,119.0,64,1100,12,0,-2,1091,1090,-1,0,-1,675,674,-1,3,-7,3505,3506,1,2,3,1249,1250,1,0,-1,1248,1250,2,0,-2
1787456952.610,U',0,1,-,119.0,1101,2119,-6,1,-3,1091,1090,-1,0,-1,675,674,-1,3,-7,3505,3506,1,2,3,1249,1249,0,0,-2,1248,1250,2,0,-2
1787456952.747,U',0,1,-,119.0,2122,3132,-14,2,0,1091,1090,-1,0,-1,675,674,-1,3,-7,3505,3506,1,2,3,1249,1250,1,0,-1,1248,1250,2,0,-2
1787456952.885,U',0,1,-,119.0,3134,61,-1,3,-3,1091,1090,-1,0,-1,675,674,-1,3,-7,3505,3506,1,2,3,1249,1250,1,0,-1,1248,1250,2,0,-2
1787456953.023,U',0,1,-,119.0,63,1100,13,0,-2,1091,1090,-1,0,-1,675,674,-1,3,-7,3505,3505,0,2,2,1249,1250,1,0,-1,1248,1250,2,0,-2
1787456953.155,U',0,1,-,119.0,1102,2119,-7,1,-3,1091,1090,-1,0,-1,675,674,-1,3,-7,3505,3506,1,2,3,1249,1250,1,0,-1,1248,1250,2,0,-2
1787456953.298,U',0,1,-,119.0,2122,3132,-14,2,0,1091,1090,-1,0,-1,675,674,-1,3,-7,3505,3506,1,2,3,1249,1249,0,0,-2,1248,1250,2,0,-2
1787456953.436,U',0,1,-,119.0,3134,61,-1,3,-3,1091,1090,-1,0,-1,675,674,-1,3,-7,3505,3505,0,2,2,1250,1250,0,0,-1,1248,1250,2,0,-2
1787456953.573,U',0,1,-,119.0,63,1100,13,0,-2,1091,1090,-1,0,-1,675,674,-1,3,-7,3505,3506,1,2,3,1249,1250,1,0,-1,1248,1250,2,0,-2
1787456953.711,U',0,1,-,119.0,1102,2120,-6,1,-2,1091,1090,-1,0,-1,675,673,-2,3,-8,3505,3505,0,2,2,1249,1250,1,0,-1,1248,1250,2,0,-2
1787456953.848,U',0,1,-,119.0,2122,3132,-14,2,0,1091,1090,-1,0,-1,675,674,-1,3,-7,3505,3506,1,2,3,1249,1250,1,0,-1,1248,1250,2,0,-2
1787456953.985,U',0,1,-,119.0,3134,60,-2,3,-4,1091,1090,-1,0,-1,675,674,-1,3,-7,3506,3506,0,2,3,1250,1250,0,0,-1,1248,1250,2,0,-2
1787456954.122,U',0,1,-,119.0,63,1100,13,0,-2,1091,1090,-1,0,-1,675,674,-1,3,-7,3505,3506,1,2,3,1249,1250,1,0,-1,1248,1250,2,0,-2
1787456954.257,U',0,1,-,119.0,1102,2120,-6,1,-2,1091,1090,-1,0,-1,675,674,-1,3,-7,3505,3506,1,2,3,1249,1250,1,0,-1,1248,1250,2,0,-2
1787456954.393,U',0,1,-,119.0,2122,3132,-14,2,0,1091,1090,-1,0,-1,675,674,-1,3,-7,3505,3506,1,2,3,1249,1250,1,0,-1,1248,1250,2,0,-2
1787456954.535,U',0,1,-,119.0,3134,61,-1,3,-3,1091,1090,-1,0,-1,675,674,-1,3,-7,3506,3506,0,2,3,1249,1250,1,0,-1,1248,1250,2,0,-2
1787456954.672,U',0,1,-,119.0,63,1100,13,0,-2,1091,1090,-1,0,-1,675,674,-1,3,-7,3505,3506,1,2,3,1249,1250,1,0,-1,1248,1250,2,0,-2
1787456954.802,U',0,1,-,119.0,1102,2119,-7,1,-3,1091,1090,-1,0,-1,675,674,-1,3,-7,3505,3506,1,2,3,1249,1250,1,0,-1,1248,1250,2,0,-2
1787456954.948,U',0,1,-,119.0,2122,3132,-14,2,0,1091,1090,-1,0,-1,675,674,-1,3,-7,3505,3506,1,2,3,1249,1250,1,0,-1,1248,1250,2,0,-2
1787456955.083,U',0,1,-,119.0,3134,61,-1,3,-3,1091,1090,-1,0,-1,675,674,-1,3,-7,3506,3505,-1,2,2,1249,1249,0,0,-2,1248,1250,2,0,-2
1787456955.223,U',0,1,-,119.0,63,1100,13,0,-2,1091,1090,-1,0,-1,675,673,-2,3,-8,3505,3506,1,2,3,1249,1250,1,0,-1,1248,1250,2,0,-2
1787456955.355,U',0,1,-,119.0,1102,2119,-7,1,-3,1091,1090,-1,0,-1,675,674,-1,3,-7,3505,3506,1,2,3,1249,1250,1,0,-1,1248,1250,2,0,-2
1787456955.497,U',0,1,-,119.0,2122,3132,-14,2,0,1091,1090,-1,0,-1,675,674,-1,3,-7,3505,3506,1,2,3,1249,1250,1,0,-1,1249,1250,1,0,-2
1787456955.635,U',0,1,-,119.0,3134,61,-1,3,-3,1091,1090,-1,0,-1,675,674,-1,3,-7,3505,3506,1,2,3,1249,1250,1,0,-1,1248,1250,2,0,-2
1787456955.773,U',0,1,-,119.0,64,1100,12,0,-2,1091,1090,-1,0,-1,675,674,-1,3,-7,3505,3505,0,2,2,1250,1250,0,0,-1,1248,1250,2,0,-2
1787456955.913,U',0,1,-,119.0,1101,2120,-5,1,-2,1091,1090,-1,0,-1,675,674,-1,3,-7,3505,3505,0,2,2,1249,1250,1,0,-1,1248,1250,2,0,-2
1787456956.048,U',0,1,-,119.0,2122,3132,-14,2,0,1091,1090,-1,0,-1,675,674,-1,3,-7,3505,3506,1,2,3,1249,1250,1,0,-1,1248,1250,2,0,-2
1787456956.186,U',0,1,-,119.0,3134,61,-1,3,-3,1091,1090,-1,0,-1,675,673,-2,3,-8,3505,3505,0,2,2,1249,1250,1,0,-1,1248,1250,2,0,-2
1787456956.320,U',0,1,-,119.0,63,1100,13,0,-2,1091,1090,-1,0,-1,675,674,-1,3,-7,3505,3506,1,2,3,1250,1250,0,0,-1,1248,1250,2,0,-2
1787456956.460,U',0,1,-,119.0,1101,2120,-5,1,-2,1091,1090,-1,0,-1,675,673,-2,3,-8,3505,3506,1,2,3,1249,1250,1,0,-1,1248,1250,2,0,-2
1787456956.596,U',0,1,-,119.0,2122,3132,-14,2,0,1091,1090,-1,0,-1,675,674,-1,3,-7,3506,3505,-1,2,2,1249,1250,1,0,-1,1248,1250,2,0,-2
1787456956.734,U',0,1,-,119.0,3134,61,-1,3,-3,1091,1090,-1,0,-1,675,674,-1,3,-7,3505,3506,1,2,3,1249,1250,1,0,-1,1248,1250,2,0,-2
1787456956.867,U',0,1,-,119.0,63,1100,13,0,-2,1091,1090,-1,0,-1,675,674,-1,3,-7,3506,3506,0,2,3,1249,1250,1,0,-1,1248,1250,2,0,-2
1787456957.011,U',0,1,-,119.0,1102,2119,-7,1,-3,1091,1090,-1,0,-1,675,674,-1,3,-7,3505,3505,0,2,2,1249,1249,0,0,-2,1248,1250,2,0,-2
1787456957.148,U',0,1,-,119.0,2122,3132,-14,2,0,1091,1090,-1,0,-1,675,674,-1,3,-7,3505,3505,0,2,2,1249,1250,1,0,-1,1248,1250,2,0,-2
1787456957.284,U',0,1,-,119.0,3134,61,-1,3,-3,1091,1090,-1,0,-1,675,674,-1,3,-7,3505,3506,1,2,3,1249,1250,1,0,-1,1248,1250,2,0,-2
1787456957.418,U',0,1,-,119.0,63,1100,13,0,-2,1091,1090,-1,0,-1,675,674,-1,3,-7,3505,3506,1,2,3,1249,1250,1,0,-1,1248,1250,2,0,-2
1787456957.559,U',0,1,-,119.0,1102,2119,-7,1,-3,1091,1090,-1,0,-1,675,674,-1,3,-7,3505,3506,1,2,3,1249,1250,1,0,-1,1248,1250,2,0,-2
1787456957.698,U',0,1,-,119.0,2122,3132,-14,2,0,1091,1091,0,0,0,675,674,-1,3,-7,3505,3505,0,2,2,1249,1249,0,0,-2,1248,1250,2,0,-2
1787456957.836,U',0,1,-,119.0,3134,61,-1,3,-3,1091,1090,-1,0,-1,675,674,-1,3,-7,3505,3506,1,2,3,1249,1249,0,0,-2,1248,1250,2,0,-2
1787456957.973,U',0,1,-,119.0,63,1100,13,0,-2,1091,1090,-1,0,-1,675,674,-1,3,-7,3505,3505,0,2,2,1249,1250,1,0,-1,1248,1250,2,0,-2
1787456958.110,U',0,1,-,119.0,1102,2119,-7,1,-3,1091,1090,-1,0,-1,675,674,-1,3,-7,3505,3506,1,2,3,1250,1250,0,0,-1,1249,1250,1,0,-2
1787456958.246,U',0,1,-,119.0,2122,3132,-14,2,0,1091,1090,-1,0,-1,675,674,-1,3,-7,3505,3506,1,2,3,1249,1250,1,0,-1,1248,1250,2,0,-2
1787456958.385,U',0,1,-,119.0,3134,61,-1,3,-3,1091,1090,-1,0,-1,675,674,-1,3,-7,3506,3506,0,2,3,1249,1250,1,0,-1,1248,1250,2,0,-2
1787456958.519,U',0,1,-,119.0,64,1100,12,0,-2,1091,1090,-1,0,-1,675,674,-1,3,-7,3505,3506,1,2,3,1249,1250,1,0,-1,1248,1250,2,0,-2
1787456958.660,U',0,1,-,119.0,1101,2119,-6,1,-3,1091,1090,-1,0,-1,675,674,-1,3,-7,3505,3506,1,2,3,1249,1250,1,0,-1,1248,1250,2,0,-2
1787456958.798,U',0,1,-,119.0,2122,3132,-14,2,0,1091,1090,-1,0,-1,675,674,-1,3,-7,3505,3505,0,2,2,1249,1250,1,0,-1,1248,1250,2,0,-2
1787456958.935,U',0,1,-,119.0,3134,61,-1,3,-3,1091,1090,-1,0,-1,675,674,-1,3,-7,3505,3506,1,2,3,1250,1250,0,0,-1,1248,1250,2,0,-2
1787456959.068,U',0,1,-,119.0,63,1100,13,0,-2,1091,1090,-1,0,-1,675,674,-1,3,-7,3505,3506,1,2,3,1249,1250,1,0,-1,1248,1250,2,0,-2
1787456959.208,U',0,1,-,119.0,1101,2119,-6,1,-3,1091,1090,-1,0,-1,675,674,-1,3,-7,3506,3506,0,2,3,1249,1250,1,0,-1,1248,1250,2,0,-2
1787456959.347,U',0,1,-,119.0,2122,3132,-14,2,0,1091,1090,-1,0,-1,675,674,-1,3,-7,3506,3506,0,2,3,1250,1250,0,0,-1,1249,1250,1,0,-2
1787456959.485,U',0,1,-,119.0,3134,61,-1,3,-3,1091,1090,-1,0,-1,675,674,-1,3,-7,3506,3506,0,2,3,1249,1250,1,0,-1,1248,1250,2,0,-2
1787456959.621,U',0,1,-,119.0,63,1100,13,0,-2,1091,1090,-1,0,-1,675,674,-1,3,-7,3505,3505,0,2,2,1249,1250,1,0,-1,1248,1250,2,0,-2
1787456959.750,U',0,1,-,119.0,1101,2119,-6,1,-3,1091,1090,-1,0,-1,675,674,-1,3,-7,3506,3506,0,2,3,1249,1250,1,0,-1,1248,1250,2,0,-2
1787456959.891,U',0,1,-,119.0,2122,3132,-14,2,0,1091,1090,-1,0,-1,675,674,-1,3,-7,3505,3506,1,2,3,1250,1250,0,0,-1,1248,1250,2,0,-2
1787456960.034,U',0,1,-,119.0,3134,61,-1,3,-3,1091,1090,-1,0,-1,675,673,-2,3,-8,3505,3506,1,2,3,1249,1250,1,0,-1,1248,1250,2,0,-2
1787456960.173,U',0,1,-,119.0,63,1100,13,0,-2,1091,1090,-1,0,-1,675,674,-1,3,-7,3505,3506,1,2,3,1249,1250,1,0,-1,1248,1250,2,0,-2
1787456960.308,U',0,1,-,119.0,1101,2119,-6,1,-3,1091,1091,0,0,0,675,674,-1,3,-7,3505,3506,1,2,3,1250,1250,0,0,-1,1248,1250,2,0,-2
1787456960.446,U',0,1,-,119.0,2122,3132,-14,2,0,1091,1090,-1,0,-1,675,674,-1,3,-7,3505,3506,1,2,3,1249,1250,1,0,-1,1249,1250,1,0,-2
1787456960.585,U',0,1,-,119.0,3134,60,-2,3,-4,1091,1090,-1,0,-1,675,674,-1,3,-7,3505,3505,0,2,2,1249,1250,1,0,-1,1248,1250,2,0,-2
1787456960.722,U',0,1,-,119.0,63,1100,13,0,-2,1091,1090,-1,0,-1,675,673,-2,3,-8,3505,3506,1,2,3,1249,1250,1,0,-1,1248,1250,2,0,-2
1787456960.860,U',0,1,-,119.0,1102,2120,-6,1,-2,1091,1090,-1,0,-1,675,674,-1,3,-7,3506,3506,0,2,3,1250,1250,0,0,-1,1248,1250,2,0,-2
1787456960.990,U',0,1,-,119.0,2122,3132,-14,2,0,1091,1090,-1,0,-1,675,674,-1,3,-7,3505,3505,0,2,2,1249,1250,1,0,-1,1248,1250,2,0,-2
1787456961.134,U',0,1,-,119.0,3134,61,-1,3,-3,1091,1090,-1,0,-1,675,674,-1,3,-7,3505,3505,0,2,2,1249,1250,1,0,-1,1248,1250,2,0,-2
1787456961.269,U',0,1,-,119.0,63,1100,13,0,-2,1091,1090,-1,0,-1,675,674,-1,3,-7,3505,3506,1,2,3,1249,1250,1,0,-1,1248,1250,2,0,-2
1787456961.402,U',0,1,-,119.0,1102,2119,-7,1,-3,1091,1090,-1,0,-1,675,673,-2,3,-8,3505,3506,1,2,3,1249,1250,1,0,-1,1248,1250,2,0,-2
1787456961.535,U',0,1,-,119.0,2122,3132,-14,2,0,1091,1090,-1,0,-1,675,674,-1,3,-7,3505,3506,1,2,3,1249,1250,1,0,-1,1248,1250,2,0,-2
1787456961.692,U',0,1,-,119.0,3134,61,-1,3,-3,1091,1090,-1,0,-1,675,674,-1,3,-7,3505,3506,1,2,3,1249,1250,1,0,-1,1248,1250,2,0,-2
1787456961.822,U',0,1,-,119.0,63,1100,13,0,-2,1091,1090,-1,0,-1,675,674,-1,3,-7,3505,3505,0,2,2,1249,1250,1,0,-1,1248,1250,2,0,-2
1787456961.960,U',0,1,-,119.0,1102,2119,-7,1,-3,1091,1090,-1,0,-1,675,674,-1,3,-7,3506,3506,0,2,3,1250,1250,0,0,-1,1248,1250,2,0,-2
1787456962.095,U',0,1,-,119.0,2122,3132,-14,2,0,1091,1090,-1,0,-1,675,674,-1,3,-7,3505,3506,1,2,3,1249,1249,0,0,-2,1248,1250,2,0,-2
1787456962.233,U',0,1,-,119.0,3134,61,-1,3,-3,1091,1090,-1,0,-1,675,674,-1,3,-7,3505,3505,0,2,2,1249,1249,0,0,-2,1248,1250,2,0,-2
1787456962.365,U',0,1,-,119.0,63,1100,13,0,-2,1091,1090,-1,0,-1,675,674,-1,3,-7,3505,3506,1,2,3,1249,1249,0,0,-2,1248,1250,2,0,-2
1787456962.510,U',0,1,-,119.0,1101,2119,-6,1,-3,1091,1090,-1,0,-1,675,674,-1,3,-7,3505,3506,1,2,3,1250,1250,0,0,-1,1248,1250,2,0,-2
1787456962.648,U',0,1,-,119.0,2122,3132,-14,2,0,1091,1090,-1,0,-1,675,674,-1,3,-7,3505,3506,1,2,3,1249,1250,1,0,-1,1248,1250,2,0,-2
1787456962.785,U',0,1,-,119.0,3134,61,-1,3,-3,1091,1090,-1,0,-1,675,674,-1,3,-7,3505,3506,1,2,3,1249,1250,1,0,-1,1248,1250,2,0,-2
1787456962.921,U',0,1,-,119.0,63,1100,13,0,-2,1091,1090,-1,0,-1,675,674,-1,3,-7,3505,3505,0,2,2,1249,1250,1,0,-1,1248,1250,2,0,-2
1787456963.060,U',0,1,-,119.0,1101,2120,-5,1,-2,1091,1090,-1,0,-1,675,673,-2,3,-8,3505,3505,0,2,2,1249,1250,1,0,-1,1248,1250,2,0,-2
1787456963.197,U',0,1,-,119.0,2122,3132,-14,2,0,1091,1090,-1,0,-1,675,674,-1,3,-7,3505,3505,0,2,2,1249,1250,1,0,-1,1248,1250,2,0,-2
1787456963.335,U',0,1,-,119.0,3134,61,-1,3,-3,1091,1090,-1,0,-1,675,674,-1,3,-7,3505,3505,0,2,2,1249,1250,1,0,-1,1248,1250,2,0,-2
1787456963.472,U',0,1,-,119.0,64,1100,12,0,-2,1091,1090,-1,0,-1,675,674,-1,3,-7,3505,3506,1,2,3,1249,1250,1,0,-1,1248,1250,2,0,-2
1787456963.609,U',0,1,-,119.0,1102,2120,-6,1,-2,1091,1090,-1,0,-1,675,674,-1,3,-7,3505,3506,1,2,3,1250,1250,0,0,-1,1248,1250,2,0,-2
1787456963.746,U',0,1,-,119.0,2122,3132,-14,2,0,1091,1090,-1,0,-1,675,674,-1,3,-7,3505,3506,1,2,3,1249,1250,1,0,-1,1248,1250,2,0,-2
1787456963.885,U',0,1,-,119.0,3134,61,-1,3,-3,1091,1090,-1,0,-1,675,674,-1,3,-7,3505,3506,1,2,3,1250,1250,0,0,-1,1249,1250,1,0,-2
1787456964.022,U',0,1,-,119.0,63,1100,13,0,-2,1091,1090,-1,0,-1,675,674,-1,3,-7,3505,3506,1,2,3,1249,1250,1,0,-1,1248,1250,2,0,-2
1787456964.150,U',0,1,-,119.0,1101,2120,-5,1,-2,1091,1090,-1,0,-1,675,674,-1,3,-7,3505,3506,1,2,3,1249,1250,1,0,-1,1248,1249,1,0,-3
1787456964.293,U',0,1,-,119.0,2122,3132,-14,2,0,1091,1090,-1,0,-1,675,674,-1,3,-7,3505,3505,0,2,2,1249,1250,1,0,-1,1248,1250,2,0,-2
1787456964.435,U',0,1,-,119.0,3134,61,-1,3,-3,1091,1090,-1,0,-1,675,673,-2,3,-8,3505,3506,1,2,3,1249,1249,0,0,-2,1248,1250,2,0,-2
1787456964.568,U',0,1,-,119.0,63,1100,13,0,-2,1091,1090,-1,0,-1,675,674,-1,3,-7,3505,3506,1,2,3,1249,1250,1,0,-1,1248,1250,2,0,-2
1787456964.702,U',0,1,-,119.0,1101,2119,-6,1,-3,1091,1090,-1,0,-1,675,674,-1,3,-7,3505,3505,0,2,2,1249,1250,1,0,-1,1248,1250,2,0,-2
1787456964.847,U',0,1,-,119.0,2122,3132,-14,2,0,1091,1090,-1,0,-1,675,674,-1,3,-7,3505,3505,0,2,2,1249,1249,0,0,-2,1248,1250,2,0,-2
1787456964.985,U',0,1,-,119.0,3134,61,-1,3,-3,1091,1090,-1,0,-1,675,674,-1,3,-7,3505,3505,0,2,2,1249,1250,1,0,-1,1248,1250,2,0,-2
1787456965.122,U',0,1,-,119.0,63,1100,13,0,-2,1091,1090,-1,0,-1,675,674,-1,3,-7,3506,3505,-1,2,2,1249,1250,1,0,-1,1248,1250,2,0,-2
1787456965.259,U',0,1,-,119.0,1102,2120,-6,1,-2,1091,1090,-1,0,-1,675,674,-1,3,-7,3505,3505,0,2,2,1249,1250,1,0,-1,1248,1250,2,0,-2
1787456965.395,U',0,1,-,119.0,2122,3132,-14,2,0,1091,1090,-1,0,-1,675,674,-1,3,-7,3505,3506,1,2,3,1249,1250,1,0,-1,1248,1250,2,0,-2
1787456965.535,U',0,1,-,119.0,3133,61,0,3,-3,1091,1090,-1,0,-1,675,674,-1,3,-7,3505,3505,0,2,2,1249,1250,1,0,-1,1248,1250,2,0,-2
1787456965.672,U',0,1,-,119.0,63,1100,13,0,-2,1091,1090,-1,0,-1,675,674,-1,3,-7,3505,3506,1,2,3,1249,1250,1,0,-1,1248,1250,2,0,-2
1787456965.810,U',0,1,-,119.0,1101,2119,-6,1,-3,1091,1090,-1,0,-1,675,674,-1,3,-7,3505,3506,1,2,3,1249,1250,1,0,-1,1249,1250,1,0,-2
1787456965.946,U',0,1,-,119.0,2122,3132,-14,2,0,1091,1090,-1,0,-1,675,674,-1,3,-7,3505,3505,0,2,2,1250,1250,0,0,-1,1248,1250,2,0,-2
1787456966.085,U',0,1,-,119.0,3133,61,0,3,-3,1091,1090,-1,0,-1,675,674,-1,3,-7,3505,3505,0,2,2,1250,1250,0,0,-1,1248,1250,2,0,-2
1787456966.218,U',0,1,-,119.0,63,1100,13,0,-2,1091,1090,-1,0,-1,675,674,-1,3,-7,3505,3505,0,2,2,1249,1250,1,0,-1,1248,1250,2,0,-2
1787456966.351,U',0,1,-,119.0,1102,2119,-7,1,-3,1091,1090,-1,0,-1,675,674,-1,3,-7,3505,3506,1,2,3,1249,1250,1,0,-1,1248,1250,2,0,-2
1787456966.496,U',0,1,-,119.0,2122,3132,-14,2,0,1091,1090,-1,0,-1,675,674,-1,3,-7,3505,3505,0,2,2,1249,1250,1,0,-1,1248,1250,2,0,-2
1787456966.758,U2,0,1,-,219.0,3135,1099,12,0,-3,1091,1090,-1,0,-1,675,674,-1,3,-7,3505,3506,1,2,3,1249,1250,1,0,-1,1249,1250,1,0,-2
1787456966.991,U2,0,1,-,219.0,1103,3131,-20,2,-1,1091,1090,-1,0,-1,675,674,-1,3,-7,3506,3506,0,2,3,1249,1250,1,0,-1,1248,1250,2,0,-2
1787456967.233,U2,0,1,-,219.0,3135,1099,12,0,-3,1091,1090,-1,0,-1,675,674,-1,3,-7,3505,3506,1,2,3,1249,1250,1,0,-1,1248,1250,2,0,-2
1787456967.470,U2,0,1,-,219.0,1103,3131,-20,2,-1,1091,1090,-1,0,-1,675,673,-2,3,-8,3505,3506,1,2,3,1250,1249,-1,0,-2,1248,1250,2,0,-2
1787456967.700,U2,0,1,-,219.0,3135,1099,12,0,-3,1091,1090,-1,0,-1,675,674,-1,3,-7,3505,3506,1,2,3,1249,1250,1,0,-1,1248,1250,2,0,-2
1787456967.936,U2,0,1,-,219.0,1103,3131,-20,2,-1,1091,1090,-1,0,-1,675,674,-1,3,-7,3505,3506,1,2,3,1249,1250,1,0,-1,1248,1250,2,0,-2
1787456968.182,U2,0,1,-,219.0,3135,1099,12,0,-3,1091,1090,-1,0,-1,675,674,-1,3,-7,3505,3505,0,2,2,1249,1250,1,0,-1,1248,1250,2,0,-2
1787456968.418,U2,0,1,-,219.0,1103,3131,-20,2,-1,1091,1090,-1,0,-1,675,674,-1,3,-7,3505,3506,1,2,3,1249,1250,1,0,-1,1248,1250,2,0,-2
1787456968.659,U2,0,1,-,219.0,3135,1099,12,0,-3,1091,1090,-1,0,-1,675,674,-1,3,-7,3505,3505,0,2,2,1249,1250,1,0,-1,1248,1250,2,0,-2
1787456968.896,U2,0,1,-,219.0,1102,3131,-19,2,-1,1091,1090,-1,0,-1,675,674,-1,3,-7,3506,3506,0,2,3,1249,1249,0,0,-2,1248,1250,2,0,-2
1787456969.133,U2,0,1,-,219.0,3135,1099,12,0,-3,1091,1090,-1,0,-1,675,674,-1,3,-7,3505,3506,1,2,3,1249,1249,0,0,-2,1248,1250,2,0,-2
1787456969.371,U2,0,1,-,219.0,1103,3131,-20,2,-1,1091,1090,-1,0,-1,675,674,-1,3,-7,3505,3505,0,2,2,1249,1249,0,0,-2,1248,1250,2,0,-2
1787456969.607,U2,0,1,-,219.0,3135,1099,12,0,-3,1091,1090,-1,0,-1,675,674,-1,3,-7,3506,3506,0,2,3,1250,1250,0,0,-1,1248,1250,2,0,-2
1787456969.838,U2,0,1,-,219.0,1103,3132,-19,2,0,1091,1090,-1,0,-1,675,674,-1,3,-7,3505,3506,1,2,3,1249,1250,1,0,-1,1249,1250,1,0,-2
1787456970.083,U2,0,1,-,219.0,3135,1099,12,0,-3,1091,1090,-1,0,-1,675,674,-1,3,-7,3505,3505,0,2,2,1249,1250,1,0,-1,1248,1250,2,0,-2
1787456970.320,U2,0,1,-,219.0,1103,3131,-20,2,-1,1091,1090,-1,0,-1,675,674,-1,3,-7,3505,3505,0,2,2,1249,1250,1,0,-1,1248,1250,2,0,-2
1787456970.554,U2,0,1,-,219.0,3135,1099,12,0,-3,1091,1090,-1,0,-1,675,674,-1,3,-7,3505,3505,0,2,2,1249,1250,1,0,-1,1249,1250,1,0,-2
1787456970.795,U2,0,1,-,219.0,1103,3131,-20,2,-1,1091,1090,-1,0,-1,675,674,-1,3,-7,3506,3506,0,2,3,1250,1250,0,0,-1,1248,1250,2,0,-2
1787456971.031,U2,0,1,-,219.0,3135,1099,12,0,-3,1091,1090,-1,0,-1,675,674,-1,3,-7,3506,3506,0,2,3,1249,1250,1,0,-1,1248,1250,2,0,-2
1787456971.270,U2,0,1,-,219.0,1103,3132,-19,2,0,1091,1090,-1,0,-1,675,674,-1,3,-7,3505,3506,1,2,3,1249,1250,1,0,-1,1248,1250,2,0,-2
1787456971.508,U2,0,1,-,219.0,3135,1098,11,0,-4,1091,1090,-1,0,-1,675,674,-1,3,-7,3505,3506,1,2,3,1249,1250,1,0,-1,1248,1250,2,0,-2
1787456971.744,U2,0,1,-,219.0,1102,3131,-19,2,-1,1091,1090,-1,0,-1,675,674,-1,3,-7,3505,3506,1,2,3,1250,1250,0,0,-1,1248,1250,2,0,-2
1787456971.983,U2,0,1,-,219.0,3135,1099,12,0,-3,1091,1090,-1,0,-1,675,674,-1,3,-7,3505,3506,1,2,3,1250,1250,0,0,-1,1248,1250,2,0,-2
1787456972.221,U2,0,1,-,219.0,1103,3131,-20,2,-1,1091,1090,-1,0,-1,675,674,-1,3,-7,3505,3506,1,2,3,1249,1250,1,0,-1,1248,1250,2,0,-2
1787456972.451,U2,0,1,-,219.0,3135,1098,11,0,-4,1091,1091,0,0,0,675,674,-1,3,-7,3506,3505,-1,2,2,1249,1250,1,0,-1,1248,1250,2,0,-2
1787456972.695,U2,0,1,-,219.0,1103,3131,-20,2,-1,1091,1090,-1,0,-1,675,674,-1,3,-7,3505,3505,0,2,2,1249,1250,1,0,-1,1248,1250,2,0,-2
1787456972.933,U2,0,1,-,219.0,3135,1099,12,0,-3,1091,1090,-1,0,-1,675,674,-1,3,-7,3505,3506,1,2,3,1249,1250,1,0,-1,1248,1250,2,0,-2
1787456973.170,U2,0,1,-,219.0,1102,3131,-19,2,-1,1091,1090,-1,0,-1,675,674,-1,3,-7,3505,3506,1,2,3,1249,1250,1,0,-1,1248,1250,2,0,-2
1787456973.408,U2,0,1,-,219.0,3135,1099,12,0,-3,1091,1090,-1,0,-1,675,674,-1,3,-7,3505,3505,0,2,2,1249,1250,1,0,-1,1248,1250,2,0,-2
1787456973.646,U2,0,1,-,219.0,1103,3131,-20,2,-1,1091,1090,-1,0,-1,675,674,-1,3,-7,3505,3505,0,2,2,1249,1250,1,0,-1,1248,1250,2,0,-2
1787456973.883,U2,0,1,-,219.0,3135,1099,12,0,-3,1091,1090,-1,0,-1,675,674,-1,3,-7,3506,3506,0,2,3,1250,1250,0,0,-1,1248,1250,2,0,-2
1787456974.120,U2,0,1,-,219.0,1102,3131,-19,2,-1,1091,1090,-1,0,-1,675,674,-1,3,-7,3505,3506,1,2,3,1249,1250,1,0,-1,1248,1250,2,0,-2
1787456974.358,U2,0,1,-,219.0,3135,1099,12,0,-3,1091,1090,-1,0,-1,675,674,-1,3,-7,3505,3505,0,2,2,1250,1249,-1,0,-2,1248,1250,2,0,-2
1787456974.596,U2,0,1,-,219.0,1103,3131,-20,2,-1,1091,1090,-1,0,-1,675,674,-1,3,-7,3505,3505,0,2,2,1249,1250,1,0,-1,1248,1250,2,0,-2
1787456974.833,U2,0,1,-,219.0,3135,1098,11,0,-4,1091,1090,-1,0,-1,675,674,-1,3,-7,3505,3505,0,2,2,1250,1250,0,0,-1,1248,1250,2,0,-2
1787456975.070,U2,0,1,-,219.0,1102,3131,-19,2,-1,1091,1091,0,0,0,675,674,-1,3,-7,3505,3506,1,2,3,1249,1250,1,0,-1,1248,1250,2,0,-2
1787456975.308,U2,0,1,-,219.0,3135,1099,12,0,-3,1091,1090,-1,0,-1,675,674,-1,3,-7,3506,3506,0,2,3,1249,1250,1,0,-1,1248,1250,2,0,-2
1787456975.545,U2,0,1,-,219.0,1103,3131,-20,2,-1,1091,1090,-1,0,-1,675,674,-1,3,-7,3505,3506,1,2,3,1249,1250,1,0,-1,1248,1250,2,0,-2
1787456975.783,U2,0,1,-,219.0,3135,1098,11,0,-4,1091,1090,-1,0,-1,675,674,-1,3,-7,3505,3506,1,2,3,1250,1250,0,0,-1,1248,1250,2,0,-2
1787456976.021,U2,0,1,-,219.0,1103,3131,-20,2,-1,1091,1090,-1,0,-1,675,674,-1,3,-7,3505,3505,0,2,2,1249,1249,0,0,-2,1248,1250,2,0,-2
1787456976.258,U2,0,1,-,219.0,3135,1099,12,0,-3,1091,1090,-1,0,-1,675,674,-1,3,-7,3505,3505,0,2,2,1249,1250,1,0,-1,1249,1250,1,0,-2
1787456976.495,U2,0,1,-,219.0,1103,3131,-20,2,-1,1091,1090,-1,0,-1,675,674,-1,3,-7,3505,3505,0,2,2,1249,1250,1,0,-1,1248,1250,2,0,-2
1787456976.729,U2,0,1,-,219.0,3135,1099,12,0,-3,1091,1090,-1,0,-1,675,674,-1,3,-7,3505,3506,1,2,3,1249,1250,1,0,-1,1248,1250,2,0,-2
1787456976.970,U2,0,1,-,219.0,1103,3131,-20,2,-1,1091,1090,-1,0,-1,675,674,-1,3,-7,3505,3505,0,2,2,1249,1250,1,0,-1,1248,1250,2,0,-2
1787456977.208,U2,0,1,-,219.0,3135,1099,12,0,-3,1091,1090,-1,0,-1,675,674,-1,3,-7,3505,3506,1,2,3,1250,1250,0,0,-1,1248,1250,2,0,-2
1787456977.446,U2,0,1,-,219.0,1102,3131,-19,2,-1,1091,1090,-1,0,-1,675,674,-1,3,-7,3505,3505,0,2,2,1250,1250,0,0,-1,1248,1250,2,0,-2
1787456977.683,U2,0,1,-,219.0,3135,1099,12,0,-3,1091,1090,-1,0,-1,675,674,-1,3,-7,3505,3506,1,2,3,1250,1250,0,0,-1,1248,1250,2,0,-2
1787456977.919,U2,0,1,-,219.0,1103,3131,-20,2,-1,1091,1090,-1,0,-1,675,673,-2,3,-8,3505,3506,1,2,3,1249,1250,1,0,-1,1248,1250,2,0,-2
1787456978.158,U2,0,1,-,219.0,3136,1099,11,0,-3,1091,1090,-1,0,-1,675,674,-1,3,-7,3505,3506,1,2,3,1249,1249,0,0,-2,1248,1250,2,0,-2
1787456978.385,U2,0,1,-,219.0,1103,3131,-20,2,-1,1091,1090,-1,0,-1,675,674,-1,3,-7,3505,3505,0,2,2,1249,1250,1,0,-1,1248,1250,2,0,-2
1787456978.632,U2,0,1,-,219.0,3135,1098,11,0,-4,1091,1090,-1,0,-1,675,674,-1,3,-7,3505,3506,1,2,3,1249,1250,1,0,-1,1248,1250,2,0,-2
1787456978.867,U2,0,1,-,219.0,1102,3131,-19,2,-1,1091,1090,-1,0,-1,675,674,-1,3,-7,3505,3505,0,2,2,1250,1250,0,0,-1,1248,1250,2,0,-2
1787456979.107,U2,0,1,-,219.0,3135,1099,12,0,-3,1091,1090,-1,0,-1,675,674,-1,3,-7,3505,3506,1,2,3,1249,1250,1,0,-1,1248,1250,2,0,-2
1787456979.345,U2,0,1,-,219.0,1103,3131,-20,2,-1,1091,1090,-1,0,-1,675,674,-1,3,-7,3506,3505,-1,2,2,1250,1250,0,0,-1,1248,1250,2,0,-2
1787456979.582,U2,0,1,-,219.0,3135,1099,12,0,-3,1091,1090,-1,0,-1,675,674,-1,3,-7,3505,3505,0,2,2,1249,1250,1,0,-1,1248,1250,2,0,-2
1787456979.821,U2,0,1,-,219.0,1102,3131,-19,2,-1,1091,1090,-1,0,-1,675,674,-1,3,-7,3505,3505,0,2,2,1249,1250,1,0,-1,1248,1250,2,0,-2
1787456980.057,U2,0,1,-,219.0,3135,1099,12,0,-3,1091,1090,-1,0,-1,675,674,-1,3,-7,3505,3505,0,2,2,1249,1249,0,0,-2,1248,1250,2,0,-2
1787456980.295,U2,0,1,-,219.0,1103,3131,-20,2,-1,1091,1090,-1,0,-1,675,674,-1,3,-7,3505,3506,1,2,3,1249,1250,1,0,-1,1248,1250,2,0,-2
1787456980.533,U2,0,1,-,219.0,3136,1099,11,0,-3,1091,1090,-1,0,-1,675,674,-1,3,-7,3505,3505,0,2,2,1249,1250,1,0,-1,1248,1250,2,0,-2
1787456980.769,U2,0,1,-,219.0,1102,3131,-19,2,-1,1091,1090,-1,0,-1,675,674,-1,3,-7,3505,3506,1,2,3,1249,1250,1,0,-1,1248,1250,2,0,-2
1787456981.008,U2,0,1,-,219.0,3135,1099,12,0,-3,1091,1090,-1,0,-1,675,674,-1,3,-7,3505,3506,1,2,3,1249,1250,1,0,-1,1248,1250,2,0,-2
1787456981.245,U2,0,1,-,219.0,1103,3131,-20,2,-1,1091,1090,-1,0,-1,675,674,-1,3,-7,3505,3505,0,2,2,1249,1250,1,0,-1,1248,1250,2,0,-2
1787456981.482,U2,0,1,-,219.0,3135,1099,12,0,-3,1091,1090,-1,0,-1,675,674,-1,3,-7,3505,3506,1,2,3,1249,1250,1,0,-1,1248,1250,2,0,-2
1787456981.719,U2,0,1,-,219.0,1103,3131,-20,2,-1,1091,1090,-1,0,-1,675,674,-1,3,-7,3505,3505,0,2,2,1249,1250,1,0,-1,1249,1250,1,0,-2
1787456981.950,U2,0,1,-,219.0,3135,1099,12,0,-3,1091,1090,-1,0,-1,675,674,-1,3,-7,3505,3505,0,2,2,1249,1250,1,0,-1,1248,1250,2,0,-2
1787456982.195,U2,0,1,-,219.0,1103,3131,-20,2,-1,1091,1090,-1,0,-1,675,674,-1,3,-7,3505,3505,0,2,2,1249,1250,1,0,-1,1248,1250,2,0,-2
1787456982.433,U2,0,1,-,219.0,3135,1099,12,0,-3,1091,1090,-1,0,-1,675,674,-1,3,-7,3505,3505,0,2,2,1249,1250,1,0,-1,1248,1250,2,0,-2
1787456982.668,U2,0,1,-,219.0,1103,3131,-20,2,-1,1091,1090,-1,0,-1,675,674,-1,3,-7,3505,3505,0,2,2,1249,1250,1,0,-1,1248,1250,2,0,-2
1787456982.905,U2,0,1,-,219.0,3135,1099,12,0,-3,1091,1090,-1,0,-1,675,674,-1,3,-7,3505,3506,1,2,3,1249,1250,1,0,-1,1248,1250,2,0,-2
1787456983.145,U2,0,1,-,219.0,1103,3131,-20,2,-1,1091,1090,-1,0,-1,675,674,-1,3,-7,3506,3505,-1,2,2,1249,1250,1,0,-1,1248,1250,2,0,-2
1787456983.382,U2,0,1,-,219.0,3135,1099,12,0,-3,1091,1090,-1,0,-1,675,674,-1,3,-7,3505,3505,0,2,2,1249,1250,1,0,-1,1248,1250,2,0,-2
1787456983.620,U2,0,1,-,219.0,1103,3131,-20,2,-1,1091,1090,-1,0,-1,675,674,-1,3,-7,3505,3505,0,2,2,1249,1250,1,0,-1,1248,1250,2,0,-2
1787456983.858,U2,0,1,-,219.0,3135,1099,12,0,-3,1091,1090,-1,0,-1,675,674,-1,3,-7,3505,3506,1,2,3,1249,1250,1,0,-1,1248,1250,2,0,-2
1787456984.091,U2,0,1,-,219.0,1103,3131,-20,2,-1,1091,1090,-1,0,-1,675,674,-1,3,-7,3505,3506,1,2,3,1249,1249,0,0,-2,1248,1250,2,0,-2
1787456984.333,U2,0,1,-,219.0,3135,1099,12,0,-3,1091,1090,-1,0,-1,675,674,-1,3,-7,3505,3506,1,2,3,1249,1250,1,0,-1,1248,1250,2,0,-2
1787456984.569,U2,0,1,-,219.0,1103,3131,-20,2,-1,1091,1090,-1,0,-1,675,674,-1,3,-7,3505,3506,1,2,3,1249,1250,1,0,-1,1248,1250,2,0,-2
1787456984.807,U2,0,1,-,219.0,3135,1099,12,0,-3,1091,1090,-1,0,-1,675,674,-1,3,-7,3505,3505,0,2,2,1249,1250,1,0,-1,1248,1250,2,0,-2
1787456985.045,U2,0,1,-,219.0,1102,3131,-19,2,-1,1091,1090,-1,0,-1,675,674,-1,3,-7,3505,3506,1,2,3,1249,1250,1,0,-1,1248,1250,2,0,-2
1787456985.282,U2,0,1,-,219.0,3135,1099,12,0,-3,1091,1090,-1,0,-1,675,674,-1,3,-7,3506,3505,-1,2,2,1250,1250,0,0,-1,1248,1250,2,0,-2
1787456985.519,U2,0,1,-,219.0,1102,3131,-19,2,-1,1091,1090,-1,0,-1,675,673,-2,3,-8,3505,3506,1,2,3,1249,1250,1,0,-1,1248,1250,2,0,-2
1787456985.758,U2,0,1,-,219.0,3135,1099,12,0,-3,1091,1090,-1,0,-1,675,674,-1,3,-7,3505,3506,1,2,3,1250,1250,0,0,-1,1248,1250,2,0,-2
1787456985.994,U2,0,1,-,219.0,1103,3131,-20,2,-1,1091,1090,-1,0,-1,675,674,-1,3,-7,3505,3505,0,2,2,1249,1250,1,0,-1,1248,1250,2,0,-2
1787456986.232,U2,0,1,-,219.0,3135,1099,12,0,-3,1091,1091,0,0,0,675,674,-1,3,-7,3505,3506,1,2,3,1250,1250,0,0,-1,1248,1250,2,0,-2
1787456986.469,U2,0,1,-,219.0,1103,3131,-20,2,-1,1091,1090,-1,0,-1,675,674,-1,3,-7,3505,3506,1,2,3,1250,1250,0,0,-1,1248,1250,2,0,-2
1787456986.708,U2,0,1,-,219.0,3135,1099,12,0,-3,1091,1090,-1,0,-1,675,674,-1,3,-7,3505,3505,0,2,2,1250,1250,0,0,-1,1248,1250,2,0,-2
1787456986.945,U2,0,1,-,219.0,1103,3131,-20,2,-1,1091,1090,-1,0,-1,675,674,-1,3,-7,3505,3506,1,2,3,1249,1250,1,0,-1,1248,1250,2,0,-2
1787456987.183,U2,0,1,-,219.0,3135,1099,12,0,-3,1091,1090,-1,0,-1,675,674,-1,3,-7,3506,3506,0,2,3,1249,1250,1,0,-1,1248,1250,2,0,-2
1787456987.420,U2,0,1,-,219.0,1102,3131,-19,2,-1,1091,1090,-1,0,-1,675,674,-1,3,-7,3505,3506,1,2,3,1249,1250,1,0,-1,1248,1250,2,0,-2
1787456987.657,U2,0,1,-,219.0,3135,1099,12,0,-3,1091,1090,-1,0,-1,675,674,-1,3,-7,3505,3506,1,2,3,1249,1250,1,0,-1,1248,1250,2,0,-2
1787456987.894,U2,0,1,-,219.0,1103,3132,-19,2,0,1091,1090,-1,0,-1,675,674,-1,3,-7,3505,3505,0,2,2,1249,1249,0,0,-2,1248,1250,2,0,-2
1787456988.132,U2,0,1,-,219.0,3135,1099,12,0,-3,1091,1090,-1,0,-1,675,674,-1,3,-7,3505,3505,0,2,2,1249,1250,1,0,-1,1248,1250,2,0,-2
1787456988.369,U2,0,1,-,219.0,1103,3131,-20,2,-1,1091,1090,-1,0,-1,675,674,-1,3,-7,3505,3506,1,2,3,1250,1249,-1,0,-2,1248,1250,2,0,-2
1787456988.607,U2,0,1,-,219.0,3135,1099,12,0,-3,1091,1090,-1,0,-1,675,674,-1,3,-7,3505,3506,1,2,3,1249,1250,1,0,-1,1248,1250,2,0,-2
1787456988.845,U2,0,1,-,219.0,1103,3131,-20,2,-1,1091,1090,-1,0,-1,675,674,-1,3,-7,3505,3506,1,2,3,1249,1250,1,0,-1,1248,1250,2,0,-2
1787456989.081,U2,0,1,-,219.0,3135,1099,12,0,-3,1091,1090,-1,0,-1,675,674,-1,3,-7,3505,3506,1,2,3,1249,1249,0,0,-2,1248,1250,2,0,-2
1787456989.320,U2,0,1,-,219.0,1103,3131,-20,2,-1,1091,1090,-1,0,-1,675,674,-1,3,-7,3505,3505,0,2,2,1249,1250,1,0,-1,1249,1250,1,0,-2
1787456989.558,U2,0,1,-,219.0,3135,1099,12,0,-3,1091,1090,-1,0,-1,675,674,-1,3,-7,3505,3505,0,2,2,1249,1250,1,0,-1,1248,1250,2,0,-2
1787456989.794,U2,0,1,-,219.0,1103,3131,-20,2,-1,1091,1090,-1,0,-1,675,674,-1,3,-7,3505,3505,0,2,2,1250,1250,0,0,-1,1248,1250,2,0,-2
1787456990.032,U2,0,1,-,219.0,3135,1099,12,0,-3,1091,1090,-1,0,-1,675,674,-1,3,-7,3505,3505,0,2,2,1249,1250,1,0,-1,1248,1250,2,0,-2
1787456990.270,U2,0,1,-,219.0,1103,3131,-20,2,-1,1091,1090,-1,0,-1,675,674,-1,3,-7,3505,3506,1,2,3,1249,1250,1,0,-1,1248,1250,2,0,-2
1787457024.921,U,0,1,-,119.0,3134,2119,9,1,-3,1091,1090,-1,0,-1,675,674,-1,3,-7,3505,3506,1,2,3,1249,1250,1,0,-1,1247,1237,-10,0,-15
1787457025.058,U',0,1,-,119.0,2123,3132,-15,2,0,1091,1090,-1,0,-1,675,674,-1,3,-7,3505,3506,1,2,3,1249,1250,1,0,-1,1238,1236,-2,0,-16
1787457025.195,U,0,1,-,119.0,3135,2119,8,1,-3,1091,1090,-1,0,-1,675,674,-1,3,-7,3505,3505,0,2,2,1250,1250,0,0,-1,1237,1236,-1,0,-16
1787457025.333,U',0,1,-,119.0,2123,3132,-15,2,0,1091,1090,-1,0,-1,675,674,-1,3,-7,3505,3505,0,2,2,1250,1250,0,0,-1,1237,1236,-1,0,-16
1787457025.470,U,0,1,-,119.0,3135,2118,7,1,-4,1091,1090,-1,0,-1,675,674,-1,3,-7,3505,3506,1,2,3,1249,1250,1,0,-1,1237,1236,-1,0,-16
1787457025.608,U',0,1,-,119.0,2123,3132,-15,2,0,1091,1090,-1,0,-1,675,674,-1,3,-7,3505,3506,1,2,3,1249,1250,1,0,-1,1237,1236,-1,0,-16
1787457025.742,U,0,1,-,119.0,3135,2119,8,1,-3,1091,1090,-1,0,-1,675,674,-1,3,-7,3505,3506,1,2,3,1249,1250,1,0,-1,1236,1236,0,0,-16
1787457025.877,U',0,1,-,119.0,2123,3132,-15,2,0,1091,1090,-1,0,-1,675,674,-1,3,-7,3505,3505,0,2,2,1249,1250,1,0,-1,1237,1236,-1,0,-16
1787457026.018,U,0,1,-,119.0,3134,2119,9,1,-3,1091,1090,-1,0,-1,675,674,-1,3,-7,3505,3505,0,2,2,1249,1250,1,0,-1,1236,1236,0,0,-16
1787457026.151,U',0,1,-,119.0,2123,3132,-15,2,0,1091,1090,-1,0,-1,675,674,-1,3,-7,3505,3506,1,2,3,1249,1250,1,0,-1,1237,1236,-1,0,-16
1787457026.285,U,0,1,-,119.0,3135,2119,8,1,-3,1091,1090,-1,0,-1,675,674,-1,3,-7,3505,3505,0,2,2,1250,1250,0,0,-1,1236,1236,0,0,-16
1787457026.433,U',0,1,-,119.0,2123,3132,-15,2,0,1091,1090,-1,0,-1,675,674,-1,3,-7,3505,3505,0,2,2,1249,1249,0,0,-2,1236,1236,0,0,-16
1787457026.570,U,0,1,-,119.0,3134,2118,8,1,-4,1091,1090,-1,0,-1,675,674,-1,3,-7,3505,3506,1,2,3,1249,1250,1,0,-1,1236,1236,0,0,-16
1787457026.707,U',0,1,-,119.0,2123,3132,-15,2,0,1091,1090,-1,0,-1,675,674,-1,3,-7,3505,3506,1,2,3,1249,1250,1,0,-1,1236,1236,0,0,-16
1787457026.844,U,0,1,-,119.0,3134,2119,9,1,-3,1091,1090,-1,0,-1,675,674,-1,3,-7,3506,3506,0,2,3,1249,1250,1,0,-1,1236,1236,0,0,-16
1787457026.983,U',0,1,-,119.0,2123,3132,-15,2,0,1091,1090,-1,0,-1,675,674,-1,3,-7,3505,3505,0,2,2,1249,1250,1,0,-1,1236,1236,0,0,-16
1787457027.119,U,0,1,-,119.0,3135,2119,8,1,-3,1091,1091,0,0,0,675,674,-1,3,-7,3505,3505,0,2,2,1249,1250,1,0,-1,1236,1236,0,0,-16
1787457027.255,U',0,1,-,119.0,2123,3132,-15,2,0,1091,1090,-1,0,-1,675,674,-1,3,-7,3506,3506,0,2,3,1249,1250,1,0,-1,1236,1236,0,0,-16
1787457027.395,U,0,1,-,119.0,3134,2119,9,1,-3,1091,1090,-1,0,-1,675,674,-1,3,-7,3505,3505,0,2,2,1249,1249,0,0,-2,1236,1236,0,0,-16
1787457027.527,U',0,1,-,119.0,2123,3132,-15,2,0,1091,1090,-1,0,-1,675,674,-1,3,-7,3505,3505,0,2,2,1249,1250,1,0,-1,1236,1236,0,0,-16
1787457027.671,U,0,1,-,119.0,3134,2119,9,1,-3,1091,1090,-1,0,-1,675,674,-1,3,-7,3505,3505,0,2,2,1249,1250,1,0,-1,1236,1236,0,0,-16
1787457027.807,U',0,1,-,119.0,2123,3132,-15,2,0,1091,1090,-1,0,-1,675,674,-1,3,-7,3506,3505,-1,2,2,1249,1250,1,0,-1,1236,1236,0,0,-16
1787457027.935,U,0,1,-,119.0,3135,2119,8,1,-3,1091,1090,-1,0,-1,675,674,-1,3,-7,3505,3506,1,2,3,1249,1250,1,0,-1,1236,1236,0,0,-16
1787457028.083,U',0,1,-,119.0,2123,3132,-15,2,0,1091,1090,-1,0,-1,675,674,-1,3,-7,3505,3505,0,2,2,1249,1250,1,0,-1,1236,1236,0,0,-16
1787457028.221,U,0,1,-,119.0,3135,2119,8,1,-3,1091,1090,-1,0,-1,675,674,-1,3,-7,3505,3506,1,2,3,1250,1250,0,0,-1,1236,1236,0,0,-16
1787457028.358,U',0,1,-,119.0,2123,3132,-15,2,0,1091,1090,-1,0,-1,675,674,-1,3,-7,3505,3505,0,2,2,1249,1250,1,0,-1,1236,1236,0,0,-16
1787457028.491,U,0,1,-,119.0,3135,2118,7,1,-4,1091,1090,-1,0,-1,675,674,-1,3,-7,3505,3506,1,2,3,1249,1250,1,0,-1,1236,1236,0,0,-16
1787457028.633,U',0,1,-,119.0,2123,3132,-15,2,0,1091,1090,-1,0,-1,675,674,-1,3,-7,3505,3505,0,2,2,1249,1250,1,0,-1,1236,1236,0,0,-16
1787457028.770,U,0,1,-,119.0,3135,2119,8,1,-3,1091,1090,-1,0,-1,675,674,-1,3,-7,3505,3505,0,2,2,1250,1250,0,0,-1,1236,1236,0,0,-16
1787457028.907,U',0,1,-,119.0,2123,3132,-15,2,0,1091,1090,-1,0,-1,675,674,-1,3,-7,3506,3506,0,2,3,1250,1249,-1,0,-2,1236,1236,0,0,-16
1787457029.044,U,0,1,-,119.0,3135,2119,8,1,-3,1091,1090,-1,0,-1,675,674,-1,3,-7,3505,3506,1,2,3,1249,1250,1,0,-1,1236,1236,0,0,-16
1787457029.182,U',0,1,-,119.0,2123,3132,-15,2,0,1090,1090,0,0,-1,675,674,-1,3,-7,3505,3505,0,2,2,1249,1250,1,0,-1,1236,1236,0,0,-16
1787457029.315,U,0,1,-,119.0,3134,2119,9,1,-3,1091,1090,-1,0,-1,675,674,-1,3,-7,3505,3505,0,2,2,1250,1250,0,0,-1,1236,1236,0,0,-16
1787457029.457,U',0,1,-,119.0,2123,3132,-15,2,0,1091,1090,-1,0,-1,675,674,-1,3,-7,3505,3506,1,2,3,1249,1250,1,0,-1,1236,1236,0,0,-16
1787457029.595,U,0,1,-,119.0,3135,2118,7,1,-4,1091,1090,-1,0,-1,675,674,-1,3,-7,3505,3505,0,2,2,1249,1250,1,0,-1,1236,1236,0,0,-16
1787457029.733,U',0,1,-,119.0,2123,3132,-15,2,0,1091,1090,-1,0,-1,675,674,-1,3,-7,3505,3506,1,2,3,1249,1250,1,0,-1,1236,1236,0,0,-16
1787457029.870,U,0,1,-,119.0,3135,2119,8,1,-3,1091,1090,-1,0,-1,675,674,-1,3,-7,3505,3505,0,2,2,1249,1250,1,0,-1,1236,1236,0,0,-16
1787457030.008,U',0,1,-,119.0,2123,3132,-15,2,0,1091,1090,-1,0,-1,675,674,-1,3,-7,3505,3506,1,2,3,1249,1249,0,0,-2,1236,1236,0,0,-16
1787457030.145,U,0,1,-,119.0,3134,2119,9,1,-3,1091,1090,-1,0,-1,675,673,-2,3,-8,3505,3505,0,2,2,1249,1250,1,0,-1,1236,1236,0,0,-16
1787457030.283,U',0,1,-,119.0,2123,3132,-15,2,0,1091,1090,-1,0,-1,675,674,-1,3,-7,3505,3505,0,2,2,1249,1250,1,0,-1,1236,1236,0,0,-16
1787457030.420,U,0,1,-,119.0,3135,2119,8,1,-3,1091,1090,-1,0,-1,675,674,-1,3,-7,3505,3506,1,2,3,1250,1249,-1,0,-2,1236,1236,0,0,-16
1787457030.553,U',0,1,-,119.0,2123,3132,-15,2,0,1091,1090,-1,0,-1,675,674,-1,3,-7,3505,3506,1,2,3,1249,1250,1,0,-1,1236,1236,0,0,-16
1787457030.695,U,0,1,-,119.0,3134,2118,8,1,-4,1091,1090,-1,0,-1,675,674,-1,3,-7,3505,3506,1,2,3,1250,1250,0,0,-1,1236,1236,0,0,-16
1787457030.820,U',0,1,-,119.0,2123,3132,-15,2,0,1091,1090,-1,0,-1,675,674,-1,3,-7,3505,3505,0,2,2,1249,1250,1,0,-1,1236,1236,0,0,-16
1787457030.970,U,0,1,-,119.0,3135,2119,8,1,-3,1091,1090,-1,0,-1,675,674,-1,3,-7,3505,3506,1,2,3,1249,1250,1,0,-1,1236,1236,0,0,-16
1787457031.108,U',0,1,-,119.0,2123,3132,-15,2,0,1091,1090,-1,0,-1,675,674,-1,3,-7,3505,3506,1,2,3,1249,1250,1,0,-1,1236,1236,0,0,-16
1787457031.245,U,0,1,-,119.0,3134,2119,9,1,-3,1091,1090,-1,0,-1,675,674,-1,3,-7,3505,3505,0,2,2,1249,1250,1,0,-1,1236,1236,0,0,-16
1787457031.381,U',0,1,-,119.0,2123,3132,-15,2,0,1091,1090,-1,0,-1,675,674,-1,3,-7,3505,3505,0,2,2,1249,1250,1,0,-1,1236,1236,0,0,-16
1787457031.516,U,0,1,-,119.0,3135,2119,8,1,-3,1091,1090,-1,0,-1,675,674,-1,3,-7,3506,3505,-1,2,2,1249,1250,1,0,-1,1236,1236,0,0,-16
1787457031.657,U',0,1,-,119.0,2123,3132,-15,2,0,1091,1090,-1,0,-1,675,674,-1,3,-7,3506,3505,-1,2,2,1249,1250,1,0,-1,1236,1236,0,0,-16
1787457031.791,U,0,1,-,119.0,3135,2119,8,1,-3,1091,1090,-1,0,-1,675,674,-1,3,-7,3505,3506,1,2,3,1250,1250,0,0,-1,1236,1236,0,0,-16
1787457031.931,U',0,1,-,119.0,2123,3132,-15,2,0,1091,1090,-1,0,-1,675,674,-1,3,-7,3505,3506,1,2,3,1249,1250,1,0,-1,1236,1236,0,0,-16
1787457032.068,U,0,1,-,119.0,3134,2119,9,1,-3,1091,1090,-1,0,-1,675,674,-1,3,-7,3505,3506,1,2,3,1249,1250,1,0,-1,1236,1236,0,0,-16
1787457032.207,U',0,1,-,119.0,2123,3132,-15,2,0,1091,1090,-1,0,-1,675,674,-1,3,-7,3505,3505,0,2,2,1249,1249,0,0,-2,1236,1236,0,0,-16
1787457032.343,U,0,1,-,119.0,3135,2119,8,1,-3,1091,1090,-1,0,-1,675,674,-1,3,-7,3505,3505,0,2,2,1249,1250,1,0,-1,1236,1236,0,0,-16
1787457032.482,U',0,1,-,119.0,2123,3132,-15,2,0,1091,1090,-1,0,-1,675,674,-1,3,-7,3505,3505,0,2,2,1250,1250,0,0,-1,1236,1236,0,0,-16
1787457032.620,U,0,1,-,119.0,3134,2118,8,1,-4,1091,1090,-1,0,-1,675,674,-1,3,-7,3505,3505,0,2,2,1249,1250,1,0,-1,1236,1236,0,0,-16
1787457032.758,U',0,1,-,119.0,2123,3132,-15,2,0,1091,1090,-1,0,-1,675,674,-1,3,-7,3505,3506,1,2,3,1249,1249,0,0,-2,1236,1236,0,0,-16
1787457032.891,U,0,1,-,119.0,3134,2119,9,1,-3,1091,1090,-1,0,-1,675,674,-1,3,-7,3505,3506,1,2,3,1249,1250,1,0,-1,1236,1236,0,0,-16
1787457033.031,U',0,1,-,119.0,2123,3132,-15,2,0,1091,1090,-1,0,-1,675,674,-1,3,-7,3505,3505,0,2,2,1249,1250,1,0,-1,1236,1236,0,0,-16
1787457033.170,U,0,1,-,119.0,3135,2119,8,1,-3,1091,1090,-1,0,-1,675,674,-1,3,-7,3505,3505,0,2,2,1249,1250,1,0,-1,1236,1236,0,0,-16
1787457033.306,U',0,1,-,119.0,2123,3132,-15,2,0,1091,1090,-1,0,-1,675,674,-1,3,-7,3505,3506,1,2,3,1249,1250,1,0,-1,1236,1236,0,0,-16
1787457033.444,U,0,1,-,119.0,3135,2119,8,1,-3,1091,1090,-1,0,-1,675,674,-1,3,-7,3505,3506,1,2,3,1249,1250,1,0,-1,1236,1236,0,0,-16
1787457033.582,U',0,1,-,119.0,2123,3132,-15,2,0,1091,1090,-1,0,-1,675,674,-1,3,-7,3505,3505,0,2,2,1249,1250,1,0,-1,1236,1236,0,0,-16
1787457033.719,U,0,1,-,119.0,3134,2119,9,1,-3,1091,1090,-1,0,-1,675,674,-1,3,-7,3505,3505,0,2,2,1249,1250,1,0,-1,1236,1236,0,0,-16
1787457033.857,U',0,1,-,119.0,2123,3132,-15,2,0,1091,1090,-1,0,-1,675,674,-1,3,-7,3505,3506,1,2,3,1249,1250,1,0,-1,1236,1236,0,0,-16
1787457033.992,U,0,1,-,119.0,3134,2119,9,1,-3,1091,1090,-1,0,-1,675,674,-1,3,-7,3505,3506,1,2,3,1249,1250,1,0,-1,1236,1236,0,0,-16
1787457034.131,U',0,1,-,119.0,2123,3132,-15,2,0,1091,1090,-1,0,-1,675,674,-1,3,-7,3506,3505,-1,2,2,1249,1249,0,0,-2,1236,1236,0,0,-16
1787457034.269,U,0,1,-,119.0,3135,2119,8,1,-3,1091,1090,-1,0,-1,675,674,-1,3,-7,3505,3506,1,2,3,1249,1250,1,0,-1,1236,1236,0,0,-16
1787457034.407,U',0,1,-,119.0,2123,3132,-15,2,0,1091,1090,-1,0,-1,675,674,-1,3,-7,3505,3505,0,2,2,1249,1250,1,0,-1,1236,1236,0,0,-16
1787457034.544,U,0,1,-,119.0,3134,2119,9,1,-3,1091,1091,0,0,0,675,674,-1,3,-7,3506,3505,-1,2,2,1250,1250,0,0,-1,1236,1236,0,0,-16
1787457034.679,U',0,1,-,119.0,2123,3132,-15,2,0,1091,1090,-1,0,-1,675,674,-1,3,-7,3505,3506,1,2,3,1249,1250,1,0,-1,1236,1236,0,0,-16
1787457034.820,U,0,1,-,119.0,3135,2119,8,1,-3,1091,1090,-1,0,-1,675,674,-1,3,-7,3505,3505,0,2,2,1249,1250,1,0,-1,1236,1236,0,0,-16
1787457034.957,U',0,1,-,119.0,2123,3132,-15,2,0,1091,1090,-1,0,-1,675,674,-1,3,-7,3505,3506,1,2,3,1249,1250,1,0,-1,1236,1236,0,0,-16
1787457035.094,U,0,1,-,119.0,3134,2118,8,1,-4,1091,1091,0,0,0,675,674,-1,3,-7,3506,3506,0,2,3,1249,1250,1,0,-1,1236,1236,0,0,-16
1787457035.232,U',0,1,-,119.0,2123,3132,-15,2,0,1091,1090,-1,0,-1,675,674,-1,3,-7,3505,3505,0,2,2,1249,1250,1,0,-1,1236,1236,0,0,-16
1787457035.369,U,0,1,-,119.0,3134,2119,9,1,-3,1091,1090,-1,0,-1,675,674,-1,3,-7,3505,3506,1,2,3,1249,1250,1,0,-1,1236,1236,0,0,-16
1787457035.503,U',0,1,-,119.0,2123,3133,-14,2,1,1091,1090,-1,0,-1,675,674,-1,3,-7,3505,3506,1,2,3,1250,1250,0,0,-1,1236,1236,0,0,-16
1787457035.635,U,0,1,-,119.0,3134,2119,9,1,-3,1091,1090,-1,0,-1,675,674,-1,3,-7,3505,3505,0,2,2,1249,1250,1,0,-1,1236,1236,0,0,-16
1787457035.781,U',0,1,-,119.0,2123,3132,-15,2,0,1091,1090,-1,0,-1,675,674,-1,3,-7,3505,3506,1,2,3,1249,1250,1,0,-1,1236,1236,0,0,-16
1787457035.918,U,0,1,-,119.0,3134,2119,9,1,-3,1091,1090,-1,0,-1,675,674,-1,3,-7,3505,3506,1,2,3,1249,1249,0,0,-2,1236,1236,0,0,-16
1787457036.052,U',0,1,-,119.0,2123,3132,-15,2,0,1091,1090,-1,0,-1,675,674,-1,3,-7,3505,3505,0,2,2,1250,1250,0,0,-1,1236,1236,0,0,-16
1787457036.195,U,0,1,-,119.0,3134,2118,8,1,-4,1091,1090,-1,0,-1,675,674,-1,3,-7,3505,3506,1,2,3,1249,1250,1,0,-1,1236,1236,0,0,-16
1787457036.333,U',0,1,-,119.0,2123,3132,-15,2,0,1091,1090,-1,0,-1,675,674,-1,3,-7,3506,3505,-1,2,2,1249,1250,1,0,-1,1236,1236,0,0,-16
1787457036.470,U,0,1,-,119.0,3134,2119,9,1,-3,1091,1090,-1,0,-1,675,674,-1,3,-7,3505,3506,1,2,3,1249,1250,1,0,-1,1236,1236,0,0,-16
1787457036.606,U',0,1,-,119.0,2123,3132,-15,2,0,1091,1090,-1,0,-1,675,674,-1,3,-7,3505,3506,1,2,3,1249,1250,1,0,-1,1236,1236,0,0,-16
1787457036.743,U,0,1,-,119.0,3134,2119,9,1,-3,1091,1090,-1,0,-1,675,674,-1,3,-7,3505,3505,0,2,2,1249,1250,1,0,-1,1236,1236,0,0,-16
1787457036.883,U',0,1,-,119.0,2123,3132,-15,2,0,1091,1090,-1,0,-1,675,673,-2,3,-8,3506,3505,-1,2,2,1249,1250,1,0,-1,1236,1236,0,0,-16
1787457037.019,U,0,1,-,119.0,3134,2119,9,1,-3,1091,1090,-1,0,-1,675,674,-1,3,-7,3505,3505,0,2,2,1250,1250,0,0,-1,1236,1236,0,0,-16
1787457037.157,U',0,1,-,119.0,2123,3132,-15,2,0,1091,1090,-1,0,-1,675,674,-1,3,-7,3505,3505,0,2,2,1250,1250,0,0,-1,1236,1236,0,0,-16
1787457037.294,U,0,1,-,119.0,3134,2119,9,1,-3,1091,1090,-1,0,-1,675,674,-1,3,-7,3505,3506,1,2,3,1250,1250,0,0,-1,1236,1236,0,0,-16
1787457037.432,U',0,1,-,119.0,2123,3132,-15,2,0,1091,1090,-1,0,-1,675,674,-1,3,-7,3505,3505,0,2,2,1249,1250,1,0,-1,1236,1236,0,0,-16
1787457037.569,U,0,1,-,119.0,3135,2119,8,1,-3,1091,1090,-1,0,-1,675,673,-2,3,-8,3505,3506,1,2,3,1250,1250,0,0,-1,1236,1236,0,0,-16
1787457037.704,U',0,1,-,119.0,2123,3132,-15,2,0,1091,1090,-1,0,-1,675,674,-1,3,-7,3505,3505,0,2,2,1250,1250,0,0,-1,1236,1236,0,0,-16
1787457037.839,U,0,1,-,119.0,3134,2119,9,1,-3,1091,1090,-1,0,-1,675,674,-1,3,-7,3505,3506,1,2,3,1249,1250,1,0,-1,1236,1236,0,0,-16
1787457037.982,U',0,1,-,119.0,2123,3132,-15,2,0,1091,1090,-1,0,-1,675,674,-1,3,-7,3505,3506,1,2,3,1249,1250,1,0,-1,1236,1236,0,0,-16
1787457038.119,U,0,1,-,119.0,3134,2118,8,1,-4,1091,1090,-1,0,-1,675,674,-1,3,-7,3505,3506,1,2,3,1249,1250,1,0,-1,1236,1236,0,0,-16
1787457038.256,U',0,1,-,119.0,2123,3132,-15,2,0,1091,1090,-1,0,-1,675,674,-1,3,-7,3505,3506,1,2,3,1249,1250,1,0,-1,1236,1236,0,0,-16
1787457038.384,U,0,1,-,119.0,3134,2119,9,1,-3,1091,1090,-1,0,-1,675,674,-1,3,-7,3506,3506,0,2,3,1249,1250,1,0,-1,1236,1236,0,0,-16
1787457038.532,U',0,1,-,119.0,2123,3132,-15,2,0,1091,1090,-1,0,-1,675,674,-1,3,-7,3505,3505,0,2,2,1249,1250,1,0,-1,1236,1236,0,0,-16
1787457038.669,U,0,1,-,119.0,3134,2119,9,1,-3,1091,1090,-1,0,-1,675,674,-1,3,-7,3505,3505,0,2,2,1249,1250,1,0,-1,1236,1236,0,0,-16
1787457038.807,U',0,1,-,119.0,2123,3132,-15,2,0,1091,1090,-1,0,-1,675,674,-1,3,-7,3505,3506,1,2,3,1250,1250,0,0,-1,1236,1236,0,0,-16
1787457038.944,U,0,1,-,119.0,3134,2119,9,1,-3,1091,1090,-1,0,-1,675,674,-1,3,-7,3505,3505,0,2,2,1249,1250,1,0,-1,1236,1236,0,0,-16
1787457039.082,U',0,1,-,119.0,2123,3132,-15,2,0,1091,1090,-1,0,-1,675,674,-1,3,-7,3505,3506,1,2,3,1249,1250,1,0,-1,1236,1236,0,0,-16
1787457039.218,U,0,1,-,119.0,3134,2119,9,1,-3,1091,1090,-1,0,-1,675,674,-1,3,-7,3505,3505,0,2,2,1249,1250,1,0,-1,1236,1236,0,0,-16
1787457039.357,U',0,1,-,119.0,2123,3132,-15,2,0,1091,1090,-1,0,-1,675,674,-1,3,-7,3505,3506,1,2,3,1249,1249,0,0,-2,1236,1236,0,0,-16
1787457039.494,U,0,1,-,119.0,3134,2119,9,1,-3,1091,1090,-1,0,-1,675,674,-1,3,-7,3505,3505,0,2,2,1249,1250,1,0,-1,1236,1236,0,0,-16
1787457039.632,U',0,1,-,119.0,2123,3132,-15,2,0,1091,1090,-1,0,-1,675,674,-1,3,-7,3505,3505,0,2,2,1249,1250,1,0,-1,1236,1236,0,0,-16
1787457039.769,U,0,1,-,119.0,3134,2119,9,1,-3,1091,1090,-1,0,-1,675,674,-1,3,-7,3505,3506,1,2,3,1249,1250,1,0,-1,1236,1236,0,0,-16
1787457039.907,U',0,1,-,119.0,2123,3132,-15,2,0,1091,1090,-1,0,-1,675,674,-1,3,-7,3505,3505,0,2,2,1249,1250,1,0,-1,1236,1236,0,0,-16
1787457040.044,U,0,1,-,119.0,3134,2119,9,1,-3,1091,1090,-1,0,-1,675,674,-1,3,-7,3506,3505,-1,2,2,1249,1250,1,0,-1,1236,1236,0,0,-16
1787457040.174,U',0,1,-,119.0,2123,3132,-15,2,0,1091,1090,-1,0,-1,675,674,-1,3,-7,3505,3505,0,2,2,1250,1250,0,0,-1,1236,1236,0,0,-16
1787457040.319,U,0,1,-,119.0,3134,2119,9,1,-3,1091,1090,-1,0,-1,675,674,-1,3,-7,3505,3506,1,2,3,1249,1250,1,0,-1,1236,1236,0,0,-16
1787457040.456,U',0,1,-,119.0,2123,3132,-15,2,0,1091,1090,-1,0,-1,675,674,-1,3,-7,3505,3506,1,2,3,1249,1250,1,0,-1,1236,1236,0,0,-16
1787457040.593,U,0,1,-,119.0,3134,2119,9,1,-3,1091,1090,-1,0,-1,675,674,-1,3,-7,3505,3505,0,2,2,1249,1250,1,0,-1,1236,1236,0,0,-16
1787457040.730,U',0,1,-,119.0,2123,3132,-15,2,0,1091,1090,-1,0,-1,675,674,-1,3,-7,3506,3506,0,2,3,1249,1250,1,0,-1,1236,1236,0,0,-16
1787457040.868,U,0,1,-,119.0,3134,2119,9,1,-3,1091,1090,-1,0,-1,675,674,-1,3,-7,3505,3506,1,2,3,1250,1250,0,0,-1,1236,1236,0,0,-16
1787457041.003,U',0,1,-,119.0,2123,3132,-15,2,0,1091,1090,-1,0,-1,675,673,-2,3,-8,3505,3506,1,2,3,1249,1250,1,0,-1,1236,1236,0,0,-16
1787457041.143,U,0,1,-,119.0,3134,2119,9,1,-3,1091,1090,-1,0,-1,675,674,-1,3,-7,3505,3505,0,2,2,1249,1250,1,0,-1,1236,1236,0,0,-16
1787457041.274,U',0,1,-,119.0,2123,3132,-15,2,0,1091,1090,-1,0,-1,675,674,-1,3,-7,3505,3505,0,2,2,1249,1250,1,0,-1,1236,1236,0,0,-16
1787457041.419,U,0,1,-,119.0,3134,2119,9,1,-3,1091,1090,-1,0,-1,675,674,-1,3,-7,3505,3506,1,2,3,1249,1250,1,0,-1,1236,1236,0,0,-16
1787457041.557,U',0,1,-,119.0,2123,3132,-15,2,0,1091,1090,-1,0,-1,675,674,-1,3,-7,3505,3506,1,2,3,1250,1250,0,0,-1,1236,1236,0,0,-16
1787457041.693,U,0,1,-,119.0,3134,2119,9,1,-3,1091,1090,-1,0,-1,675,674,-1,3,-7,3505,3506,1,2,3,1249,1250,1,0,-1,1236,1236,0,0,-16
1787457041.832,U',0,1,-,119.0,2123,3132,-15,2,0,1091,1090,-1,0,-1,675,674,-1,3,-7,3505,3505,0,2,2,1249,1250,1,0,-1,1236,1236,0,0,-16
1787457041.969,U,0,1,-,119.0,3134,2118,8,1,-4,1091,1090,-1,0,-1,675,674,-1,3,-7,3505,3505,0,2,2,1249,1250,1,0,-1,1236,1236,0,0,-16
1787457042.107,U',0,1,-,119.0,2123,3132,-15,2,0,1091,1090,-1,0,-1,675,674,-1,3,-7,3505,3506,1,2,3,1249,1250,1,0,-1,1236,1236,0,0,-16
1787457042.244,U,0,1,-,119.0,3135,2119,8,1,-3,1091,1090,-1,0,-1,675,674,-1,3,-7,3505,3506,1,2,3,1249,1250,1,0,-1,1236,1236,0,0,-16
1787457042.382,U',0,1,-,119.0,2123,3132,-15,2,0,1091,1090,-1,0,-1,675,674,-1,3,-7,3505,3506,1,2,3,1249,1250,1,0,-1,1236,1236,0,0,-16
1787457042.519,U,0,1,-,119.0,3135,2119,8,1,-3,1091,1090,-1,0,-1,675,674,-1,3,-7,3505,3505,0,2,2,1249,1250,1,0,-1,1236,1236,0,0,-16
1787457042.653,U',0,1,-,119.0,2123,3132,-15,2,0,1091,1090,-1,0,-1,675,674,-1,3,-7,3505,3505,0,2,2,1249,1250,1,0,-1,1236,1236,0,0,-16
1787457042.788,U,0,1,-,119.0,3134,2119,9,1,-3,1091,1090,-1,0,-1,675,674,-1,3,-7,3505,3505,0,2,2,1249,1250,1,0,-1,1236,1236,0,0,-16
1787457042.931,U',0,1,-,119.0,2123,3132,-15,2,0,1091,1090,-1,0,-1,675,674,-1,3,-7,3505,3505,0,2,2,1249,1249,0,0,-2,1236,1236,0,0,-16
1787457043.069,U,0,1,-,119.0,3134,2119,9,1,-3,1091,1090,-1,0,-1,675,674,-1,3,-7,3505,3505,0,2,2,1249,1250,1,0,-1,1236,1236,0,0,-16
1787457043.202,U',0,1,-,119.0,2123,3132,-15,2,0,1091,1090,-1,0,-1,675,674,-1,3,-7,3505,3506,1,2,3,1249,1250,1,0,-1,1236,1236,0,0,-16
1787457043.343,U,0,1,-,119.0,3134,2119,9,1,-3,1091,1090,-1,0,-1,675,674,-1,3,-7,3506,3505,-1,2,2,1249,1250,1,0,-1,1236,1236,0,0,-16
1787457043.474,U',0,1,-,119.0,2123,3132,-15,2,0,1091,1091,0,0,0,675,674,-1,3,-7,3505,3506,1,2,3,1250,1250,0,0,-1,1236,1236,0,0,-16
1787457043.616,U,0,1,-,119.0,3134,2119,9,1,-3,1091,1090,-1,0,-1,675,674,-1,3,-7,3505,3506,1,2,3,1249,1250,1,0,-1,1236,1236,0,0,-16
1787457043.756,U',0,1,-,119.0,2123,3132,-15,2,0,1091,1090,-1,0,-1,675,674,-1,3,-7,3505,3506,1,2,3,1249,1250,1,0,-1,1236,1236,0,0,-16
1787457043.894,U,0,1,-,119.0,3134,2118,8,1,-4,1091,1090,-1,0,-1,675,674,-1,3,-7,3506,3505,-1,2,2,1249,1250,1,0,-1,1236,1236,0,0,-16
1787457044.031,U',0,1,-,119.0,2123,3132,-15,2,0,1091,1090,-1,0,-1,675,674,-1,3,-7,3505,3505,0,2,2,1249,1250,1,0,-1,1236,1236,0,0,-16
1787457044.169,U,0,1,-,119.0,3134,2119,9,1,-3,1091,1090,-1,0,-1,675,674,-1,3,-7,3505,3506,1,2,3,1250,1250,0,0,-1,1236,1236,0,0,-16
1787457044.307,U',0,1,-,119.0,2123,3132,-15,2,0,1091,1090,-1,0,-1,675,674,-1,3,-7,3505,3506,1,2,3,1250,1250,0,0,-1,1236,1236,0,0,-16
1787457044.445,U,0,1,-,119.0,3134,2119,9,1,-3,1091,1090,-1,0,-1,675,674,-1,3,-7,3505,3506,1,2,3,1249,1249,0,0,-2,1236,1236,0,0,-16
1787457044.582,U',0,1,-,119.0,2123,3132,-15,2,0,1091,1090,-1,0,-1,675,674,-1,3,-7,3505,3506,1,2,3,1249,1250,1,0,-1,1236,1236,0,0,-16
1787457044.719,U,0,1,-,119.0,3134,2119,9,1,-3,1091,1090,-1,0,-1,675,674,-1,3,-7,3505,3506,1,2,3,1249,1250,1,0,-1,1236,1236,0,0,-16
1787457044.858,U',0,1,-,119.0,2123,3132,-15,2,0,1091,1090,-1,0,-1,675,674,-1,3,-7,3505,3505,0,2,2,1249,1250,1,0,-1,1236,1236,0,0,-16
1787457044.994,U,0,1,-,119.0,3134,2118,8,1,-4,1091,1090,-1,0,-1,675,674,-1,3,-7,3505,3505,0,2,2,1249,1250,1,0,-1,1236,1236,0,0,-16
1787457045.129,U',0,1,-,119.0,2123,3132,-15,2,0,1091,1090,-1,0,-1,675,674,-1,3,-7,3506,3505,-1,2,2,1249,1250,1,0,-1,1236,1236,0,0,-16
1787457045.269,U,0,1,-,119.0,3134,2119,9,1,-3,1091,1090,-1,0,-1,675,674,-1,3,-7,3505,3505,0,2,2,1249,1250,1,0,-1,1236,1236,0,0,-16
1787457045.400,U',0,1,-,119.0,2123,3132,-15,2,0,1091,1090,-1,0,-1,675,674,-1,3,-7,3505,3506,1,2,3,1249,1250,1,0,-1,1236,1236,0,0,-16
1787457045.543,U,0,1,-,119.0,3134,2119,9,1,-3,1091,1090,-1,0,-1,675,674,-1,3,-7,3505,3505,0,2,2,1249,1250,1,0,-1,1236,1236,0,0,-16
1787457045.674,U',0,1,-,119.0,2123,3132,-15,2,0,1091,1090,-1,0,-1,675,674,-1,3,-7,3505,3505,0,2,2,1249,1250,1,0,-1,1236,1236,0,0,-16
1787457045.816,U,0,1,-,119.0,3134,2119,9,1,-3,1091,1090,-1,0,-1,675,674,-1,3,-7,3505,3505,0,2,2,1249,1249,0,0,-2,1236,1236,0,0,-16
1787457045.956,U',0,1,-,119.0,2123,3132,-15,2,0,1091,1090,-1,0,-1,675,674,-1,3,-7,3505,3505,0,2,2,1249,1250,1,0,-1,1236,1236,0,0,-16
1787457046.093,U,0,1,-,119.0,3134,2119,9,1,-3,1091,1090,-1,0,-1,675,674,-1,3,-7,3505,3505,0,2,2,1249,1250,1,0,-1,1236,1236,0,0,-16
1787457046.231,U',0,1,-,119.0,2123,3132,-15,2,0,1091,1090,-1,0,-1,675,674,-1,3,-7,3505,3505,0,2,2,1249,1250,1,0,-1,1236,1236,0,0,-16
1787457046.369,U,0,1,-,119.0,3134,2119,9,1,-3,1091,1090,-1,0,-1,675,674,-1,3,-7,3505,3505,0,2,2,1249,1250,1,0,-1,1236,1236,0,0,-16
1787457046.507,U',0,1,-,119.0,2123,3132,-15,2,0,1091,1090,-1,0,-1,675,674,-1,3,-7,3505,3505,0,2,2,1250,1250,0,0,-1,1236,1236,0,0,-16
1787457046.643,U,0,1,-,119.0,3134,2118,8,1,-4,1091,1090,-1,0,-1,675,674,-1,3,-7,3505,3506,1,2,3,1250,1250,0,0,-1,1236,1236,0,0,-16
1787457046.782,U',0,1,-,119.0,2123,3132,-15,2,0,1091,1090,-1,0,-1,675,674,-1,3,-7,3505,3506,1,2,3,1250,1249,-1,0,-2,1236,1236,0,0,-16
1787457046.918,U,0,1,-,119.0,3134,2119,9,1,-3,1091,1090,-1,0,-1,675,674,-1,3,-7,3505,3506,1,2,3,1250,1250,0,0,-1,1236,1236,0,0,-16
1787457047.056,U',0,1,-,119.0,2123,3132,-15,2,0,1091,1090,-1,0,-1,675,674,-1,3,-7,3506,3506,0,2,3,1249,1250,1,0,-1,1236,1236,0,0,-16
1787457047.187,U,0,1,-,119.0,3134,2119,9,1,-3,1091,1090,-1,0,-1,675,674,-1,3,-7,3505,3506,1,2,3,1249,1249,0,0,-2,1236,1236,0,0,-16
1787457047.320,U',0,1,-,119.0,2123,3132,-15,2,0,1091,1090,-1,0,-1,675,674,-1,3,-7,3505,3506,1,2,3,1249,1250,1,0,-1,1236,1236,0,0,-16
1787457047.469,U,0,1,-,119.0,3134,2118,8,1,-4,1090,1090,0,0,-1,675,674,-1,3,-7,3505,3506,1,2,3,1249,1250,1,0,-1,1236,1236,0,0,-16
1787457047.601,U',0,1,-,119.0,2123,3132,-15,2,0,1091,1090,-1,0,-1,675,674,-1,3,-7,3506,3505,-1,2,2,1249,1250,1,0,-1,1236,1236,0,0,-16
1787457047.735,U,0,1,-,119.0,3134,2119,9,1,-3,1091,1090,-1,0,-1,675,674,-1,3,-7,3505,3506,1,2,3,1249,1250,1,0,-1,1236,1236,0,0,-16
1787457047.881,U',0,1,-,119.0,2123,3132,-15,2,0,1091,1090,-1,0,-1,675,674,-1,3,-7,3505,3505,0,2,2,1249,1250,1,0,-1,1236,1236,0,0,-16
1787457048.018,U,0,1,-,119.0,3133,2119,10,1,-3,1091,1090,-1,0,-1,675,674,-1,3,-7,3505,3505,0,2,2,1249,1250,1,0,-1,1236,1236,0,0,-16
1787457048.155,U',0,1,-,119.0,2123,3132,-15,2,0,1091,1090,-1,0,-1,675,674,-1,3,-7,3505,3506,1,2,3,1249,1250,1,0,-1,1236,1236,0,0,-16
1787457048.293,U,0,1,-,119.0,3134,2119,9,1,-3,1091,1090,-1,0,-1,675,674,-1,3,-7,3505,3506,1,2,3,1249,1250,1,0,-1,1236,1236,0,0,-16
1787457048.432,U',0,1,-,119.0,2123,3132,-15,2,0,1091,1090,-1,0,-1,675,674,-1,3,-7,3505,3505,0,2,2,1249,1250,1,0,-1,1236,1236,0,0,-16
1787457048.568,U,0,1,-,119.0,3134,2119,9,1,-3,1091,1090,-1,0,-1,675,673,-2,3,-8,3505,3506,1,2,3,1249,1249,0,0,-2,1236,1236,0,0,-16
1787457048.706,U',0,1,-,119.0,2123,3132,-15,2,0,1091,1090,-1,0,-1,675,674,-1,3,-7,3505,3505,0,2,2,1249,1250,1,0,-1,1236,1236,0,0,-16
1787457048.844,U,0,1,-,119.0,3133,2119,10,1,-3,1091,1090,-1,0,-1,675,674,-1,3,-7,3505,3505,0,2,2,1249,1250,1,0,-1,1236,1236,0,0,-16
1787457048.981,U',0,1,-,119.0,2123,3132,-15,2,0,1091,1090,-1,0,-1,675,674,-1,3,-7,3505,3506,1,2,3,1249,1250,1,0,-1,1236,1236,0,0,-16
1787457049.118,U,0,1,-,119.0,3133,2119,10,1,-3,1091,1090,-1,0,-1,675,674,-1,3,-7,3506,3505,-1,2,2,1249,1249,0,0,-2,1236,1236,0,0,-16
1787457049.256,U',0,1,-,119.0,2123,3132,-15,2,0,1091,1090,-1,0,-1,675,674,-1,3,-7,3505,3506,1,2,3,1249,1250,1,0,-1,1236,1236,0,0,-16
1787457049.386,U,0,1,-,119.0,3134,2119,9,1,-3,1091,1090,-1,0,-1,675,674,-1,3,-7,3505,3506,1,2,3,1249,1250,1,0,-1,1236,1236,0,0,-16
1787457049.531,U',0,1,-,119.0,2122,3132,-14,2,0,1091,1090,-1,0,-1,675,674,-1,3,-7,3505,3505,0,2,2,1250,1250,0,0,-1,1236,1236,0,0,-16
1787457049.669,U,0,1,-,119.0,3134,2119,9,1,-3,1091,1090,-1,0,-1,675,674,-1,3,-7,3505,3505,0,2,2,1249,1250,1,0,-1,1236,1236,0,0,-16
1787457049.802,U',0,1,-,119.0,2123,3132,-15,2,0,1091,1090,-1,0,-1,675,674,-1,3,-7,3506,3505,-1,2,2,1249,1250,1,0,-1,1236,1236,0,0,-16
1787457049.943,U,0,1,-,119.0,3134,2119,9,1,-3,1091,1090,-1,0,-1,675,674,-1,3,-7,3506,3506,0,2,3,1249,1250,1,0,-1,1236,1236,0,0,-16
1787457050.081,U',0,1,-,119.0,2123,3132,-15,2,0,1091,1090,-1,0,-1,675,674,-1,3,-7,3505,3505,0,2,2,1249,1250,1,0,-1,1236,1236,0,0,-16
1787457050.217,U,0,1,-,119.0,3134,2119,9,1,-3,1091,1090,-1,0,-1,675,674,-1,3,-7,3505,3505,0,2,2,1250,1250,0,0,-1,1236,1236,0,0,-16
1787457050.355,U',0,1,-,119.0,2123,3132,-15,2,0,1091,1090,-1,0,-1,675,674,-1,3,-7,3505,3506,1,2,3,1249,1250,1,0,-1,1236,1236,0,0,-16
1787457050.494,U,0,1,-,119.0,3133,2119,10,1,-3,1091,1090,-1,0,-1,675,674,-1,3,-7,3505,3505,0,2,2,1249,1250,1,0,-1,1236,1236,0,0,-16
1787457050.630,U',0,1,-,119.0,2123,3132,-15,2,0,1091,1090,-1,0,-1,675,674,-1,3,-7,3506,3505,-1,2,2,1249,1250,1,0,-1,1236,1236,0,0,-16
1787457050.767,U,0,1,-,119.0,3135,2119,8,1,-3,1091,1090,-1,0,-1,675,674,-1,3,-7,3506,3505,-1,2,2,1249,1249,0,0,-2,1236,1236,0,0,-16
1787457050.905,U',0,1,-,119.0,2123,3132,-15,2,0,1091,1090,-1,0,-1,675,674,-1,3,-7,3505,3506,1,2,3,1249,1250,1,0,-1,1236,1236,0,0,-16
1787457051.044,U,0,1,-,119.0,3134,2118,8,1,-4,1091,1090,-1,0,-1,675,674,-1,3,-7,3505,3506,1,2,3,1249,1250,1,0,-1,1236,1236,0,0,-16
1787457051.180,U',0,1,-,119.0,2122,3132,-14,2,0,1091,1090,-1,0,-1,675,674,-1,3,-7,3505,3506,1,2,3,1249,1250,1,0,-1,1236,1236,0,0,-16
1787457051.318,U,0,1,-,119.0,3133,2119,10,1,-3,1091,1090,-1,0,-1,675,674,-1,3,-7,3506,3506,0,2,3,1250,1250,0,0,-1,1236,1236,0,0,-16
1787457051.456,U',0,1,-,119.0,2123,3132,-15,2,0,1091,1090,-1,0,-1,675,674,-1,3,-7,3505,3506,1,2,3,1249,1250,1,0,-1,1236,1236,0,0,-16
1787457051.593,U,0,1,-,119.0,3134,2119,9,1,-3,1091,1090,-1,0,-1,675,674,-1,3,-7,3505,3506,1,2,3,1249,1250,1,0,-1,1236,1236,0,0,-16
1787457051.731,U',0,1,-,119.0,2123,3132,-15,2,0,1091,1090,-1,0,-1,675,674,-1,3,-7,3505,3506,1,2,3,1249,1250,1,0,-1,1236,1236,0,0,-16
1787457051.869,U,0,1,-,119.0,3134,2118,8,1,-4,1091,1090,-1,0,-1,675,674,-1,3,-7,3505,3505,0,2,2,1249,1250,1,0,-1,1236,1236,0,0,-16
1787457052.006,U',0,1,-,119.0,2123,3132,-15,2,0,1091,1090,-1,0,-1,675,674,-1,3,-7,3505,3506,1,2,3,1249,1250,1,0,-1,1236,1236,0,0,-16
1787457052.135,U,0,1,-,119.0,3134,2119,9,1,-3,1091,1090,-1,0,-1,675,674,-1,3,-7,3505,3505,0,2,2,1250,1250,0,0,-1,1236,1236,0,0,-16
1787457052.270,U',0,1,-,119.0,2123,3132,-15,2,0,1091,1090,-1,0,-1,675,674,-1,3,-7,3505,3505,0,2,2,1249,1250,1,0,-1,1236,1236,0,0,-16
1787457052.453,U,0,1,-,119.0,3135,2118,7,1,-4,1091,1090,-1,0,-1,675,674,-1,3,-7,3505,3506,1,2,3,1249,1250,1,0,-1,1236,1236,0,0,-16
1787457052.588,U,0,1,-,119.0,2123,1099,0,0,-3,1091,1090,-1,0,-1,675,674,-1,3,-7,3505,3505,0,2,2,1250,1250,0,0,-1,1236,1236,0,0,-16
1787457052.735,U,0,1,-,119.0,1102,60,-18,3,-4,1091,1090,-1,0,-1,675,674,-1,3,-7,3505,3506,1,2,3,1250,1250,0,0,-1,1236,1236,0,0,-16
1787457052.873,U,0,1,-,119.0,63,3131,-4,2,-1,1091,1090,-1,0,-1,675,674,-1,3,-7,3505,3505,0,2,2,1250,1249,-1,0,-2,1236,1236,0,0,-16
1787457053.002,U,0,1,-,119.0,3134,2118,8,1,-4,1091,1090,-1,0,-1,675,674,-1,3,-7,3506,3505,-1,2,2,1249,1250,1,0,-1,1236,1236,0,0,-16
1787457053.147,U,0,1,-,119.0,2123,1099,0,0,-3,1091,1090,-1,0,-1,675,674,-1,3,-7,3505,3506,1,2,3,1250,1250,0,0,-1,1236,1236,0,0,-16
1787457053.286,U,0,1,-,119.0,1102,60,-18,3,-4,1091,1090,-1,0,-1,675,674,-1,3,-7,3505,3505,0,2,2,1249,1250,1,0,-1,1236,1236,0,0,-16
1787457053.423,U,0,1,-,119.0,64,3131,-5,2,-1,1091,1090,-1,0,-1,675,674,-1,3,-7,3505,3505,0,2,2,1249,1250,1,0,-1,1236,1236,0,0,-16
1787457053.561,U,0,1,-,119.0,3135,2119,8,1,-3,1091,1090,-1,0,-1,675,674,-1,3,-7,3505,3505,0,2,2,1249,1250,1,0,-1,1236,1236,0,0,-16
1787457053.698,U,0,1,-,119.0,2123,1099,0,0,-3,1091,1090,-1,0,-1,675,674,-1,3,-7,3505,3505,0,2,2,1249,1250,1,0,-1,1236,1236,0,0,-16
1787457053.836,U,0,1,-,119.0,1103,61,-18,3,-3,1091,1090,-1,0,-1,675,674,-1,3,-7,3505,3505,0,2,2,1249,1250,1,0,-1,1236,1236,0,0,-16
1787457053.973,U,0,1,-,119.0,65,3131,-6,2,-1,1091,1090,-1,0,-1,675,674,-1,3,-7,3505,3505,0,2,2,1250,1250,0,0,-1,1236,1236,0,0,-16
1787457054.102,U,0,1,-,119.0,3135,2118,7,1,-4,1091,1090,-1,0,-1,675,674,-1,3,-7,3505,3505,0,2,2,1249,1250,1,0,-1,1236,1236,0,0,-16
1787457054.237,U,0,1,-,119.0,2123,1099,0,0,-3,1091,1090,-1,0,-1,675,674,-1,3,-7,3505,3505,0,2,2,1249,1249,0,0,-2,1236,1236,0,0,-16
1787457054.391,U,0,1,-,119.0,1102,60,-18,3,-4,1091,1090,-1,0,-1,675,674,-1,3,-7,3505,3506,1,2,3,1249,1250,1,0,-1,1236,1236,0,0,-16
1787457054.523,U,0,1,-,119.0,64,3131,-5,2,-1,1091,1090,-1,0,-1,675,674,-1,3,-7,3505,3505,0,2,2,1249,1250,1,0,-1,1236,1236,0,0,-16
1787457054.661,U,0,1,-,119.0,3135,2119,8,1,-3,1091,1090,-1,0,-1,675,674,-1,3,-7,3505,3506,1,2,3,1249,1250,1,0,-1,1236,1236,0,0,-16
1787457054.797,U,0,1,-,119.0,2122,1099,1,0,-3,1091,1090,-1,0,-1,675,674,-1,3,-7,3505,3505,0,2,2,1250,1250,0,0,-1,1236,1236,0,0,-16
1787457054.936,U,0,1,-,119.0,1103,60,-19,3,-4,1091,1090,-1,0,-1,675,674,-1,3,-7,3506,3506,0,2,3,1250,1250,0,0,-1,1236,1236,0,0,-16
1787457055.073,U,0,1,-,119.0,64,3131,-5,2,-1,1091,1090,-1,0,-1,675,674,-1,3,-7,3505,3505,0,2,2,1249,1250,1,0,-1,1236,1236,0,0,-16
1787457055.210,U,0,1,-,119.0,3135,2119,8,1,-3,1091,1090,-1,0,-1,675,674,-1,3,-7,3505,3505,0,2,2,1249,1250,1,0,-1,1236,1236,0,0,-16
1787457055.348,U,0,1,-,119.0,2123,1099,0,0,-3,1091,1090,-1,0,-1,675,674,-1,3,-7,3505,3505,0,2,2,1249,1250,1,0,-1,1236,1236,0,0,-16
1787457055.485,U,0,1,-,119.0,1102,60,-18,3,-4,1091,1090,-1,0,-1,675,674,-1,3,-7,3505,3505,0,2,2,1249,1250,1,0,-1,1236,1236,0,0,-16
1787457055.623,U,0,1,-,119.0,64,3131,-5,2,-1,1091,1090,-1,0,-1,675,674,-1,3,-7,3505,3506,1,2,3,1249,1250,1,0,-1,1236,1236,0,0,-16
1787457055.760,U,0,1,-,119.0,3135,2119,8,1,-3,1091,1090,-1,0,-1,675,674,-1,3,-7,3505,3506,1,2,3,1249,1250,1,0,-1,1236,1236,0,0,-16
1787457055.898,U,0,1,-,119.0,2123,1099,0,0,-3,1091,1090,-1,0,-1,675,674,-1,3,-7,3505,3506,1,2,3,1249,1250,1,0,-1,1236,1236,0,0,-16
1787457056.036,U,0,1,-,119.0,1103,61,-18,3,-3,1091,1090,-1,0,-1,675,674,-1,3,-7,3505,3505,0,2,2,1249,1250,1,0,-1,1236,1236,0,0,-16
1787457056.169,U,0,1,-,119.0,64,3132,-4,2,0,1091,1090,-1,0,-1,675,674,-1,3,-7,3505,3506,1,2,3,1249,1250,1,0,-1,1236,1236,0,0,-16
1787457056.310,U,0,1,-,119.0,3135,2119,8,1,-3,1091,1090,-1,0,-1,675,674,-1,3,-7,3505,3506,1,2,3,1249,1250,1,0,-1,1236,1236,0,0,-16
1787457056.447,U,0,1,-,119.0,2123,1099,0,0,-3,1091,1090,-1,0,-1,675,673,-2,3,-8,3505,3505,0,2,2,1249,1250,1,0,-1,1236,1236,0,0,-16
1787457056.584,U,0,1,-,119.0,1102,60,-18,3,-4,1091,1090,-1,0,-1,675,674,-1,3,-7,3505,3506,1,2,3,1249,1250,1,0,-1,1236,1236,0,0,-16
1787457056.720,U,0,1,-,119.0,64,3131,-5,2,-1,1091,1090,-1,0,-1,675,674,-1,3,-7,3505,3506,1,2,3,1249,1250,1,0,-1,1236,1236,0,0,-16
1787457056.860,U,0,1,-,119.0,3135,2118,7,1,-4,1091,1090,-1,0,-1,675,674,-1,3,-7,3505,3505,0,2,2,1249,1250,1,0,-1,1236,1236,0,0,-16
1787457056.990,U,0,1,-,119.0,2123,1099,0,0,-3,1091,1090,-1,0,-1,675,674,-1,3,-7,3505,3506,1,2,3,1249,1250,1,0,-1,1236,1236,0,0,-16
1787457057.134,U,0,1,-,119.0,1103,60,-19,3,-4,1091,1090,-1,0,-1,675,674,-1,3,-7,3505,3506,1,2,3,1249,1250,1,0,-1,1236,1236,0,0,-16
1787457057.265,U,0,1,-,119.0,64,3131,-5,2,-1,1091,1090,-1,0,-1,675,674,-1,3,-7,3505,3506,1,2,3,1249,1250,1,0,-1,1236,1236,0,0,-16
1787457057.409,U,0,1,-,119.0,3135,2119,8,1,-3,1091,1090,-1,0,-1,675,674,-1,3,-7,3505,3505,0,2,2,1249,1250,1,0,-1,1236,1236,0,0,-16
1787457057.548,U,0,1,-,119.0,2123,1099,0,0,-3,1091,1090,-1,0,-1,675,674,-1,3,-7,3505,3506,1,2,3,1250,1250,0,0,-1,1236,1236,0,0,-16
1787457057.685,U,0,1,-,119.0,1103,60,-19,3,-4,1091,1090,-1,0,-1,675,674,-1,3,-7,3505,3506,1,2,3,1249,1250,1,0,-1,1236,1236,0,0,-16
1787457057.822,U,0,1,-,119.0,64,3131,-5,2,-1,1091,1090,-1,0,-1,675,674,-1,3,-7,3506,3506,0,2,3,1249,1250,1,0,-1,1236,1236,0,0,-16
1787457057.960,U,0,1,-,119.0,3135,2119,8,1,-3,1091,1090,-1,0,-1,675,674,-1,3,-7,3505,3506,1,2,3,1249,1250,1,0,-1,1236,1236,0,0,-16
1787457058.098,U,0,1,-,119.0,2123,1099,0,0,-3,1091,1090,-1,0,-1,675,674,-1,3,-7,3505,3505,0,2,2,1249,1250,1,0,-1,1236,1236,0,0,-16
1787457058.235,U,0,1,-,119.0,1103,60,-19,3,-4,1091,1090,-1,0,-1,675,674,-1,3,-7,3505,3505,0,2,2,1249,1250,1,0,-1,1236,1236,0,0,-16
1787457058.369,U,0,1,-,119.0,65,3131,-6,2,-1,1091,1090,-1,0,-1,675,674,-1,3,-7,3505,3505,0,2,2,1249,1250,1,0,-1,1236,1236,0,0,-16
1787457058.509,U,0,1,-,119.0,3135,2119,8,1,-3,1091,1090,-1,0,-1,675,674,-1,3,-7,3505,3506,1,2,3,1250,1250,0,0,-1,1236,1236,0,0,-16
1787457058.646,U,0,1,-,119.0,2123,1099,0,0,-3,1091,1090,-1,0,-1,675,674,-1,3,-7,3505,3505,0,2,2,1249,1250,1,0,-1,1236,1236,0,0,-16
1787457058.784,U,0,1,-,119.0,1103,60,-19,3,-4,1091,1090,-1,0,-1,675,674,-1,3,-7,3505,3505,0,2,2,1250,1250,0,0,-1,1236,1236,0,0,-16
1787457058.923,U,0,1,-,119.0,65,3131,-6,2,-1,1091,1090,-1,0,-1,675,674,-1,3,-7,3505,3505,0,2,2,1249,1250,1,0,-1,1236,1236,0,0,-16
1787457059.060,U,0,1,-,119.0,3135,2119,8,1,-3,1091,1090,-1,0,-1,675,674,-1,3,-7,3505,3505,0,2,2,1249,1249,0,0,-2,1236,1236,0,0,-16
1787457059.190,U,0,1,-,119.0,2123,1098,-1,0,-4,1091,1090,-1,0,-1,675,674,-1,3,-7,3505,3505,0,2,2,1249,1249,0,0,-2,1236,1236,0,0,-16
1787457059.335,U,0,1,-,119.0,1103,60,-19,3,-4,1091,1090,-1,0,-1,675,674,-1,3,-7,3506,3505,-1,2,2,1250,1250,0,0,-1,1236,1236,0,0,-16
1787457059.472,U,0,1,-,119.0,65,3131,-6,2,-1,1091,1090,-1,0,-1,675,674,-1,3,-7,3506,3505,-1,2,2,1249,1250,1,0,-1,1236,1236,0,0,-16
1787457059.609,U,0,1,-,119.0,3135,2119,8,1,-3,1091,1090,-1,0,-1,675,674,-1,3,-7,3505,3506,1,2,3,1249,1249,0,0,-2,1236,1236,0,0,-16
1787457059.747,U,0,1,-,119.0,2123,1099,0,0,-3,1091,1090,-1,0,-1,675,674,-1,3,-7,3505,3505,0,2,2,1249,1250,1,0,-1,1236,1236,0,0,-16
1787457059.885,U,0,1,-,119.0,1102,60,-18,3,-4,1091,1090,-1,0,-1,675,674,-1,3,-7,3505,3506,1,2,3,1249,1250,1,0,-1,1236,1236,0,0,-16
1787457060.023,U,0,1,-,119.0,65,3131,-6,2,-1,1091,1090,-1,0,-1,675,674,-1,3,-7,3505,3506,1,2,3,1249,1250,1,0,-1,1236,1236,0,0,-16
1787457060.160,U,0,1,-,119.0,3135,2119,8,1,-3,1091,1090,-1,0,-1,675,674,-1,3,-7,3505,3506,1,2,3,1249,1249,0,0,-2,1236,1236,0,0,-16
1787457060.297,U,0,1,-,119.0,2123,1099,0,0,-3,1091,1090,-1,0,-1,675,674,-1,3,-7,3505,3505,0,2,2,1250,1250,0,0,-1,1236,1236,0,0,-16
1787457060.435,U,0,1,-,119.0,1103,60,-19,3,-4,1091,1090,-1,0,-1,675,674,-1,3,-7,3505,3505,0,2,2,1249,1250,1,0,-1,1236,1236,0,0,-16
1787457060.569,U,0,1,-,119.0,65,3131,-6,2,-1,1091,1090,-1,0,-1,675,674,-1,3,-7,3505,3506,1,2,3,1249,1250,1,0,-1,1236,1236,0,0,-16
1787457060.703,U,0,1,-,119.0,3135,2119,8,1,-3,1091,1090,-1,0,-1,675,674,-1,3,-7,3505,3505,0,2,2,1249,1250,1,0,-1,1236,1236,0,0,-16
1787457060.847,U,0,1,-,119.0,2123,1099,0,0,-3,1091,1090,-1,0,-1,675,674,-1,3,-7,3505,3506,1,2,3,1249,1250,1,0,-1,1236,1236,0,0,-16
1787457060.985,U,0,1,-,119.0,1103,60,-19,3,-4,1091,1090,-1,0,-1,675,674,-1,3,-7,3505,3506,1,2,3,1249,1250,1,0,-1,1236,1236,0,0,-16
1787457061.122,U,0,1,-,119.0,64,3131,-5,2,-1,1091,1090,-1,0,-1,675,674,-1,3,-7,3505,3505,0,2,2,1249,1250,1,0,-1,1236,1236,0,0,-16
1787457061.259,U,0,1,-,119.0,3135,2118,7,1,-4,1091,1090,-1,0,-1,675,674,-1,3,-7,3505,3506,1,2,3,1250,1250,0,0,-1,1236,1236,0,0,-16
1787457061.397,U,0,1,-,119.0,2123,1099,0,0,-3,1091,1090,-1,0,-1,675,674,-1,3,-7,3505,3505,0,2,2,1249,1250,1,0,-1,1236,1236,0,0,-16
1787457061.535,U,0,1,-,119.0,1103,60,-19,3,-4,1091,1090,-1,0,-1,675,674,-1,3,-7,3505,3505,0,2,2,1249,1249,0,0,-2,1236,1236,0,0,-16
1787457061.672,U,0,1,-,119.0,65,3131,-6,2,-1,1091,1090,-1,0,-1,675,674,-1,3,-7,3505,3506,1,2,3,1250,1250,0,0,-1,1236,1236,0,0,-16
1787457061.806,U,0,1,-,119.0,3135,2119,8,1,-3,1091,1090,-1,0,-1,675,674,-1,3,-7,3505,3505,0,2,2,1249,1249,0,0,-2,1236,1236,0,0,-16
1787457061.946,U,0,1,-,119.0,2123,1099,0,0,-3,1091,1090,-1,0,-1,675,674,-1,3,-7,3505,3505,0,2,2,1249,1250,1,0,-1,1236,1236,0,0,-16
1787457062.083,U,0,1,-,119.0,1102,60,-18,3,-4,1091,1090,-1,0,-1,675,674,-1,3,-7,3505,3505,0,2,2,1249,1249,0,0,-2,1236,1236,0,0,-16
1787457062.216,U,0,1,-,119.0,65,3131,-6,2,-1,1091,1090,-1,0,-1,675,674,-1,3,-7,3505,3506,1,2,3,1249,1249,0,0,-2,1236,1235,-1,0,-17
1787457062.352,U,0,1,-,119.0,3135,2119,8,1,-3,1091,1090,-1,0,-1,675,674,-1,3,-7,3505,3505,0,2,2,1249,1250,1,0,-1,1236,1236,0,0,-16
1787457062.497,U,0,1,-,119.0,2123,1099,0,0,-3,1091,1090,-1,0,-1,675,674,-1,3,-7,3505,3505,0,2,2,1249,1250,1,0,-1,1236,1236,0,0,-16
1787457062.635,U,0,1,-,119.0,1103,61,-18,3,-3,1091,1090,-1,0,-1,675,674,-1,3,-7,3506,3505,-1,2,2,1249,1250,1,0,-1,1236,1236,0,0,-16
1787457062.773,U,0,1,-,119.0,64,3131,-5,2,-1,1091,1090,-1,0,-1,675,674,-1,3,-7,3505,3505,0,2,2,1249,1250,1,0,-1,1236,1236,0,0,-16
1787457062.910,U,0,1,-,119.0,3135,2119,8,1,-3,1091,1091,0,0,0,675,674,-1,3,-7,3505,3506,1,2,3,1249,1250,1,0,-1,1236,1236,0,0,-16
1787457063.047,U,0,1,-,119.0,2123,1099,0,0,-3,1091,1090,-1,0,-1,675,674,-1,3,-7,3506,3505,-1,2,2,1249,1250,1,0,-1,1236,1236,0,0,-16
1787457063.178,U,0,1,-,119.0,1102,60,-18,3,-4,1091,1090,-1,0,-1,675,674,-1,3,-7,3505,3506,1,2,3,1249,1250,1,0,-1,1236,1236,0,0,-16
1787457063.318,U,0,1,-,119.0,64,3131,-5,2,-1,1091,1090,-1,0,-1,675,674,-1,3,-7,3505,3505,0,2,2,1249,1250,1,0,-1,1236,1236,0,0,-16
1787457063.453,U,0,1,-,119.0,3135,2119,8,1,-3,1091,1090,-1,0,-1,675,674,-1,3,-7,3505,3506,1,2,3,1249,1250,1,0,-1,1236,1236,0,0,-16
1787457063.597,U,0,1,-,119.0,2123,1099,0,0,-3,1091,1090,-1,0,-1,675,674,-1,3,-7,3505,3506,1,2,3,1249,1249,0,0,-2,1236,1236,0,0,-16
1787457063.734,U,0,1,-,119.0,1103,60,-19,3,-4,1091,1090,-1,0,-1,675,674,-1,3,-7,3506,3505,-1,2,2,1250,1250,0,0,-1,1236,1236,0,0,-16
1787457063.868,U,0,1,-,119.0,64,3131,-5,2,-1,1091,1090,-1,0,-1,675,674,-1,3,-7,3505,3506,1,2,3,1249,1250,1,0,-1,1236,1236,0,0,-16
1787457064.010,U,0,1,-,119.0,3135,2119,8,1,-3,1091,1090,-1,0,-1,675,674,-1,3,-7,3506,3506,0,2,3,1250,1250,0,0,-1,1236,1235,-1,0,-17
1787457064.148,U,0,1,-,119.0,2123,1098,-1,0,-4,1091,1090,-1,0,-1,675,674,-1,3,-7,3505,3505,0,2,2,1249,1250,1,0,-1,1236,1236,0,0,-16
1787457064.283,U,0,1,-,119.0,1103,60,-19,3,-4,1091,1090,-1,0,-1,675,674,-1,3,-7,3505,3506,1,2,3,1249,1250,1,0,-1,1236,1236,0,0,-16
1787457064.421,U,0,1,-,119.0,64,3131,-5,2,-1,1091,1090,-1,0,-1,675,674,-1,3,-7,3505,3506,1,2,3,1249,1250,1,0,-1,1236,1236,0,0,-16
1787457064.559,U,0,1,-,119.0,3135,2119,8,1,-3,1091,1090,-1,0,-1,675,674,-1,3,-7,3505,3505,0,2,2,1250,1250,0,0,-1,1236,1236,0,0,-16
1787457064.698,U,0,1,-,119.0,2123,1099,0,0,-3,1091,1090,-1,0,-1,675,674,-1,3,-7,3505,3505,0,2,2,1249,1250,1,0,-1,1236,1236,0,0,-16
1787457064.835,U,0,1,-,119.0,1103,60,-19,3,-4,1091,1090,-1,0,-1,675,674,-1,3,-7,3505,3505,0,2,2,1249,1249,0,0,-2,1236,1236,0,0,-16
1787457064.972,U,0,1,-,119.0,64,3131,-5,2,-1,1091,1090,-1,0,-1,675,674,-1,3,-7,3505,3506,1,2,3,1249,1250,1,0,-1,1236,1236,0,0,-16
1787457065.110,U,0,1,-,119.0,3135,2119,8,1,-3,1091,1090,-1,0,-1,675,674,-1,3,-7,3505,3505,0,2,2,1249,1250,1,0,-1,1236,1236,0,0,-16
1787457065.247,U,0,1,-,119.0,2123,1099,0,0,-3,1091,1090,-1,0,-1,675,674,-1,3,-7,3505,3505,0,2,2,1249,1250,1,0,-1,1236,1236,0,0,-16
1787457065.384,U,0,1,-,119.0,1102,60,-18,3,-4,1091,1090,-1,0,-1,675,674,-1,3,-7,3505,3506,1,2,3,1249,1250,1,0,-1,1236,1236,0,0,-16
1787457065.519,U,0,1,-,119.0,65,3131,-6,2,-1,1091,1090,-1,0,-1,675,674,-1,3,-7,3505,3505,0,2,2,1249,1250,1,0,-1,1236,1236,0,0,-16
1787457065.653,U,0,1,-,119.0,3135,2118,7,1,-4,1091,1090,-1,0,-1,675,674,-1,3,-7,3506,3506,0,2,3,1249,1250,1,0,-1,1236,1236,0,0,-16
1787457065.798,U,0,1,-,119.0,2123,1099,0,0,-3,1091,1090,-1,0,-1,675,674,-1,3,-7,3505,3505,0,2,2,1249,1250,1,0,-1,1236,1236,0,0,-16
1787457065.935,U,0,1,-,119.0,1103,60,-19,3,-4,1090,1090,0,0,-1,675,674,-1,3,-7,3505,3505,0,2,2,1250,1249,-1,0,-2,1236,1236,0,0,-16
1787457066.071,U,0,1,-,119.0,64,3131,-5,2,-1,1091,1090,-1,0,-1,675,674,-1,3,-7,3505,3506,1,2,3,1249,1250,1,0,-1,1236,1236,0,0,-16
1787457066.208,U,0,1,-,119.0,3135,2119,8,1,-3,1091,1090,-1,0,-1,675,674,-1,3,-7,3505,3506,1,2,3,1249,1250,1,0,-1,1236,1236,0,0,-16
1787457066.346,U,0,1,-,119.0,2123,1099,0,0,-3,1091,1090,-1,0,-1,675,674,-1,3,-7,3505,3505,0,2,2,1249,1250,1,0,-1,1236,1236,0,0,-16
1787457066.485,U,0,1,-,119.0,1103,60,-19,3,-4,1091,1090,-1,0,-1,675,674,-1,3,-7,3505,3506,1,2,3,1249,1250,1,0,-1,1236,1236,0,0,-16
1787457066.622,U,0,1,-,119.0,64,3131,-5,2,-1,1091,1090,-1,0,-1,675,674,-1,3,-7,3505,3506,1,2,3,1249,1250,1,0,-1,1236,1236,0,0,-16
1787457066.759,U,0,1,-,119.0,3135,2119,8,1,-3,1091,1090,-1,0,-1,675,674,-1,3,-7,3505,3506,1,2,3,1249,1250,1,0,-1,1236,1236,0,0,-16
1787457066.897,U,0,1,-,119.0,2123,1098,-1,0,-4,1091,1090,-1,0,-1,675,674,-1,3,-7,3505,3505,0,2,2,1249,1250,1,0,-1,1236,1236,0,0,-16
1787457067.035,U,0,1,-,119.0,1103,60,-19,3,-4,1091,1090,-1,0,-1,675,674,-1,3,-7,3505,3505,0,2,2,1249,1250,1,0,-1,1236,1236,0,0,-16
1787457067.172,U,0,1,-,119.0,64,3131,-5,2,-1,1091,1090,-1,0,-1,675,674,-1,3,-7,3505,3506,1,2,3,1250,1250,0,0,-1,1236,1236,0,0,-16
1787457067.307,U,0,1,-,119.0,3135,2119,8,1,-3,1091,1090,-1,0,-1,675,674,-1,3,-7,3505,3505,0,2,2,1250,1250,0,0,-1,1236,1236,0,0,-16
1787457067.447,U,0,1,-,119.0,2123,1099,0,0,-3,1091,1090,-1,0,-1,675,674,-1,3,-7,3505,3506,1,2,3,1249,1250,1,0,-1,1236,1236,0,0,-16
1787457067.584,U,0,1,-,119.0,1103,60,-19,3,-4,1091,1090,-1,0,-1,675,674,-1,3,-7,3506,3506,0,2,3,1249,1250,1,0,-1,1236,1236,0,0,-16
1787457067.722,U,0,1,-,119.0,65,3131,-6,2,-1,1091,1090,-1,0,-1,675,674,-1,3,-7,3505,3506,1,2,3,1249,1250,1,0,-1,1236,1236,0,0,-16
1787457067.860,U,0,1,-,119.0,3135,2119,8,1,-3,1091,1090,-1,0,-1,675,674,-1,3,-7,3505,3506,1,2,3,1249,1250,1,0,-1,1236,1236,0,0,-16
1787457067.994,U,0,1,-,119.0,2123,1099,0,0,-3,1091,1090,-1,0,-1,675,674,-1,3,-7,3505,3505,0,2,2,1249,1250,1,0,-1,1236,1236,0,0,-16
1787457068.134,U,0,1,-,119.0,1103,61,-18,3,-3,1091,1090,-1,0,-1,675,674,-1,3,-7,3506,3505,-1,2,2,1249,1250,1,0,-1,1236,1236,0,0,-16
1787457068.269,U,0,1,-,119.0,64,3131,-5,2,-1,1091,1090,-1,0,-1,675,674,-1,3,-7,3505,3505,0,2,2,1249,1250,1,0,-1,1236,1236,0,0,-16
1787457068.402,U,0,1,-,119.0,3135,2119,8,1,-3,1091,1090,-1,0,-1,675,674,-1,3,-7,3505,3505,0,2,2,1249,1250,1,0,-1,1236,1236,0,0,-16
1787457068.539,U,0,1,-,119.0,2123,1099,0,0,-3,1091,1090,-1,0,-1,675,674,-1,3,-7,3505,3505,0,2,2,1249,1250,1,0,-1,1236,1236,0,0,-16
1787457068.683,U,0,1,-,119.0,1102,60,-18,3,-4,1091,1090,-1,0,-1,675,674,-1,3,-7,3505,3506,1,2,3,1249,1250,1,0,-1,1236,1236,0,0,-16
1787457068.822,U,0,1,-,119.0,65,3131,-6,2,-1,1091,1090,-1,0,-1,675,674,-1,3,-7,3505,3506,1,2,3,1249,1250,1,0,-1,1236,1236,0,0,-16
1787457068.959,U,0,1,-,119.0,3135,2119,8,1,-3,1091,1090,-1,0,-1,675,674,-1,3,-7,3505,3506,1,2,3,1249,1250,1,0,-1,1236,1236,0,0,-16
1787457069.093,U,0,1,-,119.0,2123,1099,0,0,-3,1091,1090,-1,0,-1,675,674,-1,3,-7,3505,3506,1,2,3,1249,1250,1,0,-1,1236,1236,0,0,-16
1787457069.233,U,0,1,-,119.0,1102,60,-18,3,-4,1091,1090,-1,0,-1,675,674,-1,3,-7,3505,3505,0,2,2,1249,1250,1,0,-1,1236,1236,0,0,-16
1787457069.367,U,0,1,-,119.0,64,3131,-5,2,-1,1091,1090,-1,0,-1,675,674,-1,3,-7,3505,3506,1,2,3,1249,1249,0,0,-2,1236,1236,0,0,-16
1787457069.508,U,0,1,-,119.0,3135,2119,8,1,-3,1091,1090,-1,0,-1,675,674,-1,3,-7,3505,3505,0,2,2,1249,1250,1,0,-1,1236,1236,0,0,-16
1787457069.647,U,0,1,-,119.0,2123,1099,0,0,-3,1091,1090,-1,0,-1,675,674,-1,3,-7,3505,3506,1,2,3,1249,1250,1,0,-1,1236,1236,0,0,-16
1787457069.784,U,0,1,-,119.0,1103,60,-19,3,-4,1091,1090,-1,0,-1,675,673,-2,3,-8,3505,3506,1,2,3,1250,1249,-1,0,-2,1236,1236,0,0,-16
1787457069.922,U,0,1,-,119.0,64,3131,-5,2,-1,1091,1090,-1,0,-1,675,674,-1,3,-7,3505,3506,1,2,3,1250,1250,0,0,-1,1236,1236,0,0,-16
1787457070.060,U,0,1,-,119.0,3135,2119,8,1,-3,1091,1090,-1,0,-1,675,674,-1,3,-7,3505,3506,1,2,3,1249,1250,1,0,-1,1236,1236,0,0,-16
1787457070.197,U,0,1,-,119.0,2123,1099,0,0,-3,1091,1090,-1,0,-1,675,674,-1,3,-7,3505,3506,1,2,3,1249,1250,1,0,-1,1236,1236,0,0,-16
1787457070.332,U,0,1,-,119.0,1102,60,-18,3,-4,1091,1090,-1,0,-1,675,674,-1,3,-7,3505,3506,1,2,3,1249,1250,1,0,-1,1236,1236,0,0,-16
1787457070.469,U,0,1,-,119.0,65,3130,-7,2,-2,1091,1090,-1,0,-1,675,674,-1,3,-7,3505,3506,1,2,3,1249,1250,1,0,-1,1236,1235,-1,0,-17
1787457070.603,U,0,1,-,119.0,3135,2119,8,1,-3,1091,1090,-1,0,-1,675,674,-1,3,-7,3505,3505,0,2,2,1249,1250,1,0,-1,1236,1236,0,0,-16
1787457070.742,U,0,1,-,119.0,2123,1099,0,0,-3,1091,1090,-1,0,-1,675,674,-1,3,-7,3505,3506,1,2,3,1249,1250,1,0,-1,1236,1236,0,0,-16
1787457070.883,U,0,1,-,119.0,1103,60,-19,3,-4,1091,1090,-1,0,-1,675,674,-1,3,-7,3505,3505,0,2,2,1250,1250,0,0,-1,1236,1236,0,0,-16
1787457071.022,U,0,1,-,119.0,65,3131,-6,2,-1,1091,1091,0,0,0,675,674,-1,3,-7,3505,3506,1,2,3,1249,1250,1,0,-1,1236,1236,0,0,-16
1787457071.159,U,0,1,-,119.0,3135,2119,8,1,-3,1091,1090,-1,0,-1,675,674,-1,3,-7,3505,3505,0,2,2,1249,1250,1,0,-1,1236,1236,0,0,-16
1787457071.296,U,0,1,-,119.0,2123,1099,0,0,-3,1091,1090,-1,0,-1,675,674,-1,3,-7,3505,3506,1,2,3,1250,1250,0,0,-1,1236,1236,0,0,-16
1787457071.433,U,0,1,-,119.0,1103,60,-19,3,-4,1091,1090,-1,0,-1,675,674,-1,3,-7,3505,3506,1,2,3,1249,1250,1,0,-1,1236,1236,0,0,-16
1787457071.567,U,0,1,-,119.0,65,3131,-6,2,-1,1091,1090,-1,0,-1,675,674,-1,3,-7,3505,3505,0,2,2,1249,1250,1,0,-1,1236,1236,0,0,-16
1787457071.709,U,0,1,-,119.0,3135,2119,8,1,-3,1091,1090,-1,0,-1,675,674,-1,3,-7,3505,3505,0,2,2,1249,1250,1,0,-1,1236,1236,0,0,-16
1787457071.847,U,0,1,-,119.0,2123,1099,0,0,-3,1091,1090,-1,0,-1,675,674,-1,3,-7,3505,3506,1,2,3,1250,1250,0,0,-1,1236,1236,0,0,-16
1787457071.984,U,0,1,-,119.0,1103,60,-19,3,-4,1091,1090,-1,0,-1,675,674,-1,3,-7,3505,3505,0,2,2,1250,1250,0,0,-1,1236,1236,0,0,-16
1787457072.122,U,0,1,-,119.0,64,3131,-5,2,-1,1091,1090,-1,0,-1,675,674,-1,3,-7,3505,3506,1,2,3,1249,1250,1,0,-1,1236,1236,0,0,-16
1787457072.257,U,0,1,-,119.0,3135,2118,7,1,-4,1091,1090,-1,0,-1,675,674,-1,3,-7,3505,3506,1,2,3,1249,1250,1,0,-1,1236,1236,0,0,-16
1787457072.397,U,0,1,-,119.0,2123,1099,0,0,-3,1091,1090,-1,0,-1,675,674,-1,3,-7,3505,3506,1,2,3,1250,1250,0,0,-1,1236,1236,0,0,-16
1787457072.534,U,0,1,-,119.0,1103,60,-19,3,-4,1090,1090,0,0,-1,675,674,-1,3,-7,3505,3506,1,2,3,1249,1250,1,0,-1,1236,1236,0,0,-16
1787457072.672,U,0,1,-,119.0,65,3131,-6,2,-1,1091,1090,-1,0,-1,675,674,-1,3,-7,3505,3505,0,2,2,1249,1250,1,0,-1,1236,1236,0,0,-16
1787457072.802,U,0,1,-,119.0,3135,2118,7,1,-4,1091,1090,-1,0,-1,675,674,-1,3,-7,3505,3505,0,2,2,1249,1250,1,0,-1,1236,1236,0,0,-16
1787457072.946,U,0,1,-,119.0,2123,1099,0,0,-3,1091,1090,-1,0,-1,675,674,-1,3,-7,3506,3505,-1,2,2,1249,1250,1,0,-1,1236,1236,0,0,-16
1787457073.084,U,0,1,-,119.0,1103,60,-19,3,-4,1091,1090,-1,0,-1,675,674,-1,3,-7,3505,3506,1,2,3,1249,1250,1,0,-1,1236,1236,0,0,-16
1787457073.219,U,0,1,-,119.0,64,3131,-5,2,-1,1091,1090,-1,0,-1,675,674,-1,3,-7,3505,3506,1,2,3,1249,1250,1,0,-1,1236,1236,0,0,-16
1787457073.352,U,0,1,-,119.0,3135,2119,8,1,-3,1091,1090,-1,0,-1,675,674,-1,3,-7,3505,3505,0,2,2,1249,1250,1,0,-1,1236,1236,0,0,-16
1787457073.485,U,0,1,-,119.0,2123,1099,0,0,-3,1091,1090,-1,0,-1,675,674,-1,3,-7,3505,3505,0,2,2,1249,1250,1,0,-1,1236,1236,0,0,-16
1787457073.633,U,0,1,-,119.0,1103,60,-19,3,-4,1091,1090,-1,0,-1,675,674,-1,3,-7,3505,3505,0,2,2,1249,1250,1,0,-1,1236,1236,0,0,-16
1787457073.768,U,0,1,-,119.0,64,3131,-5,2,-1,1091,1090,-1,0,-1,675,674,-1,3,-7,3505,3506,1,2,3,1249,1250,1,0,-1,1236,1236,0,0,-16
1787457073.909,U,0,1,-,119.0,3135,2119,8,1,-3,1091,1090,-1,0,-1,675,674,-1,3,-7,3506,3505,-1,2,2,1249,1250,1,0,-1,1236,1236,0,0,-16
1787457074.045,U,0,1,-,119.0,2123,1099,0,0,-3,1091,1090,-1,0,-1,675,674,-1,3,-7,3505,3506,1,2,3,1249,1250,1,0,-1,1236,1236,0,0,-16
1787457074.183,U,0,1,-,119.0,1103,60,-19,3,-4,1091,1090,-1,0,-1,675,674,-1,3,-7,3505,3506,1,2,3,1249,1250,1,0,-1,1236,1236,0,0,-16
1787457074.321,U,0,1,-,119.0,64,3131,-5,2,-1,1091,1090,-1,0,-1,675,674,-1,3,-7,3505,3506,1,2,3,1249,1250,1,0,-1,1236,1236,0,0,-16
1787457074.458,U,0,1,-,119.0,3135,2119,8,1,-3,1091,1090,-1,0,-1,675,674,-1,3,-7,3505,3506,1,2,3,1250,1250,0,0,-1,1236,1236,0,0,-16
1787457074.595,U,0,1,-,119.0,2123,1099,0,0,-3,1091,1090,-1,0,-1,675,674,-1,3,-7,3505,3506,1,2,3,1249,1250,1,0,-1,1236,1236,0,0,-16
1787457074.734,U,0,1,-,119.0,1103,60,-19,3,-4,1091,1090,-1,0,-1,675,674,-1,3,-7,3506,3506,0,2,3,1249,1250,1,0,-1,1236,1236,0,0,-16
1787457074.872,U,0,1,-,119.0,64,3131,-5,2,-1,1091,1090,-1,0,-1,675,674,-1,3,-7,3505,3506,1,2,3,1249,1249,0,0,-2,1236,1236,0,0,-16
1787457075.007,U,0,1,-,119.0,3135,2119,8,1,-3,1091,1090,-1,0,-1,675,674,-1,3,-7,3505,3506,1,2,3,1249,1250,1,0,-1,1236,1236,0,0,-16
1787457075.147,U,0,1,-,119.0,2123,1099,0,0,-3,1091,1090,-1,0,-1,675,674,-1,3,-7,3506,3506,0,2,3,1249,1250,1,0,-1,1236,1236,0,0,-16
1787457075.284,U,0,1,-,119.0,1103,60,-19,3,-4,1091,1090,-1,0,-1,675,674,-1,3,-7,3505,3505,0,2,2,1249,1250,1,0,-1,1236,1236,0,0,-16
1787457075.420,U,0,1,-,119.0,65,3131,-6,2,-1,1091,1090,-1,0,-1,675,674,-1,3,-7,3505,3505,0,2,2,1249,1250,1,0,-1,1236,1236,0,0,-16
1787457075.557,U,0,1,-,119.0,3135,2118,7,1,-4,1091,1090,-1,0,-1,675,674,-1,3,-7,3505,3506,1,2,3,1249,1250,1,0,-1,1236,1236,0,0,-16
1787457075.685,U,0,1,-,119.0,2123,1099,0,0,-3,1091,1090,-1,0,-1,675,674,-1,3,-7,3505,3505,0,2,2,1249,1250,1,0,-1,1236,1236,0,0,-16
1787457075.834,U,0,1,-,119.0,1103,60,-19,3,-4,1091,1090,-1,0,-1,675,674,-1,3,-7,3505,3506,1,2,3,1249,1250,1,0,-1,1236,1236,0,0,-16
1787457075.971,U,0,1,-,119.0,65,3131,-6,2,-1,1091,1090,-1,0,-1,675,674,-1,3,-7,3505,3505,0,2,2,1250,1249,-1,0,-2,1236,1236,0,0,-16
1787457076.108,U,0,1,-,119.0,3135,2118,7,1,-4,1091,1090,-1,0,-1,675,674,-1,3,-7,3505,3505,0,2,2,1249,1250,1,0,-1,1236,1236,0,0,-16
1787457076.247,U,0,1,-,119.0,2123,1099,0,0,-3,1091,1090,-1,0,-1,675,674,-1,3,-7,3505,3506,1,2,3,1249,1250,1,0,-1,1236,1236,0,0,-16
1787457076.384,U,0,1,-,119.0,1103,60,-19,3,-4,1091,1090,-1,0,-1,675,674,-1,3,-7,3505,3505,0,2,2,1249,1250,1,0,-1,1236,1236,0,0,-16
1787457076.520,U,0,1,-,119.0,64,3131,-5,2,-1,1091,1090,-1,0,-1,675,674,-1,3,-7,3505,3506,1,2,3,1249,1250,1,0,-1,1236,1236,0,0,-16
1787457076.659,U,0,1,-,119.0,3135,2119,8,1,-3,1091,1090,-1,0,-1,675,674,-1,3,-7,3505,3505,0,2,2,1250,1250,0,0,-1,1236,1236,0,0,-16
1787457076.791,U,0,1,-,119.0,2123,1099,0,0,-3,1091,1090,-1,0,-1,675,674,-1,3,-7,3505,3506,1,2,3,1250,1250,0,0,-1,1236,1236,0,0,-16
1787457076.934,U,0,1,-,119.0,1103,60,-19,3,-4,1091,1090,-1,0,-1,675,674,-1,3,-7,3505,3505,0,2,2,1249,1250,1,0,-1,1236,1236,0,0,-16
1787457077.072,U,0,1,-,119.0,65,3131,-6,2,-1,1091,1090,-1,0,-1,675,674,-1,3,-7,3505,3505,0,2,2,1249,1250,1,0,-1,1236,1236,0,0,-16
1787457077.209,U,0,1,-,119.0,3135,2119,8,1,-3,1091,1090,-1,0,-1,675,674,-1,3,-7,3505,3505,0,2,2,1249,1250,1,0,-1,1236,1236,0,0,-16
1787457077.337,U,0,1,-,119.0,2123,1099,0,0,-3,1091,1090,-1,0,-1,675,674,-1,3,-7,3505,3505,0,2,2,1249,1250,1,0,-1,1236,1236,0,0,-16
1787457077.485,U,0,1,-,119.0,1103,60,-19,3,-4,1091,1090,-1,0,-1,675,674,-1,3,-7,3505,3506,1,2,3,1249,1250,1,0,-1,1236,1236,0,0,-16
1787457077.621,U,0,1,-,119.0,64,3131,-5,2,-1,1091,1090,-1,0,-1,675,674,-1,3,-7,3505,3506,1,2,3,1250,1249,-1,0,-2,1236,1236,0,0,-16
1787457077.758,U,0,1,-,119.0,3135,2119,8,1,-3,1091,1091,0,0,0,675,674,-1,3,-7,3505,3506,1,2,3,1249,1250,1,0,-1,1236,1236,0,0,-16
1787457077.896,U,0,1,-,119.0,2123,1099,0,0,-3,1091,1090,-1,0,-1,675,674,-1,3,-7,3505,3506,1,2,3,1250,1250,0,0,-1,1236,1236,0,0,-16
1787457078.034,U,0,1,-,119.0,1103,60,-19,3,-4,1091,1090,-1,0,-1,675,674,-1,3,-7,3505,3506,1,2,3,1249,1250,1,0,-1,1236,1236,0,0,-16
1787457078.171,U,0,1,-,119.0,64,3131,-5,2,-1,1091,1090,-1,0,-1,675,674,-1,3,-7,3505,3506,1,2,3,1249,1250,1,0,-1,1236,1236,0,0,-16
1787457078.303,U,0,1,-,119.0,3135,2118,7,1,-4,1091,1090,-1,0,-1,675,674,-1,3,-7,3505,3506,1,2,3,1249,1250,1,0,-1,1236,1236,0,0,-16
1787457078.446,U,0,1,-,119.0,2123,1099,0,0,-3,1091,1090,-1,0,-1,675,674,-1,3,-7,3505,3506,1,2,3,1249,1250,1,0,-1,1236,1236,0,0,-16
1787457078.583,U,0,1,-,119.0,1103,60,-19,3,-4,1091,1090,-1,0,-1,675,674,-1,3,-7,3505,3506,1,2,3,1249,1250,1,0,-1,1236,1236,0,0,-16
1787457078.721,U,0,1,-,119.0,64,3131,-5,2,-1,1091,1090,-1,0,-1,675,674,-1,3,-7,3505,3505,0,2,2,1249,1250,1,0,-1,1236,1236,0,0,-16
1787457078.857,U,0,1,-,119.0,3135,2118,7,1,-4,1091,1090,-1,0,-1,675,674,-1,3,-7,3505,3505,0,2,2,1249,1250,1,0,-1,1236,1236,0,0,-16
1787457078.997,U,0,1,-,119.0,2123,1099,0,0,-3,1091,1090,-1,0,-1,675,674,-1,3,-7,3505,3505,0,2,2,1249,1250,1,0,-1,1236,1236,0,0,-16
1787457079.133,U,0,1,-,119.0,1103,60,-19,3,-4,1091,1090,-1,0,-1,675,674,-1,3,-7,3505,3505,0,2,2,1249,1250,1,0,-1,1236,1236,0,0,-16
1787457079.272,U,0,1,-,119.0,65,3131,-6,2,-1,1091,1090,-1,0,-1,675,674,-1,3,-7,3505,3505,0,2,2,1249,1250,1,0,-1,1236,1236,0,0,-16
1787457079.408,U,0,1,-,119.0,3135,2119,8,1,-3,1091,1090,-1,0,-1,675,674,-1,3,-7,3505,3506,1,2,3,1249,1250,1,0,-1,1236,1236,0,0,-16
1787457079.546,U,0,1,-,119.0,2123,1099,0,0,-3,1091,1090,-1,0,-1,675,674,-1,3,-7,3505,3505,0,2,2,1249,1250,1,0,-1,1236,1236,0,0,-16
1787457079.684,U,0,1,-,119.0,1103,60,-19,3,-4,1091,1090,-1,0,-1,675,674,-1,3,-7,3505,3505,0,2,2,1250,1250,0,0,-1,1236,1236,0,0,-16
1787457079.820,U,0,1,-,119.0,65,3131,-6,2,-1,1091,1090,-1,0,-1,675,674,-1,3,-7,3505,3505,0,2,2,1250,1250,0,0,-1,1236,1236,0,0,-16
1787457080.000,U',0,1,-,119.0,3135,61,-2,3,-3,1091,1090,-1,0,-1,675,673,-2,3,-8,3505,3506,1,2,3,1249,1250,1,0,-1,1236,1236,0,0,-16
1787457080.136,U',0,1,-,119.0,63,1100,13,0,-2,1091,1090,-1,0,-1,675,674,-1,3,-7,3505,3505,0,2,2,1249,1249,0,0,-2,1236,1236,0,0,-16
1787457080.275,U',0,1,-,119.0,1101,2120,-5,1,-2,1091,1090,-1,0,-1,675,674,-1,3,-7,3505,3506,1,2,3,1249,1250,1,0,-1,1236,1236,0,0,-16
1787457080.412,U',0,1,-,119.0,2122,3132,-14,2,0,1091,1090,-1,0,-1,675,674,-1,3,-7,3505,3506,1,2,3,1249,1250,1,0,-1,1236,1236,0,0,-16
1787457080.551,U',0,1,-,119.0,3134,61,-1,3,-3,1091,1090,-1,0,-1,675,674,-1,3,-7,3505,3505,0,2,2,1249,1250,1,0,-1,1236,1236,0,0,-16
1787457080.688,U',0,1,-,119.0,63,1100,13,0,-2,1091,1090,-1,0,-1,675,674,-1,3,-7,3505,3505,0,2,2,1249,1250,1,0,-1,1236,1236,0,0,-16
1787457080.824,U',0,1,-,119.0,1101,2119,-6,1,-3,1091,1090,-1,0,-1,675,674,-1,3,-7,3505,3506,1,2,3,1249,1250,1,0,-1,1236,1236,0,0,-16
1787457080.963,U',0,1,-,119.0,2122,3132,-14,2,0,1091,1090,-1,0,-1,675,674,-1,3,-7,3505,3505,0,2,2,1249,1250,1,0,-1,1236,1236,0,0,-16
1787457081.100,U',0,1,-,119.0,3133,61,0,3,-3,1091,1090,-1,0,-1,675,674,-1,3,-7,3505,3505,0,2,2,1249,1250,1,0,-1,1236,1236,0,0,-16
1787457081.236,U',0,1,-,119.0,63,1100,13,0,-2,1091,1090,-1,0,-1,675,674,-1,3,-7,3505,3506,1,2,3,1249,1250,1,0,-1,1236,1236,0,0,-16
1787457081.376,U',0,1,-,119.0,1102,2119,-7,1,-3,1091,1091,0,0,0,675,674,-1,3,-7,3505,3505,0,2,2,1249,1250,1,0,-1,1236,1236,0,0,-16
1787457081.504,U',0,1,-,119.0,2122,3132,-14,2,0,1091,1090,-1,0,-1,675,674,-1,3,-7,3506,3505,-1,2,2,1249,1250,1,0,-1,1236,1236,0,0,-16
1787457081.640,U',0,1,-,119.0,3134,61,-1,3,-3,1091,1090,-1,0,-1,675,674,-1,3,-7,3505,3506,1,2,3,1249,1250,1,0,-1,1236,1236,0,0,-16
1787457081.785,U',0,1,-,119.0,63,1100,13,0,-2,1091,1090,-1,0,-1,675,674,-1,3,-7,3505,3506,1,2,3,1249,1250,1,0,-1,1236,1236,0,0,-16
1787457081.925,U',0,1,-,119.0,1101,2119,-6,1,-3,1091,1090,-1,0,-1,675,674,-1,3,-7,3506,3505,-1,2,2,1249,1250,1,0,-1,1236,1236,0,0,-16
1787457082.060,U',0,1,-,119.0,2123,3132,-15,2,0,1091,1090,-1,0,-1,675,674,-1,3,-7,3505,3505,0,2,2,1249,1250,1,0,-1,1236,1236,0,0,-16
1787457082.201,U',0,1,-,119.0,3134,61,-1,3,-3,1091,1090,-1,0,-1,675,674,-1,3,-7,3505,3506,1,2,3,1249,1250,1,0,-1,1236,1236,0,0,-16
1787457082.339,U',0,1,-,119.0,63,1100,13,0,-2,1091,1090,-1,0,-1,675,674,-1,3,-7,3505,3505,0,2,2,1249,1250,1,0,-1,1236,1236,0,0,-16
1787457082.476,U',0,1,-,119.0,1101,2119,-6,1,-3,1091,1090,-1,0,-1,675,674,-1,3,-7,3506,3506,0,2,3,1249,1250,1,0,-1,1236,1236,0,0,-16
1787457082.613,U',0,1,-,119.0,2122,3132,-14,2,0,1091,1090,-1,0,-1,675,673,-2,3,-8,3506,3506,0,2,3,1249,1250,1,0,-1,1236,1236,0,0,-16
1787457082.751,U',0,1,-,119.0,3134,61,-1,3,-3,1091,1090,-1,0,-1,675,674,-1,3,-7,3505,3506,1,2,3,1249,1250,1,0,-1,1236,1236,0,0,-16
1787457082.885,U',0,1,-,119.0,63,1100,13,0,-2,1091,1090,-1,0,-1,675,674,-1,3,-7,3506,3506,0,2,3,1249,1250,1,0,-1,1236,1236,0,0,-16
1787457083.026,U',0,1,-,119.0,1102,2119,-7,1,-3,1091,1090,-1,0,-1,675,674,-1,3,-7,3505,3505,0,2,2,1249,1250,1,0,-1,1235,1236,1,0,-16
1787457083.163,U',0,1,-,119.0,2122,3132,-14,2,0,1091,1090,-1,0,-1,675,674,-1,3,-7,3505,3505,0,2,2,1249,1250,1,0,-1,1235,1236,1,0,-16
1787457083.301,U',0,1,-,119.0,3134,61,-1,3,-3,1091,1090,-1,0,-1,675,674,-1,3,-7,3505,3505,0,2,2,1249,1250,1,0,-1,1236,1236,0,0,-16
1787457083.438,U',0,1,-,119.0,63,1100,13,0,-2,1091,1090,-1,0,-1,675,674,-1,3,-7,3505,3506,1,2,3,1249,1250,1,0,-1,1236,1236,0,0,-16
1787457083.576,U',0,1,-,119.0,1102,2119,-7,1,-3,1091,1090,-1,0,-1,675,674,-1,3,-7,3505,3506,1,2,3,1249,1249,0,0,-2,1236,1236,0,0,-16
1787457083.713,U',0,1,-,119.0,2122,3132,-14,2,0,1091,1090,-1,0,-1,675,674,-1,3,-7,3505,3506,1,2,3,1249,1250,1,0,-1,1236,1236,0,0,-16
1787457083.850,U',0,1,-,119.0,3133,61,0,3,-3,1091,1090,-1,0,-1,675,674,-1,3,-7,3505,3506,1,2,3,1249,1250,1,0,-1,1236,1236,0,0,-16
1787457083.986,U',0,1,-,119.0,63,1100,13,0,-2,1091,1090,-1,0,-1,675,674,-1,3,-7,3505,3506,1,2,3,1249,1250,1,0,-1,1236,1236,0,0,-16
1787457084.121,U',0,1,-,119.0,1101,2119,-6,1,-3,1091,1090,-1,0,-1,675,674,-1,3,-7,3505,3505,0,2,2,1249,1250,1,0,-1,1236,1236,0,0,-16
1787457084.263,U',0,1,-,119.0,2122,3132,-14,2,0,1091,1090,-1,0,-1,675,674,-1,3,-7,3505,3505,0,2,2,1249,1250,1,0,-1,1236,1236,0,0,-16
1787457084.398,U',0,1,-,119.0,3133,61,0,3,-3,1091,1090,-1,0,-1,675,674,-1,3,-7,3505,3505,0,2,2,1249,1250,1,0,-1,1236,1236,0,0,-16
1787457084.538,U',0,1,-,119.0,63,1100,13,0,-2,1091,1090,-1,0,-1,675,674,-1,3,-7,3505,3505,0,2,2,1249,1250,1,0,-1,1236,1236,0,0,-16
1787457084.674,U',0,1,-,119.0,1101,2120,-5,1,-2,1091,1090,-1,0,-1,675,674,-1,3,-7,3505,3506,1,2,3,1249,1250,1,0,-1,1236,1236,0,0,-16
1787457084.803,U',0,1,-,119.0,2122,3132,-14,2,0,1091,1090,-1,0,-1,675,674,-1,3,-7,3505,3505,0,2,2,1249,1249,0,0,-2,1236,1236,0,0,-16
1787457084.950,U',0,1,-,119.0,3134,61,-1,3,-3,1091,1090,-1,0,-1,675,674,-1,3,-7,3505,3505,0,2,2,1249,1250,1,0,-1,1236,1236,0,0,-16
1787457085.088,U',0,1,-,119.0,63,1100,13,0,-2,1091,1090,-1,0,-1,675,674,-1,3,-7,3505,3506,1,2,3,1249,1250,1,0,-1,1236,1236,0,0,-16
1787457085.225,U',0,1,-,119.0,1101,2119,-6,1,-3,1091,1090,-1,0,-1,675,674,-1,3,-7,3505,3505,0,2,2,1249,1250,1,0,-1,1236,1236,0,0,-16
1787457085.363,U',0,1,-,119.0,2122,3132,-14,2,0,1091,1090,-1,0,-1,675,674,-1,3,-7,3506,3505,-1,2,2,1249,1250,1,0,-1,1236,1236,0,0,-16
1787457085.500,U',0,1,-,119.0,3134,61,-1,3,-3,1091,1090,-1,0,-1,675,674,-1,3,-7,3505,3506,1,2,3,1249,1250,1,0,-1,1235,1236,1,0,-16
1787457085.637,U',0,1,-,119.0,63,1100,13,0,-2,1091,1090,-1,0,-1,675,674,-1,3,-7,3505,3505,0,2,2,1249,1250,1,0,-1,1236,1236,0,0,-16
1787457085.776,U',0,1,-,119.0,1102,2119,-7,1,-3,1091,1090,-1,0,-1,675,674,-1,3,-7,3505,3506,1,2,3,1249,1250,1,0,-1,1236,1236,0,0,-16
1787457085.912,U',0,1,-,119.0,2122,3132,-14,2,0,1091,1090,-1,0,-1,675,674,-1,3,-7,3505,3505,0,2,2,1249,1250,1,0,-1,1236,1236,0,0,-16
1787457086.051,U',0,1,-,119.0,3133,60,-1,3,-4,1091,1090,-1,0,-1,675,674,-1,3,-7,3505,3505,0,2,2,1249,1250,1,0,-1,1236,1236,0,0,-16
1787457086.188,U',0,1,-,119.0,63,1100,13,0,-2,1091,1090,-1,0,-1,675,674,-1,3,-7,3505,3506,1,2,3,1249,1250,1,0,-1,1236,1236,0,0,-16
1787457086.325,U',0,1,-,119.0,1102,2119,-7,1,-3,1091,1090,-1,0,-1,675,674,-1,3,-7,3505,3506,1,2,3,1249,1250,1,0,-1,1236,1236,0,0,-16
1787457086.462,U',0,1,-,119.0,2122,3132,-14,2,0,1091,1090,-1,0,-1,675,674,-1,3,-7,3505,3506,1,2,3,1249,1250,1,0,-1,1236,1236,0,0,-16
1787457086.594,U',0,1,-,119.0,3134,61,-1,3,-3,1091,1090,-1,0,-1,675,674,-1,3,-7,3505,3505,0,2,2,1249,1250,1,0,-1,1236,1236,0,0,-16
1787457086.737,U',0,1,-,119.0,63,1100,13,0,-2,1091,1090,-1,0,-1,675,674,-1,3,-7,3505,3506,1,2,3,1249,1250,1,0,-1,1236,1236,0,0,-16
1787457086.876,U',0,1,-,119.0,1102,2119,-7,1,-3,1091,1090,-1,0,-1,675,674,-1,3,-7,3505,3505,0,2,2,1249,1249,0,0,-2,1236,1236,0,0,-16
1787457087.013,U',0,1,-,119.0,2122,3132,-14,2,0,1091,1090,-1,0,-1,675,674,-1,3,-7,3506,3506,0,2,3,1249,1250,1,0,-1,1236,1236,0,0,-16
1787457087.150,U',0,1,-,119.0,3134,61,-1,3,-3,1091,1090,-1,0,-1,675,674,-1,3,-7,3505,3505,0,2,2,1249,1250,1,0,-1,1236,1236,0,0,-16
1787457087.287,U',0,1,-,119.0,63,1100,13,0,-2,1091,1090,-1,0,-1,675,674,-1,3,-7,3505,3505,0,2,2,1250,1250,0,0,-1,1236,1236,0,0,-16
1787457087.424,U',0,1,-,119.0,1101,2120,-5,1,-2,1091,1090,-1,0,-1,675,674,-1,3,-7,3505,3506,1,2,3,1249,1250,1,0,-1,1236,1236,0,0,-16
1787457087.563,U',0,1,-,119.0,2122,3132,-14,2,0,1091,1090,-1,0,-1,675,674,-1,3,-7,3505,3506,1,2,3,1249,1250,1,0,-1,1236,1236,0,0,-16
1787457087.700,U',0,1,-,119.0,3134,60,-2,3,-4,1091,1090,-1,0,-1,675,674,-1,3,-7,3505,3505,0,2,2,1249,1250,1,0,-1,1236,1236,0,0,-16
1787457087.838,U',0,1,-,119.0,63,1100,13,0,-2,1091,1090,-1,0,-1,675,674,-1,3,-7,3506,3505,-1,2,2,1249,1250,1,0,-1,1236,1236,0,0,-16
1787457087.971,U',0,1,-,119.0,1102,2119,-7,1,-3,1091,1090,-1,0,-1,675,674,-1,3,-7,3505,3506,1,2,3,1250,1250,0,0,-1,1236,1236,0,0,-16
1787457088.113,U',0,1,-,119.0,2122,3132,-14,2,0,1091,1090,-1,0,-1,675,674,-1,3,-7,3505,3506,1,2,3,1249,1250,1,0,-1,1236,1236,0,0,-16
1787457088.251,U',0,1,-,119.0,3134,61,-1,3,-3,1091,1090,-1,0,-1,675,674,-1,3,-7,3505,3505,0,2,2,1249,1250,1,0,-1,1236,1236,0,0,-16
1787457088.387,U',0,1,-,119.0,63,1100,13,0,-2,1091,1090,-1,0,-1,675,674,-1,3,-7,3505,3505,0,2,2,1249,1250,1,0,-1,1236,1236,0,0,-16
1787457088.526,U',0,1,-,119.0,1101,2120,-5,1,-2,1091,1090,-1,0,-1,675,674,-1,3,-7,3505,3505,0,2,2,1249,1250,1,0,-1,1236,1236,0,0,-16
1787457088.663,U',0,1,-,119.0,2122,3132,-14,2,0,1091,1090,-1,0,-1,675,674,-1,3,-7,3505,3505,0,2,2,1249,1250,1,0,-1,1236,1236,0,0,-16
1787457088.796,U',0,1,-,119.0,3134,61,-1,3,-3,1091,1090,-1,0,-1,675,674,-1,3,-7,3505,3506,1,2,3,1249,1250,1,0,-1,1236,1236,0,0,-16
1787457088.936,U',0,1,-,119.0,63,1100,13,0,-2,1091,1090,-1,0,-1,675,674,-1,3,-7,3505,3506,1,2,3,1249,1250,1,0,-1,1236,1236,0,0,-16
1787457089.070,U',0,1,-,119.0,1101,2119,-6,1,-3,1091,1090,-1,0,-1,675,674,-1,3,-7,3505,3506,1,2,3,1249,1250,1,0,-1,1236,1236,0,0,-16
1787457089.203,U',0,1,-,119.0,2122,3132,-14,2,0,1091,1090,-1,0,-1,675,674,-1,3,-7,3505,3506,1,2,3,1249,1250,1,0,-1,1236,1236,0,0,-16
1787457089.349,U',0,1,-,119.0,3134,60,-2,3,-4,1091,1090,-1,0,-1,675,674,-1,3,-7,3505,3505,0,2,2,1249,1250,1,0,-1,1236,1236,0,0,-16
1787457089.486,U',0,1,-,119.0,63,1100,13,0,-2,1091,1090,-1,0,-1,675,674,-1,3,-7,3506,3506,0,2,3,1249,1250,1,0,-1,1236,1236,0,0,-16
1787457089.624,U',0,1,-,119.0,1101,2119,-6,1,-3,1091,1090,-1,0,-1,675,674,-1,3,-7,3505,3505,0,2,2,1250,1250,0,0,-1,1236,1236,0,0,-16
1787457089.762,U',0,1,-,119.0,2122,3131,-15,2,-1,1091,1090,-1,0,-1,675,674,-1,3,-7,3505,3505,0,2,2,1250,1250,0,0,-1,1235,1236,1,0,-16
1787457089.899,U',0,1,-,119.0,3134,61,-1,3,-3,1091,1090,-1,0,-1,675,674,-1,3,-7,3505,3505,0,2,2,1249,1250,1,0,-1,1236,1236,0,0,-16
1787457090.033,U',0,1,-,119.0,63,1100,13,0,-2,1091,1090,-1,0,-1,675,674,-1,3,-7,3505,3506,1,2,3,1249,1250,1,0,-1,1236,1236,0,0,-16
1787457090.174,U',0,1,-,119.0,1101,2119,-6,1,-3,1091,1090,-1,0,-1,675,674,-1,3,-7,3505,3505,0,2,2,1249,1250,1,0,-1,1236,1236,0,0,-16
1787457090.313,U',0,1,-,119.0,2122,3132,-14,2,0,1091,1090,-1,0,-1,675,674,-1,3,-7,3505,3505,0,2,2,1249,1250,1,0,-1,1236,1236,0,0,-16
1787457090.448,U',0,1,-,119.0,3133,61,0,3,-3,1091,1090,-1,0,-1,675,674,-1,3,-7,3505,3505,0,2,2,1249,1250,1,0,-1,1236,1236,0,0,-16
1787457090.588,U',0,1,-,119.0,63,1100,13,0,-2,1091,1090,-1,0,-1,675,674,-1,3,-7,3505,3505,0,2,2,1250,1250,0,0,-1,1236,1236,0,0,-16
1787457090.725,U',0,1,-,119.0,1102,2119,-7,1,-3,1091,1090,-1,0,-1,675,674,-1,3,-7,3505,3506,1,2,3,1249,1250,1,0,-1,1236,1236,0,0,-16
1787457090.863,U',0,1,-,119.0,2122,3132,-14,2,0,1091,1090,-1,0,-1,675,674,-1,3,-7,3505,3505,0,2,2,1249,1250,1,0,-1,1236,1236,0,0,-16
1787457090.993,U',0,1,-,119.0,3134,61,-1,3,-3,1091,1090,-1,0,-1,675,674,-1,3,-7,3505,3505,0,2,2,1249,1250,1,0,-1,1236,1236,0,0,-16
1787457091.135,U',0,1,-,119.0,63,1100,13,0,-2,1091,1090,-1,0,-1,675,674,-1,3,-7,3505,3506,1,2,3,1249,1250,1,0,-1,1236,1236,0,0,-16
1787457091.273,U',0,1,-,119.0,1101,2119,-6,1,-3,1091,1090,-1,0,-1,675,674,-1,3,-7,3505,3505,0,2,2,1249,1250,1,0,-1,1236,1236,0,0,-16
1787457091.403,U',0,1,-,119.0,2122,3132,-14,2,0,1091,1090,-1,0,-1,675,674,-1,3,-7,3505,3505,0,2,2,1249,1250,1,0,-1,1236,1236,0,0,-16
1787457091.550,U',0,1,-,119.0,3134,61,-1,3,-3,1091,1090,-1,0,-1,675,673,-2,3,-8,3505,3505,0,2,2,1249,1250,1,0,-1,1236,1236,0,0,-16
1787457091.686,U',0,1,-,119.0,63,1100,13,0,-2,1091,1090,-1,0,-1,675,674,-1,3,-7,3506,3505,-1,2,2,1249,1250,1,0,-1,1236,1236,0,0,-16
1787457091.825,U',0,1,-,119.0,1102,2119,-7,1,-3,1091,1090,-1,0,-1,675,674,-1,3,-7,3505,3506,1,2,3,1249,1249,0,0,-2,1236,1236,0,0,-16
1787457091.960,U',0,1,-,119.0,2122,3132,-14,2,0,1091,1090,-1,0,-1,675,674,-1,3,-7,3505,3505,0,2,2,1249,1250,1,0,-1,1236,1236,0,0,-16
1787457092.092,U',0,1,-,119.0,3134,61,-1,3,-3,1091,1090,-1,0,-1,675,674,-1,3,-7,3505,3506,1,2,3,1249,1250,1,0,-1,1236,1236,0,0,-16
1787457092.237,U',0,1,-,119.0,63,1100,13,0,-2,1091,1090,-1,0,-1,675,674,-1,3,-7,3505,3505,0,2,2,1249,1250,1,0,-1,1236,1236,0,0,-16
1787457092.375,U',0,1,-,119.0,1102,2119,-7,1,-3,1091,1090,-1,0,-1,675,674,-1,3,-7,3505,3505,0,2,2,1249,1250,1,0,-1,1236,1236,0,0,-16
1787457092.511,U',0,1,-,119.0,2122,3132,-14,2,0,1091,1090,-1,0,-1,675,674,-1,3,-7,3505,3506,1,2,3,1249,1250,1,0,-1,1236,1236,0,0,-16
1787457092.651,U',0,1,-,119.0,3133,61,0,3,-3,1091,1090,-1,0,-1,675,674,-1,3,-7,3505,3506,1,2,3,1249,1250,1,0,-1,1236,1236,0,0,-16
1787457092.787,U',0,1,-,119.0,63,1099,12,0,-3,1091,1090,-1,0,-1,675,674,-1,3,-7,3505,3506,1,2,3,1249,1250,1,0,-1,1236,1236,0,0,-16
1787457092.925,U',0,1,-,119.0,1102,2119,-7,1,-3,1091,1090,-1,0,-1,675,674,-1,3,-7,3505,3506,1,2,3,1249,1250,1,0,-1,1236,1236,0,0,-16
1787457093.063,U',0,1,-,119.0,2122,3132,-14,2,0,1091,1090,-1,0,-1,675,674,-1,3,-7,3505,3505,0,2,2,1249,1250,1,0,-1,1236,1236,0,0,-16
1787457093.200,U',0,1,-,119.0,3134,61,-1,3,-3,1091,1090,-1,0,-1,675,674,-1,3,-7,3505,3506,1,2,3,1249,1250,1,0,-1,1236,1236,0,0,-16
1787457093.336,U',0,1,-,119.0,63,1100,13,0,-2,1091,1090,-1,0,-1,675,674,-1,3,-7,3505,3505,0,2,2,1249,1250,1,0,-1,1236,1236,0,0,-16
1787457093.475,U',0,1,-,119.0,1101,2119,-6,1,-3,1091,1090,-1,0,-1,675,674,-1,3,-7,3505,3505,0,2,2,1249,1250,1,0,-1,1236,1236,0,0,-16
1787457093.611,U',0,1,-,119.0,2122,3132,-14,2,0,1091,1090,-1,0,-1,675,674,-1,3,-7,3505,3505,0,2,2,1249,1250,1,0,-1,1236,1236,0,0,-16
1787457093.750,U',0,1,-,119.0,3134,61,-1,3,-3,1091,1090,-1,0,-1,675,674,-1,3,-7,3505,3505,0,2,2,1250,1250,0,0,-1,1236,1236,0,0,-16
1787457093.886,U',0,1,-,119.0,63,1100,13,0,-2,1091,1090,-1,0,-1,675,674,-1,3,-7,3506,3505,-1,2,2,1249,1249,0,0,-2,1236,1236,0,0,-16
1787457094.025,U',0,1,-,119.0,1102,2119,-7,1,-3,1091,1090,-1,0,-1,675,674,-1,3,-7,3505,3505,0,2,2,1250,1250,0,0,-1,1236,1236,0,0,-16
1787457094.162,U',0,1,-,119.0,2122,3132,-14,2,0,1091,1090,-1,0,-1,675,674,-1,3,-7,3506,3505,-1,2,2,1249,1250,1,0,-1,1236,1236,0,0,-16
1787457094.299,U',0,1,-,119.0,3133,61,0,3,-3,1091,1090,-1,0,-1,675,674,-1,3,-7,3505,3506,1,2,3,1249,1250,1,0,-1,1236,1236,0,0,-16
1787457094.436,U',0,1,-,119.0,63,1100,13,0,-2,1091,1090,-1,0,-1,675,674,-1,3,-7,3505,3505,0,2,2,1249,1250,1,0,-1,1236,1236,0,0,-16
1787457094.575,U',0,1,-,119.0,1101,2119,-6,1,-3,1091,1090,-1,0,-1,675,673,-2,3,-8,3505,3506,1,2,3,1249,1250,1,0,-1,1236,1236,0,0,-16
1787457094.712,U',0,1,-,119.0,2122,3132,-14,2,0,1091,1090,-1,0,-1,675,674,-1,3,-7,3506,3505,-1,2,2,1249,1250,1,0,-1,1236,1236,0,0,-16
1787457094.850,U',0,1,-,119.0,3134,61,-1,3,-3,1091,1090,-1,0,-1,675,674,-1,3,-7,3506,3506,0,2,3,1249,1250,1,0,-1,1236,1236,0,0,-16
1787457094.985,U',0,1,-,119.0,63,1100,13,0,-2,1091,1090,-1,0,-1,675,674,-1,3,-7,3505,3506,1,2,3,1249,1250,1,0,-1,1236,1236,0,0,-16
1787457095.124,U',0,1,-,119.0,1101,2119,-6,1,-3,1091,1091,0,0,0,675,674,-1,3,-7,3505,3505,0,2,2,1249,1250,1,0,-1,1236,1236,0,0,-16
1787457095.262,U',0,1,-,119.0,2122,3132,-14,2,0,1091,1090,-1,0,-1,675,674,-1,3,-7,3505,3505,0,2,2,1249,1250,1,0,-1,1236,1236,0,0,-16
1787457095.400,U',0,1,-,119.0,3134,61,-1,3,-3,1091,1090,-1,0,-1,675,674,-1,3,-7,3505,3506,1,2,3,1249,1250,1,0,-1,1236,1236,0,0,-16
1787457095.536,U',0,1,-,119.0,63,1100,13,0,-2,1091,1090,-1,0,-1,675,674,-1,3,-7,3505,3505,0,2,2,1250,1250,0,0,-1,1236,1236,0,0,-16
1787457095.674,U',0,1,-,119.0,1101,2120,-5,1,-2,1091,1090,-1,0,-1,675,674,-1,3,-7,3505,3506,1,2,3,1249,1250,1,0,-1,1236,1236,0,0,-16
1787457095.811,U',0,1,-,119.0,2122,3132,-14,2,0,1091,1090,-1,0,-1,675,674,-1,3,-7,3505,3506,1,2,3,1250,1250,0,0,-1,1236,1236,0,0,-16
1787457095.950,U',0,1,-,119.0,3134,61,-1,3,-3,1091,1090,-1,0,-1,675,674,-1,3,-7,3505,3506,1,2,3,1250,1250,0,0,-1,1236,1236,0,0,-16
1787457096.086,U',0,1,-,119.0,63,1100,13,0,-2,1091,1090,-1,0,-1,675,674,-1,3,-7,3506,3505,-1,2,2,1249,1250,1,0,-1,1236,1236,0,0,-16
1787457096.221,U',0,1,-,119.0,1101,2119,-6,1,-3,1091,1090,-1,0,-1,675,674,-1,3,-7,3505,3506,1,2,3,1249,1250,1,0,-1,1236,1236,0,0,-16
1787457096.358,U',0,1,-,119.0,2122,3132,-14,2,0,1091,1090,-1,0,-1,675,674,-1,3,-7,3505,3505,0,2,2,1249,1250,1,0,-1,1236,1236,0,0,-16
1787457096.500,U',0,1,-,119.0,3133,61,0,3,-3,1091,1090,-1,0,-1,675,674,-1,3,-7,3505,3505,0,2,2,1249,1250,1,0,-1,1236,1236,0,0,-16
1787457096.636,U',0,1,-,119.0,63,1100,13,0,-2,1091,1090,-1,0,-1,675,674,-1,3,-7,3505,3506,1,2,3,1250,1250,0,0,-1,1236,1236,0,0,-16
1787457096.774,U',0,1,-,119.0,1102,2119,-7,1,-3,1091,1090,-1,0,-1,675,674,-1,3,-7,3505,3506,1,2,3,1250,1249,-1,0,-2,1236,1236,0,0,-16
1787457096.912,U',0,1,-,119.0,2122,3132,-14,2,0,1091,1090,-1,0,-1,675,674,-1,3,-7,3505,3505,0,2,2,1249,1250,1,0,-1,1236,1236,0,0,-16
1787457097.048,U',0,1,-,119.0,3133,61,0,3,-3,1091,1090,-1,0,-1,675,674,-1,3,-7,3506,3506,0,2,3,1249,1250,1,0,-1,1236,1236,0,0,-16
1787457097.186,U',0,1,-,119.0,64,1100,12,0,-2,1091,1090,-1,0,-1,675,674,-1,3,-7,3505,3506,1,2,3,1249,1250,1,0,-1,1236,1236,0,0,-16
1787457097.324,U',0,1,-,119.0,1102,2119,-7,1,-3,1091,1090,-1,0,-1,675,674,-1,3,-7,3505,3506,1,2,3,1249,1250,1,0,-1,1236,1236,0,0,-16
1787457097.459,U',0,1,-,119.0,2122,3132,-14,2,0,1091,1090,-1,0,-1,675,674,-1,3,-7,3505,3505,0,2,2,1249,1250,1,0,-1,1236,1236,0,0,-16
1787457097.599,U',0,1,-,119.0,3133,61,0,3,-3,1091,1090,-1,0,-1,675,674,-1,3,-7,3505,3505,0,2,2,1249,1250,1,0,-1,1236,1236,0,0,-16
1787457097.737,U',0,1,-,119.0,63,1100,13,0,-2,1091,1090,-1,0,-1,675,674,-1,3,-7,3505,3505,0,2,2,1249,1249,0,0,-2,1236,1236,0,0,-16
1787457097.875,U',0,1,-,119.0,1102,2119,-7,1,-3,1091,1090,-1,0,-1,675,674,-1,3,-7,3505,3506,1,2,3,1249,1250,1,0,-1,1236,1236,0,0,-16
1787457098.012,U',0,1,-,119.0,2122,3132,-14,2,0,1091,1090,-1,0,-1,675,674,-1,3,-7,3505,3505,0,2,2,1249,1250,1,0,-1,1236,1236,0,0,-16
1787457098.150,U',0,1,-,119.0,3134,61,-1,3,-3,1091,1090,-1,0,-1,675,674,-1,3,-7,3505,3505,0,2,2,1249,1250,1,0,-1,1236,1236,0,0,-16
1787457098.287,U',0,1,-,119.0,63,1100,13,0,-2,1091,1090,-1,0,-1,675,674,-1,3,-7,3505,3505,0,2,2,1249,1250,1,0,-1,1236,1236,0,0,-16
1787457098.419,U',0,1,-,119.0,1101,2119,-6,1,-3,1091,1090,-1,0,-1,675,674,-1,3,-7,3505,3506,1,2,3,1249,1250,1,0,-1,1236,1236,0,0,-16
1787457098.562,U',0,1,-,119.0,2122,3132,-14,2,0,1091,1090,-1,0,-1,675,674,-1,3,-7,3506,3505,-1,2,2,1249,1250,1,0,-1,1236,1236,0,0,-16
1787457098.699,U',0,1,-,119.0,3134,61,-1,3,-3,1091,1090,-1,0,-1,675,674,-1,3,-7,3506,3506,0,2,3,1249,1250,1,0,-1,1236,1236,0,0,-16
1787457098.836,U',0,1,-,119.0,63,1100,13,0,-2,1091,1090,-1,0,-1,675,674,-1,3,-7,3505,3506,1,2,3,1249,1250,1,0,-1,1236,1236,0,0,-16
1787457098.973,U',0,1,-,119.0,1101,2119,-6,1,-3,1091,1090,-1,0,-1,675,674,-1,3,-7,3505,3505,0,2,2,1249,1249,0,0,-2,1236,1236,0,0,-16
1787457099.111,U',0,1,-,119.0,2122,3132,-14,2,0,1091,1090,-1,0,-1,675,674,-1,3,-7,3505,3506,1,2,3,1249,1250,1,0,-1,1236,1236,0,0,-16
1787457099.235,U',0,1,-,119.0,3133,61,0,3,-3,1091,1090,-1,0,-1,675,674,-1,3,-7,3505,3505,0,2,2,1250,1250,0,0,-1,1236,1236,0,0,-16
1787457099.386,U',0,1,-,119.0,63,1100,13,0,-2,1091,1090,-1,0,-1,675,674,-1,3,-7,3505,3505,0,2,2,1249,1250,1,0,-1,1236,1236,0,0,-16
1787457099.524,U',0,1,-,119.0,1101,2120,-5,1,-2,1091,1090,-1,0,-1,675,674,-1,3,-7,3505,3505,0,2,2,1249,1250,1,0,-1,1236,1236,0,0,-16
1787457099.657,U',0,1,-,119.0,2122,3133,-13,2,1,1091,1090,-1,0,-1,675,674,-1,3,-7,3505,3505,0,2,2,1249,1250,1,0,-1,1236,1236,0,0,-16
1787457099.800,U',0,1,-,119.0,3134,61,-1,3,-3,1091,1090,-1,0,-1,675,674,-1,3,-7,3506,3505,-1,2,2,1249,1250,1,0,-1,1236,1236,0,0,-16
1787457099.937,U',0,1,-,119.0,63,1100,13,0,-2,1091,1090,-1,0,-1,675,674,-1,3,-7,3505,3505,0,2,2,1250,1250,0,0,-1,1236,1236,0,0,-16
1787457100.075,U',0,1,-,119.0,1101,2120,-5,1,-2,1091,1090,-1,0,-1,675,674,-1,3,-7,3505,3506,1,2,3,1249,1250,1,0,-1,1236,1236,0,0,-16
1787457100.212,U',0,1,-,119.0,2122,3132,-14,2,0,1091,1090,-1,0,-1,675,674,-1,3,-7,3505,3506,1,2,3,1249,1250,1,0,-1,1236,1236,0,0,-16
1787457100.350,U',0,1,-,119.0,3134,61,-1,3,-3,1091,1090,-1,0,-1,675,674,-1,3,-7,3505,3505,0,2,2,1249,1250,1,0,-1,1236,1236,0,0,-16
1787457100.487,U',0,1,-,119.0,63,1100,13,0,-2,1091,1090,-1,0,-1,675,674,-1,3,-7,3505,3505,0,2,2,1249,1250,1,0,-1,1236,1236,0,0,-16
1787457100.626,U',0,1,-,119.0,1102,2120,-6,1,-2,1091,1090,-1,0,-1,675,674,-1,3,-7,3505,3505,0,2,2,1249,1250,1,0,-1,1236,1236,0,0,-16
1787457100.762,U',0,1,-,119.0,2122,3132,-14,2,0,1091,1090,-1,0,-1,675,674,-1,3,-7,3505,3506,1,2,3,1249,1250,1,0,-1,1236,1235,-1,0,-17
1787457100.900,U',0,1,-,119.0,3134,61,-1,3,-3,1091,1090,-1,0,-1,675,674,-1,3,-7,3505,3506,1,2,3,1250,1250,0,0,-1,1236,1236,0,0,-16
1787457101.037,U',0,1,-,119.0,63,1100,13,0,-2,1091,1090,-1,0,-1,675,674,-1,3,-7,3505,3505,0,2,2,1249,1250,1,0,-1,1236,1236,0,0,-16
1787457101.174,U',0,1,-,119.0,1101,2120,-5,1,-2,1091,1090,-1,0,-1,675,674,-1,3,-7,3505,3505,0,2,2,1249,1250,1,0,-1,1236,1236,0,0,-16
1787457101.310,U',0,1,-,119.0,2123,3132,-15,2,0,1091,1090,-1,0,-1,675,674,-1,3,-7,3505,3506,1,2,3,1249,1250,1,0,-1,1236,1236,0,0,-16
1787457101.449,U',0,1,-,119.0,3134,61,-1,3,-3,1091,1090,-1,0,-1,675,674,-1,3,-7,3505,3506,1,2,3,1249,1250,1,0,-1,1236,1236,0,0,-16
1787457101.586,U',0,1,-,119.0,63,1100,13,0,-2,1091,1090,-1,0,-1,675,674,-1,3,-7,3505,3505,0,2,2,1249,1250,1,0,-1,1236,1236,0,0,-16
1787457101.725,U',0,1,-,119.0,1101,2119,-6,1,-3,1091,1090,-1,0,-1,675,674,-1,3,-7,3506,3505,-1,2,2,1250,1250,0,0,-1,1236,1236,0,0,-16
1787457101.862,U',0,1,-,119.0,2122,3132,-14,2,0,1091,1090,-1,0,-1,675,674,-1,3,-7,3505,3506,1,2,3,1250,1250,0,0,-1,1236,1236,0,0,-16
1787457101.998,U',0,1,-,119.0,3134,61,-1,3,-3,1091,1090,-1,0,-1,675,674,-1,3,-7,3505,3505,0,2,2,1249,1250,1,0,-1,1236,1236,0,0,-16
1787457102.136,U',0,1,-,119.0,64,1100,12,0,-2,1091,1090,-1,0,-1,675,674,-1,3,-7,3506,3505,-1,2,2,1249,1250,1,0,-1,1236,1236,0,0,-16
1787457102.269,U',0,1,-,119.0,1102,2119,-7,1,-3,1091,1090,-1,0,-1,675,674,-1,3,-7,3505,3505,0,2,2,1249,1250,1,0,-1,1236,1236,0,0,-16
1787457102.405,U',0,1,-,119.0,2122,3132,-14,2,0,1091,1090,-1,0,-1,675,674,-1,3,-7,3505,3506,1,2,3,1249,1250,1,0,-1,1236,1236,0,0,-16
1787457102.549,U',0,1,-,119.0,3134,61,-1,3,-3,1091,1090,-1,0,-1,675,674,-1,3,-7,3505,3505,0,2,2,1249,1250,1,0,-1,1236,1235,-1,0,-17
1787457102.687,U',0,1,-,119.0,63,1100,13,0,-2,1091,1090,-1,0,-1,675,674,-1,3,-7,3505,3505,0,2,2,1249,1250,1,0,-1,1236,1236,0,0,-16
1787457102.820,U',0,1,-,119.0,1101,2120,-5,1,-2,1091,1090,-1,0,-1,675,674,-1,3,-7,3505,3505,0,2,2,1249,1250,1,0,-1,1236,1236,0,0,-16
1787457102.961,U',0,1,-,119.0,2122,3132,-14,2,0,1091,1090,-1,0,-1,675,674,-1,3,-7,3505,3505,0,2,2,1249,1250,1,0,-1,1236,1236,0,0,-16
1787457103.092,U',0,1,-,119.0,3134,61,-1,3,-3,1091,1090,-1,0,-1,675,674,-1,3,-7,3505,3505,0,2,2,1249,1250,1,0,-1,1236,1236,0,0,-16
1787457103.237,U',0,1,-,119.0,64,1100,12,0,-2,1091,1090,-1,0,-1,675,674,-1,3,-7,3505,3505,0,2,2,1249,1250,1,0,-1,1236,1236,0,0,-16
1787457103.374,U',0,1,-,119.0,1101,2119,-6,1,-3,1091,1090,-1,0,-1,675,674,-1,3,-7,3505,3505,0,2,2,1250,1250,0,0,-1,1236,1236,0,0,-16
1787457103.510,U',0,1,-,119.0,2122,3132,-14,2,0,1091,1090,-1,0,-1,675,674,-1,3,-7,3505,3505,0,2,2,1249,1250,1,0,-1,1236,1236,0,0,-16
1787457103.645,U',0,1,-,119.0,3133,61,0,3,-3,1091,1090,-1,0,-1,675,674,-1,3,-7,3505,3506,1,2,3,1249,1250,1,0,-1,1236,1236,0,0,-16
1787457103.785,U',0,1,-,119.0,63,1100,13,0,-2,1091,1090,-1,0,-1,675,674,-1,3,-7,3505,3506,1,2,3,1249,1250,1,0,-1,1236,1236,0,0,-16
1787457103.923,U',0,1,-,119.0,1101,2119,-6,1,-3,1091,1090,-1,0,-1,675,674,-1,3,-7,3506,3506,0,2,3,1249,1249,0,0,-2,1236,1236,0,0,-16
1787457104.052,U',0,1,-,119.0,2122,3132,-14,2,0,1091,1090,-1,0,-1,675,674,-1,3,-7,3506,3506,0,2,3,1249,1250,1,0,-1,1236,1236,0,0,-16
1787457104.198,U',0,1,-,119.0,3134,61,-1,3,-3,1091,1090,-1,0,-1,675,674,-1,3,-7,3505,3505,0,2,2,1249,1250,1,0,-1,1236,1236,0,0,-16
1787457104.337,U',0,1,-,119.0,63,1100,13,0,-2,1091,1090,-1,0,-1,675,674,-1,3,-7,3505,3506,1,2,3,1249,1250,1,0,-1,1236,1236,0,0,-16
1787457104.474,U',0,1,-,119.0,1102,2119,-7,1,-3,1091,1090,-1,0,-1,675,674,-1,3,-7,3505,3505,0,2,2,1249,1250,1,0,-1,1236,1236,0,0,-16
1787457104.611,U',0,1,-,119.0,2122,3132,-14,2,0,1091,1090,-1,0,-1,675,674,-1,3,-7,3505,3505,0,2,2,1249,1249,0,0,-2,1236,1236,0,0,-16
1787457104.749,U',0,1,-,119.0,3134,61,-1,3,-3,1091,1090,-1,0,-1,675,674,-1,3,-7,3505,3505,0,2,2,1249,1250,1,0,-1,1236,1236,0,0,-16
1787457104.887,U',0,1,-,119.0,63,1100,13,0,-2,1091,1090,-1,0,-1,675,674,-1,3,-7,3505,3506,1,2,3,1249,1250,1,0,-1,1236,1236,0,0,-16
1787457105.024,U',0,1,-,119.0,1102,2119,-7,1,-3,1091,1090,-1,0,-1,675,674,-1,3,-7,3505,3506,1,2,3,1249,1250,1,0,-1,1236,1236,0,0,-16
1787457105.162,U',0,1,-,119.0,2122,3132,-14,2,0,1091,1090,-1,0,-1,675,674,-1,3,-7,3505,3505,0,2,2,1249,1250,1,0,-1,1236,1236,0,0,-16
1787457105.299,U',0,1,-,119.0,3133,61,0,3,-3,1091,1090,-1,0,-1,675,674,-1,3,-7,3506,3506,0,2,3,1249,1250,1,0,-1,1236,1236,0,0,-16
1787457105.437,U',0,1,-,119.0,63,1100,13,0,-2,1091,1090,-1,0,-1,675,674,-1,3,-7,3505,3505,0,2,2,1249,1249,0,0,-2,1236,1236,0,0,-16
1787457105.573,U',0,1,-,119.0,1101,2119,-6,1,-3,1091,1090,-1,0,-1,675,674,-1,3,-7,3505,3505,0,2,2,1249,1250,1,0,-1,1236,1236,0,0,-16
1787457105.703,U',0,1,-,119.0,2122,3132,-14,2,0,1091,1090,-1,0,-1,675,674,-1,3,-7,3505,3506,1,2,3,1249,1250,1,0,-1,1236,1236,0,0,-16
1787457105.845,U',0,1,-,119.0,3134,61,-1,3,-3,1091,1090,-1,0,-1,675,674,-1,3,-7,3505,3505,0,2,2,1249,1250,1,0,-1,1236,1236,0,0,-16
1787457105.985,U',0,1,-,119.0,63,1100,13,0,-2,1091,1090,-1,0,-1,675,674,-1,3,-7,3505,3505,0,2,2,1249,1250,1,0,-1,1236,1236,0,0,-16
1787457106.124,U',0,1,-,119.0,1101,2119,-6,1,-3,1091,1090,-1,0,-1,675,674,-1,3,-7,3505,3506,1,2,3,1249,1250,1,0,-1,1236,1236,0,0,-16
1787457106.259,U',0,1,-,119.0,2122,3132,-14,2,0,1091,1090,-1,0,-1,675,674,-1,3,-7,3505,3505,0,2,2,1249,1250,1,0,-1,1236,1236,0,0,-16
1787457106.399,U',0,1,-,119.0,3134,61,-1,3,-3,1091,1090,-1,0,-1,675,674,-1,3,-7,3505,3506,1,2,3,1249,1250,1,0,-1,1236,1236,0,0,-16
1787457106.534,U',0,1,-,119.0,63,1100,13,0,-2,1091,1090,-1,0,-1,675,674,-1,3,-7,3506,3505,-1,2,2,1249,1250,1,0,-1,1236,1236,0,0,-16
1787457106.666,U',0,1,-,119.0,1101,2119,-6,1,-3,1091,1090,-1,0,-1,675,674,-1,3,-7,3505,3505,0,2,2,1249,1250,1,0,-1,1236,1236,0,0,-16
1787457106.798,U',0,1,-,119.0,2123,3132,-15,2,0,1091,1090,-1,0,-1,675,674,-1,3,-7,3505,3505,0,2,2,1249,1250,1,0,-1,1236,1236,0,0,-16
1787457106.949,U',0,1,-,119.0,3133,61,0,3,-3,1091,1090,-1,0,-1,675,674,-1,3,-7,3505,3505,0,2,2,1249,1250,1,0,-1,1236,1236,0,0,-16
1787457107.086,U',0,1,-,119.0,64,1100,12,0,-2,1091,1090,-1,0,-1,675,674,-1,3,-7,3505,3506,1,2,3,1249,1250,1,0,-1,1236,1236,0,0,-16
1787457107.224,U',0,1,-,119.0,1101,2119,-6,1,-3,1091,1090,-1,0,-1,675,674,-1,3,-7,3505,3505,0,2,2,1249,1250,1,0,-1,1236,1236,0,0,-16
1787457107.360,U',0,1,-,119.0,2122,3132,-14,2,0,1091,1090,-1,0,-1,675,674,-1,3,-7,3505,3506,1,2,3,1250,1250,0,0,-1,1236,1236,0,0,-16
1787457142.807,U,0,1,-,119.0,3134,2119,9,1,-3,1091,1090,-1,0,-1,675,674,-1,3,-7,3505,3505,0,2,2,1249,1250,1,0,-1,1236,1236,0,0,-16
1787457142.943,U',0,1,-,119.0,2123,3132,-15,2,0,1091,1090,-1,0,-1,675,674,-1,3,-7,3505,3506,1,2,3,1250,1250,0,0,-1,1236,1236,0,0,-16
1787457143.083,U,0,1,-,119.0,3134,2119,9,1,-3,1091,1090,-1,0,-1,675,674,-1,3,-7,3505,3506,1,2,3,1249,1250,1,0,-1,1236,1236,0,0,-16
1787457143.221,U',0,1,-,119.0,2123,3131,-16,2,-1,1091,1090,-1,0,-1,675,674,-1,3,-7,3505,3506,1,2,3,1249,1250,1,0,-1,1236,1236,0,0,-16
1787457143.354,U,0,1,-,119.0,3134,2119,9,1,-3,1091,1090,-1,0,-1,675,674,-1,3,-7,3505,3506,1,2,3,1249,1250,1,0,-1,1236,1236,0,0,-16
1787457143.496,U',0,1,-,119.0,2123,3132,-15,2,0,1091,1090,-1,0,-1,675,674,-1,3,-7,3505,3506,1,2,3,1249,1250,1,0,-1,1236,1236,0,0,-16
1787457143.636,U,0,1,-,119.0,3134,2119,9,1,-3,1091,1090,-1,0,-1,675,674,-1,3,-7,3505,3506,1,2,3,1249,1250,1,0,-1,1236,1236,0,0,-16
1787457143.769,U',0,1,-,119.0,2123,3132,-15,2,0,1091,1090,-1,0,-1,675,674,-1,3,-7,3505,3506,1,2,3,1249,1249,0,0,-2,1236,1236,0,0,-16
1787457143.909,U,0,1,-,119.0,3134,2118,8,1,-4,1091,1090,-1,0,-1,675,674,-1,3,-7,3505,3505,0,2,2,1249,1250,1,0,-1,1236,1236,0,0,-16
1787457144.039,U',0,1,-,119.0,2123,3132,-15,2,0,1091,1090,-1,0,-1,675,674,-1,3,-7,3505,3506,1,2,3,1249,1250,1,0,-1,1236,1236,0,0,-16
1787457144.176,U,0,1,-,119.0,3134,2119,9,1,-3,1091,1090,-1,0,-1,675,674,-1,3,-7,3505,3506,1,2,3,1249,1250,1,0,-1,1236,1236,0,0,-16
1787457144.319,U',0,1,-,119.0,2123,3132,-15,2,0,1091,1090,-1,0,-1,675,673,-2,3,-8,3505,3505,0,2,2,1250,1250,0,0,-1,1236,1236,0,0,-16
1787457144.458,U,0,1,-,119.0,3134,2118,8,1,-4,1091,1090,-1,0,-1,675,674,-1,3,-7,3506,3505,-1,2,2,1249,1250,1,0,-1,1236,1236,0,0,-16
1787457144.593,U',0,1,-,119.0,2123,3132,-15,2,0,1091,1090,-1,0,-1,675,674,-1,3,-7,3505,3505,0,2,2,1249,1250,1,0,-1,1236,1236,0,0,-16
1787457144.729,U,0,1,-,119.0,3134,2119,9,1,-3,1091,1091,0,0,0,675,673,-2,3,-8,3505,3506,1,2,3,1250,1250,0,0,-1,1235,1236,1,0,-16
1787457144.867,U',0,1,-,119.0,2123,3132,-15,2,0,1091,1090,-1,0,-1,675,674,-1,3,-7,3505,3506,1,2,3,1249,1250,1,0,-1,1236,1236,0,0,-16
1787457145.000,U,0,1,-,119.0,3134,2119,9,1,-3,1091,1090,-1,0,-1,675,673,-2,3,-8,3505,3506,1,2,3,1250,1250,0,0,-1,1236,1236,0,0,-16
1787457145.143,U',0,1,-,119.0,2123,3132,-15,2,0,1091,1090,-1,0,-1,675,674,-1,3,-7,3505,3505,0,2,2,1250,1250,0,0,-1,1236,1236,0,0,-16
1787457145.283,U,0,1,-,119.0,3134,2119,9,1,-3,1091,1090,-1,0,-1,675,674,-1,3,-7,3505,3505,0,2,2,1249,1250,1,0,-1,1236,1236,0,0,-16
1787457145.420,U',0,1,-,119.0,2123,3133,-14,2,1,1091,1090,-1,0,-1,675,674,-1,3,-7,3505,3505,0,2,2,1249,1250,1,0,-1,1236,1236,0,0,-16
1787457145.558,U,0,1,-,119.0,3134,2119,9,1,-3,1091,1090,-1,0,-1,675,674,-1,3,-7,3505,3505,0,2,2,1249,1250,1,0,-1,1236,1236,0,0,-16
1787457145.695,U',0,1,-,119.0,2123,3132,-15,2,0,1091,1090,-1,0,-1,675,674,-1,3,-7,3505,3506,1,2,3,1249,1250,1,0,-1,1236,1236,0,0,-16
1787457145.826,U,0,1,-,119.0,3134,2119,9,1,-3,1091,1090,-1,0,-1,675,674,-1,3,-7,3505,3505,0,2,2,1249,1250,1,0,-1,1236,1236,0,0,-16
1787457145.970,U',0,1,-,119.0,2123,3132,-15,2,0,1091,1090,-1,0,-1,675,674,-1,3,-7,3505,3505,0,2,2,1249,1250,1,0,-1,1236,1236,0,0,-16
1787457146.108,U,0,1,-,119.0,3135,2118,7,1,-4,1091,1090,-1,0,-1,675,674,-1,3,-7,3505,3506,1,2,3,1249,1250,1,0,-1,1236,1236,0,0,-16
1787457146.245,U',0,1,-,119.0,2123,3132,-15,2,0,1091,1090,-1,0,-1,675,674,-1,3,-7,3505,3505,0,2,2,1249,1249,0,0,-2,1236,1236,0,0,-16
1787457146.382,U,0,1,-,119.0,3134,2119,9,1,-3,1091,1090,-1,0,-1,675,674,-1,3,-7,3505,3505,0,2,2,1249,1249,0,0,-2,1236,1236,0,0,-16
1787457146.520,U',0,1,-,119.0,2123,3132,-15,2,0,1091,1090,-1,0,-1,675,674,-1,3,-7,3505,3506,1,2,3,1249,1250,1,0,-1,1236,1236,0,0,-16
1787457146.653,U,0,1,-,119.0,3134,2119,9,1,-3,1091,1091,0,0,0,675,674,-1,3,-7,3505,3506,1,2,3,1249,1249,0,0,-2,1236,1236,0,0,-16
1787457146.789,U',0,1,-,119.0,2123,3132,-15,2,0,1091,1090,-1,0,-1,675,674,-1,3,-7,3505,3506,1,2,3,1249,1249,0,0,-2,1236,1236,0,0,-16
1787457146.919,U,0,1,-,119.0,3134,2119,9,1,-3,1091,1090,-1,0,-1,675,674,-1,3,-7,3505,3506,1,2,3,1249,1250,1,0,-1,1236,1236,0,0,-16
1787457147.070,U',0,1,-,119.0,2123,3132,-15,2,0,1091,1090,-1,0,-1,675,674,-1,3,-7,3505,3505,0,2,2,1250,1250,0,0,-1,1236,1236,0,0,-16
1787457147.207,U,0,1,-,119.0,3134,2119,9,1,-3,1091,1090,-1,0,-1,675,674,-1,3,-7,3506,3505,-1,2,2,1249,1250,1,0,-1,1236,1236,0,0,-16
1787457147.345,U',0,1,-,119.0,2123,3132,-15,2,0,1091,1090,-1,0,-1,675,674,-1,3,-7,3505,3505,0,2,2,1249,1249,0,0,-2,1236,1236,0,0,-16
1787457147.483,U,0,1,-,119.0,3134,2119,9,1,-3,1091,1090,-1,0,-1,675,674,-1,3,-7,3505,3505,0,2,2,1249,1250,1,0,-1,1236,1236,0,0,-16
1787457147.619,U',0,1,-,119.0,2123,3132,-15,2,0,1091,1090,-1,0,-1,675,674,-1,3,-7,3505,3505,0,2,2,1249,1250,1,0,-1,1236,1236,0,0,-16
1787457147.750,U,0,1,-,119.0,3134,2119,9,1,-3,1091,1090,-1,0,-1,675,674,-1,3,-7,3505,3505,0,2,2,1249,1250,1,0,-1,1236,1236,0,0,-16
1787457147.886,U',0,1,-,119.0,2123,3132,-15,2,0,1091,1090,-1,0,-1,675,674,-1,3,-7,3506,3505,-1,2,2,1249,1250,1,0,-1,1236,1236,0,0,-16
1787457148.032,U,0,1,-,119.0,3134,2119,9,1,-3,1091,1090,-1,0,-1,675,674,-1,3,-7,3506,3505,-1,2,2,1250,1250,0,0,-1,1236,1236,0,0,-16
1787457148.170,U',0,1,-,119.0,2123,3132,-15,2,0,1091,1090,-1,0,-1,675,674,-1,3,-7,3505,3505,0,2,2,1249,1249,0,0,-2,1236,1236,0,0,-16
1787457148.308,U,0,1,-,119.0,3134,2119,9,1,-3,1091,1090,-1,0,-1,675,674,-1,3,-7,3505,3506,1,2,3,1249,1250,1,0,-1,1236,1236,0,0,-16
1787457148.445,U',0,1,-,119.0,2123,3132,-15,2,0,1091,1090,-1,0,-1,675,674,-1,3,-7,3505,3505,0,2,2,1249,1250,1,0,-1,1236,1236,0,0,-16
1787457148.583,U,0,1,-,119.0,3134,2119,9,1,-3,1091,1090,-1,0,-1,675,674,-1,3,-7,3505,3506,1,2,3,1249,1250,1,0,-1,1236,1236,0,0,-16
1787457148.720,U',0,1,-,119.0,2123,3132,-15,2,0,1091,1090,-1,0,-1,675,674,-1,3,-7,3505,3505,0,2,2,1249,1250,1,0,-1,1236,1236,0,0,-16
1787457148.852,U,0,1,-,119.0,3134,2119,9,1,-3,1091,1090,-1,0,-1,675,674,-1,3,-7,3505,3505,0,2,2,1249,1250,1,0,-1,1236,1236,0,0,-16
1787457148.991,U',0,1,-,119.0,2123,3132,-15,2,0,1091,1090,-1,0,-1,675,674,-1,3,-7,3505,3506,1,2,3,1249,1250,1,0,-1,1236,1236,0,0,-16
1787457149.126,U,0,1,-,119.0,3134,2119,9,1,-3,1091,1090,-1,0,-1,675,674,-1,3,-7,3505,3506,1,2,3,1249,1250,1,0,-1,1236,1236,0,0,-16
1787457149.269,U',0,1,-,119.0,2123,3132,-15,2,0,1091,1090,-1,0,-1,675,674,-1,3,-7,3506,3506,0,2,3,1249,1250,1,0,-1,1236,1236,0,0,-16
1787457149.401,U,0,1,-,119.0,3134,2119,9,1,-3,1091,1090,-1,0,-1,675,674,-1,3,-7,3505,3505,0,2,2,1249,1250,1,0,-1,1236,1236,0,0,-16
1787457149.544,U',0,1,-,119.0,2123,3132,-15,2,0,1091,1090,-1,0,-1,675,674,-1,3,-7,3505,3505,0,2,2,1249,1250,1,0,-1,1236,1236,0,0,-16
1787457149.682,U,0,1,-,119.0,3134,2119,9,1,-3,1091,1090,-1,0,-1,675,674,-1,3,-7,3505,3506,1,2,3,1249,1250,1,0,-1,1236,1236,0,0,-16
1787457149.819,U',0,1,-,119.0,2123,3132,-15,2,0,1091,1090,-1,0,-1,675,674,-1,3,-7,3505,3506,1,2,3,1249,1250,1,0,-1,1236,1236,0,0,-16
1787457149.958,U,0,1,-,119.0,3134,2119,9,1,-3,1091,1090,-1,0,-1,675,674,-1,3,-7,3505,3506,1,2,3,1249,1250,1,0,-1,1236,1236,0,0,-16
1787457150.092,U',0,1,-,119.0,2123,3132,-15,2,0,1091,1090,-1,0,-1,675,674,-1,3,-7,3505,3505,0,2,2,1249,1250,1,0,-1,1236,1236,0,0,-16
1787457150.233,U,0,1,-,119.0,3134,2119,9,1,-3,1091,1090,-1,0,-1,675,674,-1,3,-7,3505,3505,0,2,2,1249,1250,1,0,-1,1236,1236,0,0,-16
1787457150.369,U',0,1,-,119.0,2123,3132,-15,2,0,1091,1090,-1,0,-1,675,674,-1,3,-7,3505,3506,1,2,3,1249,1250,1,0,-1,1236,1236,0,0,-16
1787457150.502,U,0,1,-,119.0,3134,2119,9,1,-3,1091,1090,-1,0,-1,675,674,-1,3,-7,3505,3506,1,2,3,1249,1250,1,0,-1,1236,1236,0,0,-16
1787457150.644,U',0,1,-,119.0,2123,3132,-15,2,0,1091,1090,-1,0,-1,675,674,-1,3,-7,3505,3506,1,2,3,1249,1250,1,0,-1,1236,1236,0,0,-16
1787457150.783,U,0,1,-,119.0,3134,2119,9,1,-3,1091,1090,-1,0,-1,675,674,-1,3,-7,3505,3505,0,2,2,1249,1250,1,0,-1,1236,1236,0,0,-16
1787457150.920,U',0,1,-,119.0,2123,3132,-15,2,0,1091,1090,-1,0,-1,675,674,-1,3,-7,3505,3506,1,2,3,1249,1249,0,0,-2,1236,1236,0,0,-16
1787457151.053,U,0,1,-,119.0,3134,2119,9,1,-3,1091,1090,-1,0,-1,675,674,-1,3,-7,3505,3505,0,2,2,1249,1250,1,0,-1,1236,1236,0,0,-16
1787457151.195,U',0,1,-,119.0,2123,3132,-15,2,0,1091,1090,-1,0,-1,675,674,-1,3,-7,3505,3505,0,2,2,1249,1250,1,0,-1,1236,1236,0,0,-16
1787457151.332,U,0,1,-,119.0,3134,2119,9,1,-3,1091,1090,-1,0,-1,675,674,-1,3,-7,3505,3505,0,2,2,1249,1250,1,0,-1,1236,1236,0,0,-16
1787457151.468,U',0,1,-,119.0,2123,3132,-15,2,0,1091,1090,-1,0,-1,675,674,-1,3,-7,3505,3505,0,2,2,1249,1250,1,0,-1,1236,1236,0,0,-16
1787457151.608,U,0,1,-,119.0,3134,2119,9,1,-3,1091,1090,-1,0,-1,675,673,-2,3,-8,3505,3505,0,2,2,1249,1249,0,0,-2,1236,1236,0,0,-16
1787457151.736,U',0,1,-,119.0,2123,3132,-15,2,0,1091,1090,-1,0,-1,675,674,-1,3,-7,3505,3505,0,2,2,1249,1250,1,0,-1,1236,1236,0,0,-16
1787457151.881,U,0,1,-,119.0,3134,2119,9,1,-3,1091,1090,-1,0,-1,675,674,-1,3,-7,3505,3505,0,2,2,1249,1250,1,0,-1,1236,1236,0,0,-16
1787457152.020,U',0,1,-,119.0,2123,3132,-15,2,0,1091,1090,-1,0,-1,675,674,-1,3,-7,3505,3505,0,2,2,1249,1250,1,0,-1,1236,1236,0,0,-16
1787457152.154,U,0,1,-,119.0,3134,2119,9,1,-3,1091,1090,-1,0,-1,675,674,-1,3,-7,3505,3505,0,2,2,1249,1250,1,0,-1,1235,1236,1,0,-16
1787457152.290,U',0,1,-,119.0,2123,3132,-15,2,0,1091,1090,-1,0,-1,675,674,-1,3,-7,3505,3506,1,2,3,1249,1250,1,0,-1,1236,1236,0,0,-16
1787457152.424,U,0,1,-,119.0,3134,2119,9,1,-3,1091,1090,-1,0,-1,675,674,-1,3,-7,3505,3506,1,2,3,1249,1250,1,0,-1,1236,1236,0,0,-16
1787457152.570,U',0,1,-,119.0,2123,3132,-15,2,0,1091,1090,-1,0,-1,675,674,-1,3,-7,3505,3505,0,2,2,1249,1250,1,0,-1,1236,1236,0,0,-16
1787457152.704,U,0,1,-,119.0,3134,2119,9,1,-3,1091,1090,-1,0,-1,675,674,-1,3,-7,3505,3505,0,2,2,1249,1250,1,0,-1,1236,1236,0,0,-16
1787457152.845,U',0,1,-,119.0,2123,3132,-15,2,0,1091,1090,-1,0,-1,675,674,-1,3,-7,3505,3505,0,2,2,1249,1250,1,0,-1,1236,1236,0,0,-16
1787457152.975,U,0,1,-,119.0,3134,2119,9,1,-3,1091,1090,-1,0,-1,675,674,-1,3,-7,3505,3505,0,2,2,1249,1250,1,0,-1,1236,1236,0,0,-16
1787457153.120,U',0,1,-,119.0,2123,3132,-15,2,0,1091,1090,-1,0,-1,675,674,-1,3,-7,3505,3505,0,2,2,1249,1250,1,0,-1,1236,1236,0,0,-16
1787457153.257,U,0,1,-,119.0,3134,2119,9,1,-3,1091,1090,-1,0,-1,675,674,-1,3,-7,3505,3505,0,2,2,1249,1250,1,0,-1,1236,1236,0,0,-16
1787457153.387,U',0,1,-,119.0,2123,3132,-15,2,0,1091,1090,-1,0,-1,675,674,-1,3,-7,3505,3505,0,2,2,1249,1250,1,0,-1,1236,1236,0,0,-16
1787457153.532,U,0,1,-,119.0,3134,2118,8,1,-4,1091,1091,0,0,0,675,674,-1,3,-7,3505,3505,0,2,2,1249,1250,1,0,-1,1236,1236,0,0,-16
1787457153.670,U',0,1,-,119.0,2123,3132,-15,2,0,1091,1090,-1,0,-1,675,674,-1,3,-7,3505,3505,0,2,2,1249,1250,1,0,-1,1236,1236,0,0,-16
1787457153.806,U,0,1,-,119.0,3134,2119,9,1,-3,1091,1090,-1,0,-1,675,674,-1,3,-7,3505,3506,1,2,3,1249,1250,1,0,-1,1236,1236,0,0,-16
1787457153.944,U',0,1,-,119.0,2123,3132,-15,2,0,1091,1090,-1,0,-1,675,674,-1,3,-7,3505,3506,1,2,3,1249,1250,1,0,-1,1236,1236,0,0,-16
1787457154.073,U,0,1,-,119.0,3134,2119,9,1,-3,1091,1090,-1,0,-1,675,674,-1,3,-7,3505,3505,0,2,2,1249,1249,0,0,-2,1236,1236,0,0,-16
1787457154.218,U',0,1,-,119.0,2123,3132,-15,2,0,1091,1090,-1,0,-1,675,674,-1,3,-7,3505,3506,1,2,3,1249,1250,1,0,-1,1236,1236,0,0,-16
1787457154.355,U,0,1,-,119.0,3134,2119,9,1,-3,1091,1090,-1,0,-1,675,674,-1,3,-7,3505,3506,1,2,3,1249,1250,1,0,-1,1236,1236,0,0,-16
1787457154.494,U',0,1,-,119.0,2123,3132,-15,2,0,1091,1090,-1,0,-1,675,674,-1,3,-7,3505,3506,1,2,3,1250,1250,0,0,-1,1236,1236,0,0,-16
1787457154.624,U,0,1,-,119.0,3133,2119,10,1,-3,1091,1090,-1,0,-1,675,674,-1,3,-7,3505,3506,1,2,3,1249,1250,1,0,-1,1236,1236,0,0,-16
1787457154.766,U',0,1,-,119.0,2122,3132,-14,2,0,1091,1090,-1,0,-1,675,674,-1,3,-7,3505,3506,1,2,3,1250,1250,0,0,-1,1236,1236,0,0,-16
1787457154.907,U,0,1,-,119.0,3134,2119,9,1,-3,1091,1090,-1,0,-1,675,674,-1,3,-7,3505,3505,0,2,2,1249,1250,1,0,-1,1236,1236,0,0,-16
1787457155.045,U',0,1,-,119.0,2123,3132,-15,2,0,1091,1090,-1,0,-1,675,674,-1,3,-7,3505,3505,0,2,2,1249,1250,1,0,-1,1236,1236,0,0,-16
1787457155.182,U,0,1,-,119.0,3134,2118,8,1,-4,1091,1090,-1,0,-1,675,674,-1,3,-7,3505,3505,0,2,2,1249,1250,1,0,-1,1236,1236,0,0,-16
1787457155.320,U',0,1,-,119.0,2123,3132,-15,2,0,1091,1090,-1,0,-1,675,674,-1,3,-7,3505,3506,1,2,3,1249,1250,1,0,-1,1236,1236,0,0,-16
1787457155.457,U,0,1,-,119.0,3134,2118,8,1,-4,1091,1090,-1,0,-1,675,674,-1,3,-7,3505,3505,0,2,2,1249,1250,1,0,-1,1236,1236,0,0,-16
1787457155.595,U',0,1,-,119.0,2123,3132,-15,2,0,1091,1090,-1,0,-1,675,674,-1,3,-7,3505,3505,0,2,2,1249,1250,1,0,-1,1236,1236,0,0,-16
1787457155.732,U,0,1,-,119.0,3134,2119,9,1,-3,1091,1090,-1,0,-1,675,674,-1,3,-7,3505,3505,0,2,2,1249,1250,1,0,-1,1236,1236,0,0,-16
1787457155.870,U',0,1,-,119.0,2123,3132,-15,2,0,1091,1090,-1,0,-1,675,674,-1,3,-7,3505,3505,0,2,2,1249,1250,1,0,-1,1236,1236,0,0,-16
1787457156.003,U,0,1,-,119.0,3134,2119,9,1,-3,1091,1090,-1,0,-1,675,674,-1,3,-7,3505,3505,0,2,2,1249,1250,1,0,-1,1236,1236,0,0,-16
1787457156.135,U',0,1,-,119.0,2123,3132,-15,2,0,1091,1090,-1,0,-1,675,674,-1,3,-7,3505,3505,0,2,2,1250,1250,0,0,-1,1236,1236,0,0,-16
1787457156.279,U,0,1,-,119.0,3134,2119,9,1,-3,1091,1090,-1,0,-1,675,674,-1,3,-7,3505,3505,0,2,2,1249,1250,1,0,-1,1236,1236,0,0,-16
1787457156.419,U',0,1,-,119.0,2123,3133,-14,2,1,1091,1090,-1,0,-1,675,674,-1,3,-7,3505,3505,0,2,2,1249,1250,1,0,-1,1236,1236,0,0,-16
1787457156.556,U,0,1,-,119.0,3134,2119,9,1,-3,1091,1090,-1,0,-1,675,674,-1,3,-7,3505,3505,0,2,2,1249,1250,1,0,-1,1236,1236,0,0,-16
1787457156.695,U',0,1,-,119.0,2123,3132,-15,2,0,1091,1090,-1,0,-1,675,674,-1,3,-7,3505,3506,1,2,3,1249,1250,1,0,-1,1236,1236,0,0,-16
1787457156.832,U,0,1,-,119.0,3134,2119,9,1,-3,1091,1090,-1,0,-1,675,674,-1,3,-7,3505,3505,0,2,2,1249,1250,1,0,-1,1236,1236,0,0,-16
1787457156.967,U',0,1,-,119.0,2123,3132,-15,2,0,1091,1090,-1,0,-1,675,674,-1,3,-7,3506,3505,-1,2,2,1249,1250,1,0,-1,1236,1236,0,0,-16
1787457157.103,U,0,1,-,119.0,3134,2119,9,1,-3,1091,1090,-1,0,-1,675,674,-1,3,-7,3505,3505,0,2,2,1249,1250,1,0,-1,1235,1236,1,0,-16
1787457157.236,U',0,1,-,119.0,2123,3132,-15,2,0,1091,1090,-1,0,-1,675,674,-1,3,-7,3505,3505,0,2,2,1249,1250,1,0,-1,1236,1236,0,0,-16
1787457157.381,U,0,1,-,119.0,3134,2119,9,1,-3,1091,1090,-1,0,-1,675,674,-1,3,-7,3505,3505,0,2,2,1249,1250,1,0,-1,1236,1236,0,0,-16
1787457157.520,U',0,1,-,119.0,2123,3132,-15,2,0,1091,1090,-1,0,-1,675,674,-1,3,-7,3505,3505,0,2,2,1250,1250,0,0,-1,1236,1236,0,0,-16
1787457157.657,U,0,1,-,119.0,3134,2119,9,1,-3,1091,1090,-1,0,-1,675,674,-1,3,-7,3505,3505,0,2,2,1249,1250,1,0,-1,1236,1236,0,0,-16
1787457157.792,U',0,1,-,119.0,2123,3132,-15,2,0,1091,1090,-1,0,-1,675,674,-1,3,-7,3505,3505,0,2,2,1249,1250,1,0,-1,1236,1236,0,0,-16
1787457157.932,U,0,1,-,119.0,3134,2119,9,1,-3,1091,1090,-1,0,-1,675,674,-1,3,-7,3505,3505,0,2,2,1249,1250,1,0,-1,1236,1236,0,0,-16
1787457158.070,U',0,1,-,119.0,2123,3132,-15,2,0,1091,1090,-1,0,-1,675,674,-1,3,-7,3505,3506,1,2,3,1249,1250,1,0,-1,1236,1236,0,0,-16
1787457158.206,U,0,1,-,119.0,3134,2119,9,1,-3,1091,1090,-1,0,-1,675,674,-1,3,-7,3505,3506,1,2,3,1249,1250,1,0,-1,1236,1236,0,0,-16
1787457158.343,U',0,1,-,119.0,2123,3132,-15,2,0,1091,1090,-1,0,-1,675,674,-1,3,-7,3505,3505,0,2,2,1250,1250,0,0,-1,1236,1236,0,0,-16
1787457158.482,U,0,1,-,119.0,3134,2119,9,1,-3,1091,1090,-1,0,-1,675,674,-1,3,-7,3505,3505,0,2,2,1249,1250,1,0,-1,1236,1236,0,0,-16
1787457158.618,U',0,1,-,119.0,2123,3132,-15,2,0,1091,1090,-1,0,-1,675,673,-2,3,-8,3505,3506,1,2,3,1249,1250,1,0,-1,1236,1236,0,0,-16
1787457158.756,U,0,1,-,119.0,3133,2119,10,1,-3,1091,1090,-1,0,-1,675,673,-2,3,-8,3505,3506,1,2,3,1249,1250,1,0,-1,1236,1236,0,0,-16
1787457158.892,U',0,1,-,119.0,2123,3132,-15,2,0,1091,1090,-1,0,-1,675,674,-1,3,-7,3505,3505,0,2,2,1249,1250,1,0,-1,1236,1236,0,0,-16
1787457159.028,U,0,1,-,119.0,3134,2119,9,1,-3,1091,1090,-1,0,-1,675,674,-1,3,-7,3505,3505,0,2,2,1249,1250,1,0,-1,1236,1236,0,0,-16
1787457159.168,U',0,1,-,119.0,2123,3132,-15,2,0,1091,1090,-1,0,-1,675,674,-1,3,-7,3505,3505,0,2,2,1249,1250,1,0,-1,1236,1236,0,0,-16
1787457159.307,U,0,1,-,119.0,3134,2119,9,1,-3,1091,1090,-1,0,-1,675,674,-1,3,-7,3505,3505,0,2,2,1249,1250,1,0,-1,1236,1236,0,0,-16
1787457159.440,U',0,1,-,119.0,2123,3132,-15,2,0,1091,1090,-1,0,-1,675,674,-1,3,-7,3505,3505,0,2,2,1249,1250,1,0,-1,1236,1236,0,0,-16
1787457159.575,U,0,1,-,119.0,3134,2119,9,1,-3,1091,1090,-1,0,-1,675,674,-1,3,-7,3505,3506,1,2,3,1249,1249,0,0,-2,1236,1236,0,0,-16
1787457159.717,U',0,1,-,119.0,2123,3132,-15,2,0,1091,1090,-1,0,-1,675,674,-1,3,-7,3505,3505,0,2,2,1249,1250,1,0,-1,1236,1236,0,0,-16
1787457159.852,U,0,1,-,119.0,3134,2119,9,1,-3,1091,1090,-1,0,-1,675,674,-1,3,-7,3505,3505,0,2,2,1249,1250,1,0,-1,1236,1236,0,0,-16
1787457159.986,U',0,1,-,119.0,2123,3132,-15,2,0,1091,1090,-1,0,-1,675,674,-1,3,-7,3506,3505,-1,2,2,1249,1250,1,0,-1,1236,1236,0,0,-16
1787457160.132,U,0,1,-,119.0,3134,2119,9,1,-3,1091,1090,-1,0,-1,675,674,-1,3,-7,3505,3505,0,2,2,1249,1250,1,0,-1,1236,1236,0,0,-16
1787457160.270,U',0,1,-,119.0,2123,3132,-15,2,0,1091,1090,-1,0,-1,675,674,-1,3,-7,3505,3505,0,2,2,1249,1250,1,0,-1,1236,1236,0,0,-16
1787457160.407,U,0,1,-,119.0,3134,2119,9,1,-3,1091,1090,-1,0,-1,675,674,-1,3,-7,3505,3505,0,2,2,1249,1250,1,0,-1,1236,1236,0,0,-16
1787457160.540,U',0,1,-,119.0,2123,3132,-15,2,0,1091,1090,-1,0,-1,675,674,-1,3,-7,3505,3505,0,2,2,1249,1250,1,0,-1,1236,1236,0,0,-16
1787457160.674,U,0,1,-,119.0,3134,2119,9,1,-3,1091,1090,-1,0,-1,675,674,-1,3,-7,3505,3506,1,2,3,1250,1250,0,0,-1,1236,1236,0,0,-16
1787457160.819,U',0,1,-,119.0,2123,3132,-15,2,0,1091,1090,-1,0,-1,675,674,-1,3,-7,3505,3506,1,2,3,1249,1249,0,0,-2,1236,1236,0,0,-16
1787457160.957,U,0,1,-,119.0,3134,2119,9,1,-3,1091,1090,-1,0,-1,675,674,-1,3,-7,3505,3505,0,2,2,1249,1250,1,0,-1,1236,1236,0,0,-16
1787457161.087,U',0,1,-,119.0,2123,3132,-15,2,0,1091,1090,-1,0,-1,675,674,-1,3,-7,3505,3506,1,2,3,1249,1250,1,0,-1,1236,1236,0,0,-16
1787457161.220,U,0,1,-,119.0,3134,2119,9,1,-3,1091,1090,-1,0,-1,675,674,-1,3,-7,3505,3505,0,2,2,1249,1250,1,0,-1,1236,1236,0,0,-16
1787457161.369,U',0,1,-,119.0,2123,3132,-15,2,0,1091,1090,-1,0,-1,675,674,-1,3,-7,3505,3505,0,2,2,1249,1250,1,0,-1,1236,1236,0,0,-16
1787457161.507,U,0,1,-,119.0,3134,2119,9,1,-3,1091,1090,-1,0,-1,675,674,-1,3,-7,3505,3505,0,2,2,1249,1249,0,0,-2,1236,1236,0,0,-16
1787457161.644,U',0,1,-,119.0,2123,3132,-15,2,0,1091,1090,-1,0,-1,675,673,-2,3,-8,3505,3506,1,2,3,1249,1250,1,0,-1,1236,1236,0,0,-16
1787457161.781,U,0,1,-,119.0,3134,2119,9,1,-3,1091,1090,-1,0,-1,675,674,-1,3,-7,3506,3505,-1,2,2,1249,1249,0,0,-2,1236,1236,0,0,-16
1787457161.917,U',0,1,-,119.0,2123,3132,-15,2,0,1091,1090,-1,0,-1,675,674,-1,3,-7,3505,3505,0,2,2,1250,1250,0,0,-1,1236,1236,0,0,-16
1787457162.052,U,0,1,-,119.0,3134,2119,9,1,-3,1091,1090,-1,0,-1,675,674,-1,3,-7,3505,3506,1,2,3,1249,1250,1,0,-1,1236,1236,0,0,-16
1787457162.188,U',0,1,-,119.0,2123,3132,-15,2,0,1091,1090,-1,0,-1,675,674,-1,3,-7,3506,3506,0,2,3,1249,1250,1,0,-1,1236,1236,0,0,-16
1787457162.322,U,0,1,-,119.0,3134,2119,9,1,-3,1091,1090,-1,0,-1,675,674,-1,3,-7,3505,3505,0,2,2,1249,1250,1,0,-1,1236,1236,0,0,-16
1787457162.469,U',0,1,-,119.0,2123,3132,-15,2,0,1091,1090,-1,0,-1,675,674,-1,3,-7,3505,3505,0,2,2,1249,1249,0,0,-2,1236,1236,0,0,-16
1787457162.606,U,0,1,-,119.0,3134,2119,9,1,-3,1091,1090,-1,0,-1,675,674,-1,3,-7,3505,3506,1,2,3,1249,1250,1,0,-1,1236,1236,0,0,-16
1787457162.744,U',0,1,-,119.0,2123,3132,-15,2,0,1091,1090,-1,0,-1,675,674,-1,3,-7,3505,3505,0,2,2,1249,1250,1,0,-1,1236,1236,0,0,-16
1787457162.881,U,0,1,-,119.0,3134,2119,9,1,-3,1091,1090,-1,0,-1,675,674,-1,3,-7,3505,3505,0,2,2,1249,1250,1,0,-1,1236,1236,0,0,-16
1787457163.019,U',0,1,-,119.0,2122,3132,-14,2,0,1091,1090,-1,0,-1,675,674,-1,3,-7,3505,3506,1,2,3,1249,1250,1,0,-1,1236,1236,0,0,-16
1787457163.153,U,0,1,-,119.0,3134,2119,9,1,-3,1091,1090,-1,0,-1,675,674,-1,3,-7,3506,3506,0,2,3,1249,1250,1,0,-1,1236,1236,0,0,-16
1787457163.290,U',0,1,-,119.0,2123,3132,-15,2,0,1091,1090,-1,0,-1,675,674,-1,3,-7,3505,3506,1,2,3,1249,1250,1,0,-1,1236,1236,0,0,-16
1787457163.423,U,0,1,-,119.0,3134,2119,9,1,-3,1091,1090,-1,0,-1,675,674,-1,3,-7,3505,3506,1,2,3,1249,1250,1,0,-1,1236,1236,0,0,-16
1787457163.562,U',0,1,-,119.0,2123,3132,-15,2,0,1091,1090,-1,0,-1,675,674,-1,3,-7,3505,3505,0,2,2,1250,1249,-1,0,-2,1236,1236,0,0,-16
1787457163.701,U,0,1,-,119.0,3134,2119,9,1,-3,1091,1090,-1,0,-1,675,674,-1,3,-7,3505,3505,0,2,2,1249,1250,1,0,-1,1236,1236,0,0,-16
1787457163.844,U',0,1,-,119.0,2123,3132,-15,2,0,1091,1090,-1,0,-1,675,674,-1,3,-7,3505,3505,0,2,2,1249,1250,1,0,-1,1236,1236,0,0,-16
1787457163.982,U,0,1,-,119.0,3134,2119,9,1,-3,1091,1090,-1,0,-1,675,674,-1,3,-7,3505,3505,0,2,2,1249,1250,1,0,-1,1236,1236,0,0,-16
1787457164.117,U',0,1,-,119.0,2123,3132,-15,2,0,1091,1090,-1,0,-1,675,674,-1,3,-7,3506,3505,-1,2,2,1250,1249,-1,0,-2,1236,1236,0,0,-16
1787457164.251,U,0,1,-,119.0,3134,2119,9,1,-3,1091,1090,-1,0,-1,675,674,-1,3,-7,3505,3505,0,2,2,1249,1250,1,0,-1,1236,1236,0,0,-16
1787457164.392,U',0,1,-,119.0,2123,3132,-15,2,0,1091,1090,-1,0,-1,675,674,-1,3,-7,3505,3505,0,2,2,1249,1250,1,0,-1,1236,1236,0,0,-16
1787457164.519,U,0,1,-,119.0,3134,2119,9,1,-3,1091,1090,-1,0,-1,675,674,-1,3,-7,3505,3505,0,2,2,1249,1250,1,0,-1,1236,1236,0,0,-16
1787457164.669,U',0,1,-,119.0,2123,3132,-15,2,0,1091,1090,-1,0,-1,675,674,-1,3,-7,3506,3505,-1,2,2,1249,1250,1,0,-1,1235,1236,1,0,-16
1787457164.807,U,0,1,-,119.0,3134,2119,9,1,-3,1091,1090,-1,0,-1,675,674,-1,3,-7,3505,3506,1,2,3,1249,1250,1,0,-1,1236,1236,0,0,-16
1787457164.938,U',0,1,-,119.0,2123,3132,-15,2,0,1091,1090,-1,0,-1,675,674,-1,3,-7,3505,3505,0,2,2,1249,1250,1,0,-1,1236,1236,0,0,-16
1787457165.082,U,0,1,-,119.0,3134,2119,9,1,-3,1091,1090,-1,0,-1,675,674,-1,3,-7,3505,3505,0,2,2,1249,1250,1,0,-1,1236,1236,0,0,-16
1787457165.219,U',0,1,-,119.0,2123,3132,-15,2,0,1091,1090,-1,0,-1,675,674,-1,3,-7,3505,3506,1,2,3,1249,1250,1,0,-1,1236,1236,0,0,-16
1787457165.356,U,0,1,-,119.0,3134,2119,9,1,-3,1091,1090,-1,0,-1,675,674,-1,3,-7,3505,3505,0,2,2,1249,1250,1,0,-1,1236,1236,0,0,-16
1787457165.493,U',0,1,-,119.0,2123,3132,-15,2,0,1091,1090,-1,0,-1,675,673,-2,3,-8,3505,3505,0,2,2,1249,1249,0,0,-2,1236,1236,0,0,-16
1787457165.620,U,0,1,-,119.0,3134,2119,9,1,-3,1091,1090,-1,0,-1,675,674,-1,3,-7,3505,3506,1,2,3,1249,1250,1,0,-1,1236,1236,0,0,-16
1787457165.769,U',0,1,-,119.0,2123,3132,-15,2,0,1091,1090,-1,0,-1,675,674,-1,3,-7,3505,3506,1,2,3,1249,1249,0,0,-2,1236,1236,0,0,-16
1787457165.902,U,0,1,-,119.0,3134,2119,9,1,-3,1091,1090,-1,0,-1,675,674,-1,3,-7,3505,3506,1,2,3,1249,1250,1,0,-1,1235,1235,0,0,-17
1787457166.044,U',0,1,-,119.0,2123,3132,-15,2,0,1091,1090,-1,0,-1,675,673,-2,3,-8,3505,3506,1,2,3,1249,1250,1,0,-1,1236,1236,0,0,-16
1787457166.180,U,0,1,-,119.0,3134,2119,9,1,-3,1091,1090,-1,0,-1,675,674,-1,3,-7,3505,3505,0,2,2,1249,1250,1,0,-1,1236,1236,0,0,-16
1787457166.317,U',0,1,-,119.0,2123,3132,-15,2,0,1091,1090,-1,0,-1,675,674,-1,3,-7,3505,3505,0,2,2,1250,1249,-1,0,-2,1235,1236,1,0,-16
1787457166.450,U,0,1,-,119.0,3134,2119,9,1,-3,1091,1090,-1,0,-1,675,674,-1,3,-7,3505,3505,0,2,2,1249,1250,1,0,-1,1236,1236,0,0,-16
1787457166.586,U',0,1,-,119.0,2123,3132,-15,2,0,1091,1090,-1,0,-1,675,674,-1,3,-7,3505,3505,0,2,2,1249,1250,1,0,-1,1236,1236,0,0,-16
1787457166.721,U,0,1,-,119.0,3134,2119,9,1,-3,1091,1090,-1,0,-1,675,674,-1,3,-7,3505,3505,0,2,2,1249,1250,1,0,-1,1236,1236,0,0,-16
1787457166.869,U',0,1,-,119.0,2123,3132,-15,2,0,1091,1090,-1,0,-1,675,674,-1,3,-7,3505,3505,0,2,2,1249,1250,1,0,-1,1236,1236,0,0,-16
1787457167.006,U,0,1,-,119.0,3134,2118,8,1,-4,1091,1090,-1,0,-1,675,674,-1,3,-7,3505,3505,0,2,2,1249,1250,1,0,-1,1236,1236,0,0,-16
1787457167.143,U',0,1,-,119.0,2123,3132,-15,2,0,1091,1090,-1,0,-1,675,674,-1,3,-7,3505,3505,0,2,2,1249,1250,1,0,-1,1236,1236,0,0,-16
1787457167.278,U,0,1,-,119.0,3134,2119,9,1,-3,1091,1090,-1,0,-1,675,674,-1,3,-7,3505,3505,0,2,2,1249,1250,1,0,-1,1236,1236,0,0,-16
1787457167.419,U',0,1,-,119.0,2122,3132,-14,2,0,1091,1090,-1,0,-1,675,674,-1,3,-7,3505,3505,0,2,2,1249,1250,1,0,-1,1236,1236,0,0,-16
1787457167.560,U,0,1,-,119.0,3134,2119,9,1,-3,1091,1090,-1,0,-1,675,674,-1,3,-7,3505,3505,0,2,2,1249,1250,1,0,-1,1236,1236,0,0,-16
1787457167.694,U',0,1,-,119.0,2123,3133,-14,2,1,1091,1090,-1,0,-1,675,674,-1,3,-7,3505,3505,0,2,2,1249,1250,1,0,-1,1236,1236,0,0,-16
1787457167.831,U,0,1,-,119.0,3134,2119,9,1,-3,1091,1091,0,0,0,675,674,-1,3,-7,3505,3506,1,2,3,1249,1250,1,0,-1,1236,1236,0,0,-16
1787457167.955,U',0,1,-,119.0,2123,3132,-15,2,0,1091,1090,-1,0,-1,675,674,-1,3,-7,3505,3505,0,2,2,1249,1250,1,0,-1,1236,1236,0,0,-16
1787457168.104,U,0,1,-,119.0,3134,2119,9,1,-3,1091,1090,-1,0,-1,675,674,-1,3,-7,3505,3505,0,2,2,1249,1250,1,0,-1,1236,1236,0,0,-16
1787457168.239,U',0,1,-,119.0,2123,3132,-15,2,0,1091,1090,-1,0,-1,675,674,-1,3,-7,3505,3506,1,2,3,1249,1250,1,0,-1,1236,1236,0,0,-16
1787457168.376,U,0,1,-,119.0,3134,2119,9,1,-3,1091,1090,-1,0,-1,675,674,-1,3,-7,3505,3506,1,2,3,1249,1250,1,0,-1,1236,1236,0,0,-16
1787457168.518,U',0,1,-,119.0,2123,3132,-15,2,0,1091,1090,-1,0,-1,675,674,-1,3,-7,3505,3505,0,2,2,1249,1249,0,0,-2,1236,1236,0,0,-16
1787457168.651,U,0,1,-,119.0,3134,2119,9,1,-3,1091,1090,-1,0,-1,675,674,-1,3,-7,3505,3506,1,2,3,1249,1250,1,0,-1,1235,1236,1,0,-16
1787457168.793,U',0,1,-,119.0,2123,3132,-15,2,0,1091,1090,-1,0,-1,675,674,-1,3,-7,3505,3505,0,2,2,1249,1250,1,0,-1,1236,1236,0,0,-16
1787457168.918,U,0,1,-,119.0,3134,2119,9,1,-3,1091,1090,-1,0,-1,675,674,-1,3,-7,3505,3506,1,2,3,1249,1250,1,0,-1,1236,1236,0,0,-16
1787457169.068,U',0,1,-,119.0,2123,3133,-14,2,1,1091,1090,-1,0,-1,675,674,-1,3,-7,3505,3506,1,2,3,1249,1250,1,0,-1,1236,1236,0,0,-16
1787457169.202,U,0,1,-,119.0,3134,2119,9,1,-3,1091,1090,-1,0,-1,675,674,-1,3,-7,3505,3506,1,2,3,1249,1250,1,0,-1,1236,1236,0,0,-16
1787457169.336,U',0,1,-,119.0,2123,3132,-15,2,0,1091,1090,-1,0,-1,675,674,-1,3,-7,3505,3505,0,2,2,1249,1250,1,0,-1,1236,1236,0,0,-16
1787457169.482,U,0,1,-,119.0,3134,2118,8,1,-4,1091,1090,-1,0,-1,675,674,-1,3,-7,3505,3505,0,2,2,1249,1250,1,0,-1,1236,1236,0,0,-16
1787457169.619,U',0,1,-,119.0,2123,3132,-15,2,0,1091,1090,-1,0,-1,675,674,-1,3,-7,3505,3505,0,2,2,1249,1250,1,0,-1,1236,1236,0,0,-16
1787457169.756,U,0,1,-,119.0,3134,2118,8,1,-4,1091,1090,-1,0,-1,675,674,-1,3,-7,3505,3505,0,2,2,1249,1249,0,0,-2,1236,1235,-1,0,-17
1787457169.894,U',0,1,-,119.0,2123,3132,-15,2,0,1091,1090,-1,0,-1,675,674,-1,3,-7,3505,3506,1,2,3,1249,1250,1,0,-1,1236,1236,0,0,-16
1787457170.031,U,0,1,-,119.0,3134,2119,9,1,-3,1091,1090,-1,0,-1,675,674,-1,3,-7,3505,3505,0,2,2,1249,1250,1,0,-1,1236,1236,0,0,-16
1787457170.168,U',0,1,-,119.0,2123,3132,-15,2,0,1091,1090,-1,0,-1,675,674,-1,3,-7,3505,3505,0,2,2,1249,1250,1,0,-1,1236,1236,0,0,-16
1787457170.304,U,0,1,-,119.0,3134,2119,9,1,-3,1091,1090,-1,0,-1,675,674,-1,3,-7,3505,3506,1,2,3,1249,1250,1,0,-1,1236,1236,0,0,-16
1787457170.442,U',0,1,-,119.0,2123,3132,-15,2,0,1091,1090,-1,0,-1,675,674,-1,3,-7,3505,3506,1,2,3,1249,1250,1,0,-1,1236,1236,0,0,-16
1787457170.575,U,0,1,-,119.0,3133,2119,10,1,-3,1091,1090,-1,0,-1,675,674,-1,3,-7,3505,3505,0,2,2,1249,1250,1,0,-1,1235,1236,1,0,-16
1787457170.718,U',0,1,-,119.0,2123,3132,-15,2,0,1091,1090,-1,0,-1,675,674,-1,3,-7,3505,3506,1,2,3,1250,1250,0,0,-1,1236,1236,0,0,-16
1787457170.855,U,0,1,-,119.0,3134,2119,9,1,-3,1091,1090,-1,0,-1,675,674,-1,3,-7,3505,3505,0,2,2,1249,1250,1,0,-1,1236,1236,0,0,-16
1787457170.994,U',0,1,-,119.0,2123,3132,-15,2,0,1091,1090,-1,0,-1,675,674,-1,3,-7,3505,3506,1,2,3,1249,1250,1,0,-1,1236,1236,0,0,-16
1787457171.131,U,0,1,-,119.0,3134,2119,9,1,-3,1091,1090,-1,0,-1,675,674,-1,3,-7,3505,3505,0,2,2,1249,1250,1,0,-1,1235,1236,1,0,-16
1787457171.269,U',0,1,-,119.0,2123,3132,-15,2,0,1091,1090,-1,0,-1,675,674,-1,3,-7,3505,3505,0,2,2,1249,1250,1,0,-1,1236,1236,0,0,-16
1787457171.406,U,0,1,-,119.0,3134,2119,9,1,-3,1091,1090,-1,0,-1,675,674,-1,3,-7,3505,3505,0,2,2,1250,1250,0,0,-1,1236,1236,0,0,-16
1787457171.543,U',0,1,-,119.0,2123,3132,-15,2,0,1091,1090,-1,0,-1,675,674,-1,3,-7,3505,3505,0,2,2,1249,1250,1,0,-1,1236,1236,0,0,-16
1787457171.678,U,0,1,-,119.0,3134,2119,9,1,-3,1091,1090,-1,0,-1,675,674,-1,3,-7,3505,3505,0,2,2,1249,1250,1,0,-1,1236,1236,0,0,-16
1787457171.819,U',0,1,-,119.0,2123,3132,-15,2,0,1091,1090,-1,0,-1,675,674,-1,3,-7,3505,3505,0,2,2,1250,1250,0,0,-1,1236,1236,0,0,-16
1787457171.955,U,0,1,-,119.0,3134,2118,8,1,-4,1091,1090,-1,0,-1,675,674,-1,3,-7,3505,3505,0,2,2,1249,1250,1,0,-1,1236,1236,0,0,-16
1787457172.093,U',0,1,-,119.0,2122,3132,-14,2,0,1091,1090,-1,0,-1,675,674,-1,3,-7,3505,3505,0,2,2,1249,1250,1,0,-1,1236,1236,0,0,-16
1787457172.231,U,0,1,-,119.0,3134,2118,8,1,-4,1091,1090,-1,0,-1,675,674,-1,3,-7,3505,3506,1,2,3,1250,1250,0,0,-1,1235,1236,1,0,-16
1787457172.369,U',0,1,-,119.0,2123,3132,-15,2,0,1091,1090,-1,0,-1,675,674,-1,3,-7,3505,3505,0,2,2,1249,1250,1,0,-1,1236,1236,0,0,-16
1787457172.504,U,0,1,-,119.0,3133,2119,10,1,-3,1091,1090,-1,0,-1,675,674,-1,3,-7,3505,3505,0,2,2,1249,1250,1,0,-1,1236,1235,-1,0,-17
1787457172.643,U',0,1,-,119.0,2123,3132,-15,2,0,1091,1090,-1,0,-1,675,674,-1,3,-7,3505,3505,0,2,2,1249,1249,0,0,-2,1236,1236,0,0,-16
1787457172.781,U,0,1,-,119.0,3134,2119,9,1,-3,1091,1090,-1,0,-1,675,673,-2,3,-8,3505,3505,0,2,2,1249,1249,0,0,-2,1236,1236,0,0,-16
1787457172.919,U',0,1,-,119.0,2123,3132,-15,2,0,1091,1090,-1,0,-1,675,674,-1,3,-7,3505,3505,0,2,2,1249,1250,1,0,-1,1235,1236,1,0,-16
1787457173.056,U,0,1,-,119.0,3134,2119,9,1,-3,1091,1090,-1,0,-1,675,674,-1,3,-7,3505,3505,0,2,2,1249,1250,1,0,-1,1236,1236,0,0,-16
1787457173.193,U',0,1,-,119.0,2123,3132,-15,2,0,1091,1090,-1,0,-1,675,674,-1,3,-7,3505,3505,0,2,2,1249,1250,1,0,-1,1236,1236,0,0,-16
1787457173.330,U,0,1,-,119.0,3134,2119,9,1,-3,1091,1090,-1,0,-1,675,674,-1,3,-7,3505,3506,1,2,3,1249,1249,0,0,-2,1236,1236,0,0,-16
1787457173.469,U',0,1,-,119.0,2123,3132,-15,2,0,1091,1090,-1,0,-1,675,674,-1,3,-7,3505,3505,0,2,2,1249,1250,1,0,-1,1236,1236,0,0,-16
1787457173.605,U,0,1,-,119.0,3134,2118,8,1,-4,1091,1090,-1,0,-1,675,674,-1,3,-7,3505,3505,0,2,2,1249,1250,1,0,-1,1236,1236,0,0,-16
1787457173.742,U',0,1,-,119.0,2123,3132,-15,2,0,1091,1090,-1,0,-1,675,674,-1,3,-7,3505,3505,0,2,2,1249,1250,1,0,-1,1236,1236,0,0,-16
1787457173.881,U,0,1,-,119.0,3134,2119,9,1,-3,1091,1090,-1,0,-1,675,674,-1,3,-7,3505,3505,0,2,2,1249,1250,1,0,-1,1236,1236,0,0,-16
1787457174.017,U',0,1,-,119.0,2122,3132,-14,2,0,1091,1090,-1,0,-1,675,674,-1,3,-7,3505,3505,0,2,2,1250,1250,0,0,-1,1236,1236,0,0,-16
1787457174.153,U,0,1,-,119.0,3134,2119,9,1,-3,1091,1090,-1,0,-1,675,674,-1,3,-7,3505,3505,0,2,2,1249,1250,1,0,-1,1236,1236,0,0,-16
1787457174.286,U',0,1,-,119.0,2123,3132,-15,2,0,1091,1090,-1,0,-1,675,674,-1,3,-7,3505,3506,1,2,3,1249,1250,1,0,-1,1236,1236,0,0,-16
1787457174.430,U,0,1,-,119.0,3133,2119,10,1,-3,1091,1090,-1,0,-1,675,674,-1,3,-7,3505,3505,0,2,2,1249,1250,1,0,-1,1236,1236,0,0,-16
1787457174.568,U',0,1,-,119.0,2123,3132,-15,2,0,1091,1090,-1,0,-1,675,674,-1,3,-7,3505,3505,0,2,2,1249,1250,1,0,-1,1236,1236,0,0,-16
1787457174.706,U,0,1,-,119.0,3134,2119,9,1,-3,1091,1090,-1,0,-1,675,674,-1,3,-7,3505,3505,0,2,2,1250,1250,0,0,-1,1236,1236,0,0,-16
1787457174.843,U',0,1,-,119.0,2123,3132,-15,2,0,1091,1090,-1,0,-1,675,674,-1,3,-7,3505,3505,0,2,2,1250,1250,0,0,-1,1236,1236,0,0,-16
1787457174.981,U,0,1,-,119.0,3134,2119,9,1,-3,1091,1090,-1,0,-1,675,674,-1,3,-7,3505,3505,0,2,2,1249,1250,1,0,-1,1236,1236,0,0,-16
1787457175.115,U',0,1,-,119.0,2123,3132,-15,2,0,1091,1090,-1,0,-1,675,674,-1,3,-7,3505,3505,0,2,2,1250,1250,0,0,-1,1236,1236,0,0,-16
1787457175.253,U,0,1,-,119.0,3134,2119,9,1,-3,1091,1090,-1,0,-1,675,674,-1,3,-7,3505,3506,1,2,3,1249,1250,1,0,-1,1236,1236,0,0,-16
1787457175.386,U',0,1,-,119.0,2123,3132,-15,2,0,1091,1090,-1,0,-1,675,674,-1,3,-7,3505,3505,0,2,2,1250,1250,0,0,-1,1236,1236,0,0,-16
1787457175.526,U,0,1,-,119.0,3134,2119,9,1,-3,1091,1090,-1,0,-1,675,674,-1,3,-7,3505,3506,1,2,3,1249,1250,1,0,-1,1236,1236,0,0,-16
1787457175.659,U',0,1,-,119.0,2123,3132,-15,2,0,1091,1090,-1,0,-1,675,674,-1,3,-7,3505,3505,0,2,2,1249,1250,1,0,-1,1236,1236,0,0,-16
1787457175.802,U,0,1,-,119.0,3134,2119,9,1,-3,1091,1090,-1,0,-1,675,674,-1,3,-7,3505,3505,0,2,2,1249,1250,1,0,-1,1236,1236,0,0,-16
1787457175.943,U',0,1,-,119.0,2123,3132,-15,2,0,1091,1090,-1,0,-1,675,674,-1,3,-7,3505,3506,1,2,3,1249,1250,1,0,-1,1236,1236,0,0,-16
1787457176.080,U,0,1,-,119.0,3134,2119,9,1,-3,1091,1090,-1,0,-1,675,674,-1,3,-7,3505,3505,0,2,2,1249,1250,1,0,-1,1236,1236,0,0,-16
1787457176.217,U',0,1,-,119.0,2123,3132,-15,2,0,1091,1090,-1,0,-1,675,674,-1,3,-7,3505,3505,0,2,2,1250,1250,0,0,-1,1236,1236,0,0,-16
1787457176.354,U,0,1,-,119.0,3134,2119,9,1,-3,1091,1090,-1,0,-1,675,673,-2,3,-8,3505,3505,0,2,2,1249,1250,1,0,-1,1236,1236,0,0,-16
1787457176.493,U',0,1,-,119.0,2123,3132,-15,2,0,1091,1090,-1,0,-1,675,674,-1,3,-7,3505,3505,0,2,2,1249,1250,1,0,-1,1236,1236,0,0,-16
1787457176.631,U,0,1,-,119.0,3134,2119,9,1,-3,1091,1090,-1,0,-1,675,674,-1,3,-7,3505,3506,1,2,3,1249,1250,1,0,-1,1236,1236,0,0,-16
1787457176.768,U',0,1,-,119.0,2123,3132,-15,2,0,1091,1090,-1,0,-1,675,674,-1,3,-7,3505,3506,1,2,3,1249,1250,1,0,-1,1236,1236,0,0,-16
1787457176.905,U,0,1,-,119.0,3134,2119,9,1,-3,1091,1090,-1,0,-1,675,674,-1,3,-7,3505,3506,1,2,3,1249,1250,1,0,-1,1236,1236,0,0,-16
1787457177.043,U',0,1,-,119.0,2123,3132,-15,2,0,1091,1090,-1,0,-1,675,674,-1,3,-7,3505,3505,0,2,2,1249,1250,1,0,-1,1236,1236,0,0,-16
1787457177.180,U,0,1,-,119.0,3134,2119,9,1,-3,1091,1090,-1,0,-1,675,673,-2,3,-8,3505,3505,0,2,2,1250,1250,0,0,-1,1235,1236,1,0,-16
1787457177.318,U',0,1,-,119.0,2123,3132,-15,2,0,1091,1090,-1,0,-1,675,674,-1,3,-7,3505,3505,0,2,2,1249,1250,1,0,-1,1236,1236,0,0,-16
1787457177.454,U,0,1,-,119.0,3134,2119,9,1,-3,1091,1090,-1,0,-1,675,674,-1,3,-7,3505,3505,0,2,2,1249,1250,1,0,-1,1236,1236,0,0,-16
1787457177.587,U',0,1,-,119.0,2123,3132,-15,2,0,1091,1090,-1,0,-1,675,674,-1,3,-7,3505,3505,0,2,2,1249,1250,1,0,-1,1236,1236,0,0,-16
1787457177.720,U,0,1,-,119.0,3134,2119,9,1,-3,1091,1090,-1,0,-1,675,674,-1,3,-7,3505,3505,0,2,2,1249,1250,1,0,-1,1236,1236,0,0,-16
1787457177.855,U',0,1,-,119.0,2123,3133,-14,2,1,1091,1090,-1,0,-1,675,674,-1,3,-7,3505,3505,0,2,2,1249,1250,1,0,-1,1236,1236,0,0,-16
1787457178.004,U,0,1,-,119.0,3134,2119,9,1,-3,1091,1090,-1,0,-1,675,674,-1,3,-7,3505,3505,0,2,2,1249,1250,1,0,-1,1236,1236,0,0,-16
1787457178.142,U',0,1,-,119.0,2123,3132,-15,2,0,1091,1090,-1,0,-1,675,674,-1,3,-7,3505,3505,0,2,2,1249,1250,1,0,-1,1236,1236,0,0,-16
1787457178.279,U,0,1,-,119.0,3134,2119,9,1,-3,1091,1090,-1,0,-1,675,674,-1,3,-7,3505,3505,0,2,2,1249,1250,1,0,-1,1236,1236,0,0,-16
1787457178.417,U',0,1,-,119.0,2122,3132,-14,2,0,1091,1090,-1,0,-1,675,674,-1,3,-7,3505,3505,0,2,2,1250,1250,0,0,-1,1236,1236,0,0,-16
1787457178.555,U,0,1,-,119.0,3134,2119,9,1,-3,1091,1090,-1,0,-1,675,674,-1,3,-7,3505,3505,0,2,2,1249,1249,0,0,-2,1236,1236,0,0,-16
1787457178.692,U',0,1,-,119.0,2123,3132,-15,2,0,1091,1090,-1,0,-1,675,673,-2,3,-8,3505,3505,0,2,2,1250,1250,0,0,-1,1236,1236,0,0,-16
1787457178.825,U,0,1,-,119.0,3134,2119,9,1,-3,1091,1090,-1,0,-1,675,674,-1,3,-7,3505,3506,1,2,3,1249,1250,1,0,-1,1236,1236,0,0,-16
1787457178.966,U',0,1,-,119.0,2123,3132,-15,2,0,1091,1090,-1,0,-1,675,674,-1,3,-7,3505,3506,1,2,3,1250,1250,0,0,-1,1236,1236,0,0,-16
1787457179.102,U,0,1,-,119.0,3134,2119,9,1,-3,1091,1090,-1,0,-1,675,674,-1,3,-7,3505,3506,1,2,3,1249,1250,1,0,-1,1236,1236,0,0,-16
1787457179.242,U',0,1,-,119.0,2123,3132,-15,2,0,1091,1090,-1,0,-1,675,674,-1,3,-7,3505,3505,0,2,2,1249,1250,1,0,-1,1236,1236,0,0,-16
1787457179.380,U,0,1,-,119.0,3134,2119,9,1,-3,1091,1090,-1,0,-1,675,674,-1,3,-7,3505,3505,0,2,2,1249,1250,1,0,-1,1236,1236,0,0,-16
1787457179.518,U',0,1,-,119.0,2123,3133,-14,2,1,1091,1090,-1,0,-1,675,674,-1,3,-7,3505,3505,0,2,2,1249,1250,1,0,-1,1236,1236,0,0,-16
1787457179.656,U,0,1,-,119.0,3134,2118,8,1,-4,1091,1090,-1,0,-1,675,674,-1,3,-7,3505,3505,0,2,2,1249,1250,1,0,-1,1235,1236,1,0,-16
1787457179.787,U',0,1,-,119.0,2123,3132,-15,2,0,1091,1090,-1,0,-1,675,674,-1,3,-7,3505,3505,0,2,2,1249,1250,1,0,-1,1236,1236,0,0,-16
1787457179.930,U,0,1,-,119.0,3134,2118,8,1,-4,1091,1090,-1,0,-1,675,674,-1,3,-7,3505,3505,0,2,2,1249,1250,1,0,-1,1236,1236,0,0,-16
1787457180.068,U',0,1,-,119.0,2123,3132,-15,2,0,1091,1090,-1,0,-1,675,674,-1,3,-7,3505,3505,0,2,2,1249,1250,1,0,-1,1236,1236,0,0,-16
1787457180.205,U,0,1,-,119.0,3134,2119,9,1,-3,1091,1090,-1,0,-1,675,674,-1,3,-7,3505,3505,0,2,2,1250,1250,0,0,-1,1236,1236,0,0,-16
1787457180.341,U',0,1,-,119.0,2122,3132,-14,2,0,1091,1090,-1,0,-1,675,674,-1,3,-7,3505,3506,1,2,3,1249,1250,1,0,-1,1236,1236,0,0,-16
1787457180.480,U,0,1,-,119.0,3134,2119,9,1,-3,1091,1090,-1,0,-1,675,674,-1,3,-7,3505,3506,1,2,3,1249,1250,1,0,-1,1236,1236,0,0,-16
1787457180.618,U',0,1,-,119.0,2123,3132,-15,2,0,1091,1090,-1,0,-1,675,674,-1,3,-7,3505,3505,0,2,2,1250,1250,0,0,-1,1236,1236,0,0,-16
1787457180.752,U,0,1,-,119.0,3134,2119,9,1,-3,1091,1090,-1,0,-1,675,674,-1,3,-7,3505,3506,1,2,3,1249,1250,1,0,-1,1236,1236,0,0,-16
1787457180.893,U',0,1,-,119.0,2123,3132,-15,2,0,1091,1090,-1,0,-1,675,674,-1,3,-7,3505,3505,0,2,2,1250,1250,0,0,-1,1236,1236,0,0,-16
1787457181.019,U,0,1,-,119.0,3134,2119,9,1,-3,1091,1090,-1,0,-1,675,674,-1,3,-7,3505,3505,0,2,2,1249,1250,1,0,-1,1236,1236,0,0,-16
1787457181.166,U',0,1,-,119.0,2123,3132,-15,2,0,1091,1090,-1,0,-1,675,674,-1,3,-7,3505,3506,1,2,3,1249,1250,1,0,-1,1236,1236,0,0,-16
1787457181.305,U,0,1,-,119.0,3134,2118,8,1,-4,1091,1090,-1,0,-1,675,674,-1,3,-7,3505,3505,0,2,2,1250,1250,0,0,-1,1236,1236,0,0,-16
1787457181.442,U',0,1,-,119.0,2123,3132,-15,2,0,1091,1090,-1,0,-1,675,674,-1,3,-7,3505,3505,0,2,2,1249,1250,1,0,-1,1236,1236,0,0,-16
1787457181.579,U,0,1,-,119.0,3134,2119,9,1,-3,1091,1090,-1,0,-1,675,674,-1,3,-7,3505,3505,0,2,2,1249,1250,1,0,-1,1235,1236,1,0,-16
1787457181.718,U',0,1,-,119.0,2123,3132,-15,2,0,1091,1090,-1,0,-1,675,674,-1,3,-7,3505,3505,0,2,2,1249,1250,1,0,-1,1236,1236,0,0,-16
1787457181.856,U,0,1,-,119.0,3134,2119,9,1,-3,1091,1090,-1,0,-1,675,674,-1,3,-7,3505,3505,0,2,2,1249,1249,0,0,-2,1236,1236,0,0,-16
1787457181.993,U',0,1,-,119.0,2122,3133,-13,2,1,1091,1090,-1,0,-1,675,674,-1,3,-7,3505,3505,0,2,2,1249,1249,0,0,-2,1236,1236,0,0,-16
1787457182.121,U,0,1,-,119.0,3134,2119,9,1,-3,1091,1090,-1,0,-1,675,674,-1,3,-7,3505,3505,0,2,2,1249,1250,1,0,-1,1236,1236,0,0,-16
1787457182.268,U',0,1,-,119.0,2123,3132,-15,2,0,1091,1090,-1,0,-1,675,674,-1,3,-7,3505,3506,1,2,3,1249,1250,1,0,-1,1236,1236,0,0,-16
1787457182.404,U,0,1,-,119.0,3134,2118,8,1,-4,1091,1090,-1,0,-1,675,674,-1,3,-7,3505,3505,0,2,2,1249,1249,0,0,-2,1236,1235,-1,0,-17
1787457182.537,U',0,1,-,119.0,2123,3132,-15,2,0,1091,1090,-1,0,-1,675,674,-1,3,-7,3505,3505,0,2,2,1249,1249,0,0,-2,1236,1236,0,0,-16
1787457182.670,U,0,1,-,119.0,3134,2119,9,1,-3,1091,1090,-1,0,-1,675,674,-1,3,-7,3505,3505,0,2,2,1249,1250,1,0,-1,1236,1236,0,0,-16
1787457182.807,U',0,1,-,119.0,2123,3132,-15,2,0,1091,1090,-1,0,-1,675,674,-1,3,-7,3505,3505,0,2,2,1249,1250,1,0,-1,1236,1236,0,0,-16
1787457182.955,U,0,1,-,119.0,3134,2119,9,1,-3,1091,1090,-1,0,-1,675,674,-1,3,-7,3505,3505,0,2,2,1250,1250,0,0,-1,1236,1235,-1,0,-17
1787457183.093,U',0,1,-,119.0,2123,3132,-15,2,0,1091,1090,-1,0,-1,675,674,-1,3,-7,3505,3505,0,2,2,1249,1250,1,0,-1,1236,1236,0,0,-16
1787457183.229,U,0,1,-,119.0,3134,2119,9,1,-3,1091,1090,-1,0,-1,675,674,-1,3,-7,3505,3506,1,2,3,1249,1250,1,0,-1,1236,1236,0,0,-16
1787457183.366,U',0,1,-,119.0,2123,3132,-15,2,0,1091,1090,-1,0,-1,675,674,-1,3,-7,3505,3505,0,2,2,1249,1250,1,0,-1,1236,1236,0,0,-16
1787457183.504,U,0,1,-,119.0,3134,2118,8,1,-4,1091,1090,-1,0,-1,675,674,-1,3,-7,3505,3505,0,2,2,1250,1250,0,0,-1,1236,1236,0,0,-16
1787457183.637,U',0,1,-,119.0,2122,3132,-14,2,0,1091,1090,-1,0,-1,675,674,-1,3,-7,3505,3505,0,2,2,1249,1250,1,0,-1,1236,1236,0,0,-16
1787457183.774,U,0,1,-,119.0,3134,2119,9,1,-3,1091,1090,-1,0,-1,675,674,-1,3,-7,3505,3506,1,2,3,1249,1250,1,0,-1,1236,1236,0,0,-16
1787457183.912,U',0,1,-,119.0,2122,3132,-14,2,0,1091,1090,-1,0,-1,675,674,-1,3,-7,3505,3505,0,2,2,1249,1250,1,0,-1,1236,1236,0,0,-16
1787457184.101,U,0,1,-,119.0,3135,2118,7,1,-4,1091,1090,-1,0,-1,675,674,-1,3,-7,3505,3505,0,2,2,1249,1250,1,0,-1,1236,1236,0,0,-16
1787457184.244,U,0,1,-,119.0,2123,1099,0,0,-3,1091,1090,-1,0,-1,675,674,-1,3,-7,3505,3505,0,2,2,1250,1250,0,0,-1,1236,1235,-1,0,-17
1787457184.369,U,0,1,-,119.0,1102,60,-18,3,-4,1091,1090,-1,0,-1,675,674,-1,3,-7,3505,3505,0,2,2,1249,1250,1,0,-1,1236,1236,0,0,-16
1787457184.519,U,0,1,-,119.0,64,3131,-5,2,-1,1091,1090,-1,0,-1,675,674,-1,3,-7,3505,3506,1,2,3,1249,1250,1,0,-1,1236,1236,0,0,-16
1787457184.657,U,0,1,-,119.0,3135,2119,8,1,-3,1091,1090,-1,0,-1,675,674,-1,3,-7,3505,3505,0,2,2,1250,1249,-1,0,-2,1236,1236,0,0,-16
1787457184.793,U,0,1,-,119.0,2123,1099,0,0,-3,1091,1090,-1,0,-1,675,674,-1,3,-7,3505,3505,0,2,2,1249,1250,1,0,-1,1236,1236,0,0,-16
1787457184.931,U,0,1,-,119.0,1102,60,-18,3,-4,1091,1090,-1,0,-1,675,674,-1,3,-7,3505,3505,0,2,2,1249,1250,1,0,-1,1236,1236,0,0,-16
1787457185.067,U,0,1,-,119.0,64,3131,-5,2,-1,1091,1090,-1,0,-1,675,674,-1,3,-7,3505,3505,0,2,2,1249,1250,1,0,-1,1236,1236,0,0,-16
1787457185.207,U,0,1,-,119.0,3135,2118,7,1,-4,1091,1090,-1,0,-1,675,674,-1,3,-7,3505,3505,0,2,2,1249,1250,1,0,-1,1236,1236,0,0,-16
1787457185.344,U,0,1,-,119.0,2123,1099,0,0,-3,1091,1090,-1,0,-1,675,674,-1,3,-7,3505,3505,0,2,2,1249,1250,1,0,-1,1236,1236,0,0,-16
1787457185.478,U,0,1,-,119.0,1102,60,-18,3,-4,1091,1090,-1,0,-1,675,674,-1,3,-7,3505,3505,0,2,2,1249,1250,1,0,-1,1236,1236,0,0,-16
1787457185.619,U,0,1,-,119.0,64,3131,-5,2,-1,1091,1090,-1,0,-1,675,674,-1,3,-7,3505,3506,1,2,3,1250,1250,0,0,-1,1236,1236,0,0,-16
1787457185.756,U,0,1,-,119.0,3135,2119,8,1,-3,1091,1090,-1,0,-1,675,674,-1,3,-7,3505,3505,0,2,2,1249,1250,1,0,-1,1236,1236,0,0,-16
1787457185.887,U,0,1,-,119.0,2123,1099,0,0,-3,1091,1090,-1,0,-1,675,674,-1,3,-7,3505,3505,0,2,2,1249,1250,1,0,-1,1235,1236,1,0,-16
1787457186.032,U,0,1,-,119.0,1102,60,-18,3,-4,1091,1090,-1,0,-1,675,674,-1,3,-7,3505,3506,1,2,3,1249,1250,1,0,-1,1236,1236,0,0,-16
1787457186.169,U,0,1,-,119.0,64,3131,-5,2,-1,1091,1090,-1,0,-1,675,674,-1,3,-7,3505,3505,0,2,2,1249,1250,1,0,-1,1236,1236,0,0,-16
1787457186.303,U,0,1,-,119.0,3134,2119,9,1,-3,1091,1090,-1,0,-1,675,674,-1,3,-7,3505,3506,1,2,3,1249,1250,1,0,-1,1236,1236,0,0,-16
1787457186.437,U,0,1,-,119.0,2123,1099,0,0,-3,1091,1090,-1,0,-1,675,674,-1,3,-7,3505,3505,0,2,2,1250,1250,0,0,-1,1236,1236,0,0,-16
1787457186.582,U,0,1,-,119.0,1102,60,-18,3,-4,1091,1090,-1,0,-1,675,674,-1,3,-7,3505,3505,0,2,2,1249,1250,1,0,-1,1236,1236,0,0,-16
1787457186.719,U,0,1,-,119.0,64,3131,-5,2,-1,1091,1090,-1,0,-1,675,674,-1,3,-7,3506,3505,-1,2,2,1249,1250,1,0,-1,1236,1236,0,0,-16
1787457186.855,U,0,1,-,119.0,3135,2119,8,1,-3,1091,1090,-1,0,-1,675,674,-1,3,-7,3506,3506,0,2,3,1249,1250,1,0,-1,1236,1236,0,0,-16
1787457186.994,U,0,1,-,119.0,2123,1099,0,0,-3,1091,1090,-1,0,-1,675,674,-1,3,-7,3505,3505,0,2,2,1249,1250,1,0,-1,1236,1236,0,0,-16
1787457187.131,U,0,1,-,119.0,1103,60,-19,3,-4,1091,1090,-1,0,-1,675,674,-1,3,-7,3505,3505,0,2,2,1250,1250,0,0,-1,1236,1236,0,0,-16
1787457187.267,U,0,1,-,119.0,65,3131,-6,2,-1,1091,1090,-1,0,-1,675,674,-1,3,-7,3505,3505,0,2,2,1250,1250,0,0,-1,1236,1236,0,0,-16
1787457187.401,U,0,1,-,119.0,3135,2119,8,1,-3,1091,1090,-1,0,-1,675,674,-1,3,-7,3506,3505,-1,2,2,1249,1250,1,0,-1,1236,1236,0,0,-16
1787457187.533,U,0,1,-,119.0,2123,1099,0,0,-3,1091,1090,-1,0,-1,675,674,-1,3,-7,3505,3505,0,2,2,1249,1250,1,0,-1,1236,1236,0,0,-16
1787457187.682,U,0,1,-,119.0,1103,60,-19,3,-4,1091,1090,-1,0,-1,675,674,-1,3,-7,3505,3506,1,2,3,1249,1250,1,0,-1,1236,1236,0,0,-16
1787457187.819,U,0,1,-,119.0,64,3131,-5,2,-1,1091,1090,-1,0,-1,675,674,-1,3,-7,3505,3505,0,2,2,1250,1250,0,0,-1,1236,1235,-1,0,-17
1787457187.957,U,0,1,-,119.0,3135,2119,8,1,-3,1091,1090,-1,0,-1,675,674,-1,3,-7,3505,3506,1,2,3,1249,1250,1,0,-1,1236,1236,0,0,-16
1787457188.090,U,0,1,-,119.0,2123,1099,0,0,-3,1090,1090,0,0,-1,675,674,-1,3,-7,3505,3506,1,2,3,1249,1250,1,0,-1,1236,1236,0,0,-16
1787457188.231,U,0,1,-,119.0,1103,60,-19,3,-4,1091,1090,-1,0,-1,675,674,-1,3,-7,3505,3505,0,2,2,1249,1250,1,0,-1,1236,1236,0,0,-16
1787457188.369,U,0,1,-,119.0,65,3131,-6,2,-1,1091,1090,-1,0,-1,675,674,-1,3,-7,3505,3505,0,2,2,1249,1250,1,0,-1,1236,1236,0,0,-16
1787457188.504,U,0,1,-,119.0,3135,2119,8,1,-3,1091,1090,-1,0,-1,675,674,-1,3,-7,3505,3506,1,2,3,1249,1250,1,0,-1,1236,1236,0,0,-16
1787457188.638,U,0,1,-,119.0,2123,1099,0,0,-3,1091,1090,-1,0,-1,675,674,-1,3,-7,3505,3505,0,2,2,1249,1250,1,0,-1,1236,1236,0,0,-16
1787457188.780,U,0,1,-,119.0,1102,60,-18,3,-4,1091,1090,-1,0,-1,675,673,-2,3,-8,3505,3505,0,2,2,1249,1250,1,0,-1,1236,1236,0,0,-16
1787457188.918,U,0,1,-,119.0,65,3131,-6,2,-1,1091,1090,-1,0,-1,675,674,-1,3,-7,3505,3505,0,2,2,1249,1250,1,0,-1,1236,1236,0,0,-16
1787457189.056,U,0,1,-,119.0,3135,2119,8,1,-3,1091,1090,-1,0,-1,675,674,-1,3,-7,3505,3505,0,2,2,1249,1250,1,0,-1,1236,1236,0,0,-16
1787457189.190,U,0,1,-,119.0,2123,1099,0,0,-3,1091,1090,-1,0,-1,675,674,-1,3,-7,3505,3505,0,2,2,1249,1250,1,0,-1,1236,1236,0,0,-16
1787457189.324,U,0,1,-,119.0,1103,60,-19,3,-4,1091,1090,-1,0,-1,675,674,-1,3,-7,3505,3505,0,2,2,1249,1250,1,0,-1,1236,1236,0,0,-16
1787457189.467,U,0,1,-,119.0,65,3131,-6,2,-1,1091,1090,-1,0,-1,675,674,-1,3,-7,3505,3505,0,2,2,1249,1250,1,0,-1,1236,1236,0,0,-16
1787457189.601,U,0,1,-,119.0,3135,2118,7,1,-4,1091,1090,-1,0,-1,675,674,-1,3,-7,3505,3505,0,2,2,1249,1250,1,0,-1,1236,1236,0,0,-16
1787457189.743,U,0,1,-,119.0,2123,1099,0,0,-3,1091,1090,-1,0,-1,675,674,-1,3,-7,3505,3505,0,2,2,1249,1250,1,0,-1,1236,1236,0,0,-16
1787457189.882,U,0,1,-,119.0,1102,60,-18,3,-4,1091,1090,-1,0,-1,675,674,-1,3,-7,3505,3505,0,2,2,1250,1250,0,0,-1,1236,1236,0,0,-16
1787457190.019,U,0,1,-,119.0,65,3131,-6,2,-1,1091,1090,-1,0,-1,675,674,-1,3,-7,3505,3505,0,2,2,1249,1250,1,0,-1,1236,1236,0,0,-16
1787457190.156,U,0,1,-,119.0,3135,2119,8,1,-3,1091,1090,-1,0,-1,675,674,-1,3,-7,3505,3505,0,2,2,1249,1250,1,0,-1,1236,1236,0,0,-16
1787457190.291,U,0,1,-,119.0,2123,1099,0,0,-3,1091,1090,-1,0,-1,675,674,-1,3,-7,3505,3505,0,2,2,1250,1250,0,0,-1,1236,1236,0,0,-16
1787457190.431,U,0,1,-,119.0,1103,60,-19,3,-4,1091,1090,-1,0,-1,675,674,-1,3,-7,3505,3505,0,2,2,1249,1250,1,0,-1,1236,1236,0,0,-16
1787457190.569,U,0,1,-,119.0,65,3131,-6,2,-1,1091,1090,-1,0,-1,675,674,-1,3,-7,3505,3505,0,2,2,1249,1250,1,0,-1,1236,1235,-1,0,-17
1787457190.706,U,0,1,-,119.0,3135,2119,8,1,-3,1091,1090,-1,0,-1,675,674,-1,3,-7,3505,3505,0,2,2,1249,1250,1,0,-1,1236,1236,0,0,-16
1787457190.837,U,0,1,-,119.0,2123,1099,0,0,-3,1091,1090,-1,0,-1,675,674,-1,3,-7,3505,3505,0,2,2,1249,1250,1,0,-1,1236,1236,0,0,-16
1787457190.970,U,0,1,-,119.0,1102,60,-18,3,-4,1091,1090,-1,0,-1,675,674,-1,3,-7,3505,3505,0,2,2,1249,1250,1,0,-1,1236,1236,0,0,-16
1787457191.107,U,0,1,-,119.0,64,3131,-5,2,-1,1091,1090,-1,0,-1,675,674,-1,3,-7,3505,3505,0,2,2,1249,1250,1,0,-1,1236,1236,0,0,-16
1787457191.255,U,0,1,-,119.0,3135,2118,7,1,-4,1090,1090,0,0,-1,675,674,-1,3,-7,3505,3505,0,2,2,1249,1250,1,0,-1,1236,1236,0,0,-16
1787457191.394,U,0,1,-,119.0,2123,1099,0,0,-3,1091,1090,-1,0,-1,675,674,-1,3,-7,3506,3505,-1,2,2,1250,1250,0,0,-1,1236,1236,0,0,-16
1787457191.530,U,0,1,-,119.0,1103,60,-19,3,-4,1091,1090,-1,0,-1,675,674,-1,3,-7,3505,3506,1,2,3,1249,1250,1,0,-1,1236,1236,0,0,-16
1787457191.668,U,0,1,-,119.0,64,3131,-5,2,-1,1091,1091,0,0,0,675,674,-1,3,-7,3505,3505,0,2,2,1250,1250,0,0,-1,1236,1236,0,0,-16
1787457191.805,U,0,1,-,119.0,3135,2119,8,1,-3,1091,1090,-1,0,-1,675,674,-1,3,-7,3505,3505,0,2,2,1249,1250,1,0,-1,1236,1236,0,0,-16
1787457191.943,U,0,1,-,119.0,2123,1099,0,0,-3,1091,1090,-1,0,-1,675,674,-1,3,-7,3505,3506,1,2,3,1250,1250,0,0,-1,1236,1236,0,0,-16
1787457192.079,U,0,1,-,119.0,1103,60,-19,3,-4,1091,1090,-1,0,-1,675,674,-1,3,-7,3505,3505,0,2,2,1249,1250,1,0,-1,1236,1236,0,0,-16
1787457192.218,U,0,1,-,119.0,64,3131,-5,2,-1,1091,1090,-1,0,-1,675,674,-1,3,-7,3505,3505,0,2,2,1249,1250,1,0,-1,1236,1236,0,0,-16
1787457192.353,U,0,1,-,119.0,3135,2119,8,1,-3,1091,1090,-1,0,-1,675,674,-1,3,-7,3505,3505,0,2,2,1249,1250,1,0,-1,1236,1236,0,0,-16
1787457192.494,U,0,1,-,119.0,2123,1099,0,0,-3,1091,1090,-1,0,-1,675,674,-1,3,-7,3505,3505,0,2,2,1249,1250,1,0,-1,1236,1236,0,0,-16
1787457192.619,U,0,1,-,119.0,1103,60,-19,3,-4,1091,1090,-1,0,-1,675,674,-1,3,-7,3505,3506,1,2,3,1249,1250,1,0,-1,1236,1236,0,0,-16
1787457192.769,U,0,1,-,119.0,64,3131,-5,2,-1,1091,1090,-1,0,-1,675,674,-1,3,-7,3505,3505,0,2,2,1250,1250,0,0,-1,1236,1236,0,0,-16
1787457192.906,U,0,1,-,119.0,3135,2119,8,1,-3,1091,1090,-1,0,-1,675,674,-1,3,-7,3505,3505,0,2,2,1249,1250,1,0,-1,1236,1236,0,0,-16
1787457193.043,U,0,1,-,119.0,2123,1099,0,0,-3,1091,1090,-1,0,-1,675,674,-1,3,-7,3505,3505,0,2,2,1249,1250,1,0,-1,1236,1235,-1,0,-17
1787457193.176,U,0,1,-,119.0,1102,60,-18,3,-4,1091,1090,-1,0,-1,675,674,-1,3,-7,3505,3505,0,2,2,1249,1250,1,0,-1,1236,1236,0,0,-16
1787457193.318,U,0,1,-,119.0,64,3131,-5,2,-1,1091,1090,-1,0,-1,675,674,-1,3,-7,3505,3506,1,2,3,1249,1250,1,0,-1,1236,1235,-1,0,-17
1787457193.453,U,0,1,-,119.0,3135,2119,8,1,-3,1091,1090,-1,0,-1,675,674,-1,3,-7,3505,3506,1,2,3,1249,1250,1,0,-1,1236,1236,0,0,-16
1787457193.591,U,0,1,-,119.0,2123,1099,0,0,-3,1091,1090,-1,0,-1,675,674,-1,3,-7,3505,3506,1,2,3,1250,1250,0,0,-1,1236,1236,0,0,-16
1787457193.719,U,0,1,-,119.0,1103,60,-19,3,-4,1091,1090,-1,0,-1,675,674,-1,3,-7,3505,3506,1,2,3,1249,1250,1,0,-1,1236,1236,0,0,-16
1787457193.868,U,0,1,-,119.0,65,3131,-6,2,-1,1091,1090,-1,0,-1,675,674,-1,3,-7,3505,3505,0,2,2,1249,1250,1,0,-1,1235,1236,1,0,-16
1787457194.006,U,0,1,-,119.0,3135,2119,8,1,-3,1091,1090,-1,0,-1,675,674,-1,3,-7,3505,3505,0,2,2,1249,1250,1,0,-1,1236,1236,0,0,-16
1787457194.143,U,0,1,-,119.0,2123,1099,0,0,-3,1091,1090,-1,0,-1,675,674,-1,3,-7,3505,3505,0,2,2,1250,1250,0,0,-1,1236,1236,0,0,-16
1787457194.277,U,0,1,-,119.0,1103,60,-19,3,-4,1091,1090,-1,0,-1,675,674,-1,3,-7,3505,3505,0,2,2,1249,1250,1,0,-1,1236,1236,0,0,-16
1787457194.417,U,0,1,-,119.0,65,3131,-6,2,-1,1091,1090,-1,0,-1,675,674,-1,3,-7,3505,3505,0,2,2,1249,1250,1,0,-1,1236,1236,0,0,-16
1787457194.549,U,0,1,-,119.0,3135,2119,8,1,-3,1091,1090,-1,0,-1,675,674,-1,3,-7,3505,3505,0,2,2,1249,1250,1,0,-1,1236,1236,0,0,-16
1787457194.684,U,0,1,-,119.0,2123,1099,0,0,-3,1091,1090,-1,0,-1,675,674,-1,3,-7,3505,3505,0,2,2,1249,1250,1,0,-1,1236,1236,0,0,-16
1787457194.831,U,0,1,-,119.0,1102,60,-18,3,-4,1091,1090,-1,0,-1,675,674,-1,3,-7,3505,3505,0,2,2,1249,1250,1,0,-1,1236,1236,0,0,-16
1787457194.968,U,0,1,-,119.0,64,3131,-5,2,-1,1091,1090,-1,0,-1,675,674,-1,3,-7,3505,3505,0,2,2,1249,1250,1,0,-1,1236,1236,0,0,-16
1787457195.105,U,0,1,-,119.0,3135,2119,8,1,-3,1091,1090,-1,0,-1,675,674,-1,3,-7,3505,3505,0,2,2,1249,1250,1,0,-1,1236,1236,0,0,-16
1787457195.244,U,0,1,-,119.0,2123,1099,0,0,-3,1091,1090,-1,0,-1,675,674,-1,3,-7,3505,3505,0,2,2,1249,1250,1,0,-1,1236,1236,0,0,-16
1787457195.380,U,0,1,-,119.0,1102,60,-18,3,-4,1091,1090,-1,0,-1,675,674,-1,3,-7,3505,3505,0,2,2,1250,1250,0,0,-1,1236,1235,-1,0,-17
1787457195.518,U,0,1,-,119.0,64,3131,-5,2,-1,1091,1090,-1,0,-1,675,674,-1,3,-7,3505,3506,1,2,3,1249,1250,1,0,-1,1236,1236,0,0,-16
1787457195.653,U,0,1,-,119.0,3135,2119,8,1,-3,1091,1090,-1,0,-1,675,674,-1,3,-7,3505,3505,0,2,2,1249,1250,1,0,-1,1236,1236,0,0,-16
1787457195.793,U,0,1,-,119.0,2123,1099,0,0,-3,1091,1090,-1,0,-1,675,674,-1,3,-7,3505,3505,0,2,2,1249,1250,1,0,-1,1236,1236,0,0,-16
1787457195.929,U,0,1,-,119.0,1102,60,-18,3,-4,1091,1090,-1,0,-1,675,674,-1,3,-7,3505,3505,0,2,2,1250,1250,0,0,-1,1236,1236,0,0,-16
1787457196.059,U,0,1,-,119.0,65,3131,-6,2,-1,1091,1090,-1,0,-1,675,674,-1,3,-7,3505,3505,0,2,2,1249,1250,1,0,-1,1236,1236,0,0,-16
1787457196.203,U,0,1,-,119.0,3135,2118,7,1,-4,1091,1091,0,0,0,675,674,-1,3,-7,3505,3505,0,2,2,1250,1250,0,0,-1,1236,1236,0,0,-16
1787457196.341,U,0,1,-,119.0,2123,1099,0,0,-3,1091,1090,-1,0,-1,675,674,-1,3,-7,3505,3505,0,2,2,1249,1250,1,0,-1,1236,1236,0,0,-16
1787457196.473,U,0,1,-,119.0,1102,60,-18,3,-4,1091,1090,-1,0,-1,675,674,-1,3,-7,3505,3505,0,2,2,1249,1250,1,0,-1,1236,1236,0,0,-16
1787457196.617,U,0,1,-,119.0,64,3131,-5,2,-1,1091,1090,-1,0,-1,675,674,-1,3,-7,3505,3505,0,2,2,1249,1250,1,0,-1,1236,1236,0,0,-16
1787457196.751,U,0,1,-,119.0,3135,2119,8,1,-3,1091,1090,-1,0,-1,675,674,-1,3,-7,3505,3506,1,2,3,1249,1250,1,0,-1,1236,1236,0,0,-16
1787457196.883,U,0,1,-,119.0,2123,1099,0,0,-3,1091,1090,-1,0,-1,675,674,-1,3,-7,3505,3505,0,2,2,1250,1250,0,0,-1,1236,1236,0,0,-16
1787457197.016,U,0,1,-,119.0,1103,60,-19,3,-4,1091,1090,-1,0,-1,675,674,-1,3,-7,3505,3506,1,2,3,1250,1250,0,0,-1,1236,1236,0,0,-16
1787457197.168,U,0,1,-,119.0,65,3131,-6,2,-1,1091,1090,-1,0,-1,675,674,-1,3,-7,3505,3505,0,2,2,1250,1250,0,0,-1,1236,1236,0,0,-16
1787457197.305,U,0,1,-,119.0,3135,2119,8,1,-3,1091,1090,-1,0,-1,675,674,-1,3,-7,3505,3505,0,2,2,1250,1250,0,0,-1,1236,1236,0,0,-16
1787457197.443,U,0,1,-,119.0,2123,1099,0,0,-3,1091,1090,-1,0,-1,675,674,-1,3,-7,3505,3506,1,2,3,1249,1250,1,0,-1,1236,1236,0,0,-16
1787457197.581,U,0,1,-,119.0,1103,60,-19,3,-4,1091,1090,-1,0,-1,675,674,-1,3,-7,3505,3506,1,2,3,1249,1250,1,0,-1,1236,1236,0,0,-16
1787457197.718,U,0,1,-,119.0,64,3131,-5,2,-1,1091,1090,-1,0,-1,675,674,-1,3,-7,3505,3506,1,2,3,1249,1250,1,0,-1,1236,1236,0,0,-16
1787457197.853,U,0,1,-,119.0,3135,2119,8,1,-3,1091,1090,-1,0,-1,675,674,-1,3,-7,3505,3505,0,2,2,1249,1250,1,0,-1,1235,1236,1,0,-16
1787457197.987,U,0,1,-,119.0,2123,1099,0,0,-3,1091,1090,-1,0,-1,675,674,-1,3,-7,3505,3505,0,2,2,1250,1249,-1,0,-2,1236,1236,0,0,-16
1787457198.121,U,0,1,-,119.0,1103,60,-19,3,-4,1091,1090,-1,0,-1,675,674,-1,3,-7,3505,3505,0,2,2,1249,1250,1,0,-1,1236,1236,0,0,-16
1787457198.253,U,0,1,-,119.0,64,3131,-5,2,-1,1091,1090,-1,0,-1,675,674,-1,3,-7,3505,3505,0,2,2,1249,1250,1,0,-1,1236,1236,0,0,-16
1787457198.405,U,0,1,-,119.0,3135,2119,8,1,-3,1091,1090,-1,0,-1,675,674,-1,3,-7,3505,3505,0,2,2,1249,1250,1,0,-1,1236,1235,-1,0,-17
1787457198.535,U,0,1,-,119.0,2123,1099,0,0,-3,1091,1090,-1,0,-1,675,674,-1,3,-7,3505,3505,0,2,2,1249,1250,1,0,-1,1236,1236,0,0,-16
1787457198.668,U,0,1,-,119.0,1103,60,-19,3,-4,1091,1090,-1,0,-1,675,674,-1,3,-7,3505,3505,0,2,2,1250,1250,0,0,-1,1236,1236,0,0,-16
1787457198.803,U,0,1,-,119.0,64,3131,-5,2,-1,1091,1090,-1,0,-1,675,674,-1,3,-7,3505,3506,1,2,3,1249,1250,1,0,-1,1236,1236,0,0,-16
1787457198.956,U,0,1,-,119.0,3135,2119,8,1,-3,1091,1090,-1,0,-1,675,674,-1,3,-7,3505,3505,0,2,2,1249,1250,1,0,-1,1236,1236,0,0,-16
1787457199.093,U,0,1,-,119.0,2123,1099,0,0,-3,1091,1090,-1,0,-1,675,674,-1,3,-7,3505,3505,0,2,2,1249,1249,0,0,-2,1236,1236,0,0,-16
1787457199.230,U,0,1,-,119.0,1103,60,-19,3,-4,1091,1090,-1,0,-1,675,674,-1,3,-7,3505,3505,0,2,2,1249,1250,1,0,-1,1236,1236,0,0,-16
1787457199.367,U,0,1,-,119.0,64,3131,-5,2,-1,1091,1091,0,0,0,675,674,-1,3,-7,3505,3505,0,2,2,1250,1250,0,0,-1,1236,1236,0,0,-16
1787457199.502,U,0,1,-,119.0,3135,2119,8,1,-3,1091,1090,-1,0,-1,675,674,-1,3,-7,3505,3505,0,2,2,1249,1250,1,0,-1,1236,1236,0,0,-16
1787457199.643,U,0,1,-,119.0,2123,1099,0,0,-3,1091,1090,-1,0,-1,675,674,-1,3,-7,3505,3505,0,2,2,1249,1250,1,0,-1,1236,1235,-1,0,-17
1787457199.779,U,0,1,-,119.0,1103,60,-19,3,-4,1091,1090,-1,0,-1,675,674,-1,3,-7,3505,3505,0,2,2,1249,1250,1,0,-1,1236,1235,-1,0,-17
1787457199.918,U,0,1,-,119.0,64,3131,-5,2,-1,1091,1090,-1,0,-1,675,674,-1,3,-7,3505,3505,0,2,2,1249,1250,1,0,-1,1236,1236,0,0,-16
1787457200.056,U,0,1,-,119.0,3135,2119,8,1,-3,1091,1090,-1,0,-1,675,674,-1,3,-7,3505,3505,0,2,2,1249,1250,1,0,-1,1236,1236,0,0,-16
1787457200.193,U,0,1,-,119.0,2123,1099,0,0,-3,1091,1090,-1,0,-1,675,674,-1,3,-7,3505,3505,0,2,2,1249,1250,1,0,-1,1236,1236,0,0,-16
1787457200.331,U,0,1,-,119.0,1103,60,-19,3,-4,1091,1090,-1,0,-1,675,674,-1,3,-7,3505,3505,0,2,2,1249,1250,1,0,-1,1236,1236,0,0,-16
1787457200.466,U,0,1,-,119.0,64,3131,-5,2,-1,1091,1090,-1,0,-1,675,674,-1,3,-7,3505,3505,0,2,2,1250,1250,0,0,-1,1236,1236,0,0,-16
1787457200.604,U,0,1,-,119.0,3135,2119,8,1,-3,1091,1090,-1,0,-1,675,674,-1,3,-7,3505,3506,1,2,3,1250,1250,0,0,-1,1236,1236,0,0,-16
1787457200.738,U,0,1,-,119.0,2123,1099,0,0,-3,1091,1090,-1,0,-1,675,674,-1,3,-7,3505,3505,0,2,2,1250,1250,0,0,-1,1236,1236,0,0,-16
1787457200.872,U,0,1,-,119.0,1103,60,-19,3,-4,1091,1090,-1,0,-1,675,674,-1,3,-7,3505,3505,0,2,2,1250,1250,0,0,-1,1236,1235,-1,0,-17
1787457201.010,U,0,1,-,119.0,64,3131,-5,2,-1,1091,1090,-1,0,-1,675,674,-1,3,-7,3505,3505,0,2,2,1249,1250,1,0,-1,1236,1235,-1,0,-17
1787457201.155,U,0,1,-,119.0,3135,2119,8,1,-3,1091,1090,-1,0,-1,675,674,-1,3,-7,3505,3506,1,2,3,1249,1250,1,0,-1,1236,1236,0,0,-16
1787457201.285,U,0,1,-,119.0,2123,1099,0,0,-3,1091,1090,-1,0,-1,675,674,-1,3,-7,3505,3505,0,2,2,1249,1250,1,0,-1,1236,1236,0,0,-16
1787457201.429,U,0,1,-,119.0,1103,60,-19,3,-4,1091,1090,-1,0,-1,675,674,-1,3,-7,3505,3505,0,2,2,1249,1250,1,0,-1,1235,1236,1,0,-16
1787457201.568,U,0,1,-,119.0,64,3131,-5,2,-1,1091,1090,-1,0,-1,675,674,-1,3,-7,3505,3505,0,2,2,1249,1250,1,0,-1,1236,1236,0,0,-16
1787457201.705,U,0,1,-,119.0,3135,2119,8,1,-3,1091,1090,-1,0,-1,675,674,-1,3,-7,3505,3505,0,2,2,1249,1250,1,0,-1,1236,1236,0,0,-16
1787457201.843,U,0,1,-,119.0,2123,1099,0,0,-3,1091,1090,-1,0,-1,675,674,-1,3,-7,3505,3505,0,2,2,1250,1250,0,0,-1,1236,1236,0,0,-16
1787457201.979,U,0,1,-,119.0,1103,60,-19,3,-4,1091,1090,-1,0,-1,675,674,-1,3,-7,3505,3505,0,2,2,1249,1250,1,0,-1,1236,1235,-1,0,-17
1787457202.118,U,0,1,-,119.0,64,3131,-5,2,-1,1091,1090,-1,0,-1,675,674,-1,3,-7,3505,3505,0,2,2,1249,1250,1,0,-1,1236,1236,0,0,-16
1787457202.255,U,0,1,-,119.0,3135,2119,8,1,-3,1091,1090,-1,0,-1,675,674,-1,3,-7,3505,3505,0,2,2,1249,1250,1,0,-1,1236,1236,0,0,-16
1787457202.392,U,0,1,-,119.0,2123,1099,0,0,-3,1091,1090,-1,0,-1,675,674,-1,3,-7,3505,3505,0,2,2,1250,1250,0,0,-1,1236,1236,0,0,-16
1787457202.530,U,0,1,-,119.0,1102,60,-18,3,-4,1091,1090,-1,0,-1,675,674,-1,3,-7,3505,3505,0,2,2,1249,1250,1,0,-1,1236,1236,0,0,-16
1787457202.668,U,0,1,-,119.0,64,3131,-5,2,-1,1091,1090,-1,0,-1,675,674,-1,3,-7,3505,3505,0,2,2,1249,1250,1,0,-1,1236,1236,0,0,-16
1787457202.802,U,0,1,-,119.0,3135,2119,8,1,-3,1091,1090,-1,0,-1,675,674,-1,3,-7,3505,3505,0,2,2,1249,1250,1,0,-1,1236,1236,0,0,-16
1787457202.943,U,0,1,-,119.0,2123,1099,0,0,-3,1091,1090,-1,0,-1,675,674,-1,3,-7,3505,3505,0,2,2,1249,1250,1,0,-1,1236,1236,0,0,-16
1787457203.079,U,0,1,-,119.0,1103,61,-18,3,-3,1091,1090,-1,0,-1,675,674,-1,3,-7,3505,3505,0,2,2,1249,1250,1,0,-1,1236,1236,0,0,-16
1787457203.217,U,0,1,-,119.0,64,3131,-5,2,-1,1091,1090,-1,0,-1,675,674,-1,3,-7,3505,3506,1,2,3,1249,1250,1,0,-1,1236,1236,0,0,-16
1787457203.352,U,0,1,-,119.0,3135,2119,8,1,-3,1091,1090,-1,0,-1,675,674,-1,3,-7,3505,3505,0,2,2,1249,1250,1,0,-1,1235,1236,1,0,-16
1787457203.489,U,0,1,-,119.0,2123,1099,0,0,-3,1091,1090,-1,0,-1,675,674,-1,3,-7,3505,3505,0,2,2,1249,1250,1,0,-1,1236,1236,0,0,-16
1787457203.629,U,0,1,-,119.0,1103,60,-19,3,-4,1091,1090,-1,0,-1,675,674,-1,3,-7,3505,3506,1,2,3,1249,1250,1,0,-1,1236,1236,0,0,-16
1787457203.767,U,0,1,-,119.0,64,3131,-5,2,-1,1091,1090,-1,0,-1,675,674,-1,3,-7,3505,3506,1,2,3,1249,1250,1,0,-1,1236,1236,0,0,-16
1787457203.901,U,0,1,-,119.0,3135,2119,8,1,-3,1091,1090,-1,0,-1,675,674,-1,3,-7,3505,3505,0,2,2,1249,1250,1,0,-1,1236,1236,0,0,-16
1787457204.041,U,0,1,-,119.0,2123,1099,0,0,-3,1091,1090,-1,0,-1,675,674,-1,3,-7,3505,3505,0,2,2,1249,1250,1,0,-1,1236,1236,0,0,-16
1787457204.180,U,0,1,-,119.0,1103,60,-19,3,-4,1091,1090,-1,0,-1,675,674,-1,3,-7,3505,3505,0,2,2,1249,1250,1,0,-1,1236,1236,0,0,-16
1787457204.317,U,0,1,-,119.0,64,3131,-5,2,-1,1091,1090,-1,0,-1,675,674,-1,3,-7,3505,3506,1,2,3,1249,1250,1,0,-1,1236,1236,0,0,-16
1787457204.455,U,0,1,-,119.0,3135,2119,8,1,-3,1091,1090,-1,0,-1,675,674,-1,3,-7,3505,3505,0,2,2,1249,1250,1,0,-1,1236,1236,0,0,-16
1787457204.591,U,0,1,-,119.0,2123,1099,0,0,-3,1091,1090,-1,0,-1,675,674,-1,3,-7,3505,3505,0,2,2,1249,1250,1,0,-1,1236,1236,0,0,-16
1787457204.730,U,0,1,-,119.0,1102,61,-17,3,-3,1091,1090,-1,0,-1,675,674,-1,3,-7,3505,3505,0,2,2,1250,1250,0,0,-1,1236,1236,0,0,-16
1787457204.867,U,0,1,-,119.0,64,3131,-5,2,-1,1091,1090,-1,0,-1,675,674,-1,3,-7,3505,3505,0,2,2,1250,1250,0,0,-1,1236,1236,0,0,-16
1787457205.005,U,0,1,-,119.0,3135,2119,8,1,-3,1091,1090,-1,0,-1,675,674,-1,3,-7,3505,3506,1,2,3,1250,1250,0,0,-1,1236,1236,0,0,-16
1787457205.143,U,0,1,-,119.0,2123,1099,0,0,-3,1091,1090,-1,0,-1,675,674,-1,3,-7,3505,3505,0,2,2,1249,1250,1,0,-1,1235,1236,1,0,-16
1787457205.280,U,0,1,-,119.0,1103,60,-19,3,-4,1091,1090,-1,0,-1,675,674,-1,3,-7,3505,3505,0,2,2,1249,1250,1,0,-1,1236,1236,0,0,-16
1787457205.409,U,0,1,-,119.0,64,3131,-5,2,-1,1091,1090,-1,0,-1,675,674,-1,3,-7,3505,3505,0,2,2,1249,1250,1,0,-1,1236,1236,0,0,-16
1787457205.552,U,0,1,-,119.0,3135,2119,8,1,-3,1091,1090,-1,0,-1,675,674,-1,3,-7,3506,3505,-1,2,2,1249,1250,1,0,-1,1236,1236,0,0,-16
1787457205.685,U,0,1,-,119.0,2124,1099,-1,0,-3,1091,1090,-1,0,-1,675,674,-1,3,-7,3505,3505,0,2,2,1249,1250,1,0,-1,1236,1236,0,0,-16
1787457205.820,U,0,1,-,119.0,1103,60,-19,3,-4,1091,1090,-1,0,-1,675,674,-1,3,-7,3505,3505,0,2,2,1249,1250,1,0,-1,1236,1236,0,0,-16
1787457205.967,U,0,1,-,119.0,65,3131,-6,2,-1,1091,1090,-1,0,-1,675,674,-1,3,-7,3505,3505,0,2,2,1250,1250,0,0,-1,1236,1236,0,0,-16
1787457206.103,U,0,1,-,119.0,3135,2119,8,1,-3,1091,1090,-1,0,-1,675,674,-1,3,-7,3505,3505,0,2,2,1249,1250,1,0,-1,1236,1236,0,0,-16
1787457206.240,U,0,1,-,119.0,2123,1099,0,0,-3,1091,1090,-1,0,-1,675,674,-1,3,-7,3505,3505,0,2,2,1249,1250,1,0,-1,1236,1236,0,0,-16
1787457206.380,U,0,1,-,119.0,1103,60,-19,3,-4,1091,1090,-1,0,-1,675,674,-1,3,-7,3505,3506,1,2,3,1249,1250,1,0,-1,1236,1236,0,0,-16
1787457206.518,U,0,1,-,119.0,64,3132,-4,2,0,1091,1090,-1,0,-1,675,674,-1,3,-7,3505,3505,0,2,2,1249,1250,1,0,-1,1236,1236,0,0,-16
1787457206.653,U,0,1,-,119.0,3135,2118,7,1,-4,1091,1090,-1,0,-1,675,674,-1,3,-7,3505,3505,0,2,2,1249,1249,0,0,-2,1236,1236,0,0,-16
1787457206.792,U,0,1,-,119.0,2123,1099,0,0,-3,1091,1090,-1,0,-1,675,674,-1,3,-7,3505,3506,1,2,3,1249,1250,1,0,-1,1236,1236,0,0,-16
1787457206.928,U,0,1,-,119.0,1103,60,-19,3,-4,1091,1091,0,0,0,675,674,-1,3,-7,3505,3505,0,2,2,1249,1250,1,0,-1,1236,1236,0,0,-16
1787457207.067,U,0,1,-,119.0,65,3131,-6,2,-1,1091,1090,-1,0,-1,675,674,-1,3,-7,3505,3505,0,2,2,1249,1250,1,0,-1,1236,1236,0,0,-16
1787457207.205,U,0,1,-,119.0,3135,2119,8,1,-3,1091,1090,-1,0,-1,675,674,-1,3,-7,3505,3505,0,2,2,1249,1250,1,0,-1,1236,1236,0,0,-16
1787457207.342,U,0,1,-,119.0,2123,1099,0,0,-3,1091,1090,-1,0,-1,675,674,-1,3,-7,3505,3505,0,2,2,1249,1250,1,0,-1,1236,1236,0,0,-16
1787457207.479,U,0,1,-,119.0,1103,60,-19,3,-4,1091,1090,-1,0,-1,675,674,-1,3,-7,3505,3505,0,2,2,1249,1250,1,0,-1,1236,1236,0,0,-16
1787457207.617,U,0,1,-,119.0,64,3131,-5,2,-1,1091,1090,-1,0,-1,675,674,-1,3,-7,3505,3505,0,2,2,1249,1250,1,0,-1,1236,1236,0,0,-16
1787457207.753,U,0,1,-,119.0,3135,2118,7,1,-4,1091,1090,-1,0,-1,675,674,-1,3,-7,3505,3506,1,2,3,1249,1250,1,0,-1,1236,1236,0,0,-16
1787457207.888,U,0,1,-,119.0,2123,1099,0,0,-3,1091,1090,-1,0,-1,675,674,-1,3,-7,3505,3505,0,2,2,1249,1250,1,0,-1,1236,1236,0,0,-16
1787457208.027,U,0,1,-,119.0,1103,60,-19,3,-4,1091,1090,-1,0,-1,675,674,-1,3,-7,3505,3506,1,2,3,1249,1250,1,0,-1,1236,1236,0,0,-16
1787457208.167,U,0,1,-,119.0,64,3131,-5,2,-1,1091,1090,-1,0,-1,675,674,-1,3,-7,3505,3505,0,2,2,1250,1250,0,0,-1,1236,1236,0,0,-16
1787457208.302,U,0,1,-,119.0,3135,2119,8,1,-3,1091,1090,-1,0,-1,675,674,-1,3,-7,3505,3505,0,2,2,1249,1250,1,0,-1,1236,1236,0,0,-16
1787457208.435,U,0,1,-,119.0,2123,1099,0,0,-3,1091,1090,-1,0,-1,675,674,-1,3,-7,3505,3506,1,2,3,1250,1250,0,0,-1,1236,1236,0,0,-16
1787457208.569,U,0,1,-,119.0,1103,60,-19,3,-4,1091,1090,-1,0,-1,675,674,-1,3,-7,3505,3505,0,2,2,1249,1250,1,0,-1,1236,1236,0,0,-16
1787457208.716,U,0,1,-,119.0,64,3131,-5,2,-1,1091,1090,-1,0,-1,675,674,-1,3,-7,3505,3505,0,2,2,1249,1250,1,0,-1,1236,1236,0,0,-16
1787457208.855,U,0,1,-,119.0,3135,2119,8,1,-3,1091,1091,0,0,0,675,674,-1,3,-7,3505,3505,0,2,2,1249,1250,1,0,-1,1236,1236,0,0,-16
1787457208.992,U,0,1,-,119.0,2123,1099,0,0,-3,1091,1091,0,0,0,675,674,-1,3,-7,3505,3505,0,2,2,1249,1250,1,0,-1,1236,1236,0,0,-16
1787457209.129,U,0,1,-,119.0,1103,60,-19,3,-4,1091,1090,-1,0,-1,675,674,-1,3,-7,3505,3505,0,2,2,1249,1250,1,0,-1,1236,1236,0,0,-16
1787457209.267,U,0,1,-,119.0,64,3131,-5,2,-1,1091,1090,-1,0,-1,675,674,-1,3,-7,3505,3505,0,2,2,1249,1250,1,0,-1,1236,1236,0,0,-16
1787457209.405,U,0,1,-,119.0,3135,2119,8,1,-3,1091,1090,-1,0,-1,675,674,-1,3,-7,3505,3505,0,2,2,1249,1250,1,0,-1,1236,1236,0,0,-16
1787457209.542,U,0,1,-,119.0,2123,1099,0,0,-3,1091,1090,-1,0,-1,675,674,-1,3,-7,3505,3505,0,2,2,1249,1250,1,0,-1,1236,1236,0,0,-16
1787457209.680,U,0,1,-,119.0,1103,60,-19,3,-4,1091,1090,-1,0,-1,675,674,-1,3,-7,3505,3506,1,2,3,1249,1250,1,0,-1,1236,1236,0,0,-16
1787457209.817,U,0,1,-,119.0,65,3131,-6,2,-1,1091,1090,-1,0,-1,675,674,-1,3,-7,3505,3506,1,2,3,1249,1250,1,0,-1,1236,1235,-1,0,-17
1787457209.955,U,0,1,-,119.0,3135,2118,7,1,-4,1091,1090,-1,0,-1,675,674,-1,3,-7,3505,3506,1,2,3,1249,1250,1,0,-1,1236,1236,0,0,-16
1787457210.091,U,0,1,-,119.0,2123,1099,0,0,-3,1091,1090,-1,0,-1,675,674,-1,3,-7,3505,3505,0,2,2,1249,1250,1,0,-1,1236,1235,-1,0,-17
1787457210.227,U,0,1,-,119.0,1103,60,-19,3,-4,1091,1090,-1,0,-1,675,674,-1,3,-7,3505,3505,0,2,2,1249,1250,1,0,-1,1236,1236,0,0,-16
1787457210.367,U,0,1,-,119.0,64,3131,-5,2,-1,1091,1090,-1,0,-1,675,674,-1,3,-7,3505,3505,0,2,2,1249,1250,1,0,-1,1236,1236,0,0,-16
1787457210.502,U,0,1,-,119.0,3135,2119,8,1,-3,1091,1090,-1,0,-1,675,674,-1,3,-7,3505,3505,0,2,2,1250,1250,0,0,-1,1236,1236,0,0,-16
1787457210.636,U,0,1,-,119.0,2123,1099,0,0,-3,1091,1090,-1,0,-1,675,674,-1,3,-7,3505,3505,0,2,2,1249,1250,1,0,-1,1236,1236,0,0,-16
1787457210.772,U,0,1,-,119.0,1103,60,-19,3,-4,1091,1090,-1,0,-1,675,674,-1,3,-7,3505,3506,1,2,3,1249,1250,1,0,-1,1236,1236,0,0,-16
1787457210.917,U,0,1,-,119.0,64,3131,-5,2,-1,1091,1090,-1,0,-1,675,674,-1,3,-7,3505,3505,0,2,2,1249,1250,1,0,-1,1236,1236,0,0,-16
1787457211.055,U,0,1,-,119.0,3135,2119,8,1,-3,1091,1090,-1,0,-1,675,674,-1,3,-7,3505,3505,0,2,2,1249,1250,1,0,-1,1236,1236,0,0,-16
1787457211.192,U,0,1,-,119.0,2123,1099,0,0,-3,1091,1090,-1,0,-1,675,674,-1,3,-7,3505,3505,0,2,2,1249,1250,1,0,-1,1236,1236,0,0,-16
1787457211.328,U,0,1,-,119.0,1103,60,-19,3,-4,1091,1090,-1,0,-1,675,674,-1,3,-7,3505,3505,0,2,2,1249,1250,1,0,-1,1236,1236,0,0,-16
1787457211.467,U,0,1,-,119.0,64,3131,-5,2,-1,1091,1090,-1,0,-1,675,674,-1,3,-7,3505,3505,0,2,2,1249,1250,1,0,-1,1236,1236,0,0,-16
1787457211.605,U,0,1,-,119.0,3135,2119,8,1,-3,1091,1090,-1,0,-1,675,674,-1,3,-7,3505,3505,0,2,2,1249,1250,1,0,-1,1236,1236,0,0,-16
1787457211.742,U,0,1,-,119.0,2123,1099,0,0,-3,1091,1090,-1,0,-1,675,674,-1,3,-7,3505,3505,0,2,2,1249,1250,1,0,-1,1236,1236,0,0,-16
1787457211.880,U,0,1,-,119.0,1102,60,-18,3,-4,1091,1090,-1,0,-1,675,674,-1,3,-7,3505,3505,0,2,2,1249,1249,0,0,-2,1236,1236,0,0,-16
1787457212.017,U,0,1,-,119.0,64,3131,-5,2,-1,1091,1090,-1,0,-1,675,674,-1,3,-7,3505,3505,0,2,2,1249,1250,1,0,-1,1236,1236,0,0,-16
1787457212.154,U,0,1,-,119.0,3135,2119,8,1,-3,1091,1090,-1,0,-1,675,674,-1,3,-7,3505,3506,1,2,3,1249,1250,1,0,-1,1236,1235,-1,0,-17
1787457212.287,U,0,1,-,119.0,2123,1099,0,0,-3,1091,1090,-1,0,-1,675,674,-1,3,-7,3505,3505,0,2,2,1249,1250,1,0,-1,1236,1236,0,0,-16
1787457212.430,U,0,1,-,119.0,1102,60,-18,3,-4,1091,1090,-1,0,-1,675,674,-1,3,-7,3505,3505,0,2,2,1249,1250,1,0,-1,1236,1236,0,0,-16
1787457212.566,U,0,1,-,119.0,65,3131,-6,2,-1,1091,1090,-1,0,-1,675,674,-1,3,-7,3505,3505,0,2,2,1249,1250,1,0,-1,1236,1236,0,0,-16
1787457212.704,U,0,1,-,119.0,3135,2119,8,1,-3,1091,1090,-1,0,-1,675,674,-1,3,-7,3505,3505,0,2,2,1249,1250,1,0,-1,1236,1236,0,0,-16
1787457212.841,U,0,1,-,119.0,2123,1099,0,0,-3,1091,1090,-1,0,-1,675,674,-1,3,-7,3505,3505,0,2,2,1249,1250,1,0,-1,1236,1236,0,0,-16
1787457212.980,U,0,1,-,119.0,1102,61,-17,3,-3,1091,1090,-1,0,-1,675,674,-1,3,-7,3505,3506,1,2,3,1249,1250,1,0,-1,1236,1236,0,0,-16
1787457213.117,U,0,1,-,119.0,65,3131,-6,2,-1,1091,1090,-1,0,-1,675,674,-1,3,-7,3505,3505,0,2,2,1249,1250,1,0,-1,1236,1235,-1,0,-17
1787457213.254,U,0,1,-,119.0,3135,2119,8,1,-3,1091,1090,-1,0,-1,675,674,-1,3,-7,3505,3505,0,2,2,1250,1250,0,0,-1,1236,1236,0,0,-16
1787457213.391,U,0,1,-,119.0,2123,1099,0,0,-3,1091,1090,-1,0,-1,675,674,-1,3,-7,3505,3505,0,2,2,1249,1250,1,0,-1,1236,1236,0,0,-16
1787457213.521,U,0,1,-,119.0,1103,61,-18,3,-3,1091,1090,-1,0,-1,675,674,-1,3,-7,3505,3505,0,2,2,1249,1250,1,0,-1,1236,1236,0,0,-16
1787457213.666,U,0,1,-,119.0,64,3131,-5,2,-1,1091,1090,-1,0,-1,675,674,-1,3,-7,3505,3505,0,2,2,1249,1250,1,0,-1,1236,1236,0,0,-16
1787457213.805,U,0,1,-,119.0,3135,2119,8,1,-3,1091,1090,-1,0,-1,675,674,-1,3,-7,3505,3505,0,2,2,1250,1250,0,0,-1,1236,1236,0,0,-16
1787457213.941,U,0,1,-,119.0,2123,1099,0,0,-3,1091,1090,-1,0,-1,675,674,-1,3,-7,3506,3505,-1,2,2,1249,1250,1,0,-1,1236,1236,0,0,-16
1787457214.080,U,0,1,-,119.0,1103,60,-19,3,-4,1091,1090,-1,0,-1,675,674,-1,3,-7,3505,3505,0,2,2,1249,1250,1,0,-1,1236,1236,0,0,-16
1787457214.213,U,0,1,-,119.0,64,3131,-5,2,-1,1091,1090,-1,0,-1,675,674,-1,3,-7,3505,3505,0,2,2,1249,1250,1,0,-1,1236,1236,0,0,-16
1787457214.354,U,0,1,-,119.0,3135,2119,8,1,-3,1091,1090,-1,0,-1,675,674,-1,3,-7,3505,3506,1,2,3,1250,1250,0,0,-1,1236,1236,0,0,-16
1787457214.491,U,0,1,-,119.0,2123,1099,0,0,-3,1091,1090,-1,0,-1,675,674,-1,3,-7,3505,3505,0,2,2,1249,1250,1,0,-1,1236,1235,-1,0,-17
1787457214.630,U,0,1,-,119.0,1103,60,-19,3,-4,1091,1090,-1,0,-1,675,674,-1,3,-7,3505,3505,0,2,2,1249,1250,1,0,-1,1236,1236,0,0,-16
1787457214.767,U,0,1,-,119.0,65,3131,-6,2,-1,1091,1090,-1,0,-1,675,674,-1,3,-7,3505,3505,0,2,2,1249,1249,0,0,-2,1236,1236,0,0,-16
1787457214.903,U,0,1,-,119.0,3135,2119,8,1,-3,1091,1090,-1,0,-1,675,674,-1,3,-7,3505,3505,0,2,2,1249,1250,1,0,-1,1236,1236,0,0,-16
1787457215.041,U,0,1,-,119.0,2123,1099,0,0,-3,1091,1090,-1,0,-1,675,674,-1,3,-7,3505,3505,0,2,2,1249,1250,1,0,-1,1236,1236,0,0,-16
1787457215.180,U,0,1,-,119.0,1103,60,-19,3,-4,1091,1090,-1,0,-1,675,674,-1,3,-7,3505,3505,0,2,2,1249,1250,1,0,-1,1236,1236,0,0,-16
1787457215.316,U,0,1,-,119.0,64,3131,-5,2,-1,1091,1090,-1,0,-1,675,674,-1,3,-7,3505,3506,1,2,3,1249,1250,1,0,-1,1236,1236,0,0,-16
1787457215.454,U,0,1,-,119.0,3135,2119,8,1,-3,1091,1090,-1,0,-1,675,674,-1,3,-7,3505,3506,1,2,3,1249,1250,1,0,-1,1236,1236,0,0,-16
1787457215.591,U,0,1,-,119.0,2123,1099,0,0,-3,1091,1090,-1,0,-1,675,674,-1,3,-7,3505,3505,0,2,2,1249,1250,1,0,-1,1236,1236,0,0,-16
1787457215.721,U,0,1,-,119.0,1103,61,-18,3,-3,1091,1090,-1,0,-1,675,674,-1,3,-7,3505,3505,0,2,2,1249,1250,1,0,-1,1236,1236,0,0,-16
1787457215.867,U,0,1,-,119.0,64,3131,-5,2,-1,1091,1090,-1,0,-1,675,674,-1,3,-7,3505,3505,0,2,2,1249,1250,1,0,-1,1236,1236,0,0,-16
1787457216.003,U,0,1,-,119.0,3135,2119,8,1,-3,1091,1090,-1,0,-1,675,674,-1,3,-7,3505,3505,0,2,2,1249,1250,1,0,-1,1236,1236,0,0,-16
1787457216.141,U,0,1,-,119.0,2123,1099,0,0,-3,1091,1090,-1,0,-1,675,674,-1,3,-7,3506,3506,0,2,3,1249,1250,1,0,-1,1236,1236,0,0,-16
1787457216.279,U,0,1,-,119.0,1102,60,-18,3,-4,1091,1090,-1,0,-1,675,674,-1,3,-7,3505,3505,0,2,2,1249,1250,1,0,-1,1236,1236,0,0,-16
1787457216.417,U,0,1,-,119.0,64,3132,-4,2,0,1091,1090,-1,0,-1,675,674,-1,3,-7,3505,3506,1,2,3,1249,1250,1,0,-1,1236,1236,0,0,-16
1787457216.554,U,0,1,-,119.0,3135,2119,8,1,-3,1091,1090,-1,0,-1,675,674,-1,3,-7,3505,3505,0,2,2,1249,1250,1,0,-1,1236,1236,0,0,-16
1787457216.692,U,0,1,-,119.0,2123,1099,0,0,-3,1091,1090,-1,0,-1,675,674,-1,3,-7,3505,3505,0,2,2,1249,1250,1,0,-1,1235,1236,1,0,-16
1787457216.829,U,0,1,-,119.0,1103,60,-19,3,-4,1091,1090,-1,0,-1,675,674,-1,3,-7,3505,3505,0,2,2,1249,1249,0,0,-2,1236,1236,0,0,-16
1787457216.966,U,0,1,-,119.0,64,3131,-5,2,-1,1091,1090,-1,0,-1,675,674,-1,3,-7,3505,3505,0,2,2,1249,1250,1,0,-1,1235,1236,1,0,-16
1787457217.104,U,0,1,-,119.0,3135,2119,8,1,-3,1091,1090,-1,0,-1,675,674,-1,3,-7,3505,3505,0,2,2,1250,1250,0,0,-1,1236,1236,0,0,-16
1787457217.242,U,0,1,-,119.0,2123,1099,0,0,-3,1091,1090,-1,0,-1,675,674,-1,3,-7,3505,3505,0,2,2,1249,1250,1,0,-1,1236,1236,0,0,-16
1787457217.378,U,0,1,-,119.0,1103,60,-19,3,-4,1091,1090,-1,0,-1,675,674,-1,3,-7,3505,3505,0,2,2,1250,1249,-1,0,-2,1236,1236,0,0,-16
1787457217.513,U,0,1,-,119.0,64,3131,-5,2,-1,1091,1090,-1,0,-1,675,674,-1,3,-7,3505,3505,0,2,2,1250,1250,0,0,-1,1236,1236,0,0,-16
1787457217.654,U,0,1,-,119.0,3135,2119,8,1,-3,1091,1090,-1,0,-1,675,673,-2,3,-8,3506,3505,-1,2,2,1249,1250,1,0,-1,1236,1236,0,0,-16
1787457217.792,U,0,1,-,119.0,2123,1099,0,0,-3,1091,1090,-1,0,-1,675,674,-1,3,-7,3505,3505,0,2,2,1249,1250,1,0,-1,1236,1236,0,0,-16
1787457217.930,U,0,1,-,119.0,1103,60,-19,3,-4,1091,1090,-1,0,-1,675,674,-1,3,-7,3505,3506,1,2,3,1249,1250,1,0,-1,1236,1236,0,0,-16
1787457218.065,U,0,1,-,119.0,65,3131,-6,2,-1,1091,1090,-1,0,-1,675,674,-1,3,-7,3505,3505,0,2,2,1249,1250,1,0,-1,1236,1236,0,0,-16
1787457218.203,U,0,1,-,119.0,3135,2119,8,1,-3,1091,1090,-1,0,-1,675,674,-1,3,-7,3505,3505,0,2,2,1249,1250,1,0,-1,1236,1236,0,0,-16
1787457218.334,U,0,1,-,119.0,2123,1099,0,0,-3,1091,1090,-1,0,-1,675,674,-1,3,-7,3505,3505,0,2,2,1249,1250,1,0,-1,1236,1236,0,0,-16
1787457218.478,U,0,1,-,119.0,1103,60,-19,3,-4,1091,1090,-1,0,-1,675,674,-1,3,-7,3505,3505,0,2,2,1249,1250,1,0,-1,1236,1236,0,0,-16
1787457218.617,U,0,1,-,119.0,64,3131,-5,2,-1,1091,1090,-1,0,-1,675,674,-1,3,-7,3505,3505,0,2,2,1249,1250,1,0,-1,1236,1236,0,0,-16
1787457218.754,U,0,1,-,119.0,3135,2119,8,1,-3,1091,1090,-1,0,-1,675,674,-1,3,-7,3505,3505,0,2,2,1250,1250,0,0,-1,1236,1236,0,0,-16
1787457218.891,U,0,1,-,119.0,2123,1099,0,0,-3,1091,1090,-1,0,-1,675,674,-1,3,-7,3505,3506,1,2,3,1250,1250,0,0,-1,1236,1236,0,0,-16
1787457219.029,U,0,1,-,119.0,1103,60,-19,3,-4,1091,1090,-1,0,-1,675,674,-1,3,-7,3505,3505,0,2,2,1249,1250,1,0,-1,1236,1236,0,0,-16
1787457219.167,U,0,1,-,119.0,64,3131,-5,2,-1,1091,1090,-1,0,-1,675,674,-1,3,-7,3505,3505,0,2,2,1249,1250,1,0,-1,1236,1236,0,0,-16
1787457219.304,U,0,1,-,119.0,3135,2118,7,1,-4,1091,1090,-1,0,-1,675,673,-2,3,-8,3505,3505,0,2,2,1249,1250,1,0,-1,1236,1236,0,0,-16
1787457219.441,U,0,1,-,119.0,2123,1099,0,0,-3,1091,1090,-1,0,-1,675,674,-1,3,-7,3505,3505,0,2,2,1249,1250,1,0,-1,1236,1236,0,0,-16
1787457219.579,U,0,1,-,119.0,1103,60,-19,3,-4,1091,1090,-1,0,-1,675,674,-1,3,-7,3505,3505,0,2,2,1249,1250,1,0,-1,1236,1236,0,0,-16
1787457219.715,U,0,1,-,119.0,64,3131,-5,2,-1,1091,1090,-1,0,-1,675,674,-1,3,-7,3505,3506,1,2,3,1249,1250,1,0,-1,1236,1236,0,0,-16
1787457219.855,U,0,1,-,119.0,3135,2119,8,1,-3,1091,1090,-1,0,-1,675,674,-1,3,-7,3505,3505,0,2,2,1249,1250,1,0,-1,1236,1236,0,0,-16
1787457219.990,U,0,1,-,119.0,2123,1099,0,0,-3,1091,1090,-1,0,-1,675,674,-1,3,-7,3505,3505,0,2,2,1249,1250,1,0,-1,1236,1236,0,0,-16
1787457220.128,U,0,1,-,119.0,1102,60,-18,3,-4,1091,1090,-1,0,-1,675,674,-1,3,-7,3505,3505,0,2,2,1249,1250,1,0,-1,1236,1236,0,0,-16
1787457220.263,U,0,1,-,119.0,64,3131,-5,2,-1,1091,1090,-1,0,-1,675,674,-1,3,-7,3505,3505,0,2,2,1249,1250,1,0,-1,1236,1235,-1,0,-17
1787457220.404,U,0,1,-,119.0,3135,2118,7,1,-4,1091,1090,-1,0,-1,675,674,-1,3,-7,3505,3505,0,2,2,1250,1250,0,0,-1,1236,1236,0,0,-16
1787457220.541,U,0,1,-,119.0,2123,1099,0,0,-3,1091,1090,-1,0,-1,675,674,-1,3,-7,3505,3505,0,2,2,1249,1250,1,0,-1,1236,1236,0,0,-16
1787457220.673,U,0,1,-,119.0,1103,60,-19,3,-4,1091,1090,-1,0,-1,675,674,-1,3,-7,3505,3505,0,2,2,1249,1250,1,0,-1,1236,1236,0,0,-16
1787457220.812,U,0,1,-,119.0,65,3131,-6,2,-1,1091,1090,-1,0,-1,675,674,-1,3,-7,3505,3505,0,2,2,1249,1250,1,0,-1,1236,1236,0,0,-16
1787457220.953,U,0,1,-,119.0,3135,2119,8,1,-3,1091,1090,-1,0,-1,675,674,-1,3,-7,3505,3505,0,2,2,1249,1250,1,0,-1,1236,1236,0,0,-16
1787457221.091,U,0,1,-,119.0,2123,1099,0,0,-3,1091,1090,-1,0,-1,675,674,-1,3,-7,3505,3505,0,2,2,1249,1250,1,0,-1,1236,1236,0,0,-16
1787457221.228,U,0,1,-,119.0,1103,60,-19,3,-4,1091,1090,-1,0,-1,675,674,-1,3,-7,3505,3505,0,2,2,1249,1250,1,0,-1,1236,1236,0,0,-16
1787457221.365,U,0,1,-,119.0,64,3131,-5,2,-1,1091,1090,-1,0,-1,675,674,-1,3,-7,3505,3505,0,2,2,1249,1249,0,0,-2,1236,1236,0,0,-16
1787457221.504,U,0,1,-,119.0,3135,2119,8,1,-3,1091,1090,-1,0,-1,675,674,-1,3,-7,3505,3505,0,2,2,1250,1250,0,0,-1,1236,1236,0,0,-16
1787457221.641,U,0,1,-,119.0,2123,1099,0,0,-3,1091,1090,-1,0,-1,675,674,-1,3,-7,3505,3505,0,2,2,1249,1250,1,0,-1,1236,1236,0,0,-16
1787457221.770,U,0,1,-,119.0,1103,61,-18,3,-3,1091,1090,-1,0,-1,675,674,-1,3,-7,3505,3506,1,2,3,1249,1250,1,0,-1,1236,1236,0,0,-16
1787457221.916,U,0,1,-,119.0,64,3131,-5,2,-1,1091,1090,-1,0,-1,675,674,-1,3,-7,3505,3505,0,2,2,1250,1249,-1,0,-2,1236,1236,0,0,-16
1787457222.053,U,0,1,-,119.0,3135,2118,7,1,-4,1091,1090,-1,0,-1,675,674,-1,3,-7,3505,3505,0,2,2,1249,1250,1,0,-1,1236,1236,0,0,-16
1787457222.191,U,0,1,-,119.0,2123,1099,0,0,-3,1091,1090,-1,0,-1,675,674,-1,3,-7,3505,3506,1,2,3,1249,1250,1,0,-1,1236,1236,0,0,-16
1787457222.325,U,0,1,-,119.0,1103,60,-19,3,-4,1091,1090,-1,0,-1,675,674,-1,3,-7,3505,3505,0,2,2,1249,1250,1,0,-1,1236,1236,0,0,-16
1787457222.465,U,0,1,-,119.0,65,3131,-6,2,-1,1091,1090,-1,0,-1,675,674,-1,3,-7,3505,3505,0,2,2,1249,1250,1,0,-1,1236,1236,0,0,-16
1787457222.604,U,0,1,-,119.0,3135,2119,8,1,-3,1091,1090,-1,0,-1,675,674,-1,3,-7,3505,3505,0,2,2,1250,1250,0,0,-1,1236,1236,0,0,-16
1787457222.735,U,0,1,-,119.0,2123,1099,0,0,-3,1091,1090,-1,0,-1,675,674,-1,3,-7,3505,3505,0,2,2,1249,1250,1,0,-1,1236,1236,0,0,-16
1787457222.877,U,0,1,-,119.0,1103,60,-19,3,-4,1091,1090,-1,0,-1,675,674,-1,3,-7,3505,3505,0,2,2,1249,1250,1,0,-1,1236,1236,0,0,-16
1787457223.016,U,0,1,-,119.0,64,3131,-5,2,-1,1091,1090,-1,0,-1,675,674,-1,3,-7,3505,3505,0,2,2,1249,1250,1,0,-1,1236,1236,0,0,-16
1787457223.154,U,0,1,-,119.0,3135,2119,8,1,-3,1091,1090,-1,0,-1,675,674,-1,3,-7,3505,3505,0,2,2,1249,1250,1,0,-1,1236,1236,0,0,-16
1787457223.288,U,0,1,-,119.0,2123,1099,0,0,-3,1091,1090,-1,0,-1,675,674,-1,3,-7,3505,3505,0,2,2,1249,1250,1,0,-1,1236,1236,0,0,-16
1787457223.428,U,0,1,-,119.0,1103,60,-19,3,-4,1091,1090,-1,0,-1,675,674,-1,3,-7,3505,3505,0,2,2,1250,1250,0,0,-1,1236,1236,0,0,-16
1787457223.566,U,0,1,-,119.0,64,3131,-5,2,-1,1091,1090,-1,0,-1,675,674,-1,3,-7,3505,3505,0,2,2,1249,1250,1,0,-1,1236,1236,0,0,-16
1787457223.704,U,0,1,-,119.0,3135,2118,7,1,-4,1091,1090,-1,0,-1,675,674,-1,3,-7,3505,3505,0,2,2,1249,1250,1,0,-1,1236,1236,0,0,-16
1787457223.841,U,0,1,-,119.0,2123,1099,0,0,-3,1091,1090,-1,0,-1,675,674,-1,3,-7,3505,3505,0,2,2,1249,1250,1,0,-1,1236,1236,0,0,-16
1787457223.978,U,0,1,-,119.0,1103,60,-19,3,-4,1091,1090,-1,0,-1,675,674,-1,3,-7,3505,3505,0,2,2,1250,1250,0,0,-1,1236,1236,0,0,-16
1787457224.116,U,0,1,-,119.0,65,3131,-6,2,-1,1091,1090,-1,0,-1,675,674,-1,3,-7,3505,3505,0,2,2,1249,1250,1,0,-1,1236,1236,0,0,-16
1787457224.253,U,0,1,-,119.0,3135,2119,8,1,-3,1091,1090,-1,0,-1,675,674,-1,3,-7,3505,3505,0,2,2,1249,1250,1,0,-1,1236,1236,0,0,-16
1787457224.387,U,0,1,-,119.0,2123,1099,0,0,-3,1091,1090,-1,0,-1,675,674,-1,3,-7,3505,3505,0,2,2,1249,1250,1,0,-1,1236,1236,0,0,-16
1787457224.528,U,0,1,-,119.0,1103,60,-19,3,-4,1091,1090,-1,0,-1,675,674,-1,3,-7,3505,3506,1,2,3,1249,1250,1,0,-1,1236,1236,0,0,-16
1787457224.665,U,0,1,-,119.0,65,3131,-6,2,-1,1091,1090,-1,0,-1,675,674,-1,3,-7,3505,3505,0,2,2,1249,1250,1,0,-1,1236,1236,0,0,-16
1787457224.803,U,0,1,-,119.0,3135,2119,8,1,-3,1091,1090,-1,0,-1,675,674,-1,3,-7,3505,3506,1,2,3,1249,1250,1,0,-1,1236,1236,0,0,-16
1787457224.940,U,0,1,-,119.0,2123,1099,0,0,-3,1091,1090,-1,0,-1,675,674,-1,3,-7,3505,3505,0,2,2,1249,1250,1,0,-1,1236,1236,0,0,-16
1787457225.079,U,0,1,-,119.0,1103,60,-19,3,-4,1091,1090,-1,0,-1,675,674,-1,3,-7,3506,3505,-1,2,2,1249,1250,1,0,-1,1236,1236,0,0,-16
1787457225.216,U,0,1,-,119.0,65,3131,-6,2,-1,1091,1090,-1,0,-1,675,674,-1,3,-7,3505,3506,1,2,3,1249,1250,1,0,-1,1236,1236,0,0,-16
1787457225.396,U',0,1,-,119.0,3135,61,-2,3,-3,1091,1090,-1,0,-1,675,674,-1,3,-7,3505,3505,0,2,2,1249,1250,1,0,-1,1236,1236,0,0,-16
1787457225.534,U',0,1,-,119.0,64,1100,12,0,-2,1091,1090,-1,0,-1,675,674,-1,3,-7,3505,3505,0,2,2,1249,1250,1,0,-1,1236,1236,0,0,-16
1787457225.671,U',0,1,-,119.0,1101,2119,-6,1,-3,1091,1090,-1,0,-1,675,674,-1,3,-7,3505,3505,0,2,2,1249,1250,1,0,-1,1235,1236,1,0,-16
1787457225.805,U',0,1,-,119.0,2122,3132,-14,2,0,1091,1090,-1,0,-1,675,673,-2,3,-8,3505,3505,0,2,2,1249,1250,1,0,-1,1236,1236,0,0,-16
1787457225.946,U',0,1,-,119.0,3134,61,-1,3,-3,1091,1090,-1,0,-1,675,674,-1,3,-7,3505,3505,0,2,2,1250,1250,0,0,-1,1236,1236,0,0,-16
1787457226.083,U',0,1,-,119.0,63,1100,13,0,-2,1091,1090,-1,0,-1,675,674,-1,3,-7,3505,3505,0,2,2,1249,1250,1,0,-1,1236,1236,0,0,-16
1787457226.218,U',0,1,-,119.0,1101,2120,-5,1,-2,1091,1090,-1,0,-1,675,674,-1,3,-7,3505,3506,1,2,3,1249,1250,1,0,-1,1236,1236,0,0,-16
1787457226.353,U',0,1,-,119.0,2122,3132,-14,2,0,1091,1090,-1,0,-1,675,674,-1,3,-7,3505,3505,0,2,2,1249,1250,1,0,-1,1236,1236,0,0,-16
1787457226.496,U',0,1,-,119.0,3133,61,0,3,-3,1091,1090,-1,0,-1,675,674,-1,3,-7,3505,3505,0,2,2,1249,1250,1,0,-1,1236,1236,0,0,-16
1787457226.632,U',0,1,-,119.0,63,1100,13,0,-2,1091,1090,-1,0,-1,675,674,-1,3,-7,3505,3505,0,2,2,1249,1250,1,0,-1,1236,1236,0,0,-16
1787457226.768,U',0,1,-,119.0,1101,2120,-5,1,-2,1091,1090,-1,0,-1,675,674,-1,3,-7,3505,3505,0,2,2,1249,1250,1,0,-1,1235,1236,1,0,-16
1787457226.907,U',0,1,-,119.0,2122,3132,-14,2,0,1091,1090,-1,0,-1,675,674,-1,3,-7,3505,3506,1,2,3,1249,1250,1,0,-1,1236,1236,0,0,-16
1787457227.045,U',0,1,-,119.0,3134,61,-1,3,-3,1091,1090,-1,0,-1,675,674,-1,3,-7,3505,3505,0,2,2,1250,1249,-1,0,-2,1236,1236,0,0,-16
1787457227.183,U',0,1,-,119.0,63,1100,13,0,-2,1091,1090,-1,0,-1,675,674,-1,3,-7,3505,3505,0,2,2,1249,1250,1,0,-1,1236,1236,0,0,-16
1787457227.320,U',0,1,-,119.0,1102,2119,-7,1,-3,1091,1090,-1,0,-1,675,674,-1,3,-7,3505,3506,1,2,3,1249,1250,1,0,-1,1236,1236,0,0,-16
1787457227.453,U',0,1,-,119.0,2122,3132,-14,2,0,1091,1090,-1,0,-1,675,674,-1,3,-7,3505,3505,0,2,2,1249,1250,1,0,-1,1236,1236,0,0,-16
1787457227.594,U',0,1,-,119.0,3134,61,-1,3,-3,1091,1090,-1,0,-1,675,674,-1,3,-7,3505,3505,0,2,2,1249,1250,1,0,-1,1236,1236,0,0,-16
1787457227.733,U',0,1,-,119.0,63,1100,13,0,-2,1091,1090,-1,0,-1,675,674,-1,3,-7,3505,3505,0,2,2,1249,1250,1,0,-1,1236,1236,0,0,-16
1787457227.870,U',0,1,-,119.0,1102,2120,-6,1,-2,1091,1090,-1,0,-1,675,674,-1,3,-7,3505,3505,0,2,2,1250,1250,0,0,-1,1236,1236,0,0,-16
1787457228.008,U',0,1,-,119.0,2122,3132,-14,2,0,1091,1090,-1,0,-1,675,674,-1,3,-7,3505,3505,0,2,2,1249,1250,1,0,-1,1236,1236,0,0,-16
1787457228.145,U',0,1,-,119.0,3133,61,0,3,-3,1091,1090,-1,0,-1,675,674,-1,3,-7,3505,3505,0,2,2,1249,1250,1,0,-1,1236,1236,0,0,-16
1787457228.279,U',0,1,-,119.0,63,1099,12,0,-3,1091,1090,-1,0,-1,675,674,-1,3,-7,3505,3505,0,2,2,1249,1250,1,0,-1,1236,1236,0,0,-16
1787457228.420,U',0,1,-,119.0,1102,2119,-7,1,-3,1091,1090,-1,0,-1,675,674,-1,3,-7,3505,3505,0,2,2,1249,1250,1,0,-1,1236,1236,0,0,-16
1787457228.553,U',0,1,-,119.0,2122,3132,-14,2,0,1091,1090,-1,0,-1,675,674,-1,3,-7,3505,3505,0,2,2,1250,1250,0,0,-1,1235,1236,1,0,-16
1787457228.695,U',0,1,-,119.0,3134,61,-1,3,-3,1091,1090,-1,0,-1,675,674,-1,3,-7,3505,3506,1,2,3,1249,1250,1,0,-1,1236,1236,0,0,-16
1787457228.834,U',0,1,-,119.0,63,1100,13,0,-2,1091,1090,-1,0,-1,675,674,-1,3,-7,3505,3505,0,2,2,1249,1249,0,0,-2,1236,1236,0,0,-16
1787457228.971,U',0,1,-,119.0,1101,2119,-6,1,-3,1091,1090,-1,0,-1,675,674,-1,3,-7,3505,3505,0,2,2,1249,1249,0,0,-2,1236,1236,0,0,-16
1787457229.107,U',0,1,-,119.0,2122,3132,-14,2,0,1091,1090,-1,0,-1,675,674,-1,3,-7,3505,3505,0,2,2,1250,1250,0,0,-1,1235,1236,1,0,-16
1787457229.244,U',0,1,-,119.0,3133,61,0,3,-3,1091,1090,-1,0,-1,675,674,-1,3,-7,3505,3505,0,2,2,1249,1250,1,0,-1,1236,1236,0,0,-16
1787457229.383,U',0,1,-,119.0,64,1100,12,0,-2,1091,1090,-1,0,-1,675,673,-2,3,-8,3505,3505,0,2,2,1249,1250,1,0,-1,1236,1236,0,0,-16
1787457229.521,U',0,1,-,119.0,1102,2119,-7,1,-3,1091,1090,-1,0,-1,675,674,-1,3,-7,3505,3505,0,2,2,1249,1250,1,0,-1,1236,1236,0,0,-16
1787457229.657,U',0,1,-,119.0,2122,3132,-14,2,0,1091,1090,-1,0,-1,675,674,-1,3,-7,3505,3506,1,2,3,1249,1250,1,0,-1,1236,1236,0,0,-16
1787457229.795,U',0,1,-,119.0,3134,61,-1,3,-3,1091,1090,-1,0,-1,675,674,-1,3,-7,3506,3505,-1,2,2,1249,1250,1,0,-1,1236,1236,0,0,-16
1787457229.933,U',0,1,-,119.0,63,1100,13,0,-2,1091,1090,-1,0,-1,675,674,-1,3,-7,3505,3505,0,2,2,1249,1250,1,0,-1,1236,1236,0,0,-16
1787457230.070,U',0,1,-,119.0,1101,2119,-6,1,-3,1091,1090,-1,0,-1,675,674,-1,3,-7,3505,3505,0,2,2,1249,1250,1,0,-1,1236,1236,0,0,-16
1787457230.208,U',0,1,-,119.0,2122,3132,-14,2,0,1091,1090,-1,0,-1,675,674,-1,3,-7,3505,3505,0,2,2,1249,1250,1,0,-1,1236,1236,0,0,-16
1787457230.345,U',0,1,-,119.0,3133,61,0,3,-3,1091,1090,-1,0,-1,675,674,-1,3,-7,3505,3505,0,2,2,1249,1250,1,0,-1,1235,1236,1,0,-16
1787457230.483,U',0,1,-,119.0,63,1100,13,0,-2,1091,1090,-1,0,-1,675,674,-1,3,-7,3505,3505,0,2,2,1249,1250,1,0,-1,1236,1236,0,0,-16
1787457230.620,U',0,1,-,119.0,1101,2119,-6,1,-3,1091,1090,-1,0,-1,675,674,-1,3,-7,3505,3505,0,2,2,1249,1250,1,0,-1,1236,1236,0,0,-16
1787457230.753,U',0,1,-,119.0,2122,3132,-14,2,0,1091,1090,-1,0,-1,675,674,-1,3,-7,3505,3505,0,2,2,1249,1250,1,0,-1,1236,1236,0,0,-16
1787457230.896,U',0,1,-,119.0,3134,61,-1,3,-3,1091,1090,-1,0,-1,675,674,-1,3,-7,3505,3505,0,2,2,1249,1250,1,0,-1,1236,1236,0,0,-16
1787457231.033,U',0,1,-,119.0,63,1100,13,0,-2,1091,1090,-1,0,-1,675,674,-1,3,-7,3505,3505,0,2,2,1249,1250,1,0,-1,1236,1236,0,0,-16
1787457231.168,U',0,1,-,119.0,1101,2119,-6,1,-3,1091,1090,-1,0,-1,675,674,-1,3,-7,3505,3506,1,2,3,1249,1250,1,0,-1,1236,1236,0,0,-16
1787457231.307,U',0,1,-,119.0,2122,3132,-14,2,0,1091,1090,-1,0,-1,675,674,-1,3,-7,3505,3505,0,2,2,1249,1250,1,0,-1,1236,1236,0,0,-16
1787457231.445,U',0,1,-,119.0,3134,61,-1,3,-3,1091,1090,-1,0,-1,675,674,-1,3,-7,3505,3505,0,2,2,1249,1250,1,0,-1,1235,1236,1,0,-16
1787457231.583,U',0,1,-,119.0,64,1100,12,0,-2,1091,1090,-1,0,-1,675,674,-1,3,-7,3505,3506,1,2,3,1250,1250,0,0,-1,1236,1236,0,0,-16
1787457231.718,U',0,1,-,119.0,1101,2119,-6,1,-3,1091,1090,-1,0,-1,675,674,-1,3,-7,3505,3506,1,2,3,1249,1250,1,0,-1,1236,1236,0,0,-16
1787457231.858,U',0,1,-,119.0,2122,3132,-14,2,0,1091,1090,-1,0,-1,675,674,-1,3,-7,3505,3506,1,2,3,1249,1249,0,0,-2,1236,1236,0,0,-16
1787457231.994,U',0,1,-,119.0,3134,61,-1,3,-3,1091,1090,-1,0,-1,675,674,-1,3,-7,3505,3505,0,2,2,1250,1250,0,0,-1,1235,1236,1,0,-16
1787457232.133,U',0,1,-,119.0,63,1100,13,0,-2,1091,1090,-1,0,-1,675,674,-1,3,-7,3505,3505,0,2,2,1249,1250,1,0,-1,1236,1236,0,0,-16
1787457232.269,U',0,1,-,119.0,1102,2119,-7,1,-3,1091,1090,-1,0,-1,675,674,-1,3,-7,3505,3505,0,2,2,1249,1250,1,0,-1,1236,1236,0,0,-16
1787457232.408,U',0,1,-,119.0,2122,3132,-14,2,0,1091,1090,-1,0,-1,675,674,-1,3,-7,3505,3505,0,2,2,1250,1250,0,0,-1,1236,1236,0,0,-16
1787457232.545,U',0,1,-,119.0,3134,61,-1,3,-3,1091,1090,-1,0,-1,675,674,-1,3,-7,3505,3505,0,2,2,1249,1250,1,0,-1,1236,1236,0,0,-16
1787457232.683,U',0,1,-,119.0,63,1100,13,0,-2,1091,1090,-1,0,-1,675,674,-1,3,-7,3505,3505,0,2,2,1249,1250,1,0,-1,1236,1236,0,0,-16
1787457232.821,U',0,1,-,119.0,1101,2119,-6,1,-3,1091,1090,-1,0,-1,675,674,-1,3,-7,3505,3505,0,2,2,1249,1250,1,0,-1,1236,1236,0,0,-16
1787457232.957,U',0,1,-,119.0,2122,3132,-14,2,0,1091,1090,-1,0,-1,675,674,-1,3,-7,3505,3505,0,2,2,1249,1250,1,0,-1,1236,1236,0,0,-16
1787457233.096,U',0,1,-,119.0,3133,61,0,3,-3,1091,1090,-1,0,-1,675,674,-1,3,-7,3505,3505,0,2,2,1249,1250,1,0,-1,1236,1236,0,0,-16
1787457233.233,U',0,1,-,119.0,63,1100,13,0,-2,1091,1090,-1,0,-1,675,674,-1,3,-7,3505,3506,1,2,3,1249,1250,1,0,-1,1236,1236,0,0,-16
1787457233.369,U',0,1,-,119.0,1101,2119,-6,1,-3,1091,1090,-1,0,-1,675,673,-2,3,-8,3505,3506,1,2,3,1249,1250,1,0,-1,1235,1236,1,0,-16
1787457233.507,U',0,1,-,119.0,2122,3132,-14,2,0,1091,1090,-1,0,-1,675,674,-1,3,-7,3505,3505,0,2,2,1249,1250,1,0,-1,1236,1236,0,0,-16
1787457233.644,U',0,1,-,119.0,3133,60,-1,3,-4,1091,1090,-1,0,-1,675,674,-1,3,-7,3505,3505,0,2,2,1249,1250,1,0,-1,1236,1236,0,0,-16
1787457233.782,U',0,1,-,119.0,63,1100,13,0,-2,1091,1090,-1,0,-1,675,674,-1,3,-7,3505,3506,1,2,3,1249,1250,1,0,-1,1236,1236,0,0,-16
1787457233.919,U',0,1,-,119.0,1102,2120,-6,1,-2,1090,1090,0,0,-1,675,673,-2,3,-8,3505,3505,0,2,2,1249,1250,1,0,-1,1236,1236,0,0,-16
1787457234.058,U',0,1,-,119.0,2122,3132,-14,2,0,1091,1090,-1,0,-1,675,674,-1,3,-7,3505,3505,0,2,2,1249,1250,1,0,-1,1235,1236,1,0,-16
1787457234.194,U',0,1,-,119.0,3134,61,-1,3,-3,1091,1090,-1,0,-1,675,674,-1,3,-7,3505,3505,0,2,2,1250,1250,0,0,-1,1236,1236,0,0,-16
1787457234.320,U',0,1,-,119.0,63,1100,13,0,-2,1091,1090,-1,0,-1,675,674,-1,3,-7,3505,3505,0,2,2,1249,1250,1,0,-1,1236,1236,0,0,-16
1787457234.470,U',0,1,-,119.0,1102,2119,-7,1,-3,1091,1090,-1,0,-1,675,674,-1,3,-7,3505,3505,0,2,2,1249,1249,0,0,-2,1236,1236,0,0,-16
1787457234.608,U',0,1,-,119.0,2122,3132,-14,2,0,1091,1090,-1,0,-1,675,674,-1,3,-7,3505,3506,1,2,3,1249,1250,1,0,-1,1236,1236,0,0,-16
1787457234.745,U',0,1,-,119.0,3133,61,0,3,-3,1091,1090,-1,0,-1,675,674,-1,3,-7,3505,3505,0,2,2,1249,1250,1,0,-1,1235,1236,1,0,-16
1787457234.882,U',0,1,-,119.0,63,1100,13,0,-2,1091,1090,-1,0,-1,675,674,-1,3,-7,3506,3505,-1,2,2,1249,1250,1,0,-1,1236,1236,0,0,-16
1787457235.020,U',0,1,-,119.0,1102,2119,-7,1,-3,1091,1090,-1,0,-1,675,674,-1,3,-7,3505,3505,0,2,2,1250,1250,0,0,-1,1236,1236,0,0,-16
1787457235.158,U',0,1,-,119.0,2122,3132,-14,2,0,1091,1090,-1,0,-1,675,674,-1,3,-7,3505,3505,0,2,2,1249,1250,1,0,-1,1236,1236,0,0,-16
1787457235.295,U',0,1,-,119.0,3134,61,-1,3,-3,1091,1090,-1,0,-1,675,674,-1,3,-7,3505,3505,0,2,2,1249,1250,1,0,-1,1236,1236,0,0,-16
1787457235.423,U',0,1,-,119.0,63,1100,13,0,-2,1091,1090,-1,0,-1,675,674,-1,3,-7,3505,3505,0,2,2,1249,1249,0,0,-2,1236,1236,0,0,-16
1787457235.569,U',0,1,-,119.0,1102,2119,-7,1,-3,1091,1090,-1,0,-1,675,674,-1,3,-7,3505,3505,0,2,2,1249,1250,1,0,-1,1236,1236,0,0,-16
1787457235.704,U',0,1,-,119.0,2122,3132,-14,2,0,1091,1090,-1,0,-1,675,674,-1,3,-7,3505,3505,0,2,2,1249,1250,1,0,-1,1236,1236,0,0,-16
1787457235.844,U',0,1,-,119.0,3134,61,-1,3,-3,1091,1090,-1,0,-1,675,674,-1,3,-7,3505,3506,1,2,3,1249,1250,1,0,-1,1236,1236,0,0,-16
1787457235.982,U',0,1,-,119.0,63,1100,13,0,-2,1091,1090,-1,0,-1,675,674,-1,3,-7,3506,3505,-1,2,2,1250,1250,0,0,-1,1236,1236,0,0,-16
1787457236.119,U',0,1,-,119.0,1102,2119,-7,1,-3,1091,1090,-1,0,-1,675,674,-1,3,-7,3505,3505,0,2,2,1249,1250,1,0,-1,1235,1236,1,0,-16
1787457236.254,U',0,1,-,119.0,2122,3132,-14,2,0,1091,1090,-1,0,-1,675,674,-1,3,-7,3505,3505,0,2,2,1249,1250,1,0,-1,1236,1236,0,0,-16
1787457236.386,U',0,1,-,119.0,3133,61,0,3,-3,1091,1090,-1,0,-1,675,674,-1,3,-7,3505,3505,0,2,2,1249,1250,1,0,-1,1236,1236,0,0,-16
1787457236.532,U',0,1,-,119.0,63,1100,13,0,-2,1091,1090,-1,0,-1,675,674,-1,3,-7,3505,3505,0,2,2,1249,1250,1,0,-1,1236,1236,0,0,-16
1787457236.669,U',0,1,-,119.0,1102,2119,-7,1,-3,1091,1090,-1,0,-1,675,674,-1,3,-7,3505,3505,0,2,2,1249,1250,1,0,-1,1236,1236,0,0,-16
1787457236.801,U',0,1,-,119.0,2122,3132,-14,2,0,1091,1090,-1,0,-1,675,674,-1,3,-7,3505,3506,1,2,3,1249,1250,1,0,-1,1236,1236,0,0,-16
1787457236.933,U',0,1,-,119.0,3134,61,-1,3,-3,1091,1090,-1,0,-1,675,674,-1,3,-7,3505,3505,0,2,2,1249,1250,1,0,-1,1236,1236,0,0,-16
1787457237.090,U',0,1,-,119.0,63,1100,13,0,-2,1091,1090,-1,0,-1,675,674,-1,3,-7,3505,3505,0,2,2,1249,1249,0,0,-2,1236,1236,0,0,-16
1787457237.220,U',0,1,-,119.0,1101,2120,-5,1,-2,1091,1090,-1,0,-1,675,674,-1,3,-7,3505,3505,0,2,2,1249,1250,1,0,-1,1236,1236,0,0,-16
1787457237.358,U',0,1,-,119.0,2122,3132,-14,2,0,1091,1090,-1,0,-1,675,674,-1,3,-7,3505,3506,1,2,3,1250,1249,-1,0,-2,1235,1236,1,0,-16
1787457237.495,U',0,1,-,119.0,3134,61,-1,3,-3,1091,1090,-1,0,-1,675,674,-1,3,-7,3505,3505,0,2,2,1250,1250,0,0,-1,1236,1236,0,0,-16
1787457237.633,U',0,1,-,119.0,64,1100,12,0,-2,1091,1090,-1,0,-1,675,674,-1,3,-7,3505,3506,1,2,3,1249,1250,1,0,-1,1236,1236,0,0,-16
1787457237.769,U',0,1,-,119.0,1101,2119,-6,1,-3,1091,1090,-1,0,-1,675,674,-1,3,-7,3505,3506,1,2,3,1249,1250,1,0,-1,1236,1236,0,0,-16
1787457237.904,U',0,1,-,119.0,2122,3132,-14,2,0,1091,1090,-1,0,-1,675,674,-1,3,-7,3505,3505,0,2,2,1249,1250,1,0,-1,1236,1236,0,0,-16
1787457238.041,U',0,1,-,119.0,3134,60,-2,3,-4,1091,1090,-1,0,-1,675,674,-1,3,-7,3505,3505,0,2,2,1249,1250,1,0,-1,1236,1236,0,0,-16
1787457238.181,U',0,1,-,119.0,63,1100,13,0,-2,1091,1090,-1,0,-1,675,674,-1,3,-7,3505,3506,1,2,3,1249,1250,1,0,-1,1236,1236,0,0,-16
1787457238.320,U',0,1,-,119.0,1101,2119,-6,1,-3,1091,1090,-1,0,-1,675,674,-1,3,-7,3505,3505,0,2,2,1249,1250,1,0,-1,1236,1236,0,0,-16
1787457238.452,U',0,1,-,119.0,2122,3132,-14,2,0,1091,1090,-1,0,-1,675,674,-1,3,-7,3505,3505,0,2,2,1249,1250,1,0,-1,1236,1236,0,0,-16
1787457238.594,U',0,1,-,119.0,3134,61,-1,3,-3,1091,1090,-1,0,-1,675,674,-1,3,-7,3505,3505,0,2,2,1250,1250,0,0,-1,1236,1236,0,0,-16
1787457238.731,U',0,1,-,119.0,63,1100,13,0,-2,1091,1090,-1,0,-1,675,674,-1,3,-7,3505,3505,0,2,2,1249,1249,0,0,-2,1236,1236,0,0,-16
1787457238.870,U',0,1,-,119.0,1101,2119,-6,1,-3,1091,1090,-1,0,-1,675,674,-1,3,-7,3505,3505,0,2,2,1250,1250,0,0,-1,1236,1236,0,0,-16
1787457239.008,U',0,1,-,119.0,2122,3132,-14,2,0,1091,1090,-1,0,-1,675,674,-1,3,-7,3505,3505,0,2,2,1249,1250,1,0,-1,1236,1236,0,0,-16
1787457239.145,U',0,1,-,119.0,3134,61,-1,3,-3,1091,1090,-1,0,-1,675,674,-1,3,-7,3505,3506,1,2,3,1250,1250,0,0,-1,1236,1236,0,0,-16
1787457239.282,U',0,1,-,119.0,63,1100,13,0,-2,1091,1090,-1,0,-1,675,674,-1,3,-7,3505,3505,0,2,2,1249,1250,1,0,-1,1236,1236,0,0,-16
1787457239.419,U',0,1,-,119.0,1102,2119,-7,1,-3,1091,1090,-1,0,-1,675,674,-1,3,-7,3505,3505,0,2,2,1249,1250,1,0,-1,1236,1236,0,0,-16
1787457239.558,U',0,1,-,119.0,2122,3132,-14,2,0,1091,1090,-1,0,-1,675,674,-1,3,-7,3505,3506,1,2,3,1249,1250,1,0,-1,1236,1236,0,0,-16
1787457239.691,U',0,1,-,119.0,3134,61,-1,3,-3,1091,1090,-1,0,-1,675,674,-1,3,-7,3505,3505,0,2,2,1249,1250,1,0,-1,1236,1236,0,0,-16
1787457239.832,U',0,1,-,119.0,63,1100,13,0,-2,1091,1090,-1,0,-1,675,674,-1,3,-7,3505,3505,0,2,2,1250,1250,0,0,-1,1236,1236,0,0,-16
1787457239.970,U',0,1,-,119.0,1101,2119,-6,1,-3,1091,1090,-1,0,-1,675,674,-1,3,-7,3505,3505,0,2,2,1249,1250,1,0,-1,1236,1236,0,0,-16
1787457240.107,U',0,1,-,119.0,2122,3132,-14,2,0,1091,1090,-1,0,-1,675,674,-1,3,-7,3505,3505,0,2,2,1249,1250,1,0,-1,1236,1236,0,0,-16
1787457240.245,U',0,1,-,119.0,3134,61,-1,3,-3,1091,1090,-1,0,-1,675,674,-1,3,-7,3505,3505,0,2,2,1249,1250,1,0,-1,1236,1236,0,0,-16
1787457240.382,U',0,1,-,119.0,63,1100,13,0,-2,1091,1090,-1,0,-1,675,674,-1,3,-7,3505,3505,0,2,2,1249,1250,1,0,-1,1236,1236,0,0,-16
1787457240.519,U',0,1,-,119.0,1102,2119,-7,1,-3,1091,1090,-1,0,-1,675,674,-1,3,-7,3505,3505,0,2,2,1249,1250,1,0,-1,1236,1236,0,0,-16
1787457240.656,U',0,1,-,119.0,2122,3132,-14,2,0,1091,1090,-1,0,-1,675,674,-1,3,-7,3505,3505,0,2,2,1249,1249,0,0,-2,1236,1236,0,0,-16
1787457240.794,U',0,1,-,119.0,3133,61,0,3,-3,1091,1090,-1,0,-1,675,674,-1,3,-7,3505,3506,1,2,3,1249,1249,0,0,-2,1236,1236,0,0,-16
1787457240.932,U',0,1,-,119.0,63,1100,13,0,-2,1091,1090,-1,0,-1,675,674,-1,3,-7,3505,3506,1,2,3,1249,1249,0,0,-2,1236,1236,0,0,-16
1787457241.069,U',0,1,-,119.0,1101,2119,-6,1,-3,1091,1090,-1,0,-1,675,674,-1,3,-7,3505,3505,0,2,2,1249,1250,1,0,-1,1236,1236,0,0,-16
1787457241.202,U',0,1,-,119.0,2122,3132,-14,2,0,1091,1090,-1,0,-1,675,674,-1,3,-7,3505,3505,0,2,2,1249,1250,1,0,-1,1236,1236,0,0,-16
1787457241.344,U',0,1,-,119.0,3134,61,-1,3,-3,1091,1090,-1,0,-1,675,674,-1,3,-7,3505,3505,0,2,2,1249,1250,1,0,-1,1236,1236,0,0,-16
1787457241.482,U',0,1,-,119.0,63,1100,13,0,-2,1091,1090,-1,0,-1,675,674,-1,3,-7,3505,3505,0,2,2,1249,1250,1,0,-1,1236,1236,0,0,-16
1787457241.620,U',0,1,-,119.0,1101,2119,-6,1,-3,1091,1090,-1,0,-1,675,674,-1,3,-7,3505,3505,0,2,2,1249,1250,1,0,-1,1235,1236,1,0,-16
1787457241.757,U',0,1,-,119.0,2122,3132,-14,2,0,1091,1090,-1,0,-1,675,674,-1,3,-7,3505,3505,0,2,2,1249,1250,1,0,-1,1236,1236,0,0,-16
1787457241.895,U',0,1,-,119.0,3134,61,-1,3,-3,1091,1090,-1,0,-1,675,674,-1,3,-7,3505,3505,0,2,2,1249,1250,1,0,-1,1236,1236,0,0,-16
1787457242.032,U',0,1,-,119.0,63,1100,13,0,-2,1091,1090,-1,0,-1,675,674,-1,3,-7,3505,3505,0,2,2,1249,1250,1,0,-1,1236,1236,0,0,-16
1787457242.170,U',0,1,-,119.0,1102,2119,-7,1,-3,1091,1090,-1,0,-1,675,674,-1,3,-7,3505,3505,0,2,2,1249,1250,1,0,-1,1236,1236,0,0,-16
1787457242.307,U',0,1,-,119.0,2122,3132,-14,2,0,1091,1090,-1,0,-1,675,674,-1,3,-7,3505,3505,0,2,2,1249,1250,1,0,-1,1235,1236,1,0,-16
1787457242.438,U',0,1,-,119.0,3134,61,-1,3,-3,1091,1090,-1,0,-1,675,673,-2,3,-8,3505,3505,0,2,2,1249,1250,1,0,-1,1236,1236,0,0,-16
1787457242.583,U',0,1,-,119.0,63,1100,13,0,-2,1091,1090,-1,0,-1,675,674,-1,3,-7,3505,3505,0,2,2,1249,1250,1,0,-1,1236,1236,0,0,-16
1787457242.720,U',0,1,-,119.0,1101,2119,-6,1,-3,1091,1090,-1,0,-1,675,674,-1,3,-7,3505,3505,0,2,2,1249,1250,1,0,-1,1236,1236,0,0,-16
1787457242.854,U',0,1,-,119.0,2122,3132,-14,2,0,1091,1090,-1,0,-1,675,674,-1,3,-7,3505,3505,0,2,2,1249,1250,1,0,-1,1235,1236,1,0,-16
1787457242.994,U',0,1,-,119.0,3134,61,-1,3,-3,1091,1090,-1,0,-1,675,674,-1,3,-7,3505,3505,0,2,2,1249,1249,0,0,-2,1236,1236,0,0,-16
1787457243.128,U',0,1,-,119.0,63,1100,13,0,-2,1091,1090,-1,0,-1,675,674,-1,3,-7,3505,3505,0,2,2,1249,1250,1,0,-1,1236,1236,0,0,-16
1787457243.268,U',0,1,-,119.0,1102,2120,-6,1,-2,1091,1090,-1,0,-1,675,674,-1,3,-7,3505,3505,0,2,2,1249,1250,1,0,-1,1236,1236,0,0,-16
1787457243.407,U',0,1,-,119.0,2122,3132,-14,2,0,1091,1090,-1,0,-1,675,674,-1,3,-7,3505,3505,0,2,2,1249,1250,1,0,-1,1236,1236,0,0,-16
1787457243.538,U',0,1,-,119.0,3134,61,-1,3,-3,1091,1090,-1,0,-1,675,674,-1,3,-7,3505,3505,0,2,2,1249,1250,1,0,-1,1236,1236,0,0,-16
1787457243.682,U',0,1,-,119.0,63,1100,13,0,-2,1091,1090,-1,0,-1,675,674,-1,3,-7,3505,3505,0,2,2,1249,1250,1,0,-1,1236,1236,0,0,-16
1787457243.816,U',0,1,-,119.0,1102,2119,-7,1,-3,1091,1090,-1,0,-1,675,674,-1,3,-7,3505,3506,1,2,3,1249,1250,1,0,-1,1235,1236,1,0,-16
1787457243.957,U',0,1,-,119.0,2122,3132,-14,2,0,1091,1090,-1,0,-1,675,674,-1,3,-7,3505,3505,0,2,2,1250,1250,0,0,-1,1236,1236,0,0,-16
1787457244.095,U',0,1,-,119.0,3133,61,0,3,-3,1091,1090,-1,0,-1,675,674,-1,3,-7,3505,3505,0,2,2,1249,1250,1,0,-1,1236,1236,0,0,-16
1787457244.233,U',0,1,-,119.0,63,1100,13,0,-2,1091,1090,-1,0,-1,675,674,-1,3,-7,3505,3505,0,2,2,1250,1250,0,0,-1,1236,1236,0,0,-16
1787457244.369,U',0,1,-,119.0,1101,2119,-6,1,-3,1091,1090,-1,0,-1,675,674,-1,3,-7,3505,3505,0,2,2,1249,1250,1,0,-1,1236,1236,0,0,-16
1787457244.507,U',0,1,-,119.0,2122,3132,-14,2,0,1091,1090,-1,0,-1,675,674,-1,3,-7,3505,3505,0,2,2,1249,1250,1,0,-1,1236,1236,0,0,-16
1787457244.644,U',0,1,-,119.0,3134,61,-1,3,-3,1091,1090,-1,0,-1,675,674,-1,3,-7,3505,3505,0,2,2,1249,1250,1,0,-1,1235,1235,0,0,-17
1787457244.782,U',0,1,-,119.0,63,1100,13,0,-2,1091,1090,-1,0,-1,675,674,-1,3,-7,3505,3505,0,2,2,1249,1250,1,0,-1,1235,1236,1,0,-16
1787457244.919,U',0,1,-,119.0,1101,2120,-5,1,-2,1091,1090,-1,0,-1,675,674,-1,3,-7,3505,3505,0,2,2,1249,1250,1,0,-1,1236,1236,0,0,-16
1787457245.056,U',0,1,-,119.0,2122,3132,-14,2,0,1091,1090,-1,0,-1,675,674,-1,3,-7,3505,3505,0,2,2,1249,1250,1,0,-1,1236,1236,0,0,-16
1787457245.193,U',0,1,-,119.0,3134,61,-1,3,-3,1091,1090,-1,0,-1,675,674,-1,3,-7,3505,3505,0,2,2,1249,1250,1,0,-1,1236,1236,0,0,-16
1787457245.329,U',0,1,-,119.0,63,1100,13,0,-2,1091,1090,-1,0,-1,675,674,-1,3,-7,3505,3505,0,2,2,1249,1250,1,0,-1,1236,1236,0,0,-16
1787457245.468,U',0,1,-,119.0,1101,2119,-6,1,-3,1091,1090,-1,0,-1,675,674,-1,3,-7,3505,3505,0,2,2,1249,1250,1,0,-1,1236,1236,0,0,-16
1787457245.607,U',0,1,-,119.0,2122,3132,-14,2,0,1091,1090,-1,0,-1,675,674,-1,3,-7,3505,3505,0,2,2,1249,1250,1,0,-1,1236,1236,0,0,-16
1787457245.736,U',0,1,-,119.0,3134,61,-1,3,-3,1091,1090,-1,0,-1,675,674,-1,3,-7,3505,3506,1,2,3,1249,1250,1,0,-1,1235,1236,1,0,-16
1787457245.880,U',0,1,-,119.0,63,1100,13,0,-2,1091,1090,-1,0,-1,675,674,-1,3,-7,3505,3505,0,2,2,1249,1250,1,0,-1,1236,1236,0,0,-16
1787457246.018,U',0,1,-,119.0,1101,2119,-6,1,-3,1091,1090,-1,0,-1,675,674,-1,3,-7,3505,3505,0,2,2,1249,1250,1,0,-1,1236,1236,0,0,-16
1787457246.156,U',0,1,-,119.0,2122,3132,-14,2,0,1091,1090,-1,0,-1,675,674,-1,3,-7,3505,3505,0,2,2,1250,1250,0,0,-1,1236,1236,0,0,-16
1787457246.290,U',0,1,-,119.0,3134,61,-1,3,-3,1091,1090,-1,0,-1,675,674,-1,3,-7,3505,3505,0,2,2,1249,1250,1,0,-1,1236,1236,0,0,-16
1787457246.431,U',0,1,-,119.0,63,1101,14,0,-1,1091,1090,-1,0,-1,675,674,-1,3,-7,3505,3505,0,2,2,1249,1250,1,0,-1,1236,1236,0,0,-16
1787457246.569,U',0,1,-,119.0,1101,2119,-6,1,-3,1091,1090,-1,0,-1,675,674,-1,3,-7,3505,3506,1,2,3,1249,1250,1,0,-1,1236,1236,0,0,-16
1787457246.703,U',0,1,-,119.0,2122,3132,-14,2,0,1091,1090,-1,0,-1,675,674,-1,3,-7,3505,3505,0,2,2,1249,1250,1,0,-1,1235,1236,1,0,-16
1787457246.844,U',0,1,-,119.0,3133,61,0,3,-3,1091,1090,-1,0,-1,675,674,-1,3,-7,3505,3505,0,2,2,1249,1250,1,0,-1,1236,1236,0,0,-16
1787457246.981,U',0,1,-,119.0,63,1100,13,0,-2,1091,1090,-1,0,-1,675,674,-1,3,-7,3505,3505,0,2,2,1249,1250,1,0,-1,1236,1236,0,0,-16
1787457247.120,U',0,1,-,119.0,1102,2120,-6,1,-2,1091,1090,-1,0,-1,675,674,-1,3,-7,3505,3505,0,2,2,1249,1250,1,0,-1,1236,1236,0,0,-16
1787457247.256,U',0,1,-,119.0,2122,3132,-14,2,0,1090,1090,0,0,-1,675,674,-1,3,-7,3505,3505,0,2,2,1249,1250,1,0,-1,1236,1236,0,0,-16
1787457247.395,U',0,1,-,119.0,3134,61,-1,3,-3,1091,1090,-1,0,-1,675,673,-2,3,-8,3505,3505,0,2,2,1249,1250,1,0,-1,1236,1236,0,0,-16
1787457247.532,U',0,1,-,119.0,63,1100,13,0,-2,1091,1090,-1,0,-1,675,674,-1,3,-7,3505,3505,0,2,2,1250,1250,0,0,-1,1236,1236,0,0,-16
1787457247.669,U',0,1,-,119.0,1102,2119,-7,1,-3,1091,1090,-1,0,-1,675,674,-1,3,-7,3505,3505,0,2,2,1249,1250,1,0,-1,1236,1236,0,0,-16
1787457247.802,U',0,1,-,119.0,2122,3131,-15,2,-1,1091,1090,-1,0,-1,675,674,-1,3,-7,3505,3505,0,2,2,1249,1250,1,0,-1,1236,1236,0,0,-16
1787457247.935,U',0,1,-,119.0,3134,61,-1,3,-3,1091,1090,-1,0,-1,675,674,-1,3,-7,3505,3505,0,2,2,1249,1250,1,0,-1,1236,1236,0,0,-16
1787457248.082,U',0,1,-,119.0,63,1100,13,0,-2,1091,1090,-1,0,-1,675,674,-1,3,-7,3505,3505,0,2,2,1249,1249,0,0,-2,1236,1236,0,0,-16
1787457248.219,U',0,1,-,119.0,1102,2120,-6,1,-2,1091,1090,-1,0,-1,675,674,-1,3,-7,3505,3505,0,2,2,1249,1250,1,0,-1,1236,1236,0,0,-16
1787457248.356,U',0,1,-,119.0,2122,3132,-14,2,0,1091,1090,-1,0,-1,675,674,-1,3,-7,3505,3505,0,2,2,1249,1250,1,0,-1,1236,1236,0,0,-16
1787457248.494,U',0,1,-,119.0,3134,61,-1,3,-3,1091,1090,-1,0,-1,675,674,-1,3,-7,3505,3505,0,2,2,1250,1250,0,0,-1,1236,1236,0,0,-16
1787457248.631,U',0,1,-,119.0,63,1100,13,0,-2,1091,1090,-1,0,-1,675,674,-1,3,-7,3505,3505,0,2,2,1249,1250,1,0,-1,1236,1236,0,0,-16
1787457248.770,U',0,1,-,119.0,1101,2120,-5,1,-2,1091,1090,-1,0,-1,675,674,-1,3,-7,3505,3505,0,2,2,1249,1250,1,0,-1,1236,1236,0,0,-16
1787457248.903,U',0,1,-,119.0,2122,3132,-14,2,0,1091,1090,-1,0,-1,675,674,-1,3,-7,3505,3505,0,2,2,1249,1250,1,0,-1,1236,1236,0,0,-16
1787457249.044,U',0,1,-,119.0,3134,61,-1,3,-3,1091,1090,-1,0,-1,675,674,-1,3,-7,3505,3505,0,2,2,1249,1249,0,0,-2,1236,1236,0,0,-16
1787457249.181,U',0,1,-,119.0,63,1100,13,0,-2,1091,1090,-1,0,-1,675,674,-1,3,-7,3505,3505,0,2,2,1250,1250,0,0,-1,1236,1236,0,0,-16
1787457249.319,U',0,1,-,119.0,1101,2120,-5,1,-2,1091,1090,-1,0,-1,675,674,-1,3,-7,3505,3505,0,2,2,1249,1250,1,0,-1,1236,1236,0,0,-16
1787457249.457,U',0,1,-,119.0,2122,3132,-14,2,0,1091,1090,-1,0,-1,675,674,-1,3,-7,3505,3505,0,2,2,1249,1249,0,0,-2,1236,1236,0,0,-16
1787457249.595,U',0,1,-,119.0,3133,61,0,3,-3,1091,1090,-1,0,-1,675,674,-1,3,-7,3505,3505,0,2,2,1249,1250,1,0,-1,1236,1236,0,0,-16
1787457249.731,U',0,1,-,119.0,63,1100,13,0,-2,1091,1090,-1,0,-1,675,674,-1,3,-7,3506,3505,-1,2,2,1249,1250,1,0,-1,1236,1236,0,0,-16
1787457249.869,U',0,1,-,119.0,1102,2119,-7,1,-3,1091,1090,-1,0,-1,675,673,-2,3,-8,3505,3505,0,2,2,1249,1250,1,0,-1,1236,1236,0,0,-16
1787457250.006,U',0,1,-,119.0,2122,3132,-14,2,0,1091,1090,-1,0,-1,675,674,-1,3,-7,3505,3505,0,2,2,1249,1250,1,0,-1,1236,1236,0,0,-16
1787457250.143,U',0,1,-,119.0,3134,61,-1,3,-3,1091,1090,-1,0,-1,675,674,-1,3,-7,3505,3505,0,2,2,1249,1250,1,0,-1,1236,1236,0,0,-16
1787457250.274,U',0,1,-,119.0,63,1100,13,0,-2,1091,1090,-1,0,-1,675,674,-1,3,-7,3505,3505,0,2,2,1250,1250,0,0,-1,1236,1236,0,0,-16
1787457250.419,U',0,1,-,119.0,1102,2119,-7,1,-3,1091,1090,-1,0,-1,675,674,-1,3,-7,3505,3505,0,2,2,1249,1250,1,0,-1,1235,1236,1,0,-16
1787457250.556,U',0,1,-,119.0,2122,3132,-14,2,0,1091,1090,-1,0,-1,675,674,-1,3,-7,3505,3505,0,2,2,1250,1250,0,0,-1,1236,1236,0,0,-16
1787457250.692,U',0,1,-,119.0,3134,61,-1,3,-3,1091,1090,-1,0,-1,675,674,-1,3,-7,3505,3505,0,2,2,1249,1250,1,0,-1,1236,1236,0,0,-16
1787457250.831,U',0,1,-,119.0,63,1100,13,0,-2,1091,1090,-1,0,-1,675,674,-1,3,-7,3505,3505,0,2,2,1249,1250,1,0,-1,1236,1236,0,0,-16
1787457250.967,U',0,1,-,119.0,1101,2119,-6,1,-3,1091,1090,-1,0,-1,675,673,-2,3,-8,3505,3505,0,2,2,1249,1250,1,0,-1,1236,1236,0,0,-16
1787457251.106,U',0,1,-,119.0,2122,3132,-14,2,0,1091,1090,-1,0,-1,675,674,-1,3,-7,3505,3505,0,2,2,1249,1250,1,0,-1,1236,1236,0,0,-16
1787457251.244,U',0,1,-,119.0,3134,61,-1,3,-3,1091,1090,-1,0,-1,675,674,-1,3,-7,3505,3505,0,2,2,1249,1250,1,0,-1,1236,1236,0,0,-16
1787457251.382,U',0,1,-,119.0,63,1100,13,0,-2,1091,1090,-1,0,-1,675,674,-1,3,-7,3505,3506,1,2,3,1249,1250,1,0,-1,1235,1236,1,0,-16
1787457251.519,U',0,1,-,119.0,1101,2120,-5,1,-2,1091,1090,-1,0,-1,675,674,-1,3,-7,3505,3505,0,2,2,1249,1250,1,0,-1,1236,1236,0,0,-16
1787457251.657,U',0,1,-,119.0,2122,3132,-14,2,0,1091,1090,-1,0,-1,675,674,-1,3,-7,3505,3505,0,2,2,1249,1250,1,0,-1,1236,1236,0,0,-16
1787457251.794,U',0,1,-,119.0,3134,61,-1,3,-3,1091,1090,-1,0,-1,675,674,-1,3,-7,3505,3505,0,2,2,1249,1250,1,0,-1,1236,1236,0,0,-16
1787457251.932,U',0,1,-,119.0,63,1100,13,0,-2,1091,1090,-1,0,-1,675,674,-1,3,-7,3505,3505,0,2,2,1249,1250,1,0,-1,1235,1236,1,0,-16
1787457252.074,U',0,1,-,119.0,1101,2119,-6,1,-3,1091,1090,-1,0,-1,675,674,-1,3,-7,3505,3505,0,2,2,1249,1250,1,0,-1,1235,1236,1,0,-16
1787457252.207,U',0,1,-,119.0,2122,3132,-14,2,0,1091,1090,-1,0,-1,675,674,-1,3,-7,3505,3505,0,2,2,1249,1250,1,0,-1,1236,1236,0,0,-16
1787457252.339,U',0,1,-,119.0,3133,61,0,3,-3,1091,1090,-1,0,-1,675,674,-1,3,-7,3505,3505,0,2,2,1249,1250,1,0,-1,1236,1236,0,0,-16
1787457252.470,U',0,1,-,119.0,63,1100,13,0,-2,1091,1090,-1,0,-1,675,674,-1,3,-7,3505,3505,0,2,2,1249,1250,1,0,-1,1236,1236,0,0,-16
1787457252.619,U',0,1,-,119.0,1102,2119,-7,1,-3,1091,1090,-1,0,-1,675,674,-1,3,-7,3505,3505,0,2,2,1249,1250,1,0,-1,1236,1236,0,0,-16
1787457252.756,U',0,1,-,119.0,2122,3132,-14,2,0,1091,1090,-1,0,-1,675,674,-1,3,-7,3505,3505,0,2,2,1249,1250,1,0,-1,1236,1236,0,0,-16
1787457252.893,U',0,1,-,119.0,3133,60,-1,3,-4,1091,1090,-1,0,-1,675,674,-1,3,-7,3505,3505,0,2,2,1249,1250,1,0,-1,1236,1236,0,0,-16
1787457253.026,U',0,1,-,119.0,63,1100,13,0,-2,1091,1090,-1,0,-1,675,674,-1,3,-7,3505,3505,0,2,2,1249,1250,1,0,-1,1236,1236,0,0,-16
1787457253.167,U',0,1,-,119.0,1102,2120,-6,1,-2,1091,1090,-1,0,-1,675,674,-1,3,-7,3505,3505,0,2,2,1249,1250,1,0,-1,1236,1236,0,0,-16
1787457253.307,U',0,1,-,119.0,2122,3132,-14,2,0,1091,1090,-1,0,-1,675,674,-1,3,-7,3505,3505,0,2,2,1249,1250,1,0,-1,1236,1236,0,0,-16
1787457253.444,U',0,1,-,119.0,3134,61,-1,3,-3,1091,1090,-1,0,-1,675,674,-1,3,-7,3505,3505,0,2,2,1249,1250,1,0,-1,1236,1236,0,0,-16
1787457253.572,U',0,1,-,119.0,63,1100,13,0,-2,1091,1090,-1,0,-1,675,674,-1,3,-7,3505,3506,1,2,3,1250,1250,0,0,-1,1236,1236,0,0,-16
1787457253.719,U',0,1,-,119.0,1101,2119,-6,1,-3,1091,1090,-1,0,-1,675,674,-1,3,-7,3505,3505,0,2,2,1249,1250,1,0,-1,1236,1236,0,0,-16
1787457253.856,U',0,1,-,119.0,2122,3132,-14,2,0,1091,1090,-1,0,-1,675,674,-1,3,-7,3505,3505,0,2,2,1250,1250,0,0,-1,1236,1236,0,0,-16
1787457253.994,U',0,1,-,119.0,3134,61,-1,3,-3,1091,1090,-1,0,-1,675,674,-1,3,-7,3505,3505,0,2,2,1249,1250,1,0,-1,1236,1236,0,0,-16
1787457254.130,U',0,1,-,119.0,63,1100,13,0,-2,1091,1090,-1,0,-1,675,674,-1,3,-7,3505,3505,0,2,2,1249,1250,1,0,-1,1236,1236,0,0,-16
1787457254.268,U',0,1,-,119.0,1102,2120,-6,1,-2,1091,1091,0,0,0,675,674,-1,3,-7,3505,3505,0,2,2,1249,1250,1,0,-1,1236,1236,0,0,-16
1787457254.407,U',0,1,-,119.0,2122,3132,-14,2,0,1091,1090,-1,0,-1,675,674,-1,3,-7,3505,3505,0,2,2,1250,1250,0,0,-1,1236,1236,0,0,-16
1787457254.544,U',0,1,-,119.0,3134,61,-1,3,-3,1091,1090,-1,0,-1,675,674,-1,3,-7,3505,3505,0,2,2,1249,1250,1,0,-1,1236,1236,0,0,-16
1787457254.671,U',0,1,-,119.0,63,1100,13,0,-2,1091,1090,-1,0,-1,675,673,-2,3,-8,3505,3505,0,2,2,1249,1249,0,0,-2,1236,1236,0,0,-16
1787457254.818,U',0,1,-,119.0,1101,2119,-6,1,-3,1091,1090,-1,0,-1,675,674,-1,3,-7,3505,3505,0,2,2,1249,1250,1,0,-1,1236,1236,0,0,-16
1787457254.955,U',0,1,-,119.0,2122,3132,-14,2,0,1091,1090,-1,0,-1,675,674,-1,3,-7,3505,3505,0,2,2,1249,1250,1,0,-1,1236,1236,0,0,-16
1787457255.086,U',0,1,-,119.0,3134,61,-1,3,-3,1091,1090,-1,0,-1,675,674,-1,3,-7,3505,3505,0,2,2,1249,1250,1,0,-1,1236,1236,0,0,-16
1787457255.222,U',0,1,-,119.0,63,1100,13,0,-2,1091,1090,-1,0,-1,675,674,-1,3,-7,3505,3505,0,2,2,1249,1250,1,0,-1,1235,1236,1,0,-16
1787457255.368,U',0,1,-,119.0,1101,2119,-6,1,-3,1091,1090,-1,0,-1,675,674,-1,3,-7,3505,3505,0,2,2,1249,1250,1,0,-1,1236,1236,0,0,-16
1787457255.501,U',0,1,-,119.0,2122,3132,-14,2,0,1091,1090,-1,0,-1,675,674,-1,3,-7,3505,3505,0,2,2,1249,1250,1,0,-1,1236,1236,0,0,-16
1787457255.644,U',0,1,-,119.0,3134,61,-1,3,-3,1091,1090,-1,0,-1,675,674,-1,3,-7,3505,3505,0,2,2,1249,1250,1,0,-1,1236,1236,0,0,-16
1787457255.781,U',0,1,-,119.0,63,1100,13,0,-2,1091,1090,-1,0,-1,675,674,-1,3,-7,3505,3505,0,2,2,1249,1250,1,0,-1,1236,1236,0,0,-16
1787457255.917,U',0,1,-,119.0,1101,2119,-6,1,-3,1091,1090,-1,0,-1,675,674,-1,3,-7,3505,3505,0,2,2,1249,1250,1,0,-1,1236,1236,0,0,-16
1787457256.056,U',0,1,-,119.0,2122,3132,-14,2,0,1091,1090,-1,0,-1,675,674,-1,3,-7,3505,3505,0,2,2,1249,1250,1,0,-1,1236,1236,0,0,-16
1787457256.194,U',0,1,-,119.0,3134,61,-1,3,-3,1091,1090,-1,0,-1,675,674,-1,3,-7,3505,3506,1,2,3,1249,1250,1,0,-1,1236,1236,0,0,-16
1787457256.331,U',0,1,-,119.0,63,1100,13,0,-2,1091,1090,-1,0,-1,675,674,-1,3,-7,3505,3505,0,2,2,1250,1250,0,0,-1,1236,1236,0,0,-16
1787457256.469,U',0,1,-,119.0,1101,2119,-6,1,-3,1091,1090,-1,0,-1,675,674,-1,3,-7,3505,3505,0,2,2,1249,1250,1,0,-1,1236,1236,0,0,-16
1787457256.607,U',0,1,-,119.0,2122,3132,-14,2,0,1091,1090,-1,0,-1,675,674,-1,3,-7,3505,3505,0,2,2,1249,1250,1,0,-1,1236,1236,0,0,-16
1787457256.737,U',0,1,-,119.0,3133,61,0,3,-3,1091,1090,-1,0,-1,675,674,-1,3,-7,3505,3505,0,2,2,1250,1250,0,0,-1,1236,1236,0,0,-16
1787457256.870,U',0,1,-,119.0,63,1100,13,0,-2,1091,1090,-1,0,-1,675,674,-1,3,-7,3505,3505,0,2,2,1249,1250,1,0,-1,1236,1236,0,0,-16
1787457257.019,U',0,1,-,119.0,1102,2119,-7,1,-3,1091,1090,-1,0,-1,675,674,-1,3,-7,3505,3505,0,2,2,1249,1250,1,0,-1,1236,1236,0,0,-16
1787457257.153,U',0,1,-,119.0,2122,3132,-14,2,0,1091,1090,-1,0,-1,675,674,-1,3,-7,3505,3505,0,2,2,1249,1249,0,0,-2,1236,1236,0,0,-16
1787457257.294,U',0,1,-,119.0,3134,61,-1,3,-3,1091,1090,-1,0,-1,675,674,-1,3,-7,3505,3505,0,2,2,1249,1250,1,0,-1,1236,1236,0,0,-16
1787457257.431,U',0,1,-,119.0,63,1100,13,0,-2,1091,1090,-1,0,-1,675,674,-1,3,-7,3505,3505,0,2,2,1249,1249,0,0,-2,1236,1236,0,0,-16
1787457257.569,U',0,1,-,119.0,1102,2119,-7,1,-3,1091,1090,-1,0,-1,675,674,-1,3,-7,3505,3505,0,2,2,1249,1250,1,0,-1,1236,1236,0,0,-16
1787457257.706,U',0,1,-,119.0,2122,3132,-14,2,0,1091,1090,-1,0,-1,675,674,-1,3,-7,3505,3505,0,2,2,1249,1250,1,0,-1,1236,1236,0,0,-16
1787457257.842,U',0,1,-,119.0,3134,61,-1,3,-3,1091,1090,-1,0,-1,675,673,-2,3,-8,3505,3505,0,2,2,1249,1250,1,0,-1,1236,1236,0,0,-16
1787457257.979,U',0,1,-,119.0,63,1100,13,0,-2,1091,1090,-1,0,-1,675,674,-1,3,-7,3505,3505,0,2,2,1249,1250,1,0,-1,1236,1236,0,0,-16
1787457258.119,U',0,1,-,119.0,1102,2119,-7,1,-3,1091,1090,-1,0,-1,675,674,-1,3,-7,3505,3505,0,2,2,1249,1250,1,0,-1,1236,1236,0,0,-16
1787457258.250,U',0,1,-,119.0,2121,3132,-13,2,0,1091,1090,-1,0,-1,675,674,-1,3,-7,3505,3505,0,2,2,1249,1249,0,0,-2,1235,1236,1,0,-16
1787457258.393,U',0,1,-,119.0,3133,61,0,3,-3,1091,1090,-1,0,-1,675,674,-1,3,-7,3505,3505,0,2,2,1249,1250,1,0,-1,1235,1236,1,0,-16
1787457258.522,U',0,1,-,119.0,63,1100,13,0,-2,1091,1090,-1,0,-1,675,674,-1,3,-7,3505,3505,0,2,2,1249,1250,1,0,-1,1236,1236,0,0,-16
1787457258.669,U',0,1,-,119.0,1102,2119,-7,1,-3,1091,1090,-1,0,-1,675,674,-1,3,-7,3505,3505,0,2,2,1249,1250,1,0,-1,1236,1236,0,0,-16
1787457258.806,U',0,1,-,119.0,2122,3132,-14,2,0,1091,1090,-1,0,-1,675,674,-1,3,-7,3505,3505,0,2,2,1250,1250,0,0,-1,1236,1236,0,0,-16
1787457258.943,U',0,1,-,119.0,3134,61,-1,3,-3,1091,1090,-1,0,-1,675,674,-1,3,-7,3505,3505,0,2,2,1249,1250,1,0,-1,1236,1236,0,0,-16
1787457259.081,U',0,1,-,119.0,63,1100,13,0,-2,1091,1090,-1,0,-1,675,674,-1,3,-7,3505,3505,0,2,2,1249,1250,1,0,-1,1236,1236,0,0,-16
1787457259.219,U',0,1,-,119.0,1101,2119,-6,1,-3,1091,1090,-1,0,-1,675,674,-1,3,-7,3505,3505,0,2,2,1250,1250,0,0,-1,1236,1236,0,0,-16
1787457259.352,U',0,1,-,119.0,2122,3132,-14,2,0,1091,1090,-1,0,-1,675,674,-1,3,-7,3505,3505,0,2,2,1249,1249,0,0,-2,1236,1236,0,0,-16
1787457259.487,U',0,1,-,119.0,3134,61,-1,3,-3,1091,1090,-1,0,-1,675,674,-1,3,-7,3505,3505,0,2,2,1249,1250,1,0,-1,1236,1236,0,0,-16
1787457259.629,U',0,1,-,119.0,63,1100,13,0,-2,1091,1090,-1,0,-1,675,674,-1,3,-7,3505,3505,0,2,2,1249,1250,1,0,-1,1236,1236,0,0,-16
1787457259.769,U',0,1,-,119.0,1101,2119,-6,1,-3,1091,1090,-1,0,-1,675,674,-1,3,-7,3505,3505,0,2,2,1250,1249,-1,0,-2,1236,1236,0,0,-16
1787457259.906,U',0,1,-,119.0,2122,3132,-14,2,0,1091,1090,-1,0,-1,675,674,-1,3,-7,3505,3505,0,2,2,1249,1250,1,0,-1,1236,1236,0,0,-16
1787457260.043,U',0,1,-,119.0,3134,61,-1,3,-3,1091,1090,-1,0,-1,675,674,-1,3,-7,3505,3505,0,2,2,1250,1250,0,0,-1,1236,1236,0,0,-16
1787457260.181,U',0,1,-,119.0,63,1100,13,0,-2,1091,1090,-1,0,-1,675,674,-1,3,-7,3505,3506,1,2,3,1249,1250,1,0,-1,1235,1236,1,0,-16
1787457260.317,U',0,1,-,119.0,1101,2120,-5,1,-2,1091,1090,-1,0,-1,675,674,-1,3,-7,3505,3505,0,2,2,1249,1250,1,0,-1,1236,1236,0,0,-16
1787457260.456,U',0,1,-,119.0,2122,3132,-14,2,0,1091,1090,-1,0,-1,675,674,-1,3,-7,3505,3505,0,2,2,1249,1250,1,0,-1,1236,1236,0,0,-16
1787457260.594,U',0,1,-,119.0,3133,61,0,3,-3,1091,1090,-1,0,-1,675,674,-1,3,-7,3505,3505,0,2,2,1249,1249,0,0,-2,1236,1236,0,0,-16
1787457260.731,U',0,1,-,119.0,63,1100,13,0,-2,1091,1090,-1,0,-1,675,674,-1,3,-7,3505,3505,0,2,2,1249,1250,1,0,-1,1236,1236,0,0,-16
1787457260.868,U',0,1,-,119.0,1102,2119,-7,1,-3,1091,1090,-1,0,-1,675,674,-1,3,-7,3505,3505,0,2,2,1249,1250,1,0,-1,1235,1236,1,0,-16
1787457261.005,U',0,1,-,119.0,2122,3132,-14,2,0,1091,1090,-1,0,-1,675,674,-1,3,-7,3505,3505,0,2,2,1249,1250,1,0,-1,1236,1236,0,0,-16
1787457261.143,U',0,1,-,119.0,3134,61,-1,3,-3,1091,1090,-1,0,-1,675,674,-1,3,-7,3505,3505,0,2,2,1249,1250,1,0,-1,1236,1236,0,0,-16
1787457261.281,U',0,1,-,119.0,63,1100,13,0,-2,1091,1090,-1,0,-1,675,674,-1,3,-7,3505,3505,0,2,2,1249,1250,1,0,-1,1236,1236,0,0,-16
1787457261.418,U',0,1,-,119.0,1102,2119,-7,1,-3,1091,1090,-1,0,-1,675,674,-1,3,-7,3505,3505,0,2,2,1249,1250,1,0,-1,1236,1236,0,0,-16
1787457261.554,U',0,1,-,119.0,2122,3132,-14,2,0,1091,1090,-1,0,-1,675,674,-1,3,-7,3505,3505,0,2,2,1249,1250,1,0,-1,1236,1236,0,0,-16
1787457261.693,U',0,1,-,119.0,3134,61,-1,3,-3,1091,1090,-1,0,-1,675,674,-1,3,-7,3505,3505,0,2,2,1249,1250,1,0,-1,1236,1236,0,0,-16
1787457261.831,U',0,1,-,119.0,63,1100,13,0,-2,1091,1090,-1,0,-1,675,674,-1,3,-7,3505,3505,0,2,2,1249,1250,1,0,-1,1236,1236,0,0,-16
1787457261.968,U',0,1,-,119.0,1102,2119,-7,1,-3,1091,1090,-1,0,-1,675,674,-1,3,-7,3505,3505,0,2,2,1250,1250,0,0,-1,1236,1236,0,0,-16
1787457262.105,U',0,1,-,119.0,2122,3132,-14,2,0,1091,1090,-1,0,-1,675,674,-1,3,-7,3505,3505,0,2,2,1249,1250,1,0,-1,1236,1236,0,0,-16
1787457262.240,U',0,1,-,119.0,3134,61,-1,3,-3,1091,1090,-1,0,-1,675,674,-1,3,-7,3505,3505,0,2,2,1249,1250,1,0,-1,1236,1236,0,0,-16
1787457262.380,U',0,1,-,119.0,63,1100,13,0,-2,1091,1090,-1,0,-1,675,674,-1,3,-7,3505,3505,0,2,2,1249,1250,1,0,-1,1236,1236,0,0,-16
1787457262.519,U',0,1,-,119.0,1101,2119,-6,1,-3,1091,1090,-1,0,-1,675,674,-1,3,-7,3505,3505,0,2,2,1249,1250,1,0,-1,1236,1236,0,0,-16
1787457262.655,U',0,1,-,119.0,2122,3132,-14,2,0,1091,1090,-1,0,-1,675,674,-1,3,-7,3505,3505,0,2,2,1250,1250,0,0,-1,1236,1236,0,0,-16
1787457262.793,U',0,1,-,119.0,3134,61,-1,3,-3,1091,1090,-1,0,-1,675,674,-1,3,-7,3505,3505,0,2,2,1250,1250,0,0,-1,1236,1236,0,0,-16
1787457262.931,U',0,1,-,119.0,63,1100,13,0,-2,1091,1090,-1,0,-1,675,674,-1,3,-7,3505,3506,1,2,3,1250,1250,0,0,-1,1236,1236,0,0,-16
1787457263.067,U',0,1,-,119.0,1102,2119,-7,1,-3,1091,1090,-1,0,-1,675,674,-1,3,-7,3505,3505,0,2,2,1249,1250,1,0,-1,1236,1236,0,0,-16
1787457263.206,U',0,1,-,119.0,2122,3132,-14,2,0,1091,1090,-1,0,-1,675,674,-1,3,-7,3505,3505,0,2,2,1249,1250,1,0,-1,1236,1236,0,0,-16
1787457263.343,U',0,1,-,119.0,3134,61,-1,3,-3,1091,1090,-1,0,-1,675,674,-1,3,-7,3505,3505,0,2,2,1249,1250,1,0,-1,1236,1236,0,0,-16
1787457263.480,U',0,1,-,119.0,63,1100,13,0,-2,1091,1090,-1,0,-1,675,673,-2,3,-8,3505,3505,0,2,2,1249,1250,1,0,-1,1236,1236,0,0,-16
1787457263.618,U',0,1,-,119.0,1102,2119,-7,1,-3,1091,1090,-1,0,-1,675,674,-1,3,-7,3505,3506,1,2,3,1249,1250,1,0,-1,1235,1236,1,0,-16
1787457263.756,U',0,1,-,119.0,2122,3132,-14,2,0,1091,1090,-1,0,-1,675,674,-1,3,-7,3505,3506,1,2,3,1249,1250,1,0,-1,1236,1236,0,0,-16
1787457263.887,U',0,1,-,119.0,3134,61,-1,3,-3,1091,1090,-1,0,-1,675,673,-2,3,-8,3505,3506,1,2,3,1249,1249,0,0,-2,1236,1236,0,0,-16
1787457264.023,U',0,1,-,119.0,63,1100,13,0,-2,1091,1090,-1,0,-1,675,674,-1,3,-7,3505,3505,0,2,2,1249,1250,1,0,-1,1236,1236,0,0,-16
1787457264.158,U',0,1,-,119.0,1102,2119,-7,1,-3,1091,1090,-1,0,-1,675,674,-1,3,-7,3505,3505,0,2,2,1249,1250,1,0,-1,1236,1236,0,0,-16
1787457264.306,U',0,1,-,119.0,2122,3132,-14,2,0,1091,1090,-1,0,-1,675,674,-1,3,-7,3505,3506,1,2,3,1249,1250,1,0,-1,1236,1236,0,0,-16
1787457264.442,U',0,1,-,119.0,3133,61,0,3,-3,1091,1090,-1,0,-1,675,674,-1,3,-7,3505,3505,0,2,2,1249,1250,1,0,-1,1235,1236,1,0,-16
1787457264.580,U',0,1,-,119.0,63,1100,13,0,-2,1091,1090,-1,0,-1,675,674,-1,3,-7,3505,3505,0,2,2,1249,1250,1,0,-1,1236,1236,0,0,-16
1787457264.717,U',0,1,-,119.0,1102,2119,-7,1,-3,1091,1090,-1,0,-1,675,674,-1,3,-7,3505,3505,0,2,2,1249,1250,1,0,-1,1236,1236,0,0,-16
1787457264.851,U',0,1,-,119.0,2122,3132,-14,2,0,1091,1090,-1,0,-1,675,674,-1,3,-7,3505,3505,0,2,2,1249,1250,1,0,-1,1236,1236,0,0,-16
1787457264.992,U',0,1,-,119.0,3134,61,-1,3,-3,1091,1090,-1,0,-1,675,674,-1,3,-7,3505,3505,0,2,2,1249,1250,1,0,-1,1236,1236,0,0,-16
1787457265.131,U',0,1,-,119.0,64,1100,12,0,-2,1091,1090,-1,0,-1,675,674,-1,3,-7,3505,3505,0,2,2,1249,1250,1,0,-1,1236,1236,0,0,-16
1787457265.268,U',0,1,-,119.0,1102,2119,-7,1,-3,1091,1090,-1,0,-1,675,674,-1,3,-7,3505,3505,0,2,2,1249,1250,1,0,-1,1236,1236,0,0,-16
1787457265.405,U',0,1,-,119.0,2122,3132,-14,2,0,1091,1090,-1,0,-1,675,674,-1,3,-7,3505,3505,0,2,2,1249,1250,1,0,-1,1236,1236,0,0,-16
1787457265.540,U',0,1,-,119.0,3134,61,-1,3,-3,1091,1090,-1,0,-1,675,674,-1,3,-7,3505,3505,0,2,2,1249,1249,0,0,-2,1236,1236,0,0,-16
1787457265.675,U',0,1,-,119.0,63,1100,13,0,-2,1091,1090,-1,0,-1,675,674,-1,3,-7,3505,3506,1,2,3,1249,1250,1,0,-1,1236,1236,0,0,-16
1787457265.818,U',0,1,-,119.0,1102,2119,-7,1,-3,1091,1090,-1,0,-1,675,674,-1,3,-7,3505,3505,0,2,2,1249,1250,1,0,-1,1236,1236,0,0,-16
1787457265.955,U',0,1,-,119.0,2122,3132,-14,2,0,1091,1090,-1,0,-1,675,674,-1,3,-7,3505,3505,0,2,2,1249,1250,1,0,-1,1236,1236,0,0,-16
1787457266.093,U',0,1,-,119.0,3133,61,0,3,-3,1091,1090,-1,0,-1,675,674,-1,3,-7,3505,3505,0,2,2,1249,1250,1,0,-1,1236,1236,0,0,-16
1787457266.231,U',0,1,-,119.0,63,1100,13,0,-2,1091,1090,-1,0,-1,675,674,-1,3,-7,3505,3505,0,2,2,1249,1250,1,0,-1,1236,1236,0,0,-16
1787457266.368,U',0,1,-,119.0,1101,2120,-5,1,-2,1091,1090,-1,0,-1,675,674,-1,3,-7,3505,3505,0,2,2,1249,1250,1,0,-1,1236,1236,0,0,-16
1787457266.504,U',0,1,-,119.0,2122,3132,-14,2,0,1091,1090,-1,0,-1,675,674,-1,3,-7,3505,3505,0,2,2,1250,1250,0,0,-1,1236,1236,0,0,-16
1787457266.786,U2,0,1,-,219.0,3134,1099,13,0,-3,1091,1090,-1,0,-1,675,674,-1,3,-7,3505,3505,0,2,2,1249,1250,1,0,-1,1235,1236,1,0,-16
1787457267.023,U2,0,1,-,219.0,1102,3131,-19,2,-1,1091,1090,-1,0,-1,675,674,-1,3,-7,3505,3505,0,2,2,1249,1250,1,0,-1,1236,1236,0,0,-16
1787457267.261,U2,0,1,-,219.0,3135,1099,12,0,-3,1091,1090,-1,0,-1,675,674,-1,3,-7,3505,3505,0,2,2,1249,1250,1,0,-1,1236,1236,0,0,-16
1787457267.498,U2,0,1,-,219.0,1103,3131,-20,2,-1,1091,1090,-1,0,-1,675,674,-1,3,-7,3505,3505,0,2,2,1249,1250,1,0,-1,1236,1236,0,0,-16
1787457267.735,U2,0,1,-,219.0,3135,1099,12,0,-3,1091,1090,-1,0,-1,675,674,-1,3,-7,3505,3505,0,2,2,1249,1250,1,0,-1,1236,1236,0,0,-16
1787457267.972,U2,0,1,-,219.0,1103,3131,-20,2,-1,1091,1090,-1,0,-1,675,674,-1,3,-7,3505,3505,0,2,2,1249,1250,1,0,-1,1236,1236,0,0,-16
1787457268.209,U2,0,1,-,219.0,3135,1099,12,0,-3,1091,1090,-1,0,-1,675,674,-1,3,-7,3505,3505,0,2,2,1249,1250,1,0,-1,1236,1236,0,0,-16
1787457268.447,U2,0,1,-,219.0,1103,3131,-20,2,-1,1091,1090,-1,0,-1,675,674,-1,3,-7,3505,3505,0,2,2,1249,1250,1,0,-1,1236,1236,0,0,-16
1787457268.686,U2,0,1,-,219.0,3135,1099,12,0,-3,1091,1090,-1,0,-1,675,674,-1,3,-7,3505,3505,0,2,2,1250,1250,0,0,-1,1236,1236,0,0,-16
1787457268.922,U2,0,1,-,219.0,1103,3131,-20,2,-1,1091,1090,-1,0,-1,675,674,-1,3,-7,3505,3505,0,2,2,1250,1250,0,0,-1,1236,1236,0,0,-16
1787457269.159,U2,0,1,-,219.0,3135,1099,12,0,-3,1091,1090,-1,0,-1,675,674,-1,3,-7,3505,3505,0,2,2,1249,1250,1,0,-1,1236,1236,0,0,-16
1787457269.397,U2,0,1,-,219.0,1103,3131,-20,2,-1,1091,1090,-1,0,-1,675,674,-1,3,-7,3505,3506,1,2,3,1249,1250,1,0,-1,1236,1236,0,0,-16
1787457269.635,U2,0,1,-,219.0,3135,1099,12,0,-3,1091,1090,-1,0,-1,675,674,-1,3,-7,3505,3505,0,2,2,1249,1250,1,0,-1,1236,1236,0,0,-16
1787457269.872,U2,0,1,-,219.0,1103,3131,-20,2,-1,1091,1090,-1,0,-1,675,674,-1,3,-7,3505,3505,0,2,2,1250,1250,0,0,-1,1236,1236,0,0,-16
1787457270.111,U2,0,1,-,219.0,3135,1099,12,0,-3,1091,1090,-1,0,-1,675,674,-1,3,-7,3505,3505,0,2,2,1249,1250,1,0,-1,1236,1236,0,0,-16
1787457270.347,U2,0,1,-,219.0,1103,3131,-20,2,-1,1091,1090,-1,0,-1,675,674,-1,3,-7,3505,3505,0,2,2,1249,1249,0,0,-2,1236,1236,0,0,-16
1787457270.584,U2,0,1,-,219.0,3135,1099,12,0,-3,1091,1090,-1,0,-1,675,674,-1,3,-7,3505,3505,0,2,2,1249,1250,1,0,-1,1236,1236,0,0,-16
1787457270.822,U2,0,1,-,219.0,1103,3132,-19,2,0,1091,1090,-1,0,-1,675,674,-1,3,-7,3505,3505,0,2,2,1249,1250,1,0,-1,1236,1236,0,0,-16
1787457271.060,U2,0,1,-,219.0,3135,1099,12,0,-3,1091,1090,-1,0,-1,675,674,-1,3,-7,3505,3505,0,2,2,1250,1250,0,0,-1,1236,1236,0,0,-16
1787457271.298,U2,0,1,-,219.0,1103,3131,-20,2,-1,1091,1090,-1,0,-1,675,674,-1,3,-7,3505,3505,0,2,2,1249,1250,1,0,-1,1236,1236,0,0,-16
1787457271.535,U2,0,1,-,219.0,3135,1099,12,0,-3,1091,1090,-1,0,-1,675,674,-1,3,-7,3505,3505,0,2,2,1249,1250,1,0,-1,1236,1236,0,0,-16
1787457271.772,U2,0,1,-,219.0,1103,3131,-20,2,-1,1091,1090,-1,0,-1,675,674,-1,3,-7,3505,3505,0,2,2,1249,1250,1,0,-1,1236,1236,0,0,-16
1787457272.010,U2,0,1,-,219.0,3135,1099,12,0,-3,1091,1090,-1,0,-1,675,674,-1,3,-7,3505,3505,0,2,2,1249,1250,1,0,-1,1236,1236,0,0,-16
1787457272.247,U2,0,1,-,219.0,1103,3131,-20,2,-1,1091,1090,-1,0,-1,675,674,-1,3,-7,3505,3505,0,2,2,1249,1250,1,0,-1,1235,1236,1,0,-16
1787457272.485,U2,0,1,-,219.0,3135,1099,12,0,-3,1091,1090,-1,0,-1,675,674,-1,3,-7,3505,3505,0,2,2,1249,1250,1,0,-1,1236,1236,0,0,-16
1787457272.723,U2,0,1,-,219.0,1103,3131,-20,2,-1,1091,1090,-1,0,-1,675,674,-1,3,-7,3505,3505,0,2,2,1250,1250,0,0,-1,1236,1236,0,0,-16
1787457272.961,U2,0,1,-,219.0,3135,1099,12,0,-3,1091,1090,-1,0,-1,675,674,-1,3,-7,3505,3505,0,2,2,1249,1250,1,0,-1,1236,1236,0,0,-16
1787457273.183,U2,0,1,-,219.0,1102,3131,-19,2,-1,1091,1090,-1,0,-1,675,674,-1,3,-7,3505,3505,0,2,2,1249,1250,1,0,-1,1236,1236,0,0,-16
1787457273.434,U2,0,1,-,219.0,3136,1099,11,0,-3,1091,1090,-1,0,-1,675,674,-1,3,-7,3505,3505,0,2,2,1249,1249,0,0,-2,1236,1236,0,0,-16
1787457273.672,U2,0,1,-,219.0,1103,3131,-20,2,-1,1091,1090,-1,0,-1,675,674,-1,3,-7,3505,3505,0,2,2,1249,1250,1,0,-1,1236,1236,0,0,-16
1787457273.910,U2,0,1,-,219.0,3135,1099,12,0,-3,1091,1090,-1,0,-1,675,674,-1,3,-7,3505,3505,0,2,2,1249,1250,1,0,-1,1236,1236,0,0,-16
1787457274.148,U2,0,1,-,219.0,1103,3131,-20,2,-1,1091,1090,-1,0,-1,675,674,-1,3,-7,3505,3505,0,2,2,1249,1250,1,0,-1,1236,1236,0,0,-16
1787457274.385,U2,0,1,-,219.0,3136,1099,11,0,-3,1091,1090,-1,0,-1,675,674,-1,3,-7,3505,3505,0,2,2,1249,1250,1,0,-1,1236,1236,0,0,-16
1787457274.617,U2,0,1,-,219.0,1103,3131,-20,2,-1,1091,1090,-1,0,-1,675,674,-1,3,-7,3505,3505,0,2,2,1249,1250,1,0,-1,1236,1236,0,0,-16
1787457274.859,U2,0,1,-,219.0,3135,1099,12,0,-3,1091,1090,-1,0,-1,675,674,-1,3,-7,3505,3505,0,2,2,1250,1250,0,0,-1,1236,1236,0,0,-16
1787457275.097,U2,0,1,-,219.0,1103,3131,-20,2,-1,1091,1090,-1,0,-1,675,674,-1,3,-7,3505,3505,0,2,2,1249,1250,1,0,-1,1236,1236,0,0,-16
1787457275.335,U2,0,1,-,219.0,3135,1099,12,0,-3,1091,1090,-1,0,-1,675,674,-1,3,-7,3505,3505,0,2,2,1249,1249,0,0,-2,1236,1236,0,0,-16
1787457275.572,U2,0,1,-,219.0,1103,3131,-20,2,-1,1091,1090,-1,0,-1,675,674,-1,3,-7,3505,3505,0,2,2,1249,1250,1,0,-1,1236,1236,0,0,-16
1787457275.809,U2,0,1,-,219.0,3135,1099,12,0,-3,1091,1090,-1,0,-1,675,674,-1,3,-7,3505,3505,0,2,2,1249,1250,1,0,-1,1236,1236,0,0,-16
1787457276.046,U2,0,1,-,219.0,1103,3131,-20,2,-1,1091,1090,-1,0,-1,675,674,-1,3,-7,3505,3506,1,2,3,1250,1250,0,0,-1,1236,1236,0,0,-16
1787457276.285,U2,0,1,-,219.0,3135,1099,12,0,-3,1091,1090,-1,0,-1,675,674,-1,3,-7,3505,3505,0,2,2,1249,1250,1,0,-1,1236,1236,0,0,-16
1787457276.522,U2,0,1,-,219.0,1103,3131,-20,2,-1,1091,1090,-1,0,-1,675,674,-1,3,-7,3505,3505,0,2,2,1249,1250,1,0,-1,1236,1236,0,0,-16
1787457276.760,U2,0,1,-,219.0,3135,1099,12,0,-3,1091,1090,-1,0,-1,675,674,-1,3,-7,3505,3505,0,2,2,1249,1250,1,0,-1,1236,1236,0,0,-16
1787457276.997,U2,0,1,-,219.0,1103,3131,-20,2,-1,1091,1090,-1,0,-1,675,674,-1,3,-7,3505,3505,0,2,2,1249,1250,1,0,-1,1236,1236,0,0,-16
1787457277.235,U2,0,1,-,219.0,3135,1099,12,0,-3,1091,1090,-1,0,-1,675,674,-1,3,-7,3505,3505,0,2,2,1249,1250,1,0,-1,1236,1236,0,0,-16
1787457277.473,U2,0,1,-,219.0,1103,3131,-20,2,-1,1090,1090,0,0,-1,675,674,-1,3,-7,3505,3505,0,2,2,1249,1250,1,0,-1,1236,1236,0,0,-16
1787457277.702,U2,0,1,-,219.0,3135,1099,12,0,-3,1091,1090,-1,0,-1,675,674,-1,3,-7,3505,3505,0,2,2,1249,1250,1,0,-1,1236,1236,0,0,-16
1787457277.947,U2,0,1,-,219.0,1103,3131,-20,2,-1,1091,1090,-1,0,-1,675,674,-1,3,-7,3505,3505,0,2,2,1249,1250,1,0,-1,1236,1236,0,0,-16
1787457278.185,U2,0,1,-,219.0,3135,1099,12,0,-3,1091,1090,-1,0,-1,675,674,-1,3,-7,3505,3505,0,2,2,1249,1249,0,0,-2,1236,1236,0,0,-16
1787457278.422,U2,0,1,-,219.0,1103,3131,-20,2,-1,1091,1090,-1,0,-1,675,674,-1,3,-7,3505,3505,0,2,2,1249,1250,1,0,-1,1236,1236,0,0,-16
1787457278.651,U2,0,1,-,219.0,3135,1099,12,0,-3,1091,1090,-1,0,-1,675,674,-1,3,-7,3505,3505,0,2,2,1249,1250,1,0,-1,1236,1236,0,0,-16
1787457278.897,U2,0,1,-,219.0,1103,3131,-20,2,-1,1091,1090,-1,0,-1,675,674,-1,3,-7,3505,3505,0,2,2,1249,1250,1,0,-1,1236,1236,0,0,-16
1787457279.123,U2,0,1,-,219.0,3135,1099,12,0,-3,1091,1090,-1,0,-1,675,674,-1,3,-7,3505,3505,0,2,2,1249,1250,1,0,-1,1236,1236,0,0,-16
1787457279.371,U2,0,1,-,219.0,1103,3131,-20,2,-1,1091,1090,-1,0,-1,675,674,-1,3,-7,3505,3505,0,2,2,1249,1250,1,0,-1,1236,1236,0,0,-16
1787457279.610,U2,0,1,-,219.0,3135,1099,12,0,-3,1091,1090,-1,0,-1,675,674,-1,3,-7,3505,3505,0,2,2,1249,1250,1,0,-1,1236,1236,0,0,-16
1787457279.848,U2,0,1,-,219.0,1103,3131,-20,2,-1,1091,1090,-1,0,-1,675,674,-1,3,-7,3505,3505,0,2,2,1249,1250,1,0,-1,1236,1236,0,0,-16
1787457280.085,U2,0,1,-,219.0,3135,1099,12,0,-3,1091,1090,-1,0,-1,675,674,-1,3,-7,3505,3506,1,2,3,1249,1250,1,0,-1,1236,1236,0,0,-16
1787457280.322,U2,0,1,-,219.0,1103,3131,-20,2,-1,1091,1090,-1,0,-1,675,674,-1,3,-7,3505,3505,0,2,2,1249,1250,1,0,-1,1236,1236,0,0,-16
1787457280.554,U2,0,1,-,219.0,3135,1099,12,0,-3,1091,1090,-1,0,-1,675,674,-1,3,-7,3505,3505,0,2,2,1249,1250,1,0,-1,1236,1236,0,0,-16
1787457280.792,U2,0,1,-,219.0,1103,3131,-20,2,-1,1091,1090,-1,0,-1,675,674,-1,3,-7,3505,3505,0,2,2,1249,1250,1,0,-1,1236,1236,0,0,-16
1787457281.035,U2,0,1,-,219.0,3135,1099,12,0,-3,1091,1090,-1,0,-1,675,674,-1,3,-7,3505,3505,0,2,2,1249,1250,1,0,-1,1236,1236,0,0,-16
1787457281.267,U2,0,1,-,219.0,1103,3131,-20,2,-1,1091,1090,-1,0,-1,675,674,-1,3,-7,3505,3505,0,2,2,1249,1250,1,0,-1,1236,1236,0,0,-16
1787457281.502,U2,0,1,-,219.0,3135,1099,12,0,-3,1091,1090,-1,0,-1,675,674,-1,3,-7,3505,3505,0,2,2,1249,1250,1,0,-1,1236,1236,0,0,-16
1787457281.747,U2,0,1,-,219.0,1103,3131,-20,2,-1,1091,1090,-1,0,-1,675,674,-1,3,-7,3505,3505,0,2,2,1249,1250,1,0,-1,1236,1236,0,0,-16
1787457281.984,U2,0,1,-,219.0,3135,1099,12,0,-3,1091,1090,-1,0,-1,675,674,-1,3,-7,3505,3505,0,2,2,1249,1250,1,0,-1,1236,1236,0,0,-16
1787457282.220,U2,0,1,-,219.0,1103,3131,-20,2,-1,1091,1090,-1,0,-1,675,674,-1,3,-7,3505,3505,0,2,2,1250,1250,0,0,-1,1236,1236,0,0,-16
1787457282.459,U2,0,1,-,219.0,3135,1099,12,0,-3,1091,1090,-1,0,-1,675,674,-1,3,-7,3505,3505,0,2,2,1250,1250,0,0,-1,1236,1236,0,0,-16
1787457282.690,U2,0,1,-,219.0,1103,3131,-20,2,-1,1091,1090,-1,0,-1,675,674,-1,3,-7,3505,3505,0,2,2,1249,1250,1,0,-1,1236,1236,0,0,-16
1787457282.934,U2,0,1,-,219.0,3135,1099,12,0,-3,1091,1090,-1,0,-1,675,674,-1,3,-7,3505,3505,0,2,2,1249,1250,1,0,-1,1236,1236,0,0,-16
1787457283.170,U2,0,1,-,219.0,1102,3132,-18,2,0,1091,1090,-1,0,-1,675,674,-1,3,-7,3505,3505,0,2,2,1249,1250,1,0,-1,1236,1236,0,0,-16
1787457283.402,U2,0,1,-,219.0,3135,1099,12,0,-3,1091,1090,-1,0,-1,675,674,-1,3,-7,3505,3505,0,2,2,1250,1250,0,0,-1,1236,1236,0,0,-16
1787457283.648,U2,0,1,-,219.0,1103,3131,-20,2,-1,1091,1090,-1,0,-1,675,674,-1,3,-7,3505,3505,0,2,2,1249,1249,0,0,-2,1236,1236,0,0,-16
1787457283.885,U2,0,1,-,219.0,3136,1099,11,0,-3,1091,1090,-1,0,-1,675,674,-1,3,-7,3505,3505,0,2,2,1249,1250,1,0,-1,1236,1236,0,0,-16
1787457284.120,U2,0,1,-,219.0,1103,3131,-20,2,-1,1091,1090,-1,0,-1,675,674,-1,3,-7,3505,3505,0,2,2,1249,1250,1,0,-1,1236,1236,0,0,-16
1787457284.352,U2,0,1,-,219.0,3135,1099,12,0,-3,1091,1090,-1,0,-1,675,674,-1,3,-7,3505,3505,0,2,2,1249,1250,1,0,-1,1236,1236,0,0,-16
1787457284.589,U2,0,1,-,219.0,1103,3131,-20,2,-1,1091,1090,-1,0,-1,675,674,-1,3,-7,3505,3505,0,2,2,1249,1250,1,0,-1,1236,1236,0,0,-16
1787457284.826,U2,0,1,-,219.0,3135,1099,12,0,-3,1091,1090,-1,0,-1,675,674,-1,3,-7,3505,3505,0,2,2,1250,1250,0,0,-1,1236,1236,0,0,-16
1787457285.072,U2,0,1,-,219.0,1103,3131,-20,2,-1,1091,1090,-1,0,-1,675,674,-1,3,-7,3505,3505,0,2,2,1249,1250,1,0,-1,1236,1235,-1,0,-17
1787457285.303,U2,0,1,-,219.0,3135,1099,12,0,-3,1091,1090,-1,0,-1,675,674,-1,3,-7,3505,3505,0,2,2,1249,1250,1,0,-1,1236,1236,0,0,-16
1787457285.535,U2,0,1,-,219.0,1103,3131,-20,2,-1,1091,1090,-1,0,-1,675,674,-1,3,-7,3505,3505,0,2,2,1249,1250,1,0,-1,1236,1236,0,0,-16
1787457285.785,U2,0,1,-,219.0,3135,1099,12,0,-3,1091,1090,-1,0,-1,675,674,-1,3,-7,3505,3505,0,2,2,1249,1250,1,0,-1,1236,1236,0,0,-16
1787457286.022,U2,0,1,-,219.0,1103,3131,-20,2,-1,1091,1090,-1,0,-1,675,674,-1,3,-7,3505,3506,1,2,3,1249,1250,1,0,-1,1236,1236,0,0,-16
1787457286.260,U2,0,1,-,219.0,3135,1099,12,0,-3,1091,1090,-1,0,-1,675,674,-1,3,-7,3505,3506,1,2,3,1249,1250,1,0,-1,1236,1236,0,0,-16
1787457286.491,U2,0,1,-,219.0,1103,3131,-20,2,-1,1091,1090,-1,0,-1,675,674,-1,3,-7,3505,3505,0,2,2,1250,1250,0,0,-1,1236,1236,0,0,-16
1787457286.734,U2,0,1,-,219.0,3135,1099,12,0,-3,1091,1090,-1,0,-1,675,674,-1,3,-7,3505,3505,0,2,2,1249,1250,1,0,-1,1236,1236,0,0,-16
1787457286.972,U2,0,1,-,219.0,1103,3131,-20,2,-1,1091,1090,-1,0,-1,675,674,-1,3,-7,3505,3505,0,2,2,1249,1250,1,0,-1,1236,1236,0,0,-16
1787457287.209,U2,0,1,-,219.0,3135,1099,12,0,-3,1091,1090,-1,0,-1,675,674,-1,3,-7,3505,3505,0,2,2,1249,1249,0,0,-2,1236,1236,0,0,-16
1787457287.446,U2,0,1,-,219.0,1103,3131,-20,2,-1,1091,1090,-1,0,-1,675,674,-1,3,-7,3505,3506,1,2,3,1250,1250,0,0,-1,1236,1236,0,0,-16
1787457287.684,U2,0,1,-,219.0,3135,1099,12,0,-3,1091,1090,-1,0,-1,675,674,-1,3,-7,3505,3505,0,2,2,1249,1250,1,0,-1,1236,1236,0,0,-16
1787457287.922,U2,0,1,-,219.0,1103,3131,-20,2,-1,1091,1090,-1,0,-1,675,674,-1,3,-7,3505,3505,0,2,2,1249,1250,1,0,-1,1236,1236,0,0,-16
1787457288.159,U2,0,1,-,219.0,3135,1099,12,0,-3,1091,1090,-1,0,-1,675,674,-1,3,-7,3505,3505,0,2,2,1249,1250,1,0,-1,1236,1236,0,0,-16
1787457288.394,U2,0,1,-,219.0,1103,3131,-20,2,-1,1091,1090,-1,0,-1,675,674,-1,3,-7,3505,3506,1,2,3,1249,1250,1,0,-1,1236,1236,0,0,-16
1787457288.635,U2,0,1,-,219.0,3135,1099,12,0,-3,1091,1090,-1,0,-1,675,674,-1,3,-7,3505,3505,0,2,2,1249,1250,1,0,-1,1236,1236,0,0,-16
1787457288.875,U2,0,1,-,219.0,1102,3131,-19,2,-1,1091,1090,-1,0,-1,675,674,-1,3,-7,3505,3505,0,2,2,1249,1250,1,0,-1,1236,1236,0,0,-16
1787457289.110,U2,0,1,-,219.0,3134,1099,13,0,-3,1091,1090,-1,0,-1,675,674,-1,3,-7,3505,3505,0,2,2,1249,1250,1,0,-1,1236,1236,0,0,-16
1787457289.346,U2,0,1,-,219.0,1103,3131,-20,2,-1,1091,1090,-1,0,-1,675,674,-1,3,-7,3505,3505,0,2,2,1249,1250,1,0,-1,1236,1236,0,0,-16
1787457289.584,U2,0,1,-,219.0,3135,1099,12,0,-3,1091,1090,-1,0,-1,675,674,-1,3,-7,3505,3505,0,2,2,1249,1250,1,0,-1,1236,1236,0,0,-16
1787457289.822,U2,0,1,-,219.0,1103,3131,-20,2,-1,1091,1090,-1,0,-1,675,674,-1,3,-7,3505,3505,0,2,2,1249,1250,1,0,-1,1236,1236,0,0,-16
1787457290.058,U2,0,1,-,219.0,3135,1099,12,0,-3,1091,1090,-1,0,-1,675,674,-1,3,-7,3505,3505,0,2,2,1249,1250,1,0,-1,1236,1236,0,0,-16
1787457290.297,U2,0,1,-,219.0,1103,3131,-20,2,-1,1091,1090,-1,0,-1,675,674,-1,3,-7,3505,3505,0,2,2,1249,1250,1,0,-1,1236,1236,0,0,-16
1787457290.535,U2,0,1,-,219.0,3135,1099,12,0,-3,1091,1090,-1,0,-1,675,674,-1,3,-7,3505,3505,0,2,2,1249,1250,1,0,-1,1236,1236,0,0,-16
1787457290.771,U2,0,1,-,219.0,1102,3131,-19,2,-1,1091,1090,-1,0,-1,675,674,-1,3,-7,3505,3505,0,2,2,1249,1250,1,0,-1,1236,1235,-1,0,-17
1787457291.005,U2,0,1,-,219.0,3135,1099,12,0,-3,1091,1090,-1,0,-1,675,674,-1,3,-7,3505,3505,0,2,2,1249,1250,1,0,-1,1236,1235,-1,0,-17
1787457291.246,U2,0,1,-,219.0,1102,3131,-19,2,-1,1091,1090,-1,0,-1,675,674,-1,3,-7,3505,3505,0,2,2,1249,1250,1,0,-1,1236,1236,0,0,-16
1787457291.484,U2,0,1,-,219.0,3135,1099,12,0,-3,1091,1090,-1,0,-1,675,674,-1,3,-7,3505,3505,0,2,2,1249,1250,1,0,-1,1236,1236,0,0,-16
1787457291.720,U2,0,1,-,219.0,1103,3131,-20,2,-1,1091,1090,-1,0,-1,675,674,-1,3,-7,3505,3505,0,2,2,1249,1250,1,0,-1,1236,1236,0,0,-16
1787457291.960,U2,0,1,-,219.0,3135,1099,12,0,-3,1091,1090,-1,0,-1,675,674,-1,3,-7,3505,3505,0,2,2,1249,1250,1,0,-1,1236,1236,0,0,-16
1787457292.197,U2,0,1,-,219.0,1103,3131,-20,2,-1,1091,1090,-1,0,-1,675,674,-1,3,-7,3505,3505,0,2,2,1249,1250,1,0,-1,1236,1236,0,0,-16
1787457292.434,U2,0,1,-,219.0,3135,1099,12,0,-3,1091,1090,-1,0,-1,675,674,-1,3,-7,3505,3505,0,2,2,1249,1250,1,0,-1,1236,1236,0,0,-16
1787457292.672,U2,0,1,-,219.0,1103,3131,-20,2,-1,1091,1090,-1,0,-1,675,674,-1,3,-7,3505,3505,0,2,2,1249,1250,1,0,-1,1236,1236,0,0,-16
1787457292.904,U2,0,1,-,219.0,3135,1099,12,0,-3,1091,1090,-1,0,-1,675,674,-1,3,-7,3505,3505,0,2,2,1249,1250,1,0,-1,1236,1236,0,0,-16
1787457293.141,U2,0,1,-,219.0,1103,3131,-20,2,-1,1091,1090,-1,0,-1,675,674,-1,3,-7,3505,3505,0,2,2,1249,1250,1,0,-1,1236,1236,0,0,-16
1787457293.384,U2,0,1,-,219.0,3135,1099,12,0,-3,1091,1090,-1,0,-1,675,674,-1,3,-7,3505,3505,0,2,2,1249,1249,0,0,-2,1236,1236,0,0,-16
1787457293.621,U2,0,1,-,219.0,1103,3131,-20,2,-1,1091,1090,-1,0,-1,675,674,-1,3,-7,3505,3505,0,2,2,1249,1250,1,0,-1,1236,1236,0,0,-16
1787457293.853,U2,0,1,-,219.0,3135,1099,12,0,-3,1091,1090,-1,0,-1,675,674,-1,3,-7,3505,3505,0,2,2,1249,1250,1,0,-1,1236,1236,0,0,-16
1787457294.089,U2,0,1,-,219.0,1103,3131,-20,2,-1,1091,1090,-1,0,-1,675,674,-1,3,-7,3505,3505,0,2,2,1250,1250,0,0,-1,1236,1236,0,0,-16
1787457294.342,U2,0,1,-,219.0,3135,1099,12,0,-3,1091,1090,-1,0,-1,675,674,-1,3,-7,3505,3505,0,2,2,1250,1250,0,0,-1,1236,1236,0,0,-16
1787457294.572,U2,0,1,-,219.0,1103,3131,-20,2,-1,1091,1090,-1,0,-1,675,674,-1,3,-7,3505,3505,0,2,2,1249,1249,0,0,-2,1236,1236,0,0,-16
1787457294.809,U2,0,1,-,219.0,3135,1099,12,0,-3,1091,1090,-1,0,-1,675,674,-1,3,-7,3505,3505,0,2,2,1249,1250,1,0,-1,1236,1235,-1,0,-17
1787457295.047,U2,0,1,-,219.0,1102,3131,-19,2,-1,1091,1090,-1,0,-1,675,674,-1,3,-7,3505,3505,0,2,2,1250,1250,0,0,-1,1236,1236,0,0,-16
1787457295.284,U2,0,1,-,219.0,3135,1099,12,0,-3,1091,1090,-1,0,-1,675,674,-1,3,-7,3505,3505,0,2,2,1249,1250,1,0,-1,1236,1236,0,0,-16
1787457295.519,U2,0,1,-,219.0,1103,3131,-20,2,-1,1091,1090,-1,0,-1,675,674,-1,3,-7,3505,3505,0,2,2,1249,1250,1,0,-1,1236,1236,0,0,-16
1787457295.754,U2,0,1,-,219.0,3135,1099,12,0,-3,1091,1090,-1,0,-1,675,674,-1,3,-7,3505,3505,0,2,2,1249,1250,1,0,-1,1236,1236,0,0,-16
1787457295.996,U2,0,1,-,219.0,1103,3131,-20,2,-1,1091,1090,-1,0,-1,675,674,-1,3,-7,3505,3505,0,2,2,1249,1250,1,0,-1,1236,1236,0,0,-16
1787457296.233,U2,0,1,-,219.0,3135,1099,12,0,-3,1091,1090,-1,0,-1,675,674,-1,3,-7,3505,3505,0,2,2,1249,1250,1,0,-1,1236,1236,0,0,-16
1787457296.471,U2,0,1,-,219.0,1102,3131,-19,2,-1,1091,1090,-1,0,-1,675,674,-1,3,-7,3505,3505,0,2,2,1250,1250,0,0,-1,1236,1236,0,0,-16
1787457296.709,U2,0,1,-,219.0,3135,1099,12,0,-3,1091,1090,-1,0,-1,675,674,-1,3,-7,3505,3505,0,2,2,1249,1250,1,0,-1,1236,1236,0,0,-16
1787457296.945,U2,0,1,-,219.0,1103,3131,-20,2,-1,1091,1090,-1,0,-1,675,674,-1,3,-7,3505,3505,0,2,2,1249,1250,1,0,-1,1236,1236,0,0,-16
1787457297.183,U2,0,1,-,219.0,3135,1099,12,0,-3,1091,1090,-1,0,-1,675,674,-1,3,-7,3505,3506,1,2,3,1249,1249,0,0,-2,1236,1236,0,0,-16
1787457297.422,U2,0,1,-,219.0,1103,3131,-20,2,-1,1091,1091,0,0,0,675,674,-1,3,-7,3505,3505,0,2,2,1249,1250,1,0,-1,1235,1236,1,0,-16
1787457297.653,U2,0,1,-,219.0,3135,1099,12,0,-3,1091,1090,-1,0,-1,675,674,-1,3,-7,3505,3505,0,2,2,1249,1250,1,0,-1,1236,1236,0,0,-16
1787457297.886,U2,0,1,-,219.0,1103,3131,-20,2,-1,1091,1090,-1,0,-1,675,674,-1,3,-7,3505,3505,0,2,2,1250,1250,0,0,-1,1235,1236,1,0,-16
1787457298.134,U2,0,1,-,219.0,3135,1099,12,0,-3,1091,1090,-1,0,-1,675,674,-1,3,-7,3505,3505,0,2,2,1249,1250,1,0,-1,1236,1236,0,0,-16
1787457298.370,U2,0,1,-,219.0,1103,3131,-20,2,-1,1091,1090,-1,0,-1,675,673,-2,3,-8,3505,3505,0,2,2,1249,1250,1,0,-1,1236,1236,0,0,-16
1787457298.609,U2,0,1,-,219.0,3135,1099,12,0,-3,1091,1090,-1,0,-1,675,674,-1,3,-7,3505,3505,0,2,2,1249,1250,1,0,-1,1236,1236,0,0,-16
1787457298.846,U2,0,1,-,219.0,1103,3131,-20,2,-1,1091,1090,-1,0,-1,675,674,-1,3,-7,3505,3505,0,2,2,1250,1250,0,0,-1,1235,1236,1,0,-16
1787457299.084,U2,0,1,-,219.0,3135,1099,12,0,-3,1091,1090,-1,0,-1,675,674,-1,3,-7,3505,3505,0,2,2,1249,1250,1,0,-1,1236,1236,0,0,-16
1787457299.319,U2,0,1,-,219.0,1103,3131,-20,2,-1,1091,1090,-1,0,-1,675,674,-1,3,-7,3505,3505,0,2,2,1249,1250,1,0,-1,1236,1236,0,0,-16
1787457299.555,U2,0,1,-,219.0,3135,1099,12,0,-3,1091,1090,-1,0,-1,675,674,-1,3,-7,3505,3505,0,2,2,1249,1250,1,0,-1,1236,1236,0,0,-16
1787457299.788,U2,0,1,-,219.0,1103,3131,-20,2,-1,1090,1090,0,0,-1,675,674,-1,3,-7,3505,3505,0,2,2,1249,1250,1,0,-1,1236,1236,0,0,-16
1787457300.034,U2,0,1,-,219.0,3135,1099,12,0,-3,1091,1090,-1,0,-1,675,674,-1,3,-7,3505,3505,0,2,2,1250,1250,0,0,-1,1236,1236,0,0,-16
1787457300.272,U2,0,1,-,219.0,1103,3131,-20,2,-1,1091,1090,-1,0,-1,675,674,-1,3,-7,3505,3505,0,2,2,1249,1250,1,0,-1,1236,1236,0,0,-16
1787457300.509,U2,0,1,-,219.0,3135,1099,12,0,-3,1091,1090,-1,0,-1,675,674,-1,3,-7,3505,3505,0,2,2,1250,1250,0,0,-1,1236,1235,-1,0,-17
1787457300.745,U2,0,1,-,219.0,1103,3131,-20,2,-1,1091,1090,-1,0,-1,675,674,-1,3,-7,3505,3505,0,2,2,1249,1250,1,0,-1,1236,1236,0,0,-16
1787457300.978,U2,0,1,-,219.0,3136,1099,11,0,-3,1091,1090,-1,0,-1,675,674,-1,3,-7,3505,3505,0,2,2,1249,1250,1,0,-1,1236,1236,0,0,-16
1787457301.220,U2,0,1,-,219.0,1103,3131,-20,2,-1,1091,1090,-1,0,-1,675,674,-1,3,-7,3505,3505,0,2,2,1249,1250,1,0,-1,1236,1236,0,0,-16
1787457301.459,U2,0,1,-,219.0,3135,1099,12,0,-3,1091,1090,-1,0,-1,675,674,-1,3,-7,3505,3505,0,2,2,1249,1250,1,0,-1,1236,1236,0,0,-16
1787457301.694,U2,0,1,-,219.0,1103,3131,-20,2,-1,1091,1090,-1,0,-1,675,674,-1,3,-7,3505,3505,0,2,2,1249,1250,1,0,-1,1236,1236,0,0,-16
1787457301.934,U2,0,1,-,219.0,3135,1099,12,0,-3,1091,1090,-1,0,-1,675,674,-1,3,-7,3505,3505,0,2,2,1249,1250,1,0,-1,1236,1236,0,0,-16
1787457302.168,U2,0,1,-,219.0,1103,3131,-20,2,-1,1091,1090,-1,0,-1,675,674,-1,3,-7,3505,3505,0,2,2,1249,1250,1,0,-1,1236,1236,0,0,-16
1787457302.401,U2,0,1,-,219.0,3135,1099,12,0,-3,1091,1090,-1,0,-1,675,674,-1,3,-7,3505,3505,0,2,2,1249,1250,1,0,-1,1236,1236,0,0,-16
1787457302.638,U2,0,1,-,219.0,1103,3131,-20,2,-1,1091,1090,-1,0,-1,675,674,-1,3,-7,3505,3505,0,2,2,1249,1250,1,0,-1,1236,1236,0,0,-16
1787457302.884,U2,0,1,-,219.0,3135,1099,12,0,-3,1091,1090,-1,0,-1,675,674,-1,3,-7,3505,3505,0,2,2,1249,1250,1,0,-1,1236,1236,0,0,-16
1787457303.122,U2,0,1,-,219.0,1103,3131,-20,2,-1,1091,1090,-1,0,-1,675,674,-1,3,-7,3505,3505,0,2,2,1250,1250,0,0,-1,1236,1235,-1,0,-17
1787457303.358,U2,0,1,-,219.0,3135,1099,12,0,-3,1091,1090,-1,0,-1,675,674,-1,3,-7,3505,3505,0,2,2,1250,1250,0,0,-1,1236,1236,0,0,-16
1787457303.596,U2,0,1,-,219.0,1103,3131,-20,2,-1,1091,1090,-1,0,-1,675,674,-1,3,-7,3505,3505,0,2,2,1249,1250,1,0,-1,1236,1236,0,0,-16
1787457303.833,U2,0,1,-,219.0,3136,1099,11,0,-3,1091,1090,-1,0,-1,675,674,-1,3,-7,3505,3505,0,2,2,1249,1250,1,0,-1,1236,1236,0,0,-16
1787457304.071,U2,0,1,-,219.0,1103,3131,-20,2,-1,1091,1090,-1,0,-1,675,674,-1,3,-7,3505,3506,1,2,3,1249,1250,1,0,-1,1236,1236,0,0,-16
1787457304.309,U2,0,1,-,219.0,3135,1099,12,0,-3,1091,1090,-1,0,-1,675,674,-1,3,-7,3505,3505,0,2,2,1250,1250,0,0,-1,1236,1236,0,0,-16
1787457304.545,U2,0,1,-,219.0,1103,3131,-20,2,-1,1091,1090,-1,0,-1,675,674,-1,3,-7,3505,3505,0,2,2,1249,1250,1,0,-1,1236,1236,0,0,-16
1787457304.784,U2,0,1,-,219.0,3135,1099,12,0,-3,1091,1090,-1,0,-1,675,674,-1,3,-7,3505,3505,0,2,2,1250,1250,0,0,-1,1236,1236,0,0,-16
1787457305.021,U2,0,1,-,219.0,1103,3131,-20,2,-1,1091,1090,-1,0,-1,675,674,-1,3,-7,3505,3505,0,2,2,1249,1250,1,0,-1,1236,1236,0,0,-16
1787457305.254,U2,0,1,-,219.0,3135,1099,12,0,-3,1091,1090,-1,0,-1,675,674,-1,3,-7,3505,3505,0,2,2,1250,1250,0,0,-1,1236,1236,0,0,-16
1787457305.496,U2,0,1,-,219.0,1102,3131,-19,2,-1,1091,1090,-1,0,-1,675,674,-1,3,-7,3505,3505,0,2,2,1249,1250,1,0,-1,1236,1235,-1,0,-17
1787457305.734,U2,0,1,-,219.0,3135,1099,12,0,-3,1091,1090,-1,0,-1,675,674,-1,3,-7,3505,3505,0,2,2,1249,1250,1,0,-1,1236,1236,0,0,-16
1787457305.966,U2,0,1,-,219.0,1103,3131,-20,2,-1,1091,1090,-1,0,-1,675,674,-1,3,-7,3505,3505,0,2,2,1249,1250,1,0,-1,1236,1236,0,0,-16
1787457306.208,U2,0,1,-,219.0,3135,1099,12,0,-3,1091,1090,-1,0,-1,675,674,-1,3,-7,3505,3505,0,2,2,1249,1250,1,0,-1,1236,1236,0,0,-16
1787457306.446,U2,0,1,-,219.0,1103,3131,-20,2,-1,1091,1090,-1,0,-1,675,674,-1,3,-7,3505,3505,0,2,2,1249,1250,1,0,-1,1236,1236,0,0,-16
1787457306.684,U2,0,1,-,219.0,3135,1099,12,0,-3,1091,1090,-1,0,-1,675,674,-1,3,-7,3505,3505,0,2,2,1249,1249,0,0,-2,1235,1236,1,0,-16
1787457306.920,U2,0,1,-,219.0,1103,3131,-20,2,-1,1091,1090,-1,0,-1,675,674,-1,3,-7,3505,3505,0,2,2,1249,1250,1,0,-1,1236,1236,0,0,-16
1787457307.159,U2,0,1,-,219.0,3135,1099,12,0,-3,1091,1090,-1,0,-1,675,674,-1,3,-7,3505,3505,0,2,2,1250,1250,0,0,-1,1236,1236,0,0,-16
1787457307.395,U2,0,1,-,219.0,1103,3131,-20,2,-1,1091,1090,-1,0,-1,675,674,-1,3,-7,3505,3505,0,2,2,1250,1250,0,0,-1,1236,1236,0,0,-16
1787457307.633,U2,0,1,-,219.0,3135,1099,12,0,-3,1091,1090,-1,0,-1,675,674,-1,3,-7,3505,3505,0,2,2,1249,1250,1,0,-1,1236,1236,0,0,-16
1787457307.871,U2,0,1,-,219.0,1103,3131,-20,2,-1,1091,1090,-1,0,-1,675,674,-1,3,-7,3505,3505,0,2,2,1249,1250,1,0,-1,1236,1236,0,0,-16
1787457308.109,U2,0,1,-,219.0,3135,1099,12,0,-3,1091,1090,-1,0,-1,675,674,-1,3,-7,3505,3505,0,2,2,1249,1250,1,0,-1,1236,1236,0,0,-16
1787457308.346,U2,0,1,-,219.0,1103,3131,-20,2,-1,1091,1090,-1,0,-1,675,674,-1,3,-7,3505,3505,0,2,2,1249,1249,0,0,-2,1236,1235,-1,0,-17
1787457308.584,U2,0,1,-,219.0,3136,1099,11,0,-3,1091,1090,-1,0,-1,675,674,-1,3,-7,3505,3505,0,2,2,1249,1250,1,0,-1,1236,1236,0,0,-16
1787457308.818,U2,0,1,-,219.0,1103,3131,-20,2,-1,1091,1090,-1,0,-1,675,674,-1,3,-7,3505,3505,0,2,2,1249,1250,1,0,-1,1236,1236,0,0,-16
1787457309.059,U2,0,1,-,219.0,3135,1099,12,0,-3,1091,1090,-1,0,-1,675,674,-1,3,-7,3505,3505,0,2,2,1249,1250,1,0,-1,1236,1236,0,0,-16
1787457309.296,U2,0,1,-,219.0,1103,3131,-20,2,-1,1091,1090,-1,0,-1,675,674,-1,3,-7,3505,3505,0,2,2,1249,1250,1,0,-1,1236,1236,0,0,-16
1787457309.533,U2,0,1,-,219.0,3135,1099,12,0,-3,1091,1090,-1,0,-1,675,674,-1,3,-7,3505,3505,0,2,2,1249,1250,1,0,-1,1236,1236,0,0,-16
1787457309.771,U2,0,1,-,219.0,1103,3131,-20,2,-1,1091,1091,0,0,0,675,674,-1,3,-7,3505,3505,0,2,2,1249,1250,1,0,-1,1236,1236,0,0,-16
1787457310.009,U2,0,1,-,219.0,3135,1099,12,0,-3,1091,1090,-1,0,-1,675,674,-1,3,-7,3505,3506,1,2,3,1249,1250,1,0,-1,1236,1236,0,0,-16
1787457310.245,U2,0,1,-,219.0,1103,3131,-20,2,-1,1091,1090,-1,0,-1,675,674,-1,3,-7,3505,3506,1,2,3,1249,1250,1,0,-1,1236,1236,0,0,-16
1787457310.483,U2,0,1,-,219.0,3135,1099,12,0,-3,1091,1090,-1,0,-1,675,674,-1,3,-7,3505,3505,0,2,2,1249,1250,1,0,-1,1236,1235,-1,0,-17
1787457310.721,U2,0,1,-,219.0,1103,3131,-20,2,-1,1091,1090,-1,0,-1,675,674,-1,3,-7,3505,3505,0,2,2,1249,1250,1,0,-1,1236,1236,0,0,-16
1787457310.958,U2,0,1,-,219.0,3135,1099,12,0,-3,1091,1090,-1,0,-1,675,674,-1,3,-7,3505,3505,0,2,2,1249,1250,1,0,-1,1235,1236,1,0,-16
1787457311.196,U2,0,1,-,219.0,1103,3131,-20,2,-1,1091,1090,-1,0,-1,675,674,-1,3,-7,3505,3506,1,2,3,1249,1250,1,0,-1,1236,1236,0,0,-16
1787457311.434,U2,0,1,-,219.0,3135,1099,12,0,-3,1091,1090,-1,0,-1,675,674,-1,3,-7,3505,3505,0,2,2,1249,1250,1,0,-1,1236,1236,0,0,-16
1787457311.670,U2,0,1,-,219.0,1103,3131,-20,2,-1,1091,1090,-1,0,-1,675,674,-1,3,-7,3505,3505,0,2,2,1250,1250,0,0,-1,1236,1236,0,0,-16
1787457311.908,U2,0,1,-,219.0,3135,1099,12,0,-3,1091,1090,-1,0,-1,675,674,-1,3,-7,3505,3505,0,2,2,1249,1250,1,0,-1,1236,1236,0,0,-16
1787457312.145,U2,0,1,-,219.0,1103,3131,-20,2,-1,1091,1090,-1,0,-1,675,674,-1,3,-7,3505,3505,0,2,2,1250,1250,0,0,-1,1236,1236,0,0,-16
1787457312.384,U2,0,1,-,219.0,3135,1099,12,0,-3,1091,1090,-1,0,-1,675,674,-1,3,-7,3505,3505,0,2,2,1249,1250,1,0,-1,1236,1236,0,0,-16
1787457312.621,U2,0,1,-,219.0,1103,3131,-20,2,-1,1091,1090,-1,0,-1,675,674,-1,3,-7,3505,3505,0,2,2,1250,1250,0,0,-1,1235,1236,1,0,-16
1787457312.858,U2,0,1,-,219.0,3135,1099,12,0,-3,1091,1090,-1,0,-1,675,674,-1,3,-7,3505,3505,0,2,2,1249,1250,1,0,-1,1236,1236,0,0,-16
1787457313.096,U2,0,1,-,219.0,1103,3131,-20,2,-1,1091,1090,-1,0,-1,675,674,-1,3,-7,3505,3505,0,2,2,1249,1250,1,0,-1,1236,1236,0,0,-16
1787457313.333,U2,0,1,-,219.0,3135,1099,12,0,-3,1091,1091,0,0,0,675,674,-1,3,-7,3505,3505,0,2,2,1249,1250,1,0,-1,1236,1236,0,0,-16
1787457313.570,U2,0,1,-,219.0,1103,3131,-20,2,-1,1091,1090,-1,0,-1,675,674,-1,3,-7,3505,3505,0,2,2,1249,1250,1,0,-1,1236,1236,0,0,-16
1787457313.808,U2,0,1,-,219.0,3135,1099,12,0,-3,1091,1090,-1,0,-1,675,673,-2,3,-8,3505,3505,0,2,2,1249,1250,1,0,-1,1236,1236,0,0,-16
1787457314.045,U2,0,1,-,219.0,1103,3131,-20,2,-1,1091,1090,-1,0,-1,675,674,-1,3,-7,3505,3505,0,2,2,1249,1250,1,0,-1,1236,1236,0,0,-16
