> health
health U=1,1,0/128/685 R=1,1,0/128/1626 F=1,1,0/128/1792 D=1,1,0/128/1579 L=1,1,0/128/681 B=1,1,0/128/1289 RING=1,1,0/128/1609
ok
> enc
enc U=3135 R=1091 F=674 D=3501 L=1249 B=1233 RING=2768
near U=2:3 R=0:0 F=3:-7 D=2:-2 L=0:-2 B=0:-19
ok
> rep 100 U U'
mv U code=0 aligned=1 homed=- ms=119.0 U=3135,2119,8,1,-3 R=1091,1090,-1,0,-1 F=674,673,-1,3,-8 D=3501,3501,0,2,-2 L=1250,1250,0,0,-1 B=1233,1233,0,0,-19
mv U' code=0 aligned=1 homed=- ms=119.0 U=2123,3132,-15,2,0 R=1091,1090,-1,0,-1 F=674,673,-1,3,-8 D=3501,3501,0,2,-2 L=1250,1250,0,0,-1 B=1233,1233,0,0,-19
mv U code=0 aligned=1 homed=- ms=119.0 U=3135,2118,7,1,-4 R=1091,1090,-1,0,-1 F=674,673,-1,3,-8 D=3501,3501,0,2,-2 L=1249,1250,1,0,-1 B=1233,1233,0,0,-19
mv U' code=0 aligned=1 homed=- ms=119.0 U=2123,3132,-15,2,0 R=1091,1090,-1,0,-1 F=674,674,0,3,-7 D=3501,3501,0,2,-2 L=1249,1250,1,0,-1 B=1233,1233,0,0,-19
mv U code=0 aligned=1 homed=- ms=119.0 U=3134,2118,8,1,-4 R=1091,1090,-1,0,-1 F=674,673,-1,3,-8 D=3501,3501,0,2,-2 L=1249,1250,1,0,-1 B=1234,1233,-1,0,-19
mv U' code=0 aligned=1 homed=- ms=119.0 U=2123,3132,-15,2,0 R=1091,1090,-1,0,-1 F=674,673,-1,3,-8 D=3501,3501,0,2,-2 L=1249,1250,1,0,-1 B=1233,1233,0,0,-19
mv U code=0 aligned=1 homed=- ms=119.0 U=3135,2118,7,1,-4 R=1091,1090,-1,0,-1 F=674,673,-1,3,-8 D=3501,3501,0,2,-2 L=1250,1250,0,0,-1 B=1233,1233,0,0,-19
mv U' code=0 aligned=1 homed=- ms=119.0 U=2123,3132,-15,2,0 R=1091,1090,-1,0,-1 F=674,673,-1,3,-8 D=3501,3501,0,2,-2 L=1249,1250,1,0,-1 B=1233,1233,0,0,-19
mv U code=0 aligned=1 homed=- ms=119.0 U=3134,2118,8,1,-4 R=1091,1091,0,0,0 F=674,673,-1,3,-8 D=3501,3501,0,2,-2 L=1250,1250,0,0,-1 B=1233,1233,0,0,-19
mv U' code=0 aligned=1 homed=- ms=119.0 U=2123,3131,-16,2,-1 R=1091,1090,-1,0,-1 F=674,673,-1,3,-8 D=3501,3501,0,2,-2 L=1250,1250,0,0,-1 B=1233,1234,1,0,-18
mv U code=0 aligned=1 homed=- ms=119.0 U=3134,2118,8,1,-4 R=1091,1090,-1,0,-1 F=674,674,0,3,-7 D=3501,3501,0,2,-2 L=1250,1250,0,0,-1 B=1234,1233,-1,0,-19
mv U' code=0 aligned=1 homed=- ms=119.0 U=2123,3132,-15,2,0 R=1091,1090,-1,0,-1 F=674,673,-1,3,-8 D=3501,3501,0,2,-2 L=1249,1250,1,0,-1 B=1233,1233,0,0,-19
mv U code=0 aligned=1 homed=- ms=119.0 U=3135,2119,8,1,-3 R=1091,1090,-1,0,-1 F=674,674,0,3,-7 D=3501,3501,0,2,-2 L=1249,1250,1,0,-1 B=1233,1233,0,0,-19
mv U' code=0 aligned=1 homed=- ms=119.0 U=2123,3132,-15,2,0 R=1091,1091,0,0,0 F=674,673,-1,3,-8 D=3501,3501,0,2,-2 L=1250,1250,0,0,-1 B=1233,1233,0,0,-19
mv U code=0 aligned=1 homed=- ms=119.0 U=3135,2119,8,1,-3 R=1091,1090,-1,0,-1 F=674,673,-1,3,-8 D=3501,3501,0,2,-2 L=1249,1250,1,0,-1 B=1233,1233,0,0,-19
mv U' code=0 aligned=1 homed=- ms=119.0 U=2123,3131,-16,2,-1 R=1091,1090,-1,0,-1 F=674,674,0,3,-7 D=3501,3501,0,2,-2 L=1249,1250,1,0,-1 B=1233,1233,0,0,-19
mv U code=0 aligned=1 homed=- ms=119.0 U=3135,2118,7,1,-4 R=1091,1090,-1,0,-1 F=674,673,-1,3,-8 D=3501,3501,0,2,-2 L=1249,1250,1,0,-1 B=1233,1233,0,0,-19
mv U' code=0 aligned=1 homed=- ms=119.0 U=2123,3131,-16,2,-1 R=1091,1090,-1,0,-1 F=674,673,-1,3,-8 D=3501,3501,0,2,-2 L=1250,1250,0,0,-1 B=1233,1233,0,0,-19
mv U code=0 aligned=1 homed=- ms=119.0 U=3135,2119,8,1,-3 R=1091,1090,-1,0,-1 F=674,673,-1,3,-8 D=3501,3501,0,2,-2 L=1250,1250,0,0,-1 B=1233,1233,0,0,-19
mv U' code=0 aligned=1 homed=- ms=119.0 U=2123,3132,-15,2,0 R=1091,1090,-1,0,-1 F=674,673,-1,3,-8 D=3501,3501,0,2,-2 L=1249,1250,1,0,-1 B=1233,1233,0,0,-19
mv U code=0 aligned=1 homed=- ms=119.0 U=3134,2119,9,1,-3 R=1091,1090,-1,0,-1 F=674,674,0,3,-7 D=3501,3501,0,2,-2 L=1250,1250,0,0,-1 B=1233,1233,0,0,-19
mv U' code=0 aligned=1 homed=- ms=119.0 U=2123,3131,-16,2,-1 R=1091,1090,-1,0,-1 F=674,673,-1,3,-8 D=3501,3501,0,2,-2 L=1249,1250,1,0,-1 B=1233,1233,0,0,-19
mv U code=0 aligned=1 homed=- ms=119.0 U=3135,2118,7,1,-4 R=1091,1090,-1,0,-1 F=674,673,-1,3,-8 D=3501,3501,0,2,-2 L=1250,1250,0,0,-1 B=1233,1234,1,0,-18
mv U' code=0 aligned=1 homed=- ms=119.0 U=2123,3131,-16,2,-1 R=1091,1090,-1,0,-1 F=674,673,-1,3,-8 D=3501,3501,0,2,-2 L=1249,1250,1,0,-1 B=1233,1233,0,0,-19
mv U code=0 aligned=1 homed=- ms=119.0 U=3135,2118,7,1,-4 R=1091,1091,0,0,0 F=674,673,-1,3,-8 D=3501,3501,0,2,-2 L=1250,1250,0,0,-1 B=1233,1233,0,0,-19
mv U' code=0 aligned=1 homed=- ms=119.0 U=2123,3132,-15,2,0 R=1091,1090,-1,0,-1 F=674,673,-1,3,-8 D=3501,3501,0,2,-2 L=1249,1250,1,0,-1 B=1233,1234,1,0,-18
mv U code=0 aligned=1 homed=- ms=119.0 U=3135,2118,7,1,-4 R=1091,1090,-1,0,-1 F=674,673,-1,3,-8 D=3501,3501,0,2,-2 L=1249,1250,1,0,-1 B=1233,1233,0,0,-19
mv U' code=0 aligned=1 homed=- ms=119.0 U=2123,3132,-15,2,0 R=1091,1090,-1,0,-1 F=674,674,0,3,-7 D=3501,3501,0,2,-2 L=1249,1250,1,0,-1 B=1233,1233,0,0,-19
mv U code=0 aligned=1 homed=- ms=119.0 U=3135,2119,8,1,-3 R=1091,1090,-1,0,-1 F=674,673,-1,3,-8 D=3501,3501,0,2,-2 L=1250,1250,0,0,-1 B=1233,1233,0,0,-19
mv U' code=0 aligned=1 homed=- ms=119.0 U=2123,3132,-15,2,0 R=1091,1091,0,0,0 F=674,673,-1,3,-8 D=3501,3501,0,2,-2 L=1250,1250,0,0,-1 B=1234,1233,-1,0,-19
mv U code=0 aligned=1 homed=- ms=119.0 U=3134,2118,8,1,-4 R=1091,1090,-1,0,-1 F=674,673,-1,3,-8 D=3501,3501,0,2,-2 L=1250,1250,0,0,-1 B=1233,1233,0,0,-19
mv U' code=0 aligned=1 homed=- ms=119.0 U=2123,3132,-15,2,0 R=1091,1091,0,0,0 F=674,673,-1,3,-8 D=3501,3501,0,2,-2 L=1250,1250,0,0,-1 B=1233,1233,0,0,-19
mv U code=0 aligned=1 homed=- ms=119.0 U=3135,2118,7,1,-4 R=1091,1090,-1,0,-1 F=674,673,-1,3,-8 D=3501,3501,0,2,-2 L=1249,1249,0,0,-2 B=1233,1233,0,0,-19
mv U' code=0 aligned=1 homed=- ms=119.0 U=2123,3132,-15,2,0 R=1091,1090,-1,0,-1 F=674,674,0,3,-7 D=3501,3501,0,2,-2 L=1250,1250,0,0,-1 B=1233,1233,0,0,-19
mv U code=0 aligned=1 homed=- ms=119.0 U=3134,2119,9,1,-3 R=1091,1090,-1,0,-1 F=674,673,-1,3,-8 D=3501,3501,0,2,-2 L=1249,1250,1,0,-1 B=1233,1233,0,0,-19
mv U' code=0 aligned=1 homed=- ms=119.0 U=2123,3133,-14,2,1 R=1091,1090,-1,0,-1 F=674,674,0,3,-7 D=3501,3501,0,2,-2 L=1250,1250,0,0,-1 B=1233,1233,0,0,-19
mv U code=0 aligned=1 homed=- ms=119.0 U=3134,2119,9,1,-3 R=1091,1090,-1,0,-1 F=674,674,0,3,-7 D=3501,3501,0,2,-2 L=1249,1250,1,0,-1 B=1233,1234,1,0,-18
mv U' code=0 aligned=1 homed=- ms=119.0 U=2123,3132,-15,2,0 R=1091,1090,-1,0,-1 F=674,674,0,3,-7 D=3501,3501,0,2,-2 L=1249,1250,1,0,-1 B=1233,1233,0,0,-19
mv U code=0 aligned=1 homed=- ms=119.0 U=3135,2118,7,1,-4 R=1091,1090,-1,0,-1 F=674,673,-1,3,-8 D=3501,3501,0,2,-2 L=1250,1250,0,0,-1 B=1233,1233,0,0,-19
mv U' code=0 aligned=1 homed=- ms=119.0 U=2123,3132,-15,2,0 R=1091,1090,-1,0,-1 F=674,673,-1,3,-8 D=3501,3501,0,2,-2 L=1249,1250,1,0,-1 B=1233,1233,0,0,-19
mv U code=0 aligned=1 homed=- ms=119.0 U=3135,2118,7,1,-4 R=1091,1091,0,0,0 F=674,673,-1,3,-8 D=3501,3501,0,2,-2 L=1249,1250,1,0,-1 B=1233,1233,0,0,-19
mv U' code=0 aligned=1 homed=- ms=119.0 U=2122,3133,-13,2,1 R=1091,1090,-1,0,-1 F=674,673,-1,3,-8 D=3501,3501,0,2,-2 L=1250,1250,0,0,-1 B=1234,1233,-1,0,-19
mv U code=0 aligned=1 homed=- ms=119.0 U=3135,2119,8,1,-3 R=1091,1091,0,0,0 F=674,673,-1,3,-8 D=3501,3501,0,2,-2 L=1249,1250,1,0,-1 B=1233,1233,0,0,-19
mv U' code=0 aligned=1 homed=- ms=119.0 U=2123,3132,-15,2,0 R=1091,1090,-1,0,-1 F=674,674,0,3,-7 D=3501,3501,0,2,-2 L=1250,1250,0,0,-1 B=1233,1233,0,0,-19
mv U code=0 aligned=1 homed=- ms=119.0 U=3135,2118,7,1,-4 R=1091,1090,-1,0,-1 F=674,673,-1,3,-8 D=3501,3501,0,2,-2 L=1249,1250,1,0,-1 B=1233,1233,0,0,-19
mv U' code=0 aligned=1 homed=- ms=119.0 U=2123,3132,-15,2,0 R=1091,1090,-1,0,-1 F=674,673,-1,3,-8 D=3501,3501,0,2,-2 L=1249,1250,1,0,-1 B=1233,1234,1,0,-18
mv U code=0 aligned=1 homed=- ms=119.0 U=3135,2118,7,1,-4 R=1091,1091,0,0,0 F=674,673,-1,3,-8 D=3501,3501,0,2,-2 L=1249,1250,1,0,-1 B=1233,1233,0,0,-19
mv U' code=0 aligned=1 homed=- ms=119.0 U=2123,3132,-15,2,0 R=1091,1091,0,0,0 F=674,673,-1,3,-8 D=3501,3501,0,2,-2 L=1249,1250,1,0,-1 B=1234,1233,-1,0,-19
mv U code=0 aligned=1 homed=- ms=119.0 U=3135,2118,7,1,-4 R=1091,1090,-1,0,-1 F=674,673,-1,3,-8 D=3501,3501,0,2,-2 L=1249,1250,1,0,-1 B=1233,1233,0,0,-19
mv U' code=0 aligned=1 homed=- ms=119.0 U=2123,3132,-15,2,0 R=1091,1090,-1,0,-1 F=674,673,-1,3,-8 D=3501,3501,0,2,-2 L=1250,1250,0,0,-1 B=1233,1233,0,0,-19
mv U code=0 aligned=1 homed=- ms=119.0 U=3134,2119,9,1,-3 R=1091,1090,-1,0,-1 F=674,673,-1,3,-8 D=3501,3501,0,2,-2 L=1249,1250,1,0,-1 B=1233,1234,1,0,-18
mv U' code=0 aligned=1 homed=- ms=119.0 U=2123,3132,-15,2,0 R=1091,1090,-1,0,-1 F=674,673,-1,3,-8 D=3501,3501,0,2,-2 L=1249,1250,1,0,-1 B=1233,1233,0,0,-19
mv U code=0 aligned=1 homed=- ms=119.0 U=3134,2118,8,1,-4 R=1091,1090,-1,0,-1 F=674,673,-1,3,-8 D=3501,3501,0,2,-2 L=1249,1250,1,0,-1 B=1233,1233,0,0,-19
mv U' code=0 aligned=1 homed=- ms=119.0 U=2123,3132,-15,2,0 R=1091,1090,-1,0,-1 F=674,673,-1,3,-8 D=3501,3501,0,2,-2 L=1249,1250,1,0,-1 B=1233,1234,1,0,-18
mv U code=0 aligned=1 homed=- ms=119.0 U=3135,2118,7,1,-4 R=1091,1090,-1,0,-1 F=674,673,-1,3,-8 D=3501,3501,0,2,-2 L=1249,1250,1,0,-1 B=1233,1233,0,0,-19
mv U' code=0 aligned=1 homed=- ms=119.0 U=2123,3132,-15,2,0 R=1091,1090,-1,0,-1 F=674,673,-1,3,-8 D=3501,3501,0,2,-2 L=1249,1250,1,0,-1 B=1233,1233,0,0,-19
mv U code=0 aligned=1 homed=- ms=119.0 U=3135,2119,8,1,-3 R=1091,1090,-1,0,-1 F=674,673,-1,3,-8 D=3501,3501,0,2,-2 L=1249,1250,1,0,-1 B=1233,1234,1,0,-18
mv U' code=0 aligned=1 homed=- ms=119.0 U=2123,3132,-15,2,0 R=1091,1090,-1,0,-1 F=674,673,-1,3,-8 D=3501,3501,0,2,-2 L=1249,1250,1,0,-1 B=1233,1233,0,0,-19
mv U code=0 aligned=1 homed=- ms=119.0 U=3134,2118,8,1,-4 R=1091,1090,-1,0,-1 F=674,673,-1,3,-8 D=3501,3501,0,2,-2 L=1250,1250,0,0,-1 B=1233,1233,0,0,-19
mv U' code=0 aligned=1 homed=- ms=119.0 U=2123,3133,-14,2,1 R=1091,1090,-1,0,-1 F=674,673,-1,3,-8 D=3501,3501,0,2,-2 L=1250,1250,0,0,-1 B=1233,1233,0,0,-19
mv U code=0 aligned=1 homed=- ms=119.0 U=3135,2118,7,1,-4 R=1091,1090,-1,0,-1 F=674,673,-1,3,-8 D=3501,3501,0,2,-2 L=1249,1250,1,0,-1 B=1233,1233,0,0,-19
mv U' code=0 aligned=1 homed=- ms=119.0 U=2123,3132,-15,2,0 R=1091,1090,-1,0,-1 F=674,673,-1,3,-8 D=3501,3501,0,2,-2 L=1249,1250,1,0,-1 B=1233,1233,0,0,-19
mv U code=0 aligned=1 homed=- ms=119.0 U=3135,2118,7,1,-4 R=1091,1090,-1,0,-1 F=674,673,-1,3,-8 D=3501,3501,0,2,-2 L=1250,1250,0,0,-1 B=1234,1233,-1,0,-19
mv U' code=0 aligned=1 homed=- ms=119.0 U=2123,3132,-15,2,0 R=1091,1090,-1,0,-1 F=674,673,-1,3,-8 D=3501,3501,0,2,-2 L=1249,1250,1,0,-1 B=1234,1233,-1,0,-19
mv U code=0 aligned=1 homed=- ms=119.0 U=3135,2118,7,1,-4 R=1091,1090,-1,0,-1 F=674,673,-1,3,-8 D=3501,3501,0,2,-2 L=1250,1250,0,0,-1 B=1233,1233,0,0,-19
mv U' code=0 aligned=1 homed=- ms=119.0 U=2123,3132,-15,2,0 R=1091,1090,-1,0,-1 F=674,673,-1,3,-8 D=3501,3501,0,2,-2 L=1250,1250,0,0,-1 B=1233,1234,1,0,-18
mv U code=0 aligned=1 homed=- ms=119.0 U=3134,2118,8,1,-4 R=1091,1090,-1,0,-1 F=674,673,-1,3,-8 D=3501,3501,0,2,-2 L=1249,1250,1,0,-1 B=1233,1233,0,0,-19
mv U' code=0 aligned=1 homed=- ms=119.0 U=2123,3131,-16,2,-1 R=1091,1090,-1,0,-1 F=674,673,-1,3,-8 D=3501,3501,0,2,-2 L=1250,1250,0,0,-1 B=1233,1233,0,0,-19
mv U code=0 aligned=1 homed=- ms=119.0 U=3134,2118,8,1,-4 R=1091,1090,-1,0,-1 F=674,674,0,3,-7 D=3501,3501,0,2,-2 L=1250,1250,0,0,-1 B=1233,1233,0,0,-19
mv U' code=0 aligned=1 homed=- ms=119.0 U=2122,3132,-14,2,0 R=1091,1091,0,0,0 F=674,673,-1,3,-8 D=3501,3501,0,2,-2 L=1249,1250,1,0,-1 B=1233,1233,0,0,-19
mv U code=0 aligned=1 homed=- ms=119.0 U=3134,2118,8,1,-4 R=1091,1091,0,0,0 F=674,673,-1,3,-8 D=3501,3501,0,2,-2 L=1250,1250,0,0,-1 B=1233,1233,0,0,-19
mv U' code=0 aligned=1 homed=- ms=119.0 U=2123,3131,-16,2,-1 R=1091,1090,-1,0,-1 F=674,674,0,3,-7 D=3501,3501,0,2,-2 L=1249,1250,1,0,-1 B=1234,1233,-1,0,-19
mv U code=0 aligned=1 homed=- ms=119.0 U=3135,2118,7,1,-4 R=1091,1090,-1,0,-1 F=674,674,0,3,-7 D=3501,3501,0,2,-2 L=1249,1250,1,0,-1 B=1234,1233,-1,0,-19
mv U' code=0 aligned=1 homed=- ms=119.0 U=2123,3132,-15,2,0 R=1091,1090,-1,0,-1 F=674,673,-1,3,-8 D=3501,3501,0,2,-2 L=1249,1250,1,0,-1 B=1233,1233,0,0,-19
mv U code=0 aligned=1 homed=- ms=119.0 U=3134,2118,8,1,-4 R=1091,1090,-1,0,-1 F=674,674,0,3,-7 D=3501,3501,0,2,-2 L=1250,1249,-1,0,-2 B=1233,1233,0,0,-19
mv U' code=0 aligned=1 homed=- ms=119.0 U=2123,3131,-16,2,-1 R=1091,1090,-1,0,-1 F=674,673,-1,3,-8 D=3501,3501,0,2,-2 L=1249,1250,1,0,-1 B=1233,1233,0,0,-19
mv U code=0 aligned=1 homed=- ms=119.0 U=3134,2118,8,1,-4 R=1091,1090,-1,0,-1 F=674,673,-1,3,-8 D=3501,3501,0,2,-2 L=1249,1250,1,0,-1 B=1233,1233,0,0,-19
mv U' code=0 aligned=1 homed=- ms=119.0 U=2123,3132,-15,2,0 R=1091,1090,-1,0,-1 F=674,673,-1,3,-8 D=3501,3501,0,2,-2 L=1249,1250,1,0,-1 B=1233,1233,0,0,-19
mv U code=0 aligned=1 homed=- ms=119.0 U=3135,2118,7,1,-4 R=1091,1090,-1,0,-1 F=674,673,-1,3,-8 D=3501,3501,0,2,-2 L=1249,1250,1,0,-1 B=1233,1233,0,0,-19
mv U' code=0 aligned=1 homed=- ms=119.0 U=2123,3132,-15,2,0 R=1091,1091,0,0,0 F=674,673,-1,3,-8 D=3501,3501,0,2,-2 L=1249,1250,1,0,-1 B=1234,1234,0,0,-18
mv U code=0 aligned=1 homed=- ms=119.0 U=3135,2119,8,1,-3 R=1091,1090,-1,0,-1 F=674,673,-1,3,-8 D=3501,3501,0,2,-2 L=1250,1249,-1,0,-2 B=1233,1234,1,0,-18
mv U' code=0 aligned=1 homed=- ms=119.0 U=2123,3132,-15,2,0 R=1091,1090,-1,0,-1 F=674,674,0,3,-7 D=3501,3501,0,2,-2 L=1249,1250,1,0,-1 B=1233,1234,1,0,-18
mv U code=0 aligned=1 homed=- ms=119.0 U=3134,2118,8,1,-4 R=1091,1090,-1,0,-1 F=674,673,-1,3,-8 D=3501,3501,0,2,-2 L=1250,1250,0,0,-1 B=1233,1233,0,0,-19
mv U' code=0 aligned=1 homed=- ms=119.0 U=2123,3131,-16,2,-1 R=1091,1090,-1,0,-1 F=674,673,-1,3,-8 D=3501,3501,0,2,-2 L=1249,1250,1,0,-1 B=1233,1233,0,0,-19
mv U code=0 aligned=1 homed=- ms=119.0 U=3134,2119,9,1,-3 R=1091,1090,-1,0,-1 F=674,673,-1,3,-8 D=3501,3501,0,2,-2 L=1250,1250,0,0,-1 B=1233,1233,0,0,-19
mv U' code=0 aligned=1 homed=- ms=119.0 U=2122,3132,-14,2,0 R=1091,1090,-1,0,-1 F=674,673,-1,3,-8 D=3501,3501,0,2,-2 L=1249,1250,1,0,-1 B=1233,1233,0,0,-19
mv U code=0 aligned=1 homed=- ms=119.0 U=3135,2118,7,1,-4 R=1091,1091,0,0,0 F=674,673,-1,3,-8 D=3501,3501,0,2,-2 L=1249,1250,1,0,-1 B=1234,1233,-1,0,-19
mv U' code=0 aligned=1 homed=- ms=119.0 U=2123,3132,-15,2,0 R=1091,1090,-1,0,-1 F=674,674,0,3,-7 D=3501,3501,0,2,-2 L=1249,1250,1,0,-1 B=1233,1233,0,0,-19
mv U code=0 aligned=1 homed=- ms=119.0 U=3135,2118,7,1,-4 R=1091,1090,-1,0,-1 F=674,673,-1,3,-8 D=3501,3501,0,2,-2 L=1249,1250,1,0,-1 B=1234,1233,-1,0,-19
mv U' code=0 aligned=1 homed=- ms=119.0 U=2123,3132,-15,2,0 R=1091,1090,-1,0,-1 F=674,673,-1,3,-8 D=3501,3501,0,2,-2 L=1249,1250,1,0,-1 B=1234,1233,-1,0,-19
mv U code=0 aligned=1 homed=- ms=119.0 U=3135,2119,8,1,-3 R=1091,1090,-1,0,-1 F=674,673,-1,3,-8 D=3501,3501,0,2,-2 L=1249,1250,1,0,-1 B=1233,1233,0,0,-19
mv U' code=0 aligned=1 homed=- ms=119.0 U=2123,3132,-15,2,0 R=1091,1090,-1,0,-1 F=674,673,-1,3,-8 D=3501,3501,0,2,-2 L=1250,1250,0,0,-1 B=1233,1233,0,0,-19
mv U code=0 aligned=1 homed=- ms=119.0 U=3134,2119,9,1,-3 R=1091,1090,-1,0,-1 F=674,673,-1,3,-8 D=3501,3501,0,2,-2 L=1249,1250,1,0,-1 B=1234,1233,-1,0,-19
mv U' code=0 aligned=1 homed=- ms=119.0 U=2123,3133,-14,2,1 R=1091,1090,-1,0,-1 F=674,673,-1,3,-8 D=3501,3501,0,2,-2 L=1249,1250,1,0,-1 B=1233,1233,0,0,-19
mv U code=0 aligned=1 homed=- ms=119.0 U=3134,2119,9,1,-3 R=1091,1090,-1,0,-1 F=674,673,-1,3,-8 D=3501,3501,0,2,-2 L=1250,1250,0,0,-1 B=1233,1233,0,0,-19
mv U' code=0 aligned=1 homed=- ms=119.0 U=2123,3131,-16,2,-1 R=1091,1090,-1,0,-1 F=674,674,0,3,-7 D=3501,3501,0,2,-2 L=1249,1250,1,0,-1 B=1234,1233,-1,0,-19
mv U code=0 aligned=1 homed=- ms=119.0 U=3134,2118,8,1,-4 R=1091,1090,-1,0,-1 F=674,673,-1,3,-8 D=3501,3501,0,2,-2 L=1249,1250,1,0,-1 B=1233,1234,1,0,-18
mv U' code=0 aligned=1 homed=- ms=119.0 U=2123,3132,-15,2,0 R=1091,1090,-1,0,-1 F=674,673,-1,3,-8 D=3501,3501,0,2,-2 L=1250,1250,0,0,-1 B=1234,1233,-1,0,-19
mv U code=0 aligned=1 homed=- ms=119.0 U=3135,2118,7,1,-4 R=1091,1090,-1,0,-1 F=674,673,-1,3,-8 D=3501,3501,0,2,-2 L=1249,1250,1,0,-1 B=1233,1233,0,0,-19
mv U' code=0 aligned=1 homed=- ms=119.0 U=2123,3131,-16,2,-1 R=1091,1090,-1,0,-1 F=674,673,-1,3,-8 D=3501,3501,0,2,-2 L=1250,1250,0,0,-1 B=1233,1233,0,0,-19
mv U code=0 aligned=1 homed=- ms=119.0 U=3135,2119,8,1,-3 R=1091,1090,-1,0,-1 F=674,673,-1,3,-8 D=3501,3501,0,2,-2 L=1249,1250,1,0,-1 B=1233,1233,0,0,-19
mv U' code=0 aligned=1 homed=- ms=119.0 U=2123,3132,-15,2,0 R=1091,1090,-1,0,-1 F=674,673,-1,3,-8 D=3501,3501,0,2,-2 L=1249,1250,1,0,-1 B=1234,1233,-1,0,-19
mv U code=0 aligned=1 homed=- ms=119.0 U=3134,2119,9,1,-3 R=1091,1090,-1,0,-1 F=674,673,-1,3,-8 D=3501,3501,0,2,-2 L=1249,1250,1,0,-1 B=1233,1234,1,0,-18
mv U' code=0 aligned=1 homed=- ms=119.0 U=2123,3132,-15,2,0 R=1091,1090,-1,0,-1 F=674,674,0,3,-7 D=3501,3501,0,2,-2 L=1249,1250,1,0,-1 B=1233,1233,0,0,-19
mv U code=0 aligned=1 homed=- ms=119.0 U=3135,2118,7,1,-4 R=1091,1090,-1,0,-1 F=674,673,-1,3,-8 D=3501,3501,0,2,-2 L=1250,1250,0,0,-1 B=1233,1233,0,0,-19
mv U' code=0 aligned=1 homed=- ms=119.0 U=2123,3132,-15,2,0 R=1091,1090,-1,0,-1 F=674,673,-1,3,-8 D=3501,3501,0,2,-2 L=1250,1250,0,0,-1 B=1234,1234,0,0,-18
mv U code=0 aligned=1 homed=- ms=119.0 U=3134,2118,8,1,-4 R=1091,1090,-1,0,-1 F=674,673,-1,3,-8 D=3501,3501,0,2,-2 L=1249,1250,1,0,-1 B=1234,1233,-1,0,-19
mv U' code=0 aligned=1 homed=- ms=119.0 U=2123,3132,-15,2,0 R=1091,1091,0,0,0 F=674,673,-1,3,-8 D=3501,3501,0,2,-2 L=1249,1250,1,0,-1 B=1233,1233,0,0,-19
mv U code=0 aligned=1 homed=- ms=119.0 U=3135,2118,7,1,-4 R=1091,1090,-1,0,-1 F=674,673,-1,3,-8 D=3501,3501,0,2,-2 L=1250,1250,0,0,-1 B=1233,1233,0,0,-19
mv U' code=0 aligned=1 homed=- ms=119.0 U=2123,3132,-15,2,0 R=1091,1090,-1,0,-1 F=674,673,-1,3,-8 D=3501,3501,0,2,-2 L=1249,1250,1,0,-1 B=1233,1233,0,0,-19
mv U code=0 aligned=1 homed=- ms=119.0 U=3134,2119,9,1,-3 R=1091,1090,-1,0,-1 F=674,673,-1,3,-8 D=3501,3501,0,2,-2 L=1249,1250,1,0,-1 B=1233,1233,0,0,-19
mv U' code=0 aligned=1 homed=- ms=119.0 U=2123,3132,-15,2,0 R=1091,1090,-1,0,-1 F=674,674,0,3,-7 D=3501,3501,0,2,-2 L=1249,1250,1,0,-1 B=1234,1233,-1,0,-19
mv U code=0 aligned=1 homed=- ms=119.0 U=3134,2118,8,1,-4 R=1091,1090,-1,0,-1 F=674,673,-1,3,-8 D=3501,3501,0,2,-2 L=1249,1250,1,0,-1 B=1233,1233,0,0,-19
mv U' code=0 aligned=1 homed=- ms=119.0 U=2123,3132,-15,2,0 R=1091,1090,-1,0,-1 F=674,674,0,3,-7 D=3501,3501,0,2,-2 L=1249,1250,1,0,-1 B=1233,1233,0,0,-19
mv U code=0 aligned=1 homed=- ms=119.0 U=3134,2118,8,1,-4 R=1091,1090,-1,0,-1 F=674,673,-1,3,-8 D=3501,3501,0,2,-2 L=1249,1250,1,0,-1 B=1233,1234,1,0,-18
mv U' code=0 aligned=1 homed=- ms=119.0 U=2123,3132,-15,2,0 R=1091,1090,-1,0,-1 F=674,673,-1,3,-8 D=3501,3501,0,2,-2 L=1249,1250,1,0,-1 B=1233,1233,0,0,-19
mv U code=0 aligned=1 homed=- ms=119.0 U=3134,2119,9,1,-3 R=1091,1090,-1,0,-1 F=674,673,-1,3,-8 D=3501,3501,0,2,-2 L=1249,1250,1,0,-1 B=1233,1234,1,0,-18
mv U' code=0 aligned=1 homed=- ms=119.0 U=2123,3132,-15,2,0 R=1091,1090,-1,0,-1 F=674,673,-1,3,-8 D=3501,3501,0,2,-2 L=1249,1250,1,0,-1 B=1233,1233,0,0,-19
mv U code=0 aligned=1 homed=- ms=119.0 U=3134,2118,8,1,-4 R=1091,1090,-1,0,-1 F=674,673,-1,3,-8 D=3501,3501,0,2,-2 L=1250,1250,0,0,-1 B=1234,1233,-1,0,-19
mv U' code=0 aligned=1 homed=- ms=119.0 U=2123,3132,-15,2,0 R=1091,1090,-1,0,-1 F=674,673,-1,3,-8 D=3501,3501,0,2,-2 L=1249,1250,1,0,-1 B=1234,1233,-1,0,-19
mv U code=0 aligned=1 homed=- ms=119.0 U=3134,2119,9,1,-3 R=1091,1090,-1,0,-1 F=674,673,-1,3,-8 D=3501,3501,0,2,-2 L=1250,1250,0,0,-1 B=1233,1233,0,0,-19
mv U' code=0 aligned=1 homed=- ms=119.0 U=2123,3133,-14,2,1 R=1091,1090,-1,0,-1 F=674,673,-1,3,-8 D=3501,3501,0,2,-2 L=1250,1250,0,0,-1 B=1233,1234,1,0,-18
mv U code=0 aligned=1 homed=- ms=119.0 U=3134,2119,9,1,-3 R=1091,1090,-1,0,-1 F=674,674,0,3,-7 D=3501,3501,0,2,-2 L=1249,1250,1,0,-1 B=1233,1233,0,0,-19
mv U' code=0 aligned=1 homed=- ms=119.0 U=2123,3132,-15,2,0 R=1091,1091,0,0,0 F=674,673,-1,3,-8 D=3501,3501,0,2,-2 L=1250,1250,0,0,-1 B=1233,1233,0,0,-19
mv U code=0 aligned=1 homed=- ms=119.0 U=3134,2118,8,1,-4 R=1091,1090,-1,0,-1 F=674,673,-1,3,-8 D=3501,3501,0,2,-2 L=1249,1250,1,0,-1 B=1233,1233,0,0,-19
mv U' code=0 aligned=1 homed=- ms=119.0 U=2123,3132,-15,2,0 R=1091,1090,-1,0,-1 F=674,673,-1,3,-8 D=3501,3501,0,2,-2 L=1249,1250,1,0,-1 B=1233,1233,0,0,-19
mv U code=0 aligned=1 homed=- ms=119.0 U=3134,2118,8,1,-4 R=1091,1090,-1,0,-1 F=674,673,-1,3,-8 D=3501,3501,0,2,-2 L=1249,1250,1,0,-1 B=1233,1233,0,0,-19
mv U' code=0 aligned=1 homed=- ms=119.0 U=2123,3132,-15,2,0 R=1091,1090,-1,0,-1 F=674,674,0,3,-7 D=3501,3501,0,2,-2 L=1250,1250,0,0,-1 B=1233,1233,0,0,-19
mv U code=0 aligned=1 homed=- ms=119.0 U=3135,2118,7,1,-4 R=1091,1090,-1,0,-1 F=674,673,-1,3,-8 D=3501,3501,0,2,-2 L=1249,1250,1,0,-1 B=1233,1233,0,0,-19
mv U' code=0 aligned=1 homed=- ms=119.0 U=2123,3132,-15,2,0 R=1091,1090,-1,0,-1 F=674,673,-1,3,-8 D=3501,3501,0,2,-2 L=1250,1250,0,0,-1 B=1233,1233,0,0,-19
mv U code=0 aligned=1 homed=- ms=119.0 U=3135,2119,8,1,-3 R=1091,1090,-1,0,-1 F=674,674,0,3,-7 D=3501,3501,0,2,-2 L=1249,1250,1,0,-1 B=1233,1234,1,0,-18
mv U' code=0 aligned=1 homed=- ms=119.0 U=2123,3133,-14,2,1 R=1091,1090,-1,0,-1 F=674,673,-1,3,-8 D=3501,3501,0,2,-2 L=1250,1250,0,0,-1 B=1233,1233,0,0,-19
mv U code=0 aligned=1 homed=- ms=119.0 U=3134,2118,8,1,-4 R=1091,1090,-1,0,-1 F=674,673,-1,3,-8 D=3501,3501,0,2,-2 L=1249,1250,1,0,-1 B=1233,1233,0,0,-19
mv U' code=0 aligned=1 homed=- ms=119.0 U=2123,3132,-15,2,0 R=1091,1090,-1,0,-1 F=674,673,-1,3,-8 D=3501,3501,0,2,-2 L=1250,1250,0,0,-1 B=1233,1234,1,0,-18
mv U code=0 aligned=1 homed=- ms=119.0 U=3134,2119,9,1,-3 R=1091,1090,-1,0,-1 F=674,673,-1,3,-8 D=3501,3501,0,2,-2 L=1250,1250,0,0,-1 B=1233,1233,0,0,-19
mv U' code=0 aligned=1 homed=- ms=119.0 U=2123,3131,-16,2,-1 R=1091,1090,-1,0,-1 F=674,673,-1,3,-8 D=3501,3501,0,2,-2 L=1249,1250,1,0,-1 B=1233,1233,0,0,-19
mv U code=0 aligned=1 homed=- ms=119.0 U=3134,2118,8,1,-4 R=1091,1090,-1,0,-1 F=674,673,-1,3,-8 D=3501,3501,0,2,-2 L=1250,1250,0,0,-1 B=1233,1233,0,0,-19
mv U' code=0 aligned=1 homed=- ms=119.0 U=2123,3132,-15,2,0 R=1091,1090,-1,0,-1 F=674,673,-1,3,-8 D=3501,3501,0,2,-2 L=1250,1250,0,0,-1 B=1234,1233,-1,0,-19
mv U code=0 aligned=1 homed=- ms=119.0 U=3134,2119,9,1,-3 R=1091,1090,-1,0,-1 F=674,673,-1,3,-8 D=3501,3501,0,2,-2 L=1249,1250,1,0,-1 B=1234,1233,-1,0,-19
mv U' code=0 aligned=1 homed=- ms=119.0 U=2123,3132,-15,2,0 R=1091,1090,-1,0,-1 F=674,673,-1,3,-8 D=3501,3501,0,2,-2 L=1249,1250,1,0,-1 B=1233,1233,0,0,-19
mv U code=0 aligned=1 homed=- ms=119.0 U=3134,2119,9,1,-3 R=1091,1090,-1,0,-1 F=674,673,-1,3,-8 D=3501,3501,0,2,-2 L=1249,1250,1,0,-1 B=1233,1233,0,0,-19
mv U' code=0 aligned=1 homed=- ms=119.0 U=2123,3132,-15,2,0 R=1091,1090,-1,0,-1 F=674,674,0,3,-7 D=3501,3501,0,2,-2 L=1250,1250,0,0,-1 B=1233,1233,0,0,-19
mv U code=0 aligned=1 homed=- ms=119.0 U=3135,2118,7,1,-4 R=1091,1090,-1,0,-1 F=674,673,-1,3,-8 D=3501,3501,0,2,-2 L=1249,1250,1,0,-1 B=1233,1234,1,0,-18
mv U' code=0 aligned=1 homed=- ms=119.0 U=2122,3132,-14,2,0 R=1091,1090,-1,0,-1 F=674,674,0,3,-7 D=3501,3501,0,2,-2 L=1249,1250,1,0,-1 B=1233,1234,1,0,-18
mv U code=0 aligned=1 homed=- ms=119.0 U=3135,2118,7,1,-4 R=1091,1090,-1,0,-1 F=674,673,-1,3,-8 D=3501,3501,0,2,-2 L=1250,1250,0,0,-1 B=1233,1234,1,0,-18
mv U' code=0 aligned=1 homed=- ms=119.0 U=2123,3132,-15,2,0 R=1091,1090,-1,0,-1 F=674,673,-1,3,-8 D=3501,3501,0,2,-2 L=1249,1250,1,0,-1 B=1233,1233,0,0,-19
mv U code=0 aligned=1 homed=- ms=119.0 U=3134,2119,9,1,-3 R=1091,1091,0,0,0 F=674,674,0,3,-7 D=3501,3501,0,2,-2 L=1250,1250,0,0,-1 B=1233,1233,0,0,-19
mv U' code=0 aligned=1 homed=- ms=119.0 U=2123,3132,-15,2,0 R=1091,1090,-1,0,-1 F=674,673,-1,3,-8 D=3501,3501,0,2,-2 L=1249,1250,1,0,-1 B=1234,1233,-1,0,-19
mv U code=0 aligned=1 homed=- ms=119.0 U=3134,2118,8,1,-4 R=1091,1090,-1,0,-1 F=674,673,-1,3,-8 D=3501,3501,0,2,-2 L=1249,1250,1,0,-1 B=1233,1233,0,0,-19
mv U' code=0 aligned=1 homed=- ms=119.0 U=2123,3132,-15,2,0 R=1091,1090,-1,0,-1 F=674,674,0,3,-7 D=3501,3501,0,2,-2 L=1249,1250,1,0,-1 B=1234,1233,-1,0,-19
mv U code=0 aligned=1 homed=- ms=119.0 U=3135,2119,8,1,-3 R=1091,1090,-1,0,-1 F=674,673,-1,3,-8 D=3501,3501,0,2,-2 L=1250,1250,0,0,-1 B=1233,1233,0,0,-19
mv U' code=0 aligned=1 homed=- ms=119.0 U=2123,3132,-15,2,0 R=1091,1090,-1,0,-1 F=674,673,-1,3,-8 D=3501,3501,0,2,-2 L=1250,1250,0,0,-1 B=1233,1234,1,0,-18
mv U code=0 aligned=1 homed=- ms=119.0 U=3134,2118,8,1,-4 R=1091,1090,-1,0,-1 F=674,673,-1,3,-8 D=3501,3501,0,2,-2 L=1249,1250,1,0,-1 B=1233,1233,0,0,-19
mv U' code=0 aligned=1 homed=- ms=119.0 U=2123,3132,-15,2,0 R=1091,1090,-1,0,-1 F=674,673,-1,3,-8 D=3501,3501,0,2,-2 L=1249,1250,1,0,-1 B=1233,1233,0,0,-19
mv U code=0 aligned=1 homed=- ms=119.0 U=3135,2118,7,1,-4 R=1091,1090,-1,0,-1 F=674,673,-1,3,-8 D=3501,3501,0,2,-2 L=1250,1250,0,0,-1 B=1233,1233,0,0,-19
mv U' code=0 aligned=1 homed=- ms=119.0 U=2123,3132,-15,2,0 R=1091,1090,-1,0,-1 F=674,674,0,3,-7 D=3501,3501,0,2,-2 L=1250,1250,0,0,-1 B=1233,1234,1,0,-18
mv U code=0 aligned=1 homed=- ms=119.0 U=3135,2119,8,1,-3 R=1091,1090,-1,0,-1 F=674,674,0,3,-7 D=3501,3501,0,2,-2 L=1249,1250,1,0,-1 B=1233,1234,1,0,-18
mv U' code=0 aligned=1 homed=- ms=119.0 U=2123,3132,-15,2,0 R=1091,1090,-1,0,-1 F=674,673,-1,3,-8 D=3501,3501,0,2,-2 L=1249,1250,1,0,-1 B=1233,1233,0,0,-19
mv U code=0 aligned=1 homed=- ms=119.0 U=3135,2118,7,1,-4 R=1091,1090,-1,0,-1 F=674,673,-1,3,-8 D=3501,3501,0,2,-2 L=1249,1250,1,0,-1 B=1233,1233,0,0,-19
mv U' code=0 aligned=1 homed=- ms=119.0 U=2123,3132,-15,2,0 R=1091,1091,0,0,0 F=674,673,-1,3,-8 D=3501,3501,0,2,-2 L=1249,1250,1,0,-1 B=1233,1234,1,0,-18
mv U code=0 aligned=1 homed=- ms=119.0 U=3134,2119,9,1,-3 R=1091,1090,-1,0,-1 F=674,674,0,3,-7 D=3501,3501,0,2,-2 L=1249,1250,1,0,-1 B=1233,1233,0,0,-19
mv U' code=0 aligned=1 homed=- ms=119.0 U=2123,3132,-15,2,0 R=1091,1090,-1,0,-1 F=674,674,0,3,-7 D=3501,3501,0,2,-2 L=1249,1250,1,0,-1 B=1233,1233,0,0,-19
mv U code=0 aligned=1 homed=- ms=119.0 U=3134,2119,9,1,-3 R=1091,1090,-1,0,-1 F=674,673,-1,3,-8 D=3501,3501,0,2,-2 L=1249,1250,1,0,-1 B=1233,1233,0,0,-19
mv U' code=0 aligned=1 homed=- ms=119.0 U=2123,3131,-16,2,-1 R=1091,1090,-1,0,-1 F=674,674,0,3,-7 D=3501,3501,0,2,-2 L=1249,1250,1,0,-1 B=1233,1233,0,0,-19
mv U code=0 aligned=1 homed=- ms=119.0 U=3135,2119,8,1,-3 R=1091,1090,-1,0,-1 F=674,673,-1,3,-8 D=3501,3501,0,2,-2 L=1250,1250,0,0,-1 B=1233,1233,0,0,-19
mv U' code=0 aligned=1 homed=- ms=119.0 U=2123,3132,-15,2,0 R=1091,1090,-1,0,-1 F=674,673,-1,3,-8 D=3501,3501,0,2,-2 L=1249,1250,1,0,-1 B=1233,1233,0,0,-19
mv U code=0 aligned=1 homed=- ms=119.0 U=3134,2118,8,1,-4 R=1091,1090,-1,0,-1 F=674,673,-1,3,-8 D=3501,3501,0,2,-2 L=1249,1250,1,0,-1 B=1233,1233,0,0,-19
mv U' code=0 aligned=1 homed=- ms=119.0 U=2123,3132,-15,2,0 R=1091,1091,0,0,0 F=674,673,-1,3,-8 D=3501,3501,0,2,-2 L=1249,1250,1,0,-1 B=1233,1233,0,0,-19
mv U code=0 aligned=1 homed=- ms=119.0 U=3134,2119,9,1,-3 R=1091,1090,-1,0,-1 F=674,673,-1,3,-8 D=3501,3501,0,2,-2 L=1249,1250,1,0,-1 B=1234,1233,-1,0,-19
mv U' code=0 aligned=1 homed=- ms=119.0 U=2123,3132,-15,2,0 R=1091,1090,-1,0,-1 F=674,673,-1,3,-8 D=3501,3501,0,2,-2 L=1249,1250,1,0,-1 B=1234,1233,-1,0,-19
mv U code=0 aligned=1 homed=- ms=119.0 U=3135,2118,7,1,-4 R=1091,1090,-1,0,-1 F=674,673,-1,3,-8 D=3501,3501,0,2,-2 L=1249,1250,1,0,-1 B=1233,1233,0,0,-19
mv U' code=0 aligned=1 homed=- ms=119.0 U=2123,3133,-14,2,1 R=1091,1090,-1,0,-1 F=674,674,0,3,-7 D=3501,3501,0,2,-2 L=1250,1250,0,0,-1 B=1233,1234,1,0,-18
mv U code=0 aligned=1 homed=- ms=119.0 U=3134,2119,9,1,-3 R=1091,1090,-1,0,-1 F=674,673,-1,3,-8 D=3501,3501,0,2,-2 L=1249,1250,1,0,-1 B=1233,1233,0,0,-19
mv U' code=0 aligned=1 homed=- ms=119.0 U=2123,3131,-16,2,-1 R=1091,1090,-1,0,-1 F=674,673,-1,3,-8 D=3501,3501,0,2,-2 L=1249,1250,1,0,-1 B=1234,1234,0,0,-18
mv U code=0 aligned=1 homed=- ms=119.0 U=3134,2119,9,1,-3 R=1091,1090,-1,0,-1 F=674,674,0,3,-7 D=3501,3501,0,2,-2 L=1250,1250,0,0,-1 B=1233,1233,0,0,-19
mv U' code=0 aligned=1 homed=- ms=119.0 U=2122,3132,-14,2,0 R=1091,1090,-1,0,-1 F=674,674,0,3,-7 D=3501,3501,0,2,-2 L=1250,1250,0,0,-1 B=1233,1233,0,0,-19
mv U code=0 aligned=1 homed=- ms=119.0 U=3134,2119,9,1,-3 R=1091,1091,0,0,0 F=674,673,-1,3,-8 D=3501,3501,0,2,-2 L=1250,1250,0,0,-1 B=1233,1233,0,0,-19
mv U' code=0 aligned=1 homed=- ms=119.0 U=2123,3132,-15,2,0 R=1091,1090,-1,0,-1 F=674,673,-1,3,-8 D=3501,3501,0,2,-2 L=1249,1250,1,0,-1 B=1233,1233,0,0,-19
mv U code=0 aligned=1 homed=- ms=119.0 U=3134,2119,9,1,-3 R=1091,1090,-1,0,-1 F=674,673,-1,3,-8 D=3501,3501,0,2,-2 L=1249,1250,1,0,-1 B=1233,1233,0,0,-19
mv U' code=0 aligned=1 homed=- ms=119.0 U=2123,3132,-15,2,0 R=1091,1090,-1,0,-1 F=674,673,-1,3,-8 D=3501,3501,0,2,-2 L=1249,1250,1,0,-1 B=1233,1233,0,0,-19
mv U code=0 aligned=1 homed=- ms=119.0 U=3134,2118,8,1,-4 R=1091,1090,-1,0,-1 F=674,673,-1,3,-8 D=3501,3501,0,2,-2 L=1249,1250,1,0,-1 B=1233,1233,0,0,-19
mv U' code=0 aligned=1 homed=- ms=119.0 U=2123,3132,-15,2,0 R=1091,1090,-1,0,-1 F=674,674,0,3,-7 D=3501,3501,0,2,-2 L=1250,1250,0,0,-1 B=1233,1234,1,0,-18
mv U code=0 aligned=1 homed=- ms=119.0 U=3134,2118,8,1,-4 R=1091,1090,-1,0,-1 F=674,673,-1,3,-8 D=3501,3501,0,2,-2 L=1249,1250,1,0,-1 B=1233,1233,0,0,-19
mv U' code=0 aligned=1 homed=- ms=119.0 U=2123,3132,-15,2,0 R=1091,1090,-1,0,-1 F=674,673,-1,3,-8 D=3501,3501,0,2,-2 L=1250,1250,0,0,-1 B=1233,1233,0,0,-19
mv U code=0 aligned=1 homed=- ms=119.0 U=3134,2119,9,1,-3 R=1091,1090,-1,0,-1 F=674,673,-1,3,-8 D=3501,3501,0,2,-2 L=1250,1250,0,0,-1 B=1233,1233,0,0,-19
mv U' code=0 aligned=1 homed=- ms=119.0 U=2123,3132,-15,2,0 R=1091,1090,-1,0,-1 F=674,673,-1,3,-8 D=3501,3501,0,2,-2 L=1249,1250,1,0,-1 B=1233,1234,1,0,-18
mv U code=0 aligned=1 homed=- ms=119.0 U=3135,2118,7,1,-4 R=1091,1090,-1,0,-1 F=674,673,-1,3,-8 D=3501,3501,0,2,-2 L=1249,1250,1,0,-1 B=1233,1233,0,0,-19
mv U' code=0 aligned=1 homed=- ms=119.0 U=2123,3131,-16,2,-1 R=1091,1090,-1,0,-1 F=674,673,-1,3,-8 D=3501,3501,0,2,-2 L=1250,1250,0,0,-1 B=1233,1233,0,0,-19
mv U code=0 aligned=1 homed=- ms=119.0 U=3134,2119,9,1,-3 R=1091,1090,-1,0,-1 F=674,673,-1,3,-8 D=3501,3501,0,2,-2 L=1249,1250,1,0,-1 B=1233,1233,0,0,-19
mv U' code=0 aligned=1 homed=- ms=119.0 U=2123,3133,-14,2,1 R=1091,1090,-1,0,-1 F=674,673,-1,3,-8 D=3501,3501,0,2,-2 L=1250,1250,0,0,-1 B=1234,1233,-1,0,-19
mv U code=0 aligned=1 homed=- ms=119.0 U=3134,2118,8,1,-4 R=1091,1090,-1,0,-1 F=674,673,-1,3,-8 D=3501,3501,0,2,-2 L=1250,1250,0,0,-1 B=1233,1233,0,0,-19
mv U' code=0 aligned=1 homed=- ms=119.0 U=2123,3132,-15,2,0 R=1091,1090,-1,0,-1 F=674,673,-1,3,-8 D=3501,3501,0,2,-2 L=1249,1250,1,0,-1 B=1233,1233,0,0,-19
mv U code=0 aligned=1 homed=- ms=119.0 U=3134,2119,9,1,-3 R=1091,1091,0,0,0 F=674,673,-1,3,-8 D=3501,3501,0,2,-2 L=1249,1250,1,0,-1 B=1234,1233,-1,0,-19
mv U' code=0 aligned=1 homed=- ms=119.0 U=2122,3132,-14,2,0 R=1091,1090,-1,0,-1 F=674,673,-1,3,-8 D=3501,3501,0,2,-2 L=1250,1250,0,0,-1 B=1233,1233,0,0,-19
mv U code=0 aligned=1 homed=- ms=119.0 U=3134,2118,8,1,-4 R=1091,1090,-1,0,-1 F=674,673,-1,3,-8 D=3501,3501,0,2,-2 L=1249,1250,1,0,-1 B=1233,1233,0,0,-19
mv U' code=0 aligned=1 homed=- ms=119.0 U=2123,3132,-15,2,0 R=1091,1090,-1,0,-1 F=674,674,0,3,-7 D=3501,3501,0,2,-2 L=1249,1250,1,0,-1 B=1233,1233,0,0,-19
mv U code=0 aligned=1 homed=- ms=119.0 U=3134,2118,8,1,-4 R=1091,1090,-1,0,-1 F=674,673,-1,3,-8 D=3501,3501,0,2,-2 L=1249,1250,1,0,-1 B=1233,1233,0,0,-19
mv U' code=0 aligned=1 homed=- ms=119.0 U=2123,3131,-16,2,-1 R=1091,1090,-1,0,-1 F=674,673,-1,3,-8 D=3501,3501,0,2,-2 L=1250,1250,0,0,-1 B=1233,1233,0,0,-19
mv U code=0 aligned=1 homed=- ms=119.0 U=3134,2119,9,1,-3 R=1091,1090,-1,0,-1 F=674,673,-1,3,-8 D=3501,3501,0,2,-2 L=1250,1250,0,0,-1 B=1234,1233,-1,0,-19
mv U' code=0 aligned=1 homed=- ms=119.0 U=2123,3132,-15,2,0 R=1091,1090,-1,0,-1 F=674,674,0,3,-7 D=3501,3501,0,2,-2 L=1250,1250,0,0,-1 B=1233,1233,0,0,-19
rep moves=200 notaligned=0 homings=0 failures=0 avgms=119.0
res U=200,-3.5,12.0,16 R=- F=- D=- L=- B=-
ok
> home
[align] motor 0 err=2 counts (0.2 steps)
[align] motor 1 err=0 counts (0.0 steps)
[align] motor 2 err=-7 counts (-0.7 steps)
[align] motor 3 err=-1 counts (-0.1 steps)
[align] motor 4 err=-3 counts (-0.3 steps)
[align] motor 5 err=-19 counts (-1.9 steps)
home code=0 ms=6 en=0
enc U=3132 R=1090 F=674 D=3501 L=1250 B=1233 RING=2768
near U=2:0 R=0:-1 F=3:-7 D=2:-2 L=0:-1 B=0:-19
ok
> enc
enc U=3134 R=1091 F=674 D=3501 L=1249 B=1233 RING=2768
near U=2:2 R=0:0 F=3:-7 D=2:-2 L=0:-2 B=0:-19
ok
> rep 50 U U U U
mv U code=0 aligned=1 homed=- ms=119.0 U=3134,2118,8,1,-4 R=1091,1090,-1,0,-1 F=674,673,-1,3,-8 D=3501,3501,0,2,-2 L=1249,1250,1,0,-1 B=1233,1233,0,0,-19
mv U code=0 aligned=1 homed=- ms=119.0 U=2123,1098,-1,0,-4 R=1091,1090,-1,0,-1 F=674,673,-1,3,-8 D=3501,3501,0,2,-2 L=1250,1250,0,0,-1 B=1233,1233,0,0,-19
mv U code=0 aligned=1 homed=- ms=119.0 U=1102,60,-18,3,-4 R=1091,1090,-1,0,-1 F=674,673,-1,3,-8 D=3501,3501,0,2,-2 L=1249,1250,1,0,-1 B=1233,1233,0,0,-19
mv U code=0 aligned=1 homed=- ms=119.0 U=64,3131,-5,2,-1 R=1091,1090,-1,0,-1 F=674,673,-1,3,-8 D=3501,3501,0,2,-2 L=1250,1250,0,0,-1 B=1233,1233,0,0,-19
mv U code=0 aligned=1 homed=- ms=119.0 U=3135,2118,7,1,-4 R=1091,1090,-1,0,-1 F=674,674,0,3,-7 D=3501,3501,0,2,-2 L=1249,1250,1,0,-1 B=1233,1233,0,0,-19
mv U code=0 aligned=1 homed=- ms=119.0 U=2123,1099,0,0,-3 R=1091,1091,0,0,0 F=674,673,-1,3,-8 D=3501,3501,0,2,-2 L=1250,1250,0,0,-1 B=1233,1233,0,0,-19
mv U code=0 aligned=1 homed=- ms=119.0 U=1102,60,-18,3,-4 R=1091,1090,-1,0,-1 F=674,674,0,3,-7 D=3501,3501,0,2,-2 L=1249,1250,1,0,-1 B=1233,1233,0,0,-19
mv U code=0 aligned=1 homed=- ms=119.0 U=64,3131,-5,2,-1 R=1091,1090,-1,0,-1 F=674,674,0,3,-7 D=3501,3501,0,2,-2 L=1250,1250,0,0,-1 B=1233,1233,0,0,-19
mv U code=0 aligned=1 homed=- ms=119.0 U=3135,2119,8,1,-3 R=1091,1091,0,0,0 F=674,673,-1,3,-8 D=3501,3501,0,2,-2 L=1249,1250,1,0,-1 B=1233,1233,0,0,-19
mv U code=0 aligned=1 homed=- ms=119.0 U=2123,1099,0,0,-3 R=1091,1090,-1,0,-1 F=674,673,-1,3,-8 D=3501,3501,0,2,-2 L=1250,1250,0,0,-1 B=1233,1233,0,0,-19
mv U code=0 aligned=1 homed=- ms=119.0 U=1103,61,-18,3,-3 R=1091,1091,0,0,0 F=674,673,-1,3,-8 D=3501,3501,0,2,-2 L=1249,1250,1,0,-1 B=1233,1233,0,0,-19
mv U code=0 aligned=1 homed=- ms=119.0 U=65,3131,-6,2,-1 R=1091,1090,-1,0,-1 F=674,673,-1,3,-8 D=3501,3501,0,2,-2 L=1249,1250,1,0,-1 B=1233,1233,0,0,-19
mv U code=0 aligned=1 homed=- ms=119.0 U=3135,2118,7,1,-4 R=1091,1091,0,0,0 F=674,673,-1,3,-8 D=3501,3501,0,2,-2 L=1250,1250,0,0,-1 B=1233,1233,0,0,-19
mv U code=0 aligned=1 homed=- ms=119.0 U=2123,1098,-1,0,-4 R=1091,1090,-1,0,-1 F=674,673,-1,3,-8 D=3501,3501,0,2,-2 L=1249,1250,1,0,-1 B=1233,1233,0,0,-19
mv U code=0 aligned=1 homed=- ms=119.0 U=1103,60,-19,3,-4 R=1091,1090,-1,0,-1 F=674,673,-1,3,-8 D=3501,3501,0,2,-2 L=1249,1250,1,0,-1 B=1233,1233,0,0,-19
mv U code=0 aligned=1 homed=- ms=119.0 U=65,3131,-6,2,-1 R=1091,1090,-1,0,-1 F=674,673,-1,3,-8 D=3501,3501,0,2,-2 L=1249,1250,1,0,-1 B=1233,1233,0,0,-19
mv U code=0 aligned=1 homed=- ms=119.0 U=3135,2119,8,1,-3 R=1091,1090,-1,0,-1 F=674,673,-1,3,-8 D=3501,3501,0,2,-2 L=1249,1250,1,0,-1 B=1233,1233,0,0,-19
mv U code=0 aligned=1 homed=- ms=119.0 U=2122,1099,1,0,-3 R=1091,1090,-1,0,-1 F=674,674,0,3,-7 D=3501,3501,0,2,-2 L=1249,1250,1,0,-1 B=1233,1234,1,0,-18
mv U code=0 aligned=1 homed=- ms=119.0 U=1103,60,-19,3,-4 R=1091,1091,0,0,0 F=674,673,-1,3,-8 D=3501,3501,0,2,-2 L=1249,1250,1,0,-1 B=1233,1233,0,0,-19
mv U code=0 aligned=1 homed=- ms=119.0 U=64,3131,-5,2,-1 R=1091,1090,-1,0,-1 F=674,673,-1,3,-8 D=3501,3501,0,2,-2 L=1249,1250,1,0,-1 B=1233,1234,1,0,-18
mv U code=0 aligned=1 homed=- ms=119.0 U=3135,2119,8,1,-3 R=1091,1090,-1,0,-1 F=674,674,0,3,-7 D=3501,3501,0,2,-2 L=1249,1249,0,0,-2 B=1233,1233,0,0,-19
mv U code=0 aligned=1 homed=- ms=119.0 U=2123,1099,0,0,-3 R=1091,1090,-1,0,-1 F=674,673,-1,3,-8 D=3501,3501,0,2,-2 L=1249,1250,1,0,-1 B=1233,1233,0,0,-19
mv U code=0 aligned=1 homed=- ms=119.0 U=1103,60,-19,3,-4 R=1091,1091,0,0,0 F=674,674,0,3,-7 D=3501,3501,0,2,-2 L=1250,1250,0,0,-1 B=1233,1233,0,0,-19
mv U code=0 aligned=1 homed=- ms=119.0 U=65,3131,-6,2,-1 R=1091,1090,-1,0,-1 F=674,674,0,3,-7 D=3501,3501,0,2,-2 L=1249,1250,1,0,-1 B=1233,1233,0,0,-19
mv U code=0 aligned=1 homed=- ms=119.0 U=3135,2119,8,1,-3 R=1091,1090,-1,0,-1 F=674,673,-1,3,-8 D=3501,3501,0,2,-2 L=1249,1250,1,0,-1 B=1234,1233,-1,0,-19
mv U code=0 aligned=1 homed=- ms=119.0 U=2123,1098,-1,0,-4 R=1091,1090,-1,0,-1 F=674,673,-1,3,-8 D=3501,3501,0,2,-2 L=1249,1250,1,0,-1 B=1233,1233,0,0,-19
mv U code=0 aligned=1 homed=- ms=119.0 U=1102,60,-18,3,-4 R=1091,1090,-1,0,-1 F=674,674,0,3,-7 D=3501,3501,0,2,-2 L=1250,1250,0,0,-1 B=1233,1233,0,0,-19
mv U code=0 aligned=1 homed=- ms=119.0 U=64,3131,-5,2,-1 R=1091,1090,-1,0,-1 F=674,673,-1,3,-8 D=3501,3501,0,2,-2 L=1250,1250,0,0,-1 B=1233,1233,0,0,-19
mv U code=0 aligned=1 homed=- ms=119.0 U=3135,2119,8,1,-3 R=1091,1090,-1,0,-1 F=674,673,-1,3,-8 D=3501,3501,0,2,-2 L=1249,1250,1,0,-1 B=1233,1233,0,0,-19
mv U code=0 aligned=1 homed=- ms=119.0 U=2123,1099,0,0,-3 R=1091,1091,0,0,0 F=674,673,-1,3,-8 D=3501,3501,0,2,-2 L=1249,1250,1,0,-1 B=1233,1233,0,0,-19
mv U code=0 aligned=1 homed=- ms=119.0 U=1102,60,-18,3,-4 R=1091,1090,-1,0,-1 F=674,673,-1,3,-8 D=3501,3501,0,2,-2 L=1250,1250,0,0,-1 B=1234,1233,-1,0,-19
mv U code=0 aligned=1 homed=- ms=119.0 U=65,3130,-7,2,-2 R=1091,1090,-1,0,-1 F=674,673,-1,3,-8 D=3501,3501,0,2,-2 L=1249,1250,1,0,-1 B=1233,1233,0,0,-19
mv U code=0 aligned=1 homed=- ms=119.0 U=3135,2118,7,1,-4 R=1091,1090,-1,0,-1 F=674,673,-1,3,-8 D=3501,3501,0,2,-2 L=1249,1250,1,0,-1 B=1234,1233,-1,0,-19
mv U code=0 aligned=1 homed=- ms=119.0 U=2123,1099,0,0,-3 R=1091,1090,-1,0,-1 F=674,673,-1,3,-8 D=3501,3501,0,2,-2 L=1249,1250,1,0,-1 B=1233,1233,0,0,-19
mv U code=0 aligned=1 homed=- ms=119.0 U=1103,60,-19,3,-4 R=1091,1090,-1,0,-1 F=674,674,0,3,-7 D=3501,3501,0,2,-2 L=1249,1250,1,0,-1 B=1233,1233,0,0,-19
mv U code=0 aligned=1 homed=- ms=119.0 U=65,3131,-6,2,-1 R=1091,1090,-1,0,-1 F=674,673,-1,3,-8 D=3501,3501,0,2,-2 L=1250,1250,0,0,-1 B=1233,1233,0,0,-19
mv U code=0 aligned=1 homed=- ms=119.0 U=3135,2119,8,1,-3 R=1091,1090,-1,0,-1 F=674,674,0,3,-7 D=3501,3501,0,2,-2 L=1249,1250,1,0,-1 B=1233,1234,1,0,-18
mv U code=0 aligned=1 homed=- ms=119.0 U=2123,1099,0,0,-3 R=1091,1090,-1,0,-1 F=674,673,-1,3,-8 D=3501,3501,0,2,-2 L=1249,1250,1,0,-1 B=1233,1233,0,0,-19
mv U code=0 aligned=1 homed=- ms=119.0 U=1102,60,-18,3,-4 R=1091,1090,-1,0,-1 F=674,674,0,3,-7 D=3501,3501,0,2,-2 L=1249,1250,1,0,-1 B=1233,1234,1,0,-18
mv U code=0 aligned=1 homed=- ms=119.0 U=65,3132,-5,2,0 R=1091,1090,-1,0,-1 F=674,673,-1,3,-8 D=3501,3501,0,2,-2 L=1249,1250,1,0,-1 B=1233,1233,0,0,-19
mv U code=0 aligned=1 homed=- ms=119.0 U=3135,2119,8,1,-3 R=1091,1090,-1,0,-1 F=674,674,0,3,-7 D=3501,3501,0,2,-2 L=1249,1250,1,0,-1 B=1233,1233,0,0,-19
mv U code=0 aligned=1 homed=- ms=119.0 U=2123,1099,0,0,-3 R=1091,1091,0,0,0 F=674,674,0,3,-7 D=3501,3501,0,2,-2 L=1250,1250,0,0,-1 B=1234,1233,-1,0,-19
mv U code=0 aligned=1 homed=- ms=119.0 U=1103,60,-19,3,-4 R=1091,1091,0,0,0 F=674,673,-1,3,-8 D=3501,3501,0,2,-2 L=1249,1250,1,0,-1 B=1233,1233,0,0,-19
mv U code=0 aligned=1 homed=- ms=119.0 U=64,3130,-6,2,-2 R=1091,1090,-1,0,-1 F=674,673,-1,3,-8 D=3501,3501,0,2,-2 L=1249,1250,1,0,-1 B=1233,1233,0,0,-19
mv U code=0 aligned=1 homed=- ms=119.0 U=3135,2119,8,1,-3 R=1091,1090,-1,0,-1 F=674,673,-1,3,-8 D=3501,3501,0,2,-2 L=1249,1250,1,0,-1 B=1233,1233,0,0,-19
mv U code=0 aligned=1 homed=- ms=119.0 U=2123,1098,-1,0,-4 R=1091,1090,-1,0,-1 F=674,673,-1,3,-8 D=3501,3501,0,2,-2 L=1250,1250,0,0,-1 B=1233,1233,0,0,-19
mv U code=0 aligned=1 homed=- ms=119.0 U=1103,60,-19,3,-4 R=1091,1090,-1,0,-1 F=674,673,-1,3,-8 D=3501,3501,0,2,-2 L=1250,1250,0,0,-1 B=1233,1233,0,0,-19
mv U code=0 aligned=1 homed=- ms=119.0 U=64,3131,-5,2,-1 R=1091,1090,-1,0,-1 F=674,673,-1,3,-8 D=3501,3501,0,2,-2 L=1249,1250,1,0,-1 B=1233,1233,0,0,-19
mv U code=0 aligned=1 homed=- ms=119.0 U=3136,2119,7,1,-3 R=1091,1091,0,0,0 F=674,674,0,3,-7 D=3501,3501,0,2,-2 L=1250,1250,0,0,-1 B=1233,1233,0,0,-19
mv U code=0 aligned=1 homed=- ms=119.0 U=2123,1098,-1,0,-4 R=1091,1090,-1,0,-1 F=674,673,-1,3,-8 D=3501,3501,0,2,-2 L=1250,1250,0,0,-1 B=1233,1233,0,0,-19
mv U code=0 aligned=1 homed=- ms=119.0 U=1103,60,-19,3,-4 R=1091,1090,-1,0,-1 F=674,673,-1,3,-8 D=3501,3501,0,2,-2 L=1249,1249,0,0,-2 B=1233,1233,0,0,-19
mv U code=0 aligned=1 homed=- ms=119.0 U=65,3131,-6,2,-1 R=1091,1090,-1,0,-1 F=674,673,-1,3,-8 D=3501,3501,0,2,-2 L=1249,1250,1,0,-1 B=1233,1233,0,0,-19
mv U code=0 aligned=1 homed=- ms=119.0 U=3135,2119,8,1,-3 R=1091,1090,-1,0,-1 F=674,673,-1,3,-8 D=3501,3501,0,2,-2 L=1249,1250,1,0,-1 B=1233,1233,0,0,-19
mv U code=0 aligned=1 homed=- ms=119.0 U=2123,1099,0,0,-3 R=1091,1090,-1,0,-1 F=674,673,-1,3,-8 D=3501,3501,0,2,-2 L=1250,1250,0,0,-1 B=1233,1233,0,0,-19
mv U code=0 aligned=1 homed=- ms=119.0 U=1102,61,-17,3,-3 R=1091,1090,-1,0,-1 F=674,673,-1,3,-8 D=3501,3501,0,2,-2 L=1249,1250,1,0,-1 B=1233,1233,0,0,-19
mv U code=0 aligned=1 homed=- ms=119.0 U=64,3132,-4,2,0 R=1091,1090,-1,0,-1 F=674,674,0,3,-7 D=3501,3501,0,2,-2 L=1249,1250,1,0,-1 B=1233,1233,0,0,-19
mv U code=0 aligned=1 homed=- ms=119.0 U=3135,2119,8,1,-3 R=1091,1090,-1,0,-1 F=674,673,-1,3,-8 D=3501,3501,0,2,-2 L=1249,1250,1,0,-1 B=1233,1234,1,0,-18
mv U code=0 aligned=1 homed=- ms=119.0 U=2123,1098,-1,0,-4 R=1091,1090,-1,0,-1 F=674,673,-1,3,-8 D=3501,3501,0,2,-2 L=1249,1250,1,0,-1 B=1233,1233,0,0,-19
mv U code=0 aligned=1 homed=- ms=119.0 U=1103,60,-19,3,-4 R=1091,1090,-1,0,-1 F=674,673,-1,3,-8 D=3501,3501,0,2,-2 L=1249,1250,1,0,-1 B=1233,1233,0,0,-19
mv U code=0 aligned=1 homed=- ms=119.0 U=65,3131,-6,2,-1 R=1091,1090,-1,0,-1 F=674,673,-1,3,-8 D=3501,3501,0,2,-2 L=1249,1250,1,0,-1 B=1233,1233,0,0,-19
mv U code=0 aligned=1 homed=- ms=119.0 U=3135,2119,8,1,-3 R=1091,1090,-1,0,-1 F=674,673,-1,3,-8 D=3501,3501,0,2,-2 L=1249,1250,1,0,-1 B=1233,1234,1,0,-18
mv U code=0 aligned=1 homed=- ms=119.0 U=2123,1099,0,0,-3 R=1091,1090,-1,0,-1 F=674,673,-1,3,-8 D=3502,3501,-1,2,-2 L=1249,1250,1,0,-1 B=1233,1233,0,0,-19
mv U code=0 aligned=1 homed=- ms=119.0 U=1103,60,-19,3,-4 R=1091,1090,-1,0,-1 F=674,673,-1,3,-8 D=3501,3501,0,2,-2 L=1250,1250,0,0,-1 B=1234,1233,-1,0,-19
mv U code=0 aligned=1 homed=- ms=119.0 U=65,3131,-6,2,-1 R=1091,1090,-1,0,-1 F=674,673,-1,3,-8 D=3501,3501,0,2,-2 L=1249,1250,1,0,-1 B=1234,1233,-1,0,-19
mv U code=0 aligned=1 homed=- ms=119.0 U=3135,2119,8,1,-3 R=1091,1091,0,0,0 F=674,673,-1,3,-8 D=3501,3501,0,2,-2 L=1249,1249,0,0,-2 B=1234,1233,-1,0,-19
mv U code=0 aligned=1 homed=- ms=119.0 U=2123,1099,0,0,-3 R=1091,1090,-1,0,-1 F=674,673,-1,3,-8 D=3501,3501,0,2,-2 L=1249,1250,1,0,-1 B=1233,1233,0,0,-19
mv U code=0 aligned=1 homed=- ms=119.0 U=1103,60,-19,3,-4 R=1091,1090,-1,0,-1 F=674,673,-1,3,-8 D=3501,3501,0,2,-2 L=1250,1250,0,0,-1 B=1234,1233,-1,0,-19
mv U code=0 aligned=1 homed=- ms=119.0 U=65,3131,-6,2,-1 R=1091,1090,-1,0,-1 F=674,673,-1,3,-8 D=3501,3501,0,2,-2 L=1249,1250,1,0,-1 B=1233,1233,0,0,-19
mv U code=0 aligned=1 homed=- ms=119.0 U=3136,2119,7,1,-3 R=1091,1090,-1,0,-1 F=674,674,0,3,-7 D=3501,3501,0,2,-2 L=1249,1250,1,0,-1 B=1234,1233,-1,0,-19
mv U code=0 aligned=1 homed=- ms=119.0 U=2123,1098,-1,0,-4 R=1091,1090,-1,0,-1 F=674,673,-1,3,-8 D=3501,3501,0,2,-2 L=1249,1250,1,0,-1 B=1233,1233,0,0,-19
mv U code=0 aligned=1 homed=- ms=119.0 U=1102,60,-18,3,-4 R=1091,1090,-1,0,-1 F=674,673,-1,3,-8 D=3501,3501,0,2,-2 L=1250,1250,0,0,-1 B=1233,1234,1,0,-18
mv U code=0 aligned=1 homed=- ms=119.0 U=64,3131,-5,2,-1 R=1091,1091,0,0,0 F=674,673,-1,3,-8 D=3501,3501,0,2,-2 L=1250,1250,0,0,-1 B=1233,1233,0,0,-19
mv U code=0 aligned=1 homed=- ms=119.0 U=3135,2119,8,1,-3 R=1091,1090,-1,0,-1 F=674,673,-1,3,-8 D=3501,3501,0,2,-2 L=1250,1250,0,0,-1 B=1233,1233,0,0,-19
mv U code=0 aligned=1 homed=- ms=119.0 U=2123,1099,0,0,-3 R=1091,1090,-1,0,-1 F=674,673,-1,3,-8 D=3501,3501,0,2,-2 L=1249,1250,1,0,-1 B=1233,1233,0,0,-19
mv U code=0 aligned=1 homed=- ms=119.0 U=1103,60,-19,3,-4 R=1091,1090,-1,0,-1 F=674,673,-1,3,-8 D=3501,3501,0,2,-2 L=1249,1250,1,0,-1 B=1233,1233,0,0,-19
mv U code=0 aligned=1 homed=- ms=119.0 U=64,3132,-4,2,0 R=1091,1090,-1,0,-1 F=674,673,-1,3,-8 D=3501,3501,0,2,-2 L=1249,1250,1,0,-1 B=1233,1233,0,0,-19
mv U code=0 aligned=1 homed=- ms=119.0 U=3135,2119,8,1,-3 R=1091,1091,0,0,0 F=674,673,-1,3,-8 D=3501,3501,0,2,-2 L=1250,1250,0,0,-1 B=1233,1233,0,0,-19
mv U code=0 aligned=1 homed=- ms=119.0 U=2123,1099,0,0,-3 R=1091,1090,-1,0,-1 F=674,673,-1,3,-8 D=3501,3501,0,2,-2 L=1249,1250,1,0,-1 B=1233,1233,0,0,-19
mv U code=0 aligned=1 homed=- ms=119.0 U=1103,60,-19,3,-4 R=1091,1090,-1,0,-1 F=674,673,-1,3,-8 D=3501,3501,0,2,-2 L=1250,1250,0,0,-1 B=1233,1234,1,0,-18
mv U code=0 aligned=1 homed=- ms=119.0 U=65,3131,-6,2,-1 R=1091,1091,0,0,0 F=674,673,-1,3,-8 D=3501,3501,0,2,-2 L=1249,1250,1,0,-1 B=1233,1233,0,0,-19
mv U code=0 aligned=1 homed=- ms=119.0 U=3135,2119,8,1,-3 R=1091,1090,-1,0,-1 F=674,673,-1,3,-8 D=3501,3501,0,2,-2 L=1250,1250,0,0,-1 B=1234,1233,-1,0,-19
mv U code=0 aligned=1 homed=- ms=119.0 U=2123,1098,-1,0,-4 R=1091,1090,-1,0,-1 F=674,673,-1,3,-8 D=3501,3501,0,2,-2 L=1249,1250,1,0,-1 B=1233,1233,0,0,-19
mv U code=0 aligned=1 homed=- ms=119.0 U=1103,60,-19,3,-4 R=1091,1091,0,0,0 F=674,673,-1,3,-8 D=3501,3501,0,2,-2 L=1250,1250,0,0,-1 B=1233,1233,0,0,-19
mv U code=0 aligned=1 homed=- ms=119.0 U=65,3131,-6,2,-1 R=1091,1090,-1,0,-1 F=674,673,-1,3,-8 D=3501,3501,0,2,-2 L=1250,1250,0,0,-1 B=1234,1233,-1,0,-19
mv U code=0 aligned=1 homed=- ms=119.0 U=3136,2118,6,1,-4 R=1091,1091,0,0,0 F=674,673,-1,3,-8 D=3501,3501,0,2,-2 L=1249,1250,1,0,-1 B=1233,1233,0,0,-19
mv U code=0 aligned=1 homed=- ms=119.0 U=2123,1099,0,0,-3 R=1091,1090,-1,0,-1 F=674,673,-1,3,-8 D=3501,3501,0,2,-2 L=1249,1250,1,0,-1 B=1233,1233,0,0,-19
mv U code=0 aligned=1 homed=- ms=119.0 U=1103,60,-19,3,-4 R=1091,1090,-1,0,-1 F=674,673,-1,3,-8 D=3501,3501,0,2,-2 L=1250,1250,0,0,-1 B=1234,1233,-1,0,-19
mv U code=0 aligned=1 homed=- ms=119.0 U=65,3132,-5,2,0 R=1091,1090,-1,0,-1 F=674,673,-1,3,-8 D=3501,3501,0,2,-2 L=1249,1250,1,0,-1 B=1233,1233,0,0,-19
mv U code=0 aligned=1 homed=- ms=119.0 U=3135,2118,7,1,-4 R=1091,1090,-1,0,-1 F=674,673,-1,3,-8 D=3501,3501,0,2,-2 L=1249,1250,1,0,-1 B=1233,1233,0,0,-19
mv U code=0 aligned=1 homed=- ms=119.0 U=2123,1099,0,0,-3 R=1091,1090,-1,0,-1 F=674,673,-1,3,-8 D=3501,3501,0,2,-2 L=1249,1250,1,0,-1 B=1234,1233,-1,0,-19
mv U code=0 aligned=1 homed=- ms=119.0 U=1103,60,-19,3,-4 R=1091,1090,-1,0,-1 F=674,674,0,3,-7 D=3501,3501,0,2,-2 L=1250,1249,-1,0,-2 B=1233,1233,0,0,-19
mv U code=0 aligned=1 homed=- ms=119.0 U=64,3131,-5,2,-1 R=1091,1090,-1,0,-1 F=674,673,-1,3,-8 D=3501,3501,0,2,-2 L=1250,1250,0,0,-1 B=1233,1233,0,0,-19
mv U code=0 aligned=1 homed=- ms=119.0 U=3135,2119,8,1,-3 R=1091,1090,-1,0,-1 F=674,673,-1,3,-8 D=3501,3501,0,2,-2 L=1249,1250,1,0,-1 B=1234,1233,-1,0,-19
mv U code=0 aligned=1 homed=- ms=119.0 U=2123,1099,0,0,-3 R=1091,1090,-1,0,-1 F=674,673,-1,3,-8 D=3501,3501,0,2,-2 L=1250,1250,0,0,-1 B=1233,1233,0,0,-19
mv U code=0 aligned=1 homed=- ms=119.0 U=1103,60,-19,3,-4 R=1091,1090,-1,0,-1 F=674,673,-1,3,-8 D=3501,3501,0,2,-2 L=1250,1250,0,0,-1 B=1233,1233,0,0,-19
mv U code=0 aligned=1 homed=- ms=119.0 U=64,3131,-5,2,-1 R=1091,1090,-1,0,-1 F=674,673,-1,3,-8 D=3501,3501,0,2,-2 L=1249,1250,1,0,-1 B=1234,1233,-1,0,-19
mv U code=0 aligned=1 homed=- ms=119.0 U=3135,2119,8,1,-3 R=1091,1090,-1,0,-1 F=674,673,-1,3,-8 D=3501,3501,0,2,-2 L=1249,1250,1,0,-1 B=1234,1233,-1,0,-19
mv U code=0 aligned=1 homed=- ms=119.0 U=2123,1099,0,0,-3 R=1091,1090,-1,0,-1 F=674,674,0,3,-7 D=3501,3501,0,2,-2 L=1249,1250,1,0,-1 B=1233,1233,0,0,-19
mv U code=0 aligned=1 homed=- ms=119.0 U=1103,60,-19,3,-4 R=1091,1090,-1,0,-1 F=674,673,-1,3,-8 D=3501,3501,0,2,-2 L=1249,1250,1,0,-1 B=1233,1233,0,0,-19
mv U code=0 aligned=1 homed=- ms=119.0 U=65,3131,-6,2,-1 R=1091,1091,0,0,0 F=674,673,-1,3,-8 D=3501,3501,0,2,-2 L=1249,1250,1,0,-1 B=1233,1233,0,0,-19
mv U code=0 aligned=1 homed=- ms=119.0 U=3135,2119,8,1,-3 R=1091,1090,-1,0,-1 F=674,673,-1,3,-8 D=3501,3501,0,2,-2 L=1250,1250,0,0,-1 B=1233,1234,1,0,-18
mv U code=0 aligned=1 homed=- ms=119.0 U=2123,1099,0,0,-3 R=1091,1090,-1,0,-1 F=674,673,-1,3,-8 D=3501,3501,0,2,-2 L=1250,1250,0,0,-1 B=1233,1233,0,0,-19
mv U code=0 aligned=1 homed=- ms=119.0 U=1102,60,-18,3,-4 R=1091,1090,-1,0,-1 F=674,673,-1,3,-8 D=3501,3501,0,2,-2 L=1249,1250,1,0,-1 B=1233,1233,0,0,-19
mv U code=0 aligned=1 homed=- ms=119.0 U=64,3131,-5,2,-1 R=1091,1090,-1,0,-1 F=674,674,0,3,-7 D=3501,3501,0,2,-2 L=1249,1250,1,0,-1 B=1233,1233,0,0,-19
mv U code=0 aligned=1 homed=- ms=119.0 U=3135,2118,7,1,-4 R=1091,1090,-1,0,-1 F=674,674,0,3,-7 D=3501,3501,0,2,-2 L=1249,1250,1,0,-1 B=1233,1233,0,0,-19
mv U code=0 aligned=1 homed=- ms=119.0 U=2123,1099,0,0,-3 R=1091,1090,-1,0,-1 F=674,673,-1,3,-8 D=3501,3501,0,2,-2 L=1250,1250,0,0,-1 B=1233,1233,0,0,-19
mv U code=0 aligned=1 homed=- ms=119.0 U=1102,60,-18,3,-4 R=1091,1090,-1,0,-1 F=674,673,-1,3,-8 D=3501,3501,0,2,-2 L=1249,1250,1,0,-1 B=1233,1233,0,0,-19
mv U code=0 aligned=1 homed=- ms=119.0 U=65,3131,-6,2,-1 R=1091,1090,-1,0,-1 F=674,674,0,3,-7 D=3501,3501,0,2,-2 L=1249,1250,1,0,-1 B=1234,1234,0,0,-18
mv U code=0 aligned=1 homed=- ms=119.0 U=3135,2118,7,1,-4 R=1091,1091,0,0,0 F=674,673,-1,3,-8 D=3501,3501,0,2,-2 L=1250,1250,0,0,-1 B=1233,1233,0,0,-19
mv U code=0 aligned=1 homed=- ms=119.0 U=2123,1099,0,0,-3 R=1091,1090,-1,0,-1 F=674,673,-1,3,-8 D=3501,3501,0,2,-2 L=1249,1250,1,0,-1 B=1233,1234,1,0,-18
mv U code=0 aligned=1 homed=- ms=119.0 U=1103,60,-19,3,-4 R=1091,1090,-1,0,-1 F=674,673,-1,3,-8 D=3501,3501,0,2,-2 L=1250,1250,0,0,-1 B=1233,1233,0,0,-19
mv U code=0 aligned=1 homed=- ms=119.0 U=64,3131,-5,2,-1 R=1091,1090,-1,0,-1 F=674,673,-1,3,-8 D=3501,3501,0,2,-2 L=1249,1250,1,0,-1 B=1233,1233,0,0,-19
mv U code=0 aligned=1 homed=- ms=119.0 U=3135,2119,8,1,-3 R=1091,1090,-1,0,-1 F=674,673,-1,3,-8 D=3501,3501,0,2,-2 L=1249,1250,1,0,-1 B=1233,1233,0,0,-19
mv U code=0 aligned=1 homed=- ms=119.0 U=2123,1098,-1,0,-4 R=1091,1090,-1,0,-1 F=674,673,-1,3,-8 D=3501,3501,0,2,-2 L=1249,1250,1,0,-1 B=1233,1233,0,0,-19
mv U code=0 aligned=1 homed=- ms=119.0 U=1103,60,-19,3,-4 R=1091,1090,-1,0,-1 F=674,673,-1,3,-8 D=3501,3501,0,2,-2 L=1249,1249,0,0,-2 B=1233,1233,0,0,-19
mv U code=0 aligned=1 homed=- ms=119.0 U=65,3132,-5,2,0 R=1091,1090,-1,0,-1 F=674,674,0,3,-7 D=3501,3501,0,2,-2 L=1249,1250,1,0,-1 B=1234,1233,-1,0,-19
mv U code=0 aligned=1 homed=- ms=119.0 U=3135,2118,7,1,-4 R=1091,1090,-1,0,-1 F=674,673,-1,3,-8 D=3501,3501,0,2,-2 L=1249,1250,1,0,-1 B=1233,1233,0,0,-19
mv U code=0 aligned=1 homed=- ms=119.0 U=2123,1099,0,0,-3 R=1091,1090,-1,0,-1 F=674,673,-1,3,-8 D=3501,3501,0,2,-2 L=1249,1250,1,0,-1 B=1233,1233,0,0,-19
mv U code=0 aligned=1 homed=- ms=119.0 U=1103,60,-19,3,-4 R=1091,1090,-1,0,-1 F=674,673,-1,3,-8 D=3501,3501,0,2,-2 L=1250,1250,0,0,-1 B=1233,1233,0,0,-19
mv U code=0 aligned=1 homed=- ms=119.0 U=64,3131,-5,2,-1 R=1091,1090,-1,0,-1 F=674,673,-1,3,-8 D=3501,3501,0,2,-2 L=1249,1250,1,0,-1 B=1234,1233,-1,0,-19
mv U code=0 aligned=1 homed=- ms=119.0 U=3135,2118,7,1,-4 R=1091,1090,-1,0,-1 F=674,673,-1,3,-8 D=3501,3501,0,2,-2 L=1249,1250,1,0,-1 B=1233,1233,0,0,-19
mv U code=0 aligned=1 homed=- ms=119.0 U=2123,1099,0,0,-3 R=1091,1090,-1,0,-1 F=674,673,-1,3,-8 D=3501,3501,0,2,-2 L=1249,1250,1,0,-1 B=1233,1233,0,0,-19
mv U code=0 aligned=1 homed=- ms=119.0 U=1102,60,-18,3,-4 R=1091,1091,0,0,0 F=674,673,-1,3,-8 D=3501,3501,0,2,-2 L=1250,1250,0,0,-1 B=1233,1234,1,0,-18
mv U code=0 aligned=1 homed=- ms=119.0 U=64,3131,-5,2,-1 R=1091,1090,-1,0,-1 F=674,673,-1,3,-8 D=3501,3501,0,2,-2 L=1249,1250,1,0,-1 B=1233,1233,0,0,-19
mv U code=0 aligned=1 homed=- ms=119.0 U=3135,2118,7,1,-4 R=1091,1090,-1,0,-1 F=674,674,0,3,-7 D=3501,3501,0,2,-2 L=1249,1250,1,0,-1 B=1233,1234,1,0,-18
mv U code=0 aligned=1 homed=- ms=119.0 U=2123,1099,0,0,-3 R=1091,1090,-1,0,-1 F=674,673,-1,3,-8 D=3501,3501,0,2,-2 L=1249,1250,1,0,-1 B=1233,1233,0,0,-19
mv U code=0 aligned=1 homed=- ms=119.0 U=1103,60,-19,3,-4 R=1091,1090,-1,0,-1 F=674,673,-1,3,-8 D=3501,3501,0,2,-2 L=1249,1250,1,0,-1 B=1233,1234,1,0,-18
mv U code=0 aligned=1 homed=- ms=119.0 U=64,3132,-4,2,0 R=1091,1090,-1,0,-1 F=674,673,-1,3,-8 D=3501,3501,0,2,-2 L=1249,1250,1,0,-1 B=1233,1233,0,0,-19
mv U code=0 aligned=1 homed=- ms=119.0 U=3135,2119,8,1,-3 R=1091,1090,-1,0,-1 F=674,674,0,3,-7 D=3501,3501,0,2,-2 L=1249,1250,1,0,-1 B=1233,1233,0,0,-19
mv U code=0 aligned=1 homed=- ms=119.0 U=2123,1099,0,0,-3 R=1091,1090,-1,0,-1 F=674,673,-1,3,-8 D=3501,3501,0,2,-2 L=1249,1250,1,0,-1 B=1233,1233,0,0,-19
mv U code=0 aligned=1 homed=- ms=119.0 U=1103,61,-18,3,-3 R=1091,1090,-1,0,-1 F=674,674,0,3,-7 D=3501,3501,0,2,-2 L=1249,1250,1,0,-1 B=1233,1233,0,0,-19
mv U code=0 aligned=1 homed=- ms=119.0 U=65,3131,-6,2,-1 R=1091,1090,-1,0,-1 F=674,673,-1,3,-8 D=3501,3501,0,2,-2 L=1249,1250,1,0,-1 B=1233,1233,0,0,-19
mv U code=0 aligned=1 homed=- ms=119.0 U=3135,2119,8,1,-3 R=1091,1090,-1,0,-1 F=674,673,-1,3,-8 D=3501,3501,0,2,-2 L=1249,1250,1,0,-1 B=1233,1233,0,0,-19
mv U code=0 aligned=1 homed=- ms=119.0 U=2123,1098,-1,0,-4 R=1091,1091,0,0,0 F=674,674,0,3,-7 D=3501,3501,0,2,-2 L=1250,1250,0,0,-1 B=1233,1233,0,0,-19
mv U code=0 aligned=1 homed=- ms=119.0 U=1103,60,-19,3,-4 R=1091,1090,-1,0,-1 F=674,673,-1,3,-8 D=3501,3501,0,2,-2 L=1250,1250,0,0,-1 B=1233,1233,0,0,-19
mv U code=0 aligned=1 homed=- ms=119.0 U=64,3131,-5,2,-1 R=1091,1091,0,0,0 F=674,673,-1,3,-8 D=3501,3501,0,2,-2 L=1249,1250,1,0,-1 B=1233,1233,0,0,-19
mv U code=0 aligned=1 homed=- ms=119.0 U=3135,2118,7,1,-4 R=1091,1091,0,0,0 F=674,673,-1,3,-8 D=3501,3501,0,2,-2 L=1250,1250,0,0,-1 B=1233,1233,0,0,-19
mv U code=0 aligned=1 homed=- ms=119.0 U=2123,1099,0,0,-3 R=1091,1091,0,0,0 F=674,674,0,3,-7 D=3501,3501,0,2,-2 L=1249,1250,1,0,-1 B=1234,1233,-1,0,-19
mv U code=0 aligned=1 homed=- ms=119.0 U=1103,60,-19,3,-4 R=1091,1090,-1,0,-1 F=674,673,-1,3,-8 D=3501,3501,0,2,-2 L=1250,1250,0,0,-1 B=1233,1233,0,0,-19
mv U code=0 aligned=1 homed=- ms=119.0 U=65,3131,-6,2,-1 R=1091,1090,-1,0,-1 F=674,673,-1,3,-8 D=3501,3501,0,2,-2 L=1250,1250,0,0,-1 B=1233,1233,0,0,-19
mv U code=0 aligned=1 homed=- ms=119.0 U=3135,2119,8,1,-3 R=1091,1090,-1,0,-1 F=674,673,-1,3,-8 D=3501,3501,0,2,-2 L=1250,1250,0,0,-1 B=1234,1234,0,0,-18
mv U code=0 aligned=1 homed=- ms=119.0 U=2123,1098,-1,0,-4 R=1091,1090,-1,0,-1 F=674,674,0,3,-7 D=3501,3501,0,2,-2 L=1249,1250,1,0,-1 B=1233,1233,0,0,-19
mv U code=0 aligned=1 homed=- ms=119.0 U=1103,60,-19,3,-4 R=1091,1090,-1,0,-1 F=674,673,-1,3,-8 D=3501,3501,0,2,-2 L=1249,1250,1,0,-1 B=1233,1233,0,0,-19
mv U code=0 aligned=1 homed=- ms=119.0 U=65,3131,-6,2,-1 R=1091,1090,-1,0,-1 F=674,674,0,3,-7 D=3501,3501,0,2,-2 L=1249,1249,0,0,-2 B=1233,1233,0,0,-19
mv U code=0 aligned=1 homed=- ms=119.0 U=3135,2119,8,1,-3 R=1091,1090,-1,0,-1 F=674,674,0,3,-7 D=3501,3501,0,2,-2 L=1249,1250,1,0,-1 B=1233,1233,0,0,-19
mv U code=0 aligned=1 homed=- ms=119.0 U=2123,1099,0,0,-3 R=1091,1090,-1,0,-1 F=674,673,-1,3,-8 D=3501,3501,0,2,-2 L=1249,1250,1,0,-1 B=1233,1233,0,0,-19
mv U code=0 aligned=1 homed=- ms=119.0 U=1103,60,-19,3,-4 R=1091,1090,-1,0,-1 F=674,673,-1,3,-8 D=3501,3501,0,2,-2 L=1250,1250,0,0,-1 B=1233,1234,1,0,-18
mv U code=0 aligned=1 homed=- ms=119.0 U=65,3131,-6,2,-1 R=1091,1090,-1,0,-1 F=674,673,-1,3,-8 D=3501,3501,0,2,-2 L=1249,1250,1,0,-1 B=1233,1233,0,0,-19
mv U code=0 aligned=1 homed=- ms=119.0 U=3135,2119,8,1,-3 R=1091,1091,0,0,0 F=674,674,0,3,-7 D=3501,3501,0,2,-2 L=1249,1250,1,0,-1 B=1234,1233,-1,0,-19
mv U code=0 aligned=1 homed=- ms=119.0 U=2123,1099,0,0,-3 R=1091,1091,0,0,0 F=674,673,-1,3,-8 D=3501,3501,0,2,-2 L=1250,1250,0,0,-1 B=1234,1233,-1,0,-19
mv U code=0 aligned=1 homed=- ms=119.0 U=1103,60,-19,3,-4 R=1091,1091,0,0,0 F=674,673,-1,3,-8 D=3501,3501,0,2,-2 L=1249,1250,1,0,-1 B=1233,1233,0,0,-19
mv U code=0 aligned=1 homed=- ms=119.0 U=65,3131,-6,2,-1 R=1091,1090,-1,0,-1 F=674,674,0,3,-7 D=3501,3501,0,2,-2 L=1250,1250,0,0,-1 B=1233,1233,0,0,-19
mv U code=0 aligned=1 homed=- ms=119.0 U=3135,2119,8,1,-3 R=1091,1090,-1,0,-1 F=674,673,-1,3,-8 D=3501,3501,0,2,-2 L=1250,1250,0,0,-1 B=1233,1234,1,0,-18
mv U code=0 aligned=1 homed=- ms=119.0 U=2123,1099,0,0,-3 R=1091,1090,-1,0,-1 F=674,673,-1,3,-8 D=3501,3501,0,2,-2 L=1249,1250,1,0,-1 B=1233,1233,0,0,-19
mv U code=0 aligned=1 homed=- ms=119.0 U=1103,60,-19,3,-4 R=1091,1090,-1,0,-1 F=674,673,-1,3,-8 D=3501,3501,0,2,-2 L=1250,1250,0,0,-1 B=1233,1233,0,0,-19
mv U code=0 aligned=1 homed=- ms=119.0 U=65,3132,-5,2,0 R=1091,1090,-1,0,-1 F=674,674,0,3,-7 D=3501,3501,0,2,-2 L=1250,1250,0,0,-1 B=1233,1234,1,0,-18
mv U code=0 aligned=1 homed=- ms=119.0 U=3135,2119,8,1,-3 R=1091,1091,0,0,0 F=674,673,-1,3,-8 D=3501,3501,0,2,-2 L=1249,1250,1,0,-1 B=1233,1233,0,0,-19
mv U code=0 aligned=1 homed=- ms=119.0 U=2123,1099,0,0,-3 R=1091,1090,-1,0,-1 F=674,674,0,3,-7 D=3501,3501,0,2,-2 L=1249,1250,1,0,-1 B=1234,1233,-1,0,-19
mv U code=0 aligned=1 homed=- ms=119.0 U=1103,60,-19,3,-4 R=1091,1090,-1,0,-1 F=674,673,-1,3,-8 D=3501,3501,0,2,-2 L=1249,1250,1,0,-1 B=1233,1233,0,0,-19
mv U code=0 aligned=1 homed=- ms=119.0 U=65,3131,-6,2,-1 R=1091,1091,0,0,0 F=674,673,-1,3,-8 D=3501,3501,0,2,-2 L=1249,1250,1,0,-1 B=1233,1233,0,0,-19
mv U code=0 aligned=1 homed=- ms=119.0 U=3135,2118,7,1,-4 R=1091,1090,-1,0,-1 F=674,673,-1,3,-8 D=3501,3501,0,2,-2 L=1250,1250,0,0,-1 B=1233,1234,1,0,-18
mv U code=0 aligned=1 homed=- ms=119.0 U=2123,1099,0,0,-3 R=1091,1090,-1,0,-1 F=674,673,-1,3,-8 D=3501,3501,0,2,-2 L=1249,1250,1,0,-1 B=1233,1233,0,0,-19
mv U code=0 aligned=1 homed=- ms=119.0 U=1103,61,-18,3,-3 R=1091,1090,-1,0,-1 F=674,674,0,3,-7 D=3501,3501,0,2,-2 L=1250,1250,0,0,-1 B=1233,1234,1,0,-18
mv U code=0 aligned=1 homed=- ms=119.0 U=65,3131,-6,2,-1 R=1091,1090,-1,0,-1 F=674,673,-1,3,-8 D=3501,3501,0,2,-2 L=1249,1250,1,0,-1 B=1233,1233,0,0,-19
mv U code=0 aligned=1 homed=- ms=119.0 U=3135,2119,8,1,-3 R=1091,1090,-1,0,-1 F=674,673,-1,3,-8 D=3501,3501,0,2,-2 L=1250,1250,0,0,-1 B=1233,1233,0,0,-19
mv U code=0 aligned=1 homed=- ms=119.0 U=2123,1099,0,0,-3 R=1091,1091,0,0,0 F=674,674,0,3,-7 D=3501,3501,0,2,-2 L=1249,1250,1,0,-1 B=1233,1233,0,0,-19
mv U code=0 aligned=1 homed=- ms=119.0 U=1103,60,-19,3,-4 R=1091,1091,0,0,0 F=674,674,0,3,-7 D=3501,3501,0,2,-2 L=1250,1250,0,0,-1 B=1233,1233,0,0,-19
mv U code=0 aligned=1 homed=- ms=119.0 U=65,3131,-6,2,-1 R=1091,1090,-1,0,-1 F=674,673,-1,3,-8 D=3501,3501,0,2,-2 L=1250,1250,0,0,-1 B=1233,1233,0,0,-19
mv U code=0 aligned=1 homed=- ms=119.0 U=3135,2119,8,1,-3 R=1091,1090,-1,0,-1 F=674,674,0,3,-7 D=3501,3501,0,2,-2 L=1249,1250,1,0,-1 B=1233,1234,1,0,-18
mv U code=0 aligned=1 homed=- ms=119.0 U=2123,1099,0,0,-3 R=1091,1090,-1,0,-1 F=674,674,0,3,-7 D=3501,3501,0,2,-2 L=1250,1250,0,0,-1 B=1233,1233,0,0,-19
mv U code=0 aligned=1 homed=- ms=119.0 U=1102,60,-18,3,-4 R=1091,1091,0,0,0 F=674,673,-1,3,-8 D=3501,3501,0,2,-2 L=1249,1250,1,0,-1 B=1233,1233,0,0,-19
mv U code=0 aligned=1 homed=- ms=119.0 U=65,3131,-6,2,-1 R=1091,1090,-1,0,-1 F=674,674,0,3,-7 D=3501,3501,0,2,-2 L=1250,1250,0,0,-1 B=1233,1233,0,0,-19
mv U code=0 aligned=1 homed=- ms=119.0 U=3135,2119,8,1,-3 R=1091,1090,-1,0,-1 F=674,674,0,3,-7 D=3501,3501,0,2,-2 L=1250,1250,0,0,-1 B=1233,1233,0,0,-19
mv U code=0 aligned=1 homed=- ms=119.0 U=2123,1099,0,0,-3 R=1091,1090,-1,0,-1 F=674,673,-1,3,-8 D=3501,3501,0,2,-2 L=1249,1250,1,0,-1 B=1233,1233,0,0,-19
mv U code=0 aligned=1 homed=- ms=119.0 U=1103,60,-19,3,-4 R=1091,1091,0,0,0 F=674,673,-1,3,-8 D=3501,3501,0,2,-2 L=1249,1250,1,0,-1 B=1233,1233,0,0,-19
mv U code=0 aligned=1 homed=- ms=119.0 U=64,3132,-4,2,0 R=1091,1090,-1,0,-1 F=674,673,-1,3,-8 D=3501,3501,0,2,-2 L=1249,1250,1,0,-1 B=1233,1233,0,0,-19
mv U code=0 aligned=1 homed=- ms=119.0 U=3135,2118,7,1,-4 R=1091,1090,-1,0,-1 F=674,674,0,3,-7 D=3501,3501,0,2,-2 L=1250,1250,0,0,-1 B=1233,1233,0,0,-19
mv U code=0 aligned=1 homed=- ms=119.0 U=2123,1099,0,0,-3 R=1091,1090,-1,0,-1 F=674,674,0,3,-7 D=3501,3501,0,2,-2 L=1249,1250,1,0,-1 B=1233,1233,0,0,-19
mv U code=0 aligned=1 homed=- ms=119.0 U=1102,60,-18,3,-4 R=1091,1090,-1,0,-1 F=674,673,-1,3,-8 D=3501,3501,0,2,-2 L=1250,1250,0,0,-1 B=1234,1233,-1,0,-19
mv U code=0 aligned=1 homed=- ms=119.0 U=64,3131,-5,2,-1 R=1091,1091,0,0,0 F=674,673,-1,3,-8 D=3501,3501,0,2,-2 L=1250,1250,0,0,-1 B=1233,1233,0,0,-19
mv U code=0 aligned=1 homed=- ms=119.0 U=3135,2119,8,1,-3 R=1091,1091,0,0,0 F=674,673,-1,3,-8 D=3501,3501,0,2,-2 L=1249,1250,1,0,-1 B=1233,1233,0,0,-19
mv U code=0 aligned=1 homed=- ms=119.0 U=2123,1099,0,0,-3 R=1091,1090,-1,0,-1 F=674,673,-1,3,-8 D=3501,3501,0,2,-2 L=1249,1250,1,0,-1 B=1233,1233,0,0,-19
mv U code=0 aligned=1 homed=- ms=119.0 U=1103,60,-19,3,-4 R=1091,1090,-1,0,-1 F=674,673,-1,3,-8 D=3501,3501,0,2,-2 L=1249,1250,1,0,-1 B=1233,1233,0,0,-19
mv U code=0 aligned=1 homed=- ms=119.0 U=65,3131,-6,2,-1 R=1091,1090,-1,0,-1 F=674,674,0,3,-7 D=3501,3501,0,2,-2 L=1249,1250,1,0,-1 B=1233,1233,0,0,-19
mv U code=0 aligned=1 homed=- ms=119.0 U=3135,2119,8,1,-3 R=1091,1090,-1,0,-1 F=674,673,-1,3,-8 D=3501,3501,0,2,-2 L=1249,1250,1,0,-1 B=1233,1234,1,0,-18
mv U code=0 aligned=1 homed=- ms=119.0 U=2123,1099,0,0,-3 R=1091,1090,-1,0,-1 F=674,673,-1,3,-8 D=3501,3501,0,2,-2 L=1250,1250,0,0,-1 B=1233,1233,0,0,-19
mv U code=0 aligned=1 homed=- ms=119.0 U=1103,60,-19,3,-4 R=1091,1090,-1,0,-1 F=674,673,-1,3,-8 D=3501,3501,0,2,-2 L=1249,1250,1,0,-1 B=1234,1233,-1,0,-19
mv U code=0 aligned=1 homed=- ms=119.0 U=65,3131,-6,2,-1 R=1091,1090,-1,0,-1 F=674,673,-1,3,-8 D=3501,3501,0,2,-2 L=1249,1250,1,0,-1 B=1233,1233,0,0,-19
mv U code=0 aligned=1 homed=- ms=119.0 U=3135,2118,7,1,-4 R=1091,1090,-1,0,-1 F=674,673,-1,3,-8 D=3501,3501,0,2,-2 L=1249,1250,1,0,-1 B=1233,1233,0,0,-19
mv U code=0 aligned=1 homed=- ms=119.0 U=2123,1099,0,0,-3 R=1091,1090,-1,0,-1 F=674,673,-1,3,-8 D=3501,3501,0,2,-2 L=1249,1250,1,0,-1 B=1233,1233,0,0,-19
mv U code=0 aligned=1 homed=- ms=119.0 U=1103,60,-19,3,-4 R=1091,1090,-1,0,-1 F=674,673,-1,3,-8 D=3501,3501,0,2,-2 L=1249,1250,1,0,-1 B=1233,1233,0,0,-19
mv U code=0 aligned=1 homed=- ms=119.0 U=64,3131,-5,2,-1 R=1091,1090,-1,0,-1 F=674,673,-1,3,-8 D=3501,3501,0,2,-2 L=1249,1250,1,0,-1 B=1233,1233,0,0,-19
mv U code=0 aligned=1 homed=- ms=119.0 U=3135,2118,7,1,-4 R=1091,1090,-1,0,-1 F=674,673,-1,3,-8 D=3501,3501,0,2,-2 L=1250,1250,0,0,-1 B=1233,1233,0,0,-19
mv U code=0 aligned=1 homed=- ms=119.0 U=2123,1099,0,0,-3 R=1091,1090,-1,0,-1 F=674,674,0,3,-7 D=3501,3501,0,2,-2 L=1249,1250,1,0,-1 B=1233,1233,0,0,-19
mv U code=0 aligned=1 homed=- ms=119.0 U=1103,60,-19,3,-4 R=1091,1090,-1,0,-1 F=674,673,-1,3,-8 D=3501,3501,0,2,-2 L=1250,1250,0,0,-1 B=1234,1234,0,0,-18
mv U code=0 aligned=1 homed=- ms=119.0 U=65,3132,-5,2,0 R=1091,1090,-1,0,-1 F=674,674,0,3,-7 D=3501,3501,0,2,-2 L=1250,1250,0,0,-1 B=1233,1233,0,0,-19
mv U code=0 aligned=1 homed=- ms=119.0 U=3135,2118,7,1,-4 R=1091,1090,-1,0,-1 F=674,674,0,3,-7 D=3501,3501,0,2,-2 L=1249,1249,0,0,-2 B=1233,1234,1,0,-18
mv U code=0 aligned=1 homed=- ms=119.0 U=2123,1098,-1,0,-4 R=1091,1090,-1,0,-1 F=674,673,-1,3,-8 D=3501,3501,0,2,-2 L=1249,1250,1,0,-1 B=1233,1234,1,0,-18
mv U code=0 aligned=1 homed=- ms=119.0 U=1103,60,-19,3,-4 R=1091,1090,-1,0,-1 F=674,673,-1,3,-8 D=3501,3501,0,2,-2 L=1249,1250,1,0,-1 B=1233,1233,0,0,-19
mv U code=0 aligned=1 homed=- ms=119.0 U=65,3132,-5,2,0 R=1091,1090,-1,0,-1 F=674,673,-1,3,-8 D=3501,3501,0,2,-2 L=1250,1250,0,0,-1 B=1234,1234,0,0,-18
rep moves=200 notaligned=0 homings=0 failures=0 avgms=119.0
res U=200,-4.2,10.5,19 R=- F=- D=- L=- B=-
ok
> home
[align] motor 0 err=3 counts (0.3 steps)
[align] motor 1 err=0 counts (0.0 steps)
[align] motor 2 err=-7 counts (-0.7 steps)
[align] motor 3 err=-1 counts (-0.1 steps)
[align] motor 4 err=-3 counts (-0.3 steps)
[align] motor 5 err=-19 counts (-1.9 steps)
home code=0 ms=6 en=0
enc U=3131 R=1090 F=673 D=3501 L=1249 B=1233 RING=2768
near U=2:-1 R=0:-1 F=3:-8 D=2:-2 L=0:-2 B=0:-19
ok
> enc
enc U=3135 R=1091 F=674 D=3501 L=1250 B=1233 RING=2768
near U=2:3 R=0:0 F=3:-7 D=2:-2 L=0:-1 B=0:-19
ok
> rep 50 U' U' U' U'
mv U' code=0 aligned=1 homed=- ms=119.0 U=3136,61,-3,3,-3 R=1091,1091,0,0,0 F=674,673,-1,3,-8 D=3501,3501,0,2,-2 L=1249,1250,1,0,-1 B=1233,1234,1,0,-18
mv U' code=0 aligned=1 homed=- ms=119.0 U=63,1099,12,0,-3 R=1091,1090,-1,0,-1 F=674,673,-1,3,-8 D=3501,3501,0,2,-2 L=1250,1250,0,0,-1 B=1233,1233,0,0,-19
mv U' code=0 aligned=1 homed=- ms=119.0 U=1102,2119,-7,1,-3 R=1091,1090,-1,0,-1 F=674,673,-1,3,-8 D=3501,3501,0,2,-2 L=1249,1250,1,0,-1 B=1233,1234,1,0,-18
mv U' code=0 aligned=1 homed=- ms=119.0 U=2122,3131,-15,2,-1 R=1091,1090,-1,0,-1 F=674,673,-1,3,-8 D=3501,3501,0,2,-2 L=1250,1250,0,0,-1 B=1233,1234,1,0,-18
mv U' code=0 aligned=1 homed=- ms=119.0 U=3134,61,-1,3,-3 R=1091,1090,-1,0,-1 F=674,673,-1,3,-8 D=3501,3501,0,2,-2 L=1249,1250,1,0,-1 B=1233,1233,0,0,-19
mv U' code=0 aligned=1 homed=- ms=119.0 U=63,1099,12,0,-3 R=1091,1090,-1,0,-1 F=674,673,-1,3,-8 D=3501,3501,0,2,-2 L=1249,1250,1,0,-1 B=1234,1233,-1,0,-19
mv U' code=0 aligned=1 homed=- ms=119.0 U=1102,2119,-7,1,-3 R=1091,1090,-1,0,-1 F=674,673,-1,3,-8 D=3501,3501,0,2,-2 L=1249,1250,1,0,-1 B=1233,1233,0,0,-19
mv U' code=0 aligned=1 homed=- ms=119.0 U=2122,3132,-14,2,0 R=1091,1090,-1,0,-1 F=674,674,0,3,-7 D=3501,3501,0,2,-2 L=1250,1250,0,0,-1 B=1233,1233,0,0,-19
mv U' code=0 aligned=1 homed=- ms=119.0 U=3134,61,-1,3,-3 R=1091,1090,-1,0,-1 F=674,674,0,3,-7 D=3501,3501,0,2,-2 L=1249,1250,1,0,-1 B=1233,1233,0,0,-19
mv U' code=0 aligned=1 homed=- ms=119.0 U=63,1100,13,0,-2 R=1091,1090,-1,0,-1 F=674,673,-1,3,-8 D=3501,3501,0,2,-2 L=1250,1250,0,0,-1 B=1233,1233,0,0,-19
mv U' code=0 aligned=1 homed=- ms=119.0 U=1102,2119,-7,1,-3 R=1091,1090,-1,0,-1 F=674,673,-1,3,-8 D=3501,3501,0,2,-2 L=1250,1250,0,0,-1 B=1233,1234,1,0,-18
mv U' code=0 aligned=1 homed=- ms=119.0 U=2122,3132,-14,2,0 R=1091,1090,-1,0,-1 F=674,673,-1,3,-8 D=3501,3501,0,2,-2 L=1250,1250,0,0,-1 B=1233,1233,0,0,-19
mv U' code=0 aligned=1 homed=- ms=119.0 U=3134,61,-1,3,-3 R=1091,1091,0,0,0 F=674,673,-1,3,-8 D=3501,3501,0,2,-2 L=1250,1250,0,0,-1 B=1233,1233,0,0,-19
mv U' code=0 aligned=1 homed=- ms=119.0 U=64,1100,12,0,-2 R=1091,1090,-1,0,-1 F=674,674,0,3,-7 D=3501,3501,0,2,-2 L=1249,1250,1,0,-1 B=1233,1233,0,0,-19
mv U' code=0 aligned=1 homed=- ms=119.0 U=1102,2119,-7,1,-3 R=1091,1090,-1,0,-1 F=674,673,-1,3,-8 D=3501,3501,0,2,-2 L=1250,1250,0,0,-1 B=1233,1234,1,0,-18
mv U' code=0 aligned=1 homed=- ms=119.0 U=2122,3132,-14,2,0 R=1091,1091,0,0,0 F=674,673,-1,3,-8 D=3501,3501,0,2,-2 L=1249,1250,1,0,-1 B=1233,1233,0,0,-19
mv U' code=0 aligned=1 homed=- ms=119.0 U=3135,61,-2,3,-3 R=1091,1090,-1,0,-1 F=674,673,-1,3,-8 D=3501,3501,0,2,-2 L=1250,1250,0,0,-1 B=1233,1233,0,0,-19
mv U' code=0 aligned=1 homed=- ms=119.0 U=63,1100,13,0,-2 R=1091,1090,-1,0,-1 F=674,674,0,3,-7 D=3501,3501,0,2,-2 L=1250,1250,0,0,-1 B=1233,1234,1,0,-18
mv U' code=0 aligned=1 homed=- ms=119.0 U=1102,2120,-6,1,-2 R=1091,1090,-1,0,-1 F=674,673,-1,3,-8 D=3501,3501,0,2,-2 L=1249,1250,1,0,-1 B=1233,1233,0,0,-19
mv U' code=0 aligned=1 homed=- ms=119.0 U=2122,3132,-14,2,0 R=1091,1090,-1,0,-1 F=674,674,0,3,-7 D=3501,3501,0,2,-2 L=1250,1250,0,0,-1 B=1233,1233,0,0,-19
mv U' code=0 aligned=1 homed=- ms=119.0 U=3134,61,-1,3,-3 R=1091,1090,-1,0,-1 F=674,673,-1,3,-8 D=3501,3501,0,2,-2 L=1249,1250,1,0,-1 B=1233,1233,0,0,-19
mv U' code=0 aligned=1 homed=- ms=119.0 U=63,1099,12,0,-3 R=1091,1090,-1,0,-1 F=674,674,0,3,-7 D=3501,3501,0,2,-2 L=1249,1250,1,0,-1 B=1233,1233,0,0,-19
mv U' code=0 aligned=1 homed=- ms=119.0 U=1102,2119,-7,1,-3 R=1091,1090,-1,0,-1 F=674,673,-1,3,-8 D=3501,3501,0,2,-2 L=1249,1250,1,0,-1 B=1233,1233,0,0,-19
mv U' code=0 aligned=1 homed=- ms=119.0 U=2122,3132,-14,2,0 R=1091,1090,-1,0,-1 F=674,674,0,3,-7 D=3501,3501,0,2,-2 L=1250,1250,0,0,-1 B=1234,1233,-1,0,-19
mv U' code=0 aligned=1 homed=- ms=119.0 U=3134,61,-1,3,-3 R=1091,1090,-1,0,-1 F=674,674,0,3,-7 D=3501,3501,0,2,-2 L=1249,1250,1,0,-1 B=1233,1234,1,0,-18
mv U' code=0 aligned=1 homed=- ms=119.0 U=63,1100,13,0,-2 R=1091,1090,-1,0,-1 F=674,673,-1,3,-8 D=3501,3501,0,2,-2 L=1250,1250,0,0,-1 B=1233,1233,0,0,-19
mv U' code=0 aligned=1 homed=- ms=119.0 U=1101,2119,-6,1,-3 R=1091,1091,0,0,0 F=674,674,0,3,-7 D=3501,3501,0,2,-2 L=1249,1250,1,0,-1 B=1233,1233,0,0,-19
mv U' code=0 aligned=1 homed=- ms=119.0 U=2122,3132,-14,2,0 R=1091,1091,0,0,0 F=674,674,0,3,-7 D=3501,3501,0,2,-2 L=1250,1250,0,0,-1 B=1233,1234,1,0,-18
mv U' code=0 aligned=1 homed=- ms=119.0 U=3134,61,-1,3,-3 R=1091,1090,-1,0,-1 F=674,673,-1,3,-8 D=3501,3501,0,2,-2 L=1250,1250,0,0,-1 B=1233,1233,0,0,-19
mv U' code=0 aligned=1 homed=- ms=119.0 U=63,1100,13,0,-2 R=1091,1090,-1,0,-1 F=674,674,0,3,-7 D=3501,3501,0,2,-2 L=1249,1250,1,0,-1 B=1233,1233,0,0,-19
mv U' code=0 aligned=1 homed=- ms=119.0 U=1102,2119,-7,1,-3 R=1091,1090,-1,0,-1 F=674,673,-1,3,-8 D=3501,3501,0,2,-2 L=1250,1250,0,0,-1 B=1233,1233,0,0,-19
mv U' code=0 aligned=1 homed=- ms=119.0 U=2122,3132,-14,2,0 R=1091,1090,-1,0,-1 F=674,674,0,3,-7 D=3501,3501,0,2,-2 L=1249,1250,1,0,-1 B=1233,1233,0,0,-19
mv U' code=0 aligned=1 homed=- ms=119.0 U=3134,61,-1,3,-3 R=1091,1090,-1,0,-1 F=674,673,-1,3,-8 D=3501,3501,0,2,-2 L=1249,1250,1,0,-1 B=1233,1233,0,0,-19
mv U' code=0 aligned=1 homed=- ms=119.0 U=63,1100,13,0,-2 R=1091,1090,-1,0,-1 F=674,673,-1,3,-8 D=3501,3501,0,2,-2 L=1249,1250,1,0,-1 B=1233,1233,0,0,-19
mv U' code=0 aligned=1 homed=- ms=119.0 U=1102,2119,-7,1,-3 R=1091,1090,-1,0,-1 F=674,673,-1,3,-8 D=3501,3501,0,2,-2 L=1249,1250,1,0,-1 B=1233,1233,0,0,-19
mv U' code=0 aligned=1 homed=- ms=119.0 U=2122,3132,-14,2,0 R=1091,1090,-1,0,-1 F=674,673,-1,3,-8 D=3501,3501,0,2,-2 L=1249,1250,1,0,-1 B=1233,1233,0,0,-19
mv U' code=0 aligned=1 homed=- ms=119.0 U=3135,61,-2,3,-3 R=1091,1090,-1,0,-1 F=674,673,-1,3,-8 D=3501,3501,0,2,-2 L=1249,1250,1,0,-1 B=1233,1233,0,0,-19
mv U' code=0 aligned=1 homed=- ms=119.0 U=64,1100,12,0,-2 R=1091,1090,-1,0,-1 F=674,673,-1,3,-8 D=3501,3501,0,2,-2 L=1249,1250,1,0,-1 B=1233,1233,0,0,-19
mv U' code=0 aligned=1 homed=- ms=119.0 U=1102,2119,-7,1,-3 R=1091,1090,-1,0,-1 F=674,674,0,3,-7 D=3501,3501,0,2,-2 L=1249,1250,1,0,-1 B=1233,1233,0,0,-19
mv U' code=0 aligned=1 homed=- ms=119.0 U=2122,3132,-14,2,0 R=1091,1090,-1,0,-1 F=674,673,-1,3,-8 D=3501,3501,0,2,-2 L=1249,1250,1,0,-1 B=1233,1233,0,0,-19
mv U' code=0 aligned=1 homed=- ms=119.0 U=3134,61,-1,3,-3 R=1091,1090,-1,0,-1 F=674,673,-1,3,-8 D=3501,3501,0,2,-2 L=1249,1250,1,0,-1 B=1233,1233,0,0,-19
mv U' code=0 aligned=1 homed=- ms=119.0 U=63,1099,12,0,-3 R=1091,1090,-1,0,-1 F=674,674,0,3,-7 D=3501,3501,0,2,-2 L=1250,1250,0,0,-1 B=1234,1234,0,0,-18
mv U' code=0 aligned=1 homed=- ms=119.0 U=1102,2119,-7,1,-3 R=1091,1090,-1,0,-1 F=674,673,-1,3,-8 D=3501,3501,0,2,-2 L=1250,1250,0,0,-1 B=1233,1233,0,0,-19
mv U' code=0 aligned=1 homed=- ms=119.0 U=2122,3132,-14,2,0 R=1091,1090,-1,0,-1 F=674,673,-1,3,-8 D=3501,3501,0,2,-2 L=1249,1250,1,0,-1 B=1233,1233,0,0,-19
mv U' code=0 aligned=1 homed=- ms=119.0 U=3135,61,-2,3,-3 R=1091,1090,-1,0,-1 F=674,673,-1,3,-8 D=3501,3501,0,2,-2 L=1250,1250,0,0,-1 B=1233,1233,0,0,-19
mv U' code=0 aligned=1 homed=- ms=119.0 U=63,1100,13,0,-2 R=1091,1090,-1,0,-1 F=674,674,0,3,-7 D=3501,3501,0,2,-2 L=1249,1250,1,0,-1 B=1233,1233,0,0,-19
mv U' code=0 aligned=1 homed=- ms=119.0 U=1102,2119,-7,1,-3 R=1091,1091,0,0,0 F=674,674,0,3,-7 D=3501,3501,0,2,-2 L=1249,1250,1,0,-1 B=1234,1233,-1,0,-19
mv U' code=0 aligned=1 homed=- ms=119.0 U=2122,3131,-15,2,-1 R=1091,1091,0,0,0 F=674,673,-1,3,-8 D=3501,3501,0,2,-2 L=1249,1250,1,0,-1 B=1233,1233,0,0,-19
mv U' code=0 aligned=1 homed=- ms=119.0 U=3134,61,-1,3,-3 R=1091,1090,-1,0,-1 F=674,674,0,3,-7 D=3501,3501,0,2,-2 L=1249,1250,1,0,-1 B=1233,1233,0,0,-19
mv U' code=0 aligned=1 homed=- ms=119.0 U=64,1099,11,0,-3 R=1091,1090,-1,0,-1 F=674,674,0,3,-7 D=3501,3501,0,2,-2 L=1250,1250,0,0,-1 B=1234,1233,-1,0,-19
mv U' code=0 aligned=1 homed=- ms=119.0 U=1102,2119,-7,1,-3 R=1091,1090,-1,0,-1 F=674,673,-1,3,-8 D=3501,3501,0,2,-2 L=1250,1250,0,0,-1 B=1233,1233,0,0,-19
mv U' code=0 aligned=1 homed=- ms=119.0 U=2122,3132,-14,2,0 R=1091,1090,-1,0,-1 F=674,674,0,3,-7 D=3501,3501,0,2,-2 L=1249,1250,1,0,-1 B=1233,1233,0,0,-19
mv U' code=0 aligned=1 homed=- ms=119.0 U=3134,61,-1,3,-3 R=1091,1090,-1,0,-1 F=674,673,-1,3,-8 D=3501,3501,0,2,-2 L=1250,1250,0,0,-1 B=1233,1233,0,0,-19
mv U' code=0 aligned=1 homed=- ms=119.0 U=63,1100,13,0,-2 R=1091,1090,-1,0,-1 F=674,674,0,3,-7 D=3501,3501,0,2,-2 L=1250,1250,0,0,-1 B=1233,1233,0,0,-19
mv U' code=0 aligned=1 homed=- ms=119.0 U=1101,2119,-6,1,-3 R=1091,1090,-1,0,-1 F=674,674,0,3,-7 D=3501,3501,0,2,-2 L=1250,1250,0,0,-1 B=1233,1234,1,0,-18
mv U' code=0 aligned=1 homed=- ms=119.0 U=2122,3132,-14,2,0 R=1091,1090,-1,0,-1 F=674,673,-1,3,-8 D=3501,3501,0,2,-2 L=1249,1250,1,0,-1 B=1233,1233,0,0,-19
mv U' code=0 aligned=1 homed=- ms=119.0 U=3134,61,-1,3,-3 R=1091,1090,-1,0,-1 F=674,674,0,3,-7 D=3501,3501,0,2,-2 L=1249,1250,1,0,-1 B=1233,1233,0,0,-19
mv U' code=0 aligned=1 homed=- ms=119.0 U=64,1100,12,0,-2 R=1091,1090,-1,0,-1 F=674,673,-1,3,-8 D=3501,3501,0,2,-2 L=1249,1250,1,0,-1 B=1233,1233,0,0,-19
mv U' code=0 aligned=1 homed=- ms=119.0 U=1102,2119,-7,1,-3 R=1091,1090,-1,0,-1 F=674,674,0,3,-7 D=3501,3501,0,2,-2 L=1249,1250,1,0,-1 B=1233,1234,1,0,-18
mv U' code=0 aligned=1 homed=- ms=119.0 U=2122,3132,-14,2,0 R=1091,1090,-1,0,-1 F=674,674,0,3,-7 D=3501,3501,0,2,-2 L=1250,1250,0,0,-1 B=1233,1234,1,0,-18
mv U' code=0 aligned=1 homed=- ms=119.0 U=3134,61,-1,3,-3 R=1091,1090,-1,0,-1 F=674,674,0,3,-7 D=3501,3501,0,2,-2 L=1249,1250,1,0,-1 B=1233,1233,0,0,-19
mv U' code=0 aligned=1 homed=- ms=119.0 U=64,1100,12,0,-2 R=1091,1090,-1,0,-1 F=674,673,-1,3,-8 D=3501,3501,0,2,-2 L=1250,1250,0,0,-1 B=1233,1233,0,0,-19
mv U' code=0 aligned=1 homed=- ms=119.0 U=1102,2119,-7,1,-3 R=1091,1090,-1,0,-1 F=674,673,-1,3,-8 D=3501,3501,0,2,-2 L=1249,1250,1,0,-1 B=1233,1233,0,0,-19
mv U' code=0 aligned=1 homed=- ms=119.0 U=2122,3132,-14,2,0 R=1091,1090,-1,0,-1 F=674,673,-1,3,-8 D=3501,3501,0,2,-2 L=1249,1250,1,0,-1 B=1233,1233,0,0,-19
mv U' code=0 aligned=1 homed=- ms=119.0 U=3134,61,-1,3,-3 R=1091,1090,-1,0,-1 F=674,673,-1,3,-8 D=3501,3501,0,2,-2 L=1250,1250,0,0,-1 B=1233,1233,0,0,-19
mv U' code=0 aligned=1 homed=- ms=119.0 U=63,1099,12,0,-3 R=1091,1090,-1,0,-1 F=674,673,-1,3,-8 D=3501,3501,0,2,-2 L=1249,1250,1,0,-1 B=1234,1233,-1,0,-19
mv U' code=0 aligned=1 homed=- ms=119.0 U=1102,2119,-7,1,-3 R=1091,1090,-1,0,-1 F=674,673,-1,3,-8 D=3501,3501,0,2,-2 L=1250,1250,0,0,-1 B=1233,1233,0,0,-19
mv U' code=0 aligned=1 homed=- ms=119.0 U=2122,3132,-14,2,0 R=1091,1091,0,0,0 F=674,673,-1,3,-8 D=3501,3501,0,2,-2 L=1249,1250,1,0,-1 B=1233,1233,0,0,-19
mv U' code=0 aligned=1 homed=- ms=119.0 U=3135,61,-2,3,-3 R=1091,1090,-1,0,-1 F=674,673,-1,3,-8 D=3501,3501,0,2,-2 L=1249,1250,1,0,-1 B=1233,1234,1,0,-18
mv U' code=0 aligned=1 homed=- ms=119.0 U=64,1100,12,0,-2 R=1091,1090,-1,0,-1 F=674,674,0,3,-7 D=3501,3501,0,2,-2 L=1249,1250,1,0,-1 B=1233,1233,0,0,-19
mv U' code=0 aligned=1 homed=- ms=119.0 U=1102,2119,-7,1,-3 R=1091,1090,-1,0,-1 F=674,674,0,3,-7 D=3501,3501,0,2,-2 L=1250,1250,0,0,-1 B=1234,1233,-1,0,-19
mv U' code=0 aligned=1 homed=- ms=119.0 U=2122,3132,-14,2,0 R=1091,1090,-1,0,-1 F=674,674,0,3,-7 D=3501,3501,0,2,-2 L=1249,1250,1,0,-1 B=1233,1233,0,0,-19
mv U' code=0 aligned=1 homed=- ms=119.0 U=3134,61,-1,3,-3 R=1091,1090,-1,0,-1 F=674,673,-1,3,-8 D=3501,3501,0,2,-2 L=1249,1250,1,0,-1 B=1233,1234,1,0,-18
mv U' code=0 aligned=1 homed=- ms=119.0 U=63,1100,13,0,-2 R=1091,1090,-1,0,-1 F=674,674,0,3,-7 D=3501,3501,0,2,-2 L=1250,1250,0,0,-1 B=1233,1234,1,0,-18
mv U' code=0 aligned=1 homed=- ms=119.0 U=1102,2119,-7,1,-3 R=1091,1090,-1,0,-1 F=674,673,-1,3,-8 D=3501,3501,0,2,-2 L=1249,1250,1,0,-1 B=1233,1233,0,0,-19
mv U' code=0 aligned=1 homed=- ms=119.0 U=2122,3132,-14,2,0 R=1091,1091,0,0,0 F=674,674,0,3,-7 D=3501,3501,0,2,-2 L=1249,1250,1,0,-1 B=1233,1233,0,0,-19
mv U' code=0 aligned=1 homed=- ms=119.0 U=3134,61,-1,3,-3 R=1091,1090,-1,0,-1 F=674,673,-1,3,-8 D=3501,3501,0,2,-2 L=1249,1250,1,0,-1 B=1233,1233,0,0,-19
mv U' code=0 aligned=1 homed=- ms=119.0 U=63,1100,13,0,-2 R=1091,1090,-1,0,-1 F=674,673,-1,3,-8 D=3501,3501,0,2,-2 L=1249,1250,1,0,-1 B=1234,1233,-1,0,-19
mv U' code=0 aligned=1 homed=- ms=119.0 U=1102,2119,-7,1,-3 R=1091,1090,-1,0,-1 F=674,673,-1,3,-8 D=3501,3501,0,2,-2 L=1250,1250,0,0,-1 B=1233,1233,0,0,-19
mv U' code=0 aligned=1 homed=- ms=119.0 U=2122,3132,-14,2,0 R=1091,1090,-1,0,-1 F=674,674,0,3,-7 D=3501,3501,0,2,-2 L=1250,1250,0,0,-1 B=1233,1233,0,0,-19
mv U' code=0 aligned=1 homed=- ms=119.0 U=3134,61,-1,3,-3 R=1091,1090,-1,0,-1 F=674,674,0,3,-7 D=3501,3501,0,2,-2 L=1249,1250,1,0,-1 B=1233,1233,0,0,-19
mv U' code=0 aligned=1 homed=- ms=119.0 U=63,1099,12,0,-3 R=1091,1090,-1,0,-1 F=674,674,0,3,-7 D=3501,3501,0,2,-2 L=1249,1250,1,0,-1 B=1233,1233,0,0,-19
mv U' code=0 aligned=1 homed=- ms=119.0 U=1102,2119,-7,1,-3 R=1091,1090,-1,0,-1 F=674,673,-1,3,-8 D=3501,3501,0,2,-2 L=1249,1250,1,0,-1 B=1234,1234,0,0,-18
mv U' code=0 aligned=1 homed=- ms=119.0 U=2122,3132,-14,2,0 R=1091,1090,-1,0,-1 F=674,673,-1,3,-8 D=3501,3501,0,2,-2 L=1249,1250,1,0,-1 B=1233,1233,0,0,-19
mv U' code=0 aligned=1 homed=- ms=119.0 U=3135,61,-2,3,-3 R=1091,1090,-1,0,-1 F=674,674,0,3,-7 D=3501,3501,0,2,-2 L=1249,1250,1,0,-1 B=1233,1233,0,0,-19
mv U' code=0 aligned=1 homed=- ms=119.0 U=63,1099,12,0,-3 R=1091,1090,-1,0,-1 F=674,673,-1,3,-8 D=3501,3501,0,2,-2 L=1250,1250,0,0,-1 B=1233,1233,0,0,-19
mv U' code=0 aligned=1 homed=- ms=119.0 U=1102,2119,-7,1,-3 R=1091,1090,-1,0,-1 F=674,673,-1,3,-8 D=3501,3501,0,2,-2 L=1249,1250,1,0,-1 B=1234,1233,-1,0,-19
mv U' code=0 aligned=1 homed=- ms=119.0 U=2122,3132,-14,2,0 R=1091,1090,-1,0,-1 F=674,673,-1,3,-8 D=3501,3501,0,2,-2 L=1249,1250,1,0,-1 B=1233,1233,0,0,-19
mv U' code=0 aligned=1 homed=- ms=119.0 U=3134,61,-1,3,-3 R=1091,1090,-1,0,-1 F=674,673,-1,3,-8 D=3501,3501,0,2,-2 L=1249,1250,1,0,-1 B=1233,1233,0,0,-19
mv U' code=0 aligned=1 homed=- ms=119.0 U=64,1100,12,0,-2 R=1091,1091,0,0,0 F=674,673,-1,3,-8 D=3501,3501,0,2,-2 L=1249,1250,1,0,-1 B=1233,1233,0,0,-19
mv U' code=0 aligned=1 homed=- ms=119.0 U=1102,2119,-7,1,-3 R=1091,1090,-1,0,-1 F=674,674,0,3,-7 D=3501,3501,0,2,-2 L=1249,1250,1,0,-1 B=1233,1234,1,0,-18
mv U' code=0 aligned=1 homed=- ms=119.0 U=2122,3132,-14,2,0 R=1091,1090,-1,0,-1 F=674,673,-1,3,-8 D=3501,3501,0,2,-2 L=1249,1250,1,0,-1 B=1233,1233,0,0,-19
mv U' code=0 aligned=1 homed=- ms=119.0 U=3134,61,-1,3,-3 R=1091,1090,-1,0,-1 F=674,673,-1,3,-8 D=3501,3501,0,2,-2 L=1249,1250,1,0,-1 B=1233,1233,0,0,-19
mv U' code=0 aligned=1 homed=- ms=119.0 U=63,1100,13,0,-2 R=1091,1090,-1,0,-1 F=674,673,-1,3,-8 D=3501,3501,0,2,-2 L=1249,1250,1,0,-1 B=1233,1233,0,0,-19
mv U' code=0 aligned=1 homed=- ms=119.0 U=1102,2119,-7,1,-3 R=1091,1090,-1,0,-1 F=674,674,0,3,-7 D=3501,3501,0,2,-2 L=1249,1250,1,0,-1 B=1233,1233,0,0,-19
mv U' code=0 aligned=1 homed=- ms=119.0 U=2122,3132,-14,2,0 R=1091,1090,-1,0,-1 F=674,673,-1,3,-8 D=3501,3501,0,2,-2 L=1249,1250,1,0,-1 B=1233,1233,0,0,-19
mv U' code=0 aligned=1 homed=- ms=119.0 U=3134,61,-1,3,-3 R=1091,1090,-1,0,-1 F=674,673,-1,3,-8 D=3501,3501,0,2,-2 L=1250,1250,0,0,-1 B=1233,1234,1,0,-18
mv U' code=0 aligned=1 homed=- ms=119.0 U=63,1099,12,0,-3 R=1091,1090,-1,0,-1 F=674,674,0,3,-7 D=3501,3501,0,2,-2 L=1249,1250,1,0,-1 B=1233,1233,0,0,-19
mv U' code=0 aligned=1 homed=- ms=119.0 U=1102,2119,-7,1,-3 R=1091,1090,-1,0,-1 F=674,673,-1,3,-8 D=3501,3501,0,2,-2 L=1250,1250,0,0,-1 B=1233,1233,0,0,-19
mv U' code=0 aligned=1 homed=- ms=119.0 U=2122,3132,-14,2,0 R=1091,1090,-1,0,-1 F=674,674,0,3,-7 D=3501,3501,0,2,-2 L=1249,1250,1,0,-1 B=1233,1233,0,0,-19
mv U' code=0 aligned=1 homed=- ms=119.0 U=3134,61,-1,3,-3 R=1091,1090,-1,0,-1 F=674,674,0,3,-7 D=3501,3501,0,2,-2 L=1249,1250,1,0,-1 B=1233,1233,0,0,-19
mv U' code=0 aligned=1 homed=- ms=119.0 U=64,1100,12,0,-2 R=1091,1090,-1,0,-1 F=674,674,0,3,-7 D=3501,3501,0,2,-2 L=1250,1250,0,0,-1 B=1233,1233,0,0,-19
mv U' code=0 aligned=1 homed=- ms=119.0 U=1102,2119,-7,1,-3 R=1091,1090,-1,0,-1 F=674,673,-1,3,-8 D=3501,3501,0,2,-2 L=1250,1250,0,0,-1 B=1233,1233,0,0,-19
mv U' code=0 aligned=1 homed=- ms=119.0 U=2122,3132,-14,2,0 R=1091,1090,-1,0,-1 F=674,673,-1,3,-8 D=3501,3501,0,2,-2 L=1249,1250,1,0,-1 B=1233,1233,0,0,-19
mv U' code=0 aligned=1 homed=- ms=119.0 U=3134,61,-1,3,-3 R=1091,1090,-1,0,-1 F=674,673,-1,3,-8 D=3501,3501,0,2,-2 L=1249,1250,1,0,-1 B=1233,1234,1,0,-18
mv U' code=0 aligned=1 homed=- ms=119.0 U=63,1099,12,0,-3 R=1091,1090,-1,0,-1 F=674,673,-1,3,-8 D=3501,3501,0,2,-2 L=1250,1250,0,0,-1 B=1234,1233,-1,0,-19
mv U' code=0 aligned=1 homed=- ms=119.0 U=1102,2119,-7,1,-3 R=1091,1090,-1,0,-1 F=674,673,-1,3,-8 D=3501,3501,0,2,-2 L=1249,1250,1,0,-1 B=1233,1233,0,0,-19
mv U' code=0 aligned=1 homed=- ms=119.0 U=2122,3132,-14,2,0 R=1091,1091,0,0,0 F=674,673,-1,3,-8 D=3501,3501,0,2,-2 L=1249,1250,1,0,-1 B=1233,1233,0,0,-19
mv U' code=0 aligned=1 homed=- ms=119.0 U=3134,61,-1,3,-3 R=1091,1090,-1,0,-1 F=674,674,0,3,-7 D=3501,3501,0,2,-2 L=1249,1250,1,0,-1 B=1233,1233,0,0,-19
mv U' code=0 aligned=1 homed=- ms=119.0 U=64,1100,12,0,-2 R=1091,1090,-1,0,-1 F=674,673,-1,3,-8 D=3501,3501,0,2,-2 L=1249,1250,1,0,-1 B=1233,1233,0,0,-19
mv U' code=0 aligned=1 homed=- ms=119.0 U=1102,2119,-7,1,-3 R=1091,1091,0,0,0 F=674,673,-1,3,-8 D=3501,3501,0,2,-2 L=1250,1250,0,0,-1 B=1234,1233,-1,0,-19
mv U' code=0 aligned=1 homed=- ms=119.0 U=2122,3132,-14,2,0 R=1091,1090,-1,0,-1 F=674,673,-1,3,-8 D=3501,3501,0,2,-2 L=1250,1250,0,0,-1 B=1233,1233,0,0,-19
mv U' code=0 aligned=1 homed=- ms=119.0 U=3134,61,-1,3,-3 R=1091,1090,-1,0,-1 F=674,673,-1,3,-8 D=3501,3501,0,2,-2 L=1249,1250,1,0,-1 B=1233,1233,0,0,-19
mv U' code=0 aligned=1 homed=- ms=119.0 U=63,1100,13,0,-2 R=1091,1090,-1,0,-1 F=674,674,0,3,-7 D=3501,3501,0,2,-2 L=1249,1250,1,0,-1 B=1233,1233,0,0,-19
mv U' code=0 aligned=1 homed=- ms=119.0 U=1102,2119,-7,1,-3 R=1091,1090,-1,0,-1 F=674,674,0,3,-7 D=3501,3501,0,2,-2 L=1249,1249,0,0,-2 B=1233,1233,0,0,-19
mv U' code=0 aligned=1 homed=- ms=119.0 U=2122,3132,-14,2,0 R=1091,1090,-1,0,-1 F=674,673,-1,3,-8 D=3501,3501,0,2,-2 L=1250,1249,-1,0,-2 B=1233,1233,0,0,-19
mv U' code=0 aligned=1 homed=- ms=119.0 U=3134,61,-1,3,-3 R=1091,1090,-1,0,-1 F=674,674,0,3,-7 D=3501,3501,0,2,-2 L=1249,1250,1,0,-1 B=1233,1233,0,0,-19
mv U' code=0 aligned=1 homed=- ms=119.0 U=63,1100,13,0,-2 R=1091,1090,-1,0,-1 F=674,674,0,3,-7 D=3501,3501,0,2,-2 L=1250,1250,0,0,-1 B=1233,1233,0,0,-19
mv U' code=0 aligned=1 homed=- ms=119.0 U=1102,2119,-7,1,-3 R=1091,1090,-1,0,-1 F=674,673,-1,3,-8 D=3501,3501,0,2,-2 L=1249,1250,1,0,-1 B=1233,1233,0,0,-19
mv U' code=0 aligned=1 homed=- ms=119.0 U=2122,3132,-14,2,0 R=1091,1090,-1,0,-1 F=674,673,-1,3,-8 D=3501,3501,0,2,-2 L=1250,1250,0,0,-1 B=1233,1234,1,0,-18
mv U' code=0 aligned=1 homed=- ms=119.0 U=3134,61,-1,3,-3 R=1091,1090,-1,0,-1 F=674,673,-1,3,-8 D=3501,3501,0,2,-2 L=1250,1250,0,0,-1 B=1233,1233,0,0,-19
mv U' code=0 aligned=1 homed=- ms=119.0 U=63,1099,12,0,-3 R=1091,1090,-1,0,-1 F=674,674,0,3,-7 D=3501,3501,0,2,-2 L=1250,1250,0,0,-1 B=1234,1233,-1,0,-19
mv U' code=0 aligned=1 homed=- ms=119.0 U=1101,2119,-6,1,-3 R=1091,1090,-1,0,-1 F=674,674,0,3,-7 D=3501,3501,0,2,-2 L=1250,1250,0,0,-1 B=1233,1233,0,0,-19
mv U' code=0 aligned=1 homed=- ms=119.0 U=2122,3132,-14,2,0 R=1091,1090,-1,0,-1 F=674,674,0,3,-7 D=3501,3501,0,2,-2 L=1250,1250,0,0,-1 B=1234,1233,-1,0,-19
mv U' code=0 aligned=1 homed=- ms=119.0 U=3135,61,-2,3,-3 R=1091,1090,-1,0,-1 F=674,673,-1,3,-8 D=3501,3501,0,2,-2 L=1249,1250,1,0,-1 B=1233,1234,1,0,-18
mv U' code=0 aligned=1 homed=- ms=119.0 U=63,1100,13,0,-2 R=1091,1090,-1,0,-1 F=674,674,0,3,-7 D=3501,3501,0,2,-2 L=1249,1250,1,0,-1 B=1233,1233,0,0,-19
mv U' code=0 aligned=1 homed=- ms=119.0 U=1102,2119,-7,1,-3 R=1091,1090,-1,0,-1 F=674,674,0,3,-7 D=3501,3501,0,2,-2 L=1249,1250,1,0,-1 B=1233,1233,0,0,-19
mv U' code=0 aligned=1 homed=- ms=119.0 U=2122,3132,-14,2,0 R=1091,1090,-1,0,-1 F=674,673,-1,3,-8 D=3501,3501,0,2,-2 L=1249,1250,1,0,-1 B=1233,1233,0,0,-19
mv U' code=0 aligned=1 homed=- ms=119.0 U=3134,61,-1,3,-3 R=1091,1090,-1,0,-1 F=674,673,-1,3,-8 D=3501,3501,0,2,-2 L=1250,1250,0,0,-1 B=1233,1233,0,0,-19
mv U' code=0 aligned=1 homed=- ms=119.0 U=63,1099,12,0,-3 R=1091,1090,-1,0,-1 F=674,674,0,3,-7 D=3501,3501,0,2,-2 L=1249,1250,1,0,-1 B=1233,1233,0,0,-19
mv U' code=0 aligned=1 homed=- ms=119.0 U=1102,2119,-7,1,-3 R=1091,1090,-1,0,-1 F=674,673,-1,3,-8 D=3501,3501,0,2,-2 L=1250,1250,0,0,-1 B=1233,1233,0,0,-19
mv U' code=0 aligned=1 homed=- ms=119.0 U=2122,3131,-15,2,-1 R=1091,1090,-1,0,-1 F=674,673,-1,3,-8 D=3501,3501,0,2,-2 L=1250,1250,0,0,-1 B=1233,1233,0,0,-19
mv U' code=0 aligned=1 homed=- ms=119.0 U=3134,61,-1,3,-3 R=1091,1091,0,0,0 F=674,674,0,3,-7 D=3501,3501,0,2,-2 L=1249,1250,1,0,-1 B=1233,1234,1,0,-18
mv U' code=0 aligned=1 homed=- ms=119.0 U=63,1100,13,0,-2 R=1091,1090,-1,0,-1 F=674,673,-1,3,-8 D=3501,3501,0,2,-2 L=1249,1250,1,0,-1 B=1233,1233,0,0,-19
mv U' code=0 aligned=1 homed=- ms=119.0 U=1102,2119,-7,1,-3 R=1091,1091,0,0,0 F=674,673,-1,3,-8 D=3501,3501,0,2,-2 L=1249,1250,1,0,-1 B=1233,1233,0,0,-19
mv U' code=0 aligned=1 homed=- ms=119.0 U=2122,3132,-14,2,0 R=1091,1090,-1,0,-1 F=674,673,-1,3,-8 D=3501,3501,0,2,-2 L=1250,1250,0,0,-1 B=1233,1233,0,0,-19
mv U' code=0 aligned=1 homed=- ms=119.0 U=3134,61,-1,3,-3 R=1091,1090,-1,0,-1 F=674,674,0,3,-7 D=3501,3501,0,2,-2 L=1250,1250,0,0,-1 B=1233,1233,0,0,-19
mv U' code=0 aligned=1 homed=- ms=119.0 U=63,1099,12,0,-3 R=1091,1090,-1,0,-1 F=674,673,-1,3,-8 D=3501,3501,0,2,-2 L=1249,1250,1,0,-1 B=1233,1233,0,0,-19
mv U' code=0 aligned=1 homed=- ms=119.0 U=1102,2119,-7,1,-3 R=1091,1090,-1,0,-1 F=674,674,0,3,-7 D=3501,3501,0,2,-2 L=1250,1250,0,0,-1 B=1234,1233,-1,0,-19
mv U' code=0 aligned=1 homed=- ms=119.0 U=2122,3132,-14,2,0 R=1091,1090,-1,0,-1 F=674,673,-1,3,-8 D=3501,3501,0,2,-2 L=1249,1250,1,0,-1 B=1233,1233,0,0,-19
mv U' code=0 aligned=1 homed=- ms=119.0 U=3134,61,-1,3,-3 R=1091,1090,-1,0,-1 F=674,673,-1,3,-8 D=3501,3501,0,2,-2 L=1250,1250,0,0,-1 B=1233,1233,0,0,-19
mv U' code=0 aligned=1 homed=- ms=119.0 U=63,1099,12,0,-3 R=1091,1090,-1,0,-1 F=674,674,0,3,-7 D=3501,3501,0,2,-2 L=1250,1250,0,0,-1 B=1233,1233,0,0,-19
mv U' code=0 aligned=1 homed=- ms=119.0 U=1102,2119,-7,1,-3 R=1091,1090,-1,0,-1 F=674,673,-1,3,-8 D=3501,3501,0,2,-2 L=1249,1250,1,0,-1 B=1233,1233,0,0,-19
mv U' code=0 aligned=1 homed=- ms=119.0 U=2122,3132,-14,2,0 R=1091,1090,-1,0,-1 F=674,674,0,3,-7 D=3501,3501,0,2,-2 L=1249,1250,1,0,-1 B=1233,1234,1,0,-18
mv U' code=0 aligned=1 homed=- ms=119.0 U=3134,61,-1,3,-3 R=1091,1090,-1,0,-1 F=674,674,0,3,-7 D=3501,3501,0,2,-2 L=1250,1250,0,0,-1 B=1233,1233,0,0,-19
mv U' code=0 aligned=1 homed=- ms=119.0 U=64,1100,12,0,-2 R=1091,1090,-1,0,-1 F=674,673,-1,3,-8 D=3501,3501,0,2,-2 L=1249,1250,1,0,-1 B=1233,1234,1,0,-18
mv U' code=0 aligned=1 homed=- ms=119.0 U=1102,2119,-7,1,-3 R=1091,1090,-1,0,-1 F=674,673,-1,3,-8 D=3501,3501,0,2,-2 L=1250,1250,0,0,-1 B=1233,1234,1,0,-18
mv U' code=0 aligned=1 homed=- ms=119.0 U=2122,3132,-14,2,0 R=1091,1090,-1,0,-1 F=674,673,-1,3,-8 D=3501,3501,0,2,-2 L=1250,1250,0,0,-1 B=1233,1234,1,0,-18
mv U' code=0 aligned=1 homed=- ms=119.0 U=3134,61,-1,3,-3 R=1091,1090,-1,0,-1 F=674,673,-1,3,-8 D=3501,3501,0,2,-2 L=1250,1250,0,0,-1 B=1233,1233,0,0,-19
mv U' code=0 aligned=1 homed=- ms=119.0 U=63,1099,12,0,-3 R=1091,1090,-1,0,-1 F=674,673,-1,3,-8 D=3501,3501,0,2,-2 L=1250,1250,0,0,-1 B=1233,1233,0,0,-19
mv U' code=0 aligned=1 homed=- ms=119.0 U=1101,2120,-5,1,-2 R=1091,1090,-1,0,-1 F=674,673,-1,3,-8 D=3501,3501,0,2,-2 L=1250,1250,0,0,-1 B=1233,1233,0,0,-19
mv U' code=0 aligned=1 homed=- ms=119.0 U=2122,3132,-14,2,0 R=1091,1090,-1,0,-1 F=674,673,-1,3,-8 D=3501,3501,0,2,-2 L=1249,1250,1,0,-1 B=1233,1233,0,0,-19
mv U' code=0 aligned=1 homed=- ms=119.0 U=3134,61,-1,3,-3 R=1091,1090,-1,0,-1 F=674,674,0,3,-7 D=3501,3501,0,2,-2 L=1249,1250,1,0,-1 B=1233,1234,1,0,-18
mv U' code=0 aligned=1 homed=- ms=119.0 U=63,1100,13,0,-2 R=1091,1090,-1,0,-1 F=674,673,-1,3,-8 D=3501,3501,0,2,-2 L=1249,1250,1,0,-1 B=1233,1233,0,0,-19
mv U' code=0 aligned=1 homed=- ms=119.0 U=1102,2119,-7,1,-3 R=1091,1090,-1,0,-1 F=674,673,-1,3,-8 D=3501,3501,0,2,-2 L=1250,1250,0,0,-1 B=1233,1233,0,0,-19
mv U' code=0 aligned=1 homed=- ms=119.0 U=2122,3132,-14,2,0 R=1091,1090,-1,0,-1 F=674,673,-1,3,-8 D=3501,3501,0,2,-2 L=1249,1250,1,0,-1 B=1233,1233,0,0,-19
mv U' code=0 aligned=1 homed=- ms=119.0 U=3134,61,-1,3,-3 R=1091,1090,-1,0,-1 F=674,673,-1,3,-8 D=3501,3501,0,2,-2 L=1250,1250,0,0,-1 B=1233,1233,0,0,-19
mv U' code=0 aligned=1 homed=- ms=119.0 U=63,1099,12,0,-3 R=1091,1090,-1,0,-1 F=674,673,-1,3,-8 D=3501,3501,0,2,-2 L=1249,1250,1,0,-1 B=1233,1233,0,0,-19
mv U' code=0 aligned=1 homed=- ms=119.0 U=1102,2120,-6,1,-2 R=1091,1090,-1,0,-1 F=674,674,0,3,-7 D=3501,3501,0,2,-2 L=1249,1250,1,0,-1 B=1233,1233,0,0,-19
mv U' code=0 aligned=1 homed=- ms=119.0 U=2122,3131,-15,2,-1 R=1091,1090,-1,0,-1 F=674,673,-1,3,-8 D=3501,3501,0,2,-2 L=1249,1250,1,0,-1 B=1233,1233,0,0,-19
mv U' code=0 aligned=1 homed=- ms=119.0 U=3134,61,-1,3,-3 R=1091,1090,-1,0,-1 F=674,673,-1,3,-8 D=3502,3501,-1,2,-2 L=1249,1250,1,0,-1 B=1233,1233,0,0,-19
mv U' code=0 aligned=1 homed=- ms=119.0 U=64,1100,12,0,-2 R=1091,1091,0,0,0 F=674,673,-1,3,-8 D=3501,3501,0,2,-2 L=1250,1250,0,0,-1 B=1233,1233,0,0,-19
mv U' code=0 aligned=1 homed=- ms=119.0 U=1102,2119,-7,1,-3 R=1091,1090,-1,0,-1 F=674,673,-1,3,-8 D=3501,3501,0,2,-2 L=1249,1250,1,0,-1 B=1233,1233,0,0,-19
mv U' code=0 aligned=1 homed=- ms=119.0 U=2122,3132,-14,2,0 R=1091,1090,-1,0,-1 F=674,674,0,3,-7 D=3501,3501,0,2,-2 L=1249,1250,1,0,-1 B=1233,1233,0,0,-19
mv U' code=0 aligned=1 homed=- ms=119.0 U=3134,61,-1,3,-3 R=1091,1090,-1,0,-1 F=674,674,0,3,-7 D=3501,3501,0,2,-2 L=1249,1249,0,0,-2 B=1233,1233,0,0,-19
mv U' code=0 aligned=1 homed=- ms=119.0 U=64,1100,12,0,-2 R=1091,1090,-1,0,-1 F=674,673,-1,3,-8 D=3501,3501,0,2,-2 L=1249,1250,1,0,-1 B=1233,1233,0,0,-19
mv U' code=0 aligned=1 homed=- ms=119.0 U=1102,2119,-7,1,-3 R=1091,1090,-1,0,-1 F=674,673,-1,3,-8 D=3502,3501,-1,2,-2 L=1249,1250,1,0,-1 B=1233,1233,0,0,-19
mv U' code=0 aligned=1 homed=- ms=119.0 U=2121,3132,-13,2,0 R=1091,1090,-1,0,-1 F=674,673,-1,3,-8 D=3501,3501,0,2,-2 L=1249,1251,2,0,0 B=1234,1233,-1,0,-19
mv U' code=0 aligned=1 homed=- ms=119.0 U=3134,61,-1,3,-3 R=1091,1090,-1,0,-1 F=674,674,0,3,-7 D=3501,3501,0,2,-2 L=1250,1250,0,0,-1 B=1233,1233,0,0,-19
mv U' code=0 aligned=1 homed=- ms=119.0 U=64,1099,11,0,-3 R=1091,1090,-1,0,-1 F=674,674,0,3,-7 D=3501,3501,0,2,-2 L=1250,1250,0,0,-1 B=1233,1233,0,0,-19
mv U' code=0 aligned=1 homed=- ms=119.0 U=1102,2119,-7,1,-3 R=1091,1090,-1,0,-1 F=674,673,-1,3,-8 D=3501,3501,0,2,-2 L=1250,1250,0,0,-1 B=1233,1233,0,0,-19
mv U' code=0 aligned=1 homed=- ms=119.0 U=2122,3132,-14,2,0 R=1091,1090,-1,0,-1 F=674,673,-1,3,-8 D=3501,3501,0,2,-2 L=1250,1250,0,0,-1 B=1233,1233,0,0,-19
mv U' code=0 aligned=1 homed=- ms=119.0 U=3134,61,-1,3,-3 R=1091,1090,-1,0,-1 F=674,674,0,3,-7 D=3501,3501,0,2,-2 L=1250,1250,0,0,-1 B=1233,1234,1,0,-18
mv U' code=0 aligned=1 homed=- ms=119.0 U=63,1099,12,0,-3 R=1091,1090,-1,0,-1 F=674,674,0,3,-7 D=3501,3501,0,2,-2 L=1250,1250,0,0,-1 B=1233,1233,0,0,-19
mv U' code=0 aligned=1 homed=- ms=119.0 U=1102,2119,-7,1,-3 R=1091,1090,-1,0,-1 F=674,674,0,3,-7 D=3501,3501,0,2,-2 L=1249,1250,1,0,-1 B=1233,1233,0,0,-19
mv U' code=0 aligned=1 homed=- ms=119.0 U=2122,3132,-14,2,0 R=1091,1090,-1,0,-1 F=674,673,-1,3,-8 D=3501,3501,0,2,-2 L=1249,1250,1,0,-1 B=1233,1233,0,0,-19
mv U' code=0 aligned=1 homed=- ms=119.0 U=3135,61,-2,3,-3 R=1091,1090,-1,0,-1 F=674,673,-1,3,-8 D=3501,3501,0,2,-2 L=1249,1250,1,0,-1 B=1233,1234,1,0,-18
mv U' code=0 aligned=1 homed=- ms=119.0 U=63,1100,13,0,-2 R=1091,1090,-1,0,-1 F=674,673,-1,3,-8 D=3501,3501,0,2,-2 L=1250,1250,0,0,-1 B=1233,1233,0,0,-19
mv U' code=0 aligned=1 homed=- ms=119.0 U=1102,2119,-7,1,-3 R=1091,1091,0,0,0 F=674,674,0,3,-7 D=3501,3501,0,2,-2 L=1249,1250,1,0,-1 B=1233,1233,0,0,-19
mv U' code=0 aligned=1 homed=- ms=119.0 U=2122,3132,-14,2,0 R=1091,1090,-1,0,-1 F=674,674,0,3,-7 D=3501,3501,0,2,-2 L=1249,1250,1,0,-1 B=1233,1233,0,0,-19
mv U' code=0 aligned=1 homed=- ms=119.0 U=3134,61,-1,3,-3 R=1091,1090,-1,0,-1 F=674,673,-1,3,-8 D=3501,3501,0,2,-2 L=1249,1250,1,0,-1 B=1233,1233,0,0,-19
mv U' code=0 aligned=1 homed=- ms=119.0 U=63,1100,13,0,-2 R=1091,1090,-1,0,-1 F=674,673,-1,3,-8 D=3501,3501,0,2,-2 L=1249,1250,1,0,-1 B=1234,1233,-1,0,-19
mv U' code=0 aligned=1 homed=- ms=119.0 U=1102,2119,-7,1,-3 R=1091,1090,-1,0,-1 F=674,673,-1,3,-8 D=3501,3501,0,2,-2 L=1249,1250,1,0,-1 B=1233,1233,0,0,-19
mv U' code=0 aligned=1 homed=- ms=119.0 U=2122,3132,-14,2,0 R=1091,1090,-1,0,-1 F=674,674,0,3,-7 D=3501,3501,0,2,-2 L=1249,1250,1,0,-1 B=1233,1233,0,0,-19
mv U' code=0 aligned=1 homed=- ms=119.0 U=3134,61,-1,3,-3 R=1091,1090,-1,0,-1 F=674,674,0,3,-7 D=3501,3501,0,2,-2 L=1249,1250,1,0,-1 B=1233,1233,0,0,-19
mv U' code=0 aligned=1 homed=- ms=119.0 U=63,1100,13,0,-2 R=1091,1091,0,0,0 F=674,673,-1,3,-8 D=3501,3501,0,2,-2 L=1249,1250,1,0,-1 B=1233,1233,0,0,-19
mv U' code=0 aligned=1 homed=- ms=119.0 U=1102,2119,-7,1,-3 R=1091,1090,-1,0,-1 F=674,673,-1,3,-8 D=3501,3501,0,2,-2 L=1250,1250,0,0,-1 B=1233,1234,1,0,-18
mv U' code=0 aligned=1 homed=- ms=119.0 U=2122,3132,-14,2,0 R=1091,1090,-1,0,-1 F=674,674,0,3,-7 D=3501,3501,0,2,-2 L=1249,1250,1,0,-1 B=1233,1233,0,0,-19
mv U' code=0 aligned=1 homed=- ms=119.0 U=3134,61,-1,3,-3 R=1091,1090,-1,0,-1 F=674,674,0,3,-7 D=3501,3501,0,2,-2 L=1250,1250,0,0,-1 B=1233,1233,0,0,-19
mv U' code=0 aligned=1 homed=- ms=119.0 U=63,1100,13,0,-2 R=1091,1090,-1,0,-1 F=674,673,-1,3,-8 D=3501,3501,0,2,-2 L=1249,1250,1,0,-1 B=1233,1233,0,0,-19
mv U' code=0 aligned=1 homed=- ms=119.0 U=1102,2119,-7,1,-3 R=1091,1091,0,0,0 F=674,673,-1,3,-8 D=3501,3501,0,2,-2 L=1249,1250,1,0,-1 B=1233,1233,0,0,-19
mv U' code=0 aligned=1 homed=- ms=119.0 U=2122,3133,-13,2,1 R=1091,1090,-1,0,-1 F=674,674,0,3,-7 D=3501,3501,0,2,-2 L=1250,1250,0,0,-1 B=1233,1233,0,0,-19
mv U' code=0 aligned=1 homed=- ms=119.0 U=3135,61,-2,3,-3 R=1091,1090,-1,0,-1 F=674,673,-1,3,-8 D=3501,3501,0,2,-2 L=1249,1250,1,0,-1 B=1233,1233,0,0,-19
mv U' code=0 aligned=1 homed=- ms=119.0 U=63,1100,13,0,-2 R=1091,1091,0,0,0 F=674,673,-1,3,-8 D=3501,3501,0,2,-2 L=1249,1250,1,0,-1 B=1234,1233,-1,0,-19
mv U' code=0 aligned=1 homed=- ms=119.0 U=1102,2119,-7,1,-3 R=1091,1090,-1,0,-1 F=674,674,0,3,-7 D=3501,3501,0,2,-2 L=1249,1250,1,0,-1 B=1233,1233,0,0,-19
mv U' code=0 aligned=1 homed=- ms=119.0 U=2122,3132,-14,2,0 R=1091,1090,-1,0,-1 F=674,673,-1,3,-8 D=3501,3501,0,2,-2 L=1249,1250,1,0,-1 B=1233,1233,0,0,-19
mv U' code=0 aligned=1 homed=- ms=119.0 U=3134,61,-1,3,-3 R=1091,1090,-1,0,-1 F=674,673,-1,3,-8 D=3501,3501,0,2,-2 L=1250,1250,0,0,-1 B=1233,1233,0,0,-19
mv U' code=0 aligned=1 homed=- ms=119.0 U=64,1100,12,0,-2 R=1091,1090,-1,0,-1 F=674,673,-1,3,-8 D=3501,3501,0,2,-2 L=1249,1250,1,0,-1 B=1233,1233,0,0,-19
mv U' code=0 aligned=1 homed=- ms=119.0 U=1102,2119,-7,1,-3 R=1091,1090,-1,0,-1 F=674,673,-1,3,-8 D=3501,3501,0,2,-2 L=1249,1250,1,0,-1 B=1233,1233,0,0,-19
mv U' code=0 aligned=1 homed=- ms=119.0 U=2122,3132,-14,2,0 R=1091,1090,-1,0,-1 F=674,674,0,3,-7 D=3501,3501,0,2,-2 L=1250,1250,0,0,-1 B=1233,1233,0,0,-19
rep moves=200 notaligned=0 homings=0 failures=0 avgms=119.0
res U=200,-2.4,10.0,15 R=- F=- D=- L=- B=-
ok
> health
health U=1,1,0/128/685 R=1,1,0/128/1624 F=1,1,0/128/1792 D=1,1,0/128/1578 L=1,1,0/128/681 B=1,1,0/128/1288 RING=1,1,0/128/1608
ok
> home
[align] motor 0 err=2 counts (0.2 steps)
[align] motor 1 err=0 counts (0.0 steps)
[align] motor 2 err=-7 counts (-0.7 steps)
[align] motor 3 err=-1 counts (-0.1 steps)
[align] motor 4 err=-2 counts (-0.2 steps)
[align] motor 5 err=-19 counts (-1.9 steps)
home code=0 ms=6 en=0
enc U=3132 R=1090 F=674 D=3501 L=1250 B=1233 RING=2768
near U=2:0 R=0:-1 F=3:-7 D=2:-2 L=0:-1 B=0:-19
ok
> enc
enc U=3134 R=1091 F=674 D=3501 L=1249 B=1233 RING=2768
near U=2:2 R=0:0 F=3:-7 D=2:-2 L=0:-2 B=0:-19
ok
> rep 50 U2 U2
mv U2 code=0 aligned=1 homed=- ms=219.0 U=3135,1099,12,0,-3 R=1091,1091,0,0,0 F=674,674,0,3,-7 D=3501,3501,0,2,-2 L=1249,1250,1,0,-1 B=1233,1233,0,0,-19
mv U2 code=0 aligned=1 homed=- ms=219.0 U=1103,3131,-20,2,-1 R=1091,1091,0,0,0 F=674,673,-1,3,-8 D=3501,3501,0,2,-2 L=1250,1250,0,0,-1 B=1233,1233,0,0,-19
mv U2 code=0 aligned=1 homed=- ms=219.0 U=3135,1098,11,0,-4 R=1091,1090,-1,0,-1 F=674,673,-1,3,-8 D=3501,3501,0,2,-2 L=1249,1250,1,0,-1 B=1233,1234,1,0,-18
mv U2 code=0 aligned=1 homed=- ms=219.0 U=1102,3132,-18,2,0 R=1091,1090,-1,0,-1 F=674,673,-1,3,-8 D=3501,3501,0,2,-2 L=1249,1250,1,0,-1 B=1233,1233,0,0,-19
mv U2 code=0 aligned=1 homed=- ms=219.0 U=3135,1099,12,0,-3 R=1091,1090,-1,0,-1 F=674,673,-1,3,-8 D=3501,3501,0,2,-2 L=1249,1250,1,0,-1 B=1233,1233,0,0,-19
mv U2 code=0 aligned=1 homed=- ms=219.0 U=1103,3132,-19,2,0 R=1091,1091,0,0,0 F=674,673,-1,3,-8 D=3501,3501,0,2,-2 L=1249,1250,1,0,-1 B=1233,1234,1,0,-18
mv U2 code=0 aligned=1 homed=- ms=219.0 U=3135,1098,11,0,-4 R=1091,1090,-1,0,-1 F=674,673,-1,3,-8 D=3501,3501,0,2,-2 L=1249,1250,1,0,-1 B=1233,1234,1,0,-18
mv U2 code=0 aligned=1 homed=- ms=219.0 U=1103,3131,-20,2,-1 R=1091,1090,-1,0,-1 F=674,673,-1,3,-8 D=3501,3501,0,2,-2 L=1249,1250,1,0,-1 B=1233,1233,0,0,-19
mv U2 code=0 aligned=1 homed=- ms=219.0 U=3136,1099,11,0,-3 R=1091,1090,-1,0,-1 F=674,673,-1,3,-8 D=3501,3501,0,2,-2 L=1249,1250,1,0,-1 B=1233,1233,0,0,-19
mv U2 code=0 aligned=1 homed=- ms=219.0 U=1103,3131,-20,2,-1 R=1091,1090,-1,0,-1 F=674,673,-1,3,-8 D=3501,3501,0,2,-2 L=1250,1250,0,0,-1 B=1234,1233,-1,0,-19
mv U2 code=0 aligned=1 homed=- ms=219.0 U=3135,1099,12,0,-3 R=1091,1090,-1,0,-1 F=674,673,-1,3,-8 D=3501,3501,0,2,-2 L=1249,1249,0,0,-2 B=1233,1233,0,0,-19
mv U2 code=0 aligned=1 homed=- ms=219.0 U=1103,3131,-20,2,-1 R=1091,1090,-1,0,-1 F=674,673,-1,3,-8 D=3501,3501,0,2,-2 L=1249,1250,1,0,-1 B=1233,1233,0,0,-19
mv U2 code=0 aligned=1 homed=- ms=219.0 U=3135,1099,12,0,-3 R=1091,1090,-1,0,-1 F=674,673,-1,3,-8 D=3501,3501,0,2,-2 L=1249,1250,1,0,-1 B=1233,1233,0,0,-19
mv U2 code=0 aligned=1 homed=- ms=219.0 U=1103,3131,-20,2,-1 R=1091,1090,-1,0,-1 F=674,674,0,3,-7 D=3501,3501,0,2,-2 L=1250,1250,0,0,-1 B=1233,1233,0,0,-19
mv U2 code=0 aligned=1 homed=- ms=219.0 U=3135,1099,12,0,-3 R=1091,1090,-1,0,-1 F=674,673,-1,3,-8 D=3501,3501,0,2,-2 L=1249,1250,1,0,-1 B=1233,1233,0,0,-19
mv U2 code=0 aligned=1 homed=- ms=219.0 U=1102,3131,-19,2,-1 R=1091,1090,-1,0,-1 F=674,673,-1,3,-8 D=3501,3501,0,2,-2 L=1250,1250,0,0,-1 B=1234,1233,-1,0,-19
mv U2 code=0 aligned=1 homed=- ms=219.0 U=3135,1099,12,0,-3 R=1091,1090,-1,0,-1 F=674,673,-1,3,-8 D=3501,3501,0,2,-2 L=1249,1250,1,0,-1 B=1233,1233,0,0,-19
mv U2 code=0 aligned=1 homed=- ms=219.0 U=1103,3132,-19,2,0 R=1091,1091,0,0,0 F=674,674,0,3,-7 D=3501,3501,0,2,-2 L=1249,1250,1,0,-1 B=1234,1233,-1,0,-19
mv U2 code=0 aligned=1 homed=- ms=219.0 U=3135,1099,12,0,-3 R=1091,1090,-1,0,-1 F=674,673,-1,3,-8 D=3501,3501,0,2,-2 L=1250,1250,0,0,-1 B=1233,1234,1,0,-18
mv U2 code=0 aligned=1 homed=- ms=219.0 U=1102,3131,-19,2,-1 R=1091,1090,-1,0,-1 F=674,673,-1,3,-8 D=3501,3501,0,2,-2 L=1249,1250,1,0,-1 B=1234,1233,-1,0,-19
mv U2 code=0 aligned=1 homed=- ms=219.0 U=3135,1099,12,0,-3 R=1091,1090,-1,0,-1 F=674,673,-1,3,-8 D=3501,3501,0,2,-2 L=1250,1250,0,0,-1 B=1234,1233,-1,0,-19
mv U2 code=0 aligned=1 homed=- ms=219.0 U=1102,3131,-19,2,-1 R=1091,1090,-1,0,-1 F=674,674,0,3,-7 D=3501,3501,0,2,-2 L=1250,1250,0,0,-1 B=1233,1233,0,0,-19
mv U2 code=0 aligned=1 homed=- ms=219.0 U=3136,1099,11,0,-3 R=1091,1091,0,0,0 F=674,674,0,3,-7 D=3501,3501,0,2,-2 L=1249,1250,1,0,-1 B=1233,1233,0,0,-19
mv U2 code=0 aligned=1 homed=- ms=219.0 U=1103,3131,-20,2,-1 R=1091,1090,-1,0,-1 F=674,673,-1,3,-8 D=3501,3501,0,2,-2 L=1250,1250,0,0,-1 B=1233,1233,0,0,-19
mv U2 code=0 aligned=1 homed=- ms=219.0 U=3136,1098,10,0,-4 R=1091,1090,-1,0,-1 F=674,673,-1,3,-8 D=3501,3501,0,2,-2 L=1250,1250,0,0,-1 B=1233,1233,0,0,-19
mv U2 code=0 aligned=1 homed=- ms=219.0 U=1103,3131,-20,2,-1 R=1091,1090,-1,0,-1 F=674,673,-1,3,-8 D=3501,3501,0,2,-2 L=1249,1250,1,0,-1 B=1233,1233,0,0,-19
mv U2 code=0 aligned=1 homed=- ms=219.0 U=3135,1099,12,0,-3 R=1091,1090,-1,0,-1 F=674,673,-1,3,-8 D=3501,3501,0,2,-2 L=1249,1250,1,0,-1 B=1233,1233,0,0,-19
mv U2 code=0 aligned=1 homed=- ms=219.0 U=1103,3131,-20,2,-1 R=1091,1090,-1,0,-1 F=674,673,-1,3,-8 D=3501,3501,0,2,-2 L=1249,1250,1,0,-1 B=1233,1233,0,0,-19
mv U2 code=0 aligned=1 homed=- ms=219.0 U=3135,1099,12,0,-3 R=1091,1090,-1,0,-1 F=674,673,-1,3,-8 D=3501,3501,0,2,-2 L=1249,1250,1,0,-1 B=1233,1234,1,0,-18
mv U2 code=0 aligned=1 homed=- ms=219.0 U=1103,3131,-20,2,-1 R=1091,1091,0,0,0 F=674,673,-1,3,-8 D=3501,3501,0,2,-2 L=1250,1250,0,0,-1 B=1233,1233,0,0,-19
mv U2 code=0 aligned=1 homed=- ms=219.0 U=3136,1099,11,0,-3 R=1091,1091,0,0,0 F=674,674,0,3,-7 D=3501,3501,0,2,-2 L=1250,1250,0,0,-1 B=1233,1233,0,0,-19
mv U2 code=0 aligned=1 homed=- ms=219.0 U=1102,3131,-19,2,-1 R=1091,1090,-1,0,-1 F=674,673,-1,3,-8 D=3501,3501,0,2,-2 L=1249,1250,1,0,-1 B=1234,1233,-1,0,-19
mv U2 code=0 aligned=1 homed=- ms=219.0 U=3135,1098,11,0,-4 R=1091,1090,-1,0,-1 F=674,673,-1,3,-8 D=3501,3501,0,2,-2 L=1249,1250,1,0,-1 B=1234,1233,-1,0,-19
mv U2 code=0 aligned=1 homed=- ms=219.0 U=1103,3131,-20,2,-1 R=1091,1090,-1,0,-1 F=674,673,-1,3,-8 D=3501,3501,0,2,-2 L=1250,1250,0,0,-1 B=1234,1233,-1,0,-19
mv U2 code=0 aligned=1 homed=- ms=219.0 U=3135,1099,12,0,-3 R=1091,1090,-1,0,-1 F=674,674,0,3,-7 D=3501,3501,0,2,-2 L=1250,1250,0,0,-1 B=1233,1233,0,0,-19
mv U2 code=0 aligned=1 homed=- ms=219.0 U=1102,3131,-19,2,-1 R=1091,1090,-1,0,-1 F=674,674,0,3,-7 D=3501,3501,0,2,-2 L=1249,1250,1,0,-1 B=1233,1234,1,0,-18
mv U2 code=0 aligned=1 homed=- ms=219.0 U=3135,1099,12,0,-3 R=1091,1090,-1,0,-1 F=674,673,-1,3,-8 D=3501,3501,0,2,-2 L=1249,1250,1,0,-1 B=1234,1233,-1,0,-19
mv U2 code=0 aligned=1 homed=- ms=219.0 U=1103,3131,-20,2,-1 R=1091,1091,0,0,0 F=674,673,-1,3,-8 D=3501,3501,0,2,-2 L=1249,1250,1,0,-1 B=1234,1233,-1,0,-19
mv U2 code=0 aligned=1 homed=- ms=219.0 U=3135,1098,11,0,-4 R=1091,1090,-1,0,-1 F=674,674,0,3,-7 D=3501,3501,0,2,-2 L=1249,1250,1,0,-1 B=1233,1234,1,0,-18
mv U2 code=0 aligned=1 homed=- ms=219.0 U=1103,3131,-20,2,-1 R=1091,1090,-1,0,-1 F=674,673,-1,3,-8 D=3501,3501,0,2,-2 L=1249,1250,1,0,-1 B=1233,1233,0,0,-19
mv U2 code=0 aligned=1 homed=- ms=219.0 U=3135,1098,11,0,-4 R=1091,1090,-1,0,-1 F=674,673,-1,3,-8 D=3501,3501,0,2,-2 L=1250,1250,0,0,-1 B=1233,1234,1,0,-18
mv U2 code=0 aligned=1 homed=- ms=219.0 U=1102,3132,-18,2,0 R=1091,1090,-1,0,-1 F=674,673,-1,3,-8 D=3501,3501,0,2,-2 L=1250,1250,0,0,-1 B=1233,1233,0,0,-19
mv U2 code=0 aligned=1 homed=- ms=219.0 U=3135,1099,12,0,-3 R=1091,1090,-1,0,-1 F=674,673,-1,3,-8 D=3501,3501,0,2,-2 L=1249,1250,1,0,-1 B=1233,1233,0,0,-19
mv U2 code=0 aligned=1 homed=- ms=219.0 U=1103,3131,-20,2,-1 R=1091,1090,-1,0,-1 F=674,673,-1,3,-8 D=3501,3501,0,2,-2 L=1249,1250,1,0,-1 B=1234,1233,-1,0,-19
mv U2 code=0 aligned=1 homed=- ms=219.0 U=3135,1099,12,0,-3 R=1091,1090,-1,0,-1 F=674,673,-1,3,-8 D=3501,3501,0,2,-2 L=1249,1250,1,0,-1 B=1233,1234,1,0,-18
mv U2 code=0 aligned=1 homed=- ms=219.0 U=1102,3131,-19,2,-1 R=1091,1090,-1,0,-1 F=674,673,-1,3,-8 D=3501,3501,0,2,-2 L=1249,1250,1,0,-1 B=1233,1233,0,0,-19
mv U2 code=0 aligned=1 homed=- ms=219.0 U=3135,1099,12,0,-3 R=1091,1090,-1,0,-1 F=674,674,0,3,-7 D=3501,3501,0,2,-2 L=1249,1250,1,0,-1 B=1233,1233,0,0,-19
mv U2 code=0 aligned=1 homed=- ms=219.0 U=1103,3131,-20,2,-1 R=1091,1090,-1,0,-1 F=674,673,-1,3,-8 D=3501,3501,0,2,-2 L=1250,1250,0,0,-1 B=1233,1234,1,0,-18
mv U2 code=0 aligned=1 homed=- ms=219.0 U=3135,1099,12,0,-3 R=1091,1090,-1,0,-1 F=674,673,-1,3,-8 D=3501,3501,0,2,-2 L=1249,1250,1,0,-1 B=1233,1233,0,0,-19
mv U2 code=0 aligned=1 homed=- ms=219.0 U=1103,3131,-20,2,-1 R=1091,1090,-1,0,-1 F=674,674,0,3,-7 D=3501,3501,0,2,-2 L=1250,1250,0,0,-1 B=1233,1233,0,0,-19
mv U2 code=0 aligned=1 homed=- ms=219.0 U=3135,1099,12,0,-3 R=1091,1090,-1,0,-1 F=674,674,0,3,-7 D=3501,3501,0,2,-2 L=1249,1250,1,0,-1 B=1233,1233,0,0,-19
mv U2 code=0 aligned=1 homed=- ms=219.0 U=1103,3132,-19,2,0 R=1091,1090,-1,0,-1 F=674,674,0,3,-7 D=3501,3501,0,2,-2 L=1249,1250,1,0,-1 B=1233,1233,0,0,-19
mv U2 code=0 aligned=1 homed=- ms=219.0 U=3135,1099,12,0,-3 R=1091,1090,-1,0,-1 F=674,673,-1,3,-8 D=3501,3501,0,2,-2 L=1249,1250,1,0,-1 B=1233,1233,0,0,-19
mv U2 code=0 aligned=1 homed=- ms=219.0 U=1103,3131,-20,2,-1 R=1091,1090,-1,0,-1 F=674,673,-1,3,-8 D=3501,3501,0,2,-2 L=1249,1250,1,0,-1 B=1233,1234,1,0,-18
mv U2 code=0 aligned=1 homed=- ms=219.0 U=3135,1099,12,0,-3 R=1091,1090,-1,0,-1 F=674,674,0,3,-7 D=3501,3501,0,2,-2 L=1249,1250,1,0,-1 B=1233,1233,0,0,-19
mv U2 code=0 aligned=1 homed=- ms=219.0 U=1102,3131,-19,2,-1 R=1091,1090,-1,0,-1 F=674,673,-1,3,-8 D=3501,3501,0,2,-2 L=1250,1250,0,0,-1 B=1233,1233,0,0,-19
mv U2 code=0 aligned=1 homed=- ms=219.0 U=3135,1098,11,0,-4 R=1091,1090,-1,0,-1 F=674,673,-1,3,-8 D=3501,3501,0,2,-2 L=1250,1250,0,0,-1 B=1233,1233,0,0,-19
mv U2 code=0 aligned=1 homed=- ms=219.0 U=1102,3131,-19,2,-1 R=1091,1090,-1,0,-1 F=674,673,-1,3,-8 D=3501,3501,0,2,-2 L=1249,1250,1,0,-1 B=1233,1233,0,0,-19
mv U2 code=0 aligned=1 homed=- ms=219.0 U=3135,1099,12,0,-3 R=1091,1090,-1,0,-1 F=674,673,-1,3,-8 D=3501,3501,0,2,-2 L=1249,1250,1,0,-1 B=1233,1233,0,0,-19
mv U2 code=0 aligned=1 homed=- ms=219.0 U=1103,3131,-20,2,-1 R=1091,1090,-1,0,-1 F=674,673,-1,3,-8 D=3501,3501,0,2,-2 L=1250,1250,0,0,-1 B=1233,1233,0,0,-19
mv U2 code=0 aligned=1 homed=- ms=219.0 U=3135,1098,11,0,-4 R=1091,1090,-1,0,-1 F=674,673,-1,3,-8 D=3501,3501,0,2,-2 L=1250,1250,0,0,-1 B=1234,1233,-1,0,-19
mv U2 code=0 aligned=1 homed=- ms=219.0 U=1103,3131,-20,2,-1 R=1091,1091,0,0,0 F=674,673,-1,3,-8 D=3501,3501,0,2,-2 L=1249,1250,1,0,-1 B=1233,1234,1,0,-18
mv U2 code=0 aligned=1 homed=- ms=219.0 U=3135,1099,12,0,-3 R=1091,1090,-1,0,-1 F=674,674,0,3,-7 D=3501,3501,0,2,-2 L=1250,1250,0,0,-1 B=1233,1233,0,0,-19
mv U2 code=0 aligned=1 homed=- ms=219.0 U=1102,3131,-19,2,-1 R=1091,1090,-1,0,-1 F=674,673,-1,3,-8 D=3501,3501,0,2,-2 L=1249,1250,1,0,-1 B=1233,1233,0,0,-19
mv U2 code=0 aligned=1 homed=- ms=219.0 U=3135,1098,11,0,-4 R=1091,1090,-1,0,-1 F=674,673,-1,3,-8 D=3501,3501,0,2,-2 L=1249,1250,1,0,-1 B=1233,1233,0,0,-19
mv U2 code=0 aligned=1 homed=- ms=219.0 U=1103,3131,-20,2,-1 R=1091,1090,-1,0,-1 F=674,674,0,3,-7 D=3501,3501,0,2,-2 L=1249,1250,1,0,-1 B=1233,1233,0,0,-19
mv U2 code=0 aligned=1 homed=- ms=219.0 U=3135,1099,12,0,-3 R=1091,1090,-1,0,-1 F=674,673,-1,3,-8 D=3501,3501,0,2,-2 L=1249,1250,1,0,-1 B=1233,1233,0,0,-19
mv U2 code=0 aligned=1 homed=- ms=219.0 U=1102,3131,-19,2,-1 R=1091,1090,-1,0,-1 F=674,674,0,3,-7 D=3501,3501,0,2,-2 L=1249,1250,1,0,-1 B=1233,1233,0,0,-19
mv U2 code=0 aligned=1 homed=- ms=219.0 U=3136,1099,11,0,-3 R=1091,1090,-1,0,-1 F=674,673,-1,3,-8 D=3501,3501,0,2,-2 L=1250,1250,0,0,-1 B=1234,1233,-1,0,-19
mv U2 code=0 aligned=1 homed=- ms=219.0 U=1103,3131,-20,2,-1 R=1091,1090,-1,0,-1 F=674,674,0,3,-7 D=3501,3501,0,2,-2 L=1249,1250,1,0,-1 B=1234,1233,-1,0,-19
mv U2 code=0 aligned=1 homed=- ms=219.0 U=3135,1099,12,0,-3 R=1091,1090,-1,0,-1 F=674,673,-1,3,-8 D=3501,3501,0,2,-2 L=1250,1250,0,0,-1 B=1233,1234,1,0,-18
mv U2 code=0 aligned=1 homed=- ms=219.0 U=1103,3131,-20,2,-1 R=1091,1090,-1,0,-1 F=674,673,-1,3,-8 D=3501,3501,0,2,-2 L=1249,1250,1,0,-1 B=1233,1233,0,0,-19
mv U2 code=0 aligned=1 homed=- ms=219.0 U=3135,1099,12,0,-3 R=1091,1091,0,0,0 F=674,673,-1,3,-8 D=3501,3501,0,2,-2 L=1249,1250,1,0,-1 B=1234,1233,-1,0,-19
mv U2 code=0 aligned=1 homed=- ms=219.0 U=1103,3131,-20,2,-1 R=1091,1090,-1,0,-1 F=674,673,-1,3,-8 D=3501,3501,0,2,-2 L=1249,1250,1,0,-1 B=1233,1233,0,0,-19
mv U2 code=0 aligned=1 homed=- ms=219.0 U=3135,1099,12,0,-3 R=1091,1090,-1,0,-1 F=674,673,-1,3,-8 D=3501,3501,0,2,-2 L=1250,1250,0,0,-1 B=1234,1234,0,0,-18
mv U2 code=0 aligned=1 homed=- ms=219.0 U=1103,3131,-20,2,-1 R=1091,1090,-1,0,-1 F=674,673,-1,3,-8 D=3501,3501,0,2,-2 L=1249,1250,1,0,-1 B=1233,1233,0,0,-19
mv U2 code=0 aligned=1 homed=- ms=219.0 U=3135,1099,12,0,-3 R=1091,1090,-1,0,-1 F=674,673,-1,3,-8 D=3501,3501,0,2,-2 L=1249,1250,1,0,-1 B=1233,1233,0,0,-19
mv U2 code=0 aligned=1 homed=- ms=219.0 U=1102,3131,-19,2,-1 R=1091,1091,0,0,0 F=674,674,0,3,-7 D=3501,3501,0,2,-2 L=1250,1250,0,0,-1 B=1234,1233,-1,0,-19
mv U2 code=0 aligned=1 homed=- ms=219.0 U=3135,1098,11,0,-4 R=1091,1090,-1,0,-1 F=674,673,-1,3,-8 D=3501,3501,0,2,-2 L=1249,1249,0,0,-2 B=1233,1233,0,0,-19
mv U2 code=0 aligned=1 homed=- ms=219.0 U=1103,3131,-20,2,-1 R=1091,1090,-1,0,-1 F=674,673,-1,3,-8 D=3501,3501,0,2,-2 L=1249,1250,1,0,-1 B=1233,1234,1,0,-18
mv U2 code=0 aligned=1 homed=- ms=219.0 U=3135,1099,12,0,-3 R=1091,1090,-1,0,-1 F=674,673,-1,3,-8 D=3501,3501,0,2,-2 L=1249,1250,1,0,-1 B=1233,1233,0,0,-19
mv U2 code=0 aligned=1 homed=- ms=219.0 U=1103,3131,-20,2,-1 R=1091,1091,0,0,0 F=674,673,-1,3,-8 D=3501,3501,0,2,-2 L=1249,1250,1,0,-1 B=1234,1233,-1,0,-19
mv U2 code=0 aligned=1 homed=- ms=219.0 U=3135,1099,12,0,-3 R=1091,1090,-1,0,-1 F=674,673,-1,3,-8 D=3501,3501,0,2,-2 L=1249,1250,1,0,-1 B=1233,1233,0,0,-19
mv U2 code=0 aligned=1 homed=- ms=219.0 U=1102,3132,-18,2,0 R=1091,1090,-1,0,-1 F=674,673,-1,3,-8 D=3501,3501,0,2,-2 L=1249,1250,1,0,-1 B=1233,1233,0,0,-19
mv U2 code=0 aligned=1 homed=- ms=219.0 U=3135,1099,12,0,-3 R=1091,1090,-1,0,-1 F=674,673,-1,3,-8 D=3501,3501,0,2,-2 L=1249,1250,1,0,-1 B=1233,1234,1,0,-18
mv U2 code=0 aligned=1 homed=- ms=219.0 U=1102,3131,-19,2,-1 R=1091,1090,-1,0,-1 F=674,673,-1,3,-8 D=3501,3501,0,2,-2 L=1249,1250,1,0,-1 B=1233,1233,0,0,-19
mv U2 code=0 aligned=1 homed=- ms=219.0 U=3135,1099,12,0,-3 R=1091,1090,-1,0,-1 F=674,673,-1,3,-8 D=3501,3501,0,2,-2 L=1250,1250,0,0,-1 B=1233,1234,1,0,-18
mv U2 code=0 aligned=1 homed=- ms=219.0 U=1103,3131,-20,2,-1 R=1091,1091,0,0,0 F=674,673,-1,3,-8 D=3501,3501,0,2,-2 L=1250,1250,0,0,-1 B=1233,1233,0,0,-19
mv U2 code=0 aligned=1 homed=- ms=219.0 U=3135,1099,12,0,-3 R=1091,1090,-1,0,-1 F=674,673,-1,3,-8 D=3501,3501,0,2,-2 L=1250,1250,0,0,-1 B=1233,1233,0,0,-19
mv U2 code=0 aligned=1 homed=- ms=219.0 U=1102,3131,-19,2,-1 R=1091,1090,-1,0,-1 F=674,673,-1,3,-8 D=3501,3501,0,2,-2 L=1249,1250,1,0,-1 B=1233,1233,0,0,-19
mv U2 code=0 aligned=1 homed=- ms=219.0 U=3135,1099,12,0,-3 R=1091,1090,-1,0,-1 F=674,674,0,3,-7 D=3501,3501,0,2,-2 L=1249,1250,1,0,-1 B=1233,1233,0,0,-19
mv U2 code=0 aligned=1 homed=- ms=219.0 U=1103,3132,-19,2,0 R=1091,1090,-1,0,-1 F=674,673,-1,3,-8 D=3501,3501,0,2,-2 L=1249,1250,1,0,-1 B=1233,1233,0,0,-19
mv U2 code=0 aligned=1 homed=- ms=219.0 U=3135,1099,12,0,-3 R=1091,1090,-1,0,-1 F=674,674,0,3,-7 D=3501,3501,0,2,-2 L=1250,1250,0,0,-1 B=1234,1233,-1,0,-19
mv U2 code=0 aligned=1 homed=- ms=219.0 U=1102,3131,-19,2,-1 R=1091,1090,-1,0,-1 F=674,673,-1,3,-8 D=3501,3501,0,2,-2 L=1249,1250,1,0,-1 B=1233,1234,1,0,-18
mv U2 code=0 aligned=1 homed=- ms=219.0 U=3135,1099,12,0,-3 R=1091,1090,-1,0,-1 F=674,673,-1,3,-8 D=3501,3501,0,2,-2 L=1249,1250,1,0,-1 B=1233,1233,0,0,-19
mv U2 code=0 aligned=1 homed=- ms=219.0 U=1103,3131,-20,2,-1 R=1091,1090,-1,0,-1 F=674,673,-1,3,-8 D=3501,3501,0,2,-2 L=1250,1250,0,0,-1 B=1233,1233,0,0,-19
mv U2 code=0 aligned=1 homed=- ms=219.0 U=3135,1098,11,0,-4 R=1091,1090,-1,0,-1 F=674,674,0,3,-7 D=3501,3501,0,2,-2 L=1249,1250,1,0,-1 B=1233,1233,0,0,-19
mv U2 code=0 aligned=1 homed=- ms=219.0 U=1102,3131,-19,2,-1 R=1091,1090,-1,0,-1 F=674,673,-1,3,-8 D=3501,3501,0,2,-2 L=1249,1250,1,0,-1 B=1233,1233,0,0,-19
mv U2 code=0 aligned=1 homed=- ms=219.0 U=3136,1099,11,0,-3 R=1091,1090,-1,0,-1 F=674,673,-1,3,-8 D=3501,3501,0,2,-2 L=1249,1250,1,0,-1 B=1233,1233,0,0,-19
mv U2 code=0 aligned=1 homed=- ms=219.0 U=1103,3131,-20,2,-1 R=1091,1090,-1,0,-1 F=674,673,-1,3,-8 D=3501,3501,0,2,-2 L=1249,1250,1,0,-1 B=1234,1233,-1,0,-19
rep moves=100 notaligned=0 homings=0 failures=0 avgms=219.0
res U=100,-3.9,16.1,20 R=- F=- D=- L=- B=-
ok
> rep 75 U U' U' U
mv U code=0 aligned=1 homed=- ms=119.0 U=3135,2119,8,1,-3 R=1091,1090,-1,0,-1 F=674,673,-1,3,-8 D=3501,3501,0,2,-2 L=1249,1250,1,0,-1 B=1233,1234,1,0,-18
mv U' code=0 aligned=1 homed=- ms=119.0 U=2123,3132,-15,2,0 R=1091,1091,0,0,0 F=674,673,-1,3,-8 D=3501,3501,0,2,-2 L=1249,1250,1,0,-1 B=1234,1233,-1,0,-19
mv U' code=0 aligned=1 homed=- ms=119.0 U=3134,61,-1,3,-3 R=1091,1090,-1,0,-1 F=674,673,-1,3,-8 D=3501,3501,0,2,-2 L=1249,1250,1,0,-1 B=1233,1234,1,0,-18
mv U code=0 aligned=1 homed=- ms=119.0 U=64,3131,-5,2,-1 R=1091,1091,0,0,0 F=674,673,-1,3,-8 D=3501,3501,0,2,-2 L=1249,1250,1,0,-1 B=1233,1233,0,0,-19
mv U code=0 aligned=1 homed=- ms=119.0 U=3135,2119,8,1,-3 R=1091,1090,-1,0,-1 F=674,674,0,3,-7 D=3501,3501,0,2,-2 L=1249,1250,1,0,-1 B=1233,1233,0,0,-19
mv U' code=0 aligned=1 homed=- ms=119.0 U=2123,3132,-15,2,0 R=1091,1091,0,0,0 F=674,673,-1,3,-8 D=3501,3501,0,2,-2 L=1249,1250,1,0,-1 B=1234,1233,-1,0,-19
mv U' code=0 aligned=1 homed=- ms=119.0 U=3135,61,-2,3,-3 R=1091,1090,-1,0,-1 F=674,673,-1,3,-8 D=3501,3501,0,2,-2 L=1250,1250,0,0,-1 B=1233,1233,0,0,-19
mv U code=0 aligned=1 homed=- ms=119.0 U=64,3131,-5,2,-1 R=1091,1090,-1,0,-1 F=674,673,-1,3,-8 D=3501,3501,0,2,-2 L=1249,1249,0,0,-2 B=1233,1233,0,0,-19
mv U code=0 aligned=1 homed=- ms=119.0 U=3135,2119,8,1,-3 R=1091,1090,-1,0,-1 F=674,673,-1,3,-8 D=3501,3501,0,2,-2 L=1250,1250,0,0,-1 B=1233,1233,0,0,-19
mv U' code=0 aligned=1 homed=- ms=119.0 U=2123,3132,-15,2,0 R=1091,1090,-1,0,-1 F=674,673,-1,3,-8 D=3501,3501,0,2,-2 L=1250,1250,0,0,-1 B=1233,1233,0,0,-19
mv U' code=0 aligned=1 homed=- ms=119.0 U=3134,61,-1,3,-3 R=1091,1090,-1,0,-1 F=674,674,0,3,-7 D=3501,3501,0,2,-2 L=1249,1250,1,0,-1 B=1233,1234,1,0,-18
mv U code=0 aligned=1 homed=- ms=119.0 U=64,3131,-5,2,-1 R=1091,1090,-1,0,-1 F=674,673,-1,3,-8 D=3501,3501,0,2,-2 L=1250,1250,0,0,-1 B=1234,1233,-1,0,-19
mv U code=0 aligned=1 homed=- ms=119.0 U=3135,2119,8,1,-3 R=1091,1090,-1,0,-1 F=674,674,0,3,-7 D=3501,3501,0,2,-2 L=1249,1250,1,0,-1 B=1233,1233,0,0,-19
mv U' code=0 aligned=1 homed=- ms=119.0 U=2123,3132,-15,2,0 R=1091,1090,-1,0,-1 F=674,673,-1,3,-8 D=3501,3501,0,2,-2 L=1250,1250,0,0,-1 B=1233,1234,1,0,-18
mv U' code=0 aligned=1 homed=- ms=119.0 U=3135,61,-2,3,-3 R=1091,1091,0,0,0 F=674,674,0,3,-7 D=3501,3501,0,2,-2 L=1250,1250,0,0,-1 B=1233,1233,0,0,-19
mv U code=0 aligned=1 homed=- ms=119.0 U=63,3131,-4,2,-1 R=1091,1090,-1,0,-1 F=674,673,-1,3,-8 D=3501,3501,0,2,-2 L=1250,1250,0,0,-1 B=1233,1233,0,0,-19
mv U code=0 aligned=1 homed=- ms=119.0 U=3135,2118,7,1,-4 R=1091,1091,0,0,0 F=674,673,-1,3,-8 D=3501,3501,0,2,-2 L=1249,1250,1,0,-1 B=1233,1233,0,0,-19
mv U' code=0 aligned=1 homed=- ms=119.0 U=2123,3132,-15,2,0 R=1091,1090,-1,0,-1 F=674,674,0,3,-7 D=3501,3501,0,2,-2 L=1250,1250,0,0,-1 B=1233,1233,0,0,-19
mv U' code=0 aligned=1 homed=- ms=119.0 U=3135,61,-2,3,-3 R=1091,1090,-1,0,-1 F=674,673,-1,3,-8 D=3501,3501,0,2,-2 L=1250,1250,0,0,-1 B=1233,1233,0,0,-19
mv U code=0 aligned=1 homed=- ms=119.0 U=64,3131,-5,2,-1 R=1091,1090,-1,0,-1 F=674,673,-1,3,-8 D=3501,3501,0,2,-2 L=1249,1250,1,0,-1 B=1233,1233,0,0,-19
mv U code=0 aligned=1 homed=- ms=119.0 U=3135,2118,7,1,-4 R=1091,1090,-1,0,-1 F=674,673,-1,3,-8 D=3501,3501,0,2,-2 L=1249,1250,1,0,-1 B=1233,1234,1,0,-18
mv U' code=0 aligned=1 homed=- ms=119.0 U=2123,3132,-15,2,0 R=1091,1090,-1,0,-1 F=674,673,-1,3,-8 D=3501,3501,0,2,-2 L=1250,1250,0,0,-1 B=1233,1233,0,0,-19
mv U' code=0 aligned=1 homed=- ms=119.0 U=3134,61,-1,3,-3 R=1091,1090,-1,0,-1 F=674,673,-1,3,-8 D=3501,3501,0,2,-2 L=1249,1250,1,0,-1 B=1234,1233,-1,0,-19
mv U code=0 aligned=1 homed=- ms=119.0 U=63,3131,-4,2,-1 R=1091,1090,-1,0,-1 F=674,673,-1,3,-8 D=3501,3501,0,2,-2 L=1249,1250,1,0,-1 B=1233,1233,0,0,-19
mv U code=0 aligned=1 homed=- ms=119.0 U=3136,2118,6,1,-4 R=1091,1090,-1,0,-1 F=674,673,-1,3,-8 D=3501,3501,0,2,-2 L=1249,1250,1,0,-1 B=1234,1233,-1,0,-19
mv U' code=0 aligned=1 homed=- ms=119.0 U=2123,3132,-15,2,0 R=1091,1091,0,0,0 F=674,674,0,3,-7 D=3501,3501,0,2,-2 L=1249,1250,1,0,-1 B=1233,1233,0,0,-19
mv U' code=0 aligned=1 homed=- ms=119.0 U=3134,61,-1,3,-3 R=1091,1090,-1,0,-1 F=674,673,-1,3,-8 D=3501,3501,0,2,-2 L=1250,1250,0,0,-1 B=1233,1233,0,0,-19
mv U code=0 aligned=1 homed=- ms=119.0 U=63,3131,-4,2,-1 R=1091,1090,-1,0,-1 F=674,673,-1,3,-8 D=3501,3501,0,2,-2 L=1250,1250,0,0,-1 B=1233,1234,1,0,-18
mv U code=0 aligned=1 homed=- ms=119.0 U=3135,2119,8,1,-3 R=1091,1090,-1,0,-1 F=674,673,-1,3,-8 D=3501,3501,0,2,-2 L=1249,1250,1,0,-1 B=1233,1233,0,0,-19
mv U' code=0 aligned=1 homed=- ms=119.0 U=2123,3132,-15,2,0 R=1091,1090,-1,0,-1 F=674,673,-1,3,-8 D=3501,3501,0,2,-2 L=1249,1250,1,0,-1 B=1233,1233,0,0,-19
mv U' code=0 aligned=1 homed=- ms=119.0 U=3134,61,-1,3,-3 R=1091,1090,-1,0,-1 F=674,673,-1,3,-8 D=3501,3501,0,2,-2 L=1250,1250,0,0,-1 B=1233,1233,0,0,-19
mv U code=0 aligned=1 homed=- ms=119.0 U=63,3131,-4,2,-1 R=1091,1090,-1,0,-1 F=674,673,-1,3,-8 D=3501,3501,0,2,-2 L=1250,1250,0,0,-1 B=1233,1233,0,0,-19
mv U code=0 aligned=1 homed=- ms=119.0 U=3135,2119,8,1,-3 R=1091,1090,-1,0,-1 F=674,674,0,3,-7 D=3501,3501,0,2,-2 L=1249,1250,1,0,-1 B=1233,1233,0,0,-19
mv U' code=0 aligned=1 homed=- ms=119.0 U=2123,3132,-15,2,0 R=1091,1090,-1,0,-1 F=674,674,0,3,-7 D=3501,3501,0,2,-2 L=1250,1250,0,0,-1 B=1233,1233,0,0,-19
mv U' code=0 aligned=1 homed=- ms=119.0 U=3135,61,-2,3,-3 R=1091,1090,-1,0,-1 F=674,673,-1,3,-8 D=3501,3501,0,2,-2 L=1249,1250,1,0,-1 B=1233,1233,0,0,-19
mv U code=0 aligned=1 homed=- ms=119.0 U=63,3131,-4,2,-1 R=1091,1090,-1,0,-1 F=674,673,-1,3,-8 D=3501,3501,0,2,-2 L=1250,1250,0,0,-1 B=1233,1233,0,0,-19
mv U code=0 aligned=1 homed=- ms=119.0 U=3135,2119,8,1,-3 R=1091,1090,-1,0,-1 F=674,673,-1,3,-8 D=3501,3501,0,2,-2 L=1249,1250,1,0,-1 B=1233,1233,0,0,-19
mv U' code=0 aligned=1 homed=- ms=119.0 U=2123,3132,-15,2,0 R=1091,1090,-1,0,-1 F=674,674,0,3,-7 D=3501,3501,0,2,-2 L=1249,1250,1,0,-1 B=1233,1233,0,0,-19
mv U' code=0 aligned=1 homed=- ms=119.0 U=3134,61,-1,3,-3 R=1091,1090,-1,0,-1 F=674,673,-1,3,-8 D=3501,3501,0,2,-2 L=1250,1250,0,0,-1 B=1233,1234,1,0,-18
mv U code=0 aligned=1 homed=- ms=119.0 U=63,3131,-4,2,-1 R=1091,1090,-1,0,-1 F=674,674,0,3,-7 D=3501,3501,0,2,-2 L=1249,1249,0,0,-2 B=1234,1233,-1,0,-19
mv U code=0 aligned=1 homed=- ms=119.0 U=3135,2119,8,1,-3 R=1091,1090,-1,0,-1 F=674,673,-1,3,-8 D=3501,3501,0,2,-2 L=1249,1250,1,0,-1 B=1234,1233,-1,0,-19
mv U' code=0 aligned=1 homed=- ms=119.0 U=2123,3132,-15,2,0 R=1091,1090,-1,0,-1 F=674,674,0,3,-7 D=3501,3501,0,2,-2 L=1249,1250,1,0,-1 B=1233,1233,0,0,-19
mv U' code=0 aligned=1 homed=- ms=119.0 U=3135,61,-2,3,-3 R=1091,1090,-1,0,-1 F=674,674,0,3,-7 D=3501,3501,0,2,-2 L=1249,1250,1,0,-1 B=1233,1233,0,0,-19
mv U code=0 aligned=1 homed=- ms=119.0 U=63,3131,-4,2,-1 R=1091,1090,-1,0,-1 F=674,673,-1,3,-8 D=3501,3501,0,2,-2 L=1249,1250,1,0,-1 B=1233,1233,0,0,-19
mv U code=0 aligned=1 homed=- ms=119.0 U=3136,2118,6,1,-4 R=1091,1090,-1,0,-1 F=674,674,0,3,-7 D=3501,3501,0,2,-2 L=1249,1250,1,0,-1 B=1234,1234,0,0,-18
mv U' code=0 aligned=1 homed=- ms=119.0 U=2123,3132,-15,2,0 R=1091,1090,-1,0,-1 F=674,674,0,3,-7 D=3501,3501,0,2,-2 L=1249,1250,1,0,-1 B=1233,1234,1,0,-18
mv U' code=0 aligned=1 homed=- ms=119.0 U=3134,61,-1,3,-3 R=1091,1090,-1,0,-1 F=674,674,0,3,-7 D=3501,3501,0,2,-2 L=1250,1250,0,0,-1 B=1233,1233,0,0,-19
mv U code=0 aligned=1 homed=- ms=119.0 U=63,3131,-4,2,-1 R=1091,1090,-1,0,-1 F=674,673,-1,3,-8 D=3501,3501,0,2,-2 L=1249,1250,1,0,-1 B=1233,1233,0,0,-19
mv U code=0 aligned=1 homed=- ms=119.0 U=3135,2119,8,1,-3 R=1091,1091,0,0,0 F=674,673,-1,3,-8 D=3501,3501,0,2,-2 L=1250,1250,0,0,-1 B=1234,1233,-1,0,-19
mv U' code=0 aligned=1 homed=- ms=119.0 U=2123,3132,-15,2,0 R=1091,1090,-1,0,-1 F=674,674,0,3,-7 D=3501,3501,0,2,-2 L=1249,1250,1,0,-1 B=1233,1233,0,0,-19
mv U' code=0 aligned=1 homed=- ms=119.0 U=3135,61,-2,3,-3 R=1091,1090,-1,0,-1 F=674,674,0,3,-7 D=3501,3501,0,2,-2 L=1249,1250,1,0,-1 B=1233,1233,0,0,-19
mv U code=0 aligned=1 homed=- ms=119.0 U=63,3131,-4,2,-1 R=1091,1091,0,0,0 F=674,673,-1,3,-8 D=3501,3501,0,2,-2 L=1250,1250,0,0,-1 B=1233,1233,0,0,-19
mv U code=0 aligned=1 homed=- ms=119.0 U=3135,2119,8,1,-3 R=1091,1090,-1,0,-1 F=674,674,0,3,-7 D=3501,3501,0,2,-2 L=1249,1250,1,0,-1 B=1233,1233,0,0,-19
mv U' code=0 aligned=1 homed=- ms=119.0 U=2123,3132,-15,2,0 R=1091,1090,-1,0,-1 F=674,673,-1,3,-8 D=3501,3501,0,2,-2 L=1249,1250,1,0,-1 B=1233,1234,1,0,-18
mv U' code=0 aligned=1 homed=- ms=119.0 U=3134,61,-1,3,-3 R=1091,1090,-1,0,-1 F=674,673,-1,3,-8 D=3501,3501,0,2,-2 L=1249,1250,1,0,-1 B=1233,1233,0,0,-19
mv U code=0 aligned=1 homed=- ms=119.0 U=63,3131,-4,2,-1 R=1091,1090,-1,0,-1 F=674,673,-1,3,-8 D=3501,3501,0,2,-2 L=1249,1250,1,0,-1 B=1233,1233,0,0,-19
mv U code=0 aligned=1 homed=- ms=119.0 U=3135,2119,8,1,-3 R=1091,1090,-1,0,-1 F=674,674,0,3,-7 D=3501,3501,0,2,-2 L=1250,1250,0,0,-1 B=1233,1233,0,0,-19
mv U' code=0 aligned=1 homed=- ms=119.0 U=2123,3132,-15,2,0 R=1091,1090,-1,0,-1 F=674,673,-1,3,-8 D=3501,3501,0,2,-2 L=1250,1250,0,0,-1 B=1233,1233,0,0,-19
mv U' code=0 aligned=1 homed=- ms=119.0 U=3134,61,-1,3,-3 R=1091,1090,-1,0,-1 F=674,673,-1,3,-8 D=3501,3501,0,2,-2 L=1249,1250,1,0,-1 B=1233,1234,1,0,-18
mv U code=0 aligned=1 homed=- ms=119.0 U=63,3131,-4,2,-1 R=1091,1091,0,0,0 F=674,673,-1,3,-8 D=3501,3501,0,2,-2 L=1250,1250,0,0,-1 B=1233,1234,1,0,-18
mv U code=0 aligned=1 homed=- ms=119.0 U=3135,2119,8,1,-3 R=1091,1090,-1,0,-1 F=674,673,-1,3,-8 D=3501,3501,0,2,-2 L=1249,1250,1,0,-1 B=1233,1233,0,0,-19
mv U' code=0 aligned=1 homed=- ms=119.0 U=2123,3132,-15,2,0 R=1091,1090,-1,0,-1 F=674,674,0,3,-7 D=3501,3501,0,2,-2 L=1250,1250,0,0,-1 B=1234,1233,-1,0,-19
mv U' code=0 aligned=1 homed=- ms=119.0 U=3134,61,-1,3,-3 R=1091,1090,-1,0,-1 F=674,673,-1,3,-8 D=3501,3501,0,2,-2 L=1250,1250,0,0,-1 B=1233,1233,0,0,-19
mv U code=0 aligned=1 homed=- ms=119.0 U=63,3131,-4,2,-1 R=1091,1090,-1,0,-1 F=674,674,0,3,-7 D=3501,3501,0,2,-2 L=1249,1250,1,0,-1 B=1233,1234,1,0,-18
mv U code=0 aligned=1 homed=- ms=119.0 U=3135,2118,7,1,-4 R=1091,1090,-1,0,-1 F=674,673,-1,3,-8 D=3501,3501,0,2,-2 L=1250,1250,0,0,-1 B=1233,1233,0,0,-19
mv U' code=0 aligned=1 homed=- ms=119.0 U=2123,3132,-15,2,0 R=1091,1090,-1,0,-1 F=674,674,0,3,-7 D=3501,3501,0,2,-2 L=1249,1250,1,0,-1 B=1233,1233,0,0,-19
mv U' code=0 aligned=1 homed=- ms=119.0 U=3135,61,-2,3,-3 R=1091,1090,-1,0,-1 F=674,674,0,3,-7 D=3501,3501,0,2,-2 L=1250,1250,0,0,-1 B=1233,1233,0,0,-19
mv U code=0 aligned=1 homed=- ms=119.0 U=63,3131,-4,2,-1 R=1091,1090,-1,0,-1 F=674,673,-1,3,-8 D=3501,3501,0,2,-2 L=1249,1250,1,0,-1 B=1233,1234,1,0,-18
mv U code=0 aligned=1 homed=- ms=119.0 U=3135,2119,8,1,-3 R=1091,1090,-1,0,-1 F=674,674,0,3,-7 D=3501,3501,0,2,-2 L=1250,1250,0,0,-1 B=1233,1234,1,0,-18
mv U' code=0 aligned=1 homed=- ms=119.0 U=2123,3132,-15,2,0 R=1091,1090,-1,0,-1 F=674,674,0,3,-7 D=3501,3501,0,2,-2 L=1249,1250,1,0,-1 B=1233,1233,0,0,-19
mv U' code=0 aligned=1 homed=- ms=119.0 U=3134,61,-1,3,-3 R=1091,1090,-1,0,-1 F=674,673,-1,3,-8 D=3501,3501,0,2,-2 L=1249,1250,1,0,-1 B=1234,1234,0,0,-18
mv U code=0 aligned=1 homed=- ms=119.0 U=64,3131,-5,2,-1 R=1091,1090,-1,0,-1 F=674,673,-1,3,-8 D=3501,3501,0,2,-2 L=1249,1250,1,0,-1 B=1233,1233,0,0,-19
mv U code=0 aligned=1 homed=- ms=119.0 U=3135,2119,8,1,-3 R=1091,1090,-1,0,-1 F=674,673,-1,3,-8 D=3501,3501,0,2,-2 L=1249,1250,1,0,-1 B=1233,1233,0,0,-19
mv U' code=0 aligned=1 homed=- ms=119.0 U=2123,3132,-15,2,0 R=1091,1090,-1,0,-1 F=674,674,0,3,-7 D=3501,3501,0,2,-2 L=1249,1250,1,0,-1 B=1233,1233,0,0,-19
mv U' code=0 aligned=1 homed=- ms=119.0 U=3134,61,-1,3,-3 R=1091,1090,-1,0,-1 F=674,673,-1,3,-8 D=3501,3501,0,2,-2 L=1249,1250,1,0,-1 B=1233,1233,0,0,-19
mv U code=0 aligned=1 homed=- ms=119.0 U=63,3131,-4,2,-1 R=1091,1090,-1,0,-1 F=674,673,-1,3,-8 D=3501,3501,0,2,-2 L=1249,1250,1,0,-1 B=1233,1234,1,0,-18
mv U code=0 aligned=1 homed=- ms=119.0 U=3135,2119,8,1,-3 R=1091,1090,-1,0,-1 F=674,673,-1,3,-8 D=3501,3501,0,2,-2 L=1249,1250,1,0,-1 B=1233,1233,0,0,-19
mv U' code=0 aligned=1 homed=- ms=119.0 U=2123,3132,-15,2,0 R=1091,1090,-1,0,-1 F=674,674,0,3,-7 D=3501,3501,0,2,-2 L=1250,1250,0,0,-1 B=1233,1233,0,0,-19
mv U' code=0 aligned=1 homed=- ms=119.0 U=3134,61,-1,3,-3 R=1091,1090,-1,0,-1 F=674,674,0,3,-7 D=3501,3501,0,2,-2 L=1250,1250,0,0,-1 B=1234,1233,-1,0,-19
mv U code=0 aligned=1 homed=- ms=119.0 U=63,3131,-4,2,-1 R=1091,1090,-1,0,-1 F=674,673,-1,3,-8 D=3501,3501,0,2,-2 L=1249,1250,1,0,-1 B=1233,1234,1,0,-18
mv U code=0 aligned=1 homed=- ms=119.0 U=3135,2119,8,1,-3 R=1091,1090,-1,0,-1 F=674,673,-1,3,-8 D=3501,3501,0,2,-2 L=1249,1250,1,0,-1 B=1233,1233,0,0,-19
mv U' code=0 aligned=1 homed=- ms=119.0 U=2123,3131,-16,2,-1 R=1091,1090,-1,0,-1 F=674,674,0,3,-7 D=3501,3501,0,2,-2 L=1249,1250,1,0,-1 B=1234,1233,-1,0,-19
mv U' code=0 aligned=1 homed=- ms=119.0 U=3134,61,-1,3,-3 R=1091,1090,-1,0,-1 F=674,673,-1,3,-8 D=3501,3501,0,2,-2 L=1250,1250,0,0,-1 B=1233,1234,1,0,-18
mv U code=0 aligned=1 homed=- ms=119.0 U=63,3132,-3,2,0 R=1091,1090,-1,0,-1 F=674,673,-1,3,-8 D=3501,3501,0,2,-2 L=1250,1249,-1,0,-2 B=1233,1233,0,0,-19
mv U code=0 aligned=1 homed=- ms=119.0 U=3135,2119,8,1,-3 R=1091,1090,-1,0,-1 F=674,673,-1,3,-8 D=3501,3501,0,2,-2 L=1250,1250,0,0,-1 B=1233,1233,0,0,-19
mv U' code=0 aligned=1 homed=- ms=119.0 U=2123,3132,-15,2,0 R=1091,1090,-1,0,-1 F=674,673,-1,3,-8 D=3501,3501,0,2,-2 L=1250,1250,0,0,-1 B=1233,1233,0,0,-19
mv U' code=0 aligned=1 homed=- ms=119.0 U=3134,61,-1,3,-3 R=1091,1091,0,0,0 F=674,673,-1,3,-8 D=3501,3501,0,2,-2 L=1249,1250,1,0,-1 B=1233,1233,0,0,-19
mv U code=0 aligned=1 homed=- ms=119.0 U=63,3131,-4,2,-1 R=1091,1090,-1,0,-1 F=674,673,-1,3,-8 D=3501,3501,0,2,-2 L=1249,1250,1,0,-1 B=1233,1233,0,0,-19
mv U code=0 aligned=1 homed=- ms=119.0 U=3135,2119,8,1,-3 R=1091,1090,-1,0,-1 F=674,673,-1,3,-8 D=3501,3501,0,2,-2 L=1249,1250,1,0,-1 B=1233,1233,0,0,-19
mv U' code=0 aligned=1 homed=- ms=119.0 U=2123,3132,-15,2,0 R=1091,1090,-1,0,-1 F=674,673,-1,3,-8 D=3501,3501,0,2,-2 L=1249,1250,1,0,-1 B=1233,1233,0,0,-19
mv U' code=0 aligned=1 homed=- ms=119.0 U=3134,61,-1,3,-3 R=1091,1090,-1,0,-1 F=674,673,-1,3,-8 D=3501,3501,0,2,-2 L=1250,1250,0,0,-1 B=1233,1233,0,0,-19
mv U code=0 aligned=1 homed=- ms=119.0 U=63,3131,-4,2,-1 R=1091,1090,-1,0,-1 F=674,673,-1,3,-8 D=3501,3501,0,2,-2 L=1250,1250,0,0,-1 B=1233,1233,0,0,-19
mv U code=0 aligned=1 homed=- ms=119.0 U=3135,2119,8,1,-3 R=1091,1090,-1,0,-1 F=674,673,-1,3,-8 D=3501,3501,0,2,-2 L=1250,1250,0,0,-1 B=1233,1234,1,0,-18
mv U' code=0 aligned=1 homed=- ms=119.0 U=2123,3132,-15,2,0 R=1091,1090,-1,0,-1 F=674,673,-1,3,-8 D=3501,3501,0,2,-2 L=1249,1250,1,0,-1 B=1233,1234,1,0,-18
mv U' code=0 aligned=1 homed=- ms=119.0 U=3134,61,-1,3,-3 R=1091,1090,-1,0,-1 F=674,674,0,3,-7 D=3501,3501,0,2,-2 L=1250,1250,0,0,-1 B=1233,1233,0,0,-19
mv U code=0 aligned=1 homed=- ms=119.0 U=63,3131,-4,2,-1 R=1091,1090,-1,0,-1 F=674,673,-1,3,-8 D=3501,3501,0,2,-2 L=1249,1250,1,0,-1 B=1233,1234,1,0,-18
mv U code=0 aligned=1 homed=- ms=119.0 U=3135,2118,7,1,-4 R=1091,1090,-1,0,-1 F=674,674,0,3,-7 D=3501,3501,0,2,-2 L=1249,1250,1,0,-1 B=1233,1233,0,0,-19
mv U' code=0 aligned=1 homed=- ms=119.0 U=2123,3132,-15,2,0 R=1091,1090,-1,0,-1 F=674,673,-1,3,-8 D=3501,3501,0,2,-2 L=1249,1250,1,0,-1 B=1233,1233,0,0,-19
mv U' code=0 aligned=1 homed=- ms=119.0 U=3134,61,-1,3,-3 R=1091,1090,-1,0,-1 F=674,674,0,3,-7 D=3501,3501,0,2,-2 L=1250,1250,0,0,-1 B=1234,1233,-1,0,-19
mv U code=0 aligned=1 homed=- ms=119.0 U=63,3131,-4,2,-1 R=1091,1090,-1,0,-1 F=674,673,-1,3,-8 D=3501,3501,0,2,-2 L=1250,1250,0,0,-1 B=1233,1233,0,0,-19
mv U code=0 aligned=1 homed=- ms=119.0 U=3135,2119,8,1,-3 R=1091,1090,-1,0,-1 F=674,673,-1,3,-8 D=3501,3501,0,2,-2 L=1250,1250,0,0,-1 B=1233,1233,0,0,-19
mv U' code=0 aligned=1 homed=- ms=119.0 U=2123,3132,-15,2,0 R=1091,1090,-1,0,-1 F=674,674,0,3,-7 D=3501,3501,0,2,-2 L=1249,1249,0,0,-2 B=1233,1233,0,0,-19
mv U' code=0 aligned=1 homed=- ms=119.0 U=3135,61,-2,3,-3 R=1091,1090,-1,0,-1 F=674,673,-1,3,-8 D=3501,3501,0,2,-2 L=1250,1250,0,0,-1 B=1233,1233,0,0,-19
mv U code=0 aligned=1 homed=- ms=119.0 U=63,3131,-4,2,-1 R=1091,1090,-1,0,-1 F=674,673,-1,3,-8 D=3501,3501,0,2,-2 L=1249,1250,1,0,-1 B=1233,1233,0,0,-19
mv U code=0 aligned=1 homed=- ms=119.0 U=3135,2119,8,1,-3 R=1091,1090,-1,0,-1 F=674,673,-1,3,-8 D=3501,3501,0,2,-2 L=1249,1250,1,0,-1 B=1233,1233,0,0,-19
mv U' code=0 aligned=1 homed=- ms=119.0 U=2123,3132,-15,2,0 R=1091,1090,-1,0,-1 F=674,673,-1,3,-8 D=3501,3501,0,2,-2 L=1250,1250,0,0,-1 B=1233,1233,0,0,-19
mv U' code=0 aligned=1 homed=- ms=119.0 U=3134,61,-1,3,-3 R=1091,1090,-1,0,-1 F=674,673,-1,3,-8 D=3501,3501,0,2,-2 L=1250,1250,0,0,-1 B=1233,1233,0,0,-19
mv U code=0 aligned=1 homed=- ms=119.0 U=63,3131,-4,2,-1 R=1091,1090,-1,0,-1 F=674,673,-1,3,-8 D=3501,3501,0,2,-2 L=1249,1250,1,0,-1 B=1233,1233,0,0,-19
mv U code=0 aligned=1 homed=- ms=119.0 U=3135,2119,8,1,-3 R=1091,1090,-1,0,-1 F=674,673,-1,3,-8 D=3501,3501,0,2,-2 L=1249,1250,1,0,-1 B=1233,1233,0,0,-19
mv U' code=0 aligned=1 homed=- ms=119.0 U=2122,3132,-14,2,0 R=1091,1090,-1,0,-1 F=674,673,-1,3,-8 D=3501,3501,0,2,-2 L=1250,1250,0,0,-1 B=1233,1233,0,0,-19
mv U' code=0 aligned=1 homed=- ms=119.0 U=3134,61,-1,3,-3 R=1091,1090,-1,0,-1 F=674,674,0,3,-7 D=3501,3501,0,2,-2 L=1249,1250,1,0,-1 B=1233,1233,0,0,-19
mv U code=0 aligned=1 homed=- ms=119.0 U=63,3131,-4,2,-1 R=1091,1090,-1,0,-1 F=674,673,-1,3,-8 D=3501,3501,0,2,-2 L=1249,1250,1,0,-1 B=1233,1233,0,0,-19
mv U code=0 aligned=1 homed=- ms=119.0 U=3135,2119,8,1,-3 R=1091,1090,-1,0,-1 F=674,674,0,3,-7 D=3501,3501,0,2,-2 L=1249,1250,1,0,-1 B=1233,1233,0,0,-19
mv U' code=0 aligned=1 homed=- ms=119.0 U=2123,3132,-15,2,0 R=1091,1090,-1,0,-1 F=674,673,-1,3,-8 D=3501,3501,0,2,-2 L=1249,1250,1,0,-1 B=1233,1234,1,0,-18
mv U' code=0 aligned=1 homed=- ms=119.0 U=3134,61,-1,3,-3 R=1091,1090,-1,0,-1 F=674,673,-1,3,-8 D=3501,3501,0,2,-2 L=1249,1250,1,0,-1 B=1233,1233,0,0,-19
mv U code=0 aligned=1 homed=- ms=119.0 U=63,3131,-4,2,-1 R=1091,1090,-1,0,-1 F=674,673,-1,3,-8 D=3501,3501,0,2,-2 L=1250,1250,0,0,-1 B=1233,1233,0,0,-19
mv U code=0 aligned=1 homed=- ms=119.0 U=3135,2118,7,1,-4 R=1091,1090,-1,0,-1 F=674,673,-1,3,-8 D=3501,3501,0,2,-2 L=1249,1250,1,0,-1 B=1233,1233,0,0,-19
mv U' code=0 aligned=1 homed=- ms=119.0 U=2123,3132,-15,2,0 R=1091,1090,-1,0,-1 F=674,673,-1,3,-8 D=3501,3501,0,2,-2 L=1249,1250,1,0,-1 B=1234,1233,-1,0,-19
mv U' code=0 aligned=1 homed=- ms=119.0 U=3135,61,-2,3,-3 R=1091,1090,-1,0,-1 F=674,673,-1,3,-8 D=3501,3501,0,2,-2 L=1250,1250,0,0,-1 B=1233,1233,0,0,-19
mv U code=0 aligned=1 homed=- ms=119.0 U=63,3131,-4,2,-1 R=1091,1090,-1,0,-1 F=674,674,0,3,-7 D=3501,3501,0,2,-2 L=1249,1250,1,0,-1 B=1233,1233,0,0,-19
mv U code=0 aligned=1 homed=- ms=119.0 U=3135,2119,8,1,-3 R=1091,1090,-1,0,-1 F=674,674,0,3,-7 D=3501,3501,0,2,-2 L=1250,1250,0,0,-1 B=1233,1234,1,0,-18
mv U' code=0 aligned=1 homed=- ms=119.0 U=2123,3132,-15,2,0 R=1091,1090,-1,0,-1 F=674,673,-1,3,-8 D=3501,3501,0,2,-2 L=1249,1250,1,0,-1 B=1234,1233,-1,0,-19
mv U' code=0 aligned=1 homed=- ms=119.0 U=3134,61,-1,3,-3 R=1091,1090,-1,0,-1 F=674,673,-1,3,-8 D=3502,3501,-1,2,-2 L=1250,1250,0,0,-1 B=1233,1233,0,0,-19
mv U code=0 aligned=1 homed=- ms=119.0 U=63,3131,-4,2,-1 R=1091,1090,-1,0,-1 F=674,673,-1,3,-8 D=3501,3501,0,2,-2 L=1250,1250,0,0,-1 B=1234,1233,-1,0,-19
mv U code=0 aligned=1 homed=- ms=119.0 U=3135,2119,8,1,-3 R=1091,1090,-1,0,-1 F=674,673,-1,3,-8 D=3501,3501,0,2,-2 L=1249,1250,1,0,-1 B=1233,1233,0,0,-19
mv U' code=0 aligned=1 homed=- ms=119.0 U=2123,3132,-15,2,0 R=1091,1090,-1,0,-1 F=674,673,-1,3,-8 D=3501,3501,0,2,-2 L=1249,1250,1,0,-1 B=1233,1233,0,0,-19
mv U' code=0 aligned=1 homed=- ms=119.0 U=3134,61,-1,3,-3 R=1091,1090,-1,0,-1 F=674,673,-1,3,-8 D=3501,3501,0,2,-2 L=1249,1250,1,0,-1 B=1233,1233,0,0,-19
mv U code=0 aligned=1 homed=- ms=119.0 U=63,3131,-4,2,-1 R=1091,1090,-1,0,-1 F=674,673,-1,3,-8 D=3501,3501,0,2,-2 L=1249,1250,1,0,-1 B=1233,1233,0,0,-19
mv U code=0 aligned=1 homed=- ms=119.0 U=3135,2119,8,1,-3 R=1091,1090,-1,0,-1 F=674,673,-1,3,-8 D=3501,3501,0,2,-2 L=1249,1250,1,0,-1 B=1233,1233,0,0,-19
mv U' code=0 aligned=1 homed=- ms=119.0 U=2123,3132,-15,2,0 R=1091,1090,-1,0,-1 F=674,673,-1,3,-8 D=3501,3501,0,2,-2 L=1250,1250,0,0,-1 B=1233,1234,1,0,-18
mv U' code=0 aligned=1 homed=- ms=119.0 U=3134,61,-1,3,-3 R=1091,1090,-1,0,-1 F=674,673,-1,3,-8 D=3501,3501,0,2,-2 L=1249,1250,1,0,-1 B=1233,1233,0,0,-19
mv U code=0 aligned=1 homed=- ms=119.0 U=63,3131,-4,2,-1 R=1091,1090,-1,0,-1 F=674,673,-1,3,-8 D=3501,3501,0,2,-2 L=1249,1250,1,0,-1 B=1233,1233,0,0,-19
mv U code=0 aligned=1 homed=- ms=119.0 U=3135,2119,8,1,-3 R=1091,1090,-1,0,-1 F=674,673,-1,3,-8 D=3501,3501,0,2,-2 L=1250,1250,0,0,-1 B=1233,1233,0,0,-19
mv U' code=0 aligned=1 homed=- ms=119.0 U=2123,3132,-15,2,0 R=1091,1090,-1,0,-1 F=674,673,-1,3,-8 D=3501,3501,0,2,-2 L=1250,1250,0,0,-1 B=1233,1233,0,0,-19
mv U' code=0 aligned=1 homed=- ms=119.0 U=3135,61,-2,3,-3 R=1091,1091,0,0,0 F=674,673,-1,3,-8 D=3501,3501,0,2,-2 L=1249,1250,1,0,-1 B=1233,1233,0,0,-19
mv U code=0 aligned=1 homed=- ms=119.0 U=63,3131,-4,2,-1 R=1091,1090,-1,0,-1 F=674,673,-1,3,-8 D=3501,3501,0,2,-2 L=1249,1250,1,0,-1 B=1233,1233,0,0,-19
mv U code=0 aligned=1 homed=- ms=119.0 U=3135,2118,7,1,-4 R=1091,1090,-1,0,-1 F=674,673,-1,3,-8 D=3501,3501,0,2,-2 L=1249,1250,1,0,-1 B=1233,1233,0,0,-19
mv U' code=0 aligned=1 homed=- ms=119.0 U=2123,3132,-15,2,0 R=1091,1091,0,0,0 F=674,674,0,3,-7 D=3501,3501,0,2,-2 L=1249,1250,1,0,-1 B=1233,1233,0,0,-19
mv U' code=0 aligned=1 homed=- ms=119.0 U=3135,61,-2,3,-3 R=1091,1090,-1,0,-1 F=674,673,-1,3,-8 D=3501,3501,0,2,-2 L=1250,1250,0,0,-1 B=1233,1233,0,0,-19
mv U code=0 aligned=1 homed=- ms=119.0 U=63,3131,-4,2,-1 R=1091,1090,-1,0,-1 F=674,673,-1,3,-8 D=3501,3501,0,2,-2 L=1249,1249,0,0,-2 B=1233,1233,0,0,-19
mv U code=0 aligned=1 homed=- ms=119.0 U=3135,2118,7,1,-4 R=1091,1090,-1,0,-1 F=674,673,-1,3,-8 D=3501,3501,0,2,-2 L=1250,1250,0,0,-1 B=1233,1233,0,0,-19
mv U' code=0 aligned=1 homed=- ms=119.0 U=2123,3132,-15,2,0 R=1091,1090,-1,0,-1 F=674,673,-1,3,-8 D=3501,3501,0,2,-2 L=1250,1250,0,0,-1 B=1233,1233,0,0,-19
mv U' code=0 aligned=1 homed=- ms=119.0 U=3134,61,-1,3,-3 R=1091,1090,-1,0,-1 F=674,673,-1,3,-8 D=3501,3501,0,2,-2 L=1249,1249,0,0,-2 B=1233,1233,0,0,-19
mv U code=0 aligned=1 homed=- ms=119.0 U=63,3132,-3,2,0 R=1091,1090,-1,0,-1 F=674,674,0,3,-7 D=3501,3501,0,2,-2 L=1249,1250,1,0,-1 B=1233,1233,0,0,-19
mv U code=0 aligned=1 homed=- ms=119.0 U=3135,2119,8,1,-3 R=1091,1091,0,0,0 F=674,673,-1,3,-8 D=3501,3501,0,2,-2 L=1250,1250,0,0,-1 B=1233,1233,0,0,-19
mv U' code=0 aligned=1 homed=- ms=119.0 U=2123,3132,-15,2,0 R=1091,1090,-1,0,-1 F=674,673,-1,3,-8 D=3501,3501,0,2,-2 L=1249,1250,1,0,-1 B=1233,1234,1,0,-18
mv U' code=0 aligned=1 homed=- ms=119.0 U=3134,61,-1,3,-3 R=1091,1090,-1,0,-1 F=674,673,-1,3,-8 D=3501,3501,0,2,-2 L=1249,1250,1,0,-1 B=1233,1233,0,0,-19
mv U code=0 aligned=1 homed=- ms=119.0 U=63,3131,-4,2,-1 R=1091,1090,-1,0,-1 F=674,673,-1,3,-8 D=3501,3501,0,2,-2 L=1249,1250,1,0,-1 B=1233,1234,1,0,-18
mv U code=0 aligned=1 homed=- ms=119.0 U=3135,2119,8,1,-3 R=1091,1090,-1,0,-1 F=674,673,-1,3,-8 D=3501,3501,0,2,-2 L=1250,1250,0,0,-1 B=1233,1233,0,0,-19
mv U' code=0 aligned=1 homed=- ms=119.0 U=2123,3132,-15,2,0 R=1091,1090,-1,0,-1 F=674,673,-1,3,-8 D=3501,3501,0,2,-2 L=1250,1250,0,0,-1 B=1233,1234,1,0,-18
mv U' code=0 aligned=1 homed=- ms=119.0 U=3134,61,-1,3,-3 R=1091,1090,-1,0,-1 F=674,674,0,3,-7 D=3501,3501,0,2,-2 L=1249,1250,1,0,-1 B=1234,1233,-1,0,-19
mv U code=0 aligned=1 homed=- ms=119.0 U=63,3132,-3,2,0 R=1091,1090,-1,0,-1 F=674,674,0,3,-7 D=3501,3501,0,2,-2 L=1249,1249,0,0,-2 B=1233,1234,1,0,-18
mv U code=0 aligned=1 homed=- ms=119.0 U=3136,2119,7,1,-3 R=1091,1090,-1,0,-1 F=674,673,-1,3,-8 D=3501,3501,0,2,-2 L=1249,1250,1,0,-1 B=1233,1233,0,0,-19
mv U' code=0 aligned=1 homed=- ms=119.0 U=2123,3132,-15,2,0 R=1091,1090,-1,0,-1 F=674,673,-1,3,-8 D=3501,3501,0,2,-2 L=1249,1250,1,0,-1 B=1233,1234,1,0,-18
mv U' code=0 aligned=1 homed=- ms=119.0 U=3134,61,-1,3,-3 R=1091,1090,-1,0,-1 F=674,673,-1,3,-8 D=3501,3501,0,2,-2 L=1249,1250,1,0,-1 B=1233,1233,0,0,-19
mv U code=0 aligned=1 homed=- ms=119.0 U=63,3131,-4,2,-1 R=1091,1090,-1,0,-1 F=674,673,-1,3,-8 D=3501,3501,0,2,-2 L=1250,1250,0,0,-1 B=1233,1233,0,0,-19
mv U code=0 aligned=1 homed=- ms=119.0 U=3135,2118,7,1,-4 R=1091,1090,-1,0,-1 F=674,673,-1,3,-8 D=3501,3501,0,2,-2 L=1249,1250,1,0,-1 B=1233,1233,0,0,-19
mv U' code=0 aligned=1 homed=- ms=119.0 U=2123,3132,-15,2,0 R=1091,1090,-1,0,-1 F=674,673,-1,3,-8 D=3501,3501,0,2,-2 L=1249,1250,1,0,-1 B=1233,1233,0,0,-19
mv U' code=0 aligned=1 homed=- ms=119.0 U=3134,61,-1,3,-3 R=1091,1091,0,0,0 F=674,673,-1,3,-8 D=3501,3501,0,2,-2 L=1250,1250,0,0,-1 B=1233,1233,0,0,-19
mv U code=0 aligned=1 homed=- ms=119.0 U=63,3131,-4,2,-1 R=1091,1090,-1,0,-1 F=674,673,-1,3,-8 D=3501,3501,0,2,-2 L=1249,1250,1,0,-1 B=1233,1233,0,0,-19
mv U code=0 aligned=1 homed=- ms=119.0 U=3135,2118,7,1,-4 R=1091,1090,-1,0,-1 F=674,674,0,3,-7 D=3501,3501,0,2,-2 L=1249,1250,1,0,-1 B=1234,1233,-1,0,-19
mv U' code=0 aligned=1 homed=- ms=119.0 U=2123,3132,-15,2,0 R=1091,1091,0,0,0 F=674,673,-1,3,-8 D=3501,3501,0,2,-2 L=1249,1250,1,0,-1 B=1233,1233,0,0,-19
mv U' code=0 aligned=1 homed=- ms=119.0 U=3134,61,-1,3,-3 R=1091,1090,-1,0,-1 F=674,673,-1,3,-8 D=3501,3501,0,2,-2 L=1249,1250,1,0,-1 B=1233,1233,0,0,-19
mv U code=0 aligned=1 homed=- ms=119.0 U=63,3131,-4,2,-1 R=1091,1090,-1,0,-1 F=674,674,0,3,-7 D=3501,3501,0,2,-2 L=1249,1250,1,0,-1 B=1233,1233,0,0,-19
mv U code=0 aligned=1 homed=- ms=119.0 U=3135,2119,8,1,-3 R=1091,1090,-1,0,-1 F=674,674,0,3,-7 D=3501,3501,0,2,-2 L=1249,1250,1,0,-1 B=1233,1233,0,0,-19
mv U' code=0 aligned=1 homed=- ms=119.0 U=2123,3132,-15,2,0 R=1091,1090,-1,0,-1 F=674,673,-1,3,-8 D=3501,3501,0,2,-2 L=1249,1250,1,0,-1 B=1234,1233,-1,0,-19
mv U' code=0 aligned=1 homed=- ms=119.0 U=3134,61,-1,3,-3 R=1091,1090,-1,0,-1 F=674,673,-1,3,-8 D=3501,3501,0,2,-2 L=1249,1250,1,0,-1 B=1233,1233,0,0,-19
mv U code=0 aligned=1 homed=- ms=119.0 U=63,3132,-3,2,0 R=1091,1090,-1,0,-1 F=674,673,-1,3,-8 D=3501,3501,0,2,-2 L=1250,1250,0,0,-1 B=1233,1233,0,0,-19
mv U code=0 aligned=1 homed=- ms=119.0 U=3135,2119,8,1,-3 R=1091,1090,-1,0,-1 F=674,673,-1,3,-8 D=3501,3501,0,2,-2 L=1249,1250,1,0,-1 B=1233,1233,0,0,-19
mv U' code=0 aligned=1 homed=- ms=119.0 U=2123,3132,-15,2,0 R=1091,1090,-1,0,-1 F=674,673,-1,3,-8 D=3501,3501,0,2,-2 L=1249,1250,1,0,-1 B=1233,1234,1,0,-18
mv U' code=0 aligned=1 homed=- ms=119.0 U=3134,61,-1,3,-3 R=1091,1090,-1,0,-1 F=674,673,-1,3,-8 D=3501,3501,0,2,-2 L=1250,1250,0,0,-1 B=1233,1233,0,0,-19
mv U code=0 aligned=1 homed=- ms=119.0 U=63,3131,-4,2,-1 R=1091,1090,-1,0,-1 F=674,673,-1,3,-8 D=3501,3501,0,2,-2 L=1249,1250,1,0,-1 B=1233,1233,0,0,-19
mv U code=0 aligned=1 homed=- ms=119.0 U=3135,2119,8,1,-3 R=1091,1090,-1,0,-1 F=674,674,0,3,-7 D=3501,3501,0,2,-2 L=1249,1250,1,0,-1 B=1234,1233,-1,0,-19
mv U' code=0 aligned=1 homed=- ms=119.0 U=2123,3132,-15,2,0 R=1091,1090,-1,0,-1 F=674,673,-1,3,-8 D=3501,3501,0,2,-2 L=1249,1250,1,0,-1 B=1233,1233,0,0,-19
mv U' code=0 aligned=1 homed=- ms=119.0 U=3134,61,-1,3,-3 R=1091,1090,-1,0,-1 F=674,673,-1,3,-8 D=3501,3501,0,2,-2 L=1250,1250,0,0,-1 B=1233,1233,0,0,-19
mv U code=0 aligned=1 homed=- ms=119.0 U=64,3131,-5,2,-1 R=1091,1090,-1,0,-1 F=674,673,-1,3,-8 D=3501,3501,0,2,-2 L=1249,1250,1,0,-1 B=1233,1233,0,0,-19
mv U code=0 aligned=1 homed=- ms=119.0 U=3135,2119,8,1,-3 R=1091,1091,0,0,0 F=674,673,-1,3,-8 D=3501,3501,0,2,-2 L=1249,1250,1,0,-1 B=1233,1233,0,0,-19
mv U' code=0 aligned=1 homed=- ms=119.0 U=2123,3132,-15,2,0 R=1091,1090,-1,0,-1 F=674,673,-1,3,-8 D=3501,3501,0,2,-2 L=1249,1250,1,0,-1 B=1233,1234,1,0,-18
mv U' code=0 aligned=1 homed=- ms=119.0 U=3134,61,-1,3,-3 R=1091,1091,0,0,0 F=674,674,0,3,-7 D=3501,3501,0,2,-2 L=1250,1250,0,0,-1 B=1234,1233,-1,0,-19
mv U code=0 aligned=1 homed=- ms=119.0 U=64,3131,-5,2,-1 R=1091,1090,-1,0,-1 F=674,673,-1,3,-8 D=3501,3501,0,2,-2 L=1249,1250,1,0,-1 B=1233,1234,1,0,-18
mv U code=0 aligned=1 homed=- ms=119.0 U=3135,2118,7,1,-4 R=1091,1091,0,0,0 F=674,673,-1,3,-8 D=3501,3501,0,2,-2 L=1249,1250,1,0,-1 B=1233,1233,0,0,-19
mv U' code=0 aligned=1 homed=- ms=119.0 U=2123,3132,-15,2,0 R=1091,1090,-1,0,-1 F=674,673,-1,3,-8 D=3501,3501,0,2,-2 L=1249,1250,1,0,-1 B=1233,1233,0,0,-19
mv U' code=0 aligned=1 homed=- ms=119.0 U=3134,61,-1,3,-3 R=1091,1090,-1,0,-1 F=674,673,-1,3,-8 D=3501,3501,0,2,-2 L=1250,1250,0,0,-1 B=1233,1233,0,0,-19
mv U code=0 aligned=1 homed=- ms=119.0 U=63,3131,-4,2,-1 R=1091,1090,-1,0,-1 F=674,673,-1,3,-8 D=3501,3501,0,2,-2 L=1250,1250,0,0,-1 B=1233,1233,0,0,-19
mv U code=0 aligned=1 homed=- ms=119.0 U=3135,2118,7,1,-4 R=1091,1090,-1,0,-1 F=674,673,-1,3,-8 D=3501,3501,0,2,-2 L=1249,1250,1,0,-1 B=1233,1233,0,0,-19
mv U' code=0 aligned=1 homed=- ms=119.0 U=2123,3132,-15,2,0 R=1091,1090,-1,0,-1 F=674,673,-1,3,-8 D=3501,3501,0,2,-2 L=1249,1249,0,0,-2 B=1233,1233,0,0,-19
mv U' code=0 aligned=1 homed=- ms=119.0 U=3134,61,-1,3,-3 R=1091,1090,-1,0,-1 F=674,674,0,3,-7 D=3501,3501,0,2,-2 L=1249,1250,1,0,-1 B=1233,1233,0,0,-19
mv U code=0 aligned=1 homed=- ms=119.0 U=63,3131,-4,2,-1 R=1091,1090,-1,0,-1 F=674,673,-1,3,-8 D=3501,3501,0,2,-2 L=1249,1250,1,0,-1 B=1233,1233,0,0,-19
mv U code=0 aligned=1 homed=- ms=119.0 U=3135,2118,7,1,-4 R=1091,1090,-1,0,-1 F=674,673,-1,3,-8 D=3501,3501,0,2,-2 L=1250,1249,-1,0,-2 B=1233,1233,0,0,-19
mv U' code=0 aligned=1 homed=- ms=119.0 U=2123,3132,-15,2,0 R=1091,1090,-1,0,-1 F=674,673,-1,3,-8 D=3501,3501,0,2,-2 L=1249,1250,1,0,-1 B=1233,1234,1,0,-18
mv U' code=0 aligned=1 homed=- ms=119.0 U=3134,61,-1,3,-3 R=1091,1090,-1,0,-1 F=674,673,-1,3,-8 D=3501,3501,0,2,-2 L=1249,1250,1,0,-1 B=1234,1233,-1,0,-19
mv U code=0 aligned=1 homed=- ms=119.0 U=63,3131,-4,2,-1 R=1091,1090,-1,0,-1 F=674,673,-1,3,-8 D=3501,3501,0,2,-2 L=1249,1250,1,0,-1 B=1233,1233,0,0,-19
mv U code=0 aligned=1 homed=- ms=119.0 U=3136,2119,7,1,-3 R=1091,1090,-1,0,-1 F=674,674,0,3,-7 D=3501,3501,0,2,-2 L=1250,1250,0,0,-1 B=1234,1233,-1,0,-19
mv U' code=0 aligned=1 homed=- ms=119.0 U=2122,3132,-14,2,0 R=1091,1090,-1,0,-1 F=674,674,0,3,-7 D=3501,3501,0,2,-2 L=1249,1250,1,0,-1 B=1234,1233,-1,0,-19
mv U' code=0 aligned=1 homed=- ms=119.0 U=3134,61,-1,3,-3 R=1091,1090,-1,0,-1 F=674,673,-1,3,-8 D=3501,3501,0,2,-2 L=1249,1249,0,0,-2 B=1233,1233,0,0,-19
mv U code=0 aligned=1 homed=- ms=119.0 U=63,3131,-4,2,-1 R=1091,1090,-1,0,-1 F=674,673,-1,3,-8 D=3501,3501,0,2,-2 L=1249,1250,1,0,-1 B=1233,1234,1,0,-18
mv U code=0 aligned=1 homed=- ms=119.0 U=3135,2119,8,1,-3 R=1091,1090,-1,0,-1 F=674,673,-1,3,-8 D=3501,3501,0,2,-2 L=1249,1250,1,0,-1 B=1233,1233,0,0,-19
mv U' code=0 aligned=1 homed=- ms=119.0 U=2122,3132,-14,2,0 R=1091,1090,-1,0,-1 F=674,673,-1,3,-8 D=3501,3501,0,2,-2 L=1249,1250,1,0,-1 B=1233,1234,1,0,-18
mv U' code=0 aligned=1 homed=- ms=119.0 U=3135,61,-2,3,-3 R=1091,1090,-1,0,-1 F=674,674,0,3,-7 D=3501,3501,0,2,-2 L=1249,1250,1,0,-1 B=1233,1233,0,0,-19
mv U code=0 aligned=1 homed=- ms=119.0 U=63,3132,-3,2,0 R=1091,1090,-1,0,-1 F=674,673,-1,3,-8 D=3501,3501,0,2,-2 L=1250,1250,0,0,-1 B=1233,1233,0,0,-19
mv U code=0 aligned=1 homed=- ms=119.0 U=3135,2118,7,1,-4 R=1091,1090,-1,0,-1 F=674,673,-1,3,-8 D=3501,3501,0,2,-2 L=1250,1250,0,0,-1 B=1234,1234,0,0,-18
mv U' code=0 aligned=1 homed=- ms=119.0 U=2122,3132,-14,2,0 R=1091,1090,-1,0,-1 F=674,673,-1,3,-8 D=3501,3501,0,2,-2 L=1250,1250,0,0,-1 B=1233,1233,0,0,-19
mv U' code=0 aligned=1 homed=- ms=119.0 U=3134,61,-1,3,-3 R=1091,1090,-1,0,-1 F=674,673,-1,3,-8 D=3501,3501,0,2,-2 L=1249,1250,1,0,-1 B=1233,1234,1,0,-18
mv U code=0 aligned=1 homed=- ms=119.0 U=63,3132,-3,2,0 R=1091,1091,0,0,0 F=674,674,0,3,-7 D=3501,3501,0,2,-2 L=1250,1250,0,0,-1 B=1233,1233,0,0,-19
mv U code=0 aligned=1 homed=- ms=119.0 U=3135,2119,8,1,-3 R=1091,1090,-1,0,-1 F=674,674,0,3,-7 D=3501,3501,0,2,-2 L=1250,1250,0,0,-1 B=1233,1233,0,0,-19
mv U' code=0 aligned=1 homed=- ms=119.0 U=2123,3132,-15,2,0 R=1091,1090,-1,0,-1 F=674,673,-1,3,-8 D=3501,3501,0,2,-2 L=1249,1249,0,0,-2 B=1233,1233,0,0,-19
mv U' code=0 aligned=1 homed=- ms=119.0 U=3134,61,-1,3,-3 R=1091,1090,-1,0,-1 F=674,673,-1,3,-8 D=3501,3501,0,2,-2 L=1249,1250,1,0,-1 B=1233,1233,0,0,-19
mv U code=0 aligned=1 homed=- ms=119.0 U=63,3131,-4,2,-1 R=1091,1090,-1,0,-1 F=674,673,-1,3,-8 D=3501,3501,0,2,-2 L=1250,1250,0,0,-1 B=1233,1234,1,0,-18
mv U code=0 aligned=1 homed=- ms=119.0 U=3135,2119,8,1,-3 R=1091,1091,0,0,0 F=674,673,-1,3,-8 D=3501,3501,0,2,-2 L=1249,1250,1,0,-1 B=1233,1233,0,0,-19
mv U' code=0 aligned=1 homed=- ms=119.0 U=2123,3132,-15,2,0 R=1091,1090,-1,0,-1 F=674,673,-1,3,-8 D=3501,3501,0,2,-2 L=1249,1250,1,0,-1 B=1233,1234,1,0,-18
mv U' code=0 aligned=1 homed=- ms=119.0 U=3134,61,-1,3,-3 R=1091,1090,-1,0,-1 F=674,673,-1,3,-8 D=3501,3501,0,2,-2 L=1249,1250,1,0,-1 B=1233,1233,0,0,-19
mv U code=0 aligned=1 homed=- ms=119.0 U=63,3131,-4,2,-1 R=1091,1090,-1,0,-1 F=674,673,-1,3,-8 D=3501,3501,0,2,-2 L=1249,1250,1,0,-1 B=1233,1233,0,0,-19
mv U code=0 aligned=1 homed=- ms=119.0 U=3135,2119,8,1,-3 R=1091,1090,-1,0,-1 F=674,673,-1,3,-8 D=3501,3501,0,2,-2 L=1249,1250,1,0,-1 B=1233,1233,0,0,-19
mv U' code=0 aligned=1 homed=- ms=119.0 U=2122,3132,-14,2,0 R=1091,1090,-1,0,-1 F=674,673,-1,3,-8 D=3501,3501,0,2,-2 L=1250,1250,0,0,-1 B=1233,1233,0,0,-19
mv U' code=0 aligned=1 homed=- ms=119.0 U=3134,61,-1,3,-3 R=1091,1090,-1,0,-1 F=674,673,-1,3,-8 D=3501,3501,0,2,-2 L=1249,1250,1,0,-1 B=1233,1234,1,0,-18
mv U code=0 aligned=1 homed=- ms=119.0 U=63,3132,-3,2,0 R=1091,1090,-1,0,-1 F=674,673,-1,3,-8 D=3501,3501,0,2,-2 L=1249,1250,1,0,-1 B=1233,1233,0,0,-19
mv U code=0 aligned=1 homed=- ms=119.0 U=3135,2119,8,1,-3 R=1091,1090,-1,0,-1 F=674,673,-1,3,-8 D=3501,3501,0,2,-2 L=1250,1250,0,0,-1 B=1233,1233,0,0,-19
mv U' code=0 aligned=1 homed=- ms=119.0 U=2123,3132,-15,2,0 R=1091,1090,-1,0,-1 F=674,674,0,3,-7 D=3501,3501,0,2,-2 L=1249,1250,1,0,-1 B=1233,1234,1,0,-18
mv U' code=0 aligned=1 homed=- ms=119.0 U=3134,61,-1,3,-3 R=1091,1090,-1,0,-1 F=674,673,-1,3,-8 D=3501,3501,0,2,-2 L=1249,1250,1,0,-1 B=1233,1233,0,0,-19
mv U code=0 aligned=1 homed=- ms=119.0 U=63,3131,-4,2,-1 R=1091,1091,0,0,0 F=674,673,-1,3,-8 D=3501,3501,0,2,-2 L=1249,1250,1,0,-1 B=1233,1233,0,0,-19
mv U code=0 aligned=1 homed=- ms=119.0 U=3135,2118,7,1,-4 R=1091,1090,-1,0,-1 F=674,673,-1,3,-8 D=3501,3501,0,2,-2 L=1250,1250,0,0,-1 B=1234,1233,-1,0,-19
mv U' code=0 aligned=1 homed=- ms=119.0 U=2123,3132,-15,2,0 R=1091,1090,-1,0,-1 F=674,673,-1,3,-8 D=3501,3501,0,2,-2 L=1250,1250,0,0,-1 B=1234,1233,-1,0,-19
mv U' code=0 aligned=1 homed=- ms=119.0 U=3135,61,-2,3,-3 R=1091,1091,0,0,0 F=674,673,-1,3,-8 D=3501,3501,0,2,-2 L=1249,1250,1,0,-1 B=1234,1233,-1,0,-19
mv U code=0 aligned=1 homed=- ms=119.0 U=63,3132,-3,2,0 R=1091,1090,-1,0,-1 F=674,673,-1,3,-8 D=3501,3501,0,2,-2 L=1249,1250,1,0,-1 B=1233,1233,0,0,-19
mv U code=0 aligned=1 homed=- ms=119.0 U=3135,2119,8,1,-3 R=1091,1090,-1,0,-1 F=674,673,-1,3,-8 D=3502,3501,-1,2,-2 L=1249,1250,1,0,-1 B=1233,1233,0,0,-19
mv U' code=0 aligned=1 homed=- ms=119.0 U=2123,3133,-14,2,1 R=1091,1091,0,0,0 F=674,673,-1,3,-8 D=3501,3501,0,2,-2 L=1249,1250,1,0,-1 B=1233,1233,0,0,-19
mv U' code=0 aligned=1 homed=- ms=119.0 U=3134,61,-1,3,-3 R=1091,1090,-1,0,-1 F=674,673,-1,3,-8 D=3501,3501,0,2,-2 L=1250,1250,0,0,-1 B=1233,1233,0,0,-19
mv U code=0 aligned=1 homed=- ms=119.0 U=63,3131,-4,2,-1 R=1091,1090,-1,0,-1 F=674,673,-1,3,-8 D=3501,3501,0,2,-2 L=1249,1250,1,0,-1 B=1233,1234,1,0,-18
mv U code=0 aligned=1 homed=- ms=119.0 U=3135,2119,8,1,-3 R=1091,1090,-1,0,-1 F=674,673,-1,3,-8 D=3501,3501,0,2,-2 L=1249,1250,1,0,-1 B=1234,1233,-1,0,-19
mv U' code=0 aligned=1 homed=- ms=119.0 U=2123,3132,-15,2,0 R=1091,1090,-1,0,-1 F=674,673,-1,3,-8 D=3501,3501,0,2,-2 L=1249,1250,1,0,-1 B=1233,1233,0,0,-19
mv U' code=0 aligned=1 homed=- ms=119.0 U=3134,61,-1,3,-3 R=1091,1090,-1,0,-1 F=674,673,-1,3,-8 D=3501,3501,0,2,-2 L=1249,1250,1,0,-1 B=1233,1233,0,0,-19
mv U code=0 aligned=1 homed=- ms=119.0 U=63,3132,-3,2,0 R=1091,1090,-1,0,-1 F=674,673,-1,3,-8 D=3501,3501,0,2,-2 L=1249,1250,1,0,-1 B=1233,1233,0,0,-19
mv U code=0 aligned=1 homed=- ms=119.0 U=3135,2119,8,1,-3 R=1091,1090,-1,0,-1 F=674,673,-1,3,-8 D=3501,3501,0,2,-2 L=1250,1250,0,0,-1 B=1234,1233,-1,0,-19
mv U' code=0 aligned=1 homed=- ms=119.0 U=2122,3132,-14,2,0 R=1091,1090,-1,0,-1 F=674,674,0,3,-7 D=3501,3501,0,2,-2 L=1249,1250,1,0,-1 B=1233,1233,0,0,-19
mv U' code=0 aligned=1 homed=- ms=119.0 U=3134,61,-1,3,-3 R=1091,1090,-1,0,-1 F=674,673,-1,3,-8 D=3501,3501,0,2,-2 L=1249,1250,1,0,-1 B=1233,1233,0,0,-19
mv U code=0 aligned=1 homed=- ms=119.0 U=63,3131,-4,2,-1 R=1091,1090,-1,0,-1 F=674,673,-1,3,-8 D=3501,3501,0,2,-2 L=1250,1250,0,0,-1 B=1234,1234,0,0,-18
mv U code=0 aligned=1 homed=- ms=119.0 U=3135,2119,8,1,-3 R=1091,1091,0,0,0 F=674,673,-1,3,-8 D=3501,3501,0,2,-2 L=1250,1250,0,0,-1 B=1233,1233,0,0,-19
mv U' code=0 aligned=1 homed=- ms=119.0 U=2123,3132,-15,2,0 R=1091,1090,-1,0,-1 F=674,673,-1,3,-8 D=3501,3501,0,2,-2 L=1249,1250,1,0,-1 B=1233,1233,0,0,-19
mv U' code=0 aligned=1 homed=- ms=119.0 U=3134,61,-1,3,-3 R=1091,1090,-1,0,-1 F=674,673,-1,3,-8 D=3501,3501,0,2,-2 L=1250,1250,0,0,-1 B=1233,1234,1,0,-18
mv U code=0 aligned=1 homed=- ms=119.0 U=63,3131,-4,2,-1 R=1091,1090,-1,0,-1 F=674,673,-1,3,-8 D=3501,3501,0,2,-2 L=1249,1250,1,0,-1 B=1233,1233,0,0,-19
mv U code=0 aligned=1 homed=- ms=119.0 U=3135,2119,8,1,-3 R=1091,1090,-1,0,-1 F=674,673,-1,3,-8 D=3501,3501,0,2,-2 L=1250,1250,0,0,-1 B=1233,1233,0,0,-19
mv U' code=0 aligned=1 homed=- ms=119.0 U=2123,3132,-15,2,0 R=1091,1090,-1,0,-1 F=674,674,0,3,-7 D=3501,3501,0,2,-2 L=1249,1250,1,0,-1 B=1233,1233,0,0,-19
mv U' code=0 aligned=1 homed=- ms=119.0 U=3134,61,-1,3,-3 R=1091,1090,-1,0,-1 F=674,673,-1,3,-8 D=3501,3501,0,2,-2 L=1250,1250,0,0,-1 B=1233,1234,1,0,-18
mv U code=0 aligned=1 homed=- ms=119.0 U=63,3131,-4,2,-1 R=1091,1091,0,0,0 F=674,673,-1,3,-8 D=3501,3501,0,2,-2 L=1249,1250,1,0,-1 B=1234,1233,-1,0,-19
mv U code=0 aligned=1 homed=- ms=119.0 U=3135,2119,8,1,-3 R=1091,1090,-1,0,-1 F=674,673,-1,3,-8 D=3501,3501,0,2,-2 L=1249,1250,1,0,-1 B=1233,1233,0,0,-19
mv U' code=0 aligned=1 homed=- ms=119.0 U=2123,3132,-15,2,0 R=1091,1090,-1,0,-1 F=674,673,-1,3,-8 D=3501,3501,0,2,-2 L=1249,1250,1,0,-1 B=1233,1233,0,0,-19
mv U' code=0 aligned=1 homed=- ms=119.0 U=3134,61,-1,3,-3 R=1091,1090,-1,0,-1 F=674,674,0,3,-7 D=3501,3501,0,2,-2 L=1249,1250,1,0,-1 B=1233,1233,0,0,-19
mv U code=0 aligned=1 homed=- ms=119.0 U=63,3131,-4,2,-1 R=1091,1090,-1,0,-1 F=674,673,-1,3,-8 D=3501,3501,0,2,-2 L=1250,1250,0,0,-1 B=1233,1233,0,0,-19
mv U code=0 aligned=1 homed=- ms=119.0 U=3135,2119,8,1,-3 R=1091,1090,-1,0,-1 F=674,674,0,3,-7 D=3501,3501,0,2,-2 L=1250,1250,0,0,-1 B=1233,1233,0,0,-19
mv U' code=0 aligned=1 homed=- ms=119.0 U=2123,3132,-15,2,0 R=1091,1090,-1,0,-1 F=674,673,-1,3,-8 D=3501,3501,0,2,-2 L=1249,1250,1,0,-1 B=1233,1234,1,0,-18
mv U' code=0 aligned=1 homed=- ms=119.0 U=3134,61,-1,3,-3 R=1091,1090,-1,0,-1 F=674,673,-1,3,-8 D=3501,3501,0,2,-2 L=1250,1250,0,0,-1 B=1233,1233,0,0,-19
mv U code=0 aligned=1 homed=- ms=119.0 U=63,3131,-4,2,-1 R=1091,1090,-1,0,-1 F=674,673,-1,3,-8 D=3501,3501,0,2,-2 L=1250,1250,0,0,-1 B=1233,1233,0,0,-19
mv U code=0 aligned=1 homed=- ms=119.0 U=3135,2119,8,1,-3 R=1091,1090,-1,0,-1 F=674,673,-1,3,-8 D=3501,3501,0,2,-2 L=1249,1250,1,0,-1 B=1233,1233,0,0,-19
mv U' code=0 aligned=1 homed=- ms=119.0 U=2123,3132,-15,2,0 R=1091,1090,-1,0,-1 F=674,673,-1,3,-8 D=3501,3501,0,2,-2 L=1249,1250,1,0,-1 B=1233,1233,0,0,-19
mv U' code=0 aligned=1 homed=- ms=119.0 U=3134,61,-1,3,-3 R=1091,1090,-1,0,-1 F=674,673,-1,3,-8 D=3501,3501,0,2,-2 L=1249,1250,1,0,-1 B=1233,1233,0,0,-19
mv U code=0 aligned=1 homed=- ms=119.0 U=63,3131,-4,2,-1 R=1091,1090,-1,0,-1 F=674,673,-1,3,-8 D=3501,3501,0,2,-2 L=1250,1250,0,0,-1 B=1233,1234,1,0,-18
mv U code=0 aligned=1 homed=- ms=119.0 U=3135,2118,7,1,-4 R=1091,1090,-1,0,-1 F=674,674,0,3,-7 D=3501,3501,0,2,-2 L=1249,1250,1,0,-1 B=1233,1234,1,0,-18
mv U' code=0 aligned=1 homed=- ms=119.0 U=2123,3132,-15,2,0 R=1091,1090,-1,0,-1 F=674,674,0,3,-7 D=3501,3501,0,2,-2 L=1250,1250,0,0,-1 B=1234,1234,0,0,-18
mv U' code=0 aligned=1 homed=- ms=119.0 U=3134,61,-1,3,-3 R=1091,1090,-1,0,-1 F=674,673,-1,3,-8 D=3501,3501,0,2,-2 L=1249,1250,1,0,-1 B=1233,1233,0,0,-19
mv U code=0 aligned=1 homed=- ms=119.0 U=64,3132,-4,2,0 R=1091,1091,0,0,0 F=674,673,-1,3,-8 D=3501,3501,0,2,-2 L=1250,1250,0,0,-1 B=1233,1233,0,0,-19
mv U code=0 aligned=1 homed=- ms=119.0 U=3135,2119,8,1,-3 R=1091,1090,-1,0,-1 F=674,673,-1,3,-8 D=3501,3501,0,2,-2 L=1249,1250,1,0,-1 B=1233,1233,0,0,-19
mv U' code=0 aligned=1 homed=- ms=119.0 U=2123,3132,-15,2,0 R=1091,1090,-1,0,-1 F=674,673,-1,3,-8 D=3501,3501,0,2,-2 L=1250,1250,0,0,-1 B=1233,1233,0,0,-19
mv U' code=0 aligned=1 homed=- ms=119.0 U=3134,61,-1,3,-3 R=1091,1090,-1,0,-1 F=674,674,0,3,-7 D=3501,3501,0,2,-2 L=1250,1250,0,0,-1 B=1233,1233,0,0,-19
mv U code=0 aligned=1 homed=- ms=119.0 U=63,3131,-4,2,-1 R=1091,1090,-1,0,-1 F=674,674,0,3,-7 D=3501,3501,0,2,-2 L=1249,1250,1,0,-1 B=1233,1233,0,0,-19
mv U code=0 aligned=1 homed=- ms=119.0 U=3135,2119,8,1,-3 R=1091,1090,-1,0,-1 F=674,673,-1,3,-8 D=3501,3501,0,2,-2 L=1249,1250,1,0,-1 B=1233,1233,0,0,-19
mv U' code=0 aligned=1 homed=- ms=119.0 U=2122,3132,-14,2,0 R=1091,1091,0,0,0 F=674,673,-1,3,-8 D=3501,3501,0,2,-2 L=1249,1250,1,0,-1 B=1233,1233,0,0,-19
mv U' code=0 aligned=1 homed=- ms=119.0 U=3134,61,-1,3,-3 R=1091,1090,-1,0,-1 F=674,673,-1,3,-8 D=3501,3501,0,2,-2 L=1249,1250,1,0,-1 B=1233,1234,1,0,-18
mv U code=0 aligned=1 homed=- ms=119.0 U=63,3131,-4,2,-1 R=1091,1090,-1,0,-1 F=674,673,-1,3,-8 D=3501,3501,0,2,-2 L=1249,1250,1,0,-1 B=1233,1233,0,0,-19
mv U code=0 aligned=1 homed=- ms=119.0 U=3135,2119,8,1,-3 R=1091,1090,-1,0,-1 F=674,673,-1,3,-8 D=3501,3501,0,2,-2 L=1249,1250,1,0,-1 B=1233,1233,0,0,-19
mv U' code=0 aligned=1 homed=- ms=119.0 U=2123,3132,-15,2,0 R=1091,1090,-1,0,-1 F=674,673,-1,3,-8 D=3501,3501,0,2,-2 L=1249,1250,1,0,-1 B=1233,1233,0,0,-19
mv U' code=0 aligned=1 homed=- ms=119.0 U=3134,61,-1,3,-3 R=1091,1090,-1,0,-1 F=674,673,-1,3,-8 D=3501,3501,0,2,-2 L=1249,1250,1,0,-1 B=1233,1233,0,0,-19
mv U code=0 aligned=1 homed=- ms=119.0 U=63,3131,-4,2,-1 R=1091,1090,-1,0,-1 F=674,673,-1,3,-8 D=3501,3501,0,2,-2 L=1249,1250,1,0,-1 B=1233,1234,1,0,-18
mv U code=0 aligned=1 homed=- ms=119.0 U=3136,2118,6,1,-4 R=1091,1090,-1,0,-1 F=674,673,-1,3,-8 D=3501,3501,0,2,-2 L=1249,1250,1,0,-1 B=1233,1233,0,0,-19
mv U' code=0 aligned=1 homed=- ms=119.0 U=2122,3132,-14,2,0 R=1091,1090,-1,0,-1 F=674,674,0,3,-7 D=3501,3501,0,2,-2 L=1249,1250,1,0,-1 B=1233,1234,1,0,-18
mv U' code=0 aligned=1 homed=- ms=119.0 U=3134,61,-1,3,-3 R=1091,1090,-1,0,-1 F=674,674,0,3,-7 D=3501,3501,0,2,-2 L=1249,1250,1,0,-1 B=1233,1234,1,0,-18
mv U code=0 aligned=1 homed=- ms=119.0 U=63,3131,-4,2,-1 R=1091,1090,-1,0,-1 F=674,673,-1,3,-8 D=3501,3501,0,2,-2 L=1249,1250,1,0,-1 B=1233,1233,0,0,-19
mv U code=0 aligned=1 homed=- ms=119.0 U=3135,2119,8,1,-3 R=1091,1090,-1,0,-1 F=674,673,-1,3,-8 D=3501,3501,0,2,-2 L=1249,1250,1,0,-1 B=1233,1233,0,0,-19
mv U' code=0 aligned=1 homed=- ms=119.0 U=2123,3132,-15,2,0 R=1091,1090,-1,0,-1 F=674,673,-1,3,-8 D=3501,3501,0,2,-2 L=1249,1250,1,0,-1 B=1233,1233,0,0,-19
mv U' code=0 aligned=1 homed=- ms=119.0 U=3134,61,-1,3,-3 R=1091,1090,-1,0,-1 F=674,673,-1,3,-8 D=3501,3501,0,2,-2 L=1249,1250,1,0,-1 B=1233,1234,1,0,-18
mv U code=0 aligned=1 homed=- ms=119.0 U=63,3131,-4,2,-1 R=1091,1090,-1,0,-1 F=674,673,-1,3,-8 D=3501,3501,0,2,-2 L=1250,1250,0,0,-1 B=1233,1233,0,0,-19
mv U code=0 aligned=1 homed=- ms=119.0 U=3135,2119,8,1,-3 R=1091,1090,-1,0,-1 F=674,674,0,3,-7 D=3501,3501,0,2,-2 L=1249,1250,1,0,-1 B=1233,1233,0,0,-19
mv U' code=0 aligned=1 homed=- ms=119.0 U=2122,3132,-14,2,0 R=1091,1090,-1,0,-1 F=674,673,-1,3,-8 D=3501,3501,0,2,-2 L=1249,1250,1,0,-1 B=1233,1233,0,0,-19
mv U' code=0 aligned=1 homed=- ms=119.0 U=3134,61,-1,3,-3 R=1091,1090,-1,0,-1 F=674,673,-1,3,-8 D=3501,3501,0,2,-2 L=1250,1250,0,0,-1 B=1233,1233,0,0,-19
mv U code=0 aligned=1 homed=- ms=119.0 U=63,3132,-3,2,0 R=1091,1090,-1,0,-1 F=674,674,0,3,-7 D=3501,3501,0,2,-2 L=1250,1250,0,0,-1 B=1233,1233,0,0,-19
mv U code=0 aligned=1 homed=- ms=119.0 U=3135,2119,8,1,-3 R=1091,1090,-1,0,-1 F=674,674,0,3,-7 D=3501,3501,0,2,-2 L=1249,1250,1,0,-1 B=1233,1234,1,0,-18
mv U' code=0 aligned=1 homed=- ms=119.0 U=2123,3132,-15,2,0 R=1091,1090,-1,0,-1 F=674,674,0,3,-7 D=3501,3501,0,2,-2 L=1249,1250,1,0,-1 B=1233,1233,0,0,-19
mv U' code=0 aligned=1 homed=- ms=119.0 U=3134,61,-1,3,-3 R=1091,1090,-1,0,-1 F=674,673,-1,3,-8 D=3501,3501,0,2,-2 L=1249,1250,1,0,-1 B=1233,1233,0,0,-19
mv U code=0 aligned=1 homed=- ms=119.0 U=63,3132,-3,2,0 R=1091,1090,-1,0,-1 F=674,674,0,3,-7 D=3501,3501,0,2,-2 L=1250,1250,0,0,-1 B=1233,1233,0,0,-19
mv U code=0 aligned=1 homed=- ms=119.0 U=3135,2119,8,1,-3 R=1091,1090,-1,0,-1 F=674,673,-1,3,-8 D=3501,3501,0,2,-2 L=1249,1250,1,0,-1 B=1234,1233,-1,0,-19
mv U' code=0 aligned=1 homed=- ms=119.0 U=2123,3132,-15,2,0 R=1091,1090,-1,0,-1 F=674,674,0,3,-7 D=3501,3501,0,2,-2 L=1249,1250,1,0,-1 B=1233,1233,0,0,-19
mv U' code=0 aligned=1 homed=- ms=119.0 U=3134,61,-1,3,-3 R=1091,1090,-1,0,-1 F=674,673,-1,3,-8 D=3501,3501,0,2,-2 L=1249,1250,1,0,-1 B=1233,1233,0,0,-19
mv U code=0 aligned=1 homed=- ms=119.0 U=63,3131,-4,2,-1 R=1091,1090,-1,0,-1 F=674,673,-1,3,-8 D=3501,3501,0,2,-2 L=1249,1250,1,0,-1 B=1233,1233,0,0,-19
mv U code=0 aligned=1 homed=- ms=119.0 U=3135,2119,8,1,-3 R=1091,1090,-1,0,-1 F=674,674,0,3,-7 D=3501,3501,0,2,-2 L=1249,1250,1,0,-1 B=1233,1233,0,0,-19
mv U' code=0 aligned=1 homed=- ms=119.0 U=2122,3132,-14,2,0 R=1091,1090,-1,0,-1 F=674,673,-1,3,-8 D=3501,3501,0,2,-2 L=1249,1250,1,0,-1 B=1233,1233,0,0,-19
mv U' code=0 aligned=1 homed=- ms=119.0 U=3134,61,-1,3,-3 R=1091,1090,-1,0,-1 F=674,673,-1,3,-8 D=3501,3501,0,2,-2 L=1249,1250,1,0,-1 B=1233,1233,0,0,-19
mv U code=0 aligned=1 homed=- ms=119.0 U=63,3131,-4,2,-1 R=1091,1090,-1,0,-1 F=674,673,-1,3,-8 D=3501,3501,0,2,-2 L=1249,1250,1,0,-1 B=1233,1233,0,0,-19
mv U code=0 aligned=1 homed=- ms=119.0 U=3135,2119,8,1,-3 R=1091,1090,-1,0,-1 F=674,673,-1,3,-8 D=3501,3501,0,2,-2 L=1250,1250,0,0,-1 B=1233,1233,0,0,-19
mv U' code=0 aligned=1 homed=- ms=119.0 U=2122,3132,-14,2,0 R=1091,1090,-1,0,-1 F=674,674,0,3,-7 D=3501,3501,0,2,-2 L=1250,1250,0,0,-1 B=1233,1233,0,0,-19
mv U' code=0 aligned=1 homed=- ms=119.0 U=3134,61,-1,3,-3 R=1091,1090,-1,0,-1 F=674,673,-1,3,-8 D=3501,3501,0,2,-2 L=1249,1250,1,0,-1 B=1233,1233,0,0,-19
mv U code=0 aligned=1 homed=- ms=119.0 U=63,3131,-4,2,-1 R=1091,1090,-1,0,-1 F=674,674,0,3,-7 D=3501,3501,0,2,-2 L=1249,1250,1,0,-1 B=1234,1233,-1,0,-19
rep moves=300 notaligned=0 homings=0 failures=0 avgms=119.0
res U=300,-3.1,8.6,16 R=- F=- D=- L=- B=-
ok
> health
health U=1,1,0/128/684 R=1,1,0/128/1625 F=1,1,0/128/1791 D=1,1,0/128/1578 L=1,1,0/128/681 B=1,1,0/128/1287 RING=1,1,0/128/1607
ok
> home
[align] motor 0 err=3 counts (0.3 steps)
[align] motor 1 err=0 counts (0.0 steps)
[align] motor 2 err=-7 counts (-0.7 steps)
[align] motor 3 err=-1 counts (-0.1 steps)
[align] motor 4 err=-2 counts (-0.2 steps)
[align] motor 5 err=-19 counts (-1.9 steps)
home code=0 ms=5 en=0
enc U=3131 R=1091 F=673 D=3502 L=1250 B=1233 RING=2768
near U=2:-1 R=0:0 F=3:-8 D=2:-1 L=0:-1 B=0:-19
ok
> enc
enc U=3135 R=1091 F=674 D=3501 L=1249 B=1233 RING=2768
near U=2:3 R=0:0 F=3:-7 D=2:-2 L=0:-2 B=0:-19
ok
> rep 100 U U'
mv U code=0 aligned=1 homed=- ms=119.0 U=3135,2119,8,1,-3 R=1091,1090,-1,0,-1 F=674,673,-1,3,-8 D=3501,3501,0,2,-2 L=1249,1250,1,0,-1 B=1233,1233,0,0,-19
mv U' code=0 aligned=1 homed=- ms=119.0 U=2123,3132,-15,2,0 R=1091,1090,-1,0,-1 F=674,673,-1,3,-8 D=3501,3501,0,2,-2 L=1249,1250,1,0,-1 B=1233,1233,0,0,-19
mv U code=0 aligned=1 homed=- ms=119.0 U=3134,2118,8,1,-4 R=1091,1090,-1,0,-1 F=674,673,-1,3,-8 D=3501,3501,0,2,-2 L=1250,1250,0,0,-1 B=1234,1233,-1,0,-19
mv U' code=0 aligned=1 homed=- ms=119.0 U=2123,3132,-15,2,0 R=1091,1090,-1,0,-1 F=674,674,0,3,-7 D=3501,3501,0,2,-2 L=1249,1250,1,0,-1 B=1233,1233,0,0,-19
mv U code=0 aligned=1 homed=- ms=119.0 U=3134,2119,9,1,-3 R=1091,1090,-1,0,-1 F=674,673,-1,3,-8 D=3501,3501,0,2,-2 L=1249,1250,1,0,-1 B=1233,1233,0,0,-19
mv U' code=0 aligned=1 homed=- ms=119.0 U=2123,3132,-15,2,0 R=1091,1090,-1,0,-1 F=674,673,-1,3,-8 D=3501,3501,0,2,-2 L=1249,1250,1,0,-1 B=1233,1233,0,0,-19
mv U code=0 aligned=1 homed=- ms=119.0 U=3134,2119,9,1,-3 R=1091,1091,0,0,0 F=674,674,0,3,-7 D=3501,3501,0,2,-2 L=1249,1250,1,0,-1 B=1233,1233,0,0,-19
mv U' code=0 aligned=1 homed=- ms=119.0 U=2123,3132,-15,2,0 R=1091,1090,-1,0,-1 F=674,673,-1,3,-8 D=3501,3501,0,2,-2 L=1249,1250,1,0,-1 B=1233,1233,0,0,-19
mv U code=0 aligned=1 homed=- ms=119.0 U=3134,2119,9,1,-3 R=1091,1091,0,0,0 F=674,673,-1,3,-8 D=3501,3501,0,2,-2 L=1250,1250,0,0,-1 B=1233,1233,0,0,-19
mv U' code=0 aligned=1 homed=- ms=119.0 U=2122,3132,-14,2,0 R=1091,1090,-1,0,-1 F=674,673,-1,3,-8 D=3501,3501,0,2,-2 L=1250,1250,0,0,-1 B=1233,1233,0,0,-19
mv U code=0 aligned=1 homed=- ms=119.0 U=3134,2119,9,1,-3 R=1091,1090,-1,0,-1 F=674,673,-1,3,-8 D=3501,3501,0,2,-2 L=1249,1250,1,0,-1 B=1233,1233,0,0,-19
mv U' code=0 aligned=1 homed=- ms=119.0 U=2123,3133,-14,2,1 R=1091,1090,-1,0,-1 F=674,674,0,3,-7 D=3501,3501,0,2,-2 L=1249,1250,1,0,-1 B=1233,1233,0,0,-19
mv U code=0 aligned=1 homed=- ms=119.0 U=3135,2119,8,1,-3 R=1091,1090,-1,0,-1 F=674,674,0,3,-7 D=3501,3501,0,2,-2 L=1249,1250,1,0,-1 B=1233,1233,0,0,-19
mv U' code=0 aligned=1 homed=- ms=119.0 U=2123,3133,-14,2,1 R=1091,1090,-1,0,-1 F=674,674,0,3,-7 D=3501,3501,0,2,-2 L=1250,1250,0,0,-1 B=1233,1233,0,0,-19
mv U code=0 aligned=1 homed=- ms=119.0 U=3134,2119,9,1,-3 R=1091,1090,-1,0,-1 F=674,673,-1,3,-8 D=3501,3501,0,2,-2 L=1249,1250,1,0,-1 B=1233,1234,1,0,-18
mv U' code=0 aligned=1 homed=- ms=119.0 U=2123,3132,-15,2,0 R=1091,1090,-1,0,-1 F=674,673,-1,3,-8 D=3501,3501,0,2,-2 L=1250,1250,0,0,-1 B=1233,1233,0,0,-19
mv U code=0 aligned=1 homed=- ms=119.0 U=3134,2119,9,1,-3 R=1091,1090,-1,0,-1 F=674,673,-1,3,-8 D=3501,3501,0,2,-2 L=1249,1250,1,0,-1 B=1234,1233,-1,0,-19
mv U' code=0 aligned=1 homed=- ms=119.0 U=2122,3132,-14,2,0 R=1091,1090,-1,0,-1 F=674,673,-1,3,-8 D=3501,3501,0,2,-2 L=1250,1250,0,0,-1 B=1233,1233,0,0,-19
mv U code=0 aligned=1 homed=- ms=119.0 U=3134,2119,9,1,-3 R=1091,1091,0,0,0 F=674,674,0,3,-7 D=3501,3501,0,2,-2 L=1249,1250,1,0,-1 B=1233,1233,0,0,-19
mv U' code=0 aligned=1 homed=- ms=119.0 U=2123,3132,-15,2,0 R=1091,1090,-1,0,-1 F=674,674,0,3,-7 D=3501,3501,0,2,-2 L=1250,1250,0,0,-1 B=1234,1233,-1,0,-19
mv U code=0 aligned=1 homed=- ms=119.0 U=3135,2118,7,1,-4 R=1091,1090,-1,0,-1 F=674,673,-1,3,-8 D=3501,3501,0,2,-2 L=1249,1250,1,0,-1 B=1233,1233,0,0,-19
mv U' code=0 aligned=1 homed=- ms=119.0 U=2123,3132,-15,2,0 R=1091,1090,-1,0,-1 F=674,673,-1,3,-8 D=3501,3501,0,2,-2 L=1250,1249,-1,0,-2 B=1233,1233,0,0,-19
mv U code=0 aligned=1 homed=- ms=119.0 U=3134,2118,8,1,-4 R=1091,1090,-1,0,-1 F=674,674,0,3,-7 D=3501,3501,0,2,-2 L=1249,1250,1,0,-1 B=1233,1233,0,0,-19
mv U' code=0 aligned=1 homed=- ms=119.0 U=2123,3132,-15,2,0 R=1091,1090,-1,0,-1 F=674,673,-1,3,-8 D=3501,3501,0,2,-2 L=1249,1250,1,0,-1 B=1233,1233,0,0,-19
mv U code=0 aligned=1 homed=- ms=119.0 U=3134,2119,9,1,-3 R=1091,1090,-1,0,-1 F=674,673,-1,3,-8 D=3501,3501,0,2,-2 L=1250,1250,0,0,-1 B=1233,1233,0,0,-19
mv U' code=0 aligned=1 homed=- ms=119.0 U=2122,3132,-14,2,0 R=1091,1090,-1,0,-1 F=674,674,0,3,-7 D=3501,3501,0,2,-2 L=1249,1250,1,0,-1 B=1233,1233,0,0,-19
mv U code=0 aligned=1 homed=- ms=119.0 U=3134,2119,9,1,-3 R=1091,1090,-1,0,-1 F=674,673,-1,3,-8 D=3501,3501,0,2,-2 L=1249,1250,1,0,-1 B=1233,1234,1,0,-18
mv U' code=0 aligned=1 homed=- ms=119.0 U=2123,3132,-15,2,0 R=1091,1090,-1,0,-1 F=674,674,0,3,-7 D=3501,3501,0,2,-2 L=1249,1250,1,0,-1 B=1233,1233,0,0,-19
mv U code=0 aligned=1 homed=- ms=119.0 U=3134,2119,9,1,-3 R=1091,1090,-1,0,-1 F=674,673,-1,3,-8 D=3501,3501,0,2,-2 L=1249,1250,1,0,-1 B=1233,1233,0,0,-19
mv U' code=0 aligned=1 homed=- ms=119.0 U=2123,3132,-15,2,0 R=1091,1090,-1,0,-1 F=674,673,-1,3,-8 D=3501,3501,0,2,-2 L=1249,1250,1,0,-1 B=1233,1233,0,0,-19
mv U code=0 aligned=1 homed=- ms=119.0 U=3134,2119,9,1,-3 R=1091,1090,-1,0,-1 F=674,674,0,3,-7 D=3501,3501,0,2,-2 L=1249,1250,1,0,-1 B=1234,1233,-1,0,-19
mv U' code=0 aligned=1 homed=- ms=119.0 U=2123,3132,-15,2,0 R=1091,1090,-1,0,-1 F=674,673,-1,3,-8 D=3501,3501,0,2,-2 L=1250,1250,0,0,-1 B=1233,1234,1,0,-18
mv U code=0 aligned=1 homed=- ms=119.0 U=3134,2119,9,1,-3 R=1091,1090,-1,0,-1 F=674,674,0,3,-7 D=3501,3501,0,2,-2 L=1249,1250,1,0,-1 B=1234,1233,-1,0,-19
mv U' code=0 aligned=1 homed=- ms=119.0 U=2123,3133,-14,2,1 R=1091,1090,-1,0,-1 F=674,674,0,3,-7 D=3501,3501,0,2,-2 L=1249,1250,1,0,-1 B=1233,1233,0,0,-19
mv U code=0 aligned=1 homed=- ms=119.0 U=3134,2119,9,1,-3 R=1091,1090,-1,0,-1 F=674,674,0,3,-7 D=3501,3501,0,2,-2 L=1249,1250,1,0,-1 B=1233,1234,1,0,-18
mv U' code=0 aligned=1 homed=- ms=119.0 U=2123,3132,-15,2,0 R=1091,1090,-1,0,-1 F=674,674,0,3,-7 D=3501,3501,0,2,-2 L=1249,1250,1,0,-1 B=1233,1233,0,0,-19
mv U code=0 aligned=1 homed=- ms=119.0 U=3134,2119,9,1,-3 R=1091,1090,-1,0,-1 F=674,673,-1,3,-8 D=3501,3501,0,2,-2 L=1250,1250,0,0,-1 B=1233,1233,0,0,-19
mv U' code=0 aligned=1 homed=- ms=119.0 U=2123,3132,-15,2,0 R=1091,1090,-1,0,-1 F=674,673,-1,3,-8 D=3501,3501,0,2,-2 L=1249,1250,1,0,-1 B=1233,1233,0,0,-19
mv U code=0 aligned=1 homed=- ms=119.0 U=3134,2118,8,1,-4 R=1091,1090,-1,0,-1 F=674,673,-1,3,-8 D=3501,3501,0,2,-2 L=1249,1250,1,0,-1 B=1234,1233,-1,0,-19
mv U' code=0 aligned=1 homed=- ms=119.0 U=2123,3132,-15,2,0 R=1091,1090,-1,0,-1 F=674,674,0,3,-7 D=3501,3501,0,2,-2 L=1250,1250,0,0,-1 B=1233,1233,0,0,-19
mv U code=0 aligned=1 homed=- ms=119.0 U=3134,2119,9,1,-3 R=1091,1090,-1,0,-1 F=674,673,-1,3,-8 D=3501,3501,0,2,-2 L=1249,1250,1,0,-1 B=1233,1233,0,0,-19
mv U' code=0 aligned=1 homed=- ms=119.0 U=2122,3132,-14,2,0 R=1091,1090,-1,0,-1 F=674,673,-1,3,-8 D=3501,3501,0,2,-2 L=1249,1250,1,0,-1 B=1233,1233,0,0,-19
mv U code=0 aligned=1 homed=- ms=119.0 U=3135,2118,7,1,-4 R=1091,1090,-1,0,-1 F=674,674,0,3,-7 D=3501,3501,0,2,-2 L=1249,1250,1,0,-1 B=1233,1233,0,0,-19
mv U' code=0 aligned=1 homed=- ms=119.0 U=2123,3132,-15,2,0 R=1091,1090,-1,0,-1 F=674,673,-1,3,-8 D=3501,3501,0,2,-2 L=1249,1250,1,0,-1 B=1233,1233,0,0,-19
mv U code=0 aligned=1 homed=- ms=119.0 U=3134,2119,9,1,-3 R=1091,1090,-1,0,-1 F=674,673,-1,3,-8 D=3501,3501,0,2,-2 L=1249,1250,1,0,-1 B=1233,1233,0,0,-19
mv U' code=0 aligned=1 homed=- ms=119.0 U=2123,3132,-15,2,0 R=1091,1090,-1,0,-1 F=674,674,0,3,-7 D=3501,3501,0,2,-2 L=1250,1250,0,0,-1 B=1233,1233,0,0,-19
mv U code=0 aligned=1 homed=- ms=119.0 U=3135,2119,8,1,-3 R=1091,1090,-1,0,-1 F=674,673,-1,3,-8 D=3501,3501,0,2,-2 L=1249,1250,1,0,-1 B=1234,1233,-1,0,-19
mv U' code=0 aligned=1 homed=- ms=119.0 U=2123,3132,-15,2,0 R=1091,1090,-1,0,-1 F=674,674,0,3,-7 D=3501,3501,0,2,-2 L=1250,1250,0,0,-1 B=1234,1234,0,0,-18
mv U code=0 aligned=1 homed=- ms=119.0 U=3135,2118,7,1,-4 R=1091,1090,-1,0,-1 F=674,673,-1,3,-8 D=3501,3501,0,2,-2 L=1249,1250,1,0,-1 B=1233,1233,0,0,-19
mv U' code=0 aligned=1 homed=- ms=119.0 U=2123,3132,-15,2,0 R=1091,1090,-1,0,-1 F=674,673,-1,3,-8 D=3501,3501,0,2,-2 L=1249,1250,1,0,-1 B=1233,1233,0,0,-19
mv U code=0 aligned=1 homed=- ms=119.0 U=3134,2119,9,1,-3 R=1091,1091,0,0,0 F=674,673,-1,3,-8 D=3501,3501,0,2,-2 L=1249,1250,1,0,-1 B=1233,1233,0,0,-19
mv U' code=0 aligned=1 homed=- ms=119.0 U=2123,3132,-15,2,0 R=1091,1090,-1,0,-1 F=674,673,-1,3,-8 D=3501,3501,0,2,-2 L=1249,1250,1,0,-1 B=1233,1233,0,0,-19
mv U code=0 aligned=1 homed=- ms=119.0 U=3134,2118,8,1,-4 R=1091,1090,-1,0,-1 F=674,673,-1,3,-8 D=3501,3501,0,2,-2 L=1249,1250,1,0,-1 B=1233,1233,0,0,-19
mv U' code=0 aligned=1 homed=- ms=119.0 U=2123,3132,-15,2,0 R=1091,1090,-1,0,-1 F=674,673,-1,3,-8 D=3501,3501,0,2,-2 L=1249,1250,1,0,-1 B=1233,1233,0,0,-19
mv U code=0 aligned=1 homed=- ms=119.0 U=3135,2118,7,1,-4 R=1091,1090,-1,0,-1 F=674,673,-1,3,-8 D=3501,3501,0,2,-2 L=1250,1250,0,0,-1 B=1233,1233,0,0,-19
mv U' code=0 aligned=1 homed=- ms=119.0 U=2123,3132,-15,2,0 R=1091,1090,-1,0,-1 F=674,673,-1,3,-8 D=3501,3501,0,2,-2 L=1249,1250,1,0,-1 B=1233,1233,0,0,-19
mv U code=0 aligned=1 homed=- ms=119.0 U=3134,2119,9,1,-3 R=1091,1090,-1,0,-1 F=674,673,-1,3,-8 D=3501,3501,0,2,-2 L=1249,1250,1,0,-1 B=1233,1233,0,0,-19
mv U' code=0 aligned=1 homed=- ms=119.0 U=2123,3133,-14,2,1 R=1091,1090,-1,0,-1 F=674,673,-1,3,-8 D=3501,3501,0,2,-2 L=1249,1250,1,0,-1 B=1233,1233,0,0,-19
mv U code=0 aligned=1 homed=- ms=119.0 U=3134,2118,8,1,-4 R=1091,1090,-1,0,-1 F=674,673,-1,3,-8 D=3501,3501,0,2,-2 L=1250,1250,0,0,-1 B=1233,1233,0,0,-19
mv U' code=0 aligned=1 homed=- ms=119.0 U=2123,3132,-15,2,0 R=1091,1090,-1,0,-1 F=674,673,-1,3,-8 D=3501,3501,0,2,-2 L=1250,1250,0,0,-1 B=1233,1233,0,0,-19
mv U code=0 aligned=1 homed=- ms=119.0 U=3134,2119,9,1,-3 R=1091,1090,-1,0,-1 F=674,673,-1,3,-8 D=3501,3501,0,2,-2 L=1249,1250,1,0,-1 B=1233,1234,1,0,-18
mv U' code=0 aligned=1 homed=- ms=119.0 U=2123,3132,-15,2,0 R=1091,1090,-1,0,-1 F=674,674,0,3,-7 D=3501,3501,0,2,-2 L=1249,1250,1,0,-1 B=1233,1234,1,0,-18
mv U code=0 aligned=1 homed=- ms=119.0 U=3135,2119,8,1,-3 R=1091,1090,-1,0,-1 F=674,673,-1,3,-8 D=3501,3501,0,2,-2 L=1250,1250,0,0,-1 B=1234,1233,-1,0,-19
mv U' code=0 aligned=1 homed=- ms=119.0 U=2122,3132,-14,2,0 R=1091,1090,-1,0,-1 F=674,673,-1,3,-8 D=3501,3501,0,2,-2 L=1249,1250,1,0,-1 B=1233,1233,0,0,-19
mv U code=0 aligned=1 homed=- ms=119.0 U=3134,2119,9,1,-3 R=1091,1090,-1,0,-1 F=674,673,-1,3,-8 D=3501,3501,0,2,-2 L=1249,1250,1,0,-1 B=1233,1233,0,0,-19
mv U' code=0 aligned=1 homed=- ms=119.0 U=2123,3132,-15,2,0 R=1091,1090,-1,0,-1 F=674,674,0,3,-7 D=3501,3501,0,2,-2 L=1249,1250,1,0,-1 B=1233,1234,1,0,-18
mv U code=0 aligned=1 homed=- ms=119.0 U=3135,2119,8,1,-3 R=1091,1090,-1,0,-1 F=674,673,-1,3,-8 D=3501,3501,0,2,-2 L=1250,1250,0,0,-1 B=1233,1233,0,0,-19
mv U' code=0 aligned=1 homed=- ms=119.0 U=2123,3132,-15,2,0 R=1091,1090,-1,0,-1 F=674,674,0,3,-7 D=3501,3501,0,2,-2 L=1250,1250,0,0,-1 B=1233,1233,0,0,-19
mv U code=0 aligned=1 homed=- ms=119.0 U=3134,2118,8,1,-4 R=1091,1090,-1,0,-1 F=674,673,-1,3,-8 D=3502,3501,-1,2,-2 L=1249,1250,1,0,-1 B=1233,1233,0,0,-19
mv U' code=0 aligned=1 homed=- ms=119.0 U=2123,3132,-15,2,0 R=1091,1090,-1,0,-1 F=674,673,-1,3,-8 D=3501,3501,0,2,-2 L=1250,1250,0,0,-1 B=1233,1233,0,0,-19
mv U code=0 aligned=1 homed=- ms=119.0 U=3134,2118,8,1,-4 R=1091,1090,-1,0,-1 F=674,673,-1,3,-8 D=3501,3501,0,2,-2 L=1249,1250,1,0,-1 B=1233,1233,0,0,-19
mv U' code=0 aligned=1 homed=- ms=119.0 U=2123,3132,-15,2,0 R=1091,1090,-1,0,-1 F=674,673,-1,3,-8 D=3501,3501,0,2,-2 L=1250,1250,0,0,-1 B=1233,1233,0,0,-19
mv U code=0 aligned=1 homed=- ms=119.0 U=3134,2118,8,1,-4 R=1091,1090,-1,0,-1 F=674,673,-1,3,-8 D=3501,3501,0,2,-2 L=1250,1250,0,0,-1 B=1233,1233,0,0,-19
mv U' code=0 aligned=1 homed=- ms=119.0 U=2122,3132,-14,2,0 R=1091,1090,-1,0,-1 F=674,674,0,3,-7 D=3501,3501,0,2,-2 L=1249,1250,1,0,-1 B=1233,1233,0,0,-19
mv U code=0 aligned=1 homed=- ms=119.0 U=3134,2119,9,1,-3 R=1091,1090,-1,0,-1 F=674,673,-1,3,-8 D=3501,3501,0,2,-2 L=1249,1250,1,0,-1 B=1233,1234,1,0,-18
mv U' code=0 aligned=1 homed=- ms=119.0 U=2122,3133,-13,2,1 R=1091,1090,-1,0,-1 F=674,673,-1,3,-8 D=3501,3501,0,2,-2 L=1249,1250,1,0,-1 B=1233,1233,0,0,-19
mv U code=0 aligned=1 homed=- ms=119.0 U=3134,2119,9,1,-3 R=1091,1090,-1,0,-1 F=674,673,-1,3,-8 D=3501,3501,0,2,-2 L=1249,1250,1,0,-1 B=1234,1233,-1,0,-19
mv U' code=0 aligned=1 homed=- ms=119.0 U=2123,3132,-15,2,0 R=1091,1091,0,0,0 F=674,673,-1,3,-8 D=3501,3501,0,2,-2 L=1250,1250,0,0,-1 B=1233,1233,0,0,-19
mv U code=0 aligned=1 homed=- ms=119.0 U=3134,2119,9,1,-3 R=1091,1090,-1,0,-1 F=674,673,-1,3,-8 D=3501,3501,0,2,-2 L=1249,1250,1,0,-1 B=1233,1233,0,0,-19
mv U' code=0 aligned=1 homed=- ms=119.0 U=2123,3132,-15,2,0 R=1091,1090,-1,0,-1 F=674,673,-1,3,-8 D=3501,3501,0,2,-2 L=1249,1250,1,0,-1 B=1234,1233,-1,0,-19
mv U code=0 aligned=1 homed=- ms=119.0 U=3134,2118,8,1,-4 R=1091,1090,-1,0,-1 F=674,673,-1,3,-8 D=3501,3501,0,2,-2 L=1250,1250,0,0,-1 B=1233,1233,0,0,-19
mv U' code=0 aligned=1 homed=- ms=119.0 U=2123,3132,-15,2,0 R=1091,1090,-1,0,-1 F=674,673,-1,3,-8 D=3501,3501,0,2,-2 L=1249,1250,1,0,-1 B=1233,1233,0,0,-19
mv U code=0 aligned=1 homed=- ms=119.0 U=3134,2119,9,1,-3 R=1091,1090,-1,0,-1 F=674,673,-1,3,-8 D=3501,3501,0,2,-2 L=1249,1250,1,0,-1 B=1233,1233,0,0,-19
mv U' code=0 aligned=1 homed=- ms=119.0 U=2123,3132,-15,2,0 R=1091,1090,-1,0,-1 F=674,673,-1,3,-8 D=3501,3501,0,2,-2 L=1249,1250,1,0,-1 B=1233,1233,0,0,-19
mv U code=0 aligned=1 homed=- ms=119.0 U=3134,2119,9,1,-3 R=1091,1091,0,0,0 F=674,673,-1,3,-8 D=3501,3501,0,2,-2 L=1249,1250,1,0,-1 B=1233,1234,1,0,-18
mv U' code=0 aligned=1 homed=- ms=119.0 U=2123,3132,-15,2,0 R=1091,1090,-1,0,-1 F=674,673,-1,3,-8 D=3501,3501,0,2,-2 L=1249,1250,1,0,-1 B=1233,1233,0,0,-19
mv U code=0 aligned=1 homed=- ms=119.0 U=3134,2119,9,1,-3 R=1091,1090,-1,0,-1 F=674,673,-1,3,-8 D=3501,3501,0,2,-2 L=1249,1250,1,0,-1 B=1233,1234,1,0,-18
mv U' code=0 aligned=1 homed=- ms=119.0 U=2123,3132,-15,2,0 R=1091,1090,-1,0,-1 F=674,674,0,3,-7 D=3501,3501,0,2,-2 L=1250,1250,0,0,-1 B=1233,1234,1,0,-18
mv U code=0 aligned=1 homed=- ms=119.0 U=3134,2118,8,1,-4 R=1091,1090,-1,0,-1 F=674,673,-1,3,-8 D=3501,3501,0,2,-2 L=1250,1250,0,0,-1 B=1234,1233,-1,0,-19
mv U' code=0 aligned=1 homed=- ms=119.0 U=2123,3132,-15,2,0 R=1091,1091,0,0,0 F=674,673,-1,3,-8 D=3501,3501,0,2,-2 L=1249,1250,1,0,-1 B=1233,1234,1,0,-18
mv U code=0 aligned=1 homed=- ms=119.0 U=3134,2118,8,1,-4 R=1091,1090,-1,0,-1 F=674,673,-1,3,-8 D=3501,3501,0,2,-2 L=1249,1250,1,0,-1 B=1234,1233,-1,0,-19
mv U' code=0 aligned=1 homed=- ms=119.0 U=2123,3132,-15,2,0 R=1091,1090,-1,0,-1 F=674,674,0,3,-7 D=3501,3501,0,2,-2 L=1249,1250,1,0,-1 B=1233,1234,1,0,-18
mv U code=0 aligned=1 homed=- ms=119.0 U=3135,2119,8,1,-3 R=1091,1090,-1,0,-1 F=674,673,-1,3,-8 D=3501,3501,0,2,-2 L=1249,1250,1,0,-1 B=1234,1233,-1,0,-19
mv U' code=0 aligned=1 homed=- ms=119.0 U=2123,3132,-15,2,0 R=1091,1090,-1,0,-1 F=674,674,0,3,-7 D=3501,3501,0,2,-2 L=1250,1250,0,0,-1 B=1233,1233,0,0,-19
mv U code=0 aligned=1 homed=- ms=119.0 U=3134,2119,9,1,-3 R=1091,1090,-1,0,-1 F=674,673,-1,3,-8 D=3501,3501,0,2,-2 L=1249,1250,1,0,-1 B=1233,1233,0,0,-19
mv U' code=0 aligned=1 homed=- ms=119.0 U=2123,3132,-15,2,0 R=1091,1090,-1,0,-1 F=674,674,0,3,-7 D=3501,3501,0,2,-2 L=1249,1250,1,0,-1 B=1233,1233,0,0,-19
mv U code=0 aligned=1 homed=- ms=119.0 U=3134,2119,9,1,-3 R=1091,1090,-1,0,-1 F=674,673,-1,3,-8 D=3501,3501,0,2,-2 L=1250,1250,0,0,-1 B=1234,1233,-1,0,-19
mv U' code=0 aligned=1 homed=- ms=119.0 U=2122,3132,-14,2,0 R=1091,1090,-1,0,-1 F=674,673,-1,3,-8 D=3501,3501,0,2,-2 L=1249,1250,1,0,-1 B=1233,1233,0,0,-19
mv U code=0 aligned=1 homed=- ms=119.0 U=3134,2119,9,1,-3 R=1091,1090,-1,0,-1 F=674,673,-1,3,-8 D=3501,3501,0,2,-2 L=1249,1250,1,0,-1 B=1234,1233,-1,0,-19
mv U' code=0 aligned=1 homed=- ms=119.0 U=2123,3133,-14,2,1 R=1091,1090,-1,0,-1 F=674,674,0,3,-7 D=3501,3501,0,2,-2 L=1249,1250,1,0,-1 B=1233,1233,0,0,-19
mv U code=0 aligned=1 homed=- ms=119.0 U=3134,2119,9,1,-3 R=1091,1090,-1,0,-1 F=674,673,-1,3,-8 D=3501,3501,0,2,-2 L=1249,1250,1,0,-1 B=1233,1233,0,0,-19
mv U' code=0 aligned=1 homed=- ms=119.0 U=2123,3132,-15,2,0 R=1091,1090,-1,0,-1 F=674,673,-1,3,-8 D=3501,3501,0,2,-2 L=1249,1250,1,0,-1 B=1233,1233,0,0,-19
mv U code=0 aligned=1 homed=- ms=119.0 U=3134,2118,8,1,-4 R=1091,1090,-1,0,-1 F=674,674,0,3,-7 D=3501,3501,0,2,-2 L=1249,1250,1,0,-1 B=1233,1234,1,0,-18
mv U' code=0 aligned=1 homed=- ms=119.0 U=2123,3132,-15,2,0 R=1091,1090,-1,0,-1 F=674,673,-1,3,-8 D=3501,3501,0,2,-2 L=1249,1250,1,0,-1 B=1234,1233,-1,0,-19
mv U code=0 aligned=1 homed=- ms=119.0 U=3134,2118,8,1,-4 R=1091,1091,0,0,0 F=674,673,-1,3,-8 D=3501,3501,0,2,-2 L=1249,1250,1,0,-1 B=1233,1233,0,0,-19
mv U' code=0 aligned=1 homed=- ms=119.0 U=2122,3133,-13,2,1 R=1091,1090,-1,0,-1 F=674,674,0,3,-7 D=3501,3501,0,2,-2 L=1249,1250,1,0,-1 B=1233,1233,0,0,-19
mv U code=0 aligned=1 homed=- ms=119.0 U=3134,2119,9,1,-3 R=1091,1090,-1,0,-1 F=674,673,-1,3,-8 D=3501,3501,0,2,-2 L=1250,1250,0,0,-1 B=1233,1233,0,0,-19
mv U' code=0 aligned=1 homed=- ms=119.0 U=2123,3132,-15,2,0 R=1091,1090,-1,0,-1 F=674,673,-1,3,-8 D=3501,3501,0,2,-2 L=1250,1250,0,0,-1 B=1233,1234,1,0,-18
mv U code=0 aligned=1 homed=- ms=119.0 U=3134,2119,9,1,-3 R=1091,1090,-1,0,-1 F=674,673,-1,3,-8 D=3501,3501,0,2,-2 L=1250,1250,0,0,-1 B=1233,1233,0,0,-19
mv U' code=0 aligned=1 homed=- ms=119.0 U=2123,3132,-15,2,0 R=1091,1090,-1,0,-1 F=674,673,-1,3,-8 D=3501,3501,0,2,-2 L=1250,1250,0,0,-1 B=1233,1233,0,0,-19
mv U code=0 aligned=1 homed=- ms=119.0 U=3134,2118,8,1,-4 R=1091,1090,-1,0,-1 F=674,673,-1,3,-8 D=3501,3501,0,2,-2 L=1249,1250,1,0,-1 B=1233,1233,0,0,-19
mv U' code=0 aligned=1 homed=- ms=119.0 U=2123,3132,-15,2,0 R=1091,1090,-1,0,-1 F=674,673,-1,3,-8 D=3501,3501,0,2,-2 L=1250,1250,0,0,-1 B=1233,1233,0,0,-19
mv U code=0 aligned=1 homed=- ms=119.0 U=3134,2118,8,1,-4 R=1091,1090,-1,0,-1 F=674,673,-1,3,-8 D=3501,3501,0,2,-2 L=1249,1250,1,0,-1 B=1233,1233,0,0,-19
mv U' code=0 aligned=1 homed=- ms=119.0 U=2123,3132,-15,2,0 R=1091,1090,-1,0,-1 F=674,674,0,3,-7 D=3501,3501,0,2,-2 L=1249,1250,1,0,-1 B=1233,1233,0,0,-19
mv U code=0 aligned=1 homed=- ms=119.0 U=3134,2119,9,1,-3 R=1091,1090,-1,0,-1 F=674,674,0,3,-7 D=3501,3501,0,2,-2 L=1249,1250,1,0,-1 B=1233,1234,1,0,-18
mv U' code=0 aligned=1 homed=- ms=119.0 U=2122,3132,-14,2,0 R=1091,1090,-1,0,-1 F=674,673,-1,3,-8 D=3501,3501,0,2,-2 L=1249,1250,1,0,-1 B=1233,1234,1,0,-18
mv U code=0 aligned=1 homed=- ms=119.0 U=3134,2119,9,1,-3 R=1091,1090,-1,0,-1 F=674,674,0,3,-7 D=3501,3501,0,2,-2 L=1250,1250,0,0,-1 B=1233,1233,0,0,-19
mv U' code=0 aligned=1 homed=- ms=119.0 U=2122,3132,-14,2,0 R=1091,1090,-1,0,-1 F=674,674,0,3,-7 D=3501,3501,0,2,-2 L=1249,1250,1,0,-1 B=1233,1233,0,0,-19
mv U code=0 aligned=1 homed=- ms=119.0 U=3134,2119,9,1,-3 R=1091,1090,-1,0,-1 F=674,673,-1,3,-8 D=3501,3501,0,2,-2 L=1250,1250,0,0,-1 B=1233,1233,0,0,-19
mv U' code=0 aligned=1 homed=- ms=119.0 U=2122,3132,-14,2,0 R=1091,1090,-1,0,-1 F=674,673,-1,3,-8 D=3501,3501,0,2,-2 L=1249,1250,1,0,-1 B=1233,1233,0,0,-19
mv U code=0 aligned=1 homed=- ms=119.0 U=3135,2119,8,1,-3 R=1091,1090,-1,0,-1 F=674,673,-1,3,-8 D=3501,3501,0,2,-2 L=1250,1250,0,0,-1 B=1233,1233,0,0,-19
mv U' code=0 aligned=1 homed=- ms=119.0 U=2123,3132,-15,2,0 R=1091,1090,-1,0,-1 F=674,673,-1,3,-8 D=3501,3501,0,2,-2 L=1249,1250,1,0,-1 B=1233,1233,0,0,-19
mv U code=0 aligned=1 homed=- ms=119.0 U=3134,2119,9,1,-3 R=1091,1090,-1,0,-1 F=674,673,-1,3,-8 D=3501,3501,0,2,-2 L=1249,1250,1,0,-1 B=1233,1233,0,0,-19
mv U' code=0 aligned=1 homed=- ms=119.0 U=2123,3132,-15,2,0 R=1091,1090,-1,0,-1 F=674,673,-1,3,-8 D=3501,3501,0,2,-2 L=1250,1250,0,0,-1 B=1233,1233,0,0,-19
mv U code=0 aligned=1 homed=- ms=119.0 U=3134,2119,9,1,-3 R=1091,1090,-1,0,-1 F=674,674,0,3,-7 D=3501,3501,0,2,-2 L=1249,1249,0,0,-2 B=1233,1233,0,0,-19
mv U' code=0 aligned=1 homed=- ms=119.0 U=2123,3132,-15,2,0 R=1091,1090,-1,0,-1 F=674,673,-1,3,-8 D=3501,3501,0,2,-2 L=1249,1250,1,0,-1 B=1233,1234,1,0,-18
mv U code=0 aligned=1 homed=- ms=119.0 U=3134,2118,8,1,-4 R=1091,1091,0,0,0 F=674,673,-1,3,-8 D=3501,3501,0,2,-2 L=1250,1250,0,0,-1 B=1233,1233,0,0,-19
mv U' code=0 aligned=1 homed=- ms=119.0 U=2123,3132,-15,2,0 R=1091,1090,-1,0,-1 F=674,673,-1,3,-8 D=3501,3501,0,2,-2 L=1250,1250,0,0,-1 B=1233,1233,0,0,-19
mv U code=0 aligned=1 homed=- ms=119.0 U=3134,2119,9,1,-3 R=1091,1090,-1,0,-1 F=674,673,-1,3,-8 D=3501,3501,0,2,-2 L=1249,1250,1,0,-1 B=1233,1233,0,0,-19
mv U' code=0 aligned=1 homed=- ms=119.0 U=2123,3132,-15,2,0 R=1091,1090,-1,0,-1 F=674,674,0,3,-7 D=3501,3501,0,2,-2 L=1249,1250,1,0,-1 B=1233,1233,0,0,-19
mv U code=0 aligned=1 homed=- ms=119.0 U=3134,2119,9,1,-3 R=1091,1090,-1,0,-1 F=674,674,0,3,-7 D=3501,3501,0,2,-2 L=1249,1250,1,0,-1 B=1233,1233,0,0,-19
mv U' code=0 aligned=1 homed=- ms=119.0 U=2122,3132,-14,2,0 R=1091,1090,-1,0,-1 F=674,673,-1,3,-8 D=3501,3501,0,2,-2 L=1249,1250,1,0,-1 B=1233,1233,0,0,-19
mv U code=0 aligned=1 homed=- ms=119.0 U=3134,2118,8,1,-4 R=1091,1090,-1,0,-1 F=674,674,0,3,-7 D=3501,3501,0,2,-2 L=1249,1250,1,0,-1 B=1233,1234,1,0,-18
mv U' code=0 aligned=1 homed=- ms=119.0 U=2123,3132,-15,2,0 R=1091,1090,-1,0,-1 F=674,673,-1,3,-8 D=3501,3501,0,2,-2 L=1250,1250,0,0,-1 B=1234,1233,-1,0,-19
mv U code=0 aligned=1 homed=- ms=119.0 U=3134,2119,9,1,-3 R=1091,1090,-1,0,-1 F=674,673,-1,3,-8 D=3501,3501,0,2,-2 L=1249,1250,1,0,-1 B=1233,1233,0,0,-19
mv U' code=0 aligned=1 homed=- ms=119.0 U=2122,3132,-14,2,0 R=1091,1090,-1,0,-1 F=674,673,-1,3,-8 D=3501,3501,0,2,-2 L=1250,1250,0,0,-1 B=1233,1233,0,0,-19
mv U code=0 aligned=1 homed=- ms=119.0 U=3134,2119,9,1,-3 R=1091,1090,-1,0,-1 F=674,673,-1,3,-8 D=3501,3501,0,2,-2 L=1249,1250,1,0,-1 B=1233,1233,0,0,-19
mv U' code=0 aligned=1 homed=- ms=119.0 U=2123,3132,-15,2,0 R=1091,1090,-1,0,-1 F=674,673,-1,3,-8 D=3501,3501,0,2,-2 L=1249,1250,1,0,-1 B=1233,1233,0,0,-19
mv U code=0 aligned=1 homed=- ms=119.0 U=3134,2118,8,1,-4 R=1091,1090,-1,0,-1 F=674,674,0,3,-7 D=3501,3501,0,2,-2 L=1250,1250,0,0,-1 B=1233,1233,0,0,-19
mv U' code=0 aligned=1 homed=- ms=119.0 U=2123,3132,-15,2,0 R=1091,1090,-1,0,-1 F=674,673,-1,3,-8 D=3501,3501,0,2,-2 L=1249,1250,1,0,-1 B=1233,1233,0,0,-19
mv U code=0 aligned=1 homed=- ms=119.0 U=3134,2118,8,1,-4 R=1091,1090,-1,0,-1 F=674,674,0,3,-7 D=3501,3501,0,2,-2 L=1249,1250,1,0,-1 B=1233,1233,0,0,-19
mv U' code=0 aligned=1 homed=- ms=119.0 U=2123,3132,-15,2,0 R=1091,1090,-1,0,-1 F=674,673,-1,3,-8 D=3501,3501,0,2,-2 L=1249,1250,1,0,-1 B=1233,1233,0,0,-19
mv U code=0 aligned=1 homed=- ms=119.0 U=3134,2119,9,1,-3 R=1091,1090,-1,0,-1 F=674,673,-1,3,-8 D=3501,3501,0,2,-2 L=1249,1250,1,0,-1 B=1233,1233,0,0,-19
mv U' code=0 aligned=1 homed=- ms=119.0 U=2122,3132,-14,2,0 R=1091,1090,-1,0,-1 F=674,673,-1,3,-8 D=3501,3501,0,2,-2 L=1249,1250,1,0,-1 B=1233,1234,1,0,-18
mv U code=0 aligned=1 homed=- ms=119.0 U=3134,2119,9,1,-3 R=1091,1090,-1,0,-1 F=674,673,-1,3,-8 D=3501,3501,0,2,-2 L=1250,1250,0,0,-1 B=1234,1233,-1,0,-19
mv U' code=0 aligned=1 homed=- ms=119.0 U=2123,3132,-15,2,0 R=1091,1090,-1,0,-1 F=674,673,-1,3,-8 D=3501,3501,0,2,-2 L=1249,1249,0,0,-2 B=1233,1233,0,0,-19
mv U code=0 aligned=1 homed=- ms=119.0 U=3134,2118,8,1,-4 R=1091,1090,-1,0,-1 F=674,673,-1,3,-8 D=3501,3501,0,2,-2 L=1249,1250,1,0,-1 B=1233,1233,0,0,-19
mv U' code=0 aligned=1 homed=- ms=119.0 U=2122,3132,-14,2,0 R=1091,1090,-1,0,-1 F=674,673,-1,3,-8 D=3501,3501,0,2,-2 L=1249,1250,1,0,-1 B=1233,1233,0,0,-19
mv U code=0 aligned=1 homed=- ms=119.0 U=3134,2119,9,1,-3 R=1091,1090,-1,0,-1 F=674,673,-1,3,-8 D=3501,3501,0,2,-2 L=1250,1250,0,0,-1 B=1233,1233,0,0,-19
mv U' code=0 aligned=1 homed=- ms=119.0 U=2123,3132,-15,2,0 R=1091,1090,-1,0,-1 F=674,673,-1,3,-8 D=3501,3501,0,2,-2 L=1249,1250,1,0,-1 B=1233,1233,0,0,-19
mv U code=0 aligned=1 homed=- ms=119.0 U=3134,2118,8,1,-4 R=1091,1091,0,0,0 F=674,673,-1,3,-8 D=3501,3501,0,2,-2 L=1249,1250,1,0,-1 B=1233,1233,0,0,-19
mv U' code=0 aligned=1 homed=- ms=119.0 U=2123,3132,-15,2,0 R=1091,1090,-1,0,-1 F=674,674,0,3,-7 D=3501,3501,0,2,-2 L=1250,1250,0,0,-1 B=1234,1233,-1,0,-19
mv U code=0 aligned=1 homed=- ms=119.0 U=3134,2119,9,1,-3 R=1091,1090,-1,0,-1 F=674,673,-1,3,-8 D=3501,3501,0,2,-2 L=1249,1250,1,0,-1 B=1233,1233,0,0,-19
mv U' code=0 aligned=1 homed=- ms=119.0 U=2123,3132,-15,2,0 R=1091,1090,-1,0,-1 F=674,673,-1,3,-8 D=3501,3501,0,2,-2 L=1250,1250,0,0,-1 B=1233,1234,1,0,-18
mv U code=0 aligned=1 homed=- ms=119.0 U=3134,2119,9,1,-3 R=1091,1090,-1,0,-1 F=674,673,-1,3,-8 D=3501,3501,0,2,-2 L=1249,1250,1,0,-1 B=1233,1234,1,0,-18
mv U' code=0 aligned=1 homed=- ms=119.0 U=2123,3132,-15,2,0 R=1091,1090,-1,0,-1 F=674,674,0,3,-7 D=3501,3501,0,2,-2 L=1249,1250,1,0,-1 B=1233,1233,0,0,-19
mv U code=0 aligned=1 homed=- ms=119.0 U=3134,2119,9,1,-3 R=1091,1090,-1,0,-1 F=674,673,-1,3,-8 D=3501,3501,0,2,-2 L=1250,1250,0,0,-1 B=1233,1233,0,0,-19
mv U' code=0 aligned=1 homed=- ms=119.0 U=2122,3132,-14,2,0 R=1091,1090,-1,0,-1 F=674,674,0,3,-7 D=3501,3501,0,2,-2 L=1249,1250,1,0,-1 B=1233,1233,0,0,-19
mv U code=0 aligned=1 homed=- ms=119.0 U=3134,2119,9,1,-3 R=1091,1090,-1,0,-1 F=674,674,0,3,-7 D=3501,3501,0,2,-2 L=1249,1250,1,0,-1 B=1233,1233,0,0,-19
mv U' code=0 aligned=1 homed=- ms=119.0 U=2123,3132,-15,2,0 R=1091,1090,-1,0,-1 F=674,673,-1,3,-8 D=3501,3501,0,2,-2 L=1250,1250,0,0,-1 B=1234,1234,0,0,-18
mv U code=0 aligned=1 homed=- ms=119.0 U=3134,2119,9,1,-3 R=1091,1090,-1,0,-1 F=674,674,0,3,-7 D=3501,3501,0,2,-2 L=1249,1250,1,0,-1 B=1233,1233,0,0,-19
mv U' code=0 aligned=1 homed=- ms=119.0 U=2123,3132,-15,2,0 R=1091,1090,-1,0,-1 F=674,674,0,3,-7 D=3501,3501,0,2,-2 L=1249,1250,1,0,-1 B=1233,1233,0,0,-19
mv U code=0 aligned=1 homed=- ms=119.0 U=3134,2119,9,1,-3 R=1091,1090,-1,0,-1 F=674,673,-1,3,-8 D=3501,3501,0,2,-2 L=1249,1250,1,0,-1 B=1233,1233,0,0,-19
mv U' code=0 aligned=1 homed=- ms=119.0 U=2122,3132,-14,2,0 R=1091,1090,-1,0,-1 F=674,674,0,3,-7 D=3501,3501,0,2,-2 L=1250,1250,0,0,-1 B=1233,1233,0,0,-19
mv U code=0 aligned=1 homed=- ms=119.0 U=3134,2119,9,1,-3 R=1091,1090,-1,0,-1 F=674,673,-1,3,-8 D=3501,3501,0,2,-2 L=1249,1250,1,0,-1 B=1234,1233,-1,0,-19
mv U' code=0 aligned=1 homed=- ms=119.0 U=2123,3133,-14,2,1 R=1091,1090,-1,0,-1 F=674,673,-1,3,-8 D=3501,3501,0,2,-2 L=1249,1250,1,0,-1 B=1234,1234,0,0,-18
mv U code=0 aligned=1 homed=- ms=119.0 U=3134,2119,9,1,-3 R=1091,1091,0,0,0 F=674,674,0,3,-7 D=3501,3501,0,2,-2 L=1249,1250,1,0,-1 B=1233,1233,0,0,-19
mv U' code=0 aligned=1 homed=- ms=119.0 U=2123,3132,-15,2,0 R=1091,1090,-1,0,-1 F=674,673,-1,3,-8 D=3501,3501,0,2,-2 L=1250,1250,0,0,-1 B=1234,1233,-1,0,-19
mv U code=0 aligned=1 homed=- ms=119.0 U=3135,2119,8,1,-3 R=1091,1090,-1,0,-1 F=674,673,-1,3,-8 D=3501,3501,0,2,-2 L=1249,1250,1,0,-1 B=1233,1233,0,0,-19
mv U' code=0 aligned=1 homed=- ms=119.0 U=2123,3132,-15,2,0 R=1091,1090,-1,0,-1 F=674,673,-1,3,-8 D=3501,3501,0,2,-2 L=1249,1250,1,0,-1 B=1233,1233,0,0,-19
mv U code=0 aligned=1 homed=- ms=119.0 U=3135,2118,7,1,-4 R=1091,1090,-1,0,-1 F=674,674,0,3,-7 D=3501,3501,0,2,-2 L=1249,1250,1,0,-1 B=1233,1233,0,0,-19
mv U' code=0 aligned=1 homed=- ms=119.0 U=2123,3132,-15,2,0 R=1091,1090,-1,0,-1 F=674,673,-1,3,-8 D=3501,3501,0,2,-2 L=1250,1250,0,0,-1 B=1233,1233,0,0,-19
mv U code=0 aligned=1 homed=- ms=119.0 U=3134,2119,9,1,-3 R=1091,1090,-1,0,-1 F=674,673,-1,3,-8 D=3501,3501,0,2,-2 L=1250,1250,0,0,-1 B=1233,1233,0,0,-19
mv U' code=0 aligned=1 homed=- ms=119.0 U=2123,3132,-15,2,0 R=1091,1090,-1,0,-1 F=674,673,-1,3,-8 D=3501,3501,0,2,-2 L=1250,1250,0,0,-1 B=1234,1233,-1,0,-19
mv U code=0 aligned=1 homed=- ms=119.0 U=3134,2119,9,1,-3 R=1091,1090,-1,0,-1 F=674,673,-1,3,-8 D=3501,3501,0,2,-2 L=1249,1250,1,0,-1 B=1233,1233,0,0,-19
mv U' code=0 aligned=1 homed=- ms=119.0 U=2123,3132,-15,2,0 R=1091,1090,-1,0,-1 F=674,673,-1,3,-8 D=3501,3501,0,2,-2 L=1250,1250,0,0,-1 B=1233,1233,0,0,-19
mv U code=0 aligned=1 homed=- ms=119.0 U=3134,2118,8,1,-4 R=1091,1090,-1,0,-1 F=674,673,-1,3,-8 D=3501,3501,0,2,-2 L=1250,1250,0,0,-1 B=1233,1233,0,0,-19
mv U' code=0 aligned=1 homed=- ms=119.0 U=2123,3132,-15,2,0 R=1091,1090,-1,0,-1 F=674,673,-1,3,-8 D=3501,3501,0,2,-2 L=1250,1250,0,0,-1 B=1233,1234,1,0,-18
mv U code=0 aligned=1 homed=- ms=119.0 U=3134,2118,8,1,-4 R=1091,1091,0,0,0 F=674,673,-1,3,-8 D=3501,3501,0,2,-2 L=1250,1249,-1,0,-2 B=1233,1233,0,0,-19
mv U' code=0 aligned=1 homed=- ms=119.0 U=2123,3132,-15,2,0 R=1091,1090,-1,0,-1 F=674,673,-1,3,-8 D=3501,3501,0,2,-2 L=1249,1250,1,0,-1 B=1233,1233,0,0,-19
mv U code=0 aligned=1 homed=- ms=119.0 U=3134,2118,8,1,-4 R=1091,1091,0,0,0 F=674,673,-1,3,-8 D=3501,3501,0,2,-2 L=1249,1250,1,0,-1 B=1233,1233,0,0,-19
mv U' code=0 aligned=1 homed=- ms=119.0 U=2123,3132,-15,2,0 R=1091,1090,-1,0,-1 F=674,674,0,3,-7 D=3501,3501,0,2,-2 L=1250,1250,0,0,-1 B=1234,1233,-1,0,-19
mv U code=0 aligned=1 homed=- ms=119.0 U=3134,2118,8,1,-4 R=1091,1090,-1,0,-1 F=674,673,-1,3,-8 D=3501,3501,0,2,-2 L=1249,1250,1,0,-1 B=1233,1233,0,0,-19
mv U' code=0 aligned=1 homed=- ms=119.0 U=2123,3132,-15,2,0 R=1091,1090,-1,0,-1 F=674,673,-1,3,-8 D=3501,3501,0,2,-2 L=1250,1250,0,0,-1 B=1233,1233,0,0,-19
mv U code=0 aligned=1 homed=- ms=119.0 U=3134,2119,9,1,-3 R=1091,1090,-1,0,-1 F=674,674,0,3,-7 D=3501,3501,0,2,-2 L=1249,1250,1,0,-1 B=1234,1233,-1,0,-19
mv U' code=0 aligned=1 homed=- ms=119.0 U=2123,3132,-15,2,0 R=1091,1090,-1,0,-1 F=674,673,-1,3,-8 D=3501,3501,0,2,-2 L=1249,1250,1,0,-1 B=1233,1233,0,0,-19
mv U code=0 aligned=1 homed=- ms=119.0 U=3134,2118,8,1,-4 R=1091,1090,-1,0,-1 F=674,673,-1,3,-8 D=3501,3501,0,2,-2 L=1250,1250,0,0,-1 B=1233,1233,0,0,-19
mv U' code=0 aligned=1 homed=- ms=119.0 U=2123,3132,-15,2,0 R=1091,1090,-1,0,-1 F=674,673,-1,3,-8 D=3501,3501,0,2,-2 L=1250,1250,0,0,-1 B=1233,1234,1,0,-18
mv U code=0 aligned=1 homed=- ms=119.0 U=3133,2119,10,1,-3 R=1091,1090,-1,0,-1 F=674,673,-1,3,-8 D=3501,3501,0,2,-2 L=1250,1250,0,0,-1 B=1233,1233,0,0,-19
mv U' code=0 aligned=1 homed=- ms=119.0 U=2123,3132,-15,2,0 R=1091,1090,-1,0,-1 F=674,673,-1,3,-8 D=3501,3501,0,2,-2 L=1249,1250,1,0,-1 B=1233,1233,0,0,-19
mv U code=0 aligned=1 homed=- ms=119.0 U=3134,2119,9,1,-3 R=1091,1090,-1,0,-1 F=674,673,-1,3,-8 D=3501,3501,0,2,-2 L=1249,1250,1,0,-1 B=1233,1233,0,0,-19
mv U' code=0 aligned=1 homed=- ms=119.0 U=2123,3132,-15,2,0 R=1091,1090,-1,0,-1 F=674,673,-1,3,-8 D=3501,3501,0,2,-2 L=1249,1250,1,0,-1 B=1233,1234,1,0,-18
mv U code=0 aligned=1 homed=- ms=119.0 U=3134,2119,9,1,-3 R=1091,1090,-1,0,-1 F=674,673,-1,3,-8 D=3501,3501,0,2,-2 L=1250,1250,0,0,-1 B=1233,1233,0,0,-19
mv U' code=0 aligned=1 homed=- ms=119.0 U=2122,3132,-14,2,0 R=1091,1091,0,0,0 F=674,673,-1,3,-8 D=3501,3501,0,2,-2 L=1249,1250,1,0,-1 B=1233,1233,0,0,-19
mv U code=0 aligned=1 homed=- ms=119.0 U=3134,2119,9,1,-3 R=1091,1091,0,0,0 F=674,674,0,3,-7 D=3501,3501,0,2,-2 L=1249,1250,1,0,-1 B=1233,1233,0,0,-19
mv U' code=0 aligned=1 homed=- ms=119.0 U=2123,3132,-15,2,0 R=1091,1090,-1,0,-1 F=674,674,0,3,-7 D=3501,3501,0,2,-2 L=1249,1250,1,0,-1 B=1233,1234,1,0,-18
mv U code=0 aligned=1 homed=- ms=119.0 U=3134,2119,9,1,-3 R=1091,1090,-1,0,-1 F=674,673,-1,3,-8 D=3501,3501,0,2,-2 L=1249,1250,1,0,-1 B=1233,1233,0,0,-19
mv U' code=0 aligned=1 homed=- ms=119.0 U=2123,3132,-15,2,0 R=1091,1090,-1,0,-1 F=674,674,0,3,-7 D=3501,3501,0,2,-2 L=1250,1250,0,0,-1 B=1233,1233,0,0,-19
mv U code=0 aligned=1 homed=- ms=119.0 U=3134,2119,9,1,-3 R=1091,1090,-1,0,-1 F=674,673,-1,3,-8 D=3501,3501,0,2,-2 L=1249,1249,0,0,-2 B=1233,1234,1,0,-18
mv U' code=0 aligned=1 homed=- ms=119.0 U=2123,3132,-15,2,0 R=1091,1090,-1,0,-1 F=674,673,-1,3,-8 D=3501,3501,0,2,-2 L=1249,1250,1,0,-1 B=1233,1233,0,0,-19
rep moves=200 notaligned=0 homings=0 failures=0 avgms=119.0
res U=200,-3.1,12.1,15 R=- F=- D=- L=- B=-
ok
> rep 50 U U U U
mv U code=0 aligned=1 homed=- ms=119.0 U=3134,2119,9,1,-3 R=1091,1090,-1,0,-1 F=674,673,-1,3,-8 D=3501,3501,0,2,-2 L=1250,1250,0,0,-1 B=1233,1233,0,0,-19
mv U code=0 aligned=1 homed=- ms=119.0 U=2123,1099,0,0,-3 R=1091,1090,-1,0,-1 F=674,673,-1,3,-8 D=3501,3501,0,2,-2 L=1250,1250,0,0,-1 B=1233,1234,1,0,-18
mv U code=0 aligned=1 homed=- ms=119.0 U=1102,60,-18,3,-4 R=1091,1090,-1,0,-1 F=674,673,-1,3,-8 D=3501,3501,0,2,-2 L=1249,1250,1,0,-1 B=1233,1233,0,0,-19
mv U code=0 aligned=1 homed=- ms=119.0 U=64,3132,-4,2,0 R=1091,1090,-1,0,-1 F=674,673,-1,3,-8 D=3501,3501,0,2,-2 L=1249,1249,0,0,-2 B=1233,1233,0,0,-19
mv U code=0 aligned=1 homed=- ms=119.0 U=3134,2118,8,1,-4 R=1091,1091,0,0,0 F=674,673,-1,3,-8 D=3501,3501,0,2,-2 L=1249,1250,1,0,-1 B=1233,1234,1,0,-18
mv U code=0 aligned=1 homed=- ms=119.0 U=2123,1099,0,0,-3 R=1091,1090,-1,0,-1 F=674,673,-1,3,-8 D=3501,3501,0,2,-2 L=1249,1250,1,0,-1 B=1233,1233,0,0,-19
mv U code=0 aligned=1 homed=- ms=119.0 U=1102,60,-18,3,-4 R=1091,1090,-1,0,-1 F=674,673,-1,3,-8 D=3501,3501,0,2,-2 L=1250,1250,0,0,-1 B=1234,1233,-1,0,-19
mv U code=0 aligned=1 homed=- ms=119.0 U=64,3131,-5,2,-1 R=1091,1090,-1,0,-1 F=674,673,-1,3,-8 D=3501,3501,0,2,-2 L=1249,1250,1,0,-1 B=1233,1233,0,0,-19
mv U code=0 aligned=1 homed=- ms=119.0 U=3135,2118,7,1,-4 R=1091,1090,-1,0,-1 F=674,673,-1,3,-8 D=3501,3501,0,2,-2 L=1249,1250,1,0,-1 B=1233,1233,0,0,-19
mv U code=0 aligned=1 homed=- ms=119.0 U=2123,1099,0,0,-3 R=1091,1090,-1,0,-1 F=674,673,-1,3,-8 D=3501,3501,0,2,-2 L=1249,1250,1,0,-1 B=1233,1233,0,0,-19
mv U code=0 aligned=1 homed=- ms=119.0 U=1102,60,-18,3,-4 R=1091,1091,0,0,0 F=674,673,-1,3,-8 D=3501,3501,0,2,-2 L=1250,1250,0,0,-1 B=1234,1233,-1,0,-19
mv U code=0 aligned=1 homed=- ms=119.0 U=65,3131,-6,2,-1 R=1091,1090,-1,0,-1 F=674,673,-1,3,-8 D=3501,3501,0,2,-2 L=1249,1250,1,0,-1 B=1234,1233,-1,0,-19
mv U code=0 aligned=1 homed=- ms=119.0 U=3136,2118,6,1,-4 R=1091,1090,-1,0,-1 F=674,673,-1,3,-8 D=3501,3501,0,2,-2 L=1249,1250,1,0,-1 B=1233,1233,0,0,-19
mv U code=0 aligned=1 homed=- ms=119.0 U=2123,1099,0,0,-3 R=1091,1090,-1,0,-1 F=674,673,-1,3,-8 D=3501,3501,0,2,-2 L=1249,1250,1,0,-1 B=1233,1233,0,0,-19
mv U code=0 aligned=1 homed=- ms=119.0 U=1103,60,-19,3,-4 R=1091,1090,-1,0,-1 F=674,673,-1,3,-8 D=3501,3501,0,2,-2 L=1249,1250,1,0,-1 B=1233,1233,0,0,-19
mv U code=0 aligned=1 homed=- ms=119.0 U=64,3131,-5,2,-1 R=1091,1090,-1,0,-1 F=674,673,-1,3,-8 D=3501,3501,0,2,-2 L=1249,1250,1,0,-1 B=1233,1234,1,0,-18
mv U code=0 aligned=1 homed=- ms=119.0 U=3135,2118,7,1,-4 R=1091,1090,-1,0,-1 F=674,673,-1,3,-8 D=3501,3501,0,2,-2 L=1250,1250,0,0,-1 B=1234,1233,-1,0,-19
mv U code=0 aligned=1 homed=- ms=119.0 U=2122,1099,1,0,-3 R=1091,1090,-1,0,-1 F=674,673,-1,3,-8 D=3501,3501,0,2,-2 L=1250,1250,0,0,-1 B=1233,1233,0,0,-19
mv U code=0 aligned=1 homed=- ms=119.0 U=1102,60,-18,3,-4 R=1091,1090,-1,0,-1 F=674,673,-1,3,-8 D=3501,3501,0,2,-2 L=1249,1250,1,0,-1 B=1233,1233,0,0,-19
mv U code=0 aligned=1 homed=- ms=119.0 U=65,3131,-6,2,-1 R=1091,1090,-1,0,-1 F=674,673,-1,3,-8 D=3501,3501,0,2,-2 L=1249,1250,1,0,-1 B=1233,1233,0,0,-19
mv U code=0 aligned=1 homed=- ms=119.0 U=3135,2119,8,1,-3 R=1091,1090,-1,0,-1 F=674,673,-1,3,-8 D=3501,3501,0,2,-2 L=1250,1250,0,0,-1 B=1233,1233,0,0,-19
mv U code=0 aligned=1 homed=- ms=119.0 U=2123,1098,-1,0,-4 R=1091,1090,-1,0,-1 F=674,673,-1,3,-8 D=3501,3501,0,2,-2 L=1249,1249,0,0,-2 B=1233,1233,0,0,-19
mv U code=0 aligned=1 homed=- ms=119.0 U=1102,60,-18,3,-4 R=1091,1090,-1,0,-1 F=674,673,-1,3,-8 D=3501,3501,0,2,-2 L=1249,1250,1,0,-1 B=1233,1233,0,0,-19
mv U code=0 aligned=1 homed=- ms=119.0 U=64,3131,-5,2,-1 R=1091,1090,-1,0,-1 F=674,673,-1,3,-8 D=3501,3501,0,2,-2 L=1249,1250,1,0,-1 B=1233,1234,1,0,-18
mv U code=0 aligned=1 homed=- ms=119.0 U=3135,2119,8,1,-3 R=1091,1090,-1,0,-1 F=674,673,-1,3,-8 D=3501,3501,0,2,-2 L=1249,1250,1,0,-1 B=1233,1233,0,0,-19
mv U code=0 aligned=1 homed=- ms=119.0 U=2123,1099,0,0,-3 R=1091,1090,-1,0,-1 F=674,673,-1,3,-8 D=3501,3501,0,2,-2 L=1249,1250,1,0,-1 B=1233,1233,0,0,-19
mv U code=0 aligned=1 homed=- ms=119.0 U=1102,60,-18,3,-4 R=1091,1091,0,0,0 F=674,673,-1,3,-8 D=3501,3501,0,2,-2 L=1249,1250,1,0,-1 B=1233,1233,0,0,-19
mv U code=0 aligned=1 homed=- ms=119.0 U=65,3131,-6,2,-1 R=1091,1090,-1,0,-1 F=674,673,-1,3,-8 D=3501,3501,0,2,-2 L=1249,1250,1,0,-1 B=1233,1233,0,0,-19
mv U code=0 aligned=1 homed=- ms=119.0 U=3135,2119,8,1,-3 R=1091,1091,0,0,0 F=674,673,-1,3,-8 D=3501,3501,0,2,-2 L=1249,1250,1,0,-1 B=1233,1233,0,0,-19
mv U code=0 aligned=1 homed=- ms=119.0 U=2123,1099,0,0,-3 R=1091,1090,-1,0,-1 F=674,674,0,3,-7 D=3501,3501,0,2,-2 L=1249,1250,1,0,-1 B=1234,1234,0,0,-18
mv U code=0 aligned=1 homed=- ms=119.0 U=1102,60,-18,3,-4 R=1091,1090,-1,0,-1 F=674,673,-1,3,-8 D=3501,3501,0,2,-2 L=1250,1250,0,0,-1 B=1233,1233,0,0,-19
mv U code=0 aligned=1 homed=- ms=119.0 U=65,3131,-6,2,-1 R=1091,1090,-1,0,-1 F=674,673,-1,3,-8 D=3501,3501,0,2,-2 L=1250,1250,0,0,-1 B=1233,1233,0,0,-19
mv U code=0 aligned=1 homed=- ms=119.0 U=3135,2118,7,1,-4 R=1091,1090,-1,0,-1 F=674,673,-1,3,-8 D=3501,3501,0,2,-2 L=1249,1250,1,0,-1 B=1233,1233,0,0,-19
mv U code=0 aligned=1 homed=- ms=119.0 U=2123,1098,-1,0,-4 R=1091,1090,-1,0,-1 F=674,673,-1,3,-8 D=3501,3501,0,2,-2 L=1249,1250,1,0,-1 B=1234,1233,-1,0,-19
mv U code=0 aligned=1 homed=- ms=119.0 U=1102,60,-18,3,-4 R=1091,1090,-1,0,-1 F=674,673,-1,3,-8 D=3501,3501,0,2,-2 L=1249,1250,1,0,-1 B=1233,1234,1,0,-18
mv U code=0 aligned=1 homed=- ms=119.0 U=64,3131,-5,2,-1 R=1091,1090,-1,0,-1 F=674,673,-1,3,-8 D=3501,3501,0,2,-2 L=1249,1250,1,0,-1 B=1233,1234,1,0,-18
mv U code=0 aligned=1 homed=- ms=119.0 U=3135,2118,7,1,-4 R=1091,1090,-1,0,-1 F=674,673,-1,3,-8 D=3501,3501,0,2,-2 L=1250,1250,0,0,-1 B=1233,1233,0,0,-19
mv U code=0 aligned=1 homed=- ms=119.0 U=2122,1099,1,0,-3 R=1091,1090,-1,0,-1 F=674,673,-1,3,-8 D=3501,3501,0,2,-2 L=1249,1250,1,0,-1 B=1233,1233,0,0,-19
mv U code=0 aligned=1 homed=- ms=119.0 U=1102,60,-18,3,-4 R=1091,1090,-1,0,-1 F=674,673,-1,3,-8 D=3501,3501,0,2,-2 L=1249,1250,1,0,-1 B=1233,1234,1,0,-18
mv U code=0 aligned=1 homed=- ms=119.0 U=64,3131,-5,2,-1 R=1091,1090,-1,0,-1 F=674,673,-1,3,-8 D=3501,3501,0,2,-2 L=1249,1250,1,0,-1 B=1233,1233,0,0,-19
mv U code=0 aligned=1 homed=- ms=119.0 U=3135,2119,8,1,-3 R=1091,1091,0,0,0 F=674,673,-1,3,-8 D=3501,3501,0,2,-2 L=1250,1250,0,0,-1 B=1233,1233,0,0,-19
mv U code=0 aligned=1 homed=- ms=119.0 U=2123,1098,-1,0,-4 R=1091,1090,-1,0,-1 F=674,673,-1,3,-8 D=3501,3501,0,2,-2 L=1250,1250,0,0,-1 B=1233,1233,0,0,-19
mv U code=0 aligned=1 homed=- ms=119.0 U=1102,60,-18,3,-4 R=1091,1090,-1,0,-1 F=674,673,-1,3,-8 D=3501,3501,0,2,-2 L=1249,1250,1,0,-1 B=1233,1233,0,0,-19
mv U code=0 aligned=1 homed=- ms=119.0 U=65,3131,-6,2,-1 R=1091,1090,-1,0,-1 F=674,673,-1,3,-8 D=3501,3501,0,2,-2 L=1249,1250,1,0,-1 B=1233,1234,1,0,-18
mv U code=0 aligned=1 homed=- ms=119.0 U=3135,2119,8,1,-3 R=1091,1090,-1,0,-1 F=674,673,-1,3,-8 D=3501,3501,0,2,-2 L=1249,1250,1,0,-1 B=1233,1233,0,0,-19
mv U code=0 aligned=1 homed=- ms=119.0 U=2123,1099,0,0,-3 R=1091,1090,-1,0,-1 F=674,673,-1,3,-8 D=3501,3501,0,2,-2 L=1249,1250,1,0,-1 B=1234,1234,0,0,-18
mv U code=0 aligned=1 homed=- ms=119.0 U=1102,60,-18,3,-4 R=1091,1090,-1,0,-1 F=674,673,-1,3,-8 D=3501,3501,0,2,-2 L=1250,1250,0,0,-1 B=1233,1233,0,0,-19
mv U code=0 aligned=1 homed=- ms=119.0 U=64,3131,-5,2,-1 R=1091,1090,-1,0,-1 F=674,673,-1,3,-8 D=3501,3501,0,2,-2 L=1249,1250,1,0,-1 B=1233,1233,0,0,-19
mv U code=0 aligned=1 homed=- ms=119.0 U=3135,2118,7,1,-4 R=1091,1090,-1,0,-1 F=674,673,-1,3,-8 D=3501,3501,0,2,-2 L=1250,1250,0,0,-1 B=1233,1233,0,0,-19
mv U code=0 aligned=1 homed=- ms=119.0 U=2123,1099,0,0,-3 R=1091,1091,0,0,0 F=674,673,-1,3,-8 D=3501,3501,0,2,-2 L=1249,1250,1,0,-1 B=1233,1233,0,0,-19
mv U code=0 aligned=1 homed=- ms=119.0 U=1102,60,-18,3,-4 R=1091,1090,-1,0,-1 F=674,673,-1,3,-8 D=3501,3501,0,2,-2 L=1249,1250,1,0,-1 B=1233,1233,0,0,-19
mv U code=0 aligned=1 homed=- ms=119.0 U=64,3131,-5,2,-1 R=1091,1090,-1,0,-1 F=674,673,-1,3,-8 D=3501,3501,0,2,-2 L=1249,1250,1,0,-1 B=1233,1233,0,0,-19
mv U code=0 aligned=1 homed=- ms=119.0 U=3135,2118,7,1,-4 R=1091,1090,-1,0,-1 F=674,673,-1,3,-8 D=3501,3501,0,2,-2 L=1249,1250,1,0,-1 B=1233,1234,1,0,-18
mv U code=0 aligned=1 homed=- ms=119.0 U=2123,1099,0,0,-3 R=1091,1090,-1,0,-1 F=674,673,-1,3,-8 D=3501,3501,0,2,-2 L=1249,1250,1,0,-1 B=1233,1233,0,0,-19
mv U code=0 aligned=1 homed=- ms=119.0 U=1102,60,-18,3,-4 R=1091,1090,-1,0,-1 F=674,673,-1,3,-8 D=3501,3501,0,2,-2 L=1250,1250,0,0,-1 B=1233,1233,0,0,-19
mv U code=0 aligned=1 homed=- ms=119.0 U=64,3131,-5,2,-1 R=1091,1090,-1,0,-1 F=674,673,-1,3,-8 D=3501,3501,0,2,-2 L=1249,1250,1,0,-1 B=1233,1233,0,0,-19
mv U code=0 aligned=1 homed=- ms=119.0 U=3135,2119,8,1,-3 R=1091,1091,0,0,0 F=674,673,-1,3,-8 D=3501,3501,0,2,-2 L=1249,1250,1,0,-1 B=1234,1233,-1,0,-19
mv U code=0 aligned=1 homed=- ms=119.0 U=2122,1099,1,0,-3 R=1091,1090,-1,0,-1 F=674,673,-1,3,-8 D=3501,3501,0,2,-2 L=1249,1250,1,0,-1 B=1233,1233,0,0,-19
mv U code=0 aligned=1 homed=- ms=119.0 U=1103,60,-19,3,-4 R=1091,1090,-1,0,-1 F=674,673,-1,3,-8 D=3501,3501,0,2,-2 L=1249,1250,1,0,-1 B=1233,1233,0,0,-19
mv U code=0 aligned=1 homed=- ms=119.0 U=65,3131,-6,2,-1 R=1091,1090,-1,0,-1 F=674,673,-1,3,-8 D=3501,3501,0,2,-2 L=1249,1250,1,0,-1 B=1233,1234,1,0,-18
mv U code=0 aligned=1 homed=- ms=119.0 U=3135,2119,8,1,-3 R=1091,1090,-1,0,-1 F=674,673,-1,3,-8 D=3501,3501,0,2,-2 L=1250,1249,-1,0,-2 B=1233,1233,0,0,-19
mv U code=0 aligned=1 homed=- ms=119.0 U=2123,1099,0,0,-3 R=1091,1090,-1,0,-1 F=674,673,-1,3,-8 D=3501,3501,0,2,-2 L=1249,1250,1,0,-1 B=1233,1233,0,0,-19
mv U code=0 aligned=1 homed=- ms=119.0 U=1102,60,-18,3,-4 R=1091,1090,-1,0,-1 F=674,673,-1,3,-8 D=3501,3501,0,2,-2 L=1249,1250,1,0,-1 B=1233,1233,0,0,-19
mv U code=0 aligned=1 homed=- ms=119.0 U=65,3131,-6,2,-1 R=1091,1090,-1,0,-1 F=674,673,-1,3,-8 D=3501,3501,0,2,-2 L=1249,1250,1,0,-1 B=1233,1233,0,0,-19
mv U code=0 aligned=1 homed=- ms=119.0 U=3135,2118,7,1,-4 R=1091,1091,0,0,0 F=674,674,0,3,-7 D=3501,3501,0,2,-2 L=1250,1250,0,0,-1 B=1233,1233,0,0,-19
mv U code=0 aligned=1 homed=- ms=119.0 U=2123,1099,0,0,-3 R=1091,1090,-1,0,-1 F=674,674,0,3,-7 D=3501,3501,0,2,-2 L=1250,1250,0,0,-1 B=1233,1233,0,0,-19
mv U code=0 aligned=1 homed=- ms=119.0 U=1102,60,-18,3,-4 R=1091,1090,-1,0,-1 F=674,673,-1,3,-8 D=3501,3501,0,2,-2 L=1249,1250,1,0,-1 B=1233,1233,0,0,-19
mv U code=0 aligned=1 homed=- ms=119.0 U=65,3131,-6,2,-1 R=1091,1090,-1,0,-1 F=674,673,-1,3,-8 D=3501,3501,0,2,-2 L=1249,1249,0,0,-2 B=1233,1233,0,0,-19
mv U code=0 aligned=1 homed=- ms=119.0 U=3135,2119,8,1,-3 R=1091,1090,-1,0,-1 F=674,673,-1,3,-8 D=3501,3501,0,2,-2 L=1249,1250,1,0,-1 B=1233,1233,0,0,-19
mv U code=0 aligned=1 homed=- ms=119.0 U=2122,1099,1,0,-3 R=1091,1090,-1,0,-1 F=674,673,-1,3,-8 D=3501,3501,0,2,-2 L=1249,1250,1,0,-1 B=1233,1233,0,0,-19
mv U code=0 aligned=1 homed=- ms=119.0 U=1103,61,-18,3,-3 R=1091,1090,-1,0,-1 F=674,673,-1,3,-8 D=3501,3501,0,2,-2 L=1249,1250,1,0,-1 B=1233,1234,1,0,-18
mv U code=0 aligned=1 homed=- ms=119.0 U=65,3131,-6,2,-1 R=1091,1090,-1,0,-1 F=674,674,0,3,-7 D=3501,3501,0,2,-2 L=1250,1250,0,0,-1 B=1233,1233,0,0,-19
mv U code=0 aligned=1 homed=- ms=119.0 U=3135,2119,8,1,-3 R=1091,1090,-1,0,-1 F=674,673,-1,3,-8 D=3501,3501,0,2,-2 L=1249,1250,1,0,-1 B=1234,1233,-1,0,-19
mv U code=0 aligned=1 homed=- ms=119.0 U=2123,1099,0,0,-3 R=1091,1090,-1,0,-1 F=674,673,-1,3,-8 D=3501,3501,0,2,-2 L=1250,1250,0,0,-1 B=1233,1233,0,0,-19
mv U code=0 aligned=1 homed=- ms=119.0 U=1102,60,-18,3,-4 R=1091,1090,-1,0,-1 F=674,673,-1,3,-8 D=3501,3501,0,2,-2 L=1250,1250,0,0,-1 B=1233,1233,0,0,-19
mv U code=0 aligned=1 homed=- ms=119.0 U=64,3131,-5,2,-1 R=1091,1090,-1,0,-1 F=674,673,-1,3,-8 D=3501,3501,0,2,-2 L=1250,1250,0,0,-1 B=1233,1234,1,0,-18
mv U code=0 aligned=1 homed=- ms=119.0 U=3135,2119,8,1,-3 R=1091,1090,-1,0,-1 F=674,673,-1,3,-8 D=3501,3501,0,2,-2 L=1250,1250,0,0,-1 B=1233,1233,0,0,-19
mv U code=0 aligned=1 homed=- ms=119.0 U=2123,1099,0,0,-3 R=1091,1090,-1,0,-1 F=674,673,-1,3,-8 D=3501,3501,0,2,-2 L=1249,1250,1,0,-1 B=1233,1233,0,0,-19
mv U code=0 aligned=1 homed=- ms=119.0 U=1102,60,-18,3,-4 R=1091,1090,-1,0,-1 F=674,673,-1,3,-8 D=3501,3501,0,2,-2 L=1249,1250,1,0,-1 B=1233,1233,0,0,-19
mv U code=0 aligned=1 homed=- ms=119.0 U=64,3131,-5,2,-1 R=1091,1090,-1,0,-1 F=674,674,0,3,-7 D=3501,3501,0,2,-2 L=1249,1250,1,0,-1 B=1234,1233,-1,0,-19
mv U code=0 aligned=1 homed=- ms=119.0 U=3136,2119,7,1,-3 R=1091,1090,-1,0,-1 F=674,673,-1,3,-8 D=3501,3501,0,2,-2 L=1249,1250,1,0,-1 B=1233,1233,0,0,-19
mv U code=0 aligned=1 homed=- ms=119.0 U=2123,1099,0,0,-3 R=1091,1090,-1,0,-1 F=674,673,-1,3,-8 D=3501,3501,0,2,-2 L=1250,1250,0,0,-1 B=1233,1233,0,0,-19
mv U code=0 aligned=1 homed=- ms=119.0 U=1102,60,-18,3,-4 R=1091,1090,-1,0,-1 F=674,674,0,3,-7 D=3501,3501,0,2,-2 L=1249,1250,1,0,-1 B=1233,1233,0,0,-19
mv U code=0 aligned=1 homed=- ms=119.0 U=65,3132,-5,2,0 R=1091,1091,0,0,0 F=674,674,0,3,-7 D=3501,3501,0,2,-2 L=1249,1250,1,0,-1 B=1233,1233,0,0,-19
mv U code=0 aligned=1 homed=- ms=119.0 U=3135,2118,7,1,-4 R=1091,1090,-1,0,-1 F=674,673,-1,3,-8 D=3501,3501,0,2,-2 L=1250,1250,0,0,-1 B=1233,1233,0,0,-19
mv U code=0 aligned=1 homed=- ms=119.0 U=2123,1099,0,0,-3 R=1091,1090,-1,0,-1 F=674,674,0,3,-7 D=3501,3501,0,2,-2 L=1249,1250,1,0,-1 B=1233,1234,1,0,-18
mv U code=0 aligned=1 homed=- ms=119.0 U=1102,60,-18,3,-4 R=1091,1091,0,0,0 F=674,673,-1,3,-8 D=3501,3501,0,2,-2 L=1249,1250,1,0,-1 B=1233,1233,0,0,-19
mv U code=0 aligned=1 homed=- ms=119.0 U=64,3131,-5,2,-1 R=1091,1090,-1,0,-1 F=674,673,-1,3,-8 D=3501,3501,0,2,-2 L=1249,1250,1,0,-1 B=1233,1233,0,0,-19
mv U code=0 aligned=1 homed=- ms=119.0 U=3136,2119,7,1,-3 R=1091,1090,-1,0,-1 F=674,673,-1,3,-8 D=3501,3501,0,2,-2 L=1249,1250,1,0,-1 B=1233,1233,0,0,-19
mv U code=0 aligned=1 homed=- ms=119.0 U=2123,1099,0,0,-3 R=1091,1091,0,0,0 F=674,673,-1,3,-8 D=3501,3501,0,2,-2 L=1250,1250,0,0,-1 B=1233,1233,0,0,-19
mv U code=0 aligned=1 homed=- ms=119.0 U=1102,60,-18,3,-4 R=1091,1090,-1,0,-1 F=674,673,-1,3,-8 D=3501,3501,0,2,-2 L=1250,1250,0,0,-1 B=1233,1233,0,0,-19
mv U code=0 aligned=1 homed=- ms=119.0 U=65,3131,-6,2,-1 R=1091,1090,-1,0,-1 F=674,674,0,3,-7 D=3501,3501,0,2,-2 L=1249,1250,1,0,-1 B=1233,1233,0,0,-19
mv U code=0 aligned=1 homed=- ms=119.0 U=3135,2118,7,1,-4 R=1091,1090,-1,0,-1 F=674,673,-1,3,-8 D=3501,3501,0,2,-2 L=1250,1250,0,0,-1 B=1233,1233,0,0,-19
mv U code=0 aligned=1 homed=- ms=119.0 U=2123,1099,0,0,-3 R=1091,1090,-1,0,-1 F=674,673,-1,3,-8 D=3501,3501,0,2,-2 L=1250,1250,0,0,-1 B=1233,1234,1,0,-18
mv U code=0 aligned=1 homed=- ms=119.0 U=1102,60,-18,3,-4 R=1091,1090,-1,0,-1 F=674,673,-1,3,-8 D=3501,3501,0,2,-2 L=1249,1250,1,0,-1 B=1233,1233,0,0,-19
mv U code=0 aligned=1 homed=- ms=119.0 U=64,3131,-5,2,-1 R=1091,1090,-1,0,-1 F=674,673,-1,3,-8 D=3501,3501,0,2,-2 L=1250,1250,0,0,-1 B=1233,1234,1,0,-18
mv U code=0 aligned=1 homed=- ms=119.0 U=3135,2119,8,1,-3 R=1091,1090,-1,0,-1 F=674,673,-1,3,-8 D=3501,3501,0,2,-2 L=1249,1250,1,0,-1 B=1234,1233,-1,0,-19
mv U code=0 aligned=1 homed=- ms=119.0 U=2123,1099,0,0,-3 R=1091,1090,-1,0,-1 F=674,673,-1,3,-8 D=3501,3501,0,2,-2 L=1249,1250,1,0,-1 B=1233,1233,0,0,-19
mv U code=0 aligned=1 homed=- ms=119.0 U=1102,60,-18,3,-4 R=1091,1090,-1,0,-1 F=674,673,-1,3,-8 D=3501,3501,0,2,-2 L=1249,1250,1,0,-1 B=1234,1233,-1,0,-19
mv U code=0 aligned=1 homed=- ms=119.0 U=65,3131,-6,2,-1 R=1091,1090,-1,0,-1 F=674,674,0,3,-7 D=3501,3501,0,2,-2 L=1249,1250,1,0,-1 B=1233,1233,0,0,-19
mv U code=0 aligned=1 homed=- ms=119.0 U=3136,2119,7,1,-3 R=1091,1090,-1,0,-1 F=674,673,-1,3,-8 D=3501,3501,0,2,-2 L=1250,1250,0,0,-1 B=1233,1234,1,0,-18
mv U code=0 aligned=1 homed=- ms=119.0 U=2123,1098,-1,0,-4 R=1091,1090,-1,0,-1 F=674,673,-1,3,-8 D=3501,3501,0,2,-2 L=1249,1250,1,0,-1 B=1233,1233,0,0,-19
mv U code=0 aligned=1 homed=- ms=119.0 U=1102,60,-18,3,-4 R=1091,1090,-1,0,-1 F=674,673,-1,3,-8 D=3501,3501,0,2,-2 L=1250,1250,0,0,-1 B=1233,1233,0,0,-19
mv U code=0 aligned=1 homed=- ms=119.0 U=65,3131,-6,2,-1 R=1091,1090,-1,0,-1 F=674,673,-1,3,-8 D=3501,3501,0,2,-2 L=1249,1250,1,0,-1 B=1233,1233,0,0,-19
mv U code=0 aligned=1 homed=- ms=119.0 U=3135,2119,8,1,-3 R=1091,1090,-1,0,-1 F=674,673,-1,3,-8 D=3501,3501,0,2,-2 L=1249,1250,1,0,-1 B=1233,1233,0,0,-19
mv U code=0 aligned=1 homed=- ms=119.0 U=2123,1098,-1,0,-4 R=1091,1090,-1,0,-1 F=674,673,-1,3,-8 D=3501,3501,0,2,-2 L=1249,1250,1,0,-1 B=1234,1233,-1,0,-19
mv U code=0 aligned=1 homed=- ms=119.0 U=1103,60,-19,3,-4 R=1091,1090,-1,0,-1 F=674,673,-1,3,-8 D=3501,3501,0,2,-2 L=1249,1250,1,0,-1 B=1233,1233,0,0,-19
mv U code=0 aligned=1 homed=- ms=119.0 U=64,3131,-5,2,-1 R=1091,1090,-1,0,-1 F=674,673,-1,3,-8 D=3501,3501,0,2,-2 L=1250,1250,0,0,-1 B=1234,1234,0,0,-18
mv U code=0 aligned=1 homed=- ms=119.0 U=3135,2119,8,1,-3 R=1091,1090,-1,0,-1 F=674,673,-1,3,-8 D=3501,3501,0,2,-2 L=1249,1250,1,0,-1 B=1233,1233,0,0,-19
mv U code=0 aligned=1 homed=- ms=119.0 U=2123,1098,-1,0,-4 R=1091,1090,-1,0,-1 F=674,673,-1,3,-8 D=3501,3501,0,2,-2 L=1249,1250,1,0,-1 B=1233,1233,0,0,-19
mv U code=0 aligned=1 homed=- ms=119.0 U=1102,61,-17,3,-3 R=1091,1090,-1,0,-1 F=674,673,-1,3,-8 D=3501,3501,0,2,-2 L=1249,1250,1,0,-1 B=1233,1233,0,0,-19
mv U code=0 aligned=1 homed=- ms=119.0 U=65,3132,-5,2,0 R=1091,1090,-1,0,-1 F=674,673,-1,3,-8 D=3501,3501,0,2,-2 L=1249,1250,1,0,-1 B=1233,1233,0,0,-19
mv U code=0 aligned=1 homed=- ms=119.0 U=3135,2119,8,1,-3 R=1091,1091,0,0,0 F=674,674,0,3,-7 D=3501,3501,0,2,-2 L=1249,1250,1,0,-1 B=1233,1234,1,0,-18
mv U code=0 aligned=1 homed=- ms=119.0 U=2123,1099,0,0,-3 R=1091,1091,0,0,0 F=674,673,-1,3,-8 D=3501,3501,0,2,-2 L=1250,1250,0,0,-1 B=1233,1233,0,0,-19
mv U code=0 aligned=1 homed=- ms=119.0 U=1102,60,-18,3,-4 R=1091,1091,0,0,0 F=674,673,-1,3,-8 D=3501,3501,0,2,-2 L=1249,1250,1,0,-1 B=1234,1233,-1,0,-19
mv U code=0 aligned=1 homed=- ms=119.0 U=65,3132,-5,2,0 R=1091,1090,-1,0,-1 F=674,673,-1,3,-8 D=3501,3501,0,2,-2 L=1249,1250,1,0,-1 B=1233,1233,0,0,-19
mv U code=0 aligned=1 homed=- ms=119.0 U=3135,2118,7,1,-4 R=1091,1090,-1,0,-1 F=674,673,-1,3,-8 D=3501,3501,0,2,-2 L=1249,1250,1,0,-1 B=1233,1233,0,0,-19
mv U code=0 aligned=1 homed=- ms=119.0 U=2123,1098,-1,0,-4 R=1091,1090,-1,0,-1 F=674,673,-1,3,-8 D=3501,3501,0,2,-2 L=1249,1250,1,0,-1 B=1234,1233,-1,0,-19
mv U code=0 aligned=1 homed=- ms=119.0 U=1102,61,-17,3,-3 R=1091,1090,-1,0,-1 F=674,673,-1,3,-8 D=3501,3501,0,2,-2 L=1250,1250,0,0,-1 B=1233,1233,0,0,-19
mv U code=0 aligned=1 homed=- ms=119.0 U=65,3131,-6,2,-1 R=1091,1090,-1,0,-1 F=674,673,-1,3,-8 D=3501,3501,0,2,-2 L=1250,1250,0,0,-1 B=1233,1233,0,0,-19
mv U code=0 aligned=1 homed=- ms=119.0 U=3135,2119,8,1,-3 R=1091,1090,-1,0,-1 F=674,673,-1,3,-8 D=3501,3501,0,2,-2 L=1249,1250,1,0,-1 B=1233,1233,0,0,-19
mv U code=0 aligned=1 homed=- ms=119.0 U=2123,1099,0,0,-3 R=1091,1091,0,0,0 F=674,673,-1,3,-8 D=3501,3501,0,2,-2 L=1250,1250,0,0,-1 B=1233,1233,0,0,-19
mv U code=0 aligned=1 homed=- ms=119.0 U=1103,60,-19,3,-4 R=1091,1090,-1,0,-1 F=674,673,-1,3,-8 D=3501,3501,0,2,-2 L=1250,1250,0,0,-1 B=1233,1234,1,0,-18
mv U code=0 aligned=1 homed=- ms=119.0 U=64,3131,-5,2,-1 R=1091,1090,-1,0,-1 F=674,673,-1,3,-8 D=3501,3501,0,2,-2 L=1249,1250,1,0,-1 B=1233,1233,0,0,-19
mv U code=0 aligned=1 homed=- ms=119.0 U=3135,2119,8,1,-3 R=1091,1090,-1,0,-1 F=674,673,-1,3,-8 D=3501,3501,0,2,-2 L=1250,1250,0,0,-1 B=1233,1233,0,0,-19
mv U code=0 aligned=1 homed=- ms=119.0 U=2123,1099,0,0,-3 R=1091,1090,-1,0,-1 F=674,674,0,3,-7 D=3501,3501,0,2,-2 L=1249,1250,1,0,-1 B=1233,1233,0,0,-19
mv U code=0 aligned=1 homed=- ms=119.0 U=1103,60,-19,3,-4 R=1091,1090,-1,0,-1 F=674,673,-1,3,-8 D=3501,3501,0,2,-2 L=1249,1250,1,0,-1 B=1233,1233,0,0,-19
mv U code=0 aligned=1 homed=- ms=119.0 U=64,3132,-4,2,0 R=1091,1090,-1,0,-1 F=674,673,-1,3,-8 D=3501,3501,0,2,-2 L=1249,1250,1,0,-1 B=1234,1233,-1,0,-19
mv U code=0 aligned=1 homed=- ms=119.0 U=3135,2119,8,1,-3 R=1091,1090,-1,0,-1 F=674,673,-1,3,-8 D=3501,3501,0,2,-2 L=1249,1250,1,0,-1 B=1233,1233,0,0,-19
mv U code=0 aligned=1 homed=- ms=119.0 U=2123,1099,0,0,-3 R=1091,1090,-1,0,-1 F=674,673,-1,3,-8 D=3501,3501,0,2,-2 L=1249,1250,1,0,-1 B=1233,1234,1,0,-18
mv U code=0 aligned=1 homed=- ms=119.0 U=1102,60,-18,3,-4 R=1091,1090,-1,0,-1 F=674,673,-1,3,-8 D=3501,3501,0,2,-2 L=1249,1250,1,0,-1 B=1233,1233,0,0,-19
mv U code=0 aligned=1 homed=- ms=119.0 U=64,3131,-5,2,-1 R=1091,1090,-1,0,-1 F=674,673,-1,3,-8 D=3501,3501,0,2,-2 L=1249,1250,1,0,-1 B=1233,1233,0,0,-19
mv U code=0 aligned=1 homed=- ms=119.0 U=3135,2119,8,1,-3 R=1091,1090,-1,0,-1 F=674,673,-1,3,-8 D=3501,3501,0,2,-2 L=1250,1250,0,0,-1 B=1233,1233,0,0,-19
mv U code=0 aligned=1 homed=- ms=119.0 U=2123,1099,0,0,-3 R=1091,1090,-1,0,-1 F=674,673,-1,3,-8 D=3501,3501,0,2,-2 L=1249,1250,1,0,-1 B=1233,1233,0,0,-19
mv U code=0 aligned=1 homed=- ms=119.0 U=1103,60,-19,3,-4 R=1091,1091,0,0,0 F=674,674,0,3,-7 D=3501,3501,0,2,-2 L=1249,1250,1,0,-1 B=1233,1233,0,0,-19
mv U code=0 aligned=1 homed=- ms=119.0 U=65,3131,-6,2,-1 R=1091,1090,-1,0,-1 F=674,673,-1,3,-8 D=3501,3501,0,2,-2 L=1249,1250,1,0,-1 B=1233,1233,0,0,-19
mv U code=0 aligned=1 homed=- ms=119.0 U=3135,2118,7,1,-4 R=1091,1090,-1,0,-1 F=674,673,-1,3,-8 D=3501,3501,0,2,-2 L=1249,1250,1,0,-1 B=1233,1233,0,0,-19
mv U code=0 aligned=1 homed=- ms=119.0 U=2123,1099,0,0,-3 R=1091,1090,-1,0,-1 F=674,674,0,3,-7 D=3501,3501,0,2,-2 L=1249,1250,1,0,-1 B=1233,1233,0,0,-19
mv U code=0 aligned=1 homed=- ms=119.0 U=1102,60,-18,3,-4 R=1091,1090,-1,0,-1 F=674,674,0,3,-7 D=3501,3501,0,2,-2 L=1249,1250,1,0,-1 B=1233,1233,0,0,-19
mv U code=0 aligned=1 homed=- ms=119.0 U=65,3131,-6,2,-1 R=1091,1090,-1,0,-1 F=674,673,-1,3,-8 D=3501,3501,0,2,-2 L=1250,1250,0,0,-1 B=1234,1233,-1,0,-19
mv U code=0 aligned=1 homed=- ms=119.0 U=3135,2119,8,1,-3 R=1091,1090,-1,0,-1 F=674,674,0,3,-7 D=3501,3501,0,2,-2 L=1249,1250,1,0,-1 B=1233,1233,0,0,-19
mv U code=0 aligned=1 homed=- ms=119.0 U=2123,1099,0,0,-3 R=1091,1090,-1,0,-1 F=674,673,-1,3,-8 D=3501,3501,0,2,-2 L=1249,1249,0,0,-2 B=1233,1234,1,0,-18
mv U code=0 aligned=1 homed=- ms=119.0 U=1102,60,-18,3,-4 R=1091,1090,-1,0,-1 F=674,673,-1,3,-8 D=3501,3501,0,2,-2 L=1249,1250,1,0,-1 B=1234,1233,-1,0,-19
mv U code=0 aligned=1 homed=- ms=119.0 U=64,3132,-4,2,0 R=1091,1090,-1,0,-1 F=674,673,-1,3,-8 D=3501,3501,0,2,-2 L=1249,1250,1,0,-1 B=1233,1233,0,0,-19
mv U code=0 aligned=1 homed=- ms=119.0 U=3135,2118,7,1,-4 R=1091,1090,-1,0,-1 F=674,673,-1,3,-8 D=3501,3501,0,2,-2 L=1249,1250,1,0,-1 B=1233,1234,1,0,-18
mv U code=0 aligned=1 homed=- ms=119.0 U=2123,1099,0,0,-3 R=1091,1090,-1,0,-1 F=674,673,-1,3,-8 D=3501,3501,0,2,-2 L=1249,1250,1,0,-1 B=1233,1233,0,0,-19
mv U code=0 aligned=1 homed=- ms=119.0 U=1102,60,-18,3,-4 R=1091,1090,-1,0,-1 F=674,674,0,3,-7 D=3501,3501,0,2,-2 L=1249,1250,1,0,-1 B=1233,1233,0,0,-19
mv U code=0 aligned=1 homed=- ms=119.0 U=65,3131,-6,2,-1 R=1091,1090,-1,0,-1 F=674,673,-1,3,-8 D=3501,3501,0,2,-2 L=1249,1250,1,0,-1 B=1233,1233,0,0,-19
mv U code=0 aligned=1 homed=- ms=119.0 U=3135,2119,8,1,-3 R=1091,1090,-1,0,-1 F=674,673,-1,3,-8 D=3501,3501,0,2,-2 L=1249,1250,1,0,-1 B=1233,1234,1,0,-18
mv U code=0 aligned=1 homed=- ms=119.0 U=2123,1099,0,0,-3 R=1091,1090,-1,0,-1 F=674,673,-1,3,-8 D=3501,3501,0,2,-2 L=1250,1250,0,0,-1 B=1233,1233,0,0,-19
mv U code=0 aligned=1 homed=- ms=119.0 U=1103,60,-19,3,-4 R=1091,1090,-1,0,-1 F=674,674,0,3,-7 D=3501,3501,0,2,-2 L=1250,1250,0,0,-1 B=1233,1233,0,0,-19
mv U code=0 aligned=1 homed=- ms=119.0 U=65,3131,-6,2,-1 R=1091,1090,-1,0,-1 F=674,673,-1,3,-8 D=3501,3501,0,2,-2 L=1249,1250,1,0,-1 B=1233,1233,0,0,-19
mv U code=0 aligned=1 homed=- ms=119.0 U=3135,2119,8,1,-3 R=1091,1090,-1,0,-1 F=674,674,0,3,-7 D=3501,3501,0,2,-2 L=1249,1250,1,0,-1 B=1234,1233,-1,0,-19
mv U code=0 aligned=1 homed=- ms=119.0 U=2123,1099,0,0,-3 R=1091,1090,-1,0,-1 F=674,673,-1,3,-8 D=3501,3501,0,2,-2 L=1249,1250,1,0,-1 B=1233,1233,0,0,-19
mv U code=0 aligned=1 homed=- ms=119.0 U=1103,60,-19,3,-4 R=1091,1090,-1,0,-1 F=674,673,-1,3,-8 D=3501,3501,0,2,-2 L=1249,1250,1,0,-1 B=1233,1234,1,0,-18
mv U code=0 aligned=1 homed=- ms=119.0 U=64,3131,-5,2,-1 R=1091,1090,-1,0,-1 F=674,674,0,3,-7 D=3501,3501,0,2,-2 L=1249,1250,1,0,-1 B=1233,1233,0,0,-19
mv U code=0 aligned=1 homed=- ms=119.0 U=3135,2119,8,1,-3 R=1091,1090,-1,0,-1 F=674,673,-1,3,-8 D=3501,3501,0,2,-2 L=1249,1250,1,0,-1 B=1233,1233,0,0,-19
mv U code=0 aligned=1 homed=- ms=119.0 U=2123,1099,0,0,-3 R=1091,1090,-1,0,-1 F=674,673,-1,3,-8 D=3501,3501,0,2,-2 L=1249,1250,1,0,-1 B=1233,1233,0,0,-19
mv U code=0 aligned=1 homed=- ms=119.0 U=1103,60,-19,3,-4 R=1091,1090,-1,0,-1 F=674,674,0,3,-7 D=3501,3501,0,2,-2 L=1250,1250,0,0,-1 B=1233,1233,0,0,-19
mv U code=0 aligned=1 homed=- ms=119.0 U=64,3131,-5,2,-1 R=1091,1090,-1,0,-1 F=674,674,0,3,-7 D=3501,3501,0,2,-2 L=1250,1250,0,0,-1 B=1233,1233,0,0,-19
mv U code=0 aligned=1 homed=- ms=119.0 U=3135,2119,8,1,-3 R=1091,1090,-1,0,-1 F=674,673,-1,3,-8 D=3501,3501,0,2,-2 L=1249,1250,1,0,-1 B=1233,1233,0,0,-19
mv U code=0 aligned=1 homed=- ms=119.0 U=2123,1099,0,0,-3 R=1091,1090,-1,0,-1 F=674,673,-1,3,-8 D=3501,3501,0,2,-2 L=1249,1250,1,0,-1 B=1234,1233,-1,0,-19
mv U code=0 aligned=1 homed=- ms=119.0 U=1102,61,-17,3,-3 R=1091,1090,-1,0,-1 F=674,673,-1,3,-8 D=3501,3501,0,2,-2 L=1249,1250,1,0,-1 B=1233,1233,0,0,-19
mv U code=0 aligned=1 homed=- ms=119.0 U=65,3131,-6,2,-1 R=1091,1090,-1,0,-1 F=674,674,0,3,-7 D=3501,3501,0,2,-2 L=1249,1250,1,0,-1 B=1233,1233,0,0,-19
mv U code=0 aligned=1 homed=- ms=119.0 U=3135,2118,7,1,-4 R=1091,1090,-1,0,-1 F=674,673,-1,3,-8 D=3501,3501,0,2,-2 L=1249,1250,1,0,-1 B=1233,1233,0,0,-19
mv U code=0 aligned=1 homed=- ms=119.0 U=2123,1099,0,0,-3 R=1091,1090,-1,0,-1 F=674,673,-1,3,-8 D=3501,3501,0,2,-2 L=1250,1250,0,0,-1 B=1233,1233,0,0,-19
mv U code=0 aligned=1 homed=- ms=119.0 U=1102,60,-18,3,-4 R=1091,1090,-1,0,-1 F=674,673,-1,3,-8 D=3501,3501,0,2,-2 L=1250,1250,0,0,-1 B=1233,1233,0,0,-19
mv U code=0 aligned=1 homed=- ms=119.0 U=65,3131,-6,2,-1 R=1091,1091,0,0,0 F=674,673,-1,3,-8 D=3501,3501,0,2,-2 L=1249,1250,1,0,-1 B=1233,1233,0,0,-19
mv U code=0 aligned=1 homed=- ms=119.0 U=3135,2118,7,1,-4 R=1091,1090,-1,0,-1 F=674,673,-1,3,-8 D=3501,3501,0,2,-2 L=1250,1250,0,0,-1 B=1233,1233,0,0,-19
mv U code=0 aligned=1 homed=- ms=119.0 U=2123,1099,0,0,-3 R=1091,1090,-1,0,-1 F=674,673,-1,3,-8 D=3501,3501,0,2,-2 L=1249,1250,1,0,-1 B=1233,1233,0,0,-19
mv U code=0 aligned=1 homed=- ms=119.0 U=1102,60,-18,3,-4 R=1091,1090,-1,0,-1 F=674,674,0,3,-7 D=3501,3501,0,2,-2 L=1249,1250,1,0,-1 B=1233,1233,0,0,-19
mv U code=0 aligned=1 homed=- ms=119.0 U=64,3131,-5,2,-1 R=1091,1090,-1,0,-1 F=674,673,-1,3,-8 D=3501,3501,0,2,-2 L=1249,1250,1,0,-1 B=1233,1234,1,0,-18
mv U code=0 aligned=1 homed=- ms=119.0 U=3135,2118,7,1,-4 R=1091,1091,0,0,0 F=674,673,-1,3,-8 D=3501,3501,0,2,-2 L=1249,1250,1,0,-1 B=1233,1233,0,0,-19
mv U code=0 aligned=1 homed=- ms=119.0 U=2123,1099,0,0,-3 R=1091,1090,-1,0,-1 F=674,673,-1,3,-8 D=3501,3501,0,2,-2 L=1249,1250,1,0,-1 B=1234,1234,0,0,-18
mv U code=0 aligned=1 homed=- ms=119.0 U=1103,60,-19,3,-4 R=1091,1090,-1,0,-1 F=674,673,-1,3,-8 D=3501,3501,0,2,-2 L=1249,1250,1,0,-1 B=1233,1233,0,0,-19
mv U code=0 aligned=1 homed=- ms=119.0 U=65,3131,-6,2,-1 R=1091,1091,0,0,0 F=674,673,-1,3,-8 D=3501,3501,0,2,-2 L=1249,1250,1,0,-1 B=1233,1233,0,0,-19
mv U code=0 aligned=1 homed=- ms=119.0 U=3135,2118,7,1,-4 R=1091,1090,-1,0,-1 F=674,673,-1,3,-8 D=3501,3501,0,2,-2 L=1249,1250,1,0,-1 B=1233,1233,0,0,-19
mv U code=0 aligned=1 homed=- ms=119.0 U=2122,1098,0,0,-4 R=1091,1090,-1,0,-1 F=674,673,-1,3,-8 D=3501,3501,0,2,-2 L=1249,1250,1,0,-1 B=1233,1234,1,0,-18
mv U code=0 aligned=1 homed=- ms=119.0 U=1102,60,-18,3,-4 R=1091,1091,0,0,0 F=674,673,-1,3,-8 D=3501,3501,0,2,-2 L=1250,1250,0,0,-1 B=1233,1234,1,0,-18
mv U code=0 aligned=1 homed=- ms=119.0 U=65,3131,-6,2,-1 R=1091,1090,-1,0,-1 F=674,673,-1,3,-8 D=3501,3501,0,2,-2 L=1249,1250,1,0,-1 B=1233,1233,0,0,-19
mv U code=0 aligned=1 homed=- ms=119.0 U=3135,2119,8,1,-3 R=1091,1090,-1,0,-1 F=674,673,-1,3,-8 D=3501,3501,0,2,-2 L=1249,1250,1,0,-1 B=1233,1233,0,0,-19
mv U code=0 aligned=1 homed=- ms=119.0 U=2123,1099,0,0,-3 R=1091,1090,-1,0,-1 F=674,674,0,3,-7 D=3501,3501,0,2,-2 L=1250,1250,0,0,-1 B=1234,1233,-1,0,-19
mv U code=0 aligned=1 homed=- ms=119.0 U=1102,60,-18,3,-4 R=1091,1090,-1,0,-1 F=674,673,-1,3,-8 D=3501,3501,0,2,-2 L=1249,1250,1,0,-1 B=1233,1233,0,0,-19
mv U code=0 aligned=1 homed=- ms=119.0 U=64,3131,-5,2,-1 R=1091,1090,-1,0,-1 F=674,674,0,3,-7 D=3501,3501,0,2,-2 L=1249,1250,1,0,-1 B=1233,1233,0,0,-19
mv U code=0 aligned=1 homed=- ms=119.0 U=3136,2119,7,1,-3 R=1091,1090,-1,0,-1 F=674,673,-1,3,-8 D=3501,3501,0,2,-2 L=1250,1250,0,0,-1 B=1233,1233,0,0,-19
mv U code=0 aligned=1 homed=- ms=119.0 U=2123,1099,0,0,-3 R=1091,1090,-1,0,-1 F=674,673,-1,3,-8 D=3501,3501,0,2,-2 L=1250,1250,0,0,-1 B=1233,1233,0,0,-19
mv U code=0 aligned=1 homed=- ms=119.0 U=1102,60,-18,3,-4 R=1091,1090,-1,0,-1 F=674,673,-1,3,-8 D=3501,3501,0,2,-2 L=1249,1250,1,0,-1 B=1233,1233,0,0,-19
mv U code=0 aligned=1 homed=- ms=119.0 U=64,3132,-4,2,0 R=1091,1090,-1,0,-1 F=674,673,-1,3,-8 D=3501,3501,0,2,-2 L=1249,1250,1,0,-1 B=1233,1233,0,0,-19
mv U code=0 aligned=1 homed=- ms=119.0 U=3135,2119,8,1,-3 R=1091,1090,-1,0,-1 F=674,673,-1,3,-8 D=3501,3501,0,2,-2 L=1250,1250,0,0,-1 B=1234,1233,-1,0,-19
mv U code=0 aligned=1 homed=- ms=119.0 U=2123,1098,-1,0,-4 R=1091,1090,-1,0,-1 F=674,673,-1,3,-8 D=3501,3501,0,2,-2 L=1249,1250,1,0,-1 B=1234,1233,-1,0,-19
mv U code=0 aligned=1 homed=- ms=119.0 U=1102,60,-18,3,-4 R=1091,1090,-1,0,-1 F=674,673,-1,3,-8 D=3501,3501,0,2,-2 L=1250,1250,0,0,-1 B=1233,1233,0,0,-19
mv U code=0 aligned=1 homed=- ms=119.0 U=65,3131,-6,2,-1 R=1091,1090,-1,0,-1 F=674,673,-1,3,-8 D=3501,3501,0,2,-2 L=1250,1250,0,0,-1 B=1233,1233,0,0,-19
mv U code=0 aligned=1 homed=- ms=119.0 U=3136,2118,6,1,-4 R=1091,1090,-1,0,-1 F=674,674,0,3,-7 D=3501,3501,0,2,-2 L=1250,1250,0,0,-1 B=1233,1233,0,0,-19
mv U code=0 aligned=1 homed=- ms=119.0 U=2123,1099,0,0,-3 R=1091,1090,-1,0,-1 F=674,674,0,3,-7 D=3501,3501,0,2,-2 L=1249,1250,1,0,-1 B=1233,1234,1,0,-18
mv U code=0 aligned=1 homed=- ms=119.0 U=1102,60,-18,3,-4 R=1091,1091,0,0,0 F=674,673,-1,3,-8 D=3501,3501,0,2,-2 L=1250,1250,0,0,-1 B=1233,1233,0,0,-19
mv U code=0 aligned=1 homed=- ms=119.0 U=65,3131,-6,2,-1 R=1091,1090,-1,0,-1 F=674,673,-1,3,-8 D=3501,3501,0,2,-2 L=1249,1250,1,0,-1 B=1233,1234,1,0,-18
mv U code=0 aligned=1 homed=- ms=119.0 U=3135,2118,7,1,-4 R=1091,1090,-1,0,-1 F=674,673,-1,3,-8 D=3501,3501,0,2,-2 L=1249,1250,1,0,-1 B=1233,1233,0,0,-19
mv U code=0 aligned=1 homed=- ms=119.0 U=2123,1099,0,0,-3 R=1091,1090,-1,0,-1 F=674,674,0,3,-7 D=3501,3501,0,2,-2 L=1249,1250,1,0,-1 B=1233,1233,0,0,-19
mv U code=0 aligned=1 homed=- ms=119.0 U=1103,61,-18,3,-3 R=1091,1090,-1,0,-1 F=674,673,-1,3,-8 D=3501,3501,0,2,-2 L=1249,1250,1,0,-1 B=1233,1233,0,0,-19
mv U code=0 aligned=1 homed=- ms=119.0 U=65,3131,-6,2,-1 R=1091,1090,-1,0,-1 F=674,673,-1,3,-8 D=3501,3501,0,2,-2 L=1249,1250,1,0,-1 B=1233,1233,0,0,-19
rep moves=200 notaligned=0 homings=0 failures=0 avgms=119.0
res U=200,-4.0,10.2,19 R=- F=- D=- L=- B=-
ok
> health
health U=1,1,0/128/683 R=1,1,0/128/1625 F=1,1,0/128/1791 D=1,1,0/128/1578 L=1,1,0/128/681 B=1,1,0/128/1288 RING=1,1,0/128/1607
ok
> home
[align] motor 0 err=3 counts (0.3 steps)
[align] motor 1 err=0 counts (0.0 steps)
[align] motor 2 err=-7 counts (-0.7 steps)
[align] motor 3 err=-1 counts (-0.1 steps)
[align] motor 4 err=-3 counts (-0.3 steps)
[align] motor 5 err=-18 counts (-1.8 steps)
home code=0 ms=6 en=0
enc U=3131 R=1091 F=673 D=3501 L=1250 B=1233 RING=2768
near U=2:-1 R=0:0 F=3:-8 D=2:-2 L=0:-1 B=0:-19
ok
> enc
enc U=3134 R=1091 F=674 D=3501 L=1249 B=1233 RING=2768
near U=2:2 R=0:0 F=3:-7 D=2:-2 L=0:-2 B=0:-19
ok
