time,tok,code,aligned,homed,ms,U_before,U_after,U_res,U_idx,U_err,R_before,R_after,R_res,R_idx,R_err,F_before,F_after,F_res,F_idx,F_err,D_before,D_after,D_res,D_idx,D_err,L_before,L_after,L_res,L_idx,L_err,B_before,B_after,B_res,B_idx,B_err
1787464363.104,U,0,1,-,119.0,3135,2119,8,1,-3,1091,1090,-1,0,-1,674,673,-1,3,-8,3501,3501,0,2,-2,1250,1250,0,0,-1,1233,1233,0,0,-19
1787464363.246,U',0,1,-,119.0,2123,3132,-15,2,0,1091,1090,-1,0,-1,674,673,-1,3,-8,3501,3501,0,2,-2,1250,1250,0,0,-1,1233,1233,0,0,-19
1787464363.393,U,0,1,-,119.0,3135,2118,7,1,-4,1091,1090,-1,0,-1,674,673,-1,3,-8,3501,3501,0,2,-2,1249,1250,1,0,-1,1233,1233,0,0,-19
1787464363.521,U',0,1,-,119.0,2123,3132,-15,2,0,1091,1090,-1,0,-1,674,674,0,3,-7,3501,3501,0,2,-2,1249,1250,1,0,-1,1233,1233,0,0,-19
1787464363.658,U,0,1,-,119.0,3134,2118,8,1,-4,1091,1090,-1,0,-1,674,673,-1,3,-8,3501,3501,0,2,-2,1249,1250,1,0,-1,1234,1233,-1,0,-19
1787464363.796,U',0,1,-,119.0,2123,3132,-15,2,0,1091,1090,-1,0,-1,674,673,-1,3,-8,3501,3501,0,2,-2,1249,1250,1,0,-1,1233,1233,0,0,-19
1787464363.934,U,0,1,-,119.0,3135,2118,7,1,-4,1091,1090,-1,0,-1,674,673,-1,3,-8,3501,3501,0,2,-2,1250,1250,0,0,-1,1233,1233,0,0,-19
1787464364.069,U',0,1,-,119.0,2123,3132,-15,2,0,1091,1090,-1,0,-1,674,673,-1,3,-8,3501,3501,0,2,-2,1249,1250,1,0,-1,1233,1233,0,0,-19
1787464364.203,U,0,1,-,119.0,3134,2118,8,1,-4,1091,1091,0,0,0,674,673,-1,3,-8,3501,3501,0,2,-2,1250,1250,0,0,-1,1233,1233,0,0,-19
1787464364.345,U',0,1,-,119.0,2123,3131,-16,2,-1,1091,1090,-1,0,-1,674,673,-1,3,-8,3501,3501,0,2,-2,1250,1250,0,0,-1,1233,1234,1,0,-18
1787464364.483,U,0,1,-,119.0,3134,2118,8,1,-4,1091,1090,-1,0,-1,674,674,0,3,-7,3501,3501,0,2,-2,1250,1250,0,0,-1,1234,1233,-1,0,-19
1787464364.620,U',0,1,-,119.0,2123,3132,-15,2,0,1091,1090,-1,0,-1,674,673,-1,3,-8,3501,3501,0,2,-2,1249,1250,1,0,-1,1233,1233,0,0,-19
1787464364.759,U,0,1,-,119.0,3135,2119,8,1,-3,1091,1090,-1,0,-1,674,674,0,3,-7,3501,3501,0,2,-2,1249,1250,1,0,-1,1233,1233,0,0,-19
1787464364.895,U',0,1,-,119.0,2123,3132,-15,2,0,1091,1091,0,0,0,674,673,-1,3,-8,3501,3501,0,2,-2,1250,1250,0,0,-1,1233,1233,0,0,-19
1787464365.033,U,0,1,-,119.0,3135,2119,8,1,-3,1091,1090,-1,0,-1,674,673,-1,3,-8,3501,3501,0,2,-2,1249,1250,1,0,-1,1233,1233,0,0,-19
1787464365.167,U',0,1,-,119.0,2123,3131,-16,2,-1,1091,1090,-1,0,-1,674,674,0,3,-7,3501,3501,0,2,-2,1249,1250,1,0,-1,1233,1233,0,0,-19
1787464365.300,U,0,1,-,119.0,3135,2118,7,1,-4,1091,1090,-1,0,-1,674,673,-1,3,-8,3501,3501,0,2,-2,1249,1250,1,0,-1,1233,1233,0,0,-19
1787464365.438,U',0,1,-,119.0,2123,3131,-16,2,-1,1091,1090,-1,0,-1,674,673,-1,3,-8,3501,3501,0,2,-2,1250,1250,0,0,-1,1233,1233,0,0,-19
1787464365.572,U,0,1,-,119.0,3135,2119,8,1,-3,1091,1090,-1,0,-1,674,673,-1,3,-8,3501,3501,0,2,-2,1250,1250,0,0,-1,1233,1233,0,0,-19
1787464365.721,U',0,1,-,119.0,2123,3132,-15,2,0,1091,1090,-1,0,-1,674,673,-1,3,-8,3501,3501,0,2,-2,1249,1250,1,0,-1,1233,1233,0,0,-19
1787464365.858,U,0,1,-,119.0,3134,2119,9,1,-3,1091,1090,-1,0,-1,674,674,0,3,-7,3501,3501,0,2,-2,1250,1250,0,0,-1,1233,1233,0,0,-19
1787464365.996,U',0,1,-,119.0,2123,3131,-16,2,-1,1091,1090,-1,0,-1,674,673,-1,3,-8,3501,3501,0,2,-2,1249,1250,1,0,-1,1233,1233,0,0,-19
1787464366.134,U,0,1,-,119.0,3135,2118,7,1,-4,1091,1090,-1,0,-1,674,673,-1,3,-8,3501,3501,0,2,-2,1250,1250,0,0,-1,1233,1234,1,0,-18
1787464366.271,U',0,1,-,119.0,2123,3131,-16,2,-1,1091,1090,-1,0,-1,674,673,-1,3,-8,3501,3501,0,2,-2,1249,1250,1,0,-1,1233,1233,0,0,-19
1787464366.402,U,0,1,-,119.0,3135,2118,7,1,-4,1091,1091,0,0,0,674,673,-1,3,-8,3501,3501,0,2,-2,1250,1250,0,0,-1,1233,1233,0,0,-19
1787464366.537,U',0,1,-,119.0,2123,3132,-15,2,0,1091,1090,-1,0,-1,674,673,-1,3,-8,3501,3501,0,2,-2,1249,1250,1,0,-1,1233,1234,1,0,-18
1787464366.675,U,0,1,-,119.0,3135,2118,7,1,-4,1091,1090,-1,0,-1,674,673,-1,3,-8,3501,3501,0,2,-2,1249,1250,1,0,-1,1233,1233,0,0,-19
1787464366.820,U',0,1,-,119.0,2123,3132,-15,2,0,1091,1090,-1,0,-1,674,674,0,3,-7,3501,3501,0,2,-2,1249,1250,1,0,-1,1233,1233,0,0,-19
1787464366.950,U,0,1,-,119.0,3135,2119,8,1,-3,1091,1090,-1,0,-1,674,673,-1,3,-8,3501,3501,0,2,-2,1250,1250,0,0,-1,1233,1233,0,0,-19
1787464367.095,U',0,1,-,119.0,2123,3132,-15,2,0,1091,1091,0,0,0,674,673,-1,3,-8,3501,3501,0,2,-2,1250,1250,0,0,-1,1234,1233,-1,0,-19
1787464367.230,U,0,1,-,119.0,3134,2118,8,1,-4,1091,1090,-1,0,-1,674,673,-1,3,-8,3501,3501,0,2,-2,1250,1250,0,0,-1,1233,1233,0,0,-19
1787464367.371,U',0,1,-,119.0,2123,3132,-15,2,0,1091,1091,0,0,0,674,673,-1,3,-8,3501,3501,0,2,-2,1250,1250,0,0,-1,1233,1233,0,0,-19
1787464367.503,U,0,1,-,119.0,3135,2118,7,1,-4,1091,1090,-1,0,-1,674,673,-1,3,-8,3501,3501,0,2,-2,1249,1249,0,0,-2,1233,1233,0,0,-19
1787464367.638,U',0,1,-,119.0,2123,3132,-15,2,0,1091,1090,-1,0,-1,674,674,0,3,-7,3501,3501,0,2,-2,1250,1250,0,0,-1,1233,1233,0,0,-19
1787464367.783,U,0,1,-,119.0,3134,2119,9,1,-3,1091,1090,-1,0,-1,674,673,-1,3,-8,3501,3501,0,2,-2,1249,1250,1,0,-1,1233,1233,0,0,-19
1787464367.920,U',0,1,-,119.0,2123,3133,-14,2,1,1091,1090,-1,0,-1,674,674,0,3,-7,3501,3501,0,2,-2,1250,1250,0,0,-1,1233,1233,0,0,-19
1787464368.058,U,0,1,-,119.0,3134,2119,9,1,-3,1091,1090,-1,0,-1,674,674,0,3,-7,3501,3501,0,2,-2,1249,1250,1,0,-1,1233,1234,1,0,-18
1787464368.195,U',0,1,-,119.0,2123,3132,-15,2,0,1091,1090,-1,0,-1,674,674,0,3,-7,3501,3501,0,2,-2,1249,1250,1,0,-1,1233,1233,0,0,-19
1787464368.333,U,0,1,-,119.0,3135,2118,7,1,-4,1091,1090,-1,0,-1,674,673,-1,3,-8,3501,3501,0,2,-2,1250,1250,0,0,-1,1233,1233,0,0,-19
1787464368.471,U',0,1,-,119.0,2123,3132,-15,2,0,1091,1090,-1,0,-1,674,673,-1,3,-8,3501,3501,0,2,-2,1249,1250,1,0,-1,1233,1233,0,0,-19
1787464368.607,U,0,1,-,119.0,3135,2118,7,1,-4,1091,1091,0,0,0,674,673,-1,3,-8,3501,3501,0,2,-2,1249,1250,1,0,-1,1233,1233,0,0,-19
1787464368.746,U',0,1,-,119.0,2122,3133,-13,2,1,1091,1090,-1,0,-1,674,673,-1,3,-8,3501,3501,0,2,-2,1250,1250,0,0,-1,1234,1233,-1,0,-19
1787464368.883,U,0,1,-,119.0,3135,2119,8,1,-3,1091,1091,0,0,0,674,673,-1,3,-8,3501,3501,0,2,-2,1249,1250,1,0,-1,1233,1233,0,0,-19
1787464369.019,U',0,1,-,119.0,2123,3132,-15,2,0,1091,1090,-1,0,-1,674,674,0,3,-7,3501,3501,0,2,-2,1250,1250,0,0,-1,1233,1233,0,0,-19
1787464369.151,U,0,1,-,119.0,3135,2118,7,1,-4,1091,1090,-1,0,-1,674,673,-1,3,-8,3501,3501,0,2,-2,1249,1250,1,0,-1,1233,1233,0,0,-19
1787464369.294,U',0,1,-,119.0,2123,3132,-15,2,0,1091,1090,-1,0,-1,674,673,-1,3,-8,3501,3501,0,2,-2,1249,1250,1,0,-1,1233,1234,1,0,-18
1787464369.424,U,0,1,-,119.0,3135,2118,7,1,-4,1091,1091,0,0,0,674,673,-1,3,-8,3501,3501,0,2,-2,1249,1250,1,0,-1,1233,1233,0,0,-19
1787464369.566,U',0,1,-,119.0,2123,3132,-15,2,0,1091,1091,0,0,0,674,673,-1,3,-8,3501,3501,0,2,-2,1249,1250,1,0,-1,1234,1233,-1,0,-19
1787464369.708,U,0,1,-,119.0,3135,2118,7,1,-4,1091,1090,-1,0,-1,674,673,-1,3,-8,3501,3501,0,2,-2,1249,1250,1,0,-1,1233,1233,0,0,-19
1787464369.846,U',0,1,-,119.0,2123,3132,-15,2,0,1091,1090,-1,0,-1,674,673,-1,3,-8,3501,3501,0,2,-2,1250,1250,0,0,-1,1233,1233,0,0,-19
1787464369.984,U,0,1,-,119.0,3134,2119,9,1,-3,1091,1090,-1,0,-1,674,673,-1,3,-8,3501,3501,0,2,-2,1249,1250,1,0,-1,1233,1234,1,0,-18
1787464370.121,U',0,1,-,119.0,2123,3132,-15,2,0,1091,1090,-1,0,-1,674,673,-1,3,-8,3501,3501,0,2,-2,1249,1250,1,0,-1,1233,1233,0,0,-19
1787464370.255,U,0,1,-,119.0,3134,2118,8,1,-4,1091,1090,-1,0,-1,674,673,-1,3,-8,3501,3501,0,2,-2,1249,1250,1,0,-1,1233,1233,0,0,-19
1787464370.396,U',0,1,-,119.0,2123,3132,-15,2,0,1091,1090,-1,0,-1,674,673,-1,3,-8,3501,3501,0,2,-2,1249,1250,1,0,-1,1233,1234,1,0,-18
1787464370.528,U,0,1,-,119.0,3135,2118,7,1,-4,1091,1090,-1,0,-1,674,673,-1,3,-8,3501,3501,0,2,-2,1249,1250,1,0,-1,1233,1233,0,0,-19
1787464370.670,U',0,1,-,119.0,2123,3132,-15,2,0,1091,1090,-1,0,-1,674,673,-1,3,-8,3501,3501,0,2,-2,1249,1250,1,0,-1,1233,1233,0,0,-19
1787464370.808,U,0,1,-,119.0,3135,2119,8,1,-3,1091,1090,-1,0,-1,674,673,-1,3,-8,3501,3501,0,2,-2,1249,1250,1,0,-1,1233,1234,1,0,-18
1787464370.936,U',0,1,-,119.0,2123,3132,-15,2,0,1091,1090,-1,0,-1,674,673,-1,3,-8,3501,3501,0,2,-2,1249,1250,1,0,-1,1233,1233,0,0,-19
1787464371.083,U,0,1,-,119.0,3134,2118,8,1,-4,1091,1090,-1,0,-1,674,673,-1,3,-8,3501,3501,0,2,-2,1250,1250,0,0,-1,1233,1233,0,0,-19
1787464371.220,U',0,1,-,119.0,2123,3133,-14,2,1,1091,1090,-1,0,-1,674,673,-1,3,-8,3501,3501,0,2,-2,1250,1250,0,0,-1,1233,1233,0,0,-19
1787464371.354,U,0,1,-,119.0,3135,2118,7,1,-4,1091,1090,-1,0,-1,674,673,-1,3,-8,3501,3501,0,2,-2,1249,1250,1,0,-1,1233,1233,0,0,-19
1787464371.495,U',0,1,-,119.0,2123,3132,-15,2,0,1091,1090,-1,0,-1,674,673,-1,3,-8,3501,3501,0,2,-2,1249,1250,1,0,-1,1233,1233,0,0,-19
1787464371.628,U,0,1,-,119.0,3135,2118,7,1,-4,1091,1090,-1,0,-1,674,673,-1,3,-8,3501,3501,0,2,-2,1250,1250,0,0,-1,1234,1233,-1,0,-19
1787464371.768,U',0,1,-,119.0,2123,3132,-15,2,0,1091,1090,-1,0,-1,674,673,-1,3,-8,3501,3501,0,2,-2,1249,1250,1,0,-1,1234,1233,-1,0,-19
1787464371.908,U,0,1,-,119.0,3135,2118,7,1,-4,1091,1090,-1,0,-1,674,673,-1,3,-8,3501,3501,0,2,-2,1250,1250,0,0,-1,1233,1233,0,0,-19
1787464372.044,U',0,1,-,119.0,2123,3132,-15,2,0,1091,1090,-1,0,-1,674,673,-1,3,-8,3501,3501,0,2,-2,1250,1250,0,0,-1,1233,1234,1,0,-18
1787464372.183,U,0,1,-,119.0,3134,2118,8,1,-4,1091,1090,-1,0,-1,674,673,-1,3,-8,3501,3501,0,2,-2,1249,1250,1,0,-1,1233,1233,0,0,-19
1787464372.320,U',0,1,-,119.0,2123,3131,-16,2,-1,1091,1090,-1,0,-1,674,673,-1,3,-8,3501,3501,0,2,-2,1250,1250,0,0,-1,1233,1233,0,0,-19
1787464372.457,U,0,1,-,119.0,3134,2118,8,1,-4,1091,1090,-1,0,-1,674,674,0,3,-7,3501,3501,0,2,-2,1250,1250,0,0,-1,1233,1233,0,0,-19
1787464372.596,U',0,1,-,119.0,2122,3132,-14,2,0,1091,1091,0,0,0,674,673,-1,3,-8,3501,3501,0,2,-2,1249,1250,1,0,-1,1233,1233,0,0,-19
1787464372.732,U,0,1,-,119.0,3134,2118,8,1,-4,1091,1091,0,0,0,674,673,-1,3,-8,3501,3501,0,2,-2,1250,1250,0,0,-1,1233,1233,0,0,-19
1787464372.870,U',0,1,-,119.0,2123,3131,-16,2,-1,1091,1090,-1,0,-1,674,674,0,3,-7,3501,3501,0,2,-2,1249,1250,1,0,-1,1234,1233,-1,0,-19
1787464373.008,U,0,1,-,119.0,3135,2118,7,1,-4,1091,1090,-1,0,-1,674,674,0,3,-7,3501,3501,0,2,-2,1249,1250,1,0,-1,1234,1233,-1,0,-19
1787464373.146,U',0,1,-,119.0,2123,3132,-15,2,0,1091,1090,-1,0,-1,674,673,-1,3,-8,3501,3501,0,2,-2,1249,1250,1,0,-1,1233,1233,0,0,-19
1787464373.284,U,0,1,-,119.0,3134,2118,8,1,-4,1091,1090,-1,0,-1,674,674,0,3,-7,3501,3501,0,2,-2,1250,1249,-1,0,-2,1233,1233,0,0,-19
1787464373.420,U',0,1,-,119.0,2123,3131,-16,2,-1,1091,1090,-1,0,-1,674,673,-1,3,-8,3501,3501,0,2,-2,1249,1250,1,0,-1,1233,1233,0,0,-19
1787464373.558,U,0,1,-,119.0,3134,2118,8,1,-4,1091,1090,-1,0,-1,674,673,-1,3,-8,3501,3501,0,2,-2,1249,1250,1,0,-1,1233,1233,0,0,-19
1787464373.690,U',0,1,-,119.0,2123,3132,-15,2,0,1091,1090,-1,0,-1,674,673,-1,3,-8,3501,3501,0,2,-2,1249,1250,1,0,-1,1233,1233,0,0,-19
1787464373.833,U,0,1,-,119.0,3135,2118,7,1,-4,1091,1090,-1,0,-1,674,673,-1,3,-8,3501,3501,0,2,-2,1249,1250,1,0,-1,1233,1233,0,0,-19
1787464373.970,U',0,1,-,119.0,2123,3132,-15,2,0,1091,1091,0,0,0,674,673,-1,3,-8,3501,3501,0,2,-2,1249,1250,1,0,-1,1234,1234,0,0,-18
1787464374.101,U,0,1,-,119.0,3135,2119,8,1,-3,1091,1090,-1,0,-1,674,673,-1,3,-8,3501,3501,0,2,-2,1250,1249,-1,0,-2,1233,1234,1,0,-18
1787464374.236,U',0,1,-,119.0,2123,3132,-15,2,0,1091,1090,-1,0,-1,674,674,0,3,-7,3501,3501,0,2,-2,1249,1250,1,0,-1,1233,1234,1,0,-18
1787464374.383,U,0,1,-,119.0,3134,2118,8,1,-4,1091,1090,-1,0,-1,674,673,-1,3,-8,3501,3501,0,2,-2,1250,1250,0,0,-1,1233,1233,0,0,-19
1787464374.521,U',0,1,-,119.0,2123,3131,-16,2,-1,1091,1090,-1,0,-1,674,673,-1,3,-8,3501,3501,0,2,-2,1249,1250,1,0,-1,1233,1233,0,0,-19
1787464374.658,U,0,1,-,119.0,3134,2119,9,1,-3,1091,1090,-1,0,-1,674,673,-1,3,-8,3501,3501,0,2,-2,1250,1250,0,0,-1,1233,1233,0,0,-19
1787464374.792,U',0,1,-,119.0,2122,3132,-14,2,0,1091,1090,-1,0,-1,674,673,-1,3,-8,3501,3501,0,2,-2,1249,1250,1,0,-1,1233,1233,0,0,-19
1787464374.933,U,0,1,-,119.0,3135,2118,7,1,-4,1091,1091,0,0,0,674,673,-1,3,-8,3501,3501,0,2,-2,1249,1250,1,0,-1,1234,1233,-1,0,-19
1787464375.070,U',0,1,-,119.0,2123,3132,-15,2,0,1091,1090,-1,0,-1,674,674,0,3,-7,3501,3501,0,2,-2,1249,1250,1,0,-1,1233,1233,0,0,-19
1787464375.207,U,0,1,-,119.0,3135,2118,7,1,-4,1091,1090,-1,0,-1,674,673,-1,3,-8,3501,3501,0,2,-2,1249,1250,1,0,-1,1234,1233,-1,0,-19
1787464375.345,U',0,1,-,119.0,2123,3132,-15,2,0,1091,1090,-1,0,-1,674,673,-1,3,-8,3501,3501,0,2,-2,1249,1250,1,0,-1,1234,1233,-1,0,-19
1787464375.483,U,0,1,-,119.0,3135,2119,8,1,-3,1091,1090,-1,0,-1,674,673,-1,3,-8,3501,3501,0,2,-2,1249,1250,1,0,-1,1233,1233,0,0,-19
1787464375.620,U',0,1,-,119.0,2123,3132,-15,2,0,1091,1090,-1,0,-1,674,673,-1,3,-8,3501,3501,0,2,-2,1250,1250,0,0,-1,1233,1233,0,0,-19
1787464375.753,U,0,1,-,119.0,3134,2119,9,1,-3,1091,1090,-1,0,-1,674,673,-1,3,-8,3501,3501,0,2,-2,1249,1250,1,0,-1,1234,1233,-1,0,-19
1787464375.896,U',0,1,-,119.0,2123,3133,-14,2,1,1091,1090,-1,0,-1,674,673,-1,3,-8,3501,3501,0,2,-2,1249,1250,1,0,-1,1233,1233,0,0,-19
1787464376.033,U,0,1,-,119.0,3134,2119,9,1,-3,1091,1090,-1,0,-1,674,673,-1,3,-8,3501,3501,0,2,-2,1250,1250,0,0,-1,1233,1233,0,0,-19
1787464376.171,U',0,1,-,119.0,2123,3131,-16,2,-1,1091,1090,-1,0,-1,674,674,0,3,-7,3501,3501,0,2,-2,1249,1250,1,0,-1,1234,1233,-1,0,-19
1787464376.308,U,0,1,-,119.0,3134,2118,8,1,-4,1091,1090,-1,0,-1,674,673,-1,3,-8,3501,3501,0,2,-2,1249,1250,1,0,-1,1233,1234,1,0,-18
1787464376.447,U',0,1,-,119.0,2123,3132,-15,2,0,1091,1090,-1,0,-1,674,673,-1,3,-8,3501,3501,0,2,-2,1250,1250,0,0,-1,1234,1233,-1,0,-19
1787464376.584,U,0,1,-,119.0,3135,2118,7,1,-4,1091,1090,-1,0,-1,674,673,-1,3,-8,3501,3501,0,2,-2,1249,1250,1,0,-1,1233,1233,0,0,-19
1787464376.721,U',0,1,-,119.0,2123,3131,-16,2,-1,1091,1090,-1,0,-1,674,673,-1,3,-8,3501,3501,0,2,-2,1250,1250,0,0,-1,1233,1233,0,0,-19
1787464376.857,U,0,1,-,119.0,3135,2119,8,1,-3,1091,1090,-1,0,-1,674,673,-1,3,-8,3501,3501,0,2,-2,1249,1250,1,0,-1,1233,1233,0,0,-19
1787464376.998,U',0,1,-,119.0,2123,3132,-15,2,0,1091,1090,-1,0,-1,674,673,-1,3,-8,3501,3501,0,2,-2,1249,1250,1,0,-1,1234,1233,-1,0,-19
1787464377.120,U,0,1,-,119.0,3134,2119,9,1,-3,1091,1090,-1,0,-1,674,673,-1,3,-8,3501,3501,0,2,-2,1249,1250,1,0,-1,1233,1234,1,0,-18
1787464377.270,U',0,1,-,119.0,2123,3132,-15,2,0,1091,1090,-1,0,-1,674,674,0,3,-7,3501,3501,0,2,-2,1249,1250,1,0,-1,1233,1233,0,0,-19
1787464377.409,U,0,1,-,119.0,3135,2118,7,1,-4,1091,1090,-1,0,-1,674,673,-1,3,-8,3501,3501,0,2,-2,1250,1250,0,0,-1,1233,1233,0,0,-19
1787464377.545,U',0,1,-,119.0,2123,3132,-15,2,0,1091,1090,-1,0,-1,674,673,-1,3,-8,3501,3501,0,2,-2,1250,1250,0,0,-1,1234,1234,0,0,-18
1787464377.682,U,0,1,-,119.0,3134,2118,8,1,-4,1091,1090,-1,0,-1,674,673,-1,3,-8,3501,3501,0,2,-2,1249,1250,1,0,-1,1234,1233,-1,0,-19
1787464377.820,U',0,1,-,119.0,2123,3132,-15,2,0,1091,1091,0,0,0,674,673,-1,3,-8,3501,3501,0,2,-2,1249,1250,1,0,-1,1233,1233,0,0,-19
1787464377.954,U,0,1,-,119.0,3135,2118,7,1,-4,1091,1090,-1,0,-1,674,673,-1,3,-8,3501,3501,0,2,-2,1250,1250,0,0,-1,1233,1233,0,0,-19
1787464378.095,U',0,1,-,119.0,2123,3132,-15,2,0,1091,1090,-1,0,-1,674,673,-1,3,-8,3501,3501,0,2,-2,1249,1250,1,0,-1,1233,1233,0,0,-19
1787464378.227,U,0,1,-,119.0,3134,2119,9,1,-3,1091,1090,-1,0,-1,674,673,-1,3,-8,3501,3501,0,2,-2,1249,1250,1,0,-1,1233,1233,0,0,-19
1787464378.370,U',0,1,-,119.0,2123,3132,-15,2,0,1091,1090,-1,0,-1,674,674,0,3,-7,3501,3501,0,2,-2,1249,1250,1,0,-1,1234,1233,-1,0,-19
1787464378.507,U,0,1,-,119.0,3134,2118,8,1,-4,1091,1090,-1,0,-1,674,673,-1,3,-8,3501,3501,0,2,-2,1249,1250,1,0,-1,1233,1233,0,0,-19
1787464378.640,U',0,1,-,119.0,2123,3132,-15,2,0,1091,1090,-1,0,-1,674,674,0,3,-7,3501,3501,0,2,-2,1249,1250,1,0,-1,1233,1233,0,0,-19
1787464378.771,U,0,1,-,119.0,3134,2118,8,1,-4,1091,1090,-1,0,-1,674,673,-1,3,-8,3501,3501,0,2,-2,1249,1250,1,0,-1,1233,1234,1,0,-18
1787464378.921,U',0,1,-,119.0,2123,3132,-15,2,0,1091,1090,-1,0,-1,674,673,-1,3,-8,3501,3501,0,2,-2,1249,1250,1,0,-1,1233,1233,0,0,-19
1787464379.053,U,0,1,-,119.0,3134,2119,9,1,-3,1091,1090,-1,0,-1,674,673,-1,3,-8,3501,3501,0,2,-2,1249,1250,1,0,-1,1233,1234,1,0,-18
1787464379.197,U',0,1,-,119.0,2123,3132,-15,2,0,1091,1090,-1,0,-1,674,673,-1,3,-8,3501,3501,0,2,-2,1249,1250,1,0,-1,1233,1233,0,0,-19
1787464379.331,U,0,1,-,119.0,3134,2118,8,1,-4,1091,1090,-1,0,-1,674,673,-1,3,-8,3501,3501,0,2,-2,1250,1250,0,0,-1,1234,1233,-1,0,-19
1787464379.464,U',0,1,-,119.0,2123,3132,-15,2,0,1091,1090,-1,0,-1,674,673,-1,3,-8,3501,3501,0,2,-2,1249,1250,1,0,-1,1234,1233,-1,0,-19
1787464379.606,U,0,1,-,119.0,3134,2119,9,1,-3,1091,1090,-1,0,-1,674,673,-1,3,-8,3501,3501,0,2,-2,1250,1250,0,0,-1,1233,1233,0,0,-19
1787464379.743,U',0,1,-,119.0,2123,3133,-14,2,1,1091,1090,-1,0,-1,674,673,-1,3,-8,3501,3501,0,2,-2,1250,1250,0,0,-1,1233,1234,1,0,-18
1787464379.880,U,0,1,-,119.0,3134,2119,9,1,-3,1091,1090,-1,0,-1,674,674,0,3,-7,3501,3501,0,2,-2,1249,1250,1,0,-1,1233,1233,0,0,-19
1787464380.019,U',0,1,-,119.0,2123,3132,-15,2,0,1091,1091,0,0,0,674,673,-1,3,-8,3501,3501,0,2,-2,1250,1250,0,0,-1,1233,1233,0,0,-19
1787464380.155,U,0,1,-,119.0,3134,2118,8,1,-4,1091,1090,-1,0,-1,674,673,-1,3,-8,3501,3501,0,2,-2,1249,1250,1,0,-1,1233,1233,0,0,-19
1787464380.293,U',0,1,-,119.0,2123,3132,-15,2,0,1091,1090,-1,0,-1,674,673,-1,3,-8,3501,3501,0,2,-2,1249,1250,1,0,-1,1233,1233,0,0,-19
1787464380.432,U,0,1,-,119.0,3134,2118,8,1,-4,1091,1090,-1,0,-1,674,673,-1,3,-8,3501,3501,0,2,-2,1249,1250,1,0,-1,1233,1233,0,0,-19
1787464380.563,U',0,1,-,119.0,2123,3132,-15,2,0,1091,1090,-1,0,-1,674,674,0,3,-7,3501,3501,0,2,-2,1250,1250,0,0,-1,1233,1233,0,0,-19
1787464380.704,U,0,1,-,119.0,3135,2118,7,1,-4,1091,1090,-1,0,-1,674,673,-1,3,-8,3501,3501,0,2,-2,1249,1250,1,0,-1,1233,1233,0,0,-19
1787464380.843,U',0,1,-,119.0,2123,3132,-15,2,0,1091,1090,-1,0,-1,674,673,-1,3,-8,3501,3501,0,2,-2,1250,1250,0,0,-1,1233,1233,0,0,-19
1787464380.983,U,0,1,-,119.0,3135,2119,8,1,-3,1091,1090,-1,0,-1,674,674,0,3,-7,3501,3501,0,2,-2,1249,1250,1,0,-1,1233,1234,1,0,-18
1787464381.118,U',0,1,-,119.0,2123,3133,-14,2,1,1091,1090,-1,0,-1,674,673,-1,3,-8,3501,3501,0,2,-2,1250,1250,0,0,-1,1233,1233,0,0,-19
1787464381.253,U,0,1,-,119.0,3134,2118,8,1,-4,1091,1090,-1,0,-1,674,673,-1,3,-8,3501,3501,0,2,-2,1249,1250,1,0,-1,1233,1233,0,0,-19
1787464381.393,U',0,1,-,119.0,2123,3132,-15,2,0,1091,1090,-1,0,-1,674,673,-1,3,-8,3501,3501,0,2,-2,1250,1250,0,0,-1,1233,1234,1,0,-18
1787464381.533,U,0,1,-,119.0,3134,2119,9,1,-3,1091,1090,-1,0,-1,674,673,-1,3,-8,3501,3501,0,2,-2,1250,1250,0,0,-1,1233,1233,0,0,-19
1787464381.669,U',0,1,-,119.0,2123,3131,-16,2,-1,1091,1090,-1,0,-1,674,673,-1,3,-8,3501,3501,0,2,-2,1249,1250,1,0,-1,1233,1233,0,0,-19
1787464381.807,U,0,1,-,119.0,3134,2118,8,1,-4,1091,1090,-1,0,-1,674,673,-1,3,-8,3501,3501,0,2,-2,1250,1250,0,0,-1,1233,1233,0,0,-19
1787464381.951,U',0,1,-,119.0,2123,3132,-15,2,0,1091,1090,-1,0,-1,674,673,-1,3,-8,3501,3501,0,2,-2,1250,1250,0,0,-1,1234,1233,-1,0,-19
1787464382.083,U,0,1,-,119.0,3134,2119,9,1,-3,1091,1090,-1,0,-1,674,673,-1,3,-8,3501,3501,0,2,-2,1249,1250,1,0,-1,1234,1233,-1,0,-19
1787464382.217,U',0,1,-,119.0,2123,3132,-15,2,0,1091,1090,-1,0,-1,674,673,-1,3,-8,3501,3501,0,2,-2,1249,1250,1,0,-1,1233,1233,0,0,-19
1787464382.353,U,0,1,-,119.0,3134,2119,9,1,-3,1091,1090,-1,0,-1,674,673,-1,3,-8,3501,3501,0,2,-2,1249,1250,1,0,-1,1233,1233,0,0,-19
1787464382.495,U',0,1,-,119.0,2123,3132,-15,2,0,1091,1090,-1,0,-1,674,674,0,3,-7,3501,3501,0,2,-2,1250,1250,0,0,-1,1233,1233,0,0,-19
1787464382.633,U,0,1,-,119.0,3135,2118,7,1,-4,1091,1090,-1,0,-1,674,673,-1,3,-8,3501,3501,0,2,-2,1249,1250,1,0,-1,1233,1234,1,0,-18
1787464382.765,U',0,1,-,119.0,2122,3132,-14,2,0,1091,1090,-1,0,-1,674,674,0,3,-7,3501,3501,0,2,-2,1249,1250,1,0,-1,1233,1234,1,0,-18
1787464382.907,U,0,1,-,119.0,3135,2118,7,1,-4,1091,1090,-1,0,-1,674,673,-1,3,-8,3501,3501,0,2,-2,1250,1250,0,0,-1,1233,1234,1,0,-18
1787464383.044,U',0,1,-,119.0,2123,3132,-15,2,0,1091,1090,-1,0,-1,674,673,-1,3,-8,3501,3501,0,2,-2,1249,1250,1,0,-1,1233,1233,0,0,-19
1787464383.181,U,0,1,-,119.0,3134,2119,9,1,-3,1091,1091,0,0,0,674,674,0,3,-7,3501,3501,0,2,-2,1250,1250,0,0,-1,1233,1233,0,0,-19
1787464383.320,U',0,1,-,119.0,2123,3132,-15,2,0,1091,1090,-1,0,-1,674,673,-1,3,-8,3501,3501,0,2,-2,1249,1250,1,0,-1,1234,1233,-1,0,-19
1787464383.457,U,0,1,-,119.0,3134,2118,8,1,-4,1091,1090,-1,0,-1,674,673,-1,3,-8,3501,3501,0,2,-2,1249,1250,1,0,-1,1233,1233,0,0,-19
1787464383.595,U',0,1,-,119.0,2123,3132,-15,2,0,1091,1090,-1,0,-1,674,674,0,3,-7,3501,3501,0,2,-2,1249,1250,1,0,-1,1234,1233,-1,0,-19
1787464383.731,U,0,1,-,119.0,3135,2119,8,1,-3,1091,1090,-1,0,-1,674,673,-1,3,-8,3501,3501,0,2,-2,1250,1250,0,0,-1,1233,1233,0,0,-19
1787464383.869,U',0,1,-,119.0,2123,3132,-15,2,0,1091,1090,-1,0,-1,674,673,-1,3,-8,3501,3501,0,2,-2,1250,1250,0,0,-1,1233,1234,1,0,-18
1787464384.003,U,0,1,-,119.0,3134,2118,8,1,-4,1091,1090,-1,0,-1,674,673,-1,3,-8,3501,3501,0,2,-2,1249,1250,1,0,-1,1233,1233,0,0,-19
1787464384.143,U',0,1,-,119.0,2123,3132,-15,2,0,1091,1090,-1,0,-1,674,673,-1,3,-8,3501,3501,0,2,-2,1249,1250,1,0,-1,1233,1233,0,0,-19
1787464384.282,U,0,1,-,119.0,3135,2118,7,1,-4,1091,1090,-1,0,-1,674,673,-1,3,-8,3501,3501,0,2,-2,1250,1250,0,0,-1,1233,1233,0,0,-19
1787464384.416,U',0,1,-,119.0,2123,3132,-15,2,0,1091,1090,-1,0,-1,674,674,0,3,-7,3501,3501,0,2,-2,1250,1250,0,0,-1,1233,1234,1,0,-18
1787464384.556,U,0,1,-,119.0,3135,2119,8,1,-3,1091,1090,-1,0,-1,674,674,0,3,-7,3501,3501,0,2,-2,1249,1250,1,0,-1,1233,1234,1,0,-18
1787464384.693,U',0,1,-,119.0,2123,3132,-15,2,0,1091,1090,-1,0,-1,674,673,-1,3,-8,3501,3501,0,2,-2,1249,1250,1,0,-1,1233,1233,0,0,-19
1787464384.833,U,0,1,-,119.0,3135,2118,7,1,-4,1091,1090,-1,0,-1,674,673,-1,3,-8,3501,3501,0,2,-2,1249,1250,1,0,-1,1233,1233,0,0,-19
1787464384.969,U',0,1,-,119.0,2123,3132,-15,2,0,1091,1091,0,0,0,674,673,-1,3,-8,3501,3501,0,2,-2,1249,1250,1,0,-1,1233,1234,1,0,-18
1787464385.107,U,0,1,-,119.0,3134,2119,9,1,-3,1091,1090,-1,0,-1,674,674,0,3,-7,3501,3501,0,2,-2,1249,1250,1,0,-1,1233,1233,0,0,-19
1787464385.243,U',0,1,-,119.0,2123,3132,-15,2,0,1091,1090,-1,0,-1,674,674,0,3,-7,3501,3501,0,2,-2,1249,1250,1,0,-1,1233,1233,0,0,-19
1787464385.373,U,0,1,-,119.0,3134,2119,9,1,-3,1091,1090,-1,0,-1,674,673,-1,3,-8,3501,3501,0,2,-2,1249,1250,1,0,-1,1233,1233,0,0,-19
1787464385.518,U',0,1,-,119.0,2123,3131,-16,2,-1,1091,1090,-1,0,-1,674,674,0,3,-7,3501,3501,0,2,-2,1249,1250,1,0,-1,1233,1233,0,0,-19
1787464385.657,U,0,1,-,119.0,3135,2119,8,1,-3,1091,1090,-1,0,-1,674,673,-1,3,-8,3501,3501,0,2,-2,1250,1250,0,0,-1,1233,1233,0,0,-19
1787464385.795,U',0,1,-,119.0,2123,3132,-15,2,0,1091,1090,-1,0,-1,674,673,-1,3,-8,3501,3501,0,2,-2,1249,1250,1,0,-1,1233,1233,0,0,-19
1787464385.931,U,0,1,-,119.0,3134,2118,8,1,-4,1091,1090,-1,0,-1,674,673,-1,3,-8,3501,3501,0,2,-2,1249,1250,1,0,-1,1233,1233,0,0,-19
1787464386.068,U',0,1,-,119.0,2123,3132,-15,2,0,1091,1091,0,0,0,674,673,-1,3,-8,3501,3501,0,2,-2,1249,1250,1,0,-1,1233,1233,0,0,-19
1787464386.203,U,0,1,-,119.0,3134,2119,9,1,-3,1091,1090,-1,0,-1,674,673,-1,3,-8,3501,3501,0,2,-2,1249,1250,1,0,-1,1234,1233,-1,0,-19
1787464386.343,U',0,1,-,119.0,2123,3132,-15,2,0,1091,1090,-1,0,-1,674,673,-1,3,-8,3501,3501,0,2,-2,1249,1250,1,0,-1,1234,1233,-1,0,-19
1787464386.481,U,0,1,-,119.0,3135,2118,7,1,-4,1091,1090,-1,0,-1,674,673,-1,3,-8,3501,3501,0,2,-2,1249,1250,1,0,-1,1233,1233,0,0,-19
1787464386.616,U',0,1,-,119.0,2123,3133,-14,2,1,1091,1090,-1,0,-1,674,674,0,3,-7,3501,3501,0,2,-2,1250,1250,0,0,-1,1233,1234,1,0,-18
1787464386.757,U,0,1,-,119.0,3134,2119,9,1,-3,1091,1090,-1,0,-1,674,673,-1,3,-8,3501,3501,0,2,-2,1249,1250,1,0,-1,1233,1233,0,0,-19
1787464386.893,U',0,1,-,119.0,2123,3131,-16,2,-1,1091,1090,-1,0,-1,674,673,-1,3,-8,3501,3501,0,2,-2,1249,1250,1,0,-1,1234,1234,0,0,-18
1787464387.028,U,0,1,-,119.0,3134,2119,9,1,-3,1091,1090,-1,0,-1,674,674,0,3,-7,3501,3501,0,2,-2,1250,1250,0,0,-1,1233,1233,0,0,-19
1787464387.170,U',0,1,-,119.0,2122,3132,-14,2,0,1091,1090,-1,0,-1,674,674,0,3,-7,3501,3501,0,2,-2,1250,1250,0,0,-1,1233,1233,0,0,-19
1787464387.305,U,0,1,-,119.0,3134,2119,9,1,-3,1091,1091,0,0,0,674,673,-1,3,-8,3501,3501,0,2,-2,1250,1250,0,0,-1,1233,1233,0,0,-19
1787464387.443,U',0,1,-,119.0,2123,3132,-15,2,0,1091,1090,-1,0,-1,674,673,-1,3,-8,3501,3501,0,2,-2,1249,1250,1,0,-1,1233,1233,0,0,-19
1787464387.581,U,0,1,-,119.0,3134,2119,9,1,-3,1091,1090,-1,0,-1,674,673,-1,3,-8,3501,3501,0,2,-2,1249,1250,1,0,-1,1233,1233,0,0,-19
1787464387.716,U',0,1,-,119.0,2123,3132,-15,2,0,1091,1090,-1,0,-1,674,673,-1,3,-8,3501,3501,0,2,-2,1249,1250,1,0,-1,1233,1233,0,0,-19
1787464387.856,U,0,1,-,119.0,3134,2118,8,1,-4,1091,1090,-1,0,-1,674,673,-1,3,-8,3501,3501,0,2,-2,1249,1250,1,0,-1,1233,1233,0,0,-19
1787464387.993,U',0,1,-,119.0,2123,3132,-15,2,0,1091,1090,-1,0,-1,674,674,0,3,-7,3501,3501,0,2,-2,1250,1250,0,0,-1,1233,1234,1,0,-18
1787464388.132,U,0,1,-,119.0,3134,2118,8,1,-4,1091,1090,-1,0,-1,674,673,-1,3,-8,3501,3501,0,2,-2,1249,1250,1,0,-1,1233,1233,0,0,-19
1787464388.269,U',0,1,-,119.0,2123,3132,-15,2,0,1091,1090,-1,0,-1,674,673,-1,3,-8,3501,3501,0,2,-2,1250,1250,0,0,-1,1233,1233,0,0,-19
1787464388.405,U,0,1,-,119.0,3134,2119,9,1,-3,1091,1090,-1,0,-1,674,673,-1,3,-8,3501,3501,0,2,-2,1250,1250,0,0,-1,1233,1233,0,0,-19
1787464388.543,U',0,1,-,119.0,2123,3132,-15,2,0,1091,1090,-1,0,-1,674,673,-1,3,-8,3501,3501,0,2,-2,1249,1250,1,0,-1,1233,1234,1,0,-18
1787464388.682,U,0,1,-,119.0,3135,2118,7,1,-4,1091,1090,-1,0,-1,674,673,-1,3,-8,3501,3501,0,2,-2,1249,1250,1,0,-1,1233,1233,0,0,-19
1787464388.815,U',0,1,-,119.0,2123,3131,-16,2,-1,1091,1090,-1,0,-1,674,673,-1,3,-8,3501,3501,0,2,-2,1250,1250,0,0,-1,1233,1233,0,0,-19
1787464388.957,U,0,1,-,119.0,3134,2119,9,1,-3,1091,1090,-1,0,-1,674,673,-1,3,-8,3501,3501,0,2,-2,1249,1250,1,0,-1,1233,1233,0,0,-19
1787464389.093,U',0,1,-,119.0,2123,3133,-14,2,1,1091,1090,-1,0,-1,674,673,-1,3,-8,3501,3501,0,2,-2,1250,1250,0,0,-1,1234,1233,-1,0,-19
1787464389.232,U,0,1,-,119.0,3134,2118,8,1,-4,1091,1090,-1,0,-1,674,673,-1,3,-8,3501,3501,0,2,-2,1250,1250,0,0,-1,1233,1233,0,0,-19
1787464389.369,U',0,1,-,119.0,2123,3132,-15,2,0,1091,1090,-1,0,-1,674,673,-1,3,-8,3501,3501,0,2,-2,1249,1250,1,0,-1,1233,1233,0,0,-19
1787464389.498,U,0,1,-,119.0,3134,2119,9,1,-3,1091,1091,0,0,0,674,673,-1,3,-8,3501,3501,0,2,-2,1249,1250,1,0,-1,1234,1233,-1,0,-19
1787464389.644,U',0,1,-,119.0,2122,3132,-14,2,0,1091,1090,-1,0,-1,674,673,-1,3,-8,3501,3501,0,2,-2,1250,1250,0,0,-1,1233,1233,0,0,-19
1787464389.782,U,0,1,-,119.0,3134,2118,8,1,-4,1091,1090,-1,0,-1,674,673,-1,3,-8,3501,3501,0,2,-2,1249,1250,1,0,-1,1233,1233,0,0,-19
1787464389.915,U',0,1,-,119.0,2123,3132,-15,2,0,1091,1090,-1,0,-1,674,674,0,3,-7,3501,3501,0,2,-2,1249,1250,1,0,-1,1233,1233,0,0,-19
1787464390.053,U,0,1,-,119.0,3134,2118,8,1,-4,1091,1090,-1,0,-1,674,673,-1,3,-8,3501,3501,0,2,-2,1249,1250,1,0,-1,1233,1233,0,0,-19
1787464390.185,U',0,1,-,119.0,2123,3131,-16,2,-1,1091,1090,-1,0,-1,674,673,-1,3,-8,3501,3501,0,2,-2,1250,1250,0,0,-1,1233,1233,0,0,-19
1787464390.324,U,0,1,-,119.0,3134,2119,9,1,-3,1091,1090,-1,0,-1,674,673,-1,3,-8,3501,3501,0,2,-2,1250,1250,0,0,-1,1234,1233,-1,0,-19
1787464390.466,U',0,1,-,119.0,2123,3132,-15,2,0,1091,1090,-1,0,-1,674,674,0,3,-7,3501,3501,0,2,-2,1250,1250,0,0,-1,1233,1233,0,0,-19
1787464390.629,U,0,1,-,119.0,3134,2118,8,1,-4,1091,1090,-1,0,-1,674,673,-1,3,-8,3501,3501,0,2,-2,1249,1250,1,0,-1,1233,1233,0,0,-19
1787464390.767,U,0,1,-,119.0,2123,1098,-1,0,-4,1091,1090,-1,0,-1,674,673,-1,3,-8,3501,3501,0,2,-2,1250,1250,0,0,-1,1233,1233,0,0,-19
1787464390.896,U,0,1,-,119.0,1102,60,-18,3,-4,1091,1090,-1,0,-1,674,673,-1,3,-8,3501,3501,0,2,-2,1249,1250,1,0,-1,1233,1233,0,0,-19
1787464391.042,U,0,1,-,119.0,64,3131,-5,2,-1,1091,1090,-1,0,-1,674,673,-1,3,-8,3501,3501,0,2,-2,1250,1250,0,0,-1,1233,1233,0,0,-19
1787464391.181,U,0,1,-,119.0,3135,2118,7,1,-4,1091,1090,-1,0,-1,674,674,0,3,-7,3501,3501,0,2,-2,1249,1250,1,0,-1,1233,1233,0,0,-19
1787464391.318,U,0,1,-,119.0,2123,1099,0,0,-3,1091,1091,0,0,0,674,673,-1,3,-8,3501,3501,0,2,-2,1250,1250,0,0,-1,1233,1233,0,0,-19
1787464391.455,U,0,1,-,119.0,1102,60,-18,3,-4,1091,1090,-1,0,-1,674,674,0,3,-7,3501,3501,0,2,-2,1249,1250,1,0,-1,1233,1233,0,0,-19
1787464391.591,U,0,1,-,119.0,64,3131,-5,2,-1,1091,1090,-1,0,-1,674,674,0,3,-7,3501,3501,0,2,-2,1250,1250,0,0,-1,1233,1233,0,0,-19
1787464391.729,U,0,1,-,119.0,3135,2119,8,1,-3,1091,1091,0,0,0,674,673,-1,3,-8,3501,3501,0,2,-2,1249,1250,1,0,-1,1233,1233,0,0,-19
1787464391.868,U,0,1,-,119.0,2123,1099,0,0,-3,1091,1090,-1,0,-1,674,673,-1,3,-8,3501,3501,0,2,-2,1250,1250,0,0,-1,1233,1233,0,0,-19
1787464391.994,U,0,1,-,119.0,1103,61,-18,3,-3,1091,1091,0,0,0,674,673,-1,3,-8,3501,3501,0,2,-2,1249,1250,1,0,-1,1233,1233,0,0,-19
1787464392.142,U,0,1,-,119.0,65,3131,-6,2,-1,1091,1090,-1,0,-1,674,673,-1,3,-8,3501,3501,0,2,-2,1249,1250,1,0,-1,1233,1233,0,0,-19
1787464392.278,U,0,1,-,119.0,3135,2118,7,1,-4,1091,1091,0,0,0,674,673,-1,3,-8,3501,3501,0,2,-2,1250,1250,0,0,-1,1233,1233,0,0,-19
1787464392.406,U,0,1,-,119.0,2123,1098,-1,0,-4,1091,1090,-1,0,-1,674,673,-1,3,-8,3501,3501,0,2,-2,1249,1250,1,0,-1,1233,1233,0,0,-19
1787464392.555,U,0,1,-,119.0,1103,60,-19,3,-4,1091,1090,-1,0,-1,674,673,-1,3,-8,3501,3501,0,2,-2,1249,1250,1,0,-1,1233,1233,0,0,-19
1787464392.690,U,0,1,-,119.0,65,3131,-6,2,-1,1091,1090,-1,0,-1,674,673,-1,3,-8,3501,3501,0,2,-2,1249,1250,1,0,-1,1233,1233,0,0,-19
1787464392.830,U,0,1,-,119.0,3135,2119,8,1,-3,1091,1090,-1,0,-1,674,673,-1,3,-8,3501,3501,0,2,-2,1249,1250,1,0,-1,1233,1233,0,0,-19
1787464392.967,U,0,1,-,119.0,2122,1099,1,0,-3,1091,1090,-1,0,-1,674,674,0,3,-7,3501,3501,0,2,-2,1249,1250,1,0,-1,1233,1234,1,0,-18
1787464393.103,U,0,1,-,119.0,1103,60,-19,3,-4,1091,1091,0,0,0,674,673,-1,3,-8,3501,3501,0,2,-2,1249,1250,1,0,-1,1233,1233,0,0,-19
1787464393.243,U,0,1,-,119.0,64,3131,-5,2,-1,1091,1090,-1,0,-1,674,673,-1,3,-8,3501,3501,0,2,-2,1249,1250,1,0,-1,1233,1234,1,0,-18
1787464393.379,U,0,1,-,119.0,3135,2119,8,1,-3,1091,1090,-1,0,-1,674,674,0,3,-7,3501,3501,0,2,-2,1249,1249,0,0,-2,1233,1233,0,0,-19
1787464393.516,U,0,1,-,119.0,2123,1099,0,0,-3,1091,1090,-1,0,-1,674,673,-1,3,-8,3501,3501,0,2,-2,1249,1250,1,0,-1,1233,1233,0,0,-19
1787464393.656,U,0,1,-,119.0,1103,60,-19,3,-4,1091,1091,0,0,0,674,674,0,3,-7,3501,3501,0,2,-2,1250,1250,0,0,-1,1233,1233,0,0,-19
1787464393.792,U,0,1,-,119.0,65,3131,-6,2,-1,1091,1090,-1,0,-1,674,674,0,3,-7,3501,3501,0,2,-2,1249,1250,1,0,-1,1233,1233,0,0,-19
1787464393.929,U,0,1,-,119.0,3135,2119,8,1,-3,1091,1090,-1,0,-1,674,673,-1,3,-8,3501,3501,0,2,-2,1249,1250,1,0,-1,1234,1233,-1,0,-19
1787464394.067,U,0,1,-,119.0,2123,1098,-1,0,-4,1091,1090,-1,0,-1,674,673,-1,3,-8,3501,3501,0,2,-2,1249,1250,1,0,-1,1233,1233,0,0,-19
1787464394.199,U,0,1,-,119.0,1102,60,-18,3,-4,1091,1090,-1,0,-1,674,674,0,3,-7,3501,3501,0,2,-2,1250,1250,0,0,-1,1233,1233,0,0,-19
1787464394.342,U,0,1,-,119.0,64,3131,-5,2,-1,1091,1090,-1,0,-1,674,673,-1,3,-8,3501,3501,0,2,-2,1250,1250,0,0,-1,1233,1233,0,0,-19
1787464394.480,U,0,1,-,119.0,3135,2119,8,1,-3,1091,1090,-1,0,-1,674,673,-1,3,-8,3501,3501,0,2,-2,1249,1250,1,0,-1,1233,1233,0,0,-19
1787464394.612,U,0,1,-,119.0,2123,1099,0,0,-3,1091,1091,0,0,0,674,673,-1,3,-8,3501,3501,0,2,-2,1249,1250,1,0,-1,1233,1233,0,0,-19
1787464394.754,U,0,1,-,119.0,1102,60,-18,3,-4,1091,1090,-1,0,-1,674,673,-1,3,-8,3501,3501,0,2,-2,1250,1250,0,0,-1,1234,1233,-1,0,-19
1787464394.891,U,0,1,-,119.0,65,3130,-7,2,-2,1091,1090,-1,0,-1,674,673,-1,3,-8,3501,3501,0,2,-2,1249,1250,1,0,-1,1233,1233,0,0,-19
1787464395.027,U,0,1,-,119.0,3135,2118,7,1,-4,1091,1090,-1,0,-1,674,673,-1,3,-8,3501,3501,0,2,-2,1249,1250,1,0,-1,1234,1233,-1,0,-19
1787464395.166,U,0,1,-,119.0,2123,1099,0,0,-3,1091,1090,-1,0,-1,674,673,-1,3,-8,3501,3501,0,2,-2,1249,1250,1,0,-1,1233,1233,0,0,-19
1787464395.305,U,0,1,-,119.0,1103,60,-19,3,-4,1091,1090,-1,0,-1,674,674,0,3,-7,3501,3501,0,2,-2,1249,1250,1,0,-1,1233,1233,0,0,-19
1787464395.442,U,0,1,-,119.0,65,3131,-6,2,-1,1091,1090,-1,0,-1,674,673,-1,3,-8,3501,3501,0,2,-2,1250,1250,0,0,-1,1233,1233,0,0,-19
1787464395.578,U,0,1,-,119.0,3135,2119,8,1,-3,1091,1090,-1,0,-1,674,674,0,3,-7,3501,3501,0,2,-2,1249,1250,1,0,-1,1233,1234,1,0,-18
1787464395.717,U,0,1,-,119.0,2123,1099,0,0,-3,1091,1090,-1,0,-1,674,673,-1,3,-8,3501,3501,0,2,-2,1249,1250,1,0,-1,1233,1233,0,0,-19
1787464395.854,U,0,1,-,119.0,1102,60,-18,3,-4,1091,1090,-1,0,-1,674,674,0,3,-7,3501,3501,0,2,-2,1249,1250,1,0,-1,1233,1234,1,0,-18
1787464395.991,U,0,1,-,119.0,65,3132,-5,2,0,1091,1090,-1,0,-1,674,673,-1,3,-8,3501,3501,0,2,-2,1249,1250,1,0,-1,1233,1233,0,0,-19
1787464396.126,U,0,1,-,119.0,3135,2119,8,1,-3,1091,1090,-1,0,-1,674,674,0,3,-7,3501,3501,0,2,-2,1249,1250,1,0,-1,1233,1233,0,0,-19
1787464396.267,U,0,1,-,119.0,2123,1099,0,0,-3,1091,1091,0,0,0,674,674,0,3,-7,3501,3501,0,2,-2,1250,1250,0,0,-1,1234,1233,-1,0,-19
1787464396.404,U,0,1,-,119.0,1103,60,-19,3,-4,1091,1091,0,0,0,674,673,-1,3,-8,3501,3501,0,2,-2,1249,1250,1,0,-1,1233,1233,0,0,-19
1787464396.539,U,0,1,-,119.0,64,3130,-6,2,-2,1091,1090,-1,0,-1,674,673,-1,3,-8,3501,3501,0,2,-2,1249,1250,1,0,-1,1233,1233,0,0,-19
1787464396.679,U,0,1,-,119.0,3135,2119,8,1,-3,1091,1090,-1,0,-1,674,673,-1,3,-8,3501,3501,0,2,-2,1249,1250,1,0,-1,1233,1233,0,0,-19
1787464396.816,U,0,1,-,119.0,2123,1098,-1,0,-4,1091,1090,-1,0,-1,674,673,-1,3,-8,3501,3501,0,2,-2,1250,1250,0,0,-1,1233,1233,0,0,-19
1787464396.946,U,0,1,-,119.0,1103,60,-19,3,-4,1091,1090,-1,0,-1,674,673,-1,3,-8,3501,3501,0,2,-2,1250,1250,0,0,-1,1233,1233,0,0,-19
1787464397.091,U,0,1,-,119.0,64,3131,-5,2,-1,1091,1090,-1,0,-1,674,673,-1,3,-8,3501,3501,0,2,-2,1249,1250,1,0,-1,1233,1233,0,0,-19
1787464397.217,U,0,1,-,119.0,3136,2119,7,1,-3,1091,1091,0,0,0,674,674,0,3,-7,3501,3501,0,2,-2,1250,1250,0,0,-1,1233,1233,0,0,-19
1787464397.360,U,0,1,-,119.0,2123,1098,-1,0,-4,1091,1090,-1,0,-1,674,673,-1,3,-8,3501,3501,0,2,-2,1250,1250,0,0,-1,1233,1233,0,0,-19
1787464397.503,U,0,1,-,119.0,1103,60,-19,3,-4,1091,1090,-1,0,-1,674,673,-1,3,-8,3501,3501,0,2,-2,1249,1249,0,0,-2,1233,1233,0,0,-19
1787464397.641,U,0,1,-,119.0,65,3131,-6,2,-1,1091,1090,-1,0,-1,674,673,-1,3,-8,3501,3501,0,2,-2,1249,1250,1,0,-1,1233,1233,0,0,-19
1787464397.776,U,0,1,-,119.0,3135,2119,8,1,-3,1091,1090,-1,0,-1,674,673,-1,3,-8,3501,3501,0,2,-2,1249,1250,1,0,-1,1233,1233,0,0,-19
1787464397.916,U,0,1,-,119.0,2123,1099,0,0,-3,1091,1090,-1,0,-1,674,673,-1,3,-8,3501,3501,0,2,-2,1250,1250,0,0,-1,1233,1233,0,0,-19
1787464398.052,U,0,1,-,119.0,1102,61,-17,3,-3,1091,1090,-1,0,-1,674,673,-1,3,-8,3501,3501,0,2,-2,1249,1250,1,0,-1,1233,1233,0,0,-19
1787464398.192,U,0,1,-,119.0,64,3132,-4,2,0,1091,1090,-1,0,-1,674,674,0,3,-7,3501,3501,0,2,-2,1249,1250,1,0,-1,1233,1233,0,0,-19
1787464398.328,U,0,1,-,119.0,3135,2119,8,1,-3,1091,1090,-1,0,-1,674,673,-1,3,-8,3501,3501,0,2,-2,1249,1250,1,0,-1,1233,1234,1,0,-18
1787464398.458,U,0,1,-,119.0,2123,1098,-1,0,-4,1091,1090,-1,0,-1,674,673,-1,3,-8,3501,3501,0,2,-2,1249,1250,1,0,-1,1233,1233,0,0,-19
1787464398.604,U,0,1,-,119.0,1103,60,-19,3,-4,1091,1090,-1,0,-1,674,673,-1,3,-8,3501,3501,0,2,-2,1249,1250,1,0,-1,1233,1233,0,0,-19
1787464398.742,U,0,1,-,119.0,65,3131,-6,2,-1,1091,1090,-1,0,-1,674,673,-1,3,-8,3501,3501,0,2,-2,1249,1250,1,0,-1,1233,1233,0,0,-19
1787464398.869,U,0,1,-,119.0,3135,2119,8,1,-3,1091,1090,-1,0,-1,674,673,-1,3,-8,3501,3501,0,2,-2,1249,1250,1,0,-1,1233,1234,1,0,-18
1787464399.016,U,0,1,-,119.0,2123,1099,0,0,-3,1091,1090,-1,0,-1,674,673,-1,3,-8,3502,3501,-1,2,-2,1249,1250,1,0,-1,1233,1233,0,0,-19
1787464399.153,U,0,1,-,119.0,1103,60,-19,3,-4,1091,1090,-1,0,-1,674,673,-1,3,-8,3501,3501,0,2,-2,1250,1250,0,0,-1,1234,1233,-1,0,-19
1787464399.281,U,0,1,-,119.0,65,3131,-6,2,-1,1091,1090,-1,0,-1,674,673,-1,3,-8,3501,3501,0,2,-2,1249,1250,1,0,-1,1234,1233,-1,0,-19
1787464399.428,U,0,1,-,119.0,3135,2119,8,1,-3,1091,1091,0,0,0,674,673,-1,3,-8,3501,3501,0,2,-2,1249,1249,0,0,-2,1234,1233,-1,0,-19
1787464399.566,U,0,1,-,119.0,2123,1099,0,0,-3,1091,1090,-1,0,-1,674,673,-1,3,-8,3501,3501,0,2,-2,1249,1250,1,0,-1,1233,1233,0,0,-19
1787464399.696,U,0,1,-,119.0,1103,60,-19,3,-4,1091,1090,-1,0,-1,674,673,-1,3,-8,3501,3501,0,2,-2,1250,1250,0,0,-1,1234,1233,-1,0,-19
1787464399.838,U,0,1,-,119.0,65,3131,-6,2,-1,1091,1090,-1,0,-1,674,673,-1,3,-8,3501,3501,0,2,-2,1249,1250,1,0,-1,1233,1233,0,0,-19
1787464399.979,U,0,1,-,119.0,3136,2119,7,1,-3,1091,1090,-1,0,-1,674,674,0,3,-7,3501,3501,0,2,-2,1249,1250,1,0,-1,1234,1233,-1,0,-19
1787464400.110,U,0,1,-,119.0,2123,1098,-1,0,-4,1091,1090,-1,0,-1,674,673,-1,3,-8,3501,3501,0,2,-2,1249,1250,1,0,-1,1233,1233,0,0,-19
1787464400.252,U,0,1,-,119.0,1102,60,-18,3,-4,1091,1090,-1,0,-1,674,673,-1,3,-8,3501,3501,0,2,-2,1250,1250,0,0,-1,1233,1234,1,0,-18
1787464400.391,U,0,1,-,119.0,64,3131,-5,2,-1,1091,1091,0,0,0,674,673,-1,3,-8,3501,3501,0,2,-2,1250,1250,0,0,-1,1233,1233,0,0,-19
1787464400.521,U,0,1,-,119.0,3135,2119,8,1,-3,1091,1090,-1,0,-1,674,673,-1,3,-8,3501,3501,0,2,-2,1250,1250,0,0,-1,1233,1233,0,0,-19
1787464400.664,U,0,1,-,119.0,2123,1099,0,0,-3,1091,1090,-1,0,-1,674,673,-1,3,-8,3501,3501,0,2,-2,1249,1250,1,0,-1,1233,1233,0,0,-19
1787464400.805,U,0,1,-,119.0,1103,60,-19,3,-4,1091,1090,-1,0,-1,674,673,-1,3,-8,3501,3501,0,2,-2,1249,1250,1,0,-1,1233,1233,0,0,-19
1787464400.933,U,0,1,-,119.0,64,3132,-4,2,0,1091,1090,-1,0,-1,674,673,-1,3,-8,3501,3501,0,2,-2,1249,1250,1,0,-1,1233,1233,0,0,-19
1787464401.073,U,0,1,-,119.0,3135,2119,8,1,-3,1091,1091,0,0,0,674,673,-1,3,-8,3501,3501,0,2,-2,1250,1250,0,0,-1,1233,1233,0,0,-19
1787464401.216,U,0,1,-,119.0,2123,1099,0,0,-3,1091,1090,-1,0,-1,674,673,-1,3,-8,3501,3501,0,2,-2,1249,1250,1,0,-1,1233,1233,0,0,-19
1787464401.347,U,0,1,-,119.0,1103,60,-19,3,-4,1091,1090,-1,0,-1,674,673,-1,3,-8,3501,3501,0,2,-2,1250,1250,0,0,-1,1233,1234,1,0,-18
1787464401.486,U,0,1,-,119.0,65,3131,-6,2,-1,1091,1091,0,0,0,674,673,-1,3,-8,3501,3501,0,2,-2,1249,1250,1,0,-1,1233,1233,0,0,-19
1787464401.629,U,0,1,-,119.0,3135,2119,8,1,-3,1091,1090,-1,0,-1,674,673,-1,3,-8,3501,3501,0,2,-2,1250,1250,0,0,-1,1234,1233,-1,0,-19
1787464401.759,U,0,1,-,119.0,2123,1098,-1,0,-4,1091,1090,-1,0,-1,674,673,-1,3,-8,3501,3501,0,2,-2,1249,1250,1,0,-1,1233,1233,0,0,-19
1787464401.900,U,0,1,-,119.0,1103,60,-19,3,-4,1091,1091,0,0,0,674,673,-1,3,-8,3501,3501,0,2,-2,1250,1250,0,0,-1,1233,1233,0,0,-19
1787464402.038,U,0,1,-,119.0,65,3131,-6,2,-1,1091,1090,-1,0,-1,674,673,-1,3,-8,3501,3501,0,2,-2,1250,1250,0,0,-1,1234,1233,-1,0,-19
1787464402.170,U,0,1,-,119.0,3136,2118,6,1,-4,1091,1091,0,0,0,674,673,-1,3,-8,3501,3501,0,2,-2,1249,1250,1,0,-1,1233,1233,0,0,-19
1787464402.316,U,0,1,-,119.0,2123,1099,0,0,-3,1091,1090,-1,0,-1,674,673,-1,3,-8,3501,3501,0,2,-2,1249,1250,1,0,-1,1233,1233,0,0,-19
1787464402.447,U,0,1,-,119.0,1103,60,-19,3,-4,1091,1090,-1,0,-1,674,673,-1,3,-8,3501,3501,0,2,-2,1250,1250,0,0,-1,1234,1233,-1,0,-19
1787464402.582,U,0,1,-,119.0,65,3132,-5,2,0,1091,1090,-1,0,-1,674,673,-1,3,-8,3501,3501,0,2,-2,1249,1250,1,0,-1,1233,1233,0,0,-19
1787464402.726,U,0,1,-,119.0,3135,2118,7,1,-4,1091,1090,-1,0,-1,674,673,-1,3,-8,3501,3501,0,2,-2,1249,1250,1,0,-1,1233,1233,0,0,-19
1787464402.853,U,0,1,-,119.0,2123,1099,0,0,-3,1091,1090,-1,0,-1,674,673,-1,3,-8,3501,3501,0,2,-2,1249,1250,1,0,-1,1234,1233,-1,0,-19
1787464403.003,U,0,1,-,119.0,1103,60,-19,3,-4,1091,1090,-1,0,-1,674,674,0,3,-7,3501,3501,0,2,-2,1250,1249,-1,0,-2,1233,1233,0,0,-19
1787464403.141,U,0,1,-,119.0,64,3131,-5,2,-1,1091,1090,-1,0,-1,674,673,-1,3,-8,3501,3501,0,2,-2,1250,1250,0,0,-1,1233,1233,0,0,-19
1787464403.271,U,0,1,-,119.0,3135,2119,8,1,-3,1091,1090,-1,0,-1,674,673,-1,3,-8,3501,3501,0,2,-2,1249,1250,1,0,-1,1234,1233,-1,0,-19
1787464403.411,U,0,1,-,119.0,2123,1099,0,0,-3,1091,1090,-1,0,-1,674,673,-1,3,-8,3501,3501,0,2,-2,1250,1250,0,0,-1,1233,1233,0,0,-19
1787464403.553,U,0,1,-,119.0,1103,60,-19,3,-4,1091,1090,-1,0,-1,674,673,-1,3,-8,3501,3501,0,2,-2,1250,1250,0,0,-1,1233,1233,0,0,-19
1787464403.689,U,0,1,-,119.0,64,3131,-5,2,-1,1091,1090,-1,0,-1,674,673,-1,3,-8,3501,3501,0,2,-2,1249,1250,1,0,-1,1234,1233,-1,0,-19
1787464403.824,U,0,1,-,119.0,3135,2119,8,1,-3,1091,1090,-1,0,-1,674,673,-1,3,-8,3501,3501,0,2,-2,1249,1250,1,0,-1,1234,1233,-1,0,-19
1787464403.965,U,0,1,-,119.0,2123,1099,0,0,-3,1091,1090,-1,0,-1,674,674,0,3,-7,3501,3501,0,2,-2,1249,1250,1,0,-1,1233,1233,0,0,-19
1787464404.099,U,0,1,-,119.0,1103,60,-19,3,-4,1091,1090,-1,0,-1,674,673,-1,3,-8,3501,3501,0,2,-2,1249,1250,1,0,-1,1233,1233,0,0,-19
1787464404.240,U,0,1,-,119.0,65,3131,-6,2,-1,1091,1091,0,0,0,674,673,-1,3,-8,3501,3501,0,2,-2,1249,1250,1,0,-1,1233,1233,0,0,-19
1787464404.377,U,0,1,-,119.0,3135,2119,8,1,-3,1091,1090,-1,0,-1,674,673,-1,3,-8,3501,3501,0,2,-2,1250,1250,0,0,-1,1233,1234,1,0,-18
1787464404.505,U,0,1,-,119.0,2123,1099,0,0,-3,1091,1090,-1,0,-1,674,673,-1,3,-8,3501,3501,0,2,-2,1250,1250,0,0,-1,1233,1233,0,0,-19
1787464404.646,U,0,1,-,119.0,1102,60,-18,3,-4,1091,1090,-1,0,-1,674,673,-1,3,-8,3501,3501,0,2,-2,1249,1250,1,0,-1,1233,1233,0,0,-19
1787464404.789,U,0,1,-,119.0,64,3131,-5,2,-1,1091,1090,-1,0,-1,674,674,0,3,-7,3501,3501,0,2,-2,1249,1250,1,0,-1,1233,1233,0,0,-19
1787464404.929,U,0,1,-,119.0,3135,2118,7,1,-4,1091,1090,-1,0,-1,674,674,0,3,-7,3501,3501,0,2,-2,1249,1250,1,0,-1,1233,1233,0,0,-19
1787464405.061,U,0,1,-,119.0,2123,1099,0,0,-3,1091,1090,-1,0,-1,674,673,-1,3,-8,3501,3501,0,2,-2,1250,1250,0,0,-1,1233,1233,0,0,-19
1787464405.201,U,0,1,-,119.0,1102,60,-18,3,-4,1091,1090,-1,0,-1,674,673,-1,3,-8,3501,3501,0,2,-2,1249,1250,1,0,-1,1233,1233,0,0,-19
1787464405.329,U,0,1,-,119.0,65,3131,-6,2,-1,1091,1090,-1,0,-1,674,674,0,3,-7,3501,3501,0,2,-2,1249,1250,1,0,-1,1234,1234,0,0,-18
1787464405.473,U,0,1,-,119.0,3135,2118,7,1,-4,1091,1091,0,0,0,674,673,-1,3,-8,3501,3501,0,2,-2,1250,1250,0,0,-1,1233,1233,0,0,-19
1787464405.615,U,0,1,-,119.0,2123,1099,0,0,-3,1091,1090,-1,0,-1,674,673,-1,3,-8,3501,3501,0,2,-2,1249,1250,1,0,-1,1233,1234,1,0,-18
1787464405.753,U,0,1,-,119.0,1103,60,-19,3,-4,1091,1090,-1,0,-1,674,673,-1,3,-8,3501,3501,0,2,-2,1250,1250,0,0,-1,1233,1233,0,0,-19
1787464405.893,U,0,1,-,119.0,64,3131,-5,2,-1,1091,1090,-1,0,-1,674,673,-1,3,-8,3501,3501,0,2,-2,1249,1250,1,0,-1,1233,1233,0,0,-19
1787464406.029,U,0,1,-,119.0,3135,2119,8,1,-3,1091,1090,-1,0,-1,674,673,-1,3,-8,3501,3501,0,2,-2,1249,1250,1,0,-1,1233,1233,0,0,-19
1787464406.165,U,0,1,-,119.0,2123,1098,-1,0,-4,1091,1090,-1,0,-1,674,673,-1,3,-8,3501,3501,0,2,-2,1249,1250,1,0,-1,1233,1233,0,0,-19
1787464406.306,U,0,1,-,119.0,1103,60,-19,3,-4,1091,1090,-1,0,-1,674,673,-1,3,-8,3501,3501,0,2,-2,1249,1249,0,0,-2,1233,1233,0,0,-19
1787464406.441,U,0,1,-,119.0,65,3132,-5,2,0,1091,1090,-1,0,-1,674,674,0,3,-7,3501,3501,0,2,-2,1249,1250,1,0,-1,1234,1233,-1,0,-19
1787464406.577,U,0,1,-,119.0,3135,2118,7,1,-4,1091,1090,-1,0,-1,674,673,-1,3,-8,3501,3501,0,2,-2,1249,1250,1,0,-1,1233,1233,0,0,-19
1787464406.716,U,0,1,-,119.0,2123,1099,0,0,-3,1091,1090,-1,0,-1,674,673,-1,3,-8,3501,3501,0,2,-2,1249,1250,1,0,-1,1233,1233,0,0,-19
1787464406.847,U,0,1,-,119.0,1103,60,-19,3,-4,1091,1090,-1,0,-1,674,673,-1,3,-8,3501,3501,0,2,-2,1250,1250,0,0,-1,1233,1233,0,0,-19
1787464406.990,U,0,1,-,119.0,64,3131,-5,2,-1,1091,1090,-1,0,-1,674,673,-1,3,-8,3501,3501,0,2,-2,1249,1250,1,0,-1,1234,1233,-1,0,-19
1787464407.126,U,0,1,-,119.0,3135,2118,7,1,-4,1091,1090,-1,0,-1,674,673,-1,3,-8,3501,3501,0,2,-2,1249,1250,1,0,-1,1233,1233,0,0,-19
1787464407.266,U,0,1,-,119.0,2123,1099,0,0,-3,1091,1090,-1,0,-1,674,673,-1,3,-8,3501,3501,0,2,-2,1249,1250,1,0,-1,1233,1233,0,0,-19
1787464407.402,U,0,1,-,119.0,1102,60,-18,3,-4,1091,1091,0,0,0,674,673,-1,3,-8,3501,3501,0,2,-2,1250,1250,0,0,-1,1233,1234,1,0,-18
1787464407.541,U,0,1,-,119.0,64,3131,-5,2,-1,1091,1090,-1,0,-1,674,673,-1,3,-8,3501,3501,0,2,-2,1249,1250,1,0,-1,1233,1233,0,0,-19
1787464407.671,U,0,1,-,119.0,3135,2118,7,1,-4,1091,1090,-1,0,-1,674,674,0,3,-7,3501,3501,0,2,-2,1249,1250,1,0,-1,1233,1234,1,0,-18
1787464407.816,U,0,1,-,119.0,2123,1099,0,0,-3,1091,1090,-1,0,-1,674,673,-1,3,-8,3501,3501,0,2,-2,1249,1250,1,0,-1,1233,1233,0,0,-19
1787464407.953,U,0,1,-,119.0,1103,60,-19,3,-4,1091,1090,-1,0,-1,674,673,-1,3,-8,3501,3501,0,2,-2,1249,1250,1,0,-1,1233,1234,1,0,-18
1787464408.091,U,0,1,-,119.0,64,3132,-4,2,0,1091,1090,-1,0,-1,674,673,-1,3,-8,3501,3501,0,2,-2,1249,1250,1,0,-1,1233,1233,0,0,-19
1787464408.230,U,0,1,-,119.0,3135,2119,8,1,-3,1091,1090,-1,0,-1,674,674,0,3,-7,3501,3501,0,2,-2,1249,1250,1,0,-1,1233,1233,0,0,-19
1787464408.367,U,0,1,-,119.0,2123,1099,0,0,-3,1091,1090,-1,0,-1,674,673,-1,3,-8,3501,3501,0,2,-2,1249,1250,1,0,-1,1233,1233,0,0,-19
1787464408.506,U,0,1,-,119.0,1103,61,-18,3,-3,1091,1090,-1,0,-1,674,674,0,3,-7,3501,3501,0,2,-2,1249,1250,1,0,-1,1233,1233,0,0,-19
1787464408.638,U,0,1,-,119.0,65,3131,-6,2,-1,1091,1090,-1,0,-1,674,673,-1,3,-8,3501,3501,0,2,-2,1249,1250,1,0,-1,1233,1233,0,0,-19
1787464408.776,U,0,1,-,119.0,3135,2119,8,1,-3,1091,1090,-1,0,-1,674,673,-1,3,-8,3501,3501,0,2,-2,1249,1250,1,0,-1,1233,1233,0,0,-19
1787464408.917,U,0,1,-,119.0,2123,1098,-1,0,-4,1091,1091,0,0,0,674,674,0,3,-7,3501,3501,0,2,-2,1250,1250,0,0,-1,1233,1233,0,0,-19
1787464409.050,U,0,1,-,119.0,1103,60,-19,3,-4,1091,1090,-1,0,-1,674,673,-1,3,-8,3501,3501,0,2,-2,1250,1250,0,0,-1,1233,1233,0,0,-19
1787464409.192,U,0,1,-,119.0,64,3131,-5,2,-1,1091,1091,0,0,0,674,673,-1,3,-8,3501,3501,0,2,-2,1249,1250,1,0,-1,1233,1233,0,0,-19
1787464409.327,U,0,1,-,119.0,3135,2118,7,1,-4,1091,1091,0,0,0,674,673,-1,3,-8,3501,3501,0,2,-2,1250,1250,0,0,-1,1233,1233,0,0,-19
1787464409.467,U,0,1,-,119.0,2123,1099,0,0,-3,1091,1091,0,0,0,674,674,0,3,-7,3501,3501,0,2,-2,1249,1250,1,0,-1,1234,1233,-1,0,-19
1787464409.600,U,0,1,-,119.0,1103,60,-19,3,-4,1091,1090,-1,0,-1,674,673,-1,3,-8,3501,3501,0,2,-2,1250,1250,0,0,-1,1233,1233,0,0,-19
1787464409.741,U,0,1,-,119.0,65,3131,-6,2,-1,1091,1090,-1,0,-1,674,673,-1,3,-8,3501,3501,0,2,-2,1250,1250,0,0,-1,1233,1233,0,0,-19
1787464409.877,U,0,1,-,119.0,3135,2119,8,1,-3,1091,1090,-1,0,-1,674,673,-1,3,-8,3501,3501,0,2,-2,1250,1250,0,0,-1,1234,1234,0,0,-18
1787464410.012,U,0,1,-,119.0,2123,1098,-1,0,-4,1091,1090,-1,0,-1,674,674,0,3,-7,3501,3501,0,2,-2,1249,1250,1,0,-1,1233,1233,0,0,-19
1787464410.152,U,0,1,-,119.0,1103,60,-19,3,-4,1091,1090,-1,0,-1,674,673,-1,3,-8,3501,3501,0,2,-2,1249,1250,1,0,-1,1233,1233,0,0,-19
1787464410.287,U,0,1,-,119.0,65,3131,-6,2,-1,1091,1090,-1,0,-1,674,674,0,3,-7,3501,3501,0,2,-2,1249,1249,0,0,-2,1233,1233,0,0,-19
1787464410.427,U,0,1,-,119.0,3135,2119,8,1,-3,1091,1090,-1,0,-1,674,674,0,3,-7,3501,3501,0,2,-2,1249,1250,1,0,-1,1233,1233,0,0,-19
1787464410.566,U,0,1,-,119.0,2123,1099,0,0,-3,1091,1090,-1,0,-1,674,673,-1,3,-8,3501,3501,0,2,-2,1249,1250,1,0,-1,1233,1233,0,0,-19
1787464410.700,U,0,1,-,119.0,1103,60,-19,3,-4,1091,1090,-1,0,-1,674,673,-1,3,-8,3501,3501,0,2,-2,1250,1250,0,0,-1,1233,1234,1,0,-18
1787464410.839,U,0,1,-,119.0,65,3131,-6,2,-1,1091,1090,-1,0,-1,674,673,-1,3,-8,3501,3501,0,2,-2,1249,1250,1,0,-1,1233,1233,0,0,-19
1787464410.977,U,0,1,-,119.0,3135,2119,8,1,-3,1091,1091,0,0,0,674,674,0,3,-7,3501,3501,0,2,-2,1249,1250,1,0,-1,1234,1233,-1,0,-19
1787464411.108,U,0,1,-,119.0,2123,1099,0,0,-3,1091,1091,0,0,0,674,673,-1,3,-8,3501,3501,0,2,-2,1250,1250,0,0,-1,1234,1233,-1,0,-19
1787464411.251,U,0,1,-,119.0,1103,60,-19,3,-4,1091,1091,0,0,0,674,673,-1,3,-8,3501,3501,0,2,-2,1249,1250,1,0,-1,1233,1233,0,0,-19
1787464411.392,U,0,1,-,119.0,65,3131,-6,2,-1,1091,1090,-1,0,-1,674,674,0,3,-7,3501,3501,0,2,-2,1250,1250,0,0,-1,1233,1233,0,0,-19
1787464411.527,U,0,1,-,119.0,3135,2119,8,1,-3,1091,1090,-1,0,-1,674,673,-1,3,-8,3501,3501,0,2,-2,1250,1250,0,0,-1,1233,1234,1,0,-18
1787464411.665,U,0,1,-,119.0,2123,1099,0,0,-3,1091,1090,-1,0,-1,674,673,-1,3,-8,3501,3501,0,2,-2,1249,1250,1,0,-1,1233,1233,0,0,-19
1787464411.798,U,0,1,-,119.0,1103,60,-19,3,-4,1091,1090,-1,0,-1,674,673,-1,3,-8,3501,3501,0,2,-2,1250,1250,0,0,-1,1233,1233,0,0,-19
1787464411.942,U,0,1,-,119.0,65,3132,-5,2,0,1091,1090,-1,0,-1,674,674,0,3,-7,3501,3501,0,2,-2,1250,1250,0,0,-1,1233,1234,1,0,-18
1787464412.078,U,0,1,-,119.0,3135,2119,8,1,-3,1091,1091,0,0,0,674,673,-1,3,-8,3501,3501,0,2,-2,1249,1250,1,0,-1,1233,1233,0,0,-19
1787464412.213,U,0,1,-,119.0,2123,1099,0,0,-3,1091,1090,-1,0,-1,674,674,0,3,-7,3501,3501,0,2,-2,1249,1250,1,0,-1,1234,1233,-1,0,-19
1787464412.348,U,0,1,-,119.0,1103,60,-19,3,-4,1091,1090,-1,0,-1,674,673,-1,3,-8,3501,3501,0,2,-2,1249,1250,1,0,-1,1233,1233,0,0,-19
1787464412.490,U,0,1,-,119.0,65,3131,-6,2,-1,1091,1091,0,0,0,674,673,-1,3,-8,3501,3501,0,2,-2,1249,1250,1,0,-1,1233,1233,0,0,-19
1787464412.627,U,0,1,-,119.0,3135,2118,7,1,-4,1091,1090,-1,0,-1,674,673,-1,3,-8,3501,3501,0,2,-2,1250,1250,0,0,-1,1233,1234,1,0,-18
1787464412.764,U,0,1,-,119.0,2123,1099,0,0,-3,1091,1090,-1,0,-1,674,673,-1,3,-8,3501,3501,0,2,-2,1249,1250,1,0,-1,1233,1233,0,0,-19
1787464412.903,U,0,1,-,119.0,1103,61,-18,3,-3,1091,1090,-1,0,-1,674,674,0,3,-7,3501,3501,0,2,-2,1250,1250,0,0,-1,1233,1234,1,0,-18
1787464413.040,U,0,1,-,119.0,65,3131,-6,2,-1,1091,1090,-1,0,-1,674,673,-1,3,-8,3501,3501,0,2,-2,1249,1250,1,0,-1,1233,1233,0,0,-19
1787464413.176,U,0,1,-,119.0,3135,2119,8,1,-3,1091,1090,-1,0,-1,674,673,-1,3,-8,3501,3501,0,2,-2,1250,1250,0,0,-1,1233,1233,0,0,-19
1787464413.311,U,0,1,-,119.0,2123,1099,0,0,-3,1091,1091,0,0,0,674,674,0,3,-7,3501,3501,0,2,-2,1249,1250,1,0,-1,1233,1233,0,0,-19
1787464413.448,U,0,1,-,119.0,1103,60,-19,3,-4,1091,1091,0,0,0,674,674,0,3,-7,3501,3501,0,2,-2,1250,1250,0,0,-1,1233,1233,0,0,-19
1787464413.588,U,0,1,-,119.0,65,3131,-6,2,-1,1091,1090,-1,0,-1,674,673,-1,3,-8,3501,3501,0,2,-2,1250,1250,0,0,-1,1233,1233,0,0,-19
1787464413.727,U,0,1,-,119.0,3135,2119,8,1,-3,1091,1090,-1,0,-1,674,674,0,3,-7,3501,3501,0,2,-2,1249,1250,1,0,-1,1233,1234,1,0,-18
1787464413.862,U,0,1,-,119.0,2123,1099,0,0,-3,1091,1090,-1,0,-1,674,674,0,3,-7,3501,3501,0,2,-2,1250,1250,0,0,-1,1233,1233,0,0,-19
1787464413.999,U,0,1,-,119.0,1102,60,-18,3,-4,1091,1091,0,0,0,674,673,-1,3,-8,3501,3501,0,2,-2,1249,1250,1,0,-1,1233,1233,0,0,-19
1787464414.140,U,0,1,-,119.0,65,3131,-6,2,-1,1091,1090,-1,0,-1,674,674,0,3,-7,3501,3501,0,2,-2,1250,1250,0,0,-1,1233,1233,0,0,-19
1787464414.277,U,0,1,-,119.0,3135,2119,8,1,-3,1091,1090,-1,0,-1,674,674,0,3,-7,3501,3501,0,2,-2,1250,1250,0,0,-1,1233,1233,0,0,-19
1787464414.414,U,0,1,-,119.0,2123,1099,0,0,-3,1091,1090,-1,0,-1,674,673,-1,3,-8,3501,3501,0,2,-2,1249,1250,1,0,-1,1233,1233,0,0,-19
1787464414.553,U,0,1,-,119.0,1103,60,-19,3,-4,1091,1091,0,0,0,674,673,-1,3,-8,3501,3501,0,2,-2,1249,1250,1,0,-1,1233,1233,0,0,-19
1787464414.687,U,0,1,-,119.0,64,3132,-4,2,0,1091,1090,-1,0,-1,674,673,-1,3,-8,3501,3501,0,2,-2,1249,1250,1,0,-1,1233,1233,0,0,-19
1787464414.828,U,0,1,-,119.0,3135,2118,7,1,-4,1091,1090,-1,0,-1,674,674,0,3,-7,3501,3501,0,2,-2,1250,1250,0,0,-1,1233,1233,0,0,-19
1787464414.963,U,0,1,-,119.0,2123,1099,0,0,-3,1091,1090,-1,0,-1,674,674,0,3,-7,3501,3501,0,2,-2,1249,1250,1,0,-1,1233,1233,0,0,-19
1787464415.102,U,0,1,-,119.0,1102,60,-18,3,-4,1091,1090,-1,0,-1,674,673,-1,3,-8,3501,3501,0,2,-2,1250,1250,0,0,-1,1234,1233,-1,0,-19
1787464415.240,U,0,1,-,119.0,64,3131,-5,2,-1,1091,1091,0,0,0,674,673,-1,3,-8,3501,3501,0,2,-2,1250,1250,0,0,-1,1233,1233,0,0,-19
1787464415.377,U,0,1,-,119.0,3135,2119,8,1,-3,1091,1091,0,0,0,674,673,-1,3,-8,3501,3501,0,2,-2,1249,1250,1,0,-1,1233,1233,0,0,-19
1787464415.512,U,0,1,-,119.0,2123,1099,0,0,-3,1091,1090,-1,0,-1,674,673,-1,3,-8,3501,3501,0,2,-2,1249,1250,1,0,-1,1233,1233,0,0,-19
1787464415.653,U,0,1,-,119.0,1103,60,-19,3,-4,1091,1090,-1,0,-1,674,673,-1,3,-8,3501,3501,0,2,-2,1249,1250,1,0,-1,1233,1233,0,0,-19
1787464415.789,U,0,1,-,119.0,65,3131,-6,2,-1,1091,1090,-1,0,-1,674,674,0,3,-7,3501,3501,0,2,-2,1249,1250,1,0,-1,1233,1233,0,0,-19
1787464415.926,U,0,1,-,119.0,3135,2119,8,1,-3,1091,1090,-1,0,-1,674,673,-1,3,-8,3501,3501,0,2,-2,1249,1250,1,0,-1,1233,1234,1,0,-18
1787464416.067,U,0,1,-,119.0,2123,1099,0,0,-3,1091,1090,-1,0,-1,674,673,-1,3,-8,3501,3501,0,2,-2,1250,1250,0,0,-1,1233,1233,0,0,-19
1787464416.204,U,0,1,-,119.0,1103,60,-19,3,-4,1091,1090,-1,0,-1,674,673,-1,3,-8,3501,3501,0,2,-2,1249,1250,1,0,-1,1234,1233,-1,0,-19
1787464416.337,U,0,1,-,119.0,65,3131,-6,2,-1,1091,1090,-1,0,-1,674,673,-1,3,-8,3501,3501,0,2,-2,1249,1250,1,0,-1,1233,1233,0,0,-19
1787464416.477,U,0,1,-,119.0,3135,2118,7,1,-4,1091,1090,-1,0,-1,674,673,-1,3,-8,3501,3501,0,2,-2,1249,1250,1,0,-1,1233,1233,0,0,-19
1787464416.616,U,0,1,-,119.0,2123,1099,0,0,-3,1091,1090,-1,0,-1,674,673,-1,3,-8,3501,3501,0,2,-2,1249,1250,1,0,-1,1233,1233,0,0,-19
1787464416.752,U,0,1,-,119.0,1103,60,-19,3,-4,1091,1090,-1,0,-1,674,673,-1,3,-8,3501,3501,0,2,-2,1249,1250,1,0,-1,1233,1233,0,0,-19
1787464416.887,U,0,1,-,119.0,64,3131,-5,2,-1,1091,1090,-1,0,-1,674,673,-1,3,-8,3501,3501,0,2,-2,1249,1250,1,0,-1,1233,1233,0,0,-19
1787464417.027,U,0,1,-,119.0,3135,2118,7,1,-4,1091,1090,-1,0,-1,674,673,-1,3,-8,3501,3501,0,2,-2,1250,1250,0,0,-1,1233,1233,0,0,-19
1787464417.162,U,0,1,-,119.0,2123,1099,0,0,-3,1091,1090,-1,0,-1,674,674,0,3,-7,3501,3501,0,2,-2,1249,1250,1,0,-1,1233,1233,0,0,-19
1787464417.303,U,0,1,-,119.0,1103,60,-19,3,-4,1091,1090,-1,0,-1,674,673,-1,3,-8,3501,3501,0,2,-2,1250,1250,0,0,-1,1234,1234,0,0,-18
1787464417.439,U,0,1,-,119.0,65,3132,-5,2,0,1091,1090,-1,0,-1,674,674,0,3,-7,3501,3501,0,2,-2,1250,1250,0,0,-1,1233,1233,0,0,-19
1787464417.576,U,0,1,-,119.0,3135,2118,7,1,-4,1091,1090,-1,0,-1,674,674,0,3,-7,3501,3501,0,2,-2,1249,1249,0,0,-2,1233,1234,1,0,-18
1787464417.716,U,0,1,-,119.0,2123,1098,-1,0,-4,1091,1090,-1,0,-1,674,673,-1,3,-8,3501,3501,0,2,-2,1249,1250,1,0,-1,1233,1234,1,0,-18
1787464417.853,U,0,1,-,119.0,1103,60,-19,3,-4,1091,1090,-1,0,-1,674,673,-1,3,-8,3501,3501,0,2,-2,1249,1250,1,0,-1,1233,1233,0,0,-19
1787464417.986,U,0,1,-,119.0,65,3132,-5,2,0,1091,1090,-1,0,-1,674,673,-1,3,-8,3501,3501,0,2,-2,1250,1250,0,0,-1,1234,1234,0,0,-18
1787464418.152,U',0,1,-,119.0,3136,61,-3,3,-3,1091,1091,0,0,0,674,673,-1,3,-8,3501,3501,0,2,-2,1249,1250,1,0,-1,1233,1234,1,0,-18
1787464418.287,U',0,1,-,119.0,63,1099,12,0,-3,1091,1090,-1,0,-1,674,673,-1,3,-8,3501,3501,0,2,-2,1250,1250,0,0,-1,1233,1233,0,0,-19
1787464418.428,U',0,1,-,119.0,1102,2119,-7,1,-3,1091,1090,-1,0,-1,674,673,-1,3,-8,3501,3501,0,2,-2,1249,1250,1,0,-1,1233,1234,1,0,-18
1787464418.560,U',0,1,-,119.0,2122,3131,-15,2,-1,1091,1090,-1,0,-1,674,673,-1,3,-8,3501,3501,0,2,-2,1250,1250,0,0,-1,1233,1234,1,0,-18
1787464418.700,U',0,1,-,119.0,3134,61,-1,3,-3,1091,1090,-1,0,-1,674,673,-1,3,-8,3501,3501,0,2,-2,1249,1250,1,0,-1,1233,1233,0,0,-19
1787464418.836,U',0,1,-,119.0,63,1099,12,0,-3,1091,1090,-1,0,-1,674,673,-1,3,-8,3501,3501,0,2,-2,1249,1250,1,0,-1,1234,1233,-1,0,-19
1787464418.970,U',0,1,-,119.0,1102,2119,-7,1,-3,1091,1090,-1,0,-1,674,673,-1,3,-8,3501,3501,0,2,-2,1249,1250,1,0,-1,1233,1233,0,0,-19
1787464419.113,U',0,1,-,119.0,2122,3132,-14,2,0,1091,1090,-1,0,-1,674,674,0,3,-7,3501,3501,0,2,-2,1250,1250,0,0,-1,1233,1233,0,0,-19
1787464419.253,U',0,1,-,119.0,3134,61,-1,3,-3,1091,1090,-1,0,-1,674,674,0,3,-7,3501,3501,0,2,-2,1249,1250,1,0,-1,1233,1233,0,0,-19
1787464419.384,U',0,1,-,119.0,63,1100,13,0,-2,1091,1090,-1,0,-1,674,673,-1,3,-8,3501,3501,0,2,-2,1250,1250,0,0,-1,1233,1233,0,0,-19
1787464419.525,U',0,1,-,119.0,1102,2119,-7,1,-3,1091,1090,-1,0,-1,674,673,-1,3,-8,3501,3501,0,2,-2,1250,1250,0,0,-1,1233,1234,1,0,-18
1787464419.655,U',0,1,-,119.0,2122,3132,-14,2,0,1091,1090,-1,0,-1,674,673,-1,3,-8,3501,3501,0,2,-2,1250,1250,0,0,-1,1233,1233,0,0,-19
1787464419.794,U',0,1,-,119.0,3134,61,-1,3,-3,1091,1091,0,0,0,674,673,-1,3,-8,3501,3501,0,2,-2,1250,1250,0,0,-1,1233,1233,0,0,-19
1787464419.941,U',0,1,-,119.0,64,1100,12,0,-2,1091,1090,-1,0,-1,674,674,0,3,-7,3501,3501,0,2,-2,1249,1250,1,0,-1,1233,1233,0,0,-19
1787464420.077,U',0,1,-,119.0,1102,2119,-7,1,-3,1091,1090,-1,0,-1,674,673,-1,3,-8,3501,3501,0,2,-2,1250,1250,0,0,-1,1233,1234,1,0,-18
1787464420.216,U',0,1,-,119.0,2122,3132,-14,2,0,1091,1091,0,0,0,674,673,-1,3,-8,3501,3501,0,2,-2,1249,1250,1,0,-1,1233,1233,0,0,-19
1787464420.346,U',0,1,-,119.0,3135,61,-2,3,-3,1091,1090,-1,0,-1,674,673,-1,3,-8,3501,3501,0,2,-2,1250,1250,0,0,-1,1233,1233,0,0,-19
1787464420.489,U',0,1,-,119.0,63,1100,13,0,-2,1091,1090,-1,0,-1,674,674,0,3,-7,3501,3501,0,2,-2,1250,1250,0,0,-1,1233,1234,1,0,-18
1787464420.625,U',0,1,-,119.0,1102,2120,-6,1,-2,1091,1090,-1,0,-1,674,673,-1,3,-8,3501,3501,0,2,-2,1249,1250,1,0,-1,1233,1233,0,0,-19
1787464420.761,U',0,1,-,119.0,2122,3132,-14,2,0,1091,1090,-1,0,-1,674,674,0,3,-7,3501,3501,0,2,-2,1250,1250,0,0,-1,1233,1233,0,0,-19
1787464420.888,U',0,1,-,119.0,3134,61,-1,3,-3,1091,1090,-1,0,-1,674,673,-1,3,-8,3501,3501,0,2,-2,1249,1250,1,0,-1,1233,1233,0,0,-19
1787464421.039,U',0,1,-,119.0,63,1099,12,0,-3,1091,1090,-1,0,-1,674,674,0,3,-7,3501,3501,0,2,-2,1249,1250,1,0,-1,1233,1233,0,0,-19
1787464421.177,U',0,1,-,119.0,1102,2119,-7,1,-3,1091,1090,-1,0,-1,674,673,-1,3,-8,3501,3501,0,2,-2,1249,1250,1,0,-1,1233,1233,0,0,-19
1787464421.316,U',0,1,-,119.0,2122,3132,-14,2,0,1091,1090,-1,0,-1,674,674,0,3,-7,3501,3501,0,2,-2,1250,1250,0,0,-1,1234,1233,-1,0,-19
1787464421.446,U',0,1,-,119.0,3134,61,-1,3,-3,1091,1090,-1,0,-1,674,674,0,3,-7,3501,3501,0,2,-2,1249,1250,1,0,-1,1233,1234,1,0,-18
1787464421.589,U',0,1,-,119.0,63,1100,13,0,-2,1091,1090,-1,0,-1,674,673,-1,3,-8,3501,3501,0,2,-2,1250,1250,0,0,-1,1233,1233,0,0,-19
1787464421.729,U',0,1,-,119.0,1101,2119,-6,1,-3,1091,1091,0,0,0,674,674,0,3,-7,3501,3501,0,2,-2,1249,1250,1,0,-1,1233,1233,0,0,-19
1787464421.866,U',0,1,-,119.0,2122,3132,-14,2,0,1091,1091,0,0,0,674,674,0,3,-7,3501,3501,0,2,-2,1250,1250,0,0,-1,1233,1234,1,0,-18
1787464422.005,U',0,1,-,119.0,3134,61,-1,3,-3,1091,1090,-1,0,-1,674,673,-1,3,-8,3501,3501,0,2,-2,1250,1250,0,0,-1,1233,1233,0,0,-19
1787464422.142,U',0,1,-,119.0,63,1100,13,0,-2,1091,1090,-1,0,-1,674,674,0,3,-7,3501,3501,0,2,-2,1249,1250,1,0,-1,1233,1233,0,0,-19
1787464422.278,U',0,1,-,119.0,1102,2119,-7,1,-3,1091,1090,-1,0,-1,674,673,-1,3,-8,3501,3501,0,2,-2,1250,1250,0,0,-1,1233,1233,0,0,-19
1787464422.416,U',0,1,-,119.0,2122,3132,-14,2,0,1091,1090,-1,0,-1,674,674,0,3,-7,3501,3501,0,2,-2,1249,1250,1,0,-1,1233,1233,0,0,-19
1787464422.554,U',0,1,-,119.0,3134,61,-1,3,-3,1091,1090,-1,0,-1,674,673,-1,3,-8,3501,3501,0,2,-2,1249,1250,1,0,-1,1233,1233,0,0,-19
1787464422.691,U',0,1,-,119.0,63,1100,13,0,-2,1091,1090,-1,0,-1,674,673,-1,3,-8,3501,3501,0,2,-2,1249,1250,1,0,-1,1233,1233,0,0,-19
1787464422.820,U',0,1,-,119.0,1102,2119,-7,1,-3,1091,1090,-1,0,-1,674,673,-1,3,-8,3501,3501,0,2,-2,1249,1250,1,0,-1,1233,1233,0,0,-19
1787464422.967,U',0,1,-,119.0,2122,3132,-14,2,0,1091,1090,-1,0,-1,674,673,-1,3,-8,3501,3501,0,2,-2,1249,1250,1,0,-1,1233,1233,0,0,-19
1787464423.103,U',0,1,-,119.0,3135,61,-2,3,-3,1091,1090,-1,0,-1,674,673,-1,3,-8,3501,3501,0,2,-2,1249,1250,1,0,-1,1233,1233,0,0,-19
1787464423.241,U',0,1,-,119.0,64,1100,12,0,-2,1091,1090,-1,0,-1,674,673,-1,3,-8,3501,3501,0,2,-2,1249,1250,1,0,-1,1233,1233,0,0,-19
1787464423.378,U',0,1,-,119.0,1102,2119,-7,1,-3,1091,1090,-1,0,-1,674,674,0,3,-7,3501,3501,0,2,-2,1249,1250,1,0,-1,1233,1233,0,0,-19
1787464423.516,U',0,1,-,119.0,2122,3132,-14,2,0,1091,1090,-1,0,-1,674,673,-1,3,-8,3501,3501,0,2,-2,1249,1250,1,0,-1,1233,1233,0,0,-19
1787464423.653,U',0,1,-,119.0,3134,61,-1,3,-3,1091,1090,-1,0,-1,674,673,-1,3,-8,3501,3501,0,2,-2,1249,1250,1,0,-1,1233,1233,0,0,-19
1787464423.791,U',0,1,-,119.0,63,1099,12,0,-3,1091,1090,-1,0,-1,674,674,0,3,-7,3501,3501,0,2,-2,1250,1250,0,0,-1,1234,1234,0,0,-18
1787464423.928,U',0,1,-,119.0,1102,2119,-7,1,-3,1091,1090,-1,0,-1,674,673,-1,3,-8,3501,3501,0,2,-2,1250,1250,0,0,-1,1233,1233,0,0,-19
1787464424.064,U',0,1,-,119.0,2122,3132,-14,2,0,1091,1090,-1,0,-1,674,673,-1,3,-8,3501,3501,0,2,-2,1249,1250,1,0,-1,1233,1233,0,0,-19
1787464424.203,U',0,1,-,119.0,3135,61,-2,3,-3,1091,1090,-1,0,-1,674,673,-1,3,-8,3501,3501,0,2,-2,1250,1250,0,0,-1,1233,1233,0,0,-19
1787464424.340,U',0,1,-,119.0,63,1100,13,0,-2,1091,1090,-1,0,-1,674,674,0,3,-7,3501,3501,0,2,-2,1249,1250,1,0,-1,1233,1233,0,0,-19
1787464424.479,U',0,1,-,119.0,1102,2119,-7,1,-3,1091,1091,0,0,0,674,674,0,3,-7,3501,3501,0,2,-2,1249,1250,1,0,-1,1234,1233,-1,0,-19
1787464424.615,U',0,1,-,119.0,2122,3131,-15,2,-1,1091,1091,0,0,0,674,673,-1,3,-8,3501,3501,0,2,-2,1249,1250,1,0,-1,1233,1233,0,0,-19
1787464424.753,U',0,1,-,119.0,3134,61,-1,3,-3,1091,1090,-1,0,-1,674,674,0,3,-7,3501,3501,0,2,-2,1249,1250,1,0,-1,1233,1233,0,0,-19
1787464424.891,U',0,1,-,119.0,64,1099,11,0,-3,1091,1090,-1,0,-1,674,674,0,3,-7,3501,3501,0,2,-2,1250,1250,0,0,-1,1234,1233,-1,0,-19
1787464425.028,U',0,1,-,119.0,1102,2119,-7,1,-3,1091,1090,-1,0,-1,674,673,-1,3,-8,3501,3501,0,2,-2,1250,1250,0,0,-1,1233,1233,0,0,-19
1787464425.167,U',0,1,-,119.0,2122,3132,-14,2,0,1091,1090,-1,0,-1,674,674,0,3,-7,3501,3501,0,2,-2,1249,1250,1,0,-1,1233,1233,0,0,-19
1787464425.304,U',0,1,-,119.0,3134,61,-1,3,-3,1091,1090,-1,0,-1,674,673,-1,3,-8,3501,3501,0,2,-2,1250,1250,0,0,-1,1233,1233,0,0,-19
1787464425.442,U',0,1,-,119.0,63,1100,13,0,-2,1091,1090,-1,0,-1,674,674,0,3,-7,3501,3501,0,2,-2,1250,1250,0,0,-1,1233,1233,0,0,-19
1787464425.578,U',0,1,-,119.0,1101,2119,-6,1,-3,1091,1090,-1,0,-1,674,674,0,3,-7,3501,3501,0,2,-2,1250,1250,0,0,-1,1233,1234,1,0,-18
1787464425.710,U',0,1,-,119.0,2122,3132,-14,2,0,1091,1090,-1,0,-1,674,673,-1,3,-8,3501,3501,0,2,-2,1249,1250,1,0,-1,1233,1233,0,0,-19
1787464425.856,U',0,1,-,119.0,3134,61,-1,3,-3,1091,1090,-1,0,-1,674,674,0,3,-7,3501,3501,0,2,-2,1249,1250,1,0,-1,1233,1233,0,0,-19
1787464425.988,U',0,1,-,119.0,64,1100,12,0,-2,1091,1090,-1,0,-1,674,673,-1,3,-8,3501,3501,0,2,-2,1249,1250,1,0,-1,1233,1233,0,0,-19
1787464426.129,U',0,1,-,119.0,1102,2119,-7,1,-3,1091,1090,-1,0,-1,674,674,0,3,-7,3501,3501,0,2,-2,1249,1250,1,0,-1,1233,1234,1,0,-18
1787464426.264,U',0,1,-,119.0,2122,3132,-14,2,0,1091,1090,-1,0,-1,674,674,0,3,-7,3501,3501,0,2,-2,1250,1250,0,0,-1,1233,1234,1,0,-18
1787464426.402,U',0,1,-,119.0,3134,61,-1,3,-3,1091,1090,-1,0,-1,674,674,0,3,-7,3501,3501,0,2,-2,1249,1250,1,0,-1,1233,1233,0,0,-19
1787464426.539,U',0,1,-,119.0,64,1100,12,0,-2,1091,1090,-1,0,-1,674,673,-1,3,-8,3501,3501,0,2,-2,1250,1250,0,0,-1,1233,1233,0,0,-19
1787464426.674,U',0,1,-,119.0,1102,2119,-7,1,-3,1091,1090,-1,0,-1,674,673,-1,3,-8,3501,3501,0,2,-2,1249,1250,1,0,-1,1233,1233,0,0,-19
1787464426.814,U',0,1,-,119.0,2122,3132,-14,2,0,1091,1090,-1,0,-1,674,673,-1,3,-8,3501,3501,0,2,-2,1249,1250,1,0,-1,1233,1233,0,0,-19
1787464426.953,U',0,1,-,119.0,3134,61,-1,3,-3,1091,1090,-1,0,-1,674,673,-1,3,-8,3501,3501,0,2,-2,1250,1250,0,0,-1,1233,1233,0,0,-19
1787464427.091,U',0,1,-,119.0,63,1099,12,0,-3,1091,1090,-1,0,-1,674,673,-1,3,-8,3501,3501,0,2,-2,1249,1250,1,0,-1,1234,1233,-1,0,-19
1787464427.221,U',0,1,-,119.0,1102,2119,-7,1,-3,1091,1090,-1,0,-1,674,673,-1,3,-8,3501,3501,0,2,-2,1250,1250,0,0,-1,1233,1233,0,0,-19
1787464427.366,U',0,1,-,119.0,2122,3132,-14,2,0,1091,1091,0,0,0,674,673,-1,3,-8,3501,3501,0,2,-2,1249,1250,1,0,-1,1233,1233,0,0,-19
1787464427.503,U',0,1,-,119.0,3135,61,-2,3,-3,1091,1090,-1,0,-1,674,673,-1,3,-8,3501,3501,0,2,-2,1249,1250,1,0,-1,1233,1234,1,0,-18
1787464427.640,U',0,1,-,119.0,64,1100,12,0,-2,1091,1090,-1,0,-1,674,674,0,3,-7,3501,3501,0,2,-2,1249,1250,1,0,-1,1233,1233,0,0,-19
1787464427.777,U',0,1,-,119.0,1102,2119,-7,1,-3,1091,1090,-1,0,-1,674,674,0,3,-7,3501,3501,0,2,-2,1250,1250,0,0,-1,1234,1233,-1,0,-19
1787464427.915,U',0,1,-,119.0,2122,3132,-14,2,0,1091,1090,-1,0,-1,674,674,0,3,-7,3501,3501,0,2,-2,1249,1250,1,0,-1,1233,1233,0,0,-19
1787464428.052,U',0,1,-,119.0,3134,61,-1,3,-3,1091,1090,-1,0,-1,674,673,-1,3,-8,3501,3501,0,2,-2,1249,1250,1,0,-1,1233,1234,1,0,-18
1787464428.189,U',0,1,-,119.0,63,1100,13,0,-2,1091,1090,-1,0,-1,674,674,0,3,-7,3501,3501,0,2,-2,1250,1250,0,0,-1,1233,1234,1,0,-18
1787464428.328,U',0,1,-,119.0,1102,2119,-7,1,-3,1091,1090,-1,0,-1,674,673,-1,3,-8,3501,3501,0,2,-2,1249,1250,1,0,-1,1233,1233,0,0,-19
1787464428.466,U',0,1,-,119.0,2122,3132,-14,2,0,1091,1091,0,0,0,674,674,0,3,-7,3501,3501,0,2,-2,1249,1250,1,0,-1,1233,1233,0,0,-19
1787464428.603,U',0,1,-,119.0,3134,61,-1,3,-3,1091,1090,-1,0,-1,674,673,-1,3,-8,3501,3501,0,2,-2,1249,1250,1,0,-1,1233,1233,0,0,-19
1787464428.740,U',0,1,-,119.0,63,1100,13,0,-2,1091,1090,-1,0,-1,674,673,-1,3,-8,3501,3501,0,2,-2,1249,1250,1,0,-1,1234,1233,-1,0,-19
1787464428.875,U',0,1,-,119.0,1102,2119,-7,1,-3,1091,1090,-1,0,-1,674,673,-1,3,-8,3501,3501,0,2,-2,1250,1250,0,0,-1,1233,1233,0,0,-19
1787464429.014,U',0,1,-,119.0,2122,3132,-14,2,0,1091,1090,-1,0,-1,674,674,0,3,-7,3501,3501,0,2,-2,1250,1250,0,0,-1,1233,1233,0,0,-19
1787464429.151,U',0,1,-,119.0,3134,61,-1,3,-3,1091,1090,-1,0,-1,674,674,0,3,-7,3501,3501,0,2,-2,1249,1250,1,0,-1,1233,1233,0,0,-19
1787464429.288,U',0,1,-,119.0,63,1099,12,0,-3,1091,1090,-1,0,-1,674,674,0,3,-7,3501,3501,0,2,-2,1249,1250,1,0,-1,1233,1233,0,0,-19
1787464429.426,U',0,1,-,119.0,1102,2119,-7,1,-3,1091,1090,-1,0,-1,674,673,-1,3,-8,3501,3501,0,2,-2,1249,1250,1,0,-1,1234,1234,0,0,-18
1787464429.559,U',0,1,-,119.0,2122,3132,-14,2,0,1091,1090,-1,0,-1,674,673,-1,3,-8,3501,3501,0,2,-2,1249,1250,1,0,-1,1233,1233,0,0,-19
1787464429.703,U',0,1,-,119.0,3135,61,-2,3,-3,1091,1090,-1,0,-1,674,674,0,3,-7,3501,3501,0,2,-2,1249,1250,1,0,-1,1233,1233,0,0,-19
1787464429.841,U',0,1,-,119.0,63,1099,12,0,-3,1091,1090,-1,0,-1,674,673,-1,3,-8,3501,3501,0,2,-2,1250,1250,0,0,-1,1233,1233,0,0,-19
1787464429.974,U',0,1,-,119.0,1102,2119,-7,1,-3,1091,1090,-1,0,-1,674,673,-1,3,-8,3501,3501,0,2,-2,1249,1250,1,0,-1,1234,1233,-1,0,-19
1787464430.115,U',0,1,-,119.0,2122,3132,-14,2,0,1091,1090,-1,0,-1,674,673,-1,3,-8,3501,3501,0,2,-2,1249,1250,1,0,-1,1233,1233,0,0,-19
1787464430.252,U',0,1,-,119.0,3134,61,-1,3,-3,1091,1090,-1,0,-1,674,673,-1,3,-8,3501,3501,0,2,-2,1249,1250,1,0,-1,1233,1233,0,0,-19
1787464430.389,U',0,1,-,119.0,64,1100,12,0,-2,1091,1091,0,0,0,674,673,-1,3,-8,3501,3501,0,2,-2,1249,1250,1,0,-1,1233,1233,0,0,-19
1787464430.527,U',0,1,-,119.0,1102,2119,-7,1,-3,1091,1090,-1,0,-1,674,674,0,3,-7,3501,3501,0,2,-2,1249,1250,1,0,-1,1233,1234,1,0,-18
1787464430.664,U',0,1,-,119.0,2122,3132,-14,2,0,1091,1090,-1,0,-1,674,673,-1,3,-8,3501,3501,0,2,-2,1249,1250,1,0,-1,1233,1233,0,0,-19
1787464430.799,U',0,1,-,119.0,3134,61,-1,3,-3,1091,1090,-1,0,-1,674,673,-1,3,-8,3501,3501,0,2,-2,1249,1250,1,0,-1,1233,1233,0,0,-19
1787464430.938,U',0,1,-,119.0,63,1100,13,0,-2,1091,1090,-1,0,-1,674,673,-1,3,-8,3501,3501,0,2,-2,1249,1250,1,0,-1,1233,1233,0,0,-19
1787464431.074,U',0,1,-,119.0,1102,2119,-7,1,-3,1091,1090,-1,0,-1,674,674,0,3,-7,3501,3501,0,2,-2,1249,1250,1,0,-1,1233,1233,0,0,-19
1787464431.209,U',0,1,-,119.0,2122,3132,-14,2,0,1091,1090,-1,0,-1,674,673,-1,3,-8,3501,3501,0,2,-2,1249,1250,1,0,-1,1233,1233,0,0,-19
1787464431.349,U',0,1,-,119.0,3134,61,-1,3,-3,1091,1090,-1,0,-1,674,673,-1,3,-8,3501,3501,0,2,-2,1250,1250,0,0,-1,1233,1234,1,0,-18
1787464431.489,U',0,1,-,119.0,63,1099,12,0,-3,1091,1090,-1,0,-1,674,674,0,3,-7,3501,3501,0,2,-2,1249,1250,1,0,-1,1233,1233,0,0,-19
1787464431.622,U',0,1,-,119.0,1102,2119,-7,1,-3,1091,1090,-1,0,-1,674,673,-1,3,-8,3501,3501,0,2,-2,1250,1250,0,0,-1,1233,1233,0,0,-19
1787464431.764,U',0,1,-,119.0,2122,3132,-14,2,0,1091,1090,-1,0,-1,674,674,0,3,-7,3501,3501,0,2,-2,1249,1250,1,0,-1,1233,1233,0,0,-19
1787464431.898,U',0,1,-,119.0,3134,61,-1,3,-3,1091,1090,-1,0,-1,674,674,0,3,-7,3501,3501,0,2,-2,1249,1250,1,0,-1,1233,1233,0,0,-19
1787464432.039,U',0,1,-,119.0,64,1100,12,0,-2,1091,1090,-1,0,-1,674,674,0,3,-7,3501,3501,0,2,-2,1250,1250,0,0,-1,1233,1233,0,0,-19
1787464432.177,U',0,1,-,119.0,1102,2119,-7,1,-3,1091,1090,-1,0,-1,674,673,-1,3,-8,3501,3501,0,2,-2,1250,1250,0,0,-1,1233,1233,0,0,-19
1787464432.315,U',0,1,-,119.0,2122,3132,-14,2,0,1091,1090,-1,0,-1,674,673,-1,3,-8,3501,3501,0,2,-2,1249,1250,1,0,-1,1233,1233,0,0,-19
1787464432.453,U',0,1,-,119.0,3134,61,-1,3,-3,1091,1090,-1,0,-1,674,673,-1,3,-8,3501,3501,0,2,-2,1249,1250,1,0,-1,1233,1234,1,0,-18
1787464432.589,U',0,1,-,119.0,63,1099,12,0,-3,1091,1090,-1,0,-1,674,673,-1,3,-8,3501,3501,0,2,-2,1250,1250,0,0,-1,1234,1233,-1,0,-19
1787464432.726,U',0,1,-,119.0,1102,2119,-7,1,-3,1091,1090,-1,0,-1,674,673,-1,3,-8,3501,3501,0,2,-2,1249,1250,1,0,-1,1233,1233,0,0,-19
1787464432.863,U',0,1,-,119.0,2122,3132,-14,2,0,1091,1091,0,0,0,674,673,-1,3,-8,3501,3501,0,2,-2,1249,1250,1,0,-1,1233,1233,0,0,-19
1787464433.001,U',0,1,-,119.0,3134,61,-1,3,-3,1091,1090,-1,0,-1,674,674,0,3,-7,3501,3501,0,2,-2,1249,1250,1,0,-1,1233,1233,0,0,-19
1787464433.139,U',0,1,-,119.0,64,1100,12,0,-2,1091,1090,-1,0,-1,674,673,-1,3,-8,3501,3501,0,2,-2,1249,1250,1,0,-1,1233,1233,0,0,-19
1787464433.278,U',0,1,-,119.0,1102,2119,-7,1,-3,1091,1091,0,0,0,674,673,-1,3,-8,3501,3501,0,2,-2,1250,1250,0,0,-1,1234,1233,-1,0,-19
1787464433.414,U',0,1,-,119.0,2122,3132,-14,2,0,1091,1090,-1,0,-1,674,673,-1,3,-8,3501,3501,0,2,-2,1250,1250,0,0,-1,1233,1233,0,0,-19
1787464433.550,U',0,1,-,119.0,3134,61,-1,3,-3,1091,1090,-1,0,-1,674,673,-1,3,-8,3501,3501,0,2,-2,1249,1250,1,0,-1,1233,1233,0,0,-19
1787464433.689,U',0,1,-,119.0,63,1100,13,0,-2,1091,1090,-1,0,-1,674,674,0,3,-7,3501,3501,0,2,-2,1249,1250,1,0,-1,1233,1233,0,0,-19
1787464433.826,U',0,1,-,119.0,1102,2119,-7,1,-3,1091,1090,-1,0,-1,674,674,0,3,-7,3501,3501,0,2,-2,1249,1249,0,0,-2,1233,1233,0,0,-19
1787464433.964,U',0,1,-,119.0,2122,3132,-14,2,0,1091,1090,-1,0,-1,674,673,-1,3,-8,3501,3501,0,2,-2,1250,1249,-1,0,-2,1233,1233,0,0,-19
1787464434.100,U',0,1,-,119.0,3134,61,-1,3,-3,1091,1090,-1,0,-1,674,674,0,3,-7,3501,3501,0,2,-2,1249,1250,1,0,-1,1233,1233,0,0,-19
1787464434.238,U',0,1,-,119.0,63,1100,13,0,-2,1091,1090,-1,0,-1,674,674,0,3,-7,3501,3501,0,2,-2,1250,1250,0,0,-1,1233,1233,0,0,-19
1787464434.377,U',0,1,-,119.0,1102,2119,-7,1,-3,1091,1090,-1,0,-1,674,673,-1,3,-8,3501,3501,0,2,-2,1249,1250,1,0,-1,1233,1233,0,0,-19
1787464434.514,U',0,1,-,119.0,2122,3132,-14,2,0,1091,1090,-1,0,-1,674,673,-1,3,-8,3501,3501,0,2,-2,1250,1250,0,0,-1,1233,1234,1,0,-18
1787464434.648,U',0,1,-,119.0,3134,61,-1,3,-3,1091,1090,-1,0,-1,674,673,-1,3,-8,3501,3501,0,2,-2,1250,1250,0,0,-1,1233,1233,0,0,-19
1787464434.789,U',0,1,-,119.0,63,1099,12,0,-3,1091,1090,-1,0,-1,674,674,0,3,-7,3501,3501,0,2,-2,1250,1250,0,0,-1,1234,1233,-1,0,-19
1787464434.927,U',0,1,-,119.0,1101,2119,-6,1,-3,1091,1090,-1,0,-1,674,674,0,3,-7,3501,3501,0,2,-2,1250,1250,0,0,-1,1233,1233,0,0,-19
1787464435.064,U',0,1,-,119.0,2122,3132,-14,2,0,1091,1090,-1,0,-1,674,674,0,3,-7,3501,3501,0,2,-2,1250,1250,0,0,-1,1234,1233,-1,0,-19
1787464435.202,U',0,1,-,119.0,3135,61,-2,3,-3,1091,1090,-1,0,-1,674,673,-1,3,-8,3501,3501,0,2,-2,1249,1250,1,0,-1,1233,1234,1,0,-18
1787464435.338,U',0,1,-,119.0,63,1100,13,0,-2,1091,1090,-1,0,-1,674,674,0,3,-7,3501,3501,0,2,-2,1249,1250,1,0,-1,1233,1233,0,0,-19
1787464435.477,U',0,1,-,119.0,1102,2119,-7,1,-3,1091,1090,-1,0,-1,674,674,0,3,-7,3501,3501,0,2,-2,1249,1250,1,0,-1,1233,1233,0,0,-19
1787464435.614,U',0,1,-,119.0,2122,3132,-14,2,0,1091,1090,-1,0,-1,674,673,-1,3,-8,3501,3501,0,2,-2,1249,1250,1,0,-1,1233,1233,0,0,-19
1787464435.749,U',0,1,-,119.0,3134,61,-1,3,-3,1091,1090,-1,0,-1,674,673,-1,3,-8,3501,3501,0,2,-2,1250,1250,0,0,-1,1233,1233,0,0,-19
1787464435.889,U',0,1,-,119.0,63,1099,12,0,-3,1091,1090,-1,0,-1,674,674,0,3,-7,3501,3501,0,2,-2,1249,1250,1,0,-1,1233,1233,0,0,-19
1787464436.019,U',0,1,-,119.0,1102,2119,-7,1,-3,1091,1090,-1,0,-1,674,673,-1,3,-8,3501,3501,0,2,-2,1250,1250,0,0,-1,1233,1233,0,0,-19
1787464436.164,U',0,1,-,119.0,2122,3131,-15,2,-1,1091,1090,-1,0,-1,674,673,-1,3,-8,3501,3501,0,2,-2,1250,1250,0,0,-1,1233,1233,0,0,-19
1787464436.301,U',0,1,-,119.0,3134,61,-1,3,-3,1091,1091,0,0,0,674,674,0,3,-7,3501,3501,0,2,-2,1249,1250,1,0,-1,1233,1234,1,0,-18
1787464436.438,U',0,1,-,119.0,63,1100,13,0,-2,1091,1090,-1,0,-1,674,673,-1,3,-8,3501,3501,0,2,-2,1249,1250,1,0,-1,1233,1233,0,0,-19
1787464436.577,U',0,1,-,119.0,1102,2119,-7,1,-3,1091,1091,0,0,0,674,673,-1,3,-8,3501,3501,0,2,-2,1249,1250,1,0,-1,1233,1233,0,0,-19
1787464436.714,U',0,1,-,119.0,2122,3132,-14,2,0,1091,1090,-1,0,-1,674,673,-1,3,-8,3501,3501,0,2,-2,1250,1250,0,0,-1,1233,1233,0,0,-19
1787464436.851,U',0,1,-,119.0,3134,61,-1,3,-3,1091,1090,-1,0,-1,674,674,0,3,-7,3501,3501,0,2,-2,1250,1250,0,0,-1,1233,1233,0,0,-19
1787464436.988,U',0,1,-,119.0,63,1099,12,0,-3,1091,1090,-1,0,-1,674,673,-1,3,-8,3501,3501,0,2,-2,1249,1250,1,0,-1,1233,1233,0,0,-19
1787464437.124,U',0,1,-,119.0,1102,2119,-7,1,-3,1091,1090,-1,0,-1,674,674,0,3,-7,3501,3501,0,2,-2,1250,1250,0,0,-1,1234,1233,-1,0,-19
1787464437.259,U',0,1,-,119.0,2122,3132,-14,2,0,1091,1090,-1,0,-1,674,673,-1,3,-8,3501,3501,0,2,-2,1249,1250,1,0,-1,1233,1233,0,0,-19
1787464437.403,U',0,1,-,119.0,3134,61,-1,3,-3,1091,1090,-1,0,-1,674,673,-1,3,-8,3501,3501,0,2,-2,1250,1250,0,0,-1,1233,1233,0,0,-19
1787464437.540,U',0,1,-,119.0,63,1099,12,0,-3,1091,1090,-1,0,-1,674,674,0,3,-7,3501,3501,0,2,-2,1250,1250,0,0,-1,1233,1233,0,0,-19
1787464437.677,U',0,1,-,119.0,1102,2119,-7,1,-3,1091,1090,-1,0,-1,674,673,-1,3,-8,3501,3501,0,2,-2,1249,1250,1,0,-1,1233,1233,0,0,-19
1787464437.816,U',0,1,-,119.0,2122,3132,-14,2,0,1091,1090,-1,0,-1,674,674,0,3,-7,3501,3501,0,2,-2,1249,1250,1,0,-1,1233,1234,1,0,-18
1787464437.954,U',0,1,-,119.0,3134,61,-1,3,-3,1091,1090,-1,0,-1,674,674,0,3,-7,3501,3501,0,2,-2,1250,1250,0,0,-1,1233,1233,0,0,-19
1787464438.088,U',0,1,-,119.0,64,1100,12,0,-2,1091,1090,-1,0,-1,674,673,-1,3,-8,3501,3501,0,2,-2,1249,1250,1,0,-1,1233,1234,1,0,-18
1787464438.230,U',0,1,-,119.0,1102,2119,-7,1,-3,1091,1090,-1,0,-1,674,673,-1,3,-8,3501,3501,0,2,-2,1250,1250,0,0,-1,1233,1234,1,0,-18
1787464438.364,U',0,1,-,119.0,2122,3132,-14,2,0,1091,1090,-1,0,-1,674,673,-1,3,-8,3501,3501,0,2,-2,1250,1250,0,0,-1,1233,1234,1,0,-18
1787464438.502,U',0,1,-,119.0,3134,61,-1,3,-3,1091,1090,-1,0,-1,674,673,-1,3,-8,3501,3501,0,2,-2,1250,1250,0,0,-1,1233,1233,0,0,-19
1787464438.639,U',0,1,-,119.0,63,1099,12,0,-3,1091,1090,-1,0,-1,674,673,-1,3,-8,3501,3501,0,2,-2,1250,1250,0,0,-1,1233,1233,0,0,-19
1787464438.776,U',0,1,-,119.0,1101,2120,-5,1,-2,1091,1090,-1,0,-1,674,673,-1,3,-8,3501,3501,0,2,-2,1250,1250,0,0,-1,1233,1233,0,0,-19
1787464438.914,U',0,1,-,119.0,2122,3132,-14,2,0,1091,1090,-1,0,-1,674,673,-1,3,-8,3501,3501,0,2,-2,1249,1250,1,0,-1,1233,1233,0,0,-19
1787464439.052,U',0,1,-,119.0,3134,61,-1,3,-3,1091,1090,-1,0,-1,674,674,0,3,-7,3501,3501,0,2,-2,1249,1250,1,0,-1,1233,1234,1,0,-18
1787464439.191,U',0,1,-,119.0,63,1100,13,0,-2,1091,1090,-1,0,-1,674,673,-1,3,-8,3501,3501,0,2,-2,1249,1250,1,0,-1,1233,1233,0,0,-19
1787464439.326,U',0,1,-,119.0,1102,2119,-7,1,-3,1091,1090,-1,0,-1,674,673,-1,3,-8,3501,3501,0,2,-2,1250,1250,0,0,-1,1233,1233,0,0,-19
1787464439.458,U',0,1,-,119.0,2122,3132,-14,2,0,1091,1090,-1,0,-1,674,673,-1,3,-8,3501,3501,0,2,-2,1249,1250,1,0,-1,1233,1233,0,0,-19
1787464439.603,U',0,1,-,119.0,3134,61,-1,3,-3,1091,1090,-1,0,-1,674,673,-1,3,-8,3501,3501,0,2,-2,1250,1250,0,0,-1,1233,1233,0,0,-19
1787464439.740,U',0,1,-,119.0,63,1099,12,0,-3,1091,1090,-1,0,-1,674,673,-1,3,-8,3501,3501,0,2,-2,1249,1250,1,0,-1,1233,1233,0,0,-19
1787464439.878,U',0,1,-,119.0,1102,2120,-6,1,-2,1091,1090,-1,0,-1,674,674,0,3,-7,3501,3501,0,2,-2,1249,1250,1,0,-1,1233,1233,0,0,-19
1787464440.014,U',0,1,-,119.0,2122,3131,-15,2,-1,1091,1090,-1,0,-1,674,673,-1,3,-8,3501,3501,0,2,-2,1249,1250,1,0,-1,1233,1233,0,0,-19
1787464440.150,U',0,1,-,119.0,3134,61,-1,3,-3,1091,1090,-1,0,-1,674,673,-1,3,-8,3502,3501,-1,2,-2,1249,1250,1,0,-1,1233,1233,0,0,-19
1787464440.289,U',0,1,-,119.0,64,1100,12,0,-2,1091,1091,0,0,0,674,673,-1,3,-8,3501,3501,0,2,-2,1250,1250,0,0,-1,1233,1233,0,0,-19
1787464440.428,U',0,1,-,119.0,1102,2119,-7,1,-3,1091,1090,-1,0,-1,674,673,-1,3,-8,3501,3501,0,2,-2,1249,1250,1,0,-1,1233,1233,0,0,-19
1787464440.564,U',0,1,-,119.0,2122,3132,-14,2,0,1091,1090,-1,0,-1,674,674,0,3,-7,3501,3501,0,2,-2,1249,1250,1,0,-1,1233,1233,0,0,-19
1787464440.700,U',0,1,-,119.0,3134,61,-1,3,-3,1091,1090,-1,0,-1,674,674,0,3,-7,3501,3501,0,2,-2,1249,1249,0,0,-2,1233,1233,0,0,-19
1787464440.839,U',0,1,-,119.0,64,1100,12,0,-2,1091,1090,-1,0,-1,674,673,-1,3,-8,3501,3501,0,2,-2,1249,1250,1,0,-1,1233,1233,0,0,-19
1787464440.976,U',0,1,-,119.0,1102,2119,-7,1,-3,1091,1090,-1,0,-1,674,673,-1,3,-8,3502,3501,-1,2,-2,1249,1250,1,0,-1,1233,1233,0,0,-19
1787464441.114,U',0,1,-,119.0,2121,3132,-13,2,0,1091,1090,-1,0,-1,674,673,-1,3,-8,3501,3501,0,2,-2,1249,1251,2,0,0,1234,1233,-1,0,-19
1787464441.252,U',0,1,-,119.0,3134,61,-1,3,-3,1091,1090,-1,0,-1,674,674,0,3,-7,3501,3501,0,2,-2,1250,1250,0,0,-1,1233,1233,0,0,-19
1787464441.391,U',0,1,-,119.0,64,1099,11,0,-3,1091,1090,-1,0,-1,674,674,0,3,-7,3501,3501,0,2,-2,1250,1250,0,0,-1,1233,1233,0,0,-19
1787464441.528,U',0,1,-,119.0,1102,2119,-7,1,-3,1091,1090,-1,0,-1,674,673,-1,3,-8,3501,3501,0,2,-2,1250,1250,0,0,-1,1233,1233,0,0,-19
1787464441.664,U',0,1,-,119.0,2122,3132,-14,2,0,1091,1090,-1,0,-1,674,673,-1,3,-8,3501,3501,0,2,-2,1250,1250,0,0,-1,1233,1233,0,0,-19
1787464441.802,U',0,1,-,119.0,3134,61,-1,3,-3,1091,1090,-1,0,-1,674,674,0,3,-7,3501,3501,0,2,-2,1250,1250,0,0,-1,1233,1234,1,0,-18
1787464441.939,U',0,1,-,119.0,63,1099,12,0,-3,1091,1090,-1,0,-1,674,674,0,3,-7,3501,3501,0,2,-2,1250,1250,0,0,-1,1233,1233,0,0,-19
1787464442.073,U',0,1,-,119.0,1102,2119,-7,1,-3,1091,1090,-1,0,-1,674,674,0,3,-7,3501,3501,0,2,-2,1249,1250,1,0,-1,1233,1233,0,0,-19
1787464442.214,U',0,1,-,119.0,2122,3132,-14,2,0,1091,1090,-1,0,-1,674,673,-1,3,-8,3501,3501,0,2,-2,1249,1250,1,0,-1,1233,1233,0,0,-19
1787464442.348,U',0,1,-,119.0,3135,61,-2,3,-3,1091,1090,-1,0,-1,674,673,-1,3,-8,3501,3501,0,2,-2,1249,1250,1,0,-1,1233,1234,1,0,-18
1787464442.489,U',0,1,-,119.0,63,1100,13,0,-2,1091,1090,-1,0,-1,674,673,-1,3,-8,3501,3501,0,2,-2,1250,1250,0,0,-1,1233,1233,0,0,-19
1787464442.628,U',0,1,-,119.0,1102,2119,-7,1,-3,1091,1091,0,0,0,674,674,0,3,-7,3501,3501,0,2,-2,1249,1250,1,0,-1,1233,1233,0,0,-19
1787464442.764,U',0,1,-,119.0,2122,3132,-14,2,0,1091,1090,-1,0,-1,674,674,0,3,-7,3501,3501,0,2,-2,1249,1250,1,0,-1,1233,1233,0,0,-19
1787464442.902,U',0,1,-,119.0,3134,61,-1,3,-3,1091,1090,-1,0,-1,674,673,-1,3,-8,3501,3501,0,2,-2,1249,1250,1,0,-1,1233,1233,0,0,-19
1787464443.041,U',0,1,-,119.0,63,1100,13,0,-2,1091,1090,-1,0,-1,674,673,-1,3,-8,3501,3501,0,2,-2,1249,1250,1,0,-1,1234,1233,-1,0,-19
1787464443.178,U',0,1,-,119.0,1102,2119,-7,1,-3,1091,1090,-1,0,-1,674,673,-1,3,-8,3501,3501,0,2,-2,1249,1250,1,0,-1,1233,1233,0,0,-19
1787464443.316,U',0,1,-,119.0,2122,3132,-14,2,0,1091,1090,-1,0,-1,674,674,0,3,-7,3501,3501,0,2,-2,1249,1250,1,0,-1,1233,1233,0,0,-19
1787464443.451,U',0,1,-,119.0,3134,61,-1,3,-3,1091,1090,-1,0,-1,674,674,0,3,-7,3501,3501,0,2,-2,1249,1250,1,0,-1,1233,1233,0,0,-19
1787464443.588,U',0,1,-,119.0,63,1100,13,0,-2,1091,1091,0,0,0,674,673,-1,3,-8,3501,3501,0,2,-2,1249,1250,1,0,-1,1233,1233,0,0,-19
1787464443.728,U',0,1,-,119.0,1102,2119,-7,1,-3,1091,1090,-1,0,-1,674,673,-1,3,-8,3501,3501,0,2,-2,1250,1250,0,0,-1,1233,1234,1,0,-18
1787464443.864,U',0,1,-,119.0,2122,3132,-14,2,0,1091,1090,-1,0,-1,674,674,0,3,-7,3501,3501,0,2,-2,1249,1250,1,0,-1,1233,1233,0,0,-19
1787464443.999,U',0,1,-,119.0,3134,61,-1,3,-3,1091,1090,-1,0,-1,674,674,0,3,-7,3501,3501,0,2,-2,1250,1250,0,0,-1,1233,1233,0,0,-19
1787464444.139,U',0,1,-,119.0,63,1100,13,0,-2,1091,1090,-1,0,-1,674,673,-1,3,-8,3501,3501,0,2,-2,1249,1250,1,0,-1,1233,1233,0,0,-19
1787464444.276,U',0,1,-,119.0,1102,2119,-7,1,-3,1091,1091,0,0,0,674,673,-1,3,-8,3501,3501,0,2,-2,1249,1250,1,0,-1,1233,1233,0,0,-19
1787464444.413,U',0,1,-,119.0,2122,3133,-13,2,1,1091,1090,-1,0,-1,674,674,0,3,-7,3501,3501,0,2,-2,1250,1250,0,0,-1,1233,1233,0,0,-19
1787464444.552,U',0,1,-,119.0,3135,61,-2,3,-3,1091,1090,-1,0,-1,674,673,-1,3,-8,3501,3501,0,2,-2,1249,1250,1,0,-1,1233,1233,0,0,-19
1787464444.688,U',0,1,-,119.0,63,1100,13,0,-2,1091,1091,0,0,0,674,673,-1,3,-8,3501,3501,0,2,-2,1249,1250,1,0,-1,1234,1233,-1,0,-19
1787464444.825,U',0,1,-,119.0,1102,2119,-7,1,-3,1091,1090,-1,0,-1,674,674,0,3,-7,3501,3501,0,2,-2,1249,1250,1,0,-1,1233,1233,0,0,-19
1787464444.962,U',0,1,-,119.0,2122,3132,-14,2,0,1091,1090,-1,0,-1,674,673,-1,3,-8,3501,3501,0,2,-2,1249,1250,1,0,-1,1233,1233,0,0,-19
1787464445.101,U',0,1,-,119.0,3134,61,-1,3,-3,1091,1090,-1,0,-1,674,673,-1,3,-8,3501,3501,0,2,-2,1250,1250,0,0,-1,1233,1233,0,0,-19
1787464445.238,U',0,1,-,119.0,64,1100,12,0,-2,1091,1090,-1,0,-1,674,673,-1,3,-8,3501,3501,0,2,-2,1249,1250,1,0,-1,1233,1233,0,0,-19
1787464445.377,U',0,1,-,119.0,1102,2119,-7,1,-3,1091,1090,-1,0,-1,674,673,-1,3,-8,3501,3501,0,2,-2,1249,1250,1,0,-1,1233,1233,0,0,-19
1787464445.514,U',0,1,-,119.0,2122,3132,-14,2,0,1091,1090,-1,0,-1,674,674,0,3,-7,3501,3501,0,2,-2,1250,1250,0,0,-1,1233,1233,0,0,-19
1787464445.794,U2,0,1,-,219.0,3135,1099,12,0,-3,1091,1091,0,0,0,674,674,0,3,-7,3501,3501,0,2,-2,1249,1250,1,0,-1,1233,1233,0,0,-19
1787464446.033,U2,0,1,-,219.0,1103,3131,-20,2,-1,1091,1091,0,0,0,674,673,-1,3,-8,3501,3501,0,2,-2,1250,1250,0,0,-1,1233,1233,0,0,-19
1787464446.271,U2,0,1,-,219.0,3135,1098,11,0,-4,1091,1090,-1,0,-1,674,673,-1,3,-8,3501,3501,0,2,-2,1249,1250,1,0,-1,1233,1234,1,0,-18
1787464446.509,U2,0,1,-,219.0,1102,3132,-18,2,0,1091,1090,-1,0,-1,674,673,-1,3,-8,3501,3501,0,2,-2,1249,1250,1,0,-1,1233,1233,0,0,-19
1787464446.747,U2,0,1,-,219.0,3135,1099,12,0,-3,1091,1090,-1,0,-1,674,673,-1,3,-8,3501,3501,0,2,-2,1249,1250,1,0,-1,1233,1233,0,0,-19
1787464446.981,U2,0,1,-,219.0,1103,3132,-19,2,0,1091,1091,0,0,0,674,673,-1,3,-8,3501,3501,0,2,-2,1249,1250,1,0,-1,1233,1234,1,0,-18
1787464447.221,U2,0,1,-,219.0,3135,1098,11,0,-4,1091,1090,-1,0,-1,674,673,-1,3,-8,3501,3501,0,2,-2,1249,1250,1,0,-1,1233,1234,1,0,-18
1787464447.458,U2,0,1,-,219.0,1103,3131,-20,2,-1,1091,1090,-1,0,-1,674,673,-1,3,-8,3501,3501,0,2,-2,1249,1250,1,0,-1,1233,1233,0,0,-19
1787464447.689,U2,0,1,-,219.0,3136,1099,11,0,-3,1091,1090,-1,0,-1,674,673,-1,3,-8,3501,3501,0,2,-2,1249,1250,1,0,-1,1233,1233,0,0,-19
1787464447.928,U2,0,1,-,219.0,1103,3131,-20,2,-1,1091,1090,-1,0,-1,674,673,-1,3,-8,3501,3501,0,2,-2,1250,1250,0,0,-1,1234,1233,-1,0,-19
1787464448.173,U2,0,1,-,219.0,3135,1099,12,0,-3,1091,1090,-1,0,-1,674,673,-1,3,-8,3501,3501,0,2,-2,1249,1249,0,0,-2,1233,1233,0,0,-19
1787464448.408,U2,0,1,-,219.0,1103,3131,-20,2,-1,1091,1090,-1,0,-1,674,673,-1,3,-8,3501,3501,0,2,-2,1249,1250,1,0,-1,1233,1233,0,0,-19
1787464448.647,U2,0,1,-,219.0,3135,1099,12,0,-3,1091,1090,-1,0,-1,674,673,-1,3,-8,3501,3501,0,2,-2,1249,1250,1,0,-1,1233,1233,0,0,-19
1787464448.885,U2,0,1,-,219.0,1103,3131,-20,2,-1,1091,1090,-1,0,-1,674,674,0,3,-7,3501,3501,0,2,-2,1250,1250,0,0,-1,1233,1233,0,0,-19
1787464449.120,U2,0,1,-,219.0,3135,1099,12,0,-3,1091,1090,-1,0,-1,674,673,-1,3,-8,3501,3501,0,2,-2,1249,1250,1,0,-1,1233,1233,0,0,-19
1787464449.359,U2,0,1,-,219.0,1102,3131,-19,2,-1,1091,1090,-1,0,-1,674,673,-1,3,-8,3501,3501,0,2,-2,1250,1250,0,0,-1,1234,1233,-1,0,-19
1787464449.596,U2,0,1,-,219.0,3135,1099,12,0,-3,1091,1090,-1,0,-1,674,673,-1,3,-8,3501,3501,0,2,-2,1249,1250,1,0,-1,1233,1233,0,0,-19
1787464449.835,U2,0,1,-,219.0,1103,3132,-19,2,0,1091,1091,0,0,0,674,674,0,3,-7,3501,3501,0,2,-2,1249,1250,1,0,-1,1234,1233,-1,0,-19
1787464450.069,U2,0,1,-,219.0,3135,1099,12,0,-3,1091,1090,-1,0,-1,674,673,-1,3,-8,3501,3501,0,2,-2,1250,1250,0,0,-1,1233,1234,1,0,-18
1787464450.310,U2,0,1,-,219.0,1102,3131,-19,2,-1,1091,1090,-1,0,-1,674,673,-1,3,-8,3501,3501,0,2,-2,1249,1250,1,0,-1,1234,1233,-1,0,-19
1787464450.546,U2,0,1,-,219.0,3135,1099,12,0,-3,1091,1090,-1,0,-1,674,673,-1,3,-8,3501,3501,0,2,-2,1250,1250,0,0,-1,1234,1233,-1,0,-19
1787464450.778,U2,0,1,-,219.0,1102,3131,-19,2,-1,1091,1090,-1,0,-1,674,674,0,3,-7,3501,3501,0,2,-2,1250,1250,0,0,-1,1233,1233,0,0,-19
1787464451.021,U2,0,1,-,219.0,3136,1099,11,0,-3,1091,1091,0,0,0,674,674,0,3,-7,3501,3501,0,2,-2,1249,1250,1,0,-1,1233,1233,0,0,-19
1787464451.258,U2,0,1,-,219.0,1103,3131,-20,2,-1,1091,1090,-1,0,-1,674,673,-1,3,-8,3501,3501,0,2,-2,1250,1250,0,0,-1,1233,1233,0,0,-19
1787464451.496,U2,0,1,-,219.0,3136,1098,10,0,-4,1091,1090,-1,0,-1,674,673,-1,3,-8,3501,3501,0,2,-2,1250,1250,0,0,-1,1233,1233,0,0,-19
1787464451.729,U2,0,1,-,219.0,1103,3131,-20,2,-1,1091,1090,-1,0,-1,674,673,-1,3,-8,3501,3501,0,2,-2,1249,1250,1,0,-1,1233,1233,0,0,-19
1787464451.971,U2,0,1,-,219.0,3135,1099,12,0,-3,1091,1090,-1,0,-1,674,673,-1,3,-8,3501,3501,0,2,-2,1249,1250,1,0,-1,1233,1233,0,0,-19
1787464452.209,U2,0,1,-,219.0,1103,3131,-20,2,-1,1091,1090,-1,0,-1,674,673,-1,3,-8,3501,3501,0,2,-2,1249,1250,1,0,-1,1233,1233,0,0,-19
1787464452.446,U2,0,1,-,219.0,3135,1099,12,0,-3,1091,1090,-1,0,-1,674,673,-1,3,-8,3501,3501,0,2,-2,1249,1250,1,0,-1,1233,1234,1,0,-18
1787464452.685,U2,0,1,-,219.0,1103,3131,-20,2,-1,1091,1091,0,0,0,674,673,-1,3,-8,3501,3501,0,2,-2,1250,1250,0,0,-1,1233,1233,0,0,-19
1787464452.920,U2,0,1,-,219.0,3136,1099,11,0,-3,1091,1091,0,0,0,674,674,0,3,-7,3501,3501,0,2,-2,1250,1250,0,0,-1,1233,1233,0,0,-19
1787464453.158,U2,0,1,-,219.0,1102,3131,-19,2,-1,1091,1090,-1,0,-1,674,673,-1,3,-8,3501,3501,0,2,-2,1249,1250,1,0,-1,1234,1233,-1,0,-19
1787464453.395,U2,0,1,-,219.0,3135,1098,11,0,-4,1091,1090,-1,0,-1,674,673,-1,3,-8,3501,3501,0,2,-2,1249,1250,1,0,-1,1234,1233,-1,0,-19
1787464453.633,U2,0,1,-,219.0,1103,3131,-20,2,-1,1091,1090,-1,0,-1,674,673,-1,3,-8,3501,3501,0,2,-2,1250,1250,0,0,-1,1234,1233,-1,0,-19
1787464453.870,U2,0,1,-,219.0,3135,1099,12,0,-3,1091,1090,-1,0,-1,674,674,0,3,-7,3501,3501,0,2,-2,1250,1250,0,0,-1,1233,1233,0,0,-19
1787464454.108,U2,0,1,-,219.0,1102,3131,-19,2,-1,1091,1090,-1,0,-1,674,674,0,3,-7,3501,3501,0,2,-2,1249,1250,1,0,-1,1233,1234,1,0,-18
1787464454.345,U2,0,1,-,219.0,3135,1099,12,0,-3,1091,1090,-1,0,-1,674,673,-1,3,-8,3501,3501,0,2,-2,1249,1250,1,0,-1,1234,1233,-1,0,-19
1787464454.583,U2,0,1,-,219.0,1103,3131,-20,2,-1,1091,1091,0,0,0,674,673,-1,3,-8,3501,3501,0,2,-2,1249,1250,1,0,-1,1234,1233,-1,0,-19
1787464454.821,U2,0,1,-,219.0,3135,1098,11,0,-4,1091,1090,-1,0,-1,674,674,0,3,-7,3501,3501,0,2,-2,1249,1250,1,0,-1,1233,1234,1,0,-18
1787464455.057,U2,0,1,-,219.0,1103,3131,-20,2,-1,1091,1090,-1,0,-1,674,673,-1,3,-8,3501,3501,0,2,-2,1249,1250,1,0,-1,1233,1233,0,0,-19
1787464455.295,U2,0,1,-,219.0,3135,1098,11,0,-4,1091,1090,-1,0,-1,674,673,-1,3,-8,3501,3501,0,2,-2,1250,1250,0,0,-1,1233,1234,1,0,-18
1787464455.533,U2,0,1,-,219.0,1102,3132,-18,2,0,1091,1090,-1,0,-1,674,673,-1,3,-8,3501,3501,0,2,-2,1250,1250,0,0,-1,1233,1233,0,0,-19
1787464455.771,U2,0,1,-,219.0,3135,1099,12,0,-3,1091,1090,-1,0,-1,674,673,-1,3,-8,3501,3501,0,2,-2,1249,1250,1,0,-1,1233,1233,0,0,-19
1787464456.007,U2,0,1,-,219.0,1103,3131,-20,2,-1,1091,1090,-1,0,-1,674,673,-1,3,-8,3501,3501,0,2,-2,1249,1250,1,0,-1,1234,1233,-1,0,-19
1787464456.246,U2,0,1,-,219.0,3135,1099,12,0,-3,1091,1090,-1,0,-1,674,673,-1,3,-8,3501,3501,0,2,-2,1249,1250,1,0,-1,1233,1234,1,0,-18
1787464456.483,U2,0,1,-,219.0,1102,3131,-19,2,-1,1091,1090,-1,0,-1,674,673,-1,3,-8,3501,3501,0,2,-2,1249,1250,1,0,-1,1233,1233,0,0,-19
1787464456.721,U2,0,1,-,219.0,3135,1099,12,0,-3,1091,1090,-1,0,-1,674,674,0,3,-7,3501,3501,0,2,-2,1249,1250,1,0,-1,1233,1233,0,0,-19
1787464456.958,U2,0,1,-,219.0,1103,3131,-20,2,-1,1091,1090,-1,0,-1,674,673,-1,3,-8,3501,3501,0,2,-2,1250,1250,0,0,-1,1233,1234,1,0,-18
1787464457.197,U2,0,1,-,219.0,3135,1099,12,0,-3,1091,1090,-1,0,-1,674,673,-1,3,-8,3501,3501,0,2,-2,1249,1250,1,0,-1,1233,1233,0,0,-19
1787464457.433,U2,0,1,-,219.0,1103,3131,-20,2,-1,1091,1090,-1,0,-1,674,674,0,3,-7,3501,3501,0,2,-2,1250,1250,0,0,-1,1233,1233,0,0,-19
1787464457.672,U2,0,1,-,219.0,3135,1099,12,0,-3,1091,1090,-1,0,-1,674,674,0,3,-7,3501,3501,0,2,-2,1249,1250,1,0,-1,1233,1233,0,0,-19
1787464457.907,U2,0,1,-,219.0,1103,3132,-19,2,0,1091,1090,-1,0,-1,674,674,0,3,-7,3501,3501,0,2,-2,1249,1250,1,0,-1,1233,1233,0,0,-19
1787464458.145,U2,0,1,-,219.0,3135,1099,12,0,-3,1091,1090,-1,0,-1,674,673,-1,3,-8,3501,3501,0,2,-2,1249,1250,1,0,-1,1233,1233,0,0,-19
1787464458.385,U2,0,1,-,219.0,1103,3131,-20,2,-1,1091,1090,-1,0,-1,674,673,-1,3,-8,3501,3501,0,2,-2,1249,1250,1,0,-1,1233,1234,1,0,-18
1787464458.621,U2,0,1,-,219.0,3135,1099,12,0,-3,1091,1090,-1,0,-1,674,674,0,3,-7,3501,3501,0,2,-2,1249,1250,1,0,-1,1233,1233,0,0,-19
1787464458.857,U2,0,1,-,219.0,1102,3131,-19,2,-1,1091,1090,-1,0,-1,674,673,-1,3,-8,3501,3501,0,2,-2,1250,1250,0,0,-1,1233,1233,0,0,-19
1787464459.095,U2,0,1,-,219.0,3135,1098,11,0,-4,1091,1090,-1,0,-1,674,673,-1,3,-8,3501,3501,0,2,-2,1250,1250,0,0,-1,1233,1233,0,0,-19
1787464459.333,U2,0,1,-,219.0,1102,3131,-19,2,-1,1091,1090,-1,0,-1,674,673,-1,3,-8,3501,3501,0,2,-2,1249,1250,1,0,-1,1233,1233,0,0,-19
1787464459.572,U2,0,1,-,219.0,3135,1099,12,0,-3,1091,1090,-1,0,-1,674,673,-1,3,-8,3501,3501,0,2,-2,1249,1250,1,0,-1,1233,1233,0,0,-19
1787464459.809,U2,0,1,-,219.0,1103,3131,-20,2,-1,1091,1090,-1,0,-1,674,673,-1,3,-8,3501,3501,0,2,-2,1250,1250,0,0,-1,1233,1233,0,0,-19
1787464460.046,U2,0,1,-,219.0,3135,1098,11,0,-4,1091,1090,-1,0,-1,674,673,-1,3,-8,3501,3501,0,2,-2,1250,1250,0,0,-1,1234,1233,-1,0,-19
1787464460.284,U2,0,1,-,219.0,1103,3131,-20,2,-1,1091,1091,0,0,0,674,673,-1,3,-8,3501,3501,0,2,-2,1249,1250,1,0,-1,1233,1234,1,0,-18
1787464460.520,U2,0,1,-,219.0,3135,1099,12,0,-3,1091,1090,-1,0,-1,674,674,0,3,-7,3501,3501,0,2,-2,1250,1250,0,0,-1,1233,1233,0,0,-19
1787464460.760,U2,0,1,-,219.0,1102,3131,-19,2,-1,1091,1090,-1,0,-1,674,673,-1,3,-8,3501,3501,0,2,-2,1249,1250,1,0,-1,1233,1233,0,0,-19
1787464460.996,U2,0,1,-,219.0,3135,1098,11,0,-4,1091,1090,-1,0,-1,674,673,-1,3,-8,3501,3501,0,2,-2,1249,1250,1,0,-1,1233,1233,0,0,-19
1787464461.232,U2,0,1,-,219.0,1103,3131,-20,2,-1,1091,1090,-1,0,-1,674,674,0,3,-7,3501,3501,0,2,-2,1249,1250,1,0,-1,1233,1233,0,0,-19
1787464461.472,U2,0,1,-,219.0,3135,1099,12,0,-3,1091,1090,-1,0,-1,674,673,-1,3,-8,3501,3501,0,2,-2,1249,1250,1,0,-1,1233,1233,0,0,-19
1787464461.709,U2,0,1,-,219.0,1102,3131,-19,2,-1,1091,1090,-1,0,-1,674,674,0,3,-7,3501,3501,0,2,-2,1249,1250,1,0,-1,1233,1233,0,0,-19
1787464461.946,U2,0,1,-,219.0,3136,1099,11,0,-3,1091,1090,-1,0,-1,674,673,-1,3,-8,3501,3501,0,2,-2,1250,1250,0,0,-1,1234,1233,-1,0,-19
1787464462.183,U2,0,1,-,219.0,1103,3131,-20,2,-1,1091,1090,-1,0,-1,674,674,0,3,-7,3501,3501,0,2,-2,1249,1250,1,0,-1,1234,1233,-1,0,-19
1787464462.420,U2,0,1,-,219.0,3135,1099,12,0,-3,1091,1090,-1,0,-1,674,673,-1,3,-8,3501,3501,0,2,-2,1250,1250,0,0,-1,1233,1234,1,0,-18
1787464462.660,U2,0,1,-,219.0,1103,3131,-20,2,-1,1091,1090,-1,0,-1,674,673,-1,3,-8,3501,3501,0,2,-2,1249,1250,1,0,-1,1233,1233,0,0,-19
1787464462.895,U2,0,1,-,219.0,3135,1099,12,0,-3,1091,1091,0,0,0,674,673,-1,3,-8,3501,3501,0,2,-2,1249,1250,1,0,-1,1234,1233,-1,0,-19
1787464463.132,U2,0,1,-,219.0,1103,3131,-20,2,-1,1091,1090,-1,0,-1,674,673,-1,3,-8,3501,3501,0,2,-2,1249,1250,1,0,-1,1233,1233,0,0,-19
1787464463.370,U2,0,1,-,219.0,3135,1099,12,0,-3,1091,1090,-1,0,-1,674,673,-1,3,-8,3501,3501,0,2,-2,1250,1250,0,0,-1,1234,1234,0,0,-18
1787464463.609,U2,0,1,-,219.0,1103,3131,-20,2,-1,1091,1090,-1,0,-1,674,673,-1,3,-8,3501,3501,0,2,-2,1249,1250,1,0,-1,1233,1233,0,0,-19
1787464463.845,U2,0,1,-,219.0,3135,1099,12,0,-3,1091,1090,-1,0,-1,674,673,-1,3,-8,3501,3501,0,2,-2,1249,1250,1,0,-1,1233,1233,0,0,-19
1787464464.082,U2,0,1,-,219.0,1102,3131,-19,2,-1,1091,1091,0,0,0,674,674,0,3,-7,3501,3501,0,2,-2,1250,1250,0,0,-1,1234,1233,-1,0,-19
1787464464.320,U2,0,1,-,219.0,3135,1098,11,0,-4,1091,1090,-1,0,-1,674,673,-1,3,-8,3501,3501,0,2,-2,1249,1249,0,0,-2,1233,1233,0,0,-19
1787464464.558,U2,0,1,-,219.0,1103,3131,-20,2,-1,1091,1090,-1,0,-1,674,673,-1,3,-8,3501,3501,0,2,-2,1249,1250,1,0,-1,1233,1234,1,0,-18
1787464464.795,U2,0,1,-,219.0,3135,1099,12,0,-3,1091,1090,-1,0,-1,674,673,-1,3,-8,3501,3501,0,2,-2,1249,1250,1,0,-1,1233,1233,0,0,-19
1787464465.032,U2,0,1,-,219.0,1103,3131,-20,2,-1,1091,1091,0,0,0,674,673,-1,3,-8,3501,3501,0,2,-2,1249,1250,1,0,-1,1234,1233,-1,0,-19
1787464465.271,U2,0,1,-,219.0,3135,1099,12,0,-3,1091,1090,-1,0,-1,674,673,-1,3,-8,3501,3501,0,2,-2,1249,1250,1,0,-1,1233,1233,0,0,-19
1787464465.509,U2,0,1,-,219.0,1102,3132,-18,2,0,1091,1090,-1,0,-1,674,673,-1,3,-8,3501,3501,0,2,-2,1249,1250,1,0,-1,1233,1233,0,0,-19
1787464465.745,U2,0,1,-,219.0,3135,1099,12,0,-3,1091,1090,-1,0,-1,674,673,-1,3,-8,3501,3501,0,2,-2,1249,1250,1,0,-1,1233,1234,1,0,-18
1787464465.983,U2,0,1,-,219.0,1102,3131,-19,2,-1,1091,1090,-1,0,-1,674,673,-1,3,-8,3501,3501,0,2,-2,1249,1250,1,0,-1,1233,1233,0,0,-19
1787464466.220,U2,0,1,-,219.0,3135,1099,12,0,-3,1091,1090,-1,0,-1,674,673,-1,3,-8,3501,3501,0,2,-2,1250,1250,0,0,-1,1233,1234,1,0,-18
1787464466.459,U2,0,1,-,219.0,1103,3131,-20,2,-1,1091,1091,0,0,0,674,673,-1,3,-8,3501,3501,0,2,-2,1250,1250,0,0,-1,1233,1233,0,0,-19
1787464466.695,U2,0,1,-,219.0,3135,1099,12,0,-3,1091,1090,-1,0,-1,674,673,-1,3,-8,3501,3501,0,2,-2,1250,1250,0,0,-1,1233,1233,0,0,-19
1787464466.933,U2,0,1,-,219.0,1102,3131,-19,2,-1,1091,1090,-1,0,-1,674,673,-1,3,-8,3501,3501,0,2,-2,1249,1250,1,0,-1,1233,1233,0,0,-19
1787464467.171,U2,0,1,-,219.0,3135,1099,12,0,-3,1091,1090,-1,0,-1,674,674,0,3,-7,3501,3501,0,2,-2,1249,1250,1,0,-1,1233,1233,0,0,-19
1787464467.407,U2,0,1,-,219.0,1103,3132,-19,2,0,1091,1090,-1,0,-1,674,673,-1,3,-8,3501,3501,0,2,-2,1249,1250,1,0,-1,1233,1233,0,0,-19
1787464467.646,U2,0,1,-,219.0,3135,1099,12,0,-3,1091,1090,-1,0,-1,674,674,0,3,-7,3501,3501,0,2,-2,1250,1250,0,0,-1,1234,1233,-1,0,-19
1787464467.882,U2,0,1,-,219.0,1102,3131,-19,2,-1,1091,1090,-1,0,-1,674,673,-1,3,-8,3501,3501,0,2,-2,1249,1250,1,0,-1,1233,1234,1,0,-18
1787464468.120,U2,0,1,-,219.0,3135,1099,12,0,-3,1091,1090,-1,0,-1,674,673,-1,3,-8,3501,3501,0,2,-2,1249,1250,1,0,-1,1233,1233,0,0,-19
1787464468.359,U2,0,1,-,219.0,1103,3131,-20,2,-1,1091,1090,-1,0,-1,674,673,-1,3,-8,3501,3501,0,2,-2,1250,1250,0,0,-1,1233,1233,0,0,-19
1787464468.596,U2,0,1,-,219.0,3135,1098,11,0,-4,1091,1090,-1,0,-1,674,674,0,3,-7,3501,3501,0,2,-2,1249,1250,1,0,-1,1233,1233,0,0,-19
1787464468.832,U2,0,1,-,219.0,1102,3131,-19,2,-1,1091,1090,-1,0,-1,674,673,-1,3,-8,3501,3501,0,2,-2,1249,1250,1,0,-1,1233,1233,0,0,-19
1787464469.070,U2,0,1,-,219.0,3136,1099,11,0,-3,1091,1090,-1,0,-1,674,673,-1,3,-8,3501,3501,0,2,-2,1249,1250,1,0,-1,1233,1233,0,0,-19
1787464469.307,U2,0,1,-,219.0,1103,3131,-20,2,-1,1091,1090,-1,0,-1,674,673,-1,3,-8,3501,3501,0,2,-2,1249,1250,1,0,-1,1234,1233,-1,0,-19
1787464469.447,U,0,1,-,119.0,3135,2119,8,1,-3,1091,1090,-1,0,-1,674,673,-1,3,-8,3501,3501,0,2,-2,1249,1250,1,0,-1,1233,1234,1,0,-18
1787464469.584,U',0,1,-,119.0,2123,3132,-15,2,0,1091,1091,0,0,0,674,673,-1,3,-8,3501,3501,0,2,-2,1249,1250,1,0,-1,1234,1233,-1,0,-19
1787464469.722,U',0,1,-,119.0,3134,61,-1,3,-3,1091,1090,-1,0,-1,674,673,-1,3,-8,3501,3501,0,2,-2,1249,1250,1,0,-1,1233,1234,1,0,-18
1787464469.860,U,0,1,-,119.0,64,3131,-5,2,-1,1091,1091,0,0,0,674,673,-1,3,-8,3501,3501,0,2,-2,1249,1250,1,0,-1,1233,1233,0,0,-19
1787464469.997,U,0,1,-,119.0,3135,2119,8,1,-3,1091,1090,-1,0,-1,674,674,0,3,-7,3501,3501,0,2,-2,1249,1250,1,0,-1,1233,1233,0,0,-19
1787464470.134,U',0,1,-,119.0,2123,3132,-15,2,0,1091,1091,0,0,0,674,673,-1,3,-8,3501,3501,0,2,-2,1249,1250,1,0,-1,1234,1233,-1,0,-19
1787464470.271,U',0,1,-,119.0,3135,61,-2,3,-3,1091,1090,-1,0,-1,674,673,-1,3,-8,3501,3501,0,2,-2,1250,1250,0,0,-1,1233,1233,0,0,-19
1787464470.409,U,0,1,-,119.0,64,3131,-5,2,-1,1091,1090,-1,0,-1,674,673,-1,3,-8,3501,3501,0,2,-2,1249,1249,0,0,-2,1233,1233,0,0,-19
1787464470.547,U,0,1,-,119.0,3135,2119,8,1,-3,1091,1090,-1,0,-1,674,673,-1,3,-8,3501,3501,0,2,-2,1250,1250,0,0,-1,1233,1233,0,0,-19
1787464470.685,U',0,1,-,119.0,2123,3132,-15,2,0,1091,1090,-1,0,-1,674,673,-1,3,-8,3501,3501,0,2,-2,1250,1250,0,0,-1,1233,1233,0,0,-19
1787464470.822,U',0,1,-,119.0,3134,61,-1,3,-3,1091,1090,-1,0,-1,674,674,0,3,-7,3501,3501,0,2,-2,1249,1250,1,0,-1,1233,1234,1,0,-18
1787464470.959,U,0,1,-,119.0,64,3131,-5,2,-1,1091,1090,-1,0,-1,674,673,-1,3,-8,3501,3501,0,2,-2,1250,1250,0,0,-1,1234,1233,-1,0,-19
1787464471.098,U,0,1,-,119.0,3135,2119,8,1,-3,1091,1090,-1,0,-1,674,674,0,3,-7,3501,3501,0,2,-2,1249,1250,1,0,-1,1233,1233,0,0,-19
1787464471.235,U',0,1,-,119.0,2123,3132,-15,2,0,1091,1090,-1,0,-1,674,673,-1,3,-8,3501,3501,0,2,-2,1250,1250,0,0,-1,1233,1234,1,0,-18
1787464471.372,U',0,1,-,119.0,3135,61,-2,3,-3,1091,1091,0,0,0,674,674,0,3,-7,3501,3501,0,2,-2,1250,1250,0,0,-1,1233,1233,0,0,-19
1787464471.510,U,0,1,-,119.0,63,3131,-4,2,-1,1091,1090,-1,0,-1,674,673,-1,3,-8,3501,3501,0,2,-2,1250,1250,0,0,-1,1233,1233,0,0,-19
1787464471.647,U,0,1,-,119.0,3135,2118,7,1,-4,1091,1091,0,0,0,674,673,-1,3,-8,3501,3501,0,2,-2,1249,1250,1,0,-1,1233,1233,0,0,-19
1787464471.785,U',0,1,-,119.0,2123,3132,-15,2,0,1091,1090,-1,0,-1,674,674,0,3,-7,3501,3501,0,2,-2,1250,1250,0,0,-1,1233,1233,0,0,-19
1787464471.922,U',0,1,-,119.0,3135,61,-2,3,-3,1091,1090,-1,0,-1,674,673,-1,3,-8,3501,3501,0,2,-2,1250,1250,0,0,-1,1233,1233,0,0,-19
1787464472.059,U,0,1,-,119.0,64,3131,-5,2,-1,1091,1090,-1,0,-1,674,673,-1,3,-8,3501,3501,0,2,-2,1249,1250,1,0,-1,1233,1233,0,0,-19
1787464472.197,U,0,1,-,119.0,3135,2118,7,1,-4,1091,1090,-1,0,-1,674,673,-1,3,-8,3501,3501,0,2,-2,1249,1250,1,0,-1,1233,1234,1,0,-18
1787464472.335,U',0,1,-,119.0,2123,3132,-15,2,0,1091,1090,-1,0,-1,674,673,-1,3,-8,3501,3501,0,2,-2,1250,1250,0,0,-1,1233,1233,0,0,-19
1787464472.473,U',0,1,-,119.0,3134,61,-1,3,-3,1091,1090,-1,0,-1,674,673,-1,3,-8,3501,3501,0,2,-2,1249,1250,1,0,-1,1234,1233,-1,0,-19
1787464472.610,U,0,1,-,119.0,63,3131,-4,2,-1,1091,1090,-1,0,-1,674,673,-1,3,-8,3501,3501,0,2,-2,1249,1250,1,0,-1,1233,1233,0,0,-19
1787464472.747,U,0,1,-,119.0,3136,2118,6,1,-4,1091,1090,-1,0,-1,674,673,-1,3,-8,3501,3501,0,2,-2,1249,1250,1,0,-1,1234,1233,-1,0,-19
1787464472.886,U',0,1,-,119.0,2123,3132,-15,2,0,1091,1091,0,0,0,674,674,0,3,-7,3501,3501,0,2,-2,1249,1250,1,0,-1,1233,1233,0,0,-19
1787464473.021,U',0,1,-,119.0,3134,61,-1,3,-3,1091,1090,-1,0,-1,674,673,-1,3,-8,3501,3501,0,2,-2,1250,1250,0,0,-1,1233,1233,0,0,-19
1787464473.159,U,0,1,-,119.0,63,3131,-4,2,-1,1091,1090,-1,0,-1,674,673,-1,3,-8,3501,3501,0,2,-2,1250,1250,0,0,-1,1233,1234,1,0,-18
1787464473.297,U,0,1,-,119.0,3135,2119,8,1,-3,1091,1090,-1,0,-1,674,673,-1,3,-8,3501,3501,0,2,-2,1249,1250,1,0,-1,1233,1233,0,0,-19
1787464473.434,U',0,1,-,119.0,2123,3132,-15,2,0,1091,1090,-1,0,-1,674,673,-1,3,-8,3501,3501,0,2,-2,1249,1250,1,0,-1,1233,1233,0,0,-19
1787464473.572,U',0,1,-,119.0,3134,61,-1,3,-3,1091,1090,-1,0,-1,674,673,-1,3,-8,3501,3501,0,2,-2,1250,1250,0,0,-1,1233,1233,0,0,-19
1787464473.709,U,0,1,-,119.0,63,3131,-4,2,-1,1091,1090,-1,0,-1,674,673,-1,3,-8,3501,3501,0,2,-2,1250,1250,0,0,-1,1233,1233,0,0,-19
1787464473.846,U,0,1,-,119.0,3135,2119,8,1,-3,1091,1090,-1,0,-1,674,674,0,3,-7,3501,3501,0,2,-2,1249,1250,1,0,-1,1233,1233,0,0,-19
1787464473.986,U',0,1,-,119.0,2123,3132,-15,2,0,1091,1090,-1,0,-1,674,674,0,3,-7,3501,3501,0,2,-2,1250,1250,0,0,-1,1233,1233,0,0,-19
1787464474.122,U',0,1,-,119.0,3135,61,-2,3,-3,1091,1090,-1,0,-1,674,673,-1,3,-8,3501,3501,0,2,-2,1249,1250,1,0,-1,1233,1233,0,0,-19
1787464474.260,U,0,1,-,119.0,63,3131,-4,2,-1,1091,1090,-1,0,-1,674,673,-1,3,-8,3501,3501,0,2,-2,1250,1250,0,0,-1,1233,1233,0,0,-19
1787464474.397,U,0,1,-,119.0,3135,2119,8,1,-3,1091,1090,-1,0,-1,674,673,-1,3,-8,3501,3501,0,2,-2,1249,1250,1,0,-1,1233,1233,0,0,-19
1787464474.535,U',0,1,-,119.0,2123,3132,-15,2,0,1091,1090,-1,0,-1,674,674,0,3,-7,3501,3501,0,2,-2,1249,1250,1,0,-1,1233,1233,0,0,-19
1787464474.671,U',0,1,-,119.0,3134,61,-1,3,-3,1091,1090,-1,0,-1,674,673,-1,3,-8,3501,3501,0,2,-2,1250,1250,0,0,-1,1233,1234,1,0,-18
1787464474.810,U,0,1,-,119.0,63,3131,-4,2,-1,1091,1090,-1,0,-1,674,674,0,3,-7,3501,3501,0,2,-2,1249,1249,0,0,-2,1234,1233,-1,0,-19
1787464474.946,U,0,1,-,119.0,3135,2119,8,1,-3,1091,1090,-1,0,-1,674,673,-1,3,-8,3501,3501,0,2,-2,1249,1250,1,0,-1,1234,1233,-1,0,-19
1787464475.086,U',0,1,-,119.0,2123,3132,-15,2,0,1091,1090,-1,0,-1,674,674,0,3,-7,3501,3501,0,2,-2,1249,1250,1,0,-1,1233,1233,0,0,-19
1787464475.222,U',0,1,-,119.0,3135,61,-2,3,-3,1091,1090,-1,0,-1,674,674,0,3,-7,3501,3501,0,2,-2,1249,1250,1,0,-1,1233,1233,0,0,-19
1787464475.359,U,0,1,-,119.0,63,3131,-4,2,-1,1091,1090,-1,0,-1,674,673,-1,3,-8,3501,3501,0,2,-2,1249,1250,1,0,-1,1233,1233,0,0,-19
1787464475.496,U,0,1,-,119.0,3136,2118,6,1,-4,1091,1090,-1,0,-1,674,674,0,3,-7,3501,3501,0,2,-2,1249,1250,1,0,-1,1234,1234,0,0,-18
1787464475.634,U',0,1,-,119.0,2123,3132,-15,2,0,1091,1090,-1,0,-1,674,674,0,3,-7,3501,3501,0,2,-2,1249,1250,1,0,-1,1233,1234,1,0,-18
1787464475.773,U',0,1,-,119.0,3134,61,-1,3,-3,1091,1090,-1,0,-1,674,674,0,3,-7,3501,3501,0,2,-2,1250,1250,0,0,-1,1233,1233,0,0,-19
1787464475.909,U,0,1,-,119.0,63,3131,-4,2,-1,1091,1090,-1,0,-1,674,673,-1,3,-8,3501,3501,0,2,-2,1249,1250,1,0,-1,1233,1233,0,0,-19
1787464476.046,U,0,1,-,119.0,3135,2119,8,1,-3,1091,1091,0,0,0,674,673,-1,3,-8,3501,3501,0,2,-2,1250,1250,0,0,-1,1234,1233,-1,0,-19
1787464476.184,U',0,1,-,119.0,2123,3132,-15,2,0,1091,1090,-1,0,-1,674,674,0,3,-7,3501,3501,0,2,-2,1249,1250,1,0,-1,1233,1233,0,0,-19
1787464476.322,U',0,1,-,119.0,3135,61,-2,3,-3,1091,1090,-1,0,-1,674,674,0,3,-7,3501,3501,0,2,-2,1249,1250,1,0,-1,1233,1233,0,0,-19
1787464476.461,U,0,1,-,119.0,63,3131,-4,2,-1,1091,1091,0,0,0,674,673,-1,3,-8,3501,3501,0,2,-2,1250,1250,0,0,-1,1233,1233,0,0,-19
1787464476.597,U,0,1,-,119.0,3135,2119,8,1,-3,1091,1090,-1,0,-1,674,674,0,3,-7,3501,3501,0,2,-2,1249,1250,1,0,-1,1233,1233,0,0,-19
1787464476.734,U',0,1,-,119.0,2123,3132,-15,2,0,1091,1090,-1,0,-1,674,673,-1,3,-8,3501,3501,0,2,-2,1249,1250,1,0,-1,1233,1234,1,0,-18
1787464476.871,U',0,1,-,119.0,3134,61,-1,3,-3,1091,1090,-1,0,-1,674,673,-1,3,-8,3501,3501,0,2,-2,1249,1250,1,0,-1,1233,1233,0,0,-19
1787464477.009,U,0,1,-,119.0,63,3131,-4,2,-1,1091,1090,-1,0,-1,674,673,-1,3,-8,3501,3501,0,2,-2,1249,1250,1,0,-1,1233,1233,0,0,-19
1787464477.146,U,0,1,-,119.0,3135,2119,8,1,-3,1091,1090,-1,0,-1,674,674,0,3,-7,3501,3501,0,2,-2,1250,1250,0,0,-1,1233,1233,0,0,-19
1787464477.284,U',0,1,-,119.0,2123,3132,-15,2,0,1091,1090,-1,0,-1,674,673,-1,3,-8,3501,3501,0,2,-2,1250,1250,0,0,-1,1233,1233,0,0,-19
1787464477.422,U',0,1,-,119.0,3134,61,-1,3,-3,1091,1090,-1,0,-1,674,673,-1,3,-8,3501,3501,0,2,-2,1249,1250,1,0,-1,1233,1234,1,0,-18
1787464477.559,U,0,1,-,119.0,63,3131,-4,2,-1,1091,1091,0,0,0,674,673,-1,3,-8,3501,3501,0,2,-2,1250,1250,0,0,-1,1233,1234,1,0,-18
1787464477.697,U,0,1,-,119.0,3135,2119,8,1,-3,1091,1090,-1,0,-1,674,673,-1,3,-8,3501,3501,0,2,-2,1249,1250,1,0,-1,1233,1233,0,0,-19
1787464477.834,U',0,1,-,119.0,2123,3132,-15,2,0,1091,1090,-1,0,-1,674,674,0,3,-7,3501,3501,0,2,-2,1250,1250,0,0,-1,1234,1233,-1,0,-19
1787464477.971,U',0,1,-,119.0,3134,61,-1,3,-3,1091,1090,-1,0,-1,674,673,-1,3,-8,3501,3501,0,2,-2,1250,1250,0,0,-1,1233,1233,0,0,-19
1787464478.109,U,0,1,-,119.0,63,3131,-4,2,-1,1091,1090,-1,0,-1,674,674,0,3,-7,3501,3501,0,2,-2,1249,1250,1,0,-1,1233,1234,1,0,-18
1787464478.248,U,0,1,-,119.0,3135,2118,7,1,-4,1091,1090,-1,0,-1,674,673,-1,3,-8,3501,3501,0,2,-2,1250,1250,0,0,-1,1233,1233,0,0,-19
1787464478.384,U',0,1,-,119.0,2123,3132,-15,2,0,1091,1090,-1,0,-1,674,674,0,3,-7,3501,3501,0,2,-2,1249,1250,1,0,-1,1233,1233,0,0,-19
1787464478.521,U',0,1,-,119.0,3135,61,-2,3,-3,1091,1090,-1,0,-1,674,674,0,3,-7,3501,3501,0,2,-2,1250,1250,0,0,-1,1233,1233,0,0,-19
1787464478.659,U,0,1,-,119.0,63,3131,-4,2,-1,1091,1090,-1,0,-1,674,673,-1,3,-8,3501,3501,0,2,-2,1249,1250,1,0,-1,1233,1234,1,0,-18
1787464478.796,U,0,1,-,119.0,3135,2119,8,1,-3,1091,1090,-1,0,-1,674,674,0,3,-7,3501,3501,0,2,-2,1250,1250,0,0,-1,1233,1234,1,0,-18
1787464478.936,U',0,1,-,119.0,2123,3132,-15,2,0,1091,1090,-1,0,-1,674,674,0,3,-7,3501,3501,0,2,-2,1249,1250,1,0,-1,1233,1233,0,0,-19
1787464479.071,U',0,1,-,119.0,3134,61,-1,3,-3,1091,1090,-1,0,-1,674,673,-1,3,-8,3501,3501,0,2,-2,1249,1250,1,0,-1,1234,1234,0,0,-18
1787464479.211,U,0,1,-,119.0,64,3131,-5,2,-1,1091,1090,-1,0,-1,674,673,-1,3,-8,3501,3501,0,2,-2,1249,1250,1,0,-1,1233,1233,0,0,-19
1787464479.346,U,0,1,-,119.0,3135,2119,8,1,-3,1091,1090,-1,0,-1,674,673,-1,3,-8,3501,3501,0,2,-2,1249,1250,1,0,-1,1233,1233,0,0,-19
1787464479.483,U',0,1,-,119.0,2123,3132,-15,2,0,1091,1090,-1,0,-1,674,674,0,3,-7,3501,3501,0,2,-2,1249,1250,1,0,-1,1233,1233,0,0,-19
1787464479.622,U',0,1,-,119.0,3134,61,-1,3,-3,1091,1090,-1,0,-1,674,673,-1,3,-8,3501,3501,0,2,-2,1249,1250,1,0,-1,1233,1233,0,0,-19
1787464479.758,U,0,1,-,119.0,63,3131,-4,2,-1,1091,1090,-1,0,-1,674,673,-1,3,-8,3501,3501,0,2,-2,1249,1250,1,0,-1,1233,1234,1,0,-18
1787464479.896,U,0,1,-,119.0,3135,2119,8,1,-3,1091,1090,-1,0,-1,674,673,-1,3,-8,3501,3501,0,2,-2,1249,1250,1,0,-1,1233,1233,0,0,-19
1787464480.034,U',0,1,-,119.0,2123,3132,-15,2,0,1091,1090,-1,0,-1,674,674,0,3,-7,3501,3501,0,2,-2,1250,1250,0,0,-1,1233,1233,0,0,-19
1787464480.171,U',0,1,-,119.0,3134,61,-1,3,-3,1091,1090,-1,0,-1,674,674,0,3,-7,3501,3501,0,2,-2,1250,1250,0,0,-1,1234,1233,-1,0,-19
1787464480.309,U,0,1,-,119.0,63,3131,-4,2,-1,1091,1090,-1,0,-1,674,673,-1,3,-8,3501,3501,0,2,-2,1249,1250,1,0,-1,1233,1234,1,0,-18
1787464480.446,U,0,1,-,119.0,3135,2119,8,1,-3,1091,1090,-1,0,-1,674,673,-1,3,-8,3501,3501,0,2,-2,1249,1250,1,0,-1,1233,1233,0,0,-19
1787464480.583,U',0,1,-,119.0,2123,3131,-16,2,-1,1091,1090,-1,0,-1,674,674,0,3,-7,3501,3501,0,2,-2,1249,1250,1,0,-1,1234,1233,-1,0,-19
1787464480.722,U',0,1,-,119.0,3134,61,-1,3,-3,1091,1090,-1,0,-1,674,673,-1,3,-8,3501,3501,0,2,-2,1250,1250,0,0,-1,1233,1234,1,0,-18
1787464480.858,U,0,1,-,119.0,63,3132,-3,2,0,1091,1090,-1,0,-1,674,673,-1,3,-8,3501,3501,0,2,-2,1250,1249,-1,0,-2,1233,1233,0,0,-19
1787464480.996,U,0,1,-,119.0,3135,2119,8,1,-3,1091,1090,-1,0,-1,674,673,-1,3,-8,3501,3501,0,2,-2,1250,1250,0,0,-1,1233,1233,0,0,-19
1787464481.135,U',0,1,-,119.0,2123,3132,-15,2,0,1091,1090,-1,0,-1,674,673,-1,3,-8,3501,3501,0,2,-2,1250,1250,0,0,-1,1233,1233,0,0,-19
1787464481.271,U',0,1,-,119.0,3134,61,-1,3,-3,1091,1091,0,0,0,674,673,-1,3,-8,3501,3501,0,2,-2,1249,1250,1,0,-1,1233,1233,0,0,-19
1787464481.408,U,0,1,-,119.0,63,3131,-4,2,-1,1091,1090,-1,0,-1,674,673,-1,3,-8,3501,3501,0,2,-2,1249,1250,1,0,-1,1233,1233,0,0,-19
1787464481.546,U,0,1,-,119.0,3135,2119,8,1,-3,1091,1090,-1,0,-1,674,673,-1,3,-8,3501,3501,0,2,-2,1249,1250,1,0,-1,1233,1233,0,0,-19
1787464481.683,U',0,1,-,119.0,2123,3132,-15,2,0,1091,1090,-1,0,-1,674,673,-1,3,-8,3501,3501,0,2,-2,1249,1250,1,0,-1,1233,1233,0,0,-19
1787464481.821,U',0,1,-,119.0,3134,61,-1,3,-3,1091,1090,-1,0,-1,674,673,-1,3,-8,3501,3501,0,2,-2,1250,1250,0,0,-1,1233,1233,0,0,-19
1787464481.958,U,0,1,-,119.0,63,3131,-4,2,-1,1091,1090,-1,0,-1,674,673,-1,3,-8,3501,3501,0,2,-2,1250,1250,0,0,-1,1233,1233,0,0,-19
1787464482.096,U,0,1,-,119.0,3135,2119,8,1,-3,1091,1090,-1,0,-1,674,673,-1,3,-8,3501,3501,0,2,-2,1250,1250,0,0,-1,1233,1234,1,0,-18
1787464482.234,U',0,1,-,119.0,2123,3132,-15,2,0,1091,1090,-1,0,-1,674,673,-1,3,-8,3501,3501,0,2,-2,1249,1250,1,0,-1,1233,1234,1,0,-18
1787464482.370,U',0,1,-,119.0,3134,61,-1,3,-3,1091,1090,-1,0,-1,674,674,0,3,-7,3501,3501,0,2,-2,1250,1250,0,0,-1,1233,1233,0,0,-19
1787464482.509,U,0,1,-,119.0,63,3131,-4,2,-1,1091,1090,-1,0,-1,674,673,-1,3,-8,3501,3501,0,2,-2,1249,1250,1,0,-1,1233,1234,1,0,-18
1787464482.646,U,0,1,-,119.0,3135,2118,7,1,-4,1091,1090,-1,0,-1,674,674,0,3,-7,3501,3501,0,2,-2,1249,1250,1,0,-1,1233,1233,0,0,-19
1787464482.783,U',0,1,-,119.0,2123,3132,-15,2,0,1091,1090,-1,0,-1,674,673,-1,3,-8,3501,3501,0,2,-2,1249,1250,1,0,-1,1233,1233,0,0,-19
1787464482.921,U',0,1,-,119.0,3134,61,-1,3,-3,1091,1090,-1,0,-1,674,674,0,3,-7,3501,3501,0,2,-2,1250,1250,0,0,-1,1234,1233,-1,0,-19
1787464483.058,U,0,1,-,119.0,63,3131,-4,2,-1,1091,1090,-1,0,-1,674,673,-1,3,-8,3501,3501,0,2,-2,1250,1250,0,0,-1,1233,1233,0,0,-19
1787464483.196,U,0,1,-,119.0,3135,2119,8,1,-3,1091,1090,-1,0,-1,674,673,-1,3,-8,3501,3501,0,2,-2,1250,1250,0,0,-1,1233,1233,0,0,-19
1787464483.335,U',0,1,-,119.0,2123,3132,-15,2,0,1091,1090,-1,0,-1,674,674,0,3,-7,3501,3501,0,2,-2,1249,1249,0,0,-2,1233,1233,0,0,-19
1787464483.471,U',0,1,-,119.0,3135,61,-2,3,-3,1091,1090,-1,0,-1,674,673,-1,3,-8,3501,3501,0,2,-2,1250,1250,0,0,-1,1233,1233,0,0,-19
1787464483.608,U,0,1,-,119.0,63,3131,-4,2,-1,1091,1090,-1,0,-1,674,673,-1,3,-8,3501,3501,0,2,-2,1249,1250,1,0,-1,1233,1233,0,0,-19
1787464483.746,U,0,1,-,119.0,3135,2119,8,1,-3,1091,1090,-1,0,-1,674,673,-1,3,-8,3501,3501,0,2,-2,1249,1250,1,0,-1,1233,1233,0,0,-19
1787464483.884,U',0,1,-,119.0,2123,3132,-15,2,0,1091,1090,-1,0,-1,674,673,-1,3,-8,3501,3501,0,2,-2,1250,1250,0,0,-1,1233,1233,0,0,-19
1787464484.021,U',0,1,-,119.0,3134,61,-1,3,-3,1091,1090,-1,0,-1,674,673,-1,3,-8,3501,3501,0,2,-2,1250,1250,0,0,-1,1233,1233,0,0,-19
1787464484.158,U,0,1,-,119.0,63,3131,-4,2,-1,1091,1090,-1,0,-1,674,673,-1,3,-8,3501,3501,0,2,-2,1249,1250,1,0,-1,1233,1233,0,0,-19
1787464484.296,U,0,1,-,119.0,3135,2119,8,1,-3,1091,1090,-1,0,-1,674,673,-1,3,-8,3501,3501,0,2,-2,1249,1250,1,0,-1,1233,1233,0,0,-19
1787464484.433,U',0,1,-,119.0,2122,3132,-14,2,0,1091,1090,-1,0,-1,674,673,-1,3,-8,3501,3501,0,2,-2,1250,1250,0,0,-1,1233,1233,0,0,-19
1787464484.571,U',0,1,-,119.0,3134,61,-1,3,-3,1091,1090,-1,0,-1,674,674,0,3,-7,3501,3501,0,2,-2,1249,1250,1,0,-1,1233,1233,0,0,-19
1787464484.708,U,0,1,-,119.0,63,3131,-4,2,-1,1091,1090,-1,0,-1,674,673,-1,3,-8,3501,3501,0,2,-2,1249,1250,1,0,-1,1233,1233,0,0,-19
1787464484.845,U,0,1,-,119.0,3135,2119,8,1,-3,1091,1090,-1,0,-1,674,674,0,3,-7,3501,3501,0,2,-2,1249,1250,1,0,-1,1233,1233,0,0,-19
1787464484.983,U',0,1,-,119.0,2123,3132,-15,2,0,1091,1090,-1,0,-1,674,673,-1,3,-8,3501,3501,0,2,-2,1249,1250,1,0,-1,1233,1234,1,0,-18
1787464485.120,U',0,1,-,119.0,3134,61,-1,3,-3,1091,1090,-1,0,-1,674,673,-1,3,-8,3501,3501,0,2,-2,1249,1250,1,0,-1,1233,1233,0,0,-19
1787464485.258,U,0,1,-,119.0,63,3131,-4,2,-1,1091,1090,-1,0,-1,674,673,-1,3,-8,3501,3501,0,2,-2,1250,1250,0,0,-1,1233,1233,0,0,-19
1787464485.396,U,0,1,-,119.0,3135,2118,7,1,-4,1091,1090,-1,0,-1,674,673,-1,3,-8,3501,3501,0,2,-2,1249,1250,1,0,-1,1233,1233,0,0,-19
1787464485.533,U',0,1,-,119.0,2123,3132,-15,2,0,1091,1090,-1,0,-1,674,673,-1,3,-8,3501,3501,0,2,-2,1249,1250,1,0,-1,1234,1233,-1,0,-19
1787464485.671,U',0,1,-,119.0,3135,61,-2,3,-3,1091,1090,-1,0,-1,674,673,-1,3,-8,3501,3501,0,2,-2,1250,1250,0,0,-1,1233,1233,0,0,-19
1787464485.809,U,0,1,-,119.0,63,3131,-4,2,-1,1091,1090,-1,0,-1,674,674,0,3,-7,3501,3501,0,2,-2,1249,1250,1,0,-1,1233,1233,0,0,-19
1787464485.946,U,0,1,-,119.0,3135,2119,8,1,-3,1091,1090,-1,0,-1,674,674,0,3,-7,3501,3501,0,2,-2,1250,1250,0,0,-1,1233,1234,1,0,-18
1787464486.084,U',0,1,-,119.0,2123,3132,-15,2,0,1091,1090,-1,0,-1,674,673,-1,3,-8,3501,3501,0,2,-2,1249,1250,1,0,-1,1234,1233,-1,0,-19
1787464486.221,U',0,1,-,119.0,3134,61,-1,3,-3,1091,1090,-1,0,-1,674,673,-1,3,-8,3502,3501,-1,2,-2,1250,1250,0,0,-1,1233,1233,0,0,-19
1787464486.358,U,0,1,-,119.0,63,3131,-4,2,-1,1091,1090,-1,0,-1,674,673,-1,3,-8,3501,3501,0,2,-2,1250,1250,0,0,-1,1234,1233,-1,0,-19
1787464486.496,U,0,1,-,119.0,3135,2119,8,1,-3,1091,1090,-1,0,-1,674,673,-1,3,-8,3501,3501,0,2,-2,1249,1250,1,0,-1,1233,1233,0,0,-19
1787464486.634,U',0,1,-,119.0,2123,3132,-15,2,0,1091,1090,-1,0,-1,674,673,-1,3,-8,3501,3501,0,2,-2,1249,1250,1,0,-1,1233,1233,0,0,-19
1787464486.770,U',0,1,-,119.0,3134,61,-1,3,-3,1091,1090,-1,0,-1,674,673,-1,3,-8,3501,3501,0,2,-2,1249,1250,1,0,-1,1233,1233,0,0,-19
1787464486.915,U,0,1,-,119.0,63,3131,-4,2,-1,1091,1090,-1,0,-1,674,673,-1,3,-8,3501,3501,0,2,-2,1249,1250,1,0,-1,1233,1233,0,0,-19
1787464487.045,U,0,1,-,119.0,3135,2119,8,1,-3,1091,1090,-1,0,-1,674,673,-1,3,-8,3501,3501,0,2,-2,1249,1250,1,0,-1,1233,1233,0,0,-19
1787464487.183,U',0,1,-,119.0,2123,3132,-15,2,0,1091,1090,-1,0,-1,674,673,-1,3,-8,3501,3501,0,2,-2,1250,1250,0,0,-1,1233,1234,1,0,-18
1787464487.320,U',0,1,-,119.0,3134,61,-1,3,-3,1091,1090,-1,0,-1,674,673,-1,3,-8,3501,3501,0,2,-2,1249,1250,1,0,-1,1233,1233,0,0,-19
1787464487.458,U,0,1,-,119.0,63,3131,-4,2,-1,1091,1090,-1,0,-1,674,673,-1,3,-8,3501,3501,0,2,-2,1249,1250,1,0,-1,1233,1233,0,0,-19
1787464487.595,U,0,1,-,119.0,3135,2119,8,1,-3,1091,1090,-1,0,-1,674,673,-1,3,-8,3501,3501,0,2,-2,1250,1250,0,0,-1,1233,1233,0,0,-19
1787464487.733,U',0,1,-,119.0,2123,3132,-15,2,0,1091,1090,-1,0,-1,674,673,-1,3,-8,3501,3501,0,2,-2,1250,1250,0,0,-1,1233,1233,0,0,-19
1787464487.871,U',0,1,-,119.0,3135,61,-2,3,-3,1091,1091,0,0,0,674,673,-1,3,-8,3501,3501,0,2,-2,1249,1250,1,0,-1,1233,1233,0,0,-19
1787464488.008,U,0,1,-,119.0,63,3131,-4,2,-1,1091,1090,-1,0,-1,674,673,-1,3,-8,3501,3501,0,2,-2,1249,1250,1,0,-1,1233,1233,0,0,-19
1787464488.145,U,0,1,-,119.0,3135,2118,7,1,-4,1091,1090,-1,0,-1,674,673,-1,3,-8,3501,3501,0,2,-2,1249,1250,1,0,-1,1233,1233,0,0,-19
1787464488.283,U',0,1,-,119.0,2123,3132,-15,2,0,1091,1091,0,0,0,674,674,0,3,-7,3501,3501,0,2,-2,1249,1250,1,0,-1,1233,1233,0,0,-19
1787464488.421,U',0,1,-,119.0,3135,61,-2,3,-3,1091,1090,-1,0,-1,674,673,-1,3,-8,3501,3501,0,2,-2,1250,1250,0,0,-1,1233,1233,0,0,-19
1787464488.557,U,0,1,-,119.0,63,3131,-4,2,-1,1091,1090,-1,0,-1,674,673,-1,3,-8,3501,3501,0,2,-2,1249,1249,0,0,-2,1233,1233,0,0,-19
1787464488.695,U,0,1,-,119.0,3135,2118,7,1,-4,1091,1090,-1,0,-1,674,673,-1,3,-8,3501,3501,0,2,-2,1250,1250,0,0,-1,1233,1233,0,0,-19
1787464488.833,U',0,1,-,119.0,2123,3132,-15,2,0,1091,1090,-1,0,-1,674,673,-1,3,-8,3501,3501,0,2,-2,1250,1250,0,0,-1,1233,1233,0,0,-19
1787464488.970,U',0,1,-,119.0,3134,61,-1,3,-3,1091,1090,-1,0,-1,674,673,-1,3,-8,3501,3501,0,2,-2,1249,1249,0,0,-2,1233,1233,0,0,-19
1787464489.108,U,0,1,-,119.0,63,3132,-3,2,0,1091,1090,-1,0,-1,674,674,0,3,-7,3501,3501,0,2,-2,1249,1250,1,0,-1,1233,1233,0,0,-19
1787464489.245,U,0,1,-,119.0,3135,2119,8,1,-3,1091,1091,0,0,0,674,673,-1,3,-8,3501,3501,0,2,-2,1250,1250,0,0,-1,1233,1233,0,0,-19
1787464489.383,U',0,1,-,119.0,2123,3132,-15,2,0,1091,1090,-1,0,-1,674,673,-1,3,-8,3501,3501,0,2,-2,1249,1250,1,0,-1,1233,1234,1,0,-18
1787464489.520,U',0,1,-,119.0,3134,61,-1,3,-3,1091,1090,-1,0,-1,674,673,-1,3,-8,3501,3501,0,2,-2,1249,1250,1,0,-1,1233,1233,0,0,-19
1787464489.657,U,0,1,-,119.0,63,3131,-4,2,-1,1091,1090,-1,0,-1,674,673,-1,3,-8,3501,3501,0,2,-2,1249,1250,1,0,-1,1233,1234,1,0,-18
1787464489.795,U,0,1,-,119.0,3135,2119,8,1,-3,1091,1090,-1,0,-1,674,673,-1,3,-8,3501,3501,0,2,-2,1250,1250,0,0,-1,1233,1233,0,0,-19
1787464489.933,U',0,1,-,119.0,2123,3132,-15,2,0,1091,1090,-1,0,-1,674,673,-1,3,-8,3501,3501,0,2,-2,1250,1250,0,0,-1,1233,1234,1,0,-18
1787464490.071,U',0,1,-,119.0,3134,61,-1,3,-3,1091,1090,-1,0,-1,674,674,0,3,-7,3501,3501,0,2,-2,1249,1250,1,0,-1,1234,1233,-1,0,-19
1787464490.207,U,0,1,-,119.0,63,3132,-3,2,0,1091,1090,-1,0,-1,674,674,0,3,-7,3501,3501,0,2,-2,1249,1249,0,0,-2,1233,1234,1,0,-18
1787464490.346,U,0,1,-,119.0,3136,2119,7,1,-3,1091,1090,-1,0,-1,674,673,-1,3,-8,3501,3501,0,2,-2,1249,1250,1,0,-1,1233,1233,0,0,-19
1787464490.483,U',0,1,-,119.0,2123,3132,-15,2,0,1091,1090,-1,0,-1,674,673,-1,3,-8,3501,3501,0,2,-2,1249,1250,1,0,-1,1233,1234,1,0,-18
1787464490.620,U',0,1,-,119.0,3134,61,-1,3,-3,1091,1090,-1,0,-1,674,673,-1,3,-8,3501,3501,0,2,-2,1249,1250,1,0,-1,1233,1233,0,0,-19
1787464490.758,U,0,1,-,119.0,63,3131,-4,2,-1,1091,1090,-1,0,-1,674,673,-1,3,-8,3501,3501,0,2,-2,1250,1250,0,0,-1,1233,1233,0,0,-19
1787464490.896,U,0,1,-,119.0,3135,2118,7,1,-4,1091,1090,-1,0,-1,674,673,-1,3,-8,3501,3501,0,2,-2,1249,1250,1,0,-1,1233,1233,0,0,-19
1787464491.033,U',0,1,-,119.0,2123,3132,-15,2,0,1091,1090,-1,0,-1,674,673,-1,3,-8,3501,3501,0,2,-2,1249,1250,1,0,-1,1233,1233,0,0,-19
1787464491.170,U',0,1,-,119.0,3134,61,-1,3,-3,1091,1091,0,0,0,674,673,-1,3,-8,3501,3501,0,2,-2,1250,1250,0,0,-1,1233,1233,0,0,-19
1787464491.308,U,0,1,-,119.0,63,3131,-4,2,-1,1091,1090,-1,0,-1,674,673,-1,3,-8,3501,3501,0,2,-2,1249,1250,1,0,-1,1233,1233,0,0,-19
1787464491.445,U,0,1,-,119.0,3135,2118,7,1,-4,1091,1090,-1,0,-1,674,674,0,3,-7,3501,3501,0,2,-2,1249,1250,1,0,-1,1234,1233,-1,0,-19
1787464491.583,U',0,1,-,119.0,2123,3132,-15,2,0,1091,1091,0,0,0,674,673,-1,3,-8,3501,3501,0,2,-2,1249,1250,1,0,-1,1233,1233,0,0,-19
1787464491.721,U',0,1,-,119.0,3134,61,-1,3,-3,1091,1090,-1,0,-1,674,673,-1,3,-8,3501,3501,0,2,-2,1249,1250,1,0,-1,1233,1233,0,0,-19
1787464491.857,U,0,1,-,119.0,63,3131,-4,2,-1,1091,1090,-1,0,-1,674,674,0,3,-7,3501,3501,0,2,-2,1249,1250,1,0,-1,1233,1233,0,0,-19
1787464491.995,U,0,1,-,119.0,3135,2119,8,1,-3,1091,1090,-1,0,-1,674,674,0,3,-7,3501,3501,0,2,-2,1249,1250,1,0,-1,1233,1233,0,0,-19
1787464492.133,U',0,1,-,119.0,2123,3132,-15,2,0,1091,1090,-1,0,-1,674,673,-1,3,-8,3501,3501,0,2,-2,1249,1250,1,0,-1,1234,1233,-1,0,-19
1787464492.270,U',0,1,-,119.0,3134,61,-1,3,-3,1091,1090,-1,0,-1,674,673,-1,3,-8,3501,3501,0,2,-2,1249,1250,1,0,-1,1233,1233,0,0,-19
1787464492.408,U,0,1,-,119.0,63,3132,-3,2,0,1091,1090,-1,0,-1,674,673,-1,3,-8,3501,3501,0,2,-2,1250,1250,0,0,-1,1233,1233,0,0,-19
1787464492.545,U,0,1,-,119.0,3135,2119,8,1,-3,1091,1090,-1,0,-1,674,673,-1,3,-8,3501,3501,0,2,-2,1249,1250,1,0,-1,1233,1233,0,0,-19
1787464492.683,U',0,1,-,119.0,2123,3132,-15,2,0,1091,1090,-1,0,-1,674,673,-1,3,-8,3501,3501,0,2,-2,1249,1250,1,0,-1,1233,1234,1,0,-18
1787464492.821,U',0,1,-,119.0,3134,61,-1,3,-3,1091,1090,-1,0,-1,674,673,-1,3,-8,3501,3501,0,2,-2,1250,1250,0,0,-1,1233,1233,0,0,-19
1787464492.957,U,0,1,-,119.0,63,3131,-4,2,-1,1091,1090,-1,0,-1,674,673,-1,3,-8,3501,3501,0,2,-2,1249,1250,1,0,-1,1233,1233,0,0,-19
1787464493.095,U,0,1,-,119.0,3135,2119,8,1,-3,1091,1090,-1,0,-1,674,674,0,3,-7,3501,3501,0,2,-2,1249,1250,1,0,-1,1234,1233,-1,0,-19
1787464493.233,U',0,1,-,119.0,2123,3132,-15,2,0,1091,1090,-1,0,-1,674,673,-1,3,-8,3501,3501,0,2,-2,1249,1250,1,0,-1,1233,1233,0,0,-19
1787464493.370,U',0,1,-,119.0,3134,61,-1,3,-3,1091,1090,-1,0,-1,674,673,-1,3,-8,3501,3501,0,2,-2,1250,1250,0,0,-1,1233,1233,0,0,-19
1787464493.508,U,0,1,-,119.0,64,3131,-5,2,-1,1091,1090,-1,0,-1,674,673,-1,3,-8,3501,3501,0,2,-2,1249,1250,1,0,-1,1233,1233,0,0,-19
1787464493.645,U,0,1,-,119.0,3135,2119,8,1,-3,1091,1091,0,0,0,674,673,-1,3,-8,3501,3501,0,2,-2,1249,1250,1,0,-1,1233,1233,0,0,-19
1787464493.782,U',0,1,-,119.0,2123,3132,-15,2,0,1091,1090,-1,0,-1,674,673,-1,3,-8,3501,3501,0,2,-2,1249,1250,1,0,-1,1233,1234,1,0,-18
1787464493.921,U',0,1,-,119.0,3134,61,-1,3,-3,1091,1091,0,0,0,674,674,0,3,-7,3501,3501,0,2,-2,1250,1250,0,0,-1,1234,1233,-1,0,-19
1787464494.059,U,0,1,-,119.0,64,3131,-5,2,-1,1091,1090,-1,0,-1,674,673,-1,3,-8,3501,3501,0,2,-2,1249,1250,1,0,-1,1233,1234,1,0,-18
1787464494.195,U,0,1,-,119.0,3135,2118,7,1,-4,1091,1091,0,0,0,674,673,-1,3,-8,3501,3501,0,2,-2,1249,1250,1,0,-1,1233,1233,0,0,-19
1787464494.333,U',0,1,-,119.0,2123,3132,-15,2,0,1091,1090,-1,0,-1,674,673,-1,3,-8,3501,3501,0,2,-2,1249,1250,1,0,-1,1233,1233,0,0,-19
1787464494.470,U',0,1,-,119.0,3134,61,-1,3,-3,1091,1090,-1,0,-1,674,673,-1,3,-8,3501,3501,0,2,-2,1250,1250,0,0,-1,1233,1233,0,0,-19
1787464494.607,U,0,1,-,119.0,63,3131,-4,2,-1,1091,1090,-1,0,-1,674,673,-1,3,-8,3501,3501,0,2,-2,1250,1250,0,0,-1,1233,1233,0,0,-19
1787464494.745,U,0,1,-,119.0,3135,2118,7,1,-4,1091,1090,-1,0,-1,674,673,-1,3,-8,3501,3501,0,2,-2,1249,1250,1,0,-1,1233,1233,0,0,-19
1787464494.882,U',0,1,-,119.0,2123,3132,-15,2,0,1091,1090,-1,0,-1,674,673,-1,3,-8,3501,3501,0,2,-2,1249,1249,0,0,-2,1233,1233,0,0,-19
1787464495.020,U',0,1,-,119.0,3134,61,-1,3,-3,1091,1090,-1,0,-1,674,674,0,3,-7,3501,3501,0,2,-2,1249,1250,1,0,-1,1233,1233,0,0,-19
1787464495.157,U,0,1,-,119.0,63,3131,-4,2,-1,1091,1090,-1,0,-1,674,673,-1,3,-8,3501,3501,0,2,-2,1249,1250,1,0,-1,1233,1233,0,0,-19
1787464495.297,U,0,1,-,119.0,3135,2118,7,1,-4,1091,1090,-1,0,-1,674,673,-1,3,-8,3501,3501,0,2,-2,1250,1249,-1,0,-2,1233,1233,0,0,-19
1787464495.432,U',0,1,-,119.0,2123,3132,-15,2,0,1091,1090,-1,0,-1,674,673,-1,3,-8,3501,3501,0,2,-2,1249,1250,1,0,-1,1233,1234,1,0,-18
1787464495.569,U',0,1,-,119.0,3134,61,-1,3,-3,1091,1090,-1,0,-1,674,673,-1,3,-8,3501,3501,0,2,-2,1249,1250,1,0,-1,1234,1233,-1,0,-19
1787464495.709,U,0,1,-,119.0,63,3131,-4,2,-1,1091,1090,-1,0,-1,674,673,-1,3,-8,3501,3501,0,2,-2,1249,1250,1,0,-1,1233,1233,0,0,-19
1787464495.845,U,0,1,-,119.0,3136,2119,7,1,-3,1091,1090,-1,0,-1,674,674,0,3,-7,3501,3501,0,2,-2,1250,1250,0,0,-1,1234,1233,-1,0,-19
1787464495.983,U',0,1,-,119.0,2122,3132,-14,2,0,1091,1090,-1,0,-1,674,674,0,3,-7,3501,3501,0,2,-2,1249,1250,1,0,-1,1234,1233,-1,0,-19
1787464496.120,U',0,1,-,119.0,3134,61,-1,3,-3,1091,1090,-1,0,-1,674,673,-1,3,-8,3501,3501,0,2,-2,1249,1249,0,0,-2,1233,1233,0,0,-19
1787464496.257,U,0,1,-,119.0,63,3131,-4,2,-1,1091,1090,-1,0,-1,674,673,-1,3,-8,3501,3501,0,2,-2,1249,1250,1,0,-1,1233,1234,1,0,-18
1787464496.395,U,0,1,-,119.0,3135,2119,8,1,-3,1091,1090,-1,0,-1,674,673,-1,3,-8,3501,3501,0,2,-2,1249,1250,1,0,-1,1233,1233,0,0,-19
1787464496.533,U',0,1,-,119.0,2122,3132,-14,2,0,1091,1090,-1,0,-1,674,673,-1,3,-8,3501,3501,0,2,-2,1249,1250,1,0,-1,1233,1234,1,0,-18
1787464496.670,U',0,1,-,119.0,3135,61,-2,3,-3,1091,1090,-1,0,-1,674,674,0,3,-7,3501,3501,0,2,-2,1249,1250,1,0,-1,1233,1233,0,0,-19
1787464496.808,U,0,1,-,119.0,63,3132,-3,2,0,1091,1090,-1,0,-1,674,673,-1,3,-8,3501,3501,0,2,-2,1250,1250,0,0,-1,1233,1233,0,0,-19
1787464496.945,U,0,1,-,119.0,3135,2118,7,1,-4,1091,1090,-1,0,-1,674,673,-1,3,-8,3501,3501,0,2,-2,1250,1250,0,0,-1,1234,1234,0,0,-18
1787464497.083,U',0,1,-,119.0,2122,3132,-14,2,0,1091,1090,-1,0,-1,674,673,-1,3,-8,3501,3501,0,2,-2,1250,1250,0,0,-1,1233,1233,0,0,-19
1787464497.220,U',0,1,-,119.0,3134,61,-1,3,-3,1091,1090,-1,0,-1,674,673,-1,3,-8,3501,3501,0,2,-2,1249,1250,1,0,-1,1233,1234,1,0,-18
1787464497.357,U,0,1,-,119.0,63,3132,-3,2,0,1091,1091,0,0,0,674,674,0,3,-7,3501,3501,0,2,-2,1250,1250,0,0,-1,1233,1233,0,0,-19
1787464497.495,U,0,1,-,119.0,3135,2119,8,1,-3,1091,1090,-1,0,-1,674,674,0,3,-7,3501,3501,0,2,-2,1250,1250,0,0,-1,1233,1233,0,0,-19
1787464497.634,U',0,1,-,119.0,2123,3132,-15,2,0,1091,1090,-1,0,-1,674,673,-1,3,-8,3501,3501,0,2,-2,1249,1249,0,0,-2,1233,1233,0,0,-19
1787464497.770,U',0,1,-,119.0,3134,61,-1,3,-3,1091,1090,-1,0,-1,674,673,-1,3,-8,3501,3501,0,2,-2,1249,1250,1,0,-1,1233,1233,0,0,-19
1787464497.907,U,0,1,-,119.0,63,3131,-4,2,-1,1091,1090,-1,0,-1,674,673,-1,3,-8,3501,3501,0,2,-2,1250,1250,0,0,-1,1233,1234,1,0,-18
1787464498.045,U,0,1,-,119.0,3135,2119,8,1,-3,1091,1091,0,0,0,674,673,-1,3,-8,3501,3501,0,2,-2,1249,1250,1,0,-1,1233,1233,0,0,-19
1787464498.181,U',0,1,-,119.0,2123,3132,-15,2,0,1091,1090,-1,0,-1,674,673,-1,3,-8,3501,3501,0,2,-2,1249,1250,1,0,-1,1233,1234,1,0,-18
1787464498.320,U',0,1,-,119.0,3134,61,-1,3,-3,1091,1090,-1,0,-1,674,673,-1,3,-8,3501,3501,0,2,-2,1249,1250,1,0,-1,1233,1233,0,0,-19
1787464498.458,U,0,1,-,119.0,63,3131,-4,2,-1,1091,1090,-1,0,-1,674,673,-1,3,-8,3501,3501,0,2,-2,1249,1250,1,0,-1,1233,1233,0,0,-19
1787464498.596,U,0,1,-,119.0,3135,2119,8,1,-3,1091,1090,-1,0,-1,674,673,-1,3,-8,3501,3501,0,2,-2,1249,1250,1,0,-1,1233,1233,0,0,-19
1787464498.735,U',0,1,-,119.0,2122,3132,-14,2,0,1091,1090,-1,0,-1,674,673,-1,3,-8,3501,3501,0,2,-2,1250,1250,0,0,-1,1233,1233,0,0,-19
1787464498.870,U',0,1,-,119.0,3134,61,-1,3,-3,1091,1090,-1,0,-1,674,673,-1,3,-8,3501,3501,0,2,-2,1249,1250,1,0,-1,1233,1234,1,0,-18
1787464499.008,U,0,1,-,119.0,63,3132,-3,2,0,1091,1090,-1,0,-1,674,673,-1,3,-8,3501,3501,0,2,-2,1249,1250,1,0,-1,1233,1233,0,0,-19
1787464499.147,U,0,1,-,119.0,3135,2119,8,1,-3,1091,1090,-1,0,-1,674,673,-1,3,-8,3501,3501,0,2,-2,1250,1250,0,0,-1,1233,1233,0,0,-19
1787464499.281,U',0,1,-,119.0,2123,3132,-15,2,0,1091,1090,-1,0,-1,674,674,0,3,-7,3501,3501,0,2,-2,1249,1250,1,0,-1,1233,1234,1,0,-18
1787464499.420,U',0,1,-,119.0,3134,61,-1,3,-3,1091,1090,-1,0,-1,674,673,-1,3,-8,3501,3501,0,2,-2,1249,1250,1,0,-1,1233,1233,0,0,-19
1787464499.558,U,0,1,-,119.0,63,3131,-4,2,-1,1091,1091,0,0,0,674,673,-1,3,-8,3501,3501,0,2,-2,1249,1250,1,0,-1,1233,1233,0,0,-19
1787464499.694,U,0,1,-,119.0,3135,2118,7,1,-4,1091,1090,-1,0,-1,674,673,-1,3,-8,3501,3501,0,2,-2,1250,1250,0,0,-1,1234,1233,-1,0,-19
1787464499.832,U',0,1,-,119.0,2123,3132,-15,2,0,1091,1090,-1,0,-1,674,673,-1,3,-8,3501,3501,0,2,-2,1250,1250,0,0,-1,1234,1233,-1,0,-19
1787464499.970,U',0,1,-,119.0,3135,61,-2,3,-3,1091,1091,0,0,0,674,673,-1,3,-8,3501,3501,0,2,-2,1249,1250,1,0,-1,1234,1233,-1,0,-19
1787464500.107,U,0,1,-,119.0,63,3132,-3,2,0,1091,1090,-1,0,-1,674,673,-1,3,-8,3501,3501,0,2,-2,1249,1250,1,0,-1,1233,1233,0,0,-19
1787464500.245,U,0,1,-,119.0,3135,2119,8,1,-3,1091,1090,-1,0,-1,674,673,-1,3,-8,3502,3501,-1,2,-2,1249,1250,1,0,-1,1233,1233,0,0,-19
1787464500.382,U',0,1,-,119.0,2123,3133,-14,2,1,1091,1091,0,0,0,674,673,-1,3,-8,3501,3501,0,2,-2,1249,1250,1,0,-1,1233,1233,0,0,-19
1787464500.520,U',0,1,-,119.0,3134,61,-1,3,-3,1091,1090,-1,0,-1,674,673,-1,3,-8,3501,3501,0,2,-2,1250,1250,0,0,-1,1233,1233,0,0,-19
1787464500.658,U,0,1,-,119.0,63,3131,-4,2,-1,1091,1090,-1,0,-1,674,673,-1,3,-8,3501,3501,0,2,-2,1249,1250,1,0,-1,1233,1234,1,0,-18
1787464500.794,U,0,1,-,119.0,3135,2119,8,1,-3,1091,1090,-1,0,-1,674,673,-1,3,-8,3501,3501,0,2,-2,1249,1250,1,0,-1,1234,1233,-1,0,-19
1787464500.932,U',0,1,-,119.0,2123,3132,-15,2,0,1091,1090,-1,0,-1,674,673,-1,3,-8,3501,3501,0,2,-2,1249,1250,1,0,-1,1233,1233,0,0,-19
1787464501.070,U',0,1,-,119.0,3134,61,-1,3,-3,1091,1090,-1,0,-1,674,673,-1,3,-8,3501,3501,0,2,-2,1249,1250,1,0,-1,1233,1233,0,0,-19
1787464501.208,U,0,1,-,119.0,63,3132,-3,2,0,1091,1090,-1,0,-1,674,673,-1,3,-8,3501,3501,0,2,-2,1249,1250,1,0,-1,1233,1233,0,0,-19
1787464501.345,U,0,1,-,119.0,3135,2119,8,1,-3,1091,1090,-1,0,-1,674,673,-1,3,-8,3501,3501,0,2,-2,1250,1250,0,0,-1,1234,1233,-1,0,-19
1787464501.482,U',0,1,-,119.0,2122,3132,-14,2,0,1091,1090,-1,0,-1,674,674,0,3,-7,3501,3501,0,2,-2,1249,1250,1,0,-1,1233,1233,0,0,-19
1787464501.620,U',0,1,-,119.0,3134,61,-1,3,-3,1091,1090,-1,0,-1,674,673,-1,3,-8,3501,3501,0,2,-2,1249,1250,1,0,-1,1233,1233,0,0,-19
1787464501.757,U,0,1,-,119.0,63,3131,-4,2,-1,1091,1090,-1,0,-1,674,673,-1,3,-8,3501,3501,0,2,-2,1250,1250,0,0,-1,1234,1234,0,0,-18
1787464501.900,U,0,1,-,119.0,3135,2119,8,1,-3,1091,1091,0,0,0,674,673,-1,3,-8,3501,3501,0,2,-2,1250,1250,0,0,-1,1233,1233,0,0,-19
1787464502.031,U',0,1,-,119.0,2123,3132,-15,2,0,1091,1090,-1,0,-1,674,673,-1,3,-8,3501,3501,0,2,-2,1249,1250,1,0,-1,1233,1233,0,0,-19
1787464502.170,U',0,1,-,119.0,3134,61,-1,3,-3,1091,1090,-1,0,-1,674,673,-1,3,-8,3501,3501,0,2,-2,1250,1250,0,0,-1,1233,1234,1,0,-18
1787464502.306,U,0,1,-,119.0,63,3131,-4,2,-1,1091,1090,-1,0,-1,674,673,-1,3,-8,3501,3501,0,2,-2,1249,1250,1,0,-1,1233,1233,0,0,-19
1787464502.444,U,0,1,-,119.0,3135,2119,8,1,-3,1091,1090,-1,0,-1,674,673,-1,3,-8,3501,3501,0,2,-2,1250,1250,0,0,-1,1233,1233,0,0,-19
1787464502.582,U',0,1,-,119.0,2123,3132,-15,2,0,1091,1090,-1,0,-1,674,674,0,3,-7,3501,3501,0,2,-2,1249,1250,1,0,-1,1233,1233,0,0,-19
1787464502.719,U',0,1,-,119.0,3134,61,-1,3,-3,1091,1090,-1,0,-1,674,673,-1,3,-8,3501,3501,0,2,-2,1250,1250,0,0,-1,1233,1234,1,0,-18
1787464502.857,U,0,1,-,119.0,63,3131,-4,2,-1,1091,1091,0,0,0,674,673,-1,3,-8,3501,3501,0,2,-2,1249,1250,1,0,-1,1234,1233,-1,0,-19
1787464502.995,U,0,1,-,119.0,3135,2119,8,1,-3,1091,1090,-1,0,-1,674,673,-1,3,-8,3501,3501,0,2,-2,1249,1250,1,0,-1,1233,1233,0,0,-19
1787464503.132,U',0,1,-,119.0,2123,3132,-15,2,0,1091,1090,-1,0,-1,674,673,-1,3,-8,3501,3501,0,2,-2,1249,1250,1,0,-1,1233,1233,0,0,-19
1787464503.269,U',0,1,-,119.0,3134,61,-1,3,-3,1091,1090,-1,0,-1,674,674,0,3,-7,3501,3501,0,2,-2,1249,1250,1,0,-1,1233,1233,0,0,-19
1787464503.407,U,0,1,-,119.0,63,3131,-4,2,-1,1091,1090,-1,0,-1,674,673,-1,3,-8,3501,3501,0,2,-2,1250,1250,0,0,-1,1233,1233,0,0,-19
1787464503.544,U,0,1,-,119.0,3135,2119,8,1,-3,1091,1090,-1,0,-1,674,674,0,3,-7,3501,3501,0,2,-2,1250,1250,0,0,-1,1233,1233,0,0,-19
1787464503.681,U',0,1,-,119.0,2123,3132,-15,2,0,1091,1090,-1,0,-1,674,673,-1,3,-8,3501,3501,0,2,-2,1249,1250,1,0,-1,1233,1234,1,0,-18
1787464503.819,U',0,1,-,119.0,3134,61,-1,3,-3,1091,1090,-1,0,-1,674,673,-1,3,-8,3501,3501,0,2,-2,1250,1250,0,0,-1,1233,1233,0,0,-19
1787464503.956,U,0,1,-,119.0,63,3131,-4,2,-1,1091,1090,-1,0,-1,674,673,-1,3,-8,3501,3501,0,2,-2,1250,1250,0,0,-1,1233,1233,0,0,-19
1787464504.095,U,0,1,-,119.0,3135,2119,8,1,-3,1091,1090,-1,0,-1,674,673,-1,3,-8,3501,3501,0,2,-2,1249,1250,1,0,-1,1233,1233,0,0,-19
1787464504.232,U',0,1,-,119.0,2123,3132,-15,2,0,1091,1090,-1,0,-1,674,673,-1,3,-8,3501,3501,0,2,-2,1249,1250,1,0,-1,1233,1233,0,0,-19
1787464504.370,U',0,1,-,119.0,3134,61,-1,3,-3,1091,1090,-1,0,-1,674,673,-1,3,-8,3501,3501,0,2,-2,1249,1250,1,0,-1,1233,1233,0,0,-19
1787464504.507,U,0,1,-,119.0,63,3131,-4,2,-1,1091,1090,-1,0,-1,674,673,-1,3,-8,3501,3501,0,2,-2,1250,1250,0,0,-1,1233,1234,1,0,-18
1787464504.644,U,0,1,-,119.0,3135,2118,7,1,-4,1091,1090,-1,0,-1,674,674,0,3,-7,3501,3501,0,2,-2,1249,1250,1,0,-1,1233,1234,1,0,-18
1787464504.782,U',0,1,-,119.0,2123,3132,-15,2,0,1091,1090,-1,0,-1,674,674,0,3,-7,3501,3501,0,2,-2,1250,1250,0,0,-1,1234,1234,0,0,-18
1787464504.919,U',0,1,-,119.0,3134,61,-1,3,-3,1091,1090,-1,0,-1,674,673,-1,3,-8,3501,3501,0,2,-2,1249,1250,1,0,-1,1233,1233,0,0,-19
1787464505.056,U,0,1,-,119.0,64,3132,-4,2,0,1091,1091,0,0,0,674,673,-1,3,-8,3501,3501,0,2,-2,1250,1250,0,0,-1,1233,1233,0,0,-19
1787464505.197,U,0,1,-,119.0,3135,2119,8,1,-3,1091,1090,-1,0,-1,674,673,-1,3,-8,3501,3501,0,2,-2,1249,1250,1,0,-1,1233,1233,0,0,-19
1787464505.331,U',0,1,-,119.0,2123,3132,-15,2,0,1091,1090,-1,0,-1,674,673,-1,3,-8,3501,3501,0,2,-2,1250,1250,0,0,-1,1233,1233,0,0,-19
1787464505.469,U',0,1,-,119.0,3134,61,-1,3,-3,1091,1090,-1,0,-1,674,674,0,3,-7,3501,3501,0,2,-2,1250,1250,0,0,-1,1233,1233,0,0,-19
1787464505.607,U,0,1,-,119.0,63,3131,-4,2,-1,1091,1090,-1,0,-1,674,674,0,3,-7,3501,3501,0,2,-2,1249,1250,1,0,-1,1233,1233,0,0,-19
1787464505.746,U,0,1,-,119.0,3135,2119,8,1,-3,1091,1090,-1,0,-1,674,673,-1,3,-8,3501,3501,0,2,-2,1249,1250,1,0,-1,1233,1233,0,0,-19
1787464505.881,U',0,1,-,119.0,2122,3132,-14,2,0,1091,1091,0,0,0,674,673,-1,3,-8,3501,3501,0,2,-2,1249,1250,1,0,-1,1233,1233,0,0,-19
1787464506.019,U',0,1,-,119.0,3134,61,-1,3,-3,1091,1090,-1,0,-1,674,673,-1,3,-8,3501,3501,0,2,-2,1249,1250,1,0,-1,1233,1234,1,0,-18
1787464506.157,U,0,1,-,119.0,63,3131,-4,2,-1,1091,1090,-1,0,-1,674,673,-1,3,-8,3501,3501,0,2,-2,1249,1250,1,0,-1,1233,1233,0,0,-19
1787464506.294,U,0,1,-,119.0,3135,2119,8,1,-3,1091,1090,-1,0,-1,674,673,-1,3,-8,3501,3501,0,2,-2,1249,1250,1,0,-1,1233,1233,0,0,-19
1787464506.432,U',0,1,-,119.0,2123,3132,-15,2,0,1091,1090,-1,0,-1,674,673,-1,3,-8,3501,3501,0,2,-2,1249,1250,1,0,-1,1233,1233,0,0,-19
1787464506.569,U',0,1,-,119.0,3134,61,-1,3,-3,1091,1090,-1,0,-1,674,673,-1,3,-8,3501,3501,0,2,-2,1249,1250,1,0,-1,1233,1233,0,0,-19
1787464506.706,U,0,1,-,119.0,63,3131,-4,2,-1,1091,1090,-1,0,-1,674,673,-1,3,-8,3501,3501,0,2,-2,1249,1250,1,0,-1,1233,1234,1,0,-18
1787464506.844,U,0,1,-,119.0,3136,2118,6,1,-4,1091,1090,-1,0,-1,674,673,-1,3,-8,3501,3501,0,2,-2,1249,1250,1,0,-1,1233,1233,0,0,-19
1787464506.982,U',0,1,-,119.0,2122,3132,-14,2,0,1091,1090,-1,0,-1,674,674,0,3,-7,3501,3501,0,2,-2,1249,1250,1,0,-1,1233,1234,1,0,-18
1787464507.119,U',0,1,-,119.0,3134,61,-1,3,-3,1091,1090,-1,0,-1,674,674,0,3,-7,3501,3501,0,2,-2,1249,1250,1,0,-1,1233,1234,1,0,-18
1787464507.258,U,0,1,-,119.0,63,3131,-4,2,-1,1091,1090,-1,0,-1,674,673,-1,3,-8,3501,3501,0,2,-2,1249,1250,1,0,-1,1233,1233,0,0,-19
1787464507.393,U,0,1,-,119.0,3135,2119,8,1,-3,1091,1090,-1,0,-1,674,673,-1,3,-8,3501,3501,0,2,-2,1249,1250,1,0,-1,1233,1233,0,0,-19
1787464507.531,U',0,1,-,119.0,2123,3132,-15,2,0,1091,1090,-1,0,-1,674,673,-1,3,-8,3501,3501,0,2,-2,1249,1250,1,0,-1,1233,1233,0,0,-19
1787464507.669,U',0,1,-,119.0,3134,61,-1,3,-3,1091,1090,-1,0,-1,674,673,-1,3,-8,3501,3501,0,2,-2,1249,1250,1,0,-1,1233,1234,1,0,-18
1787464507.805,U,0,1,-,119.0,63,3131,-4,2,-1,1091,1090,-1,0,-1,674,673,-1,3,-8,3501,3501,0,2,-2,1250,1250,0,0,-1,1233,1233,0,0,-19
1787464507.945,U,0,1,-,119.0,3135,2119,8,1,-3,1091,1090,-1,0,-1,674,674,0,3,-7,3501,3501,0,2,-2,1249,1250,1,0,-1,1233,1233,0,0,-19
1787464508.081,U',0,1,-,119.0,2122,3132,-14,2,0,1091,1090,-1,0,-1,674,673,-1,3,-8,3501,3501,0,2,-2,1249,1250,1,0,-1,1233,1233,0,0,-19
1787464508.219,U',0,1,-,119.0,3134,61,-1,3,-3,1091,1090,-1,0,-1,674,673,-1,3,-8,3501,3501,0,2,-2,1250,1250,0,0,-1,1233,1233,0,0,-19
1787464508.357,U,0,1,-,119.0,63,3132,-3,2,0,1091,1090,-1,0,-1,674,674,0,3,-7,3501,3501,0,2,-2,1250,1250,0,0,-1,1233,1233,0,0,-19
1787464508.494,U,0,1,-,119.0,3135,2119,8,1,-3,1091,1090,-1,0,-1,674,674,0,3,-7,3501,3501,0,2,-2,1249,1250,1,0,-1,1233,1234,1,0,-18
1787464508.632,U',0,1,-,119.0,2123,3132,-15,2,0,1091,1090,-1,0,-1,674,674,0,3,-7,3501,3501,0,2,-2,1249,1250,1,0,-1,1233,1233,0,0,-19
1787464508.769,U',0,1,-,119.0,3134,61,-1,3,-3,1091,1090,-1,0,-1,674,673,-1,3,-8,3501,3501,0,2,-2,1249,1250,1,0,-1,1233,1233,0,0,-19
1787464508.906,U,0,1,-,119.0,63,3132,-3,2,0,1091,1090,-1,0,-1,674,674,0,3,-7,3501,3501,0,2,-2,1250,1250,0,0,-1,1233,1233,0,0,-19
1787464509.044,U,0,1,-,119.0,3135,2119,8,1,-3,1091,1090,-1,0,-1,674,673,-1,3,-8,3501,3501,0,2,-2,1249,1250,1,0,-1,1234,1233,-1,0,-19
1787464509.181,U',0,1,-,119.0,2123,3132,-15,2,0,1091,1090,-1,0,-1,674,674,0,3,-7,3501,3501,0,2,-2,1249,1250,1,0,-1,1233,1233,0,0,-19
1787464509.318,U',0,1,-,119.0,3134,61,-1,3,-3,1091,1090,-1,0,-1,674,673,-1,3,-8,3501,3501,0,2,-2,1249,1250,1,0,-1,1233,1233,0,0,-19
1787464509.456,U,0,1,-,119.0,63,3131,-4,2,-1,1091,1090,-1,0,-1,674,673,-1,3,-8,3501,3501,0,2,-2,1249,1250,1,0,-1,1233,1233,0,0,-19
1787464509.594,U,0,1,-,119.0,3135,2119,8,1,-3,1091,1090,-1,0,-1,674,674,0,3,-7,3501,3501,0,2,-2,1249,1250,1,0,-1,1233,1233,0,0,-19
1787464509.731,U',0,1,-,119.0,2122,3132,-14,2,0,1091,1090,-1,0,-1,674,673,-1,3,-8,3501,3501,0,2,-2,1249,1250,1,0,-1,1233,1233,0,0,-19
1787464509.868,U',0,1,-,119.0,3134,61,-1,3,-3,1091,1090,-1,0,-1,674,673,-1,3,-8,3501,3501,0,2,-2,1249,1250,1,0,-1,1233,1233,0,0,-19
1787464510.006,U,0,1,-,119.0,63,3131,-4,2,-1,1091,1090,-1,0,-1,674,673,-1,3,-8,3501,3501,0,2,-2,1249,1250,1,0,-1,1233,1233,0,0,-19
1787464510.144,U,0,1,-,119.0,3135,2119,8,1,-3,1091,1090,-1,0,-1,674,673,-1,3,-8,3501,3501,0,2,-2,1250,1250,0,0,-1,1233,1233,0,0,-19
1787464510.281,U',0,1,-,119.0,2122,3132,-14,2,0,1091,1090,-1,0,-1,674,674,0,3,-7,3501,3501,0,2,-2,1250,1250,0,0,-1,1233,1233,0,0,-19
1787464510.419,U',0,1,-,119.0,3134,61,-1,3,-3,1091,1090,-1,0,-1,674,673,-1,3,-8,3501,3501,0,2,-2,1249,1250,1,0,-1,1233,1233,0,0,-19
1787464510.556,U,0,1,-,119.0,63,3131,-4,2,-1,1091,1090,-1,0,-1,674,674,0,3,-7,3501,3501,0,2,-2,1249,1250,1,0,-1,1234,1233,-1,0,-19
1787464510.736,U,0,1,-,119.0,3135,2119,8,1,-3,1091,1090,-1,0,-1,674,673,-1,3,-8,3501,3501,0,2,-2,1249,1250,1,0,-1,1233,1233,0,0,-19
1787464510.874,U',0,1,-,119.0,2123,3132,-15,2,0,1091,1090,-1,0,-1,674,673,-1,3,-8,3501,3501,0,2,-2,1249,1250,1,0,-1,1233,1233,0,0,-19
1787464511.013,U,0,1,-,119.0,3134,2118,8,1,-4,1091,1090,-1,0,-1,674,673,-1,3,-8,3501,3501,0,2,-2,1250,1250,0,0,-1,1234,1233,-1,0,-19
1787464511.149,U',0,1,-,119.0,2123,3132,-15,2,0,1091,1090,-1,0,-1,674,674,0,3,-7,3501,3501,0,2,-2,1249,1250,1,0,-1,1233,1233,0,0,-19
1787464511.286,U,0,1,-,119.0,3134,2119,9,1,-3,1091,1090,-1,0,-1,674,673,-1,3,-8,3501,3501,0,2,-2,1249,1250,1,0,-1,1233,1233,0,0,-19
1787464511.425,U',0,1,-,119.0,2123,3132,-15,2,0,1091,1090,-1,0,-1,674,673,-1,3,-8,3501,3501,0,2,-2,1249,1250,1,0,-1,1233,1233,0,0,-19
1787464511.561,U,0,1,-,119.0,3134,2119,9,1,-3,1091,1091,0,0,0,674,674,0,3,-7,3501,3501,0,2,-2,1249,1250,1,0,-1,1233,1233,0,0,-19
1787464511.699,U',0,1,-,119.0,2123,3132,-15,2,0,1091,1090,-1,0,-1,674,673,-1,3,-8,3501,3501,0,2,-2,1249,1250,1,0,-1,1233,1233,0,0,-19
1787464511.836,U,0,1,-,119.0,3134,2119,9,1,-3,1091,1091,0,0,0,674,673,-1,3,-8,3501,3501,0,2,-2,1250,1250,0,0,-1,1233,1233,0,0,-19
1787464511.974,U',0,1,-,119.0,2122,3132,-14,2,0,1091,1090,-1,0,-1,674,673,-1,3,-8,3501,3501,0,2,-2,1250,1250,0,0,-1,1233,1233,0,0,-19
1787464512.111,U,0,1,-,119.0,3134,2119,9,1,-3,1091,1090,-1,0,-1,674,673,-1,3,-8,3501,3501,0,2,-2,1249,1250,1,0,-1,1233,1233,0,0,-19
1787464512.249,U',0,1,-,119.0,2123,3133,-14,2,1,1091,1090,-1,0,-1,674,674,0,3,-7,3501,3501,0,2,-2,1249,1250,1,0,-1,1233,1233,0,0,-19
1787464512.386,U,0,1,-,119.0,3135,2119,8,1,-3,1091,1090,-1,0,-1,674,674,0,3,-7,3501,3501,0,2,-2,1249,1250,1,0,-1,1233,1233,0,0,-19
1787464512.523,U',0,1,-,119.0,2123,3133,-14,2,1,1091,1090,-1,0,-1,674,674,0,3,-7,3501,3501,0,2,-2,1250,1250,0,0,-1,1233,1233,0,0,-19
1787464512.663,U,0,1,-,119.0,3134,2119,9,1,-3,1091,1090,-1,0,-1,674,673,-1,3,-8,3501,3501,0,2,-2,1249,1250,1,0,-1,1233,1234,1,0,-18
1787464512.799,U',0,1,-,119.0,2123,3132,-15,2,0,1091,1090,-1,0,-1,674,673,-1,3,-8,3501,3501,0,2,-2,1250,1250,0,0,-1,1233,1233,0,0,-19
1787464512.936,U,0,1,-,119.0,3134,2119,9,1,-3,1091,1090,-1,0,-1,674,673,-1,3,-8,3501,3501,0,2,-2,1249,1250,1,0,-1,1234,1233,-1,0,-19
1787464513.074,U',0,1,-,119.0,2122,3132,-14,2,0,1091,1090,-1,0,-1,674,673,-1,3,-8,3501,3501,0,2,-2,1250,1250,0,0,-1,1233,1233,0,0,-19
1787464513.211,U,0,1,-,119.0,3134,2119,9,1,-3,1091,1091,0,0,0,674,674,0,3,-7,3501,3501,0,2,-2,1249,1250,1,0,-1,1233,1233,0,0,-19
1787464513.349,U',0,1,-,119.0,2123,3132,-15,2,0,1091,1090,-1,0,-1,674,674,0,3,-7,3501,3501,0,2,-2,1250,1250,0,0,-1,1234,1233,-1,0,-19
1787464513.486,U,0,1,-,119.0,3135,2118,7,1,-4,1091,1090,-1,0,-1,674,673,-1,3,-8,3501,3501,0,2,-2,1249,1250,1,0,-1,1233,1233,0,0,-19
1787464513.623,U',0,1,-,119.0,2123,3132,-15,2,0,1091,1090,-1,0,-1,674,673,-1,3,-8,3501,3501,0,2,-2,1250,1249,-1,0,-2,1233,1233,0,0,-19
1787464513.761,U,0,1,-,119.0,3134,2118,8,1,-4,1091,1090,-1,0,-1,674,674,0,3,-7,3501,3501,0,2,-2,1249,1250,1,0,-1,1233,1233,0,0,-19
1787464513.898,U',0,1,-,119.0,2123,3132,-15,2,0,1091,1090,-1,0,-1,674,673,-1,3,-8,3501,3501,0,2,-2,1249,1250,1,0,-1,1233,1233,0,0,-19
1787464514.036,U,0,1,-,119.0,3134,2119,9,1,-3,1091,1090,-1,0,-1,674,673,-1,3,-8,3501,3501,0,2,-2,1250,1250,0,0,-1,1233,1233,0,0,-19
1787464514.174,U',0,1,-,119.0,2122,3132,-14,2,0,1091,1090,-1,0,-1,674,674,0,3,-7,3501,3501,0,2,-2,1249,1250,1,0,-1,1233,1233,0,0,-19
1787464514.311,U,0,1,-,119.0,3134,2119,9,1,-3,1091,1090,-1,0,-1,674,673,-1,3,-8,3501,3501,0,2,-2,1249,1250,1,0,-1,1233,1234,1,0,-18
1787464514.449,U',0,1,-,119.0,2123,3132,-15,2,0,1091,1090,-1,0,-1,674,674,0,3,-7,3501,3501,0,2,-2,1249,1250,1,0,-1,1233,1233,0,0,-19
1787464514.586,U,0,1,-,119.0,3134,2119,9,1,-3,1091,1090,-1,0,-1,674,673,-1,3,-8,3501,3501,0,2,-2,1249,1250,1,0,-1,1233,1233,0,0,-19
1787464514.722,U',0,1,-,119.0,2123,3132,-15,2,0,1091,1090,-1,0,-1,674,673,-1,3,-8,3501,3501,0,2,-2,1249,1250,1,0,-1,1233,1233,0,0,-19
1787464514.861,U,0,1,-,119.0,3134,2119,9,1,-3,1091,1090,-1,0,-1,674,674,0,3,-7,3501,3501,0,2,-2,1249,1250,1,0,-1,1234,1233,-1,0,-19
1787464514.999,U',0,1,-,119.0,2123,3132,-15,2,0,1091,1090,-1,0,-1,674,673,-1,3,-8,3501,3501,0,2,-2,1250,1250,0,0,-1,1233,1234,1,0,-18
1787464515.135,U,0,1,-,119.0,3134,2119,9,1,-3,1091,1090,-1,0,-1,674,674,0,3,-7,3501,3501,0,2,-2,1249,1250,1,0,-1,1234,1233,-1,0,-19
1787464515.273,U',0,1,-,119.0,2123,3133,-14,2,1,1091,1090,-1,0,-1,674,674,0,3,-7,3501,3501,0,2,-2,1249,1250,1,0,-1,1233,1233,0,0,-19
1787464515.412,U,0,1,-,119.0,3134,2119,9,1,-3,1091,1090,-1,0,-1,674,674,0,3,-7,3501,3501,0,2,-2,1249,1250,1,0,-1,1233,1234,1,0,-18
1787464515.549,U',0,1,-,119.0,2123,3132,-15,2,0,1091,1090,-1,0,-1,674,674,0,3,-7,3501,3501,0,2,-2,1249,1250,1,0,-1,1233,1233,0,0,-19
1787464515.687,U,0,1,-,119.0,3134,2119,9,1,-3,1091,1090,-1,0,-1,674,673,-1,3,-8,3501,3501,0,2,-2,1250,1250,0,0,-1,1233,1233,0,0,-19
1787464515.824,U',0,1,-,119.0,2123,3132,-15,2,0,1091,1090,-1,0,-1,674,673,-1,3,-8,3501,3501,0,2,-2,1249,1250,1,0,-1,1233,1233,0,0,-19
1787464515.961,U,0,1,-,119.0,3134,2118,8,1,-4,1091,1090,-1,0,-1,674,673,-1,3,-8,3501,3501,0,2,-2,1249,1250,1,0,-1,1234,1233,-1,0,-19
1787464516.099,U',0,1,-,119.0,2123,3132,-15,2,0,1091,1090,-1,0,-1,674,674,0,3,-7,3501,3501,0,2,-2,1250,1250,0,0,-1,1233,1233,0,0,-19
1787464516.236,U,0,1,-,119.0,3134,2119,9,1,-3,1091,1090,-1,0,-1,674,673,-1,3,-8,3501,3501,0,2,-2,1249,1250,1,0,-1,1233,1233,0,0,-19
1787464516.373,U',0,1,-,119.0,2122,3132,-14,2,0,1091,1090,-1,0,-1,674,673,-1,3,-8,3501,3501,0,2,-2,1249,1250,1,0,-1,1233,1233,0,0,-19
1787464516.511,U,0,1,-,119.0,3135,2118,7,1,-4,1091,1090,-1,0,-1,674,674,0,3,-7,3501,3501,0,2,-2,1249,1250,1,0,-1,1233,1233,0,0,-19
1787464516.650,U',0,1,-,119.0,2123,3132,-15,2,0,1091,1090,-1,0,-1,674,673,-1,3,-8,3501,3501,0,2,-2,1249,1250,1,0,-1,1233,1233,0,0,-19
1787464516.785,U,0,1,-,119.0,3134,2119,9,1,-3,1091,1090,-1,0,-1,674,673,-1,3,-8,3501,3501,0,2,-2,1249,1250,1,0,-1,1233,1233,0,0,-19
1787464516.922,U',0,1,-,119.0,2123,3132,-15,2,0,1091,1090,-1,0,-1,674,674,0,3,-7,3501,3501,0,2,-2,1250,1250,0,0,-1,1233,1233,0,0,-19
1787464517.060,U,0,1,-,119.0,3135,2119,8,1,-3,1091,1090,-1,0,-1,674,673,-1,3,-8,3501,3501,0,2,-2,1249,1250,1,0,-1,1234,1233,-1,0,-19
1787464517.200,U',0,1,-,119.0,2123,3132,-15,2,0,1091,1090,-1,0,-1,674,674,0,3,-7,3501,3501,0,2,-2,1250,1250,0,0,-1,1234,1234,0,0,-18
1787464517.337,U,0,1,-,119.0,3135,2118,7,1,-4,1091,1090,-1,0,-1,674,673,-1,3,-8,3501,3501,0,2,-2,1249,1250,1,0,-1,1233,1233,0,0,-19
1787464517.473,U',0,1,-,119.0,2123,3132,-15,2,0,1091,1090,-1,0,-1,674,673,-1,3,-8,3501,3501,0,2,-2,1249,1250,1,0,-1,1233,1233,0,0,-19
1787464517.610,U,0,1,-,119.0,3134,2119,9,1,-3,1091,1091,0,0,0,674,673,-1,3,-8,3501,3501,0,2,-2,1249,1250,1,0,-1,1233,1233,0,0,-19
1787464517.749,U',0,1,-,119.0,2123,3132,-15,2,0,1091,1090,-1,0,-1,674,673,-1,3,-8,3501,3501,0,2,-2,1249,1250,1,0,-1,1233,1233,0,0,-19
1787464517.885,U,0,1,-,119.0,3134,2118,8,1,-4,1091,1090,-1,0,-1,674,673,-1,3,-8,3501,3501,0,2,-2,1249,1250,1,0,-1,1233,1233,0,0,-19
1787464518.023,U',0,1,-,119.0,2123,3132,-15,2,0,1091,1090,-1,0,-1,674,673,-1,3,-8,3501,3501,0,2,-2,1249,1250,1,0,-1,1233,1233,0,0,-19
1787464518.160,U,0,1,-,119.0,3135,2118,7,1,-4,1091,1090,-1,0,-1,674,673,-1,3,-8,3501,3501,0,2,-2,1250,1250,0,0,-1,1233,1233,0,0,-19
1787464518.298,U',0,1,-,119.0,2123,3132,-15,2,0,1091,1090,-1,0,-1,674,673,-1,3,-8,3501,3501,0,2,-2,1249,1250,1,0,-1,1233,1233,0,0,-19
1787464518.436,U,0,1,-,119.0,3134,2119,9,1,-3,1091,1090,-1,0,-1,674,673,-1,3,-8,3501,3501,0,2,-2,1249,1250,1,0,-1,1233,1233,0,0,-19
1787464518.575,U',0,1,-,119.0,2123,3133,-14,2,1,1091,1090,-1,0,-1,674,673,-1,3,-8,3501,3501,0,2,-2,1249,1250,1,0,-1,1233,1233,0,0,-19
1787464518.711,U,0,1,-,119.0,3134,2118,8,1,-4,1091,1090,-1,0,-1,674,673,-1,3,-8,3501,3501,0,2,-2,1250,1250,0,0,-1,1233,1233,0,0,-19
1787464518.849,U',0,1,-,119.0,2123,3132,-15,2,0,1091,1090,-1,0,-1,674,673,-1,3,-8,3501,3501,0,2,-2,1250,1250,0,0,-1,1233,1233,0,0,-19
1787464518.986,U,0,1,-,119.0,3134,2119,9,1,-3,1091,1090,-1,0,-1,674,673,-1,3,-8,3501,3501,0,2,-2,1249,1250,1,0,-1,1233,1234,1,0,-18
1787464519.125,U',0,1,-,119.0,2123,3132,-15,2,0,1091,1090,-1,0,-1,674,674,0,3,-7,3501,3501,0,2,-2,1249,1250,1,0,-1,1233,1234,1,0,-18
1787464519.260,U,0,1,-,119.0,3135,2119,8,1,-3,1091,1090,-1,0,-1,674,673,-1,3,-8,3501,3501,0,2,-2,1250,1250,0,0,-1,1234,1233,-1,0,-19
1787464519.398,U',0,1,-,119.0,2122,3132,-14,2,0,1091,1090,-1,0,-1,674,673,-1,3,-8,3501,3501,0,2,-2,1249,1250,1,0,-1,1233,1233,0,0,-19
1787464519.537,U,0,1,-,119.0,3134,2119,9,1,-3,1091,1090,-1,0,-1,674,673,-1,3,-8,3501,3501,0,2,-2,1249,1250,1,0,-1,1233,1233,0,0,-19
1787464519.674,U',0,1,-,119.0,2123,3132,-15,2,0,1091,1090,-1,0,-1,674,674,0,3,-7,3501,3501,0,2,-2,1249,1250,1,0,-1,1233,1234,1,0,-18
1787464519.810,U,0,1,-,119.0,3135,2119,8,1,-3,1091,1090,-1,0,-1,674,673,-1,3,-8,3501,3501,0,2,-2,1250,1250,0,0,-1,1233,1233,0,0,-19
1787464519.949,U',0,1,-,119.0,2123,3132,-15,2,0,1091,1090,-1,0,-1,674,674,0,3,-7,3501,3501,0,2,-2,1250,1250,0,0,-1,1233,1233,0,0,-19
1787464520.085,U,0,1,-,119.0,3134,2118,8,1,-4,1091,1090,-1,0,-1,674,673,-1,3,-8,3502,3501,-1,2,-2,1249,1250,1,0,-1,1233,1233,0,0,-19
1787464520.224,U',0,1,-,119.0,2123,3132,-15,2,0,1091,1090,-1,0,-1,674,673,-1,3,-8,3501,3501,0,2,-2,1250,1250,0,0,-1,1233,1233,0,0,-19
1787464520.361,U,0,1,-,119.0,3134,2118,8,1,-4,1091,1090,-1,0,-1,674,673,-1,3,-8,3501,3501,0,2,-2,1249,1250,1,0,-1,1233,1233,0,0,-19
1787464520.499,U',0,1,-,119.0,2123,3132,-15,2,0,1091,1090,-1,0,-1,674,673,-1,3,-8,3501,3501,0,2,-2,1250,1250,0,0,-1,1233,1233,0,0,-19
1787464520.635,U,0,1,-,119.0,3134,2118,8,1,-4,1091,1090,-1,0,-1,674,673,-1,3,-8,3501,3501,0,2,-2,1250,1250,0,0,-1,1233,1233,0,0,-19
1787464520.773,U',0,1,-,119.0,2122,3132,-14,2,0,1091,1090,-1,0,-1,674,674,0,3,-7,3501,3501,0,2,-2,1249,1250,1,0,-1,1233,1233,0,0,-19
1787464520.910,U,0,1,-,119.0,3134,2119,9,1,-3,1091,1090,-1,0,-1,674,673,-1,3,-8,3501,3501,0,2,-2,1249,1250,1,0,-1,1233,1234,1,0,-18
1787464521.049,U',0,1,-,119.0,2122,3133,-13,2,1,1091,1090,-1,0,-1,674,673,-1,3,-8,3501,3501,0,2,-2,1249,1250,1,0,-1,1233,1233,0,0,-19
1787464521.186,U,0,1,-,119.0,3134,2119,9,1,-3,1091,1090,-1,0,-1,674,673,-1,3,-8,3501,3501,0,2,-2,1249,1250,1,0,-1,1234,1233,-1,0,-19
1787464521.324,U',0,1,-,119.0,2123,3132,-15,2,0,1091,1091,0,0,0,674,673,-1,3,-8,3501,3501,0,2,-2,1250,1250,0,0,-1,1233,1233,0,0,-19
1787464521.460,U,0,1,-,119.0,3134,2119,9,1,-3,1091,1090,-1,0,-1,674,673,-1,3,-8,3501,3501,0,2,-2,1249,1250,1,0,-1,1233,1233,0,0,-19
1787464521.598,U',0,1,-,119.0,2123,3132,-15,2,0,1091,1090,-1,0,-1,674,673,-1,3,-8,3501,3501,0,2,-2,1249,1250,1,0,-1,1234,1233,-1,0,-19
1787464521.736,U,0,1,-,119.0,3134,2118,8,1,-4,1091,1090,-1,0,-1,674,673,-1,3,-8,3501,3501,0,2,-2,1250,1250,0,0,-1,1233,1233,0,0,-19
1787464521.874,U',0,1,-,119.0,2123,3132,-15,2,0,1091,1090,-1,0,-1,674,673,-1,3,-8,3501,3501,0,2,-2,1249,1250,1,0,-1,1233,1233,0,0,-19
1787464522.010,U,0,1,-,119.0,3134,2119,9,1,-3,1091,1090,-1,0,-1,674,673,-1,3,-8,3501,3501,0,2,-2,1249,1250,1,0,-1,1233,1233,0,0,-19
1787464522.147,U',0,1,-,119.0,2123,3132,-15,2,0,1091,1090,-1,0,-1,674,673,-1,3,-8,3501,3501,0,2,-2,1249,1250,1,0,-1,1233,1233,0,0,-19
1787464522.285,U,0,1,-,119.0,3134,2119,9,1,-3,1091,1091,0,0,0,674,673,-1,3,-8,3501,3501,0,2,-2,1249,1250,1,0,-1,1233,1234,1,0,-18
1787464522.424,U',0,1,-,119.0,2123,3132,-15,2,0,1091,1090,-1,0,-1,674,673,-1,3,-8,3501,3501,0,2,-2,1249,1250,1,0,-1,1233,1233,0,0,-19
1787464522.560,U,0,1,-,119.0,3134,2119,9,1,-3,1091,1090,-1,0,-1,674,673,-1,3,-8,3501,3501,0,2,-2,1249,1250,1,0,-1,1233,1234,1,0,-18
1787464522.697,U',0,1,-,119.0,2123,3132,-15,2,0,1091,1090,-1,0,-1,674,674,0,3,-7,3501,3501,0,2,-2,1250,1250,0,0,-1,1233,1234,1,0,-18
1787464522.836,U,0,1,-,119.0,3134,2118,8,1,-4,1091,1090,-1,0,-1,674,673,-1,3,-8,3501,3501,0,2,-2,1250,1250,0,0,-1,1234,1233,-1,0,-19
1787464522.973,U',0,1,-,119.0,2123,3132,-15,2,0,1091,1091,0,0,0,674,673,-1,3,-8,3501,3501,0,2,-2,1249,1250,1,0,-1,1233,1234,1,0,-18
1787464523.110,U,0,1,-,119.0,3134,2118,8,1,-4,1091,1090,-1,0,-1,674,673,-1,3,-8,3501,3501,0,2,-2,1249,1250,1,0,-1,1234,1233,-1,0,-19
1787464523.250,U',0,1,-,119.0,2123,3132,-15,2,0,1091,1090,-1,0,-1,674,674,0,3,-7,3501,3501,0,2,-2,1249,1250,1,0,-1,1233,1234,1,0,-18
1787464523.385,U,0,1,-,119.0,3135,2119,8,1,-3,1091,1090,-1,0,-1,674,673,-1,3,-8,3501,3501,0,2,-2,1249,1250,1,0,-1,1234,1233,-1,0,-19
1787464523.523,U',0,1,-,119.0,2123,3132,-15,2,0,1091,1090,-1,0,-1,674,674,0,3,-7,3501,3501,0,2,-2,1250,1250,0,0,-1,1233,1233,0,0,-19
1787464523.662,U,0,1,-,119.0,3134,2119,9,1,-3,1091,1090,-1,0,-1,674,673,-1,3,-8,3501,3501,0,2,-2,1249,1250,1,0,-1,1233,1233,0,0,-19
1787464523.798,U',0,1,-,119.0,2123,3132,-15,2,0,1091,1090,-1,0,-1,674,674,0,3,-7,3501,3501,0,2,-2,1249,1250,1,0,-1,1233,1233,0,0,-19
1787464523.935,U,0,1,-,119.0,3134,2119,9,1,-3,1091,1090,-1,0,-1,674,673,-1,3,-8,3501,3501,0,2,-2,1250,1250,0,0,-1,1234,1233,-1,0,-19
1787464524.073,U',0,1,-,119.0,2122,3132,-14,2,0,1091,1090,-1,0,-1,674,673,-1,3,-8,3501,3501,0,2,-2,1249,1250,1,0,-1,1233,1233,0,0,-19
1787464524.210,U,0,1,-,119.0,3134,2119,9,1,-3,1091,1090,-1,0,-1,674,673,-1,3,-8,3501,3501,0,2,-2,1249,1250,1,0,-1,1234,1233,-1,0,-19
1787464524.348,U',0,1,-,119.0,2123,3133,-14,2,1,1091,1090,-1,0,-1,674,674,0,3,-7,3501,3501,0,2,-2,1249,1250,1,0,-1,1233,1233,0,0,-19
1787464524.486,U,0,1,-,119.0,3134,2119,9,1,-3,1091,1090,-1,0,-1,674,673,-1,3,-8,3501,3501,0,2,-2,1249,1250,1,0,-1,1233,1233,0,0,-19
1787464524.623,U',0,1,-,119.0,2123,3132,-15,2,0,1091,1090,-1,0,-1,674,673,-1,3,-8,3501,3501,0,2,-2,1249,1250,1,0,-1,1233,1233,0,0,-19
1787464524.760,U,0,1,-,119.0,3134,2118,8,1,-4,1091,1090,-1,0,-1,674,674,0,3,-7,3501,3501,0,2,-2,1249,1250,1,0,-1,1233,1234,1,0,-18
1787464524.897,U',0,1,-,119.0,2123,3132,-15,2,0,1091,1090,-1,0,-1,674,673,-1,3,-8,3501,3501,0,2,-2,1249,1250,1,0,-1,1234,1233,-1,0,-19
1787464525.035,U,0,1,-,119.0,3134,2118,8,1,-4,1091,1091,0,0,0,674,673,-1,3,-8,3501,3501,0,2,-2,1249,1250,1,0,-1,1233,1233,0,0,-19
1787464525.173,U',0,1,-,119.0,2122,3133,-13,2,1,1091,1090,-1,0,-1,674,674,0,3,-7,3501,3501,0,2,-2,1249,1250,1,0,-1,1233,1233,0,0,-19
1787464525.310,U,0,1,-,119.0,3134,2119,9,1,-3,1091,1090,-1,0,-1,674,673,-1,3,-8,3501,3501,0,2,-2,1250,1250,0,0,-1,1233,1233,0,0,-19
1787464525.447,U',0,1,-,119.0,2123,3132,-15,2,0,1091,1090,-1,0,-1,674,673,-1,3,-8,3501,3501,0,2,-2,1250,1250,0,0,-1,1233,1234,1,0,-18
1787464525.585,U,0,1,-,119.0,3134,2119,9,1,-3,1091,1090,-1,0,-1,674,673,-1,3,-8,3501,3501,0,2,-2,1250,1250,0,0,-1,1233,1233,0,0,-19
1787464525.723,U',0,1,-,119.0,2123,3132,-15,2,0,1091,1090,-1,0,-1,674,673,-1,3,-8,3501,3501,0,2,-2,1250,1250,0,0,-1,1233,1233,0,0,-19
1787464525.862,U,0,1,-,119.0,3134,2118,8,1,-4,1091,1090,-1,0,-1,674,673,-1,3,-8,3501,3501,0,2,-2,1249,1250,1,0,-1,1233,1233,0,0,-19
1787464525.997,U',0,1,-,119.0,2123,3132,-15,2,0,1091,1090,-1,0,-1,674,673,-1,3,-8,3501,3501,0,2,-2,1250,1250,0,0,-1,1233,1233,0,0,-19
1787464526.135,U,0,1,-,119.0,3134,2118,8,1,-4,1091,1090,-1,0,-1,674,673,-1,3,-8,3501,3501,0,2,-2,1249,1250,1,0,-1,1233,1233,0,0,-19
1787464526.273,U',0,1,-,119.0,2123,3132,-15,2,0,1091,1090,-1,0,-1,674,674,0,3,-7,3501,3501,0,2,-2,1249,1250,1,0,-1,1233,1233,0,0,-19
1787464526.410,U,0,1,-,119.0,3134,2119,9,1,-3,1091,1090,-1,0,-1,674,674,0,3,-7,3501,3501,0,2,-2,1249,1250,1,0,-1,1233,1234,1,0,-18
1787464526.547,U',0,1,-,119.0,2122,3132,-14,2,0,1091,1090,-1,0,-1,674,673,-1,3,-8,3501,3501,0,2,-2,1249,1250,1,0,-1,1233,1234,1,0,-18
1787464526.685,U,0,1,-,119.0,3134,2119,9,1,-3,1091,1090,-1,0,-1,674,674,0,3,-7,3501,3501,0,2,-2,1250,1250,0,0,-1,1233,1233,0,0,-19
1787464526.822,U',0,1,-,119.0,2122,3132,-14,2,0,1091,1090,-1,0,-1,674,674,0,3,-7,3501,3501,0,2,-2,1249,1250,1,0,-1,1233,1233,0,0,-19
1787464526.960,U,0,1,-,119.0,3134,2119,9,1,-3,1091,1090,-1,0,-1,674,673,-1,3,-8,3501,3501,0,2,-2,1250,1250,0,0,-1,1233,1233,0,0,-19
1787464527.097,U',0,1,-,119.0,2122,3132,-14,2,0,1091,1090,-1,0,-1,674,673,-1,3,-8,3501,3501,0,2,-2,1249,1250,1,0,-1,1233,1233,0,0,-19
1787464527.235,U,0,1,-,119.0,3135,2119,8,1,-3,1091,1090,-1,0,-1,674,673,-1,3,-8,3501,3501,0,2,-2,1250,1250,0,0,-1,1233,1233,0,0,-19
1787464527.371,U',0,1,-,119.0,2123,3132,-15,2,0,1091,1090,-1,0,-1,674,673,-1,3,-8,3501,3501,0,2,-2,1249,1250,1,0,-1,1233,1233,0,0,-19
1787464527.509,U,0,1,-,119.0,3134,2119,9,1,-3,1091,1090,-1,0,-1,674,673,-1,3,-8,3501,3501,0,2,-2,1249,1250,1,0,-1,1233,1233,0,0,-19
1787464527.647,U',0,1,-,119.0,2123,3132,-15,2,0,1091,1090,-1,0,-1,674,673,-1,3,-8,3501,3501,0,2,-2,1250,1250,0,0,-1,1233,1233,0,0,-19
1787464527.785,U,0,1,-,119.0,3134,2119,9,1,-3,1091,1090,-1,0,-1,674,674,0,3,-7,3501,3501,0,2,-2,1249,1249,0,0,-2,1233,1233,0,0,-19
1787464527.922,U',0,1,-,119.0,2123,3132,-15,2,0,1091,1090,-1,0,-1,674,673,-1,3,-8,3501,3501,0,2,-2,1249,1250,1,0,-1,1233,1234,1,0,-18
1787464528.060,U,0,1,-,119.0,3134,2118,8,1,-4,1091,1091,0,0,0,674,673,-1,3,-8,3501,3501,0,2,-2,1250,1250,0,0,-1,1233,1233,0,0,-19
1787464528.197,U',0,1,-,119.0,2123,3132,-15,2,0,1091,1090,-1,0,-1,674,673,-1,3,-8,3501,3501,0,2,-2,1250,1250,0,0,-1,1233,1233,0,0,-19
1787464528.335,U,0,1,-,119.0,3134,2119,9,1,-3,1091,1090,-1,0,-1,674,673,-1,3,-8,3501,3501,0,2,-2,1249,1250,1,0,-1,1233,1233,0,0,-19
1787464528.473,U',0,1,-,119.0,2123,3132,-15,2,0,1091,1090,-1,0,-1,674,674,0,3,-7,3501,3501,0,2,-2,1249,1250,1,0,-1,1233,1233,0,0,-19
1787464528.610,U,0,1,-,119.0,3134,2119,9,1,-3,1091,1090,-1,0,-1,674,674,0,3,-7,3501,3501,0,2,-2,1249,1250,1,0,-1,1233,1233,0,0,-19
1787464528.747,U',0,1,-,119.0,2122,3132,-14,2,0,1091,1090,-1,0,-1,674,673,-1,3,-8,3501,3501,0,2,-2,1249,1250,1,0,-1,1233,1233,0,0,-19
1787464528.885,U,0,1,-,119.0,3134,2118,8,1,-4,1091,1090,-1,0,-1,674,674,0,3,-7,3501,3501,0,2,-2,1249,1250,1,0,-1,1233,1234,1,0,-18
1787464529.022,U',0,1,-,119.0,2123,3132,-15,2,0,1091,1090,-1,0,-1,674,673,-1,3,-8,3501,3501,0,2,-2,1250,1250,0,0,-1,1234,1233,-1,0,-19
1787464529.167,U,0,1,-,119.0,3134,2119,9,1,-3,1091,1090,-1,0,-1,674,673,-1,3,-8,3501,3501,0,2,-2,1249,1250,1,0,-1,1233,1233,0,0,-19
1787464529.297,U',0,1,-,119.0,2122,3132,-14,2,0,1091,1090,-1,0,-1,674,673,-1,3,-8,3501,3501,0,2,-2,1250,1250,0,0,-1,1233,1233,0,0,-19
1787464529.435,U,0,1,-,119.0,3134,2119,9,1,-3,1091,1090,-1,0,-1,674,673,-1,3,-8,3501,3501,0,2,-2,1249,1250,1,0,-1,1233,1233,0,0,-19
1787464529.573,U',0,1,-,119.0,2123,3132,-15,2,0,1091,1090,-1,0,-1,674,673,-1,3,-8,3501,3501,0,2,-2,1249,1250,1,0,-1,1233,1233,0,0,-19
1787464529.710,U,0,1,-,119.0,3134,2118,8,1,-4,1091,1090,-1,0,-1,674,674,0,3,-7,3501,3501,0,2,-2,1250,1250,0,0,-1,1233,1233,0,0,-19
1787464529.847,U',0,1,-,119.0,2123,3132,-15,2,0,1091,1090,-1,0,-1,674,673,-1,3,-8,3501,3501,0,2,-2,1249,1250,1,0,-1,1233,1233,0,0,-19
1787464529.984,U,0,1,-,119.0,3134,2118,8,1,-4,1091,1090,-1,0,-1,674,674,0,3,-7,3501,3501,0,2,-2,1249,1250,1,0,-1,1233,1233,0,0,-19
1787464530.122,U',0,1,-,119.0,2123,3132,-15,2,0,1091,1090,-1,0,-1,674,673,-1,3,-8,3501,3501,0,2,-2,1249,1250,1,0,-1,1233,1233,0,0,-19
1787464530.259,U,0,1,-,119.0,3134,2119,9,1,-3,1091,1090,-1,0,-1,674,673,-1,3,-8,3501,3501,0,2,-2,1249,1250,1,0,-1,1233,1233,0,0,-19
1787464530.397,U',0,1,-,119.0,2122,3132,-14,2,0,1091,1090,-1,0,-1,674,673,-1,3,-8,3501,3501,0,2,-2,1249,1250,1,0,-1,1233,1234,1,0,-18
1787464530.534,U,0,1,-,119.0,3134,2119,9,1,-3,1091,1090,-1,0,-1,674,673,-1,3,-8,3501,3501,0,2,-2,1250,1250,0,0,-1,1234,1233,-1,0,-19
1787464530.672,U',0,1,-,119.0,2123,3132,-15,2,0,1091,1090,-1,0,-1,674,673,-1,3,-8,3501,3501,0,2,-2,1249,1249,0,0,-2,1233,1233,0,0,-19
1787464530.812,U,0,1,-,119.0,3134,2118,8,1,-4,1091,1090,-1,0,-1,674,673,-1,3,-8,3501,3501,0,2,-2,1249,1250,1,0,-1,1233,1233,0,0,-19
1787464530.947,U',0,1,-,119.0,2122,3132,-14,2,0,1091,1090,-1,0,-1,674,673,-1,3,-8,3501,3501,0,2,-2,1249,1250,1,0,-1,1233,1233,0,0,-19
1787464531.086,U,0,1,-,119.0,3134,2119,9,1,-3,1091,1090,-1,0,-1,674,673,-1,3,-8,3501,3501,0,2,-2,1250,1250,0,0,-1,1233,1233,0,0,-19
1787464531.222,U',0,1,-,119.0,2123,3132,-15,2,0,1091,1090,-1,0,-1,674,673,-1,3,-8,3501,3501,0,2,-2,1249,1250,1,0,-1,1233,1233,0,0,-19
1787464531.359,U,0,1,-,119.0,3134,2118,8,1,-4,1091,1091,0,0,0,674,673,-1,3,-8,3501,3501,0,2,-2,1249,1250,1,0,-1,1233,1233,0,0,-19
1787464531.497,U',0,1,-,119.0,2123,3132,-15,2,0,1091,1090,-1,0,-1,674,674,0,3,-7,3501,3501,0,2,-2,1250,1250,0,0,-1,1234,1233,-1,0,-19
1787464531.634,U,0,1,-,119.0,3134,2119,9,1,-3,1091,1090,-1,0,-1,674,673,-1,3,-8,3501,3501,0,2,-2,1249,1250,1,0,-1,1233,1233,0,0,-19
1787464531.773,U',0,1,-,119.0,2123,3132,-15,2,0,1091,1090,-1,0,-1,674,673,-1,3,-8,3501,3501,0,2,-2,1250,1250,0,0,-1,1233,1234,1,0,-18
1787464531.910,U,0,1,-,119.0,3134,2119,9,1,-3,1091,1090,-1,0,-1,674,673,-1,3,-8,3501,3501,0,2,-2,1249,1250,1,0,-1,1233,1234,1,0,-18
1787464532.047,U',0,1,-,119.0,2123,3132,-15,2,0,1091,1090,-1,0,-1,674,674,0,3,-7,3501,3501,0,2,-2,1249,1250,1,0,-1,1233,1233,0,0,-19
1787464532.186,U,0,1,-,119.0,3134,2119,9,1,-3,1091,1090,-1,0,-1,674,673,-1,3,-8,3501,3501,0,2,-2,1250,1250,0,0,-1,1233,1233,0,0,-19
1787464532.322,U',0,1,-,119.0,2122,3132,-14,2,0,1091,1090,-1,0,-1,674,674,0,3,-7,3501,3501,0,2,-2,1249,1250,1,0,-1,1233,1233,0,0,-19
1787464532.459,U,0,1,-,119.0,3134,2119,9,1,-3,1091,1090,-1,0,-1,674,674,0,3,-7,3501,3501,0,2,-2,1249,1250,1,0,-1,1233,1233,0,0,-19
1787464532.598,U',0,1,-,119.0,2123,3132,-15,2,0,1091,1090,-1,0,-1,674,673,-1,3,-8,3501,3501,0,2,-2,1250,1250,0,0,-1,1234,1234,0,0,-18
1787464532.734,U,0,1,-,119.0,3134,2119,9,1,-3,1091,1090,-1,0,-1,674,674,0,3,-7,3501,3501,0,2,-2,1249,1250,1,0,-1,1233,1233,0,0,-19
1787464532.871,U',0,1,-,119.0,2123,3132,-15,2,0,1091,1090,-1,0,-1,674,674,0,3,-7,3501,3501,0,2,-2,1249,1250,1,0,-1,1233,1233,0,0,-19
1787464533.010,U,0,1,-,119.0,3134,2119,9,1,-3,1091,1090,-1,0,-1,674,673,-1,3,-8,3501,3501,0,2,-2,1249,1250,1,0,-1,1233,1233,0,0,-19
1787464533.147,U',0,1,-,119.0,2122,3132,-14,2,0,1091,1090,-1,0,-1,674,674,0,3,-7,3501,3501,0,2,-2,1250,1250,0,0,-1,1233,1233,0,0,-19
1787464533.284,U,0,1,-,119.0,3134,2119,9,1,-3,1091,1090,-1,0,-1,674,673,-1,3,-8,3501,3501,0,2,-2,1249,1250,1,0,-1,1234,1233,-1,0,-19
1787464533.422,U',0,1,-,119.0,2123,3133,-14,2,1,1091,1090,-1,0,-1,674,673,-1,3,-8,3501,3501,0,2,-2,1249,1250,1,0,-1,1234,1234,0,0,-18
1787464533.559,U,0,1,-,119.0,3134,2119,9,1,-3,1091,1091,0,0,0,674,674,0,3,-7,3501,3501,0,2,-2,1249,1250,1,0,-1,1233,1233,0,0,-19
1787464533.696,U',0,1,-,119.0,2123,3132,-15,2,0,1091,1090,-1,0,-1,674,673,-1,3,-8,3501,3501,0,2,-2,1250,1250,0,0,-1,1234,1233,-1,0,-19
1787464533.834,U,0,1,-,119.0,3135,2119,8,1,-3,1091,1090,-1,0,-1,674,673,-1,3,-8,3501,3501,0,2,-2,1249,1250,1,0,-1,1233,1233,0,0,-19
1787464533.973,U',0,1,-,119.0,2123,3132,-15,2,0,1091,1090,-1,0,-1,674,673,-1,3,-8,3501,3501,0,2,-2,1249,1250,1,0,-1,1233,1233,0,0,-19
1787464534.109,U,0,1,-,119.0,3135,2118,7,1,-4,1091,1090,-1,0,-1,674,674,0,3,-7,3501,3501,0,2,-2,1249,1250,1,0,-1,1233,1233,0,0,-19
1787464534.249,U',0,1,-,119.0,2123,3132,-15,2,0,1091,1090,-1,0,-1,674,673,-1,3,-8,3501,3501,0,2,-2,1250,1250,0,0,-1,1233,1233,0,0,-19
1787464534.384,U,0,1,-,119.0,3134,2119,9,1,-3,1091,1090,-1,0,-1,674,673,-1,3,-8,3501,3501,0,2,-2,1250,1250,0,0,-1,1233,1233,0,0,-19
1787464534.522,U',0,1,-,119.0,2123,3132,-15,2,0,1091,1090,-1,0,-1,674,673,-1,3,-8,3501,3501,0,2,-2,1250,1250,0,0,-1,1234,1233,-1,0,-19
1787464534.660,U,0,1,-,119.0,3134,2119,9,1,-3,1091,1090,-1,0,-1,674,673,-1,3,-8,3501,3501,0,2,-2,1249,1250,1,0,-1,1233,1233,0,0,-19
1787464534.797,U',0,1,-,119.0,2123,3132,-15,2,0,1091,1090,-1,0,-1,674,673,-1,3,-8,3501,3501,0,2,-2,1250,1250,0,0,-1,1233,1233,0,0,-19
1787464534.934,U,0,1,-,119.0,3134,2118,8,1,-4,1091,1090,-1,0,-1,674,673,-1,3,-8,3501,3501,0,2,-2,1250,1250,0,0,-1,1233,1233,0,0,-19
1787464535.071,U',0,1,-,119.0,2123,3132,-15,2,0,1091,1090,-1,0,-1,674,673,-1,3,-8,3501,3501,0,2,-2,1250,1250,0,0,-1,1233,1234,1,0,-18
1787464535.211,U,0,1,-,119.0,3134,2118,8,1,-4,1091,1091,0,0,0,674,673,-1,3,-8,3501,3501,0,2,-2,1250,1249,-1,0,-2,1233,1233,0,0,-19
1787464535.347,U',0,1,-,119.0,2123,3132,-15,2,0,1091,1090,-1,0,-1,674,673,-1,3,-8,3501,3501,0,2,-2,1249,1250,1,0,-1,1233,1233,0,0,-19
1787464535.484,U,0,1,-,119.0,3134,2118,8,1,-4,1091,1091,0,0,0,674,673,-1,3,-8,3501,3501,0,2,-2,1249,1250,1,0,-1,1233,1233,0,0,-19
1787464535.624,U',0,1,-,119.0,2123,3132,-15,2,0,1091,1090,-1,0,-1,674,674,0,3,-7,3501,3501,0,2,-2,1250,1250,0,0,-1,1234,1233,-1,0,-19
1787464535.761,U,0,1,-,119.0,3134,2118,8,1,-4,1091,1090,-1,0,-1,674,673,-1,3,-8,3501,3501,0,2,-2,1249,1250,1,0,-1,1233,1233,0,0,-19
1787464535.897,U',0,1,-,119.0,2123,3132,-15,2,0,1091,1090,-1,0,-1,674,673,-1,3,-8,3501,3501,0,2,-2,1250,1250,0,0,-1,1233,1233,0,0,-19
1787464536.035,U,0,1,-,119.0,3134,2119,9,1,-3,1091,1090,-1,0,-1,674,674,0,3,-7,3501,3501,0,2,-2,1249,1250,1,0,-1,1234,1233,-1,0,-19
1787464536.172,U',0,1,-,119.0,2123,3132,-15,2,0,1091,1090,-1,0,-1,674,673,-1,3,-8,3501,3501,0,2,-2,1249,1250,1,0,-1,1233,1233,0,0,-19
1787464536.309,U,0,1,-,119.0,3134,2118,8,1,-4,1091,1090,-1,0,-1,674,673,-1,3,-8,3501,3501,0,2,-2,1250,1250,0,0,-1,1233,1233,0,0,-19
1787464536.449,U',0,1,-,119.0,2123,3132,-15,2,0,1091,1090,-1,0,-1,674,673,-1,3,-8,3501,3501,0,2,-2,1250,1250,0,0,-1,1233,1234,1,0,-18
1787464536.584,U,0,1,-,119.0,3133,2119,10,1,-3,1091,1090,-1,0,-1,674,673,-1,3,-8,3501,3501,0,2,-2,1250,1250,0,0,-1,1233,1233,0,0,-19
1787464536.722,U',0,1,-,119.0,2123,3132,-15,2,0,1091,1090,-1,0,-1,674,673,-1,3,-8,3501,3501,0,2,-2,1249,1250,1,0,-1,1233,1233,0,0,-19
1787464536.859,U,0,1,-,119.0,3134,2119,9,1,-3,1091,1090,-1,0,-1,674,673,-1,3,-8,3501,3501,0,2,-2,1249,1250,1,0,-1,1233,1233,0,0,-19
1787464536.997,U',0,1,-,119.0,2123,3132,-15,2,0,1091,1090,-1,0,-1,674,673,-1,3,-8,3501,3501,0,2,-2,1249,1250,1,0,-1,1233,1234,1,0,-18
1787464537.135,U,0,1,-,119.0,3134,2119,9,1,-3,1091,1090,-1,0,-1,674,673,-1,3,-8,3501,3501,0,2,-2,1250,1250,0,0,-1,1233,1233,0,0,-19
1787464537.272,U',0,1,-,119.0,2122,3132,-14,2,0,1091,1091,0,0,0,674,673,-1,3,-8,3501,3501,0,2,-2,1249,1250,1,0,-1,1233,1233,0,0,-19
1787464537.409,U,0,1,-,119.0,3134,2119,9,1,-3,1091,1091,0,0,0,674,674,0,3,-7,3501,3501,0,2,-2,1249,1250,1,0,-1,1233,1233,0,0,-19
1787464537.546,U',0,1,-,119.0,2123,3132,-15,2,0,1091,1090,-1,0,-1,674,674,0,3,-7,3501,3501,0,2,-2,1249,1250,1,0,-1,1233,1234,1,0,-18
1787464537.684,U,0,1,-,119.0,3134,2119,9,1,-3,1091,1090,-1,0,-1,674,673,-1,3,-8,3501,3501,0,2,-2,1249,1250,1,0,-1,1233,1233,0,0,-19
1787464537.822,U',0,1,-,119.0,2123,3132,-15,2,0,1091,1090,-1,0,-1,674,674,0,3,-7,3501,3501,0,2,-2,1250,1250,0,0,-1,1233,1233,0,0,-19
1787464537.959,U,0,1,-,119.0,3134,2119,9,1,-3,1091,1090,-1,0,-1,674,673,-1,3,-8,3501,3501,0,2,-2,1249,1249,0,0,-2,1233,1234,1,0,-18
1787464538.097,U',0,1,-,119.0,2123,3132,-15,2,0,1091,1090,-1,0,-1,674,673,-1,3,-8,3501,3501,0,2,-2,1249,1250,1,0,-1,1233,1233,0,0,-19
1787464538.238,U,0,1,-,119.0,3134,2119,9,1,-3,1091,1090,-1,0,-1,674,673,-1,3,-8,3501,3501,0,2,-2,1250,1250,0,0,-1,1233,1233,0,0,-19
1787464538.374,U,0,1,-,119.0,2123,1099,0,0,-3,1091,1090,-1,0,-1,674,673,-1,3,-8,3501,3501,0,2,-2,1250,1250,0,0,-1,1233,1234,1,0,-18
1787464538.511,U,0,1,-,119.0,1102,60,-18,3,-4,1091,1090,-1,0,-1,674,673,-1,3,-8,3501,3501,0,2,-2,1249,1250,1,0,-1,1233,1233,0,0,-19
1787464538.648,U,0,1,-,119.0,64,3132,-4,2,0,1091,1090,-1,0,-1,674,673,-1,3,-8,3501,3501,0,2,-2,1249,1249,0,0,-2,1233,1233,0,0,-19
1787464538.788,U,0,1,-,119.0,3134,2118,8,1,-4,1091,1091,0,0,0,674,673,-1,3,-8,3501,3501,0,2,-2,1249,1250,1,0,-1,1233,1234,1,0,-18
1787464538.924,U,0,1,-,119.0,2123,1099,0,0,-3,1091,1090,-1,0,-1,674,673,-1,3,-8,3501,3501,0,2,-2,1249,1250,1,0,-1,1233,1233,0,0,-19
1787464539.061,U,0,1,-,119.0,1102,60,-18,3,-4,1091,1090,-1,0,-1,674,673,-1,3,-8,3501,3501,0,2,-2,1250,1250,0,0,-1,1234,1233,-1,0,-19
1787464539.200,U,0,1,-,119.0,64,3131,-5,2,-1,1091,1090,-1,0,-1,674,673,-1,3,-8,3501,3501,0,2,-2,1249,1250,1,0,-1,1233,1233,0,0,-19
1787464539.337,U,0,1,-,119.0,3135,2118,7,1,-4,1091,1090,-1,0,-1,674,673,-1,3,-8,3501,3501,0,2,-2,1249,1250,1,0,-1,1233,1233,0,0,-19
1787464539.474,U,0,1,-,119.0,2123,1099,0,0,-3,1091,1090,-1,0,-1,674,673,-1,3,-8,3501,3501,0,2,-2,1249,1250,1,0,-1,1233,1233,0,0,-19
1787464539.611,U,0,1,-,119.0,1102,60,-18,3,-4,1091,1091,0,0,0,674,673,-1,3,-8,3501,3501,0,2,-2,1250,1250,0,0,-1,1234,1233,-1,0,-19
1787464539.749,U,0,1,-,119.0,65,3131,-6,2,-1,1091,1090,-1,0,-1,674,673,-1,3,-8,3501,3501,0,2,-2,1249,1250,1,0,-1,1234,1233,-1,0,-19
1787464539.885,U,0,1,-,119.0,3136,2118,6,1,-4,1091,1090,-1,0,-1,674,673,-1,3,-8,3501,3501,0,2,-2,1249,1250,1,0,-1,1233,1233,0,0,-19
1787464540.025,U,0,1,-,119.0,2123,1099,0,0,-3,1091,1090,-1,0,-1,674,673,-1,3,-8,3501,3501,0,2,-2,1249,1250,1,0,-1,1233,1233,0,0,-19
1787464540.161,U,0,1,-,119.0,1103,60,-19,3,-4,1091,1090,-1,0,-1,674,673,-1,3,-8,3501,3501,0,2,-2,1249,1250,1,0,-1,1233,1233,0,0,-19
1787464540.300,U,0,1,-,119.0,64,3131,-5,2,-1,1091,1090,-1,0,-1,674,673,-1,3,-8,3501,3501,0,2,-2,1249,1250,1,0,-1,1233,1234,1,0,-18
1787464540.438,U,0,1,-,119.0,3135,2118,7,1,-4,1091,1090,-1,0,-1,674,673,-1,3,-8,3501,3501,0,2,-2,1250,1250,0,0,-1,1234,1233,-1,0,-19
1787464540.573,U,0,1,-,119.0,2122,1099,1,0,-3,1091,1090,-1,0,-1,674,673,-1,3,-8,3501,3501,0,2,-2,1250,1250,0,0,-1,1233,1233,0,0,-19
1787464540.711,U,0,1,-,119.0,1102,60,-18,3,-4,1091,1090,-1,0,-1,674,673,-1,3,-8,3501,3501,0,2,-2,1249,1250,1,0,-1,1233,1233,0,0,-19
1787464540.850,U,0,1,-,119.0,65,3131,-6,2,-1,1091,1090,-1,0,-1,674,673,-1,3,-8,3501,3501,0,2,-2,1249,1250,1,0,-1,1233,1233,0,0,-19
1787464540.985,U,0,1,-,119.0,3135,2119,8,1,-3,1091,1090,-1,0,-1,674,673,-1,3,-8,3501,3501,0,2,-2,1250,1250,0,0,-1,1233,1233,0,0,-19
1787464541.125,U,0,1,-,119.0,2123,1098,-1,0,-4,1091,1090,-1,0,-1,674,673,-1,3,-8,3501,3501,0,2,-2,1249,1249,0,0,-2,1233,1233,0,0,-19
1787464541.261,U,0,1,-,119.0,1102,60,-18,3,-4,1091,1090,-1,0,-1,674,673,-1,3,-8,3501,3501,0,2,-2,1249,1250,1,0,-1,1233,1233,0,0,-19
1787464541.398,U,0,1,-,119.0,64,3131,-5,2,-1,1091,1090,-1,0,-1,674,673,-1,3,-8,3501,3501,0,2,-2,1249,1250,1,0,-1,1233,1234,1,0,-18
1787464541.536,U,0,1,-,119.0,3135,2119,8,1,-3,1091,1090,-1,0,-1,674,673,-1,3,-8,3501,3501,0,2,-2,1249,1250,1,0,-1,1233,1233,0,0,-19
1787464541.673,U,0,1,-,119.0,2123,1099,0,0,-3,1091,1090,-1,0,-1,674,673,-1,3,-8,3501,3501,0,2,-2,1249,1250,1,0,-1,1233,1233,0,0,-19
1787464541.811,U,0,1,-,119.0,1102,60,-18,3,-4,1091,1091,0,0,0,674,673,-1,3,-8,3501,3501,0,2,-2,1249,1250,1,0,-1,1233,1233,0,0,-19
1787464541.949,U,0,1,-,119.0,65,3131,-6,2,-1,1091,1090,-1,0,-1,674,673,-1,3,-8,3501,3501,0,2,-2,1249,1250,1,0,-1,1233,1233,0,0,-19
1787464542.086,U,0,1,-,119.0,3135,2119,8,1,-3,1091,1091,0,0,0,674,673,-1,3,-8,3501,3501,0,2,-2,1249,1250,1,0,-1,1233,1233,0,0,-19
1787464542.224,U,0,1,-,119.0,2123,1099,0,0,-3,1091,1090,-1,0,-1,674,674,0,3,-7,3501,3501,0,2,-2,1249,1250,1,0,-1,1234,1234,0,0,-18
1787464542.361,U,0,1,-,119.0,1102,60,-18,3,-4,1091,1090,-1,0,-1,674,673,-1,3,-8,3501,3501,0,2,-2,1250,1250,0,0,-1,1233,1233,0,0,-19
1787464542.499,U,0,1,-,119.0,65,3131,-6,2,-1,1091,1090,-1,0,-1,674,673,-1,3,-8,3501,3501,0,2,-2,1250,1250,0,0,-1,1233,1233,0,0,-19
1787464542.635,U,0,1,-,119.0,3135,2118,7,1,-4,1091,1090,-1,0,-1,674,673,-1,3,-8,3501,3501,0,2,-2,1249,1250,1,0,-1,1233,1233,0,0,-19
1787464542.773,U,0,1,-,119.0,2123,1098,-1,0,-4,1091,1090,-1,0,-1,674,673,-1,3,-8,3501,3501,0,2,-2,1249,1250,1,0,-1,1234,1233,-1,0,-19
1787464542.911,U,0,1,-,119.0,1102,60,-18,3,-4,1091,1090,-1,0,-1,674,673,-1,3,-8,3501,3501,0,2,-2,1249,1250,1,0,-1,1233,1234,1,0,-18
1787464543.049,U,0,1,-,119.0,64,3131,-5,2,-1,1091,1090,-1,0,-1,674,673,-1,3,-8,3501,3501,0,2,-2,1249,1250,1,0,-1,1233,1234,1,0,-18
1787464543.186,U,0,1,-,119.0,3135,2118,7,1,-4,1091,1090,-1,0,-1,674,673,-1,3,-8,3501,3501,0,2,-2,1250,1250,0,0,-1,1233,1233,0,0,-19
1787464543.324,U,0,1,-,119.0,2122,1099,1,0,-3,1091,1090,-1,0,-1,674,673,-1,3,-8,3501,3501,0,2,-2,1249,1250,1,0,-1,1233,1233,0,0,-19
1787464543.461,U,0,1,-,119.0,1102,60,-18,3,-4,1091,1090,-1,0,-1,674,673,-1,3,-8,3501,3501,0,2,-2,1249,1250,1,0,-1,1233,1234,1,0,-18
1787464543.599,U,0,1,-,119.0,64,3131,-5,2,-1,1091,1090,-1,0,-1,674,673,-1,3,-8,3501,3501,0,2,-2,1249,1250,1,0,-1,1233,1233,0,0,-19
1787464543.736,U,0,1,-,119.0,3135,2119,8,1,-3,1091,1091,0,0,0,674,673,-1,3,-8,3501,3501,0,2,-2,1250,1250,0,0,-1,1233,1233,0,0,-19
1787464543.873,U,0,1,-,119.0,2123,1098,-1,0,-4,1091,1090,-1,0,-1,674,673,-1,3,-8,3501,3501,0,2,-2,1250,1250,0,0,-1,1233,1233,0,0,-19
1787464544.011,U,0,1,-,119.0,1102,60,-18,3,-4,1091,1090,-1,0,-1,674,673,-1,3,-8,3501,3501,0,2,-2,1249,1250,1,0,-1,1233,1233,0,0,-19
1787464544.148,U,0,1,-,119.0,65,3131,-6,2,-1,1091,1090,-1,0,-1,674,673,-1,3,-8,3501,3501,0,2,-2,1249,1250,1,0,-1,1233,1234,1,0,-18
1787464544.286,U,0,1,-,119.0,3135,2119,8,1,-3,1091,1090,-1,0,-1,674,673,-1,3,-8,3501,3501,0,2,-2,1249,1250,1,0,-1,1233,1233,0,0,-19
1787464544.424,U,0,1,-,119.0,2123,1099,0,0,-3,1091,1090,-1,0,-1,674,673,-1,3,-8,3501,3501,0,2,-2,1249,1250,1,0,-1,1234,1234,0,0,-18
1787464544.561,U,0,1,-,119.0,1102,60,-18,3,-4,1091,1090,-1,0,-1,674,673,-1,3,-8,3501,3501,0,2,-2,1250,1250,0,0,-1,1233,1233,0,0,-19
1787464544.699,U,0,1,-,119.0,64,3131,-5,2,-1,1091,1090,-1,0,-1,674,673,-1,3,-8,3501,3501,0,2,-2,1249,1250,1,0,-1,1233,1233,0,0,-19
1787464544.836,U,0,1,-,119.0,3135,2118,7,1,-4,1091,1090,-1,0,-1,674,673,-1,3,-8,3501,3501,0,2,-2,1250,1250,0,0,-1,1233,1233,0,0,-19
1787464544.973,U,0,1,-,119.0,2123,1099,0,0,-3,1091,1091,0,0,0,674,673,-1,3,-8,3501,3501,0,2,-2,1249,1250,1,0,-1,1233,1233,0,0,-19
1787464545.111,U,0,1,-,119.0,1102,60,-18,3,-4,1091,1090,-1,0,-1,674,673,-1,3,-8,3501,3501,0,2,-2,1249,1250,1,0,-1,1233,1233,0,0,-19
1787464545.248,U,0,1,-,119.0,64,3131,-5,2,-1,1091,1090,-1,0,-1,674,673,-1,3,-8,3501,3501,0,2,-2,1249,1250,1,0,-1,1233,1233,0,0,-19
1787464545.385,U,0,1,-,119.0,3135,2118,7,1,-4,1091,1090,-1,0,-1,674,673,-1,3,-8,3501,3501,0,2,-2,1249,1250,1,0,-1,1233,1234,1,0,-18
1787464545.523,U,0,1,-,119.0,2123,1099,0,0,-3,1091,1090,-1,0,-1,674,673,-1,3,-8,3501,3501,0,2,-2,1249,1250,1,0,-1,1233,1233,0,0,-19
1787464545.661,U,0,1,-,119.0,1102,60,-18,3,-4,1091,1090,-1,0,-1,674,673,-1,3,-8,3501,3501,0,2,-2,1250,1250,0,0,-1,1233,1233,0,0,-19
1787464545.799,U,0,1,-,119.0,64,3131,-5,2,-1,1091,1090,-1,0,-1,674,673,-1,3,-8,3501,3501,0,2,-2,1249,1250,1,0,-1,1233,1233,0,0,-19
1787464545.935,U,0,1,-,119.0,3135,2119,8,1,-3,1091,1091,0,0,0,674,673,-1,3,-8,3501,3501,0,2,-2,1249,1250,1,0,-1,1234,1233,-1,0,-19
1787464546.073,U,0,1,-,119.0,2122,1099,1,0,-3,1091,1090,-1,0,-1,674,673,-1,3,-8,3501,3501,0,2,-2,1249,1250,1,0,-1,1233,1233,0,0,-19
1787464546.211,U,0,1,-,119.0,1103,60,-19,3,-4,1091,1090,-1,0,-1,674,673,-1,3,-8,3501,3501,0,2,-2,1249,1250,1,0,-1,1233,1233,0,0,-19
1787464546.348,U,0,1,-,119.0,65,3131,-6,2,-1,1091,1090,-1,0,-1,674,673,-1,3,-8,3501,3501,0,2,-2,1249,1250,1,0,-1,1233,1234,1,0,-18
1787464546.485,U,0,1,-,119.0,3135,2119,8,1,-3,1091,1090,-1,0,-1,674,673,-1,3,-8,3501,3501,0,2,-2,1250,1249,-1,0,-2,1233,1233,0,0,-19
1787464546.623,U,0,1,-,119.0,2123,1099,0,0,-3,1091,1090,-1,0,-1,674,673,-1,3,-8,3501,3501,0,2,-2,1249,1250,1,0,-1,1233,1233,0,0,-19
1787464546.760,U,0,1,-,119.0,1102,60,-18,3,-4,1091,1090,-1,0,-1,674,673,-1,3,-8,3501,3501,0,2,-2,1249,1250,1,0,-1,1233,1233,0,0,-19
1787464546.898,U,0,1,-,119.0,65,3131,-6,2,-1,1091,1090,-1,0,-1,674,673,-1,3,-8,3501,3501,0,2,-2,1249,1250,1,0,-1,1233,1233,0,0,-19
1787464547.036,U,0,1,-,119.0,3135,2118,7,1,-4,1091,1091,0,0,0,674,674,0,3,-7,3501,3501,0,2,-2,1250,1250,0,0,-1,1233,1233,0,0,-19
1787464547.173,U,0,1,-,119.0,2123,1099,0,0,-3,1091,1090,-1,0,-1,674,674,0,3,-7,3501,3501,0,2,-2,1250,1250,0,0,-1,1233,1233,0,0,-19
1787464547.310,U,0,1,-,119.0,1102,60,-18,3,-4,1091,1090,-1,0,-1,674,673,-1,3,-8,3501,3501,0,2,-2,1249,1250,1,0,-1,1233,1233,0,0,-19
1787464547.448,U,0,1,-,119.0,65,3131,-6,2,-1,1091,1090,-1,0,-1,674,673,-1,3,-8,3501,3501,0,2,-2,1249,1249,0,0,-2,1233,1233,0,0,-19
1787464547.586,U,0,1,-,119.0,3135,2119,8,1,-3,1091,1090,-1,0,-1,674,673,-1,3,-8,3501,3501,0,2,-2,1249,1250,1,0,-1,1233,1233,0,0,-19
1787464547.723,U,0,1,-,119.0,2122,1099,1,0,-3,1091,1090,-1,0,-1,674,673,-1,3,-8,3501,3501,0,2,-2,1249,1250,1,0,-1,1233,1233,0,0,-19
1787464547.860,U,0,1,-,119.0,1103,61,-18,3,-3,1091,1090,-1,0,-1,674,673,-1,3,-8,3501,3501,0,2,-2,1249,1250,1,0,-1,1233,1234,1,0,-18
1787464548.000,U,0,1,-,119.0,65,3131,-6,2,-1,1091,1090,-1,0,-1,674,674,0,3,-7,3501,3501,0,2,-2,1250,1250,0,0,-1,1233,1233,0,0,-19
1787464548.137,U,0,1,-,119.0,3135,2119,8,1,-3,1091,1090,-1,0,-1,674,673,-1,3,-8,3501,3501,0,2,-2,1249,1250,1,0,-1,1234,1233,-1,0,-19
1787464548.273,U,0,1,-,119.0,2123,1099,0,0,-3,1091,1090,-1,0,-1,674,673,-1,3,-8,3501,3501,0,2,-2,1250,1250,0,0,-1,1233,1233,0,0,-19
1787464548.411,U,0,1,-,119.0,1102,60,-18,3,-4,1091,1090,-1,0,-1,674,673,-1,3,-8,3501,3501,0,2,-2,1250,1250,0,0,-1,1233,1233,0,0,-19
1787464548.548,U,0,1,-,119.0,64,3131,-5,2,-1,1091,1090,-1,0,-1,674,673,-1,3,-8,3501,3501,0,2,-2,1250,1250,0,0,-1,1233,1234,1,0,-18
1787464548.687,U,0,1,-,119.0,3135,2119,8,1,-3,1091,1090,-1,0,-1,674,673,-1,3,-8,3501,3501,0,2,-2,1250,1250,0,0,-1,1233,1233,0,0,-19
1787464548.823,U,0,1,-,119.0,2123,1099,0,0,-3,1091,1090,-1,0,-1,674,673,-1,3,-8,3501,3501,0,2,-2,1249,1250,1,0,-1,1233,1233,0,0,-19
1787464548.961,U,0,1,-,119.0,1102,60,-18,3,-4,1091,1090,-1,0,-1,674,673,-1,3,-8,3501,3501,0,2,-2,1249,1250,1,0,-1,1233,1233,0,0,-19
1787464549.099,U,0,1,-,119.0,64,3131,-5,2,-1,1091,1090,-1,0,-1,674,674,0,3,-7,3501,3501,0,2,-2,1249,1250,1,0,-1,1234,1233,-1,0,-19
1787464549.235,U,0,1,-,119.0,3136,2119,7,1,-3,1091,1090,-1,0,-1,674,673,-1,3,-8,3501,3501,0,2,-2,1249,1250,1,0,-1,1233,1233,0,0,-19
1787464549.373,U,0,1,-,119.0,2123,1099,0,0,-3,1091,1090,-1,0,-1,674,673,-1,3,-8,3501,3501,0,2,-2,1250,1250,0,0,-1,1233,1233,0,0,-19
1787464549.510,U,0,1,-,119.0,1102,60,-18,3,-4,1091,1090,-1,0,-1,674,674,0,3,-7,3501,3501,0,2,-2,1249,1250,1,0,-1,1233,1233,0,0,-19
1787464549.648,U,0,1,-,119.0,65,3132,-5,2,0,1091,1091,0,0,0,674,674,0,3,-7,3501,3501,0,2,-2,1249,1250,1,0,-1,1233,1233,0,0,-19
1787464549.785,U,0,1,-,119.0,3135,2118,7,1,-4,1091,1090,-1,0,-1,674,673,-1,3,-8,3501,3501,0,2,-2,1250,1250,0,0,-1,1233,1233,0,0,-19
1787464549.923,U,0,1,-,119.0,2123,1099,0,0,-3,1091,1090,-1,0,-1,674,674,0,3,-7,3501,3501,0,2,-2,1249,1250,1,0,-1,1233,1234,1,0,-18
1787464550.060,U,0,1,-,119.0,1102,60,-18,3,-4,1091,1091,0,0,0,674,673,-1,3,-8,3501,3501,0,2,-2,1249,1250,1,0,-1,1233,1233,0,0,-19
1787464550.199,U,0,1,-,119.0,64,3131,-5,2,-1,1091,1090,-1,0,-1,674,673,-1,3,-8,3501,3501,0,2,-2,1249,1250,1,0,-1,1233,1233,0,0,-19
1787464550.337,U,0,1,-,119.0,3136,2119,7,1,-3,1091,1090,-1,0,-1,674,673,-1,3,-8,3501,3501,0,2,-2,1249,1250,1,0,-1,1233,1233,0,0,-19
1787464550.473,U,0,1,-,119.0,2123,1099,0,0,-3,1091,1091,0,0,0,674,673,-1,3,-8,3501,3501,0,2,-2,1250,1250,0,0,-1,1233,1233,0,0,-19
1787464550.611,U,0,1,-,119.0,1102,60,-18,3,-4,1091,1090,-1,0,-1,674,673,-1,3,-8,3501,3501,0,2,-2,1250,1250,0,0,-1,1233,1233,0,0,-19
1787464550.748,U,0,1,-,119.0,65,3131,-6,2,-1,1091,1090,-1,0,-1,674,674,0,3,-7,3501,3501,0,2,-2,1249,1250,1,0,-1,1233,1233,0,0,-19
1787464550.885,U,0,1,-,119.0,3135,2118,7,1,-4,1091,1090,-1,0,-1,674,673,-1,3,-8,3501,3501,0,2,-2,1250,1250,0,0,-1,1233,1233,0,0,-19
1787464551.022,U,0,1,-,119.0,2123,1099,0,0,-3,1091,1090,-1,0,-1,674,673,-1,3,-8,3501,3501,0,2,-2,1250,1250,0,0,-1,1233,1234,1,0,-18
1787464551.161,U,0,1,-,119.0,1102,60,-18,3,-4,1091,1090,-1,0,-1,674,673,-1,3,-8,3501,3501,0,2,-2,1249,1250,1,0,-1,1233,1233,0,0,-19
1787464551.299,U,0,1,-,119.0,64,3131,-5,2,-1,1091,1090,-1,0,-1,674,673,-1,3,-8,3501,3501,0,2,-2,1250,1250,0,0,-1,1233,1234,1,0,-18
1787464551.435,U,0,1,-,119.0,3135,2119,8,1,-3,1091,1090,-1,0,-1,674,673,-1,3,-8,3501,3501,0,2,-2,1249,1250,1,0,-1,1234,1233,-1,0,-19
1787464551.573,U,0,1,-,119.0,2123,1099,0,0,-3,1091,1090,-1,0,-1,674,673,-1,3,-8,3501,3501,0,2,-2,1249,1250,1,0,-1,1233,1233,0,0,-19
1787464551.710,U,0,1,-,119.0,1102,60,-18,3,-4,1091,1090,-1,0,-1,674,673,-1,3,-8,3501,3501,0,2,-2,1249,1250,1,0,-1,1234,1233,-1,0,-19
1787464551.848,U,0,1,-,119.0,65,3131,-6,2,-1,1091,1090,-1,0,-1,674,674,0,3,-7,3501,3501,0,2,-2,1249,1250,1,0,-1,1233,1233,0,0,-19
1787464551.985,U,0,1,-,119.0,3136,2119,7,1,-3,1091,1090,-1,0,-1,674,673,-1,3,-8,3501,3501,0,2,-2,1250,1250,0,0,-1,1233,1234,1,0,-18
1787464552.124,U,0,1,-,119.0,2123,1098,-1,0,-4,1091,1090,-1,0,-1,674,673,-1,3,-8,3501,3501,0,2,-2,1249,1250,1,0,-1,1233,1233,0,0,-19
1787464552.260,U,0,1,-,119.0,1102,60,-18,3,-4,1091,1090,-1,0,-1,674,673,-1,3,-8,3501,3501,0,2,-2,1250,1250,0,0,-1,1233,1233,0,0,-19
1787464552.397,U,0,1,-,119.0,65,3131,-6,2,-1,1091,1090,-1,0,-1,674,673,-1,3,-8,3501,3501,0,2,-2,1249,1250,1,0,-1,1233,1233,0,0,-19
1787464552.535,U,0,1,-,119.0,3135,2119,8,1,-3,1091,1090,-1,0,-1,674,673,-1,3,-8,3501,3501,0,2,-2,1249,1250,1,0,-1,1233,1233,0,0,-19
1787464552.675,U,0,1,-,119.0,2123,1098,-1,0,-4,1091,1090,-1,0,-1,674,673,-1,3,-8,3501,3501,0,2,-2,1249,1250,1,0,-1,1234,1233,-1,0,-19
1787464552.810,U,0,1,-,119.0,1103,60,-19,3,-4,1091,1090,-1,0,-1,674,673,-1,3,-8,3501,3501,0,2,-2,1249,1250,1,0,-1,1233,1233,0,0,-19
1787464552.948,U,0,1,-,119.0,64,3131,-5,2,-1,1091,1090,-1,0,-1,674,673,-1,3,-8,3501,3501,0,2,-2,1250,1250,0,0,-1,1234,1234,0,0,-18
1787464553.086,U,0,1,-,119.0,3135,2119,8,1,-3,1091,1090,-1,0,-1,674,673,-1,3,-8,3501,3501,0,2,-2,1249,1250,1,0,-1,1233,1233,0,0,-19
1787464553.224,U,0,1,-,119.0,2123,1098,-1,0,-4,1091,1090,-1,0,-1,674,673,-1,3,-8,3501,3501,0,2,-2,1249,1250,1,0,-1,1233,1233,0,0,-19
1787464553.360,U,0,1,-,119.0,1102,61,-17,3,-3,1091,1090,-1,0,-1,674,673,-1,3,-8,3501,3501,0,2,-2,1249,1250,1,0,-1,1233,1233,0,0,-19
1787464553.498,U,0,1,-,119.0,65,3132,-5,2,0,1091,1090,-1,0,-1,674,673,-1,3,-8,3501,3501,0,2,-2,1249,1250,1,0,-1,1233,1233,0,0,-19
1787464553.635,U,0,1,-,119.0,3135,2119,8,1,-3,1091,1091,0,0,0,674,674,0,3,-7,3501,3501,0,2,-2,1249,1250,1,0,-1,1233,1234,1,0,-18
1787464553.773,U,0,1,-,119.0,2123,1099,0,0,-3,1091,1091,0,0,0,674,673,-1,3,-8,3501,3501,0,2,-2,1250,1250,0,0,-1,1233,1233,0,0,-19
1787464553.910,U,0,1,-,119.0,1102,60,-18,3,-4,1091,1091,0,0,0,674,673,-1,3,-8,3501,3501,0,2,-2,1249,1250,1,0,-1,1234,1233,-1,0,-19
1787464554.048,U,0,1,-,119.0,65,3132,-5,2,0,1091,1090,-1,0,-1,674,673,-1,3,-8,3501,3501,0,2,-2,1249,1250,1,0,-1,1233,1233,0,0,-19
1787464554.185,U,0,1,-,119.0,3135,2118,7,1,-4,1091,1090,-1,0,-1,674,673,-1,3,-8,3501,3501,0,2,-2,1249,1250,1,0,-1,1233,1233,0,0,-19
1787464554.323,U,0,1,-,119.0,2123,1098,-1,0,-4,1091,1090,-1,0,-1,674,673,-1,3,-8,3501,3501,0,2,-2,1249,1250,1,0,-1,1234,1233,-1,0,-19
1787464554.460,U,0,1,-,119.0,1102,61,-17,3,-3,1091,1090,-1,0,-1,674,673,-1,3,-8,3501,3501,0,2,-2,1250,1250,0,0,-1,1233,1233,0,0,-19
1787464554.598,U,0,1,-,119.0,65,3131,-6,2,-1,1091,1090,-1,0,-1,674,673,-1,3,-8,3501,3501,0,2,-2,1250,1250,0,0,-1,1233,1233,0,0,-19
1787464554.737,U,0,1,-,119.0,3135,2119,8,1,-3,1091,1090,-1,0,-1,674,673,-1,3,-8,3501,3501,0,2,-2,1249,1250,1,0,-1,1233,1233,0,0,-19
1787464554.874,U,0,1,-,119.0,2123,1099,0,0,-3,1091,1091,0,0,0,674,673,-1,3,-8,3501,3501,0,2,-2,1250,1250,0,0,-1,1233,1233,0,0,-19
1787464555.010,U,0,1,-,119.0,1103,60,-19,3,-4,1091,1090,-1,0,-1,674,673,-1,3,-8,3501,3501,0,2,-2,1250,1250,0,0,-1,1233,1234,1,0,-18
1787464555.148,U,0,1,-,119.0,64,3131,-5,2,-1,1091,1090,-1,0,-1,674,673,-1,3,-8,3501,3501,0,2,-2,1249,1250,1,0,-1,1233,1233,0,0,-19
1787464555.284,U,0,1,-,119.0,3135,2119,8,1,-3,1091,1090,-1,0,-1,674,673,-1,3,-8,3501,3501,0,2,-2,1250,1250,0,0,-1,1233,1233,0,0,-19
1787464555.427,U,0,1,-,119.0,2123,1099,0,0,-3,1091,1090,-1,0,-1,674,674,0,3,-7,3501,3501,0,2,-2,1249,1250,1,0,-1,1233,1233,0,0,-19
1787464555.560,U,0,1,-,119.0,1103,60,-19,3,-4,1091,1090,-1,0,-1,674,673,-1,3,-8,3501,3501,0,2,-2,1249,1250,1,0,-1,1233,1233,0,0,-19
1787464555.698,U,0,1,-,119.0,64,3132,-4,2,0,1091,1090,-1,0,-1,674,673,-1,3,-8,3501,3501,0,2,-2,1249,1250,1,0,-1,1234,1233,-1,0,-19
1787464555.836,U,0,1,-,119.0,3135,2119,8,1,-3,1091,1090,-1,0,-1,674,673,-1,3,-8,3501,3501,0,2,-2,1249,1250,1,0,-1,1233,1233,0,0,-19
1787464555.973,U,0,1,-,119.0,2123,1099,0,0,-3,1091,1090,-1,0,-1,674,673,-1,3,-8,3501,3501,0,2,-2,1249,1250,1,0,-1,1233,1234,1,0,-18
1787464556.110,U,0,1,-,119.0,1102,60,-18,3,-4,1091,1090,-1,0,-1,674,673,-1,3,-8,3501,3501,0,2,-2,1249,1250,1,0,-1,1233,1233,0,0,-19
1787464556.247,U,0,1,-,119.0,64,3131,-5,2,-1,1091,1090,-1,0,-1,674,673,-1,3,-8,3501,3501,0,2,-2,1249,1250,1,0,-1,1233,1233,0,0,-19
1787464556.385,U,0,1,-,119.0,3135,2119,8,1,-3,1091,1090,-1,0,-1,674,673,-1,3,-8,3501,3501,0,2,-2,1250,1250,0,0,-1,1233,1233,0,0,-19
1787464556.522,U,0,1,-,119.0,2123,1099,0,0,-3,1091,1090,-1,0,-1,674,673,-1,3,-8,3501,3501,0,2,-2,1249,1250,1,0,-1,1233,1233,0,0,-19
1787464556.660,U,0,1,-,119.0,1103,60,-19,3,-4,1091,1091,0,0,0,674,674,0,3,-7,3501,3501,0,2,-2,1249,1250,1,0,-1,1233,1233,0,0,-19
1787464556.799,U,0,1,-,119.0,65,3131,-6,2,-1,1091,1090,-1,0,-1,674,673,-1,3,-8,3501,3501,0,2,-2,1249,1250,1,0,-1,1233,1233,0,0,-19
1787464556.935,U,0,1,-,119.0,3135,2118,7,1,-4,1091,1090,-1,0,-1,674,673,-1,3,-8,3501,3501,0,2,-2,1249,1250,1,0,-1,1233,1233,0,0,-19
1787464557.072,U,0,1,-,119.0,2123,1099,0,0,-3,1091,1090,-1,0,-1,674,674,0,3,-7,3501,3501,0,2,-2,1249,1250,1,0,-1,1233,1233,0,0,-19
1787464557.209,U,0,1,-,119.0,1102,60,-18,3,-4,1091,1090,-1,0,-1,674,674,0,3,-7,3501,3501,0,2,-2,1249,1250,1,0,-1,1233,1233,0,0,-19
1787464557.347,U,0,1,-,119.0,65,3131,-6,2,-1,1091,1090,-1,0,-1,674,673,-1,3,-8,3501,3501,0,2,-2,1250,1250,0,0,-1,1234,1233,-1,0,-19
1787464557.485,U,0,1,-,119.0,3135,2119,8,1,-3,1091,1090,-1,0,-1,674,674,0,3,-7,3501,3501,0,2,-2,1249,1250,1,0,-1,1233,1233,0,0,-19
1787464557.622,U,0,1,-,119.0,2123,1099,0,0,-3,1091,1090,-1,0,-1,674,673,-1,3,-8,3501,3501,0,2,-2,1249,1249,0,0,-2,1233,1234,1,0,-18
1787464557.759,U,0,1,-,119.0,1102,60,-18,3,-4,1091,1090,-1,0,-1,674,673,-1,3,-8,3501,3501,0,2,-2,1249,1250,1,0,-1,1234,1233,-1,0,-19
1787464557.898,U,0,1,-,119.0,64,3132,-4,2,0,1091,1090,-1,0,-1,674,673,-1,3,-8,3501,3501,0,2,-2,1249,1250,1,0,-1,1233,1233,0,0,-19
1787464558.035,U,0,1,-,119.0,3135,2118,7,1,-4,1091,1090,-1,0,-1,674,673,-1,3,-8,3501,3501,0,2,-2,1249,1250,1,0,-1,1233,1234,1,0,-18
1787464558.174,U,0,1,-,119.0,2123,1099,0,0,-3,1091,1090,-1,0,-1,674,673,-1,3,-8,3501,3501,0,2,-2,1249,1250,1,0,-1,1233,1233,0,0,-19
1787464558.310,U,0,1,-,119.0,1102,60,-18,3,-4,1091,1090,-1,0,-1,674,674,0,3,-7,3501,3501,0,2,-2,1249,1250,1,0,-1,1233,1233,0,0,-19
1787464558.446,U,0,1,-,119.0,65,3131,-6,2,-1,1091,1090,-1,0,-1,674,673,-1,3,-8,3501,3501,0,2,-2,1249,1250,1,0,-1,1233,1233,0,0,-19
1787464558.585,U,0,1,-,119.0,3135,2119,8,1,-3,1091,1090,-1,0,-1,674,673,-1,3,-8,3501,3501,0,2,-2,1249,1250,1,0,-1,1233,1234,1,0,-18
1787464558.723,U,0,1,-,119.0,2123,1099,0,0,-3,1091,1090,-1,0,-1,674,673,-1,3,-8,3501,3501,0,2,-2,1250,1250,0,0,-1,1233,1233,0,0,-19
1787464558.860,U,0,1,-,119.0,1103,60,-19,3,-4,1091,1090,-1,0,-1,674,674,0,3,-7,3501,3501,0,2,-2,1250,1250,0,0,-1,1233,1233,0,0,-19
1787464559.000,U,0,1,-,119.0,65,3131,-6,2,-1,1091,1090,-1,0,-1,674,673,-1,3,-8,3501,3501,0,2,-2,1249,1250,1,0,-1,1233,1233,0,0,-19
1787464559.135,U,0,1,-,119.0,3135,2119,8,1,-3,1091,1090,-1,0,-1,674,674,0,3,-7,3501,3501,0,2,-2,1249,1250,1,0,-1,1234,1233,-1,0,-19
1787464559.272,U,0,1,-,119.0,2123,1099,0,0,-3,1091,1090,-1,0,-1,674,673,-1,3,-8,3501,3501,0,2,-2,1249,1250,1,0,-1,1233,1233,0,0,-19
1787464559.410,U,0,1,-,119.0,1103,60,-19,3,-4,1091,1090,-1,0,-1,674,673,-1,3,-8,3501,3501,0,2,-2,1249,1250,1,0,-1,1233,1234,1,0,-18
1787464559.548,U,0,1,-,119.0,64,3131,-5,2,-1,1091,1090,-1,0,-1,674,674,0,3,-7,3501,3501,0,2,-2,1249,1250,1,0,-1,1233,1233,0,0,-19
1787464559.685,U,0,1,-,119.0,3135,2119,8,1,-3,1091,1090,-1,0,-1,674,673,-1,3,-8,3501,3501,0,2,-2,1249,1250,1,0,-1,1233,1233,0,0,-19
1787464559.822,U,0,1,-,119.0,2123,1099,0,0,-3,1091,1090,-1,0,-1,674,673,-1,3,-8,3501,3501,0,2,-2,1249,1250,1,0,-1,1233,1233,0,0,-19
1787464559.959,U,0,1,-,119.0,1103,60,-19,3,-4,1091,1090,-1,0,-1,674,674,0,3,-7,3501,3501,0,2,-2,1250,1250,0,0,-1,1233,1233,0,0,-19
1787464560.100,U,0,1,-,119.0,64,3131,-5,2,-1,1091,1090,-1,0,-1,674,674,0,3,-7,3501,3501,0,2,-2,1250,1250,0,0,-1,1233,1233,0,0,-19
1787464560.235,U,0,1,-,119.0,3135,2119,8,1,-3,1091,1090,-1,0,-1,674,673,-1,3,-8,3501,3501,0,2,-2,1249,1250,1,0,-1,1233,1233,0,0,-19
1787464560.372,U,0,1,-,119.0,2123,1099,0,0,-3,1091,1090,-1,0,-1,674,673,-1,3,-8,3501,3501,0,2,-2,1249,1250,1,0,-1,1234,1233,-1,0,-19
1787464560.514,U,0,1,-,119.0,1102,61,-17,3,-3,1091,1090,-1,0,-1,674,673,-1,3,-8,3501,3501,0,2,-2,1249,1250,1,0,-1,1233,1233,0,0,-19
1787464560.648,U,0,1,-,119.0,65,3131,-6,2,-1,1091,1090,-1,0,-1,674,674,0,3,-7,3501,3501,0,2,-2,1249,1250,1,0,-1,1233,1233,0,0,-19
1787464560.786,U,0,1,-,119.0,3135,2118,7,1,-4,1091,1090,-1,0,-1,674,673,-1,3,-8,3501,3501,0,2,-2,1249,1250,1,0,-1,1233,1233,0,0,-19
1787464560.922,U,0,1,-,119.0,2123,1099,0,0,-3,1091,1090,-1,0,-1,674,673,-1,3,-8,3501,3501,0,2,-2,1250,1250,0,0,-1,1233,1233,0,0,-19
1787464561.060,U,0,1,-,119.0,1102,60,-18,3,-4,1091,1090,-1,0,-1,674,673,-1,3,-8,3501,3501,0,2,-2,1250,1250,0,0,-1,1233,1233,0,0,-19
1787464561.197,U,0,1,-,119.0,65,3131,-6,2,-1,1091,1091,0,0,0,674,673,-1,3,-8,3501,3501,0,2,-2,1249,1250,1,0,-1,1233,1233,0,0,-19
1787464561.336,U,0,1,-,119.0,3135,2118,7,1,-4,1091,1090,-1,0,-1,674,673,-1,3,-8,3501,3501,0,2,-2,1250,1250,0,0,-1,1233,1233,0,0,-19
1787464561.471,U,0,1,-,119.0,2123,1099,0,0,-3,1091,1090,-1,0,-1,674,673,-1,3,-8,3501,3501,0,2,-2,1249,1250,1,0,-1,1233,1233,0,0,-19
1787464561.609,U,0,1,-,119.0,1102,60,-18,3,-4,1091,1090,-1,0,-1,674,674,0,3,-7,3501,3501,0,2,-2,1249,1250,1,0,-1,1233,1233,0,0,-19
1787464561.747,U,0,1,-,119.0,64,3131,-5,2,-1,1091,1090,-1,0,-1,674,673,-1,3,-8,3501,3501,0,2,-2,1249,1250,1,0,-1,1233,1234,1,0,-18
1787464561.885,U,0,1,-,119.0,3135,2118,7,1,-4,1091,1091,0,0,0,674,673,-1,3,-8,3501,3501,0,2,-2,1249,1250,1,0,-1,1233,1233,0,0,-19
1787464562.022,U,0,1,-,119.0,2123,1099,0,0,-3,1091,1090,-1,0,-1,674,673,-1,3,-8,3501,3501,0,2,-2,1249,1250,1,0,-1,1234,1234,0,0,-18
1787464562.159,U,0,1,-,119.0,1103,60,-19,3,-4,1091,1090,-1,0,-1,674,673,-1,3,-8,3501,3501,0,2,-2,1249,1250,1,0,-1,1233,1233,0,0,-19
1787464562.297,U,0,1,-,119.0,65,3131,-6,2,-1,1091,1091,0,0,0,674,673,-1,3,-8,3501,3501,0,2,-2,1249,1250,1,0,-1,1233,1233,0,0,-19
1787464562.436,U,0,1,-,119.0,3135,2118,7,1,-4,1091,1090,-1,0,-1,674,673,-1,3,-8,3501,3501,0,2,-2,1249,1250,1,0,-1,1233,1233,0,0,-19
1787464562.572,U,0,1,-,119.0,2122,1098,0,0,-4,1091,1090,-1,0,-1,674,673,-1,3,-8,3501,3501,0,2,-2,1249,1250,1,0,-1,1233,1234,1,0,-18
1787464562.709,U,0,1,-,119.0,1102,60,-18,3,-4,1091,1091,0,0,0,674,673,-1,3,-8,3501,3501,0,2,-2,1250,1250,0,0,-1,1233,1234,1,0,-18
1787464562.847,U,0,1,-,119.0,65,3131,-6,2,-1,1091,1090,-1,0,-1,674,673,-1,3,-8,3501,3501,0,2,-2,1249,1250,1,0,-1,1233,1233,0,0,-19
1787464562.984,U,0,1,-,119.0,3135,2119,8,1,-3,1091,1090,-1,0,-1,674,673,-1,3,-8,3501,3501,0,2,-2,1249,1250,1,0,-1,1233,1233,0,0,-19
1787464563.121,U,0,1,-,119.0,2123,1099,0,0,-3,1091,1090,-1,0,-1,674,674,0,3,-7,3501,3501,0,2,-2,1250,1250,0,0,-1,1234,1233,-1,0,-19
1787464563.259,U,0,1,-,119.0,1102,60,-18,3,-4,1091,1090,-1,0,-1,674,673,-1,3,-8,3501,3501,0,2,-2,1249,1250,1,0,-1,1233,1233,0,0,-19
1787464563.398,U,0,1,-,119.0,64,3131,-5,2,-1,1091,1090,-1,0,-1,674,674,0,3,-7,3501,3501,0,2,-2,1249,1250,1,0,-1,1233,1233,0,0,-19
1787464563.534,U,0,1,-,119.0,3136,2119,7,1,-3,1091,1090,-1,0,-1,674,673,-1,3,-8,3501,3501,0,2,-2,1250,1250,0,0,-1,1233,1233,0,0,-19
1787464563.672,U,0,1,-,119.0,2123,1099,0,0,-3,1091,1090,-1,0,-1,674,673,-1,3,-8,3501,3501,0,2,-2,1250,1250,0,0,-1,1233,1233,0,0,-19
1787464563.809,U,0,1,-,119.0,1102,60,-18,3,-4,1091,1090,-1,0,-1,674,673,-1,3,-8,3501,3501,0,2,-2,1249,1250,1,0,-1,1233,1233,0,0,-19
1787464563.947,U,0,1,-,119.0,64,3132,-4,2,0,1091,1090,-1,0,-1,674,673,-1,3,-8,3501,3501,0,2,-2,1249,1250,1,0,-1,1233,1233,0,0,-19
1787464564.084,U,0,1,-,119.0,3135,2119,8,1,-3,1091,1090,-1,0,-1,674,673,-1,3,-8,3501,3501,0,2,-2,1250,1250,0,0,-1,1234,1233,-1,0,-19
1787464564.222,U,0,1,-,119.0,2123,1098,-1,0,-4,1091,1090,-1,0,-1,674,673,-1,3,-8,3501,3501,0,2,-2,1249,1250,1,0,-1,1234,1233,-1,0,-19
1787464564.359,U,0,1,-,119.0,1102,60,-18,3,-4,1091,1090,-1,0,-1,674,673,-1,3,-8,3501,3501,0,2,-2,1250,1250,0,0,-1,1233,1233,0,0,-19
1787464564.496,U,0,1,-,119.0,65,3131,-6,2,-1,1091,1090,-1,0,-1,674,673,-1,3,-8,3501,3501,0,2,-2,1250,1250,0,0,-1,1233,1233,0,0,-19
1787464564.634,U,0,1,-,119.0,3136,2118,6,1,-4,1091,1090,-1,0,-1,674,674,0,3,-7,3501,3501,0,2,-2,1250,1250,0,0,-1,1233,1233,0,0,-19
1787464564.774,U,0,1,-,119.0,2123,1099,0,0,-3,1091,1090,-1,0,-1,674,674,0,3,-7,3501,3501,0,2,-2,1249,1250,1,0,-1,1233,1234,1,0,-18
1787464564.910,U,0,1,-,119.0,1102,60,-18,3,-4,1091,1091,0,0,0,674,673,-1,3,-8,3501,3501,0,2,-2,1250,1250,0,0,-1,1233,1233,0,0,-19
1787464565.049,U,0,1,-,119.0,65,3131,-6,2,-1,1091,1090,-1,0,-1,674,673,-1,3,-8,3501,3501,0,2,-2,1249,1250,1,0,-1,1233,1234,1,0,-18
1787464565.184,U,0,1,-,119.0,3135,2118,7,1,-4,1091,1090,-1,0,-1,674,673,-1,3,-8,3501,3501,0,2,-2,1249,1250,1,0,-1,1233,1233,0,0,-19
1787464565.321,U,0,1,-,119.0,2123,1099,0,0,-3,1091,1090,-1,0,-1,674,674,0,3,-7,3501,3501,0,2,-2,1249,1250,1,0,-1,1233,1233,0,0,-19
1787464565.459,U,0,1,-,119.0,1103,61,-18,3,-3,1091,1090,-1,0,-1,674,673,-1,3,-8,3501,3501,0,2,-2,1249,1250,1,0,-1,1233,1233,0,0,-19
1787464565.597,U,0,1,-,119.0,65,3131,-6,2,-1,1091,1090,-1,0,-1,674,673,-1,3,-8,3501,3501,0,2,-2,1249,1250,1,0,-1,1233,1233,0,0,-19
