// Generated by Code/tools/bake_theme.py — do not edit by hand.
#include "theme_progmem.h"

static const uint8_t theme_pane_map[] PROGMEM = {
    0x00, 0x00, 0x00, 0x00, 0x00, 0x00, 0x00, 0x00, 0x00, 0x00, 0x00, 0x00, 0x00, 0x00, 0x00, 0x00,
    0x00, 0x00, 0x00, 0x00, 0x00, 0x00, 0x00, 0x00, 0x00, 0x00, 0x00, 0x00, 0x00, 0x00, 0x00, 0x00,
    0x00, 0x00, 0x00, 0x00, 0x00, 0x00, 0x00, 0x00, 0x00, 0x00, 0x00, 0x00, 0x00, 0x00, 0x00, 0x00,
    0x00, 0x00, 0x00, 0x00, 0x00, 0x00, 0x00, 0x00, 0x00, 0x00, 0x00, 0x00, 0x00, 0x00, 0x00, 0x00,
    0x00, 0x00, 0x00, 0x00, 0x00, 0x00, 0x00, 0x00, 0x00, 0x00, 0x00, 0x00, 0x00, 0x00, 0x00, 0x00,
    0x00, 0x00, 0x00, 0x00, 0x00, 0x00, 0x00, 0x00, 0x00, 0x00, 0x00, 0x00, 0x00, 0x00, 0x00, 0x00,
    0x00, 0x00, 0x00, 0x00, 0x00, 0x00, 0x00, 0x00, 0x00, 0x00, 0x00, 0x00, 0x00, 0x00, 0x00, 0x00,
    0x00, 0x00, 0x00, 0x00, 0x00, 0x00, 0x00, 0x00, 0x5d, 0xb7, 0x9e, 0xaf, 0x3d, 0xaf, 0x5d, 0xaf,
    0x5d, 0xaf, 0x3d, 0xaf, 0x3d, 0xa7, 0x3e, 0xaf, 0x00, 0x00, 0x00, 0x00, 0x00, 0x00, 0x00, 0x00,
    0x00, 0x00, 0x00, 0x00, 0x00, 0x00, 0x00, 0x00, 0x00, 0x00, 0x00, 0x00, 0x00, 0x00, 0x00, 0x00,
    0x00, 0x00, 0x00, 0x00, 0x00, 0x00, 0x00, 0x00, 0x00, 0x00, 0x00, 0x00, 0x00, 0x00, 0x00, 0x00,
    0x00, 0x00, 0x00, 0x00, 0x00, 0x00, 0x00, 0x00, 0x00, 0x00, 0x00, 0x00, 0x00, 0x00, 0x00, 0x00,
    0x00, 0x00, 0x00, 0x00, 0x00, 0x00, 0x00, 0x00, 0x00, 0x00, 0x00, 0x00, 0x00, 0x00, 0x00, 0x00,
    0x00, 0x00, 0x00, 0x00, 0x00, 0x00, 0x00, 0x00, 0x00, 0x00, 0x00, 0x00, 0x00, 0x00, 0x00, 0x00,
    0x00, 0x00, 0x00, 0x00, 0x00, 0x00, 0x00, 0x00, 0x00, 0x00, 0x00, 0x00, 0x00, 0x00, 0x00, 0x00,
    0x5d, 0xb7, 0x9e, 0xaf, 0x3d, 0xaf, 0x3d, 0xaf, 0x5d, 0xaf, 0x5d, 0xaf, 0x5d, 0xaf, 0x5d, 0xaf,
    0x5d, 0xaf, 0x5d, 0xaf, 0x5d, 0xaf, 0x5d, 0xa7, 0x3d, 0xa7, 0x3d, 0xa7, 0x1d, 0xa7, 0x1d, 0x9f,
    0x1d, 0xa7, 0x3d, 0xa7, 0x3d, 0xa7, 0x10, 0x84, 0x00, 0x00, 0x00, 0x00, 0x00, 0x00, 0x00, 0x00,
    0x00, 0x00, 0x00, 0x00, 0x00, 0x00, 0x00, 0x00, 0x00, 0x00, 0x00, 0x00, 0x00, 0x00, 0x00, 0x00,
    0x00, 0x00, 0x00, 0x00, 0x00, 0x00, 0x00, 0x00, 0x00, 0x00, 0x00, 0x00, 0x00, 0x00, 0x00, 0x00,
    0x00, 0x00, 0x00, 0x00, 0x00, 0x00, 0x00, 0x00, 0x00, 0x00, 0x00, 0x00, 0x00, 0x00, 0x00, 0x00,
    0x00, 0x00, 0x00, 0x00, 0x00, 0x00, 0x00, 0x00, 0x00, 0x00, 0x00, 0x00, 0x00, 0x00, 0x00, 0x00,
    0x00, 0x00, 0x00, 0x00, 0x00, 0x00, 0x00, 0x00, 0x5d, 0xb7, 0x9e, 0xaf, 0x3d, 0xaf, 0x3d, 0xaf,
    0x5d, 0xaf, 0x5d, 0xaf, 0x5d, 0xaf, 0x5d, 0xaf, 0x5d, 0xaf, 0x5d, 0xaf, 0x5d, 0xaf, 0x3d, 0xaf,
    0x3d, 0xa7, 0x3d, 0xa7, 0x1d, 0xa7, 0x1d, 0x9f, 0xfc, 0x9e, 0xdc, 0x96, 0xdc, 0x8e, 0x7b, 0x86,
    0x39, 0x76, 0xf8, 0x5d, 0x77, 0x45, 0x97, 0x45, 0xb8, 0x55, 0x5a, 0x76, 0xdb, 0x8e, 0x1c, 0x9f,
    0x3d, 0xa7, 0x3c, 0x9f, 0x00, 0x00, 0x00, 0x00, 0x00, 0x00, 0x00, 0x00, 0x00, 0x00, 0x00, 0x00,
    0x00, 0x00, 0x00, 0x00, 0x00, 0x00, 0x00, 0x00, 0x00, 0x00, 0x00, 0x00, 0x00, 0x00, 0x00, 0x00,
    0x00, 0x00, 0x00, 0x00, 0x00, 0x00, 0x00, 0x00, 0x00, 0x00, 0x00, 0x00, 0x00, 0x00, 0x00, 0x00,
    0x00, 0x00, 0x00, 0x00, 0x00, 0x00, 0x00, 0x00, 0x00, 0x00, 0x00, 0x00, 0x00, 0x00, 0x00, 0x00,
    0x5d, 0xaf, 0x3d, 0xa7, 0x5e, 0xaf, 0x3d, 0xaf, 0x5d, 0xaf, 0x5d, 0xaf, 0x5d, 0xaf, 0x5d, 0xaf,
    0x5d, 0xaf, 0x3d, 0xaf, 0x5d, 0xaf, 0x3d, 0xa7, 0x3d, 0xa7, 0x3d, 0xa7, 0x1d, 0x9f, 0x1c, 0x9f,
    0xfc, 0x96, 0xdb, 0x8e, 0xbb, 0x86, 0x7b, 0x7e, 0x39, 0x6e, 0xb8, 0x4d, 0x77, 0x45, 0x77, 0x45,
    0x77, 0x45, 0x77, 0x45, 0x77, 0x45, 0x77, 0x45, 0x77, 0x45, 0x77, 0x45, 0x77, 0x45, 0x77, 0x45,
    0x77, 0x45, 0x77, 0x45, 0x77, 0x45, 0x77, 0x45, 0x77, 0x45, 0xbb, 0x8e, 0x1d, 0x9f, 0x5d, 0xa7,
    0x00, 0x00, 0x00, 0x00, 0x00, 0x00, 0x00, 0x00, 0x00, 0x00, 0x00, 0x00, 0x00, 0x00, 0x00, 0x00,
    0x00, 0x00, 0x00, 0x00, 0x00, 0x00, 0x00, 0x00, 0x00, 0x00, 0x00, 0x00, 0x00, 0x00, 0x00, 0x00,
    0x00, 0x00, 0x00, 0x00, 0x00, 0x00, 0x00, 0x00, 0x5d, 0xaf, 0x3d, 0xa7, 0x5e, 0xaf, 0x3d, 0xaf,
    0x5d, 0xaf, 0x5d, 0xaf, 0x5d, 0xaf, 0x5d, 0xaf, 0x5d, 0xaf, 0x3d, 0xaf, 0x5d, 0xaf, 0x5d, 0xa7,
    0x3d, 0xa7, 0x1d, 0xa7, 0x1c, 0x9f, 0xfc, 0x9e, 0xfc, 0x96, 0xdb, 0x8e, 0xbb, 0x86, 0x5a, 0x76,
    0x19, 0x66, 0x77, 0x45, 0x77, 0x45, 0x77, 0x45, 0x77, 0x45, 0x77, 0x45, 0x77, 0x45, 0x77, 0x45,
    0x77, 0x45, 0x77, 0x45, 0x77, 0x45, 0x77, 0x45, 0x77, 0x45, 0x77, 0x45, 0x77, 0x45, 0x77, 0x45,
    0x77, 0x45, 0x77, 0x45, 0x77, 0x45, 0x77, 0x45, 0x77, 0x45, 0x77, 0x45, 0x77, 0x45, 0x77, 0x45,
    0x77, 0x45, 0x77, 0x45, 0x77, 0x45, 0x39, 0x66, 0xfc, 0x96, 0x3d, 0xaf, 0x00, 0x00, 0x00, 0x00,
    0x00, 0x00, 0x00, 0x00, 0x00, 0x00, 0x00, 0x00, 0x00, 0x00, 0x00, 0x00, 0x00, 0x00, 0x00, 0x00,
    0x5d, 0xa7, 0x3d, 0xaf, 0x3d, 0xa7, 0x5d, 0xaf, 0x3d, 0xaf, 0x5d, 0xaf, 0x5d, 0xaf, 0x5d, 0xaf,
    0x5d, 0xaf, 0x5d, 0xaf, 0x5d, 0xaf, 0x3d, 0xa7, 0x3d, 0xa7, 0x1d, 0xa7, 0x1c, 0x9f, 0xfc, 0x96,
    0xfc, 0x96, 0xdb, 0x8e, 0x7b, 0x86, 0x3a, 0x76, 0xd8, 0x5d, 0x77, 0x45, 0x77, 0x45, 0x77, 0x45,
    0x77, 0x45, 0x77, 0x45, 0x77, 0x45, 0x77, 0x45, 0x77, 0x45, 0x77, 0x45, 0x77, 0x45, 0x77, 0x45,
    0x77, 0x45, 0x77, 0x45, 0x77, 0x45, 0x77, 0x45, 0x77, 0x45, 0x77, 0x45, 0x77, 0x45, 0x77, 0x45,
    0x77, 0x45, 0x77, 0x45, 0x77, 0x45, 0x77, 0x45, 0x77, 0x45, 0x77, 0x45, 0x77, 0x45, 0x77, 0x45,
    0x77, 0x45, 0x77, 0x45, 0x77, 0x45, 0x77, 0x45, 0x77, 0x45, 0x77, 0x45, 0x77, 0x45, 0x77, 0x45,
    0x77, 0x45, 0xb8, 0x55, 0xfc, 0x96, 0x5d, 0xaf, 0x3c, 0xb7, 0x3d, 0xaf, 0x3d, 0xa7, 0x5d, 0xaf,
    0x3d, 0xaf, 0x5d, 0xaf, 0x5d, 0xaf, 0x5d, 0xaf, 0x5d, 0xaf, 0x5d, 0xaf, 0x5d, 0xaf, 0x3d, 0xa7,
    0x3d, 0xa7, 0x1c, 0xa7, 0x1d, 0x9f, 0xfc, 0x9e, 0xdc, 0x96, 0xbb, 0x8e, 0x7a, 0x7e, 0x39, 0x6e,
    0xb7, 0x4d, 0x77, 0x45, 0x77, 0x45, 0x77, 0x45, 0x77, 0x45, 0x77, 0x45, 0x77, 0x45, 0x77, 0x45,
    0x77, 0x45, 0x77, 0x45, 0x77, 0x45, 0x77, 0x45, 0x77, 0x45, 0x77, 0x45, 0x77, 0x45, 0x77, 0x45,
    0x77, 0x45, 0x77, 0x45, 0x77, 0x45, 0x77, 0x45, 0x77, 0x45, 0x77, 0x45, 0x77, 0x45, 0x77, 0x45,
    0x77, 0x45, 0x77, 0x45, 0x77, 0x45, 0x77, 0x45, 0x77, 0x45, 0x77, 0x45, 0x77, 0x45, 0x77, 0x45,
    0x77, 0x45, 0x77, 0x45, 0x77, 0x45, 0x77, 0x45, 0x77, 0x45, 0x77, 0x45, 0x77, 0x45, 0x77, 0x45,
    0x77, 0x45, 0x77, 0x45, 0x77, 0x45, 0x77, 0x45, 0x77, 0x45, 0x77, 0x45, 0x77, 0x45, 0x77, 0x45,
    0xdc, 0x96, 0x5d, 0xaf, 0x5d, 0xaf, 0x3d, 0xa7, 0x3d, 0xa7, 0x1d, 0x9f, 0x1c, 0x9f, 0xfc, 0x96,
    0xdc, 0x8e, 0x9b, 0x86, 0x5a, 0x7e, 0x19, 0x66, 0x77, 0x45, 0x77, 0x45, 0x77, 0x45, 0x77, 0x45,
    0x77, 0x45, 0x77, 0x45, 0x77, 0x45, 0x77, 0x45, 0x77, 0x45, 0x77, 0x45, 0x77, 0x45, 0x77, 0x45,
    0x77, 0x45, 0x77, 0x45, 0x77, 0x45, 0x77, 0x45, 0x77, 0x45, 0x77, 0x45, 0x77, 0x45, 0x77, 0x45,
    0x77, 0x45, 0x77, 0x45, 0x77, 0x45, 0x77, 0x45, 0x77, 0x45, 0x77, 0x45, 0x77, 0x45, 0x77, 0x45,
    0x77, 0x45, 0x77, 0x45, 0x77, 0x45, 0x77, 0x45, 0x77, 0x45, 0x77, 0x45, 0x77, 0x45, 0x77, 0x45,
    0x77, 0x45, 0x77, 0x45, 0x77, 0x45, 0x77, 0x45, 0x77, 0x45, 0x77, 0x45, 0x77, 0x45, 0x77, 0x45,
    0x77, 0x45, 0x77, 0x45, 0x77, 0x45, 0x77, 0x45, 0x77, 0x45, 0x77, 0x45, 0x77, 0x45, 0x77, 0x45,
    0x77, 0x45, 0x77, 0x45, 0x77, 0x45, 0x77, 0x45, 0x77, 0x45, 0x77, 0x45, 0xdc, 0x96, 0x3d, 0xaf,
    0x3d, 0xa7, 0x77, 0x45, 0x77, 0x45, 0x77, 0x45, 0x77, 0x45, 0x77, 0x45, 0x77, 0x45, 0x77, 0x45,
    0x77, 0x45, 0x77, 0x45, 0x77, 0x45, 0x77, 0x45, 0x77, 0x45, 0x77, 0x45, 0x77, 0x45, 0x77, 0x45,
    0x77, 0x45, 0x77, 0x45, 0x77, 0x45, 0x77, 0x45, 0x77, 0x45, 0x77, 0x45, 0x77, 0x45, 0x77, 0x45,
    0x77, 0x45, 0x77, 0x45, 0x77, 0x45, 0x77, 0x45, 0x77, 0x45, 0x77, 0x45, 0x77, 0x45, 0x77, 0x45,
    0x77, 0x45, 0x77, 0x45, 0x77, 0x45, 0x77, 0x45, 0x77, 0x45, 0x77, 0x45, 0x77, 0x45, 0x77, 0x45,
    0x77, 0x45, 0x77, 0x45, 0x77, 0x45, 0x77, 0x45, 0x77, 0x45, 0x77, 0x45, 0x77, 0x45, 0x77, 0x45,
    0x77, 0x45, 0x77, 0x45, 0x77, 0x45, 0x77, 0x45, 0x77, 0x45, 0x77, 0x45, 0x77, 0x45, 0x77, 0x45,
    0x77, 0x45, 0x77, 0x45, 0x77, 0x45, 0x77, 0x45, 0x77, 0x45, 0x77, 0x45, 0x77, 0x45, 0x77, 0x45,
    0x77, 0x45, 0x77, 0x45, 0x77, 0x45, 0x77, 0x45, 0xdc, 0x96, 0x3d, 0xaf, 0x3d, 0xa7, 0x77, 0x45,
    0x77, 0x45, 0x77, 0x45, 0x77, 0x45, 0x77, 0x45, 0x77, 0x45, 0x77, 0x45, 0x77, 0x45, 0x77, 0x45,
    0x77, 0x45, 0x77, 0x45, 0x77, 0x45, 0x77, 0x45, 0x77, 0x45, 0x77, 0x45, 0x77, 0x45, 0x77, 0x45,
    0x77, 0x45, 0x77, 0x45, 0x77, 0x45, 0x77, 0x45, 0x77, 0x45, 0x77, 0x45, 0x77, 0x45, 0x77, 0x45,
    0x77, 0x45, 0x77, 0x45, 0x77, 0x45, 0x77, 0x45, 0x77, 0x45, 0x77, 0x45, 0x77, 0x45, 0x77, 0x45,
    0x77, 0x45, 0x77, 0x45, 0x77, 0x45, 0x77, 0x45, 0x77, 0x45, 0x77, 0x45, 0x77, 0x45, 0x77, 0x45,
    0x77, 0x45, 0x77, 0x45, 0x77, 0x45, 0x77, 0x45, 0x77, 0x45, 0x77, 0x45, 0x77, 0x45, 0x77, 0x45,
    0x77, 0x45, 0x77, 0x45, 0x77, 0x45, 0x77, 0x45, 0x77, 0x45, 0x77, 0x45, 0x77, 0x45, 0x77, 0x45,
    0x77, 0x45, 0x77, 0x45, 0x77, 0x45, 0x77, 0x45, 0x77, 0x45, 0x77, 0x45, 0x77, 0x45, 0x77, 0x45,
    0x77, 0x45, 0x77, 0x45, 0xdc, 0x96, 0x3d, 0xaf, 0x3d, 0xa7, 0x77, 0x45, 0x77, 0x45, 0x77, 0x45,
    0x77, 0x45, 0x77, 0x45, 0x77, 0x45, 0x77, 0x45, 0x77, 0x45, 0x77, 0x45, 0x77, 0x45, 0x77, 0x45,
    0x77, 0x45, 0x77, 0x45, 0x77, 0x45, 0x77, 0x45, 0x77, 0x45, 0x77, 0x45, 0x77, 0x45, 0x77, 0x45,
    0x77, 0x45, 0x77, 0x45, 0x77, 0x45, 0x77, 0x45, 0x77, 0x45, 0x77, 0x45, 0x77, 0x45, 0x77, 0x45,
    0x77, 0x45, 0x77, 0x45, 0x77, 0x45, 0x77, 0x45, 0x77, 0x45, 0x77, 0x45, 0x77, 0x45, 0x77, 0x45,
    0x77, 0x45, 0x77, 0x45, 0x77, 0x45, 0x77, 0x45, 0x77, 0x45, 0x77, 0x45, 0x77, 0x45, 0x77, 0x45,
    0x77, 0x45, 0x77, 0x45, 0x77, 0x45, 0x77, 0x45, 0x77, 0x45, 0x77, 0x45, 0x77, 0x45, 0x77, 0x45,
    0x77, 0x45, 0x77, 0x45, 0x77, 0x45, 0x77, 0x45, 0x77, 0x45, 0x77, 0x45, 0x77, 0x45, 0x77, 0x45,
    0x77, 0x45, 0x77, 0x45, 0x77, 0x45, 0x77, 0x45, 0x77, 0x45, 0x77, 0x45, 0x77, 0x45, 0x77, 0x45,
    0xdc, 0x96, 0x3d, 0xaf, 0x3d, 0xa7, 0x77, 0x45, 0x77, 0x45, 0x77, 0x45, 0x77, 0x45, 0x77, 0x45,
    0x77, 0x45, 0x77, 0x45, 0x77, 0x45, 0x77, 0x45, 0x77, 0x45, 0x77, 0x45, 0x77, 0x45, 0x77, 0x45,
    0x77, 0x45, 0x77, 0x45, 0x77, 0x45, 0x77, 0x45, 0x77, 0x45, 0x77, 0x45, 0x77, 0x45, 0x77, 0x45,
    0x77, 0x45, 0x77, 0x45, 0x77, 0x45, 0x77, 0x45, 0x77, 0x45, 0x77, 0x45, 0x77, 0x45, 0x77, 0x45,
    0x77, 0x45, 0x77, 0x45, 0x77, 0x45, 0x77, 0x45, 0x77, 0x45, 0x77, 0x45, 0x77, 0x45, 0x77, 0x45,
    0x77, 0x45, 0x77, 0x45, 0x77, 0x45, 0x77, 0x45, 0x77, 0x45, 0x77, 0x45, 0x77, 0x45, 0x77, 0x45,
    0x77, 0x45, 0x77, 0x45, 0x77, 0x45, 0x77, 0x45, 0x77, 0x45, 0x77, 0x45, 0x77, 0x45, 0x77, 0x45,
    0x77, 0x45, 0x77, 0x45, 0x77, 0x45, 0x77, 0x45, 0x77, 0x45, 0x77, 0x45, 0x77, 0x45, 0x77, 0x45,
    0x77, 0x45, 0x77, 0x45, 0x77, 0x45, 0x77, 0x45, 0x77, 0x45, 0x77, 0x45, 0xdc, 0x96, 0x3d, 0xaf,
    0x3d, 0xa7, 0x77, 0x45, 0x77, 0x45, 0x77, 0x45, 0x77, 0x45, 0x77, 0x45, 0x77, 0x45, 0x77, 0x45,
    0x77, 0x45, 0x77, 0x45, 0x77, 0x45, 0x77, 0x45, 0x77, 0x45, 0x77, 0x45, 0x77, 0x45, 0x77, 0x45,
    0x77, 0x45, 0x77, 0x45, 0x77, 0x45, 0x77, 0x45, 0x77, 0x45, 0x77, 0x45, 0x77, 0x45, 0x77, 0x45,
    0x77, 0x45, 0x77, 0x45, 0x77, 0x45, 0x77, 0x45, 0x77, 0x45, 0x77, 0x45, 0x77, 0x45, 0x77, 0x45,
    0x77, 0x45, 0x77, 0x45, 0x77, 0x45, 0x77, 0x45, 0x77, 0x45, 0x77, 0x45, 0x77, 0x45, 0x77, 0x45,
    0x77, 0x45, 0x77, 0x45, 0x77, 0x45, 0x77, 0x45, 0x77, 0x45, 0x77, 0x45, 0x77, 0x45, 0x77, 0x45,
    0x77, 0x45, 0x77, 0x45, 0x77, 0x45, 0x77, 0x45, 0x77, 0x45, 0x77, 0x45, 0x77, 0x45, 0x77, 0x45,
    0x77, 0x45, 0x77, 0x45, 0x77, 0x45, 0x77, 0x45, 0x77, 0x45, 0x77, 0x45, 0x77, 0x45, 0x77, 0x45,
    0x77, 0x45, 0x77, 0x45, 0x77, 0x45, 0x77, 0x45, 0xdc, 0x96, 0x3d, 0xaf, 0x3d, 0xa7, 0x77, 0x45,
    0x77, 0x45, 0x77, 0x45, 0x77, 0x45, 0x77, 0x45, 0x77, 0x45, 0x77, 0x45, 0x77, 0x45, 0x77, 0x45,
    0x77, 0x45, 0x77, 0x45, 0x77, 0x45, 0x77, 0x45, 0x77, 0x45, 0x77, 0x45, 0x77, 0x45, 0x77, 0x45,
    0x77, 0x45, 0x77, 0x45, 0x77, 0x45, 0x77, 0x45, 0x77, 0x45, 0x77, 0x45, 0x77, 0x45, 0x77, 0x45,
    0x77, 0x45, 0x77, 0x45, 0x77, 0x45, 0x77, 0x45, 0x77, 0x45, 0x77, 0x45, 0x77, 0x45, 0x77, 0x45,
    0x77, 0x45, 0x77, 0x45, 0x77, 0x45, 0x77, 0x45, 0x77, 0x45, 0x77, 0x45, 0x77, 0x45, 0x77, 0x45,
    0x77, 0x45, 0x77, 0x45, 0x77, 0x45, 0x77, 0x45, 0x77, 0x45, 0x77, 0x45, 0x77, 0x45, 0x77, 0x45,
    0x77, 0x45, 0x77, 0x45, 0x77, 0x45, 0x77, 0x45, 0x77, 0x45, 0x77, 0x45, 0x77, 0x45, 0x77, 0x45,
    0x77, 0x45, 0x77, 0x45, 0x77, 0x45, 0x77, 0x45, 0x77, 0x45, 0x77, 0x45, 0x77, 0x45, 0x77, 0x45,
    0x77, 0x45, 0x77, 0x45, 0xdc, 0x96, 0x3d, 0xaf, 0x3d, 0xa7, 0x77, 0x45, 0x77, 0x45, 0x77, 0x45,
    0x77, 0x45, 0x77, 0x45, 0x77, 0x45, 0x77, 0x45, 0x77, 0x45, 0x77, 0x45, 0x77, 0x45, 0x77, 0x45,
    0x77, 0x45, 0x77, 0x45, 0x77, 0x45, 0x77, 0x45, 0x77, 0x45, 0x77, 0x45, 0x77, 0x45, 0x77, 0x45,
    0x77, 0x45, 0x77, 0x45, 0x77, 0x45, 0x77, 0x45, 0x77, 0x45, 0x77, 0x45, 0x77, 0x45, 0x77, 0x45,
    0x77, 0x45, 0x77, 0x45, 0x77, 0x45, 0x77, 0x45, 0x77, 0x45, 0x77, 0x45, 0x77, 0x45, 0x77, 0x45,
    0x77, 0x45, 0x77, 0x45, 0x77, 0x45, 0x77, 0x45, 0x77, 0x45, 0x77, 0x45, 0x77, 0x45, 0x77, 0x45,
    0x77, 0x45, 0x77, 0x45, 0x77, 0x45, 0x77, 0x45, 0x77, 0x45, 0x77, 0x45, 0x77, 0x45, 0x77, 0x45,
    0x77, 0x45, 0x77, 0x45, 0x77, 0x45, 0x77, 0x45, 0x77, 0x45, 0x77, 0x45, 0x77, 0x45, 0x77, 0x45,
    0x77, 0x45, 0x77, 0x45, 0x77, 0x45, 0x77, 0x45, 0x77, 0x45, 0x77, 0x45, 0x77, 0x45, 0x77, 0x45,
    0xdc, 0x96, 0x3d, 0xaf, 0x3d, 0xa7, 0x77, 0x45, 0x77, 0x45, 0x77, 0x45, 0x77, 0x45, 0x77, 0x45,
    0x77, 0x45, 0x77, 0x45, 0x77, 0x45, 0x77, 0x45, 0x77, 0x45, 0x77, 0x45, 0x77, 0x45, 0x77, 0x45,
    0x77, 0x45, 0x77, 0x45, 0x77, 0x45, 0x77, 0x45, 0x77, 0x45, 0x77, 0x45, 0x77, 0x45, 0x77, 0x45,
    0x77, 0x45, 0x77, 0x45, 0x77, 0x45, 0x77, 0x45, 0x77, 0x45, 0x77, 0x45, 0x77, 0x45, 0x77, 0x45,
    0x77, 0x45, 0x77, 0x45, 0x77, 0x45, 0x77, 0x45, 0x77, 0x45, 0x77, 0x45, 0x77, 0x45, 0x77, 0x45,
    0x77, 0x45, 0x77, 0x45, 0x77, 0x45, 0x77, 0x45, 0x77, 0x45, 0x77, 0x45, 0x77, 0x45, 0x77, 0x45,
    0x77, 0x45, 0x77, 0x45, 0x77, 0x45, 0x77, 0x45, 0x77, 0x45, 0x77, 0x45, 0x77, 0x45, 0x77, 0x45,
    0x77, 0x45, 0x77, 0x45, 0x77, 0x45, 0x77, 0x45, 0x77, 0x45, 0x77, 0x45, 0x77, 0x45, 0x77, 0x45,
    0x77, 0x45, 0x77, 0x45, 0x77, 0x45, 0x77, 0x45, 0x77, 0x45, 0x77, 0x45, 0xdc, 0x96, 0x3d, 0xaf,
    0x3d, 0xa7, 0x77, 0x45, 0x77, 0x45, 0x77, 0x45, 0x77, 0x45, 0x77, 0x45, 0x77, 0x45, 0x77, 0x45,
    0x77, 0x45, 0x77, 0x45, 0x77, 0x45, 0x77, 0x45, 0x77, 0x45, 0x77, 0x45, 0x77, 0x45, 0x77, 0x45,
    0x77, 0x45, 0x77, 0x45, 0x77, 0x45, 0x77, 0x45, 0x77, 0x45, 0x77, 0x45, 0x77, 0x45, 0x77, 0x45,
    0x77, 0x45, 0x77, 0x45, 0x77, 0x45, 0x77, 0x45, 0x77, 0x45, 0x77, 0x45, 0x77, 0x45, 0x77, 0x45,
    0x77, 0x45, 0x77, 0x45, 0x77, 0x45, 0x77, 0x45, 0x77, 0x45, 0x77, 0x45, 0x77, 0x45, 0x77, 0x45,
    0x77, 0x45, 0x77, 0x45, 0x77, 0x45, 0x77, 0x45, 0x77, 0x45, 0x77, 0x45, 0x77, 0x45, 0x77, 0x45,
    0x77, 0x45, 0x77, 0x45, 0x77, 0x45, 0x77, 0x45, 0x77, 0x45, 0x77, 0x45, 0x77, 0x45, 0x77, 0x45,
    0x77, 0x45, 0x77, 0x45, 0x77, 0x45, 0x77, 0x45, 0x77, 0x45, 0x77, 0x45, 0x77, 0x45, 0x77, 0x45,
    0x77, 0x45, 0x77, 0x45, 0x77, 0x45, 0x77, 0x45, 0xdc, 0x96, 0x3d, 0xaf, 0x3d, 0xa7, 0x77, 0x45,
    0x77, 0x45, 0x77, 0x45, 0x77, 0x45, 0x77, 0x45, 0x77, 0x45, 0x77, 0x45, 0x77, 0x45, 0x77, 0x45,
    0x77, 0x45, 0x77, 0x45, 0x77, 0x45, 0x77, 0x45, 0x77, 0x45, 0x77, 0x45, 0x77, 0x45, 0x77, 0x45,
    0x77, 0x45, 0x77, 0x45, 0x77, 0x45, 0x77, 0x45, 0x77, 0x45, 0x77, 0x45, 0x77, 0x45, 0x77, 0x45,
    0x77, 0x45, 0x77, 0x45, 0x77, 0x45, 0x77, 0x45, 0x77, 0x45, 0x77, 0x45, 0x77, 0x45, 0x77, 0x45,
    0x77, 0x45, 0x77, 0x45, 0x77, 0x45, 0x77, 0x45, 0x77, 0x45, 0x77, 0x45, 0x77, 0x45, 0x77, 0x45,
    0x77, 0x45, 0x77, 0x45, 0x77, 0x45, 0x77, 0x45, 0x77, 0x45, 0x77, 0x45, 0x77, 0x45, 0x77, 0x45,
    0x77, 0x45, 0x77, 0x45, 0x77, 0x45, 0x77, 0x45, 0x77, 0x45, 0x77, 0x45, 0x77, 0x45, 0x77, 0x45,
    0x77, 0x45, 0x77, 0x45, 0x77, 0x45, 0x77, 0x45, 0x77, 0x45, 0x77, 0x45, 0x77, 0x45, 0x77, 0x45,
    0x77, 0x45, 0x77, 0x45, 0xdc, 0x96, 0x3d, 0xaf, 0x3d, 0xa7, 0x77, 0x45, 0x77, 0x45, 0x77, 0x45,
    0x77, 0x45, 0x77, 0x45, 0x77, 0x45, 0x77, 0x45, 0x77, 0x45, 0x77, 0x45, 0x77, 0x45, 0x77, 0x45,
    0x77, 0x45, 0x77, 0x45, 0x77, 0x45, 0x77, 0x45, 0x77, 0x45, 0x77, 0x45, 0x77, 0x45, 0x77, 0x45,
    0x77, 0x45, 0x77, 0x45, 0x77, 0x45, 0x77, 0x45, 0x77, 0x45, 0x77, 0x45, 0x77, 0x45, 0x77, 0x45,
    0x77, 0x45, 0x77, 0x45, 0x77, 0x45, 0x77, 0x45, 0x77, 0x45, 0x77, 0x45, 0x77, 0x45, 0x77, 0x45,
    0x77, 0x45, 0x77, 0x45, 0x77, 0x45, 0x77, 0x45, 0x77, 0x45, 0x77, 0x45, 0x77, 0x45, 0x77, 0x45,
    0x77, 0x45, 0x77, 0x45, 0x77, 0x45, 0x77, 0x45, 0x77, 0x45, 0x77, 0x45, 0x77, 0x45, 0x77, 0x45,
    0x77, 0x45, 0x77, 0x45, 0x77, 0x45, 0x77, 0x45, 0x77, 0x45, 0x77, 0x45, 0x77, 0x45, 0x77, 0x45,
    0x77, 0x45, 0x77, 0x45, 0x77, 0x45, 0x77, 0x45, 0x77, 0x45, 0x77, 0x45, 0x77, 0x45, 0x77, 0x45,
    0xdc, 0x96, 0x3d, 0xaf, 0x3d, 0xa7, 0x77, 0x45, 0x77, 0x45, 0x77, 0x45, 0x77, 0x45, 0x77, 0x45,
    0x77, 0x45, 0x77, 0x45, 0x77, 0x45, 0x77, 0x45, 0x77, 0x45, 0x77, 0x45, 0x77, 0x45, 0x77, 0x45,
    0x77, 0x45, 0x77, 0x45, 0x77, 0x45, 0x77, 0x45, 0x77, 0x45, 0x77, 0x45, 0x77, 0x45, 0x77, 0x45,
    0x77, 0x45, 0x77, 0x45, 0x77, 0x45, 0x77, 0x45, 0x77, 0x45, 0x77, 0x45, 0x77, 0x45, 0x77, 0x45,
    0x77, 0x45, 0x77, 0x45, 0x77, 0x45, 0x77, 0x45, 0x77, 0x45, 0x77, 0x45, 0x77, 0x45, 0x77, 0x45,
    0x77, 0x45, 0x77, 0x45, 0x77, 0x45, 0x77, 0x45, 0x77, 0x45, 0x77, 0x45, 0x77, 0x45, 0x77, 0x45,
    0x77, 0x45, 0x77, 0x45, 0x77, 0x45, 0x77, 0x45, 0x77, 0x45, 0x77, 0x45, 0x77, 0x45, 0x77, 0x45,
    0x77, 0x45, 0x77, 0x45, 0x77, 0x45, 0x77, 0x45, 0x77, 0x45, 0x77, 0x45, 0x77, 0x45, 0x77, 0x45,
    0x77, 0x45, 0x77, 0x45, 0x77, 0x45, 0x77, 0x45, 0x77, 0x45, 0x77, 0x45, 0xdc, 0x96, 0x3d, 0xaf,
    0x3d, 0xa7, 0x77, 0x45, 0x77, 0x45, 0x77, 0x45, 0x77, 0x45, 0x77, 0x45, 0x77, 0x45, 0x77, 0x45,
    0x77, 0x45, 0x77, 0x45, 0x77, 0x45, 0x77, 0x45, 0x77, 0x45, 0x77, 0x45, 0x77, 0x45, 0x77, 0x45,
    0x77, 0x45, 0x77, 0x45, 0x77, 0x45, 0x77, 0x45, 0x77, 0x45, 0x77, 0x45, 0x77, 0x45, 0x77, 0x45,
    0x77, 0x45, 0x77, 0x45, 0x77, 0x45, 0x77, 0x45, 0x77, 0x45, 0x77, 0x45, 0x77, 0x45, 0x77, 0x45,
    0x77, 0x45, 0x77, 0x45, 0x77, 0x45, 0x77, 0x45, 0x77, 0x45, 0x77, 0x45, 0x77, 0x45, 0x77, 0x45,
    0x77, 0x45, 0x77, 0x45, 0x77, 0x45, 0x77, 0x45, 0x77, 0x45, 0x77, 0x45, 0x77, 0x45, 0x77, 0x45,
    0x77, 0x45, 0x77, 0x45, 0x77, 0x45, 0x77, 0x45, 0x77, 0x45, 0x77, 0x45, 0x77, 0x45, 0x77, 0x45,
    0x77, 0x45, 0x77, 0x45, 0x77, 0x45, 0x77, 0x45, 0x77, 0x45, 0x77, 0x45, 0x77, 0x45, 0x77, 0x45,
    0x77, 0x45, 0x77, 0x45, 0x77, 0x45, 0x77, 0x45, 0xdc, 0x96, 0x3d, 0xaf, 0x3d, 0xa7, 0x77, 0x45,
    0x77, 0x45, 0x77, 0x45, 0x77, 0x45, 0x77, 0x45, 0x77, 0x45, 0x77, 0x45, 0x77, 0x45, 0x77, 0x45,
    0x77, 0x45, 0x77, 0x45, 0x77, 0x45, 0x77, 0x45, 0x77, 0x45, 0x77, 0x45, 0x77, 0x45, 0x77, 0x45,
    0x77, 0x45, 0x77, 0x45, 0x77, 0x45, 0x77, 0x45, 0x77, 0x45, 0x77, 0x45, 0x77, 0x45, 0x77, 0x45,
    0x77, 0x45, 0x77, 0x45, 0x77, 0x45, 0x77, 0x45, 0x77, 0x45, 0x77, 0x45, 0x77, 0x45, 0x77, 0x45,
    0x77, 0x45, 0x77, 0x45, 0x77, 0x45, 0x77, 0x45, 0x77, 0x45, 0x77, 0x45, 0x77, 0x45, 0x77, 0x45,
    0x77, 0x45, 0x77, 0x45, 0x77, 0x45, 0x77, 0x45, 0x77, 0x45, 0x77, 0x45, 0x77, 0x45, 0x77, 0x45,
    0x77, 0x45, 0x77, 0x45, 0x77, 0x45, 0x77, 0x45, 0x77, 0x45, 0x77, 0x45, 0x77, 0x45, 0x77, 0x45,
    0x77, 0x45, 0x77, 0x45, 0x77, 0x45, 0x77, 0x45, 0x77, 0x45, 0x77, 0x45, 0x77, 0x45, 0x77, 0x45,
    0x77, 0x45, 0x77, 0x45, 0xdc, 0x96, 0x3d, 0xaf, 0x3d, 0xa7, 0x77, 0x45, 0x77, 0x45, 0x77, 0x45,
    0x77, 0x45, 0x77, 0x45, 0x77, 0x45, 0x77, 0x45, 0x77, 0x45, 0x77, 0x45, 0x77, 0x45, 0x77, 0x45,
    0x77, 0x45, 0x77, 0x45, 0x77, 0x45, 0x77, 0x45, 0x77, 0x45, 0x77, 0x45, 0x77, 0x45, 0x77, 0x45,
    0x77, 0x45, 0x77, 0x45, 0x77, 0x45, 0x77, 0x45, 0x77, 0x45, 0x77, 0x45, 0x77, 0x45, 0x77, 0x45,
    0x77, 0x45, 0x77, 0x45, 0x77, 0x45, 0x77, 0x45, 0x77, 0x45, 0x77, 0x45, 0x77, 0x45, 0x77, 0x45,
    0x77, 0x45, 0x77, 0x45, 0x77, 0x45, 0x77, 0x45, 0x77, 0x45, 0x77, 0x45, 0x77, 0x45, 0x77, 0x45,
    0x77, 0x45, 0x77, 0x45, 0x77, 0x45, 0x77, 0x45, 0x77, 0x45, 0x77, 0x45, 0x77, 0x45, 0x77, 0x45,
    0x77, 0x45, 0x77, 0x45, 0x77, 0x45, 0x77, 0x45, 0x77, 0x45, 0x77, 0x45, 0x77, 0x45, 0x77, 0x45,
    0x77, 0x45, 0x77, 0x45, 0x77, 0x45, 0x77, 0x45, 0x77, 0x45, 0x77, 0x45, 0x77, 0x45, 0x77, 0x45,
    0xdc, 0x96, 0x3d, 0xaf, 0x3d, 0xa7, 0x77, 0x45, 0x77, 0x45, 0x77, 0x45, 0x77, 0x45, 0x77, 0x45,
    0x77, 0x45, 0x77, 0x45, 0x77, 0x45, 0x77, 0x45, 0x77, 0x45, 0x77, 0x45, 0x77, 0x45, 0x77, 0x45,
    0x77, 0x45, 0x77, 0x45, 0x77, 0x45, 0x77, 0x45, 0x77, 0x45, 0x77, 0x45, 0x77, 0x45, 0x77, 0x45,
    0x77, 0x45, 0x77, 0x45, 0x77, 0x45, 0x77, 0x45, 0x77, 0x45, 0x77, 0x45, 0x77, 0x45, 0x77, 0x45,
    0x77, 0x45, 0x77, 0x45, 0x77, 0x45, 0x77, 0x45, 0x77, 0x45, 0x77, 0x45, 0x77, 0x45, 0x77, 0x45,
    0x77, 0x45, 0x77, 0x45, 0x77, 0x45, 0x77, 0x45, 0x77, 0x45, 0x77, 0x45, 0x77, 0x45, 0x77, 0x45,
    0x77, 0x45, 0x77, 0x45, 0x77, 0x45, 0x77, 0x45, 0x77, 0x45, 0x77, 0x45, 0x77, 0x45, 0x77, 0x45,
    0x77, 0x45, 0x77, 0x45, 0x77, 0x45, 0x77, 0x45, 0x77, 0x45, 0x77, 0x45, 0x77, 0x45, 0x77, 0x45,
    0x77, 0x45, 0x77, 0x45, 0x77, 0x45, 0x77, 0x45, 0x77, 0x45, 0x77, 0x45, 0xdc, 0x96, 0x3d, 0xaf,
    0x3d, 0xa7, 0x77, 0x45, 0x77, 0x45, 0x77, 0x45, 0x77, 0x45, 0x77, 0x45, 0x77, 0x45, 0x77, 0x45,
    0x77, 0x45, 0x77, 0x45, 0x77, 0x45, 0x77, 0x45, 0x77, 0x45, 0x77, 0x45, 0x77, 0x45, 0x77, 0x45,
    0x77, 0x45, 0x77, 0x45, 0x77, 0x45, 0x77, 0x45, 0x77, 0x45, 0x77, 0x45, 0x77, 0x45, 0x77, 0x45,
    0x77, 0x45, 0x77, 0x45, 0x77, 0x45, 0x77, 0x45, 0x77, 0x45, 0x77, 0x45, 0x77, 0x45, 0x77, 0x45,
    0x77, 0x45, 0x77, 0x45, 0x77, 0x45, 0x77, 0x45, 0x77, 0x45, 0x77, 0x45, 0x77, 0x45, 0x77, 0x45,
    0x77, 0x45, 0x77, 0x45, 0x77, 0x45, 0x77, 0x45, 0x77, 0x45, 0x77, 0x45, 0x77, 0x45, 0x77, 0x45,
    0x77, 0x45, 0x77, 0x45, 0x77, 0x45, 0x77, 0x45, 0x77, 0x45, 0x77, 0x45, 0x77, 0x45, 0x77, 0x45,
    0x77, 0x45, 0x77, 0x45, 0x77, 0x45, 0x77, 0x45, 0x77, 0x45, 0x77, 0x45, 0x77, 0x45, 0x77, 0x45,
    0x77, 0x45, 0x77, 0x45, 0x77, 0x45, 0x77, 0x45, 0xdc, 0x96, 0x3d, 0xaf, 0x3d, 0xa7, 0x77, 0x45,
    0x77, 0x45, 0x77, 0x45, 0x77, 0x45, 0x77, 0x45, 0x77, 0x45, 0x77, 0x45, 0x77, 0x45, 0x77, 0x45,
    0x77, 0x45, 0x77, 0x45, 0x77, 0x45, 0x77, 0x45, 0x77, 0x45, 0x77, 0x45, 0x77, 0x45, 0x77, 0x45,
    0x77, 0x45, 0x77, 0x45, 0x77, 0x45, 0x77, 0x45, 0x77, 0x45, 0x77, 0x45, 0x77, 0x45, 0x77, 0x45,
    0x77, 0x45, 0x77, 0x45, 0x77, 0x45, 0x77, 0x45, 0x77, 0x45, 0x77, 0x45, 0x77, 0x45, 0x77, 0x45,
    0x77, 0x45, 0x77, 0x45, 0x77, 0x45, 0x77, 0x45, 0x77, 0x45, 0x77, 0x45, 0x77, 0x45, 0x77, 0x45,
    0x77, 0x45, 0x77, 0x45, 0x77, 0x45, 0x77, 0x45, 0x77, 0x45, 0x77, 0x45, 0x77, 0x45, 0x77, 0x45,
    0x77, 0x45, 0x77, 0x45, 0x77, 0x45, 0x77, 0x45, 0x77, 0x45, 0x77, 0x45, 0x77, 0x45, 0x77, 0x45,
    0x77, 0x45, 0x77, 0x45, 0x77, 0x45, 0x77, 0x45, 0x77, 0x45, 0x77, 0x45, 0x77, 0x45, 0x77, 0x45,
    0x77, 0x45, 0x77, 0x45, 0xdc, 0x96, 0x3d, 0xaf, 0x3d, 0xa7, 0x77, 0x45, 0x77, 0x45, 0x77, 0x45,
    0x77, 0x45, 0x77, 0x45, 0x77, 0x45, 0x77, 0x45, 0x77, 0x45, 0x77, 0x45, 0x77, 0x45, 0x77, 0x45,
    0x77, 0x45, 0x77, 0x45, 0x77, 0x45, 0x77, 0x45, 0x77, 0x45, 0x77, 0x45, 0x77, 0x45, 0x77, 0x45,
    0x77, 0x45, 0x77, 0x45, 0x77, 0x45, 0x77, 0x45, 0x77, 0x45, 0x77, 0x45, 0x77, 0x45, 0x77, 0x45,
    0x77, 0x45, 0x77, 0x45, 0x77, 0x45, 0x77, 0x45, 0x77, 0x45, 0x77, 0x45, 0x77, 0x45, 0x77, 0x45,
    0x77, 0x45, 0x77, 0x45, 0x77, 0x45, 0x77, 0x45, 0x77, 0x45, 0x77, 0x45, 0x77, 0x45, 0x77, 0x45,
    0x77, 0x45, 0x77, 0x45, 0x77, 0x45, 0x77, 0x45, 0x77, 0x45, 0x77, 0x45, 0x77, 0x45, 0x77, 0x45,
    0x77, 0x45, 0x77, 0x45, 0x77, 0x45, 0x77, 0x45, 0x77, 0x45, 0x77, 0x45, 0x77, 0x45, 0x77, 0x45,
    0x77, 0x45, 0x77, 0x45, 0x77, 0x45, 0x77, 0x45, 0x77, 0x45, 0x77, 0x45, 0x77, 0x45, 0x77, 0x45,
    0xdc, 0x96, 0x3d, 0xaf, 0x3d, 0xa7, 0x77, 0x45, 0x77, 0x45, 0x77, 0x45, 0x77, 0x45, 0x77, 0x45,
    0x77, 0x45, 0x77, 0x45, 0x77, 0x45, 0x77, 0x45, 0x77, 0x45, 0x77, 0x45, 0x77, 0x45, 0x77, 0x45,
    0x77, 0x45, 0x77, 0x45, 0x77, 0x45, 0x77, 0x45, 0x77, 0x45, 0x77, 0x45, 0x77, 0x45, 0x77, 0x45,
    0x77, 0x45, 0x77, 0x45, 0x77, 0x45, 0x77, 0x45, 0x77, 0x45, 0x77, 0x45, 0x77, 0x45, 0x77, 0x45,
    0x77, 0x45, 0x77, 0x45, 0x77, 0x45, 0x77, 0x45, 0x77, 0x45, 0x77, 0x45, 0x77, 0x45, 0x77, 0x45,
    0x77, 0x45, 0x77, 0x45, 0x77, 0x45, 0x77, 0x45, 0x77, 0x45, 0x77, 0x45, 0x77, 0x45, 0x77, 0x45,
    0x77, 0x45, 0x77, 0x45, 0x77, 0x45, 0x77, 0x45, 0x77, 0x45, 0x77, 0x45, 0x77, 0x45, 0x77, 0x45,
    0x77, 0x45, 0x77, 0x45, 0x77, 0x45, 0x77, 0x45, 0x77, 0x45, 0x77, 0x45, 0x77, 0x45, 0x77, 0x45,
    0x77, 0x45, 0x77, 0x45, 0x77, 0x45, 0x77, 0x45, 0x77, 0x45, 0x77, 0x45, 0xdc, 0x96, 0x3d, 0xaf,
    0x3d, 0xa7, 0x77, 0x45, 0x77, 0x45, 0x77, 0x45, 0x77, 0x45, 0x77, 0x45, 0x77, 0x45, 0x77, 0x45,
    0x77, 0x45, 0x77, 0x45, 0x77, 0x45, 0x77, 0x45, 0x77, 0x45, 0x77, 0x45, 0x77, 0x45, 0x77, 0x45,
    0x77, 0x45, 0x77, 0x45, 0x77, 0x45, 0x77, 0x45, 0x77, 0x45, 0x77, 0x45, 0x77, 0x45, 0x77, 0x45,
    0x77, 0x45, 0x77, 0x45, 0x77, 0x45, 0x77, 0x45, 0x77, 0x45, 0x77, 0x45, 0x77, 0x45, 0x77, 0x45,
    0x77, 0x45, 0x77, 0x45, 0x77, 0x45, 0x77, 0x45, 0x77, 0x45, 0x77, 0x45, 0x77, 0x45, 0x77, 0x45,
    0x77, 0x45, 0x77, 0x45, 0x77, 0x45, 0x77, 0x45, 0x77, 0x45, 0x77, 0x45, 0x77, 0x45, 0x77, 0x45,
    0x77, 0x45, 0x77, 0x45, 0x77, 0x45, 0x77, 0x45, 0x77, 0x45, 0x77, 0x45, 0x77, 0x45, 0x77, 0x45,
    0x77, 0x45, 0x77, 0x45, 0x77, 0x45, 0x77, 0x45, 0x77, 0x45, 0x77, 0x45, 0x77, 0x45, 0x77, 0x45,
    0x77, 0x45, 0x77, 0x45, 0x77, 0x45, 0x77, 0x45, 0xdc, 0x96, 0x3d, 0xaf, 0x3d, 0xa7, 0x77, 0x45,
    0x77, 0x45, 0x77, 0x45, 0x77, 0x45, 0x77, 0x45, 0x77, 0x45, 0x77, 0x45, 0x77, 0x45, 0x77, 0x45,
    0x77, 0x45, 0x77, 0x45, 0x77, 0x45, 0x77, 0x45, 0x77, 0x45, 0x77, 0x45, 0x77, 0x45, 0x77, 0x45,
    0x77, 0x45, 0x77, 0x45, 0x77, 0x45, 0x77, 0x45, 0x77, 0x45, 0x77, 0x45, 0x77, 0x45, 0x77, 0x45,
    0x77, 0x45, 0x77, 0x45, 0x77, 0x45, 0x77, 0x45, 0x77, 0x45, 0x77, 0x45, 0x77, 0x45, 0x77, 0x45,
    0x77, 0x45, 0x77, 0x45, 0x77, 0x45, 0x77, 0x45, 0x77, 0x45, 0x77, 0x45, 0x77, 0x45, 0x77, 0x45,
    0x77, 0x45, 0x77, 0x45, 0x77, 0x45, 0x77, 0x45, 0x77, 0x45, 0x77, 0x45, 0x77, 0x45, 0x77, 0x45,
    0x77, 0x45, 0x77, 0x45, 0x77, 0x45, 0x77, 0x45, 0x77, 0x45, 0x77, 0x45, 0x77, 0x45, 0x77, 0x45,
    0x77, 0x45, 0x77, 0x45, 0x77, 0x45, 0x77, 0x45, 0x77, 0x45, 0x77, 0x45, 0x77, 0x45, 0x77, 0x45,
    0x77, 0x45, 0x77, 0x45, 0xdc, 0x96, 0x3d, 0xaf, 0x3d, 0xa7, 0x77, 0x45, 0x77, 0x45, 0x77, 0x45,
    0x77, 0x45, 0x77, 0x45, 0x77, 0x45, 0x77, 0x45, 0x77, 0x45, 0x77, 0x45, 0x77, 0x45, 0x77, 0x45,
    0x77, 0x45, 0x77, 0x45, 0x77, 0x45, 0x77, 0x45, 0x77, 0x45, 0x77, 0x45, 0x77, 0x45, 0x77, 0x45,
    0x77, 0x45, 0x77, 0x45, 0x77, 0x45, 0x77, 0x45, 0x77, 0x45, 0x77, 0x45, 0x77, 0x45, 0x77, 0x45,
    0x77, 0x45, 0x77, 0x45, 0x77, 0x45, 0x77, 0x45, 0x77, 0x45, 0x77, 0x45, 0x77, 0x45, 0x77, 0x45,
    0x77, 0x45, 0x77, 0x45, 0x77, 0x45, 0x77, 0x45, 0x77, 0x45, 0x77, 0x45, 0x77, 0x45, 0x77, 0x45,
    0x77, 0x45, 0x77, 0x45, 0x77, 0x45, 0x77, 0x45, 0x77, 0x45, 0x77, 0x45, 0x77, 0x45, 0x77, 0x45,
    0x77, 0x45, 0x77, 0x45, 0x77, 0x45, 0x77, 0x45, 0x77, 0x45, 0x77, 0x45, 0x77, 0x45, 0x77, 0x45,
    0x77, 0x45, 0x77, 0x45, 0x77, 0x45, 0x77, 0x45, 0x77, 0x45, 0x77, 0x45, 0x77, 0x45, 0x77, 0x45,
    0xdc, 0x96, 0x3d, 0xaf, 0x3d, 0xa7, 0x77, 0x45, 0x77, 0x45, 0x77, 0x45, 0x77, 0x45, 0x77, 0x45,
    0x77, 0x45, 0x77, 0x45, 0x77, 0x45, 0x77, 0x45, 0x77, 0x45, 0x77, 0x45, 0x77, 0x45, 0x77, 0x45,
    0x77, 0x45, 0x77, 0x45, 0x77, 0x45, 0x77, 0x45, 0x77, 0x45, 0x77, 0x45, 0x77, 0x45, 0x77, 0x45,
    0x77, 0x45, 0x77, 0x45, 0x77, 0x45, 0x77, 0x45, 0x77, 0x45, 0x77, 0x45, 0x77, 0x45, 0x77, 0x45,
    0x77, 0x45, 0x77, 0x45, 0x77, 0x45, 0x77, 0x45, 0x77, 0x45, 0x77, 0x45, 0x77, 0x45, 0x77, 0x45,
    0x77, 0x45, 0x77, 0x45, 0x77, 0x45, 0x77, 0x45, 0x77, 0x45, 0x77, 0x45, 0x77, 0x45, 0x77, 0x45,
    0x77, 0x45, 0x77, 0x45, 0x77, 0x45, 0x77, 0x45, 0x77, 0x45, 0x77, 0x45, 0x77, 0x45, 0x77, 0x45,
    0x77, 0x45, 0x77, 0x45, 0x77, 0x45, 0x77, 0x45, 0x77, 0x45, 0x77, 0x45, 0x77, 0x45, 0x77, 0x45,
    0x77, 0x45, 0x77, 0x45, 0x77, 0x45, 0x77, 0x45, 0x77, 0x45, 0x77, 0x45, 0xdc, 0x96, 0x3d, 0xaf,
    0x3d, 0xa7, 0x77, 0x45, 0x77, 0x45, 0x77, 0x45, 0x77, 0x45, 0x77, 0x45, 0x77, 0x45, 0x77, 0x45,
    0x77, 0x45, 0x77, 0x45, 0x77, 0x45, 0x77, 0x45, 0x77, 0x45, 0x77, 0x45, 0x77, 0x45, 0x77, 0x45,
    0x77, 0x45, 0x77, 0x45, 0x77, 0x45, 0x77, 0x45, 0x77, 0x45, 0x77, 0x45, 0x77, 0x45, 0x77, 0x45,
    0x77, 0x45, 0x77, 0x45, 0x77, 0x45, 0x77, 0x45, 0x77, 0x45, 0x77, 0x45, 0x77, 0x45, 0x77, 0x45,
    0x77, 0x45, 0x77, 0x45, 0x77, 0x45, 0x77, 0x45, 0x77, 0x45, 0x77, 0x45, 0x77, 0x45, 0x77, 0x45,
    0x77, 0x45, 0x77, 0x45, 0x77, 0x45, 0x77, 0x45, 0x77, 0x45, 0x77, 0x45, 0x77, 0x45, 0x77, 0x45,
    0x77, 0x45, 0x77, 0x45, 0x77, 0x45, 0x77, 0x45, 0x77, 0x45, 0x77, 0x45, 0x77, 0x45, 0x77, 0x45,
    0x77, 0x45, 0x77, 0x45, 0x77, 0x45, 0x77, 0x45, 0x77, 0x45, 0x77, 0x45, 0x77, 0x45, 0x77, 0x45,
    0x77, 0x45, 0x77, 0x45, 0x77, 0x45, 0x77, 0x45, 0xdc, 0x96, 0x3d, 0xaf, 0x3d, 0xa7, 0x77, 0x45,
    0x77, 0x45, 0x77, 0x45, 0x77, 0x45, 0x77, 0x45, 0x77, 0x45, 0x77, 0x45, 0x77, 0x45, 0x77, 0x45,
    0x77, 0x45, 0x77, 0x45, 0x77, 0x45, 0x77, 0x45, 0x77, 0x45, 0x77, 0x45, 0x77, 0x45, 0x77, 0x45,
    0x77, 0x45, 0x77, 0x45, 0x77, 0x45, 0x77, 0x45, 0x77, 0x45, 0x77, 0x45, 0x77, 0x45, 0x77, 0x45,
    0x77, 0x45, 0x77, 0x45, 0x77, 0x45, 0x77, 0x45, 0x77, 0x45, 0x77, 0x45, 0x77, 0x45, 0x77, 0x45,
    0x77, 0x45, 0x77, 0x45, 0x77, 0x45, 0x77, 0x45, 0x77, 0x45, 0x77, 0x45, 0x77, 0x45, 0x77, 0x45,
    0x77, 0x45, 0x77, 0x45, 0x77, 0x45, 0x77, 0x45, 0x77, 0x45, 0x77, 0x45, 0x77, 0x45, 0x77, 0x45,
    0x77, 0x45, 0x77, 0x45, 0x77, 0x45, 0x77, 0x45, 0x77, 0x45, 0x77, 0x45, 0x77, 0x45, 0x77, 0x45,
    0x77, 0x45, 0x77, 0x45, 0x77, 0x45, 0x77, 0x45, 0x77, 0x45, 0x77, 0x45, 0x77, 0x45, 0x77, 0x45,
    0x77, 0x45, 0x77, 0x45, 0xdc, 0x96, 0x3d, 0xaf, 0x3d, 0xa7, 0x77, 0x45, 0x77, 0x45, 0x77, 0x45,
    0x77, 0x45, 0x77, 0x45, 0x77, 0x45, 0x77, 0x45, 0x77, 0x45, 0x77, 0x45, 0x77, 0x45, 0x77, 0x45,
    0x77, 0x45, 0x77, 0x45, 0x77, 0x45, 0x77, 0x45, 0x77, 0x45, 0x77, 0x45, 0x77, 0x45, 0x77, 0x45,
    0x77, 0x45, 0x77, 0x45, 0x77, 0x45, 0x77, 0x45, 0x77, 0x45, 0x77, 0x45, 0x77, 0x45, 0x77, 0x45,
    0x77, 0x45, 0x77, 0x45, 0x77, 0x45, 0x77, 0x45, 0x77, 0x45, 0x77, 0x45, 0x77, 0x45, 0x77, 0x45,
    0x77, 0x45, 0x77, 0x45, 0x77, 0x45, 0x77, 0x45, 0x77, 0x45, 0x77, 0x45, 0x77, 0x45, 0x77, 0x45,
    0x77, 0x45, 0x77, 0x45, 0x77, 0x45, 0x77, 0x45, 0x77, 0x45, 0x77, 0x45, 0x77, 0x45, 0x77, 0x45,
    0x77, 0x45, 0x77, 0x45, 0x77, 0x45, 0x77, 0x45, 0x77, 0x45, 0x77, 0x45, 0x77, 0x45, 0x77, 0x45,
    0x77, 0x45, 0x77, 0x45, 0x77, 0x45, 0x77, 0x45, 0x77, 0x45, 0x77, 0x45, 0x77, 0x45, 0x77, 0x45,
    0xdc, 0x96, 0x3d, 0xaf, 0x3d, 0xa7, 0x77, 0x45, 0x77, 0x45, 0x77, 0x45, 0x77, 0x45, 0x77, 0x45,
    0x77, 0x45, 0x77, 0x45, 0x77, 0x45, 0x77, 0x45, 0x77, 0x45, 0x77, 0x45, 0x77, 0x45, 0x77, 0x45,
    0x77, 0x45, 0x77, 0x45, 0x77, 0x45, 0x77, 0x45, 0x77, 0x45, 0x77, 0x45, 0x77, 0x45, 0x77, 0x45,
    0x77, 0x45, 0x77, 0x45, 0x77, 0x45, 0x77, 0x45, 0x77, 0x45, 0x77, 0x45, 0x77, 0x45, 0x77, 0x45,
    0x77, 0x45, 0x77, 0x45, 0x77, 0x45, 0x77, 0x45, 0x77, 0x45, 0x77, 0x45, 0x77, 0x45, 0x77, 0x45,
    0x77, 0x45, 0x77, 0x45, 0x77, 0x45, 0x77, 0x45, 0x77, 0x45, 0x77, 0x45, 0x77, 0x45, 0x77, 0x45,
    0x77, 0x45, 0x77, 0x45, 0x77, 0x45, 0x77, 0x45, 0x77, 0x45, 0x77, 0x45, 0x77, 0x45, 0x77, 0x45,
    0x77, 0x45, 0x77, 0x45, 0x77, 0x45, 0x77, 0x45, 0x77, 0x45, 0x77, 0x45, 0x77, 0x45, 0x77, 0x45,
    0x77, 0x45, 0x77, 0x45, 0x77, 0x45, 0x77, 0x45, 0x77, 0x45, 0x77, 0x45, 0xdc, 0x96, 0x3d, 0xaf,
    0x3d, 0xa7, 0x77, 0x45, 0x77, 0x45, 0x77, 0x45, 0x77, 0x45, 0x77, 0x45, 0x77, 0x45, 0x77, 0x45,
    0x77, 0x45, 0x77, 0x45, 0x77, 0x45, 0x77, 0x45, 0x77, 0x45, 0x77, 0x45, 0x77, 0x45, 0x77, 0x45,
    0x77, 0x45, 0x77, 0x45, 0x77, 0x45, 0x77, 0x45, 0x77, 0x45, 0x77, 0x45, 0x77, 0x45, 0x77, 0x45,
    0x77, 0x45, 0x77, 0x45, 0x77, 0x45, 0x77, 0x45, 0x77, 0x45, 0x77, 0x45, 0x77, 0x45, 0x77, 0x45,
    0x77, 0x45, 0x77, 0x45, 0x77, 0x45, 0x77, 0x45, 0x77, 0x45, 0x77, 0x45, 0x77, 0x45, 0x77, 0x45,
    0x77, 0x45, 0x77, 0x45, 0x77, 0x45, 0x77, 0x45, 0x77, 0x45, 0x77, 0x45, 0x77, 0x45, 0x77, 0x45,
    0x77, 0x45, 0x77, 0x45, 0x77, 0x45, 0x77, 0x45, 0x77, 0x45, 0x77, 0x45, 0x77, 0x45, 0x77, 0x45,
    0x77, 0x45, 0x77, 0x45, 0x77, 0x45, 0x77, 0x45, 0x77, 0x45, 0x77, 0x45, 0x77, 0x45, 0x77, 0x45,
    0x77, 0x45, 0x77, 0x45, 0x77, 0x45, 0x77, 0x45, 0xdc, 0x96, 0x3d, 0xaf, 0x3d, 0xa7, 0x77, 0x45,
    0x77, 0x45, 0x77, 0x45, 0x77, 0x45, 0x77, 0x45, 0x77, 0x45, 0x77, 0x45, 0x77, 0x45, 0x77, 0x45,
    0x77, 0x45, 0x77, 0x45, 0x77, 0x45, 0x77, 0x45, 0x77, 0x45, 0x77, 0x45, 0x77, 0x45, 0x77, 0x45,
    0x77, 0x45, 0x77, 0x45, 0x77, 0x45, 0x77, 0x45, 0x77, 0x45, 0x77, 0x45, 0x77, 0x45, 0x77, 0x45,
    0x77, 0x45, 0x77, 0x45, 0x77, 0x45, 0x77, 0x45, 0x77, 0x45, 0x77, 0x45, 0x77, 0x45, 0x77, 0x45,
    0x77, 0x45, 0x77, 0x45, 0x77, 0x45, 0x77, 0x45, 0x77, 0x45, 0x77, 0x45, 0x77, 0x45, 0x77, 0x45,
    0x77, 0x45, 0x77, 0x45, 0x77, 0x45, 0x77, 0x45, 0x77, 0x45, 0x77, 0x45, 0x77, 0x45, 0x77, 0x45,
    0x77, 0x45, 0x77, 0x45, 0x77, 0x45, 0x77, 0x45, 0x77, 0x45, 0x77, 0x45, 0x77, 0x45, 0x77, 0x45,
    0x77, 0x45, 0x77, 0x45, 0x77, 0x45, 0x77, 0x45, 0x77, 0x45, 0x77, 0x45, 0x77, 0x45, 0x77, 0x45,
    0x77, 0x45, 0x77, 0x45, 0xdc, 0x96, 0x3d, 0xaf, 0x3d, 0xa7, 0x77, 0x45, 0x77, 0x45, 0x77, 0x45,
    0x77, 0x45, 0x77, 0x45, 0x77, 0x45, 0x77, 0x45, 0x77, 0x45, 0x77, 0x45, 0x77, 0x45, 0x77, 0x45,
    0x77, 0x45, 0x77, 0x45, 0x77, 0x45, 0x77, 0x45, 0x77, 0x45, 0x77, 0x45, 0x77, 0x45, 0x77, 0x45,
    0x77, 0x45, 0x77, 0x45, 0x77, 0x45, 0x77, 0x45, 0x77, 0x45, 0x77, 0x45, 0x77, 0x45, 0x77, 0x45,
    0x77, 0x45, 0x77, 0x45, 0x77, 0x45, 0x77, 0x45, 0x77, 0x45, 0x77, 0x45, 0x77, 0x45, 0x77, 0x45,
    0x77, 0x45, 0x77, 0x45, 0x77, 0x45, 0x77, 0x45, 0x77, 0x45, 0x77, 0x45, 0x77, 0x45, 0x77, 0x45,
    0x77, 0x45, 0x77, 0x45, 0x77, 0x45, 0x77, 0x45, 0x77, 0x45, 0x77, 0x45, 0x77, 0x45, 0x77, 0x45,
    0x77, 0x45, 0x77, 0x45, 0x77, 0x45, 0x77, 0x45, 0x77, 0x45, 0x77, 0x45, 0x77, 0x45, 0x77, 0x45,
    0x77, 0x45, 0x77, 0x45, 0x77, 0x45, 0x77, 0x45, 0x77, 0x45, 0x77, 0x45, 0x77, 0x45, 0x77, 0x45,
    0xdc, 0x96, 0x3d, 0xaf, 0x3d, 0xa7, 0x77, 0x45, 0x77, 0x45, 0x77, 0x45, 0x77, 0x45, 0x77, 0x45,
    0x77, 0x45, 0x77, 0x45, 0x77, 0x45, 0x77, 0x45, 0x77, 0x45, 0x77, 0x45, 0x77, 0x45, 0x77, 0x45,
    0x77, 0x45, 0x77, 0x45, 0x77, 0x45, 0x77, 0x45, 0x77, 0x45, 0x77, 0x45, 0x77, 0x45, 0x77, 0x45,
    0x77, 0x45, 0x77, 0x45, 0x77, 0x45, 0x77, 0x45, 0x77, 0x45, 0x77, 0x45, 0x77, 0x45, 0x77, 0x45,
    0x77, 0x45, 0x77, 0x45, 0x77, 0x45, 0x77, 0x45, 0x77, 0x45, 0x77, 0x45, 0x77, 0x45, 0x77, 0x45,
    0x77, 0x45, 0x77, 0x45, 0x77, 0x45, 0x77, 0x45, 0x77, 0x45, 0x77, 0x45, 0x77, 0x45, 0x77, 0x45,
    0x77, 0x45, 0x77, 0x45, 0x77, 0x45, 0x77, 0x45, 0x77, 0x45, 0x77, 0x45, 0x77, 0x45, 0x77, 0x45,
    0x77, 0x45, 0x77, 0x45, 0x77, 0x45, 0x77, 0x45, 0x77, 0x45, 0x77, 0x45, 0x77, 0x45, 0x77, 0x45,
    0x77, 0x45, 0x77, 0x45, 0x77, 0x45, 0x77, 0x45, 0x77, 0x45, 0x77, 0x45, 0xdc, 0x96, 0x3d, 0xaf,
    0x3d, 0xa7, 0x77, 0x45, 0x77, 0x45, 0x77, 0x45, 0x77, 0x45, 0x77, 0x45, 0x77, 0x45, 0x77, 0x45,
    0x77, 0x45, 0x77, 0x45, 0x77, 0x45, 0x77, 0x45, 0x77, 0x45, 0x77, 0x45, 0x77, 0x45, 0x77, 0x45,
    0x77, 0x45, 0x77, 0x45, 0x77, 0x45, 0x77, 0x45, 0x77, 0x45, 0x77, 0x45, 0x77, 0x45, 0x77, 0x45,
    0x77, 0x45, 0x77, 0x45, 0x77, 0x45, 0x77, 0x45, 0x77, 0x45, 0x77, 0x45, 0x77, 0x45, 0x77, 0x45,
    0x77, 0x45, 0x77, 0x45, 0x77, 0x45, 0x77, 0x45, 0x77, 0x45, 0x77, 0x45, 0x77, 0x45, 0x77, 0x45,
    0x77, 0x45, 0x77, 0x45, 0x77, 0x45, 0x77, 0x45, 0x77, 0x45, 0x77, 0x45, 0x77, 0x45, 0x77, 0x45,
    0x77, 0x45, 0x77, 0x45, 0x77, 0x45, 0x77, 0x45, 0x77, 0x45, 0x77, 0x45, 0x77, 0x45, 0x77, 0x45,
    0x77, 0x45, 0x77, 0x45, 0x77, 0x45, 0x77, 0x45, 0x77, 0x45, 0x77, 0x45, 0x77, 0x45, 0x77, 0x45,
    0x77, 0x45, 0x77, 0x45, 0x77, 0x45, 0x77, 0x45, 0xdc, 0x96, 0x3d, 0xaf, 0x3d, 0xa7, 0x77, 0x45,
    0x77, 0x45, 0x77, 0x45, 0x77, 0x45, 0x77, 0x45, 0x77, 0x45, 0x77, 0x45, 0x77, 0x45, 0x77, 0x45,
    0x77, 0x45, 0x77, 0x45, 0x77, 0x45, 0x77, 0x45, 0x77, 0x45, 0x77, 0x45, 0x77, 0x45, 0x77, 0x45,
    0x77, 0x45, 0x77, 0x45, 0x77, 0x45, 0x77, 0x45, 0x77, 0x45, 0x77, 0x45, 0x77, 0x45, 0x77, 0x45,
    0x77, 0x45, 0x77, 0x45, 0x77, 0x45, 0x77, 0x45, 0x77, 0x45, 0x77, 0x45, 0x77, 0x45, 0x77, 0x45,
    0x77, 0x45, 0x77, 0x45, 0x77, 0x45, 0x77, 0x45, 0x77, 0x45, 0x77, 0x45, 0x77, 0x45, 0x77, 0x45,
    0x77, 0x45, 0x77, 0x45, 0x77, 0x45, 0x77, 0x45, 0x77, 0x45, 0x77, 0x45, 0x77, 0x45, 0x77, 0x45,
    0x77, 0x45, 0x77, 0x45, 0x77, 0x45, 0x77, 0x45, 0x77, 0x45, 0x77, 0x45, 0x77, 0x45, 0x77, 0x45,
    0x77, 0x45, 0x77, 0x45, 0x77, 0x45, 0x77, 0x45, 0x77, 0x45, 0x77, 0x45, 0x77, 0x45, 0x77, 0x45,
    0x77, 0x45, 0x77, 0x45, 0xdc, 0x96, 0x3d, 0xaf, 0x3d, 0xa7, 0x77, 0x45, 0x77, 0x45, 0x77, 0x45,
    0x77, 0x45, 0x77, 0x45, 0x77, 0x45, 0x77, 0x45, 0x77, 0x45, 0x77, 0x45, 0x77, 0x45, 0x77, 0x45,
    0x77, 0x45, 0x77, 0x45, 0x77, 0x45, 0x77, 0x45, 0x77, 0x45, 0x77, 0x45, 0x77, 0x45, 0x77, 0x45,
    0x77, 0x45, 0x77, 0x45, 0x77, 0x45, 0x77, 0x45, 0x77, 0x45, 0x77, 0x45, 0x77, 0x45, 0x77, 0x45,
    0x77, 0x45, 0x77, 0x45, 0x77, 0x45, 0x77, 0x45, 0x77, 0x45, 0x77, 0x45, 0x77, 0x45, 0x77, 0x45,
    0x77, 0x45, 0x77, 0x45, 0x77, 0x45, 0x77, 0x45, 0x77, 0x45, 0x77, 0x45, 0x77, 0x45, 0x77, 0x45,
    0x77, 0x45, 0x77, 0x45, 0x77, 0x45, 0x77, 0x45, 0x77, 0x45, 0x77, 0x45, 0x77, 0x45, 0x77, 0x45,
    0x77, 0x45, 0x77, 0x45, 0x77, 0x45, 0x77, 0x45, 0x77, 0x45, 0x77, 0x45, 0x77, 0x45, 0x77, 0x45,
    0x77, 0x45, 0x77, 0x45, 0x77, 0x45, 0x77, 0x45, 0x77, 0x45, 0x77, 0x45, 0x77, 0x45, 0x77, 0x45,
    0xdc, 0x96, 0x3d, 0xaf, 0x3d, 0xa7, 0x77, 0x45, 0x77, 0x45, 0x77, 0x45, 0x77, 0x45, 0x77, 0x45,
    0x77, 0x45, 0x77, 0x45, 0x77, 0x45, 0x77, 0x45, 0x77, 0x45, 0x77, 0x45, 0x77, 0x45, 0x77, 0x45,
    0x77, 0x45, 0x77, 0x45, 0x77, 0x45, 0x77, 0x45, 0x77, 0x45, 0x77, 0x45, 0x77, 0x45, 0x77, 0x45,
    0x77, 0x45, 0x77, 0x45, 0x77, 0x45, 0x77, 0x45, 0x77, 0x45, 0x77, 0x45, 0x77, 0x45, 0x77, 0x45,
    0x77, 0x45, 0x77, 0x45, 0x77, 0x45, 0x77, 0x45, 0x77, 0x45, 0x77, 0x45, 0x77, 0x45, 0x77, 0x45,
    0x77, 0x45, 0x77, 0x45, 0x77, 0x45, 0x77, 0x45, 0x77, 0x45, 0x77, 0x45, 0x77, 0x45, 0x77, 0x45,
    0x77, 0x45, 0x77, 0x45, 0x77, 0x45, 0x77, 0x45, 0x77, 0x45, 0x77, 0x45, 0x77, 0x45, 0x77, 0x45,
    0x77, 0x45, 0x77, 0x45, 0x77, 0x45, 0x77, 0x45, 0x77, 0x45, 0x77, 0x45, 0x77, 0x45, 0x77, 0x45,
    0x77, 0x45, 0x77, 0x45, 0x77, 0x45, 0x77, 0x45, 0x77, 0x45, 0x77, 0x45, 0xdc, 0x96, 0x3d, 0xaf,
    0x3d, 0xa7, 0x77, 0x45, 0x77, 0x45, 0x77, 0x45, 0x77, 0x45, 0x77, 0x45, 0x77, 0x45, 0x77, 0x45,
    0x77, 0x45, 0x77, 0x45, 0x77, 0x45, 0x77, 0x45, 0x77, 0x45, 0x77, 0x45, 0x77, 0x45, 0x77, 0x45,
    0x77, 0x45, 0x77, 0x45, 0x77, 0x45, 0x77, 0x45, 0x77, 0x45, 0x77, 0x45, 0x77, 0x45, 0x77, 0x45,
    0x77, 0x45, 0x77, 0x45, 0x77, 0x45, 0x77, 0x45, 0x77, 0x45, 0x77, 0x45, 0x77, 0x45, 0x77, 0x45,
    0x77, 0x45, 0x77, 0x45, 0x77, 0x45, 0x77, 0x45, 0x77, 0x45, 0x77, 0x45, 0x77, 0x45, 0x77, 0x45,
    0x77, 0x45, 0x77, 0x45, 0x77, 0x45, 0x77, 0x45, 0x77, 0x45, 0x77, 0x45, 0x77, 0x45, 0x77, 0x45,
    0x77, 0x45, 0x77, 0x45, 0x77, 0x45, 0x77, 0x45, 0x77, 0x45, 0x77, 0x45, 0x77, 0x45, 0x77, 0x45,
    0x77, 0x45, 0x77, 0x45, 0x77, 0x45, 0x77, 0x45, 0x77, 0x45, 0x77, 0x45, 0x77, 0x45, 0x77, 0x45,
    0x77, 0x45, 0x77, 0x45, 0x77, 0x45, 0x77, 0x45, 0xdc, 0x96, 0x3d, 0xaf, 0x3d, 0xa7, 0x77, 0x45,
    0x77, 0x45, 0x77, 0x45, 0x77, 0x45, 0x77, 0x45, 0x77, 0x45, 0x77, 0x45, 0x77, 0x45, 0x77, 0x45,
    0x77, 0x45, 0x77, 0x45, 0x77, 0x45, 0x77, 0x45, 0x77, 0x45, 0x77, 0x45, 0x77, 0x45, 0x77, 0x45,
    0x77, 0x45, 0x77, 0x45, 0x77, 0x45, 0x77, 0x45, 0x77, 0x45, 0x77, 0x45, 0x77, 0x45, 0x77, 0x45,
    0x77, 0x45, 0x77, 0x45, 0x77, 0x45, 0x77, 0x45, 0x77, 0x45, 0x77, 0x45, 0x77, 0x45, 0x77, 0x45,
    0x77, 0x45, 0x77, 0x45, 0x77, 0x45, 0x77, 0x45, 0x77, 0x45, 0x77, 0x45, 0x77, 0x45, 0x77, 0x45,
    0x77, 0x45, 0x77, 0x45, 0x77, 0x45, 0x77, 0x45, 0x77, 0x45, 0x77, 0x45, 0x77, 0x45, 0x77, 0x45,
    0x77, 0x45, 0x77, 0x45, 0x77, 0x45, 0x77, 0x45, 0x77, 0x45, 0x77, 0x45, 0x77, 0x45, 0x77, 0x45,
    0x77, 0x45, 0x77, 0x45, 0x77, 0x45, 0x77, 0x45, 0x77, 0x45, 0x77, 0x45, 0x77, 0x45, 0x77, 0x45,
    0x77, 0x45, 0x77, 0x45, 0xdc, 0x96, 0x3d, 0xaf, 0x3d, 0xa7, 0x77, 0x45, 0x77, 0x45, 0x77, 0x45,
    0x77, 0x45, 0x77, 0x45, 0x77, 0x45, 0x77, 0x45, 0x77, 0x45, 0x77, 0x45, 0x77, 0x45, 0x77, 0x45,
    0x77, 0x45, 0x77, 0x45, 0x77, 0x45, 0x77, 0x45, 0x77, 0x45, 0x77, 0x45, 0x77, 0x45, 0x77, 0x45,
    0x77, 0x45, 0x77, 0x45, 0x77, 0x45, 0x77, 0x45, 0x77, 0x45, 0x77, 0x45, 0x77, 0x45, 0x77, 0x45,
    0x77, 0x45, 0x77, 0x45, 0x77, 0x45, 0x77, 0x45, 0x77, 0x45, 0x77, 0x45, 0x77, 0x45, 0x77, 0x45,
    0x77, 0x45, 0x77, 0x45, 0x77, 0x45, 0x77, 0x45, 0x77, 0x45, 0x77, 0x45, 0x77, 0x45, 0x77, 0x45,
    0x77, 0x45, 0x77, 0x45, 0x77, 0x45, 0x77, 0x45, 0x77, 0x45, 0x77, 0x45, 0x77, 0x45, 0x77, 0x45,
    0x77, 0x45, 0x77, 0x45, 0x77, 0x45, 0x77, 0x45, 0x77, 0x45, 0x77, 0x45, 0x77, 0x45, 0x77, 0x45,
    0x77, 0x45, 0x77, 0x45, 0x77, 0x45, 0x77, 0x45, 0x77, 0x45, 0x77, 0x45, 0x77, 0x45, 0x77, 0x45,
    0xdc, 0x96, 0x3d, 0xaf, 0x3d, 0xa7, 0x77, 0x45, 0x77, 0x45, 0x77, 0x45, 0x77, 0x45, 0x77, 0x45,
    0x77, 0x45, 0x77, 0x45, 0x77, 0x45, 0x77, 0x45, 0x77, 0x45, 0x77, 0x45, 0x77, 0x45, 0x77, 0x45,
    0x77, 0x45, 0x77, 0x45, 0x77, 0x45, 0x77, 0x45, 0x77, 0x45, 0x77, 0x45, 0x77, 0x45, 0x77, 0x45,
    0x77, 0x45, 0x77, 0x45, 0x77, 0x45, 0x77, 0x45, 0x77, 0x45, 0x77, 0x45, 0x77, 0x45, 0x77, 0x45,
    0x77, 0x45, 0x77, 0x45, 0x77, 0x45, 0x77, 0x45, 0x77, 0x45, 0x77, 0x45, 0x77, 0x45, 0x77, 0x45,
    0x77, 0x45, 0x77, 0x45, 0x77, 0x45, 0x77, 0x45, 0x77, 0x45, 0x77, 0x45, 0x77, 0x45, 0x77, 0x45,
    0x77, 0x45, 0x77, 0x45, 0x77, 0x45, 0x77, 0x45, 0x77, 0x45, 0x77, 0x45, 0x77, 0x45, 0x77, 0x45,
    0x77, 0x45, 0x77, 0x45, 0x77, 0x45, 0x77, 0x45, 0x77, 0x45, 0x77, 0x45, 0x77, 0x45, 0x77, 0x45,
    0x77, 0x45, 0x77, 0x45, 0x77, 0x45, 0x77, 0x45, 0x77, 0x45, 0x77, 0x45, 0xdc, 0x96, 0x3d, 0xaf,
    0x3d, 0xa7, 0x77, 0x45, 0x77, 0x45, 0x77, 0x45, 0x77, 0x45, 0x77, 0x45, 0x77, 0x45, 0x77, 0x45,
    0x77, 0x45, 0x77, 0x45, 0x77, 0x45, 0x77, 0x45, 0x77, 0x45, 0x77, 0x45, 0x77, 0x45, 0x77, 0x45,
    0x77, 0x45, 0x77, 0x45, 0x77, 0x45, 0x77, 0x45, 0x77, 0x45, 0x77, 0x45, 0x77, 0x45, 0x77, 0x45,
    0x77, 0x45, 0x77, 0x45, 0x77, 0x45, 0x77, 0x45, 0x77, 0x45, 0x77, 0x45, 0x77, 0x45, 0x77, 0x45,
    0x77, 0x45, 0x77, 0x45, 0x77, 0x45, 0x77, 0x45, 0x77, 0x45, 0x77, 0x45, 0x77, 0x45, 0x77, 0x45,
    0x77, 0x45, 0x77, 0x45, 0x77, 0x45, 0x77, 0x45, 0x77, 0x45, 0x77, 0x45, 0x77, 0x45, 0x77, 0x45,
    0x77, 0x45, 0x77, 0x45, 0x77, 0x45, 0x77, 0x45, 0x77, 0x45, 0x77, 0x45, 0x77, 0x45, 0x77, 0x45,
    0x77, 0x45, 0x77, 0x45, 0x77, 0x45, 0x77, 0x45, 0x77, 0x45, 0x77, 0x45, 0x77, 0x45, 0x77, 0x45,
    0x77, 0x45, 0x77, 0x45, 0x77, 0x45, 0x77, 0x45, 0xdc, 0x96, 0x3d, 0xaf, 0x3d, 0xa7, 0x77, 0x45,
    0x77, 0x45, 0x77, 0x45, 0x77, 0x45, 0x77, 0x45, 0x77, 0x45, 0x77, 0x45, 0x77, 0x45, 0x77, 0x45,
    0x77, 0x45, 0x77, 0x45, 0x77, 0x45, 0x77, 0x45, 0x77, 0x45, 0x77, 0x45, 0x77, 0x45, 0x77, 0x45,
    0x77, 0x45, 0x77, 0x45, 0x77, 0x45, 0x77, 0x45, 0x77, 0x45, 0x77, 0x45, 0x77, 0x45, 0x77, 0x45,
    0x77, 0x45, 0x77, 0x45, 0x77, 0x45, 0x77, 0x45, 0x77, 0x45, 0x77, 0x45, 0x77, 0x45, 0x77, 0x45,
    0x77, 0x45, 0x77, 0x45, 0x77, 0x45, 0x77, 0x45, 0x77, 0x45, 0x77, 0x45, 0x77, 0x45, 0x77, 0x45,
    0x77, 0x45, 0x77, 0x45, 0x77, 0x45, 0x77, 0x45, 0x77, 0x45, 0x77, 0x45, 0x77, 0x45, 0x77, 0x45,
    0x77, 0x45, 0x77, 0x45, 0x77, 0x45, 0x77, 0x45, 0x77, 0x45, 0x77, 0x45, 0x77, 0x45, 0x77, 0x45,
    0x77, 0x45, 0x77, 0x45, 0x77, 0x45, 0x77, 0x45, 0x77, 0x45, 0x77, 0x45, 0x77, 0x45, 0x77, 0x45,
    0x77, 0x45, 0x77, 0x45, 0xdc, 0x96, 0x3d, 0xaf, 0x3d, 0xa7, 0x77, 0x45, 0x77, 0x45, 0x77, 0x45,
    0x77, 0x45, 0x77, 0x45, 0x77, 0x45, 0x77, 0x45, 0x77, 0x45, 0x77, 0x45, 0x77, 0x45, 0x77, 0x45,
    0x77, 0x45, 0x77, 0x45, 0x77, 0x45, 0x77, 0x45, 0x77, 0x45, 0x77, 0x45, 0x77, 0x45, 0x77, 0x45,
    0x77, 0x45, 0x77, 0x45, 0x77, 0x45, 0x77, 0x45, 0x77, 0x45, 0x77, 0x45, 0x77, 0x45, 0x77, 0x45,
    0x77, 0x45, 0x77, 0x45, 0x77, 0x45, 0x77, 0x45, 0x77, 0x45, 0x77, 0x45, 0x77, 0x45, 0x77, 0x45,
    0x77, 0x45, 0x77, 0x45, 0x77, 0x45, 0x77, 0x45, 0x77, 0x45, 0x77, 0x45, 0x77, 0x45, 0x77, 0x45,
    0x77, 0x45, 0x77, 0x45, 0x77, 0x45, 0x77, 0x45, 0x77, 0x45, 0x77, 0x45, 0x77, 0x45, 0x77, 0x45,
    0x77, 0x45, 0x77, 0x45, 0x77, 0x45, 0x77, 0x45, 0x77, 0x45, 0x77, 0x45, 0x77, 0x45, 0x77, 0x45,
    0x77, 0x45, 0x77, 0x45, 0x77, 0x45, 0x77, 0x45, 0x77, 0x45, 0x77, 0x45, 0x77, 0x45, 0x77, 0x45,
    0xdc, 0x96, 0x3d, 0xaf, 0x3d, 0xa7, 0x77, 0x45, 0x77, 0x45, 0x77, 0x45, 0x77, 0x45, 0x77, 0x45,
    0x77, 0x45, 0x77, 0x45, 0x77, 0x45, 0x77, 0x45, 0x77, 0x45, 0x77, 0x45, 0x77, 0x45, 0x77, 0x45,
    0x77, 0x45, 0x77, 0x45, 0x77, 0x45, 0x77, 0x45, 0x77, 0x45, 0x77, 0x45, 0x77, 0x45, 0x77, 0x45,
    0x77, 0x45, 0x77, 0x45, 0x77, 0x45, 0x77, 0x45, 0x77, 0x45, 0x77, 0x45, 0x77, 0x45, 0x77, 0x45,
    0x77, 0x45, 0x77, 0x45, 0x77, 0x45, 0x77, 0x45, 0x77, 0x45, 0x77, 0x45, 0x77, 0x45, 0x77, 0x45,
    0x77, 0x45, 0x77, 0x45, 0x77, 0x45, 0x77, 0x45, 0x77, 0x45, 0x77, 0x45, 0x77, 0x45, 0x77, 0x45,
    0x77, 0x45, 0x77, 0x45, 0x77, 0x45, 0x77, 0x45, 0x77, 0x45, 0x77, 0x45, 0x77, 0x45, 0x77, 0x45,
    0x77, 0x45, 0x77, 0x45, 0x77, 0x45, 0x77, 0x45, 0x77, 0x45, 0x77, 0x45, 0x77, 0x45, 0x77, 0x45,
    0x77, 0x45, 0x77, 0x45, 0x77, 0x45, 0x77, 0x45, 0x77, 0x45, 0x77, 0x45, 0xdc, 0x96, 0x3d, 0xaf,
    0x3d, 0xa7, 0x77, 0x45, 0x77, 0x45, 0x77, 0x45, 0x77, 0x45, 0x77, 0x45, 0x77, 0x45, 0x77, 0x45,
    0x77, 0x45, 0x77, 0x45, 0x77, 0x45, 0x77, 0x45, 0x77, 0x45, 0x77, 0x45, 0x77, 0x45, 0x77, 0x45,
    0x77, 0x45, 0x77, 0x45, 0x77, 0x45, 0x77, 0x45, 0x77, 0x45, 0x77, 0x45, 0x77, 0x45, 0x77, 0x45,
    0x77, 0x45, 0x77, 0x45, 0x77, 0x45, 0x77, 0x45, 0x77, 0x45, 0x77, 0x45, 0x77, 0x45, 0x77, 0x45,
    0x77, 0x45, 0x77, 0x45, 0x77, 0x45, 0x77, 0x45, 0x77, 0x45, 0x77, 0x45, 0x77, 0x45, 0x77, 0x45,
    0x77, 0x45, 0x77, 0x45, 0x77, 0x45, 0x77, 0x45, 0x77, 0x45, 0x77, 0x45, 0x77, 0x45, 0x77, 0x45,
    0x77, 0x45, 0x77, 0x45, 0x77, 0x45, 0x77, 0x45, 0x77, 0x45, 0x77, 0x45, 0x77, 0x45, 0x77, 0x45,
    0x77, 0x45, 0x77, 0x45, 0x77, 0x45, 0x77, 0x45, 0x77, 0x45, 0x77, 0x45, 0x77, 0x45, 0x77, 0x45,
    0x77, 0x45, 0x77, 0x45, 0x77, 0x45, 0x77, 0x45, 0xdc, 0x96, 0x3d, 0xaf, 0x3d, 0xa7, 0x77, 0x45,
    0x77, 0x45, 0x77, 0x45, 0x77, 0x45, 0x77, 0x45, 0x77, 0x45, 0x77, 0x45, 0x77, 0x45, 0x77, 0x45,
    0x77, 0x45, 0x77, 0x45, 0x77, 0x45, 0x77, 0x45, 0x77, 0x45, 0x77, 0x45, 0x77, 0x45, 0x77, 0x45,
    0x77, 0x45, 0x77, 0x45, 0x77, 0x45, 0x77, 0x45, 0x77, 0x45, 0x77, 0x45, 0x77, 0x45, 0x77, 0x45,
    0x77, 0x45, 0x77, 0x45, 0x77, 0x45, 0x77, 0x45, 0x77, 0x45, 0x77, 0x45, 0x77, 0x45, 0x77, 0x45,
    0x77, 0x45, 0x77, 0x45, 0x77, 0x45, 0x77, 0x45, 0x77, 0x45, 0x77, 0x45, 0x77, 0x45, 0x77, 0x45,
    0x77, 0x45, 0x77, 0x45, 0x77, 0x45, 0x77, 0x45, 0x77, 0x45, 0x77, 0x45, 0x77, 0x45, 0x77, 0x45,
    0x77, 0x45, 0x77, 0x45, 0x77, 0x45, 0x77, 0x45, 0x77, 0x45, 0x77, 0x45, 0x77, 0x45, 0x77, 0x45,
    0x77, 0x45, 0x77, 0x45, 0x77, 0x45, 0x77, 0x45, 0x77, 0x45, 0x77, 0x45, 0x77, 0x45, 0x77, 0x45,
    0x77, 0x45, 0x77, 0x45, 0xdc, 0x96, 0x3d, 0xaf, 0x3d, 0xa7, 0x77, 0x45, 0x77, 0x45, 0x77, 0x45,
    0x77, 0x45, 0x77, 0x45, 0x77, 0x45, 0x77, 0x45, 0x77, 0x45, 0x77, 0x45, 0x77, 0x45, 0x77, 0x45,
    0x77, 0x45, 0x77, 0x45, 0x77, 0x45, 0x77, 0x45, 0x77, 0x45, 0x77, 0x45, 0x77, 0x45, 0x77, 0x45,
    0x77, 0x45, 0x77, 0x45, 0x77, 0x45, 0x77, 0x45, 0x77, 0x45, 0x77, 0x45, 0x77, 0x45, 0x77, 0x45,
    0x77, 0x45, 0x77, 0x45, 0x77, 0x45, 0x77, 0x45, 0x77, 0x45, 0x77, 0x45, 0x77, 0x45, 0x77, 0x45,
    0x77, 0x45, 0x77, 0x45, 0x77, 0x45, 0x77, 0x45, 0x77, 0x45, 0x77, 0x45, 0x77, 0x45, 0x77, 0x45,
    0x77, 0x45, 0x77, 0x45, 0x77, 0x45, 0x77, 0x45, 0x77, 0x45, 0x77, 0x45, 0x77, 0x45, 0x77, 0x45,
    0x77, 0x45, 0x77, 0x45, 0x77, 0x45, 0x77, 0x45, 0x77, 0x45, 0x77, 0x45, 0x77, 0x45, 0x77, 0x45,
    0x77, 0x45, 0x77, 0x45, 0x77, 0x45, 0x77, 0x45, 0x77, 0x45, 0x77, 0x45, 0x77, 0x45, 0x77, 0x45,
    0xdc, 0x96, 0x3d, 0xaf, 0x3d, 0xa7, 0x77, 0x45, 0x77, 0x45, 0x77, 0x45, 0x77, 0x45, 0x77, 0x45,
    0x77, 0x45, 0x77, 0x45, 0x77, 0x45, 0x77, 0x45, 0x77, 0x45, 0x77, 0x45, 0x77, 0x45, 0x77, 0x45,
    0x77, 0x45, 0x77, 0x45, 0x77, 0x45, 0x77, 0x45, 0x77, 0x45, 0x77, 0x45, 0x77, 0x45, 0x77, 0x45,
    0x77, 0x45, 0x77, 0x45, 0x77, 0x45, 0x77, 0x45, 0x77, 0x45, 0x77, 0x45, 0x77, 0x45, 0x77, 0x45,
    0x77, 0x45, 0x77, 0x45, 0x77, 0x45, 0x77, 0x45, 0x77, 0x45, 0x77, 0x45, 0x77, 0x45, 0x77, 0x45,
    0x77, 0x45, 0x77, 0x45, 0x77, 0x45, 0x77, 0x45, 0x77, 0x45, 0x77, 0x45, 0x77, 0x45, 0x77, 0x45,
    0x77, 0x45, 0x77, 0x45, 0x77, 0x45, 0x77, 0x45, 0x77, 0x45, 0x77, 0x45, 0x77, 0x45, 0x77, 0x45,
    0x77, 0x45, 0x77, 0x45, 0x77, 0x45, 0x77, 0x45, 0x77, 0x45, 0x77, 0x45, 0x77, 0x45, 0x77, 0x45,
    0x77, 0x45, 0x77, 0x45, 0x77, 0x45, 0x77, 0x45, 0x77, 0x45, 0x77, 0x45, 0xdc, 0x96, 0x3d, 0xaf,
    0x3d, 0xa7, 0x77, 0x45, 0x77, 0x45, 0x77, 0x45, 0x77, 0x45, 0x77, 0x45, 0x77, 0x45, 0x77, 0x45,
    0x77, 0x45, 0x77, 0x45, 0x77, 0x45, 0x77, 0x45, 0x77, 0x45, 0x77, 0x45, 0x77, 0x45, 0x77, 0x45,
    0x77, 0x45, 0x77, 0x45, 0x77, 0x45, 0x77, 0x45, 0x77, 0x45, 0x77, 0x45, 0x77, 0x45, 0x77, 0x45,
    0x77, 0x45, 0x77, 0x45, 0x77, 0x45, 0x77, 0x45, 0x77, 0x45, 0x77, 0x45, 0x77, 0x45, 0x77, 0x45,
    0x77, 0x45, 0x77, 0x45, 0x77, 0x45, 0x77, 0x45, 0x77, 0x45, 0x77, 0x45, 0x77, 0x45, 0x77, 0x45,
    0x77, 0x45, 0x77, 0x45, 0x77, 0x45, 0x77, 0x45, 0x77, 0x45, 0x77, 0x45, 0x77, 0x45, 0x77, 0x45,
    0x77, 0x45, 0x77, 0x45, 0x77, 0x45, 0x77, 0x45, 0x77, 0x45, 0x77, 0x45, 0x77, 0x45, 0x77, 0x45,
    0x77, 0x45, 0x77, 0x45, 0x77, 0x45, 0x77, 0x45, 0x77, 0x45, 0x77, 0x45, 0x77, 0x45, 0x77, 0x45,
    0x77, 0x45, 0x77, 0x45, 0x77, 0x45, 0x77, 0x45, 0xdc, 0x96, 0x3d, 0xaf, 0x3d, 0xa7, 0x77, 0x45,
    0x77, 0x45, 0x77, 0x45, 0x77, 0x45, 0x77, 0x45, 0x77, 0x45, 0x77, 0x45, 0x77, 0x45, 0x77, 0x45,
    0x77, 0x45, 0x77, 0x45, 0x77, 0x45, 0x77, 0x45, 0x77, 0x45, 0x77, 0x45, 0x77, 0x45, 0x77, 0x45,
    0x77, 0x45, 0x77, 0x45, 0x77, 0x45, 0x77, 0x45, 0x77, 0x45, 0x77, 0x45, 0x77, 0x45, 0x77, 0x45,
    0x77, 0x45, 0x77, 0x45, 0x77, 0x45, 0x77, 0x45, 0x77, 0x45, 0x77, 0x45, 0x77, 0x45, 0x77, 0x45,
    0x77, 0x45, 0x77, 0x45, 0x77, 0x45, 0x77, 0x45, 0x77, 0x45, 0x77, 0x45, 0x77, 0x45, 0x77, 0x45,
    0x77, 0x45, 0x77, 0x45, 0x77, 0x45, 0x77, 0x45, 0x77, 0x45, 0x77, 0x45, 0x77, 0x45, 0x77, 0x45,
    0x77, 0x45, 0x77, 0x45, 0x77, 0x45, 0x77, 0x45, 0x77, 0x45, 0x77, 0x45, 0x77, 0x45, 0x77, 0x45,
    0x77, 0x45, 0x77, 0x45, 0x77, 0x45, 0x77, 0x45, 0x77, 0x45, 0x77, 0x45, 0x77, 0x45, 0x77, 0x45,
    0x77, 0x45, 0x77, 0x45, 0xdc, 0x96, 0x3d, 0xaf, 0x3d, 0xa7, 0x77, 0x45, 0x77, 0x45, 0x77, 0x45,
    0x77, 0x45, 0x77, 0x45, 0x77, 0x45, 0x77, 0x45, 0x77, 0x45, 0x77, 0x45, 0x77, 0x45, 0x77, 0x45,
    0x77, 0x45, 0x77, 0x45, 0x77, 0x45, 0x77, 0x45, 0x77, 0x45, 0x77, 0x45, 0x77, 0x45, 0x77, 0x45,
    0x77, 0x45, 0x77, 0x45, 0x77, 0x45, 0x77, 0x45, 0x77, 0x45, 0x77, 0x45, 0x77, 0x45, 0x77, 0x45,
    0x77, 0x45, 0x77, 0x45, 0x77, 0x45, 0x77, 0x45, 0x77, 0x45, 0x77, 0x45, 0x77, 0x45, 0x77, 0x45,
    0x77, 0x45, 0x77, 0x45, 0x77, 0x45, 0x77, 0x45, 0x77, 0x45, 0x77, 0x45, 0x77, 0x45, 0x77, 0x45,
    0x77, 0x45, 0x77, 0x45, 0x77, 0x45, 0x77, 0x45, 0x77, 0x45, 0x77, 0x45, 0x77, 0x45, 0x77, 0x45,
    0x77, 0x45, 0x77, 0x45, 0x77, 0x45, 0x77, 0x45, 0x77, 0x45, 0x77, 0x45, 0x77, 0x45, 0x77, 0x45,
    0x77, 0x45, 0x77, 0x45, 0x77, 0x45, 0x77, 0x45, 0x77, 0x45, 0x77, 0x45, 0x77, 0x45, 0x77, 0x45,
    0xdc, 0x96, 0x3d, 0xaf, 0x3d, 0xa7, 0x77, 0x45, 0x77, 0x45, 0x77, 0x45, 0x77, 0x45, 0x77, 0x45,
    0x77, 0x45, 0x77, 0x45, 0x77, 0x45, 0x77, 0x45, 0x77, 0x45, 0x77, 0x45, 0x77, 0x45, 0x77, 0x45,
    0x77, 0x45, 0x77, 0x45, 0x77, 0x45, 0x77, 0x45, 0x77, 0x45, 0x77, 0x45, 0x77, 0x45, 0x77, 0x45,
    0x77, 0x45, 0x77, 0x45, 0x77, 0x45, 0x77, 0x45, 0x77, 0x45, 0x77, 0x45, 0x77, 0x45, 0x77, 0x45,
    0x77, 0x45, 0x77, 0x45, 0x77, 0x45, 0x77, 0x45, 0x77, 0x45, 0x77, 0x45, 0x77, 0x45, 0x77, 0x45,
    0x77, 0x45, 0x77, 0x45, 0x77, 0x45, 0x77, 0x45, 0x77, 0x45, 0x77, 0x45, 0x77, 0x45, 0x77, 0x45,
    0x77, 0x45, 0x77, 0x45, 0x77, 0x45, 0x77, 0x45, 0x77, 0x45, 0x77, 0x45, 0x77, 0x45, 0x77, 0x45,
    0x77, 0x45, 0x77, 0x45, 0x77, 0x45, 0x77, 0x45, 0x77, 0x45, 0x77, 0x45, 0x77, 0x45, 0x77, 0x45,
    0x77, 0x45, 0x77, 0x45, 0x77, 0x45, 0x77, 0x45, 0x77, 0x45, 0x77, 0x45, 0xdc, 0x96, 0x3d, 0xaf,
    0x3d, 0xa7, 0x77, 0x45, 0x77, 0x45, 0x77, 0x45, 0x77, 0x45, 0x77, 0x45, 0x77, 0x45, 0x77, 0x45,
    0x77, 0x45, 0x77, 0x45, 0x77, 0x45, 0x77, 0x45, 0x77, 0x45, 0x77, 0x45, 0x77, 0x45, 0x77, 0x45,
    0x77, 0x45, 0x77, 0x45, 0x77, 0x45, 0x77, 0x45, 0x77, 0x45, 0x77, 0x45, 0x77, 0x45, 0x77, 0x45,
    0x77, 0x45, 0x77, 0x45, 0x77, 0x45, 0x77, 0x45, 0x77, 0x45, 0x77, 0x45, 0x77, 0x45, 0x77, 0x45,
    0x77, 0x45, 0x77, 0x45, 0x77, 0x45, 0x77, 0x45, 0x77, 0x45, 0x77, 0x45, 0x77, 0x45, 0x77, 0x45,
    0x77, 0x45, 0x77, 0x45, 0x77, 0x45, 0x77, 0x45, 0x77, 0x45, 0x77, 0x45, 0x77, 0x45, 0x77, 0x45,
    0x77, 0x45, 0x77, 0x45, 0x77, 0x45, 0x77, 0x45, 0x77, 0x45, 0x77, 0x45, 0x77, 0x45, 0x77, 0x45,
    0x77, 0x45, 0x77, 0x45, 0x77, 0x45, 0x77, 0x45, 0x77, 0x45, 0x77, 0x45, 0x77, 0x45, 0x77, 0x45,
    0x77, 0x45, 0x77, 0x45, 0x77, 0x45, 0x77, 0x45, 0xdc, 0x96, 0x3d, 0xaf, 0x3d, 0xa7, 0x77, 0x45,
    0x77, 0x45, 0x77, 0x45, 0x77, 0x45, 0x77, 0x45, 0x77, 0x45, 0x77, 0x45, 0x77, 0x45, 0x77, 0x45,
    0x77, 0x45, 0x77, 0x45, 0x77, 0x45, 0x77, 0x45, 0x77, 0x45, 0x77, 0x45, 0x77, 0x45, 0x77, 0x45,
    0x77, 0x45, 0x77, 0x45, 0x77, 0x45, 0x77, 0x45, 0x77, 0x45, 0x77, 0x45, 0x77, 0x45, 0x77, 0x45,
    0x77, 0x45, 0x77, 0x45, 0x77, 0x45, 0x77, 0x45, 0x77, 0x45, 0x77, 0x45, 0x77, 0x45, 0x77, 0x45,
    0x77, 0x45, 0x77, 0x45, 0x77, 0x45, 0x77, 0x45, 0x77, 0x45, 0x77, 0x45, 0x77, 0x45, 0x77, 0x45,
    0x77, 0x45, 0x77, 0x45, 0x77, 0x45, 0x77, 0x45, 0x77, 0x45, 0x77, 0x45, 0x77, 0x45, 0x77, 0x45,
    0x77, 0x45, 0x77, 0x45, 0x77, 0x45, 0x77, 0x45, 0x77, 0x45, 0x77, 0x45, 0x77, 0x45, 0x77, 0x45,
    0x77, 0x45, 0x77, 0x45, 0x77, 0x45, 0x77, 0x45, 0x77, 0x45, 0x77, 0x45, 0x77, 0x45, 0x77, 0x45,
    0x77, 0x45, 0x77, 0x45, 0xdc, 0x96, 0x3d, 0xaf, 0x3d, 0xa7, 0x77, 0x45, 0x77, 0x45, 0x77, 0x45,
    0x77, 0x45, 0x77, 0x45, 0x77, 0x45, 0x77, 0x45, 0x77, 0x45, 0x77, 0x45, 0x77, 0x45, 0x77, 0x45,
    0x77, 0x45, 0x77, 0x45, 0x77, 0x45, 0x77, 0x45, 0x77, 0x45, 0x77, 0x45, 0x77, 0x45, 0x77, 0x45,
    0x77, 0x45, 0x77, 0x45, 0x77, 0x45, 0x77, 0x45, 0x77, 0x45, 0x77, 0x45, 0x77, 0x45, 0x77, 0x45,
    0x77, 0x45, 0x77, 0x45, 0x77, 0x45, 0x77, 0x45, 0x77, 0x45, 0x77, 0x45, 0x77, 0x45, 0x77, 0x45,
    0x77, 0x45, 0x77, 0x45, 0x77, 0x45, 0x77, 0x45, 0x77, 0x45, 0x77, 0x45, 0x77, 0x45, 0x77, 0x45,
    0x77, 0x45, 0x77, 0x45, 0x77, 0x45, 0x77, 0x45, 0x77, 0x45, 0x77, 0x45, 0x77, 0x45, 0x77, 0x45,
    0x77, 0x45, 0x77, 0x45, 0x77, 0x45, 0x77, 0x45, 0x77, 0x45, 0x77, 0x45, 0x77, 0x45, 0x77, 0x45,
    0x77, 0x45, 0x77, 0x45, 0x77, 0x45, 0x77, 0x45, 0x77, 0x45, 0x77, 0x45, 0x77, 0x45, 0x77, 0x45,
    0xdc, 0x96, 0x3d, 0xaf, 0x3d, 0xa7, 0x77, 0x45, 0x77, 0x45, 0x77, 0x45, 0x77, 0x45, 0x77, 0x45,
    0x77, 0x45, 0x77, 0x45, 0x77, 0x45, 0x77, 0x45, 0x77, 0x45, 0x77, 0x45, 0x77, 0x45, 0x77, 0x45,
    0x77, 0x45, 0x77, 0x45, 0x77, 0x45, 0x77, 0x45, 0x77, 0x45, 0x77, 0x45, 0x77, 0x45, 0x77, 0x45,
    0x77, 0x45, 0x77, 0x45, 0x77, 0x45, 0x77, 0x45, 0x77, 0x45, 0x77, 0x45, 0x77, 0x45, 0x77, 0x45,
    0x77, 0x45, 0x77, 0x45, 0x77, 0x45, 0x77, 0x45, 0x77, 0x45, 0x77, 0x45, 0x77, 0x45, 0x77, 0x45,
    0x77, 0x45, 0x77, 0x45, 0x77, 0x45, 0x77, 0x45, 0x77, 0x45, 0x77, 0x45, 0x77, 0x45, 0x77, 0x45,
    0x77, 0x45, 0x77, 0x45, 0x77, 0x45, 0x77, 0x45, 0x77, 0x45, 0x77, 0x45, 0x77, 0x45, 0x77, 0x45,
    0x77, 0x45, 0x77, 0x45, 0x77, 0x45, 0x77, 0x45, 0x77, 0x45, 0x77, 0x45, 0x77, 0x45, 0x77, 0x45,
    0x77, 0x45, 0x77, 0x45, 0x77, 0x45, 0x77, 0x45, 0x77, 0x45, 0x77, 0x45, 0xdc, 0x96, 0x3d, 0xaf,
    0x3d, 0xa7, 0x77, 0x45, 0x77, 0x45, 0x77, 0x45, 0x77, 0x45, 0x77, 0x45, 0x77, 0x45, 0x77, 0x45,
    0x77, 0x45, 0x77, 0x45, 0x77, 0x45, 0x77, 0x45, 0x77, 0x45, 0x77, 0x45, 0x77, 0x45, 0x77, 0x45,
    0x77, 0x45, 0x77, 0x45, 0x77, 0x45, 0x77, 0x45, 0x77, 0x45, 0x77, 0x45, 0x77, 0x45, 0x77, 0x45,
    0x77, 0x45, 0x77, 0x45, 0x77, 0x45, 0x77, 0x45, 0x77, 0x45, 0x77, 0x45, 0x77, 0x45, 0x77, 0x45,
    0x77, 0x45, 0x77, 0x45, 0x77, 0x45, 0x77, 0x45, 0x77, 0x45, 0x77, 0x45, 0x77, 0x45, 0x77, 0x45,
    0x77, 0x45, 0x77, 0x45, 0x77, 0x45, 0x77, 0x45, 0x77, 0x45, 0x77, 0x45, 0x77, 0x45, 0x77, 0x45,
    0x77, 0x45, 0x77, 0x45, 0x77, 0x45, 0x77, 0x45, 0x77, 0x45, 0x77, 0x45, 0x77, 0x45, 0x77, 0x45,
    0x77, 0x45, 0x77, 0x45, 0x77, 0x45, 0x77, 0x45, 0x77, 0x45, 0x77, 0x45, 0x77, 0x45, 0x77, 0x45,
    0x77, 0x45, 0x77, 0x45, 0x77, 0x45, 0x77, 0x45, 0xdc, 0x96, 0x3d, 0xaf, 0x3d, 0xa7, 0x77, 0x45,
    0x77, 0x45, 0x77, 0x45, 0x77, 0x45, 0x77, 0x45, 0x77, 0x45, 0x77, 0x45, 0x77, 0x45, 0x77, 0x45,
    0x77, 0x45, 0x77, 0x45, 0x77, 0x45, 0x77, 0x45, 0x77, 0x45, 0x77, 0x45, 0x77, 0x45, 0x77, 0x45,
    0x77, 0x45, 0x77, 0x45, 0x77, 0x45, 0x77, 0x45, 0x77, 0x45, 0x77, 0x45, 0x77, 0x45, 0x77, 0x45,
    0x77, 0x45, 0x77, 0x45, 0x77, 0x45, 0x77, 0x45, 0x77, 0x45, 0x77, 0x45, 0x77, 0x45, 0x77, 0x45,
    0x77, 0x45, 0x77, 0x45, 0x77, 0x45, 0x77, 0x45, 0x77, 0x45, 0x77, 0x45, 0x77, 0x45, 0x77, 0x45,
    0x77, 0x45, 0x77, 0x45, 0x77, 0x45, 0x77, 0x45, 0x77, 0x45, 0x77, 0x45, 0x77, 0x45, 0x77, 0x45,
    0x77, 0x45, 0x77, 0x45, 0x77, 0x45, 0x77, 0x45, 0x77, 0x45, 0x77, 0x45, 0x77, 0x45, 0x77, 0x45,
    0x77, 0x45, 0x77, 0x45, 0x77, 0x45, 0x77, 0x45, 0x77, 0x45, 0x77, 0x45, 0x77, 0x45, 0x77, 0x45,
    0x77, 0x45, 0x77, 0x45, 0xdc, 0x96, 0x3d, 0xaf, 0x3d, 0xa7, 0x77, 0x45, 0x77, 0x45, 0x77, 0x45,
    0x77, 0x45, 0x77, 0x45, 0x77, 0x45, 0x77, 0x45, 0x77, 0x45, 0x77, 0x45, 0x77, 0x45, 0x77, 0x45,
    0x77, 0x45, 0x77, 0x45, 0x77, 0x45, 0x77, 0x45, 0x77, 0x45, 0x77, 0x45, 0x77, 0x45, 0x77, 0x45,
    0x77, 0x45, 0x77, 0x45, 0x77, 0x45, 0x77, 0x45, 0x77, 0x45, 0x77, 0x45, 0x77, 0x45, 0x77, 0x45,
    0x77, 0x45, 0x77, 0x45, 0x77, 0x45, 0x77, 0x45, 0x77, 0x45, 0x77, 0x45, 0x77, 0x45, 0x77, 0x45,
    0x77, 0x45, 0x77, 0x45, 0x77, 0x45, 0x77, 0x45, 0x77, 0x45, 0x77, 0x45, 0x77, 0x45, 0x77, 0x45,
    0x77, 0x45, 0x77, 0x45, 0x77, 0x45, 0x77, 0x45, 0x77, 0x45, 0x77, 0x45, 0x77, 0x45, 0x77, 0x45,
    0x77, 0x45, 0x77, 0x45, 0x77, 0x45, 0x77, 0x45, 0x77, 0x45, 0x77, 0x45, 0x77, 0x45, 0x77, 0x45,
    0x77, 0x45, 0x77, 0x45, 0x77, 0x45, 0x77, 0x45, 0x77, 0x45, 0x77, 0x45, 0x77, 0x45, 0x77, 0x45,
    0xdc, 0x96, 0x3d, 0xaf, 0x3d, 0xa7, 0x77, 0x45, 0x77, 0x45, 0x77, 0x45, 0x77, 0x45, 0x77, 0x45,
    0x77, 0x45, 0x77, 0x45, 0x77, 0x45, 0x77, 0x45, 0x77, 0x45, 0x77, 0x45, 0x77, 0x45, 0x77, 0x45,
    0x77, 0x45, 0x77, 0x45, 0x77, 0x45, 0x77, 0x45, 0x77, 0x45, 0x77, 0x45, 0x77, 0x45, 0x77, 0x45,
    0x77, 0x45, 0x77, 0x45, 0x77, 0x45, 0x77, 0x45, 0x77, 0x45, 0x77, 0x45, 0x77, 0x45, 0x77, 0x45,
    0x77, 0x45, 0x77, 0x45, 0x77, 0x45, 0x77, 0x45, 0x77, 0x45, 0x77, 0x45, 0x77, 0x45, 0x77, 0x45,
    0x77, 0x45, 0x77, 0x45, 0x77, 0x45, 0x77, 0x45, 0x77, 0x45, 0x77, 0x45, 0x77, 0x45, 0x77, 0x45,
    0x77, 0x45, 0x77, 0x45, 0x77, 0x45, 0x77, 0x45, 0x77, 0x45, 0x77, 0x45, 0x77, 0x45, 0x77, 0x45,
    0x77, 0x45, 0x77, 0x45, 0x77, 0x45, 0x77, 0x45, 0x77, 0x45, 0x77, 0x45, 0x77, 0x45, 0x77, 0x45,
    0x77, 0x45, 0x77, 0x45, 0x77, 0x45, 0x77, 0x45, 0x77, 0x45, 0x77, 0x45, 0xdc, 0x96, 0x3d, 0xaf,
    0x3d, 0xa7, 0x77, 0x45, 0x77, 0x45, 0x77, 0x45, 0x77, 0x45, 0x77, 0x45, 0x77, 0x45, 0x77, 0x45,
    0x77, 0x45, 0x77, 0x45, 0x77, 0x45, 0x77, 0x45, 0x77, 0x45, 0x77, 0x45, 0x77, 0x45, 0x77, 0x45,
    0x77, 0x45, 0x77, 0x45, 0x77, 0x45, 0x77, 0x45, 0x77, 0x45, 0x77, 0x45, 0x77, 0x45, 0x77, 0x45,
    0x77, 0x45, 0x77, 0x45, 0x77, 0x45, 0x77, 0x45, 0x77, 0x45, 0x77, 0x45, 0x77, 0x45, 0x77, 0x45,
    0x77, 0x45, 0x77, 0x45, 0x77, 0x45, 0x77, 0x45, 0x77, 0x45, 0x77, 0x45, 0x77, 0x45, 0x77, 0x45,
    0x77, 0x45, 0x77, 0x45, 0x77, 0x45, 0x77, 0x45, 0x77, 0x45, 0x77, 0x45, 0x77, 0x45, 0x77, 0x45,
    0x77, 0x45, 0x77, 0x45, 0x77, 0x45, 0x77, 0x45, 0x77, 0x45, 0x77, 0x45, 0x77, 0x45, 0x77, 0x45,
    0x77, 0x45, 0x77, 0x45, 0x77, 0x45, 0x77, 0x45, 0x77, 0x45, 0x77, 0x45, 0x77, 0x45, 0x77, 0x45,
    0x77, 0x45, 0x77, 0x45, 0x77, 0x45, 0x77, 0x45, 0xdc, 0x96, 0x3d, 0xaf, 0x3d, 0xa7, 0x77, 0x45,
    0x77, 0x45, 0x77, 0x45, 0x77, 0x45, 0x77, 0x45, 0x77, 0x45, 0x77, 0x45, 0x77, 0x45, 0x77, 0x45,
    0x77, 0x45, 0x77, 0x45, 0x77, 0x45, 0x77, 0x45, 0x77, 0x45, 0x77, 0x45, 0x77, 0x45, 0x77, 0x45,
    0x77, 0x45, 0x77, 0x45, 0x77, 0x45, 0x77, 0x45, 0x77, 0x45, 0x77, 0x45, 0x77, 0x45, 0x77, 0x45,
    0x77, 0x45, 0x77, 0x45, 0x77, 0x45, 0x77, 0x45, 0x77, 0x45, 0x77, 0x45, 0x77, 0x45, 0x77, 0x45,
    0x77, 0x45, 0x77, 0x45, 0x77, 0x45, 0x77, 0x45, 0x77, 0x45, 0x77, 0x45, 0x77, 0x45, 0x77, 0x45,
    0x77, 0x45, 0x77, 0x45, 0x77, 0x45, 0x77, 0x45, 0x77, 0x45, 0x77, 0x45, 0x77, 0x45, 0x77, 0x45,
    0x77, 0x45, 0x77, 0x45, 0x77, 0x45, 0x77, 0x45, 0x77, 0x45, 0x77, 0x45, 0x77, 0x45, 0x77, 0x45,
    0x77, 0x45, 0x77, 0x45, 0x77, 0x45, 0x77, 0x45, 0x77, 0x45, 0x77, 0x45, 0x77, 0x45, 0x77, 0x45,
    0x77, 0x45, 0x77, 0x45, 0xdc, 0x96, 0x3d, 0xaf, 0x3d, 0xa7, 0x77, 0x45, 0x77, 0x45, 0x77, 0x45,
    0x77, 0x45, 0x77, 0x45, 0x77, 0x45, 0x77, 0x45, 0x77, 0x45, 0x77, 0x45, 0x77, 0x45, 0x77, 0x45,
    0x77, 0x45, 0x77, 0x45, 0x77, 0x45, 0x77, 0x45, 0x77, 0x45, 0x77, 0x45, 0x77, 0x45, 0x77, 0x45,
    0x77, 0x45, 0x77, 0x45, 0x77, 0x45, 0x77, 0x45, 0x77, 0x45, 0x77, 0x45, 0x77, 0x45, 0x77, 0x45,
    0x77, 0x45, 0x77, 0x45, 0x77, 0x45, 0x77, 0x45, 0x77, 0x45, 0x77, 0x45, 0x77, 0x45, 0x77, 0x45,
    0x77, 0x45, 0x77, 0x45, 0x77, 0x45, 0x77, 0x45, 0x77, 0x45, 0x77, 0x45, 0x77, 0x45, 0x77, 0x45,
    0x77, 0x45, 0x77, 0x45, 0x77, 0x45, 0x77, 0x45, 0x77, 0x45, 0x77, 0x45, 0x77, 0x45, 0x77, 0x45,
    0x77, 0x45, 0x77, 0x45, 0x77, 0x45, 0x77, 0x45, 0x77, 0x45, 0x77, 0x45, 0x77, 0x45, 0x77, 0x45,
    0x77, 0x45, 0x77, 0x45, 0x77, 0x45, 0x77, 0x45, 0x77, 0x45, 0x77, 0x45, 0x77, 0x45, 0x77, 0x45,
    0xdc, 0x96, 0x3d, 0xaf, 0x3d, 0xa7, 0x77, 0x45, 0x77, 0x45, 0x77, 0x45, 0x77, 0x45, 0x77, 0x45,
    0x77, 0x45, 0x77, 0x45, 0x77, 0x45, 0x77, 0x45, 0x77, 0x45, 0x77, 0x45, 0x77, 0x45, 0x77, 0x45,
    0x77, 0x45, 0x77, 0x45, 0x77, 0x45, 0x77, 0x45, 0x77, 0x45, 0x77, 0x45, 0x77, 0x45, 0x77, 0x45,
    0x77, 0x45, 0x77, 0x45, 0x77, 0x45, 0x77, 0x45, 0x77, 0x45, 0x77, 0x45, 0x77, 0x45, 0x77, 0x45,
    0x77, 0x45, 0x77, 0x45, 0x77, 0x45, 0x77, 0x45, 0x77, 0x45, 0x77, 0x45, 0x77, 0x45, 0x77, 0x45,
    0x77, 0x45, 0x77, 0x45, 0x77, 0x45, 0x77, 0x45, 0x77, 0x45, 0x77, 0x45, 0x77, 0x45, 0x77, 0x45,
    0x77, 0x45, 0x77, 0x45, 0x77, 0x45, 0x77, 0x45, 0x77, 0x45, 0x77, 0x45, 0x77, 0x45, 0x77, 0x45,
    0x77, 0x45, 0x77, 0x45, 0x77, 0x45, 0x77, 0x45, 0x77, 0x45, 0x77, 0x45, 0x77, 0x45, 0x77, 0x45,
    0x77, 0x45, 0x77, 0x45, 0x77, 0x45, 0x77, 0x45, 0x77, 0x45, 0x77, 0x45, 0xdc, 0x96, 0x3d, 0xaf,
    0x3d, 0xa7, 0x77, 0x45, 0x77, 0x45, 0x77, 0x45, 0x77, 0x45, 0x77, 0x45, 0x77, 0x45, 0x77, 0x45,
    0x77, 0x45, 0x77, 0x45, 0x77, 0x45, 0x77, 0x45, 0x77, 0x45, 0x77, 0x45, 0x77, 0x45, 0x77, 0x45,
    0x77, 0x45, 0x77, 0x45, 0x77, 0x45, 0x77, 0x45, 0x77, 0x45, 0x77, 0x45, 0x77, 0x45, 0x77, 0x45,
    0x77, 0x45, 0x77, 0x45, 0x77, 0x45, 0x77, 0x45, 0x77, 0x45, 0x77, 0x45, 0x77, 0x45, 0x77, 0x45,
    0x77, 0x45, 0x77, 0x45, 0x77, 0x45, 0x77, 0x45, 0x77, 0x45, 0x77, 0x45, 0x77, 0x45, 0x77, 0x45,
    0x77, 0x45, 0x77, 0x45, 0x77, 0x45, 0x77, 0x45, 0x77, 0x45, 0x77, 0x45, 0x77, 0x45, 0x77, 0x45,
    0x77, 0x45, 0x77, 0x45, 0x77, 0x45, 0x77, 0x45, 0x77, 0x45, 0x77, 0x45, 0x77, 0x45, 0x77, 0x45,
    0x77, 0x45, 0x77, 0x45, 0x77, 0x45, 0x77, 0x45, 0x77, 0x45, 0x77, 0x45, 0x77, 0x45, 0x77, 0x45,
    0x77, 0x45, 0x77, 0x45, 0x77, 0x45, 0x77, 0x45, 0xdc, 0x96, 0x3d, 0xaf, 0x3d, 0xa7, 0x77, 0x45,
    0x77, 0x45, 0x77, 0x45, 0x77, 0x45, 0x77, 0x45, 0x77, 0x45, 0x77, 0x45, 0x77, 0x45, 0x77, 0x45,
    0x77, 0x45, 0x77, 0x45, 0x77, 0x45, 0x77, 0x45, 0x77, 0x45, 0x77, 0x45, 0x77, 0x45, 0x77, 0x45,
    0x77, 0x45, 0x77, 0x45, 0x77, 0x45, 0x77, 0x45, 0x77, 0x45, 0x77, 0x45, 0x77, 0x45, 0x77, 0x45,
    0x77, 0x45, 0x77, 0x45, 0x77, 0x45, 0x77, 0x45, 0x77, 0x45, 0x77, 0x45, 0x77, 0x45, 0x77, 0x45,
    0x77, 0x45, 0x77, 0x45, 0x77, 0x45, 0x77, 0x45, 0x77, 0x45, 0x77, 0x45, 0x77, 0x45, 0x77, 0x45,
    0x77, 0x45, 0x77, 0x45, 0x77, 0x45, 0x77, 0x45, 0x77, 0x45, 0x77, 0x45, 0x77, 0x45, 0x77, 0x45,
    0x77, 0x45, 0x77, 0x45, 0x77, 0x45, 0x77, 0x45, 0x77, 0x45, 0x77, 0x45, 0x77, 0x45, 0x77, 0x45,
    0x77, 0x45, 0x77, 0x45, 0x77, 0x45, 0x77, 0x45, 0x77, 0x45, 0x77, 0x45, 0x77, 0x45, 0x77, 0x45,
    0x77, 0x45, 0x77, 0x45, 0xdc, 0x96, 0x3d, 0xaf, 0x3d, 0xa7, 0x77, 0x45, 0x77, 0x45, 0x77, 0x45,
    0x77, 0x45, 0x77, 0x45, 0x77, 0x45, 0x77, 0x45, 0x77, 0x45, 0x77, 0x45, 0x77, 0x45, 0x77, 0x45,
    0x77, 0x45, 0x77, 0x45, 0x77, 0x45, 0x77, 0x45, 0x77, 0x45, 0x77, 0x45, 0x77, 0x45, 0x77, 0x45,
    0x77, 0x45, 0x77, 0x45, 0x77, 0x45, 0x77, 0x45, 0x77, 0x45, 0x77, 0x45, 0x77, 0x45, 0x77, 0x45,
    0x77, 0x45, 0x77, 0x45, 0x77, 0x45, 0x77, 0x45, 0x77, 0x45, 0x77, 0x45, 0x77, 0x45, 0x77, 0x45,
    0x77, 0x45, 0x77, 0x45, 0x77, 0x45, 0x77, 0x45, 0x77, 0x45, 0x77, 0x45, 0x77, 0x45, 0x77, 0x45,
    0x77, 0x45, 0x77, 0x45, 0x77, 0x45, 0x77, 0x45, 0x77, 0x45, 0x77, 0x45, 0x77, 0x45, 0x77, 0x45,
    0x77, 0x45, 0x77, 0x45, 0x77, 0x45, 0x77, 0x45, 0x77, 0x45, 0x77, 0x45, 0x77, 0x45, 0x77, 0x45,
    0x77, 0x45, 0x77, 0x45, 0x77, 0x45, 0x77, 0x45, 0x77, 0x45, 0x77, 0x45, 0x77, 0x45, 0x77, 0x45,
    0xdc, 0x96, 0x3d, 0xaf, 0x3d, 0xa7, 0x77, 0x45, 0x77, 0x45, 0x77, 0x45, 0x77, 0x45, 0x77, 0x45,
    0x77, 0x45, 0x77, 0x45, 0x77, 0x45, 0x77, 0x45, 0x77, 0x45, 0x77, 0x45, 0x77, 0x45, 0x77, 0x45,
    0x77, 0x45, 0x77, 0x45, 0x77, 0x45, 0x77, 0x45, 0x77, 0x45, 0x77, 0x45, 0x77, 0x45, 0x77, 0x45,
    0x77, 0x45, 0x77, 0x45, 0x77, 0x45, 0x77, 0x45, 0x77, 0x45, 0x77, 0x45, 0x77, 0x45, 0x77, 0x45,
    0x77, 0x45, 0x77, 0x45, 0x77, 0x45, 0x77, 0x45, 0x77, 0x45, 0x77, 0x45, 0x77, 0x45, 0x77, 0x45,
    0x77, 0x45, 0x77, 0x45, 0x77, 0x45, 0x77, 0x45, 0x77, 0x45, 0x77, 0x45, 0x77, 0x45, 0x77, 0x45,
    0x77, 0x45, 0x77, 0x45, 0x77, 0x45, 0x77, 0x45, 0x77, 0x45, 0x77, 0x45, 0x77, 0x45, 0x77, 0x45,
    0x77, 0x45, 0x77, 0x45, 0x77, 0x45, 0x77, 0x45, 0x77, 0x45, 0x77, 0x45, 0x77, 0x45, 0x77, 0x45,
    0x77, 0x45, 0x77, 0x45, 0x77, 0x45, 0x77, 0x45, 0x77, 0x45, 0x77, 0x45, 0xdc, 0x96, 0x3d, 0xaf,
    0x3d, 0xa7, 0x77, 0x45, 0x77, 0x45, 0x77, 0x45, 0x77, 0x45, 0x77, 0x45, 0x77, 0x45, 0x77, 0x45,
    0x77, 0x45, 0x77, 0x45, 0x77, 0x45, 0x77, 0x45, 0x77, 0x45, 0x77, 0x45, 0x77, 0x45, 0x77, 0x45,
    0x77, 0x45, 0x77, 0x45, 0x77, 0x45, 0x77, 0x45, 0x77, 0x45, 0x77, 0x45, 0x77, 0x45, 0x77, 0x45,
    0x77, 0x45, 0x77, 0x45, 0x77, 0x45, 0x77, 0x45, 0x77, 0x45, 0x77, 0x45, 0x77, 0x45, 0x77, 0x45,
    0x77, 0x45, 0x77, 0x45, 0x77, 0x45, 0x77, 0x45, 0x77, 0x45, 0x77, 0x45, 0x77, 0x45, 0x77, 0x45,
    0x77, 0x45, 0x77, 0x45, 0x77, 0x45, 0x77, 0x45, 0x77, 0x45, 0x77, 0x45, 0x77, 0x45, 0x77, 0x45,
    0x77, 0x45, 0x77, 0x45, 0x77, 0x45, 0x77, 0x45, 0x77, 0x45, 0x77, 0x45, 0x77, 0x45, 0x77, 0x45,
    0x77, 0x45, 0x77, 0x45, 0x77, 0x45, 0x77, 0x45, 0x77, 0x45, 0x77, 0x45, 0x77, 0x45, 0x77, 0x45,
    0x77, 0x45, 0x77, 0x45, 0x77, 0x45, 0x77, 0x45, 0xdc, 0x96, 0x3d, 0xaf, 0x3d, 0xa7, 0x77, 0x45,
    0x77, 0x45, 0x77, 0x45, 0x77, 0x45, 0x77, 0x45, 0x77, 0x45, 0x77, 0x45, 0x77, 0x45, 0x77, 0x45,
    0x77, 0x45, 0x77, 0x45, 0x77, 0x45, 0x77, 0x45, 0x77, 0x45, 0x77, 0x45, 0x77, 0x45, 0x77, 0x45,
    0x77, 0x45, 0x77, 0x45, 0x77, 0x45, 0x77, 0x45, 0x77, 0x45, 0x77, 0x45, 0x77, 0x45, 0x77, 0x45,
    0x77, 0x45, 0x77, 0x45, 0x77, 0x45, 0x77, 0x45, 0x77, 0x45, 0x77, 0x45, 0x77, 0x45, 0x77, 0x45,
    0x77, 0x45, 0x77, 0x45, 0x77, 0x45, 0x77, 0x45, 0x77, 0x45, 0x77, 0x45, 0x77, 0x45, 0x77, 0x45,
    0x77, 0x45, 0x77, 0x45, 0x77, 0x45, 0x77, 0x45, 0x77, 0x45, 0x77, 0x45, 0x77, 0x45, 0x77, 0x45,
    0x77, 0x45, 0x77, 0x45, 0x77, 0x45, 0x77, 0x45, 0x77, 0x45, 0x77, 0x45, 0x77, 0x45, 0x77, 0x45,
    0x77, 0x45, 0x77, 0x45, 0x77, 0x45, 0x77, 0x45, 0x77, 0x45, 0x77, 0x45, 0x77, 0x45, 0x77, 0x45,
    0x77, 0x45, 0x77, 0x45, 0xdc, 0x96, 0x3d, 0xaf, 0x3d, 0xa7, 0x77, 0x45, 0x77, 0x45, 0x77, 0x45,
    0x77, 0x45, 0x77, 0x45, 0x77, 0x45, 0x77, 0x45, 0x77, 0x45, 0x77, 0x45, 0x77, 0x45, 0x77, 0x45,
    0x77, 0x45, 0x77, 0x45, 0x77, 0x45, 0x77, 0x45, 0x77, 0x45, 0x77, 0x45, 0x77, 0x45, 0x77, 0x45,
    0x77, 0x45, 0x77, 0x45, 0x77, 0x45, 0x77, 0x45, 0x77, 0x45, 0x77, 0x45, 0x77, 0x45, 0x77, 0x45,
    0x77, 0x45, 0x77, 0x45, 0x77, 0x45, 0x77, 0x45, 0x77, 0x45, 0x77, 0x45, 0x77, 0x45, 0x77, 0x45,
    0x77, 0x45, 0x77, 0x45, 0x77, 0x45, 0x77, 0x45, 0x77, 0x45, 0x77, 0x45, 0x77, 0x45, 0x77, 0x45,
    0x77, 0x45, 0x77, 0x45, 0x77, 0x45, 0x77, 0x45, 0x77, 0x45, 0x77, 0x45, 0x77, 0x45, 0x77, 0x45,
    0x77, 0x45, 0x77, 0x45, 0x77, 0x45, 0x77, 0x45, 0x77, 0x45, 0x77, 0x45, 0x77, 0x45, 0x77, 0x45,
    0x77, 0x45, 0x77, 0x45, 0x77, 0x45, 0x77, 0x45, 0x77, 0x45, 0x77, 0x45, 0x77, 0x45, 0x77, 0x45,
    0xdc, 0x96, 0x3d, 0xaf, 0x3d, 0xa7, 0x77, 0x45, 0x77, 0x45, 0x77, 0x45, 0x77, 0x45, 0x77, 0x45,
    0x77, 0x45, 0x77, 0x45, 0x77, 0x45, 0x77, 0x45, 0x77, 0x45, 0x77, 0x45, 0x77, 0x45, 0x77, 0x45,
    0x77, 0x45, 0x77, 0x45, 0x77, 0x45, 0x77, 0x45, 0x77, 0x45, 0x77, 0x45, 0x77, 0x45, 0x77, 0x45,
    0x77, 0x45, 0x77, 0x45, 0x77, 0x45, 0x77, 0x45, 0x77, 0x45, 0x77, 0x45, 0x77, 0x45, 0x77, 0x45,
    0x77, 0x45, 0x77, 0x45, 0x77, 0x45, 0x77, 0x45, 0x77, 0x45, 0x77, 0x45, 0x77, 0x45, 0x77, 0x45,
    0x77, 0x45, 0x77, 0x45, 0x77, 0x45, 0x77, 0x45, 0x77, 0x45, 0x77, 0x45, 0x77, 0x45, 0x77, 0x45,
    0x77, 0x45, 0x77, 0x45, 0x77, 0x45, 0x77, 0x45, 0x77, 0x45, 0x77, 0x45, 0x77, 0x45, 0x77, 0x45,
    0x77, 0x45, 0x77, 0x45, 0x77, 0x45, 0x77, 0x45, 0x77, 0x45, 0x77, 0x45, 0x77, 0x45, 0x77, 0x45,
    0x77, 0x45, 0x77, 0x45, 0x77, 0x45, 0x77, 0x45, 0x77, 0x45, 0x77, 0x45, 0xdc, 0x96, 0x3d, 0xaf,
    0x3d, 0xa7, 0x77, 0x45, 0x77, 0x45, 0x77, 0x45, 0x77, 0x45, 0x77, 0x45, 0x77, 0x45, 0x77, 0x45,
    0x77, 0x45, 0x77, 0x45, 0x77, 0x45, 0x77, 0x45, 0x77, 0x45, 0x77, 0x45, 0x77, 0x45, 0x77, 0x45,
    0x77, 0x45, 0x77, 0x45, 0x77, 0x45, 0x77, 0x45, 0x77, 0x45, 0x77, 0x45, 0x77, 0x45, 0x77, 0x45,
    0x77, 0x45, 0x77, 0x45, 0x77, 0x45, 0x77, 0x45, 0x77, 0x45, 0x77, 0x45, 0x77, 0x45, 0x77, 0x45,
    0x77, 0x45, 0x77, 0x45, 0x77, 0x45, 0x77, 0x45, 0x77, 0x45, 0x77, 0x45, 0x77, 0x45, 0x77, 0x45,
    0x77, 0x45, 0x77, 0x45, 0x77, 0x45, 0x77, 0x45, 0x77, 0x45, 0x77, 0x45, 0x77, 0x45, 0x77, 0x45,
    0x77, 0x45, 0x77, 0x45, 0x77, 0x45, 0x77, 0x45, 0x77, 0x45, 0x77, 0x45, 0x77, 0x45, 0x77, 0x45,
    0x77, 0x45, 0x77, 0x45, 0x77, 0x45, 0x77, 0x45, 0x77, 0x45, 0x77, 0x45, 0x77, 0x45, 0x77, 0x45,
    0x77, 0x45, 0x77, 0x45, 0x77, 0x45, 0x77, 0x45, 0xdc, 0x96, 0x3d, 0xaf, 0x3d, 0xa7, 0x77, 0x45,
    0x77, 0x45, 0x77, 0x45, 0x77, 0x45, 0x77, 0x45, 0x77, 0x45, 0x77, 0x45, 0x77, 0x45, 0x77, 0x45,
    0x77, 0x45, 0x77, 0x45, 0x77, 0x45, 0x77, 0x45, 0x77, 0x45, 0x77, 0x45, 0x77, 0x45, 0x77, 0x45,
    0x77, 0x45, 0x77, 0x45, 0x77, 0x45, 0x77, 0x45, 0x77, 0x45, 0x77, 0x45, 0x77, 0x45, 0x77, 0x45,
    0x77, 0x45, 0x77, 0x45, 0x77, 0x45, 0x77, 0x45, 0x77, 0x45, 0x77, 0x45, 0x77, 0x45, 0x77, 0x45,
    0x77, 0x45, 0x77, 0x45, 0x77, 0x45, 0x77, 0x45, 0x77, 0x45, 0x77, 0x45, 0x77, 0x45, 0x77, 0x45,
    0x77, 0x45, 0x77, 0x45, 0x77, 0x45, 0x77, 0x45, 0x77, 0x45, 0x77, 0x45, 0x77, 0x45, 0x77, 0x45,
    0x77, 0x45, 0x77, 0x45, 0x77, 0x45, 0x77, 0x45, 0x77, 0x45, 0x77, 0x45, 0x77, 0x45, 0x77, 0x45,
    0x77, 0x45, 0x77, 0x45, 0x77, 0x45, 0x77, 0x45, 0x77, 0x45, 0x77, 0x45, 0x77, 0x45, 0x77, 0x45,
    0x77, 0x45, 0x77, 0x45, 0xdc, 0x96, 0x3d, 0xaf, 0x3d, 0xa7, 0x77, 0x45, 0x77, 0x45, 0x77, 0x45,
    0x77, 0x45, 0x77, 0x45, 0x77, 0x45, 0x77, 0x45, 0x77, 0x45, 0x77, 0x45, 0x77, 0x45, 0x77, 0x45,
    0x77, 0x45, 0x77, 0x45, 0x77, 0x45, 0x77, 0x45, 0x77, 0x45, 0x77, 0x45, 0x77, 0x45, 0x77, 0x45,
    0x77, 0x45, 0x77, 0x45, 0x77, 0x45, 0x77, 0x45, 0x77, 0x45, 0x77, 0x45, 0x77, 0x45, 0x77, 0x45,
    0x77, 0x45, 0x77, 0x45, 0x77, 0x45, 0x77, 0x45, 0x77, 0x45, 0x77, 0x45, 0x77, 0x45, 0x77, 0x45,
    0x77, 0x45, 0x77, 0x45, 0x77, 0x45, 0x77, 0x45, 0x77, 0x45, 0x77, 0x45, 0x77, 0x45, 0x77, 0x45,
    0x77, 0x45, 0x77, 0x45, 0x77, 0x45, 0x77, 0x45, 0x77, 0x45, 0x77, 0x45, 0x77, 0x45, 0x77, 0x45,
    0x77, 0x45, 0x77, 0x45, 0x77, 0x45, 0x77, 0x45, 0x77, 0x45, 0x77, 0x45, 0x77, 0x45, 0x77, 0x45,
    0x77, 0x45, 0x77, 0x45, 0x77, 0x45, 0x77, 0x45, 0x77, 0x45, 0x77, 0x45, 0x77, 0x45, 0x77, 0x45,
    0xdc, 0x96, 0x3d, 0xaf, 0x3d, 0xa7, 0x77, 0x45, 0x77, 0x45, 0x77, 0x45, 0x77, 0x45, 0x77, 0x45,
    0x77, 0x45, 0x77, 0x45, 0x77, 0x45, 0x77, 0x45, 0x77, 0x45, 0x77, 0x45, 0x77, 0x45, 0x77, 0x45,
    0x77, 0x45, 0x77, 0x45, 0x77, 0x45, 0x77, 0x45, 0x77, 0x45, 0x77, 0x45, 0x77, 0x45, 0x77, 0x45,
    0x77, 0x45, 0x77, 0x45, 0x77, 0x45, 0x77, 0x45, 0x77, 0x45, 0x77, 0x45, 0x77, 0x45, 0x77, 0x45,
    0x77, 0x45, 0x77, 0x45, 0x77, 0x45, 0x77, 0x45, 0x77, 0x45, 0x77, 0x45, 0x77, 0x45, 0x77, 0x45,
    0x77, 0x45, 0x77, 0x45, 0x77, 0x45, 0x77, 0x45, 0x77, 0x45, 0x77, 0x45, 0x77, 0x45, 0x77, 0x45,
    0x77, 0x45, 0x77, 0x45, 0x77, 0x45, 0x77, 0x45, 0x77, 0x45, 0x77, 0x45, 0x77, 0x45, 0x77, 0x45,
    0x77, 0x45, 0x77, 0x45, 0x77, 0x45, 0x77, 0x45, 0x77, 0x45, 0x77, 0x45, 0x77, 0x45, 0x77, 0x45,
    0x77, 0x45, 0x77, 0x45, 0x77, 0x45, 0x77, 0x45, 0x77, 0x45, 0x77, 0x45, 0xdc, 0x96, 0x3d, 0xaf,
    0x3d, 0xa7, 0x77, 0x45, 0x77, 0x45, 0x77, 0x45, 0x77, 0x45, 0x77, 0x45, 0x77, 0x45, 0x77, 0x45,
    0x77, 0x45, 0x77, 0x45, 0x77, 0x45, 0x77, 0x45, 0x77, 0x45, 0x77, 0x45, 0x77, 0x45, 0x77, 0x45,
    0x77, 0x45, 0x77, 0x45, 0x77, 0x45, 0x77, 0x45, 0x77, 0x45, 0x77, 0x45, 0x77, 0x45, 0x77, 0x45,
    0x77, 0x45, 0x77, 0x45, 0x77, 0x45, 0x77, 0x45, 0x77, 0x45, 0x77, 0x45, 0x77, 0x45, 0x77, 0x45,
    0x77, 0x45, 0x77, 0x45, 0x77, 0x45, 0x77, 0x45, 0x77, 0x45, 0x77, 0x45, 0x77, 0x45, 0x77, 0x45,
    0x77, 0x45, 0x77, 0x45, 0x77, 0x45, 0x77, 0x45, 0x77, 0x45, 0x77, 0x45, 0x77, 0x45, 0x77, 0x45,
    0x77, 0x45, 0x77, 0x45, 0x77, 0x45, 0x77, 0x45, 0x77, 0x45, 0x77, 0x45, 0x77, 0x45, 0x77, 0x45,
    0x77, 0x45, 0x77, 0x45, 0x77, 0x45, 0x77, 0x45, 0x77, 0x45, 0x77, 0x45, 0x77, 0x45, 0x77, 0x45,
    0x77, 0x45, 0x77, 0x45, 0x77, 0x45, 0x77, 0x45, 0xdc, 0x96, 0x3d, 0xaf, 0x3d, 0xa7, 0x77, 0x45,
    0x77, 0x45, 0x77, 0x45, 0x77, 0x45, 0x77, 0x45, 0x77, 0x45, 0x77, 0x45, 0x77, 0x45, 0x77, 0x45,
    0x77, 0x45, 0x77, 0x45, 0x77, 0x45, 0x77, 0x45, 0x77, 0x45, 0x77, 0x45, 0x77, 0x45, 0x77, 0x45,
    0x77, 0x45, 0x77, 0x45, 0x77, 0x45, 0x77, 0x45, 0x77, 0x45, 0x77, 0x45, 0x77, 0x45, 0x77, 0x45,
    0x77, 0x45, 0x77, 0x45, 0x77, 0x45, 0x77, 0x45, 0x77, 0x45, 0x77, 0x45, 0x77, 0x45, 0x77, 0x45,
    0x77, 0x45, 0x77, 0x45, 0x77, 0x45, 0x77, 0x45, 0x77, 0x45, 0x77, 0x45, 0x77, 0x45, 0x77, 0x45,
    0x77, 0x45, 0x77, 0x45, 0x77, 0x45, 0x77, 0x45, 0x77, 0x45, 0x77, 0x45, 0x77, 0x45, 0x77, 0x45,
    0x77, 0x45, 0x77, 0x45, 0x77, 0x45, 0x77, 0x45, 0x77, 0x45, 0x77, 0x45, 0x77, 0x45, 0x77, 0x45,
    0x77, 0x45, 0x77, 0x45, 0x77, 0x45, 0x77, 0x45, 0x77, 0x45, 0x77, 0x45, 0x77, 0x45, 0x77, 0x45,
    0x77, 0x45, 0x77, 0x45, 0xdc, 0x96, 0x3d, 0xaf, 0x3d, 0xa7, 0x77, 0x45, 0x77, 0x45, 0x77, 0x45,
    0x77, 0x45, 0x77, 0x45, 0x77, 0x45, 0x77, 0x45, 0x77, 0x45, 0x77, 0x45, 0x77, 0x45, 0x77, 0x45,
    0x77, 0x45, 0x77, 0x45, 0x77, 0x45, 0x77, 0x45, 0x77, 0x45, 0x77, 0x45, 0x77, 0x45, 0x77, 0x45,
    0x77, 0x45, 0x77, 0x45, 0x77, 0x45, 0x77, 0x45, 0x77, 0x45, 0x77, 0x45, 0x77, 0x45, 0x77, 0x45,
    0x77, 0x45, 0x77, 0x45, 0x77, 0x45, 0x77, 0x45, 0x77, 0x45, 0x77, 0x45, 0x77, 0x45, 0x77, 0x45,
    0x77, 0x45, 0x77, 0x45, 0x77, 0x45, 0x77, 0x45, 0x77, 0x45, 0x77, 0x45, 0x77, 0x45, 0x77, 0x45,
    0x77, 0x45, 0x77, 0x45, 0x77, 0x45, 0x77, 0x45, 0x77, 0x45, 0x77, 0x45, 0x77, 0x45, 0x77, 0x45,
    0x77, 0x45, 0x77, 0x45, 0x77, 0x45, 0x77, 0x45, 0x77, 0x45, 0x77, 0x45, 0x77, 0x45, 0x77, 0x45,
    0x77, 0x45, 0x77, 0x45, 0x77, 0x45, 0x77, 0x45, 0x77, 0x45, 0x77, 0x45, 0x77, 0x45, 0x77, 0x45,
    0xdc, 0x96, 0x3d, 0xaf, 0x3d, 0xa7, 0x77, 0x45, 0x77, 0x45, 0x77, 0x45, 0x77, 0x45, 0x77, 0x45,
    0x77, 0x45, 0x77, 0x45, 0x77, 0x45, 0x77, 0x45, 0x77, 0x45, 0x77, 0x45, 0x77, 0x45, 0x77, 0x45,
    0x77, 0x45, 0x77, 0x45, 0x77, 0x45, 0x77, 0x45, 0x77, 0x45, 0x77, 0x45, 0x77, 0x45, 0x77, 0x45,
    0x77, 0x45, 0x77, 0x45, 0x77, 0x45, 0x77, 0x45, 0x77, 0x45, 0x77, 0x45, 0x77, 0x45, 0x77, 0x45,
    0x77, 0x45, 0x77, 0x45, 0x77, 0x45, 0x77, 0x45, 0x77, 0x45, 0x77, 0x45, 0x77, 0x45, 0x77, 0x45,
    0x77, 0x45, 0x77, 0x45, 0x77, 0x45, 0x77, 0x45, 0x77, 0x45, 0x77, 0x45, 0x77, 0x45, 0x77, 0x45,
    0x77, 0x45, 0x77, 0x45, 0x77, 0x45, 0x77, 0x45, 0x77, 0x45, 0x77, 0x45, 0x77, 0x45, 0x77, 0x45,
    0x77, 0x45, 0x77, 0x45, 0x77, 0x45, 0x77, 0x45, 0x77, 0x45, 0x77, 0x45, 0x77, 0x45, 0x77, 0x45,
    0x77, 0x45, 0x77, 0x45, 0x77, 0x45, 0x77, 0x45, 0x77, 0x45, 0x77, 0x45, 0xdc, 0x96, 0x3d, 0xaf,
    0x3d, 0xa7, 0x77, 0x45, 0x77, 0x45, 0x77, 0x45, 0x77, 0x45, 0x77, 0x45, 0x77, 0x45, 0x77, 0x45,
    0x77, 0x45, 0x77, 0x45, 0x77, 0x45, 0x77, 0x45, 0x77, 0x45, 0x77, 0x45, 0x77, 0x45, 0x77, 0x45,
    0x77, 0x45, 0x77, 0x45, 0x77, 0x45, 0x77, 0x45, 0x77, 0x45, 0x77, 0x45, 0x77, 0x45, 0x77, 0x45,
    0x77, 0x45, 0x77, 0x45, 0x77, 0x45, 0x77, 0x45, 0x77, 0x45, 0x77, 0x45, 0x77, 0x45, 0x77, 0x45,
    0x77, 0x45, 0x77, 0x45, 0x77, 0x45, 0x77, 0x45, 0x77, 0x45, 0x77, 0x45, 0x77, 0x45, 0x77, 0x45,
    0x77, 0x45, 0x77, 0x45, 0x77, 0x45, 0x77, 0x45, 0x77, 0x45, 0x77, 0x45, 0x77, 0x45, 0x77, 0x45,
    0x77, 0x45, 0x77, 0x45, 0x77, 0x45, 0x77, 0x45, 0x77, 0x45, 0x77, 0x45, 0x77, 0x45, 0x77, 0x45,
    0x77, 0x45, 0x77, 0x45, 0x77, 0x45, 0x77, 0x45, 0x77, 0x45, 0x77, 0x45, 0x77, 0x45, 0x77, 0x45,
    0x77, 0x45, 0x77, 0x45, 0x77, 0x45, 0x77, 0x45, 0xdc, 0x96, 0x3d, 0xaf, 0x3d, 0xa7, 0x77, 0x45,
    0x77, 0x45, 0x77, 0x45, 0x77, 0x45, 0x77, 0x45, 0x77, 0x45, 0x77, 0x45, 0x77, 0x45, 0x77, 0x45,
    0x77, 0x45, 0x77, 0x45, 0x77, 0x45, 0x77, 0x45, 0x77, 0x45, 0x77, 0x45, 0x77, 0x45, 0x77, 0x45,
    0x77, 0x45, 0x77, 0x45, 0x77, 0x45, 0x77, 0x45, 0x77, 0x45, 0x77, 0x45, 0x77, 0x45, 0x77, 0x45,
    0x77, 0x45, 0x77, 0x45, 0x77, 0x45, 0x77, 0x45, 0x77, 0x45, 0x77, 0x45, 0x77, 0x45, 0x77, 0x45,
    0x77, 0x45, 0x77, 0x45, 0x77, 0x45, 0x77, 0x45, 0x77, 0x45, 0x77, 0x45, 0x77, 0x45, 0x77, 0x45,
    0x77, 0x45, 0x77, 0x45, 0x77, 0x45, 0x77, 0x45, 0x77, 0x45, 0x77, 0x45, 0x77, 0x45, 0x77, 0x45,
    0x77, 0x45, 0x77, 0x45, 0x77, 0x45, 0x77, 0x45, 0x77, 0x45, 0x77, 0x45, 0x77, 0x45, 0x77, 0x45,
    0x77, 0x45, 0x77, 0x45, 0x77, 0x45, 0x77, 0x45, 0x77, 0x45, 0x77, 0x45, 0x77, 0x45, 0x77, 0x45,
    0x77, 0x45, 0x77, 0x45, 0xdc, 0x96, 0x3d, 0xaf, 0x3d, 0xa7, 0x77, 0x45, 0x77, 0x45, 0x77, 0x45,
    0x77, 0x45, 0x77, 0x45, 0x77, 0x45, 0x77, 0x45, 0x77, 0x45, 0x77, 0x45, 0x77, 0x45, 0x77, 0x45,
    0x77, 0x45, 0x77, 0x45, 0x77, 0x45, 0x77, 0x45, 0x77, 0x45, 0x77, 0x45, 0x77, 0x45, 0x77, 0x45,
    0x77, 0x45, 0x77, 0x45, 0x77, 0x45, 0x77, 0x45, 0x77, 0x45, 0x77, 0x45, 0x77, 0x45, 0x77, 0x45,
    0x77, 0x45, 0x77, 0x45, 0x77, 0x45, 0x77, 0x45, 0x77, 0x45, 0x77, 0x45, 0x77, 0x45, 0x77, 0x45,
    0x77, 0x45, 0x77, 0x45, 0x77, 0x45, 0x77, 0x45, 0x77, 0x45, 0x77, 0x45, 0x77, 0x45, 0x77, 0x45,
    0x77, 0x45, 0x77, 0x45, 0x77, 0x45, 0x77, 0x45, 0x77, 0x45, 0x77, 0x45, 0x77, 0x45, 0x77, 0x45,
    0x77, 0x45, 0x77, 0x45, 0x77, 0x45, 0x77, 0x45, 0x77, 0x45, 0x77, 0x45, 0x77, 0x45, 0x77, 0x45,
    0x77, 0x45, 0x77, 0x45, 0x77, 0x45, 0x77, 0x45, 0x77, 0x45, 0x77, 0x45, 0x77, 0x45, 0x77, 0x45,
    0xdc, 0x96, 0x3d, 0xaf, 0x3d, 0xa7, 0x77, 0x45, 0x77, 0x45, 0x77, 0x45, 0x77, 0x45, 0x77, 0x45,
    0x77, 0x45, 0x77, 0x45, 0x77, 0x45, 0x77, 0x45, 0x77, 0x45, 0x77, 0x45, 0x77, 0x45, 0x77, 0x45,
    0x77, 0x45, 0x77, 0x45, 0x77, 0x45, 0x77, 0x45, 0x77, 0x45, 0x77, 0x45, 0x77, 0x45, 0x77, 0x45,
    0x77, 0x45, 0x77, 0x45, 0x77, 0x45, 0x77, 0x45, 0x77, 0x45, 0x77, 0x45, 0x77, 0x45, 0x77, 0x45,
    0x77, 0x45, 0x77, 0x45, 0x77, 0x45, 0x77, 0x45, 0x77, 0x45, 0x77, 0x45, 0x77, 0x45, 0x77, 0x45,
    0x77, 0x45, 0x77, 0x45, 0x77, 0x45, 0x77, 0x45, 0x77, 0x45, 0x77, 0x45, 0x77, 0x45, 0x77, 0x45,
    0x77, 0x45, 0x77, 0x45, 0x77, 0x45, 0x77, 0x45, 0x77, 0x45, 0x77, 0x45, 0x77, 0x45, 0x77, 0x45,
    0x77, 0x45, 0x77, 0x45, 0x77, 0x45, 0x77, 0x45, 0x77, 0x45, 0x77, 0x45, 0x77, 0x45, 0x77, 0x45,
    0x77, 0x45, 0x77, 0x45, 0x77, 0x45, 0x77, 0x45, 0x77, 0x45, 0x77, 0x45, 0xdc, 0x96, 0x3d, 0xaf,
    0x3d, 0xa7, 0x77, 0x45, 0x77, 0x45, 0x77, 0x45, 0x77, 0x45, 0x77, 0x45, 0x77, 0x45, 0x77, 0x45,
    0x77, 0x45, 0x77, 0x45, 0x77, 0x45, 0x77, 0x45, 0x77, 0x45, 0x77, 0x45, 0x77, 0x45, 0x77, 0x45,
    0x77, 0x45, 0x77, 0x45, 0x77, 0x45, 0x77, 0x45, 0x77, 0x45, 0x77, 0x45, 0x77, 0x45, 0x77, 0x45,
    0x77, 0x45, 0x77, 0x45, 0x77, 0x45, 0x77, 0x45, 0x77, 0x45, 0x77, 0x45, 0x77, 0x45, 0x77, 0x45,
    0x77, 0x45, 0x77, 0x45, 0x77, 0x45, 0x77, 0x45, 0x77, 0x45, 0x77, 0x45, 0x77, 0x45, 0x77, 0x45,
    0x77, 0x45, 0x77, 0x45, 0x77, 0x45, 0x77, 0x45, 0x77, 0x45, 0x77, 0x45, 0x77, 0x45, 0x77, 0x45,
    0x77, 0x45, 0x77, 0x45, 0x77, 0x45, 0x77, 0x45, 0x77, 0x45, 0x77, 0x45, 0x77, 0x45, 0x77, 0x45,
    0x77, 0x45, 0x77, 0x45, 0x77, 0x45, 0x77, 0x45, 0x77, 0x45, 0x77, 0x45, 0x77, 0x45, 0x77, 0x45,
    0x77, 0x45, 0x77, 0x45, 0x77, 0x45, 0x77, 0x45, 0xdc, 0x96, 0x3d, 0xaf, 0x3d, 0xa7, 0x77, 0x45,
    0x77, 0x45, 0x77, 0x45, 0x77, 0x45, 0x77, 0x45, 0x77, 0x45, 0x77, 0x45, 0x77, 0x45, 0x77, 0x45,
    0x77, 0x45, 0x77, 0x45, 0x77, 0x45, 0x77, 0x45, 0x77, 0x45, 0x77, 0x45, 0x77, 0x45, 0x77, 0x45,
    0x77, 0x45, 0x77, 0x45, 0x77, 0x45, 0x77, 0x45, 0x77, 0x45, 0x77, 0x45, 0x77, 0x45, 0x77, 0x45,
    0x77, 0x45, 0x77, 0x45, 0x77, 0x45, 0x77, 0x45, 0x77, 0x45, 0x77, 0x45, 0x77, 0x45, 0x77, 0x45,
    0x77, 0x45, 0x77, 0x45, 0x77, 0x45, 0x77, 0x45, 0x77, 0x45, 0x77, 0x45, 0x77, 0x45, 0x77, 0x45,
    0x77, 0x45, 0x77, 0x45, 0x77, 0x45, 0x77, 0x45, 0x77, 0x45, 0x77, 0x45, 0x77, 0x45, 0x77, 0x45,
    0x77, 0x45, 0x77, 0x45, 0x77, 0x45, 0x77, 0x45, 0x77, 0x45, 0x77, 0x45, 0x77, 0x45, 0x77, 0x45,
    0x77, 0x45, 0x77, 0x45, 0x77, 0x45, 0x77, 0x45, 0x77, 0x45, 0x77, 0x45, 0x77, 0x45, 0x77, 0x45,
    0x77, 0x45, 0x77, 0x45, 0xdc, 0x96, 0x3d, 0xaf, 0x3d, 0xa7, 0x77, 0x45, 0x77, 0x45, 0x77, 0x45,
    0x77, 0x45, 0x77, 0x45, 0x77, 0x45, 0x77, 0x45, 0x77, 0x45, 0x77, 0x45, 0x77, 0x45, 0x77, 0x45,
    0x77, 0x45, 0x77, 0x45, 0x77, 0x45, 0x77, 0x45, 0x77, 0x45, 0x77, 0x45, 0x77, 0x45, 0x77, 0x45,
    0x77, 0x45, 0x77, 0x45, 0x77, 0x45, 0x77, 0x45, 0x77, 0x45, 0x77, 0x45, 0x77, 0x45, 0x77, 0x45,
    0x77, 0x45, 0x77, 0x45, 0x77, 0x45, 0x77, 0x45, 0x77, 0x45, 0x77, 0x45, 0x77, 0x45, 0x77, 0x45,
    0x77, 0x45, 0x77, 0x45, 0x77, 0x45, 0x77, 0x45, 0x77, 0x45, 0x77, 0x45, 0x77, 0x45, 0x77, 0x45,
    0x77, 0x45, 0x77, 0x45, 0x77, 0x45, 0x77, 0x45, 0x77, 0x45, 0x77, 0x45, 0x77, 0x45, 0x77, 0x45,
    0x77, 0x45, 0x77, 0x45, 0x77, 0x45, 0x77, 0x45, 0x77, 0x45, 0x77, 0x45, 0x77, 0x45, 0x77, 0x45,
    0x77, 0x45, 0x77, 0x45, 0x77, 0x45, 0x77, 0x45, 0x77, 0x45, 0x77, 0x45, 0x77, 0x45, 0x77, 0x45,
    0xdc, 0x96, 0x3d, 0xaf, 0x3d, 0xa7, 0x77, 0x45, 0x77, 0x45, 0x77, 0x45, 0x77, 0x45, 0x77, 0x45,
    0x77, 0x45, 0x77, 0x45, 0x77, 0x45, 0x77, 0x45, 0x77, 0x45, 0x77, 0x45, 0x77, 0x45, 0x77, 0x45,
    0x77, 0x45, 0x77, 0x45, 0x77, 0x45, 0x77, 0x45, 0x77, 0x45, 0x77, 0x45, 0x77, 0x45, 0x77, 0x45,
    0x77, 0x45, 0x77, 0x45, 0x77, 0x45, 0x77, 0x45, 0x77, 0x45, 0x77, 0x45, 0x77, 0x45, 0x77, 0x45,
    0x77, 0x45, 0x77, 0x45, 0x77, 0x45, 0x77, 0x45, 0x77, 0x45, 0x77, 0x45, 0x77, 0x45, 0x77, 0x45,
    0x77, 0x45, 0x77, 0x45, 0x77, 0x45, 0x77, 0x45, 0x77, 0x45, 0x77, 0x45, 0x77, 0x45, 0x77, 0x45,
    0x77, 0x45, 0x77, 0x45, 0x77, 0x45, 0x77, 0x45, 0x77, 0x45, 0x77, 0x45, 0x77, 0x45, 0x77, 0x45,
    0x77, 0x45, 0x77, 0x45, 0x77, 0x45, 0x77, 0x45, 0x77, 0x45, 0x77, 0x45, 0x77, 0x45, 0x77, 0x45,
    0x77, 0x45, 0x77, 0x45, 0x77, 0x45, 0x77, 0x45, 0x77, 0x45, 0x77, 0x45, 0xdc, 0x96, 0x3d, 0xaf,
    0x3d, 0xa7, 0x77, 0x45, 0x77, 0x45, 0x77, 0x45, 0x77, 0x45, 0x77, 0x45, 0x77, 0x45, 0x77, 0x45,
    0x77, 0x45, 0x77, 0x45, 0x77, 0x45, 0x77, 0x45, 0x77, 0x45, 0x77, 0x45, 0x77, 0x45, 0x77, 0x45,
    0x77, 0x45, 0x77, 0x45, 0x77, 0x45, 0x77, 0x45, 0x77, 0x45, 0x77, 0x45, 0x77, 0x45, 0x77, 0x45,
    0x77, 0x45, 0x77, 0x45, 0x77, 0x45, 0x77, 0x45, 0x77, 0x45, 0x77, 0x45, 0x77, 0x45, 0x77, 0x45,
    0x77, 0x45, 0x77, 0x45, 0x77, 0x45, 0x77, 0x45, 0x77, 0x45, 0x77, 0x45, 0x77, 0x45, 0x77, 0x45,
    0x77, 0x45, 0x77, 0x45, 0x77, 0x45, 0x77, 0x45, 0x77, 0x45, 0x77, 0x45, 0x77, 0x45, 0x77, 0x45,
    0x77, 0x45, 0x77, 0x45, 0x77, 0x45, 0x77, 0x45, 0x77, 0x45, 0x77, 0x45, 0x77, 0x45, 0x77, 0x45,
    0x77, 0x45, 0x77, 0x45, 0x77, 0x45, 0x77, 0x45, 0x77, 0x45, 0x77, 0x45, 0x77, 0x45, 0x77, 0x45,
    0x77, 0x45, 0x77, 0x45, 0x77, 0x45, 0x77, 0x45, 0xdc, 0x96, 0x3d, 0xaf, 0x3d, 0xa7, 0x77, 0x45,
    0x77, 0x45, 0x77, 0x45, 0x77, 0x45, 0x77, 0x45, 0x77, 0x45, 0x77, 0x45, 0x77, 0x45, 0x77, 0x45,
    0x77, 0x45, 0x77, 0x45, 0x77, 0x45, 0x77, 0x45, 0x77, 0x45, 0x77, 0x45, 0x77, 0x45, 0x77, 0x45,
    0x77, 0x45, 0x77, 0x45, 0x77, 0x45, 0x77, 0x45, 0x77, 0x45, 0x77, 0x45, 0x77, 0x45, 0x77, 0x45,
    0x77, 0x45, 0x77, 0x45, 0x77, 0x45, 0x77, 0x45, 0x77, 0x45, 0x77, 0x45, 0x77, 0x45, 0x77, 0x45,
    0x77, 0x45, 0x77, 0x45, 0x77, 0x45, 0x77, 0x45, 0x77, 0x45, 0x77, 0x45, 0x77, 0x45, 0x77, 0x45,
    0x77, 0x45, 0x77, 0x45, 0x77, 0x45, 0x77, 0x45, 0x77, 0x45, 0x77, 0x45, 0x77, 0x45, 0x77, 0x45,
    0x77, 0x45, 0x77, 0x45, 0x77, 0x45, 0x77, 0x45, 0x77, 0x45, 0x77, 0x45, 0x77, 0x45, 0x77, 0x45,
    0x77, 0x45, 0x77, 0x45, 0x77, 0x45, 0x77, 0x45, 0x77, 0x45, 0x77, 0x45, 0x77, 0x45, 0x77, 0x45,
    0x77, 0x45, 0x77, 0x45, 0xdc, 0x96, 0x3d, 0xaf, 0x3d, 0xa7, 0x77, 0x45, 0x77, 0x45, 0x77, 0x45,
    0x77, 0x45, 0x77, 0x45, 0x77, 0x45, 0x77, 0x45, 0x77, 0x45, 0x77, 0x45, 0x77, 0x45, 0x77, 0x45,
    0x77, 0x45, 0x77, 0x45, 0x77, 0x45, 0x77, 0x45, 0x77, 0x45, 0x77, 0x45, 0x77, 0x45, 0x77, 0x45,
    0x77, 0x45, 0x77, 0x45, 0x77, 0x45, 0x77, 0x45, 0x77, 0x45, 0x77, 0x45, 0x77, 0x45, 0x77, 0x45,
    0x77, 0x45, 0x77, 0x45, 0x77, 0x45, 0x77, 0x45, 0x77, 0x45, 0x77, 0x45, 0x77, 0x45, 0x77, 0x45,
    0x77, 0x45, 0x77, 0x45, 0x77, 0x45, 0x77, 0x45, 0x77, 0x45, 0x77, 0x45, 0x77, 0x45, 0x77, 0x45,
    0x77, 0x45, 0x77, 0x45, 0x77, 0x45, 0x77, 0x45, 0x77, 0x45, 0x77, 0x45, 0x77, 0x45, 0x77, 0x45,
    0x77, 0x45, 0x77, 0x45, 0x77, 0x45, 0x77, 0x45, 0x77, 0x45, 0x77, 0x45, 0x77, 0x45, 0x77, 0x45,
    0x77, 0x45, 0x77, 0x45, 0x77, 0x45, 0x77, 0x45, 0x77, 0x45, 0x77, 0x45, 0x77, 0x45, 0x77, 0x45,
    0xdc, 0x96, 0x3d, 0xaf, 0x3d, 0xa7, 0x77, 0x45, 0x77, 0x45, 0x77, 0x45, 0x77, 0x45, 0x77, 0x45,
    0x77, 0x45, 0x77, 0x45, 0x77, 0x45, 0x77, 0x45, 0x77, 0x45, 0x77, 0x45, 0x77, 0x45, 0x77, 0x45,
    0x77, 0x45, 0x77, 0x45, 0x77, 0x45, 0x77, 0x45, 0x77, 0x45, 0x77, 0x45, 0x77, 0x45, 0x77, 0x45,
    0x77, 0x45, 0x77, 0x45, 0x77, 0x45, 0x77, 0x45, 0x77, 0x45, 0x77, 0x45, 0x77, 0x45, 0x77, 0x45,
    0x77, 0x45, 0x77, 0x45, 0x77, 0x45, 0x77, 0x45, 0x77, 0x45, 0x77, 0x45, 0x77, 0x45, 0x77, 0x45,
    0x77, 0x45, 0x77, 0x45, 0x77, 0x45, 0x77, 0x45, 0x77, 0x45, 0x77, 0x45, 0x77, 0x45, 0x77, 0x45,
    0x77, 0x45, 0x77, 0x45, 0x77, 0x45, 0x77, 0x45, 0x77, 0x45, 0x77, 0x45, 0x77, 0x45, 0x77, 0x45,
    0x77, 0x45, 0x77, 0x45, 0x77, 0x45, 0x77, 0x45, 0x77, 0x45, 0x77, 0x45, 0x77, 0x45, 0x77, 0x45,
    0x77, 0x45, 0x77, 0x45, 0x77, 0x45, 0x77, 0x45, 0x77, 0x45, 0x77, 0x45, 0xdc, 0x96, 0x3d, 0xaf,
    0x5d, 0xaf, 0xd8, 0x5d, 0x77, 0x45, 0x77, 0x45, 0x77, 0x45, 0x77, 0x45, 0x77, 0x45, 0x77, 0x45,
    0x77, 0x45, 0x77, 0x45, 0x77, 0x45, 0x77, 0x45, 0x77, 0x45, 0x77, 0x45, 0x77, 0x45, 0x77, 0x45,
    0x77, 0x45, 0x77, 0x45, 0x77, 0x45, 0x77, 0x45, 0x77, 0x45, 0x77, 0x45, 0x77, 0x45, 0x77, 0x45,
    0x77, 0x45, 0x77, 0x45, 0x77, 0x45, 0x77, 0x45, 0x77, 0x45, 0x77, 0x45, 0x77, 0x45, 0x77, 0x45,
    0x77, 0x45, 0x77, 0x45, 0x77, 0x45, 0x77, 0x45, 0x77, 0x45, 0x77, 0x45, 0x77, 0x45, 0x77, 0x45,
    0x77, 0x45, 0x77, 0x45, 0x77, 0x45, 0x77, 0x45, 0x77, 0x45, 0x77, 0x45, 0x77, 0x45, 0x77, 0x45,
    0x77, 0x45, 0x77, 0x45, 0x77, 0x45, 0x77, 0x45, 0x77, 0x45, 0x77, 0x45, 0x77, 0x45, 0x77, 0x45,
    0x77, 0x45, 0x77, 0x45, 0x77, 0x45, 0x77, 0x45, 0x77, 0x45, 0x77, 0x45, 0x77, 0x45, 0x77, 0x45,
    0x77, 0x45, 0x77, 0x45, 0x77, 0x45, 0x77, 0x45, 0xdc, 0x96, 0x3d, 0xaf, 0x5d, 0xaf, 0x5a, 0x76,
    0x77, 0x45, 0x77, 0x45, 0x77, 0x45, 0x77, 0x45, 0x77, 0x45, 0x77, 0x45, 0x77, 0x45, 0x77, 0x45,
    0x77, 0x45, 0x77, 0x45, 0x77, 0x45, 0x77, 0x45, 0x77, 0x45, 0x77, 0x45, 0x77, 0x45, 0x77, 0x45,
    0x77, 0x45, 0x77, 0x45, 0x77, 0x45, 0x77, 0x45, 0x77, 0x45, 0x77, 0x45, 0x77, 0x45, 0x77, 0x45,
    0x77, 0x45, 0x77, 0x45, 0x77, 0x45, 0x77, 0x45, 0x77, 0x45, 0x77, 0x45, 0x77, 0x45, 0x77, 0x45,
    0x77, 0x45, 0x77, 0x45, 0x77, 0x45, 0x77, 0x45, 0x77, 0x45, 0x77, 0x45, 0x77, 0x45, 0x77, 0x45,
    0x77, 0x45, 0x77, 0x45, 0x77, 0x45, 0x77, 0x45, 0x77, 0x45, 0x77, 0x45, 0x77, 0x45, 0x77, 0x45,
    0x77, 0x45, 0x77, 0x45, 0x77, 0x45, 0x77, 0x45, 0x77, 0x45, 0x77, 0x45, 0x77, 0x45, 0x77, 0x45,
    0x77, 0x45, 0x77, 0x45, 0x77, 0x45, 0x77, 0x45, 0x77, 0x45, 0x77, 0x45, 0x77, 0x45, 0x77, 0x45,
    0x77, 0x45, 0x77, 0x45, 0xdc, 0x96, 0x3d, 0xaf, 0x3d, 0xa7, 0xfc, 0x9e, 0x77, 0x45, 0x77, 0x45,
    0x77, 0x45, 0x77, 0x45, 0x77, 0x45, 0x77, 0x45, 0x77, 0x45, 0x77, 0x45, 0x77, 0x45, 0x77, 0x45,
    0x77, 0x45, 0x77, 0x45, 0x77, 0x45, 0x77, 0x45, 0x77, 0x45, 0x77, 0x45, 0x77, 0x45, 0x77, 0x45,
    0x77, 0x45, 0x77, 0x45, 0x77, 0x45, 0x77, 0x45, 0x77, 0x45, 0x77, 0x45, 0x77, 0x45, 0x77, 0x45,
    0x77, 0x45, 0x77, 0x45, 0x77, 0x45, 0x77, 0x45, 0x77, 0x45, 0x77, 0x45, 0x77, 0x45, 0x77, 0x45,
    0x77, 0x45, 0x77, 0x45, 0x77, 0x45, 0x77, 0x45, 0x77, 0x45, 0x77, 0x45, 0x77, 0x45, 0x77, 0x45,
    0x77, 0x45, 0x77, 0x45, 0x77, 0x45, 0x77, 0x45, 0x77, 0x45, 0x77, 0x45, 0x77, 0x45, 0x77, 0x45,
    0x77, 0x45, 0x77, 0x45, 0x77, 0x45, 0x77, 0x45, 0x77, 0x45, 0x77, 0x45, 0x77, 0x45, 0x77, 0x45,
    0x77, 0x45, 0x77, 0x45, 0x77, 0x45, 0x77, 0x45, 0x77, 0x45, 0x77, 0x45, 0x77, 0x45, 0x77, 0x45,
    0xdc, 0x96, 0x3d, 0xaf, 0x1c, 0xaf, 0x3d, 0xa7, 0xfc, 0x96, 0x39, 0x6e, 0xb7, 0x4d, 0x77, 0x45,
    0x77, 0x45, 0x77, 0x45, 0x77, 0x45, 0x77, 0x45, 0x77, 0x45, 0x77, 0x45, 0x77, 0x45, 0x77, 0x45,
    0x77, 0x45, 0x77, 0x45, 0x77, 0x45, 0x77, 0x45, 0x77, 0x45, 0x77, 0x45, 0x77, 0x45, 0x77, 0x45,
    0x77, 0x45, 0x77, 0x45, 0x77, 0x45, 0x77, 0x45, 0x77, 0x45, 0x77, 0x45, 0x77, 0x45, 0x77, 0x45,
    0x77, 0x45, 0x77, 0x45, 0x77, 0x45, 0x77, 0x45, 0x77, 0x45, 0x77, 0x45, 0x77, 0x45, 0x77, 0x45,
    0x77, 0x45, 0x77, 0x45, 0x77, 0x45, 0x77, 0x45, 0x77, 0x45, 0x77, 0x45, 0x77, 0x45, 0x77, 0x45,
    0x77, 0x45, 0x77, 0x45, 0x77, 0x45, 0x77, 0x45, 0x77, 0x45, 0x77, 0x45, 0x77, 0x45, 0x77, 0x45,
    0x77, 0x45, 0x77, 0x45, 0x77, 0x45, 0x77, 0x45, 0x77, 0x45, 0x77, 0x45, 0x77, 0x45, 0x77, 0x45,
    0x77, 0x45, 0x77, 0x45, 0x77, 0x45, 0x77, 0x45, 0x77, 0x45, 0x77, 0x45, 0xdc, 0x96, 0x3d, 0xaf,
    0x00, 0x00, 0xfd, 0xa6, 0x3d, 0xa7, 0x1c, 0x9f, 0x1c, 0x9f, 0xfc, 0x96, 0xdc, 0x8e, 0x9b, 0x86,
    0x5a, 0x7e, 0x19, 0x66, 0x77, 0x45, 0x77, 0x45, 0x77, 0x45, 0x77, 0x45, 0x77, 0x45, 0x77, 0x45,
    0x77, 0x45, 0x77, 0x45, 0x77, 0x45, 0x77, 0x45, 0x77, 0x45, 0x77, 0x45, 0x77, 0x45, 0x77, 0x45,
    0x77, 0x45, 0x77, 0x45, 0x77, 0x45, 0x77, 0x45, 0x77, 0x45, 0x77, 0x45, 0x77, 0x45, 0x77, 0x45,
    0x77, 0x45, 0x77, 0x45, 0x77, 0x45, 0x77, 0x45, 0x77, 0x45, 0x77, 0x45, 0x77, 0x45, 0x77, 0x45,
    0x77, 0x45, 0x77, 0x45, 0x77, 0x45, 0x77, 0x45, 0x77, 0x45, 0x77, 0x45, 0x77, 0x45, 0x77, 0x45,
    0x77, 0x45, 0x77, 0x45, 0x77, 0x45, 0x77, 0x45, 0x77, 0x45, 0x77, 0x45, 0x77, 0x45, 0x77, 0x45,
    0x77, 0x45, 0x77, 0x45, 0x77, 0x45, 0x77, 0x45, 0x77, 0x45, 0x77, 0x45, 0x77, 0x45, 0x77, 0x45,
    0x77, 0x45, 0x77, 0x45, 0x77, 0x45, 0x77, 0x45, 0xdc, 0x96, 0x3d, 0xaf, 0x00, 0x00, 0xff, 0xff,
    0xfd, 0xae, 0x5d, 0xaf, 0x5d, 0xaf, 0x5d, 0xaf, 0x5d, 0xaf, 0x5d, 0xaf, 0x5d, 0xaf, 0x5d, 0xaf,
    0x5d, 0xaf, 0x3d, 0xa7, 0x3d, 0xa7, 0x1c, 0xa7, 0x1d, 0x9f, 0xfc, 0x9e, 0xdc, 0x96, 0xbb, 0x8e,
    0x7a, 0x7e, 0x39, 0x6e, 0xb7, 0x4d, 0x77, 0x45, 0x77, 0x45, 0x77, 0x45, 0x77, 0x45, 0x77, 0x45,
    0x77, 0x45, 0x77, 0x45, 0x77, 0x45, 0x77, 0x45, 0x77, 0x45, 0x77, 0x45, 0x77, 0x45, 0x77, 0x45,
    0x77, 0x45, 0x77, 0x45, 0x77, 0x45, 0x77, 0x45, 0x77, 0x45, 0x77, 0x45, 0x77, 0x45, 0x77, 0x45,
    0x77, 0x45, 0x77, 0x45, 0x77, 0x45, 0x77, 0x45, 0x77, 0x45, 0x77, 0x45, 0x77, 0x45, 0x77, 0x45,
    0x77, 0x45, 0x77, 0x45, 0x77, 0x45, 0x77, 0x45, 0x77, 0x45, 0x77, 0x45, 0x77, 0x45, 0x77, 0x45,
    0x77, 0x45, 0x77, 0x45, 0x77, 0x45, 0x77, 0x45, 0x77, 0x45, 0x77, 0x45, 0x77, 0x45, 0x77, 0x45,
    0x77, 0x45, 0x77, 0x45, 0xdc, 0x96, 0x5d, 0xaf, 0x00, 0x00, 0x00, 0x00, 0x00, 0x00, 0x00, 0x00,
    0x00, 0x00, 0x00, 0x00, 0x00, 0x00, 0x00, 0x00, 0x00, 0x00, 0x00, 0x00, 0x3c, 0xb7, 0x3d, 0xaf,
    0x3d, 0xa7, 0x5d, 0xaf, 0x3d, 0xaf, 0x5d, 0xaf, 0x5d, 0xaf, 0x5d, 0xaf, 0x5d, 0xaf, 0x5d, 0xaf,
    0x5d, 0xaf, 0x3d, 0xa7, 0x3d, 0xa7, 0x1d, 0xa7, 0x1c, 0x9f, 0xfc, 0x96, 0xfc, 0x96, 0xdb, 0x8e,
    0x7b, 0x86, 0x3a, 0x76, 0xd8, 0x5d, 0x77, 0x45, 0x77, 0x45, 0x77, 0x45, 0x77, 0x45, 0x77, 0x45,
    0x77, 0x45, 0x77, 0x45, 0x77, 0x45, 0x77, 0x45, 0x77, 0x45, 0x77, 0x45, 0x77, 0x45, 0x77, 0x45,
    0x77, 0x45, 0x77, 0x45, 0x77, 0x45, 0x77, 0x45, 0x77, 0x45, 0x77, 0x45, 0x77, 0x45, 0x77, 0x45,
    0x77, 0x45, 0x77, 0x45, 0x77, 0x45, 0x77, 0x45, 0x77, 0x45, 0x77, 0x45, 0x77, 0x45, 0x77, 0x45,
    0x77, 0x45, 0x77, 0x45, 0x77, 0x45, 0x77, 0x45, 0x77, 0x45, 0x77, 0x45, 0x77, 0x45, 0x77, 0x45,
    0xdc, 0x96, 0x5d, 0xaf, 0x00, 0x00, 0x00, 0x00, 0x00, 0x00, 0x00, 0x00, 0x00, 0x00, 0x00, 0x00,
    0x00, 0x00, 0x00, 0x00, 0x00, 0x00, 0x00, 0x00, 0x00, 0x00, 0x00, 0x00, 0x00, 0x00, 0x00, 0x00,
    0x00, 0x00, 0x00, 0x00, 0x00, 0x00, 0x00, 0x00, 0x00, 0x00, 0x00, 0x00, 0x5d, 0xa7, 0x3d, 0xaf,
    0x3d, 0xa7, 0x5d, 0xaf, 0x3d, 0xaf, 0x5d, 0xaf, 0x5d, 0xaf, 0x5d, 0xaf, 0x5d, 0xaf, 0x5d, 0xaf,
    0x5d, 0xaf, 0x5d, 0xa7, 0x3d, 0xa7, 0x1d, 0xa7, 0x1c, 0x9f, 0xfc, 0x9e, 0xfc, 0x96, 0xdb, 0x8e,
    0xbb, 0x86, 0x5a, 0x76, 0x19, 0x66, 0x77, 0x45, 0x77, 0x45, 0x77, 0x45, 0x77, 0x45, 0x77, 0x45,
    0x77, 0x45, 0x77, 0x45, 0x77, 0x45, 0x77, 0x45, 0x77, 0x45, 0x77, 0x45, 0x77, 0x45, 0x77, 0x45,
    0x77, 0x45, 0x77, 0x45, 0x77, 0x45, 0x77, 0x45, 0x77, 0x45, 0x77, 0x45, 0x77, 0x45, 0x77, 0x45,
    0x77, 0x45, 0x77, 0x45, 0x77, 0x45, 0x77, 0x45, 0x77, 0x45, 0x77, 0x45, 0xdc, 0x96, 0x5d, 0xaf,
    0x00, 0x00, 0x00, 0x00, 0x00, 0x00, 0x00, 0x00, 0x00, 0x00, 0x00, 0x00, 0x00, 0x00, 0x00, 0x00,
    0x00, 0x00, 0x00, 0x00, 0x00, 0x00, 0x00, 0x00, 0x00, 0x00, 0x00, 0x00, 0x00, 0x00, 0x00, 0x00,
    0x00, 0x00, 0x00, 0x00, 0x00, 0x00, 0x00, 0x00, 0x00, 0x00, 0x00, 0x00, 0x00, 0x00, 0x00, 0x00,
    0x00, 0x00, 0x00, 0x00, 0x00, 0x00, 0x00, 0x00, 0x00, 0x00, 0x00, 0x00, 0x5d, 0xaf, 0x3d, 0xa7,
    0x5e, 0xaf, 0x3d, 0xaf, 0x5d, 0xaf, 0x5d, 0xaf, 0x5d, 0xaf, 0x5d, 0xaf, 0x5d, 0xaf, 0x3d, 0xaf,
    0x5d, 0xaf, 0x3d, 0xa7, 0x3d, 0xa7, 0x3d, 0xa7, 0x1d, 0x9f, 0x1c, 0x9f, 0xfc, 0x96, 0xdb, 0x8e,
    0xbb, 0x86, 0x7b, 0x7e, 0x39, 0x6e, 0xb8, 0x4d, 0x77, 0x45, 0x77, 0x45, 0x77, 0x45, 0x77, 0x45,
    0x77, 0x45, 0x77, 0x45, 0x77, 0x45, 0x77, 0x45, 0x77, 0x45, 0x77, 0x45, 0x77, 0x45, 0x77, 0x45,
    0x77, 0x45, 0x77, 0x45, 0x77, 0x45, 0x77, 0x45, 0xdc, 0x96, 0x5d, 0xaf, 0x00, 0x00, 0x00, 0x00,
    0x00, 0x00, 0x00, 0x00, 0x00, 0x00, 0x00, 0x00, 0x00, 0x00, 0x00, 0x00, 0x00, 0x00, 0x00, 0x00,
    0x00, 0x00, 0x00, 0x00, 0x00, 0x00, 0x00, 0x00, 0x00, 0x00, 0x00, 0x00, 0x00, 0x00, 0x00, 0x00,
    0x00, 0x00, 0x00, 0x00, 0x00, 0x00, 0x00, 0x00, 0x00, 0x00, 0x00, 0x00, 0x00, 0x00, 0x00, 0x00,
    0x00, 0x00, 0x00, 0x00, 0x00, 0x00, 0x00, 0x00, 0x00, 0x00, 0x00, 0x00, 0x00, 0x00, 0x00, 0x00,
    0x00, 0x00, 0x00, 0x00, 0x00, 0x00, 0x00, 0x00, 0x00, 0x00, 0x00, 0x00, 0x5d, 0xaf, 0x3d, 0xa7,
    0x5e, 0xaf, 0x3d, 0xaf, 0x5d, 0xaf, 0x5d, 0xaf, 0x5d, 0xaf, 0x5d, 0xaf, 0x5d, 0xaf, 0x3d, 0xaf,
    0x5d, 0xaf, 0x3d, 0xaf, 0x3d, 0xa7, 0x3d, 0xa7, 0x1d, 0xa7, 0x1d, 0x9f, 0xfc, 0x9e, 0xdc, 0x96,
    0xdc, 0x8e, 0x7b, 0x86, 0x39, 0x76, 0xf8, 0x5d, 0x77, 0x45, 0x77, 0x45, 0x77, 0x45, 0x77, 0x45,
    0x77, 0x45, 0x77, 0x45, 0xdc, 0x96, 0x5d, 0xaf, 0x00, 0x00, 0x00, 0x00, 0x00, 0x00, 0x00, 0x00,
    0x00, 0x00, 0x00, 0x00, 0x00, 0x00, 0x00, 0x00, 0x00, 0x00, 0x00, 0x00, 0x00, 0x00, 0x00, 0x00,
    0x00, 0x00, 0x00, 0x00, 0x00, 0x00, 0x00, 0x00, 0x00, 0x00, 0x00, 0x00, 0x00, 0x00, 0x00, 0x00,
    0x00, 0x00, 0x00, 0x00, 0x00, 0x00, 0x00, 0x00, 0x00, 0x00, 0x00, 0x00, 0x00, 0x00, 0x00, 0x00,
    0x00, 0x00, 0x00, 0x00, 0x00, 0x00, 0x00, 0x00, 0x00, 0x00, 0x00, 0x00, 0x00, 0x00, 0x00, 0x00,
    0x00, 0x00, 0x00, 0x00, 0x00, 0x00, 0x00, 0x00, 0x00, 0x00, 0x00, 0x00, 0x00, 0x00, 0x00, 0x00,
    0x00, 0x00, 0x00, 0x00, 0x00, 0x00, 0x00, 0x00, 0x00, 0x00, 0x00, 0x00, 0x5d, 0xb7, 0x9e, 0xaf,
    0x3d, 0xaf, 0x3d, 0xaf, 0x5d, 0xaf, 0x5d, 0xaf, 0x5d, 0xaf, 0x5d, 0xaf, 0x5d, 0xaf, 0x5d, 0xaf,
    0x5d, 0xaf, 0x5d, 0xa7, 0x3d, 0xa7, 0x3d, 0xa7, 0x3d, 0xa7, 0x1c, 0x9f, 0xfc, 0x96, 0xfc, 0x96,
    0x1c, 0x9f, 0x5d, 0xaf, 0x00, 0x00, 0x00, 0x00, 0x00, 0x00, 0x00, 0x00, 0x00, 0x00, 0x00, 0x00,
    0x00, 0x00, 0x00, 0x00, 0x00, 0x00, 0x00, 0x00, 0x00, 0x00, 0x00, 0x00, 0x00, 0x00, 0x00, 0x00,
    0x00, 0x00, 0x00, 0x00, 0x00, 0x00, 0x00, 0x00, 0x00, 0x00, 0x00, 0x00, 0x00, 0x00, 0x00, 0x00,
    0x00, 0x00, 0x00, 0x00, 0x00, 0x00, 0x00, 0x00, 0x00, 0x00, 0x00, 0x00, 0x00, 0x00, 0x00, 0x00,
    0x00, 0x00, 0x00, 0x00, 0x00, 0x00, 0x00, 0x00, 0x00, 0x00, 0x00, 0x00, 0x00, 0x00, 0x00, 0x00,
    0x00, 0x00, 0x00, 0x00, 0x00, 0x00, 0x00, 0x00, 0x00, 0x00, 0x00, 0x00, 0x00, 0x00, 0x00, 0x00,
    0x00, 0x00, 0x00, 0x00, 0x00, 0x00, 0x00, 0x00, 0x00, 0x00, 0x00, 0x00, 0x00, 0x00, 0x00, 0x00,
    0x00, 0x00, 0x00, 0x00, 0x00, 0x00, 0x00, 0x00, 0x00, 0x00, 0x00, 0x00, 0x5d, 0xb7, 0x9e, 0xaf,
    0x3d, 0xaf, 0x3d, 0xaf, 0x5d, 0xaf, 0x5d, 0xaf, 0x5d, 0xaf, 0x5d, 0xaf, 0x5d, 0xaf, 0x3d, 0xaf,
    0x00, 0x00, 0x00, 0x00, 0x00, 0x00, 0x00, 0x00, 0x00, 0x00, 0x00, 0x00, 0x00, 0x00, 0x00, 0x00,
    0x00, 0x00, 0x00, 0x00, 0x00, 0x00, 0x00, 0x00, 0x00, 0x00, 0x00, 0x00, 0x00, 0x00, 0x00, 0x00,
    0x00, 0x00, 0x00, 0x00, 0x00, 0x00, 0x00, 0x00, 0x00, 0x00, 0x00, 0x00, 0x00, 0x00, 0x00, 0x00,
    0x00, 0x00, 0x00, 0x00, 0x00, 0x00, 0x00, 0x00, 0x00, 0x00, 0x00, 0x00, 0x0d, 0x21, 0x36, 0x49,
    0x58, 0x5f, 0x3d, 0x15, 0x00, 0x00, 0x00, 0x00, 0x00, 0x00, 0x00, 0x00, 0x00, 0x00, 0x00, 0x00,
    0x00, 0x00, 0x00, 0x00, 0x00, 0x00, 0x00, 0x00, 0x00, 0x00, 0x00, 0x00, 0x00, 0x00, 0x00, 0x00,
    0x00, 0x00, 0x00, 0x00, 0x00, 0x00, 0x00, 0x00, 0x00, 0x00, 0x00, 0x00, 0x00, 0x00, 0x00, 0x00,
    0x00, 0x00, 0x00, 0x00, 0x00, 0x00, 0x00, 0x00, 0x0d, 0x21, 0x36, 0x4a, 0x5e, 0x72, 0x86, 0x9a,
    0xaf, 0xc2, 0xc9, 0xc0, 0xb2, 0xa4, 0x91, 0x80, 0x6d, 0x54, 0x2a, 0x02, 0x00, 0x00, 0x00, 0x00,
    0x00, 0x00, 0x00, 0x00, 0x00, 0x00, 0x00, 0x00, 0x00, 0x00, 0x00, 0x00, 0x00, 0x00, 0x00, 0x00,
    0x00, 0x00, 0x00, 0x00, 0x00, 0x00, 0x00, 0x00, 0x00, 0x00, 0x00, 0x00, 0x00, 0x00, 0x00, 0x00,
    0x00, 0x00, 0x00, 0x00, 0x0d, 0x21, 0x36, 0x4a, 0x5e, 0x72, 0x86, 0x9a, 0xaf, 0xc2, 0xc9, 0xbe,
    0xb0, 0xa2, 0x93, 0x85, 0x77, 0x69, 0x5b, 0x4e, 0x40, 0x32, 0x29, 0x2a, 0x31, 0x3f, 0x60, 0x73,
    0x5a, 0x1d, 0x00, 0x00, 0x00, 0x00, 0x00, 0x00, 0x00, 0x00, 0x00, 0x00, 0x00, 0x00, 0x00, 0x00,
    0x00, 0x00, 0x00, 0x00, 0x00, 0x00, 0x00, 0x00, 0x00, 0x00, 0x00, 0x00, 0x00, 0x00, 0x00, 0x00,
    0x0c, 0x20, 0x34, 0x49, 0x5d, 0x71, 0x85, 0x9a, 0xad, 0xc2, 0xc9, 0xbc, 0xad, 0x9f, 0x90, 0x82,
    0x74, 0x66, 0x57, 0x49, 0x3b, 0x2d, 0x29, 0x29, 0x29, 0x29, 0x29, 0x29, 0x29, 0x29, 0x29, 0x29,
    0x29, 0x29, 0x29, 0x29, 0x29, 0x58, 0x6d, 0x51, 0x00, 0x00, 0x00, 0x00, 0x00, 0x00, 0x00, 0x00,
    0x00, 0x00, 0x00, 0x00, 0x00, 0x00, 0x00, 0x00, 0x00, 0x00, 0x00, 0x00, 0x0c, 0x20, 0x34, 0x49,
    0x5d, 0x71, 0x85, 0x9a, 0xad, 0xc2, 0xc8, 0xb9, 0xaa, 0x9c, 0x8d, 0x7f, 0x70, 0x62, 0x53, 0x45,
    0x36, 0x29, 0x29, 0x29, 0x29, 0x29, 0x29, 0x29, 0x29, 0x29, 0x29, 0x29, 0x29, 0x29, 0x29, 0x29,
    0x29, 0x29, 0x29, 0x29, 0x29, 0x29, 0x29, 0x29, 0x29, 0x29, 0x29, 0x39, 0x68, 0x82, 0x00, 0x00,
    0x00, 0x00, 0x00, 0x00, 0x00, 0x00, 0x00, 0x00, 0x0b, 0x1f, 0x34, 0x47, 0x5c, 0x70, 0x84, 0x98,
    0xac, 0xc0, 0xc6, 0xb7, 0xa8, 0x99, 0x8a, 0x7b, 0x6c, 0x5d, 0x4f, 0x40, 0x31, 0x29, 0x29, 0x29,
    0x29, 0x29, 0x29, 0x29, 0x29, 0x29, 0x29, 0x29, 0x29, 0x29, 0x29, 0x29, 0x29, 0x29, 0x29, 0x29,
    0x29, 0x29, 0x29, 0x29, 0x29, 0x29, 0x29, 0x29, 0x29, 0x29, 0x29, 0x29, 0x29, 0x29, 0x29, 0x29,
    0x29, 0x2e, 0x68, 0x98, 0x0a, 0x1f, 0x34, 0x47, 0x5c, 0x70, 0x84, 0x98, 0xac, 0xc0, 0xc4, 0xb4,
    0xa5, 0x96, 0x86, 0x77, 0x68, 0x59, 0x4a, 0x3b, 0x2c, 0x29, 0x29, 0x29, 0x29, 0x29, 0x29, 0x29,
    0x29, 0x29, 0x29, 0x29, 0x29, 0x29, 0x29, 0x29, 0x29, 0x29, 0x29, 0x29, 0x29, 0x29, 0x29, 0x29,
    0x29, 0x29, 0x29, 0x29, 0x29, 0x29, 0x29, 0x29, 0x29, 0x29, 0x29, 0x29, 0x29, 0x29, 0x29, 0x29,
    0x29, 0x29, 0x29, 0x29, 0x29, 0x29, 0x29, 0x29, 0x69, 0xa4, 0xc9, 0xb1, 0xa2, 0x92, 0x83, 0x73,
    0x64, 0x55, 0x45, 0x36, 0x29, 0x29, 0x29, 0x29, 0x29, 0x29, 0x29, 0x29, 0x29, 0x29, 0x29, 0x29,
    0x29, 0x29, 0x29, 0x29, 0x29, 0x29, 0x29, 0x29, 0x29, 0x29, 0x29, 0x29, 0x29, 0x29, 0x29, 0x29,
    0x29, 0x29, 0x29, 0x29, 0x29, 0x29, 0x29, 0x29, 0x29, 0x29, 0x29, 0x29, 0x29, 0x29, 0x29, 0x29,
    0x29, 0x29, 0x29, 0x29, 0x29, 0x29, 0x29, 0x29, 0x29, 0x29, 0x29, 0x29, 0x29, 0x29, 0x69, 0x9e,
    0xc0, 0x29, 0x29, 0x29, 0x29, 0x29, 0x29, 0x29, 0x29, 0x29, 0x29, 0x29, 0x29, 0x29, 0x29, 0x29,
    0x29, 0x29, 0x29, 0x29, 0x29, 0x29, 0x29, 0x29, 0x29, 0x29, 0x29, 0x29, 0x29, 0x29, 0x29, 0x29,
    0x29, 0x29, 0x29, 0x29, 0x29, 0x29, 0x29, 0x29, 0x29, 0x29, 0x29, 0x29, 0x29, 0x29, 0x29, 0x29,
    0x29, 0x29, 0x29, 0x29, 0x29, 0x29, 0x29, 0x29, 0x29, 0x29, 0x29, 0x29, 0x29, 0x29, 0x29, 0x29,
    0x29, 0x29, 0x29, 0x29, 0x69, 0x9e, 0xc0, 0x29, 0x29, 0x29, 0x29, 0x29, 0x29, 0x29, 0x29, 0x29,
    0x29, 0x29, 0x29, 0x29, 0x29, 0x29, 0x29, 0x29, 0x29, 0x29, 0x29, 0x29, 0x29, 0x29, 0x29, 0x29,
    0x29, 0x29, 0x29, 0x29, 0x29, 0x29, 0x29, 0x29, 0x29, 0x29, 0x29, 0x29, 0x29, 0x29, 0x29, 0x29,
    0x29, 0x29, 0x29, 0x29, 0x29, 0x29, 0x29, 0x29, 0x29, 0x29, 0x29, 0x29, 0x29, 0x29, 0x29, 0x29,
    0x29, 0x29, 0x29, 0x29, 0x29, 0x29, 0x29, 0x29, 0x29, 0x29, 0x69, 0x9e, 0xc0, 0x29, 0x29, 0x29,
    0x29, 0x29, 0x29, 0x29, 0x29, 0x29, 0x29, 0x29, 0x29, 0x29, 0x29, 0x29, 0x29, 0x29, 0x29, 0x29,
    0x29, 0x29, 0x29, 0x29, 0x29, 0x29, 0x29, 0x29, 0x29, 0x29, 0x29, 0x29, 0x29, 0x29, 0x29, 0x29,
    0x29, 0x29, 0x29, 0x29, 0x29, 0x29, 0x29, 0x29, 0x29, 0x29, 0x29, 0x29, 0x29, 0x29, 0x29, 0x29,
    0x29, 0x29, 0x29, 0x29, 0x29, 0x29, 0x29, 0x29, 0x29, 0x29, 0x29, 0x29, 0x29, 0x29, 0x29, 0x29,
    0x69, 0x9e, 0xc0, 0x29, 0x29, 0x29, 0x29, 0x29, 0x29, 0x29, 0x29, 0x29, 0x29, 0x29, 0x29, 0x29,
    0x29, 0x29, 0x29, 0x29, 0x29, 0x29, 0x29, 0x29, 0x29, 0x29, 0x29, 0x29, 0x29, 0x29, 0x29, 0x29,
    0x29, 0x29, 0x29, 0x29, 0x29, 0x29, 0x29, 0x29, 0x29, 0x29, 0x29, 0x29, 0x29, 0x29, 0x29, 0x29,
    0x29, 0x29, 0x29, 0x29, 0x29, 0x29, 0x29, 0x29, 0x29, 0x29, 0x29, 0x29, 0x29, 0x29, 0x29, 0x29,
    0x29, 0x29, 0x29, 0x29, 0x29, 0x29, 0x69, 0x9e, 0xc0, 0x29, 0x29, 0x29, 0x29, 0x29, 0x29, 0x29,
    0x29, 0x29, 0x29, 0x29, 0x29, 0x29, 0x29, 0x29, 0x29, 0x29, 0x29, 0x29, 0x29, 0x29, 0x29, 0x29,
    0x29, 0x29, 0x29, 0x29, 0x29, 0x29, 0x29, 0x29, 0x29, 0x29, 0x29, 0x29, 0x29, 0x29, 0x29, 0x29,
    0x29, 0x29, 0x29, 0x29, 0x29, 0x29, 0x29, 0x29, 0x29, 0x29, 0x29, 0x29, 0x29, 0x29, 0x29, 0x29,
    0x29, 0x29, 0x29, 0x29, 0x29, 0x29, 0x29, 0x29, 0x29, 0x29, 0x29, 0x29, 0x69, 0x9e, 0xc0, 0x29,
    0x29, 0x29, 0x29, 0x29, 0x29, 0x29, 0x29, 0x29, 0x29, 0x29, 0x29, 0x29, 0x29, 0x29, 0x29, 0x29,
    0x29, 0x29, 0x29, 0x29, 0x29, 0x29, 0x29, 0x29, 0x29, 0x29, 0x29, 0x29, 0x29, 0x29, 0x29, 0x29,
    0x29, 0x29, 0x29, 0x29, 0x29, 0x29, 0x29, 0x29, 0x29, 0x29, 0x29, 0x29, 0x29, 0x29, 0x29, 0x29,
    0x29, 0x29, 0x29, 0x29, 0x29, 0x29, 0x29, 0x29, 0x29, 0x29, 0x29, 0x29, 0x29, 0x29, 0x29, 0x29,
    0x29, 0x29, 0x69, 0x9e, 0xc0, 0x29, 0x29, 0x29, 0x29, 0x29, 0x29, 0x29, 0x29, 0x29, 0x29, 0x29,
    0x29, 0x29, 0x29, 0x29, 0x29, 0x29, 0x29, 0x29, 0x29, 0x29, 0x29, 0x29, 0x29, 0x29, 0x29, 0x29,
    0x29, 0x29, 0x29, 0x29, 0x29, 0x29, 0x29, 0x29, 0x29, 0x29, 0x29, 0x29, 0x29, 0x29, 0x29, 0x29,
    0x29, 0x29, 0x29, 0x29, 0x29, 0x29, 0x29, 0x29, 0x29, 0x29, 0x29, 0x29, 0x29, 0x29, 0x29, 0x29,
    0x29, 0x29, 0x29, 0x29, 0x29, 0x29, 0x29, 0x29, 0x69, 0x9e, 0xc0, 0x29, 0x29, 0x29, 0x29, 0x29,
    0x29, 0x29, 0x29, 0x29, 0x29, 0x29, 0x29, 0x29, 0x29, 0x29, 0x29, 0x29, 0x29, 0x29, 0x29, 0x29,
    0x29, 0x29, 0x29, 0x29, 0x29, 0x29, 0x29, 0x29, 0x29, 0x29, 0x29, 0x29, 0x29, 0x29, 0x29, 0x29,
    0x29, 0x29, 0x29, 0x29, 0x29, 0x29, 0x29, 0x29, 0x29, 0x29, 0x29, 0x29, 0x29, 0x29, 0x29, 0x29,
    0x29, 0x29, 0x29, 0x29, 0x29, 0x29, 0x29, 0x29, 0x29, 0x29, 0x29, 0x29, 0x29, 0x29, 0x69, 0x9e,
    0xc0, 0x29, 0x29, 0x29, 0x29, 0x29, 0x29, 0x29, 0x29, 0x29, 0x29, 0x29, 0x29, 0x29, 0x29, 0x29,
    0x29, 0x29, 0x29, 0x29, 0x29, 0x29, 0x29, 0x29, 0x29, 0x29, 0x29, 0x29, 0x29, 0x29, 0x29, 0x29,
    0x29, 0x29, 0x29, 0x29, 0x29, 0x29, 0x29, 0x29, 0x29, 0x29, 0x29, 0x29, 0x29, 0x29, 0x29, 0x29,
    0x29, 0x29, 0x29, 0x29, 0x29, 0x29, 0x29, 0x29, 0x29, 0x29, 0x29, 0x29, 0x29, 0x29, 0x29, 0x29,
    0x29, 0x29, 0x29, 0x29, 0x69, 0x9e, 0xc0, 0x29, 0x29, 0x29, 0x29, 0x29, 0x29, 0x29, 0x29, 0x29,
    0x29, 0x29, 0x29, 0x29, 0x29, 0x29, 0x29, 0x29, 0x29, 0x29, 0x29, 0x29, 0x29, 0x29, 0x29, 0x29,
    0x29, 0x29, 0x29, 0x29, 0x29, 0x29, 0x29, 0x29, 0x29, 0x29, 0x29, 0x29, 0x29, 0x29, 0x29, 0x29,
    0x29, 0x29, 0x29, 0x29, 0x29, 0x29, 0x29, 0x29, 0x29, 0x29, 0x29, 0x29, 0x29, 0x29, 0x29, 0x29,
    0x29, 0x29, 0x29, 0x29, 0x29, 0x29, 0x29, 0x29, 0x29, 0x29, 0x69, 0x9e, 0xc0, 0x29, 0x29, 0x29,
    0x29, 0x29, 0x29, 0x29, 0x29, 0x29, 0x29, 0x29, 0x29, 0x29, 0x29, 0x29, 0x29, 0x29, 0x29, 0x29,
    0x29, 0x29, 0x29, 0x29, 0x29, 0x29, 0x29, 0x29, 0x29, 0x29, 0x29, 0x29, 0x29, 0x29, 0x29, 0x29,
    0x29, 0x29, 0x29, 0x29, 0x29, 0x29, 0x29, 0x29, 0x29, 0x29, 0x29, 0x29, 0x29, 0x29, 0x29, 0x29,
    0x29, 0x29, 0x29, 0x29, 0x29, 0x29, 0x29, 0x29, 0x29, 0x29, 0x29, 0x29, 0x29, 0x29, 0x29, 0x29,
    0x69, 0x9e, 0xc0, 0x29, 0x29, 0x29, 0x29, 0x29, 0x29, 0x29, 0x29, 0x29, 0x29, 0x29, 0x29, 0x29,
    0x29, 0x29, 0x29, 0x29, 0x29, 0x29, 0x29, 0x29, 0x29, 0x29, 0x29, 0x29, 0x29, 0x29, 0x29, 0x29,
    0x29, 0x29, 0x29, 0x29, 0x29, 0x29, 0x29, 0x29, 0x29, 0x29, 0x29, 0x29, 0x29, 0x29, 0x29, 0x29,
    0x29, 0x29, 0x29, 0x29, 0x29, 0x29, 0x29, 0x29, 0x29, 0x29, 0x29, 0x29, 0x29, 0x29, 0x29, 0x29,
    0x29, 0x29, 0x29, 0x29, 0x29, 0x29, 0x69, 0x9e, 0xc0, 0x29, 0x29, 0x29, 0x29, 0x29, 0x29, 0x29,
    0x29, 0x29, 0x29, 0x29, 0x29, 0x29, 0x29, 0x29, 0x29, 0x29, 0x29, 0x29, 0x29, 0x29, 0x29, 0x29,
    0x29, 0x29, 0x29, 0x29, 0x29, 0x29, 0x29, 0x29, 0x29, 0x29, 0x29, 0x29, 0x29, 0x29, 0x29, 0x29,
    0x29, 0x29, 0x29, 0x29, 0x29, 0x29, 0x29, 0x29, 0x29, 0x29, 0x29, 0x29, 0x29, 0x29, 0x29, 0x29,
    0x29, 0x29, 0x29, 0x29, 0x29, 0x29, 0x29, 0x29, 0x29, 0x29, 0x29, 0x29, 0x69, 0x9e, 0xc0, 0x29,
    0x29, 0x29, 0x29, 0x29, 0x29, 0x29, 0x29, 0x29, 0x29, 0x29, 0x29, 0x29, 0x29, 0x29, 0x29, 0x29,
    0x29, 0x29, 0x29, 0x29, 0x29, 0x29, 0x29, 0x29, 0x29, 0x29, 0x29, 0x29, 0x29, 0x29, 0x29, 0x29,
    0x29, 0x29, 0x29, 0x29, 0x29, 0x29, 0x29, 0x29, 0x29, 0x29, 0x29, 0x29, 0x29, 0x29, 0x29, 0x29,
    0x29, 0x29, 0x29, 0x29, 0x29, 0x29, 0x29, 0x29, 0x29, 0x29, 0x29, 0x29, 0x29, 0x29, 0x29, 0x29,
    0x29, 0x29, 0x69, 0x9e, 0xc0, 0x29, 0x29, 0x29, 0x29, 0x29, 0x29, 0x29, 0x29, 0x29, 0x29, 0x29,
    0x29, 0x29, 0x29, 0x29, 0x29, 0x29, 0x29, 0x29, 0x29, 0x29, 0x29, 0x29, 0x29, 0x29, 0x29, 0x29,
    0x29, 0x29, 0x29, 0x29, 0x29, 0x29, 0x29, 0x29, 0x29, 0x29, 0x29, 0x29, 0x29, 0x29, 0x29, 0x29,
    0x29, 0x29, 0x29, 0x29, 0x29, 0x29, 0x29, 0x29, 0x29, 0x29, 0x29, 0x29, 0x29, 0x29, 0x29, 0x29,
    0x29, 0x29, 0x29, 0x29, 0x29, 0x29, 0x29, 0x29, 0x69, 0x9e, 0xc0, 0x29, 0x29, 0x29, 0x29, 0x29,
    0x29, 0x29, 0x29, 0x29, 0x29, 0x29, 0x29, 0x29, 0x29, 0x29, 0x29, 0x29, 0x29, 0x29, 0x29, 0x29,
    0x29, 0x29, 0x29, 0x29, 0x29, 0x29, 0x29, 0x29, 0x29, 0x29, 0x29, 0x29, 0x29, 0x29, 0x29, 0x29,
    0x29, 0x29, 0x29, 0x29, 0x29, 0x29, 0x29, 0x29, 0x29, 0x29, 0x29, 0x29, 0x29, 0x29, 0x29, 0x29,
    0x29, 0x29, 0x29, 0x29, 0x29, 0x29, 0x29, 0x29, 0x29, 0x29, 0x29, 0x29, 0x29, 0x29, 0x69, 0x9e,
    0xc0, 0x29, 0x29, 0x29, 0x29, 0x29, 0x29, 0x29, 0x29, 0x29, 0x29, 0x29, 0x29, 0x29, 0x29, 0x29,
    0x29, 0x29, 0x29, 0x29, 0x29, 0x29, 0x29, 0x29, 0x29, 0x29, 0x29, 0x29, 0x29, 0x29, 0x29, 0x29,
    0x29, 0x29, 0x29, 0x29, 0x29, 0x29, 0x29, 0x29, 0x29, 0x29, 0x29, 0x29, 0x29, 0x29, 0x29, 0x29,
    0x29, 0x29, 0x29, 0x29, 0x29, 0x29, 0x29, 0x29, 0x29, 0x29, 0x29, 0x29, 0x29, 0x29, 0x29, 0x29,
    0x29, 0x29, 0x29, 0x29, 0x69, 0x9e, 0xc0, 0x29, 0x29, 0x29, 0x29, 0x29, 0x29, 0x29, 0x29, 0x29,
    0x29, 0x29, 0x29, 0x29, 0x29, 0x29, 0x29, 0x29, 0x29, 0x29, 0x29, 0x29, 0x29, 0x29, 0x29, 0x29,
    0x29, 0x29, 0x29, 0x29, 0x29, 0x29, 0x29, 0x29, 0x29, 0x29, 0x29, 0x29, 0x29, 0x29, 0x29, 0x29,
    0x29, 0x29, 0x29, 0x29, 0x29, 0x29, 0x29, 0x29, 0x29, 0x29, 0x29, 0x29, 0x29, 0x29, 0x29, 0x29,
    0x29, 0x29, 0x29, 0x29, 0x29, 0x29, 0x29, 0x29, 0x29, 0x29, 0x69, 0x9e, 0xc0, 0x29, 0x29, 0x29,
    0x29, 0x29, 0x29, 0x29, 0x29, 0x29, 0x29, 0x29, 0x29, 0x29, 0x29, 0x29, 0x29, 0x29, 0x29, 0x29,
    0x29, 0x29, 0x29, 0x29, 0x29, 0x29, 0x29, 0x29, 0x29, 0x29, 0x29, 0x29, 0x29, 0x29, 0x29, 0x29,
    0x29, 0x29, 0x29, 0x29, 0x29, 0x29, 0x29, 0x29, 0x29, 0x29, 0x29, 0x29, 0x29, 0x29, 0x29, 0x29,
    0x29, 0x29, 0x29, 0x29, 0x29, 0x29, 0x29, 0x29, 0x29, 0x29, 0x29, 0x29, 0x29, 0x29, 0x29, 0x29,
    0x69, 0x9e, 0xc0, 0x29, 0x29, 0x29, 0x29, 0x29, 0x29, 0x29, 0x29, 0x29, 0x29, 0x29, 0x29, 0x29,
    0x29, 0x29, 0x29, 0x29, 0x29, 0x29, 0x29, 0x29, 0x29, 0x29, 0x29, 0x29, 0x29, 0x29, 0x29, 0x29,
    0x29, 0x29, 0x29, 0x29, 0x29, 0x29, 0x29, 0x29, 0x29, 0x29, 0x29, 0x29, 0x29, 0x29, 0x29, 0x29,
    0x29, 0x29, 0x29, 0x29, 0x29, 0x29, 0x29, 0x29, 0x29, 0x29, 0x29, 0x29, 0x29, 0x29, 0x29, 0x29,
    0x29, 0x29, 0x29, 0x29, 0x29, 0x29, 0x69, 0x9e, 0xc0, 0x29, 0x29, 0x29, 0x29, 0x29, 0x29, 0x29,
    0x29, 0x29, 0x29, 0x29, 0x29, 0x29, 0x29, 0x29, 0x29, 0x29, 0x29, 0x29, 0x29, 0x29, 0x29, 0x29,
    0x29, 0x29, 0x29, 0x29, 0x29, 0x29, 0x29, 0x29, 0x29, 0x29, 0x29, 0x29, 0x29, 0x29, 0x29, 0x29,
    0x29, 0x29, 0x29, 0x29, 0x29, 0x29, 0x29, 0x29, 0x29, 0x29, 0x29, 0x29, 0x29, 0x29, 0x29, 0x29,
    0x29, 0x29, 0x29, 0x29, 0x29, 0x29, 0x29, 0x29, 0x29, 0x29, 0x29, 0x29, 0x69, 0x9e, 0xc0, 0x29,
    0x29, 0x29, 0x29, 0x29, 0x29, 0x29, 0x29, 0x29, 0x29, 0x29, 0x29, 0x29, 0x29, 0x29, 0x29, 0x29,
    0x29, 0x29, 0x29, 0x29, 0x29, 0x29, 0x29, 0x29, 0x29, 0x29, 0x29, 0x29, 0x29, 0x29, 0x29, 0x29,
    0x29, 0x29, 0x29, 0x29, 0x29, 0x29, 0x29, 0x29, 0x29, 0x29, 0x29, 0x29, 0x29, 0x29, 0x29, 0x29,
    0x29, 0x29, 0x29, 0x29, 0x29, 0x29, 0x29, 0x29, 0x29, 0x29, 0x29, 0x29, 0x29, 0x29, 0x29, 0x29,
    0x29, 0x29, 0x69, 0x9e, 0xc0, 0x29, 0x29, 0x29, 0x29, 0x29, 0x29, 0x29, 0x29, 0x29, 0x29, 0x29,
    0x29, 0x29, 0x29, 0x29, 0x29, 0x29, 0x29, 0x29, 0x29, 0x29, 0x29, 0x29, 0x29, 0x29, 0x29, 0x29,
    0x29, 0x29, 0x29, 0x29, 0x29, 0x29, 0x29, 0x29, 0x29, 0x29, 0x29, 0x29, 0x29, 0x29, 0x29, 0x29,
    0x29, 0x29, 0x29, 0x29, 0x29, 0x29, 0x29, 0x29, 0x29, 0x29, 0x29, 0x29, 0x29, 0x29, 0x29, 0x29,
    0x29, 0x29, 0x29, 0x29, 0x29, 0x29, 0x29, 0x29, 0x69, 0x9e, 0xc0, 0x29, 0x29, 0x29, 0x29, 0x29,
    0x29, 0x29, 0x29, 0x29, 0x29, 0x29, 0x29, 0x29, 0x29, 0x29, 0x29, 0x29, 0x29, 0x29, 0x29, 0x29,
    0x29, 0x29, 0x29, 0x29, 0x29, 0x29, 0x29, 0x29, 0x29, 0x29, 0x29, 0x29, 0x29, 0x29, 0x29, 0x29,
    0x29, 0x29, 0x29, 0x29, 0x29, 0x29, 0x29, 0x29, 0x29, 0x29, 0x29, 0x29, 0x29, 0x29, 0x29, 0x29,
    0x29, 0x29, 0x29, 0x29, 0x29, 0x29, 0x29, 0x29, 0x29, 0x29, 0x29, 0x29, 0x29, 0x29, 0x69, 0x9e,
    0xc0, 0x29, 0x29, 0x29, 0x29, 0x29, 0x29, 0x29, 0x29, 0x29, 0x29, 0x29, 0x29, 0x29, 0x29, 0x29,
    0x29, 0x29, 0x29, 0x29, 0x29, 0x29, 0x29, 0x29, 0x29, 0x29, 0x29, 0x29, 0x29, 0x29, 0x29, 0x29,
    0x29, 0x29, 0x29, 0x29, 0x29, 0x29, 0x29, 0x29, 0x29, 0x29, 0x29, 0x29, 0x29, 0x29, 0x29, 0x29,
    0x29, 0x29, 0x29, 0x29, 0x29, 0x29, 0x29, 0x29, 0x29, 0x29, 0x29, 0x29, 0x29, 0x29, 0x29, 0x29,
    0x29, 0x29, 0x29, 0x29, 0x69, 0x9e, 0xc0, 0x29, 0x29, 0x29, 0x29, 0x29, 0x29, 0x29, 0x29, 0x29,
    0x29, 0x29, 0x29, 0x29, 0x29, 0x29, 0x29, 0x29, 0x29, 0x29, 0x29, 0x29, 0x29, 0x29, 0x29, 0x29,
    0x29, 0x29, 0x29, 0x29, 0x29, 0x29, 0x29, 0x29, 0x29, 0x29, 0x29, 0x29, 0x29, 0x29, 0x29, 0x29,
    0x29, 0x29, 0x29, 0x29, 0x29, 0x29, 0x29, 0x29, 0x29, 0x29, 0x29, 0x29, 0x29, 0x29, 0x29, 0x29,
    0x29, 0x29, 0x29, 0x29, 0x29, 0x29, 0x29, 0x29, 0x29, 0x29, 0x69, 0x9e, 0xc0, 0x29, 0x29, 0x29,
    0x29, 0x29, 0x29, 0x29, 0x29, 0x29, 0x29, 0x29, 0x29, 0x29, 0x29, 0x29, 0x29, 0x29, 0x29, 0x29,
    0x29, 0x29, 0x29, 0x29, 0x29, 0x29, 0x29, 0x29, 0x29, 0x29, 0x29, 0x29, 0x29, 0x29, 0x29, 0x29,
    0x29, 0x29, 0x29, 0x29, 0x29, 0x29, 0x29, 0x29, 0x29, 0x29, 0x29, 0x29, 0x29, 0x29, 0x29, 0x29,
    0x29, 0x29, 0x29, 0x29, 0x29, 0x29, 0x29, 0x29, 0x29, 0x29, 0x29, 0x29, 0x29, 0x29, 0x29, 0x29,
    0x69, 0x9e, 0xc0, 0x29, 0x29, 0x29, 0x29, 0x29, 0x29, 0x29, 0x29, 0x29, 0x29, 0x29, 0x29, 0x29,
    0x29, 0x29, 0x29, 0x29, 0x29, 0x29, 0x29, 0x29, 0x29, 0x29, 0x29, 0x29, 0x29, 0x29, 0x29, 0x29,
    0x29, 0x29, 0x29, 0x29, 0x29, 0x29, 0x29, 0x29, 0x29, 0x29, 0x29, 0x29, 0x29, 0x29, 0x29, 0x29,
    0x29, 0x29, 0x29, 0x29, 0x29, 0x29, 0x29, 0x29, 0x29, 0x29, 0x29, 0x29, 0x29, 0x29, 0x29, 0x29,
    0x29, 0x29, 0x29, 0x29, 0x29, 0x29, 0x69, 0x9e, 0xc0, 0x29, 0x29, 0x29, 0x29, 0x29, 0x29, 0x29,
    0x29, 0x29, 0x29, 0x29, 0x29, 0x29, 0x29, 0x29, 0x29, 0x29, 0x29, 0x29, 0x29, 0x29, 0x29, 0x29,
    0x29, 0x29, 0x29, 0x29, 0x29, 0x29, 0x29, 0x29, 0x29, 0x29, 0x29, 0x29, 0x29, 0x29, 0x29, 0x29,
    0x29, 0x29, 0x29, 0x29, 0x29, 0x29, 0x29, 0x29, 0x29, 0x29, 0x29, 0x29, 0x29, 0x29, 0x29, 0x29,
    0x29, 0x29, 0x29, 0x29, 0x29, 0x29, 0x29, 0x29, 0x29, 0x29, 0x29, 0x29, 0x69, 0x9e, 0xc0, 0x29,
    0x29, 0x29, 0x29, 0x29, 0x29, 0x29, 0x29, 0x29, 0x29, 0x29, 0x29, 0x29, 0x29, 0x29, 0x29, 0x29,
    0x29, 0x29, 0x29, 0x29, 0x29, 0x29, 0x29, 0x29, 0x29, 0x29, 0x29, 0x29, 0x29, 0x29, 0x29, 0x29,
    0x29, 0x29, 0x29, 0x29, 0x29, 0x29, 0x29, 0x29, 0x29, 0x29, 0x29, 0x29, 0x29, 0x29, 0x29, 0x29,
    0x29, 0x29, 0x29, 0x29, 0x29, 0x29, 0x29, 0x29, 0x29, 0x29, 0x29, 0x29, 0x29, 0x29, 0x29, 0x29,
    0x29, 0x29, 0x69, 0x9e, 0xc0, 0x29, 0x29, 0x29, 0x29, 0x29, 0x29, 0x29, 0x29, 0x29, 0x29, 0x29,
    0x29, 0x29, 0x29, 0x29, 0x29, 0x29, 0x29, 0x29, 0x29, 0x29, 0x29, 0x29, 0x29, 0x29, 0x29, 0x29,
    0x29, 0x29, 0x29, 0x29, 0x29, 0x29, 0x29, 0x29, 0x29, 0x29, 0x29, 0x29, 0x29, 0x29, 0x29, 0x29,
    0x29, 0x29, 0x29, 0x29, 0x29, 0x29, 0x29, 0x29, 0x29, 0x29, 0x29, 0x29, 0x29, 0x29, 0x29, 0x29,
    0x29, 0x29, 0x29, 0x29, 0x29, 0x29, 0x29, 0x29, 0x69, 0x9e, 0xc0, 0x29, 0x29, 0x29, 0x29, 0x29,
    0x29, 0x29, 0x29, 0x29, 0x29, 0x29, 0x29, 0x29, 0x29, 0x29, 0x29, 0x29, 0x29, 0x29, 0x29, 0x29,
    0x29, 0x29, 0x29, 0x29, 0x29, 0x29, 0x29, 0x29, 0x29, 0x29, 0x29, 0x29, 0x29, 0x29, 0x29, 0x29,
    0x29, 0x29, 0x29, 0x29, 0x29, 0x29, 0x29, 0x29, 0x29, 0x29, 0x29, 0x29, 0x29, 0x29, 0x29, 0x29,
    0x29, 0x29, 0x29, 0x29, 0x29, 0x29, 0x29, 0x29, 0x29, 0x29, 0x29, 0x29, 0x29, 0x29, 0x69, 0x9e,
    0xc0, 0x29, 0x29, 0x29, 0x29, 0x29, 0x29, 0x29, 0x29, 0x29, 0x29, 0x29, 0x29, 0x29, 0x29, 0x29,
    0x29, 0x29, 0x29, 0x29, 0x29, 0x29, 0x29, 0x29, 0x29, 0x29, 0x29, 0x29, 0x29, 0x29, 0x29, 0x29,
    0x29, 0x29, 0x29, 0x29, 0x29, 0x29, 0x29, 0x29, 0x29, 0x29, 0x29, 0x29, 0x29, 0x29, 0x29, 0x29,
    0x29, 0x29, 0x29, 0x29, 0x29, 0x29, 0x29, 0x29, 0x29, 0x29, 0x29, 0x29, 0x29, 0x29, 0x29, 0x29,
    0x29, 0x29, 0x29, 0x29, 0x69, 0x9e, 0xc0, 0x29, 0x29, 0x29, 0x29, 0x29, 0x29, 0x29, 0x29, 0x29,
    0x29, 0x29, 0x29, 0x29, 0x29, 0x29, 0x29, 0x29, 0x29, 0x29, 0x29, 0x29, 0x29, 0x29, 0x29, 0x29,
    0x29, 0x29, 0x29, 0x29, 0x29, 0x29, 0x29, 0x29, 0x29, 0x29, 0x29, 0x29, 0x29, 0x29, 0x29, 0x29,
    0x29, 0x29, 0x29, 0x29, 0x29, 0x29, 0x29, 0x29, 0x29, 0x29, 0x29, 0x29, 0x29, 0x29, 0x29, 0x29,
    0x29, 0x29, 0x29, 0x29, 0x29, 0x29, 0x29, 0x29, 0x29, 0x29, 0x69, 0x9e, 0xc0, 0x29, 0x29, 0x29,
    0x29, 0x29, 0x29, 0x29, 0x29, 0x29, 0x29, 0x29, 0x29, 0x29, 0x29, 0x29, 0x29, 0x29, 0x29, 0x29,
    0x29, 0x29, 0x29, 0x29, 0x29, 0x29, 0x29, 0x29, 0x29, 0x29, 0x29, 0x29, 0x29, 0x29, 0x29, 0x29,
    0x29, 0x29, 0x29, 0x29, 0x29, 0x29, 0x29, 0x29, 0x29, 0x29, 0x29, 0x29, 0x29, 0x29, 0x29, 0x29,
    0x29, 0x29, 0x29, 0x29, 0x29, 0x29, 0x29, 0x29, 0x29, 0x29, 0x29, 0x29, 0x29, 0x29, 0x29, 0x29,
    0x69, 0x9e, 0xc0, 0x29, 0x29, 0x29, 0x29, 0x29, 0x29, 0x29, 0x29, 0x29, 0x29, 0x29, 0x29, 0x29,
    0x29, 0x29, 0x29, 0x29, 0x29, 0x29, 0x29, 0x29, 0x29, 0x29, 0x29, 0x29, 0x29, 0x29, 0x29, 0x29,
    0x29, 0x29, 0x29, 0x29, 0x29, 0x29, 0x29, 0x29, 0x29, 0x29, 0x29, 0x29, 0x29, 0x29, 0x29, 0x29,
    0x29, 0x29, 0x29, 0x29, 0x29, 0x29, 0x29, 0x29, 0x29, 0x29, 0x29, 0x29, 0x29, 0x29, 0x29, 0x29,
    0x29, 0x29, 0x29, 0x29, 0x29, 0x29, 0x69, 0x9e, 0xc0, 0x29, 0x29, 0x29, 0x29, 0x29, 0x29, 0x29,
    0x29, 0x29, 0x29, 0x29, 0x29, 0x29, 0x29, 0x29, 0x29, 0x29, 0x29, 0x29, 0x29, 0x29, 0x29, 0x29,
    0x29, 0x29, 0x29, 0x29, 0x29, 0x29, 0x29, 0x29, 0x29, 0x29, 0x29, 0x29, 0x29, 0x29, 0x29, 0x29,
    0x29, 0x29, 0x29, 0x29, 0x29, 0x29, 0x29, 0x29, 0x29, 0x29, 0x29, 0x29, 0x29, 0x29, 0x29, 0x29,
    0x29, 0x29, 0x29, 0x29, 0x29, 0x29, 0x29, 0x29, 0x29, 0x29, 0x29, 0x29, 0x69, 0x9e, 0xc0, 0x29,
    0x29, 0x29, 0x29, 0x29, 0x29, 0x29, 0x29, 0x29, 0x29, 0x29, 0x29, 0x29, 0x29, 0x29, 0x29, 0x29,
    0x29, 0x29, 0x29, 0x29, 0x29, 0x29, 0x29, 0x29, 0x29, 0x29, 0x29, 0x29, 0x29, 0x29, 0x29, 0x29,
    0x29, 0x29, 0x29, 0x29, 0x29, 0x29, 0x29, 0x29, 0x29, 0x29, 0x29, 0x29, 0x29, 0x29, 0x29, 0x29,
    0x29, 0x29, 0x29, 0x29, 0x29, 0x29, 0x29, 0x29, 0x29, 0x29, 0x29, 0x29, 0x29, 0x29, 0x29, 0x29,
    0x29, 0x29, 0x69, 0x9e, 0xc0, 0x29, 0x29, 0x29, 0x29, 0x29, 0x29, 0x29, 0x29, 0x29, 0x29, 0x29,
    0x29, 0x29, 0x29, 0x29, 0x29, 0x29, 0x29, 0x29, 0x29, 0x29, 0x29, 0x29, 0x29, 0x29, 0x29, 0x29,
    0x29, 0x29, 0x29, 0x29, 0x29, 0x29, 0x29, 0x29, 0x29, 0x29, 0x29, 0x29, 0x29, 0x29, 0x29, 0x29,
    0x29, 0x29, 0x29, 0x29, 0x29, 0x29, 0x29, 0x29, 0x29, 0x29, 0x29, 0x29, 0x29, 0x29, 0x29, 0x29,
    0x29, 0x29, 0x29, 0x29, 0x29, 0x29, 0x29, 0x29, 0x69, 0x9e, 0xc0, 0x29, 0x29, 0x29, 0x29, 0x29,
    0x29, 0x29, 0x29, 0x29, 0x29, 0x29, 0x29, 0x29, 0x29, 0x29, 0x29, 0x29, 0x29, 0x29, 0x29, 0x29,
    0x29, 0x29, 0x29, 0x29, 0x29, 0x29, 0x29, 0x29, 0x29, 0x29, 0x29, 0x29, 0x29, 0x29, 0x29, 0x29,
    0x29, 0x29, 0x29, 0x29, 0x29, 0x29, 0x29, 0x29, 0x29, 0x29, 0x29, 0x29, 0x29, 0x29, 0x29, 0x29,
    0x29, 0x29, 0x29, 0x29, 0x29, 0x29, 0x29, 0x29, 0x29, 0x29, 0x29, 0x29, 0x29, 0x29, 0x69, 0x9e,
    0xc0, 0x29, 0x29, 0x29, 0x29, 0x29, 0x29, 0x29, 0x29, 0x29, 0x29, 0x29, 0x29, 0x29, 0x29, 0x29,
    0x29, 0x29, 0x29, 0x29, 0x29, 0x29, 0x29, 0x29, 0x29, 0x29, 0x29, 0x29, 0x29, 0x29, 0x29, 0x29,
    0x29, 0x29, 0x29, 0x29, 0x29, 0x29, 0x29, 0x29, 0x29, 0x29, 0x29, 0x29, 0x29, 0x29, 0x29, 0x29,
    0x29, 0x29, 0x29, 0x29, 0x29, 0x29, 0x29, 0x29, 0x29, 0x29, 0x29, 0x29, 0x29, 0x29, 0x29, 0x29,
    0x29, 0x29, 0x29, 0x29, 0x69, 0x9e, 0xc0, 0x29, 0x29, 0x29, 0x29, 0x29, 0x29, 0x29, 0x29, 0x29,
    0x29, 0x29, 0x29, 0x29, 0x29, 0x29, 0x29, 0x29, 0x29, 0x29, 0x29, 0x29, 0x29, 0x29, 0x29, 0x29,
    0x29, 0x29, 0x29, 0x29, 0x29, 0x29, 0x29, 0x29, 0x29, 0x29, 0x29, 0x29, 0x29, 0x29, 0x29, 0x29,
    0x29, 0x29, 0x29, 0x29, 0x29, 0x29, 0x29, 0x29, 0x29, 0x29, 0x29, 0x29, 0x29, 0x29, 0x29, 0x29,
    0x29, 0x29, 0x29, 0x29, 0x29, 0x29, 0x29, 0x29, 0x29, 0x29, 0x69, 0x9e, 0xc0, 0x29, 0x29, 0x29,
    0x29, 0x29, 0x29, 0x29, 0x29, 0x29, 0x29, 0x29, 0x29, 0x29, 0x29, 0x29, 0x29, 0x29, 0x29, 0x29,
    0x29, 0x29, 0x29, 0x29, 0x29, 0x29, 0x29, 0x29, 0x29, 0x29, 0x29, 0x29, 0x29, 0x29, 0x29, 0x29,
    0x29, 0x29, 0x29, 0x29, 0x29, 0x29, 0x29, 0x29, 0x29, 0x29, 0x29, 0x29, 0x29, 0x29, 0x29, 0x29,
    0x29, 0x29, 0x29, 0x29, 0x29, 0x29, 0x29, 0x29, 0x29, 0x29, 0x29, 0x29, 0x29, 0x29, 0x29, 0x29,
    0x69, 0x9e, 0xc0, 0x29, 0x29, 0x29, 0x29, 0x29, 0x29, 0x29, 0x29, 0x29, 0x29, 0x29, 0x29, 0x29,
    0x29, 0x29, 0x29, 0x29, 0x29, 0x29, 0x29, 0x29, 0x29, 0x29, 0x29, 0x29, 0x29, 0x29, 0x29, 0x29,
    0x29, 0x29, 0x29, 0x29, 0x29, 0x29, 0x29, 0x29, 0x29, 0x29, 0x29, 0x29, 0x29, 0x29, 0x29, 0x29,
    0x29, 0x29, 0x29, 0x29, 0x29, 0x29, 0x29, 0x29, 0x29, 0x29, 0x29, 0x29, 0x29, 0x29, 0x29, 0x29,
    0x29, 0x29, 0x29, 0x29, 0x29, 0x29, 0x69, 0x9e, 0xc0, 0x29, 0x29, 0x29, 0x29, 0x29, 0x29, 0x29,
    0x29, 0x29, 0x29, 0x29, 0x29, 0x29, 0x29, 0x29, 0x29, 0x29, 0x29, 0x29, 0x29, 0x29, 0x29, 0x29,
    0x29, 0x29, 0x29, 0x29, 0x29, 0x29, 0x29, 0x29, 0x29, 0x29, 0x29, 0x29, 0x29, 0x29, 0x29, 0x29,
    0x29, 0x29, 0x29, 0x29, 0x29, 0x29, 0x29, 0x29, 0x29, 0x29, 0x29, 0x29, 0x29, 0x29, 0x29, 0x29,
    0x29, 0x29, 0x29, 0x29, 0x29, 0x29, 0x29, 0x29, 0x29, 0x29, 0x29, 0x29, 0x69, 0x9e, 0xc0, 0x29,
    0x29, 0x29, 0x29, 0x29, 0x29, 0x29, 0x29, 0x29, 0x29, 0x29, 0x29, 0x29, 0x29, 0x29, 0x29, 0x29,
    0x29, 0x29, 0x29, 0x29, 0x29, 0x29, 0x29, 0x29, 0x29, 0x29, 0x29, 0x29, 0x29, 0x29, 0x29, 0x29,
    0x29, 0x29, 0x29, 0x29, 0x29, 0x29, 0x29, 0x29, 0x29, 0x29, 0x29, 0x29, 0x29, 0x29, 0x29, 0x29,
    0x29, 0x29, 0x29, 0x29, 0x29, 0x29, 0x29, 0x29, 0x29, 0x29, 0x29, 0x29, 0x29, 0x29, 0x29, 0x29,
    0x29, 0x29, 0x69, 0x9e, 0xc0, 0x29, 0x29, 0x29, 0x29, 0x29, 0x29, 0x29, 0x29, 0x29, 0x29, 0x29,
    0x29, 0x29, 0x29, 0x29, 0x29, 0x29, 0x29, 0x29, 0x29, 0x29, 0x29, 0x29, 0x29, 0x29, 0x29, 0x29,
    0x29, 0x29, 0x29, 0x29, 0x29, 0x29, 0x29, 0x29, 0x29, 0x29, 0x29, 0x29, 0x29, 0x29, 0x29, 0x29,
    0x29, 0x29, 0x29, 0x29, 0x29, 0x29, 0x29, 0x29, 0x29, 0x29, 0x29, 0x29, 0x29, 0x29, 0x29, 0x29,
    0x29, 0x29, 0x29, 0x29, 0x29, 0x29, 0x29, 0x29, 0x69, 0x9e, 0xc0, 0x29, 0x29, 0x29, 0x29, 0x29,
    0x29, 0x29, 0x29, 0x29, 0x29, 0x29, 0x29, 0x29, 0x29, 0x29, 0x29, 0x29, 0x29, 0x29, 0x29, 0x29,
    0x29, 0x29, 0x29, 0x29, 0x29, 0x29, 0x29, 0x29, 0x29, 0x29, 0x29, 0x29, 0x29, 0x29, 0x29, 0x29,
    0x29, 0x29, 0x29, 0x29, 0x29, 0x29, 0x29, 0x29, 0x29, 0x29, 0x29, 0x29, 0x29, 0x29, 0x29, 0x29,
    0x29, 0x29, 0x29, 0x29, 0x29, 0x29, 0x29, 0x29, 0x29, 0x29, 0x29, 0x29, 0x29, 0x29, 0x69, 0x9e,
    0xc0, 0x29, 0x29, 0x29, 0x29, 0x29, 0x29, 0x29, 0x29, 0x29, 0x29, 0x29, 0x29, 0x29, 0x29, 0x29,
    0x29, 0x29, 0x29, 0x29, 0x29, 0x29, 0x29, 0x29, 0x29, 0x29, 0x29, 0x29, 0x29, 0x29, 0x29, 0x29,
    0x29, 0x29, 0x29, 0x29, 0x29, 0x29, 0x29, 0x29, 0x29, 0x29, 0x29, 0x29, 0x29, 0x29, 0x29, 0x29,
    0x29, 0x29, 0x29, 0x29, 0x29, 0x29, 0x29, 0x29, 0x29, 0x29, 0x29, 0x29, 0x29, 0x29, 0x29, 0x29,
    0x29, 0x29, 0x29, 0x29, 0x69, 0x9e, 0xc0, 0x29, 0x29, 0x29, 0x29, 0x29, 0x29, 0x29, 0x29, 0x29,
    0x29, 0x29, 0x29, 0x29, 0x29, 0x29, 0x29, 0x29, 0x29, 0x29, 0x29, 0x29, 0x29, 0x29, 0x29, 0x29,
    0x29, 0x29, 0x29, 0x29, 0x29, 0x29, 0x29, 0x29, 0x29, 0x29, 0x29, 0x29, 0x29, 0x29, 0x29, 0x29,
    0x29, 0x29, 0x29, 0x29, 0x29, 0x29, 0x29, 0x29, 0x29, 0x29, 0x29, 0x29, 0x29, 0x29, 0x29, 0x29,
    0x29, 0x29, 0x29, 0x29, 0x29, 0x29, 0x29, 0x29, 0x29, 0x29, 0x69, 0x9e, 0xc0, 0x29, 0x29, 0x29,
    0x29, 0x29, 0x29, 0x29, 0x29, 0x29, 0x29, 0x29, 0x29, 0x29, 0x29, 0x29, 0x29, 0x29, 0x29, 0x29,
    0x29, 0x29, 0x29, 0x29, 0x29, 0x29, 0x29, 0x29, 0x29, 0x29, 0x29, 0x29, 0x29, 0x29, 0x29, 0x29,
    0x29, 0x29, 0x29, 0x29, 0x29, 0x29, 0x29, 0x29, 0x29, 0x29, 0x29, 0x29, 0x29, 0x29, 0x29, 0x29,
    0x29, 0x29, 0x29, 0x29, 0x29, 0x29, 0x29, 0x29, 0x29, 0x29, 0x29, 0x29, 0x29, 0x29, 0x29, 0x29,
    0x69, 0x9e, 0xc0, 0x29, 0x29, 0x29, 0x29, 0x29, 0x29, 0x29, 0x29, 0x29, 0x29, 0x29, 0x29, 0x29,
    0x29, 0x29, 0x29, 0x29, 0x29, 0x29, 0x29, 0x29, 0x29, 0x29, 0x29, 0x29, 0x29, 0x29, 0x29, 0x29,
    0x29, 0x29, 0x29, 0x29, 0x29, 0x29, 0x29, 0x29, 0x29, 0x29, 0x29, 0x29, 0x29, 0x29, 0x29, 0x29,
    0x29, 0x29, 0x29, 0x29, 0x29, 0x29, 0x29, 0x29, 0x29, 0x29, 0x29, 0x29, 0x29, 0x29, 0x29, 0x29,
    0x29, 0x29, 0x29, 0x29, 0x29, 0x29, 0x69, 0x9e, 0xc0, 0x29, 0x29, 0x29, 0x29, 0x29, 0x29, 0x29,
    0x29, 0x29, 0x29, 0x29, 0x29, 0x29, 0x29, 0x29, 0x29, 0x29, 0x29, 0x29, 0x29, 0x29, 0x29, 0x29,
    0x29, 0x29, 0x29, 0x29, 0x29, 0x29, 0x29, 0x29, 0x29, 0x29, 0x29, 0x29, 0x29, 0x29, 0x29, 0x29,
    0x29, 0x29, 0x29, 0x29, 0x29, 0x29, 0x29, 0x29, 0x29, 0x29, 0x29, 0x29, 0x29, 0x29, 0x29, 0x29,
    0x29, 0x29, 0x29, 0x29, 0x29, 0x29, 0x29, 0x29, 0x29, 0x29, 0x29, 0x29, 0x69, 0x9e, 0xc0, 0x29,
    0x29, 0x29, 0x29, 0x29, 0x29, 0x29, 0x29, 0x29, 0x29, 0x29, 0x29, 0x29, 0x29, 0x29, 0x29, 0x29,
    0x29, 0x29, 0x29, 0x29, 0x29, 0x29, 0x29, 0x29, 0x29, 0x29, 0x29, 0x29, 0x29, 0x29, 0x29, 0x29,
    0x29, 0x29, 0x29, 0x29, 0x29, 0x29, 0x29, 0x29, 0x29, 0x29, 0x29, 0x29, 0x29, 0x29, 0x29, 0x29,
    0x29, 0x29, 0x29, 0x29, 0x29, 0x29, 0x29, 0x29, 0x29, 0x29, 0x29, 0x29, 0x29, 0x29, 0x29, 0x29,
    0x29, 0x29, 0x69, 0x9e, 0xc0, 0x29, 0x29, 0x29, 0x29, 0x29, 0x29, 0x29, 0x29, 0x29, 0x29, 0x29,
    0x29, 0x29, 0x29, 0x29, 0x29, 0x29, 0x29, 0x29, 0x29, 0x29, 0x29, 0x29, 0x29, 0x29, 0x29, 0x29,
    0x29, 0x29, 0x29, 0x29, 0x29, 0x29, 0x29, 0x29, 0x29, 0x29, 0x29, 0x29, 0x29, 0x29, 0x29, 0x29,
    0x29, 0x29, 0x29, 0x29, 0x29, 0x29, 0x29, 0x29, 0x29, 0x29, 0x29, 0x29, 0x29, 0x29, 0x29, 0x29,
    0x29, 0x29, 0x29, 0x29, 0x29, 0x29, 0x29, 0x29, 0x69, 0x9e, 0xc0, 0x29, 0x29, 0x29, 0x29, 0x29,
    0x29, 0x29, 0x29, 0x29, 0x29, 0x29, 0x29, 0x29, 0x29, 0x29, 0x29, 0x29, 0x29, 0x29, 0x29, 0x29,
    0x29, 0x29, 0x29, 0x29, 0x29, 0x29, 0x29, 0x29, 0x29, 0x29, 0x29, 0x29, 0x29, 0x29, 0x29, 0x29,
    0x29, 0x29, 0x29, 0x29, 0x29, 0x29, 0x29, 0x29, 0x29, 0x29, 0x29, 0x29, 0x29, 0x29, 0x29, 0x29,
    0x29, 0x29, 0x29, 0x29, 0x29, 0x29, 0x29, 0x29, 0x29, 0x29, 0x29, 0x29, 0x29, 0x29, 0x69, 0x9e,
    0xc0, 0x29, 0x29, 0x29, 0x29, 0x29, 0x29, 0x29, 0x29, 0x29, 0x29, 0x29, 0x29, 0x29, 0x29, 0x29,
    0x29, 0x29, 0x29, 0x29, 0x29, 0x29, 0x29, 0x29, 0x29, 0x29, 0x29, 0x29, 0x29, 0x29, 0x29, 0x29,
    0x29, 0x29, 0x29, 0x29, 0x29, 0x29, 0x29, 0x29, 0x29, 0x29, 0x29, 0x29, 0x29, 0x29, 0x29, 0x29,
    0x29, 0x29, 0x29, 0x29, 0x29, 0x29, 0x29, 0x29, 0x29, 0x29, 0x29, 0x29, 0x29, 0x29, 0x29, 0x29,
    0x29, 0x29, 0x29, 0x29, 0x69, 0x9e, 0xc0, 0x29, 0x29, 0x29, 0x29, 0x29, 0x29, 0x29, 0x29, 0x29,
    0x29, 0x29, 0x29, 0x29, 0x29, 0x29, 0x29, 0x29, 0x29, 0x29, 0x29, 0x29, 0x29, 0x29, 0x29, 0x29,
    0x29, 0x29, 0x29, 0x29, 0x29, 0x29, 0x29, 0x29, 0x29, 0x29, 0x29, 0x29, 0x29, 0x29, 0x29, 0x29,
    0x29, 0x29, 0x29, 0x29, 0x29, 0x29, 0x29, 0x29, 0x29, 0x29, 0x29, 0x29, 0x29, 0x29, 0x29, 0x29,
    0x29, 0x29, 0x29, 0x29, 0x29, 0x29, 0x29, 0x29, 0x29, 0x29, 0x69, 0x9e, 0xc0, 0x29, 0x29, 0x29,
    0x29, 0x29, 0x29, 0x29, 0x29, 0x29, 0x29, 0x29, 0x29, 0x29, 0x29, 0x29, 0x29, 0x29, 0x29, 0x29,
    0x29, 0x29, 0x29, 0x29, 0x29, 0x29, 0x29, 0x29, 0x29, 0x29, 0x29, 0x29, 0x29, 0x29, 0x29, 0x29,
    0x29, 0x29, 0x29, 0x29, 0x29, 0x29, 0x29, 0x29, 0x29, 0x29, 0x29, 0x29, 0x29, 0x29, 0x29, 0x29,
    0x29, 0x29, 0x29, 0x29, 0x29, 0x29, 0x29, 0x29, 0x29, 0x29, 0x29, 0x29, 0x29, 0x29, 0x29, 0x29,
    0x69, 0x9e, 0xc0, 0x29, 0x29, 0x29, 0x29, 0x29, 0x29, 0x29, 0x29, 0x29, 0x29, 0x29, 0x29, 0x29,
    0x29, 0x29, 0x29, 0x29, 0x29, 0x29, 0x29, 0x29, 0x29, 0x29, 0x29, 0x29, 0x29, 0x29, 0x29, 0x29,
    0x29, 0x29, 0x29, 0x29, 0x29, 0x29, 0x29, 0x29, 0x29, 0x29, 0x29, 0x29, 0x29, 0x29, 0x29, 0x29,
    0x29, 0x29, 0x29, 0x29, 0x29, 0x29, 0x29, 0x29, 0x29, 0x29, 0x29, 0x29, 0x29, 0x29, 0x29, 0x29,
    0x29, 0x29, 0x29, 0x29, 0x29, 0x29, 0x69, 0x9e, 0xc0, 0x29, 0x29, 0x29, 0x29, 0x29, 0x29, 0x29,
    0x29, 0x29, 0x29, 0x29, 0x29, 0x29, 0x29, 0x29, 0x29, 0x29, 0x29, 0x29, 0x29, 0x29, 0x29, 0x29,
    0x29, 0x29, 0x29, 0x29, 0x29, 0x29, 0x29, 0x29, 0x29, 0x29, 0x29, 0x29, 0x29, 0x29, 0x29, 0x29,
    0x29, 0x29, 0x29, 0x29, 0x29, 0x29, 0x29, 0x29, 0x29, 0x29, 0x29, 0x29, 0x29, 0x29, 0x29, 0x29,
    0x29, 0x29, 0x29, 0x29, 0x29, 0x29, 0x29, 0x29, 0x29, 0x29, 0x29, 0x29, 0x69, 0x9e, 0xc0, 0x29,
    0x29, 0x29, 0x29, 0x29, 0x29, 0x29, 0x29, 0x29, 0x29, 0x29, 0x29, 0x29, 0x29, 0x29, 0x29, 0x29,
    0x29, 0x29, 0x29, 0x29, 0x29, 0x29, 0x29, 0x29, 0x29, 0x29, 0x29, 0x29, 0x29, 0x29, 0x29, 0x29,
    0x29, 0x29, 0x29, 0x29, 0x29, 0x29, 0x29, 0x29, 0x29, 0x29, 0x29, 0x29, 0x29, 0x29, 0x29, 0x29,
    0x29, 0x29, 0x29, 0x29, 0x29, 0x29, 0x29, 0x29, 0x29, 0x29, 0x29, 0x29, 0x29, 0x29, 0x29, 0x29,
    0x29, 0x29, 0x69, 0x9e, 0xc0, 0x29, 0x29, 0x29, 0x29, 0x29, 0x29, 0x29, 0x29, 0x29, 0x29, 0x29,
    0x29, 0x29, 0x29, 0x29, 0x29, 0x29, 0x29, 0x29, 0x29, 0x29, 0x29, 0x29, 0x29, 0x29, 0x29, 0x29,
    0x29, 0x29, 0x29, 0x29, 0x29, 0x29, 0x29, 0x29, 0x29, 0x29, 0x29, 0x29, 0x29, 0x29, 0x29, 0x29,
    0x29, 0x29, 0x29, 0x29, 0x29, 0x29, 0x29, 0x29, 0x29, 0x29, 0x29, 0x29, 0x29, 0x29, 0x29, 0x29,
    0x29, 0x29, 0x29, 0x29, 0x29, 0x29, 0x29, 0x29, 0x69, 0x9e, 0xc0, 0x29, 0x29, 0x29, 0x29, 0x29,
    0x29, 0x29, 0x29, 0x29, 0x29, 0x29, 0x29, 0x29, 0x29, 0x29, 0x29, 0x29, 0x29, 0x29, 0x29, 0x29,
    0x29, 0x29, 0x29, 0x29, 0x29, 0x29, 0x29, 0x29, 0x29, 0x29, 0x29, 0x29, 0x29, 0x29, 0x29, 0x29,
    0x29, 0x29, 0x29, 0x29, 0x29, 0x29, 0x29, 0x29, 0x29, 0x29, 0x29, 0x29, 0x29, 0x29, 0x29, 0x29,
    0x29, 0x29, 0x29, 0x29, 0x29, 0x29, 0x29, 0x29, 0x29, 0x29, 0x29, 0x29, 0x29, 0x29, 0x69, 0x9e,
    0xc0, 0x29, 0x29, 0x29, 0x29, 0x29, 0x29, 0x29, 0x29, 0x29, 0x29, 0x29, 0x29, 0x29, 0x29, 0x29,
    0x29, 0x29, 0x29, 0x29, 0x29, 0x29, 0x29, 0x29, 0x29, 0x29, 0x29, 0x29, 0x29, 0x29, 0x29, 0x29,
    0x29, 0x29, 0x29, 0x29, 0x29, 0x29, 0x29, 0x29, 0x29, 0x29, 0x29, 0x29, 0x29, 0x29, 0x29, 0x29,
    0x29, 0x29, 0x29, 0x29, 0x29, 0x29, 0x29, 0x29, 0x29, 0x29, 0x29, 0x29, 0x29, 0x29, 0x29, 0x29,
    0x29, 0x29, 0x29, 0x29, 0x69, 0x9e, 0xc0, 0x29, 0x29, 0x29, 0x29, 0x29, 0x29, 0x29, 0x29, 0x29,
    0x29, 0x29, 0x29, 0x29, 0x29, 0x29, 0x29, 0x29, 0x29, 0x29, 0x29, 0x29, 0x29, 0x29, 0x29, 0x29,
    0x29, 0x29, 0x29, 0x29, 0x29, 0x29, 0x29, 0x29, 0x29, 0x29, 0x29, 0x29, 0x29, 0x29, 0x29, 0x29,
    0x29, 0x29, 0x29, 0x29, 0x29, 0x29, 0x29, 0x29, 0x29, 0x29, 0x29, 0x29, 0x29, 0x29, 0x29, 0x29,
    0x29, 0x29, 0x29, 0x29, 0x29, 0x29, 0x29, 0x29, 0x29, 0x29, 0x69, 0x9e, 0xc0, 0x29, 0x29, 0x29,
    0x29, 0x29, 0x29, 0x29, 0x29, 0x29, 0x29, 0x29, 0x29, 0x29, 0x29, 0x29, 0x29, 0x29, 0x29, 0x29,
    0x29, 0x29, 0x29, 0x29, 0x29, 0x29, 0x29, 0x29, 0x29, 0x29, 0x29, 0x29, 0x29, 0x29, 0x29, 0x29,
    0x29, 0x29, 0x29, 0x29, 0x29, 0x29, 0x29, 0x29, 0x29, 0x29, 0x29, 0x29, 0x29, 0x29, 0x29, 0x29,
    0x29, 0x29, 0x29, 0x29, 0x29, 0x29, 0x29, 0x29, 0x29, 0x29, 0x29, 0x29, 0x29, 0x29, 0x29, 0x29,
    0x69, 0x9e, 0xc0, 0x29, 0x29, 0x29, 0x29, 0x29, 0x29, 0x29, 0x29, 0x29, 0x29, 0x29, 0x29, 0x29,
    0x29, 0x29, 0x29, 0x29, 0x29, 0x29, 0x29, 0x29, 0x29, 0x29, 0x29, 0x29, 0x29, 0x29, 0x29, 0x29,
    0x29, 0x29, 0x29, 0x29, 0x29, 0x29, 0x29, 0x29, 0x29, 0x29, 0x29, 0x29, 0x29, 0x29, 0x29, 0x29,
    0x29, 0x29, 0x29, 0x29, 0x29, 0x29, 0x29, 0x29, 0x29, 0x29, 0x29, 0x29, 0x29, 0x29, 0x29, 0x29,
    0x29, 0x29, 0x29, 0x29, 0x29, 0x29, 0x69, 0x9e, 0xc0, 0x29, 0x29, 0x29, 0x29, 0x29, 0x29, 0x29,
    0x29, 0x29, 0x29, 0x29, 0x29, 0x29, 0x29, 0x29, 0x29, 0x29, 0x29, 0x29, 0x29, 0x29, 0x29, 0x29,
    0x29, 0x29, 0x29, 0x29, 0x29, 0x29, 0x29, 0x29, 0x29, 0x29, 0x29, 0x29, 0x29, 0x29, 0x29, 0x29,
    0x29, 0x29, 0x29, 0x29, 0x29, 0x29, 0x29, 0x29, 0x29, 0x29, 0x29, 0x29, 0x29, 0x29, 0x29, 0x29,
    0x29, 0x29, 0x29, 0x29, 0x29, 0x29, 0x29, 0x29, 0x29, 0x29, 0x29, 0x29, 0x69, 0x9e, 0xc0, 0x29,
    0x29, 0x29, 0x29, 0x29, 0x29, 0x29, 0x29, 0x29, 0x29, 0x29, 0x29, 0x29, 0x29, 0x29, 0x29, 0x29,
    0x29, 0x29, 0x29, 0x29, 0x29, 0x29, 0x29, 0x29, 0x29, 0x29, 0x29, 0x29, 0x29, 0x29, 0x29, 0x29,
    0x29, 0x29, 0x29, 0x29, 0x29, 0x29, 0x29, 0x29, 0x29, 0x29, 0x29, 0x29, 0x29, 0x29, 0x29, 0x29,
    0x29, 0x29, 0x29, 0x29, 0x29, 0x29, 0x29, 0x29, 0x29, 0x29, 0x29, 0x29, 0x29, 0x29, 0x29, 0x29,
    0x29, 0x29, 0x69, 0x9e, 0xc0, 0x29, 0x29, 0x29, 0x29, 0x29, 0x29, 0x29, 0x29, 0x29, 0x29, 0x29,
    0x29, 0x29, 0x29, 0x29, 0x29, 0x29, 0x29, 0x29, 0x29, 0x29, 0x29, 0x29, 0x29, 0x29, 0x29, 0x29,
    0x29, 0x29, 0x29, 0x29, 0x29, 0x29, 0x29, 0x29, 0x29, 0x29, 0x29, 0x29, 0x29, 0x29, 0x29, 0x29,
    0x29, 0x29, 0x29, 0x29, 0x29, 0x29, 0x29, 0x29, 0x29, 0x29, 0x29, 0x29, 0x29, 0x29, 0x29, 0x29,
    0x29, 0x29, 0x29, 0x29, 0x29, 0x29, 0x29, 0x29, 0x69, 0x9e, 0xc0, 0x29, 0x29, 0x29, 0x29, 0x29,
    0x29, 0x29, 0x29, 0x29, 0x29, 0x29, 0x29, 0x29, 0x29, 0x29, 0x29, 0x29, 0x29, 0x29, 0x29, 0x29,
    0x29, 0x29, 0x29, 0x29, 0x29, 0x29, 0x29, 0x29, 0x29, 0x29, 0x29, 0x29, 0x29, 0x29, 0x29, 0x29,
    0x29, 0x29, 0x29, 0x29, 0x29, 0x29, 0x29, 0x29, 0x29, 0x29, 0x29, 0x29, 0x29, 0x29, 0x29, 0x29,
    0x29, 0x29, 0x29, 0x29, 0x29, 0x29, 0x29, 0x29, 0x29, 0x29, 0x29, 0x29, 0x29, 0x29, 0x69, 0x9e,
    0xc0, 0x29, 0x29, 0x29, 0x29, 0x29, 0x29, 0x29, 0x29, 0x29, 0x29, 0x29, 0x29, 0x29, 0x29, 0x29,
    0x29, 0x29, 0x29, 0x29, 0x29, 0x29, 0x29, 0x29, 0x29, 0x29, 0x29, 0x29, 0x29, 0x29, 0x29, 0x29,
    0x29, 0x29, 0x29, 0x29, 0x29, 0x29, 0x29, 0x29, 0x29, 0x29, 0x29, 0x29, 0x29, 0x29, 0x29, 0x29,
    0x29, 0x29, 0x29, 0x29, 0x29, 0x29, 0x29, 0x29, 0x29, 0x29, 0x29, 0x29, 0x29, 0x29, 0x29, 0x29,
    0x29, 0x29, 0x29, 0x29, 0x69, 0x9e, 0xc0, 0x29, 0x29, 0x29, 0x29, 0x29, 0x29, 0x29, 0x29, 0x29,
    0x29, 0x29, 0x29, 0x29, 0x29, 0x29, 0x29, 0x29, 0x29, 0x29, 0x29, 0x29, 0x29, 0x29, 0x29, 0x29,
    0x29, 0x29, 0x29, 0x29, 0x29, 0x29, 0x29, 0x29, 0x29, 0x29, 0x29, 0x29, 0x29, 0x29, 0x29, 0x29,
    0x29, 0x29, 0x29, 0x29, 0x29, 0x29, 0x29, 0x29, 0x29, 0x29, 0x29, 0x29, 0x29, 0x29, 0x29, 0x29,
    0x29, 0x29, 0x29, 0x29, 0x29, 0x29, 0x29, 0x29, 0x29, 0x29, 0x69, 0x9e, 0xc0, 0x29, 0x29, 0x29,
    0x29, 0x29, 0x29, 0x29, 0x29, 0x29, 0x29, 0x29, 0x29, 0x29, 0x29, 0x29, 0x29, 0x29, 0x29, 0x29,
    0x29, 0x29, 0x29, 0x29, 0x29, 0x29, 0x29, 0x29, 0x29, 0x29, 0x29, 0x29, 0x29, 0x29, 0x29, 0x29,
    0x29, 0x29, 0x29, 0x29, 0x29, 0x29, 0x29, 0x29, 0x29, 0x29, 0x29, 0x29, 0x29, 0x29, 0x29, 0x29,
    0x29, 0x29, 0x29, 0x29, 0x29, 0x29, 0x29, 0x29, 0x29, 0x29, 0x29, 0x29, 0x29, 0x29, 0x29, 0x29,
    0x69, 0x9e, 0xc0, 0x29, 0x29, 0x29, 0x29, 0x29, 0x29, 0x29, 0x29, 0x29, 0x29, 0x29, 0x29, 0x29,
    0x29, 0x29, 0x29, 0x29, 0x29, 0x29, 0x29, 0x29, 0x29, 0x29, 0x29, 0x29, 0x29, 0x29, 0x29, 0x29,
    0x29, 0x29, 0x29, 0x29, 0x29, 0x29, 0x29, 0x29, 0x29, 0x29, 0x29, 0x29, 0x29, 0x29, 0x29, 0x29,
    0x29, 0x29, 0x29, 0x29, 0x29, 0x29, 0x29, 0x29, 0x29, 0x29, 0x29, 0x29, 0x29, 0x29, 0x29, 0x29,
    0x29, 0x29, 0x29, 0x29, 0x29, 0x29, 0x69, 0x9e, 0xc0, 0x29, 0x29, 0x29, 0x29, 0x29, 0x29, 0x29,
    0x29, 0x29, 0x29, 0x29, 0x29, 0x29, 0x29, 0x29, 0x29, 0x29, 0x29, 0x29, 0x29, 0x29, 0x29, 0x29,
    0x29, 0x29, 0x29, 0x29, 0x29, 0x29, 0x29, 0x29, 0x29, 0x29, 0x29, 0x29, 0x29, 0x29, 0x29, 0x29,
    0x29, 0x29, 0x29, 0x29, 0x29, 0x29, 0x29, 0x29, 0x29, 0x29, 0x29, 0x29, 0x29, 0x29, 0x29, 0x29,
    0x29, 0x29, 0x29, 0x29, 0x29, 0x29, 0x29, 0x29, 0x29, 0x29, 0x29, 0x29, 0x69, 0x9e, 0xc0, 0x29,
    0x29, 0x29, 0x29, 0x29, 0x29, 0x29, 0x29, 0x29, 0x29, 0x29, 0x29, 0x29, 0x29, 0x29, 0x29, 0x29,
    0x29, 0x29, 0x29, 0x29, 0x29, 0x29, 0x29, 0x29, 0x29, 0x29, 0x29, 0x29, 0x29, 0x29, 0x29, 0x29,
    0x29, 0x29, 0x29, 0x29, 0x29, 0x29, 0x29, 0x29, 0x29, 0x29, 0x29, 0x29, 0x29, 0x29, 0x29, 0x29,
    0x29, 0x29, 0x29, 0x29, 0x29, 0x29, 0x29, 0x29, 0x29, 0x29, 0x29, 0x29, 0x29, 0x29, 0x29, 0x29,
    0x29, 0x29, 0x69, 0x9e, 0xc0, 0x29, 0x29, 0x29, 0x29, 0x29, 0x29, 0x29, 0x29, 0x29, 0x29, 0x29,
    0x29, 0x29, 0x29, 0x29, 0x29, 0x29, 0x29, 0x29, 0x29, 0x29, 0x29, 0x29, 0x29, 0x29, 0x29, 0x29,
    0x29, 0x29, 0x29, 0x29, 0x29, 0x29, 0x29, 0x29, 0x29, 0x29, 0x29, 0x29, 0x29, 0x29, 0x29, 0x29,
    0x29, 0x29, 0x29, 0x29, 0x29, 0x29, 0x29, 0x29, 0x29, 0x29, 0x29, 0x29, 0x29, 0x29, 0x29, 0x29,
    0x29, 0x29, 0x29, 0x29, 0x29, 0x29, 0x29, 0x29, 0x69, 0x9e, 0xc0, 0x29, 0x29, 0x29, 0x29, 0x29,
    0x29, 0x29, 0x29, 0x29, 0x29, 0x29, 0x29, 0x29, 0x29, 0x29, 0x29, 0x29, 0x29, 0x29, 0x29, 0x29,
    0x29, 0x29, 0x29, 0x29, 0x29, 0x29, 0x29, 0x29, 0x29, 0x29, 0x29, 0x29, 0x29, 0x29, 0x29, 0x29,
    0x29, 0x29, 0x29, 0x29, 0x29, 0x29, 0x29, 0x29, 0x29, 0x29, 0x29, 0x29, 0x29, 0x29, 0x29, 0x29,
    0x29, 0x29, 0x29, 0x29, 0x29, 0x29, 0x29, 0x29, 0x29, 0x29, 0x29, 0x29, 0x29, 0x29, 0x69, 0x9e,
    0xc0, 0x29, 0x29, 0x29, 0x29, 0x29, 0x29, 0x29, 0x29, 0x29, 0x29, 0x29, 0x29, 0x29, 0x29, 0x29,
    0x29, 0x29, 0x29, 0x29, 0x29, 0x29, 0x29, 0x29, 0x29, 0x29, 0x29, 0x29, 0x29, 0x29, 0x29, 0x29,
    0x29, 0x29, 0x29, 0x29, 0x29, 0x29, 0x29, 0x29, 0x29, 0x29, 0x29, 0x29, 0x29, 0x29, 0x29, 0x29,
    0x29, 0x29, 0x29, 0x29, 0x29, 0x29, 0x29, 0x29, 0x29, 0x29, 0x29, 0x29, 0x29, 0x29, 0x29, 0x29,
    0x29, 0x29, 0x29, 0x29, 0x69, 0x9e, 0xc0, 0x29, 0x29, 0x29, 0x29, 0x29, 0x29, 0x29, 0x29, 0x29,
    0x29, 0x29, 0x29, 0x29, 0x29, 0x29, 0x29, 0x29, 0x29, 0x29, 0x29, 0x29, 0x29, 0x29, 0x29, 0x29,
    0x29, 0x29, 0x29, 0x29, 0x29, 0x29, 0x29, 0x29, 0x29, 0x29, 0x29, 0x29, 0x29, 0x29, 0x29, 0x29,
    0x29, 0x29, 0x29, 0x29, 0x29, 0x29, 0x29, 0x29, 0x29, 0x29, 0x29, 0x29, 0x29, 0x29, 0x29, 0x29,
    0x29, 0x29, 0x29, 0x29, 0x29, 0x29, 0x29, 0x29, 0x29, 0x29, 0x69, 0x9e, 0xc0, 0x29, 0x29, 0x29,
    0x29, 0x29, 0x29, 0x29, 0x29, 0x29, 0x29, 0x29, 0x29, 0x29, 0x29, 0x29, 0x29, 0x29, 0x29, 0x29,
    0x29, 0x29, 0x29, 0x29, 0x29, 0x29, 0x29, 0x29, 0x29, 0x29, 0x29, 0x29, 0x29, 0x29, 0x29, 0x29,
    0x29, 0x29, 0x29, 0x29, 0x29, 0x29, 0x29, 0x29, 0x29, 0x29, 0x29, 0x29, 0x29, 0x29, 0x29, 0x29,
    0x29, 0x29, 0x29, 0x29, 0x29, 0x29, 0x29, 0x29, 0x29, 0x29, 0x29, 0x29, 0x29, 0x29, 0x29, 0x29,
    0x69, 0x9e, 0xc0, 0x29, 0x29, 0x29, 0x29, 0x29, 0x29, 0x29, 0x29, 0x29, 0x29, 0x29, 0x29, 0x29,
    0x29, 0x29, 0x29, 0x29, 0x29, 0x29, 0x29, 0x29, 0x29, 0x29, 0x29, 0x29, 0x29, 0x29, 0x29, 0x29,
    0x29, 0x29, 0x29, 0x29, 0x29, 0x29, 0x29, 0x29, 0x29, 0x29, 0x29, 0x29, 0x29, 0x29, 0x29, 0x29,
    0x29, 0x29, 0x29, 0x29, 0x29, 0x29, 0x29, 0x29, 0x29, 0x29, 0x29, 0x29, 0x29, 0x29, 0x29, 0x29,
    0x29, 0x29, 0x29, 0x29, 0x29, 0x29, 0x69, 0x9e, 0xc0, 0x29, 0x29, 0x29, 0x29, 0x29, 0x29, 0x29,
    0x29, 0x29, 0x29, 0x29, 0x29, 0x29, 0x29, 0x29, 0x29, 0x29, 0x29, 0x29, 0x29, 0x29, 0x29, 0x29,
    0x29, 0x29, 0x29, 0x29, 0x29, 0x29, 0x29, 0x29, 0x29, 0x29, 0x29, 0x29, 0x29, 0x29, 0x29, 0x29,
    0x29, 0x29, 0x29, 0x29, 0x29, 0x29, 0x29, 0x29, 0x29, 0x29, 0x29, 0x29, 0x29, 0x29, 0x29, 0x29,
    0x29, 0x29, 0x29, 0x29, 0x29, 0x29, 0x29, 0x29, 0x29, 0x29, 0x29, 0x29, 0x69, 0x9e, 0xc0, 0x29,
    0x29, 0x29, 0x29, 0x29, 0x29, 0x29, 0x29, 0x29, 0x29, 0x29, 0x29, 0x29, 0x29, 0x29, 0x29, 0x29,
    0x29, 0x29, 0x29, 0x29, 0x29, 0x29, 0x29, 0x29, 0x29, 0x29, 0x29, 0x29, 0x29, 0x29, 0x29, 0x29,
    0x29, 0x29, 0x29, 0x29, 0x29, 0x29, 0x29, 0x29, 0x29, 0x29, 0x29, 0x29, 0x29, 0x29, 0x29, 0x29,
    0x29, 0x29, 0x29, 0x29, 0x29, 0x29, 0x29, 0x29, 0x29, 0x29, 0x29, 0x29, 0x29, 0x29, 0x29, 0x29,
    0x29, 0x29, 0x69, 0x9e, 0xc0, 0x29, 0x29, 0x29, 0x29, 0x29, 0x29, 0x29, 0x29, 0x29, 0x29, 0x29,
    0x29, 0x29, 0x29, 0x29, 0x29, 0x29, 0x29, 0x29, 0x29, 0x29, 0x29, 0x29, 0x29, 0x29, 0x29, 0x29,
    0x29, 0x29, 0x29, 0x29, 0x29, 0x29, 0x29, 0x29, 0x29, 0x29, 0x29, 0x29, 0x29, 0x29, 0x29, 0x29,
    0x29, 0x29, 0x29, 0x29, 0x29, 0x29, 0x29, 0x29, 0x29, 0x29, 0x29, 0x29, 0x29, 0x29, 0x29, 0x29,
    0x29, 0x29, 0x29, 0x29, 0x29, 0x29, 0x29, 0x29, 0x69, 0x9e, 0xc0, 0x29, 0x29, 0x29, 0x29, 0x29,
    0x29, 0x29, 0x29, 0x29, 0x29, 0x29, 0x29, 0x29, 0x29, 0x29, 0x29, 0x29, 0x29, 0x29, 0x29, 0x29,
    0x29, 0x29, 0x29, 0x29, 0x29, 0x29, 0x29, 0x29, 0x29, 0x29, 0x29, 0x29, 0x29, 0x29, 0x29, 0x29,
    0x29, 0x29, 0x29, 0x29, 0x29, 0x29, 0x29, 0x29, 0x29, 0x29, 0x29, 0x29, 0x29, 0x29, 0x29, 0x29,
    0x29, 0x29, 0x29, 0x29, 0x29, 0x29, 0x29, 0x29, 0x29, 0x29, 0x29, 0x29, 0x29, 0x29, 0x69, 0x9e,
    0xc0, 0x29, 0x29, 0x29, 0x29, 0x29, 0x29, 0x29, 0x29, 0x29, 0x29, 0x29, 0x29, 0x29, 0x29, 0x29,
    0x29, 0x29, 0x29, 0x29, 0x29, 0x29, 0x29, 0x29, 0x29, 0x29, 0x29, 0x29, 0x29, 0x29, 0x29, 0x29,
    0x29, 0x29, 0x29, 0x29, 0x29, 0x29, 0x29, 0x29, 0x29, 0x29, 0x29, 0x29, 0x29, 0x29, 0x29, 0x29,
    0x29, 0x29, 0x29, 0x29, 0x29, 0x29, 0x29, 0x29, 0x29, 0x29, 0x29, 0x29, 0x29, 0x29, 0x29, 0x29,
    0x29, 0x29, 0x29, 0x29, 0x69, 0x9e, 0xc0, 0x29, 0x29, 0x29, 0x29, 0x29, 0x29, 0x29, 0x29, 0x29,
    0x29, 0x29, 0x29, 0x29, 0x29, 0x29, 0x29, 0x29, 0x29, 0x29, 0x29, 0x29, 0x29, 0x29, 0x29, 0x29,
    0x29, 0x29, 0x29, 0x29, 0x29, 0x29, 0x29, 0x29, 0x29, 0x29, 0x29, 0x29, 0x29, 0x29, 0x29, 0x29,
    0x29, 0x29, 0x29, 0x29, 0x29, 0x29, 0x29, 0x29, 0x29, 0x29, 0x29, 0x29, 0x29, 0x29, 0x29, 0x29,
    0x29, 0x29, 0x29, 0x29, 0x29, 0x29, 0x29, 0x29, 0x29, 0x29, 0x69, 0x9e, 0xc0, 0x29, 0x29, 0x29,
    0x29, 0x29, 0x29, 0x29, 0x29, 0x29, 0x29, 0x29, 0x29, 0x29, 0x29, 0x29, 0x29, 0x29, 0x29, 0x29,
    0x29, 0x29, 0x29, 0x29, 0x29, 0x29, 0x29, 0x29, 0x29, 0x29, 0x29, 0x29, 0x29, 0x29, 0x29, 0x29,
    0x29, 0x29, 0x29, 0x29, 0x29, 0x29, 0x29, 0x29, 0x29, 0x29, 0x29, 0x29, 0x29, 0x29, 0x29, 0x29,
    0x29, 0x29, 0x29, 0x29, 0x29, 0x29, 0x29, 0x29, 0x29, 0x29, 0x29, 0x29, 0x29, 0x29, 0x29, 0x29,
    0x69, 0x9e, 0xc0, 0x29, 0x29, 0x29, 0x29, 0x29, 0x29, 0x29, 0x29, 0x29, 0x29, 0x29, 0x29, 0x29,
    0x29, 0x29, 0x29, 0x29, 0x29, 0x29, 0x29, 0x29, 0x29, 0x29, 0x29, 0x29, 0x29, 0x29, 0x29, 0x29,
    0x29, 0x29, 0x29, 0x29, 0x29, 0x29, 0x29, 0x29, 0x29, 0x29, 0x29, 0x29, 0x29, 0x29, 0x29, 0x29,
    0x29, 0x29, 0x29, 0x29, 0x29, 0x29, 0x29, 0x29, 0x29, 0x29, 0x29, 0x29, 0x29, 0x29, 0x29, 0x29,
    0x29, 0x29, 0x29, 0x29, 0x29, 0x29, 0x69, 0x9e, 0xb0, 0x31, 0x29, 0x29, 0x29, 0x29, 0x29, 0x29,
    0x29, 0x29, 0x29, 0x29, 0x29, 0x29, 0x29, 0x29, 0x29, 0x29, 0x29, 0x29, 0x29, 0x29, 0x29, 0x29,
    0x29, 0x29, 0x29, 0x29, 0x29, 0x29, 0x29, 0x29, 0x29, 0x29, 0x29, 0x29, 0x29, 0x29, 0x29, 0x29,
    0x29, 0x29, 0x29, 0x29, 0x29, 0x29, 0x29, 0x29, 0x29, 0x29, 0x29, 0x29, 0x29, 0x29, 0x29, 0x29,
    0x29, 0x29, 0x29, 0x29, 0x29, 0x29, 0x29, 0x29, 0x29, 0x29, 0x29, 0x29, 0x69, 0x9e, 0x8f, 0x44,
    0x29, 0x29, 0x29, 0x29, 0x29, 0x29, 0x29, 0x29, 0x29, 0x29, 0x29, 0x29, 0x29, 0x29, 0x29, 0x29,
    0x29, 0x29, 0x29, 0x29, 0x29, 0x29, 0x29, 0x29, 0x29, 0x29, 0x29, 0x29, 0x29, 0x29, 0x29, 0x29,
    0x29, 0x29, 0x29, 0x29, 0x29, 0x29, 0x29, 0x29, 0x29, 0x29, 0x29, 0x29, 0x29, 0x29, 0x29, 0x29,
    0x29, 0x29, 0x29, 0x29, 0x29, 0x29, 0x29, 0x29, 0x29, 0x29, 0x29, 0x29, 0x29, 0x29, 0x29, 0x29,
    0x29, 0x29, 0x69, 0x9e, 0x3f, 0x7c, 0x29, 0x29, 0x29, 0x29, 0x29, 0x29, 0x29, 0x29, 0x29, 0x29,
    0x29, 0x29, 0x29, 0x29, 0x29, 0x29, 0x29, 0x29, 0x29, 0x29, 0x29, 0x29, 0x29, 0x29, 0x29, 0x29,
    0x29, 0x29, 0x29, 0x29, 0x29, 0x29, 0x29, 0x29, 0x29, 0x29, 0x29, 0x29, 0x29, 0x29, 0x29, 0x29,
    0x29, 0x29, 0x29, 0x29, 0x29, 0x29, 0x29, 0x29, 0x29, 0x29, 0x29, 0x29, 0x29, 0x29, 0x29, 0x29,
    0x29, 0x29, 0x29, 0x29, 0x29, 0x29, 0x29, 0x29, 0x69, 0x9e, 0x09, 0x75, 0x6f, 0x3a, 0x2c, 0x29,
    0x29, 0x29, 0x29, 0x29, 0x29, 0x29, 0x29, 0x29, 0x29, 0x29, 0x29, 0x29, 0x29, 0x29, 0x29, 0x29,
    0x29, 0x29, 0x29, 0x29, 0x29, 0x29, 0x29, 0x29, 0x29, 0x29, 0x29, 0x29, 0x29, 0x29, 0x29, 0x29,
    0x29, 0x29, 0x29, 0x29, 0x29, 0x29, 0x29, 0x29, 0x29, 0x29, 0x29, 0x29, 0x29, 0x29, 0x29, 0x29,
    0x29, 0x29, 0x29, 0x29, 0x29, 0x29, 0x29, 0x29, 0x29, 0x29, 0x29, 0x29, 0x29, 0x29, 0x69, 0x9e,
    0x00, 0x16, 0x4c, 0x75, 0x7d, 0x73, 0x64, 0x55, 0x45, 0x36, 0x29, 0x29, 0x29, 0x29, 0x29, 0x29,
    0x29, 0x29, 0x29, 0x29, 0x29, 0x29, 0x29, 0x29, 0x29, 0x29, 0x29, 0x29, 0x29, 0x29, 0x29, 0x29,
    0x29, 0x29, 0x29, 0x29, 0x29, 0x29, 0x29, 0x29, 0x29, 0x29, 0x29, 0x29, 0x29, 0x29, 0x29, 0x29,
    0x29, 0x29, 0x29, 0x29, 0x29, 0x29, 0x29, 0x29, 0x29, 0x29, 0x29, 0x29, 0x29, 0x29, 0x29, 0x29,
    0x29, 0x29, 0x29, 0x29, 0x69, 0x9e, 0x00, 0x01, 0x0f, 0x32, 0x54, 0x6e, 0x83, 0x96, 0xab, 0xbf,
    0xc4, 0xb4, 0xa5, 0x96, 0x86, 0x77, 0x68, 0x59, 0x4a, 0x3b, 0x2c, 0x29, 0x29, 0x29, 0x29, 0x29,
    0x29, 0x29, 0x29, 0x29, 0x29, 0x29, 0x29, 0x29, 0x29, 0x29, 0x29, 0x29, 0x29, 0x29, 0x29, 0x29,
    0x29, 0x29, 0x29, 0x29, 0x29, 0x29, 0x29, 0x29, 0x29, 0x29, 0x29, 0x29, 0x29, 0x29, 0x29, 0x29,
    0x29, 0x29, 0x29, 0x29, 0x29, 0x29, 0x29, 0x29, 0x29, 0x29, 0x69, 0xa4, 0x00, 0x00, 0x00, 0x00,
    0x00, 0x00, 0x00, 0x00, 0x00, 0x00, 0x0a, 0x1f, 0x34, 0x47, 0x5c, 0x70, 0x84, 0x98, 0xac, 0xc0,
    0xc6, 0xb7, 0xa8, 0x99, 0x8a, 0x7b, 0x6c, 0x5d, 0x4f, 0x40, 0x31, 0x29, 0x29, 0x29, 0x29, 0x29,
    0x29, 0x29, 0x29, 0x29, 0x29, 0x29, 0x29, 0x29, 0x29, 0x29, 0x29, 0x29, 0x29, 0x29, 0x29, 0x29,
    0x29, 0x29, 0x29, 0x29, 0x29, 0x29, 0x29, 0x29, 0x29, 0x29, 0x29, 0x29, 0x29, 0x29, 0x29, 0x29,
    0x69, 0xa4, 0x00, 0x00, 0x00, 0x00, 0x00, 0x00, 0x00, 0x00, 0x00, 0x00, 0x00, 0x00, 0x00, 0x00,
    0x00, 0x00, 0x00, 0x00, 0x00, 0x00, 0x0b, 0x1f, 0x34, 0x47, 0x5c, 0x70, 0x84, 0x98, 0xac, 0xc0,
    0xc8, 0xb9, 0xaa, 0x9c, 0x8d, 0x7f, 0x70, 0x62, 0x53, 0x45, 0x36, 0x29, 0x29, 0x29, 0x29, 0x29,
    0x29, 0x29, 0x29, 0x29, 0x29, 0x29, 0x29, 0x29, 0x29, 0x29, 0x29, 0x29, 0x29, 0x29, 0x29, 0x29,
    0x29, 0x29, 0x29, 0x29, 0x29, 0x29, 0x69, 0xa4, 0x00, 0x00, 0x00, 0x00, 0x00, 0x00, 0x00, 0x00,
    0x00, 0x00, 0x00, 0x00, 0x00, 0x00, 0x00, 0x00, 0x00, 0x00, 0x00, 0x00, 0x00, 0x00, 0x00, 0x00,
    0x00, 0x00, 0x00, 0x00, 0x00, 0x00, 0x0c, 0x20, 0x34, 0x49, 0x5c, 0x71, 0x85, 0x9a, 0xad, 0xc2,
    0xc9, 0xbc, 0xad, 0x9f, 0x90, 0x82, 0x74, 0x66, 0x57, 0x49, 0x3b, 0x2d, 0x29, 0x29, 0x29, 0x29,
    0x29, 0x29, 0x29, 0x29, 0x29, 0x29, 0x29, 0x29, 0x29, 0x29, 0x29, 0x29, 0x69, 0xa4, 0x00, 0x00,
    0x00, 0x00, 0x00, 0x00, 0x00, 0x00, 0x00, 0x00, 0x00, 0x00, 0x00, 0x00, 0x00, 0x00, 0x00, 0x00,
    0x00, 0x00, 0x00, 0x00, 0x00, 0x00, 0x00, 0x00, 0x00, 0x00, 0x00, 0x00, 0x00, 0x00, 0x00, 0x00,
    0x00, 0x00, 0x00, 0x00, 0x00, 0x00, 0x0c, 0x20, 0x34, 0x49, 0x5c, 0x71, 0x85, 0x9a, 0xad, 0xc2,
    0xc9, 0xbe, 0xb0, 0xa2, 0x93, 0x85, 0x77, 0x69, 0x5b, 0x4e, 0x40, 0x32, 0x29, 0x29, 0x29, 0x29,
    0x29, 0x29, 0x69, 0xa4, 0x00, 0x00, 0x00, 0x00, 0x00, 0x00, 0x00, 0x00, 0x00, 0x00, 0x00, 0x00,
    0x00, 0x00, 0x00, 0x00, 0x00, 0x00, 0x00, 0x00, 0x00, 0x00, 0x00, 0x00, 0x00, 0x00, 0x00, 0x00,
    0x00, 0x00, 0x00, 0x00, 0x00, 0x00, 0x00, 0x00, 0x00, 0x00, 0x00, 0x00, 0x00, 0x00, 0x00, 0x00,
    0x00, 0x00, 0x00, 0x00, 0x00, 0x00, 0x0d, 0x21, 0x36, 0x4a, 0x5e, 0x72, 0x86, 0x9a, 0xaf, 0xc2,
    0xc9, 0xc0, 0xb2, 0xa4, 0x96, 0x89, 0x7b, 0x6d, 0x8a, 0xa4, 0x00, 0x00, 0x00, 0x00, 0x00, 0x00,
    0x00, 0x00, 0x00, 0x00, 0x00, 0x00, 0x00, 0x00, 0x00, 0x00, 0x00, 0x00, 0x00, 0x00, 0x00, 0x00,
    0x00, 0x00, 0x00, 0x00, 0x00, 0x00, 0x00, 0x00, 0x00, 0x00, 0x00, 0x00, 0x00, 0x00, 0x00, 0x00,
    0x00, 0x00, 0x00, 0x00, 0x00, 0x00, 0x00, 0x00, 0x00, 0x00, 0x00, 0x00, 0x00, 0x00, 0x00, 0x00,
    0x00, 0x00, 0x00, 0x00, 0x00, 0x00, 0x0d, 0x21, 0x36, 0x4a, 0x5e, 0x72, 0x86, 0x9a, 0xaf, 0x9e,
};

const lv_image_dsc_t theme_pane = {
    .header.magic  = LV_IMAGE_HEADER_MAGIC,
    .header.cf     = LV_COLOR_FORMAT_RGB565A8,
    .header.flags  = 0,
    .header.w      = 70,
    .header.h      = 112,
    .header.stride = 140,
    .data_size     = sizeof(theme_pane_map),
    .data          = theme_pane_map,
};
