// Generated by Code/tools/bake_theme.py — do not edit by hand.
#include "theme_progmem.h"

static const uint8_t theme_bar_unsel_map[] PROGMEM = {
    0x00, 0x00, 0x00, 0x00, 0x00, 0x00, 0x00, 0x00, 0x00, 0x00, 0x00, 0x00, 0x00, 0x00, 0x00, 0x00,
    0x00, 0x00, 0x00, 0x00, 0x00, 0x00, 0x00, 0x00, 0x00, 0x00, 0x00, 0x00, 0x00, 0x00, 0x00, 0x00,
    0x00, 0x00, 0x00, 0x00, 0x00, 0x00, 0x00, 0x00, 0x00, 0x00, 0x00, 0x00, 0x00, 0x00, 0x00, 0x00,
    0x00, 0x00, 0x00, 0x00, 0x00, 0x00, 0x00, 0x00, 0x00, 0x00, 0x00, 0x00, 0x00, 0x00, 0x00, 0x00,
    0x00, 0x00, 0x00, 0x00, 0x00, 0x00, 0x00, 0x00, 0x00, 0x00, 0x00, 0x00, 0x00, 0x00, 0x00, 0x00,
    0x00, 0x00, 0x00, 0x00, 0x00, 0x00, 0x00, 0x00, 0x00, 0x00, 0x00, 0x00, 0x00, 0x00, 0x00, 0x00,
    0x00, 0x00, 0x00, 0x00, 0x00, 0x00, 0x00, 0x00, 0x00, 0x00, 0x00, 0x00, 0x00, 0x00, 0x00, 0x00,
    0x00, 0x00, 0x00, 0x00, 0x00, 0x00, 0x00, 0x00, 0x00, 0x00, 0x00, 0x00, 0x00, 0x00, 0x00, 0x00,
    0x00, 0x00, 0x00, 0x00, 0x00, 0x00, 0x00, 0x00, 0x00, 0x00, 0x00, 0x00, 0x00, 0x00, 0x00, 0x00,
    0x00, 0x00, 0x00, 0x00, 0x00, 0x00, 0x00, 0x00, 0x00, 0x00, 0x00, 0x00, 0x00, 0x00, 0x00, 0x00,
    0x00, 0x00, 0x00, 0x00, 0x00, 0x00, 0x00, 0x00, 0x00, 0x00, 0x00, 0x00, 0x00, 0x00, 0x00, 0x00,
    0x00, 0x00, 0x00, 0x00, 0x00, 0x00, 0x00, 0x00, 0x00, 0x00, 0x00, 0x00, 0x00, 0x00, 0x00, 0x00,
    0x00, 0x00, 0x00, 0x00, 0x00, 0x00, 0x00, 0x00, 0x00, 0x00, 0x00, 0x00, 0x00, 0x00, 0x00, 0x00,
    0x00, 0x00, 0x00, 0x00, 0x00, 0x00, 0x00, 0x00, 0x00, 0x00, 0x00, 0x00, 0x00, 0x00, 0x00, 0x00,
    0x00, 0x00, 0x00, 0x00, 0x00, 0x00, 0x00, 0x00, 0x00, 0x00, 0x00, 0x00, 0x00, 0x00, 0x00, 0x00,
    0x00, 0x00, 0x00, 0x00, 0x00, 0x00, 0x00, 0x00, 0x00, 0x00, 0x00, 0x00, 0x00, 0x00, 0x00, 0x00,
    0x00, 0x00, 0x00, 0x00, 0x00, 0x00, 0x00, 0x00, 0x00, 0x00, 0x00, 0x00, 0x00, 0x00, 0x00, 0x00,
    0x00, 0x00, 0x00, 0x00, 0x00, 0x00, 0x00, 0x00, 0x00, 0x00, 0x00, 0x00, 0x00, 0x00, 0x00, 0x00,
    0x00, 0x00, 0x00, 0x00, 0x00, 0x00, 0x00, 0x00, 0x00, 0x00, 0x00, 0x00, 0x00, 0x00, 0x00, 0x00,
    0x00, 0x00, 0x00, 0x00, 0x00, 0x00, 0x00, 0x00, 0x00, 0x00, 0x00, 0x00, 0x00, 0x00, 0x00, 0x00,
    0x00, 0x00, 0x00, 0x00, 0x00, 0x00, 0x00, 0x00, 0x00, 0x00, 0x00, 0x00, 0x00, 0x00, 0x00, 0x00,
    0x00, 0x00, 0x00, 0x00, 0x00, 0x00, 0x00, 0x00, 0x00, 0x00, 0x00, 0x00, 0x00, 0x00, 0x00, 0x00,
    0x00, 0x00, 0x00, 0x00, 0x00, 0x00, 0x00, 0x00, 0x00, 0x00, 0x00, 0x00, 0x00, 0x00, 0x00, 0x00,
    0x00, 0x00, 0x00, 0x00, 0x00, 0x00, 0x00, 0x00, 0x00, 0x00, 0x00, 0x00, 0x00, 0x00, 0x00, 0x00,
    0x00, 0x00, 0x00, 0x00, 0x00, 0x00, 0x00, 0x00, 0x00, 0x00, 0x00, 0x00, 0x00, 0x00, 0x00, 0x00,
    0x00, 0x00, 0x00, 0x00, 0x00, 0x00, 0x00, 0x00, 0x00, 0x00, 0x00, 0x00, 0x00, 0x00, 0x00, 0x00,
    0x00, 0x00, 0x00, 0x00, 0x00, 0x00, 0x00, 0x00, 0x00, 0x00, 0x00, 0x00, 0x00, 0x00, 0x00, 0x00,
    0x00, 0x00, 0x00, 0x00, 0x00, 0x00, 0x00, 0x00, 0x00, 0x00, 0x00, 0x00, 0x00, 0x00, 0x00, 0x00,
    0x00, 0x00, 0x00, 0x00, 0x00, 0x00, 0x00, 0x00, 0x00, 0x00, 0x00, 0x00, 0x00, 0x00, 0x00, 0x00,
    0x00, 0x00, 0x00, 0x00, 0x00, 0x00, 0x00, 0x00, 0x00, 0x00, 0x00, 0x00, 0x00, 0x00, 0x00, 0x00,
    0x00, 0x00, 0x00, 0x00, 0x00, 0x00, 0x00, 0x00, 0x00, 0x00, 0x00, 0x00, 0x00, 0x00, 0x00, 0x00,
    0x00, 0x00, 0x00, 0x00, 0x00, 0x00, 0x00, 0x00, 0x00, 0x00, 0x00, 0x00, 0x00, 0x00, 0x00, 0x00,
    0x00, 0x00, 0x00, 0x00, 0x00, 0x00, 0x00, 0x00, 0x00, 0x00, 0x00, 0x00, 0x00, 0x00, 0x00, 0x00,
    0x00, 0x00, 0x00, 0x00, 0x00, 0x00, 0x00, 0x00, 0x00, 0x00, 0x00, 0x00, 0x00, 0x00, 0x00, 0x00,
    0x00, 0x00, 0x00, 0x00, 0x00, 0x00, 0x00, 0x00, 0x00, 0x00, 0x00, 0x00, 0x00, 0x00, 0x00, 0x00,
    0x00, 0x00, 0x00, 0x00, 0x00, 0x00, 0x00, 0x00, 0x00, 0x00, 0x00, 0x00, 0x00, 0x00, 0x00, 0x00,
    0x00, 0x00, 0x00, 0x00, 0x00, 0x00, 0x00, 0x00, 0x00, 0x00, 0x00, 0x00, 0x00, 0x00, 0x00, 0x00,
    0x00, 0x00, 0x00, 0x00, 0x00, 0x00, 0x00, 0x00, 0x00, 0x00, 0x00, 0x00, 0x00, 0x00, 0x00, 0x00,
    0x00, 0x00, 0x00, 0x00, 0x00, 0x00, 0x00, 0x00, 0x00, 0x00, 0x00, 0x00, 0x00, 0x00, 0x00, 0x00,
    0x00, 0x00, 0x00, 0x00, 0x00, 0x00, 0x00, 0x00, 0x00, 0x00, 0x00, 0x00, 0x00, 0x00, 0x00, 0x00,
    0x00, 0x00, 0x00, 0x00, 0x00, 0x00, 0x00, 0x00, 0x00, 0x00, 0x00, 0x00, 0x00, 0x00, 0x00, 0x00,
    0x00, 0x00, 0x00, 0x00, 0x00, 0x00, 0x00, 0x00, 0x00, 0x00, 0x00, 0x00, 0x00, 0x00, 0x00, 0x00,
    0x00, 0x00, 0x00, 0x00, 0x00, 0x00, 0x00, 0x00, 0x00, 0x00, 0x00, 0x00, 0x00, 0x00, 0x00, 0x00,
    0x00, 0x00, 0x00, 0x00, 0x00, 0x00, 0x00, 0x00, 0x00, 0x00, 0x00, 0x00, 0x00, 0x00, 0x00, 0x00,
    0x00, 0x00, 0x00, 0x00, 0x00, 0x00, 0x00, 0x00, 0x00, 0x00, 0x00, 0x00, 0x00, 0x00, 0x00, 0x00,
    0x00, 0x00, 0x00, 0x00, 0x00, 0x00, 0x00, 0x00, 0x00, 0x00, 0x00, 0x00, 0x00, 0x00, 0x00, 0x00,
    0x00, 0x00, 0x00, 0x00, 0x00, 0x00, 0x00, 0x00, 0x00, 0x00, 0x00, 0x00, 0x00, 0x00, 0x00, 0x00,
    0x00, 0x00, 0x00, 0x00, 0x00, 0x00, 0x00, 0x00, 0x00, 0x00, 0x00, 0x00, 0x00, 0x00, 0x00, 0x00,
    0x00, 0x00, 0x00, 0x00, 0x00, 0x00, 0x00, 0x00, 0x00, 0x00, 0x00, 0x00, 0x00, 0x00, 0x00, 0x00,
    0x00, 0x00, 0x00, 0x00, 0x00, 0x00, 0x00, 0x00, 0x00, 0x00, 0x00, 0x00, 0x00, 0x00, 0x00, 0x00,
    0x00, 0x00, 0x00, 0x00, 0x00, 0x00, 0x00, 0x00, 0x00, 0x00, 0x00, 0x00, 0x00, 0x00, 0x00, 0x00,
    0x00, 0x00, 0x00, 0x00, 0x00, 0x00, 0x00, 0x00, 0x00, 0x00, 0x00, 0x00, 0x00, 0x00, 0x00, 0x00,
    0x00, 0x00, 0x00, 0x00, 0x00, 0x00, 0x00, 0x00, 0x00, 0x00, 0x00, 0x00, 0x00, 0x00, 0x00, 0x00,
    0x00, 0x00, 0x00, 0x00, 0x00, 0x00, 0x00, 0x00, 0x00, 0x00, 0x00, 0x00, 0x00, 0x00, 0x00, 0x00,
    0x00, 0x00, 0x00, 0x00, 0x00, 0x00, 0x00, 0x00, 0x00, 0x00, 0x00, 0x00, 0x00, 0x00, 0x00, 0x00,
    0x00, 0x00, 0x00, 0x00, 0x00, 0x00, 0x00, 0x00, 0x00, 0x00, 0x00, 0x00, 0x00, 0x00, 0x00, 0x00,
    0x00, 0x00, 0x00, 0x00, 0x00, 0x00, 0x00, 0x00, 0x00, 0x00, 0x00, 0x00, 0x00, 0x00, 0x00, 0x00,
    0x00, 0x00, 0x00, 0x00, 0x00, 0x00, 0x00, 0x00, 0x00, 0x00, 0x00, 0x00, 0x00, 0x00, 0x00, 0x00,
    0x00, 0x00, 0x00, 0x00, 0x00, 0x00, 0x00, 0x00, 0x00, 0x00, 0x00, 0x00, 0x00, 0x00, 0x00, 0x00,
    0x00, 0x00, 0x00, 0x00, 0x00, 0x00, 0x00, 0x00, 0x00, 0x00, 0x00, 0x00, 0x00, 0x00, 0x00, 0x00,
    0x00, 0x00, 0x00, 0x00, 0x00, 0x00, 0x00, 0x00, 0x00, 0x00, 0x00, 0x00, 0x00, 0x00, 0x00, 0x00,
    0x00, 0x00, 0x00, 0x00, 0x00, 0x00, 0x00, 0x00, 0x00, 0x00, 0x00, 0x00, 0x00, 0x00, 0x00, 0x00,
    0x00, 0x00, 0x00, 0x00, 0x00, 0x00, 0x00, 0x00, 0x00, 0x00, 0x00, 0x00, 0x00, 0x00, 0x00, 0x00,
    0x00, 0x00, 0x00, 0x00, 0x00, 0x00, 0x00, 0x00, 0x00, 0x00, 0x00, 0x00, 0x00, 0x00, 0x00, 0xf8,
    0x00, 0xf8, 0x00, 0xfc, 0x00, 0xfc, 0xa0, 0xfa, 0x40, 0xfd, 0x40, 0xfd, 0x40, 0xfd, 0x40, 0xfd,
    0x40, 0xfd, 0x40, 0xfd, 0x40, 0xfd, 0x40, 0xfd, 0x40, 0xfd, 0x40, 0xfd, 0x40, 0xfd, 0x40, 0xfd,
    0x40, 0xfd, 0x40, 0xfd, 0x40, 0xfd, 0x40, 0xfd, 0x40, 0xfd, 0x40, 0xfd, 0x40, 0xfd, 0x40, 0xfd,
    0x40, 0xfd, 0x40, 0xfd, 0x40, 0xfd, 0x40, 0xfd, 0x40, 0xfd, 0x40, 0xfd, 0x40, 0xfd, 0x40, 0xfd,
    0x40, 0xfd, 0x40, 0xfd, 0x40, 0xfd, 0x40, 0xfd, 0x40, 0xfd, 0x40, 0xfd, 0x40, 0xfd, 0x40, 0xfd,
    0x40, 0xfd, 0x40, 0xfd, 0x40, 0xfd, 0x40, 0xfd, 0x40, 0xfd, 0x40, 0xfd, 0x40, 0xfd, 0x40, 0xfd,
    0x40, 0xfd, 0x40, 0xfd, 0x40, 0xfd, 0x40, 0xfd, 0x40, 0xfd, 0x40, 0xfd, 0x40, 0xfd, 0x40, 0xfd,
    0x40, 0xfd, 0x40, 0xfd, 0x40, 0xfd, 0x40, 0xfd, 0x40, 0xfd, 0x40, 0xfd, 0x40, 0xfd, 0x40, 0xfd,
    0x40, 0xfd, 0x40, 0xfd, 0x40, 0xfd, 0x40, 0xfd, 0x40, 0xfd, 0x40, 0xfd, 0x40, 0xfd, 0x40, 0xfd,
    0x40, 0xfd, 0x40, 0xfd, 0x40, 0xfd, 0x40, 0xfd, 0x40, 0xfd, 0x40, 0xfd, 0x40, 0xfd, 0x40, 0xfd,
    0x40, 0xfd, 0x40, 0xfd, 0x40, 0xfd, 0x40, 0xfd, 0x40, 0xfd, 0x40, 0xfd, 0x40, 0xfd, 0x40, 0xfd,
    0x40, 0xfd, 0x40, 0xfd, 0x40, 0xfd, 0x40, 0xfd, 0x40, 0xfd, 0x40, 0xfd, 0x40, 0xfd, 0x40, 0xfd,
    0x40, 0xfd, 0x40, 0xfd, 0x40, 0xfd, 0x40, 0xfd, 0x40, 0xfd, 0x40, 0xfd, 0x40, 0xfd, 0x40, 0xfd,
    0x40, 0xfd, 0x40, 0xfd, 0x40, 0xfd, 0x40, 0xfd, 0x40, 0xfd, 0x40, 0xfd, 0x40, 0xfd, 0x40, 0xfd,
    0x40, 0xfd, 0x40, 0xfd, 0x40, 0xfd, 0x40, 0xfd, 0x40, 0xfd, 0x40, 0xfd, 0x40, 0xfd, 0x40, 0xfd,
    0x40, 0xfd, 0x40, 0xfd, 0x40, 0xfd, 0x40, 0xfd, 0xa0, 0xfa, 0x00, 0xfc, 0x00, 0xfc, 0x00, 0xfc,
    0x00, 0xf8, 0x00, 0xf8, 0x00, 0x00, 0x00, 0x00, 0x00, 0x00, 0x00, 0x00, 0x00, 0x00, 0x00, 0x00,
    0x00, 0x00, 0x00, 0x00, 0x00, 0x00, 0x00, 0x00, 0x00, 0x00, 0x00, 0x00, 0x00, 0x00, 0x00, 0x00,
    0x00, 0x00, 0x00, 0x00, 0x00, 0x00, 0x00, 0x00, 0x00, 0x00, 0x00, 0x00, 0x00, 0x00, 0x00, 0x00,
    0x00, 0x00, 0x00, 0x00, 0x00, 0x00, 0x00, 0x00, 0x00, 0x00, 0x00, 0x00, 0x00, 0x00, 0x00, 0x00,
    0x00, 0x00, 0x00, 0x00, 0x00, 0x00, 0x00, 0xf8, 0x00, 0xfc, 0xa0, 0xfa, 0x00, 0xfc, 0xc0, 0xfc,
    0x40, 0xfd, 0x80, 0xfc, 0xe0, 0xfc, 0xe0, 0xfc, 0x40, 0xfd, 0x40, 0xfd, 0x40, 0xfd, 0x40, 0xfd,
    0x40, 0xfd, 0x40, 0xfd, 0x40, 0xfd, 0x40, 0xfd, 0x40, 0xfd, 0x40, 0xfd, 0x40, 0xfd, 0x40, 0xfd,
    0x40, 0xfd, 0x40, 0xfd, 0x40, 0xfd, 0x40, 0xfd, 0x40, 0xfd, 0x40, 0xfd, 0x40, 0xfd, 0x40, 0xfd,
    0x40, 0xfd, 0x40, 0xfd, 0x40, 0xfd, 0x40, 0xfd, 0x40, 0xfd, 0x40, 0xfd, 0x40, 0xfd, 0x40, 0xfd,
    0x40, 0xfd, 0x40, 0xfd, 0x40, 0xfd, 0x40, 0xfd, 0x40, 0xfd, 0x40, 0xfd, 0x40, 0xfd, 0x40, 0xfd,
    0x40, 0xfd, 0x40, 0xfd, 0x40, 0xfd, 0x40, 0xfd, 0x40, 0xfd, 0x40, 0xfd, 0x40, 0xfd, 0x40, 0xfd,
    0x40, 0xfd, 0x40, 0xfd, 0x40, 0xfd, 0x40, 0xfd, 0x40, 0xfd, 0x40, 0xfd, 0x40, 0xfd, 0x40, 0xfd,
    0x40, 0xfd, 0x40, 0xfd, 0x40, 0xfd, 0x40, 0xfd, 0x40, 0xfd, 0x40, 0xfd, 0x40, 0xfd, 0x40, 0xfd,
    0x40, 0xfd, 0x40, 0xfd, 0x40, 0xfd, 0x40, 0xfd, 0x40, 0xfd, 0x40, 0xfd, 0x40, 0xfd, 0x40, 0xfd,
    0x40, 0xfd, 0x40, 0xfd, 0x40, 0xfd, 0x40, 0xfd, 0x40, 0xfd, 0x40, 0xfd, 0x40, 0xfd, 0x40, 0xfd,
    0x40, 0xfd, 0x40, 0xfd, 0x40, 0xfd, 0x40, 0xfd, 0x40, 0xfd, 0x40, 0xfd, 0x40, 0xfd, 0x40, 0xfd,
    0x40, 0xfd, 0x40, 0xfd, 0x40, 0xfd, 0x40, 0xfd, 0x40, 0xfd, 0x40, 0xfd, 0x40, 0xfd, 0x40, 0xfd,
    0x40, 0xfd, 0x40, 0xfd, 0x40, 0xfd, 0x40, 0xfd, 0x40, 0xfd, 0x40, 0xfd, 0x40, 0xfd, 0x40, 0xfd,
    0x40, 0xfd, 0x40, 0xfd, 0x40, 0xfd, 0x40, 0xfd, 0x40, 0xfd, 0x40, 0xfd, 0x40, 0xfd, 0x40, 0xfd,
    0x40, 0xfd, 0x40, 0xfd, 0x40, 0xfd, 0x40, 0xfd, 0x40, 0xfd, 0x40, 0xfd, 0x40, 0xfd, 0x40, 0xfd,
    0x40, 0xfd, 0x40, 0xfd, 0x40, 0xfd, 0xe0, 0xfc, 0xe0, 0xfc, 0x80, 0xfc, 0x40, 0xfd, 0xc0, 0xfc,
    0x00, 0xfc, 0x40, 0xfd, 0x00, 0xfc, 0x00, 0xf8, 0x00, 0xf8, 0x00, 0x00, 0x00, 0x00, 0x00, 0x00,
    0x00, 0x00, 0x00, 0x00, 0x00, 0x00, 0x00, 0x00, 0x00, 0x00, 0x00, 0x00, 0x00, 0x00, 0x00, 0x00,
    0x00, 0x00, 0x00, 0x00, 0x00, 0x00, 0x00, 0x00, 0x00, 0x00, 0x00, 0x00, 0x00, 0x00, 0x00, 0x00,
    0x00, 0x00, 0x00, 0x00, 0x00, 0x00, 0x00, 0x00, 0x00, 0x00, 0x00, 0x00, 0x00, 0x00, 0x00, 0x00,
    0x00, 0x00, 0x00, 0xf8, 0xa0, 0xfa, 0xc0, 0xfc, 0x80, 0xfc, 0x40, 0xfd, 0x80, 0xfd, 0x80, 0xed,
    0xc0, 0xec, 0xe0, 0xec, 0x20, 0xf5, 0xe0, 0xf4, 0xe0, 0xf4, 0xe0, 0xf4, 0xe0, 0xf4, 0xe0, 0xf4,
    0xe0, 0xf4, 0xe0, 0xf4, 0xe0, 0xf4, 0xe0, 0xf4, 0xe0, 0xf4, 0xe0, 0xf4, 0xe0, 0xf4, 0xe0, 0xf4,
    0xe0, 0xf4, 0xe0, 0xf4, 0xe0, 0xf4, 0xe0, 0xf4, 0xe0, 0xf4, 0xe0, 0xf4, 0xe0, 0xf4, 0xe0, 0xf4,
    0xe0, 0xf4, 0xe0, 0xf4, 0xe0, 0xf4, 0xe0, 0xf4, 0xe0, 0xf4, 0xe0, 0xf4, 0xe0, 0xf4, 0xe0, 0xf4,
    0xe0, 0xf4, 0xe0, 0xf4, 0xe0, 0xf4, 0xe0, 0xf4, 0xe0, 0xf4, 0xe0, 0xf4, 0xe0, 0xf4, 0xe0, 0xf4,
    0xe0, 0xf4, 0xe0, 0xf4, 0xe0, 0xf4, 0xe0, 0xf4, 0xe0, 0xf4, 0xe0, 0xf4, 0xe0, 0xf4, 0xe0, 0xf4,
    0xe0, 0xf4, 0xe0, 0xf4, 0xe0, 0xf4, 0xe0, 0xf4, 0xe0, 0xf4, 0xe0, 0xf4, 0xe0, 0xf4, 0xe0, 0xf4,
    0xe0, 0xf4, 0xe0, 0xf4, 0xe0, 0xf4, 0xe0, 0xf4, 0xe0, 0xf4, 0xe0, 0xf4, 0xe0, 0xf4, 0xe0, 0xf4,
    0xe0, 0xf4, 0xe0, 0xf4, 0xe0, 0xf4, 0xe0, 0xf4, 0xe0, 0xf4, 0xe0, 0xf4, 0xe0, 0xf4, 0xe0, 0xf4,
    0xe0, 0xf4, 0xe0, 0xf4, 0xe0, 0xf4, 0xe0, 0xf4, 0xe0, 0xf4, 0xe0, 0xf4, 0xe0, 0xf4, 0xe0, 0xf4,
    0xe0, 0xf4, 0xe0, 0xf4, 0xe0, 0xf4, 0xe0, 0xf4, 0xe0, 0xf4, 0xe0, 0xf4, 0xe0, 0xf4, 0xe0, 0xf4,
    0xe0, 0xf4, 0xe0, 0xf4, 0xe0, 0xf4, 0xe0, 0xf4, 0xe0, 0xf4, 0xe0, 0xf4, 0xe0, 0xf4, 0xe0, 0xf4,
    0xe0, 0xf4, 0xe0, 0xf4, 0xe0, 0xf4, 0xe0, 0xf4, 0xe0, 0xf4, 0xe0, 0xf4, 0xe0, 0xf4, 0xe0, 0xf4,
    0xe0, 0xf4, 0xe0, 0xf4, 0xe0, 0xf4, 0xe0, 0xf4, 0xe0, 0xf4, 0xe0, 0xf4, 0xe0, 0xf4, 0xe0, 0xf4,
    0xe0, 0xf4, 0xe0, 0xf4, 0xe0, 0xf4, 0xe0, 0xf4, 0xe0, 0xf4, 0xe0, 0xf4, 0xe0, 0xf4, 0xe0, 0xf4,
    0xe0, 0xf4, 0x20, 0xfd, 0x20, 0xf5, 0xe0, 0xec, 0xc0, 0xec, 0x80, 0xfd, 0x40, 0xed, 0x80, 0xfd,
    0x40, 0xfd, 0x80, 0xfc, 0xc0, 0xfc, 0x40, 0xfd, 0x00, 0xfc, 0x00, 0xf8, 0x00, 0x00, 0x00, 0x00,
    0x00, 0x00, 0x00, 0x00, 0x00, 0x00, 0x00, 0x00, 0x00, 0x00, 0x00, 0x00, 0x00, 0x00, 0x00, 0x00,
    0x00, 0x00, 0x00, 0x00, 0x00, 0x00, 0x00, 0x00, 0x00, 0x00, 0x00, 0x00, 0x00, 0x00, 0x00, 0x00,
    0x00, 0x00, 0x00, 0x00, 0x00, 0x00, 0x00, 0x00, 0x00, 0x00, 0x00, 0x00, 0x00, 0x00, 0x00, 0xf8,
    0x40, 0xfd, 0x40, 0xfd, 0x40, 0xfd, 0xe0, 0xfd, 0xe0, 0xfc, 0x60, 0xf5, 0x80, 0xf5, 0x80, 0xf5,
    0x20, 0xf5, 0x20, 0xf5, 0x40, 0xf5, 0x20, 0xf5, 0x20, 0xf5, 0x20, 0xf5, 0x20, 0xf5, 0x20, 0xf5,
    0x20, 0xf5, 0x20, 0xf5, 0x20, 0xf5, 0x20, 0xf5, 0x20, 0xf5, 0x20, 0xf5, 0x20, 0xf5, 0x20, 0xf5,
    0x20, 0xf5, 0x20, 0xf5, 0x20, 0xf5, 0x20, 0xf5, 0x20, 0xf5, 0x20, 0xf5, 0x20, 0xf5, 0x20, 0xf5,
    0x20, 0xf5, 0x20, 0xf5, 0x20, 0xf5, 0x20, 0xf5, 0x20, 0xf5, 0x20, 0xf5, 0x20, 0xf5, 0x20, 0xf5,
    0x20, 0xf5, 0x20, 0xf5, 0x20, 0xf5, 0x20, 0xf5, 0x20, 0xf5, 0x20, 0xf5, 0x20, 0xf5, 0x20, 0xf5,
    0x20, 0xf5, 0x20, 0xf5, 0x20, 0xf5, 0x20, 0xf5, 0x20, 0xf5, 0x20, 0xf5, 0x20, 0xf5, 0x20, 0xf5,
    0x20, 0xf5, 0x20, 0xf5, 0x20, 0xf5, 0x20, 0xf5, 0x20, 0xf5, 0x20, 0xf5, 0x20, 0xf5, 0x20, 0xf5,
    0x20, 0xf5, 0x20, 0xf5, 0x20, 0xf5, 0x20, 0xf5, 0x20, 0xf5, 0x20, 0xf5, 0x20, 0xf5, 0x20, 0xf5,
    0x20, 0xf5, 0x20, 0xf5, 0x20, 0xf5, 0x20, 0xf5, 0x20, 0xf5, 0x20, 0xf5, 0x20, 0xf5, 0x20, 0xf5,
    0x20, 0xf5, 0x20, 0xf5, 0x20, 0xf5, 0x20, 0xf5, 0x20, 0xf5, 0x20, 0xf5, 0x20, 0xf5, 0x20, 0xf5,
    0x20, 0xf5, 0x20, 0xf5, 0x20, 0xf5, 0x20, 0xf5, 0x20, 0xf5, 0x20, 0xf5, 0x20, 0xf5, 0x20, 0xf5,
    0x20, 0xf5, 0x20, 0xf5, 0x20, 0xf5, 0x20, 0xf5, 0x20, 0xf5, 0x20, 0xf5, 0x20, 0xf5, 0x20, 0xf5,
    0x20, 0xf5, 0x20, 0xf5, 0x20, 0xf5, 0x20, 0xf5, 0x20, 0xf5, 0x20, 0xf5, 0x20, 0xf5, 0x20, 0xf5,
    0x20, 0xf5, 0x20, 0xf5, 0x20, 0xf5, 0x20, 0xf5, 0x20, 0xf5, 0x20, 0xf5, 0x20, 0xf5, 0x20, 0xf5,
    0x20, 0xf5, 0x20, 0xf5, 0x20, 0xf5, 0x20, 0xf5, 0x20, 0xf5, 0x20, 0xf5, 0x20, 0xf5, 0x20, 0xf5,
    0x40, 0xf5, 0x20, 0xf5, 0x20, 0xf5, 0x40, 0xf5, 0x00, 0xf5, 0x60, 0xf5, 0x60, 0xf5, 0x20, 0xf5,
    0x80, 0xfd, 0x80, 0xfd, 0xe0, 0xfc, 0xc0, 0xfc, 0x40, 0xfd, 0x00, 0xfc, 0x00, 0x00, 0x00, 0x00,
    0x00, 0x00, 0x00, 0x00, 0x00, 0x00, 0x00, 0x00, 0x00, 0x00, 0x00, 0x00, 0x00, 0x00, 0x00, 0x00,
    0x00, 0x00, 0x00, 0x00, 0x00, 0x00, 0x00, 0x00, 0x00, 0x00, 0x00, 0x00, 0x00, 0x00, 0x00, 0x00,
    0x00, 0x00, 0x00, 0x00, 0x00, 0x00, 0x00, 0x00, 0x00, 0x00, 0x00, 0xf8, 0x40, 0xfd, 0x40, 0xfd,
    0x20, 0xfe, 0xc0, 0xfc, 0x20, 0xf5, 0x40, 0xf5, 0x20, 0xf5, 0x60, 0xfd, 0x20, 0xf5, 0x20, 0xf5,
    0x40, 0xf5, 0x60, 0xf5, 0x60, 0xf5, 0x40, 0xf5, 0x40, 0xf5, 0x40, 0xf5, 0x40, 0xf5, 0x40, 0xf5,
    0x40, 0xf5, 0x40, 0xf5, 0x40, 0xf5, 0x40, 0xf5, 0x40, 0xf5, 0x40, 0xf5, 0x40, 0xf5, 0x40, 0xf5,
    0x40, 0xf5, 0x40, 0xf5, 0x40, 0xf5, 0x40, 0xf5, 0x40, 0xf5, 0x40, 0xf5, 0x40, 0xf5, 0x40, 0xf5,
    0x40, 0xf5, 0x40, 0xf5, 0x40, 0xf5, 0x40, 0xf5, 0x40, 0xf5, 0x40, 0xf5, 0x40, 0xf5, 0x40, 0xf5,
    0x40, 0xf5, 0x40, 0xf5, 0x40, 0xf5, 0x40, 0xf5, 0x40, 0xf5, 0x40, 0xf5, 0x40, 0xf5, 0x40, 0xf5,
    0x40, 0xf5, 0x40, 0xf5, 0x40, 0xf5, 0x40, 0xf5, 0x40, 0xf5, 0x40, 0xf5, 0x40, 0xf5, 0x40, 0xf5,
    0x40, 0xf5, 0x40, 0xf5, 0x40, 0xf5, 0x40, 0xf5, 0x40, 0xf5, 0x40, 0xf5, 0x40, 0xf5, 0x40, 0xf5,
    0x40, 0xf5, 0x40, 0xf5, 0x40, 0xf5, 0x40, 0xf5, 0x40, 0xf5, 0x40, 0xf5, 0x40, 0xf5, 0x40, 0xf5,
    0x40, 0xf5, 0x40, 0xf5, 0x40, 0xf5, 0x40, 0xf5, 0x40, 0xf5, 0x40, 0xf5, 0x40, 0xf5, 0x40, 0xf5,
    0x40, 0xf5, 0x40, 0xf5, 0x40, 0xf5, 0x40, 0xf5, 0x40, 0xf5, 0x40, 0xf5, 0x40, 0xf5, 0x40, 0xf5,
    0x40, 0xf5, 0x40, 0xf5, 0x40, 0xf5, 0x40, 0xf5, 0x40, 0xf5, 0x40, 0xf5, 0x40, 0xf5, 0x40, 0xf5,
    0x40, 0xf5, 0x40, 0xf5, 0x40, 0xf5, 0x40, 0xf5, 0x40, 0xf5, 0x40, 0xf5, 0x40, 0xf5, 0x40, 0xf5,
    0x40, 0xf5, 0x40, 0xf5, 0x40, 0xf5, 0x40, 0xf5, 0x40, 0xf5, 0x40, 0xf5, 0x40, 0xf5, 0x40, 0xf5,
    0x40, 0xf5, 0x40, 0xf5, 0x40, 0xf5, 0x40, 0xf5, 0x40, 0xf5, 0x40, 0xf5, 0x40, 0xf5, 0x40, 0xf5,
    0x40, 0xf5, 0x40, 0xf5, 0x40, 0xf5, 0x40, 0xf5, 0x60, 0xf5, 0x60, 0xf5, 0x40, 0xf5, 0x60, 0xf5,
    0x40, 0xf5, 0x60, 0xfd, 0x40, 0xf5, 0x40, 0xf5, 0x60, 0xfd, 0x40, 0xf5, 0x20, 0xf5, 0x40, 0xf5,
    0x40, 0xfd, 0xc0, 0xec, 0x80, 0xfd, 0x80, 0xfc, 0xc0, 0xfc, 0x00, 0xfc, 0x00, 0xf8, 0x00, 0x00,
    0x00, 0x00, 0x00, 0x00, 0x00, 0x00, 0x00, 0x00, 0x00, 0x00, 0x00, 0x00, 0x00, 0x00, 0x00, 0x00,
    0x00, 0x00, 0x00, 0x00, 0x00, 0x00, 0x00, 0x00, 0x00, 0x00, 0x00, 0x00, 0x00, 0x00, 0x00, 0x00,
    0x00, 0x00, 0x00, 0x00, 0x00, 0x00, 0x00, 0x00, 0x00, 0xfc, 0x40, 0xfd, 0x20, 0xfe, 0xe0, 0xec,
    0x80, 0xf5, 0x20, 0xf5, 0x60, 0xf5, 0x40, 0xf5, 0x40, 0xf5, 0x44, 0xf5, 0x43, 0xf5, 0x43, 0xf5,
    0x43, 0xf5, 0x43, 0xfd, 0x63, 0xfd, 0x63, 0xfd, 0x63, 0xfd, 0x63, 0xfd, 0x63, 0xfd, 0x63, 0xfd,
    0x63, 0xfd, 0x63, 0xfd, 0x63, 0xfd, 0x63, 0xfd, 0x63, 0xfd, 0x63, 0xfd, 0x63, 0xfd, 0x63, 0xfd,
    0x63, 0xfd, 0x63, 0xfd, 0x63, 0xfd, 0x63, 0xfd, 0x63, 0xfd, 0x63, 0xfd, 0x63, 0xfd, 0x63, 0xfd,
    0x63, 0xfd, 0x63, 0xfd, 0x63, 0xfd, 0x63, 0xfd, 0x63, 0xfd, 0x63, 0xfd, 0x63, 0xfd, 0x63, 0xfd,
    0x63, 0xfd, 0x63, 0xfd, 0x63, 0xfd, 0x63, 0xfd, 0x63, 0xfd, 0x63, 0xfd, 0x63, 0xfd, 0x63, 0xfd,
    0x63, 0xfd, 0x63, 0xfd, 0x63, 0xfd, 0x63, 0xfd, 0x63, 0xfd, 0x63, 0xfd, 0x63, 0xfd, 0x63, 0xfd,
    0x63, 0xfd, 0x63, 0xfd, 0x63, 0xfd, 0x63, 0xfd, 0x63, 0xfd, 0x63, 0xfd, 0x63, 0xfd, 0x63, 0xfd,
    0x63, 0xfd, 0x63, 0xfd, 0x63, 0xfd, 0x63, 0xfd, 0x63, 0xfd, 0x63, 0xfd, 0x63, 0xfd, 0x63, 0xfd,
    0x63, 0xfd, 0x63, 0xfd, 0x63, 0xfd, 0x63, 0xfd, 0x63, 0xfd, 0x63, 0xfd, 0x63, 0xfd, 0x63, 0xfd,
    0x63, 0xfd, 0x63, 0xfd, 0x63, 0xfd, 0x63, 0xfd, 0x63, 0xfd, 0x63, 0xfd, 0x63, 0xfd, 0x63, 0xfd,
    0x63, 0xfd, 0x63, 0xfd, 0x63, 0xfd, 0x63, 0xfd, 0x63, 0xfd, 0x63, 0xfd, 0x63, 0xfd, 0x63, 0xfd,
    0x63, 0xfd, 0x63, 0xfd, 0x63, 0xfd, 0x63, 0xfd, 0x63, 0xfd, 0x63, 0xfd, 0x63, 0xfd, 0x63, 0xfd,
    0x63, 0xfd, 0x63, 0xfd, 0x63, 0xfd, 0x63, 0xfd, 0x63, 0xfd, 0x63, 0xfd, 0x63, 0xfd, 0x63, 0xfd,
    0x63, 0xfd, 0x63, 0xfd, 0x63, 0xfd, 0x63, 0xfd, 0x63, 0xfd, 0x63, 0xfd, 0x63, 0xfd, 0x63, 0xfd,
    0x63, 0xfd, 0x63, 0xfd, 0x63, 0xfd, 0x43, 0xfd, 0x43, 0xfd, 0x43, 0xfd, 0x43, 0xf5, 0x43, 0xf5,
    0x43, 0xf5, 0x63, 0xf5, 0x44, 0xf5, 0x43, 0xf5, 0x40, 0xf5, 0x20, 0xf5, 0x40, 0xf5, 0x20, 0xf5,
    0x00, 0xf5, 0x40, 0xfd, 0x80, 0xfd, 0x40, 0xfd, 0x40, 0xfd, 0x40, 0xfd, 0x00, 0xf8, 0x00, 0x00,
    0x00, 0x00, 0x00, 0x00, 0x00, 0x00, 0x00, 0x00, 0x00, 0x00, 0x00, 0x00, 0x00, 0x00, 0x00, 0x00,
    0x00, 0x00, 0x00, 0x00, 0x00, 0x00, 0x00, 0x00, 0x00, 0x00, 0x00, 0x00, 0x00, 0x00, 0x00, 0x00,
    0x00, 0x00, 0x00, 0x00, 0x00, 0xf8, 0x00, 0xfc, 0x40, 0xfd, 0xc0, 0xfc, 0x20, 0xf5, 0x40, 0xf5,
    0x20, 0xf5, 0x40, 0xfd, 0x63, 0xf5, 0x43, 0xf5, 0x43, 0xf5, 0x43, 0xf5, 0x43, 0xf5, 0x22, 0xf5,
    0x42, 0xf5, 0x42, 0xf5, 0x42, 0xf5, 0x42, 0xf5, 0x42, 0xf5, 0x42, 0xf5, 0x42, 0xf5, 0x42, 0xf5,
    0x42, 0xf5, 0x42, 0xf5, 0x42, 0xf5, 0x42, 0xf5, 0x42, 0xf5, 0x42, 0xf5, 0x42, 0xf5, 0x42, 0xf5,
    0x42, 0xf5, 0x42, 0xf5, 0x42, 0xf5, 0x42, 0xf5, 0x42, 0xf5, 0x42, 0xf5, 0x42, 0xf5, 0x42, 0xf5,
    0x42, 0xf5, 0x42, 0xf5, 0x42, 0xf5, 0x42, 0xf5, 0x42, 0xf5, 0x42, 0xf5, 0x42, 0xf5, 0x42, 0xf5,
    0x42, 0xf5, 0x42, 0xf5, 0x42, 0xf5, 0x42, 0xf5, 0x42, 0xf5, 0x42, 0xf5, 0x42, 0xf5, 0x42, 0xf5,
    0x42, 0xf5, 0x42, 0xf5, 0x42, 0xf5, 0x42, 0xf5, 0x42, 0xf5, 0x42, 0xf5, 0x42, 0xf5, 0x42, 0xf5,
    0x42, 0xf5, 0x42, 0xf5, 0x42, 0xf5, 0x42, 0xf5, 0x42, 0xf5, 0x42, 0xf5, 0x42, 0xf5, 0x42, 0xf5,
    0x42, 0xf5, 0x42, 0xf5, 0x42, 0xf5, 0x42, 0xf5, 0x42, 0xf5, 0x42, 0xf5, 0x42, 0xf5, 0x42, 0xf5,
    0x42, 0xf5, 0x42, 0xf5, 0x42, 0xf5, 0x42, 0xf5, 0x42, 0xf5, 0x42, 0xf5, 0x42, 0xf5, 0x42, 0xf5,
    0x42, 0xf5, 0x42, 0xf5, 0x42, 0xf5, 0x42, 0xf5, 0x42, 0xf5, 0x42, 0xf5, 0x42, 0xf5, 0x42, 0xf5,
    0x42, 0xf5, 0x42, 0xf5, 0x42, 0xf5, 0x42, 0xf5, 0x42, 0xf5, 0x42, 0xf5, 0x42, 0xf5, 0x42, 0xf5,
    0x42, 0xf5, 0x42, 0xf5, 0x42, 0xf5, 0x42, 0xf5, 0x42, 0xf5, 0x42, 0xf5, 0x42, 0xf5, 0x42, 0xf5,
    0x42, 0xf5, 0x42, 0xf5, 0x42, 0xf5, 0x42, 0xf5, 0x42, 0xf5, 0x42, 0xf5, 0x42, 0xf5, 0x42, 0xf5,
    0x42, 0xf5, 0x42, 0xf5, 0x42, 0xf5, 0x42, 0xf5, 0x42, 0xf5, 0x42, 0xf5, 0x42, 0xf5, 0x42, 0xf5,
    0x42, 0xf5, 0x42, 0xf5, 0x42, 0xf5, 0x42, 0xf5, 0x42, 0xf5, 0x42, 0xf5, 0x43, 0xf5, 0x43, 0xf5,
    0x43, 0xf5, 0x43, 0xf5, 0x43, 0xf5, 0x43, 0xfd, 0x43, 0xf5, 0x60, 0xfd, 0x40, 0xfd, 0x40, 0xf5,
    0x20, 0xf5, 0x60, 0xf5, 0xc0, 0xfc, 0x20, 0xfe, 0x40, 0xfd, 0x40, 0xfd, 0x00, 0xf8, 0x00, 0x00,
    0x00, 0x00, 0x00, 0x00, 0x00, 0x00, 0x00, 0x00, 0x00, 0x00, 0x00, 0x00, 0x00, 0x00, 0x00, 0x00,
    0x00, 0x00, 0x00, 0x00, 0x00, 0x00, 0x00, 0x00, 0x00, 0x00, 0x00, 0x00, 0x00, 0x00, 0x00, 0x00,
    0x00, 0x00, 0x40, 0xfd, 0x80, 0xfc, 0xe0, 0xfd, 0x40, 0xf5, 0x20, 0xf5, 0x20, 0xf5, 0x44, 0xf5,
    0x43, 0xfd, 0x42, 0xf5, 0x42, 0xf5, 0x42, 0xf5, 0x42, 0xf5, 0x62, 0xf5, 0x42, 0xf5, 0x42, 0xf5,
    0x42, 0xf5, 0x42, 0xf5, 0x42, 0xf5, 0x42, 0xf5, 0x42, 0xf5, 0x42, 0xf5, 0x42, 0xf5, 0x42, 0xf5,
    0x42, 0xf5, 0x42, 0xf5, 0x42, 0xf5, 0x42, 0xf5, 0x42, 0xf5, 0x42, 0xf5, 0x42, 0xf5, 0x42, 0xf5,
    0x42, 0xf5, 0x42, 0xf5, 0x42, 0xf5, 0x42, 0xf5, 0x42, 0xf5, 0x42, 0xf5, 0x42, 0xf5, 0x42, 0xf5,
    0x42, 0xf5, 0x42, 0xf5, 0x42, 0xf5, 0x42, 0xf5, 0x42, 0xf5, 0x42, 0xf5, 0x42, 0xf5, 0x42, 0xf5,
    0x42, 0xf5, 0x42, 0xf5, 0x42, 0xf5, 0x42, 0xf5, 0x42, 0xf5, 0x42, 0xf5, 0x42, 0xf5, 0x42, 0xf5,
    0x42, 0xf5, 0x42, 0xf5, 0x42, 0xf5, 0x42, 0xf5, 0x42, 0xf5, 0x42, 0xf5, 0x42, 0xf5, 0x42, 0xf5,
    0x42, 0xf5, 0x42, 0xf5, 0x42, 0xf5, 0x42, 0xf5, 0x42, 0xf5, 0x42, 0xf5, 0x42, 0xf5, 0x42, 0xf5,
    0x42, 0xf5, 0x42, 0xf5, 0x42, 0xf5, 0x42, 0xf5, 0x42, 0xf5, 0x42, 0xf5, 0x42, 0xf5, 0x42, 0xf5,
    0x42, 0xf5, 0x42, 0xf5, 0x42, 0xf5, 0x42, 0xf5, 0x42, 0xf5, 0x42, 0xf5, 0x42, 0xf5, 0x42, 0xf5,
    0x42, 0xf5, 0x42, 0xf5, 0x42, 0xf5, 0x42, 0xf5, 0x42, 0xf5, 0x42, 0xf5, 0x42, 0xf5, 0x42, 0xf5,
    0x42, 0xf5, 0x42, 0xf5, 0x42, 0xf5, 0x42, 0xf5, 0x42, 0xf5, 0x42, 0xf5, 0x42, 0xf5, 0x42, 0xf5,
    0x42, 0xf5, 0x42, 0xf5, 0x42, 0xf5, 0x42, 0xf5, 0x42, 0xf5, 0x42, 0xf5, 0x42, 0xf5, 0x42, 0xf5,
    0x42, 0xf5, 0x42, 0xf5, 0x42, 0xf5, 0x42, 0xf5, 0x42, 0xf5, 0x42, 0xf5, 0x42, 0xf5, 0x42, 0xf5,
    0x42, 0xf5, 0x42, 0xf5, 0x42, 0xf5, 0x42, 0xf5, 0x42, 0xf5, 0x42, 0xf5, 0x42, 0xf5, 0x42, 0xf5,
    0x42, 0xf5, 0x42, 0xf5, 0x42, 0xf5, 0x42, 0xf5, 0x62, 0xf5, 0x42, 0xf5, 0x62, 0xf5, 0x42, 0xf5,
    0x42, 0xf5, 0x42, 0xf5, 0x42, 0xf5, 0x43, 0xf5, 0x43, 0xf5, 0x63, 0xf5, 0x24, 0xf5, 0x40, 0xf5,
    0x40, 0xf5, 0x40, 0xf5, 0x60, 0xfd, 0x80, 0xfd, 0x40, 0xfd, 0x40, 0xfd, 0x00, 0xf8, 0x00, 0x00,
    0x00, 0x00, 0x00, 0x00, 0x00, 0x00, 0x00, 0x00, 0x00, 0x00, 0x00, 0x00, 0x00, 0x00, 0x00, 0x00,
    0x00, 0x00, 0x00, 0x00, 0x00, 0x00, 0x00, 0x00, 0x00, 0x00, 0x00, 0x00, 0x00, 0x00, 0x00, 0xfc,
    0xc0, 0xfc, 0x20, 0xfe, 0xe0, 0xf4, 0x20, 0xf5, 0x20, 0xf5, 0x23, 0xf5, 0x43, 0xfd, 0x42, 0xf5,
    0x42, 0xf5, 0x63, 0xfd, 0x82, 0xfd, 0x83, 0xfd, 0x83, 0xf5, 0x83, 0xfd, 0x83, 0xfd, 0x83, 0xfd,
    0x83, 0xfd, 0x83, 0xfd, 0x83, 0xfd, 0x83, 0xfd, 0x83, 0xfd, 0x83, 0xfd, 0x83, 0xfd, 0x83, 0xfd,
    0x83, 0xfd, 0x83, 0xfd, 0x83, 0xfd, 0x83, 0xfd, 0x83, 0xfd, 0x83, 0xfd, 0x83, 0xfd, 0x83, 0xfd,
    0x83, 0xfd, 0x83, 0xfd, 0x83, 0xfd, 0x83, 0xfd, 0x83, 0xfd, 0x83, 0xfd, 0x83, 0xfd, 0x83, 0xfd,
    0x83, 0xfd, 0x83, 0xfd, 0x83, 0xfd, 0x83, 0xfd, 0x83, 0xfd, 0x83, 0xfd, 0x83, 0xfd, 0x83, 0xfd,
    0x83, 0xfd, 0x83, 0xfd, 0x83, 0xfd, 0x83, 0xfd, 0x83, 0xfd, 0x83, 0xfd, 0x83, 0xfd, 0x83, 0xfd,
    0x83, 0xfd, 0x83, 0xfd, 0x83, 0xfd, 0x83, 0xfd, 0x83, 0xfd, 0x83, 0xfd, 0x83, 0xfd, 0x83, 0xfd,
    0x83, 0xfd, 0x83, 0xfd, 0x83, 0xfd, 0x83, 0xfd, 0x83, 0xfd, 0x83, 0xfd, 0x83, 0xfd, 0x83, 0xfd,
    0x83, 0xfd, 0x83, 0xfd, 0x83, 0xfd, 0x83, 0xfd, 0x83, 0xfd, 0x83, 0xfd, 0x83, 0xfd, 0x83, 0xfd,
    0x83, 0xfd, 0x83, 0xfd, 0x83, 0xfd, 0x83, 0xfd, 0x83, 0xfd, 0x83, 0xfd, 0x83, 0xfd, 0x83, 0xfd,
    0x83, 0xfd, 0x83, 0xfd, 0x83, 0xfd, 0x83, 0xfd, 0x83, 0xfd, 0x83, 0xfd, 0x83, 0xfd, 0x83, 0xfd,
    0x83, 0xfd, 0x83, 0xfd, 0x83, 0xfd, 0x83, 0xfd, 0x83, 0xfd, 0x83, 0xfd, 0x83, 0xfd, 0x83, 0xfd,
    0x83, 0xfd, 0x83, 0xfd, 0x83, 0xfd, 0x83, 0xfd, 0x83, 0xfd, 0x83, 0xfd, 0x83, 0xfd, 0x83, 0xfd,
    0x83, 0xfd, 0x83, 0xfd, 0x83, 0xfd, 0x83, 0xfd, 0x83, 0xfd, 0x83, 0xfd, 0x83, 0xfd, 0x83, 0xfd,
    0x83, 0xfd, 0x83, 0xfd, 0x83, 0xfd, 0x83, 0xfd, 0x83, 0xfd, 0x83, 0xfd, 0x83, 0xfd, 0x83, 0xfd,
    0x83, 0xfd, 0x83, 0xf5, 0x83, 0xfd, 0x83, 0xf5, 0x63, 0xf5, 0x62, 0xf5, 0x62, 0xfd, 0x62, 0xf5,
    0x61, 0xfd, 0x62, 0xf5, 0x42, 0xf5, 0x42, 0xf5, 0x43, 0xf5, 0x63, 0xfd, 0x20, 0xf5, 0x40, 0xfd,
    0x40, 0xfd, 0x00, 0xf5, 0xe0, 0xfc, 0x20, 0xfe, 0x40, 0xfd, 0x00, 0xfc, 0x00, 0x00, 0x00, 0x00,
    0x00, 0x00, 0x00, 0x00, 0x00, 0x00, 0x00, 0x00, 0x00, 0x00, 0x00, 0x00, 0x00, 0x00, 0x00, 0x00,
    0x00, 0x00, 0x00, 0x00, 0x00, 0x00, 0x00, 0x00, 0x00, 0x00, 0x00, 0x00, 0x40, 0xfd, 0x80, 0xfc,
    0x20, 0xed, 0x40, 0xf5, 0x60, 0xfd, 0x40, 0xf5, 0x43, 0xf5, 0x43, 0xf5, 0x42, 0xf5, 0x62, 0xf5,
    0x83, 0xfd, 0xa4, 0xfd, 0xa4, 0xfd, 0xa4, 0xfd, 0xa4, 0xfd, 0xa4, 0xfd, 0xa4, 0xfd, 0xa4, 0xfd,
    0xa4, 0xfd, 0xa4, 0xfd, 0xa4, 0xfd, 0xa4, 0xfd, 0xa4, 0xfd, 0xa4, 0xfd, 0xa4, 0xfd, 0xa4, 0xfd,
    0xa4, 0xfd, 0xa4, 0xfd, 0xa4, 0xfd, 0xa4, 0xfd, 0xa4, 0xfd, 0xa4, 0xfd, 0xa4, 0xfd, 0xa4, 0xfd,
    0xa4, 0xfd, 0xa4, 0xfd, 0xa4, 0xfd, 0xa4, 0xfd, 0xa4, 0xfd, 0xa4, 0xfd, 0xa4, 0xfd, 0xa4, 0xfd,
    0xa4, 0xfd, 0xa4, 0xfd, 0xa4, 0xfd, 0xa4, 0xfd, 0xa4, 0xfd, 0xa4, 0xfd, 0xa4, 0xfd, 0xa4, 0xfd,
    0xa4, 0xfd, 0xa4, 0xfd, 0xa4, 0xfd, 0xa4, 0xfd, 0xa4, 0xfd, 0xa4, 0xfd, 0xa4, 0xfd, 0xa4, 0xfd,
    0xa4, 0xfd, 0xa4, 0xfd, 0xa4, 0xfd, 0xa4, 0xfd, 0xa4, 0xfd, 0xa4, 0xfd, 0xa4, 0xfd, 0xa4, 0xfd,
    0xa4, 0xfd, 0xa4, 0xfd, 0xa4, 0xfd, 0xa4, 0xfd, 0xa4, 0xfd, 0xa4, 0xfd, 0xa4, 0xfd, 0xa4, 0xfd,
    0xa4, 0xfd, 0xa4, 0xfd, 0xa4, 0xfd, 0xa4, 0xfd, 0xa4, 0xfd, 0xa4, 0xfd, 0xa4, 0xfd, 0xa4, 0xfd,
    0xa4, 0xfd, 0xa4, 0xfd, 0xa4, 0xfd, 0xa4, 0xfd, 0xa4, 0xfd, 0xa4, 0xfd, 0xa4, 0xfd, 0xa4, 0xfd,
    0xa4, 0xfd, 0xa4, 0xfd, 0xa4, 0xfd, 0xa4, 0xfd, 0xa4, 0xfd, 0xa4, 0xfd, 0xa4, 0xfd, 0xa4, 0xfd,
    0xa4, 0xfd, 0xa4, 0xfd, 0xa4, 0xfd, 0xa4, 0xfd, 0xa4, 0xfd, 0xa4, 0xfd, 0xa4, 0xfd, 0xa4, 0xfd,
    0xa4, 0xfd, 0xa4, 0xfd, 0xa4, 0xfd, 0xa4, 0xfd, 0xa4, 0xfd, 0xa4, 0xfd, 0xa4, 0xfd, 0xa4, 0xfd,
    0xa4, 0xfd, 0xa4, 0xfd, 0xa4, 0xfd, 0xa4, 0xfd, 0xa4, 0xfd, 0xa4, 0xfd, 0xa4, 0xfd, 0xa4, 0xfd,
    0xa4, 0xfd, 0xa4, 0xfd, 0xa4, 0xfd, 0xa4, 0xfd, 0xa4, 0xfd, 0xa4, 0xfd, 0xa4, 0xfd, 0xa4, 0xfd,
    0xa4, 0xfd, 0xa4, 0xfd, 0xc4, 0xfd, 0xa4, 0xfd, 0xa4, 0xfd, 0xa3, 0xfd, 0x84, 0xfd, 0x83, 0xfd,
    0x83, 0xf5, 0x82, 0xfd, 0x62, 0xfd, 0x42, 0xf5, 0x63, 0xf5, 0x43, 0xf5, 0x40, 0xf5, 0x40, 0xf5,
    0x40, 0xfd, 0x40, 0xf5, 0xc0, 0xfc, 0x40, 0xfd, 0xc0, 0xfc, 0x00, 0xfc, 0x00, 0x00, 0x00, 0x00,
    0x00, 0x00, 0x00, 0x00, 0x00, 0x00, 0x00, 0x00, 0x00, 0x00, 0x00, 0x00, 0x00, 0x00, 0x00, 0x00,
    0x00, 0x00, 0x00, 0x00, 0x00, 0x00, 0x00, 0x00, 0x00, 0xf8, 0xc0, 0xfc, 0x80, 0xfd, 0x40, 0xfd,
    0x40, 0xf5, 0x60, 0xfd, 0x43, 0xf5, 0x43, 0xf5, 0x42, 0xf5, 0x61, 0xfd, 0x83, 0xfd, 0xa4, 0xfd,
    0x04, 0xdd, 0x64, 0xc4, 0x64, 0xc4, 0x64, 0xc4, 0x64, 0xc4, 0x64, 0xc4, 0x64, 0xc4, 0x64, 0xc4,
    0x64, 0xc4, 0x64, 0xc4, 0x64, 0xc4, 0x64, 0xc4, 0x64, 0xc4, 0x64, 0xc4, 0x64, 0xc4, 0x64, 0xc4,
    0x64, 0xc4, 0x64, 0xc4, 0x64, 0xc4, 0x64, 0xc4, 0x64, 0xc4, 0x64, 0xc4, 0x64, 0xc4, 0x64, 0xc4,
    0x64, 0xc4, 0x64, 0xc4, 0x64, 0xc4, 0x64, 0xc4, 0x64, 0xc4, 0x64, 0xc4, 0x64, 0xc4, 0x64, 0xc4,
    0x64, 0xc4, 0x64, 0xc4, 0x64, 0xc4, 0x64, 0xc4, 0x64, 0xc4, 0x64, 0xc4, 0x64, 0xc4, 0x64, 0xc4,
    0x64, 0xc4, 0x64, 0xc4, 0x64, 0xc4, 0x64, 0xc4, 0x64, 0xc4, 0x64, 0xc4, 0x64, 0xc4, 0x64, 0xc4,
    0x64, 0xc4, 0x64, 0xc4, 0x64, 0xc4, 0x64, 0xc4, 0x64, 0xc4, 0x64, 0xc4, 0x64, 0xc4, 0x64, 0xc4,
    0x64, 0xc4, 0x64, 0xc4, 0x64, 0xc4, 0x64, 0xc4, 0x64, 0xc4, 0x64, 0xc4, 0x64, 0xc4, 0x64, 0xc4,
    0x64, 0xc4, 0x64, 0xc4, 0x64, 0xc4, 0x64, 0xc4, 0x64, 0xc4, 0x64, 0xc4, 0x64, 0xc4, 0x64, 0xc4,
    0x64, 0xc4, 0x64, 0xc4, 0x64, 0xc4, 0x64, 0xc4, 0x64, 0xc4, 0x64, 0xc4, 0x64, 0xc4, 0x64, 0xc4,
    0x64, 0xc4, 0x64, 0xc4, 0x64, 0xc4, 0x64, 0xc4, 0x64, 0xc4, 0x64, 0xc4, 0x64, 0xc4, 0x64, 0xc4,
    0x64, 0xc4, 0x64, 0xc4, 0x64, 0xc4, 0x64, 0xc4, 0x64, 0xc4, 0x64, 0xc4, 0x64, 0xc4, 0x64, 0xc4,
    0x64, 0xc4, 0x64, 0xc4, 0x64, 0xc4, 0x64, 0xc4, 0x64, 0xc4, 0x64, 0xc4, 0x64, 0xc4, 0x64, 0xc4,
    0x64, 0xc4, 0x64, 0xc4, 0x64, 0xc4, 0x64, 0xc4, 0x64, 0xc4, 0x64, 0xc4, 0x64, 0xc4, 0x64, 0xc4,
    0x64, 0xc4, 0x64, 0xc4, 0x64, 0xc4, 0x64, 0xc4, 0x64, 0xc4, 0x64, 0xc4, 0x64, 0xc4, 0x64, 0xc4,
    0x64, 0xc4, 0x64, 0xc4, 0x64, 0xc4, 0xe4, 0xd4, 0xc4, 0xfd, 0xc5, 0xfd, 0xc4, 0xfd, 0xa4, 0xfd,
    0x83, 0xfd, 0x83, 0xfd, 0x62, 0xfd, 0x42, 0xf5, 0x42, 0xf5, 0x43, 0xf5, 0x44, 0xf5, 0x40, 0xfd,
    0x40, 0xf5, 0x60, 0xf5, 0x80, 0xfd, 0xe0, 0xfc, 0x40, 0xfd, 0x00, 0xf8, 0x00, 0x00, 0x00, 0x00,
    0x00, 0x00, 0x00, 0x00, 0x00, 0x00, 0x00, 0x00, 0x00, 0x00, 0x00, 0x00, 0x00, 0x00, 0x00, 0x00,
    0x00, 0x00, 0x00, 0x00, 0x00, 0x00, 0x40, 0xfd, 0x80, 0xfc, 0x20, 0xed, 0x40, 0xf5, 0x40, 0xf5,
    0x60, 0xfd, 0x63, 0xf5, 0x42, 0xf5, 0x62, 0xf5, 0x83, 0xfd, 0xa3, 0xfd, 0xc5, 0xfd, 0x62, 0x39,
    0xc1, 0x20, 0xc1, 0x20, 0xc1, 0x20, 0xc1, 0x20, 0xc1, 0x20, 0xc1, 0x20, 0xc1, 0x20, 0xc1, 0x20,
    0xc1, 0x20, 0xc1, 0x20, 0xc1, 0x20, 0xc1, 0x20, 0xc1, 0x20, 0xc1, 0x20, 0xc1, 0x20, 0xc1, 0x20,
    0xc1, 0x20, 0xc1, 0x20, 0xc1, 0x20, 0xc1, 0x20, 0xc1, 0x20, 0xc1, 0x20, 0xc1, 0x20, 0xc1, 0x20,
    0xc1, 0x20, 0xc1, 0x20, 0xc1, 0x20, 0xc1, 0x20, 0xc1, 0x20, 0xc1, 0x20, 0xc1, 0x20, 0xc1, 0x20,
    0xc1, 0x20, 0xc1, 0x20, 0xc1, 0x20, 0xc1, 0x20, 0xc1, 0x20, 0xc1, 0x20, 0xc1, 0x20, 0xc1, 0x20,
    0xc1, 0x20, 0xc1, 0x20, 0xc1, 0x20, 0xc1, 0x20, 0xc1, 0x20, 0xc1, 0x20, 0xc1, 0x20, 0xc1, 0x20,
    0xc1, 0x20, 0xc1, 0x20, 0xc1, 0x20, 0xc1, 0x20, 0xc1, 0x20, 0xc1, 0x20, 0xc1, 0x20, 0xc1, 0x20,
    0xc1, 0x20, 0xc1, 0x20, 0xc1, 0x20, 0xc1, 0x20, 0xc1, 0x20, 0xc1, 0x20, 0xc1, 0x20, 0xc1, 0x20,
    0xc1, 0x20, 0xc1, 0x20, 0xc1, 0x20, 0xc1, 0x20, 0xc1, 0x20, 0xc1, 0x20, 0xc1, 0x20, 0xc1, 0x20,
    0xc1, 0x20, 0xc1, 0x20, 0xc1, 0x20, 0xc1, 0x20, 0xc1, 0x20, 0xc1, 0x20, 0xc1, 0x20, 0xc1, 0x20,
    0xc1, 0x20, 0xc1, 0x20, 0xc1, 0x20, 0xc1, 0x20, 0xc1, 0x20, 0xc1, 0x20, 0xc1, 0x20, 0xc1, 0x20,
    0xc1, 0x20, 0xc1, 0x20, 0xc1, 0x20, 0xc1, 0x20, 0xc1, 0x20, 0xc1, 0x20, 0xc1, 0x20, 0xc1, 0x20,
    0xc1, 0x20, 0xc1, 0x20, 0xc1, 0x20, 0xc1, 0x20, 0xc1, 0x20, 0xc1, 0x20, 0xc1, 0x20, 0xc1, 0x20,
    0xc1, 0x20, 0xc1, 0x20, 0xc1, 0x20, 0xc1, 0x20, 0xc1, 0x20, 0xc1, 0x20, 0xc1, 0x20, 0xc1, 0x20,
    0xc1, 0x20, 0xc1, 0x20, 0xc1, 0x20, 0xc1, 0x20, 0xc1, 0x20, 0xc1, 0x20, 0xc1, 0x20, 0xc1, 0x20,
    0xc1, 0x20, 0xc1, 0x20, 0xc1, 0x20, 0xe1, 0x28, 0xc2, 0x49, 0xc3, 0x7a, 0xe4, 0xd4, 0xc4, 0xfd,
    0xa4, 0xfd, 0x83, 0xfd, 0x62, 0xf5, 0x62, 0xf5, 0x22, 0xf5, 0x63, 0xf5, 0x24, 0xf5, 0x40, 0xf5,
    0x20, 0xf5, 0x40, 0xfd, 0x80, 0xfd, 0xc0, 0xfc, 0x00, 0xfc, 0x00, 0x00, 0x00, 0x00, 0x00, 0x00,
    0x00, 0x00, 0x00, 0x00, 0x00, 0x00, 0x00, 0x00, 0x00, 0x00, 0x00, 0x00, 0x00, 0x00, 0x00, 0x00,
    0x00, 0x00, 0x00, 0xf8, 0xc0, 0xfc, 0x80, 0xfd, 0x40, 0xfd, 0x20, 0xf5, 0x40, 0xfd, 0x43, 0xf5,
    0x43, 0xf5, 0x42, 0xf5, 0x61, 0xf5, 0x83, 0xfd, 0xc4, 0xfd, 0xc4, 0xa3, 0xc1, 0x20, 0xc1, 0x20,
    0xa1, 0x20, 0xa1, 0x18, 0xa1, 0x18, 0xa1, 0x18, 0xa1, 0x18, 0xa1, 0x18, 0xa1, 0x18, 0xa1, 0x18,
    0xa1, 0x18, 0xa1, 0x18, 0xa1, 0x18, 0xa1, 0x18, 0xa1, 0x18, 0xa1, 0x18, 0xa1, 0x18, 0xa1, 0x18,
    0xa1, 0x18, 0xa1, 0x18, 0xa1, 0x18, 0xa1, 0x18, 0xa1, 0x18, 0xa1, 0x18, 0xa1, 0x18, 0xa1, 0x18,
    0xa1, 0x18, 0xa1, 0x18, 0xa1, 0x18, 0xa1, 0x18, 0xa1, 0x18, 0xa1, 0x18, 0xa1, 0x18, 0xa1, 0x18,
    0xa1, 0x18, 0xa1, 0x18, 0xa1, 0x18, 0xa1, 0x18, 0xa1, 0x18, 0xa1, 0x18, 0xa1, 0x18, 0xa1, 0x18,
    0xa1, 0x18, 0xa1, 0x18, 0xa1, 0x18, 0xa1, 0x18, 0xa1, 0x18, 0xa1, 0x18, 0xa1, 0x18, 0xa1, 0x18,
    0xa1, 0x18, 0xa1, 0x18, 0xa1, 0x18, 0xa1, 0x18, 0xa1, 0x18, 0xa1, 0x18, 0xa1, 0x18, 0xa1, 0x18,
    0xa1, 0x18, 0xa1, 0x18, 0xa1, 0x18, 0xa1, 0x18, 0xa1, 0x18, 0xa1, 0x18, 0xa1, 0x18, 0xa1, 0x18,
    0xa1, 0x18, 0xa1, 0x18, 0xa1, 0x18, 0xa1, 0x18, 0xa1, 0x18, 0xa1, 0x18, 0xa1, 0x18, 0xa1, 0x18,
    0xa1, 0x18, 0xa1, 0x18, 0xa1, 0x18, 0xa1, 0x18, 0xa1, 0x18, 0xa1, 0x18, 0xa1, 0x18, 0xa1, 0x18,
    0xa1, 0x18, 0xa1, 0x18, 0xa1, 0x18, 0xa1, 0x18, 0xa1, 0x18, 0xa1, 0x18, 0xa1, 0x18, 0xa1, 0x18,
    0xa1, 0x18, 0xa1, 0x18, 0xa1, 0x18, 0xa1, 0x18, 0xa1, 0x18, 0xa1, 0x18, 0xa1, 0x18, 0xa1, 0x18,
    0xa1, 0x18, 0xa1, 0x18, 0xa1, 0x18, 0xa1, 0x18, 0xa1, 0x18, 0xa1, 0x18, 0xa1, 0x18, 0xa1, 0x18,
    0xa1, 0x18, 0xa1, 0x18, 0xa1, 0x18, 0xa1, 0x18, 0xa1, 0x18, 0xa1, 0x18, 0xa1, 0x18, 0xa1, 0x18,
    0xa1, 0x18, 0xa1, 0x18, 0xa1, 0x18, 0xa1, 0x18, 0xa1, 0x18, 0xa1, 0x18, 0xa1, 0x18, 0xa1, 0x18,
    0xa1, 0x18, 0xa1, 0x18, 0xc1, 0x20, 0xc1, 0x20, 0xc1, 0x20, 0xe1, 0x28, 0x63, 0x93, 0xc5, 0xfd,
    0xc4, 0xfd, 0x83, 0xfd, 0x82, 0xfd, 0x42, 0xf5, 0x43, 0xf5, 0x43, 0xfd, 0x20, 0xfd, 0x40, 0xf5,
    0x00, 0xf5, 0xc0, 0xec, 0xe0, 0xfc, 0x40, 0xfd, 0x00, 0xf8, 0x00, 0x00, 0x00, 0x00, 0x00, 0x00,
    0x00, 0x00, 0x00, 0x00, 0x00, 0x00, 0x00, 0x00, 0x00, 0x00, 0x00, 0x00, 0x00, 0x00, 0x00, 0x00,
    0xa0, 0xfa, 0x80, 0xfc, 0x20, 0xed, 0x40, 0xf5, 0x60, 0xfd, 0x40, 0xf5, 0x43, 0xf5, 0x42, 0xf5,
    0x62, 0xf5, 0x82, 0xf5, 0xa4, 0xfd, 0xa5, 0xf5, 0x62, 0x39, 0xa1, 0x20, 0xa1, 0x18, 0xa1, 0x18,
    0x81, 0x18, 0x81, 0x18, 0x81, 0x18, 0x81, 0x18, 0x81, 0x10, 0x81, 0x10, 0x81, 0x10, 0x81, 0x10,
    0x81, 0x10, 0x81, 0x10, 0x81, 0x10, 0x81, 0x10, 0x81, 0x10, 0x81, 0x10, 0x81, 0x10, 0x81, 0x10,
    0x81, 0x10, 0x81, 0x10, 0x81, 0x10, 0x81, 0x10, 0x81, 0x10, 0x81, 0x10, 0x81, 0x10, 0x81, 0x10,
    0x81, 0x10, 0x81, 0x10, 0x81, 0x10, 0x81, 0x10, 0x81, 0x10, 0x81, 0x10, 0x81, 0x10, 0x81, 0x10,
    0x81, 0x10, 0x81, 0x10, 0x81, 0x10, 0x81, 0x10, 0x81, 0x10, 0x81, 0x10, 0x81, 0x10, 0x81, 0x10,
    0x81, 0x10, 0x81, 0x10, 0x81, 0x10, 0x81, 0x10, 0x81, 0x10, 0x81, 0x10, 0x81, 0x10, 0x81, 0x10,
    0x81, 0x10, 0x81, 0x10, 0x81, 0x10, 0x81, 0x10, 0x81, 0x10, 0x81, 0x10, 0x81, 0x10, 0x81, 0x10,
    0x81, 0x10, 0x81, 0x10, 0x81, 0x10, 0x81, 0x10, 0x81, 0x10, 0x81, 0x10, 0x81, 0x10, 0x81, 0x10,
    0x81, 0x10, 0x81, 0x10, 0x81, 0x10, 0x81, 0x10, 0x81, 0x10, 0x81, 0x10, 0x81, 0x10, 0x81, 0x10,
    0x81, 0x10, 0x81, 0x10, 0x81, 0x10, 0x81, 0x10, 0x81, 0x10, 0x81, 0x10, 0x81, 0x10, 0x81, 0x10,
    0x81, 0x10, 0x81, 0x10, 0x81, 0x10, 0x81, 0x10, 0x81, 0x10, 0x81, 0x10, 0x81, 0x10, 0x81, 0x10,
    0x81, 0x10, 0x81, 0x10, 0x81, 0x10, 0x81, 0x10, 0x81, 0x10, 0x81, 0x10, 0x81, 0x10, 0x81, 0x10,
    0x81, 0x10, 0x81, 0x10, 0x81, 0x10, 0x81, 0x10, 0x81, 0x10, 0x81, 0x10, 0x81, 0x10, 0x81, 0x10,
    0x81, 0x10, 0x81, 0x10, 0x81, 0x10, 0x81, 0x10, 0x81, 0x10, 0x81, 0x10, 0x81, 0x10, 0x81, 0x10,
    0x81, 0x10, 0x81, 0x10, 0x81, 0x10, 0x81, 0x10, 0x81, 0x10, 0x81, 0x10, 0x81, 0x18, 0x81, 0x18,
    0x82, 0xa3, 0xe2, 0x82, 0x22, 0x62, 0xa1, 0x18, 0xc1, 0x20, 0xc1, 0x20, 0xc2, 0x49, 0x24, 0xdd,
    0xa4, 0xfd, 0x83, 0xfd, 0x62, 0xfd, 0x42, 0xf5, 0x43, 0xf5, 0x43, 0xf5, 0x40, 0xf5, 0x20, 0xf5,
    0x60, 0xf5, 0x80, 0xfd, 0xc0, 0xfc, 0x00, 0xf8, 0x00, 0x00, 0x00, 0x00, 0x00, 0x00, 0x00, 0x00,
    0x00, 0x00, 0x00, 0x00, 0x00, 0x00, 0x00, 0x00, 0x00, 0x00, 0x00, 0x00, 0x00, 0x00, 0xc0, 0xfc,
    0x80, 0xfd, 0x40, 0xfd, 0x20, 0xf5, 0x40, 0xfd, 0x43, 0xf5, 0x43, 0xf5, 0x42, 0xf5, 0x61, 0xf5,
    0x83, 0xfd, 0xc4, 0xfd, 0xc4, 0xa3, 0xc1, 0x20, 0xa1, 0x18, 0xa1, 0x18, 0x81, 0x18, 0x81, 0x10,
    0x81, 0x10, 0x61, 0x10, 0x61, 0x10, 0x61, 0x10, 0x61, 0x10, 0x61, 0x10, 0x61, 0x10, 0x61, 0x10,
    0x61, 0x10, 0x61, 0x10, 0x61, 0x10, 0x61, 0x10, 0x61, 0x10, 0x61, 0x10, 0x61, 0x10, 0x61, 0x10,
    0x61, 0x10, 0x61, 0x10, 0x61, 0x10, 0x61, 0x10, 0x61, 0x10, 0x61, 0x10, 0x61, 0x10, 0x61, 0x10,
    0x61, 0x10, 0x61, 0x10, 0x61, 0x10, 0x61, 0x10, 0x61, 0x10, 0x61, 0x10, 0x61, 0x10, 0x61, 0x10,
    0x61, 0x10, 0x61, 0x10, 0x61, 0x10, 0x61, 0x10, 0x61, 0x10, 0x61, 0x10, 0x61, 0x10, 0x61, 0x10,
    0x61, 0x10, 0x61, 0x10, 0x61, 0x10, 0x61, 0x10, 0x61, 0x10, 0x61, 0x10, 0x61, 0x10, 0x61, 0x10,
    0x61, 0x10, 0x61, 0x10, 0x61, 0x10, 0x61, 0x10, 0x61, 0x10, 0x61, 0x10, 0x61, 0x10, 0x61, 0x10,
    0x61, 0x10, 0x61, 0x10, 0x61, 0x10, 0x61, 0x10, 0x61, 0x10, 0x61, 0x10, 0x61, 0x10, 0x61, 0x10,
    0x61, 0x10, 0x61, 0x10, 0x61, 0x10, 0x61, 0x10, 0x61, 0x10, 0x61, 0x10, 0x61, 0x10, 0x61, 0x10,
    0x61, 0x10, 0x61, 0x10, 0x61, 0x10, 0x61, 0x10, 0x61, 0x10, 0x61, 0x10, 0x61, 0x10, 0x61, 0x10,
    0x61, 0x10, 0x61, 0x10, 0x61, 0x10, 0x61, 0x10, 0x61, 0x10, 0x61, 0x10, 0x61, 0x10, 0x61, 0x10,
    0x61, 0x10, 0x61, 0x10, 0x61, 0x10, 0x61, 0x10, 0x61, 0x10, 0x61, 0x10, 0x61, 0x10, 0x61, 0x10,
    0x61, 0x10, 0x61, 0x10, 0x61, 0x10, 0x61, 0x10, 0x61, 0x10, 0x61, 0x10, 0x61, 0x10, 0x61, 0x10,
    0x61, 0x10, 0x61, 0x10, 0x61, 0x10, 0x61, 0x10, 0x61, 0x10, 0x61, 0x10, 0x61, 0x10, 0x61, 0x10,
    0x61, 0x10, 0x61, 0x10, 0x61, 0x10, 0x61, 0x10, 0x61, 0x10, 0x61, 0x10, 0x61, 0x10, 0x21, 0x31,
    0xe2, 0x51, 0x62, 0x6a, 0xc2, 0xb3, 0x81, 0x41, 0xa1, 0x18, 0xc1, 0x20, 0xe2, 0x51, 0xc4, 0xfd,
    0xa4, 0xfd, 0x83, 0xfd, 0x61, 0xf5, 0x42, 0xf5, 0x43, 0xf5, 0x43, 0xf5, 0x40, 0xf5, 0x40, 0xf5,
    0x20, 0xed, 0x80, 0xfc, 0x00, 0xfc, 0x00, 0x00, 0x00, 0x00, 0x00, 0x00, 0x00, 0x00, 0x00, 0x00,
    0x00, 0x00, 0x00, 0x00, 0x00, 0x00, 0x00, 0x00, 0x00, 0x00, 0x00, 0x00, 0x80, 0xfc, 0x20, 0xed,
    0x40, 0xf5, 0x40, 0xf5, 0x40, 0xf5, 0x43, 0xf5, 0x42, 0xf5, 0x42, 0xf5, 0x82, 0xf5, 0xa3, 0xfd,
    0xa5, 0xf5, 0x62, 0x39, 0xc1, 0x20, 0xa1, 0x18, 0x81, 0x18, 0x81, 0x10, 0x61, 0x10, 0x61, 0x10,
    0x61, 0x10, 0x61, 0x10, 0x41, 0x08, 0x41, 0x08, 0x41, 0x08, 0x41, 0x08, 0x41, 0x08, 0x41, 0x08,
    0x41, 0x08, 0x41, 0x08, 0x41, 0x08, 0x41, 0x08, 0x41, 0x08, 0x41, 0x08, 0x41, 0x08, 0x41, 0x08,
    0x41, 0x08, 0x41, 0x08, 0x41, 0x08, 0x41, 0x08, 0x41, 0x08, 0x41, 0x08, 0x41, 0x08, 0x41, 0x08,
    0x41, 0x08, 0x41, 0x08, 0x41, 0x08, 0x41, 0x08, 0x41, 0x08, 0x41, 0x08, 0x41, 0x08, 0x41, 0x08,
    0x41, 0x08, 0x41, 0x08, 0x41, 0x08, 0x41, 0x08, 0x41, 0x08, 0x41, 0x08, 0x41, 0x08, 0x41, 0x08,
    0x41, 0x08, 0x41, 0x08, 0x41, 0x08, 0x41, 0x08, 0x41, 0x08, 0x41, 0x08, 0x41, 0x08, 0x41, 0x08,
    0x41, 0x08, 0x41, 0x08, 0x41, 0x08, 0x41, 0x08, 0x41, 0x08, 0x41, 0x08, 0x41, 0x08, 0x41, 0x08,
    0x41, 0x08, 0x41, 0x08, 0x41, 0x08, 0x41, 0x08, 0x41, 0x08, 0x41, 0x08, 0x41, 0x08, 0x41, 0x08,
    0x41, 0x08, 0x41, 0x08, 0x41, 0x08, 0x41, 0x08, 0x41, 0x08, 0x41, 0x08, 0x41, 0x08, 0x41, 0x08,
    0x41, 0x08, 0x41, 0x08, 0x41, 0x08, 0x41, 0x08, 0x41, 0x08, 0x41, 0x08, 0x41, 0x08, 0x41, 0x08,
    0x41, 0x08, 0x41, 0x08, 0x41, 0x08, 0x41, 0x08, 0x41, 0x08, 0x41, 0x08, 0x41, 0x08, 0x41, 0x08,
    0x41, 0x08, 0x41, 0x08, 0x41, 0x08, 0x41, 0x08, 0x41, 0x08, 0x41, 0x08, 0x41, 0x08, 0x41, 0x08,
    0x41, 0x08, 0x41, 0x08, 0x41, 0x08, 0x41, 0x08, 0x41, 0x08, 0x41, 0x08, 0x41, 0x08, 0x41, 0x08,
    0x41, 0x08, 0x41, 0x08, 0x41, 0x08, 0x41, 0x08, 0x41, 0x08, 0x41, 0x08, 0x41, 0x08, 0x41, 0x08,
    0x41, 0x08, 0x41, 0x08, 0x41, 0x08, 0x41, 0x08, 0x61, 0x10, 0x01, 0x31, 0x01, 0x31, 0x61, 0x10,
    0x61, 0x10, 0xc1, 0x20, 0x62, 0x9b, 0x81, 0x41, 0xa1, 0x18, 0xc1, 0x20, 0x43, 0x93, 0xc5, 0xfd,
    0x84, 0xfd, 0x62, 0xf5, 0x42, 0xf5, 0x43, 0xf5, 0x63, 0xf5, 0x20, 0xf5, 0x20, 0xf5, 0x20, 0xfd,
    0x40, 0xfd, 0x40, 0xfd, 0x00, 0x00, 0x00, 0x00, 0x00, 0x00, 0x00, 0x00, 0x00, 0x00, 0x00, 0x00,
    0x00, 0x00, 0x00, 0x00, 0x00, 0x00, 0x00, 0x00, 0x00, 0x00, 0x20, 0xfe, 0x40, 0xfd, 0x40, 0xf5,
    0x40, 0xfd, 0x43, 0xf5, 0x43, 0xf5, 0x42, 0xf5, 0x61, 0xf5, 0x83, 0xfd, 0xa5, 0xfd, 0xc3, 0xa3,
    0xc1, 0x20, 0xa1, 0x18, 0x81, 0x18, 0x81, 0x10, 0x61, 0x10, 0x61, 0x10, 0x41, 0x08, 0x41, 0x08,
    0x41, 0x08, 0x41, 0x08, 0x41, 0x08, 0x41, 0x08, 0x41, 0x08, 0x41, 0x08, 0x41, 0x08, 0x41, 0x08,
    0x41, 0x08, 0x41, 0x08, 0x41, 0x08, 0x41, 0x08, 0x41, 0x08, 0x41, 0x08, 0x41, 0x08, 0x41, 0x08,
    0x41, 0x08, 0x41, 0x08, 0x41, 0x08, 0x41, 0x08, 0x41, 0x08, 0x41, 0x08, 0x41, 0x08, 0x41, 0x08,
    0x41, 0x08, 0x41, 0x08, 0x41, 0x08, 0x41, 0x08, 0x41, 0x08, 0x41, 0x08, 0x41, 0x08, 0x41, 0x08,
    0x41, 0x08, 0x41, 0x08, 0x41, 0x08, 0x41, 0x08, 0x41, 0x08, 0x41, 0x08, 0x41, 0x08, 0x41, 0x08,
    0x41, 0x08, 0x41, 0x08, 0x41, 0x08, 0x41, 0x08, 0x41, 0x08, 0x41, 0x08, 0x41, 0x08, 0x41, 0x08,
    0x41, 0x08, 0x41, 0x08, 0x41, 0x08, 0x41, 0x08, 0x41, 0x08, 0x41, 0x08, 0x41, 0x08, 0x41, 0x08,
    0x41, 0x08, 0x41, 0x08, 0x41, 0x08, 0x41, 0x08, 0x41, 0x08, 0x41, 0x08, 0x41, 0x08, 0x41, 0x08,
    0x41, 0x08, 0x41, 0x08, 0x41, 0x08, 0x41, 0x08, 0x41, 0x08, 0x41, 0x08, 0x41, 0x08, 0x41, 0x08,
    0x41, 0x08, 0x41, 0x08, 0x41, 0x08, 0x41, 0x08, 0x41, 0x08, 0x41, 0x08, 0x41, 0x08, 0x41, 0x08,
    0x41, 0x08, 0x41, 0x08, 0x41, 0x08, 0x41, 0x08, 0x41, 0x08, 0x41, 0x08, 0x41, 0x08, 0x41, 0x08,
    0x41, 0x08, 0x41, 0x08, 0x41, 0x08, 0x41, 0x08, 0x41, 0x08, 0x41, 0x08, 0x41, 0x08, 0x41, 0x08,
    0x41, 0x08, 0x41, 0x08, 0x41, 0x08, 0x41, 0x08, 0x41, 0x08, 0x41, 0x08, 0x41, 0x08, 0x41, 0x08,
    0x41, 0x08, 0x41, 0x08, 0x41, 0x08, 0x41, 0x08, 0x41, 0x08, 0x41, 0x08, 0x41, 0x08, 0x41, 0x08,
    0x41, 0x08, 0x41, 0x08, 0x42, 0x6a, 0xc2, 0xb3, 0xc2, 0xb3, 0xc2, 0xb3, 0xc2, 0xab, 0x42, 0x62,
    0x61, 0x10, 0x61, 0x10, 0x62, 0x9b, 0x81, 0x41, 0xc1, 0x20, 0xe1, 0x20, 0xc4, 0xd4, 0xc4, 0xfd,
    0x63, 0xf5, 0x62, 0xf5, 0x22, 0xf5, 0x43, 0xfd, 0x24, 0xf5, 0x20, 0xfd, 0x60, 0xfd, 0x80, 0xfd,
    0x00, 0xfc, 0x00, 0xf8, 0x00, 0x00, 0x00, 0x00, 0x00, 0x00, 0x00, 0x00, 0x00, 0x00, 0x00, 0x00,
    0x00, 0x00, 0x00, 0x00, 0x00, 0x00, 0x00, 0x00, 0x20, 0xed, 0x40, 0xf5, 0x40, 0xf5, 0x60, 0xfd,
    0x43, 0xf5, 0x62, 0xf5, 0x42, 0xf5, 0x82, 0xf5, 0xa3, 0xfd, 0xa5, 0xf5, 0x62, 0x39, 0xc1, 0x20,
    0xa1, 0x18, 0x81, 0x10, 0x61, 0x10, 0x61, 0x10, 0x41, 0x08, 0x41, 0x08, 0x41, 0x08, 0x21, 0x08,
    0x21, 0x08, 0x21, 0x08, 0x21, 0x08, 0x21, 0x08, 0x21, 0x08, 0x21, 0x08, 0x21, 0x08, 0x21, 0x08,
    0x21, 0x08, 0x21, 0x08, 0x21, 0x08, 0x21, 0x08, 0x21, 0x08, 0x21, 0x08, 0x21, 0x08, 0x21, 0x08,
    0x21, 0x08, 0x21, 0x08, 0x21, 0x08, 0x21, 0x08, 0x21, 0x08, 0x21, 0x08, 0x21, 0x08, 0x21, 0x08,
    0x21, 0x08, 0x21, 0x08, 0x21, 0x08, 0x21, 0x08, 0x21, 0x08, 0x21, 0x08, 0x21, 0x08, 0x21, 0x08,
    0x21, 0x08, 0x21, 0x08, 0x21, 0x08, 0x21, 0x08, 0x21, 0x08, 0x21, 0x08, 0x21, 0x08, 0x21, 0x08,
    0x21, 0x08, 0x21, 0x08, 0x21, 0x08, 0x21, 0x08, 0x21, 0x08, 0x21, 0x08, 0x21, 0x08, 0x21, 0x08,
    0x21, 0x08, 0x21, 0x08, 0x21, 0x08, 0x21, 0x08, 0x21, 0x08, 0x21, 0x08, 0x21, 0x08, 0x21, 0x08,
    0x21, 0x08, 0x21, 0x08, 0x21, 0x08, 0x21, 0x08, 0x21, 0x08, 0x21, 0x08, 0x21, 0x08, 0x21, 0x08,
    0x21, 0x08, 0x21, 0x08, 0x21, 0x08, 0x21, 0x08, 0x21, 0x08, 0x21, 0x08, 0x21, 0x08, 0x21, 0x08,
    0x21, 0x08, 0x21, 0x08, 0x21, 0x08, 0x21, 0x08, 0x21, 0x08, 0x21, 0x08, 0x21, 0x08, 0x21, 0x08,
    0x21, 0x08, 0x21, 0x08, 0x21, 0x08, 0x21, 0x08, 0x21, 0x08, 0x21, 0x08, 0x21, 0x08, 0x21, 0x08,
    0x21, 0x08, 0x21, 0x08, 0x21, 0x08, 0x21, 0x08, 0x21, 0x08, 0x21, 0x08, 0x21, 0x08, 0x21, 0x08,
    0x21, 0x08, 0x21, 0x08, 0x21, 0x08, 0x21, 0x08, 0x21, 0x08, 0x21, 0x08, 0x21, 0x08, 0x21, 0x08,
    0x21, 0x08, 0x21, 0x08, 0x21, 0x08, 0x21, 0x08, 0x21, 0x08, 0x21, 0x08, 0x21, 0x08, 0x21, 0x08,
    0x42, 0x6a, 0xc2, 0x82, 0x21, 0x08, 0x01, 0x00, 0x21, 0x00, 0x21, 0x08, 0xc2, 0x82, 0x42, 0x6a,
    0x61, 0x10, 0xc1, 0x20, 0xc2, 0xb3, 0xa1, 0x18, 0xc1, 0x20, 0xc3, 0x72, 0xc4, 0xfd, 0x83, 0xfd,
    0x62, 0xf5, 0x42, 0xf5, 0x43, 0xf5, 0x43, 0xf5, 0x60, 0xfd, 0x60, 0xf5, 0xe0, 0xfd, 0xc0, 0xfc,
    0x00, 0xf8, 0x00, 0x00, 0x00, 0x00, 0x00, 0x00, 0x00, 0x00, 0x00, 0x00, 0x00, 0x00, 0x00, 0x00,
    0x00, 0x00, 0x00, 0x00, 0x00, 0x00, 0x40, 0xfd, 0x40, 0xf5, 0x60, 0xfd, 0x43, 0xf5, 0x43, 0xf5,
    0x42, 0xf5, 0x61, 0xf5, 0x83, 0xfd, 0xa5, 0xfd, 0xc3, 0xa3, 0xc1, 0x20, 0xa1, 0x18, 0x81, 0x18,
    0x61, 0x10, 0x61, 0x10, 0x41, 0x08, 0x41, 0x08, 0x21, 0x08, 0x21, 0x08, 0x21, 0x00, 0x21, 0x00,
    0x21, 0x00, 0x21, 0x00, 0x21, 0x00, 0x21, 0x00, 0x21, 0x00, 0x21, 0x00, 0x21, 0x00, 0x21, 0x00,
    0x21, 0x00, 0x21, 0x00, 0x21, 0x00, 0x21, 0x00, 0x21, 0x00, 0x21, 0x00, 0x21, 0x00, 0x21, 0x00,
    0x21, 0x00, 0x21, 0x00, 0x21, 0x00, 0x21, 0x00, 0x21, 0x00, 0x21, 0x00, 0x21, 0x00, 0x21, 0x00,
    0x21, 0x00, 0x21, 0x00, 0x21, 0x00, 0x21, 0x00, 0x21, 0x00, 0x21, 0x00, 0x21, 0x00, 0x21, 0x00,
    0x21, 0x00, 0x21, 0x00, 0x21, 0x00, 0x21, 0x00, 0x21, 0x00, 0x21, 0x00, 0x21, 0x00, 0x21, 0x00,
    0x21, 0x00, 0x21, 0x00, 0x21, 0x00, 0x21, 0x00, 0x21, 0x00, 0x21, 0x00, 0x21, 0x00, 0x21, 0x00,
    0x21, 0x00, 0x21, 0x00, 0x21, 0x00, 0x21, 0x00, 0x21, 0x00, 0x21, 0x00, 0x21, 0x00, 0x21, 0x00,
    0x21, 0x00, 0x21, 0x00, 0x21, 0x00, 0x21, 0x00, 0x21, 0x00, 0x21, 0x00, 0x21, 0x00, 0x21, 0x00,
    0x21, 0x00, 0x21, 0x00, 0x21, 0x00, 0x21, 0x00, 0x21, 0x00, 0x21, 0x00, 0x21, 0x00, 0x21, 0x00,
    0x21, 0x00, 0x21, 0x00, 0x21, 0x00, 0x21, 0x00, 0x21, 0x00, 0x21, 0x00, 0x21, 0x00, 0x21, 0x00,
    0x21, 0x00, 0x21, 0x00, 0x21, 0x00, 0x21, 0x00, 0x21, 0x00, 0x21, 0x00, 0x21, 0x00, 0x21, 0x00,
    0x21, 0x00, 0x21, 0x00, 0x21, 0x00, 0x21, 0x00, 0x21, 0x00, 0x21, 0x00, 0x21, 0x00, 0x21, 0x00,
    0x21, 0x00, 0x21, 0x00, 0x21, 0x00, 0x21, 0x00, 0x21, 0x00, 0x21, 0x00, 0x21, 0x00, 0x21, 0x00,
    0x21, 0x00, 0x21, 0x00, 0x21, 0x00, 0x21, 0x00, 0x21, 0x00, 0x21, 0x00, 0x22, 0x62, 0xc2, 0x82,
    0x01, 0x00, 0x01, 0x00, 0x01, 0x00, 0xc2, 0x59, 0x61, 0x10, 0x21, 0x00, 0xc2, 0x82, 0x22, 0x62,
    0x61, 0x10, 0x62, 0x72, 0x22, 0x62, 0xc1, 0x20, 0xc2, 0x49, 0xc5, 0xfd, 0xa4, 0xfd, 0x62, 0xf5,
    0x42, 0xfd, 0x43, 0xf5, 0x44, 0xf5, 0x40, 0xf5, 0x00, 0xf5, 0x80, 0xfd, 0x40, 0xfd, 0x00, 0xfc,
    0x00, 0x00, 0x00, 0x00, 0x00, 0x00, 0x00, 0x00, 0x00, 0x00, 0x00, 0x00, 0x00, 0x00, 0x00, 0x00,
    0x00, 0x00, 0x00, 0x00, 0x40, 0xf5, 0x40, 0xf5, 0x40, 0xf5, 0x43, 0xf5, 0x42, 0xf5, 0x42, 0xf5,
    0x62, 0xf5, 0xa3, 0xfd, 0xa5, 0xf5, 0x62, 0x39, 0xc1, 0x20, 0xa1, 0x18, 0x81, 0x10, 0x61, 0x10,
    0x41, 0x08, 0x41, 0x08, 0x21, 0x08, 0x21, 0x08, 0x21, 0x00, 0x01, 0x00, 0x01, 0x00, 0x01, 0x00,
    0x01, 0x00, 0x01, 0x00, 0x01, 0x00, 0x01, 0x00, 0x01, 0x00, 0x01, 0x00, 0x01, 0x00, 0x01, 0x00,
    0x01, 0x00, 0x01, 0x00, 0x01, 0x00, 0x01, 0x00, 0x01, 0x00, 0x01, 0x00, 0x01, 0x00, 0x01, 0x00,
    0x01, 0x00, 0x01, 0x00, 0x01, 0x00, 0x01, 0x00, 0x01, 0x00, 0x01, 0x00, 0x01, 0x00, 0x01, 0x00,
    0x01, 0x00, 0x01, 0x00, 0x01, 0x00, 0x01, 0x00, 0x01, 0x00, 0x01, 0x00, 0x01, 0x00, 0x01, 0x00,
    0x01, 0x00, 0x01, 0x00, 0x01, 0x00, 0x01, 0x00, 0x01, 0x00, 0x01, 0x00, 0x01, 0x00, 0x01, 0x00,
    0x01, 0x00, 0x01, 0x00, 0x01, 0x00, 0x01, 0x00, 0x01, 0x00, 0x01, 0x00, 0x01, 0x00, 0x01, 0x00,
    0x01, 0x00, 0x01, 0x00, 0x01, 0x00, 0x01, 0x00, 0x01, 0x00, 0x01, 0x00, 0x01, 0x00, 0x01, 0x00,
    0x01, 0x00, 0x01, 0x00, 0x01, 0x00, 0x01, 0x00, 0x01, 0x00, 0x01, 0x00, 0x01, 0x00, 0x01, 0x00,
    0x01, 0x00, 0x01, 0x00, 0x01, 0x00, 0x01, 0x00, 0x01, 0x00, 0x01, 0x00, 0x01, 0x00, 0x01, 0x00,
    0x01, 0x00, 0x01, 0x00, 0x01, 0x00, 0x01, 0x00, 0x01, 0x00, 0x01, 0x00, 0x01, 0x00, 0x01, 0x00,
    0x01, 0x00, 0x01, 0x00, 0x01, 0x00, 0x01, 0x00, 0x01, 0x00, 0x01, 0x00, 0x01, 0x00, 0x01, 0x00,
    0x01, 0x00, 0x01, 0x00, 0x01, 0x00, 0x01, 0x00, 0x01, 0x00, 0x01, 0x00, 0x01, 0x00, 0x01, 0x00,
    0x01, 0x00, 0x01, 0x00, 0x01, 0x00, 0x01, 0x00, 0x01, 0x00, 0x01, 0x00, 0x01, 0x00, 0x01, 0x00,
    0x01, 0x00, 0x01, 0x00, 0x01, 0x00, 0x01, 0x00, 0x21, 0x08, 0xc2, 0xb3, 0x21, 0x00, 0x01, 0x00,
    0x01, 0x00, 0x01, 0x00, 0x83, 0xd4, 0x22, 0xc4, 0xc1, 0x20, 0x41, 0x08, 0xc2, 0xab, 0x81, 0x10,
    0xe2, 0x59, 0xc2, 0x82, 0xc1, 0x20, 0x01, 0x29, 0xc5, 0xfd, 0xa4, 0xfd, 0x62, 0xfd, 0x42, 0xf5,
    0x43, 0xf5, 0x44, 0xf5, 0x60, 0xf5, 0x80, 0xf5, 0x20, 0xfd, 0x80, 0xfc, 0x00, 0xfc, 0x00, 0x00,
    0x00, 0x00, 0x00, 0x00, 0x00, 0x00, 0x00, 0x00, 0x00, 0x00, 0x00, 0x00, 0x00, 0x00, 0x00, 0x00,
    0x00, 0x00, 0x20, 0xf5, 0x60, 0xfd, 0x63, 0xf5, 0x43, 0xf5, 0x42, 0xf5, 0x61, 0xf5, 0x83, 0xfd,
    0xc4, 0xfd, 0xc3, 0xa3, 0xc1, 0x20, 0xa1, 0x18, 0x81, 0x18, 0x61, 0x10, 0x61, 0x10, 0x41, 0x08,
    0x41, 0x08, 0x21, 0x08, 0x21, 0x00, 0x01, 0x00, 0x01, 0x00, 0x01, 0x00, 0x01, 0x00, 0x01, 0x00,
    0x01, 0x00, 0x01, 0x00, 0x01, 0x00, 0x01, 0x00, 0x01, 0x00, 0x01, 0x00, 0x01, 0x00, 0x01, 0x00,
    0x01, 0x00, 0x01, 0x00, 0x01, 0x00, 0x01, 0x00, 0x01, 0x00, 0x01, 0x00, 0x01, 0x00, 0x01, 0x00,
    0x01, 0x00, 0x01, 0x00, 0x01, 0x00, 0x01, 0x00, 0x01, 0x00, 0x01, 0x00, 0x01, 0x00, 0x01, 0x00,
    0x01, 0x00, 0x01, 0x00, 0x01, 0x00, 0x01, 0x00, 0x01, 0x00, 0x01, 0x00, 0x01, 0x00, 0x01, 0x00,
    0x01, 0x00, 0x01, 0x00, 0x01, 0x00, 0x01, 0x00, 0x01, 0x00, 0x01, 0x00, 0x01, 0x00, 0x01, 0x00,
    0x01, 0x00, 0x01, 0x00, 0x01, 0x00, 0x01, 0x00, 0x01, 0x00, 0x01, 0x00, 0x01, 0x00, 0x01, 0x00,
    0x01, 0x00, 0x01, 0x00, 0x01, 0x00, 0x01, 0x00, 0x01, 0x00, 0x01, 0x00, 0x01, 0x00, 0x01, 0x00,
    0x01, 0x00, 0x01, 0x00, 0x01, 0x00, 0x01, 0x00, 0x01, 0x00, 0x01, 0x00, 0x01, 0x00, 0x01, 0x00,
    0x01, 0x00, 0x01, 0x00, 0x01, 0x00, 0x01, 0x00, 0x01, 0x00, 0x01, 0x00, 0x01, 0x00, 0x01, 0x00,
    0x01, 0x00, 0x01, 0x00, 0x01, 0x00, 0x01, 0x00, 0x01, 0x00, 0x01, 0x00, 0x01, 0x00, 0x01, 0x00,
    0x01, 0x00, 0x01, 0x00, 0x01, 0x00, 0x01, 0x00, 0x01, 0x00, 0x01, 0x00, 0x01, 0x00, 0x01, 0x00,
    0x01, 0x00, 0x01, 0x00, 0x01, 0x00, 0x01, 0x00, 0x01, 0x00, 0x01, 0x00, 0x01, 0x00, 0x01, 0x00,
    0x01, 0x00, 0x01, 0x00, 0x01, 0x00, 0x01, 0x00, 0x01, 0x00, 0x01, 0x00, 0x01, 0x00, 0x01, 0x00,
    0x01, 0x00, 0x01, 0x00, 0x01, 0x00, 0xc1, 0x20, 0xe2, 0xb3, 0x01, 0x00, 0x01, 0x00, 0x01, 0x00,
    0x01, 0x00, 0x83, 0xd4, 0x83, 0xd4, 0x62, 0x72, 0x21, 0x00, 0xe2, 0xb3, 0x01, 0x29, 0x21, 0x39,
    0x62, 0xa3, 0xa1, 0x18, 0xc1, 0x20, 0xe4, 0xd4, 0xa4, 0xfd, 0x82, 0xfd, 0x62, 0xf5, 0x43, 0xf5,
    0x63, 0xf5, 0x40, 0xf5, 0x40, 0xf5, 0xc0, 0xec, 0x80, 0xfc, 0x00, 0xfc, 0x00, 0x00, 0x00, 0x00,
    0x00, 0x00, 0x00, 0x00, 0x00, 0x00, 0x00, 0x00, 0x00, 0x00, 0x00, 0x00, 0x00, 0x00, 0x00, 0x00,
    0x40, 0xfd, 0x20, 0xf5, 0x43, 0xf5, 0x42, 0xf5, 0x42, 0xf5, 0x62, 0xf5, 0x83, 0xfd, 0xa5, 0xfd,
    0x62, 0x39, 0xc1, 0x20, 0xa1, 0x18, 0x81, 0x10, 0x61, 0x10, 0x61, 0x10, 0x41, 0x08, 0x41, 0x08,
    0x21, 0x08, 0x21, 0x00, 0x01, 0x00, 0x01, 0x00, 0x01, 0x00, 0x01, 0x00, 0x01, 0x00, 0x01, 0x00,
    0x01, 0x00, 0x01, 0x00, 0x01, 0x00, 0x01, 0x00, 0x01, 0x00, 0x01, 0x00, 0x01, 0x00, 0x01, 0x00,
    0x01, 0x00, 0x01, 0x00, 0x01, 0x00, 0x01, 0x00, 0x01, 0x00, 0x01, 0x00, 0x01, 0x00, 0x01, 0x00,
    0x01, 0x00, 0x01, 0x00, 0x01, 0x00, 0x01, 0x00, 0x01, 0x00, 0x01, 0x00, 0x01, 0x00, 0x01, 0x00,
    0x01, 0x00, 0x01, 0x00, 0x01, 0x00, 0x01, 0x00, 0x01, 0x00, 0x01, 0x00, 0x01, 0x00, 0x01, 0x00,
    0x01, 0x00, 0x01, 0x00, 0x01, 0x00, 0x01, 0x00, 0x01, 0x00, 0x01, 0x00, 0x01, 0x00, 0x01, 0x00,
    0x01, 0x00, 0x01, 0x00, 0x01, 0x00, 0x01, 0x00, 0x01, 0x00, 0x01, 0x00, 0x01, 0x00, 0x01, 0x00,
    0x01, 0x00, 0x01, 0x00, 0x01, 0x00, 0x01, 0x00, 0x01, 0x00, 0x01, 0x00, 0x01, 0x00, 0x01, 0x00,
    0x01, 0x00, 0x01, 0x00, 0x01, 0x00, 0x01, 0x00, 0x01, 0x00, 0x01, 0x00, 0x01, 0x00, 0x01, 0x00,
    0x01, 0x00, 0x01, 0x00, 0x01, 0x00, 0x01, 0x00, 0x01, 0x00, 0x01, 0x00, 0x01, 0x00, 0x01, 0x00,
    0x01, 0x00, 0x01, 0x00, 0x01, 0x00, 0x01, 0x00, 0x01, 0x00, 0x01, 0x00, 0x01, 0x00, 0x01, 0x00,
    0x01, 0x00, 0x01, 0x00, 0x01, 0x00, 0x01, 0x00, 0x01, 0x00, 0x01, 0x00, 0x01, 0x00, 0x01, 0x00,
    0x01, 0x00, 0x01, 0x00, 0x01, 0x00, 0x01, 0x00, 0x01, 0x00, 0x01, 0x00, 0x01, 0x00, 0x01, 0x00,
    0x01, 0x00, 0x01, 0x00, 0x01, 0x00, 0x01, 0x00, 0x01, 0x00, 0x01, 0x00, 0x01, 0x00, 0x01, 0x00,
    0x01, 0x00, 0x01, 0x00, 0xc1, 0x20, 0xe2, 0xb3, 0x01, 0x00, 0x82, 0x72, 0x83, 0xd4, 0x83, 0xd4,
    0x83, 0xd4, 0x83, 0xd4, 0x82, 0x72, 0x21, 0x00, 0xe2, 0xb3, 0x01, 0x29, 0x21, 0x31, 0x62, 0xa3,
    0xa1, 0x18, 0xc1, 0x20, 0x83, 0xcc, 0xa4, 0xfd, 0x82, 0xfd, 0x42, 0xf5, 0x43, 0xf5, 0x63, 0xf5,
    0x40, 0xf5, 0x40, 0xf5, 0xc0, 0xec, 0x80, 0xfc, 0x00, 0xfc, 0x00, 0x00, 0x00, 0x00, 0x00, 0x00,
    0x00, 0x00, 0x00, 0x00, 0x00, 0x00, 0x00, 0x00, 0x00, 0x00, 0x00, 0x00, 0x00, 0x00, 0x20, 0xf5,
    0x44, 0xf5, 0x43, 0xf5, 0x42, 0xf5, 0x61, 0xf5, 0x83, 0xfd, 0xa4, 0xfd, 0xc3, 0xa3, 0xc1, 0x20,
    0xa1, 0x18, 0xa1, 0x18, 0x81, 0x10, 0x61, 0x10, 0x61, 0x10, 0x41, 0x08, 0x41, 0x08, 0x21, 0x08,
    0x21, 0x00, 0x21, 0x00, 0x01, 0x00, 0x01, 0x00, 0x01, 0x00, 0x01, 0x00, 0x01, 0x00, 0x01, 0x00,
    0x01, 0x00, 0x01, 0x00, 0x01, 0x00, 0x01, 0x00, 0x01, 0x00, 0x01, 0x00, 0x01, 0x00, 0x01, 0x00,
    0x01, 0x00, 0x01, 0x00, 0x01, 0x00, 0x01, 0x00, 0x01, 0x00, 0x01, 0x00, 0x01, 0x00, 0x01, 0x00,
    0x01, 0x00, 0x01, 0x00, 0x01, 0x00, 0x01, 0x00, 0x01, 0x00, 0x01, 0x00, 0x01, 0x00, 0x01, 0x00,
    0x01, 0x00, 0x01, 0x00, 0x01, 0x00, 0x01, 0x00, 0x01, 0x00, 0x01, 0x00, 0x01, 0x00, 0x01, 0x00,
    0x01, 0x00, 0x01, 0x00, 0x01, 0x00, 0x01, 0x00, 0x01, 0x00, 0x01, 0x00, 0x01, 0x00, 0x01, 0x00,
    0x01, 0x00, 0x01, 0x00, 0x01, 0x00, 0x01, 0x00, 0x01, 0x00, 0x01, 0x00, 0x01, 0x00, 0x01, 0x00,
    0x01, 0x00, 0x01, 0x00, 0x01, 0x00, 0x01, 0x00, 0x01, 0x00, 0x01, 0x00, 0x01, 0x00, 0x01, 0x00,
    0x01, 0x00, 0x01, 0x00, 0x01, 0x00, 0x01, 0x00, 0x01, 0x00, 0x01, 0x00, 0x01, 0x00, 0x01, 0x00,
    0x01, 0x00, 0x01, 0x00, 0x01, 0x00, 0x01, 0x00, 0x01, 0x00, 0x01, 0x00, 0x01, 0x00, 0x01, 0x00,
    0x01, 0x00, 0x01, 0x00, 0x01, 0x00, 0x01, 0x00, 0x01, 0x00, 0x01, 0x00, 0x01, 0x00, 0x01, 0x00,
    0x01, 0x00, 0x01, 0x00, 0x01, 0x00, 0x01, 0x00, 0x01, 0x00, 0x01, 0x00, 0x01, 0x00, 0x01, 0x00,
    0x01, 0x00, 0x01, 0x00, 0x01, 0x00, 0x01, 0x00, 0x01, 0x00, 0x01, 0x00, 0x01, 0x00, 0x01, 0x00,
    0x01, 0x00, 0x01, 0x00, 0x01, 0x00, 0x01, 0x00, 0x01, 0x00, 0x01, 0x00, 0x01, 0x00, 0x01, 0x00,
    0x01, 0x00, 0x21, 0x08, 0xc2, 0xab, 0x21, 0x00, 0x41, 0x39, 0x83, 0xd4, 0x83, 0xd4, 0x83, 0xd4,
    0x83, 0xd4, 0x21, 0x39, 0x41, 0x08, 0xa2, 0xab, 0x81, 0x10, 0xe2, 0x59, 0xc2, 0x82, 0xa1, 0x18,
    0xe2, 0x28, 0x84, 0xf5, 0xa3, 0xfd, 0x62, 0xfd, 0x42, 0xf5, 0x43, 0xf5, 0x44, 0xf5, 0x20, 0xf5,
    0x80, 0xf5, 0x20, 0xfd, 0x80, 0xfc, 0x00, 0xfc, 0x00, 0x00, 0x00, 0x00, 0x00, 0x00, 0x00, 0x00,
    0x00, 0x00, 0x00, 0x00, 0x00, 0x00, 0x00, 0x00, 0x00, 0x00, 0x00, 0x00, 0x40, 0xfd, 0x63, 0xf5,
    0x43, 0xf5, 0x42, 0xf5, 0x83, 0xfd, 0xa3, 0xfd, 0xa5, 0xf5, 0x62, 0x39, 0xc1, 0x20, 0xa1, 0x18,
    0x81, 0x18, 0x81, 0x10, 0x61, 0x10, 0x61, 0x10, 0x41, 0x08, 0x41, 0x08, 0x21, 0x08, 0x21, 0x08,
    0x21, 0x00, 0x21, 0x00, 0x21, 0x00, 0x21, 0x00, 0x21, 0x00, 0x21, 0x00, 0x21, 0x00, 0x21, 0x00,
    0x21, 0x00, 0x21, 0x00, 0x21, 0x00, 0x21, 0x00, 0x21, 0x00, 0x21, 0x00, 0x21, 0x00, 0x21, 0x00,
    0x21, 0x00, 0x21, 0x00, 0x21, 0x00, 0x21, 0x00, 0x21, 0x00, 0x21, 0x00, 0x21, 0x00, 0x21, 0x00,
    0x21, 0x00, 0x21, 0x00, 0x21, 0x00, 0x21, 0x00, 0x21, 0x00, 0x21, 0x00, 0x21, 0x00, 0x21, 0x00,
    0x21, 0x00, 0x21, 0x00, 0x21, 0x00, 0x21, 0x00, 0x21, 0x00, 0x21, 0x00, 0x21, 0x00, 0x21, 0x00,
    0x21, 0x00, 0x21, 0x00, 0x21, 0x00, 0x21, 0x00, 0x21, 0x00, 0x21, 0x00, 0x21, 0x00, 0x21, 0x00,
    0x21, 0x00, 0x21, 0x00, 0x21, 0x00, 0x21, 0x00, 0x21, 0x00, 0x21, 0x00, 0x21, 0x00, 0x21, 0x00,
    0x21, 0x00, 0x21, 0x00, 0x21, 0x00, 0x21, 0x00, 0x21, 0x00, 0x21, 0x00, 0x21, 0x00, 0x21, 0x00,
    0x21, 0x00, 0x21, 0x00, 0x21, 0x00, 0x21, 0x00, 0x21, 0x00, 0x21, 0x00, 0x21, 0x00, 0x21, 0x00,
    0x21, 0x00, 0x21, 0x00, 0x21, 0x00, 0x21, 0x00, 0x21, 0x00, 0x21, 0x00, 0x21, 0x00, 0x21, 0x00,
    0x21, 0x00, 0x21, 0x00, 0x21, 0x00, 0x21, 0x00, 0x21, 0x00, 0x21, 0x00, 0x21, 0x00, 0x21, 0x00,
    0x21, 0x00, 0x21, 0x00, 0x21, 0x00, 0x21, 0x00, 0x21, 0x00, 0x21, 0x00, 0x21, 0x00, 0x21, 0x00,
    0x21, 0x00, 0x21, 0x00, 0x21, 0x00, 0x21, 0x00, 0x21, 0x00, 0x21, 0x00, 0x21, 0x00, 0x21, 0x00,
    0x21, 0x00, 0x21, 0x00, 0x21, 0x00, 0x21, 0x00, 0x21, 0x00, 0x21, 0x00, 0x21, 0x00, 0x21, 0x00,
    0x21, 0x00, 0x22, 0x62, 0xc2, 0x82, 0x01, 0x00, 0x61, 0x39, 0x42, 0x6a, 0x42, 0x6a, 0x41, 0x39,
    0x21, 0x00, 0xe2, 0x82, 0x22, 0x62, 0x61, 0x10, 0x62, 0x72, 0x22, 0x62, 0xc1, 0x20, 0xc2, 0x49,
    0xc4, 0xfd, 0x84, 0xfd, 0x62, 0xf5, 0x62, 0xfd, 0x43, 0xf5, 0x24, 0xf5, 0x60, 0xfd, 0x40, 0xf5,
    0x80, 0xfd, 0x40, 0xfd, 0x00, 0xfc, 0x00, 0x00, 0x00, 0x00, 0x00, 0x00, 0x00, 0x00, 0x00, 0x00,
    0x00, 0x00, 0x00, 0x00, 0x00, 0x00, 0x00, 0x00, 0x00, 0x00, 0x40, 0xf5, 0x43, 0xf5, 0x43, 0xf5,
    0x62, 0xf5, 0x83, 0xfd, 0xc4, 0xfd, 0xc4, 0xa3, 0xc1, 0x20, 0xc1, 0x20, 0xa1, 0x18, 0x81, 0x18,
    0x81, 0x10, 0x61, 0x10, 0x61, 0x10, 0x41, 0x08, 0x41, 0x08, 0x41, 0x08, 0x41, 0x08, 0x21, 0x08,
    0x21, 0x08, 0x21, 0x08, 0x21, 0x08, 0x21, 0x08, 0x21, 0x08, 0x21, 0x08, 0x21, 0x08, 0x21, 0x08,
    0x21, 0x08, 0x21, 0x08, 0x21, 0x08, 0x21, 0x08, 0x21, 0x08, 0x21, 0x08, 0x21, 0x08, 0x21, 0x08,
    0x21, 0x08, 0x21, 0x08, 0x21, 0x08, 0x21, 0x08, 0x21, 0x08, 0x21, 0x08, 0x21, 0x08, 0x21, 0x08,
    0x21, 0x08, 0x21, 0x08, 0x21, 0x08, 0x21, 0x08, 0x21, 0x08, 0x21, 0x08, 0x21, 0x08, 0x21, 0x08,
    0x21, 0x08, 0x21, 0x08, 0x21, 0x08, 0x21, 0x08, 0x21, 0x08, 0x21, 0x08, 0x21, 0x08, 0x21, 0x08,
    0x21, 0x08, 0x21, 0x08, 0x21, 0x08, 0x21, 0x08, 0x21, 0x08, 0x21, 0x08, 0x21, 0x08, 0x21, 0x08,
    0x21, 0x08, 0x21, 0x08, 0x21, 0x08, 0x21, 0x08, 0x21, 0x08, 0x21, 0x08, 0x21, 0x08, 0x21, 0x08,
    0x21, 0x08, 0x21, 0x08, 0x21, 0x08, 0x21, 0x08, 0x21, 0x08, 0x21, 0x08, 0x21, 0x08, 0x21, 0x08,
    0x21, 0x08, 0x21, 0x08, 0x21, 0x08, 0x21, 0x08, 0x21, 0x08, 0x21, 0x08, 0x21, 0x08, 0x21, 0x08,
    0x21, 0x08, 0x21, 0x08, 0x21, 0x08, 0x21, 0x08, 0x21, 0x08, 0x21, 0x08, 0x21, 0x08, 0x21, 0x08,
    0x21, 0x08, 0x21, 0x08, 0x21, 0x08, 0x21, 0x08, 0x21, 0x08, 0x21, 0x08, 0x21, 0x08, 0x21, 0x08,
    0x21, 0x08, 0x21, 0x08, 0x21, 0x08, 0x21, 0x08, 0x21, 0x08, 0x21, 0x08, 0x21, 0x08, 0x21, 0x08,
    0x21, 0x08, 0x21, 0x08, 0x21, 0x08, 0x21, 0x08, 0x21, 0x08, 0x21, 0x08, 0x21, 0x08, 0x21, 0x08,
    0x21, 0x08, 0x21, 0x08, 0x21, 0x08, 0x21, 0x08, 0x21, 0x08, 0x21, 0x08, 0x21, 0x08, 0x21, 0x08,
    0x21, 0x08, 0x22, 0x62, 0xc2, 0x82, 0x21, 0x08, 0x01, 0x00, 0x21, 0x00, 0x41, 0x08, 0xe2, 0x82,
    0x22, 0x62, 0x61, 0x10, 0xc1, 0x20, 0xc2, 0xb3, 0xa1, 0x18, 0xc1, 0x20, 0xa3, 0x72, 0xa4, 0xfd,
    0xa3, 0xfd, 0x61, 0xfd, 0x42, 0xf5, 0x43, 0xf5, 0x23, 0xf5, 0x60, 0xfd, 0x60, 0xf5, 0x00, 0xfd,
    0xc0, 0xfc, 0x00, 0xf8, 0x00, 0x00, 0x00, 0x00, 0x00, 0x00, 0x00, 0x00, 0x00, 0x00, 0x00, 0x00,
    0x00, 0x00, 0x00, 0x00, 0x00, 0x00, 0x00, 0x00, 0x20, 0xf5, 0x43, 0xfd, 0x22, 0xf5, 0x63, 0xfd,
    0x83, 0xfd, 0xc4, 0xfd, 0xa2, 0x49, 0xc1, 0x20, 0xc1, 0x20, 0xa1, 0x18, 0xa1, 0x18, 0x81, 0x18,
    0x81, 0x10, 0x61, 0x10, 0x61, 0x10, 0x41, 0x08, 0x41, 0x08, 0x41, 0x08, 0x41, 0x08, 0x41, 0x08,
    0x41, 0x08, 0x41, 0x08, 0x41, 0x08, 0x41, 0x08, 0x41, 0x08, 0x41, 0x08, 0x41, 0x08, 0x41, 0x08,
    0x41, 0x08, 0x41, 0x08, 0x41, 0x08, 0x41, 0x08, 0x41, 0x08, 0x41, 0x08, 0x41, 0x08, 0x41, 0x08,
    0x41, 0x08, 0x41, 0x08, 0x41, 0x08, 0x41, 0x08, 0x41, 0x08, 0x41, 0x08, 0x41, 0x08, 0x41, 0x08,
    0x41, 0x08, 0x41, 0x08, 0x41, 0x08, 0x41, 0x08, 0x41, 0x08, 0x41, 0x08, 0x41, 0x08, 0x41, 0x08,
    0x41, 0x08, 0x41, 0x08, 0x41, 0x08, 0x41, 0x08, 0x41, 0x08, 0x41, 0x08, 0x41, 0x08, 0x41, 0x08,
    0x41, 0x08, 0x41, 0x08, 0x41, 0x08, 0x41, 0x08, 0x41, 0x08, 0x41, 0x08, 0x41, 0x08, 0x41, 0x08,
    0x41, 0x08, 0x41, 0x08, 0x41, 0x08, 0x41, 0x08, 0x41, 0x08, 0x41, 0x08, 0x41, 0x08, 0x41, 0x08,
    0x41, 0x08, 0x41, 0x08, 0x41, 0x08, 0x41, 0x08, 0x41, 0x08, 0x41, 0x08, 0x41, 0x08, 0x41, 0x08,
    0x41, 0x08, 0x41, 0x08, 0x41, 0x08, 0x41, 0x08, 0x41, 0x08, 0x41, 0x08, 0x41, 0x08, 0x41, 0x08,
    0x41, 0x08, 0x41, 0x08, 0x41, 0x08, 0x41, 0x08, 0x41, 0x08, 0x41, 0x08, 0x41, 0x08, 0x41, 0x08,
    0x41, 0x08, 0x41, 0x08, 0x41, 0x08, 0x41, 0x08, 0x41, 0x08, 0x41, 0x08, 0x41, 0x08, 0x41, 0x08,
    0x41, 0x08, 0x41, 0x08, 0x41, 0x08, 0x41, 0x08, 0x41, 0x08, 0x41, 0x08, 0x41, 0x08, 0x41, 0x08,
    0x41, 0x08, 0x41, 0x08, 0x41, 0x08, 0x41, 0x08, 0x41, 0x08, 0x41, 0x08, 0x41, 0x08, 0x41, 0x08,
    0x41, 0x08, 0x41, 0x08, 0x41, 0x08, 0x41, 0x08, 0x41, 0x08, 0x41, 0x08, 0x41, 0x08, 0x41, 0x08,
    0x41, 0x08, 0x22, 0x62, 0xc2, 0xab, 0xe2, 0xb3, 0xe2, 0xb3, 0xc2, 0xab, 0x22, 0x62, 0x61, 0x10,
    0x61, 0x10, 0x62, 0x9b, 0x61, 0x41, 0xc1, 0x20, 0xc1, 0x20, 0xc4, 0xd4, 0xa3, 0xfd, 0x63, 0xf5,
    0x62, 0xf5, 0x42, 0xf5, 0x43, 0xfd, 0x40, 0xf5, 0x40, 0xf5, 0x60, 0xf5, 0x80, 0xfd, 0x00, 0xfc,
    0x00, 0xf8, 0x00, 0x00, 0x00, 0x00, 0x00, 0x00, 0x00, 0x00, 0x00, 0x00, 0x00, 0x00, 0x00, 0x00,
    0x00, 0x00, 0x00, 0x00, 0x00, 0x00, 0x60, 0xf5, 0x43, 0xf5, 0x42, 0xf5, 0x63, 0xf5, 0x83, 0xfd,
    0xa4, 0xfd, 0xe4, 0xd4, 0xa2, 0x41, 0xc1, 0x20, 0xc1, 0x20, 0xa1, 0x18, 0xa1, 0x18, 0x81, 0x18,
    0x81, 0x10, 0x61, 0x10, 0x61, 0x10, 0x61, 0x10, 0x61, 0x10, 0x41, 0x08, 0x41, 0x08, 0x41, 0x08,
    0x41, 0x08, 0x41, 0x08, 0x41, 0x08, 0x41, 0x08, 0x41, 0x08, 0x41, 0x08, 0x41, 0x08, 0x41, 0x08,
    0x41, 0x08, 0x41, 0x08, 0x41, 0x08, 0x41, 0x08, 0x41, 0x08, 0x41, 0x08, 0x41, 0x08, 0x41, 0x08,
    0x41, 0x08, 0x41, 0x08, 0x41, 0x08, 0x41, 0x08, 0x41, 0x08, 0x41, 0x08, 0x41, 0x08, 0x41, 0x08,
    0x41, 0x08, 0x41, 0x08, 0x41, 0x08, 0x41, 0x08, 0x41, 0x08, 0x41, 0x08, 0x41, 0x08, 0x41, 0x08,
    0x41, 0x08, 0x41, 0x08, 0x41, 0x08, 0x41, 0x08, 0x41, 0x08, 0x41, 0x08, 0x41, 0x08, 0x41, 0x08,
    0x41, 0x08, 0x41, 0x08, 0x41, 0x08, 0x41, 0x08, 0x41, 0x08, 0x41, 0x08, 0x41, 0x08, 0x41, 0x08,
    0x41, 0x08, 0x41, 0x08, 0x41, 0x08, 0x41, 0x08, 0x41, 0x08, 0x41, 0x08, 0x41, 0x08, 0x41, 0x08,
    0x41, 0x08, 0x41, 0x08, 0x41, 0x08, 0x41, 0x08, 0x41, 0x08, 0x41, 0x08, 0x41, 0x08, 0x41, 0x08,
    0x41, 0x08, 0x41, 0x08, 0x41, 0x08, 0x41, 0x08, 0x41, 0x08, 0x41, 0x08, 0x41, 0x08, 0x41, 0x08,
    0x41, 0x08, 0x41, 0x08, 0x41, 0x08, 0x41, 0x08, 0x41, 0x08, 0x41, 0x08, 0x41, 0x08, 0x41, 0x08,
    0x41, 0x08, 0x41, 0x08, 0x41, 0x08, 0x41, 0x08, 0x41, 0x08, 0x41, 0x08, 0x41, 0x08, 0x41, 0x08,
    0x41, 0x08, 0x41, 0x08, 0x41, 0x08, 0x41, 0x08, 0x41, 0x08, 0x41, 0x08, 0x41, 0x08, 0x41, 0x08,
    0x41, 0x08, 0x41, 0x08, 0x41, 0x08, 0x41, 0x08, 0x41, 0x08, 0x41, 0x08, 0x41, 0x08, 0x41, 0x08,
    0x41, 0x08, 0x41, 0x08, 0x41, 0x08, 0x41, 0x08, 0x41, 0x08, 0x41, 0x08, 0x41, 0x08, 0x41, 0x08,
    0x41, 0x08, 0x61, 0x10, 0xe1, 0x28, 0xe1, 0x28, 0x61, 0x10, 0x61, 0x10, 0xc1, 0x20, 0x62, 0x9b,
    0x81, 0x41, 0xa1, 0x18, 0xc1, 0x20, 0x43, 0x93, 0xc5, 0xfd, 0xa3, 0xfd, 0x82, 0xf5, 0x42, 0xf5,
    0x43, 0xf5, 0x43, 0xf5, 0x20, 0xf5, 0x20, 0xf5, 0x20, 0xf5, 0x40, 0xfd, 0x40, 0xfd, 0x00, 0x00,
    0x00, 0x00, 0x00, 0x00, 0x00, 0x00, 0x00, 0x00, 0x00, 0x00, 0x00, 0x00, 0x00, 0x00, 0x00, 0x00,
    0x00, 0x00, 0x00, 0x00, 0x60, 0xfd, 0x43, 0xf5, 0x43, 0xf5, 0x42, 0xf5, 0x83, 0xfd, 0x83, 0xfd,
    0xa5, 0xfd, 0xa4, 0xf5, 0xc3, 0x7a, 0xc1, 0x20, 0xc1, 0x20, 0xa1, 0x18, 0xa1, 0x18, 0x81, 0x18,
    0x81, 0x10, 0x61, 0x10, 0x61, 0x10, 0x61, 0x10, 0x61, 0x10, 0x61, 0x10, 0x61, 0x10, 0x61, 0x10,
    0x61, 0x10, 0x61, 0x10, 0x61, 0x10, 0x61, 0x10, 0x61, 0x10, 0x61, 0x10, 0x61, 0x10, 0x61, 0x10,
    0x61, 0x10, 0x61, 0x10, 0x61, 0x10, 0x61, 0x10, 0x61, 0x10, 0x61, 0x10, 0x61, 0x10, 0x61, 0x10,
    0x61, 0x10, 0x61, 0x10, 0x61, 0x10, 0x61, 0x10, 0x61, 0x10, 0x61, 0x10, 0x61, 0x10, 0x61, 0x10,
    0x61, 0x10, 0x61, 0x10, 0x61, 0x10, 0x61, 0x10, 0x61, 0x10, 0x61, 0x10, 0x61, 0x10, 0x61, 0x10,
    0x61, 0x10, 0x61, 0x10, 0x61, 0x10, 0x61, 0x10, 0x61, 0x10, 0x61, 0x10, 0x61, 0x10, 0x61, 0x10,
    0x61, 0x10, 0x61, 0x10, 0x61, 0x10, 0x61, 0x10, 0x61, 0x10, 0x61, 0x10, 0x61, 0x10, 0x61, 0x10,
    0x61, 0x10, 0x61, 0x10, 0x61, 0x10, 0x61, 0x10, 0x61, 0x10, 0x61, 0x10, 0x61, 0x10, 0x61, 0x10,
    0x61, 0x10, 0x61, 0x10, 0x61, 0x10, 0x61, 0x10, 0x61, 0x10, 0x61, 0x10, 0x61, 0x10, 0x61, 0x10,
    0x61, 0x10, 0x61, 0x10, 0x61, 0x10, 0x61, 0x10, 0x61, 0x10, 0x61, 0x10, 0x61, 0x10, 0x61, 0x10,
    0x61, 0x10, 0x61, 0x10, 0x61, 0x10, 0x61, 0x10, 0x61, 0x10, 0x61, 0x10, 0x61, 0x10, 0x61, 0x10,
    0x61, 0x10, 0x61, 0x10, 0x61, 0x10, 0x61, 0x10, 0x61, 0x10, 0x61, 0x10, 0x61, 0x10, 0x61, 0x10,
    0x61, 0x10, 0x61, 0x10, 0x61, 0x10, 0x61, 0x10, 0x61, 0x10, 0x61, 0x10, 0x61, 0x10, 0x61, 0x10,
    0x61, 0x10, 0x61, 0x10, 0x61, 0x10, 0x61, 0x10, 0x61, 0x10, 0x61, 0x10, 0x61, 0x10, 0x61, 0x10,
    0x61, 0x10, 0x61, 0x10, 0x61, 0x10, 0x61, 0x10, 0x61, 0x10, 0x61, 0x10, 0x61, 0x10, 0x61, 0x10,
    0x61, 0x10, 0x61, 0x10, 0x21, 0x31, 0xe2, 0x59, 0x62, 0x72, 0xc2, 0xb3, 0x61, 0x41, 0xa1, 0x18,
    0xc1, 0x20, 0xc2, 0x49, 0xc5, 0xfd, 0xa4, 0xfd, 0x82, 0xf5, 0x62, 0xf5, 0x42, 0xf5, 0x43, 0xf5,
    0x64, 0xfd, 0x40, 0xf5, 0x40, 0xf5, 0x80, 0xfd, 0x80, 0xfc, 0x00, 0xfc, 0x00, 0x00, 0x00, 0x00,
    0x00, 0x00, 0x00, 0x00, 0x00, 0x00, 0x00, 0x00, 0x00, 0x00, 0x00, 0x00, 0x00, 0x00, 0x00, 0x00,
    0x00, 0x00, 0x60, 0xf5, 0x43, 0xf5, 0x43, 0xf5, 0x42, 0xf5, 0x42, 0xf5, 0x62, 0xfd, 0x83, 0xfd,
    0xa4, 0xfd, 0xc5, 0xfd, 0x23, 0xb4, 0x22, 0x31, 0xc1, 0x20, 0xa1, 0x18, 0xa1, 0x18, 0x81, 0x18,
    0x81, 0x18, 0x81, 0x18, 0x81, 0x18, 0x81, 0x10, 0x81, 0x10, 0x81, 0x10, 0x81, 0x10, 0x81, 0x10,
    0x81, 0x10, 0x81, 0x10, 0x81, 0x10, 0x81, 0x10, 0x81, 0x10, 0x81, 0x10, 0x81, 0x10, 0x81, 0x10,
    0x81, 0x10, 0x81, 0x10, 0x81, 0x10, 0x81, 0x10, 0x81, 0x10, 0x81, 0x10, 0x81, 0x10, 0x81, 0x10,
    0x81, 0x10, 0x81, 0x10, 0x81, 0x10, 0x81, 0x10, 0x81, 0x10, 0x81, 0x10, 0x81, 0x10, 0x81, 0x10,
    0x81, 0x10, 0x81, 0x10, 0x81, 0x10, 0x81, 0x10, 0x81, 0x10, 0x81, 0x10, 0x81, 0x10, 0x81, 0x10,
    0x81, 0x10, 0x81, 0x10, 0x81, 0x10, 0x81, 0x10, 0x81, 0x10, 0x81, 0x10, 0x81, 0x10, 0x81, 0x10,
    0x81, 0x10, 0x81, 0x10, 0x81, 0x10, 0x81, 0x10, 0x81, 0x10, 0x81, 0x10, 0x81, 0x10, 0x81, 0x10,
    0x81, 0x10, 0x81, 0x10, 0x81, 0x10, 0x81, 0x10, 0x81, 0x10, 0x81, 0x10, 0x81, 0x10, 0x81, 0x10,
    0x81, 0x10, 0x81, 0x10, 0x81, 0x10, 0x81, 0x10, 0x81, 0x10, 0x81, 0x10, 0x81, 0x10, 0x81, 0x10,
    0x81, 0x10, 0x81, 0x10, 0x81, 0x10, 0x81, 0x10, 0x81, 0x10, 0x81, 0x10, 0x81, 0x10, 0x81, 0x10,
    0x81, 0x10, 0x81, 0x10, 0x81, 0x10, 0x81, 0x10, 0x81, 0x10, 0x81, 0x10, 0x81, 0x10, 0x81, 0x10,
    0x81, 0x10, 0x81, 0x10, 0x81, 0x10, 0x81, 0x10, 0x81, 0x10, 0x81, 0x10, 0x81, 0x10, 0x81, 0x10,
    0x81, 0x10, 0x81, 0x10, 0x81, 0x10, 0x81, 0x10, 0x81, 0x10, 0x81, 0x10, 0x81, 0x10, 0x81, 0x10,
    0x81, 0x10, 0x81, 0x10, 0x81, 0x10, 0x81, 0x10, 0x81, 0x10, 0x81, 0x10, 0x81, 0x10, 0x81, 0x10,
    0x81, 0x10, 0x81, 0x10, 0x81, 0x10, 0x81, 0x10, 0x81, 0x10, 0x81, 0x10, 0x81, 0x10, 0x81, 0x10,
    0x81, 0x18, 0x62, 0xa3, 0xc2, 0x82, 0x22, 0x62, 0xa1, 0x18, 0xa1, 0x18, 0xc1, 0x20, 0x02, 0x29,
    0x04, 0xdd, 0xc4, 0xfd, 0x83, 0xfd, 0x61, 0xf5, 0x42, 0xf5, 0x43, 0xf5, 0x63, 0xf5, 0x40, 0xfd,
    0x20, 0xf5, 0x40, 0xfd, 0x80, 0xfd, 0xc0, 0xfc, 0x00, 0xf8, 0x00, 0x00, 0x00, 0x00, 0x00, 0x00,
    0x00, 0x00, 0x00, 0x00, 0x00, 0x00, 0x00, 0x00, 0x00, 0x00, 0x00, 0x00, 0x00, 0x00, 0x00, 0x00,
    0x40, 0xf5, 0x40, 0xfd, 0x44, 0xf5, 0x43, 0xf5, 0x42, 0xfd, 0x42, 0xf5, 0x62, 0xf5, 0x83, 0xfd,
    0xa3, 0xfd, 0xc4, 0xfd, 0x24, 0xe5, 0xc2, 0x49, 0xc1, 0x20, 0xc1, 0x20, 0xa1, 0x18, 0xa1, 0x18,
    0xa1, 0x18, 0xa1, 0x18, 0xa1, 0x18, 0xa1, 0x18, 0xa1, 0x18, 0xa1, 0x18, 0xa1, 0x18, 0xa1, 0x18,
    0xa1, 0x18, 0xa1, 0x18, 0xa1, 0x18, 0xa1, 0x18, 0xa1, 0x18, 0xa1, 0x18, 0xa1, 0x18, 0xa1, 0x18,
    0xa1, 0x18, 0xa1, 0x18, 0xa1, 0x18, 0xa1, 0x18, 0xa1, 0x18, 0xa1, 0x18, 0xa1, 0x18, 0xa1, 0x18,
    0xa1, 0x18, 0xa1, 0x18, 0xa1, 0x18, 0xa1, 0x18, 0xa1, 0x18, 0xa1, 0x18, 0xa1, 0x18, 0xa1, 0x18,
    0xa1, 0x18, 0xa1, 0x18, 0xa1, 0x18, 0xa1, 0x18, 0xa1, 0x18, 0xa1, 0x18, 0xa1, 0x18, 0xa1, 0x18,
    0xa1, 0x18, 0xa1, 0x18, 0xa1, 0x18, 0xa1, 0x18, 0xa1, 0x18, 0xa1, 0x18, 0xa1, 0x18, 0xa1, 0x18,
    0xa1, 0x18, 0xa1, 0x18, 0xa1, 0x18, 0xa1, 0x18, 0xa1, 0x18, 0xa1, 0x18, 0xa1, 0x18, 0xa1, 0x18,
    0xa1, 0x18, 0xa1, 0x18, 0xa1, 0x18, 0xa1, 0x18, 0xa1, 0x18, 0xa1, 0x18, 0xa1, 0x18, 0xa1, 0x18,
    0xa1, 0x18, 0xa1, 0x18, 0xa1, 0x18, 0xa1, 0x18, 0xa1, 0x18, 0xa1, 0x18, 0xa1, 0x18, 0xa1, 0x18,
    0xa1, 0x18, 0xa1, 0x18, 0xa1, 0x18, 0xa1, 0x18, 0xa1, 0x18, 0xa1, 0x18, 0xa1, 0x18, 0xa1, 0x18,
    0xa1, 0x18, 0xa1, 0x18, 0xa1, 0x18, 0xa1, 0x18, 0xa1, 0x18, 0xa1, 0x18, 0xa1, 0x18, 0xa1, 0x18,
    0xa1, 0x18, 0xa1, 0x18, 0xa1, 0x18, 0xa1, 0x18, 0xa1, 0x18, 0xa1, 0x18, 0xa1, 0x18, 0xa1, 0x18,
    0xa1, 0x18, 0xa1, 0x18, 0xa1, 0x18, 0xa1, 0x18, 0xa1, 0x18, 0xa1, 0x18, 0xa1, 0x18, 0xa1, 0x18,
    0xa1, 0x18, 0xa1, 0x18, 0xa1, 0x18, 0xa1, 0x18, 0xa1, 0x18, 0xa1, 0x18, 0xa1, 0x18, 0xa1, 0x18,
    0xa1, 0x18, 0xa1, 0x18, 0xa1, 0x18, 0xa1, 0x18, 0xa1, 0x18, 0xa1, 0x18, 0xa1, 0x18, 0xa1, 0x18,
    0xa1, 0x18, 0xa1, 0x18, 0xa1, 0x18, 0xc1, 0x20, 0xe1, 0x28, 0x63, 0x93, 0xa5, 0xfd, 0xc4, 0xfd,
    0xa3, 0xfd, 0x62, 0xf5, 0x42, 0xf5, 0x63, 0xf5, 0x63, 0xfd, 0x20, 0xf5, 0x40, 0xf5, 0x40, 0xf5,
    0xc0, 0xec, 0xe0, 0xfc, 0x40, 0xfd, 0x00, 0x00, 0x00, 0x00, 0x00, 0x00, 0x00, 0x00, 0x00, 0x00,
    0x00, 0x00, 0x00, 0x00, 0x00, 0x00, 0x00, 0x00, 0x00, 0x00, 0x00, 0x00, 0x00, 0x00, 0x00, 0xf5,
    0x80, 0xfd, 0x40, 0xf5, 0x60, 0xf5, 0x43, 0xf5, 0x62, 0xf5, 0x42, 0xf5, 0x61, 0xf5, 0x82, 0xfd,
    0xa3, 0xfd, 0xa4, 0xfd, 0xa5, 0xf5, 0x03, 0x83, 0xc1, 0x20, 0xc1, 0x20, 0xc1, 0x20, 0xc1, 0x20,
    0xc1, 0x20, 0xc1, 0x20, 0xc1, 0x20, 0xc1, 0x20, 0xc1, 0x20, 0xc1, 0x20, 0xc1, 0x20, 0xc1, 0x20,
    0xc1, 0x20, 0xc1, 0x20, 0xc1, 0x20, 0xc1, 0x20, 0xc1, 0x20, 0xc1, 0x20, 0xc1, 0x20, 0xc1, 0x20,
    0xc1, 0x20, 0xc1, 0x20, 0xc1, 0x20, 0xc1, 0x20, 0xc1, 0x20, 0xc1, 0x20, 0xc1, 0x20, 0xc1, 0x20,
    0xc1, 0x20, 0xc1, 0x20, 0xc1, 0x20, 0xc1, 0x20, 0xc1, 0x20, 0xc1, 0x20, 0xc1, 0x20, 0xc1, 0x20,
    0xc1, 0x20, 0xc1, 0x20, 0xc1, 0x20, 0xc1, 0x20, 0xc1, 0x20, 0xc1, 0x20, 0xc1, 0x20, 0xc1, 0x20,
    0xc1, 0x20, 0xc1, 0x20, 0xc1, 0x20, 0xc1, 0x20, 0xc1, 0x20, 0xc1, 0x20, 0xc1, 0x20, 0xc1, 0x20,
    0xc1, 0x20, 0xc1, 0x20, 0xc1, 0x20, 0xc1, 0x20, 0xc1, 0x20, 0xc1, 0x20, 0xc1, 0x20, 0xc1, 0x20,
    0xc1, 0x20, 0xc1, 0x20, 0xc1, 0x20, 0xc1, 0x20, 0xc1, 0x20, 0xc1, 0x20, 0xc1, 0x20, 0xc1, 0x20,
    0xc1, 0x20, 0xc1, 0x20, 0xc1, 0x20, 0xc1, 0x20, 0xc1, 0x20, 0xc1, 0x20, 0xc1, 0x20, 0xc1, 0x20,
    0xc1, 0x20, 0xc1, 0x20, 0xc1, 0x20, 0xc1, 0x20, 0xc1, 0x20, 0xc1, 0x20, 0xc1, 0x20, 0xc1, 0x20,
    0xc1, 0x20, 0xc1, 0x20, 0xc1, 0x20, 0xc1, 0x20, 0xc1, 0x20, 0xc1, 0x20, 0xc1, 0x20, 0xc1, 0x20,
    0xc1, 0x20, 0xc1, 0x20, 0xc1, 0x20, 0xc1, 0x20, 0xc1, 0x20, 0xc1, 0x20, 0xc1, 0x20, 0xc1, 0x20,
    0xc1, 0x20, 0xc1, 0x20, 0xc1, 0x20, 0xc1, 0x20, 0xc1, 0x20, 0xc1, 0x20, 0xc1, 0x20, 0xc1, 0x20,
    0xc1, 0x20, 0xc1, 0x20, 0xc1, 0x20, 0xc1, 0x20, 0xc1, 0x20, 0xc1, 0x20, 0xc1, 0x20, 0xc1, 0x20,
    0xc1, 0x20, 0xc1, 0x20, 0xc1, 0x20, 0xc1, 0x20, 0xc1, 0x20, 0xc1, 0x20, 0xc1, 0x20, 0xc1, 0x20,
    0xc1, 0x20, 0xc1, 0x20, 0xc2, 0x49, 0xe5, 0xdc, 0xc4, 0xfd, 0xa4, 0xfd, 0x83, 0xfd, 0x62, 0xf5,
    0x42, 0xf5, 0x22, 0xf5, 0x43, 0xf5, 0x44, 0xf5, 0x40, 0xf5, 0x20, 0xf5, 0x40, 0xfd, 0x80, 0xfd,
    0xc0, 0xfc, 0x00, 0xfc, 0x00, 0x00, 0x00, 0x00, 0x00, 0x00, 0x00, 0x00, 0x00, 0x00, 0x00, 0x00,
    0x00, 0x00, 0x00, 0x00, 0x00, 0x00, 0x00, 0x00, 0x00, 0x00, 0x00, 0x00, 0xe0, 0xf4, 0x40, 0xf5,
    0x60, 0xfd, 0x40, 0xf5, 0x43, 0xf5, 0x43, 0xf5, 0x43, 0xf5, 0x62, 0xf5, 0x41, 0xf5, 0x62, 0xf5,
    0x83, 0xfd, 0xa4, 0xfd, 0xa4, 0xfd, 0xc4, 0xd4, 0x64, 0xc4, 0x64, 0xc4, 0x64, 0xc4, 0x64, 0xc4,
    0x64, 0xc4, 0x64, 0xc4, 0x64, 0xc4, 0x64, 0xc4, 0x64, 0xc4, 0x64, 0xc4, 0x64, 0xc4, 0x64, 0xc4,
    0x64, 0xc4, 0x64, 0xc4, 0x64, 0xc4, 0x64, 0xc4, 0x64, 0xc4, 0x64, 0xc4, 0x64, 0xc4, 0x64, 0xc4,
    0x64, 0xc4, 0x64, 0xc4, 0x64, 0xc4, 0x64, 0xc4, 0x64, 0xc4, 0x64, 0xc4, 0x64, 0xc4, 0x64, 0xc4,
    0x64, 0xc4, 0x64, 0xc4, 0x64, 0xc4, 0x64, 0xc4, 0x64, 0xc4, 0x64, 0xc4, 0x64, 0xc4, 0x64, 0xc4,
    0x64, 0xc4, 0x64, 0xc4, 0x64, 0xc4, 0x64, 0xc4, 0x64, 0xc4, 0x64, 0xc4, 0x64, 0xc4, 0x64, 0xc4,
    0x64, 0xc4, 0x64, 0xc4, 0x64, 0xc4, 0x64, 0xc4, 0x64, 0xc4, 0x64, 0xc4, 0x64, 0xc4, 0x64, 0xc4,
    0x64, 0xc4, 0x64, 0xc4, 0x64, 0xc4, 0x64, 0xc4, 0x64, 0xc4, 0x64, 0xc4, 0x64, 0xc4, 0x64, 0xc4,
    0x64, 0xc4, 0x64, 0xc4, 0x64, 0xc4, 0x64, 0xc4, 0x64, 0xc4, 0x64, 0xc4, 0x64, 0xc4, 0x64, 0xc4,
    0x64, 0xc4, 0x64, 0xc4, 0x64, 0xc4, 0x64, 0xc4, 0x64, 0xc4, 0x64, 0xc4, 0x64, 0xc4, 0x64, 0xc4,
    0x64, 0xc4, 0x64, 0xc4, 0x64, 0xc4, 0x64, 0xc4, 0x64, 0xc4, 0x64, 0xc4, 0x64, 0xc4, 0x64, 0xc4,
    0x64, 0xc4, 0x64, 0xc4, 0x64, 0xc4, 0x64, 0xc4, 0x64, 0xc4, 0x64, 0xc4, 0x64, 0xc4, 0x64, 0xc4,
    0x64, 0xc4, 0x64, 0xc4, 0x64, 0xc4, 0x64, 0xc4, 0x64, 0xc4, 0x64, 0xc4, 0x64, 0xc4, 0x64, 0xc4,
    0x64, 0xc4, 0x64, 0xc4, 0x64, 0xc4, 0x64, 0xc4, 0x64, 0xc4, 0x64, 0xc4, 0x64, 0xc4, 0x64, 0xc4,
    0x64, 0xc4, 0x64, 0xc4, 0x64, 0xc4, 0x64, 0xc4, 0x64, 0xc4, 0x64, 0xc4, 0x64, 0xc4, 0x64, 0xc4,
    0x64, 0xc4, 0x64, 0xc4, 0x64, 0xc4, 0x64, 0xc4, 0x64, 0xc4, 0x64, 0xc4, 0xa4, 0xcc, 0x04, 0xdd,
    0x64, 0xed, 0xc5, 0xfd, 0xa4, 0xfd, 0x84, 0xfd, 0x83, 0xf5, 0x62, 0xfd, 0x62, 0xf5, 0x22, 0xf5,
    0x63, 0xf5, 0x24, 0xf5, 0x40, 0xfd, 0x40, 0xf5, 0x40, 0xf5, 0x80, 0xfd, 0x80, 0xfc, 0x40, 0xfd,
    0x00, 0xf8, 0x00, 0x00, 0x00, 0x00, 0x00, 0x00, 0x00, 0x00, 0x00, 0x00, 0x00, 0x00, 0x00, 0x00,
    0x00, 0x00, 0x00, 0x00, 0x00, 0x00, 0x00, 0x00, 0x00, 0x00, 0x40, 0xed, 0xe0, 0xfc, 0x80, 0xf5,
    0x80, 0xfd, 0x40, 0xf5, 0x44, 0xf5, 0x43, 0xf5, 0x43, 0xf5, 0x42, 0xf5, 0x42, 0xf5, 0x62, 0xfd,
    0x83, 0xfd, 0xa4, 0xfd, 0xa3, 0xfd, 0xa4, 0xfd, 0xa4, 0xfd, 0xa4, 0xfd, 0xa4, 0xfd, 0xa4, 0xfd,
    0xa4, 0xfd, 0xa4, 0xfd, 0xa4, 0xfd, 0xa4, 0xfd, 0xa4, 0xfd, 0xa4, 0xfd, 0xa4, 0xfd, 0xa4, 0xfd,
    0xa4, 0xfd, 0xa4, 0xfd, 0xa4, 0xfd, 0xa4, 0xfd, 0xa4, 0xfd, 0xa4, 0xfd, 0xa4, 0xfd, 0xa4, 0xfd,
    0xa4, 0xfd, 0xa4, 0xfd, 0xa4, 0xfd, 0xa4, 0xfd, 0xa4, 0xfd, 0xa4, 0xfd, 0xa4, 0xfd, 0xa4, 0xfd,
    0xa4, 0xfd, 0xa4, 0xfd, 0xa4, 0xfd, 0xa4, 0xfd, 0xa4, 0xfd, 0xa4, 0xfd, 0xa4, 0xfd, 0xa4, 0xfd,
    0xa4, 0xfd, 0xa4, 0xfd, 0xa4, 0xfd, 0xa4, 0xfd, 0xa4, 0xfd, 0xa4, 0xfd, 0xa4, 0xfd, 0xa4, 0xfd,
    0xa4, 0xfd, 0xa4, 0xfd, 0xa4, 0xfd, 0xa4, 0xfd, 0xa4, 0xfd, 0xa4, 0xfd, 0xa4, 0xfd, 0xa4, 0xfd,
    0xa4, 0xfd, 0xa4, 0xfd, 0xa4, 0xfd, 0xa4, 0xfd, 0xa4, 0xfd, 0xa4, 0xfd, 0xa4, 0xfd, 0xa4, 0xfd,
    0xa4, 0xfd, 0xa4, 0xfd, 0xa4, 0xfd, 0xa4, 0xfd, 0xa4, 0xfd, 0xa4, 0xfd, 0xa4, 0xfd, 0xa4, 0xfd,
    0xa4, 0xfd, 0xa4, 0xfd, 0xa4, 0xfd, 0xa4, 0xfd, 0xa4, 0xfd, 0xa4, 0xfd, 0xa4, 0xfd, 0xa4, 0xfd,
    0xa4, 0xfd, 0xa4, 0xfd, 0xa4, 0xfd, 0xa4, 0xfd, 0xa4, 0xfd, 0xa4, 0xfd, 0xa4, 0xfd, 0xa4, 0xfd,
    0xa4, 0xfd, 0xa4, 0xfd, 0xa4, 0xfd, 0xa4, 0xfd, 0xa4, 0xfd, 0xa4, 0xfd, 0xa4, 0xfd, 0xa4, 0xfd,
    0xa4, 0xfd, 0xa4, 0xfd, 0xa4, 0xfd, 0xa4, 0xfd, 0xa4, 0xfd, 0xa4, 0xfd, 0xa4, 0xfd, 0xa4, 0xfd,
    0xa4, 0xfd, 0xa4, 0xfd, 0xa4, 0xfd, 0xa4, 0xfd, 0xa4, 0xfd, 0xa4, 0xfd, 0xa4, 0xfd, 0xa4, 0xfd,
    0xa4, 0xfd, 0xa4, 0xfd, 0xa4, 0xfd, 0xa4, 0xfd, 0xa4, 0xfd, 0xa4, 0xfd, 0xa4, 0xfd, 0xa4, 0xfd,
    0xa4, 0xfd, 0xa4, 0xfd, 0xa4, 0xfd, 0xc4, 0xfd, 0xa4, 0xfd, 0xc4, 0xfd, 0xa4, 0xfd, 0xa3, 0xfd,
    0xa4, 0xfd, 0x83, 0xfd, 0x82, 0xf5, 0x63, 0xfd, 0x42, 0xf5, 0x63, 0xf5, 0x43, 0xf5, 0x40, 0xf5,
    0x40, 0xf5, 0x40, 0xfd, 0x40, 0xf5, 0xc0, 0xfc, 0x40, 0xfd, 0x00, 0xfc, 0x00, 0xfc, 0x00, 0x00,
    0x00, 0x00, 0x00, 0x00, 0x00, 0x00, 0x00, 0x00, 0x00, 0x00, 0x00, 0x00, 0x00, 0x00, 0x00, 0x00,
    0x00, 0x00, 0x00, 0x00, 0x00, 0x00, 0x00, 0x00, 0x80, 0xfc, 0x00, 0xfd, 0x20, 0xfd, 0x40, 0xf5,
    0x40, 0xf5, 0x20, 0xf5, 0x60, 0xfd, 0x43, 0xf5, 0x43, 0xf5, 0x43, 0xf5, 0x42, 0xf5, 0x42, 0xf5,
    0x62, 0xfd, 0x62, 0xf5, 0x83, 0xfd, 0x83, 0xf5, 0x83, 0xfd, 0x83, 0xf5, 0x83, 0xfd, 0x83, 0xfd,
    0x83, 0xfd, 0x83, 0xfd, 0x83, 0xfd, 0x83, 0xfd, 0x83, 0xfd, 0x83, 0xfd, 0x83, 0xfd, 0x83, 0xfd,
    0x83, 0xfd, 0x83, 0xfd, 0x83, 0xfd, 0x83, 0xfd, 0x83, 0xfd, 0x83, 0xfd, 0x83, 0xfd, 0x83, 0xfd,
    0x83, 0xfd, 0x83, 0xfd, 0x83, 0xfd, 0x83, 0xfd, 0x83, 0xfd, 0x83, 0xfd, 0x83, 0xfd, 0x83, 0xfd,
    0x83, 0xfd, 0x83, 0xfd, 0x83, 0xfd, 0x83, 0xfd, 0x83, 0xfd, 0x83, 0xfd, 0x83, 0xfd, 0x83, 0xfd,
    0x83, 0xfd, 0x83, 0xfd, 0x83, 0xfd, 0x83, 0xfd, 0x83, 0xfd, 0x83, 0xfd, 0x83, 0xfd, 0x83, 0xfd,
    0x83, 0xfd, 0x83, 0xfd, 0x83, 0xfd, 0x83, 0xfd, 0x83, 0xfd, 0x83, 0xfd, 0x83, 0xfd, 0x83, 0xfd,
    0x83, 0xfd, 0x83, 0xfd, 0x83, 0xfd, 0x83, 0xfd, 0x83, 0xfd, 0x83, 0xfd, 0x83, 0xfd, 0x83, 0xfd,
    0x83, 0xfd, 0x83, 0xfd, 0x83, 0xfd, 0x83, 0xfd, 0x83, 0xfd, 0x83, 0xfd, 0x83, 0xfd, 0x83, 0xfd,
    0x83, 0xfd, 0x83, 0xfd, 0x83, 0xfd, 0x83, 0xfd, 0x83, 0xfd, 0x83, 0xfd, 0x83, 0xfd, 0x83, 0xfd,
    0x83, 0xfd, 0x83, 0xfd, 0x83, 0xfd, 0x83, 0xfd, 0x83, 0xfd, 0x83, 0xfd, 0x83, 0xfd, 0x83, 0xfd,
    0x83, 0xfd, 0x83, 0xfd, 0x83, 0xfd, 0x83, 0xfd, 0x83, 0xfd, 0x83, 0xfd, 0x83, 0xfd, 0x83, 0xfd,
    0x83, 0xfd, 0x83, 0xfd, 0x83, 0xfd, 0x83, 0xfd, 0x83, 0xfd, 0x83, 0xfd, 0x83, 0xfd, 0x83, 0xfd,
    0x83, 0xfd, 0x83, 0xfd, 0x83, 0xfd, 0x83, 0xfd, 0x83, 0xfd, 0x83, 0xfd, 0x83, 0xfd, 0x83, 0xfd,
    0x83, 0xfd, 0x83, 0xfd, 0x83, 0xfd, 0x83, 0xfd, 0x83, 0xfd, 0x83, 0xfd, 0x83, 0xfd, 0x83, 0xfd,
    0x83, 0xf5, 0x83, 0xfd, 0x83, 0xf5, 0x83, 0xf5, 0x83, 0xfd, 0x82, 0xfd, 0x82, 0xf5, 0x62, 0xfd,
    0x62, 0xf5, 0x42, 0xf5, 0x42, 0xf5, 0x43, 0xf5, 0x63, 0xfd, 0x20, 0xf5, 0x40, 0xfd, 0x40, 0xfd,
    0x00, 0xf5, 0xe0, 0xfc, 0x20, 0xfe, 0xc0, 0xfc, 0x00, 0xfc, 0x00, 0x00, 0x00, 0x00, 0x00, 0x00,
    0x00, 0x00, 0x00, 0x00, 0x00, 0x00, 0x00, 0x00, 0x00, 0x00, 0x00, 0x00, 0x00, 0x00, 0x00, 0x00,
    0x00, 0x00, 0x00, 0x00, 0x00, 0x00, 0x40, 0xfd, 0x40, 0xfd, 0x20, 0xfe, 0xc0, 0xec, 0x40, 0xf5,
    0x40, 0xf5, 0x60, 0xf5, 0x40, 0xf5, 0x44, 0xf5, 0x63, 0xfd, 0x43, 0xf5, 0x22, 0xf5, 0x62, 0xf5,
    0x42, 0xf5, 0x42, 0xf5, 0x62, 0xf5, 0x62, 0xf5, 0x42, 0xf5, 0x42, 0xf5, 0x42, 0xf5, 0x42, 0xf5,
    0x42, 0xf5, 0x42, 0xf5, 0x42, 0xf5, 0x42, 0xf5, 0x42, 0xf5, 0x42, 0xf5, 0x42, 0xf5, 0x42, 0xf5,
    0x42, 0xf5, 0x42, 0xf5, 0x42, 0xf5, 0x42, 0xf5, 0x42, 0xf5, 0x42, 0xf5, 0x42, 0xf5, 0x42, 0xf5,
    0x42, 0xf5, 0x42, 0xf5, 0x42, 0xf5, 0x42, 0xf5, 0x42, 0xf5, 0x42, 0xf5, 0x42, 0xf5, 0x42, 0xf5,
    0x42, 0xf5, 0x42, 0xf5, 0x42, 0xf5, 0x42, 0xf5, 0x42, 0xf5, 0x42, 0xf5, 0x42, 0xf5, 0x42, 0xf5,
    0x42, 0xf5, 0x42, 0xf5, 0x42, 0xf5, 0x42, 0xf5, 0x42, 0xf5, 0x42, 0xf5, 0x42, 0xf5, 0x42, 0xf5,
    0x42, 0xf5, 0x42, 0xf5, 0x42, 0xf5, 0x42, 0xf5, 0x42, 0xf5, 0x42, 0xf5, 0x42, 0xf5, 0x42, 0xf5,
    0x42, 0xf5, 0x42, 0xf5, 0x42, 0xf5, 0x42, 0xf5, 0x42, 0xf5, 0x42, 0xf5, 0x42, 0xf5, 0x42, 0xf5,
    0x42, 0xf5, 0x42, 0xf5, 0x42, 0xf5, 0x42, 0xf5, 0x42, 0xf5, 0x42, 0xf5, 0x42, 0xf5, 0x42, 0xf5,
    0x42, 0xf5, 0x42, 0xf5, 0x42, 0xf5, 0x42, 0xf5, 0x42, 0xf5, 0x42, 0xf5, 0x42, 0xf5, 0x42, 0xf5,
    0x42, 0xf5, 0x42, 0xf5, 0x42, 0xf5, 0x42, 0xf5, 0x42, 0xf5, 0x42, 0xf5, 0x42, 0xf5, 0x42, 0xf5,
    0x42, 0xf5, 0x42, 0xf5, 0x42, 0xf5, 0x42, 0xf5, 0x42, 0xf5, 0x42, 0xf5, 0x42, 0xf5, 0x42, 0xf5,
    0x42, 0xf5, 0x42, 0xf5, 0x42, 0xf5, 0x42, 0xf5, 0x42, 0xf5, 0x42, 0xf5, 0x42, 0xf5, 0x42, 0xf5,
    0x42, 0xf5, 0x42, 0xf5, 0x42, 0xf5, 0x42, 0xf5, 0x42, 0xf5, 0x42, 0xf5, 0x42, 0xf5, 0x42, 0xf5,
    0x42, 0xf5, 0x42, 0xf5, 0x42, 0xf5, 0x42, 0xf5, 0x42, 0xf5, 0x42, 0xf5, 0x42, 0xf5, 0x42, 0xf5,
    0x42, 0xf5, 0x62, 0xf5, 0x62, 0xf5, 0x42, 0xf5, 0x42, 0xf5, 0x42, 0xfd, 0x62, 0xf5, 0x42, 0xf5,
    0x43, 0xf5, 0x43, 0xf5, 0x63, 0xf5, 0x24, 0xf5, 0x40, 0xf5, 0x40, 0xf5, 0x40, 0xf5, 0x60, 0xfd,
    0x80, 0xfd, 0x40, 0xfd, 0x40, 0xfd, 0x00, 0xf8, 0x00, 0x00, 0x00, 0x00, 0x00, 0x00, 0x00, 0x00,
    0x00, 0x00, 0x00, 0x00, 0x00, 0x00, 0x00, 0x00, 0x00, 0x00, 0x00, 0x00, 0x00, 0x00, 0x00, 0x00,
    0x00, 0x00, 0x00, 0x00, 0x00, 0xf8, 0x40, 0xfd, 0xc0, 0xfc, 0x40, 0xfd, 0x80, 0xfd, 0x40, 0xfd,
    0x40, 0xf5, 0x40, 0xfd, 0x40, 0xf5, 0x24, 0xf5, 0x44, 0xf5, 0x43, 0xfd, 0x43, 0xf5, 0x43, 0xf5,
    0x63, 0xf5, 0x43, 0xf5, 0x22, 0xf5, 0x42, 0xf5, 0x42, 0xf5, 0x42, 0xf5, 0x42, 0xf5, 0x42, 0xf5,
    0x42, 0xf5, 0x42, 0xf5, 0x42, 0xf5, 0x42, 0xf5, 0x42, 0xf5, 0x42, 0xf5, 0x42, 0xf5, 0x42, 0xf5,
    0x42, 0xf5, 0x42, 0xf5, 0x42, 0xf5, 0x42, 0xf5, 0x42, 0xf5, 0x42, 0xf5, 0x42, 0xf5, 0x42, 0xf5,
    0x42, 0xf5, 0x42, 0xf5, 0x42, 0xf5, 0x42, 0xf5, 0x42, 0xf5, 0x42, 0xf5, 0x42, 0xf5, 0x42, 0xf5,
    0x42, 0xf5, 0x42, 0xf5, 0x42, 0xf5, 0x42, 0xf5, 0x42, 0xf5, 0x42, 0xf5, 0x42, 0xf5, 0x42, 0xf5,
    0x42, 0xf5, 0x42, 0xf5, 0x42, 0xf5, 0x42, 0xf5, 0x42, 0xf5, 0x42, 0xf5, 0x42, 0xf5, 0x42, 0xf5,
    0x42, 0xf5, 0x42, 0xf5, 0x42, 0xf5, 0x42, 0xf5, 0x42, 0xf5, 0x42, 0xf5, 0x42, 0xf5, 0x42, 0xf5,
    0x42, 0xf5, 0x42, 0xf5, 0x42, 0xf5, 0x42, 0xf5, 0x42, 0xf5, 0x42, 0xf5, 0x42, 0xf5, 0x42, 0xf5,
    0x42, 0xf5, 0x42, 0xf5, 0x42, 0xf5, 0x42, 0xf5, 0x42, 0xf5, 0x42, 0xf5, 0x42, 0xf5, 0x42, 0xf5,
    0x42, 0xf5, 0x42, 0xf5, 0x42, 0xf5, 0x42, 0xf5, 0x42, 0xf5, 0x42, 0xf5, 0x42, 0xf5, 0x42, 0xf5,
    0x42, 0xf5, 0x42, 0xf5, 0x42, 0xf5, 0x42, 0xf5, 0x42, 0xf5, 0x42, 0xf5, 0x42, 0xf5, 0x42, 0xf5,
    0x42, 0xf5, 0x42, 0xf5, 0x42, 0xf5, 0x42, 0xf5, 0x42, 0xf5, 0x42, 0xf5, 0x42, 0xf5, 0x42, 0xf5,
    0x42, 0xf5, 0x42, 0xf5, 0x42, 0xf5, 0x42, 0xf5, 0x42, 0xf5, 0x42, 0xf5, 0x42, 0xf5, 0x42, 0xf5,
    0x42, 0xf5, 0x42, 0xf5, 0x42, 0xf5, 0x42, 0xf5, 0x42, 0xf5, 0x42, 0xf5, 0x42, 0xf5, 0x42, 0xf5,
    0x42, 0xf5, 0x42, 0xf5, 0x42, 0xf5, 0x42, 0xf5, 0x42, 0xf5, 0x42, 0xf5, 0x42, 0xf5, 0x42, 0xf5,
    0x42, 0xf5, 0x43, 0xf5, 0x43, 0xf5, 0x43, 0xf5, 0x43, 0xf5, 0x43, 0xf5, 0x43, 0xfd, 0x43, 0xf5,
    0x60, 0xfd, 0x40, 0xfd, 0x40, 0xf5, 0x20, 0xf5, 0x60, 0xf5, 0xc0, 0xfc, 0x20, 0xfe, 0x40, 0xfd,
    0x40, 0xfd, 0x00, 0xf8, 0x00, 0x00, 0x00, 0x00, 0x00, 0x00, 0x00, 0x00, 0x00, 0x00, 0x00, 0x00,
    0x00, 0x00, 0x00, 0x00, 0x00, 0x00, 0x00, 0x00, 0x00, 0x00, 0x00, 0x00, 0x00, 0x00, 0x00, 0x00,
    0x00, 0x00, 0x00, 0x00, 0x00, 0xf8, 0x00, 0xfc, 0x00, 0xfc, 0x80, 0xfc, 0x00, 0xfd, 0xe0, 0xfc,
    0x60, 0xf5, 0x20, 0xf5, 0x80, 0xfd, 0x20, 0xf5, 0x20, 0xf5, 0x20, 0xf5, 0x44, 0xf5, 0x43, 0xf5,
    0x43, 0xf5, 0x43, 0xf5, 0x43, 0xfd, 0x43, 0xfd, 0x63, 0xfd, 0x63, 0xfd, 0x63, 0xfd, 0x63, 0xfd,
    0x63, 0xfd, 0x63, 0xfd, 0x63, 0xfd, 0x63, 0xfd, 0x63, 0xfd, 0x63, 0xfd, 0x63, 0xfd, 0x63, 0xfd,
    0x63, 0xfd, 0x63, 0xfd, 0x63, 0xfd, 0x63, 0xfd, 0x63, 0xfd, 0x63, 0xfd, 0x63, 0xfd, 0x63, 0xfd,
    0x63, 0xfd, 0x63, 0xfd, 0x63, 0xfd, 0x63, 0xfd, 0x63, 0xfd, 0x63, 0xfd, 0x63, 0xfd, 0x63, 0xfd,
    0x63, 0xfd, 0x63, 0xfd, 0x63, 0xfd, 0x63, 0xfd, 0x63, 0xfd, 0x63, 0xfd, 0x63, 0xfd, 0x63, 0xfd,
    0x63, 0xfd, 0x63, 0xfd, 0x63, 0xfd, 0x63, 0xfd, 0x63, 0xfd, 0x63, 0xfd, 0x63, 0xfd, 0x63, 0xfd,
    0x63, 0xfd, 0x63, 0xfd, 0x63, 0xfd, 0x63, 0xfd, 0x63, 0xfd, 0x63, 0xfd, 0x63, 0xfd, 0x63, 0xfd,
    0x63, 0xfd, 0x63, 0xfd, 0x63, 0xfd, 0x63, 0xfd, 0x63, 0xfd, 0x63, 0xfd, 0x63, 0xfd, 0x63, 0xfd,
    0x63, 0xfd, 0x63, 0xfd, 0x63, 0xfd, 0x63, 0xfd, 0x63, 0xfd, 0x63, 0xfd, 0x63, 0xfd, 0x63, 0xfd,
    0x63, 0xfd, 0x63, 0xfd, 0x63, 0xfd, 0x63, 0xfd, 0x63, 0xfd, 0x63, 0xfd, 0x63, 0xfd, 0x63, 0xfd,
    0x63, 0xfd, 0x63, 0xfd, 0x63, 0xfd, 0x63, 0xfd, 0x63, 0xfd, 0x63, 0xfd, 0x63, 0xfd, 0x63, 0xfd,
    0x63, 0xfd, 0x63, 0xfd, 0x63, 0xfd, 0x63, 0xfd, 0x63, 0xfd, 0x63, 0xfd, 0x63, 0xfd, 0x63, 0xfd,
    0x63, 0xfd, 0x63, 0xfd, 0x63, 0xfd, 0x63, 0xfd, 0x63, 0xfd, 0x63, 0xfd, 0x63, 0xfd, 0x63, 0xfd,
    0x63, 0xfd, 0x63, 0xfd, 0x63, 0xfd, 0x63, 0xfd, 0x63, 0xfd, 0x63, 0xfd, 0x63, 0xfd, 0x63, 0xfd,
    0x63, 0xfd, 0x63, 0xfd, 0x63, 0xfd, 0x63, 0xfd, 0x43, 0xfd, 0x43, 0xfd, 0x43, 0xfd, 0x43, 0xf5,
    0x43, 0xf5, 0x43, 0xf5, 0x63, 0xf5, 0x44, 0xf5, 0x43, 0xf5, 0x40, 0xf5, 0x20, 0xf5, 0x40, 0xf5,
    0x20, 0xf5, 0x00, 0xf5, 0x40, 0xfd, 0x80, 0xfd, 0x40, 0xfd, 0xc0, 0xfc, 0x40, 0xfd, 0x00, 0xf8,
    0x00, 0x00, 0x00, 0x00, 0x00, 0x00, 0x00, 0x00, 0x00, 0x00, 0x00, 0x00, 0x00, 0x00, 0x00, 0x00,
    0x00, 0x00, 0x00, 0x00, 0x00, 0x00, 0x00, 0x00, 0x00, 0x00, 0x00, 0x00, 0x00, 0x00, 0x00, 0x00,
    0x00, 0x00, 0x00, 0x00, 0x00, 0x00, 0x00, 0xf8, 0x40, 0xfd, 0x40, 0xfd, 0x40, 0xfd, 0x80, 0xfd,
    0xe0, 0xf4, 0x20, 0xf5, 0x20, 0xf5, 0x20, 0xf5, 0x40, 0xf5, 0x20, 0xf5, 0x20, 0xf5, 0x60, 0xfd,
    0x60, 0xf5, 0x60, 0xf5, 0x60, 0xf5, 0x40, 0xf5, 0x40, 0xf5, 0x40, 0xf5, 0x40, 0xf5, 0x40, 0xf5,
    0x40, 0xf5, 0x40, 0xf5, 0x40, 0xf5, 0x40, 0xf5, 0x40, 0xf5, 0x40, 0xf5, 0x40, 0xf5, 0x40, 0xf5,
    0x40, 0xf5, 0x40, 0xf5, 0x40, 0xf5, 0x40, 0xf5, 0x40, 0xf5, 0x40, 0xf5, 0x40, 0xf5, 0x40, 0xf5,
    0x40, 0xf5, 0x40, 0xf5, 0x40, 0xf5, 0x40, 0xf5, 0x40, 0xf5, 0x40, 0xf5, 0x40, 0xf5, 0x40, 0xf5,
    0x40, 0xf5, 0x40, 0xf5, 0x40, 0xf5, 0x40, 0xf5, 0x40, 0xf5, 0x40, 0xf5, 0x40, 0xf5, 0x40, 0xf5,
    0x40, 0xf5, 0x40, 0xf5, 0x40, 0xf5, 0x40, 0xf5, 0x40, 0xf5, 0x40, 0xf5, 0x40, 0xf5, 0x40, 0xf5,
    0x40, 0xf5, 0x40, 0xf5, 0x40, 0xf5, 0x40, 0xf5, 0x40, 0xf5, 0x40, 0xf5, 0x40, 0xf5, 0x40, 0xf5,
    0x40, 0xf5, 0x40, 0xf5, 0x40, 0xf5, 0x40, 0xf5, 0x40, 0xf5, 0x40, 0xf5, 0x40, 0xf5, 0x40, 0xf5,
    0x40, 0xf5, 0x40, 0xf5, 0x40, 0xf5, 0x40, 0xf5, 0x40, 0xf5, 0x40, 0xf5, 0x40, 0xf5, 0x40, 0xf5,
    0x40, 0xf5, 0x40, 0xf5, 0x40, 0xf5, 0x40, 0xf5, 0x40, 0xf5, 0x40, 0xf5, 0x40, 0xf5, 0x40, 0xf5,
    0x40, 0xf5, 0x40, 0xf5, 0x40, 0xf5, 0x40, 0xf5, 0x40, 0xf5, 0x40, 0xf5, 0x40, 0xf5, 0x40, 0xf5,
    0x40, 0xf5, 0x40, 0xf5, 0x40, 0xf5, 0x40, 0xf5, 0x40, 0xf5, 0x40, 0xf5, 0x40, 0xf5, 0x40, 0xf5,
    0x40, 0xf5, 0x40, 0xf5, 0x40, 0xf5, 0x40, 0xf5, 0x40, 0xf5, 0x40, 0xf5, 0x40, 0xf5, 0x40, 0xf5,
    0x40, 0xf5, 0x40, 0xf5, 0x40, 0xf5, 0x40, 0xf5, 0x40, 0xf5, 0x40, 0xf5, 0x40, 0xf5, 0x40, 0xf5,
    0x40, 0xf5, 0x40, 0xf5, 0x40, 0xf5, 0x60, 0xf5, 0x60, 0xf5, 0x40, 0xf5, 0x60, 0xf5, 0x40, 0xf5,
    0x60, 0xfd, 0x40, 0xf5, 0x40, 0xf5, 0x60, 0xfd, 0x40, 0xf5, 0x20, 0xf5, 0x40, 0xf5, 0x40, 0xfd,
    0xc0, 0xec, 0x80, 0xfd, 0x80, 0xfc, 0x00, 0xfc, 0x00, 0xfc, 0x00, 0xf8, 0x00, 0x00, 0x00, 0x00,
    0x00, 0x00, 0x00, 0x00, 0x00, 0x00, 0x00, 0x00, 0x00, 0x00, 0x00, 0x00, 0x00, 0x00, 0x00, 0x00,
    0x00, 0x00, 0x00, 0x00, 0x00, 0x00, 0x00, 0x00, 0x00, 0x00, 0x00, 0x00, 0x00, 0x00, 0x00, 0x00,
    0x00, 0x00, 0x00, 0x00, 0x00, 0x00, 0x00, 0xf8, 0x00, 0xfc, 0x00, 0xfc, 0x80, 0xfc, 0x20, 0xfe,
    0x80, 0xfd, 0x20, 0xf5, 0x20, 0xf5, 0x80, 0xf5, 0x80, 0xf5, 0x40, 0xfd, 0x20, 0xf5, 0x40, 0xf5,
    0x20, 0xf5, 0x20, 0xf5, 0x20, 0xf5, 0x20, 0xf5, 0x20, 0xf5, 0x20, 0xf5, 0x20, 0xf5, 0x20, 0xf5,
    0x20, 0xf5, 0x20, 0xf5, 0x20, 0xf5, 0x20, 0xf5, 0x20, 0xf5, 0x20, 0xf5, 0x20, 0xf5, 0x20, 0xf5,
    0x20, 0xf5, 0x20, 0xf5, 0x20, 0xf5, 0x20, 0xf5, 0x20, 0xf5, 0x20, 0xf5, 0x20, 0xf5, 0x20, 0xf5,
    0x20, 0xf5, 0x20, 0xf5, 0x20, 0xf5, 0x20, 0xf5, 0x20, 0xf5, 0x20, 0xf5, 0x20, 0xf5, 0x20, 0xf5,
    0x20, 0xf5, 0x20, 0xf5, 0x20, 0xf5, 0x20, 0xf5, 0x20, 0xf5, 0x20, 0xf5, 0x20, 0xf5, 0x20, 0xf5,
    0x20, 0xf5, 0x20, 0xf5, 0x20, 0xf5, 0x20, 0xf5, 0x20, 0xf5, 0x20, 0xf5, 0x20, 0xf5, 0x20, 0xf5,
    0x20, 0xf5, 0x20, 0xf5, 0x20, 0xf5, 0x20, 0xf5, 0x20, 0xf5, 0x20, 0xf5, 0x20, 0xf5, 0x20, 0xf5,
    0x20, 0xf5, 0x20, 0xf5, 0x20, 0xf5, 0x20, 0xf5, 0x20, 0xf5, 0x20, 0xf5, 0x20, 0xf5, 0x20, 0xf5,
    0x20, 0xf5, 0x20, 0xf5, 0x20, 0xf5, 0x20, 0xf5, 0x20, 0xf5, 0x20, 0xf5, 0x20, 0xf5, 0x20, 0xf5,
    0x20, 0xf5, 0x20, 0xf5, 0x20, 0xf5, 0x20, 0xf5, 0x20, 0xf5, 0x20, 0xf5, 0x20, 0xf5, 0x20, 0xf5,
    0x20, 0xf5, 0x20, 0xf5, 0x20, 0xf5, 0x20, 0xf5, 0x20, 0xf5, 0x20, 0xf5, 0x20, 0xf5, 0x20, 0xf5,
    0x20, 0xf5, 0x20, 0xf5, 0x20, 0xf5, 0x20, 0xf5, 0x20, 0xf5, 0x20, 0xf5, 0x20, 0xf5, 0x20, 0xf5,
    0x20, 0xf5, 0x20, 0xf5, 0x20, 0xf5, 0x20, 0xf5, 0x20, 0xf5, 0x20, 0xf5, 0x20, 0xf5, 0x20, 0xf5,
    0x20, 0xf5, 0x20, 0xf5, 0x20, 0xf5, 0x20, 0xf5, 0x20, 0xf5, 0x20, 0xf5, 0x20, 0xf5, 0x20, 0xf5,
    0x20, 0xf5, 0x20, 0xf5, 0x20, 0xf5, 0x20, 0xf5, 0x20, 0xf5, 0x40, 0xf5, 0x20, 0xf5, 0x20, 0xf5,
    0x40, 0xf5, 0x00, 0xf5, 0x60, 0xf5, 0x60, 0xf5, 0x20, 0xf5, 0x80, 0xfd, 0x80, 0xfd, 0xe0, 0xfc,
    0xc0, 0xfc, 0x40, 0xfd, 0x00, 0xfc, 0x00, 0x00, 0x00, 0x00, 0x00, 0x00, 0x00, 0x00, 0x00, 0x00,
    0x00, 0x00, 0x00, 0x00, 0x00, 0x00, 0x00, 0x00, 0x00, 0x00, 0x00, 0x00, 0x00, 0x00, 0x00, 0x00,
    0x00, 0x00, 0x00, 0x00, 0x00, 0x00, 0x00, 0x00, 0x00, 0x00, 0x00, 0x00, 0x00, 0x00, 0x00, 0x00,
    0x00, 0x00, 0x00, 0x00, 0x00, 0x00, 0x00, 0x00, 0x00, 0xfc, 0x40, 0xfd, 0xc0, 0xfc, 0x80, 0xfc,
    0x40, 0xfd, 0x80, 0xfd, 0xe0, 0xfd, 0x20, 0xfd, 0xe0, 0xec, 0x20, 0xf5, 0x20, 0xfd, 0xe0, 0xf4,
    0xe0, 0xf4, 0xe0, 0xf4, 0xe0, 0xf4, 0xe0, 0xf4, 0xe0, 0xf4, 0xe0, 0xf4, 0xe0, 0xf4, 0xe0, 0xf4,
    0xe0, 0xf4, 0xe0, 0xf4, 0xe0, 0xf4, 0xe0, 0xf4, 0xe0, 0xf4, 0xe0, 0xf4, 0xe0, 0xf4, 0xe0, 0xf4,
    0xe0, 0xf4, 0xe0, 0xf4, 0xe0, 0xf4, 0xe0, 0xf4, 0xe0, 0xf4, 0xe0, 0xf4, 0xe0, 0xf4, 0xe0, 0xf4,
    0xe0, 0xf4, 0xe0, 0xf4, 0xe0, 0xf4, 0xe0, 0xf4, 0xe0, 0xf4, 0xe0, 0xf4, 0xe0, 0xf4, 0xe0, 0xf4,
    0xe0, 0xf4, 0xe0, 0xf4, 0xe0, 0xf4, 0xe0, 0xf4, 0xe0, 0xf4, 0xe0, 0xf4, 0xe0, 0xf4, 0xe0, 0xf4,
    0xe0, 0xf4, 0xe0, 0xf4, 0xe0, 0xf4, 0xe0, 0xf4, 0xe0, 0xf4, 0xe0, 0xf4, 0xe0, 0xf4, 0xe0, 0xf4,
    0xe0, 0xf4, 0xe0, 0xf4, 0xe0, 0xf4, 0xe0, 0xf4, 0xe0, 0xf4, 0xe0, 0xf4, 0xe0, 0xf4, 0xe0, 0xf4,
    0xe0, 0xf4, 0xe0, 0xf4, 0xe0, 0xf4, 0xe0, 0xf4, 0xe0, 0xf4, 0xe0, 0xf4, 0xe0, 0xf4, 0xe0, 0xf4,
    0xe0, 0xf4, 0xe0, 0xf4, 0xe0, 0xf4, 0xe0, 0xf4, 0xe0, 0xf4, 0xe0, 0xf4, 0xe0, 0xf4, 0xe0, 0xf4,
    0xe0, 0xf4, 0xe0, 0xf4, 0xe0, 0xf4, 0xe0, 0xf4, 0xe0, 0xf4, 0xe0, 0xf4, 0xe0, 0xf4, 0xe0, 0xf4,
    0xe0, 0xf4, 0xe0, 0xf4, 0xe0, 0xf4, 0xe0, 0xf4, 0xe0, 0xf4, 0xe0, 0xf4, 0xe0, 0xf4, 0xe0, 0xf4,
    0xe0, 0xf4, 0xe0, 0xf4, 0xe0, 0xf4, 0xe0, 0xf4, 0xe0, 0xf4, 0xe0, 0xf4, 0xe0, 0xf4, 0xe0, 0xf4,
    0xe0, 0xf4, 0xe0, 0xf4, 0xe0, 0xf4, 0xe0, 0xf4, 0xe0, 0xf4, 0xe0, 0xf4, 0xe0, 0xf4, 0xe0, 0xf4,
    0xe0, 0xf4, 0xe0, 0xf4, 0xe0, 0xf4, 0xe0, 0xf4, 0xe0, 0xf4, 0xe0, 0xf4, 0xe0, 0xf4, 0xe0, 0xf4,
    0xe0, 0xf4, 0xe0, 0xf4, 0xe0, 0xf4, 0xe0, 0xf4, 0x20, 0xfd, 0x20, 0xf5, 0xe0, 0xec, 0xc0, 0xec,
    0x80, 0xfd, 0x40, 0xed, 0x80, 0xfd, 0x40, 0xfd, 0x80, 0xfc, 0xc0, 0xfc, 0x40, 0xfd, 0x00, 0xfc,
    0x00, 0xf8, 0x00, 0x00, 0x00, 0x00, 0x00, 0x00, 0x00, 0x00, 0x00, 0x00, 0x00, 0x00, 0x00, 0x00,
    0x00, 0x00, 0x00, 0x00, 0x00, 0x00, 0x00, 0x00, 0x00, 0x00, 0x00, 0x00, 0x00, 0x00, 0x00, 0x00,
    0x00, 0x00, 0x00, 0x00, 0x00, 0x00, 0x00, 0x00, 0x00, 0x00, 0x00, 0x00, 0x00, 0x00, 0x00, 0x00,
    0x00, 0x00, 0x00, 0x00, 0x00, 0x00, 0x00, 0x00, 0x00, 0x00, 0x00, 0xf8, 0xa0, 0xfa, 0x00, 0xfc,
    0xc0, 0xfc, 0x40, 0xfd, 0x80, 0xfc, 0xe0, 0xfc, 0xe0, 0xfc, 0x40, 0xfd, 0x40, 0xfd, 0x40, 0xfd,
    0x40, 0xfd, 0x40, 0xfd, 0x40, 0xfd, 0x40, 0xfd, 0x40, 0xfd, 0x40, 0xfd, 0x40, 0xfd, 0x40, 0xfd,
    0x40, 0xfd, 0x40, 0xfd, 0x40, 0xfd, 0x40, 0xfd, 0x40, 0xfd, 0x40, 0xfd, 0x40, 0xfd, 0x40, 0xfd,
    0x40, 0xfd, 0x40, 0xfd, 0x40, 0xfd, 0x40, 0xfd, 0x40, 0xfd, 0x40, 0xfd, 0x40, 0xfd, 0x40, 0xfd,
    0x40, 0xfd, 0x40, 0xfd, 0x40, 0xfd, 0x40, 0xfd, 0x40, 0xfd, 0x40, 0xfd, 0x40, 0xfd, 0x40, 0xfd,
    0x40, 0xfd, 0x40, 0xfd, 0x40, 0xfd, 0x40, 0xfd, 0x40, 0xfd, 0x40, 0xfd, 0x40, 0xfd, 0x40, 0xfd,
    0x40, 0xfd, 0x40, 0xfd, 0x40, 0xfd, 0x40, 0xfd, 0x40, 0xfd, 0x40, 0xfd, 0x40, 0xfd, 0x40, 0xfd,
    0x40, 0xfd, 0x40, 0xfd, 0x40, 0xfd, 0x40, 0xfd, 0x40, 0xfd, 0x40, 0xfd, 0x40, 0xfd, 0x40, 0xfd,
    0x40, 0xfd, 0x40, 0xfd, 0x40, 0xfd, 0x40, 0xfd, 0x40, 0xfd, 0x40, 0xfd, 0x40, 0xfd, 0x40, 0xfd,
    0x40, 0xfd, 0x40, 0xfd, 0x40, 0xfd, 0x40, 0xfd, 0x40, 0xfd, 0x40, 0xfd, 0x40, 0xfd, 0x40, 0xfd,
    0x40, 0xfd, 0x40, 0xfd, 0x40, 0xfd, 0x40, 0xfd, 0x40, 0xfd, 0x40, 0xfd, 0x40, 0xfd, 0x40, 0xfd,
    0x40, 0xfd, 0x40, 0xfd, 0x40, 0xfd, 0x40, 0xfd, 0x40, 0xfd, 0x40, 0xfd, 0x40, 0xfd, 0x40, 0xfd,
    0x40, 0xfd, 0x40, 0xfd, 0x40, 0xfd, 0x40, 0xfd, 0x40, 0xfd, 0x40, 0xfd, 0x40, 0xfd, 0x40, 0xfd,
    0x40, 0xfd, 0x40, 0xfd, 0x40, 0xfd, 0x40, 0xfd, 0x40, 0xfd, 0x40, 0xfd, 0x40, 0xfd, 0x40, 0xfd,
    0x40, 0xfd, 0x40, 0xfd, 0x40, 0xfd, 0x40, 0xfd, 0x40, 0xfd, 0x40, 0xfd, 0x40, 0xfd, 0x40, 0xfd,
    0x40, 0xfd, 0x40, 0xfd, 0x40, 0xfd, 0x40, 0xfd, 0xe0, 0xfc, 0xe0, 0xfc, 0x80, 0xfc, 0x40, 0xfd,
    0xc0, 0xfc, 0x00, 0xfc, 0x40, 0xfd, 0x00, 0xfc, 0x00, 0xf8, 0x00, 0xf8, 0x00, 0x00, 0x00, 0x00,
    0x00, 0x00, 0x00, 0x00, 0x00, 0x00, 0x00, 0x00, 0x00, 0x00, 0x00, 0x00, 0x00, 0x00, 0x00, 0x00,
    0x00, 0x00, 0x00, 0x00, 0x00, 0x00, 0x00, 0x00, 0x00, 0x00, 0x00, 0x00, 0x00, 0x00, 0x00, 0x00,
    0x00, 0x00, 0x00, 0x00, 0x00, 0x00, 0x00, 0x00, 0x00, 0x00, 0x00, 0x00, 0x00, 0x00, 0x00, 0x00,
    0x00, 0x00, 0x00, 0x00, 0x00, 0x00, 0x00, 0x00, 0x00, 0x00, 0x00, 0x00, 0x00, 0xf8, 0x00, 0xf8,
    0x00, 0xfc, 0x00, 0xfc, 0x00, 0xfc, 0xa0, 0xfa, 0x40, 0xfd, 0x40, 0xfd, 0x40, 0xfd, 0x40, 0xfd,
    0x40, 0xfd, 0x40, 0xfd, 0x40, 0xfd, 0x40, 0xfd, 0x40, 0xfd, 0x40, 0xfd, 0x40, 0xfd, 0x40, 0xfd,
    0x40, 0xfd, 0x40, 0xfd, 0x40, 0xfd, 0x40, 0xfd, 0x40, 0xfd, 0x40, 0xfd, 0x40, 0xfd, 0x40, 0xfd,
    0x40, 0xfd, 0x40, 0xfd, 0x40, 0xfd, 0x40, 0xfd, 0x40, 0xfd, 0x40, 0xfd, 0x40, 0xfd, 0x40, 0xfd,
    0x40, 0xfd, 0x40, 0xfd, 0x40, 0xfd, 0x40, 0xfd, 0x40, 0xfd, 0x40, 0xfd, 0x40, 0xfd, 0x40, 0xfd,
    0x40, 0xfd, 0x40, 0xfd, 0x40, 0xfd, 0x40, 0xfd, 0x40, 0xfd, 0x40, 0xfd, 0x40, 0xfd, 0x40, 0xfd,
    0x40, 0xfd, 0x40, 0xfd, 0x40, 0xfd, 0x40, 0xfd, 0x40, 0xfd, 0x40, 0xfd, 0x40, 0xfd, 0x40, 0xfd,
    0x40, 0xfd, 0x40, 0xfd, 0x40, 0xfd, 0x40, 0xfd, 0x40, 0xfd, 0x40, 0xfd, 0x40, 0xfd, 0x40, 0xfd,
    0x40, 0xfd, 0x40, 0xfd, 0x40, 0xfd, 0x40, 0xfd, 0x40, 0xfd, 0x40, 0xfd, 0x40, 0xfd, 0x40, 0xfd,
    0x40, 0xfd, 0x40, 0xfd, 0x40, 0xfd, 0x40, 0xfd, 0x40, 0xfd, 0x40, 0xfd, 0x40, 0xfd, 0x40, 0xfd,
    0x40, 0xfd, 0x40, 0xfd, 0x40, 0xfd, 0x40, 0xfd, 0x40, 0xfd, 0x40, 0xfd, 0x40, 0xfd, 0x40, 0xfd,
    0x40, 0xfd, 0x40, 0xfd, 0x40, 0xfd, 0x40, 0xfd, 0x40, 0xfd, 0x40, 0xfd, 0x40, 0xfd, 0x40, 0xfd,
    0x40, 0xfd, 0x40, 0xfd, 0x40, 0xfd, 0x40, 0xfd, 0x40, 0xfd, 0x40, 0xfd, 0x40, 0xfd, 0x40, 0xfd,
    0x40, 0xfd, 0x40, 0xfd, 0x40, 0xfd, 0x40, 0xfd, 0x40, 0xfd, 0x40, 0xfd, 0x40, 0xfd, 0x40, 0xfd,
    0x40, 0xfd, 0x40, 0xfd, 0x40, 0xfd, 0x40, 0xfd, 0x40, 0xfd, 0x40, 0xfd, 0x40, 0xfd, 0x40, 0xfd,
    0x40, 0xfd, 0x40, 0xfd, 0x40, 0xfd, 0xa0, 0xfa, 0x00, 0xfc, 0x00, 0xfc, 0x00, 0xfc, 0x00, 0xf8,
    0x00, 0xf8, 0x00, 0x00, 0x00, 0x00, 0x00, 0x00, 0x00, 0x00, 0x00, 0x00, 0x00, 0x00, 0x00, 0x00,
    0x00, 0x00, 0x00, 0x00, 0x00, 0x00, 0x00, 0x00, 0x00, 0x00, 0x00, 0x00, 0x00, 0x00, 0x00, 0x00,
    0x00, 0x00, 0x00, 0x00, 0x00, 0x00, 0x00, 0x00, 0x00, 0x00, 0x00, 0x00, 0x00, 0x00, 0x00, 0x00,
    0x00, 0x00, 0x00, 0x00, 0x00, 0x00, 0x00, 0x00, 0x00, 0x00, 0x00, 0x00, 0x00, 0x00, 0x00, 0x00,
    0x00, 0x00, 0x00, 0x00, 0x00, 0x00, 0x00, 0x00, 0x00, 0x00, 0x00, 0x00, 0x00, 0x00, 0x00, 0x00,
    0x00, 0x00, 0x00, 0x00, 0x00, 0x00, 0x00, 0x00, 0x00, 0x00, 0x00, 0x00, 0x00, 0x00, 0x00, 0x00,
    0x00, 0x00, 0x00, 0x00, 0x00, 0x00, 0x00, 0x00, 0x00, 0x00, 0x00, 0x00, 0x00, 0x00, 0x00, 0x00,
    0x00, 0x00, 0x00, 0x00, 0x00, 0x00, 0x00, 0x00, 0x00, 0x00, 0x00, 0x00, 0x00, 0x00, 0x00, 0x00,
    0x00, 0x00, 0x00, 0x00, 0x00, 0x00, 0x00, 0x00, 0x00, 0x00, 0x00, 0x00, 0x00, 0x00, 0x00, 0x00,
    0x00, 0x00, 0x00, 0x00, 0x00, 0x00, 0x00, 0x00, 0x00, 0x00, 0x00, 0x00, 0x00, 0x00, 0x00, 0x00,
    0x00, 0x00, 0x00, 0x00, 0x00, 0x00, 0x00, 0x00, 0x00, 0x00, 0x00, 0x00, 0x00, 0x00, 0x00, 0x00,
    0x00, 0x00, 0x00, 0x00, 0x00, 0x00, 0x00, 0x00, 0x00, 0x00, 0x00, 0x00, 0x00, 0x00, 0x00, 0x00,
    0x00, 0x00, 0x00, 0x00, 0x00, 0x00, 0x00, 0x00, 0x00, 0x00, 0x00, 0x00, 0x00, 0x00, 0x00, 0x00,
    0x00, 0x00, 0x00, 0x00, 0x00, 0x00, 0x00, 0x00, 0x00, 0x00, 0x00, 0x00, 0x00, 0x00, 0x00, 0x00,
    0x00, 0x00, 0x00, 0x00, 0x00, 0x00, 0x00, 0x00, 0x00, 0x00, 0x00, 0x00, 0x00, 0x00, 0x00, 0x00,
    0x00, 0x00, 0x00, 0x00, 0x00, 0x00, 0x00, 0x00, 0x00, 0x00, 0x00, 0x00, 0x00, 0x00, 0x00, 0x00,
    0x00, 0x00, 0x00, 0x00, 0x00, 0x00, 0x00, 0x00, 0x00, 0x00, 0x00, 0x00, 0x00, 0x00, 0x00, 0x00,
    0x00, 0x00, 0x00, 0x00, 0x00, 0x00, 0x00, 0x00, 0x00, 0x00, 0x00, 0x00, 0x00, 0x00, 0x00, 0x00,
    0x00, 0x00, 0x00, 0x00, 0x00, 0x00, 0x00, 0x00, 0x00, 0x00, 0x00, 0x00, 0x00, 0x00, 0x00, 0x00,
    0x00, 0x00, 0x00, 0x00, 0x00, 0x00, 0x00, 0x00, 0x00, 0x00, 0x00, 0x00, 0x00, 0x00, 0x00, 0x00,
    0x00, 0x00, 0x00, 0x00, 0x00, 0x00, 0x00, 0x00, 0x00, 0x00, 0x00, 0x00, 0x00, 0x00, 0x00, 0x00,
    0x00, 0x00, 0x00, 0x00, 0x00, 0x00, 0x00, 0x00, 0x00, 0x00, 0x00, 0x00, 0x00, 0x00, 0x00, 0x00,
    0x00, 0x00, 0x00, 0x00, 0x00, 0x00, 0x00, 0x00, 0x00, 0x00, 0x00, 0x00, 0x00, 0x00, 0x00, 0x00,
    0x00, 0x00, 0x00, 0x00, 0x00, 0x00, 0x00, 0x00, 0x00, 0x00, 0x00, 0x00, 0x00, 0x00, 0x00, 0x00,
    0x00, 0x00, 0x00, 0x00, 0x00, 0x00, 0x00, 0x00, 0x00, 0x00, 0x00, 0x00, 0x00, 0x00, 0x00, 0x00,
    0x00, 0x00, 0x00, 0x00, 0x00, 0x00, 0x00, 0x00, 0x00, 0x00, 0x00, 0x00, 0x00, 0x00, 0x00, 0x00,
    0x00, 0x00, 0x00, 0x00, 0x00, 0x00, 0x00, 0x00, 0x00, 0x00, 0x00, 0x00, 0x00, 0x00, 0x00, 0x00,
    0x00, 0x00, 0x00, 0x00, 0x00, 0x00, 0x00, 0x00, 0x00, 0x00, 0x00, 0x00, 0x00, 0x00, 0x00, 0x00,
    0x00, 0x00, 0x00, 0x00, 0x00, 0x00, 0x00, 0x00, 0x00, 0x00, 0x00, 0x00, 0x00, 0x00, 0x00, 0x00,
    0x00, 0x00, 0x00, 0x00, 0x00, 0x00, 0x00, 0x00, 0x00, 0x00, 0x00, 0x00, 0x00, 0x00, 0x00, 0x00,
    0x00, 0x00, 0x00, 0x00, 0x00, 0x00, 0x00, 0x00, 0x00, 0x00, 0x00, 0x00, 0x00, 0x00, 0x00, 0x00,
    0x00, 0x00, 0x00, 0x00, 0x00, 0x00, 0x00, 0x00, 0x00, 0x00, 0x00, 0x00, 0x00, 0x00, 0x00, 0x00,
    0x00, 0x00, 0x00, 0x00, 0x00, 0x00, 0x00, 0x00, 0x00, 0x00, 0x00, 0x00, 0x00, 0x00, 0x00, 0x00,
    0x00, 0x00, 0x00, 0x00, 0x00, 0x00, 0x00, 0x00, 0x00, 0x00, 0x00, 0x00, 0x00, 0x00, 0x00, 0x00,
    0x00, 0x00, 0x00, 0x00, 0x00, 0x00, 0x00, 0x00, 0x00, 0x00, 0x00, 0x00, 0x00, 0x00, 0x00, 0x00,
    0x00, 0x00, 0x00, 0x00, 0x00, 0x00, 0x00, 0x00, 0x00, 0x00, 0x00, 0x00, 0x00, 0x00, 0x00, 0x00,
    0x00, 0x00, 0x00, 0x00, 0x00, 0x00, 0x00, 0x00, 0x00, 0x00, 0x00, 0x00, 0x00, 0x00, 0x00, 0x00,
    0x00, 0x00, 0x00, 0x00, 0x00, 0x00, 0x00, 0x00, 0x00, 0x00, 0x00, 0x00, 0x00, 0x00, 0x00, 0x00,
    0x00, 0x00, 0x00, 0x00, 0x00, 0x00, 0x00, 0x00, 0x00, 0x00, 0x00, 0x00, 0x00, 0x00, 0x00, 0x00,
    0x00, 0x00, 0x00, 0x00, 0x00, 0x00, 0x00, 0x00, 0x00, 0x00, 0x00, 0x00, 0x00, 0x00, 0x00, 0x00,
    0x00, 0x00, 0x00, 0x00, 0x00, 0x00, 0x00, 0x00, 0x00, 0x00, 0x00, 0x00, 0x00, 0x00, 0x00, 0x00,
    0x00, 0x00, 0x00, 0x00, 0x00, 0x00, 0x00, 0x00, 0x00, 0x00, 0x00, 0x00, 0x00, 0x00, 0x00, 0x00,
    0x00, 0x00, 0x00, 0x00, 0x00, 0x00, 0x00, 0x00, 0x00, 0x00, 0x00, 0x00, 0x00, 0x00, 0x00, 0x00,
    0x00, 0x00, 0x00, 0x00, 0x00, 0x00, 0x00, 0x00, 0x00, 0x00, 0x00, 0x00, 0x00, 0x00, 0x00, 0x00,
    0x00, 0x00, 0x00, 0x00, 0x00, 0x00, 0x00, 0x00, 0x00, 0x00, 0x00, 0x00, 0x00, 0x00, 0x00, 0x00,
    0x00, 0x00, 0x00, 0x00, 0x00, 0x00, 0x00, 0x00, 0x00, 0x00, 0x00, 0x00, 0x00, 0x00, 0x00, 0x00,
    0x00, 0x00, 0x00, 0x00, 0x00, 0x00, 0x00, 0x00, 0x00, 0x00, 0x00, 0x00, 0x00, 0x00, 0x00, 0x00,
    0x00, 0x00, 0x00, 0x00, 0x00, 0x00, 0x00, 0x00, 0x00, 0x00, 0x00, 0x00, 0x00, 0x00, 0x00, 0x00,
    0x00, 0x00, 0x00, 0x00, 0x00, 0x00, 0x00, 0x00, 0x00, 0x00, 0x00, 0x00, 0x00, 0x00, 0x00, 0x00,
    0x00, 0x00, 0x00, 0x00, 0x00, 0x00, 0x00, 0x00, 0x00, 0x00, 0x00, 0x00, 0x00, 0x00, 0x00, 0x00,
    0x00, 0x00, 0x00, 0x00, 0x00, 0x00, 0x00, 0x00, 0x00, 0x00, 0x00, 0x00, 0x00, 0x00, 0x00, 0x00,
    0x00, 0x00, 0x00, 0x00, 0x00, 0x00, 0x00, 0x00, 0x00, 0x00, 0x00, 0x00, 0x00, 0x00, 0x00, 0x00,
    0x00, 0x00, 0x00, 0x00, 0x00, 0x00, 0x00, 0x00, 0x00, 0x00, 0x00, 0x00, 0x00, 0x00, 0x00, 0x00,
    0x00, 0x00, 0x00, 0x00, 0x00, 0x00, 0x00, 0x00, 0x00, 0x00, 0x00, 0x00, 0x00, 0x00, 0x00, 0x00,
    0x00, 0x00, 0x00, 0x00, 0x00, 0x00, 0x00, 0x00, 0x00, 0x00, 0x00, 0x00, 0x00, 0x00, 0x00, 0x00,
    0x00, 0x00, 0x00, 0x00, 0x00, 0x00, 0x00, 0x00, 0x00, 0x00, 0x00, 0x00, 0x00, 0x00, 0x00, 0x00,
    0x00, 0x00, 0x00, 0x00, 0x00, 0x00, 0x00, 0x00, 0x00, 0x00, 0x00, 0x00, 0x00, 0x00, 0x00, 0x00,
    0x00, 0x00, 0x00, 0x00, 0x00, 0x00, 0x00, 0x00, 0x00, 0x00, 0x00, 0x00, 0x00, 0x00, 0x00, 0x00,
    0x00, 0x00, 0x00, 0x00, 0x00, 0x00, 0x00, 0x00, 0x00, 0x00, 0x00, 0x00, 0x00, 0x00, 0x00, 0x00,
    0x00, 0x00, 0x00, 0x00, 0x00, 0x00, 0x00, 0x00, 0x00, 0x00, 0x00, 0x00, 0x00, 0x00, 0x00, 0x00,
    0x00, 0x00, 0x00, 0x00, 0x00, 0x00, 0x00, 0x00, 0x00, 0x00, 0x00, 0x00, 0x00, 0x00, 0x00, 0x00,
    0x00, 0x00, 0x00, 0x00, 0x00, 0x00, 0x00, 0x00, 0x00, 0x00, 0x00, 0x00, 0x00, 0x00, 0x00, 0x00,
    0x00, 0x00, 0x00, 0x00, 0x00, 0x00, 0x00, 0x00, 0x00, 0x00, 0x00, 0x00, 0x00, 0x00, 0x00, 0x00,
    0x00, 0x00, 0x00, 0x00, 0x00, 0x00, 0x00, 0x00, 0x00, 0x00, 0x00, 0x00, 0x00, 0x00, 0x00, 0x00,
    0x00, 0x00, 0x00, 0x00, 0x00, 0x00, 0x00, 0x00, 0x00, 0x00, 0x00, 0x00, 0x00, 0x00, 0x00, 0x00,
    0x00, 0x00, 0x00, 0x00, 0x00, 0x00, 0x00, 0x00, 0x00, 0x00, 0x00, 0x00, 0x00, 0x00, 0x00, 0x00,
    0x00, 0x00, 0x00, 0x00, 0x00, 0x00, 0x00, 0x00, 0x00, 0x00, 0x00, 0x00, 0x00, 0x00, 0x00, 0x00,
    0x00, 0x00, 0x00, 0x00, 0x00, 0x00, 0x00, 0x00, 0x00, 0x00, 0x00, 0x00, 0x00, 0x00, 0x00, 0x00,
    0x00, 0x00, 0x00, 0x00, 0x00, 0x00, 0x00, 0x00, 0x00, 0x00, 0x00, 0x00, 0x00, 0x00, 0x00, 0x00,
    0x00, 0x00, 0x00, 0x00, 0x00, 0x00, 0x00, 0x00, 0x00, 0x00, 0x00, 0x00, 0x00, 0x00, 0x00, 0x00,
    0x00, 0x00, 0x00, 0x00, 0x00, 0x00, 0x00, 0x00, 0x00, 0x00, 0x00, 0x00, 0x00, 0x00, 0x00, 0x00,
    0x00, 0x00, 0x00, 0x00, 0x00, 0x00, 0x00, 0x00, 0x00, 0x00, 0x00, 0x00, 0x00, 0x00, 0x00, 0x00,
    0x00, 0x00, 0x00, 0x00, 0x00, 0x00, 0x00, 0x00, 0x00, 0x00, 0x00, 0x00, 0x00, 0x00, 0x00, 0x00,
    0x00, 0x00, 0x00, 0x00, 0x00, 0x00, 0x00, 0x00, 0x00, 0x00, 0x00, 0x00, 0x00, 0x00, 0x00, 0x00,
    0x00, 0x00, 0x00, 0x00, 0x00, 0x00, 0x00, 0x00, 0x00, 0x00, 0x00, 0x00, 0x00, 0x00, 0x00, 0x00,
    0x00, 0x00, 0x00, 0x00, 0x00, 0x00, 0x00, 0x00, 0x00, 0x00, 0x00, 0x00, 0x00, 0x00, 0x00, 0x00,
    0x00, 0x00, 0x00, 0x00, 0x00, 0x00, 0x00, 0x00, 0x00, 0x00, 0x00, 0x00, 0x00, 0x00, 0x00, 0x00,
    0x00, 0x00, 0x00, 0x00, 0x00, 0x00, 0x00, 0x00, 0x00, 0x00, 0x00, 0x00, 0x00, 0x00, 0x00, 0x00,
    0x00, 0x00, 0x00, 0x00, 0x00, 0x00, 0x00, 0x00, 0x00, 0x00, 0x00, 0x00, 0x00, 0x00, 0x00, 0x00,
    0x00, 0x00, 0x00, 0x00, 0x00, 0x00, 0x00, 0x00, 0x00, 0x00, 0x00, 0x00, 0x00, 0x00, 0x00, 0x00,
    0x00, 0x00, 0x00, 0x00, 0x00, 0x00, 0x00, 0x00, 0x00, 0x00, 0x00, 0x00, 0x00, 0x00, 0x00, 0x00,
    0x00, 0x00, 0x00, 0x00, 0x00, 0x00, 0x00, 0x00, 0x00, 0x00, 0x00, 0x00, 0x00, 0x00, 0x00, 0x00,
    0x00, 0x00, 0x00, 0x00, 0x00, 0x00, 0x00, 0x00, 0x00, 0x00, 0x00, 0x00, 0x00, 0x00, 0x00, 0x00,
    0x00, 0x00, 0x00, 0x00, 0x00, 0x00, 0x00, 0x00, 0x00, 0x00, 0x00, 0x00, 0x00, 0x00, 0x00, 0x00,
    0x00, 0x00, 0x00, 0x00, 0x00, 0x00, 0x00, 0x00, 0x00, 0x00, 0x00, 0x00, 0x00, 0x00, 0x00, 0x00,
    0x00, 0x00, 0x00, 0x00, 0x00, 0x00, 0x00, 0x00, 0x00, 0x00, 0x00, 0x00, 0x00, 0x00, 0x00, 0x00,
    0x00, 0x00, 0x00, 0x00, 0x00, 0x00, 0x00, 0x00, 0x00, 0x00, 0x00, 0x00, 0x00, 0x00, 0x00, 0x00,
    0x00, 0x00, 0x00, 0x00, 0x00, 0x00, 0x00, 0x00, 0x00, 0x00, 0x00, 0x00, 0x00, 0x00, 0x00, 0x00,
    0x00, 0x00, 0x00, 0x00, 0x00, 0x00, 0x00, 0x00, 0x00, 0x00, 0x00, 0x00, 0x00, 0x00, 0x00, 0x00,
    0x00, 0x00, 0x00, 0x00, 0x00, 0x00, 0x00, 0x00, 0x00, 0x00, 0x00, 0x00, 0x00, 0x00, 0x00, 0x00,
    0x00, 0x00, 0x00, 0x00, 0x00, 0x00, 0x00, 0x00, 0x00, 0x00, 0x00, 0x00, 0x00, 0x00, 0x00, 0x00,
    0x00, 0x00, 0x00, 0x00, 0x00, 0x00, 0x00, 0x00, 0x00, 0x00, 0x00, 0x00, 0x00, 0x00, 0x00, 0x00,
    0x00, 0x00, 0x00, 0x00, 0x00, 0x00, 0x00, 0x00, 0x00, 0x00, 0x00, 0x00, 0x00, 0x00, 0x00, 0x00,
    0x00, 0x00, 0x00, 0x00, 0x00, 0x00, 0x00, 0x00, 0x00, 0x00, 0x00, 0x00, 0x00, 0x00, 0x00, 0x00,
    0x00, 0x00, 0x00, 0x00, 0x00, 0x00, 0x00, 0x00, 0x00, 0x00, 0x00, 0x00, 0x00, 0x00, 0x00, 0x00,
    0x00, 0x00, 0x00, 0x00, 0x00, 0x00, 0x00, 0x00, 0x00, 0x00, 0x00, 0x00, 0x00, 0x00, 0x00, 0x00,
    0x00, 0x00, 0x00, 0x00, 0x00, 0x00, 0x00, 0x00, 0x00, 0x00, 0x00, 0x00, 0x00, 0x00, 0x00, 0x00,
    0x00, 0x00, 0x00, 0x00, 0x00, 0x00, 0x00, 0x00, 0x00, 0x00, 0x00, 0x00, 0x00, 0x00, 0x00, 0x01,
    0x01, 0x02, 0x02, 0x03, 0x03, 0x03, 0x03, 0x03, 0x03, 0x03, 0x03, 0x03, 0x03, 0x03, 0x03, 0x03,
    0x03, 0x03, 0x03, 0x03, 0x03, 0x03, 0x03, 0x03, 0x03, 0x03, 0x03, 0x03, 0x03, 0x03, 0x03, 0x03,
    0x03, 0x03, 0x03, 0x03, 0x03, 0x03, 0x03, 0x03, 0x03, 0x03, 0x03, 0x03, 0x03, 0x03, 0x03, 0x03,
    0x03, 0x03, 0x03, 0x03, 0x03, 0x03, 0x03, 0x03, 0x03, 0x03, 0x03, 0x03, 0x03, 0x03, 0x03, 0x03,
    0x03, 0x03, 0x03, 0x03, 0x03, 0x03, 0x03, 0x03, 0x03, 0x03, 0x03, 0x03, 0x03, 0x03, 0x03, 0x03,
    0x03, 0x03, 0x03, 0x03, 0x03, 0x03, 0x03, 0x03, 0x03, 0x03, 0x03, 0x03, 0x03, 0x03, 0x03, 0x03,
    0x03, 0x03, 0x03, 0x03, 0x03, 0x03, 0x03, 0x03, 0x03, 0x03, 0x03, 0x03, 0x03, 0x03, 0x03, 0x03,
    0x03, 0x03, 0x03, 0x03, 0x03, 0x03, 0x03, 0x03, 0x03, 0x03, 0x03, 0x03, 0x03, 0x02, 0x02, 0x02,
    0x01, 0x01, 0x00, 0x00, 0x00, 0x00, 0x00, 0x00, 0x00, 0x00, 0x00, 0x00, 0x00, 0x00, 0x00, 0x00,
    0x00, 0x00, 0x00, 0x00, 0x00, 0x00, 0x00, 0x00, 0x00, 0x00, 0x00, 0x00, 0x00, 0x00, 0x00, 0x00,
    0x00, 0x00, 0x00, 0x01, 0x02, 0x03, 0x04, 0x05, 0x06, 0x07, 0x08, 0x08, 0x09, 0x09, 0x09, 0x09,
    0x09, 0x09, 0x09, 0x09, 0x09, 0x09, 0x09, 0x09, 0x09, 0x09, 0x09, 0x09, 0x09, 0x09, 0x09, 0x09,
    0x09, 0x09, 0x09, 0x09, 0x09, 0x09, 0x09, 0x09, 0x09, 0x09, 0x09, 0x09, 0x09, 0x09, 0x09, 0x09,
    0x09, 0x09, 0x09, 0x09, 0x09, 0x09, 0x09, 0x09, 0x09, 0x09, 0x09, 0x09, 0x09, 0x09, 0x09, 0x09,
    0x09, 0x09, 0x09, 0x09, 0x09, 0x09, 0x09, 0x09, 0x09, 0x09, 0x09, 0x09, 0x09, 0x09, 0x09, 0x09,
    0x09, 0x09, 0x09, 0x09, 0x09, 0x09, 0x09, 0x09, 0x09, 0x09, 0x09, 0x09, 0x09, 0x09, 0x09, 0x09,
    0x09, 0x09, 0x09, 0x09, 0x09, 0x09, 0x09, 0x09, 0x09, 0x09, 0x09, 0x09, 0x09, 0x09, 0x09, 0x09,
    0x09, 0x09, 0x09, 0x09, 0x09, 0x09, 0x09, 0x09, 0x09, 0x09, 0x09, 0x09, 0x09, 0x09, 0x09, 0x09,
    0x09, 0x09, 0x09, 0x08, 0x08, 0x07, 0x06, 0x05, 0x04, 0x03, 0x02, 0x01, 0x01, 0x00, 0x00, 0x00,
    0x00, 0x00, 0x00, 0x00, 0x00, 0x00, 0x00, 0x00, 0x00, 0x00, 0x00, 0x00, 0x00, 0x00, 0x00, 0x00,
    0x00, 0x00, 0x00, 0x00, 0x00, 0x00, 0x00, 0x00, 0x00, 0x01, 0x03, 0x05, 0x07, 0x09, 0x0a, 0x0d,
    0x0f, 0x10, 0x11, 0x12, 0x12, 0x12, 0x12, 0x12, 0x12, 0x12, 0x12, 0x12, 0x12, 0x12, 0x12, 0x12,
    0x12, 0x12, 0x12, 0x12, 0x12, 0x12, 0x12, 0x12, 0x12, 0x12, 0x12, 0x12, 0x12, 0x12, 0x12, 0x12,
    0x12, 0x12, 0x12, 0x12, 0x12, 0x12, 0x12, 0x12, 0x12, 0x12, 0x12, 0x12, 0x12, 0x12, 0x12, 0x12,
    0x12, 0x12, 0x12, 0x12, 0x12, 0x12, 0x12, 0x12, 0x12, 0x12, 0x12, 0x12, 0x12, 0x12, 0x12, 0x12,
    0x12, 0x12, 0x12, 0x12, 0x12, 0x12, 0x12, 0x12, 0x12, 0x12, 0x12, 0x12, 0x12, 0x12, 0x12, 0x12,
    0x12, 0x12, 0x12, 0x12, 0x12, 0x12, 0x12, 0x12, 0x12, 0x12, 0x12, 0x12, 0x12, 0x12, 0x12, 0x12,
    0x12, 0x12, 0x12, 0x12, 0x12, 0x12, 0x12, 0x12, 0x12, 0x12, 0x12, 0x12, 0x12, 0x12, 0x12, 0x12,
    0x12, 0x12, 0x12, 0x12, 0x12, 0x12, 0x12, 0x12, 0x12, 0x11, 0x11, 0x10, 0x0f, 0x0d, 0x0c, 0x0a,
    0x09, 0x07, 0x05, 0x03, 0x02, 0x01, 0x00, 0x00, 0x00, 0x00, 0x00, 0x00, 0x00, 0x00, 0x00, 0x00,
    0x00, 0x00, 0x00, 0x00, 0x00, 0x00, 0x00, 0x00, 0x00, 0x00, 0x00, 0x00, 0x00, 0x00, 0x00, 0x01,
    0x03, 0x06, 0x09, 0x0c, 0x10, 0x13, 0x17, 0x1a, 0x1c, 0x1d, 0x1e, 0x1f, 0x1f, 0x1f, 0x1f, 0x1f,
    0x1f, 0x1f, 0x1f, 0x1f, 0x1f, 0x1f, 0x1f, 0x1f, 0x1f, 0x1f, 0x1f, 0x1f, 0x1f, 0x1f, 0x1f, 0x1f,
    0x1f, 0x1f, 0x1f, 0x1f, 0x1f, 0x1f, 0x1f, 0x1f, 0x1f, 0x1f, 0x1f, 0x1f, 0x1f, 0x1f, 0x1f, 0x1f,
    0x1f, 0x1f, 0x1f, 0x1f, 0x1f, 0x1f, 0x1f, 0x1f, 0x1f, 0x1f, 0x1f, 0x1f, 0x1f, 0x1f, 0x1f, 0x1f,
    0x1f, 0x1f, 0x1f, 0x1f, 0x1f, 0x1f, 0x1f, 0x1f, 0x1f, 0x1f, 0x1f, 0x1f, 0x1f, 0x1f, 0x1f, 0x1f,
    0x1f, 0x1f, 0x1f, 0x1f, 0x1f, 0x1f, 0x1f, 0x1f, 0x1f, 0x1f, 0x1f, 0x1f, 0x1f, 0x1f, 0x1f, 0x1f,
    0x1f, 0x1f, 0x1f, 0x1f, 0x1f, 0x1f, 0x1f, 0x1f, 0x1f, 0x1f, 0x1f, 0x1f, 0x1f, 0x1f, 0x1f, 0x1f,
    0x1f, 0x1f, 0x1f, 0x1f, 0x1f, 0x1f, 0x1f, 0x1f, 0x1f, 0x1f, 0x1f, 0x1f, 0x1f, 0x1f, 0x1f, 0x1f,
    0x1e, 0x1d, 0x1c, 0x1b, 0x19, 0x16, 0x13, 0x11, 0x0d, 0x0a, 0x08, 0x05, 0x03, 0x02, 0x01, 0x00,
    0x00, 0x00, 0x00, 0x00, 0x00, 0x00, 0x00, 0x00, 0x00, 0x00, 0x00, 0x00, 0x00, 0x00, 0x00, 0x00,
    0x00, 0x00, 0x00, 0x00, 0x00, 0x01, 0x03, 0x06, 0x09, 0x0f, 0x14, 0x1b, 0x20, 0x25, 0x2a, 0x2e,
    0x30, 0x31, 0x32, 0x33, 0x33, 0x33, 0x33, 0x33, 0x33, 0x33, 0x33, 0x33, 0x33, 0x33, 0x33, 0x33,
    0x33, 0x33, 0x33, 0x33, 0x33, 0x33, 0x33, 0x33, 0x33, 0x33, 0x33, 0x33, 0x33, 0x33, 0x33, 0x33,
    0x33, 0x33, 0x33, 0x33, 0x33, 0x33, 0x33, 0x33, 0x33, 0x33, 0x33, 0x33, 0x33, 0x33, 0x33, 0x33,
    0x33, 0x33, 0x33, 0x33, 0x33, 0x33, 0x33, 0x33, 0x33, 0x33, 0x33, 0x33, 0x33, 0x33, 0x33, 0x33,
    0x33, 0x33, 0x33, 0x33, 0x33, 0x33, 0x33, 0x33, 0x33, 0x33, 0x33, 0x33, 0x33, 0x33, 0x33, 0x33,
    0x33, 0x33, 0x33, 0x33, 0x33, 0x33, 0x33, 0x33, 0x33, 0x33, 0x33, 0x33, 0x33, 0x33, 0x33, 0x33,
    0x33, 0x33, 0x33, 0x33, 0x33, 0x33, 0x33, 0x33, 0x33, 0x33, 0x33, 0x33, 0x33, 0x33, 0x33, 0x33,
    0x33, 0x33, 0x33, 0x33, 0x32, 0x32, 0x32, 0x31, 0x30, 0x2e, 0x2c, 0x29, 0x25, 0x21, 0x1c, 0x18,
    0x12, 0x0f, 0x0a, 0x07, 0x05, 0x02, 0x01, 0x00, 0x00, 0x00, 0x00, 0x00, 0x00, 0x00, 0x00, 0x00,
    0x00, 0x00, 0x00, 0x00, 0x00, 0x00, 0x00, 0x00, 0x00, 0x00, 0x00, 0x01, 0x02, 0x06, 0x09, 0x10,
    0x17, 0x1f, 0x28, 0x30, 0x38, 0x3f, 0x43, 0x47, 0x49, 0x49, 0x4a, 0x4a, 0x4a, 0x4a, 0x4a, 0x4a,
    0x4a, 0x4a, 0x4a, 0x4a, 0x4a, 0x4a, 0x4a, 0x4a, 0x4a, 0x4a, 0x4a, 0x4a, 0x4a, 0x4a, 0x4a, 0x4a,
    0x4a, 0x4a, 0x4a, 0x4a, 0x4a, 0x4a, 0x4a, 0x4a, 0x4a, 0x4a, 0x4a, 0x4a, 0x4a, 0x4a, 0x4a, 0x4a,
    0x4a, 0x4a, 0x4a, 0x4a, 0x4a, 0x4a, 0x4a, 0x4a, 0x4a, 0x4a, 0x4a, 0x4a, 0x4a, 0x4a, 0x4a, 0x4a,
    0x4a, 0x4a, 0x4a, 0x4a, 0x4a, 0x4a, 0x4a, 0x4a, 0x4a, 0x4a, 0x4a, 0x4a, 0x4a, 0x4a, 0x4a, 0x4a,
    0x4a, 0x4a, 0x4a, 0x4a, 0x4a, 0x4a, 0x4a, 0x4a, 0x4a, 0x4a, 0x4a, 0x4a, 0x4a, 0x4a, 0x4a, 0x4a,
    0x4a, 0x4a, 0x4a, 0x4a, 0x4a, 0x4a, 0x4a, 0x4a, 0x4a, 0x4a, 0x4a, 0x4a, 0x4a, 0x4a, 0x4a, 0x4a,
    0x4a, 0x4a, 0x4a, 0x4a, 0x4a, 0x4a, 0x4a, 0x4a, 0x4a, 0x4a, 0x4a, 0x4a, 0x49, 0x49, 0x49, 0x47,
    0x45, 0x42, 0x3e, 0x39, 0x33, 0x2d, 0x26, 0x1f, 0x19, 0x12, 0x0d, 0x09, 0x06, 0x03, 0x01, 0x00,
    0x00, 0x00, 0x00, 0x00, 0x00, 0x00, 0x00, 0x00, 0x00, 0x00, 0x00, 0x00, 0x00, 0x00, 0x00, 0x00,
    0x00, 0x00, 0x01, 0x04, 0x09, 0x0f, 0x17, 0x21, 0x2d, 0x38, 0x43, 0x4e, 0x56, 0x5c, 0x60, 0x63,
    0x64, 0x65, 0x65, 0x65, 0x65, 0x65, 0x65, 0x65, 0x65, 0x65, 0x65, 0x65, 0x65, 0x65, 0x65, 0x65,
    0x65, 0x65, 0x65, 0x65, 0x65, 0x65, 0x65, 0x65, 0x65, 0x65, 0x65, 0x65, 0x65, 0x65, 0x65, 0x65,
    0x65, 0x65, 0x65, 0x65, 0x65, 0x65, 0x65, 0x65, 0x65, 0x65, 0x65, 0x65, 0x65, 0x65, 0x65, 0x65,
    0x65, 0x65, 0x65, 0x65, 0x65, 0x65, 0x65, 0x65, 0x65, 0x65, 0x65, 0x65, 0x65, 0x65, 0x65, 0x65,
    0x65, 0x65, 0x65, 0x65, 0x65, 0x65, 0x65, 0x65, 0x65, 0x65, 0x65, 0x65, 0x65, 0x65, 0x65, 0x65,
    0x65, 0x65, 0x65, 0x65, 0x65, 0x65, 0x65, 0x65, 0x65, 0x65, 0x65, 0x65, 0x65, 0x65, 0x65, 0x65,
    0x65, 0x65, 0x65, 0x65, 0x65, 0x65, 0x65, 0x65, 0x65, 0x65, 0x65, 0x65, 0x65, 0x65, 0x65, 0x65,
    0x65, 0x65, 0x65, 0x64, 0x64, 0x62, 0x61, 0x5e, 0x5b, 0x56, 0x51, 0x49, 0x41, 0x38, 0x2f, 0x26,
    0x1d, 0x16, 0x0f, 0x09, 0x06, 0x03, 0x01, 0x00, 0x00, 0x00, 0x00, 0x00, 0x00, 0x00, 0x00, 0x00,
    0x00, 0x00, 0x00, 0x00, 0x00, 0x00, 0x00, 0x00, 0x01, 0x03, 0x07, 0x0c, 0x15, 0x20, 0x2e, 0x3c,
    0x4a, 0x59, 0x68, 0x72, 0x7b, 0x7f, 0x82, 0x83, 0x83, 0x83, 0x83, 0x83, 0x83, 0x83, 0x83, 0x83,
    0x83, 0x83, 0x83, 0x83, 0x83, 0x83, 0x83, 0x83, 0x83, 0x83, 0x83, 0x83, 0x83, 0x83, 0x83, 0x83,
    0x83, 0x83, 0x83, 0x83, 0x83, 0x83, 0x83, 0x83, 0x83, 0x83, 0x83, 0x83, 0x83, 0x83, 0x83, 0x83,
    0x83, 0x83, 0x83, 0x83, 0x83, 0x83, 0x83, 0x83, 0x83, 0x83, 0x83, 0x83, 0x83, 0x83, 0x83, 0x83,
    0x83, 0x83, 0x83, 0x83, 0x83, 0x83, 0x83, 0x83, 0x83, 0x83, 0x83, 0x83, 0x83, 0x83, 0x83, 0x83,
    0x83, 0x83, 0x83, 0x83, 0x83, 0x83, 0x83, 0x83, 0x83, 0x83, 0x83, 0x83, 0x83, 0x83, 0x83, 0x83,
    0x83, 0x83, 0x83, 0x83, 0x83, 0x83, 0x83, 0x83, 0x83, 0x83, 0x83, 0x83, 0x83, 0x83, 0x83, 0x83,
    0x83, 0x83, 0x83, 0x83, 0x83, 0x83, 0x83, 0x83, 0x83, 0x83, 0x83, 0x82, 0x81, 0x7f, 0x7c, 0x78,
    0x72, 0x6b, 0x62, 0x59, 0x4e, 0x42, 0x37, 0x2c, 0x21, 0x18, 0x10, 0x0a, 0x06, 0x03, 0x01, 0x00,
    0x00, 0x00, 0x00, 0x00, 0x00, 0x00, 0x00, 0x00, 0x00, 0x00, 0x00, 0x00, 0x00, 0x00, 0x00, 0x02,
    0x05, 0x09, 0x12, 0x1c, 0x2a, 0x3a, 0x4b, 0x5e, 0x74, 0x88, 0x98, 0xa2, 0xa7, 0xa9, 0xaa, 0xaa,
    0xaa, 0xa9, 0xa9, 0xa9, 0xa9, 0xa9, 0xa9, 0xa9, 0xa9, 0xa9, 0xa9, 0xa9, 0xa9, 0xa9, 0xa9, 0xa9,
    0xa9, 0xa9, 0xa9, 0xa9, 0xa9, 0xa9, 0xa9, 0xa9, 0xa9, 0xa9, 0xa9, 0xa9, 0xa9, 0xa9, 0xa9, 0xa9,
    0xa9, 0xa9, 0xa9, 0xa9, 0xa9, 0xa9, 0xa9, 0xa9, 0xa9, 0xa9, 0xa9, 0xa9, 0xa9, 0xa9, 0xa9, 0xa9,
    0xa9, 0xa9, 0xa9, 0xa9, 0xa9, 0xa9, 0xa9, 0xa9, 0xa9, 0xa9, 0xa9, 0xa9, 0xa9, 0xa9, 0xa9, 0xa9,
    0xa9, 0xa9, 0xa9, 0xa9, 0xa9, 0xa9, 0xa9, 0xa9, 0xa9, 0xa9, 0xa9, 0xa9, 0xa9, 0xa9, 0xa9, 0xa9,
    0xa9, 0xa9, 0xa9, 0xa9, 0xa9, 0xa9, 0xa9, 0xa9, 0xa9, 0xa9, 0xa9, 0xa9, 0xa9, 0xa9, 0xa9, 0xa9,
    0xa9, 0xa9, 0xa9, 0xa9, 0xa9, 0xa9, 0xa9, 0xa9, 0xa9, 0xa9, 0xa9, 0xa9, 0xa9, 0xa9, 0xa9, 0xa9,
    0xa9, 0xa9, 0xa8, 0xa8, 0xa7, 0xa4, 0x9d, 0x97, 0x8c, 0x80, 0x73, 0x66, 0x58, 0x4a, 0x3d, 0x2f,
    0x23, 0x19, 0x10, 0x09, 0x06, 0x02, 0x00, 0x00, 0x00, 0x00, 0x00, 0x00, 0x00, 0x00, 0x00, 0x00,
    0x00, 0x00, 0x00, 0x00, 0x00, 0x01, 0x03, 0x07, 0x0e, 0x18, 0x25, 0x36, 0x49, 0x5c, 0x73, 0x91,
    0xae, 0xc3, 0xcd, 0xd1, 0xd1, 0xd1, 0xd1, 0xd1, 0xd1, 0xd0, 0xd0, 0xd0, 0xd0, 0xd0, 0xd0, 0xd0,
    0xd0, 0xd0, 0xd0, 0xd0, 0xd0, 0xd0, 0xd0, 0xd0, 0xd0, 0xd0, 0xd0, 0xd0, 0xd0, 0xd0, 0xd0, 0xd0,
    0xd0, 0xd0, 0xd0, 0xd0, 0xd0, 0xd0, 0xd0, 0xd0, 0xd0, 0xd0, 0xd0, 0xd0, 0xd0, 0xd0, 0xd0, 0xd0,
    0xd0, 0xd0, 0xd0, 0xd0, 0xd0, 0xd0, 0xd0, 0xd0, 0xd0, 0xd0, 0xd0, 0xd0, 0xd0, 0xd0, 0xd0, 0xd0,
    0xd0, 0xd0, 0xd0, 0xd0, 0xd0, 0xd0, 0xd0, 0xd0, 0xd0, 0xd0, 0xd0, 0xd0, 0xd0, 0xd0, 0xd0, 0xd0,
    0xd0, 0xd0, 0xd0, 0xd0, 0xd0, 0xd0, 0xd0, 0xd0, 0xd0, 0xd0, 0xd0, 0xd0, 0xd0, 0xd0, 0xd0, 0xd0,
    0xd0, 0xd0, 0xd0, 0xd0, 0xd0, 0xd0, 0xd0, 0xd0, 0xd0, 0xd0, 0xd0, 0xd0, 0xd0, 0xd0, 0xd0, 0xd0,
    0xd0, 0xd0, 0xd0, 0xd0, 0xd0, 0xd0, 0xd0, 0xd0, 0xd0, 0xd0, 0xcf, 0xce, 0xcb, 0xc7, 0xc0, 0xb6,
    0xa8, 0x95, 0x82, 0x70, 0x5f, 0x4f, 0x40, 0x30, 0x23, 0x18, 0x0f, 0x09, 0x05, 0x02, 0x00, 0x00,
    0x00, 0x00, 0x00, 0x00, 0x00, 0x00, 0x00, 0x00, 0x00, 0x00, 0x00, 0x00, 0x01, 0x05, 0x0a, 0x12,
    0x1e, 0x2e, 0x41, 0x56, 0x6e, 0x8a, 0xae, 0xcd, 0xe2, 0xeb, 0xeb, 0xeb, 0xeb, 0xea, 0xea, 0xea,
    0xea, 0xea, 0xea, 0xea, 0xea, 0xea, 0xea, 0xea, 0xea, 0xea, 0xea, 0xea, 0xea, 0xea, 0xea, 0xea,
    0xea, 0xea, 0xea, 0xea, 0xea, 0xea, 0xea, 0xea, 0xea, 0xea, 0xea, 0xea, 0xea, 0xea, 0xea, 0xea,
    0xea, 0xea, 0xea, 0xea, 0xea, 0xea, 0xea, 0xea, 0xea, 0xea, 0xea, 0xea, 0xea, 0xea, 0xea, 0xea,
    0xea, 0xea, 0xea, 0xea, 0xea, 0xea, 0xea, 0xea, 0xea, 0xea, 0xea, 0xea, 0xea, 0xea, 0xea, 0xea,
    0xea, 0xea, 0xea, 0xea, 0xea, 0xea, 0xea, 0xea, 0xea, 0xea, 0xea, 0xea, 0xea, 0xea, 0xea, 0xea,
    0xea, 0xea, 0xea, 0xea, 0xea, 0xea, 0xea, 0xea, 0xea, 0xea, 0xea, 0xea, 0xea, 0xea, 0xea, 0xea,
    0xea, 0xea, 0xea, 0xea, 0xea, 0xea, 0xea, 0xea, 0xea, 0xea, 0xea, 0xea, 0xea, 0xea, 0xea, 0xea,
    0xea, 0xea, 0xea, 0xe6, 0xe2, 0xdf, 0xda, 0xce, 0xbd, 0xa6, 0x8e, 0x78, 0x63, 0x52, 0x40, 0x2f,
    0x21, 0x16, 0x0d, 0x08, 0x03, 0x01, 0x00, 0x00, 0x00, 0x00, 0x00, 0x00, 0x00, 0x00, 0x00, 0x00,
    0x00, 0x00, 0x01, 0x03, 0x07, 0x0e, 0x18, 0x26, 0x38, 0x4d, 0x64, 0x7e, 0xa1, 0xc5, 0xe0, 0xfa,
    0xfc, 0xfb, 0xfb, 0xfb, 0xfb, 0xfb, 0xfa, 0xfa, 0xfa, 0xfa, 0xfa, 0xfa, 0xfa, 0xfa, 0xfa, 0xfa,
    0xfa, 0xfa, 0xfa, 0xfa, 0xfa, 0xfa, 0xfa, 0xfa, 0xfa, 0xfa, 0xfa, 0xfa, 0xfa, 0xfa, 0xfa, 0xfa,
    0xfa, 0xfa, 0xfa, 0xfa, 0xfa, 0xfa, 0xfa, 0xfa, 0xfa, 0xfa, 0xfa, 0xfa, 0xfa, 0xfa, 0xfa, 0xfa,
    0xfa, 0xfa, 0xfa, 0xfa, 0xfa, 0xfa, 0xfa, 0xfa, 0xfa, 0xfa, 0xfa, 0xfa, 0xfa, 0xfa, 0xfa, 0xfa,
    0xfa, 0xfa, 0xfa, 0xfa, 0xfa, 0xfa, 0xfa, 0xfa, 0xfa, 0xfa, 0xfa, 0xfa, 0xfa, 0xfa, 0xfa, 0xfa,
    0xfa, 0xfa, 0xfa, 0xfa, 0xfa, 0xfa, 0xfa, 0xfa, 0xfa, 0xfa, 0xfa, 0xfa, 0xfa, 0xfa, 0xfa, 0xfa,
    0xfa, 0xfa, 0xfa, 0xfa, 0xfa, 0xfa, 0xfa, 0xfa, 0xfa, 0xfa, 0xfa, 0xfa, 0xfa, 0xfa, 0xfa, 0xfa,
    0xfa, 0xfa, 0xfa, 0xfa, 0xfa, 0xfa, 0xfa, 0xfa, 0xfa, 0xfb, 0xfb, 0xfa, 0xf7, 0xf3, 0xe8, 0xdb,
    0xc9, 0xb1, 0x96, 0x7b, 0x65, 0x50, 0x3d, 0x2c, 0x1d, 0x12, 0x0a, 0x05, 0x02, 0x00, 0x00, 0x00,
    0x00, 0x00, 0x00, 0x00, 0x00, 0x00, 0x00, 0x00, 0x00, 0x01, 0x05, 0x0a, 0x12, 0x1f, 0x2f, 0x43,
    0x5a, 0x72, 0x92, 0xb6, 0xd6, 0xee, 0xfb, 0xfa, 0xf8, 0xf7, 0xf7, 0xf7, 0xf6, 0xf6, 0xf6, 0xf6,
    0xf6, 0xf6, 0xf6, 0xf6, 0xf6, 0xf6, 0xf6, 0xf6, 0xf6, 0xf6, 0xf6, 0xf6, 0xf6, 0xf6, 0xf6, 0xf6,
    0xf6, 0xf6, 0xf6, 0xf6, 0xf6, 0xf6, 0xf6, 0xf6, 0xf6, 0xf6, 0xf6, 0xf6, 0xf6, 0xf6, 0xf6, 0xf6,
    0xf6, 0xf6, 0xf6, 0xf6, 0xf6, 0xf6, 0xf6, 0xf6, 0xf6, 0xf6, 0xf6, 0xf6, 0xf6, 0xf6, 0xf6, 0xf6,
    0xf6, 0xf6, 0xf6, 0xf6, 0xf6, 0xf6, 0xf6, 0xf6, 0xf6, 0xf6, 0xf6, 0xf6, 0xf6, 0xf6, 0xf6, 0xf6,
    0xf6, 0xf6, 0xf6, 0xf6, 0xf6, 0xf6, 0xf6, 0xf6, 0xf6, 0xf6, 0xf6, 0xf6, 0xf6, 0xf6, 0xf6, 0xf6,
    0xf6, 0xf6, 0xf6, 0xf6, 0xf6, 0xf6, 0xf6, 0xf6, 0xf6, 0xf6, 0xf6, 0xf6, 0xf6, 0xf6, 0xf6, 0xf6,
    0xf6, 0xf6, 0xf6, 0xf6, 0xf6, 0xf6, 0xf6, 0xf6, 0xf6, 0xf6, 0xf6, 0xf6, 0xf6, 0xf6, 0xf6, 0xf6,
    0xf6, 0xf7, 0xf8, 0xf9, 0xfa, 0xfb, 0xef, 0xe1, 0xd0, 0xb6, 0x96, 0x79, 0x60, 0x4b, 0x37, 0x26,
    0x19, 0x0f, 0x08, 0x03, 0x01, 0x00, 0x00, 0x00, 0x00, 0x00, 0x00, 0x00, 0x00, 0x00, 0x00, 0x00,
    0x03, 0x07, 0x0e, 0x18, 0x26, 0x39, 0x4f, 0x66, 0x81, 0xa4, 0xc8, 0xe0, 0xf9, 0xfa, 0xf7, 0xf5,
    0xf3, 0xf2, 0xf1, 0xf0, 0xf0, 0xf0, 0xf0, 0xf0, 0xf0, 0xf0, 0xf0, 0xf0, 0xf0, 0xf0, 0xf0, 0xf0,
    0xf0, 0xf0, 0xf0, 0xf0, 0xf0, 0xf0, 0xf0, 0xf0, 0xf0, 0xf0, 0xf0, 0xf0, 0xf0, 0xf0, 0xf0, 0xf0,
    0xf0, 0xf0, 0xf0, 0xf0, 0xf0, 0xf0, 0xf0, 0xf0, 0xf0, 0xf0, 0xf0, 0xf0, 0xf0, 0xf0, 0xf0, 0xf0,
    0xf0, 0xf0, 0xf0, 0xf0, 0xf0, 0xf0, 0xf0, 0xf0, 0xf0, 0xf0, 0xf0, 0xf0, 0xf0, 0xf0, 0xf0, 0xf0,
    0xf0, 0xf0, 0xf0, 0xf0, 0xf0, 0xf0, 0xf0, 0xf0, 0xf0, 0xf0, 0xf0, 0xf0, 0xf0, 0xf0, 0xf0, 0xf0,
    0xf0, 0xf0, 0xf0, 0xf0, 0xf0, 0xf0, 0xf0, 0xf0, 0xf0, 0xf0, 0xf0, 0xf0, 0xf0, 0xf0, 0xf0, 0xf0,
    0xf0, 0xf0, 0xf0, 0xf0, 0xf0, 0xf0, 0xf0, 0xf0, 0xf0, 0xf0, 0xf0, 0xf0, 0xf0, 0xf0, 0xf0, 0xf0,
    0xf0, 0xf0, 0xf0, 0xf0, 0xf0, 0xf0, 0xf0, 0xf1, 0xfc, 0xfa, 0xf9, 0xf7, 0xf9, 0xfb, 0xf7, 0xe6,
    0xd2, 0xb3, 0x90, 0x72, 0x59, 0x43, 0x30, 0x20, 0x13, 0x0a, 0x05, 0x01, 0x00, 0x00, 0x00, 0x00,
    0x00, 0x00, 0x00, 0x00, 0x00, 0x00, 0x00, 0x05, 0x0a, 0x12, 0x1f, 0x2f, 0x43, 0x5b, 0x73, 0x92,
    0xb6, 0xd6, 0xec, 0xfb, 0xf7, 0xf4, 0xf1, 0xef, 0xee, 0xed, 0xec, 0xec, 0xeb, 0xeb, 0xeb, 0xeb,
    0xeb, 0xeb, 0xeb, 0xeb, 0xeb, 0xeb, 0xeb, 0xeb, 0xeb, 0xeb, 0xeb, 0xeb, 0xeb, 0xeb, 0xeb, 0xeb,
    0xeb, 0xeb, 0xeb, 0xeb, 0xeb, 0xeb, 0xeb, 0xeb, 0xeb, 0xeb, 0xeb, 0xeb, 0xeb, 0xeb, 0xeb, 0xeb,
    0xeb, 0xeb, 0xeb, 0xeb, 0xeb, 0xeb, 0xeb, 0xeb, 0xeb, 0xeb, 0xeb, 0xeb, 0xeb, 0xeb, 0xeb, 0xeb,
    0xeb, 0xeb, 0xeb, 0xeb, 0xeb, 0xeb, 0xeb, 0xeb, 0xeb, 0xeb, 0xeb, 0xeb, 0xeb, 0xeb, 0xeb, 0xeb,
    0xeb, 0xeb, 0xeb, 0xeb, 0xeb, 0xeb, 0xeb, 0xeb, 0xeb, 0xeb, 0xeb, 0xeb, 0xeb, 0xeb, 0xeb, 0xeb,
    0xeb, 0xeb, 0xeb, 0xeb, 0xeb, 0xeb, 0xeb, 0xeb, 0xeb, 0xeb, 0xeb, 0xeb, 0xeb, 0xeb, 0xeb, 0xeb,
    0xeb, 0xeb, 0xeb, 0xeb, 0xeb, 0xeb, 0xeb, 0xeb, 0xeb, 0xeb, 0xeb, 0xeb, 0xeb, 0xec, 0xec, 0xf0,
    0xf4, 0xf6, 0xfd, 0xf7, 0xf8, 0xfa, 0xf6, 0xe2, 0xcb, 0xa8, 0x84, 0x67, 0x4f, 0x39, 0x27, 0x18,
    0x0e, 0x07, 0x02, 0x00, 0x00, 0x00, 0x00, 0x00, 0x00, 0x00, 0x00, 0x00, 0x00, 0x00, 0x07, 0x0e,
    0x18, 0x26, 0x39, 0x4f, 0x66, 0x82, 0xa3, 0xc6, 0xdf, 0xf8, 0xf9, 0xf5, 0xf1, 0xee, 0xec, 0xeb,
    0xe9, 0xe8, 0xe8, 0xe7, 0xe7, 0xe7, 0xe7, 0xe7, 0xe7, 0xe7, 0xe7, 0xe7, 0xe7, 0xe7, 0xe7, 0xe7,
    0xe7, 0xe7, 0xe7, 0xe7, 0xe7, 0xe7, 0xe7, 0xe7, 0xe7, 0xe7, 0xe7, 0xe7, 0xe7, 0xe7, 0xe7, 0xe7,
    0xe7, 0xe7, 0xe7, 0xe7, 0xe7, 0xe7, 0xe7, 0xe7, 0xe7, 0xe7, 0xe7, 0xe7, 0xe7, 0xe7, 0xe7, 0xe7,
    0xe7, 0xe7, 0xe7, 0xe7, 0xe7, 0xe7, 0xe7, 0xe7, 0xe7, 0xe7, 0xe7, 0xe7, 0xe7, 0xe7, 0xe7, 0xe7,
    0xe7, 0xe7, 0xe7, 0xe7, 0xe7, 0xe7, 0xe7, 0xe7, 0xe7, 0xe7, 0xe7, 0xe7, 0xe7, 0xe7, 0xe7, 0xe7,
    0xe7, 0xe7, 0xe7, 0xe7, 0xe7, 0xe7, 0xe7, 0xe7, 0xe7, 0xe7, 0xe7, 0xe7, 0xe7, 0xe7, 0xe7, 0xe7,
    0xe7, 0xe7, 0xe7, 0xe7, 0xe7, 0xe7, 0xe7, 0xe7, 0xe7, 0xe7, 0xe7, 0xe7, 0xe7, 0xe7, 0xe7, 0xe7,
    0xe7, 0xe7, 0xe7, 0xe8, 0xe8, 0xec, 0xed, 0xeb, 0xec, 0xf0, 0xfa, 0xf6, 0xf7, 0xfb, 0xf1, 0xdc,
    0xbf, 0x98, 0x74, 0x5a, 0x42, 0x2e, 0x1d, 0x11, 0x09, 0x03, 0x00, 0x00, 0x00, 0x00, 0x00, 0x00,
    0x00, 0x00, 0x00, 0x00, 0x00, 0x09, 0x12, 0x1e, 0x2f, 0x43, 0x5a, 0x73, 0x92, 0xb5, 0xd5, 0xec,
    0xfa, 0xf6, 0xf2, 0xee, 0xec, 0xe9, 0xe7, 0xe6, 0xe5, 0xe4, 0xe4, 0xe4, 0xe4, 0xe4, 0xe4, 0xe4,
    0xe4, 0xe4, 0xe4, 0xe4, 0xe4, 0xe4, 0xe4, 0xe4, 0xe4, 0xe4, 0xe4, 0xe4, 0xe4, 0xe4, 0xe4, 0xe4,
    0xe4, 0xe4, 0xe4, 0xe4, 0xe4, 0xe4, 0xe4, 0xe4, 0xe4, 0xe4, 0xe4, 0xe4, 0xe4, 0xe4, 0xe4, 0xe4,
    0xe4, 0xe4, 0xe4, 0xe4, 0xe4, 0xe4, 0xe4, 0xe4, 0xe4, 0xe4, 0xe4, 0xe4, 0xe4, 0xe4, 0xe4, 0xe4,
    0xe4, 0xe4, 0xe4, 0xe4, 0xe4, 0xe4, 0xe4, 0xe4, 0xe4, 0xe4, 0xe4, 0xe4, 0xe4, 0xe4, 0xe4, 0xe4,
    0xe4, 0xe4, 0xe4, 0xe4, 0xe4, 0xe4, 0xe4, 0xe4, 0xe4, 0xe4, 0xe4, 0xe4, 0xe4, 0xe4, 0xe4, 0xe4,
    0xe4, 0xe4, 0xe4, 0xe4, 0xe4, 0xe4, 0xe4, 0xe4, 0xe4, 0xe4, 0xe4, 0xe4, 0xe4, 0xe4, 0xe4, 0xe4,
    0xe4, 0xe4, 0xe4, 0xe4, 0xe4, 0xe4, 0xe4, 0xe4, 0xe4, 0xe4, 0xf0, 0xfb, 0xfc, 0xfc, 0xfb, 0xf2,
    0xeb, 0xee, 0xfb, 0xf7, 0xf9, 0xfb, 0xe9, 0xcf, 0xa9, 0x81, 0x63, 0x4a, 0x34, 0x22, 0x13, 0x0a,
    0x04, 0x01, 0x00, 0x00, 0x00, 0x00, 0x00, 0x00, 0x00, 0x00, 0x00, 0x00, 0x0e, 0x18, 0x26, 0x38,
    0x4e, 0x65, 0x82, 0xa3, 0xc6, 0xdf, 0xf8, 0xf8, 0xf4, 0xef, 0xec, 0xe9, 0xe6, 0xe4, 0xe3, 0xe2,
    0xe1, 0xe1, 0xe0, 0xe0, 0xe0, 0xe0, 0xe0, 0xe0, 0xe0, 0xe0, 0xe0, 0xe0, 0xe0, 0xe0, 0xe0, 0xe0,
    0xe0, 0xe0, 0xe0, 0xe0, 0xe0, 0xe0, 0xe0, 0xe0, 0xe0, 0xe0, 0xe0, 0xe0, 0xe0, 0xe0, 0xe0, 0xe0,
    0xe0, 0xe0, 0xe0, 0xe0, 0xe0, 0xe0, 0xe0, 0xe0, 0xe0, 0xe0, 0xe0, 0xe0, 0xe0, 0xe0, 0xe0, 0xe0,
    0xe0, 0xe0, 0xe0, 0xe0, 0xe0, 0xe0, 0xe0, 0xe0, 0xe0, 0xe0, 0xe0, 0xe0, 0xe0, 0xe0, 0xe0, 0xe0,
    0xe0, 0xe0, 0xe0, 0xe0, 0xe0, 0xe0, 0xe0, 0xe0, 0xe0, 0xe0, 0xe0, 0xe0, 0xe0, 0xe0, 0xe0, 0xe0,
    0xe0, 0xe0, 0xe0, 0xe0, 0xe0, 0xe0, 0xe0, 0xe0, 0xe0, 0xe0, 0xe0, 0xe0, 0xe0, 0xe0, 0xe0, 0xe0,
    0xe0, 0xe0, 0xe0, 0xe0, 0xe0, 0xe0, 0xe0, 0xe0, 0xe0, 0xe0, 0xe0, 0xe0, 0xe0, 0xe0, 0xe0, 0xe1,
    0xf0, 0xf8, 0xf1, 0xf2, 0xf2, 0xf3, 0xf9, 0xf3, 0xec, 0xf1, 0xfd, 0xf7, 0xfa, 0xf3, 0xda, 0xb8,
    0x8e, 0x6c, 0x51, 0x39, 0x25, 0x16, 0x0c, 0x05, 0x01, 0x00, 0x00, 0x00, 0x00, 0x00, 0x00, 0x00,
    0x00, 0x00, 0x00, 0x12, 0x1e, 0x2e, 0x43, 0x5a, 0x73, 0x92, 0xb6, 0xd5, 0xec, 0xfa, 0xf6, 0xf1,
    0xed, 0xe9, 0xe6, 0xe4, 0xe2, 0xe0, 0xdf, 0xdf, 0xde, 0xde, 0xde, 0xde, 0xde, 0xde, 0xde, 0xde,
    0xde, 0xde, 0xde, 0xde, 0xde, 0xde, 0xde, 0xde, 0xde, 0xde, 0xde, 0xde, 0xde, 0xde, 0xde, 0xde,
    0xde, 0xde, 0xde, 0xde, 0xde, 0xde, 0xde, 0xde, 0xde, 0xde, 0xde, 0xde, 0xde, 0xde, 0xde, 0xde,
    0xde, 0xde, 0xde, 0xde, 0xde, 0xde, 0xde, 0xde, 0xde, 0xde, 0xde, 0xde, 0xde, 0xde, 0xde, 0xde,
    0xde, 0xde, 0xde, 0xde, 0xde, 0xde, 0xde, 0xde, 0xde, 0xde, 0xde, 0xde, 0xde, 0xde, 0xde, 0xde,
    0xde, 0xde, 0xde, 0xde, 0xde, 0xde, 0xde, 0xde, 0xde, 0xde, 0xde, 0xde, 0xde, 0xde, 0xde, 0xde,
    0xde, 0xde, 0xde, 0xde, 0xde, 0xde, 0xde, 0xde, 0xde, 0xde, 0xde, 0xde, 0xde, 0xde, 0xde, 0xde,
    0xde, 0xde, 0xde, 0xde, 0xde, 0xde, 0xec, 0xf6, 0xf0, 0xf1, 0xf1, 0xf6, 0xf3, 0xf3, 0xf9, 0xf2,
    0xed, 0xf7, 0xf9, 0xf9, 0xf7, 0xe0, 0xc2, 0x98, 0x72, 0x56, 0x3e, 0x29, 0x19, 0x0d, 0x06, 0x02,
    0x00, 0x00, 0x00, 0x00, 0x00, 0x00, 0x00, 0x00, 0x00, 0x00, 0x18, 0x26, 0x38, 0x4e, 0x66, 0x82,
    0xa3, 0xc7, 0xdf, 0xf8, 0xf8, 0xf4, 0xef, 0xeb, 0xe8, 0xe4, 0xe2, 0xe0, 0xde, 0xdd, 0xdd, 0xdd,
    0xdd, 0xdd, 0xdd, 0xdd, 0xdd, 0xdd, 0xdd, 0xdd, 0xdd, 0xdd, 0xdd, 0xdd, 0xdd, 0xdd, 0xdd, 0xdd,
    0xdd, 0xdd, 0xdd, 0xdd, 0xdd, 0xdd, 0xdd, 0xdd, 0xdd, 0xdd, 0xdd, 0xdd, 0xdd, 0xdd, 0xdd, 0xdd,
    0xdd, 0xdd, 0xdd, 0xdd, 0xdd, 0xdd, 0xdd, 0xdd, 0xdd, 0xdd, 0xdd, 0xdd, 0xdd, 0xdd, 0xdd, 0xdd,
    0xdd, 0xdd, 0xdd, 0xdd, 0xdd, 0xdd, 0xdd, 0xdd, 0xdd, 0xdd, 0xdd, 0xdd, 0xdd, 0xdd, 0xdd, 0xdd,
    0xdd, 0xdd, 0xdd, 0xdd, 0xdd, 0xdd, 0xdd, 0xdd, 0xdd, 0xdd, 0xdd, 0xdd, 0xdd, 0xdd, 0xdd, 0xdd,
    0xdd, 0xdd, 0xdd, 0xdd, 0xdd, 0xdd, 0xdd, 0xdd, 0xdd, 0xdd, 0xdd, 0xdd, 0xdd, 0xdd, 0xdd, 0xdd,
    0xdd, 0xdd, 0xdd, 0xdd, 0xdd, 0xdd, 0xdd, 0xdd, 0xdd, 0xdd, 0xdd, 0xdd, 0xdd, 0xf9, 0xf0, 0xf0,
    0xf0, 0xf0, 0xff, 0xff, 0xf3, 0xf3, 0xfb, 0xec, 0xf4, 0xfa, 0xf8, 0xfa, 0xe3, 0xc9, 0x9f, 0x77,
    0x5a, 0x40, 0x2b, 0x1a, 0x0e, 0x07, 0x02, 0x00, 0x00, 0x00, 0x00, 0x00, 0x00, 0x00, 0x00, 0x00,
    0x00, 0x1d, 0x2e, 0x42, 0x5a, 0x73, 0x91, 0xb6, 0xd6, 0xec, 0xfa, 0xf7, 0xf1, 0xed, 0xe9, 0xe6,
    0xe3, 0xe1, 0xdf, 0xdd, 0xdd, 0xdc, 0xdc, 0xdc, 0xdc, 0xdc, 0xdc, 0xdc, 0xdc, 0xdc, 0xdc, 0xdc,
    0xdc, 0xdc, 0xdc, 0xdc, 0xdc, 0xdc, 0xdc, 0xdc, 0xdc, 0xdc, 0xdc, 0xdc, 0xdc, 0xdc, 0xdc, 0xdc,
    0xdc, 0xdc, 0xdc, 0xdc, 0xdc, 0xdc, 0xdc, 0xdc, 0xdc, 0xdc, 0xdc, 0xdc, 0xdc, 0xdc, 0xdc, 0xdc,
    0xdc, 0xdc, 0xdc, 0xdc, 0xdc, 0xdc, 0xdc, 0xdc, 0xdc, 0xdc, 0xdc, 0xdc, 0xdc, 0xdc, 0xdc, 0xdc,
    0xdc, 0xdc, 0xdc, 0xdc, 0xdc, 0xdc, 0xdc, 0xdc, 0xdc, 0xdc, 0xdc, 0xdc, 0xdc, 0xdc, 0xdc, 0xdc,
    0xdc, 0xdc, 0xdc, 0xdc, 0xdc, 0xdc, 0xdc, 0xdc, 0xdc, 0xdc, 0xdc, 0xdc, 0xdc, 0xdc, 0xdc, 0xdc,
    0xdc, 0xdc, 0xdc, 0xdc, 0xdc, 0xdc, 0xdc, 0xdc, 0xdc, 0xdc, 0xdc, 0xdc, 0xdc, 0xdc, 0xdc, 0xdc,
    0xdc, 0xdc, 0xdc, 0xe1, 0xfb, 0xef, 0xef, 0xef, 0xf0, 0xff, 0xff, 0xf8, 0xf3, 0xfc, 0xed, 0xf0,
    0xfc, 0xf8, 0xfb, 0xe7, 0xcc, 0xa2, 0x7a, 0x5c, 0x42, 0x2c, 0x1b, 0x0f, 0x07, 0x02, 0x00, 0x00,
    0x00, 0x00, 0x00, 0x00, 0x00, 0x00, 0x00, 0x00, 0x24, 0x37, 0x4c, 0x65, 0x81, 0xa3, 0xc8, 0xe0,
    0xf9, 0xf9, 0xf5, 0xf0, 0xec, 0xe9, 0xe5, 0xe2, 0xe0, 0xde, 0xdd, 0xdc, 0xdc, 0xdc, 0xdc, 0xdc,
    0xdc, 0xdc, 0xdc, 0xdc, 0xdc, 0xdc, 0xdc, 0xdc, 0xdc, 0xdc, 0xdc, 0xdc, 0xdc, 0xdc, 0xdc, 0xdc,
    0xdc, 0xdc, 0xdc, 0xdc, 0xdc, 0xdc, 0xdc, 0xdc, 0xdc, 0xdc, 0xdc, 0xdc, 0xdc, 0xdc, 0xdc, 0xdc,
    0xdc, 0xdc, 0xdc, 0xdc, 0xdc, 0xdc, 0xdc, 0xdc, 0xdc, 0xdc, 0xdc, 0xdc, 0xdc, 0xdc, 0xdc, 0xdc,
    0xdc, 0xdc, 0xdc, 0xdc, 0xdc, 0xdc, 0xdc, 0xdc, 0xdc, 0xdc, 0xdc, 0xdc, 0xdc, 0xdc, 0xdc, 0xdc,
    0xdc, 0xdc, 0xdc, 0xdc, 0xdc, 0xdc, 0xdc, 0xdc, 0xdc, 0xdc, 0xdc, 0xdc, 0xdc, 0xdc, 0xdc, 0xdc,
    0xdc, 0xdc, 0xdc, 0xdc, 0xdc, 0xdc, 0xdc, 0xdc, 0xdc, 0xdc, 0xdc, 0xdc, 0xdc, 0xdc, 0xdc, 0xdc,
    0xdc, 0xdc, 0xdc, 0xdc, 0xdc, 0xdc, 0xdc, 0xdc, 0xdc, 0xdc, 0xe1, 0xfb, 0xef, 0xf8, 0xff, 0xff,
    0xff, 0xff, 0xf9, 0xf3, 0xfc, 0xed, 0xf0, 0xfc, 0xf7, 0xfb, 0xe8, 0xca, 0xa0, 0x7a, 0x5c, 0x42,
    0x2c, 0x1b, 0x0f, 0x07, 0x02, 0x00, 0x00, 0x00, 0x00, 0x00, 0x00, 0x00, 0x00, 0x00, 0x00, 0x2a,
    0x3e, 0x55, 0x6f, 0x8f, 0xb6, 0xd7, 0xee, 0xfb, 0xf7, 0xf4, 0xef, 0xec, 0xe8, 0xe5, 0xe2, 0xe0,
    0xdf, 0xde, 0xdd, 0xdd, 0xdd, 0xdd, 0xdd, 0xdd, 0xdd, 0xdd, 0xdd, 0xdd, 0xdd, 0xdd, 0xdd, 0xdd,
    0xdd, 0xdd, 0xdd, 0xdd, 0xdd, 0xdd, 0xdd, 0xdd, 0xdd, 0xdd, 0xdd, 0xdd, 0xdd, 0xdd, 0xdd, 0xdd,
    0xdd, 0xdd, 0xdd, 0xdd, 0xdd, 0xdd, 0xdd, 0xdd, 0xdd, 0xdd, 0xdd, 0xdd, 0xdd, 0xdd, 0xdd, 0xdd,
    0xdd, 0xdd, 0xdd, 0xdd, 0xdd, 0xdd, 0xdd, 0xdd, 0xdd, 0xdd, 0xdd, 0xdd, 0xdd, 0xdd, 0xdd, 0xdd,
    0xdd, 0xdd, 0xdd, 0xdd, 0xdd, 0xdd, 0xdd, 0xdd, 0xdd, 0xdd, 0xdd, 0xdd, 0xdd, 0xdd, 0xdd, 0xdd,
    0xdd, 0xdd, 0xdd, 0xdd, 0xdd, 0xdd, 0xdd, 0xdd, 0xdd, 0xdd, 0xdd, 0xdd, 0xdd, 0xdd, 0xdd, 0xdd,
    0xdd, 0xdd, 0xdd, 0xdd, 0xdd, 0xdd, 0xdd, 0xdd, 0xdd, 0xdd, 0xdd, 0xdd, 0xdd, 0xdd, 0xdd, 0xdd,
    0xdd, 0xdd, 0xfa, 0xf0, 0xf4, 0xff, 0xff, 0xff, 0xff, 0xf5, 0xf3, 0xfa, 0xeb, 0xf4, 0xfa, 0xf8,
    0xfa, 0xe3, 0xc7, 0x9c, 0x77, 0x5a, 0x40, 0x2b, 0x1a, 0x0e, 0x07, 0x02, 0x00, 0x00, 0x00, 0x00,
    0x00, 0x00, 0x00, 0x00, 0x00, 0x00, 0x2f, 0x44, 0x5c, 0x7a, 0x9e, 0xc6, 0xe1, 0xf9, 0xfa, 0xf7,
    0xf3, 0xef, 0xec, 0xe9, 0xe6, 0xe3, 0xe1, 0xe0, 0xdf, 0xde, 0xde, 0xde, 0xde, 0xde, 0xde, 0xde,
    0xde, 0xde, 0xde, 0xde, 0xde, 0xde, 0xde, 0xde, 0xde, 0xde, 0xde, 0xde, 0xde, 0xde, 0xde, 0xde,
    0xde, 0xde, 0xde, 0xde, 0xde, 0xde, 0xde, 0xde, 0xde, 0xde, 0xde, 0xde, 0xde, 0xde, 0xde, 0xde,
    0xde, 0xde, 0xde, 0xde, 0xde, 0xde, 0xde, 0xde, 0xde, 0xde, 0xde, 0xde, 0xde, 0xde, 0xde, 0xde,
    0xde, 0xde, 0xde, 0xde, 0xde, 0xde, 0xde, 0xde, 0xde, 0xde, 0xde, 0xde, 0xde, 0xde, 0xde, 0xde,
    0xde, 0xde, 0xde, 0xde, 0xde, 0xde, 0xde, 0xde, 0xde, 0xde, 0xde, 0xde, 0xde, 0xde, 0xde, 0xde,
    0xde, 0xde, 0xde, 0xde, 0xde, 0xde, 0xde, 0xde, 0xde, 0xde, 0xde, 0xde, 0xde, 0xde, 0xde, 0xde,
    0xde, 0xde, 0xde, 0xde, 0xde, 0xde, 0xde, 0xde, 0xde, 0xec, 0xf7, 0xf0, 0xf5, 0xf8, 0xf8, 0xf5,
    0xf3, 0xf9, 0xf2, 0xed, 0xf6, 0xf9, 0xf9, 0xf6, 0xde, 0xc0, 0x96, 0x70, 0x56, 0x3d, 0x28, 0x18,
    0x0d, 0x06, 0x02, 0x00, 0x00, 0x00, 0x00, 0x00, 0x00, 0x00, 0x00, 0x00, 0x00, 0x33, 0x49, 0x61,
    0x82, 0xac, 0xd3, 0xef, 0xfc, 0xf9, 0xf6, 0xf3, 0xf0, 0xed, 0xea, 0xe8, 0xe5, 0xe3, 0xe2, 0xe1,
    0xe1, 0xe1, 0xe0, 0xe0, 0xe0, 0xe0, 0xe0, 0xe0, 0xe0, 0xe0, 0xe0, 0xe0, 0xe0, 0xe0, 0xe0, 0xe0,
    0xe0, 0xe0, 0xe0, 0xe0, 0xe0, 0xe0, 0xe0, 0xe0, 0xe0, 0xe0, 0xe0, 0xe0, 0xe0, 0xe0, 0xe0, 0xe0,
    0xe0, 0xe0, 0xe0, 0xe0, 0xe0, 0xe0, 0xe0, 0xe0, 0xe0, 0xe0, 0xe0, 0xe0, 0xe0, 0xe0, 0xe0, 0xe0,
    0xe0, 0xe0, 0xe0, 0xe0, 0xe0, 0xe0, 0xe0, 0xe0, 0xe0, 0xe0, 0xe0, 0xe0, 0xe0, 0xe0, 0xe0, 0xe0,
    0xe0, 0xe0, 0xe0, 0xe0, 0xe0, 0xe0, 0xe0, 0xe0, 0xe0, 0xe0, 0xe0, 0xe0, 0xe0, 0xe0, 0xe0, 0xe0,
    0xe0, 0xe0, 0xe0, 0xe0, 0xe0, 0xe0, 0xe0, 0xe0, 0xe0, 0xe0, 0xe0, 0xe0, 0xe0, 0xe0, 0xe0, 0xe0,
    0xe0, 0xe0, 0xe0, 0xe0, 0xe0, 0xe0, 0xe0, 0xe0, 0xe0, 0xe0, 0xe0, 0xe0, 0xe0, 0xe0, 0xe0, 0xe0,
    0xe0, 0xf0, 0xf8, 0xf1, 0xf2, 0xf2, 0xf3, 0xfa, 0xf3, 0xeb, 0xef, 0xfc, 0xf6, 0xfa, 0xf2, 0xd7,
    0xb4, 0x8a, 0x6a, 0x51, 0x39, 0x25, 0x16, 0x0b, 0x05, 0x01, 0x00, 0x00, 0x00, 0x00, 0x00, 0x00,
    0x00, 0x00, 0x00, 0x00, 0x34, 0x49, 0x63, 0x85, 0xb2, 0xd9, 0xf9, 0xfc, 0xfa, 0xf7, 0xf4, 0xf1,
    0xef, 0xec, 0xea, 0xe8, 0xe6, 0xe5, 0xe4, 0xe4, 0xe4, 0xe4, 0xe4, 0xe4, 0xe4, 0xe4, 0xe4, 0xe4,
    0xe4, 0xe4, 0xe4, 0xe4, 0xe4, 0xe4, 0xe4, 0xe4, 0xe4, 0xe4, 0xe4, 0xe4, 0xe4, 0xe4, 0xe4, 0xe4,
    0xe4, 0xe4, 0xe4, 0xe4, 0xe4, 0xe4, 0xe4, 0xe4, 0xe4, 0xe4, 0xe4, 0xe4, 0xe4, 0xe4, 0xe4, 0xe4,
    0xe4, 0xe4, 0xe4, 0xe4, 0xe4, 0xe4, 0xe4, 0xe4, 0xe4, 0xe4, 0xe4, 0xe4, 0xe4, 0xe4, 0xe4, 0xe4,
    0xe4, 0xe4, 0xe4, 0xe4, 0xe4, 0xe4, 0xe4, 0xe4, 0xe4, 0xe4, 0xe4, 0xe4, 0xe4, 0xe4, 0xe4, 0xe4,
    0xe4, 0xe4, 0xe4, 0xe4, 0xe4, 0xe4, 0xe4, 0xe4, 0xe4, 0xe4, 0xe4, 0xe4, 0xe4, 0xe4, 0xe4, 0xe4,
    0xe4, 0xe4, 0xe4, 0xe4, 0xe4, 0xe4, 0xe4, 0xe4, 0xe4, 0xe4, 0xe4, 0xe4, 0xe4, 0xe4, 0xe4, 0xe4,
    0xe4, 0xe4, 0xe4, 0xe4, 0xe4, 0xe4, 0xe4, 0xe4, 0xe4, 0xef, 0xfa, 0xfc, 0xfc, 0xfb, 0xf2, 0xeb,
    0xed, 0xfb, 0xf7, 0xf9, 0xfb, 0xe7, 0xcb, 0xa6, 0x7f, 0x62, 0x49, 0x33, 0x21, 0x13, 0x0a, 0x04,
    0x01, 0x00, 0x00, 0x00, 0x00, 0x00, 0x00, 0x00, 0x00, 0x00, 0x00, 0x32, 0x47, 0x5f, 0x81, 0xaa,
    0xd0, 0xea, 0xfa, 0xfb, 0xf9, 0xf7, 0xf4, 0xf1, 0xef, 0xec, 0xeb, 0xe9, 0xe8, 0xe8, 0xe8, 0xe7,
    0xe7, 0xe7, 0xe7, 0xe7, 0xe7, 0xe7, 0xe7, 0xe7, 0xe7, 0xe7, 0xe7, 0xe7, 0xe7, 0xe7, 0xe7, 0xe7,
    0xe7, 0xe7, 0xe7, 0xe7, 0xe7, 0xe7, 0xe7, 0xe7, 0xe7, 0xe7, 0xe7, 0xe7, 0xe7, 0xe7, 0xe7, 0xe7,
    0xe7, 0xe7, 0xe7, 0xe7, 0xe7, 0xe7, 0xe7, 0xe7, 0xe7, 0xe7, 0xe7, 0xe7, 0xe7, 0xe7, 0xe7, 0xe7,
    0xe7, 0xe7, 0xe7, 0xe7, 0xe7, 0xe7, 0xe7, 0xe7, 0xe7, 0xe7, 0xe7, 0xe7, 0xe7, 0xe7, 0xe7, 0xe7,
    0xe7, 0xe7, 0xe7, 0xe7, 0xe7, 0xe7, 0xe7, 0xe7, 0xe7, 0xe7, 0xe7, 0xe7, 0xe7, 0xe7, 0xe7, 0xe7,
    0xe7, 0xe7, 0xe7, 0xe7, 0xe7, 0xe7, 0xe7, 0xe7, 0xe7, 0xe7, 0xe7, 0xe7, 0xe7, 0xe7, 0xe7, 0xe7,
    0xe7, 0xe7, 0xe7, 0xe7, 0xe7, 0xe7, 0xe7, 0xe7, 0xe7, 0xe7, 0xe7, 0xe7, 0xe7, 0xe7, 0xe7, 0xe7,
    0xe8, 0xe8, 0xeb, 0xec, 0xea, 0xec, 0xef, 0xfb, 0xf6, 0xf7, 0xfb, 0xf0, 0xda, 0xba, 0x94, 0x72,
    0x59, 0x41, 0x2d, 0x1c, 0x11, 0x09, 0x03, 0x00, 0x00, 0x00, 0x00, 0x00, 0x00, 0x00, 0x00, 0x00,
    0x00, 0x00, 0x2e, 0x41, 0x57, 0x74, 0x95, 0xb9, 0xd4, 0xe5, 0xf4, 0xfb, 0xfa, 0xf7, 0xf4, 0xf1,
    0xef, 0xee, 0xed, 0xec, 0xeb, 0xeb, 0xeb, 0xeb, 0xeb, 0xeb, 0xeb, 0xeb, 0xeb, 0xeb, 0xeb, 0xeb,
    0xeb, 0xeb, 0xeb, 0xeb, 0xeb, 0xeb, 0xeb, 0xeb, 0xeb, 0xeb, 0xeb, 0xeb, 0xeb, 0xeb, 0xeb, 0xeb,
    0xeb, 0xeb, 0xeb, 0xeb, 0xeb, 0xeb, 0xeb, 0xeb, 0xeb, 0xeb, 0xeb, 0xeb, 0xeb, 0xeb, 0xeb, 0xeb,
    0xeb, 0xeb, 0xeb, 0xeb, 0xeb, 0xeb, 0xeb, 0xeb, 0xeb, 0xeb, 0xeb, 0xeb, 0xeb, 0xeb, 0xeb, 0xeb,
    0xeb, 0xeb, 0xeb, 0xeb, 0xeb, 0xeb, 0xeb, 0xeb, 0xeb, 0xeb, 0xeb, 0xeb, 0xeb, 0xeb, 0xeb, 0xeb,
    0xeb, 0xeb, 0xeb, 0xeb, 0xeb, 0xeb, 0xeb, 0xeb, 0xeb, 0xeb, 0xeb, 0xeb, 0xeb, 0xeb, 0xeb, 0xeb,
    0xeb, 0xeb, 0xeb, 0xeb, 0xeb, 0xeb, 0xeb, 0xeb, 0xeb, 0xeb, 0xeb, 0xeb, 0xeb, 0xeb, 0xeb, 0xeb,
    0xeb, 0xeb, 0xeb, 0xeb, 0xeb, 0xeb, 0xeb, 0xeb, 0xec, 0xec, 0xf0, 0xf3, 0xf6, 0xfc, 0xf7, 0xf7,
    0xfa, 0xf7, 0xe1, 0xc8, 0xa5, 0x82, 0x65, 0x4e, 0x38, 0x26, 0x18, 0x0d, 0x07, 0x02, 0x00, 0x00,
    0x00, 0x00, 0x00, 0x00, 0x00, 0x00, 0x00, 0x00, 0x00, 0x28, 0x39, 0x4d, 0x64, 0x7d, 0x99, 0xb6,
    0xcf, 0xe0, 0xee, 0xfa, 0xfa, 0xf8, 0xf5, 0xf3, 0xf2, 0xf1, 0xf0, 0xf0, 0xf0, 0xf0, 0xf0, 0xf0,
    0xf0, 0xf0, 0xf0, 0xf0, 0xf0, 0xf0, 0xf0, 0xf0, 0xf0, 0xf0, 0xf0, 0xf0, 0xf0, 0xf0, 0xf0, 0xf0,
    0xf0, 0xf0, 0xf0, 0xf0, 0xf0, 0xf0, 0xf0, 0xf0, 0xf0, 0xf0, 0xf0, 0xf0, 0xf0, 0xf0, 0xf0, 0xf0,
    0xf0, 0xf0, 0xf0, 0xf0, 0xf0, 0xf0, 0xf0, 0xf0, 0xf0, 0xf0, 0xf0, 0xf0, 0xf0, 0xf0, 0xf0, 0xf0,
    0xf0, 0xf0, 0xf0, 0xf0, 0xf0, 0xf0, 0xf0, 0xf0, 0xf0, 0xf0, 0xf0, 0xf0, 0xf0, 0xf0, 0xf0, 0xf0,
    0xf0, 0xf0, 0xf0, 0xf0, 0xf0, 0xf0, 0xf0, 0xf0, 0xf0, 0xf0, 0xf0, 0xf0, 0xf0, 0xf0, 0xf0, 0xf0,
    0xf0, 0xf0, 0xf0, 0xf0, 0xf0, 0xf0, 0xf0, 0xf0, 0xf0, 0xf0, 0xf0, 0xf0, 0xf0, 0xf0, 0xf0, 0xf0,
    0xf0, 0xf0, 0xf0, 0xf0, 0xf0, 0xf0, 0xf0, 0xf0, 0xf0, 0xf0, 0xf0, 0xf0, 0xf0, 0xf0, 0xf0, 0xf0,
    0xf0, 0xfb, 0xf9, 0xf8, 0xf5, 0xf8, 0xfa, 0xfa, 0xe6, 0xd0, 0xb1, 0x8e, 0x70, 0x58, 0x42, 0x2f,
    0x1f, 0x12, 0x0a, 0x05, 0x01, 0x00, 0x00, 0x00, 0x00, 0x00, 0x00, 0x00, 0x00, 0x00, 0x00, 0x00,
    0x21, 0x2f, 0x40, 0x53, 0x66, 0x7c, 0x95, 0xaf, 0xc7, 0xdb, 0xe8, 0xf7, 0xfb, 0xf9, 0xf8, 0xf7,
    0xf6, 0xf6, 0xf6, 0xf6, 0xf6, 0xf6, 0xf6, 0xf6, 0xf6, 0xf6, 0xf6, 0xf6, 0xf6, 0xf6, 0xf6, 0xf6,
    0xf6, 0xf6, 0xf6, 0xf6, 0xf6, 0xf6, 0xf6, 0xf6, 0xf6, 0xf6, 0xf6, 0xf6, 0xf6, 0xf6, 0xf6, 0xf6,
    0xf6, 0xf6, 0xf6, 0xf6, 0xf6, 0xf6, 0xf6, 0xf6, 0xf6, 0xf6, 0xf6, 0xf6, 0xf6, 0xf6, 0xf6, 0xf6,
    0xf6, 0xf6, 0xf6, 0xf6, 0xf6, 0xf6, 0xf6, 0xf6, 0xf6, 0xf6, 0xf6, 0xf6, 0xf6, 0xf6, 0xf6, 0xf6,
    0xf6, 0xf6, 0xf6, 0xf6, 0xf6, 0xf6, 0xf6, 0xf6, 0xf6, 0xf6, 0xf6, 0xf6, 0xf6, 0xf6, 0xf6, 0xf6,
    0xf6, 0xf6, 0xf6, 0xf6, 0xf6, 0xf6, 0xf6, 0xf6, 0xf6, 0xf6, 0xf6, 0xf6, 0xf6, 0xf6, 0xf6, 0xf6,
    0xf6, 0xf6, 0xf6, 0xf6, 0xf6, 0xf6, 0xf6, 0xf6, 0xf6, 0xf6, 0xf6, 0xf6, 0xf6, 0xf6, 0xf6, 0xf6,
    0xf6, 0xf6, 0xf6, 0xf6, 0xf6, 0xf6, 0xf6, 0xf6, 0xf6, 0xf7, 0xf8, 0xf9, 0xfa, 0xf0, 0xe2, 0xd1,
    0xb5, 0x95, 0x78, 0x5f, 0x4a, 0x37, 0x26, 0x18, 0x0f, 0x08, 0x03, 0x01, 0x00, 0x00, 0x00, 0x00,
    0x00, 0x00, 0x00, 0x00, 0x00, 0x00, 0x00, 0x19, 0x24, 0x33, 0x42, 0x53, 0x65, 0x79, 0x8e, 0xa5,
    0xbe, 0xd3, 0xe0, 0xf1, 0xfb, 0xfb, 0xfb, 0xfb, 0xfa, 0xfa, 0xfa, 0xfa, 0xfa, 0xfa, 0xfa, 0xfa,
    0xfa, 0xfa, 0xfa, 0xfa, 0xfa, 0xfa, 0xfa, 0xfa, 0xfa, 0xfa, 0xfa, 0xfa, 0xfa, 0xfa, 0xfa, 0xfa,
    0xfa, 0xfa, 0xfa, 0xfa, 0xfa, 0xfa, 0xfa, 0xfa, 0xfa, 0xfa, 0xfa, 0xfa, 0xfa, 0xfa, 0xfa, 0xfa,
    0xfa, 0xfa, 0xfa, 0xfa, 0xfa, 0xfa, 0xfa, 0xfa, 0xfa, 0xfa, 0xfa, 0xfa, 0xfa, 0xfa, 0xfa, 0xfa,
    0xfa, 0xfa, 0xfa, 0xfa, 0xfa, 0xfa, 0xfa, 0xfa, 0xfa, 0xfa, 0xfa, 0xfa, 0xfa, 0xfa, 0xfa, 0xfa,
    0xfa, 0xfa, 0xfa, 0xfa, 0xfa, 0xfa, 0xfa, 0xfa, 0xfa, 0xfa, 0xfa, 0xfa, 0xfa, 0xfa, 0xfa, 0xfa,
    0xfa, 0xfa, 0xfa, 0xfa, 0xfa, 0xfa, 0xfa, 0xfa, 0xfa, 0xfa, 0xfa, 0xfa, 0xfa, 0xfa, 0xfa, 0xfa,
    0xfa, 0xfa, 0xfa, 0xfa, 0xfa, 0xfa, 0xfa, 0xfa, 0xfa, 0xfa, 0xfa, 0xfa, 0xfa, 0xfa, 0xfa, 0xfb,
    0xfb, 0xfb, 0xf6, 0xe7, 0xdd, 0xcc, 0xb3, 0x96, 0x7b, 0x63, 0x4f, 0x3c, 0x2c, 0x1d, 0x12, 0x0a,
    0x05, 0x02, 0x00, 0x00, 0x00, 0x00, 0x00, 0x00, 0x00, 0x00, 0x00, 0x00, 0x00, 0x00, 0x12, 0x1b,
    0x25, 0x33, 0x41, 0x51, 0x61, 0x72, 0x85, 0x9b, 0xb3, 0xc8, 0xd9, 0xe6, 0xea, 0xea, 0xea, 0xea,
    0xea, 0xea, 0xea, 0xea, 0xea, 0xea, 0xea, 0xea, 0xea, 0xea, 0xea, 0xea, 0xea, 0xea, 0xea, 0xea,
    0xea, 0xea, 0xea, 0xea, 0xea, 0xea, 0xea, 0xea, 0xea, 0xea, 0xea, 0xea, 0xea, 0xea, 0xea, 0xea,
    0xea, 0xea, 0xea, 0xea, 0xea, 0xea, 0xea, 0xea, 0xea, 0xea, 0xea, 0xea, 0xea, 0xea, 0xea, 0xea,
    0xea, 0xea, 0xea, 0xea, 0xea, 0xea, 0xea, 0xea, 0xea, 0xea, 0xea, 0xea, 0xea, 0xea, 0xea, 0xea,
    0xea, 0xea, 0xea, 0xea, 0xea, 0xea, 0xea, 0xea, 0xea, 0xea, 0xea, 0xea, 0xea, 0xea, 0xea, 0xea,
    0xea, 0xea, 0xea, 0xea, 0xea, 0xea, 0xea, 0xea, 0xea, 0xea, 0xea, 0xea, 0xea, 0xea, 0xea, 0xea,
    0xea, 0xea, 0xea, 0xea, 0xea, 0xea, 0xea, 0xea, 0xea, 0xea, 0xea, 0xea, 0xea, 0xea, 0xea, 0xea,
    0xea, 0xea, 0xea, 0xea, 0xea, 0xea, 0xe9, 0xe6, 0xe2, 0xda, 0xd0, 0xbf, 0xa9, 0x90, 0x78, 0x64,
    0x51, 0x40, 0x2f, 0x21, 0x15, 0x0d, 0x07, 0x03, 0x01, 0x00, 0x00, 0x00, 0x00, 0x00, 0x00, 0x00,
    0x00, 0x00, 0x00, 0x00, 0x00, 0x0c, 0x12, 0x1a, 0x24, 0x30, 0x3e, 0x4c, 0x5b, 0x6a, 0x7b, 0x8f,
    0xa4, 0xb7, 0xc5, 0xcd, 0xcf, 0xd0, 0xd1, 0xd1, 0xd1, 0xd0, 0xd0, 0xd0, 0xd0, 0xd0, 0xd0, 0xd0,
    0xd0, 0xd0, 0xd0, 0xd0, 0xd0, 0xd0, 0xd0, 0xd0, 0xd0, 0xd0, 0xd0, 0xd0, 0xd0, 0xd0, 0xd0, 0xd0,
    0xd0, 0xd0, 0xd0, 0xd0, 0xd0, 0xd0, 0xd0, 0xd0, 0xd0, 0xd0, 0xd0, 0xd0, 0xd0, 0xd0, 0xd0, 0xd0,
    0xd0, 0xd0, 0xd0, 0xd0, 0xd0, 0xd0, 0xd0, 0xd0, 0xd0, 0xd0, 0xd0, 0xd0, 0xd0, 0xd0, 0xd0, 0xd0,
    0xd0, 0xd0, 0xd0, 0xd0, 0xd0, 0xd0, 0xd0, 0xd0, 0xd0, 0xd0, 0xd0, 0xd0, 0xd0, 0xd0, 0xd0, 0xd0,
    0xd0, 0xd0, 0xd0, 0xd0, 0xd0, 0xd0, 0xd0, 0xd0, 0xd0, 0xd0, 0xd0, 0xd0, 0xd0, 0xd0, 0xd0, 0xd0,
    0xd0, 0xd0, 0xd0, 0xd0, 0xd0, 0xd0, 0xd0, 0xd0, 0xd0, 0xd0, 0xd0, 0xd0, 0xd0, 0xd0, 0xd0, 0xd0,
    0xd0, 0xd0, 0xd0, 0xd0, 0xd0, 0xd0, 0xd0, 0xd0, 0xd0, 0xd0, 0xd0, 0xcf, 0xcf, 0xcd, 0xcb, 0xc5,
    0xba, 0xab, 0x98, 0x84, 0x71, 0x5f, 0x4f, 0x40, 0x30, 0x23, 0x18, 0x0f, 0x09, 0x04, 0x02, 0x00,
    0x00, 0x00, 0x00, 0x00, 0x00, 0x00, 0x00, 0x00, 0x00, 0x00, 0x00, 0x00, 0x07, 0x0b, 0x11, 0x18,
    0x21, 0x2d, 0x38, 0x46, 0x53, 0x61, 0x70, 0x80, 0x8f, 0x9d, 0xa3, 0xa7, 0xa8, 0xa9, 0xa9, 0xa9,
    0xa9, 0xa9, 0xa9, 0xa9, 0xa9, 0xa9, 0xa9, 0xa9, 0xa9, 0xa9, 0xa9, 0xa9, 0xa9, 0xa9, 0xa9, 0xa9,
    0xa9, 0xa9, 0xa9, 0xa9, 0xa9, 0xa9, 0xa9, 0xa9, 0xa9, 0xa9, 0xa9, 0xa9, 0xa9, 0xa9, 0xa9, 0xa9,
    0xa9, 0xa9, 0xa9, 0xa9, 0xa9, 0xa9, 0xa9, 0xa9, 0xa9, 0xa9, 0xa9, 0xa9, 0xa9, 0xa9, 0xa9, 0xa9,
    0xa9, 0xa9, 0xa9, 0xa9, 0xa9, 0xa9, 0xa9, 0xa9, 0xa9, 0xa9, 0xa9, 0xa9, 0xa9, 0xa9, 0xa9, 0xa9,
    0xa9, 0xa9, 0xa9, 0xa9, 0xa9, 0xa9, 0xa9, 0xa9, 0xa9, 0xa9, 0xa9, 0xa9, 0xa9, 0xa9, 0xa9, 0xa9,
    0xa9, 0xa9, 0xa9, 0xa9, 0xa9, 0xa9, 0xa9, 0xa9, 0xa9, 0xa9, 0xa9, 0xa9, 0xa9, 0xa9, 0xa9, 0xa9,
    0xa9, 0xa9, 0xa9, 0xa9, 0xa9, 0xa9, 0xa9, 0xa9, 0xa9, 0xa9, 0xa9, 0xa9, 0xa9, 0xa9, 0xa9, 0xa9,
    0xa9, 0xa8, 0xa8, 0xa7, 0xa5, 0xa1, 0x9a, 0x8f, 0x82, 0x74, 0x66, 0x58, 0x4a, 0x3d, 0x2f, 0x23,
    0x19, 0x10, 0x09, 0x05, 0x02, 0x00, 0x00, 0x00, 0x00, 0x00, 0x00, 0x00, 0x00, 0x00, 0x00, 0x00,
    0x00, 0x00, 0x00, 0x03, 0x06, 0x09, 0x0f, 0x15, 0x1e, 0x28, 0x33, 0x3f, 0x4a, 0x56, 0x62, 0x6c,
    0x75, 0x7c, 0x7f, 0x81, 0x82, 0x83, 0x83, 0x83, 0x83, 0x83, 0x83, 0x83, 0x83, 0x83, 0x83, 0x83,
    0x83, 0x83, 0x83, 0x83, 0x83, 0x83, 0x83, 0x83, 0x83, 0x83, 0x83, 0x83, 0x83, 0x83, 0x83, 0x83,
    0x83, 0x83, 0x83, 0x83, 0x83, 0x83, 0x83, 0x83, 0x83, 0x83, 0x83, 0x83, 0x83, 0x83, 0x83, 0x83,
    0x83, 0x83, 0x83, 0x83, 0x83, 0x83, 0x83, 0x83, 0x83, 0x83, 0x83, 0x83, 0x83, 0x83, 0x83, 0x83,
    0x83, 0x83, 0x83, 0x83, 0x83, 0x83, 0x83, 0x83, 0x83, 0x83, 0x83, 0x83, 0x83, 0x83, 0x83, 0x83,
    0x83, 0x83, 0x83, 0x83, 0x83, 0x83, 0x83, 0x83, 0x83, 0x83, 0x83, 0x83, 0x83, 0x83, 0x83, 0x83,
    0x83, 0x83, 0x83, 0x83, 0x83, 0x83, 0x83, 0x83, 0x83, 0x83, 0x83, 0x83, 0x83, 0x83, 0x83, 0x83,
    0x83, 0x83, 0x83, 0x83, 0x83, 0x83, 0x83, 0x83, 0x82, 0x81, 0x7f, 0x7d, 0x79, 0x73, 0x6b, 0x62,
    0x59, 0x4e, 0x42, 0x37, 0x2c, 0x21, 0x18, 0x10, 0x0a, 0x06, 0x03, 0x01, 0x00, 0x00, 0x00, 0x00,
    0x00, 0x00, 0x00, 0x00, 0x00, 0x00, 0x00, 0x00, 0x00, 0x00, 0x01, 0x03, 0x05, 0x09, 0x0d, 0x12,
    0x1b, 0x23, 0x2c, 0x37, 0x40, 0x49, 0x52, 0x58, 0x5c, 0x60, 0x63, 0x64, 0x65, 0x65, 0x65, 0x65,
    0x65, 0x65, 0x65, 0x65, 0x65, 0x65, 0x65, 0x65, 0x65, 0x65, 0x65, 0x65, 0x65, 0x65, 0x65, 0x65,
    0x65, 0x65, 0x65, 0x65, 0x65, 0x65, 0x65, 0x65, 0x65, 0x65, 0x65, 0x65, 0x65, 0x65, 0x65, 0x65,
    0x65, 0x65, 0x65, 0x65, 0x65, 0x65, 0x65, 0x65, 0x65, 0x65, 0x65, 0x65, 0x65, 0x65, 0x65, 0x65,
    0x65, 0x65, 0x65, 0x65, 0x65, 0x65, 0x65, 0x65, 0x65, 0x65, 0x65, 0x65, 0x65, 0x65, 0x65, 0x65,
    0x65, 0x65, 0x65, 0x65, 0x65, 0x65, 0x65, 0x65, 0x65, 0x65, 0x65, 0x65, 0x65, 0x65, 0x65, 0x65,
    0x65, 0x65, 0x65, 0x65, 0x65, 0x65, 0x65, 0x65, 0x65, 0x65, 0x65, 0x65, 0x65, 0x65, 0x65, 0x65,
    0x65, 0x65, 0x65, 0x65, 0x65, 0x65, 0x65, 0x65, 0x65, 0x65, 0x65, 0x65, 0x65, 0x65, 0x64, 0x64,
    0x62, 0x61, 0x5e, 0x5b, 0x56, 0x51, 0x49, 0x41, 0x38, 0x2f, 0x26, 0x1d, 0x16, 0x0f, 0x09, 0x06,
    0x03, 0x01, 0x00, 0x00, 0x00, 0x00, 0x00, 0x00, 0x00, 0x00, 0x00, 0x00, 0x00, 0x00, 0x00, 0x00,
    0x00, 0x00, 0x01, 0x02, 0x04, 0x07, 0x0b, 0x10, 0x16, 0x1d, 0x24, 0x2d, 0x34, 0x3a, 0x40, 0x44,
    0x47, 0x49, 0x49, 0x4a, 0x4a, 0x4a, 0x4a, 0x4a, 0x4a, 0x4a, 0x4a, 0x4a, 0x4a, 0x4a, 0x4a, 0x4a,
    0x4a, 0x4a, 0x4a, 0x4a, 0x4a, 0x4a, 0x4a, 0x4a, 0x4a, 0x4a, 0x4a, 0x4a, 0x4a, 0x4a, 0x4a, 0x4a,
    0x4a, 0x4a, 0x4a, 0x4a, 0x4a, 0x4a, 0x4a, 0x4a, 0x4a, 0x4a, 0x4a, 0x4a, 0x4a, 0x4a, 0x4a, 0x4a,
    0x4a, 0x4a, 0x4a, 0x4a, 0x4a, 0x4a, 0x4a, 0x4a, 0x4a, 0x4a, 0x4a, 0x4a, 0x4a, 0x4a, 0x4a, 0x4a,
    0x4a, 0x4a, 0x4a, 0x4a, 0x4a, 0x4a, 0x4a, 0x4a, 0x4a, 0x4a, 0x4a, 0x4a, 0x4a, 0x4a, 0x4a, 0x4a,
    0x4a, 0x4a, 0x4a, 0x4a, 0x4a, 0x4a, 0x4a, 0x4a, 0x4a, 0x4a, 0x4a, 0x4a, 0x4a, 0x4a, 0x4a, 0x4a,
    0x4a, 0x4a, 0x4a, 0x4a, 0x4a, 0x4a, 0x4a, 0x4a, 0x4a, 0x4a, 0x4a, 0x4a, 0x4a, 0x4a, 0x4a, 0x4a,
    0x4a, 0x4a, 0x4a, 0x4a, 0x4a, 0x49, 0x49, 0x49, 0x47, 0x45, 0x42, 0x3e, 0x39, 0x33, 0x2d, 0x26,
    0x1f, 0x19, 0x12, 0x0d, 0x09, 0x05, 0x03, 0x01, 0x00, 0x00, 0x00, 0x00, 0x00, 0x00, 0x00, 0x00,
    0x00, 0x00, 0x00, 0x00, 0x00, 0x00, 0x00, 0x00, 0x00, 0x00, 0x00, 0x01, 0x03, 0x06, 0x09, 0x0d,
    0x12, 0x17, 0x1c, 0x22, 0x26, 0x2a, 0x2e, 0x2f, 0x31, 0x32, 0x32, 0x33, 0x33, 0x33, 0x33, 0x33,
    0x33, 0x33, 0x33, 0x33, 0x33, 0x33, 0x33, 0x33, 0x33, 0x33, 0x33, 0x33, 0x33, 0x33, 0x33, 0x33,
    0x33, 0x33, 0x33, 0x33, 0x33, 0x33, 0x33, 0x33, 0x33, 0x33, 0x33, 0x33, 0x33, 0x33, 0x33, 0x33,
    0x33, 0x33, 0x33, 0x33, 0x33, 0x33, 0x33, 0x33, 0x33, 0x33, 0x33, 0x33, 0x33, 0x33, 0x33, 0x33,
    0x33, 0x33, 0x33, 0x33, 0x33, 0x33, 0x33, 0x33, 0x33, 0x33, 0x33, 0x33, 0x33, 0x33, 0x33, 0x33,
    0x33, 0x33, 0x33, 0x33, 0x33, 0x33, 0x33, 0x33, 0x33, 0x33, 0x33, 0x33, 0x33, 0x33, 0x33, 0x33,
    0x33, 0x33, 0x33, 0x33, 0x33, 0x33, 0x33, 0x33, 0x33, 0x33, 0x33, 0x33, 0x33, 0x33, 0x33, 0x33,
    0x33, 0x33, 0x33, 0x33, 0x33, 0x33, 0x33, 0x33, 0x33, 0x33, 0x33, 0x32, 0x32, 0x32, 0x31, 0x30,
    0x2e, 0x2c, 0x29, 0x25, 0x21, 0x1c, 0x18, 0x12, 0x0f, 0x0a, 0x07, 0x04, 0x02, 0x01, 0x00, 0x00,
    0x00, 0x00, 0x00, 0x00, 0x00, 0x00, 0x00, 0x00, 0x00, 0x00, 0x00, 0x00, 0x00, 0x00, 0x00, 0x00,
    0x00, 0x00, 0x00, 0x01, 0x02, 0x04, 0x07, 0x09, 0x0d, 0x11, 0x14, 0x17, 0x1a, 0x1b, 0x1d, 0x1e,
    0x1f, 0x1f, 0x1f, 0x1f, 0x1f, 0x1f, 0x1f, 0x1f, 0x1f, 0x1f, 0x1f, 0x1f, 0x1f, 0x1f, 0x1f, 0x1f,
    0x1f, 0x1f, 0x1f, 0x1f, 0x1f, 0x1f, 0x1f, 0x1f, 0x1f, 0x1f, 0x1f, 0x1f, 0x1f, 0x1f, 0x1f, 0x1f,
    0x1f, 0x1f, 0x1f, 0x1f, 0x1f, 0x1f, 0x1f, 0x1f, 0x1f, 0x1f, 0x1f, 0x1f, 0x1f, 0x1f, 0x1f, 0x1f,
    0x1f, 0x1f, 0x1f, 0x1f, 0x1f, 0x1f, 0x1f, 0x1f, 0x1f, 0x1f, 0x1f, 0x1f, 0x1f, 0x1f, 0x1f, 0x1f,
    0x1f, 0x1f, 0x1f, 0x1f, 0x1f, 0x1f, 0x1f, 0x1f, 0x1f, 0x1f, 0x1f, 0x1f, 0x1f, 0x1f, 0x1f, 0x1f,
    0x1f, 0x1f, 0x1f, 0x1f, 0x1f, 0x1f, 0x1f, 0x1f, 0x1f, 0x1f, 0x1f, 0x1f, 0x1f, 0x1f, 0x1f, 0x1f,
    0x1f, 0x1f, 0x1f, 0x1f, 0x1f, 0x1f, 0x1f, 0x1f, 0x1f, 0x1f, 0x1f, 0x1f, 0x1f, 0x1f, 0x1f, 0x1f,
    0x1f, 0x1f, 0x1f, 0x1f, 0x1f, 0x1e, 0x1d, 0x1c, 0x1b, 0x19, 0x16, 0x13, 0x11, 0x0d, 0x0a, 0x08,
    0x05, 0x03, 0x02, 0x01, 0x00, 0x00, 0x00, 0x00, 0x00, 0x00, 0x00, 0x00, 0x00, 0x00, 0x00, 0x00,
    0x00, 0x00, 0x00, 0x00, 0x00, 0x00, 0x00, 0x00, 0x00, 0x00, 0x00, 0x00, 0x02, 0x03, 0x05, 0x07,
    0x09, 0x0a, 0x0c, 0x0e, 0x10, 0x11, 0x11, 0x12, 0x12, 0x12, 0x12, 0x12, 0x12, 0x12, 0x12, 0x12,
    0x12, 0x12, 0x12, 0x12, 0x12, 0x12, 0x12, 0x12, 0x12, 0x12, 0x12, 0x12, 0x12, 0x12, 0x12, 0x12,
    0x12, 0x12, 0x12, 0x12, 0x12, 0x12, 0x12, 0x12, 0x12, 0x12, 0x12, 0x12, 0x12, 0x12, 0x12, 0x12,
    0x12, 0x12, 0x12, 0x12, 0x12, 0x12, 0x12, 0x12, 0x12, 0x12, 0x12, 0x12, 0x12, 0x12, 0x12, 0x12,
    0x12, 0x12, 0x12, 0x12, 0x12, 0x12, 0x12, 0x12, 0x12, 0x12, 0x12, 0x12, 0x12, 0x12, 0x12, 0x12,
    0x12, 0x12, 0x12, 0x12, 0x12, 0x12, 0x12, 0x12, 0x12, 0x12, 0x12, 0x12, 0x12, 0x12, 0x12, 0x12,
    0x12, 0x12, 0x12, 0x12, 0x12, 0x12, 0x12, 0x12, 0x12, 0x12, 0x12, 0x12, 0x12, 0x12, 0x12, 0x12,
    0x12, 0x12, 0x12, 0x12, 0x12, 0x12, 0x12, 0x12, 0x12, 0x12, 0x12, 0x12, 0x11, 0x11, 0x10, 0x0f,
    0x0d, 0x0c, 0x0a, 0x09, 0x07, 0x05, 0x03, 0x02, 0x01, 0x00, 0x00, 0x00, 0x00, 0x00, 0x00, 0x00,
    0x00, 0x00, 0x00, 0x00, 0x00, 0x00, 0x00, 0x00, 0x00, 0x00, 0x00, 0x00, 0x00, 0x00, 0x00, 0x00,
    0x00, 0x00, 0x00, 0x00, 0x01, 0x01, 0x03, 0x04, 0x05, 0x06, 0x07, 0x08, 0x08, 0x09, 0x09, 0x09,
    0x09, 0x09, 0x09, 0x09, 0x09, 0x09, 0x09, 0x09, 0x09, 0x09, 0x09, 0x09, 0x09, 0x09, 0x09, 0x09,
    0x09, 0x09, 0x09, 0x09, 0x09, 0x09, 0x09, 0x09, 0x09, 0x09, 0x09, 0x09, 0x09, 0x09, 0x09, 0x09,
    0x09, 0x09, 0x09, 0x09, 0x09, 0x09, 0x09, 0x09, 0x09, 0x09, 0x09, 0x09, 0x09, 0x09, 0x09, 0x09,
    0x09, 0x09, 0x09, 0x09, 0x09, 0x09, 0x09, 0x09, 0x09, 0x09, 0x09, 0x09, 0x09, 0x09, 0x09, 0x09,
    0x09, 0x09, 0x09, 0x09, 0x09, 0x09, 0x09, 0x09, 0x09, 0x09, 0x09, 0x09, 0x09, 0x09, 0x09, 0x09,
    0x09, 0x09, 0x09, 0x09, 0x09, 0x09, 0x09, 0x09, 0x09, 0x09, 0x09, 0x09, 0x09, 0x09, 0x09, 0x09,
    0x09, 0x09, 0x09, 0x09, 0x09, 0x09, 0x09, 0x09, 0x09, 0x09, 0x09, 0x09, 0x09, 0x09, 0x09, 0x09,
    0x09, 0x09, 0x09, 0x09, 0x08, 0x08, 0x07, 0x06, 0x05, 0x04, 0x03, 0x02, 0x01, 0x01, 0x00, 0x00,
    0x00, 0x00, 0x00, 0x00, 0x00, 0x00, 0x00, 0x00, 0x00, 0x00, 0x00, 0x00, 0x00, 0x00, 0x00, 0x00,
    0x00, 0x00, 0x00, 0x00, 0x00, 0x00, 0x00, 0x00, 0x00, 0x00, 0x00, 0x00, 0x00, 0x00, 0x01, 0x01,
    0x02, 0x02, 0x02, 0x03, 0x03, 0x03, 0x03, 0x03, 0x03, 0x03, 0x03, 0x03, 0x03, 0x03, 0x03, 0x03,
    0x03, 0x03, 0x03, 0x03, 0x03, 0x03, 0x03, 0x03, 0x03, 0x03, 0x03, 0x03, 0x03, 0x03, 0x03, 0x03,
    0x03, 0x03, 0x03, 0x03, 0x03, 0x03, 0x03, 0x03, 0x03, 0x03, 0x03, 0x03, 0x03, 0x03, 0x03, 0x03,
    0x03, 0x03, 0x03, 0x03, 0x03, 0x03, 0x03, 0x03, 0x03, 0x03, 0x03, 0x03, 0x03, 0x03, 0x03, 0x03,
    0x03, 0x03, 0x03, 0x03, 0x03, 0x03, 0x03, 0x03, 0x03, 0x03, 0x03, 0x03, 0x03, 0x03, 0x03, 0x03,
    0x03, 0x03, 0x03, 0x03, 0x03, 0x03, 0x03, 0x03, 0x03, 0x03, 0x03, 0x03, 0x03, 0x03, 0x03, 0x03,
    0x03, 0x03, 0x03, 0x03, 0x03, 0x03, 0x03, 0x03, 0x03, 0x03, 0x03, 0x03, 0x03, 0x03, 0x03, 0x03,
    0x03, 0x03, 0x03, 0x03, 0x03, 0x03, 0x03, 0x03, 0x03, 0x03, 0x03, 0x03, 0x02, 0x02, 0x02, 0x01,
    0x01, 0x00, 0x00, 0x00, 0x00, 0x00, 0x00, 0x00, 0x00, 0x00, 0x00, 0x00, 0x00, 0x00, 0x00, 0x00,
    0x00, 0x00, 0x00, 0x00, 0x00, 0x00, 0x00, 0x00, 0x00, 0x00, 0x00, 0x00, 0x00, 0x00, 0x00, 0x00,
    0x00, 0x00, 0x00, 0x00, 0x00, 0x00, 0x00, 0x00, 0x00, 0x00, 0x00, 0x00, 0x00, 0x00, 0x00, 0x00,
    0x00, 0x00, 0x00, 0x00, 0x00, 0x00, 0x00, 0x00, 0x00, 0x00, 0x00, 0x00, 0x00, 0x00, 0x00, 0x00,
    0x00, 0x00, 0x00, 0x00, 0x00, 0x00, 0x00, 0x00, 0x00, 0x00, 0x00, 0x00, 0x00, 0x00, 0x00, 0x00,
    0x00, 0x00, 0x00, 0x00, 0x00, 0x00, 0x00, 0x00, 0x00, 0x00, 0x00, 0x00, 0x00, 0x00, 0x00, 0x00,
    0x00, 0x00, 0x00, 0x00, 0x00, 0x00, 0x00, 0x00, 0x00, 0x00, 0x00, 0x00, 0x00, 0x00, 0x00, 0x00,
    0x00, 0x00, 0x00, 0x00, 0x00, 0x00, 0x00, 0x00, 0x00, 0x00, 0x00, 0x00, 0x00, 0x00, 0x00, 0x00,
    0x00, 0x00, 0x00, 0x00, 0x00, 0x00, 0x00, 0x00, 0x00, 0x00, 0x00, 0x00, 0x00, 0x00, 0x00, 0x00,
    0x00, 0x00, 0x00, 0x00, 0x00, 0x00, 0x00, 0x00, 0x00, 0x00, 0x00, 0x00, 0x00, 0x00, 0x00, 0x00,
    0x00, 0x00, 0x00, 0x00, 0x00, 0x00, 0x00, 0x00, 0x00, 0x00, 0x00, 0x00, 0x00, 0x00, 0x00, 0x00,
    0x00, 0x00, 0x00, 0x00, 0x00, 0x00, 0x00, 0x00, 0x00, 0x00, 0x00, 0x00, 0x00, 0x00, 0x00, 0x00,
    0x00, 0x00, 0x00, 0x00, 0x00, 0x00, 0x00, 0x00, 0x00, 0x00, 0x00, 0x00, 0x00, 0x00, 0x00, 0x00,
    0x00, 0x00, 0x00, 0x00, 0x00, 0x00, 0x00, 0x00, 0x00, 0x00, 0x00, 0x00, 0x00, 0x00, 0x00, 0x00,
    0x00, 0x00, 0x00, 0x00, 0x00, 0x00, 0x00, 0x00, 0x00, 0x00, 0x00, 0x00, 0x00, 0x00, 0x00, 0x00,
    0x00, 0x00, 0x00, 0x00, 0x00, 0x00, 0x00, 0x00, 0x00, 0x00, 0x00, 0x00, 0x00, 0x00, 0x00, 0x00,
    0x00, 0x00, 0x00, 0x00, 0x00, 0x00, 0x00, 0x00, 0x00, 0x00, 0x00, 0x00, 0x00, 0x00, 0x00, 0x00,
    0x00, 0x00, 0x00, 0x00, 0x00, 0x00, 0x00, 0x00, 0x00, 0x00, 0x00, 0x00, 0x00, 0x00, 0x00, 0x00,
    0x00, 0x00, 0x00, 0x00, 0x00, 0x00, 0x00, 0x00, 0x00, 0x00, 0x00, 0x00, 0x00, 0x00, 0x00, 0x00,
    0x00, 0x00, 0x00, 0x00, 0x00, 0x00, 0x00, 0x00, 0x00, 0x00, 0x00, 0x00, 0x00, 0x00, 0x00, 0x00,
    0x00, 0x00, 0x00, 0x00, 0x00, 0x00, 0x00, 0x00, 0x00, 0x00, 0x00, 0x00, 0x00, 0x00, 0x00, 0x00,
    0x00, 0x00, 0x00, 0x00, 0x00, 0x00, 0x00, 0x00, 0x00, 0x00, 0x00, 0x00, 0x00, 0x00, 0x00, 0x00,
    0x00, 0x00, 0x00, 0x00, 0x00, 0x00, 0x00, 0x00, 0x00, 0x00, 0x00, 0x00, 0x00, 0x00, 0x00, 0x00,
    0x00, 0x00, 0x00, 0x00, 0x00, 0x00, 0x00, 0x00, 0x00, 0x00, 0x00, 0x00, 0x00, 0x00, 0x00, 0x00,
    0x00, 0x00, 0x00, 0x00, 0x00, 0x00, 0x00, 0x00, 0x00, 0x00, 0x00, 0x00, 0x00, 0x00, 0x00, 0x00,
    0x00, 0x00, 0x00, 0x00, 0x00, 0x00, 0x00, 0x00, 0x00, 0x00, 0x00, 0x00, 0x00, 0x00, 0x00, 0x00,
    0x00, 0x00, 0x00, 0x00, 0x00, 0x00, 0x00, 0x00, 0x00, 0x00, 0x00, 0x00, 0x00, 0x00, 0x00, 0x00,
    0x00, 0x00, 0x00, 0x00, 0x00, 0x00, 0x00, 0x00, 0x00, 0x00, 0x00, 0x00, 0x00, 0x00, 0x00, 0x00,
    0x00, 0x00, 0x00, 0x00, 0x00, 0x00, 0x00, 0x00, 0x00, 0x00, 0x00, 0x00, 0x00, 0x00, 0x00, 0x00,
    0x00, 0x00, 0x00, 0x00, 0x00, 0x00, 0x00, 0x00, 0x00, 0x00, 0x00, 0x00, 0x00, 0x00, 0x00, 0x00,
    0x00, 0x00, 0x00, 0x00, 0x00, 0x00, 0x00, 0x00, 0x00, 0x00, 0x00, 0x00, 0x00, 0x00, 0x00, 0x00,
    0x00, 0x00, 0x00, 0x00, 0x00, 0x00, 0x00, 0x00, 0x00, 0x00, 0x00, 0x00, 0x00, 0x00, 0x00, 0x00,
    0x00, 0x00, 0x00, 0x00, 0x00, 0x00, 0x00, 0x00, 0x00, 0x00, 0x00, 0x00, 0x00, 0x00, 0x00, 0x00,
};

const lv_image_dsc_t theme_bar_unsel = {
    .header.magic  = LV_IMAGE_HEADER_MAGIC,
    .header.cf     = LV_COLOR_FORMAT_RGB565A8,
    .header.flags  = 0,
    .header.w      = 167,
    .header.h      = 48,
    .header.stride = 334,
    .data_size     = sizeof(theme_bar_unsel_map),
    .data          = theme_bar_unsel_map,
};
