// Generated by Code/tools/bake_theme.py — do not edit by hand.
#include "theme_progmem.h"

static const uint8_t theme_bg_map[] PROGMEM = {
    0x01, 0x00, 0x01, 0x00, 0x43, 0x08, 0x01, 0x00, 0x01, 0x00, 0x01, 0x00, 0x01, 0x00, 0x01, 0x00,
    0x01, 0x00, 0x01, 0x00, 0x01, 0x00, 0x01, 0x00, 0x01, 0x00, 0x43, 0x08, 0x01, 0x00, 0x01, 0x00,
    0x01, 0x00, 0x01, 0x00, 0x01, 0x00, 0x01, 0x00, 0x01, 0x00, 0x01, 0x00, 0x01, 0x00, 0x01, 0x00,
    0x43, 0x08, 0x01, 0x00, 0x01, 0x00, 0x01, 0x00, 0x01, 0x00, 0x01, 0x00, 0x01, 0x00, 0x01, 0x00,
    0x01, 0x00, 0x01, 0x00, 0x02, 0x00, 0x65, 0x08, 0x22, 0x00, 0x22, 0x00, 0x23, 0x00, 0x23, 0x08,
    0x43, 0x00, 0x44, 0x08, 0x44, 0x08, 0x44, 0x08, 0x44, 0x08, 0x44, 0x08, 0x85, 0x08, 0x44, 0x08,
    0x23, 0x00, 0x23, 0x00, 0x23, 0x00, 0x22, 0x00, 0x22, 0x00, 0x22, 0x00, 0x22, 0x00, 0x02, 0x00,
    0x01, 0x00, 0x23, 0x00, 0x43, 0x08, 0x01, 0x00, 0x01, 0x00, 0x01, 0x00, 0x01, 0x00, 0x01, 0x00,
    0x01, 0x00, 0x01, 0x00, 0x01, 0x00, 0x01, 0x00, 0x01, 0x00, 0x64, 0x08, 0x22, 0x00, 0x01, 0x00,
    0x01, 0x00, 0x01, 0x00, 0x01, 0x00, 0x01, 0x00, 0x01, 0x00, 0x01, 0x00, 0x01, 0x00, 0x01, 0x00,
    0x22, 0x00, 0x44, 0x08, 0x01, 0x00, 0x01, 0x00, 0x01, 0x00, 0x01, 0x00, 0x01, 0x00, 0x02, 0x00,
    0x01, 0x00, 0x01, 0x00, 0x01, 0x00, 0x02, 0x00, 0x43, 0x08, 0x23, 0x00, 0x01, 0x00, 0x02, 0x00,
    0x01, 0x00, 0x02, 0x00, 0x01, 0x00, 0x02, 0x00, 0x01, 0x00, 0x02, 0x00, 0x01, 0x00, 0x02, 0x00,
    0x44, 0x08, 0x23, 0x00, 0x01, 0x00, 0x02, 0x00, 0x01, 0x00, 0x02, 0x00, 0x01, 0x00, 0x02, 0x00,
    0x01, 0x00, 0x02, 0x00, 0x01, 0x00, 0x02, 0x00, 0x44, 0x08, 0x23, 0x00, 0x02, 0x00, 0x02, 0x00,
    0x01, 0x00, 0x02, 0x00, 0x02, 0x00, 0x02, 0x00, 0x01, 0x00, 0x02, 0x00, 0x02, 0x00, 0x02, 0x00,
    0x44, 0x08, 0x43, 0x08, 0x02, 0x00, 0x02, 0x00, 0x02, 0x00, 0x02, 0x00, 0x02, 0x00, 0x02, 0x00,
    0x02, 0x00, 0x02, 0x00, 0x02, 0x00, 0x02, 0x00, 0x23, 0x00, 0x65, 0x08, 0x02, 0x00, 0x02, 0x00,
    0x02, 0x00, 0x02, 0x00, 0x02, 0x00, 0x02, 0x00, 0x02, 0x00, 0x02, 0x00, 0x02, 0x00, 0x02, 0x00,
    0x02, 0x00, 0x65, 0x08, 0x23, 0x00, 0x02, 0x00, 0x02, 0x00, 0x02, 0x00, 0x02, 0x00, 0x02, 0x00,
    0x02, 0x00, 0x02, 0x00, 0x02, 0x00, 0x02, 0x00, 0x02, 0x00, 0x23, 0x00, 0x64, 0x08, 0x02, 0x00,
    0x02, 0x00, 0x02, 0x00, 0x02, 0x00, 0x02, 0x00, 0x02, 0x00, 0x22, 0x00, 0x22, 0x00, 0x23, 0x00,
    0x23, 0x00, 0x43, 0x08, 0x65, 0x08, 0x65, 0x08, 0x44, 0x08, 0x44, 0x08, 0x44, 0x08, 0x64, 0x08,
    0x65, 0x08, 0x65, 0x08, 0x65, 0x08, 0x65, 0x08, 0x44, 0x08, 0x64, 0x08, 0x44, 0x08, 0x86, 0x08,
    0x65, 0x08, 0x44, 0x08, 0x23, 0x08, 0x43, 0x08, 0x23, 0x00, 0x23, 0x00, 0x22, 0x00, 0x22, 0x00,
    0x02, 0x00, 0x02, 0x00, 0x02, 0x00, 0x02, 0x00, 0x43, 0x08, 0x44, 0x08, 0x02, 0x00, 0x02, 0x00,
    0x02, 0x00, 0x02, 0x00, 0x02, 0x00, 0x02, 0x00, 0x02, 0x00, 0x02, 0x00, 0x02, 0x00, 0x02, 0x00,
    0x02, 0x00, 0x43, 0x08, 0x44, 0x08, 0x02, 0x00, 0x01, 0x00, 0x02, 0x00, 0x01, 0x00, 0x02, 0x00,
    0x01, 0x00, 0x02, 0x00, 0x01, 0x00, 0x02, 0x00, 0x01, 0x00, 0x02, 0x00, 0x02, 0x00, 0x65, 0x08,
    0x23, 0x00, 0x02, 0x00, 0x01, 0x00, 0x02, 0x00, 0x01, 0x00, 0x02, 0x00, 0x01, 0x00, 0x02, 0x00,
    0x01, 0x00, 0x02, 0x00, 0x01, 0x00, 0x02, 0x00, 0x23, 0x00, 0x44, 0x08, 0x02, 0x00, 0x02, 0x00,
    0x01, 0x00, 0x02, 0x00, 0x02, 0x00, 0x02, 0x00, 0x01, 0x00, 0x01, 0x00, 0x01, 0x00, 0x01, 0x00,
    0x01, 0x00, 0x01, 0x00, 0x43, 0x08, 0x43, 0x08, 0x01, 0x00, 0x01, 0x00, 0x01, 0x00, 0x01, 0x00,
    0x01, 0x00, 0x01, 0x00, 0x01, 0x00, 0x01, 0x00, 0x01, 0x00, 0x01, 0x00, 0x01, 0x00, 0x02, 0x00,
    0x43, 0x08, 0x23, 0x00, 0x01, 0x00, 0x02, 0x00, 0x01, 0x00, 0x01, 0x00, 0x01, 0x00, 0x01, 0x00,
    0x01, 0x00, 0x01, 0x00, 0x01, 0x00, 0x01, 0x00, 0x01, 0x00, 0x01, 0x00, 0x43, 0x08, 0x23, 0x00,
    0x01, 0x00, 0x01, 0x00, 0x01, 0x00, 0x01, 0x00, 0x01, 0x00, 0x01, 0x00, 0x01, 0x00, 0x01, 0x00,
    0x01, 0x00, 0x01, 0x00, 0x01, 0x00, 0x01, 0x00, 0x22, 0x00, 0x43, 0x08, 0x01, 0x00, 0x01, 0x00,
    0x01, 0x00, 0x01, 0x00, 0x01, 0x00, 0x01, 0x00, 0x01, 0x00, 0x01, 0x00, 0x01, 0x00, 0x01, 0x00,
    0x01, 0x00, 0x01, 0x00, 0x21, 0x00, 0x43, 0x08, 0x22, 0x00, 0x01, 0x00, 0x01, 0x00, 0x01, 0x00,
    0x01, 0x00, 0x01, 0x00, 0x43, 0x08, 0x01, 0x00, 0x01, 0x00, 0x01, 0x00, 0x01, 0x00, 0x01, 0x00,
    0x01, 0x00, 0x01, 0x00, 0x01, 0x00, 0x01, 0x00, 0x22, 0x00, 0x43, 0x00, 0x01, 0x00, 0x01, 0x00,
    0x01, 0x00, 0x01, 0x00, 0x01, 0x00, 0x01, 0x00, 0x01, 0x00, 0x01, 0x00, 0x22, 0x00, 0x23, 0x00,
    0x64, 0x08, 0x22, 0x00, 0x43, 0x00, 0x43, 0x00, 0x43, 0x08, 0x43, 0x08, 0x44, 0x08, 0x44, 0x08,
    0x44, 0x08, 0x43, 0x08, 0x43, 0x08, 0x65, 0x08, 0x23, 0x00, 0x23, 0x00, 0x22, 0x00, 0x22, 0x00,
    0x22, 0x00, 0x02, 0x00, 0x01, 0x00, 0x01, 0x00, 0x01, 0x00, 0x01, 0x00, 0x44, 0x08, 0x02, 0x00,
    0x01, 0x00, 0x01, 0x00, 0x01, 0x00, 0x01, 0x00, 0x01, 0x00, 0x01, 0x00, 0x01, 0x00, 0x01, 0x00,
    0x01, 0x00, 0x43, 0x00, 0x23, 0x00, 0x01, 0x00, 0x01, 0x00, 0x01, 0x00, 0x01, 0x00, 0x01, 0x00,
    0x01, 0x00, 0x01, 0x00, 0x01, 0x00, 0x01, 0x00, 0x22, 0x00, 0x64, 0x08, 0x01, 0x00, 0x01, 0x00,
    0x01, 0x00, 0x01, 0x00, 0x01, 0x00, 0x01, 0x00, 0x01, 0x00, 0x01, 0x00, 0x01, 0x00, 0x01, 0x00,
    0x23, 0x00, 0x43, 0x08, 0x01, 0x00, 0x01, 0x00, 0x01, 0x00, 0x01, 0x00, 0x01, 0x00, 0x01, 0x00,
    0x01, 0x00, 0x01, 0x00, 0x01, 0x00, 0x02, 0x00, 0x44, 0x08, 0x23, 0x00, 0x02, 0x00, 0x02, 0x00,
    0x02, 0x00, 0x01, 0x00, 0x02, 0x00, 0x01, 0x00, 0x02, 0x00, 0x01, 0x00, 0x02, 0x00, 0x02, 0x00,
    0x44, 0x08, 0x23, 0x00, 0x02, 0x00, 0x02, 0x00, 0x02, 0x00, 0x01, 0x00, 0x02, 0x00, 0x02, 0x00,
    0x02, 0x00, 0x02, 0x00, 0x02, 0x00, 0x02, 0x00, 0x44, 0x08, 0x23, 0x00, 0x02, 0x00, 0x02, 0x00,
    0x02, 0x00, 0x02, 0x00, 0x02, 0x00, 0x02, 0x00, 0x02, 0x00, 0x02, 0x00, 0x02, 0x00, 0x02, 0x00,
    0x44, 0x08, 0x43, 0x08, 0x02, 0x00, 0x02, 0x00, 0x02, 0x00, 0x02, 0x00, 0x02, 0x00, 0x02, 0x00,
    0x02, 0x00, 0x02, 0x00, 0x02, 0x00, 0x02, 0x00, 0x23, 0x00, 0x64, 0x08, 0x02, 0x00, 0x02, 0x00,
    0x02, 0x00, 0x02, 0x00, 0x02, 0x00, 0x02, 0x00, 0x02, 0x00, 0x02, 0x00, 0x02, 0x00, 0x02, 0x00,
    0x02, 0x00, 0x64, 0x08, 0x23, 0x00, 0x02, 0x00, 0x02, 0x00, 0x02, 0x00, 0x02, 0x00, 0x02, 0x00,
    0x22, 0x00, 0x22, 0x00, 0x23, 0x00, 0x23, 0x00, 0x23, 0x08, 0x44, 0x08, 0x86, 0x10, 0x44, 0x08,
    0x44, 0x08, 0x64, 0x08, 0x65, 0x08, 0x65, 0x08, 0x65, 0x08, 0x65, 0x08, 0x65, 0x08, 0x65, 0x08,
    0x44, 0x08, 0x44, 0x08, 0x65, 0x08, 0x65, 0x08, 0x23, 0x08, 0x23, 0x00, 0x23, 0x00, 0x23, 0x00,
    0x22, 0x00, 0x02, 0x00, 0x02, 0x00, 0x02, 0x00, 0x02, 0x00, 0x02, 0x00, 0x02, 0x00, 0x44, 0x08,
    0x44, 0x08, 0x02, 0x00, 0x02, 0x00, 0x02, 0x00, 0x02, 0x00, 0x02, 0x00, 0x02, 0x00, 0x02, 0x00,
    0x02, 0x00, 0x02, 0x00, 0x02, 0x00, 0x02, 0x00, 0x43, 0x08, 0x44, 0x08, 0x02, 0x00, 0x02, 0x00,
    0x02, 0x00, 0x02, 0x00, 0x02, 0x00, 0x02, 0x00, 0x02, 0x00, 0x02, 0x00, 0x02, 0x00, 0x02, 0x00,
    0x02, 0x00, 0x23, 0x00, 0x65, 0x08, 0x02, 0x00, 0x02, 0x00, 0x02, 0x00, 0x02, 0x00, 0x02, 0x00,
    0x02, 0x00, 0x01, 0x00, 0x02, 0x00, 0x02, 0x00, 0x02, 0x00, 0x01, 0x00, 0x02, 0x00, 0x44, 0x08,
    0x23, 0x00, 0x01, 0x00, 0x02, 0x00, 0x02, 0x00, 0x02, 0x00, 0x01, 0x00, 0x02, 0x00, 0x02, 0x00,
    0x02, 0x00, 0x01, 0x00, 0x02, 0x00, 0x02, 0x00, 0x23, 0x00, 0x44, 0x08, 0x02, 0x00, 0x02, 0x00,
    0x02, 0x00, 0x02, 0x00, 0x02, 0x00, 0x02, 0x00, 0x02, 0x00, 0x02, 0x00, 0x02, 0x00, 0x01, 0x00,
    0x01, 0x00, 0x01, 0x00, 0x43, 0x08, 0x44, 0x08, 0x01, 0x00, 0x01, 0x00, 0x01, 0x00, 0x01, 0x00,
    0x01, 0x00, 0x01, 0x00, 0x01, 0x00, 0x01, 0x00, 0x01, 0x00, 0x01, 0x00, 0x01, 0x00, 0x01, 0x00,
    0x43, 0x08, 0x43, 0x08, 0x01, 0x00, 0x01, 0x00, 0x01, 0x00, 0x01, 0x00, 0x01, 0x00, 0x01, 0x00,
    0x01, 0x00, 0x01, 0x00, 0x01, 0x00, 0x01, 0x00, 0x01, 0x00, 0x01, 0x00, 0x23, 0x00, 0x43, 0x08,
    0x01, 0x00, 0x01, 0x00, 0x01, 0x00, 0x01, 0x00, 0x01, 0x00, 0x01, 0x00, 0x01, 0x00, 0x01, 0x00,
    0x01, 0x00, 0x01, 0x00, 0x01, 0x00, 0x01, 0x00, 0x22, 0x00, 0x43, 0x08, 0x02, 0x00, 0x01, 0x00,
    0x01, 0x00, 0x01, 0x00, 0x01, 0x00, 0x01, 0x00, 0x01, 0x00, 0x01, 0x00, 0x01, 0x00, 0x01, 0x00,
    0x01, 0x00, 0x01, 0x00, 0x01, 0x00, 0x43, 0x08, 0x22, 0x00, 0x01, 0x00, 0x01, 0x00, 0x01, 0x00,
    0x01, 0x00, 0x22, 0x00, 0x23, 0x00, 0x01, 0x00, 0x01, 0x00, 0x01, 0x00, 0x01, 0x00, 0x01, 0x00,
    0x01, 0x00, 0x22, 0x00, 0x22, 0x00, 0x22, 0x00, 0x43, 0x08, 0x64, 0x08, 0x23, 0x00, 0x43, 0x00,
    0x43, 0x08, 0x44, 0x08, 0x43, 0x08, 0x44, 0x08, 0x43, 0x08, 0x43, 0x08, 0x23, 0x00, 0x44, 0x08,
    0x44, 0x08, 0x22, 0x00, 0x22, 0x00, 0x22, 0x00, 0x01, 0x00, 0x01, 0x00, 0x01, 0x00, 0x01, 0x00,
    0x01, 0x00, 0x01, 0x00, 0x22, 0x00, 0x43, 0x08, 0x01, 0x00, 0x01, 0x00, 0x01, 0x00, 0x01, 0x00,
    0x01, 0x00, 0x01, 0x00, 0x01, 0x00, 0x01, 0x00, 0x01, 0x00, 0x01, 0x00, 0x44, 0x08, 0x01, 0x00,
    0x01, 0x00, 0x01, 0x00, 0x01, 0x00, 0x01, 0x00, 0x01, 0x00, 0x01, 0x00, 0x01, 0x00, 0x01, 0x00,
    0x01, 0x00, 0x43, 0x08, 0x22, 0x00, 0x01, 0x00, 0x01, 0x00, 0x01, 0x00, 0x01, 0x00, 0x01, 0x00,
    0x01, 0x00, 0x01, 0x00, 0x01, 0x00, 0x01, 0x00, 0x22, 0x00, 0x44, 0x08, 0x01, 0x00, 0x01, 0x00,
    0x01, 0x00, 0x01, 0x00, 0x01, 0x00, 0x01, 0x00, 0x01, 0x00, 0x01, 0x00, 0x01, 0x00, 0x01, 0x00,
    0x43, 0x08, 0x43, 0x08, 0x01, 0x00, 0x01, 0x00, 0x01, 0x00, 0x01, 0x00, 0x01, 0x00, 0x01, 0x00,
    0x01, 0x00, 0x02, 0x00, 0x01, 0x00, 0x02, 0x00, 0x44, 0x08, 0x23, 0x08, 0x01, 0x00, 0x02, 0x00,
    0x01, 0x00, 0x02, 0x00, 0x01, 0x00, 0x02, 0x00, 0x01, 0x00, 0x02, 0x00, 0x01, 0x00, 0x02, 0x00,
    0x64, 0x08, 0x22, 0x00, 0x01, 0x00, 0x02, 0x00, 0x01, 0x00, 0x02, 0x00, 0x01, 0x00, 0x02, 0x00,
    0x01, 0x00, 0x02, 0x00, 0x01, 0x00, 0x02, 0x00, 0x44, 0x08, 0x23, 0x00, 0x01, 0x00, 0x02, 0x00,
    0x01, 0x00, 0x02, 0x00, 0x01, 0x00, 0x02, 0x00, 0x01, 0x00, 0x02, 0x00, 0x01, 0x00, 0x02, 0x00,
    0x44, 0x08, 0x43, 0x08, 0x01, 0x00, 0x02, 0x00, 0x01, 0x00, 0x02, 0x00, 0x01, 0x00, 0x02, 0x00,
    0x01, 0x00, 0x02, 0x00, 0x01, 0x00, 0x02, 0x00, 0x23, 0x00, 0x64, 0x08, 0x01, 0x00, 0x02, 0x00,
    0x01, 0x00, 0x02, 0x00, 0x02, 0x00, 0x22, 0x00, 0x22, 0x00, 0x23, 0x00, 0x23, 0x00, 0x43, 0x08,
    0x43, 0x08, 0x86, 0x10, 0x65, 0x08, 0x64, 0x08, 0x64, 0x08, 0x65, 0x08, 0x65, 0x08, 0x65, 0x08,
    0x65, 0x08, 0x65, 0x08, 0x64, 0x08, 0x44, 0x08, 0x44, 0x08, 0x64, 0x08, 0x86, 0x10, 0x43, 0x08,
    0x23, 0x00, 0x23, 0x00, 0x22, 0x00, 0x22, 0x00, 0x02, 0x00, 0x02, 0x00, 0x02, 0x00, 0x02, 0x00,
    0x01, 0x00, 0x02, 0x00, 0x43, 0x08, 0x44, 0x08, 0x01, 0x00, 0x02, 0x00, 0x01, 0x00, 0x02, 0x00,
    0x01, 0x00, 0x02, 0x00, 0x01, 0x00, 0x02, 0x00, 0x01, 0x00, 0x02, 0x00, 0x01, 0x00, 0x44, 0x08,
    0x44, 0x08, 0x02, 0x00, 0x01, 0x00, 0x02, 0x00, 0x01, 0x00, 0x02, 0x00, 0x01, 0x00, 0x02, 0x00,
    0x01, 0x00, 0x02, 0x00, 0x01, 0x00, 0x02, 0x00, 0x43, 0x08, 0x44, 0x08, 0x01, 0x00, 0x02, 0x00,
    0x01, 0x00, 0x02, 0x00, 0x01, 0x00, 0x02, 0x00, 0x01, 0x00, 0x02, 0x00, 0x01, 0x00, 0x02, 0x00,
    0x01, 0x00, 0x23, 0x00, 0x65, 0x08, 0x22, 0x00, 0x01, 0x00, 0x02, 0x00, 0x01, 0x00, 0x02, 0x00,
    0x01, 0x00, 0x02, 0x00, 0x01, 0x00, 0x02, 0x00, 0x01, 0x00, 0x02, 0x00, 0x01, 0x00, 0x44, 0x08,
    0x23, 0x00, 0x02, 0x00, 0x01, 0x00, 0x02, 0x00, 0x01, 0x00, 0x02, 0x00, 0x01, 0x00, 0x02, 0x00,
    0x01, 0x00, 0x02, 0x00, 0x01, 0x00, 0x01, 0x00, 0x22, 0x00, 0x65, 0x08, 0x22, 0x00, 0x01, 0x00,
    0x01, 0x00, 0x01, 0x00, 0x01, 0x00, 0x01, 0x00, 0x01, 0x00, 0x01, 0x00, 0x01, 0x00, 0x01, 0x00,
    0x01, 0x00, 0x01, 0x00, 0x23, 0x00, 0x44, 0x08, 0x01, 0x00, 0x01, 0x00, 0x01, 0x00, 0x01, 0x00,
    0x01, 0x00, 0x01, 0x00, 0x01, 0x00, 0x01, 0x00, 0x01, 0x00, 0x01, 0x00, 0x01, 0x00, 0x01, 0x00,
    0x43, 0x00, 0x43, 0x08, 0x01, 0x00, 0x01, 0x00, 0x01, 0x00, 0x01, 0x00, 0x01, 0x00, 0x01, 0x00,
    0x01, 0x00, 0x01, 0x00, 0x01, 0x00, 0x01, 0x00, 0x01, 0x00, 0x01, 0x00, 0x22, 0x00, 0x44, 0x08,
    0x01, 0x00, 0x01, 0x00, 0x01, 0x00, 0x01, 0x00, 0x01, 0x00, 0x01, 0x00, 0x01, 0x00, 0x01, 0x00,
    0x01, 0x00, 0x01, 0x00, 0x01, 0x00, 0x01, 0x00, 0x22, 0x00, 0x44, 0x08, 0x22, 0x00, 0x01, 0x00,
    0x01, 0x00, 0x01, 0x00, 0x01, 0x00, 0x02, 0x00, 0x22, 0x00, 0x22, 0x00, 0x22, 0x00, 0x22, 0x00,
    0x22, 0x00, 0x22, 0x00, 0x22, 0x00, 0x44, 0x08, 0x44, 0x08, 0x43, 0x08, 0x43, 0x08, 0x43, 0x08,
    0x23, 0x00, 0x44, 0x08, 0x64, 0x08, 0x43, 0x08, 0x43, 0x08, 0x43, 0x08, 0x43, 0x08, 0x43, 0x08,
    0x43, 0x00, 0x23, 0x00, 0x23, 0x00, 0x22, 0x00, 0x43, 0x08, 0x23, 0x00, 0x22, 0x00, 0x01, 0x00,
    0x01, 0x00, 0x01, 0x00, 0x01, 0x00, 0x01, 0x00, 0x01, 0x00, 0x01, 0x00, 0x01, 0x00, 0x23, 0x00,
    0x22, 0x00, 0x01, 0x00, 0x01, 0x00, 0x01, 0x00, 0x01, 0x00, 0x01, 0x00, 0x01, 0x00, 0x01, 0x00,
    0x01, 0x00, 0x01, 0x00, 0x22, 0x00, 0x23, 0x00, 0x01, 0x00, 0x01, 0x00, 0x01, 0x00, 0x01, 0x00,
    0x01, 0x00, 0x01, 0x00, 0x01, 0x00, 0x01, 0x00, 0x01, 0x00, 0x22, 0x00, 0x44, 0x08, 0x01, 0x00,
    0x01, 0x00, 0x01, 0x00, 0x01, 0x00, 0x01, 0x00, 0x01, 0x00, 0x01, 0x00, 0x01, 0x00, 0x01, 0x00,
    0x01, 0x00, 0x44, 0x08, 0x22, 0x00, 0x01, 0x00, 0x01, 0x00, 0x01, 0x00, 0x01, 0x00, 0x01, 0x00,
    0x01, 0x00, 0x01, 0x00, 0x01, 0x00, 0x01, 0x00, 0x22, 0x00, 0x44, 0x08, 0x01, 0x00, 0x01, 0x00,
    0x01, 0x00, 0x01, 0x00, 0x01, 0x00, 0x01, 0x00, 0x01, 0x00, 0x01, 0x00, 0x01, 0x00, 0x01, 0x00,
    0x44, 0x08, 0x23, 0x00, 0x01, 0x00, 0x01, 0x00, 0x02, 0x00, 0x02, 0x00, 0x02, 0x00, 0x01, 0x00,
    0x02, 0x00, 0x01, 0x00, 0x02, 0x00, 0x01, 0x00, 0x44, 0x08, 0x22, 0x00, 0x02, 0x00, 0x01, 0x00,
    0x02, 0x00, 0x01, 0x00, 0x02, 0x00, 0x01, 0x00, 0x02, 0x00, 0x02, 0x00, 0x02, 0x00, 0x02, 0x00,
    0x65, 0x08, 0x22, 0x00, 0x02, 0x00, 0x02, 0x00, 0x02, 0x00, 0x02, 0x00, 0x02, 0x00, 0x02, 0x00,
    0x02, 0x00, 0x02, 0x00, 0x02, 0x00, 0x02, 0x00, 0x65, 0x08, 0x22, 0x00, 0x02, 0x00, 0x02, 0x00,
    0x02, 0x00, 0x02, 0x00, 0x02, 0x00, 0x02, 0x00, 0x02, 0x00, 0x02, 0x00, 0x02, 0x00, 0x02, 0x00,
    0x44, 0x08, 0x23, 0x08, 0x02, 0x00, 0x02, 0x00, 0x02, 0x00, 0x22, 0x00, 0x22, 0x00, 0x23, 0x00,
    0x23, 0x00, 0x23, 0x08, 0x43, 0x08, 0x44, 0x08, 0x65, 0x08, 0x86, 0x10, 0x65, 0x08, 0x65, 0x08,
    0x65, 0x08, 0x65, 0x08, 0x65, 0x08, 0x65, 0x08, 0x64, 0x08, 0x44, 0x08, 0x44, 0x08, 0x44, 0x08,
    0x43, 0x08, 0x86, 0x08, 0x44, 0x08, 0x23, 0x00, 0x22, 0x00, 0x22, 0x00, 0x02, 0x00, 0x02, 0x00,
    0x02, 0x00, 0x02, 0x00, 0x02, 0x00, 0x02, 0x00, 0x02, 0x00, 0x23, 0x00, 0x65, 0x08, 0x02, 0x00,
    0x02, 0x00, 0x02, 0x00, 0x02, 0x00, 0x02, 0x00, 0x02, 0x00, 0x02, 0x00, 0x02, 0x00, 0x02, 0x00,
    0x02, 0x00, 0x02, 0x00, 0x43, 0x08, 0x44, 0x08, 0x02, 0x00, 0x02, 0x00, 0x02, 0x00, 0x02, 0x00,
    0x02, 0x00, 0x02, 0x00, 0x02, 0x00, 0x02, 0x00, 0x02, 0x00, 0x02, 0x00, 0x02, 0x00, 0x43, 0x08,
    0x44, 0x08, 0x02, 0x00, 0x02, 0x00, 0x02, 0x00, 0x02, 0x00, 0x02, 0x00, 0x02, 0x00, 0x02, 0x00,
    0x02, 0x00, 0x02, 0x00, 0x02, 0x00, 0x02, 0x00, 0x43, 0x08, 0x44, 0x08, 0x02, 0x00, 0x02, 0x00,
    0x02, 0x00, 0x02, 0x00, 0x02, 0x00, 0x02, 0x00, 0x02, 0x00, 0x02, 0x00, 0x02, 0x00, 0x02, 0x00,
    0x02, 0x00, 0x22, 0x00, 0x65, 0x08, 0x22, 0x00, 0x02, 0x00, 0x02, 0x00, 0x02, 0x00, 0x02, 0x00,
    0x02, 0x00, 0x02, 0x00, 0x02, 0x00, 0x02, 0x00, 0x02, 0x00, 0x02, 0x00, 0x02, 0x00, 0x44, 0x08,
    0x43, 0x08, 0x01, 0x00, 0x02, 0x00, 0x01, 0x00, 0x02, 0x00, 0x02, 0x00, 0x02, 0x00, 0x02, 0x00,
    0x02, 0x00, 0x02, 0x00, 0x02, 0x00, 0x02, 0x00, 0x22, 0x00, 0x65, 0x08, 0x22, 0x00, 0x02, 0x00,
    0x02, 0x00, 0x02, 0x00, 0x02, 0x00, 0x02, 0x00, 0x02, 0x00, 0x02, 0x00, 0x02, 0x00, 0x02, 0x00,
    0x02, 0x00, 0x02, 0x00, 0x23, 0x00, 0x44, 0x08, 0x02, 0x00, 0x01, 0x00, 0x02, 0x00, 0x01, 0x00,
    0x01, 0x00, 0x01, 0x00, 0x01, 0x00, 0x01, 0x00, 0x01, 0x00, 0x01, 0x00, 0x01, 0x00, 0x01, 0x00,
    0x23, 0x00, 0x44, 0x08, 0x01, 0x00, 0x01, 0x00, 0x01, 0x00, 0x01, 0x00, 0x01, 0x00, 0x01, 0x00,
    0x01, 0x00, 0x01, 0x00, 0x01, 0x00, 0x01, 0x00, 0x01, 0x00, 0x01, 0x00, 0x22, 0x00, 0x44, 0x08,
    0x02, 0x00, 0x01, 0x00, 0x01, 0x00, 0x01, 0x00, 0x02, 0x00, 0x22, 0x00, 0x22, 0x00, 0x22, 0x00,
    0x22, 0x00, 0x22, 0x00, 0x23, 0x00, 0x23, 0x00, 0x43, 0x08, 0x65, 0x08, 0x44, 0x08, 0x43, 0x08,
    0x43, 0x08, 0x44, 0x08, 0x44, 0x08, 0x44, 0x08, 0x44, 0x08, 0x43, 0x08, 0x43, 0x08, 0x43, 0x00,
    0x23, 0x00, 0x23, 0x00, 0x22, 0x00, 0x43, 0x08, 0x44, 0x08, 0x22, 0x00, 0x22, 0x00, 0x22, 0x00,
    0x22, 0x00, 0x43, 0x08, 0x22, 0x00, 0x01, 0x00, 0x01, 0x00, 0x01, 0x00, 0x01, 0x00, 0x01, 0x00,
    0x01, 0x00, 0x01, 0x00, 0x01, 0x00, 0x01, 0x00, 0x23, 0x00, 0x22, 0x00, 0x01, 0x00, 0x01, 0x00,
    0x01, 0x00, 0x01, 0x00, 0x01, 0x00, 0x01, 0x00, 0x01, 0x00, 0x01, 0x00, 0x01, 0x00, 0x43, 0x08,
    0x22, 0x00, 0x01, 0x00, 0x01, 0x00, 0x01, 0x00, 0x01, 0x00, 0x01, 0x00, 0x01, 0x00, 0x01, 0x00,
    0x01, 0x00, 0x01, 0x00, 0x23, 0x00, 0x23, 0x00, 0x01, 0x00, 0x01, 0x00, 0x01, 0x00, 0x01, 0x00,
    0x01, 0x00, 0x01, 0x00, 0x01, 0x00, 0x01, 0x00, 0x01, 0x00, 0x22, 0x00, 0x43, 0x08, 0x01, 0x00,
    0x01, 0x00, 0x01, 0x00, 0x01, 0x00, 0x01, 0x00, 0x01, 0x00, 0x01, 0x00, 0x01, 0x00, 0x01, 0x00,
    0x01, 0x00, 0x44, 0x08, 0x22, 0x00, 0x01, 0x00, 0x01, 0x00, 0x01, 0x00, 0x01, 0x00, 0x01, 0x00,
    0x01, 0x00, 0x01, 0x00, 0x01, 0x00, 0x01, 0x00, 0x22, 0x00, 0x44, 0x08, 0x01, 0x00, 0x01, 0x00,
    0x01, 0x00, 0x01, 0x00, 0x01, 0x00, 0x01, 0x00, 0x01, 0x00, 0x01, 0x00, 0x01, 0x00, 0x02, 0x00,
    0x44, 0x08, 0x23, 0x00, 0x01, 0x00, 0x02, 0x00, 0x01, 0x00, 0x02, 0x00, 0x01, 0x00, 0x02, 0x00,
    0x01, 0x00, 0x02, 0x00, 0x01, 0x00, 0x02, 0x00, 0x64, 0x08, 0x22, 0x00, 0x01, 0x00, 0x02, 0x00,
    0x01, 0x00, 0x02, 0x00, 0x01, 0x00, 0x02, 0x00, 0x01, 0x00, 0x02, 0x00, 0x01, 0x00, 0x22, 0x00,
    0x65, 0x08, 0x22, 0x00, 0x02, 0x00, 0x02, 0x00, 0x01, 0x00, 0x02, 0x00, 0x02, 0x00, 0x02, 0x00,
    0x02, 0x00, 0x02, 0x00, 0x02, 0x00, 0x02, 0x00, 0x65, 0x08, 0x23, 0x00, 0x02, 0x00, 0x22, 0x00,
    0x22, 0x00, 0x23, 0x00, 0x23, 0x00, 0x43, 0x08, 0x43, 0x08, 0x44, 0x08, 0x44, 0x08, 0x64, 0x08,
    0x86, 0x10, 0x86, 0x10, 0x65, 0x08, 0x65, 0x08, 0x65, 0x08, 0x65, 0x08, 0x64, 0x08, 0x64, 0x08,
    0x44, 0x08, 0x44, 0x08, 0x43, 0x08, 0x43, 0x08, 0x44, 0x08, 0x65, 0x08, 0x22, 0x00, 0x22, 0x00,
    0x02, 0x00, 0x02, 0x00, 0x02, 0x00, 0x02, 0x00, 0x02, 0x00, 0x02, 0x00, 0x02, 0x00, 0x02, 0x00,
    0x02, 0x00, 0x65, 0x08, 0x23, 0x00, 0x02, 0x00, 0x02, 0x00, 0x02, 0x00, 0x02, 0x00, 0x02, 0x00,
    0x02, 0x00, 0x02, 0x00, 0x02, 0x00, 0x02, 0x00, 0x02, 0x00, 0x23, 0x00, 0x65, 0x08, 0x02, 0x00,
    0x02, 0x00, 0x02, 0x00, 0x02, 0x00, 0x02, 0x00, 0x02, 0x00, 0x02, 0x00, 0x02, 0x00, 0x02, 0x00,
    0x02, 0x00, 0x02, 0x00, 0x23, 0x08, 0x64, 0x08, 0x02, 0x00, 0x02, 0x00, 0x02, 0x00, 0x02, 0x00,
    0x02, 0x00, 0x02, 0x00, 0x02, 0x00, 0x02, 0x00, 0x02, 0x00, 0x02, 0x00, 0x02, 0x00, 0x44, 0x08,
    0x44, 0x08, 0x02, 0x00, 0x02, 0x00, 0x02, 0x00, 0x02, 0x00, 0x02, 0x00, 0x02, 0x00, 0x02, 0x00,
    0x02, 0x00, 0x02, 0x00, 0x02, 0x00, 0x02, 0x00, 0x23, 0x00, 0x65, 0x08, 0x02, 0x00, 0x02, 0x00,
    0x02, 0x00, 0x02, 0x00, 0x02, 0x00, 0x02, 0x00, 0x02, 0x00, 0x02, 0x00, 0x02, 0x00, 0x02, 0x00,
    0x02, 0x00, 0x22, 0x00, 0x65, 0x08, 0x23, 0x00, 0x02, 0x00, 0x02, 0x00, 0x02, 0x00, 0x02, 0x00,
    0x02, 0x00, 0x02, 0x00, 0x02, 0x00, 0x22, 0x00, 0x02, 0x00, 0x22, 0x00, 0x02, 0x00, 0x44, 0x08,
    0x44, 0x08, 0x22, 0x00, 0x02, 0x00, 0x22, 0x00, 0x02, 0x00, 0x22, 0x00, 0x02, 0x00, 0x22, 0x00,
    0x02, 0x00, 0x22, 0x00, 0x02, 0x00, 0x22, 0x00, 0x22, 0x00, 0x65, 0x08, 0x23, 0x00, 0x22, 0x00,
    0x02, 0x00, 0x22, 0x00, 0x02, 0x00, 0x22, 0x00, 0x02, 0x00, 0x22, 0x00, 0x02, 0x00, 0x22, 0x00,
    0x02, 0x00, 0x22, 0x00, 0x23, 0x00, 0x65, 0x08, 0x22, 0x00, 0x02, 0x00, 0x02, 0x00, 0x22, 0x00,
    0x01, 0x00, 0x02, 0x00, 0x02, 0x00, 0x22, 0x00, 0x01, 0x00, 0x02, 0x00, 0x01, 0x00, 0x22, 0x00,
    0x22, 0x00, 0x44, 0x08, 0x22, 0x00, 0x01, 0x00, 0x01, 0x00, 0x02, 0x00, 0x02, 0x00, 0x22, 0x00,
    0x22, 0x00, 0x22, 0x00, 0x22, 0x00, 0x23, 0x00, 0x23, 0x00, 0x23, 0x00, 0x44, 0x08, 0x86, 0x08,
    0x44, 0x08, 0x44, 0x08, 0x44, 0x08, 0x44, 0x08, 0x44, 0x08, 0x44, 0x08, 0x44, 0x08, 0x44, 0x08,
    0x43, 0x08, 0x43, 0x08, 0x43, 0x08, 0x23, 0x00, 0x22, 0x00, 0x64, 0x08, 0x43, 0x08, 0x22, 0x00,
    0x02, 0x00, 0x22, 0x00, 0x01, 0x00, 0x01, 0x00, 0x01, 0x00, 0x01, 0x00, 0x01, 0x00, 0x01, 0x00,
    0x01, 0x00, 0x01, 0x00, 0x01, 0x00, 0x22, 0x00, 0x43, 0x08, 0x01, 0x00, 0x01, 0x00, 0x01, 0x00,
    0x01, 0x00, 0x43, 0x08, 0x22, 0x00, 0x01, 0x00, 0x01, 0x00, 0x01, 0x00, 0x01, 0x00, 0x01, 0x00,
    0x01, 0x00, 0x01, 0x00, 0x01, 0x00, 0x01, 0x00, 0x43, 0x08, 0x01, 0x00, 0x01, 0x00, 0x01, 0x00,
    0x01, 0x00, 0x01, 0x00, 0x01, 0x00, 0x01, 0x00, 0x01, 0x00, 0x01, 0x00, 0x01, 0x00, 0x44, 0x08,
    0x21, 0x00, 0x01, 0x00, 0x01, 0x00, 0x01, 0x00, 0x01, 0x00, 0x01, 0x00, 0x01, 0x00, 0x01, 0x00,
    0x01, 0x00, 0x01, 0x00, 0x43, 0x08, 0x22, 0x00, 0x01, 0x00, 0x01, 0x00, 0x01, 0x00, 0x01, 0x00,
    0x01, 0x00, 0x01, 0x00, 0x01, 0x00, 0x01, 0x00, 0x01, 0x00, 0x22, 0x00, 0x43, 0x08, 0x01, 0x00,
    0x01, 0x00, 0x01, 0x00, 0x01, 0x00, 0x01, 0x00, 0x01, 0x00, 0x01, 0x00, 0x01, 0x00, 0x01, 0x00,
    0x01, 0x00, 0x64, 0x08, 0x02, 0x00, 0x01, 0x00, 0x01, 0x00, 0x01, 0x00, 0x01, 0x00, 0x01, 0x00,
    0x01, 0x00, 0x01, 0x00, 0x01, 0x00, 0x01, 0x00, 0x23, 0x00, 0x43, 0x08, 0x01, 0x00, 0x01, 0x00,
    0x01, 0x00, 0x01, 0x00, 0x01, 0x00, 0x01, 0x00, 0x01, 0x00, 0x01, 0x00, 0x01, 0x00, 0x01, 0x00,
    0x44, 0x08, 0x22, 0x00, 0x01, 0x00, 0x01, 0x00, 0x01, 0x00, 0x01, 0x00, 0x02, 0x00, 0x01, 0x00,
    0x01, 0x00, 0x01, 0x00, 0x02, 0x00, 0x02, 0x00, 0x65, 0x08, 0x22, 0x00, 0x02, 0x00, 0x01, 0x00,
    0x01, 0x00, 0x01, 0x00, 0x02, 0x00, 0x01, 0x00, 0x01, 0x00, 0x01, 0x00, 0x02, 0x00, 0x22, 0x00,
    0x65, 0x08, 0x22, 0x00, 0x22, 0x00, 0x22, 0x00, 0x23, 0x00, 0x23, 0x00, 0x43, 0x08, 0x43, 0x08,
    0x44, 0x08, 0x44, 0x08, 0x64, 0x08, 0x65, 0x08, 0xa7, 0x10, 0x65, 0x08, 0x65, 0x08, 0x65, 0x08,
    0x64, 0x08, 0x44, 0x08, 0x44, 0x08, 0x44, 0x08, 0x43, 0x08, 0x23, 0x08, 0x43, 0x08, 0x23, 0x00,
    0x65, 0x08, 0x43, 0x08, 0x22, 0x00, 0x02, 0x00, 0x02, 0x00, 0x02, 0x00, 0x02, 0x00, 0x02, 0x00,
    0x02, 0x00, 0x02, 0x00, 0x02, 0x00, 0x02, 0x00, 0x23, 0x08, 0x44, 0x08, 0x02, 0x00, 0x02, 0x00,
    0x02, 0x00, 0x02, 0x00, 0x02, 0x00, 0x02, 0x00, 0x02, 0x00, 0x02, 0x00, 0x02, 0x00, 0x02, 0x00,
    0x02, 0x00, 0x65, 0x08, 0x23, 0x00, 0x02, 0x00, 0x02, 0x00, 0x02, 0x00, 0x02, 0x00, 0x02, 0x00,
    0x02, 0x00, 0x02, 0x00, 0x02, 0x00, 0x02, 0x00, 0x02, 0x00, 0x23, 0x00, 0x65, 0x08, 0x02, 0x00,
    0x02, 0x00, 0x02, 0x00, 0x02, 0x00, 0x02, 0x00, 0x02, 0x00, 0x02, 0x00, 0x02, 0x00, 0x02, 0x00,
    0x02, 0x00, 0x02, 0x00, 0x43, 0x08, 0x44, 0x08, 0x02, 0x00, 0x02, 0x00, 0x02, 0x00, 0x02, 0x00,
    0x02, 0x00, 0x02, 0x00, 0x02, 0x00, 0x02, 0x00, 0x02, 0x00, 0x02, 0x00, 0x02, 0x00, 0x43, 0x08,
    0x64, 0x08, 0x02, 0x00, 0x02, 0x00, 0x02, 0x00, 0x02, 0x00, 0x02, 0x00, 0x02, 0x00, 0x02, 0x00,
    0x02, 0x00, 0x02, 0x00, 0x02, 0x00, 0x02, 0x00, 0x23, 0x00, 0x65, 0x08, 0x02, 0x00, 0x02, 0x00,
    0x02, 0x00, 0x02, 0x00, 0x02, 0x00, 0x02, 0x00, 0x02, 0x00, 0x02, 0x00, 0x02, 0x00, 0x02, 0x00,
    0x02, 0x00, 0x22, 0x00, 0x65, 0x08, 0x23, 0x00, 0x02, 0x00, 0x02, 0x00, 0x02, 0x00, 0x02, 0x00,
    0x02, 0x00, 0x02, 0x00, 0x22, 0x00, 0x02, 0x00, 0x02, 0x00, 0x02, 0x00, 0x22, 0x00, 0x44, 0x08,
    0x44, 0x08, 0x02, 0x00, 0x22, 0x00, 0x02, 0x00, 0x02, 0x00, 0x02, 0x00, 0x22, 0x00, 0x02, 0x00,
    0x02, 0x00, 0x02, 0x00, 0x22, 0x00, 0x02, 0x00, 0x22, 0x00, 0x64, 0x08, 0x43, 0x08, 0x02, 0x00,
    0x02, 0x00, 0x02, 0x00, 0x22, 0x00, 0x02, 0x00, 0x02, 0x00, 0x02, 0x00, 0x02, 0x00, 0x02, 0x00,
    0x02, 0x00, 0x02, 0x00, 0x22, 0x00, 0x65, 0x08, 0x22, 0x00, 0x02, 0x00, 0x02, 0x00, 0x22, 0x00,
    0x22, 0x00, 0x22, 0x00, 0x23, 0x00, 0x23, 0x00, 0x23, 0x08, 0x23, 0x00, 0x43, 0x08, 0x43, 0x08,
    0x44, 0x08, 0x86, 0x10, 0x64, 0x08, 0x44, 0x08, 0x64, 0x08, 0x64, 0x08, 0x64, 0x08, 0x44, 0x08,
    0x44, 0x08, 0x44, 0x08, 0x43, 0x08, 0x43, 0x08, 0x23, 0x00, 0x23, 0x00, 0x23, 0x00, 0x65, 0x08,
    0x43, 0x08, 0x22, 0x00, 0x22, 0x00, 0x02, 0x00, 0x01, 0x00, 0x01, 0x00, 0x01, 0x00, 0x01, 0x00,
    0x01, 0x00, 0x01, 0x00, 0x01, 0x00, 0x01, 0x00, 0x01, 0x00, 0x43, 0x08, 0x43, 0x08, 0x01, 0x00,
    0x01, 0x00, 0x01, 0x00, 0x01, 0x00, 0x01, 0x00, 0x01, 0x00, 0x01, 0x00, 0x01, 0x00, 0x01, 0x00,
    0x01, 0x00, 0x01, 0x00, 0x01, 0x00, 0x22, 0x00, 0x44, 0x08, 0x22, 0x00, 0x01, 0x00, 0x01, 0x00,
    0x01, 0x00, 0x44, 0x08, 0x01, 0x00, 0x01, 0x00, 0x01, 0x00, 0x01, 0x00, 0x01, 0x00, 0x01, 0x00,
    0x01, 0x00, 0x01, 0x00, 0x01, 0x00, 0x01, 0x00, 0x43, 0x08, 0x01, 0x00, 0x01, 0x00, 0x01, 0x00,
    0x01, 0x00, 0x01, 0x00, 0x01, 0x00, 0x01, 0x00, 0x01, 0x00, 0x01, 0x00, 0x01, 0x00, 0x44, 0x08,
    0x01, 0x00, 0x01, 0x00, 0x01, 0x00, 0x01, 0x00, 0x01, 0x00, 0x01, 0x00, 0x01, 0x00, 0x01, 0x00,
    0x01, 0x00, 0x01, 0x00, 0x44, 0x08, 0x22, 0x00, 0x01, 0x00, 0x01, 0x00, 0x01, 0x00, 0x01, 0x00,
    0x01, 0x00, 0x01, 0x00, 0x01, 0x00, 0x01, 0x00, 0x01, 0x00, 0x43, 0x08, 0x22, 0x00, 0x01, 0x00,
    0x01, 0x00, 0x01, 0x00, 0x01, 0x00, 0x01, 0x00, 0x01, 0x00, 0x01, 0x00, 0x01, 0x00, 0x01, 0x00,
    0x22, 0x00, 0x44, 0x08, 0x01, 0x00, 0x01, 0x00, 0x01, 0x00, 0x01, 0x00, 0x01, 0x00, 0x01, 0x00,
    0x01, 0x00, 0x01, 0x00, 0x01, 0x00, 0x01, 0x00, 0x43, 0x08, 0x23, 0x00, 0x01, 0x00, 0x01, 0x00,
    0x01, 0x00, 0x01, 0x00, 0x01, 0x00, 0x02, 0x00, 0x01, 0x00, 0x02, 0x00, 0x01, 0x00, 0x02, 0x00,
    0x64, 0x08, 0x22, 0x00, 0x01, 0x00, 0x02, 0x00, 0x01, 0x00, 0x02, 0x00, 0x01, 0x00, 0x02, 0x00,
    0x01, 0x00, 0x02, 0x00, 0x01, 0x00, 0x22, 0x00, 0x65, 0x08, 0x22, 0x00, 0x22, 0x00, 0x23, 0x00,
    0x23, 0x08, 0x43, 0x08, 0x44, 0x08, 0x44, 0x08, 0x44, 0x08, 0x64, 0x08, 0x64, 0x08, 0x85, 0x08,
    0xa7, 0x10, 0x65, 0x08, 0x64, 0x08, 0x64, 0x08, 0x44, 0x08, 0x44, 0x08, 0x43, 0x08, 0x43, 0x08,
    0x23, 0x00, 0x23, 0x08, 0x22, 0x00, 0x23, 0x00, 0x65, 0x08, 0x22, 0x00, 0x02, 0x00, 0x02, 0x00,
    0x02, 0x00, 0x02, 0x00, 0x02, 0x00, 0x02, 0x00, 0x02, 0x00, 0x02, 0x00, 0x02, 0x00, 0x02, 0x00,
    0x64, 0x08, 0x43, 0x08, 0x02, 0x00, 0x02, 0x00, 0x02, 0x00, 0x02, 0x00, 0x02, 0x00, 0x02, 0x00,
    0x02, 0x00, 0x02, 0x00, 0x02, 0x00, 0x02, 0x00, 0x23, 0x08, 0x64, 0x08, 0x02, 0x00, 0x02, 0x00,
    0x02, 0x00, 0x02, 0x00, 0x02, 0x00, 0x02, 0x00, 0x02, 0x00, 0x02, 0x00, 0x02, 0x00, 0x02, 0x00,
    0x02, 0x00, 0x65, 0x08, 0x23, 0x00, 0x02, 0x00, 0x02, 0x00, 0x02, 0x00, 0x02, 0x00, 0x02, 0x00,
    0x02, 0x00, 0x02, 0x00, 0x02, 0x00, 0x02, 0x00, 0x02, 0x00, 0x23, 0x00, 0x65, 0x08, 0x02, 0x00,
    0x02, 0x00, 0x02, 0x00, 0x02, 0x00, 0x02, 0x00, 0x02, 0x00, 0x02, 0x00, 0x02, 0x00, 0x02, 0x00,
    0x02, 0x00, 0x02, 0x00, 0x23, 0x08, 0x65, 0x08, 0x02, 0x00, 0x02, 0x00, 0x02, 0x00, 0x02, 0x00,
    0x02, 0x00, 0x02, 0x00, 0x02, 0x00, 0x02, 0x00, 0x02, 0x00, 0x02, 0x00, 0x02, 0x00, 0x43, 0x08,
    0x64, 0x08, 0x02, 0x00, 0x02, 0x00, 0x02, 0x00, 0x02, 0x00, 0x02, 0x00, 0x02, 0x00, 0x02, 0x00,
    0x02, 0x00, 0x02, 0x00, 0x02, 0x00, 0x02, 0x00, 0x23, 0x00, 0x65, 0x08, 0x02, 0x00, 0x02, 0x00,
    0x02, 0x00, 0x02, 0x00, 0x02, 0x00, 0x02, 0x00, 0x02, 0x00, 0x02, 0x00, 0x02, 0x00, 0x22, 0x00,
    0x02, 0x00, 0x22, 0x00, 0x65, 0x08, 0x43, 0x08, 0x02, 0x00, 0x22, 0x00, 0x02, 0x00, 0x22, 0x00,
    0x02, 0x00, 0x22, 0x00, 0x02, 0x00, 0x22, 0x00, 0x02, 0x00, 0x22, 0x00, 0x02, 0x00, 0x44, 0x08,
    0x44, 0x08, 0x22, 0x00, 0x02, 0x00, 0x22, 0x00, 0x02, 0x00, 0x22, 0x00, 0x02, 0x00, 0x22, 0x00,
    0x02, 0x00, 0x22, 0x00, 0x02, 0x00, 0x22, 0x00, 0x02, 0x00, 0x65, 0x08, 0x23, 0x08, 0x22, 0x00,
    0x22, 0x00, 0x23, 0x00, 0x23, 0x00, 0x23, 0x08, 0x23, 0x00, 0x43, 0x08, 0x43, 0x08, 0x44, 0x08,
    0x44, 0x08, 0x44, 0x08, 0x44, 0x08, 0x86, 0x10, 0x65, 0x08, 0x65, 0x08, 0x64, 0x08, 0x65, 0x08,
    0x64, 0x08, 0x64, 0x08, 0x44, 0x08, 0x44, 0x08, 0x44, 0x08, 0x44, 0x08, 0x43, 0x08, 0x43, 0x08,
    0x43, 0x00, 0x85, 0x08, 0x43, 0x08, 0x22, 0x00, 0x22, 0x00, 0x22, 0x00, 0x02, 0x00, 0x02, 0x00,
    0x01, 0x00, 0x22, 0x00, 0x01, 0x00, 0x02, 0x00, 0x01, 0x00, 0x01, 0x00, 0x01, 0x00, 0x44, 0x08,
    0x23, 0x00, 0x02, 0x00, 0x01, 0x00, 0x01, 0x00, 0x01, 0x00, 0x01, 0x00, 0x01, 0x00, 0x01, 0x00,
    0x01, 0x00, 0x01, 0x00, 0x01, 0x00, 0x01, 0x00, 0x01, 0x00, 0x23, 0x00, 0x43, 0x08, 0x01, 0x00,
    0x01, 0x00, 0x01, 0x00, 0x01, 0x00, 0x01, 0x00, 0x01, 0x00, 0x01, 0x00, 0x01, 0x00, 0x01, 0x00,
    0x01, 0x00, 0x01, 0x00, 0x01, 0x00, 0x02, 0x00, 0x43, 0x08, 0x22, 0x00, 0x01, 0x00, 0x01, 0x00,
    0x21, 0x00, 0x43, 0x08, 0x01, 0x00, 0x01, 0x00, 0x01, 0x00, 0x01, 0x00, 0x01, 0x00, 0x01, 0x00,
    0x01, 0x00, 0x01, 0x00, 0x01, 0x00, 0x02, 0x00, 0x43, 0x08, 0x01, 0x00, 0x01, 0x00, 0x01, 0x00,
    0x01, 0x00, 0x01, 0x00, 0x01, 0x00, 0x01, 0x00, 0x01, 0x00, 0x01, 0x00, 0x22, 0x00, 0x44, 0x08,
    0x01, 0x00, 0x01, 0x00, 0x01, 0x00, 0x01, 0x00, 0x01, 0x00, 0x01, 0x00, 0x01, 0x00, 0x01, 0x00,
    0x01, 0x00, 0x01, 0x00, 0x44, 0x08, 0x01, 0x00, 0x01, 0x00, 0x01, 0x00, 0x01, 0x00, 0x01, 0x00,
    0x01, 0x00, 0x01, 0x00, 0x01, 0x00, 0x01, 0x00, 0x01, 0x00, 0x43, 0x08, 0x23, 0x00, 0x01, 0x00,
    0x01, 0x00, 0x01, 0x00, 0x01, 0x00, 0x01, 0x00, 0x01, 0x00, 0x01, 0x00, 0x01, 0x00, 0x01, 0x00,
    0x22, 0x00, 0x44, 0x08, 0x01, 0x00, 0x01, 0x00, 0x01, 0x00, 0x01, 0x00, 0x01, 0x00, 0x01, 0x00,
    0x01, 0x00, 0x01, 0x00, 0x01, 0x00, 0x01, 0x00, 0x44, 0x08, 0x23, 0x00, 0x01, 0x00, 0x01, 0x00,
    0x02, 0x00, 0x02, 0x00, 0x02, 0x00, 0x01, 0x00, 0x02, 0x00, 0x02, 0x00, 0x22, 0x00, 0x22, 0x00,
    0x65, 0x08, 0x23, 0x08, 0x23, 0x08, 0x43, 0x08, 0x44, 0x08, 0x44, 0x08, 0x44, 0x08, 0x44, 0x08,
    0x65, 0x08, 0x65, 0x08, 0x65, 0x08, 0x65, 0x08, 0xa7, 0x10, 0x44, 0x08, 0x44, 0x08, 0x44, 0x08,
    0x44, 0x08, 0x43, 0x08, 0x23, 0x08, 0x23, 0x00, 0x23, 0x00, 0x22, 0x00, 0x22, 0x00, 0x23, 0x00,
    0x65, 0x08, 0x02, 0x00, 0x02, 0x00, 0x02, 0x00, 0x02, 0x00, 0x02, 0x00, 0x02, 0x00, 0x02, 0x00,
    0x02, 0x00, 0x02, 0x00, 0x02, 0x00, 0x22, 0x00, 0x65, 0x08, 0x02, 0x00, 0x02, 0x00, 0x02, 0x00,
    0x02, 0x00, 0x02, 0x00, 0x02, 0x00, 0x02, 0x00, 0x02, 0x00, 0x02, 0x00, 0x02, 0x00, 0x02, 0x00,
    0x65, 0x08, 0x23, 0x00, 0x02, 0x00, 0x02, 0x00, 0x02, 0x00, 0x02, 0x00, 0x02, 0x00, 0x02, 0x00,
    0x02, 0x00, 0x02, 0x00, 0x02, 0x00, 0x02, 0x00, 0x43, 0x08, 0x44, 0x08, 0x02, 0x00, 0x02, 0x00,
    0x02, 0x00, 0x02, 0x00, 0x02, 0x00, 0x02, 0x00, 0x02, 0x00, 0x02, 0x00, 0x02, 0x00, 0x02, 0x00,
    0x02, 0x00, 0x65, 0x08, 0x23, 0x00, 0x02, 0x00, 0x02, 0x00, 0x02, 0x00, 0x02, 0x00, 0x02, 0x00,
    0x02, 0x00, 0x02, 0x00, 0x02, 0x00, 0x02, 0x00, 0x02, 0x00, 0x23, 0x00, 0x65, 0x08, 0x02, 0x00,
    0x02, 0x00, 0x02, 0x00, 0x02, 0x00, 0x02, 0x00, 0x02, 0x00, 0x02, 0x00, 0x02, 0x00, 0x02, 0x00,
    0x02, 0x00, 0x02, 0x00, 0x43, 0x08, 0x64, 0x08, 0x02, 0x00, 0x02, 0x00, 0x02, 0x00, 0x02, 0x00,
    0x02, 0x00, 0x02, 0x00, 0x02, 0x00, 0x02, 0x00, 0x02, 0x00, 0x02, 0x00, 0x02, 0x00, 0x23, 0x08,
    0x65, 0x08, 0x02, 0x00, 0x02, 0x00, 0x02, 0x00, 0x02, 0x00, 0x02, 0x00, 0x02, 0x00, 0x02, 0x00,
    0x02, 0x00, 0x02, 0x00, 0x02, 0x00, 0x02, 0x00, 0x23, 0x00, 0x65, 0x08, 0x22, 0x00, 0x02, 0x00,
    0x02, 0x00, 0x02, 0x00, 0x02, 0x00, 0x02, 0x00, 0x02, 0x00, 0x02, 0x00, 0x02, 0x00, 0x02, 0x00,
    0x22, 0x00, 0x02, 0x00, 0x65, 0x08, 0x43, 0x08, 0x22, 0x00, 0x02, 0x00, 0x22, 0x00, 0x02, 0x00,
    0x22, 0x00, 0x02, 0x00, 0x22, 0x00, 0x02, 0x00, 0x22, 0x00, 0x02, 0x00, 0x02, 0x00, 0x43, 0x08,
    0x65, 0x08, 0x02, 0x00, 0x23, 0x00, 0x23, 0x00, 0x23, 0x08, 0x23, 0x00, 0x43, 0x08, 0x43, 0x08,
    0x44, 0x08, 0x44, 0x08, 0x44, 0x08, 0x44, 0x08, 0x65, 0x08, 0x86, 0x10, 0x86, 0x10, 0x65, 0x08,
    0x65, 0x08, 0x65, 0x08, 0x65, 0x08, 0x65, 0x08, 0x64, 0x08, 0x44, 0x08, 0x44, 0x08, 0x44, 0x08,
    0x44, 0x08, 0x23, 0x08, 0x43, 0x08, 0x65, 0x08, 0x44, 0x08, 0x22, 0x00, 0x22, 0x00, 0x22, 0x00,
    0x02, 0x00, 0x02, 0x00, 0x02, 0x00, 0x02, 0x00, 0x02, 0x00, 0x02, 0x00, 0x02, 0x00, 0x02, 0x00,
    0x22, 0x00, 0x44, 0x08, 0x23, 0x08, 0x02, 0x00, 0x02, 0x00, 0x02, 0x00, 0x02, 0x00, 0x02, 0x00,
    0x02, 0x00, 0x02, 0x00, 0x02, 0x00, 0x01, 0x00, 0x02, 0x00, 0x01, 0x00, 0x02, 0x00, 0x43, 0x08,
    0x23, 0x00, 0x01, 0x00, 0x01, 0x00, 0x01, 0x00, 0x01, 0x00, 0x01, 0x00, 0x01, 0x00, 0x01, 0x00,
    0x01, 0x00, 0x01, 0x00, 0x01, 0x00, 0x01, 0x00, 0x01, 0x00, 0x22, 0x00, 0x44, 0x08, 0x02, 0x00,
    0x01, 0x00, 0x01, 0x00, 0x01, 0x00, 0x01, 0x00, 0x01, 0x00, 0x01, 0x00, 0x01, 0x00, 0x01, 0x00,
    0x01, 0x00, 0x01, 0x00, 0x01, 0x00, 0x01, 0x00, 0x43, 0x08, 0x22, 0x00, 0x01, 0x00, 0x01, 0x00,
    0x22, 0x00, 0x23, 0x00, 0x01, 0x00, 0x01, 0x00, 0x01, 0x00, 0x01, 0x00, 0x01, 0x00, 0x01, 0x00,
    0x01, 0x00, 0x01, 0x00, 0x01, 0x00, 0x22, 0x00, 0x23, 0x00, 0x01, 0x00, 0x01, 0x00, 0x01, 0x00,
    0x01, 0x00, 0x01, 0x00, 0x01, 0x00, 0x01, 0x00, 0x01, 0x00, 0x01, 0x00, 0x22, 0x00, 0x43, 0x08,
    0x01, 0x00, 0x01, 0x00, 0x01, 0x00, 0x01, 0x00, 0x01, 0x00, 0x01, 0x00, 0x01, 0x00, 0x01, 0x00,
    0x01, 0x00, 0x02, 0x00, 0x44, 0x08, 0x01, 0x00, 0x01, 0x00, 0x01, 0x00, 0x01, 0x00, 0x01, 0x00,
    0x01, 0x00, 0x01, 0x00, 0x01, 0x00, 0x01, 0x00, 0x01, 0x00, 0x44, 0x08, 0x22, 0x00, 0x01, 0x00,
    0x01, 0x00, 0x01, 0x00, 0x01, 0x00, 0x01, 0x00, 0x01, 0x00, 0x01, 0x00, 0x01, 0x00, 0x01, 0x00,
    0x22, 0x00, 0x43, 0x08, 0x01, 0x00, 0x01, 0x00, 0x01, 0x00, 0x01, 0x00, 0x01, 0x00, 0x01, 0x00,
    0x01, 0x00, 0x22, 0x00, 0x22, 0x00, 0x22, 0x00, 0x65, 0x08, 0x44, 0x08, 0x43, 0x08, 0x43, 0x08,
    0x44, 0x08, 0x44, 0x08, 0x44, 0x08, 0x65, 0x08, 0x65, 0x08, 0x65, 0x08, 0x64, 0x08, 0x64, 0x08,
    0x86, 0x10, 0x44, 0x08, 0x43, 0x08, 0x43, 0x08, 0x23, 0x08, 0x23, 0x00, 0x22, 0x00, 0x22, 0x00,
    0x22, 0x00, 0x02, 0x00, 0x01, 0x00, 0x23, 0x00, 0x44, 0x08, 0x02, 0x00, 0x01, 0x00, 0x02, 0x00,
    0x01, 0x00, 0x02, 0x00, 0x01, 0x00, 0x02, 0x00, 0x01, 0x00, 0x02, 0x00, 0x01, 0x00, 0x23, 0x00,
    0x64, 0x08, 0x02, 0x00, 0x02, 0x00, 0x02, 0x00, 0x02, 0x00, 0x02, 0x00, 0x02, 0x00, 0x02, 0x00,
    0x02, 0x00, 0x02, 0x00, 0x02, 0x00, 0x22, 0x00, 0x65, 0x08, 0x02, 0x00, 0x02, 0x00, 0x02, 0x00,
    0x02, 0x00, 0x02, 0x00, 0x02, 0x00, 0x02, 0x00, 0x02, 0x00, 0x02, 0x00, 0x02, 0x00, 0x02, 0x00,
    0x65, 0x08, 0x23, 0x00, 0x02, 0x00, 0x02, 0x00, 0x02, 0x00, 0x02, 0x00, 0x02, 0x00, 0x02, 0x00,
    0x02, 0x00, 0x02, 0x00, 0x02, 0x00, 0x02, 0x00, 0x43, 0x08, 0x44, 0x08, 0x02, 0x00, 0x02, 0x00,
    0x02, 0x00, 0x02, 0x00, 0x02, 0x00, 0x02, 0x00, 0x02, 0x00, 0x02, 0x00, 0x02, 0x00, 0x02, 0x00,
    0x02, 0x00, 0x65, 0x08, 0x23, 0x00, 0x02, 0x00, 0x02, 0x00, 0x02, 0x00, 0x02, 0x00, 0x02, 0x00,
    0x02, 0x00, 0x02, 0x00, 0x02, 0x00, 0x02, 0x00, 0x02, 0x00, 0x23, 0x00, 0x65, 0x08, 0x22, 0x00,
    0x02, 0x00, 0x02, 0x00, 0x02, 0x00, 0x02, 0x00, 0x02, 0x00, 0x02, 0x00, 0x02, 0x00, 0x02, 0x00,
    0x02, 0x00, 0x02, 0x00, 0x23, 0x00, 0x65, 0x08, 0x02, 0x00, 0x02, 0x00, 0x02, 0x00, 0x02, 0x00,
    0x02, 0x00, 0x02, 0x00, 0x02, 0x00, 0x02, 0x00, 0x02, 0x00, 0x02, 0x00, 0x02, 0x00, 0x43, 0x08,
    0x65, 0x08, 0x02, 0x00, 0x02, 0x00, 0x02, 0x00, 0x02, 0x00, 0x02, 0x00, 0x02, 0x00, 0x02, 0x00,
    0x02, 0x00, 0x02, 0x00, 0x02, 0x00, 0x02, 0x00, 0x22, 0x00, 0x65, 0x08, 0x22, 0x00, 0x22, 0x00,
    0x02, 0x00, 0x22, 0x00, 0x02, 0x00, 0x22, 0x00, 0x02, 0x00, 0x22, 0x00, 0x02, 0x00, 0x22, 0x00,
    0x02, 0x00, 0x22, 0x00, 0x64, 0x08, 0x44, 0x08, 0x22, 0x00, 0x23, 0x08, 0x23, 0x00, 0x43, 0x08,
    0x43, 0x08, 0x44, 0x08, 0x44, 0x08, 0x44, 0x08, 0x44, 0x08, 0x65, 0x08, 0x65, 0x08, 0x86, 0x10,
    0xa7, 0x10, 0x85, 0x08, 0x65, 0x08, 0x65, 0x08, 0x65, 0x08, 0x65, 0x08, 0x64, 0x08, 0x64, 0x08,
    0x44, 0x08, 0x44, 0x08, 0x43, 0x08, 0x43, 0x08, 0x23, 0x08, 0x65, 0x08, 0x64, 0x08, 0x23, 0x00,
    0x22, 0x00, 0x22, 0x00, 0x02, 0x00, 0x22, 0x00, 0x02, 0x00, 0x22, 0x00, 0x22, 0x00, 0x22, 0x00,
    0x02, 0x00, 0x22, 0x00, 0x02, 0x00, 0x64, 0x08, 0x43, 0x08, 0x22, 0x00, 0x02, 0x00, 0x22, 0x00,
    0x02, 0x00, 0x22, 0x00, 0x02, 0x00, 0x22, 0x00, 0x02, 0x00, 0x22, 0x00, 0x02, 0x00, 0x22, 0x00,
    0x01, 0x00, 0x44, 0x08, 0x43, 0x08, 0x22, 0x00, 0x01, 0x00, 0x02, 0x00, 0x02, 0x00, 0x22, 0x00,
    0x01, 0x00, 0x02, 0x00, 0x01, 0x00, 0x22, 0x00, 0x01, 0x00, 0x02, 0x00, 0x01, 0x00, 0x43, 0x08,
    0x43, 0x08, 0x01, 0x00, 0x01, 0x00, 0x02, 0x00, 0x01, 0x00, 0x01, 0x00, 0x01, 0x00, 0x01, 0x00,
    0x01, 0x00, 0x01, 0x00, 0x01, 0x00, 0x01, 0x00, 0x01, 0x00, 0x22, 0x00, 0x44, 0x08, 0x22, 0x00,
    0x01, 0x00, 0x01, 0x00, 0x01, 0x00, 0x01, 0x00, 0x01, 0x00, 0x01, 0x00, 0x01, 0x00, 0x01, 0x00,
    0x01, 0x00, 0x01, 0x00, 0x01, 0x00, 0x01, 0x00, 0x23, 0x00, 0x23, 0x00, 0x01, 0x00, 0x01, 0x00,
    0x22, 0x00, 0x22, 0x00, 0x01, 0x00, 0x01, 0x00, 0x01, 0x00, 0x01, 0x00, 0x01, 0x00, 0x01, 0x00,
    0x01, 0x00, 0x01, 0x00, 0x01, 0x00, 0x23, 0x00, 0x22, 0x00, 0x01, 0x00, 0x01, 0x00, 0x01, 0x00,
    0x01, 0x00, 0x01, 0x00, 0x01, 0x00, 0x01, 0x00, 0x01, 0x00, 0x01, 0x00, 0x22, 0x00, 0x23, 0x00,
    0x01, 0x00, 0x01, 0x00, 0x01, 0x00, 0x01, 0x00, 0x01, 0x00, 0x01, 0x00, 0x01, 0x00, 0x01, 0x00,
    0x01, 0x00, 0x22, 0x00, 0x44, 0x08, 0x01, 0x00, 0x01, 0x00, 0x01, 0x00, 0x01, 0x00, 0x01, 0x00,
    0x01, 0x00, 0x01, 0x00, 0x01, 0x00, 0x01, 0x00, 0x01, 0x00, 0x64, 0x08, 0x22, 0x00, 0x01, 0x00,
    0x01, 0x00, 0x01, 0x00, 0x02, 0x00, 0x22, 0x00, 0x22, 0x00, 0x22, 0x00, 0x23, 0x00, 0x23, 0x00,
    0x64, 0x08, 0x65, 0x08, 0x44, 0x08, 0x44, 0x08, 0x44, 0x08, 0x64, 0x08, 0x65, 0x08, 0x65, 0x08,
    0x64, 0x08, 0x44, 0x08, 0x44, 0x08, 0x44, 0x08, 0x86, 0x08, 0x44, 0x08, 0x23, 0x00, 0x23, 0x00,
    0x23, 0x00, 0x22, 0x00, 0x22, 0x00, 0x02, 0x00, 0x02, 0x00, 0x01, 0x00, 0x02, 0x00, 0x22, 0x00,
    0x64, 0x08, 0x01, 0x00, 0x02, 0x00, 0x01, 0x00, 0x02, 0x00, 0x01, 0x00, 0x02, 0x00, 0x02, 0x00,
    0x02, 0x00, 0x01, 0x00, 0x02, 0x00, 0x23, 0x00, 0x64, 0x08, 0x02, 0x00, 0x02, 0x00, 0x02, 0x00,
    0x02, 0x00, 0x02, 0x00, 0x02, 0x00, 0x02, 0x00, 0x02, 0x00, 0x02, 0x00, 0x02, 0x00, 0x23, 0x00,
    0x64, 0x08, 0x02, 0x00, 0x02, 0x00, 0x02, 0x00, 0x02, 0x00, 0x02, 0x00, 0x02, 0x00, 0x02, 0x00,
    0x02, 0x00, 0x02, 0x00, 0x02, 0x00, 0x23, 0x00, 0x65, 0x08, 0x02, 0x00, 0x02, 0x00, 0x02, 0x00,
    0x02, 0x00, 0x02, 0x00, 0x02, 0x00, 0x02, 0x00, 0x02, 0x00, 0x02, 0x00, 0x02, 0x00, 0x02, 0x00,
    0x65, 0x08, 0x23, 0x00, 0x02, 0x00, 0x02, 0x00, 0x02, 0x00, 0x02, 0x00, 0x02, 0x00, 0x02, 0x00,
    0x02, 0x00, 0x02, 0x00, 0x02, 0x00, 0x02, 0x00, 0x44, 0x08, 0x44, 0x08, 0x02, 0x00, 0x02, 0x00,
    0x02, 0x00, 0x02, 0x00, 0x02, 0x00, 0x02, 0x00, 0x02, 0x00, 0x02, 0x00, 0x02, 0x00, 0x02, 0x00,
    0x02, 0x00, 0x65, 0x08, 0x23, 0x00, 0x02, 0x00, 0x02, 0x00, 0x02, 0x00, 0x02, 0x00, 0x02, 0x00,
    0x02, 0x00, 0x02, 0x00, 0x02, 0x00, 0x02, 0x00, 0x02, 0x00, 0x23, 0x00, 0x65, 0x08, 0x02, 0x00,
    0x02, 0x00, 0x02, 0x00, 0x02, 0x00, 0x02, 0x00, 0x02, 0x00, 0x02, 0x00, 0x02, 0x00, 0x02, 0x00,
    0x02, 0x00, 0x02, 0x00, 0x43, 0x08, 0x65, 0x08, 0x02, 0x00, 0x02, 0x00, 0x02, 0x00, 0x02, 0x00,
    0x02, 0x00, 0x02, 0x00, 0x02, 0x00, 0x02, 0x00, 0x02, 0x00, 0x02, 0x00, 0x02, 0x00, 0x43, 0x08,
    0x65, 0x08, 0x02, 0x00, 0x02, 0x00, 0x02, 0x00, 0x02, 0x00, 0x02, 0x00, 0x02, 0x00, 0x02, 0x00,
    0x02, 0x00, 0x02, 0x00, 0x02, 0x00, 0x02, 0x00, 0x23, 0x00, 0x66, 0x08, 0x43, 0x08, 0x23, 0x00,
    0x43, 0x08, 0x23, 0x00, 0x44, 0x08, 0x44, 0x08, 0x44, 0x08, 0x44, 0x08, 0x65, 0x08, 0x65, 0x08,
    0x65, 0x08, 0x65, 0x08, 0xa7, 0x10, 0x87, 0x10, 0x65, 0x08, 0x65, 0x08, 0x65, 0x08, 0x65, 0x08,
    0x44, 0x08, 0x44, 0x08, 0x64, 0x08, 0x44, 0x08, 0x44, 0x08, 0x43, 0x08, 0x43, 0x08, 0x44, 0x08,
    0x66, 0x08, 0x23, 0x08, 0x22, 0x00, 0x22, 0x00, 0x22, 0x00, 0x22, 0x00, 0x22, 0x00, 0x22, 0x00,
    0x22, 0x00, 0x22, 0x00, 0x22, 0x00, 0x22, 0x00, 0x22, 0x00, 0x44, 0x08, 0x65, 0x08, 0x22, 0x00,
    0x22, 0x00, 0x22, 0x00, 0x22, 0x00, 0x22, 0x00, 0x22, 0x00, 0x22, 0x00, 0x22, 0x00, 0x22, 0x00,
    0x22, 0x00, 0x22, 0x00, 0x22, 0x00, 0x44, 0x08, 0x44, 0x08, 0x22, 0x00, 0x22, 0x00, 0x22, 0x00,
    0x22, 0x00, 0x22, 0x00, 0x22, 0x00, 0x22, 0x00, 0x22, 0x00, 0x22, 0x00, 0x22, 0x00, 0x22, 0x00,
    0x22, 0x00, 0x44, 0x08, 0x44, 0x08, 0x02, 0x00, 0x02, 0x00, 0x02, 0x00, 0x22, 0x00, 0x02, 0x00,
    0x02, 0x00, 0x02, 0x00, 0x02, 0x00, 0x02, 0x00, 0x02, 0x00, 0x02, 0x00, 0x02, 0x00, 0x43, 0x08,
    0x44, 0x08, 0x02, 0x00, 0x02, 0x00, 0x01, 0x00, 0x01, 0x00, 0x01, 0x00, 0x01, 0x00, 0x01, 0x00,
    0x01, 0x00, 0x01, 0x00, 0x01, 0x00, 0x01, 0x00, 0x01, 0x00, 0x22, 0x00, 0x44, 0x08, 0x22, 0x00,
    0x01, 0x00, 0x01, 0x00, 0x01, 0x00, 0x01, 0x00, 0x01, 0x00, 0x01, 0x00, 0x01, 0x00, 0x01, 0x00,
    0x01, 0x00, 0x01, 0x00, 0x01, 0x00, 0x01, 0x00, 0x22, 0x00, 0x43, 0x08, 0x01, 0x00, 0x01, 0x00,
    0x23, 0x00, 0x22, 0x00, 0x01, 0x00, 0x01, 0x00, 0x01, 0x00, 0x01, 0x00, 0x01, 0x00, 0x01, 0x00,
    0x01, 0x00, 0x01, 0x00, 0x01, 0x00, 0x43, 0x08, 0x22, 0x00, 0x01, 0x00, 0x01, 0x00, 0x01, 0x00,
    0x01, 0x00, 0x01, 0x00, 0x01, 0x00, 0x01, 0x00, 0x01, 0x00, 0x01, 0x00, 0x23, 0x00, 0x22, 0x00,
    0x01, 0x00, 0x01, 0x00, 0x01, 0x00, 0x01, 0x00, 0x01, 0x00, 0x01, 0x00, 0x01, 0x00, 0x01, 0x00,
    0x01, 0x00, 0x23, 0x00, 0x23, 0x08, 0x01, 0x00, 0x01, 0x00, 0x22, 0x00, 0x22, 0x00, 0x22, 0x00,
    0x22, 0x00, 0x23, 0x00, 0x23, 0x00, 0x43, 0x08, 0x44, 0x08, 0x86, 0x08, 0x44, 0x08, 0x44, 0x08,
    0x64, 0x08, 0x64, 0x08, 0x44, 0x08, 0x44, 0x08, 0x44, 0x08, 0x44, 0x08, 0x43, 0x08, 0x43, 0x08,
    0x64, 0x08, 0x44, 0x08, 0x22, 0x00, 0x22, 0x00, 0x22, 0x00, 0x02, 0x00, 0x01, 0x00, 0x01, 0x00,
    0x01, 0x00, 0x02, 0x00, 0x01, 0x00, 0x02, 0x00, 0x65, 0x08, 0x02, 0x00, 0x01, 0x00, 0x02, 0x00,
    0x01, 0x00, 0x02, 0x00, 0x01, 0x00, 0x02, 0x00, 0x01, 0x00, 0x02, 0x00, 0x01, 0x00, 0x23, 0x00,
    0x44, 0x08, 0x02, 0x00, 0x01, 0x00, 0x02, 0x00, 0x01, 0x00, 0x02, 0x00, 0x01, 0x00, 0x02, 0x00,
    0x01, 0x00, 0x02, 0x00, 0x01, 0x00, 0x43, 0x08, 0x44, 0x08, 0x02, 0x00, 0x02, 0x00, 0x02, 0x00,
    0x02, 0x00, 0x02, 0x00, 0x02, 0x00, 0x02, 0x00, 0x02, 0x00, 0x02, 0x00, 0x02, 0x00, 0x43, 0x08,
    0x44, 0x08, 0x02, 0x00, 0x02, 0x00, 0x02, 0x00, 0x02, 0x00, 0x02, 0x00, 0x02, 0x00, 0x02, 0x00,
    0x02, 0x00, 0x02, 0x00, 0x02, 0x00, 0x23, 0x00, 0x65, 0x08, 0x02, 0x00, 0x02, 0x00, 0x02, 0x00,
    0x02, 0x00, 0x02, 0x00, 0x02, 0x00, 0x02, 0x00, 0x02, 0x00, 0x02, 0x00, 0x02, 0x00, 0x02, 0x00,
    0x65, 0x08, 0x23, 0x00, 0x02, 0x00, 0x02, 0x00, 0x02, 0x00, 0x02, 0x00, 0x02, 0x00, 0x02, 0x00,
    0x02, 0x00, 0x02, 0x00, 0x02, 0x00, 0x02, 0x00, 0x44, 0x08, 0x44, 0x08, 0x02, 0x00, 0x02, 0x00,
    0x02, 0x00, 0x02, 0x00, 0x02, 0x00, 0x02, 0x00, 0x02, 0x00, 0x02, 0x00, 0x02, 0x00, 0x02, 0x00,
    0x02, 0x00, 0x65, 0x08, 0x23, 0x00, 0x02, 0x00, 0x02, 0x00, 0x02, 0x00, 0x02, 0x00, 0x02, 0x00,
    0x02, 0x00, 0x02, 0x00, 0x02, 0x00, 0x02, 0x00, 0x02, 0x00, 0x23, 0x00, 0x65, 0x08, 0x22, 0x00,
    0x02, 0x00, 0x02, 0x00, 0x02, 0x00, 0x02, 0x00, 0x02, 0x00, 0x02, 0x00, 0x02, 0x00, 0x02, 0x00,
    0x02, 0x00, 0x02, 0x00, 0x23, 0x00, 0x65, 0x08, 0x02, 0x00, 0x02, 0x00, 0x02, 0x00, 0x02, 0x00,
    0x02, 0x00, 0x02, 0x00, 0x02, 0x00, 0x02, 0x00, 0x02, 0x00, 0x02, 0x00, 0x02, 0x00, 0x44, 0x08,
    0x65, 0x08, 0x23, 0x00, 0x23, 0x00, 0x43, 0x08, 0x44, 0x08, 0x44, 0x08, 0x44, 0x08, 0x64, 0x08,
    0x44, 0x08, 0x65, 0x08, 0x65, 0x08, 0x85, 0x08, 0x86, 0x08, 0xc8, 0x10, 0x66, 0x08, 0x65, 0x08,
    0x65, 0x08, 0x65, 0x08, 0x44, 0x08, 0x44, 0x08, 0x44, 0x08, 0x44, 0x08, 0x43, 0x08, 0x44, 0x08,
    0x23, 0x00, 0x43, 0x08, 0x65, 0x08, 0x64, 0x08, 0x02, 0x00, 0x23, 0x00, 0x02, 0x00, 0x23, 0x00,
    0x02, 0x00, 0x22, 0x00, 0x02, 0x00, 0x22, 0x00, 0x22, 0x00, 0x23, 0x00, 0x22, 0x00, 0x43, 0x08,
    0x66, 0x08, 0x43, 0x08, 0x22, 0x00, 0x22, 0x00, 0x22, 0x00, 0x22, 0x00, 0x22, 0x00, 0x22, 0x00,
    0x22, 0x00, 0x23, 0x00, 0x22, 0x00, 0x23, 0x00, 0x22, 0x00, 0x44, 0x08, 0x65, 0x08, 0x23, 0x00,
    0x22, 0x00, 0x23, 0x00, 0x22, 0x00, 0x23, 0x00, 0x22, 0x00, 0x22, 0x00, 0x22, 0x00, 0x22, 0x00,
    0x22, 0x00, 0x22, 0x00, 0x22, 0x00, 0x64, 0x08, 0x44, 0x08, 0x22, 0x00, 0x22, 0x00, 0x22, 0x00,
    0x22, 0x00, 0x22, 0x00, 0x22, 0x00, 0x22, 0x00, 0x22, 0x00, 0x22, 0x00, 0x22, 0x00, 0x22, 0x00,
    0x02, 0x00, 0x44, 0x08, 0x44, 0x08, 0x22, 0x00, 0x02, 0x00, 0x22, 0x00, 0x02, 0x00, 0x22, 0x00,
    0x02, 0x00, 0x22, 0x00, 0x02, 0x00, 0x22, 0x00, 0x02, 0x00, 0x22, 0x00, 0x02, 0x00, 0x43, 0x08,
    0x64, 0x08, 0x22, 0x00, 0x02, 0x00, 0x02, 0x00, 0x01, 0x00, 0x02, 0x00, 0x01, 0x00, 0x02, 0x00,
    0x01, 0x00, 0x01, 0x00, 0x01, 0x00, 0x01, 0x00, 0x01, 0x00, 0x02, 0x00, 0x44, 0x08, 0x23, 0x00,
    0x01, 0x00, 0x01, 0x00, 0x01, 0x00, 0x01, 0x00, 0x01, 0x00, 0x01, 0x00, 0x01, 0x00, 0x01, 0x00,
    0x01, 0x00, 0x01, 0x00, 0x01, 0x00, 0x01, 0x00, 0x22, 0x00, 0x44, 0x08, 0x22, 0x00, 0x01, 0x00,
    0x43, 0x08, 0x01, 0x00, 0x01, 0x00, 0x01, 0x00, 0x01, 0x00, 0x01, 0x00, 0x01, 0x00, 0x01, 0x00,
    0x01, 0x00, 0x01, 0x00, 0x01, 0x00, 0x43, 0x08, 0x01, 0x00, 0x01, 0x00, 0x01, 0x00, 0x01, 0x00,
    0x01, 0x00, 0x01, 0x00, 0x01, 0x00, 0x01, 0x00, 0x01, 0x00, 0x01, 0x00, 0x43, 0x08, 0x22, 0x00,
    0x21, 0x00, 0x22, 0x00, 0x22, 0x00, 0x22, 0x00, 0x23, 0x00, 0x43, 0x00, 0x43, 0x08, 0x43, 0x08,
    0x43, 0x08, 0x65, 0x08, 0x65, 0x08, 0x64, 0x08, 0x64, 0x08, 0x44, 0x08, 0x44, 0x08, 0x43, 0x08,
    0x43, 0x08, 0x43, 0x08, 0x23, 0x00, 0x23, 0x00, 0x43, 0x08, 0x64, 0x08, 0x22, 0x00, 0x22, 0x00,
    0x01, 0x00, 0x01, 0x00, 0x01, 0x00, 0x01, 0x00, 0x01, 0x00, 0x01, 0x00, 0x01, 0x00, 0x01, 0x00,
    0x44, 0x08, 0x23, 0x00, 0x01, 0x00, 0x01, 0x00, 0x01, 0x00, 0x01, 0x00, 0x01, 0x00, 0x01, 0x00,
    0x01, 0x00, 0x01, 0x00, 0x01, 0x00, 0x22, 0x00, 0x65, 0x08, 0x01, 0x00, 0x01, 0x00, 0x01, 0x00,
    0x01, 0x00, 0x01, 0x00, 0x01, 0x00, 0x01, 0x00, 0x02, 0x00, 0x01, 0x00, 0x02, 0x00, 0x23, 0x00,
    0x44, 0x08, 0x01, 0x00, 0x01, 0x00, 0x01, 0x00, 0x02, 0x00, 0x01, 0x00, 0x01, 0x00, 0x01, 0x00,
    0x01, 0x00, 0x01, 0x00, 0x01, 0x00, 0x43, 0x08, 0x44, 0x08, 0x02, 0x00, 0x02, 0x00, 0x02, 0x00,
    0x02, 0x00, 0x02, 0x00, 0x02, 0x00, 0x02, 0x00, 0x02, 0x00, 0x02, 0x00, 0x02, 0x00, 0x43, 0x08,
    0x44, 0x08, 0x02, 0x00, 0x02, 0x00, 0x02, 0x00, 0x02, 0x00, 0x02, 0x00, 0x02, 0x00, 0x02, 0x00,
    0x02, 0x00, 0x02, 0x00, 0x02, 0x00, 0x23, 0x00, 0x64, 0x08, 0x02, 0x00, 0x02, 0x00, 0x02, 0x00,
    0x02, 0x00, 0x02, 0x00, 0x02, 0x00, 0x02, 0x00, 0x02, 0x00, 0x02, 0x00, 0x02, 0x00, 0x02, 0x00,
    0x65, 0x08, 0x22, 0x00, 0x02, 0x00, 0x02, 0x00, 0x02, 0x00, 0x02, 0x00, 0x02, 0x00, 0x02, 0x00,
    0x02, 0x00, 0x02, 0x00, 0x02, 0x00, 0x02, 0x00, 0x44, 0x08, 0x44, 0x08, 0x02, 0x00, 0x02, 0x00,
    0x02, 0x00, 0x02, 0x00, 0x02, 0x00, 0x02, 0x00, 0x02, 0x00, 0x02, 0x00, 0x02, 0x00, 0x02, 0x00,
    0x02, 0x00, 0x65, 0x08, 0x23, 0x00, 0x02, 0x00, 0x02, 0x00, 0x02, 0x00, 0x02, 0x00, 0x02, 0x00,
    0x02, 0x00, 0x02, 0x00, 0x02, 0x00, 0x02, 0x00, 0x02, 0x00, 0x23, 0x00, 0x65, 0x08, 0x02, 0x00,
    0x02, 0x00, 0x02, 0x00, 0x02, 0x00, 0x02, 0x00, 0x02, 0x00, 0x02, 0x00, 0x02, 0x00, 0x02, 0x00,
    0x22, 0x00, 0x22, 0x00, 0x44, 0x08, 0x66, 0x08, 0x43, 0x08, 0x23, 0x08, 0x44, 0x08, 0x44, 0x08,
    0x44, 0x08, 0x44, 0x08, 0x65, 0x08, 0x65, 0x08, 0x65, 0x08, 0x65, 0x08, 0x65, 0x08, 0x86, 0x08,
    0xa7, 0x10, 0x65, 0x08, 0x64, 0x08, 0x44, 0x08, 0x44, 0x08, 0x44, 0x08, 0x44, 0x08, 0x23, 0x08,
    0x43, 0x08, 0x23, 0x00, 0x23, 0x08, 0x22, 0x00, 0x23, 0x00, 0x65, 0x08, 0x23, 0x08, 0x02, 0x00,
    0x22, 0x00, 0x02, 0x00, 0x22, 0x00, 0x02, 0x00, 0x22, 0x00, 0x02, 0x00, 0x22, 0x00, 0x02, 0x00,
    0x22, 0x00, 0x22, 0x00, 0x64, 0x08, 0x44, 0x08, 0x22, 0x00, 0x22, 0x00, 0x22, 0x00, 0x22, 0x00,
    0x22, 0x00, 0x22, 0x00, 0x22, 0x00, 0x22, 0x00, 0x22, 0x00, 0x22, 0x00, 0x22, 0x00, 0x23, 0x00,
    0x85, 0x08, 0x23, 0x08, 0x22, 0x00, 0x22, 0x00, 0x23, 0x00, 0x22, 0x00, 0x22, 0x00, 0x22, 0x00,
    0x22, 0x00, 0x22, 0x00, 0x22, 0x00, 0x22, 0x00, 0x22, 0x00, 0x43, 0x08, 0x65, 0x08, 0x22, 0x00,
    0x22, 0x00, 0x22, 0x00, 0x22, 0x00, 0x22, 0x00, 0x22, 0x00, 0x22, 0x00, 0x22, 0x00, 0x22, 0x00,
    0x22, 0x00, 0x22, 0x00, 0x22, 0x00, 0x44, 0x08, 0x65, 0x08, 0x22, 0x00, 0x22, 0x00, 0x22, 0x00,
    0x22, 0x00, 0x22, 0x00, 0x22, 0x00, 0x22, 0x00, 0x22, 0x00, 0x22, 0x00, 0x22, 0x00, 0x22, 0x00,
    0x22, 0x00, 0x43, 0x08, 0x65, 0x08, 0x22, 0x00, 0x22, 0x00, 0x22, 0x00, 0x22, 0x00, 0x22, 0x00,
    0x22, 0x00, 0x22, 0x00, 0x22, 0x00, 0x02, 0x00, 0x22, 0x00, 0x02, 0x00, 0x02, 0x00, 0x22, 0x00,
    0x65, 0x08, 0x22, 0x00, 0x02, 0x00, 0x02, 0x00, 0x02, 0x00, 0x01, 0x00, 0x01, 0x00, 0x01, 0x00,
    0x01, 0x00, 0x01, 0x00, 0x01, 0x00, 0x01, 0x00, 0x01, 0x00, 0x01, 0x00, 0x43, 0x08, 0x23, 0x00,
    0x01, 0x00, 0x01, 0x00, 0x01, 0x00, 0x01, 0x00, 0x01, 0x00, 0x01, 0x00, 0x01, 0x00, 0x01, 0x00,
    0x01, 0x00, 0x01, 0x00, 0x01, 0x00, 0x01, 0x00, 0x22, 0x00, 0x44, 0x08, 0x22, 0x00, 0x01, 0x00,
    0x43, 0x08, 0x01, 0x00, 0x01, 0x00, 0x01, 0x00, 0x01, 0x00, 0x01, 0x00, 0x01, 0x00, 0x01, 0x00,
    0x01, 0x00, 0x01, 0x00, 0x02, 0x00, 0x64, 0x08, 0x22, 0x00, 0x22, 0x00, 0x22, 0x00, 0x23, 0x00,
    0x23, 0x00, 0x43, 0x08, 0x43, 0x00, 0x44, 0x08, 0x44, 0x08, 0x44, 0x08, 0x86, 0x08, 0x44, 0x08,
    0x44, 0x08, 0x43, 0x08, 0x23, 0x00, 0x43, 0x08, 0x23, 0x00, 0x23, 0x00, 0x22, 0x00, 0x22, 0x00,
    0x22, 0x00, 0x44, 0x08, 0x22, 0x00, 0x01, 0x00, 0x01, 0x00, 0x01, 0x00, 0x01, 0x00, 0x01, 0x00,
    0x01, 0x00, 0x01, 0x00, 0x01, 0x00, 0x01, 0x00, 0x22, 0x00, 0x44, 0x08, 0x01, 0x00, 0x01, 0x00,
    0x01, 0x00, 0x01, 0x00, 0x01, 0x00, 0x01, 0x00, 0x01, 0x00, 0x01, 0x00, 0x01, 0x00, 0x01, 0x00,
    0x44, 0x08, 0x22, 0x00, 0x01, 0x00, 0x01, 0x00, 0x01, 0x00, 0x02, 0x00, 0x01, 0x00, 0x02, 0x00,
    0x01, 0x00, 0x02, 0x00, 0x01, 0x00, 0x22, 0x00, 0x64, 0x08, 0x02, 0x00, 0x01, 0x00, 0x02, 0x00,
    0x01, 0x00, 0x02, 0x00, 0x01, 0x00, 0x02, 0x00, 0x01, 0x00, 0x02, 0x00, 0x01, 0x00, 0x43, 0x08,
    0x44, 0x08, 0x02, 0x00, 0x01, 0x00, 0x02, 0x00, 0x01, 0x00, 0x02, 0x00, 0x02, 0x00, 0x02, 0x00,
    0x01, 0x00, 0x02, 0x00, 0x02, 0x00, 0x44, 0x08, 0x44, 0x08, 0x02, 0x00, 0x02, 0x00, 0x02, 0x00,
    0x02, 0x00, 0x02, 0x00, 0x02, 0x00, 0x02, 0x00, 0x02, 0x00, 0x02, 0x00, 0x02, 0x00, 0x44, 0x08,
    0x44, 0x08, 0x02, 0x00, 0x02, 0x00, 0x02, 0x00, 0x02, 0x00, 0x02, 0x00, 0x02, 0x00, 0x02, 0x00,
    0x02, 0x00, 0x02, 0x00, 0x02, 0x00, 0x43, 0x08, 0x64, 0x08, 0x02, 0x00, 0x02, 0x00, 0x02, 0x00,
    0x02, 0x00, 0x02, 0x00, 0x02, 0x00, 0x02, 0x00, 0x02, 0x00, 0x02, 0x00, 0x02, 0x00, 0x22, 0x00,
    0x65, 0x08, 0x22, 0x00, 0x02, 0x00, 0x02, 0x00, 0x02, 0x00, 0x02, 0x00, 0x02, 0x00, 0x02, 0x00,
    0x02, 0x00, 0x02, 0x00, 0x02, 0x00, 0x02, 0x00, 0x44, 0x08, 0x44, 0x08, 0x02, 0x00, 0x22, 0x00,
    0x02, 0x00, 0x22, 0x00, 0x02, 0x00, 0x22, 0x00, 0x02, 0x00, 0x22, 0x00, 0x02, 0x00, 0x22, 0x00,
    0x02, 0x00, 0x65, 0x08, 0x23, 0x00, 0x22, 0x00, 0x02, 0x00, 0x22, 0x00, 0x02, 0x00, 0x22, 0x00,
    0x02, 0x00, 0x22, 0x00, 0x23, 0x00, 0x23, 0x08, 0x23, 0x00, 0x44, 0x08, 0x86, 0x10, 0x44, 0x08,
    0x44, 0x08, 0x44, 0x08, 0x64, 0x08, 0x65, 0x08, 0x65, 0x08, 0x65, 0x08, 0x65, 0x08, 0x86, 0x10,
    0x65, 0x08, 0x65, 0x08, 0x86, 0x08, 0xa7, 0x10, 0x44, 0x08, 0x44, 0x08, 0x44, 0x08, 0x44, 0x08,
    0x23, 0x08, 0x43, 0x08, 0x23, 0x00, 0x23, 0x00, 0x22, 0x00, 0x22, 0x00, 0x02, 0x00, 0x23, 0x00,
    0x65, 0x08, 0x22, 0x00, 0x02, 0x00, 0x22, 0x00, 0x02, 0x00, 0x22, 0x00, 0x02, 0x00, 0x22, 0x00,
    0x02, 0x00, 0x22, 0x00, 0x02, 0x00, 0x22, 0x00, 0x22, 0x00, 0x65, 0x08, 0x23, 0x00, 0x23, 0x00,
    0x02, 0x00, 0x22, 0x00, 0x02, 0x00, 0x23, 0x00, 0x02, 0x00, 0x23, 0x00, 0x02, 0x00, 0x23, 0x00,
    0x02, 0x00, 0x23, 0x00, 0x44, 0x08, 0x65, 0x08, 0x22, 0x00, 0x23, 0x00, 0x22, 0x00, 0x23, 0x00,
    0x22, 0x00, 0x23, 0x00, 0x22, 0x00, 0x23, 0x00, 0x22, 0x00, 0x23, 0x00, 0x23, 0x00, 0x23, 0x08,
    0x65, 0x08, 0x44, 0x08, 0x23, 0x00, 0x23, 0x00, 0x23, 0x00, 0x23, 0x00, 0x23, 0x00, 0x23, 0x08,
    0x22, 0x00, 0x23, 0x00, 0x23, 0x00, 0x23, 0x08, 0x22, 0x00, 0x44, 0x08, 0x66, 0x08, 0x43, 0x08,
    0x22, 0x00, 0x23, 0x00, 0x23, 0x00, 0x23, 0x08, 0x22, 0x00, 0x23, 0x00, 0x22, 0x00, 0x23, 0x08,
    0x22, 0x00, 0x23, 0x00, 0x22, 0x00, 0x44, 0x08, 0x65, 0x08, 0x23, 0x00, 0x22, 0x00, 0x23, 0x00,
    0x22, 0x00, 0x23, 0x00, 0x22, 0x00, 0x23, 0x00, 0x22, 0x00, 0x22, 0x00, 0x22, 0x00, 0x22, 0x00,
    0x22, 0x00, 0x43, 0x08, 0x65, 0x08, 0x23, 0x08, 0x22, 0x00, 0x22, 0x00, 0x22, 0x00, 0x22, 0x00,
    0x22, 0x00, 0x22, 0x00, 0x22, 0x00, 0x22, 0x00, 0x02, 0x00, 0x22, 0x00, 0x02, 0x00, 0x22, 0x00,
    0x64, 0x08, 0x43, 0x08, 0x02, 0x00, 0x22, 0x00, 0x02, 0x00, 0x02, 0x00, 0x02, 0x00, 0x02, 0x00,
    0x01, 0x00, 0x02, 0x00, 0x01, 0x00, 0x02, 0x00, 0x01, 0x00, 0x01, 0x00, 0x23, 0x00, 0x44, 0x08,
    0x01, 0x00, 0x01, 0x00, 0x01, 0x00, 0x01, 0x00, 0x01, 0x00, 0x01, 0x00, 0x01, 0x00, 0x01, 0x00,
    0x01, 0x00, 0x01, 0x00, 0x01, 0x00, 0x01, 0x00, 0x01, 0x00, 0x43, 0x08, 0x22, 0x00, 0x01, 0x00,
    0x64, 0x08, 0x22, 0x00, 0x23, 0x00, 0x43, 0x00, 0x43, 0x00, 0x43, 0x08, 0x43, 0x08, 0x44, 0x08,
    0x44, 0x08, 0x43, 0x08, 0x44, 0x08, 0x65, 0x08, 0x43, 0x00, 0x23, 0x00, 0x23, 0x00, 0x22, 0x00,
    0x22, 0x00, 0x22, 0x00, 0x22, 0x00, 0x02, 0x00, 0x01, 0x00, 0x01, 0x00, 0x44, 0x08, 0x01, 0x00,
    0x01, 0x00, 0x01, 0x00, 0x01, 0x00, 0x01, 0x00, 0x01, 0x00, 0x01, 0x00, 0x01, 0x00, 0x01, 0x00,
    0x01, 0x00, 0x44, 0x08, 0x22, 0x00, 0x01, 0x00, 0x01, 0x00, 0x01, 0x00, 0x01, 0x00, 0x01, 0x00,
    0x01, 0x00, 0x01, 0x00, 0x01, 0x00, 0x01, 0x00, 0x23, 0x00, 0x43, 0x08, 0x01, 0x00, 0x01, 0x00,
    0x01, 0x00, 0x01, 0x00, 0x01, 0x00, 0x01, 0x00, 0x01, 0x00, 0x01, 0x00, 0x01, 0x00, 0x01, 0x00,
    0x65, 0x08, 0x22, 0x00, 0x02, 0x00, 0x02, 0x00, 0x02, 0x00, 0x01, 0x00, 0x02, 0x00, 0x01, 0x00,
    0x02, 0x00, 0x01, 0x00, 0x02, 0x00, 0x23, 0x00, 0x44, 0x08, 0x01, 0x00, 0x02, 0x00, 0x01, 0x00,
    0x01, 0x00, 0x01, 0x00, 0x02, 0x00, 0x02, 0x00, 0x02, 0x00, 0x01, 0x00, 0x02, 0x00, 0x43, 0x08,
    0x43, 0x08, 0x02, 0x00, 0x02, 0x00, 0x02, 0x00, 0x02, 0x00, 0x02, 0x00, 0x02, 0x00, 0x02, 0x00,
    0x02, 0x00, 0x02, 0x00, 0x02, 0x00, 0x44, 0x08, 0x43, 0x08, 0x02, 0x00, 0x02, 0x00, 0x02, 0x00,
    0x02, 0x00, 0x02, 0x00, 0x02, 0x00, 0x02, 0x00, 0x02, 0x00, 0x02, 0x00, 0x02, 0x00, 0x44, 0x08,
    0x43, 0x08, 0x02, 0x00, 0x02, 0x00, 0x02, 0x00, 0x02, 0x00, 0x02, 0x00, 0x02, 0x00, 0x02, 0x00,
    0x02, 0x00, 0x02, 0x00, 0x02, 0x00, 0x23, 0x08, 0x44, 0x08, 0x02, 0x00, 0x02, 0x00, 0x02, 0x00,
    0x02, 0x00, 0x02, 0x00, 0x02, 0x00, 0x02, 0x00, 0x02, 0x00, 0x02, 0x00, 0x02, 0x00, 0x22, 0x00,
    0x66, 0x08, 0x22, 0x00, 0x02, 0x00, 0x02, 0x00, 0x02, 0x00, 0x02, 0x00, 0x22, 0x00, 0x02, 0x00,
    0x22, 0x00, 0x02, 0x00, 0x22, 0x00, 0x02, 0x00, 0x44, 0x08, 0x44, 0x08, 0x22, 0x00, 0x02, 0x00,
    0x22, 0x00, 0x02, 0x00, 0x22, 0x00, 0x22, 0x00, 0x23, 0x00, 0x23, 0x00, 0x43, 0x08, 0x43, 0x08,
    0x44, 0x08, 0x87, 0x10, 0x65, 0x08, 0x64, 0x08, 0x65, 0x08, 0x65, 0x08, 0x65, 0x08, 0x65, 0x08,
    0x86, 0x08, 0x65, 0x08, 0x85, 0x08, 0x65, 0x08, 0x65, 0x08, 0x65, 0x08, 0xa7, 0x10, 0x64, 0x08,
    0x44, 0x08, 0x44, 0x08, 0x43, 0x08, 0x43, 0x08, 0x23, 0x08, 0x23, 0x00, 0x22, 0x00, 0x22, 0x00,
    0x22, 0x00, 0x02, 0x00, 0x43, 0x08, 0x65, 0x08, 0x22, 0x00, 0x02, 0x00, 0x22, 0x00, 0x22, 0x00,
    0x22, 0x00, 0x02, 0x00, 0x22, 0x00, 0x22, 0x00, 0x22, 0x00, 0x02, 0x00, 0x02, 0x00, 0x23, 0x00,
    0x65, 0x08, 0x23, 0x00, 0x22, 0x00, 0x02, 0x00, 0x22, 0x00, 0x02, 0x00, 0x22, 0x00, 0x22, 0x00,
    0x22, 0x00, 0x02, 0x00, 0x22, 0x00, 0x22, 0x00, 0x22, 0x00, 0x65, 0x08, 0x44, 0x08, 0x22, 0x00,
    0x22, 0x00, 0x02, 0x00, 0x23, 0x00, 0x23, 0x00, 0x23, 0x00, 0x22, 0x00, 0x23, 0x00, 0x23, 0x00,
    0x23, 0x00, 0x23, 0x00, 0x64, 0x08, 0x65, 0x08, 0x23, 0x00, 0x23, 0x00, 0x23, 0x00, 0x23, 0x00,
    0x23, 0x00, 0x23, 0x00, 0x23, 0x00, 0x23, 0x00, 0x23, 0x00, 0x23, 0x00, 0x23, 0x00, 0x23, 0x00,
    0x85, 0x08, 0x44, 0x08, 0x23, 0x00, 0x23, 0x00, 0x23, 0x00, 0x23, 0x00, 0x23, 0x08, 0x23, 0x00,
    0x23, 0x00, 0x23, 0x00, 0x23, 0x08, 0x23, 0x00, 0x23, 0x00, 0x43, 0x08, 0x86, 0x10, 0x43, 0x08,
    0x23, 0x00, 0x23, 0x00, 0x23, 0x08, 0x23, 0x00, 0x23, 0x00, 0x23, 0x00, 0x23, 0x08, 0x23, 0x00,
    0x23, 0x00, 0x22, 0x00, 0x23, 0x08, 0x44, 0x08, 0x65, 0x08, 0x23, 0x00, 0x23, 0x00, 0x22, 0x00,
    0x23, 0x00, 0x22, 0x00, 0x23, 0x00, 0x22, 0x00, 0x22, 0x00, 0x22, 0x00, 0x23, 0x00, 0x22, 0x00,
    0x22, 0x00, 0x23, 0x08, 0x65, 0x08, 0x23, 0x08, 0x22, 0x00, 0x22, 0x00, 0x22, 0x00, 0x22, 0x00,
    0x22, 0x00, 0x22, 0x00, 0x22, 0x00, 0x22, 0x00, 0x22, 0x00, 0x22, 0x00, 0x22, 0x00, 0x22, 0x00,
    0x64, 0x08, 0x43, 0x08, 0x22, 0x00, 0x02, 0x00, 0x02, 0x00, 0x02, 0x00, 0x02, 0x00, 0x02, 0x00,
    0x02, 0x00, 0x02, 0x00, 0x02, 0x00, 0x01, 0x00, 0x01, 0x00, 0x01, 0x00, 0x23, 0x00, 0x44, 0x08,
    0x02, 0x00, 0x01, 0x00, 0x01, 0x00, 0x01, 0x00, 0x01, 0x00, 0x01, 0x00, 0x01, 0x00, 0x01, 0x00,
    0x01, 0x00, 0x01, 0x00, 0x01, 0x00, 0x01, 0x00, 0x01, 0x00, 0x43, 0x08, 0x23, 0x00, 0x01, 0x00,
    0x44, 0x08, 0x22, 0x00, 0x22, 0x00, 0x22, 0x00, 0x01, 0x00, 0x02, 0x00, 0x01, 0x00, 0x01, 0x00,
    0x01, 0x00, 0x01, 0x00, 0x22, 0x00, 0x43, 0x08, 0x01, 0x00, 0x01, 0x00, 0x01, 0x00, 0x01, 0x00,
    0x01, 0x00, 0x01, 0x00, 0x01, 0x00, 0x01, 0x00, 0x01, 0x00, 0x22, 0x00, 0x43, 0x08, 0x01, 0x00,
    0x01, 0x00, 0x01, 0x00, 0x01, 0x00, 0x01, 0x00, 0x01, 0x00, 0x01, 0x00, 0x01, 0x00, 0x01, 0x00,
    0x01, 0x00, 0x64, 0x08, 0x01, 0x00, 0x01, 0x00, 0x01, 0x00, 0x01, 0x00, 0x01, 0x00, 0x01, 0x00,
    0x01, 0x00, 0x01, 0x00, 0x01, 0x00, 0x01, 0x00, 0x43, 0x00, 0x23, 0x00, 0x01, 0x00, 0x01, 0x00,
    0x01, 0x00, 0x01, 0x00, 0x01, 0x00, 0x01, 0x00, 0x01, 0x00, 0x01, 0x00, 0x01, 0x00, 0x22, 0x00,
    0x64, 0x08, 0x02, 0x00, 0x01, 0x00, 0x01, 0x00, 0x01, 0x00, 0x02, 0x00, 0x01, 0x00, 0x02, 0x00,
    0x01, 0x00, 0x02, 0x00, 0x01, 0x00, 0x23, 0x08, 0x44, 0x08, 0x02, 0x00, 0x01, 0x00, 0x02, 0x00,
    0x01, 0x00, 0x02, 0x00, 0x01, 0x00, 0x02, 0x00, 0x01, 0x00, 0x02, 0x00, 0x01, 0x00, 0x44, 0x08,
    0x43, 0x08, 0x02, 0x00, 0x01, 0x00, 0x02, 0x00, 0x02, 0x00, 0x02, 0x00, 0x02, 0x00, 0x02, 0x00,
    0x02, 0x00, 0x02, 0x00, 0x02, 0x00, 0x64, 0x08, 0x23, 0x08, 0x02, 0x00, 0x02, 0x00, 0x02, 0x00,
    0x02, 0x00, 0x02, 0x00, 0x02, 0x00, 0x02, 0x00, 0x02, 0x00, 0x02, 0x00, 0x02, 0x00, 0x44, 0x08,
    0x43, 0x08, 0x02, 0x00, 0x02, 0x00, 0x02, 0x00, 0x02, 0x00, 0x02, 0x00, 0x02, 0x00, 0x02, 0x00,
    0x02, 0x00, 0x02, 0x00, 0x02, 0x00, 0x43, 0x08, 0x44, 0x08, 0x02, 0x00, 0x02, 0x00, 0x02, 0x00,
    0x02, 0x00, 0x02, 0x00, 0x02, 0x00, 0x02, 0x00, 0x02, 0x00, 0x22, 0x00, 0x02, 0x00, 0x22, 0x00,
    0x65, 0x08, 0x22, 0x00, 0x02, 0x00, 0x22, 0x00, 0x22, 0x00, 0x23, 0x00, 0x23, 0x00, 0x43, 0x08,
    0x43, 0x08, 0x43, 0x08, 0x44, 0x08, 0x44, 0x08, 0x86, 0x10, 0x86, 0x10, 0x64, 0x08, 0x65, 0x08,
    0x65, 0x08, 0x85, 0x08, 0x65, 0x08, 0x85, 0x08, 0x65, 0x08, 0x65, 0x08, 0x64, 0x08, 0x64, 0x08,
    0x44, 0x08, 0xa7, 0x10, 0x44, 0x08, 0x43, 0x08, 0x43, 0x08, 0x23, 0x08, 0x23, 0x00, 0x22, 0x00,
    0x22, 0x00, 0x22, 0x00, 0x02, 0x00, 0x22, 0x00, 0x02, 0x00, 0x23, 0x08, 0x65, 0x08, 0x22, 0x00,
    0x02, 0x00, 0x22, 0x00, 0x02, 0x00, 0x22, 0x00, 0x02, 0x00, 0x22, 0x00, 0x02, 0x00, 0x22, 0x00,
    0x02, 0x00, 0x22, 0x00, 0x23, 0x00, 0x65, 0x08, 0x22, 0x00, 0x22, 0x00, 0x02, 0x00, 0x22, 0x00,
    0x02, 0x00, 0x22, 0x00, 0x02, 0x00, 0x22, 0x00, 0x02, 0x00, 0x22, 0x00, 0x02, 0x00, 0x43, 0x08,
    0x66, 0x08, 0x43, 0x08, 0x02, 0x00, 0x22, 0x00, 0x02, 0x00, 0x22, 0x00, 0x02, 0x00, 0x22, 0x00,
    0x02, 0x00, 0x22, 0x00, 0x02, 0x00, 0x22, 0x00, 0x02, 0x00, 0x65, 0x08, 0x44, 0x08, 0x22, 0x00,
    0x02, 0x00, 0x23, 0x00, 0x22, 0x00, 0x23, 0x00, 0x22, 0x00, 0x23, 0x00, 0x22, 0x00, 0x23, 0x00,
    0x22, 0x00, 0x23, 0x00, 0x44, 0x08, 0x85, 0x08, 0x22, 0x00, 0x23, 0x00, 0x22, 0x00, 0x23, 0x00,
    0x22, 0x00, 0x23, 0x08, 0x22, 0x00, 0x23, 0x08, 0x22, 0x00, 0x23, 0x08, 0x22, 0x00, 0x23, 0x08,
    0x65, 0x08, 0x64, 0x08, 0x22, 0x00, 0x23, 0x08, 0x23, 0x00, 0x23, 0x08, 0x23, 0x00, 0x23, 0x08,
    0x23, 0x00, 0x23, 0x08, 0x23, 0x00, 0x23, 0x08, 0x23, 0x00, 0x43, 0x08, 0x86, 0x08, 0x44, 0x08,
    0x22, 0x00, 0x23, 0x08, 0x22, 0x00, 0x23, 0x08, 0x22, 0x00, 0x23, 0x08, 0x22, 0x00, 0x23, 0x08,
    0x22, 0x00, 0x23, 0x08, 0x22, 0x00, 0x44, 0x08, 0x86, 0x08, 0x43, 0x08, 0x22, 0x00, 0x23, 0x00,
    0x22, 0x00, 0x23, 0x00, 0x22, 0x00, 0x23, 0x00, 0x22, 0x00, 0x23, 0x00, 0x22, 0x00, 0x22, 0x00,
    0x22, 0x00, 0x23, 0x08, 0x65, 0x08, 0x43, 0x08, 0x22, 0x00, 0x22, 0x00, 0x22, 0x00, 0x22, 0x00,
    0x22, 0x00, 0x22, 0x00, 0x22, 0x00, 0x22, 0x00, 0x22, 0x00, 0x22, 0x00, 0x22, 0x00, 0x22, 0x00,
    0x44, 0x08, 0x44, 0x08, 0x02, 0x00, 0x22, 0x00, 0x02, 0x00, 0x22, 0x00, 0x02, 0x00, 0x22, 0x00,
    0x02, 0x00, 0x22, 0x00, 0x02, 0x00, 0x02, 0x00, 0x01, 0x00, 0x02, 0x00, 0x22, 0x00, 0x64, 0x08,
    0x22, 0x00, 0x02, 0x00, 0x01, 0x00, 0x02, 0x00, 0x02, 0x00, 0x22, 0x00, 0x22, 0x00, 0x22, 0x00,
    0x22, 0x00, 0x22, 0x00, 0x23, 0x00, 0x23, 0x00, 0x23, 0x00, 0x64, 0x08, 0x65, 0x08, 0x43, 0x08,
    0x22, 0x00, 0x01, 0x00, 0x01, 0x00, 0x01, 0x00, 0x01, 0x00, 0x01, 0x00, 0x01, 0x00, 0x01, 0x00,
    0x01, 0x00, 0x01, 0x00, 0x23, 0x00, 0x22, 0x00, 0x01, 0x00, 0x01, 0x00, 0x01, 0x00, 0x01, 0x00,
    0x01, 0x00, 0x01, 0x00, 0x01, 0x00, 0x01, 0x00, 0x01, 0x00, 0x22, 0x00, 0x43, 0x08, 0x01, 0x00,
    0x01, 0x00, 0x01, 0x00, 0x01, 0x00, 0x01, 0x00, 0x01, 0x00, 0x01, 0x00, 0x01, 0x00, 0x01, 0x00,
    0x22, 0x00, 0x44, 0x08, 0x01, 0x00, 0x01, 0x00, 0x01, 0x00, 0x01, 0x00, 0x01, 0x00, 0x01, 0x00,
    0x01, 0x00, 0x01, 0x00, 0x01, 0x00, 0x01, 0x00, 0x44, 0x08, 0x23, 0x00, 0x01, 0x00, 0x01, 0x00,
    0x01, 0x00, 0x01, 0x00, 0x01, 0x00, 0x01, 0x00, 0x01, 0x00, 0x01, 0x00, 0x02, 0x00, 0x22, 0x00,
    0x44, 0x08, 0x01, 0x00, 0x02, 0x00, 0x01, 0x00, 0x02, 0x00, 0x01, 0x00, 0x02, 0x00, 0x01, 0x00,
    0x02, 0x00, 0x01, 0x00, 0x02, 0x00, 0x43, 0x08, 0x44, 0x08, 0x01, 0x00, 0x02, 0x00, 0x01, 0x00,
    0x02, 0x00, 0x02, 0x00, 0x02, 0x00, 0x02, 0x00, 0x02, 0x00, 0x02, 0x00, 0x02, 0x00, 0x44, 0x08,
    0x23, 0x00, 0x02, 0x00, 0x02, 0x00, 0x02, 0x00, 0x02, 0x00, 0x02, 0x00, 0x02, 0x00, 0x02, 0x00,
    0x02, 0x00, 0x02, 0x00, 0x02, 0x00, 0x64, 0x08, 0x23, 0x00, 0x02, 0x00, 0x02, 0x00, 0x02, 0x00,
    0x02, 0x00, 0x02, 0x00, 0x02, 0x00, 0x02, 0x00, 0x02, 0x00, 0x02, 0x00, 0x02, 0x00, 0x44, 0x08,
    0x43, 0x08, 0x02, 0x00, 0x02, 0x00, 0x02, 0x00, 0x02, 0x00, 0x02, 0x00, 0x02, 0x00, 0x02, 0x00,
    0x02, 0x00, 0x02, 0x00, 0x02, 0x00, 0x44, 0x08, 0x44, 0x08, 0x02, 0x00, 0x22, 0x00, 0x23, 0x00,
    0x23, 0x08, 0x23, 0x00, 0x43, 0x08, 0x44, 0x08, 0x44, 0x08, 0x44, 0x08, 0x64, 0x08, 0x65, 0x08,
    0xa8, 0x10, 0x65, 0x08, 0x85, 0x08, 0x66, 0x08, 0x85, 0x08, 0x65, 0x08, 0x65, 0x08, 0x65, 0x08,
    0x65, 0x08, 0x44, 0x08, 0x44, 0x08, 0x44, 0x08, 0x85, 0x08, 0x65, 0x08, 0x43, 0x08, 0x23, 0x00,
    0x23, 0x00, 0x22, 0x00, 0x22, 0x00, 0x02, 0x00, 0x22, 0x00, 0x02, 0x00, 0x22, 0x00, 0x02, 0x00,
    0x22, 0x00, 0x65, 0x08, 0x23, 0x08, 0x02, 0x00, 0x22, 0x00, 0x02, 0x00, 0x22, 0x00, 0x02, 0x00,
    0x22, 0x00, 0x22, 0x00, 0x22, 0x00, 0x02, 0x00, 0x22, 0x00, 0x23, 0x08, 0x86, 0x08, 0x22, 0x00,
    0x22, 0x00, 0x22, 0x00, 0x22, 0x00, 0x02, 0x00, 0x22, 0x00, 0x22, 0x00, 0x22, 0x00, 0x02, 0x00,
    0x22, 0x00, 0x22, 0x00, 0x23, 0x08, 0x65, 0x08, 0x22, 0x00, 0x22, 0x00, 0x22, 0x00, 0x02, 0x00,
    0x22, 0x00, 0x22, 0x00, 0x22, 0x00, 0x02, 0x00, 0x22, 0x00, 0x22, 0x00, 0x22, 0x00, 0x23, 0x00,
    0x86, 0x10, 0x43, 0x08, 0x22, 0x00, 0x22, 0x00, 0x22, 0x00, 0x22, 0x00, 0x22, 0x00, 0x22, 0x00,
    0x23, 0x00, 0x22, 0x00, 0x22, 0x00, 0x22, 0x00, 0x23, 0x00, 0x65, 0x08, 0x44, 0x08, 0x23, 0x00,
    0x23, 0x00, 0x23, 0x00, 0x23, 0x00, 0x23, 0x00, 0x23, 0x00, 0x23, 0x00, 0x23, 0x00, 0x23, 0x00,
    0x23, 0x00, 0x23, 0x00, 0x44, 0x08, 0x66, 0x08, 0x23, 0x00, 0x23, 0x00, 0x23, 0x00, 0x23, 0x00,
    0x23, 0x08, 0x23, 0x00, 0x23, 0x08, 0x23, 0x00, 0x23, 0x08, 0x23, 0x00, 0x23, 0x08, 0x23, 0x00,
    0x85, 0x08, 0x64, 0x08, 0x23, 0x08, 0x23, 0x00, 0x23, 0x08, 0x23, 0x00, 0x23, 0x08, 0x23, 0x00,
    0x23, 0x08, 0x23, 0x00, 0x23, 0x08, 0x23, 0x00, 0x23, 0x08, 0x23, 0x08, 0x86, 0x08, 0x44, 0x08,
    0x23, 0x08, 0x23, 0x00, 0x23, 0x08, 0x23, 0x00, 0x23, 0x08, 0x23, 0x00, 0x23, 0x08, 0x23, 0x00,
    0x23, 0x08, 0x23, 0x00, 0x23, 0x08, 0x43, 0x08, 0x86, 0x10, 0x44, 0x08, 0x23, 0x00, 0x23, 0x00,
    0x23, 0x00, 0x23, 0x00, 0x23, 0x00, 0x22, 0x00, 0x23, 0x00, 0x23, 0x00, 0x23, 0x00, 0x22, 0x00,
    0x23, 0x00, 0x23, 0x00, 0x65, 0x08, 0x44, 0x08, 0x22, 0x00, 0x22, 0x00, 0x22, 0x00, 0x22, 0x00,
    0x22, 0x00, 0x22, 0x00, 0x22, 0x00, 0x22, 0x00, 0x22, 0x00, 0x22, 0x00, 0x22, 0x00, 0x22, 0x00,
    0x44, 0x08, 0x44, 0x08, 0x22, 0x00, 0x22, 0x00, 0x22, 0x00, 0x22, 0x00, 0x23, 0x00, 0x23, 0x00,
    0x43, 0x08, 0x23, 0x08, 0x43, 0x08, 0x43, 0x08, 0x43, 0x08, 0x43, 0x08, 0x44, 0x08, 0x86, 0x08,
    0x65, 0x08, 0x44, 0x08, 0x64, 0x08, 0x44, 0x08, 0x64, 0x08, 0x44, 0x08, 0x44, 0x08, 0x44, 0x08,
    0x43, 0x08, 0x43, 0x08, 0x43, 0x08, 0x23, 0x00, 0x23, 0x00, 0x44, 0x08, 0x64, 0x08, 0x22, 0x00,
    0x02, 0x00, 0x01, 0x00, 0x01, 0x00, 0x01, 0x00, 0x01, 0x00, 0x01, 0x00, 0x01, 0x00, 0x01, 0x00,
    0x01, 0x00, 0x01, 0x00, 0x43, 0x00, 0x22, 0x00, 0x01, 0x00, 0x01, 0x00, 0x01, 0x00, 0x01, 0x00,
    0x01, 0x00, 0x01, 0x00, 0x01, 0x00, 0x01, 0x00, 0x01, 0x00, 0x43, 0x08, 0x23, 0x00, 0x01, 0x00,
    0x01, 0x00, 0x01, 0x00, 0x01, 0x00, 0x01, 0x00, 0x01, 0x00, 0x01, 0x00, 0x01, 0x00, 0x01, 0x00,
    0x22, 0x00, 0x44, 0x08, 0x01, 0x00, 0x01, 0x00, 0x01, 0x00, 0x01, 0x00, 0x01, 0x00, 0x01, 0x00,
    0x01, 0x00, 0x01, 0x00, 0x01, 0x00, 0x01, 0x00, 0x44, 0x08, 0x22, 0x00, 0x01, 0x00, 0x01, 0x00,
    0x01, 0x00, 0x01, 0x00, 0x01, 0x00, 0x01, 0x00, 0x01, 0x00, 0x02, 0x00, 0x01, 0x00, 0x23, 0x00,
    0x44, 0x08, 0x02, 0x00, 0x01, 0x00, 0x02, 0x00, 0x01, 0x00, 0x02, 0x00, 0x01, 0x00, 0x02, 0x00,
    0x01, 0x00, 0x02, 0x00, 0x01, 0x00, 0x44, 0x08, 0x43, 0x08, 0x02, 0x00, 0x01, 0x00, 0x02, 0x00,
    0x01, 0x00, 0x02, 0x00, 0x01, 0x00, 0x02, 0x00, 0x01, 0x00, 0x02, 0x00, 0x02, 0x00, 0x64, 0x08,
    0x23, 0x00, 0x02, 0x00, 0x02, 0x00, 0x02, 0x00, 0x02, 0x00, 0x02, 0x00, 0x02, 0x00, 0x02, 0x00,
    0x02, 0x00, 0x02, 0x00, 0x02, 0x00, 0x65, 0x08, 0x23, 0x00, 0x02, 0x00, 0x02, 0x00, 0x02, 0x00,
    0x02, 0x00, 0x02, 0x00, 0x02, 0x00, 0x02, 0x00, 0x02, 0x00, 0x02, 0x00, 0x02, 0x00, 0x65, 0x08,
    0x43, 0x08, 0x23, 0x00, 0x23, 0x00, 0x43, 0x08, 0x23, 0x08, 0x44, 0x08, 0x44, 0x08, 0x44, 0x08,
    0x44, 0x08, 0x65, 0x08, 0x65, 0x08, 0xa7, 0x10, 0xa7, 0x10, 0x86, 0x08, 0x65, 0x08, 0x65, 0x08,
    0x65, 0x08, 0x65, 0x08, 0x44, 0x08, 0x44, 0x08, 0x44, 0x08, 0x44, 0x08, 0x43, 0x08, 0x44, 0x08,
    0x86, 0x10, 0x23, 0x08, 0x22, 0x00, 0x22, 0x00, 0x02, 0x00, 0x22, 0x00, 0x02, 0x00, 0x22, 0x00,
    0x02, 0x00, 0x22, 0x00, 0x02, 0x00, 0x22, 0x00, 0x44, 0x08, 0x44, 0x08, 0x02, 0x00, 0x22, 0x00,
    0x02, 0x00, 0x22, 0x00, 0x02, 0x00, 0x22, 0x00, 0x02, 0x00, 0x22, 0x00, 0x02, 0x00, 0x22, 0x00,
    0x22, 0x00, 0x65, 0x08, 0x23, 0x00, 0x22, 0x00, 0x02, 0x00, 0x22, 0x00, 0x02, 0x00, 0x22, 0x00,
    0x02, 0x00, 0x22, 0x00, 0x02, 0x00, 0x22, 0x00, 0x02, 0x00, 0x23, 0x08, 0x66, 0x08, 0x22, 0x00,
    0x02, 0x00, 0x22, 0x00, 0x02, 0x00, 0x22, 0x00, 0x02, 0x00, 0x22, 0x00, 0x02, 0x00, 0x22, 0x00,
    0x02, 0x00, 0x22, 0x00, 0x23, 0x00, 0x86, 0x08, 0x22, 0x00, 0x22, 0x00, 0x02, 0x00, 0x22, 0x00,
    0x02, 0x00, 0x22, 0x00, 0x02, 0x00, 0x22, 0x00, 0x02, 0x00, 0x22, 0x00, 0x02, 0x00, 0x23, 0x08,
    0x66, 0x08, 0x43, 0x08, 0x22, 0x00, 0x23, 0x00, 0x22, 0x00, 0x23, 0x00, 0x23, 0x00, 0x23, 0x00,
    0x22, 0x00, 0x23, 0x00, 0x23, 0x00, 0x23, 0x08, 0x23, 0x00, 0x65, 0x08, 0x44, 0x08, 0x23, 0x00,
    0x23, 0x00, 0x23, 0x00, 0x23, 0x00, 0x23, 0x00, 0x23, 0x00, 0x23, 0x00, 0x23, 0x00, 0x23, 0x08,
    0x23, 0x00, 0x23, 0x08, 0x44, 0x08, 0x86, 0x10, 0x23, 0x00, 0x23, 0x08, 0x23, 0x00, 0x23, 0x08,
    0x23, 0x00, 0x23, 0x08, 0x23, 0x00, 0x23, 0x08, 0x23, 0x00, 0x23, 0x08, 0x23, 0x00, 0x23, 0x08,
    0x65, 0x08, 0x65, 0x08, 0x23, 0x00, 0x23, 0x08, 0x23, 0x00, 0x23, 0x08, 0x23, 0x00, 0x23, 0x08,
    0x23, 0x00, 0x23, 0x08, 0x23, 0x00, 0x23, 0x08, 0x23, 0x00, 0x23, 0x08, 0x66, 0x08, 0x65, 0x08,
    0x23, 0x00, 0x23, 0x08, 0x23, 0x00, 0x23, 0x08, 0x23, 0x00, 0x23, 0x08, 0x23, 0x00, 0x43, 0x08,
    0x23, 0x00, 0x23, 0x08, 0x23, 0x00, 0x43, 0x08, 0x65, 0x08, 0x44, 0x08, 0x23, 0x00, 0x23, 0x08,
    0x23, 0x00, 0x23, 0x00, 0x23, 0x00, 0x23, 0x08, 0x23, 0x00, 0x23, 0x00, 0x23, 0x00, 0x23, 0x00,
    0x22, 0x00, 0x23, 0x00, 0x65, 0x08, 0x64, 0x08, 0x23, 0x00, 0x43, 0x08, 0x23, 0x08, 0x43, 0x08,
    0x43, 0x08, 0x44, 0x08, 0x44, 0x08, 0x44, 0x08, 0x44, 0x08, 0x44, 0x08, 0x44, 0x08, 0x65, 0x08,
    0x65, 0x08, 0x86, 0x10, 0x65, 0x08, 0x65, 0x08, 0x65, 0x08, 0x65, 0x08, 0x65, 0x08, 0x64, 0x08,
    0x44, 0x08, 0x44, 0x08, 0x44, 0x08, 0x44, 0x08, 0x43, 0x08, 0x43, 0x08, 0x23, 0x00, 0x65, 0x08,
    0x43, 0x08, 0x22, 0x00, 0x22, 0x00, 0x22, 0x00, 0x02, 0x00, 0x02, 0x00, 0x01, 0x00, 0x02, 0x00,
    0x01, 0x00, 0x01, 0x00, 0x01, 0x00, 0x01, 0x00, 0x01, 0x00, 0x22, 0x00, 0x44, 0x08, 0x22, 0x00,
    0x01, 0x00, 0x01, 0x00, 0x01, 0x00, 0x01, 0x00, 0x01, 0x00, 0x01, 0x00, 0x01, 0x00, 0x01, 0x00,
    0x01, 0x00, 0x01, 0x00, 0x44, 0x08, 0x01, 0x00, 0x01, 0x00, 0x01, 0x00, 0x01, 0x00, 0x01, 0x00,
    0x01, 0x00, 0x01, 0x00, 0x01, 0x00, 0x01, 0x00, 0x01, 0x00, 0x43, 0x08, 0x22, 0x00, 0x01, 0x00,
    0x01, 0x00, 0x01, 0x00, 0x01, 0x00, 0x01, 0x00, 0x01, 0x00, 0x01, 0x00, 0x01, 0x00, 0x01, 0x00,
    0x23, 0x00, 0x43, 0x08, 0x01, 0x00, 0x01, 0x00, 0x01, 0x00, 0x01, 0x00, 0x01, 0x00, 0x01, 0x00,
    0x01, 0x00, 0x01, 0x00, 0x01, 0x00, 0x01, 0x00, 0x64, 0x08, 0x21, 0x00, 0x01, 0x00, 0x01, 0x00,
    0x01, 0x00, 0x01, 0x00, 0x01, 0x00, 0x01, 0x00, 0x01, 0x00, 0x01, 0x00, 0x01, 0x00, 0x23, 0x08,
    0x44, 0x08, 0x01, 0x00, 0x01, 0x00, 0x01, 0x00, 0x01, 0x00, 0x01, 0x00, 0x02, 0x00, 0x01, 0x00,
    0x01, 0x00, 0x01, 0x00, 0x02, 0x00, 0x44, 0x08, 0x23, 0x00, 0x01, 0x00, 0x02, 0x00, 0x01, 0x00,
    0x01, 0x00, 0x01, 0x00, 0x02, 0x00, 0x02, 0x00, 0x02, 0x00, 0x02, 0x00, 0x02, 0x00, 0x65, 0x08,
    0x22, 0x00, 0x02, 0x00, 0x02, 0x00, 0x02, 0x00, 0x02, 0x00, 0x02, 0x00, 0x02, 0x00, 0x02, 0x00,
    0x02, 0x00, 0x22, 0x00, 0x22, 0x00, 0x86, 0x08, 0x43, 0x08, 0x23, 0x08, 0x43, 0x08, 0x43, 0x08,
    0x44, 0x08, 0x44, 0x08, 0x64, 0x08, 0x65, 0x08, 0x65, 0x08, 0x65, 0x08, 0x85, 0x08, 0xa7, 0x10,
    0x86, 0x08, 0x65, 0x08, 0x64, 0x08, 0x44, 0x08, 0x44, 0x08, 0x44, 0x08, 0x44, 0x08, 0x43, 0x08,
    0x43, 0x08, 0x23, 0x00, 0x23, 0x08, 0x64, 0x08, 0x44, 0x08, 0x02, 0x00, 0x22, 0x00, 0x02, 0x00,
    0x02, 0x00, 0x02, 0x00, 0x22, 0x00, 0x02, 0x00, 0x22, 0x00, 0x02, 0x00, 0x22, 0x00, 0x23, 0x08,
    0x65, 0x08, 0x02, 0x00, 0x22, 0x00, 0x02, 0x00, 0x22, 0x00, 0x02, 0x00, 0x22, 0x00, 0x22, 0x00,
    0x22, 0x00, 0x02, 0x00, 0x22, 0x00, 0x22, 0x00, 0x64, 0x08, 0x44, 0x08, 0x22, 0x00, 0x22, 0x00,
    0x22, 0x00, 0x02, 0x00, 0x22, 0x00, 0x22, 0x00, 0x22, 0x00, 0x02, 0x00, 0x22, 0x00, 0x22, 0x00,
    0x22, 0x00, 0x65, 0x08, 0x23, 0x08, 0x22, 0x00, 0x22, 0x00, 0x02, 0x00, 0x22, 0x00, 0x22, 0x00,
    0x22, 0x00, 0x02, 0x00, 0x22, 0x00, 0x22, 0x00, 0x22, 0x00, 0x23, 0x00, 0x85, 0x08, 0x22, 0x00,
    0x22, 0x00, 0x02, 0x00, 0x22, 0x00, 0x22, 0x00, 0x22, 0x00, 0x02, 0x00, 0x22, 0x00, 0x22, 0x00,
    0x22, 0x00, 0x02, 0x00, 0x23, 0x08, 0x85, 0x08, 0x22, 0x00, 0x02, 0x00, 0x22, 0x00, 0x22, 0x00,
    0x22, 0x00, 0x02, 0x00, 0x22, 0x00, 0x22, 0x00, 0x22, 0x00, 0x22, 0x00, 0x22, 0x00, 0x23, 0x00,
    0x86, 0x10, 0x23, 0x08, 0x22, 0x00, 0x22, 0x00, 0x22, 0x00, 0x22, 0x00, 0x23, 0x00, 0x23, 0x00,
    0x23, 0x00, 0x23, 0x00, 0x23, 0x00, 0x23, 0x00, 0x23, 0x00, 0x65, 0x08, 0x65, 0x08, 0x23, 0x08,
    0x23, 0x08, 0x23, 0x00, 0x23, 0x08, 0x23, 0x00, 0x23, 0x00, 0x23, 0x00, 0x23, 0x08, 0x23, 0x00,
    0x23, 0x00, 0x23, 0x00, 0x44, 0x08, 0x86, 0x10, 0x43, 0x08, 0x23, 0x00, 0x23, 0x08, 0x23, 0x00,
    0x23, 0x00, 0x23, 0x00, 0x23, 0x08, 0x23, 0x00, 0x23, 0x08, 0x23, 0x00, 0x23, 0x08, 0x23, 0x00,
    0x65, 0x08, 0x65, 0x08, 0x23, 0x08, 0x23, 0x00, 0x23, 0x08, 0x23, 0x00, 0x23, 0x08, 0x23, 0x08,
    0x23, 0x08, 0x23, 0x00, 0x23, 0x08, 0x23, 0x00, 0x23, 0x08, 0x23, 0x00, 0x65, 0x08, 0x65, 0x08,
    0x23, 0x00, 0x23, 0x00, 0x43, 0x08, 0x23, 0x00, 0x23, 0x08, 0x23, 0x00, 0x43, 0x08, 0x23, 0x00,
    0x23, 0x00, 0x23, 0x00, 0x23, 0x08, 0x23, 0x00, 0x65, 0x08, 0x65, 0x08, 0x43, 0x08, 0x43, 0x08,
    0x44, 0x08, 0x44, 0x08, 0x44, 0x08, 0x44, 0x08, 0x64, 0x08, 0x64, 0x08, 0x65, 0x08, 0x65, 0x08,
    0x65, 0x08, 0x65, 0x08, 0xa7, 0x10, 0x87, 0x10, 0x65, 0x08, 0x65, 0x08, 0x65, 0x08, 0x65, 0x08,
    0x65, 0x08, 0x64, 0x08, 0x44, 0x08, 0x44, 0x08, 0x44, 0x08, 0x44, 0x08, 0x44, 0x08, 0x43, 0x08,
    0x44, 0x08, 0x65, 0x08, 0x43, 0x08, 0x23, 0x00, 0x22, 0x00, 0x22, 0x00, 0x22, 0x00, 0x22, 0x00,
    0x22, 0x00, 0x22, 0x00, 0x22, 0x00, 0x22, 0x00, 0x22, 0x00, 0x02, 0x00, 0x02, 0x00, 0x44, 0x08,
    0x43, 0x08, 0x01, 0x00, 0x02, 0x00, 0x01, 0x00, 0x01, 0x00, 0x01, 0x00, 0x01, 0x00, 0x01, 0x00,
    0x01, 0x00, 0x01, 0x00, 0x01, 0x00, 0x01, 0x00, 0x01, 0x00, 0x22, 0x00, 0x44, 0x08, 0x22, 0x00,
    0x01, 0x00, 0x01, 0x00, 0x01, 0x00, 0x01, 0x00, 0x01, 0x00, 0x01, 0x00, 0x01, 0x00, 0x01, 0x00,
    0x01, 0x00, 0x01, 0x00, 0x44, 0x08, 0x01, 0x00, 0x01, 0x00, 0x01, 0x00, 0x01, 0x00, 0x01, 0x00,
    0x01, 0x00, 0x01, 0x00, 0x01, 0x00, 0x01, 0x00, 0x01, 0x00, 0x44, 0x08, 0x22, 0x00, 0x01, 0x00,
    0x01, 0x00, 0x01, 0x00, 0x01, 0x00, 0x01, 0x00, 0x01, 0x00, 0x01, 0x00, 0x01, 0x00, 0x01, 0x00,
    0x23, 0x00, 0x23, 0x00, 0x01, 0x00, 0x01, 0x00, 0x01, 0x00, 0x01, 0x00, 0x01, 0x00, 0x01, 0x00,
    0x01, 0x00, 0x01, 0x00, 0x01, 0x00, 0x22, 0x00, 0x64, 0x08, 0x01, 0x00, 0x01, 0x00, 0x01, 0x00,
    0x01, 0x00, 0x02, 0x00, 0x01, 0x00, 0x02, 0x00, 0x01, 0x00, 0x02, 0x00, 0x01, 0x00, 0x43, 0x08,
    0x43, 0x08, 0x02, 0x00, 0x01, 0x00, 0x02, 0x00, 0x01, 0x00, 0x02, 0x00, 0x01, 0x00, 0x02, 0x00,
    0x01, 0x00, 0x02, 0x00, 0x01, 0x00, 0x64, 0x08, 0x23, 0x00, 0x02, 0x00, 0x01, 0x00, 0x02, 0x00,
    0x01, 0x00, 0x02, 0x00, 0x02, 0x00, 0x22, 0x00, 0x22, 0x00, 0x23, 0x00, 0x23, 0x08, 0x86, 0x10,
    0x44, 0x08, 0x44, 0x08, 0x44, 0x08, 0x64, 0x08, 0x64, 0x08, 0x65, 0x08, 0x65, 0x08, 0x65, 0x08,
    0x65, 0x08, 0x65, 0x08, 0x65, 0x08, 0xa7, 0x10, 0x65, 0x08, 0x44, 0x08, 0x44, 0x08, 0x44, 0x08,
    0x23, 0x08, 0x43, 0x08, 0x23, 0x00, 0x23, 0x00, 0x22, 0x00, 0x22, 0x00, 0x02, 0x00, 0x65, 0x08,
    0x23, 0x00, 0x22, 0x00, 0x02, 0x00, 0x22, 0x00, 0x02, 0x00, 0x22, 0x00, 0x02, 0x00, 0x22, 0x00,
    0x02, 0x00, 0x22, 0x00, 0x02, 0x00, 0x64, 0x08, 0x44, 0x08, 0x22, 0x00, 0x02, 0x00, 0x22, 0x00,
    0x02, 0x00, 0x22, 0x00, 0x02, 0x00, 0x22, 0x00, 0x02, 0x00, 0x22, 0x00, 0x02, 0x00, 0x43, 0x08,
    0x65, 0x08, 0x22, 0x00, 0x02, 0x00, 0x22, 0x00, 0x02, 0x00, 0x22, 0x00, 0x02, 0x00, 0x22, 0x00,
    0x02, 0x00, 0x22, 0x00, 0x02, 0x00, 0x22, 0x00, 0x44, 0x08, 0x44, 0x08, 0x02, 0x00, 0x22, 0x00,
    0x02, 0x00, 0x22, 0x00, 0x02, 0x00, 0x22, 0x00, 0x02, 0x00, 0x22, 0x00, 0x02, 0x00, 0x22, 0x00,
    0x22, 0x00, 0x86, 0x08, 0x23, 0x00, 0x22, 0x00, 0x02, 0x00, 0x22, 0x00, 0x02, 0x00, 0x22, 0x00,
    0x02, 0x00, 0x22, 0x00, 0x02, 0x00, 0x22, 0x00, 0x02, 0x00, 0x23, 0x08, 0x65, 0x08, 0x23, 0x00,
    0x02, 0x00, 0x22, 0x00, 0x02, 0x00, 0x22, 0x00, 0x02, 0x00, 0x22, 0x00, 0x02, 0x00, 0x22, 0x00,
    0x02, 0x00, 0x22, 0x00, 0x23, 0x00, 0x86, 0x08, 0x23, 0x00, 0x22, 0x00, 0x02, 0x00, 0x22, 0x00,
    0x02, 0x00, 0x22, 0x00, 0x02, 0x00, 0x22, 0x00, 0x22, 0x00, 0x23, 0x00, 0x22, 0x00, 0x23, 0x08,
    0x66, 0x08, 0x44, 0x08, 0x23, 0x00, 0x23, 0x00, 0x23, 0x00, 0x23, 0x00, 0x23, 0x00, 0x23, 0x08,
    0x23, 0x00, 0x23, 0x08, 0x23, 0x00, 0x23, 0x08, 0x23, 0x00, 0x65, 0x08, 0x65, 0x08, 0x23, 0x08,
    0x23, 0x00, 0x23, 0x08, 0x23, 0x00, 0x23, 0x08, 0x23, 0x00, 0x43, 0x08, 0x23, 0x00, 0x23, 0x08,
    0x23, 0x00, 0x23, 0x08, 0x44, 0x08, 0x87, 0x10, 0x44, 0x08, 0x23, 0x08, 0x23, 0x00, 0x23, 0x08,
    0x23, 0x00, 0x23, 0x08, 0x23, 0x00, 0x23, 0x08, 0x23, 0x00, 0x44, 0x08, 0x23, 0x00, 0x44, 0x08,
    0x65, 0x08, 0x86, 0x08, 0x23, 0x00, 0x43, 0x08, 0x23, 0x08, 0x43, 0x08, 0x23, 0x08, 0x44, 0x08,
    0x23, 0x08, 0x44, 0x08, 0x23, 0x08, 0x44, 0x08, 0x23, 0x08, 0x44, 0x08, 0x86, 0x08, 0x86, 0x08,
    0x44, 0x08, 0x65, 0x08, 0x44, 0x08, 0x65, 0x08, 0x65, 0x08, 0x65, 0x08, 0x65, 0x08, 0x65, 0x08,
    0x65, 0x08, 0x86, 0x08, 0x66, 0x10, 0x86, 0x10, 0xa7, 0x10, 0xa8, 0x10, 0x86, 0x10, 0x86, 0x10,
    0x65, 0x08, 0x85, 0x08, 0x65, 0x08, 0x65, 0x08, 0x65, 0x08, 0x65, 0x08, 0x44, 0x08, 0x44, 0x08,
    0x44, 0x08, 0x44, 0x08, 0x65, 0x08, 0x66, 0x10, 0x23, 0x08, 0x23, 0x08, 0x23, 0x00, 0x23, 0x00,
    0x22, 0x00, 0x23, 0x00, 0x22, 0x00, 0x23, 0x00, 0x22, 0x00, 0x23, 0x00, 0x22, 0x00, 0x23, 0x00,
    0x23, 0x08, 0x65, 0x08, 0x23, 0x08, 0x22, 0x00, 0x22, 0x00, 0x22, 0x00, 0x22, 0x00, 0x22, 0x00,
    0x22, 0x00, 0x22, 0x00, 0x22, 0x00, 0x22, 0x00, 0x22, 0x00, 0x22, 0x00, 0x02, 0x00, 0x44, 0x08,
    0x44, 0x08, 0x02, 0x00, 0x02, 0x00, 0x02, 0x00, 0x02, 0x00, 0x02, 0x00, 0x01, 0x00, 0x02, 0x00,
    0x01, 0x00, 0x02, 0x00, 0x01, 0x00, 0x01, 0x00, 0x01, 0x00, 0x02, 0x00, 0x43, 0x08, 0x23, 0x00,
    0x01, 0x00, 0x01, 0x00, 0x01, 0x00, 0x01, 0x00, 0x01, 0x00, 0x01, 0x00, 0x01, 0x00, 0x01, 0x00,
    0x01, 0x00, 0x22, 0x00, 0x44, 0x08, 0x01, 0x00, 0x01, 0x00, 0x01, 0x00, 0x01, 0x00, 0x01, 0x00,
    0x01, 0x00, 0x01, 0x00, 0x01, 0x00, 0x01, 0x00, 0x01, 0x00, 0x64, 0x08, 0x01, 0x00, 0x01, 0x00,
    0x01, 0x00, 0x01, 0x00, 0x01, 0x00, 0x01, 0x00, 0x01, 0x00, 0x01, 0x00, 0x01, 0x00, 0x01, 0x00,
    0x44, 0x08, 0x23, 0x00, 0x01, 0x00, 0x01, 0x00, 0x01, 0x00, 0x01, 0x00, 0x01, 0x00, 0x01, 0x00,
    0x01, 0x00, 0x01, 0x00, 0x01, 0x00, 0x22, 0x00, 0x44, 0x08, 0x01, 0x00, 0x02, 0x00, 0x01, 0x00,
    0x02, 0x00, 0x01, 0x00, 0x02, 0x00, 0x01, 0x00, 0x02, 0x00, 0x01, 0x00, 0x02, 0x00, 0x44, 0x08,
    0x23, 0x08, 0x01, 0x00, 0x02, 0x00, 0x02, 0x00, 0x22, 0x00, 0x22, 0x00, 0x23, 0x00, 0x23, 0x00,
    0x23, 0x00, 0x43, 0x08, 0x43, 0x08, 0x86, 0x10, 0x65, 0x08, 0x44, 0x08, 0x64, 0x08, 0x65, 0x08,
    0x65, 0x08, 0x65, 0x08, 0x65, 0x08, 0x65, 0x08, 0x64, 0x08, 0x44, 0x08, 0x64, 0x08, 0x87, 0x10,
    0x44, 0x08, 0x43, 0x08, 0x23, 0x00, 0x23, 0x00, 0x23, 0x00, 0x22, 0x00, 0x22, 0x00, 0x02, 0x00,
    0x02, 0x00, 0x02, 0x00, 0x22, 0x00, 0x65, 0x08, 0x22, 0x00, 0x02, 0x00, 0x02, 0x00, 0x02, 0x00,
    0x02, 0x00, 0x02, 0x00, 0x02, 0x00, 0x02, 0x00, 0x02, 0x00, 0x02, 0x00, 0x22, 0x00, 0x65, 0x08,
    0x23, 0x08, 0x02, 0x00, 0x02, 0x00, 0x02, 0x00, 0x22, 0x00, 0x02, 0x00, 0x22, 0x00, 0x02, 0x00,
    0x22, 0x00, 0x02, 0x00, 0x22, 0x00, 0x44, 0x08, 0x44, 0x08, 0x02, 0x00, 0x22, 0x00, 0x02, 0x00,
    0x22, 0x00, 0x02, 0x00, 0x22, 0x00, 0x02, 0x00, 0x22, 0x00, 0x02, 0x00, 0x22, 0x00, 0x23, 0x00,
    0x65, 0x08, 0x02, 0x00, 0x22, 0x00, 0x02, 0x00, 0x22, 0x00, 0x22, 0x00, 0x22, 0x00, 0x02, 0x00,
    0x22, 0x00, 0x02, 0x00, 0x22, 0x00, 0x02, 0x00, 0x65, 0x08, 0x44, 0x08, 0x22, 0x00, 0x02, 0x00,
    0x22, 0x00, 0x22, 0x00, 0x22, 0x00, 0x02, 0x00, 0x22, 0x00, 0x22, 0x00, 0x22, 0x00, 0x22, 0x00,
    0x22, 0x00, 0x86, 0x08, 0x23, 0x08, 0x02, 0x00, 0x22, 0x00, 0x22, 0x00, 0x22, 0x00, 0x22, 0x00,
    0x22, 0x00, 0x22, 0x00, 0x22, 0x00, 0x22, 0x00, 0x22, 0x00, 0x23, 0x08, 0x85, 0x08, 0x23, 0x00,
    0x22, 0x00, 0x22, 0x00, 0x22, 0x00, 0x22, 0x00, 0x22, 0x00, 0x22, 0x00, 0x22, 0x00, 0x22, 0x00,
    0x22, 0x00, 0x22, 0x00, 0x23, 0x08, 0x86, 0x10, 0x23, 0x00, 0x22, 0x00, 0x22, 0x00, 0x22, 0x00,
    0x22, 0x00, 0x22, 0x00, 0x22, 0x00, 0x22, 0x00, 0x22, 0x00, 0x22, 0x00, 0x23, 0x00, 0x23, 0x00,
    0x86, 0x10, 0x44, 0x08, 0x23, 0x00, 0x23, 0x00, 0x23, 0x00, 0x23, 0x00, 0x23, 0x00, 0x23, 0x00,
    0x23, 0x08, 0x23, 0x08, 0x23, 0x08, 0x23, 0x08, 0x23, 0x08, 0x65, 0x08, 0x65, 0x08, 0x23, 0x08,
    0x23, 0x08, 0x23, 0x08, 0x23, 0x08, 0x23, 0x00, 0x43, 0x08, 0x23, 0x08, 0x43, 0x08, 0x23, 0x08,
    0x43, 0x08, 0x43, 0x08, 0x44, 0x08, 0x87, 0x10, 0x44, 0x08, 0x23, 0x08, 0x23, 0x08, 0x23, 0x08,
    0x23, 0x08, 0x23, 0x08, 0x23, 0x08, 0x23, 0x08, 0x43, 0x08, 0x44, 0x08, 0x44, 0x08, 0x44, 0x08,
    0x86, 0x08, 0x87, 0x10, 0x65, 0x08, 0x65, 0x08, 0x65, 0x08, 0x65, 0x08, 0x65, 0x10, 0x66, 0x08,
    0x86, 0x08, 0x86, 0x08, 0x86, 0x10, 0x86, 0x10, 0x87, 0x10, 0x87, 0x10, 0xa8, 0x10, 0xa8, 0x10,
    0x86, 0x10, 0x86, 0x08, 0x66, 0x08, 0x65, 0x08, 0x65, 0x08, 0x65, 0x08, 0x65, 0x08, 0x65, 0x08,
    0x65, 0x08, 0x44, 0x08, 0x44, 0x08, 0x44, 0x08, 0x65, 0x08, 0x65, 0x08, 0x43, 0x08, 0x23, 0x08,
    0x43, 0x08, 0x23, 0x08, 0x23, 0x08, 0x23, 0x08, 0x43, 0x08, 0x23, 0x08, 0x43, 0x08, 0x23, 0x00,
    0x23, 0x08, 0x23, 0x00, 0x44, 0x08, 0x65, 0x08, 0x23, 0x08, 0x23, 0x00, 0x23, 0x00, 0x23, 0x00,
    0x23, 0x00, 0x23, 0x00, 0x23, 0x00, 0x23, 0x00, 0x23, 0x00, 0x22, 0x00, 0x22, 0x00, 0x22, 0x00,
    0x23, 0x08, 0x65, 0x08, 0x43, 0x08, 0x22, 0x00, 0x22, 0x00, 0x22, 0x00, 0x22, 0x00, 0x22, 0x00,
    0x22, 0x00, 0x22, 0x00, 0x22, 0x00, 0x22, 0x00, 0x22, 0x00, 0x22, 0x00, 0x22, 0x00, 0x43, 0x08,
    0x44, 0x08, 0x22, 0x00, 0x02, 0x00, 0x02, 0x00, 0x02, 0x00, 0x02, 0x00, 0x02, 0x00, 0x02, 0x00,
    0x02, 0x00, 0x01, 0x00, 0x01, 0x00, 0x01, 0x00, 0x01, 0x00, 0x01, 0x00, 0x43, 0x08, 0x23, 0x08,
    0x01, 0x00, 0x01, 0x00, 0x01, 0x00, 0x01, 0x00, 0x01, 0x00, 0x01, 0x00, 0x01, 0x00, 0x01, 0x00,
    0x01, 0x00, 0x22, 0x00, 0x23, 0x00, 0x01, 0x00, 0x01, 0x00, 0x01, 0x00, 0x01, 0x00, 0x01, 0x00,
    0x01, 0x00, 0x01, 0x00, 0x01, 0x00, 0x01, 0x00, 0x22, 0x00, 0x44, 0x08, 0x01, 0x00, 0x01, 0x00,
    0x01, 0x00, 0x01, 0x00, 0x01, 0x00, 0x01, 0x00, 0x01, 0x00, 0x01, 0x00, 0x01, 0x00, 0x01, 0x00,
    0x44, 0x08, 0x22, 0x00, 0x01, 0x00, 0x01, 0x00, 0x01, 0x00, 0x01, 0x00, 0x01, 0x00, 0x01, 0x00,
    0x01, 0x00, 0x01, 0x00, 0x01, 0x00, 0x23, 0x00, 0x43, 0x08, 0x02, 0x00, 0x22, 0x00, 0x22, 0x00,
    0x22, 0x00, 0x23, 0x00, 0x43, 0x08, 0x43, 0x08, 0x43, 0x08, 0x44, 0x08, 0x44, 0x08, 0x86, 0x10,
    0x65, 0x08, 0x65, 0x08, 0x65, 0x08, 0x65, 0x08, 0x64, 0x08, 0x44, 0x08, 0x64, 0x08, 0x64, 0x08,
    0x43, 0x08, 0x43, 0x08, 0x43, 0x08, 0x86, 0x10, 0x23, 0x08, 0x23, 0x00, 0x22, 0x00, 0x22, 0x00,
    0x02, 0x00, 0x02, 0x00, 0x02, 0x00, 0x02, 0x00, 0x02, 0x00, 0x02, 0x00, 0x22, 0x00, 0x65, 0x08,
    0x02, 0x00, 0x02, 0x00, 0x02, 0x00, 0x02, 0x00, 0x02, 0x00, 0x02, 0x00, 0x02, 0x00, 0x02, 0x00,
    0x02, 0x00, 0x02, 0x00, 0x22, 0x00, 0x65, 0x08, 0x02, 0x00, 0x02, 0x00, 0x02, 0x00, 0x02, 0x00,
    0x02, 0x00, 0x02, 0x00, 0x02, 0x00, 0x22, 0x00, 0x02, 0x00, 0x22, 0x00, 0x22, 0x00, 0x85, 0x10,
    0x22, 0x00, 0x22, 0x00, 0x02, 0x00, 0x22, 0x00, 0x02, 0x00, 0x22, 0x00, 0x02, 0x00, 0x22, 0x00,
    0x02, 0x00, 0x22, 0x00, 0x02, 0x00, 0x65, 0x08, 0x43, 0x08, 0x22, 0x00, 0x02, 0x00, 0x22, 0x00,
    0x02, 0x00, 0x22, 0x00, 0x02, 0x00, 0x22, 0x00, 0x02, 0x00, 0x22, 0x00, 0x02, 0x00, 0x43, 0x08,
    0x65, 0x08, 0x22, 0x00, 0x02, 0x00, 0x22, 0x00, 0x02, 0x00, 0x22, 0x00, 0x02, 0x00, 0x22, 0x00,
    0x02, 0x00, 0x22, 0x00, 0x02, 0x00, 0x22, 0x00, 0x64, 0x08, 0x44, 0x08, 0x02, 0x00, 0x22, 0x00,
    0x02, 0x00, 0x22, 0x00, 0x02, 0x00, 0x22, 0x00, 0x02, 0x00, 0x22, 0x00, 0x02, 0x00, 0x22, 0x00,
    0x22, 0x00, 0x85, 0x08, 0x23, 0x00, 0x22, 0x00, 0x02, 0x00, 0x22, 0x00, 0x02, 0x00, 0x22, 0x00,
    0x02, 0x00, 0x22, 0x00, 0x02, 0x00, 0x22, 0x00, 0x02, 0x00, 0x23, 0x08, 0x66, 0x08, 0x23, 0x00,
    0x02, 0x00, 0x22, 0x00, 0x02, 0x00, 0x22, 0x00, 0x02, 0x00, 0x22, 0x00, 0x02, 0x00, 0x22, 0x00,
    0x02, 0x00, 0x22, 0x00, 0x23, 0x00, 0x86, 0x10, 0x23, 0x00, 0x22, 0x00, 0x02, 0x00, 0x22, 0x00,
    0x02, 0x00, 0x22, 0x00, 0x22, 0x00, 0x23, 0x00, 0x22, 0x00, 0x23, 0x00, 0x22, 0x00, 0x23, 0x00,
    0x65, 0x08, 0x44, 0x08, 0x23, 0x00, 0x23, 0x08, 0x23, 0x00, 0x23, 0x08, 0x23, 0x00, 0x23, 0x08,
    0x23, 0x00, 0x23, 0x08, 0x23, 0x00, 0x23, 0x08, 0x23, 0x00, 0x65, 0x08, 0x65, 0x08, 0x43, 0x08,
    0x23, 0x00, 0x43, 0x08, 0x23, 0x08, 0x43, 0x08, 0x23, 0x08, 0x43, 0x08, 0x43, 0x08, 0x44, 0x08,
    0x44, 0x08, 0x44, 0x08, 0x65, 0x08, 0xa8, 0x10, 0x86, 0x08, 0x65, 0x08, 0x65, 0x08, 0x85, 0x08,
    0x65, 0x08, 0x86, 0x10, 0x86, 0x08, 0x87, 0x10, 0x86, 0x10, 0x87, 0x10, 0x87, 0x10, 0x87, 0x10,
    0x87, 0x10, 0xc8, 0x10, 0x86, 0x08, 0x86, 0x10, 0x65, 0x08, 0x65, 0x10, 0x65, 0x08, 0x65, 0x08,
    0x64, 0x08, 0x64, 0x08, 0x44, 0x08, 0x64, 0x08, 0x44, 0x08, 0x44, 0x08, 0x65, 0x08, 0x86, 0x10,
    0x23, 0x00, 0x43, 0x08, 0x23, 0x08, 0x44, 0x08, 0x23, 0x00, 0x43, 0x08, 0x23, 0x08, 0x43, 0x08,
    0x23, 0x00, 0x43, 0x08, 0x23, 0x00, 0x43, 0x08, 0x64, 0x08, 0x86, 0x10, 0x23, 0x00, 0x43, 0x08,
    0x23, 0x00, 0x43, 0x08, 0x23, 0x00, 0x43, 0x08, 0x23, 0x00, 0x43, 0x08, 0x23, 0x00, 0x43, 0x08,
    0x23, 0x00, 0x23, 0x08, 0x44, 0x08, 0x86, 0x10, 0x43, 0x08, 0x23, 0x08, 0x22, 0x00, 0x23, 0x08,
    0x22, 0x00, 0x23, 0x08, 0x22, 0x00, 0x23, 0x08, 0x22, 0x00, 0x23, 0x00, 0x22, 0x00, 0x23, 0x00,
    0x22, 0x00, 0x65, 0x08, 0x44, 0x08, 0x22, 0x00, 0x22, 0x00, 0x22, 0x00, 0x22, 0x00, 0x22, 0x00,
    0x22, 0x00, 0x22, 0x00, 0x22, 0x00, 0x22, 0x00, 0x22, 0x00, 0x22, 0x00, 0x22, 0x00, 0x43, 0x08,
    0x64, 0x08, 0x22, 0x00, 0x02, 0x00, 0x22, 0x00, 0x02, 0x00, 0x02, 0x00, 0x01, 0x00, 0x22, 0x00,
    0x01, 0x00, 0x02, 0x00, 0x01, 0x00, 0x02, 0x00, 0x01, 0x00, 0x01, 0x00, 0x23, 0x00, 0x43, 0x08,
    0x01, 0x00, 0x01, 0x00, 0x01, 0x00, 0x01, 0x00, 0x01, 0x00, 0x01, 0x00, 0x01, 0x00, 0x01, 0x00,
    0x01, 0x00, 0x23, 0x00, 0x22, 0x00, 0x01, 0x00, 0x01, 0x00, 0x01, 0x00, 0x01, 0x00, 0x01, 0x00,
    0x01, 0x00, 0x01, 0x00, 0x01, 0x00, 0x01, 0x00, 0x22, 0x00, 0x43, 0x08, 0x01, 0x00, 0x01, 0x00,
    0x01, 0x00, 0x01, 0x00, 0x01, 0x00, 0x01, 0x00, 0x01, 0x00, 0x01, 0x00, 0x02, 0x00, 0x22, 0x00,
    0x65, 0x08, 0x23, 0x00, 0x23, 0x00, 0x23, 0x00, 0x23, 0x00, 0x43, 0x08, 0x43, 0x08, 0x44, 0x08,
    0x44, 0x08, 0x44, 0x08, 0x64, 0x08, 0x86, 0x08, 0x86, 0x10, 0x64, 0x08, 0x64, 0x08, 0x44, 0x08,
    0x44, 0x08, 0x44, 0x08, 0x43, 0x08, 0x43, 0x08, 0x23, 0x08, 0x23, 0x00, 0x23, 0x00, 0x65, 0x08,
    0x23, 0x00, 0x02, 0x00, 0x02, 0x00, 0x01, 0x00, 0x02, 0x00, 0x01, 0x00, 0x02, 0x00, 0x02, 0x00,
    0x02, 0x00, 0x01, 0x00, 0x22, 0x00, 0x65, 0x08, 0x02, 0x00, 0x02, 0x00, 0x02, 0x00, 0x02, 0x00,
    0x02, 0x00, 0x02, 0x00, 0x02, 0x00, 0x02, 0x00, 0x02, 0x00, 0x02, 0x00, 0x23, 0x00, 0x65, 0x08,
    0x02, 0x00, 0x02, 0x00, 0x02, 0x00, 0x02, 0x00, 0x02, 0x00, 0x02, 0x00, 0x02, 0x00, 0x02, 0x00,
    0x02, 0x00, 0x02, 0x00, 0x23, 0x00, 0x65, 0x08, 0x02, 0x00, 0x02, 0x00, 0x02, 0x00, 0x02, 0x00,
    0x02, 0x00, 0x02, 0x00, 0x22, 0x00, 0x02, 0x00, 0x02, 0x00, 0x02, 0x00, 0x23, 0x00, 0x66, 0x08,
    0x22, 0x00, 0x02, 0x00, 0x22, 0x00, 0x02, 0x00, 0x02, 0x00, 0x02, 0x00, 0x22, 0x00, 0x02, 0x00,
    0x22, 0x00, 0x02, 0x00, 0x22, 0x00, 0x65, 0x08, 0x43, 0x08, 0x02, 0x00, 0x22, 0x00, 0x22, 0x00,
    0x22, 0x00, 0x02, 0x00, 0x22, 0x00, 0x22, 0x00, 0x22, 0x00, 0x02, 0x00, 0x22, 0x00, 0x43, 0x08,
    0x65, 0x08, 0x02, 0x00, 0x22, 0x00, 0x22, 0x00, 0x22, 0x00, 0x02, 0x00, 0x22, 0x00, 0x22, 0x00,
    0x22, 0x00, 0x02, 0x00, 0x22, 0x00, 0x22, 0x00, 0x65, 0x08, 0x44, 0x08, 0x22, 0x00, 0x22, 0x00,
    0x22, 0x00, 0x02, 0x00, 0x22, 0x00, 0x22, 0x00, 0x22, 0x00, 0x02, 0x00, 0x22, 0x00, 0x22, 0x00,
    0x22, 0x00, 0x66, 0x08, 0x23, 0x08, 0x22, 0x00, 0x22, 0x00, 0x02, 0x00, 0x22, 0x00, 0x22, 0x00,
    0x22, 0x00, 0x22, 0x00, 0x22, 0x00, 0x22, 0x00, 0x22, 0x00, 0x23, 0x08, 0x86, 0x10, 0x23, 0x00,
    0x22, 0x00, 0x22, 0x00, 0x22, 0x00, 0x22, 0x00, 0x22, 0x00, 0x22, 0x00, 0x22, 0x00, 0x22, 0x00,
    0x22, 0x00, 0x22, 0x00, 0x23, 0x08, 0x86, 0x10, 0x43, 0x08, 0x22, 0x00, 0x22, 0x00, 0x22, 0x00,
    0x22, 0x00, 0x22, 0x00, 0x23, 0x00, 0x23, 0x00, 0x23, 0x00, 0x23, 0x00, 0x23, 0x00, 0x23, 0x00,
    0x86, 0x10, 0x44, 0x08, 0x23, 0x08, 0x23, 0x00, 0x23, 0x08, 0x23, 0x00, 0x43, 0x08, 0x43, 0x08,
    0x44, 0x08, 0x44, 0x08, 0x44, 0x08, 0x64, 0x08, 0x65, 0x08, 0x86, 0x10, 0xa7, 0x10, 0x65, 0x08,
    0x85, 0x10, 0x86, 0x08, 0x86, 0x10, 0x86, 0x10, 0x86, 0x10, 0x87, 0x10, 0x87, 0x10, 0x87, 0x10,
    0x86, 0x10, 0x86, 0x10, 0x86, 0x10, 0xc8, 0x10, 0x87, 0x10, 0x66, 0x08, 0x85, 0x08, 0x65, 0x08,
    0x65, 0x08, 0x65, 0x08, 0x65, 0x08, 0x44, 0x08, 0x44, 0x08, 0x44, 0x08, 0x44, 0x08, 0x44, 0x08,
    0x65, 0x08, 0x87, 0x10, 0x44, 0x08, 0x44, 0x08, 0x44, 0x08, 0x24, 0x08, 0x44, 0x08, 0x44, 0x08,
    0x44, 0x08, 0x24, 0x08, 0x44, 0x08, 0x44, 0x08, 0x44, 0x08, 0x24, 0x08, 0x65, 0x08, 0x86, 0x10,
    0x44, 0x08, 0x24, 0x08, 0x44, 0x08, 0x44, 0x08, 0x44, 0x08, 0x24, 0x08, 0x44, 0x08, 0x43, 0x08,
    0x43, 0x08, 0x23, 0x08, 0x44, 0x08, 0x23, 0x08, 0x65, 0x08, 0x66, 0x10, 0x44, 0x08, 0x23, 0x08,
    0x43, 0x08, 0x23, 0x08, 0x43, 0x08, 0x23, 0x08, 0x23, 0x08, 0x23, 0x08, 0x43, 0x08, 0x23, 0x08,
    0x23, 0x08, 0x23, 0x08, 0x44, 0x08, 0x86, 0x08, 0x44, 0x08, 0x23, 0x00, 0x23, 0x08, 0x23, 0x00,
    0x23, 0x00, 0x23, 0x00, 0x23, 0x08, 0x23, 0x00, 0x23, 0x00, 0x23, 0x00, 0x23, 0x00, 0x23, 0x00,
    0x23, 0x00, 0x45, 0x08, 0x64, 0x08, 0x22, 0x00, 0x22, 0x00, 0x22, 0x00, 0x22, 0x00, 0x22, 0x00,
    0x22, 0x00, 0x22, 0x00, 0x22, 0x00, 0x22, 0x00, 0x22, 0x00, 0x22, 0x00, 0x22, 0x00, 0x23, 0x00,
    0x65, 0x08, 0x23, 0x00, 0x22, 0x00, 0x02, 0x00, 0x02, 0x00, 0x02, 0x00, 0x02, 0x00, 0x02, 0x00,
    0x02, 0x00, 0x02, 0x00, 0x02, 0x00, 0x02, 0x00, 0x01, 0x00, 0x01, 0x00, 0x23, 0x00, 0x44, 0x08,
    0x01, 0x00, 0x01, 0x00, 0x01, 0x00, 0x01, 0x00, 0x01, 0x00, 0x01, 0x00, 0x01, 0x00, 0x01, 0x00,
    0x01, 0x00, 0x43, 0x08, 0x22, 0x00, 0x01, 0x00, 0x01, 0x00, 0x01, 0x00, 0x01, 0x00, 0x01, 0x00,
    0x01, 0x00, 0x22, 0x00, 0x22, 0x00, 0x22, 0x00, 0x44, 0x08, 0x64, 0x08, 0x23, 0x00, 0x43, 0x08,
    0x43, 0x08, 0x44, 0x08, 0x44, 0x08, 0x44, 0x08, 0x64, 0x08, 0x65, 0x08, 0x44, 0x08, 0x65, 0x08,
    0x86, 0x10, 0x44, 0x08, 0x43, 0x08, 0x43, 0x08, 0x43, 0x00, 0x23, 0x00, 0x22, 0x00, 0x23, 0x00,
    0x22, 0x00, 0x22, 0x00, 0x22, 0x00, 0x44, 0x08, 0x23, 0x08, 0x02, 0x00, 0x01, 0x00, 0x02, 0x00,
    0x01, 0x00, 0x02, 0x00, 0x01, 0x00, 0x02, 0x00, 0x01, 0x00, 0x02, 0x00, 0x02, 0x00, 0x65, 0x08,
    0x22, 0x00, 0x02, 0x00, 0x01, 0x00, 0x02, 0x00, 0x01, 0x00, 0x02, 0x00, 0x01, 0x00, 0x02, 0x00,
    0x02, 0x00, 0x02, 0x00, 0x23, 0x00, 0x65, 0x08, 0x02, 0x00, 0x02, 0x00, 0x02, 0x00, 0x02, 0x00,
    0x02, 0x00, 0x02, 0x00, 0x02, 0x00, 0x02, 0x00, 0x02, 0x00, 0x02, 0x00, 0x23, 0x00, 0x64, 0x08,
    0x02, 0x00, 0x02, 0x00, 0x02, 0x00, 0x02, 0x00, 0x02, 0x00, 0x02, 0x00, 0x02, 0x00, 0x02, 0x00,
    0x02, 0x00, 0x02, 0x00, 0x23, 0x00, 0x65, 0x08, 0x02, 0x00, 0x22, 0x00, 0x02, 0x00, 0x22, 0x00,
    0x02, 0x00, 0x22, 0x00, 0x02, 0x00, 0x22, 0x00, 0x02, 0x00, 0x22, 0x00, 0x23, 0x00, 0x85, 0x08,
    0x02, 0x00, 0x22, 0x00, 0x02, 0x00, 0x22, 0x00, 0x02, 0x00, 0x22, 0x00, 0x02, 0x00, 0x22, 0x00,
    0x02, 0x00, 0x22, 0x00, 0x02, 0x00, 0x65, 0x08, 0x23, 0x08, 0x22, 0x00, 0x02, 0x00, 0x22, 0x00,
    0x02, 0x00, 0x22, 0x00, 0x02, 0x00, 0x22, 0x00, 0x02, 0x00, 0x22, 0x00, 0x02, 0x00, 0x44, 0x08,
    0x65, 0x08, 0x22, 0x00, 0x02, 0x00, 0x22, 0x00, 0x02, 0x00, 0x22, 0x00, 0x02, 0x00, 0x22, 0x00,
    0x02, 0x00, 0x22, 0x00, 0x02, 0x00, 0x22, 0x00, 0x65, 0x08, 0x44, 0x08, 0x02, 0x00, 0x22, 0x00,
    0x02, 0x00, 0x22, 0x00, 0x02, 0x00, 0x22, 0x00, 0x02, 0x00, 0x22, 0x00, 0x02, 0x00, 0x22, 0x00,
    0x22, 0x00, 0x86, 0x08, 0x23, 0x00, 0x22, 0x00, 0x02, 0x00, 0x22, 0x00, 0x02, 0x00, 0x22, 0x00,
    0x02, 0x00, 0x22, 0x00, 0x02, 0x00, 0x22, 0x00, 0x02, 0x00, 0x23, 0x00, 0x66, 0x08, 0x23, 0x00,
    0x02, 0x00, 0x22, 0x00, 0x02, 0x00, 0x22, 0x00, 0x02, 0x00, 0x22, 0x00, 0x02, 0x00, 0x22, 0x00,
    0x02, 0x00, 0x22, 0x00, 0x23, 0x00, 0x86, 0x10, 0x23, 0x00, 0x23, 0x00, 0x22, 0x00, 0x23, 0x08,
    0x23, 0x00, 0x44, 0x08, 0x23, 0x08, 0x44, 0x08, 0x44, 0x08, 0x64, 0x08, 0x64, 0x08, 0x65, 0x08,
    0xa7, 0x10, 0x86, 0x10, 0x65, 0x08, 0x86, 0x10, 0x86, 0x10, 0x86, 0x10, 0x86, 0x10, 0x86, 0x10,
    0x86, 0x10, 0x86, 0x10, 0x86, 0x08, 0x86, 0x10, 0x65, 0x08, 0x87, 0x10, 0x87, 0x10, 0x65, 0x08,
    0x45, 0x08, 0x65, 0x08, 0x44, 0x08, 0x44, 0x08, 0x44, 0x08, 0x44, 0x08, 0x44, 0x08, 0x44, 0x08,
    0x24, 0x08, 0x44, 0x08, 0x24, 0x08, 0x87, 0x10, 0x65, 0x08, 0x44, 0x08, 0x44, 0x08, 0x44, 0x08,
    0x44, 0x08, 0x44, 0x08, 0x44, 0x08, 0x44, 0x08, 0x24, 0x08, 0x44, 0x08, 0x24, 0x08, 0x44, 0x08,
    0x45, 0x08, 0xa7, 0x10, 0x44, 0x08, 0x44, 0x08, 0x24, 0x08, 0x44, 0x08, 0x24, 0x08, 0x44, 0x08,
    0x24, 0x08, 0x44, 0x08, 0x24, 0x08, 0x44, 0x08, 0x44, 0x08, 0x44, 0x08, 0x65, 0x08, 0xa7, 0x10,
    0x44, 0x08, 0x44, 0x08, 0x44, 0x08, 0x44, 0x08, 0x44, 0x08, 0x44, 0x08, 0x24, 0x08, 0x44, 0x08,
    0x23, 0x08, 0x44, 0x08, 0x23, 0x08, 0x44, 0x08, 0x44, 0x08, 0x87, 0x10, 0x44, 0x08, 0x44, 0x08,
    0x23, 0x08, 0x44, 0x08, 0x23, 0x08, 0x43, 0x08, 0x23, 0x08, 0x43, 0x08, 0x23, 0x08, 0x43, 0x08,
    0x23, 0x08, 0x43, 0x08, 0x43, 0x08, 0x86, 0x10, 0x44, 0x08, 0x23, 0x08, 0x23, 0x00, 0x23, 0x08,
    0x23, 0x00, 0x23, 0x08, 0x23, 0x00, 0x23, 0x08, 0x23, 0x00, 0x23, 0x08, 0x23, 0x00, 0x23, 0x08,
    0x22, 0x00, 0x65, 0x08, 0x65, 0x08, 0x23, 0x00, 0x22, 0x00, 0x23, 0x00, 0x22, 0x00, 0x22, 0x00,
    0x22, 0x00, 0x22, 0x00, 0x22, 0x00, 0x22, 0x00, 0x22, 0x00, 0x22, 0x00, 0x22, 0x00, 0x23, 0x08,
    0x64, 0x08, 0x43, 0x08, 0x22, 0x00, 0x22, 0x00, 0x02, 0x00, 0x22, 0x00, 0x02, 0x00, 0x02, 0x00,
    0x02, 0x00, 0x22, 0x00, 0x02, 0x00, 0x02, 0x00, 0x01, 0x00, 0x02, 0x00, 0x22, 0x00, 0x64, 0x08,
    0x01, 0x00, 0x01, 0x00, 0x01, 0x00, 0x22, 0x00, 0x22, 0x00, 0x22, 0x00, 0x22, 0x00, 0x22, 0x00,
    0x23, 0x00, 0x65, 0x08, 0x44, 0x08, 0x43, 0x08, 0x44, 0x08, 0x44, 0x08, 0x64, 0x08, 0x64, 0x08,
    0x64, 0x08, 0x44, 0x08, 0x44, 0x08, 0x43, 0x08, 0x65, 0x08, 0x64, 0x08, 0x23, 0x00, 0x23, 0x00,
    0x22, 0x00, 0x22, 0x00, 0x22, 0x00, 0x22, 0x00, 0x01, 0x00, 0x01, 0x00, 0x01, 0x00, 0x22, 0x00,
    0x44, 0x08, 0x01, 0x00, 0x01, 0x00, 0x01, 0x00, 0x01, 0x00, 0x01, 0x00, 0x01, 0x00, 0x01, 0x00,
    0x01, 0x00, 0x01, 0x00, 0x01, 0x00, 0x44, 0x08, 0x23, 0x00, 0x01, 0x00, 0x01, 0x00, 0x01, 0x00,
    0x01, 0x00, 0x01, 0x00, 0x01, 0x00, 0x01, 0x00, 0x01, 0x00, 0x01, 0x00, 0x22, 0x00, 0x65, 0x08,
    0x02, 0x00, 0x01, 0x00, 0x01, 0x00, 0x01, 0x00, 0x01, 0x00, 0x01, 0x00, 0x02, 0x00, 0x02, 0x00,
    0x02, 0x00, 0x02, 0x00, 0x23, 0x00, 0x64, 0x08, 0x02, 0x00, 0x02, 0x00, 0x02, 0x00, 0x02, 0x00,
    0x02, 0x00, 0x02, 0x00, 0x02, 0x00, 0x02, 0x00, 0x02, 0x00, 0x02, 0x00, 0x43, 0x08, 0x44, 0x08,
    0x02, 0x00, 0x02, 0x00, 0x02, 0x00, 0x02, 0x00, 0x02, 0x00, 0x02, 0x00, 0x02, 0x00, 0x02, 0x00,
    0x02, 0x00, 0x02, 0x00, 0x43, 0x08, 0x64, 0x08, 0x22, 0x00, 0x02, 0x00, 0x02, 0x00, 0x02, 0x00,
    0x22, 0x00, 0x02, 0x00, 0x22, 0x00, 0x02, 0x00, 0x22, 0x00, 0x02, 0x00, 0x23, 0x08, 0x65, 0x08,
    0x22, 0x00, 0x02, 0x00, 0x22, 0x00, 0x02, 0x00, 0x22, 0x00, 0x02, 0x00, 0x22, 0x00, 0x02, 0x00,
    0x22, 0x00, 0x02, 0x00, 0x22, 0x00, 0x65, 0x08, 0x43, 0x08, 0x02, 0x00, 0x22, 0x00, 0x02, 0x00,
    0x22, 0x00, 0x22, 0x00, 0x22, 0x00, 0x02, 0x00, 0x22, 0x00, 0x22, 0x00, 0x22, 0x00, 0x44, 0x08,
    0x64, 0x08, 0x22, 0x00, 0x22, 0x00, 0x02, 0x00, 0x22, 0x00, 0x22, 0x00, 0x22, 0x00, 0x02, 0x00,
    0x22, 0x00, 0x22, 0x00, 0x22, 0x00, 0x22, 0x00, 0x65, 0x08, 0x43, 0x08, 0x22, 0x00, 0x22, 0x00,
    0x22, 0x00, 0x22, 0x00, 0x22, 0x00, 0x22, 0x00, 0x22, 0x00, 0x22, 0x00, 0x22, 0x00, 0x22, 0x00,
    0x22, 0x00, 0x85, 0x08, 0x23, 0x08, 0x22, 0x00, 0x22, 0x00, 0x22, 0x00, 0x22, 0x00, 0x22, 0x00,
    0x22, 0x00, 0x22, 0x00, 0x22, 0x00, 0x22, 0x00, 0x22, 0x00, 0x23, 0x08, 0x86, 0x10, 0x23, 0x08,
    0x23, 0x00, 0x23, 0x08, 0x23, 0x08, 0x43, 0x08, 0x43, 0x08, 0x44, 0x08, 0x44, 0x08, 0x44, 0x08,
    0x64, 0x08, 0x64, 0x08, 0x65, 0x08, 0xa8, 0x10, 0x86, 0x10, 0x86, 0x10, 0x86, 0x10, 0x86, 0x10,
    0x86, 0x10, 0x85, 0x10, 0x85, 0x10, 0x65, 0x08, 0x65, 0x08, 0x65, 0x08, 0x65, 0x08, 0x64, 0x08,
    0x87, 0x10, 0x85, 0x10, 0x44, 0x08, 0x44, 0x08, 0x44, 0x08, 0x43, 0x08, 0x43, 0x08, 0x23, 0x08,
    0x23, 0x08, 0x23, 0x08, 0x23, 0x08, 0x23, 0x08, 0x43, 0x08, 0x65, 0x08, 0x86, 0x10, 0x43, 0x08,
    0x43, 0x08, 0x43, 0x08, 0x43, 0x08, 0x43, 0x08, 0x43, 0x08, 0x43, 0x08, 0x43, 0x08, 0x43, 0x08,
    0x43, 0x08, 0x43, 0x08, 0x43, 0x08, 0x86, 0x10, 0x65, 0x10, 0x43, 0x08, 0x44, 0x08, 0x44, 0x08,
    0x44, 0x08, 0x44, 0x08, 0x44, 0x08, 0x44, 0x08, 0x44, 0x08, 0x44, 0x08, 0x44, 0x08, 0x24, 0x08,
    0x64, 0x08, 0x87, 0x10, 0x64, 0x08, 0x44, 0x08, 0x44, 0x08, 0x44, 0x08, 0x44, 0x08, 0x24, 0x08,
    0x44, 0x08, 0x44, 0x08, 0x44, 0x08, 0x24, 0x08, 0x44, 0x08, 0x44, 0x08, 0x65, 0x08, 0x87, 0x10,
    0x64, 0x08, 0x44, 0x08, 0x44, 0x08, 0x23, 0x08, 0x44, 0x08, 0x23, 0x08, 0x44, 0x08, 0x23, 0x08,
    0x44, 0x08, 0x23, 0x08, 0x43, 0x08, 0x23, 0x08, 0x64, 0x08, 0x86, 0x10, 0x44, 0x08, 0x23, 0x08,
    0x43, 0x08, 0x23, 0x08, 0x43, 0x08, 0x23, 0x08, 0x43, 0x08, 0x23, 0x08, 0x43, 0x08, 0x23, 0x08,
    0x43, 0x08, 0x23, 0x08, 0x43, 0x08, 0x65, 0x08, 0x64, 0x08, 0x23, 0x08, 0x23, 0x00, 0x23, 0x00,
    0x23, 0x08, 0x23, 0x00, 0x23, 0x00, 0x23, 0x00, 0x23, 0x00, 0x23, 0x00, 0x23, 0x00, 0x23, 0x00,
    0x23, 0x00, 0x44, 0x08, 0x65, 0x08, 0x23, 0x00, 0x22, 0x00, 0x22, 0x00, 0x22, 0x00, 0x22, 0x00,
    0x22, 0x00, 0x22, 0x00, 0x22, 0x00, 0x22, 0x00, 0x22, 0x00, 0x22, 0x00, 0x22, 0x00, 0x22, 0x00,
    0x64, 0x08, 0x43, 0x08, 0x22, 0x00, 0x22, 0x00, 0x22, 0x00, 0x22, 0x00, 0x02, 0x00, 0x02, 0x00,
    0x02, 0x00, 0x02, 0x00, 0x02, 0x00, 0x01, 0x00, 0x02, 0x00, 0x01, 0x00, 0x22, 0x00, 0x44, 0x08,
    0x44, 0x08, 0x44, 0x08, 0x44, 0x08, 0x44, 0x08, 0x43, 0x08, 0x43, 0x08, 0x23, 0x00, 0x23, 0x00,
    0x23, 0x00, 0x65, 0x08, 0x22, 0x00, 0x22, 0x00, 0x22, 0x00, 0x02, 0x00, 0x01, 0x00, 0x01, 0x00,
    0x01, 0x00, 0x01, 0x00, 0x01, 0x00, 0x01, 0x00, 0x44, 0x08, 0x22, 0x00, 0x01, 0x00, 0x01, 0x00,
    0x01, 0x00, 0x01, 0x00, 0x01, 0x00, 0x01, 0x00, 0x01, 0x00, 0x01, 0x00, 0x01, 0x00, 0x23, 0x00,
    0x43, 0x08, 0x01, 0x00, 0x01, 0x00, 0x01, 0x00, 0x01, 0x00, 0x02, 0x00, 0x01, 0x00, 0x02, 0x00,
    0x01, 0x00, 0x02, 0x00, 0x01, 0x00, 0x64, 0x08, 0x22, 0x00, 0x02, 0x00, 0x01, 0x00, 0x02, 0x00,
    0x01, 0x00, 0x02, 0x00, 0x01, 0x00, 0x02, 0x00, 0x01, 0x00, 0x02, 0x00, 0x22, 0x00, 0x65, 0x08,
    0x01, 0x00, 0x02, 0x00, 0x01, 0x00, 0x02, 0x00, 0x02, 0x00, 0x02, 0x00, 0x02, 0x00, 0x02, 0x00,
    0x02, 0x00, 0x02, 0x00, 0x43, 0x08, 0x44, 0x08, 0x02, 0x00, 0x02, 0x00, 0x02, 0x00, 0x02, 0x00,
    0x02, 0x00, 0x02, 0x00, 0x02, 0x00, 0x02, 0x00, 0x02, 0x00, 0x02, 0x00, 0x44, 0x08, 0x44, 0x08,
    0x02, 0x00, 0x02, 0x00, 0x02, 0x00, 0x02, 0x00, 0x02, 0x00, 0x02, 0x00, 0x02, 0x00, 0x22, 0x00,
    0x02, 0x00, 0x22, 0x00, 0x44, 0x08, 0x64, 0x08, 0x02, 0x00, 0x22, 0x00, 0x02, 0x00, 0x22, 0x00,
    0x02, 0x00, 0x22, 0x00, 0x02, 0x00, 0x22, 0x00, 0x02, 0x00, 0x22, 0x00, 0x23, 0x00, 0x65, 0x08,
    0x02, 0x00, 0x22, 0x00, 0x02, 0x00, 0x22, 0x00, 0x02, 0x00, 0x22, 0x00, 0x02, 0x00, 0x22, 0x00,
    0x02, 0x00, 0x22, 0x00, 0x02, 0x00, 0x85, 0x08, 0x23, 0x00, 0x22, 0x00, 0x02, 0x00, 0x22, 0x00,
    0x02, 0x00, 0x22, 0x00, 0x02, 0x00, 0x22, 0x00, 0x02, 0x00, 0x22, 0x00, 0x02, 0x00, 0x44, 0x08,
    0x44, 0x08, 0x22, 0x00, 0x02, 0x00, 0x22, 0x00, 0x02, 0x00, 0x22, 0x00, 0x02, 0x00, 0x22, 0x00,
    0x02, 0x00, 0x22, 0x00, 0x02, 0x00, 0x22, 0x00, 0x65, 0x08, 0x43, 0x08, 0x02, 0x00, 0x22, 0x00,
    0x02, 0x00, 0x22, 0x00, 0x02, 0x00, 0x22, 0x00, 0x02, 0x00, 0x22, 0x00, 0x02, 0x00, 0x22, 0x00,
    0x23, 0x00, 0x86, 0x10, 0x43, 0x08, 0x43, 0x08, 0x43, 0x08, 0x44, 0x08, 0x44, 0x08, 0x44, 0x08,
    0x44, 0x08, 0x65, 0x08, 0x65, 0x08, 0x65, 0x08, 0x65, 0x08, 0x86, 0x10, 0xc8, 0x10, 0x86, 0x10,
    0x66, 0x08, 0x65, 0x08, 0x65, 0x08, 0x65, 0x08, 0x65, 0x08, 0x65, 0x08, 0x44, 0x08, 0x64, 0x08,
    0x44, 0x08, 0x44, 0x08, 0x44, 0x08, 0x87, 0x10, 0x44, 0x08, 0x43, 0x08, 0x23, 0x00, 0x23, 0x00,
    0x23, 0x00, 0x23, 0x00, 0x23, 0x00, 0x23, 0x08, 0x23, 0x00, 0x23, 0x08, 0x23, 0x00, 0x23, 0x08,
    0x65, 0x08, 0x65, 0x08, 0x23, 0x00, 0x23, 0x08, 0x23, 0x00, 0x23, 0x08, 0x23, 0x08, 0x43, 0x08,
    0x23, 0x00, 0x43, 0x08, 0x23, 0x08, 0x43, 0x08, 0x23, 0x08, 0x65, 0x08, 0x86, 0x10, 0x44, 0x08,
    0x23, 0x08, 0x44, 0x08, 0x24, 0x08, 0x44, 0x08, 0x24, 0x08, 0x44, 0x08, 0x44, 0x08, 0x44, 0x08,
    0x24, 0x08, 0x44, 0x08, 0x44, 0x08, 0x86, 0x10, 0x66, 0x08, 0x44, 0x08, 0x44, 0x08, 0x44, 0x08,
    0x44, 0x08, 0x44, 0x08, 0x44, 0x08, 0x44, 0x08, 0x44, 0x08, 0x44, 0x08, 0x44, 0x08, 0x44, 0x08,
    0x45, 0x08, 0xa7, 0x10, 0x65, 0x08, 0x44, 0x08, 0x44, 0x08, 0x44, 0x08, 0x44, 0x08, 0x44, 0x08,
    0x44, 0x08, 0x44, 0x08, 0x44, 0x08, 0x44, 0x08, 0x44, 0x08, 0x44, 0x08, 0x45, 0x08, 0xa7, 0x10,
    0x45, 0x08, 0x44, 0x08, 0x44, 0x08, 0x44, 0x08, 0x44, 0x08, 0x44, 0x08, 0x44, 0x08, 0x44, 0x08,
    0x44, 0x08, 0x44, 0x08, 0x44, 0x08, 0x44, 0x08, 0x44, 0x08, 0x87, 0x10, 0x65, 0x08, 0x44, 0x08,
    0x44, 0x08, 0x44, 0x08, 0x44, 0x08, 0x44, 0x08, 0x44, 0x08, 0x44, 0x08, 0x43, 0x08, 0x44, 0x08,
    0x23, 0x08, 0x43, 0x08, 0x23, 0x08, 0x86, 0x08, 0x65, 0x08, 0x43, 0x08, 0x23, 0x08, 0x43, 0x08,
    0x23, 0x00, 0x23, 0x08, 0x23, 0x00, 0x23, 0x08, 0x23, 0x00, 0x23, 0x08, 0x23, 0x00, 0x23, 0x08,
    0x23, 0x00, 0x64, 0x08, 0x65, 0x08, 0x43, 0x08, 0x23, 0x00, 0x23, 0x08, 0x23, 0x00, 0x23, 0x08,
    0x22, 0x00, 0x23, 0x00, 0x22, 0x00, 0x23, 0x00, 0x22, 0x00, 0x22, 0x00, 0x22, 0x00, 0x22, 0x00,
    0x44, 0x08, 0x44, 0x08, 0x22, 0x00, 0x22, 0x00, 0x22, 0x00, 0x22, 0x00, 0x22, 0x00, 0x22, 0x00,
    0x02, 0x00, 0x02, 0x00, 0x02, 0x00, 0x22, 0x00, 0x02, 0x00, 0x02, 0x00, 0x02, 0x00, 0x44, 0x08,
    0x01, 0x00, 0x01, 0x00, 0x01, 0x00, 0x01, 0x00, 0x01, 0x00, 0x01, 0x00, 0x01, 0x00, 0x01, 0x00,
    0x22, 0x00, 0x44, 0x08, 0x01, 0x00, 0x01, 0x00, 0x01, 0x00, 0x01, 0x00, 0x01, 0x00, 0x01, 0x00,
    0x01, 0x00, 0x01, 0x00, 0x01, 0x00, 0x01, 0x00, 0x64, 0x08, 0x22, 0x00, 0x01, 0x00, 0x01, 0x00,
    0x01, 0x00, 0x01, 0x00, 0x01, 0x00, 0x01, 0x00, 0x01, 0x00, 0x01, 0x00, 0x01, 0x00, 0x43, 0x08,
    0x43, 0x00, 0x01, 0x00, 0x01, 0x00, 0x01, 0x00, 0x02, 0x00, 0x01, 0x00, 0x02, 0x00, 0x02, 0x00,
    0x02, 0x00, 0x01, 0x00, 0x02, 0x00, 0x65, 0x08, 0x02, 0x00, 0x01, 0x00, 0x02, 0x00, 0x01, 0x00,
    0x01, 0x00, 0x01, 0x00, 0x02, 0x00, 0x01, 0x00, 0x01, 0x00, 0x01, 0x00, 0x23, 0x00, 0x44, 0x08,
    0x02, 0x00, 0x01, 0x00, 0x02, 0x00, 0x02, 0x00, 0x02, 0x00, 0x02, 0x00, 0x02, 0x00, 0x02, 0x00,
    0x02, 0x00, 0x02, 0x00, 0x44, 0x08, 0x44, 0x08, 0x02, 0x00, 0x02, 0x00, 0x02, 0x00, 0x02, 0x00,
    0x02, 0x00, 0x02, 0x00, 0x02, 0x00, 0x02, 0x00, 0x02, 0x00, 0x02, 0x00, 0x44, 0x08, 0x43, 0x08,
    0x02, 0x00, 0x02, 0x00, 0x02, 0x00, 0x02, 0x00, 0x02, 0x00, 0x02, 0x00, 0x22, 0x00, 0x02, 0x00,
    0x02, 0x00, 0x02, 0x00, 0x44, 0x08, 0x44, 0x08, 0x02, 0x00, 0x02, 0x00, 0x22, 0x00, 0x02, 0x00,
    0x02, 0x00, 0x02, 0x00, 0x22, 0x00, 0x02, 0x00, 0x22, 0x00, 0x02, 0x00, 0x43, 0x08, 0x65, 0x08,
    0x22, 0x00, 0x02, 0x00, 0x22, 0x00, 0x02, 0x00, 0x22, 0x00, 0x02, 0x00, 0x22, 0x00, 0x22, 0x00,
    0x22, 0x00, 0x02, 0x00, 0x22, 0x00, 0x86, 0x08, 0x23, 0x08, 0x02, 0x00, 0x22, 0x00, 0x22, 0x00,
    0x22, 0x00, 0x02, 0x00, 0x22, 0x00, 0x22, 0x00, 0x22, 0x00, 0x02, 0x00, 0x22, 0x00, 0x44, 0x08,
    0x64, 0x08, 0x02, 0x00, 0x22, 0x00, 0x22, 0x00, 0x22, 0x00, 0x02, 0x00, 0x22, 0x00, 0x22, 0x00,
    0x22, 0x00, 0x23, 0x00, 0x23, 0x08, 0x23, 0x08, 0x86, 0x10, 0x65, 0x08, 0x44, 0x08, 0x44, 0x08,
    0x44, 0x08, 0x44, 0x08, 0x65, 0x08, 0x65, 0x08, 0x65, 0x08, 0x65, 0x08, 0x85, 0x08, 0x86, 0x08,
    0x86, 0x10, 0xc8, 0x10, 0x86, 0x08, 0x65, 0x08, 0x65, 0x08, 0x64, 0x08, 0x44, 0x08, 0x44, 0x08,
    0x44, 0x08, 0x44, 0x08, 0x44, 0x08, 0x43, 0x08, 0x23, 0x08, 0x43, 0x08, 0x86, 0x10, 0x23, 0x08,
    0x22, 0x00, 0x22, 0x00, 0x22, 0x00, 0x22, 0x00, 0x22, 0x00, 0x22, 0x00, 0x22, 0x00, 0x22, 0x00,
    0x22, 0x00, 0x22, 0x00, 0x23, 0x00, 0x86, 0x10, 0x44, 0x08, 0x23, 0x00, 0x23, 0x00, 0x23, 0x00,
    0x23, 0x00, 0x23, 0x00, 0x23, 0x00, 0x23, 0x00, 0x23, 0x08, 0x23, 0x00, 0x23, 0x08, 0x23, 0x08,
    0x85, 0x08, 0x65, 0x08, 0x23, 0x08, 0x23, 0x08, 0x23, 0x08, 0x23, 0x08, 0x43, 0x08, 0x23, 0x08,
    0x43, 0x08, 0x23, 0x08, 0x43, 0x08, 0x43, 0x08, 0x44, 0x08, 0x65, 0x08, 0x87, 0x10, 0x44, 0x08,
    0x44, 0x08, 0x44, 0x08, 0x44, 0x08, 0x44, 0x08, 0x44, 0x08, 0x44, 0x08, 0x44, 0x08, 0x44, 0x08,
    0x44, 0x08, 0x44, 0x08, 0x44, 0x08, 0x86, 0x10, 0x86, 0x10, 0x44, 0x08, 0x44, 0x08, 0x44, 0x08,
    0x44, 0x08, 0x44, 0x08, 0x44, 0x08, 0x44, 0x08, 0x44, 0x08, 0x44, 0x08, 0x44, 0x08, 0x44, 0x08,
    0x44, 0x08, 0x87, 0x10, 0x85, 0x10, 0x44, 0x08, 0x44, 0x08, 0x44, 0x08, 0x44, 0x08, 0x44, 0x08,
    0x44, 0x08, 0x44, 0x08, 0x44, 0x08, 0x44, 0x08, 0x44, 0x08, 0x44, 0x08, 0x65, 0x08, 0xa7, 0x10,
    0x65, 0x08, 0x44, 0x08, 0x44, 0x08, 0x44, 0x08, 0x44, 0x08, 0x44, 0x08, 0x44, 0x08, 0x44, 0x08,
    0x44, 0x08, 0x44, 0x08, 0x44, 0x08, 0x44, 0x08, 0x44, 0x08, 0x86, 0x10, 0x65, 0x08, 0x44, 0x08,
    0x44, 0x08, 0x44, 0x08, 0x44, 0x08, 0x44, 0x08, 0x44, 0x08, 0x44, 0x08, 0x44, 0x08, 0x43, 0x08,
    0x43, 0x08, 0x43, 0x08, 0x44, 0x08, 0x65, 0x08, 0x65, 0x08, 0x23, 0x08, 0x43, 0x08, 0x23, 0x08,
    0x23, 0x08, 0x23, 0x08, 0x23, 0x08, 0x23, 0x08, 0x23, 0x08, 0x23, 0x00, 0x23, 0x08, 0x23, 0x00,
    0x23, 0x00, 0x44, 0x08, 0x86, 0x10, 0x44, 0x08, 0x23, 0x00, 0x23, 0x00, 0x23, 0x08, 0x23, 0x00,
    0x23, 0x00, 0x23, 0x00, 0x23, 0x00, 0x23, 0x00, 0x22, 0x00, 0x22, 0x00, 0x22, 0x00, 0x22, 0x00,
    0x44, 0x08, 0x64, 0x08, 0x22, 0x00, 0x22, 0x00, 0x22, 0x00, 0x22, 0x00, 0x22, 0x00, 0x22, 0x00,
    0x02, 0x00, 0x02, 0x00, 0x02, 0x00, 0x02, 0x00, 0x02, 0x00, 0x02, 0x00, 0x02, 0x00, 0x43, 0x08,
    0x01, 0x00, 0x01, 0x00, 0x01, 0x00, 0x01, 0x00, 0x01, 0x00, 0x01, 0x00, 0x01, 0x00, 0x01, 0x00,
    0x22, 0x00, 0x43, 0x08, 0x01, 0x00, 0x01, 0x00, 0x01, 0x00, 0x01, 0x00, 0x01, 0x00, 0x01, 0x00,
    0x01, 0x00, 0x01, 0x00, 0x01, 0x00, 0x22, 0x00, 0x64, 0x08, 0x01, 0x00, 0x01, 0x00, 0x01, 0x00,
    0x01, 0x00, 0x01, 0x00, 0x01, 0x00, 0x01, 0x00, 0x01, 0x00, 0x01, 0x00, 0x01, 0x00, 0x44, 0x08,
    0x22, 0x00, 0x01, 0x00, 0x01, 0x00, 0x01, 0x00, 0x01, 0x00, 0x01, 0x00, 0x01, 0x00, 0x01, 0x00,
    0x01, 0x00, 0x01, 0x00, 0x22, 0x00, 0x64, 0x08, 0x01, 0x00, 0x02, 0x00, 0x01, 0x00, 0x02, 0x00,
    0x01, 0x00, 0x02, 0x00, 0x01, 0x00, 0x02, 0x00, 0x01, 0x00, 0x02, 0x00, 0x43, 0x08, 0x44, 0x08,
    0x01, 0x00, 0x02, 0x00, 0x01, 0x00, 0x02, 0x00, 0x01, 0x00, 0x02, 0x00, 0x01, 0x00, 0x02, 0x00,
    0x02, 0x00, 0x02, 0x00, 0x44, 0x08, 0x43, 0x08, 0x02, 0x00, 0x02, 0x00, 0x02, 0x00, 0x02, 0x00,
    0x02, 0x00, 0x02, 0x00, 0x02, 0x00, 0x02, 0x00, 0x02, 0x00, 0x02, 0x00, 0x44, 0x08, 0x43, 0x08,
    0x02, 0x00, 0x22, 0x00, 0x02, 0x00, 0x22, 0x00, 0x02, 0x00, 0x22, 0x00, 0x02, 0x00, 0x22, 0x00,
    0x02, 0x00, 0x22, 0x00, 0x44, 0x08, 0x44, 0x08, 0x02, 0x00, 0x22, 0x00, 0x02, 0x00, 0x22, 0x00,
    0x02, 0x00, 0x22, 0x00, 0x02, 0x00, 0x22, 0x00, 0x02, 0x00, 0x22, 0x00, 0x43, 0x08, 0x64, 0x08,
    0x02, 0x00, 0x22, 0x00, 0x02, 0x00, 0x22, 0x00, 0x02, 0x00, 0x22, 0x00, 0x02, 0x00, 0x22, 0x00,
    0x02, 0x00, 0x22, 0x00, 0x22, 0x00, 0x86, 0x08, 0x22, 0x00, 0x22, 0x00, 0x02, 0x00, 0x22, 0x00,
    0x02, 0x00, 0x22, 0x00, 0x22, 0x00, 0x23, 0x08, 0x23, 0x00, 0x43, 0x08, 0x43, 0x08, 0x85, 0x08,
    0x86, 0x08, 0x44, 0x08, 0x44, 0x08, 0x65, 0x08, 0x65, 0x08, 0x65, 0x08, 0x65, 0x08, 0x86, 0x08,
    0x66, 0x08, 0x86, 0x08, 0x65, 0x08, 0x65, 0x08, 0xa7, 0x10, 0x86, 0x08, 0x44, 0x08, 0x44, 0x08,
    0x44, 0x08, 0x44, 0x08, 0x43, 0x08, 0x43, 0x08, 0x23, 0x00, 0x23, 0x08, 0x23, 0x00, 0x22, 0x00,
    0x23, 0x00, 0x86, 0x08, 0x23, 0x00, 0x22, 0x00, 0x02, 0x00, 0x22, 0x00, 0x02, 0x00, 0x22, 0x00,
    0x02, 0x00, 0x22, 0x00, 0x02, 0x00, 0x22, 0x00, 0x02, 0x00, 0x23, 0x00, 0x66, 0x08, 0x23, 0x00,
    0x02, 0x00, 0x22, 0x00, 0x02, 0x00, 0x22, 0x00, 0x22, 0x00, 0x22, 0x00, 0x02, 0x00, 0x22, 0x00,
    0x22, 0x00, 0x22, 0x00, 0x23, 0x00, 0x86, 0x10, 0x44, 0x08, 0x23, 0x00, 0x22, 0x00, 0x23, 0x00,
    0x23, 0x00, 0x23, 0x08, 0x23, 0x00, 0x23, 0x08, 0x23, 0x00, 0x23, 0x08, 0x23, 0x00, 0x23, 0x08,
    0x65, 0x08, 0x65, 0x08, 0x23, 0x00, 0x43, 0x08, 0x23, 0x08, 0x43, 0x08, 0x23, 0x08, 0x43, 0x08,
    0x23, 0x08, 0x43, 0x08, 0x23, 0x08, 0x43, 0x08, 0x43, 0x08, 0x65, 0x08, 0x86, 0x10, 0x44, 0x08,
    0x23, 0x08, 0x44, 0x08, 0x23, 0x08, 0x44, 0x08, 0x43, 0x08, 0x44, 0x08, 0x44, 0x08, 0x44, 0x08,
    0x44, 0x08, 0x44, 0x08, 0x44, 0x08, 0x86, 0x10, 0x86, 0x10, 0x44, 0x08, 0x44, 0x08, 0x44, 0x08,
    0x44, 0x08, 0x44, 0x08, 0x44, 0x08, 0x44, 0x08, 0x44, 0x08, 0x44, 0x08, 0x44, 0x08, 0x44, 0x08,
    0x44, 0x08, 0xa7, 0x10, 0x65, 0x08, 0x44, 0x08, 0x44, 0x08, 0x44, 0x08, 0x44, 0x08, 0x44, 0x08,
    0x44, 0x08, 0x44, 0x08, 0x44, 0x08, 0x44, 0x08, 0x44, 0x08, 0x44, 0x08, 0x44, 0x08, 0x87, 0x10,
    0x65, 0x08, 0x44, 0x08, 0x44, 0x08, 0x44, 0x08, 0x44, 0x08, 0x44, 0x08, 0x44, 0x08, 0x44, 0x08,
    0x44, 0x08, 0x44, 0x08, 0x44, 0x08, 0x44, 0x08, 0x44, 0x08, 0x86, 0x10, 0x65, 0x08, 0x44, 0x08,
    0x24, 0x08, 0x44, 0x08, 0x23, 0x08, 0x44, 0x08, 0x23, 0x08, 0x44, 0x08, 0x23, 0x08, 0x44, 0x08,
    0x23, 0x08, 0x44, 0x08, 0x23, 0x08, 0x65, 0x08, 0x86, 0x08, 0x43, 0x08, 0x23, 0x08, 0x43, 0x08,
    0x23, 0x08, 0x43, 0x08, 0x23, 0x08, 0x43, 0x08, 0x23, 0x00, 0x43, 0x08, 0x23, 0x00, 0x23, 0x08,
    0x23, 0x00, 0x44, 0x08, 0x65, 0x08, 0x64, 0x08, 0x23, 0x00, 0x23, 0x08, 0x22, 0x00, 0x23, 0x08,
    0x22, 0x00, 0x23, 0x08, 0x22, 0x00, 0x23, 0x00, 0x22, 0x00, 0x23, 0x00, 0x22, 0x00, 0x22, 0x00,
    0x43, 0x08, 0x65, 0x08, 0x22, 0x00, 0x22, 0x00, 0x22, 0x00, 0x22, 0x00, 0x22, 0x00, 0x22, 0x00,
    0x22, 0x00, 0x22, 0x00, 0x22, 0x00, 0x22, 0x00, 0x22, 0x00, 0x23, 0x00, 0x23, 0x00, 0x44, 0x08,
    0x01, 0x00, 0x01, 0x00, 0x01, 0x00, 0x01, 0x00, 0x01, 0x00, 0x01, 0x00, 0x01, 0x00, 0x01, 0x00,
    0x43, 0x08, 0x23, 0x00, 0x01, 0x00, 0x01, 0x00, 0x01, 0x00, 0x01, 0x00, 0x01, 0x00, 0x01, 0x00,
    0x01, 0x00, 0x01, 0x00, 0x01, 0x00, 0x22, 0x00, 0x44, 0x08, 0x01, 0x00, 0x01, 0x00, 0x01, 0x00,
    0x01, 0x00, 0x01, 0x00, 0x01, 0x00, 0x01, 0x00, 0x01, 0x00, 0x01, 0x00, 0x01, 0x00, 0x44, 0x08,
    0x22, 0x00, 0x01, 0x00, 0x02, 0x00, 0x01, 0x00, 0x02, 0x00, 0x01, 0x00, 0x02, 0x00, 0x01, 0x00,
    0x02, 0x00, 0x01, 0x00, 0x23, 0x00, 0x44, 0x08, 0x02, 0x00, 0x01, 0x00, 0x02, 0x00, 0x01, 0x00,
    0x02, 0x00, 0x01, 0x00, 0x01, 0x00, 0x01, 0x00, 0x02, 0x00, 0x01, 0x00, 0x44, 0x08, 0x43, 0x08,
    0x02, 0x00, 0x02, 0x00, 0x02, 0x00, 0x02, 0x00, 0x02, 0x00, 0x02, 0x00, 0x02, 0x00, 0x02, 0x00,
    0x02, 0x00, 0x02, 0x00, 0x64, 0x08, 0x23, 0x00, 0x02, 0x00, 0x02, 0x00, 0x02, 0x00, 0x02, 0x00,
    0x02, 0x00, 0x02, 0x00, 0x02, 0x00, 0x02, 0x00, 0x02, 0x00, 0x02, 0x00, 0x65, 0x08, 0x23, 0x08,
    0x02, 0x00, 0x02, 0x00, 0x02, 0x00, 0x02, 0x00, 0x22, 0x00, 0x02, 0x00, 0x22, 0x00, 0x02, 0x00,
    0x22, 0x00, 0x02, 0x00, 0x64, 0x08, 0x44, 0x08, 0x22, 0x00, 0x02, 0x00, 0x22, 0x00, 0x02, 0x00,
    0x22, 0x00, 0x02, 0x00, 0x22, 0x00, 0x02, 0x00, 0x22, 0x00, 0x02, 0x00, 0x44, 0x08, 0x44, 0x08,
    0x22, 0x00, 0x22, 0x00, 0x23, 0x00, 0x23, 0x00, 0x23, 0x08, 0x43, 0x08, 0x43, 0x08, 0x44, 0x08,
    0x44, 0x08, 0x44, 0x08, 0x65, 0x08, 0xa8, 0x10, 0x65, 0x08, 0x65, 0x08, 0x65, 0x08, 0x86, 0x08,
    0x86, 0x08, 0x86, 0x08, 0x65, 0x08, 0x65, 0x08, 0x65, 0x08, 0x65, 0x08, 0x64, 0x08, 0x86, 0x10,
    0x86, 0x10, 0x44, 0x08, 0x44, 0x08, 0x43, 0x08, 0x43, 0x08, 0x23, 0x08, 0x23, 0x00, 0x22, 0x00,
    0x22, 0x00, 0x22, 0x00, 0x22, 0x00, 0x22, 0x00, 0x65, 0x08, 0x43, 0x08, 0x22, 0x00, 0x22, 0x00,
    0x22, 0x00, 0x22, 0x00, 0x22, 0x00, 0x22, 0x00, 0x22, 0x00, 0x22, 0x00, 0x22, 0x00, 0x22, 0x00,
    0x23, 0x00, 0x86, 0x10, 0x23, 0x08, 0x22, 0x00, 0x22, 0x00, 0x22, 0x00, 0x22, 0x00, 0x22, 0x00,
    0x22, 0x00, 0x22, 0x00, 0x22, 0x00, 0x22, 0x00, 0x22, 0x00, 0x23, 0x00, 0x86, 0x10, 0x23, 0x08,
    0x22, 0x00, 0x22, 0x00, 0x22, 0x00, 0x22, 0x00, 0x22, 0x00, 0x22, 0x00, 0x22, 0x00, 0x22, 0x00,
    0x23, 0x00, 0x23, 0x00, 0x23, 0x08, 0x86, 0x10, 0x44, 0x08, 0x23, 0x00, 0x23, 0x00, 0x23, 0x00,
    0x23, 0x00, 0x23, 0x00, 0x23, 0x08, 0x23, 0x08, 0x23, 0x08, 0x23, 0x08, 0x23, 0x08, 0x23, 0x08,
    0x65, 0x10, 0x65, 0x08, 0x23, 0x08, 0x23, 0x08, 0x43, 0x08, 0x43, 0x08, 0x43, 0x08, 0x43, 0x08,
    0x44, 0x08, 0x44, 0x08, 0x44, 0x08, 0x44, 0x08, 0x44, 0x08, 0x45, 0x08, 0xa7, 0x10, 0x44, 0x08,
    0x44, 0x08, 0x44, 0x08, 0x44, 0x08, 0x44, 0x08, 0x44, 0x08, 0x44, 0x08, 0x44, 0x08, 0x44, 0x08,
    0x44, 0x08, 0x44, 0x08, 0x44, 0x08, 0x86, 0x10, 0x86, 0x10, 0x44, 0x08, 0x44, 0x08, 0x44, 0x08,
    0x44, 0x08, 0x44, 0x08, 0x44, 0x08, 0x44, 0x08, 0x44, 0x08, 0x44, 0x08, 0x44, 0x08, 0x44, 0x08,
    0x44, 0x08, 0x87, 0x10, 0x86, 0x10, 0x44, 0x08, 0x44, 0x08, 0x44, 0x08, 0x44, 0x08, 0x44, 0x08,
    0x44, 0x08, 0x44, 0x08, 0x44, 0x08, 0x44, 0x08, 0x44, 0x08, 0x44, 0x08, 0x44, 0x08, 0x87, 0x10,
    0x86, 0x10, 0x44, 0x08, 0x44, 0x08, 0x44, 0x08, 0x44, 0x08, 0x44, 0x08, 0x44, 0x08, 0x44, 0x08,
    0x44, 0x08, 0x44, 0x08, 0x44, 0x08, 0x44, 0x08, 0x44, 0x08, 0x86, 0x10, 0x86, 0x10, 0x44, 0x08,
    0x44, 0x08, 0x44, 0x08, 0x44, 0x08, 0x44, 0x08, 0x44, 0x08, 0x44, 0x08, 0x44, 0x08, 0x44, 0x08,
    0x44, 0x08, 0x44, 0x08, 0x44, 0x08, 0x65, 0x08, 0x86, 0x10, 0x44, 0x08, 0x44, 0x08, 0x43, 0x08,
    0x44, 0x08, 0x43, 0x08, 0x43, 0x08, 0x23, 0x08, 0x43, 0x08, 0x23, 0x08, 0x23, 0x08, 0x23, 0x08,
    0x23, 0x08, 0x23, 0x00, 0x66, 0x08, 0x64, 0x08, 0x23, 0x08, 0x23, 0x00, 0x23, 0x00, 0x23, 0x00,
    0x23, 0x08, 0x23, 0x08, 0x43, 0x08, 0x43, 0x08, 0x44, 0x08, 0x44, 0x08, 0x44, 0x08, 0x44, 0x08,
    0x65, 0x08, 0x87, 0x10, 0x65, 0x08, 0x44, 0x08, 0x64, 0x08, 0x64, 0x08, 0x65, 0x08, 0x65, 0x08,
    0x65, 0x08, 0x65, 0x08, 0x65, 0x08, 0x65, 0x08, 0x64, 0x08, 0x44, 0x08, 0x44, 0x08, 0x65, 0x08,
    0x01, 0x00, 0x01, 0x00, 0x01, 0x00, 0x01, 0x00, 0x01, 0x00, 0x01, 0x00, 0x01, 0x00, 0x01, 0x00,
    0x43, 0x08, 0x22, 0x00, 0x01, 0x00, 0x01, 0x00, 0x01, 0x00, 0x01, 0x00, 0x01, 0x00, 0x01, 0x00,
    0x01, 0x00, 0x01, 0x00, 0x01, 0x00, 0x23, 0x00, 0x43, 0x08, 0x01, 0x00, 0x01, 0x00, 0x01, 0x00,
    0x01, 0x00, 0x01, 0x00, 0x01, 0x00, 0x01, 0x00, 0x01, 0x00, 0x01, 0x00, 0x01, 0x00, 0x65, 0x08,
    0x02, 0x00, 0x02, 0x00, 0x01, 0x00, 0x02, 0x00, 0x01, 0x00, 0x02, 0x00, 0x01, 0x00, 0x02, 0x00,
    0x01, 0x00, 0x02, 0x00, 0x23, 0x08, 0x44, 0x08, 0x01, 0x00, 0x02, 0x00, 0x01, 0x00, 0x02, 0x00,
    0x01, 0x00, 0x02, 0x00, 0x01, 0x00, 0x02, 0x00, 0x01, 0x00, 0x02, 0x00, 0x44, 0x08, 0x43, 0x08,
    0x02, 0x00, 0x02, 0x00, 0x02, 0x00, 0x02, 0x00, 0x02, 0x00, 0x02, 0x00, 0x02, 0x00, 0x02, 0x00,
    0x02, 0x00, 0x02, 0x00, 0x65, 0x08, 0x23, 0x00, 0x02, 0x00, 0x02, 0x00, 0x02, 0x00, 0x02, 0x00,
    0x02, 0x00, 0x02, 0x00, 0x02, 0x00, 0x02, 0x00, 0x02, 0x00, 0x22, 0x00, 0x65, 0x08, 0x23, 0x08,
    0x02, 0x00, 0x22, 0x00, 0x02, 0x00, 0x22, 0x00, 0x02, 0x00, 0x22, 0x00, 0x02, 0x00, 0x22, 0x00,
    0x02, 0x00, 0x22, 0x00, 0x65, 0x08, 0x44, 0x08, 0x23, 0x00, 0x43, 0x08, 0x43, 0x08, 0x44, 0x08,
    0x44, 0x08, 0x44, 0x08, 0x44, 0x08, 0x64, 0x08, 0x65, 0x08, 0x65, 0x08, 0x87, 0x10, 0xa7, 0x10,
    0x65, 0x08, 0x86, 0x08, 0x65, 0x08, 0x65, 0x08, 0x65, 0x08, 0x65, 0x08, 0x44, 0x08, 0x44, 0x08,
    0x44, 0x08, 0x44, 0x08, 0x44, 0x08, 0x87, 0x10, 0x43, 0x08, 0x23, 0x08, 0x23, 0x00, 0x23, 0x00,
    0x22, 0x00, 0x22, 0x00, 0x02, 0x00, 0x22, 0x00, 0x02, 0x00, 0x22, 0x00, 0x02, 0x00, 0x44, 0x08,
    0x44, 0x08, 0x22, 0x00, 0x02, 0x00, 0x22, 0x00, 0x02, 0x00, 0x22, 0x00, 0x02, 0x00, 0x22, 0x00,
    0x02, 0x00, 0x22, 0x00, 0x02, 0x00, 0x22, 0x00, 0x65, 0x08, 0x43, 0x08, 0x02, 0x00, 0x22, 0x00,
    0x02, 0x00, 0x22, 0x00, 0x22, 0x00, 0x22, 0x00, 0x02, 0x00, 0x22, 0x00, 0x22, 0x00, 0x22, 0x00,
    0x23, 0x00, 0x86, 0x08, 0x23, 0x00, 0x22, 0x00, 0x02, 0x00, 0x22, 0x00, 0x22, 0x00, 0x22, 0x00,
    0x02, 0x00, 0x22, 0x00, 0x22, 0x00, 0x22, 0x00, 0x02, 0x00, 0x23, 0x00, 0x86, 0x08, 0x23, 0x08,
    0x02, 0x00, 0x22, 0x00, 0x22, 0x00, 0x22, 0x00, 0x02, 0x00, 0x23, 0x00, 0x22, 0x00, 0x23, 0x00,
    0x22, 0x00, 0x23, 0x00, 0x23, 0x00, 0x86, 0x10, 0x44, 0x08, 0x23, 0x00, 0x23, 0x00, 0x23, 0x08,
    0x23, 0x00, 0x23, 0x08, 0x23, 0x08, 0x23, 0x08, 0x23, 0x00, 0x23, 0x08, 0x23, 0x08, 0x43, 0x08,
    0x65, 0x08, 0x65, 0x10, 0x23, 0x08, 0x43, 0x08, 0x23, 0x08, 0x44, 0x08, 0x43, 0x08, 0x44, 0x08,
    0x23, 0x08, 0x44, 0x08, 0x44, 0x08, 0x44, 0x08, 0x24, 0x08, 0x65, 0x08, 0xa7, 0x10, 0x65, 0x08,
    0x44, 0x08, 0x44, 0x08, 0x44, 0x08, 0x44, 0x08, 0x44, 0x08, 0x44, 0x08, 0x44, 0x08, 0x44, 0x08,
    0x44, 0x08, 0x44, 0x08, 0x44, 0x08, 0x86, 0x10, 0x86, 0x10, 0x44, 0x08, 0x44, 0x08, 0x44, 0x08,
    0x44, 0x08, 0x44, 0x08, 0x44, 0x08, 0x45, 0x08, 0x44, 0x08, 0x45, 0x08, 0x44, 0x08, 0x45, 0x08,
    0x44, 0x08, 0x87, 0x10, 0x86, 0x10, 0x65, 0x08, 0x44, 0x08, 0x65, 0x08, 0x44, 0x08, 0x65, 0x08,
    0x44, 0x08, 0x65, 0x08, 0x45, 0x08, 0x45, 0x08, 0x44, 0x08, 0x45, 0x08, 0x44, 0x08, 0x87, 0x10,
    0x86, 0x10, 0x45, 0x08, 0x44, 0x08, 0x45, 0x08, 0x44, 0x08, 0x44, 0x08, 0x44, 0x08, 0x45, 0x08,
    0x44, 0x08, 0x44, 0x08, 0x44, 0x08, 0x44, 0x08, 0x44, 0x08, 0x86, 0x10, 0x86, 0x10, 0x44, 0x08,
    0x44, 0x08, 0x44, 0x08, 0x44, 0x08, 0x44, 0x08, 0x44, 0x08, 0x44, 0x08, 0x44, 0x08, 0x44, 0x08,
    0x44, 0x08, 0x44, 0x08, 0x44, 0x08, 0x65, 0x08, 0x86, 0x10, 0x64, 0x08, 0x44, 0x08, 0x44, 0x08,
    0x44, 0x08, 0x44, 0x08, 0x44, 0x08, 0x44, 0x08, 0x44, 0x08, 0x65, 0x08, 0x45, 0x08, 0x65, 0x08,
    0x65, 0x08, 0x65, 0x08, 0x87, 0x10, 0x87, 0x10, 0x65, 0x08, 0x65, 0x08, 0x65, 0x08, 0x86, 0x10,
    0x66, 0x08, 0x86, 0x10, 0x65, 0x08, 0x86, 0x10, 0x65, 0x08, 0x65, 0x08, 0x65, 0x08, 0x65, 0x08,
    0x65, 0x08, 0x86, 0x10, 0x65, 0x08, 0x44, 0x08, 0x43, 0x08, 0x43, 0x08, 0x43, 0x08, 0x43, 0x08,
    0x23, 0x00, 0x23, 0x08, 0x22, 0x00, 0x22, 0x00, 0x02, 0x00, 0x02, 0x00, 0x02, 0x00, 0x23, 0x00,
    0x01, 0x00, 0x01, 0x00, 0x01, 0x00, 0x01, 0x00, 0x01, 0x00, 0x01, 0x00, 0x01, 0x00, 0x01, 0x00,
    0x44, 0x08, 0x22, 0x00, 0x01, 0x00, 0x01, 0x00, 0x01, 0x00, 0x01, 0x00, 0x01, 0x00, 0x01, 0x00,
    0x01, 0x00, 0x01, 0x00, 0x01, 0x00, 0x43, 0x08, 0x23, 0x00, 0x01, 0x00, 0x01, 0x00, 0x01, 0x00,
    0x01, 0x00, 0x01, 0x00, 0x01, 0x00, 0x01, 0x00, 0x01, 0x00, 0x01, 0x00, 0x22, 0x00, 0x65, 0x08,
    0x01, 0x00, 0x01, 0x00, 0x01, 0x00, 0x01, 0x00, 0x01, 0x00, 0x01, 0x00, 0x01, 0x00, 0x01, 0x00,
    0x01, 0x00, 0x01, 0x00, 0x43, 0x08, 0x43, 0x08, 0x01, 0x00, 0x01, 0x00, 0x02, 0x00, 0x01, 0x00,
    0x01, 0x00, 0x01, 0x00, 0x02, 0x00, 0x02, 0x00, 0x02, 0x00, 0x01, 0x00, 0x64, 0x08, 0x23, 0x00,
    0x02, 0x00, 0x02, 0x00, 0x02, 0x00, 0x02, 0x00, 0x02, 0x00, 0x02, 0x00, 0x02, 0x00, 0x02, 0x00,
    0x02, 0x00, 0x02, 0x00, 0x65, 0x08, 0x22, 0x00, 0x02, 0x00, 0x02, 0x00, 0x02, 0x00, 0x02, 0x00,
    0x02, 0x00, 0x02, 0x00, 0x22, 0x00, 0x22, 0x00, 0x23, 0x00, 0x23, 0x00, 0x86, 0x10, 0x44, 0x08,
    0x43, 0x08, 0x44, 0x08, 0x44, 0x08, 0x44, 0x08, 0x64, 0x08, 0x65, 0x08, 0x65, 0x08, 0x65, 0x08,
    0x65, 0x08, 0x66, 0x08, 0xa8, 0x10, 0x86, 0x10, 0x65, 0x08, 0x65, 0x08, 0x64, 0x08, 0x44, 0x08,
    0x44, 0x08, 0x44, 0x08, 0x44, 0x08, 0x43, 0x08, 0x43, 0x08, 0x23, 0x00, 0x65, 0x08, 0x64, 0x08,
    0x22, 0x00, 0x02, 0x00, 0x22, 0x00, 0x22, 0x00, 0x22, 0x00, 0x02, 0x00, 0x22, 0x00, 0x22, 0x00,
    0x22, 0x00, 0x02, 0x00, 0x23, 0x08, 0x85, 0x08, 0x22, 0x00, 0x02, 0x00, 0x22, 0x00, 0x22, 0x00,
    0x22, 0x00, 0x02, 0x00, 0x22, 0x00, 0x22, 0x00, 0x22, 0x00, 0x02, 0x00, 0x22, 0x00, 0x44, 0x08,
    0x44, 0x08, 0x22, 0x00, 0x22, 0x00, 0x22, 0x00, 0x22, 0x00, 0x22, 0x00, 0x22, 0x00, 0x22, 0x00,
    0x22, 0x00, 0x22, 0x00, 0x22, 0x00, 0x22, 0x00, 0x85, 0x08, 0x43, 0x08, 0x22, 0x00, 0x22, 0x00,
    0x22, 0x00, 0x22, 0x00, 0x22, 0x00, 0x22, 0x00, 0x22, 0x00, 0x22, 0x00, 0x22, 0x00, 0x22, 0x00,
    0x23, 0x00, 0x86, 0x10, 0x23, 0x00, 0x22, 0x00, 0x22, 0x00, 0x22, 0x00, 0x22, 0x00, 0x22, 0x00,
    0x22, 0x00, 0x22, 0x00, 0x22, 0x00, 0x22, 0x00, 0x22, 0x00, 0x23, 0x00, 0x86, 0x08, 0x23, 0x08,
    0x22, 0x00, 0x22, 0x00, 0x22, 0x00, 0x22, 0x00, 0x22, 0x00, 0x22, 0x00, 0x22, 0x00, 0x22, 0x00,
    0x23, 0x00, 0x23, 0x00, 0x23, 0x00, 0x86, 0x10, 0x44, 0x08, 0x23, 0x00, 0x23, 0x08, 0x23, 0x08,
    0x23, 0x08, 0x23, 0x08, 0x23, 0x08, 0x23, 0x08, 0x23, 0x08, 0x23, 0x08, 0x23, 0x08, 0x23, 0x08,
    0x65, 0x08, 0x65, 0x08, 0x43, 0x08, 0x43, 0x08, 0x43, 0x08, 0x43, 0x08, 0x43, 0x08, 0x43, 0x08,
    0x43, 0x08, 0x43, 0x08, 0x44, 0x08, 0x44, 0x08, 0x44, 0x08, 0x44, 0x08, 0xa7, 0x10, 0x44, 0x08,
    0x44, 0x08, 0x44, 0x08, 0x44, 0x08, 0x44, 0x08, 0x44, 0x08, 0x44, 0x08, 0x44, 0x08, 0x44, 0x08,
    0x44, 0x08, 0x44, 0x08, 0x44, 0x08, 0x66, 0x10, 0x87, 0x10, 0x44, 0x08, 0x44, 0x08, 0x44, 0x08,
    0x44, 0x08, 0x44, 0x08, 0x44, 0x08, 0x44, 0x08, 0x44, 0x08, 0x44, 0x08, 0x44, 0x08, 0x44, 0x08,
    0x44, 0x08, 0x86, 0x10, 0x87, 0x10, 0x44, 0x08, 0x44, 0x08, 0x44, 0x08, 0x65, 0x08, 0x44, 0x08,
    0x44, 0x08, 0x44, 0x08, 0x64, 0x08, 0x44, 0x08, 0x44, 0x08, 0x44, 0x08, 0x44, 0x08, 0x86, 0x10,
    0x86, 0x10, 0x44, 0x08, 0x44, 0x08, 0x44, 0x08, 0x44, 0x08, 0x44, 0x08, 0x44, 0x08, 0x44, 0x08,
    0x44, 0x08, 0x44, 0x08, 0x44, 0x08, 0x44, 0x08, 0x44, 0x08, 0x66, 0x08, 0xa7, 0x10, 0x44, 0x08,
    0x45, 0x08, 0x44, 0x08, 0x65, 0x08, 0x65, 0x08, 0x65, 0x08, 0x65, 0x08, 0x65, 0x08, 0x65, 0x08,
    0x65, 0x08, 0x66, 0x08, 0x86, 0x10, 0x86, 0x10, 0xc8, 0x10, 0x87, 0x10, 0x86, 0x10, 0x86, 0x10,
    0x86, 0x10, 0x86, 0x10, 0x86, 0x10, 0x86, 0x10, 0x86, 0x10, 0x86, 0x08, 0x86, 0x10, 0x65, 0x08,
    0x65, 0x08, 0x65, 0x08, 0x86, 0x10, 0x86, 0x10, 0x44, 0x08, 0x44, 0x08, 0x44, 0x08, 0x44, 0x08,
    0x44, 0x08, 0x23, 0x08, 0x43, 0x08, 0x23, 0x00, 0x23, 0x00, 0x22, 0x00, 0x23, 0x00, 0x22, 0x00,
    0x22, 0x00, 0x65, 0x08, 0x44, 0x08, 0x22, 0x00, 0x22, 0x00, 0x22, 0x00, 0x22, 0x00, 0x22, 0x00,
    0x22, 0x00, 0x22, 0x00, 0x22, 0x00, 0x22, 0x00, 0x22, 0x00, 0x02, 0x00, 0x02, 0x00, 0x22, 0x00,
    0x01, 0x00, 0x01, 0x00, 0x01, 0x00, 0x01, 0x00, 0x01, 0x00, 0x01, 0x00, 0x01, 0x00, 0x01, 0x00,
    0x44, 0x08, 0x01, 0x00, 0x01, 0x00, 0x01, 0x00, 0x01, 0x00, 0x01, 0x00, 0x01, 0x00, 0x01, 0x00,
    0x01, 0x00, 0x01, 0x00, 0x01, 0x00, 0x44, 0x08, 0x22, 0x00, 0x01, 0x00, 0x01, 0x00, 0x01, 0x00,
    0x01, 0x00, 0x01, 0x00, 0x01, 0x00, 0x01, 0x00, 0x01, 0x00, 0x02, 0x00, 0x22, 0x00, 0x44, 0x08,
    0x01, 0x00, 0x02, 0x00, 0x01, 0x00, 0x02, 0x00, 0x01, 0x00, 0x02, 0x00, 0x01, 0x00, 0x02, 0x00,
    0x01, 0x00, 0x02, 0x00, 0x44, 0x08, 0x23, 0x08, 0x01, 0x00, 0x02, 0x00, 0x01, 0x00, 0x02, 0x00,
    0x01, 0x00, 0x02, 0x00, 0x02, 0x00, 0x02, 0x00, 0x02, 0x00, 0x02, 0x00, 0x65, 0x08, 0x22, 0x00,
    0x02, 0x00, 0x02, 0x00, 0x02, 0x00, 0x22, 0x00, 0x22, 0x00, 0x23, 0x00, 0x23, 0x00, 0x43, 0x08,
    0x23, 0x08, 0x44, 0x08, 0x87, 0x10, 0x44, 0x08, 0x44, 0x08, 0x64, 0x08, 0x65, 0x08, 0x65, 0x08,
    0x65, 0x08, 0x86, 0x08, 0x65, 0x08, 0x65, 0x08, 0x65, 0x08, 0x65, 0x08, 0xa7, 0x10, 0x65, 0x08,
    0x44, 0x08, 0x44, 0x08, 0x43, 0x08, 0x43, 0x08, 0x43, 0x08, 0x43, 0x08, 0x23, 0x00, 0x23, 0x00,
    0x22, 0x00, 0x22, 0x00, 0x65, 0x08, 0x23, 0x08, 0x02, 0x00, 0x22, 0x00, 0x02, 0x00, 0x22, 0x00,
    0x02, 0x00, 0x22, 0x00, 0x02, 0x00, 0x22, 0x00, 0x02, 0x00, 0x22, 0x00, 0x44, 0x08, 0x44, 0x08,
    0x02, 0x00, 0x22, 0x00, 0x02, 0x00, 0x22, 0x00, 0x02, 0x00, 0x22, 0x00, 0x02, 0x00, 0x22, 0x00,
    0x02, 0x00, 0x22, 0x00, 0x23, 0x00, 0x65, 0x08, 0x02, 0x00, 0x22, 0x00, 0x02, 0x00, 0x22, 0x00,
    0x02, 0x00, 0x22, 0x00, 0x02, 0x00, 0x22, 0x00, 0x02, 0x00, 0x22, 0x00, 0x02, 0x00, 0x65, 0x08,
    0x44, 0x08, 0x22, 0x00, 0x02, 0x00, 0x22, 0x00, 0x02, 0x00, 0x22, 0x00, 0x02, 0x00, 0x22, 0x00,
    0x02, 0x00, 0x22, 0x00, 0x02, 0x00, 0x22, 0x00, 0x65, 0x08, 0x23, 0x08, 0x02, 0x00, 0x22, 0x00,
    0x02, 0x00, 0x22, 0x00, 0x02, 0x00, 0x22, 0x00, 0x02, 0x00, 0x22, 0x00, 0x02, 0x00, 0x22, 0x00,
    0x23, 0x00, 0x86, 0x08, 0x23, 0x00, 0x22, 0x00, 0x22, 0x00, 0x22, 0x00, 0x02, 0x00, 0x22, 0x00,
    0x22, 0x00, 0x22, 0x00, 0x02, 0x00, 0x22, 0x00, 0x22, 0x00, 0x23, 0x00, 0x66, 0x08, 0x43, 0x08,
    0x22, 0x00, 0x22, 0x00, 0x22, 0x00, 0x23, 0x00, 0x22, 0x00, 0x23, 0x00, 0x23, 0x00, 0x23, 0x00,
    0x23, 0x00, 0x23, 0x00, 0x23, 0x00, 0x86, 0x10, 0x44, 0x08, 0x23, 0x08, 0x23, 0x00, 0x23, 0x08,
    0x23, 0x08, 0x23, 0x08, 0x23, 0x08, 0x23, 0x08, 0x23, 0x08, 0x43, 0x08, 0x23, 0x08, 0x43, 0x08,
    0x65, 0x08, 0x86, 0x10, 0x23, 0x08, 0x44, 0x08, 0x44, 0x08, 0x44, 0x08, 0x24, 0x08, 0x44, 0x08,
    0x44, 0x08, 0x44, 0x08, 0x44, 0x08, 0x44, 0x08, 0x44, 0x08, 0x65, 0x08, 0x87, 0x10, 0x65, 0x08,
    0x44, 0x08, 0x44, 0x08, 0x44, 0x08, 0x44, 0x08, 0x44, 0x08, 0x44, 0x08, 0x44, 0x08, 0x44, 0x08,
    0x44, 0x08, 0x44, 0x08, 0x44, 0x08, 0x86, 0x10, 0x87, 0x10, 0x45, 0x08, 0x44, 0x08, 0x45, 0x08,
    0x44, 0x08, 0x45, 0x08, 0x44, 0x08, 0x65, 0x08, 0x44, 0x08, 0x65, 0x08, 0x45, 0x08, 0x65, 0x08,
    0x45, 0x08, 0x87, 0x10, 0x87, 0x10, 0x65, 0x08, 0x45, 0x08, 0x65, 0x08, 0x45, 0x08, 0x65, 0x08,
    0x45, 0x08, 0x65, 0x08, 0x45, 0x08, 0x65, 0x08, 0x45, 0x08, 0x65, 0x08, 0x65, 0x08, 0x87, 0x10,
    0xa7, 0x10, 0x66, 0x10, 0x65, 0x08, 0x86, 0x10, 0x66, 0x10, 0x86, 0x10, 0x86, 0x10, 0x86, 0x10,
    0x86, 0x10, 0x87, 0x10, 0x87, 0x10, 0xa7, 0x10, 0x87, 0x10, 0xa8, 0x10, 0xc9, 0x18, 0xa8, 0x10,
    0xa7, 0x10, 0xa7, 0x10, 0x87, 0x10, 0x87, 0x10, 0x86, 0x10, 0x87, 0x10, 0x86, 0x10, 0x86, 0x10,
    0x66, 0x08, 0x86, 0x08, 0x65, 0x08, 0x66, 0x08, 0xa7, 0x10, 0x86, 0x10, 0x45, 0x08, 0x65, 0x08,
    0x44, 0x08, 0x44, 0x08, 0x44, 0x08, 0x44, 0x08, 0x43, 0x08, 0x44, 0x08, 0x43, 0x08, 0x44, 0x08,
    0x23, 0x08, 0x44, 0x08, 0x64, 0x08, 0x86, 0x10, 0x23, 0x08, 0x43, 0x08, 0x23, 0x00, 0x23, 0x08,
    0x23, 0x00, 0x23, 0x08, 0x23, 0x00, 0x23, 0x08, 0x23, 0x00, 0x23, 0x08, 0x23, 0x00, 0x23, 0x08,
    0x22, 0x00, 0x65, 0x08, 0x44, 0x08, 0x23, 0x00, 0x22, 0x00, 0x22, 0x00, 0x22, 0x00, 0x22, 0x00,
    0x22, 0x00, 0x22, 0x00, 0x22, 0x00, 0x22, 0x00, 0x22, 0x00, 0x22, 0x00, 0x02, 0x00, 0x02, 0x00,
    0x01, 0x00, 0x01, 0x00, 0x01, 0x00, 0x01, 0x00, 0x01, 0x00, 0x01, 0x00, 0x01, 0x00, 0x22, 0x00,
    0x44, 0x08, 0x01, 0x00, 0x01, 0x00, 0x01, 0x00, 0x01, 0x00, 0x01, 0x00, 0x01, 0x00, 0x01, 0x00,
    0x01, 0x00, 0x01, 0x00, 0x01, 0x00, 0x64, 0x08, 0x22, 0x00, 0x01, 0x00, 0x01, 0x00, 0x01, 0x00,
    0x01, 0x00, 0x01, 0x00, 0x01, 0x00, 0x01, 0x00, 0x02, 0x00, 0x01, 0x00, 0x23, 0x08, 0x44, 0x08,
    0x02, 0x00, 0x01, 0x00, 0x02, 0x00, 0x01, 0x00, 0x02, 0x00, 0x01, 0x00, 0x02, 0x00, 0x01, 0x00,
    0x02, 0x00, 0x01, 0x00, 0x64, 0x08, 0x23, 0x00, 0x22, 0x00, 0x22, 0x00, 0x23, 0x00, 0x23, 0x00,
    0x23, 0x08, 0x43, 0x08, 0x43, 0x08, 0x44, 0x08, 0x44, 0x08, 0x64, 0x08, 0xa7, 0x10, 0x65, 0x08,
    0x65, 0x08, 0x65, 0x08, 0x65, 0x08, 0x65, 0x08, 0x65, 0x08, 0x65, 0x08, 0x44, 0x08, 0x44, 0x08,
    0x44, 0x08, 0x44, 0x08, 0x86, 0x10, 0x23, 0x08, 0x23, 0x00, 0x23, 0x00, 0x23, 0x00, 0x22, 0x00,
    0x22, 0x00, 0x22, 0x00, 0x02, 0x00, 0x02, 0x00, 0x22, 0x00, 0x23, 0x00, 0x65, 0x08, 0x02, 0x00,
    0x22, 0x00, 0x02, 0x00, 0x22, 0x00, 0x02, 0x00, 0x22, 0x00, 0x02, 0x00, 0x22, 0x00, 0x02, 0x00,
    0x22, 0x00, 0x22, 0x00, 0x85, 0x08, 0x23, 0x00, 0x22, 0x00, 0x02, 0x00, 0x22, 0x00, 0x02, 0x00,
    0x22, 0x00, 0x02, 0x00, 0x22, 0x00, 0x02, 0x00, 0x22, 0x00, 0x02, 0x00, 0x65, 0x08, 0x44, 0x08,
    0x22, 0x00, 0x22, 0x00, 0x22, 0x00, 0x02, 0x00, 0x22, 0x00, 0x22, 0x00, 0x22, 0x00, 0x02, 0x00,
    0x22, 0x00, 0x22, 0x00, 0x43, 0x08, 0x65, 0x08, 0x22, 0x00, 0x22, 0x00, 0x22, 0x00, 0x22, 0x00,
    0x22, 0x00, 0x22, 0x00, 0x22, 0x00, 0x22, 0x00, 0x22, 0x00, 0x22, 0x00, 0x22, 0x00, 0x64, 0x08,
    0x44, 0x08, 0x22, 0x00, 0x22, 0x00, 0x22, 0x00, 0x22, 0x00, 0x22, 0x00, 0x22, 0x00, 0x22, 0x00,
    0x22, 0x00, 0x22, 0x00, 0x22, 0x00, 0x22, 0x00, 0x65, 0x08, 0x23, 0x08, 0x22, 0x00, 0x22, 0x00,
    0x22, 0x00, 0x22, 0x00, 0x22, 0x00, 0x22, 0x00, 0x22, 0x00, 0x22, 0x00, 0x22, 0x00, 0x22, 0x00,
    0x23, 0x00, 0x86, 0x10, 0x23, 0x00, 0x22, 0x00, 0x22, 0x00, 0x22, 0x00, 0x22, 0x00, 0x22, 0x00,
    0x22, 0x00, 0x22, 0x00, 0x22, 0x00, 0x22, 0x00, 0x22, 0x00, 0x23, 0x00, 0x86, 0x08, 0x23, 0x08,
    0x22, 0x00, 0x22, 0x00, 0x22, 0x00, 0x23, 0x00, 0x23, 0x00, 0x23, 0x00, 0x23, 0x00, 0x23, 0x00,
    0x23, 0x00, 0x23, 0x00, 0x23, 0x00, 0x86, 0x08, 0x44, 0x08, 0x23, 0x00, 0x23, 0x08, 0x23, 0x08,
    0x23, 0x08, 0x23, 0x08, 0x23, 0x08, 0x23, 0x08, 0x23, 0x08, 0x23, 0x08, 0x43, 0x08, 0x23, 0x08,
    0x65, 0x08, 0x86, 0x10, 0x44, 0x08, 0x44, 0x08, 0x44, 0x08, 0x44, 0x08, 0x44, 0x08, 0x44, 0x08,
    0x44, 0x08, 0x44, 0x08, 0x44, 0x08, 0x44, 0x08, 0x44, 0x08, 0x44, 0x08, 0xa7, 0x10, 0x65, 0x08,
    0x44, 0x08, 0x44, 0x08, 0x44, 0x08, 0x44, 0x08, 0x44, 0x08, 0x44, 0x08, 0x44, 0x08, 0x44, 0x08,
    0x44, 0x08, 0x44, 0x08, 0x44, 0x08, 0x86, 0x10, 0xa7, 0x10, 0x65, 0x08, 0x45, 0x08, 0x45, 0x08,
    0x45, 0x08, 0x45, 0x08, 0x65, 0x08, 0x45, 0x08, 0x65, 0x08, 0x65, 0x08, 0x65, 0x10, 0x65, 0x08,
    0x66, 0x10, 0xa7, 0x10, 0xa8, 0x10, 0x86, 0x10, 0x86, 0x10, 0x86, 0x10, 0x87, 0x10, 0x87, 0x10,
    0x87, 0x10, 0xa7, 0x10, 0xa7, 0x10, 0xa7, 0x10, 0xa8, 0x10, 0xa8, 0x10, 0xa8, 0x10, 0xc9, 0x18,
    0xea, 0x18, 0xa8, 0x10, 0xa7, 0x10, 0xa7, 0x10, 0xa7, 0x10, 0x87, 0x10, 0x87, 0x10, 0x87, 0x10,
    0x86, 0x10, 0x86, 0x10, 0x86, 0x10, 0x86, 0x10, 0x66, 0x10, 0x86, 0x10, 0xa8, 0x10, 0x66, 0x08,
    0x65, 0x08, 0x65, 0x08, 0x44, 0x08, 0x44, 0x08, 0x44, 0x08, 0x44, 0x08, 0x44, 0x08, 0x44, 0x08,
    0x44, 0x08, 0x44, 0x08, 0x44, 0x08, 0x44, 0x08, 0x87, 0x10, 0x65, 0x08, 0x44, 0x08, 0x44, 0x08,
    0x44, 0x08, 0x44, 0x08, 0x44, 0x08, 0x44, 0x08, 0x44, 0x08, 0x44, 0x08, 0x44, 0x08, 0x43, 0x08,
    0x44, 0x08, 0x43, 0x08, 0x65, 0x08, 0x86, 0x10, 0x44, 0x08, 0x23, 0x08, 0x23, 0x08, 0x23, 0x08,
    0x23, 0x08, 0x23, 0x00, 0x23, 0x00, 0x23, 0x00, 0x23, 0x00, 0x23, 0x00, 0x23, 0x00, 0x23, 0x00,
    0x23, 0x00, 0x44, 0x08, 0x65, 0x08, 0x23, 0x00, 0x23, 0x00, 0x22, 0x00, 0x22, 0x00, 0x22, 0x00,
    0x22, 0x00, 0x22, 0x00, 0x22, 0x00, 0x22, 0x00, 0x22, 0x00, 0x22, 0x00, 0x22, 0x00, 0x02, 0x00,
    0x01, 0x00, 0x01, 0x00, 0x01, 0x00, 0x01, 0x00, 0x01, 0x00, 0x01, 0x00, 0x01, 0x00, 0x22, 0x00,
    0x43, 0x08, 0x01, 0x00, 0x01, 0x00, 0x01, 0x00, 0x01, 0x00, 0x01, 0x00, 0x01, 0x00, 0x01, 0x00,
    0x01, 0x00, 0x01, 0x00, 0x01, 0x00, 0x65, 0x08, 0x01, 0x00, 0x01, 0x00, 0x01, 0x00, 0x01, 0x00,
    0x01, 0x00, 0x01, 0x00, 0x01, 0x00, 0x02, 0x00, 0x22, 0x00, 0x22, 0x00, 0x44, 0x08, 0x44, 0x08,
    0x23, 0x00, 0x23, 0x08, 0x43, 0x08, 0x43, 0x08, 0x43, 0x08, 0x44, 0x08, 0x44, 0x08, 0x64, 0x08,
    0x64, 0x08, 0x65, 0x08, 0xa7, 0x10, 0x65, 0x08, 0x64, 0x08, 0x64, 0x08, 0x64, 0x08, 0x64, 0x08,
    0x44, 0x08, 0x44, 0x08, 0x43, 0x08, 0x43, 0x08, 0x23, 0x00, 0x43, 0x08, 0x86, 0x08, 0x22, 0x00,
    0x22, 0x00, 0x02, 0x00, 0x02, 0x00, 0x02, 0x00, 0x02, 0x00, 0x02, 0x00, 0x02, 0x00, 0x02, 0x00,
    0x02, 0x00, 0x23, 0x00, 0x65, 0x08, 0x02, 0x00, 0x02, 0x00, 0x22, 0x00, 0x02, 0x00, 0x22, 0x00,
    0x02, 0x00, 0x22, 0x00, 0x02, 0x00, 0x22, 0x00, 0x02, 0x00, 0x43, 0x08, 0x65, 0x08, 0x22, 0x00,
    0x02, 0x00, 0x22, 0x00, 0x02, 0x00, 0x22, 0x00, 0x02, 0x00, 0x22, 0x00, 0x02, 0x00, 0x22, 0x00,
    0x02, 0x00, 0x22, 0x00, 0x85, 0x08, 0x22, 0x00, 0x02, 0x00, 0x22, 0x00, 0x02, 0x00, 0x22, 0x00,
    0x02, 0x00, 0x22, 0x00, 0x02, 0x00, 0x22, 0x00, 0x02, 0x00, 0x22, 0x00, 0x65, 0x08, 0x43, 0x08,
    0x02, 0x00, 0x22, 0x00, 0x02, 0x00, 0x22, 0x00, 0x02, 0x00, 0x22, 0x00, 0x02, 0x00, 0x22, 0x00,
    0x02, 0x00, 0x22, 0x00, 0x43, 0x08, 0x65, 0x08, 0x02, 0x00, 0x22, 0x00, 0x02, 0x00, 0x22, 0x00,
    0x02, 0x00, 0x22, 0x00, 0x02, 0x00, 0x22, 0x00, 0x02, 0x00, 0x22, 0x00, 0x22, 0x00, 0x65, 0x08,
    0x44, 0x08, 0x22, 0x00, 0x02, 0x00, 0x22, 0x00, 0x02, 0x00, 0x22, 0x00, 0x22, 0x00, 0x22, 0x00,
    0x02, 0x00, 0x22, 0x00, 0x22, 0x00, 0x22, 0x00, 0x65, 0x08, 0x23, 0x08, 0x22, 0x00, 0x22, 0x00,
    0x02, 0x00, 0x22, 0x00, 0x22, 0x00, 0x22, 0x00, 0x02, 0x00, 0x22, 0x00, 0x22, 0x00, 0x22, 0x00,
    0x23, 0x00, 0x86, 0x08, 0x23, 0x00, 0x22, 0x00, 0x02, 0x00, 0x22, 0x00, 0x22, 0x00, 0x22, 0x00,
    0x02, 0x00, 0x22, 0x00, 0x22, 0x00, 0x22, 0x00, 0x02, 0x00, 0x23, 0x08, 0x86, 0x08, 0x43, 0x08,
    0x02, 0x00, 0x23, 0x00, 0x22, 0x00, 0x23, 0x00, 0x22, 0x00, 0x23, 0x00, 0x23, 0x00, 0x23, 0x00,
    0x23, 0x00, 0x23, 0x00, 0x23, 0x00, 0x86, 0x10, 0x44, 0x08, 0x23, 0x08, 0x23, 0x08, 0x23, 0x08,
    0x23, 0x00, 0x23, 0x08, 0x23, 0x08, 0x43, 0x08, 0x23, 0x08, 0x43, 0x08, 0x23, 0x08, 0x44, 0x08,
    0x65, 0x08, 0x86, 0x10, 0x43, 0x08, 0x44, 0x08, 0x43, 0x08, 0x44, 0x08, 0x43, 0x08, 0x44, 0x08,
    0x44, 0x08, 0x44, 0x08, 0x44, 0x08, 0x44, 0x08, 0x44, 0x08, 0x44, 0x08, 0x87, 0x10, 0x65, 0x10,
    0x44, 0x08, 0x44, 0x08, 0x44, 0x08, 0x44, 0x08, 0x44, 0x08, 0x65, 0x08, 0x45, 0x08, 0x65, 0x10,
    0x45, 0x08, 0x65, 0x08, 0x65, 0x08, 0x87, 0x10, 0xc8, 0x10, 0x87, 0x10, 0x86, 0x10, 0x87, 0x10,
    0x87, 0x10, 0xa7, 0x10, 0x87, 0x10, 0xa7, 0x10, 0xa7, 0x10, 0xa8, 0x10, 0xa8, 0x10, 0xc8, 0x10,
    0xa7, 0x10, 0xc8, 0x10, 0xc9, 0x18, 0xa7, 0x10, 0x87, 0x10, 0xa7, 0x10, 0x87, 0x10, 0x86, 0x10,
    0x86, 0x10, 0x86, 0x10, 0x66, 0x10, 0x86, 0x10, 0x65, 0x08, 0x86, 0x10, 0x65, 0x08, 0x86, 0x10,
    0xa7, 0x10, 0x65, 0x08, 0x45, 0x08, 0x65, 0x08, 0x44, 0x08, 0x65, 0x08, 0x44, 0x08, 0x65, 0x08,
    0x44, 0x08, 0x45, 0x08, 0x44, 0x08, 0x65, 0x08, 0x44, 0x08, 0x65, 0x10, 0xa7, 0x10, 0x65, 0x10,
    0x44, 0x08, 0x44, 0x08, 0x44, 0x08, 0x44, 0x08, 0x44, 0x08, 0x44, 0x08, 0x44, 0x08, 0x44, 0x08,
    0x44, 0x08, 0x44, 0x08, 0x44, 0x08, 0x44, 0x08, 0x86, 0x08, 0x86, 0x10, 0x44, 0x08, 0x44, 0x08,
    0x44, 0x08, 0x44, 0x08, 0x43, 0x08, 0x44, 0x08, 0x23, 0x08, 0x44, 0x08, 0x23, 0x08, 0x44, 0x08,
    0x23, 0x08, 0x43, 0x08, 0x44, 0x08, 0x86, 0x10, 0x44, 0x08, 0x43, 0x08, 0x23, 0x00, 0x43, 0x08,
    0x23, 0x00, 0x23, 0x08, 0x23, 0x00, 0x23, 0x08, 0x23, 0x00, 0x23, 0x08, 0x22, 0x00, 0x23, 0x08,
    0x22, 0x00, 0x44, 0x08, 0x65, 0x08, 0x43, 0x08, 0x22, 0x00, 0x22, 0x00, 0x22, 0x00, 0x23, 0x00,
    0x22, 0x00, 0x22, 0x00, 0x22, 0x00, 0x22, 0x00, 0x22, 0x00, 0x22, 0x00, 0x22, 0x00, 0x22, 0x00,
    0x01, 0x00, 0x01, 0x00, 0x01, 0x00, 0x01, 0x00, 0x01, 0x00, 0x01, 0x00, 0x01, 0x00, 0x43, 0x08,
    0x23, 0x00, 0x01, 0x00, 0x01, 0x00, 0x01, 0x00, 0x02, 0x00, 0x22, 0x00, 0x22, 0x00, 0x22, 0x00,
    0x22, 0x00, 0x22, 0x00, 0x43, 0x08, 0x85, 0x08, 0x43, 0x08, 0x43, 0x08, 0x44, 0x08, 0x44, 0x08,
    0x44, 0x08, 0x64, 0x08, 0x65, 0x08, 0x65, 0x08, 0x65, 0x08, 0x44, 0x08, 0x86, 0x10, 0x65, 0x08,
    0x44, 0x08, 0x43, 0x08, 0x43, 0x08, 0x43, 0x08, 0x23, 0x08, 0x23, 0x00, 0x23, 0x00, 0x22, 0x00,
    0x22, 0x00, 0x22, 0x00, 0x65, 0x08, 0x02, 0x00, 0x02, 0x00, 0x02, 0x00, 0x02, 0x00, 0x02, 0x00,
    0x02, 0x00, 0x02, 0x00, 0x02, 0x00, 0x02, 0x00, 0x02, 0x00, 0x23, 0x00, 0x64, 0x08, 0x02, 0x00,
    0x02, 0x00, 0x02, 0x00, 0x02, 0x00, 0x02, 0x00, 0x02, 0x00, 0x02, 0x00, 0x02, 0x00, 0x02, 0x00,
    0x02, 0x00, 0x23, 0x00, 0x65, 0x08, 0x02, 0x00, 0x02, 0x00, 0x02, 0x00, 0x22, 0x00, 0x02, 0x00,
    0x02, 0x00, 0x02, 0x00, 0x22, 0x00, 0x02, 0x00, 0x02, 0x00, 0x43, 0x08, 0x65, 0x08, 0x02, 0x00,
    0x02, 0x00, 0x02, 0x00, 0x22, 0x00, 0x02, 0x00, 0x22, 0x00, 0x02, 0x00, 0x22, 0x00, 0x02, 0x00,
    0x22, 0x00, 0x23, 0x00, 0x65, 0x08, 0x02, 0x00, 0x22, 0x00, 0x02, 0x00, 0x22, 0x00, 0x22, 0x00,
    0x22, 0x00, 0x02, 0x00, 0x22, 0x00, 0x22, 0x00, 0x22, 0x00, 0x02, 0x00, 0x65, 0x08, 0x43, 0x08,
    0x22, 0x00, 0x02, 0x00, 0x22, 0x00, 0x22, 0x00, 0x22, 0x00, 0x02, 0x00, 0x22, 0x00, 0x22, 0x00,
    0x22, 0x00, 0x02, 0x00, 0x44, 0x08, 0x65, 0x08, 0x22, 0x00, 0x22, 0x00, 0x22, 0x00, 0x22, 0x00,
    0x22, 0x00, 0x22, 0x00, 0x22, 0x00, 0x22, 0x00, 0x22, 0x00, 0x22, 0x00, 0x22, 0x00, 0x65, 0x08,
    0x44, 0x08, 0x22, 0x00, 0x22, 0x00, 0x22, 0x00, 0x22, 0x00, 0x22, 0x00, 0x22, 0x00, 0x22, 0x00,
    0x22, 0x00, 0x22, 0x00, 0x22, 0x00, 0x23, 0x00, 0x86, 0x08, 0x23, 0x08, 0x22, 0x00, 0x22, 0x00,
    0x22, 0x00, 0x22, 0x00, 0x22, 0x00, 0x22, 0x00, 0x22, 0x00, 0x22, 0x00, 0x22, 0x00, 0x22, 0x00,
    0x23, 0x00, 0x86, 0x08, 0x23, 0x00, 0x22, 0x00, 0x22, 0x00, 0x22, 0x00, 0x22, 0x00, 0x22, 0x00,
    0x22, 0x00, 0x22, 0x00, 0x22, 0x00, 0x22, 0x00, 0x22, 0x00, 0x23, 0x00, 0x86, 0x10, 0x43, 0x08,
    0x22, 0x00, 0x22, 0x00, 0x23, 0x00, 0x23, 0x00, 0x23, 0x00, 0x23, 0x00, 0x23, 0x00, 0x23, 0x00,
    0x23, 0x00, 0x23, 0x00, 0x23, 0x08, 0x86, 0x10, 0x65, 0x08, 0x23, 0x08, 0x23, 0x08, 0x23, 0x08,
    0x23, 0x08, 0x23, 0x08, 0x23, 0x08, 0x23, 0x08, 0x43, 0x08, 0x43, 0x08, 0x44, 0x08, 0x44, 0x08,
    0x65, 0x08, 0x86, 0x08, 0x44, 0x08, 0x44, 0x08, 0x44, 0x08, 0x44, 0x08, 0x65, 0x08, 0x65, 0x08,
    0x65, 0x08, 0x65, 0x08, 0x65, 0x10, 0x66, 0x10, 0x86, 0x10, 0x86, 0x10, 0xc9, 0x18, 0xa8, 0x10,
    0x87, 0x10, 0x87, 0x10, 0x87, 0x10, 0xa7, 0x10, 0xa8, 0x10, 0xa8, 0x10, 0xa8, 0x10, 0xa7, 0x10,
    0xa7, 0x10, 0xa7, 0x10, 0xa7, 0x10, 0xa7, 0x10, 0xc9, 0x18, 0x87, 0x10, 0x86, 0x10, 0x86, 0x10,
    0x86, 0x10, 0x86, 0x10, 0x86, 0x10, 0x66, 0x10, 0x66, 0x10, 0x65, 0x10, 0x65, 0x08, 0x65, 0x08,
    0x65, 0x08, 0x86, 0x10, 0xa8, 0x10, 0x65, 0x08, 0x65, 0x08, 0x65, 0x08, 0x65, 0x08, 0x65, 0x08,
    0x65, 0x08, 0x65, 0x08, 0x65, 0x08, 0x65, 0x08, 0x65, 0x08, 0x65, 0x08, 0x65, 0x08, 0x86, 0x10,
    0xc8, 0x10, 0x66, 0x10, 0x65, 0x08, 0x65, 0x08, 0x65, 0x08, 0x65, 0x08, 0x65, 0x08, 0x65, 0x08,
    0x65, 0x08, 0x45, 0x08, 0x65, 0x08, 0x65, 0x08, 0x65, 0x08, 0x65, 0x08, 0xa8, 0x10, 0x86, 0x10,
    0x45, 0x08, 0x45, 0x08, 0x65, 0x08, 0x45, 0x08, 0x45, 0x08, 0x45, 0x08, 0x45, 0x08, 0x44, 0x08,
    0x44, 0x08, 0x44, 0x08, 0x44, 0x08, 0x44, 0x08, 0x86, 0x10, 0x66, 0x10, 0x44, 0x08, 0x44, 0x08,
    0x44, 0x08, 0x44, 0x08, 0x44, 0x08, 0x44, 0x08, 0x44, 0x08, 0x44, 0x08, 0x44, 0x08, 0x44, 0x08,
    0x44, 0x08, 0x44, 0x08, 0x44, 0x08, 0x86, 0x10, 0x65, 0x08, 0x23, 0x08, 0x43, 0x08, 0x23, 0x08,
    0x23, 0x08, 0x23, 0x08, 0x23, 0x08, 0x23, 0x08, 0x23, 0x08, 0x23, 0x00, 0x23, 0x08, 0x23, 0x00,
    0x23, 0x00, 0x44, 0x08, 0x66, 0x08, 0x43, 0x08, 0x23, 0x00, 0x23, 0x00, 0x23, 0x00, 0x23, 0x00,
    0x22, 0x00, 0x22, 0x00, 0x22, 0x00, 0x22, 0x00, 0x22, 0x00, 0x22, 0x00, 0x22, 0x00, 0x22, 0x00,
    0x22, 0x00, 0x22, 0x00, 0x22, 0x00, 0x23, 0x00, 0x23, 0x00, 0x43, 0x08, 0x43, 0x08, 0x65, 0x08,
    0x65, 0x08, 0x44, 0x08, 0x44, 0x08, 0x64, 0x08, 0x64, 0x08, 0x44, 0x08, 0x44, 0x08, 0x44, 0x08,
    0x43, 0x08, 0x43, 0x08, 0x44, 0x08, 0x65, 0x08, 0x23, 0x00, 0x23, 0x00, 0x22, 0x00, 0x22, 0x00,
    0x22, 0x00, 0x22, 0x00, 0x01, 0x00, 0x02, 0x00, 0x01, 0x00, 0x02, 0x00, 0x44, 0x08, 0x23, 0x00,
    0x01, 0x00, 0x02, 0x00, 0x01, 0x00, 0x02, 0x00, 0x01, 0x00, 0x02, 0x00, 0x01, 0x00, 0x02, 0x00,
    0x01, 0x00, 0x22, 0x00, 0x65, 0x08, 0x02, 0x00, 0x02, 0x00, 0x02, 0x00, 0x02, 0x00, 0x02, 0x00,
    0x02, 0x00, 0x02, 0x00, 0x02, 0x00, 0x02, 0x00, 0x02, 0x00, 0x43, 0x08, 0x44, 0x08, 0x02, 0x00,
    0x02, 0x00, 0x02, 0x00, 0x02, 0x00, 0x02, 0x00, 0x02, 0x00, 0x02, 0x00, 0x02, 0x00, 0x02, 0x00,
    0x02, 0x00, 0x44, 0x08, 0x44, 0x08, 0x22, 0x00, 0x02, 0x00, 0x22, 0x00, 0x02, 0x00, 0x22, 0x00,
    0x02, 0x00, 0x22, 0x00, 0x02, 0x00, 0x22, 0x00, 0x02, 0x00, 0x44, 0x08, 0x44, 0x08, 0x22, 0x00,
    0x02, 0x00, 0x22, 0x00, 0x02, 0x00, 0x22, 0x00, 0x02, 0x00, 0x22, 0x00, 0x02, 0x00, 0x22, 0x00,
    0x02, 0x00, 0x23, 0x08, 0x65, 0x08, 0x22, 0x00, 0x02, 0x00, 0x22, 0x00, 0x02, 0x00, 0x22, 0x00,
    0x02, 0x00, 0x22, 0x00, 0x02, 0x00, 0x22, 0x00, 0x02, 0x00, 0x22, 0x00, 0x65, 0x08, 0x23, 0x08,
    0x02, 0x00, 0x22, 0x00, 0x02, 0x00, 0x22, 0x00, 0x02, 0x00, 0x22, 0x00, 0x02, 0x00, 0x22, 0x00,
    0x02, 0x00, 0x22, 0x00, 0x44, 0x08, 0x65, 0x08, 0x02, 0x00, 0x22, 0x00, 0x02, 0x00, 0x22, 0x00,
    0x02, 0x00, 0x22, 0x00, 0x02, 0x00, 0x22, 0x00, 0x02, 0x00, 0x22, 0x00, 0x02, 0x00, 0x65, 0x08,
    0x43, 0x08, 0x22, 0x00, 0x02, 0x00, 0x22, 0x00, 0x22, 0x00, 0x22, 0x00, 0x02, 0x00, 0x22, 0x00,
    0x02, 0x00, 0x22, 0x00, 0x02, 0x00, 0x23, 0x00, 0x86, 0x08, 0x23, 0x08, 0x22, 0x00, 0x22, 0x00,
    0x22, 0x00, 0x22, 0x00, 0x02, 0x00, 0x22, 0x00, 0x22, 0x00, 0x22, 0x00, 0x22, 0x00, 0x22, 0x00,
    0x23, 0x08, 0x86, 0x08, 0x23, 0x00, 0x22, 0x00, 0x22, 0x00, 0x22, 0x00, 0x22, 0x00, 0x22, 0x00,
    0x22, 0x00, 0x22, 0x00, 0x22, 0x00, 0x22, 0x00, 0x22, 0x00, 0x23, 0x08, 0x86, 0x08, 0x43, 0x08,
    0x22, 0x00, 0x23, 0x00, 0x23, 0x00, 0x23, 0x00, 0x23, 0x00, 0x23, 0x00, 0x23, 0x00, 0x23, 0x00,
    0x23, 0x00, 0x23, 0x08, 0x23, 0x00, 0x86, 0x10, 0x65, 0x08, 0x44, 0x08, 0x44, 0x08, 0x44, 0x08,
    0x64, 0x08, 0x65, 0x08, 0x65, 0x08, 0x65, 0x08, 0x65, 0x08, 0x66, 0x10, 0x86, 0x10, 0x86, 0x10,
    0xa7, 0x10, 0xc9, 0x18, 0x87, 0x10, 0xa7, 0x10, 0x87, 0x10, 0xa7, 0x10, 0xa7, 0x10, 0xa7, 0x10,
    0x87, 0x10, 0x87, 0x10, 0x86, 0x10, 0x86, 0x10, 0x86, 0x10, 0x86, 0x10, 0xa8, 0x10, 0xa7, 0x10,
    0x65, 0x10, 0x65, 0x08, 0x65, 0x08, 0x65, 0x10, 0x65, 0x08, 0x65, 0x08, 0x65, 0x08, 0x45, 0x08,
    0x45, 0x08, 0x65, 0x08, 0x45, 0x08, 0x65, 0x10, 0xa8, 0x10, 0x66, 0x10, 0x45, 0x08, 0x65, 0x08,
    0x65, 0x08, 0x65, 0x08, 0x45, 0x08, 0x65, 0x08, 0x65, 0x08, 0x65, 0x08, 0x45, 0x08, 0x65, 0x08,
    0x45, 0x08, 0x86, 0x10, 0xa8, 0x10, 0x86, 0x10, 0x65, 0x08, 0x65, 0x08, 0x65, 0x08, 0x65, 0x08,
    0x65, 0x08, 0x65, 0x08, 0x65, 0x08, 0x65, 0x08, 0x65, 0x08, 0x65, 0x10, 0x65, 0x08, 0x86, 0x10,
    0xa8, 0x10, 0x86, 0x10, 0x65, 0x08, 0x65, 0x10, 0x65, 0x08, 0x65, 0x10, 0x65, 0x08, 0x65, 0x08,
    0x45, 0x08, 0x65, 0x08, 0x45, 0x08, 0x65, 0x08, 0x45, 0x08, 0x65, 0x08, 0xa7, 0x10, 0x86, 0x10,
    0x45, 0x08, 0x65, 0x08, 0x45, 0x08, 0x65, 0x08, 0x45, 0x08, 0x65, 0x08, 0x44, 0x08, 0x65, 0x08,
    0x44, 0x08, 0x45, 0x08, 0x44, 0x08, 0x45, 0x08, 0x86, 0x10, 0x87, 0x10, 0x44, 0x08, 0x44, 0x08,
    0x44, 0x08, 0x44, 0x08, 0x44, 0x08, 0x44, 0x08, 0x44, 0x08, 0x44, 0x08, 0x44, 0x08, 0x44, 0x08,
    0x44, 0x08, 0x44, 0x08, 0x44, 0x08, 0x86, 0x10, 0x65, 0x08, 0x44, 0x08, 0x23, 0x08, 0x44, 0x08,
    0x23, 0x08, 0x43, 0x08, 0x23, 0x08, 0x23, 0x08, 0x23, 0x00, 0x23, 0x08, 0x23, 0x00, 0x23, 0x08,
    0x23, 0x00, 0x44, 0x08, 0x65, 0x08, 0x44, 0x08, 0x23, 0x00, 0x23, 0x08, 0x22, 0x00, 0x23, 0x00,
    0x22, 0x00, 0x23, 0x00, 0x22, 0x00, 0x22, 0x00, 0x22, 0x00, 0x22, 0x00, 0x22, 0x00, 0x22, 0x00,
    0x43, 0x08, 0x43, 0x08, 0x43, 0x08, 0x23, 0x00, 0x23, 0x00, 0x22, 0x00, 0x22, 0x00, 0x65, 0x08,
    0x22, 0x00, 0x22, 0x00, 0x01, 0x00, 0x01, 0x00, 0x01, 0x00, 0x01, 0x00, 0x01, 0x00, 0x01, 0x00,
    0x01, 0x00, 0x01, 0x00, 0x23, 0x00, 0x43, 0x08, 0x01, 0x00, 0x01, 0x00, 0x01, 0x00, 0x01, 0x00,
    0x01, 0x00, 0x01, 0x00, 0x01, 0x00, 0x01, 0x00, 0x01, 0x00, 0x01, 0x00, 0x65, 0x08, 0x22, 0x00,
    0x01, 0x00, 0x01, 0x00, 0x01, 0x00, 0x01, 0x00, 0x01, 0x00, 0x01, 0x00, 0x01, 0x00, 0x01, 0x00,
    0x01, 0x00, 0x23, 0x00, 0x64, 0x08, 0x01, 0x00, 0x02, 0x00, 0x02, 0x00, 0x02, 0x00, 0x02, 0x00,
    0x02, 0x00, 0x02, 0x00, 0x02, 0x00, 0x02, 0x00, 0x02, 0x00, 0x43, 0x08, 0x44, 0x08, 0x02, 0x00,
    0x02, 0x00, 0x02, 0x00, 0x02, 0x00, 0x02, 0x00, 0x02, 0x00, 0x02, 0x00, 0x02, 0x00, 0x02, 0x00,
    0x02, 0x00, 0x44, 0x08, 0x44, 0x08, 0x02, 0x00, 0x22, 0x00, 0x02, 0x00, 0x02, 0x00, 0x02, 0x00,
    0x22, 0x00, 0x02, 0x00, 0x02, 0x00, 0x02, 0x00, 0x22, 0x00, 0x44, 0x08, 0x44, 0x08, 0x02, 0x00,
    0x22, 0x00, 0x02, 0x00, 0x22, 0x00, 0x02, 0x00, 0x22, 0x00, 0x02, 0x00, 0x22, 0x00, 0x02, 0x00,
    0x22, 0x00, 0x43, 0x08, 0x65, 0x08, 0x02, 0x00, 0x22, 0x00, 0x02, 0x00, 0x22, 0x00, 0x02, 0x00,
    0x22, 0x00, 0x02, 0x00, 0x22, 0x00, 0x02, 0x00, 0x22, 0x00, 0x22, 0x00, 0x85, 0x08, 0x23, 0x08,
    0x22, 0x00, 0x22, 0x00, 0x22, 0x00, 0x02, 0x00, 0x22, 0x00, 0x22, 0x00, 0x22, 0x00, 0x22, 0x00,
    0x22, 0x00, 0x22, 0x00, 0x44, 0x08, 0x64, 0x08, 0x22, 0x00, 0x22, 0x00, 0x22, 0x00, 0x22, 0x00,
    0x22, 0x00, 0x22, 0x00, 0x22, 0x00, 0x22, 0x00, 0x22, 0x00, 0x22, 0x00, 0x22, 0x00, 0x65, 0x08,
    0x43, 0x08, 0x22, 0x00, 0x22, 0x00, 0x22, 0x00, 0x22, 0x00, 0x22, 0x00, 0x22, 0x00, 0x22, 0x00,
    0x22, 0x00, 0x22, 0x00, 0x22, 0x00, 0x23, 0x00, 0x86, 0x08, 0x23, 0x00, 0x22, 0x00, 0x22, 0x00,
    0x22, 0x00, 0x22, 0x00, 0x22, 0x00, 0x22, 0x00, 0x22, 0x00, 0x22, 0x00, 0x22, 0x00, 0x22, 0x00,
    0x23, 0x08, 0x86, 0x08, 0x23, 0x00, 0x22, 0x00, 0x22, 0x00, 0x22, 0x00, 0x22, 0x00, 0x22, 0x00,
    0x22, 0x00, 0x22, 0x00, 0x22, 0x00, 0x23, 0x00, 0x43, 0x08, 0x43, 0x08, 0x87, 0x10, 0x64, 0x08,
    0x44, 0x08, 0x44, 0x08, 0x45, 0x08, 0x64, 0x08, 0x65, 0x08, 0x65, 0x08, 0x65, 0x08, 0x85, 0x08,
    0x86, 0x10, 0x86, 0x10, 0x86, 0x10, 0xc8, 0x10, 0xa8, 0x10, 0x86, 0x10, 0x86, 0x10, 0x86, 0x10,
    0x86, 0x10, 0x85, 0x08, 0x86, 0x10, 0x65, 0x08, 0x65, 0x08, 0x65, 0x08, 0x65, 0x08, 0x65, 0x08,
    0x86, 0x10, 0xa7, 0x10, 0x64, 0x08, 0x44, 0x08, 0x44, 0x08, 0x44, 0x08, 0x44, 0x08, 0x44, 0x08,
    0x44, 0x08, 0x44, 0x08, 0x44, 0x08, 0x44, 0x08, 0x44, 0x08, 0x44, 0x08, 0x87, 0x10, 0x66, 0x10,
    0x44, 0x08, 0x44, 0x08, 0x44, 0x08, 0x44, 0x08, 0x44, 0x08, 0x44, 0x08, 0x44, 0x08, 0x44, 0x08,
    0x44, 0x08, 0x44, 0x08, 0x44, 0x08, 0x65, 0x08, 0xa8, 0x10, 0x66, 0x10, 0x45, 0x08, 0x45, 0x08,
    0x45, 0x08, 0x45, 0x08, 0x45, 0x08, 0x45, 0x08, 0x65, 0x08, 0x65, 0x08, 0x65, 0x08, 0x65, 0x08,
    0x65, 0x08, 0x66, 0x10, 0xa8, 0x10, 0x66, 0x10, 0x65, 0x08, 0x65, 0x08, 0x65, 0x08, 0x65, 0x08,
    0x65, 0x08, 0x65, 0x08, 0x65, 0x08, 0x65, 0x08, 0x65, 0x08, 0x65, 0x08, 0x65, 0x08, 0x65, 0x10,
    0xc8, 0x10, 0x86, 0x10, 0x65, 0x08, 0x65, 0x08, 0x65, 0x08, 0x65, 0x08, 0x65, 0x08, 0x65, 0x08,
    0x65, 0x08, 0x45, 0x08, 0x45, 0x08, 0x45, 0x08, 0x45, 0x08, 0x45, 0x08, 0x87, 0x10, 0x86, 0x10,
    0x45, 0x08, 0x45, 0x08, 0x44, 0x08, 0x44, 0x08, 0x45, 0x08, 0x44, 0x08, 0x44, 0x08, 0x44, 0x08,
    0x44, 0x08, 0x44, 0x08, 0x44, 0x08, 0x44, 0x08, 0x65, 0x10, 0x87, 0x10, 0x65, 0x08, 0x44, 0x08,
    0x44, 0x08, 0x44, 0x08, 0x44, 0x08, 0x44, 0x08, 0x44, 0x08, 0x44, 0x08, 0x44, 0x08, 0x43, 0x08,
    0x44, 0x08, 0x43, 0x08, 0x44, 0x08, 0x65, 0x08, 0x65, 0x08, 0x23, 0x08, 0x43, 0x08, 0x23, 0x08,
    0x43, 0x08, 0x23, 0x00, 0x23, 0x00, 0x23, 0x00, 0x23, 0x08, 0x23, 0x00, 0x23, 0x08, 0x23, 0x00,
    0x23, 0x00, 0x23, 0x00, 0x65, 0x08, 0x44, 0x08, 0x23, 0x00, 0x22, 0x00, 0x22, 0x00, 0x22, 0x00,
    0x22, 0x00, 0x22, 0x00, 0x22, 0x00, 0x22, 0x00, 0x22, 0x00, 0x22, 0x00, 0x22, 0x00, 0x22, 0x00,
    0x01, 0x00, 0x01, 0x00, 0x01, 0x00, 0x01, 0x00, 0x01, 0x00, 0x01, 0x00, 0x01, 0x00, 0x64, 0x08,
    0x01, 0x00, 0x01, 0x00, 0x01, 0x00, 0x01, 0x00, 0x01, 0x00, 0x01, 0x00, 0x01, 0x00, 0x01, 0x00,
    0x01, 0x00, 0x01, 0x00, 0x43, 0x08, 0x23, 0x00, 0x01, 0x00, 0x02, 0x00, 0x01, 0x00, 0x02, 0x00,
    0x01, 0x00, 0x02, 0x00, 0x01, 0x00, 0x02, 0x00, 0x01, 0x00, 0x22, 0x00, 0x65, 0x08, 0x02, 0x00,
    0x01, 0x00, 0x02, 0x00, 0x01, 0x00, 0x02, 0x00, 0x01, 0x00, 0x02, 0x00, 0x01, 0x00, 0x02, 0x00,
    0x02, 0x00, 0x23, 0x08, 0x44, 0x08, 0x02, 0x00, 0x02, 0x00, 0x02, 0x00, 0x02, 0x00, 0x02, 0x00,
    0x02, 0x00, 0x02, 0x00, 0x02, 0x00, 0x02, 0x00, 0x02, 0x00, 0x44, 0x08, 0x43, 0x08, 0x02, 0x00,
    0x02, 0x00, 0x02, 0x00, 0x02, 0x00, 0x02, 0x00, 0x02, 0x00, 0x22, 0x00, 0x02, 0x00, 0x22, 0x00,
    0x02, 0x00, 0x64, 0x08, 0x43, 0x08, 0x22, 0x00, 0x02, 0x00, 0x22, 0x00, 0x02, 0x00, 0x22, 0x00,
    0x02, 0x00, 0x22, 0x00, 0x02, 0x00, 0x22, 0x00, 0x02, 0x00, 0x44, 0x08, 0x44, 0x08, 0x22, 0x00,
    0x02, 0x00, 0x22, 0x00, 0x02, 0x00, 0x22, 0x00, 0x02, 0x00, 0x22, 0x00, 0x02, 0x00, 0x22, 0x00,
    0x02, 0x00, 0x44, 0x08, 0x65, 0x08, 0x22, 0x00, 0x02, 0x00, 0x22, 0x00, 0x02, 0x00, 0x22, 0x00,
    0x02, 0x00, 0x22, 0x00, 0x02, 0x00, 0x22, 0x00, 0x02, 0x00, 0x22, 0x00, 0x66, 0x08, 0x23, 0x00,
    0x02, 0x00, 0x22, 0x00, 0x02, 0x00, 0x22, 0x00, 0x02, 0x00, 0x22, 0x00, 0x02, 0x00, 0x22, 0x00,
    0x02, 0x00, 0x22, 0x00, 0x44, 0x08, 0x44, 0x08, 0x02, 0x00, 0x22, 0x00, 0x02, 0x00, 0x22, 0x00,
    0x02, 0x00, 0x22, 0x00, 0x22, 0x00, 0x22, 0x00, 0x02, 0x00, 0x22, 0x00, 0x22, 0x00, 0x65, 0x08,
    0x23, 0x00, 0x22, 0x00, 0x22, 0x00, 0x22, 0x00, 0x02, 0x00, 0x22, 0x00, 0x22, 0x00, 0x22, 0x00,
    0x02, 0x00, 0x22, 0x00, 0x22, 0x00, 0x23, 0x00, 0x66, 0x08, 0x23, 0x00, 0x22, 0x00, 0x22, 0x00,
    0x02, 0x00, 0x22, 0x00, 0x23, 0x00, 0x23, 0x00, 0x23, 0x00, 0x23, 0x08, 0x43, 0x08, 0x44, 0x08,
    0x44, 0x08, 0xa7, 0x10, 0x64, 0x08, 0x44, 0x08, 0x64, 0x08, 0x65, 0x08, 0x65, 0x08, 0x65, 0x08,
    0x65, 0x08, 0x66, 0x08, 0x86, 0x08, 0x86, 0x10, 0x86, 0x08, 0x86, 0x10, 0xc8, 0x10, 0x86, 0x10,
    0x65, 0x08, 0x65, 0x08, 0x65, 0x08, 0x65, 0x08, 0x45, 0x08, 0x65, 0x08, 0x44, 0x08, 0x64, 0x08,
    0x44, 0x08, 0x44, 0x08, 0x44, 0x08, 0x86, 0x10, 0x65, 0x08, 0x23, 0x08, 0x23, 0x08, 0x43, 0x08,
    0x23, 0x08, 0x44, 0x08, 0x23, 0x08, 0x44, 0x08, 0x43, 0x08, 0x44, 0x08, 0x44, 0x08, 0x44, 0x08,
    0x65, 0x08, 0x87, 0x10, 0x44, 0x08, 0x44, 0x08, 0x44, 0x08, 0x44, 0x08, 0x44, 0x08, 0x44, 0x08,
    0x44, 0x08, 0x44, 0x08, 0x44, 0x08, 0x44, 0x08, 0x44, 0x08, 0x44, 0x08, 0x87, 0x10, 0x86, 0x10,
    0x44, 0x08, 0x45, 0x08, 0x44, 0x08, 0x45, 0x08, 0x45, 0x08, 0x45, 0x08, 0x45, 0x08, 0x65, 0x08,
    0x45, 0x08, 0x65, 0x08, 0x65, 0x08, 0x65, 0x08, 0xa8, 0x10, 0x86, 0x10, 0x65, 0x08, 0x65, 0x08,
    0x45, 0x08, 0x65, 0x08, 0x65, 0x08, 0x65, 0x08, 0x45, 0x08, 0x65, 0x08, 0x65, 0x08, 0x65, 0x08,
    0x65, 0x08, 0x86, 0x10, 0xc8, 0x10, 0x86, 0x10, 0x65, 0x08, 0x65, 0x10, 0x65, 0x08, 0x65, 0x10,
    0x65, 0x08, 0x65, 0x10, 0x65, 0x08, 0x66, 0x10, 0x65, 0x08, 0x66, 0x10, 0x65, 0x10, 0x66, 0x10,
    0xa8, 0x10, 0x87, 0x10, 0x65, 0x10, 0x66, 0x10, 0x65, 0x08, 0x66, 0x10, 0x65, 0x08, 0x66, 0x10,
    0x65, 0x08, 0x65, 0x10, 0x65, 0x08, 0x65, 0x08, 0x45, 0x08, 0x65, 0x08, 0x87, 0x10, 0x87, 0x10,
    0x45, 0x08, 0x65, 0x08, 0x45, 0x08, 0x65, 0x08, 0x45, 0x08, 0x65, 0x08, 0x45, 0x08, 0x65, 0x08,
    0x45, 0x08, 0x65, 0x08, 0x45, 0x08, 0x65, 0x08, 0x65, 0x08, 0xa7, 0x10, 0x65, 0x08, 0x45, 0x08,
    0x44, 0x08, 0x44, 0x08, 0x44, 0x08, 0x44, 0x08, 0x44, 0x08, 0x44, 0x08, 0x44, 0x08, 0x44, 0x08,
    0x44, 0x08, 0x44, 0x08, 0x44, 0x08, 0x86, 0x10, 0x66, 0x08, 0x44, 0x08, 0x43, 0x08, 0x44, 0x08,
    0x43, 0x08, 0x44, 0x08, 0x23, 0x08, 0x43, 0x08, 0x23, 0x08, 0x23, 0x08, 0x23, 0x00, 0x23, 0x08,
    0x23, 0x00, 0x23, 0x08, 0x65, 0x08, 0x65, 0x08, 0x23, 0x00, 0x23, 0x08, 0x23, 0x00, 0x23, 0x08,
    0x22, 0x00, 0x23, 0x00, 0x22, 0x00, 0x23, 0x00, 0x22, 0x00, 0x22, 0x00, 0x22, 0x00, 0x22, 0x00,
    0x01, 0x00, 0x01, 0x00, 0x01, 0x00, 0x01, 0x00, 0x01, 0x00, 0x01, 0x00, 0x22, 0x00, 0x44, 0x08,
    0x01, 0x00, 0x01, 0x00, 0x01, 0x00, 0x01, 0x00, 0x01, 0x00, 0x01, 0x00, 0x01, 0x00, 0x01, 0x00,
    0x01, 0x00, 0x01, 0x00, 0x44, 0x08, 0x22, 0x00, 0x02, 0x00, 0x01, 0x00, 0x02, 0x00, 0x01, 0x00,
    0x02, 0x00, 0x01, 0x00, 0x02, 0x00, 0x01, 0x00, 0x01, 0x00, 0x22, 0x00, 0x44, 0x08, 0x01, 0x00,
    0x01, 0x00, 0x01, 0x00, 0x02, 0x00, 0x01, 0x00, 0x01, 0x00, 0x01, 0x00, 0x02, 0x00, 0x02, 0x00,
    0x02, 0x00, 0x43, 0x08, 0x43, 0x08, 0x02, 0x00, 0x02, 0x00, 0x02, 0x00, 0x02, 0x00, 0x02, 0x00,
    0x02, 0x00, 0x02, 0x00, 0x02, 0x00, 0x02, 0x00, 0x02, 0x00, 0x44, 0x08, 0x23, 0x00, 0x02, 0x00,
    0x02, 0x00, 0x02, 0x00, 0x02, 0x00, 0x02, 0x00, 0x02, 0x00, 0x02, 0x00, 0x22, 0x00, 0x02, 0x00,
    0x02, 0x00, 0x65, 0x08, 0x43, 0x08, 0x02, 0x00, 0x02, 0x00, 0x02, 0x00, 0x22, 0x00, 0x02, 0x00,
    0x02, 0x00, 0x02, 0x00, 0x22, 0x00, 0x02, 0x00, 0x02, 0x00, 0x44, 0x08, 0x44, 0x08, 0x02, 0x00,
    0x22, 0x00, 0x02, 0x00, 0x22, 0x00, 0x02, 0x00, 0x22, 0x00, 0x02, 0x00, 0x22, 0x00, 0x22, 0x00,
    0x22, 0x00, 0x44, 0x08, 0x64, 0x08, 0x22, 0x00, 0x22, 0x00, 0x02, 0x00, 0x22, 0x00, 0x22, 0x00,
    0x22, 0x00, 0x02, 0x00, 0x22, 0x00, 0x22, 0x00, 0x22, 0x00, 0x23, 0x00, 0x86, 0x08, 0x22, 0x00,
    0x22, 0x00, 0x02, 0x00, 0x22, 0x00, 0x22, 0x00, 0x22, 0x00, 0x02, 0x00, 0x22, 0x00, 0x22, 0x00,
    0x22, 0x00, 0x22, 0x00, 0x44, 0x08, 0x44, 0x08, 0x22, 0x00, 0x22, 0x00, 0x22, 0x00, 0x22, 0x00,
    0x22, 0x00, 0x22, 0x00, 0x22, 0x00, 0x22, 0x00, 0x22, 0x00, 0x22, 0x00, 0x22, 0x00, 0x65, 0x08,
    0x43, 0x08, 0x23, 0x00, 0x23, 0x00, 0x23, 0x00, 0x23, 0x08, 0x43, 0x08, 0x43, 0x08, 0x44, 0x08,
    0x44, 0x08, 0x44, 0x08, 0x44, 0x08, 0x65, 0x08, 0xa8, 0x10, 0x65, 0x08, 0x65, 0x08, 0x65, 0x08,
    0x85, 0x08, 0x86, 0x08, 0x86, 0x08, 0x86, 0x08, 0x65, 0x08, 0x65, 0x08, 0x65, 0x08, 0x65, 0x08,
    0x65, 0x08, 0xa7, 0x10, 0x65, 0x08, 0x44, 0x08, 0x44, 0x08, 0x44, 0x08, 0x44, 0x08, 0x43, 0x08,
    0x23, 0x08, 0x23, 0x00, 0x23, 0x08, 0x23, 0x00, 0x23, 0x00, 0x23, 0x00, 0x86, 0x10, 0x44, 0x08,
    0x23, 0x00, 0x23, 0x00, 0x23, 0x00, 0x23, 0x00, 0x23, 0x00, 0x23, 0x00, 0x23, 0x08, 0x23, 0x00,
    0x23, 0x08, 0x23, 0x08, 0x23, 0x08, 0x86, 0x08, 0x65, 0x08, 0x23, 0x08, 0x23, 0x08, 0x23, 0x08,
    0x43, 0x08, 0x24, 0x08, 0x44, 0x08, 0x44, 0x08, 0x44, 0x08, 0x44, 0x08, 0x44, 0x08, 0x44, 0x08,
    0x65, 0x08, 0x87, 0x10, 0x44, 0x08, 0x44, 0x08, 0x44, 0x08, 0x44, 0x08, 0x44, 0x08, 0x44, 0x08,
    0x44, 0x08, 0x44, 0x08, 0x44, 0x08, 0x44, 0x08, 0x44, 0x08, 0x44, 0x08, 0x87, 0x10, 0x86, 0x10,
    0x45, 0x08, 0x44, 0x08, 0x45, 0x08, 0x45, 0x08, 0x45, 0x08, 0x45, 0x08, 0x65, 0x08, 0x65, 0x08,
    0x65, 0x08, 0x65, 0x08, 0x65, 0x08, 0x65, 0x08, 0xa8, 0x10, 0x86, 0x10, 0x65, 0x08, 0x65, 0x08,
    0x65, 0x08, 0x65, 0x08, 0x65, 0x08, 0x65, 0x08, 0x65, 0x08, 0x65, 0x08, 0x65, 0x08, 0x65, 0x08,
    0x65, 0x08, 0x66, 0x10, 0xc8, 0x18, 0x87, 0x10, 0x65, 0x10, 0x65, 0x10, 0x65, 0x10, 0x65, 0x10,
    0x66, 0x10, 0x65, 0x10, 0x66, 0x10, 0x66, 0x10, 0x66, 0x10, 0x66, 0x10, 0x66, 0x10, 0x66, 0x10,
    0xa8, 0x10, 0x87, 0x10, 0x66, 0x10, 0x66, 0x10, 0x66, 0x10, 0x65, 0x10, 0x66, 0x10, 0x65, 0x10,
    0x65, 0x10, 0x65, 0x10, 0x66, 0x10, 0x65, 0x10, 0x65, 0x10, 0x65, 0x08, 0x87, 0x10, 0xa7, 0x10,
    0x65, 0x08, 0x45, 0x08, 0x65, 0x08, 0x65, 0x08, 0x65, 0x08, 0x45, 0x08, 0x65, 0x08, 0x65, 0x08,
    0x65, 0x08, 0x45, 0x08, 0x65, 0x08, 0x65, 0x08, 0x65, 0x10, 0xa7, 0x10, 0x66, 0x10, 0x44, 0x08,
    0x44, 0x08, 0x44, 0x08, 0x44, 0x08, 0x44, 0x08, 0x44, 0x08, 0x44, 0x08, 0x44, 0x08, 0x44, 0x08,
    0x44, 0x08, 0x44, 0x08, 0x44, 0x08, 0x65, 0x08, 0x86, 0x10, 0x44, 0x08, 0x44, 0x08, 0x44, 0x08,
    0x44, 0x08, 0x43, 0x08, 0x44, 0x08, 0x23, 0x08, 0x23, 0x08, 0x23, 0x08, 0x23, 0x08, 0x23, 0x08,
    0x23, 0x08, 0x23, 0x00, 0x65, 0x08, 0x65, 0x08, 0x23, 0x00, 0x23, 0x00, 0x23, 0x08, 0x23, 0x00,
    0x23, 0x00, 0x23, 0x00, 0x23, 0x00, 0x22, 0x00, 0x22, 0x00, 0x22, 0x00, 0x22, 0x00, 0x22, 0x00,
    0x01, 0x00, 0x01, 0x00, 0x01, 0x00, 0x01, 0x00, 0x01, 0x00, 0x01, 0x00, 0x22, 0x00, 0x43, 0x08,
    0x01, 0x00, 0x01, 0x00, 0x01, 0x00, 0x01, 0x00, 0x01, 0x00, 0x01, 0x00, 0x01, 0x00, 0x01, 0x00,
    0x01, 0x00, 0x01, 0x00, 0x64, 0x08, 0x22, 0x00, 0x01, 0x00, 0x01, 0x00, 0x01, 0x00, 0x01, 0x00,
    0x01, 0x00, 0x01, 0x00, 0x01, 0x00, 0x01, 0x00, 0x01, 0x00, 0x23, 0x00, 0x44, 0x08, 0x01, 0x00,
    0x01, 0x00, 0x02, 0x00, 0x01, 0x00, 0x02, 0x00, 0x01, 0x00, 0x02, 0x00, 0x01, 0x00, 0x02, 0x00,
    0x01, 0x00, 0x44, 0x08, 0x23, 0x08, 0x02, 0x00, 0x01, 0x00, 0x02, 0x00, 0x01, 0x00, 0x02, 0x00,
    0x02, 0x00, 0x02, 0x00, 0x02, 0x00, 0x02, 0x00, 0x02, 0x00, 0x65, 0x08, 0x23, 0x00, 0x02, 0x00,
    0x02, 0x00, 0x02, 0x00, 0x02, 0x00, 0x22, 0x00, 0x02, 0x00, 0x22, 0x00, 0x02, 0x00, 0x22, 0x00,
    0x02, 0x00, 0x65, 0x08, 0x23, 0x00, 0x22, 0x00, 0x02, 0x00, 0x22, 0x00, 0x02, 0x00, 0x22, 0x00,
    0x02, 0x00, 0x22, 0x00, 0x02, 0x00, 0x22, 0x00, 0x02, 0x00, 0x65, 0x08, 0x43, 0x08, 0x22, 0x00,
    0x02, 0x00, 0x22, 0x00, 0x02, 0x00, 0x22, 0x00, 0x02, 0x00, 0x22, 0x00, 0x02, 0x00, 0x22, 0x00,
    0x02, 0x00, 0x44, 0x08, 0x44, 0x08, 0x22, 0x00, 0x02, 0x00, 0x22, 0x00, 0x02, 0x00, 0x22, 0x00,
    0x02, 0x00, 0x22, 0x00, 0x02, 0x00, 0x22, 0x00, 0x02, 0x00, 0x23, 0x08, 0x65, 0x08, 0x22, 0x00,
    0x02, 0x00, 0x22, 0x00, 0x02, 0x00, 0x22, 0x00, 0x02, 0x00, 0x22, 0x00, 0x02, 0x00, 0x22, 0x00,
    0x22, 0x00, 0x22, 0x00, 0x65, 0x08, 0x65, 0x08, 0x23, 0x00, 0x43, 0x08, 0x43, 0x08, 0x44, 0x08,
    0x44, 0x08, 0x44, 0x08, 0x44, 0x08, 0x64, 0x08, 0x65, 0x08, 0x65, 0x08, 0x65, 0x08, 0xa8, 0x10,
    0x86, 0x10, 0x86, 0x08, 0x66, 0x08, 0x85, 0x08, 0x65, 0x08, 0x65, 0x08, 0x65, 0x08, 0x64, 0x08,
    0x64, 0x08, 0x44, 0x08, 0x44, 0x08, 0x64, 0x08, 0xa7, 0x10, 0x44, 0x08, 0x43, 0x08, 0x23, 0x08,
    0x23, 0x00, 0x23, 0x00, 0x22, 0x00, 0x22, 0x00, 0x22, 0x00, 0x22, 0x00, 0x22, 0x00, 0x22, 0x00,
    0x23, 0x08, 0x86, 0x08, 0x23, 0x00, 0x22, 0x00, 0x22, 0x00, 0x22, 0x00, 0x22, 0x00, 0x22, 0x00,
    0x22, 0x00, 0x22, 0x00, 0x22, 0x00, 0x22, 0x00, 0x22, 0x00, 0x23, 0x00, 0x86, 0x10, 0x44, 0x08,
    0x22, 0x00, 0x23, 0x00, 0x23, 0x00, 0x23, 0x00, 0x23, 0x00, 0x23, 0x08, 0x23, 0x00, 0x23, 0x08,
    0x23, 0x00, 0x23, 0x08, 0x23, 0x08, 0x85, 0x10, 0x65, 0x08, 0x43, 0x08, 0x23, 0x08, 0x43, 0x08,
    0x23, 0x08, 0x43, 0x08, 0x43, 0x08, 0x43, 0x08, 0x43, 0x08, 0x44, 0x08, 0x43, 0x08, 0x44, 0x08,
    0x65, 0x08, 0x87, 0x10, 0x44, 0x08, 0x44, 0x08, 0x44, 0x08, 0x44, 0x08, 0x44, 0x08, 0x44, 0x08,
    0x44, 0x08, 0x44, 0x08, 0x44, 0x08, 0x44, 0x08, 0x44, 0x08, 0x44, 0x08, 0x86, 0x10, 0x86, 0x10,
    0x44, 0x08, 0x44, 0x08, 0x44, 0x08, 0x65, 0x08, 0x44, 0x08, 0x65, 0x08, 0x44, 0x08, 0x65, 0x08,
    0x45, 0x08, 0x65, 0x08, 0x45, 0x08, 0x65, 0x08, 0xa7, 0x10, 0x86, 0x10, 0x45, 0x08, 0x65, 0x08,
    0x65, 0x08, 0x65, 0x08, 0x65, 0x08, 0x65, 0x08, 0x65, 0x08, 0x65, 0x08, 0x65, 0x08, 0x65, 0x08,
    0x65, 0x08, 0x65, 0x08, 0xa8, 0x10, 0x87, 0x10, 0x65, 0x08, 0x65, 0x08, 0x65, 0x08, 0x65, 0x08,
    0x65, 0x08, 0x65, 0x10, 0x65, 0x08, 0x65, 0x10, 0x65, 0x08, 0x65, 0x10, 0x65, 0x08, 0x65, 0x10,
    0xa7, 0x10, 0xa7, 0x10, 0x65, 0x08, 0x65, 0x10, 0x65, 0x08, 0x65, 0x10, 0x65, 0x08, 0x65, 0x10,
    0x65, 0x08, 0x65, 0x10, 0x65, 0x08, 0x65, 0x10, 0x65, 0x08, 0x65, 0x08, 0x86, 0x10, 0xa8, 0x10,
    0x45, 0x08, 0x65, 0x08, 0x45, 0x08, 0x65, 0x08, 0x45, 0x08, 0x65, 0x08, 0x45, 0x08, 0x65, 0x08,
    0x44, 0x08, 0x65, 0x08, 0x44, 0x08, 0x65, 0x08, 0x45, 0x08, 0xa7, 0x10, 0x66, 0x10, 0x64, 0x08,
    0x44, 0x08, 0x44, 0x08, 0x44, 0x08, 0x44, 0x08, 0x44, 0x08, 0x44, 0x08, 0x44, 0x08, 0x44, 0x08,
    0x44, 0x08, 0x44, 0x08, 0x44, 0x08, 0x65, 0x08, 0x86, 0x10, 0x64, 0x08, 0x23, 0x08, 0x44, 0x08,
    0x23, 0x08, 0x43, 0x08, 0x23, 0x08, 0x43, 0x08, 0x23, 0x00, 0x43, 0x08, 0x23, 0x00, 0x43, 0x08,
    0x23, 0x00, 0x23, 0x08, 0x64, 0x08, 0x65, 0x10, 0x23, 0x00, 0x23, 0x08, 0x22, 0x00, 0x23, 0x08,
    0x22, 0x00, 0x23, 0x08, 0x22, 0x00, 0x23, 0x00, 0x22, 0x00, 0x22, 0x00, 0x22, 0x00, 0x22, 0x00,
    0x01, 0x00, 0x01, 0x00, 0x01, 0x00, 0x01, 0x00, 0x01, 0x00, 0x01, 0x00, 0x43, 0x08, 0x23, 0x00,
    0x01, 0x00, 0x01, 0x00, 0x01, 0x00, 0x01, 0x00, 0x01, 0x00, 0x01, 0x00, 0x01, 0x00, 0x01, 0x00,
    0x01, 0x00, 0x22, 0x00, 0x65, 0x08, 0x01, 0x00, 0x02, 0x00, 0x01, 0x00, 0x02, 0x00, 0x01, 0x00,
    0x02, 0x00, 0x01, 0x00, 0x02, 0x00, 0x01, 0x00, 0x02, 0x00, 0x43, 0x08, 0x43, 0x08, 0x01, 0x00,
    0x02, 0x00, 0x01, 0x00, 0x01, 0x00, 0x01, 0x00, 0x02, 0x00, 0x02, 0x00, 0x02, 0x00, 0x02, 0x00,
    0x02, 0x00, 0x65, 0x08, 0x23, 0x00, 0x02, 0x00, 0x02, 0x00, 0x02, 0x00, 0x02, 0x00, 0x02, 0x00,
    0x02, 0x00, 0x02, 0x00, 0x02, 0x00, 0x02, 0x00, 0x02, 0x00, 0x65, 0x08, 0x22, 0x00, 0x02, 0x00,
    0x02, 0x00, 0x02, 0x00, 0x02, 0x00, 0x02, 0x00, 0x02, 0x00, 0x02, 0x00, 0x02, 0x00, 0x02, 0x00,
    0x22, 0x00, 0x65, 0x08, 0x23, 0x00, 0x02, 0x00, 0x22, 0x00, 0x02, 0x00, 0x02, 0x00, 0x02, 0x00,
    0x22, 0x00, 0x02, 0x00, 0x22, 0x00, 0x02, 0x00, 0x22, 0x00, 0x65, 0x08, 0x23, 0x08, 0x02, 0x00,
    0x22, 0x00, 0x02, 0x00, 0x22, 0x00, 0x02, 0x00, 0x22, 0x00, 0x02, 0x00, 0x22, 0x00, 0x02, 0x00,
    0x22, 0x00, 0x44, 0x08, 0x44, 0x08, 0x02, 0x00, 0x22, 0x00, 0x22, 0x00, 0x22, 0x00, 0x02, 0x00,
    0x22, 0x00, 0x23, 0x00, 0x23, 0x08, 0x23, 0x08, 0x43, 0x08, 0x44, 0x08, 0x86, 0x10, 0x44, 0x08,
    0x44, 0x08, 0x44, 0x08, 0x64, 0x08, 0x65, 0x08, 0x65, 0x08, 0x65, 0x08, 0x65, 0x08, 0x86, 0x08,
    0x86, 0x10, 0x85, 0x08, 0xa7, 0x10, 0x87, 0x10, 0x65, 0x08, 0x65, 0x08, 0x65, 0x08, 0x64, 0x08,
    0x44, 0x08, 0x44, 0x08, 0x44, 0x08, 0x44, 0x08, 0x43, 0x08, 0x43, 0x08, 0x43, 0x08, 0x86, 0x10,
    0x43, 0x08, 0x23, 0x00, 0x22, 0x00, 0x22, 0x00, 0x22, 0x00, 0x22, 0x00, 0x22, 0x00, 0x22, 0x00,
    0x22, 0x00, 0x22, 0x00, 0x22, 0x00, 0x23, 0x08, 0x86, 0x08, 0x23, 0x00, 0x22, 0x00, 0x22, 0x00,
    0x22, 0x00, 0x22, 0x00, 0x22, 0x00, 0x22, 0x00, 0x22, 0x00, 0x22, 0x00, 0x22, 0x00, 0x22, 0x00,
    0x23, 0x08, 0x86, 0x08, 0x23, 0x00, 0x22, 0x00, 0x22, 0x00, 0x22, 0x00, 0x22, 0x00, 0x22, 0x00,
    0x22, 0x00, 0x22, 0x00, 0x23, 0x00, 0x23, 0x00, 0x23, 0x00, 0x23, 0x00, 0x86, 0x10, 0x44, 0x08,
    0x23, 0x00, 0x23, 0x00, 0x23, 0x00, 0x23, 0x00, 0x23, 0x00, 0x23, 0x00, 0x23, 0x08, 0x23, 0x08,
    0x23, 0x08, 0x23, 0x08, 0x23, 0x08, 0x66, 0x08, 0x65, 0x08, 0x23, 0x08, 0x43, 0x08, 0x23, 0x08,
    0x44, 0x08, 0x44, 0x08, 0x44, 0x08, 0x44, 0x08, 0x44, 0x08, 0x44, 0x08, 0x44, 0x08, 0x44, 0x08,
    0x65, 0x08, 0xa7, 0x10, 0x45, 0x08, 0x44, 0x08, 0x44, 0x08, 0x44, 0x08, 0x44, 0x08, 0x44, 0x08,
    0x44, 0x08, 0x44, 0x08, 0x44, 0x08, 0x44, 0x08, 0x45, 0x08, 0x45, 0x08, 0x87, 0x10, 0x87, 0x10,
    0x45, 0x08, 0x45, 0x08, 0x45, 0x08, 0x45, 0x08, 0x65, 0x08, 0x65, 0x08, 0x65, 0x08, 0x65, 0x08,
    0x65, 0x08, 0x65, 0x08, 0x65, 0x08, 0x65, 0x08, 0xa7, 0x10, 0x87, 0x10, 0x65, 0x08, 0x65, 0x08,
    0x65, 0x08, 0x65, 0x08, 0x65, 0x08, 0x65, 0x08, 0x65, 0x10, 0x65, 0x08, 0x65, 0x10, 0x65, 0x10,
    0x66, 0x10, 0x66, 0x10, 0xa8, 0x10, 0x87, 0x10, 0x66, 0x10, 0x66, 0x10, 0x66, 0x10, 0x66, 0x10,
    0x66, 0x10, 0x66, 0x10, 0x66, 0x10, 0x66, 0x10, 0x66, 0x10, 0x66, 0x10, 0x66, 0x10, 0x66, 0x10,
    0xa8, 0x10, 0xa8, 0x10, 0x66, 0x10, 0x66, 0x10, 0x66, 0x10, 0x66, 0x10, 0x66, 0x10, 0x66, 0x10,
    0x66, 0x10, 0x66, 0x10, 0x66, 0x10, 0x66, 0x10, 0x66, 0x10, 0x66, 0x10, 0x87, 0x10, 0xc8, 0x10,
    0x66, 0x10, 0x65, 0x08, 0x65, 0x08, 0x65, 0x08, 0x65, 0x08, 0x65, 0x08, 0x65, 0x08, 0x65, 0x08,
    0x65, 0x08, 0x65, 0x08, 0x65, 0x08, 0x45, 0x08, 0x65, 0x08, 0xa7, 0x10, 0x86, 0x10, 0x45, 0x08,
    0x65, 0x08, 0x44, 0x08, 0x44, 0x08, 0x44, 0x08, 0x44, 0x08, 0x44, 0x08, 0x44, 0x08, 0x44, 0x08,
    0x44, 0x08, 0x44, 0x08, 0x44, 0x08, 0x45, 0x08, 0xa7, 0x10, 0x65, 0x08, 0x44, 0x08, 0x44, 0x08,
    0x44, 0x08, 0x44, 0x08, 0x44, 0x08, 0x43, 0x08, 0x44, 0x08, 0x23, 0x08, 0x23, 0x08, 0x23, 0x08,
    0x23, 0x08, 0x23, 0x08, 0x44, 0x08, 0x86, 0x08, 0x44, 0x08, 0x23, 0x08, 0x44, 0x08, 0x43, 0x08,
    0x44, 0x08, 0x44, 0x08, 0x44, 0x08, 0x44, 0x08, 0x44, 0x08, 0x44, 0x08, 0x44, 0x08, 0x44, 0x08,
    0x01, 0x00, 0x01, 0x00, 0x01, 0x00, 0x01, 0x00, 0x01, 0x00, 0x01, 0x00, 0x43, 0x08, 0x22, 0x00,
    0x01, 0x00, 0x01, 0x00, 0x01, 0x00, 0x01, 0x00, 0x01, 0x00, 0x01, 0x00, 0x01, 0x00, 0x01, 0x00,
    0x01, 0x00, 0x22, 0x00, 0x44, 0x08, 0x02, 0x00, 0x01, 0x00, 0x02, 0x00, 0x01, 0x00, 0x02, 0x00,
    0x01, 0x00, 0x02, 0x00, 0x01, 0x00, 0x02, 0x00, 0x01, 0x00, 0x44, 0x08, 0x23, 0x08, 0x02, 0x00,
    0x01, 0x00, 0x02, 0x00, 0x01, 0x00, 0x02, 0x00, 0x02, 0x00, 0x02, 0x00, 0x02, 0x00, 0x02, 0x00,
    0x02, 0x00, 0x65, 0x08, 0x22, 0x00, 0x02, 0x00, 0x02, 0x00, 0x02, 0x00, 0x02, 0x00, 0x02, 0x00,
    0x02, 0x00, 0x02, 0x00, 0x02, 0x00, 0x02, 0x00, 0x22, 0x00, 0x65, 0x08, 0x02, 0x00, 0x22, 0x00,
    0x02, 0x00, 0x22, 0x00, 0x02, 0x00, 0x22, 0x00, 0x02, 0x00, 0x22, 0x00, 0x02, 0x00, 0x22, 0x00,
    0x22, 0x00, 0x85, 0x08, 0x22, 0x00, 0x22, 0x00, 0x02, 0x00, 0x22, 0x00, 0x02, 0x00, 0x22, 0x00,
    0x02, 0x00, 0x22, 0x00, 0x02, 0x00, 0x22, 0x00, 0x02, 0x00, 0x85, 0x08, 0x23, 0x00, 0x22, 0x00,
    0x22, 0x00, 0x23, 0x08, 0x23, 0x00, 0x43, 0x08, 0x43, 0x08, 0x44, 0x08, 0x44, 0x08, 0x44, 0x08,
    0x44, 0x08, 0x87, 0x10, 0x86, 0x08, 0x65, 0x08, 0x65, 0x08, 0x65, 0x08, 0x65, 0x08, 0x86, 0x08,
    0x66, 0x08, 0x85, 0x08, 0x65, 0x08, 0x65, 0x08, 0x65, 0x08, 0x86, 0x08, 0x87, 0x10, 0x44, 0x08,
    0x44, 0x08, 0x44, 0x08, 0x44, 0x08, 0x44, 0x08, 0x23, 0x00, 0x23, 0x08, 0x23, 0x08, 0x23, 0x00,
    0x22, 0x00, 0x22, 0x00, 0x65, 0x08, 0x44, 0x08, 0x02, 0x00, 0x22, 0x00, 0x22, 0x00, 0x22, 0x00,
    0x02, 0x00, 0x22, 0x00, 0x22, 0x00, 0x22, 0x00, 0x02, 0x00, 0x22, 0x00, 0x23, 0x00, 0x86, 0x08,
    0x23, 0x00, 0x22, 0x00, 0x22, 0x00, 0x22, 0x00, 0x02, 0x00, 0x22, 0x00, 0x22, 0x00, 0x22, 0x00,
    0x02, 0x00, 0x22, 0x00, 0x22, 0x00, 0x23, 0x08, 0x86, 0x08, 0x23, 0x00, 0x22, 0x00, 0x22, 0x00,
    0x22, 0x00, 0x22, 0x00, 0x22, 0x00, 0x22, 0x00, 0x22, 0x00, 0x22, 0x00, 0x22, 0x00, 0x22, 0x00,
    0x23, 0x08, 0x86, 0x08, 0x23, 0x00, 0x22, 0x00, 0x22, 0x00, 0x22, 0x00, 0x22, 0x00, 0x22, 0x00,
    0x22, 0x00, 0x23, 0x00, 0x22, 0x00, 0x23, 0x00, 0x22, 0x00, 0x23, 0x00, 0x86, 0x10, 0x44, 0x08,
    0x23, 0x00, 0x23, 0x00, 0x23, 0x00, 0x23, 0x08, 0x23, 0x00, 0x23, 0x08, 0x23, 0x00, 0x43, 0x08,
    0x23, 0x00, 0x23, 0x08, 0x23, 0x08, 0x86, 0x10, 0x65, 0x08, 0x43, 0x08, 0x23, 0x08, 0x44, 0x08,
    0x24, 0x08, 0x44, 0x08, 0x44, 0x08, 0x44, 0x08, 0x44, 0x08, 0x44, 0x08, 0x44, 0x08, 0x44, 0x08,
    0x65, 0x08, 0xa7, 0x10, 0x45, 0x08, 0x44, 0x08, 0x44, 0x08, 0x44, 0x08, 0x44, 0x08, 0x44, 0x08,
    0x44, 0x08, 0x44, 0x08, 0x44, 0x08, 0x65, 0x08, 0x44, 0x08, 0x45, 0x08, 0x86, 0x10, 0x87, 0x10,
    0x45, 0x08, 0x65, 0x08, 0x45, 0x08, 0x65, 0x08, 0x45, 0x08, 0x65, 0x08, 0x65, 0x08, 0x65, 0x08,
    0x65, 0x08, 0x65, 0x08, 0x65, 0x08, 0x65, 0x08, 0xa7, 0x10, 0x87, 0x10, 0x65, 0x08, 0x65, 0x10,
    0x65, 0x08, 0x65, 0x10, 0x65, 0x08, 0x66, 0x10, 0x65, 0x08, 0x66, 0x10, 0x65, 0x10, 0x66, 0x10,
    0x66, 0x08, 0x66, 0x10, 0xa8, 0x10, 0xa7, 0x10, 0x66, 0x08, 0x66, 0x10, 0x66, 0x10, 0x66, 0x10,
    0x66, 0x10, 0x66, 0x10, 0x66, 0x10, 0x66, 0x10, 0x66, 0x10, 0x66, 0x10, 0x66, 0x10, 0x66, 0x10,
    0xa7, 0x10, 0xa8, 0x10, 0x66, 0x10, 0x66, 0x10, 0x66, 0x10, 0x66, 0x10, 0x66, 0x10, 0x66, 0x10,
    0x66, 0x10, 0x66, 0x10, 0x66, 0x10, 0x66, 0x10, 0x66, 0x08, 0x66, 0x10, 0x87, 0x10, 0xc9, 0x18,
    0x86, 0x10, 0x66, 0x10, 0x65, 0x08, 0x65, 0x08, 0x65, 0x08, 0x65, 0x08, 0x65, 0x08, 0x65, 0x08,
    0x45, 0x08, 0x65, 0x08, 0x45, 0x08, 0x65, 0x08, 0x45, 0x08, 0xa7, 0x10, 0x87, 0x10, 0x65, 0x08,
    0x45, 0x08, 0x65, 0x08, 0x44, 0x08, 0x65, 0x08, 0x44, 0x08, 0x45, 0x08, 0x44, 0x08, 0x44, 0x08,
    0x44, 0x08, 0x64, 0x08, 0x44, 0x08, 0x65, 0x08, 0xa7, 0x10, 0x66, 0x10, 0x65, 0x08, 0x65, 0x08,
    0x65, 0x08, 0x65, 0x08, 0x65, 0x08, 0x65, 0x08, 0x65, 0x08, 0x65, 0x08, 0x65, 0x08, 0x66, 0x10,
    0x65, 0x08, 0x66, 0x10, 0x86, 0x10, 0xa8, 0x10, 0x86, 0x10, 0x86, 0x10, 0x66, 0x08, 0x86, 0x10,
    0x65, 0x08, 0x65, 0x08, 0x65, 0x08, 0x65, 0x08, 0x64, 0x08, 0x65, 0x08, 0x44, 0x08, 0x64, 0x08,
    0x01, 0x00, 0x01, 0x00, 0x01, 0x00, 0x01, 0x00, 0x01, 0x00, 0x01, 0x00, 0x44, 0x08, 0x22, 0x00,
    0x01, 0x00, 0x01, 0x00, 0x01, 0x00, 0x01, 0x00, 0x01, 0x00, 0x01, 0x00, 0x01, 0x00, 0x01, 0x00,
    0x01, 0x00, 0x23, 0x08, 0x44, 0x08, 0x01, 0x00, 0x01, 0x00, 0x01, 0x00, 0x01, 0x00, 0x01, 0x00,
    0x01, 0x00, 0x01, 0x00, 0x01, 0x00, 0x01, 0x00, 0x01, 0x00, 0x64, 0x08, 0x23, 0x00, 0x01, 0x00,
    0x01, 0x00, 0x01, 0x00, 0x02, 0x00, 0x01, 0x00, 0x02, 0x00, 0x01, 0x00, 0x02, 0x00, 0x02, 0x00,
    0x22, 0x00, 0x65, 0x08, 0x02, 0x00, 0x02, 0x00, 0x02, 0x00, 0x02, 0x00, 0x02, 0x00, 0x02, 0x00,
    0x02, 0x00, 0x02, 0x00, 0x02, 0x00, 0x02, 0x00, 0x22, 0x00, 0x65, 0x08, 0x22, 0x00, 0x02, 0x00,
    0x02, 0x00, 0x02, 0x00, 0x22, 0x00, 0x02, 0x00, 0x02, 0x00, 0x02, 0x00, 0x22, 0x00, 0x22, 0x00,
    0x43, 0x08, 0x86, 0x08, 0x43, 0x08, 0x43, 0x08, 0x43, 0x08, 0x43, 0x08, 0x44, 0x08, 0x44, 0x08,
    0x44, 0x08, 0x64, 0x08, 0x64, 0x08, 0x65, 0x08, 0x85, 0x08, 0xc8, 0x10, 0x86, 0x10, 0x85, 0x08,
    0x85, 0x08, 0x65, 0x08, 0x65, 0x08, 0x65, 0x08, 0x64, 0x08, 0x44, 0x08, 0x44, 0x08, 0x44, 0x08,
    0x44, 0x08, 0x86, 0x10, 0x64, 0x08, 0x43, 0x08, 0x23, 0x08, 0x23, 0x00, 0x23, 0x00, 0x22, 0x00,
    0x22, 0x00, 0x02, 0x00, 0x22, 0x00, 0x22, 0x00, 0x22, 0x00, 0x43, 0x08, 0x65, 0x08, 0x22, 0x00,
    0x22, 0x00, 0x22, 0x00, 0x22, 0x00, 0x22, 0x00, 0x22, 0x00, 0x22, 0x00, 0x22, 0x00, 0x22, 0x00,
    0x22, 0x00, 0x22, 0x00, 0x65, 0x08, 0x44, 0x08, 0x22, 0x00, 0x22, 0x00, 0x22, 0x00, 0x22, 0x00,
    0x22, 0x00, 0x22, 0x00, 0x22, 0x00, 0x22, 0x00, 0x22, 0x00, 0x22, 0x00, 0x23, 0x00, 0x86, 0x08,
    0x23, 0x00, 0x22, 0x00, 0x22, 0x00, 0x22, 0x00, 0x22, 0x00, 0x22, 0x00, 0x22, 0x00, 0x22, 0x00,
    0x22, 0x00, 0x22, 0x00, 0x22, 0x00, 0x23, 0x08, 0x85, 0x08, 0x22, 0x00, 0x22, 0x00, 0x22, 0x00,
    0x22, 0x00, 0x22, 0x00, 0x22, 0x00, 0x22, 0x00, 0x22, 0x00, 0x22, 0x00, 0x22, 0x00, 0x22, 0x00,
    0x23, 0x08, 0x86, 0x08, 0x23, 0x00, 0x22, 0x00, 0x22, 0x00, 0x22, 0x00, 0x22, 0x00, 0x22, 0x00,
    0x22, 0x00, 0x22, 0x00, 0x22, 0x00, 0x22, 0x00, 0x23, 0x00, 0x23, 0x00, 0x86, 0x10, 0x44, 0x08,
    0x23, 0x00, 0x23, 0x00, 0x23, 0x00, 0x23, 0x00, 0x23, 0x00, 0x23, 0x00, 0x23, 0x08, 0x23, 0x08,
    0x23, 0x08, 0x23, 0x08, 0x23, 0x08, 0x65, 0x08, 0x65, 0x08, 0x23, 0x08, 0x43, 0x08, 0x43, 0x08,
    0x43, 0x08, 0x43, 0x08, 0x44, 0x08, 0x44, 0x08, 0x44, 0x08, 0x44, 0x08, 0x44, 0x08, 0x44, 0x08,
    0x45, 0x08, 0x87, 0x10, 0x64, 0x08, 0x44, 0x08, 0x44, 0x08, 0x44, 0x08, 0x44, 0x08, 0x44, 0x08,
    0x44, 0x08, 0x44, 0x08, 0x44, 0x08, 0x44, 0x08, 0x44, 0x08, 0x44, 0x08, 0x86, 0x10, 0x87, 0x10,
    0x45, 0x08, 0x45, 0x08, 0x45, 0x08, 0x45, 0x08, 0x45, 0x08, 0x45, 0x08, 0x65, 0x08, 0x45, 0x08,
    0x45, 0x08, 0x45, 0x08, 0x65, 0x08, 0x65, 0x08, 0x87, 0x10, 0x87, 0x10, 0x65, 0x08, 0x65, 0x08,
    0x65, 0x08, 0x65, 0x08, 0x65, 0x08, 0x65, 0x08, 0x65, 0x08, 0x65, 0x08, 0x65, 0x08, 0x65, 0x08,
    0x65, 0x08, 0x65, 0x08, 0xa7, 0x10, 0xa7, 0x10, 0x65, 0x10, 0x65, 0x10, 0x66, 0x10, 0x65, 0x10,
    0x65, 0x10, 0x65, 0x10, 0x66, 0x10, 0x66, 0x10, 0x66, 0x10, 0x66, 0x10, 0x66, 0x10, 0x66, 0x10,
    0x87, 0x10, 0xa8, 0x10, 0x66, 0x10, 0x66, 0x10, 0x66, 0x10, 0x66, 0x10, 0x66, 0x10, 0x66, 0x10,
    0x66, 0x10, 0x65, 0x10, 0x66, 0x10, 0x65, 0x10, 0x65, 0x10, 0x65, 0x10, 0x86, 0x10, 0xc8, 0x18,
    0x86, 0x10, 0x65, 0x08, 0x65, 0x10, 0x65, 0x08, 0x65, 0x08, 0x65, 0x08, 0x65, 0x08, 0x65, 0x08,
    0x65, 0x08, 0x65, 0x08, 0x65, 0x10, 0x65, 0x10, 0x66, 0x10, 0xa7, 0x10, 0xa8, 0x10, 0x86, 0x10,
    0x86, 0x10, 0x86, 0x10, 0x86, 0x10, 0x86, 0x10, 0x86, 0x10, 0x86, 0x10, 0x87, 0x10, 0x87, 0x10,
    0x87, 0x10, 0x87, 0x10, 0xa7, 0x10, 0x87, 0x10, 0xc8, 0x10, 0xa8, 0x10, 0x86, 0x10, 0x86, 0x10,
    0x86, 0x08, 0x66, 0x08, 0x65, 0x08, 0x65, 0x08, 0x65, 0x08, 0x65, 0x08, 0x65, 0x08, 0x45, 0x08,
    0x44, 0x08, 0x44, 0x08, 0x64, 0x08, 0x86, 0x10, 0x65, 0x08, 0x43, 0x08, 0x43, 0x08, 0x23, 0x00,
    0x23, 0x00, 0x22, 0x00, 0x23, 0x00, 0x22, 0x00, 0x22, 0x00, 0x22, 0x00, 0x22, 0x00, 0x22, 0x00,
    0x01, 0x00, 0x01, 0x00, 0x01, 0x00, 0x01, 0x00, 0x01, 0x00, 0x02, 0x00, 0x44, 0x08, 0x01, 0x00,
    0x01, 0x00, 0x01, 0x00, 0x01, 0x00, 0x01, 0x00, 0x01, 0x00, 0x01, 0x00, 0x01, 0x00, 0x02, 0x00,
    0x01, 0x00, 0x43, 0x08, 0x43, 0x00, 0x02, 0x00, 0x01, 0x00, 0x02, 0x00, 0x01, 0x00, 0x02, 0x00,
    0x01, 0x00, 0x02, 0x00, 0x01, 0x00, 0x02, 0x00, 0x01, 0x00, 0x65, 0x08, 0x22, 0x00, 0x02, 0x00,
    0x02, 0x00, 0x02, 0x00, 0x02, 0x00, 0x02, 0x00, 0x02, 0x00, 0x02, 0x00, 0x02, 0x00, 0x02, 0x00,
    0x22, 0x00, 0x65, 0x08, 0x02, 0x00, 0x02, 0x00, 0x02, 0x00, 0x02, 0x00, 0x02, 0x00, 0x22, 0x00,
    0x23, 0x00, 0x23, 0x00, 0x23, 0x00, 0x43, 0x08, 0x64, 0x08, 0x86, 0x10, 0x44, 0x08, 0x44, 0x08,
    0x44, 0x08, 0x65, 0x08, 0x65, 0x08, 0x65, 0x08, 0x65, 0x08, 0x85, 0x08, 0x66, 0x08, 0x85, 0x08,
    0x86, 0x10, 0xa7, 0x10, 0x65, 0x08, 0x65, 0x08, 0x44, 0x08, 0x44, 0x08, 0x44, 0x08, 0x44, 0x08,
    0x44, 0x08, 0x43, 0x08, 0x23, 0x00, 0x23, 0x08, 0x43, 0x08, 0x86, 0x10, 0x22, 0x00, 0x22, 0x00,
    0x02, 0x00, 0x22, 0x00, 0x02, 0x00, 0x22, 0x00, 0x02, 0x00, 0x22, 0x00, 0x02, 0x00, 0x22, 0x00,
    0x02, 0x00, 0x65, 0x08, 0x23, 0x00, 0x22, 0x00, 0x02, 0x00, 0x22, 0x00, 0x02, 0x00, 0x22, 0x00,
    0x02, 0x00, 0x22, 0x00, 0x02, 0x00, 0x22, 0x00, 0x02, 0x00, 0x44, 0x08, 0x65, 0x08, 0x22, 0x00,
    0x02, 0x00, 0x22, 0x00, 0x02, 0x00, 0x22, 0x00, 0x02, 0x00, 0x22, 0x00, 0x02, 0x00, 0x22, 0x00,
    0x02, 0x00, 0x22, 0x00, 0x65, 0x08, 0x44, 0x08, 0x22, 0x00, 0x22, 0x00, 0x02, 0x00, 0x22, 0x00,
    0x22, 0x00, 0x22, 0x00, 0x02, 0x00, 0x22, 0x00, 0x22, 0x00, 0x22, 0x00, 0x23, 0x00, 0x86, 0x08,
    0x23, 0x00, 0x22, 0x00, 0x22, 0x00, 0x22, 0x00, 0x22, 0x00, 0x22, 0x00, 0x22, 0x00, 0x22, 0x00,
    0x22, 0x00, 0x22, 0x00, 0x22, 0x00, 0x43, 0x08, 0x86, 0x08, 0x23, 0x00, 0x22, 0x00, 0x22, 0x00,
    0x22, 0x00, 0x22, 0x00, 0x22, 0x00, 0x22, 0x00, 0x22, 0x00, 0x22, 0x00, 0x22, 0x00, 0x22, 0x00,
    0x23, 0x08, 0x86, 0x08, 0x23, 0x00, 0x22, 0x00, 0x22, 0x00, 0x22, 0x00, 0x22, 0x00, 0x22, 0x00,
    0x22, 0x00, 0x23, 0x00, 0x23, 0x00, 0x23, 0x00, 0x23, 0x00, 0x43, 0x08, 0x86, 0x10, 0x44, 0x08,
    0x23, 0x00, 0x23, 0x08, 0x23, 0x00, 0x23, 0x08, 0x23, 0x00, 0x43, 0x08, 0x23, 0x00, 0x43, 0x08,
    0x23, 0x08, 0x43, 0x08, 0x23, 0x08, 0x65, 0x10, 0x66, 0x08, 0x44, 0x08, 0x24, 0x08, 0x44, 0x08,
    0x44, 0x08, 0x44, 0x08, 0x44, 0x08, 0x44, 0x08, 0x44, 0x08, 0x44, 0x08, 0x44, 0x08, 0x44, 0x08,
    0x65, 0x08, 0xa8, 0x10, 0x65, 0x08, 0x44, 0x08, 0x44, 0x08, 0x44, 0x08, 0x44, 0x08, 0x44, 0x08,
    0x44, 0x08, 0x65, 0x08, 0x44, 0x08, 0x45, 0x08, 0x45, 0x08, 0x65, 0x08, 0x86, 0x10, 0xa7, 0x10,
    0x45, 0x08, 0x65, 0x08, 0x45, 0x08, 0x65, 0x08, 0x65, 0x08, 0x65, 0x08, 0x65, 0x08, 0x65, 0x08,
    0x65, 0x08, 0x65, 0x08, 0x65, 0x08, 0x65, 0x08, 0x87, 0x10, 0xa8, 0x10, 0x65, 0x08, 0x66, 0x10,
    0x65, 0x08, 0x66, 0x10, 0x65, 0x08, 0x66, 0x10, 0x66, 0x10, 0x66, 0x10, 0x66, 0x10, 0x66, 0x10,
    0x66, 0x10, 0x66, 0x10, 0xa7, 0x10, 0xa8, 0x10, 0x66, 0x10, 0x66, 0x10, 0x66, 0x10, 0x86, 0x10,
    0x66, 0x10, 0x86, 0x10, 0x66, 0x10, 0x86, 0x10, 0x66, 0x10, 0x86, 0x10, 0x66, 0x10, 0x86, 0x10,
    0xa7, 0x10, 0xc9, 0x18, 0x66, 0x10, 0x86, 0x10, 0x66, 0x10, 0x86, 0x10, 0x86, 0x10, 0x87, 0x10,
    0x87, 0x10, 0x87, 0x10, 0x87, 0x10, 0xa7, 0x10, 0x87, 0x10, 0x87, 0x10, 0xa8, 0x10, 0xea, 0x18,
    0xc8, 0x18, 0xa8, 0x10, 0xa8, 0x10, 0xa8, 0x10, 0xa8, 0x10, 0xa8, 0x10, 0xa8, 0x10, 0xa8, 0x10,
    0xa8, 0x10, 0xa8, 0x10, 0xa8, 0x10, 0xa8, 0x10, 0xa8, 0x10, 0xc9, 0x18, 0xc9, 0x18, 0xa7, 0x10,
    0x87, 0x10, 0x87, 0x10, 0x86, 0x10, 0x86, 0x10, 0x86, 0x10, 0x86, 0x10, 0x66, 0x10, 0x86, 0x10,
    0x65, 0x08, 0x65, 0x08, 0x65, 0x08, 0x65, 0x08, 0x86, 0x10, 0x86, 0x10, 0x44, 0x08, 0x44, 0x08,
    0x44, 0x08, 0x44, 0x08, 0x44, 0x08, 0x44, 0x08, 0x43, 0x08, 0x44, 0x08, 0x43, 0x08, 0x44, 0x08,
    0x23, 0x08, 0x43, 0x08, 0x23, 0x00, 0x65, 0x08, 0x65, 0x08, 0x23, 0x08, 0x23, 0x00, 0x23, 0x08,
    0x23, 0x00, 0x23, 0x08, 0x23, 0x00, 0x23, 0x08, 0x22, 0x00, 0x23, 0x00, 0x22, 0x00, 0x23, 0x00,
    0x01, 0x00, 0x01, 0x00, 0x01, 0x00, 0x01, 0x00, 0x01, 0x00, 0x22, 0x00, 0x44, 0x08, 0x01, 0x00,
    0x01, 0x00, 0x01, 0x00, 0x01, 0x00, 0x01, 0x00, 0x01, 0x00, 0x01, 0x00, 0x02, 0x00, 0x01, 0x00,
    0x02, 0x00, 0x44, 0x08, 0x23, 0x00, 0x01, 0x00, 0x02, 0x00, 0x01, 0x00, 0x02, 0x00, 0x01, 0x00,
    0x02, 0x00, 0x01, 0x00, 0x01, 0x00, 0x01, 0x00, 0x22, 0x00, 0x65, 0x08, 0x22, 0x00, 0x22, 0x00,
    0x22, 0x00, 0x23, 0x00, 0x23, 0x00, 0x23, 0x08, 0x43, 0x08, 0x44, 0x08, 0x44, 0x08, 0x44, 0x08,
    0x65, 0x08, 0x87, 0x10, 0x65, 0x08, 0x65, 0x08, 0x65, 0x08, 0x65, 0x08, 0x65, 0x08, 0x65, 0x08,
    0x65, 0x08, 0x65, 0x08, 0x64, 0x08, 0x44, 0x08, 0x65, 0x08, 0x86, 0x10, 0x44, 0x08, 0x43, 0x08,
    0x43, 0x08, 0x23, 0x00, 0x23, 0x00, 0x23, 0x00, 0x23, 0x00, 0x22, 0x00, 0x02, 0x00, 0x02, 0x00,
    0x43, 0x08, 0x64, 0x08, 0x02, 0x00, 0x02, 0x00, 0x22, 0x00, 0x02, 0x00, 0x22, 0x00, 0x02, 0x00,
    0x22, 0x00, 0x02, 0x00, 0x22, 0x00, 0x02, 0x00, 0x23, 0x08, 0x65, 0x08, 0x22, 0x00, 0x02, 0x00,
    0x22, 0x00, 0x02, 0x00, 0x22, 0x00, 0x02, 0x00, 0x22, 0x00, 0x22, 0x00, 0x22, 0x00, 0x02, 0x00,
    0x22, 0x00, 0x65, 0x08, 0x23, 0x08, 0x02, 0x00, 0x22, 0x00, 0x22, 0x00, 0x22, 0x00, 0x22, 0x00,
    0x22, 0x00, 0x22, 0x00, 0x22, 0x00, 0x22, 0x00, 0x22, 0x00, 0x44, 0x08, 0x64, 0x08, 0x22, 0x00,
    0x22, 0x00, 0x22, 0x00, 0x22, 0x00, 0x22, 0x00, 0x22, 0x00, 0x22, 0x00, 0x22, 0x00, 0x22, 0x00,
    0x22, 0x00, 0x22, 0x00, 0x65, 0x08, 0x43, 0x08, 0x22, 0x00, 0x22, 0x00, 0x22, 0x00, 0x22, 0x00,
    0x22, 0x00, 0x22, 0x00, 0x22, 0x00, 0x22, 0x00, 0x22, 0x00, 0x22, 0x00, 0x23, 0x08, 0x86, 0x08,
    0x23, 0x00, 0x22, 0x00, 0x22, 0x00, 0x22, 0x00, 0x22, 0x00, 0x22, 0x00, 0x22, 0x00, 0x22, 0x00,
    0x22, 0x00, 0x22, 0x00, 0x22, 0x00, 0x43, 0x08, 0x65, 0x08, 0x22, 0x00, 0x22, 0x00, 0x22, 0x00,
    0x22, 0x00, 0x22, 0x00, 0x22, 0x00, 0x22, 0x00, 0x22, 0x00, 0x22, 0x00, 0x22, 0x00, 0x22, 0x00,
    0x23, 0x08, 0x86, 0x08, 0x23, 0x00, 0x22, 0x00, 0x22, 0x00, 0x22, 0x00, 0x22, 0x00, 0x22, 0x00,
    0x22, 0x00, 0x23, 0x00, 0x23, 0x00, 0x23, 0x00, 0x23, 0x00, 0x23, 0x00, 0x86, 0x10, 0x44, 0x08,
    0x23, 0x00, 0x23, 0x00, 0x23, 0x00, 0x23, 0x00, 0x23, 0x08, 0x23, 0x08, 0x23, 0x08, 0x23, 0x08,
    0x23, 0x08, 0x23, 0x08, 0x23, 0x08, 0x66, 0x10, 0x66, 0x10, 0x44, 0x08, 0x44, 0x08, 0x44, 0x08,
    0x44, 0x08, 0x44, 0x08, 0x44, 0x08, 0x44, 0x08, 0x44, 0x08, 0x44, 0x08, 0x44, 0x08, 0x44, 0x08,
    0x65, 0x08, 0xa7, 0x10, 0x65, 0x08, 0x44, 0x08, 0x44, 0x08, 0x44, 0x08, 0x44, 0x08, 0x44, 0x08,
    0x44, 0x08, 0x45, 0x08, 0x45, 0x08, 0x45, 0x08, 0x45, 0x08, 0x45, 0x08, 0x86, 0x10, 0xa7, 0x10,
    0x65, 0x08, 0x65, 0x08, 0x65, 0x08, 0x65, 0x08, 0x65, 0x08, 0x65, 0x08, 0x65, 0x08, 0x65, 0x08,
    0x65, 0x08, 0x65, 0x08, 0x65, 0x08, 0x65, 0x08, 0x87, 0x10, 0xa8, 0x10, 0x66, 0x10, 0x66, 0x10,
    0x66, 0x10, 0x66, 0x10, 0x66, 0x10, 0x66, 0x10, 0x66, 0x10, 0x66, 0x10, 0x66, 0x10, 0x66, 0x10,
    0x66, 0x10, 0x66, 0x10, 0xa7, 0x10, 0xc8, 0x10, 0x86, 0x10, 0x86, 0x10, 0x87, 0x10, 0x87, 0x10,
    0xa7, 0x10, 0xa7, 0x10, 0xa7, 0x10, 0xa7, 0x10, 0xa8, 0x10, 0xa8, 0x10, 0xa8, 0x10, 0xa8, 0x18,
    0xc9, 0x18, 0xeb, 0x18, 0xc9, 0x18, 0xc9, 0x18, 0xc9, 0x18, 0xc9, 0x18, 0xc9, 0x18, 0xc9, 0x18,
    0xc9, 0x18, 0xc9, 0x18, 0xc9, 0x18, 0xc8, 0x10, 0xc8, 0x18, 0xa8, 0x10, 0xa8, 0x10, 0xea, 0x18,
    0xc9, 0x18, 0xa7, 0x10, 0xa7, 0x10, 0x87, 0x10, 0xa7, 0x10, 0x87, 0x10, 0x86, 0x10, 0x86, 0x10,
    0x86, 0x10, 0x66, 0x10, 0x66, 0x10, 0x65, 0x08, 0x65, 0x08, 0x86, 0x10, 0xa8, 0x10, 0x65, 0x10,
    0x65, 0x08, 0x65, 0x08, 0x65, 0x08, 0x45, 0x08, 0x65, 0x08, 0x45, 0x08, 0x44, 0x08, 0x44, 0x08,
    0x44, 0x08, 0x44, 0x08, 0x44, 0x08, 0x44, 0x08, 0x86, 0x10, 0x86, 0x10, 0x44, 0x08, 0x44, 0x08,
    0x44, 0x08, 0x44, 0x08, 0x44, 0x08, 0x44, 0x08, 0x44, 0x08, 0x43, 0x08, 0x44, 0x08, 0x43, 0x08,
    0x43, 0x08, 0x23, 0x08, 0x23, 0x08, 0x65, 0x08, 0x65, 0x08, 0x23, 0x00, 0x23, 0x00, 0x23, 0x00,
    0x23, 0x00, 0x23, 0x00, 0x23, 0x00, 0x23, 0x00, 0x23, 0x00, 0x23, 0x00, 0x23, 0x00, 0x22, 0x00,
    0x01, 0x00, 0x01, 0x00, 0x01, 0x00, 0x01, 0x00, 0x01, 0x00, 0x23, 0x00, 0x43, 0x08, 0x01, 0x00,
    0x01, 0x00, 0x01, 0x00, 0x01, 0x00, 0x01, 0x00, 0x01, 0x00, 0x22, 0x00, 0x22, 0x00, 0x22, 0x00,
    0x22, 0x00, 0x65, 0x08, 0x43, 0x08, 0x43, 0x08, 0x43, 0x00, 0x44, 0x08, 0x44, 0x08, 0x44, 0x08,
    0x44, 0x08, 0x64, 0x08, 0x64, 0x08, 0x65, 0x08, 0x85, 0x08, 0xa7, 0x10, 0x64, 0x08, 0x65, 0x08,
    0x64, 0x08, 0x44, 0x08, 0x44, 0x08, 0x44, 0x08, 0x43, 0x08, 0x43, 0x08, 0x23, 0x08, 0x43, 0x08,
    0x64, 0x08, 0x65, 0x08, 0x22, 0x00, 0x22, 0x00, 0x22, 0x00, 0x02, 0x00, 0x02, 0x00, 0x02, 0x00,
    0x02, 0x00, 0x22, 0x00, 0x02, 0x00, 0x22, 0x00, 0x44, 0x08, 0x44, 0x08, 0x02, 0x00, 0x22, 0x00,
    0x02, 0x00, 0x22, 0x00, 0x02, 0x00, 0x22, 0x00, 0x02, 0x00, 0x22, 0x00, 0x02, 0x00, 0x22, 0x00,
    0x44, 0x08, 0x64, 0x08, 0x02, 0x00, 0x22, 0x00, 0x02, 0x00, 0x22, 0x00, 0x02, 0x00, 0x22, 0x00,
    0x02, 0x00, 0x22, 0x00, 0x02, 0x00, 0x22, 0x00, 0x43, 0x08, 0x65, 0x08, 0x02, 0x00, 0x22, 0x00,
    0x02, 0x00, 0x22, 0x00, 0x02, 0x00, 0x22, 0x00, 0x02, 0x00, 0x22, 0x00, 0x02, 0x00, 0x22, 0x00,
    0x22, 0x00, 0x85, 0x08, 0x23, 0x00, 0x22, 0x00, 0x02, 0x00, 0x22, 0x00, 0x02, 0x00, 0x22, 0x00,
    0x02, 0x00, 0x22, 0x00, 0x02, 0x00, 0x22, 0x00, 0x02, 0x00, 0x44, 0x08, 0x44, 0x08, 0x22, 0x00,
    0x02, 0x00, 0x22, 0x00, 0x22, 0x00, 0x22, 0x00, 0x02, 0x00, 0x22, 0x00, 0x22, 0x00, 0x22, 0x00,
    0x02, 0x00, 0x22, 0x00, 0x65, 0x08, 0x43, 0x08, 0x02, 0x00, 0x22, 0x00, 0x22, 0x00, 0x22, 0x00,
    0x02, 0x00, 0x22, 0x00, 0x22, 0x00, 0x22, 0x00, 0x02, 0x00, 0x22, 0x00, 0x23, 0x08, 0x86, 0x08,
    0x22, 0x00, 0x22, 0x00, 0x22, 0x00, 0x22, 0x00, 0x22, 0x00, 0x22, 0x00, 0x22, 0x00, 0x22, 0x00,
    0x22, 0x00, 0x22, 0x00, 0x22, 0x00, 0x43, 0x08, 0x65, 0x08, 0x22, 0x00, 0x22, 0x00, 0x22, 0x00,
    0x22, 0x00, 0x22, 0x00, 0x22, 0x00, 0x22, 0x00, 0x22, 0x00, 0x22, 0x00, 0x22, 0x00, 0x22, 0x00,
    0x23, 0x08, 0x85, 0x08, 0x23, 0x00, 0x22, 0x00, 0x22, 0x00, 0x22, 0x00, 0x22, 0x00, 0x23, 0x00,
    0x22, 0x00, 0x22, 0x00, 0x22, 0x00, 0x23, 0x08, 0x23, 0x00, 0x23, 0x08, 0x86, 0x10, 0x44, 0x08,
    0x23, 0x00, 0x23, 0x00, 0x23, 0x00, 0x43, 0x08, 0x23, 0x00, 0x23, 0x08, 0x23, 0x08, 0x43, 0x08,
    0x23, 0x08, 0x23, 0x08, 0x23, 0x08, 0x86, 0x10, 0x65, 0x08, 0x43, 0x08, 0x43, 0x08, 0x44, 0x08,
    0x43, 0x08, 0x44, 0x08, 0x44, 0x08, 0x44, 0x08, 0x44, 0x08, 0x44, 0x08, 0x44, 0x08, 0x44, 0x08,
    0x44, 0x08, 0xa7, 0x10, 0x45, 0x08, 0x44, 0x08, 0x44, 0x08, 0x44, 0x08, 0x44, 0x08, 0x64, 0x08,
    0x44, 0x08, 0x44, 0x08, 0x44, 0x08, 0x65, 0x08, 0x44, 0x08, 0x65, 0x08, 0x66, 0x10, 0xa7, 0x10,
    0x45, 0x08, 0x65, 0x08, 0x45, 0x08, 0x65, 0x08, 0x45, 0x08, 0x65, 0x08, 0x45, 0x08, 0x65, 0x10,
    0x45, 0x08, 0x65, 0x08, 0x65, 0x10, 0x86, 0x10, 0xa7, 0x10, 0xc8, 0x10, 0x86, 0x10, 0xa7, 0x10,
    0x86, 0x10, 0x87, 0x10, 0x87, 0x10, 0xa7, 0x10, 0x87, 0x10, 0xa8, 0x10, 0xa7, 0x10, 0xc8, 0x10,
    0xa8, 0x10, 0xa8, 0x10, 0xc9, 0x18, 0x0a, 0x19, 0xc9, 0x18, 0xc9, 0x18, 0xc8, 0x18, 0xc9, 0x18,
    0xa8, 0x10, 0xc8, 0x10, 0xa8, 0x18, 0xc8, 0x18, 0xa8, 0x10, 0xa8, 0x18, 0xa7, 0x10, 0xa8, 0x10,
    0xa8, 0x10, 0xea, 0x18, 0xa7, 0x10, 0xa7, 0x10, 0x87, 0x10, 0x87, 0x10, 0x86, 0x10, 0x86, 0x10,
    0x66, 0x10, 0x66, 0x10, 0x66, 0x10, 0x86, 0x10, 0x66, 0x10, 0x66, 0x10, 0x66, 0x10, 0xc8, 0x10,
    0x87, 0x10, 0x66, 0x10, 0x65, 0x10, 0x66, 0x10, 0x65, 0x08, 0x65, 0x10, 0x65, 0x08, 0x65, 0x08,
    0x45, 0x08, 0x65, 0x08, 0x45, 0x08, 0x65, 0x08, 0x45, 0x08, 0x86, 0x10, 0xa8, 0x10, 0x86, 0x10,
    0x44, 0x08, 0x65, 0x08, 0x44, 0x08, 0x65, 0x08, 0x44, 0x08, 0x65, 0x08, 0x44, 0x08, 0x64, 0x08,
    0x44, 0x08, 0x44, 0x08, 0x44, 0x08, 0x44, 0x08, 0x65, 0x08, 0x87, 0x10, 0x44, 0x08, 0x44, 0x08,
    0x44, 0x08, 0x44, 0x08, 0x23, 0x08, 0x44, 0x08, 0x23, 0x08, 0x43, 0x08, 0x23, 0x08, 0x43, 0x08,
    0x23, 0x08, 0x43, 0x08, 0x23, 0x00, 0x65, 0x08, 0x65, 0x08, 0x43, 0x08, 0x23, 0x00, 0x23, 0x08,
    0x23, 0x00, 0x23, 0x08, 0x22, 0x00, 0x23, 0x08, 0x22, 0x00, 0x23, 0x00, 0x22, 0x00, 0x23, 0x00,
    0x22, 0x00, 0x22, 0x00, 0x23, 0x00, 0x43, 0x00, 0x43, 0x08, 0x65, 0x08, 0x65, 0x08, 0x44, 0x08,
    0x44, 0x08, 0x64, 0x08, 0x64, 0x08, 0x65, 0x08, 0x65, 0x08, 0x64, 0x08, 0x64, 0x08, 0x44, 0x08,
    0x44, 0x08, 0x86, 0x10, 0x44, 0x08, 0x43, 0x08, 0x43, 0x08, 0x23, 0x08, 0x23, 0x00, 0x23, 0x00,
    0x23, 0x00, 0x22, 0x00, 0x22, 0x00, 0x22, 0x00, 0x23, 0x08, 0x44, 0x08, 0x02, 0x00, 0x02, 0x00,
    0x02, 0x00, 0x02, 0x00, 0x02, 0x00, 0x02, 0x00, 0x02, 0x00, 0x02, 0x00, 0x02, 0x00, 0x02, 0x00,
    0x44, 0x08, 0x44, 0x08, 0x02, 0x00, 0x02, 0x00, 0x02, 0x00, 0x02, 0x00, 0x02, 0x00, 0x02, 0x00,
    0x02, 0x00, 0x02, 0x00, 0x22, 0x00, 0x02, 0x00, 0x44, 0x08, 0x43, 0x08, 0x22, 0x00, 0x02, 0x00,
    0x02, 0x00, 0x02, 0x00, 0x22, 0x00, 0x02, 0x00, 0x02, 0x00, 0x02, 0x00, 0x22, 0x00, 0x02, 0x00,
    0x44, 0x08, 0x44, 0x08, 0x22, 0x00, 0x02, 0x00, 0x02, 0x00, 0x02, 0x00, 0x22, 0x00, 0x02, 0x00,
    0x22, 0x00, 0x02, 0x00, 0x22, 0x00, 0x22, 0x00, 0x44, 0x08, 0x64, 0x08, 0x22, 0x00, 0x22, 0x00,
    0x22, 0x00, 0x02, 0x00, 0x22, 0x00, 0x22, 0x00, 0x22, 0x00, 0x02, 0x00, 0x22, 0x00, 0x22, 0x00,
    0x23, 0x00, 0x66, 0x08, 0x23, 0x00, 0x22, 0x00, 0x22, 0x00, 0x02, 0x00, 0x22, 0x00, 0x22, 0x00,
    0x22, 0x00, 0x22, 0x00, 0x22, 0x00, 0x22, 0x00, 0x22, 0x00, 0x44, 0x08, 0x44, 0x08, 0x22, 0x00,
    0x22, 0x00, 0x22, 0x00, 0x22, 0x00, 0x22, 0x00, 0x22, 0x00, 0x22, 0x00, 0x22, 0x00, 0x22, 0x00,
    0x22, 0x00, 0x22, 0x00, 0x85, 0x08, 0x23, 0x08, 0x22, 0x00, 0x22, 0x00, 0x22, 0x00, 0x22, 0x00,
    0x22, 0x00, 0x22, 0x00, 0x22, 0x00, 0x22, 0x00, 0x22, 0x00, 0x22, 0x00, 0x23, 0x08, 0x65, 0x08,
    0x22, 0x00, 0x22, 0x00, 0x22, 0x00, 0x22, 0x00, 0x22, 0x00, 0x22, 0x00, 0x22, 0x00, 0x22, 0x00,
    0x22, 0x00, 0x22, 0x00, 0x22, 0x00, 0x43, 0x08, 0x65, 0x08, 0x22, 0x00, 0x22, 0x00, 0x22, 0x00,
    0x22, 0x00, 0x22, 0x00, 0x22, 0x00, 0x22, 0x00, 0x22, 0x00, 0x22, 0x00, 0x22, 0x00, 0x22, 0x00,
    0x23, 0x08, 0x86, 0x08, 0x23, 0x00, 0x22, 0x00, 0x22, 0x00, 0x22, 0x00, 0x22, 0x00, 0x22, 0x00,
    0x23, 0x00, 0x23, 0x00, 0x23, 0x00, 0x23, 0x00, 0x23, 0x00, 0x23, 0x00, 0x86, 0x10, 0x44, 0x08,
    0x23, 0x00, 0x23, 0x00, 0x23, 0x08, 0x23, 0x00, 0x23, 0x08, 0x23, 0x08, 0x23, 0x08, 0x23, 0x08,
    0x23, 0x08, 0x23, 0x08, 0x44, 0x08, 0x65, 0x08, 0x86, 0x10, 0x44, 0x08, 0x44, 0x08, 0x44, 0x08,
    0x44, 0x08, 0x44, 0x08, 0x44, 0x08, 0x44, 0x08, 0x44, 0x08, 0x44, 0x08, 0x44, 0x08, 0x44, 0x08,
    0x45, 0x08, 0xa7, 0x10, 0x65, 0x08, 0x44, 0x08, 0x44, 0x08, 0x44, 0x08, 0x45, 0x08, 0x45, 0x08,
    0x65, 0x08, 0x65, 0x08, 0x66, 0x10, 0x66, 0x10, 0x66, 0x10, 0x86, 0x10, 0xa7, 0x10, 0xc9, 0x18,
    0x87, 0x10, 0x87, 0x10, 0x87, 0x10, 0x87, 0x10, 0xa7, 0x10, 0xa8, 0x10, 0xa8, 0x10, 0xa8, 0x10,
    0xa8, 0x10, 0xc8, 0x10, 0xa9, 0x10, 0xc8, 0x10, 0xc9, 0x18, 0xea, 0x18, 0xa8, 0x10, 0xa8, 0x10,
    0xa8, 0x10, 0xa8, 0x10, 0xa8, 0x10, 0xa8, 0x10, 0xa7, 0x10, 0xa7, 0x10, 0x87, 0x10, 0xa7, 0x10,
    0xa7, 0x10, 0x87, 0x10, 0xa8, 0x10, 0xc9, 0x18, 0x87, 0x10, 0x86, 0x10, 0x87, 0x10, 0x86, 0x10,
    0x86, 0x10, 0x86, 0x10, 0x86, 0x10, 0x86, 0x10, 0x86, 0x10, 0x86, 0x10, 0x86, 0x10, 0x86, 0x10,
    0x87, 0x10, 0xc9, 0x18, 0xa7, 0x10, 0x86, 0x10, 0x86, 0x10, 0x86, 0x10, 0x86, 0x10, 0x86, 0x10,
    0x86, 0x10, 0x86, 0x10, 0x86, 0x10, 0x86, 0x10, 0x86, 0x10, 0x66, 0x10, 0x86, 0x10, 0xa8, 0x18,
    0xa8, 0x18, 0x66, 0x10, 0x66, 0x10, 0x66, 0x10, 0x66, 0x10, 0x66, 0x10, 0x66, 0x10, 0x66, 0x10,
    0x65, 0x10, 0x65, 0x08, 0x65, 0x08, 0x65, 0x08, 0x65, 0x08, 0x66, 0x10, 0xa8, 0x10, 0x86, 0x10,
    0x65, 0x08, 0x45, 0x08, 0x65, 0x08, 0x65, 0x08, 0x65, 0x08, 0x45, 0x08, 0x65, 0x08, 0x45, 0x08,
    0x44, 0x08, 0x44, 0x08, 0x44, 0x08, 0x44, 0x08, 0x65, 0x08, 0x87, 0x10, 0x65, 0x08, 0x44, 0x08,
    0x44, 0x08, 0x44, 0x08, 0x44, 0x08, 0x44, 0x08, 0x44, 0x08, 0x44, 0x08, 0x44, 0x08, 0x43, 0x08,
    0x44, 0x08, 0x43, 0x08, 0x43, 0x08, 0x45, 0x08, 0x66, 0x10, 0x44, 0x08, 0x23, 0x08, 0x23, 0x00,
    0x23, 0x00, 0x23, 0x00, 0x23, 0x08, 0x23, 0x00, 0x23, 0x00, 0x23, 0x00, 0x23, 0x00, 0x23, 0x00,
    0x43, 0x08, 0x43, 0x08, 0x23, 0x00, 0x43, 0x00, 0x23, 0x00, 0x65, 0x08, 0x43, 0x08, 0x22, 0x00,
    0x22, 0x00, 0x22, 0x00, 0x02, 0x00, 0x02, 0x00, 0x01, 0x00, 0x02, 0x00, 0x01, 0x00, 0x02, 0x00,
    0x22, 0x00, 0x64, 0x08, 0x01, 0x00, 0x02, 0x00, 0x01, 0x00, 0x02, 0x00, 0x01, 0x00, 0x02, 0x00,
    0x01, 0x00, 0x02, 0x00, 0x01, 0x00, 0x02, 0x00, 0x43, 0x08, 0x44, 0x08, 0x02, 0x00, 0x02, 0x00,
    0x02, 0x00, 0x02, 0x00, 0x02, 0x00, 0x02, 0x00, 0x02, 0x00, 0x02, 0x00, 0x02, 0x00, 0x02, 0x00,
    0x44, 0x08, 0x43, 0x08, 0x02, 0x00, 0x02, 0x00, 0x02, 0x00, 0x02, 0x00, 0x02, 0x00, 0x22, 0x00,
    0x02, 0x00, 0x22, 0x00, 0x02, 0x00, 0x22, 0x00, 0x65, 0x08, 0x43, 0x08, 0x02, 0x00, 0x22, 0x00,
    0x02, 0x00, 0x22, 0x00, 0x02, 0x00, 0x22, 0x00, 0x02, 0x00, 0x22, 0x00, 0x02, 0x00, 0x22, 0x00,
    0x64, 0x08, 0x43, 0x08, 0x02, 0x00, 0x22, 0x00, 0x02, 0x00, 0x22, 0x00, 0x02, 0x00, 0x22, 0x00,
    0x02, 0x00, 0x22, 0x00, 0x02, 0x00, 0x22, 0x00, 0x44, 0x08, 0x44, 0x08, 0x02, 0x00, 0x22, 0x00,
    0x02, 0x00, 0x22, 0x00, 0x02, 0x00, 0x22, 0x00, 0x02, 0x00, 0x22, 0x00, 0x02, 0x00, 0x22, 0x00,
    0x23, 0x00, 0x85, 0x08, 0x22, 0x00, 0x22, 0x00, 0x02, 0x00, 0x22, 0x00, 0x02, 0x00, 0x22, 0x00,
    0x02, 0x00, 0x22, 0x00, 0x02, 0x00, 0x22, 0x00, 0x02, 0x00, 0x65, 0x08, 0x44, 0x08, 0x22, 0x00,
    0x02, 0x00, 0x22, 0x00, 0x02, 0x00, 0x22, 0x00, 0x02, 0x00, 0x22, 0x00, 0x02, 0x00, 0x22, 0x00,
    0x22, 0x00, 0x23, 0x00, 0x66, 0x08, 0x23, 0x08, 0x22, 0x00, 0x22, 0x00, 0x22, 0x00, 0x22, 0x00,
    0x22, 0x00, 0x22, 0x00, 0x22, 0x00, 0x22, 0x00, 0x22, 0x00, 0x22, 0x00, 0x43, 0x08, 0x65, 0x08,
    0x22, 0x00, 0x22, 0x00, 0x22, 0x00, 0x22, 0x00, 0x22, 0x00, 0x22, 0x00, 0x22, 0x00, 0x22, 0x00,
    0x22, 0x00, 0x22, 0x00, 0x22, 0x00, 0x44, 0x08, 0x65, 0x08, 0x22, 0x00, 0x22, 0x00, 0x22, 0x00,
    0x22, 0x00, 0x22, 0x00, 0x22, 0x00, 0x22, 0x00, 0x22, 0x00, 0x22, 0x00, 0x22, 0x00, 0x22, 0x00,
    0x23, 0x08, 0x86, 0x10, 0x23, 0x00, 0x22, 0x00, 0x22, 0x00, 0x23, 0x00, 0x22, 0x00, 0x23, 0x00,
    0x22, 0x00, 0x23, 0x00, 0x23, 0x00, 0x23, 0x08, 0x23, 0x00, 0x43, 0x08, 0x86, 0x10, 0x44, 0x08,
    0x23, 0x00, 0x23, 0x08, 0x23, 0x00, 0x43, 0x08, 0x23, 0x00, 0x43, 0x08, 0x23, 0x08, 0x43, 0x08,
    0x23, 0x08, 0x44, 0x08, 0x23, 0x08, 0x86, 0x10, 0x66, 0x10, 0x44, 0x08, 0x44, 0x08, 0x64, 0x08,
    0x44, 0x08, 0x65, 0x08, 0x65, 0x08, 0x65, 0x10, 0x65, 0x08, 0x86, 0x10, 0x86, 0x10, 0x86, 0x10,
    0x86, 0x10, 0xc9, 0x18, 0xa7, 0x10, 0xa7, 0x10, 0x87, 0x10, 0xa7, 0x10, 0xa7, 0x10, 0xa8, 0x10,
    0xa8, 0x10, 0xa8, 0x10, 0xa7, 0x10, 0xa8, 0x10, 0xa7, 0x10, 0xa7, 0x10, 0xa8, 0x10, 0xea, 0x18,
    0xa7, 0x10, 0x87, 0x10, 0x87, 0x10, 0x87, 0x10, 0x86, 0x10, 0x87, 0x10, 0x86, 0x10, 0x86, 0x10,
    0x86, 0x10, 0x86, 0x10, 0x66, 0x10, 0x66, 0x10, 0x87, 0x10, 0xc8, 0x18, 0x66, 0x10, 0x66, 0x10,
    0x66, 0x10, 0x86, 0x10, 0x66, 0x10, 0x66, 0x10, 0x66, 0x10, 0x66, 0x10, 0x66, 0x10, 0x86, 0x10,
    0x66, 0x10, 0x86, 0x10, 0x87, 0x10, 0xc9, 0x18, 0x87, 0x10, 0x86, 0x10, 0x86, 0x10, 0x86, 0x10,
    0x86, 0x10, 0x86, 0x10, 0x86, 0x10, 0x87, 0x10, 0x86, 0x10, 0x87, 0x10, 0x86, 0x10, 0x87, 0x10,
    0x87, 0x10, 0xc9, 0x18, 0xa8, 0x10, 0x87, 0x10, 0x86, 0x10, 0x87, 0x10, 0x66, 0x10, 0x86, 0x10,
    0x86, 0x10, 0x86, 0x10, 0x66, 0x10, 0x86, 0x10, 0x86, 0x10, 0x86, 0x10, 0x66, 0x10, 0xa8, 0x10,
    0xa8, 0x10, 0x86, 0x10, 0x66, 0x10, 0x86, 0x10, 0x66, 0x10, 0x66, 0x10, 0x66, 0x10, 0x66, 0x10,
    0x66, 0x10, 0x66, 0x10, 0x65, 0x08, 0x66, 0x10, 0x65, 0x08, 0x66, 0x10, 0xa8, 0x10, 0x86, 0x10,
    0x45, 0x08, 0x65, 0x08, 0x45, 0x08, 0x65, 0x08, 0x45, 0x08, 0x65, 0x08, 0x45, 0x08, 0x65, 0x08,
    0x44, 0x08, 0x45, 0x08, 0x44, 0x08, 0x44, 0x08, 0x65, 0x08, 0xa7, 0x10, 0x65, 0x08, 0x44, 0x08,
    0x44, 0x08, 0x44, 0x08, 0x44, 0x08, 0x44, 0x08, 0x44, 0x08, 0x44, 0x08, 0x43, 0x08, 0x44, 0x08,
    0x43, 0x08, 0x44, 0x08, 0x23, 0x08, 0x64, 0x08, 0x86, 0x10, 0x44, 0x08, 0x23, 0x00, 0x23, 0x08,
    0x23, 0x00, 0x23, 0x08, 0x23, 0x00, 0x23, 0x08, 0x23, 0x00, 0x23, 0x08, 0x22, 0x00, 0x23, 0x00,
    0x01, 0x00, 0x01, 0x00, 0x01, 0x00, 0x01, 0x00, 0x01, 0x00, 0x44, 0x08, 0x22, 0x00, 0x01, 0x00,
    0x01, 0x00, 0x01, 0x00, 0x01, 0x00, 0x01, 0x00, 0x01, 0x00, 0x01, 0x00, 0x01, 0x00, 0x01, 0x00,
    0x23, 0x00, 0x44, 0x08, 0x01, 0x00, 0x01, 0x00, 0x01, 0x00, 0x01, 0x00, 0x01, 0x00, 0x01, 0x00,
    0x01, 0x00, 0x01, 0x00, 0x01, 0x00, 0x01, 0x00, 0x44, 0x08, 0x23, 0x08, 0x01, 0x00, 0x01, 0x00,
    0x02, 0x00, 0x01, 0x00, 0x02, 0x00, 0x01, 0x00, 0x02, 0x00, 0x02, 0x00, 0x02, 0x00, 0x02, 0x00,
    0x65, 0x08, 0x23, 0x00, 0x02, 0x00, 0x02, 0x00, 0x02, 0x00, 0x02, 0x00, 0x02, 0x00, 0x02, 0x00,
    0x02, 0x00, 0x02, 0x00, 0x02, 0x00, 0x02, 0x00, 0x65, 0x08, 0x23, 0x00, 0x02, 0x00, 0x02, 0x00,
    0x22, 0x00, 0x02, 0x00, 0x02, 0x00, 0x02, 0x00, 0x22, 0x00, 0x02, 0x00, 0x22, 0x00, 0x02, 0x00,
    0x65, 0x08, 0x23, 0x00, 0x22, 0x00, 0x02, 0x00, 0x22, 0x00, 0x02, 0x00, 0x22, 0x00, 0x02, 0x00,
    0x22, 0x00, 0x02, 0x00, 0x22, 0x00, 0x02, 0x00, 0x44, 0x08, 0x44, 0x08, 0x22, 0x00, 0x02, 0x00,
    0x22, 0x00, 0x22, 0x00, 0x22, 0x00, 0x02, 0x00, 0x22, 0x00, 0x22, 0x00, 0x22, 0x00, 0x02, 0x00,
    0x23, 0x08, 0x65, 0x08, 0x22, 0x00, 0x22, 0x00, 0x22, 0x00, 0x22, 0x00, 0x22, 0x00, 0x22, 0x00,
    0x22, 0x00, 0x22, 0x00, 0x22, 0x00, 0x22, 0x00, 0x22, 0x00, 0x64, 0x08, 0x44, 0x08, 0x22, 0x00,
    0x22, 0x00, 0x22, 0x00, 0x22, 0x00, 0x22, 0x00, 0x22, 0x00, 0x22, 0x00, 0x22, 0x00, 0x22, 0x00,
    0x22, 0x00, 0x23, 0x00, 0x86, 0x10, 0x23, 0x00, 0x22, 0x00, 0x22, 0x00, 0x22, 0x00, 0x22, 0x00,
    0x22, 0x00, 0x22, 0x00, 0x22, 0x00, 0x22, 0x00, 0x22, 0x00, 0x22, 0x00, 0x43, 0x08, 0x65, 0x08,
    0x22, 0x00, 0x22, 0x00, 0x22, 0x00, 0x22, 0x00, 0x22, 0x00, 0x22, 0x00, 0x22, 0x00, 0x22, 0x00,
    0x22, 0x00, 0x22, 0x00, 0x22, 0x00, 0x44, 0x08, 0x65, 0x08, 0x22, 0x00, 0x22, 0x00, 0x22, 0x00,
    0x22, 0x00, 0x22, 0x00, 0x22, 0x00, 0x22, 0x00, 0x22, 0x00, 0x22, 0x00, 0x22, 0x00, 0x22, 0x00,
    0x23, 0x08, 0x65, 0x08, 0x23, 0x00, 0x22, 0x00, 0x22, 0x00, 0x22, 0x00, 0x22, 0x00, 0x22, 0x00,
    0x23, 0x00, 0x22, 0x00, 0x23, 0x00, 0x23, 0x00, 0x23, 0x08, 0x43, 0x08, 0x86, 0x10, 0x65, 0x08,
    0x44, 0x08, 0x44, 0x08, 0x45, 0x08, 0x65, 0x08, 0x65, 0x08, 0x65, 0x08, 0x65, 0x08, 0x85, 0x08,
    0x86, 0x08, 0x86, 0x10, 0x86, 0x10, 0xa8, 0x10, 0xc8, 0x10, 0x87, 0x10, 0x87, 0x10, 0x87, 0x10,
    0x87, 0x10, 0x86, 0x10, 0x86, 0x10, 0x86, 0x10, 0x86, 0x10, 0x86, 0x10, 0x86, 0x10, 0x66, 0x10,
    0x86, 0x10, 0xa8, 0x10, 0x87, 0x10, 0x65, 0x08, 0x65, 0x08, 0x65, 0x08, 0x65, 0x08, 0x65, 0x08,
    0x65, 0x08, 0x45, 0x08, 0x45, 0x08, 0x44, 0x08, 0x45, 0x08, 0x45, 0x08, 0x66, 0x10, 0xa8, 0x10,
    0x65, 0x08, 0x45, 0x08, 0x45, 0x08, 0x45, 0x08, 0x65, 0x08, 0x65, 0x08, 0x65, 0x08, 0x65, 0x08,
    0x65, 0x08, 0x65, 0x08, 0x65, 0x08, 0x65, 0x08, 0x86, 0x10, 0xa8, 0x10, 0x66, 0x10, 0x65, 0x08,
    0x65, 0x10, 0x65, 0x08, 0x65, 0x10, 0x66, 0x10, 0x66, 0x10, 0x66, 0x10, 0x66, 0x10, 0x66, 0x10,
    0x66, 0x10, 0x66, 0x10, 0x87, 0x10, 0xc9, 0x18, 0x87, 0x10, 0x66, 0x10, 0x66, 0x10, 0x66, 0x10,
    0x86, 0x10, 0x66, 0x10, 0x86, 0x10, 0x86, 0x10, 0x86, 0x10, 0x86, 0x10, 0x86, 0x10, 0x86, 0x10,
    0x87, 0x10, 0xc9, 0x18, 0xa8, 0x10, 0x86, 0x10, 0x86, 0x10, 0x86, 0x10, 0x86, 0x10, 0x86, 0x10,
    0x86, 0x10, 0x66, 0x10, 0x86, 0x10, 0x66, 0x10, 0x66, 0x10, 0x66, 0x10, 0x66, 0x10, 0xa7, 0x10,
    0xc8, 0x18, 0x66, 0x10, 0x66, 0x10, 0x66, 0x10, 0x66, 0x10, 0x65, 0x10, 0x65, 0x10, 0x65, 0x10,
    0x65, 0x10, 0x65, 0x10, 0x65, 0x10, 0x65, 0x08, 0x65, 0x08, 0x65, 0x08, 0xa7, 0x10, 0x86, 0x10,
    0x65, 0x08, 0x45, 0x08, 0x45, 0x08, 0x44, 0x08, 0x45, 0x08, 0x44, 0x08, 0x44, 0x08, 0x44, 0x08,
    0x44, 0x08, 0x44, 0x08, 0x44, 0x08, 0x44, 0x08, 0x65, 0x08, 0x87, 0x10, 0x65, 0x08, 0x44, 0x08,
    0x44, 0x08, 0x44, 0x08, 0x44, 0x08, 0x44, 0x08, 0x44, 0x08, 0x23, 0x08, 0x43, 0x08, 0x23, 0x08,
    0x43, 0x08, 0x23, 0x08, 0x43, 0x08, 0x44, 0x08, 0x86, 0x10, 0x44, 0x08, 0x23, 0x00, 0x23, 0x00,
    0x23, 0x08, 0x23, 0x00, 0x23, 0x00, 0x23, 0x00, 0x23, 0x00, 0x23, 0x00, 0x23, 0x00, 0x22, 0x00,
    0x01, 0x00, 0x01, 0x00, 0x01, 0x00, 0x01, 0x00, 0x01, 0x00, 0x65, 0x08, 0x01, 0x00, 0x01, 0x00,
    0x01, 0x00, 0x02, 0x00, 0x01, 0x00, 0x02, 0x00, 0x01, 0x00, 0x02, 0x00, 0x01, 0x00, 0x02, 0x00,
    0x23, 0x00, 0x44, 0x08, 0x01, 0x00, 0x02, 0x00, 0x01, 0x00, 0x02, 0x00, 0x01, 0x00, 0x02, 0x00,
    0x01, 0x00, 0x02, 0x00, 0x02, 0x00, 0x02, 0x00, 0x64, 0x08, 0x23, 0x00, 0x02, 0x00, 0x02, 0x00,
    0x02, 0x00, 0x02, 0x00, 0x02, 0x00, 0x02, 0x00, 0x02, 0x00, 0x02, 0x00, 0x02, 0x00, 0x02, 0x00,
    0x65, 0x08, 0x22, 0x00, 0x02, 0x00, 0x02, 0x00, 0x02, 0x00, 0x22, 0x00, 0x02, 0x00, 0x22, 0x00,
    0x02, 0x00, 0x22, 0x00, 0x02, 0x00, 0x22, 0x00, 0x65, 0x08, 0x23, 0x00, 0x02, 0x00, 0x22, 0x00,
    0x02, 0x00, 0x22, 0x00, 0x02, 0x00, 0x22, 0x00, 0x02, 0x00, 0x22, 0x00, 0x02, 0x00, 0x22, 0x00,
    0x65, 0x08, 0x23, 0x08, 0x02, 0x00, 0x22, 0x00, 0x02, 0x00, 0x22, 0x00, 0x02, 0x00, 0x22, 0x00,
    0x02, 0x00, 0x22, 0x00, 0x02, 0x00, 0x22, 0x00, 0x44, 0x08, 0x44, 0x08, 0x02, 0x00, 0x22, 0x00,
    0x02, 0x00, 0x22, 0x00, 0x02, 0x00, 0x22, 0x00, 0x02, 0x00, 0x22, 0x00, 0x02, 0x00, 0x22, 0x00,
    0x43, 0x08, 0x65, 0x08, 0x02, 0x00, 0x22, 0x00, 0x02, 0x00, 0x22, 0x00, 0x02, 0x00, 0x22, 0x00,
    0x02, 0x00, 0x22, 0x00, 0x02, 0x00, 0x22, 0x00, 0x02, 0x00, 0x65, 0x08, 0x43, 0x08, 0x22, 0x00,
    0x02, 0x00, 0x22, 0x00, 0x22, 0x00, 0x22, 0x00, 0x02, 0x00, 0x22, 0x00, 0x22, 0x00, 0x22, 0x00,
    0x02, 0x00, 0x23, 0x08, 0x86, 0x08, 0x23, 0x00, 0x02, 0x00, 0x22, 0x00, 0x22, 0x00, 0x22, 0x00,
    0x02, 0x00, 0x22, 0x00, 0x22, 0x00, 0x22, 0x00, 0x22, 0x00, 0x22, 0x00, 0x43, 0x08, 0x65, 0x08,
    0x22, 0x00, 0x22, 0x00, 0x22, 0x00, 0x22, 0x00, 0x22, 0x00, 0x22, 0x00, 0x22, 0x00, 0x22, 0x00,
    0x22, 0x00, 0x22, 0x00, 0x22, 0x00, 0x44, 0x08, 0x65, 0x08, 0x22, 0x00, 0x22, 0x00, 0x22, 0x00,
    0x23, 0x00, 0x23, 0x00, 0x23, 0x00, 0x43, 0x08, 0x23, 0x08, 0x44, 0x08, 0x44, 0x08, 0x44, 0x08,
    0x65, 0x08, 0xa7, 0x10, 0x44, 0x08, 0x65, 0x08, 0x65, 0x08, 0x65, 0x08, 0x65, 0x08, 0x86, 0x08,
    0x65, 0x08, 0x86, 0x10, 0x86, 0x10, 0x86, 0x10, 0x86, 0x10, 0x86, 0x10, 0xa8, 0x10, 0x87, 0x10,
    0x66, 0x08, 0x86, 0x08, 0x65, 0x08, 0x85, 0x10, 0x65, 0x08, 0x65, 0x08, 0x65, 0x08, 0x65, 0x08,
    0x65, 0x08, 0x65, 0x08, 0x44, 0x08, 0x86, 0x10, 0x86, 0x10, 0x44, 0x08, 0x44, 0x08, 0x44, 0x08,
    0x44, 0x08, 0x44, 0x08, 0x44, 0x08, 0x44, 0x08, 0x44, 0x08, 0x44, 0x08, 0x44, 0x08, 0x44, 0x08,
    0x44, 0x08, 0xa7, 0x10, 0x65, 0x08, 0x45, 0x08, 0x44, 0x08, 0x65, 0x08, 0x44, 0x08, 0x65, 0x08,
    0x45, 0x08, 0x65, 0x08, 0x45, 0x08, 0x65, 0x08, 0x45, 0x08, 0x65, 0x08, 0x66, 0x10, 0xa8, 0x18,
    0x66, 0x10, 0x65, 0x08, 0x65, 0x08, 0x65, 0x10, 0x65, 0x08, 0x65, 0x10, 0x65, 0x08, 0x66, 0x10,
    0x65, 0x08, 0x66, 0x10, 0x65, 0x08, 0x66, 0x10, 0x86, 0x10, 0xc9, 0x18, 0x86, 0x10, 0x86, 0x10,
    0x66, 0x10, 0x66, 0x10, 0x66, 0x10, 0x86, 0x10, 0x66, 0x10, 0x66, 0x10, 0x66, 0x10, 0x86, 0x10,
    0x66, 0x10, 0x86, 0x10, 0x87, 0x10, 0xc9, 0x18, 0xa7, 0x10, 0x86, 0x10, 0x86, 0x10, 0x87, 0x10,
    0x86, 0x10, 0x87, 0x10, 0x86, 0x10, 0x87, 0x10, 0x87, 0x10, 0x87, 0x10, 0x87, 0x10, 0x87, 0x10,
    0x87, 0x10, 0xc9, 0x18, 0xa8, 0x10, 0x87, 0x10, 0x87, 0x10, 0x87, 0x10, 0x87, 0x10, 0x87, 0x10,
    0x86, 0x10, 0x87, 0x10, 0x86, 0x10, 0x86, 0x10, 0x66, 0x10, 0x86, 0x10, 0x86, 0x10, 0xa7, 0x10,
    0xc9, 0x18, 0x87, 0x10, 0x66, 0x10, 0x86, 0x10, 0x66, 0x10, 0x66, 0x10, 0x66, 0x10, 0x66, 0x10,
    0x66, 0x10, 0x66, 0x10, 0x66, 0x08, 0x66, 0x10, 0x65, 0x08, 0x65, 0x08, 0x87, 0x10, 0x87, 0x10,
    0x45, 0x08, 0x65, 0x08, 0x45, 0x08, 0x65, 0x08, 0x45, 0x08, 0x65, 0x08, 0x45, 0x08, 0x65, 0x08,
    0x44, 0x08, 0x45, 0x08, 0x44, 0x08, 0x45, 0x08, 0x44, 0x08, 0x87, 0x10, 0x66, 0x08, 0x44, 0x08,
    0x44, 0x08, 0x44, 0x08, 0x44, 0x08, 0x44, 0x08, 0x44, 0x08, 0x44, 0x08, 0x44, 0x08, 0x44, 0x08,
    0x43, 0x08, 0x44, 0x08, 0x23, 0x08, 0x44, 0x08, 0x85, 0x08, 0x65, 0x08, 0x23, 0x00, 0x23, 0x08,
    0x23, 0x00, 0x23, 0x08, 0x23, 0x00, 0x23, 0x08, 0x23, 0x00, 0x23, 0x08, 0x23, 0x00, 0x23, 0x08,
    0x01, 0x00, 0x01, 0x00, 0x01, 0x00, 0x01, 0x00, 0x22, 0x00, 0x44, 0x08, 0x01, 0x00, 0x01, 0x00,
    0x01, 0x00, 0x01, 0x00, 0x02, 0x00, 0x01, 0x00, 0x02, 0x00, 0x01, 0x00, 0x02, 0x00, 0x01, 0x00,
    0x44, 0x08, 0x23, 0x08, 0x02, 0x00, 0x01, 0x00, 0x01, 0x00, 0x01, 0x00, 0x02, 0x00, 0x01, 0x00,
    0x01, 0x00, 0x02, 0x00, 0x02, 0x00, 0x02, 0x00, 0x65, 0x08, 0x22, 0x00, 0x02, 0x00, 0x02, 0x00,
    0x02, 0x00, 0x02, 0x00, 0x02, 0x00, 0x02, 0x00, 0x02, 0x00, 0x02, 0x00, 0x02, 0x00, 0x22, 0x00,
    0x65, 0x08, 0x02, 0x00, 0x02, 0x00, 0x02, 0x00, 0x02, 0x00, 0x02, 0x00, 0x22, 0x00, 0x02, 0x00,
    0x02, 0x00, 0x02, 0x00, 0x22, 0x00, 0x22, 0x00, 0x65, 0x08, 0x02, 0x00, 0x22, 0x00, 0x02, 0x00,
    0x02, 0x00, 0x02, 0x00, 0x22, 0x00, 0x02, 0x00, 0x02, 0x00, 0x02, 0x00, 0x22, 0x00, 0x22, 0x00,
    0x65, 0x08, 0x23, 0x00, 0x22, 0x00, 0x02, 0x00, 0x22, 0x00, 0x02, 0x00, 0x22, 0x00, 0x22, 0x00,
    0x22, 0x00, 0x02, 0x00, 0x22, 0x00, 0x22, 0x00, 0x65, 0x08, 0x43, 0x08, 0x22, 0x00, 0x22, 0x00,
    0x22, 0x00, 0x02, 0x00, 0x22, 0x00, 0x22, 0x00, 0x22, 0x00, 0x02, 0x00, 0x22, 0x00, 0x22, 0x00,
    0x44, 0x08, 0x65, 0x08, 0x22, 0x00, 0x22, 0x00, 0x22, 0x00, 0x22, 0x00, 0x22, 0x00, 0x22, 0x00,
    0x22, 0x00, 0x22, 0x00, 0x22, 0x00, 0x22, 0x00, 0x22, 0x00, 0x65, 0x08, 0x43, 0x08, 0x22, 0x00,
    0x22, 0x00, 0x22, 0x00, 0x22, 0x00, 0x22, 0x00, 0x22, 0x00, 0x22, 0x00, 0x22, 0x00, 0x22, 0x00,
    0x22, 0x00, 0x23, 0x08, 0x85, 0x08, 0x23, 0x00, 0x22, 0x00, 0x22, 0x00, 0x22, 0x00, 0x22, 0x00,
    0x22, 0x00, 0x22, 0x00, 0x22, 0x00, 0x22, 0x00, 0x22, 0x00, 0x22, 0x00, 0x44, 0x08, 0x65, 0x08,
    0x23, 0x00, 0x23, 0x08, 0x23, 0x08, 0x43, 0x08, 0x44, 0x08, 0x44, 0x08, 0x44, 0x08, 0x44, 0x08,
    0x44, 0x08, 0x44, 0x08, 0x65, 0x08, 0x86, 0x10, 0xa7, 0x10, 0x65, 0x08, 0x65, 0x08, 0x66, 0x08,
    0x86, 0x08, 0x86, 0x08, 0x86, 0x08, 0x66, 0x08, 0x65, 0x08, 0x65, 0x08, 0x65, 0x08, 0x65, 0x08,
    0x65, 0x08, 0xa7, 0x10, 0x45, 0x08, 0x44, 0x08, 0x44, 0x08, 0x44, 0x08, 0x44, 0x08, 0x44, 0x08,
    0x44, 0x08, 0x43, 0x08, 0x43, 0x08, 0x23, 0x08, 0x23, 0x08, 0x23, 0x00, 0x86, 0x10, 0x44, 0x08,
    0x23, 0x00, 0x23, 0x00, 0x23, 0x08, 0x23, 0x08, 0x23, 0x08, 0x23, 0x08, 0x43, 0x08, 0x23, 0x08,
    0x23, 0x08, 0x24, 0x08, 0x44, 0x08, 0x65, 0x08, 0x86, 0x08, 0x44, 0x08, 0x44, 0x08, 0x44, 0x08,
    0x44, 0x08, 0x44, 0x08, 0x44, 0x08, 0x44, 0x08, 0x44, 0x08, 0x44, 0x08, 0x44, 0x08, 0x44, 0x08,
    0x44, 0x08, 0x87, 0x10, 0x66, 0x10, 0x44, 0x08, 0x45, 0x08, 0x45, 0x08, 0x65, 0x08, 0x45, 0x08,
    0x45, 0x08, 0x45, 0x08, 0x45, 0x08, 0x45, 0x08, 0x65, 0x08, 0x45, 0x08, 0x66, 0x10, 0xa8, 0x10,
    0x66, 0x10, 0x65, 0x08, 0x65, 0x08, 0x65, 0x08, 0x65, 0x08, 0x65, 0x08, 0x65, 0x08, 0x65, 0x08,
    0x65, 0x08, 0x65, 0x08, 0x66, 0x10, 0x66, 0x10, 0x86, 0x10, 0xc9, 0x18, 0x87, 0x10, 0x66, 0x10,
    0x66, 0x10, 0x66, 0x10, 0x66, 0x10, 0x66, 0x10, 0x66, 0x10, 0x66, 0x10, 0x86, 0x10, 0x86, 0x10,
    0x86, 0x10, 0x86, 0x10, 0x87, 0x10, 0xc9, 0x18, 0xa7, 0x10, 0x86, 0x10, 0x87, 0x10, 0x87, 0x10,
    0x87, 0x10, 0x86, 0x10, 0x87, 0x10, 0x87, 0x10, 0x87, 0x10, 0x87, 0x10, 0x87, 0x10, 0x87, 0x10,
    0x87, 0x10, 0xc9, 0x18, 0xc9, 0x18, 0x87, 0x10, 0x87, 0x10, 0x87, 0x10, 0x87, 0x10, 0x87, 0x10,
    0x87, 0x10, 0x87, 0x10, 0x87, 0x10, 0x86, 0x10, 0x86, 0x10, 0x86, 0x10, 0x86, 0x10, 0xa7, 0x10,
    0xc9, 0x18, 0x87, 0x10, 0x86, 0x10, 0x86, 0x10, 0x66, 0x10, 0x66, 0x10, 0x66, 0x10, 0x66, 0x10,
    0x66, 0x10, 0x66, 0x10, 0x66, 0x10, 0x66, 0x10, 0x66, 0x10, 0x65, 0x08, 0x87, 0x10, 0xa8, 0x10,
    0x65, 0x08, 0x45, 0x08, 0x65, 0x08, 0x65, 0x08, 0x65, 0x08, 0x45, 0x08, 0x65, 0x08, 0x65, 0x08,
    0x45, 0x08, 0x45, 0x08, 0x45, 0x08, 0x45, 0x08, 0x44, 0x08, 0x86, 0x10, 0x86, 0x10, 0x44, 0x08,
    0x44, 0x08, 0x44, 0x08, 0x44, 0x08, 0x44, 0x08, 0x44, 0x08, 0x44, 0x08, 0x44, 0x08, 0x44, 0x08,
    0x43, 0x08, 0x43, 0x08, 0x44, 0x08, 0x43, 0x08, 0x65, 0x08, 0x65, 0x08, 0x43, 0x08, 0x23, 0x08,
    0x23, 0x00, 0x23, 0x00, 0x23, 0x08, 0x23, 0x00, 0x23, 0x00, 0x23, 0x00, 0x23, 0x00, 0x23, 0x00,
    0x01, 0x00, 0x01, 0x00, 0x01, 0x00, 0x01, 0x00, 0x22, 0x00, 0x44, 0x08, 0x01, 0x00, 0x01, 0x00,
    0x01, 0x00, 0x01, 0x00, 0x01, 0x00, 0x01, 0x00, 0x01, 0x00, 0x01, 0x00, 0x01, 0x00, 0x01, 0x00,
    0x44, 0x08, 0x23, 0x00, 0x01, 0x00, 0x01, 0x00, 0x01, 0x00, 0x02, 0x00, 0x01, 0x00, 0x02, 0x00,
    0x01, 0x00, 0x02, 0x00, 0x01, 0x00, 0x22, 0x00, 0x65, 0x08, 0x22, 0x00, 0x01, 0x00, 0x02, 0x00,
    0x01, 0x00, 0x02, 0x00, 0x01, 0x00, 0x02, 0x00, 0x01, 0x00, 0x02, 0x00, 0x02, 0x00, 0x23, 0x00,
    0x65, 0x08, 0x02, 0x00, 0x02, 0x00, 0x22, 0x00, 0x02, 0x00, 0x22, 0x00, 0x02, 0x00, 0x22, 0x00,
    0x02, 0x00, 0x22, 0x00, 0x02, 0x00, 0x23, 0x08, 0x65, 0x08, 0x22, 0x00, 0x02, 0x00, 0x22, 0x00,
    0x02, 0x00, 0x22, 0x00, 0x02, 0x00, 0x22, 0x00, 0x02, 0x00, 0x22, 0x00, 0x02, 0x00, 0x22, 0x00,
    0x65, 0x08, 0x22, 0x00, 0x02, 0x00, 0x22, 0x00, 0x02, 0x00, 0x22, 0x00, 0x02, 0x00, 0x22, 0x00,
    0x02, 0x00, 0x22, 0x00, 0x02, 0x00, 0x22, 0x00, 0x65, 0x08, 0x43, 0x08, 0x02, 0x00, 0x22, 0x00,
    0x02, 0x00, 0x22, 0x00, 0x02, 0x00, 0x22, 0x00, 0x02, 0x00, 0x22, 0x00, 0x02, 0x00, 0x22, 0x00,
    0x44, 0x08, 0x64, 0x08, 0x02, 0x00, 0x22, 0x00, 0x02, 0x00, 0x22, 0x00, 0x02, 0x00, 0x22, 0x00,
    0x02, 0x00, 0x22, 0x00, 0x02, 0x00, 0x22, 0x00, 0x02, 0x00, 0x65, 0x08, 0x23, 0x00, 0x22, 0x00,
    0x02, 0x00, 0x22, 0x00, 0x02, 0x00, 0x22, 0x00, 0x22, 0x00, 0x23, 0x00, 0x23, 0x00, 0x23, 0x08,
    0x23, 0x08, 0x44, 0x08, 0x86, 0x10, 0x44, 0x08, 0x44, 0x08, 0x44, 0x08, 0x44, 0x08, 0x44, 0x08,
    0x64, 0x08, 0x65, 0x08, 0x65, 0x08, 0x65, 0x08, 0x65, 0x08, 0x85, 0x08, 0xa7, 0x10, 0xa8, 0x10,
    0x86, 0x08, 0x65, 0x08, 0x65, 0x08, 0x65, 0x08, 0x65, 0x08, 0x65, 0x08, 0x65, 0x08, 0x44, 0x08,
    0x44, 0x08, 0x44, 0x08, 0x44, 0x08, 0x65, 0x08, 0x86, 0x10, 0x43, 0x08, 0x23, 0x08, 0x43, 0x08,
    0x23, 0x00, 0x23, 0x00, 0x22, 0x00, 0x22, 0x00, 0x22, 0x00, 0x22, 0x00, 0x22, 0x00, 0x22, 0x00,
    0x43, 0x08, 0x85, 0x10, 0x23, 0x00, 0x22, 0x00, 0x22, 0x00, 0x22, 0x00, 0x22, 0x00, 0x23, 0x00,
    0x22, 0x00, 0x23, 0x00, 0x22, 0x00, 0x23, 0x08, 0x23, 0x00, 0x43, 0x08, 0x86, 0x08, 0x64, 0x08,
    0x23, 0x00, 0x23, 0x08, 0x23, 0x00, 0x43, 0x08, 0x23, 0x08, 0x43, 0x08, 0x23, 0x08, 0x43, 0x08,
    0x23, 0x08, 0x43, 0x08, 0x23, 0x08, 0x65, 0x08, 0x86, 0x08, 0x44, 0x08, 0x43, 0x08, 0x44, 0x08,
    0x44, 0x08, 0x44, 0x08, 0x44, 0x08, 0x44, 0x08, 0x44, 0x08, 0x44, 0x08, 0x44, 0x08, 0x44, 0x08,
    0x44, 0x08, 0xa7, 0x10, 0x66, 0x08, 0x44, 0x08, 0x44, 0x08, 0x64, 0x08, 0x44, 0x08, 0x64, 0x08,
    0x44, 0x08, 0x65, 0x08, 0x44, 0x08, 0x65, 0x08, 0x45, 0x08, 0x65, 0x08, 0x65, 0x08, 0xc8, 0x10,
    0x66, 0x10, 0x65, 0x08, 0x45, 0x08, 0x65, 0x08, 0x45, 0x08, 0x65, 0x08, 0x65, 0x08, 0x65, 0x08,
    0x65, 0x08, 0x65, 0x10, 0x65, 0x08, 0x65, 0x10, 0x86, 0x10, 0xc8, 0x18, 0x86, 0x10, 0x66, 0x10,
    0x65, 0x08, 0x66, 0x10, 0x66, 0x10, 0x66, 0x10, 0x66, 0x10, 0x86, 0x10, 0x66, 0x10, 0x86, 0x10,
    0x66, 0x10, 0x86, 0x10, 0x86, 0x10, 0xc9, 0x18, 0xa7, 0x10, 0x86, 0x10, 0x66, 0x10, 0x86, 0x10,
    0x86, 0x10, 0x86, 0x10, 0x86, 0x10, 0x86, 0x10, 0x86, 0x10, 0x87, 0x10, 0x86, 0x10, 0x87, 0x10,
    0x86, 0x10, 0xa8, 0x18, 0xa8, 0x18, 0x87, 0x10, 0x86, 0x10, 0x87, 0x10, 0x86, 0x10, 0x86, 0x10,
    0x86, 0x10, 0x86, 0x10, 0x66, 0x10, 0x86, 0x10, 0x66, 0x10, 0x86, 0x10, 0x66, 0x10, 0x87, 0x10,
    0xc9, 0x18, 0x87, 0x10, 0x66, 0x10, 0x66, 0x10, 0x66, 0x10, 0x66, 0x10, 0x65, 0x08, 0x66, 0x10,
    0x65, 0x08, 0x65, 0x10, 0x65, 0x08, 0x65, 0x10, 0x65, 0x08, 0x65, 0x10, 0x86, 0x10, 0xa8, 0x10,
    0x65, 0x08, 0x65, 0x08, 0x45, 0x08, 0x65, 0x08, 0x45, 0x08, 0x65, 0x08, 0x44, 0x08, 0x65, 0x08,
    0x44, 0x08, 0x65, 0x08, 0x44, 0x08, 0x44, 0x08, 0x44, 0x08, 0x86, 0x10, 0x86, 0x10, 0x44, 0x08,
    0x44, 0x08, 0x44, 0x08, 0x44, 0x08, 0x44, 0x08, 0x24, 0x08, 0x44, 0x08, 0x23, 0x08, 0x44, 0x08,
    0x23, 0x08, 0x43, 0x08, 0x23, 0x08, 0x43, 0x08, 0x65, 0x08, 0x86, 0x10, 0x23, 0x00, 0x43, 0x08,
    0x23, 0x00, 0x23, 0x08, 0x23, 0x00, 0x23, 0x08, 0x22, 0x00, 0x23, 0x08, 0x22, 0x00, 0x23, 0x00,
    0x01, 0x00, 0x01, 0x00, 0x01, 0x00, 0x01, 0x00, 0x43, 0x08, 0x43, 0x08, 0x01, 0x00, 0x01, 0x00,
    0x02, 0x00, 0x01, 0x00, 0x02, 0x00, 0x01, 0x00, 0x02, 0x00, 0x01, 0x00, 0x02, 0x00, 0x01, 0x00,
    0x65, 0x08, 0x22, 0x00, 0x01, 0x00, 0x01, 0x00, 0x02, 0x00, 0x01, 0x00, 0x01, 0x00, 0x02, 0x00,
    0x02, 0x00, 0x02, 0x00, 0x02, 0x00, 0x22, 0x00, 0x65, 0x08, 0x02, 0x00, 0x02, 0x00, 0x02, 0x00,
    0x02, 0x00, 0x02, 0x00, 0x02, 0x00, 0x02, 0x00, 0x02, 0x00, 0x02, 0x00, 0x02, 0x00, 0x23, 0x00,
    0x64, 0x08, 0x02, 0x00, 0x02, 0x00, 0x02, 0x00, 0x02, 0x00, 0x02, 0x00, 0x02, 0x00, 0x02, 0x00,
    0x02, 0x00, 0x02, 0x00, 0x02, 0x00, 0x43, 0x08, 0x65, 0x08, 0x02, 0x00, 0x02, 0x00, 0x02, 0x00,
    0x22, 0x00, 0x02, 0x00, 0x02, 0x00, 0x02, 0x00, 0x22, 0x00, 0x02, 0x00, 0x22, 0x00, 0x23, 0x00,
    0x65, 0x08, 0x02, 0x00, 0x22, 0x00, 0x02, 0x00, 0x22, 0x00, 0x02, 0x00, 0x22, 0x00, 0x02, 0x00,
    0x22, 0x00, 0x02, 0x00, 0x22, 0x00, 0x02, 0x00, 0x65, 0x08, 0x23, 0x08, 0x22, 0x00, 0x02, 0x00,
    0x22, 0x00, 0x22, 0x00, 0x22, 0x00, 0x02, 0x00, 0x22, 0x00, 0x22, 0x00, 0x22, 0x00, 0x22, 0x00,
    0x44, 0x08, 0x44, 0x08, 0x22, 0x00, 0x23, 0x00, 0x23, 0x00, 0x23, 0x08, 0x23, 0x08, 0x43, 0x08,
    0x44, 0x08, 0x44, 0x08, 0x44, 0x08, 0x44, 0x08, 0x44, 0x08, 0xa7, 0x10, 0x65, 0x08, 0x65, 0x08,
    0x65, 0x08, 0x65, 0x08, 0x65, 0x08, 0x86, 0x08, 0x86, 0x10, 0x86, 0x08, 0x86, 0x08, 0x65, 0x08,
    0x65, 0x08, 0x86, 0x10, 0xa7, 0x10, 0x65, 0x08, 0x65, 0x08, 0x44, 0x08, 0x44, 0x08, 0x44, 0x08,
    0x44, 0x08, 0x44, 0x08, 0x43, 0x08, 0x43, 0x08, 0x23, 0x08, 0x23, 0x00, 0x44, 0x08, 0x65, 0x08,
    0x22, 0x00, 0x22, 0x00, 0x22, 0x00, 0x22, 0x00, 0x22, 0x00, 0x22, 0x00, 0x22, 0x00, 0x22, 0x00,
    0x22, 0x00, 0x22, 0x00, 0x22, 0x00, 0x44, 0x08, 0x65, 0x08, 0x22, 0x00, 0x22, 0x00, 0x22, 0x00,
    0x22, 0x00, 0x22, 0x00, 0x22, 0x00, 0x22, 0x00, 0x22, 0x00, 0x22, 0x00, 0x22, 0x00, 0x22, 0x00,
    0x44, 0x08, 0x65, 0x08, 0x23, 0x00, 0x22, 0x00, 0x23, 0x00, 0x23, 0x00, 0x23, 0x00, 0x23, 0x00,
    0x23, 0x00, 0x23, 0x00, 0x23, 0x00, 0x23, 0x00, 0x23, 0x00, 0x23, 0x00, 0x86, 0x10, 0x44, 0x08,
    0x23, 0x00, 0x23, 0x00, 0x23, 0x08, 0x23, 0x08, 0x23, 0x08, 0x23, 0x08, 0x23, 0x08, 0x23, 0x08,
    0x24, 0x08, 0x24, 0x08, 0x44, 0x08, 0x65, 0x08, 0x86, 0x10, 0x44, 0x08, 0x44, 0x08, 0x44, 0x08,
    0x44, 0x08, 0x44, 0x08, 0x44, 0x08, 0x44, 0x08, 0x44, 0x08, 0x44, 0x08, 0x44, 0x08, 0x44, 0x08,
    0x44, 0x08, 0x87, 0x10, 0x86, 0x10, 0x44, 0x08, 0x45, 0x08, 0x45, 0x08, 0x45, 0x08, 0x45, 0x08,
    0x45, 0x08, 0x45, 0x08, 0x45, 0x08, 0x45, 0x08, 0x65, 0x08, 0x65, 0x08, 0x65, 0x08, 0xa8, 0x10,
    0x86, 0x10, 0x65, 0x08, 0x65, 0x08, 0x65, 0x08, 0x65, 0x08, 0x65, 0x08, 0x65, 0x08, 0x65, 0x08,
    0x66, 0x08, 0x65, 0x08, 0x66, 0x10, 0x66, 0x10, 0x86, 0x10, 0xc8, 0x18, 0x87, 0x10, 0x66, 0x10,
    0x66, 0x10, 0x66, 0x10, 0x66, 0x10, 0x66, 0x10, 0x66, 0x10, 0x66, 0x10, 0x86, 0x10, 0x86, 0x10,
    0x86, 0x10, 0x86, 0x10, 0x86, 0x10, 0xc9, 0x18, 0xa8, 0x10, 0x87, 0x10, 0x87, 0x10, 0x87, 0x10,
    0x87, 0x10, 0x87, 0x10, 0x87, 0x10, 0x87, 0x10, 0x87, 0x10, 0x87, 0x10, 0x87, 0x10, 0x87, 0x10,
    0x87, 0x10, 0xc8, 0x18, 0xc9, 0x18, 0x87, 0x10, 0x87, 0x10, 0x87, 0x10, 0x87, 0x10, 0x87, 0x10,
    0x87, 0x10, 0x87, 0x10, 0x87, 0x10, 0x87, 0x10, 0x87, 0x10, 0x86, 0x10, 0x86, 0x10, 0x87, 0x10,
    0xc9, 0x18, 0xa7, 0x10, 0x86, 0x10, 0x86, 0x10, 0x86, 0x10, 0x66, 0x10, 0x66, 0x10, 0x66, 0x10,
    0x66, 0x10, 0x66, 0x10, 0x66, 0x10, 0x66, 0x10, 0x66, 0x10, 0x65, 0x10, 0x87, 0x10, 0xc8, 0x10,
    0x86, 0x10, 0x65, 0x08, 0x65, 0x08, 0x65, 0x08, 0x65, 0x08, 0x65, 0x08, 0x65, 0x08, 0x65, 0x08,
    0x65, 0x08, 0x45, 0x08, 0x45, 0x08, 0x45, 0x08, 0x45, 0x08, 0x86, 0x10, 0x87, 0x10, 0x45, 0x08,
    0x44, 0x08, 0x44, 0x08, 0x44, 0x08, 0x44, 0x08, 0x44, 0x08, 0x44, 0x08, 0x44, 0x08, 0x44, 0x08,
    0x44, 0x08, 0x43, 0x08, 0x44, 0x08, 0x43, 0x08, 0x65, 0x08, 0x86, 0x10, 0x44, 0x08, 0x23, 0x08,
    0x23, 0x08, 0x23, 0x00, 0x23, 0x00, 0x23, 0x00, 0x23, 0x08, 0x23, 0x00, 0x23, 0x00, 0x23, 0x00,
    0x01, 0x00, 0x01, 0x00, 0x01, 0x00, 0x01, 0x00, 0x44, 0x08, 0x23, 0x00, 0x01, 0x00, 0x02, 0x00,
    0x01, 0x00, 0x02, 0x00, 0x01, 0x00, 0x02, 0x00, 0x01, 0x00, 0x02, 0x00, 0x01, 0x00, 0x22, 0x00,
    0x65, 0x08, 0x02, 0x00, 0x01, 0x00, 0x02, 0x00, 0x01, 0x00, 0x02, 0x00, 0x02, 0x00, 0x02, 0x00,
    0x02, 0x00, 0x02, 0x00, 0x02, 0x00, 0x43, 0x08, 0x44, 0x08, 0x02, 0x00, 0x02, 0x00, 0x02, 0x00,
    0x02, 0x00, 0x02, 0x00, 0x02, 0x00, 0x02, 0x00, 0x02, 0x00, 0x02, 0x00, 0x02, 0x00, 0x44, 0x08,
    0x44, 0x08, 0x22, 0x00, 0x02, 0x00, 0x22, 0x00, 0x02, 0x00, 0x22, 0x00, 0x02, 0x00, 0x22, 0x00,
    0x02, 0x00, 0x22, 0x00, 0x02, 0x00, 0x44, 0x08, 0x44, 0x08, 0x22, 0x00, 0x02, 0x00, 0x22, 0x00,
    0x02, 0x00, 0x22, 0x00, 0x02, 0x00, 0x22, 0x00, 0x02, 0x00, 0x22, 0x00, 0x02, 0x00, 0x43, 0x08,
    0x65, 0x08, 0x22, 0x00, 0x02, 0x00, 0x22, 0x00, 0x02, 0x00, 0x22, 0x00, 0x02, 0x00, 0x22, 0x00,
    0x22, 0x00, 0x23, 0x00, 0x23, 0x00, 0x43, 0x08, 0x86, 0x10, 0x44, 0x08, 0x43, 0x08, 0x44, 0x08,
    0x44, 0x08, 0x44, 0x08, 0x44, 0x08, 0x64, 0x08, 0x65, 0x08, 0x65, 0x08, 0x65, 0x08, 0x65, 0x08,
    0x87, 0x10, 0xa7, 0x10, 0x66, 0x08, 0x86, 0x08, 0x65, 0x08, 0x65, 0x08, 0x65, 0x08, 0x65, 0x08,
    0x65, 0x08, 0x65, 0x08, 0x44, 0x08, 0x44, 0x08, 0x44, 0x08, 0xa7, 0x10, 0x44, 0x08, 0x44, 0x08,
    0x23, 0x00, 0x23, 0x08, 0x23, 0x08, 0x23, 0x00, 0x23, 0x00, 0x22, 0x00, 0x22, 0x00, 0x22, 0x00,
    0x02, 0x00, 0x44, 0x08, 0x65, 0x08, 0x22, 0x00, 0x22, 0x00, 0x22, 0x00, 0x22, 0x00, 0x22, 0x00,
    0x22, 0x00, 0x22, 0x00, 0x22, 0x00, 0x22, 0x00, 0x22, 0x00, 0x22, 0x00, 0x44, 0x08, 0x65, 0x08,
    0x22, 0x00, 0x22, 0x00, 0x22, 0x00, 0x22, 0x00, 0x22, 0x00, 0x22, 0x00, 0x22, 0x00, 0x22, 0x00,
    0x22, 0x00, 0x22, 0x00, 0x22, 0x00, 0x44, 0x08, 0x65, 0x08, 0x22, 0x00, 0x22, 0x00, 0x22, 0x00,
    0x22, 0x00, 0x22, 0x00, 0x22, 0x00, 0x22, 0x00, 0x22, 0x00, 0x22, 0x00, 0x22, 0x00, 0x22, 0x00,
    0x43, 0x08, 0x86, 0x08, 0x23, 0x00, 0x22, 0x00, 0x22, 0x00, 0x23, 0x00, 0x22, 0x00, 0x23, 0x00,
    0x23, 0x00, 0x23, 0x00, 0x23, 0x00, 0x23, 0x08, 0x23, 0x00, 0x23, 0x08, 0x86, 0x10, 0x64, 0x08,
    0x23, 0x00, 0x23, 0x08, 0x23, 0x00, 0x43, 0x08, 0x23, 0x00, 0x43, 0x08, 0x23, 0x08, 0x44, 0x08,
    0x23, 0x08, 0x44, 0x08, 0x24, 0x08, 0x65, 0x08, 0x86, 0x10, 0x44, 0x08, 0x44, 0x08, 0x44, 0x08,
    0x44, 0x08, 0x44, 0x08, 0x44, 0x08, 0x44, 0x08, 0x44, 0x08, 0x44, 0x08, 0x44, 0x08, 0x44, 0x08,
    0x44, 0x08, 0xa7, 0x10, 0x86, 0x10, 0x65, 0x08, 0x44, 0x08, 0x65, 0x08, 0x45, 0x08, 0x65, 0x08,
    0x45, 0x08, 0x65, 0x08, 0x45, 0x08, 0x65, 0x08, 0x45, 0x08, 0x65, 0x08, 0x65, 0x08, 0xa8, 0x10,
    0x86, 0x10, 0x65, 0x08, 0x65, 0x08, 0x65, 0x10, 0x65, 0x08, 0x65, 0x10, 0x65, 0x08, 0x66, 0x10,
    0x65, 0x08, 0x66, 0x10, 0x66, 0x08, 0x66, 0x10, 0x66, 0x10, 0xc8, 0x18, 0x87, 0x10, 0x86, 0x10,
    0x66, 0x10, 0x66, 0x10, 0x66, 0x10, 0x86, 0x10, 0x66, 0x10, 0x86, 0x10, 0x66, 0x10, 0x86, 0x10,
    0x66, 0x10, 0x86, 0x10, 0x86, 0x10, 0xc9, 0x18, 0xa8, 0x10, 0x87, 0x10, 0x87, 0x10, 0x87, 0x10,
    0x87, 0x10, 0x87, 0x10, 0x87, 0x10, 0x87, 0x10, 0x87, 0x10, 0x87, 0x10, 0x87, 0x10, 0x87, 0x10,
    0x87, 0x10, 0xc8, 0x18, 0xc9, 0x18, 0xa7, 0x10, 0x87, 0x10, 0x87, 0x10, 0x87, 0x10, 0x87, 0x10,
    0x87, 0x10, 0x87, 0x10, 0x87, 0x10, 0x87, 0x10, 0x86, 0x10, 0x86, 0x10, 0x86, 0x10, 0x87, 0x10,
    0xc9, 0x18, 0xa8, 0x10, 0x86, 0x10, 0x86, 0x10, 0x66, 0x10, 0x86, 0x10, 0x66, 0x10, 0x86, 0x10,
    0x66, 0x10, 0x66, 0x10, 0x66, 0x10, 0x66, 0x10, 0x66, 0x08, 0x66, 0x10, 0x86, 0x10, 0xc9, 0x18,
    0x66, 0x10, 0x65, 0x08, 0x45, 0x08, 0x65, 0x08, 0x45, 0x08, 0x65, 0x08, 0x45, 0x08, 0x65, 0x08,
    0x45, 0x08, 0x65, 0x08, 0x45, 0x08, 0x65, 0x08, 0x44, 0x08, 0x86, 0x10, 0xa7, 0x10, 0x65, 0x10,
    0x44, 0x08, 0x44, 0x08, 0x44, 0x08, 0x44, 0x08, 0x44, 0x08, 0x44, 0x08, 0x44, 0x08, 0x44, 0x08,
    0x44, 0x08, 0x44, 0x08, 0x43, 0x08, 0x44, 0x08, 0x44, 0x08, 0x87, 0x10, 0x44, 0x08, 0x44, 0x08,
    0x44, 0x08, 0x44, 0x08, 0x44, 0x08, 0x64, 0x08, 0x44, 0x08, 0x64, 0x08, 0x44, 0x08, 0x65, 0x08,
    0x01, 0x00, 0x01, 0x00, 0x01, 0x00, 0x01, 0x00, 0x44, 0x08, 0x22, 0x00, 0x01, 0x00, 0x01, 0x00,
    0x01, 0x00, 0x01, 0x00, 0x01, 0x00, 0x01, 0x00, 0x01, 0x00, 0x01, 0x00, 0x01, 0x00, 0x22, 0x00,
    0x64, 0x08, 0x01, 0x00, 0x01, 0x00, 0x01, 0x00, 0x01, 0x00, 0x01, 0x00, 0x01, 0x00, 0x01, 0x00,
    0x01, 0x00, 0x01, 0x00, 0x02, 0x00, 0x43, 0x08, 0x44, 0x08, 0x01, 0x00, 0x02, 0x00, 0x02, 0x00,
    0x02, 0x00, 0x02, 0x00, 0x02, 0x00, 0x02, 0x00, 0x02, 0x00, 0x02, 0x00, 0x02, 0x00, 0x44, 0x08,
    0x44, 0x08, 0x02, 0x00, 0x02, 0x00, 0x02, 0x00, 0x02, 0x00, 0x02, 0x00, 0x22, 0x00, 0x02, 0x00,
    0x02, 0x00, 0x02, 0x00, 0x22, 0x00, 0x44, 0x08, 0x44, 0x08, 0x02, 0x00, 0x22, 0x00, 0x22, 0x00,
    0x23, 0x00, 0x23, 0x00, 0x43, 0x08, 0x43, 0x08, 0x43, 0x08, 0x43, 0x08, 0x44, 0x08, 0x65, 0x08,
    0x86, 0x10, 0x44, 0x08, 0x64, 0x08, 0x64, 0x08, 0x65, 0x08, 0x65, 0x08, 0x65, 0x08, 0x85, 0x08,
    0x86, 0x10, 0x65, 0x08, 0x65, 0x08, 0x86, 0x08, 0xa8, 0x10, 0x65, 0x08, 0x64, 0x08, 0x64, 0x08,
    0x44, 0x08, 0x44, 0x08, 0x44, 0x08, 0x44, 0x08, 0x43, 0x08, 0x43, 0x08, 0x43, 0x08, 0x23, 0x08,
    0x65, 0x08, 0x44, 0x08, 0x22, 0x00, 0x22, 0x00, 0x22, 0x00, 0x22, 0x00, 0x22, 0x00, 0x22, 0x00,
    0x22, 0x00, 0x22, 0x00, 0x22, 0x00, 0x22, 0x00, 0x23, 0x00, 0x86, 0x08, 0x23, 0x00, 0x22, 0x00,
    0x22, 0x00, 0x22, 0x00, 0x22, 0x00, 0x22, 0x00, 0x22, 0x00, 0x22, 0x00, 0x22, 0x00, 0x22, 0x00,
    0x22, 0x00, 0x43, 0x08, 0x65, 0x08, 0x22, 0x00, 0x22, 0x00, 0x22, 0x00, 0x22, 0x00, 0x22, 0x00,
    0x22, 0x00, 0x22, 0x00, 0x22, 0x00, 0x22, 0x00, 0x22, 0x00, 0x22, 0x00, 0x44, 0x08, 0x65, 0x08,
    0x22, 0x00, 0x22, 0x00, 0x22, 0x00, 0x22, 0x00, 0x22, 0x00, 0x22, 0x00, 0x22, 0x00, 0x22, 0x00,
    0x22, 0x00, 0x22, 0x00, 0x22, 0x00, 0x44, 0x08, 0x65, 0x08, 0x22, 0x00, 0x22, 0x00, 0x22, 0x00,
    0x22, 0x00, 0x22, 0x00, 0x22, 0x00, 0x22, 0x00, 0x22, 0x00, 0x22, 0x00, 0x22, 0x00, 0x22, 0x00,
    0x43, 0x08, 0x65, 0x08, 0x23, 0x00, 0x22, 0x00, 0x22, 0x00, 0x22, 0x00, 0x22, 0x00, 0x23, 0x00,
    0x23, 0x00, 0x23, 0x00, 0x23, 0x00, 0x23, 0x00, 0x23, 0x00, 0x23, 0x00, 0x86, 0x10, 0x44, 0x08,
    0x23, 0x00, 0x23, 0x00, 0x23, 0x08, 0x23, 0x08, 0x23, 0x08, 0x23, 0x08, 0x43, 0x08, 0x23, 0x08,
    0x23, 0x08, 0x23, 0x08, 0x43, 0x08, 0x65, 0x08, 0x86, 0x10, 0x43, 0x08, 0x44, 0x08, 0x44, 0x08,
    0x44, 0x08, 0x44, 0x08, 0x44, 0x08, 0x44, 0x08, 0x44, 0x08, 0x44, 0x08, 0x44, 0x08, 0x44, 0x08,
    0x44, 0x08, 0x86, 0x10, 0x86, 0x10, 0x44, 0x08, 0x44, 0x08, 0x44, 0x08, 0x64, 0x08, 0x44, 0x08,
    0x44, 0x08, 0x45, 0x08, 0x65, 0x08, 0x45, 0x08, 0x45, 0x08, 0x45, 0x08, 0x65, 0x08, 0xa7, 0x10,
    0x86, 0x10, 0x45, 0x08, 0x65, 0x08, 0x65, 0x08, 0x65, 0x08, 0x65, 0x08, 0x65, 0x08, 0x65, 0x08,
    0x65, 0x08, 0x65, 0x08, 0x65, 0x08, 0x65, 0x08, 0x65, 0x08, 0xa8, 0x10, 0xa7, 0x10, 0x66, 0x10,
    0x66, 0x10, 0x66, 0x10, 0x66, 0x10, 0x66, 0x10, 0x66, 0x10, 0x66, 0x10, 0x66, 0x10, 0x66, 0x10,
    0x66, 0x10, 0x66, 0x10, 0x66, 0x10, 0xa8, 0x18, 0xa8, 0x18, 0x66, 0x10, 0x86, 0x10, 0x86, 0x10,
    0x86, 0x10, 0x86, 0x10, 0x86, 0x10, 0x86, 0x10, 0x87, 0x10, 0x87, 0x10, 0x87, 0x10, 0x87, 0x10,
    0x87, 0x10, 0xa8, 0x10, 0xc9, 0x18, 0x87, 0x10, 0x87, 0x10, 0x86, 0x10, 0x87, 0x10, 0x86, 0x10,
    0x86, 0x10, 0x86, 0x10, 0x86, 0x10, 0x86, 0x10, 0x86, 0x10, 0x66, 0x10, 0x86, 0x10, 0x66, 0x10,
    0xa8, 0x10, 0xa7, 0x10, 0x66, 0x10, 0x66, 0x10, 0x66, 0x10, 0x66, 0x10, 0x66, 0x10, 0x66, 0x10,
    0x65, 0x10, 0x65, 0x10, 0x65, 0x10, 0x65, 0x10, 0x65, 0x08, 0x65, 0x08, 0x86, 0x10, 0xc8, 0x10,
    0x86, 0x10, 0x65, 0x08, 0x65, 0x08, 0x45, 0x08, 0x45, 0x08, 0x45, 0x08, 0x45, 0x08, 0x45, 0x08,
    0x65, 0x08, 0x45, 0x08, 0x65, 0x08, 0x65, 0x08, 0x65, 0x08, 0x86, 0x08, 0xa8, 0x10, 0x86, 0x10,
    0x65, 0x10, 0x65, 0x08, 0x86, 0x10, 0x65, 0x08, 0x65, 0x08, 0x65, 0x08, 0x86, 0x10, 0x66, 0x08,
    0x66, 0x10, 0x86, 0x08, 0x86, 0x10, 0x86, 0x08, 0x86, 0x10, 0xc8, 0x10, 0xa7, 0x10, 0x86, 0x10,
    0x86, 0x10, 0x85, 0x08, 0x65, 0x08, 0x65, 0x08, 0x65, 0x08, 0x65, 0x08, 0x65, 0x08, 0x65, 0x08,
    0x01, 0x00, 0x01, 0x00, 0x01, 0x00, 0x02, 0x00, 0x65, 0x08, 0x02, 0x00, 0x01, 0x00, 0x02, 0x00,
    0x01, 0x00, 0x02, 0x00, 0x01, 0x00, 0x02, 0x00, 0x01, 0x00, 0x02, 0x00, 0x01, 0x00, 0x23, 0x08,
    0x44, 0x08, 0x02, 0x00, 0x01, 0x00, 0x02, 0x00, 0x02, 0x00, 0x02, 0x00, 0x02, 0x00, 0x02, 0x00,
    0x02, 0x00, 0x02, 0x00, 0x02, 0x00, 0x44, 0x08, 0x43, 0x08, 0x02, 0x00, 0x02, 0x00, 0x02, 0x00,
    0x02, 0x00, 0x02, 0x00, 0x02, 0x00, 0x02, 0x00, 0x02, 0x00, 0x22, 0x00, 0x23, 0x00, 0x65, 0x08,
    0x44, 0x08, 0x43, 0x08, 0x43, 0x08, 0x44, 0x08, 0x44, 0x08, 0x44, 0x08, 0x44, 0x08, 0x64, 0x08,
    0x64, 0x08, 0x65, 0x08, 0x65, 0x08, 0xa7, 0x10, 0x86, 0x10, 0x85, 0x08, 0x65, 0x08, 0x85, 0x08,
    0x65, 0x08, 0x65, 0x08, 0x65, 0x08, 0x65, 0x08, 0x64, 0x08, 0x64, 0x08, 0x44, 0x08, 0x86, 0x08,
    0x66, 0x08, 0x44, 0x08, 0x43, 0x08, 0x43, 0x08, 0x23, 0x00, 0x23, 0x08, 0x23, 0x00, 0x23, 0x00,
    0x22, 0x00, 0x22, 0x00, 0x02, 0x00, 0x23, 0x08, 0x65, 0x08, 0x22, 0x00, 0x02, 0x00, 0x22, 0x00,
    0x02, 0x00, 0x22, 0x00, 0x02, 0x00, 0x22, 0x00, 0x02, 0x00, 0x22, 0x00, 0x02, 0x00, 0x22, 0x00,
    0x65, 0x08, 0x44, 0x08, 0x02, 0x00, 0x22, 0x00, 0x02, 0x00, 0x22, 0x00, 0x02, 0x00, 0x22, 0x00,
    0x02, 0x00, 0x22, 0x00, 0x02, 0x00, 0x22, 0x00, 0x23, 0x08, 0x86, 0x08, 0x22, 0x00, 0x22, 0x00,
    0x22, 0x00, 0x22, 0x00, 0x22, 0x00, 0x22, 0x00, 0x22, 0x00, 0x22, 0x00, 0x22, 0x00, 0x22, 0x00,
    0x22, 0x00, 0x44, 0x08, 0x65, 0x08, 0x22, 0x00, 0x22, 0x00, 0x22, 0x00, 0x22, 0x00, 0x22, 0x00,
    0x22, 0x00, 0x22, 0x00, 0x22, 0x00, 0x22, 0x00, 0x22, 0x00, 0x22, 0x00, 0x44, 0x08, 0x65, 0x08,
    0x22, 0x00, 0x22, 0x00, 0x22, 0x00, 0x22, 0x00, 0x22, 0x00, 0x22, 0x00, 0x22, 0x00, 0x22, 0x00,
    0x22, 0x00, 0x22, 0x00, 0x22, 0x00, 0x44, 0x08, 0x65, 0x08, 0x22, 0x00, 0x22, 0x00, 0x22, 0x00,
    0x22, 0x00, 0x22, 0x00, 0x22, 0x00, 0x22, 0x00, 0x22, 0x00, 0x22, 0x00, 0x22, 0x00, 0x22, 0x00,
    0x43, 0x08, 0x86, 0x08, 0x23, 0x00, 0x22, 0x00, 0x22, 0x00, 0x23, 0x00, 0x22, 0x00, 0x23, 0x00,
    0x23, 0x00, 0x23, 0x00, 0x23, 0x00, 0x23, 0x08, 0x23, 0x00, 0x23, 0x08, 0x66, 0x08, 0x64, 0x08,
    0x23, 0x00, 0x43, 0x08, 0x23, 0x00, 0x43, 0x08, 0x23, 0x08, 0x44, 0x08, 0x23, 0x08, 0x44, 0x08,
    0x23, 0x08, 0x44, 0x08, 0x24, 0x08, 0x65, 0x08, 0x86, 0x10, 0x44, 0x08, 0x44, 0x08, 0x44, 0x08,
    0x44, 0x08, 0x44, 0x08, 0x44, 0x08, 0x44, 0x08, 0x44, 0x08, 0x44, 0x08, 0x44, 0x08, 0x44, 0x08,
    0x44, 0x08, 0x87, 0x10, 0x86, 0x10, 0x45, 0x08, 0x44, 0x08, 0x65, 0x08, 0x45, 0x08, 0x65, 0x08,
    0x45, 0x08, 0x65, 0x08, 0x45, 0x08, 0x65, 0x08, 0x45, 0x08, 0x65, 0x08, 0x45, 0x08, 0xa7, 0x10,
    0x86, 0x10, 0x65, 0x08, 0x65, 0x08, 0x65, 0x10, 0x65, 0x08, 0x65, 0x10, 0x65, 0x08, 0x66, 0x10,
    0x65, 0x08, 0x66, 0x10, 0x65, 0x08, 0x66, 0x10, 0x66, 0x10, 0xc8, 0x10, 0x87, 0x10, 0x86, 0x10,
    0x66, 0x10, 0x86, 0x10, 0x66, 0x10, 0x86, 0x10, 0x66, 0x10, 0x86, 0x10, 0x66, 0x10, 0x86, 0x10,
    0x66, 0x10, 0x86, 0x10, 0x86, 0x10, 0xa8, 0x18, 0xa8, 0x18, 0x87, 0x10, 0x86, 0x10, 0x87, 0x10,
    0x87, 0x10, 0x87, 0x10, 0x87, 0x10, 0x87, 0x10, 0x87, 0x10, 0x87, 0x10, 0x87, 0x10, 0x87, 0x10,
    0x87, 0x10, 0xa8, 0x10, 0xea, 0x18, 0xa8, 0x18, 0x87, 0x10, 0x87, 0x10, 0x87, 0x10, 0x87, 0x10,
    0x87, 0x10, 0x87, 0x10, 0x87, 0x10, 0x87, 0x10, 0x86, 0x10, 0x87, 0x10, 0x86, 0x10, 0x86, 0x10,
    0xa8, 0x18, 0xa8, 0x18, 0x66, 0x10, 0x86, 0x10, 0x86, 0x10, 0x86, 0x10, 0x86, 0x10, 0x87, 0x10,
    0x86, 0x10, 0x87, 0x10, 0x87, 0x10, 0xa7, 0x10, 0x87, 0x10, 0x87, 0x10, 0x87, 0x10, 0xe9, 0x18,
    0xc8, 0x10, 0xa7, 0x10, 0x87, 0x10, 0xa7, 0x10, 0xa7, 0x10, 0xa8, 0x10, 0xa7, 0x10, 0xa8, 0x10,
    0xa7, 0x10, 0xa8, 0x10, 0xa8, 0x10, 0xa8, 0x10, 0xa7, 0x10, 0xa8, 0x10, 0xc9, 0x18, 0xa8, 0x10,
    0x86, 0x10, 0x87, 0x10, 0x86, 0x10, 0x86, 0x10, 0x66, 0x08, 0x86, 0x10, 0x65, 0x08, 0x65, 0x08,
    0x65, 0x08, 0x65, 0x08, 0x45, 0x08, 0x65, 0x08, 0x44, 0x08, 0x87, 0x10, 0x65, 0x08, 0x44, 0x08,
    0x44, 0x08, 0x44, 0x08, 0x23, 0x08, 0x23, 0x08, 0x23, 0x00, 0x23, 0x08, 0x23, 0x00, 0x23, 0x00,
    0x01, 0x00, 0x01, 0x00, 0x01, 0x00, 0x22, 0x00, 0x44, 0x08, 0x01, 0x00, 0x01, 0x00, 0x01, 0x00,
    0x02, 0x00, 0x01, 0x00, 0x02, 0x00, 0x01, 0x00, 0x02, 0x00, 0x01, 0x00, 0x01, 0x00, 0x43, 0x08,
    0x43, 0x08, 0x02, 0x00, 0x02, 0x00, 0x22, 0x00, 0x22, 0x00, 0x22, 0x00, 0x23, 0x00, 0x23, 0x00,
    0x23, 0x08, 0x43, 0x08, 0x43, 0x08, 0x86, 0x08, 0x65, 0x08, 0x44, 0x08, 0x44, 0x08, 0x64, 0x08,
    0x65, 0x08, 0x65, 0x08, 0x65, 0x08, 0x65, 0x08, 0x65, 0x08, 0x65, 0x08, 0x65, 0x08, 0xa7, 0x10,
    0x65, 0x08, 0x64, 0x08, 0x44, 0x08, 0x44, 0x08, 0x44, 0x08, 0x44, 0x08, 0x44, 0x08, 0x43, 0x08,
    0x43, 0x08, 0x23, 0x08, 0x23, 0x00, 0x65, 0x08, 0x44, 0x08, 0x22, 0x00, 0x22, 0x00, 0x02, 0x00,
    0x22, 0x00, 0x02, 0x00, 0x22, 0x00, 0x02, 0x00, 0x22, 0x00, 0x02, 0x00, 0x22, 0x00, 0x44, 0x08,
    0x44, 0x08, 0x02, 0x00, 0x22, 0x00, 0x02, 0x00, 0x22, 0x00, 0x02, 0x00, 0x22, 0x00, 0x02, 0x00,
    0x22, 0x00, 0x22, 0x00, 0x22, 0x00, 0x43, 0x08, 0x65, 0x08, 0x22, 0x00, 0x22, 0x00, 0x02, 0x00,
    0x22, 0x00, 0x22, 0x00, 0x22, 0x00, 0x22, 0x00, 0x22, 0x00, 0x22, 0x00, 0x22, 0x00, 0x22, 0x00,
    0x65, 0x08, 0x43, 0x08, 0x22, 0x00, 0x22, 0x00, 0x22, 0x00, 0x22, 0x00, 0x22, 0x00, 0x22, 0x00,
    0x22, 0x00, 0x22, 0x00, 0x22, 0x00, 0x22, 0x00, 0x43, 0x08, 0x65, 0x08, 0x22, 0x00, 0x22, 0x00,
    0x22, 0x00, 0x22, 0x00, 0x22, 0x00, 0x22, 0x00, 0x22, 0x00, 0x22, 0x00, 0x22, 0x00, 0x22, 0x00,
    0x22, 0x00, 0x44, 0x08, 0x65, 0x08, 0x22, 0x00, 0x22, 0x00, 0x22, 0x00, 0x22, 0x00, 0x22, 0x00,
    0x22, 0x00, 0x22, 0x00, 0x22, 0x00, 0x22, 0x00, 0x22, 0x00, 0x22, 0x00, 0x44, 0x08, 0x44, 0x08,
    0x22, 0x00, 0x22, 0x00, 0x22, 0x00, 0x22, 0x00, 0x22, 0x00, 0x22, 0x00, 0x22, 0x00, 0x22, 0x00,
    0x22, 0x00, 0x22, 0x00, 0x22, 0x00, 0x44, 0x08, 0x65, 0x08, 0x22, 0x00, 0x22, 0x00, 0x22, 0x00,
    0x22, 0x00, 0x22, 0x00, 0x22, 0x00, 0x22, 0x00, 0x22, 0x00, 0x22, 0x00, 0x22, 0x00, 0x22, 0x00,
    0x44, 0x08, 0x66, 0x08, 0x23, 0x00, 0x22, 0x00, 0x22, 0x00, 0x23, 0x00, 0x23, 0x00, 0x23, 0x00,
    0x23, 0x00, 0x23, 0x00, 0x23, 0x00, 0x23, 0x00, 0x23, 0x08, 0x23, 0x00, 0x86, 0x10, 0x44, 0x08,
    0x23, 0x08, 0x23, 0x00, 0x23, 0x08, 0x23, 0x08, 0x43, 0x08, 0x23, 0x08, 0x23, 0x08, 0x23, 0x08,
    0x44, 0x08, 0x24, 0x08, 0x44, 0x08, 0x65, 0x08, 0x86, 0x10, 0x44, 0x08, 0x44, 0x08, 0x44, 0x08,
    0x44, 0x08, 0x44, 0x08, 0x44, 0x08, 0x44, 0x08, 0x44, 0x08, 0x44, 0x08, 0x44, 0x08, 0x44, 0x08,
    0x44, 0x08, 0x86, 0x10, 0x86, 0x10, 0x44, 0x08, 0x45, 0x08, 0x45, 0x08, 0x45, 0x08, 0x45, 0x08,
    0x65, 0x08, 0x45, 0x08, 0x45, 0x08, 0x45, 0x08, 0x65, 0x08, 0x65, 0x08, 0x65, 0x08, 0xa7, 0x10,
    0x87, 0x10, 0x65, 0x08, 0x65, 0x08, 0x65, 0x08, 0x65, 0x08, 0x65, 0x08, 0x65, 0x08, 0x65, 0x08,
    0x66, 0x08, 0x66, 0x08, 0x66, 0x10, 0x66, 0x10, 0x66, 0x10, 0xa8, 0x10, 0xa7, 0x10, 0x66, 0x10,
    0x66, 0x10, 0x66, 0x10, 0x66, 0x10, 0x66, 0x10, 0x66, 0x10, 0x66, 0x10, 0x86, 0x10, 0x66, 0x10,
    0x86, 0x10, 0x86, 0x10, 0x86, 0x10, 0xa8, 0x10, 0xc9, 0x18, 0x86, 0x10, 0x87, 0x10, 0x87, 0x10,
    0x87, 0x10, 0x87, 0x10, 0x87, 0x10, 0x87, 0x10, 0x87, 0x10, 0x87, 0x10, 0x87, 0x10, 0x87, 0x10,
    0x87, 0x10, 0xa8, 0x10, 0xea, 0x18, 0xa8, 0x18, 0xa7, 0x10, 0xa8, 0x10, 0xa8, 0x10, 0xa8, 0x10,
    0xa8, 0x18, 0xa8, 0x10, 0xa8, 0x10, 0xa8, 0x10, 0xa8, 0x18, 0xa8, 0x18, 0xa8, 0x18, 0xc8, 0x10,
    0xca, 0x18, 0xea, 0x18, 0xc9, 0x18, 0xc9, 0x18, 0xc9, 0x18, 0xc9, 0x18, 0xc9, 0x18, 0xc9, 0x18,
    0xc9, 0x18, 0xc8, 0x18, 0xc8, 0x18, 0xa8, 0x10, 0xa8, 0x10, 0xa8, 0x10, 0xa8, 0x10, 0xe9, 0x18,
    0xc9, 0x18, 0x87, 0x10, 0x87, 0x10, 0x87, 0x10, 0x86, 0x10, 0x86, 0x10, 0x86, 0x10, 0x66, 0x10,
    0x66, 0x10, 0x65, 0x10, 0x65, 0x10, 0x65, 0x08, 0x65, 0x08, 0x65, 0x08, 0xa7, 0x10, 0x66, 0x10,
    0x44, 0x08, 0x44, 0x08, 0x44, 0x08, 0x44, 0x08, 0x44, 0x08, 0x44, 0x08, 0x44, 0x08, 0x44, 0x08,
    0x44, 0x08, 0x44, 0x08, 0x44, 0x08, 0x43, 0x08, 0x44, 0x08, 0x65, 0x08, 0x65, 0x08, 0x23, 0x08,
    0x43, 0x08, 0x23, 0x08, 0x43, 0x08, 0x23, 0x08, 0x23, 0x08, 0x23, 0x00, 0x23, 0x00, 0x23, 0x00,
    0x01, 0x00, 0x22, 0x00, 0x22, 0x00, 0x43, 0x08, 0x64, 0x08, 0x23, 0x00, 0x23, 0x08, 0x43, 0x08,
    0x43, 0x08, 0x43, 0x08, 0x43, 0x08, 0x44, 0x08, 0x44, 0x08, 0x44, 0x08, 0x64, 0x08, 0x86, 0x10,
    0x86, 0x08, 0x65, 0x08, 0x65, 0x08, 0x65, 0x08, 0x64, 0x08, 0x65, 0x08, 0x64, 0x08, 0x64, 0x08,
    0x44, 0x08, 0x44, 0x08, 0x43, 0x08, 0x86, 0x10, 0x44, 0x08, 0x23, 0x08, 0x23, 0x00, 0x23, 0x00,
    0x22, 0x00, 0x22, 0x00, 0x22, 0x00, 0x22, 0x00, 0x02, 0x00, 0x22, 0x00, 0x22, 0x00, 0x85, 0x08,
    0x22, 0x00, 0x22, 0x00, 0x02, 0x00, 0x22, 0x00, 0x02, 0x00, 0x22, 0x00, 0x02, 0x00, 0x22, 0x00,
    0x02, 0x00, 0x22, 0x00, 0x02, 0x00, 0x65, 0x08, 0x23, 0x00, 0x22, 0x00, 0x02, 0x00, 0x22, 0x00,
    0x02, 0x00, 0x22, 0x00, 0x02, 0x00, 0x22, 0x00, 0x02, 0x00, 0x22, 0x00, 0x02, 0x00, 0x65, 0x08,
    0x43, 0x08, 0x22, 0x00, 0x02, 0x00, 0x22, 0x00, 0x02, 0x00, 0x22, 0x00, 0x02, 0x00, 0x22, 0x00,
    0x02, 0x00, 0x22, 0x00, 0x02, 0x00, 0x43, 0x08, 0x64, 0x08, 0x22, 0x00, 0x02, 0x00, 0x22, 0x00,
    0x02, 0x00, 0x22, 0x00, 0x02, 0x00, 0x22, 0x00, 0x02, 0x00, 0x22, 0x00, 0x02, 0x00, 0x22, 0x00,
    0x65, 0x08, 0x23, 0x08, 0x02, 0x00, 0x22, 0x00, 0x02, 0x00, 0x22, 0x00, 0x22, 0x00, 0x22, 0x00,
    0x02, 0x00, 0x22, 0x00, 0x22, 0x00, 0x22, 0x00, 0x23, 0x08, 0x65, 0x08, 0x22, 0x00, 0x22, 0x00,
    0x02, 0x00, 0x22, 0x00, 0x22, 0x00, 0x22, 0x00, 0x22, 0x00, 0x22, 0x00, 0x22, 0x00, 0x22, 0x00,
    0x02, 0x00, 0x44, 0x08, 0x64, 0x08, 0x22, 0x00, 0x22, 0x00, 0x22, 0x00, 0x22, 0x00, 0x22, 0x00,
    0x22, 0x00, 0x22, 0x00, 0x22, 0x00, 0x22, 0x00, 0x22, 0x00, 0x22, 0x00, 0x44, 0x08, 0x64, 0x08,
    0x22, 0x00, 0x22, 0x00, 0x22, 0x00, 0x22, 0x00, 0x22, 0x00, 0x22, 0x00, 0x22, 0x00, 0x22, 0x00,
    0x22, 0x00, 0x22, 0x00, 0x22, 0x00, 0x64, 0x08, 0x65, 0x08, 0x22, 0x00, 0x22, 0x00, 0x22, 0x00,
    0x22, 0x00, 0x22, 0x00, 0x22, 0x00, 0x22, 0x00, 0x22, 0x00, 0x22, 0x00, 0x22, 0x00, 0x22, 0x00,
    0x43, 0x08, 0x65, 0x08, 0x22, 0x00, 0x22, 0x00, 0x22, 0x00, 0x22, 0x00, 0x22, 0x00, 0x23, 0x00,
    0x22, 0x00, 0x23, 0x00, 0x23, 0x00, 0x23, 0x08, 0x23, 0x00, 0x23, 0x08, 0x86, 0x10, 0x64, 0x08,
    0x23, 0x00, 0x23, 0x08, 0x23, 0x00, 0x43, 0x08, 0x23, 0x00, 0x43, 0x08, 0x23, 0x08, 0x43, 0x08,
    0x23, 0x08, 0x43, 0x08, 0x23, 0x08, 0x65, 0x08, 0x86, 0x10, 0x44, 0x08, 0x44, 0x08, 0x44, 0x08,
    0x44, 0x08, 0x44, 0x08, 0x44, 0x08, 0x44, 0x08, 0x44, 0x08, 0x44, 0x08, 0x44, 0x08, 0x44, 0x08,
    0x44, 0x08, 0x86, 0x10, 0x86, 0x10, 0x44, 0x08, 0x44, 0x08, 0x64, 0x08, 0x44, 0x08, 0x65, 0x08,
    0x44, 0x08, 0x65, 0x08, 0x45, 0x08, 0x65, 0x08, 0x45, 0x08, 0x65, 0x08, 0x45, 0x08, 0xa7, 0x10,
    0x86, 0x10, 0x65, 0x08, 0x45, 0x08, 0x65, 0x10, 0x45, 0x08, 0x65, 0x08, 0x65, 0x08, 0x65, 0x10,
    0x65, 0x08, 0x65, 0x08, 0x65, 0x08, 0x65, 0x10, 0x65, 0x08, 0xa8, 0x10, 0x87, 0x10, 0x86, 0x10,
    0x65, 0x08, 0x66, 0x10, 0x65, 0x10, 0x86, 0x10, 0x66, 0x10, 0x86, 0x10, 0x86, 0x10, 0x87, 0x10,
    0x87, 0x10, 0x87, 0x10, 0x87, 0x10, 0xc8, 0x18, 0xc9, 0x18, 0xa8, 0x10, 0xa7, 0x10, 0xa8, 0x10,
    0xa8, 0x10, 0xa8, 0x10, 0xa8, 0x18, 0xc8, 0x18, 0xc8, 0x10, 0xc9, 0x18, 0xc9, 0x18, 0xc9, 0x18,
    0xc9, 0x18, 0xea, 0x18, 0x0b, 0x21, 0xea, 0x18, 0xc9, 0x18, 0xc9, 0x18, 0xc9, 0x18, 0xc9, 0x18,
    0xc8, 0x18, 0xc8, 0x10, 0xa8, 0x18, 0xa8, 0x18, 0xa8, 0x10, 0xa8, 0x10, 0xa7, 0x10, 0xa7, 0x10,
    0xc8, 0x10, 0xc9, 0x18, 0x87, 0x10, 0xa7, 0x10, 0x86, 0x10, 0x86, 0x10, 0x86, 0x10, 0x86, 0x10,
    0x66, 0x10, 0x66, 0x10, 0x65, 0x08, 0x65, 0x10, 0x65, 0x08, 0x65, 0x08, 0x65, 0x08, 0xa7, 0x10,
    0x87, 0x10, 0x65, 0x08, 0x45, 0x08, 0x65, 0x10, 0x45, 0x08, 0x65, 0x08, 0x44, 0x08, 0x65, 0x08,
    0x44, 0x08, 0x45, 0x08, 0x44, 0x08, 0x45, 0x08, 0x44, 0x08, 0x44, 0x08, 0x86, 0x10, 0x86, 0x10,
    0x44, 0x08, 0x44, 0x08, 0x44, 0x08, 0x44, 0x08, 0x24, 0x08, 0x44, 0x08, 0x23, 0x08, 0x44, 0x08,
    0x23, 0x08, 0x44, 0x08, 0x23, 0x08, 0x43, 0x08, 0x23, 0x08, 0x65, 0x08, 0x85, 0x08, 0x43, 0x08,
    0x23, 0x00, 0x43, 0x08, 0x23, 0x00, 0x43, 0x08, 0x22, 0x00, 0x23, 0x08, 0x22, 0x00, 0x23, 0x08,
    0x64, 0x08, 0x64, 0x08, 0x44, 0x08, 0x85, 0x08, 0x65, 0x08, 0x44, 0x08, 0x44, 0x08, 0x43, 0x08,
    0x43, 0x08, 0x43, 0x08, 0x23, 0x08, 0x23, 0x00, 0x23, 0x00, 0x23, 0x00, 0x22, 0x00, 0x65, 0x08,
    0x23, 0x00, 0x02, 0x00, 0x02, 0x00, 0x02, 0x00, 0x02, 0x00, 0x02, 0x00, 0x02, 0x00, 0x02, 0x00,
    0x02, 0x00, 0x02, 0x00, 0x02, 0x00, 0x65, 0x08, 0x02, 0x00, 0x02, 0x00, 0x02, 0x00, 0x02, 0x00,
    0x02, 0x00, 0x02, 0x00, 0x02, 0x00, 0x02, 0x00, 0x02, 0x00, 0x02, 0x00, 0x22, 0x00, 0x65, 0x08,
    0x02, 0x00, 0x02, 0x00, 0x02, 0x00, 0x02, 0x00, 0x02, 0x00, 0x02, 0x00, 0x22, 0x00, 0x02, 0x00,
    0x02, 0x00, 0x02, 0x00, 0x22, 0x00, 0x66, 0x08, 0x22, 0x00, 0x02, 0x00, 0x22, 0x00, 0x02, 0x00,
    0x02, 0x00, 0x02, 0x00, 0x22, 0x00, 0x02, 0x00, 0x22, 0x00, 0x02, 0x00, 0x22, 0x00, 0x65, 0x08,
    0x43, 0x08, 0x02, 0x00, 0x22, 0x00, 0x02, 0x00, 0x22, 0x00, 0x02, 0x00, 0x22, 0x00, 0x22, 0x00,
    0x22, 0x00, 0x02, 0x00, 0x22, 0x00, 0x44, 0x08, 0x64, 0x08, 0x02, 0x00, 0x22, 0x00, 0x22, 0x00,
    0x22, 0x00, 0x02, 0x00, 0x22, 0x00, 0x22, 0x00, 0x22, 0x00, 0x22, 0x00, 0x22, 0x00, 0x22, 0x00,
    0x86, 0x08, 0x23, 0x08, 0x22, 0x00, 0x22, 0x00, 0x22, 0x00, 0x22, 0x00, 0x22, 0x00, 0x22, 0x00,
    0x22, 0x00, 0x22, 0x00, 0x22, 0x00, 0x22, 0x00, 0x44, 0x08, 0x65, 0x08, 0x22, 0x00, 0x22, 0x00,
    0x22, 0x00, 0x22, 0x00, 0x22, 0x00, 0x22, 0x00, 0x22, 0x00, 0x22, 0x00, 0x22, 0x00, 0x22, 0x00,
    0x22, 0x00, 0x44, 0x08, 0x44, 0x08, 0x22, 0x00, 0x22, 0x00, 0x22, 0x00, 0x22, 0x00, 0x22, 0x00,
    0x22, 0x00, 0x22, 0x00, 0x22, 0x00, 0x22, 0x00, 0x22, 0x00, 0x22, 0x00, 0x44, 0x08, 0x44, 0x08,
    0x22, 0x00, 0x22, 0x00, 0x22, 0x00, 0x22, 0x00, 0x22, 0x00, 0x22, 0x00, 0x22, 0x00, 0x22, 0x00,
    0x22, 0x00, 0x22, 0x00, 0x22, 0x00, 0x44, 0x08, 0x65, 0x08, 0x22, 0x00, 0x22, 0x00, 0x22, 0x00,
    0x22, 0x00, 0x22, 0x00, 0x22, 0x00, 0x22, 0x00, 0x22, 0x00, 0x22, 0x00, 0x22, 0x00, 0x22, 0x00,
    0x44, 0x08, 0x65, 0x08, 0x23, 0x00, 0x22, 0x00, 0x22, 0x00, 0x22, 0x00, 0x23, 0x00, 0x23, 0x00,
    0x23, 0x00, 0x23, 0x00, 0x23, 0x00, 0x23, 0x00, 0x23, 0x00, 0x23, 0x00, 0x86, 0x10, 0x44, 0x08,
    0x23, 0x00, 0x23, 0x00, 0x23, 0x08, 0x23, 0x08, 0x23, 0x08, 0x23, 0x08, 0x44, 0x08, 0x23, 0x08,
    0x23, 0x08, 0x24, 0x08, 0x44, 0x08, 0x65, 0x08, 0x87, 0x10, 0x44, 0x08, 0x44, 0x08, 0x44, 0x08,
    0x44, 0x08, 0x44, 0x08, 0x44, 0x08, 0x44, 0x08, 0x44, 0x08, 0x44, 0x08, 0x44, 0x08, 0x44, 0x08,
    0x44, 0x08, 0x86, 0x10, 0x87, 0x10, 0x44, 0x08, 0x44, 0x08, 0x45, 0x08, 0x65, 0x08, 0x45, 0x08,
    0x45, 0x08, 0x45, 0x08, 0x65, 0x08, 0x45, 0x08, 0x45, 0x08, 0x45, 0x08, 0x65, 0x08, 0x87, 0x10,
    0x87, 0x10, 0x65, 0x08, 0x66, 0x10, 0x66, 0x10, 0x86, 0x10, 0x86, 0x10, 0x86, 0x10, 0x87, 0x10,
    0x87, 0x10, 0x87, 0x10, 0xa7, 0x10, 0xa7, 0x10, 0xa7, 0x10, 0xc9, 0x18, 0xe9, 0x18, 0xa8, 0x10,
    0xa8, 0x10, 0xa8, 0x10, 0xc8, 0x18, 0xc9, 0x18, 0xc9, 0x18, 0xc9, 0x18, 0xc9, 0x18, 0xc9, 0x18,
    0xc9, 0x18, 0xc9, 0x18, 0xc9, 0x18, 0xea, 0x18, 0xeb, 0x18, 0xc9, 0x18, 0xc8, 0x18, 0xa8, 0x18,
    0xa8, 0x18, 0xa8, 0x18, 0xa8, 0x10, 0xa8, 0x10, 0xa8, 0x10, 0xa8, 0x10, 0xa8, 0x10, 0xa8, 0x10,
    0xa7, 0x10, 0xa8, 0x10, 0xca, 0x18, 0xa8, 0x10, 0x87, 0x10, 0x87, 0x10, 0x87, 0x10, 0x87, 0x10,
    0x87, 0x10, 0x86, 0x10, 0x87, 0x10, 0x86, 0x10, 0x86, 0x10, 0x86, 0x10, 0x86, 0x10, 0x86, 0x10,
    0xa7, 0x10, 0xc9, 0x18, 0x86, 0x10, 0x66, 0x10, 0x66, 0x10, 0x66, 0x10, 0x66, 0x10, 0x66, 0x10,
    0x66, 0x10, 0x66, 0x10, 0x66, 0x10, 0x66, 0x10, 0x66, 0x10, 0x65, 0x10, 0x66, 0x10, 0xa7, 0x10,
    0xa8, 0x10, 0x65, 0x08, 0x65, 0x08, 0x65, 0x08, 0x65, 0x08, 0x65, 0x08, 0x65, 0x08, 0x45, 0x08,
    0x45, 0x08, 0x45, 0x08, 0x45, 0x08, 0x45, 0x08, 0x45, 0x08, 0x44, 0x08, 0x86, 0x10, 0x87, 0x10,
    0x44, 0x08, 0x44, 0x08, 0x44, 0x08, 0x44, 0x08, 0x44, 0x08, 0x44, 0x08, 0x44, 0x08, 0x44, 0x08,
    0x44, 0x08, 0x44, 0x08, 0x44, 0x08, 0x43, 0x08, 0x43, 0x08, 0x65, 0x08, 0x86, 0x10, 0x44, 0x08,
    0x23, 0x08, 0x23, 0x08, 0x43, 0x08, 0x23, 0x08, 0x23, 0x08, 0x23, 0x00, 0x23, 0x00, 0x23, 0x00,
    0x01, 0x00, 0x02, 0x00, 0x01, 0x00, 0x44, 0x08, 0x23, 0x00, 0x02, 0x00, 0x01, 0x00, 0x02, 0x00,
    0x01, 0x00, 0x02, 0x00, 0x01, 0x00, 0x02, 0x00, 0x01, 0x00, 0x02, 0x00, 0x02, 0x00, 0x65, 0x08,
    0x02, 0x00, 0x02, 0x00, 0x02, 0x00, 0x02, 0x00, 0x02, 0x00, 0x02, 0x00, 0x02, 0x00, 0x02, 0x00,
    0x02, 0x00, 0x02, 0x00, 0x22, 0x00, 0x65, 0x08, 0x02, 0x00, 0x02, 0x00, 0x02, 0x00, 0x02, 0x00,
    0x02, 0x00, 0x22, 0x00, 0x02, 0x00, 0x22, 0x00, 0x02, 0x00, 0x22, 0x00, 0x23, 0x00, 0x65, 0x08,
    0x02, 0x00, 0x22, 0x00, 0x02, 0x00, 0x22, 0x00, 0x02, 0x00, 0x22, 0x00, 0x02, 0x00, 0x22, 0x00,
    0x02, 0x00, 0x22, 0x00, 0x23, 0x00, 0x65, 0x08, 0x02, 0x00, 0x22, 0x00, 0x02, 0x00, 0x22, 0x00,
    0x02, 0x00, 0x22, 0x00, 0x02, 0x00, 0x22, 0x00, 0x02, 0x00, 0x22, 0x00, 0x02, 0x00, 0x65, 0x08,
    0x23, 0x00, 0x22, 0x00, 0x02, 0x00, 0x22, 0x00, 0x02, 0x00, 0x22, 0x00, 0x02, 0x00, 0x22, 0x00,
    0x02, 0x00, 0x22, 0x00, 0x02, 0x00, 0x44, 0x08, 0x44, 0x08, 0x22, 0x00, 0x02, 0x00, 0x22, 0x00,
    0x02, 0x00, 0x22, 0x00, 0x02, 0x00, 0x22, 0x00, 0x02, 0x00, 0x22, 0x00, 0x02, 0x00, 0x23, 0x00,
    0x86, 0x08, 0x23, 0x00, 0x02, 0x00, 0x22, 0x00, 0x02, 0x00, 0x22, 0x00, 0x02, 0x00, 0x22, 0x00,
    0x02, 0x00, 0x22, 0x00, 0x02, 0x00, 0x22, 0x00, 0x44, 0x08, 0x65, 0x08, 0x22, 0x00, 0x22, 0x00,
    0x22, 0x00, 0x22, 0x00, 0x22, 0x00, 0x22, 0x00, 0x22, 0x00, 0x22, 0x00, 0x22, 0x00, 0x22, 0x00,
    0x22, 0x00, 0x64, 0x08, 0x44, 0x08, 0x22, 0x00, 0x22, 0x00, 0x22, 0x00, 0x22, 0x00, 0x22, 0x00,
    0x22, 0x00, 0x22, 0x00, 0x22, 0x00, 0x22, 0x00, 0x22, 0x00, 0x22, 0x00, 0x65, 0x08, 0x64, 0x08,
    0x22, 0x00, 0x22, 0x00, 0x22, 0x00, 0x22, 0x00, 0x22, 0x00, 0x22, 0x00, 0x22, 0x00, 0x22, 0x00,
    0x22, 0x00, 0x22, 0x00, 0x22, 0x00, 0x64, 0x08, 0x45, 0x08, 0x22, 0x00, 0x22, 0x00, 0x22, 0x00,
    0x22, 0x00, 0x22, 0x00, 0x22, 0x00, 0x22, 0x00, 0x22, 0x00, 0x22, 0x00, 0x22, 0x00, 0x22, 0x00,
    0x44, 0x08, 0x65, 0x08, 0x23, 0x00, 0x22, 0x00, 0x22, 0x00, 0x23, 0x00, 0x23, 0x00, 0x23, 0x00,
    0x23, 0x00, 0x23, 0x00, 0x23, 0x00, 0x23, 0x08, 0x23, 0x00, 0x23, 0x08, 0x66, 0x08, 0x65, 0x08,
    0x23, 0x00, 0x23, 0x08, 0x23, 0x00, 0x43, 0x08, 0x23, 0x00, 0x43, 0x08, 0x23, 0x08, 0x44, 0x08,
    0x23, 0x08, 0x44, 0x08, 0x24, 0x08, 0x65, 0x08, 0x87, 0x10, 0x44, 0x08, 0x44, 0x08, 0x44, 0x08,
    0x44, 0x08, 0x44, 0x08, 0x44, 0x08, 0x44, 0x08, 0x44, 0x08, 0x45, 0x08, 0x45, 0x08, 0x65, 0x08,
    0x65, 0x08, 0xa7, 0x10, 0xa7, 0x10, 0x86, 0x10, 0x66, 0x10, 0x86, 0x10, 0x86, 0x10, 0x86, 0x10,
    0x87, 0x10, 0x87, 0x10, 0x87, 0x10, 0xa7, 0x10, 0x87, 0x10, 0xa8, 0x10, 0xa8, 0x10, 0xc9, 0x18,
    0xc9, 0x18, 0xc8, 0x10, 0xa8, 0x10, 0xc8, 0x10, 0xa8, 0x10, 0xc8, 0x18, 0xa8, 0x10, 0xa8, 0x10,
    0xa8, 0x10, 0xa8, 0x10, 0xa8, 0x10, 0xa8, 0x10, 0x87, 0x10, 0xc9, 0x18, 0xc9, 0x18, 0xa7, 0x10,
    0x87, 0x10, 0xa7, 0x10, 0x87, 0x10, 0xa7, 0x10, 0x87, 0x10, 0x87, 0x10, 0x86, 0x10, 0x87, 0x10,
    0x86, 0x10, 0x86, 0x10, 0x66, 0x10, 0xa7, 0x10, 0xc9, 0x18, 0x87, 0x10, 0x86, 0x10, 0x87, 0x10,
    0x86, 0x10, 0x87, 0x10, 0x86, 0x10, 0x87, 0x10, 0x86, 0x10, 0x87, 0x10, 0x87, 0x10, 0x87, 0x10,
    0x87, 0x10, 0x87, 0x10, 0xc9, 0x18, 0xa8, 0x10, 0x86, 0x10, 0x87, 0x10, 0x86, 0x10, 0x87, 0x10,
    0x86, 0x10, 0x87, 0x10, 0x86, 0x10, 0x86, 0x10, 0x86, 0x10, 0x86, 0x10, 0x86, 0x10, 0x86, 0x10,
    0x87, 0x10, 0xc9, 0x18, 0x87, 0x10, 0x86, 0x10, 0x66, 0x10, 0x66, 0x10, 0x66, 0x10, 0x66, 0x10,
    0x66, 0x10, 0x66, 0x10, 0x66, 0x08, 0x66, 0x10, 0x65, 0x10, 0x66, 0x10, 0x65, 0x08, 0x87, 0x10,
    0xa8, 0x10, 0x66, 0x10, 0x65, 0x08, 0x65, 0x08, 0x65, 0x08, 0x65, 0x08, 0x45, 0x08, 0x65, 0x08,
    0x45, 0x08, 0x65, 0x08, 0x45, 0x08, 0x45, 0x08, 0x44, 0x08, 0x45, 0x08, 0x66, 0x10, 0xa7, 0x10,
    0x44, 0x08, 0x44, 0x08, 0x44, 0x08, 0x44, 0x08, 0x44, 0x08, 0x44, 0x08, 0x44, 0x08, 0x44, 0x08,
    0x44, 0x08, 0x44, 0x08, 0x23, 0x08, 0x44, 0x08, 0x23, 0x08, 0x65, 0x08, 0x86, 0x10, 0x44, 0x08,
    0x23, 0x08, 0x43, 0x08, 0x23, 0x00, 0x43, 0x08, 0x23, 0x00, 0x23, 0x08, 0x23, 0x00, 0x23, 0x00,
    0x01, 0x00, 0x01, 0x00, 0x01, 0x00, 0x44, 0x08, 0x22, 0x00, 0x01, 0x00, 0x01, 0x00, 0x01, 0x00,
    0x01, 0x00, 0x01, 0x00, 0x01, 0x00, 0x01, 0x00, 0x01, 0x00, 0x01, 0x00, 0x22, 0x00, 0x64, 0x08,
    0x01, 0x00, 0x01, 0x00, 0x01, 0x00, 0x01, 0x00, 0x01, 0x00, 0x01, 0x00, 0x01, 0x00, 0x01, 0x00,
    0x02, 0x00, 0x01, 0x00, 0x23, 0x00, 0x44, 0x08, 0x02, 0x00, 0x02, 0x00, 0x02, 0x00, 0x02, 0x00,
    0x02, 0x00, 0x02, 0x00, 0x02, 0x00, 0x02, 0x00, 0x02, 0x00, 0x02, 0x00, 0x43, 0x08, 0x64, 0x08,
    0x02, 0x00, 0x02, 0x00, 0x02, 0x00, 0x02, 0x00, 0x02, 0x00, 0x02, 0x00, 0x02, 0x00, 0x02, 0x00,
    0x02, 0x00, 0x02, 0x00, 0x23, 0x00, 0x65, 0x08, 0x22, 0x00, 0x02, 0x00, 0x22, 0x00, 0x02, 0x00,
    0x22, 0x00, 0x02, 0x00, 0x22, 0x00, 0x02, 0x00, 0x22, 0x00, 0x02, 0x00, 0x22, 0x00, 0x65, 0x08,
    0x22, 0x00, 0x02, 0x00, 0x22, 0x00, 0x02, 0x00, 0x22, 0x00, 0x22, 0x00, 0x22, 0x00, 0x02, 0x00,
    0x22, 0x00, 0x22, 0x00, 0x22, 0x00, 0x44, 0x08, 0x44, 0x08, 0x22, 0x00, 0x22, 0x00, 0x22, 0x00,
    0x22, 0x00, 0x22, 0x00, 0x22, 0x00, 0x22, 0x00, 0x22, 0x00, 0x22, 0x00, 0x22, 0x00, 0x23, 0x08,
    0x86, 0x08, 0x22, 0x00, 0x22, 0x00, 0x22, 0x00, 0x22, 0x00, 0x22, 0x00, 0x22, 0x00, 0x22, 0x00,
    0x22, 0x00, 0x22, 0x00, 0x22, 0x00, 0x22, 0x00, 0x44, 0x08, 0x64, 0x08, 0x22, 0x00, 0x22, 0x00,
    0x22, 0x00, 0x22, 0x00, 0x22, 0x00, 0x22, 0x00, 0x22, 0x00, 0x22, 0x00, 0x22, 0x00, 0x22, 0x00,
    0x22, 0x00, 0x65, 0x08, 0x44, 0x08, 0x22, 0x00, 0x22, 0x00, 0x22, 0x00, 0x22, 0x00, 0x22, 0x00,
    0x22, 0x00, 0x22, 0x00, 0x22, 0x00, 0x22, 0x00, 0x22, 0x00, 0x22, 0x00, 0x65, 0x08, 0x44, 0x08,
    0x22, 0x00, 0x22, 0x00, 0x22, 0x00, 0x22, 0x00, 0x22, 0x00, 0x22, 0x00, 0x22, 0x00, 0x22, 0x00,
    0x22, 0x00, 0x22, 0x00, 0x22, 0x00, 0x44, 0x08, 0x64, 0x08, 0x22, 0x00, 0x22, 0x00, 0x22, 0x00,
    0x22, 0x00, 0x22, 0x00, 0x22, 0x00, 0x22, 0x00, 0x22, 0x00, 0x22, 0x00, 0x22, 0x00, 0x22, 0x00,
    0x44, 0x08, 0x65, 0x08, 0x22, 0x00, 0x22, 0x00, 0x22, 0x00, 0x22, 0x00, 0x22, 0x00, 0x22, 0x00,
    0x23, 0x00, 0x23, 0x00, 0x23, 0x00, 0x23, 0x00, 0x23, 0x08, 0x23, 0x00, 0x86, 0x08, 0x44, 0x08,
    0x23, 0x08, 0x23, 0x08, 0x44, 0x08, 0x44, 0x08, 0x44, 0x08, 0x44, 0x08, 0x64, 0x08, 0x64, 0x08,
    0x65, 0x08, 0x65, 0x08, 0x65, 0x08, 0x86, 0x10, 0xc8, 0x10, 0x86, 0x08, 0x86, 0x10, 0x86, 0x08,
    0x86, 0x10, 0x86, 0x10, 0x87, 0x10, 0x87, 0x10, 0xa7, 0x10, 0x87, 0x10, 0xa7, 0x10, 0x87, 0x10,
    0xa7, 0x10, 0xc8, 0x10, 0xc9, 0x18, 0x87, 0x10, 0xa7, 0x10, 0x87, 0x10, 0x87, 0x10, 0x86, 0x10,
    0x87, 0x10, 0x86, 0x10, 0x86, 0x10, 0x86, 0x10, 0x86, 0x10, 0x66, 0x10, 0x86, 0x10, 0xa7, 0x10,
    0xa8, 0x10, 0x65, 0x10, 0x65, 0x08, 0x65, 0x08, 0x65, 0x08, 0x65, 0x08, 0x65, 0x08, 0x65, 0x08,
    0x65, 0x08, 0x65, 0x08, 0x65, 0x08, 0x65, 0x08, 0x65, 0x10, 0x87, 0x10, 0xa8, 0x10, 0x65, 0x08,
    0x65, 0x08, 0x65, 0x08, 0x66, 0x10, 0x66, 0x10, 0x66, 0x10, 0x66, 0x10, 0x66, 0x10, 0x66, 0x10,
    0x66, 0x10, 0x66, 0x10, 0x66, 0x10, 0x87, 0x10, 0xc9, 0x18, 0x87, 0x10, 0x66, 0x10, 0x66, 0x10,
    0x66, 0x10, 0x66, 0x10, 0x66, 0x10, 0x66, 0x10, 0x86, 0x10, 0x66, 0x10, 0x86, 0x10, 0x66, 0x10,
    0x86, 0x10, 0x66, 0x10, 0xc8, 0x10, 0xa8, 0x10, 0x86, 0x10, 0x66, 0x10, 0x86, 0x10, 0x66, 0x10,
    0x66, 0x10, 0x66, 0x10, 0x66, 0x10, 0x66, 0x10, 0x66, 0x10, 0x66, 0x10, 0x66, 0x10, 0x66, 0x10,
    0x86, 0x10, 0xc8, 0x18, 0x87, 0x10, 0x66, 0x10, 0x66, 0x10, 0x65, 0x10, 0x65, 0x10, 0x65, 0x10,
    0x65, 0x10, 0x65, 0x08, 0x65, 0x08, 0x65, 0x08, 0x65, 0x08, 0x65, 0x08, 0x65, 0x08, 0x86, 0x10,
    0xa8, 0x10, 0x65, 0x10, 0x65, 0x08, 0x65, 0x08, 0x65, 0x08, 0x65, 0x08, 0x65, 0x08, 0x45, 0x08,
    0x44, 0x08, 0x44, 0x08, 0x44, 0x08, 0x44, 0x08, 0x44, 0x08, 0x44, 0x08, 0x65, 0x08, 0xa7, 0x10,
    0x65, 0x08, 0x44, 0x08, 0x44, 0x08, 0x44, 0x08, 0x44, 0x08, 0x44, 0x08, 0x44, 0x08, 0x23, 0x08,
    0x43, 0x08, 0x23, 0x08, 0x43, 0x08, 0x23, 0x08, 0x43, 0x08, 0x44, 0x08, 0x86, 0x10, 0x44, 0x08,
    0x43, 0x08, 0x23, 0x00, 0x23, 0x08, 0x23, 0x00, 0x23, 0x08, 0x23, 0x00, 0x23, 0x08, 0x22, 0x00,
    0x01, 0x00, 0x02, 0x00, 0x02, 0x00, 0x65, 0x08, 0x02, 0x00, 0x02, 0x00, 0x01, 0x00, 0x02, 0x00,
    0x01, 0x00, 0x02, 0x00, 0x01, 0x00, 0x02, 0x00, 0x01, 0x00, 0x02, 0x00, 0x23, 0x00, 0x64, 0x08,
    0x02, 0x00, 0x02, 0x00, 0x02, 0x00, 0x02, 0x00, 0x02, 0x00, 0x02, 0x00, 0x02, 0x00, 0x02, 0x00,
    0x02, 0x00, 0x02, 0x00, 0x43, 0x08, 0x44, 0x08, 0x02, 0x00, 0x02, 0x00, 0x02, 0x00, 0x02, 0x00,
    0x02, 0x00, 0x02, 0x00, 0x02, 0x00, 0x22, 0x00, 0x02, 0x00, 0x22, 0x00, 0x44, 0x08, 0x44, 0x08,
    0x02, 0x00, 0x22, 0x00, 0x02, 0x00, 0x22, 0x00, 0x02, 0x00, 0x22, 0x00, 0x02, 0x00, 0x22, 0x00,
    0x02, 0x00, 0x22, 0x00, 0x43, 0x08, 0x64, 0x08, 0x02, 0x00, 0x22, 0x00, 0x02, 0x00, 0x22, 0x00,
    0x02, 0x00, 0x22, 0x00, 0x02, 0x00, 0x22, 0x00, 0x02, 0x00, 0x22, 0x00, 0x23, 0x00, 0x86, 0x08,
    0x22, 0x00, 0x22, 0x00, 0x02, 0x00, 0x22, 0x00, 0x02, 0x00, 0x22, 0x00, 0x02, 0x00, 0x22, 0x00,
    0x02, 0x00, 0x22, 0x00, 0x02, 0x00, 0x65, 0x08, 0x44, 0x08, 0x22, 0x00, 0x02, 0x00, 0x22, 0x00,
    0x02, 0x00, 0x22, 0x00, 0x02, 0x00, 0x22, 0x00, 0x02, 0x00, 0x22, 0x00, 0x02, 0x00, 0x23, 0x08,
    0x65, 0x08, 0x22, 0x00, 0x22, 0x00, 0x22, 0x00, 0x02, 0x00, 0x22, 0x00, 0x22, 0x00, 0x22, 0x00,
    0x02, 0x00, 0x22, 0x00, 0x22, 0x00, 0x22, 0x00, 0x44, 0x08, 0x44, 0x08, 0x22, 0x00, 0x22, 0x00,
    0x02, 0x00, 0x22, 0x00, 0x22, 0x00, 0x22, 0x00, 0x22, 0x00, 0x22, 0x00, 0x22, 0x00, 0x22, 0x00,
    0x22, 0x00, 0x65, 0x08, 0x44, 0x08, 0x22, 0x00, 0x22, 0x00, 0x22, 0x00, 0x22, 0x00, 0x22, 0x00,
    0x22, 0x00, 0x22, 0x00, 0x22, 0x00, 0x22, 0x00, 0x22, 0x00, 0x22, 0x00, 0x65, 0x08, 0x44, 0x08,
    0x22, 0x00, 0x22, 0x00, 0x22, 0x00, 0x22, 0x00, 0x22, 0x00, 0x22, 0x00, 0x22, 0x00, 0x22, 0x00,
    0x22, 0x00, 0x22, 0x00, 0x22, 0x00, 0x65, 0x08, 0x44, 0x08, 0x22, 0x00, 0x22, 0x00, 0x22, 0x00,
    0x22, 0x00, 0x22, 0x00, 0x22, 0x00, 0x23, 0x00, 0x23, 0x00, 0x23, 0x00, 0x23, 0x00, 0x43, 0x08,
    0x44, 0x08, 0x86, 0x10, 0x44, 0x08, 0x44, 0x08, 0x44, 0x08, 0x44, 0x08, 0x44, 0x08, 0x65, 0x08,
    0x45, 0x08, 0x65, 0x08, 0x65, 0x08, 0x85, 0x08, 0x65, 0x08, 0x86, 0x10, 0xa8, 0x10, 0xa7, 0x10,
    0x86, 0x10, 0x86, 0x10, 0x86, 0x10, 0x87, 0x10, 0x86, 0x10, 0x86, 0x10, 0x86, 0x10, 0x86, 0x10,
    0x86, 0x10, 0x86, 0x10, 0x66, 0x08, 0x87, 0x10, 0xa8, 0x10, 0x86, 0x10, 0x65, 0x08, 0x65, 0x10,
    0x65, 0x08, 0x65, 0x08, 0x65, 0x08, 0x65, 0x08, 0x45, 0x08, 0x65, 0x08, 0x45, 0x08, 0x65, 0x08,
    0x45, 0x08, 0x86, 0x10, 0x87, 0x10, 0x45, 0x08, 0x44, 0x08, 0x45, 0x08, 0x44, 0x08, 0x65, 0x08,
    0x45, 0x08, 0x65, 0x08, 0x45, 0x08, 0x65, 0x08, 0x45, 0x08, 0x65, 0x08, 0x45, 0x08, 0x87, 0x10,
    0x87, 0x10, 0x65, 0x08, 0x65, 0x08, 0x65, 0x08, 0x65, 0x08, 0x65, 0x08, 0x65, 0x08, 0x66, 0x10,
    0x65, 0x08, 0x66, 0x10, 0x65, 0x08, 0x66, 0x10, 0x66, 0x08, 0x87, 0x10, 0xa8, 0x10, 0x66, 0x10,
    0x66, 0x10, 0x66, 0x10, 0x66, 0x10, 0x86, 0x10, 0x66, 0x10, 0x86, 0x10, 0x66, 0x10, 0x86, 0x10,
    0x66, 0x10, 0x86, 0x10, 0x66, 0x10, 0xa7, 0x10, 0xc9, 0x18, 0xa7, 0x10, 0x66, 0x10, 0x86, 0x10,
    0x66, 0x10, 0x86, 0x10, 0x86, 0x10, 0x86, 0x10, 0x86, 0x10, 0x86, 0x10, 0x86, 0x10, 0x87, 0x10,
    0x86, 0x10, 0x86, 0x10, 0xa8, 0x18, 0xc8, 0x18, 0x86, 0x10, 0x86, 0x10, 0x86, 0x10, 0x86, 0x10,
    0x86, 0x10, 0x86, 0x10, 0x86, 0x10, 0x86, 0x10, 0x66, 0x10, 0x86, 0x10, 0x66, 0x10, 0x86, 0x10,
    0x86, 0x10, 0xc9, 0x18, 0xa7, 0x10, 0x66, 0x10, 0x66, 0x10, 0x66, 0x10, 0x66, 0x10, 0x66, 0x10,
    0x66, 0x08, 0x66, 0x10, 0x66, 0x10, 0x66, 0x10, 0x65, 0x08, 0x65, 0x10, 0x65, 0x08, 0x86, 0x10,
    0xa8, 0x10, 0x86, 0x10, 0x65, 0x08, 0x65, 0x08, 0x45, 0x08, 0x65, 0x08, 0x45, 0x08, 0x65, 0x08,
    0x45, 0x08, 0x45, 0x08, 0x45, 0x08, 0x45, 0x08, 0x44, 0x08, 0x44, 0x08, 0x65, 0x08, 0xa8, 0x10,
    0x65, 0x08, 0x44, 0x08, 0x44, 0x08, 0x44, 0x08, 0x44, 0x08, 0x44, 0x08, 0x44, 0x08, 0x44, 0x08,
    0x24, 0x08, 0x44, 0x08, 0x23, 0x08, 0x44, 0x08, 0x23, 0x08, 0x44, 0x08, 0x86, 0x08, 0x65, 0x08,
    0x23, 0x08, 0x43, 0x08, 0x23, 0x08, 0x43, 0x08, 0x23, 0x00, 0x23, 0x08, 0x23, 0x00, 0x23, 0x00,
    0x01, 0x00, 0x01, 0x00, 0x22, 0x00, 0x44, 0x08, 0x01, 0x00, 0x01, 0x00, 0x02, 0x00, 0x01, 0x00,
    0x01, 0x00, 0x01, 0x00, 0x02, 0x00, 0x01, 0x00, 0x01, 0x00, 0x01, 0x00, 0x43, 0x08, 0x44, 0x08,
    0x02, 0x00, 0x02, 0x00, 0x02, 0x00, 0x02, 0x00, 0x02, 0x00, 0x02, 0x00, 0x02, 0x00, 0x02, 0x00,
    0x02, 0x00, 0x02, 0x00, 0x44, 0x08, 0x43, 0x08, 0x02, 0x00, 0x02, 0x00, 0x02, 0x00, 0x02, 0x00,
    0x02, 0x00, 0x02, 0x00, 0x02, 0x00, 0x02, 0x00, 0x02, 0x00, 0x02, 0x00, 0x44, 0x08, 0x44, 0x08,
    0x02, 0x00, 0x02, 0x00, 0x22, 0x00, 0x02, 0x00, 0x02, 0x00, 0x02, 0x00, 0x22, 0x00, 0x02, 0x00,
    0x02, 0x00, 0x02, 0x00, 0x44, 0x08, 0x44, 0x08, 0x02, 0x00, 0x02, 0x00, 0x22, 0x00, 0x02, 0x00,
    0x22, 0x00, 0x02, 0x00, 0x22, 0x00, 0x02, 0x00, 0x22, 0x00, 0x02, 0x00, 0x43, 0x08, 0x65, 0x08,
    0x22, 0x00, 0x02, 0x00, 0x22, 0x00, 0x22, 0x00, 0x22, 0x00, 0x02, 0x00, 0x22, 0x00, 0x22, 0x00,
    0x22, 0x00, 0x02, 0x00, 0x22, 0x00, 0x65, 0x08, 0x43, 0x08, 0x02, 0x00, 0x22, 0x00, 0x22, 0x00,
    0x22, 0x00, 0x22, 0x00, 0x22, 0x00, 0x22, 0x00, 0x22, 0x00, 0x22, 0x00, 0x22, 0x00, 0x43, 0x08,
    0x65, 0x08, 0x22, 0x00, 0x22, 0x00, 0x22, 0x00, 0x22, 0x00, 0x22, 0x00, 0x22, 0x00, 0x22, 0x00,
    0x22, 0x00, 0x22, 0x00, 0x22, 0x00, 0x22, 0x00, 0x44, 0x08, 0x44, 0x08, 0x22, 0x00, 0x22, 0x00,
    0x22, 0x00, 0x22, 0x00, 0x22, 0x00, 0x22, 0x00, 0x22, 0x00, 0x22, 0x00, 0x22, 0x00, 0x22, 0x00,
    0x22, 0x00, 0x65, 0x08, 0x44, 0x08, 0x22, 0x00, 0x22, 0x00, 0x22, 0x00, 0x22, 0x00, 0x22, 0x00,
    0x22, 0x00, 0x22, 0x00, 0x22, 0x00, 0x22, 0x00, 0x22, 0x00, 0x22, 0x00, 0x65, 0x08, 0x44, 0x08,
    0x22, 0x00, 0x23, 0x00, 0x23, 0x00, 0x23, 0x00, 0x23, 0x08, 0x23, 0x08, 0x43, 0x08, 0x44, 0x08,
    0x44, 0x08, 0x44, 0x08, 0x44, 0x08, 0x86, 0x10, 0x86, 0x10, 0x45, 0x08, 0x65, 0x08, 0x65, 0x08,
    0x65, 0x08, 0x65, 0x08, 0x65, 0x08, 0x65, 0x08, 0x66, 0x08, 0x86, 0x08, 0x86, 0x10, 0x86, 0x08,
    0x87, 0x10, 0xa8, 0x10, 0x66, 0x10, 0x65, 0x08, 0x65, 0x08, 0x65, 0x08, 0x65, 0x08, 0x45, 0x08,
    0x65, 0x08, 0x45, 0x08, 0x65, 0x08, 0x44, 0x08, 0x44, 0x08, 0x44, 0x08, 0x87, 0x10, 0x65, 0x08,
    0x44, 0x08, 0x44, 0x08, 0x44, 0x08, 0x44, 0x08, 0x44, 0x08, 0x23, 0x08, 0x43, 0x08, 0x23, 0x08,
    0x44, 0x08, 0x24, 0x08, 0x44, 0x08, 0x45, 0x08, 0x87, 0x10, 0x44, 0x08, 0x44, 0x08, 0x44, 0x08,
    0x44, 0x08, 0x44, 0x08, 0x44, 0x08, 0x44, 0x08, 0x44, 0x08, 0x44, 0x08, 0x44, 0x08, 0x44, 0x08,
    0x44, 0x08, 0x66, 0x10, 0xa7, 0x10, 0x44, 0x08, 0x45, 0x08, 0x45, 0x08, 0x45, 0x08, 0x45, 0x08,
    0x45, 0x08, 0x45, 0x08, 0x65, 0x08, 0x45, 0x08, 0x45, 0x08, 0x45, 0x08, 0x65, 0x08, 0x87, 0x10,
    0xa7, 0x10, 0x65, 0x08, 0x65, 0x08, 0x65, 0x08, 0x65, 0x08, 0x65, 0x08, 0x65, 0x08, 0x65, 0x08,
    0x65, 0x08, 0x65, 0x08, 0x65, 0x10, 0x65, 0x08, 0x66, 0x08, 0x87, 0x10, 0xc8, 0x18, 0x66, 0x10,
    0x66, 0x10, 0x66, 0x10, 0x66, 0x10, 0x66, 0x10, 0x66, 0x10, 0x66, 0x10, 0x86, 0x10, 0x66, 0x10,
    0x66, 0x10, 0x66, 0x10, 0x66, 0x10, 0x87, 0x10, 0xc9, 0x18, 0x87, 0x10, 0x86, 0x10, 0x86, 0x10,
    0x86, 0x10, 0x66, 0x10, 0x86, 0x10, 0x86, 0x10, 0x86, 0x10, 0x86, 0x10, 0x86, 0x10, 0x86, 0x10,
    0x86, 0x10, 0x86, 0x10, 0xa8, 0x10, 0xc8, 0x10, 0x86, 0x10, 0x86, 0x10, 0x86, 0x10, 0x86, 0x10,
    0x86, 0x10, 0x86, 0x10, 0x86, 0x10, 0x86, 0x10, 0x86, 0x10, 0x66, 0x10, 0x86, 0x10, 0x66, 0x10,
    0x86, 0x10, 0xc8, 0x18, 0xa7, 0x10, 0x66, 0x10, 0x66, 0x10, 0x66, 0x10, 0x66, 0x10, 0x66, 0x10,
    0x66, 0x10, 0x66, 0x10, 0x66, 0x10, 0x65, 0x10, 0x65, 0x10, 0x65, 0x08, 0x65, 0x10, 0x86, 0x10,
    0xa8, 0x10, 0x86, 0x10, 0x65, 0x08, 0x65, 0x08, 0x65, 0x08, 0x65, 0x08, 0x65, 0x08, 0x65, 0x08,
    0x65, 0x08, 0x45, 0x08, 0x45, 0x08, 0x44, 0x08, 0x44, 0x08, 0x44, 0x08, 0x65, 0x08, 0xa7, 0x10,
    0x66, 0x10, 0x44, 0x08, 0x44, 0x08, 0x44, 0x08, 0x44, 0x08, 0x44, 0x08, 0x44, 0x08, 0x44, 0x08,
    0x44, 0x08, 0x24, 0x08, 0x44, 0x08, 0x43, 0x08, 0x43, 0x08, 0x23, 0x08, 0x66, 0x08, 0x65, 0x08,
    0x43, 0x08, 0x23, 0x08, 0x23, 0x08, 0x23, 0x08, 0x23, 0x00, 0x23, 0x00, 0x23, 0x08, 0x23, 0x00,
    0x01, 0x00, 0x01, 0x00, 0x23, 0x00, 0x44, 0x08, 0x01, 0x00, 0x01, 0x00, 0x01, 0x00, 0x01, 0x00,
    0x01, 0x00, 0x01, 0x00, 0x01, 0x00, 0x01, 0x00, 0x01, 0x00, 0x02, 0x00, 0x44, 0x08, 0x43, 0x08,
    0x01, 0x00, 0x02, 0x00, 0x01, 0x00, 0x02, 0x00, 0x01, 0x00, 0x02, 0x00, 0x01, 0x00, 0x02, 0x00,
    0x01, 0x00, 0x02, 0x00, 0x64, 0x08, 0x43, 0x08, 0x01, 0x00, 0x02, 0x00, 0x02, 0x00, 0x22, 0x00,
    0x02, 0x00, 0x22, 0x00, 0x02, 0x00, 0x22, 0x00, 0x02, 0x00, 0x22, 0x00, 0x64, 0x08, 0x43, 0x08,
    0x02, 0x00, 0x22, 0x00, 0x02, 0x00, 0x22, 0x00, 0x02, 0x00, 0x22, 0x00, 0x02, 0x00, 0x22, 0x00,
    0x02, 0x00, 0x22, 0x00, 0x44, 0x08, 0x44, 0x08, 0x02, 0x00, 0x22, 0x00, 0x02, 0x00, 0x22, 0x00,
    0x02, 0x00, 0x22, 0x00, 0x02, 0x00, 0x22, 0x00, 0x02, 0x00, 0x22, 0x00, 0x43, 0x08, 0x65, 0x08,
    0x02, 0x00, 0x22, 0x00, 0x02, 0x00, 0x22, 0x00, 0x02, 0x00, 0x22, 0x00, 0x02, 0x00, 0x22, 0x00,
    0x02, 0x00, 0x22, 0x00, 0x02, 0x00, 0x65, 0x08, 0x23, 0x00, 0x22, 0x00, 0x02, 0x00, 0x22, 0x00,
    0x02, 0x00, 0x22, 0x00, 0x02, 0x00, 0x22, 0x00, 0x02, 0x00, 0x22, 0x00, 0x02, 0x00, 0x44, 0x08,
    0x65, 0x08, 0x22, 0x00, 0x02, 0x00, 0x22, 0x00, 0x02, 0x00, 0x22, 0x00, 0x02, 0x00, 0x22, 0x00,
    0x22, 0x00, 0x22, 0x00, 0x22, 0x00, 0x22, 0x00, 0x64, 0x08, 0x44, 0x08, 0x22, 0x00, 0x22, 0x00,
    0x22, 0x00, 0x22, 0x00, 0x22, 0x00, 0x22, 0x00, 0x22, 0x00, 0x22, 0x00, 0x22, 0x00, 0x23, 0x00,
    0x23, 0x08, 0x86, 0x08, 0x64, 0x08, 0x43, 0x08, 0x44, 0x08, 0x44, 0x08, 0x44, 0x08, 0x44, 0x08,
    0x44, 0x08, 0x64, 0x08, 0x64, 0x08, 0x65, 0x08, 0x65, 0x08, 0x65, 0x08, 0xa7, 0x10, 0x86, 0x10,
    0x85, 0x08, 0x86, 0x10, 0x86, 0x10, 0x86, 0x10, 0x86, 0x08, 0x85, 0x10, 0x65, 0x08, 0x65, 0x08,
    0x65, 0x08, 0x65, 0x08, 0x65, 0x08, 0x86, 0x10, 0x86, 0x10, 0x64, 0x08, 0x44, 0x08, 0x44, 0x08,
    0x44, 0x08, 0x44, 0x08, 0x43, 0x08, 0x43, 0x08, 0x23, 0x08, 0x43, 0x08, 0x23, 0x00, 0x23, 0x00,
    0x44, 0x08, 0x65, 0x08, 0x22, 0x00, 0x22, 0x00, 0x22, 0x00, 0x22, 0x00, 0x22, 0x00, 0x23, 0x00,
    0x22, 0x00, 0x23, 0x00, 0x23, 0x00, 0x23, 0x00, 0x23, 0x00, 0x23, 0x08, 0x65, 0x08, 0x64, 0x08,
    0x23, 0x00, 0x23, 0x08, 0x23, 0x00, 0x23, 0x08, 0x23, 0x00, 0x43, 0x08, 0x23, 0x00, 0x43, 0x08,
    0x23, 0x08, 0x43, 0x08, 0x23, 0x08, 0x64, 0x08, 0x87, 0x10, 0x44, 0x08, 0x24, 0x08, 0x44, 0x08,
    0x44, 0x08, 0x44, 0x08, 0x44, 0x08, 0x44, 0x08, 0x44, 0x08, 0x44, 0x08, 0x44, 0x08, 0x44, 0x08,
    0x44, 0x08, 0x86, 0x10, 0x87, 0x10, 0x44, 0x08, 0x44, 0x08, 0x44, 0x08, 0x44, 0x08, 0x44, 0x08,
    0x44, 0x08, 0x65, 0x08, 0x44, 0x08, 0x65, 0x08, 0x44, 0x08, 0x65, 0x08, 0x45, 0x08, 0x86, 0x10,
    0x87, 0x10, 0x65, 0x08, 0x45, 0x08, 0x65, 0x08, 0x45, 0x08, 0x65, 0x08, 0x45, 0x08, 0x65, 0x08,
    0x45, 0x08, 0x65, 0x08, 0x65, 0x08, 0x65, 0x08, 0x65, 0x08, 0xa7, 0x10, 0xa8, 0x10, 0x86, 0x10,
    0x65, 0x08, 0x65, 0x10, 0x65, 0x08, 0x65, 0x10, 0x65, 0x08, 0x66, 0x10, 0x65, 0x08, 0x66, 0x10,
    0x65, 0x08, 0x66, 0x10, 0x66, 0x10, 0x86, 0x10, 0xc8, 0x10, 0xa7, 0x10, 0x66, 0x10, 0x66, 0x10,
    0x66, 0x10, 0x86, 0x10, 0x66, 0x10, 0x86, 0x10, 0x66, 0x10, 0x86, 0x10, 0x66, 0x10, 0x66, 0x10,
    0x66, 0x10, 0x86, 0x10, 0x87, 0x10, 0xc8, 0x10, 0x66, 0x10, 0x86, 0x10, 0x66, 0x10, 0x66, 0x10,
    0x66, 0x10, 0x66, 0x10, 0x66, 0x10, 0x66, 0x10, 0x66, 0x10, 0x66, 0x10, 0x65, 0x10, 0x66, 0x10,
    0x65, 0x10, 0xa8, 0x10, 0x87, 0x10, 0x66, 0x10, 0x65, 0x08, 0x65, 0x10, 0x65, 0x08, 0x65, 0x10,
    0x65, 0x08, 0x65, 0x08, 0x65, 0x08, 0x65, 0x08, 0x65, 0x08, 0x65, 0x08, 0x45, 0x08, 0x65, 0x08,
    0xa7, 0x10, 0x86, 0x10, 0x45, 0x08, 0x65, 0x08, 0x45, 0x08, 0x65, 0x08, 0x45, 0x08, 0x65, 0x08,
    0x44, 0x08, 0x65, 0x08, 0x44, 0x08, 0x44, 0x08, 0x44, 0x08, 0x44, 0x08, 0x44, 0x08, 0x87, 0x10,
    0x66, 0x08, 0x44, 0x08, 0x24, 0x08, 0x44, 0x08, 0x23, 0x08, 0x44, 0x08, 0x23, 0x08, 0x44, 0x08,
    0x23, 0x08, 0x44, 0x08, 0x23, 0x08, 0x43, 0x08, 0x23, 0x00, 0x43, 0x08, 0x65, 0x08, 0x65, 0x08,
    0x23, 0x00, 0x43, 0x08, 0x23, 0x00, 0x23, 0x08, 0x23, 0x00, 0x23, 0x08, 0x22, 0x00, 0x23, 0x08,
    0x01, 0x00, 0x01, 0x00, 0x43, 0x08, 0x43, 0x08, 0x02, 0x00, 0x01, 0x00, 0x01, 0x00, 0x01, 0x00,
    0x02, 0x00, 0x01, 0x00, 0x01, 0x00, 0x01, 0x00, 0x01, 0x00, 0x02, 0x00, 0x64, 0x08, 0x23, 0x00,
    0x02, 0x00, 0x02, 0x00, 0x02, 0x00, 0x02, 0x00, 0x02, 0x00, 0x02, 0x00, 0x02, 0x00, 0x02, 0x00,
    0x02, 0x00, 0x02, 0x00, 0x65, 0x08, 0x23, 0x00, 0x02, 0x00, 0x02, 0x00, 0x02, 0x00, 0x02, 0x00,
    0x02, 0x00, 0x02, 0x00, 0x02, 0x00, 0x02, 0x00, 0x02, 0x00, 0x02, 0x00, 0x65, 0x08, 0x23, 0x00,
    0x02, 0x00, 0x02, 0x00, 0x02, 0x00, 0x02, 0x00, 0x02, 0x00, 0x02, 0x00, 0x02, 0x00, 0x02, 0x00,
    0x22, 0x00, 0x02, 0x00, 0x65, 0x08, 0x43, 0x08, 0x22, 0x00, 0x02, 0x00, 0x22, 0x00, 0x02, 0x00,
    0x22, 0x00, 0x02, 0x00, 0x22, 0x00, 0x02, 0x00, 0x22, 0x00, 0x02, 0x00, 0x44, 0x08, 0x44, 0x08,
    0x22, 0x00, 0x02, 0x00, 0x22, 0x00, 0x02, 0x00, 0x22, 0x00, 0x22, 0x00, 0x22, 0x00, 0x02, 0x00,
    0x22, 0x00, 0x22, 0x00, 0x22, 0x00, 0x85, 0x08, 0x23, 0x00, 0x22, 0x00, 0x22, 0x00, 0x22, 0x00,
    0x22, 0x00, 0x22, 0x00, 0x22, 0x00, 0x22, 0x00, 0x22, 0x00, 0x22, 0x00, 0x22, 0x00, 0x44, 0x08,
    0x65, 0x08, 0x22, 0x00, 0x23, 0x00, 0x23, 0x00, 0x23, 0x08, 0x23, 0x08, 0x43, 0x08, 0x43, 0x08,
    0x44, 0x08, 0x44, 0x08, 0x44, 0x08, 0x44, 0x08, 0x86, 0x10, 0x86, 0x08, 0x64, 0x08, 0x65, 0x08,
    0x65, 0x08, 0x65, 0x08, 0x65, 0x08, 0x65, 0x08, 0x85, 0x08, 0x86, 0x08, 0x86, 0x08, 0x86, 0x08,
    0x86, 0x08, 0xa8, 0x10, 0x86, 0x10, 0x65, 0x08, 0x65, 0x08, 0x65, 0x08, 0x65, 0x08, 0x44, 0x08,
    0x44, 0x08, 0x44, 0x08, 0x44, 0x08, 0x44, 0x08, 0x44, 0x08, 0x44, 0x08, 0x86, 0x10, 0x44, 0x08,
    0x23, 0x08, 0x23, 0x00, 0x23, 0x00, 0x23, 0x00, 0x23, 0x00, 0x22, 0x00, 0x22, 0x00, 0x22, 0x00,
    0x22, 0x00, 0x22, 0x00, 0x22, 0x00, 0x65, 0x08, 0x44, 0x08, 0x22, 0x00, 0x22, 0x00, 0x22, 0x00,
    0x22, 0x00, 0x22, 0x00, 0x22, 0x00, 0x22, 0x00, 0x22, 0x00, 0x22, 0x00, 0x22, 0x00, 0x22, 0x00,
    0x44, 0x08, 0x65, 0x08, 0x23, 0x00, 0x22, 0x00, 0x23, 0x00, 0x22, 0x00, 0x23, 0x00, 0x23, 0x00,
    0x23, 0x00, 0x23, 0x00, 0x23, 0x00, 0x23, 0x00, 0x23, 0x00, 0x23, 0x00, 0x86, 0x08, 0x45, 0x08,
    0x23, 0x08, 0x23, 0x00, 0x23, 0x08, 0x23, 0x00, 0x23, 0x08, 0x23, 0x08, 0x43, 0x08, 0x23, 0x08,
    0x44, 0x08, 0x24, 0x08, 0x44, 0x08, 0x44, 0x08, 0x87, 0x10, 0x44, 0x08, 0x44, 0x08, 0x44, 0x08,
    0x44, 0x08, 0x44, 0x08, 0x44, 0x08, 0x44, 0x08, 0x44, 0x08, 0x44, 0x08, 0x44, 0x08, 0x44, 0x08,
    0x44, 0x08, 0x66, 0x10, 0x87, 0x10, 0x45, 0x08, 0x44, 0x08, 0x44, 0x08, 0x45, 0x08, 0x45, 0x08,
    0x45, 0x08, 0x45, 0x08, 0x65, 0x08, 0x45, 0x08, 0x65, 0x08, 0x45, 0x08, 0x65, 0x08, 0x86, 0x10,
    0xa8, 0x10, 0x65, 0x08, 0x65, 0x08, 0x65, 0x08, 0x65, 0x08, 0x65, 0x08, 0x65, 0x08, 0x65, 0x08,
    0x65, 0x08, 0x65, 0x08, 0x65, 0x10, 0x65, 0x08, 0x65, 0x10, 0x86, 0x10, 0xc8, 0x10, 0x86, 0x10,
    0x66, 0x10, 0x66, 0x10, 0x66, 0x10, 0x66, 0x10, 0x66, 0x10, 0x66, 0x10, 0x66, 0x10, 0x66, 0x10,
    0x66, 0x10, 0x66, 0x10, 0x66, 0x10, 0x86, 0x10, 0xc9, 0x18, 0xa7, 0x10, 0x66, 0x10, 0x66, 0x10,
    0x66, 0x10, 0x66, 0x10, 0x66, 0x10, 0x66, 0x10, 0x66, 0x10, 0x66, 0x10, 0x66, 0x10, 0x66, 0x10,
    0x86, 0x10, 0x66, 0x10, 0xa8, 0x10, 0xc9, 0x18, 0x86, 0x10, 0x66, 0x10, 0x66, 0x10, 0x66, 0x10,
    0x66, 0x10, 0x66, 0x10, 0x66, 0x10, 0x66, 0x10, 0x66, 0x10, 0x66, 0x10, 0x66, 0x10, 0x66, 0x10,
    0x66, 0x10, 0xa8, 0x10, 0xa8, 0x10, 0x66, 0x10, 0x66, 0x10, 0x66, 0x10, 0x66, 0x10, 0x66, 0x10,
    0x66, 0x10, 0x65, 0x10, 0x65, 0x10, 0x65, 0x08, 0x65, 0x08, 0x65, 0x08, 0x65, 0x08, 0x65, 0x08,
    0xa7, 0x10, 0x87, 0x10, 0x65, 0x08, 0x65, 0x08, 0x65, 0x08, 0x65, 0x08, 0x65, 0x08, 0x65, 0x08,
    0x65, 0x08, 0x65, 0x08, 0x65, 0x08, 0x44, 0x08, 0x44, 0x08, 0x44, 0x08, 0x44, 0x08, 0x86, 0x10,
    0x86, 0x10, 0x44, 0x08, 0x44, 0x08, 0x44, 0x08, 0x44, 0x08, 0x44, 0x08, 0x44, 0x08, 0x44, 0x08,
    0x44, 0x08, 0x24, 0x08, 0x44, 0x08, 0x23, 0x08, 0x43, 0x08, 0x23, 0x08, 0x65, 0x08, 0x66, 0x08,
    0x44, 0x08, 0x23, 0x08, 0x23, 0x08, 0x23, 0x00, 0x23, 0x08, 0x23, 0x00, 0x23, 0x08, 0x23, 0x00,
    0x01, 0x00, 0x02, 0x00, 0x44, 0x08, 0x23, 0x00, 0x01, 0x00, 0x02, 0x00, 0x01, 0x00, 0x02, 0x00,
    0x01, 0x00, 0x02, 0x00, 0x01, 0x00, 0x02, 0x00, 0x02, 0x00, 0x02, 0x00, 0x65, 0x08, 0x22, 0x00,
    0x02, 0x00, 0x02, 0x00, 0x02, 0x00, 0x02, 0x00, 0x02, 0x00, 0x02, 0x00, 0x02, 0x00, 0x02, 0x00,
    0x02, 0x00, 0x02, 0x00, 0x65, 0x08, 0x22, 0x00, 0x02, 0x00, 0x02, 0x00, 0x02, 0x00, 0x22, 0x00,
    0x02, 0x00, 0x02, 0x00, 0x02, 0x00, 0x22, 0x00, 0x02, 0x00, 0x22, 0x00, 0x65, 0x08, 0x22, 0x00,
    0x02, 0x00, 0x22, 0x00, 0x02, 0x00, 0x22, 0x00, 0x02, 0x00, 0x22, 0x00, 0x02, 0x00, 0x22, 0x00,
    0x02, 0x00, 0x22, 0x00, 0x65, 0x08, 0x43, 0x08, 0x02, 0x00, 0x22, 0x00, 0x02, 0x00, 0x22, 0x00,
    0x02, 0x00, 0x22, 0x00, 0x02, 0x00, 0x22, 0x00, 0x02, 0x00, 0x22, 0x00, 0x44, 0x08, 0x44, 0x08,
    0x02, 0x00, 0x22, 0x00, 0x02, 0x00, 0x22, 0x00, 0x02, 0x00, 0x22, 0x00, 0x22, 0x00, 0x23, 0x00,
    0x23, 0x00, 0x23, 0x08, 0x44, 0x08, 0x87, 0x10, 0x44, 0x08, 0x44, 0x08, 0x44, 0x08, 0x44, 0x08,
    0x44, 0x08, 0x44, 0x08, 0x44, 0x08, 0x65, 0x08, 0x65, 0x08, 0x65, 0x08, 0x65, 0x08, 0xa7, 0x10,
    0xa7, 0x10, 0x86, 0x08, 0x86, 0x10, 0x86, 0x08, 0x65, 0x08, 0x65, 0x08, 0x65, 0x08, 0x65, 0x08,
    0x65, 0x08, 0x65, 0x08, 0x65, 0x08, 0x64, 0x08, 0x87, 0x10, 0x65, 0x08, 0x44, 0x08, 0x44, 0x08,
    0x44, 0x08, 0x44, 0x08, 0x43, 0x08, 0x23, 0x08, 0x23, 0x08, 0x23, 0x00, 0x23, 0x00, 0x23, 0x00,
    0x22, 0x00, 0x65, 0x08, 0x43, 0x08, 0x22, 0x00, 0x22, 0x00, 0x22, 0x00, 0x22, 0x00, 0x22, 0x00,
    0x22, 0x00, 0x22, 0x00, 0x22, 0x00, 0x22, 0x00, 0x22, 0x00, 0x22, 0x00, 0x65, 0x08, 0x44, 0x08,
    0x22, 0x00, 0x22, 0x00, 0x22, 0x00, 0x22, 0x00, 0x22, 0x00, 0x22, 0x00, 0x22, 0x00, 0x22, 0x00,
    0x22, 0x00, 0x22, 0x00, 0x22, 0x00, 0x65, 0x08, 0x44, 0x08, 0x22, 0x00, 0x22, 0x00, 0x23, 0x00,
    0x22, 0x00, 0x22, 0x00, 0x22, 0x00, 0x23, 0x00, 0x22, 0x00, 0x23, 0x00, 0x22, 0x00, 0x23, 0x00,
    0x44, 0x08, 0x65, 0x08, 0x22, 0x00, 0x23, 0x00, 0x22, 0x00, 0x23, 0x00, 0x22, 0x00, 0x23, 0x00,
    0x22, 0x00, 0x23, 0x00, 0x23, 0x00, 0x23, 0x00, 0x23, 0x00, 0x23, 0x08, 0x66, 0x08, 0x65, 0x08,
    0x23, 0x00, 0x23, 0x08, 0x23, 0x00, 0x23, 0x08, 0x23, 0x00, 0x43, 0x08, 0x23, 0x00, 0x44, 0x08,
    0x23, 0x08, 0x44, 0x08, 0x24, 0x08, 0x65, 0x08, 0x87, 0x10, 0x64, 0x08, 0x24, 0x08, 0x44, 0x08,
    0x24, 0x08, 0x44, 0x08, 0x44, 0x08, 0x44, 0x08, 0x44, 0x08, 0x44, 0x08, 0x44, 0x08, 0x44, 0x08,
    0x44, 0x08, 0x66, 0x10, 0x87, 0x10, 0x65, 0x08, 0x44, 0x08, 0x45, 0x08, 0x44, 0x08, 0x45, 0x08,
    0x44, 0x08, 0x45, 0x08, 0x45, 0x08, 0x65, 0x08, 0x45, 0x08, 0x65, 0x08, 0x45, 0x08, 0x86, 0x10,
    0xa8, 0x10, 0x65, 0x08, 0x45, 0x08, 0x65, 0x08, 0x45, 0x08, 0x65, 0x08, 0x65, 0x08, 0x65, 0x08,
    0x65, 0x08, 0x65, 0x08, 0x65, 0x08, 0x65, 0x10, 0x65, 0x08, 0x86, 0x10, 0xa9, 0x10, 0x86, 0x10,
    0x65, 0x08, 0x66, 0x10, 0x66, 0x08, 0x66, 0x10, 0x66, 0x08, 0x66, 0x10, 0x66, 0x10, 0x66, 0x10,
    0x66, 0x10, 0x66, 0x10, 0x66, 0x10, 0x86, 0x10, 0xa8, 0x10, 0xa7, 0x10, 0x66, 0x10, 0x86, 0x10,
    0x66, 0x10, 0x66, 0x10, 0x66, 0x10, 0x86, 0x10, 0x66, 0x10, 0x86, 0x10, 0x66, 0x10, 0x86, 0x10,
    0x66, 0x10, 0x66, 0x10, 0xa7, 0x10, 0xc9, 0x18, 0x86, 0x10, 0x66, 0x10, 0x66, 0x10, 0x86, 0x10,
    0x66, 0x10, 0x66, 0x10, 0x66, 0x10, 0x86, 0x10, 0x66, 0x10, 0x66, 0x10, 0x66, 0x10, 0x86, 0x10,
    0x66, 0x10, 0xa8, 0x10, 0xa8, 0x10, 0x66, 0x10, 0x66, 0x10, 0x66, 0x10, 0x65, 0x10, 0x66, 0x10,
    0x65, 0x08, 0x65, 0x10, 0x65, 0x08, 0x65, 0x10, 0x65, 0x08, 0x65, 0x08, 0x65, 0x08, 0x65, 0x08,
    0x87, 0x10, 0xa7, 0x10, 0x65, 0x08, 0x65, 0x08, 0x45, 0x08, 0x65, 0x08, 0x65, 0x08, 0x65, 0x08,
    0x45, 0x08, 0x65, 0x08, 0x45, 0x08, 0x65, 0x08, 0x44, 0x08, 0x44, 0x08, 0x44, 0x08, 0x86, 0x10,
    0x86, 0x10, 0x44, 0x08, 0x44, 0x08, 0x44, 0x08, 0x44, 0x08, 0x44, 0x08, 0x44, 0x08, 0x44, 0x08,
    0x23, 0x08, 0x44, 0x08, 0x23, 0x08, 0x44, 0x08, 0x23, 0x08, 0x43, 0x08, 0x44, 0x08, 0x86, 0x10,
    0x44, 0x08, 0x23, 0x08, 0x23, 0x00, 0x23, 0x08, 0x23, 0x00, 0x23, 0x08, 0x23, 0x00, 0x23, 0x08,
    0x01, 0x00, 0x01, 0x00, 0x44, 0x08, 0x22, 0x00, 0x01, 0x00, 0x01, 0x00, 0x01, 0x00, 0x01, 0x00,
    0x01, 0x00, 0x01, 0x00, 0x02, 0x00, 0x01, 0x00, 0x01, 0x00, 0x22, 0x00, 0x65, 0x08, 0x02, 0x00,
    0x01, 0x00, 0x01, 0x00, 0x01, 0x00, 0x01, 0x00, 0x01, 0x00, 0x01, 0x00, 0x02, 0x00, 0x02, 0x00,
    0x02, 0x00, 0x22, 0x00, 0x65, 0x08, 0x02, 0x00, 0x02, 0x00, 0x02, 0x00, 0x02, 0x00, 0x02, 0x00,
    0x02, 0x00, 0x02, 0x00, 0x02, 0x00, 0x02, 0x00, 0x02, 0x00, 0x22, 0x00, 0x85, 0x08, 0x02, 0x00,
    0x02, 0x00, 0x02, 0x00, 0x22, 0x00, 0x02, 0x00, 0x02, 0x00, 0x02, 0x00, 0x22, 0x00, 0x02, 0x00,
    0x02, 0x00, 0x22, 0x00, 0x85, 0x10, 0x23, 0x00, 0x22, 0x00, 0x23, 0x00, 0x23, 0x08, 0x23, 0x00,
    0x43, 0x08, 0x43, 0x08, 0x43, 0x08, 0x44, 0x08, 0x44, 0x08, 0x44, 0x08, 0x86, 0x10, 0x86, 0x10,
    0x65, 0x08, 0x65, 0x08, 0x65, 0x08, 0x65, 0x08, 0x65, 0x08, 0x65, 0x08, 0x86, 0x08, 0x85, 0x08,
    0x85, 0x08, 0x65, 0x08, 0x86, 0x10, 0xa7, 0x10, 0x65, 0x08, 0x64, 0x08, 0x64, 0x08, 0x44, 0x08,
    0x44, 0x08, 0x44, 0x08, 0x44, 0x08, 0x44, 0x08, 0x43, 0x08, 0x43, 0x08, 0x43, 0x08, 0x65, 0x08,
    0x65, 0x08, 0x23, 0x00, 0x23, 0x00, 0x22, 0x00, 0x22, 0x00, 0x22, 0x00, 0x22, 0x00, 0x22, 0x00,
    0x22, 0x00, 0x22, 0x00, 0x22, 0x00, 0x22, 0x00, 0x65, 0x08, 0x43, 0x08, 0x22, 0x00, 0x22, 0x00,
    0x22, 0x00, 0x22, 0x00, 0x22, 0x00, 0x22, 0x00, 0x22, 0x00, 0x22, 0x00, 0x22, 0x00, 0x22, 0x00,
    0x22, 0x00, 0x65, 0x08, 0x23, 0x08, 0x22, 0x00, 0x22, 0x00, 0x22, 0x00, 0x22, 0x00, 0x22, 0x00,
    0x22, 0x00, 0x22, 0x00, 0x22, 0x00, 0x22, 0x00, 0x22, 0x00, 0x22, 0x00, 0x65, 0x08, 0x43, 0x08,
    0x22, 0x00, 0x22, 0x00, 0x22, 0x00, 0x22, 0x00, 0x22, 0x00, 0x22, 0x00, 0x22, 0x00, 0x22, 0x00,
    0x22, 0x00, 0x22, 0x00, 0x22, 0x00, 0x65, 0x08, 0x44, 0x08, 0x22, 0x00, 0x22, 0x00, 0x22, 0x00,
    0x22, 0x00, 0x22, 0x00, 0x22, 0x00, 0x22, 0x00, 0x22, 0x00, 0x22, 0x00, 0x22, 0x00, 0x22, 0x00,
    0x44, 0x08, 0x65, 0x08, 0x22, 0x00, 0x22, 0x00, 0x22, 0x00, 0x22, 0x00, 0x22, 0x00, 0x22, 0x00,
    0x23, 0x00, 0x23, 0x00, 0x23, 0x00, 0x23, 0x00, 0x23, 0x00, 0x23, 0x00, 0x86, 0x10, 0x44, 0x08,
    0x23, 0x08, 0x23, 0x00, 0x23, 0x08, 0x23, 0x08, 0x23, 0x08, 0x23, 0x00, 0x43, 0x08, 0x23, 0x08,
    0x43, 0x08, 0x23, 0x08, 0x43, 0x08, 0x44, 0x08, 0x87, 0x10, 0x44, 0x08, 0x44, 0x08, 0x44, 0x08,
    0x44, 0x08, 0x44, 0x08, 0x44, 0x08, 0x44, 0x08, 0x44, 0x08, 0x44, 0x08, 0x44, 0x08, 0x44, 0x08,
    0x44, 0x08, 0x65, 0x08, 0xa7, 0x10, 0x44, 0x08, 0x44, 0x08, 0x44, 0x08, 0x44, 0x08, 0x44, 0x08,
    0x44, 0x08, 0x44, 0x08, 0x44, 0x08, 0x44, 0x08, 0x44, 0x08, 0x45, 0x08, 0x65, 0x08, 0x86, 0x10,
    0xa7, 0x10, 0x65, 0x08, 0x45, 0x08, 0x45, 0x08, 0x65, 0x08, 0x45, 0x08, 0x65, 0x08, 0x45, 0x08,
    0x45, 0x08, 0x45, 0x08, 0x65, 0x08, 0x65, 0x08, 0x65, 0x08, 0x66, 0x10, 0xc8, 0x10, 0x86, 0x10,
    0x65, 0x08, 0x65, 0x08, 0x65, 0x08, 0x65, 0x08, 0x65, 0x08, 0x65, 0x08, 0x65, 0x10, 0x65, 0x08,
    0x65, 0x08, 0x65, 0x08, 0x65, 0x10, 0x65, 0x08, 0xa7, 0x10, 0x87, 0x10, 0x66, 0x10, 0x66, 0x10,
    0x66, 0x10, 0x65, 0x10, 0x66, 0x10, 0x66, 0x10, 0x66, 0x10, 0x66, 0x10, 0x66, 0x10, 0x66, 0x10,
    0x66, 0x10, 0x66, 0x10, 0x86, 0x10, 0xc9, 0x18, 0x86, 0x10, 0x66, 0x10, 0x66, 0x10, 0x66, 0x10,
    0x66, 0x10, 0x65, 0x10, 0x65, 0x10, 0x65, 0x10, 0x65, 0x10, 0x65, 0x08, 0x65, 0x10, 0x65, 0x08,
    0x65, 0x08, 0x87, 0x10, 0xa8, 0x10, 0x65, 0x10, 0x65, 0x08, 0x65, 0x08, 0x65, 0x08, 0x65, 0x08,
    0x65, 0x08, 0x65, 0x08, 0x65, 0x08, 0x65, 0x08, 0x65, 0x08, 0x65, 0x08, 0x65, 0x08, 0x65, 0x08,
    0x86, 0x10, 0xa7, 0x10, 0x45, 0x08, 0x45, 0x08, 0x45, 0x08, 0x44, 0x08, 0x65, 0x08, 0x44, 0x08,
    0x44, 0x08, 0x44, 0x08, 0x44, 0x08, 0x44, 0x08, 0x44, 0x08, 0x44, 0x08, 0x44, 0x08, 0x66, 0x08,
    0x87, 0x10, 0x44, 0x08, 0x44, 0x08, 0x44, 0x08, 0x44, 0x08, 0x23, 0x08, 0x43, 0x08, 0x23, 0x08,
    0x23, 0x08, 0x23, 0x08, 0x43, 0x08, 0x23, 0x08, 0x43, 0x08, 0x23, 0x00, 0x44, 0x08, 0x86, 0x10,
    0x64, 0x08, 0x23, 0x00, 0x23, 0x08, 0x23, 0x00, 0x43, 0x08, 0x23, 0x08, 0x43, 0x08, 0x43, 0x08,
    0x01, 0x00, 0x02, 0x00, 0x65, 0x08, 0x02, 0x00, 0x01, 0x00, 0x02, 0x00, 0x01, 0x00, 0x02, 0x00,
    0x01, 0x00, 0x02, 0x00, 0x01, 0x00, 0x02, 0x00, 0x02, 0x00, 0x23, 0x00, 0x64, 0x08, 0x02, 0x00,
    0x02, 0x00, 0x02, 0x00, 0x02, 0x00, 0x02, 0x00, 0x02, 0x00, 0x02, 0x00, 0x02, 0x00, 0x02, 0x00,
    0x02, 0x00, 0x43, 0x08, 0x64, 0x08, 0x02, 0x00, 0x02, 0x00, 0x22, 0x00, 0x22, 0x00, 0x22, 0x00,
    0x22, 0x00, 0x23, 0x08, 0x23, 0x00, 0x43, 0x08, 0x43, 0x08, 0x64, 0x08, 0x86, 0x10, 0x44, 0x08,
    0x44, 0x08, 0x44, 0x08, 0x44, 0x08, 0x64, 0x08, 0x64, 0x08, 0x65, 0x08, 0x65, 0x08, 0x65, 0x08,
    0x65, 0x08, 0x86, 0x10, 0xc8, 0x10, 0x86, 0x10, 0x65, 0x08, 0x65, 0x08, 0x65, 0x08, 0x65, 0x08,
    0x65, 0x08, 0x65, 0x08, 0x44, 0x08, 0x44, 0x08, 0x44, 0x08, 0x44, 0x08, 0x86, 0x10, 0x65, 0x08,
    0x43, 0x08, 0x43, 0x08, 0x23, 0x00, 0x23, 0x08, 0x23, 0x00, 0x23, 0x00, 0x22, 0x00, 0x22, 0x00,
    0x02, 0x00, 0x22, 0x00, 0x23, 0x08, 0x65, 0x08, 0x02, 0x00, 0x22, 0x00, 0x02, 0x00, 0x22, 0x00,
    0x02, 0x00, 0x22, 0x00, 0x02, 0x00, 0x22, 0x00, 0x02, 0x00, 0x22, 0x00, 0x02, 0x00, 0x65, 0x08,
    0x44, 0x08, 0x22, 0x00, 0x02, 0x00, 0x22, 0x00, 0x22, 0x00, 0x22, 0x00, 0x22, 0x00, 0x22, 0x00,
    0x22, 0x00, 0x22, 0x00, 0x22, 0x00, 0x22, 0x00, 0x65, 0x08, 0x43, 0x08, 0x22, 0x00, 0x22, 0x00,
    0x22, 0x00, 0x22, 0x00, 0x22, 0x00, 0x22, 0x00, 0x22, 0x00, 0x22, 0x00, 0x22, 0x00, 0x22, 0x00,
    0x23, 0x00, 0x86, 0x08, 0x23, 0x08, 0x22, 0x00, 0x22, 0x00, 0x22, 0x00, 0x22, 0x00, 0x22, 0x00,
    0x22, 0x00, 0x22, 0x00, 0x22, 0x00, 0x22, 0x00, 0x22, 0x00, 0x23, 0x00, 0x65, 0x08, 0x44, 0x08,
    0x22, 0x00, 0x22, 0x00, 0x22, 0x00, 0x22, 0x00, 0x22, 0x00, 0x22, 0x00, 0x22, 0x00, 0x22, 0x00,
    0x22, 0x00, 0x22, 0x00, 0x22, 0x00, 0x65, 0x08, 0x44, 0x08, 0x23, 0x00, 0x22, 0x00, 0x23, 0x00,
    0x22, 0x00, 0x23, 0x00, 0x22, 0x00, 0x23, 0x00, 0x22, 0x00, 0x23, 0x00, 0x22, 0x00, 0x23, 0x00,
    0x44, 0x08, 0x65, 0x08, 0x22, 0x00, 0x23, 0x00, 0x22, 0x00, 0x23, 0x00, 0x22, 0x00, 0x23, 0x00,
    0x22, 0x00, 0x23, 0x00, 0x23, 0x00, 0x23, 0x00, 0x23, 0x00, 0x23, 0x00, 0x66, 0x08, 0x65, 0x08,
    0x23, 0x00, 0x23, 0x08, 0x23, 0x00, 0x23, 0x08, 0x23, 0x00, 0x43, 0x08, 0x23, 0x00, 0x44, 0x08,
    0x23, 0x00, 0x44, 0x08, 0x23, 0x08, 0x44, 0x08, 0x87, 0x10, 0x65, 0x08, 0x24, 0x08, 0x44, 0x08,
    0x24, 0x08, 0x44, 0x08, 0x44, 0x08, 0x44, 0x08, 0x44, 0x08, 0x44, 0x08, 0x44, 0x08, 0x44, 0x08,
    0x44, 0x08, 0x65, 0x10, 0xa7, 0x10, 0x65, 0x08, 0x44, 0x08, 0x45, 0x08, 0x44, 0x08, 0x45, 0x08,
    0x44, 0x08, 0x45, 0x08, 0x45, 0x08, 0x65, 0x08, 0x45, 0x08, 0x65, 0x08, 0x45, 0x08, 0x86, 0x10,
    0xa8, 0x10, 0x65, 0x10, 0x45, 0x08, 0x65, 0x08, 0x45, 0x08, 0x65, 0x08, 0x45, 0x08, 0x65, 0x08,
    0x65, 0x08, 0x65, 0x08, 0x65, 0x08, 0x65, 0x08, 0x65, 0x08, 0x86, 0x10, 0xa8, 0x10, 0x87, 0x10,
    0x65, 0x08, 0x66, 0x10, 0x65, 0x08, 0x66, 0x10, 0x66, 0x08, 0x66, 0x10, 0x66, 0x08, 0x66, 0x10,
    0x66, 0x08, 0x66, 0x10, 0x66, 0x10, 0x66, 0x10, 0xa8, 0x10, 0xa8, 0x10, 0x66, 0x10, 0x66, 0x10,
    0x66, 0x10, 0x86, 0x10, 0x66, 0x10, 0x86, 0x10, 0x66, 0x10, 0x86, 0x10, 0x66, 0x10, 0x86, 0x10,
    0x66, 0x10, 0x86, 0x10, 0x87, 0x10, 0xc9, 0x18, 0x87, 0x10, 0x86, 0x10, 0x66, 0x10, 0x66, 0x10,
    0x66, 0x10, 0x66, 0x10, 0x66, 0x10, 0x66, 0x10, 0x66, 0x10, 0x66, 0x10, 0x66, 0x10, 0x66, 0x10,
    0x65, 0x10, 0x87, 0x10, 0xa8, 0x10, 0x86, 0x10, 0x65, 0x08, 0x66, 0x10, 0x65, 0x08, 0x65, 0x10,
    0x65, 0x08, 0x65, 0x08, 0x65, 0x08, 0x65, 0x08, 0x65, 0x08, 0x65, 0x08, 0x45, 0x08, 0x65, 0x08,
    0x86, 0x10, 0xa8, 0x10, 0x65, 0x08, 0x65, 0x08, 0x45, 0x08, 0x65, 0x08, 0x45, 0x08, 0x65, 0x08,
    0x44, 0x08, 0x65, 0x08, 0x44, 0x08, 0x45, 0x08, 0x44, 0x08, 0x44, 0x08, 0x44, 0x08, 0x86, 0x10,
    0x87, 0x10, 0x65, 0x08, 0x45, 0x08, 0x65, 0x08, 0x65, 0x08, 0x65, 0x08, 0x65, 0x08, 0x65, 0x08,
    0x65, 0x08, 0x65, 0x08, 0x65, 0x08, 0x65, 0x10, 0x65, 0x08, 0x65, 0x08, 0x66, 0x08, 0xa8, 0x10,
    0x86, 0x10, 0x86, 0x08, 0x65, 0x08, 0x66, 0x08, 0x66, 0x08, 0x86, 0x10, 0x86, 0x08, 0x86, 0x10,
    0x01, 0x00, 0x22, 0x00, 0x64, 0x08, 0x01, 0x00, 0x02, 0x00, 0x01, 0x00, 0x01, 0x00, 0x01, 0x00,
    0x01, 0x00, 0x01, 0x00, 0x02, 0x00, 0x22, 0x00, 0x22, 0x00, 0x44, 0x08, 0x65, 0x08, 0x23, 0x00,
    0x23, 0x00, 0x23, 0x00, 0x43, 0x08, 0x43, 0x08, 0x44, 0x08, 0x44, 0x08, 0x44, 0x08, 0x44, 0x08,
    0x44, 0x08, 0x86, 0x08, 0x87, 0x10, 0x65, 0x08, 0x65, 0x08, 0x65, 0x08, 0x66, 0x08, 0x65, 0x08,
    0x65, 0x08, 0x65, 0x08, 0x65, 0x08, 0x65, 0x08, 0x64, 0x08, 0x86, 0x08, 0x86, 0x10, 0x44, 0x08,
    0x44, 0x08, 0x44, 0x08, 0x44, 0x08, 0x43, 0x08, 0x43, 0x08, 0x43, 0x08, 0x43, 0x08, 0x23, 0x00,
    0x23, 0x08, 0x43, 0x08, 0x65, 0x08, 0x22, 0x00, 0x22, 0x00, 0x02, 0x00, 0x22, 0x00, 0x02, 0x00,
    0x22, 0x00, 0x02, 0x00, 0x22, 0x00, 0x02, 0x00, 0x22, 0x00, 0x02, 0x00, 0x65, 0x08, 0x23, 0x00,
    0x22, 0x00, 0x02, 0x00, 0x22, 0x00, 0x02, 0x00, 0x22, 0x00, 0x22, 0x00, 0x22, 0x00, 0x22, 0x00,
    0x22, 0x00, 0x22, 0x00, 0x44, 0x08, 0x65, 0x08, 0x22, 0x00, 0x22, 0x00, 0x22, 0x00, 0x22, 0x00,
    0x22, 0x00, 0x22, 0x00, 0x22, 0x00, 0x22, 0x00, 0x22, 0x00, 0x22, 0x00, 0x22, 0x00, 0x65, 0x08,
    0x44, 0x08, 0x22, 0x00, 0x22, 0x00, 0x22, 0x00, 0x22, 0x00, 0x22, 0x00, 0x22, 0x00, 0x22, 0x00,
    0x22, 0x00, 0x22, 0x00, 0x22, 0x00, 0x23, 0x00, 0x86, 0x08, 0x23, 0x08, 0x22, 0x00, 0x22, 0x00,
    0x22, 0x00, 0x22, 0x00, 0x22, 0x00, 0x22, 0x00, 0x22, 0x00, 0x22, 0x00, 0x22, 0x00, 0x22, 0x00,
    0x23, 0x00, 0x86, 0x08, 0x23, 0x08, 0x22, 0x00, 0x22, 0x00, 0x22, 0x00, 0x22, 0x00, 0x22, 0x00,
    0x22, 0x00, 0x22, 0x00, 0x22, 0x00, 0x22, 0x00, 0x22, 0x00, 0x23, 0x00, 0x66, 0x08, 0x23, 0x08,
    0x22, 0x00, 0x22, 0x00, 0x22, 0x00, 0x22, 0x00, 0x22, 0x00, 0x22, 0x00, 0x22, 0x00, 0x22, 0x00,
    0x22, 0x00, 0x22, 0x00, 0x22, 0x00, 0x65, 0x08, 0x44, 0x08, 0x22, 0x00, 0x22, 0x00, 0x22, 0x00,
    0x22, 0x00, 0x22, 0x00, 0x22, 0x00, 0x22, 0x00, 0x23, 0x00, 0x22, 0x00, 0x23, 0x00, 0x22, 0x00,
    0x44, 0x08, 0x65, 0x08, 0x23, 0x00, 0x23, 0x00, 0x23, 0x00, 0x23, 0x00, 0x23, 0x00, 0x23, 0x00,
    0x23, 0x00, 0x23, 0x00, 0x23, 0x00, 0x23, 0x00, 0x23, 0x00, 0x23, 0x00, 0x86, 0x08, 0x45, 0x08,
    0x23, 0x08, 0x23, 0x00, 0x23, 0x08, 0x23, 0x00, 0x23, 0x08, 0x23, 0x08, 0x23, 0x08, 0x23, 0x00,
    0x43, 0x08, 0x23, 0x08, 0x43, 0x08, 0x44, 0x08, 0x87, 0x10, 0x44, 0x08, 0x44, 0x08, 0x44, 0x08,
    0x44, 0x08, 0x44, 0x08, 0x44, 0x08, 0x44, 0x08, 0x44, 0x08, 0x44, 0x08, 0x44, 0x08, 0x44, 0x08,
    0x44, 0x08, 0x65, 0x08, 0xa7, 0x10, 0x45, 0x08, 0x44, 0x08, 0x44, 0x08, 0x44, 0x08, 0x44, 0x08,
    0x44, 0x08, 0x45, 0x08, 0x45, 0x08, 0x45, 0x08, 0x45, 0x08, 0x45, 0x08, 0x65, 0x08, 0x66, 0x08,
    0xa8, 0x10, 0x66, 0x10, 0x65, 0x08, 0x45, 0x08, 0x65, 0x08, 0x45, 0x08, 0x65, 0x08, 0x65, 0x08,
    0x65, 0x08, 0x65, 0x08, 0x65, 0x08, 0x65, 0x08, 0x65, 0x08, 0x66, 0x08, 0xa8, 0x10, 0x87, 0x10,
    0x65, 0x10, 0x65, 0x08, 0x65, 0x08, 0x65, 0x08, 0x65, 0x10, 0x65, 0x08, 0x66, 0x08, 0x66, 0x08,
    0x66, 0x10, 0x66, 0x08, 0x66, 0x10, 0x66, 0x10, 0xa7, 0x10, 0xa8, 0x10, 0x66, 0x10, 0x66, 0x10,
    0x66, 0x10, 0x66, 0x10, 0x66, 0x10, 0x66, 0x10, 0x66, 0x10, 0x66, 0x10, 0x66, 0x10, 0x66, 0x10,
    0x66, 0x10, 0x66, 0x10, 0x86, 0x10, 0xc8, 0x10, 0x87, 0x10, 0x66, 0x10, 0x66, 0x10, 0x66, 0x10,
    0x66, 0x10, 0x66, 0x10, 0x66, 0x10, 0x66, 0x10, 0x66, 0x10, 0x66, 0x10, 0x66, 0x10, 0x66, 0x10,
    0x66, 0x10, 0x86, 0x10, 0xc8, 0x18, 0x86, 0x10, 0x65, 0x10, 0x65, 0x08, 0x65, 0x08, 0x65, 0x08,
    0x66, 0x10, 0x65, 0x10, 0x66, 0x10, 0x86, 0x10, 0x86, 0x10, 0x66, 0x10, 0x86, 0x10, 0x86, 0x10,
    0xa7, 0x10, 0xc9, 0x18, 0x87, 0x10, 0x86, 0x10, 0x86, 0x10, 0x87, 0x10, 0x87, 0x10, 0x87, 0x10,
    0x87, 0x10, 0x87, 0x10, 0x87, 0x10, 0xa7, 0x10, 0xa7, 0x10, 0x87, 0x10, 0xa7, 0x10, 0xa8, 0x10,
    0xea, 0x18, 0xa8, 0x10, 0xa7, 0x10, 0x87, 0x10, 0x87, 0x10, 0x87, 0x10, 0x86, 0x10, 0x86, 0x10,
    0x86, 0x10, 0x86, 0x08, 0x86, 0x08, 0x65, 0x08, 0x65, 0x10, 0x65, 0x08, 0x65, 0x08, 0x87, 0x10,
    0x86, 0x10, 0x44, 0x08, 0x44, 0x08, 0x44, 0x08, 0x44, 0x08, 0x44, 0x08, 0x43, 0x08, 0x43, 0x08,
    0x43, 0x08, 0x64, 0x08, 0x85, 0x08, 0x44, 0x08, 0x44, 0x08, 0x64, 0x08, 0x64, 0x08, 0x64, 0x08,
    0x64, 0x08, 0x65, 0x08, 0x65, 0x08, 0x65, 0x08, 0x65, 0x08, 0x86, 0x10, 0x86, 0x10, 0x64, 0x08,
    0x44, 0x08, 0x44, 0x08, 0x44, 0x08, 0x44, 0x08, 0x43, 0x08, 0x43, 0x08, 0x43, 0x08, 0x43, 0x08,
    0x23, 0x00, 0x65, 0x08, 0x64, 0x08, 0x23, 0x08, 0x22, 0x00, 0x22, 0x00, 0x22, 0x00, 0x22, 0x00,
    0x02, 0x00, 0x22, 0x00, 0x02, 0x00, 0x22, 0x00, 0x02, 0x00, 0x44, 0x08, 0x44, 0x08, 0x22, 0x00,
    0x02, 0x00, 0x22, 0x00, 0x02, 0x00, 0x22, 0x00, 0x02, 0x00, 0x22, 0x00, 0x02, 0x00, 0x22, 0x00,
    0x02, 0x00, 0x43, 0x08, 0x65, 0x08, 0x22, 0x00, 0x02, 0x00, 0x22, 0x00, 0x02, 0x00, 0x22, 0x00,
    0x02, 0x00, 0x22, 0x00, 0x02, 0x00, 0x22, 0x00, 0x02, 0x00, 0x22, 0x00, 0x65, 0x08, 0x23, 0x08,
    0x02, 0x00, 0x22, 0x00, 0x02, 0x00, 0x22, 0x00, 0x02, 0x00, 0x22, 0x00, 0x02, 0x00, 0x22, 0x00,
    0x02, 0x00, 0x22, 0x00, 0x44, 0x08, 0x64, 0x08, 0x02, 0x00, 0x22, 0x00, 0x02, 0x00, 0x22, 0x00,
    0x02, 0x00, 0x22, 0x00, 0x22, 0x00, 0x22, 0x00, 0x02, 0x00, 0x22, 0x00, 0x22, 0x00, 0x65, 0x08,
    0x43, 0x08, 0x22, 0x00, 0x22, 0x00, 0x22, 0x00, 0x02, 0x00, 0x22, 0x00, 0x22, 0x00, 0x22, 0x00,
    0x02, 0x00, 0x22, 0x00, 0x22, 0x00, 0x23, 0x00, 0x66, 0x08, 0x23, 0x00, 0x22, 0x00, 0x22, 0x00,
    0x22, 0x00, 0x22, 0x00, 0x22, 0x00, 0x22, 0x00, 0x22, 0x00, 0x22, 0x00, 0x22, 0x00, 0x22, 0x00,
    0x23, 0x00, 0x86, 0x08, 0x23, 0x00, 0x22, 0x00, 0x22, 0x00, 0x22, 0x00, 0x22, 0x00, 0x22, 0x00,
    0x22, 0x00, 0x22, 0x00, 0x22, 0x00, 0x22, 0x00, 0x22, 0x00, 0x23, 0x08, 0x86, 0x08, 0x43, 0x08,
    0x22, 0x00, 0x22, 0x00, 0x22, 0x00, 0x22, 0x00, 0x22, 0x00, 0x22, 0x00, 0x22, 0x00, 0x22, 0x00,
    0x22, 0x00, 0x22, 0x00, 0x22, 0x00, 0x65, 0x08, 0x44, 0x08, 0x22, 0x00, 0x22, 0x00, 0x22, 0x00,
    0x22, 0x00, 0x22, 0x00, 0x22, 0x00, 0x22, 0x00, 0x22, 0x00, 0x22, 0x00, 0x22, 0x00, 0x22, 0x00,
    0x44, 0x08, 0x65, 0x08, 0x22, 0x00, 0x22, 0x00, 0x22, 0x00, 0x22, 0x00, 0x22, 0x00, 0x22, 0x00,
    0x22, 0x00, 0x23, 0x00, 0x23, 0x00, 0x23, 0x00, 0x23, 0x00, 0x23, 0x00, 0x65, 0x08, 0x64, 0x08,
    0x23, 0x00, 0x23, 0x08, 0x23, 0x00, 0x23, 0x08, 0x23, 0x00, 0x23, 0x08, 0x23, 0x00, 0x43, 0x08,
    0x23, 0x00, 0x43, 0x08, 0x23, 0x08, 0x44, 0x08, 0x87, 0x10, 0x44, 0x08, 0x23, 0x08, 0x44, 0x08,
    0x23, 0x08, 0x44, 0x08, 0x44, 0x08, 0x44, 0x08, 0x44, 0x08, 0x44, 0x08, 0x44, 0x08, 0x44, 0x08,
    0x44, 0x08, 0x65, 0x08, 0x87, 0x10, 0x65, 0x08, 0x44, 0x08, 0x44, 0x08, 0x44, 0x08, 0x44, 0x08,
    0x44, 0x08, 0x44, 0x08, 0x44, 0x08, 0x44, 0x08, 0x44, 0x08, 0x44, 0x08, 0x44, 0x08, 0x65, 0x10,
    0xa8, 0x10, 0x65, 0x10, 0x45, 0x08, 0x65, 0x08, 0x45, 0x08, 0x65, 0x08, 0x45, 0x08, 0x65, 0x08,
    0x45, 0x08, 0x65, 0x08, 0x45, 0x08, 0x65, 0x08, 0x45, 0x08, 0x65, 0x08, 0xa7, 0x10, 0x87, 0x10,
    0x45, 0x08, 0x65, 0x08, 0x45, 0x08, 0x65, 0x10, 0x45, 0x08, 0x65, 0x08, 0x65, 0x08, 0x65, 0x10,
    0x65, 0x08, 0x65, 0x08, 0x65, 0x08, 0x65, 0x10, 0x87, 0x10, 0xa8, 0x10, 0x65, 0x08, 0x65, 0x10,
    0x65, 0x08, 0x65, 0x10, 0x65, 0x08, 0x66, 0x10, 0x65, 0x08, 0x65, 0x10, 0x65, 0x08, 0x66, 0x10,
    0x65, 0x08, 0x66, 0x08, 0x66, 0x10, 0xc8, 0x18, 0x87, 0x10, 0x86, 0x10, 0x86, 0x10, 0x86, 0x10,
    0x86, 0x10, 0x86, 0x10, 0x86, 0x10, 0xa7, 0x10, 0x86, 0x10, 0x87, 0x10, 0x87, 0x10, 0xa7, 0x10,
    0x87, 0x10, 0xa8, 0x10, 0xea, 0x18, 0xc8, 0x18, 0xa7, 0x10, 0xa8, 0x10, 0xa7, 0x10, 0xa8, 0x10,
    0xa8, 0x10, 0xc8, 0x10, 0xa8, 0x10, 0xa8, 0x10, 0xa8, 0x10, 0xc8, 0x10, 0xa7, 0x10, 0xa8, 0x10,
    0xa8, 0x10, 0xea, 0x18, 0xa8, 0x10, 0xa7, 0x10, 0x86, 0x10, 0x87, 0x10, 0x86, 0x10, 0x86, 0x10,
    0x86, 0x10, 0x86, 0x10, 0x66, 0x08, 0x86, 0x10, 0x65, 0x08, 0x85, 0x10, 0x65, 0x08, 0x65, 0x10,
    0x87, 0x10, 0x86, 0x10, 0x44, 0x08, 0x44, 0x08, 0x44, 0x08, 0x44, 0x08, 0x23, 0x08, 0x43, 0x08,
    0x23, 0x00, 0x43, 0x08, 0x23, 0x00, 0x43, 0x08, 0x23, 0x00, 0x23, 0x08, 0x23, 0x00, 0x65, 0x08,
    0x65, 0x08, 0x23, 0x08, 0x23, 0x00, 0x23, 0x08, 0x22, 0x00, 0x23, 0x08, 0x22, 0x00, 0x23, 0x08,
    0x43, 0x08, 0x65, 0x08, 0x65, 0x08, 0x23, 0x08, 0x23, 0x00, 0x23, 0x00, 0x23, 0x00, 0x22, 0x00,
    0x22, 0x00, 0x22, 0x00, 0x02, 0x00, 0x02, 0x00, 0x02, 0x00, 0x44, 0x08, 0x23, 0x00, 0x02, 0x00,
    0x02, 0x00, 0x02, 0x00, 0x02, 0x00, 0x02, 0x00, 0x02, 0x00, 0x02, 0x00, 0x02, 0x00, 0x02, 0x00,
    0x02, 0x00, 0x64, 0x08, 0x43, 0x08, 0x02, 0x00, 0x02, 0x00, 0x02, 0x00, 0x02, 0x00, 0x02, 0x00,
    0x02, 0x00, 0x02, 0x00, 0x02, 0x00, 0x02, 0x00, 0x02, 0x00, 0x64, 0x08, 0x44, 0x08, 0x02, 0x00,
    0x02, 0x00, 0x02, 0x00, 0x22, 0x00, 0x02, 0x00, 0x02, 0x00, 0x02, 0x00, 0x22, 0x00, 0x02, 0x00,
    0x02, 0x00, 0x44, 0x08, 0x64, 0x08, 0x02, 0x00, 0x02, 0x00, 0x02, 0x00, 0x22, 0x00, 0x02, 0x00,
    0x22, 0x00, 0x02, 0x00, 0x22, 0x00, 0x22, 0x00, 0x22, 0x00, 0x22, 0x00, 0x86, 0x08, 0x23, 0x00,
    0x22, 0x00, 0x02, 0x00, 0x22, 0x00, 0x22, 0x00, 0x22, 0x00, 0x02, 0x00, 0x22, 0x00, 0x22, 0x00,
    0x22, 0x00, 0x02, 0x00, 0x44, 0x08, 0x44, 0x08, 0x22, 0x00, 0x22, 0x00, 0x22, 0x00, 0x22, 0x00,
    0x22, 0x00, 0x22, 0x00, 0x22, 0x00, 0x22, 0x00, 0x22, 0x00, 0x22, 0x00, 0x22, 0x00, 0x65, 0x08,
    0x43, 0x08, 0x22, 0x00, 0x22, 0x00, 0x22, 0x00, 0x22, 0x00, 0x22, 0x00, 0x22, 0x00, 0x22, 0x00,
    0x22, 0x00, 0x22, 0x00, 0x22, 0x00, 0x23, 0x00, 0x86, 0x10, 0x23, 0x00, 0x22, 0x00, 0x22, 0x00,
    0x22, 0x00, 0x22, 0x00, 0x22, 0x00, 0x22, 0x00, 0x22, 0x00, 0x22, 0x00, 0x22, 0x00, 0x22, 0x00,
    0x23, 0x08, 0x86, 0x08, 0x23, 0x00, 0x22, 0x00, 0x22, 0x00, 0x22, 0x00, 0x22, 0x00, 0x22, 0x00,
    0x22, 0x00, 0x22, 0x00, 0x22, 0x00, 0x22, 0x00, 0x22, 0x00, 0x23, 0x00, 0x86, 0x08, 0x23, 0x08,
    0x22, 0x00, 0x22, 0x00, 0x22, 0x00, 0x22, 0x00, 0x22, 0x00, 0x22, 0x00, 0x22, 0x00, 0x22, 0x00,
    0x22, 0x00, 0x22, 0x00, 0x22, 0x00, 0x65, 0x08, 0x44, 0x08, 0x22, 0x00, 0x23, 0x00, 0x22, 0x00,
    0x22, 0x00, 0x22, 0x00, 0x23, 0x00, 0x23, 0x00, 0x23, 0x00, 0x22, 0x00, 0x23, 0x00, 0x23, 0x00,
    0x44, 0x08, 0x65, 0x08, 0x23, 0x00, 0x23, 0x00, 0x23, 0x00, 0x23, 0x00, 0x23, 0x00, 0x23, 0x00,
    0x23, 0x00, 0x23, 0x00, 0x23, 0x00, 0x23, 0x00, 0x23, 0x00, 0x23, 0x00, 0x85, 0x08, 0x64, 0x08,
    0x23, 0x00, 0x23, 0x00, 0x23, 0x08, 0x23, 0x08, 0x23, 0x08, 0x23, 0x00, 0x23, 0x08, 0x23, 0x08,
    0x23, 0x08, 0x23, 0x00, 0x44, 0x08, 0x44, 0x08, 0x87, 0x10, 0x44, 0x08, 0x44, 0x08, 0x44, 0x08,
    0x44, 0x08, 0x24, 0x08, 0x44, 0x08, 0x44, 0x08, 0x44, 0x08, 0x44, 0x08, 0x44, 0x08, 0x44, 0x08,
    0x44, 0x08, 0x45, 0x08, 0xa8, 0x10, 0x65, 0x08, 0x44, 0x08, 0x44, 0x08, 0x44, 0x08, 0x44, 0x08,
    0x44, 0x08, 0x44, 0x08, 0x45, 0x08, 0x45, 0x08, 0x45, 0x08, 0x45, 0x08, 0x45, 0x08, 0x65, 0x10,
    0xa8, 0x10, 0x66, 0x08, 0x65, 0x08, 0x65, 0x08, 0x65, 0x08, 0x45, 0x08, 0x65, 0x08, 0x45, 0x08,
    0x65, 0x08, 0x45, 0x08, 0x65, 0x08, 0x65, 0x08, 0x65, 0x08, 0x65, 0x08, 0xa8, 0x10, 0x87, 0x10,
    0x65, 0x08, 0x65, 0x08, 0x65, 0x08, 0x65, 0x08, 0x66, 0x10, 0x66, 0x10, 0x86, 0x10, 0x86, 0x10,
    0x86, 0x10, 0x86, 0x10, 0x86, 0x10, 0x87, 0x10, 0xa8, 0x10, 0xc9, 0x18, 0x87, 0x10, 0x87, 0x10,
    0xa7, 0x10, 0x87, 0x10, 0xa8, 0x10, 0xa8, 0x10, 0xa8, 0x10, 0xa8, 0x10, 0xa8, 0x10, 0xa8, 0x10,
    0xa8, 0x10, 0xa8, 0x10, 0xc8, 0x18, 0xea, 0x18, 0xca, 0x18, 0xa9, 0x18, 0xc8, 0x18, 0xc8, 0x18,
    0xc8, 0x18, 0xa8, 0x10, 0xa8, 0x10, 0xa8, 0x10, 0xa8, 0x10, 0xa8, 0x10, 0xa8, 0x10, 0xa7, 0x10,
    0x87, 0x10, 0xa7, 0x10, 0xc9, 0x18, 0xa8, 0x10, 0x87, 0x10, 0x86, 0x10, 0x86, 0x10, 0x86, 0x10,
    0x86, 0x10, 0x66, 0x10, 0x86, 0x10, 0x66, 0x10, 0x65, 0x10, 0x65, 0x10, 0x65, 0x08, 0x65, 0x08,
    0x65, 0x10, 0xa8, 0x10, 0x86, 0x10, 0x45, 0x08, 0x45, 0x08, 0x44, 0x08, 0x45, 0x08, 0x45, 0x08,
    0x44, 0x08, 0x44, 0x08, 0x44, 0x08, 0x44, 0x08, 0x44, 0x08, 0x44, 0x08, 0x44, 0x08, 0x44, 0x08,
    0x87, 0x10, 0x65, 0x08, 0x44, 0x08, 0x44, 0x08, 0x44, 0x08, 0x24, 0x08, 0x44, 0x08, 0x43, 0x08,
    0x43, 0x08, 0x23, 0x08, 0x43, 0x08, 0x23, 0x08, 0x23, 0x08, 0x23, 0x00, 0x23, 0x08, 0x65, 0x08,
    0x65, 0x08, 0x23, 0x08, 0x23, 0x08, 0x23, 0x00, 0x23, 0x00, 0x23, 0x00, 0x23, 0x00, 0x22, 0x00,
    0x01, 0x00, 0x44, 0x08, 0x23, 0x00, 0x02, 0x00, 0x01, 0x00, 0x02, 0x00, 0x01, 0x00, 0x02, 0x00,
    0x02, 0x00, 0x02, 0x00, 0x02, 0x00, 0x02, 0x00, 0x02, 0x00, 0x65, 0x08, 0x23, 0x00, 0x02, 0x00,
    0x02, 0x00, 0x02, 0x00, 0x02, 0x00, 0x02, 0x00, 0x02, 0x00, 0x02, 0x00, 0x02, 0x00, 0x02, 0x00,
    0x02, 0x00, 0x65, 0x08, 0x23, 0x00, 0x22, 0x00, 0x02, 0x00, 0x22, 0x00, 0x02, 0x00, 0x22, 0x00,
    0x02, 0x00, 0x22, 0x00, 0x02, 0x00, 0x22, 0x00, 0x02, 0x00, 0x65, 0x08, 0x43, 0x08, 0x22, 0x00,
    0x02, 0x00, 0x22, 0x00, 0x02, 0x00, 0x22, 0x00, 0x02, 0x00, 0x22, 0x00, 0x02, 0x00, 0x22, 0x00,
    0x02, 0x00, 0x44, 0x08, 0x44, 0x08, 0x22, 0x00, 0x02, 0x00, 0x22, 0x00, 0x02, 0x00, 0x22, 0x00,
    0x02, 0x00, 0x22, 0x00, 0x02, 0x00, 0x22, 0x00, 0x02, 0x00, 0x23, 0x08, 0x65, 0x08, 0x22, 0x00,
    0x02, 0x00, 0x22, 0x00, 0x02, 0x00, 0x22, 0x00, 0x02, 0x00, 0x22, 0x00, 0x02, 0x00, 0x22, 0x00,
    0x02, 0x00, 0x22, 0x00, 0x44, 0x08, 0x44, 0x08, 0x02, 0x00, 0x22, 0x00, 0x02, 0x00, 0x22, 0x00,
    0x02, 0x00, 0x22, 0x00, 0x02, 0x00, 0x22, 0x00, 0x02, 0x00, 0x22, 0x00, 0x22, 0x00, 0x85, 0x08,
    0x23, 0x08, 0x22, 0x00, 0x02, 0x00, 0x22, 0x00, 0x22, 0x00, 0x22, 0x00, 0x22, 0x00, 0x22, 0x00,
    0x22, 0x00, 0x22, 0x00, 0x22, 0x00, 0x23, 0x08, 0x86, 0x08, 0x23, 0x00, 0x22, 0x00, 0x22, 0x00,
    0x22, 0x00, 0x22, 0x00, 0x22, 0x00, 0x22, 0x00, 0x22, 0x00, 0x22, 0x00, 0x22, 0x00, 0x22, 0x00,
    0x23, 0x08, 0x86, 0x10, 0x23, 0x00, 0x22, 0x00, 0x22, 0x00, 0x22, 0x00, 0x22, 0x00, 0x22, 0x00,
    0x22, 0x00, 0x22, 0x00, 0x22, 0x00, 0x22, 0x00, 0x22, 0x00, 0x43, 0x08, 0x86, 0x10, 0x43, 0x08,
    0x22, 0x00, 0x22, 0x00, 0x22, 0x00, 0x22, 0x00, 0x22, 0x00, 0x22, 0x00, 0x22, 0x00, 0x22, 0x00,
    0x22, 0x00, 0x23, 0x00, 0x22, 0x00, 0x65, 0x08, 0x44, 0x08, 0x23, 0x00, 0x22, 0x00, 0x23, 0x00,
    0x22, 0x00, 0x23, 0x00, 0x22, 0x00, 0x23, 0x00, 0x22, 0x00, 0x23, 0x00, 0x22, 0x00, 0x23, 0x00,
    0x44, 0x08, 0x65, 0x08, 0x23, 0x00, 0x23, 0x00, 0x23, 0x00, 0x23, 0x00, 0x23, 0x00, 0x23, 0x00,
    0x23, 0x00, 0x23, 0x00, 0x23, 0x00, 0x23, 0x00, 0x23, 0x00, 0x23, 0x00, 0x65, 0x08, 0x65, 0x08,
    0x23, 0x00, 0x23, 0x08, 0x23, 0x00, 0x23, 0x08, 0x23, 0x00, 0x23, 0x08, 0x23, 0x00, 0x23, 0x08,
    0x23, 0x00, 0x43, 0x08, 0x23, 0x00, 0x44, 0x08, 0x87, 0x10, 0x65, 0x08, 0x23, 0x08, 0x44, 0x08,
    0x24, 0x08, 0x44, 0x08, 0x24, 0x08, 0x44, 0x08, 0x24, 0x08, 0x44, 0x08, 0x44, 0x08, 0x44, 0x08,
    0x44, 0x08, 0x65, 0x08, 0x87, 0x10, 0x65, 0x08, 0x44, 0x08, 0x44, 0x08, 0x44, 0x08, 0x44, 0x08,
    0x44, 0x08, 0x45, 0x08, 0x44, 0x08, 0x45, 0x08, 0x44, 0x08, 0x45, 0x08, 0x45, 0x08, 0x66, 0x10,
    0xa8, 0x10, 0x86, 0x10, 0x65, 0x08, 0x66, 0x10, 0x66, 0x08, 0x86, 0x10, 0x86, 0x10, 0x86, 0x10,
    0x86, 0x10, 0x87, 0x10, 0x86, 0x10, 0x87, 0x10, 0x87, 0x10, 0xa7, 0x10, 0xc9, 0x18, 0xc9, 0x18,
    0xa7, 0x10, 0xa8, 0x10, 0xa8, 0x10, 0xc8, 0x10, 0xa8, 0x10, 0xc8, 0x18, 0xa8, 0x10, 0xc8, 0x18,
    0xa8, 0x10, 0xc8, 0x18, 0xa8, 0x10, 0xa8, 0x10, 0xc9, 0x18, 0xea, 0x18, 0xa8, 0x10, 0xa8, 0x10,
    0xa8, 0x10, 0xa8, 0x10, 0x87, 0x10, 0xa7, 0x10, 0x87, 0x10, 0xa7, 0x10, 0x87, 0x10, 0xa7, 0x10,
    0x87, 0x10, 0x87, 0x10, 0x86, 0x10, 0xc8, 0x18, 0xa8, 0x10, 0x86, 0x10, 0x66, 0x10, 0x86, 0x10,
    0x66, 0x10, 0x66, 0x10, 0x65, 0x08, 0x65, 0x08, 0x65, 0x08, 0x65, 0x08, 0x65, 0x08, 0x65, 0x08,
    0x65, 0x08, 0x66, 0x10, 0xa8, 0x10, 0x87, 0x10, 0x65, 0x08, 0x65, 0x08, 0x65, 0x08, 0x65, 0x08,
    0x65, 0x08, 0x65, 0x08, 0x65, 0x08, 0x65, 0x08, 0x65, 0x08, 0x65, 0x08, 0x45, 0x08, 0x65, 0x08,
    0x65, 0x08, 0xa7, 0x10, 0x86, 0x10, 0x65, 0x08, 0x44, 0x08, 0x45, 0x08, 0x44, 0x08, 0x44, 0x08,
    0x44, 0x08, 0x44, 0x08, 0x44, 0x08, 0x44, 0x08, 0x44, 0x08, 0x44, 0x08, 0x44, 0x08, 0x44, 0x08,
    0x66, 0x08, 0x86, 0x10, 0x24, 0x08, 0x44, 0x08, 0x24, 0x08, 0x44, 0x08, 0x23, 0x08, 0x44, 0x08,
    0x23, 0x08, 0x44, 0x08, 0x23, 0x08, 0x43, 0x08, 0x23, 0x00, 0x23, 0x08, 0x23, 0x00, 0x65, 0x08,
    0x86, 0x08, 0x44, 0x08, 0x23, 0x00, 0x23, 0x08, 0x23, 0x00, 0x23, 0x08, 0x22, 0x00, 0x23, 0x00,
    0x01, 0x00, 0x44, 0x08, 0x22, 0x00, 0x01, 0x00, 0x01, 0x00, 0x01, 0x00, 0x01, 0x00, 0x01, 0x00,
    0x01, 0x00, 0x01, 0x00, 0x01, 0x00, 0x01, 0x00, 0x02, 0x00, 0x65, 0x08, 0x22, 0x00, 0x01, 0x00,
    0x01, 0x00, 0x01, 0x00, 0x01, 0x00, 0x01, 0x00, 0x02, 0x00, 0x01, 0x00, 0x02, 0x00, 0x02, 0x00,
    0x22, 0x00, 0x65, 0x08, 0x22, 0x00, 0x02, 0x00, 0x02, 0x00, 0x02, 0x00, 0x02, 0x00, 0x02, 0x00,
    0x02, 0x00, 0x02, 0x00, 0x02, 0x00, 0x02, 0x00, 0x02, 0x00, 0x65, 0x08, 0x23, 0x00, 0x02, 0x00,
    0x02, 0x00, 0x02, 0x00, 0x02, 0x00, 0x02, 0x00, 0x22, 0x00, 0x02, 0x00, 0x02, 0x00, 0x02, 0x00,
    0x22, 0x00, 0x44, 0x08, 0x44, 0x08, 0x02, 0x00, 0x22, 0x00, 0x02, 0x00, 0x22, 0x00, 0x02, 0x00,
    0x22, 0x00, 0x02, 0x00, 0x22, 0x00, 0x02, 0x00, 0x22, 0x00, 0x23, 0x00, 0x65, 0x08, 0x02, 0x00,
    0x22, 0x00, 0x22, 0x00, 0x22, 0x00, 0x02, 0x00, 0x22, 0x00, 0x22, 0x00, 0x22, 0x00, 0x22, 0x00,
    0x22, 0x00, 0x22, 0x00, 0x65, 0x08, 0x44, 0x08, 0x22, 0x00, 0x22, 0x00, 0x22, 0x00, 0x22, 0x00,
    0x22, 0x00, 0x22, 0x00, 0x22, 0x00, 0x22, 0x00, 0x22, 0x00, 0x22, 0x00, 0x23, 0x00, 0x86, 0x10,
    0x23, 0x00, 0x22, 0x00, 0x22, 0x00, 0x22, 0x00, 0x22, 0x00, 0x22, 0x00, 0x22, 0x00, 0x22, 0x00,
    0x22, 0x00, 0x22, 0x00, 0x22, 0x00, 0x43, 0x08, 0x65, 0x08, 0x22, 0x00, 0x22, 0x00, 0x22, 0x00,
    0x22, 0x00, 0x22, 0x00, 0x22, 0x00, 0x22, 0x00, 0x22, 0x00, 0x22, 0x00, 0x22, 0x00, 0x22, 0x00,
    0x43, 0x08, 0x65, 0x08, 0x22, 0x00, 0x22, 0x00, 0x22, 0x00, 0x22, 0x00, 0x22, 0x00, 0x22, 0x00,
    0x22, 0x00, 0x22, 0x00, 0x22, 0x00, 0x22, 0x00, 0x22, 0x00, 0x23, 0x08, 0x86, 0x08, 0x23, 0x00,
    0x22, 0x00, 0x22, 0x00, 0x22, 0x00, 0x22, 0x00, 0x22, 0x00, 0x22, 0x00, 0x22, 0x00, 0x22, 0x00,
    0x22, 0x00, 0x22, 0x00, 0x22, 0x00, 0x65, 0x08, 0x44, 0x08, 0x22, 0x00, 0x22, 0x00, 0x22, 0x00,
    0x22, 0x00, 0x22, 0x00, 0x22, 0x00, 0x22, 0x00, 0x22, 0x00, 0x22, 0x00, 0x22, 0x00, 0x22, 0x00,
    0x44, 0x08, 0x65, 0x08, 0x22, 0x00, 0x22, 0x00, 0x22, 0x00, 0x22, 0x00, 0x22, 0x00, 0x22, 0x00,
    0x22, 0x00, 0x22, 0x00, 0x22, 0x00, 0x22, 0x00, 0x23, 0x00, 0x23, 0x00, 0x85, 0x08, 0x44, 0x08,
    0x23, 0x00, 0x23, 0x00, 0x23, 0x00, 0x23, 0x00, 0x23, 0x08, 0x23, 0x08, 0x23, 0x08, 0x23, 0x08,
    0x23, 0x08, 0x23, 0x08, 0x23, 0x08, 0x44, 0x08, 0x86, 0x10, 0x64, 0x08, 0x43, 0x08, 0x44, 0x08,
    0x44, 0x08, 0x44, 0x08, 0x44, 0x08, 0x44, 0x08, 0x64, 0x08, 0x45, 0x08, 0x65, 0x08, 0x65, 0x08,
    0x65, 0x08, 0x66, 0x10, 0xc8, 0x10, 0x86, 0x10, 0x86, 0x10, 0x86, 0x10, 0x86, 0x10, 0x86, 0x10,
    0x86, 0x10, 0x86, 0x10, 0x87, 0x10, 0x87, 0x10, 0xa7, 0x10, 0xa7, 0x10, 0xa7, 0x10, 0xa8, 0x10,
    0xea, 0x18, 0xc8, 0x10, 0xa8, 0x10, 0x87, 0x10, 0xa7, 0x10, 0x87, 0x10, 0xa7, 0x10, 0x87, 0x10,
    0x87, 0x10, 0x87, 0x10, 0x87, 0x10, 0x87, 0x10, 0x87, 0x10, 0x86, 0x10, 0xc8, 0x10, 0xa8, 0x10,
    0x86, 0x10, 0x86, 0x10, 0x86, 0x10, 0x66, 0x10, 0x86, 0x10, 0x66, 0x10, 0x66, 0x10, 0x65, 0x08,
    0x65, 0x10, 0x65, 0x08, 0x65, 0x08, 0x65, 0x08, 0x86, 0x10, 0xa8, 0x10, 0x66, 0x10, 0x65, 0x08,
    0x65, 0x08, 0x65, 0x08, 0x65, 0x08, 0x65, 0x08, 0x65, 0x08, 0x65, 0x08, 0x65, 0x08, 0x65, 0x08,
    0x65, 0x08, 0x65, 0x08, 0x65, 0x08, 0x87, 0x10, 0x87, 0x10, 0x65, 0x08, 0x65, 0x08, 0x65, 0x08,
    0x65, 0x08, 0x65, 0x08, 0x65, 0x08, 0x65, 0x08, 0x65, 0x08, 0x65, 0x08, 0x65, 0x08, 0x65, 0x08,
    0x65, 0x08, 0x45, 0x08, 0xa7, 0x10, 0x87, 0x10, 0x65, 0x08, 0x45, 0x08, 0x45, 0x08, 0x45, 0x08,
    0x45, 0x08, 0x45, 0x08, 0x45, 0x08, 0x45, 0x08, 0x45, 0x08, 0x44, 0x08, 0x44, 0x08, 0x44, 0x08,
    0x44, 0x08, 0x87, 0x10, 0x86, 0x10, 0x44, 0x08, 0x44, 0x08, 0x44, 0x08, 0x44, 0x08, 0x44, 0x08,
    0x44, 0x08, 0x44, 0x08, 0x44, 0x08, 0x44, 0x08, 0x44, 0x08, 0x44, 0x08, 0x44, 0x08, 0x44, 0x08,
    0x86, 0x10, 0x86, 0x08, 0x43, 0x08, 0x23, 0x08, 0x43, 0x08, 0x23, 0x08, 0x43, 0x08, 0x23, 0x00,
    0x43, 0x08, 0x23, 0x08, 0x23, 0x08, 0x23, 0x00, 0x23, 0x08, 0x23, 0x00, 0x23, 0x08, 0x44, 0x08,
    0x86, 0x10, 0x44, 0x08, 0x23, 0x08, 0x22, 0x00, 0x23, 0x00, 0x22, 0x00, 0x22, 0x00, 0x22, 0x00,
    0x02, 0x00, 0x65, 0x08, 0x02, 0x00, 0x02, 0x00, 0x01, 0x00, 0x02, 0x00, 0x01, 0x00, 0x02, 0x00,
    0x01, 0x00, 0x02, 0x00, 0x02, 0x00, 0x02, 0x00, 0x22, 0x00, 0x65, 0x08, 0x02, 0x00, 0x02, 0x00,
    0x02, 0x00, 0x02, 0x00, 0x02, 0x00, 0x02, 0x00, 0x02, 0x00, 0x02, 0x00, 0x02, 0x00, 0x22, 0x00,
    0x23, 0x00, 0x65, 0x08, 0x02, 0x00, 0x22, 0x00, 0x02, 0x00, 0x22, 0x00, 0x02, 0x00, 0x22, 0x00,
    0x02, 0x00, 0x22, 0x00, 0x02, 0x00, 0x22, 0x00, 0x22, 0x00, 0x86, 0x08, 0x22, 0x00, 0x22, 0x00,
    0x02, 0x00, 0x22, 0x00, 0x02, 0x00, 0x22, 0x00, 0x02, 0x00, 0x22, 0x00, 0x02, 0x00, 0x22, 0x00,
    0x02, 0x00, 0x65, 0x08, 0x43, 0x08, 0x22, 0x00, 0x02, 0x00, 0x22, 0x00, 0x02, 0x00, 0x22, 0x00,
    0x02, 0x00, 0x22, 0x00, 0x02, 0x00, 0x22, 0x00, 0x02, 0x00, 0x44, 0x08, 0x65, 0x08, 0x22, 0x00,
    0x02, 0x00, 0x22, 0x00, 0x02, 0x00, 0x22, 0x00, 0x02, 0x00, 0x22, 0x00, 0x02, 0x00, 0x22, 0x00,
    0x02, 0x00, 0x22, 0x00, 0x65, 0x08, 0x43, 0x08, 0x02, 0x00, 0x22, 0x00, 0x22, 0x00, 0x22, 0x00,
    0x02, 0x00, 0x22, 0x00, 0x02, 0x00, 0x22, 0x00, 0x02, 0x00, 0x22, 0x00, 0x23, 0x08, 0x86, 0x08,
    0x22, 0x00, 0x22, 0x00, 0x22, 0x00, 0x22, 0x00, 0x02, 0x00, 0x22, 0x00, 0x22, 0x00, 0x22, 0x00,
    0x02, 0x00, 0x22, 0x00, 0x22, 0x00, 0x44, 0x08, 0x65, 0x08, 0x22, 0x00, 0x22, 0x00, 0x22, 0x00,
    0x22, 0x00, 0x22, 0x00, 0x22, 0x00, 0x22, 0x00, 0x22, 0x00, 0x22, 0x00, 0x22, 0x00, 0x22, 0x00,
    0x44, 0x08, 0x65, 0x08, 0x22, 0x00, 0x22, 0x00, 0x22, 0x00, 0x22, 0x00, 0x22, 0x00, 0x22, 0x00,
    0x22, 0x00, 0x22, 0x00, 0x22, 0x00, 0x22, 0x00, 0x22, 0x00, 0x43, 0x08, 0x86, 0x08, 0x23, 0x08,
    0x22, 0x00, 0x22, 0x00, 0x22, 0x00, 0x22, 0x00, 0x22, 0x00, 0x22, 0x00, 0x22, 0x00, 0x23, 0x00,
    0x22, 0x00, 0x23, 0x00, 0x22, 0x00, 0x65, 0x08, 0x44, 0x08, 0x23, 0x00, 0x22, 0x00, 0x23, 0x00,
    0x22, 0x00, 0x23, 0x00, 0x22, 0x00, 0x23, 0x00, 0x22, 0x00, 0x23, 0x00, 0x23, 0x00, 0x23, 0x00,
    0x44, 0x08, 0x65, 0x08, 0x23, 0x00, 0x23, 0x00, 0x23, 0x00, 0x23, 0x00, 0x23, 0x00, 0x23, 0x00,
    0x23, 0x00, 0x23, 0x00, 0x23, 0x00, 0x23, 0x08, 0x23, 0x00, 0x44, 0x08, 0x86, 0x08, 0x65, 0x08,
    0x44, 0x08, 0x44, 0x08, 0x44, 0x08, 0x65, 0x08, 0x44, 0x08, 0x65, 0x08, 0x65, 0x08, 0x65, 0x08,
    0x65, 0x08, 0x66, 0x08, 0x66, 0x08, 0x86, 0x10, 0xc8, 0x10, 0xa7, 0x10, 0x86, 0x10, 0x87, 0x10,
    0x87, 0x10, 0x87, 0x10, 0x87, 0x10, 0xa7, 0x10, 0x87, 0x10, 0x87, 0x10, 0x87, 0x10, 0x87, 0x10,
    0x86, 0x10, 0x87, 0x10, 0xc9, 0x10, 0xa7, 0x10, 0x86, 0x10, 0x86, 0x10, 0x86, 0x10, 0x86, 0x10,
    0x66, 0x08, 0x66, 0x10, 0x66, 0x10, 0x86, 0x10, 0x65, 0x08, 0x66, 0x08, 0x65, 0x08, 0x66, 0x10,
    0xa8, 0x10, 0x86, 0x10, 0x65, 0x08, 0x65, 0x08, 0x45, 0x08, 0x65, 0x08, 0x45, 0x08, 0x65, 0x08,
    0x45, 0x08, 0x65, 0x08, 0x45, 0x08, 0x65, 0x08, 0x45, 0x08, 0x65, 0x08, 0x87, 0x10, 0xa7, 0x10,
    0x45, 0x08, 0x65, 0x08, 0x45, 0x08, 0x65, 0x08, 0x65, 0x08, 0x65, 0x08, 0x65, 0x08, 0x65, 0x08,
    0x65, 0x08, 0x65, 0x08, 0x65, 0x08, 0x65, 0x10, 0x66, 0x10, 0xc8, 0x18, 0x66, 0x10, 0x65, 0x10,
    0x65, 0x08, 0x65, 0x10, 0x65, 0x08, 0x65, 0x10, 0x65, 0x08, 0x65, 0x10, 0x65, 0x08, 0x65, 0x10,
    0x65, 0x08, 0x65, 0x08, 0x65, 0x08, 0xa7, 0x10, 0xa8, 0x10, 0x65, 0x08, 0x65, 0x08, 0x65, 0x10,
    0x65, 0x08, 0x65, 0x08, 0x65, 0x08, 0x65, 0x10, 0x65, 0x08, 0x65, 0x08, 0x65, 0x08, 0x65, 0x10,
    0x65, 0x08, 0x65, 0x08, 0x87, 0x10, 0xa7, 0x10, 0x65, 0x08, 0x65, 0x08, 0x65, 0x08, 0x65, 0x08,
    0x45, 0x08, 0x65, 0x08, 0x45, 0x08, 0x65, 0x08, 0x45, 0x08, 0x65, 0x08, 0x45, 0x08, 0x65, 0x08,
    0x45, 0x08, 0x87, 0x10, 0x87, 0x10, 0x45, 0x08, 0x44, 0x08, 0x44, 0x08, 0x44, 0x08, 0x44, 0x08,
    0x44, 0x08, 0x44, 0x08, 0x44, 0x08, 0x44, 0x08, 0x44, 0x08, 0x44, 0x08, 0x44, 0x08, 0x44, 0x08,
    0x65, 0x08, 0x86, 0x10, 0x44, 0x08, 0x44, 0x08, 0x24, 0x08, 0x44, 0x08, 0x23, 0x08, 0x44, 0x08,
    0x23, 0x00, 0x23, 0x08, 0x23, 0x00, 0x23, 0x08, 0x23, 0x00, 0x23, 0x08, 0x23, 0x00, 0x44, 0x08,
    0x86, 0x10, 0x44, 0x08, 0x23, 0x00, 0x23, 0x08, 0x23, 0x00, 0x23, 0x00, 0x22, 0x00, 0x23, 0x00,
    0x22, 0x00, 0x64, 0x08, 0x02, 0x00, 0x01, 0x00, 0x01, 0x00, 0x01, 0x00, 0x02, 0x00, 0x02, 0x00,
    0x02, 0x00, 0x02, 0x00, 0x02, 0x00, 0x02, 0x00, 0x23, 0x00, 0x64, 0x08, 0x02, 0x00, 0x02, 0x00,
    0x02, 0x00, 0x02, 0x00, 0x02, 0x00, 0x02, 0x00, 0x02, 0x00, 0x02, 0x00, 0x02, 0x00, 0x02, 0x00,
    0x43, 0x08, 0x65, 0x08, 0x02, 0x00, 0x02, 0x00, 0x02, 0x00, 0x02, 0x00, 0x02, 0x00, 0x02, 0x00,
    0x02, 0x00, 0x02, 0x00, 0x02, 0x00, 0x02, 0x00, 0x23, 0x00, 0x65, 0x08, 0x22, 0x00, 0x02, 0x00,
    0x02, 0x00, 0x02, 0x00, 0x22, 0x00, 0x02, 0x00, 0x02, 0x00, 0x02, 0x00, 0x22, 0x00, 0x02, 0x00,
    0x02, 0x00, 0x65, 0x08, 0x23, 0x08, 0x02, 0x00, 0x22, 0x00, 0x02, 0x00, 0x22, 0x00, 0x02, 0x00,
    0x22, 0x00, 0x02, 0x00, 0x22, 0x00, 0x02, 0x00, 0x22, 0x00, 0x44, 0x08, 0x64, 0x08, 0x22, 0x00,
    0x22, 0x00, 0x02, 0x00, 0x22, 0x00, 0x22, 0x00, 0x22, 0x00, 0x02, 0x00, 0x22, 0x00, 0x22, 0x00,
    0x22, 0x00, 0x02, 0x00, 0x65, 0x08, 0x23, 0x08, 0x22, 0x00, 0x22, 0x00, 0x22, 0x00, 0x22, 0x00,
    0x22, 0x00, 0x22, 0x00, 0x22, 0x00, 0x22, 0x00, 0x22, 0x00, 0x22, 0x00, 0x23, 0x08, 0x65, 0x08,
    0x22, 0x00, 0x22, 0x00, 0x22, 0x00, 0x22, 0x00, 0x22, 0x00, 0x22, 0x00, 0x22, 0x00, 0x22, 0x00,
    0x22, 0x00, 0x22, 0x00, 0x22, 0x00, 0x44, 0x08, 0x65, 0x08, 0x22, 0x00, 0x22, 0x00, 0x22, 0x00,
    0x22, 0x00, 0x22, 0x00, 0x22, 0x00, 0x22, 0x00, 0x22, 0x00, 0x22, 0x00, 0x22, 0x00, 0x22, 0x00,
    0x44, 0x08, 0x65, 0x08, 0x22, 0x00, 0x22, 0x00, 0x22, 0x00, 0x22, 0x00, 0x22, 0x00, 0x22, 0x00,
    0x22, 0x00, 0x22, 0x00, 0x22, 0x00, 0x22, 0x00, 0x22, 0x00, 0x23, 0x08, 0x86, 0x10, 0x23, 0x00,
    0x22, 0x00, 0x22, 0x00, 0x22, 0x00, 0x22, 0x00, 0x22, 0x00, 0x22, 0x00, 0x22, 0x00, 0x22, 0x00,
    0x22, 0x00, 0x22, 0x00, 0x23, 0x00, 0x65, 0x08, 0x44, 0x08, 0x23, 0x00, 0x23, 0x08, 0x23, 0x08,
    0x23, 0x08, 0x23, 0x08, 0x44, 0x08, 0x44, 0x08, 0x44, 0x08, 0x44, 0x08, 0x44, 0x08, 0x44, 0x08,
    0x86, 0x10, 0x87, 0x10, 0x65, 0x08, 0x65, 0x08, 0x65, 0x08, 0x65, 0x08, 0x65, 0x08, 0x65, 0x08,
    0x66, 0x10, 0x66, 0x08, 0x86, 0x10, 0x86, 0x10, 0x86, 0x10, 0x86, 0x08, 0xa8, 0x10, 0xa7, 0x10,
    0x86, 0x10, 0x66, 0x08, 0x86, 0x10, 0x66, 0x08, 0x65, 0x08, 0x65, 0x08, 0x65, 0x08, 0x65, 0x08,
    0x65, 0x08, 0x65, 0x08, 0x65, 0x08, 0x65, 0x08, 0xa8, 0x10, 0x66, 0x08, 0x65, 0x08, 0x65, 0x08,
    0x44, 0x08, 0x44, 0x08, 0x44, 0x08, 0x44, 0x08, 0x44, 0x08, 0x44, 0x08, 0x44, 0x08, 0x44, 0x08,
    0x44, 0x08, 0x45, 0x08, 0x87, 0x10, 0x65, 0x08, 0x44, 0x08, 0x44, 0x08, 0x44, 0x08, 0x44, 0x08,
    0x44, 0x08, 0x44, 0x08, 0x44, 0x08, 0x44, 0x08, 0x44, 0x08, 0x44, 0x08, 0x45, 0x08, 0x45, 0x08,
    0xa7, 0x10, 0x66, 0x10, 0x45, 0x08, 0x45, 0x08, 0x45, 0x08, 0x45, 0x08, 0x65, 0x08, 0x45, 0x08,
    0x65, 0x08, 0x45, 0x08, 0x65, 0x08, 0x45, 0x08, 0x65, 0x08, 0x45, 0x08, 0x87, 0x10, 0x87, 0x10,
    0x65, 0x08, 0x45, 0x08, 0x65, 0x08, 0x65, 0x08, 0x65, 0x08, 0x65, 0x08, 0x65, 0x08, 0x65, 0x08,
    0x65, 0x08, 0x65, 0x08, 0x65, 0x08, 0x65, 0x08, 0x66, 0x10, 0xa8, 0x10, 0x86, 0x10, 0x65, 0x08,
    0x65, 0x08, 0x65, 0x08, 0x65, 0x08, 0x65, 0x08, 0x65, 0x08, 0x65, 0x08, 0x65, 0x08, 0x65, 0x08,
    0x65, 0x08, 0x65, 0x08, 0x65, 0x08, 0x87, 0x10, 0xa8, 0x10, 0x66, 0x08, 0x65, 0x08, 0x65, 0x08,
    0x65, 0x08, 0x65, 0x08, 0x65, 0x08, 0x65, 0x08, 0x65, 0x08, 0x65, 0x08, 0x65, 0x08, 0x65, 0x08,
    0x65, 0x08, 0x65, 0x08, 0x87, 0x10, 0xa7, 0x10, 0x65, 0x08, 0x65, 0x08, 0x65, 0x08, 0x65, 0x08,
    0x65, 0x08, 0x45, 0x08, 0x65, 0x08, 0x45, 0x08, 0x45, 0x08, 0x45, 0x08, 0x45, 0x08, 0x45, 0x08,
    0x44, 0x08, 0x86, 0x10, 0xa7, 0x10, 0x45, 0x08, 0x44, 0x08, 0x44, 0x08, 0x44, 0x08, 0x44, 0x08,
    0x44, 0x08, 0x44, 0x08, 0x44, 0x08, 0x44, 0x08, 0x44, 0x08, 0x44, 0x08, 0x44, 0x08, 0x44, 0x08,
    0x65, 0x08, 0x87, 0x10, 0x44, 0x08, 0x44, 0x08, 0x44, 0x08, 0x23, 0x08, 0x43, 0x08, 0x23, 0x08,
    0x23, 0x08, 0x23, 0x00, 0x23, 0x08, 0x23, 0x08, 0x23, 0x08, 0x23, 0x00, 0x23, 0x08, 0x23, 0x08,
    0x85, 0x08, 0x64, 0x08, 0x23, 0x00, 0x23, 0x00, 0x23, 0x00, 0x23, 0x00, 0x23, 0x00, 0x22, 0x00,
    0x23, 0x00, 0x44, 0x08, 0x01, 0x00, 0x01, 0x00, 0x01, 0x00, 0x02, 0x00, 0x01, 0x00, 0x02, 0x00,
    0x01, 0x00, 0x02, 0x00, 0x01, 0x00, 0x02, 0x00, 0x43, 0x08, 0x44, 0x08, 0x01, 0x00, 0x02, 0x00,
    0x01, 0x00, 0x02, 0x00, 0x01, 0x00, 0x02, 0x00, 0x01, 0x00, 0x02, 0x00, 0x02, 0x00, 0x22, 0x00,
    0x43, 0x08, 0x64, 0x08, 0x02, 0x00, 0x22, 0x00, 0x02, 0x00, 0x22, 0x00, 0x02, 0x00, 0x22, 0x00,
    0x02, 0x00, 0x22, 0x00, 0x02, 0x00, 0x22, 0x00, 0x43, 0x08, 0x65, 0x08, 0x02, 0x00, 0x22, 0x00,
    0x02, 0x00, 0x22, 0x00, 0x02, 0x00, 0x22, 0x00, 0x02, 0x00, 0x22, 0x00, 0x02, 0x00, 0x22, 0x00,
    0x22, 0x00, 0x85, 0x08, 0x22, 0x00, 0x22, 0x00, 0x02, 0x00, 0x22, 0x00, 0x02, 0x00, 0x22, 0x00,
    0x02, 0x00, 0x22, 0x00, 0x02, 0x00, 0x22, 0x00, 0x02, 0x00, 0x44, 0x08, 0x44, 0x08, 0x22, 0x00,
    0x02, 0x00, 0x22, 0x00, 0x02, 0x00, 0x22, 0x00, 0x02, 0x00, 0x22, 0x00, 0x02, 0x00, 0x22, 0x00,
    0x02, 0x00, 0x22, 0x00, 0x65, 0x08, 0x23, 0x08, 0x02, 0x00, 0x22, 0x00, 0x02, 0x00, 0x22, 0x00,
    0x02, 0x00, 0x22, 0x00, 0x02, 0x00, 0x22, 0x00, 0x22, 0x00, 0x22, 0x00, 0x23, 0x08, 0x65, 0x08,
    0x22, 0x00, 0x22, 0x00, 0x02, 0x00, 0x22, 0x00, 0x22, 0x00, 0x22, 0x00, 0x22, 0x00, 0x22, 0x00,
    0x22, 0x00, 0x22, 0x00, 0x22, 0x00, 0x44, 0x08, 0x65, 0x08, 0x22, 0x00, 0x22, 0x00, 0x22, 0x00,
    0x22, 0x00, 0x22, 0x00, 0x22, 0x00, 0x22, 0x00, 0x22, 0x00, 0x22, 0x00, 0x22, 0x00, 0x22, 0x00,
    0x44, 0x08, 0x65, 0x08, 0x22, 0x00, 0x22, 0x00, 0x22, 0x00, 0x22, 0x00, 0x23, 0x00, 0x23, 0x08,
    0x23, 0x00, 0x43, 0x08, 0x23, 0x08, 0x43, 0x08, 0x43, 0x08, 0x64, 0x08, 0x87, 0x10, 0x44, 0x08,
    0x44, 0x08, 0x44, 0x08, 0x44, 0x08, 0x64, 0x08, 0x45, 0x08, 0x65, 0x08, 0x65, 0x08, 0x65, 0x08,
    0x65, 0x08, 0x65, 0x08, 0x65, 0x08, 0xa8, 0x10, 0x87, 0x10, 0x86, 0x10, 0x86, 0x08, 0x86, 0x10,
    0x86, 0x08, 0x86, 0x10, 0x65, 0x08, 0x65, 0x08, 0x65, 0x08, 0x65, 0x08, 0x65, 0x08, 0x65, 0x08,
    0x86, 0x08, 0xa7, 0x10, 0x44, 0x08, 0x44, 0x08, 0x44, 0x08, 0x44, 0x08, 0x44, 0x08, 0x44, 0x08,
    0x44, 0x08, 0x44, 0x08, 0x23, 0x08, 0x43, 0x08, 0x23, 0x00, 0x43, 0x08, 0x65, 0x08, 0x64, 0x08,
    0x23, 0x00, 0x23, 0x00, 0x23, 0x00, 0x23, 0x00, 0x23, 0x00, 0x23, 0x08, 0x23, 0x00, 0x23, 0x08,
    0x23, 0x00, 0x23, 0x08, 0x23, 0x00, 0x44, 0x08, 0x86, 0x10, 0x65, 0x08, 0x23, 0x00, 0x43, 0x08,
    0x23, 0x08, 0x43, 0x08, 0x23, 0x08, 0x43, 0x08, 0x23, 0x08, 0x44, 0x08, 0x24, 0x08, 0x44, 0x08,
    0x24, 0x08, 0x44, 0x08, 0x87, 0x10, 0x65, 0x08, 0x44, 0x08, 0x44, 0x08, 0x44, 0x08, 0x44, 0x08,
    0x44, 0x08, 0x44, 0x08, 0x44, 0x08, 0x44, 0x08, 0x44, 0x08, 0x44, 0x08, 0x44, 0x08, 0x44, 0x08,
    0x87, 0x10, 0x86, 0x10, 0x44, 0x08, 0x44, 0x08, 0x44, 0x08, 0x44, 0x08, 0x44, 0x08, 0x65, 0x08,
    0x44, 0x08, 0x65, 0x08, 0x44, 0x08, 0x65, 0x08, 0x45, 0x08, 0x65, 0x08, 0x86, 0x10, 0xa7, 0x10,
    0x45, 0x08, 0x65, 0x08, 0x45, 0x08, 0x65, 0x08, 0x45, 0x08, 0x65, 0x08, 0x45, 0x08, 0x65, 0x08,
    0x45, 0x08, 0x65, 0x08, 0x45, 0x08, 0x65, 0x08, 0x65, 0x08, 0xa8, 0x10, 0x86, 0x10, 0x65, 0x08,
    0x45, 0x08, 0x65, 0x08, 0x45, 0x08, 0x65, 0x08, 0x45, 0x08, 0x65, 0x08, 0x45, 0x08, 0x65, 0x08,
    0x45, 0x08, 0x65, 0x08, 0x45, 0x08, 0x86, 0x10, 0xa8, 0x10, 0x65, 0x10, 0x45, 0x08, 0x65, 0x08,
    0x45, 0x08, 0x65, 0x08, 0x45, 0x08, 0x65, 0x08, 0x45, 0x08, 0x65, 0x08, 0x45, 0x08, 0x65, 0x08,
    0x45, 0x08, 0x65, 0x08, 0x86, 0x10, 0xa7, 0x10, 0x45, 0x08, 0x65, 0x08, 0x44, 0x08, 0x65, 0x08,
    0x44, 0x08, 0x65, 0x08, 0x44, 0x08, 0x44, 0x08, 0x44, 0x08, 0x44, 0x08, 0x44, 0x08, 0x44, 0x08,
    0x44, 0x08, 0x86, 0x10, 0x87, 0x10, 0x65, 0x08, 0x44, 0x08, 0x44, 0x08, 0x44, 0x08, 0x44, 0x08,
    0x44, 0x08, 0x44, 0x08, 0x44, 0x08, 0x44, 0x08, 0x44, 0x08, 0x44, 0x08, 0x44, 0x08, 0x44, 0x08,
    0x44, 0x08, 0xa7, 0x10, 0x44, 0x08, 0x43, 0x08, 0x23, 0x00, 0x43, 0x08, 0x23, 0x00, 0x23, 0x08,
    0x23, 0x00, 0x23, 0x08, 0x23, 0x00, 0x23, 0x08, 0x23, 0x00, 0x23, 0x08, 0x22, 0x00, 0x23, 0x08,
    0x65, 0x08, 0x65, 0x08, 0x22, 0x00, 0x23, 0x00, 0x22, 0x00, 0x23, 0x00, 0x22, 0x00, 0x22, 0x00,
    0x43, 0x08, 0x43, 0x08, 0x01, 0x00, 0x01, 0x00, 0x01, 0x00, 0x02, 0x00, 0x02, 0x00, 0x02, 0x00,
    0x02, 0x00, 0x02, 0x00, 0x02, 0x00, 0x02, 0x00, 0x44, 0x08, 0x43, 0x08, 0x02, 0x00, 0x02, 0x00,
    0x02, 0x00, 0x02, 0x00, 0x02, 0x00, 0x02, 0x00, 0x02, 0x00, 0x02, 0x00, 0x02, 0x00, 0x02, 0x00,
    0x44, 0x08, 0x44, 0x08, 0x02, 0x00, 0x02, 0x00, 0x02, 0x00, 0x02, 0x00, 0x02, 0x00, 0x02, 0x00,
    0x02, 0x00, 0x02, 0x00, 0x02, 0x00, 0x02, 0x00, 0x44, 0x08, 0x44, 0x08, 0x02, 0x00, 0x02, 0x00,
    0x02, 0x00, 0x02, 0x00, 0x02, 0x00, 0x02, 0x00, 0x22, 0x00, 0x02, 0x00, 0x22, 0x00, 0x02, 0x00,
    0x23, 0x00, 0x65, 0x08, 0x22, 0x00, 0x02, 0x00, 0x22, 0x00, 0x02, 0x00, 0x22, 0x00, 0x02, 0x00,
    0x22, 0x00, 0x02, 0x00, 0x22, 0x00, 0x02, 0x00, 0x22, 0x00, 0x64, 0x08, 0x44, 0x08, 0x02, 0x00,
    0x22, 0x00, 0x22, 0x00, 0x22, 0x00, 0x02, 0x00, 0x22, 0x00, 0x22, 0x00, 0x22, 0x00, 0x22, 0x00,
    0x22, 0x00, 0x23, 0x00, 0x86, 0x08, 0x23, 0x00, 0x22, 0x00, 0x22, 0x00, 0x22, 0x00, 0x22, 0x00,
    0x22, 0x00, 0x22, 0x00, 0x22, 0x00, 0x22, 0x00, 0x22, 0x00, 0x22, 0x00, 0x44, 0x08, 0x65, 0x08,
    0x22, 0x00, 0x22, 0x00, 0x22, 0x00, 0x22, 0x00, 0x22, 0x00, 0x22, 0x00, 0x22, 0x00, 0x22, 0x00,
    0x23, 0x00, 0x23, 0x00, 0x23, 0x00, 0x65, 0x08, 0x65, 0x08, 0x43, 0x08, 0x43, 0x08, 0x44, 0x08,
    0x44, 0x08, 0x44, 0x08, 0x44, 0x08, 0x44, 0x08, 0x44, 0x08, 0x44, 0x08, 0x65, 0x08, 0x65, 0x08,
    0x86, 0x10, 0xa7, 0x10, 0x65, 0x08, 0x65, 0x08, 0x66, 0x08, 0x65, 0x08, 0x86, 0x08, 0x86, 0x08,
    0x86, 0x08, 0x86, 0x08, 0x66, 0x08, 0x66, 0x08, 0x65, 0x08, 0x86, 0x10, 0xa8, 0x10, 0x65, 0x08,
    0x65, 0x08, 0x65, 0x08, 0x45, 0x08, 0x44, 0x08, 0x64, 0x08, 0x44, 0x08, 0x44, 0x08, 0x44, 0x08,
    0x44, 0x08, 0x44, 0x08, 0x44, 0x08, 0x86, 0x10, 0x64, 0x08, 0x23, 0x00, 0x23, 0x08, 0x23, 0x00,
    0x23, 0x00, 0x23, 0x00, 0x23, 0x00, 0x23, 0x00, 0x23, 0x00, 0x23, 0x00, 0x23, 0x00, 0x23, 0x00,
    0x44, 0x08, 0x65, 0x08, 0x23, 0x00, 0x23, 0x00, 0x23, 0x00, 0x23, 0x00, 0x23, 0x00, 0x23, 0x00,
    0x23, 0x00, 0x23, 0x00, 0x23, 0x00, 0x23, 0x00, 0x23, 0x00, 0x23, 0x00, 0x65, 0x08, 0x45, 0x08,
    0x23, 0x00, 0x23, 0x00, 0x23, 0x00, 0x23, 0x00, 0x23, 0x00, 0x23, 0x00, 0x23, 0x00, 0x23, 0x00,
    0x23, 0x08, 0x23, 0x08, 0x23, 0x08, 0x44, 0x08, 0x86, 0x10, 0x65, 0x08, 0x23, 0x08, 0x23, 0x08,
    0x44, 0x08, 0x24, 0x08, 0x44, 0x08, 0x44, 0x08, 0x44, 0x08, 0x44, 0x08, 0x44, 0x08, 0x44, 0x08,
    0x44, 0x08, 0x44, 0x08, 0x87, 0x10, 0x65, 0x08, 0x44, 0x08, 0x44, 0x08, 0x44, 0x08, 0x44, 0x08,
    0x44, 0x08, 0x44, 0x08, 0x44, 0x08, 0x44, 0x08, 0x44, 0x08, 0x44, 0x08, 0x44, 0x08, 0x44, 0x08,
    0x87, 0x10, 0x86, 0x10, 0x44, 0x08, 0x44, 0x08, 0x45, 0x08, 0x44, 0x08, 0x45, 0x08, 0x45, 0x08,
    0x45, 0x08, 0x45, 0x08, 0x45, 0x08, 0x45, 0x08, 0x65, 0x08, 0x45, 0x08, 0x86, 0x10, 0xa7, 0x10,
    0x65, 0x08, 0x45, 0x08, 0x65, 0x08, 0x45, 0x08, 0x65, 0x08, 0x45, 0x08, 0x65, 0x08, 0x45, 0x08,
    0x65, 0x08, 0x45, 0x08, 0x65, 0x08, 0x45, 0x08, 0x65, 0x08, 0xa8, 0x10, 0x86, 0x10, 0x65, 0x08,
    0x65, 0x08, 0x65, 0x08, 0x65, 0x08, 0x65, 0x08, 0x65, 0x08, 0x65, 0x08, 0x65, 0x08, 0x65, 0x08,
    0x65, 0x08, 0x65, 0x08, 0x65, 0x08, 0x86, 0x10, 0xa8, 0x10, 0x66, 0x10, 0x65, 0x08, 0x65, 0x08,
    0x65, 0x08, 0x65, 0x08, 0x65, 0x08, 0x65, 0x08, 0x65, 0x08, 0x65, 0x08, 0x65, 0x08, 0x45, 0x08,
    0x65, 0x08, 0x45, 0x08, 0x86, 0x10, 0xa8, 0x10, 0x65, 0x08, 0x45, 0x08, 0x45, 0x08, 0x45, 0x08,
    0x45, 0x08, 0x45, 0x08, 0x45, 0x08, 0x44, 0x08, 0x44, 0x08, 0x44, 0x08, 0x44, 0x08, 0x44, 0x08,
    0x44, 0x08, 0x65, 0x10, 0xa7, 0x10, 0x65, 0x08, 0x44, 0x08, 0x44, 0x08, 0x44, 0x08, 0x44, 0x08,
    0x44, 0x08, 0x44, 0x08, 0x44, 0x08, 0x44, 0x08, 0x44, 0x08, 0x44, 0x08, 0x44, 0x08, 0x44, 0x08,
    0x64, 0x08, 0x87, 0x10, 0x65, 0x08, 0x23, 0x08, 0x23, 0x08, 0x23, 0x08, 0x23, 0x08, 0x23, 0x08,
    0x23, 0x08, 0x23, 0x08, 0x23, 0x08, 0x23, 0x00, 0x23, 0x08, 0x23, 0x00, 0x23, 0x08, 0x23, 0x00,
    0x65, 0x08, 0x65, 0x08, 0x23, 0x08, 0x22, 0x00, 0x23, 0x00, 0x22, 0x00, 0x22, 0x00, 0x22, 0x00,
    0x44, 0x08, 0x23, 0x08, 0x01, 0x00, 0x02, 0x00, 0x01, 0x00, 0x02, 0x00, 0x02, 0x00, 0x02, 0x00,
    0x01, 0x00, 0x02, 0x00, 0x02, 0x00, 0x02, 0x00, 0x64, 0x08, 0x23, 0x00, 0x02, 0x00, 0x02, 0x00,
    0x02, 0x00, 0x02, 0x00, 0x02, 0x00, 0x02, 0x00, 0x02, 0x00, 0x02, 0x00, 0x02, 0x00, 0x22, 0x00,
    0x64, 0x08, 0x43, 0x08, 0x02, 0x00, 0x22, 0x00, 0x02, 0x00, 0x02, 0x00, 0x02, 0x00, 0x22, 0x00,
    0x02, 0x00, 0x22, 0x00, 0x02, 0x00, 0x22, 0x00, 0x44, 0x08, 0x44, 0x08, 0x02, 0x00, 0x22, 0x00,
    0x02, 0x00, 0x22, 0x00, 0x02, 0x00, 0x22, 0x00, 0x02, 0x00, 0x22, 0x00, 0x02, 0x00, 0x22, 0x00,
    0x23, 0x00, 0x65, 0x08, 0x02, 0x00, 0x22, 0x00, 0x02, 0x00, 0x22, 0x00, 0x02, 0x00, 0x22, 0x00,
    0x02, 0x00, 0x22, 0x00, 0x02, 0x00, 0x22, 0x00, 0x02, 0x00, 0x65, 0x08, 0x43, 0x08, 0x22, 0x00,
    0x02, 0x00, 0x22, 0x00, 0x02, 0x00, 0x22, 0x00, 0x02, 0x00, 0x22, 0x00, 0x02, 0x00, 0x22, 0x00,
    0x02, 0x00, 0x23, 0x08, 0x66, 0x08, 0x23, 0x00, 0x23, 0x00, 0x23, 0x08, 0x23, 0x00, 0x43, 0x08,
    0x23, 0x00, 0x44, 0x08, 0x43, 0x08, 0x44, 0x08, 0x44, 0x08, 0x44, 0x08, 0x86, 0x08, 0x86, 0x10,
    0x44, 0x08, 0x65, 0x08, 0x65, 0x08, 0x65, 0x08, 0x65, 0x08, 0x65, 0x08, 0x65, 0x08, 0x66, 0x08,
    0x86, 0x08, 0x86, 0x10, 0x86, 0x08, 0xa7, 0x10, 0xa7, 0x10, 0x65, 0x08, 0x65, 0x08, 0x65, 0x08,
    0x65, 0x08, 0x65, 0x08, 0x65, 0x08, 0x65, 0x08, 0x44, 0x08, 0x44, 0x08, 0x44, 0x08, 0x44, 0x08,
    0x65, 0x08, 0x86, 0x08, 0x44, 0x08, 0x44, 0x08, 0x43, 0x08, 0x23, 0x08, 0x23, 0x08, 0x43, 0x08,
    0x23, 0x00, 0x23, 0x00, 0x23, 0x00, 0x22, 0x00, 0x22, 0x00, 0x44, 0x08, 0x65, 0x08, 0x22, 0x00,
    0x22, 0x00, 0x22, 0x00, 0x22, 0x00, 0x23, 0x00, 0x22, 0x00, 0x22, 0x00, 0x22, 0x00, 0x23, 0x00,
    0x22, 0x00, 0x23, 0x00, 0x23, 0x00, 0x86, 0x10, 0x44, 0x08, 0x23, 0x00, 0x22, 0x00, 0x23, 0x00,
    0x22, 0x00, 0x23, 0x00, 0x23, 0x00, 0x23, 0x00, 0x22, 0x00, 0x23, 0x00, 0x23, 0x00, 0x23, 0x00,
    0x44, 0x08, 0x65, 0x08, 0x23, 0x00, 0x23, 0x00, 0x23, 0x00, 0x23, 0x00, 0x23, 0x00, 0x23, 0x00,
    0x23, 0x00, 0x23, 0x00, 0x23, 0x00, 0x23, 0x00, 0x23, 0x00, 0x23, 0x00, 0x65, 0x08, 0x65, 0x08,
    0x23, 0x00, 0x23, 0x00, 0x23, 0x00, 0x23, 0x00, 0x23, 0x00, 0x23, 0x00, 0x23, 0x00, 0x23, 0x08,
    0x23, 0x00, 0x23, 0x08, 0x23, 0x00, 0x44, 0x08, 0x66, 0x10, 0x65, 0x08, 0x23, 0x08, 0x44, 0x08,
    0x23, 0x00, 0x44, 0x08, 0x24, 0x08, 0x44, 0x08, 0x24, 0x08, 0x44, 0x08, 0x44, 0x08, 0x44, 0x08,
    0x24, 0x08, 0x44, 0x08, 0x87, 0x10, 0x65, 0x10, 0x24, 0x08, 0x44, 0x08, 0x44, 0x08, 0x44, 0x08,
    0x44, 0x08, 0x44, 0x08, 0x44, 0x08, 0x44, 0x08, 0x44, 0x08, 0x44, 0x08, 0x44, 0x08, 0x44, 0x08,
    0x86, 0x10, 0x86, 0x10, 0x44, 0x08, 0x45, 0x08, 0x44, 0x08, 0x45, 0x08, 0x44, 0x08, 0x45, 0x08,
    0x44, 0x08, 0x45, 0x08, 0x45, 0x08, 0x65, 0x08, 0x45, 0x08, 0x65, 0x08, 0x66, 0x10, 0xa7, 0x10,
    0x45, 0x08, 0x65, 0x08, 0x45, 0x08, 0x65, 0x08, 0x45, 0x08, 0x65, 0x08, 0x45, 0x08, 0x65, 0x08,
    0x45, 0x08, 0x65, 0x08, 0x45, 0x08, 0x65, 0x08, 0x45, 0x08, 0xa7, 0x10, 0x86, 0x10, 0x65, 0x08,
    0x45, 0x08, 0x65, 0x08, 0x45, 0x08, 0x65, 0x08, 0x45, 0x08, 0x65, 0x08, 0x45, 0x08, 0x65, 0x08,
    0x45, 0x08, 0x65, 0x08, 0x45, 0x08, 0x86, 0x10, 0xa8, 0x10, 0x86, 0x10, 0x45, 0x08, 0x65, 0x08,
    0x45, 0x08, 0x65, 0x08, 0x45, 0x08, 0x65, 0x08, 0x45, 0x08, 0x65, 0x08, 0x45, 0x08, 0x65, 0x08,
    0x45, 0x08, 0x65, 0x08, 0x66, 0x10, 0xa8, 0x10, 0x65, 0x08, 0x45, 0x08, 0x44, 0x08, 0x45, 0x08,
    0x44, 0x08, 0x45, 0x08, 0x44, 0x08, 0x45, 0x08, 0x44, 0x08, 0x44, 0x08, 0x44, 0x08, 0x44, 0x08,
    0x44, 0x08, 0x65, 0x08, 0xa7, 0x10, 0x65, 0x10, 0x44, 0x08, 0x44, 0x08, 0x44, 0x08, 0x44, 0x08,
    0x44, 0x08, 0x44, 0x08, 0x44, 0x08, 0x44, 0x08, 0x44, 0x08, 0x44, 0x08, 0x44, 0x08, 0x44, 0x08,
    0x44, 0x08, 0x86, 0x10, 0x65, 0x08, 0x44, 0x08, 0x23, 0x00, 0x23, 0x08, 0x23, 0x00, 0x23, 0x08,
    0x23, 0x00, 0x23, 0x08, 0x23, 0x00, 0x23, 0x08, 0x23, 0x00, 0x23, 0x08, 0x23, 0x00, 0x23, 0x08,
    0x44, 0x08, 0x86, 0x08, 0x23, 0x00, 0x23, 0x00, 0x22, 0x00, 0x23, 0x00, 0x22, 0x00, 0x23, 0x00,
    0x64, 0x08, 0x22, 0x00, 0x01, 0x00, 0x01, 0x00, 0x01, 0x00, 0x01, 0x00, 0x01, 0x00, 0x01, 0x00,
    0x01, 0x00, 0x01, 0x00, 0x01, 0x00, 0x01, 0x00, 0x65, 0x08, 0x22, 0x00, 0x01, 0x00, 0x01, 0x00,
    0x01, 0x00, 0x01, 0x00, 0x02, 0x00, 0x01, 0x00, 0x02, 0x00, 0x02, 0x00, 0x02, 0x00, 0x02, 0x00,
    0x65, 0x08, 0x23, 0x00, 0x02, 0x00, 0x02, 0x00, 0x02, 0x00, 0x02, 0x00, 0x02, 0x00, 0x02, 0x00,
    0x02, 0x00, 0x02, 0x00, 0x22, 0x00, 0x02, 0x00, 0x64, 0x08, 0x43, 0x08, 0x22, 0x00, 0x02, 0x00,
    0x02, 0x00, 0x02, 0x00, 0x22, 0x00, 0x02, 0x00, 0x02, 0x00, 0x02, 0x00, 0x22, 0x00, 0x02, 0x00,
    0x43, 0x08, 0x64, 0x08, 0x22, 0x00, 0x02, 0x00, 0x22, 0x00, 0x22, 0x00, 0x22, 0x00, 0x23, 0x00,
    0x23, 0x08, 0x23, 0x00, 0x43, 0x08, 0x43, 0x08, 0x43, 0x08, 0x86, 0x10, 0x65, 0x08, 0x44, 0x08,
    0x44, 0x08, 0x44, 0x08, 0x64, 0x08, 0x64, 0x08, 0x65, 0x08, 0x65, 0x08, 0x65, 0x08, 0x65, 0x08,
    0x65, 0x08, 0x86, 0x10, 0xa8, 0x10, 0x86, 0x08, 0x85, 0x08, 0x85, 0x08, 0x65, 0x08, 0x65, 0x08,
    0x65, 0x08, 0x65, 0x08, 0x65, 0x08, 0x65, 0x08, 0x64, 0x08, 0x44, 0x08, 0x86, 0x10, 0x86, 0x10,
    0x44, 0x08, 0x44, 0x08, 0x44, 0x08, 0x43, 0x08, 0x43, 0x08, 0x43, 0x08, 0x23, 0x08, 0x23, 0x08,
    0x23, 0x00, 0x23, 0x00, 0x23, 0x00, 0x65, 0x08, 0x44, 0x08, 0x22, 0x00, 0x22, 0x00, 0x22, 0x00,
    0x22, 0x00, 0x22, 0x00, 0x22, 0x00, 0x22, 0x00, 0x22, 0x00, 0x22, 0x00, 0x22, 0x00, 0x22, 0x00,
    0x44, 0x08, 0x64, 0x08, 0x22, 0x00, 0x22, 0x00, 0x22, 0x00, 0x22, 0x00, 0x22, 0x00, 0x22, 0x00,
    0x22, 0x00, 0x22, 0x00, 0x22, 0x00, 0x22, 0x00, 0x22, 0x00, 0x44, 0x08, 0x65, 0x08, 0x22, 0x00,
    0x22, 0x00, 0x22, 0x00, 0x22, 0x00, 0x22, 0x00, 0x22, 0x00, 0x22, 0x00, 0x22, 0x00, 0x22, 0x00,
    0x22, 0x00, 0x22, 0x00, 0x23, 0x00, 0x86, 0x08, 0x44, 0x08, 0x22, 0x00, 0x22, 0x00, 0x22, 0x00,
    0x22, 0x00, 0x22, 0x00, 0x22, 0x00, 0x22, 0x00, 0x22, 0x00, 0x22, 0x00, 0x22, 0x00, 0x22, 0x00,
    0x44, 0x08, 0x65, 0x08, 0x22, 0x00, 0x22, 0x00, 0x22, 0x00, 0x22, 0x00, 0x23, 0x00, 0x22, 0x00,
    0x23, 0x00, 0x22, 0x00, 0x23, 0x00, 0x23, 0x00, 0x23, 0x00, 0x22, 0x00, 0x65, 0x08, 0x44, 0x08,
    0x23, 0x00, 0x23, 0x00, 0x23, 0x00, 0x23, 0x00, 0x23, 0x00, 0x23, 0x00, 0x23, 0x00, 0x23, 0x00,
    0x23, 0x00, 0x23, 0x00, 0x23, 0x08, 0x23, 0x08, 0x86, 0x10, 0x65, 0x08, 0x23, 0x08, 0x23, 0x08,
    0x23, 0x08, 0x23, 0x08, 0x43, 0x08, 0x43, 0x08, 0x43, 0x08, 0x43, 0x08, 0x43, 0x08, 0x43, 0x08,
    0x43, 0x08, 0x44, 0x08, 0x86, 0x10, 0x65, 0x08, 0x44, 0x08, 0x44, 0x08, 0x44, 0x08, 0x44, 0x08,
    0x44, 0x08, 0x44, 0x08, 0x44, 0x08, 0x44, 0x08, 0x44, 0x08, 0x44, 0x08, 0x44, 0x08, 0x44, 0x08,
    0x86, 0x10, 0x66, 0x08, 0x44, 0x08, 0x44, 0x08, 0x44, 0x08, 0x44, 0x08, 0x44, 0x08, 0x44, 0x08,
    0x44, 0x08, 0x44, 0x08, 0x44, 0x08, 0x44, 0x08, 0x44, 0x08, 0x44, 0x08, 0x86, 0x10, 0x87, 0x10,
    0x65, 0x08, 0x44, 0x08, 0x64, 0x08, 0x44, 0x08, 0x45, 0x08, 0x44, 0x08, 0x65, 0x08, 0x44, 0x08,
    0x45, 0x08, 0x44, 0x08, 0x65, 0x08, 0x45, 0x08, 0x45, 0x08, 0x87, 0x10, 0x86, 0x10, 0x45, 0x08,
    0x45, 0x08, 0x45, 0x08, 0x65, 0x08, 0x45, 0x08, 0x45, 0x08, 0x45, 0x08, 0x65, 0x08, 0x45, 0x08,
    0x45, 0x08, 0x44, 0x08, 0x65, 0x08, 0x65, 0x08, 0xa7, 0x10, 0x66, 0x10, 0x65, 0x08, 0x45, 0x08,
    0x45, 0x08, 0x44, 0x08, 0x45, 0x08, 0x44, 0x08, 0x44, 0x08, 0x44, 0x08, 0x44, 0x08, 0x44, 0x08,
    0x44, 0x08, 0x44, 0x08, 0x65, 0x08, 0xa7, 0x10, 0x65, 0x08, 0x44, 0x08, 0x44, 0x08, 0x44, 0x08,
    0x44, 0x08, 0x44, 0x08, 0x44, 0x08, 0x44, 0x08, 0x44, 0x08, 0x44, 0x08, 0x44, 0x08, 0x44, 0x08,
    0x44, 0x08, 0x64, 0x08, 0xa7, 0x10, 0x65, 0x08, 0x44, 0x08, 0x44, 0x08, 0x44, 0x08, 0x44, 0x08,
    0x44, 0x08, 0x44, 0x08, 0x44, 0x08, 0x44, 0x08, 0x44, 0x08, 0x43, 0x08, 0x44, 0x08, 0x43, 0x08,
    0x43, 0x08, 0x85, 0x08, 0x85, 0x10, 0x43, 0x08, 0x23, 0x00, 0x23, 0x00, 0x23, 0x08, 0x23, 0x00,
    0x23, 0x08, 0x23, 0x00, 0x23, 0x08, 0x23, 0x00, 0x23, 0x00, 0x23, 0x00, 0x23, 0x00, 0x22, 0x00,
    0x44, 0x08, 0x86, 0x08, 0x44, 0x08, 0x22, 0x00, 0x22, 0x00, 0x22, 0x00, 0x22, 0x00, 0x22, 0x00,
    0x65, 0x08, 0x22, 0x00, 0x01, 0x00, 0x02, 0x00, 0x01, 0x00, 0x02, 0x00, 0x01, 0x00, 0x02, 0x00,
    0x02, 0x00, 0x02, 0x00, 0x02, 0x00, 0x22, 0x00, 0x65, 0x08, 0x02, 0x00, 0x02, 0x00, 0x02, 0x00,
    0x02, 0x00, 0x02, 0x00, 0x02, 0x00, 0x02, 0x00, 0x02, 0x00, 0x22, 0x00, 0x02, 0x00, 0x22, 0x00,
    0x65, 0x08, 0x22, 0x00, 0x02, 0x00, 0x22, 0x00, 0x02, 0x00, 0x22, 0x00, 0x22, 0x00, 0x22, 0x00,
    0x22, 0x00, 0x23, 0x08, 0x23, 0x00, 0x43, 0x08, 0x86, 0x08, 0x64, 0x08, 0x43, 0x08, 0x44, 0x08,
    0x44, 0x08, 0x44, 0x08, 0x44, 0x08, 0x44, 0x08, 0x44, 0x08, 0x64, 0x08, 0x64, 0x08, 0x65, 0x08,
    0x86, 0x10, 0xa7, 0x10, 0x65, 0x08, 0x85, 0x08, 0x65, 0x08, 0x86, 0x10, 0x65, 0x08, 0x85, 0x08,
    0x65, 0x08, 0x65, 0x08, 0x65, 0x08, 0x65, 0x08, 0x65, 0x08, 0xa7, 0x10, 0x65, 0x08, 0x44, 0x08,
    0x44, 0x08, 0x44, 0x08, 0x44, 0x08, 0x44, 0x08, 0x44, 0x08, 0x43, 0x08, 0x23, 0x08, 0x43, 0x08,
    0x23, 0x00, 0x44, 0x08, 0x65, 0x08, 0x23, 0x00, 0x22, 0x00, 0x22, 0x00, 0x02, 0x00, 0x22, 0x00,
    0x02, 0x00, 0x22, 0x00, 0x02, 0x00, 0x22, 0x00, 0x02, 0x00, 0x22, 0x00, 0x44, 0x08, 0x44, 0x08,
    0x22, 0x00, 0x22, 0x00, 0x22, 0x00, 0x22, 0x00, 0x22, 0x00, 0x22, 0x00, 0x22, 0x00, 0x22, 0x00,
    0x22, 0x00, 0x22, 0x00, 0x22, 0x00, 0x65, 0x08, 0x44, 0x08, 0x22, 0x00, 0x22, 0x00, 0x22, 0x00,
    0x22, 0x00, 0x22, 0x00, 0x22, 0x00, 0x22, 0x00, 0x22, 0x00, 0x22, 0x00, 0x22, 0x00, 0x22, 0x00,
    0x44, 0x08, 0x65, 0x08, 0x22, 0x00, 0x22, 0x00, 0x22, 0x00, 0x22, 0x00, 0x22, 0x00, 0x22, 0x00,
    0x22, 0x00, 0x22, 0x00, 0x22, 0x00, 0x22, 0x00, 0x22, 0x00, 0x44, 0x08, 0x65, 0x08, 0x22, 0x00,
    0x22, 0x00, 0x22, 0x00, 0x22, 0x00, 0x23, 0x00, 0x22, 0x00, 0x23, 0x00, 0x22, 0x00, 0x23, 0x00,
    0x22, 0x00, 0x23, 0x00, 0x23, 0x00, 0x86, 0x10, 0x44, 0x08, 0x23, 0x00, 0x22, 0x00, 0x23, 0x00,
    0x22, 0x00, 0x23, 0x00, 0x22, 0x00, 0x23, 0x00, 0x23, 0x00, 0x23, 0x00, 0x23, 0x00, 0x23, 0x00,
    0x44, 0x08, 0x65, 0x08, 0x23, 0x00, 0x23, 0x00, 0x23, 0x00, 0x23, 0x00, 0x23, 0x00, 0x23, 0x00,
    0x23, 0x00, 0x23, 0x00, 0x23, 0x00, 0x23, 0x00, 0x23, 0x00, 0x23, 0x00, 0x65, 0x08, 0x64, 0x08,
    0x23, 0x00, 0x23, 0x00, 0x23, 0x00, 0x23, 0x00, 0x23, 0x00, 0x23, 0x00, 0x23, 0x00, 0x23, 0x00,
    0x23, 0x00, 0x23, 0x08, 0x23, 0x00, 0x23, 0x08, 0x66, 0x08, 0x65, 0x08, 0x23, 0x00, 0x23, 0x08,
    0x23, 0x08, 0x44, 0x08, 0x23, 0x00, 0x44, 0x08, 0x23, 0x00, 0x44, 0x08, 0x24, 0x08, 0x44, 0x08,
    0x24, 0x08, 0x44, 0x08, 0x86, 0x10, 0x66, 0x08, 0x24, 0x08, 0x44, 0x08, 0x24, 0x08, 0x44, 0x08,
    0x44, 0x08, 0x44, 0x08, 0x44, 0x08, 0x44, 0x08, 0x44, 0x08, 0x44, 0x08, 0x44, 0x08, 0x44, 0x08,
    0x66, 0x10, 0x86, 0x10, 0x44, 0x08, 0x44, 0x08, 0x44, 0x08, 0x44, 0x08, 0x44, 0x08, 0x44, 0x08,
    0x44, 0x08, 0x45, 0x08, 0x44, 0x08, 0x44, 0x08, 0x44, 0x08, 0x45, 0x08, 0x66, 0x08, 0xa8, 0x10,
    0x65, 0x08, 0x65, 0x08, 0x44, 0x08, 0x65, 0x08, 0x45, 0x08, 0x65, 0x08, 0x45, 0x08, 0x65, 0x08,
    0x45, 0x08, 0x65, 0x08, 0x45, 0x08, 0x65, 0x08, 0x45, 0x08, 0x87, 0x10, 0x87, 0x10, 0x65, 0x08,
    0x45, 0x08, 0x65, 0x08, 0x45, 0x08, 0x65, 0x08, 0x45, 0x08, 0x65, 0x08, 0x45, 0x08, 0x65, 0x08,
    0x45, 0x08, 0x65, 0x08, 0x45, 0x08, 0x65, 0x08, 0xa7, 0x10, 0x86, 0x10, 0x45, 0x08, 0x65, 0x08,
    0x45, 0x08, 0x65, 0x08, 0x45, 0x08, 0x65, 0x08, 0x45, 0x08, 0x65, 0x08, 0x45, 0x08, 0x45, 0x08,
    0x45, 0x08, 0x45, 0x08, 0x65, 0x08, 0xa7, 0x10, 0x66, 0x10, 0x45, 0x08, 0x44, 0x08, 0x44, 0x08,
    0x44, 0x08, 0x44, 0x08, 0x44, 0x08, 0x44, 0x08, 0x44, 0x08, 0x44, 0x08, 0x44, 0x08, 0x44, 0x08,
    0x44, 0x08, 0x45, 0x08, 0x87, 0x10, 0x86, 0x10, 0x44, 0x08, 0x44, 0x08, 0x44, 0x08, 0x44, 0x08,
    0x44, 0x08, 0x44, 0x08, 0x24, 0x08, 0x44, 0x08, 0x24, 0x08, 0x44, 0x08, 0x23, 0x08, 0x44, 0x08,
    0x23, 0x08, 0x65, 0x10, 0x86, 0x08, 0x44, 0x08, 0x23, 0x08, 0x23, 0x08, 0x23, 0x00, 0x23, 0x08,
    0x23, 0x00, 0x23, 0x08, 0x23, 0x00, 0x23, 0x08, 0x23, 0x00, 0x23, 0x00, 0x23, 0x00, 0x23, 0x00,
    0x23, 0x08, 0x86, 0x10, 0x44, 0x08, 0x23, 0x00, 0x02, 0x00, 0x23, 0x00, 0x02, 0x00, 0x22, 0x00,
    0x65, 0x08, 0x01, 0x00, 0x01, 0x00, 0x01, 0x00, 0x02, 0x00, 0x02, 0x00, 0x02, 0x00, 0x02, 0x00,
    0x02, 0x00, 0x22, 0x00, 0x22, 0x00, 0x43, 0x08, 0x65, 0x08, 0x23, 0x00, 0x23, 0x00, 0x23, 0x00,
    0x23, 0x08, 0x23, 0x08, 0x44, 0x08, 0x44, 0x08, 0x44, 0x08, 0x44, 0x08, 0x44, 0x08, 0x65, 0x08,
    0xa7, 0x10, 0x65, 0x08, 0x65, 0x08, 0x65, 0x08, 0x65, 0x08, 0x65, 0x08, 0x65, 0x08, 0x65, 0x08,
    0x65, 0x08, 0x65, 0x08, 0x65, 0x08, 0x65, 0x08, 0xa7, 0x10, 0x65, 0x08, 0x65, 0x08, 0x44, 0x08,
    0x64, 0x08, 0x44, 0x08, 0x44, 0x08, 0x44, 0x08, 0x44, 0x08, 0x44, 0x08, 0x43, 0x08, 0x43, 0x08,
    0x65, 0x08, 0x65, 0x08, 0x23, 0x08, 0x23, 0x00, 0x23, 0x00, 0x22, 0x00, 0x22, 0x00, 0x02, 0x00,
    0x22, 0x00, 0x02, 0x00, 0x22, 0x00, 0x02, 0x00, 0x23, 0x00, 0x66, 0x08, 0x23, 0x00, 0x02, 0x00,
    0x22, 0x00, 0x22, 0x00, 0x22, 0x00, 0x22, 0x00, 0x22, 0x00, 0x22, 0x00, 0x22, 0x00, 0x22, 0x00,
    0x22, 0x00, 0x44, 0x08, 0x64, 0x08, 0x22, 0x00, 0x22, 0x00, 0x22, 0x00, 0x22, 0x00, 0x22, 0x00,
    0x22, 0x00, 0x22, 0x00, 0x22, 0x00, 0x22, 0x00, 0x22, 0x00, 0x22, 0x00, 0x65, 0x08, 0x44, 0x08,
    0x22, 0x00, 0x22, 0x00, 0x22, 0x00, 0x22, 0x00, 0x22, 0x00, 0x22, 0x00, 0x22, 0x00, 0x22, 0x00,
    0x22, 0x00, 0x22, 0x00, 0x22, 0x00, 0x65, 0x08, 0x44, 0x08, 0x22, 0x00, 0x22, 0x00, 0x22, 0x00,
    0x22, 0x00, 0x22, 0x00, 0x22, 0x00, 0x22, 0x00, 0x22, 0x00, 0x22, 0x00, 0x22, 0x00, 0x22, 0x00,
    0x65, 0x08, 0x44, 0x08, 0x22, 0x00, 0x22, 0x00, 0x22, 0x00, 0x22, 0x00, 0x22, 0x00, 0x22, 0x00,
    0x22, 0x00, 0x22, 0x00, 0x22, 0x00, 0x22, 0x00, 0x22, 0x00, 0x44, 0x08, 0x65, 0x08, 0x22, 0x00,
    0x22, 0x00, 0x22, 0x00, 0x22, 0x00, 0x22, 0x00, 0x22, 0x00, 0x22, 0x00, 0x22, 0x00, 0x22, 0x00,
    0x23, 0x00, 0x22, 0x00, 0x23, 0x08, 0x86, 0x08, 0x44, 0x08, 0x23, 0x00, 0x23, 0x00, 0x23, 0x00,
    0x23, 0x00, 0x23, 0x00, 0x23, 0x00, 0x23, 0x00, 0x23, 0x00, 0x23, 0x00, 0x23, 0x00, 0x23, 0x00,
    0x44, 0x08, 0x65, 0x08, 0x23, 0x00, 0x23, 0x00, 0x23, 0x00, 0x23, 0x00, 0x23, 0x00, 0x23, 0x00,
    0x23, 0x00, 0x23, 0x00, 0x23, 0x00, 0x23, 0x00, 0x23, 0x00, 0x23, 0x00, 0x65, 0x08, 0x64, 0x08,
    0x23, 0x00, 0x23, 0x00, 0x23, 0x00, 0x23, 0x00, 0x23, 0x00, 0x23, 0x00, 0x23, 0x00, 0x23, 0x00,
    0x23, 0x00, 0x23, 0x00, 0x23, 0x00, 0x23, 0x00, 0x86, 0x08, 0x45, 0x08, 0x23, 0x08, 0x23, 0x08,
    0x23, 0x08, 0x23, 0x08, 0x24, 0x08, 0x23, 0x08, 0x24, 0x08, 0x23, 0x08, 0x44, 0x08, 0x24, 0x08,
    0x44, 0x08, 0x44, 0x08, 0x86, 0x08, 0x65, 0x08, 0x44, 0x08, 0x44, 0x08, 0x44, 0x08, 0x44, 0x08,
    0x44, 0x08, 0x44, 0x08, 0x44, 0x08, 0x44, 0x08, 0x44, 0x08, 0x44, 0x08, 0x44, 0x08, 0x44, 0x08,
    0x86, 0x10, 0x86, 0x10, 0x44, 0x08, 0x44, 0x08, 0x44, 0x08, 0x44, 0x08, 0x44, 0x08, 0x44, 0x08,
    0x44, 0x08, 0x44, 0x08, 0x44, 0x08, 0x44, 0x08, 0x44, 0x08, 0x44, 0x08, 0x65, 0x08, 0xa8, 0x10,
    0x65, 0x10, 0x45, 0x08, 0x45, 0x08, 0x45, 0x08, 0x45, 0x08, 0x45, 0x08, 0x45, 0x08, 0x45, 0x08,
    0x45, 0x08, 0x45, 0x08, 0x45, 0x08, 0x45, 0x08, 0x65, 0x08, 0x87, 0x10, 0x87, 0x10, 0x45, 0x08,
    0x65, 0x08, 0x45, 0x08, 0x45, 0x08, 0x45, 0x08, 0x45, 0x08, 0x45, 0x08, 0x45, 0x08, 0x45, 0x08,
    0x45, 0x08, 0x45, 0x08, 0x45, 0x08, 0x45, 0x08, 0xa7, 0x10, 0x86, 0x10, 0x45, 0x08, 0x45, 0x08,
    0x45, 0x08, 0x45, 0x08, 0x45, 0x08, 0x45, 0x08, 0x45, 0x08, 0x44, 0x08, 0x45, 0x08, 0x44, 0x08,
    0x44, 0x08, 0x44, 0x08, 0x45, 0x08, 0x87, 0x10, 0x86, 0x10, 0x44, 0x08, 0x44, 0x08, 0x44, 0x08,
    0x44, 0x08, 0x44, 0x08, 0x44, 0x08, 0x44, 0x08, 0x44, 0x08, 0x44, 0x08, 0x44, 0x08, 0x44, 0x08,
    0x44, 0x08, 0x44, 0x08, 0x86, 0x10, 0x86, 0x10, 0x44, 0x08, 0x44, 0x08, 0x44, 0x08, 0x44, 0x08,
    0x44, 0x08, 0x44, 0x08, 0x44, 0x08, 0x44, 0x08, 0x44, 0x08, 0x43, 0x08, 0x44, 0x08, 0x43, 0x08,
    0x43, 0x08, 0x65, 0x08, 0x86, 0x10, 0x44, 0x08, 0x43, 0x08, 0x23, 0x08, 0x23, 0x08, 0x23, 0x00,
    0x23, 0x08, 0x23, 0x00, 0x23, 0x00, 0x23, 0x00, 0x23, 0x00, 0x23, 0x00, 0x23, 0x08, 0x23, 0x00,
    0x43, 0x08, 0x85, 0x08, 0x65, 0x08, 0x23, 0x08, 0x43, 0x08, 0x23, 0x08, 0x43, 0x08, 0x43, 0x08,
    0x86, 0x08, 0x44, 0x08, 0x44, 0x08, 0x64, 0x08, 0x64, 0x08, 0x65, 0x08, 0x65, 0x08, 0x65, 0x08,
    0x65, 0x08, 0x65, 0x08, 0x65, 0x08, 0x86, 0x10, 0x86, 0x10, 0x65, 0x08, 0x64, 0x08, 0x64, 0x08,
    0x44, 0x08, 0x44, 0x08, 0x44, 0x08, 0x44, 0x08, 0x44, 0x08, 0x44, 0x08, 0x43, 0x08, 0x64, 0x08,
    0x86, 0x08, 0x43, 0x08, 0x23, 0x00, 0x23, 0x08, 0x23, 0x00, 0x22, 0x00, 0x22, 0x00, 0x22, 0x00,
    0x22, 0x00, 0x22, 0x00, 0x02, 0x00, 0x22, 0x00, 0x65, 0x08, 0x22, 0x00, 0x02, 0x00, 0x22, 0x00,
    0x02, 0x00, 0x22, 0x00, 0x02, 0x00, 0x22, 0x00, 0x02, 0x00, 0x22, 0x00, 0x02, 0x00, 0x22, 0x00,
    0x64, 0x08, 0x43, 0x08, 0x02, 0x00, 0x22, 0x00, 0x02, 0x00, 0x22, 0x00, 0x02, 0x00, 0x22, 0x00,
    0x02, 0x00, 0x22, 0x00, 0x02, 0x00, 0x22, 0x00, 0x23, 0x00, 0x65, 0x08, 0x02, 0x00, 0x22, 0x00,
    0x02, 0x00, 0x22, 0x00, 0x02, 0x00, 0x22, 0x00, 0x02, 0x00, 0x22, 0x00, 0x02, 0x00, 0x22, 0x00,
    0x02, 0x00, 0x44, 0x08, 0x44, 0x08, 0x22, 0x00, 0x02, 0x00, 0x22, 0x00, 0x22, 0x00, 0x22, 0x00,
    0x02, 0x00, 0x22, 0x00, 0x22, 0x00, 0x22, 0x00, 0x02, 0x00, 0x22, 0x00, 0x65, 0x08, 0x44, 0x08,
    0x02, 0x00, 0x22, 0x00, 0x22, 0x00, 0x22, 0x00, 0x02, 0x00, 0x22, 0x00, 0x22, 0x00, 0x22, 0x00,
    0x02, 0x00, 0x22, 0x00, 0x22, 0x00, 0x65, 0x08, 0x44, 0x08, 0x22, 0x00, 0x22, 0x00, 0x22, 0x00,
    0x22, 0x00, 0x22, 0x00, 0x22, 0x00, 0x22, 0x00, 0x22, 0x00, 0x22, 0x00, 0x22, 0x00, 0x22, 0x00,
    0x65, 0x08, 0x44, 0x08, 0x22, 0x00, 0x22, 0x00, 0x22, 0x00, 0x22, 0x00, 0x22, 0x00, 0x22, 0x00,
    0x22, 0x00, 0x22, 0x00, 0x22, 0x00, 0x22, 0x00, 0x22, 0x00, 0x44, 0x08, 0x65, 0x08, 0x22, 0x00,
    0x22, 0x00, 0x22, 0x00, 0x22, 0x00, 0x22, 0x00, 0x22, 0x00, 0x22, 0x00, 0x22, 0x00, 0x22, 0x00,
    0x22, 0x00, 0x22, 0x00, 0x23, 0x00, 0x86, 0x10, 0x23, 0x08, 0x22, 0x00, 0x22, 0x00, 0x22, 0x00,
    0x22, 0x00, 0x22, 0x00, 0x22, 0x00, 0x22, 0x00, 0x22, 0x00, 0x22, 0x00, 0x22, 0x00, 0x23, 0x00,
    0x44, 0x08, 0x65, 0x08, 0x22, 0x00, 0x23, 0x00, 0x22, 0x00, 0x23, 0x00, 0x22, 0x00, 0x23, 0x00,
    0x22, 0x00, 0x23, 0x00, 0x22, 0x00, 0x23, 0x00, 0x22, 0x00, 0x23, 0x00, 0x65, 0x08, 0x64, 0x08,
    0x22, 0x00, 0x23, 0x00, 0x23, 0x00, 0x23, 0x00, 0x23, 0x00, 0x23, 0x00, 0x23, 0x00, 0x23, 0x00,
    0x23, 0x00, 0x23, 0x00, 0x23, 0x00, 0x23, 0x08, 0x65, 0x08, 0x65, 0x08, 0x23, 0x00, 0x23, 0x08,
    0x23, 0x00, 0x23, 0x08, 0x23, 0x08, 0x23, 0x08, 0x23, 0x00, 0x43, 0x08, 0x23, 0x08, 0x44, 0x08,
    0x23, 0x00, 0x43, 0x08, 0x86, 0x10, 0x65, 0x10, 0x23, 0x08, 0x44, 0x08, 0x43, 0x08, 0x44, 0x08,
    0x24, 0x08, 0x44, 0x08, 0x24, 0x08, 0x44, 0x08, 0x24, 0x08, 0x44, 0x08, 0x44, 0x08, 0x44, 0x08,
    0x66, 0x08, 0x86, 0x10, 0x44, 0x08, 0x44, 0x08, 0x44, 0x08, 0x44, 0x08, 0x44, 0x08, 0x44, 0x08,
    0x44, 0x08, 0x44, 0x08, 0x44, 0x08, 0x44, 0x08, 0x44, 0x08, 0x44, 0x08, 0x45, 0x08, 0xa7, 0x10,
    0x65, 0x08, 0x44, 0x08, 0x44, 0x08, 0x44, 0x08, 0x44, 0x08, 0x44, 0x08, 0x44, 0x08, 0x44, 0x08,
    0x44, 0x08, 0x44, 0x08, 0x44, 0x08, 0x64, 0x08, 0x44, 0x08, 0x86, 0x10, 0x87, 0x10, 0x64, 0x08,
    0x44, 0x08, 0x64, 0x08, 0x44, 0x08, 0x64, 0x08, 0x44, 0x08, 0x64, 0x08, 0x44, 0x08, 0x64, 0x08,
    0x44, 0x08, 0x64, 0x08, 0x44, 0x08, 0x64, 0x08, 0x86, 0x10, 0x86, 0x10, 0x44, 0x08, 0x64, 0x08,
    0x44, 0x08, 0x44, 0x08, 0x44, 0x08, 0x64, 0x08, 0x44, 0x08, 0x44, 0x08, 0x44, 0x08, 0x64, 0x08,
    0x44, 0x08, 0x44, 0x08, 0x44, 0x08, 0x87, 0x10, 0x86, 0x10, 0x44, 0x08, 0x44, 0x08, 0x44, 0x08,
    0x44, 0x08, 0x44, 0x08, 0x44, 0x08, 0x44, 0x08, 0x44, 0x08, 0x44, 0x08, 0x44, 0x08, 0x44, 0x08,
    0x44, 0x08, 0x44, 0x08, 0x66, 0x08, 0x86, 0x10, 0x43, 0x08, 0x44, 0x08, 0x44, 0x08, 0x44, 0x08,
    0x44, 0x08, 0x64, 0x08, 0x44, 0x08, 0x64, 0x08, 0x44, 0x08, 0x64, 0x08, 0x64, 0x08, 0x65, 0x08,
    0x45, 0x08, 0x86, 0x10, 0xa7, 0x10, 0x86, 0x10, 0x65, 0x08, 0x65, 0x08, 0x65, 0x08, 0x65, 0x08,
    0x65, 0x08, 0x65, 0x08, 0x65, 0x08, 0x85, 0x08, 0x65, 0x08, 0x85, 0x08, 0x65, 0x08, 0x86, 0x10,
    0x65, 0x08, 0xa7, 0x10, 0xa7, 0x10, 0x86, 0x08, 0x65, 0x08, 0x85, 0x08, 0x65, 0x08, 0x85, 0x08,
    0x65, 0x08, 0x23, 0x08, 0x23, 0x00, 0x23, 0x00, 0x23, 0x00, 0x22, 0x00, 0x22, 0x00, 0x22, 0x00,
    0x22, 0x00, 0x02, 0x00, 0x02, 0x00, 0x44, 0x08, 0x44, 0x08, 0x02, 0x00, 0x02, 0x00, 0x02, 0x00,
    0x02, 0x00, 0x02, 0x00, 0x02, 0x00, 0x02, 0x00, 0x02, 0x00, 0x02, 0x00, 0x02, 0x00, 0x43, 0x08,
    0x44, 0x08, 0x02, 0x00, 0x02, 0x00, 0x02, 0x00, 0x02, 0x00, 0x02, 0x00, 0x02, 0x00, 0x02, 0x00,
    0x02, 0x00, 0x02, 0x00, 0x02, 0x00, 0x23, 0x00, 0x65, 0x08, 0x02, 0x00, 0x22, 0x00, 0x02, 0x00,
    0x02, 0x00, 0x02, 0x00, 0x22, 0x00, 0x02, 0x00, 0x02, 0x00, 0x02, 0x00, 0x22, 0x00, 0x02, 0x00,
    0x65, 0x08, 0x43, 0x08, 0x22, 0x00, 0x02, 0x00, 0x22, 0x00, 0x02, 0x00, 0x22, 0x00, 0x22, 0x00,
    0x22, 0x00, 0x02, 0x00, 0x22, 0x00, 0x22, 0x00, 0x43, 0x08, 0x65, 0x08, 0x22, 0x00, 0x22, 0x00,
    0x22, 0x00, 0x02, 0x00, 0x22, 0x00, 0x22, 0x00, 0x22, 0x00, 0x02, 0x00, 0x22, 0x00, 0x22, 0x00,
    0x22, 0x00, 0x44, 0x08, 0x44, 0x08, 0x22, 0x00, 0x22, 0x00, 0x22, 0x00, 0x22, 0x00, 0x22, 0x00,
    0x22, 0x00, 0x22, 0x00, 0x22, 0x00, 0x22, 0x00, 0x22, 0x00, 0x22, 0x00, 0x65, 0x08, 0x44, 0x08,
    0x22, 0x00, 0x22, 0x00, 0x22, 0x00, 0x22, 0x00, 0x22, 0x00, 0x22, 0x00, 0x22, 0x00, 0x22, 0x00,
    0x22, 0x00, 0x22, 0x00, 0x22, 0x00, 0x65, 0x08, 0x44, 0x08, 0x22, 0x00, 0x22, 0x00, 0x22, 0x00,
    0x22, 0x00, 0x22, 0x00, 0x22, 0x00, 0x22, 0x00, 0x22, 0x00, 0x22, 0x00, 0x22, 0x00, 0x22, 0x00,
    0x65, 0x08, 0x44, 0x08, 0x22, 0x00, 0x22, 0x00, 0x22, 0x00, 0x22, 0x00, 0x22, 0x00, 0x22, 0x00,
    0x22, 0x00, 0x22, 0x00, 0x22, 0x00, 0x22, 0x00, 0x22, 0x00, 0x44, 0x08, 0x65, 0x08, 0x22, 0x00,
    0x22, 0x00, 0x22, 0x00, 0x22, 0x00, 0x22, 0x00, 0x22, 0x00, 0x22, 0x00, 0x23, 0x00, 0x22, 0x00,
    0x22, 0x00, 0x22, 0x00, 0x23, 0x08, 0x86, 0x08, 0x43, 0x08, 0x23, 0x00, 0x23, 0x00, 0x23, 0x00,
    0x23, 0x00, 0x23, 0x00, 0x23, 0x00, 0x23, 0x00, 0x23, 0x00, 0x23, 0x00, 0x23, 0x00, 0x23, 0x00,
    0x44, 0x08, 0x65, 0x08, 0x23, 0x00, 0x23, 0x00, 0x23, 0x00, 0x23, 0x00, 0x23, 0x00, 0x23, 0x00,
    0x23, 0x00, 0x23, 0x00, 0x23, 0x00, 0x23, 0x00, 0x23, 0x00, 0x23, 0x00, 0x65, 0x08, 0x64, 0x08,
    0x23, 0x00, 0x23, 0x00, 0x23, 0x00, 0x23, 0x00, 0x23, 0x00, 0x23, 0x00, 0x23, 0x00, 0x23, 0x00,
    0x23, 0x00, 0x23, 0x00, 0x23, 0x00, 0x23, 0x00, 0x86, 0x08, 0x65, 0x08, 0x23, 0x08, 0x23, 0x00,
    0x23, 0x08, 0x23, 0x08, 0x23, 0x08, 0x23, 0x08, 0x23, 0x08, 0x23, 0x08, 0x24, 0x08, 0x23, 0x08,
    0x23, 0x08, 0x23, 0x08, 0x86, 0x10, 0x65, 0x08, 0x44, 0x08, 0x44, 0x08, 0x44, 0x08, 0x44, 0x08,
    0x44, 0x08, 0x44, 0x08, 0x44, 0x08, 0x44, 0x08, 0x44, 0x08, 0x44, 0x08, 0x44, 0x08, 0x44, 0x08,
    0x66, 0x08, 0x86, 0x10, 0x44, 0x08, 0x44, 0x08, 0x44, 0x08, 0x44, 0x08, 0x44, 0x08, 0x44, 0x08,
    0x44, 0x08, 0x44, 0x08, 0x44, 0x08, 0x44, 0x08, 0x44, 0x08, 0x44, 0x08, 0x65, 0x08, 0xa7, 0x10,
    0x65, 0x10, 0x44, 0x08, 0x44, 0x08, 0x44, 0x08, 0x44, 0x08, 0x44, 0x08, 0x44, 0x08, 0x44, 0x08,
    0x44, 0x08, 0x44, 0x08, 0x45, 0x08, 0x44, 0x08, 0x44, 0x08, 0x86, 0x10, 0xa7, 0x10, 0x45, 0x08,
    0x44, 0x08, 0x44, 0x08, 0x45, 0x08, 0x44, 0x08, 0x44, 0x08, 0x44, 0x08, 0x45, 0x08, 0x44, 0x08,
    0x45, 0x08, 0x44, 0x08, 0x45, 0x08, 0x44, 0x08, 0x87, 0x10, 0x86, 0x10, 0x45, 0x08, 0x44, 0x08,
    0x44, 0x08, 0x44, 0x08, 0x44, 0x08, 0x44, 0x08, 0x45, 0x08, 0x45, 0x08, 0x65, 0x08, 0x65, 0x08,
    0x65, 0x08, 0x65, 0x08, 0x65, 0x08, 0x87, 0x10, 0xa7, 0x10, 0x65, 0x08, 0x65, 0x08, 0x66, 0x10,
    0x66, 0x10, 0x65, 0x10, 0x86, 0x10, 0x86, 0x10, 0x86, 0x10, 0x86, 0x10, 0x86, 0x10, 0x86, 0x10,
    0x86, 0x10, 0x86, 0x10, 0xa8, 0x10, 0xc8, 0x10, 0x87, 0x10, 0x87, 0x10, 0x87, 0x10, 0x87, 0x10,
    0x87, 0x10, 0x87, 0x10, 0x87, 0x10, 0x87, 0x10, 0x87, 0x10, 0x86, 0x10, 0x86, 0x10, 0x86, 0x10,
    0x86, 0x10, 0x87, 0x10, 0xc8, 0x10, 0x87, 0x10, 0x85, 0x08, 0x65, 0x08, 0x65, 0x08, 0x65, 0x08,
    0x65, 0x08, 0x45, 0x08, 0x65, 0x08, 0x44, 0x08, 0x44, 0x08, 0x44, 0x08, 0x44, 0x08, 0x44, 0x08,
    0x44, 0x08, 0x65, 0x08, 0x86, 0x08, 0x23, 0x08, 0x23, 0x08, 0x23, 0x00, 0x23, 0x00, 0x22, 0x00,
    0x23, 0x00, 0x02, 0x00, 0x01, 0x00, 0x02, 0x00, 0x01, 0x00, 0x02, 0x00, 0x01, 0x00, 0x02, 0x00,
    0x02, 0x00, 0x02, 0x00, 0x02, 0x00, 0x44, 0x08, 0x23, 0x08, 0x02, 0x00, 0x02, 0x00, 0x02, 0x00,
    0x02, 0x00, 0x02, 0x00, 0x02, 0x00, 0x02, 0x00, 0x02, 0x00, 0x22, 0x00, 0x02, 0x00, 0x44, 0x08,
    0x44, 0x08, 0x22, 0x00, 0x02, 0x00, 0x22, 0x00, 0x02, 0x00, 0x22, 0x00, 0x02, 0x00, 0x22, 0x00,
    0x02, 0x00, 0x22, 0x00, 0x02, 0x00, 0x43, 0x08, 0x65, 0x08, 0x22, 0x00, 0x02, 0x00, 0x22, 0x00,
    0x02, 0x00, 0x22, 0x00, 0x02, 0x00, 0x22, 0x00, 0x02, 0x00, 0x22, 0x00, 0x02, 0x00, 0x22, 0x00,
    0x65, 0x08, 0x23, 0x08, 0x02, 0x00, 0x22, 0x00, 0x02, 0x00, 0x22, 0x00, 0x02, 0x00, 0x22, 0x00,
    0x02, 0x00, 0x22, 0x00, 0x02, 0x00, 0x22, 0x00, 0x44, 0x08, 0x65, 0x08, 0x02, 0x00, 0x22, 0x00,
    0x02, 0x00, 0x22, 0x00, 0x02, 0x00, 0x22, 0x00, 0x02, 0x00, 0x22, 0x00, 0x02, 0x00, 0x22, 0x00,
    0x02, 0x00, 0x65, 0x08, 0x44, 0x08, 0x22, 0x00, 0x02, 0x00, 0x22, 0x00, 0x02, 0x00, 0x22, 0x00,
    0x02, 0x00, 0x22, 0x00, 0x02, 0x00, 0x22, 0x00, 0x22, 0x00, 0x22, 0x00, 0x65, 0x08, 0x43, 0x08,
    0x22, 0x00, 0x22, 0x00, 0x02, 0x00, 0x22, 0x00, 0x22, 0x00, 0x22, 0x00, 0x22, 0x00, 0x22, 0x00,
    0x22, 0x00, 0x22, 0x00, 0x22, 0x00, 0x65, 0x08, 0x43, 0x08, 0x22, 0x00, 0x22, 0x00, 0x22, 0x00,
    0x22, 0x00, 0x22, 0x00, 0x22, 0x00, 0x22, 0x00, 0x22, 0x00, 0x22, 0x00, 0x22, 0x00, 0x22, 0x00,
    0x65, 0x08, 0x44, 0x08, 0x22, 0x00, 0x22, 0x00, 0x22, 0x00, 0x22, 0x00, 0x22, 0x00, 0x22, 0x00,
    0x22, 0x00, 0x22, 0x00, 0x22, 0x00, 0x22, 0x00, 0x22, 0x00, 0x64, 0x08, 0x65, 0x08, 0x22, 0x00,
    0x22, 0x00, 0x23, 0x00, 0x22, 0x00, 0x23, 0x00, 0x22, 0x00, 0x23, 0x00, 0x22, 0x00, 0x23, 0x00,
    0x22, 0x00, 0x23, 0x00, 0x23, 0x00, 0x86, 0x10, 0x23, 0x08, 0x23, 0x00, 0x22, 0x00, 0x23, 0x00,
    0x23, 0x00, 0x23, 0x00, 0x23, 0x00, 0x23, 0x00, 0x23, 0x00, 0x23, 0x00, 0x23, 0x00, 0x23, 0x00,
    0x44, 0x08, 0x65, 0x08, 0x23, 0x00, 0x23, 0x00, 0x23, 0x00, 0x23, 0x00, 0x23, 0x00, 0x23, 0x00,
    0x23, 0x00, 0x23, 0x00, 0x23, 0x00, 0x23, 0x00, 0x23, 0x00, 0x23, 0x00, 0x65, 0x08, 0x65, 0x08,
    0x23, 0x00, 0x23, 0x00, 0x23, 0x00, 0x23, 0x00, 0x23, 0x00, 0x23, 0x00, 0x23, 0x00, 0x23, 0x00,
    0x23, 0x00, 0x23, 0x00, 0x23, 0x00, 0x23, 0x00, 0x65, 0x08, 0x65, 0x08, 0x23, 0x00, 0x23, 0x08,
    0x23, 0x00, 0x23, 0x08, 0x23, 0x00, 0x23, 0x08, 0x23, 0x08, 0x23, 0x08, 0x23, 0x08, 0x24, 0x08,
    0x23, 0x08, 0x44, 0x08, 0x66, 0x08, 0x66, 0x08, 0x24, 0x08, 0x44, 0x08, 0x24, 0x08, 0x44, 0x08,
    0x24, 0x08, 0x44, 0x08, 0x24, 0x08, 0x44, 0x08, 0x24, 0x08, 0x44, 0x08, 0x24, 0x08, 0x44, 0x08,
    0x65, 0x08, 0x87, 0x10, 0x44, 0x08, 0x44, 0x08, 0x44, 0x08, 0x44, 0x08, 0x44, 0x08, 0x44, 0x08,
    0x44, 0x08, 0x44, 0x08, 0x44, 0x08, 0x44, 0x08, 0x44, 0x08, 0x44, 0x08, 0x45, 0x08, 0xa7, 0x10,
    0x65, 0x08, 0x44, 0x08, 0x44, 0x08, 0x44, 0x08, 0x44, 0x08, 0x44, 0x08, 0x44, 0x08, 0x44, 0x08,
    0x44, 0x08, 0x44, 0x08, 0x44, 0x08, 0x45, 0x08, 0x45, 0x08, 0x86, 0x10, 0xa7, 0x10, 0x66, 0x10,
    0x65, 0x08, 0x65, 0x10, 0x65, 0x08, 0x66, 0x10, 0x65, 0x08, 0x86, 0x10, 0x65, 0x08, 0x86, 0x10,
    0x86, 0x10, 0x86, 0x10, 0x86, 0x10, 0x86, 0x10, 0xa8, 0x10, 0xc8, 0x18, 0x86, 0x10, 0x87, 0x10,
    0x87, 0x10, 0xa7, 0x10, 0x87, 0x10, 0x87, 0x10, 0x87, 0x10, 0xa7, 0x10, 0x87, 0x10, 0xa7, 0x10,
    0xa7, 0x10, 0xa8, 0x10, 0xa7, 0x10, 0xc9, 0x10, 0xc9, 0x18, 0xa7, 0x10, 0x87, 0x10, 0x87, 0x10,
    0x87, 0x10, 0x87, 0x10, 0x86, 0x10, 0x86, 0x10, 0x86, 0x10, 0x86, 0x10, 0x66, 0x10, 0x86, 0x10,
    0x66, 0x10, 0x86, 0x10, 0x87, 0x10, 0xa8, 0x10, 0x66, 0x10, 0x65, 0x08, 0x65, 0x08, 0x65, 0x08,
    0x44, 0x08, 0x44, 0x08, 0x44, 0x08, 0x44, 0x08, 0x44, 0x08, 0x44, 0x08, 0x24, 0x08, 0x44, 0x08,
    0x23, 0x00, 0x44, 0x08, 0x86, 0x10, 0x65, 0x08, 0x23, 0x00, 0x23, 0x08, 0x23, 0x00, 0x23, 0x00,
    0x23, 0x00, 0x23, 0x00, 0x23, 0x00, 0x23, 0x00, 0x22, 0x00, 0x23, 0x00, 0x02, 0x00, 0x23, 0x00,
    0x02, 0x00, 0x44, 0x08, 0x65, 0x08, 0x23, 0x08, 0x02, 0x00, 0x22, 0x00, 0x02, 0x00, 0x22, 0x00,
    0x22, 0x00, 0x01, 0x00, 0x01, 0x00, 0x01, 0x00, 0x01, 0x00, 0x01, 0x00, 0x01, 0x00, 0x01, 0x00,
    0x01, 0x00, 0x01, 0x00, 0x01, 0x00, 0x64, 0x08, 0x23, 0x00, 0x01, 0x00, 0x01, 0x00, 0x01, 0x00,
    0x02, 0x00, 0x02, 0x00, 0x02, 0x00, 0x02, 0x00, 0x02, 0x00, 0x02, 0x00, 0x02, 0x00, 0x64, 0x08,
    0x43, 0x08, 0x02, 0x00, 0x02, 0x00, 0x02, 0x00, 0x02, 0x00, 0x02, 0x00, 0x02, 0x00, 0x02, 0x00,
    0x02, 0x00, 0x02, 0x00, 0x02, 0x00, 0x43, 0x08, 0x44, 0x08, 0x02, 0x00, 0x02, 0x00, 0x02, 0x00,
    0x02, 0x00, 0x02, 0x00, 0x02, 0x00, 0x02, 0x00, 0x22, 0x00, 0x02, 0x00, 0x22, 0x00, 0x22, 0x00,
    0x86, 0x10, 0x22, 0x00, 0x22, 0x00, 0x02, 0x00, 0x22, 0x00, 0x02, 0x00, 0x22, 0x00, 0x02, 0x00,
    0x22, 0x00, 0x02, 0x00, 0x22, 0x00, 0x02, 0x00, 0x44, 0x08, 0x64, 0x08, 0x22, 0x00, 0x02, 0x00,
    0x22, 0x00, 0x22, 0x00, 0x22, 0x00, 0x02, 0x00, 0x22, 0x00, 0x22, 0x00, 0x22, 0x00, 0x22, 0x00,
    0x22, 0x00, 0x65, 0x08, 0x43, 0x08, 0x22, 0x00, 0x22, 0x00, 0x22, 0x00, 0x22, 0x00, 0x22, 0x00,
    0x22, 0x00, 0x22, 0x00, 0x22, 0x00, 0x22, 0x00, 0x22, 0x00, 0x22, 0x00, 0x65, 0x08, 0x23, 0x08,
    0x22, 0x00, 0x22, 0x00, 0x22, 0x00, 0x22, 0x00, 0x22, 0x00, 0x22, 0x00, 0x22, 0x00, 0x22, 0x00,
    0x22, 0x00, 0x22, 0x00, 0x23, 0x00, 0x85, 0x08, 0x23, 0x08, 0x22, 0x00, 0x22, 0x00, 0x22, 0x00,
    0x22, 0x00, 0x22, 0x00, 0x22, 0x00, 0x22, 0x00, 0x22, 0x00, 0x22, 0x00, 0x22, 0x00, 0x22, 0x00,
    0x65, 0x08, 0x44, 0x08, 0x22, 0x00, 0x22, 0x00, 0x22, 0x00, 0x22, 0x00, 0x22, 0x00, 0x22, 0x00,
    0x22, 0x00, 0x22, 0x00, 0x22, 0x00, 0x22, 0x00, 0x22, 0x00, 0x44, 0x08, 0x65, 0x08, 0x22, 0x00,
    0x22, 0x00, 0x22, 0x00, 0x22, 0x00, 0x22, 0x00, 0x22, 0x00, 0x22, 0x00, 0x22, 0x00, 0x22, 0x00,
    0x22, 0x00, 0x22, 0x00, 0x43, 0x08, 0x86, 0x08, 0x43, 0x08, 0x22, 0x00, 0x22, 0x00, 0x22, 0x00,
    0x22, 0x00, 0x22, 0x00, 0x22, 0x00, 0x22, 0x00, 0x22, 0x00, 0x22, 0x00, 0x22, 0x00, 0x22, 0x00,
    0x44, 0x08, 0x65, 0x08, 0x22, 0x00, 0x22, 0x00, 0x23, 0x00, 0x22, 0x00, 0x23, 0x00, 0x23, 0x00,
    0x23, 0x00, 0x23, 0x00, 0x23, 0x00, 0x23, 0x00, 0x23, 0x00, 0x23, 0x00, 0x65, 0x08, 0x64, 0x08,
    0x23, 0x00, 0x23, 0x00, 0x23, 0x00, 0x23, 0x00, 0x23, 0x00, 0x23, 0x00, 0x23, 0x00, 0x23, 0x00,
    0x23, 0x00, 0x23, 0x00, 0x23, 0x00, 0x23, 0x00, 0x65, 0x08, 0x65, 0x08, 0x23, 0x00, 0x23, 0x00,
    0x23, 0x00, 0x23, 0x00, 0x23, 0x08, 0x23, 0x00, 0x23, 0x08, 0x23, 0x08, 0x23, 0x08, 0x23, 0x08,
    0x23, 0x08, 0x23, 0x08, 0x65, 0x10, 0x65, 0x08, 0x43, 0x08, 0x23, 0x08, 0x43, 0x08, 0x43, 0x08,
    0x43, 0x08, 0x43, 0x08, 0x43, 0x08, 0x43, 0x08, 0x44, 0x08, 0x44, 0x08, 0x44, 0x08, 0x44, 0x08,
    0x65, 0x08, 0x86, 0x10, 0x44, 0x08, 0x44, 0x08, 0x44, 0x08, 0x44, 0x08, 0x64, 0x08, 0x44, 0x08,
    0x65, 0x08, 0x45, 0x08, 0x65, 0x08, 0x65, 0x08, 0x65, 0x08, 0x65, 0x08, 0x86, 0x08, 0xa8, 0x10,
    0xa7, 0x10, 0x66, 0x08, 0x86, 0x10, 0x66, 0x08, 0x86, 0x10, 0x86, 0x10, 0x86, 0x10, 0x86, 0x10,
    0x87, 0x10, 0x87, 0x10, 0x87, 0x10, 0x87, 0x10, 0xa7, 0x10, 0xa8, 0x10, 0xea, 0x18, 0xa8, 0x10,
    0xa7, 0x10, 0x87, 0x10, 0xa7, 0x10, 0x87, 0x10, 0xa7, 0x10, 0x87, 0x10, 0x87, 0x10, 0x87, 0x10,
    0x86, 0x10, 0x86, 0x10, 0x86, 0x10, 0x86, 0x10, 0xa7, 0x10, 0xc8, 0x10, 0x86, 0x10, 0x66, 0x10,
    0x86, 0x08, 0x65, 0x08, 0x65, 0x08, 0x65, 0x08, 0x65, 0x08, 0x65, 0x08, 0x65, 0x08, 0x65, 0x08,
    0x65, 0x08, 0x45, 0x08, 0x64, 0x08, 0x66, 0x10, 0x87, 0x10, 0x44, 0x08, 0x44, 0x08, 0x44, 0x08,
    0x44, 0x08, 0x44, 0x08, 0x44, 0x08, 0x44, 0x08, 0x44, 0x08, 0x43, 0x08, 0x43, 0x08, 0x43, 0x08,
    0x43, 0x08, 0x43, 0x08, 0x65, 0x08, 0x87, 0x10, 0x44, 0x08, 0x43, 0x08, 0x43, 0x08, 0x43, 0x08,
    0x43, 0x08, 0x43, 0x08, 0x43, 0x08, 0x23, 0x08, 0x43, 0x08, 0x23, 0x08, 0x23, 0x08, 0x23, 0x08,
    0x23, 0x08, 0x43, 0x08, 0x85, 0x10, 0x65, 0x08, 0x23, 0x08, 0x23, 0x08, 0x23, 0x08, 0x22, 0x00,
    0x23, 0x00, 0x22, 0x00, 0x23, 0x00, 0x22, 0x00, 0x22, 0x00, 0x22, 0x00, 0x22, 0x00, 0x02, 0x00,
    0x22, 0x00, 0x43, 0x08, 0x85, 0x08, 0x23, 0x00, 0x22, 0x00, 0x02, 0x00, 0x22, 0x00, 0x02, 0x00,
    0x02, 0x00, 0x02, 0x00, 0x01, 0x00, 0x02, 0x00, 0x01, 0x00, 0x02, 0x00, 0x02, 0x00, 0x02, 0x00,
    0x02, 0x00, 0x02, 0x00, 0x02, 0x00, 0x65, 0x08, 0x22, 0x00, 0x02, 0x00, 0x02, 0x00, 0x02, 0x00,
    0x02, 0x00, 0x02, 0x00, 0x02, 0x00, 0x22, 0x00, 0x02, 0x00, 0x02, 0x00, 0x02, 0x00, 0x65, 0x08,
    0x23, 0x00, 0x02, 0x00, 0x02, 0x00, 0x22, 0x00, 0x02, 0x00, 0x22, 0x00, 0x02, 0x00, 0x22, 0x00,
    0x02, 0x00, 0x22, 0x00, 0x02, 0x00, 0x44, 0x08, 0x44, 0x08, 0x22, 0x00, 0x02, 0x00, 0x22, 0x00,
    0x02, 0x00, 0x22, 0x00, 0x02, 0x00, 0x22, 0x00, 0x02, 0x00, 0x22, 0x00, 0x02, 0x00, 0x23, 0x08,
    0x65, 0x08, 0x22, 0x00, 0x02, 0x00, 0x22, 0x00, 0x02, 0x00, 0x22, 0x00, 0x02, 0x00, 0x22, 0x00,
    0x02, 0x00, 0x22, 0x00, 0x02, 0x00, 0x22, 0x00, 0x44, 0x08, 0x44, 0x08, 0x02, 0x00, 0x22, 0x00,
    0x02, 0x00, 0x22, 0x00, 0x02, 0x00, 0x22, 0x00, 0x02, 0x00, 0x22, 0x00, 0x02, 0x00, 0x22, 0x00,
    0x02, 0x00, 0x65, 0x08, 0x23, 0x00, 0x22, 0x00, 0x02, 0x00, 0x22, 0x00, 0x02, 0x00, 0x22, 0x00,
    0x02, 0x00, 0x22, 0x00, 0x22, 0x00, 0x22, 0x00, 0x02, 0x00, 0x23, 0x00, 0x86, 0x08, 0x23, 0x08,
    0x02, 0x00, 0x22, 0x00, 0x22, 0x00, 0x22, 0x00, 0x02, 0x00, 0x22, 0x00, 0x22, 0x00, 0x22, 0x00,
    0x22, 0x00, 0x22, 0x00, 0x23, 0x00, 0x86, 0x10, 0x23, 0x08, 0x22, 0x00, 0x22, 0x00, 0x22, 0x00,
    0x22, 0x00, 0x22, 0x00, 0x22, 0x00, 0x22, 0x00, 0x22, 0x00, 0x22, 0x00, 0x22, 0x00, 0x22, 0x00,
    0x65, 0x08, 0x44, 0x08, 0x22, 0x00, 0x22, 0x00, 0x22, 0x00, 0x22, 0x00, 0x22, 0x00, 0x22, 0x00,
    0x22, 0x00, 0x22, 0x00, 0x22, 0x00, 0x22, 0x00, 0x22, 0x00, 0x65, 0x08, 0x45, 0x08, 0x22, 0x00,
    0x22, 0x00, 0x22, 0x00, 0x22, 0x00, 0x23, 0x00, 0x22, 0x00, 0x23, 0x00, 0x22, 0x00, 0x23, 0x00,
    0x22, 0x00, 0x23, 0x00, 0x23, 0x08, 0x86, 0x10, 0x23, 0x08, 0x23, 0x00, 0x23, 0x00, 0x23, 0x00,
    0x22, 0x00, 0x23, 0x00, 0x23, 0x00, 0x23, 0x00, 0x23, 0x00, 0x23, 0x00, 0x23, 0x00, 0x23, 0x00,
    0x44, 0x08, 0x65, 0x08, 0x23, 0x00, 0x23, 0x00, 0x23, 0x00, 0x23, 0x00, 0x23, 0x00, 0x23, 0x00,
    0x23, 0x00, 0x23, 0x00, 0x23, 0x00, 0x23, 0x00, 0x23, 0x00, 0x23, 0x00, 0x65, 0x08, 0x65, 0x08,
    0x23, 0x00, 0x23, 0x00, 0x23, 0x00, 0x23, 0x00, 0x23, 0x00, 0x23, 0x00, 0x23, 0x00, 0x23, 0x00,
    0x23, 0x00, 0x23, 0x00, 0x23, 0x00, 0x23, 0x00, 0x65, 0x08, 0x65, 0x08, 0x23, 0x00, 0x23, 0x00,
    0x23, 0x00, 0x23, 0x00, 0x23, 0x08, 0x44, 0x08, 0x24, 0x08, 0x44, 0x08, 0x44, 0x08, 0x44, 0x08,
    0x44, 0x08, 0x45, 0x08, 0x86, 0x10, 0x87, 0x10, 0x45, 0x08, 0x65, 0x08, 0x65, 0x08, 0x65, 0x08,
    0x65, 0x08, 0x65, 0x08, 0x66, 0x10, 0x66, 0x10, 0x66, 0x08, 0x86, 0x10, 0x86, 0x08, 0x86, 0x10,
    0x87, 0x10, 0xc9, 0x18, 0x87, 0x10, 0x87, 0x10, 0x87, 0x10, 0xa7, 0x10, 0x87, 0x10, 0xa7, 0x10,
    0x87, 0x10, 0xa7, 0x10, 0x87, 0x10, 0xa7, 0x10, 0x87, 0x10, 0x87, 0x10, 0x87, 0x10, 0xc9, 0x10,
    0xa8, 0x10, 0x86, 0x10, 0x86, 0x10, 0x86, 0x10, 0x66, 0x10, 0x86, 0x10, 0x86, 0x08, 0x86, 0x10,
    0x66, 0x08, 0x66, 0x10, 0x65, 0x08, 0x66, 0x10, 0x65, 0x08, 0x86, 0x10, 0xa8, 0x10, 0x86, 0x10,
    0x65, 0x08, 0x65, 0x08, 0x45, 0x08, 0x65, 0x08, 0x45, 0x08, 0x64, 0x08, 0x44, 0x08, 0x44, 0x08,
    0x44, 0x08, 0x44, 0x08, 0x44, 0x08, 0x44, 0x08, 0x65, 0x08, 0xa7, 0x10, 0x45, 0x08, 0x44, 0x08,
    0x44, 0x08, 0x44, 0x08, 0x44, 0x08, 0x44, 0x08, 0x44, 0x08, 0x44, 0x08, 0x44, 0x08, 0x44, 0x08,
    0x44, 0x08, 0x44, 0x08, 0x44, 0x08, 0x65, 0x10, 0x87, 0x10, 0x64, 0x08, 0x44, 0x08, 0x44, 0x08,
    0x44, 0x08, 0x44, 0x08, 0x44, 0x08, 0x44, 0x08, 0x24, 0x08, 0x44, 0x08, 0x44, 0x08, 0x44, 0x08,
    0x24, 0x08, 0x44, 0x08, 0x44, 0x08, 0x87, 0x10, 0x65, 0x08, 0x44, 0x08, 0x23, 0x08, 0x43, 0x08,
    0x23, 0x08, 0x43, 0x08, 0x23, 0x08, 0x43, 0x08, 0x23, 0x00, 0x23, 0x08, 0x23, 0x00, 0x23, 0x08,
    0x23, 0x00, 0x23, 0x08, 0x65, 0x08, 0x65, 0x08, 0x23, 0x00, 0x23, 0x08, 0x23, 0x00, 0x23, 0x00,
    0x22, 0x00, 0x23, 0x00, 0x23, 0x00, 0x23, 0x00, 0x02, 0x00, 0x22, 0x00, 0x02, 0x00, 0x23, 0x00,
    0x02, 0x00, 0x23, 0x08, 0x65, 0x08, 0x44, 0x08, 0x02, 0x00, 0x22, 0x00, 0x02, 0x00, 0x22, 0x00,
    0x01, 0x00, 0x01, 0x00, 0x02, 0x00, 0x02, 0x00, 0x02, 0x00, 0x02, 0x00, 0x02, 0x00, 0x02, 0x00,
    0x02, 0x00, 0x02, 0x00, 0x22, 0x00, 0x65, 0x08, 0x02, 0x00, 0x02, 0x00, 0x02, 0x00, 0x02, 0x00,
    0x02, 0x00, 0x02, 0x00, 0x02, 0x00, 0x02, 0x00, 0x02, 0x00, 0x02, 0x00, 0x22, 0x00, 0x65, 0x08,
    0x22, 0x00, 0x02, 0x00, 0x02, 0x00, 0x02, 0x00, 0x02, 0x00, 0x02, 0x00, 0x02, 0x00, 0x02, 0x00,
    0x02, 0x00, 0x02, 0x00, 0x22, 0x00, 0x64, 0x08, 0x43, 0x08, 0x02, 0x00, 0x22, 0x00, 0x02, 0x00,
    0x02, 0x00, 0x02, 0x00, 0x22, 0x00, 0x02, 0x00, 0x02, 0x00, 0x02, 0x00, 0x22, 0x00, 0x23, 0x08,
    0x65, 0x08, 0x02, 0x00, 0x22, 0x00, 0x02, 0x00, 0x22, 0x00, 0x02, 0x00, 0x22, 0x00, 0x02, 0x00,
    0x22, 0x00, 0x02, 0x00, 0x22, 0x00, 0x22, 0x00, 0x65, 0x08, 0x44, 0x08, 0x22, 0x00, 0x22, 0x00,
    0x22, 0x00, 0x02, 0x00, 0x22, 0x00, 0x22, 0x00, 0x22, 0x00, 0x02, 0x00, 0x22, 0x00, 0x22, 0x00,
    0x22, 0x00, 0x86, 0x08, 0x23, 0x08, 0x22, 0x00, 0x22, 0x00, 0x22, 0x00, 0x22, 0x00, 0x22, 0x00,
    0x22, 0x00, 0x22, 0x00, 0x22, 0x00, 0x22, 0x00, 0x22, 0x00, 0x23, 0x08, 0x86, 0x08, 0x23, 0x00,
    0x22, 0x00, 0x22, 0x00, 0x22, 0x00, 0x22, 0x00, 0x22, 0x00, 0x22, 0x00, 0x22, 0x00, 0x22, 0x00,
    0x22, 0x00, 0x22, 0x00, 0x23, 0x08, 0x86, 0x10, 0x23, 0x00, 0x22, 0x00, 0x22, 0x00, 0x22, 0x00,
    0x22, 0x00, 0x22, 0x00, 0x22, 0x00, 0x22, 0x00, 0x22, 0x00, 0x22, 0x00, 0x22, 0x00, 0x23, 0x00,
    0x65, 0x08, 0x43, 0x08, 0x22, 0x00, 0x22, 0x00, 0x22, 0x00, 0x22, 0x00, 0x22, 0x00, 0x22, 0x00,
    0x22, 0x00, 0x22, 0x00, 0x22, 0x00, 0x22, 0x00, 0x22, 0x00, 0x45, 0x08, 0x65, 0x08, 0x22, 0x00,
    0x22, 0x00, 0x22, 0x00, 0x22, 0x00, 0x22, 0x00, 0x22, 0x00, 0x22, 0x00, 0x23, 0x00, 0x22, 0x00,
    0x23, 0x00, 0x22, 0x00, 0x43, 0x08, 0x86, 0x08, 0x43, 0x08, 0x23, 0x00, 0x23, 0x00, 0x23, 0x00,
    0x23, 0x00, 0x23, 0x00, 0x23, 0x00, 0x23, 0x00, 0x23, 0x00, 0x23, 0x00, 0x23, 0x00, 0x23, 0x00,
    0x64, 0x08, 0x65, 0x08, 0x23, 0x00, 0x23, 0x00, 0x23, 0x00, 0x23, 0x00, 0x23, 0x00, 0x23, 0x00,
    0x23, 0x00, 0x23, 0x00, 0x23, 0x00, 0x23, 0x08, 0x23, 0x08, 0x43, 0x08, 0x66, 0x08, 0x65, 0x08,
    0x44, 0x08, 0x44, 0x08, 0x44, 0x08, 0x44, 0x08, 0x44, 0x08, 0x44, 0x08, 0x64, 0x08, 0x64, 0x08,
    0x65, 0x08, 0x65, 0x08, 0x65, 0x08, 0x65, 0x08, 0xa7, 0x10, 0x87, 0x10, 0x86, 0x08, 0x86, 0x08,
    0x86, 0x10, 0x86, 0x10, 0x86, 0x10, 0x86, 0x10, 0x86, 0x10, 0x87, 0x10, 0x87, 0x10, 0x87, 0x10,
    0x87, 0x10, 0x86, 0x10, 0xa8, 0x10, 0xa8, 0x10, 0x86, 0x08, 0x86, 0x10, 0x86, 0x10, 0x86, 0x08,
    0x86, 0x10, 0x66, 0x10, 0x66, 0x10, 0x66, 0x08, 0x65, 0x08, 0x65, 0x08, 0x65, 0x08, 0x65, 0x08,
    0x86, 0x08, 0xa8, 0x10, 0x66, 0x08, 0x65, 0x08, 0x65, 0x08, 0x45, 0x08, 0x65, 0x08, 0x64, 0x08,
    0x64, 0x08, 0x44, 0x08, 0x44, 0x08, 0x44, 0x08, 0x44, 0x08, 0x44, 0x08, 0x44, 0x08, 0x86, 0x10,
    0x86, 0x10, 0x44, 0x08, 0x44, 0x08, 0x44, 0x08, 0x44, 0x08, 0x44, 0x08, 0x44, 0x08, 0x44, 0x08,
    0x44, 0x08, 0x44, 0x08, 0x44, 0x08, 0x44, 0x08, 0x44, 0x08, 0x65, 0x08, 0xa7, 0x10, 0x65, 0x08,
    0x44, 0x08, 0x44, 0x08, 0x44, 0x08, 0x44, 0x08, 0x44, 0x08, 0x44, 0x08, 0x44, 0x08, 0x44, 0x08,
    0x44, 0x08, 0x44, 0x08, 0x44, 0x08, 0x44, 0x08, 0x65, 0x08, 0xa7, 0x10, 0x65, 0x08, 0x44, 0x08,
    0x44, 0x08, 0x44, 0x08, 0x44, 0x08, 0x44, 0x08, 0x44, 0x08, 0x44, 0x08, 0x44, 0x08, 0x44, 0x08,
    0x44, 0x08, 0x44, 0x08, 0x44, 0x08, 0x65, 0x08, 0xa7, 0x10, 0x45, 0x08, 0x44, 0x08, 0x44, 0x08,
    0x44, 0x08, 0x44, 0x08, 0x44, 0x08, 0x44, 0x08, 0x44, 0x08, 0x44, 0x08, 0x44, 0x08, 0x44, 0x08,
    0x44, 0x08, 0x43, 0x08, 0x44, 0x08, 0x86, 0x10, 0x65, 0x08, 0x23, 0x08, 0x43, 0x08, 0x23, 0x08,
    0x23, 0x08, 0x23, 0x08, 0x23, 0x08, 0x23, 0x08, 0x23, 0x08, 0x23, 0x08, 0x23, 0x08, 0x23, 0x08,
    0x23, 0x08, 0x23, 0x08, 0x65, 0x08, 0x65, 0x10, 0x23, 0x08, 0x23, 0x00, 0x23, 0x00, 0x23, 0x00,
    0x23, 0x00, 0x23, 0x00, 0x23, 0x00, 0x22, 0x00, 0x22, 0x00, 0x02, 0x00, 0x22, 0x00, 0x22, 0x00,
    0x22, 0x00, 0x23, 0x00, 0x65, 0x08, 0x44, 0x08, 0x22, 0x00, 0x02, 0x00, 0x22, 0x00, 0x02, 0x00,
    0x01, 0x00, 0x02, 0x00, 0x01, 0x00, 0x02, 0x00, 0x01, 0x00, 0x02, 0x00, 0x01, 0x00, 0x02, 0x00,
    0x01, 0x00, 0x02, 0x00, 0x23, 0x00, 0x64, 0x08, 0x01, 0x00, 0x02, 0x00, 0x01, 0x00, 0x02, 0x00,
    0x02, 0x00, 0x22, 0x00, 0x02, 0x00, 0x02, 0x00, 0x02, 0x00, 0x22, 0x00, 0x22, 0x00, 0x85, 0x08,
    0x02, 0x00, 0x22, 0x00, 0x02, 0x00, 0x22, 0x00, 0x02, 0x00, 0x22, 0x00, 0x02, 0x00, 0x22, 0x00,
    0x02, 0x00, 0x22, 0x00, 0x02, 0x00, 0x65, 0x08, 0x23, 0x00, 0x22, 0x00, 0x02, 0x00, 0x22, 0x00,
    0x02, 0x00, 0x22, 0x00, 0x02, 0x00, 0x22, 0x00, 0x02, 0x00, 0x22, 0x00, 0x02, 0x00, 0x43, 0x08,
    0x64, 0x08, 0x22, 0x00, 0x02, 0x00, 0x22, 0x00, 0x02, 0x00, 0x22, 0x00, 0x02, 0x00, 0x22, 0x00,
    0x02, 0x00, 0x22, 0x00, 0x02, 0x00, 0x22, 0x00, 0x65, 0x08, 0x43, 0x08, 0x02, 0x00, 0x22, 0x00,
    0x02, 0x00, 0x22, 0x00, 0x02, 0x00, 0x22, 0x00, 0x02, 0x00, 0x22, 0x00, 0x02, 0x00, 0x22, 0x00,
    0x23, 0x00, 0x86, 0x10, 0x23, 0x00, 0x22, 0x00, 0x02, 0x00, 0x22, 0x00, 0x02, 0x00, 0x22, 0x00,
    0x02, 0x00, 0x22, 0x00, 0x02, 0x00, 0x22, 0x00, 0x22, 0x00, 0x23, 0x08, 0x65, 0x08, 0x22, 0x00,
    0x22, 0x00, 0x22, 0x00, 0x22, 0x00, 0x22, 0x00, 0x22, 0x00, 0x22, 0x00, 0x22, 0x00, 0x22, 0x00,
    0x22, 0x00, 0x22, 0x00, 0x23, 0x08, 0x86, 0x08, 0x22, 0x00, 0x22, 0x00, 0x22, 0x00, 0x22, 0x00,
    0x22, 0x00, 0x22, 0x00, 0x22, 0x00, 0x22, 0x00, 0x22, 0x00, 0x22, 0x00, 0x22, 0x00, 0x23, 0x00,
    0x85, 0x08, 0x43, 0x08, 0x22, 0x00, 0x22, 0x00, 0x22, 0x00, 0x22, 0x00, 0x22, 0x00, 0x22, 0x00,
    0x22, 0x00, 0x22, 0x00, 0x22, 0x00, 0x22, 0x00, 0x22, 0x00, 0x65, 0x08, 0x44, 0x08, 0x22, 0x00,
    0x22, 0x00, 0x22, 0x00, 0x22, 0x00, 0x22, 0x00, 0x22, 0x00, 0x22, 0x00, 0x22, 0x00, 0x22, 0x00,
    0x22, 0x00, 0x23, 0x00, 0x44, 0x08, 0x86, 0x10, 0x43, 0x08, 0x43, 0x08, 0x23, 0x08, 0x43, 0x08,
    0x44, 0x08, 0x44, 0x08, 0x44, 0x08, 0x44, 0x08, 0x44, 0x08, 0x44, 0x08, 0x44, 0x08, 0x64, 0x08,
    0x86, 0x10, 0x87, 0x10, 0x65, 0x08, 0x65, 0x08, 0x65, 0x08, 0x65, 0x08, 0x65, 0x08, 0x65, 0x08,
    0x65, 0x08, 0x86, 0x10, 0x66, 0x08, 0x86, 0x10, 0x86, 0x10, 0x86, 0x10, 0xa8, 0x10, 0xa7, 0x10,
    0x66, 0x08, 0x86, 0x10, 0x65, 0x08, 0x66, 0x08, 0x65, 0x08, 0x65, 0x08, 0x65, 0x08, 0x65, 0x08,
    0x65, 0x08, 0x65, 0x08, 0x65, 0x08, 0x65, 0x08, 0x86, 0x10, 0x86, 0x10, 0x44, 0x08, 0x44, 0x08,
    0x44, 0x08, 0x44, 0x08, 0x44, 0x08, 0x44, 0x08, 0x44, 0x08, 0x44, 0x08, 0x44, 0x08, 0x44, 0x08,
    0x43, 0x08, 0x44, 0x08, 0x65, 0x08, 0x86, 0x08, 0x23, 0x08, 0x23, 0x08, 0x23, 0x00, 0x23, 0x08,
    0x23, 0x00, 0x43, 0x08, 0x23, 0x00, 0x43, 0x08, 0x23, 0x00, 0x43, 0x08, 0x23, 0x08, 0x43, 0x08,
    0x44, 0x08, 0x87, 0x10, 0x44, 0x08, 0x44, 0x08, 0x23, 0x08, 0x44, 0x08, 0x23, 0x08, 0x44, 0x08,
    0x23, 0x08, 0x44, 0x08, 0x23, 0x08, 0x44, 0x08, 0x24, 0x08, 0x44, 0x08, 0x44, 0x08, 0x86, 0x10,
    0x66, 0x08, 0x44, 0x08, 0x44, 0x08, 0x44, 0x08, 0x44, 0x08, 0x44, 0x08, 0x44, 0x08, 0x44, 0x08,
    0x44, 0x08, 0x44, 0x08, 0x44, 0x08, 0x44, 0x08, 0x44, 0x08, 0x64, 0x08, 0x87, 0x10, 0x65, 0x08,
    0x44, 0x08, 0x44, 0x08, 0x44, 0x08, 0x44, 0x08, 0x44, 0x08, 0x44, 0x08, 0x44, 0x08, 0x44, 0x08,
    0x44, 0x08, 0x44, 0x08, 0x44, 0x08, 0x44, 0x08, 0x45, 0x08, 0xa7, 0x10, 0x65, 0x08, 0x44, 0x08,
    0x44, 0x08, 0x44, 0x08, 0x44, 0x08, 0x44, 0x08, 0x44, 0x08, 0x44, 0x08, 0x44, 0x08, 0x44, 0x08,
    0x44, 0x08, 0x44, 0x08, 0x43, 0x08, 0x64, 0x08, 0x87, 0x10, 0x65, 0x08, 0x43, 0x08, 0x44, 0x08,
    0x43, 0x08, 0x43, 0x08, 0x43, 0x08, 0x43, 0x08, 0x43, 0x08, 0x43, 0x08, 0x23, 0x08, 0x43, 0x08,
    0x23, 0x08, 0x43, 0x08, 0x43, 0x08, 0x86, 0x10, 0x65, 0x08, 0x43, 0x08, 0x23, 0x00, 0x43, 0x08,
    0x23, 0x00, 0x23, 0x08, 0x23, 0x00, 0x23, 0x08, 0x23, 0x00, 0x23, 0x08, 0x23, 0x00, 0x23, 0x08,
    0x23, 0x00, 0x23, 0x08, 0x44, 0x08, 0x86, 0x10, 0x23, 0x08, 0x23, 0x08, 0x23, 0x00, 0x23, 0x00,
    0x02, 0x00, 0x22, 0x00, 0x02, 0x00, 0x22, 0x00, 0x02, 0x00, 0x22, 0x00, 0x02, 0x00, 0x22, 0x00,
    0x02, 0x00, 0x22, 0x00, 0x44, 0x08, 0x44, 0x08, 0x02, 0x00, 0x22, 0x00, 0x02, 0x00, 0x02, 0x00,
    0x01, 0x00, 0x01, 0x00, 0x02, 0x00, 0x02, 0x00, 0x02, 0x00, 0x02, 0x00, 0x02, 0x00, 0x02, 0x00,
    0x02, 0x00, 0x02, 0x00, 0x43, 0x08, 0x44, 0x08, 0x02, 0x00, 0x02, 0x00, 0x02, 0x00, 0x02, 0x00,
    0x02, 0x00, 0x02, 0x00, 0x02, 0x00, 0x02, 0x00, 0x02, 0x00, 0x02, 0x00, 0x23, 0x00, 0x65, 0x08,
    0x02, 0x00, 0x02, 0x00, 0x02, 0x00, 0x02, 0x00, 0x02, 0x00, 0x02, 0x00, 0x02, 0x00, 0x02, 0x00,
    0x02, 0x00, 0x02, 0x00, 0x22, 0x00, 0x65, 0x08, 0x23, 0x00, 0x02, 0x00, 0x02, 0x00, 0x02, 0x00,
    0x22, 0x00, 0x02, 0x00, 0x02, 0x00, 0x02, 0x00, 0x22, 0x00, 0x02, 0x00, 0x22, 0x00, 0x44, 0x08,
    0x44, 0x08, 0x02, 0x00, 0x22, 0x00, 0x02, 0x00, 0x22, 0x00, 0x02, 0x00, 0x22, 0x00, 0x02, 0x00,
    0x22, 0x00, 0x02, 0x00, 0x22, 0x00, 0x02, 0x00, 0x65, 0x08, 0x23, 0x00, 0x22, 0x00, 0x02, 0x00,
    0x22, 0x00, 0x22, 0x00, 0x22, 0x00, 0x22, 0x00, 0x22, 0x00, 0x22, 0x00, 0x22, 0x00, 0x22, 0x00,
    0x23, 0x08, 0x85, 0x08, 0x22, 0x00, 0x22, 0x00, 0x22, 0x00, 0x22, 0x00, 0x22, 0x00, 0x22, 0x00,
    0x22, 0x00, 0x22, 0x00, 0x22, 0x00, 0x22, 0x00, 0x22, 0x00, 0x43, 0x08, 0x65, 0x08, 0x22, 0x00,
    0x22, 0x00, 0x22, 0x00, 0x22, 0x00, 0x22, 0x00, 0x22, 0x00, 0x22, 0x00, 0x22, 0x00, 0x22, 0x00,
    0x22, 0x00, 0x22, 0x00, 0x43, 0x08, 0x65, 0x08, 0x23, 0x00, 0x22, 0x00, 0x22, 0x00, 0x22, 0x00,
    0x22, 0x00, 0x22, 0x00, 0x22, 0x00, 0x22, 0x00, 0x22, 0x00, 0x22, 0x00, 0x22, 0x00, 0x23, 0x00,
    0x86, 0x08, 0x43, 0x08, 0x23, 0x00, 0x23, 0x00, 0x23, 0x08, 0x23, 0x08, 0x23, 0x08, 0x43, 0x08,
    0x44, 0x08, 0x44, 0x08, 0x44, 0x08, 0x44, 0x08, 0x44, 0x08, 0x86, 0x10, 0x86, 0x08, 0x45, 0x08,
    0x65, 0x08, 0x65, 0x08, 0x65, 0x08, 0x65, 0x08, 0x65, 0x08, 0x65, 0x08, 0x85, 0x08, 0x65, 0x08,
    0x86, 0x10, 0x66, 0x08, 0x87, 0x10, 0xc9, 0x10, 0x86, 0x10, 0x86, 0x08, 0x86, 0x10, 0x66, 0x08,
    0x86, 0x10, 0x65, 0x08, 0x65, 0x08, 0x65, 0x08, 0x65, 0x08, 0x65, 0x08, 0x65, 0x08, 0x65, 0x08,
    0x86, 0x10, 0x87, 0x10, 0x65, 0x08, 0x44, 0x08, 0x44, 0x08, 0x44, 0x08, 0x44, 0x08, 0x44, 0x08,
    0x44, 0x08, 0x44, 0x08, 0x44, 0x08, 0x43, 0x08, 0x44, 0x08, 0x43, 0x08, 0x65, 0x08, 0x65, 0x08,
    0x23, 0x00, 0x23, 0x00, 0x23, 0x00, 0x23, 0x00, 0x23, 0x00, 0x23, 0x00, 0x23, 0x00, 0x23, 0x00,
    0x23, 0x00, 0x23, 0x00, 0x23, 0x00, 0x23, 0x00, 0x65, 0x08, 0x65, 0x08, 0x23, 0x00, 0x23, 0x00,
    0x23, 0x00, 0x23, 0x00, 0x23, 0x00, 0x23, 0x00, 0x23, 0x00, 0x23, 0x00, 0x23, 0x00, 0x23, 0x00,
    0x23, 0x00, 0x23, 0x00, 0x65, 0x08, 0x66, 0x08, 0x23, 0x08, 0x23, 0x08, 0x23, 0x08, 0x23, 0x08,
    0x23, 0x08, 0x23, 0x08, 0x23, 0x08, 0x23, 0x08, 0x23, 0x08, 0x23, 0x08, 0x44, 0x08, 0x24, 0x08,
    0x45, 0x08, 0x87, 0x10, 0x44, 0x08, 0x44, 0x08, 0x44, 0x08, 0x44, 0x08, 0x44, 0x08, 0x24, 0x08,
    0x44, 0x08, 0x44, 0x08, 0x44, 0x08, 0x24, 0x08, 0x44, 0x08, 0x44, 0x08, 0x44, 0x08, 0x86, 0x10,
    0x86, 0x10, 0x44, 0x08, 0x44, 0x08, 0x44, 0x08, 0x44, 0x08, 0x44, 0x08, 0x44, 0x08, 0x44, 0x08,
    0x44, 0x08, 0x44, 0x08, 0x44, 0x08, 0x44, 0x08, 0x44, 0x08, 0x44, 0x08, 0x87, 0x10, 0x65, 0x08,
    0x44, 0x08, 0x44, 0x08, 0x44, 0x08, 0x44, 0x08, 0x44, 0x08, 0x44, 0x08, 0x44, 0x08, 0x44, 0x08,
    0x44, 0x08, 0x44, 0x08, 0x44, 0x08, 0x44, 0x08, 0x65, 0x08, 0x87, 0x10, 0x65, 0x08, 0x44, 0x08,
    0x44, 0x08, 0x44, 0x08, 0x44, 0x08, 0x44, 0x08, 0x44, 0x08, 0x44, 0x08, 0x44, 0x08, 0x44, 0x08,
    0x44, 0x08, 0x44, 0x08, 0x44, 0x08, 0x44, 0x08, 0x87, 0x10, 0x65, 0x08, 0x44, 0x08, 0x43, 0x08,
    0x44, 0x08, 0x43, 0x08, 0x44, 0x08, 0x43, 0x08, 0x44, 0x08, 0x43, 0x08, 0x43, 0x08, 0x23, 0x08,
    0x43, 0x08, 0x23, 0x08, 0x23, 0x08, 0x86, 0x08, 0x65, 0x10, 0x23, 0x08, 0x23, 0x08, 0x23, 0x08,
    0x23, 0x08, 0x23, 0x08, 0x23, 0x08, 0x23, 0x08, 0x23, 0x08, 0x23, 0x08, 0x23, 0x08, 0x23, 0x00,
    0x23, 0x08, 0x23, 0x00, 0x44, 0x08, 0x86, 0x10, 0x43, 0x08, 0x23, 0x00, 0x23, 0x00, 0x23, 0x00,
    0x22, 0x00, 0x22, 0x00, 0x22, 0x00, 0x02, 0x00, 0x22, 0x00, 0x02, 0x00, 0x22, 0x00, 0x02, 0x00,
    0x22, 0x00, 0x02, 0x00, 0x44, 0x08, 0x44, 0x08, 0x02, 0x00, 0x02, 0x00, 0x02, 0x00, 0x02, 0x00,
    0x01, 0x00, 0x02, 0x00, 0x01, 0x00, 0x02, 0x00, 0x01, 0x00, 0x02, 0x00, 0x02, 0x00, 0x02, 0x00,
    0x01, 0x00, 0x02, 0x00, 0x44, 0x08, 0x44, 0x08, 0x02, 0x00, 0x02, 0x00, 0x02, 0x00, 0x22, 0x00,
    0x02, 0x00, 0x02, 0x00, 0x02, 0x00, 0x22, 0x00, 0x02, 0x00, 0x02, 0x00, 0x43, 0x08, 0x64, 0x08,
    0x02, 0x00, 0x02, 0x00, 0x02, 0x00, 0x22, 0x00, 0x02, 0x00, 0x22, 0x00, 0x02, 0x00, 0x22, 0x00,
    0x02, 0x00, 0x22, 0x00, 0x22, 0x00, 0x85, 0x08, 0x22, 0x00, 0x22, 0x00, 0x02, 0x00, 0x22, 0x00,
    0x02, 0x00, 0x22, 0x00, 0x02, 0x00, 0x22, 0x00, 0x02, 0x00, 0x22, 0x00, 0x02, 0x00, 0x64, 0x08,
    0x44, 0x08, 0x22, 0x00, 0x02, 0x00, 0x22, 0x00, 0x02, 0x00, 0x22, 0x00, 0x02, 0x00, 0x22, 0x00,
    0x02, 0x00, 0x22, 0x00, 0x02, 0x00, 0x22, 0x00, 0x65, 0x08, 0x23, 0x08, 0x02, 0x00, 0x22, 0x00,
    0x02, 0x00, 0x22, 0x00, 0x02, 0x00, 0x22, 0x00, 0x02, 0x00, 0x22, 0x00, 0x02, 0x00, 0x22, 0x00,
    0x23, 0x00, 0x65, 0x08, 0x02, 0x00, 0x22, 0x00, 0x02, 0x00, 0x22, 0x00, 0x22, 0x00, 0x22, 0x00,
    0x02, 0x00, 0x22, 0x00, 0x22, 0x00, 0x22, 0x00, 0x02, 0x00, 0x44, 0x08, 0x65, 0x08, 0x22, 0x00,
    0x23, 0x00, 0x23, 0x00, 0x23, 0x00, 0x23, 0x08, 0x23, 0x00, 0x23, 0x08, 0x43, 0x08, 0x44, 0x08,
    0x44, 0x08, 0x44, 0x08, 0x65, 0x08, 0x87, 0x10, 0x44, 0x08, 0x44, 0x08, 0x44, 0x08, 0x64, 0x08,
    0x65, 0x08, 0x65, 0x08, 0x65, 0x08, 0x65, 0x08, 0x65, 0x08, 0x65, 0x08, 0x65, 0x08, 0x86, 0x10,
    0xc8, 0x10, 0x86, 0x10, 0x86, 0x08, 0x86, 0x10, 0x86, 0x08, 0x86, 0x10, 0x65, 0x08, 0x86, 0x10,
    0x65, 0x08, 0x65, 0x08, 0x65, 0x08, 0x65, 0x08, 0x65, 0x08, 0xa7, 0x10, 0x86, 0x10, 0x65, 0x08,
    0x44, 0x08, 0x64, 0x08, 0x44, 0x08, 0x44, 0x08, 0x44, 0x08, 0x44, 0x08, 0x44, 0x08, 0x44, 0x08,
    0x44, 0x08, 0x43, 0x08, 0x44, 0x08, 0x86, 0x10, 0x23, 0x08, 0x23, 0x08, 0x23, 0x00, 0x23, 0x00,
    0x23, 0x00, 0x23, 0x00, 0x23, 0x00, 0x23, 0x00, 0x23, 0x00, 0x23, 0x00, 0x23, 0x00, 0x23, 0x00,
    0x44, 0x08, 0x65, 0x08, 0x23, 0x00, 0x23, 0x00, 0x23, 0x00, 0x23, 0x00, 0x23, 0x00, 0x23, 0x00,
    0x23, 0x00, 0x23, 0x00, 0x23, 0x00, 0x23, 0x00, 0x23, 0x00, 0x23, 0x00, 0x65, 0x08, 0x65, 0x08,
    0x23, 0x00, 0x23, 0x00, 0x23, 0x00, 0x23, 0x00, 0x23, 0x00, 0x23, 0x00, 0x23, 0x00, 0x23, 0x00,
    0x23, 0x00, 0x23, 0x00, 0x23, 0x00, 0x23, 0x00, 0x65, 0x08, 0x65, 0x08, 0x23, 0x00, 0x23, 0x00,
    0x23, 0x00, 0x23, 0x00, 0x23, 0x00, 0x23, 0x00, 0x23, 0x00, 0x23, 0x00, 0x23, 0x00, 0x23, 0x00,
    0x23, 0x00, 0x23, 0x00, 0x65, 0x08, 0x86, 0x10, 0x23, 0x00, 0x23, 0x08, 0x23, 0x00, 0x23, 0x08,
    0x23, 0x00, 0x23, 0x08, 0x23, 0x00, 0x24, 0x08, 0x23, 0x00, 0x23, 0x08, 0x23, 0x08, 0x44, 0x08,
    0x44, 0x08, 0x87, 0x10, 0x44, 0x08, 0x44, 0x08, 0x23, 0x08, 0x44, 0x08, 0x23, 0x08, 0x44, 0x08,
    0x23, 0x08, 0x44, 0x08, 0x24, 0x08, 0x44, 0x08, 0x24, 0x08, 0x44, 0x08, 0x24, 0x08, 0x86, 0x10,
    0x86, 0x08, 0x44, 0x08, 0x24, 0x08, 0x44, 0x08, 0x24, 0x08, 0x44, 0x08, 0x44, 0x08, 0x44, 0x08,
    0x24, 0x08, 0x44, 0x08, 0x44, 0x08, 0x44, 0x08, 0x44, 0x08, 0x44, 0x08, 0x86, 0x10, 0x86, 0x10,
    0x44, 0x08, 0x44, 0x08, 0x44, 0x08, 0x44, 0x08, 0x44, 0x08, 0x44, 0x08, 0x44, 0x08, 0x44, 0x08,
    0x44, 0x08, 0x44, 0x08, 0x44, 0x08, 0x44, 0x08, 0x44, 0x08, 0x87, 0x10, 0x65, 0x08, 0x44, 0x08,
    0x44, 0x08, 0x44, 0x08, 0x44, 0x08, 0x44, 0x08, 0x44, 0x08, 0x44, 0x08, 0x44, 0x08, 0x44, 0x08,
    0x23, 0x08, 0x44, 0x08, 0x44, 0x08, 0x44, 0x08, 0x86, 0x10, 0x65, 0x08, 0x23, 0x08, 0x44, 0x08,
    0x23, 0x08, 0x44, 0x08, 0x23, 0x08, 0x44, 0x08, 0x23, 0x08, 0x43, 0x08, 0x23, 0x08, 0x43, 0x08,
    0x23, 0x00, 0x23, 0x08, 0x23, 0x08, 0x65, 0x08, 0x65, 0x08, 0x23, 0x08, 0x23, 0x08, 0x23, 0x08,
    0x23, 0x00, 0x23, 0x08, 0x23, 0x00, 0x23, 0x08, 0x23, 0x00, 0x23, 0x08, 0x23, 0x00, 0x23, 0x08,
    0x23, 0x00, 0x23, 0x00, 0x24, 0x08, 0x86, 0x10, 0x44, 0x08, 0x23, 0x00, 0x22, 0x00, 0x23, 0x00,
    0x22, 0x00, 0x22, 0x00, 0x02, 0x00, 0x22, 0x00, 0x02, 0x00, 0x22, 0x00, 0x02, 0x00, 0x22, 0x00,
    0x02, 0x00, 0x22, 0x00, 0x44, 0x08, 0x65, 0x08, 0x22, 0x00, 0x02, 0x00, 0x02, 0x00, 0x02, 0x00,
    0x01, 0x00, 0x01, 0x00, 0x01, 0x00, 0x01, 0x00, 0x01, 0x00, 0x01, 0x00, 0x01, 0x00, 0x01, 0x00,
    0x01, 0x00, 0x01, 0x00, 0x64, 0x08, 0x23, 0x00, 0x01, 0x00, 0x01, 0x00, 0x02, 0x00, 0x02, 0x00,
    0x02, 0x00, 0x02, 0x00, 0x02, 0x00, 0x02, 0x00, 0x02, 0x00, 0x02, 0x00, 0x44, 0x08, 0x44, 0x08,
    0x02, 0x00, 0x02, 0x00, 0x02, 0x00, 0x02, 0x00, 0x02, 0x00, 0x02, 0x00, 0x02, 0x00, 0x02, 0x00,
    0x02, 0x00, 0x02, 0x00, 0x23, 0x00, 0x65, 0x08, 0x02, 0x00, 0x02, 0x00, 0x22, 0x00, 0x02, 0x00,
    0x02, 0x00, 0x02, 0x00, 0x22, 0x00, 0x02, 0x00, 0x02, 0x00, 0x02, 0x00, 0x22, 0x00, 0x64, 0x08,
    0x43, 0x08, 0x02, 0x00, 0x22, 0x00, 0x02, 0x00, 0x22, 0x00, 0x02, 0x00, 0x22, 0x00, 0x22, 0x00,
    0x22, 0x00, 0x02, 0x00, 0x22, 0x00, 0x23, 0x00, 0x85, 0x08, 0x22, 0x00, 0x22, 0x00, 0x22, 0x00,
    0x22, 0x00, 0x23, 0x00, 0x23, 0x08, 0x23, 0x08, 0x23, 0x08, 0x23, 0x00, 0x43, 0x08, 0x43, 0x08,
    0x65, 0x08, 0x86, 0x10, 0x44, 0x08, 0x44, 0x08, 0x44, 0x08, 0x44, 0x08, 0x44, 0x08, 0x64, 0x08,
    0x64, 0x08, 0x65, 0x08, 0x65, 0x08, 0x65, 0x08, 0x65, 0x08, 0x87, 0x10, 0xa7, 0x10, 0x65, 0x08,
    0x86, 0x08, 0x86, 0x08, 0x86, 0x10, 0x86, 0x08, 0x85, 0x08, 0x65, 0x08, 0x65, 0x08, 0x65, 0x08,
    0x65, 0x08, 0x65, 0x08, 0x86, 0x10, 0xa7, 0x10, 0x65, 0x08, 0x44, 0x08, 0x44, 0x08, 0x44, 0x08,
    0x44, 0x08, 0x44, 0x08, 0x44, 0x08, 0x44, 0x08, 0x44, 0x08, 0x44, 0x08, 0x43, 0x08, 0x44, 0x08,
    0x86, 0x10, 0x43, 0x08, 0x23, 0x08, 0x23, 0x00, 0x23, 0x00, 0x23, 0x00, 0x23, 0x00, 0x22, 0x00,
    0x22, 0x00, 0x22, 0x00, 0x22, 0x00, 0x22, 0x00, 0x22, 0x00, 0x65, 0x08, 0x44, 0x08, 0x22, 0x00,
    0x22, 0x00, 0x22, 0x00, 0x22, 0x00, 0x22, 0x00, 0x22, 0x00, 0x22, 0x00, 0x22, 0x00, 0x22, 0x00,
    0x22, 0x00, 0x22, 0x00, 0x44, 0x08, 0x66, 0x08, 0x23, 0x00, 0x22, 0x00, 0x22, 0x00, 0x22, 0x00,
    0x22, 0x00, 0x22, 0x00, 0x22, 0x00, 0x22, 0x00, 0x22, 0x00, 0x22, 0x00, 0x22, 0x00, 0x22, 0x00,
    0x64, 0x08, 0x65, 0x08, 0x23, 0x00, 0x22, 0x00, 0x23, 0x00, 0x22, 0x00, 0x23, 0x00, 0x23, 0x00,
    0x23, 0x00, 0x23, 0x00, 0x23, 0x00, 0x23, 0x00, 0x23, 0x00, 0x23, 0x00, 0x65, 0x08, 0x65, 0x08,
    0x23, 0x00, 0x23, 0x00, 0x23, 0x00, 0x23, 0x00, 0x23, 0x00, 0x23, 0x00, 0x23, 0x00, 0x23, 0x00,
    0x23, 0x00, 0x23, 0x00, 0x23, 0x00, 0x23, 0x00, 0x65, 0x08, 0x65, 0x08, 0x23, 0x00, 0x23, 0x00,
    0x23, 0x00, 0x23, 0x00, 0x23, 0x00, 0x23, 0x00, 0x23, 0x00, 0x23, 0x00, 0x23, 0x00, 0x23, 0x00,
    0x23, 0x00, 0x23, 0x00, 0x65, 0x08, 0x86, 0x08, 0x23, 0x00, 0x23, 0x00, 0x23, 0x08, 0x23, 0x08,
    0x23, 0x08, 0x23, 0x00, 0x23, 0x08, 0x23, 0x08, 0x23, 0x08, 0x23, 0x08, 0x23, 0x08, 0x23, 0x08,
    0x44, 0x08, 0x86, 0x10, 0x44, 0x08, 0x23, 0x08, 0x23, 0x08, 0x23, 0x08, 0x43, 0x08, 0x43, 0x08,
    0x43, 0x08, 0x23, 0x08, 0x43, 0x08, 0x43, 0x08, 0x43, 0x08, 0x23, 0x08, 0x43, 0x08, 0x65, 0x08,
    0x86, 0x10, 0x23, 0x08, 0x43, 0x08, 0x23, 0x08, 0x43, 0x08, 0x23, 0x08, 0x44, 0x08, 0x43, 0x08,
    0x43, 0x08, 0x23, 0x08, 0x44, 0x08, 0x43, 0x08, 0x43, 0x08, 0x43, 0x08, 0x86, 0x10, 0x65, 0x08,
    0x43, 0x08, 0x43, 0x08, 0x43, 0x08, 0x43, 0x08, 0x43, 0x08, 0x43, 0x08, 0x44, 0x08, 0x43, 0x08,
    0x43, 0x08, 0x43, 0x08, 0x44, 0x08, 0x43, 0x08, 0x44, 0x08, 0x86, 0x08, 0x65, 0x08, 0x43, 0x08,
    0x43, 0x08, 0x43, 0x08, 0x43, 0x08, 0x43, 0x08, 0x43, 0x08, 0x43, 0x08, 0x43, 0x08, 0x43, 0x08,
    0x43, 0x08, 0x23, 0x08, 0x43, 0x08, 0x43, 0x08, 0x86, 0x08, 0x65, 0x08, 0x43, 0x08, 0x23, 0x08,
    0x23, 0x08, 0x23, 0x08, 0x23, 0x08, 0x23, 0x08, 0x23, 0x08, 0x23, 0x08, 0x23, 0x08, 0x23, 0x08,
    0x23, 0x08, 0x23, 0x08, 0x23, 0x08, 0x65, 0x08, 0x86, 0x10, 0x23, 0x08, 0x23, 0x08, 0x23, 0x08,
    0x23, 0x08, 0x23, 0x00, 0x23, 0x08, 0x23, 0x00, 0x23, 0x00, 0x23, 0x00, 0x23, 0x00, 0x23, 0x00,
    0x23, 0x00, 0x22, 0x00, 0x43, 0x08, 0x86, 0x10, 0x44, 0x08, 0x22, 0x00, 0x22, 0x00, 0x22, 0x00,
    0x22, 0x00, 0x02, 0x00, 0x22, 0x00, 0x22, 0x00, 0x22, 0x00, 0x02, 0x00, 0x22, 0x00, 0x02, 0x00,
    0x02, 0x00, 0x02, 0x00, 0x43, 0x08, 0x65, 0x08, 0x22, 0x00, 0x02, 0x00, 0x02, 0x00, 0x02, 0x00,
    0x01, 0x00, 0x02, 0x00, 0x01, 0x00, 0x02, 0x00, 0x01, 0x00, 0x02, 0x00, 0x01, 0x00, 0x02, 0x00,
    0x02, 0x00, 0x02, 0x00, 0x65, 0x08, 0x22, 0x00, 0x02, 0x00, 0x02, 0x00, 0x02, 0x00, 0x02, 0x00,
    0x02, 0x00, 0x02, 0x00, 0x02, 0x00, 0x02, 0x00, 0x02, 0x00, 0x22, 0x00, 0x64, 0x08, 0x43, 0x08,
    0x02, 0x00, 0x22, 0x00, 0x02, 0x00, 0x22, 0x00, 0x02, 0x00, 0x22, 0x00, 0x02, 0x00, 0x22, 0x00,
    0x02, 0x00, 0x22, 0x00, 0x43, 0x08, 0x65, 0x08, 0x02, 0x00, 0x22, 0x00, 0x22, 0x00, 0x22, 0x00,
    0x22, 0x00, 0x23, 0x08, 0x23, 0x00, 0x23, 0x08, 0x23, 0x00, 0x43, 0x08, 0x43, 0x08, 0x86, 0x10,
    0x64, 0x08, 0x44, 0x08, 0x44, 0x08, 0x44, 0x08, 0x44, 0x08, 0x64, 0x08, 0x44, 0x08, 0x64, 0x08,
    0x65, 0x08, 0x65, 0x08, 0x65, 0x08, 0x86, 0x10, 0xa8, 0x10, 0x65, 0x08, 0x65, 0x08, 0x86, 0x08,
    0x66, 0x08, 0x86, 0x08, 0x65, 0x08, 0x85, 0x08, 0x65, 0x08, 0x65, 0x08, 0x65, 0x08, 0x65, 0x08,
    0x86, 0x10, 0xa7, 0x10, 0x44, 0x08, 0x65, 0x08, 0x44, 0x08, 0x44, 0x08, 0x44, 0x08, 0x44, 0x08,
    0x44, 0x08, 0x44, 0x08, 0x44, 0x08, 0x44, 0x08, 0x43, 0x08, 0x65, 0x08, 0x65, 0x08, 0x23, 0x08,
    0x23, 0x08, 0x23, 0x00, 0x23, 0x00, 0x23, 0x00, 0x23, 0x00, 0x22, 0x00, 0x22, 0x00, 0x22, 0x00,
    0x22, 0x00, 0x22, 0x00, 0x44, 0x08, 0x65, 0x08, 0x22, 0x00, 0x22, 0x00, 0x22, 0x00, 0x22, 0x00,
    0x22, 0x00, 0x22, 0x00, 0x22, 0x00, 0x22, 0x00, 0x22, 0x00, 0x22, 0x00, 0x22, 0x00, 0x43, 0x08,
    0x86, 0x08, 0x23, 0x00, 0x22, 0x00, 0x22, 0x00, 0x22, 0x00, 0x22, 0x00, 0x22, 0x00, 0x22, 0x00,
    0x22, 0x00, 0x22, 0x00, 0x22, 0x00, 0x22, 0x00, 0x22, 0x00, 0x65, 0x08, 0x44, 0x08, 0x22, 0x00,
    0x22, 0x00, 0x23, 0x00, 0x22, 0x00, 0x23, 0x00, 0x22, 0x00, 0x23, 0x00, 0x22, 0x00, 0x23, 0x00,
    0x22, 0x00, 0x23, 0x00, 0x44, 0x08, 0x86, 0x10, 0x23, 0x00, 0x23, 0x00, 0x22, 0x00, 0x23, 0x00,
    0x23, 0x00, 0x23, 0x00, 0x23, 0x00, 0x23, 0x00, 0x23, 0x00, 0x23, 0x00, 0x23, 0x00, 0x23, 0x00,
    0x44, 0x08, 0x65, 0x08, 0x23, 0x00, 0x23, 0x00, 0x23, 0x00, 0x23, 0x00, 0x23, 0x00, 0x23, 0x00,
    0x23, 0x00, 0x23, 0x00, 0x23, 0x00, 0x23, 0x00, 0x23, 0x00, 0x23, 0x00, 0x65, 0x08, 0x65, 0x08,
    0x23, 0x00, 0x23, 0x00, 0x23, 0x00, 0x23, 0x00, 0x23, 0x00, 0x23, 0x00, 0x23, 0x00, 0x23, 0x00,
    0x23, 0x00, 0x23, 0x00, 0x23, 0x00, 0x23, 0x00, 0x65, 0x08, 0x65, 0x08, 0x23, 0x00, 0x23, 0x00,
    0x23, 0x00, 0x23, 0x00, 0x23, 0x00, 0x23, 0x00, 0x23, 0x00, 0x23, 0x00, 0x23, 0x00, 0x23, 0x00,
    0x23, 0x00, 0x23, 0x00, 0x44, 0x08, 0x86, 0x10, 0x23, 0x00, 0x23, 0x08, 0x23, 0x00, 0x23, 0x08,
    0x23, 0x00, 0x23, 0x08, 0x23, 0x00, 0x23, 0x08, 0x23, 0x00, 0x23, 0x08, 0x23, 0x00, 0x23, 0x08,
    0x44, 0x08, 0x87, 0x10, 0x44, 0x08, 0x23, 0x08, 0x23, 0x00, 0x43, 0x08, 0x23, 0x00, 0x44, 0x08,
    0x23, 0x00, 0x44, 0x08, 0x23, 0x00, 0x44, 0x08, 0x23, 0x08, 0x44, 0x08, 0x23, 0x08, 0x65, 0x08,
    0x86, 0x10, 0x44, 0x08, 0x23, 0x08, 0x44, 0x08, 0x23, 0x08, 0x44, 0x08, 0x23, 0x08, 0x44, 0x08,
    0x23, 0x08, 0x44, 0x08, 0x24, 0x08, 0x44, 0x08, 0x24, 0x08, 0x44, 0x08, 0x66, 0x10, 0x86, 0x10,
    0x24, 0x08, 0x44, 0x08, 0x24, 0x08, 0x44, 0x08, 0x24, 0x08, 0x44, 0x08, 0x23, 0x08, 0x44, 0x08,
    0x23, 0x08, 0x44, 0x08, 0x23, 0x08, 0x44, 0x08, 0x23, 0x08, 0x86, 0x10, 0x65, 0x08, 0x44, 0x08,
    0x23, 0x08, 0x44, 0x08, 0x23, 0x08, 0x44, 0x08, 0x23, 0x08, 0x44, 0x08, 0x23, 0x08, 0x44, 0x08,
    0x23, 0x08, 0x43, 0x08, 0x23, 0x08, 0x43, 0x08, 0x65, 0x08, 0x86, 0x10, 0x23, 0x08, 0x43, 0x08,
    0x23, 0x08, 0x23, 0x08, 0x23, 0x08, 0x23, 0x08, 0x23, 0x08, 0x23, 0x08, 0x23, 0x08, 0x23, 0x08,
    0x23, 0x08, 0x23, 0x08, 0x23, 0x00, 0x65, 0x08, 0x86, 0x10, 0x44, 0x08, 0x23, 0x00, 0x23, 0x08,
    0x23, 0x00, 0x23, 0x08, 0x23, 0x00, 0x23, 0x00, 0x23, 0x00, 0x23, 0x00, 0x23, 0x00, 0x23, 0x00,
    0x23, 0x00, 0x23, 0x00, 0x23, 0x00, 0x85, 0x08, 0x44, 0x08, 0x23, 0x00, 0x22, 0x00, 0x22, 0x00,
    0x02, 0x00, 0x22, 0x00, 0x02, 0x00, 0x22, 0x00, 0x02, 0x00, 0x22, 0x00, 0x02, 0x00, 0x02, 0x00,
    0x02, 0x00, 0x02, 0x00, 0x23, 0x00, 0x65, 0x08, 0x23, 0x00, 0x02, 0x00, 0x02, 0x00, 0x02, 0x00,
    0x02, 0x00, 0x01, 0x00, 0x02, 0x00, 0x01, 0x00, 0x02, 0x00, 0x02, 0x00, 0x02, 0x00, 0x02, 0x00,
    0x02, 0x00, 0x22, 0x00, 0x65, 0x08, 0x02, 0x00, 0x02, 0x00, 0x02, 0x00, 0x22, 0x00, 0x22, 0x00,
    0x23, 0x00, 0x23, 0x00, 0x23, 0x00, 0x23, 0x00, 0x23, 0x00, 0x43, 0x08, 0x86, 0x10, 0x44, 0x08,
    0x43, 0x08, 0x44, 0x08, 0x44, 0x08, 0x44, 0x08, 0x44, 0x08, 0x44, 0x08, 0x64, 0x08, 0x64, 0x08,
    0x64, 0x08, 0x65, 0x08, 0x86, 0x10, 0xa7, 0x10, 0x65, 0x08, 0x65, 0x08, 0x65, 0x08, 0x85, 0x08,
    0x66, 0x08, 0x65, 0x08, 0x65, 0x08, 0x65, 0x08, 0x65, 0x08, 0x65, 0x08, 0x65, 0x08, 0xa7, 0x10,
    0x65, 0x08, 0x64, 0x08, 0x64, 0x08, 0x44, 0x08, 0x44, 0x08, 0x44, 0x08, 0x44, 0x08, 0x44, 0x08,
    0x44, 0x08, 0x43, 0x08, 0x43, 0x08, 0x44, 0x08, 0x86, 0x10, 0x23, 0x08, 0x23, 0x08, 0x23, 0x00,
    0x23, 0x00, 0x23, 0x00, 0x22, 0x00, 0x22, 0x00, 0x22, 0x00, 0x22, 0x00, 0x22, 0x00, 0x22, 0x00,
    0x44, 0x08, 0x44, 0x08, 0x22, 0x00, 0x22, 0x00, 0x22, 0x00, 0x22, 0x00, 0x22, 0x00, 0x22, 0x00,
    0x22, 0x00, 0x22, 0x00, 0x22, 0x00, 0x22, 0x00, 0x22, 0x00, 0x44, 0x08, 0x44, 0x08, 0x22, 0x00,
    0x22, 0x00, 0x22, 0x00, 0x22, 0x00, 0x22, 0x00, 0x22, 0x00, 0x22, 0x00, 0x22, 0x00, 0x22, 0x00,
    0x22, 0x00, 0x22, 0x00, 0x44, 0x08, 0x65, 0x08, 0x22, 0x00, 0x22, 0x00, 0x22, 0x00, 0x22, 0x00,
    0x22, 0x00, 0x22, 0x00, 0x22, 0x00, 0x22, 0x00, 0x22, 0x00, 0x22, 0x00, 0x22, 0x00, 0x43, 0x08,
    0x65, 0x08, 0x23, 0x00, 0x22, 0x00, 0x22, 0x00, 0x22, 0x00, 0x22, 0x00, 0x22, 0x00, 0x22, 0x00,
    0x22, 0x00, 0x22, 0x00, 0x22, 0x00, 0x22, 0x00, 0x22, 0x00, 0x65, 0x08, 0x44, 0x08, 0x22, 0x00,
    0x22, 0x00, 0x22, 0x00, 0x22, 0x00, 0x22, 0x00, 0x22, 0x00, 0x22, 0x00, 0x22, 0x00, 0x22, 0x00,
    0x23, 0x00, 0x22, 0x00, 0x44, 0x08, 0x66, 0x08, 0x23, 0x00, 0x23, 0x00, 0x23, 0x00, 0x23, 0x00,
    0x23, 0x00, 0x23, 0x00, 0x23, 0x00, 0x23, 0x00, 0x23, 0x00, 0x23, 0x00, 0x23, 0x00, 0x23, 0x00,
    0x65, 0x08, 0x65, 0x08, 0x23, 0x00, 0x23, 0x00, 0x23, 0x00, 0x23, 0x00, 0x23, 0x00, 0x23, 0x00,
    0x23, 0x00, 0x23, 0x00, 0x23, 0x00, 0x23, 0x00, 0x23, 0x00, 0x23, 0x00, 0x65, 0x08, 0x65, 0x08,
    0x23, 0x00, 0x23, 0x00, 0x23, 0x00, 0x23, 0x00, 0x23, 0x00, 0x23, 0x00, 0x23, 0x00, 0x23, 0x00,
    0x23, 0x00, 0x23, 0x00, 0x23, 0x00, 0x23, 0x00, 0x65, 0x08, 0x65, 0x08, 0x23, 0x00, 0x23, 0x00,
    0x23, 0x00, 0x23, 0x00, 0x23, 0x00, 0x23, 0x00, 0x23, 0x00, 0x23, 0x00, 0x23, 0x00, 0x23, 0x00,
    0x23, 0x00, 0x23, 0x00, 0x44, 0x08, 0x66, 0x08, 0x23, 0x08, 0x23, 0x00, 0x23, 0x00, 0x23, 0x00,
    0x23, 0x00, 0x23, 0x00, 0x23, 0x00, 0x23, 0x00, 0x23, 0x08, 0x23, 0x08, 0x23, 0x08, 0x23, 0x08,
    0x44, 0x08, 0x86, 0x10, 0x65, 0x08, 0x23, 0x08, 0x23, 0x08, 0x23, 0x08, 0x23, 0x08, 0x23, 0x08,
    0x23, 0x08, 0x23, 0x08, 0x23, 0x08, 0x23, 0x08, 0x43, 0x08, 0x23, 0x08, 0x43, 0x08, 0x65, 0x08,
    0x86, 0x10, 0x44, 0x08, 0x43, 0x08, 0x23, 0x08, 0x44, 0x08, 0x24, 0x08, 0x44, 0x08, 0x23, 0x08,
    0x44, 0x08, 0x23, 0x08, 0x44, 0x08, 0x23, 0x08, 0x44, 0x08, 0x23, 0x08, 0x66, 0x10, 0x66, 0x08,
    0x44, 0x08, 0x24, 0x08, 0x24, 0x08, 0x24, 0x08, 0x44, 0x08, 0x24, 0x08, 0x24, 0x08, 0x24, 0x08,
    0x24, 0x08, 0x24, 0x08, 0x24, 0x08, 0x23, 0x08, 0x44, 0x08, 0x66, 0x10, 0x66, 0x10, 0x23, 0x08,
    0x23, 0x08, 0x23, 0x08, 0x23, 0x08, 0x23, 0x08, 0x23, 0x08, 0x23, 0x08, 0x23, 0x08, 0x23, 0x08,
    0x23, 0x08, 0x23, 0x08, 0x23, 0x08, 0x23, 0x08, 0x65, 0x08, 0x86, 0x10, 0x23, 0x08, 0x23, 0x08,
    0x23, 0x08, 0x23, 0x08, 0x23, 0x08, 0x23, 0x08, 0x23, 0x08, 0x23, 0x08, 0x23, 0x08, 0x23, 0x08,
    0x23, 0x08, 0x23, 0x00, 0x23, 0x08, 0x44, 0x08, 0x86, 0x10, 0x44, 0x08, 0x23, 0x00, 0x23, 0x00,
    0x23, 0x00, 0x23, 0x00, 0x23, 0x00, 0x23, 0x00, 0x23, 0x00, 0x23, 0x00, 0x23, 0x00, 0x22, 0x00,
    0x22, 0x00, 0x22, 0x00, 0x22, 0x00, 0x65, 0x08, 0x65, 0x08, 0x22, 0x00, 0x22, 0x00, 0x22, 0x00,
    0x22, 0x00, 0x22, 0x00, 0x02, 0x00, 0x02, 0x00, 0x02, 0x00, 0x02, 0x00, 0x02, 0x00, 0x02, 0x00,
    0x02, 0x00, 0x02, 0x00, 0x22, 0x00, 0x65, 0x08, 0x43, 0x08, 0x02, 0x00, 0x02, 0x00, 0x02, 0x00,
    0x23, 0x00, 0x43, 0x08, 0x43, 0x08, 0x44, 0x08, 0x44, 0x08, 0x44, 0x08, 0x44, 0x08, 0x64, 0x08,
    0x64, 0x08, 0x65, 0x08, 0xa7, 0x10, 0x65, 0x08, 0x65, 0x08, 0x65, 0x08, 0x65, 0x08, 0x85, 0x08,
    0x65, 0x08, 0x65, 0x08, 0x65, 0x08, 0x65, 0x08, 0x65, 0x08, 0x65, 0x08, 0xa7, 0x10, 0x65, 0x08,
    0x44, 0x08, 0x44, 0x08, 0x44, 0x08, 0x44, 0x08, 0x44, 0x08, 0x44, 0x08, 0x43, 0x08, 0x43, 0x08,
    0x43, 0x08, 0x43, 0x08, 0x65, 0x08, 0x65, 0x08, 0x23, 0x00, 0x23, 0x08, 0x22, 0x00, 0x22, 0x00,
    0x22, 0x00, 0x22, 0x00, 0x22, 0x00, 0x22, 0x00, 0x02, 0x00, 0x22, 0x00, 0x22, 0x00, 0x85, 0x10,
    0x22, 0x00, 0x22, 0x00, 0x02, 0x00, 0x22, 0x00, 0x02, 0x00, 0x22, 0x00, 0x02, 0x00, 0x22, 0x00,
    0x02, 0x00, 0x22, 0x00, 0x02, 0x00, 0x44, 0x08, 0x64, 0x08, 0x22, 0x00, 0x02, 0x00, 0x22, 0x00,
    0x02, 0x00, 0x22, 0x00, 0x02, 0x00, 0x22, 0x00, 0x02, 0x00, 0x22, 0x00, 0x02, 0x00, 0x22, 0x00,
    0x44, 0x08, 0x44, 0x08, 0x02, 0x00, 0x22, 0x00, 0x02, 0x00, 0x22, 0x00, 0x02, 0x00, 0x22, 0x00,
    0x02, 0x00, 0x22, 0x00, 0x22, 0x00, 0x22, 0x00, 0x02, 0x00, 0x64, 0x08, 0x44, 0x08, 0x22, 0x00,
    0x02, 0x00, 0x22, 0x00, 0x22, 0x00, 0x22, 0x00, 0x02, 0x00, 0x22, 0x00, 0x22, 0x00, 0x22, 0x00,
    0x22, 0x00, 0x22, 0x00, 0x44, 0x08, 0x44, 0x08, 0x22, 0x00, 0x22, 0x00, 0x22, 0x00, 0x22, 0x00,
    0x22, 0x00, 0x22, 0x00, 0x22, 0x00, 0x22, 0x00, 0x22, 0x00, 0x22, 0x00, 0x22, 0x00, 0x44, 0x08,
    0x65, 0x08, 0x22, 0x00, 0x22, 0x00, 0x22, 0x00, 0x22, 0x00, 0x22, 0x00, 0x22, 0x00, 0x22, 0x00,
    0x22, 0x00, 0x22, 0x00, 0x22, 0x00, 0x22, 0x00, 0x22, 0x00, 0x65, 0x08, 0x44, 0x08, 0x22, 0x00,
    0x22, 0x00, 0x22, 0x00, 0x22, 0x00, 0x22, 0x00, 0x22, 0x00, 0x22, 0x00, 0x22, 0x00, 0x22, 0x00,
    0x22, 0x00, 0x22, 0x00, 0x44, 0x08, 0x85, 0x10, 0x23, 0x00, 0x22, 0x00, 0x22, 0x00, 0x22, 0x00,
    0x22, 0x00, 0x22, 0x00, 0x22, 0x00, 0x22, 0x00, 0x22, 0x00, 0x22, 0x00, 0x22, 0x00, 0x23, 0x00,
    0x44, 0x08, 0x65, 0x08, 0x22, 0x00, 0x23, 0x00, 0x22, 0x00, 0x23, 0x00, 0x22, 0x00, 0x23, 0x00,
    0x22, 0x00, 0x23, 0x00, 0x22, 0x00, 0x23, 0x00, 0x22, 0x00, 0x23, 0x00, 0x65, 0x08, 0x65, 0x08,
    0x23, 0x00, 0x23, 0x00, 0x23, 0x00, 0x23, 0x00, 0x23, 0x00, 0x23, 0x00, 0x23, 0x00, 0x23, 0x00,
    0x23, 0x00, 0x23, 0x00, 0x23, 0x00, 0x23, 0x00, 0x45, 0x08, 0x65, 0x08, 0x23, 0x00, 0x23, 0x00,
    0x23, 0x00, 0x23, 0x00, 0x23, 0x00, 0x23, 0x00, 0x23, 0x00, 0x23, 0x00, 0x23, 0x00, 0x23, 0x00,
    0x23, 0x00, 0x23, 0x00, 0x44, 0x08, 0x86, 0x10, 0x23, 0x00, 0x23, 0x00, 0x23, 0x00, 0x23, 0x00,
    0x23, 0x00, 0x23, 0x00, 0x23, 0x00, 0x23, 0x08, 0x23, 0x00, 0x23, 0x08, 0x23, 0x00, 0x23, 0x08,
    0x23, 0x00, 0x86, 0x10, 0x44, 0x08, 0x23, 0x08, 0x23, 0x00, 0x23, 0x08, 0x23, 0x00, 0x23, 0x08,
    0x23, 0x00, 0x23, 0x08, 0x23, 0x00, 0x43, 0x08, 0x23, 0x00, 0x43, 0x08, 0x23, 0x00, 0x65, 0x08,
    0x86, 0x10, 0x44, 0x08, 0x23, 0x08, 0x43, 0x08, 0x23, 0x00, 0x43, 0x08, 0x23, 0x08, 0x43, 0x08,
    0x23, 0x08, 0x43, 0x08, 0x23, 0x08, 0x43, 0x08, 0x23, 0x08, 0x43, 0x08, 0x65, 0x08, 0x86, 0x10,
    0x23, 0x08, 0x43, 0x08, 0x23, 0x08, 0x43, 0x08, 0x23, 0x08, 0x43, 0x08, 0x23, 0x08, 0x43, 0x08,
    0x23, 0x08, 0x43, 0x08, 0x23, 0x08, 0x43, 0x08, 0x23, 0x08, 0x65, 0x08, 0x86, 0x08, 0x43, 0x08,
    0x23, 0x08, 0x23, 0x08, 0x23, 0x08, 0x43, 0x08, 0x23, 0x08, 0x23, 0x08, 0x23, 0x08, 0x43, 0x08,
    0x23, 0x08, 0x23, 0x08, 0x23, 0x08, 0x43, 0x08, 0x64, 0x08, 0x86, 0x08, 0x43, 0x08, 0x23, 0x08,
    0x23, 0x00, 0x23, 0x08, 0x23, 0x00, 0x23, 0x08, 0x23, 0x00, 0x23, 0x08, 0x23, 0x00, 0x23, 0x08,
    0x23, 0x00, 0x23, 0x08, 0x23, 0x00, 0x44, 0x08, 0x86, 0x10, 0x44, 0x08, 0x23, 0x00, 0x23, 0x00,
    0x22, 0x00, 0x23, 0x00, 0x22, 0x00, 0x23, 0x00, 0x22, 0x00, 0x23, 0x00, 0x22, 0x00, 0x22, 0x00,
    0x22, 0x00, 0x22, 0x00, 0x22, 0x00, 0x64, 0x08, 0x65, 0x08, 0x22, 0x00, 0x02, 0x00, 0x22, 0x00,
    0x02, 0x00, 0x22, 0x00, 0x02, 0x00, 0x02, 0x00, 0x02, 0x00, 0x02, 0x00, 0x02, 0x00, 0x02, 0x00,
    0x02, 0x00, 0x02, 0x00, 0x02, 0x00, 0x65, 0x08, 0x44, 0x08, 0x02, 0x00, 0x02, 0x00, 0x02, 0x00,
    0x44, 0x08, 0x44, 0x08, 0x44, 0x08, 0x43, 0x08, 0x43, 0x08, 0x43, 0x08, 0x23, 0x08, 0x23, 0x08,
    0x23, 0x00, 0x44, 0x08, 0x65, 0x08, 0x23, 0x00, 0x22, 0x00, 0x22, 0x00, 0x22, 0x00, 0x22, 0x00,
    0x22, 0x00, 0x22, 0x00, 0x02, 0x00, 0x02, 0x00, 0x02, 0x00, 0x22, 0x00, 0x65, 0x08, 0x22, 0x00,
    0x02, 0x00, 0x02, 0x00, 0x02, 0x00, 0x02, 0x00, 0x02, 0x00, 0x02, 0x00, 0x02, 0x00, 0x02, 0x00,
    0x02, 0x00, 0x02, 0x00, 0x65, 0x08, 0x43, 0x08, 0x02, 0x00, 0x02, 0x00, 0x22, 0x00, 0x02, 0x00,
    0x02, 0x00, 0x02, 0x00, 0x22, 0x00, 0x02, 0x00, 0x02, 0x00, 0x02, 0x00, 0x23, 0x08, 0x65, 0x08,
    0x02, 0x00, 0x02, 0x00, 0x22, 0x00, 0x02, 0x00, 0x22, 0x00, 0x02, 0x00, 0x22, 0x00, 0x02, 0x00,
    0x22, 0x00, 0x02, 0x00, 0x22, 0x00, 0x44, 0x08, 0x64, 0x08, 0x02, 0x00, 0x22, 0x00, 0x22, 0x00,
    0x22, 0x00, 0x02, 0x00, 0x22, 0x00, 0x22, 0x00, 0x22, 0x00, 0x02, 0x00, 0x22, 0x00, 0x22, 0x00,
    0x65, 0x08, 0x44, 0x08, 0x22, 0x00, 0x22, 0x00, 0x22, 0x00, 0x22, 0x00, 0x22, 0x00, 0x22, 0x00,
    0x22, 0x00, 0x22, 0x00, 0x22, 0x00, 0x22, 0x00, 0x22, 0x00, 0x65, 0x08, 0x44, 0x08, 0x22, 0x00,
    0x22, 0x00, 0x22, 0x00, 0x22, 0x00, 0x22, 0x00, 0x22, 0x00, 0x22, 0x00, 0x22, 0x00, 0x22, 0x00,
    0x22, 0x00, 0x22, 0x00, 0x44, 0x08, 0x44, 0x08, 0x22, 0x00, 0x22, 0x00, 0x22, 0x00, 0x22, 0x00,
    0x22, 0x00, 0x22, 0x00, 0x22, 0x00, 0x22, 0x00, 0x22, 0x00, 0x22, 0x00, 0x22, 0x00, 0x44, 0x08,
    0x65, 0x08, 0x22, 0x00, 0x22, 0x00, 0x22, 0x00, 0x22, 0x00, 0x22, 0x00, 0x22, 0x00, 0x22, 0x00,
    0x22, 0x00, 0x22, 0x00, 0x22, 0x00, 0x22, 0x00, 0x23, 0x00, 0x65, 0x08, 0x44, 0x08, 0x22, 0x00,
    0x22, 0x00, 0x22, 0x00, 0x22, 0x00, 0x22, 0x00, 0x22, 0x00, 0x22, 0x00, 0x23, 0x00, 0x22, 0x00,
    0x22, 0x00, 0x22, 0x00, 0x44, 0x08, 0x66, 0x08, 0x23, 0x00, 0x22, 0x00, 0x23, 0x00, 0x23, 0x00,
    0x23, 0x00, 0x23, 0x00, 0x23, 0x00, 0x23, 0x00, 0x23, 0x00, 0x23, 0x00, 0x23, 0x00, 0x23, 0x00,
    0x65, 0x08, 0x65, 0x08, 0x23, 0x00, 0x23, 0x00, 0x23, 0x00, 0x23, 0x00, 0x23, 0x00, 0x23, 0x00,
    0x23, 0x00, 0x23, 0x00, 0x23, 0x00, 0x23, 0x00, 0x23, 0x00, 0x23, 0x00, 0x65, 0x08, 0x65, 0x08,
    0x23, 0x00, 0x23, 0x00, 0x23, 0x00, 0x23, 0x00, 0x23, 0x00, 0x23, 0x00, 0x23, 0x00, 0x23, 0x00,
    0x23, 0x00, 0x23, 0x00, 0x23, 0x00, 0x23, 0x00, 0x65, 0x08, 0x65, 0x08, 0x23, 0x00, 0x23, 0x00,
    0x23, 0x00, 0x23, 0x00, 0x23, 0x00, 0x23, 0x00, 0x23, 0x00, 0x23, 0x00, 0x23, 0x00, 0x23, 0x00,
    0x23, 0x00, 0x23, 0x00, 0x44, 0x08, 0x86, 0x10, 0x23, 0x08, 0x23, 0x00, 0x23, 0x00, 0x23, 0x00,
    0x23, 0x00, 0x23, 0x00, 0x23, 0x00, 0x23, 0x00, 0x23, 0x00, 0x23, 0x00, 0x23, 0x00, 0x23, 0x00,
    0x23, 0x00, 0x66, 0x08, 0x65, 0x08, 0x23, 0x00, 0x23, 0x08, 0x23, 0x00, 0x23, 0x08, 0x23, 0x08,
    0x23, 0x08, 0x23, 0x00, 0x23, 0x08, 0x23, 0x08, 0x23, 0x08, 0x23, 0x00, 0x23, 0x08, 0x65, 0x08,
    0x87, 0x10, 0x44, 0x08, 0x23, 0x08, 0x23, 0x08, 0x23, 0x08, 0x23, 0x00, 0x43, 0x08, 0x23, 0x08,
    0x23, 0x08, 0x23, 0x08, 0x43, 0x08, 0x23, 0x08, 0x23, 0x08, 0x23, 0x08, 0x65, 0x08, 0x86, 0x10,
    0x44, 0x08, 0x23, 0x08, 0x43, 0x08, 0x23, 0x08, 0x23, 0x08, 0x23, 0x08, 0x43, 0x08, 0x23, 0x08,
    0x23, 0x08, 0x23, 0x08, 0x23, 0x08, 0x23, 0x08, 0x23, 0x08, 0x65, 0x08, 0x86, 0x10, 0x43, 0x08,
    0x23, 0x08, 0x23, 0x08, 0x23, 0x08, 0x23, 0x08, 0x23, 0x08, 0x23, 0x08, 0x23, 0x08, 0x23, 0x08,
    0x23, 0x08, 0x23, 0x08, 0x23, 0x08, 0x23, 0x08, 0x45, 0x08, 0x86, 0x10, 0x44, 0x08, 0x23, 0x08,
    0x23, 0x08, 0x23, 0x00, 0x23, 0x08, 0x23, 0x00, 0x23, 0x00, 0x23, 0x00, 0x23, 0x00, 0x23, 0x00,
    0x23, 0x00, 0x23, 0x00, 0x23, 0x00, 0x43, 0x08, 0x86, 0x10, 0x44, 0x08, 0x23, 0x00, 0x23, 0x00,
    0x23, 0x00, 0x22, 0x00, 0x23, 0x00, 0x23, 0x00, 0x23, 0x00, 0x22, 0x00, 0x23, 0x00, 0x22, 0x00,
    0x22, 0x00, 0x22, 0x00, 0x22, 0x00, 0x44, 0x08, 0x65, 0x08, 0x23, 0x00, 0x22, 0x00, 0x22, 0x00,
    0x22, 0x00, 0x02, 0x00, 0x02, 0x00, 0x02, 0x00, 0x02, 0x00, 0x02, 0x00, 0x02, 0x00, 0x02, 0x00,
    0x02, 0x00, 0x02, 0x00, 0x22, 0x00, 0x44, 0x08, 0x65, 0x08, 0x22, 0x00, 0x22, 0x00, 0x23, 0x00,
    0x01, 0x00, 0x02, 0x00, 0x01, 0x00, 0x02, 0x00, 0x01, 0x00, 0x02, 0x00, 0x01, 0x00, 0x02, 0x00,
    0x02, 0x00, 0x44, 0x08, 0x44, 0x08, 0x02, 0x00, 0x02, 0x00, 0x02, 0x00, 0x02, 0x00, 0x02, 0x00,
    0x02, 0x00, 0x22, 0x00, 0x02, 0x00, 0x02, 0x00, 0x02, 0x00, 0x43, 0x08, 0x65, 0x08, 0x02, 0x00,
    0x02, 0x00, 0x22, 0x00, 0x02, 0x00, 0x22, 0x00, 0x02, 0x00, 0x22, 0x00, 0x02, 0x00, 0x22, 0x00,
    0x02, 0x00, 0x22, 0x00, 0x65, 0x08, 0x43, 0x08, 0x02, 0x00, 0x22, 0x00, 0x02, 0x00, 0x22, 0x00,
    0x02, 0x00, 0x22, 0x00, 0x02, 0x00, 0x22, 0x00, 0x02, 0x00, 0x22, 0x00, 0x43, 0x08, 0x65, 0x08,
    0x02, 0x00, 0x22, 0x00, 0x02, 0x00, 0x22, 0x00, 0x02, 0x00, 0x22, 0x00, 0x02, 0x00, 0x22, 0x00,
    0x02, 0x00, 0x22, 0x00, 0x02, 0x00, 0x64, 0x08, 0x44, 0x08, 0x22, 0x00, 0x02, 0x00, 0x22, 0x00,
    0x02, 0x00, 0x22, 0x00, 0x02, 0x00, 0x22, 0x00, 0x02, 0x00, 0x22, 0x00, 0x02, 0x00, 0x22, 0x00,
    0x65, 0x08, 0x44, 0x08, 0x02, 0x00, 0x22, 0x00, 0x02, 0x00, 0x22, 0x00, 0x02, 0x00, 0x22, 0x00,
    0x02, 0x00, 0x22, 0x00, 0x02, 0x00, 0x22, 0x00, 0x02, 0x00, 0x65, 0x08, 0x43, 0x08, 0x22, 0x00,
    0x22, 0x00, 0x22, 0x00, 0x22, 0x00, 0x22, 0x00, 0x22, 0x00, 0x22, 0x00, 0x22, 0x00, 0x22, 0x00,
    0x22, 0x00, 0x22, 0x00, 0x65, 0x08, 0x44, 0x08, 0x22, 0x00, 0x22, 0x00, 0x22, 0x00, 0x22, 0x00,
    0x22, 0x00, 0x22, 0x00, 0x22, 0x00, 0x22, 0x00, 0x22, 0x00, 0x22, 0x00, 0x22, 0x00, 0x44, 0x08,
    0x65, 0x08, 0x22, 0x00, 0x22, 0x00, 0x22, 0x00, 0x22, 0x00, 0x22, 0x00, 0x22, 0x00, 0x22, 0x00,
    0x22, 0x00, 0x22, 0x00, 0x22, 0x00, 0x22, 0x00, 0x23, 0x00, 0x86, 0x10, 0x43, 0x08, 0x22, 0x00,
    0x22, 0x00, 0x22, 0x00, 0x22, 0x00, 0x23, 0x00, 0x22, 0x00, 0x23, 0x00, 0x22, 0x00, 0x23, 0x00,
    0x22, 0x00, 0x23, 0x00, 0x44, 0x08, 0x65, 0x08, 0x23, 0x00, 0x23, 0x00, 0x22, 0x00, 0x23, 0x00,
    0x22, 0x00, 0x23, 0x00, 0x22, 0x00, 0x23, 0x00, 0x23, 0x00, 0x23, 0x00, 0x23, 0x00, 0x23, 0x00,
    0x45, 0x08, 0x65, 0x08, 0x23, 0x00, 0x23, 0x00, 0x23, 0x00, 0x23, 0x00, 0x23, 0x00, 0x23, 0x00,
    0x23, 0x00, 0x23, 0x00, 0x23, 0x00, 0x23, 0x00, 0x23, 0x00, 0x23, 0x00, 0x65, 0x08, 0x65, 0x08,
    0x23, 0x00, 0x23, 0x00, 0x23, 0x00, 0x23, 0x00, 0x23, 0x00, 0x23, 0x00, 0x23, 0x00, 0x23, 0x00,
    0x23, 0x00, 0x23, 0x00, 0x23, 0x00, 0x23, 0x00, 0x45, 0x08, 0x65, 0x08, 0x23, 0x00, 0x23, 0x00,
    0x23, 0x00, 0x23, 0x00, 0x23, 0x00, 0x23, 0x00, 0x23, 0x00, 0x23, 0x00, 0x23, 0x00, 0x23, 0x00,
    0x23, 0x00, 0x23, 0x00, 0x44, 0x08, 0x86, 0x10, 0x23, 0x00, 0x23, 0x00, 0x23, 0x00, 0x23, 0x00,
    0x23, 0x00, 0x23, 0x00, 0x23, 0x00, 0x23, 0x00, 0x23, 0x00, 0x23, 0x00, 0x23, 0x00, 0x23, 0x00,
    0x23, 0x00, 0x86, 0x10, 0x45, 0x08, 0x23, 0x08, 0x23, 0x00, 0x23, 0x08, 0x23, 0x00, 0x23, 0x08,
    0x23, 0x00, 0x23, 0x08, 0x23, 0x00, 0x23, 0x08, 0x23, 0x00, 0x23, 0x08, 0x23, 0x00, 0x44, 0x08,
    0x87, 0x10, 0x44, 0x08, 0x23, 0x00, 0x23, 0x08, 0x23, 0x00, 0x23, 0x08, 0x23, 0x00, 0x23, 0x08,
    0x23, 0x00, 0x43, 0x08, 0x23, 0x00, 0x43, 0x08, 0x23, 0x00, 0x43, 0x08, 0x45, 0x08, 0x86, 0x10,
    0x44, 0x08, 0x43, 0x08, 0x23, 0x00, 0x43, 0x08, 0x23, 0x00, 0x43, 0x08, 0x23, 0x00, 0x43, 0x08,
    0x23, 0x00, 0x43, 0x08, 0x23, 0x00, 0x43, 0x08, 0x23, 0x00, 0x65, 0x08, 0x86, 0x10, 0x44, 0x08,
    0x23, 0x00, 0x43, 0x08, 0x23, 0x00, 0x43, 0x08, 0x23, 0x00, 0x43, 0x08, 0x23, 0x00, 0x23, 0x08,
    0x23, 0x00, 0x23, 0x08, 0x23, 0x00, 0x23, 0x08, 0x44, 0x08, 0x86, 0x10, 0x44, 0x08, 0x23, 0x08,
    0x23, 0x00, 0x23, 0x08, 0x23, 0x00, 0x23, 0x00, 0x23, 0x00, 0x23, 0x00, 0x23, 0x00, 0x23, 0x00,
    0x23, 0x00, 0x23, 0x00, 0x23, 0x00, 0x23, 0x08, 0x65, 0x08, 0x65, 0x08, 0x23, 0x00, 0x23, 0x08,
    0x23, 0x00, 0x43, 0x08, 0x23, 0x08, 0x43, 0x08, 0x23, 0x08, 0x43, 0x08, 0x23, 0x00, 0x44, 0x08,
    0x44, 0x08, 0x44, 0x08, 0x44, 0x08, 0x65, 0x08, 0x87, 0x10, 0x65, 0x08, 0x44, 0x08, 0x44, 0x08,
    0x44, 0x08, 0x44, 0x08, 0x44, 0x08, 0x44, 0x08, 0x44, 0x08, 0x64, 0x08, 0x44, 0x08, 0x65, 0x08,
    0x65, 0x08, 0x65, 0x08, 0x65, 0x08, 0x86, 0x10, 0xa7, 0x10, 0x65, 0x08, 0x65, 0x08, 0x65, 0x08,
    0x01, 0x00, 0x01, 0x00, 0x01, 0x00, 0x01, 0x00, 0x01, 0x00, 0x01, 0x00, 0x01, 0x00, 0x01, 0x00,
    0x01, 0x00, 0x44, 0x08, 0x23, 0x08, 0x01, 0x00, 0x01, 0x00, 0x01, 0x00, 0x02, 0x00, 0x02, 0x00,
    0x02, 0x00, 0x02, 0x00, 0x02, 0x00, 0x02, 0x00, 0x02, 0x00, 0x43, 0x08, 0x64, 0x08, 0x02, 0x00,
    0x02, 0x00, 0x02, 0x00, 0x02, 0x00, 0x02, 0x00, 0x02, 0x00, 0x02, 0x00, 0x02, 0x00, 0x02, 0x00,
    0x02, 0x00, 0x22, 0x00, 0x65, 0x08, 0x22, 0x00, 0x02, 0x00, 0x02, 0x00, 0x02, 0x00, 0x02, 0x00,
    0x22, 0x00, 0x02, 0x00, 0x02, 0x00, 0x02, 0x00, 0x22, 0x00, 0x02, 0x00, 0x43, 0x08, 0x44, 0x08,
    0x22, 0x00, 0x02, 0x00, 0x22, 0x00, 0x02, 0x00, 0x22, 0x00, 0x02, 0x00, 0x22, 0x00, 0x02, 0x00,
    0x22, 0x00, 0x02, 0x00, 0x22, 0x00, 0x64, 0x08, 0x44, 0x08, 0x02, 0x00, 0x22, 0x00, 0x02, 0x00,
    0x22, 0x00, 0x22, 0x00, 0x22, 0x00, 0x22, 0x00, 0x22, 0x00, 0x22, 0x00, 0x22, 0x00, 0x22, 0x00,
    0x65, 0x08, 0x43, 0x08, 0x22, 0x00, 0x22, 0x00, 0x22, 0x00, 0x22, 0x00, 0x22, 0x00, 0x22, 0x00,
    0x22, 0x00, 0x22, 0x00, 0x22, 0x00, 0x22, 0x00, 0x22, 0x00, 0x65, 0x08, 0x43, 0x08, 0x22, 0x00,
    0x22, 0x00, 0x22, 0x00, 0x22, 0x00, 0x22, 0x00, 0x22, 0x00, 0x22, 0x00, 0x22, 0x00, 0x22, 0x00,
    0x22, 0x00, 0x22, 0x00, 0x65, 0x08, 0x44, 0x08, 0x22, 0x00, 0x22, 0x00, 0x22, 0x00, 0x22, 0x00,
    0x22, 0x00, 0x22, 0x00, 0x22, 0x00, 0x22, 0x00, 0x22, 0x00, 0x22, 0x00, 0x22, 0x00, 0x44, 0x08,
    0x65, 0x08, 0x22, 0x00, 0x22, 0x00, 0x22, 0x00, 0x22, 0x00, 0x22, 0x00, 0x22, 0x00, 0x22, 0x00,
    0x22, 0x00, 0x22, 0x00, 0x22, 0x00, 0x22, 0x00, 0x23, 0x00, 0x65, 0x08, 0x43, 0x08, 0x22, 0x00,
    0x22, 0x00, 0x22, 0x00, 0x22, 0x00, 0x22, 0x00, 0x22, 0x00, 0x22, 0x00, 0x22, 0x00, 0x22, 0x00,
    0x22, 0x00, 0x22, 0x00, 0x44, 0x08, 0x65, 0x08, 0x22, 0x00, 0x22, 0x00, 0x22, 0x00, 0x22, 0x00,
    0x22, 0x00, 0x22, 0x00, 0x22, 0x00, 0x22, 0x00, 0x22, 0x00, 0x22, 0x00, 0x22, 0x00, 0x22, 0x00,
    0x65, 0x08, 0x65, 0x08, 0x22, 0x00, 0x22, 0x00, 0x22, 0x00, 0x22, 0x00, 0x22, 0x00, 0x22, 0x00,
    0x23, 0x00, 0x22, 0x00, 0x23, 0x00, 0x22, 0x00, 0x23, 0x00, 0x23, 0x00, 0x65, 0x08, 0x65, 0x08,
    0x23, 0x00, 0x23, 0x00, 0x23, 0x00, 0x23, 0x00, 0x23, 0x00, 0x23, 0x00, 0x23, 0x00, 0x23, 0x00,
    0x23, 0x00, 0x23, 0x00, 0x23, 0x00, 0x23, 0x00, 0x64, 0x08, 0x65, 0x08, 0x23, 0x00, 0x23, 0x00,
    0x23, 0x00, 0x23, 0x00, 0x23, 0x00, 0x23, 0x00, 0x23, 0x00, 0x23, 0x00, 0x23, 0x00, 0x23, 0x00,
    0x23, 0x00, 0x23, 0x00, 0x44, 0x08, 0x86, 0x10, 0x43, 0x08, 0x23, 0x00, 0x23, 0x00, 0x23, 0x00,
    0x23, 0x00, 0x23, 0x00, 0x23, 0x00, 0x23, 0x00, 0x23, 0x00, 0x23, 0x00, 0x23, 0x00, 0x23, 0x00,
    0x23, 0x00, 0x65, 0x08, 0x65, 0x08, 0x23, 0x00, 0x23, 0x00, 0x23, 0x00, 0x23, 0x00, 0x23, 0x00,
    0x23, 0x00, 0x23, 0x00, 0x23, 0x08, 0x23, 0x00, 0x23, 0x08, 0x23, 0x00, 0x23, 0x08, 0x44, 0x08,
    0x86, 0x10, 0x44, 0x08, 0x23, 0x08, 0x23, 0x00, 0x23, 0x08, 0x23, 0x00, 0x23, 0x08, 0x23, 0x00,
    0x23, 0x08, 0x23, 0x00, 0x23, 0x08, 0x23, 0x00, 0x23, 0x08, 0x23, 0x00, 0x44, 0x08, 0x86, 0x10,
    0x44, 0x08, 0x23, 0x00, 0x23, 0x00, 0x23, 0x00, 0x23, 0x08, 0x23, 0x00, 0x23, 0x08, 0x23, 0x00,
    0x23, 0x08, 0x23, 0x00, 0x23, 0x08, 0x23, 0x00, 0x23, 0x08, 0x44, 0x08, 0x86, 0x10, 0x44, 0x08,
    0x23, 0x08, 0x23, 0x08, 0x43, 0x08, 0x43, 0x08, 0x44, 0x08, 0x43, 0x08, 0x44, 0x08, 0x43, 0x08,
    0x44, 0x08, 0x44, 0x08, 0x44, 0x08, 0x44, 0x08, 0x65, 0x08, 0xa7, 0x10, 0x65, 0x08, 0x64, 0x08,
    0x64, 0x08, 0x64, 0x08, 0x65, 0x08, 0x65, 0x08, 0x65, 0x08, 0x65, 0x08, 0x65, 0x08, 0x65, 0x08,
    0x65, 0x08, 0x65, 0x08, 0x65, 0x08, 0x65, 0x08, 0xa7, 0x10, 0xa7, 0x10, 0x65, 0x10, 0x85, 0x08,
    0x86, 0x10, 0x86, 0x10, 0x86, 0x10, 0x86, 0x10, 0x86, 0x10, 0x85, 0x08, 0x86, 0x10, 0x65, 0x08,
    0x65, 0x08, 0x65, 0x08, 0x65, 0x08, 0x86, 0x08, 0xa8, 0x10, 0x86, 0x10, 0x65, 0x08, 0x64, 0x08,
    0x64, 0x08, 0x64, 0x08, 0x44, 0x08, 0x44, 0x08, 0x44, 0x08, 0x44, 0x08, 0x44, 0x08, 0x44, 0x08,
    0x44, 0x08, 0x23, 0x08, 0x43, 0x08, 0x64, 0x08, 0x86, 0x10, 0x43, 0x08, 0x23, 0x00, 0x23, 0x00,
    0x01, 0x00, 0x02, 0x00, 0x01, 0x00, 0x02, 0x00, 0x01, 0x00, 0x02, 0x00, 0x02, 0x00, 0x02, 0x00,
    0x01, 0x00, 0x65, 0x08, 0x23, 0x00, 0x02, 0x00, 0x02, 0x00, 0x02, 0x00, 0x02, 0x00, 0x22, 0x00,
    0x02, 0x00, 0x02, 0x00, 0x02, 0x00, 0x22, 0x00, 0x02, 0x00, 0x44, 0x08, 0x44, 0x08, 0x22, 0x00,
    0x02, 0x00, 0x02, 0x00, 0x02, 0x00, 0x22, 0x00, 0x02, 0x00, 0x22, 0x00, 0x02, 0x00, 0x22, 0x00,
    0x02, 0x00, 0x23, 0x08, 0x65, 0x08, 0x22, 0x00, 0x02, 0x00, 0x22, 0x00, 0x02, 0x00, 0x22, 0x00,
    0x02, 0x00, 0x22, 0x00, 0x02, 0x00, 0x22, 0x00, 0x02, 0x00, 0x22, 0x00, 0x44, 0x08, 0x44, 0x08,
    0x02, 0x00, 0x22, 0x00, 0x02, 0x00, 0x22, 0x00, 0x02, 0x00, 0x22, 0x00, 0x02, 0x00, 0x22, 0x00,
    0x02, 0x00, 0x22, 0x00, 0x02, 0x00, 0x65, 0x08, 0x43, 0x08, 0x22, 0x00, 0x02, 0x00, 0x22, 0x00,
    0x02, 0x00, 0x22, 0x00, 0x02, 0x00, 0x22, 0x00, 0x02, 0x00, 0x22, 0x00, 0x02, 0x00, 0x23, 0x00,
    0x65, 0x08, 0x23, 0x08, 0x02, 0x00, 0x22, 0x00, 0x02, 0x00, 0x22, 0x00, 0x22, 0x00, 0x22, 0x00,
    0x02, 0x00, 0x22, 0x00, 0x22, 0x00, 0x22, 0x00, 0x22, 0x00, 0x65, 0x08, 0x23, 0x08, 0x22, 0x00,
    0x02, 0x00, 0x22, 0x00, 0x22, 0x00, 0x22, 0x00, 0x02, 0x00, 0x22, 0x00, 0x22, 0x00, 0x22, 0x00,
    0x02, 0x00, 0x22, 0x00, 0x65, 0x08, 0x44, 0x08, 0x22, 0x00, 0x22, 0x00, 0x22, 0x00, 0x22, 0x00,
    0x22, 0x00, 0x22, 0x00, 0x22, 0x00, 0x22, 0x00, 0x22, 0x00, 0x22, 0x00, 0x22, 0x00, 0x64, 0x08,
    0x65, 0x08, 0x22, 0x00, 0x22, 0x00, 0x22, 0x00, 0x22, 0x00, 0x22, 0x00, 0x22, 0x00, 0x22, 0x00,
    0x22, 0x00, 0x22, 0x00, 0x22, 0x00, 0x22, 0x00, 0x23, 0x00, 0x86, 0x10, 0x43, 0x08, 0x22, 0x00,
    0x22, 0x00, 0x22, 0x00, 0x22, 0x00, 0x23, 0x00, 0x22, 0x00, 0x23, 0x00, 0x22, 0x00, 0x23, 0x00,
    0x22, 0x00, 0x23, 0x00, 0x44, 0x08, 0x65, 0x08, 0x22, 0x00, 0x23, 0x00, 0x22, 0x00, 0x23, 0x00,
    0x22, 0x00, 0x23, 0x00, 0x23, 0x00, 0x23, 0x00, 0x22, 0x00, 0x23, 0x00, 0x23, 0x00, 0x23, 0x00,
    0x45, 0x08, 0x65, 0x08, 0x23, 0x00, 0x23, 0x00, 0x23, 0x00, 0x23, 0x00, 0x23, 0x00, 0x23, 0x00,
    0x23, 0x00, 0x23, 0x00, 0x23, 0x00, 0x23, 0x00, 0x23, 0x00, 0x23, 0x00, 0x45, 0x08, 0x65, 0x08,
    0x23, 0x00, 0x23, 0x00, 0x23, 0x00, 0x23, 0x00, 0x23, 0x00, 0x23, 0x00, 0x23, 0x00, 0x23, 0x00,
    0x23, 0x00, 0x23, 0x00, 0x23, 0x00, 0x23, 0x00, 0x44, 0x08, 0x65, 0x08, 0x23, 0x00, 0x23, 0x00,
    0x23, 0x00, 0x23, 0x00, 0x23, 0x00, 0x23, 0x00, 0x23, 0x00, 0x23, 0x00, 0x23, 0x00, 0x23, 0x00,
    0x23, 0x00, 0x23, 0x00, 0x44, 0x08, 0x86, 0x10, 0x24, 0x08, 0x23, 0x00, 0x23, 0x00, 0x23, 0x00,
    0x23, 0x00, 0x23, 0x00, 0x23, 0x00, 0x23, 0x00, 0x23, 0x00, 0x23, 0x00, 0x23, 0x00, 0x23, 0x00,
    0x23, 0x00, 0x65, 0x08, 0x45, 0x08, 0x23, 0x00, 0x23, 0x00, 0x23, 0x00, 0x23, 0x00, 0x23, 0x00,
    0x23, 0x00, 0x23, 0x00, 0x23, 0x00, 0x23, 0x08, 0x23, 0x00, 0x23, 0x08, 0x23, 0x00, 0x44, 0x08,
    0x86, 0x10, 0x64, 0x08, 0x23, 0x00, 0x23, 0x08, 0x23, 0x00, 0x43, 0x08, 0x23, 0x00, 0x44, 0x08,
    0x44, 0x08, 0x44, 0x08, 0x44, 0x08, 0x44, 0x08, 0x44, 0x08, 0x44, 0x08, 0x65, 0x08, 0xa7, 0x10,
    0x65, 0x08, 0x65, 0x08, 0x45, 0x08, 0x65, 0x08, 0x45, 0x08, 0x65, 0x08, 0x65, 0x08, 0x65, 0x10,
    0x65, 0x08, 0x65, 0x08, 0x65, 0x08, 0x86, 0x10, 0x65, 0x08, 0x86, 0x10, 0xc8, 0x10, 0x87, 0x10,
    0x66, 0x10, 0x86, 0x10, 0x86, 0x10, 0x86, 0x10, 0x86, 0x10, 0x86, 0x10, 0x86, 0x10, 0x86, 0x10,
    0x86, 0x10, 0x86, 0x10, 0x86, 0x10, 0x86, 0x10, 0x86, 0x10, 0xc8, 0x10, 0x87, 0x10, 0x86, 0x10,
    0x65, 0x08, 0x65, 0x08, 0x65, 0x08, 0x65, 0x08, 0x65, 0x08, 0x65, 0x08, 0x65, 0x08, 0x65, 0x08,
    0x44, 0x08, 0x64, 0x08, 0x44, 0x08, 0x44, 0x08, 0x66, 0x08, 0x86, 0x10, 0x44, 0x08, 0x44, 0x08,
    0x23, 0x08, 0x44, 0x08, 0x23, 0x00, 0x43, 0x08, 0x23, 0x00, 0x43, 0x08, 0x23, 0x00, 0x23, 0x00,
    0x23, 0x00, 0x22, 0x00, 0x22, 0x00, 0x23, 0x08, 0x65, 0x08, 0x44, 0x08, 0x02, 0x00, 0x22, 0x00,
    0x02, 0x00, 0x22, 0x00, 0x02, 0x00, 0x02, 0x00, 0x02, 0x00, 0x02, 0x00, 0x02, 0x00, 0x02, 0x00,
    0x02, 0x00, 0x02, 0x00, 0x02, 0x00, 0x23, 0x08, 0x65, 0x08, 0x23, 0x00, 0x02, 0x00, 0x02, 0x00,
    0x01, 0x00, 0x01, 0x00, 0x02, 0x00, 0x02, 0x00, 0x02, 0x00, 0x02, 0x00, 0x02, 0x00, 0x02, 0x00,
    0x02, 0x00, 0x65, 0x08, 0x22, 0x00, 0x02, 0x00, 0x02, 0x00, 0x02, 0x00, 0x02, 0x00, 0x02, 0x00,
    0x02, 0x00, 0x02, 0x00, 0x02, 0x00, 0x02, 0x00, 0x02, 0x00, 0x64, 0x08, 0x43, 0x08, 0x02, 0x00,
    0x02, 0x00, 0x02, 0x00, 0x02, 0x00, 0x02, 0x00, 0x02, 0x00, 0x02, 0x00, 0x02, 0x00, 0x02, 0x00,
    0x02, 0x00, 0x23, 0x00, 0x65, 0x08, 0x02, 0x00, 0x02, 0x00, 0x02, 0x00, 0x22, 0x00, 0x02, 0x00,
    0x02, 0x00, 0x02, 0x00, 0x22, 0x00, 0x02, 0x00, 0x02, 0x00, 0x02, 0x00, 0x64, 0x08, 0x44, 0x08,
    0x02, 0x00, 0x02, 0x00, 0x22, 0x00, 0x02, 0x00, 0x22, 0x00, 0x02, 0x00, 0x22, 0x00, 0x22, 0x00,
    0x22, 0x00, 0x02, 0x00, 0x22, 0x00, 0x85, 0x08, 0x43, 0x08, 0x02, 0x00, 0x22, 0x00, 0x22, 0x00,
    0x22, 0x00, 0x02, 0x00, 0x22, 0x00, 0x22, 0x00, 0x22, 0x00, 0x02, 0x00, 0x22, 0x00, 0x23, 0x00,
    0x86, 0x08, 0x23, 0x00, 0x22, 0x00, 0x22, 0x00, 0x22, 0x00, 0x22, 0x00, 0x22, 0x00, 0x22, 0x00,
    0x22, 0x00, 0x22, 0x00, 0x22, 0x00, 0x22, 0x00, 0x23, 0x00, 0x86, 0x08, 0x23, 0x08, 0x22, 0x00,
    0x22, 0x00, 0x22, 0x00, 0x22, 0x00, 0x22, 0x00, 0x22, 0x00, 0x22, 0x00, 0x22, 0x00, 0x22, 0x00,
    0x22, 0x00, 0x22, 0x00, 0x65, 0x08, 0x44, 0x08, 0x22, 0x00, 0x22, 0x00, 0x22, 0x00, 0x22, 0x00,
    0x22, 0x00, 0x22, 0x00, 0x22, 0x00, 0x22, 0x00, 0x22, 0x00, 0x22, 0x00, 0x22, 0x00, 0x44, 0x08,
    0x65, 0x08, 0x22, 0x00, 0x22, 0x00, 0x22, 0x00, 0x22, 0x00, 0x22, 0x00, 0x22, 0x00, 0x22, 0x00,
    0x22, 0x00, 0x22, 0x00, 0x22, 0x00, 0x22, 0x00, 0x23, 0x00, 0x86, 0x08, 0x43, 0x08, 0x22, 0x00,
    0x22, 0x00, 0x22, 0x00, 0x22, 0x00, 0x22, 0x00, 0x22, 0x00, 0x22, 0x00, 0x22, 0x00, 0x22, 0x00,
    0x22, 0x00, 0x22, 0x00, 0x44, 0x08, 0x65, 0x08, 0x23, 0x00, 0x22, 0x00, 0x23, 0x00, 0x23, 0x00,
    0x23, 0x00, 0x22, 0x00, 0x23, 0x00, 0x23, 0x00, 0x23, 0x00, 0x23, 0x00, 0x23, 0x00, 0x23, 0x00,
    0x65, 0x08, 0x65, 0x08, 0x23, 0x00, 0x23, 0x00, 0x23, 0x00, 0x23, 0x00, 0x23, 0x00, 0x23, 0x00,
    0x23, 0x00, 0x23, 0x00, 0x23, 0x00, 0x23, 0x00, 0x23, 0x00, 0x23, 0x00, 0x65, 0x08, 0x65, 0x08,
    0x23, 0x00, 0x23, 0x00, 0x23, 0x00, 0x23, 0x00, 0x23, 0x00, 0x23, 0x00, 0x23, 0x00, 0x23, 0x00,
    0x23, 0x00, 0x23, 0x00, 0x23, 0x00, 0x23, 0x00, 0x45, 0x08, 0x65, 0x08, 0x23, 0x00, 0x23, 0x00,
    0x23, 0x00, 0x23, 0x00, 0x23, 0x00, 0x23, 0x00, 0x23, 0x00, 0x23, 0x00, 0x23, 0x00, 0x23, 0x00,
    0x23, 0x00, 0x23, 0x00, 0x44, 0x08, 0x86, 0x10, 0x43, 0x08, 0x23, 0x00, 0x23, 0x00, 0x23, 0x00,
    0x23, 0x00, 0x23, 0x00, 0x23, 0x08, 0x23, 0x08, 0x43, 0x08, 0x23, 0x08, 0x43, 0x08, 0x44, 0x08,
    0x44, 0x08, 0x66, 0x08, 0x86, 0x10, 0x44, 0x08, 0x44, 0x08, 0x44, 0x08, 0x64, 0x08, 0x65, 0x08,
    0x65, 0x08, 0x45, 0x08, 0x65, 0x08, 0x65, 0x08, 0x65, 0x08, 0x65, 0x08, 0x65, 0x08, 0x86, 0x10,
    0xa8, 0x10, 0x87, 0x10, 0x86, 0x08, 0x66, 0x08, 0x86, 0x10, 0x86, 0x08, 0x86, 0x10, 0x86, 0x10,
    0x86, 0x10, 0x86, 0x10, 0x87, 0x10, 0x86, 0x10, 0x86, 0x10, 0x86, 0x10, 0xa7, 0x10, 0xc9, 0x10,
    0x87, 0x10, 0x66, 0x10, 0x86, 0x10, 0x86, 0x08, 0x65, 0x08, 0x65, 0x08, 0x65, 0x08, 0x65, 0x08,
    0x65, 0x08, 0x65, 0x08, 0x65, 0x08, 0x65, 0x08, 0x65, 0x08, 0x65, 0x08, 0xa8, 0x10, 0x65, 0x08,
    0x44, 0x08, 0x44, 0x08, 0x44, 0x08, 0x44, 0x08, 0x44, 0x08, 0x44, 0x08, 0x44, 0x08, 0x44, 0x08,
    0x44, 0x08, 0x43, 0x08, 0x43, 0x08, 0x23, 0x08, 0x43, 0x08, 0x65, 0x08, 0x65, 0x08, 0x23, 0x00,
    0x23, 0x00, 0x23, 0x00, 0x23, 0x00, 0x23, 0x00, 0x23, 0x00, 0x22, 0x00, 0x23, 0x00, 0x22, 0x00,
    0x22, 0x00, 0x22, 0x00, 0x22, 0x00, 0x22, 0x00, 0x44, 0x08, 0x65, 0x08, 0x23, 0x00, 0x22, 0x00,
    0x22, 0x00, 0x22, 0x00, 0x22, 0x00, 0x22, 0x00, 0x22, 0x00, 0x22, 0x00, 0x22, 0x00, 0x22, 0x00,
    0x22, 0x00, 0x02, 0x00, 0x22, 0x00, 0x22, 0x00, 0x65, 0x08, 0x44, 0x08, 0x22, 0x00, 0x22, 0x00,
    0x22, 0x00, 0x02, 0x00, 0x22, 0x00, 0x02, 0x00, 0x02, 0x00, 0x02, 0x00, 0x02, 0x00, 0x02, 0x00,
    0x02, 0x00, 0x02, 0x00, 0x02, 0x00, 0x23, 0x00, 0x65, 0x08, 0x23, 0x08, 0x02, 0x00, 0x02, 0x00,
    0x01, 0x00, 0x02, 0x00, 0x01, 0x00, 0x02, 0x00, 0x01, 0x00, 0x02, 0x00, 0x01, 0x00, 0x01, 0x00,
    0x22, 0x00, 0x65, 0x08, 0x01, 0x00, 0x01, 0x00, 0x01, 0x00, 0x02, 0x00, 0x02, 0x00, 0x02, 0x00,
    0x02, 0x00, 0x02, 0x00, 0x02, 0x00, 0x02, 0x00, 0x02, 0x00, 0x65, 0x08, 0x23, 0x00, 0x22, 0x00,
    0x02, 0x00, 0x22, 0x00, 0x02, 0x00, 0x22, 0x00, 0x02, 0x00, 0x22, 0x00, 0x02, 0x00, 0x22, 0x00,
    0x02, 0x00, 0x43, 0x08, 0x64, 0x08, 0x22, 0x00, 0x02, 0x00, 0x22, 0x00, 0x02, 0x00, 0x22, 0x00,
    0x02, 0x00, 0x22, 0x00, 0x02, 0x00, 0x22, 0x00, 0x02, 0x00, 0x22, 0x00, 0x64, 0x08, 0x43, 0x08,
    0x02, 0x00, 0x22, 0x00, 0x02, 0x00, 0x22, 0x00, 0x02, 0x00, 0x22, 0x00, 0x02, 0x00, 0x22, 0x00,
    0x02, 0x00, 0x22, 0x00, 0x22, 0x00, 0x86, 0x08, 0x23, 0x00, 0x22, 0x00, 0x02, 0x00, 0x22, 0x00,
    0x02, 0x00, 0x22, 0x00, 0x02, 0x00, 0x22, 0x00, 0x02, 0x00, 0x22, 0x00, 0x02, 0x00, 0x23, 0x08,
    0x65, 0x08, 0x22, 0x00, 0x02, 0x00, 0x22, 0x00, 0x02, 0x00, 0x22, 0x00, 0x02, 0x00, 0x22, 0x00,
    0x02, 0x00, 0x22, 0x00, 0x02, 0x00, 0x22, 0x00, 0x23, 0x08, 0x86, 0x08, 0x23, 0x00, 0x22, 0x00,
    0x22, 0x00, 0x22, 0x00, 0x02, 0x00, 0x22, 0x00, 0x22, 0x00, 0x22, 0x00, 0x22, 0x00, 0x22, 0x00,
    0x22, 0x00, 0x22, 0x00, 0x65, 0x08, 0x43, 0x08, 0x22, 0x00, 0x22, 0x00, 0x22, 0x00, 0x22, 0x00,
    0x22, 0x00, 0x22, 0x00, 0x22, 0x00, 0x22, 0x00, 0x22, 0x00, 0x22, 0x00, 0x22, 0x00, 0x44, 0x08,
    0x44, 0x08, 0x22, 0x00, 0x22, 0x00, 0x22, 0x00, 0x22, 0x00, 0x22, 0x00, 0x22, 0x00, 0x22, 0x00,
    0x22, 0x00, 0x22, 0x00, 0x22, 0x00, 0x22, 0x00, 0x23, 0x08, 0x86, 0x10, 0x23, 0x08, 0x22, 0x00,
    0x22, 0x00, 0x22, 0x00, 0x22, 0x00, 0x22, 0x00, 0x22, 0x00, 0x22, 0x00, 0x22, 0x00, 0x22, 0x00,
    0x22, 0x00, 0x22, 0x00, 0x44, 0x08, 0x65, 0x08, 0x22, 0x00, 0x22, 0x00, 0x22, 0x00, 0x22, 0x00,
    0x22, 0x00, 0x22, 0x00, 0x22, 0x00, 0x22, 0x00, 0x22, 0x00, 0x22, 0x00, 0x22, 0x00, 0x22, 0x00,
    0x45, 0x08, 0x65, 0x08, 0x22, 0x00, 0x22, 0x00, 0x22, 0x00, 0x23, 0x00, 0x22, 0x00, 0x23, 0x00,
    0x22, 0x00, 0x23, 0x00, 0x22, 0x00, 0x23, 0x00, 0x22, 0x00, 0x23, 0x00, 0x65, 0x08, 0x65, 0x08,
    0x22, 0x00, 0x23, 0x00, 0x23, 0x00, 0x23, 0x00, 0x23, 0x00, 0x23, 0x08, 0x23, 0x00, 0x43, 0x08,
    0x23, 0x08, 0x43, 0x08, 0x23, 0x08, 0x44, 0x08, 0x65, 0x08, 0x86, 0x10, 0x44, 0x08, 0x44, 0x08,
    0x44, 0x08, 0x44, 0x08, 0x44, 0x08, 0x44, 0x08, 0x44, 0x08, 0x65, 0x08, 0x45, 0x08, 0x65, 0x08,
    0x65, 0x08, 0x65, 0x08, 0x66, 0x08, 0xa8, 0x10, 0x86, 0x08, 0x65, 0x08, 0x65, 0x08, 0x65, 0x08,
    0x66, 0x08, 0x86, 0x10, 0x86, 0x08, 0x86, 0x10, 0x86, 0x08, 0x86, 0x10, 0x86, 0x08, 0x86, 0x10,
    0x86, 0x08, 0xa7, 0x10, 0xa7, 0x10, 0x66, 0x08, 0x65, 0x08, 0x85, 0x08, 0x65, 0x08, 0x65, 0x08,
    0x65, 0x08, 0x65, 0x08, 0x65, 0x08, 0x65, 0x08, 0x45, 0x08, 0x65, 0x08, 0x44, 0x08, 0x65, 0x08,
    0x87, 0x10, 0x86, 0x10, 0x44, 0x08, 0x44, 0x08, 0x44, 0x08, 0x44, 0x08, 0x44, 0x08, 0x44, 0x08,
    0x44, 0x08, 0x44, 0x08, 0x43, 0x08, 0x44, 0x08, 0x43, 0x08, 0x44, 0x08, 0x44, 0x08, 0x86, 0x10,
    0x44, 0x08, 0x23, 0x08, 0x23, 0x00, 0x23, 0x08, 0x23, 0x00, 0x23, 0x08, 0x23, 0x00, 0x23, 0x08,
    0x23, 0x00, 0x23, 0x08, 0x23, 0x00, 0x23, 0x08, 0x23, 0x00, 0x43, 0x08, 0x86, 0x10, 0x64, 0x08,
    0x23, 0x00, 0x23, 0x08, 0x23, 0x00, 0x23, 0x00, 0x23, 0x00, 0x23, 0x08, 0x23, 0x00, 0x23, 0x00,
    0x22, 0x00, 0x23, 0x00, 0x22, 0x00, 0x23, 0x00, 0x22, 0x00, 0x65, 0x08, 0x64, 0x08, 0x23, 0x00,
    0x22, 0x00, 0x23, 0x00, 0x22, 0x00, 0x22, 0x00, 0x22, 0x00, 0x22, 0x00, 0x22, 0x00, 0x22, 0x00,
    0x22, 0x00, 0x22, 0x00, 0x02, 0x00, 0x22, 0x00, 0x44, 0x08, 0x85, 0x10, 0x23, 0x00, 0x22, 0x00,
    0x02, 0x00, 0x22, 0x00, 0x02, 0x00, 0x22, 0x00, 0x02, 0x00, 0x22, 0x00, 0x02, 0x00, 0x22, 0x00,
    0x02, 0x00, 0x22, 0x00, 0x02, 0x00, 0x22, 0x00, 0x44, 0x08, 0x64, 0x08, 0x02, 0x00, 0x22, 0x00,
    0x02, 0x00, 0x22, 0x00, 0x02, 0x00, 0x02, 0x00, 0x02, 0x00, 0x02, 0x00, 0x02, 0x00, 0x02, 0x00,
    0x02, 0x00, 0x02, 0x00, 0x02, 0x00, 0x22, 0x00, 0x64, 0x08, 0x44, 0x08, 0x02, 0x00, 0x02, 0x00,
    0x02, 0x00, 0x01, 0x00, 0x02, 0x00, 0x01, 0x00, 0x02, 0x00, 0x02, 0x00, 0x02, 0x00, 0x02, 0x00,
    0x23, 0x00, 0x64, 0x08, 0x02, 0x00, 0x02, 0x00, 0x02, 0x00, 0x02, 0x00, 0x02, 0x00, 0x02, 0x00,
    0x02, 0x00, 0x02, 0x00, 0x02, 0x00, 0x02, 0x00, 0x22, 0x00, 0x65, 0x08, 0x23, 0x00, 0x02, 0x00,
    0x02, 0x00, 0x02, 0x00, 0x02, 0x00, 0x02, 0x00, 0x02, 0x00, 0x02, 0x00, 0x02, 0x00, 0x02, 0x00,
    0x02, 0x00, 0x44, 0x08, 0x44, 0x08, 0x02, 0x00, 0x02, 0x00, 0x02, 0x00, 0x02, 0x00, 0x02, 0x00,
    0x02, 0x00, 0x02, 0x00, 0x02, 0x00, 0x02, 0x00, 0x22, 0x00, 0x02, 0x00, 0x65, 0x08, 0x23, 0x00,
    0x22, 0x00, 0x02, 0x00, 0x22, 0x00, 0x02, 0x00, 0x22, 0x00, 0x02, 0x00, 0x22, 0x00, 0x02, 0x00,
    0x22, 0x00, 0x02, 0x00, 0x23, 0x08, 0x65, 0x08, 0x22, 0x00, 0x22, 0x00, 0x22, 0x00, 0x02, 0x00,
    0x22, 0x00, 0x02, 0x00, 0x22, 0x00, 0x02, 0x00, 0x22, 0x00, 0x22, 0x00, 0x22, 0x00, 0x43, 0x08,
    0x65, 0x08, 0x22, 0x00, 0x22, 0x00, 0x22, 0x00, 0x22, 0x00, 0x22, 0x00, 0x22, 0x00, 0x22, 0x00,
    0x22, 0x00, 0x22, 0x00, 0x22, 0x00, 0x22, 0x00, 0x23, 0x08, 0x85, 0x08, 0x23, 0x00, 0x22, 0x00,
    0x22, 0x00, 0x22, 0x00, 0x22, 0x00, 0x22, 0x00, 0x22, 0x00, 0x22, 0x00, 0x22, 0x00, 0x22, 0x00,
    0x22, 0x00, 0x23, 0x00, 0x85, 0x08, 0x23, 0x08, 0x22, 0x00, 0x22, 0x00, 0x22, 0x00, 0x22, 0x00,
    0x22, 0x00, 0x22, 0x00, 0x22, 0x00, 0x22, 0x00, 0x22, 0x00, 0x22, 0x00, 0x22, 0x00, 0x65, 0x08,
    0x44, 0x08, 0x22, 0x00, 0x22, 0x00, 0x22, 0x00, 0x22, 0x00, 0x22, 0x00, 0x22, 0x00, 0x22, 0x00,
    0x22, 0x00, 0x22, 0x00, 0x22, 0x00, 0x22, 0x00, 0x23, 0x08, 0x86, 0x08, 0x23, 0x08, 0x22, 0x00,
    0x22, 0x00, 0x22, 0x00, 0x22, 0x00, 0x22, 0x00, 0x22, 0x00, 0x22, 0x00, 0x22, 0x00, 0x22, 0x00,
    0x22, 0x00, 0x22, 0x00, 0x44, 0x08, 0x65, 0x08, 0x23, 0x00, 0x22, 0x00, 0x23, 0x00, 0x23, 0x00,
    0x23, 0x00, 0x23, 0x00, 0x23, 0x08, 0x23, 0x08, 0x43, 0x08, 0x23, 0x08, 0x44, 0x08, 0x44, 0x08,
    0x86, 0x08, 0x86, 0x08, 0x44, 0x08, 0x44, 0x08, 0x44, 0x08, 0x44, 0x08, 0x44, 0x08, 0x44, 0x08,
    0x64, 0x08, 0x65, 0x08, 0x65, 0x08, 0x65, 0x08, 0x65, 0x08, 0x65, 0x08, 0xa7, 0x10, 0xa7, 0x10,
    0x65, 0x08, 0x65, 0x08, 0x66, 0x08, 0x86, 0x08, 0x86, 0x10, 0x86, 0x10, 0x86, 0x10, 0x86, 0x10,
    0x86, 0x10, 0x86, 0x10, 0x86, 0x10, 0x86, 0x10, 0xa7, 0x10, 0xa8, 0x10, 0x66, 0x08, 0x66, 0x08,
    0x65, 0x08, 0x65, 0x08, 0x65, 0x08, 0x65, 0x08, 0x65, 0x08, 0x65, 0x08, 0x65, 0x08, 0x65, 0x08,
    0x65, 0x08, 0x65, 0x08, 0x65, 0x08, 0xa7, 0x10, 0x65, 0x08, 0x44, 0x08, 0x44, 0x08, 0x44, 0x08,
    0x44, 0x08, 0x44, 0x08, 0x44, 0x08, 0x24, 0x08, 0x43, 0x08, 0x43, 0x08, 0x43, 0x08, 0x43, 0x08,
    0x23, 0x08, 0x65, 0x08, 0x65, 0x08, 0x23, 0x00, 0x23, 0x00, 0x23, 0x00, 0x23, 0x00, 0x23, 0x00,
    0x23, 0x00, 0x23, 0x00, 0x23, 0x00, 0x23, 0x00, 0x23, 0x00, 0x23, 0x00, 0x23, 0x00, 0x23, 0x00,
    0x85, 0x08, 0x44, 0x08, 0x23, 0x00, 0x23, 0x00, 0x23, 0x00, 0x23, 0x00, 0x23, 0x00, 0x23, 0x00,
    0x23, 0x00, 0x23, 0x00, 0x23, 0x00, 0x23, 0x00, 0x23, 0x00, 0x23, 0x00, 0x23, 0x08, 0x86, 0x10,
    0x44, 0x08, 0x23, 0x00, 0x23, 0x00, 0x23, 0x00, 0x23, 0x00, 0x23, 0x00, 0x23, 0x00, 0x23, 0x00,
    0x23, 0x00, 0x23, 0x00, 0x23, 0x00, 0x23, 0x00, 0x23, 0x00, 0x23, 0x00, 0x66, 0x08, 0x44, 0x08,
    0x23, 0x00, 0x23, 0x00, 0x23, 0x00, 0x23, 0x00, 0x23, 0x00, 0x23, 0x00, 0x23, 0x00, 0x23, 0x00,
    0x23, 0x00, 0x23, 0x00, 0x23, 0x00, 0x22, 0x00, 0x23, 0x00, 0x65, 0x08, 0x65, 0x08, 0x22, 0x00,
    0x23, 0x00, 0x22, 0x00, 0x22, 0x00, 0x22, 0x00, 0x22, 0x00, 0x22, 0x00, 0x22, 0x00, 0x22, 0x00,
    0x22, 0x00, 0x22, 0x00, 0x22, 0x00, 0x22, 0x00, 0x43, 0x08, 0x86, 0x10, 0x43, 0x08, 0x22, 0x00,
    0x22, 0x00, 0x22, 0x00, 0x22, 0x00, 0x22, 0x00, 0x22, 0x00, 0x22, 0x00, 0x22, 0x00, 0x22, 0x00,
    0x22, 0x00, 0x22, 0x00, 0x22, 0x00, 0x22, 0x00, 0x44, 0x08, 0x65, 0x08, 0x22, 0x00, 0x22, 0x00,
    0x22, 0x00, 0x22, 0x00, 0x22, 0x00, 0x02, 0x00, 0x02, 0x00, 0x02, 0x00, 0x02, 0x00, 0x02, 0x00,
    0x02, 0x00, 0x02, 0x00, 0x02, 0x00, 0x02, 0x00, 0x44, 0x08, 0x44, 0x08, 0x02, 0x00, 0x02, 0x00,
    0x01, 0x00, 0x02, 0x00, 0x01, 0x00, 0x02, 0x00, 0x01, 0x00, 0x02, 0x00, 0x01, 0x00, 0x02, 0x00,
    0x43, 0x00, 0x44, 0x08, 0x02, 0x00, 0x02, 0x00, 0x02, 0x00, 0x02, 0x00, 0x02, 0x00, 0x22, 0x00,
    0x02, 0x00, 0x02, 0x00, 0x02, 0x00, 0x22, 0x00, 0x22, 0x00, 0x65, 0x08, 0x22, 0x00, 0x22, 0x00,
    0x02, 0x00, 0x02, 0x00, 0x02, 0x00, 0x22, 0x00, 0x02, 0x00, 0x02, 0x00, 0x02, 0x00, 0x22, 0x00,
    0x02, 0x00, 0x64, 0x08, 0x44, 0x08, 0x22, 0x00, 0x02, 0x00, 0x22, 0x00, 0x02, 0x00, 0x22, 0x00,
    0x02, 0x00, 0x22, 0x00, 0x02, 0x00, 0x22, 0x00, 0x02, 0x00, 0x22, 0x00, 0x65, 0x08, 0x23, 0x08,
    0x02, 0x00, 0x22, 0x00, 0x02, 0x00, 0x22, 0x00, 0x02, 0x00, 0x22, 0x00, 0x02, 0x00, 0x22, 0x00,
    0x02, 0x00, 0x22, 0x00, 0x23, 0x00, 0x65, 0x08, 0x02, 0x00, 0x22, 0x00, 0x02, 0x00, 0x22, 0x00,
    0x02, 0x00, 0x22, 0x00, 0x02, 0x00, 0x22, 0x00, 0x02, 0x00, 0x22, 0x00, 0x02, 0x00, 0x44, 0x08,
    0x65, 0x08, 0x22, 0x00, 0x02, 0x00, 0x22, 0x00, 0x02, 0x00, 0x22, 0x00, 0x02, 0x00, 0x22, 0x00,
    0x02, 0x00, 0x22, 0x00, 0x22, 0x00, 0x22, 0x00, 0x23, 0x00, 0x65, 0x08, 0x22, 0x00, 0x22, 0x00,
    0x02, 0x00, 0x22, 0x00, 0x22, 0x00, 0x22, 0x00, 0x02, 0x00, 0x22, 0x00, 0x22, 0x00, 0x22, 0x00,
    0x02, 0x00, 0x23, 0x00, 0x86, 0x08, 0x23, 0x08, 0x22, 0x00, 0x22, 0x00, 0x22, 0x00, 0x22, 0x00,
    0x22, 0x00, 0x22, 0x00, 0x22, 0x00, 0x22, 0x00, 0x22, 0x00, 0x22, 0x00, 0x22, 0x00, 0x65, 0x08,
    0x44, 0x08, 0x22, 0x00, 0x23, 0x00, 0x23, 0x00, 0x23, 0x00, 0x23, 0x00, 0x23, 0x00, 0x43, 0x08,
    0x23, 0x08, 0x43, 0x08, 0x43, 0x08, 0x44, 0x08, 0x44, 0x08, 0xa7, 0x10, 0x44, 0x08, 0x44, 0x08,
    0x44, 0x08, 0x44, 0x08, 0x44, 0x08, 0x64, 0x08, 0x44, 0x08, 0x65, 0x08, 0x65, 0x08, 0x65, 0x08,
    0x65, 0x08, 0x65, 0x08, 0x86, 0x10, 0xa7, 0x10, 0x65, 0x08, 0x65, 0x08, 0x65, 0x08, 0x86, 0x10,
    0x66, 0x08, 0x86, 0x10, 0x86, 0x08, 0x86, 0x10, 0x86, 0x08, 0x86, 0x10, 0x86, 0x08, 0x86, 0x10,
    0xa7, 0x10, 0xa7, 0x10, 0x65, 0x08, 0x65, 0x08, 0x65, 0x08, 0x65, 0x08, 0x65, 0x08, 0x65, 0x08,
    0x65, 0x08, 0x65, 0x08, 0x45, 0x08, 0x65, 0x08, 0x44, 0x08, 0x64, 0x08, 0x86, 0x10, 0x86, 0x10,
    0x44, 0x08, 0x44, 0x08, 0x44, 0x08, 0x44, 0x08, 0x44, 0x08, 0x44, 0x08, 0x23, 0x08, 0x43, 0x08,
    0x23, 0x08, 0x43, 0x08, 0x23, 0x00, 0x23, 0x08, 0x44, 0x08, 0x66, 0x08, 0x23, 0x00, 0x23, 0x00,
    0x23, 0x00, 0x23, 0x00, 0x23, 0x00, 0x23, 0x00, 0x23, 0x00, 0x23, 0x00, 0x23, 0x00, 0x23, 0x00,
    0x23, 0x00, 0x23, 0x00, 0x23, 0x00, 0x86, 0x10, 0x44, 0x08, 0x23, 0x00, 0x23, 0x00, 0x23, 0x00,
    0x23, 0x00, 0x23, 0x00, 0x23, 0x00, 0x23, 0x00, 0x23, 0x00, 0x23, 0x00, 0x23, 0x00, 0x23, 0x00,
    0x23, 0x00, 0x64, 0x08, 0x65, 0x08, 0x23, 0x00, 0x23, 0x00, 0x23, 0x00, 0x23, 0x00, 0x23, 0x00,
    0x23, 0x00, 0x23, 0x00, 0x23, 0x00, 0x23, 0x00, 0x22, 0x00, 0x23, 0x00, 0x22, 0x00, 0x23, 0x00,
    0x65, 0x08, 0x65, 0x08, 0x23, 0x00, 0x23, 0x00, 0x23, 0x00, 0x23, 0x00, 0x23, 0x00, 0x23, 0x00,
    0x23, 0x00, 0x23, 0x00, 0x23, 0x00, 0x23, 0x00, 0x23, 0x00, 0x23, 0x00, 0x23, 0x00, 0x86, 0x10,
    0x44, 0x08, 0x23, 0x00, 0x23, 0x00, 0x23, 0x00, 0x23, 0x00, 0x23, 0x00, 0x23, 0x00, 0x23, 0x00,
    0x23, 0x00, 0x23, 0x00, 0x23, 0x00, 0x23, 0x00, 0x23, 0x00, 0x23, 0x00, 0x65, 0x08, 0x65, 0x08,
    0x22, 0x00, 0x23, 0x00, 0x23, 0x00, 0x23, 0x00, 0x22, 0x00, 0x23, 0x00, 0x22, 0x00, 0x23, 0x00,
    0x22, 0x00, 0x23, 0x00, 0x22, 0x00, 0x23, 0x00, 0x22, 0x00, 0x64, 0x08, 0x65, 0x08, 0x23, 0x00,
    0x22, 0x00, 0x22, 0x00, 0x22, 0x00, 0x22, 0x00, 0x02, 0x00, 0x22, 0x00, 0x22, 0x00, 0x22, 0x00,
    0x02, 0x00, 0x22, 0x00, 0x22, 0x00, 0x22, 0x00, 0x23, 0x00, 0x86, 0x08, 0x43, 0x08, 0x22, 0x00,
    0x02, 0x00, 0x22, 0x00, 0x22, 0x00, 0x22, 0x00, 0x02, 0x00, 0x22, 0x00, 0x02, 0x00, 0x22, 0x00,
    0x02, 0x00, 0x22, 0x00, 0x02, 0x00, 0x22, 0x00, 0x44, 0x08, 0x65, 0x08, 0x23, 0x00, 0x22, 0x00,
    0x02, 0x00, 0x22, 0x00, 0x02, 0x00, 0x02, 0x00, 0x02, 0x00, 0x02, 0x00, 0x02, 0x00, 0x02, 0x00,
    0x02, 0x00, 0x02, 0x00, 0x02, 0x00, 0x02, 0x00, 0x44, 0x08, 0x64, 0x08, 0x02, 0x00, 0x02, 0x00,
    0x01, 0x00, 0x01, 0x00, 0x01, 0x00, 0x01, 0x00, 0x01, 0x00, 0x01, 0x00, 0x01, 0x00, 0x01, 0x00,
    0x44, 0x08, 0x43, 0x08, 0x01, 0x00, 0x01, 0x00, 0x01, 0x00, 0x02, 0x00, 0x02, 0x00, 0x02, 0x00,
    0x02, 0x00, 0x02, 0x00, 0x02, 0x00, 0x02, 0x00, 0x23, 0x00, 0x65, 0x08, 0x02, 0x00, 0x02, 0x00,
    0x02, 0x00, 0x02, 0x00, 0x02, 0x00, 0x02, 0x00, 0x02, 0x00, 0x02, 0x00, 0x02, 0x00, 0x02, 0x00,
    0x02, 0x00, 0x64, 0x08, 0x43, 0x08, 0x02, 0x00, 0x02, 0x00, 0x02, 0x00, 0x22, 0x00, 0x02, 0x00,
    0x02, 0x00, 0x02, 0x00, 0x22, 0x00, 0x02, 0x00, 0x02, 0x00, 0x23, 0x00, 0x85, 0x08, 0x22, 0x00,
    0x02, 0x00, 0x02, 0x00, 0x22, 0x00, 0x02, 0x00, 0x02, 0x00, 0x02, 0x00, 0x22, 0x00, 0x02, 0x00,
    0x22, 0x00, 0x02, 0x00, 0x43, 0x08, 0x65, 0x08, 0x22, 0x00, 0x02, 0x00, 0x22, 0x00, 0x22, 0x00,
    0x22, 0x00, 0x02, 0x00, 0x22, 0x00, 0x22, 0x00, 0x22, 0x00, 0x02, 0x00, 0x22, 0x00, 0x44, 0x08,
    0x65, 0x08, 0x02, 0x00, 0x22, 0x00, 0x22, 0x00, 0x22, 0x00, 0x22, 0x00, 0x22, 0x00, 0x22, 0x00,
    0x22, 0x00, 0x22, 0x00, 0x22, 0x00, 0x22, 0x00, 0x43, 0x08, 0x65, 0x08, 0x22, 0x00, 0x22, 0x00,
    0x23, 0x00, 0x23, 0x00, 0x23, 0x08, 0x23, 0x08, 0x23, 0x08, 0x23, 0x08, 0x43, 0x08, 0x43, 0x08,
    0x43, 0x08, 0x44, 0x08, 0xa7, 0x10, 0x44, 0x08, 0x44, 0x08, 0x44, 0x08, 0x44, 0x08, 0x44, 0x08,
    0x44, 0x08, 0x44, 0x08, 0x65, 0x08, 0x65, 0x08, 0x65, 0x08, 0x65, 0x08, 0x65, 0x08, 0xa7, 0x10,
    0x86, 0x10, 0x65, 0x08, 0x65, 0x08, 0x65, 0x08, 0x86, 0x08, 0x86, 0x08, 0x86, 0x08, 0x86, 0x08,
    0x86, 0x08, 0x86, 0x08, 0x66, 0x08, 0x65, 0x08, 0x86, 0x10, 0xa8, 0x10, 0x65, 0x08, 0x65, 0x08,
    0x65, 0x08, 0x65, 0x08, 0x65, 0x08, 0x65, 0x08, 0x45, 0x08, 0x44, 0x08, 0x64, 0x08, 0x44, 0x08,
    0x44, 0x08, 0x44, 0x08, 0x85, 0x10, 0x86, 0x10, 0x44, 0x08, 0x44, 0x08, 0x44, 0x08, 0x43, 0x08,
    0x44, 0x08, 0x23, 0x08, 0x43, 0x08, 0x23, 0x08, 0x43, 0x08, 0x23, 0x00, 0x23, 0x08, 0x23, 0x00,
    0x65, 0x08, 0x65, 0x08, 0x22, 0x00, 0x22, 0x00, 0x22, 0x00, 0x22, 0x00, 0x22, 0x00, 0x22, 0x00,
    0x22, 0x00, 0x22, 0x00, 0x22, 0x00, 0x22, 0x00, 0x22, 0x00, 0x22, 0x00, 0x65, 0x08, 0x65, 0x08,
    0x22, 0x00, 0x22, 0x00, 0x23, 0x00, 0x22, 0x00, 0x23, 0x00, 0x22, 0x00, 0x23, 0x00, 0x23, 0x00,
    0x23, 0x00, 0x22, 0x00, 0x23, 0x00, 0x23, 0x00, 0x44, 0x08, 0x65, 0x08, 0x23, 0x00, 0x23, 0x00,
    0x23, 0x00, 0x22, 0x00, 0x23, 0x00, 0x23, 0x00, 0x23, 0x00, 0x22, 0x00, 0x23, 0x00, 0x23, 0x00,
    0x23, 0x00, 0x22, 0x00, 0x23, 0x08, 0x86, 0x10, 0x44, 0x08, 0x22, 0x00, 0x23, 0x00, 0x22, 0x00,
    0x23, 0x00, 0x22, 0x00, 0x23, 0x00, 0x22, 0x00, 0x22, 0x00, 0x22, 0x00, 0x23, 0x00, 0x22, 0x00,
    0x22, 0x00, 0x44, 0x08, 0x65, 0x08, 0x23, 0x00, 0x22, 0x00, 0x22, 0x00, 0x22, 0x00, 0x22, 0x00,
    0x22, 0x00, 0x22, 0x00, 0x22, 0x00, 0x22, 0x00, 0x22, 0x00, 0x22, 0x00, 0x22, 0x00, 0x22, 0x00,
    0x65, 0x08, 0x44, 0x08, 0x22, 0x00, 0x22, 0x00, 0x22, 0x00, 0x22, 0x00, 0x23, 0x00, 0x22, 0x00,
    0x22, 0x00, 0x22, 0x00, 0x22, 0x00, 0x22, 0x00, 0x22, 0x00, 0x22, 0x00, 0x23, 0x00, 0x65, 0x08,
    0x44, 0x08, 0x22, 0x00, 0x22, 0x00, 0x22, 0x00, 0x22, 0x00, 0x22, 0x00, 0x22, 0x00, 0x22, 0x00,
    0x22, 0x00, 0x22, 0x00, 0x23, 0x00, 0x22, 0x00, 0x22, 0x00, 0x22, 0x00, 0x65, 0x08, 0x44, 0x08,
    0x22, 0x00, 0x22, 0x00, 0x22, 0x00, 0x22, 0x00, 0x22, 0x00, 0x22, 0x00, 0x22, 0x00, 0x22, 0x00,
    0x22, 0x00, 0x22, 0x00, 0x22, 0x00, 0x22, 0x00, 0x22, 0x00, 0x44, 0x08, 0x65, 0x08, 0x23, 0x00,
    0x22, 0x00, 0x22, 0x00, 0x22, 0x00, 0x22, 0x00, 0x22, 0x00, 0x22, 0x00, 0x22, 0x00, 0x22, 0x00,
    0x22, 0x00, 0x22, 0x00, 0x22, 0x00, 0x22, 0x00, 0x23, 0x00, 0x65, 0x08, 0x44, 0x08, 0x22, 0x00,
    0x22, 0x00, 0x22, 0x00, 0x22, 0x00, 0x22, 0x00, 0x22, 0x00, 0x22, 0x00, 0x22, 0x00, 0x22, 0x00,
    0x22, 0x00, 0x02, 0x00, 0x22, 0x00, 0x22, 0x00, 0x43, 0x08, 0x65, 0x08, 0x23, 0x08, 0x22, 0x00,
    0x22, 0x00, 0x02, 0x00, 0x22, 0x00, 0x02, 0x00, 0x02, 0x00, 0x02, 0x00, 0x02, 0x00, 0x02, 0x00,
    0x02, 0x00, 0x02, 0x00, 0x02, 0x00, 0x02, 0x00, 0x43, 0x08, 0x65, 0x08, 0x22, 0x00, 0x02, 0x00,
    0x01, 0x00, 0x02, 0x00, 0x01, 0x00, 0x02, 0x00, 0x01, 0x00, 0x02, 0x00, 0x01, 0x00, 0x02, 0x00,
    0x64, 0x08, 0x23, 0x00, 0x02, 0x00, 0x02, 0x00, 0x02, 0x00, 0x02, 0x00, 0x02, 0x00, 0x02, 0x00,
    0x02, 0x00, 0x02, 0x00, 0x02, 0x00, 0x02, 0x00, 0x43, 0x08, 0x64, 0x08, 0x02, 0x00, 0x02, 0x00,
    0x02, 0x00, 0x22, 0x00, 0x02, 0x00, 0x22, 0x00, 0x02, 0x00, 0x22, 0x00, 0x02, 0x00, 0x22, 0x00,
    0x02, 0x00, 0x65, 0x08, 0x23, 0x00, 0x22, 0x00, 0x02, 0x00, 0x22, 0x00, 0x02, 0x00, 0x22, 0x00,
    0x02, 0x00, 0x22, 0x00, 0x02, 0x00, 0x22, 0x00, 0x02, 0x00, 0x43, 0x08, 0x65, 0x08, 0x22, 0x00,
    0x02, 0x00, 0x22, 0x00, 0x02, 0x00, 0x22, 0x00, 0x02, 0x00, 0x22, 0x00, 0x02, 0x00, 0x22, 0x00,
    0x02, 0x00, 0x22, 0x00, 0x44, 0x08, 0x65, 0x08, 0x23, 0x00, 0x23, 0x00, 0x23, 0x00, 0x23, 0x08,
    0x23, 0x00, 0x43, 0x08, 0x23, 0x00, 0x43, 0x08, 0x43, 0x08, 0x44, 0x08, 0x44, 0x08, 0x86, 0x08,
    0x86, 0x08, 0x44, 0x08, 0x44, 0x08, 0x44, 0x08, 0x44, 0x08, 0x64, 0x08, 0x44, 0x08, 0x65, 0x08,
    0x65, 0x08, 0x65, 0x08, 0x65, 0x08, 0x65, 0x08, 0x86, 0x10, 0xa7, 0x10, 0x65, 0x08, 0x85, 0x08,
    0x86, 0x08, 0x86, 0x08, 0x66, 0x08, 0x86, 0x08, 0x86, 0x08, 0x66, 0x08, 0x65, 0x08, 0x65, 0x08,
    0x65, 0x08, 0x86, 0x08, 0xa8, 0x10, 0x65, 0x08, 0x65, 0x08, 0x65, 0x08, 0x65, 0x08, 0x45, 0x08,
    0x44, 0x08, 0x44, 0x08, 0x44, 0x08, 0x44, 0x08, 0x44, 0x08, 0x44, 0x08, 0x44, 0x08, 0x86, 0x10,
    0x65, 0x08, 0x44, 0x08, 0x43, 0x08, 0x43, 0x08, 0x23, 0x08, 0x43, 0x08, 0x23, 0x08, 0x43, 0x08,
    0x23, 0x00, 0x23, 0x08, 0x23, 0x00, 0x23, 0x00, 0x43, 0x08, 0x86, 0x10, 0x23, 0x00, 0x22, 0x00,
    0x22, 0x00, 0x22, 0x00, 0x22, 0x00, 0x22, 0x00, 0x22, 0x00, 0x22, 0x00, 0x22, 0x00, 0x22, 0x00,
    0x22, 0x00, 0x23, 0x00, 0x44, 0x08, 0x65, 0x08, 0x22, 0x00, 0x23, 0x00, 0x22, 0x00, 0x23, 0x00,
    0x22, 0x00, 0x23, 0x00, 0x22, 0x00, 0x23, 0x00, 0x22, 0x00, 0x23, 0x00, 0x22, 0x00, 0x23, 0x00,
    0x45, 0x08, 0x65, 0x08, 0x22, 0x00, 0x23, 0x00, 0x23, 0x00, 0x23, 0x00, 0x23, 0x00, 0x23, 0x00,
    0x23, 0x00, 0x23, 0x00, 0x23, 0x00, 0x23, 0x00, 0x23, 0x00, 0x23, 0x00, 0x45, 0x08, 0x65, 0x08,
    0x23, 0x00, 0x23, 0x00, 0x23, 0x00, 0x23, 0x00, 0x23, 0x00, 0x23, 0x00, 0x23, 0x00, 0x23, 0x00,
    0x23, 0x00, 0x23, 0x00, 0x23, 0x00, 0x23, 0x00, 0x44, 0x08, 0x66, 0x08, 0x23, 0x00, 0x23, 0x00,
    0x23, 0x00, 0x23, 0x00, 0x23, 0x00, 0x23, 0x00, 0x23, 0x00, 0x23, 0x00, 0x23, 0x00, 0x23, 0x00,
    0x23, 0x00, 0x23, 0x00, 0x23, 0x00, 0x86, 0x10, 0x44, 0x08, 0x23, 0x00, 0x23, 0x00, 0x23, 0x00,
    0x23, 0x00, 0x23, 0x00, 0x23, 0x00, 0x23, 0x00, 0x23, 0x00, 0x23, 0x00, 0x23, 0x00, 0x23, 0x00,
    0x23, 0x00, 0x44, 0x08, 0x65, 0x08, 0x23, 0x00, 0x23, 0x00, 0x23, 0x00, 0x23, 0x00, 0x23, 0x00,
    0x23, 0x00, 0x23, 0x00, 0x22, 0x00, 0x23, 0x00, 0x22, 0x00, 0x23, 0x00, 0x22, 0x00, 0x23, 0x00,
    0x65, 0x08, 0x65, 0x08, 0x22, 0x00, 0x23, 0x00, 0x22, 0x00, 0x23, 0x00, 0x22, 0x00, 0x23, 0x00,
    0x22, 0x00, 0x23, 0x00, 0x22, 0x00, 0x22, 0x00, 0x22, 0x00, 0x22, 0x00, 0x22, 0x00, 0x65, 0x08,
    0x45, 0x08, 0x23, 0x00, 0x22, 0x00, 0x23, 0x00, 0x22, 0x00, 0x23, 0x00, 0x22, 0x00, 0x23, 0x00,
    0x22, 0x00, 0x23, 0x00, 0x22, 0x00, 0x23, 0x00, 0x22, 0x00, 0x23, 0x00, 0x65, 0x08, 0x65, 0x08,
    0x22, 0x00, 0x22, 0x00, 0x22, 0x00, 0x22, 0x00, 0x22, 0x00, 0x22, 0x00, 0x22, 0x00, 0x22, 0x00,
    0x22, 0x00, 0x22, 0x00, 0x22, 0x00, 0x22, 0x00, 0x22, 0x00, 0x44, 0x08, 0x65, 0x08, 0x23, 0x08,
    0x22, 0x00, 0x22, 0x00, 0x22, 0x00, 0x22, 0x00, 0x22, 0x00, 0x22, 0x00, 0x02, 0x00, 0x22, 0x00,
    0x22, 0x00, 0x22, 0x00, 0x02, 0x00, 0x22, 0x00, 0x22, 0x00, 0x65, 0x08, 0x44, 0x08, 0x22, 0x00,
    0x02, 0x00, 0x22, 0x00, 0x02, 0x00, 0x22, 0x00, 0x02, 0x00, 0x22, 0x00, 0x02, 0x00, 0x22, 0x00,
    0x02, 0x00, 0x22, 0x00, 0x02, 0x00, 0x22, 0x00, 0x23, 0x00, 0x85, 0x08, 0x43, 0x08, 0x22, 0x00,
    0x02, 0x00, 0x22, 0x00, 0x02, 0x00, 0x02, 0x00, 0x02, 0x00, 0x02, 0x00, 0x02, 0x00, 0x02, 0x00,
    0x02, 0x00, 0x02, 0x00, 0x02, 0x00, 0x02, 0x00, 0x23, 0x00, 0x65, 0x08, 0x23, 0x00, 0x02, 0x00,
    0x02, 0x00, 0x01, 0x00, 0x02, 0x00, 0x01, 0x00, 0x02, 0x00, 0x02, 0x00, 0x02, 0x00, 0x02, 0x00,
    0x65, 0x08, 0x22, 0x00, 0x02, 0x00, 0x02, 0x00, 0x02, 0x00, 0x02, 0x00, 0x02, 0x00, 0x02, 0x00,
    0x02, 0x00, 0x02, 0x00, 0x02, 0x00, 0x02, 0x00, 0x44, 0x08, 0x44, 0x08, 0x02, 0x00, 0x02, 0x00,
    0x02, 0x00, 0x02, 0x00, 0x02, 0x00, 0x02, 0x00, 0x02, 0x00, 0x22, 0x00, 0x22, 0x00, 0x22, 0x00,
    0x23, 0x00, 0x86, 0x10, 0x43, 0x08, 0x23, 0x00, 0x23, 0x00, 0x23, 0x00, 0x43, 0x08, 0x43, 0x08,
    0x43, 0x08, 0x43, 0x08, 0x44, 0x08, 0x44, 0x08, 0x44, 0x08, 0x65, 0x08, 0x86, 0x10, 0x44, 0x08,
    0x64, 0x08, 0x44, 0x08, 0x64, 0x08, 0x65, 0x08, 0x65, 0x08, 0x65, 0x08, 0x65, 0x08, 0x65, 0x08,
    0x65, 0x08, 0x65, 0x08, 0xa7, 0x10, 0xa7, 0x10, 0x86, 0x08, 0x66, 0x08, 0x85, 0x08, 0x65, 0x08,
    0x65, 0x08, 0x65, 0x08, 0x65, 0x08, 0x65, 0x08, 0x65, 0x08, 0x65, 0x08, 0x65, 0x08, 0x86, 0x10,
    0x86, 0x10, 0x64, 0x08, 0x44, 0x08, 0x44, 0x08, 0x44, 0x08, 0x44, 0x08, 0x44, 0x08, 0x44, 0x08,
    0x44, 0x08, 0x44, 0x08, 0x44, 0x08, 0x43, 0x08, 0x65, 0x08, 0x85, 0x08, 0x43, 0x08, 0x23, 0x08,
    0x23, 0x08, 0x23, 0x08, 0x23, 0x00, 0x23, 0x00, 0x23, 0x00, 0x23, 0x00, 0x22, 0x00, 0x22, 0x00,
    0x22, 0x00, 0x43, 0x08, 0x65, 0x08, 0x22, 0x00, 0x22, 0x00, 0x22, 0x00, 0x22, 0x00, 0x22, 0x00,
    0x22, 0x00, 0x22, 0x00, 0x22, 0x00, 0x22, 0x00, 0x22, 0x00, 0x22, 0x00, 0x22, 0x00, 0x65, 0x08,
    0x44, 0x08, 0x22, 0x00, 0x22, 0x00, 0x22, 0x00, 0x22, 0x00, 0x22, 0x00, 0x22, 0x00, 0x22, 0x00,
    0x22, 0x00, 0x22, 0x00, 0x22, 0x00, 0x22, 0x00, 0x44, 0x08, 0x65, 0x08, 0x23, 0x00, 0x22, 0x00,
    0x22, 0x00, 0x22, 0x00, 0x22, 0x00, 0x22, 0x00, 0x22, 0x00, 0x22, 0x00, 0x22, 0x00, 0x22, 0x00,
    0x22, 0x00, 0x22, 0x00, 0x44, 0x08, 0x65, 0x08, 0x22, 0x00, 0x22, 0x00, 0x22, 0x00, 0x22, 0x00,
    0x23, 0x00, 0x22, 0x00, 0x23, 0x00, 0x22, 0x00, 0x23, 0x00, 0x23, 0x00, 0x23, 0x00, 0x23, 0x00,
    0x65, 0x08, 0x45, 0x08, 0x23, 0x00, 0x23, 0x00, 0x23, 0x00, 0x23, 0x00, 0x23, 0x00, 0x23, 0x00,
    0x23, 0x00, 0x23, 0x00, 0x23, 0x00, 0x23, 0x00, 0x23, 0x00, 0x23, 0x00, 0x65, 0x08, 0x65, 0x08,
    0x23, 0x00, 0x23, 0x00, 0x23, 0x00, 0x23, 0x00, 0x23, 0x00, 0x23, 0x00, 0x23, 0x00, 0x23, 0x00,
    0x23, 0x00, 0x23, 0x00, 0x23, 0x00, 0x23, 0x00, 0x44, 0x08, 0x66, 0x08, 0x23, 0x00, 0x23, 0x00,
    0x23, 0x00, 0x23, 0x00, 0x23, 0x00, 0x23, 0x00, 0x23, 0x00, 0x23, 0x00, 0x23, 0x00, 0x23, 0x00,
    0x23, 0x00, 0x23, 0x00, 0x23, 0x00, 0x66, 0x08, 0x44, 0x08, 0x23, 0x00, 0x23, 0x00, 0x23, 0x00,
    0x23, 0x00, 0x23, 0x00, 0x23, 0x00, 0x23, 0x00, 0x23, 0x00, 0x23, 0x00, 0x23, 0x00, 0x23, 0x00,
    0x23, 0x00, 0x44, 0x08, 0x66, 0x10, 0x23, 0x00, 0x23, 0x00, 0x23, 0x00, 0x23, 0x00, 0x23, 0x00,
    0x23, 0x00, 0x23, 0x00, 0x23, 0x00, 0x23, 0x00, 0x23, 0x00, 0x23, 0x00, 0x23, 0x00, 0x22, 0x00,
    0x65, 0x08, 0x65, 0x08, 0x23, 0x00, 0x22, 0x00, 0x23, 0x00, 0x22, 0x00, 0x22, 0x00, 0x22, 0x00,
    0x22, 0x00, 0x22, 0x00, 0x22, 0x00, 0x22, 0x00, 0x22, 0x00, 0x22, 0x00, 0x22, 0x00, 0x65, 0x08,
    0x65, 0x08, 0x22, 0x00, 0x22, 0x00, 0x22, 0x00, 0x22, 0x00, 0x22, 0x00, 0x22, 0x00, 0x22, 0x00,
    0x22, 0x00, 0x22, 0x00, 0x22, 0x00, 0x22, 0x00, 0x22, 0x00, 0x22, 0x00, 0x44, 0x08, 0x65, 0x08,
    0x22, 0x00, 0x22, 0x00, 0x22, 0x00, 0x22, 0x00, 0x22, 0x00, 0x22, 0x00, 0x22, 0x00, 0x22, 0x00,
    0x22, 0x00, 0x22, 0x00, 0x22, 0x00, 0x22, 0x00, 0x22, 0x00, 0x43, 0x08, 0x86, 0x08, 0x23, 0x08,
    0x22, 0x00, 0x22, 0x00, 0x22, 0x00, 0x22, 0x00, 0x22, 0x00, 0x22, 0x00, 0x22, 0x00, 0x22, 0x00,
    0x22, 0x00, 0x22, 0x00, 0x22, 0x00, 0x22, 0x00, 0x22, 0x00, 0x65, 0x08, 0x65, 0x08, 0x22, 0x00,
    0x22, 0x00, 0x22, 0x00, 0x22, 0x00, 0x22, 0x00, 0x22, 0x00, 0x22, 0x00, 0x22, 0x00, 0x22, 0x00,
    0x22, 0x00, 0x22, 0x00, 0x22, 0x00, 0x22, 0x00, 0x23, 0x00, 0x65, 0x08, 0x44, 0x08, 0x02, 0x00,
    0x22, 0x00, 0x22, 0x00, 0x22, 0x00, 0x02, 0x00, 0x02, 0x00, 0x02, 0x00, 0x02, 0x00, 0x02, 0x00,
    0x02, 0x00, 0x02, 0x00, 0x02, 0x00, 0x02, 0x00, 0x23, 0x00, 0x65, 0x08, 0x43, 0x08, 0x02, 0x00,
    0x02, 0x00, 0x02, 0x00, 0x22, 0x00, 0x22, 0x00, 0x22, 0x00, 0x22, 0x00, 0x22, 0x00, 0x23, 0x08,
    0x86, 0x08, 0x23, 0x08, 0x23, 0x00, 0x23, 0x00, 0x43, 0x08, 0x43, 0x08, 0x43, 0x08, 0x44, 0x08,
    0x43, 0x08, 0x44, 0x08, 0x44, 0x08, 0x44, 0x08, 0x86, 0x10, 0x86, 0x08, 0x64, 0x08, 0x64, 0x08,
    0x64, 0x08, 0x65, 0x08, 0x65, 0x08, 0x65, 0x08, 0x65, 0x08, 0x65, 0x08, 0x65, 0x08, 0x85, 0x08,
    0x86, 0x10, 0xc8, 0x10, 0x65, 0x08, 0x65, 0x08, 0x65, 0x08, 0x65, 0x08, 0x65, 0x08, 0x65, 0x08,
    0x64, 0x08, 0x64, 0x08, 0x64, 0x08, 0x64, 0x08, 0x44, 0x08, 0x86, 0x10, 0x86, 0x10, 0x64, 0x08,
    0x44, 0x08, 0x44, 0x08, 0x44, 0x08, 0x44, 0x08, 0x43, 0x08, 0x43, 0x08, 0x43, 0x08, 0x43, 0x08,
    0x23, 0x00, 0x43, 0x08, 0x65, 0x08, 0x64, 0x08, 0x23, 0x00, 0x23, 0x00, 0x22, 0x00, 0x22, 0x00,
    0x22, 0x00, 0x22, 0x00, 0x02, 0x00, 0x22, 0x00, 0x02, 0x00, 0x22, 0x00, 0x02, 0x00, 0x64, 0x08,
    0x44, 0x08, 0x22, 0x00, 0x02, 0x00, 0x22, 0x00, 0x02, 0x00, 0x22, 0x00, 0x02, 0x00, 0x22, 0x00,
    0x02, 0x00, 0x22, 0x00, 0x02, 0x00, 0x22, 0x00, 0x44, 0x08, 0x44, 0x08, 0x22, 0x00, 0x22, 0x00,
    0x02, 0x00, 0x22, 0x00, 0x22, 0x00, 0x22, 0x00, 0x02, 0x00, 0x22, 0x00, 0x22, 0x00, 0x22, 0x00,
    0x02, 0x00, 0x44, 0x08, 0x65, 0x08, 0x22, 0x00, 0x22, 0x00, 0x22, 0x00, 0x22, 0x00, 0x22, 0x00,
    0x22, 0x00, 0x22, 0x00, 0x22, 0x00, 0x22, 0x00, 0x22, 0x00, 0x22, 0x00, 0x22, 0x00, 0x65, 0x08,
    0x43, 0x08, 0x22, 0x00, 0x22, 0x00, 0x22, 0x00, 0x22, 0x00, 0x22, 0x00, 0x22, 0x00, 0x22, 0x00,
    0x22, 0x00, 0x22, 0x00, 0x22, 0x00, 0x22, 0x00, 0x44, 0x08, 0x65, 0x08, 0x22, 0x00, 0x22, 0x00,
    0x22, 0x00, 0x22, 0x00, 0x22, 0x00, 0x22, 0x00, 0x22, 0x00, 0x22, 0x00, 0x22, 0x00, 0x22, 0x00,
    0x22, 0x00, 0x22, 0x00, 0x44, 0x08, 0x65, 0x08, 0x22, 0x00, 0x22, 0x00, 0x22, 0x00, 0x22, 0x00,
    0x22, 0x00, 0x22, 0x00, 0x22, 0x00, 0x22, 0x00, 0x22, 0x00, 0x22, 0x00, 0x22, 0x00, 0x22, 0x00,
    0x65, 0x08, 0x65, 0x08, 0x22, 0x00, 0x22, 0x00, 0x22, 0x00, 0x22, 0x00, 0x22, 0x00, 0x22, 0x00,
    0x22, 0x00, 0x22, 0x00, 0x22, 0x00, 0x23, 0x00, 0x22, 0x00, 0x22, 0x00, 0x44, 0x08, 0x65, 0x08,
    0x22, 0x00, 0x22, 0x00, 0x22, 0x00, 0x23, 0x00, 0x22, 0x00, 0x23, 0x00, 0x22, 0x00, 0x23, 0x00,
    0x22, 0x00, 0x23, 0x00, 0x22, 0x00, 0x23, 0x00, 0x44, 0x08, 0x86, 0x10, 0x23, 0x00, 0x23, 0x00,
    0x22, 0x00, 0x23, 0x00, 0x22, 0x00, 0x23, 0x00, 0x22, 0x00, 0x23, 0x00, 0x22, 0x00, 0x23, 0x00,
    0x22, 0x00, 0x23, 0x00, 0x23, 0x00, 0x65, 0x08, 0x44, 0x08, 0x23, 0x00, 0x22, 0x00, 0x23, 0x00,
    0x22, 0x00, 0x22, 0x00, 0x22, 0x00, 0x23, 0x00, 0x22, 0x00, 0x22, 0x00, 0x22, 0x00, 0x23, 0x00,
    0x22, 0x00, 0x44, 0x08, 0x66, 0x08, 0x23, 0x08, 0x22, 0x00, 0x22, 0x00, 0x22, 0x00, 0x22, 0x00,
    0x22, 0x00, 0x22, 0x00, 0x22, 0x00, 0x22, 0x00, 0x22, 0x00, 0x22, 0x00, 0x22, 0x00, 0x22, 0x00,
    0x44, 0x08, 0x65, 0x08, 0x22, 0x00, 0x22, 0x00, 0x22, 0x00, 0x22, 0x00, 0x22, 0x00, 0x22, 0x00,
    0x22, 0x00, 0x22, 0x00, 0x22, 0x00, 0x22, 0x00, 0x22, 0x00, 0x22, 0x00, 0x22, 0x00, 0x64, 0x08,
    0x65, 0x08, 0x22, 0x00, 0x22, 0x00, 0x22, 0x00, 0x22, 0x00, 0x22, 0x00, 0x22, 0x00, 0x22, 0x00,
    0x22, 0x00, 0x22, 0x00, 0x22, 0x00, 0x22, 0x00, 0x22, 0x00, 0x22, 0x00, 0x44, 0x08, 0x65, 0x08,
    0x23, 0x00, 0x22, 0x00, 0x22, 0x00, 0x22, 0x00, 0x22, 0x00, 0x22, 0x00, 0x22, 0x00, 0x22, 0x00,
    0x22, 0x00, 0x22, 0x00, 0x22, 0x00, 0x22, 0x00, 0x22, 0x00, 0x23, 0x08, 0x86, 0x08, 0x43, 0x08,
    0x02, 0x00, 0x22, 0x00, 0x22, 0x00, 0x22, 0x00, 0x02, 0x00, 0x22, 0x00, 0x22, 0x00, 0x22, 0x00,
    0x02, 0x00, 0x22, 0x00, 0x22, 0x00, 0x22, 0x00, 0x02, 0x00, 0x44, 0x08, 0x65, 0x08, 0x22, 0x00,
    0x02, 0x00, 0x22, 0x00, 0x02, 0x00, 0x22, 0x00, 0x02, 0x00, 0x22, 0x00, 0x02, 0x00, 0x22, 0x00,
    0x02, 0x00, 0x22, 0x00, 0x02, 0x00, 0x22, 0x00, 0x22, 0x00, 0x65, 0x08, 0x44, 0x08, 0x22, 0x00,
    0x02, 0x00, 0x22, 0x00, 0x02, 0x00, 0x22, 0x00, 0x02, 0x00, 0x02, 0x00, 0x02, 0x00, 0x02, 0x00,
    0x02, 0x00, 0x02, 0x00, 0x02, 0x00, 0x02, 0x00, 0x22, 0x00, 0x65, 0x08, 0x43, 0x08, 0x02, 0x00,
    0x65, 0x08, 0x65, 0x08, 0x65, 0x08, 0x65, 0x08, 0x65, 0x08, 0x65, 0x08, 0x65, 0x08, 0x86, 0x08,
    0xa7, 0x10, 0x65, 0x08, 0x65, 0x08, 0x64, 0x08, 0x64, 0x08, 0x64, 0x08, 0x64, 0x08, 0x44, 0x08,
    0x44, 0x08, 0x44, 0x08, 0x44, 0x08, 0x44, 0x08, 0x86, 0x10, 0x64, 0x08, 0x43, 0x08, 0x43, 0x08,
    0x43, 0x08, 0x43, 0x08, 0x23, 0x08, 0x23, 0x00, 0x23, 0x00, 0x23, 0x00, 0x23, 0x00, 0x23, 0x00,
    0x43, 0x08, 0x65, 0x08, 0x22, 0x00, 0x22, 0x00, 0x22, 0x00, 0x02, 0x00, 0x22, 0x00, 0x02, 0x00,
    0x02, 0x00, 0x02, 0x00, 0x22, 0x00, 0x02, 0x00, 0x02, 0x00, 0x44, 0x08, 0x64, 0x08, 0x02, 0x00,
    0x02, 0x00, 0x02, 0x00, 0x22, 0x00, 0x02, 0x00, 0x22, 0x00, 0x02, 0x00, 0x22, 0x00, 0x02, 0x00,
    0x22, 0x00, 0x02, 0x00, 0x65, 0x08, 0x44, 0x08, 0x22, 0x00, 0x02, 0x00, 0x22, 0x00, 0x22, 0x00,
    0x22, 0x00, 0x02, 0x00, 0x22, 0x00, 0x22, 0x00, 0x22, 0x00, 0x02, 0x00, 0x22, 0x00, 0x65, 0x08,
    0x44, 0x08, 0x02, 0x00, 0x22, 0x00, 0x22, 0x00, 0x22, 0x00, 0x22, 0x00, 0x22, 0x00, 0x22, 0x00,
    0x22, 0x00, 0x22, 0x00, 0x22, 0x00, 0x22, 0x00, 0x65, 0x08, 0x44, 0x08, 0x22, 0x00, 0x22, 0x00,
    0x22, 0x00, 0x22, 0x00, 0x22, 0x00, 0x22, 0x00, 0x22, 0x00, 0x22, 0x00, 0x22, 0x00, 0x22, 0x00,
    0x22, 0x00, 0x44, 0x08, 0x65, 0x08, 0x22, 0x00, 0x22, 0x00, 0x22, 0x00, 0x22, 0x00, 0x22, 0x00,
    0x22, 0x00, 0x22, 0x00, 0x22, 0x00, 0x22, 0x00, 0x22, 0x00, 0x22, 0x00, 0x23, 0x00, 0x65, 0x08,
    0x44, 0x08, 0x22, 0x00, 0x22, 0x00, 0x22, 0x00, 0x22, 0x00, 0x22, 0x00, 0x22, 0x00, 0x22, 0x00,
    0x22, 0x00, 0x22, 0x00, 0x22, 0x00, 0x22, 0x00, 0x44, 0x08, 0x65, 0x08, 0x23, 0x00, 0x22, 0x00,
    0x22, 0x00, 0x22, 0x00, 0x22, 0x00, 0x22, 0x00, 0x22, 0x00, 0x22, 0x00, 0x22, 0x00, 0x22, 0x00,
    0x22, 0x00, 0x22, 0x00, 0x65, 0x08, 0x65, 0x08, 0x22, 0x00, 0x22, 0x00, 0x22, 0x00, 0x22, 0x00,
    0x22, 0x00, 0x22, 0x00, 0x23, 0x00, 0x22, 0x00, 0x23, 0x00, 0x22, 0x00, 0x23, 0x00, 0x23, 0x00,
    0x65, 0x08, 0x45, 0x08, 0x23, 0x00, 0x23, 0x00, 0x23, 0x00, 0x23, 0x00, 0x23, 0x00, 0x23, 0x00,
    0x23, 0x00, 0x23, 0x00, 0x23, 0x00, 0x23, 0x00, 0x23, 0x00, 0x23, 0x00, 0x65, 0x08, 0x65, 0x08,
    0x23, 0x00, 0x23, 0x00, 0x23, 0x00, 0x23, 0x00, 0x23, 0x00, 0x23, 0x00, 0x23, 0x00, 0x23, 0x00,
    0x23, 0x00, 0x23, 0x00, 0x23, 0x00, 0x23, 0x00, 0x44, 0x08, 0x66, 0x08, 0x23, 0x08, 0x23, 0x00,
    0x23, 0x00, 0x23, 0x00, 0x23, 0x00, 0x23, 0x00, 0x23, 0x00, 0x23, 0x00, 0x23, 0x00, 0x23, 0x00,
    0x23, 0x00, 0x23, 0x00, 0x23, 0x00, 0x65, 0x08, 0x44, 0x08, 0x23, 0x00, 0x23, 0x00, 0x23, 0x00,
    0x23, 0x00, 0x23, 0x00, 0x23, 0x00, 0x23, 0x00, 0x23, 0x00, 0x23, 0x00, 0x23, 0x00, 0x23, 0x00,
    0x23, 0x00, 0x44, 0x08, 0x86, 0x10, 0x23, 0x08, 0x23, 0x00, 0x23, 0x00, 0x23, 0x00, 0x23, 0x00,
    0x23, 0x00, 0x22, 0x00, 0x23, 0x00, 0x23, 0x00, 0x23, 0x00, 0x22, 0x00, 0x23, 0x00, 0x22, 0x00,
    0x44, 0x08, 0x65, 0x08, 0x23, 0x00, 0x22, 0x00, 0x22, 0x00, 0x22, 0x00, 0x22, 0x00, 0x22, 0x00,
    0x22, 0x00, 0x22, 0x00, 0x22, 0x00, 0x22, 0x00, 0x22, 0x00, 0x22, 0x00, 0x22, 0x00, 0x44, 0x08,
    0x65, 0x08, 0x22, 0x00, 0x22, 0x00, 0x22, 0x00, 0x22, 0x00, 0x22, 0x00, 0x22, 0x00, 0x22, 0x00,
    0x22, 0x00, 0x22, 0x00, 0x22, 0x00, 0x22, 0x00, 0x22, 0x00, 0x22, 0x00, 0x44, 0x08, 0x65, 0x08,
    0x23, 0x00, 0x22, 0x00, 0x22, 0x00, 0x22, 0x00, 0x22, 0x00, 0x22, 0x00, 0x22, 0x00, 0x22, 0x00,
    0x22, 0x00, 0x22, 0x00, 0x22, 0x00, 0x22, 0x00, 0x22, 0x00, 0x23, 0x00, 0x65, 0x08, 0x44, 0x08,
    0x22, 0x00, 0x22, 0x00, 0x22, 0x00, 0x22, 0x00, 0x22, 0x00, 0x22, 0x00, 0x22, 0x00, 0x22, 0x00,
    0x22, 0x00, 0x22, 0x00, 0x22, 0x00, 0x22, 0x00, 0x22, 0x00, 0x44, 0x08, 0x65, 0x08, 0x23, 0x00,
    0x22, 0x00, 0x22, 0x00, 0x22, 0x00, 0x22, 0x00, 0x22, 0x00, 0x22, 0x00, 0x22, 0x00, 0x22, 0x00,
    0x22, 0x00, 0x02, 0x00, 0x22, 0x00, 0x22, 0x00, 0x22, 0x00, 0x44, 0x08, 0x64, 0x08, 0x22, 0x00,
    0x22, 0x00, 0x02, 0x00, 0x22, 0x00, 0x22, 0x00, 0x02, 0x00, 0x02, 0x00, 0x02, 0x00, 0x02, 0x00,
    0x02, 0x00, 0x02, 0x00, 0x02, 0x00, 0x02, 0x00, 0x02, 0x00, 0x44, 0x08, 0x44, 0x08, 0x02, 0x00,
    0x22, 0x00, 0x22, 0x00, 0x22, 0x00, 0x22, 0x00, 0x22, 0x00, 0x02, 0x00, 0x02, 0x00, 0x23, 0x08,
    0x44, 0x08, 0x02, 0x00, 0x01, 0x00, 0x02, 0x00, 0x02, 0x00, 0x02, 0x00, 0x02, 0x00, 0x02, 0x00,
    0x02, 0x00, 0x02, 0x00, 0x02, 0x00, 0x22, 0x00, 0x65, 0x08, 0x23, 0x08, 0x02, 0x00, 0x02, 0x00,
    0x02, 0x00, 0x22, 0x00, 0x02, 0x00, 0x02, 0x00, 0x02, 0x00, 0x22, 0x00, 0x02, 0x00, 0x22, 0x00,
    0x43, 0x08, 0x64, 0x08, 0x02, 0x00, 0x22, 0x00, 0x02, 0x00, 0x22, 0x00, 0x02, 0x00, 0x22, 0x00,
    0x02, 0x00, 0x22, 0x00, 0x02, 0x00, 0x22, 0x00, 0x02, 0x00, 0x65, 0x08, 0x44, 0x08, 0x22, 0x00,
    0x02, 0x00, 0x22, 0x00, 0x02, 0x00, 0x22, 0x00, 0x02, 0x00, 0x22, 0x00, 0x02, 0x00, 0x22, 0x00,
    0x02, 0x00, 0x22, 0x00, 0x65, 0x08, 0x44, 0x08, 0x02, 0x00, 0x22, 0x00, 0x02, 0x00, 0x22, 0x00,
    0x02, 0x00, 0x22, 0x00, 0x02, 0x00, 0x22, 0x00, 0x02, 0x00, 0x22, 0x00, 0x02, 0x00, 0x65, 0x08,
    0x43, 0x08, 0x22, 0x00, 0x02, 0x00, 0x22, 0x00, 0x02, 0x00, 0x22, 0x00, 0x02, 0x00, 0x22, 0x00,
    0x02, 0x00, 0x22, 0x00, 0x02, 0x00, 0x22, 0x00, 0x65, 0x08, 0x44, 0x08, 0x02, 0x00, 0x22, 0x00,
    0x02, 0x00, 0x22, 0x00, 0x02, 0x00, 0x22, 0x00, 0x22, 0x00, 0x22, 0x00, 0x22, 0x00, 0x22, 0x00,
    0x22, 0x00, 0x44, 0x08, 0x65, 0x08, 0x22, 0x00, 0x22, 0x00, 0x22, 0x00, 0x22, 0x00, 0x22, 0x00,
    0x22, 0x00, 0x22, 0x00, 0x22, 0x00, 0x22, 0x00, 0x22, 0x00, 0x22, 0x00, 0x23, 0x00, 0x65, 0x08,
    0x43, 0x08, 0x22, 0x00, 0x22, 0x00, 0x22, 0x00, 0x22, 0x00, 0x22, 0x00, 0x22, 0x00, 0x22, 0x00,
    0x22, 0x00, 0x22, 0x00, 0x22, 0x00, 0x22, 0x00, 0x44, 0x08, 0x65, 0x08, 0x22, 0x00, 0x22, 0x00,
    0x22, 0x00, 0x22, 0x00, 0x22, 0x00, 0x22, 0x00, 0x22, 0x00, 0x22, 0x00, 0x22, 0x00, 0x22, 0x00,
    0x22, 0x00, 0x22, 0x00, 0x45, 0x08, 0x65, 0x08, 0x22, 0x00, 0x23, 0x00, 0x22, 0x00, 0x23, 0x00,
    0x22, 0x00, 0x23, 0x00, 0x22, 0x00, 0x23, 0x00, 0x22, 0x00, 0x23, 0x00, 0x22, 0x00, 0x23, 0x00,
    0x65, 0x08, 0x65, 0x08, 0x22, 0x00, 0x23, 0x00, 0x22, 0x00, 0x23, 0x00, 0x22, 0x00, 0x23, 0x00,
    0x22, 0x00, 0x23, 0x00, 0x22, 0x00, 0x23, 0x00, 0x23, 0x00, 0x23, 0x00, 0x45, 0x08, 0x65, 0x08,
    0x23, 0x00, 0x23, 0x00, 0x23, 0x00, 0x23, 0x00, 0x23, 0x00, 0x23, 0x00, 0x23, 0x00, 0x23, 0x00,
    0x23, 0x00, 0x23, 0x00, 0x23, 0x00, 0x23, 0x00, 0x44, 0x08, 0x86, 0x10, 0x23, 0x00, 0x23, 0x00,
    0x23, 0x00, 0x23, 0x00, 0x23, 0x00, 0x23, 0x00, 0x23, 0x00, 0x23, 0x00, 0x23, 0x00, 0x23, 0x00,
    0x23, 0x00, 0x23, 0x00, 0x23, 0x00, 0x65, 0x08, 0x44, 0x08, 0x23, 0x00, 0x23, 0x00, 0x23, 0x00,
    0x23, 0x00, 0x23, 0x00, 0x23, 0x00, 0x23, 0x00, 0x23, 0x00, 0x23, 0x00, 0x23, 0x00, 0x23, 0x00,
    0x23, 0x00, 0x44, 0x08, 0x86, 0x08, 0x43, 0x08, 0x22, 0x00, 0x23, 0x00, 0x22, 0x00, 0x23, 0x00,
    0x22, 0x00, 0x23, 0x00, 0x22, 0x00, 0x23, 0x00, 0x22, 0x00, 0x23, 0x00, 0x22, 0x00, 0x23, 0x00,
    0x44, 0x08, 0x85, 0x08, 0x23, 0x00, 0x23, 0x00, 0x22, 0x00, 0x23, 0x00, 0x22, 0x00, 0x22, 0x00,
    0x22, 0x00, 0x22, 0x00, 0x22, 0x00, 0x22, 0x00, 0x22, 0x00, 0x22, 0x00, 0x22, 0x00, 0x44, 0x08,
    0x65, 0x08, 0x23, 0x00, 0x22, 0x00, 0x22, 0x00, 0x22, 0x00, 0x22, 0x00, 0x22, 0x00, 0x22, 0x00,
    0x22, 0x00, 0x22, 0x00, 0x22, 0x00, 0x22, 0x00, 0x22, 0x00, 0x22, 0x00, 0x44, 0x08, 0x86, 0x08,
    0x23, 0x08, 0x22, 0x00, 0x22, 0x00, 0x22, 0x00, 0x22, 0x00, 0x22, 0x00, 0x22, 0x00, 0x22, 0x00,
    0x22, 0x00, 0x22, 0x00, 0x22, 0x00, 0x22, 0x00, 0x22, 0x00, 0x23, 0x00, 0x65, 0x08, 0x44, 0x08,
    0x22, 0x00, 0x22, 0x00, 0x02, 0x00, 0x22, 0x00, 0x22, 0x00, 0x22, 0x00, 0x02, 0x00, 0x22, 0x00,
    0x02, 0x00, 0x22, 0x00, 0x02, 0x00, 0x22, 0x00, 0x02, 0x00, 0x44, 0x08, 0x65, 0x08, 0x23, 0x08,
    0x02, 0x00, 0x22, 0x00, 0x02, 0x00, 0x22, 0x00, 0x02, 0x00, 0x22, 0x00, 0x02, 0x00, 0x22, 0x00,
    0x02, 0x00, 0x22, 0x00, 0x02, 0x00, 0x22, 0x00, 0x02, 0x00, 0x44, 0x08, 0x65, 0x08, 0x22, 0x00,
    0x02, 0x00, 0x22, 0x00, 0x02, 0x00, 0x22, 0x00, 0x02, 0x00, 0x02, 0x00, 0x02, 0x00, 0x02, 0x00,
    0x02, 0x00, 0x02, 0x00, 0x02, 0x00, 0x02, 0x00, 0x02, 0x00, 0x44, 0x08, 0x64, 0x08, 0x22, 0x00,
    0x01, 0x00, 0x01, 0x00, 0x01, 0x00, 0x01, 0x00, 0x01, 0x00, 0x01, 0x00, 0x01, 0x00, 0x43, 0x08,
    0x44, 0x08, 0x01, 0x00, 0x01, 0x00, 0x01, 0x00, 0x02, 0x00, 0x02, 0x00, 0x02, 0x00, 0x02, 0x00,
    0x02, 0x00, 0x02, 0x00, 0x02, 0x00, 0x22, 0x00, 0x65, 0x08, 0x22, 0x00, 0x02, 0x00, 0x02, 0x00,
    0x02, 0x00, 0x02, 0x00, 0x02, 0x00, 0x02, 0x00, 0x22, 0x00, 0x02, 0x00, 0x22, 0x00, 0x02, 0x00,
    0x44, 0x08, 0x44, 0x08, 0x22, 0x00, 0x02, 0x00, 0x22, 0x00, 0x22, 0x00, 0x22, 0x00, 0x22, 0x00,
    0x22, 0x00, 0x22, 0x00, 0x22, 0x00, 0x22, 0x00, 0x22, 0x00, 0x65, 0x08, 0x43, 0x08, 0x22, 0x00,
    0x22, 0x00, 0x22, 0x00, 0x22, 0x00, 0x22, 0x00, 0x22, 0x00, 0x22, 0x00, 0x22, 0x00, 0x22, 0x00,
    0x22, 0x00, 0x22, 0x00, 0x85, 0x10, 0x23, 0x00, 0x22, 0x00, 0x22, 0x00, 0x22, 0x00, 0x22, 0x00,
    0x22, 0x00, 0x22, 0x00, 0x22, 0x00, 0x02, 0x00, 0x22, 0x00, 0x22, 0x00, 0x22, 0x00, 0x65, 0x08,
    0x43, 0x08, 0x22, 0x00, 0x22, 0x00, 0x22, 0x00, 0x22, 0x00, 0x22, 0x00, 0x22, 0x00, 0x22, 0x00,
    0x22, 0x00, 0x22, 0x00, 0x22, 0x00, 0x22, 0x00, 0x65, 0x08, 0x44, 0x08, 0x22, 0x00, 0x22, 0x00,
    0x22, 0x00, 0x22, 0x00, 0x22, 0x00, 0x22, 0x00, 0x22, 0x00, 0x22, 0x00, 0x22, 0x00, 0x22, 0x00,
    0x22, 0x00, 0x44, 0x08, 0x64, 0x08, 0x22, 0x00, 0x22, 0x00, 0x22, 0x00, 0x22, 0x00, 0x22, 0x00,
    0x22, 0x00, 0x22, 0x00, 0x22, 0x00, 0x22, 0x00, 0x22, 0x00, 0x22, 0x00, 0x23, 0x00, 0x86, 0x08,
    0x23, 0x08, 0x22, 0x00, 0x22, 0x00, 0x22, 0x00, 0x22, 0x00, 0x22, 0x00, 0x22, 0x00, 0x22, 0x00,
    0x22, 0x00, 0x22, 0x00, 0x22, 0x00, 0x22, 0x00, 0x44, 0x08, 0x65, 0x08, 0x22, 0x00, 0x22, 0x00,
    0x22, 0x00, 0x22, 0x00, 0x22, 0x00, 0x22, 0x00, 0x22, 0x00, 0x22, 0x00, 0x22, 0x00, 0x22, 0x00,
    0x22, 0x00, 0x22, 0x00, 0x64, 0x08, 0x65, 0x08, 0x22, 0x00, 0x22, 0x00, 0x22, 0x00, 0x22, 0x00,
    0x22, 0x00, 0x22, 0x00, 0x22, 0x00, 0x22, 0x00, 0x22, 0x00, 0x22, 0x00, 0x22, 0x00, 0x22, 0x00,
    0x65, 0x08, 0x44, 0x08, 0x22, 0x00, 0x22, 0x00, 0x22, 0x00, 0x22, 0x00, 0x22, 0x00, 0x22, 0x00,
    0x22, 0x00, 0x22, 0x00, 0x22, 0x00, 0x22, 0x00, 0x22, 0x00, 0x22, 0x00, 0x64, 0x08, 0x65, 0x08,
    0x22, 0x00, 0x22, 0x00, 0x22, 0x00, 0x22, 0x00, 0x22, 0x00, 0x22, 0x00, 0x22, 0x00, 0x22, 0x00,
    0x22, 0x00, 0x22, 0x00, 0x22, 0x00, 0x22, 0x00, 0x44, 0x08, 0x86, 0x10, 0x23, 0x08, 0x22, 0x00,
    0x22, 0x00, 0x22, 0x00, 0x22, 0x00, 0x22, 0x00, 0x22, 0x00, 0x22, 0x00, 0x22, 0x00, 0x22, 0x00,
    0x22, 0x00, 0x22, 0x00, 0x22, 0x00, 0x65, 0x08, 0x64, 0x08, 0x22, 0x00, 0x22, 0x00, 0x22, 0x00,
    0x22, 0x00, 0x22, 0x00, 0x22, 0x00, 0x22, 0x00, 0x22, 0x00, 0x22, 0x00, 0x22, 0x00, 0x22, 0x00,
    0x22, 0x00, 0x24, 0x08, 0x86, 0x10, 0x23, 0x08, 0x22, 0x00, 0x22, 0x00, 0x22, 0x00, 0x22, 0x00,
    0x22, 0x00, 0x22, 0x00, 0x22, 0x00, 0x22, 0x00, 0x22, 0x00, 0x22, 0x00, 0x22, 0x00, 0x22, 0x00,
    0x44, 0x08, 0x65, 0x08, 0x23, 0x00, 0x22, 0x00, 0x22, 0x00, 0x22, 0x00, 0x22, 0x00, 0x22, 0x00,
    0x22, 0x00, 0x22, 0x00, 0x22, 0x00, 0x22, 0x00, 0x22, 0x00, 0x22, 0x00, 0x22, 0x00, 0x44, 0x08,
    0x65, 0x08, 0x23, 0x00, 0x22, 0x00, 0x22, 0x00, 0x22, 0x00, 0x22, 0x00, 0x22, 0x00, 0x22, 0x00,
    0x22, 0x00, 0x22, 0x00, 0x22, 0x00, 0x22, 0x00, 0x22, 0x00, 0x22, 0x00, 0x43, 0x08, 0x86, 0x08,
    0x43, 0x08, 0x22, 0x00, 0x22, 0x00, 0x22, 0x00, 0x22, 0x00, 0x22, 0x00, 0x22, 0x00, 0x22, 0x00,
    0x22, 0x00, 0x22, 0x00, 0x22, 0x00, 0x22, 0x00, 0x22, 0x00, 0x22, 0x00, 0x65, 0x08, 0x44, 0x08,
    0x22, 0x00, 0x22, 0x00, 0x22, 0x00, 0x22, 0x00, 0x22, 0x00, 0x22, 0x00, 0x22, 0x00, 0x22, 0x00,
    0x22, 0x00, 0x22, 0x00, 0x22, 0x00, 0x22, 0x00, 0x22, 0x00, 0x43, 0x08, 0x86, 0x10, 0x43, 0x08,
    0x22, 0x00, 0x22, 0x00, 0x22, 0x00, 0x22, 0x00, 0x22, 0x00, 0x22, 0x00, 0x22, 0x00, 0x22, 0x00,
    0x22, 0x00, 0x22, 0x00, 0x22, 0x00, 0x02, 0x00, 0x22, 0x00, 0x44, 0x08, 0x65, 0x08, 0x23, 0x00,
    0x22, 0x00, 0x02, 0x00, 0x22, 0x00, 0x02, 0x00, 0x02, 0x00, 0x02, 0x00, 0x02, 0x00, 0x02, 0x00,
    0x02, 0x00, 0x02, 0x00, 0x02, 0x00, 0x02, 0x00, 0x02, 0x00, 0x43, 0x08, 0x65, 0x08, 0x22, 0x00,
    0x01, 0x00, 0x02, 0x00, 0x01, 0x00, 0x02, 0x00, 0x01, 0x00, 0x02, 0x00, 0x01, 0x00, 0x44, 0x08,
    0x23, 0x00, 0x02, 0x00, 0x02, 0x00, 0x02, 0x00, 0x02, 0x00, 0x02, 0x00, 0x02, 0x00, 0x02, 0x00,
    0x02, 0x00, 0x02, 0x00, 0x02, 0x00, 0x43, 0x08, 0x65, 0x08, 0x22, 0x00, 0x02, 0x00, 0x22, 0x00,
    0x02, 0x00, 0x22, 0x00, 0x02, 0x00, 0x22, 0x00, 0x02, 0x00, 0x22, 0x00, 0x02, 0x00, 0x22, 0x00,
    0x44, 0x08, 0x44, 0x08, 0x22, 0x00, 0x22, 0x00, 0x02, 0x00, 0x22, 0x00, 0x22, 0x00, 0x22, 0x00,
    0x22, 0x00, 0x22, 0x00, 0x22, 0x00, 0x22, 0x00, 0x22, 0x00, 0x85, 0x10, 0x23, 0x00, 0x22, 0x00,
    0x22, 0x00, 0x22, 0x00, 0x22, 0x00, 0x22, 0x00, 0x22, 0x00, 0x22, 0x00, 0x22, 0x00, 0x22, 0x00,
    0x22, 0x00, 0x23, 0x08, 0x86, 0x08, 0x43, 0x08, 0x22, 0x00, 0x22, 0x00, 0x22, 0x00, 0x22, 0x00,
    0x02, 0x00, 0x22, 0x00, 0x22, 0x00, 0x22, 0x00, 0x02, 0x00, 0x22, 0x00, 0x23, 0x00, 0x86, 0x10,
    0x23, 0x00, 0x22, 0x00, 0x02, 0x00, 0x22, 0x00, 0x02, 0x00, 0x22, 0x00, 0x02, 0x00, 0x22, 0x00,
    0x02, 0x00, 0x22, 0x00, 0x02, 0x00, 0x22, 0x00, 0x65, 0x08, 0x44, 0x08, 0x22, 0x00, 0x22, 0x00,
    0x02, 0x00, 0x22, 0x00, 0x22, 0x00, 0x22, 0x00, 0x02, 0x00, 0x22, 0x00, 0x22, 0x00, 0x22, 0x00,
    0x02, 0x00, 0x44, 0x08, 0x64, 0x08, 0x22, 0x00, 0x02, 0x00, 0x22, 0x00, 0x22, 0x00, 0x22, 0x00,
    0x22, 0x00, 0x22, 0x00, 0x22, 0x00, 0x22, 0x00, 0x22, 0x00, 0x22, 0x00, 0x23, 0x00, 0x86, 0x10,
    0x23, 0x08, 0x22, 0x00, 0x22, 0x00, 0x22, 0x00, 0x22, 0x00, 0x22, 0x00, 0x22, 0x00, 0x22, 0x00,
    0x22, 0x00, 0x22, 0x00, 0x22, 0x00, 0x22, 0x00, 0x44, 0x08, 0x65, 0x08, 0x22, 0x00, 0x22, 0x00,
    0x22, 0x00, 0x22, 0x00, 0x22, 0x00, 0x22, 0x00, 0x22, 0x00, 0x22, 0x00, 0x22, 0x00, 0x22, 0x00,
    0x22, 0x00, 0x22, 0x00, 0x65, 0x08, 0x65, 0x08, 0x22, 0x00, 0x22, 0x00, 0x22, 0x00, 0x23, 0x00,
    0x22, 0x00, 0x22, 0x00, 0x22, 0x00, 0x23, 0x00, 0x22, 0x00, 0x23, 0x00, 0x22, 0x00, 0x23, 0x00,
    0x65, 0x08, 0x65, 0x08, 0x22, 0x00, 0x23, 0x00, 0x22, 0x00, 0x23, 0x00, 0x22, 0x00, 0x23, 0x00,
    0x22, 0x00, 0x23, 0x00, 0x22, 0x00, 0x23, 0x00, 0x22, 0x00, 0x23, 0x00, 0x44, 0x08, 0x65, 0x08,
    0x22, 0x00, 0x23, 0x00, 0x23, 0x00, 0x23, 0x00, 0x22, 0x00, 0x23, 0x00, 0x23, 0x00, 0x23, 0x00,
    0x23, 0x00, 0x23, 0x00, 0x23, 0x00, 0x23, 0x00, 0x44, 0x08, 0x86, 0x10, 0x23, 0x00, 0x23, 0x00,
    0x23, 0x00, 0x23, 0x00, 0x23, 0x00, 0x23, 0x00, 0x23, 0x00, 0x23, 0x00, 0x23, 0x00, 0x23, 0x00,
    0x23, 0x00, 0x23, 0x00, 0x23, 0x00, 0x65, 0x08, 0x44, 0x08, 0x23, 0x00, 0x23, 0x00, 0x23, 0x00,
    0x22, 0x00, 0x23, 0x00, 0x23, 0x00, 0x23, 0x00, 0x22, 0x00, 0x23, 0x00, 0x23, 0x00, 0x23, 0x00,
    0x22, 0x00, 0x43, 0x08, 0x86, 0x08, 0x44, 0x08, 0x22, 0x00, 0x23, 0x00, 0x22, 0x00, 0x23, 0x00,
    0x22, 0x00, 0x23, 0x00, 0x22, 0x00, 0x23, 0x00, 0x22, 0x00, 0x23, 0x00, 0x22, 0x00, 0x23, 0x00,
    0x44, 0x08, 0x86, 0x10, 0x23, 0x08, 0x23, 0x00, 0x22, 0x00, 0x22, 0x00, 0x22, 0x00, 0x22, 0x00,
    0x22, 0x00, 0x22, 0x00, 0x22, 0x00, 0x22, 0x00, 0x22, 0x00, 0x22, 0x00, 0x22, 0x00, 0x44, 0x08,
    0x86, 0x08, 0x43, 0x08, 0x22, 0x00, 0x22, 0x00, 0x22, 0x00, 0x22, 0x00, 0x22, 0x00, 0x22, 0x00,
    0x22, 0x00, 0x22, 0x00, 0x22, 0x00, 0x22, 0x00, 0x22, 0x00, 0x22, 0x00, 0x23, 0x08, 0x86, 0x10,
    0x44, 0x08, 0x22, 0x00, 0x22, 0x00, 0x22, 0x00, 0x22, 0x00, 0x22, 0x00, 0x22, 0x00, 0x22, 0x00,
    0x22, 0x00, 0x22, 0x00, 0x22, 0x00, 0x22, 0x00, 0x02, 0x00, 0x22, 0x00, 0x64, 0x08, 0x65, 0x08,
    0x02, 0x00, 0x22, 0x00, 0x22, 0x00, 0x22, 0x00, 0x02, 0x00, 0x22, 0x00, 0x22, 0x00, 0x22, 0x00,
    0x02, 0x00, 0x22, 0x00, 0x22, 0x00, 0x22, 0x00, 0x02, 0x00, 0x23, 0x08, 0x65, 0x08, 0x44, 0x08,
    0x02, 0x00, 0x22, 0x00, 0x02, 0x00, 0x22, 0x00, 0x02, 0x00, 0x22, 0x00, 0x02, 0x00, 0x22, 0x00,
    0x02, 0x00, 0x22, 0x00, 0x22, 0x00, 0x22, 0x00, 0x22, 0x00, 0x44, 0x08, 0x86, 0x10, 0x44, 0x08,
    0x23, 0x00, 0x23, 0x08, 0x23, 0x00, 0x23, 0x08, 0x23, 0x00, 0x23, 0x00, 0x23, 0x00, 0x43, 0x08,
    0x23, 0x00, 0x43, 0x08, 0x23, 0x08, 0x44, 0x08, 0x43, 0x08, 0x65, 0x08, 0x86, 0x10, 0x65, 0x08,
    0x01, 0x00, 0x01, 0x00, 0x02, 0x00, 0x01, 0x00, 0x01, 0x00, 0x01, 0x00, 0x02, 0x00, 0x65, 0x08,
    0x23, 0x00, 0x02, 0x00, 0x02, 0x00, 0x02, 0x00, 0x02, 0x00, 0x02, 0x00, 0x02, 0x00, 0x02, 0x00,
    0x02, 0x00, 0x02, 0x00, 0x22, 0x00, 0x43, 0x08, 0x64, 0x08, 0x02, 0x00, 0x22, 0x00, 0x22, 0x00,
    0x22, 0x00, 0x22, 0x00, 0x22, 0x00, 0x22, 0x00, 0x22, 0x00, 0x22, 0x00, 0x22, 0x00, 0x22, 0x00,
    0x65, 0x08, 0x43, 0x08, 0x22, 0x00, 0x22, 0x00, 0x22, 0x00, 0x22, 0x00, 0x22, 0x00, 0x22, 0x00,
    0x22, 0x00, 0x22, 0x00, 0x22, 0x00, 0x22, 0x00, 0x23, 0x00, 0x86, 0x08, 0x43, 0x08, 0x22, 0x00,
    0x22, 0x00, 0x22, 0x00, 0x22, 0x00, 0x22, 0x00, 0x22, 0x00, 0x22, 0x00, 0x22, 0x00, 0x22, 0x00,
    0x22, 0x00, 0x23, 0x08, 0x86, 0x10, 0x23, 0x00, 0x22, 0x00, 0x22, 0x00, 0x22, 0x00, 0x22, 0x00,
    0x22, 0x00, 0x22, 0x00, 0x22, 0x00, 0x22, 0x00, 0x22, 0x00, 0x22, 0x00, 0x43, 0x08, 0x86, 0x10,
    0x23, 0x08, 0x22, 0x00, 0x22, 0x00, 0x22, 0x00, 0x22, 0x00, 0x02, 0x00, 0x22, 0x00, 0x22, 0x00,
    0x22, 0x00, 0x22, 0x00, 0x22, 0x00, 0x23, 0x00, 0x65, 0x08, 0x43, 0x08, 0x22, 0x00, 0x22, 0x00,
    0x22, 0x00, 0x22, 0x00, 0x22, 0x00, 0x22, 0x00, 0x22, 0x00, 0x22, 0x00, 0x22, 0x00, 0x22, 0x00,
    0x22, 0x00, 0x44, 0x08, 0x44, 0x08, 0x22, 0x00, 0x22, 0x00, 0x22, 0x00, 0x22, 0x00, 0x22, 0x00,
    0x22, 0x00, 0x22, 0x00, 0x22, 0x00, 0x22, 0x00, 0x22, 0x00, 0x22, 0x00, 0x23, 0x08, 0x86, 0x08,
    0x23, 0x00, 0x22, 0x00, 0x22, 0x00, 0x22, 0x00, 0x22, 0x00, 0x22, 0x00, 0x22, 0x00, 0x22, 0x00,
    0x22, 0x00, 0x22, 0x00, 0x22, 0x00, 0x22, 0x00, 0x44, 0x08, 0x65, 0x08, 0x22, 0x00, 0x22, 0x00,
    0x22, 0x00, 0x22, 0x00, 0x22, 0x00, 0x22, 0x00, 0x22, 0x00, 0x22, 0x00, 0x22, 0x00, 0x22, 0x00,
    0x22, 0x00, 0x22, 0x00, 0x65, 0x08, 0x45, 0x08, 0x22, 0x00, 0x22, 0x00, 0x22, 0x00, 0x22, 0x00,
    0x22, 0x00, 0x22, 0x00, 0x22, 0x00, 0x22, 0x00, 0x22, 0x00, 0x22, 0x00, 0x23, 0x00, 0x22, 0x00,
    0x65, 0x08, 0x44, 0x08, 0x23, 0x00, 0x22, 0x00, 0x23, 0x00, 0x22, 0x00, 0x23, 0x00, 0x23, 0x00,
    0x23, 0x00, 0x22, 0x00, 0x23, 0x00, 0x23, 0x00, 0x23, 0x00, 0x23, 0x00, 0x64, 0x08, 0x65, 0x08,
    0x23, 0x00, 0x23, 0x00, 0x23, 0x00, 0x23, 0x00, 0x23, 0x00, 0x23, 0x00, 0x23, 0x00, 0x23, 0x00,
    0x23, 0x00, 0x23, 0x00, 0x23, 0x00, 0x23, 0x00, 0x44, 0x08, 0x86, 0x08, 0x43, 0x08, 0x23, 0x00,
    0x23, 0x00, 0x23, 0x00, 0x23, 0x00, 0x23, 0x00, 0x23, 0x00, 0x23, 0x00, 0x23, 0x00, 0x23, 0x00,
    0x23, 0x00, 0x23, 0x00, 0x23, 0x00, 0x65, 0x08, 0x65, 0x08, 0x23, 0x00, 0x23, 0x00, 0x23, 0x00,
    0x23, 0x00, 0x23, 0x00, 0x23, 0x00, 0x23, 0x00, 0x23, 0x00, 0x23, 0x00, 0x23, 0x00, 0x23, 0x00,
    0x23, 0x00, 0x23, 0x08, 0x86, 0x10, 0x44, 0x08, 0x23, 0x00, 0x22, 0x00, 0x23, 0x00, 0x22, 0x00,
    0x22, 0x00, 0x22, 0x00, 0x23, 0x00, 0x22, 0x00, 0x22, 0x00, 0x22, 0x00, 0x22, 0x00, 0x22, 0x00,
    0x44, 0x08, 0x86, 0x08, 0x43, 0x08, 0x22, 0x00, 0x22, 0x00, 0x22, 0x00, 0x22, 0x00, 0x22, 0x00,
    0x22, 0x00, 0x22, 0x00, 0x22, 0x00, 0x22, 0x00, 0x22, 0x00, 0x22, 0x00, 0x22, 0x00, 0x44, 0x08,
    0x86, 0x08, 0x43, 0x08, 0x22, 0x00, 0x22, 0x00, 0x22, 0x00, 0x22, 0x00, 0x22, 0x00, 0x22, 0x00,
    0x22, 0x00, 0x22, 0x00, 0x22, 0x00, 0x22, 0x00, 0x22, 0x00, 0x22, 0x00, 0x23, 0x00, 0x65, 0x08,
    0x44, 0x08, 0x22, 0x00, 0x22, 0x00, 0x22, 0x00, 0x22, 0x00, 0x22, 0x00, 0x22, 0x00, 0x22, 0x00,
    0x23, 0x00, 0x23, 0x00, 0x23, 0x00, 0x23, 0x00, 0x23, 0x00, 0x23, 0x00, 0x65, 0x08, 0x65, 0x08,
    0x23, 0x08, 0x23, 0x08, 0x43, 0x08, 0x43, 0x08, 0x43, 0x08, 0x43, 0x08, 0x44, 0x08, 0x44, 0x08,
    0x44, 0x08, 0x44, 0x08, 0x44, 0x08, 0x44, 0x08, 0x44, 0x08, 0x64, 0x08, 0xa7, 0x10, 0x86, 0x08,
    0x44, 0x08, 0x44, 0x08, 0x64, 0x08, 0x64, 0x08, 0x64, 0x08, 0x65, 0x08, 0x65, 0x08, 0x65, 0x08,
    0x65, 0x08, 0x65, 0x08, 0x65, 0x08, 0x65, 0x08, 0x65, 0x08, 0x86, 0x10, 0xa8, 0x10, 0x86, 0x10,
    0x86, 0x08, 0x65, 0x08, 0x86, 0x08, 0x86, 0x10, 0x65, 0x08, 0x65, 0x08, 0x65, 0x08, 0x65, 0x08,
    0x65, 0x08, 0x65, 0x08, 0x65, 0x08, 0x65, 0x08, 0x65, 0x08, 0x65, 0x08, 0xa7, 0x10, 0x65, 0x08,
    0x01, 0x00, 0x02, 0x00, 0x01, 0x00, 0x02, 0x00, 0x01, 0x00, 0x02, 0x00, 0x02, 0x00, 0x65, 0x08,
    0x22, 0x00, 0x01, 0x00, 0x01, 0x00, 0x01, 0x00, 0x02, 0x00, 0x22, 0x00, 0x02, 0x00, 0x22, 0x00,
    0x02, 0x00, 0x22, 0x00, 0x02, 0x00, 0x44, 0x08, 0x44, 0x08, 0x22, 0x00, 0x02, 0x00, 0x22, 0x00,
    0x22, 0x00, 0x22, 0x00, 0x22, 0x00, 0x22, 0x00, 0x22, 0x00, 0x22, 0x00, 0x22, 0x00, 0x22, 0x00,
    0x85, 0x08, 0x43, 0x08, 0x22, 0x00, 0x22, 0x00, 0x22, 0x00, 0x22, 0x00, 0x22, 0x00, 0x22, 0x00,
    0x22, 0x00, 0x22, 0x00, 0x22, 0x00, 0x22, 0x00, 0x23, 0x08, 0x86, 0x10, 0x22, 0x00, 0x22, 0x00,
    0x22, 0x00, 0x22, 0x00, 0x22, 0x00, 0x22, 0x00, 0x22, 0x00, 0x22, 0x00, 0x22, 0x00, 0x22, 0x00,
    0x22, 0x00, 0x44, 0x08, 0x65, 0x08, 0x22, 0x00, 0x22, 0x00, 0x22, 0x00, 0x22, 0x00, 0x22, 0x00,
    0x22, 0x00, 0x22, 0x00, 0x22, 0x00, 0x22, 0x00, 0x22, 0x00, 0x22, 0x00, 0x43, 0x00, 0x85, 0x10,
    0x22, 0x00, 0x22, 0x00, 0x22, 0x00, 0x22, 0x00, 0x22, 0x00, 0x22, 0x00, 0x02, 0x00, 0x22, 0x00,
    0x02, 0x00, 0x22, 0x00, 0x02, 0x00, 0x23, 0x08, 0x66, 0x08, 0x43, 0x08, 0x02, 0x00, 0x22, 0x00,
    0x02, 0x00, 0x22, 0x00, 0x02, 0x00, 0x22, 0x00, 0x02, 0x00, 0x22, 0x00, 0x02, 0x00, 0x22, 0x00,
    0x22, 0x00, 0x64, 0x08, 0x44, 0x08, 0x22, 0x00, 0x22, 0x00, 0x22, 0x00, 0x22, 0x00, 0x22, 0x00,
    0x22, 0x00, 0x22, 0x00, 0x22, 0x00, 0x22, 0x00, 0x22, 0x00, 0x22, 0x00, 0x23, 0x08, 0x86, 0x08,
    0x23, 0x00, 0x22, 0x00, 0x22, 0x00, 0x22, 0x00, 0x22, 0x00, 0x22, 0x00, 0x22, 0x00, 0x22, 0x00,
    0x22, 0x00, 0x22, 0x00, 0x22, 0x00, 0x22, 0x00, 0x44, 0x08, 0x65, 0x08, 0x22, 0x00, 0x22, 0x00,
    0x22, 0x00, 0x22, 0x00, 0x22, 0x00, 0x22, 0x00, 0x22, 0x00, 0x22, 0x00, 0x22, 0x00, 0x22, 0x00,
    0x22, 0x00, 0x22, 0x00, 0x65, 0x08, 0x64, 0x08, 0x22, 0x00, 0x22, 0x00, 0x22, 0x00, 0x22, 0x00,
    0x22, 0x00, 0x22, 0x00, 0x22, 0x00, 0x22, 0x00, 0x22, 0x00, 0x22, 0x00, 0x22, 0x00, 0x22, 0x00,
    0x65, 0x08, 0x64, 0x08, 0x22, 0x00, 0x22, 0x00, 0x22, 0x00, 0x22, 0x00, 0x22, 0x00, 0x22, 0x00,
    0x22, 0x00, 0x22, 0x00, 0x22, 0x00, 0x22, 0x00, 0x22, 0x00, 0x22, 0x00, 0x44, 0x08, 0x65, 0x08,
    0x22, 0x00, 0x22, 0x00, 0x22, 0x00, 0x22, 0x00, 0x22, 0x00, 0x22, 0x00, 0x22, 0x00, 0x22, 0x00,
    0x22, 0x00, 0x22, 0x00, 0x22, 0x00, 0x22, 0x00, 0x44, 0x08, 0x86, 0x10, 0x23, 0x08, 0x22, 0x00,
    0x22, 0x00, 0x22, 0x00, 0x22, 0x00, 0x22, 0x00, 0x22, 0x00, 0x22, 0x00, 0x22, 0x00, 0x22, 0x00,
    0x22, 0x00, 0x22, 0x00, 0x22, 0x00, 0x65, 0x08, 0x64, 0x08, 0x22, 0x00, 0x22, 0x00, 0x22, 0x00,
    0x22, 0x00, 0x22, 0x00, 0x22, 0x00, 0x22, 0x00, 0x22, 0x00, 0x22, 0x00, 0x22, 0x00, 0x22, 0x00,
    0x22, 0x00, 0x23, 0x08, 0x65, 0x08, 0x44, 0x08, 0x22, 0x00, 0x22, 0x00, 0x22, 0x00, 0x22, 0x00,
    0x22, 0x00, 0x22, 0x00, 0x22, 0x00, 0x22, 0x00, 0x22, 0x00, 0x22, 0x00, 0x22, 0x00, 0x22, 0x00,
    0x23, 0x08, 0x86, 0x10, 0x43, 0x08, 0x22, 0x00, 0x22, 0x00, 0x22, 0x00, 0x22, 0x00, 0x23, 0x00,
    0x23, 0x00, 0x23, 0x08, 0x23, 0x00, 0x43, 0x08, 0x23, 0x08, 0x43, 0x08, 0x23, 0x08, 0x44, 0x08,
    0x86, 0x10, 0x64, 0x08, 0x43, 0x08, 0x44, 0x08, 0x44, 0x08, 0x44, 0x08, 0x44, 0x08, 0x44, 0x08,
    0x44, 0x08, 0x44, 0x08, 0x44, 0x08, 0x44, 0x08, 0x44, 0x08, 0x64, 0x08, 0x64, 0x08, 0xa7, 0x10,
    0x86, 0x10, 0x65, 0x08, 0x64, 0x08, 0x65, 0x08, 0x65, 0x08, 0x65, 0x08, 0x65, 0x08, 0x65, 0x08,
    0x65, 0x08, 0x65, 0x08, 0x65, 0x08, 0x65, 0x08, 0x65, 0x08, 0x85, 0x08, 0xa7, 0x10, 0xa8, 0x10,
    0x86, 0x10, 0x86, 0x08, 0x66, 0x08, 0x86, 0x08, 0x86, 0x08, 0x65, 0x08, 0x65, 0x08, 0x65, 0x08,
    0x65, 0x08, 0x65, 0x08, 0x65, 0x08, 0x65, 0x08, 0x65, 0x08, 0x65, 0x08, 0xa7, 0x10, 0x86, 0x10,
    0x44, 0x08, 0x64, 0x08, 0x44, 0x08, 0x44, 0x08, 0x44, 0x08, 0x44, 0x08, 0x44, 0x08, 0x44, 0x08,
    0x44, 0x08, 0x44, 0x08, 0x43, 0x08, 0x44, 0x08, 0x43, 0x08, 0x44, 0x08, 0x86, 0x10, 0x65, 0x08,
    0x43, 0x08, 0x43, 0x08, 0x23, 0x00, 0x23, 0x08, 0x23, 0x00, 0x23, 0x00, 0x22, 0x00, 0x22, 0x00,
    0x22, 0x00, 0x23, 0x00, 0x22, 0x00, 0x22, 0x00, 0x02, 0x00, 0x23, 0x00, 0x65, 0x08, 0x43, 0x08,
    0x01, 0x00, 0x01, 0x00, 0x01, 0x00, 0x01, 0x00, 0x02, 0x00, 0x01, 0x00, 0x22, 0x00, 0x65, 0x08,
    0x02, 0x00, 0x02, 0x00, 0x02, 0x00, 0x02, 0x00, 0x22, 0x00, 0x02, 0x00, 0x22, 0x00, 0x02, 0x00,
    0x22, 0x00, 0x22, 0x00, 0x22, 0x00, 0x64, 0x08, 0x44, 0x08, 0x22, 0x00, 0x22, 0x00, 0x22, 0x00,
    0x22, 0x00, 0x22, 0x00, 0x22, 0x00, 0x22, 0x00, 0x22, 0x00, 0x22, 0x00, 0x22, 0x00, 0x23, 0x00,
    0x86, 0x08, 0x23, 0x00, 0x22, 0x00, 0x22, 0x00, 0x22, 0x00, 0x22, 0x00, 0x22, 0x00, 0x22, 0x00,
    0x22, 0x00, 0x22, 0x00, 0x22, 0x00, 0x22, 0x00, 0x44, 0x08, 0x65, 0x08, 0x22, 0x00, 0x22, 0x00,
    0x22, 0x00, 0x22, 0x00, 0x22, 0x00, 0x22, 0x00, 0x22, 0x00, 0x22, 0x00, 0x22, 0x00, 0x22, 0x00,
    0x22, 0x00, 0x44, 0x08, 0x85, 0x08, 0x22, 0x00, 0x22, 0x00, 0x22, 0x00, 0x22, 0x00, 0x22, 0x00,
    0x23, 0x00, 0x22, 0x00, 0x23, 0x00, 0x22, 0x00, 0x22, 0x00, 0x22, 0x00, 0x44, 0x08, 0x65, 0x08,
    0x22, 0x00, 0x22, 0x00, 0x22, 0x00, 0x22, 0x00, 0x22, 0x00, 0x22, 0x00, 0x22, 0x00, 0x22, 0x00,
    0x22, 0x00, 0x22, 0x00, 0x22, 0x00, 0x43, 0x08, 0x86, 0x10, 0x43, 0x00, 0x22, 0x00, 0x22, 0x00,
    0x22, 0x00, 0x22, 0x00, 0x22, 0x00, 0x22, 0x00, 0x22, 0x00, 0x22, 0x00, 0x22, 0x00, 0x22, 0x00,
    0x22, 0x00, 0x65, 0x08, 0x44, 0x08, 0x22, 0x00, 0x22, 0x00, 0x22, 0x00, 0x22, 0x00, 0x22, 0x00,
    0x22, 0x00, 0x22, 0x00, 0x22, 0x00, 0x22, 0x00, 0x22, 0x00, 0x22, 0x00, 0x43, 0x08, 0x65, 0x08,
    0x23, 0x00, 0x22, 0x00, 0x22, 0x00, 0x22, 0x00, 0x22, 0x00, 0x22, 0x00, 0x22, 0x00, 0x22, 0x00,
    0x22, 0x00, 0x22, 0x00, 0x22, 0x00, 0x22, 0x00, 0x44, 0x08, 0x65, 0x08, 0x22, 0x00, 0x22, 0x00,
    0x22, 0x00, 0x22, 0x00, 0x22, 0x00, 0x22, 0x00, 0x22, 0x00, 0x22, 0x00, 0x22, 0x00, 0x22, 0x00,
    0x22, 0x00, 0x22, 0x00, 0x65, 0x08, 0x44, 0x08, 0x22, 0x00, 0x22, 0x00, 0x22, 0x00, 0x22, 0x00,
    0x22, 0x00, 0x22, 0x00, 0x22, 0x00, 0x22, 0x00, 0x22, 0x00, 0x22, 0x00, 0x22, 0x00, 0x22, 0x00,
    0x65, 0x08, 0x44, 0x08, 0x22, 0x00, 0x22, 0x00, 0x23, 0x00, 0x22, 0x00, 0x23, 0x00, 0x22, 0x00,
    0x23, 0x00, 0x22, 0x00, 0x23, 0x00, 0x22, 0x00, 0x23, 0x00, 0x22, 0x00, 0x64, 0x08, 0x65, 0x08,
    0x23, 0x00, 0x23, 0x00, 0x23, 0x00, 0x23, 0x00, 0x23, 0x00, 0x23, 0x00, 0x23, 0x00, 0x23, 0x00,
    0x23, 0x00, 0x23, 0x00, 0x23, 0x00, 0x23, 0x00, 0x44, 0x08, 0x86, 0x08, 0x43, 0x08, 0x23, 0x00,
    0x23, 0x00, 0x23, 0x00, 0x23, 0x00, 0x23, 0x00, 0x23, 0x00, 0x23, 0x00, 0x23, 0x00, 0x23, 0x00,
    0x23, 0x00, 0x23, 0x00, 0x23, 0x00, 0x65, 0x08, 0x65, 0x08, 0x23, 0x00, 0x23, 0x00, 0x23, 0x00,
    0x23, 0x08, 0x23, 0x00, 0x43, 0x08, 0x23, 0x08, 0x43, 0x08, 0x23, 0x08, 0x44, 0x08, 0x44, 0x08,
    0x44, 0x08, 0x44, 0x08, 0x87, 0x10, 0x65, 0x08, 0x44, 0x08, 0x44, 0x08, 0x44, 0x08, 0x44, 0x08,
    0x44, 0x08, 0x44, 0x08, 0x44, 0x08, 0x44, 0x08, 0x65, 0x08, 0x45, 0x08, 0x65, 0x08, 0x65, 0x08,
    0x85, 0x08, 0xa8, 0x10, 0x86, 0x08, 0x65, 0x08, 0x65, 0x08, 0x65, 0x08, 0x65, 0x08, 0x65, 0x08,
    0x65, 0x08, 0x66, 0x08, 0x66, 0x08, 0x86, 0x08, 0x86, 0x08, 0x86, 0x08, 0x86, 0x08, 0x86, 0x10,
    0xa8, 0x10, 0xa7, 0x10, 0x86, 0x08, 0x66, 0x08, 0x65, 0x08, 0x65, 0x08, 0x65, 0x08, 0x65, 0x08,
    0x65, 0x08, 0x65, 0x08, 0x65, 0x08, 0x65, 0x08, 0x65, 0x08, 0x65, 0x08, 0x65, 0x08, 0x87, 0x10,
    0x86, 0x10, 0x44, 0x08, 0x44, 0x08, 0x44, 0x08, 0x44, 0x08, 0x44, 0x08, 0x44, 0x08, 0x44, 0x08,
    0x44, 0x08, 0x44, 0x08, 0x44, 0x08, 0x44, 0x08, 0x44, 0x08, 0x43, 0x08, 0x65, 0x08, 0x86, 0x10,
    0x44, 0x08, 0x23, 0x08, 0x23, 0x08, 0x23, 0x08, 0x23, 0x08, 0x23, 0x00, 0x23, 0x00, 0x23, 0x00,
    0x23, 0x00, 0x23, 0x00, 0x22, 0x00, 0x22, 0x00, 0x22, 0x00, 0x22, 0x00, 0x65, 0x08, 0x64, 0x08,
    0x22, 0x00, 0x22, 0x00, 0x22, 0x00, 0x22, 0x00, 0x22, 0x00, 0x22, 0x00, 0x22, 0x00, 0x22, 0x00,
    0x22, 0x00, 0x22, 0x00, 0x22, 0x00, 0x02, 0x00, 0x22, 0x00, 0x22, 0x00, 0x65, 0x08, 0x44, 0x08,
    0x22, 0x00, 0x02, 0x00, 0x22, 0x00, 0x02, 0x00, 0x02, 0x00, 0x02, 0x00, 0x02, 0x00, 0x02, 0x00,
    0x02, 0x00, 0x02, 0x00, 0x02, 0x00, 0x02, 0x00, 0x02, 0x00, 0x02, 0x00, 0x64, 0x08, 0x44, 0x08,
    0x01, 0x00, 0x01, 0x00, 0x01, 0x00, 0x02, 0x00, 0x01, 0x00, 0x02, 0x00, 0x23, 0x00, 0x65, 0x08,
    0x01, 0x00, 0x02, 0x00, 0x02, 0x00, 0x02, 0x00, 0x02, 0x00, 0x22, 0x00, 0x02, 0x00, 0x22, 0x00,
    0x02, 0x00, 0x22, 0x00, 0x22, 0x00, 0x65, 0x08, 0x43, 0x08, 0x22, 0x00, 0x22, 0x00, 0x22, 0x00,
    0x22, 0x00, 0x22, 0x00, 0x22, 0x00, 0x22, 0x00, 0x22, 0x00, 0x22, 0x00, 0x22, 0x00, 0x43, 0x08,
    0x65, 0x08, 0x23, 0x00, 0x22, 0x00, 0x22, 0x00, 0x22, 0x00, 0x22, 0x00, 0x22, 0x00, 0x23, 0x00,
    0x22, 0x00, 0x23, 0x00, 0x22, 0x00, 0x23, 0x00, 0x44, 0x08, 0x65, 0x08, 0x22, 0x00, 0x23, 0x00,
    0x22, 0x00, 0x23, 0x00, 0x22, 0x00, 0x23, 0x00, 0x22, 0x00, 0x23, 0x00, 0x22, 0x00, 0x23, 0x00,
    0x22, 0x00, 0x64, 0x08, 0x65, 0x08, 0x23, 0x00, 0x22, 0x00, 0x23, 0x00, 0x22, 0x00, 0x23, 0x00,
    0x22, 0x00, 0x23, 0x00, 0x22, 0x00, 0x23, 0x00, 0x22, 0x00, 0x23, 0x00, 0x44, 0x08, 0x65, 0x08,
    0x22, 0x00, 0x23, 0x00, 0x22, 0x00, 0x23, 0x00, 0x22, 0x00, 0x22, 0x00, 0x22, 0x00, 0x23, 0x00,
    0x22, 0x00, 0x22, 0x00, 0x22, 0x00, 0x43, 0x08, 0x86, 0x08, 0x23, 0x00, 0x22, 0x00, 0x22, 0x00,
    0x02, 0x00, 0x22, 0x00, 0x22, 0x00, 0x22, 0x00, 0x02, 0x00, 0x22, 0x00, 0x22, 0x00, 0x22, 0x00,
    0x02, 0x00, 0x65, 0x08, 0x44, 0x08, 0x22, 0x00, 0x02, 0x00, 0x22, 0x00, 0x22, 0x00, 0x22, 0x00,
    0x02, 0x00, 0x22, 0x00, 0x22, 0x00, 0x22, 0x00, 0x22, 0x00, 0x22, 0x00, 0x43, 0x08, 0x85, 0x10,
    0x23, 0x00, 0x22, 0x00, 0x22, 0x00, 0x22, 0x00, 0x22, 0x00, 0x22, 0x00, 0x22, 0x00, 0x22, 0x00,
    0x22, 0x00, 0x22, 0x00, 0x22, 0x00, 0x22, 0x00, 0x44, 0x08, 0x65, 0x08, 0x22, 0x00, 0x22, 0x00,
    0x22, 0x00, 0x22, 0x00, 0x22, 0x00, 0x22, 0x00, 0x22, 0x00, 0x22, 0x00, 0x22, 0x00, 0x22, 0x00,
    0x22, 0x00, 0x22, 0x00, 0x65, 0x08, 0x64, 0x08, 0x22, 0x00, 0x22, 0x00, 0x22, 0x00, 0x22, 0x00,
    0x22, 0x00, 0x22, 0x00, 0x22, 0x00, 0x22, 0x00, 0x22, 0x00, 0x22, 0x00, 0x22, 0x00, 0x23, 0x00,
    0x65, 0x08, 0x64, 0x08, 0x22, 0x00, 0x23, 0x00, 0x22, 0x00, 0x23, 0x00, 0x22, 0x00, 0x23, 0x00,
    0x22, 0x00, 0x23, 0x00, 0x23, 0x00, 0x23, 0x00, 0x23, 0x00, 0x23, 0x00, 0x65, 0x08, 0x65, 0x08,
    0x23, 0x00, 0x43, 0x08, 0x23, 0x08, 0x43, 0x08, 0x23, 0x08, 0x44, 0x08, 0x44, 0x08, 0x44, 0x08,
    0x44, 0x08, 0x44, 0x08, 0x44, 0x08, 0x44, 0x08, 0x65, 0x08, 0xa7, 0x10, 0x65, 0x08, 0x64, 0x08,
    0x44, 0x08, 0x65, 0x08, 0x45, 0x08, 0x65, 0x08, 0x65, 0x08, 0x65, 0x08, 0x65, 0x08, 0x65, 0x08,
    0x65, 0x08, 0x65, 0x08, 0x65, 0x08, 0xa7, 0x10, 0xa7, 0x10, 0x65, 0x08, 0x65, 0x08, 0x86, 0x10,
    0x66, 0x08, 0x86, 0x10, 0x86, 0x08, 0x86, 0x10, 0x86, 0x08, 0x86, 0x10, 0x86, 0x08, 0x86, 0x10,
    0x86, 0x08, 0x86, 0x10, 0xa8, 0x10, 0xa7, 0x10, 0x65, 0x08, 0x65, 0x08, 0x65, 0x08, 0x65, 0x08,
    0x65, 0x08, 0x65, 0x08, 0x65, 0x08, 0x65, 0x08, 0x65, 0x08, 0x65, 0x08, 0x45, 0x08, 0x65, 0x08,
    0x65, 0x08, 0xa7, 0x10, 0x65, 0x08, 0x44, 0x08, 0x44, 0x08, 0x44, 0x08, 0x44, 0x08, 0x44, 0x08,
    0x44, 0x08, 0x44, 0x08, 0x44, 0x08, 0x44, 0x08, 0x43, 0x08, 0x43, 0x08, 0x23, 0x08, 0x44, 0x08,
    0x86, 0x10, 0x45, 0x08, 0x23, 0x00, 0x23, 0x08, 0x23, 0x00, 0x23, 0x00, 0x23, 0x00, 0x23, 0x00,
    0x22, 0x00, 0x22, 0x00, 0x22, 0x00, 0x22, 0x00, 0x22, 0x00, 0x22, 0x00, 0x22, 0x00, 0x65, 0x08,
    0x65, 0x08, 0x22, 0x00, 0x22, 0x00, 0x22, 0x00, 0x22, 0x00, 0x22, 0x00, 0x22, 0x00, 0x22, 0x00,
    0x02, 0x00, 0x22, 0x00, 0x22, 0x00, 0x22, 0x00, 0x02, 0x00, 0x22, 0x00, 0x43, 0x08, 0x86, 0x08,
    0x23, 0x00, 0x22, 0x00, 0x22, 0x00, 0x22, 0x00, 0x02, 0x00, 0x22, 0x00, 0x22, 0x00, 0x22, 0x00,
    0x02, 0x00, 0x22, 0x00, 0x02, 0x00, 0x22, 0x00, 0x02, 0x00, 0x22, 0x00, 0x44, 0x08, 0x65, 0x08,
    0x22, 0x00, 0x22, 0x00, 0x02, 0x00, 0x22, 0x00, 0x02, 0x00, 0x22, 0x00, 0x02, 0x00, 0x22, 0x00,
    0x02, 0x00, 0x22, 0x00, 0x02, 0x00, 0x22, 0x00, 0x02, 0x00, 0x22, 0x00, 0x44, 0x08, 0x64, 0x08,
    0x02, 0x00, 0x22, 0x00, 0x02, 0x00, 0x22, 0x00, 0x02, 0x00, 0x02, 0x00, 0x02, 0x00, 0x02, 0x00,
    0x02, 0x00, 0x02, 0x00, 0x02, 0x00, 0x02, 0x00, 0x02, 0x00, 0x02, 0x00, 0x44, 0x08, 0x64, 0x08,
    0x01, 0x00, 0x01, 0x00, 0x01, 0x00, 0x01, 0x00, 0x01, 0x00, 0x01, 0x00, 0x43, 0x08, 0x44, 0x08,
    0x02, 0x00, 0x01, 0x00, 0x02, 0x00, 0x02, 0x00, 0x02, 0x00, 0x22, 0x00, 0x22, 0x00, 0x22, 0x00,
    0x22, 0x00, 0x22, 0x00, 0x22, 0x00, 0x65, 0x08, 0x23, 0x08, 0x22, 0x00, 0x22, 0x00, 0x22, 0x00,
    0x22, 0x00, 0x22, 0x00, 0x22, 0x00, 0x22, 0x00, 0x22, 0x00, 0x22, 0x00, 0x22, 0x00, 0x44, 0x08,
    0x65, 0x08, 0x22, 0x00, 0x22, 0x00, 0x22, 0x00, 0x22, 0x00, 0x22, 0x00, 0x22, 0x00, 0x22, 0x00,
    0x22, 0x00, 0x22, 0x00, 0x22, 0x00, 0x22, 0x00, 0x64, 0x08, 0x65, 0x08, 0x22, 0x00, 0x22, 0x00,
    0x22, 0x00, 0x22, 0x00, 0x22, 0x00, 0x22, 0x00, 0x22, 0x00, 0x22, 0x00, 0x22, 0x00, 0x22, 0x00,
    0x22, 0x00, 0x65, 0x08, 0x65, 0x08, 0x22, 0x00, 0x22, 0x00, 0x22, 0x00, 0x23, 0x00, 0x22, 0x00,
    0x22, 0x00, 0x22, 0x00, 0x23, 0x00, 0x22, 0x00, 0x22, 0x00, 0x22, 0x00, 0x64, 0x08, 0x65, 0x08,
    0x22, 0x00, 0x22, 0x00, 0x22, 0x00, 0x22, 0x00, 0x22, 0x00, 0x22, 0x00, 0x22, 0x00, 0x22, 0x00,
    0x22, 0x00, 0x22, 0x00, 0x22, 0x00, 0x43, 0x08, 0x85, 0x10, 0x22, 0x00, 0x22, 0x00, 0x22, 0x00,
    0x22, 0x00, 0x22, 0x00, 0x22, 0x00, 0x22, 0x00, 0x22, 0x00, 0x22, 0x00, 0x22, 0x00, 0x22, 0x00,
    0x22, 0x00, 0x65, 0x08, 0x43, 0x08, 0x22, 0x00, 0x22, 0x00, 0x22, 0x00, 0x22, 0x00, 0x22, 0x00,
    0x22, 0x00, 0x22, 0x00, 0x22, 0x00, 0x22, 0x00, 0x22, 0x00, 0x22, 0x00, 0x44, 0x08, 0x65, 0x08,
    0x22, 0x00, 0x22, 0x00, 0x22, 0x00, 0x22, 0x00, 0x22, 0x00, 0x22, 0x00, 0x22, 0x00, 0x22, 0x00,
    0x22, 0x00, 0x22, 0x00, 0x22, 0x00, 0x22, 0x00, 0x44, 0x08, 0x44, 0x08, 0x22, 0x00, 0x22, 0x00,
    0x22, 0x00, 0x22, 0x00, 0x23, 0x00, 0x23, 0x00, 0x23, 0x00, 0x23, 0x00, 0x23, 0x00, 0x23, 0x00,
    0x23, 0x08, 0x23, 0x08, 0x86, 0x08, 0x65, 0x08, 0x43, 0x08, 0x43, 0x08, 0x44, 0x08, 0x44, 0x08,
    0x44, 0x08, 0x44, 0x08, 0x44, 0x08, 0x44, 0x08, 0x44, 0x08, 0x44, 0x08, 0x64, 0x08, 0x44, 0x08,
    0x86, 0x10, 0x86, 0x10, 0x65, 0x08, 0x65, 0x08, 0x65, 0x08, 0x65, 0x08, 0x65, 0x08, 0x65, 0x08,
    0x65, 0x08, 0x65, 0x08, 0x65, 0x08, 0x65, 0x08, 0x65, 0x08, 0x65, 0x08, 0xa7, 0x10, 0xa8, 0x10,
    0x86, 0x08, 0x86, 0x08, 0x86, 0x10, 0x86, 0x08, 0x86, 0x10, 0x86, 0x08, 0x86, 0x10, 0x66, 0x08,
    0x66, 0x08, 0x65, 0x08, 0x65, 0x08, 0x65, 0x08, 0x86, 0x10, 0xa8, 0x10, 0x86, 0x10, 0x65, 0x08,
    0x65, 0x08, 0x65, 0x08, 0x65, 0x08, 0x65, 0x08, 0x65, 0x08, 0x44, 0x08, 0x64, 0x08, 0x44, 0x08,
    0x44, 0x08, 0x44, 0x08, 0x44, 0x08, 0x86, 0x08, 0x86, 0x10, 0x44, 0x08, 0x44, 0x08, 0x44, 0x08,
    0x44, 0x08, 0x43, 0x08, 0x44, 0x08, 0x43, 0x08, 0x23, 0x08, 0x23, 0x08, 0x43, 0x08, 0x23, 0x00,
    0x23, 0x00, 0x23, 0x00, 0x86, 0x10, 0x44, 0x08, 0x23, 0x00, 0x23, 0x00, 0x22, 0x00, 0x22, 0x00,
    0x22, 0x00, 0x22, 0x00, 0x22, 0x00, 0x22, 0x00, 0x22, 0x00, 0x22, 0x00, 0x22, 0x00, 0x22, 0x00,
    0x23, 0x00, 0x65, 0x08, 0x44, 0x08, 0x22, 0x00, 0x22, 0x00, 0x22, 0x00, 0x22, 0x00, 0x22, 0x00,
    0x22, 0x00, 0x22, 0x00, 0x22, 0x00, 0x22, 0x00, 0x22, 0x00, 0x22, 0x00, 0x22, 0x00, 0x22, 0x00,
    0x65, 0x08, 0x44, 0x08, 0x22, 0x00, 0x22, 0x00, 0x22, 0x00, 0x22, 0x00, 0x22, 0x00, 0x22, 0x00,
    0x22, 0x00, 0x22, 0x00, 0x22, 0x00, 0x22, 0x00, 0x22, 0x00, 0x22, 0x00, 0x22, 0x00, 0x44, 0x08,
    0x65, 0x08, 0x22, 0x00, 0x22, 0x00, 0x22, 0x00, 0x22, 0x00, 0x22, 0x00, 0x22, 0x00, 0x22, 0x00,
    0x22, 0x00, 0x22, 0x00, 0x22, 0x00, 0x22, 0x00, 0x22, 0x00, 0x22, 0x00, 0x23, 0x08, 0x86, 0x08,
    0x43, 0x08, 0x22, 0x00, 0x22, 0x00, 0x22, 0x00, 0x22, 0x00, 0x22, 0x00, 0x22, 0x00, 0x22, 0x00,
    0x22, 0x00, 0x22, 0x00, 0x22, 0x00, 0x22, 0x00, 0x22, 0x00, 0x22, 0x00, 0x44, 0x08, 0x65, 0x08,
    0x23, 0x00, 0x02, 0x00, 0x22, 0x00, 0x22, 0x00, 0x22, 0x00, 0x02, 0x00, 0x22, 0x00, 0x22, 0x00,
    0x22, 0x00, 0x02, 0x00, 0x22, 0x00, 0x22, 0x00, 0x22, 0x00, 0x02, 0x00, 0x44, 0x08, 0x65, 0x08,
    0x22, 0x00, 0x02, 0x00, 0x22, 0x00, 0x02, 0x00, 0x02, 0x00, 0x02, 0x00, 0x02, 0x00, 0x02, 0x00,
    0x02, 0x00, 0x02, 0x00, 0x02, 0x00, 0x02, 0x00, 0x02, 0x00, 0x02, 0x00, 0x43, 0x08, 0x64, 0x08,
    0x01, 0x00, 0x02, 0x00, 0x01, 0x00, 0x02, 0x00, 0x01, 0x00, 0x02, 0x00, 0x44, 0x08, 0x44, 0x08,
    0x02, 0x00, 0x02, 0x00, 0x02, 0x00, 0x02, 0x00, 0x02, 0x00, 0x22, 0x00, 0x22, 0x00, 0x22, 0x00,
    0x22, 0x00, 0x22, 0x00, 0x23, 0x00, 0x86, 0x08, 0x22, 0x00, 0x22, 0x00, 0x22, 0x00, 0x22, 0x00,
    0x22, 0x00, 0x22, 0x00, 0x22, 0x00, 0x22, 0x00, 0x22, 0x00, 0x22, 0x00, 0x22, 0x00, 0x64, 0x08,
    0x65, 0x08, 0x22, 0x00, 0x22, 0x00, 0x22, 0x00, 0x22, 0x00, 0x23, 0x00, 0x22, 0x00, 0x23, 0x00,
    0x22, 0x00, 0x23, 0x00, 0x22, 0x00, 0x23, 0x00, 0x65, 0x08, 0x64, 0x08, 0x22, 0x00, 0x23, 0x00,
    0x22, 0x00, 0x23, 0x00, 0x22, 0x00, 0x23, 0x00, 0x22, 0x00, 0x23, 0x00, 0x23, 0x00, 0x23, 0x00,
    0x23, 0x00, 0x65, 0x08, 0x44, 0x08, 0x23, 0x00, 0x23, 0x00, 0x23, 0x00, 0x23, 0x00, 0x23, 0x00,
    0x23, 0x00, 0x23, 0x00, 0x23, 0x00, 0x23, 0x00, 0x23, 0x00, 0x23, 0x00, 0x65, 0x08, 0x65, 0x08,
    0x22, 0x00, 0x23, 0x00, 0x22, 0x00, 0x23, 0x00, 0x23, 0x00, 0x23, 0x00, 0x22, 0x00, 0x23, 0x00,
    0x22, 0x00, 0x23, 0x00, 0x22, 0x00, 0x44, 0x08, 0x65, 0x08, 0x23, 0x00, 0x22, 0x00, 0x23, 0x00,
    0x22, 0x00, 0x23, 0x00, 0x22, 0x00, 0x22, 0x00, 0x02, 0x00, 0x22, 0x00, 0x02, 0x00, 0x23, 0x00,
    0x23, 0x00, 0x86, 0x10, 0x44, 0x08, 0x23, 0x00, 0x23, 0x00, 0x23, 0x00, 0x23, 0x08, 0x23, 0x08,
    0x23, 0x08, 0x43, 0x08, 0x43, 0x08, 0x43, 0x08, 0x43, 0x08, 0x44, 0x08, 0x65, 0x08, 0x86, 0x10,
    0x44, 0x08, 0x44, 0x08, 0x44, 0x08, 0x44, 0x08, 0x44, 0x08, 0x44, 0x08, 0x44, 0x08, 0x44, 0x08,
    0x65, 0x08, 0x65, 0x08, 0x65, 0x08, 0x65, 0x08, 0x87, 0x10, 0xa7, 0x10, 0x65, 0x08, 0x65, 0x08,
    0x65, 0x08, 0x65, 0x08, 0x65, 0x08, 0x86, 0x10, 0x66, 0x08, 0x86, 0x10, 0x86, 0x08, 0x86, 0x10,
    0x86, 0x10, 0x86, 0x10, 0xa8, 0x10, 0xa7, 0x10, 0x86, 0x08, 0x86, 0x10, 0x65, 0x08, 0x65, 0x08,
    0x65, 0x08, 0x65, 0x08, 0x65, 0x08, 0x65, 0x08, 0x65, 0x08, 0x65, 0x08, 0x65, 0x08, 0x65, 0x08,
    0x87, 0x10, 0x86, 0x10, 0x45, 0x08, 0x64, 0x08, 0x44, 0x08, 0x64, 0x08, 0x44, 0x08, 0x44, 0x08,
    0x44, 0x08, 0x44, 0x08, 0x44, 0x08, 0x44, 0x08, 0x44, 0x08, 0x44, 0x08, 0x65, 0x08, 0x86, 0x10,
    0x43, 0x08, 0x43, 0x08, 0x23, 0x08, 0x43, 0x08, 0x23, 0x08, 0x43, 0x08, 0x23, 0x00, 0x23, 0x08,
    0x23, 0x00, 0x23, 0x00, 0x23, 0x00, 0x23, 0x00, 0x23, 0x08, 0x86, 0x10, 0x23, 0x08, 0x23, 0x00,
    0x22, 0x00, 0x23, 0x00, 0x22, 0x00, 0x23, 0x00, 0x22, 0x00, 0x23, 0x00, 0x22, 0x00, 0x23, 0x00,
    0x22, 0x00, 0x23, 0x00, 0x22, 0x00, 0x65, 0x08, 0x65, 0x08, 0x23, 0x00, 0x22, 0x00, 0x23, 0x00,
    0x22, 0x00, 0x23, 0x00, 0x22, 0x00, 0x23, 0x00, 0x22, 0x00, 0x23, 0x00, 0x22, 0x00, 0x23, 0x00,
    0x22, 0x00, 0x23, 0x00, 0x65, 0x08, 0x64, 0x08, 0x22, 0x00, 0x23, 0x00, 0x22, 0x00, 0x22, 0x00,
    0x22, 0x00, 0x22, 0x00, 0x22, 0x00, 0x22, 0x00, 0x22, 0x00, 0x22, 0x00, 0x22, 0x00, 0x22, 0x00,
    0x23, 0x00, 0x65, 0x08, 0x44, 0x08, 0x22, 0x00, 0x22, 0x00, 0x22, 0x00, 0x22, 0x00, 0x22, 0x00,
    0x22, 0x00, 0x22, 0x00, 0x22, 0x00, 0x22, 0x00, 0x22, 0x00, 0x22, 0x00, 0x22, 0x00, 0x22, 0x00,
    0x65, 0x08, 0x64, 0x08, 0x22, 0x00, 0x22, 0x00, 0x22, 0x00, 0x22, 0x00, 0x22, 0x00, 0x22, 0x00,
    0x22, 0x00, 0x22, 0x00, 0x22, 0x00, 0x22, 0x00, 0x22, 0x00, 0x22, 0x00, 0x22, 0x00, 0x44, 0x08,
    0x65, 0x08, 0x23, 0x00, 0x22, 0x00, 0x22, 0x00, 0x22, 0x00, 0x22, 0x00, 0x22, 0x00, 0x22, 0x00,
    0x22, 0x00, 0x22, 0x00, 0x22, 0x00, 0x22, 0x00, 0x22, 0x00, 0x22, 0x00, 0x23, 0x00, 0x65, 0x08,
    0x44, 0x08, 0x22, 0x00, 0x02, 0x00, 0x22, 0x00, 0x22, 0x00, 0x22, 0x00, 0x02, 0x00, 0x22, 0x00,
    0x02, 0x00, 0x22, 0x00, 0x02, 0x00, 0x22, 0x00, 0x02, 0x00, 0x22, 0x00, 0x43, 0x08, 0x85, 0x08,
    0x23, 0x00, 0x22, 0x00, 0x02, 0x00, 0x22, 0x00, 0x02, 0x00, 0x22, 0x00, 0x02, 0x00, 0x22, 0x00,
    0x02, 0x00, 0x22, 0x00, 0x02, 0x00, 0x22, 0x00, 0x02, 0x00, 0x22, 0x00, 0x44, 0x08, 0x65, 0x08,
    0x23, 0x00, 0x22, 0x00, 0x02, 0x00, 0x02, 0x00, 0x02, 0x00, 0x02, 0x00, 0x02, 0x00, 0x02, 0x00,
    0x02, 0x00, 0x02, 0x00, 0x02, 0x00, 0x02, 0x00, 0x02, 0x00, 0x02, 0x00, 0x23, 0x08, 0x65, 0x08,
    0x02, 0x00, 0x01, 0x00, 0x02, 0x00, 0x02, 0x00, 0x02, 0x00, 0x02, 0x00, 0x64, 0x08, 0x43, 0x00,
    0x02, 0x00, 0x02, 0x00, 0x02, 0x00, 0x02, 0x00, 0x02, 0x00, 0x22, 0x00, 0x22, 0x00, 0x22, 0x00,
    0x22, 0x00, 0x22, 0x00, 0x43, 0x08, 0x65, 0x08, 0x22, 0x00, 0x22, 0x00, 0x22, 0x00, 0x22, 0x00,
    0x22, 0x00, 0x22, 0x00, 0x22, 0x00, 0x22, 0x00, 0x22, 0x00, 0x22, 0x00, 0x22, 0x00, 0x65, 0x08,
    0x65, 0x08, 0x22, 0x00, 0x23, 0x00, 0x22, 0x00, 0x23, 0x00, 0x23, 0x00, 0x23, 0x00, 0x23, 0x00,
    0x23, 0x00, 0x23, 0x00, 0x23, 0x00, 0x23, 0x00, 0x65, 0x08, 0x44, 0x08, 0x23, 0x00, 0x23, 0x00,
    0x23, 0x00, 0x23, 0x00, 0x23, 0x00, 0x23, 0x00, 0x23, 0x00, 0x23, 0x00, 0x23, 0x00, 0x23, 0x00,
    0x23, 0x00, 0x85, 0x08, 0x64, 0x08, 0x23, 0x00, 0x23, 0x00, 0x23, 0x00, 0x43, 0x08, 0x23, 0x00,
    0x43, 0x08, 0x23, 0x00, 0x43, 0x08, 0x43, 0x00, 0x44, 0x08, 0x43, 0x08, 0x86, 0x10, 0x65, 0x08,
    0x44, 0x08, 0x44, 0x08, 0x44, 0x08, 0x44, 0x08, 0x44, 0x08, 0x44, 0x08, 0x44, 0x08, 0x64, 0x08,
    0x64, 0x08, 0x64, 0x08, 0x64, 0x08, 0x86, 0x10, 0xa7, 0x10, 0x65, 0x08, 0x65, 0x08, 0x65, 0x08,
    0x65, 0x08, 0x65, 0x08, 0x65, 0x08, 0x65, 0x08, 0x65, 0x08, 0x65, 0x08, 0x65, 0x08, 0x65, 0x08,
    0x86, 0x10, 0xa8, 0x10, 0x86, 0x10, 0x86, 0x08, 0x86, 0x08, 0x86, 0x08, 0x86, 0x08, 0x86, 0x08,
    0x86, 0x08, 0x86, 0x08, 0x85, 0x08, 0x65, 0x08, 0x65, 0x08, 0x65, 0x08, 0x87, 0x10, 0xa7, 0x10,
    0x65, 0x08, 0x65, 0x08, 0x65, 0x08, 0x65, 0x08, 0x65, 0x08, 0x65, 0x08, 0x65, 0x08, 0x44, 0x08,
    0x44, 0x08, 0x44, 0x08, 0x44, 0x08, 0x44, 0x08, 0x86, 0x10, 0x86, 0x08, 0x44, 0x08, 0x44, 0x08,
    0x44, 0x08, 0x44, 0x08, 0x44, 0x08, 0x44, 0x08, 0x43, 0x08, 0x43, 0x08, 0x23, 0x08, 0x23, 0x08,
    0x23, 0x08, 0x23, 0x08, 0x66, 0x08, 0x44, 0x08, 0x23, 0x00, 0x23, 0x00, 0x23, 0x00, 0x23, 0x00,
    0x23, 0x00, 0x22, 0x00, 0x22, 0x00, 0x22, 0x00, 0x22, 0x00, 0x22, 0x00, 0x22, 0x00, 0x22, 0x00,
    0x65, 0x08, 0x44, 0x08, 0x22, 0x00, 0x22, 0x00, 0x22, 0x00, 0x22, 0x00, 0x22, 0x00, 0x22, 0x00,
    0x22, 0x00, 0x22, 0x00, 0x22, 0x00, 0x22, 0x00, 0x22, 0x00, 0x22, 0x00, 0x64, 0x08, 0x65, 0x08,
    0x22, 0x00, 0x22, 0x00, 0x22, 0x00, 0x22, 0x00, 0x23, 0x00, 0x22, 0x00, 0x23, 0x00, 0x22, 0x00,
    0x23, 0x00, 0x22, 0x00, 0x23, 0x00, 0x22, 0x00, 0x43, 0x08, 0x86, 0x08, 0x44, 0x08, 0x22, 0x00,
    0x23, 0x00, 0x22, 0x00, 0x23, 0x00, 0x22, 0x00, 0x23, 0x00, 0x22, 0x00, 0x23, 0x00, 0x22, 0x00,
    0x23, 0x00, 0x22, 0x00, 0x23, 0x00, 0x44, 0x08, 0x65, 0x08, 0x22, 0x00, 0x23, 0x00, 0x22, 0x00,
    0x22, 0x00, 0x22, 0x00, 0x22, 0x00, 0x22, 0x00, 0x22, 0x00, 0x22, 0x00, 0x22, 0x00, 0x22, 0x00,
    0x22, 0x00, 0x22, 0x00, 0x65, 0x08, 0x44, 0x08, 0x22, 0x00, 0x22, 0x00, 0x22, 0x00, 0x22, 0x00,
    0x22, 0x00, 0x22, 0x00, 0x22, 0x00, 0x22, 0x00, 0x22, 0x00, 0x22, 0x00, 0x22, 0x00, 0x22, 0x00,
    0x23, 0x00, 0x65, 0x08, 0x44, 0x08, 0x22, 0x00, 0x22, 0x00, 0x22, 0x00, 0x22, 0x00, 0x22, 0x00,
    0x22, 0x00, 0x22, 0x00, 0x22, 0x00, 0x22, 0x00, 0x22, 0x00, 0x22, 0x00, 0x22, 0x00, 0x22, 0x00,
    0x65, 0x08, 0x65, 0x08, 0x22, 0x00, 0x22, 0x00, 0x22, 0x00, 0x22, 0x00, 0x22, 0x00, 0x22, 0x00,
    0x22, 0x00, 0x22, 0x00, 0x22, 0x00, 0x22, 0x00, 0x22, 0x00, 0x22, 0x00, 0x22, 0x00, 0x44, 0x08,
    0x65, 0x08, 0x23, 0x00, 0x22, 0x00, 0x22, 0x00, 0x22, 0x00, 0x22, 0x00, 0x22, 0x00, 0x22, 0x00,
    0x22, 0x00, 0x22, 0x00, 0x22, 0x00, 0x22, 0x00, 0x22, 0x00, 0x22, 0x00, 0x23, 0x00, 0x65, 0x08,
    0x44, 0x08, 0x22, 0x00, 0x22, 0x00, 0x22, 0x00, 0x22, 0x00, 0x22, 0x00, 0x22, 0x00, 0x22, 0x00,
    0x22, 0x00, 0x22, 0x00, 0x22, 0x00, 0x22, 0x00, 0x22, 0x00, 0x22, 0x00, 0x43, 0x08, 0x86, 0x10,
    0x43, 0x08, 0x22, 0x00, 0x22, 0x00, 0x02, 0x00, 0x22, 0x00, 0x22, 0x00, 0x22, 0x00, 0x22, 0x00,
    0x22, 0x00, 0x02, 0x00, 0x22, 0x00, 0x02, 0x00, 0x22, 0x00, 0x22, 0x00, 0x43, 0x08, 0x65, 0x08,
    0x23, 0x08, 0x02, 0x00, 0x22, 0x00, 0x02, 0x00, 0x02, 0x00, 0x02, 0x00, 0x02, 0x00, 0x02, 0x00,
    0x02, 0x00, 0x02, 0x00, 0x02, 0x00, 0x02, 0x00, 0x02, 0x00, 0x02, 0x00, 0x23, 0x00, 0x65, 0x08,
    0x01, 0x00, 0x02, 0x00, 0x01, 0x00, 0x02, 0x00, 0x01, 0x00, 0x02, 0x00, 0x65, 0x08, 0x23, 0x00,
    0x02, 0x00, 0x02, 0x00, 0x02, 0x00, 0x22, 0x00, 0x02, 0x00, 0x22, 0x00, 0x22, 0x00, 0x22, 0x00,
    0x22, 0x00, 0x22, 0x00, 0x44, 0x08, 0x65, 0x08, 0x22, 0x00, 0x22, 0x00, 0x22, 0x00, 0x22, 0x00,
    0x22, 0x00, 0x22, 0x00, 0x22, 0x00, 0x22, 0x00, 0x22, 0x00, 0x23, 0x00, 0x23, 0x00, 0x85, 0x08,
    0x64, 0x08, 0x43, 0x08, 0x43, 0x08, 0x43, 0x08, 0x43, 0x08, 0x43, 0x08, 0x43, 0x08, 0x44, 0x08,
    0x44, 0x08, 0x64, 0x08, 0x44, 0x08, 0x64, 0x08, 0x87, 0x10, 0x85, 0x08, 0x64, 0x08, 0x64, 0x08,
    0x64, 0x08, 0x65, 0x08, 0x64, 0x08, 0x65, 0x08, 0x65, 0x08, 0x65, 0x08, 0x65, 0x08, 0x85, 0x08,
    0x65, 0x08, 0xc8, 0x10, 0x86, 0x10, 0x86, 0x08, 0x85, 0x08, 0x86, 0x10, 0x86, 0x10, 0x86, 0x10,
    0x86, 0x08, 0x86, 0x10, 0x86, 0x08, 0x86, 0x10, 0x86, 0x08, 0x86, 0x10, 0xa8, 0x10, 0xa7, 0x10,
    0x86, 0x08, 0x86, 0x10, 0x86, 0x08, 0x86, 0x10, 0x65, 0x08, 0x85, 0x08, 0x65, 0x08, 0x85, 0x08,
    0x65, 0x08, 0x65, 0x08, 0x65, 0x08, 0x86, 0x10, 0x87, 0x10, 0x65, 0x08, 0x44, 0x08, 0x65, 0x08,
    0x44, 0x08, 0x64, 0x08, 0x44, 0x08, 0x64, 0x08, 0x44, 0x08, 0x44, 0x08, 0x44, 0x08, 0x44, 0x08,
    0x44, 0x08, 0xa7, 0x10, 0x44, 0x08, 0x43, 0x08, 0x23, 0x00, 0x43, 0x08, 0x23, 0x08, 0x43, 0x08,
    0x23, 0x00, 0x23, 0x00, 0x23, 0x00, 0x23, 0x00, 0x22, 0x00, 0x22, 0x00, 0x44, 0x08, 0x65, 0x08,
    0x22, 0x00, 0x22, 0x00, 0x22, 0x00, 0x22, 0x00, 0x22, 0x00, 0x22, 0x00, 0x22, 0x00, 0x22, 0x00,
    0x22, 0x00, 0x22, 0x00, 0x22, 0x00, 0x22, 0x00, 0x65, 0x08, 0x44, 0x08, 0x22, 0x00, 0x22, 0x00,
    0x22, 0x00, 0x22, 0x00, 0x22, 0x00, 0x22, 0x00, 0x22, 0x00, 0x22, 0x00, 0x22, 0x00, 0x22, 0x00,
    0x22, 0x00, 0x22, 0x00, 0x65, 0x08, 0x44, 0x08, 0x22, 0x00, 0x22, 0x00, 0x22, 0x00, 0x22, 0x00,
    0x22, 0x00, 0x22, 0x00, 0x22, 0x00, 0x22, 0x00, 0x22, 0x00, 0x22, 0x00, 0x22, 0x00, 0x22, 0x00,
    0x65, 0x08, 0x64, 0x08, 0x22, 0x00, 0x22, 0x00, 0x22, 0x00, 0x22, 0x00, 0x22, 0x00, 0x22, 0x00,
    0x22, 0x00, 0x22, 0x00, 0x22, 0x00, 0x22, 0x00, 0x22, 0x00, 0x22, 0x00, 0x44, 0x08, 0x65, 0x08,
    0x22, 0x00, 0x22, 0x00, 0x22, 0x00, 0x22, 0x00, 0x22, 0x00, 0x22, 0x00, 0x22, 0x00, 0x22, 0x00,
    0x22, 0x00, 0x22, 0x00, 0x22, 0x00, 0x22, 0x00, 0x23, 0x08, 0x86, 0x10, 0x43, 0x08, 0x22, 0x00,
    0x22, 0x00, 0x22, 0x00, 0x22, 0x00, 0x22, 0x00, 0x22, 0x00, 0x22, 0x00, 0x22, 0x00, 0x22, 0x00,
    0x22, 0x00, 0x22, 0x00, 0x22, 0x00, 0x44, 0x08, 0x65, 0x08, 0x22, 0x00, 0x22, 0x00, 0x22, 0x00,
    0x22, 0x00, 0x22, 0x00, 0x22, 0x00, 0x22, 0x00, 0x22, 0x00, 0x22, 0x00, 0x22, 0x00, 0x22, 0x00,
    0x22, 0x00, 0x22, 0x00, 0x65, 0x08, 0x65, 0x08, 0x22, 0x00, 0x22, 0x00, 0x22, 0x00, 0x22, 0x00,
    0x22, 0x00, 0x22, 0x00, 0x22, 0x00, 0x22, 0x00, 0x22, 0x00, 0x22, 0x00, 0x22, 0x00, 0x22, 0x00,
    0x22, 0x00, 0x65, 0x08, 0x44, 0x08, 0x22, 0x00, 0x22, 0x00, 0x22, 0x00, 0x22, 0x00, 0x22, 0x00,
    0x22, 0x00, 0x22, 0x00, 0x22, 0x00, 0x22, 0x00, 0x22, 0x00, 0x22, 0x00, 0x22, 0x00, 0x22, 0x00,
    0x44, 0x08, 0x65, 0x08, 0x22, 0x00, 0x22, 0x00, 0x22, 0x00, 0x22, 0x00, 0x22, 0x00, 0x22, 0x00,
    0x22, 0x00, 0x22, 0x00, 0x22, 0x00, 0x22, 0x00, 0x22, 0x00, 0x22, 0x00, 0x22, 0x00, 0x44, 0x08,
    0x86, 0x08, 0x23, 0x08, 0x22, 0x00, 0x22, 0x00, 0x02, 0x00, 0x22, 0x00, 0x22, 0x00, 0x22, 0x00,
    0x02, 0x00, 0x22, 0x00, 0x22, 0x00, 0x22, 0x00, 0x02, 0x00, 0x22, 0x00, 0x22, 0x00, 0x65, 0x08,
    0x44, 0x08, 0x22, 0x00, 0x22, 0x00, 0x22, 0x00, 0x02, 0x00, 0x22, 0x00, 0x22, 0x00, 0x22, 0x00,
    0x02, 0x00, 0x22, 0x00, 0x02, 0x00, 0x22, 0x00, 0x02, 0x00, 0x22, 0x00, 0x23, 0x00, 0x85, 0x08,
    0x43, 0x08, 0x22, 0x00, 0x02, 0x00, 0x22, 0x00, 0x02, 0x00, 0x22, 0x00, 0x02, 0x00, 0x22, 0x00,
    0x02, 0x00, 0x22, 0x00, 0x02, 0x00, 0x22, 0x00, 0x02, 0x00, 0x22, 0x00, 0x23, 0x00, 0x85, 0x08,
    0x43, 0x08, 0x22, 0x00, 0x02, 0x00, 0x02, 0x00, 0x02, 0x00, 0x02, 0x00, 0x02, 0x00, 0x02, 0x00,
    0x02, 0x00, 0x02, 0x00, 0x02, 0x00, 0x02, 0x00, 0x02, 0x00, 0x02, 0x00, 0x22, 0x00, 0x65, 0x08,
    0x22, 0x00, 0x22, 0x00, 0x22, 0x00, 0x23, 0x00, 0x23, 0x00, 0x43, 0x08, 0x86, 0x10, 0x43, 0x08,
    0x43, 0x08, 0x43, 0x08, 0x44, 0x08, 0x44, 0x08, 0x44, 0x08, 0x44, 0x08, 0x64, 0x08, 0x64, 0x08,
    0x64, 0x08, 0x64, 0x08, 0x86, 0x10, 0x86, 0x10, 0x65, 0x08, 0x65, 0x08, 0x65, 0x08, 0x65, 0x08,
    0x85, 0x08, 0x65, 0x08, 0x85, 0x08, 0x85, 0x08, 0x86, 0x08, 0x86, 0x08, 0x86, 0x10, 0xc8, 0x10,
    0xa7, 0x10, 0x86, 0x10, 0x86, 0x10, 0x86, 0x10, 0x86, 0x10, 0x86, 0x10, 0x86, 0x10, 0x86, 0x10,
    0x86, 0x08, 0x86, 0x08, 0x86, 0x08, 0x86, 0x08, 0xc8, 0x10, 0x86, 0x10, 0x85, 0x08, 0x65, 0x08,
    0x65, 0x08, 0x65, 0x08, 0x65, 0x08, 0x65, 0x08, 0x65, 0x08, 0x65, 0x08, 0x65, 0x08, 0x65, 0x08,
    0x65, 0x08, 0xa7, 0x10, 0x65, 0x08, 0x44, 0x08, 0x44, 0x08, 0x44, 0x08, 0x64, 0x08, 0x44, 0x08,
    0x44, 0x08, 0x44, 0x08, 0x44, 0x08, 0x44, 0x08, 0x43, 0x08, 0x43, 0x08, 0x86, 0x10, 0x64, 0x08,
    0x43, 0x08, 0x23, 0x00, 0x43, 0x08, 0x23, 0x00, 0x23, 0x00, 0x23, 0x00, 0x23, 0x00, 0x23, 0x00,
    0x23, 0x00, 0x23, 0x00, 0x23, 0x00, 0x65, 0x08, 0x65, 0x08, 0x23, 0x00, 0x23, 0x00, 0x23, 0x00,
    0x23, 0x00, 0x22, 0x00, 0x23, 0x00, 0x22, 0x00, 0x23, 0x00, 0x22, 0x00, 0x23, 0x00, 0x22, 0x00,
    0x43, 0x08, 0x86, 0x08, 0x43, 0x08, 0x22, 0x00, 0x22, 0x00, 0x22, 0x00, 0x22, 0x00, 0x22, 0x00,
    0x22, 0x00, 0x22, 0x00, 0x22, 0x00, 0x22, 0x00, 0x22, 0x00, 0x22, 0x00, 0x44, 0x08, 0x65, 0x08,
    0x22, 0x00, 0x22, 0x00, 0x22, 0x00, 0x22, 0x00, 0x22, 0x00, 0x22, 0x00, 0x22, 0x00, 0x22, 0x00,
    0x22, 0x00, 0x22, 0x00, 0x22, 0x00, 0x22, 0x00, 0x65, 0x08, 0x44, 0x08, 0x22, 0x00, 0x22, 0x00,
    0x22, 0x00, 0x22, 0x00, 0x22, 0x00, 0x22, 0x00, 0x22, 0x00, 0x22, 0x00, 0x22, 0x00, 0x22, 0x00,
    0x22, 0x00, 0x22, 0x00, 0x65, 0x08, 0x44, 0x08, 0x22, 0x00, 0x22, 0x00, 0x22, 0x00, 0x22, 0x00,
    0x22, 0x00, 0x22, 0x00, 0x22, 0x00, 0x22, 0x00, 0x22, 0x00, 0x22, 0x00, 0x22, 0x00, 0x22, 0x00,
    0x65, 0x08, 0x44, 0x08, 0x22, 0x00, 0x22, 0x00, 0x22, 0x00, 0x22, 0x00, 0x22, 0x00, 0x22, 0x00,
    0x22, 0x00, 0x22, 0x00, 0x22, 0x00, 0x22, 0x00, 0x22, 0x00, 0x22, 0x00, 0x44, 0x08, 0x65, 0x08,
    0x22, 0x00, 0x22, 0x00, 0x22, 0x00, 0x22, 0x00, 0x22, 0x00, 0x22, 0x00, 0x22, 0x00, 0x22, 0x00,
    0x22, 0x00, 0x22, 0x00, 0x23, 0x00, 0x22, 0x00, 0x23, 0x08, 0x86, 0x08, 0x44, 0x08, 0x22, 0x00,
    0x22, 0x00, 0x22, 0x00, 0x23, 0x00, 0x22, 0x00, 0x22, 0x00, 0x22, 0x00, 0x22, 0x00, 0x22, 0x00,
    0x22, 0x00, 0x22, 0x00, 0x22, 0x00, 0x44, 0x08, 0x65, 0x08, 0x23, 0x00, 0x22, 0x00, 0x22, 0x00,
    0x22, 0x00, 0x22, 0x00, 0x22, 0x00, 0x22, 0x00, 0x22, 0x00, 0x22, 0x00, 0x22, 0x00, 0x22, 0x00,
    0x22, 0x00, 0x22, 0x00, 0x65, 0x08, 0x65, 0x08, 0x22, 0x00, 0x22, 0x00, 0x22, 0x00, 0x22, 0x00,
    0x22, 0x00, 0x22, 0x00, 0x22, 0x00, 0x22, 0x00, 0x22, 0x00, 0x22, 0x00, 0x22, 0x00, 0x22, 0x00,
    0x22, 0x00, 0x65, 0x08, 0x65, 0x08, 0x22, 0x00, 0x22, 0x00, 0x22, 0x00, 0x22, 0x00, 0x22, 0x00,
    0x22, 0x00, 0x22, 0x00, 0x22, 0x00, 0x22, 0x00, 0x22, 0x00, 0x22, 0x00, 0x22, 0x00, 0x22, 0x00,
    0x44, 0x08, 0x65, 0x08, 0x22, 0x00, 0x22, 0x00, 0x22, 0x00, 0x22, 0x00, 0x22, 0x00, 0x22, 0x00,
    0x22, 0x00, 0x22, 0x00, 0x22, 0x00, 0x22, 0x00, 0x22, 0x00, 0x22, 0x00, 0x22, 0x00, 0x43, 0x08,
    0x86, 0x08, 0x43, 0x08, 0x22, 0x00, 0x22, 0x00, 0x22, 0x00, 0x22, 0x00, 0x22, 0x00, 0x22, 0x00,
    0x22, 0x00, 0x22, 0x00, 0x22, 0x00, 0x22, 0x00, 0x22, 0x00, 0x22, 0x00, 0x22, 0x00, 0x64, 0x08,
    0x65, 0x08, 0x22, 0x00, 0x22, 0x00, 0x22, 0x00, 0x22, 0x00, 0x22, 0x00, 0x22, 0x00, 0x22, 0x00,
    0x22, 0x00, 0x22, 0x00, 0x22, 0x00, 0x22, 0x00, 0x22, 0x00, 0x02, 0x00, 0x23, 0x00, 0x65, 0x08,
    0x44, 0x08, 0x02, 0x00, 0x22, 0x00, 0x22, 0x00, 0x22, 0x00, 0x02, 0x00, 0x22, 0x00, 0x22, 0x00,
    0x22, 0x00, 0x02, 0x00, 0x22, 0x00, 0x22, 0x00, 0x22, 0x00, 0x02, 0x00, 0x23, 0x00, 0x65, 0x08,
    0x44, 0x08, 0x02, 0x00, 0x22, 0x00, 0x02, 0x00, 0x02, 0x00, 0x02, 0x00, 0x02, 0x00, 0x02, 0x00,
    0x02, 0x00, 0x02, 0x00, 0x02, 0x00, 0x02, 0x00, 0x02, 0x00, 0x02, 0x00, 0x22, 0x00, 0x64, 0x08,
    0x65, 0x08, 0x65, 0x08, 0x65, 0x08, 0x65, 0x08, 0x65, 0x08, 0x86, 0x10, 0xa7, 0x10, 0x65, 0x08,
    0x65, 0x08, 0x65, 0x08, 0x65, 0x08, 0x65, 0x08, 0x64, 0x08, 0x65, 0x08, 0x64, 0x08, 0x65, 0x08,
    0x64, 0x08, 0x64, 0x08, 0x86, 0x10, 0x86, 0x10, 0x64, 0x08, 0x64, 0x08, 0x44, 0x08, 0x44, 0x08,
    0x44, 0x08, 0x44, 0x08, 0x44, 0x08, 0x44, 0x08, 0x44, 0x08, 0x44, 0x08, 0x44, 0x08, 0x87, 0x10,
    0x64, 0x08, 0x44, 0x08, 0x43, 0x08, 0x43, 0x08, 0x43, 0x08, 0x43, 0x08, 0x23, 0x00, 0x43, 0x08,
    0x23, 0x00, 0x43, 0x00, 0x23, 0x00, 0x44, 0x08, 0x86, 0x10, 0x44, 0x08, 0x23, 0x00, 0x43, 0x00,
    0x23, 0x00, 0x43, 0x08, 0x23, 0x00, 0x43, 0x08, 0x23, 0x00, 0x43, 0x08, 0x23, 0x00, 0x43, 0x00,
    0x44, 0x08, 0x86, 0x10, 0x43, 0x08, 0x43, 0x00, 0x23, 0x00, 0x43, 0x00, 0x23, 0x00, 0x43, 0x00,
    0x23, 0x00, 0x43, 0x00, 0x23, 0x00, 0x43, 0x00, 0x23, 0x00, 0x43, 0x08, 0x86, 0x10, 0x44, 0x08,
    0x23, 0x00, 0x23, 0x00, 0x23, 0x00, 0x23, 0x00, 0x23, 0x00, 0x23, 0x00, 0x23, 0x00, 0x23, 0x00,
    0x23, 0x00, 0x23, 0x00, 0x23, 0x00, 0x65, 0x08, 0x65, 0x08, 0x23, 0x00, 0x23, 0x00, 0x23, 0x00,
    0x23, 0x00, 0x23, 0x00, 0x22, 0x00, 0x23, 0x00, 0x22, 0x00, 0x23, 0x00, 0x22, 0x00, 0x23, 0x00,
    0x23, 0x00, 0x86, 0x10, 0x23, 0x00, 0x22, 0x00, 0x22, 0x00, 0x22, 0x00, 0x02, 0x00, 0x22, 0x00,
    0x22, 0x00, 0x22, 0x00, 0x22, 0x00, 0x22, 0x00, 0x22, 0x00, 0x22, 0x00, 0x44, 0x08, 0x65, 0x08,
    0x22, 0x00, 0x22, 0x00, 0x22, 0x00, 0x22, 0x00, 0x22, 0x00, 0x22, 0x00, 0x22, 0x00, 0x22, 0x00,
    0x22, 0x00, 0x22, 0x00, 0x22, 0x00, 0x22, 0x00, 0x65, 0x08, 0x44, 0x08, 0x22, 0x00, 0x22, 0x00,
    0x22, 0x00, 0x22, 0x00, 0x22, 0x00, 0x22, 0x00, 0x22, 0x00, 0x22, 0x00, 0x22, 0x00, 0x22, 0x00,
    0x22, 0x00, 0x22, 0x00, 0x65, 0x08, 0x44, 0x08, 0x22, 0x00, 0x22, 0x00, 0x22, 0x00, 0x22, 0x00,
    0x22, 0x00, 0x22, 0x00, 0x22, 0x00, 0x22, 0x00, 0x22, 0x00, 0x22, 0x00, 0x22, 0x00, 0x22, 0x00,
    0x65, 0x08, 0x64, 0x08, 0x22, 0x00, 0x22, 0x00, 0x22, 0x00, 0x22, 0x00, 0x22, 0x00, 0x22, 0x00,
    0x22, 0x00, 0x22, 0x00, 0x22, 0x00, 0x22, 0x00, 0x22, 0x00, 0x22, 0x00, 0x44, 0x08, 0x65, 0x08,
    0x22, 0x00, 0x23, 0x00, 0x22, 0x00, 0x22, 0x00, 0x22, 0x00, 0x23, 0x00, 0x22, 0x00, 0x23, 0x00,
    0x22, 0x00, 0x23, 0x00, 0x22, 0x00, 0x23, 0x00, 0x23, 0x00, 0x86, 0x10, 0x44, 0x08, 0x23, 0x00,
    0x22, 0x00, 0x23, 0x00, 0x22, 0x00, 0x23, 0x00, 0x22, 0x00, 0x23, 0x00, 0x22, 0x00, 0x23, 0x00,
    0x22, 0x00, 0x23, 0x00, 0x22, 0x00, 0x44, 0x08, 0x65, 0x08, 0x23, 0x00, 0x22, 0x00, 0x22, 0x00,
    0x22, 0x00, 0x23, 0x00, 0x22, 0x00, 0x22, 0x00, 0x22, 0x00, 0x22, 0x00, 0x22, 0x00, 0x22, 0x00,
    0x22, 0x00, 0x22, 0x00, 0x45, 0x08, 0x65, 0x08, 0x22, 0x00, 0x22, 0x00, 0x22, 0x00, 0x22, 0x00,
    0x22, 0x00, 0x22, 0x00, 0x22, 0x00, 0x22, 0x00, 0x22, 0x00, 0x22, 0x00, 0x22, 0x00, 0x22, 0x00,
    0x22, 0x00, 0x65, 0x08, 0x65, 0x08, 0x22, 0x00, 0x22, 0x00, 0x22, 0x00, 0x22, 0x00, 0x22, 0x00,
    0x22, 0x00, 0x22, 0x00, 0x22, 0x00, 0x22, 0x00, 0x22, 0x00, 0x22, 0x00, 0x22, 0x00, 0x22, 0x00,
    0x44, 0x08, 0x65, 0x08, 0x23, 0x00, 0x22, 0x00, 0x22, 0x00, 0x22, 0x00, 0x22, 0x00, 0x22, 0x00,
    0x22, 0x00, 0x22, 0x00, 0x22, 0x00, 0x22, 0x00, 0x22, 0x00, 0x22, 0x00, 0x22, 0x00, 0x23, 0x08,
    0x86, 0x08, 0x44, 0x08, 0x22, 0x00, 0x22, 0x00, 0x22, 0x00, 0x22, 0x00, 0x22, 0x00, 0x22, 0x00,
    0x22, 0x00, 0x22, 0x00, 0x02, 0x00, 0x22, 0x00, 0x22, 0x00, 0x22, 0x00, 0x02, 0x00, 0x44, 0x08,
    0x65, 0x08, 0x22, 0x00, 0x02, 0x00, 0x22, 0x00, 0x02, 0x00, 0x22, 0x00, 0x02, 0x00, 0x22, 0x00,
    0x02, 0x00, 0x22, 0x00, 0x02, 0x00, 0x22, 0x00, 0x02, 0x00, 0x22, 0x00, 0x22, 0x00, 0x65, 0x08,
    0x44, 0x08, 0x22, 0x00, 0x02, 0x00, 0x22, 0x00, 0x02, 0x00, 0x22, 0x00, 0x02, 0x00, 0x22, 0x00,
    0x02, 0x00, 0x22, 0x00, 0x02, 0x00, 0x22, 0x00, 0x02, 0x00, 0x22, 0x00, 0x22, 0x00, 0x65, 0x08,
    0x44, 0x08, 0x22, 0x00, 0x02, 0x00, 0x02, 0x00, 0x02, 0x00, 0x02, 0x00, 0x02, 0x00, 0x02, 0x00,
    0x02, 0x00, 0x02, 0x00, 0x02, 0x00, 0x02, 0x00, 0x02, 0x00, 0x02, 0x00, 0x02, 0x00, 0x44, 0x08,
    0x22, 0x00, 0x22, 0x00, 0x22, 0x00, 0x22, 0x00, 0x22, 0x00, 0x43, 0x08, 0x64, 0x08, 0x02, 0x00,
    0x22, 0x00, 0x22, 0x00, 0x22, 0x00, 0x22, 0x00, 0x22, 0x00, 0x22, 0x00, 0x22, 0x00, 0x22, 0x00,
    0x22, 0x00, 0x22, 0x00, 0x85, 0x08, 0x44, 0x08, 0x22, 0x00, 0x22, 0x00, 0x22, 0x00, 0x22, 0x00,
    0x22, 0x00, 0x22, 0x00, 0x23, 0x00, 0x22, 0x00, 0x23, 0x00, 0x22, 0x00, 0x43, 0x08, 0x86, 0x10,
    0x43, 0x08, 0x23, 0x00, 0x23, 0x00, 0x23, 0x00, 0x23, 0x00, 0x23, 0x00, 0x23, 0x00, 0x23, 0x00,
    0x23, 0x00, 0x23, 0x00, 0x23, 0x00, 0x44, 0x08, 0x86, 0x08, 0x43, 0x00, 0x23, 0x00, 0x23, 0x00,
    0x23, 0x00, 0x23, 0x00, 0x23, 0x00, 0x23, 0x00, 0x43, 0x00, 0x23, 0x00, 0x23, 0x00, 0x23, 0x00,
    0x44, 0x08, 0x86, 0x10, 0x43, 0x08, 0x23, 0x00, 0x43, 0x00, 0x23, 0x00, 0x43, 0x00, 0x23, 0x00,
    0x43, 0x00, 0x23, 0x00, 0x43, 0x00, 0x23, 0x00, 0x43, 0x00, 0x43, 0x08, 0x86, 0x10, 0x43, 0x08,
    0x23, 0x00, 0x23, 0x00, 0x23, 0x00, 0x23, 0x00, 0x23, 0x00, 0x23, 0x00, 0x23, 0x00, 0x23, 0x00,
    0x23, 0x00, 0x23, 0x00, 0x23, 0x00, 0x65, 0x08, 0x64, 0x08, 0x23, 0x00, 0x23, 0x00, 0x23, 0x00,
    0x23, 0x00, 0x22, 0x00, 0x22, 0x00, 0x22, 0x00, 0x23, 0x00, 0x22, 0x00, 0x22, 0x00, 0x22, 0x00,
    0x44, 0x08, 0x86, 0x10, 0x23, 0x00, 0x22, 0x00, 0x22, 0x00, 0x22, 0x00, 0x22, 0x00, 0x22, 0x00,
    0x22, 0x00, 0x22, 0x00, 0x22, 0x00, 0x22, 0x00, 0x22, 0x00, 0x22, 0x00, 0x64, 0x08, 0x44, 0x08,
    0x22, 0x00, 0x22, 0x00, 0x22, 0x00, 0x22, 0x00, 0x22, 0x00, 0x22, 0x00, 0x22, 0x00, 0x22, 0x00,
    0x22, 0x00, 0x22, 0x00, 0x22, 0x00, 0x22, 0x00, 0x65, 0x08, 0x44, 0x08, 0x22, 0x00, 0x22, 0x00,
    0x22, 0x00, 0x22, 0x00, 0x22, 0x00, 0x22, 0x00, 0x22, 0x00, 0x22, 0x00, 0x22, 0x00, 0x22, 0x00,
    0x22, 0x00, 0x22, 0x00, 0x65, 0x08, 0x44, 0x08, 0x22, 0x00, 0x22, 0x00, 0x22, 0x00, 0x22, 0x00,
    0x22, 0x00, 0x22, 0x00, 0x22, 0x00, 0x22, 0x00, 0x22, 0x00, 0x22, 0x00, 0x22, 0x00, 0x22, 0x00,
    0x65, 0x08, 0x44, 0x08, 0x22, 0x00, 0x22, 0x00, 0x22, 0x00, 0x22, 0x00, 0x22, 0x00, 0x22, 0x00,
    0x22, 0x00, 0x22, 0x00, 0x22, 0x00, 0x22, 0x00, 0x22, 0x00, 0x22, 0x00, 0x44, 0x08, 0x65, 0x08,
    0x22, 0x00, 0x22, 0x00, 0x22, 0x00, 0x22, 0x00, 0x22, 0x00, 0x22, 0x00, 0x22, 0x00, 0x22, 0x00,
    0x22, 0x00, 0x22, 0x00, 0x22, 0x00, 0x22, 0x00, 0x23, 0x08, 0x65, 0x08, 0x44, 0x08, 0x22, 0x00,
    0x22, 0x00, 0x22, 0x00, 0x22, 0x00, 0x22, 0x00, 0x22, 0x00, 0x22, 0x00, 0x22, 0x00, 0x22, 0x00,
    0x22, 0x00, 0x22, 0x00, 0x22, 0x00, 0x44, 0x08, 0x65, 0x08, 0x23, 0x00, 0x22, 0x00, 0x22, 0x00,
    0x22, 0x00, 0x22, 0x00, 0x22, 0x00, 0x22, 0x00, 0x22, 0x00, 0x22, 0x00, 0x22, 0x00, 0x22, 0x00,
    0x22, 0x00, 0x22, 0x00, 0x44, 0x08, 0x65, 0x08, 0x22, 0x00, 0x22, 0x00, 0x22, 0x00, 0x22, 0x00,
    0x22, 0x00, 0x22, 0x00, 0x22, 0x00, 0x22, 0x00, 0x22, 0x00, 0x22, 0x00, 0x22, 0x00, 0x22, 0x00,
    0x22, 0x00, 0x44, 0x08, 0x65, 0x08, 0x22, 0x00, 0x22, 0x00, 0x22, 0x00, 0x22, 0x00, 0x22, 0x00,
    0x22, 0x00, 0x22, 0x00, 0x22, 0x00, 0x22, 0x00, 0x22, 0x00, 0x22, 0x00, 0x22, 0x00, 0x22, 0x00,
    0x44, 0x08, 0x65, 0x08, 0x23, 0x00, 0x22, 0x00, 0x22, 0x00, 0x22, 0x00, 0x22, 0x00, 0x22, 0x00,
    0x22, 0x00, 0x22, 0x00, 0x22, 0x00, 0x22, 0x00, 0x22, 0x00, 0x22, 0x00, 0x22, 0x00, 0x23, 0x00,
    0x65, 0x08, 0x44, 0x08, 0x22, 0x00, 0x22, 0x00, 0x22, 0x00, 0x22, 0x00, 0x22, 0x00, 0x22, 0x00,
    0x22, 0x00, 0x22, 0x00, 0x22, 0x00, 0x22, 0x00, 0x22, 0x00, 0x22, 0x00, 0x22, 0x00, 0x44, 0x08,
    0x65, 0x08, 0x23, 0x00, 0x22, 0x00, 0x22, 0x00, 0x22, 0x00, 0x22, 0x00, 0x22, 0x00, 0x22, 0x00,
    0x22, 0x00, 0x22, 0x00, 0x22, 0x00, 0x22, 0x00, 0x22, 0x00, 0x22, 0x00, 0x22, 0x00, 0x64, 0x08,
    0x64, 0x08, 0x22, 0x00, 0x22, 0x00, 0x02, 0x00, 0x22, 0x00, 0x22, 0x00, 0x22, 0x00, 0x02, 0x00,
    0x22, 0x00, 0x02, 0x00, 0x22, 0x00, 0x02, 0x00, 0x22, 0x00, 0x02, 0x00, 0x22, 0x00, 0x44, 0x08,
    0x64, 0x08, 0x02, 0x00, 0x22, 0x00, 0x02, 0x00, 0x02, 0x00, 0x02, 0x00, 0x02, 0x00, 0x02, 0x00,
    0x02, 0x00, 0x02, 0x00, 0x02, 0x00, 0x02, 0x00, 0x02, 0x00, 0x02, 0x00, 0x02, 0x00, 0x44, 0x08,
    0x02, 0x00, 0x02, 0x00, 0x02, 0x00, 0x22, 0x00, 0x02, 0x00, 0x44, 0x08, 0x44, 0x08, 0x22, 0x00,
    0x02, 0x00, 0x22, 0x00, 0x22, 0x00, 0x22, 0x00, 0x02, 0x00, 0x22, 0x00, 0x22, 0x00, 0x22, 0x00,
    0x22, 0x00, 0x23, 0x00, 0x86, 0x08, 0x43, 0x08, 0x22, 0x00, 0x23, 0x00, 0x22, 0x00, 0x23, 0x00,
    0x22, 0x00, 0x23, 0x00, 0x23, 0x00, 0x43, 0x00, 0x23, 0x00, 0x23, 0x00, 0x44, 0x08, 0x86, 0x10,
    0x23, 0x00, 0x23, 0x00, 0x23, 0x00, 0x43, 0x08, 0x23, 0x00, 0x43, 0x08, 0x23, 0x00, 0x43, 0x08,
    0x23, 0x00, 0x23, 0x00, 0x23, 0x00, 0x64, 0x08, 0x86, 0x08, 0x43, 0x08, 0x23, 0x00, 0x43, 0x08,
    0x23, 0x00, 0x43, 0x08, 0x23, 0x00, 0x43, 0x08, 0x23, 0x00, 0x43, 0x08, 0x23, 0x00, 0x43, 0x08,
    0x64, 0x08, 0x86, 0x08, 0x23, 0x00, 0x43, 0x08, 0x23, 0x00, 0x43, 0x08, 0x23, 0x00, 0x43, 0x08,
    0x23, 0x00, 0x43, 0x08, 0x23, 0x00, 0x43, 0x08, 0x23, 0x00, 0x44, 0x08, 0x86, 0x10, 0x44, 0x08,
    0x23, 0x00, 0x43, 0x00, 0x23, 0x00, 0x43, 0x00, 0x23, 0x00, 0x23, 0x00, 0x23, 0x00, 0x23, 0x00,
    0x23, 0x00, 0x23, 0x00, 0x23, 0x00, 0x85, 0x08, 0x44, 0x08, 0x23, 0x00, 0x23, 0x00, 0x23, 0x00,
    0x23, 0x00, 0x23, 0x00, 0x23, 0x00, 0x23, 0x00, 0x23, 0x00, 0x23, 0x00, 0x23, 0x00, 0x23, 0x00,
    0x44, 0x08, 0x85, 0x08, 0x23, 0x00, 0x23, 0x00, 0x22, 0x00, 0x23, 0x00, 0x22, 0x00, 0x22, 0x00,
    0x02, 0x00, 0x22, 0x00, 0x22, 0x00, 0x22, 0x00, 0x02, 0x00, 0x22, 0x00, 0x65, 0x08, 0x44, 0x08,
    0x02, 0x00, 0x22, 0x00, 0x22, 0x00, 0x22, 0x00, 0x22, 0x00, 0x22, 0x00, 0x22, 0x00, 0x22, 0x00,
    0x22, 0x00, 0x22, 0x00, 0x22, 0x00, 0x22, 0x00, 0x65, 0x08, 0x44, 0x08, 0x22, 0x00, 0x22, 0x00,
    0x22, 0x00, 0x22, 0x00, 0x22, 0x00, 0x22, 0x00, 0x22, 0x00, 0x22, 0x00, 0x22, 0x00, 0x22, 0x00,
    0x22, 0x00, 0x23, 0x00, 0x65, 0x08, 0x44, 0x08, 0x22, 0x00, 0x22, 0x00, 0x22, 0x00, 0x22, 0x00,
    0x22, 0x00, 0x22, 0x00, 0x22, 0x00, 0x22, 0x00, 0x22, 0x00, 0x22, 0x00, 0x22, 0x00, 0x22, 0x00,
    0x65, 0x08, 0x64, 0x08, 0x22, 0x00, 0x22, 0x00, 0x22, 0x00, 0x22, 0x00, 0x22, 0x00, 0x22, 0x00,
    0x22, 0x00, 0x22, 0x00, 0x22, 0x00, 0x22, 0x00, 0x22, 0x00, 0x22, 0x00, 0x44, 0x08, 0x65, 0x08,
    0x22, 0x00, 0x22, 0x00, 0x22, 0x00, 0x22, 0x00, 0x22, 0x00, 0x22, 0x00, 0x22, 0x00, 0x22, 0x00,
    0x22, 0x00, 0x22, 0x00, 0x22, 0x00, 0x22, 0x00, 0x23, 0x00, 0x86, 0x10, 0x44, 0x08, 0x23, 0x00,
    0x22, 0x00, 0x22, 0x00, 0x22, 0x00, 0x22, 0x00, 0x22, 0x00, 0x22, 0x00, 0x22, 0x00, 0x23, 0x00,
    0x22, 0x00, 0x22, 0x00, 0x22, 0x00, 0x44, 0x08, 0x86, 0x08, 0x23, 0x08, 0x22, 0x00, 0x22, 0x00,
    0x22, 0x00, 0x22, 0x00, 0x22, 0x00, 0x22, 0x00, 0x22, 0x00, 0x22, 0x00, 0x22, 0x00, 0x22, 0x00,
    0x22, 0x00, 0x22, 0x00, 0x44, 0x08, 0x65, 0x08, 0x22, 0x00, 0x22, 0x00, 0x22, 0x00, 0x22, 0x00,
    0x22, 0x00, 0x22, 0x00, 0x22, 0x00, 0x22, 0x00, 0x22, 0x00, 0x22, 0x00, 0x22, 0x00, 0x22, 0x00,
    0x22, 0x00, 0x44, 0x08, 0x65, 0x08, 0x23, 0x00, 0x22, 0x00, 0x22, 0x00, 0x22, 0x00, 0x22, 0x00,
    0x22, 0x00, 0x22, 0x00, 0x22, 0x00, 0x22, 0x00, 0x22, 0x00, 0x22, 0x00, 0x22, 0x00, 0x22, 0x00,
    0x44, 0x08, 0x86, 0x08, 0x23, 0x08, 0x22, 0x00, 0x22, 0x00, 0x22, 0x00, 0x22, 0x00, 0x22, 0x00,
    0x22, 0x00, 0x22, 0x00, 0x22, 0x00, 0x22, 0x00, 0x22, 0x00, 0x22, 0x00, 0x22, 0x00, 0x23, 0x00,
    0x65, 0x08, 0x44, 0x08, 0x22, 0x00, 0x22, 0x00, 0x02, 0x00, 0x22, 0x00, 0x22, 0x00, 0x22, 0x00,
    0x02, 0x00, 0x22, 0x00, 0x22, 0x00, 0x22, 0x00, 0x02, 0x00, 0x22, 0x00, 0x22, 0x00, 0x44, 0x08,
    0x65, 0x08, 0x23, 0x08, 0x02, 0x00, 0x22, 0x00, 0x02, 0x00, 0x22, 0x00, 0x22, 0x00, 0x22, 0x00,
    0x02, 0x00, 0x22, 0x00, 0x02, 0x00, 0x22, 0x00, 0x02, 0x00, 0x22, 0x00, 0x02, 0x00, 0x44, 0x08,
    0x65, 0x08, 0x22, 0x00, 0x02, 0x00, 0x22, 0x00, 0x02, 0x00, 0x22, 0x00, 0x02, 0x00, 0x22, 0x00,
    0x02, 0x00, 0x22, 0x00, 0x02, 0x00, 0x22, 0x00, 0x02, 0x00, 0x22, 0x00, 0x02, 0x00, 0x44, 0x08,
    0x65, 0x08, 0x22, 0x00, 0x02, 0x00, 0x02, 0x00, 0x02, 0x00, 0x02, 0x00, 0x02, 0x00, 0x02, 0x00,
    0x02, 0x00, 0x02, 0x00, 0x02, 0x00, 0x02, 0x00, 0x02, 0x00, 0x02, 0x00, 0x02, 0x00, 0x43, 0x08,
    0x02, 0x00, 0x02, 0x00, 0x22, 0x00, 0x02, 0x00, 0x22, 0x00, 0x64, 0x08, 0x44, 0x08, 0x22, 0x00,
    0x22, 0x00, 0x22, 0x00, 0x22, 0x00, 0x22, 0x00, 0x22, 0x00, 0x22, 0x00, 0x22, 0x00, 0x22, 0x00,
    0x22, 0x00, 0x43, 0x00, 0x86, 0x10, 0x43, 0x08, 0x23, 0x00, 0x23, 0x00, 0x23, 0x00, 0x23, 0x00,
    0x23, 0x00, 0x23, 0x00, 0x23, 0x00, 0x23, 0x00, 0x23, 0x00, 0x23, 0x00, 0x64, 0x08, 0x86, 0x08,
    0x23, 0x00, 0x23, 0x00, 0x23, 0x00, 0x23, 0x00, 0x23, 0x00, 0x23, 0x00, 0x23, 0x00, 0x23, 0x00,
    0x23, 0x00, 0x23, 0x00, 0x23, 0x00, 0x65, 0x08, 0x85, 0x08, 0x23, 0x00, 0x43, 0x08, 0x23, 0x00,
    0x23, 0x00, 0x23, 0x00, 0x43, 0x08, 0x23, 0x00, 0x23, 0x00, 0x23, 0x00, 0x43, 0x08, 0x23, 0x00,
    0x65, 0x08, 0x86, 0x08, 0x43, 0x08, 0x23, 0x00, 0x23, 0x00, 0x23, 0x00, 0x43, 0x08, 0x23, 0x00,
    0x23, 0x00, 0x23, 0x00, 0x43, 0x08, 0x23, 0x00, 0x43, 0x00, 0x44, 0x08, 0x86, 0x10, 0x43, 0x08,
    0x43, 0x00, 0x23, 0x00, 0x43, 0x00, 0x23, 0x00, 0x23, 0x00, 0x23, 0x00, 0x23, 0x00, 0x23, 0x00,
    0x23, 0x00, 0x23, 0x00, 0x23, 0x00, 0x86, 0x10, 0x64, 0x08, 0x23, 0x00, 0x23, 0x00, 0x23, 0x00,
    0x23, 0x00, 0x23, 0x00, 0x23, 0x00, 0x23, 0x00, 0x23, 0x00, 0x23, 0x00, 0x23, 0x00, 0x23, 0x00,
    0x44, 0x08, 0x65, 0x08, 0x23, 0x00, 0x23, 0x00, 0x23, 0x00, 0x23, 0x00, 0x23, 0x00, 0x22, 0x00,
    0x22, 0x00, 0x22, 0x00, 0x22, 0x00, 0x22, 0x00, 0x22, 0x00, 0x22, 0x00, 0x65, 0x08, 0x44, 0x08,
    0x22, 0x00, 0x22, 0x00, 0x22, 0x00, 0x22, 0x00, 0x22, 0x00, 0x22, 0x00, 0x22, 0x00, 0x22, 0x00,
    0x22, 0x00, 0x22, 0x00, 0x22, 0x00, 0x23, 0x00, 0x65, 0x08, 0x44, 0x08, 0x22, 0x00, 0x22, 0x00,
    0x22, 0x00, 0x22, 0x00, 0x22, 0x00, 0x22, 0x00, 0x22, 0x00, 0x22, 0x00, 0x22, 0x00, 0x22, 0x00,
    0x22, 0x00, 0x23, 0x00, 0x65, 0x08, 0x44, 0x08, 0x22, 0x00, 0x22, 0x00, 0x22, 0x00, 0x22, 0x00,
    0x22, 0x00, 0x22, 0x00, 0x22, 0x00, 0x22, 0x00, 0x22, 0x00, 0x22, 0x00, 0x22, 0x00, 0x22, 0x00,
    0x65, 0x08, 0x44, 0x08, 0x22, 0x00, 0x22, 0x00, 0x22, 0x00, 0x22, 0x00, 0x22, 0x00, 0x22, 0x00,
    0x22, 0x00, 0x22, 0x00, 0x22, 0x00, 0x22, 0x00, 0x22, 0x00, 0x22, 0x00, 0x44, 0x08, 0x65, 0x08,
    0x22, 0x00, 0x22, 0x00, 0x22, 0x00, 0x22, 0x00, 0x22, 0x00, 0x22, 0x00, 0x22, 0x00, 0x22, 0x00,
    0x22, 0x00, 0x22, 0x00, 0x22, 0x00, 0x22, 0x00, 0x23, 0x00, 0x66, 0x08, 0x44, 0x08, 0x22, 0x00,
    0x22, 0x00, 0x22, 0x00, 0x22, 0x00, 0x22, 0x00, 0x22, 0x00, 0x22, 0x00, 0x22, 0x00, 0x22, 0x00,
    0x22, 0x00, 0x22, 0x00, 0x22, 0x00, 0x44, 0x08, 0x66, 0x08, 0x23, 0x00, 0x22, 0x00, 0x22, 0x00,
    0x22, 0x00, 0x22, 0x00, 0x22, 0x00, 0x22, 0x00, 0x22, 0x00, 0x22, 0x00, 0x22, 0x00, 0x22, 0x00,
    0x22, 0x00, 0x22, 0x00, 0x44, 0x08, 0x65, 0x08, 0x23, 0x00, 0x22, 0x00, 0x22, 0x00, 0x22, 0x00,
    0x22, 0x00, 0x22, 0x00, 0x22, 0x00, 0x22, 0x00, 0x22, 0x00, 0x22, 0x00, 0x22, 0x00, 0x22, 0x00,
    0x22, 0x00, 0x44, 0x08, 0x65, 0x08, 0x23, 0x00, 0x22, 0x00, 0x22, 0x00, 0x22, 0x00, 0x22, 0x00,
    0x22, 0x00, 0x22, 0x00, 0x22, 0x00, 0x22, 0x00, 0x22, 0x00, 0x22, 0x00, 0x22, 0x00, 0x22, 0x00,
    0x43, 0x08, 0x86, 0x08, 0x23, 0x08, 0x22, 0x00, 0x22, 0x00, 0x22, 0x00, 0x22, 0x00, 0x22, 0x00,
    0x22, 0x00, 0x22, 0x00, 0x22, 0x00, 0x22, 0x00, 0x22, 0x00, 0x22, 0x00, 0x22, 0x00, 0x22, 0x00,
    0x65, 0x08, 0x44, 0x08, 0x22, 0x00, 0x22, 0x00, 0x22, 0x00, 0x22, 0x00, 0x22, 0x00, 0x22, 0x00,
    0x22, 0x00, 0x22, 0x00, 0x22, 0x00, 0x22, 0x00, 0x22, 0x00, 0x22, 0x00, 0x22, 0x00, 0x43, 0x08,
    0x86, 0x08, 0x43, 0x08, 0x22, 0x00, 0x22, 0x00, 0x22, 0x00, 0x22, 0x00, 0x22, 0x00, 0x22, 0x00,
    0x22, 0x00, 0x02, 0x00, 0x22, 0x00, 0x22, 0x00, 0x22, 0x00, 0x02, 0x00, 0x22, 0x00, 0x44, 0x08,
    0x65, 0x08, 0x23, 0x00, 0x22, 0x00, 0x22, 0x00, 0x22, 0x00, 0x02, 0x00, 0x22, 0x00, 0x22, 0x00,
    0x22, 0x00, 0x02, 0x00, 0x22, 0x00, 0x02, 0x00, 0x22, 0x00, 0x02, 0x00, 0x22, 0x00, 0x44, 0x08,
    0x65, 0x08, 0x23, 0x00, 0x02, 0x00, 0x02, 0x00, 0x02, 0x00, 0x02, 0x00, 0x02, 0x00, 0x02, 0x00,
    0x02, 0x00, 0x02, 0x00, 0x02, 0x00, 0x02, 0x00, 0x02, 0x00, 0x02, 0x00, 0x02, 0x00, 0x23, 0x00,
    0x02, 0x00, 0x22, 0x00, 0x02, 0x00, 0x22, 0x00, 0x02, 0x00, 0x65, 0x08, 0x23, 0x00, 0x22, 0x00,
    0x22, 0x00, 0x22, 0x00, 0x02, 0x00, 0x22, 0x00, 0x22, 0x00, 0x22, 0x00, 0x22, 0x00, 0x22, 0x00,
    0x22, 0x00, 0x43, 0x08, 0x85, 0x08, 0x22, 0x00, 0x22, 0x00, 0x23, 0x00, 0x22, 0x00, 0x23, 0x00,
    0x22, 0x00, 0x23, 0x00, 0x23, 0x00, 0x23, 0x00, 0x23, 0x00, 0x43, 0x08, 0x64, 0x08, 0x65, 0x08,
    0x23, 0x00, 0x43, 0x08, 0x23, 0x00, 0x43, 0x00, 0x23, 0x00, 0x43, 0x08, 0x23, 0x00, 0x43, 0x08,
    0x23, 0x00, 0x43, 0x08, 0x23, 0x00, 0x85, 0x08, 0x65, 0x08, 0x43, 0x08, 0x23, 0x00, 0x43, 0x08,
    0x23, 0x00, 0x43, 0x08, 0x23, 0x00, 0x43, 0x08, 0x23, 0x00, 0x43, 0x08, 0x23, 0x00, 0x43, 0x08,
    0x64, 0x08, 0x85, 0x08, 0x23, 0x00, 0x43, 0x08, 0x23, 0x00, 0x43, 0x08, 0x23, 0x00, 0x43, 0x08,
    0x23, 0x00, 0x43, 0x08, 0x23, 0x00, 0x43, 0x08, 0x23, 0x00, 0x64, 0x08, 0x86, 0x08, 0x43, 0x08,
    0x23, 0x00, 0x43, 0x08, 0x23, 0x00, 0x43, 0x08, 0x23, 0x00, 0x43, 0x08, 0x23, 0x00, 0x43, 0x00,
    0x23, 0x00, 0x43, 0x00, 0x23, 0x00, 0x86, 0x10, 0x44, 0x08, 0x23, 0x00, 0x23, 0x00, 0x23, 0x00,
    0x23, 0x00, 0x23, 0x00, 0x23, 0x00, 0x23, 0x00, 0x23, 0x00, 0x23, 0x00, 0x22, 0x00, 0x23, 0x00,
    0x44, 0x08, 0x65, 0x08, 0x22, 0x00, 0x23, 0x00, 0x22, 0x00, 0x22, 0x00, 0x22, 0x00, 0x22, 0x00,
    0x22, 0x00, 0x22, 0x00, 0x02, 0x00, 0x22, 0x00, 0x22, 0x00, 0x22, 0x00, 0x65, 0x08, 0x44, 0x08,
    0x22, 0x00, 0x22, 0x00, 0x22, 0x00, 0x22, 0x00, 0x22, 0x00, 0x22, 0x00, 0x22, 0x00, 0x22, 0x00,
    0x22, 0x00, 0x22, 0x00, 0x22, 0x00, 0x23, 0x00, 0x65, 0x08, 0x44, 0x08, 0x22, 0x00, 0x22, 0x00,
    0x22, 0x00, 0x22, 0x00, 0x22, 0x00, 0x22, 0x00, 0x22, 0x00, 0x22, 0x00, 0x22, 0x00, 0x22, 0x00,
    0x22, 0x00, 0x23, 0x00, 0x65, 0x08, 0x44, 0x08, 0x22, 0x00, 0x22, 0x00, 0x22, 0x00, 0x22, 0x00,
    0x22, 0x00, 0x22, 0x00, 0x22, 0x00, 0x22, 0x00, 0x22, 0x00, 0x22, 0x00, 0x22, 0x00, 0x22, 0x00,
    0x65, 0x08, 0x64, 0x08, 0x22, 0x00, 0x22, 0x00, 0x22, 0x00, 0x22, 0x00, 0x22, 0x00, 0x22, 0x00,
    0x22, 0x00, 0x22, 0x00, 0x22, 0x00, 0x22, 0x00, 0x22, 0x00, 0x22, 0x00, 0x44, 0x08, 0x65, 0x08,
    0x22, 0x00, 0x22, 0x00, 0x22, 0x00, 0x22, 0x00, 0x22, 0x00, 0x22, 0x00, 0x22, 0x00, 0x22, 0x00,
    0x22, 0x00, 0x22, 0x00, 0x22, 0x00, 0x22, 0x00, 0x23, 0x00, 0x65, 0x10, 0x44, 0x08, 0x22, 0x00,
    0x22, 0x00, 0x22, 0x00, 0x22, 0x00, 0x22, 0x00, 0x22, 0x00, 0x22, 0x00, 0x22, 0x00, 0x22, 0x00,
    0x22, 0x00, 0x22, 0x00, 0x22, 0x00, 0x44, 0x08, 0x85, 0x08, 0x43, 0x08, 0x22, 0x00, 0x22, 0x00,
    0x22, 0x00, 0x22, 0x00, 0x22, 0x00, 0x22, 0x00, 0x22, 0x00, 0x22, 0x00, 0x22, 0x00, 0x22, 0x00,
    0x22, 0x00, 0x22, 0x00, 0x44, 0x08, 0x65, 0x08, 0x23, 0x00, 0x22, 0x00, 0x22, 0x00, 0x22, 0x00,
    0x22, 0x00, 0x22, 0x00, 0x22, 0x00, 0x22, 0x00, 0x22, 0x00, 0x22, 0x00, 0x22, 0x00, 0x22, 0x00,
    0x22, 0x00, 0x44, 0x08, 0x65, 0x08, 0x23, 0x00, 0x22, 0x00, 0x22, 0x00, 0x22, 0x00, 0x22, 0x00,
    0x22, 0x00, 0x22, 0x00, 0x22, 0x00, 0x22, 0x00, 0x22, 0x00, 0x22, 0x00, 0x22, 0x00, 0x22, 0x00,
    0x23, 0x08, 0x86, 0x08, 0x43, 0x08, 0x22, 0x00, 0x22, 0x00, 0x22, 0x00, 0x22, 0x00, 0x22, 0x00,
    0x22, 0x00, 0x22, 0x00, 0x22, 0x00, 0x22, 0x00, 0x22, 0x00, 0x22, 0x00, 0x22, 0x00, 0x22, 0x00,
    0x64, 0x08, 0x64, 0x08, 0x02, 0x00, 0x22, 0x00, 0x22, 0x00, 0x22, 0x00, 0x22, 0x00, 0x22, 0x00,
    0x22, 0x00, 0x22, 0x00, 0x02, 0x00, 0x22, 0x00, 0x22, 0x00, 0x22, 0x00, 0x02, 0x00, 0x23, 0x08,
    0x65, 0x08, 0x43, 0x08, 0x02, 0x00, 0x22, 0x00, 0x02, 0x00, 0x22, 0x00, 0x02, 0x00, 0x22, 0x00,
    0x02, 0x00, 0x22, 0x00, 0x02, 0x00, 0x22, 0x00, 0x02, 0x00, 0x22, 0x00, 0x02, 0x00, 0x43, 0x08,
    0x65, 0x08, 0x23, 0x08, 0x02, 0x00, 0x22, 0x00, 0x02, 0x00, 0x22, 0x00, 0x02, 0x00, 0x22, 0x00,
    0x02, 0x00, 0x22, 0x00, 0x02, 0x00, 0x22, 0x00, 0x02, 0x00, 0x22, 0x00, 0x02, 0x00, 0x43, 0x08,
    0x65, 0x08, 0x43, 0x08, 0x02, 0x00, 0x02, 0x00, 0x02, 0x00, 0x02, 0x00, 0x02, 0x00, 0x02, 0x00,
    0x02, 0x00, 0x02, 0x00, 0x02, 0x00, 0x02, 0x00, 0x02, 0x00, 0x02, 0x00, 0x02, 0x00, 0x23, 0x00,
    0x22, 0x00, 0x22, 0x00, 0x22, 0x00, 0x22, 0x00, 0x22, 0x00, 0x85, 0x08, 0x23, 0x00, 0x22, 0x00,
    0x22, 0x00, 0x22, 0x00, 0x22, 0x00, 0x22, 0x00, 0x22, 0x00, 0x22, 0x00, 0x23, 0x00, 0x23, 0x00,
    0x23, 0x00, 0x44, 0x08, 0x85, 0x08, 0x23, 0x00, 0x23, 0x00, 0x23, 0x00, 0x23, 0x00, 0x23, 0x00,
    0x23, 0x00, 0x23, 0x00, 0x23, 0x00, 0x23, 0x00, 0x23, 0x00, 0x23, 0x00, 0x65, 0x08, 0x65, 0x08,
    0x23, 0x00, 0x23, 0x00, 0x23, 0x00, 0x23, 0x00, 0x43, 0x00, 0x23, 0x00, 0x43, 0x00, 0x23, 0x00,
    0x43, 0x00, 0x43, 0x00, 0x43, 0x00, 0x85, 0x08, 0x65, 0x08, 0x43, 0x00, 0x43, 0x00, 0x43, 0x00,
    0x43, 0x00, 0x43, 0x00, 0x43, 0x00, 0x43, 0x00, 0x43, 0x08, 0x43, 0x00, 0x43, 0x00, 0x43, 0x00,
    0x85, 0x08, 0x65, 0x08, 0x43, 0x00, 0x43, 0x00, 0x43, 0x08, 0x43, 0x00, 0x43, 0x08, 0x23, 0x00,
    0x43, 0x08, 0x23, 0x00, 0x43, 0x08, 0x23, 0x00, 0x43, 0x08, 0x65, 0x08, 0x86, 0x10, 0x23, 0x00,
    0x43, 0x08, 0x23, 0x00, 0x43, 0x00, 0x23, 0x00, 0x43, 0x00, 0x43, 0x00, 0x43, 0x00, 0x23, 0x00,
    0x43, 0x00, 0x23, 0x00, 0x44, 0x08, 0x86, 0x10, 0x44, 0x08, 0x23, 0x00, 0x23, 0x00, 0x23, 0x00,
    0x23, 0x00, 0x23, 0x00, 0x23, 0x00, 0x23, 0x00, 0x23, 0x00, 0x23, 0x00, 0x23, 0x00, 0x23, 0x00,
    0x65, 0x08, 0x65, 0x08, 0x23, 0x00, 0x23, 0x00, 0x23, 0x00, 0x23, 0x00, 0x23, 0x00, 0x23, 0x00,
    0x23, 0x00, 0x22, 0x00, 0x22, 0x00, 0x22, 0x00, 0x22, 0x00, 0x22, 0x00, 0x65, 0x08, 0x44, 0x08,
    0x22, 0x00, 0x22, 0x00, 0x22, 0x00, 0x22, 0x00, 0x22, 0x00, 0x22, 0x00, 0x22, 0x00, 0x22, 0x00,
    0x22, 0x00, 0x22, 0x00, 0x22, 0x00, 0x23, 0x00, 0x65, 0x08, 0x43, 0x08, 0x22, 0x00, 0x22, 0x00,
    0x22, 0x00, 0x22, 0x00, 0x22, 0x00, 0x22, 0x00, 0x22, 0x00, 0x22, 0x00, 0x22, 0x00, 0x22, 0x00,
    0x22, 0x00, 0x23, 0x00, 0x65, 0x08, 0x44, 0x08, 0x22, 0x00, 0x22, 0x00, 0x22, 0x00, 0x22, 0x00,
    0x22, 0x00, 0x22, 0x00, 0x22, 0x00, 0x22, 0x00, 0x22, 0x00, 0x22, 0x00, 0x22, 0x00, 0x22, 0x00,
    0x65, 0x08, 0x44, 0x08, 0x22, 0x00, 0x22, 0x00, 0x22, 0x00, 0x22, 0x00, 0x22, 0x00, 0x22, 0x00,
    0x22, 0x00, 0x22, 0x00, 0x22, 0x00, 0x22, 0x00, 0x22, 0x00, 0x22, 0x00, 0x44, 0x08, 0x65, 0x08,
    0x22, 0x00, 0x22, 0x00, 0x22, 0x00, 0x22, 0x00, 0x22, 0x00, 0x22, 0x00, 0x22, 0x00, 0x22, 0x00,
    0x22, 0x00, 0x22, 0x00, 0x22, 0x00, 0x22, 0x00, 0x23, 0x00, 0x65, 0x08, 0x44, 0x08, 0x22, 0x00,
    0x22, 0x00, 0x22, 0x00, 0x22, 0x00, 0x22, 0x00, 0x22, 0x00, 0x22, 0x00, 0x22, 0x00, 0x22, 0x00,
    0x22, 0x00, 0x22, 0x00, 0x22, 0x00, 0x44, 0x08, 0x86, 0x08, 0x23, 0x08, 0x22, 0x00, 0x22, 0x00,
    0x22, 0x00, 0x22, 0x00, 0x22, 0x00, 0x22, 0x00, 0x22, 0x00, 0x22, 0x00, 0x22, 0x00, 0x22, 0x00,
    0x22, 0x00, 0x22, 0x00, 0x44, 0x08, 0x65, 0x08, 0x23, 0x00, 0x22, 0x00, 0x22, 0x00, 0x22, 0x00,
    0x22, 0x00, 0x22, 0x00, 0x22, 0x00, 0x22, 0x00, 0x22, 0x00, 0x22, 0x00, 0x22, 0x00, 0x22, 0x00,
    0x22, 0x00, 0x44, 0x08, 0x86, 0x08, 0x23, 0x08, 0x22, 0x00, 0x22, 0x00, 0x22, 0x00, 0x22, 0x00,
    0x22, 0x00, 0x22, 0x00, 0x22, 0x00, 0x22, 0x00, 0x22, 0x00, 0x22, 0x00, 0x22, 0x00, 0x22, 0x00,
    0x23, 0x08, 0x66, 0x08, 0x44, 0x08, 0x22, 0x00, 0x22, 0x00, 0x22, 0x00, 0x22, 0x00, 0x22, 0x00,
    0x22, 0x00, 0x22, 0x00, 0x22, 0x00, 0x22, 0x00, 0x22, 0x00, 0x22, 0x00, 0x22, 0x00, 0x22, 0x00,
    0x44, 0x08, 0x65, 0x08, 0x22, 0x00, 0x22, 0x00, 0x22, 0x00, 0x22, 0x00, 0x22, 0x00, 0x22, 0x00,
    0x22, 0x00, 0x22, 0x00, 0x22, 0x00, 0x22, 0x00, 0x22, 0x00, 0x22, 0x00, 0x22, 0x00, 0x23, 0x00,
    0x65, 0x08, 0x44, 0x08, 0x22, 0x00, 0x22, 0x00, 0x22, 0x00, 0x22, 0x00, 0x22, 0x00, 0x22, 0x00,
    0x22, 0x00, 0x22, 0x00, 0x22, 0x00, 0x22, 0x00, 0x22, 0x00, 0x22, 0x00, 0x22, 0x00, 0x43, 0x08,
    0x86, 0x10, 0x43, 0x08, 0x22, 0x00, 0x22, 0x00, 0x22, 0x00, 0x22, 0x00, 0x22, 0x00, 0x22, 0x00,
    0x23, 0x00, 0x23, 0x00, 0x23, 0x00, 0x23, 0x00, 0x23, 0x08, 0x23, 0x00, 0x23, 0x08, 0x44, 0x08,
    0x86, 0x10, 0x44, 0x08, 0x23, 0x00, 0x23, 0x00, 0x43, 0x08, 0x23, 0x00, 0x43, 0x08, 0x23, 0x08,
    0x43, 0x08, 0x23, 0x08, 0x23, 0x08, 0x43, 0x08, 0x43, 0x08, 0x43, 0x08, 0x44, 0x08, 0x44, 0x08,
    0x02, 0x00, 0x22, 0x00, 0x22, 0x00, 0x22, 0x00, 0x23, 0x00, 0x85, 0x08, 0x22, 0x00, 0x22, 0x00,
    0x02, 0x00, 0x22, 0x00, 0x22, 0x00, 0x23, 0x00, 0x22, 0x00, 0x22, 0x00, 0x22, 0x00, 0x23, 0x00,
    0x22, 0x00, 0x64, 0x08, 0x65, 0x08, 0x23, 0x00, 0x23, 0x00, 0x23, 0x00, 0x23, 0x00, 0x23, 0x00,
    0x23, 0x00, 0x23, 0x00, 0x23, 0x00, 0x43, 0x08, 0x23, 0x00, 0x43, 0x00, 0x85, 0x08, 0x65, 0x08,
    0x23, 0x00, 0x43, 0x00, 0x23, 0x00, 0x43, 0x08, 0x23, 0x00, 0x43, 0x00, 0x23, 0x00, 0x43, 0x08,
    0x23, 0x00, 0x43, 0x00, 0x43, 0x00, 0x86, 0x10, 0x65, 0x08, 0x43, 0x08, 0x43, 0x00, 0x43, 0x08,
    0x43, 0x00, 0x43, 0x08, 0x43, 0x00, 0x43, 0x08, 0x43, 0x00, 0x43, 0x08, 0x43, 0x00, 0x43, 0x08,
    0x85, 0x08, 0x65, 0x08, 0x43, 0x00, 0x43, 0x08, 0x23, 0x00, 0x43, 0x08, 0x43, 0x00, 0x43, 0x08,
    0x23, 0x00, 0x43, 0x08, 0x23, 0x00, 0x43, 0x08, 0x23, 0x00, 0x65, 0x08, 0x65, 0x08, 0x43, 0x08,
    0x23, 0x00, 0x43, 0x08, 0x23, 0x00, 0x43, 0x08, 0x23, 0x00, 0x43, 0x08, 0x23, 0x00, 0x43, 0x08,
    0x23, 0x00, 0x43, 0x08, 0x44, 0x08, 0x87, 0x10, 0x44, 0x08, 0x43, 0x00, 0x23, 0x00, 0x43, 0x00,
    0x23, 0x00, 0x23, 0x00, 0x23, 0x00, 0x23, 0x00, 0x23, 0x00, 0x23, 0x00, 0x23, 0x00, 0x23, 0x00,
    0x65, 0x08, 0x65, 0x08, 0x23, 0x00, 0x23, 0x00, 0x23, 0x00, 0x23, 0x00, 0x22, 0x00, 0x23, 0x00,
    0x22, 0x00, 0x23, 0x00, 0x22, 0x00, 0x23, 0x00, 0x22, 0x00, 0x22, 0x00, 0x65, 0x08, 0x44, 0x08,
    0x02, 0x00, 0x22, 0x00, 0x22, 0x00, 0x22, 0x00, 0x02, 0x00, 0x22, 0x00, 0x22, 0x00, 0x22, 0x00,
    0x02, 0x00, 0x22, 0x00, 0x22, 0x00, 0x23, 0x00, 0x85, 0x08, 0x43, 0x08, 0x22, 0x00, 0x22, 0x00,
    0x22, 0x00, 0x22, 0x00, 0x22, 0x00, 0x22, 0x00, 0x22, 0x00, 0x22, 0x00, 0x22, 0x00, 0x22, 0x00,
    0x22, 0x00, 0x23, 0x00, 0x65, 0x08, 0x44, 0x08, 0x22, 0x00, 0x22, 0x00, 0x22, 0x00, 0x22, 0x00,
    0x22, 0x00, 0x22, 0x00, 0x22, 0x00, 0x22, 0x00, 0x22, 0x00, 0x22, 0x00, 0x22, 0x00, 0x22, 0x00,
    0x65, 0x08, 0x44, 0x08, 0x22, 0x00, 0x22, 0x00, 0x22, 0x00, 0x22, 0x00, 0x22, 0x00, 0x22, 0x00,
    0x22, 0x00, 0x22, 0x00, 0x22, 0x00, 0x22, 0x00, 0x22, 0x00, 0x22, 0x00, 0x44, 0x08, 0x65, 0x08,
    0x22, 0x00, 0x22, 0x00, 0x22, 0x00, 0x22, 0x00, 0x22, 0x00, 0x22, 0x00, 0x22, 0x00, 0x22, 0x00,
    0x22, 0x00, 0x22, 0x00, 0x22, 0x00, 0x22, 0x00, 0x23, 0x00, 0x65, 0x08, 0x44, 0x08, 0x22, 0x00,
    0x22, 0x00, 0x22, 0x00, 0x22, 0x00, 0x22, 0x00, 0x22, 0x00, 0x22, 0x00, 0x22, 0x00, 0x22, 0x00,
    0x22, 0x00, 0x22, 0x00, 0x22, 0x00, 0x44, 0x08, 0x86, 0x08, 0x43, 0x08, 0x22, 0x00, 0x22, 0x00,
    0x22, 0x00, 0x22, 0x00, 0x22, 0x00, 0x22, 0x00, 0x22, 0x00, 0x22, 0x00, 0x22, 0x00, 0x22, 0x00,
    0x22, 0x00, 0x22, 0x00, 0x44, 0x08, 0x86, 0x10, 0x23, 0x00, 0x22, 0x00, 0x22, 0x00, 0x22, 0x00,
    0x22, 0x00, 0x22, 0x00, 0x22, 0x00, 0x22, 0x00, 0x22, 0x00, 0x22, 0x00, 0x22, 0x00, 0x22, 0x00,
    0x22, 0x00, 0x43, 0x08, 0x86, 0x08, 0x43, 0x08, 0x22, 0x00, 0x22, 0x00, 0x22, 0x00, 0x22, 0x00,
    0x22, 0x00, 0x22, 0x00, 0x22, 0x00, 0x22, 0x00, 0x22, 0x00, 0x22, 0x00, 0x22, 0x00, 0x22, 0x00,
    0x23, 0x00, 0x65, 0x08, 0x44, 0x08, 0x22, 0x00, 0x22, 0x00, 0x22, 0x00, 0x22, 0x00, 0x22, 0x00,
    0x22, 0x00, 0x22, 0x00, 0x22, 0x00, 0x23, 0x00, 0x23, 0x00, 0x23, 0x00, 0x23, 0x00, 0x23, 0x00,
    0x65, 0x08, 0x86, 0x08, 0x23, 0x08, 0x23, 0x08, 0x23, 0x00, 0x23, 0x08, 0x23, 0x08, 0x43, 0x08,
    0x23, 0x00, 0x43, 0x08, 0x43, 0x08, 0x43, 0x08, 0x43, 0x08, 0x44, 0x08, 0x44, 0x08, 0x44, 0x08,
    0x86, 0x10, 0x85, 0x08, 0x44, 0x08, 0x44, 0x08, 0x44, 0x08, 0x44, 0x08, 0x44, 0x08, 0x44, 0x08,
    0x44, 0x08, 0x44, 0x08, 0x44, 0x08, 0x64, 0x08, 0x44, 0x08, 0x64, 0x08, 0x65, 0x08, 0x65, 0x08,
    0xa7, 0x10, 0x86, 0x10, 0x65, 0x08, 0x65, 0x08, 0x65, 0x08, 0x65, 0x08, 0x65, 0x08, 0x65, 0x08,
    0x65, 0x08, 0x65, 0x08, 0x65, 0x08, 0x65, 0x08, 0x65, 0x08, 0x86, 0x08, 0x65, 0x08, 0x86, 0x10,
    0xa8, 0x10, 0xa7, 0x10, 0x65, 0x08, 0x65, 0x08, 0x65, 0x08, 0x65, 0x08, 0x65, 0x08, 0x65, 0x08,
    0x65, 0x08, 0x65, 0x08, 0x65, 0x08, 0x65, 0x08, 0x65, 0x08, 0x65, 0x08, 0x64, 0x08, 0x64, 0x08,
    0x22, 0x00, 0x22, 0x00, 0x22, 0x00, 0x22, 0x00, 0x43, 0x08, 0x65, 0x08, 0x22, 0x00, 0x22, 0x00,
    0x22, 0x00, 0x22, 0x00, 0x22, 0x00, 0x22, 0x00, 0x22, 0x00, 0x22, 0x00, 0x22, 0x00, 0x22, 0x00,
    0x23, 0x00, 0x65, 0x08, 0x64, 0x08, 0x23, 0x00, 0x23, 0x00, 0x23, 0x00, 0x23, 0x00, 0x23, 0x00,
    0x23, 0x00, 0x23, 0x00, 0x43, 0x00, 0x23, 0x00, 0x23, 0x00, 0x23, 0x00, 0x86, 0x10, 0x64, 0x08,
    0x43, 0x00, 0x43, 0x00, 0x43, 0x00, 0x43, 0x00, 0x43, 0x00, 0x43, 0x00, 0x43, 0x00, 0x43, 0x00,
    0x43, 0x00, 0x43, 0x00, 0x43, 0x00, 0x86, 0x10, 0x64, 0x08, 0x43, 0x00, 0x43, 0x00, 0x43, 0x00,
    0x43, 0x00, 0x43, 0x00, 0x43, 0x08, 0x43, 0x00, 0x43, 0x00, 0x43, 0x00, 0x43, 0x08, 0x43, 0x00,
    0x86, 0x08, 0x64, 0x08, 0x43, 0x08, 0x43, 0x00, 0x43, 0x00, 0x43, 0x00, 0x43, 0x08, 0x43, 0x00,
    0x43, 0x00, 0x43, 0x00, 0x43, 0x08, 0x43, 0x00, 0x43, 0x00, 0x65, 0x08, 0x85, 0x08, 0x43, 0x00,
    0x43, 0x08, 0x23, 0x00, 0x43, 0x08, 0x43, 0x08, 0x43, 0x08, 0x23, 0x00, 0x43, 0x08, 0x43, 0x00,
    0x43, 0x00, 0x23, 0x00, 0x44, 0x08, 0x86, 0x10, 0x43, 0x08, 0x23, 0x00, 0x43, 0x00, 0x23, 0x00,
    0x23, 0x00, 0x23, 0x00, 0x23, 0x00, 0x23, 0x00, 0x23, 0x00, 0x23, 0x00, 0x23, 0x00, 0x23, 0x00,
    0x65, 0x08, 0x65, 0x08, 0x23, 0x00, 0x23, 0x00, 0x23, 0x00, 0x22, 0x00, 0x23, 0x00, 0x23, 0x00,
    0x22, 0x00, 0x22, 0x00, 0x22, 0x00, 0x22, 0x00, 0x22, 0x00, 0x23, 0x00, 0x85, 0x10, 0x44, 0x08,
    0x22, 0x00, 0x22, 0x00, 0x22, 0x00, 0x22, 0x00, 0x22, 0x00, 0x22, 0x00, 0x22, 0x00, 0x22, 0x00,
    0x22, 0x00, 0x22, 0x00, 0x22, 0x00, 0x23, 0x00, 0x86, 0x08, 0x43, 0x08, 0x22, 0x00, 0x22, 0x00,
    0x22, 0x00, 0x22, 0x00, 0x22, 0x00, 0x22, 0x00, 0x22, 0x00, 0x22, 0x00, 0x22, 0x00, 0x22, 0x00,
    0x22, 0x00, 0x23, 0x00, 0x65, 0x08, 0x43, 0x08, 0x22, 0x00, 0x22, 0x00, 0x22, 0x00, 0x22, 0x00,
    0x22, 0x00, 0x22, 0x00, 0x22, 0x00, 0x22, 0x00, 0x22, 0x00, 0x22, 0x00, 0x22, 0x00, 0x22, 0x00,
    0x65, 0x08, 0x44, 0x08, 0x22, 0x00, 0x22, 0x00, 0x22, 0x00, 0x22, 0x00, 0x22, 0x00, 0x22, 0x00,
    0x22, 0x00, 0x22, 0x00, 0x22, 0x00, 0x22, 0x00, 0x22, 0x00, 0x22, 0x00, 0x44, 0x08, 0x65, 0x08,
    0x22, 0x00, 0x22, 0x00, 0x22, 0x00, 0x22, 0x00, 0x22, 0x00, 0x22, 0x00, 0x22, 0x00, 0x22, 0x00,
    0x22, 0x00, 0x22, 0x00, 0x22, 0x00, 0x22, 0x00, 0x23, 0x00, 0x65, 0x08, 0x44, 0x08, 0x22, 0x00,
    0x22, 0x00, 0x22, 0x00, 0x22, 0x00, 0x22, 0x00, 0x22, 0x00, 0x22, 0x00, 0x22, 0x00, 0x22, 0x00,
    0x22, 0x00, 0x22, 0x00, 0x22, 0x00, 0x43, 0x08, 0x86, 0x10, 0x43, 0x08, 0x22, 0x00, 0x22, 0x00,
    0x22, 0x00, 0x22, 0x00, 0x22, 0x00, 0x22, 0x00, 0x22, 0x00, 0x22, 0x00, 0x22, 0x00, 0x22, 0x00,
    0x22, 0x00, 0x22, 0x00, 0x44, 0x08, 0x86, 0x08, 0x43, 0x08, 0x23, 0x00, 0x23, 0x00, 0x23, 0x00,
    0x23, 0x08, 0x23, 0x08, 0x23, 0x08, 0x23, 0x08, 0x23, 0x08, 0x23, 0x08, 0x43, 0x08, 0x43, 0x08,
    0x43, 0x08, 0x44, 0x08, 0x87, 0x10, 0x64, 0x08, 0x44, 0x08, 0x44, 0x08, 0x44, 0x08, 0x44, 0x08,
    0x44, 0x08, 0x44, 0x08, 0x44, 0x08, 0x44, 0x08, 0x44, 0x08, 0x44, 0x08, 0x44, 0x08, 0x44, 0x08,
    0x65, 0x08, 0xa7, 0x10, 0x86, 0x10, 0x64, 0x08, 0x64, 0x08, 0x65, 0x08, 0x65, 0x08, 0x65, 0x08,
    0x65, 0x08, 0x65, 0x08, 0x65, 0x08, 0x65, 0x08, 0x65, 0x08, 0x65, 0x08, 0x65, 0x08, 0x65, 0x08,
    0x87, 0x10, 0xa8, 0x10, 0x86, 0x10, 0x86, 0x08, 0x85, 0x08, 0x86, 0x10, 0x86, 0x08, 0x86, 0x08,
    0x86, 0x08, 0x85, 0x08, 0x86, 0x08, 0x85, 0x08, 0x65, 0x08, 0x65, 0x08, 0x65, 0x08, 0x65, 0x08,
    0xa7, 0x10, 0xa7, 0x10, 0x65, 0x08, 0x65, 0x08, 0x65, 0x08, 0x65, 0x08, 0x65, 0x08, 0x65, 0x08,
    0x64, 0x08, 0x64, 0x08, 0x64, 0x08, 0x64, 0x08, 0x64, 0x08, 0x44, 0x08, 0x44, 0x08, 0x64, 0x08,
    0xa7, 0x10, 0x66, 0x08, 0x44, 0x08, 0x44, 0x08, 0x44, 0x08, 0x44, 0x08, 0x44, 0x08, 0x43, 0x08,
    0x43, 0x08, 0x43, 0x08, 0x43, 0x08, 0x43, 0x08, 0x43, 0x08, 0x43, 0x08, 0x43, 0x08, 0x43, 0x08,
    0x66, 0x08, 0x65, 0x08, 0x23, 0x00, 0x23, 0x00, 0x23, 0x00, 0x23, 0x00, 0x22, 0x00, 0x22, 0x00,
    0x22, 0x00, 0x22, 0x00, 0x22, 0x00, 0x22, 0x00, 0x02, 0x00, 0x02, 0x00, 0x22, 0x00, 0x02, 0x00,
    0x02, 0x00, 0x22, 0x00, 0x02, 0x00, 0x22, 0x00, 0x44, 0x08, 0x65, 0x08, 0x02, 0x00, 0x22, 0x00,
    0x22, 0x00, 0x23, 0x00, 0x22, 0x00, 0x22, 0x00, 0x22, 0x00, 0x23, 0x00, 0x22, 0x00, 0x23, 0x00,
    0x23, 0x00, 0x85, 0x08, 0x44, 0x08, 0x23, 0x00, 0x23, 0x00, 0x43, 0x00, 0x23, 0x00, 0x43, 0x00,
    0x23, 0x00, 0x43, 0x00, 0x23, 0x00, 0x43, 0x00, 0x23, 0x00, 0x44, 0x08, 0x86, 0x10, 0x44, 0x08,
    0x43, 0x00, 0x43, 0x08, 0x43, 0x00, 0x43, 0x08, 0x43, 0x00, 0x43, 0x08, 0x43, 0x00, 0x43, 0x08,
    0x43, 0x00, 0x43, 0x08, 0x44, 0x08, 0xa7, 0x10, 0x44, 0x08, 0x43, 0x08, 0x43, 0x00, 0x43, 0x08,
    0x43, 0x00, 0x43, 0x08, 0x43, 0x00, 0x43, 0x08, 0x43, 0x00, 0x43, 0x08, 0x43, 0x00, 0x44, 0x08,
    0x86, 0x10, 0x65, 0x08, 0x43, 0x00, 0x43, 0x08, 0x43, 0x00, 0x43, 0x08, 0x43, 0x00, 0x43, 0x08,
    0x43, 0x00, 0x43, 0x08, 0x43, 0x00, 0x43, 0x08, 0x43, 0x00, 0x86, 0x08, 0x65, 0x08, 0x43, 0x08,
    0x23, 0x00, 0x43, 0x08, 0x23, 0x00, 0x43, 0x08, 0x23, 0x00, 0x43, 0x08, 0x23, 0x00, 0x43, 0x08,
    0x23, 0x00, 0x43, 0x08, 0x44, 0x08, 0x86, 0x10, 0x23, 0x00, 0x43, 0x08, 0x23, 0x00, 0x43, 0x00,
    0x23, 0x00, 0x43, 0x00, 0x23, 0x00, 0x23, 0x00, 0x23, 0x00, 0x23, 0x00, 0x23, 0x00, 0x23, 0x00,
    0x65, 0x08, 0x65, 0x08, 0x23, 0x00, 0x23, 0x00, 0x23, 0x00, 0x23, 0x00, 0x23, 0x00, 0x23, 0x00,
    0x22, 0x00, 0x23, 0x00, 0x22, 0x00, 0x23, 0x00, 0x22, 0x00, 0x23, 0x00, 0x65, 0x08, 0x44, 0x08,
    0x22, 0x00, 0x22, 0x00, 0x02, 0x00, 0x22, 0x00, 0x22, 0x00, 0x22, 0x00, 0x22, 0x00, 0x22, 0x00,
    0x22, 0x00, 0x22, 0x00, 0x22, 0x00, 0x23, 0x08, 0x86, 0x08, 0x23, 0x08, 0x22, 0x00, 0x22, 0x00,
    0x22, 0x00, 0x22, 0x00, 0x22, 0x00, 0x22, 0x00, 0x22, 0x00, 0x22, 0x00, 0x22, 0x00, 0x22, 0x00,
    0x22, 0x00, 0x23, 0x00, 0x86, 0x08, 0x43, 0x08, 0x22, 0x00, 0x22, 0x00, 0x22, 0x00, 0x22, 0x00,
    0x22, 0x00, 0x22, 0x00, 0x22, 0x00, 0x22, 0x00, 0x22, 0x00, 0x22, 0x00, 0x22, 0x00, 0x22, 0x00,
    0x65, 0x08, 0x44, 0x08, 0x22, 0x00, 0x22, 0x00, 0x22, 0x00, 0x22, 0x00, 0x22, 0x00, 0x22, 0x00,
    0x22, 0x00, 0x22, 0x00, 0x22, 0x00, 0x22, 0x00, 0x22, 0x00, 0x22, 0x00, 0x44, 0x08, 0x65, 0x08,
    0x23, 0x00, 0x23, 0x00, 0x23, 0x00, 0x23, 0x08, 0x23, 0x00, 0x23, 0x08, 0x23, 0x00, 0x43, 0x08,
    0x23, 0x08, 0x43, 0x08, 0x23, 0x08, 0x43, 0x08, 0x43, 0x08, 0x86, 0x10, 0x65, 0x08, 0x44, 0x08,
    0x44, 0x08, 0x44, 0x08, 0x44, 0x08, 0x44, 0x08, 0x44, 0x08, 0x44, 0x08, 0x44, 0x08, 0x44, 0x08,
    0x44, 0x08, 0x64, 0x08, 0x44, 0x08, 0x65, 0x08, 0xa7, 0x10, 0x65, 0x08, 0x44, 0x08, 0x65, 0x08,
    0x65, 0x08, 0x65, 0x08, 0x65, 0x08, 0x65, 0x08, 0x65, 0x08, 0x65, 0x08, 0x65, 0x08, 0x65, 0x08,
    0x65, 0x08, 0x65, 0x08, 0x86, 0x10, 0xc8, 0x10, 0x86, 0x10, 0x86, 0x10, 0x65, 0x08, 0x66, 0x08,
    0x86, 0x08, 0x86, 0x10, 0x86, 0x08, 0x86, 0x10, 0x86, 0x08, 0x86, 0x10, 0x86, 0x10, 0x86, 0x08,
    0x86, 0x08, 0x86, 0x10, 0xa8, 0x10, 0x87, 0x10, 0x65, 0x08, 0x65, 0x08, 0x65, 0x08, 0x65, 0x08,
    0x65, 0x08, 0x65, 0x08, 0x65, 0x08, 0x65, 0x08, 0x65, 0x08, 0x65, 0x08, 0x65, 0x08, 0x65, 0x08,
    0x65, 0x08, 0x87, 0x10, 0x86, 0x10, 0x44, 0x08, 0x44, 0x08, 0x44, 0x08, 0x44, 0x08, 0x44, 0x08,
    0x44, 0x08, 0x44, 0x08, 0x44, 0x08, 0x44, 0x08, 0x44, 0x08, 0x44, 0x08, 0x44, 0x08, 0x44, 0x08,
    0x65, 0x08, 0x86, 0x10, 0x44, 0x08, 0x43, 0x08, 0x43, 0x08, 0x43, 0x08, 0x23, 0x00, 0x23, 0x08,
    0x23, 0x00, 0x23, 0x08, 0x23, 0x00, 0x23, 0x08, 0x23, 0x00, 0x23, 0x00, 0x23, 0x00, 0x23, 0x00,
    0x65, 0x08, 0x65, 0x08, 0x22, 0x00, 0x22, 0x00, 0x22, 0x00, 0x22, 0x00, 0x02, 0x00, 0x22, 0x00,
    0x02, 0x00, 0x22, 0x00, 0x02, 0x00, 0x22, 0x00, 0x02, 0x00, 0x22, 0x00, 0x02, 0x00, 0x22, 0x00,
    0x65, 0x08, 0x64, 0x08, 0x02, 0x00, 0x22, 0x00, 0x02, 0x00, 0x22, 0x00, 0x02, 0x00, 0x22, 0x00,
    0x02, 0x00, 0x22, 0x00, 0x02, 0x00, 0x22, 0x00, 0x02, 0x00, 0x22, 0x00, 0x02, 0x00, 0x22, 0x00,
    0x44, 0x08, 0x44, 0x08, 0x02, 0x00, 0x02, 0x00, 0x02, 0x00, 0x02, 0x00, 0x02, 0x00, 0x02, 0x00,
    0x02, 0x00, 0x02, 0x00, 0x02, 0x00, 0x02, 0x00, 0x02, 0x00, 0x02, 0x00, 0x02, 0x00, 0x02, 0x00,
    0x22, 0x00, 0x22, 0x00, 0x22, 0x00, 0x22, 0x00, 0x64, 0x08, 0x64, 0x08, 0x22, 0x00, 0x22, 0x00,
    0x22, 0x00, 0x22, 0x00, 0x22, 0x00, 0x22, 0x00, 0x23, 0x00, 0x22, 0x00, 0x23, 0x00, 0x23, 0x00,
    0x23, 0x00, 0x86, 0x08, 0x44, 0x08, 0x23, 0x00, 0x23, 0x00, 0x23, 0x00, 0x23, 0x00, 0x23, 0x00,
    0x43, 0x00, 0x43, 0x00, 0x43, 0x00, 0x43, 0x00, 0x43, 0x00, 0x44, 0x08, 0x86, 0x10, 0x44, 0x08,
    0x43, 0x00, 0x43, 0x00, 0x43, 0x00, 0x43, 0x00, 0x43, 0x00, 0x43, 0x00, 0x43, 0x00, 0x43, 0x00,
    0x43, 0x08, 0x43, 0x00, 0x64, 0x08, 0xa7, 0x10, 0x44, 0x08, 0x43, 0x00, 0x43, 0x08, 0x43, 0x00,
    0x43, 0x08, 0x43, 0x00, 0x43, 0x08, 0x43, 0x00, 0x43, 0x08, 0x43, 0x00, 0x44, 0x08, 0x44, 0x08,
    0xa7, 0x10, 0x64, 0x08, 0x43, 0x08, 0x43, 0x00, 0x43, 0x08, 0x43, 0x00, 0x43, 0x08, 0x43, 0x00,
    0x43, 0x08, 0x43, 0x00, 0x43, 0x08, 0x43, 0x00, 0x43, 0x08, 0x86, 0x08, 0x65, 0x08, 0x43, 0x00,
    0x43, 0x08, 0x43, 0x00, 0x43, 0x08, 0x43, 0x00, 0x43, 0x08, 0x43, 0x00, 0x43, 0x08, 0x23, 0x00,
    0x43, 0x08, 0x23, 0x00, 0x65, 0x08, 0x86, 0x08, 0x43, 0x08, 0x43, 0x00, 0x43, 0x00, 0x23, 0x00,
    0x43, 0x00, 0x23, 0x00, 0x23, 0x00, 0x23, 0x00, 0x23, 0x00, 0x23, 0x00, 0x23, 0x00, 0x23, 0x00,
    0x85, 0x08, 0x65, 0x08, 0x23, 0x00, 0x23, 0x00, 0x23, 0x00, 0x23, 0x00, 0x23, 0x00, 0x23, 0x00,
    0x23, 0x00, 0x23, 0x00, 0x23, 0x00, 0x23, 0x00, 0x23, 0x00, 0x23, 0x08, 0x86, 0x10, 0x44, 0x08,
    0x22, 0x00, 0x22, 0x00, 0x22, 0x00, 0x22, 0x00, 0x22, 0x00, 0x22, 0x00, 0x22, 0x00, 0x22, 0x00,
    0x22, 0x00, 0x22, 0x00, 0x22, 0x00, 0x23, 0x08, 0x86, 0x08, 0x23, 0x08, 0x22, 0x00, 0x22, 0x00,
    0x23, 0x00, 0x23, 0x00, 0x23, 0x00, 0x23, 0x00, 0x23, 0x00, 0x23, 0x00, 0x23, 0x08, 0x23, 0x08,
    0x23, 0x08, 0x44, 0x08, 0x87, 0x10, 0x44, 0x08, 0x43, 0x08, 0x43, 0x08, 0x44, 0x08, 0x44, 0x08,
    0x44, 0x08, 0x44, 0x08, 0x44, 0x08, 0x44, 0x08, 0x44, 0x08, 0x44, 0x08, 0x44, 0x08, 0x44, 0x08,
    0x86, 0x10, 0x86, 0x08, 0x44, 0x08, 0x44, 0x08, 0x44, 0x08, 0x44, 0x08, 0x65, 0x08, 0x65, 0x08,
    0x65, 0x08, 0x65, 0x08, 0x65, 0x08, 0x65, 0x08, 0x65, 0x08, 0x65, 0x08, 0x87, 0x10, 0xa8, 0x10,
    0x65, 0x08, 0x65, 0x08, 0x65, 0x08, 0x65, 0x08, 0x66, 0x08, 0x66, 0x08, 0x86, 0x08, 0x86, 0x08,
    0x86, 0x08, 0x86, 0x08, 0x86, 0x08, 0x86, 0x10, 0x86, 0x08, 0xa8, 0x10, 0xa7, 0x10, 0x86, 0x08,
    0x66, 0x08, 0x65, 0x08, 0x66, 0x08, 0x65, 0x08, 0x65, 0x08, 0x65, 0x08, 0x65, 0x08, 0x65, 0x08,
    0x65, 0x08, 0x65, 0x08, 0x65, 0x08, 0x65, 0x08, 0xa8, 0x10, 0x86, 0x08, 0x65, 0x08, 0x65, 0x08,
    0x45, 0x08, 0x44, 0x08, 0x44, 0x08, 0x44, 0x08, 0x44, 0x08, 0x44, 0x08, 0x44, 0x08, 0x44, 0x08,
    0x44, 0x08, 0x44, 0x08, 0x65, 0x08, 0xa7, 0x10, 0x65, 0x08, 0x44, 0x08, 0x44, 0x08, 0x44, 0x08,
    0x44, 0x08, 0x43, 0x08, 0x43, 0x08, 0x43, 0x08, 0x23, 0x08, 0x23, 0x08, 0x23, 0x08, 0x23, 0x08,
    0x23, 0x08, 0x44, 0x08, 0x86, 0x10, 0x44, 0x08, 0x23, 0x00, 0x23, 0x00, 0x23, 0x00, 0x23, 0x00,
    0x23, 0x00, 0x22, 0x00, 0x22, 0x00, 0x22, 0x00, 0x22, 0x00, 0x22, 0x00, 0x22, 0x00, 0x22, 0x00,
    0x22, 0x00, 0x65, 0x08, 0x44, 0x08, 0x22, 0x00, 0x22, 0x00, 0x22, 0x00, 0x22, 0x00, 0x22, 0x00,
    0x22, 0x00, 0x22, 0x00, 0x22, 0x00, 0x22, 0x00, 0x22, 0x00, 0x22, 0x00, 0x22, 0x00, 0x22, 0x00,
    0x43, 0x08, 0x86, 0x08, 0x23, 0x08, 0x22, 0x00, 0x22, 0x00, 0x22, 0x00, 0x22, 0x00, 0x22, 0x00,
    0x22, 0x00, 0x22, 0x00, 0x22, 0x00, 0x22, 0x00, 0x22, 0x00, 0x22, 0x00, 0x22, 0x00, 0x22, 0x00,
    0x44, 0x08, 0x65, 0x08, 0x22, 0x00, 0x22, 0x00, 0x22, 0x00, 0x22, 0x00, 0x22, 0x00, 0x22, 0x00,
    0x22, 0x00, 0x22, 0x00, 0x22, 0x00, 0x02, 0x00, 0x22, 0x00, 0x22, 0x00, 0x22, 0x00, 0x02, 0x00,
    0x64, 0x08, 0x65, 0x08, 0x22, 0x00, 0x02, 0x00, 0x22, 0x00, 0x02, 0x00, 0x22, 0x00, 0x02, 0x00,
    0x22, 0x00, 0x02, 0x00, 0x22, 0x00, 0x02, 0x00, 0x22, 0x00, 0x02, 0x00, 0x22, 0x00, 0x02, 0x00,
    0x44, 0x08, 0x65, 0x08, 0x22, 0x00, 0x02, 0x00, 0x02, 0x00, 0x02, 0x00, 0x02, 0x00, 0x02, 0x00,
    0x02, 0x00, 0x02, 0x00, 0x02, 0x00, 0x02, 0x00, 0x02, 0x00, 0x02, 0x00, 0x02, 0x00, 0x02, 0x00,
    0x02, 0x00, 0x22, 0x00, 0x02, 0x00, 0x22, 0x00, 0x64, 0x08, 0x44, 0x08, 0x22, 0x00, 0x22, 0x00,
    0x22, 0x00, 0x22, 0x00, 0x22, 0x00, 0x23, 0x00, 0x22, 0x00, 0x23, 0x00, 0x22, 0x00, 0x23, 0x00,
    0x43, 0x00, 0x86, 0x10, 0x43, 0x08, 0x43, 0x00, 0x23, 0x00, 0x43, 0x00, 0x23, 0x00, 0x43, 0x00,
    0x23, 0x00, 0x43, 0x00, 0x43, 0x00, 0x43, 0x08, 0x43, 0x00, 0x64, 0x08, 0x86, 0x10, 0x43, 0x08,
    0x43, 0x00, 0x43, 0x08, 0x43, 0x00, 0x43, 0x08, 0x43, 0x00, 0x43, 0x08, 0x43, 0x00, 0x43, 0x08,
    0x43, 0x00, 0x43, 0x08, 0x64, 0x08, 0xa6, 0x10, 0x43, 0x00, 0x43, 0x08, 0x43, 0x00, 0x43, 0x08,
    0x43, 0x00, 0x43, 0x08, 0x43, 0x00, 0x43, 0x08, 0x43, 0x00, 0x43, 0x08, 0x43, 0x00, 0x64, 0x08,
    0x87, 0x10, 0x64, 0x08, 0x43, 0x00, 0x43, 0x08, 0x43, 0x00, 0x43, 0x08, 0x43, 0x00, 0x43, 0x08,
    0x43, 0x00, 0x43, 0x08, 0x43, 0x00, 0x43, 0x08, 0x43, 0x00, 0x86, 0x10, 0x64, 0x08, 0x43, 0x08,
    0x43, 0x00, 0x43, 0x08, 0x43, 0x00, 0x43, 0x08, 0x23, 0x00, 0x43, 0x08, 0x23, 0x00, 0x43, 0x08,
    0x23, 0x00, 0x43, 0x08, 0x64, 0x08, 0x86, 0x10, 0x23, 0x00, 0x43, 0x08, 0x43, 0x00, 0x43, 0x08,
    0x43, 0x00, 0x43, 0x08, 0x43, 0x08, 0x44, 0x08, 0x43, 0x08, 0x44, 0x08, 0x43, 0x08, 0x44, 0x08,
    0x86, 0x08, 0x65, 0x08, 0x44, 0x08, 0x44, 0x08, 0x44, 0x08, 0x64, 0x08, 0x44, 0x08, 0x64, 0x08,
    0x44, 0x08, 0x44, 0x08, 0x44, 0x08, 0x64, 0x08, 0x44, 0x08, 0x65, 0x08, 0xa7, 0x10, 0x85, 0x08,
    0x44, 0x08, 0x64, 0x08, 0x44, 0x08, 0x64, 0x08, 0x44, 0x08, 0x65, 0x08, 0x64, 0x08, 0x65, 0x08,
    0x65, 0x08, 0x65, 0x08, 0x65, 0x08, 0x86, 0x08, 0xa8, 0x10, 0x86, 0x08, 0x65, 0x08, 0x65, 0x08,
    0x65, 0x08, 0x65, 0x08, 0x65, 0x08, 0x65, 0x08, 0x85, 0x08, 0x86, 0x08, 0x85, 0x08, 0x86, 0x10,
    0x86, 0x08, 0x86, 0x10, 0xc8, 0x10, 0x86, 0x10, 0x86, 0x08, 0x85, 0x08, 0x65, 0x08, 0x85, 0x08,
    0x65, 0x08, 0x65, 0x08, 0x65, 0x08, 0x65, 0x08, 0x65, 0x08, 0x65, 0x08, 0x65, 0x08, 0x65, 0x08,
    0xa7, 0x10, 0x86, 0x10, 0x65, 0x08, 0x65, 0x08, 0x65, 0x08, 0x64, 0x08, 0x44, 0x08, 0x64, 0x08,
    0x44, 0x08, 0x44, 0x08, 0x44, 0x08, 0x64, 0x08, 0x44, 0x08, 0x44, 0x08, 0x65, 0x08, 0x86, 0x10,
    0x44, 0x08, 0x44, 0x08, 0x44, 0x08, 0x44, 0x08, 0x44, 0x08, 0x44, 0x08, 0x43, 0x08, 0x43, 0x08,
    0x43, 0x08, 0x23, 0x08, 0x23, 0x08, 0x43, 0x08, 0x23, 0x08, 0x66, 0x08, 0x65, 0x08, 0x43, 0x08,
    0x23, 0x00, 0x23, 0x00, 0x23, 0x00, 0x23, 0x00, 0x23, 0x00, 0x23, 0x00, 0x22, 0x00, 0x22, 0x00,
    0x22, 0x00, 0x22, 0x00, 0x22, 0x00, 0x43, 0x08, 0x85, 0x08, 0x44, 0x08, 0x22, 0x00, 0x22, 0x00,
    0x22, 0x00, 0x22, 0x00, 0x22, 0x00, 0x22, 0x00, 0x22, 0x00, 0x22, 0x00, 0x22, 0x00, 0x22, 0x00,
    0x22, 0x00, 0x22, 0x00, 0x23, 0x08, 0x86, 0x10, 0x43, 0x08, 0x22, 0x00, 0x22, 0x00, 0x22, 0x00,
    0x22, 0x00, 0x22, 0x00, 0x22, 0x00, 0x22, 0x00, 0x22, 0x00, 0x22, 0x00, 0x22, 0x00, 0x22, 0x00,
    0x22, 0x00, 0x23, 0x00, 0x65, 0x08, 0x44, 0x08, 0x22, 0x00, 0x22, 0x00, 0x22, 0x00, 0x22, 0x00,
    0x22, 0x00, 0x22, 0x00, 0x22, 0x00, 0x22, 0x00, 0x22, 0x00, 0x22, 0x00, 0x22, 0x00, 0x22, 0x00,
    0x02, 0x00, 0x64, 0x08, 0x64, 0x08, 0x22, 0x00, 0x22, 0x00, 0x22, 0x00, 0x22, 0x00, 0x22, 0x00,
    0x02, 0x00, 0x22, 0x00, 0x22, 0x00, 0x22, 0x00, 0x02, 0x00, 0x22, 0x00, 0x22, 0x00, 0x22, 0x00,
    0x23, 0x00, 0x85, 0x08, 0x43, 0x08, 0x22, 0x00, 0x02, 0x00, 0x22, 0x00, 0x22, 0x00, 0x22, 0x00,
    0x02, 0x00, 0x22, 0x00, 0x02, 0x00, 0x22, 0x00, 0x02, 0x00, 0x22, 0x00, 0x02, 0x00, 0x22, 0x00,
    0x44, 0x08, 0x65, 0x08, 0x23, 0x00, 0x22, 0x00, 0x02, 0x00, 0x22, 0x00, 0x02, 0x00, 0x22, 0x00,
    0x02, 0x00, 0x22, 0x00, 0x02, 0x00, 0x22, 0x00, 0x02, 0x00, 0x22, 0x00, 0x02, 0x00, 0x22, 0x00,
    0x44, 0x08, 0x65, 0x08, 0x22, 0x00, 0x22, 0x00, 0x02, 0x00, 0x22, 0x00, 0x02, 0x00, 0x22, 0x00,
    0x02, 0x00, 0x22, 0x00, 0x02, 0x00, 0x22, 0x00, 0x02, 0x00, 0x22, 0x00, 0x02, 0x00, 0x22, 0x00,
    0x43, 0x08, 0x65, 0x08, 0x22, 0x00, 0x02, 0x00, 0x02, 0x00, 0x02, 0x00, 0x02, 0x00, 0x02, 0x00,
    0x02, 0x00, 0x02, 0x00, 0x02, 0x00, 0x02, 0x00, 0x02, 0x00, 0x02, 0x00, 0x02, 0x00, 0x02, 0x00,
    0x22, 0x00, 0x22, 0x00, 0x22, 0x00, 0x22, 0x00, 0x85, 0x08, 0x43, 0x00, 0x22, 0x00, 0x22, 0x00,
    0x22, 0x00, 0x22, 0x00, 0x22, 0x00, 0x22, 0x00, 0x22, 0x00, 0x22, 0x00, 0x23, 0x00, 0x23, 0x00,
    0x44, 0x08, 0x86, 0x10, 0x43, 0x00, 0x23, 0x00, 0x43, 0x00, 0x43, 0x00, 0x43, 0x00, 0x43, 0x00,
    0x43, 0x00, 0x43, 0x00, 0x43, 0x00, 0x43, 0x00, 0x43, 0x00, 0x65, 0x08, 0x86, 0x10, 0x43, 0x00,
    0x43, 0x00, 0x43, 0x00, 0x43, 0x08, 0x43, 0x08, 0x43, 0x08, 0x43, 0x00, 0x43, 0x08, 0x43, 0x08,
    0x43, 0x08, 0x43, 0x08, 0x65, 0x08, 0x86, 0x10, 0x44, 0x08, 0x44, 0x08, 0x44, 0x08, 0x44, 0x08,
    0x44, 0x08, 0x44, 0x08, 0x64, 0x08, 0x64, 0x08, 0x64, 0x08, 0x64, 0x08, 0x65, 0x08, 0x85, 0x08,
    0xa7, 0x10, 0x65, 0x08, 0x65, 0x08, 0x65, 0x08, 0x65, 0x08, 0x65, 0x08, 0x65, 0x08, 0x65, 0x08,
    0x65, 0x08, 0x65, 0x08, 0x85, 0x08, 0x65, 0x08, 0x85, 0x08, 0xa8, 0x10, 0x86, 0x10, 0x65, 0x08,
    0x66, 0x08, 0x65, 0x08, 0x86, 0x08, 0x86, 0x08, 0x86, 0x08, 0x86, 0x08, 0x86, 0x08, 0x86, 0x10,
    0x86, 0x08, 0x86, 0x08, 0xa7, 0x10, 0xa8, 0x10, 0x86, 0x10, 0x86, 0x08, 0x86, 0x10, 0x86, 0x10,
    0x86, 0x10, 0x86, 0x10, 0x86, 0x10, 0x86, 0x10, 0x86, 0x10, 0x86, 0x10, 0x86, 0x10, 0x86, 0x10,
    0xc9, 0x10, 0xa7, 0x10, 0x86, 0x10, 0x86, 0x10, 0x86, 0x10, 0x86, 0x10, 0x86, 0x10, 0x86, 0x08,
    0x86, 0x08, 0x85, 0x08, 0x85, 0x08, 0x85, 0x08, 0x85, 0x08, 0x86, 0x10, 0xc8, 0x10, 0x86, 0x10,
    0x65, 0x08, 0x65, 0x08, 0x65, 0x08, 0x65, 0x08, 0x65, 0x08, 0x44, 0x08, 0x64, 0x08, 0x44, 0x08,
    0x44, 0x08, 0x44, 0x08, 0x44, 0x08, 0x65, 0x08, 0xa7, 0x10, 0x44, 0x08, 0x44, 0x08, 0x44, 0x08,
    0x44, 0x08, 0x44, 0x08, 0x44, 0x08, 0x43, 0x08, 0x43, 0x08, 0x43, 0x08, 0x43, 0x08, 0x23, 0x08,
    0x23, 0x08, 0x44, 0x08, 0x86, 0x10, 0x44, 0x08, 0x23, 0x00, 0x23, 0x00, 0x23, 0x00, 0x23, 0x00,
    0x23, 0x00, 0x23, 0x00, 0x23, 0x00, 0x22, 0x00, 0x22, 0x00, 0x22, 0x00, 0x22, 0x00, 0x22, 0x00,
    0x65, 0x08, 0x44, 0x08, 0x22, 0x00, 0x22, 0x00, 0x22, 0x00, 0x22, 0x00, 0x22, 0x00, 0x22, 0x00,
    0x22, 0x00, 0x22, 0x00, 0x22, 0x00, 0x22, 0x00, 0x22, 0x00, 0x22, 0x00, 0x44, 0x08, 0x65, 0x08,
    0x23, 0x00, 0x22, 0x00, 0x22, 0x00, 0x22, 0x00, 0x22, 0x00, 0x22, 0x00, 0x22, 0x00, 0x22, 0x00,
    0x22, 0x00, 0x22, 0x00, 0x22, 0x00, 0x22, 0x00, 0x22, 0x00, 0x65, 0x08, 0x44, 0x08, 0x22, 0x00,
    0x22, 0x00, 0x22, 0x00, 0x22, 0x00, 0x22, 0x00, 0x22, 0x00, 0x22, 0x00, 0x22, 0x00, 0x22, 0x00,
    0x22, 0x00, 0x22, 0x00, 0x22, 0x00, 0x23, 0x00, 0x65, 0x08, 0x44, 0x08, 0x22, 0x00, 0x22, 0x00,
    0x22, 0x00, 0x22, 0x00, 0x22, 0x00, 0x22, 0x00, 0x22, 0x00, 0x22, 0x00, 0x22, 0x00, 0x22, 0x00,
    0x22, 0x00, 0x22, 0x00, 0x23, 0x08, 0x86, 0x08, 0x44, 0x08, 0x22, 0x00, 0x22, 0x00, 0x22, 0x00,
    0x22, 0x00, 0x22, 0x00, 0x22, 0x00, 0x22, 0x00, 0x22, 0x00, 0x22, 0x00, 0x22, 0x00, 0x22, 0x00,
    0x22, 0x00, 0x23, 0x00, 0x65, 0x08, 0x44, 0x08, 0x22, 0x00, 0x22, 0x00, 0x22, 0x00, 0x22, 0x00,
    0x22, 0x00, 0x22, 0x00, 0x22, 0x00, 0x22, 0x00, 0x22, 0x00, 0x22, 0x00, 0x22, 0x00, 0x22, 0x00,
    0x22, 0x00, 0x44, 0x08, 0x65, 0x08, 0x22, 0x00, 0x22, 0x00, 0x22, 0x00, 0x22, 0x00, 0x22, 0x00,
    0x22, 0x00, 0x22, 0x00, 0x22, 0x00, 0x22, 0x00, 0x22, 0x00, 0x22, 0x00, 0x22, 0x00, 0x22, 0x00,
    0x23, 0x08, 0x85, 0x08, 0x44, 0x08, 0x22, 0x00, 0x22, 0x00, 0x22, 0x00, 0x22, 0x00, 0x22, 0x00,
    0x22, 0x00, 0x22, 0x00, 0x22, 0x00, 0x22, 0x00, 0x22, 0x00, 0x22, 0x00, 0x22, 0x00, 0x22, 0x00,
    0x44, 0x08, 0x65, 0x08, 0x23, 0x08, 0x22, 0x00, 0x22, 0x00, 0x02, 0x00, 0x22, 0x00, 0x22, 0x00,
    0x22, 0x00, 0x02, 0x00, 0x22, 0x00, 0x22, 0x00, 0x22, 0x00, 0x02, 0x00, 0x22, 0x00, 0x22, 0x00,
    0x44, 0x08, 0x65, 0x08, 0x23, 0x08, 0x02, 0x00, 0x22, 0x00, 0x02, 0x00, 0x22, 0x00, 0x02, 0x00,
    0x22, 0x00, 0x02, 0x00, 0x22, 0x00, 0x02, 0x00, 0x22, 0x00, 0x02, 0x00, 0x22, 0x00, 0x02, 0x00,
    0x23, 0x00, 0x65, 0x08, 0x23, 0x00, 0x02, 0x00, 0x02, 0x00, 0x02, 0x00, 0x02, 0x00, 0x02, 0x00,
    0x02, 0x00, 0x02, 0x00, 0x02, 0x00, 0x02, 0x00, 0x02, 0x00, 0x02, 0x00, 0x02, 0x00, 0x02, 0x00,
    0x02, 0x00, 0x22, 0x00, 0x02, 0x00, 0x43, 0x08, 0x86, 0x10, 0x43, 0x08, 0x23, 0x00, 0x43, 0x00,
    0x23, 0x00, 0x43, 0x08, 0x23, 0x00, 0x44, 0x08, 0x43, 0x00, 0x44, 0x08, 0x44, 0x00, 0x44, 0x08,
    0x65, 0x08, 0x86, 0x10, 0x64, 0x08, 0x64, 0x08, 0x64, 0x08, 0x65, 0x08, 0x65, 0x08, 0x65, 0x08,
    0x65, 0x08, 0x65, 0x08, 0x65, 0x08, 0x85, 0x08, 0x65, 0x08, 0xa7, 0x10, 0xa7, 0x10, 0x86, 0x08,
    0x65, 0x08, 0x86, 0x08, 0x86, 0x08, 0x86, 0x08, 0x86, 0x08, 0x86, 0x08, 0x86, 0x08, 0x86, 0x10,
    0x86, 0x10, 0xa6, 0x10, 0xa8, 0x10, 0xc8, 0x10, 0x86, 0x10, 0xa7, 0x10, 0x87, 0x10, 0xa7, 0x10,
    0xa7, 0x10, 0xa7, 0x10, 0xa7, 0x10, 0xa7, 0x10, 0xa7, 0x10, 0xa7, 0x10, 0xa7, 0x10, 0xc8, 0x10,
    0xc9, 0x10, 0xa7, 0x10, 0x87, 0x10, 0xa7, 0x10, 0x86, 0x10, 0xa6, 0x10, 0x86, 0x10, 0x86, 0x10,
    0x86, 0x08, 0x86, 0x10, 0x86, 0x08, 0x86, 0x10, 0x86, 0x08, 0xc9, 0x10, 0x86, 0x10, 0x86, 0x10,
    0x86, 0x08, 0x86, 0x10, 0x65, 0x08, 0x86, 0x08, 0x65, 0x08, 0x85, 0x08, 0x65, 0x08, 0x65, 0x08,
    0x65, 0x08, 0x65, 0x08, 0x86, 0x10, 0xa7, 0x10, 0x65, 0x08, 0x65, 0x08, 0x64, 0x08, 0x65, 0x08,
    0x64, 0x08, 0x64, 0x08, 0x44, 0x08, 0x64, 0x08, 0x44, 0x08, 0x44, 0x08, 0x44, 0x08, 0x44, 0x08,
    0x86, 0x10, 0x65, 0x08, 0x43, 0x00, 0x43, 0x08, 0x23, 0x00, 0x43, 0x08, 0x23, 0x00, 0x43, 0x08,
    0x23, 0x00, 0x23, 0x00, 0x23, 0x00, 0x23, 0x00, 0x23, 0x00, 0x44, 0x08, 0x86, 0x08, 0x43, 0x08,
    0x22, 0x00, 0x23, 0x00, 0x22, 0x00, 0x22, 0x00, 0x22, 0x00, 0x22, 0x00, 0x02, 0x00, 0x22, 0x00,
    0x22, 0x00, 0x22, 0x00, 0x02, 0x00, 0x43, 0x08, 0x85, 0x08, 0x23, 0x00, 0x22, 0x00, 0x22, 0x00,
    0x22, 0x00, 0x22, 0x00, 0x22, 0x00, 0x22, 0x00, 0x22, 0x00, 0x22, 0x00, 0x22, 0x00, 0x22, 0x00,
    0x22, 0x00, 0x23, 0x08, 0x86, 0x08, 0x23, 0x08, 0x22, 0x00, 0x22, 0x00, 0x22, 0x00, 0x22, 0x00,
    0x22, 0x00, 0x22, 0x00, 0x22, 0x00, 0x22, 0x00, 0x22, 0x00, 0x22, 0x00, 0x22, 0x00, 0x22, 0x00,
    0x65, 0x08, 0x44, 0x08, 0x22, 0x00, 0x22, 0x00, 0x22, 0x00, 0x22, 0x00, 0x22, 0x00, 0x22, 0x00,
    0x22, 0x00, 0x22, 0x00, 0x22, 0x00, 0x22, 0x00, 0x22, 0x00, 0x22, 0x00, 0x44, 0x08, 0x65, 0x08,
    0x23, 0x00, 0x22, 0x00, 0x22, 0x00, 0x22, 0x00, 0x22, 0x00, 0x22, 0x00, 0x22, 0x00, 0x22, 0x00,
    0x22, 0x00, 0x22, 0x00, 0x22, 0x00, 0x22, 0x00, 0x22, 0x00, 0x65, 0x08, 0x44, 0x08, 0x22, 0x00,
    0x22, 0x00, 0x22, 0x00, 0x22, 0x00, 0x22, 0x00, 0x22, 0x00, 0x22, 0x00, 0x22, 0x00, 0x22, 0x00,
    0x22, 0x00, 0x22, 0x00, 0x22, 0x00, 0x23, 0x00, 0x65, 0x08, 0x44, 0x08, 0x22, 0x00, 0x22, 0x00,
    0x22, 0x00, 0x22, 0x00, 0x22, 0x00, 0x22, 0x00, 0x22, 0x00, 0x22, 0x00, 0x22, 0x00, 0x22, 0x00,
    0x22, 0x00, 0x22, 0x00, 0x23, 0x00, 0x65, 0x08, 0x44, 0x08, 0x22, 0x00, 0x22, 0x00, 0x22, 0x00,
    0x22, 0x00, 0x22, 0x00, 0x22, 0x00, 0x22, 0x00, 0x22, 0x00, 0x22, 0x00, 0x22, 0x00, 0x22, 0x00,
    0x22, 0x00, 0x23, 0x00, 0x65, 0x08, 0x44, 0x08, 0x22, 0x00, 0x22, 0x00, 0x22, 0x00, 0x22, 0x00,
    0x22, 0x00, 0x22, 0x00, 0x22, 0x00, 0x22, 0x00, 0x22, 0x00, 0x22, 0x00, 0x22, 0x00, 0x22, 0x00,
    0x22, 0x00, 0x44, 0x08, 0x65, 0x08, 0x23, 0x00, 0x22, 0x00, 0x22, 0x00, 0x22, 0x00, 0x22, 0x00,
    0x22, 0x00, 0x22, 0x00, 0x02, 0x00, 0x22, 0x00, 0x22, 0x00, 0x22, 0x00, 0x02, 0x00, 0x22, 0x00,
    0x23, 0x00, 0x65, 0x08, 0x44, 0x08, 0x22, 0x00, 0x02, 0x00, 0x22, 0x00, 0x02, 0x00, 0x22, 0x00,
    0x02, 0x00, 0x22, 0x00, 0x02, 0x00, 0x22, 0x00, 0x02, 0x00, 0x22, 0x00, 0x02, 0x00, 0x22, 0x00,
    0x23, 0x08, 0x86, 0x10, 0x23, 0x00, 0x22, 0x00, 0x02, 0x00, 0x22, 0x00, 0x02, 0x00, 0x22, 0x00,
    0x02, 0x00, 0x22, 0x00, 0x02, 0x00, 0x22, 0x00, 0x02, 0x00, 0x22, 0x00, 0x02, 0x00, 0x22, 0x00,
    0x43, 0x08, 0x86, 0x08, 0x23, 0x00, 0x22, 0x00, 0x02, 0x00, 0x22, 0x00, 0x02, 0x00, 0x22, 0x00,
    0x02, 0x00, 0x22, 0x00, 0x02, 0x00, 0x22, 0x00, 0x02, 0x00, 0x22, 0x00, 0x02, 0x00, 0x22, 0x00,
    0x23, 0x00, 0x65, 0x08, 0x23, 0x00, 0x02, 0x00, 0x02, 0x00, 0x02, 0x00, 0x02, 0x00, 0x02, 0x00,
    0x02, 0x00, 0x02, 0x00, 0x02, 0x00, 0x02, 0x00, 0x02, 0x00, 0x02, 0x00, 0x02, 0x00, 0x02, 0x00,
    0x65, 0x08, 0x65, 0x08, 0x65, 0x08, 0x86, 0x10, 0xa7, 0x10, 0x85, 0x08, 0x85, 0x08, 0x86, 0x08,
    0x86, 0x08, 0x86, 0x08, 0x86, 0x10, 0x86, 0x08, 0x86, 0x08, 0x86, 0x08, 0x86, 0x08, 0x86, 0x08,
    0xa7, 0x10, 0xa7, 0x10, 0x86, 0x10, 0x86, 0x10, 0x86, 0x08, 0x86, 0x10, 0x86, 0x08, 0x85, 0x08,
    0x85, 0x08, 0x85, 0x08, 0x85, 0x08, 0x85, 0x08, 0x85, 0x08, 0xa7, 0x10, 0xa7, 0x10, 0x65, 0x08,
    0x85, 0x08, 0x65, 0x08, 0x85, 0x08, 0x65, 0x08, 0x85, 0x08, 0x65, 0x08, 0x85, 0x08, 0x65, 0x08,
    0x65, 0x08, 0x65, 0x08, 0xa7, 0x10, 0x86, 0x10, 0x65, 0x08, 0x65, 0x08, 0x65, 0x08, 0x65, 0x08,
    0x64, 0x08, 0x64, 0x08, 0x64, 0x08, 0x64, 0x08, 0x64, 0x08, 0x64, 0x08, 0x64, 0x08, 0x86, 0x08,
    0xa6, 0x10, 0x44, 0x08, 0x44, 0x08, 0x44, 0x08, 0x64, 0x08, 0x44, 0x08, 0x44, 0x08, 0x43, 0x08,
    0x43, 0x08, 0x43, 0x08, 0x43, 0x08, 0x43, 0x08, 0x64, 0x08, 0x87, 0x10, 0x64, 0x08, 0x43, 0x08,
    0x43, 0x08, 0x43, 0x00, 0x43, 0x08, 0x43, 0x00, 0x43, 0x08, 0x43, 0x00, 0x43, 0x08, 0x43, 0x00,
    0x43, 0x08, 0x43, 0x00, 0x85, 0x08, 0x65, 0x08, 0x43, 0x08, 0x43, 0x08, 0x43, 0x08, 0x23, 0x00,
    0x43, 0x08, 0x23, 0x00, 0x43, 0x00, 0x23, 0x00, 0x43, 0x00, 0x43, 0x00, 0x43, 0x00, 0x43, 0x08,
    0x86, 0x10, 0x44, 0x08, 0x23, 0x00, 0x23, 0x00, 0x23, 0x00, 0x23, 0x00, 0x23, 0x00, 0x23, 0x00,
    0x23, 0x00, 0x23, 0x00, 0x23, 0x00, 0x22, 0x00, 0x23, 0x00, 0x44, 0x08, 0x86, 0x10, 0x23, 0x08,
    0x22, 0x00, 0x22, 0x00, 0x22, 0x00, 0x22, 0x00, 0x22, 0x00, 0x22, 0x00, 0x22, 0x00, 0x22, 0x00,
    0x22, 0x00, 0x22, 0x00, 0x22, 0x00, 0x43, 0x08, 0x65, 0x08, 0x23, 0x00, 0x22, 0x00, 0x22, 0x00,
    0x22, 0x00, 0x22, 0x00, 0x22, 0x00, 0x22, 0x00, 0x22, 0x00, 0x22, 0x00, 0x22, 0x00, 0x22, 0x00,
    0x22, 0x00, 0x23, 0x08, 0x86, 0x08, 0x23, 0x08, 0x22, 0x00, 0x22, 0x00, 0x22, 0x00, 0x22, 0x00,
    0x22, 0x00, 0x22, 0x00, 0x22, 0x00, 0x22, 0x00, 0x22, 0x00, 0x22, 0x00, 0x22, 0x00, 0x22, 0x00,
    0x65, 0x08, 0x44, 0x08, 0x22, 0x00, 0x22, 0x00, 0x22, 0x00, 0x22, 0x00, 0x22, 0x00, 0x22, 0x00,
    0x22, 0x00, 0x22, 0x00, 0x22, 0x00, 0x22, 0x00, 0x22, 0x00, 0x22, 0x00, 0x44, 0x08, 0x65, 0x08,
    0x23, 0x00, 0x22, 0x00, 0x22, 0x00, 0x22, 0x00, 0x22, 0x00, 0x22, 0x00, 0x22, 0x00, 0x22, 0x00,
    0x22, 0x00, 0x22, 0x00, 0x22, 0x00, 0x22, 0x00, 0x22, 0x00, 0x65, 0x08, 0x44, 0x08, 0x22, 0x00,
    0x22, 0x00, 0x22, 0x00, 0x22, 0x00, 0x22, 0x00, 0x22, 0x00, 0x22, 0x00, 0x22, 0x00, 0x22, 0x00,
    0x22, 0x00, 0x22, 0x00, 0x22, 0x00, 0x23, 0x00, 0x65, 0x08, 0x44, 0x08, 0x22, 0x00, 0x22, 0x00,
    0x22, 0x00, 0x22, 0x00, 0x22, 0x00, 0x22, 0x00, 0x22, 0x00, 0x22, 0x00, 0x22, 0x00, 0x22, 0x00,
    0x22, 0x00, 0x22, 0x00, 0x23, 0x00, 0x65, 0x08, 0x44, 0x08, 0x22, 0x00, 0x22, 0x00, 0x22, 0x00,
    0x22, 0x00, 0x22, 0x00, 0x22, 0x00, 0x22, 0x00, 0x22, 0x00, 0x22, 0x00, 0x22, 0x00, 0x22, 0x00,
    0x22, 0x00, 0x22, 0x00, 0x65, 0x08, 0x44, 0x08, 0x22, 0x00, 0x22, 0x00, 0x22, 0x00, 0x22, 0x00,
    0x22, 0x00, 0x22, 0x00, 0x22, 0x00, 0x22, 0x00, 0x22, 0x00, 0x22, 0x00, 0x22, 0x00, 0x22, 0x00,
    0x22, 0x00, 0x44, 0x08, 0x65, 0x08, 0x23, 0x00, 0x22, 0x00, 0x22, 0x00, 0x22, 0x00, 0x22, 0x00,
    0x22, 0x00, 0x22, 0x00, 0x22, 0x00, 0x22, 0x00, 0x22, 0x00, 0x22, 0x00, 0x22, 0x00, 0x22, 0x00,
    0x22, 0x00, 0x65, 0x08, 0x44, 0x08, 0x22, 0x00, 0x22, 0x00, 0x22, 0x00, 0x22, 0x00, 0x22, 0x00,
    0x22, 0x00, 0x22, 0x00, 0x22, 0x00, 0x22, 0x00, 0x22, 0x00, 0x22, 0x00, 0x22, 0x00, 0x22, 0x00,
    0x23, 0x08, 0x85, 0x08, 0x43, 0x08, 0x02, 0x00, 0x22, 0x00, 0x22, 0x00, 0x22, 0x00, 0x02, 0x00,
    0x22, 0x00, 0x02, 0x00, 0x22, 0x00, 0x02, 0x00, 0x22, 0x00, 0x22, 0x00, 0x22, 0x00, 0x02, 0x00,
    0x43, 0x08, 0x65, 0x08, 0x43, 0x08, 0x02, 0x00, 0x22, 0x00, 0x02, 0x00, 0x22, 0x00, 0x02, 0x00,
    0x22, 0x00, 0x02, 0x00, 0x22, 0x00, 0x02, 0x00, 0x22, 0x00, 0x02, 0x00, 0x22, 0x00, 0x02, 0x00,
    0x22, 0x00, 0x65, 0x08, 0x43, 0x08, 0x02, 0x00, 0x02, 0x00, 0x02, 0x00, 0x02, 0x00, 0x02, 0x00,
    0x02, 0x00, 0x02, 0x00, 0x02, 0x00, 0x02, 0x00, 0x02, 0x00, 0x02, 0x00, 0x01, 0x00, 0x01, 0x00,
    0x43, 0x08, 0x44, 0x08, 0x43, 0x08, 0x65, 0x08, 0x85, 0x08, 0x44, 0x08, 0x43, 0x00, 0x43, 0x08,
    0x23, 0x00, 0x43, 0x08, 0x43, 0x00, 0x44, 0x08, 0x43, 0x00, 0x43, 0x08, 0x43, 0x00, 0x43, 0x00,
    0x65, 0x08, 0x65, 0x08, 0x43, 0x00, 0x43, 0x08, 0x23, 0x00, 0x43, 0x08, 0x43, 0x00, 0x43, 0x08,
    0x43, 0x00, 0x43, 0x08, 0x43, 0x00, 0x43, 0x08, 0x43, 0x00, 0x86, 0x10, 0x65, 0x08, 0x44, 0x08,
    0x43, 0x00, 0x44, 0x08, 0x43, 0x08, 0x44, 0x08, 0x43, 0x08, 0x44, 0x08, 0x43, 0x08, 0x44, 0x08,
    0x43, 0x08, 0x44, 0x08, 0x86, 0x08, 0x85, 0x08, 0x44, 0x08, 0x44, 0x08, 0x44, 0x08, 0x44, 0x08,
    0x44, 0x08, 0x44, 0x08, 0x44, 0x08, 0x44, 0x08, 0x44, 0x08, 0x44, 0x08, 0x44, 0x08, 0x86, 0x10,
    0x86, 0x08, 0x44, 0x08, 0x44, 0x08, 0x44, 0x08, 0x44, 0x08, 0x44, 0x08, 0x44, 0x08, 0x44, 0x08,
    0x44, 0x08, 0x44, 0x08, 0x44, 0x08, 0x44, 0x08, 0x64, 0x08, 0xa7, 0x10, 0x44, 0x08, 0x44, 0x08,
    0x44, 0x00, 0x44, 0x08, 0x43, 0x00, 0x44, 0x08, 0x43, 0x00, 0x43, 0x08, 0x43, 0x00, 0x44, 0x08,
    0x43, 0x00, 0x43, 0x08, 0x86, 0x08, 0x85, 0x08, 0x23, 0x00, 0x43, 0x08, 0x23, 0x00, 0x43, 0x08,
    0x23, 0x00, 0x43, 0x08, 0x23, 0x00, 0x43, 0x08, 0x23, 0x00, 0x43, 0x08, 0x23, 0x00, 0x44, 0x08,
    0x86, 0x10, 0x44, 0x08, 0x23, 0x00, 0x43, 0x00, 0x23, 0x00, 0x23, 0x00, 0x23, 0x00, 0x23, 0x00,
    0x23, 0x00, 0x23, 0x00, 0x23, 0x00, 0x23, 0x00, 0x23, 0x00, 0x44, 0x08, 0x66, 0x08, 0x43, 0x00,
    0x22, 0x00, 0x23, 0x00, 0x22, 0x00, 0x23, 0x00, 0x22, 0x00, 0x22, 0x00, 0x22, 0x00, 0x22, 0x00,
    0x02, 0x00, 0x22, 0x00, 0x22, 0x00, 0x44, 0x08, 0x65, 0x08, 0x23, 0x00, 0x22, 0x00, 0x22, 0x00,
    0x02, 0x00, 0x22, 0x00, 0x22, 0x00, 0x22, 0x00, 0x02, 0x00, 0x22, 0x00, 0x22, 0x00, 0x22, 0x00,
    0x02, 0x00, 0x23, 0x08, 0x86, 0x10, 0x23, 0x08, 0x02, 0x00, 0x22, 0x00, 0x22, 0x00, 0x22, 0x00,
    0x22, 0x00, 0x22, 0x00, 0x22, 0x00, 0x22, 0x00, 0x22, 0x00, 0x22, 0x00, 0x22, 0x00, 0x22, 0x00,
    0x65, 0x08, 0x44, 0x08, 0x22, 0x00, 0x22, 0x00, 0x22, 0x00, 0x22, 0x00, 0x22, 0x00, 0x22, 0x00,
    0x22, 0x00, 0x22, 0x00, 0x22, 0x00, 0x22, 0x00, 0x22, 0x00, 0x22, 0x00, 0x44, 0x08, 0x65, 0x08,
    0x23, 0x00, 0x22, 0x00, 0x22, 0x00, 0x22, 0x00, 0x22, 0x00, 0x22, 0x00, 0x22, 0x00, 0x22, 0x00,
    0x22, 0x00, 0x22, 0x00, 0x22, 0x00, 0x22, 0x00, 0x22, 0x00, 0x65, 0x08, 0x44, 0x08, 0x22, 0x00,
    0x22, 0x00, 0x22, 0x00, 0x22, 0x00, 0x22, 0x00, 0x22, 0x00, 0x22, 0x00, 0x22, 0x00, 0x22, 0x00,
    0x22, 0x00, 0x22, 0x00, 0x22, 0x00, 0x23, 0x00, 0x65, 0x08, 0x44, 0x08, 0x22, 0x00, 0x22, 0x00,
    0x22, 0x00, 0x22, 0x00, 0x22, 0x00, 0x22, 0x00, 0x22, 0x00, 0x22, 0x00, 0x22, 0x00, 0x22, 0x00,
    0x22, 0x00, 0x22, 0x00, 0x23, 0x00, 0x65, 0x08, 0x44, 0x08, 0x22, 0x00, 0x22, 0x00, 0x22, 0x00,
    0x22, 0x00, 0x22, 0x00, 0x22, 0x00, 0x22, 0x00, 0x22, 0x00, 0x22, 0x00, 0x22, 0x00, 0x22, 0x00,
    0x22, 0x00, 0x22, 0x00, 0x65, 0x08, 0x65, 0x08, 0x22, 0x00, 0x22, 0x00, 0x22, 0x00, 0x22, 0x00,
    0x22, 0x00, 0x22, 0x00, 0x22, 0x00, 0x22, 0x00, 0x02, 0x00, 0x22, 0x00, 0x22, 0x00, 0x22, 0x00,
    0x02, 0x00, 0x44, 0x08, 0x65, 0x08, 0x23, 0x08, 0x02, 0x00, 0x22, 0x00, 0x22, 0x00, 0x22, 0x00,
    0x02, 0x00, 0x22, 0x00, 0x22, 0x00, 0x22, 0x00, 0x02, 0x00, 0x22, 0x00, 0x22, 0x00, 0x22, 0x00,
    0x02, 0x00, 0x65, 0x08, 0x44, 0x08, 0x22, 0x00, 0x02, 0x00, 0x22, 0x00, 0x02, 0x00, 0x22, 0x00,
    0x02, 0x00, 0x22, 0x00, 0x02, 0x00, 0x22, 0x00, 0x02, 0x00, 0x22, 0x00, 0x02, 0x00, 0x22, 0x00,
    0x23, 0x00, 0x65, 0x08, 0x44, 0x08, 0x22, 0x00, 0x02, 0x00, 0x22, 0x00, 0x02, 0x00, 0x22, 0x00,
    0x02, 0x00, 0x22, 0x00, 0x02, 0x00, 0x22, 0x00, 0x02, 0x00, 0x22, 0x00, 0x02, 0x00, 0x22, 0x00,
    0x23, 0x00, 0x65, 0x08, 0x44, 0x08, 0x22, 0x00, 0x02, 0x00, 0x22, 0x00, 0x02, 0x00, 0x22, 0x00,
    0x02, 0x00, 0x22, 0x00, 0x02, 0x00, 0x22, 0x00, 0x02, 0x00, 0x22, 0x00, 0x02, 0x00, 0x02, 0x00,
    0x02, 0x00, 0x65, 0x08, 0x44, 0x08, 0x02, 0x00, 0x02, 0x00, 0x02, 0x00, 0x02, 0x00, 0x02, 0x00,
    0x02, 0x00, 0x02, 0x00, 0x02, 0x00, 0x02, 0x00, 0x02, 0x00, 0x02, 0x00, 0x02, 0x00, 0x02, 0x00,
    0x22, 0x00, 0x22, 0x00, 0x22, 0x00, 0x64, 0x08, 0x64, 0x08, 0x22, 0x00, 0x22, 0x00, 0x22, 0x00,
    0x23, 0x00, 0x23, 0x00, 0x23, 0x00, 0x23, 0x00, 0x23, 0x00, 0x23, 0x00, 0x23, 0x00, 0x23, 0x00,
    0x85, 0x08, 0x64, 0x08, 0x43, 0x00, 0x43, 0x00, 0x43, 0x00, 0x43, 0x00, 0x43, 0x08, 0x43, 0x00,
    0x43, 0x08, 0x43, 0x00, 0x43, 0x08, 0x43, 0x08, 0x43, 0x08, 0x86, 0x10, 0x65, 0x08, 0x43, 0x08,
    0x43, 0x08, 0x43, 0x08, 0x44, 0x08, 0x44, 0x08, 0x44, 0x08, 0x44, 0x08, 0x44, 0x08, 0x44, 0x08,
    0x44, 0x08, 0x44, 0x08, 0x87, 0x10, 0x65, 0x08, 0x44, 0x08, 0x44, 0x08, 0x44, 0x08, 0x44, 0x08,
    0x44, 0x08, 0x44, 0x08, 0x44, 0x08, 0x44, 0x08, 0x44, 0x08, 0x44, 0x08, 0x44, 0x08, 0x86, 0x08,
    0x86, 0x08, 0x44, 0x08, 0x44, 0x08, 0x44, 0x08, 0x44, 0x08, 0x44, 0x08, 0x44, 0x08, 0x44, 0x08,
    0x44, 0x08, 0x44, 0x08, 0x44, 0x08, 0x44, 0x08, 0x65, 0x08, 0x87, 0x10, 0x44, 0x08, 0x44, 0x08,
    0x44, 0x08, 0x44, 0x08, 0x44, 0x08, 0x44, 0x08, 0x44, 0x08, 0x43, 0x00, 0x43, 0x08, 0x43, 0x00,
    0x43, 0x08, 0x43, 0x00, 0x86, 0x10, 0x65, 0x08, 0x43, 0x08, 0x43, 0x00, 0x43, 0x08, 0x43, 0x08,
    0x43, 0x08, 0x23, 0x00, 0x43, 0x08, 0x43, 0x08, 0x43, 0x00, 0x23, 0x00, 0x43, 0x08, 0x44, 0x08,
    0x86, 0x10, 0x44, 0x08, 0x43, 0x00, 0x23, 0x00, 0x23, 0x00, 0x23, 0x00, 0x23, 0x00, 0x23, 0x00,
    0x23, 0x00, 0x23, 0x00, 0x23, 0x00, 0x23, 0x00, 0x23, 0x00, 0x44, 0x08, 0x86, 0x08, 0x23, 0x00,
    0x23, 0x00, 0x22, 0x00, 0x23, 0x00, 0x23, 0x00, 0x22, 0x00, 0x22, 0x00, 0x22, 0x00, 0x22, 0x00,
    0x22, 0x00, 0x22, 0x00, 0x22, 0x00, 0x44, 0x08, 0x65, 0x08, 0x23, 0x00, 0x22, 0x00, 0x22, 0x00,
    0x22, 0x00, 0x22, 0x00, 0x22, 0x00, 0x22, 0x00, 0x22, 0x00, 0x22, 0x00, 0x22, 0x00, 0x22, 0x00,
    0x22, 0x00, 0x43, 0x08, 0x86, 0x08, 0x23, 0x08, 0x22, 0x00, 0x22, 0x00, 0x22, 0x00, 0x22, 0x00,
    0x22, 0x00, 0x22, 0x00, 0x22, 0x00, 0x22, 0x00, 0x22, 0x00, 0x22, 0x00, 0x22, 0x00, 0x22, 0x00,
    0x65, 0x08, 0x44, 0x08, 0x22, 0x00, 0x22, 0x00, 0x22, 0x00, 0x22, 0x00, 0x22, 0x00, 0x22, 0x00,
    0x22, 0x00, 0x22, 0x00, 0x22, 0x00, 0x22, 0x00, 0x22, 0x00, 0x22, 0x00, 0x44, 0x08, 0x65, 0x08,
    0x23, 0x00, 0x22, 0x00, 0x22, 0x00, 0x22, 0x00, 0x22, 0x00, 0x22, 0x00, 0x22, 0x00, 0x22, 0x00,
    0x22, 0x00, 0x22, 0x00, 0x22, 0x00, 0x22, 0x00, 0x22, 0x00, 0x65, 0x08, 0x44, 0x08, 0x22, 0x00,
    0x22, 0x00, 0x22, 0x00, 0x22, 0x00, 0x22, 0x00, 0x22, 0x00, 0x22, 0x00, 0x22, 0x00, 0x22, 0x00,
    0x22, 0x00, 0x22, 0x00, 0x22, 0x00, 0x23, 0x00, 0x65, 0x08, 0x44, 0x08, 0x22, 0x00, 0x22, 0x00,
    0x22, 0x00, 0x22, 0x00, 0x22, 0x00, 0x22, 0x00, 0x22, 0x00, 0x22, 0x00, 0x22, 0x00, 0x22, 0x00,
    0x22, 0x00, 0x22, 0x00, 0x23, 0x00, 0x65, 0x08, 0x44, 0x08, 0x22, 0x00, 0x22, 0x00, 0x22, 0x00,
    0x22, 0x00, 0x22, 0x00, 0x22, 0x00, 0x22, 0x00, 0x22, 0x00, 0x22, 0x00, 0x22, 0x00, 0x22, 0x00,
    0x22, 0x00, 0x22, 0x00, 0x65, 0x08, 0x65, 0x08, 0x22, 0x00, 0x22, 0x00, 0x22, 0x00, 0x22, 0x00,
    0x22, 0x00, 0x22, 0x00, 0x22, 0x00, 0x22, 0x00, 0x22, 0x00, 0x22, 0x00, 0x22, 0x00, 0x22, 0x00,
    0x22, 0x00, 0x43, 0x08, 0x86, 0x08, 0x23, 0x08, 0x22, 0x00, 0x22, 0x00, 0x22, 0x00, 0x22, 0x00,
    0x22, 0x00, 0x22, 0x00, 0x22, 0x00, 0x22, 0x00, 0x22, 0x00, 0x22, 0x00, 0x22, 0x00, 0x22, 0x00,
    0x22, 0x00, 0x64, 0x08, 0x65, 0x08, 0x22, 0x00, 0x22, 0x00, 0x22, 0x00, 0x22, 0x00, 0x22, 0x00,
    0x22, 0x00, 0x22, 0x00, 0x22, 0x00, 0x22, 0x00, 0x22, 0x00, 0x02, 0x00, 0x22, 0x00, 0x22, 0x00,
    0x22, 0x00, 0x65, 0x08, 0x44, 0x08, 0x22, 0x00, 0x22, 0x00, 0x02, 0x00, 0x22, 0x00, 0x22, 0x00,
    0x22, 0x00, 0x02, 0x00, 0x22, 0x00, 0x22, 0x00, 0x22, 0x00, 0x02, 0x00, 0x22, 0x00, 0x02, 0x00,
    0x22, 0x00, 0x65, 0x08, 0x44, 0x08, 0x02, 0x00, 0x22, 0x00, 0x02, 0x00, 0x22, 0x00, 0x02, 0x00,
    0x02, 0x00, 0x02, 0x00, 0x22, 0x00, 0x02, 0x00, 0x02, 0x00, 0x02, 0x00, 0x02, 0x00, 0x02, 0x00,
    0x02, 0x00, 0x44, 0x08, 0x44, 0x08, 0x02, 0x00, 0x02, 0x00, 0x02, 0x00, 0x02, 0x00, 0x02, 0x00,
    0x02, 0x00, 0x02, 0x00, 0x02, 0x00, 0x02, 0x00, 0x02, 0x00, 0x02, 0x00, 0x02, 0x00, 0x02, 0x00,
    0x22, 0x00, 0x22, 0x00, 0x22, 0x00, 0x65, 0x08, 0x44, 0x08, 0x22, 0x00, 0x22, 0x00, 0x22, 0x00,
    0x22, 0x00, 0x23, 0x00, 0x22, 0x00, 0x23, 0x00, 0x22, 0x00, 0x23, 0x00, 0x22, 0x00, 0x23, 0x00,
    0x86, 0x08, 0x64, 0x08, 0x43, 0x00, 0x43, 0x08, 0x43, 0x00, 0x43, 0x08, 0x43, 0x00, 0x43, 0x08,
    0x43, 0x00, 0x43, 0x08, 0x43, 0x00, 0x43, 0x08, 0x43, 0x08, 0xa7, 0x10, 0x44, 0x08, 0x43, 0x08,
    0x43, 0x08, 0x43, 0x08, 0x43, 0x08, 0x43, 0x08, 0x43, 0x08, 0x44, 0x08, 0x43, 0x08, 0x44, 0x08,
    0x43, 0x08, 0x64, 0x08, 0x86, 0x10, 0x65, 0x08, 0x43, 0x08, 0x64, 0x08, 0x43, 0x08, 0x64, 0x08,
    0x44, 0x08, 0x64, 0x08, 0x44, 0x08, 0x64, 0x08, 0x44, 0x08, 0x64, 0x08, 0x44, 0x08, 0xa6, 0x10,
    0x65, 0x08, 0x64, 0x08, 0x44, 0x08, 0x64, 0x08, 0x43, 0x08, 0x44, 0x08, 0x43, 0x08, 0x44, 0x08,
    0x43, 0x08, 0x44, 0x08, 0x43, 0x08, 0x44, 0x08, 0x65, 0x08, 0xa6, 0x10, 0x43, 0x08, 0x43, 0x08,
    0x43, 0x08, 0x43, 0x08, 0x43, 0x00, 0x43, 0x08, 0x43, 0x00, 0x43, 0x08, 0x43, 0x00, 0x43, 0x08,
    0x43, 0x00, 0x43, 0x08, 0x86, 0x10, 0x65, 0x08, 0x43, 0x00, 0x43, 0x08, 0x43, 0x00, 0x43, 0x08,
    0x23, 0x00, 0x43, 0x08, 0x23, 0x00, 0x43, 0x08, 0x23, 0x00, 0x43, 0x08, 0x23, 0x00, 0x64, 0x08,
    0x86, 0x10, 0x44, 0x08, 0x23, 0x00, 0x43, 0x00, 0x23, 0x00, 0x23, 0x00, 0x23, 0x00, 0x23, 0x00,
    0x23, 0x00, 0x23, 0x00, 0x23, 0x00, 0x23, 0x00, 0x22, 0x00, 0x44, 0x08, 0x65, 0x08, 0x23, 0x00,
    0x22, 0x00, 0x23, 0x00, 0x22, 0x00, 0x22, 0x00, 0x22, 0x00, 0x22, 0x00, 0x22, 0x00, 0x22, 0x00,
    0x02, 0x00, 0x22, 0x00, 0x02, 0x00, 0x44, 0x08, 0x65, 0x08, 0x22, 0x00, 0x02, 0x00, 0x22, 0x00,
    0x22, 0x00, 0x22, 0x00, 0x02, 0x00, 0x22, 0x00, 0x22, 0x00, 0x22, 0x00, 0x02, 0x00, 0x22, 0x00,
    0x22, 0x00, 0x43, 0x08, 0x86, 0x08, 0x23, 0x08, 0x22, 0x00, 0x22, 0x00, 0x22, 0x00, 0x22, 0x00,
    0x22, 0x00, 0x22, 0x00, 0x22, 0x00, 0x22, 0x00, 0x22, 0x00, 0x22, 0x00, 0x22, 0x00, 0x22, 0x00,
    0x65, 0x08, 0x44, 0x08, 0x22, 0x00, 0x22, 0x00, 0x22, 0x00, 0x22, 0x00, 0x22, 0x00, 0x22, 0x00,
    0x22, 0x00, 0x22, 0x00, 0x22, 0x00, 0x22, 0x00, 0x22, 0x00, 0x22, 0x00, 0x44, 0x08, 0x65, 0x08,
    0x22, 0x00, 0x22, 0x00, 0x22, 0x00, 0x22, 0x00, 0x22, 0x00, 0x22, 0x00, 0x22, 0x00, 0x22, 0x00,
    0x22, 0x00, 0x22, 0x00, 0x22, 0x00, 0x22, 0x00, 0x22, 0x00, 0x65, 0x08, 0x44, 0x08, 0x22, 0x00,
    0x22, 0x00, 0x22, 0x00, 0x22, 0x00, 0x22, 0x00, 0x22, 0x00, 0x22, 0x00, 0x22, 0x00, 0x22, 0x00,
    0x22, 0x00, 0x22, 0x00, 0x22, 0x00, 0x22, 0x00, 0x65, 0x08, 0x44, 0x08, 0x22, 0x00, 0x22, 0x00,
    0x22, 0x00, 0x22, 0x00, 0x22, 0x00, 0x22, 0x00, 0x22, 0x00, 0x22, 0x00, 0x22, 0x00, 0x22, 0x00,
    0x22, 0x00, 0x22, 0x00, 0x22, 0x00, 0x65, 0x08, 0x44, 0x08, 0x22, 0x00, 0x22, 0x00, 0x22, 0x00,
    0x22, 0x00, 0x22, 0x00, 0x22, 0x00, 0x22, 0x00, 0x22, 0x00, 0x22, 0x00, 0x22, 0x00, 0x22, 0x00,
    0x22, 0x00, 0x22, 0x00, 0x44, 0x08, 0x65, 0x08, 0x22, 0x00, 0x22, 0x00, 0x22, 0x00, 0x22, 0x00,
    0x22, 0x00, 0x22, 0x00, 0x22, 0x00, 0x22, 0x00, 0x22, 0x00, 0x22, 0x00, 0x02, 0x00, 0x22, 0x00,
    0x22, 0x00, 0x43, 0x08, 0x66, 0x08, 0x43, 0x08, 0x22, 0x00, 0x22, 0x00, 0x02, 0x00, 0x22, 0x00,
    0x02, 0x00, 0x22, 0x00, 0x02, 0x00, 0x22, 0x00, 0x02, 0x00, 0x22, 0x00, 0x02, 0x00, 0x22, 0x00,
    0x02, 0x00, 0x44, 0x08, 0x65, 0x08, 0x22, 0x00, 0x02, 0x00, 0x22, 0x00, 0x02, 0x00, 0x22, 0x00,
    0x02, 0x00, 0x22, 0x00, 0x02, 0x00, 0x22, 0x00, 0x02, 0x00, 0x22, 0x00, 0x02, 0x00, 0x22, 0x00,
    0x02, 0x00, 0x65, 0x08, 0x44, 0x08, 0x22, 0x00, 0x02, 0x00, 0x22, 0x00, 0x02, 0x00, 0x22, 0x00,
    0x02, 0x00, 0x22, 0x00, 0x02, 0x00, 0x22, 0x00, 0x02, 0x00, 0x22, 0x00, 0x02, 0x00, 0x22, 0x00,
    0x02, 0x00, 0x65, 0x08, 0x44, 0x08, 0x22, 0x00, 0x02, 0x00, 0x22, 0x00, 0x02, 0x00, 0x22, 0x00,
    0x02, 0x00, 0x22, 0x00, 0x02, 0x00, 0x22, 0x00, 0x02, 0x00, 0x22, 0x00, 0x02, 0x00, 0x02, 0x00,
    0x02, 0x00, 0x44, 0x08, 0x64, 0x08, 0x22, 0x00, 0x02, 0x00, 0x02, 0x00, 0x02, 0x00, 0x02, 0x00,
    0x02, 0x00, 0x02, 0x00, 0x02, 0x00, 0x02, 0x00, 0x02, 0x00, 0x02, 0x00, 0x01, 0x00, 0x02, 0x00,
    0x22, 0x00, 0x22, 0x00, 0x22, 0x00, 0x65, 0x08, 0x44, 0x08, 0x22, 0x00, 0x22, 0x00, 0x22, 0x00,
    0x23, 0x00, 0x23, 0x00, 0x23, 0x00, 0x23, 0x00, 0x23, 0x00, 0x23, 0x00, 0x23, 0x00, 0x43, 0x08,
    0x86, 0x08, 0x44, 0x08, 0x43, 0x00, 0x43, 0x00, 0x43, 0x08, 0x43, 0x00, 0x43, 0x08, 0x43, 0x08,
    0x43, 0x08, 0x43, 0x08, 0x43, 0x08, 0x43, 0x08, 0x64, 0x08, 0xa7, 0x10, 0x64, 0x08, 0x44, 0x08,
    0x44, 0x08, 0x44, 0x08, 0x44, 0x08, 0x44, 0x08, 0x44, 0x08, 0x44, 0x08, 0x44, 0x08, 0x44, 0x08,
    0x44, 0x08, 0x64, 0x08, 0xa7, 0x10, 0x64, 0x08, 0x44, 0x08, 0x44, 0x08, 0x44, 0x08, 0x44, 0x08,
    0x44, 0x08, 0x44, 0x08, 0x44, 0x08, 0x44, 0x08, 0x44, 0x08, 0x44, 0x08, 0x44, 0x08, 0xa7, 0x10,
    0x85, 0x08, 0x44, 0x08, 0x44, 0x08, 0x44, 0x08, 0x44, 0x08, 0x44, 0x08, 0x44, 0x08, 0x44, 0x08,
    0x44, 0x08, 0x44, 0x08, 0x44, 0x08, 0x44, 0x08, 0x86, 0x08, 0x86, 0x08, 0x44, 0x08, 0x44, 0x08,
    0x44, 0x08, 0x44, 0x08, 0x44, 0x08, 0x44, 0x08, 0x44, 0x08, 0x44, 0x08, 0x44, 0x08, 0x44, 0x00,
    0x44, 0x08, 0x44, 0x08, 0xa6, 0x10, 0x65, 0x08, 0x43, 0x08, 0x43, 0x00, 0x43, 0x08, 0x43, 0x00,
    0x43, 0x08, 0x43, 0x00, 0x43, 0x08, 0x23, 0x00, 0x43, 0x08, 0x23, 0x00, 0x43, 0x08, 0x44, 0x08,
    0x86, 0x10, 0x43, 0x08, 0x43, 0x00, 0x23, 0x00, 0x23, 0x00, 0x23, 0x00, 0x23, 0x00, 0x23, 0x00,
    0x23, 0x00, 0x23, 0x00, 0x23, 0x00, 0x23, 0x00, 0x23, 0x00, 0x64, 0x08, 0x85, 0x08, 0x23, 0x00,
    0x23, 0x00, 0x22, 0x00, 0x23, 0x00, 0x22, 0x00, 0x23, 0x00, 0x22, 0x00, 0x22, 0x00, 0x22, 0x00,
    0x22, 0x00, 0x22, 0x00, 0x22, 0x00, 0x44, 0x08, 0x65, 0x08, 0x22, 0x00, 0x22, 0x00, 0x22, 0x00,
    0x22, 0x00, 0x22, 0x00, 0x22, 0x00, 0x22, 0x00, 0x22, 0x00, 0x22, 0x00, 0x22, 0x00, 0x22, 0x00,
    0x22, 0x00, 0x43, 0x08, 0x86, 0x08, 0x23, 0x00, 0x22, 0x00, 0x22, 0x00, 0x22, 0x00, 0x22, 0x00,
    0x22, 0x00, 0x22, 0x00, 0x22, 0x00, 0x22, 0x00, 0x22, 0x00, 0x22, 0x00, 0x22, 0x00, 0x22, 0x00,
    0x65, 0x08, 0x44, 0x08, 0x22, 0x00, 0x22, 0x00, 0x22, 0x00, 0x22, 0x00, 0x22, 0x00, 0x22, 0x00,
    0x22, 0x00, 0x22, 0x00, 0x22, 0x00, 0x22, 0x00, 0x22, 0x00, 0x22, 0x00, 0x44, 0x08, 0x65, 0x08,
    0x23, 0x00, 0x22, 0x00, 0x22, 0x00, 0x22, 0x00, 0x22, 0x00, 0x22, 0x00, 0x22, 0x00, 0x22, 0x00,
    0x22, 0x00, 0x22, 0x00, 0x22, 0x00, 0x22, 0x00, 0x22, 0x00, 0x65, 0x08, 0x45, 0x08, 0x22, 0x00,
    0x22, 0x00, 0x22, 0x00, 0x22, 0x00, 0x22, 0x00, 0x22, 0x00, 0x22, 0x00, 0x22, 0x00, 0x22, 0x00,
    0x22, 0x00, 0x22, 0x00, 0x22, 0x00, 0x22, 0x00, 0x65, 0x08, 0x44, 0x08, 0x22, 0x00, 0x22, 0x00,
    0x22, 0x00, 0x22, 0x00, 0x22, 0x00, 0x22, 0x00, 0x22, 0x00, 0x22, 0x00, 0x22, 0x00, 0x22, 0x00,
    0x22, 0x00, 0x22, 0x00, 0x22, 0x00, 0x65, 0x08, 0x44, 0x08, 0x22, 0x00, 0x22, 0x00, 0x22, 0x00,
    0x22, 0x00, 0x22, 0x00, 0x22, 0x00, 0x22, 0x00, 0x22, 0x00, 0x22, 0x00, 0x22, 0x00, 0x22, 0x00,
    0x22, 0x00, 0x22, 0x00, 0x44, 0x08, 0x65, 0x08, 0x22, 0x00, 0x22, 0x00, 0x22, 0x00, 0x22, 0x00,
    0x22, 0x00, 0x22, 0x00, 0x22, 0x00, 0x22, 0x00, 0x22, 0x00, 0x22, 0x00, 0x22, 0x00, 0x22, 0x00,
    0x22, 0x00, 0x23, 0x08, 0x86, 0x08, 0x44, 0x08, 0x22, 0x00, 0x22, 0x00, 0x22, 0x00, 0x22, 0x00,
    0x22, 0x00, 0x22, 0x00, 0x22, 0x00, 0x22, 0x00, 0x22, 0x00, 0x22, 0x00, 0x22, 0x00, 0x22, 0x00,
    0x22, 0x00, 0x44, 0x08, 0x65, 0x08, 0x23, 0x00, 0x22, 0x00, 0x22, 0x00, 0x22, 0x00, 0x22, 0x00,
    0x22, 0x00, 0x22, 0x00, 0x22, 0x00, 0x22, 0x00, 0x22, 0x00, 0x22, 0x00, 0x22, 0x00, 0x02, 0x00,
    0x22, 0x00, 0x64, 0x08, 0x65, 0x08, 0x02, 0x00, 0x22, 0x00, 0x02, 0x00, 0x22, 0x00, 0x02, 0x00,
    0x22, 0x00, 0x02, 0x00, 0x22, 0x00, 0x02, 0x00, 0x22, 0x00, 0x02, 0x00, 0x22, 0x00, 0x02, 0x00,
    0x22, 0x00, 0x44, 0x08, 0x65, 0x08, 0x02, 0x00, 0x22, 0x00, 0x02, 0x00, 0x22, 0x00, 0x02, 0x00,
    0x22, 0x00, 0x02, 0x00, 0x22, 0x00, 0x02, 0x00, 0x22, 0x00, 0x02, 0x00, 0x02, 0x00, 0x02, 0x00,
    0x02, 0x00, 0x43, 0x08, 0x65, 0x08, 0x22, 0x00, 0x02, 0x00, 0x02, 0x00, 0x02, 0x00, 0x02, 0x00,
    0x02, 0x00, 0x02, 0x00, 0x02, 0x00, 0x02, 0x00, 0x02, 0x00, 0x02, 0x00, 0x02, 0x00, 0x02, 0x00,
    0x22, 0x00, 0x22, 0x00, 0x23, 0x00, 0x86, 0x08, 0x23, 0x00, 0x23, 0x00, 0x22, 0x00, 0x23, 0x00,
    0x22, 0x00, 0x23, 0x00, 0x23, 0x00, 0x23, 0x00, 0x23, 0x00, 0x23, 0x00, 0x23, 0x00, 0x44, 0x08,
    0x86, 0x08, 0x43, 0x08, 0x23, 0x00, 0x43, 0x08, 0x23, 0x00, 0x43, 0x08, 0x43, 0x00, 0x43, 0x08,
    0x43, 0x00, 0x43, 0x08, 0x43, 0x08, 0x44, 0x08, 0x64, 0x08, 0x86, 0x10, 0x44, 0x08, 0x44, 0x08,
    0x44, 0x08, 0x44, 0x08, 0x44, 0x08, 0x44, 0x08, 0x44, 0x08, 0x44, 0x08, 0x44, 0x08, 0x64, 0x08,
    0x44, 0x08, 0x65, 0x08, 0xa7, 0x10, 0x64, 0x08, 0x44, 0x08, 0x44, 0x08, 0x44, 0x08, 0x64, 0x08,
    0x44, 0x08, 0x44, 0x08, 0x44, 0x08, 0x64, 0x08, 0x44, 0x08, 0x64, 0x08, 0x64, 0x08, 0xa7, 0x10,
    0x65, 0x08, 0x64, 0x08, 0x44, 0x08, 0x64, 0x08, 0x44, 0x08, 0x64, 0x08, 0x44, 0x08, 0x64, 0x08,
    0x44, 0x08, 0x64, 0x08, 0x44, 0x08, 0x64, 0x08, 0x86, 0x08, 0x86, 0x10, 0x44, 0x08, 0x44, 0x08,
    0x44, 0x08, 0x44, 0x08, 0x44, 0x08, 0x44, 0x08, 0x43, 0x00, 0x44, 0x08, 0x44, 0x08, 0x44, 0x08,
    0x43, 0x00, 0x64, 0x08, 0x87, 0x10, 0x65, 0x08, 0x43, 0x00, 0x44, 0x08, 0x43, 0x00, 0x43, 0x08,
    0x23, 0x00, 0x43, 0x08, 0x23, 0x00, 0x43, 0x08, 0x23, 0x00, 0x43, 0x08, 0x23, 0x00, 0x65, 0x08,
    0x86, 0x08, 0x43, 0x08, 0x23, 0x00, 0x43, 0x08, 0x23, 0x00, 0x43, 0x00, 0x23, 0x00, 0x23, 0x00,
    0x23, 0x00, 0x23, 0x00, 0x23, 0x00, 0x23, 0x00, 0x23, 0x00, 0x65, 0x08, 0x65, 0x08, 0x23, 0x00,
    0x23, 0x00, 0x23, 0x00, 0x22, 0x00, 0x23, 0x00, 0x22, 0x00, 0x23, 0x00, 0x22, 0x00, 0x23, 0x00,
    0x02, 0x00, 0x22, 0x00, 0x02, 0x00, 0x44, 0x08, 0x65, 0x08, 0x22, 0x00, 0x22, 0x00, 0x22, 0x00,
    0x02, 0x00, 0x22, 0x00, 0x22, 0x00, 0x22, 0x00, 0x02, 0x00, 0x22, 0x00, 0x22, 0x00, 0x22, 0x00,
    0x02, 0x00, 0x43, 0x08, 0x85, 0x08, 0x23, 0x00, 0x02, 0x00, 0x22, 0x00, 0x22, 0x00, 0x22, 0x00,
    0x02, 0x00, 0x22, 0x00, 0x22, 0x00, 0x22, 0x00, 0x22, 0x00, 0x22, 0x00, 0x22, 0x00, 0x23, 0x00,
    0x65, 0x08, 0x44, 0x08, 0x22, 0x00, 0x22, 0x00, 0x22, 0x00, 0x22, 0x00, 0x22, 0x00, 0x22, 0x00,
    0x22, 0x00, 0x22, 0x00, 0x22, 0x00, 0x22, 0x00, 0x22, 0x00, 0x22, 0x00, 0x44, 0x08, 0x65, 0x08,
    0x23, 0x00, 0x22, 0x00, 0x22, 0x00, 0x22, 0x00, 0x22, 0x00, 0x22, 0x00, 0x22, 0x00, 0x22, 0x00,
    0x22, 0x00, 0x22, 0x00, 0x22, 0x00, 0x22, 0x00, 0x22, 0x00, 0x65, 0x08, 0x64, 0x08, 0x22, 0x00,
    0x22, 0x00, 0x22, 0x00, 0x22, 0x00, 0x22, 0x00, 0x22, 0x00, 0x22, 0x00, 0x22, 0x00, 0x22, 0x00,
    0x22, 0x00, 0x22, 0x00, 0x22, 0x00, 0x22, 0x00, 0x65, 0x08, 0x44, 0x08, 0x22, 0x00, 0x22, 0x00,
    0x22, 0x00, 0x22, 0x00, 0x22, 0x00, 0x22, 0x00, 0x22, 0x00, 0x22, 0x00, 0x22, 0x00, 0x22, 0x00,
    0x22, 0x00, 0x22, 0x00, 0x22, 0x00, 0x65, 0x08, 0x44, 0x08, 0x22, 0x00, 0x22, 0x00, 0x22, 0x00,
    0x02, 0x00, 0x22, 0x00, 0x22, 0x00, 0x22, 0x00, 0x22, 0x00, 0x22, 0x00, 0x22, 0x00, 0x22, 0x00,
    0x02, 0x00, 0x22, 0x00, 0x44, 0x08, 0x65, 0x08, 0x23, 0x00, 0x22, 0x00, 0x22, 0x00, 0x22, 0x00,
    0x02, 0x00, 0x22, 0x00, 0x22, 0x00, 0x22, 0x00, 0x02, 0x00, 0x22, 0x00, 0x22, 0x00, 0x22, 0x00,
    0x02, 0x00, 0x23, 0x00, 0x65, 0x08, 0x44, 0x08, 0x02, 0x00, 0x22, 0x00, 0x22, 0x00, 0x22, 0x00,
    0x02, 0x00, 0x22, 0x00, 0x02, 0x00, 0x22, 0x00, 0x02, 0x00, 0x22, 0x00, 0x22, 0x00, 0x22, 0x00,
    0x02, 0x00, 0x44, 0x08, 0x65, 0x08, 0x23, 0x00, 0x02, 0x00, 0x22, 0x00, 0x02, 0x00, 0x22, 0x00,
    0x02, 0x00, 0x22, 0x00, 0x02, 0x00, 0x22, 0x00, 0x02, 0x00, 0x22, 0x00, 0x02, 0x00, 0x22, 0x00,
    0x02, 0x00, 0x44, 0x08, 0x65, 0x08, 0x22, 0x00, 0x02, 0x00, 0x22, 0x00, 0x02, 0x00, 0x22, 0x00,
    0x02, 0x00, 0x22, 0x00, 0x02, 0x00, 0x22, 0x00, 0x02, 0x00, 0x22, 0x00, 0x02, 0x00, 0x22, 0x00,
    0x02, 0x00, 0x44, 0x08, 0x65, 0x08, 0x23, 0x00, 0x02, 0x00, 0x22, 0x00, 0x02, 0x00, 0x22, 0x00,
    0x02, 0x00, 0x22, 0x00, 0x02, 0x00, 0x22, 0x00, 0x02, 0x00, 0x02, 0x00, 0x02, 0x00, 0x02, 0x00,
    0x02, 0x00, 0x43, 0x08, 0x65, 0x08, 0x23, 0x00, 0x02, 0x00, 0x02, 0x00, 0x02, 0x00, 0x02, 0x00,
    0x02, 0x00, 0x02, 0x00, 0x02, 0x00, 0x02, 0x00, 0x02, 0x00, 0x02, 0x00, 0x02, 0x00, 0x02, 0x00,
    0x22, 0x00, 0x22, 0x00, 0x43, 0x08, 0x85, 0x08, 0x23, 0x00, 0x22, 0x00, 0x22, 0x00, 0x22, 0x00,
    0x22, 0x00, 0x22, 0x00, 0x23, 0x00, 0x23, 0x00, 0x23, 0x00, 0x23, 0x00, 0x23, 0x00, 0x64, 0x08,
    0x85, 0x08, 0x23, 0x00, 0x43, 0x00, 0x43, 0x08, 0x43, 0x08, 0x43, 0x08, 0x43, 0x08, 0x43, 0x08,
    0x43, 0x08, 0x43, 0x08, 0x43, 0x08, 0x43, 0x08, 0x65, 0x08, 0x86, 0x10, 0x43, 0x08, 0x43, 0x08,
    0x43, 0x08, 0x43, 0x08, 0x43, 0x08, 0x43, 0x08, 0x44, 0x08, 0x44, 0x08, 0x44, 0x08, 0x44, 0x08,
    0x44, 0x08, 0x65, 0x08, 0xa7, 0x10, 0x44, 0x08, 0x44, 0x08, 0x44, 0x08, 0x44, 0x08, 0x44, 0x08,
    0x44, 0x08, 0x44, 0x08, 0x44, 0x08, 0x44, 0x08, 0x44, 0x08, 0x44, 0x08, 0x64, 0x08, 0xa7, 0x10,
    0x65, 0x08, 0x44, 0x08, 0x44, 0x08, 0x44, 0x08, 0x44, 0x08, 0x44, 0x08, 0x64, 0x08, 0x44, 0x08,
    0x44, 0x08, 0x44, 0x08, 0x44, 0x08, 0x44, 0x08, 0x86, 0x10, 0x86, 0x08, 0x44, 0x08, 0x44, 0x08,
    0x44, 0x08, 0x44, 0x08, 0x44, 0x08, 0x43, 0x08, 0x43, 0x08, 0x43, 0x08, 0x43, 0x08, 0x43, 0x08,
    0x43, 0x08, 0x44, 0x08, 0xa7, 0x10, 0x44, 0x08, 0x43, 0x08, 0x43, 0x00, 0x43, 0x08, 0x43, 0x08,
    0x43, 0x08, 0x43, 0x00, 0x43, 0x08, 0x43, 0x00, 0x43, 0x08, 0x23, 0x00, 0x43, 0x08, 0x65, 0x08,
    0x86, 0x10, 0x23, 0x00, 0x43, 0x00, 0x43, 0x00, 0x43, 0x00, 0x23, 0x00, 0x23, 0x00, 0x23, 0x00,
    0x23, 0x00, 0x23, 0x00, 0x23, 0x00, 0x23, 0x00, 0x23, 0x00, 0x64, 0x08, 0x65, 0x08, 0x22, 0x00,
    0x22, 0x00, 0x22, 0x00, 0x22, 0x00, 0x22, 0x00, 0x22, 0x00, 0x22, 0x00, 0x22, 0x00, 0x22, 0x00,
    0x22, 0x00, 0x22, 0x00, 0x22, 0x00, 0x44, 0x08, 0x65, 0x08, 0x22, 0x00, 0x22, 0x00, 0x22, 0x00,
    0x22, 0x00, 0x22, 0x00, 0x22, 0x00, 0x22, 0x00, 0x22, 0x00, 0x22, 0x00, 0x22, 0x00, 0x22, 0x00,
    0x22, 0x00, 0x43, 0x08, 0x85, 0x08, 0x23, 0x00, 0x22, 0x00, 0x22, 0x00, 0x22, 0x00, 0x22, 0x00,
    0x22, 0x00, 0x22, 0x00, 0x22, 0x00, 0x22, 0x00, 0x22, 0x00, 0x22, 0x00, 0x22, 0x00, 0x22, 0x00,
    0x65, 0x08, 0x44, 0x08, 0x22, 0x00, 0x22, 0x00, 0x22, 0x00, 0x22, 0x00, 0x22, 0x00, 0x22, 0x00,
    0x22, 0x00, 0x22, 0x00, 0x22, 0x00, 0x22, 0x00, 0x22, 0x00, 0x22, 0x00, 0x44, 0x08, 0x65, 0x08,
    0x22, 0x00, 0x22, 0x00, 0x22, 0x00, 0x22, 0x00, 0x22, 0x00, 0x22, 0x00, 0x22, 0x00, 0x22, 0x00,
    0x22, 0x00, 0x22, 0x00, 0x22, 0x00, 0x22, 0x00, 0x22, 0x00, 0x44, 0x08, 0x65, 0x08, 0x22, 0x00,
    0x22, 0x00, 0x22, 0x00, 0x22, 0x00, 0x22, 0x00, 0x22, 0x00, 0x22, 0x00, 0x22, 0x00, 0x22, 0x00,
    0x22, 0x00, 0x22, 0x00, 0x22, 0x00, 0x22, 0x00, 0x65, 0x08, 0x44, 0x08, 0x22, 0x00, 0x22, 0x00,
    0x22, 0x00, 0x22, 0x00, 0x22, 0x00, 0x22, 0x00, 0x22, 0x00, 0x22, 0x00, 0x22, 0x00, 0x22, 0x00,
    0x22, 0x00, 0x22, 0x00, 0x22, 0x00, 0x64, 0x08, 0x64, 0x08, 0x22, 0x00, 0x22, 0x00, 0x22, 0x00,
    0x22, 0x00, 0x22, 0x00, 0x22, 0x00, 0x22, 0x00, 0x22, 0x00, 0x22, 0x00, 0x22, 0x00, 0x22, 0x00,
    0x22, 0x00, 0x22, 0x00, 0x44, 0x08, 0x65, 0x08, 0x23, 0x00, 0x22, 0x00, 0x22, 0x00, 0x22, 0x00,
    0x22, 0x00, 0x22, 0x00, 0x22, 0x00, 0x22, 0x00, 0x22, 0x00, 0x22, 0x00, 0x22, 0x00, 0x22, 0x00,
    0x22, 0x00, 0x22, 0x00, 0x65, 0x08, 0x44, 0x08, 0x22, 0x00, 0x22, 0x00, 0x22, 0x00, 0x22, 0x00,
    0x22, 0x00, 0x22, 0x00, 0x22, 0x00, 0x22, 0x00, 0x22, 0x00, 0x22, 0x00, 0x22, 0x00, 0x22, 0x00,
    0x22, 0x00, 0x43, 0x08, 0x85, 0x08, 0x23, 0x08, 0x22, 0x00, 0x02, 0x00, 0x22, 0x00, 0x22, 0x00,
    0x22, 0x00, 0x02, 0x00, 0x22, 0x00, 0x22, 0x00, 0x22, 0x00, 0x02, 0x00, 0x22, 0x00, 0x22, 0x00,
    0x22, 0x00, 0x44, 0x08, 0x65, 0x08, 0x23, 0x00, 0x22, 0x00, 0x02, 0x00, 0x22, 0x00, 0x22, 0x00,
    0x22, 0x00, 0x02, 0x00, 0x22, 0x00, 0x02, 0x00, 0x22, 0x00, 0x02, 0x00, 0x22, 0x00, 0x02, 0x00,
    0x02, 0x00, 0x43, 0x08, 0x85, 0x08, 0x23, 0x00, 0x02, 0x00, 0x02, 0x00, 0x22, 0x00, 0x02, 0x00,
    0x02, 0x00, 0x02, 0x00, 0x22, 0x00, 0x02, 0x00, 0x02, 0x00, 0x02, 0x00, 0x02, 0x00, 0x02, 0x00,
    0x02, 0x00, 0x23, 0x00, 0x65, 0x08, 0x23, 0x00, 0x02, 0x00, 0x02, 0x00, 0x02, 0x00, 0x02, 0x00,
    0x02, 0x00, 0x02, 0x00, 0x02, 0x00, 0x02, 0x00, 0x01, 0x00, 0x01, 0x00, 0x02, 0x00, 0x01, 0x00,
    0x22, 0x00, 0x22, 0x00, 0x43, 0x08, 0x65, 0x08, 0x22, 0x00, 0x23, 0x00, 0x22, 0x00, 0x23, 0x00,
    0x22, 0x00, 0x23, 0x00, 0x23, 0x00, 0x23, 0x00, 0x23, 0x00, 0x43, 0x00, 0x23, 0x00, 0x65, 0x08,
    0x65, 0x08, 0x43, 0x00, 0x23, 0x00, 0x43, 0x00, 0x43, 0x00, 0x43, 0x08, 0x43, 0x00, 0x43, 0x08,
    0x43, 0x00, 0x44, 0x08, 0x43, 0x00, 0x44, 0x08, 0x85, 0x08, 0x86, 0x10, 0x43, 0x08, 0x44, 0x08,
    0x44, 0x08, 0x44, 0x08, 0x44, 0x08, 0x44, 0x08, 0x44, 0x08, 0x44, 0x08, 0x44, 0x08, 0x44, 0x08,
    0x44, 0x08, 0x86, 0x08, 0x86, 0x10, 0x64, 0x08, 0x44, 0x08, 0x64, 0x08, 0x44, 0x08, 0x64, 0x08,
    0x44, 0x08, 0x64, 0x08, 0x44, 0x08, 0x64, 0x08, 0x44, 0x08, 0x64, 0x08, 0x65, 0x08, 0xc7, 0x10,
    0x65, 0x08, 0x64, 0x08, 0x44, 0x08, 0x64, 0x08, 0x44, 0x08, 0x64, 0x08, 0x44, 0x08, 0x64, 0x08,
    0x44, 0x08, 0x64, 0x08, 0x44, 0x08, 0x64, 0x08, 0x86, 0x08, 0x86, 0x08, 0x44, 0x08, 0x44, 0x08,
    0x44, 0x08, 0x44, 0x08, 0x44, 0x08, 0x44, 0x08, 0x44, 0x08, 0x44, 0x08, 0x44, 0x08, 0x44, 0x08,
    0x44, 0x00, 0x64, 0x08, 0xa7, 0x10, 0x64, 0x08, 0x43, 0x00, 0x44, 0x08, 0x43, 0x00, 0x44, 0x08,
    0x43, 0x00, 0x43, 0x08, 0x43, 0x00, 0x43, 0x08, 0x23, 0x00, 0x43, 0x08, 0x23, 0x00, 0x65, 0x08,
    0x86, 0x08, 0x43, 0x08, 0x23, 0x00, 0x43, 0x08, 0x23, 0x00, 0x43, 0x08, 0x23, 0x00, 0x43, 0x00,
    0x23, 0x00, 0x23, 0x00, 0x23, 0x00, 0x23, 0x00, 0x23, 0x00, 0x65, 0x08, 0x65, 0x08, 0x23, 0x00,
    0x23, 0x00, 0x23, 0x00, 0x22, 0x00, 0x23, 0x00, 0x22, 0x00, 0x23, 0x00, 0x22, 0x00, 0x23, 0x00,
    0x22, 0x00, 0x22, 0x00, 0x02, 0x00, 0x64, 0x08, 0x65, 0x08, 0x22, 0x00, 0x02, 0x00, 0x22, 0x00,
    0x02, 0x00, 0x22, 0x00, 0x02, 0x00, 0x22, 0x00, 0x22, 0x00, 0x22, 0x00, 0x02, 0x00, 0x22, 0x00,
    0x02, 0x00, 0x44, 0x08, 0x65, 0x08, 0x23, 0x00, 0x22, 0x00, 0x22, 0x00, 0x02, 0x00, 0x22, 0x00,
    0x22, 0x00, 0x22, 0x00, 0x02, 0x00, 0x22, 0x00, 0x22, 0x00, 0x22, 0x00, 0x22, 0x00, 0x23, 0x00,
    0x65, 0x08, 0x44, 0x08, 0x22, 0x00, 0x22, 0x00, 0x22, 0x00, 0x22, 0x00, 0x22, 0x00, 0x22, 0x00,
    0x22, 0x00, 0x22, 0x00, 0x22, 0x00, 0x22, 0x00, 0x22, 0x00, 0x22, 0x00, 0x44, 0x08, 0x65, 0x08,
    0x23, 0x00, 0x22, 0x00, 0x22, 0x00, 0x22, 0x00, 0x22, 0x00, 0x22, 0x00, 0x22, 0x00, 0x22, 0x00,
    0x22, 0x00, 0x22, 0x00, 0x22, 0x00, 0x22, 0x00, 0x22, 0x00, 0x44, 0x08, 0x65, 0x08, 0x22, 0x00,
    0x22, 0x00, 0x22, 0x00, 0x22, 0x00, 0x22, 0x00, 0x22, 0x00, 0x22, 0x00, 0x22, 0x00, 0x22, 0x00,
    0x22, 0x00, 0x22, 0x00, 0x22, 0x00, 0x22, 0x00, 0x65, 0x08, 0x45, 0x08, 0x22, 0x00, 0x22, 0x00,
    0x22, 0x00, 0x22, 0x00, 0x22, 0x00, 0x22, 0x00, 0x22, 0x00, 0x22, 0x00, 0x22, 0x00, 0x22, 0x00,
    0x22, 0x00, 0x22, 0x00, 0x22, 0x00, 0x44, 0x08, 0x65, 0x08, 0x22, 0x00, 0x22, 0x00, 0x22, 0x00,
    0x22, 0x00, 0x22, 0x00, 0x02, 0x00, 0x22, 0x00, 0x22, 0x00, 0x22, 0x00, 0x22, 0x00, 0x22, 0x00,
    0x22, 0x00, 0x22, 0x00, 0x44, 0x08, 0x85, 0x08, 0x23, 0x08, 0x22, 0x00, 0x02, 0x00, 0x22, 0x00,
    0x02, 0x00, 0x22, 0x00, 0x02, 0x00, 0x22, 0x00, 0x22, 0x00, 0x22, 0x00, 0x02, 0x00, 0x22, 0x00,
    0x02, 0x00, 0x22, 0x00, 0x65, 0x08, 0x44, 0x08, 0x02, 0x00, 0x22, 0x00, 0x02, 0x00, 0x22, 0x00,
    0x02, 0x00, 0x22, 0x00, 0x02, 0x00, 0x22, 0x00, 0x02, 0x00, 0x22, 0x00, 0x02, 0x00, 0x22, 0x00,
    0x02, 0x00, 0x43, 0x08, 0x66, 0x08, 0x43, 0x08, 0x02, 0x00, 0x22, 0x00, 0x02, 0x00, 0x22, 0x00,
    0x02, 0x00, 0x22, 0x00, 0x02, 0x00, 0x22, 0x00, 0x02, 0x00, 0x22, 0x00, 0x02, 0x00, 0x22, 0x00,
    0x02, 0x00, 0x44, 0x08, 0x65, 0x08, 0x23, 0x08, 0x02, 0x00, 0x22, 0x00, 0x02, 0x00, 0x22, 0x00,
    0x02, 0x00, 0x22, 0x00, 0x02, 0x00, 0x22, 0x00, 0x02, 0x00, 0x22, 0x00, 0x02, 0x00, 0x22, 0x00,
    0x02, 0x00, 0x43, 0x08, 0x65, 0x08, 0x43, 0x08, 0x02, 0x00, 0x22, 0x00, 0x02, 0x00, 0x22, 0x00,
    0x02, 0x00, 0x22, 0x00, 0x02, 0x00, 0x22, 0x00, 0x02, 0x00, 0x02, 0x00, 0x02, 0x00, 0x02, 0x00,
    0x02, 0x00, 0x23, 0x00, 0x65, 0x08, 0x44, 0x08, 0x02, 0x00, 0x22, 0x00, 0x22, 0x00, 0x22, 0x00,
    0x22, 0x00, 0x22, 0x00, 0x22, 0x00, 0x22, 0x00, 0x22, 0x00, 0x23, 0x00, 0x22, 0x00, 0x23, 0x00,
    0x22, 0x00, 0x22, 0x00, 0x64, 0x08, 0x65, 0x08, 0x22, 0x00, 0x22, 0x00, 0x23, 0x00, 0x22, 0x00,
    0x23, 0x00, 0x23, 0x00, 0x23, 0x00, 0x23, 0x00, 0x23, 0x00, 0x23, 0x00, 0x23, 0x00, 0x65, 0x08,
    0x65, 0x08, 0x43, 0x00, 0x43, 0x00, 0x43, 0x00, 0x43, 0x08, 0x43, 0x08, 0x43, 0x08, 0x43, 0x08,
    0x44, 0x08, 0x43, 0x08, 0x44, 0x08, 0x43, 0x08, 0x86, 0x10, 0x86, 0x08, 0x44, 0x08, 0x44, 0x08,
    0x44, 0x08, 0x44, 0x08, 0x44, 0x08, 0x44, 0x08, 0x44, 0x08, 0x44, 0x08, 0x44, 0x08, 0x44, 0x08,
    0x44, 0x08, 0x86, 0x08, 0x86, 0x10, 0x44, 0x08, 0x64, 0x08, 0x64, 0x08, 0x64, 0x08, 0x64, 0x08,
    0x64, 0x08, 0x64, 0x08, 0x64, 0x08, 0x64, 0x08, 0x64, 0x08, 0x64, 0x08, 0x85, 0x08, 0xa7, 0x10,
    0x64, 0x08, 0x44, 0x08, 0x64, 0x08, 0x44, 0x08, 0x64, 0x08, 0x44, 0x08, 0x44, 0x08, 0x44, 0x08,
    0x44, 0x08, 0x44, 0x08, 0x44, 0x08, 0x44, 0x08, 0xa7, 0x10, 0x65, 0x08, 0x44, 0x08, 0x44, 0x08,
    0x44, 0x08, 0x44, 0x08, 0x44, 0x08, 0x44, 0x08, 0x44, 0x08, 0x44, 0x08, 0x44, 0x08, 0x44, 0x08,
    0x44, 0x08, 0x65, 0x08, 0xa7, 0x10, 0x44, 0x08, 0x44, 0x08, 0x43, 0x00, 0x43, 0x08, 0x43, 0x00,
    0x43, 0x08, 0x43, 0x00, 0x43, 0x08, 0x43, 0x00, 0x43, 0x08, 0x43, 0x00, 0x43, 0x08, 0x65, 0x08,
    0x86, 0x08, 0x23, 0x00, 0x43, 0x00, 0x23, 0x00, 0x43, 0x00, 0x23, 0x00, 0x23, 0x00, 0x23, 0x00,
    0x23, 0x00, 0x23, 0x00, 0x23, 0x00, 0x23, 0x00, 0x23, 0x00, 0x65, 0x08, 0x65, 0x08, 0x23, 0x00,
    0x23, 0x00, 0x23, 0x00, 0x23, 0x00, 0x22, 0x00, 0x23, 0x00, 0x22, 0x00, 0x22, 0x00, 0x22, 0x00,
    0x22, 0x00, 0x22, 0x00, 0x22, 0x00, 0x44, 0x08, 0x65, 0x08, 0x22, 0x00, 0x22, 0x00, 0x22, 0x00,
    0x22, 0x00, 0x22, 0x00, 0x22, 0x00, 0x22, 0x00, 0x22, 0x00, 0x22, 0x00, 0x22, 0x00, 0x22, 0x00,
    0x22, 0x00, 0x44, 0x08, 0x65, 0x08, 0x23, 0x00, 0x22, 0x00, 0x22, 0x00, 0x22, 0x00, 0x22, 0x00,
    0x22, 0x00, 0x22, 0x00, 0x22, 0x00, 0x22, 0x00, 0x22, 0x00, 0x22, 0x00, 0x22, 0x00, 0x23, 0x00,
    0x65, 0x08, 0x44, 0x08, 0x22, 0x00, 0x22, 0x00, 0x22, 0x00, 0x22, 0x00, 0x22, 0x00, 0x22, 0x00,
    0x22, 0x00, 0x22, 0x00, 0x22, 0x00, 0x22, 0x00, 0x22, 0x00, 0x22, 0x00, 0x44, 0x08, 0x65, 0x08,
    0x23, 0x00, 0x22, 0x00, 0x22, 0x00, 0x22, 0x00, 0x22, 0x00, 0x22, 0x00, 0x22, 0x00, 0x22, 0x00,
    0x22, 0x00, 0x22, 0x00, 0x22, 0x00, 0x22, 0x00, 0x22, 0x00, 0x44, 0x08, 0x65, 0x08, 0x22, 0x00,
    0x22, 0x00, 0x22, 0x00, 0x22, 0x00, 0x22, 0x00, 0x22, 0x00, 0x22, 0x00, 0x22, 0x00, 0x22, 0x00,
    0x22, 0x00, 0x22, 0x00, 0x22, 0x00, 0x22, 0x00, 0x65, 0x08, 0x65, 0x08, 0x22, 0x00, 0x22, 0x00,
    0x22, 0x00, 0x22, 0x00, 0x22, 0x00, 0x22, 0x00, 0x22, 0x00, 0x22, 0x00, 0x22, 0x00, 0x22, 0x00,
    0x22, 0x00, 0x22, 0x00, 0x22, 0x00, 0x44, 0x08, 0x65, 0x08, 0x22, 0x00, 0x22, 0x00, 0x22, 0x00,
    0x22, 0x00, 0x22, 0x00, 0x22, 0x00, 0x22, 0x00, 0x22, 0x00, 0x22, 0x00, 0x22, 0x00, 0x22, 0x00,
    0x22, 0x00, 0x22, 0x00, 0x43, 0x08, 0x86, 0x08, 0x23, 0x08, 0x22, 0x00, 0x22, 0x00, 0x22, 0x00,
    0x22, 0x00, 0x22, 0x00, 0x22, 0x00, 0x22, 0x00, 0x22, 0x00, 0x22, 0x00, 0x22, 0x00, 0x22, 0x00,
    0x22, 0x00, 0x22, 0x00, 0x65, 0x08, 0x44, 0x08, 0x22, 0x00, 0x22, 0x00, 0x22, 0x00, 0x22, 0x00,
    0x22, 0x00, 0x22, 0x00, 0x22, 0x00, 0x22, 0x00, 0x22, 0x00, 0x22, 0x00, 0x22, 0x00, 0x22, 0x00,
    0x23, 0x00, 0x43, 0x08, 0x86, 0x10, 0x44, 0x08, 0x23, 0x00, 0x23, 0x08, 0x23, 0x08, 0x23, 0x08,
    0x23, 0x08, 0x23, 0x08, 0x23, 0x08, 0x23, 0x00, 0x43, 0x08, 0x43, 0x08, 0x43, 0x08, 0x23, 0x00,
    0x43, 0x08, 0x44, 0x08, 0x87, 0x10, 0x44, 0x08, 0x43, 0x08, 0x43, 0x08, 0x44, 0x08, 0x44, 0x08,
    0x44, 0x08, 0x44, 0x08, 0x44, 0x08, 0x44, 0x08, 0x44, 0x08, 0x44, 0x08, 0x44, 0x08, 0x44, 0x08,
    0x44, 0x08, 0x65, 0x08, 0xa7, 0x10, 0x65, 0x08, 0x44, 0x08, 0x44, 0x08, 0x64, 0x08, 0x44, 0x08,
    0x64, 0x08, 0x44, 0x08, 0x44, 0x08, 0x64, 0x08, 0x64, 0x08, 0x44, 0x08, 0x44, 0x08, 0x44, 0x08,
    0x64, 0x08, 0x65, 0x08, 0x87, 0x10, 0x86, 0x10, 0x65, 0x08, 0x65, 0x08, 0x65, 0x08, 0x65, 0x08,
    0x65, 0x08, 0x65, 0x08, 0x65, 0x08, 0x65, 0x08, 0x65, 0x08, 0x65, 0x08, 0x65, 0x08, 0x65, 0x08,
    0x22, 0x00, 0x22, 0x00, 0x64, 0x08, 0x64, 0x08, 0x22, 0x00, 0x23, 0x00, 0x22, 0x00, 0x23, 0x00,
    0x22, 0x00, 0x23, 0x00, 0x22, 0x00, 0x43, 0x00, 0x22, 0x00, 0x43, 0x00, 0x23, 0x00, 0x85, 0x08,
    0x44, 0x08, 0x43, 0x00, 0x23, 0x00, 0x43, 0x00, 0x23, 0x00, 0x43, 0x08, 0x43, 0x00, 0x43, 0x08,
    0x43, 0x00, 0x43, 0x08, 0x43, 0x08, 0x44, 0x08, 0x86, 0x08, 0x85, 0x08, 0x43, 0x08, 0x44, 0x08,
    0x43, 0x00, 0x44, 0x08, 0x44, 0x08, 0x44, 0x08, 0x44, 0x08, 0x44, 0x08, 0x44, 0x08, 0x64, 0x08,
    0x44, 0x08, 0x86, 0x10, 0x86, 0x08, 0x64, 0x08, 0x44, 0x08, 0x64, 0x08, 0x44, 0x08, 0x64, 0x08,
    0x44, 0x08, 0x64, 0x08, 0x44, 0x08, 0x64, 0x08, 0x44, 0x08, 0x64, 0x08, 0x85, 0x08, 0xa7, 0x10,
    0x44, 0x08, 0x64, 0x08, 0x44, 0x08, 0x64, 0x08, 0x44, 0x08, 0x64, 0x08, 0x44, 0x08, 0x64, 0x08,
    0x44, 0x08, 0x64, 0x08, 0x44, 0x08, 0x64, 0x08, 0x87, 0x10, 0x85, 0x08, 0x44, 0x08, 0x64, 0x08,
    0x44, 0x08, 0x44, 0x08, 0x43, 0x08, 0x44, 0x08, 0x43, 0x08, 0x44, 0x08, 0x43, 0x08, 0x44, 0x08,
    0x43, 0x08, 0x65, 0x08, 0x86, 0x10, 0x44, 0x08, 0x43, 0x00, 0x43, 0x08, 0x43, 0x00, 0x43, 0x08,
    0x43, 0x00, 0x43, 0x08, 0x43, 0x00, 0x43, 0x08, 0x23, 0x00, 0x43, 0x08, 0x23, 0x00, 0x85, 0x08,
    0x65, 0x08, 0x43, 0x08, 0x23, 0x00, 0x43, 0x08, 0x23, 0x00, 0x43, 0x00, 0x23, 0x00, 0x43, 0x00,
    0x23, 0x00, 0x23, 0x00, 0x23, 0x00, 0x23, 0x00, 0x22, 0x00, 0x65, 0x08, 0x65, 0x08, 0x23, 0x00,
    0x22, 0x00, 0x23, 0x00, 0x22, 0x00, 0x23, 0x00, 0x22, 0x00, 0x22, 0x00, 0x22, 0x00, 0x22, 0x00,
    0x22, 0x00, 0x22, 0x00, 0x22, 0x00, 0x64, 0x08, 0x44, 0x08, 0x22, 0x00, 0x02, 0x00, 0x22, 0x00,
    0x02, 0x00, 0x22, 0x00, 0x22, 0x00, 0x22, 0x00, 0x02, 0x00, 0x22, 0x00, 0x22, 0x00, 0x22, 0x00,
    0x02, 0x00, 0x43, 0x08, 0x65, 0x08, 0x22, 0x00, 0x02, 0x00, 0x22, 0x00, 0x22, 0x00, 0x22, 0x00,
    0x02, 0x00, 0x22, 0x00, 0x22, 0x00, 0x22, 0x00, 0x02, 0x00, 0x22, 0x00, 0x22, 0x00, 0x22, 0x00,
    0x65, 0x08, 0x44, 0x08, 0x22, 0x00, 0x22, 0x00, 0x02, 0x00, 0x22, 0x00, 0x22, 0x00, 0x22, 0x00,
    0x02, 0x00, 0x22, 0x00, 0x22, 0x00, 0x22, 0x00, 0x02, 0x00, 0x22, 0x00, 0x43, 0x08, 0x65, 0x08,
    0x23, 0x00, 0x22, 0x00, 0x22, 0x00, 0x22, 0x00, 0x02, 0x00, 0x22, 0x00, 0x22, 0x00, 0x22, 0x00,
    0x02, 0x00, 0x22, 0x00, 0x22, 0x00, 0x22, 0x00, 0x02, 0x00, 0x44, 0x08, 0x65, 0x08, 0x22, 0x00,
    0x02, 0x00, 0x22, 0x00, 0x22, 0x00, 0x22, 0x00, 0x02, 0x00, 0x22, 0x00, 0x22, 0x00, 0x22, 0x00,
    0x02, 0x00, 0x22, 0x00, 0x22, 0x00, 0x22, 0x00, 0x44, 0x08, 0x65, 0x08, 0x22, 0x00, 0x23, 0x00,
    0x22, 0x00, 0x23, 0x00, 0x23, 0x00, 0x23, 0x00, 0x23, 0x00, 0x23, 0x00, 0x23, 0x00, 0x23, 0x08,
    0x23, 0x00, 0x23, 0x08, 0x23, 0x08, 0x65, 0x08, 0x66, 0x08, 0x43, 0x08, 0x43, 0x08, 0x43, 0x08,
    0x23, 0x00, 0x43, 0x08, 0x43, 0x08, 0x43, 0x08, 0x43, 0x08, 0x43, 0x08, 0x43, 0x08, 0x44, 0x08,
    0x43, 0x08, 0x44, 0x08, 0x65, 0x08, 0xa7, 0x10, 0x65, 0x08, 0x44, 0x08, 0x44, 0x08, 0x44, 0x08,
    0x44, 0x08, 0x44, 0x08, 0x44, 0x08, 0x44, 0x08, 0x44, 0x08, 0x44, 0x08, 0x44, 0x08, 0x44, 0x08,
    0x44, 0x08, 0x64, 0x08, 0x86, 0x10, 0x87, 0x10, 0x44, 0x08, 0x65, 0x08, 0x64, 0x08, 0x65, 0x08,
    0x65, 0x08, 0x65, 0x08, 0x65, 0x08, 0x65, 0x08, 0x65, 0x08, 0x65, 0x08, 0x65, 0x08, 0x65, 0x08,
    0x65, 0x08, 0x86, 0x08, 0xa8, 0x10, 0xa6, 0x10, 0x65, 0x08, 0x65, 0x08, 0x65, 0x08, 0x85, 0x08,
    0x65, 0x08, 0x85, 0x08, 0x65, 0x08, 0x86, 0x08, 0x65, 0x08, 0x86, 0x08, 0x85, 0x08, 0x86, 0x08,
    0x65, 0x08, 0x86, 0x10, 0xa8, 0x10, 0x86, 0x10, 0x65, 0x08, 0x65, 0x08, 0x65, 0x08, 0x65, 0x08,
    0x65, 0x08, 0x65, 0x08, 0x65, 0x08, 0x65, 0x08, 0x65, 0x08, 0x65, 0x08, 0x65, 0x08, 0x65, 0x08,
    0x65, 0x08, 0x65, 0x08, 0xa7, 0x10, 0x86, 0x10, 0x64, 0x08, 0x64, 0x08, 0x64, 0x08, 0x64, 0x08,
    0x44, 0x08, 0x64, 0x08, 0x44, 0x08, 0x44, 0x08, 0x44, 0x08, 0x44, 0x08, 0x44, 0x08, 0x44, 0x08,
    0x44, 0x08, 0x44, 0x08, 0x86, 0x08, 0x86, 0x10, 0x43, 0x08, 0x43, 0x08, 0x43, 0x08, 0x43, 0x08,
    0x43, 0x08, 0x43, 0x08, 0x23, 0x08, 0x43, 0x08, 0x23, 0x08, 0x23, 0x08, 0x23, 0x00, 0x43, 0x08,
    0x22, 0x00, 0x22, 0x00, 0x65, 0x08, 0x44, 0x08, 0x22, 0x00, 0x22, 0x00, 0x23, 0x00, 0x22, 0x00,
    0x23, 0x00, 0x23, 0x00, 0x23, 0x00, 0x23, 0x00, 0x23, 0x00, 0x23, 0x00, 0x43, 0x00, 0x86, 0x10,
    0x64, 0x08, 0x43, 0x00, 0x43, 0x00, 0x43, 0x00, 0x43, 0x00, 0x43, 0x00, 0x44, 0x08, 0x43, 0x08,
    0x43, 0x08, 0x43, 0x08, 0x44, 0x08, 0x44, 0x08, 0xa7, 0x10, 0x65, 0x08, 0x44, 0x08, 0x44, 0x08,
    0x44, 0x08, 0x44, 0x08, 0x44, 0x08, 0x44, 0x08, 0x44, 0x08, 0x44, 0x08, 0x64, 0x08, 0x64, 0x08,
    0x64, 0x08, 0xa6, 0x10, 0x86, 0x08, 0x64, 0x08, 0x64, 0x08, 0x64, 0x08, 0x64, 0x08, 0x64, 0x08,
    0x64, 0x08, 0x64, 0x08, 0x64, 0x08, 0x64, 0x08, 0x64, 0x08, 0x64, 0x08, 0x86, 0x08, 0xa7, 0x10,
    0x64, 0x08, 0x64, 0x08, 0x64, 0x08, 0x64, 0x08, 0x64, 0x08, 0x44, 0x08, 0x64, 0x08, 0x44, 0x08,
    0x44, 0x08, 0x44, 0x08, 0x64, 0x08, 0x65, 0x08, 0xa7, 0x10, 0x65, 0x08, 0x64, 0x08, 0x44, 0x08,
    0x44, 0x08, 0x44, 0x08, 0x44, 0x08, 0x44, 0x08, 0x44, 0x08, 0x44, 0x08, 0x44, 0x08, 0x44, 0x08,
    0x44, 0x08, 0x65, 0x08, 0x86, 0x10, 0x44, 0x08, 0x44, 0x08, 0x43, 0x00, 0x44, 0x08, 0x43, 0x00,
    0x43, 0x08, 0x43, 0x00, 0x43, 0x08, 0x43, 0x00, 0x43, 0x08, 0x43, 0x00, 0x43, 0x08, 0x65, 0x08,
    0x65, 0x08, 0x23, 0x00, 0x43, 0x08, 0x43, 0x00, 0x43, 0x00, 0x23, 0x00, 0x43, 0x00, 0x23, 0x00,
    0x23, 0x00, 0x23, 0x00, 0x23, 0x00, 0x23, 0x00, 0x23, 0x00, 0x65, 0x08, 0x65, 0x08, 0x23, 0x00,
    0x23, 0x00, 0x23, 0x00, 0x23, 0x00, 0x23, 0x00, 0x23, 0x00, 0x22, 0x00, 0x22, 0x00, 0x22, 0x00,
    0x22, 0x00, 0x22, 0x00, 0x22, 0x00, 0x64, 0x08, 0x64, 0x08, 0x22, 0x00, 0x22, 0x00, 0x22, 0x00,
    0x22, 0x00, 0x22, 0x00, 0x22, 0x00, 0x22, 0x00, 0x22, 0x00, 0x22, 0x00, 0x22, 0x00, 0x22, 0x00,
    0x22, 0x00, 0x44, 0x08, 0x65, 0x08, 0x23, 0x00, 0x22, 0x00, 0x22, 0x00, 0x22, 0x00, 0x22, 0x00,
    0x22, 0x00, 0x23, 0x00, 0x23, 0x00, 0x23, 0x00, 0x23, 0x00, 0x23, 0x00, 0x23, 0x00, 0x23, 0x08,
    0x86, 0x08, 0x44, 0x08, 0x23, 0x08, 0x23, 0x08, 0x23, 0x08, 0x23, 0x08, 0x23, 0x08, 0x43, 0x08,
    0x43, 0x08, 0x43, 0x08, 0x43, 0x08, 0x43, 0x08, 0x43, 0x08, 0x43, 0x08, 0x65, 0x08, 0x86, 0x10,
    0x44, 0x08, 0x44, 0x08, 0x44, 0x08, 0x44, 0x08, 0x44, 0x08, 0x44, 0x08, 0x44, 0x08, 0x44, 0x08,
    0x44, 0x08, 0x44, 0x08, 0x44, 0x08, 0x44, 0x08, 0x44, 0x08, 0x86, 0x10, 0x87, 0x10, 0x44, 0x08,
    0x44, 0x08, 0x64, 0x08, 0x64, 0x08, 0x65, 0x08, 0x65, 0x08, 0x65, 0x08, 0x65, 0x08, 0x65, 0x08,
    0x65, 0x08, 0x65, 0x08, 0x65, 0x08, 0x65, 0x08, 0xa7, 0x10, 0xa7, 0x10, 0x65, 0x08, 0x65, 0x08,
    0x65, 0x08, 0x65, 0x08, 0x65, 0x08, 0x65, 0x08, 0x65, 0x08, 0x65, 0x08, 0x65, 0x08, 0x85, 0x08,
    0x86, 0x08, 0x86, 0x08, 0x86, 0x08, 0xa7, 0x10, 0xa8, 0x10, 0x86, 0x10, 0x86, 0x08, 0x86, 0x08,
    0x86, 0x08, 0x86, 0x08, 0x86, 0x08, 0x86, 0x08, 0x85, 0x08, 0x65, 0x08, 0x65, 0x08, 0x65, 0x08,
    0x65, 0x08, 0x65, 0x08, 0x86, 0x10, 0xa8, 0x10, 0x86, 0x10, 0x65, 0x08, 0x65, 0x08, 0x65, 0x08,
    0x65, 0x08, 0x65, 0x08, 0x65, 0x08, 0x65, 0x08, 0x65, 0x08, 0x65, 0x08, 0x65, 0x08, 0x64, 0x08,
    0x64, 0x08, 0x64, 0x08, 0x86, 0x10, 0x87, 0x10, 0x44, 0x08, 0x44, 0x08, 0x44, 0x08, 0x44, 0x08,
    0x44, 0x08, 0x44, 0x08, 0x44, 0x08, 0x44, 0x08, 0x44, 0x08, 0x44, 0x08, 0x44, 0x08, 0x44, 0x08,
    0x44, 0x08, 0x44, 0x08, 0x86, 0x10, 0x65, 0x08, 0x44, 0x08, 0x43, 0x08, 0x43, 0x08, 0x43, 0x08,
    0x43, 0x08, 0x43, 0x08, 0x43, 0x08, 0x43, 0x08, 0x43, 0x08, 0x23, 0x00, 0x43, 0x08, 0x23, 0x08,
    0x23, 0x08, 0x43, 0x08, 0x86, 0x10, 0x64, 0x08, 0x23, 0x08, 0x23, 0x00, 0x23, 0x08, 0x23, 0x00,
    0x23, 0x00, 0x23, 0x00, 0x23, 0x00, 0x22, 0x00, 0x22, 0x00, 0x22, 0x00, 0x22, 0x00, 0x22, 0x00,
    0x22, 0x00, 0x23, 0x00, 0x65, 0x08, 0x44, 0x08, 0x02, 0x00, 0x02, 0x00, 0x22, 0x00, 0x02, 0x00,
    0x02, 0x00, 0x02, 0x00, 0x02, 0x00, 0x02, 0x00, 0x02, 0x00, 0x02, 0x00, 0x02, 0x00, 0x02, 0x00,
    0x02, 0x00, 0x02, 0x00, 0x44, 0x08, 0x64, 0x08, 0x22, 0x00, 0x02, 0x00, 0x02, 0x00, 0x02, 0x00,
    0x02, 0x00, 0x02, 0x00, 0x02, 0x00, 0x02, 0x00, 0x02, 0x00, 0x02, 0x00, 0x02, 0x00, 0x02, 0x00,
    0x22, 0x00, 0x23, 0x00, 0x65, 0x08, 0x44, 0x08, 0x22, 0x00, 0x23, 0x00, 0x22, 0x00, 0x23, 0x00,
    0x22, 0x00, 0x23, 0x00, 0x23, 0x00, 0x43, 0x00, 0x23, 0x00, 0x43, 0x00, 0x43, 0x00, 0x86, 0x10,
    0x44, 0x00, 0x43, 0x00, 0x23, 0x00, 0x43, 0x00, 0x43, 0x00, 0x43, 0x00, 0x43, 0x00, 0x44, 0x08,
    0x43, 0x00, 0x44, 0x08, 0x44, 0x00, 0x64, 0x08, 0xa7, 0x10, 0x65, 0x08, 0x44, 0x00, 0x44, 0x08,
    0x44, 0x08, 0x44, 0x08, 0x44, 0x08, 0x64, 0x08, 0x44, 0x08, 0x64, 0x08, 0x44, 0x08, 0x64, 0x08,
    0x64, 0x08, 0xa7, 0x10, 0x85, 0x08, 0x64, 0x08, 0x64, 0x08, 0x64, 0x08, 0x64, 0x08, 0x64, 0x08,
    0x64, 0x08, 0x64, 0x08, 0x64, 0x08, 0x64, 0x08, 0x64, 0x08, 0x64, 0x08, 0x86, 0x08, 0xa7, 0x10,
    0x64, 0x08, 0x64, 0x08, 0x64, 0x08, 0x64, 0x08, 0x64, 0x08, 0x64, 0x08, 0x44, 0x08, 0x64, 0x08,
    0x44, 0x08, 0x64, 0x08, 0x44, 0x08, 0x65, 0x08, 0xa7, 0x10, 0x65, 0x08, 0x44, 0x08, 0x64, 0x08,
    0x44, 0x08, 0x64, 0x08, 0x44, 0x08, 0x44, 0x08, 0x44, 0x08, 0x44, 0x08, 0x44, 0x08, 0x44, 0x08,
    0x44, 0x08, 0x85, 0x08, 0x86, 0x08, 0x44, 0x08, 0x44, 0x00, 0x44, 0x08, 0x43, 0x00, 0x44, 0x08,
    0x44, 0x00, 0x44, 0x08, 0x44, 0x08, 0x44, 0x08, 0x44, 0x08, 0x44, 0x08, 0x44, 0x08, 0x86, 0x10,
    0x65, 0x08, 0x64, 0x08, 0x44, 0x08, 0x44, 0x08, 0x44, 0x08, 0x44, 0x08, 0x44, 0x08, 0x44, 0x08,
    0x44, 0x08, 0x44, 0x08, 0x44, 0x08, 0x44, 0x08, 0x44, 0x08, 0x86, 0x10, 0x65, 0x08, 0x64, 0x08,
    0x44, 0x08, 0x44, 0x08, 0x44, 0x08, 0x44, 0x08, 0x44, 0x08, 0x64, 0x08, 0x44, 0x08, 0x64, 0x08,
    0x44, 0x08, 0x44, 0x08, 0x44, 0x08, 0x86, 0x10, 0x86, 0x08, 0x64, 0x08, 0x44, 0x08, 0x64, 0x08,
    0x44, 0x08, 0x44, 0x08, 0x44, 0x08, 0x64, 0x08, 0x44, 0x08, 0x65, 0x08, 0x44, 0x08, 0x65, 0x08,
    0x65, 0x08, 0x86, 0x10, 0xa7, 0x10, 0x65, 0x08, 0x65, 0x08, 0x65, 0x08, 0x65, 0x08, 0x65, 0x08,
    0x65, 0x08, 0x65, 0x08, 0x65, 0x08, 0x65, 0x08, 0x65, 0x08, 0x65, 0x08, 0x65, 0x08, 0x86, 0x08,
    0xa8, 0x10, 0xa7, 0x10, 0x66, 0x08, 0x86, 0x08, 0x86, 0x08, 0x86, 0x08, 0x66, 0x08, 0x86, 0x10,
    0x86, 0x08, 0x86, 0x08, 0x66, 0x08, 0x86, 0x08, 0x86, 0x08, 0x85, 0x08, 0x87, 0x10, 0xc8, 0x10,
    0x86, 0x08, 0x65, 0x08, 0x65, 0x08, 0x65, 0x08, 0x65, 0x08, 0x65, 0x08, 0x65, 0x08, 0x65, 0x08,
    0x65, 0x08, 0x65, 0x08, 0x65, 0x08, 0x65, 0x08, 0x65, 0x08, 0x87, 0x10, 0xa7, 0x10, 0x65, 0x08,
    0x65, 0x08, 0x65, 0x08, 0x64, 0x08, 0x64, 0x08, 0x44, 0x08, 0x44, 0x08, 0x44, 0x08, 0x44, 0x08,
    0x44, 0x08, 0x44, 0x08, 0x44, 0x08, 0x44, 0x08, 0x86, 0x08, 0x86, 0x10, 0x44, 0x08, 0x44, 0x08,
    0x44, 0x08, 0x44, 0x08, 0x44, 0x08, 0x44, 0x08, 0x44, 0x08, 0x44, 0x08, 0x44, 0x08, 0x44, 0x08,
    0x44, 0x08, 0x43, 0x08, 0x23, 0x08, 0x65, 0x08, 0x86, 0x10, 0x44, 0x08, 0x23, 0x00, 0x23, 0x08,
    0x23, 0x08, 0x23, 0x08, 0x23, 0x00, 0x23, 0x08, 0x23, 0x00, 0x23, 0x08, 0x23, 0x00, 0x23, 0x00,
    0x23, 0x00, 0x23, 0x00, 0x23, 0x00, 0x86, 0x08, 0x44, 0x08, 0x23, 0x00, 0x22, 0x00, 0x22, 0x00,
    0x22, 0x00, 0x22, 0x00, 0x02, 0x00, 0x22, 0x00, 0x02, 0x00, 0x22, 0x00, 0x02, 0x00, 0x22, 0x00,
    0x02, 0x00, 0x22, 0x00, 0x44, 0x08, 0x65, 0x08, 0x22, 0x00, 0x22, 0x00, 0x02, 0x00, 0x22, 0x00,
    0x02, 0x00, 0x22, 0x00, 0x02, 0x00, 0x22, 0x00, 0x02, 0x00, 0x22, 0x00, 0x02, 0x00, 0x22, 0x00,
    0x02, 0x00, 0x22, 0x00, 0x65, 0x08, 0x44, 0x08, 0x02, 0x00, 0x22, 0x00, 0x02, 0x00, 0x22, 0x00,
    0x02, 0x00, 0x22, 0x00, 0x02, 0x00, 0x22, 0x00, 0x02, 0x00, 0x22, 0x00, 0x02, 0x00, 0x22, 0x00,
    0x02, 0x00, 0x22, 0x00, 0x65, 0x08, 0x44, 0x08, 0x02, 0x00, 0x22, 0x00, 0x02, 0x00, 0x22, 0x00,
    0x02, 0x00, 0x22, 0x00, 0x02, 0x00, 0x22, 0x00, 0x02, 0x00, 0x22, 0x00, 0x02, 0x00, 0x22, 0x00,
    0x02, 0x00, 0x22, 0x00, 0x64, 0x08, 0x64, 0x08, 0x02, 0x00, 0x22, 0x00, 0x02, 0x00, 0x22, 0x00,
    0x02, 0x00, 0x22, 0x00, 0x02, 0x00, 0x02, 0x00, 0x02, 0x00, 0x02, 0x00, 0x02, 0x00, 0x02, 0x00,
    0x02, 0x00, 0x02, 0x00, 0x43, 0x08, 0x65, 0x08, 0x22, 0x00, 0x02, 0x00, 0x02, 0x00, 0x02, 0x00,
    0x02, 0x00, 0x02, 0x00, 0x01, 0x00, 0x02, 0x00, 0x01, 0x00, 0x02, 0x00, 0x01, 0x00, 0x02, 0x00,
    0x22, 0x00, 0x43, 0x00, 0x85, 0x08, 0x43, 0x00, 0x22, 0x00, 0x22, 0x00, 0x22, 0x00, 0x22, 0x00,
    0x23, 0x00, 0x22, 0x00, 0x23, 0x00, 0x22, 0x00, 0x43, 0x00, 0x23, 0x00, 0x44, 0x08, 0x86, 0x08,
    0x43, 0x08, 0x23, 0x00, 0x43, 0x00, 0x23, 0x00, 0x43, 0x00, 0x43, 0x00, 0x43, 0x00, 0x43, 0x08,
    0x43, 0x08, 0x43, 0x08, 0x43, 0x08, 0x64, 0x08, 0xa7, 0x10, 0x64, 0x08, 0x44, 0x08, 0x43, 0x08,
    0x44, 0x08, 0x44, 0x08, 0x44, 0x08, 0x44, 0x08, 0x64, 0x08, 0x64, 0x08, 0x64, 0x08, 0x64, 0x08,
    0x65, 0x08, 0xa7, 0x10, 0x85, 0x08, 0x65, 0x08, 0x65, 0x08, 0x65, 0x08, 0x65, 0x08, 0x65, 0x08,
    0x65, 0x08, 0x65, 0x08, 0x65, 0x08, 0x85, 0x08, 0x85, 0x08, 0x85, 0x08, 0xa7, 0x10, 0xa7, 0x10,
    0x85, 0x08, 0x85, 0x08, 0x85, 0x08, 0x85, 0x08, 0x85, 0x08, 0x85, 0x08, 0x86, 0x08, 0x85, 0x08,
    0x85, 0x08, 0x86, 0x08, 0x86, 0x08, 0x86, 0x10, 0xc8, 0x10, 0x86, 0x08, 0x86, 0x08, 0x86, 0x08,
    0x86, 0x08, 0x86, 0x08, 0x86, 0x10, 0x86, 0x08, 0x86, 0x10, 0x86, 0x08, 0x86, 0x08, 0x86, 0x08,
    0x86, 0x10, 0xa7, 0x10, 0xc8, 0x10, 0x86, 0x08, 0x86, 0x10, 0x86, 0x10, 0x86, 0x10, 0x86, 0x08,
    0x86, 0x10, 0x86, 0x10, 0x86, 0x10, 0x86, 0x10, 0x86, 0x10, 0x86, 0x10, 0x86, 0x10, 0xc8, 0x10,
    0xc7, 0x10, 0x86, 0x10, 0x86, 0x10, 0x86, 0x10, 0x86, 0x10, 0x86, 0x10, 0x86, 0x10, 0x86, 0x10,
    0x86, 0x10, 0x86, 0x10, 0x86, 0x10, 0x86, 0x10, 0x86, 0x10, 0xc8, 0x10, 0xa7, 0x10, 0x86, 0x08,
    0x86, 0x10, 0x86, 0x08, 0x85, 0x08, 0x65, 0x08, 0x85, 0x08, 0x85, 0x08, 0x85, 0x08, 0x65, 0x08,
    0x65, 0x08, 0x65, 0x08, 0x65, 0x08, 0xa7, 0x10, 0x86, 0x10, 0x65, 0x08, 0x65, 0x08, 0x64, 0x08,
    0x64, 0x08, 0x64, 0x08, 0x64, 0x08, 0x64, 0x08, 0x64, 0x08, 0x44, 0x08, 0x44, 0x08, 0x44, 0x08,
    0x44, 0x08, 0x85, 0x08, 0xa7, 0x10, 0x44, 0x08, 0x44, 0x08, 0x44, 0x08, 0x44, 0x08, 0x44, 0x08,
    0x44, 0x08, 0x44, 0x08, 0x44, 0x08, 0x44, 0x08, 0x44, 0x08, 0x43, 0x08, 0x43, 0x08, 0x44, 0x08,
    0x86, 0x10, 0x65, 0x08, 0x43, 0x08, 0x43, 0x08, 0x43, 0x08, 0x43, 0x08, 0x43, 0x08, 0x23, 0x08,
    0x23, 0x08, 0x23, 0x08, 0x23, 0x08, 0x23, 0x08, 0x23, 0x08, 0x23, 0x00, 0x44, 0x08, 0x86, 0x08,
    0x23, 0x08, 0x23, 0x00, 0x23, 0x00, 0x22, 0x00, 0x22, 0x00, 0x22, 0x00, 0x22, 0x00, 0x22, 0x00,
    0x22, 0x00, 0x22, 0x00, 0x22, 0x00, 0x22, 0x00, 0x22, 0x00, 0x44, 0x08, 0x65, 0x08, 0x22, 0x00,
    0x22, 0x00, 0x22, 0x00, 0x22, 0x00, 0x22, 0x00, 0x22, 0x00, 0x22, 0x00, 0x22, 0x00, 0x22, 0x00,
    0x22, 0x00, 0x22, 0x00, 0x22, 0x00, 0x22, 0x00, 0x44, 0x08, 0x65, 0x08, 0x22, 0x00, 0x22, 0x00,
    0x22, 0x00, 0x22, 0x00, 0x22, 0x00, 0x22, 0x00, 0x22, 0x00, 0x22, 0x00, 0x22, 0x00, 0x22, 0x00,
    0x22, 0x00, 0x22, 0x00, 0x22, 0x00, 0x44, 0x08, 0x65, 0x08, 0x23, 0x00, 0x22, 0x00, 0x22, 0x00,
    0x22, 0x00, 0x22, 0x00, 0x22, 0x00, 0x22, 0x00, 0x22, 0x00, 0x22, 0x00, 0x22, 0x00, 0x22, 0x00,
    0x22, 0x00, 0x22, 0x00, 0x23, 0x00, 0x65, 0x08, 0x44, 0x08, 0x22, 0x00, 0x22, 0x00, 0x22, 0x00,
    0x22, 0x00, 0x22, 0x00, 0x22, 0x00, 0x22, 0x00, 0x22, 0x00, 0x22, 0x00, 0x22, 0x00, 0x22, 0x00,
    0x22, 0x00, 0x22, 0x00, 0x44, 0x08, 0x65, 0x08, 0x22, 0x00, 0x22, 0x00, 0x22, 0x00, 0x22, 0x00,
    0x22, 0x00, 0x22, 0x00, 0x22, 0x00, 0x22, 0x00, 0x22, 0x00, 0x22, 0x00, 0x22, 0x00, 0x02, 0x00,
    0x22, 0x00, 0x22, 0x00, 0x64, 0x08, 0x44, 0x08, 0x22, 0x00, 0x22, 0x00, 0x22, 0x00, 0x02, 0x00,
    0x22, 0x00, 0x02, 0x00, 0x22, 0x00, 0x02, 0x00, 0x22, 0x00, 0x02, 0x00, 0x22, 0x00, 0x02, 0x00,
    0x22, 0x00, 0x02, 0x00, 0x64, 0x08, 0x44, 0x08, 0x22, 0x00, 0x02, 0x00, 0x22, 0x00, 0x02, 0x00,
    0x22, 0x00, 0x02, 0x00, 0x22, 0x00, 0x02, 0x00, 0x22, 0x00, 0x02, 0x00, 0x02, 0x00, 0x02, 0x00,
    0x22, 0x00, 0x02, 0x00, 0x44, 0x08, 0x64, 0x08, 0x22, 0x00, 0x02, 0x00, 0x02, 0x00, 0x02, 0x00,
    0x02, 0x00, 0x02, 0x00, 0x02, 0x00, 0x02, 0x00, 0x02, 0x00, 0x02, 0x00, 0x02, 0x00, 0x02, 0x00,
    0x02, 0x00, 0x02, 0x00, 0x23, 0x00, 0x65, 0x08, 0x23, 0x00, 0x02, 0x00, 0x02, 0x00, 0x02, 0x00,
    0x02, 0x00, 0x01, 0x00, 0x01, 0x00, 0x01, 0x00, 0x02, 0x00, 0x01, 0x00, 0x01, 0x00, 0x01, 0x00,
    0x43, 0x08, 0x64, 0x08, 0x86, 0x08, 0x64, 0x08, 0x44, 0x08, 0x64, 0x08, 0x44, 0x08, 0x64, 0x08,
    0x44, 0x08, 0x64, 0x08, 0x64, 0x08, 0x65, 0x08, 0x64, 0x08, 0x65, 0x08, 0x86, 0x08, 0xa7, 0x10,
    0x65, 0x08, 0x65, 0x08, 0x65, 0x08, 0x86, 0x08, 0x65, 0x08, 0x65, 0x08, 0x85, 0x08, 0x86, 0x10,
    0x86, 0x08, 0x86, 0x10, 0x86, 0x08, 0xa7, 0x10, 0xc8, 0x10, 0x86, 0x08, 0xa6, 0x10, 0xa6, 0x10,
    0x86, 0x10, 0xa7, 0x10, 0xa7, 0x10, 0xa7, 0x10, 0xa7, 0x10, 0xa7, 0x10, 0xa7, 0x10, 0xa7, 0x10,
    0xc8, 0x10, 0xea, 0x18, 0xc8, 0x10, 0xc8, 0x10, 0xa7, 0x10, 0xc8, 0x10, 0xa8, 0x10, 0xc8, 0x10,
    0xa8, 0x10, 0xa8, 0x10, 0xc8, 0x10, 0xc8, 0x10, 0xa7, 0x10, 0xc8, 0x10, 0xe9, 0x18, 0xe9, 0x10,
    0xa7, 0x10, 0xc7, 0x10, 0xa7, 0x10, 0xa7, 0x10, 0xa7, 0x10, 0xa7, 0x10, 0xa7, 0x10, 0xa7, 0x10,
    0xa7, 0x10, 0xa7, 0x10, 0xa7, 0x10, 0xc8, 0x10, 0xc9, 0x10, 0xa7, 0x10, 0x86, 0x08, 0xa6, 0x10,
    0x86, 0x08, 0x86, 0x10, 0x86, 0x08, 0x86, 0x10, 0x86, 0x08, 0x86, 0x10, 0x86, 0x08, 0x86, 0x10,
    0x86, 0x08, 0xc8, 0x10, 0xa7, 0x10, 0x85, 0x08, 0x65, 0x08, 0x85, 0x08, 0x65, 0x08, 0x85, 0x08,
    0x65, 0x08, 0x65, 0x08, 0x65, 0x08, 0x65, 0x08, 0x65, 0x08, 0x65, 0x08, 0x65, 0x08, 0xa7, 0x10,
    0x86, 0x08, 0x64, 0x08, 0x44, 0x08, 0x64, 0x08, 0x44, 0x08, 0x64, 0x08, 0x44, 0x08, 0x44, 0x08,
    0x44, 0x08, 0x44, 0x08, 0x44, 0x08, 0x44, 0x08, 0x43, 0x08, 0x86, 0x10, 0x65, 0x08, 0x43, 0x08,
    0x23, 0x00, 0x43, 0x08, 0x23, 0x00, 0x23, 0x08, 0x23, 0x00, 0x23, 0x00, 0x23, 0x00, 0x23, 0x00,
    0x22, 0x00, 0x22, 0x00, 0x22, 0x00, 0x65, 0x08, 0x44, 0x08, 0x22, 0x00, 0x02, 0x00, 0x22, 0x00,
    0x02, 0x00, 0x22, 0x00, 0x02, 0x00, 0x22, 0x00, 0x02, 0x00, 0x22, 0x00, 0x02, 0x00, 0x22, 0x00,
    0x02, 0x00, 0x44, 0x08, 0x65, 0x08, 0x22, 0x00, 0x02, 0x00, 0x22, 0x00, 0x22, 0x00, 0x22, 0x00,
    0x02, 0x00, 0x22, 0x00, 0x02, 0x00, 0x22, 0x00, 0x02, 0x00, 0x22, 0x00, 0x22, 0x00, 0x23, 0x00,
    0x65, 0x08, 0x44, 0x08, 0x22, 0x00, 0x22, 0x00, 0x02, 0x00, 0x22, 0x00, 0x22, 0x00, 0x22, 0x00,
    0x02, 0x00, 0x22, 0x00, 0x22, 0x00, 0x22, 0x00, 0x02, 0x00, 0x22, 0x00, 0x44, 0x08, 0x85, 0x08,
    0x23, 0x00, 0x22, 0x00, 0x22, 0x00, 0x22, 0x00, 0x02, 0x00, 0x22, 0x00, 0x22, 0x00, 0x22, 0x00,
    0x02, 0x00, 0x22, 0x00, 0x22, 0x00, 0x22, 0x00, 0x02, 0x00, 0x44, 0x08, 0x65, 0x08, 0x22, 0x00,
    0x02, 0x00, 0x22, 0x00, 0x22, 0x00, 0x22, 0x00, 0x02, 0x00, 0x22, 0x00, 0x22, 0x00, 0x22, 0x00,
    0x02, 0x00, 0x22, 0x00, 0x22, 0x00, 0x22, 0x00, 0x44, 0x08, 0x65, 0x08, 0x22, 0x00, 0x22, 0x00,
    0x02, 0x00, 0x22, 0x00, 0x22, 0x00, 0x22, 0x00, 0x02, 0x00, 0x22, 0x00, 0x22, 0x00, 0x22, 0x00,
    0x02, 0x00, 0x22, 0x00, 0x22, 0x00, 0x44, 0x08, 0x65, 0x08, 0x23, 0x08, 0x22, 0x00, 0x22, 0x00,
    0x02, 0x00, 0x22, 0x00, 0x22, 0x00, 0x22, 0x00, 0x02, 0x00, 0x22, 0x00, 0x22, 0x00, 0x22, 0x00,
    0x02, 0x00, 0x22, 0x00, 0x23, 0x00, 0x65, 0x08, 0x44, 0x08, 0x22, 0x00, 0x22, 0x00, 0x22, 0x00,
    0x02, 0x00, 0x22, 0x00, 0x02, 0x00, 0x22, 0x00, 0x02, 0x00, 0x22, 0x00, 0x02, 0x00, 0x22, 0x00,
    0x02, 0x00, 0x22, 0x00, 0x44, 0x08, 0x65, 0x08, 0x23, 0x00, 0x22, 0x00, 0x02, 0x00, 0x22, 0x00,
    0x02, 0x00, 0x22, 0x00, 0x02, 0x00, 0x22, 0x00, 0x02, 0x00, 0x22, 0x00, 0x02, 0x00, 0x22, 0x00,
    0x02, 0x00, 0x22, 0x00, 0x44, 0x08, 0x65, 0x08, 0x02, 0x00, 0x22, 0x00, 0x02, 0x00, 0x22, 0x00,
    0x02, 0x00, 0x22, 0x00, 0x02, 0x00, 0x22, 0x00, 0x02, 0x00, 0x22, 0x00, 0x02, 0x00, 0x22, 0x00,
    0x02, 0x00, 0x22, 0x00, 0x44, 0x08, 0x65, 0x08, 0x02, 0x00, 0x22, 0x00, 0x02, 0x00, 0x22, 0x00,
    0x02, 0x00, 0x22, 0x00, 0x02, 0x00, 0x22, 0x00, 0x02, 0x00, 0x22, 0x00, 0x02, 0x00, 0x22, 0x00,
    0x02, 0x00, 0x22, 0x00, 0x44, 0x08, 0x65, 0x08, 0x22, 0x00, 0x22, 0x00, 0x02, 0x00, 0x22, 0x00,
    0x02, 0x00, 0x02, 0x00, 0x02, 0x00, 0x02, 0x00, 0x02, 0x00, 0x02, 0x00, 0x02, 0x00, 0x02, 0x00,
    0x02, 0x00, 0x02, 0x00, 0x23, 0x00, 0x65, 0x08, 0x23, 0x08, 0x02, 0x00, 0x02, 0x00, 0x02, 0x00,
    0x02, 0x00, 0x02, 0x00, 0x01, 0x00, 0x02, 0x00, 0x01, 0x00, 0x02, 0x00, 0x01, 0x00, 0x02, 0x00,
    0x85, 0x08, 0x86, 0x08, 0xa7, 0x10, 0x85, 0x08, 0x85, 0x08, 0x65, 0x08, 0x65, 0x08, 0x65, 0x08,
    0x85, 0x08, 0x85, 0x08, 0x85, 0x08, 0x85, 0x08, 0x85, 0x08, 0x85, 0x08, 0xa7, 0x10, 0xa7, 0x10,
    0x85, 0x08, 0x85, 0x08, 0x85, 0x08, 0x85, 0x08, 0x85, 0x08, 0x85, 0x08, 0x85, 0x08, 0x85, 0x08,
    0x86, 0x08, 0x85, 0x08, 0x86, 0x08, 0xa7, 0x10, 0xc8, 0x10, 0x85, 0x08, 0x86, 0x08, 0x85, 0x08,
    0x85, 0x08, 0x85, 0x08, 0x86, 0x08, 0x85, 0x08, 0x85, 0x08, 0x85, 0x08, 0x85, 0x08, 0x85, 0x08,
    0x86, 0x10, 0xc8, 0x10, 0x86, 0x08, 0x85, 0x08, 0x85, 0x08, 0x85, 0x08, 0x85, 0x08, 0x85, 0x08,
    0x85, 0x08, 0x85, 0x08, 0x85, 0x08, 0x85, 0x08, 0x85, 0x08, 0x85, 0x08, 0xc8, 0x10, 0x86, 0x08,
    0x65, 0x08, 0x65, 0x08, 0x65, 0x08, 0x65, 0x08, 0x65, 0x08, 0x65, 0x08, 0x64, 0x08, 0x64, 0x08,
    0x64, 0x08, 0x64, 0x08, 0x64, 0x08, 0x86, 0x08, 0xa7, 0x10, 0x44, 0x08, 0x64, 0x08, 0x44, 0x08,
    0x44, 0x08, 0x44, 0x08, 0x44, 0x08, 0x44, 0x08, 0x44, 0x08, 0x44, 0x08, 0x44, 0x08, 0x44, 0x08,
    0x44, 0x08, 0x86, 0x08, 0x86, 0x08, 0x44, 0x08, 0x44, 0x08, 0x44, 0x08, 0x44, 0x08, 0x44, 0x08,
    0x43, 0x08, 0x43, 0x00, 0x43, 0x08, 0x43, 0x00, 0x43, 0x08, 0x43, 0x00, 0x43, 0x08, 0x86, 0x10,
    0x65, 0x08, 0x23, 0x00, 0x43, 0x08, 0x23, 0x00, 0x43, 0x00, 0x23, 0x00, 0x43, 0x00, 0x43, 0x00,
    0x23, 0x00, 0x23, 0x00, 0x23, 0x00, 0x23, 0x00, 0x43, 0x08, 0x86, 0x08, 0x64, 0x08, 0x23, 0x00,
    0x23, 0x00, 0x23, 0x00, 0x23, 0x00, 0x23, 0x00, 0x23, 0x00, 0x22, 0x00, 0x22, 0x00, 0x22, 0x00,
    0x22, 0x00, 0x22, 0x00, 0x22, 0x00, 0x65, 0x08, 0x64, 0x08, 0x02, 0x00, 0x22, 0x00, 0x22, 0x00,
    0x22, 0x00, 0x02, 0x00, 0x22, 0x00, 0x22, 0x00, 0x22, 0x00, 0x22, 0x00, 0x22, 0x00, 0x22, 0x00,
    0x22, 0x00, 0x44, 0x08, 0x65, 0x08, 0x22, 0x00, 0x22, 0x00, 0x22, 0x00, 0x22, 0x00, 0x22, 0x00,
    0x22, 0x00, 0x22, 0x00, 0x22, 0x00, 0x22, 0x00, 0x22, 0x00, 0x22, 0x00, 0x22, 0x00, 0x23, 0x00,
    0x65, 0x08, 0x43, 0x08, 0x22, 0x00, 0x22, 0x00, 0x22, 0x00, 0x22, 0x00, 0x22, 0x00, 0x22, 0x00,
    0x22, 0x00, 0x22, 0x00, 0x22, 0x00, 0x22, 0x00, 0x22, 0x00, 0x22, 0x00, 0x44, 0x08, 0x85, 0x08,
    0x23, 0x00, 0x22, 0x00, 0x22, 0x00, 0x22, 0x00, 0x22, 0x00, 0x22, 0x00, 0x22, 0x00, 0x22, 0x00,
    0x22, 0x00, 0x22, 0x00, 0x22, 0x00, 0x22, 0x00, 0x22, 0x00, 0x44, 0x08, 0x65, 0x08, 0x22, 0x00,
    0x22, 0x00, 0x22, 0x00, 0x22, 0x00, 0x22, 0x00, 0x22, 0x00, 0x22, 0x00, 0x22, 0x00, 0x22, 0x00,
    0x22, 0x00, 0x22, 0x00, 0x22, 0x00, 0x22, 0x00, 0x44, 0x08, 0x65, 0x08, 0x23, 0x00, 0x22, 0x00,
    0x22, 0x00, 0x22, 0x00, 0x22, 0x00, 0x22, 0x00, 0x22, 0x00, 0x22, 0x00, 0x22, 0x00, 0x22, 0x00,
    0x22, 0x00, 0x22, 0x00, 0x22, 0x00, 0x43, 0x08, 0x86, 0x08, 0x23, 0x08, 0x22, 0x00, 0x22, 0x00,
    0x22, 0x00, 0x22, 0x00, 0x22, 0x00, 0x22, 0x00, 0x22, 0x00, 0x22, 0x00, 0x22, 0x00, 0x22, 0x00,
    0x22, 0x00, 0x22, 0x00, 0x23, 0x00, 0x65, 0x08, 0x44, 0x08, 0x22, 0x00, 0x22, 0x00, 0x22, 0x00,
    0x22, 0x00, 0x02, 0x00, 0x22, 0x00, 0x22, 0x00, 0x22, 0x00, 0x22, 0x00, 0x22, 0x00, 0x22, 0x00,
    0x22, 0x00, 0x02, 0x00, 0x43, 0x08, 0x86, 0x08, 0x23, 0x08, 0x02, 0x00, 0x22, 0x00, 0x22, 0x00,
    0x22, 0x00, 0x02, 0x00, 0x22, 0x00, 0x22, 0x00, 0x22, 0x00, 0x02, 0x00, 0x22, 0x00, 0x22, 0x00,
    0x22, 0x00, 0x02, 0x00, 0x44, 0x08, 0x65, 0x08, 0x22, 0x00, 0x02, 0x00, 0x22, 0x00, 0x22, 0x00,
    0x22, 0x00, 0x02, 0x00, 0x22, 0x00, 0x02, 0x00, 0x22, 0x00, 0x02, 0x00, 0x22, 0x00, 0x02, 0x00,
    0x22, 0x00, 0x02, 0x00, 0x44, 0x08, 0x65, 0x08, 0x22, 0x00, 0x02, 0x00, 0x22, 0x00, 0x02, 0x00,
    0x02, 0x00, 0x02, 0x00, 0x22, 0x00, 0x02, 0x00, 0x02, 0x00, 0x02, 0x00, 0x22, 0x00, 0x02, 0x00,
    0x02, 0x00, 0x02, 0x00, 0x44, 0x08, 0x65, 0x08, 0x23, 0x00, 0x02, 0x00, 0x22, 0x00, 0x02, 0x00,
    0x02, 0x00, 0x02, 0x00, 0x02, 0x00, 0x02, 0x00, 0x02, 0x00, 0x02, 0x00, 0x02, 0x00, 0x02, 0x00,
    0x02, 0x00, 0x02, 0x00, 0x22, 0x00, 0x65, 0x08, 0x43, 0x08, 0x02, 0x00, 0x02, 0x00, 0x02, 0x00,
    0x02, 0x00, 0x01, 0x00, 0x02, 0x00, 0x02, 0x00, 0x02, 0x00, 0x01, 0x00, 0x02, 0x00, 0x01, 0x00,
    0x22, 0x00, 0x64, 0x08, 0x64, 0x08, 0x43, 0x00, 0x23, 0x00, 0x23, 0x00, 0x22, 0x00, 0x23, 0x00,
    0x22, 0x00, 0x43, 0x00, 0x22, 0x00, 0x43, 0x00, 0x22, 0x00, 0x43, 0x00, 0x65, 0x08, 0x65, 0x08,
    0x23, 0x00, 0x43, 0x00, 0x23, 0x00, 0x43, 0x00, 0x23, 0x00, 0x43, 0x08, 0x23, 0x00, 0x43, 0x08,
    0x23, 0x00, 0x44, 0x08, 0x43, 0x00, 0x86, 0x08, 0x85, 0x08, 0x44, 0x08, 0x43, 0x08, 0x64, 0x08,
    0x44, 0x08, 0x64, 0x08, 0x44, 0x08, 0x64, 0x08, 0x44, 0x08, 0x64, 0x08, 0x44, 0x08, 0x64, 0x08,
    0x85, 0x08, 0xa7, 0x10, 0x44, 0x08, 0x64, 0x08, 0x64, 0x08, 0x64, 0x08, 0x64, 0x08, 0x64, 0x08,
    0x64, 0x08, 0x64, 0x08, 0x64, 0x08, 0x64, 0x08, 0x64, 0x08, 0x85, 0x08, 0xa7, 0x10, 0x86, 0x08,
    0x64, 0x08, 0x64, 0x08, 0x44, 0x08, 0x64, 0x08, 0x44, 0x08, 0x64, 0x08, 0x44, 0x08, 0x64, 0x08,
    0x44, 0x08, 0x64, 0x08, 0x44, 0x08, 0x86, 0x10, 0x86, 0x08, 0x64, 0x08, 0x44, 0x08, 0x64, 0x08,
    0x44, 0x08, 0x64, 0x08, 0x44, 0x08, 0x64, 0x08, 0x44, 0x08, 0x64, 0x08, 0x43, 0x08, 0x44, 0x08,
    0x43, 0x08, 0xa6, 0x10, 0x65, 0x08, 0x43, 0x08, 0x43, 0x08, 0x43, 0x08, 0x43, 0x00, 0x43, 0x08,
    0x43, 0x00, 0x43, 0x08, 0x43, 0x00, 0x43, 0x08, 0x43, 0x00, 0x43, 0x08, 0x43, 0x08, 0x86, 0x10,
    0x64, 0x08, 0x43, 0x08, 0x23, 0x00, 0x43, 0x08, 0x23, 0x00, 0x43, 0x08, 0x23, 0x00, 0x43, 0x08,
    0x23, 0x00, 0x43, 0x00, 0x23, 0x00, 0x23, 0x00, 0x23, 0x00, 0x86, 0x10, 0x44, 0x08, 0x23, 0x00,
    0x22, 0x00, 0x23, 0x00, 0x22, 0x00, 0x23, 0x00, 0x22, 0x00, 0x22, 0x00, 0x22, 0x00, 0x22, 0x00,
    0x22, 0x00, 0x22, 0x00, 0x22, 0x00, 0x65, 0x08, 0x44, 0x08, 0x22, 0x00, 0x02, 0x00, 0x22, 0x00,
    0x02, 0x00, 0x22, 0x00, 0x02, 0x00, 0x22, 0x00, 0x02, 0x00, 0x22, 0x00, 0x02, 0x00, 0x22, 0x00,
    0x02, 0x00, 0x44, 0x08, 0x65, 0x08, 0x22, 0x00, 0x02, 0x00, 0x22, 0x00, 0x02, 0x00, 0x22, 0x00,
    0x02, 0x00, 0x22, 0x00, 0x02, 0x00, 0x22, 0x00, 0x02, 0x00, 0x22, 0x00, 0x02, 0x00, 0x23, 0x00,
    0x65, 0x08, 0x43, 0x08, 0x02, 0x00, 0x22, 0x00, 0x02, 0x00, 0x22, 0x00, 0x02, 0x00, 0x22, 0x00,
    0x02, 0x00, 0x22, 0x00, 0x02, 0x00, 0x22, 0x00, 0x02, 0x00, 0x22, 0x00, 0x43, 0x08, 0x65, 0x08,
    0x23, 0x00, 0x22, 0x00, 0x02, 0x00, 0x22, 0x00, 0x22, 0x00, 0x22, 0x00, 0x02, 0x00, 0x22, 0x00,
    0x02, 0x00, 0x22, 0x00, 0x02, 0x00, 0x22, 0x00, 0x22, 0x00, 0x44, 0x08, 0x65, 0x08, 0x22, 0x00,
    0x02, 0x00, 0x22, 0x00, 0x02, 0x00, 0x22, 0x00, 0x22, 0x00, 0x22, 0x00, 0x02, 0x00, 0x22, 0x00,
    0x02, 0x00, 0x22, 0x00, 0x02, 0x00, 0x22, 0x00, 0x44, 0x08, 0x65, 0x08, 0x22, 0x00, 0x22, 0x00,
    0x02, 0x00, 0x22, 0x00, 0x02, 0x00, 0x22, 0x00, 0x22, 0x00, 0x22, 0x00, 0x02, 0x00, 0x22, 0x00,
    0x02, 0x00, 0x22, 0x00, 0x02, 0x00, 0x43, 0x08, 0x66, 0x08, 0x43, 0x08, 0x02, 0x00, 0x22, 0x00,
    0x02, 0x00, 0x22, 0x00, 0x02, 0x00, 0x22, 0x00, 0x02, 0x00, 0x22, 0x00, 0x02, 0x00, 0x22, 0x00,
    0x02, 0x00, 0x22, 0x00, 0x02, 0x00, 0x65, 0x08, 0x44, 0x08, 0x22, 0x00, 0x02, 0x00, 0x22, 0x00,
    0x02, 0x00, 0x22, 0x00, 0x02, 0x00, 0x22, 0x00, 0x02, 0x00, 0x22, 0x00, 0x02, 0x00, 0x22, 0x00,
    0x02, 0x00, 0x22, 0x00, 0x23, 0x00, 0x86, 0x08, 0x23, 0x00, 0x22, 0x00, 0x02, 0x00, 0x22, 0x00,
    0x02, 0x00, 0x22, 0x00, 0x02, 0x00, 0x22, 0x00, 0x02, 0x00, 0x22, 0x00, 0x02, 0x00, 0x22, 0x00,
    0x02, 0x00, 0x22, 0x00, 0x44, 0x08, 0x65, 0x08, 0x22, 0x00, 0x22, 0x00, 0x02, 0x00, 0x22, 0x00,
    0x02, 0x00, 0x22, 0x00, 0x02, 0x00, 0x22, 0x00, 0x02, 0x00, 0x22, 0x00, 0x02, 0x00, 0x22, 0x00,
    0x02, 0x00, 0x22, 0x00, 0x44, 0x08, 0x65, 0x08, 0x22, 0x00, 0x22, 0x00, 0x02, 0x00, 0x22, 0x00,
    0x02, 0x00, 0x22, 0x00, 0x02, 0x00, 0x22, 0x00, 0x02, 0x00, 0x22, 0x00, 0x02, 0x00, 0x22, 0x00,
    0x02, 0x00, 0x22, 0x00, 0x43, 0x08, 0x85, 0x08, 0x23, 0x00, 0x22, 0x00, 0x02, 0x00, 0x02, 0x00,
    0x02, 0x00, 0x02, 0x00, 0x02, 0x00, 0x02, 0x00, 0x02, 0x00, 0x02, 0x00, 0x02, 0x00, 0x02, 0x00,
    0x02, 0x00, 0x02, 0x00, 0x22, 0x00, 0x64, 0x08, 0x44, 0x08, 0x02, 0x00, 0x01, 0x00, 0x02, 0x00,
    0x01, 0x00, 0x02, 0x00, 0x01, 0x00, 0x02, 0x00, 0x01, 0x00, 0x02, 0x00, 0x01, 0x00, 0x02, 0x00,
    0x22, 0x00, 0x64, 0x08, 0x44, 0x08, 0x22, 0x00, 0x23, 0x00, 0x22, 0x00, 0x23, 0x00, 0x23, 0x00,
    0x23, 0x00, 0x23, 0x00, 0x23, 0x00, 0x23, 0x00, 0x43, 0x00, 0x43, 0x00, 0x85, 0x08, 0x64, 0x08,
    0x43, 0x00, 0x43, 0x00, 0x43, 0x00, 0x43, 0x00, 0x43, 0x00, 0x43, 0x00, 0x43, 0x00, 0x43, 0x00,
    0x43, 0x08, 0x44, 0x08, 0x44, 0x08, 0x86, 0x10, 0x85, 0x08, 0x44, 0x08, 0x44, 0x08, 0x44, 0x08,
    0x44, 0x08, 0x44, 0x08, 0x64, 0x08, 0x64, 0x08, 0x64, 0x08, 0x64, 0x08, 0x64, 0x08, 0x64, 0x08,
    0x86, 0x08, 0xa7, 0x10, 0x64, 0x08, 0x64, 0x08, 0x64, 0x08, 0x64, 0x08, 0x65, 0x08, 0x65, 0x08,
    0x65, 0x08, 0x65, 0x08, 0x65, 0x08, 0x65, 0x08, 0x65, 0x08, 0x85, 0x08, 0xc8, 0x10, 0x85, 0x08,
    0x65, 0x08, 0x64, 0x08, 0x65, 0x08, 0x64, 0x08, 0x64, 0x08, 0x64, 0x08, 0x64, 0x08, 0x64, 0x08,
    0x64, 0x08, 0x64, 0x08, 0x64, 0x08, 0x86, 0x08, 0x86, 0x10, 0x44, 0x08, 0x44, 0x08, 0x44, 0x08,
    0x44, 0x08, 0x44, 0x08, 0x44, 0x08, 0x44, 0x08, 0x44, 0x08, 0x44, 0x08, 0x44, 0x08, 0x44, 0x08,
    0x44, 0x08, 0x86, 0x08, 0x65, 0x08, 0x44, 0x08, 0x44, 0x08, 0x44, 0x08, 0x44, 0x08, 0x44, 0x08,
    0x44, 0x08, 0x43, 0x00, 0x43, 0x00, 0x43, 0x00, 0x43, 0x08, 0x43, 0x00, 0x44, 0x08, 0x86, 0x10,
    0x64, 0x08, 0x23, 0x00, 0x43, 0x08, 0x23, 0x00, 0x43, 0x08, 0x23, 0x00, 0x43, 0x00, 0x23, 0x00,
    0x43, 0x00, 0x23, 0x00, 0x23, 0x00, 0x23, 0x00, 0x44, 0x08, 0x86, 0x10, 0x44, 0x08, 0x23, 0x00,
    0x23, 0x00, 0x23, 0x00, 0x23, 0x00, 0x22, 0x00, 0x23, 0x00, 0x23, 0x00, 0x22, 0x00, 0x22, 0x00,
    0x22, 0x00, 0x22, 0x00, 0x22, 0x00, 0x65, 0x08, 0x44, 0x08, 0x22, 0x00, 0x22, 0x00, 0x22, 0x00,
    0x22, 0x00, 0x22, 0x00, 0x22, 0x00, 0x02, 0x00, 0x22, 0x00, 0x22, 0x00, 0x22, 0x00, 0x22, 0x00,
    0x22, 0x00, 0x44, 0x08, 0x65, 0x08, 0x22, 0x00, 0x22, 0x00, 0x22, 0x00, 0x22, 0x00, 0x22, 0x00,
    0x22, 0x00, 0x22, 0x00, 0x22, 0x00, 0x22, 0x00, 0x22, 0x00, 0x22, 0x00, 0x22, 0x00, 0x23, 0x00,
    0x65, 0x08, 0x43, 0x08, 0x22, 0x00, 0x22, 0x00, 0x22, 0x00, 0x22, 0x00, 0x22, 0x00, 0x22, 0x00,
    0x22, 0x00, 0x22, 0x00, 0x22, 0x00, 0x22, 0x00, 0x22, 0x00, 0x22, 0x00, 0x44, 0x08, 0x65, 0x08,
    0x23, 0x00, 0x22, 0x00, 0x22, 0x00, 0x22, 0x00, 0x22, 0x00, 0x22, 0x00, 0x22, 0x00, 0x22, 0x00,
    0x22, 0x00, 0x22, 0x00, 0x22, 0x00, 0x22, 0x00, 0x22, 0x00, 0x44, 0x08, 0x65, 0x08, 0x23, 0x00,
    0x22, 0x00, 0x22, 0x00, 0x22, 0x00, 0x22, 0x00, 0x22, 0x00, 0x22, 0x00, 0x22, 0x00, 0x22, 0x00,
    0x22, 0x00, 0x22, 0x00, 0x22, 0x00, 0x22, 0x00, 0x44, 0x08, 0x65, 0x08, 0x23, 0x00, 0x22, 0x00,
    0x22, 0x00, 0x22, 0x00, 0x22, 0x00, 0x22, 0x00, 0x22, 0x00, 0x22, 0x00, 0x22, 0x00, 0x22, 0x00,
    0x22, 0x00, 0x22, 0x00, 0x22, 0x00, 0x23, 0x08, 0x86, 0x08, 0x43, 0x08, 0x22, 0x00, 0x22, 0x00,
    0x22, 0x00, 0x22, 0x00, 0x22, 0x00, 0x22, 0x00, 0x22, 0x00, 0x22, 0x00, 0x22, 0x00, 0x22, 0x00,
    0x22, 0x00, 0x22, 0x00, 0x22, 0x00, 0x64, 0x08, 0x44, 0x08, 0x22, 0x00, 0x22, 0x00, 0x22, 0x00,
    0x22, 0x00, 0x22, 0x00, 0x22, 0x00, 0x22, 0x00, 0x22, 0x00, 0x22, 0x00, 0x22, 0x00, 0x22, 0x00,
    0x22, 0x00, 0x22, 0x00, 0x23, 0x08, 0x66, 0x08, 0x43, 0x08, 0x22, 0x00, 0x22, 0x00, 0x02, 0x00,
    0x22, 0x00, 0x02, 0x00, 0x22, 0x00, 0x02, 0x00, 0x22, 0x00, 0x22, 0x00, 0x22, 0x00, 0x02, 0x00,
    0x22, 0x00, 0x02, 0x00, 0x44, 0x08, 0x65, 0x08, 0x23, 0x08, 0x02, 0x00, 0x22, 0x00, 0x02, 0x00,
    0x22, 0x00, 0x02, 0x00, 0x22, 0x00, 0x02, 0x00, 0x22, 0x00, 0x02, 0x00, 0x22, 0x00, 0x02, 0x00,
    0x22, 0x00, 0x02, 0x00, 0x43, 0x08, 0x65, 0x08, 0x23, 0x08, 0x02, 0x00, 0x22, 0x00, 0x02, 0x00,
    0x22, 0x00, 0x02, 0x00, 0x02, 0x00, 0x02, 0x00, 0x22, 0x00, 0x02, 0x00, 0x02, 0x00, 0x02, 0x00,
    0x02, 0x00, 0x02, 0x00, 0x23, 0x00, 0x65, 0x08, 0x43, 0x08, 0x02, 0x00, 0x02, 0x00, 0x02, 0x00,
    0x02, 0x00, 0x02, 0x00, 0x02, 0x00, 0x02, 0x00, 0x02, 0x00, 0x02, 0x00, 0x02, 0x00, 0x02, 0x00,
    0x02, 0x00, 0x02, 0x00, 0x02, 0x00, 0x44, 0x08, 0x44, 0x08, 0x02, 0x00, 0x02, 0x00, 0x02, 0x00,
    0x02, 0x00, 0x01, 0x00, 0x02, 0x00, 0x01, 0x00, 0x02, 0x00, 0x01, 0x00, 0x02, 0x00, 0x01, 0x00,
    0x22, 0x00, 0x65, 0x08, 0x43, 0x08, 0x22, 0x00, 0x22, 0x00, 0x23, 0x00, 0x22, 0x00, 0x23, 0x00,
    0x23, 0x00, 0x23, 0x00, 0x23, 0x00, 0x43, 0x00, 0x23, 0x00, 0x43, 0x00, 0x86, 0x08, 0x64, 0x08,
    0x23, 0x00, 0x43, 0x00, 0x43, 0x00, 0x43, 0x08, 0x23, 0x00, 0x43, 0x00, 0x43, 0x00, 0x44, 0x08,
    0x43, 0x00, 0x44, 0x08, 0x44, 0x08, 0xa6, 0x10, 0x65, 0x08, 0x44, 0x08, 0x44, 0x08, 0x64, 0x08,
    0x44, 0x08, 0x64, 0x08, 0x44, 0x08, 0x64, 0x08, 0x44, 0x08, 0x64, 0x08, 0x64, 0x08, 0x64, 0x08,
    0x86, 0x10, 0x86, 0x10, 0x64, 0x08, 0x64, 0x08, 0x64, 0x08, 0x65, 0x08, 0x64, 0x08, 0x65, 0x08,
    0x65, 0x08, 0x65, 0x08, 0x65, 0x08, 0x65, 0x08, 0x65, 0x08, 0x86, 0x08, 0xc8, 0x10, 0x85, 0x08,
    0x64, 0x08, 0x65, 0x08, 0x64, 0x08, 0x65, 0x08, 0x64, 0x08, 0x64, 0x08, 0x64, 0x08, 0x64, 0x08,
    0x64, 0x08, 0x64, 0x08, 0x64, 0x08, 0xa6, 0x10, 0x86, 0x08, 0x64, 0x08, 0x44, 0x08, 0x64, 0x08,
    0x44, 0x08, 0x64, 0x08, 0x44, 0x08, 0x64, 0x08, 0x44, 0x08, 0x44, 0x08, 0x44, 0x08, 0x44, 0x08,
    0x44, 0x08, 0xa7, 0x10, 0x65, 0x08, 0x44, 0x08, 0x43, 0x00, 0x44, 0x08, 0x43, 0x00, 0x44, 0x08,
    0x43, 0x00, 0x43, 0x08, 0x43, 0x00, 0x43, 0x08, 0x43, 0x00, 0x43, 0x08, 0x44, 0x08, 0xa7, 0x10,
    0x44, 0x08, 0x43, 0x08, 0x23, 0x00, 0x43, 0x08, 0x23, 0x00, 0x43, 0x08, 0x23, 0x00, 0x43, 0x08,
    0x23, 0x00, 0x43, 0x00, 0x23, 0x00, 0x43, 0x00, 0x43, 0x00, 0x86, 0x10, 0x44, 0x08, 0x23, 0x00,
    0x23, 0x00, 0x23, 0x00, 0x22, 0x00, 0x23, 0x00, 0x22, 0x00, 0x23, 0x00, 0x22, 0x00, 0x22, 0x00,
    0x22, 0x00, 0x22, 0x00, 0x22, 0x00, 0x65, 0x08, 0x44, 0x08, 0x22, 0x00, 0x02, 0x00, 0x22, 0x00,
    0x02, 0x00, 0x22, 0x00, 0x02, 0x00, 0x22, 0x00, 0x02, 0x00, 0x22, 0x00, 0x02, 0x00, 0x22, 0x00,
    0x02, 0x00, 0x44, 0x08, 0x65, 0x08, 0x22, 0x00, 0x02, 0x00, 0x22, 0x00, 0x02, 0x00, 0x22, 0x00,
    0x02, 0x00, 0x22, 0x00, 0x02, 0x00, 0x22, 0x00, 0x02, 0x00, 0x22, 0x00, 0x02, 0x00, 0x23, 0x00,
    0x65, 0x08, 0x44, 0x08, 0x02, 0x00, 0x22, 0x00, 0x02, 0x00, 0x22, 0x00, 0x02, 0x00, 0x22, 0x00,
    0x02, 0x00, 0x22, 0x00, 0x22, 0x00, 0x22, 0x00, 0x02, 0x00, 0x22, 0x00, 0x43, 0x08, 0x65, 0x08,
    0x23, 0x00, 0x22, 0x00, 0x22, 0x00, 0x22, 0x00, 0x02, 0x00, 0x22, 0x00, 0x22, 0x00, 0x22, 0x00,
    0x02, 0x00, 0x22, 0x00, 0x22, 0x00, 0x22, 0x00, 0x02, 0x00, 0x44, 0x08, 0x65, 0x08, 0x23, 0x00,
    0x02, 0x00, 0x22, 0x00, 0x22, 0x00, 0x22, 0x00, 0x02, 0x00, 0x22, 0x00, 0x22, 0x00, 0x22, 0x00,
    0x02, 0x00, 0x22, 0x00, 0x22, 0x00, 0x22, 0x00, 0x44, 0x08, 0x65, 0x08, 0x23, 0x00, 0x22, 0x00,
    0x02, 0x00, 0x22, 0x00, 0x22, 0x00, 0x22, 0x00, 0x02, 0x00, 0x22, 0x00, 0x02, 0x00, 0x22, 0x00,
    0x02, 0x00, 0x22, 0x00, 0x02, 0x00, 0x43, 0x08, 0x66, 0x08, 0x43, 0x08, 0x02, 0x00, 0x22, 0x00,
    0x02, 0x00, 0x22, 0x00, 0x02, 0x00, 0x22, 0x00, 0x02, 0x00, 0x22, 0x00, 0x02, 0x00, 0x22, 0x00,
    0x02, 0x00, 0x22, 0x00, 0x02, 0x00, 0x64, 0x08, 0x44, 0x08, 0x22, 0x00, 0x02, 0x00, 0x22, 0x00,
    0x02, 0x00, 0x22, 0x00, 0x02, 0x00, 0x22, 0x00, 0x02, 0x00, 0x22, 0x00, 0x02, 0x00, 0x22, 0x00,
    0x02, 0x00, 0x22, 0x00, 0x23, 0x00, 0x65, 0x08, 0x43, 0x08, 0x22, 0x00, 0x02, 0x00, 0x22, 0x00,
    0x02, 0x00, 0x22, 0x00, 0x02, 0x00, 0x22, 0x00, 0x02, 0x00, 0x22, 0x00, 0x02, 0x00, 0x22, 0x00,
    0x02, 0x00, 0x22, 0x00, 0x43, 0x08, 0x86, 0x08, 0x23, 0x00, 0x22, 0x00, 0x02, 0x00, 0x22, 0x00,
    0x02, 0x00, 0x22, 0x00, 0x02, 0x00, 0x22, 0x00, 0x02, 0x00, 0x22, 0x00, 0x02, 0x00, 0x22, 0x00,
    0x02, 0x00, 0x22, 0x00, 0x23, 0x08, 0x86, 0x08, 0x23, 0x08, 0x22, 0x00, 0x02, 0x00, 0x22, 0x00,
    0x02, 0x00, 0x22, 0x00, 0x02, 0x00, 0x22, 0x00, 0x02, 0x00, 0x22, 0x00, 0x02, 0x00, 0x22, 0x00,
    0x02, 0x00, 0x22, 0x00, 0x23, 0x00, 0x65, 0x08, 0x44, 0x08, 0x22, 0x00, 0x02, 0x00, 0x02, 0x00,
    0x02, 0x00, 0x02, 0x00, 0x02, 0x00, 0x02, 0x00, 0x02, 0x00, 0x02, 0x00, 0x02, 0x00, 0x02, 0x00,
    0x02, 0x00, 0x02, 0x00, 0x02, 0x00, 0x44, 0x08, 0x64, 0x08, 0x22, 0x00, 0x01, 0x00, 0x02, 0x00,
    0x01, 0x00, 0x02, 0x00, 0x01, 0x00, 0x02, 0x00, 0x01, 0x00, 0x02, 0x00, 0x01, 0x00, 0x02, 0x00,
    0x23, 0x00, 0x85, 0x08, 0x43, 0x08, 0x22, 0x00, 0x22, 0x00, 0x22, 0x00, 0x23, 0x00, 0x22, 0x00,
    0x22, 0x00, 0x22, 0x00, 0x43, 0x00, 0x22, 0x00, 0x22, 0x00, 0x43, 0x00, 0x86, 0x10, 0x43, 0x08,
    0x43, 0x00, 0x23, 0x00, 0x43, 0x00, 0x43, 0x00, 0x43, 0x00, 0x43, 0x00, 0x43, 0x08, 0x43, 0x00,
    0x43, 0x08, 0x43, 0x00, 0x44, 0x08, 0xa6, 0x10, 0x65, 0x08, 0x43, 0x08, 0x44, 0x08, 0x44, 0x08,
    0x44, 0x08, 0x44, 0x08, 0x64, 0x08, 0x44, 0x08, 0x44, 0x08, 0x44, 0x08, 0x64, 0x08, 0x44, 0x08,
    0x86, 0x10, 0x86, 0x08, 0x64, 0x08, 0x64, 0x08, 0x64, 0x08, 0x64, 0x08, 0x64, 0x08, 0x64, 0x08,
    0x64, 0x08, 0x64, 0x08, 0x64, 0x08, 0x64, 0x08, 0x64, 0x08, 0x85, 0x08, 0xa7, 0x10, 0x65, 0x08,
    0x64, 0x08, 0x64, 0x08, 0x64, 0x08, 0x64, 0x08, 0x64, 0x08, 0x44, 0x08, 0x64, 0x08, 0x44, 0x08,
    0x44, 0x08, 0x44, 0x08, 0x64, 0x08, 0x86, 0x08, 0x86, 0x08, 0x44, 0x08, 0x44, 0x08, 0x44, 0x08,
    0x44, 0x08, 0x44, 0x08, 0x44, 0x08, 0x44, 0x08, 0x44, 0x08, 0x44, 0x08, 0x44, 0x08, 0x43, 0x08,
    0x44, 0x08, 0xa6, 0x10, 0x65, 0x08, 0x43, 0x08, 0x43, 0x08, 0x43, 0x08, 0x43, 0x08, 0x43, 0x08,
    0x43, 0x08, 0x43, 0x00, 0x43, 0x08, 0x43, 0x00, 0x43, 0x00, 0x43, 0x00, 0x64, 0x08, 0x86, 0x10,
    0x44, 0x08, 0x23, 0x00, 0x43, 0x08, 0x23, 0x00, 0x23, 0x00, 0x23, 0x00, 0x43, 0x00, 0x23, 0x00,
    0x23, 0x00, 0x23, 0x00, 0x23, 0x00, 0x23, 0x00, 0x43, 0x08, 0x86, 0x10, 0x44, 0x08, 0x22, 0x00,
    0x22, 0x00, 0x22, 0x00, 0x23, 0x00, 0x22, 0x00, 0x22, 0x00, 0x22, 0x00, 0x22, 0x00, 0x22, 0x00,
    0x22, 0x00, 0x22, 0x00, 0x22, 0x00, 0x65, 0x08, 0x44, 0x08, 0x02, 0x00, 0x22, 0x00, 0x22, 0x00,
    0x22, 0x00, 0x02, 0x00, 0x22, 0x00, 0x22, 0x00, 0x22, 0x00, 0x02, 0x00, 0x22, 0x00, 0x22, 0x00,
    0x22, 0x00, 0x44, 0x08, 0x65, 0x08, 0x22, 0x00, 0x22, 0x00, 0x02, 0x00, 0x22, 0x00, 0x22, 0x00,
    0x22, 0x00, 0x02, 0x00, 0x22, 0x00, 0x22, 0x00, 0x22, 0x00, 0x02, 0x00, 0x22, 0x00, 0x23, 0x00,
    0x65, 0x08, 0x43, 0x08, 0x22, 0x00, 0x22, 0x00, 0x22, 0x00, 0x22, 0x00, 0x22, 0x00, 0x22, 0x00,
    0x22, 0x00, 0x22, 0x00, 0x22, 0x00, 0x22, 0x00, 0x22, 0x00, 0x22, 0x00, 0x43, 0x08, 0x85, 0x08,
    0x23, 0x00, 0x22, 0x00, 0x22, 0x00, 0x22, 0x00, 0x22, 0x00, 0x22, 0x00, 0x22, 0x00, 0x22, 0x00,
    0x22, 0x00, 0x22, 0x00, 0x22, 0x00, 0x22, 0x00, 0x22, 0x00, 0x44, 0x08, 0x65, 0x08, 0x23, 0x00,
    0x22, 0x00, 0x22, 0x00, 0x22, 0x00, 0x22, 0x00, 0x22, 0x00, 0x22, 0x00, 0x22, 0x00, 0x22, 0x00,
    0x22, 0x00, 0x22, 0x00, 0x22, 0x00, 0x22, 0x00, 0x44, 0x08, 0x65, 0x08, 0x23, 0x08, 0x22, 0x00,
    0x22, 0x00, 0x22, 0x00, 0x22, 0x00, 0x22, 0x00, 0x22, 0x00, 0x22, 0x00, 0x22, 0x00, 0x22, 0x00,
    0x22, 0x00, 0x22, 0x00, 0x22, 0x00, 0x23, 0x08, 0x65, 0x08, 0x43, 0x08, 0x22, 0x00, 0x22, 0x00,
    0x22, 0x00, 0x22, 0x00, 0x22, 0x00, 0x22, 0x00, 0x22, 0x00, 0x02, 0x00, 0x22, 0x00, 0x22, 0x00,
    0x22, 0x00, 0x02, 0x00, 0x22, 0x00, 0x44, 0x08, 0x65, 0x08, 0x02, 0x00, 0x22, 0x00, 0x22, 0x00,
    0x22, 0x00, 0x02, 0x00, 0x22, 0x00, 0x22, 0x00, 0x22, 0x00, 0x02, 0x00, 0x22, 0x00, 0x22, 0x00,
    0x22, 0x00, 0x02, 0x00, 0x23, 0x00, 0x65, 0x08, 0x44, 0x08, 0x02, 0x00, 0x22, 0x00, 0x22, 0x00,
    0x22, 0x00, 0x02, 0x00, 0x22, 0x00, 0x22, 0x00, 0x22, 0x00, 0x02, 0x00, 0x22, 0x00, 0x22, 0x00,
    0x22, 0x00, 0x02, 0x00, 0x23, 0x08, 0x65, 0x08, 0x43, 0x08, 0x02, 0x00, 0x22, 0x00, 0x02, 0x00,
    0x22, 0x00, 0x02, 0x00, 0x22, 0x00, 0x02, 0x00, 0x02, 0x00, 0x02, 0x00, 0x22, 0x00, 0x02, 0x00,
    0x02, 0x00, 0x02, 0x00, 0x23, 0x08, 0x65, 0x08, 0x43, 0x08, 0x02, 0x00, 0x22, 0x00, 0x02, 0x00,
    0x02, 0x00, 0x02, 0x00, 0x22, 0x00, 0x02, 0x00, 0x02, 0x00, 0x02, 0x00, 0x22, 0x00, 0x02, 0x00,
    0x02, 0x00, 0x02, 0x00, 0x22, 0x00, 0x64, 0x08, 0x44, 0x08, 0x02, 0x00, 0x02, 0x00, 0x02, 0x00,
    0x02, 0x00, 0x02, 0x00, 0x02, 0x00, 0x02, 0x00, 0x02, 0x00, 0x02, 0x00, 0x02, 0x00, 0x02, 0x00,
    0x02, 0x00, 0x02, 0x00, 0x02, 0x00, 0x43, 0x08, 0x65, 0x08, 0x22, 0x00, 0x02, 0x00, 0x01, 0x00,
    0x01, 0x00, 0x01, 0x00, 0x02, 0x00, 0x01, 0x00, 0x01, 0x00, 0x01, 0x00, 0x02, 0x00, 0x01, 0x00,
    0x43, 0x00, 0x85, 0x08, 0x22, 0x00, 0x22, 0x00, 0x22, 0x00, 0x23, 0x00, 0x22, 0x00, 0x23, 0x00,
    0x23, 0x00, 0x43, 0x00, 0x23, 0x00, 0x43, 0x00, 0x23, 0x00, 0x44, 0x08, 0x86, 0x08, 0x44, 0x08,
    0x23, 0x00, 0x43, 0x00, 0x23, 0x00, 0x43, 0x00, 0x23, 0x00, 0x44, 0x08, 0x43, 0x00, 0x43, 0x08,
    0x43, 0x00, 0x44, 0x08, 0x44, 0x08, 0xa7, 0x10, 0x64, 0x08, 0x44, 0x08, 0x44, 0x08, 0x64, 0x08,
    0x44, 0x08, 0x64, 0x08, 0x44, 0x08, 0x64, 0x08, 0x64, 0x08, 0x64, 0x08, 0x64, 0x08, 0x64, 0x08,
    0xa7, 0x10, 0x86, 0x08, 0x64, 0x08, 0x64, 0x08, 0x64, 0x08, 0x65, 0x08, 0x64, 0x08, 0x65, 0x08,
    0x65, 0x08, 0x65, 0x08, 0x65, 0x08, 0x65, 0x08, 0x65, 0x08, 0x86, 0x10, 0xa7, 0x10, 0x65, 0x08,
    0x64, 0x08, 0x65, 0x08, 0x64, 0x08, 0x65, 0x08, 0x64, 0x08, 0x64, 0x08, 0x64, 0x08, 0x64, 0x08,
    0x64, 0x08, 0x64, 0x08, 0x44, 0x08, 0xa7, 0x10, 0x85, 0x08, 0x64, 0x08, 0x44, 0x08, 0x64, 0x08,
    0x44, 0x08, 0x64, 0x08, 0x44, 0x08, 0x64, 0x08, 0x44, 0x08, 0x64, 0x08, 0x44, 0x08, 0x44, 0x08,
    0x64, 0x08, 0xa7, 0x10, 0x64, 0x08, 0x44, 0x08, 0x43, 0x08, 0x44, 0x08, 0x43, 0x00, 0x44, 0x08,
    0x43, 0x00, 0x44, 0x08, 0x43, 0x00, 0x43, 0x08, 0x43, 0x00, 0x43, 0x08, 0x44, 0x08, 0xa7, 0x10,
    0x44, 0x08, 0x43, 0x08, 0x23, 0x00, 0x43, 0x08, 0x23, 0x00, 0x43, 0x08, 0x23, 0x00, 0x43, 0x08,
    0x23, 0x00, 0x43, 0x00, 0x23, 0x00, 0x23, 0x00, 0x44, 0x08, 0x86, 0x10, 0x43, 0x08, 0x23, 0x00,
    0x23, 0x00, 0x23, 0x00, 0x22, 0x00, 0x23, 0x00, 0x22, 0x00, 0x23, 0x00, 0x22, 0x00, 0x22, 0x00,
    0x22, 0x00, 0x22, 0x00, 0x23, 0x00, 0x65, 0x08, 0x43, 0x08, 0x22, 0x00, 0x02, 0x00, 0x22, 0x00,
    0x02, 0x00, 0x22, 0x00, 0x02, 0x00, 0x22, 0x00, 0x02, 0x00, 0x22, 0x00, 0x02, 0x00, 0x22, 0x00,
    0x02, 0x00, 0x44, 0x08, 0x65, 0x08, 0x22, 0x00, 0x02, 0x00, 0x22, 0x00, 0x02, 0x00, 0x22, 0x00,
    0x02, 0x00, 0x22, 0x00, 0x02, 0x00, 0x22, 0x00, 0x02, 0x00, 0x22, 0x00, 0x02, 0x00, 0x23, 0x00,
    0x65, 0x08, 0x44, 0x08, 0x02, 0x00, 0x22, 0x00, 0x02, 0x00, 0x22, 0x00, 0x02, 0x00, 0x22, 0x00,
    0x02, 0x00, 0x22, 0x00, 0x02, 0x00, 0x22, 0x00, 0x02, 0x00, 0x22, 0x00, 0x43, 0x08, 0x86, 0x10,
    0x23, 0x00, 0x22, 0x00, 0x02, 0x00, 0x22, 0x00, 0x02, 0x00, 0x22, 0x00, 0x02, 0x00, 0x22, 0x00,
    0x02, 0x00, 0x22, 0x00, 0x02, 0x00, 0x22, 0x00, 0x02, 0x00, 0x44, 0x08, 0x65, 0x08, 0x23, 0x08,
    0x02, 0x00, 0x22, 0x00, 0x02, 0x00, 0x22, 0x00, 0x02, 0x00, 0x22, 0x00, 0x02, 0x00, 0x22, 0x00,
    0x02, 0x00, 0x22, 0x00, 0x02, 0x00, 0x22, 0x00, 0x44, 0x08, 0x86, 0x10, 0x23, 0x00, 0x22, 0x00,
    0x02, 0x00, 0x22, 0x00, 0x02, 0x00, 0x22, 0x00, 0x02, 0x00, 0x22, 0x00, 0x02, 0x00, 0x22, 0x00,
    0x02, 0x00, 0x22, 0x00, 0x02, 0x00, 0x43, 0x08, 0x65, 0x08, 0x44, 0x08, 0x02, 0x00, 0x22, 0x00,
    0x02, 0x00, 0x22, 0x00, 0x02, 0x00, 0x22, 0x00, 0x02, 0x00, 0x22, 0x00, 0x02, 0x00, 0x22, 0x00,
    0x02, 0x00, 0x22, 0x00, 0x02, 0x00, 0x44, 0x08, 0x65, 0x08, 0x22, 0x00, 0x02, 0x00, 0x22, 0x00,
    0x02, 0x00, 0x22, 0x00, 0x02, 0x00, 0x22, 0x00, 0x02, 0x00, 0x22, 0x00, 0x02, 0x00, 0x22, 0x00,
    0x02, 0x00, 0x22, 0x00, 0x22, 0x00, 0x65, 0x08, 0x44, 0x08, 0x22, 0x00, 0x02, 0x00, 0x22, 0x00,
    0x02, 0x00, 0x22, 0x00, 0x02, 0x00, 0x22, 0x00, 0x02, 0x00, 0x22, 0x00, 0x02, 0x00, 0x22, 0x00,
    0x02, 0x00, 0x22, 0x00, 0x23, 0x00, 0x65, 0x08, 0x44, 0x08, 0x22, 0x00, 0x02, 0x00, 0x22, 0x00,
    0x02, 0x00, 0x22, 0x00, 0x02, 0x00, 0x22, 0x00, 0x02, 0x00, 0x22, 0x00, 0x02, 0x00, 0x22, 0x00,
    0x02, 0x00, 0x22, 0x00, 0x23, 0x00, 0x65, 0x08, 0x44, 0x08, 0x22, 0x00, 0x02, 0x00, 0x22, 0x00,
    0x02, 0x00, 0x22, 0x00, 0x02, 0x00, 0x22, 0x00, 0x02, 0x00, 0x22, 0x00, 0x02, 0x00, 0x22, 0x00,
    0x02, 0x00, 0x22, 0x00, 0x02, 0x00, 0x64, 0x08, 0x44, 0x08, 0x02, 0x00, 0x02, 0x00, 0x02, 0x00,
    0x02, 0x00, 0x02, 0x00, 0x02, 0x00, 0x02, 0x00, 0x02, 0x00, 0x02, 0x00, 0x02, 0x00, 0x02, 0x00,
    0x02, 0x00, 0x02, 0x00, 0x02, 0x00, 0x23, 0x00, 0x65, 0x08, 0x23, 0x00, 0x01, 0x00, 0x02, 0x00,
    0x01, 0x00, 0x02, 0x00, 0x01, 0x00, 0x02, 0x00, 0x01, 0x00, 0x02, 0x00, 0x01, 0x00, 0x02, 0x00,
    0x43, 0x08, 0x65, 0x08, 0x22, 0x00, 0x22, 0x00, 0x22, 0x00, 0x22, 0x00, 0x22, 0x00, 0x22, 0x00,
    0x23, 0x00, 0x23, 0x00, 0x23, 0x00, 0x23, 0x00, 0x43, 0x00, 0x64, 0x08, 0x86, 0x08, 0x43, 0x00,
    0x43, 0x00, 0x43, 0x00, 0x43, 0x00, 0x43, 0x00, 0x43, 0x00, 0x43, 0x00, 0x43, 0x00, 0x43, 0x00,
    0x43, 0x08, 0x43, 0x00, 0x65, 0x08, 0x87, 0x10, 0x64, 0x08, 0x44, 0x08, 0x44, 0x08, 0x44, 0x08,
    0x44, 0x08, 0x44, 0x08, 0x64, 0x08, 0x64, 0x08, 0x64, 0x08, 0x64, 0x08, 0x64, 0x08, 0x64, 0x08,
    0xa7, 0x10, 0x85, 0x08, 0x64, 0x08, 0x64, 0x08, 0x64, 0x08, 0x64, 0x08, 0x64, 0x08, 0x64, 0x08,
    0x65, 0x08, 0x65, 0x08, 0x65, 0x08, 0x65, 0x08, 0x65, 0x08, 0x86, 0x08, 0xa7, 0x10, 0x64, 0x08,
    0x64, 0x08, 0x64, 0x08, 0x64, 0x08, 0x64, 0x08, 0x64, 0x08, 0x64, 0x08, 0x64, 0x08, 0x64, 0x08,
    0x64, 0x08, 0x64, 0x08, 0x64, 0x08, 0xa7, 0x10, 0x85, 0x08, 0x44, 0x08, 0x44, 0x08, 0x44, 0x08,
    0x44, 0x08, 0x44, 0x08, 0x44, 0x08, 0x44, 0x08, 0x44, 0x08, 0x44, 0x08, 0x44, 0x08, 0x44, 0x08,
    0x65, 0x08, 0xa7, 0x10, 0x64, 0x08, 0x44, 0x08, 0x44, 0x08, 0x43, 0x08, 0x44, 0x08, 0x43, 0x00,
    0x44, 0x08, 0x43, 0x00, 0x43, 0x00, 0x43, 0x00, 0x43, 0x08, 0x43, 0x00, 0x65, 0x08, 0x86, 0x10,
    0x44, 0x08, 0x23, 0x00, 0x43, 0x08, 0x23, 0x00, 0x43, 0x08, 0x23, 0x00, 0x43, 0x00, 0x23, 0x00,
    0x43, 0x00, 0x23, 0x00, 0x23, 0x00, 0x23, 0x00, 0x44, 0x08, 0x86, 0x10, 0x43, 0x08, 0x23, 0x00,
    0x23, 0x00, 0x23, 0x00, 0x23, 0x00, 0x22, 0x00, 0x22, 0x00, 0x22, 0x00, 0x22, 0x00, 0x22, 0x00,
    0x22, 0x00, 0x22, 0x00, 0x23, 0x08, 0x65, 0x08, 0x44, 0x08, 0x02, 0x00, 0x22, 0x00, 0x02, 0x00,
    0x22, 0x00, 0x22, 0x00, 0x22, 0x00, 0x02, 0x00, 0x22, 0x00, 0x22, 0x00, 0x22, 0x00, 0x02, 0x00,
    0x22, 0x00, 0x44, 0x08, 0x64, 0x08, 0x02, 0x00, 0x22, 0x00, 0x22, 0x00, 0x22, 0x00, 0x02, 0x00,
    0x22, 0x00, 0x22, 0x00, 0x22, 0x00, 0x22, 0x00, 0x22, 0x00, 0x22, 0x00, 0x22, 0x00, 0x23, 0x00,
    0x65, 0x08, 0x43, 0x08, 0x22, 0x00, 0x22, 0x00, 0x22, 0x00, 0x22, 0x00, 0x22, 0x00, 0x22, 0x00,
    0x22, 0x00, 0x22, 0x00, 0x22, 0x00, 0x22, 0x00, 0x22, 0x00, 0x22, 0x00, 0x43, 0x08, 0x86, 0x08,
    0x23, 0x08, 0x22, 0x00, 0x22, 0x00, 0x22, 0x00, 0x22, 0x00, 0x22, 0x00, 0x22, 0x00, 0x22, 0x00,
    0x22, 0x00, 0x22, 0x00, 0x22, 0x00, 0x22, 0x00, 0x22, 0x00, 0x44, 0x08, 0x65, 0x10, 0x23, 0x00,
    0x22, 0x00, 0x22, 0x00, 0x22, 0x00, 0x22, 0x00, 0x22, 0x00, 0x22, 0x00, 0x22, 0x00, 0x22, 0x00,
    0x22, 0x00, 0x22, 0x00, 0x22, 0x00, 0x22, 0x00, 0x43, 0x08, 0x86, 0x08, 0x23, 0x08, 0x22, 0x00,
    0x22, 0x00, 0x22, 0x00, 0x22, 0x00, 0x22, 0x00, 0x22, 0x00, 0x22, 0x00, 0x22, 0x00, 0x22, 0x00,
    0x22, 0x00, 0x22, 0x00, 0x22, 0x00, 0x23, 0x00, 0x65, 0x08, 0x44, 0x08, 0x22, 0x00, 0x22, 0x00,
    0x22, 0x00, 0x22, 0x00, 0x22, 0x00, 0x22, 0x00, 0x22, 0x00, 0x22, 0x00, 0x22, 0x00, 0x22, 0x00,
    0x22, 0x00, 0x22, 0x00, 0x22, 0x00, 0x44, 0x08, 0x65, 0x08, 0x22, 0x00, 0x22, 0x00, 0x02, 0x00,
    0x22, 0x00, 0x22, 0x00, 0x22, 0x00, 0x02, 0x00, 0x22, 0x00, 0x22, 0x00, 0x22, 0x00, 0x02, 0x00,
    0x22, 0x00, 0x22, 0x00, 0x22, 0x00, 0x65, 0x08, 0x44, 0x08, 0x02, 0x00, 0x22, 0x00, 0x02, 0x00,
    0x22, 0x00, 0x02, 0x00, 0x22, 0x00, 0x02, 0x00, 0x22, 0x00, 0x02, 0x00, 0x22, 0x00, 0x02, 0x00,
    0x22, 0x00, 0x02, 0x00, 0x23, 0x00, 0x65, 0x08, 0x44, 0x08, 0x02, 0x00, 0x22, 0x00, 0x02, 0x00,
    0x22, 0x00, 0x02, 0x00, 0x22, 0x00, 0x02, 0x00, 0x22, 0x00, 0x02, 0x00, 0x22, 0x00, 0x02, 0x00,
    0x22, 0x00, 0x02, 0x00, 0x22, 0x00, 0x65, 0x08, 0x44, 0x08, 0x02, 0x00, 0x02, 0x00, 0x02, 0x00,
    0x22, 0x00, 0x02, 0x00, 0x02, 0x00, 0x02, 0x00, 0x02, 0x00, 0x02, 0x00, 0x02, 0x00, 0x02, 0x00,
    0x02, 0x00, 0x02, 0x00, 0x02, 0x00, 0x44, 0x08, 0x64, 0x08, 0x02, 0x00, 0x02, 0x00, 0x02, 0x00,
    0x02, 0x00, 0x02, 0x00, 0x02, 0x00, 0x02, 0x00, 0x02, 0x00, 0x02, 0x00, 0x02, 0x00, 0x02, 0x00,
    0x02, 0x00, 0x02, 0x00, 0x02, 0x00, 0x23, 0x00, 0x65, 0x08, 0x23, 0x08, 0x02, 0x00, 0x01, 0x00,
    0x02, 0x00, 0x01, 0x00, 0x02, 0x00, 0x01, 0x00, 0x02, 0x00, 0x01, 0x00, 0x02, 0x00, 0x01, 0x00,
    0x43, 0x08, 0x64, 0x08, 0x22, 0x00, 0x22, 0x00, 0x22, 0x00, 0x22, 0x00, 0x22, 0x00, 0x23, 0x00,
    0x22, 0x00, 0x23, 0x00, 0x22, 0x00, 0x43, 0x00, 0x22, 0x00, 0x65, 0x08, 0x85, 0x08, 0x43, 0x00,
    0x23, 0x00, 0x43, 0x00, 0x23, 0x00, 0x43, 0x00, 0x23, 0x00, 0x43, 0x00, 0x43, 0x00, 0x43, 0x08,
    0x23, 0x00, 0x43, 0x08, 0x65, 0x08, 0x86, 0x10, 0x23, 0x00, 0x44, 0x08, 0x43, 0x08, 0x64, 0x08,
    0x44, 0x08, 0x64, 0x08, 0x44, 0x08, 0x64, 0x08, 0x44, 0x08, 0x64, 0x08, 0x44, 0x08, 0x65, 0x08,
    0xa7, 0x10, 0x65, 0x08, 0x44, 0x08, 0x64, 0x08, 0x44, 0x08, 0x64, 0x08, 0x64, 0x08, 0x64, 0x08,
    0x44, 0x08, 0x64, 0x08, 0x64, 0x08, 0x64, 0x08, 0x64, 0x08, 0x86, 0x10, 0x86, 0x10, 0x64, 0x08,
    0x44, 0x08, 0x64, 0x08, 0x44, 0x08, 0x64, 0x08, 0x44, 0x08, 0x64, 0x08, 0x44, 0x08, 0x64, 0x08,
    0x44, 0x08, 0x64, 0x08, 0x64, 0x08, 0xa7, 0x10, 0x65, 0x08, 0x64, 0x08, 0x44, 0x08, 0x64, 0x08,
    0x44, 0x08, 0x44, 0x08, 0x44, 0x08, 0x64, 0x08, 0x44, 0x08, 0x44, 0x08, 0x43, 0x08, 0x44, 0x08,
    0x64, 0x08, 0xa6, 0x10, 0x44, 0x08, 0x44, 0x08, 0x43, 0x00, 0x43, 0x08, 0x43, 0x00, 0x43, 0x08,
    0x43, 0x00, 0x43, 0x08, 0x43, 0x00, 0x43, 0x08, 0x43, 0x00, 0x43, 0x08, 0x64, 0x08, 0x86, 0x10,
    0x43, 0x00, 0x43, 0x08, 0x23, 0x00, 0x43, 0x08, 0x23, 0x00, 0x43, 0x08, 0x23, 0x00, 0x43, 0x08,
    0x23, 0x00, 0x43, 0x00, 0x23, 0x00, 0x23, 0x00, 0x44, 0x08, 0x86, 0x10, 0x23, 0x00, 0x23, 0x00,
    0x22, 0x00, 0x22, 0x00, 0x22, 0x00, 0x23, 0x00, 0x22, 0x00, 0x22, 0x00, 0x22, 0x00, 0x22, 0x00,
    0x22, 0x00, 0x22, 0x00, 0x23, 0x00, 0x86, 0x10, 0x43, 0x08, 0x22, 0x00, 0x02, 0x00, 0x22, 0x00,
    0x02, 0x00, 0x22, 0x00, 0x02, 0x00, 0x22, 0x00, 0x02, 0x00, 0x22, 0x00, 0x02, 0x00, 0x22, 0x00,
    0x02, 0x00, 0x44, 0x08, 0x44, 0x08, 0x22, 0x00, 0x02, 0x00, 0x22, 0x00, 0x02, 0x00, 0x22, 0x00,
    0x02, 0x00, 0x22, 0x00, 0x02, 0x00, 0x22, 0x00, 0x02, 0x00, 0x22, 0x00, 0x02, 0x00, 0x23, 0x08,
    0x65, 0x08, 0x43, 0x08, 0x02, 0x00, 0x22, 0x00, 0x02, 0x00, 0x22, 0x00, 0x02, 0x00, 0x22, 0x00,
    0x02, 0x00, 0x22, 0x00, 0x02, 0x00, 0x22, 0x00, 0x02, 0x00, 0x22, 0x00, 0x43, 0x08, 0x86, 0x10,
    0x23, 0x00, 0x22, 0x00, 0x02, 0x00, 0x22, 0x00, 0x02, 0x00, 0x22, 0x00, 0x02, 0x00, 0x22, 0x00,
    0x02, 0x00, 0x22, 0x00, 0x02, 0x00, 0x22, 0x00, 0x02, 0x00, 0x44, 0x08, 0x65, 0x08, 0x43, 0x08,
    0x02, 0x00, 0x22, 0x00, 0x02, 0x00, 0x22, 0x00, 0x02, 0x00, 0x22, 0x00, 0x02, 0x00, 0x22, 0x00,
    0x02, 0x00, 0x22, 0x00, 0x02, 0x00, 0x22, 0x00, 0x23, 0x00, 0x86, 0x10, 0x23, 0x00, 0x22, 0x00,
    0x02, 0x00, 0x22, 0x00, 0x02, 0x00, 0x22, 0x00, 0x02, 0x00, 0x22, 0x00, 0x02, 0x00, 0x22, 0x00,
    0x02, 0x00, 0x22, 0x00, 0x02, 0x00, 0x23, 0x00, 0x65, 0x08, 0x44, 0x08, 0x02, 0x00, 0x22, 0x00,
    0x02, 0x00, 0x22, 0x00, 0x02, 0x00, 0x22, 0x00, 0x02, 0x00, 0x22, 0x00, 0x02, 0x00, 0x22, 0x00,
    0x02, 0x00, 0x22, 0x00, 0x02, 0x00, 0x44, 0x08, 0x65, 0x08, 0x23, 0x08, 0x02, 0x00, 0x22, 0x00,
    0x02, 0x00, 0x22, 0x00, 0x02, 0x00, 0x22, 0x00, 0x02, 0x00, 0x22, 0x00, 0x02, 0x00, 0x22, 0x00,
    0x02, 0x00, 0x22, 0x00, 0x02, 0x00, 0x64, 0x08, 0x44, 0x08, 0x22, 0x00, 0x02, 0x00, 0x22, 0x00,
    0x02, 0x00, 0x22, 0x00, 0x02, 0x00, 0x22, 0x00, 0x02, 0x00, 0x22, 0x00, 0x02, 0x00, 0x22, 0x00,
    0x02, 0x00, 0x22, 0x00, 0x22, 0x00, 0x65, 0x08, 0x44, 0x08, 0x22, 0x00, 0x02, 0x00, 0x22, 0x00,
    0x02, 0x00, 0x22, 0x00, 0x02, 0x00, 0x22, 0x00, 0x02, 0x00, 0x22, 0x00, 0x02, 0x00, 0x22, 0x00,
    0x02, 0x00, 0x22, 0x00, 0x02, 0x00, 0x64, 0x08, 0x44, 0x08, 0x22, 0x00, 0x02, 0x00, 0x22, 0x00,
    0x02, 0x00, 0x22, 0x00, 0x02, 0x00, 0x22, 0x00, 0x02, 0x00, 0x22, 0x00, 0x02, 0x00, 0x22, 0x00,
    0x02, 0x00, 0x22, 0x00, 0x02, 0x00, 0x44, 0x08, 0x65, 0x08, 0x22, 0x00, 0x02, 0x00, 0x02, 0x00,
    0x01, 0x00, 0x02, 0x00, 0x02, 0x00, 0x02, 0x00, 0x01, 0x00, 0x02, 0x00, 0x01, 0x00, 0x02, 0x00,
    0x01, 0x00, 0x02, 0x00, 0x01, 0x00, 0x22, 0x00, 0x64, 0x08, 0x43, 0x08, 0x01, 0x00, 0x02, 0x00,
    0x01, 0x00, 0x02, 0x00, 0x01, 0x00, 0x02, 0x00, 0x01, 0x00, 0x01, 0x00, 0x01, 0x00, 0x02, 0x00,
    0x64, 0x08, 0x44, 0x08, 0x22, 0x00, 0x22, 0x00, 0x22, 0x00, 0x22, 0x00, 0x23, 0x00, 0x22, 0x00,
    0x22, 0x00, 0x23, 0x00, 0x23, 0x00, 0x23, 0x00, 0x23, 0x00, 0x65, 0x08, 0x65, 0x08, 0x43, 0x00,
    0x43, 0x00, 0x23, 0x00, 0x43, 0x00, 0x43, 0x00, 0x43, 0x00, 0x43, 0x00, 0x43, 0x00, 0x43, 0x00,
    0x43, 0x00, 0x43, 0x00, 0x85, 0x08, 0x86, 0x08, 0x44, 0x08, 0x44, 0x00, 0x44, 0x08, 0x44, 0x08,
    0x44, 0x08, 0x44, 0x08, 0x64, 0x08, 0x44, 0x08, 0x64, 0x08, 0x64, 0x08, 0x64, 0x08, 0x65, 0x08,
    0xa7, 0x10, 0x65, 0x08, 0x64, 0x08, 0x64, 0x08, 0x64, 0x08, 0x64, 0x08, 0x64, 0x08, 0x64, 0x08,
    0x64, 0x08, 0x64, 0x08, 0x64, 0x08, 0x64, 0x08, 0x64, 0x08, 0xa6, 0x10, 0x86, 0x08, 0x64, 0x08,
    0x64, 0x08, 0x64, 0x08, 0x64, 0x08, 0x64, 0x08, 0x64, 0x08, 0x64, 0x08, 0x64, 0x08, 0x64, 0x08,
    0x64, 0x08, 0x44, 0x08, 0x65, 0x08, 0xa7, 0x10, 0x65, 0x08, 0x44, 0x08, 0x44, 0x08, 0x44, 0x08,
    0x44, 0x08, 0x44, 0x08, 0x44, 0x08, 0x44, 0x08, 0x44, 0x08, 0x44, 0x08, 0x44, 0x08, 0x44, 0x08,
    0x65, 0x08, 0x86, 0x10, 0x44, 0x08, 0x44, 0x08, 0x44, 0x08, 0x43, 0x08, 0x44, 0x08, 0x43, 0x08,
    0x43, 0x00, 0x43, 0x00, 0x43, 0x08, 0x43, 0x00, 0x43, 0x00, 0x43, 0x00, 0x65, 0x08, 0x86, 0x08,
    0x43, 0x00, 0x23, 0x00, 0x43, 0x08, 0x23, 0x00, 0x23, 0x00, 0x23, 0x00, 0x43, 0x00, 0x23, 0x00,
    0x23, 0x00, 0x23, 0x00, 0x23, 0x00, 0x23, 0x00, 0x44, 0x08, 0x86, 0x08, 0x43, 0x08, 0x23, 0x00,
    0x23, 0x00, 0x22, 0x00, 0x23, 0x00, 0x22, 0x00, 0x22, 0x00, 0x22, 0x00, 0x22, 0x00, 0x22, 0x00,
    0x22, 0x00, 0x22, 0x00, 0x43, 0x08, 0x86, 0x08, 0x43, 0x08, 0x02, 0x00, 0x22, 0x00, 0x22, 0x00,
    0x22, 0x00, 0x02, 0x00, 0x22, 0x00, 0x22, 0x00, 0x22, 0x00, 0x02, 0x00, 0x22, 0x00, 0x22, 0x00,
    0x22, 0x00, 0x44, 0x08, 0x64, 0x08, 0x22, 0x00, 0x22, 0x00, 0x02, 0x00, 0x22, 0x00, 0x22, 0x00,
    0x22, 0x00, 0x02, 0x00, 0x22, 0x00, 0x22, 0x00, 0x22, 0x00, 0x02, 0x00, 0x22, 0x00, 0x23, 0x00,
    0x66, 0x08, 0x43, 0x08, 0x22, 0x00, 0x22, 0x00, 0x22, 0x00, 0x02, 0x00, 0x22, 0x00, 0x22, 0x00,
    0x22, 0x00, 0x02, 0x00, 0x22, 0x00, 0x22, 0x00, 0x22, 0x00, 0x02, 0x00, 0x43, 0x08, 0x86, 0x10,
    0x23, 0x08, 0x02, 0x00, 0x22, 0x00, 0x22, 0x00, 0x22, 0x00, 0x22, 0x00, 0x22, 0x00, 0x22, 0x00,
    0x22, 0x00, 0x02, 0x00, 0x22, 0x00, 0x22, 0x00, 0x22, 0x00, 0x44, 0x08, 0x86, 0x10, 0x23, 0x08,
    0x22, 0x00, 0x02, 0x00, 0x22, 0x00, 0x22, 0x00, 0x22, 0x00, 0x22, 0x00, 0x22, 0x00, 0x22, 0x00,
    0x22, 0x00, 0x02, 0x00, 0x22, 0x00, 0x22, 0x00, 0x43, 0x08, 0x86, 0x10, 0x43, 0x08, 0x22, 0x00,
    0x22, 0x00, 0x02, 0x00, 0x22, 0x00, 0x22, 0x00, 0x22, 0x00, 0x02, 0x00, 0x22, 0x00, 0x22, 0x00,
    0x22, 0x00, 0x02, 0x00, 0x22, 0x00, 0x22, 0x00, 0x65, 0x08, 0x44, 0x08, 0x22, 0x00, 0x22, 0x00,
    0x22, 0x00, 0x02, 0x00, 0x22, 0x00, 0x22, 0x00, 0x22, 0x00, 0x02, 0x00, 0x22, 0x00, 0x22, 0x00,
    0x22, 0x00, 0x02, 0x00, 0x22, 0x00, 0x44, 0x08, 0x65, 0x08, 0x23, 0x00, 0x22, 0x00, 0x22, 0x00,
    0x22, 0x00, 0x02, 0x00, 0x22, 0x00, 0x22, 0x00, 0x22, 0x00, 0x02, 0x00, 0x22, 0x00, 0x22, 0x00,
    0x22, 0x00, 0x02, 0x00, 0x22, 0x00, 0x44, 0x08, 0x65, 0x08, 0x02, 0x00, 0x22, 0x00, 0x22, 0x00,
    0x22, 0x00, 0x02, 0x00, 0x22, 0x00, 0x02, 0x00, 0x22, 0x00, 0x02, 0x00, 0x22, 0x00, 0x02, 0x00,
    0x02, 0x00, 0x02, 0x00, 0x22, 0x00, 0x64, 0x08, 0x64, 0x08, 0x02, 0x00, 0x22, 0x00, 0x02, 0x00,
    0x02, 0x00, 0x02, 0x00, 0x22, 0x00, 0x02, 0x00, 0x02, 0x00, 0x02, 0x00, 0x22, 0x00, 0x02, 0x00,
    0x02, 0x00, 0x02, 0x00, 0x22, 0x00, 0x44, 0x08, 0x65, 0x08, 0x02, 0x00, 0x22, 0x00, 0x02, 0x00,
    0x02, 0x00, 0x02, 0x00, 0x02, 0x00, 0x02, 0x00, 0x02, 0x00, 0x02, 0x00, 0x22, 0x00, 0x02, 0x00,
    0x02, 0x00, 0x02, 0x00, 0x02, 0x00, 0x23, 0x08, 0x65, 0x08, 0x23, 0x00, 0x02, 0x00, 0x02, 0x00,
    0x02, 0x00, 0x02, 0x00, 0x02, 0x00, 0x02, 0x00, 0x02, 0x00, 0x02, 0x00, 0x02, 0x00, 0x02, 0x00,
    0x02, 0x00, 0x02, 0x00, 0x02, 0x00, 0x22, 0x00, 0x64, 0x08, 0x44, 0x08, 0x02, 0x00, 0x01, 0x00,
    0x01, 0x00, 0x01, 0x00, 0x02, 0x00, 0x01, 0x00, 0x02, 0x00, 0x01, 0x00, 0x02, 0x00, 0x02, 0x00,
    0x64, 0x08, 0x44, 0x08, 0x22, 0x00, 0x22, 0x00, 0x22, 0x00, 0x22, 0x00, 0x22, 0x00, 0x23, 0x00,
    0x22, 0x00, 0x23, 0x00, 0x23, 0x00, 0x43, 0x00, 0x23, 0x00, 0x65, 0x08, 0x64, 0x08, 0x43, 0x00,
    0x23, 0x00, 0x43, 0x00, 0x23, 0x00, 0x43, 0x00, 0x23, 0x00, 0x43, 0x08, 0x23, 0x00, 0x44, 0x08,
    0x43, 0x00, 0x43, 0x08, 0x65, 0x08, 0x86, 0x08, 0x43, 0x00, 0x44, 0x08, 0x44, 0x00, 0x44, 0x08,
    0x44, 0x08, 0x64, 0x08, 0x44, 0x08, 0x64, 0x08, 0x44, 0x08, 0x64, 0x08, 0x44, 0x08, 0x85, 0x08,
    0xa7, 0x10, 0x64, 0x08, 0x44, 0x08, 0x64, 0x08, 0x64, 0x08, 0x64, 0x08, 0x64, 0x08, 0x64, 0x08,
    0x64, 0x08, 0x64, 0x08, 0x64, 0x08, 0x64, 0x08, 0x64, 0x08, 0xa7, 0x10, 0x86, 0x08, 0x64, 0x08,
    0x64, 0x08, 0x64, 0x08, 0x64, 0x08, 0x64, 0x08, 0x64, 0x08, 0x64, 0x08, 0x64, 0x08, 0x64, 0x08,
    0x44, 0x08, 0x64, 0x08, 0x65, 0x08, 0xa7, 0x10, 0x65, 0x08, 0x64, 0x08, 0x44, 0x08, 0x64, 0x08,
    0x44, 0x08, 0x64, 0x08, 0x44, 0x08, 0x64, 0x08, 0x44, 0x08, 0x44, 0x08, 0x44, 0x08, 0x44, 0x08,
    0x65, 0x08, 0xa6, 0x10, 0x44, 0x08, 0x44, 0x08, 0x43, 0x00, 0x44, 0x08, 0x43, 0x00, 0x44, 0x08,
    0x43, 0x00, 0x43, 0x08, 0x43, 0x00, 0x43, 0x08, 0x43, 0x00, 0x43, 0x08, 0x65, 0x08, 0x86, 0x10,
    0x23, 0x00, 0x43, 0x08, 0x23, 0x00, 0x43, 0x08, 0x23, 0x00, 0x43, 0x08, 0x23, 0x00, 0x43, 0x00,
    0x23, 0x00, 0x43, 0x00, 0x23, 0x00, 0x23, 0x00, 0x44, 0x08, 0x86, 0x10, 0x23, 0x00, 0x23, 0x00,
    0x23, 0x00, 0x23, 0x00, 0x22, 0x00, 0x22, 0x00, 0x22, 0x00, 0x23, 0x00, 0x22, 0x00, 0x22, 0x00,
    0x22, 0x00, 0x22, 0x00, 0x23, 0x00, 0x86, 0x10, 0x23, 0x00, 0x22, 0x00, 0x02, 0x00, 0x22, 0x00,
    0x02, 0x00, 0x22, 0x00, 0x02, 0x00, 0x22, 0x00, 0x02, 0x00, 0x22, 0x00, 0x02, 0x00, 0x22, 0x00,
    0x02, 0x00, 0x64, 0x08, 0x44, 0x08, 0x22, 0x00, 0x02, 0x00, 0x22, 0x00, 0x02, 0x00, 0x22, 0x00,
    0x02, 0x00, 0x22, 0x00, 0x02, 0x00, 0x22, 0x00, 0x02, 0x00, 0x22, 0x00, 0x02, 0x00, 0x43, 0x08,
    0x65, 0x08, 0x44, 0x08, 0x02, 0x00, 0x22, 0x00, 0x02, 0x00, 0x22, 0x00, 0x02, 0x00, 0x22, 0x00,
    0x02, 0x00, 0x22, 0x00, 0x02, 0x00, 0x22, 0x00, 0x02, 0x00, 0x22, 0x00, 0x23, 0x08, 0x86, 0x10,
    0x23, 0x00, 0x22, 0x00, 0x02, 0x00, 0x22, 0x00, 0x02, 0x00, 0x22, 0x00, 0x02, 0x00, 0x22, 0x00,
    0x02, 0x00, 0x22, 0x00, 0x02, 0x00, 0x22, 0x00, 0x02, 0x00, 0x44, 0x08, 0x65, 0x08, 0x43, 0x08,
    0x02, 0x00, 0x22, 0x00, 0x02, 0x00, 0x22, 0x00, 0x02, 0x00, 0x22, 0x00, 0x02, 0x00, 0x22, 0x00,
    0x02, 0x00, 0x22, 0x00, 0x02, 0x00, 0x22, 0x00, 0x23, 0x08, 0x86, 0x10, 0x23, 0x08, 0x22, 0x00,
    0x02, 0x00, 0x22, 0x00, 0x02, 0x00, 0x22, 0x00, 0x02, 0x00, 0x22, 0x00, 0x02, 0x00, 0x22, 0x00,
    0x02, 0x00, 0x22, 0x00, 0x02, 0x00, 0x22, 0x00, 0x65, 0x08, 0x64, 0x08, 0x02, 0x00, 0x22, 0x00,
    0x02, 0x00, 0x22, 0x00, 0x02, 0x00, 0x22, 0x00, 0x02, 0x00, 0x22, 0x00, 0x02, 0x00, 0x22, 0x00,
    0x02, 0x00, 0x22, 0x00, 0x02, 0x00, 0x44, 0x08, 0x66, 0x08, 0x43, 0x08, 0x02, 0x00, 0x22, 0x00,
    0x02, 0x00, 0x22, 0x00, 0x02, 0x00, 0x22, 0x00, 0x02, 0x00, 0x22, 0x00, 0x02, 0x00, 0x22, 0x00,
    0x02, 0x00, 0x22, 0x00, 0x02, 0x00, 0x44, 0x08, 0x65, 0x08, 0x22, 0x00, 0x02, 0x00, 0x22, 0x00,
    0x02, 0x00, 0x22, 0x00, 0x02, 0x00, 0x22, 0x00, 0x02, 0x00, 0x22, 0x00, 0x02, 0x00, 0x22, 0x00,
    0x02, 0x00, 0x22, 0x00, 0x02, 0x00, 0x64, 0x08, 0x64, 0x08, 0x22, 0x00, 0x02, 0x00, 0x22, 0x00,
    0x02, 0x00, 0x22, 0x00, 0x02, 0x00, 0x22, 0x00, 0x02, 0x00, 0x22, 0x00, 0x02, 0x00, 0x22, 0x00,
    0x02, 0x00, 0x22, 0x00, 0x02, 0x00, 0x44, 0x08, 0x65, 0x08, 0x22, 0x00, 0x02, 0x00, 0x22, 0x00,
    0x02, 0x00, 0x22, 0x00, 0x02, 0x00, 0x22, 0x00, 0x02, 0x00, 0x22, 0x00, 0x22, 0x00, 0x22, 0x00,
    0x22, 0x00, 0x22, 0x00, 0x02, 0x00, 0x43, 0x08, 0x86, 0x08, 0x43, 0x08, 0x22, 0x00, 0x22, 0x00,
    0x22, 0x00, 0x22, 0x00, 0x22, 0x00, 0x22, 0x00, 0x22, 0x00, 0x22, 0x00, 0x22, 0x00, 0x22, 0x00,
    0x22, 0x00, 0x23, 0x00, 0x22, 0x00, 0x23, 0x00, 0x64, 0x08, 0x65, 0x08, 0x22, 0x00, 0x23, 0x00,
    0x22, 0x00, 0x23, 0x00, 0x23, 0x00, 0x23, 0x00, 0x23, 0x00, 0x23, 0x00, 0x23, 0x00, 0x23, 0x00,
    0x65, 0x08, 0x43, 0x00, 0x22, 0x00, 0x22, 0x00, 0x22, 0x00, 0x22, 0x00, 0x22, 0x00, 0x22, 0x00,
    0x22, 0x00, 0x22, 0x00, 0x22, 0x00, 0x22, 0x00, 0x43, 0x00, 0x65, 0x08, 0x64, 0x08, 0x23, 0x00,
    0x43, 0x00, 0x23, 0x00, 0x43, 0x00, 0x23, 0x00, 0x43, 0x00, 0x23, 0x00, 0x43, 0x00, 0x43, 0x00,
    0x43, 0x00, 0x43, 0x00, 0x86, 0x08, 0x65, 0x08, 0x43, 0x08, 0x43, 0x00, 0x43, 0x08, 0x43, 0x00,
    0x44, 0x08, 0x44, 0x08, 0x44, 0x08, 0x44, 0x08, 0x44, 0x08, 0x44, 0x08, 0x44, 0x08, 0x85, 0x08,
    0xa6, 0x10, 0x44, 0x08, 0x44, 0x08, 0x44, 0x08, 0x44, 0x08, 0x44, 0x08, 0x44, 0x08, 0x44, 0x08,
    0x44, 0x08, 0x44, 0x08, 0x44, 0x08, 0x44, 0x08, 0x64, 0x08, 0xa7, 0x10, 0x85, 0x08, 0x44, 0x08,
    0x44, 0x08, 0x44, 0x08, 0x44, 0x08, 0x44, 0x08, 0x44, 0x08, 0x44, 0x08, 0x44, 0x08, 0x44, 0x08,
    0x44, 0x08, 0x44, 0x08, 0x65, 0x08, 0xa7, 0x10, 0x64, 0x08, 0x44, 0x08, 0x44, 0x08, 0x44, 0x08,
    0x44, 0x08, 0x44, 0x08, 0x44, 0x08, 0x44, 0x08, 0x44, 0x08, 0x43, 0x08, 0x43, 0x08, 0x43, 0x08,
    0x85, 0x08, 0x86, 0x08, 0x43, 0x08, 0x43, 0x08, 0x43, 0x08, 0x43, 0x08, 0x43, 0x08, 0x43, 0x00,
    0x43, 0x08, 0x43, 0x00, 0x43, 0x00, 0x43, 0x00, 0x43, 0x00, 0x43, 0x00, 0x65, 0x08, 0x85, 0x08,
    0x43, 0x00, 0x23, 0x00, 0x23, 0x00, 0x23, 0x00, 0x43, 0x08, 0x23, 0x00, 0x23, 0x00, 0x23, 0x00,
    0x23, 0x00, 0x23, 0x00, 0x23, 0x00, 0x23, 0x00, 0x64, 0x08, 0x85, 0x08, 0x23, 0x00, 0x22, 0x00,
    0x22, 0x00, 0x22, 0x00, 0x22, 0x00, 0x22, 0x00, 0x22, 0x00, 0x22, 0x00, 0x22, 0x00, 0x22, 0x00,
    0x22, 0x00, 0x22, 0x00, 0x43, 0x08, 0x86, 0x08, 0x43, 0x08, 0x02, 0x00, 0x22, 0x00, 0x02, 0x00,
    0x22, 0x00, 0x02, 0x00, 0x22, 0x00, 0x02, 0x00, 0x22, 0x00, 0x02, 0x00, 0x22, 0x00, 0x02, 0x00,
    0x22, 0x00, 0x44, 0x08, 0x44, 0x08, 0x02, 0x00, 0x22, 0x00, 0x22, 0x00, 0x22, 0x00, 0x02, 0x00,
    0x22, 0x00, 0x02, 0x00, 0x22, 0x00, 0x02, 0x00, 0x22, 0x00, 0x22, 0x00, 0x22, 0x00, 0x23, 0x00,
    0x85, 0x10, 0x43, 0x08, 0x22, 0x00, 0x02, 0x00, 0x22, 0x00, 0x22, 0x00, 0x22, 0x00, 0x22, 0x00,
    0x22, 0x00, 0x22, 0x00, 0x22, 0x00, 0x02, 0x00, 0x22, 0x00, 0x22, 0x00, 0x43, 0x08, 0x86, 0x10,
    0x43, 0x08, 0x22, 0x00, 0x22, 0x00, 0x02, 0x00, 0x22, 0x00, 0x22, 0x00, 0x22, 0x00, 0x22, 0x00,
    0x22, 0x00, 0x22, 0x00, 0x22, 0x00, 0x02, 0x00, 0x22, 0x00, 0x43, 0x08, 0x86, 0x10, 0x23, 0x08,
    0x22, 0x00, 0x22, 0x00, 0x22, 0x00, 0x02, 0x00, 0x22, 0x00, 0x22, 0x00, 0x22, 0x00, 0x22, 0x00,
    0x22, 0x00, 0x22, 0x00, 0x22, 0x00, 0x02, 0x00, 0x43, 0x08, 0x86, 0x10, 0x43, 0x08, 0x22, 0x00,
    0x22, 0x00, 0x22, 0x00, 0x22, 0x00, 0x02, 0x00, 0x22, 0x00, 0x22, 0x00, 0x22, 0x00, 0x22, 0x00,
    0x22, 0x00, 0x22, 0x00, 0x23, 0x00, 0x22, 0x00, 0x65, 0x08, 0x65, 0x08, 0x23, 0x00, 0x23, 0x00,
    0x23, 0x08, 0x23, 0x08, 0x23, 0x08, 0x23, 0x00, 0x43, 0x08, 0x23, 0x08, 0x43, 0x08, 0x23, 0x08,
    0x23, 0x08, 0x23, 0x08, 0x23, 0x08, 0x44, 0x08, 0x86, 0x10, 0x44, 0x08, 0x23, 0x08, 0x23, 0x00,
    0x23, 0x08, 0x23, 0x00, 0x43, 0x08, 0x23, 0x00, 0x43, 0x08, 0x23, 0x00, 0x43, 0x08, 0x23, 0x08,
    0x43, 0x08, 0x43, 0x08, 0x43, 0x08, 0x65, 0x08, 0x86, 0x10, 0x44, 0x08, 0x43, 0x08, 0x43, 0x08,
    0x43, 0x08, 0x43, 0x08, 0x43, 0x08, 0x43, 0x08, 0x43, 0x08, 0x43, 0x08, 0x43, 0x08, 0x44, 0x08,
    0x44, 0x08, 0x44, 0x08, 0x44, 0x08, 0x65, 0x08, 0x86, 0x10, 0x44, 0x08, 0x44, 0x08, 0x44, 0x08,
    0x44, 0x08, 0x44, 0x08, 0x44, 0x08, 0x44, 0x08, 0x44, 0x08, 0x44, 0x08, 0x44, 0x08, 0x44, 0x08,
    0x44, 0x08, 0x44, 0x08, 0x44, 0x08, 0x86, 0x08, 0x87, 0x10, 0x65, 0x08, 0x44, 0x08, 0x44, 0x08,
    0x64, 0x08, 0x64, 0x08, 0x64, 0x08, 0x64, 0x08, 0x64, 0x08, 0x64, 0x08, 0x64, 0x08, 0x64, 0x08,
    0x64, 0x08, 0x64, 0x08, 0x64, 0x08, 0x65, 0x08, 0xa7, 0x10, 0x86, 0x08, 0x65, 0x08, 0x64, 0x08,
    0x64, 0x08, 0x64, 0x08, 0x64, 0x08, 0x64, 0x08, 0x65, 0x08, 0x65, 0x08, 0x65, 0x08, 0x64, 0x08,
    0x65, 0x08, 0x64, 0x08, 0x64, 0x08, 0x64, 0x08, 0x86, 0x10, 0xa7, 0x10, 0x65, 0x08, 0x65, 0x08,
    0x65, 0x08, 0x65, 0x08, 0x65, 0x08, 0x65, 0x08, 0x65, 0x08, 0x65, 0x08, 0x65, 0x08, 0x65, 0x08,
    0x65, 0x08, 0x43, 0x00, 0x22, 0x00, 0x22, 0x00, 0x22, 0x00, 0x22, 0x00, 0x22, 0x00, 0x23, 0x00,
    0x22, 0x00, 0x23, 0x00, 0x22, 0x00, 0x43, 0x00, 0x43, 0x00, 0x86, 0x08, 0x43, 0x08, 0x43, 0x00,
    0x23, 0x00, 0x43, 0x00, 0x23, 0x00, 0x43, 0x00, 0x23, 0x00, 0x43, 0x00, 0x23, 0x00, 0x43, 0x08,
    0x23, 0x00, 0x43, 0x08, 0x86, 0x08, 0x65, 0x08, 0x43, 0x00, 0x44, 0x08, 0x43, 0x00, 0x44, 0x08,
    0x44, 0x00, 0x44, 0x08, 0x44, 0x08, 0x64, 0x08, 0x44, 0x08, 0x64, 0x08, 0x44, 0x08, 0x86, 0x10,
    0x86, 0x08, 0x64, 0x08, 0x44, 0x08, 0x64, 0x08, 0x44, 0x08, 0x64, 0x08, 0x64, 0x08, 0x64, 0x08,
    0x44, 0x08, 0x64, 0x08, 0x64, 0x08, 0x64, 0x08, 0x65, 0x08, 0xa7, 0x10, 0x85, 0x08, 0x64, 0x08,
    0x64, 0x08, 0x64, 0x08, 0x64, 0x08, 0x64, 0x08, 0x44, 0x08, 0x64, 0x08, 0x44, 0x08, 0x64, 0x08,
    0x44, 0x08, 0x64, 0x08, 0x85, 0x08, 0xa7, 0x10, 0x44, 0x08, 0x44, 0x08, 0x44, 0x08, 0x64, 0x08,
    0x44, 0x08, 0x44, 0x08, 0x44, 0x08, 0x44, 0x08, 0x44, 0x08, 0x44, 0x08, 0x44, 0x08, 0x44, 0x08,
    0x85, 0x08, 0x86, 0x08, 0x43, 0x08, 0x44, 0x08, 0x43, 0x00, 0x43, 0x08, 0x43, 0x00, 0x44, 0x08,
    0x43, 0x00, 0x43, 0x08, 0x43, 0x00, 0x43, 0x08, 0x23, 0x00, 0x43, 0x08, 0x65, 0x08, 0x85, 0x08,
    0x23, 0x00, 0x43, 0x08, 0x23, 0x00, 0x43, 0x08, 0x23, 0x00, 0x43, 0x00, 0x23, 0x00, 0x43, 0x08,
    0x23, 0x00, 0x23, 0x00, 0x23, 0x00, 0x23, 0x00, 0x44, 0x08, 0x85, 0x08, 0x23, 0x00, 0x23, 0x00,
    0x22, 0x00, 0x23, 0x00, 0x22, 0x00, 0x22, 0x00, 0x22, 0x00, 0x22, 0x00, 0x22, 0x00, 0x22, 0x00,
    0x22, 0x00, 0x22, 0x00, 0x23, 0x00, 0x86, 0x10, 0x23, 0x00, 0x22, 0x00, 0x02, 0x00, 0x22, 0x00,
    0x02, 0x00, 0x22, 0x00, 0x22, 0x00, 0x22, 0x00, 0x22, 0x00, 0x22, 0x00, 0x22, 0x00, 0x23, 0x00,
    0x22, 0x00, 0x65, 0x08, 0x64, 0x08, 0x23, 0x08, 0x23, 0x00, 0x23, 0x08, 0x23, 0x00, 0x43, 0x08,
    0x23, 0x00, 0x43, 0x08, 0x23, 0x00, 0x43, 0x08, 0x23, 0x00, 0x43, 0x08, 0x23, 0x00, 0x44, 0x08,
    0x86, 0x10, 0x64, 0x08, 0x23, 0x00, 0x43, 0x08, 0x23, 0x00, 0x43, 0x08, 0x23, 0x00, 0x43, 0x08,
    0x23, 0x08, 0x44, 0x08, 0x43, 0x08, 0x44, 0x08, 0x43, 0x08, 0x44, 0x08, 0x45, 0x08, 0xa7, 0x10,
    0x44, 0x08, 0x44, 0x08, 0x44, 0x08, 0x44, 0x08, 0x44, 0x08, 0x44, 0x08, 0x44, 0x08, 0x44, 0x08,
    0x44, 0x08, 0x44, 0x08, 0x44, 0x08, 0x44, 0x08, 0x44, 0x08, 0x65, 0x08, 0xa7, 0x10, 0x65, 0x08,
    0x44, 0x08, 0x64, 0x08, 0x44, 0x08, 0x65, 0x08, 0x44, 0x08, 0x64, 0x08, 0x44, 0x08, 0x65, 0x08,
    0x44, 0x08, 0x65, 0x08, 0x45, 0x08, 0x65, 0x08, 0x65, 0x08, 0xa8, 0x10, 0x66, 0x08, 0x65, 0x08,
    0x65, 0x08, 0x65, 0x08, 0x65, 0x08, 0x65, 0x08, 0x65, 0x08, 0x65, 0x08, 0x65, 0x08, 0x65, 0x08,
    0x65, 0x08, 0x65, 0x08, 0x65, 0x08, 0x65, 0x08, 0x87, 0x10, 0xa7, 0x10, 0x65, 0x08, 0x65, 0x08,
    0x65, 0x08, 0x65, 0x08, 0x65, 0x08, 0x65, 0x08, 0x65, 0x08, 0x85, 0x10, 0x65, 0x08, 0x85, 0x10,
    0x65, 0x08, 0x86, 0x10, 0x65, 0x08, 0x86, 0x10, 0xc8, 0x10, 0x87, 0x10, 0x66, 0x08, 0x86, 0x10,
    0x65, 0x08, 0x86, 0x10, 0x66, 0x08, 0x86, 0x10, 0x66, 0x08, 0x86, 0x10, 0x66, 0x08, 0x86, 0x10,
    0x66, 0x08, 0x86, 0x10, 0x65, 0x08, 0xa7, 0x10, 0xa8, 0x10, 0x86, 0x10, 0x65, 0x08, 0x85, 0x10,
    0x65, 0x08, 0x65, 0x08, 0x65, 0x08, 0x65, 0x08, 0x65, 0x08, 0x65, 0x08, 0x65, 0x08, 0x65, 0x08,
    0x65, 0x08, 0x65, 0x08, 0x65, 0x08, 0x86, 0x10, 0xa7, 0x10, 0x65, 0x08, 0x65, 0x08, 0x65, 0x08,
    0x65, 0x08, 0x65, 0x08, 0x65, 0x08, 0x65, 0x08, 0x64, 0x08, 0x65, 0x08, 0x64, 0x08, 0x65, 0x08,
    0x64, 0x08, 0x64, 0x08, 0x64, 0x08, 0x86, 0x08, 0xa7, 0x10, 0x65, 0x08, 0x44, 0x08, 0x64, 0x08,
    0x44, 0x08, 0x64, 0x08, 0x44, 0x08, 0x44, 0x08, 0x44, 0x08, 0x44, 0x08, 0x44, 0x08, 0x44, 0x08,
    0x44, 0x08, 0x44, 0x08, 0x44, 0x08, 0x64, 0x08, 0x86, 0x10, 0x65, 0x08, 0x43, 0x08, 0x44, 0x08,
    0x43, 0x08, 0x43, 0x08, 0x43, 0x08, 0x43, 0x08, 0x43, 0x08, 0x43, 0x08, 0x43, 0x08, 0x43, 0x08,
    0x23, 0x08, 0x23, 0x08, 0x23, 0x08, 0x43, 0x08, 0x64, 0x08, 0x66, 0x08, 0x44, 0x08, 0x23, 0x00,
    0x23, 0x00, 0x23, 0x00, 0x23, 0x00, 0x23, 0x00, 0x23, 0x00, 0x23, 0x00, 0x23, 0x00, 0x23, 0x00,
    0x65, 0x08, 0x22, 0x00, 0x22, 0x00, 0x22, 0x00, 0x22, 0x00, 0x22, 0x00, 0x22, 0x00, 0x22, 0x00,
    0x22, 0x00, 0x22, 0x00, 0x23, 0x00, 0x22, 0x00, 0x43, 0x08, 0x86, 0x08, 0x43, 0x08, 0x43, 0x00,
    0x43, 0x00, 0x23, 0x00, 0x43, 0x00, 0x43, 0x00, 0x43, 0x00, 0x23, 0x00, 0x43, 0x00, 0x43, 0x00,
    0x43, 0x00, 0x44, 0x00, 0x86, 0x10, 0x64, 0x08, 0x43, 0x00, 0x43, 0x00, 0x44, 0x08, 0x44, 0x08,
    0x44, 0x08, 0x44, 0x08, 0x44, 0x08, 0x44, 0x08, 0x44, 0x08, 0x44, 0x08, 0x44, 0x08, 0x86, 0x08,
    0x86, 0x08, 0x44, 0x08, 0x64, 0x08, 0x64, 0x08, 0x64, 0x08, 0x44, 0x08, 0x64, 0x08, 0x64, 0x08,
    0x64, 0x08, 0x64, 0x08, 0x64, 0x08, 0x64, 0x08, 0x65, 0x08, 0xc7, 0x10, 0x85, 0x08, 0x64, 0x08,
    0x64, 0x08, 0x64, 0x08, 0x65, 0x08, 0x65, 0x08, 0x65, 0x08, 0x65, 0x08, 0x65, 0x08, 0x64, 0x08,
    0x64, 0x08, 0x65, 0x08, 0x86, 0x10, 0xa7, 0x10, 0x65, 0x08, 0x65, 0x08, 0x65, 0x08, 0x64, 0x08,
    0x65, 0x08, 0x65, 0x08, 0x65, 0x08, 0x65, 0x08, 0x65, 0x08, 0x65, 0x08, 0x65, 0x08, 0x65, 0x08,
    0x87, 0x10, 0x86, 0x10, 0x65, 0x08, 0x65, 0x08, 0x65, 0x08, 0x65, 0x08, 0x65, 0x08, 0x65, 0x08,
    0x65, 0x08, 0x65, 0x08, 0x65, 0x08, 0x65, 0x08, 0x65, 0x08, 0x65, 0x08, 0x87, 0x10, 0x87, 0x10,
    0x65, 0x08, 0x65, 0x08, 0x65, 0x08, 0x65, 0x08, 0x65, 0x08, 0x65, 0x08, 0x65, 0x08, 0x65, 0x08,
    0x65, 0x08, 0x65, 0x08, 0x65, 0x08, 0x65, 0x08, 0x86, 0x10, 0xa7, 0x10, 0x65, 0x08, 0x65, 0x08,
    0x65, 0x08, 0x65, 0x08, 0x65, 0x08, 0x65, 0x08, 0x65, 0x08, 0x65, 0x08, 0x65, 0x08, 0x65, 0x08,
    0x65, 0x08, 0x65, 0x08, 0x86, 0x10, 0xa8, 0x10, 0x65, 0x08, 0x65, 0x08, 0x65, 0x08, 0x65, 0x08,
    0x65, 0x08, 0x65, 0x08, 0x65, 0x08, 0x65, 0x08, 0x65, 0x08, 0x65, 0x08, 0x65, 0x08, 0x65, 0x08,
    0x65, 0x08, 0x87, 0x10, 0xa7, 0x10, 0x65, 0x08, 0x65, 0x08, 0x65, 0x08, 0x65, 0x10, 0x65, 0x08,
    0x65, 0x10, 0x65, 0x08, 0x86, 0x10, 0x86, 0x10, 0x86, 0x10, 0x66, 0x08, 0x86, 0x10, 0x86, 0x10,
    0xc8, 0x10, 0x87, 0x10, 0x86, 0x10, 0x86, 0x10, 0x86, 0x10, 0x66, 0x08, 0x86, 0x10, 0x86, 0x10,
    0x86, 0x10, 0x66, 0x08, 0x86, 0x10, 0x86, 0x10, 0x86, 0x10, 0x66, 0x08, 0x86, 0x10, 0xc8, 0x10,
    0x86, 0x10, 0x65, 0x08, 0x85, 0x08, 0x85, 0x10, 0x65, 0x08, 0x65, 0x08, 0x65, 0x08, 0x65, 0x08,
    0x65, 0x08, 0x65, 0x08, 0x65, 0x08, 0x65, 0x08, 0x65, 0x08, 0x86, 0x10, 0xa8, 0x10, 0x86, 0x10,
    0x65, 0x08, 0x65, 0x08, 0x65, 0x08, 0x65, 0x08, 0x65, 0x08, 0x65, 0x08, 0x65, 0x08, 0x65, 0x08,
    0x65, 0x08, 0x45, 0x08, 0x65, 0x08, 0x65, 0x08, 0x65, 0x08, 0xa7, 0x10, 0x86, 0x10, 0x65, 0x08,
    0x64, 0x08, 0x44, 0x08, 0x65, 0x08, 0x64, 0x08, 0x64, 0x08, 0x44, 0x08, 0x64, 0x08, 0x64, 0x08,
    0x64, 0x08, 0x44, 0x08, 0x64, 0x08, 0x64, 0x08, 0x86, 0x10, 0x86, 0x10, 0x44, 0x08, 0x44, 0x08,
    0x44, 0x08, 0x44, 0x08, 0x44, 0x08, 0x44, 0x08, 0x44, 0x08, 0x44, 0x08, 0x44, 0x08, 0x44, 0x08,
    0x44, 0x08, 0x44, 0x08, 0x44, 0x08, 0x44, 0x08, 0x87, 0x10, 0x65, 0x08, 0x44, 0x08, 0x43, 0x08,
    0x43, 0x08, 0x43, 0x08, 0x43, 0x08, 0x23, 0x08, 0x43, 0x08, 0x23, 0x00, 0x43, 0x08, 0x23, 0x00,
    0x43, 0x08, 0x23, 0x00, 0x23, 0x08, 0x44, 0x08, 0x86, 0x10, 0x44, 0x08, 0x23, 0x08, 0x23, 0x00,
    0x23, 0x00, 0x23, 0x00, 0x23, 0x08, 0x23, 0x00, 0x23, 0x00, 0x23, 0x00, 0x23, 0x00, 0x23, 0x00,
    0x23, 0x00, 0x23, 0x00, 0x22, 0x00, 0x44, 0x08, 0x66, 0x08, 0x23, 0x00, 0x22, 0x00, 0x22, 0x00,
    0x22, 0x00, 0x22, 0x00, 0x22, 0x00, 0x22, 0x00, 0x22, 0x00, 0x02, 0x00, 0x22, 0x00, 0x02, 0x00,
    0x02, 0x00, 0x02, 0x00, 0x22, 0x00, 0x23, 0x00, 0x66, 0x08, 0x43, 0x08, 0x02, 0x00, 0x02, 0x00,
    0x02, 0x00, 0x02, 0x00, 0x02, 0x00, 0x02, 0x00, 0x02, 0x00, 0x02, 0x00, 0x02, 0x00, 0x02, 0x00,
    0x02, 0x00, 0x02, 0x00, 0x02, 0x00, 0x02, 0x00, 0x64, 0x08, 0x44, 0x08, 0x02, 0x00, 0x02, 0x00,
    0x02, 0x00, 0x02, 0x00, 0x02, 0x00, 0x02, 0x00, 0x02, 0x00, 0x02, 0x00, 0x02, 0x00, 0x02, 0x00,
    0x01, 0x00, 0x01, 0x00, 0x02, 0x00, 0x01, 0x00, 0x23, 0x00, 0x65, 0x08, 0x23, 0x00, 0x01, 0x00,
    0x01, 0x00, 0x01, 0x00, 0x02, 0x00, 0x01, 0x00, 0x02, 0x00, 0x01, 0x00, 0x02, 0x00, 0x02, 0x00,
    0x65, 0x08, 0x43, 0x08, 0x43, 0x00, 0x43, 0x08, 0x43, 0x08, 0x44, 0x08, 0x43, 0x08, 0x44, 0x08,
    0x43, 0x08, 0x44, 0x08, 0x44, 0x08, 0x44, 0x08, 0x65, 0x08, 0xa6, 0x10, 0x64, 0x08, 0x64, 0x08,
    0x64, 0x08, 0x64, 0x08, 0x64, 0x08, 0x65, 0x08, 0x64, 0x08, 0x85, 0x08, 0x65, 0x08, 0x85, 0x08,
    0x65, 0x08, 0x86, 0x08, 0xa8, 0x10, 0x86, 0x08, 0x65, 0x08, 0x85, 0x08, 0x65, 0x08, 0x85, 0x08,
    0x65, 0x08, 0x85, 0x08, 0x86, 0x08, 0x86, 0x10, 0x86, 0x08, 0x86, 0x10, 0x86, 0x08, 0xc8, 0x10,
    0xa7, 0x10, 0xa6, 0x10, 0x86, 0x10, 0xa6, 0x10, 0x86, 0x10, 0xa6, 0x10, 0x86, 0x10, 0xa6, 0x10,
    0x86, 0x10, 0xa6, 0x10, 0x86, 0x08, 0xa7, 0x10, 0xa7, 0x10, 0xe9, 0x18, 0xa7, 0x10, 0xa7, 0x10,
    0x87, 0x10, 0xa7, 0x10, 0xa7, 0x10, 0xa7, 0x10, 0xa7, 0x10, 0xa7, 0x10, 0xa7, 0x10, 0xa7, 0x10,
    0xa7, 0x10, 0xa7, 0x10, 0xc8, 0x10, 0xc9, 0x10, 0xa7, 0x10, 0xa7, 0x10, 0xa7, 0x10, 0xa7, 0x10,
    0xa7, 0x10, 0xa7, 0x10, 0xa7, 0x10, 0xa7, 0x10, 0x87, 0x10, 0xa7, 0x10, 0x86, 0x10, 0xa7, 0x10,
    0xc8, 0x10, 0xc8, 0x10, 0x86, 0x10, 0xa6, 0x10, 0x86, 0x10, 0xa6, 0x10, 0x86, 0x10, 0xa6, 0x10,
    0x86, 0x10, 0x86, 0x10, 0x86, 0x10, 0x86, 0x10, 0x86, 0x10, 0x86, 0x10, 0xa7, 0x10, 0xa7, 0x10,
    0x86, 0x08, 0x86, 0x10, 0x85, 0x08, 0x86, 0x10, 0x85, 0x08, 0x85, 0x10, 0x65, 0x08, 0x85, 0x08,
    0x65, 0x08, 0x85, 0x08, 0x65, 0x08, 0x85, 0x08, 0x87, 0x10, 0xa7, 0x10, 0x65, 0x08, 0x65, 0x08,
    0x65, 0x08, 0x65, 0x08, 0x64, 0x08, 0x65, 0x08, 0x44, 0x08, 0x64, 0x08, 0x44, 0x08, 0x64, 0x08,
    0x44, 0x08, 0x64, 0x08, 0x65, 0x08, 0xa7, 0x10, 0x64, 0x08, 0x64, 0x08, 0x44, 0x08, 0x44, 0x08,
    0x44, 0x08, 0x44, 0x08, 0x44, 0x08, 0x44, 0x08, 0x44, 0x08, 0x44, 0x08, 0x43, 0x08, 0x44, 0x08,
    0x43, 0x08, 0x86, 0x10, 0x65, 0x08, 0x44, 0x08, 0x43, 0x08, 0x44, 0x08, 0x43, 0x08, 0x43, 0x08,
    0x43, 0x08, 0x44, 0x08, 0x43, 0x08, 0x43, 0x08, 0x43, 0x08, 0x43, 0x08, 0x23, 0x08, 0x44, 0x08,
    0x86, 0x10, 0x64, 0x08, 0x23, 0x08, 0x43, 0x08, 0x23, 0x08, 0x43, 0x08, 0x23, 0x08, 0x43, 0x08,
    0x23, 0x08, 0x43, 0x08, 0x23, 0x08, 0x43, 0x08, 0x23, 0x08, 0x43, 0x08, 0x44, 0x08, 0x86, 0x10,
    0x43, 0x08, 0x43, 0x08, 0x23, 0x00, 0x23, 0x08, 0x23, 0x00, 0x23, 0x08, 0x23, 0x00, 0x23, 0x08,
    0x22, 0x00, 0x23, 0x08, 0x22, 0x00, 0x23, 0x08, 0x22, 0x00, 0x44, 0x08, 0x66, 0x08, 0x43, 0x08,
    0x02, 0x00, 0x22, 0x00, 0x02, 0x00, 0x22, 0x00, 0x02, 0x00, 0x22, 0x00, 0x02, 0x00, 0x22, 0x00,
    0x02, 0x00, 0x22, 0x00, 0x02, 0x00, 0x22, 0x00, 0x23, 0x00, 0x85, 0x10, 0x44, 0x08, 0x22, 0x00,
    0x02, 0x00, 0x22, 0x00, 0x02, 0x00, 0x22, 0x00, 0x02, 0x00, 0x22, 0x00, 0x02, 0x00, 0x22, 0x00,
    0x02, 0x00, 0x22, 0x00, 0x02, 0x00, 0x22, 0x00, 0x44, 0x08, 0x65, 0x08, 0x02, 0x00, 0x22, 0x00,
    0x02, 0x00, 0x22, 0x00, 0x02, 0x00, 0x22, 0x00, 0x02, 0x00, 0x22, 0x00, 0x02, 0x00, 0x22, 0x00,
    0x02, 0x00, 0x22, 0x00, 0x02, 0x00, 0x43, 0x08, 0x65, 0x08, 0x44, 0x08, 0x02, 0x00, 0x22, 0x00,
    0x02, 0x00, 0x22, 0x00, 0x02, 0x00, 0x22, 0x00, 0x02, 0x00, 0x22, 0x00, 0x02, 0x00, 0x22, 0x00,
    0x02, 0x00, 0x22, 0x00, 0x02, 0x00, 0x43, 0x08, 0x65, 0x08, 0x43, 0x08, 0x02, 0x00, 0x22, 0x00,
    0x02, 0x00, 0x22, 0x00, 0x02, 0x00, 0x22, 0x00, 0x02, 0x00, 0x22, 0x00, 0x02, 0x00, 0x22, 0x00,
    0x02, 0x00, 0x22, 0x00, 0x02, 0x00, 0x43, 0x08, 0x65, 0x08, 0x43, 0x08, 0x02, 0x00, 0x22, 0x00,
    0x02, 0x00, 0x22, 0x00, 0x02, 0x00, 0x22, 0x00, 0x02, 0x00, 0x22, 0x00, 0x02, 0x00, 0x22, 0x00,
    0x02, 0x00, 0x22, 0x00, 0x02, 0x00, 0x23, 0x08, 0x65, 0x08, 0x43, 0x08, 0x02, 0x00, 0x22, 0x00,
    0x02, 0x00, 0x22, 0x00, 0x02, 0x00, 0x22, 0x00, 0x02, 0x00, 0x22, 0x00, 0x01, 0x00, 0x02, 0x00,
    0x01, 0x00, 0x02, 0x00, 0x01, 0x00, 0x02, 0x00, 0x44, 0x08, 0x44, 0x08, 0x01, 0x00, 0x02, 0x00,
    0x01, 0x00, 0x02, 0x00, 0x01, 0x00, 0x02, 0x00, 0x01, 0x00, 0x02, 0x00, 0x01, 0x00, 0x02, 0x00,
    0x01, 0x00, 0x02, 0x00, 0x01, 0x00, 0x02, 0x00, 0x22, 0x00, 0x65, 0x08, 0x23, 0x08, 0x01, 0x00,
    0x01, 0x00, 0x01, 0x00, 0x01, 0x00, 0x01, 0x00, 0x01, 0x00, 0x01, 0x00, 0x01, 0x00, 0x01, 0x00,
    0xa6, 0x08, 0x65, 0x08, 0x65, 0x08, 0x65, 0x08, 0x85, 0x08, 0x65, 0x08, 0x85, 0x08, 0x65, 0x08,
    0x65, 0x08, 0x65, 0x08, 0x65, 0x08, 0x65, 0x08, 0xa7, 0x08, 0xa7, 0x10, 0x65, 0x08, 0x65, 0x08,
    0x85, 0x08, 0x85, 0x08, 0x85, 0x08, 0x85, 0x08, 0x85, 0x08, 0x85, 0x08, 0x85, 0x08, 0x85, 0x08,
    0x85, 0x08, 0x86, 0x08, 0xc8, 0x10, 0x86, 0x08, 0x85, 0x08, 0x86, 0x08, 0x86, 0x08, 0x86, 0x08,
    0x66, 0x08, 0x85, 0x08, 0x86, 0x08, 0x86, 0x08, 0x86, 0x08, 0x86, 0x08, 0x86, 0x08, 0xc8, 0x10,
    0xa7, 0x10, 0x86, 0x08, 0x86, 0x08, 0x86, 0x08, 0x86, 0x08, 0x86, 0x08, 0x86, 0x08, 0x86, 0x08,
    0x86, 0x08, 0x85, 0x08, 0x86, 0x08, 0x85, 0x08, 0xa7, 0x10, 0xa8, 0x10, 0x85, 0x08, 0x85, 0x08,
    0x85, 0x08, 0x85, 0x08, 0x85, 0x08, 0x85, 0x08, 0x85, 0x08, 0x85, 0x08, 0x85, 0x08, 0x85, 0x08,
    0x85, 0x08, 0x65, 0x08, 0xa7, 0x10, 0xa7, 0x10, 0x65, 0x08, 0x65, 0x08, 0x65, 0x08, 0x65, 0x08,
    0x65, 0x08, 0x64, 0x08, 0x65, 0x08, 0x64, 0x08, 0x64, 0x08, 0x64, 0x08, 0x64, 0x08, 0x64, 0x08,
    0xa7, 0x10, 0x86, 0x08, 0x64, 0x08, 0x64, 0x08, 0x64, 0x08, 0x44, 0x08, 0x44, 0x08, 0x44, 0x08,
    0x44, 0x08, 0x44, 0x08, 0x44, 0x08, 0x43, 0x08, 0x43, 0x08, 0x43, 0x08, 0x86, 0x08, 0x65, 0x08,
    0x43, 0x08, 0x43, 0x00, 0x43, 0x00, 0x23, 0x00, 0x23, 0x00, 0x23, 0x00, 0x23, 0x00, 0x23, 0x00,
    0x23, 0x00, 0x23, 0x00, 0x23, 0x00, 0x23, 0x00, 0x65, 0x08, 0x65, 0x08, 0x23, 0x00, 0x22, 0x00,
    0x22, 0x00, 0x22, 0x00, 0x22, 0x00, 0x22, 0x00, 0x22, 0x00, 0x22, 0x00, 0x22, 0x00, 0x22, 0x00,
    0x22, 0x00, 0x22, 0x00, 0x43, 0x08, 0x65, 0x08, 0x43, 0x00, 0x02, 0x00, 0x22, 0x00, 0x02, 0x00,
    0x22, 0x00, 0x02, 0x00, 0x22, 0x00, 0x02, 0x00, 0x22, 0x00, 0x02, 0x00, 0x22, 0x00, 0x02, 0x00,
    0x22, 0x00, 0x65, 0x08, 0x44, 0x08, 0x02, 0x00, 0x22, 0x00, 0x02, 0x00, 0x22, 0x00, 0x02, 0x00,
    0x22, 0x00, 0x02, 0x00, 0x22, 0x00, 0x02, 0x00, 0x22, 0x00, 0x02, 0x00, 0x22, 0x00, 0x23, 0x08,
    0x86, 0x10, 0x23, 0x08, 0x22, 0x00, 0x02, 0x00, 0x22, 0x00, 0x02, 0x00, 0x22, 0x00, 0x02, 0x00,
    0x22, 0x00, 0x22, 0x00, 0x22, 0x00, 0x22, 0x00, 0x22, 0x00, 0x22, 0x00, 0x43, 0x08, 0x86, 0x08,
    0x43, 0x08, 0x22, 0x00, 0x22, 0x00, 0x22, 0x00, 0x22, 0x00, 0x22, 0x00, 0x22, 0x00, 0x22, 0x00,
    0x22, 0x00, 0x22, 0x00, 0x22, 0x00, 0x22, 0x00, 0x22, 0x00, 0x43, 0x08, 0x86, 0x10, 0x43, 0x08,
    0x22, 0x00, 0x22, 0x00, 0x22, 0x00, 0x22, 0x00, 0x22, 0x00, 0x22, 0x00, 0x22, 0x00, 0x22, 0x00,
    0x22, 0x00, 0x22, 0x00, 0x22, 0x00, 0x22, 0x00, 0x23, 0x08, 0x65, 0x08, 0x44, 0x08, 0x22, 0x00,
    0x22, 0x00, 0x22, 0x00, 0x22, 0x00, 0x22, 0x00, 0x22, 0x00, 0x22, 0x00, 0x22, 0x00, 0x22, 0x00,
    0x22, 0x00, 0x22, 0x00, 0x22, 0x00, 0x22, 0x00, 0x64, 0x08, 0x65, 0x08, 0x23, 0x00, 0x22, 0x00,
    0x22, 0x00, 0x22, 0x00, 0x22, 0x00, 0x22, 0x00, 0x22, 0x00, 0x22, 0x00, 0x22, 0x00, 0x02, 0x00,
    0x22, 0x00, 0x22, 0x00, 0x22, 0x00, 0x23, 0x00, 0x65, 0x08, 0x44, 0x08, 0x22, 0x00, 0x02, 0x00,
    0x22, 0x00, 0x02, 0x00, 0x22, 0x00, 0x02, 0x00, 0x22, 0x00, 0x02, 0x00, 0x22, 0x00, 0x02, 0x00,
    0x22, 0x00, 0x02, 0x00, 0x22, 0x00, 0x23, 0x00, 0x86, 0x10, 0x43, 0x08, 0x22, 0x00, 0x02, 0x00,
    0x22, 0x00, 0x02, 0x00, 0x22, 0x00, 0x02, 0x00, 0x22, 0x00, 0x02, 0x00, 0x02, 0x00, 0x02, 0x00,
    0x22, 0x00, 0x02, 0x00, 0x02, 0x00, 0x23, 0x00, 0x86, 0x08, 0x43, 0x08, 0x02, 0x00, 0x02, 0x00,
    0x02, 0x00, 0x02, 0x00, 0x02, 0x00, 0x02, 0x00, 0x02, 0x00, 0x02, 0x00, 0x02, 0x00, 0x02, 0x00,
    0x02, 0x00, 0x02, 0x00, 0x02, 0x00, 0x23, 0x00, 0x65, 0x08, 0x44, 0x08, 0x02, 0x00, 0x02, 0x00,
    0x02, 0x00, 0x02, 0x00, 0x02, 0x00, 0x02, 0x00, 0x02, 0x00, 0x02, 0x00, 0x02, 0x00, 0x02, 0x00,
    0x02, 0x00, 0x02, 0x00, 0x02, 0x00, 0x02, 0x00, 0x44, 0x08, 0x64, 0x08, 0x02, 0x00, 0x02, 0x00,
    0x02, 0x00, 0x02, 0x00, 0x02, 0x00, 0x02, 0x00, 0x02, 0x00, 0x02, 0x00, 0x01, 0x00, 0x01, 0x00,
    0x02, 0x00, 0x01, 0x00, 0x01, 0x00, 0x01, 0x00, 0x22, 0x00, 0x44, 0x08, 0x43, 0x08, 0x01, 0x00,
    0x02, 0x00, 0x01, 0x00, 0x02, 0x00, 0x01, 0x00, 0x02, 0x00, 0x01, 0x00, 0x02, 0x00, 0x01, 0x00,
    0x44, 0x08, 0x23, 0x00, 0x22, 0x00, 0x23, 0x00, 0x22, 0x00, 0x43, 0x00, 0x22, 0x00, 0x43, 0x00,
    0x22, 0x00, 0x43, 0x00, 0x22, 0x00, 0x43, 0x00, 0x64, 0x08, 0x65, 0x08, 0x23, 0x00, 0x43, 0x00,
    0x23, 0x00, 0x43, 0x00, 0x23, 0x00, 0x43, 0x00, 0x23, 0x00, 0x43, 0x00, 0x23, 0x00, 0x43, 0x00,
    0x23, 0x00, 0x65, 0x08, 0x86, 0x08, 0x43, 0x08, 0x23, 0x00, 0x43, 0x08, 0x43, 0x00, 0x44, 0x08,
    0x43, 0x00, 0x43, 0x08, 0x43, 0x00, 0x44, 0x08, 0x43, 0x00, 0x44, 0x08, 0x44, 0x08, 0xa7, 0x10,
    0x65, 0x08, 0x44, 0x08, 0x44, 0x08, 0x44, 0x08, 0x44, 0x08, 0x44, 0x08, 0x44, 0x08, 0x64, 0x08,
    0x44, 0x08, 0x44, 0x08, 0x44, 0x08, 0x64, 0x08, 0x85, 0x08, 0xa6, 0x10, 0x44, 0x08, 0x64, 0x08,
    0x44, 0x08, 0x44, 0x08, 0x44, 0x08, 0x44, 0x08, 0x44, 0x08, 0x44, 0x08, 0x44, 0x08, 0x64, 0x08,
    0x44, 0x08, 0x44, 0x08, 0x86, 0x08, 0x86, 0x08, 0x44, 0x08, 0x44, 0x08, 0x44, 0x08, 0x44, 0x08,
    0x44, 0x08, 0x44, 0x08, 0x43, 0x08, 0x44, 0x08, 0x43, 0x08, 0x44, 0x08, 0x43, 0x08, 0x44, 0x08,
    0x86, 0x08, 0x65, 0x08, 0x43, 0x00, 0x43, 0x08, 0x43, 0x00, 0x43, 0x08, 0x43, 0x00, 0x43, 0x08,
    0x43, 0x00, 0x43, 0x00, 0x23, 0x00, 0x43, 0x08, 0x23, 0x00, 0x43, 0x08, 0x86, 0x08, 0x65, 0x08,
    0x23, 0x00, 0x43, 0x08, 0x23, 0x00, 0x43, 0x08, 0x23, 0x00, 0x43, 0x00, 0x23, 0x00, 0x43, 0x00,
    0x23, 0x00, 0x23, 0x00, 0x23, 0x00, 0x23, 0x00, 0x65, 0x08, 0x65, 0x08, 0x22, 0x00, 0x23, 0x00,
    0x22, 0x00, 0x22, 0x00, 0x22, 0x00, 0x22, 0x00, 0x22, 0x00, 0x22, 0x00, 0x22, 0x00, 0x22, 0x00,
    0x02, 0x00, 0x22, 0x00, 0x43, 0x08, 0x85, 0x10, 0x22, 0x00, 0x22, 0x00, 0x02, 0x00, 0x22, 0x00,
    0x02, 0x00, 0x22, 0x00, 0x02, 0x00, 0x22, 0x00, 0x02, 0x00, 0x22, 0x00, 0x02, 0x00, 0x22, 0x00,
    0x02, 0x00, 0x65, 0x08, 0x44, 0x08, 0x22, 0x00, 0x02, 0x00, 0x22, 0x00, 0x02, 0x00, 0x22, 0x00,
    0x02, 0x00, 0x22, 0x00, 0x02, 0x00, 0x22, 0x00, 0x02, 0x00, 0x22, 0x00, 0x02, 0x00, 0x43, 0x08,
    0x66, 0x08, 0x43, 0x08, 0x02, 0x00, 0x22, 0x00, 0x02, 0x00, 0x22, 0x00, 0x02, 0x00, 0x22, 0x00,
    0x02, 0x00, 0x22, 0x00, 0x02, 0x00, 0x22, 0x00, 0x02, 0x00, 0x22, 0x00, 0x43, 0x08, 0x86, 0x10,
    0x23, 0x08, 0x22, 0x00, 0x02, 0x00, 0x22, 0x00, 0x02, 0x00, 0x22, 0x00, 0x22, 0x00, 0x22, 0x00,
    0x02, 0x00, 0x22, 0x00, 0x22, 0x00, 0x22, 0x00, 0x02, 0x00, 0x44, 0x08, 0x86, 0x08, 0x44, 0x08,
    0x02, 0x00, 0x22, 0x00, 0x22, 0x00, 0x22, 0x00, 0x02, 0x00, 0x22, 0x00, 0x22, 0x00, 0x22, 0x00,
    0x02, 0x00, 0x22, 0x00, 0x22, 0x00, 0x22, 0x00, 0x23, 0x00, 0x65, 0x10, 0x44, 0x08, 0x22, 0x00,
    0x02, 0x00, 0x22, 0x00, 0x22, 0x00, 0x22, 0x00, 0x02, 0x00, 0x22, 0x00, 0x22, 0x00, 0x22, 0x00,
    0x02, 0x00, 0x22, 0x00, 0x22, 0x00, 0x22, 0x00, 0x44, 0x08, 0x65, 0x08, 0x23, 0x00, 0x22, 0x00,
    0x02, 0x00, 0x22, 0x00, 0x02, 0x00, 0x22, 0x00, 0x02, 0x00, 0x22, 0x00, 0x02, 0x00, 0x22, 0x00,
    0x02, 0x00, 0x22, 0x00, 0x02, 0x00, 0x23, 0x08, 0x65, 0x08, 0x64, 0x08, 0x02, 0x00, 0x22, 0x00,
    0x02, 0x00, 0x22, 0x00, 0x02, 0x00, 0x22, 0x00, 0x02, 0x00, 0x22, 0x00, 0x02, 0x00, 0x22, 0x00,
    0x02, 0x00, 0x22, 0x00, 0x02, 0x00, 0x43, 0x08, 0x65, 0x08, 0x44, 0x08, 0x02, 0x00, 0x22, 0x00,
    0x02, 0x00, 0x22, 0x00, 0x02, 0x00, 0x22, 0x00, 0x02, 0x00, 0x22, 0x00, 0x02, 0x00, 0x22, 0x00,
    0x02, 0x00, 0x22, 0x00, 0x02, 0x00, 0x23, 0x08, 0x65, 0x08, 0x43, 0x08, 0x02, 0x00, 0x22, 0x00,
    0x02, 0x00, 0x22, 0x00, 0x02, 0x00, 0x22, 0x00, 0x02, 0x00, 0x22, 0x00, 0x02, 0x00, 0x22, 0x00,
    0x02, 0x00, 0x22, 0x00, 0x02, 0x00, 0x22, 0x00, 0x65, 0x08, 0x44, 0x08, 0x02, 0x00, 0x22, 0x00,
    0x02, 0x00, 0x02, 0x00, 0x02, 0x00, 0x22, 0x00, 0x02, 0x00, 0x02, 0x00, 0x02, 0x00, 0x02, 0x00,
    0x02, 0x00, 0x02, 0x00, 0x02, 0x00, 0x02, 0x00, 0x43, 0x08, 0x65, 0x08, 0x22, 0x00, 0x02, 0x00,
    0x02, 0x00, 0x02, 0x00, 0x02, 0x00, 0x02, 0x00, 0x02, 0x00, 0x02, 0x00, 0x01, 0x00, 0x02, 0x00,
    0x01, 0x00, 0x02, 0x00, 0x01, 0x00, 0x02, 0x00, 0x22, 0x00, 0x44, 0x08, 0x43, 0x08, 0x02, 0x00,
    0x01, 0x00, 0x02, 0x00, 0x01, 0x00, 0x02, 0x00, 0x01, 0x00, 0x02, 0x00, 0x01, 0x00, 0x01, 0x00,
    0x43, 0x00, 0x22, 0x00, 0x22, 0x00, 0x22, 0x00, 0x22, 0x00, 0x22, 0x00, 0x22, 0x00, 0x22, 0x00,
    0x22, 0x00, 0x22, 0x00, 0x22, 0x00, 0x22, 0x00, 0x65, 0x08, 0x44, 0x08, 0x23, 0x00, 0x22, 0x00,
    0x22, 0x00, 0x22, 0x00, 0x43, 0x00, 0x22, 0x00, 0x43, 0x00, 0x23, 0x00, 0x43, 0x00, 0x23, 0x00,
    0x23, 0x00, 0x64, 0x08, 0x85, 0x08, 0x23, 0x00, 0x43, 0x00, 0x23, 0x00, 0x43, 0x00, 0x43, 0x00,
    0x43, 0x00, 0x43, 0x00, 0x43, 0x08, 0x43, 0x00, 0x43, 0x08, 0x43, 0x00, 0x64, 0x08, 0xa7, 0x10,
    0x64, 0x08, 0x43, 0x08, 0x43, 0x08, 0x43, 0x08, 0x43, 0x08, 0x43, 0x08, 0x44, 0x08, 0x43, 0x08,
    0x43, 0x08, 0x43, 0x08, 0x44, 0x08, 0x43, 0x08, 0x85, 0x08, 0x86, 0x08, 0x44, 0x08, 0x44, 0x08,
    0x44, 0x08, 0x43, 0x08, 0x44, 0x08, 0x44, 0x08, 0x44, 0x08, 0x43, 0x08, 0x44, 0x08, 0x43, 0x08,
    0x43, 0x08, 0x43, 0x08, 0x86, 0x10, 0x65, 0x08, 0x43, 0x08, 0x43, 0x08, 0x43, 0x08, 0x43, 0x08,
    0x43, 0x08, 0x43, 0x08, 0x43, 0x08, 0x43, 0x08, 0x43, 0x08, 0x43, 0x08, 0x43, 0x08, 0x44, 0x08,
    0x86, 0x10, 0x64, 0x08, 0x43, 0x08, 0x43, 0x00, 0x43, 0x00, 0x43, 0x00, 0x43, 0x00, 0x43, 0x00,
    0x43, 0x00, 0x43, 0x00, 0x43, 0x00, 0x23, 0x00, 0x23, 0x00, 0x43, 0x00, 0x86, 0x10, 0x64, 0x08,
    0x23, 0x00, 0x23, 0x00, 0x23, 0x00, 0x23, 0x00, 0x23, 0x00, 0x23, 0x00, 0x23, 0x00, 0x23, 0x00,
    0x22, 0x00, 0x22, 0x00, 0x23, 0x00, 0x22, 0x00, 0x65, 0x08, 0x64, 0x08, 0x22, 0x00, 0x22, 0x00,
    0x22, 0x00, 0x22, 0x00, 0x22, 0x00, 0x22, 0x00, 0x22, 0x00, 0x22, 0x00, 0x22, 0x00, 0x22, 0x00,
    0x22, 0x00, 0x02, 0x00, 0x43, 0x08, 0x65, 0x08, 0x22, 0x00, 0x02, 0x00, 0x22, 0x00, 0x02, 0x00,
    0x02, 0x00, 0x02, 0x00, 0x22, 0x00, 0x02, 0x00, 0x02, 0x00, 0x02, 0x00, 0x22, 0x00, 0x02, 0x00,
    0x02, 0x00, 0x65, 0x08, 0x64, 0x08, 0x02, 0x00, 0x22, 0x00, 0x02, 0x00, 0x22, 0x00, 0x02, 0x00,
    0x22, 0x00, 0x02, 0x00, 0x22, 0x00, 0x02, 0x00, 0x22, 0x00, 0x02, 0x00, 0x22, 0x00, 0x23, 0x08,
    0x86, 0x10, 0x23, 0x08, 0x22, 0x00, 0x22, 0x00, 0x22, 0x00, 0x22, 0x00, 0x22, 0x00, 0x22, 0x00,
    0x22, 0x00, 0x22, 0x00, 0x22, 0x00, 0x22, 0x00, 0x22, 0x00, 0x22, 0x00, 0x43, 0x08, 0x86, 0x10,
    0x43, 0x08, 0x22, 0x00, 0x22, 0x00, 0x22, 0x00, 0x22, 0x00, 0x22, 0x00, 0x22, 0x00, 0x22, 0x00,
    0x22, 0x00, 0x22, 0x00, 0x22, 0x00, 0x22, 0x00, 0x22, 0x00, 0x23, 0x08, 0x86, 0x10, 0x43, 0x08,
    0x22, 0x00, 0x22, 0x00, 0x22, 0x00, 0x22, 0x00, 0x22, 0x00, 0x22, 0x00, 0x22, 0x00, 0x22, 0x00,
    0x22, 0x00, 0x22, 0x00, 0x22, 0x00, 0x22, 0x00, 0x23, 0x08, 0x65, 0x08, 0x44, 0x08, 0x22, 0x00,
    0x22, 0x00, 0x22, 0x00, 0x22, 0x00, 0x22, 0x00, 0x22, 0x00, 0x22, 0x00, 0x22, 0x00, 0x22, 0x00,
    0x22, 0x00, 0x22, 0x00, 0x22, 0x00, 0x22, 0x00, 0x44, 0x08, 0x65, 0x08, 0x23, 0x08, 0x22, 0x00,
    0x22, 0x00, 0x22, 0x00, 0x22, 0x00, 0x22, 0x00, 0x22, 0x00, 0x22, 0x00, 0x22, 0x00, 0x22, 0x00,
    0x22, 0x00, 0x02, 0x00, 0x22, 0x00, 0x22, 0x00, 0x65, 0x08, 0x44, 0x08, 0x22, 0x00, 0x22, 0x00,
    0x22, 0x00, 0x02, 0x00, 0x22, 0x00, 0x22, 0x00, 0x22, 0x00, 0x02, 0x00, 0x22, 0x00, 0x02, 0x00,
    0x02, 0x00, 0x02, 0x00, 0x22, 0x00, 0x23, 0x00, 0x65, 0x08, 0x44, 0x08, 0x22, 0x00, 0x02, 0x00,
    0x02, 0x00, 0x02, 0x00, 0x22, 0x00, 0x02, 0x00, 0x02, 0x00, 0x02, 0x00, 0x22, 0x00, 0x02, 0x00,
    0x02, 0x00, 0x02, 0x00, 0x22, 0x00, 0x22, 0x00, 0x65, 0x08, 0x43, 0x08, 0x22, 0x00, 0x02, 0x00,
    0x02, 0x00, 0x02, 0x00, 0x02, 0x00, 0x02, 0x00, 0x02, 0x00, 0x02, 0x00, 0x22, 0x00, 0x02, 0x00,
    0x02, 0x00, 0x02, 0x00, 0x02, 0x00, 0x02, 0x00, 0x64, 0x08, 0x44, 0x08, 0x02, 0x00, 0x02, 0x00,
    0x02, 0x00, 0x02, 0x00, 0x02, 0x00, 0x02, 0x00, 0x02, 0x00, 0x02, 0x00, 0x02, 0x00, 0x02, 0x00,
    0x02, 0x00, 0x01, 0x00, 0x02, 0x00, 0x01, 0x00, 0x23, 0x08, 0x65, 0x08, 0x23, 0x00, 0x01, 0x00,
    0x01, 0x00, 0x01, 0x00, 0x02, 0x00, 0x01, 0x00, 0x01, 0x00, 0x01, 0x00, 0x01, 0x00, 0x01, 0x00,
    0x01, 0x00, 0x01, 0x00, 0x01, 0x00, 0x01, 0x00, 0x01, 0x00, 0x44, 0x08, 0x44, 0x08, 0x01, 0x00,
    0x01, 0x00, 0x01, 0x00, 0x01, 0x00, 0x01, 0x00, 0x01, 0x00, 0x01, 0x00, 0x01, 0x00, 0x01, 0x00,
    0x23, 0x00, 0x22, 0x00, 0x22, 0x00, 0x22, 0x00, 0x22, 0x00, 0x22, 0x00, 0x22, 0x00, 0x22, 0x00,
    0x22, 0x00, 0x22, 0x00, 0x22, 0x00, 0x22, 0x00, 0x65, 0x08, 0x44, 0x08, 0x22, 0x00, 0x23, 0x00,
    0x22, 0x00, 0x43, 0x00, 0x23, 0x00, 0x43, 0x00, 0x23, 0x00, 0x43, 0x00, 0x23, 0x00, 0x43, 0x00,
    0x23, 0x00, 0x65, 0x08, 0x65, 0x08, 0x43, 0x00, 0x23, 0x00, 0x43, 0x00, 0x23, 0x00, 0x43, 0x00,
    0x23, 0x00, 0x43, 0x08, 0x43, 0x00, 0x43, 0x08, 0x43, 0x00, 0x43, 0x08, 0x64, 0x08, 0xa7, 0x10,
    0x44, 0x08, 0x44, 0x08, 0x44, 0x00, 0x44, 0x08, 0x44, 0x00, 0x44, 0x08, 0x44, 0x00, 0x44, 0x08,
    0x44, 0x00, 0x44, 0x08, 0x44, 0x00, 0x44, 0x08, 0x86, 0x08, 0x86, 0x10, 0x44, 0x00, 0x44, 0x08,
    0x44, 0x08, 0x44, 0x08, 0x44, 0x00, 0x44, 0x08, 0x44, 0x08, 0x44, 0x08, 0x44, 0x08, 0x44, 0x08,
    0x44, 0x08, 0x44, 0x08, 0x86, 0x10, 0x65, 0x08, 0x44, 0x08, 0x44, 0x08, 0x43, 0x08, 0x44, 0x08,
    0x43, 0x08, 0x44, 0x08, 0x43, 0x00, 0x44, 0x08, 0x43, 0x00, 0x44, 0x08, 0x43, 0x00, 0x44, 0x08,
    0x86, 0x10, 0x65, 0x08, 0x43, 0x00, 0x43, 0x08, 0x43, 0x00, 0x43, 0x08, 0x43, 0x00, 0x43, 0x08,
    0x23, 0x00, 0x43, 0x08, 0x23, 0x00, 0x43, 0x08, 0x23, 0x00, 0x43, 0x08, 0x86, 0x08, 0x64, 0x08,
    0x23, 0x00, 0x43, 0x08, 0x23, 0x00, 0x43, 0x00, 0x23, 0x00, 0x43, 0x00, 0x23, 0x00, 0x23, 0x00,
    0x23, 0x00, 0x23, 0x00, 0x22, 0x00, 0x23, 0x00, 0x65, 0x08, 0x64, 0x08, 0x22, 0x00, 0x22, 0x00,
    0x22, 0x00, 0x22, 0x00, 0x22, 0x00, 0x22, 0x00, 0x22, 0x00, 0x22, 0x00, 0x22, 0x00, 0x22, 0x00,
    0x02, 0x00, 0x22, 0x00, 0x43, 0x08, 0x65, 0x08, 0x22, 0x00, 0x22, 0x00, 0x02, 0x00, 0x22, 0x00,
    0x02, 0x00, 0x22, 0x00, 0x02, 0x00, 0x22, 0x00, 0x02, 0x00, 0x22, 0x00, 0x02, 0x00, 0x22, 0x00,
    0x02, 0x00, 0x65, 0x08, 0x44, 0x08, 0x22, 0x00, 0x02, 0x00, 0x22, 0x00, 0x02, 0x00, 0x22, 0x00,
    0x02, 0x00, 0x22, 0x00, 0x02, 0x00, 0x22, 0x00, 0x02, 0x00, 0x22, 0x00, 0x02, 0x00, 0x43, 0x08,
    0x66, 0x08, 0x44, 0x08, 0x02, 0x00, 0x22, 0x00, 0x02, 0x00, 0x22, 0x00, 0x02, 0x00, 0x22, 0x00,
    0x02, 0x00, 0x22, 0x00, 0x02, 0x00, 0x22, 0x00, 0x22, 0x00, 0x22, 0x00, 0x43, 0x08, 0x86, 0x10,
    0x23, 0x08, 0x22, 0x00, 0x02, 0x00, 0x22, 0x00, 0x22, 0x00, 0x23, 0x00, 0x22, 0x00, 0x23, 0x00,
    0x22, 0x00, 0x23, 0x00, 0x22, 0x00, 0x23, 0x00, 0x22, 0x00, 0x43, 0x08, 0x86, 0x08, 0x44, 0x08,
    0x22, 0x00, 0x23, 0x00, 0x22, 0x00, 0x23, 0x00, 0x22, 0x00, 0x23, 0x00, 0x22, 0x00, 0x23, 0x00,
    0x22, 0x00, 0x23, 0x00, 0x22, 0x00, 0x23, 0x00, 0x23, 0x00, 0x65, 0x08, 0x44, 0x08, 0x23, 0x00,
    0x22, 0x00, 0x23, 0x00, 0x22, 0x00, 0x23, 0x00, 0x22, 0x00, 0x23, 0x00, 0x22, 0x00, 0x23, 0x00,
    0x22, 0x00, 0x23, 0x00, 0x22, 0x00, 0x22, 0x00, 0x44, 0x08, 0x85, 0x10, 0x23, 0x00, 0x22, 0x00,
    0x22, 0x00, 0x22, 0x00, 0x02, 0x00, 0x22, 0x00, 0x22, 0x00, 0x22, 0x00, 0x02, 0x00, 0x22, 0x00,
    0x02, 0x00, 0x22, 0x00, 0x02, 0x00, 0x22, 0x00, 0x65, 0x08, 0x65, 0x08, 0x02, 0x00, 0x22, 0x00,
    0x02, 0x00, 0x22, 0x00, 0x02, 0x00, 0x22, 0x00, 0x02, 0x00, 0x22, 0x00, 0x02, 0x00, 0x22, 0x00,
    0x02, 0x00, 0x22, 0x00, 0x02, 0x00, 0x23, 0x08, 0x65, 0x08, 0x64, 0x08, 0x02, 0x00, 0x22, 0x00,
    0x02, 0x00, 0x22, 0x00, 0x02, 0x00, 0x22, 0x00, 0x02, 0x00, 0x22, 0x00, 0x02, 0x00, 0x22, 0x00,
    0x02, 0x00, 0x22, 0x00, 0x02, 0x00, 0x22, 0x00, 0x65, 0x08, 0x64, 0x08, 0x02, 0x00, 0x22, 0x00,
    0x02, 0x00, 0x22, 0x00, 0x02, 0x00, 0x22, 0x00, 0x02, 0x00, 0x22, 0x00, 0x02, 0x00, 0x22, 0x00,
    0x02, 0x00, 0x22, 0x00, 0x02, 0x00, 0x22, 0x00, 0x44, 0x08, 0x64, 0x08, 0x22, 0x00, 0x22, 0x00,
    0x02, 0x00, 0x22, 0x00, 0x02, 0x00, 0x02, 0x00, 0x02, 0x00, 0x02, 0x00, 0x02, 0x00, 0x02, 0x00,
    0x02, 0x00, 0x02, 0x00, 0x02, 0x00, 0x02, 0x00, 0x23, 0x00, 0x65, 0x08, 0x23, 0x00, 0x02, 0x00,
    0x02, 0x00, 0x02, 0x00, 0x02, 0x00, 0x02, 0x00, 0x01, 0x00, 0x02, 0x00, 0x01, 0x00, 0x02, 0x00,
    0x01, 0x00, 0x02, 0x00, 0x01, 0x00, 0x02, 0x00, 0x01, 0x00, 0x43, 0x08, 0x44, 0x08, 0x22, 0x00,
    0x01, 0x00, 0x02, 0x00, 0x01, 0x00, 0x02, 0x00, 0x01, 0x00, 0x01, 0x00, 0x01, 0x00, 0x01, 0x00,
    0x22, 0x00, 0x22, 0x00, 0x22, 0x00, 0x22, 0x00, 0x22, 0x00, 0x22, 0x00, 0x22, 0x00, 0x22, 0x00,
    0x22, 0x00, 0x22, 0x00, 0x22, 0x00, 0x23, 0x00, 0x86, 0x08, 0x43, 0x08, 0x23, 0x00, 0x22, 0x00,
    0x23, 0x00, 0x23, 0x00, 0x23, 0x00, 0x23, 0x00, 0x43, 0x00, 0x23, 0x00, 0x43, 0x00, 0x43, 0x00,
    0x43, 0x00, 0x85, 0x08, 0x64, 0x08, 0x43, 0x00, 0x43, 0x00, 0x43, 0x00, 0x43, 0x00, 0x43, 0x00,
    0x43, 0x00, 0x43, 0x00, 0x43, 0x00, 0x43, 0x00, 0x43, 0x00, 0x43, 0x00, 0x65, 0x08, 0x86, 0x10,
    0x44, 0x08, 0x44, 0x08, 0x44, 0x08, 0x44, 0x00, 0x44, 0x08, 0x44, 0x08, 0x44, 0x08, 0x44, 0x08,
    0x44, 0x08, 0x44, 0x08, 0x44, 0x08, 0x44, 0x08, 0x86, 0x08, 0x85, 0x08, 0x44, 0x08, 0x44, 0x08,
    0x44, 0x08, 0x44, 0x08, 0x44, 0x08, 0x44, 0x08, 0x44, 0x08, 0x44, 0x08, 0x44, 0x08, 0x44, 0x08,
    0x44, 0x08, 0x64, 0x08, 0xa7, 0x10, 0x65, 0x08, 0x44, 0x08, 0x43, 0x08, 0x43, 0x08, 0x43, 0x08,
    0x43, 0x08, 0x43, 0x08, 0x43, 0x08, 0x43, 0x08, 0x43, 0x08, 0x43, 0x08, 0x43, 0x08, 0x64, 0x08,
    0xa7, 0x10, 0x44, 0x08, 0x43, 0x00, 0x43, 0x00, 0x43, 0x00, 0x43, 0x00, 0x43, 0x00, 0x43, 0x00,
    0x43, 0x00, 0x23, 0x00, 0x23, 0x00, 0x23, 0x00, 0x23, 0x00, 0x44, 0x08, 0x86, 0x10, 0x44, 0x08,
    0x23, 0x00, 0x23, 0x00, 0x23, 0x00, 0x23, 0x00, 0x23, 0x00, 0x23, 0x00, 0x23, 0x00, 0x23, 0x00,
    0x23, 0x00, 0x22, 0x00, 0x22, 0x00, 0x22, 0x00, 0x65, 0x08, 0x44, 0x08, 0x22, 0x00, 0x22, 0x00,
    0x22, 0x00, 0x22, 0x00, 0x22, 0x00, 0x22, 0x00, 0x22, 0x00, 0x22, 0x00, 0x22, 0x00, 0x22, 0x00,
    0x22, 0x00, 0x02, 0x00, 0x44, 0x08, 0x65, 0x08, 0x22, 0x00, 0x02, 0x00, 0x02, 0x00, 0x02, 0x00,
    0x22, 0x00, 0x02, 0x00, 0x02, 0x00, 0x02, 0x00, 0x22, 0x00, 0x02, 0x00, 0x22, 0x00, 0x02, 0x00,
    0x22, 0x00, 0x65, 0x08, 0x44, 0x08, 0x02, 0x00, 0x22, 0x00, 0x02, 0x00, 0x22, 0x00, 0x02, 0x00,
    0x22, 0x00, 0x22, 0x00, 0x22, 0x00, 0x02, 0x00, 0x22, 0x00, 0x22, 0x00, 0x22, 0x00, 0x23, 0x08,
    0x86, 0x10, 0x43, 0x08, 0x22, 0x00, 0x22, 0x00, 0x22, 0x00, 0x22, 0x00, 0x22, 0x00, 0x22, 0x00,
    0x22, 0x00, 0x22, 0x00, 0x22, 0x00, 0x22, 0x00, 0x22, 0x00, 0x22, 0x00, 0x43, 0x08, 0x86, 0x10,
    0x43, 0x08, 0x22, 0x00, 0x22, 0x00, 0x22, 0x00, 0x22, 0x00, 0x22, 0x00, 0x22, 0x00, 0x22, 0x00,
    0x22, 0x00, 0x22, 0x00, 0x22, 0x00, 0x22, 0x00, 0x22, 0x00, 0x23, 0x08, 0x86, 0x10, 0x44, 0x08,
    0x22, 0x00, 0x22, 0x00, 0x22, 0x00, 0x22, 0x00, 0x22, 0x00, 0x22, 0x00, 0x22, 0x00, 0x22, 0x00,
    0x22, 0x00, 0x22, 0x00, 0x22, 0x00, 0x22, 0x00, 0x23, 0x00, 0x65, 0x08, 0x64, 0x08, 0x22, 0x00,
    0x22, 0x00, 0x22, 0x00, 0x22, 0x00, 0x22, 0x00, 0x22, 0x00, 0x22, 0x00, 0x22, 0x00, 0x22, 0x00,
    0x22, 0x00, 0x22, 0x00, 0x22, 0x00, 0x22, 0x00, 0x44, 0x08, 0x65, 0x10, 0x43, 0x08, 0x22, 0x00,
    0x22, 0x00, 0x22, 0x00, 0x22, 0x00, 0x22, 0x00, 0x22, 0x00, 0x22, 0x00, 0x22, 0x00, 0x22, 0x00,
    0x22, 0x00, 0x22, 0x00, 0x22, 0x00, 0x22, 0x00, 0x65, 0x08, 0x65, 0x08, 0x22, 0x00, 0x22, 0x00,
    0x22, 0x00, 0x22, 0x00, 0x22, 0x00, 0x22, 0x00, 0x22, 0x00, 0x22, 0x00, 0x22, 0x00, 0x02, 0x00,
    0x22, 0x00, 0x02, 0x00, 0x22, 0x00, 0x23, 0x00, 0x65, 0x08, 0x44, 0x08, 0x22, 0x00, 0x02, 0x00,
    0x22, 0x00, 0x02, 0x00, 0x02, 0x00, 0x02, 0x00, 0x22, 0x00, 0x02, 0x00, 0x02, 0x00, 0x02, 0x00,
    0x02, 0x00, 0x02, 0x00, 0x02, 0x00, 0x22, 0x00, 0x65, 0x08, 0x44, 0x08, 0x02, 0x00, 0x02, 0x00,
    0x02, 0x00, 0x02, 0x00, 0x02, 0x00, 0x02, 0x00, 0x02, 0x00, 0x02, 0x00, 0x02, 0x00, 0x02, 0x00,
    0x02, 0x00, 0x02, 0x00, 0x02, 0x00, 0x02, 0x00, 0x44, 0x08, 0x65, 0x08, 0x22, 0x00, 0x02, 0x00,
    0x02, 0x00, 0x02, 0x00, 0x02, 0x00, 0x02, 0x00, 0x02, 0x00, 0x02, 0x00, 0x02, 0x00, 0x02, 0x00,
    0x02, 0x00, 0x02, 0x00, 0x02, 0x00, 0x02, 0x00, 0x23, 0x00, 0x65, 0x08, 0x23, 0x08, 0x02, 0x00,
    0x02, 0x00, 0x02, 0x00, 0x01, 0x00, 0x01, 0x00, 0x02, 0x00, 0x01, 0x00, 0x01, 0x00, 0x01, 0x00,
    0x02, 0x00, 0x01, 0x00, 0x02, 0x00, 0x01, 0x00, 0x02, 0x00, 0x43, 0x08, 0x64, 0x08, 0x22, 0x00,
    0x02, 0x00, 0x01, 0x00, 0x02, 0x00, 0x01, 0x00, 0x01, 0x00, 0x01, 0x00, 0x01, 0x00, 0x01, 0x00,
    0x21, 0x00, 0x22, 0x00, 0x22, 0x00, 0x22, 0x00, 0x22, 0x00, 0x22, 0x00, 0x22, 0x00, 0x22, 0x00,
    0x22, 0x00, 0x22, 0x00, 0x22, 0x00, 0x43, 0x08, 0x85, 0x08, 0x43, 0x00, 0x22, 0x00, 0x22, 0x00,
    0x22, 0x00, 0x23, 0x00, 0x22, 0x00, 0x43, 0x00, 0x22, 0x00, 0x43, 0x00, 0x22, 0x00, 0x43, 0x00,
    0x22, 0x00, 0x86, 0x08, 0x64, 0x08, 0x43, 0x00, 0x23, 0x00, 0x43, 0x00, 0x23, 0x00, 0x43, 0x00,
    0x23, 0x00, 0x43, 0x00, 0x23, 0x00, 0x43, 0x08, 0x23, 0x00, 0x43, 0x00, 0x64, 0x08, 0x86, 0x08,
    0x43, 0x00, 0x43, 0x08, 0x43, 0x00, 0x43, 0x08, 0x43, 0x00, 0x43, 0x08, 0x43, 0x00, 0x44, 0x08,
    0x43, 0x00, 0x43, 0x08, 0x43, 0x00, 0x44, 0x08, 0x86, 0x08, 0x65, 0x08, 0x43, 0x08, 0x44, 0x08,
    0x43, 0x00, 0x43, 0x08, 0x43, 0x08, 0x44, 0x08, 0x43, 0x00, 0x43, 0x08, 0x43, 0x08, 0x43, 0x08,
    0x43, 0x00, 0x64, 0x08, 0x86, 0x10, 0x64, 0x08, 0x43, 0x08, 0x43, 0x08, 0x43, 0x08, 0x43, 0x08,
    0x43, 0x00, 0x43, 0x08, 0x43, 0x00, 0x43, 0x08, 0x43, 0x00, 0x43, 0x08, 0x43, 0x00, 0x64, 0x08,
    0x86, 0x10, 0x64, 0x08, 0x43, 0x00, 0x43, 0x08, 0x23, 0x00, 0x43, 0x00, 0x23, 0x00, 0x43, 0x08,
    0x23, 0x00, 0x43, 0x00, 0x23, 0x00, 0x43, 0x08, 0x23, 0x00, 0x44, 0x08, 0x86, 0x10, 0x44, 0x08,
    0x22, 0x00, 0x23, 0x00, 0x23, 0x00, 0x43, 0x00, 0x22, 0x00, 0x23, 0x00, 0x22, 0x00, 0x22, 0x00,
    0x22, 0x00, 0x22, 0x00, 0x22, 0x00, 0x22, 0x00, 0x65, 0x08, 0x64, 0x08, 0x22, 0x00, 0x22, 0x00,
    0x22, 0x00, 0x22, 0x00, 0x22, 0x00, 0x22, 0x00, 0x22, 0x00, 0x22, 0x00, 0x22, 0x00, 0x22, 0x00,
    0x02, 0x00, 0x22, 0x00, 0x43, 0x08, 0x85, 0x08, 0x02, 0x00, 0x22, 0x00, 0x02, 0x00, 0x22, 0x00,
    0x02, 0x00, 0x22, 0x00, 0x02, 0x00, 0x22, 0x00, 0x02, 0x00, 0x22, 0x00, 0x02, 0x00, 0x22, 0x00,
    0x22, 0x00, 0x65, 0x08, 0x44, 0x08, 0x22, 0x00, 0x02, 0x00, 0x22, 0x00, 0x02, 0x00, 0x22, 0x00,
    0x02, 0x00, 0x22, 0x00, 0x02, 0x00, 0x22, 0x00, 0x02, 0x00, 0x22, 0x00, 0x02, 0x00, 0x43, 0x08,
    0x65, 0x08, 0x43, 0x08, 0x22, 0x00, 0x22, 0x00, 0x02, 0x00, 0x22, 0x00, 0x22, 0x00, 0x22, 0x00,
    0x02, 0x00, 0x22, 0x00, 0x22, 0x00, 0x22, 0x00, 0x22, 0x00, 0x22, 0x00, 0x43, 0x08, 0x86, 0x10,
    0x23, 0x08, 0x22, 0x00, 0x22, 0x00, 0x22, 0x00, 0x22, 0x00, 0x22, 0x00, 0x22, 0x00, 0x22, 0x00,
    0x22, 0x00, 0x22, 0x00, 0x22, 0x00, 0x22, 0x00, 0x22, 0x00, 0x43, 0x08, 0x86, 0x10, 0x44, 0x08,
    0x22, 0x00, 0x22, 0x00, 0x22, 0x00, 0x22, 0x08, 0x22, 0x00, 0x22, 0x00, 0x22, 0x00, 0x22, 0x08,
    0x22, 0x00, 0x22, 0x00, 0x22, 0x00, 0x22, 0x08, 0x22, 0x00, 0x65, 0x08, 0x44, 0x08, 0x22, 0x08,
    0x22, 0x00, 0x22, 0x00, 0x22, 0x00, 0x22, 0x00, 0x22, 0x00, 0x22, 0x00, 0x22, 0x00, 0x22, 0x00,
    0x22, 0x00, 0x22, 0x00, 0x22, 0x00, 0x22, 0x00, 0x44, 0x08, 0x86, 0x10, 0x23, 0x08, 0x22, 0x00,
    0x22, 0x00, 0x22, 0x00, 0x22, 0x00, 0x22, 0x00, 0x02, 0x00, 0x22, 0x00, 0x22, 0x00, 0x22, 0x00,
    0x02, 0x00, 0x22, 0x00, 0x22, 0x00, 0x22, 0x00, 0x44, 0x08, 0x65, 0x08, 0x22, 0x00, 0x22, 0x00,
    0x02, 0x00, 0x22, 0x00, 0x02, 0x00, 0x22, 0x00, 0x02, 0x00, 0x22, 0x00, 0x02, 0x00, 0x22, 0x00,
    0x02, 0x00, 0x22, 0x00, 0x02, 0x00, 0x22, 0x00, 0x64, 0x08, 0x64, 0x08, 0x02, 0x00, 0x22, 0x00,
    0x02, 0x00, 0x22, 0x00, 0x02, 0x00, 0x22, 0x00, 0x02, 0x00, 0x22, 0x00, 0x02, 0x00, 0x22, 0x00,
    0x02, 0x00, 0x22, 0x00, 0x02, 0x00, 0x22, 0x00, 0x44, 0x08, 0x64, 0x08, 0x02, 0x00, 0x22, 0x00,
    0x02, 0x00, 0x22, 0x00, 0x02, 0x00, 0x22, 0x00, 0x02, 0x00, 0x02, 0x00, 0x02, 0x00, 0x22, 0x00,
    0x02, 0x00, 0x02, 0x00, 0x02, 0x00, 0x22, 0x00, 0x43, 0x08, 0x65, 0x08, 0x22, 0x00, 0x22, 0x00,
    0x01, 0x00, 0x02, 0x00, 0x01, 0x00, 0x02, 0x00, 0x01, 0x00, 0x02, 0x00, 0x01, 0x00, 0x02, 0x00,
    0x01, 0x00, 0x02, 0x00, 0x01, 0x00, 0x02, 0x00, 0x22, 0x00, 0x65, 0x08, 0x43, 0x08, 0x02, 0x00,
    0x01, 0x00, 0x02, 0x00, 0x01, 0x00, 0x02, 0x00, 0x01, 0x00, 0x01, 0x00, 0x01, 0x00, 0x01, 0x00,
    0x01, 0x00, 0x01, 0x00, 0x01, 0x00, 0x01, 0x00, 0x01, 0x00, 0x23, 0x08, 0x64, 0x08, 0x23, 0x00,
    0x01, 0x00, 0x01, 0x00, 0x01, 0x00, 0x01, 0x00, 0x01, 0x00, 0x01, 0x00, 0x01, 0x00, 0x01, 0x00,
    0x22, 0x00, 0x22, 0x00, 0x22, 0x00, 0x22, 0x00, 0x22, 0x00, 0x22, 0x00, 0x22, 0x00, 0x22, 0x00,
    0x22, 0x00, 0x22, 0x00, 0x22, 0x00, 0x43, 0x08, 0x65, 0x08, 0x22, 0x00, 0x22, 0x00, 0x22, 0x00,
    0x22, 0x00, 0x22, 0x00, 0x23, 0x00, 0x23, 0x00, 0x23, 0x00, 0x23, 0x00, 0x23, 0x00, 0x23, 0x00,
    0x43, 0x00, 0x86, 0x08, 0x64, 0x08, 0x43, 0x00, 0x43, 0x00, 0x23, 0x00, 0x43, 0x00, 0x43, 0x00,
    0x43, 0x00, 0x43, 0x00, 0x43, 0x00, 0x43, 0x00, 0x43, 0x00, 0x43, 0x00, 0x85, 0x08, 0x86, 0x08,
    0x43, 0x00, 0x43, 0x00, 0x43, 0x08, 0x43, 0x08, 0x43, 0x08, 0x43, 0x00, 0x43, 0x08, 0x43, 0x08,
    0x43, 0x08, 0x43, 0x00, 0x44, 0x08, 0x44, 0x08, 0xa6, 0x10, 0x65, 0x08, 0x44, 0x08, 0x43, 0x08,
    0x43, 0x08, 0x43, 0x08, 0x44, 0x08, 0x43, 0x08, 0x44, 0x08, 0x43, 0x08, 0x44, 0x08, 0x43, 0x08,
    0x43, 0x08, 0x64, 0x08, 0xa7, 0x10, 0x64, 0x08, 0x43, 0x08, 0x43, 0x08, 0x43, 0x08, 0x43, 0x08,
    0x43, 0x08, 0x43, 0x00, 0x43, 0x08, 0x43, 0x00, 0x43, 0x00, 0x43, 0x00, 0x43, 0x08, 0x64, 0x08,
    0x86, 0x10, 0x44, 0x08, 0x43, 0x00, 0x43, 0x00, 0x43, 0x00, 0x23, 0x00, 0x43, 0x00, 0x23, 0x00,
    0x23, 0x00, 0x23, 0x00, 0x23, 0x00, 0x23, 0x00, 0x23, 0x00, 0x44, 0x08, 0x86, 0x10, 0x44, 0x08,
    0x23, 0x00, 0x23, 0x00, 0x23, 0x00, 0x23, 0x00, 0x23, 0x00, 0x23, 0x00, 0x23, 0x00, 0x23, 0x00,
    0x22, 0x00, 0x22, 0x00, 0x22, 0x00, 0x23, 0x00, 0x65, 0x08, 0x44, 0x08, 0x22, 0x00, 0x22, 0x00,
    0x22, 0x00, 0x22, 0x00, 0x22, 0x00, 0x22, 0x00, 0x22, 0x00, 0x22, 0x00, 0x22, 0x00, 0x22, 0x00,
    0x02, 0x00, 0x02, 0x00, 0x44, 0x08, 0x65, 0x08, 0x02, 0x00, 0x02, 0x00, 0x22, 0x00, 0x02, 0x00,
    0x02, 0x00, 0x02, 0x00, 0x22, 0x00, 0x02, 0x00, 0x02, 0x00, 0x02, 0x00, 0x22, 0x00, 0x02, 0x00,
    0x22, 0x00, 0x65, 0x08, 0x44, 0x08, 0x22, 0x00, 0x22, 0x00, 0x02, 0x00, 0x22, 0x00, 0x22, 0x00,
    0x22, 0x00, 0x22, 0x00, 0x22, 0x00, 0x22, 0x00, 0x22, 0x00, 0x22, 0x00, 0x22, 0x00, 0x23, 0x08,
    0x86, 0x10, 0x43, 0x08, 0x22, 0x00, 0x22, 0x00, 0x22, 0x00, 0x22, 0x00, 0x22, 0x00, 0x22, 0x00,
    0x22, 0x00, 0x22, 0x00, 0x22, 0x00, 0x22, 0x00, 0x22, 0x00, 0x22, 0x00, 0x43, 0x08, 0x86, 0x10,
    0x43, 0x08, 0x22, 0x00, 0x22, 0x00, 0x22, 0x00, 0x22, 0x00, 0x22, 0x00, 0x22, 0x00, 0x22, 0x00,
    0x22, 0x00, 0x22, 0x00, 0x22, 0x00, 0x22, 0x00, 0x22, 0x00, 0x23, 0x08, 0x86, 0x10, 0x44, 0x08,
    0x22, 0x00, 0x22, 0x00, 0x22, 0x00, 0x22, 0x00, 0x22, 0x00, 0x22, 0x00, 0x22, 0x00, 0x22, 0x00,
    0x22, 0x00, 0x22, 0x00, 0x22, 0x00, 0x22, 0x00, 0x22, 0x00, 0x65, 0x08, 0x65, 0x08, 0x22, 0x00,
    0x22, 0x00, 0x22, 0x00, 0x22, 0x00, 0x22, 0x00, 0x22, 0x00, 0x22, 0x00, 0x22, 0x00, 0x22, 0x00,
    0x22, 0x00, 0x22, 0x00, 0x22, 0x00, 0x22, 0x00, 0x44, 0x08, 0x86, 0x10, 0x44, 0x08, 0x22, 0x00,
    0x22, 0x00, 0x22, 0x00, 0x22, 0x00, 0x22, 0x00, 0x22, 0x00, 0x22, 0x00, 0x22, 0x00, 0x22, 0x00,
    0x22, 0x00, 0x22, 0x00, 0x22, 0x00, 0x22, 0x00, 0x44, 0x08, 0x65, 0x08, 0x23, 0x08, 0x22, 0x00,
    0x22, 0x00, 0x22, 0x00, 0x22, 0x00, 0x22, 0x00, 0x22, 0x00, 0x22, 0x00, 0x22, 0x00, 0x22, 0x00,
    0x22, 0x00, 0x02, 0x00, 0x22, 0x00, 0x22, 0x00, 0x65, 0x08, 0x44, 0x08, 0x22, 0x00, 0x22, 0x00,
    0x22, 0x00, 0x02, 0x00, 0x22, 0x00, 0x02, 0x00, 0x02, 0x00, 0x02, 0x00, 0x22, 0x00, 0x02, 0x00,
    0x02, 0x00, 0x02, 0x00, 0x22, 0x00, 0x02, 0x00, 0x44, 0x08, 0x65, 0x08, 0x22, 0x00, 0x02, 0x00,
    0x02, 0x00, 0x02, 0x00, 0x02, 0x00, 0x02, 0x00, 0x02, 0x00, 0x02, 0x00, 0x02, 0x00, 0x02, 0x00,
    0x02, 0x00, 0x02, 0x00, 0x02, 0x00, 0x02, 0x00, 0x43, 0x08, 0x65, 0x08, 0x23, 0x00, 0x02, 0x00,
    0x02, 0x00, 0x02, 0x00, 0x02, 0x00, 0x02, 0x00, 0x02, 0x00, 0x02, 0x00, 0x02, 0x00, 0x02, 0x00,
    0x02, 0x00, 0x02, 0x00, 0x02, 0x00, 0x02, 0x00, 0x02, 0x00, 0x64, 0x08, 0x44, 0x08, 0x02, 0x00,
    0x01, 0x00, 0x01, 0x00, 0x02, 0x00, 0x01, 0x00, 0x01, 0x00, 0x01, 0x00, 0x02, 0x00, 0x01, 0x00,
    0x01, 0x00, 0x01, 0x00, 0x02, 0x00, 0x01, 0x00, 0x02, 0x00, 0x22, 0x00, 0x65, 0x08, 0x23, 0x08,
    0x02, 0x00, 0x01, 0x00, 0x01, 0x00, 0x01, 0x00, 0x01, 0x00, 0x01, 0x00, 0x01, 0x00, 0x01, 0x00,
    0x02, 0x00, 0x22, 0x00, 0x22, 0x00, 0x22, 0x00, 0x22, 0x00, 0x22, 0x00, 0x22, 0x00, 0x22, 0x00,
    0x22, 0x00, 0x22, 0x00, 0x22, 0x00, 0x44, 0x08, 0x64, 0x08, 0x22, 0x00, 0x22, 0x00, 0x22, 0x00,
    0x22, 0x00, 0x23, 0x00, 0x22, 0x00, 0x23, 0x00, 0x22, 0x00, 0x23, 0x00, 0x22, 0x00, 0x43, 0x00,
    0x43, 0x08, 0x86, 0x10, 0x43, 0x00, 0x43, 0x00, 0x23, 0x00, 0x43, 0x00, 0x23, 0x00, 0x43, 0x00,
    0x23, 0x00, 0x43, 0x00, 0x23, 0x00, 0x43, 0x00, 0x23, 0x00, 0x43, 0x00, 0x65, 0x08, 0x85, 0x08,
    0x23, 0x00, 0x43, 0x00, 0x23, 0x00, 0x43, 0x08, 0x43, 0x00, 0x43, 0x08, 0x43, 0x00, 0x43, 0x08,
    0x43, 0x00, 0x43, 0x08, 0x43, 0x00, 0x64, 0x08, 0xa7, 0x10, 0x65, 0x08, 0x43, 0x00, 0x44, 0x08,
    0x43, 0x00, 0x44, 0x08, 0x43, 0x00, 0x44, 0x08, 0x43, 0x00, 0x44, 0x08, 0x43, 0x00, 0x43, 0x08,
    0x43, 0x08, 0x65, 0x08, 0x86, 0x10, 0x44, 0x08, 0x43, 0x00, 0x43, 0x08, 0x43, 0x00, 0x43, 0x08,
    0x43, 0x00, 0x43, 0x08, 0x43, 0x00, 0x43, 0x08, 0x43, 0x00, 0x43, 0x08, 0x43, 0x00, 0x65, 0x08,
    0x86, 0x10, 0x44, 0x08, 0x23, 0x00, 0x43, 0x00, 0x23, 0x00, 0x43, 0x00, 0x23, 0x00, 0x43, 0x00,
    0x23, 0x00, 0x43, 0x08, 0x23, 0x00, 0x23, 0x00, 0x23, 0x00, 0x64, 0x08, 0x86, 0x10, 0x43, 0x08,
    0x23, 0x00, 0x43, 0x00, 0x22, 0x00, 0x23, 0x00, 0x22, 0x00, 0x23, 0x00, 0x22, 0x00, 0x23, 0x00,
    0x22, 0x00, 0x22, 0x00, 0x22, 0x00, 0x23, 0x08, 0x85, 0x08, 0x44, 0x08, 0x22, 0x00, 0x22, 0x00,
    0x22, 0x00, 0x22, 0x00, 0x22, 0x00, 0x22, 0x00, 0x22, 0x00, 0x22, 0x00, 0x02, 0x00, 0x22, 0x00,
    0x02, 0x00, 0x22, 0x00, 0x44, 0x08, 0x65, 0x08, 0x02, 0x00, 0x22, 0x00, 0x02, 0x00, 0x22, 0x00,
    0x02, 0x00, 0x22, 0x00, 0x02, 0x00, 0x22, 0x00, 0x02, 0x00, 0x22, 0x00, 0x02, 0x00, 0x22, 0x00,
    0x22, 0x00, 0x65, 0x10, 0x44, 0x08, 0x22, 0x00, 0x02, 0x00, 0x22, 0x00, 0x02, 0x00, 0x22, 0x00,
    0x02, 0x00, 0x22, 0x00, 0x02, 0x00, 0x22, 0x00, 0x22, 0x00, 0x22, 0x00, 0x02, 0x00, 0x43, 0x08,
    0x86, 0x08, 0x44, 0x08, 0x22, 0x00, 0x22, 0x00, 0x22, 0x00, 0x22, 0x00, 0x22, 0x00, 0x22, 0x00,
    0x22, 0x00, 0x22, 0x00, 0x22, 0x00, 0x22, 0x00, 0x22, 0x00, 0x22, 0x00, 0x43, 0x08, 0x86, 0x10,
    0x43, 0x08, 0x22, 0x00, 0x22, 0x00, 0x22, 0x00, 0x22, 0x00, 0x22, 0x08, 0x22, 0x00, 0x22, 0x08,
    0x22, 0x00, 0x23, 0x08, 0x22, 0x00, 0x23, 0x08, 0x22, 0x00, 0x43, 0x08, 0x66, 0x10, 0x44, 0x08,
    0x22, 0x00, 0x23, 0x08, 0x22, 0x00, 0x23, 0x08, 0x22, 0x00, 0x23, 0x08, 0x22, 0x00, 0x23, 0x08,
    0x22, 0x00, 0x23, 0x08, 0x22, 0x00, 0x23, 0x08, 0x22, 0x00, 0x65, 0x08, 0x65, 0x08, 0x23, 0x08,
    0x22, 0x00, 0x23, 0x08, 0x22, 0x00, 0x23, 0x08, 0x22, 0x00, 0x23, 0x08, 0x22, 0x00, 0x22, 0x08,
    0x22, 0x00, 0x22, 0x08, 0x22, 0x00, 0x22, 0x00, 0x44, 0x08, 0x86, 0x10, 0x43, 0x08, 0x22, 0x00,
    0x22, 0x00, 0x22, 0x00, 0x22, 0x00, 0x22, 0x00, 0x22, 0x00, 0x22, 0x00, 0x22, 0x00, 0x22, 0x00,
    0x22, 0x00, 0x22, 0x00, 0x22, 0x00, 0x22, 0x00, 0x44, 0x08, 0x65, 0x10, 0x23, 0x00, 0x22, 0x00,
    0x22, 0x00, 0x22, 0x00, 0x02, 0x00, 0x22, 0x00, 0x02, 0x00, 0x22, 0x00, 0x02, 0x00, 0x22, 0x00,
    0x02, 0x00, 0x22, 0x00, 0x02, 0x00, 0x22, 0x00, 0x44, 0x08, 0x65, 0x08, 0x22, 0x00, 0x22, 0x00,
    0x02, 0x00, 0x22, 0x00, 0x02, 0x00, 0x22, 0x00, 0x02, 0x00, 0x22, 0x00, 0x02, 0x00, 0x22, 0x00,
    0x02, 0x00, 0x22, 0x00, 0x02, 0x00, 0x22, 0x00, 0x44, 0x08, 0x65, 0x08, 0x22, 0x00, 0x22, 0x00,
    0x02, 0x00, 0x22, 0x00, 0x02, 0x00, 0x22, 0x00, 0x02, 0x00, 0x22, 0x00, 0x02, 0x00, 0x22, 0x00,
    0x02, 0x00, 0x22, 0x00, 0x02, 0x00, 0x22, 0x00, 0x23, 0x08, 0x65, 0x08, 0x23, 0x00, 0x02, 0x00,
    0x02, 0x00, 0x02, 0x00, 0x02, 0x00, 0x02, 0x00, 0x02, 0x00, 0x02, 0x00, 0x02, 0x00, 0x02, 0x00,
    0x02, 0x00, 0x02, 0x00, 0x02, 0x00, 0x02, 0x00, 0x02, 0x00, 0x44, 0x08, 0x44, 0x08, 0x02, 0x00,
    0x01, 0x00, 0x02, 0x00, 0x01, 0x00, 0x02, 0x00, 0x01, 0x00, 0x02, 0x00, 0x01, 0x00, 0x02, 0x00,
    0x01, 0x00, 0x02, 0x00, 0x01, 0x00, 0x02, 0x00, 0x01, 0x00, 0x22, 0x00, 0x44, 0x08, 0x43, 0x00,
    0x01, 0x00, 0x01, 0x00, 0x01, 0x00, 0x01, 0x00, 0x01, 0x00, 0x01, 0x00, 0x01, 0x00, 0x01, 0x00,
    0x22, 0x00, 0x22, 0x00, 0x22, 0x00, 0x22, 0x00, 0x22, 0x00, 0x22, 0x00, 0x22, 0x00, 0x22, 0x00,
    0x22, 0x00, 0x22, 0x00, 0x22, 0x00, 0x44, 0x08, 0x64, 0x08, 0x22, 0x00, 0x22, 0x00, 0x22, 0x00,
    0x22, 0x00, 0x22, 0x00, 0x22, 0x00, 0x22, 0x00, 0x23, 0x00, 0x22, 0x00, 0x22, 0x00, 0x22, 0x00,
    0x44, 0x08, 0x85, 0x08, 0x43, 0x00, 0x22, 0x00, 0x43, 0x00, 0x22, 0x00, 0x43, 0x00, 0x22, 0x00,
    0x43, 0x00, 0x23, 0x00, 0x43, 0x00, 0x23, 0x00, 0x43, 0x00, 0x23, 0x00, 0x85, 0x08, 0x64, 0x08,
    0x43, 0x00, 0x23, 0x00, 0x43, 0x00, 0x23, 0x00, 0x43, 0x08, 0x43, 0x00, 0x43, 0x08, 0x43, 0x00,
    0x43, 0x08, 0x43, 0x08, 0x43, 0x08, 0x44, 0x08, 0xa6, 0x10, 0x44, 0x08, 0x43, 0x08, 0x43, 0x08,
    0x43, 0x08, 0x43, 0x08, 0x43, 0x08, 0x43, 0x08, 0x43, 0x08, 0x43, 0x08, 0x43, 0x08, 0x43, 0x08,
    0x43, 0x08, 0x64, 0x08, 0x86, 0x10, 0x43, 0x00, 0x43, 0x08, 0x43, 0x00, 0x43, 0x08, 0x43, 0x00,
    0x43, 0x08, 0x43, 0x00, 0x43, 0x00, 0x43, 0x00, 0x43, 0x00, 0x43, 0x00, 0x43, 0x00, 0x64, 0x08,
    0x86, 0x10, 0x43, 0x00, 0x43, 0x00, 0x23, 0x00, 0x43, 0x00, 0x23, 0x00, 0x23, 0x00, 0x23, 0x00,
    0x23, 0x00, 0x23, 0x00, 0x23, 0x00, 0x23, 0x00, 0x23, 0x00, 0x44, 0x08, 0x86, 0x10, 0x43, 0x08,
    0x23, 0x00, 0x23, 0x00, 0x23, 0x00, 0x22, 0x00, 0x22, 0x00, 0x22, 0x00, 0x22, 0x00, 0x22, 0x00,
    0x22, 0x00, 0x22, 0x00, 0x22, 0x00, 0x23, 0x00, 0x85, 0x08, 0x43, 0x08, 0x22, 0x00, 0x22, 0x00,
    0x22, 0x00, 0x22, 0x00, 0x22, 0x00, 0x22, 0x00, 0x22, 0x00, 0x22, 0x00, 0x22, 0x00, 0x02, 0x00,
    0x02, 0x00, 0x02, 0x00, 0x44, 0x08, 0x64, 0x08, 0x22, 0x00, 0x02, 0x00, 0x22, 0x00, 0x02, 0x00,
    0x22, 0x00, 0x02, 0x00, 0x22, 0x00, 0x02, 0x00, 0x22, 0x00, 0x02, 0x00, 0x22, 0x00, 0x02, 0x00,
    0x22, 0x00, 0x65, 0x08, 0x44, 0x08, 0x22, 0x00, 0x22, 0x00, 0x22, 0x00, 0x22, 0x00, 0x22, 0x00,
    0x22, 0x00, 0x22, 0x00, 0x22, 0x00, 0x22, 0x00, 0x22, 0x00, 0x22, 0x00, 0x22, 0x00, 0x23, 0x08,
    0x86, 0x10, 0x43, 0x08, 0x22, 0x00, 0x22, 0x00, 0x22, 0x00, 0x22, 0x00, 0x22, 0x00, 0x22, 0x00,
    0x22, 0x00, 0x22, 0x00, 0x22, 0x00, 0x22, 0x00, 0x22, 0x00, 0x22, 0x00, 0x43, 0x08, 0x86, 0x10,
    0x43, 0x08, 0x22, 0x00, 0x22, 0x00, 0x22, 0x00, 0x22, 0x00, 0x22, 0x00, 0x22, 0x00, 0x22, 0x00,
    0x22, 0x00, 0x22, 0x00, 0x22, 0x00, 0x22, 0x00, 0x22, 0x00, 0x23, 0x08, 0x86, 0x10, 0x44, 0x08,
    0x22, 0x08, 0x22, 0x00, 0x22, 0x00, 0x22, 0x00, 0x22, 0x08, 0x22, 0x00, 0x22, 0x00, 0x22, 0x00,
    0x22, 0x08, 0x22, 0x00, 0x22, 0x08, 0x22, 0x00, 0x22, 0x08, 0x65, 0x08, 0x65, 0x08, 0x22, 0x00,
    0x22, 0x08, 0x22, 0x00, 0x22, 0x00, 0x22, 0x00, 0x22, 0x00, 0x22, 0x00, 0x22, 0x00, 0x22, 0x00,
    0x22, 0x00, 0x22, 0x00, 0x22, 0x00, 0x22, 0x00, 0x43, 0x08, 0x86, 0x10, 0x44, 0x08, 0x22, 0x00,
    0x22, 0x00, 0x22, 0x00, 0x22, 0x00, 0x22, 0x00, 0x22, 0x00, 0x22, 0x00, 0x22, 0x00, 0x22, 0x00,
    0x22, 0x00, 0x22, 0x00, 0x22, 0x00, 0x22, 0x00, 0x44, 0x08, 0x65, 0x08, 0x23, 0x08, 0x22, 0x00,
    0x22, 0x00, 0x22, 0x00, 0x22, 0x00, 0x22, 0x00, 0x22, 0x00, 0x22, 0x00, 0x22, 0x00, 0x22, 0x00,
    0x22, 0x00, 0x22, 0x00, 0x22, 0x00, 0x22, 0x00, 0x44, 0x08, 0x65, 0x08, 0x22, 0x00, 0x02, 0x00,
    0x22, 0x00, 0x22, 0x00, 0x22, 0x00, 0x02, 0x00, 0x22, 0x00, 0x02, 0x00, 0x22, 0x00, 0x02, 0x00,
    0x22, 0x00, 0x02, 0x00, 0x02, 0x00, 0x02, 0x00, 0x43, 0x08, 0x65, 0x08, 0x23, 0x08, 0x02, 0x00,
    0x02, 0x00, 0x02, 0x00, 0x02, 0x00, 0x02, 0x00, 0x02, 0x00, 0x02, 0x00, 0x02, 0x00, 0x02, 0x00,
    0x02, 0x00, 0x02, 0x00, 0x02, 0x00, 0x02, 0x00, 0x23, 0x00, 0x65, 0x08, 0x23, 0x08, 0x01, 0x00,
    0x02, 0x00, 0x01, 0x00, 0x02, 0x00, 0x01, 0x00, 0x01, 0x00, 0x01, 0x00, 0x01, 0x00, 0x01, 0x00,
    0x01, 0x00, 0x01, 0x00, 0x01, 0x00, 0x01, 0x00, 0x01, 0x00, 0x44, 0x08, 0x64, 0x08, 0x22, 0x00,
    0x01, 0x00, 0x01, 0x00, 0x01, 0x00, 0x01, 0x00, 0x01, 0x00, 0x01, 0x00, 0x01, 0x00, 0x01, 0x00,
    0x01, 0x00, 0x01, 0x00, 0x01, 0x00, 0x01, 0x00, 0x01, 0x00, 0x22, 0x00, 0x44, 0x08, 0x43, 0x08,
    0x01, 0x00, 0x01, 0x00, 0x01, 0x00, 0x01, 0x00, 0x01, 0x00, 0x01, 0x00, 0x01, 0x00, 0x01, 0x00,
    0x01, 0x00, 0x22, 0x00, 0x02, 0x00, 0x22, 0x00, 0x02, 0x00, 0x22, 0x00, 0x22, 0x00, 0x22, 0x00,
    0x22, 0x00, 0x22, 0x00, 0x22, 0x00, 0x65, 0x08, 0x44, 0x08, 0x22, 0x00, 0x22, 0x00, 0x22, 0x00,
    0x22, 0x00, 0x22, 0x00, 0x22, 0x00, 0x22, 0x00, 0x22, 0x00, 0x23, 0x00, 0x22, 0x00, 0x23, 0x00,
    0x44, 0x08, 0x85, 0x08, 0x23, 0x00, 0x43, 0x00, 0x23, 0x00, 0x43, 0x00, 0x23, 0x00, 0x43, 0x00,
    0x23, 0x00, 0x43, 0x00, 0x23, 0x00, 0x43, 0x00, 0x23, 0x00, 0x43, 0x00, 0x86, 0x08, 0x65, 0x08,
    0x23, 0x00, 0x43, 0x00, 0x23, 0x00, 0x43, 0x00, 0x23, 0x00, 0x43, 0x08, 0x43, 0x00, 0x43, 0x08,
    0x43, 0x00, 0x43, 0x08, 0x43, 0x00, 0x64, 0x08, 0x86, 0x10, 0x44, 0x08, 0x43, 0x00, 0x43, 0x08,
    0x43, 0x00, 0x43, 0x08, 0x43, 0x00, 0x43, 0x08, 0x43, 0x00, 0x43, 0x08, 0x43, 0x00, 0x43, 0x08,
    0x23, 0x00, 0x65, 0x08, 0x86, 0x08, 0x43, 0x08, 0x23, 0x00, 0x43, 0x08, 0x43, 0x00, 0x43, 0x08,
    0x23, 0x00, 0x43, 0x08, 0x43, 0x00, 0x43, 0x08, 0x43, 0x00, 0x43, 0x00, 0x43, 0x00, 0x65, 0x08,
    0x85, 0x08, 0x43, 0x00, 0x23, 0x00, 0x43, 0x00, 0x23, 0x00, 0x23, 0x00, 0x23, 0x00, 0x43, 0x08,
    0x23, 0x00, 0x23, 0x00, 0x23, 0x00, 0x43, 0x08, 0x23, 0x00, 0x64, 0x08, 0x86, 0x08, 0x43, 0x08,
    0x22, 0x00, 0x23, 0x00, 0x22, 0x00, 0x23, 0x00, 0x22, 0x00, 0x23, 0x00, 0x22, 0x00, 0x22, 0x00,
    0x22, 0x00, 0x22, 0x00, 0x22, 0x00, 0x43, 0x08, 0x86, 0x08, 0x43, 0x08, 0x22, 0x00, 0x22, 0x00,
    0x22, 0x00, 0x22, 0x00, 0x22, 0x00, 0x22, 0x00, 0x02, 0x00, 0x22, 0x00, 0x02, 0x00, 0x22, 0x00,
    0x02, 0x00, 0x22, 0x00, 0x44, 0x08, 0x65, 0x08, 0x02, 0x00, 0x22, 0x00, 0x02, 0x00, 0x22, 0x00,
    0x02, 0x00, 0x22, 0x00, 0x02, 0x00, 0x22, 0x00, 0x02, 0x00, 0x22, 0x00, 0x02, 0x00, 0x22, 0x00,
    0x22, 0x00, 0x65, 0x10, 0x44, 0x08, 0x22, 0x00, 0x02, 0x00, 0x22, 0x00, 0x22, 0x00, 0x22, 0x00,
    0x02, 0x00, 0x22, 0x00, 0x22, 0x00, 0x22, 0x00, 0x22, 0x00, 0x22, 0x00, 0x22, 0x00, 0x43, 0x08,
    0x86, 0x10, 0x44, 0x08, 0x22, 0x00, 0x22, 0x00, 0x22, 0x00, 0x22, 0x00, 0x22, 0x00, 0x22, 0x08,
    0x22, 0x00, 0x22, 0x00, 0x22, 0x00, 0x23, 0x08, 0x22, 0x00, 0x22, 0x08, 0x24, 0x08, 0x86, 0x10,
    0x43, 0x08, 0x23, 0x08, 0x22, 0x00, 0x23, 0x08, 0x22, 0x00, 0x23, 0x08, 0x22, 0x00, 0x23, 0x08,
    0x22, 0x00, 0x23, 0x08, 0x22, 0x00, 0x23, 0x08, 0x22, 0x00, 0x43, 0x08, 0x66, 0x10, 0x44, 0x08,
    0x22, 0x00, 0x23, 0x08, 0x22, 0x00, 0x23, 0x08, 0x22, 0x00, 0x23, 0x08, 0x22, 0x00, 0x23, 0x08,
    0x22, 0x00, 0x23, 0x08, 0x22, 0x00, 0x23, 0x08, 0x22, 0x00, 0x65, 0x08, 0x65, 0x08, 0x23, 0x08,
    0x22, 0x00, 0x23, 0x08, 0x22, 0x00, 0x23, 0x08, 0x22, 0x00, 0x23, 0x08, 0x22, 0x00, 0x23, 0x08,
    0x22, 0x00, 0x23, 0x08, 0x22, 0x00, 0x23, 0x08, 0x23, 0x08, 0x86, 0x10, 0x44, 0x08, 0x23, 0x08,
    0x22, 0x00, 0x22, 0x00, 0x22, 0x00, 0x23, 0x08, 0x22, 0x00, 0x22, 0x00, 0x22, 0x00, 0x22, 0x08,
    0x22, 0x00, 0x22, 0x00, 0x22, 0x00, 0x22, 0x00, 0x44, 0x08, 0x86, 0x10, 0x23, 0x08, 0x22, 0x00,
    0x22, 0x00, 0x22, 0x00, 0x22, 0x00, 0x22, 0x00, 0x02, 0x00, 0x22, 0x00, 0x22, 0x00, 0x22, 0x00,
    0x02, 0x00, 0x22, 0x00, 0x22, 0x00, 0x22, 0x00, 0x44, 0x08, 0x65, 0x10, 0x23, 0x00, 0x22, 0x00,
    0x02, 0x00, 0x22, 0x00, 0x02, 0x00, 0x22, 0x00, 0x02, 0x00, 0x22, 0x00, 0x02, 0x00, 0x22, 0x00,
    0x02, 0x00, 0x22, 0x00, 0x02, 0x00, 0x22, 0x00, 0x43, 0x08, 0x86, 0x10, 0x23, 0x00, 0x22, 0x00,
    0x02, 0x00, 0x22, 0x00, 0x02, 0x00, 0x22, 0x00, 0x02, 0x00, 0x02, 0x00, 0x02, 0x00, 0x22, 0x00,
    0x02, 0x00, 0x02, 0x00, 0x02, 0x00, 0x02, 0x00, 0x22, 0x00, 0x65, 0x08, 0x43, 0x08, 0x02, 0x00,
    0x02, 0x00, 0x02, 0x00, 0x02, 0x00, 0x02, 0x00, 0x02, 0x00, 0x02, 0x00, 0x02, 0x00, 0x02, 0x00,
    0x02, 0x00, 0x02, 0x00, 0x02, 0x00, 0x02, 0x00, 0x02, 0x00, 0x43, 0x08, 0x64, 0x08, 0x22, 0x00,
    0x01, 0x00, 0x02, 0x00, 0x01, 0x00, 0x02, 0x00, 0x01, 0x00, 0x02, 0x00, 0x01, 0x00, 0x02, 0x00,
    0x01, 0x00, 0x02, 0x00, 0x01, 0x00, 0x02, 0x00, 0x01, 0x00, 0x02, 0x00, 0x43, 0x08, 0x44, 0x08,
    0x01, 0x00, 0x01, 0x00, 0x01, 0x00, 0x01, 0x00, 0x01, 0x00, 0x01, 0x00, 0x01, 0x00, 0x01, 0x00,
    0x02, 0x00, 0x01, 0x00, 0x22, 0x00, 0x22, 0x00, 0x22, 0x00, 0x22, 0x00, 0x22, 0x00, 0x22, 0x00,
    0x22, 0x00, 0x22, 0x00, 0x22, 0x00, 0x65, 0x08, 0x43, 0x08, 0x22, 0x00, 0x22, 0x00, 0x22, 0x00,
    0x22, 0x00, 0x22, 0x00, 0x22, 0x00, 0x22, 0x00, 0x22, 0x00, 0x22, 0x00, 0x23, 0x00, 0x22, 0x00,
    0x64, 0x08, 0x65, 0x08, 0x23, 0x00, 0x23, 0x00, 0x23, 0x00, 0x23, 0x00, 0x23, 0x00, 0x23, 0x00,
    0x23, 0x00, 0x23, 0x00, 0x43, 0x00, 0x23, 0x00, 0x43, 0x00, 0x43, 0x00, 0x86, 0x10, 0x64, 0x08,
    0x43, 0x00, 0x43, 0x00, 0x43, 0x00, 0x43, 0x00, 0x43, 0x00, 0x43, 0x00, 0x43, 0x08, 0x43, 0x08,
    0x43, 0x08, 0x43, 0x00, 0x43, 0x08, 0x65, 0x08, 0x86, 0x08, 0x43, 0x00, 0x43, 0x08, 0x43, 0x08,
    0x43, 0x08, 0x43, 0x00, 0x43, 0x08, 0x43, 0x08, 0x43, 0x08, 0x43, 0x00, 0x43, 0x08, 0x43, 0x00,
    0x43, 0x00, 0x65, 0x08, 0x86, 0x08, 0x43, 0x00, 0x43, 0x00, 0x43, 0x00, 0x43, 0x00, 0x43, 0x00,
    0x43, 0x00, 0x43, 0x00, 0x43, 0x00, 0x43, 0x00, 0x43, 0x00, 0x43, 0x00, 0x43, 0x00, 0x65, 0x08,
    0x85, 0x08, 0x23, 0x00, 0x23, 0x00, 0x23, 0x00, 0x23, 0x00, 0x23, 0x00, 0x23, 0x00, 0x23, 0x00,
    0x23, 0x00, 0x23, 0x00, 0x23, 0x00, 0x23, 0x00, 0x23, 0x00, 0x44, 0x08, 0x86, 0x08, 0x23, 0x00,
    0x22, 0x00, 0x22, 0x00, 0x23, 0x00, 0x22, 0x00, 0x22, 0x00, 0x22, 0x00, 0x22, 0x00, 0x22, 0x00,
    0x22, 0x00, 0x22, 0x00, 0x22, 0x00, 0x43, 0x08, 0x86, 0x08, 0x43, 0x08, 0x22, 0x00, 0x22, 0x00,
    0x22, 0x00, 0x22, 0x00, 0x22, 0x00, 0x22, 0x00, 0x22, 0x00, 0x02, 0x00, 0x22, 0x00, 0x02, 0x00,
    0x02, 0x00, 0x02, 0x00, 0x44, 0x08, 0x44, 0x08, 0x22, 0x00, 0x02, 0x00, 0x22, 0x00, 0x22, 0x00,
    0x22, 0x00, 0x02, 0x00, 0x22, 0x00, 0x22, 0x00, 0x22, 0x00, 0x02, 0x00, 0x22, 0x00, 0x22, 0x00,
    0x23, 0x00, 0x65, 0x08, 0x44, 0x08, 0x22, 0x00, 0x22, 0x00, 0x22, 0x00, 0x22, 0x00, 0x22, 0x00,
    0x22, 0x00, 0x22, 0x00, 0x22, 0x00, 0x22, 0x00, 0x22, 0x00, 0x22, 0x00, 0x22, 0x00, 0x23, 0x08,
    0x86, 0x10, 0x43, 0x08, 0x22, 0x00, 0x22, 0x00, 0x22, 0x00, 0x22, 0x00, 0x22, 0x00, 0x22, 0x00,
    0x22, 0x00, 0x22, 0x00, 0x22, 0x00, 0x22, 0x00, 0x22, 0x00, 0x22, 0x00, 0x43, 0x08, 0x86, 0x10,
    0x44, 0x08, 0x22, 0x00, 0x23, 0x08, 0x23, 0x00, 0x23, 0x00, 0x22, 0x00, 0x23, 0x08, 0x23, 0x00,
    0x23, 0x00, 0x23, 0x00, 0x23, 0x08, 0x23, 0x00, 0x23, 0x00, 0x23, 0x08, 0x86, 0x10, 0x44, 0x08,
    0x23, 0x00, 0x23, 0x00, 0x23, 0x08, 0x23, 0x00, 0x23, 0x00, 0x23, 0x00, 0x23, 0x08, 0x23, 0x00,
    0x23, 0x00, 0x23, 0x00, 0x23, 0x08, 0x23, 0x00, 0x23, 0x00, 0x45, 0x08, 0x85, 0x10, 0x23, 0x00,
    0x23, 0x00, 0x22, 0x00, 0x23, 0x08, 0x23, 0x00, 0x23, 0x00, 0x23, 0x00, 0x23, 0x08, 0x23, 0x00,
    0x23, 0x00, 0x22, 0x00, 0x23, 0x08, 0x23, 0x00, 0x23, 0x08, 0x65, 0x10, 0x44, 0x08, 0x22, 0x00,
    0x22, 0x00, 0x22, 0x00, 0x23, 0x08, 0x22, 0x00, 0x22, 0x00, 0x22, 0x00, 0x22, 0x00, 0x22, 0x00,
    0x22, 0x00, 0x22, 0x00, 0x22, 0x00, 0x22, 0x00, 0x44, 0x08, 0x86, 0x10, 0x43, 0x08, 0x22, 0x00,
    0x22, 0x00, 0x22, 0x00, 0x22, 0x00, 0x22, 0x00, 0x22, 0x00, 0x22, 0x00, 0x22, 0x00, 0x22, 0x00,
    0x22, 0x00, 0x22, 0x00, 0x22, 0x00, 0x22, 0x00, 0x44, 0x08, 0x65, 0x08, 0x23, 0x08, 0x22, 0x00,
    0x22, 0x00, 0x02, 0x00, 0x22, 0x00, 0x22, 0x00, 0x22, 0x00, 0x02, 0x00, 0x22, 0x00, 0x22, 0x00,
    0x22, 0x00, 0x02, 0x00, 0x22, 0x00, 0x02, 0x00, 0x43, 0x08, 0x86, 0x10, 0x43, 0x08, 0x02, 0x00,
    0x02, 0x00, 0x02, 0x00, 0x02, 0x00, 0x02, 0x00, 0x02, 0x00, 0x02, 0x00, 0x02, 0x00, 0x02, 0x00,
    0x02, 0x00, 0x02, 0x00, 0x02, 0x00, 0x02, 0x00, 0x22, 0x00, 0x64, 0x08, 0x44, 0x08, 0x02, 0x00,
    0x02, 0x00, 0x02, 0x00, 0x02, 0x00, 0x02, 0x00, 0x02, 0x00, 0x02, 0x00, 0x02, 0x00, 0x02, 0x00,
    0x02, 0x00, 0x02, 0x00, 0x02, 0x00, 0x02, 0x00, 0x01, 0x00, 0x23, 0x08, 0x65, 0x08, 0x23, 0x00,
    0x01, 0x00, 0x01, 0x00, 0x02, 0x00, 0x01, 0x00, 0x01, 0x00, 0x01, 0x00, 0x02, 0x00, 0x01, 0x00,
    0x02, 0x00, 0x01, 0x00, 0x02, 0x00, 0x01, 0x00, 0x01, 0x00, 0x01, 0x00, 0x43, 0x08, 0x44, 0x08,
    0x22, 0x00, 0x01, 0x00, 0x01, 0x00, 0x01, 0x00, 0x01, 0x00, 0x01, 0x00, 0x01, 0x00, 0x01, 0x00,
    0x01, 0x00, 0x22, 0x00, 0x01, 0x00, 0x22, 0x00, 0x01, 0x00, 0x22, 0x00, 0x01, 0x00, 0x22, 0x00,
    0x22, 0x00, 0x22, 0x00, 0x22, 0x00, 0x65, 0x08, 0x23, 0x00, 0x22, 0x00, 0x22, 0x00, 0x22, 0x00,
    0x22, 0x00, 0x22, 0x00, 0x22, 0x00, 0x22, 0x00, 0x22, 0x00, 0x22, 0x00, 0x22, 0x00, 0x22, 0x00,
    0x64, 0x08, 0x64, 0x08, 0x22, 0x00, 0x23, 0x00, 0x22, 0x00, 0x23, 0x00, 0x22, 0x00, 0x23, 0x00,
    0x22, 0x00, 0x43, 0x00, 0x22, 0x00, 0x43, 0x00, 0x23, 0x00, 0x44, 0x08, 0x86, 0x08, 0x44, 0x08,
    0x23, 0x00, 0x43, 0x00, 0x23, 0x00, 0x43, 0x00, 0x23, 0x00, 0x43, 0x00, 0x23, 0x00, 0x43, 0x00,
    0x23, 0x00, 0x43, 0x08, 0x23, 0x00, 0x65, 0x08, 0x85, 0x08, 0x43, 0x08, 0x23, 0x00, 0x43, 0x08,
    0x23, 0x00, 0x43, 0x08, 0x23, 0x00, 0x43, 0x08, 0x43, 0x00, 0x43, 0x08, 0x23, 0x00, 0x43, 0x08,
    0x43, 0x00, 0x85, 0x08, 0x65, 0x08, 0x43, 0x08, 0x43, 0x00, 0x43, 0x08, 0x43, 0x00, 0x43, 0x00,
    0x43, 0x00, 0x43, 0x00, 0x23, 0x00, 0x43, 0x00, 0x23, 0x00, 0x43, 0x00, 0x23, 0x00, 0x85, 0x08,
    0x65, 0x08, 0x43, 0x00, 0x23, 0x00, 0x23, 0x00, 0x23, 0x00, 0x23, 0x00, 0x23, 0x00, 0x23, 0x00,
    0x22, 0x00, 0x23, 0x00, 0x22, 0x00, 0x23, 0x00, 0x22, 0x00, 0x64, 0x08, 0x85, 0x08, 0x23, 0x00,
    0x22, 0x00, 0x22, 0x00, 0x22, 0x00, 0x22, 0x00, 0x22, 0x00, 0x22, 0x00, 0x22, 0x00, 0x22, 0x00,
    0x22, 0x00, 0x22, 0x00, 0x22, 0x00, 0x43, 0x08, 0x86, 0x10, 0x43, 0x08, 0x22, 0x00, 0x22, 0x00,
    0x22, 0x00, 0x22, 0x00, 0x02, 0x00, 0x22, 0x00, 0x02, 0x00, 0x22, 0x00, 0x02, 0x00, 0x22, 0x00,
    0x02, 0x00, 0x22, 0x00, 0x44, 0x08, 0x64, 0x08, 0x02, 0x00, 0x22, 0x00, 0x02, 0x00, 0x22, 0x00,
    0x02, 0x00, 0x22, 0x00, 0x02, 0x00, 0x22, 0x00, 0x02, 0x00, 0x22, 0x00, 0x02, 0x00, 0x22, 0x00,
    0x23, 0x00, 0x85, 0x10, 0x43, 0x08, 0x22, 0x00, 0x22, 0x00, 0x22, 0x00, 0x22, 0x00, 0x22, 0x00,
    0x22, 0x00, 0x22, 0x00, 0x22, 0x00, 0x22, 0x00, 0x22, 0x00, 0x22, 0x00, 0x22, 0x00, 0x43, 0x08,
    0x86, 0x10, 0x43, 0x08, 0x22, 0x00, 0x22, 0x00, 0x22, 0x00, 0x22, 0x08, 0x22, 0x00, 0x22, 0x08,
    0x22, 0x00, 0x22, 0x08, 0x22, 0x00, 0x22, 0x08, 0x22, 0x00, 0x22, 0x08, 0x23, 0x08, 0x86, 0x10,
    0x43, 0x08, 0x22, 0x08, 0x22, 0x00, 0x22, 0x08, 0x22, 0x00, 0x22, 0x08, 0x22, 0x00, 0x22, 0x08,
    0x22, 0x00, 0x22, 0x08, 0x22, 0x00, 0x22, 0x08, 0x22, 0x00, 0x43, 0x08, 0x65, 0x08, 0x64, 0x08,
    0x22, 0x00, 0x23, 0x08, 0x22, 0x00, 0x22, 0x08, 0x22, 0x00, 0x23, 0x08, 0x22, 0x00, 0x23, 0x08,
    0x22, 0x00, 0x23, 0x08, 0x22, 0x00, 0x22, 0x08, 0x22, 0x00, 0x65, 0x08, 0x65, 0x08, 0x23, 0x08,
    0x22, 0x00, 0x22, 0x08, 0x22, 0x00, 0x22, 0x08, 0x22, 0x00, 0x22, 0x08, 0x22, 0x00, 0x22, 0x08,
    0x22, 0x00, 0x22, 0x08, 0x22, 0x00, 0x22, 0x08, 0x23, 0x08, 0x86, 0x10, 0x44, 0x08, 0x22, 0x08,
    0x22, 0x00, 0x22, 0x08, 0x22, 0x00, 0x22, 0x08, 0x22, 0x00, 0x22, 0x08, 0x22, 0x00, 0x22, 0x08,
    0x22, 0x00, 0x22, 0x08, 0x22, 0x00, 0x22, 0x00, 0x43, 0x08, 0x86, 0x10, 0x43, 0x08, 0x22, 0x00,
    0x22, 0x00, 0x22, 0x00, 0x22, 0x00, 0x22, 0x00, 0x22, 0x00, 0x22, 0x00, 0x22, 0x00, 0x22, 0x00,
    0x22, 0x00, 0x22, 0x00, 0x02, 0x00, 0x22, 0x00, 0x43, 0x08, 0x86, 0x10, 0x23, 0x08, 0x22, 0x00,
    0x02, 0x00, 0x22, 0x00, 0x02, 0x00, 0x22, 0x00, 0x02, 0x00, 0x22, 0x00, 0x02, 0x00, 0x22, 0x00,
    0x02, 0x00, 0x22, 0x00, 0x02, 0x00, 0x22, 0x00, 0x23, 0x08, 0x85, 0x10, 0x43, 0x08, 0x22, 0x00,
    0x02, 0x00, 0x22, 0x00, 0x02, 0x00, 0x22, 0x00, 0x02, 0x00, 0x22, 0x00, 0x02, 0x00, 0x22, 0x00,
    0x01, 0x00, 0x02, 0x00, 0x01, 0x00, 0x02, 0x00, 0x02, 0x00, 0x64, 0x08, 0x44, 0x08, 0x02, 0x00,
    0x01, 0x00, 0x02, 0x00, 0x01, 0x00, 0x02, 0x00, 0x01, 0x00, 0x02, 0x00, 0x01, 0x00, 0x02, 0x00,
    0x01, 0x00, 0x02, 0x00, 0x01, 0x00, 0x02, 0x00, 0x01, 0x00, 0x23, 0x00, 0x65, 0x08, 0x23, 0x00,
    0x01, 0x00, 0x01, 0x00, 0x01, 0x00, 0x02, 0x00, 0x01, 0x00, 0x02, 0x00, 0x01, 0x00, 0x02, 0x00,
    0x01, 0x00, 0x02, 0x00, 0x01, 0x00, 0x02, 0x00, 0x01, 0x00, 0x02, 0x00, 0x23, 0x00, 0x64, 0x08,
    0x22, 0x00, 0x02, 0x00, 0x01, 0x00, 0x02, 0x00, 0x21, 0x00, 0x22, 0x00, 0x01, 0x00, 0x22, 0x00,
    0x22, 0x00, 0x02, 0x00, 0x02, 0x00, 0x02, 0x00, 0x22, 0x00, 0x02, 0x00, 0x22, 0x00, 0x22, 0x00,
    0x22, 0x00, 0x22, 0x00, 0x23, 0x00, 0x65, 0x08, 0x22, 0x00, 0x22, 0x00, 0x22, 0x00, 0x22, 0x00,
    0x22, 0x00, 0x22, 0x00, 0x22, 0x00, 0x22, 0x00, 0x22, 0x00, 0x22, 0x00, 0x22, 0x00, 0x22, 0x00,
    0x65, 0x08, 0x44, 0x08, 0x22, 0x00, 0x22, 0x00, 0x23, 0x00, 0x22, 0x00, 0x23, 0x00, 0x23, 0x00,
    0x23, 0x00, 0x23, 0x00, 0x23, 0x00, 0x23, 0x00, 0x23, 0x00, 0x44, 0x08, 0x86, 0x10, 0x43, 0x00,
    0x23, 0x00, 0x23, 0x00, 0x23, 0x00, 0x23, 0x00, 0x43, 0x00, 0x23, 0x00, 0x43, 0x00, 0x23, 0x00,
    0x43, 0x00, 0x43, 0x00, 0x43, 0x00, 0x65, 0x08, 0x85, 0x08, 0x43, 0x00, 0x43, 0x00, 0x43, 0x00,
    0x43, 0x00, 0x43, 0x00, 0x43, 0x00, 0x43, 0x00, 0x43, 0x00, 0x43, 0x00, 0x43, 0x00, 0x43, 0x00,
    0x43, 0x00, 0x85, 0x08, 0x65, 0x08, 0x43, 0x00, 0x43, 0x00, 0x43, 0x00, 0x43, 0x00, 0x43, 0x00,
    0x43, 0x00, 0x43, 0x00, 0x43, 0x00, 0x23, 0x00, 0x43, 0x00, 0x23, 0x00, 0x23, 0x00, 0x65, 0x08,
    0x65, 0x08, 0x23, 0x00, 0x23, 0x00, 0x23, 0x00, 0x23, 0x00, 0x23, 0x00, 0x23, 0x00, 0x23, 0x00,
    0x23, 0x00, 0x23, 0x00, 0x23, 0x00, 0x23, 0x00, 0x23, 0x00, 0x64, 0x08, 0x65, 0x08, 0x22, 0x00,
    0x22, 0x00, 0x22, 0x00, 0x22, 0x00, 0x22, 0x00, 0x22, 0x00, 0x22, 0x00, 0x22, 0x00, 0x22, 0x00,
    0x22, 0x00, 0x22, 0x00, 0x22, 0x00, 0x43, 0x08, 0x86, 0x08, 0x23, 0x08, 0x22, 0x00, 0x22, 0x00,
    0x22, 0x00, 0x22, 0x00, 0x22, 0x00, 0x02, 0x00, 0x22, 0x00, 0x02, 0x00, 0x22, 0x00, 0x02, 0x00,
    0x22, 0x00, 0x02, 0x00, 0x64, 0x08, 0x44, 0x08, 0x22, 0x00, 0x22, 0x00, 0x22, 0x00, 0x22, 0x00,
    0x22, 0x00, 0x22, 0x00, 0x22, 0x00, 0x22, 0x00, 0x22, 0x00, 0x22, 0x00, 0x22, 0x00, 0x22, 0x00,
    0x23, 0x08, 0x65, 0x08, 0x44, 0x08, 0x22, 0x00, 0x22, 0x00, 0x22, 0x00, 0x22, 0x00, 0x22, 0x00,
    0x22, 0x00, 0x22, 0x00, 0x22, 0x00, 0x22, 0x00, 0x22, 0x00, 0x22, 0x00, 0x22, 0x00, 0x43, 0x08,
    0x86, 0x10, 0x43, 0x08, 0x23, 0x00, 0x23, 0x00, 0x23, 0x08, 0x23, 0x00, 0x23, 0x08, 0x23, 0x00,
    0x23, 0x08, 0x23, 0x00, 0x23, 0x08, 0x23, 0x00, 0x23, 0x08, 0x23, 0x08, 0x44, 0x08, 0x86, 0x10,
    0x44, 0x08, 0x23, 0x08, 0x23, 0x08, 0x23, 0x08, 0x43, 0x08, 0x23, 0x08, 0x23, 0x08, 0x23, 0x08,
    0x23, 0x08, 0x23, 0x08, 0x43, 0x08, 0x23, 0x08, 0x43, 0x08, 0x43, 0x08, 0x86, 0x10, 0x65, 0x08,
    0x43, 0x08, 0x23, 0x08, 0x43, 0x08, 0x23, 0x08, 0x44, 0x08, 0x43, 0x08, 0x43, 0x08, 0x23, 0x08,
    0x44, 0x08, 0x23, 0x08, 0x43, 0x08, 0x23, 0x08, 0x43, 0x08, 0x65, 0x08, 0x86, 0x10, 0x44, 0x08,
    0x43, 0x08, 0x23, 0x08, 0x43, 0x08, 0x24, 0x08, 0x44, 0x08, 0x43, 0x08, 0x44, 0x08, 0x43, 0x08,
    0x44, 0x08, 0x44, 0x08, 0x44, 0x08, 0x44, 0x08, 0x44, 0x08, 0x86, 0x10, 0x65, 0x08, 0x44, 0x08,
    0x44, 0x08, 0x44, 0x08, 0x44, 0x08, 0x44, 0x08, 0x44, 0x08, 0x44, 0x08, 0x44, 0x08, 0x44, 0x08,
    0x44, 0x08, 0x44, 0x08, 0x44, 0x08, 0x44, 0x08, 0x65, 0x08, 0xa7, 0x10, 0x65, 0x08, 0x44, 0x08,
    0x44, 0x08, 0x44, 0x08, 0x44, 0x08, 0x44, 0x08, 0x44, 0x08, 0x44, 0x08, 0x44, 0x08, 0x44, 0x08,
    0x44, 0x08, 0x44, 0x08, 0x44, 0x08, 0x44, 0x08, 0x65, 0x08, 0xa7, 0x10, 0x65, 0x08, 0x44, 0x08,
    0x44, 0x08, 0x44, 0x08, 0x44, 0x08, 0x44, 0x08, 0x44, 0x08, 0x44, 0x08, 0x44, 0x08, 0x44, 0x08,
    0x44, 0x08, 0x44, 0x08, 0x44, 0x08, 0x44, 0x08, 0x65, 0x08, 0x87, 0x10, 0x86, 0x08, 0x44, 0x08,
    0x44, 0x08, 0x44, 0x08, 0x44, 0x08, 0x44, 0x08, 0x44, 0x08, 0x44, 0x08, 0x44, 0x08, 0x44, 0x08,
    0x44, 0x08, 0x44, 0x08, 0x44, 0x08, 0x44, 0x08, 0x44, 0x08, 0x86, 0x08, 0x86, 0x08, 0x44, 0x08,
    0x44, 0x08, 0x44, 0x08, 0x44, 0x08, 0x44, 0x08, 0x44, 0x08, 0x44, 0x08, 0x44, 0x08, 0x44, 0x08,
    0x44, 0x08, 0x44, 0x08, 0x44, 0x08, 0x44, 0x08, 0x44, 0x08, 0x64, 0x08, 0x86, 0x10, 0x65, 0x08,
    0x44, 0x08, 0x44, 0x08, 0x44, 0x08, 0x44, 0x08, 0x44, 0x08, 0x44, 0x08, 0x44, 0x08, 0x44, 0x08,
    0x44, 0x08, 0x44, 0x08, 0x44, 0x08, 0x44, 0x08, 0x44, 0x08, 0x44, 0x08, 0x65, 0x08, 0x86, 0x10,
    0x65, 0x08, 0x44, 0x08, 0x44, 0x08, 0x44, 0x08, 0x44, 0x08, 0x44, 0x08, 0x44, 0x08, 0x44, 0x08,
    0x01, 0x00, 0x22, 0x00, 0x01, 0x00, 0x22, 0x00, 0x02, 0x00, 0x22, 0x00, 0x22, 0x00, 0x22, 0x00,
    0x22, 0x00, 0x22, 0x00, 0x43, 0x08, 0x65, 0x08, 0x22, 0x00, 0x22, 0x00, 0x22, 0x00, 0x23, 0x00,
    0x22, 0x00, 0x42, 0x00, 0x22, 0x00, 0x43, 0x00, 0x22, 0x00, 0x43, 0x00, 0x23, 0x00, 0x43, 0x08,
    0x85, 0x08, 0x44, 0x08, 0x23, 0x00, 0x43, 0x08, 0x23, 0x00, 0x43, 0x08, 0x43, 0x00, 0x43, 0x08,
    0x43, 0x00, 0x43, 0x08, 0x43, 0x08, 0x43, 0x08, 0x43, 0x08, 0x65, 0x08, 0x86, 0x08, 0x44, 0x08,
    0x43, 0x08, 0x44, 0x08, 0x43, 0x08, 0x44, 0x08, 0x43, 0x08, 0x44, 0x08, 0x43, 0x08, 0x44, 0x08,
    0x44, 0x08, 0x44, 0x08, 0x44, 0x08, 0x86, 0x10, 0x86, 0x08, 0x64, 0x08, 0x64, 0x08, 0x64, 0x08,
    0x44, 0x08, 0x64, 0x08, 0x64, 0x08, 0x64, 0x08, 0x44, 0x08, 0x64, 0x08, 0x64, 0x08, 0x64, 0x08,
    0x44, 0x08, 0x87, 0x10, 0x85, 0x08, 0x64, 0x08, 0x44, 0x08, 0x64, 0x08, 0x64, 0x08, 0x64, 0x08,
    0x44, 0x08, 0x64, 0x08, 0x64, 0x08, 0x64, 0x08, 0x44, 0x08, 0x64, 0x08, 0x64, 0x08, 0x86, 0x10,
    0x86, 0x08, 0x64, 0x08, 0x44, 0x08, 0x64, 0x08, 0x44, 0x08, 0x64, 0x08, 0x44, 0x08, 0x64, 0x08,
    0x44, 0x08, 0x44, 0x08, 0x64, 0x08, 0x64, 0x08, 0x44, 0x08, 0x86, 0x10, 0x86, 0x10, 0x64, 0x08,
    0x44, 0x08, 0x64, 0x08, 0x44, 0x08, 0x64, 0x08, 0x44, 0x08, 0x44, 0x08, 0x44, 0x08, 0x64, 0x08,
    0x44, 0x08, 0x64, 0x08, 0x44, 0x08, 0x85, 0x10, 0xa7, 0x10, 0x65, 0x08, 0x44, 0x08, 0x64, 0x08,
    0x44, 0x08, 0x64, 0x08, 0x44, 0x08, 0x64, 0x08, 0x44, 0x08, 0x44, 0x08, 0x44, 0x08, 0x64, 0x08,
    0x44, 0x08, 0x44, 0x08, 0x86, 0x10, 0x86, 0x10, 0x44, 0x08, 0x44, 0x08, 0x44, 0x08, 0x64, 0x08,
    0x44, 0x08, 0x64, 0x08, 0x44, 0x08, 0x65, 0x08, 0x44, 0x08, 0x65, 0x08, 0x65, 0x08, 0x65, 0x08,
    0x65, 0x08, 0xa7, 0x10, 0x86, 0x08, 0x65, 0x08, 0x65, 0x08, 0x65, 0x08, 0x65, 0x08, 0x65, 0x08,
    0x65, 0x08, 0x65, 0x08, 0x65, 0x08, 0x65, 0x08, 0x65, 0x08, 0x65, 0x08, 0x65, 0x08, 0x86, 0x10,
    0xa8, 0x10, 0x86, 0x10, 0x65, 0x08, 0x85, 0x10, 0x65, 0x08, 0x85, 0x10, 0x65, 0x08, 0x85, 0x10,
    0x65, 0x08, 0x85, 0x10, 0x65, 0x08, 0x85, 0x10, 0x65, 0x08, 0x85, 0x08, 0x86, 0x10, 0xc8, 0x18,
    0x86, 0x10, 0x85, 0x10, 0x65, 0x10, 0x86, 0x08, 0x65, 0x08, 0x86, 0x10, 0x65, 0x10, 0x86, 0x10,
    0x65, 0x08, 0x86, 0x10, 0x65, 0x10, 0x86, 0x10, 0x65, 0x10, 0x86, 0x10, 0xa8, 0x10, 0xa7, 0x10,
    0x66, 0x10, 0x86, 0x10, 0x66, 0x10, 0x86, 0x10, 0x66, 0x10, 0x86, 0x10, 0x86, 0x10, 0x86, 0x10,
    0x66, 0x10, 0x86, 0x10, 0x86, 0x10, 0x86, 0x10, 0x86, 0x10, 0xa7, 0x10, 0xa8, 0x10, 0x86, 0x10,
    0x86, 0x10, 0x86, 0x10, 0x86, 0x10, 0x86, 0x10, 0x86, 0x10, 0x86, 0x10, 0x86, 0x10, 0x86, 0x10,
    0x86, 0x10, 0x86, 0x10, 0x86, 0x10, 0x86, 0x10, 0x86, 0x10, 0xc8, 0x10, 0xa7, 0x10, 0x86, 0x10,
    0x86, 0x10, 0x86, 0x10, 0x86, 0x10, 0x86, 0x10, 0x86, 0x10, 0x86, 0x10, 0x86, 0x10, 0x86, 0x10,
    0x86, 0x10, 0x86, 0x10, 0x86, 0x10, 0x86, 0x10, 0x86, 0x10, 0xc8, 0x18, 0xa7, 0x10, 0x86, 0x10,
    0x86, 0x10, 0x86, 0x10, 0x86, 0x10, 0x86, 0x10, 0x85, 0x10, 0x86, 0x10, 0x65, 0x10, 0x85, 0x10,
    0x85, 0x08, 0x85, 0x10, 0x65, 0x08, 0x85, 0x10, 0x86, 0x10, 0xa8, 0x10, 0x86, 0x10, 0x85, 0x10,
    0x65, 0x08, 0x65, 0x10, 0x65, 0x08, 0x65, 0x10, 0x65, 0x08, 0x65, 0x08, 0x65, 0x08, 0x65, 0x10,
    0x65, 0x08, 0x65, 0x08, 0x65, 0x08, 0x65, 0x10, 0x65, 0x08, 0xa7, 0x10, 0x86, 0x10, 0x65, 0x08,
    0x65, 0x08, 0x65, 0x08, 0x65, 0x08, 0x65, 0x08, 0x65, 0x08, 0x65, 0x08, 0x65, 0x08, 0x65, 0x08,
    0x64, 0x08, 0x65, 0x08, 0x64, 0x08, 0x65, 0x08, 0x64, 0x08, 0x86, 0x08, 0x87, 0x10, 0x65, 0x08,
    0x44, 0x08, 0x44, 0x08, 0x64, 0x08, 0x44, 0x08, 0x44, 0x08, 0x44, 0x08, 0x44, 0x08, 0x44, 0x08,
    0x44, 0x08, 0x44, 0x08, 0x44, 0x08, 0x44, 0x08, 0x44, 0x08, 0x64, 0x08, 0x86, 0x10, 0x65, 0x08,
    0x44, 0x08, 0x44, 0x08, 0x44, 0x08, 0x44, 0x08, 0x44, 0x08, 0x44, 0x08, 0x44, 0x08, 0x44, 0x08,
    0x43, 0x08, 0x44, 0x08, 0x43, 0x08, 0x44, 0x08, 0x23, 0x08, 0x43, 0x08, 0x44, 0x08, 0x86, 0x08,
    0x64, 0x08, 0x43, 0x08, 0x43, 0x00, 0x43, 0x08, 0x23, 0x08, 0x43, 0x08, 0x23, 0x00, 0x43, 0x08,
    0x44, 0x08, 0x44, 0x08, 0x64, 0x08, 0x44, 0x08, 0x44, 0x08, 0x44, 0x08, 0x64, 0x08, 0x64, 0x08,
    0x64, 0x08, 0x64, 0x08, 0x85, 0x08, 0x86, 0x08, 0x64, 0x08, 0x64, 0x08, 0x64, 0x08, 0x65, 0x08,
    0x65, 0x08, 0x65, 0x08, 0x65, 0x08, 0x65, 0x08, 0x65, 0x08, 0x65, 0x08, 0x85, 0x08, 0x85, 0x08,
    0xa7, 0x10, 0x86, 0x08, 0x85, 0x08, 0x85, 0x08, 0x85, 0x08, 0x65, 0x08, 0x85, 0x08, 0x85, 0x08,
    0x85, 0x08, 0x85, 0x08, 0x85, 0x08, 0x85, 0x08, 0x86, 0x08, 0xa7, 0x10, 0xa8, 0x10, 0x86, 0x08,
    0x86, 0x08, 0x86, 0x08, 0x86, 0x08, 0x86, 0x08, 0x86, 0x08, 0x86, 0x08, 0x86, 0x08, 0x86, 0x08,
    0x86, 0x08, 0x86, 0x10, 0x86, 0x08, 0xc8, 0x10, 0xc8, 0x10, 0x86, 0x10, 0x86, 0x10, 0x86, 0x10,
    0x86, 0x10, 0x86, 0x10, 0x86, 0x10, 0x86, 0x10, 0x86, 0x10, 0x86, 0x10, 0x86, 0x10, 0x86, 0x10,
    0x86, 0x10, 0xc8, 0x10, 0xa7, 0x10, 0x86, 0x10, 0x86, 0x10, 0x86, 0x10, 0x86, 0x10, 0x86, 0x10,
    0x86, 0x10, 0x86, 0x10, 0x86, 0x10, 0x86, 0x10, 0x86, 0x10, 0x86, 0x10, 0x86, 0x10, 0xc8, 0x10,
    0xa7, 0x10, 0x86, 0x10, 0x86, 0x10, 0x86, 0x08, 0x86, 0x10, 0x86, 0x08, 0x85, 0x08, 0x85, 0x10,
    0x85, 0x08, 0x85, 0x08, 0x85, 0x08, 0x85, 0x08, 0x85, 0x08, 0xa7, 0x10, 0xa7, 0x10, 0x65, 0x08,
    0x65, 0x08, 0x65, 0x08, 0x65, 0x08, 0x65, 0x08, 0x65, 0x08, 0x65, 0x08, 0x65, 0x08, 0x65, 0x08,
    0x65, 0x08, 0x65, 0x08, 0x65, 0x08, 0x86, 0x10, 0xa8, 0x10, 0x65, 0x08, 0x65, 0x08, 0x65, 0x08,
    0x65, 0x08, 0x64, 0x08, 0x65, 0x08, 0x64, 0x08, 0x64, 0x08, 0x64, 0x08, 0x65, 0x08, 0x65, 0x08,
    0x65, 0x08, 0x64, 0x08, 0xa7, 0x10, 0x86, 0x10, 0x64, 0x08, 0x64, 0x08, 0x64, 0x08, 0x64, 0x08,
    0x64, 0x08, 0x64, 0x08, 0x64, 0x08, 0x64, 0x08, 0x64, 0x08, 0x64, 0x08, 0x64, 0x08, 0x64, 0x08,
    0x65, 0x08, 0xa7, 0x10, 0x85, 0x10, 0x64, 0x08, 0x64, 0x08, 0x44, 0x08, 0x44, 0x08, 0x44, 0x08,
    0x44, 0x08, 0x64, 0x08, 0x44, 0x08, 0x44, 0x08, 0x44, 0x08, 0x44, 0x08, 0x44, 0x08, 0x65, 0x08,
    0xa7, 0x10, 0x65, 0x08, 0x64, 0x08, 0x44, 0x08, 0x44, 0x08, 0x44, 0x08, 0x64, 0x08, 0x44, 0x08,
    0x44, 0x08, 0x44, 0x08, 0x64, 0x08, 0x44, 0x08, 0x64, 0x08, 0x44, 0x08, 0x65, 0x08, 0xa7, 0x10,
    0x65, 0x08, 0x44, 0x08, 0x64, 0x08, 0x44, 0x08, 0x64, 0x08, 0x44, 0x08, 0x64, 0x08, 0x44, 0x08,
    0x44, 0x08, 0x44, 0x08, 0x64, 0x08, 0x44, 0x08, 0x44, 0x08, 0x44, 0x08, 0x87, 0x10, 0x86, 0x10,
    0x44, 0x08, 0x44, 0x08, 0x44, 0x08, 0x44, 0x08, 0x44, 0x08, 0x44, 0x08, 0x44, 0x08, 0x44, 0x08,
    0x44, 0x08, 0x44, 0x08, 0x44, 0x08, 0x44, 0x08, 0x44, 0x08, 0x65, 0x10, 0x86, 0x10, 0x44, 0x08,
    0x44, 0x08, 0x44, 0x08, 0x44, 0x08, 0x44, 0x08, 0x44, 0x08, 0x44, 0x08, 0x44, 0x08, 0x44, 0x08,
    0x44, 0x08, 0x44, 0x08, 0x44, 0x08, 0x44, 0x08, 0x44, 0x08, 0x86, 0x10, 0x65, 0x10, 0x43, 0x08,
    0x43, 0x08, 0x43, 0x08, 0x43, 0x08, 0x43, 0x08, 0x43, 0x08, 0x43, 0x08, 0x43, 0x08, 0x43, 0x08,
    0x43, 0x08, 0x43, 0x08, 0x43, 0x08, 0x23, 0x08, 0x44, 0x08, 0x86, 0x10, 0x65, 0x08, 0x23, 0x08,
    0x23, 0x08, 0x23, 0x08, 0x23, 0x08, 0x23, 0x08, 0x23, 0x08, 0x23, 0x08, 0x23, 0x08, 0x23, 0x08,
    0x23, 0x08, 0x23, 0x08, 0x23, 0x08, 0x23, 0x08, 0x44, 0x08, 0x86, 0x10, 0x44, 0x08, 0x23, 0x08,
    0x23, 0x08, 0x23, 0x08, 0x23, 0x08, 0x23, 0x08, 0x23, 0x08, 0x23, 0x00, 0x23, 0x08, 0x23, 0x00,
    0x23, 0x00, 0x22, 0x00, 0x23, 0x00, 0x23, 0x00, 0x23, 0x08, 0x65, 0x08, 0x64, 0x08, 0x22, 0x00,
    0x22, 0x00, 0x22, 0x00, 0x22, 0x00, 0x22, 0x00, 0x22, 0x00, 0x22, 0x00, 0x22, 0x00, 0x22, 0x00,
    0x02, 0x00, 0x02, 0x00, 0x02, 0x00, 0x02, 0x00, 0x02, 0x00, 0x43, 0x08, 0x65, 0x08, 0x22, 0x00,
    0x02, 0x00, 0x02, 0x00, 0x02, 0x00, 0x02, 0x00, 0x02, 0x00, 0x02, 0x00, 0x02, 0x00, 0x02, 0x00,
    0x01, 0x00, 0x01, 0x00, 0x02, 0x00, 0x01, 0x00, 0x01, 0x00, 0x02, 0x00, 0x44, 0x08, 0x43, 0x08,
    0x01, 0x00, 0x01, 0x00, 0x01, 0x00, 0x01, 0x00, 0x01, 0x00, 0x01, 0x00, 0x01, 0x00, 0x01, 0x00,
    0x01, 0x00, 0x01, 0x00, 0x01, 0x00, 0x01, 0x00, 0x01, 0x00, 0x01, 0x00, 0x22, 0x00, 0x44, 0x08,
    0x43, 0x08, 0x01, 0x00, 0x01, 0x00, 0x01, 0x00, 0x01, 0x00, 0x01, 0x00, 0x01, 0x00, 0x01, 0x00,
    0x23, 0x00, 0x43, 0x00, 0x43, 0x00, 0x43, 0x08, 0x43, 0x00, 0x43, 0x08, 0x43, 0x00, 0x43, 0x08,
    0x43, 0x00, 0x43, 0x08, 0x64, 0x08, 0x65, 0x08, 0x43, 0x00, 0x43, 0x08, 0x43, 0x00, 0x43, 0x08,
    0x43, 0x08, 0x43, 0x08, 0x43, 0x08, 0x44, 0x08, 0x43, 0x08, 0x44, 0x08, 0x43, 0x08, 0x64, 0x08,
    0x86, 0x10, 0x64, 0x08, 0x43, 0x08, 0x44, 0x08, 0x43, 0x08, 0x44, 0x08, 0x43, 0x08, 0x44, 0x08,
    0x43, 0x08, 0x64, 0x08, 0x44, 0x08, 0x64, 0x08, 0x44, 0x08, 0x86, 0x10, 0x86, 0x08, 0x64, 0x08,
    0x44, 0x08, 0x64, 0x08, 0x44, 0x08, 0x44, 0x08, 0x44, 0x08, 0x44, 0x08, 0x44, 0x08, 0x44, 0x08,
    0x44, 0x08, 0x44, 0x08, 0x44, 0x08, 0x86, 0x10, 0x65, 0x08, 0x64, 0x08, 0x44, 0x08, 0x44, 0x08,
    0x44, 0x08, 0x44, 0x08, 0x44, 0x08, 0x44, 0x08, 0x44, 0x08, 0x44, 0x08, 0x44, 0x08, 0x44, 0x08,
    0x44, 0x08, 0xa6, 0x10, 0x65, 0x08, 0x44, 0x08, 0x44, 0x08, 0x44, 0x08, 0x44, 0x08, 0x44, 0x08,
    0x43, 0x08, 0x44, 0x08, 0x43, 0x08, 0x44, 0x08, 0x43, 0x00, 0x43, 0x08, 0x43, 0x08, 0x86, 0x10,
    0x64, 0x08, 0x43, 0x08, 0x43, 0x00, 0x43, 0x08, 0x43, 0x08, 0x43, 0x08, 0x43, 0x00, 0x43, 0x08,
    0x23, 0x00, 0x43, 0x08, 0x23, 0x00, 0x43, 0x08, 0x23, 0x00, 0x85, 0x08, 0x65, 0x08, 0x23, 0x00,
    0x23, 0x00, 0x23, 0x00, 0x23, 0x00, 0x23, 0x00, 0x22, 0x00, 0x23, 0x00, 0x22, 0x00, 0x23, 0x00,
    0x22, 0x00, 0x23, 0x00, 0x22, 0x00, 0x44, 0x08, 0x65, 0x08, 0x23, 0x08, 0x22, 0x00, 0x22, 0x00,
    0x02, 0x00, 0x22, 0x00, 0x02, 0x00, 0x22, 0x00, 0x02, 0x00, 0x22, 0x00, 0x02, 0x00, 0x22, 0x00,
    0x02, 0x00, 0x22, 0x00, 0x65, 0x08, 0x64, 0x08, 0x02, 0x00, 0x22, 0x00, 0x02, 0x00, 0x22, 0x00,
    0x02, 0x00, 0x22, 0x00, 0x02, 0x00, 0x22, 0x00, 0x22, 0x00, 0x22, 0x00, 0x22, 0x00, 0x22, 0x00,
    0x23, 0x08, 0x86, 0x10, 0x43, 0x08, 0x22, 0x00, 0x22, 0x00, 0x22, 0x00, 0x22, 0x00, 0x22, 0x00,
    0x22, 0x00, 0x22, 0x08, 0x22, 0x00, 0x22, 0x08, 0x22, 0x00, 0x23, 0x08, 0x22, 0x00, 0x44, 0x08,
    0x86, 0x10, 0x43, 0x08, 0x22, 0x00, 0x23, 0x08, 0x22, 0x00, 0x23, 0x08, 0x22, 0x00, 0x23, 0x08,
    0x22, 0x00, 0x23, 0x08, 0x22, 0x00, 0x23, 0x08, 0x22, 0x00, 0x23, 0x08, 0x23, 0x08, 0x86, 0x10,
    0x44, 0x08, 0x23, 0x08, 0x22, 0x00, 0x23, 0x08, 0x22, 0x00, 0x23, 0x08, 0x22, 0x00, 0x23, 0x08,
    0x23, 0x00, 0x23, 0x08, 0x23, 0x00, 0x23, 0x08, 0x23, 0x00, 0x23, 0x08, 0x65, 0x08, 0x64, 0x08,
    0x23, 0x00, 0x23, 0x08, 0x23, 0x00, 0x23, 0x08, 0x23, 0x00, 0x23, 0x08, 0x23, 0x00, 0x23, 0x08,
    0x23, 0x00, 0x23, 0x08, 0x23, 0x00, 0x23, 0x08, 0x23, 0x00, 0x64, 0x08, 0x66, 0x10, 0x43, 0x08,
    0x23, 0x00, 0x23, 0x08, 0x23, 0x00, 0x23, 0x08, 0x23, 0x00, 0x23, 0x08, 0x22, 0x00, 0x23, 0x08,
    0x22, 0x00, 0x23, 0x08, 0x22, 0x00, 0x23, 0x08, 0x23, 0x00, 0x65, 0x08, 0x45, 0x08, 0x23, 0x08,
    0x22, 0x00, 0x23, 0x08, 0x22, 0x00, 0x23, 0x08, 0x22, 0x00, 0x23, 0x08, 0x22, 0x00, 0x22, 0x08,
    0x22, 0x00, 0x23, 0x08, 0x22, 0x00, 0x22, 0x08, 0x23, 0x08, 0x85, 0x10, 0x44, 0x08, 0x22, 0x08,
    0x22, 0x00, 0x22, 0x08, 0x22, 0x00, 0x22, 0x08, 0x22, 0x00, 0x22, 0x08, 0x22, 0x00, 0x22, 0x00,
    0x22, 0x00, 0x22, 0x00, 0x22, 0x00, 0x22, 0x00, 0x23, 0x08, 0x65, 0x10, 0x44, 0x08, 0x22, 0x00,
    0x22, 0x00, 0x22, 0x00, 0x22, 0x00, 0x22, 0x00, 0x22, 0x00, 0x22, 0x00, 0x02, 0x00, 0x22, 0x00,
    0x02, 0x00, 0x22, 0x00, 0x02, 0x00, 0x22, 0x00, 0x02, 0x00, 0x65, 0x08, 0x44, 0x08, 0x22, 0x00,
    0x02, 0x00, 0x22, 0x00, 0x02, 0x00, 0x02, 0x00, 0x02, 0x00, 0x02, 0x00, 0x02, 0x00, 0x02, 0x00,
    0x02, 0x00, 0x02, 0x00, 0x02, 0x00, 0x02, 0x00, 0x02, 0x00, 0x43, 0x08, 0x65, 0x08, 0x23, 0x00,
    0x02, 0x00, 0x02, 0x00, 0x01, 0x00, 0x02, 0x00, 0x01, 0x00, 0x02, 0x00, 0x01, 0x00, 0x02, 0x00,
    0x01, 0x00, 0x02, 0x00, 0x01, 0x00, 0x02, 0x00, 0x01, 0x00, 0x02, 0x00, 0x44, 0x08, 0x44, 0x08,
    0x02, 0x00, 0x02, 0x00, 0x01, 0x00, 0x02, 0x00, 0x01, 0x00, 0x02, 0x00, 0x01, 0x00, 0x01, 0x00,
    0x01, 0x00, 0x01, 0x00, 0x01, 0x00, 0x01, 0x00, 0x01, 0x00, 0x01, 0x00, 0x02, 0x00, 0x44, 0x08,
    0x23, 0x08, 0x01, 0x00, 0x01, 0x00, 0x01, 0x00, 0x01, 0x00, 0x01, 0x00, 0x01, 0x00, 0x01, 0x00,
    0x01, 0x00, 0x01, 0x00, 0x01, 0x00, 0x01, 0x00, 0x22, 0x00, 0x01, 0x00, 0x22, 0x00, 0x01, 0x00,
    0x22, 0x00, 0x02, 0x00, 0x64, 0x08, 0x43, 0x00, 0x22, 0x00, 0x22, 0x00, 0x22, 0x00, 0x22, 0x00,
    0x22, 0x00, 0x22, 0x00, 0x22, 0x00, 0x22, 0x00, 0x22, 0x00, 0x22, 0x00, 0x22, 0x00, 0x43, 0x08,
    0x85, 0x08, 0x22, 0x00, 0x22, 0x00, 0x22, 0x00, 0x22, 0x00, 0x22, 0x00, 0x22, 0x00, 0x22, 0x00,
    0x22, 0x00, 0x22, 0x00, 0x22, 0x00, 0x22, 0x00, 0x22, 0x00, 0x65, 0x08, 0x64, 0x08, 0x22, 0x00,
    0x22, 0x00, 0x23, 0x00, 0x23, 0x00, 0x23, 0x00, 0x23, 0x00, 0x23, 0x00, 0x23, 0x00, 0x23, 0x00,
    0x23, 0x00, 0x23, 0x00, 0x43, 0x00, 0x86, 0x08, 0x64, 0x08, 0x23, 0x00, 0x23, 0x00, 0x23, 0x00,
    0x43, 0x00, 0x23, 0x00, 0x23, 0x00, 0x23, 0x00, 0x23, 0x00, 0x23, 0x00, 0x23, 0x00, 0x23, 0x00,
    0x43, 0x08, 0x86, 0x10, 0x44, 0x08, 0x23, 0x00, 0x23, 0x00, 0x23, 0x00, 0x23, 0x00, 0x23, 0x00,
    0x23, 0x00, 0x23, 0x00, 0x23, 0x00, 0x23, 0x00, 0x23, 0x00, 0x23, 0x00, 0x43, 0x08, 0x86, 0x10,
    0x44, 0x08, 0x22, 0x00, 0x23, 0x00, 0x22, 0x00, 0x23, 0x00, 0x22, 0x00, 0x22, 0x00, 0x22, 0x00,
    0x22, 0x00, 0x22, 0x00, 0x22, 0x00, 0x22, 0x00, 0x22, 0x00, 0x65, 0x08, 0x64, 0x08, 0x22, 0x00,
    0x22, 0x00, 0x22, 0x00, 0x22, 0x00, 0x22, 0x00, 0x22, 0x00, 0x22, 0x00, 0x22, 0x00, 0x22, 0x00,
    0x22, 0x00, 0x22, 0x00, 0x22, 0x00, 0x44, 0x08, 0x65, 0x08, 0x22, 0x00, 0x02, 0x00, 0x02, 0x00,
    0x22, 0x00, 0x02, 0x00, 0x22, 0x00, 0x02, 0x00, 0x22, 0x00, 0x02, 0x00, 0x22, 0x00, 0x02, 0x00,
    0x22, 0x00, 0x22, 0x00, 0x65, 0x08, 0x44, 0x08, 0x22, 0x00, 0x22, 0x00, 0x22, 0x00, 0x22, 0x00,
    0x22, 0x00, 0x22, 0x00, 0x22, 0x00, 0x22, 0x00, 0x22, 0x00, 0x22, 0x00, 0x22, 0x00, 0x22, 0x00,
    0x23, 0x08, 0x86, 0x10, 0x43, 0x08, 0x22, 0x00, 0x22, 0x00, 0x22, 0x00, 0x22, 0x00, 0x22, 0x00,
    0x22, 0x00, 0x22, 0x00, 0x22, 0x00, 0x22, 0x00, 0x22, 0x00, 0x22, 0x00, 0x22, 0x00, 0x44, 0x08,
    0x86, 0x10, 0x23, 0x08, 0x22, 0x00, 0x22, 0x00, 0x22, 0x00, 0x22, 0x00, 0x22, 0x00, 0x22, 0x00,
    0x23, 0x00, 0x22, 0x00, 0x23, 0x00, 0x22, 0x00, 0x23, 0x00, 0x23, 0x00, 0x43, 0x08, 0x86, 0x10,
    0x44, 0x08, 0x23, 0x00, 0x23, 0x00, 0x23, 0x00, 0x23, 0x00, 0x23, 0x00, 0x23, 0x00, 0x23, 0x00,
    0x23, 0x00, 0x23, 0x00, 0x23, 0x00, 0x23, 0x00, 0x23, 0x00, 0x23, 0x08, 0x65, 0x08, 0x64, 0x08,
    0x23, 0x08, 0x23, 0x00, 0x23, 0x00, 0x23, 0x00, 0x23, 0x08, 0x23, 0x00, 0x23, 0x00, 0x23, 0x00,
    0x23, 0x08, 0x23, 0x00, 0x23, 0x08, 0x23, 0x00, 0x23, 0x08, 0x44, 0x08, 0x86, 0x10, 0x43, 0x08,
    0x23, 0x08, 0x23, 0x00, 0x23, 0x00, 0x23, 0x00, 0x23, 0x00, 0x23, 0x00, 0x23, 0x00, 0x23, 0x00,
    0x23, 0x00, 0x23, 0x00, 0x23, 0x00, 0x23, 0x00, 0x23, 0x00, 0x65, 0x08, 0x65, 0x08, 0x23, 0x00,
    0x23, 0x00, 0x23, 0x00, 0x23, 0x00, 0x22, 0x00, 0x23, 0x00, 0x22, 0x00, 0x22, 0x00, 0x22, 0x00,
    0x22, 0x00, 0x22, 0x00, 0x22, 0x00, 0x22, 0x00, 0x23, 0x08, 0x65, 0x10, 0x64, 0x08, 0x22, 0x00,
    0x22, 0x00, 0x22, 0x00, 0x22, 0x00, 0x22, 0x00, 0x22, 0x00, 0x22, 0x00, 0x22, 0x00, 0x22, 0x00,
    0x22, 0x00, 0x22, 0x00, 0x22, 0x00, 0x22, 0x00, 0x23, 0x00, 0x65, 0x08, 0x44, 0x08, 0x22, 0x00,
    0x22, 0x00, 0x22, 0x00, 0x22, 0x00, 0x22, 0x00, 0x22, 0x00, 0x22, 0x00, 0x22, 0x00, 0x22, 0x00,
    0x22, 0x00, 0x22, 0x00, 0x22, 0x00, 0x22, 0x00, 0x22, 0x00, 0x64, 0x08, 0x65, 0x08, 0x22, 0x00,
    0x22, 0x00, 0x02, 0x00, 0x02, 0x00, 0x02, 0x00, 0x02, 0x00, 0x02, 0x00, 0x02, 0x00, 0x02, 0x00,
    0x02, 0x00, 0x02, 0x00, 0x02, 0x00, 0x02, 0x00, 0x02, 0x00, 0x23, 0x00, 0x65, 0x08, 0x23, 0x00,
    0x02, 0x00, 0x02, 0x00, 0x02, 0x00, 0x02, 0x00, 0x02, 0x00, 0x01, 0x00, 0x01, 0x00, 0x01, 0x00,
    0x02, 0x00, 0x01, 0x00, 0x01, 0x00, 0x01, 0x00, 0x02, 0x00, 0x01, 0x00, 0x43, 0x08, 0x44, 0x08,
    0x22, 0x00, 0x01, 0x00, 0x01, 0x00, 0x01, 0x00, 0x01, 0x00, 0x01, 0x00, 0x01, 0x00, 0x01, 0x00,
    0x01, 0x00, 0x01, 0x00, 0x01, 0x00, 0x01, 0x00, 0x01, 0x00, 0x01, 0x00, 0x01, 0x00, 0x43, 0x08,
    0x44, 0x08, 0x02, 0x00, 0x01, 0x00, 0x01, 0x00, 0x01, 0x00, 0x01, 0x00, 0x01, 0x00, 0x01, 0x00,
    0x01, 0x00, 0x21, 0x00, 0x01, 0x00, 0x21, 0x00, 0x01, 0x00, 0x21, 0x00, 0x01, 0x00, 0x22, 0x00,
    0x01, 0x00, 0x22, 0x00, 0x64, 0x08, 0x43, 0x00, 0x01, 0x00, 0x22, 0x00, 0x01, 0x00, 0x22, 0x00,
    0x01, 0x00, 0x22, 0x00, 0x22, 0x00, 0x22, 0x00, 0x22, 0x00, 0x22, 0x00, 0x22, 0x00, 0x44, 0x08,
    0x64, 0x08, 0x22, 0x00, 0x22, 0x00, 0x22, 0x00, 0x22, 0x00, 0x22, 0x00, 0x22, 0x00, 0x22, 0x00,
    0x22, 0x00, 0x22, 0x00, 0x22, 0x00, 0x22, 0x00, 0x22, 0x00, 0x85, 0x08, 0x44, 0x08, 0x22, 0x00,
    0x22, 0x00, 0x22, 0x00, 0x22, 0x00, 0x23, 0x00, 0x22, 0x00, 0x22, 0x00, 0x22, 0x00, 0x23, 0x00,
    0x22, 0x00, 0x23, 0x00, 0x43, 0x00, 0x86, 0x08, 0x43, 0x00, 0x23, 0x00, 0x22, 0x00, 0x23, 0x00,
    0x22, 0x00, 0x23, 0x00, 0x22, 0x00, 0x43, 0x00, 0x22, 0x00, 0x23, 0x00, 0x23, 0x00, 0x23, 0x00,
    0x43, 0x08, 0x86, 0x10, 0x43, 0x08, 0x23, 0x00, 0x22, 0x00, 0x23, 0x00, 0x22, 0x00, 0x23, 0x00,
    0x22, 0x00, 0x22, 0x00, 0x22, 0x00, 0x23, 0x00, 0x22, 0x00, 0x23, 0x00, 0x43, 0x08, 0x86, 0x10,
    0x43, 0x00, 0x22, 0x00, 0x22, 0x00, 0x22, 0x00, 0x22, 0x00, 0x22, 0x00, 0x22, 0x00, 0x22, 0x00,
    0x22, 0x00, 0x22, 0x00, 0x22, 0x00, 0x22, 0x00, 0x22, 0x00, 0x65, 0x08, 0x44, 0x08, 0x22, 0x00,
    0x02, 0x00, 0x22, 0x00, 0x22, 0x00, 0x22, 0x00, 0x22, 0x00, 0x22, 0x00, 0x22, 0x00, 0x22, 0x00,
    0x02, 0x00, 0x22, 0x00, 0x02, 0x00, 0x44, 0x08, 0x65, 0x08, 0x22, 0x00, 0x02, 0x00, 0x22, 0x00,
    0x02, 0x00, 0x22, 0x00, 0x02, 0x00, 0x22, 0x00, 0x02, 0x00, 0x22, 0x00, 0x02, 0x00, 0x22, 0x00,
    0x02, 0x00, 0x22, 0x00, 0x65, 0x08, 0x44, 0x08, 0x02, 0x00, 0x22, 0x00, 0x22, 0x00, 0x22, 0x00,
    0x02, 0x00, 0x22, 0x00, 0x22, 0x00, 0x22, 0x00, 0x22, 0x00, 0x22, 0x00, 0x22, 0x00, 0x22, 0x00,
    0x23, 0x08, 0x86, 0x10, 0x43, 0x08, 0x22, 0x08, 0x22, 0x00, 0x22, 0x00, 0x22, 0x00, 0x22, 0x08,
    0x22, 0x00, 0x22, 0x00, 0x22, 0x00, 0x22, 0x08, 0x22, 0x00, 0x22, 0x08, 0x22, 0x00, 0x43, 0x08,
    0x86, 0x10, 0x43, 0x08, 0x22, 0x00, 0x22, 0x08, 0x22, 0x00, 0x22, 0x08, 0x22, 0x00, 0x23, 0x08,
    0x22, 0x00, 0x22, 0x00, 0x22, 0x00, 0x23, 0x08, 0x22, 0x00, 0x22, 0x08, 0x23, 0x08, 0x86, 0x10,
    0x44, 0x08, 0x22, 0x08, 0x22, 0x00, 0x23, 0x08, 0x22, 0x00, 0x22, 0x08, 0x22, 0x00, 0x23, 0x08,
    0x22, 0x00, 0x23, 0x08, 0x22, 0x00, 0x23, 0x08, 0x22, 0x00, 0x23, 0x08, 0x65, 0x08, 0x65, 0x08,
    0x22, 0x00, 0x23, 0x08, 0x22, 0x00, 0x23, 0x08, 0x22, 0x00, 0x23, 0x08, 0x22, 0x00, 0x23, 0x08,
    0x22, 0x00, 0x23, 0x08, 0x22, 0x00, 0x23, 0x08, 0x22, 0x00, 0x44, 0x08, 0x86, 0x10, 0x43, 0x08,
    0x22, 0x00, 0x23, 0x08, 0x22, 0x00, 0x23, 0x08, 0x22, 0x00, 0x23, 0x08, 0x22, 0x00, 0x23, 0x08,
    0x22, 0x00, 0x22, 0x08, 0x22, 0x00, 0x23, 0x08, 0x22, 0x00, 0x65, 0x08, 0x65, 0x08, 0x23, 0x08,
    0x22, 0x00, 0x22, 0x00, 0x22, 0x00, 0x22, 0x08, 0x22, 0x00, 0x22, 0x08, 0x22, 0x00, 0x22, 0x08,
    0x22, 0x00, 0x22, 0x00, 0x22, 0x00, 0x22, 0x08, 0x23, 0x00, 0x65, 0x08, 0x44, 0x08, 0x22, 0x08,
    0x22, 0x00, 0x22, 0x00, 0x22, 0x00, 0x22, 0x08, 0x22, 0x00, 0x22, 0x00, 0x22, 0x00, 0x22, 0x08,
    0x22, 0x00, 0x22, 0x00, 0x22, 0x00, 0x22, 0x08, 0x22, 0x00, 0x65, 0x08, 0x44, 0x08, 0x22, 0x00,
    0x22, 0x00, 0x22, 0x00, 0x22, 0x00, 0x22, 0x00, 0x22, 0x00, 0x22, 0x00, 0x22, 0x00, 0x22, 0x00,
    0x02, 0x00, 0x22, 0x00, 0x22, 0x00, 0x22, 0x00, 0x02, 0x00, 0x44, 0x08, 0x65, 0x08, 0x23, 0x08,
    0x02, 0x00, 0x02, 0x00, 0x02, 0x00, 0x02, 0x00, 0x02, 0x00, 0x02, 0x00, 0x02, 0x00, 0x22, 0x00,
    0x02, 0x00, 0x02, 0x00, 0x02, 0x00, 0x02, 0x00, 0x01, 0x00, 0x23, 0x00, 0x65, 0x08, 0x43, 0x08,
    0x01, 0x00, 0x02, 0x00, 0x01, 0x00, 0x02, 0x00, 0x01, 0x00, 0x01, 0x00, 0x01, 0x00, 0x01, 0x00,
    0x01, 0x00, 0x01, 0x00, 0x01, 0x00, 0x01, 0x00, 0x01, 0x00, 0x01, 0x00, 0x43, 0x08, 0x64, 0x08,
    0x22, 0x00, 0x01, 0x00, 0x01, 0x00, 0x01, 0x00, 0x01, 0x00, 0x01, 0x00, 0x01, 0x00, 0x01, 0x00,
    0x01, 0x00, 0x01, 0x00, 0x01, 0x00, 0x01, 0x00, 0x01, 0x00, 0x01, 0x00, 0x01, 0x00, 0x43, 0x08,
    0x44, 0x08, 0x22, 0x00, 0x01, 0x00, 0x01, 0x00, 0x01, 0x00, 0x01, 0x00, 0x01, 0x00, 0x01, 0x00,
    0x01, 0x00, 0x01, 0x00, 0x01, 0x00, 0x01, 0x00, 0x01, 0x00, 0x01, 0x00, 0x22, 0x00, 0x01, 0x00,
    0x01, 0x00, 0x22, 0x00, 0x65, 0x08, 0x23, 0x00, 0x02, 0x00, 0x01, 0x00, 0x22, 0x00, 0x02, 0x00,
    0x22, 0x00, 0x02, 0x00, 0x22, 0x00, 0x22, 0x00, 0x22, 0x00, 0x22, 0x00, 0x22, 0x00, 0x44, 0x08,
    0x64, 0x08, 0x22, 0x00, 0x22, 0x00, 0x22, 0x00, 0x22, 0x00, 0x22, 0x00, 0x22, 0x00, 0x22, 0x00,
    0x22, 0x00, 0x22, 0x00, 0x22, 0x00, 0x22, 0x00, 0x22, 0x00, 0x85, 0x08, 0x44, 0x08, 0x22, 0x00,
    0x22, 0x00, 0x22, 0x00, 0x22, 0x00, 0x22, 0x00, 0x22, 0x00, 0x22, 0x00, 0x22, 0x00, 0x22, 0x00,
    0x22, 0x00, 0x22, 0x00, 0x43, 0x08, 0x86, 0x08, 0x43, 0x00, 0x22, 0x00, 0x23, 0x00, 0x22, 0x00,
    0x22, 0x00, 0x22, 0x00, 0x23, 0x00, 0x23, 0x00, 0x23, 0x00, 0x22, 0x00, 0x23, 0x00, 0x23, 0x00,
    0x44, 0x08, 0x86, 0x08, 0x43, 0x08, 0x23, 0x00, 0x23, 0x00, 0x23, 0x00, 0x23, 0x00, 0x23, 0x00,
    0x22, 0x00, 0x22, 0x00, 0x22, 0x00, 0x22, 0x00, 0x22, 0x00, 0x22, 0x00, 0x43, 0x08, 0x86, 0x10,
    0x43, 0x08, 0x22, 0x00, 0x22, 0x00, 0x22, 0x00, 0x22, 0x00, 0x22, 0x00, 0x22, 0x00, 0x22, 0x00,
    0x22, 0x00, 0x22, 0x00, 0x22, 0x00, 0x22, 0x00, 0x22, 0x00, 0x65, 0x08, 0x44, 0x08, 0x22, 0x00,
    0x22, 0x00, 0x22, 0x00, 0x22, 0x00, 0x22, 0x00, 0x22, 0x00, 0x22, 0x00, 0x22, 0x00, 0x22, 0x00,
    0x22, 0x00, 0x02, 0x00, 0x22, 0x00, 0x44, 0x08, 0x65, 0x08, 0x02, 0x00, 0x22, 0x00, 0x02, 0x00,
    0x02, 0x00, 0x02, 0x00, 0x22, 0x00, 0x02, 0x00, 0x22, 0x00, 0x02, 0x00, 0x22, 0x00, 0x22, 0x00,
    0x22, 0x00, 0x22, 0x00, 0x65, 0x08, 0x44, 0x08, 0x22, 0x00, 0x22, 0x00, 0x22, 0x00, 0x22, 0x00,
    0x22, 0x00, 0x22, 0x00, 0x22, 0x00, 0x22, 0x00, 0x22, 0x00, 0x22, 0x00, 0x22, 0x00, 0x22, 0x00,
    0x23, 0x08, 0x86, 0x10, 0x43, 0x08, 0x22, 0x00, 0x22, 0x00, 0x22, 0x00, 0x22, 0x00, 0x22, 0x00,
    0x22, 0x00, 0x22, 0x00, 0x22, 0x00, 0x22, 0x00, 0x22, 0x00, 0x22, 0x00, 0x22, 0x00, 0x44, 0x08,
    0x86, 0x10, 0x23, 0x08, 0x23, 0x00, 0x22, 0x00, 0x23, 0x00, 0x22, 0x00, 0x23, 0x00, 0x23, 0x00,
    0x23, 0x00, 0x23, 0x00, 0x23, 0x00, 0x23, 0x00, 0x23, 0x00, 0x23, 0x00, 0x43, 0x08, 0x86, 0x10,
    0x44, 0x08, 0x23, 0x00, 0x23, 0x08, 0x23, 0x00, 0x23, 0x00, 0x23, 0x00, 0x23, 0x08, 0x23, 0x00,
    0x23, 0x08, 0x23, 0x00, 0x23, 0x08, 0x23, 0x00, 0x23, 0x08, 0x23, 0x00, 0x65, 0x10, 0x65, 0x08,
    0x23, 0x08, 0x23, 0x00, 0x23, 0x08, 0x23, 0x08, 0x23, 0x08, 0x23, 0x00, 0x23, 0x08, 0x23, 0x08,
    0x23, 0x08, 0x23, 0x00, 0x23, 0x08, 0x23, 0x08, 0x23, 0x08, 0x44, 0x08, 0x86, 0x10, 0x44, 0x08,
    0x23, 0x08, 0x23, 0x00, 0x23, 0x08, 0x23, 0x08, 0x23, 0x08, 0x23, 0x00, 0x23, 0x08, 0x23, 0x00,
    0x23, 0x00, 0x23, 0x00, 0x23, 0x08, 0x23, 0x00, 0x23, 0x00, 0x65, 0x08, 0x65, 0x08, 0x23, 0x00,
    0x23, 0x00, 0x23, 0x00, 0x23, 0x00, 0x23, 0x00, 0x23, 0x00, 0x23, 0x00, 0x23, 0x00, 0x23, 0x00,
    0x23, 0x00, 0x22, 0x00, 0x23, 0x00, 0x22, 0x00, 0x23, 0x00, 0x65, 0x08, 0x65, 0x08, 0x22, 0x00,
    0x22, 0x00, 0x22, 0x00, 0x22, 0x00, 0x22, 0x00, 0x22, 0x00, 0x22, 0x00, 0x22, 0x00, 0x22, 0x00,
    0x22, 0x00, 0x22, 0x00, 0x22, 0x00, 0x22, 0x00, 0x22, 0x00, 0x65, 0x08, 0x65, 0x08, 0x22, 0x00,
    0x22, 0x00, 0x22, 0x00, 0x22, 0x00, 0x22, 0x00, 0x22, 0x00, 0x22, 0x00, 0x22, 0x00, 0x22, 0x00,
    0x22, 0x00, 0x22, 0x00, 0x22, 0x00, 0x22, 0x00, 0x22, 0x00, 0x44, 0x08, 0x65, 0x08, 0x23, 0x00,
    0x02, 0x00, 0x02, 0x00, 0x02, 0x00, 0x02, 0x00, 0x02, 0x00, 0x02, 0x00, 0x02, 0x00, 0x02, 0x00,
    0x02, 0x00, 0x02, 0x00, 0x02, 0x00, 0x02, 0x00, 0x02, 0x00, 0x22, 0x00, 0x65, 0x08, 0x43, 0x08,
    0x02, 0x00, 0x01, 0x00, 0x02, 0x00, 0x01, 0x00, 0x01, 0x00, 0x01, 0x00, 0x02, 0x00, 0x01, 0x00,
    0x01, 0x00, 0x01, 0x00, 0x02, 0x00, 0x01, 0x00, 0x01, 0x00, 0x01, 0x00, 0x23, 0x08, 0x64, 0x08,
    0x23, 0x00, 0x01, 0x00, 0x01, 0x00, 0x01, 0x00, 0x01, 0x00, 0x01, 0x00, 0x01, 0x00, 0x01, 0x00,
    0x01, 0x00, 0x01, 0x00, 0x01, 0x00, 0x01, 0x00, 0x01, 0x00, 0x01, 0x00, 0x01, 0x00, 0x23, 0x00,
    0x44, 0x08, 0x22, 0x00, 0x01, 0x00, 0x01, 0x00, 0x01, 0x00, 0x01, 0x00, 0x01, 0x00, 0x01, 0x00,
    0x01, 0x00, 0x01, 0x00, 0x01, 0x00, 0x01, 0x00, 0x01, 0x00, 0x21, 0x00, 0x01, 0x00, 0x22, 0x00,
    0x01, 0x00, 0x22, 0x00, 0x64, 0x08, 0x22, 0x00, 0x01, 0x00, 0x22, 0x00, 0x01, 0x00, 0x22, 0x00,
    0x01, 0x00, 0x22, 0x00, 0x01, 0x00, 0x22, 0x00, 0x02, 0x00, 0x22, 0x00, 0x02, 0x00, 0x64, 0x08,
    0x44, 0x08, 0x22, 0x00, 0x22, 0x00, 0x22, 0x00, 0x22, 0x00, 0x22, 0x00, 0x22, 0x00, 0x22, 0x00,
    0x22, 0x00, 0x22, 0x00, 0x22, 0x00, 0x22, 0x00, 0x23, 0x00, 0x85, 0x08, 0x23, 0x00, 0x22, 0x00,
    0x22, 0x00, 0x22, 0x00, 0x22, 0x00, 0x22, 0x00, 0x22, 0x00, 0x23, 0x00, 0x22, 0x00, 0x23, 0x00,
    0x22, 0x00, 0x23, 0x00, 0x44, 0x08, 0x86, 0x10, 0x23, 0x00, 0x23, 0x00, 0x22, 0x00, 0x23, 0x00,
    0x22, 0x00, 0x23, 0x00, 0x22, 0x00, 0x23, 0x00, 0x22, 0x00, 0x23, 0x00, 0x22, 0x00, 0x23, 0x00,
    0x44, 0x08, 0x86, 0x10, 0x23, 0x00, 0x23, 0x00, 0x22, 0x00, 0x23, 0x00, 0x22, 0x00, 0x22, 0x00,
    0x22, 0x00, 0x22, 0x00, 0x22, 0x00, 0x22, 0x00, 0x22, 0x00, 0x23, 0x00, 0x43, 0x00, 0x86, 0x10,
    0x43, 0x00, 0x22, 0x00, 0x22, 0x00, 0x22, 0x00, 0x22, 0x00, 0x22, 0x00, 0x22, 0x00, 0x22, 0x00,
    0x22, 0x00, 0x22, 0x00, 0x22, 0x00, 0x22, 0x00, 0x22, 0x00, 0x85, 0x08, 0x43, 0x08, 0x22, 0x00,
    0x22, 0x00, 0x22, 0x00, 0x22, 0x00, 0x22, 0x00, 0x22, 0x00, 0x22, 0x00, 0x02, 0x00, 0x22, 0x00,
    0x02, 0x00, 0x22, 0x00, 0x02, 0x00, 0x64, 0x08, 0x64, 0x08, 0x22, 0x00, 0x02, 0x00, 0x22, 0x00,
    0x02, 0x00, 0x22, 0x00, 0x02, 0x00, 0x22, 0x00, 0x02, 0x00, 0x22, 0x00, 0x02, 0x00, 0x22, 0x00,
    0x02, 0x00, 0x23, 0x00, 0x65, 0x08, 0x44, 0x08, 0x22, 0x00, 0x22, 0x00, 0x22, 0x00, 0x22, 0x00,
    0x22, 0x00, 0x22, 0x00, 0x22, 0x00, 0x22, 0x00, 0x22, 0x00, 0x22, 0x00, 0x22, 0x00, 0x22, 0x00,
    0x23, 0x08, 0x86, 0x10, 0x23, 0x08, 0x22, 0x00, 0x22, 0x00, 0x22, 0x08, 0x22, 0x00, 0x22, 0x08,
    0x22, 0x00, 0x22, 0x08, 0x22, 0x00, 0x22, 0x00, 0x22, 0x00, 0x23, 0x08, 0x22, 0x00, 0x44, 0x08,
    0x86, 0x10, 0x43, 0x08, 0x22, 0x00, 0x23, 0x08, 0x22, 0x00, 0x23, 0x08, 0x22, 0x00, 0x23, 0x08,
    0x23, 0x00, 0x23, 0x08, 0x22, 0x00, 0x23, 0x08, 0x23, 0x00, 0x23, 0x08, 0x23, 0x08, 0x86, 0x10,
    0x44, 0x08, 0x23, 0x08, 0x23, 0x00, 0x23, 0x08, 0x23, 0x00, 0x23, 0x08, 0x23, 0x00, 0x23, 0x08,
    0x23, 0x00, 0x23, 0x08, 0x23, 0x00, 0x23, 0x08, 0x23, 0x00, 0x23, 0x08, 0x65, 0x08, 0x65, 0x08,
    0x23, 0x00, 0x23, 0x08, 0x23, 0x00, 0x23, 0x08, 0x23, 0x00, 0x23, 0x08, 0x23, 0x00, 0x23, 0x08,
    0x23, 0x00, 0x23, 0x08, 0x23, 0x00, 0x23, 0x08, 0x23, 0x00, 0x44, 0x08, 0x86, 0x10, 0x44, 0x08,
    0x23, 0x00, 0x23, 0x08, 0x23, 0x00, 0x23, 0x08, 0x23, 0x00, 0x23, 0x08, 0x23, 0x00, 0x23, 0x08,
    0x23, 0x00, 0x23, 0x08, 0x22, 0x00, 0x23, 0x08, 0x23, 0x00, 0x65, 0x08, 0x65, 0x08, 0x23, 0x08,
    0x22, 0x00, 0x23, 0x08, 0x22, 0x00, 0x23, 0x08, 0x22, 0x00, 0x23, 0x08, 0x22, 0x00, 0x23, 0x08,
    0x22, 0x00, 0x23, 0x08, 0x22, 0x00, 0x23, 0x00, 0x22, 0x00, 0x65, 0x08, 0x65, 0x08, 0x23, 0x08,
    0x22, 0x00, 0x23, 0x08, 0x22, 0x00, 0x22, 0x00, 0x22, 0x00, 0x22, 0x08, 0x22, 0x00, 0x22, 0x00,
    0x22, 0x00, 0x22, 0x00, 0x22, 0x00, 0x22, 0x00, 0x22, 0x00, 0x65, 0x08, 0x65, 0x08, 0x23, 0x08,
    0x22, 0x00, 0x22, 0x00, 0x22, 0x00, 0x22, 0x00, 0x22, 0x00, 0x22, 0x00, 0x22, 0x00, 0x22, 0x00,
    0x22, 0x00, 0x22, 0x00, 0x02, 0x00, 0x22, 0x00, 0x22, 0x00, 0x44, 0x08, 0x65, 0x08, 0x23, 0x08,
    0x02, 0x00, 0x02, 0x00, 0x02, 0x00, 0x02, 0x00, 0x02, 0x00, 0x02, 0x00, 0x02, 0x00, 0x02, 0x00,
    0x02, 0x00, 0x02, 0x00, 0x02, 0x00, 0x02, 0x00, 0x02, 0x00, 0x22, 0x00, 0x64, 0x08, 0x44, 0x08,
    0x01, 0x00, 0x02, 0x00, 0x01, 0x00, 0x02, 0x00, 0x01, 0x00, 0x02, 0x00, 0x01, 0x00, 0x02, 0x00,
    0x01, 0x00, 0x02, 0x00, 0x01, 0x00, 0x02, 0x00, 0x01, 0x00, 0x02, 0x00, 0x22, 0x00, 0x65, 0x08,
    0x23, 0x00, 0x01, 0x00, 0x01, 0x00, 0x01, 0x00, 0x01, 0x00, 0x01, 0x00, 0x01, 0x00, 0x01, 0x00,
    0x01, 0x00, 0x01, 0x00, 0x01, 0x00, 0x01, 0x00, 0x01, 0x00, 0x01, 0x00, 0x01, 0x00, 0x22, 0x00,
    0x44, 0x08, 0x22, 0x00, 0x01, 0x00, 0x01, 0x00, 0x01, 0x00, 0x01, 0x00, 0x01, 0x00, 0x01, 0x00,
    0x01, 0x00, 0x01, 0x00, 0x01, 0x00, 0x01, 0x00, 0x01, 0x00, 0x01, 0x00, 0x01, 0x00, 0x01, 0x00,
    0x21, 0x00, 0x22, 0x00, 0x44, 0x08, 0x01, 0x00, 0x21, 0x00, 0x01, 0x00, 0x21, 0x00, 0x01, 0x00,
    0x22, 0x00, 0x02, 0x00, 0x22, 0x00, 0x01, 0x00, 0x22, 0x00, 0x02, 0x00, 0x22, 0x00, 0x64, 0x08,
    0x43, 0x08, 0x22, 0x00, 0x22, 0x00, 0x22, 0x00, 0x22, 0x00, 0x22, 0x00, 0x22, 0x00, 0x22, 0x00,
    0x22, 0x00, 0x22, 0x00, 0x22, 0x00, 0x22, 0x00, 0x43, 0x00, 0x85, 0x08, 0x43, 0x00, 0x22, 0x00,
    0x22, 0x00, 0x22, 0x00, 0x22, 0x00, 0x22, 0x00, 0x22, 0x00, 0x22, 0x00, 0x22, 0x00, 0x22, 0x00,
    0x22, 0x00, 0x22, 0x00, 0x44, 0x08, 0x65, 0x08, 0x22, 0x00, 0x22, 0x00, 0x22, 0x00, 0x22, 0x00,
    0x22, 0x00, 0x22, 0x00, 0x22, 0x00, 0x22, 0x00, 0x22, 0x00, 0x22, 0x00, 0x22, 0x00, 0x22, 0x00,
    0x64, 0x08, 0x85, 0x08, 0x22, 0x00, 0x22, 0x00, 0x22, 0x00, 0x22, 0x00, 0x22, 0x00, 0x22, 0x00,
    0x22, 0x00, 0x22, 0x00, 0x22, 0x00, 0x22, 0x00, 0x22, 0x00, 0x22, 0x00, 0x44, 0x08, 0x85, 0x08,
    0x43, 0x00, 0x22, 0x00, 0x22, 0x00, 0x22, 0x00, 0x22, 0x00, 0x22, 0x00, 0x22, 0x00, 0x22, 0x00,
    0x22, 0x00, 0x22, 0x00, 0x22, 0x00, 0x22, 0x00, 0x43, 0x00, 0x85, 0x08, 0x43, 0x08, 0x22, 0x00,
    0x22, 0x00, 0x22, 0x00, 0x22, 0x00, 0x22, 0x00, 0x22, 0x00, 0x22, 0x00, 0x22, 0x00, 0x02, 0x00,
    0x22, 0x00, 0x02, 0x00, 0x02, 0x00, 0x44, 0x08, 0x64, 0x08, 0x02, 0x00, 0x22, 0x00, 0x02, 0x00,
    0x22, 0x00, 0x02, 0x00, 0x22, 0x00, 0x02, 0x00, 0x22, 0x00, 0x22, 0x00, 0x22, 0x00, 0x22, 0x00,
    0x22, 0x00, 0x22, 0x00, 0x65, 0x10, 0x43, 0x08, 0x22, 0x00, 0x22, 0x00, 0x22, 0x00, 0x22, 0x00,
    0x22, 0x00, 0x22, 0x00, 0x22, 0x00, 0x22, 0x00, 0x22, 0x00, 0x22, 0x00, 0x22, 0x00, 0x22, 0x00,
    0x43, 0x08, 0x86, 0x10, 0x23, 0x08, 0x22, 0x00, 0x22, 0x00, 0x22, 0x00, 0x22, 0x00, 0x22, 0x00,
    0x22, 0x00, 0x22, 0x00, 0x22, 0x00, 0x22, 0x00, 0x22, 0x00, 0x22, 0x00, 0x22, 0x00, 0x43, 0x08,
    0x86, 0x10, 0x43, 0x08, 0x22, 0x00, 0x22, 0x00, 0x22, 0x00, 0x22, 0x00, 0x22, 0x00, 0x22, 0x00,
    0x22, 0x00, 0x22, 0x00, 0x22, 0x00, 0x22, 0x00, 0x23, 0x08, 0x22, 0x00, 0x43, 0x08, 0x86, 0x10,
    0x44, 0x08, 0x22, 0x00, 0x23, 0x08, 0x23, 0x00, 0x23, 0x08, 0x23, 0x08, 0x23, 0x08, 0x23, 0x08,
    0x23, 0x08, 0x23, 0x08, 0x23, 0x08, 0x23, 0x08, 0x23, 0x08, 0x23, 0x08, 0x65, 0x08, 0x65, 0x08,
    0x23, 0x08, 0x23, 0x08, 0x23, 0x08, 0x23, 0x08, 0x23, 0x08, 0x23, 0x08, 0x23, 0x08, 0x23, 0x08,
    0x23, 0x08, 0x23, 0x08, 0x23, 0x08, 0x23, 0x08, 0x23, 0x08, 0x44, 0x08, 0x86, 0x10, 0x44, 0x08,
    0x23, 0x08, 0x23, 0x08, 0x23, 0x08, 0x23, 0x08, 0x23, 0x08, 0x23, 0x08, 0x23, 0x08, 0x23, 0x08,
    0x23, 0x08, 0x23, 0x08, 0x23, 0x08, 0x23, 0x00, 0x23, 0x08, 0x64, 0x08, 0x65, 0x10, 0x23, 0x08,
    0x23, 0x08, 0x22, 0x00, 0x22, 0x08, 0x22, 0x00, 0x22, 0x08, 0x22, 0x00, 0x22, 0x00, 0x22, 0x00,
    0x22, 0x00, 0x22, 0x00, 0x22, 0x00, 0x22, 0x00, 0x22, 0x00, 0x65, 0x08, 0x65, 0x08, 0x22, 0x00,
    0x22, 0x00, 0x22, 0x00, 0x22, 0x00, 0x22, 0x00, 0x22, 0x00, 0x22, 0x00, 0x22, 0x00, 0x22, 0x00,
    0x22, 0x00, 0x22, 0x00, 0x22, 0x00, 0x22, 0x00, 0x22, 0x00, 0x44, 0x08, 0x65, 0x08, 0x22, 0x00,
    0x22, 0x00, 0x22, 0x00, 0x22, 0x00, 0x22, 0x00, 0x22, 0x00, 0x22, 0x00, 0x22, 0x00, 0x22, 0x00,
    0x22, 0x00, 0x22, 0x00, 0x22, 0x00, 0x02, 0x00, 0x02, 0x00, 0x43, 0x08, 0x65, 0x08, 0x23, 0x00,
    0x02, 0x00, 0x02, 0x00, 0x02, 0x00, 0x02, 0x00, 0x02, 0x00, 0x02, 0x00, 0x02, 0x00, 0x02, 0x00,
    0x02, 0x00, 0x02, 0x00, 0x02, 0x00, 0x01, 0x00, 0x02, 0x00, 0x02, 0x00, 0x44, 0x08, 0x44, 0x08,
    0x01, 0x00, 0x01, 0x00, 0x01, 0x00, 0x01, 0x00, 0x02, 0x00, 0x01, 0x00, 0x01, 0x00, 0x01, 0x00,
    0x01, 0x00, 0x01, 0x00, 0x01, 0x00, 0x01, 0x00, 0x01, 0x00, 0x01, 0x00, 0x22, 0x00, 0x64, 0x08,
    0x43, 0x08, 0x01, 0x00, 0x01, 0x00, 0x01, 0x00, 0x01, 0x00, 0x01, 0x00, 0x01, 0x00, 0x01, 0x00,
    0x01, 0x00, 0x01, 0x00, 0x01, 0x00, 0x01, 0x00, 0x01, 0x00, 0x01, 0x00, 0x01, 0x00, 0x22, 0x00,
    0x64, 0x08, 0x23, 0x00, 0x01, 0x00, 0x01, 0x00, 0x01, 0x00, 0x01, 0x00, 0x01, 0x00, 0x01, 0x00,
    0x01, 0x00, 0x01, 0x00, 0x01, 0x00, 0x01, 0x00, 0x01, 0x00, 0x01, 0x00, 0x01, 0x00, 0x21, 0x00,
    0x01, 0x00, 0x43, 0x00, 0x44, 0x08, 0x22, 0x00, 0x01, 0x00, 0x22, 0x00, 0x01, 0x00, 0x22, 0x00,
    0x01, 0x00, 0x22, 0x00, 0x01, 0x00, 0x22, 0x00, 0x01, 0x00, 0x22, 0x00, 0x22, 0x00, 0x65, 0x08,
    0x43, 0x00, 0x22, 0x00, 0x02, 0x00, 0x22, 0x00, 0x02, 0x00, 0x22, 0x00, 0x02, 0x00, 0x22, 0x00,
    0x02, 0x00, 0x22, 0x00, 0x22, 0x00, 0x22, 0x00, 0x43, 0x00, 0x65, 0x08, 0x22, 0x00, 0x22, 0x00,
    0x22, 0x00, 0x22, 0x00, 0x22, 0x00, 0x22, 0x00, 0x22, 0x00, 0x22, 0x00, 0x22, 0x00, 0x22, 0x00,
    0x22, 0x00, 0x22, 0x00, 0x44, 0x08, 0x65, 0x08, 0x22, 0x00, 0x22, 0x00, 0x22, 0x00, 0x23, 0x00,
    0x22, 0x00, 0x22, 0x00, 0x22, 0x00, 0x22, 0x00, 0x22, 0x00, 0x22, 0x00, 0x22, 0x00, 0x22, 0x00,
    0x64, 0x08, 0x65, 0x08, 0x22, 0x00, 0x22, 0x00, 0x22, 0x00, 0x22, 0x00, 0x22, 0x00, 0x22, 0x00,
    0x22, 0x00, 0x22, 0x00, 0x22, 0x00, 0x22, 0x00, 0x22, 0x00, 0x22, 0x00, 0x44, 0x08, 0x85, 0x08,
    0x22, 0x00, 0x22, 0x00, 0x22, 0x00, 0x22, 0x00, 0x02, 0x00, 0x22, 0x00, 0x22, 0x00, 0x22, 0x00,
    0x02, 0x00, 0x22, 0x00, 0x22, 0x00, 0x22, 0x00, 0x23, 0x00, 0x85, 0x08, 0x43, 0x00, 0x22, 0x00,
    0x02, 0x00, 0x22, 0x00, 0x22, 0x00, 0x22, 0x00, 0x02, 0x00, 0x22, 0x00, 0x02, 0x00, 0x22, 0x00,
    0x02, 0x00, 0x22, 0x00, 0x02, 0x00, 0x44, 0x08, 0x44, 0x08, 0x22, 0x00, 0x02, 0x00, 0x22, 0x00,
    0x02, 0x00, 0x22, 0x00, 0x02, 0x00, 0x22, 0x00, 0x02, 0x00, 0x22, 0x00, 0x02, 0x00, 0x22, 0x00,
    0x02, 0x00, 0x23, 0x08, 0x65, 0x08, 0x44, 0x08, 0x02, 0x00, 0x22, 0x00, 0x22, 0x00, 0x22, 0x00,
    0x22, 0x00, 0x22, 0x00, 0x22, 0x00, 0x22, 0x08, 0x22, 0x00, 0x22, 0x00, 0x22, 0x00, 0x22, 0x08,
    0x43, 0x08, 0x86, 0x10, 0x23, 0x08, 0x22, 0x08, 0x22, 0x00, 0x22, 0x00, 0x22, 0x00, 0x22, 0x08,
    0x22, 0x00, 0x22, 0x00, 0x22, 0x00, 0x23, 0x08, 0x22, 0x00, 0x23, 0x00, 0x22, 0x00, 0x44, 0x08,
    0x86, 0x10, 0x43, 0x08, 0x22, 0x00, 0x23, 0x08, 0x22, 0x00, 0x23, 0x08, 0x22, 0x00, 0x23, 0x08,
    0x22, 0x00, 0x23, 0x08, 0x22, 0x00, 0x23, 0x08, 0x22, 0x00, 0x23, 0x08, 0x43, 0x08, 0x86, 0x10,
    0x44, 0x08, 0x23, 0x08, 0x23, 0x00, 0x23, 0x08, 0x23, 0x00, 0x23, 0x08, 0x23, 0x08, 0x23, 0x08,
    0x23, 0x00, 0x23, 0x08, 0x23, 0x08, 0x23, 0x08, 0x23, 0x00, 0x23, 0x08, 0x65, 0x08, 0x65, 0x10,
    0x23, 0x00, 0x23, 0x08, 0x23, 0x08, 0x23, 0x08, 0x23, 0x08, 0x23, 0x08, 0x23, 0x08, 0x23, 0x08,
    0x23, 0x08, 0x23, 0x08, 0x23, 0x08, 0x23, 0x08, 0x23, 0x00, 0x44, 0x08, 0x86, 0x10, 0x44, 0x08,
    0x23, 0x00, 0x23, 0x08, 0x23, 0x08, 0x23, 0x08, 0x23, 0x00, 0x23, 0x08, 0x23, 0x08, 0x23, 0x08,
    0x23, 0x00, 0x23, 0x08, 0x23, 0x00, 0x23, 0x08, 0x23, 0x00, 0x64, 0x08, 0x65, 0x10, 0x43, 0x08,
    0x22, 0x00, 0x23, 0x08, 0x22, 0x00, 0x23, 0x08, 0x22, 0x00, 0x23, 0x08, 0x22, 0x00, 0x23, 0x08,
    0x22, 0x00, 0x23, 0x08, 0x22, 0x00, 0x23, 0x08, 0x22, 0x00, 0x65, 0x08, 0x65, 0x08, 0x23, 0x08,
    0x22, 0x00, 0x23, 0x00, 0x22, 0x00, 0x23, 0x08, 0x22, 0x00, 0x23, 0x00, 0x22, 0x00, 0x23, 0x08,
    0x22, 0x00, 0x22, 0x00, 0x22, 0x00, 0x22, 0x08, 0x22, 0x00, 0x44, 0x08, 0x65, 0x08, 0x43, 0x08,
    0x22, 0x00, 0x22, 0x00, 0x22, 0x00, 0x22, 0x08, 0x22, 0x00, 0x22, 0x00, 0x22, 0x00, 0x22, 0x00,
    0x22, 0x00, 0x02, 0x00, 0x02, 0x00, 0x02, 0x00, 0x02, 0x00, 0x23, 0x08, 0x65, 0x08, 0x43, 0x08,
    0x02, 0x00, 0x02, 0x00, 0x02, 0x00, 0x02, 0x00, 0x02, 0x00, 0x02, 0x00, 0x02, 0x00, 0x02, 0x00,
    0x02, 0x00, 0x02, 0x00, 0x02, 0x00, 0x02, 0x00, 0x02, 0x00, 0x02, 0x00, 0x44, 0x08, 0x64, 0x08,
    0x02, 0x00, 0x02, 0x00, 0x01, 0x00, 0x02, 0x00, 0x01, 0x00, 0x02, 0x00, 0x01, 0x00, 0x02, 0x00,
    0x01, 0x00, 0x01, 0x00, 0x01, 0x00, 0x02, 0x00, 0x01, 0x00, 0x01, 0x00, 0x22, 0x00, 0x44, 0x08,
    0x23, 0x00, 0x01, 0x00, 0x01, 0x00, 0x01, 0x00, 0x01, 0x00, 0x01, 0x00, 0x01, 0x00, 0x01, 0x00,
    0x01, 0x00, 0x01, 0x00, 0x01, 0x00, 0x01, 0x00, 0x01, 0x00, 0x01, 0x00, 0x01, 0x00, 0x22, 0x00,
    0x44, 0x08, 0x43, 0x00, 0x01, 0x00, 0x01, 0x00, 0x01, 0x00, 0x01, 0x00, 0x01, 0x00, 0x01, 0x00,
    0x01, 0x00, 0x01, 0x00, 0x01, 0x00, 0x01, 0x00, 0x01, 0x00, 0x01, 0x00, 0x01, 0x00, 0x01, 0x00,
    0x01, 0x00, 0x43, 0x00, 0x43, 0x08, 0x01, 0x00, 0x01, 0x00, 0x01, 0x00, 0x22, 0x00, 0x01, 0x00,
    0x02, 0x00, 0x01, 0x00, 0x22, 0x00, 0x02, 0x00, 0x02, 0x00, 0x01, 0x00, 0x22, 0x00, 0x65, 0x08,
    0x23, 0x00, 0x02, 0x00, 0x22, 0x00, 0x02, 0x00, 0x22, 0x00, 0x02, 0x00, 0x22, 0x00, 0x22, 0x00,
    0x22, 0x00, 0x02, 0x00, 0x22, 0x00, 0x22, 0x00, 0x43, 0x08, 0x64, 0x08, 0x22, 0x00, 0x22, 0x00,
    0x22, 0x00, 0x22, 0x00, 0x22, 0x00, 0x22, 0x00, 0x22, 0x00, 0x22, 0x00, 0x22, 0x00, 0x22, 0x00,
    0x22, 0x00, 0x22, 0x00, 0x64, 0x08, 0x64, 0x08, 0x22, 0x00, 0x22, 0x00, 0x22, 0x00, 0x22, 0x00,
    0x22, 0x00, 0x22, 0x00, 0x22, 0x00, 0x22, 0x00, 0x22, 0x00, 0x22, 0x00, 0x22, 0x00, 0x22, 0x00,
    0x64, 0x08, 0x64, 0x08, 0x22, 0x00, 0x22, 0x00, 0x22, 0x00, 0x22, 0x00, 0x22, 0x00, 0x22, 0x00,
    0x22, 0x00, 0x22, 0x00, 0x22, 0x00, 0x22, 0x00, 0x22, 0x00, 0x22, 0x00, 0x64, 0x08, 0x65, 0x08,
    0x22, 0x00, 0x22, 0x00, 0x22, 0x00, 0x22, 0x00, 0x22, 0x00, 0x22, 0x00, 0x22, 0x00, 0x22, 0x00,
    0x22, 0x00, 0x22, 0x00, 0x22, 0x00, 0x22, 0x00, 0x23, 0x08, 0x85, 0x08, 0x23, 0x08, 0x22, 0x00,
    0x22, 0x00, 0x02, 0x00, 0x22, 0x00, 0x02, 0x00, 0x02, 0x00, 0x02, 0x00, 0x02, 0x00, 0x02, 0x00,
    0x02, 0x00, 0x02, 0x00, 0x22, 0x00, 0x44, 0x08, 0x44, 0x08, 0x02, 0x00, 0x22, 0x00, 0x22, 0x00,
    0x22, 0x00, 0x02, 0x00, 0x22, 0x00, 0x22, 0x00, 0x22, 0x00, 0x22, 0x00, 0x22, 0x00, 0x22, 0x00,
    0x22, 0x00, 0x23, 0x00, 0x85, 0x10, 0x43, 0x08, 0x22, 0x00, 0x22, 0x00, 0x22, 0x00, 0x22, 0x00,
    0x22, 0x00, 0x22, 0x00, 0x22, 0x00, 0x22, 0x00, 0x22, 0x00, 0x22, 0x00, 0x22, 0x00, 0x22, 0x00,
    0x43, 0x08, 0x86, 0x10, 0x43, 0x08, 0x22, 0x00, 0x22, 0x00, 0x22, 0x00, 0x22, 0x00, 0x22, 0x00,
    0x22, 0x00, 0x22, 0x00, 0x23, 0x00, 0x22, 0x00, 0x23, 0x00, 0x22, 0x00, 0x23, 0x00, 0x44, 0x08,
    0x86, 0x10, 0x43, 0x08, 0x23, 0x00, 0x23, 0x00, 0x23, 0x00, 0x22, 0x00, 0x23, 0x08, 0x23, 0x00,
    0x23, 0x08, 0x22, 0x00, 0x23, 0x08, 0x23, 0x08, 0x23, 0x08, 0x23, 0x00, 0x44, 0x08, 0x86, 0x10,
    0x44, 0x08, 0x23, 0x08, 0x23, 0x08, 0x23, 0x08, 0x23, 0x08, 0x23, 0x08, 0x23, 0x08, 0x23, 0x08,
    0x23, 0x08, 0x23, 0x08, 0x23, 0x08, 0x23, 0x08, 0x23, 0x08, 0x23, 0x08, 0x65, 0x08, 0x65, 0x08,
    0x23, 0x08, 0x23, 0x08, 0x23, 0x08, 0x23, 0x08, 0x23, 0x08, 0x23, 0x08, 0x23, 0x08, 0x23, 0x08,
    0x23, 0x08, 0x23, 0x08, 0x23, 0x08, 0x23, 0x08, 0x23, 0x08, 0x44, 0x08, 0x86, 0x10, 0x44, 0x08,
    0x23, 0x08, 0x23, 0x08, 0x23, 0x08, 0x23, 0x08, 0x23, 0x08, 0x23, 0x08, 0x23, 0x08, 0x23, 0x08,
    0x23, 0x08, 0x23, 0x08, 0x23, 0x08, 0x23, 0x08, 0x23, 0x08, 0x44, 0x08, 0x66, 0x10, 0x23, 0x08,
    0x23, 0x08, 0x23, 0x00, 0x23, 0x08, 0x23, 0x08, 0x23, 0x08, 0x22, 0x00, 0x23, 0x08, 0x23, 0x00,
    0x23, 0x00, 0x22, 0x00, 0x23, 0x08, 0x22, 0x00, 0x22, 0x00, 0x64, 0x08, 0x65, 0x10, 0x23, 0x08,
    0x22, 0x00, 0x22, 0x00, 0x23, 0x00, 0x22, 0x00, 0x22, 0x00, 0x22, 0x00, 0x23, 0x00, 0x22, 0x00,
    0x22, 0x00, 0x22, 0x00, 0x22, 0x00, 0x22, 0x00, 0x22, 0x00, 0x44, 0x08, 0x85, 0x10, 0x23, 0x08,
    0x22, 0x00, 0x22, 0x00, 0x22, 0x00, 0x22, 0x00, 0x22, 0x00, 0x22, 0x00, 0x22, 0x00, 0x02, 0x00,
    0x02, 0x00, 0x02, 0x00, 0x02, 0x00, 0x02, 0x00, 0x02, 0x00, 0x23, 0x00, 0x65, 0x08, 0x44, 0x08,
    0x02, 0x00, 0x02, 0x00, 0x02, 0x00, 0x02, 0x00, 0x02, 0x00, 0x02, 0x00, 0x02, 0x00, 0x02, 0x00,
    0x02, 0x00, 0x02, 0x00, 0x02, 0x00, 0x02, 0x00, 0x02, 0x00, 0x01, 0x00, 0x44, 0x08, 0x64, 0x08,
    0x22, 0x00, 0x01, 0x00, 0x02, 0x00, 0x01, 0x00, 0x01, 0x00, 0x01, 0x00, 0x02, 0x00, 0x01, 0x00,
    0x01, 0x00, 0x01, 0x00, 0x01, 0x00, 0x01, 0x00, 0x01, 0x00, 0x01, 0x00, 0x02, 0x00, 0x44, 0x08,
    0x43, 0x08, 0x01, 0x00, 0x01, 0x00, 0x01, 0x00, 0x01, 0x00, 0x01, 0x00, 0x01, 0x00, 0x01, 0x00,
    0x01, 0x00, 0x01, 0x00, 0x01, 0x00, 0x01, 0x00, 0x01, 0x00, 0x01, 0x00, 0x01, 0x00, 0x22, 0x00,
    0x44, 0x08, 0x23, 0x08, 0x01, 0x00, 0x01, 0x00, 0x01, 0x00, 0x01, 0x00, 0x01, 0x00, 0x01, 0x00,
    0x01, 0x00, 0x01, 0x00, 0x01, 0x00, 0x01, 0x00, 0x01, 0x00, 0x01, 0x00, 0x01, 0x00, 0x01, 0x00,
    0x01, 0x00, 0x43, 0x08, 0x43, 0x00, 0x01, 0x00, 0x01, 0x00, 0x21, 0x00, 0x01, 0x00, 0x21, 0x00,
    0x01, 0x00, 0x21, 0x00, 0x01, 0x00, 0x21, 0x00, 0x01, 0x00, 0x21, 0x00, 0x22, 0x00, 0x65, 0x08,
    0x22, 0x00, 0x22, 0x00, 0x01, 0x00, 0x22, 0x00, 0x02, 0x00, 0x22, 0x00, 0x02, 0x00, 0x22, 0x00,
    0x02, 0x00, 0x22, 0x00, 0x02, 0x00, 0x22, 0x00, 0x43, 0x08, 0x64, 0x08, 0x02, 0x00, 0x22, 0x00,
    0x02, 0x00, 0x22, 0x00, 0x02, 0x00, 0x22, 0x00, 0x02, 0x00, 0x22, 0x00, 0x02, 0x00, 0x22, 0x00,
    0x02, 0x00, 0x22, 0x00, 0x44, 0x08, 0x64, 0x08, 0x02, 0x00, 0x22, 0x00, 0x02, 0x00, 0x22, 0x00,
    0x02, 0x00, 0x22, 0x00, 0x02, 0x00, 0x22, 0x00, 0x02, 0x00, 0x22, 0x00, 0x02, 0x00, 0x22, 0x00,
    0x44, 0x08, 0x64, 0x08, 0x22, 0x00, 0x22, 0x00, 0x22, 0x00, 0x22, 0x00, 0x22, 0x00, 0x22, 0x00,
    0x22, 0x00, 0x22, 0x00, 0x22, 0x00, 0x22, 0x00, 0x22, 0x00, 0x22, 0x00, 0x44, 0x08, 0x64, 0x08,
    0x02, 0x00, 0x22, 0x00, 0x02, 0x00, 0x22, 0x00, 0x02, 0x00, 0x22, 0x00, 0x02, 0x00, 0x22, 0x00,
    0x22, 0x00, 0x22, 0x00, 0x02, 0x00, 0x22, 0x00, 0x43, 0x00, 0x85, 0x08, 0x22, 0x00, 0x22, 0x00,
    0x02, 0x00, 0x22, 0x00, 0x02, 0x00, 0x22, 0x00, 0x02, 0x00, 0x22, 0x00, 0x02, 0x00, 0x22, 0x00,
    0x02, 0x00, 0x22, 0x00, 0x02, 0x00, 0x64, 0x08, 0x44, 0x08, 0x22, 0x00, 0x02, 0x00, 0x22, 0x00,
    0x02, 0x00, 0x22, 0x00, 0x02, 0x00, 0x22, 0x00, 0x02, 0x00, 0x22, 0x00, 0x02, 0x00, 0x22, 0x00,
    0x22, 0x00, 0x23, 0x08, 0x85, 0x08, 0x43, 0x08, 0x22, 0x00, 0x22, 0x00, 0x22, 0x00, 0x22, 0x00,
    0x22, 0x00, 0x22, 0x00, 0x22, 0x00, 0x22, 0x00, 0x22, 0x00, 0x22, 0x00, 0x22, 0x00, 0x22, 0x00,
    0x43, 0x08, 0x86, 0x10, 0x23, 0x08, 0x22, 0x00, 0x22, 0x00, 0x22, 0x00, 0x22, 0x00, 0x22, 0x00,
    0x22, 0x00, 0x22, 0x08, 0x22, 0x00, 0x22, 0x00, 0x22, 0x00, 0x22, 0x08, 0x22, 0x00, 0x44, 0x08,
    0x86, 0x10, 0x43, 0x08, 0x22, 0x00, 0x23, 0x08, 0x22, 0x00, 0x23, 0x08, 0x22, 0x00, 0x23, 0x08,
    0x22, 0x00, 0x23, 0x08, 0x22, 0x00, 0x23, 0x08, 0x22, 0x00, 0x23, 0x08, 0x43, 0x08, 0x86, 0x10,
    0x44, 0x08, 0x23, 0x08, 0x22, 0x08, 0x23, 0x08, 0x22, 0x08, 0x23, 0x08, 0x22, 0x08, 0x23, 0x08,
    0x22, 0x08, 0x23, 0x08, 0x22, 0x08, 0x23, 0x08, 0x22, 0x08, 0x23, 0x08, 0x65, 0x08, 0x65, 0x10,
    0x23, 0x08, 0x23, 0x08, 0x23, 0x08, 0x23, 0x08, 0x23, 0x08, 0x23, 0x08, 0x23, 0x08, 0x23, 0x08,
    0x23, 0x08, 0x23, 0x08, 0x23, 0x08, 0x23, 0x08, 0x23, 0x08, 0x44, 0x08, 0x86, 0x10, 0x44, 0x08,
    0x23, 0x08, 0x23, 0x08, 0x22, 0x08, 0x23, 0x08, 0x22, 0x08, 0x23, 0x08, 0x22, 0x08, 0x23, 0x08,
    0x22, 0x08, 0x23, 0x08, 0x22, 0x08, 0x23, 0x08, 0x22, 0x08, 0x44, 0x08, 0x86, 0x10, 0x43, 0x08,
    0x22, 0x00, 0x23, 0x08, 0x22, 0x00, 0x23, 0x08, 0x22, 0x00, 0x23, 0x08, 0x22, 0x00, 0x23, 0x08,
    0x22, 0x00, 0x23, 0x08, 0x22, 0x00, 0x23, 0x08, 0x22, 0x00, 0x44, 0x08, 0x65, 0x10, 0x43, 0x08,
    0x22, 0x00, 0x22, 0x08, 0x22, 0x00, 0x22, 0x00, 0x22, 0x00, 0x22, 0x00, 0x22, 0x00, 0x22, 0x00,
    0x22, 0x00, 0x22, 0x00, 0x22, 0x00, 0x22, 0x00, 0x22, 0x00, 0x44, 0x08, 0x86, 0x10, 0x43, 0x08,
    0x22, 0x00, 0x22, 0x00, 0x22, 0x00, 0x22, 0x00, 0x22, 0x00, 0x22, 0x00, 0x02, 0x00, 0x02, 0x00,
    0x02, 0x00, 0x02, 0x00, 0x02, 0x00, 0x02, 0x00, 0x02, 0x00, 0x23, 0x00, 0x65, 0x08, 0x44, 0x08,
    0x02, 0x00, 0x02, 0x00, 0x02, 0x00, 0x02, 0x00, 0x02, 0x00, 0x02, 0x00, 0x02, 0x00, 0x02, 0x00,
    0x02, 0x00, 0x02, 0x00, 0x01, 0x00, 0x02, 0x00, 0x01, 0x00, 0x02, 0x00, 0x23, 0x00, 0x65, 0x08,
    0x22, 0x00, 0x02, 0x00, 0x01, 0x00, 0x01, 0x00, 0x01, 0x00, 0x01, 0x00, 0x01, 0x00, 0x01, 0x00,
    0x01, 0x00, 0x01, 0x00, 0x01, 0x00, 0x01, 0x00, 0x01, 0x00, 0x01, 0x00, 0x01, 0x00, 0x43, 0x08,
    0x43, 0x08, 0x02, 0x00, 0x01, 0x00, 0x01, 0x00, 0x01, 0x00, 0x01, 0x00, 0x01, 0x00, 0x01, 0x00,
    0x01, 0x00, 0x01, 0x00, 0x01, 0x00, 0x01, 0x00, 0x01, 0x00, 0x01, 0x00, 0x01, 0x00, 0x01, 0x00,
    0x43, 0x08, 0x43, 0x08, 0x01, 0x00, 0x01, 0x00, 0x01, 0x00, 0x01, 0x00, 0x01, 0x00, 0x01, 0x00,
    0x01, 0x00, 0x01, 0x00, 0x01, 0x00, 0x01, 0x00, 0x01, 0x00, 0x01, 0x00, 0x01, 0x00, 0x01, 0x00,
    0x01, 0x00, 0x44, 0x08, 0x23, 0x00, 0x01, 0x00, 0x01, 0x00, 0x01, 0x00, 0x01, 0x00, 0x01, 0x00,
    0x01, 0x00, 0x01, 0x00, 0x01, 0x00, 0x01, 0x00, 0x21, 0x00, 0x01, 0x00, 0x43, 0x00, 0x64, 0x08,
    0x22, 0x00, 0x02, 0x00, 0x22, 0x00, 0x01, 0x00, 0x22, 0x00, 0x02, 0x00, 0x22, 0x00, 0x02, 0x00,
    0x22, 0x00, 0x02, 0x00, 0x22, 0x00, 0x02, 0x00, 0x44, 0x08, 0x44, 0x08, 0x22, 0x00, 0x02, 0x00,
    0x22, 0x00, 0x02, 0x00, 0x22, 0x00, 0x02, 0x00, 0x22, 0x00, 0x02, 0x00, 0x22, 0x00, 0x02, 0x00,
    0x22, 0x00, 0x22, 0x00, 0x65, 0x08, 0x44, 0x08, 0x22, 0x00, 0x22, 0x00, 0x22, 0x00, 0x02, 0x00,
    0x22, 0x00, 0x22, 0x00, 0x22, 0x00, 0x22, 0x00, 0x22, 0x00, 0x22, 0x00, 0x22, 0x00, 0x22, 0x00,
    0x65, 0x08, 0x44, 0x08, 0x22, 0x00, 0x22, 0x00, 0x22, 0x00, 0x22, 0x00, 0x22, 0x00, 0x22, 0x00,
    0x22, 0x00, 0x22, 0x00, 0x22, 0x00, 0x22, 0x00, 0x22, 0x00, 0x22, 0x00, 0x64, 0x08, 0x64, 0x08,
    0x22, 0x00, 0x22, 0x00, 0x22, 0x00, 0x22, 0x00, 0x22, 0x00, 0x22, 0x00, 0x22, 0x00, 0x22, 0x00,
    0x22, 0x00, 0x22, 0x00, 0x22, 0x00, 0x22, 0x00, 0x43, 0x08, 0x65, 0x08, 0x22, 0x00, 0x02, 0x00,
    0x22, 0x00, 0x02, 0x00, 0x02, 0x00, 0x02, 0x00, 0x02, 0x00, 0x02, 0x00, 0x02, 0x00, 0x02, 0x00,
    0x22, 0x00, 0x02, 0x00, 0x22, 0x00, 0x64, 0x08, 0x44, 0x08, 0x02, 0x00, 0x22, 0x00, 0x02, 0x00,
    0x22, 0x00, 0x22, 0x00, 0x22, 0x00, 0x22, 0x00, 0x22, 0x00, 0x22, 0x00, 0x22, 0x00, 0x22, 0x00,
    0x22, 0x00, 0x23, 0x08, 0x86, 0x10, 0x43, 0x08, 0x22, 0x00, 0x22, 0x00, 0x22, 0x00, 0x22, 0x00,
    0x22, 0x00, 0x22, 0x00, 0x22, 0x00, 0x22, 0x00, 0x22, 0x00, 0x22, 0x00, 0x22, 0x00, 0x22, 0x00,
    0x44, 0x08, 0x86, 0x10, 0x43, 0x08, 0x22, 0x00, 0x22, 0x00, 0x22, 0x00, 0x22, 0x00, 0x22, 0x00,
    0x22, 0x00, 0x22, 0x00, 0x22, 0x00, 0x22, 0x00, 0x23, 0x00, 0x22, 0x00, 0x22, 0x00, 0x44, 0x08,
    0x86, 0x10, 0x43, 0x08, 0x23, 0x08, 0x22, 0x00, 0x23, 0x08, 0x23, 0x00, 0x23, 0x08, 0x23, 0x00,
    0x23, 0x08, 0x23, 0x08, 0x23, 0x08, 0x23, 0x08, 0x23, 0x08, 0x23, 0x08, 0x44, 0x08, 0x86, 0x10,
    0x44, 0x08, 0x23, 0x08, 0x23, 0x08, 0x23, 0x08, 0x23, 0x08, 0x23, 0x08, 0x23, 0x08, 0x23, 0x08,
    0x23, 0x08, 0x23, 0x08, 0x23, 0x08, 0x23, 0x08, 0x23, 0x08, 0x23, 0x08, 0x65, 0x08, 0x65, 0x08,
    0x23, 0x08, 0x23, 0x08, 0x23, 0x08, 0x23, 0x08, 0x23, 0x08, 0x23, 0x08, 0x23, 0x08, 0x23, 0x08,
    0x23, 0x08, 0x23, 0x08, 0x23, 0x08, 0x23, 0x08, 0x23, 0x08, 0x43, 0x08, 0x86, 0x10, 0x44, 0x08,
    0x23, 0x08, 0x23, 0x08, 0x23, 0x08, 0x23, 0x08, 0x23, 0x08, 0x23, 0x08, 0x23, 0x08, 0x23, 0x08,
    0x23, 0x08, 0x23, 0x08, 0x23, 0x08, 0x23, 0x08, 0x23, 0x08, 0x44, 0x08, 0x86, 0x10, 0x43, 0x08,
    0x23, 0x08, 0x23, 0x08, 0x23, 0x08, 0x23, 0x08, 0x23, 0x08, 0x23, 0x08, 0x23, 0x08, 0x23, 0x08,
    0x23, 0x08, 0x23, 0x08, 0x23, 0x08, 0x22, 0x00, 0x23, 0x08, 0x44, 0x08, 0x86, 0x10, 0x43, 0x08,
    0x22, 0x00, 0x22, 0x00, 0x22, 0x00, 0x22, 0x00, 0x22, 0x00, 0x22, 0x00, 0x22, 0x00, 0x22, 0x00,
    0x22, 0x00, 0x22, 0x00, 0x22, 0x00, 0x22, 0x00, 0x22, 0x00, 0x44, 0x08, 0x86, 0x10, 0x43, 0x08,
    0x22, 0x00, 0x22, 0x00, 0x22, 0x00, 0x22, 0x00, 0x02, 0x00, 0x02, 0x00, 0x02, 0x00, 0x02, 0x00,
    0x02, 0x00, 0x02, 0x00, 0x02, 0x00, 0x02, 0x00, 0x02, 0x00, 0x22, 0x00, 0x65, 0x08, 0x44, 0x08,
    0x02, 0x00, 0x02, 0x00, 0x02, 0x00, 0x02, 0x00, 0x02, 0x00, 0x02, 0x00, 0x02, 0x00, 0x02, 0x00,
    0x02, 0x00, 0x02, 0x00, 0x02, 0x00, 0x02, 0x00, 0x02, 0x00, 0x02, 0x00, 0x43, 0x08, 0x65, 0x08,
    0x23, 0x00, 0x01, 0x00, 0x02, 0x00, 0x01, 0x00, 0x02, 0x00, 0x01, 0x00, 0x02, 0x00, 0x01, 0x00,
    0x02, 0x00, 0x01, 0x00, 0x01, 0x00, 0x01, 0x00, 0x01, 0x00, 0x01, 0x00, 0x01, 0x00, 0x43, 0x00,
    0x44, 0x08, 0x22, 0x00, 0x01, 0x00, 0x01, 0x00, 0x01, 0x00, 0x01, 0x00, 0x01, 0x00, 0x01, 0x00,
    0x01, 0x00, 0x01, 0x00, 0x01, 0x00, 0x01, 0x00, 0x01, 0x00, 0x01, 0x00, 0x01, 0x00, 0x01, 0x00,
    0x43, 0x08, 0x44, 0x08, 0x22, 0x00, 0x01, 0x00, 0x01, 0x00, 0x01, 0x00, 0x01, 0x00, 0x01, 0x00,
    0x01, 0x00, 0x01, 0x00, 0x01, 0x00, 0x01, 0x00, 0x01, 0x00, 0x01, 0x00, 0x01, 0x00, 0x01, 0x00,
    0x01, 0x00, 0x64, 0x08, 0x22, 0x00, 0x01, 0x00, 0x01, 0x00, 0x01, 0x00, 0x01, 0x00, 0x01, 0x00,
    0x01, 0x00, 0x01, 0x00, 0x01, 0x00, 0x21, 0x00, 0x01, 0x00, 0x21, 0x00, 0x23, 0x00, 0x64, 0x08,
    0x01, 0x00, 0x22, 0x00, 0x01, 0x00, 0x22, 0x00, 0x01, 0x00, 0x22, 0x00, 0x02, 0x00, 0x22, 0x00,
    0x01, 0x00, 0x22, 0x00, 0x02, 0x00, 0x22, 0x00, 0x44, 0x08, 0x43, 0x08, 0x02, 0x00, 0x22, 0x00,
    0x02, 0x00, 0x22, 0x00, 0x02, 0x00, 0x22, 0x00, 0x02, 0x00, 0x22, 0x00, 0x02, 0x00, 0x22, 0x00,
    0x02, 0x00, 0x22, 0x00, 0x65, 0x08, 0x43, 0x08, 0x02, 0x00, 0x22, 0x00, 0x02, 0x00, 0x22, 0x00,
    0x02, 0x00, 0x22, 0x00, 0x02, 0x00, 0x22, 0x00, 0x02, 0x00, 0x22, 0x00, 0x02, 0x00, 0x22, 0x00,
    0x65, 0x08, 0x44, 0x08, 0x02, 0x00, 0x22, 0x00, 0x02, 0x00, 0x22, 0x00, 0x22, 0x00, 0x22, 0x00,
    0x02, 0x00, 0x22, 0x00, 0x02, 0x00, 0x22, 0x00, 0x02, 0x00, 0x22, 0x00, 0x64, 0x08, 0x64, 0x08,
    0x02, 0x00, 0x22, 0x00, 0x02, 0x00, 0x22, 0x00, 0x02, 0x00, 0x22, 0x00, 0x22, 0x00, 0x22, 0x00,
    0x02, 0x00, 0x22, 0x00, 0x02, 0x00, 0x22, 0x00, 0x23, 0x08, 0x65, 0x08, 0x22, 0x00, 0x22, 0x00,
    0x02, 0x00, 0x02, 0x00, 0x02, 0x00, 0x22, 0x00, 0x02, 0x00, 0x22, 0x00, 0x02, 0x00, 0x22, 0x00,
    0x02, 0x00, 0x22, 0x00, 0x02, 0x00, 0x65, 0x08, 0x44, 0x08, 0x22, 0x00, 0x02, 0x00, 0x22, 0x00,
    0x02, 0x00, 0x22, 0x00, 0x02, 0x00, 0x22, 0x00, 0x02, 0x00, 0x22, 0x00, 0x22, 0x00, 0x22, 0x00,
    0x02, 0x00, 0x23, 0x08, 0x86, 0x10, 0x43, 0x08, 0x22, 0x00, 0x22, 0x00, 0x22, 0x00, 0x22, 0x00,
    0x22, 0x00, 0x22, 0x00, 0x22, 0x00, 0x22, 0x00, 0x22, 0x00, 0x22, 0x00, 0x22, 0x00, 0x22, 0x08,
    0x44, 0x08, 0x86, 0x10, 0x23, 0x08, 0x23, 0x00, 0x22, 0x00, 0x22, 0x00, 0x22, 0x00, 0x23, 0x08,
    0x22, 0x00, 0x23, 0x00, 0x22, 0x00, 0x23, 0x08, 0x22, 0x00, 0x23, 0x08, 0x22, 0x00, 0x44, 0x08,
    0x86, 0x10, 0x44, 0x08, 0x22, 0x00, 0x23, 0x08, 0x22, 0x00, 0x23, 0x08, 0x23, 0x00, 0x23, 0x08,
    0x23, 0x00, 0x23, 0x08, 0x23, 0x08, 0x23, 0x08, 0x23, 0x00, 0x23, 0x08, 0x43, 0x08, 0x86, 0x10,
    0x44, 0x08, 0x23, 0x08, 0x23, 0x08, 0x23, 0x08, 0x23, 0x08, 0x23, 0x08, 0x23, 0x08, 0x23, 0x08,
    0x23, 0x08, 0x23, 0x08, 0x23, 0x08, 0x23, 0x08, 0x23, 0x08, 0x23, 0x08, 0x65, 0x08, 0x65, 0x10,
    0x23, 0x08, 0x23, 0x08, 0x23, 0x08, 0x23, 0x08, 0x23, 0x08, 0x23, 0x08, 0x23, 0x08, 0x23, 0x08,
    0x23, 0x08, 0x23, 0x08, 0x23, 0x08, 0x23, 0x08, 0x23, 0x08, 0x44, 0x08, 0x86, 0x10, 0x64, 0x08,
    0x23, 0x08, 0x23, 0x08, 0x23, 0x08, 0x23, 0x08, 0x23, 0x08, 0x23, 0x08, 0x23, 0x08, 0x23, 0x08,
    0x23, 0x08, 0x23, 0x08, 0x23, 0x08, 0x23, 0x08, 0x23, 0x08, 0x44, 0x08, 0x86, 0x10, 0x44, 0x08,
    0x23, 0x08, 0x23, 0x08, 0x23, 0x08, 0x23, 0x08, 0x23, 0x00, 0x23, 0x08, 0x23, 0x08, 0x23, 0x08,
    0x23, 0x00, 0x23, 0x08, 0x23, 0x00, 0x23, 0x08, 0x22, 0x00, 0x44, 0x08, 0x86, 0x10, 0x44, 0x08,
    0x22, 0x00, 0x23, 0x08, 0x22, 0x00, 0x23, 0x08, 0x22, 0x00, 0x22, 0x00, 0x22, 0x00, 0x23, 0x08,
    0x22, 0x00, 0x22, 0x00, 0x22, 0x00, 0x22, 0x00, 0x22, 0x00, 0x43, 0x08, 0x86, 0x10, 0x44, 0x08,
    0x02, 0x00, 0x22, 0x00, 0x02, 0x00, 0x22, 0x00, 0x02, 0x00, 0x22, 0x00, 0x02, 0x00, 0x22, 0x00,
    0x02, 0x00, 0x02, 0x00, 0x02, 0x00, 0x22, 0x00, 0x02, 0x00, 0x22, 0x00, 0x64, 0x08, 0x44, 0x08,
    0x02, 0x00, 0x02, 0x00, 0x02, 0x00, 0x02, 0x00, 0x02, 0x00, 0x02, 0x00, 0x02, 0x00, 0x02, 0x00,
    0x02, 0x00, 0x02, 0x00, 0x02, 0x00, 0x02, 0x00, 0x01, 0x00, 0x02, 0x00, 0x23, 0x00, 0x65, 0x08,
    0x23, 0x00, 0x02, 0x00, 0x01, 0x00, 0x02, 0x00, 0x01, 0x00, 0x02, 0x00, 0x01, 0x00, 0x02, 0x00,
    0x01, 0x00, 0x02, 0x00, 0x01, 0x00, 0x01, 0x00, 0x01, 0x00, 0x01, 0x00, 0x01, 0x00, 0x23, 0x00,
    0x64, 0x08, 0x22, 0x00, 0x01, 0x00, 0x01, 0x00, 0x01, 0x00, 0x01, 0x00, 0x01, 0x00, 0x01, 0x00,
    0x01, 0x00, 0x01, 0x00, 0x01, 0x00, 0x01, 0x00, 0x01, 0x00, 0x01, 0x00, 0x01, 0x00, 0x01, 0x00,
    0x22, 0x00, 0x44, 0x08, 0x22, 0x00, 0x01, 0x00, 0x01, 0x00, 0x01, 0x00, 0x01, 0x00, 0x01, 0x00,
    0x01, 0x00, 0x01, 0x00, 0x01, 0x00, 0x01, 0x00, 0x01, 0x00, 0x01, 0x00, 0x01, 0x00, 0x01, 0x00,
    0x22, 0x00, 0x44, 0x08, 0x21, 0x00, 0x01, 0x00, 0x01, 0x00, 0x01, 0x00, 0x01, 0x00, 0x01, 0x00,
    0x01, 0x00, 0x01, 0x00, 0x01, 0x00, 0x01, 0x00, 0x01, 0x00, 0x01, 0x00, 0x43, 0x08, 0x43, 0x08,
    0x01, 0x00, 0x01, 0x00, 0x21, 0x00, 0x01, 0x00, 0x21, 0x00, 0x01, 0x00, 0x22, 0x00, 0x02, 0x00,
    0x02, 0x00, 0x01, 0x00, 0x22, 0x00, 0x01, 0x00, 0x64, 0x08, 0x43, 0x08, 0x22, 0x00, 0x21, 0x00,
    0x21, 0x00, 0x01, 0x00, 0x22, 0x00, 0x21, 0x00, 0x21, 0x00, 0x01, 0x00, 0x22, 0x00, 0x22, 0x00,
    0x22, 0x00, 0x22, 0x00, 0x65, 0x08, 0x43, 0x00, 0x22, 0x00, 0x02, 0x00, 0x22, 0x00, 0x22, 0x00,
    0x22, 0x00, 0x02, 0x00, 0x22, 0x00, 0x22, 0x00, 0x22, 0x00, 0x02, 0x00, 0x22, 0x00, 0x22, 0x00,
    0x65, 0x08, 0x43, 0x00, 0x22, 0x00, 0x22, 0x00, 0x22, 0x00, 0x02, 0x00, 0x22, 0x00, 0x22, 0x00,
    0x22, 0x00, 0x02, 0x00, 0x22, 0x00, 0x22, 0x00, 0x22, 0x00, 0x22, 0x00, 0x64, 0x08, 0x44, 0x08,
    0x22, 0x00, 0x22, 0x00, 0x22, 0x00, 0x22, 0x00, 0x22, 0x00, 0x22, 0x00, 0x22, 0x00, 0x22, 0x00,
    0x22, 0x00, 0x02, 0x00, 0x22, 0x00, 0x02, 0x00, 0x43, 0x08, 0x65, 0x08, 0x22, 0x00, 0x02, 0x00,
    0x02, 0x00, 0x02, 0x00, 0x02, 0x00, 0x02, 0x00, 0x02, 0x00, 0x02, 0x00, 0x22, 0x00, 0x02, 0x00,
    0x02, 0x00, 0x02, 0x00, 0x22, 0x00, 0x65, 0x08, 0x43, 0x08, 0x02, 0x00, 0x22, 0x00, 0x22, 0x00,
    0x22, 0x00, 0x22, 0x00, 0x22, 0x00, 0x22, 0x00, 0x22, 0x00, 0x22, 0x00, 0x22, 0x00, 0x22, 0x00,
    0x22, 0x00, 0x43, 0x08, 0x86, 0x10, 0x23, 0x08, 0x22, 0x00, 0x22, 0x00, 0x22, 0x00, 0x22, 0x00,
    0x22, 0x00, 0x22, 0x00, 0x22, 0x00, 0x22, 0x00, 0x22, 0x00, 0x22, 0x00, 0x22, 0x00, 0x22, 0x00,
    0x44, 0x08, 0x65, 0x10, 0x43, 0x08, 0x22, 0x00, 0x22, 0x00, 0x22, 0x00, 0x22, 0x00, 0x22, 0x00,
    0x22, 0x00, 0x22, 0x00, 0x22, 0x00, 0x22, 0x00, 0x22, 0x00, 0x22, 0x00, 0x22, 0x08, 0x44, 0x08,
    0x86, 0x10, 0x43, 0x08, 0x22, 0x08, 0x22, 0x08, 0x22, 0x08, 0x22, 0x08, 0x23, 0x08, 0x22, 0x08,
    0x22, 0x08, 0x22, 0x08, 0x23, 0x08, 0x22, 0x08, 0x23, 0x08, 0x22, 0x08, 0x43, 0x08, 0x86, 0x10,
    0x44, 0x08, 0x23, 0x08, 0x23, 0x08, 0x23, 0x08, 0x23, 0x08, 0x23, 0x08, 0x23, 0x08, 0x23, 0x08,
    0x23, 0x08, 0x23, 0x08, 0x23, 0x08, 0x23, 0x08, 0x23, 0x08, 0x23, 0x08, 0x65, 0x10, 0x65, 0x08,
    0x23, 0x08, 0x23, 0x08, 0x23, 0x08, 0x23, 0x08, 0x23, 0x08, 0x23, 0x08, 0x23, 0x08, 0x23, 0x08,
    0x23, 0x08, 0x23, 0x08, 0x23, 0x08, 0x23, 0x08, 0x23, 0x08, 0x43, 0x08, 0x86, 0x10, 0x44, 0x08,
    0x23, 0x08, 0x23, 0x08, 0x23, 0x08, 0x23, 0x08, 0x23, 0x08, 0x23, 0x08, 0x23, 0x08, 0x23, 0x08,
    0x23, 0x08, 0x23, 0x08, 0x23, 0x08, 0x23, 0x08, 0x23, 0x08, 0x44, 0x08, 0x86, 0x10, 0x44, 0x08,
    0x23, 0x08, 0x22, 0x08, 0x23, 0x08, 0x23, 0x08, 0x23, 0x08, 0x22, 0x08, 0x23, 0x08, 0x22, 0x08,
    0x22, 0x08, 0x22, 0x08, 0x22, 0x08, 0x22, 0x08, 0x22, 0x08, 0x44, 0x08, 0x86, 0x10, 0x44, 0x08,
    0x22, 0x00, 0x22, 0x00, 0x22, 0x08, 0x22, 0x00, 0x22, 0x00, 0x22, 0x00, 0x22, 0x00, 0x22, 0x00,
    0x22, 0x00, 0x22, 0x00, 0x22, 0x00, 0x22, 0x00, 0x22, 0x00, 0x23, 0x08, 0x85, 0x10, 0x44, 0x08,
    0x02, 0x00, 0x02, 0x00, 0x22, 0x00, 0x02, 0x00, 0x02, 0x00, 0x02, 0x00, 0x22, 0x00, 0x02, 0x00,
    0x02, 0x00, 0x02, 0x00, 0x02, 0x00, 0x02, 0x00, 0x02, 0x00, 0x02, 0x00, 0x44, 0x08, 0x64, 0x08,
    0x02, 0x00, 0x02, 0x00, 0x02, 0x00, 0x02, 0x00, 0x02, 0x00, 0x02, 0x00, 0x02, 0x00, 0x02, 0x00,
    0x01, 0x00, 0x01, 0x00, 0x02, 0x00, 0x01, 0x00, 0x01, 0x00, 0x01, 0x00, 0x22, 0x00, 0x65, 0x08,
    0x23, 0x08, 0x01, 0x00, 0x01, 0x00, 0x01, 0x00, 0x01, 0x00, 0x01, 0x00, 0x01, 0x00, 0x01, 0x00,
    0x01, 0x00, 0x01, 0x00, 0x01, 0x00, 0x01, 0x00, 0x01, 0x00, 0x01, 0x00, 0x01, 0x00, 0x22, 0x00,
    0x64, 0x08, 0x22, 0x00, 0x01, 0x00, 0x01, 0x00, 0x01, 0x00, 0x01, 0x00, 0x01, 0x00, 0x01, 0x00,
    0x01, 0x00, 0x01, 0x00, 0x01, 0x00, 0x01, 0x00, 0x01, 0x00, 0x01, 0x00, 0x01, 0x00, 0x01, 0x00,
    0x22, 0x00, 0x44, 0x08, 0x22, 0x00, 0x01, 0x00, 0x01, 0x00, 0x01, 0x00, 0x01, 0x00, 0x01, 0x00,
    0x01, 0x00, 0x01, 0x00, 0x01, 0x00, 0x01, 0x00, 0x01, 0x00, 0x01, 0x00, 0x01, 0x00, 0x01, 0x00,
    0x22, 0x00, 0x44, 0x08, 0x01, 0x00, 0x01, 0x00, 0x01, 0x00, 0x01, 0x00, 0x01, 0x00, 0x01, 0x00,
    0x01, 0x00, 0x01, 0x00, 0x01, 0x00, 0x01, 0x00, 0x01, 0x00, 0x01, 0x00, 0x43, 0x00, 0x43, 0x08,
    0x01, 0x00, 0x01, 0x00, 0x01, 0x00, 0x21, 0x00, 0x01, 0x00, 0x21, 0x00, 0x01, 0x00, 0x22, 0x00,
    0x01, 0x00, 0x22, 0x00, 0x01, 0x00, 0x22, 0x00, 0x64, 0x08, 0x43, 0x00, 0x01, 0x00, 0x22, 0x00,
    0x01, 0x00, 0x22, 0x00, 0x01, 0x00, 0x22, 0x00, 0x02, 0x00, 0x22, 0x00, 0x02, 0x00, 0x22, 0x00,
    0x02, 0x00, 0x23, 0x00, 0x65, 0x08, 0x23, 0x00, 0x02, 0x00, 0x22, 0x00, 0x02, 0x00, 0x22, 0x00,
    0x02, 0x00, 0x22, 0x00, 0x02, 0x00, 0x22, 0x00, 0x02, 0x00, 0x22, 0x00, 0x02, 0x00, 0x23, 0x00,
    0x65, 0x08, 0x43, 0x00, 0x02, 0x00, 0x22, 0x00, 0x02, 0x00, 0x22, 0x00, 0x02, 0x00, 0x22, 0x00,
    0x02, 0x00, 0x22, 0x00, 0x02, 0x00, 0x22, 0x00, 0x02, 0x00, 0x22, 0x00, 0x65, 0x08, 0x44, 0x08,
    0x02, 0x00, 0x22, 0x00, 0x02, 0x00, 0x22, 0x00, 0x02, 0x00, 0x22, 0x00, 0x02, 0x00, 0x22, 0x00,
    0x01, 0x00, 0x22, 0x00, 0x01, 0x00, 0x02, 0x00, 0x43, 0x08, 0x64, 0x08, 0x02, 0x00, 0x22, 0x00,
    0x02, 0x00, 0x22, 0x00, 0x02, 0x00, 0x22, 0x00, 0x02, 0x00, 0x22, 0x00, 0x02, 0x00, 0x22, 0x00,
    0x02, 0x00, 0x22, 0x00, 0x02, 0x00, 0x65, 0x08, 0x43, 0x08, 0x22, 0x00, 0x02, 0x00, 0x22, 0x00,
    0x02, 0x00, 0x22, 0x00, 0x02, 0x00, 0x22, 0x00, 0x22, 0x00, 0x22, 0x00, 0x22, 0x00, 0x22, 0x00,
    0x22, 0x00, 0x43, 0x08, 0x85, 0x08, 0x23, 0x08, 0x22, 0x00, 0x22, 0x00, 0x22, 0x00, 0x22, 0x00,
    0x22, 0x00, 0x22, 0x00, 0x22, 0x00, 0x22, 0x00, 0x22, 0x00, 0x22, 0x00, 0x22, 0x00, 0x22, 0x00,
    0x44, 0x08, 0x86, 0x10, 0x23, 0x08, 0x22, 0x00, 0x22, 0x00, 0x22, 0x00, 0x22, 0x00, 0x22, 0x08,
    0x22, 0x00, 0x23, 0x08, 0x22, 0x00, 0x23, 0x08, 0x22, 0x00, 0x23, 0x08, 0x22, 0x00, 0x44, 0x08,
    0x86, 0x10, 0x44, 0x08, 0x23, 0x00, 0x23, 0x08, 0x23, 0x00, 0x23, 0x08, 0x23, 0x08, 0x23, 0x08,
    0x23, 0x08, 0x23, 0x08, 0x23, 0x08, 0x23, 0x08, 0x23, 0x08, 0x23, 0x08, 0x43, 0x08, 0x86, 0x10,
    0x44, 0x08, 0x23, 0x08, 0x23, 0x08, 0x23, 0x08, 0x23, 0x08, 0x23, 0x08, 0x23, 0x08, 0x23, 0x08,
    0x23, 0x08, 0x23, 0x08, 0x23, 0x08, 0x23, 0x08, 0x23, 0x08, 0x23, 0x08, 0x65, 0x08, 0x65, 0x08,
    0x23, 0x08, 0x23, 0x08, 0x23, 0x08, 0x23, 0x08, 0x23, 0x08, 0x23, 0x08, 0x23, 0x08, 0x23, 0x08,
    0x23, 0x08, 0x23, 0x08, 0x23, 0x08, 0x23, 0x08, 0x23, 0x08, 0x44, 0x08, 0x86, 0x10, 0x64, 0x08,
    0x23, 0x08, 0x23, 0x08, 0x23, 0x08, 0x23, 0x08, 0x23, 0x08, 0x23, 0x08, 0x23, 0x08, 0x23, 0x08,
    0x23, 0x08, 0x23, 0x08, 0x23, 0x08, 0x23, 0x08, 0x23, 0x08, 0x44, 0x08, 0x86, 0x10, 0x44, 0x08,
    0x23, 0x08, 0x23, 0x08, 0x23, 0x08, 0x23, 0x08, 0x23, 0x08, 0x23, 0x08, 0x23, 0x08, 0x23, 0x08,
    0x23, 0x08, 0x23, 0x08, 0x23, 0x00, 0x23, 0x08, 0x23, 0x00, 0x44, 0x08, 0x86, 0x10, 0x44, 0x08,
    0x22, 0x00, 0x23, 0x08, 0x22, 0x00, 0x23, 0x08, 0x22, 0x00, 0x23, 0x08, 0x22, 0x00, 0x22, 0x08,
    0x22, 0x00, 0x22, 0x08, 0x22, 0x00, 0x22, 0x00, 0x22, 0x00, 0x43, 0x08, 0x65, 0x08, 0x44, 0x08,
    0x02, 0x00, 0x22, 0x00, 0x02, 0x00, 0x22, 0x00, 0x02, 0x00, 0x22, 0x00, 0x02, 0x00, 0x22, 0x00,
    0x02, 0x00, 0x22, 0x00, 0x02, 0x00, 0x02, 0x00, 0x02, 0x00, 0x22, 0x00, 0x44, 0x08, 0x65, 0x08,
    0x22, 0x00, 0x02, 0x00, 0x02, 0x00, 0x02, 0x00, 0x02, 0x00, 0x02, 0x00, 0x02, 0x00, 0x02, 0x00,
    0x02, 0x00, 0x02, 0x00, 0x02, 0x00, 0x02, 0x00, 0x02, 0x00, 0x02, 0x00, 0x22, 0x00, 0x65, 0x08,
    0x43, 0x08, 0x02, 0x00, 0x01, 0x00, 0x02, 0x00, 0x01, 0x00, 0x02, 0x00, 0x01, 0x00, 0x02, 0x00,
    0x01, 0x00, 0x02, 0x00, 0x01, 0x00, 0x01, 0x00, 0x01, 0x00, 0x01, 0x00, 0x01, 0x00, 0x22, 0x00,
    0x64, 0x08, 0x23, 0x00, 0x01, 0x00, 0x01, 0x00, 0x01, 0x00, 0x01, 0x00, 0x01, 0x00, 0x01, 0x00,
    0x01, 0x00, 0x01, 0x00, 0x01, 0x00, 0x01, 0x00, 0x01, 0x00, 0x01, 0x00, 0x01, 0x00, 0x01, 0x00,
    0x22, 0x00, 0x64, 0x08, 0x22, 0x00, 0x01, 0x00, 0x01, 0x00, 0x01, 0x00, 0x01, 0x00, 0x01, 0x00,
    0x01, 0x00, 0x01, 0x00, 0x01, 0x00, 0x01, 0x00, 0x01, 0x00, 0x01, 0x00, 0x01, 0x00, 0x01, 0x00,
    0x23, 0x00, 0x44, 0x08, 0x01, 0x00, 0x01, 0x00, 0x01, 0x00, 0x01, 0x00, 0x02, 0x00, 0x02, 0x00,
    0x02, 0x00, 0x02, 0x00, 0x22, 0x00, 0x02, 0x00, 0x22, 0x00, 0x22, 0x00, 0x64, 0x08, 0x43, 0x00,
    0x22, 0x00, 0x22, 0x00, 0x22, 0x00, 0x22, 0x00, 0x22, 0x00, 0x22, 0x00, 0x22, 0x00, 0x22, 0x00,
    0x22, 0x00, 0x22, 0x00, 0x22, 0x00, 0x23, 0x00, 0x85, 0x08, 0x23, 0x00, 0x22, 0x00, 0x22, 0x00,
    0x22, 0x00, 0x22, 0x00, 0x22, 0x00, 0x22, 0x00, 0x22, 0x00, 0x22, 0x00, 0x22, 0x00, 0x22, 0x00,
    0x22, 0x00, 0x23, 0x08, 0x85, 0x08, 0x23, 0x00, 0x22, 0x00, 0x22, 0x00, 0x22, 0x00, 0x22, 0x00,
    0x22, 0x00, 0x22, 0x00, 0x22, 0x00, 0x22, 0x00, 0x22, 0x00, 0x22, 0x00, 0x22, 0x00, 0x43, 0x00,
    0x86, 0x08, 0x43, 0x00, 0x22, 0x00, 0x22, 0x00, 0x22, 0x00, 0x22, 0x00, 0x22, 0x00, 0x22, 0x00,
    0x22, 0x00, 0x22, 0x00, 0x22, 0x00, 0x22, 0x00, 0x22, 0x00, 0x23, 0x00, 0x85, 0x08, 0x44, 0x08,
    0x22, 0x00, 0x22, 0x00, 0x22, 0x00, 0x22, 0x00, 0x22, 0x00, 0x22, 0x00, 0x22, 0x00, 0x22, 0x00,
    0x22, 0x00, 0x22, 0x00, 0x22, 0x00, 0x22, 0x00, 0x64, 0x08, 0x65, 0x08, 0x22, 0x00, 0x22, 0x00,
    0x22, 0x00, 0x22, 0x00, 0x22, 0x00, 0x22, 0x00, 0x22, 0x00, 0x22, 0x00, 0x22, 0x00, 0x22, 0x00,
    0x22, 0x00, 0x22, 0x00, 0x43, 0x08, 0x66, 0x10, 0x44, 0x08, 0x22, 0x00, 0x23, 0x00, 0x23, 0x00,
    0x23, 0x08, 0x23, 0x00, 0x23, 0x08, 0x23, 0x00, 0x23, 0x08, 0x23, 0x08, 0x23, 0x08, 0x23, 0x08,
    0x23, 0x08, 0x44, 0x08, 0x86, 0x10, 0x43, 0x08, 0x23, 0x08, 0x23, 0x08, 0x23, 0x08, 0x23, 0x08,
    0x23, 0x08, 0x23, 0x08, 0x23, 0x08, 0x23, 0x08, 0x43, 0x08, 0x23, 0x08, 0x43, 0x08, 0x23, 0x08,
    0x64, 0x08, 0x86, 0x10, 0x44, 0x08, 0x23, 0x08, 0x43, 0x08, 0x43, 0x08, 0x43, 0x08, 0x43, 0x08,
    0x43, 0x08, 0x43, 0x08, 0x43, 0x08, 0x43, 0x08, 0x43, 0x08, 0x43, 0x08, 0x43, 0x08, 0x64, 0x08,
    0x86, 0x10, 0x44, 0x08, 0x43, 0x08, 0x43, 0x08, 0x43, 0x08, 0x43, 0x08, 0x43, 0x08, 0x43, 0x08,
    0x43, 0x08, 0x43, 0x08, 0x43, 0x08, 0x43, 0x08, 0x43, 0x08, 0x43, 0x08, 0x44, 0x08, 0x86, 0x10,
    0x65, 0x08, 0x43, 0x08, 0x43, 0x08, 0x43, 0x08, 0x44, 0x08, 0x43, 0x08, 0x44, 0x08, 0x43, 0x08,
    0x44, 0x08, 0x44, 0x08, 0x44, 0x08, 0x44, 0x08, 0x44, 0x08, 0x44, 0x08, 0x65, 0x08, 0x86, 0x10,
    0x44, 0x08, 0x44, 0x08, 0x44, 0x08, 0x44, 0x08, 0x44, 0x08, 0x44, 0x08, 0x44, 0x08, 0x44, 0x08,
    0x44, 0x08, 0x44, 0x08, 0x44, 0x08, 0x44, 0x08, 0x44, 0x08, 0x44, 0x08, 0x86, 0x10, 0x65, 0x10,
    0x44, 0x08, 0x44, 0x08, 0x44, 0x08, 0x44, 0x08, 0x44, 0x08, 0x44, 0x08, 0x44, 0x08, 0x44, 0x08,
    0x44, 0x08, 0x44, 0x08, 0x44, 0x08, 0x44, 0x08, 0x44, 0x08, 0x44, 0x08, 0x87, 0x10, 0x65, 0x08,
    0x44, 0x08, 0x44, 0x08, 0x44, 0x08, 0x44, 0x08, 0x44, 0x08, 0x44, 0x08, 0x44, 0x08, 0x44, 0x08,
    0x44, 0x08, 0x43, 0x08, 0x43, 0x08, 0x43, 0x08, 0x43, 0x08, 0x44, 0x08, 0x86, 0x10, 0x65, 0x08,
    0x43, 0x08, 0x43, 0x08, 0x43, 0x08, 0x43, 0x08, 0x43, 0x08, 0x43, 0x08, 0x43, 0x08, 0x43, 0x08,
    0x43, 0x08, 0x43, 0x08, 0x43, 0x08, 0x23, 0x08, 0x23, 0x08, 0x43, 0x08, 0x86, 0x08, 0x65, 0x08,
    0x23, 0x08, 0x23, 0x08, 0x23, 0x08, 0x23, 0x08, 0x23, 0x08, 0x23, 0x08, 0x23, 0x08, 0x23, 0x08,
    0x23, 0x08, 0x23, 0x08, 0x23, 0x08, 0x23, 0x08, 0x23, 0x08, 0x23, 0x08, 0x64, 0x08, 0x65, 0x10,
    0x43, 0x08, 0x23, 0x08, 0x23, 0x08, 0x23, 0x08, 0x23, 0x08, 0x23, 0x08, 0x23, 0x08, 0x23, 0x00,
    0x23, 0x08, 0x22, 0x00, 0x22, 0x00, 0x22, 0x00, 0x22, 0x00, 0x22, 0x00, 0x23, 0x00, 0x65, 0x08,
    0x64, 0x08, 0x22, 0x00, 0x22, 0x00, 0x22, 0x00, 0x22, 0x00, 0x22, 0x00, 0x22, 0x00, 0x22, 0x00,
    0x22, 0x00, 0x22, 0x00, 0x22, 0x00, 0x22, 0x00, 0x22, 0x00, 0x22, 0x00, 0x22, 0x00, 0x23, 0x00,
    0x65, 0x08, 0x43, 0x08, 0x22, 0x00, 0x22, 0x00, 0x22, 0x00, 0x22, 0x00, 0x22, 0x00, 0x22, 0x00,
    0x22, 0x00, 0x22, 0x00, 0x22, 0x00, 0x22, 0x00, 0x22, 0x00, 0x22, 0x00, 0x22, 0x00, 0x22, 0x00,
    0x23, 0x00, 0x64, 0x08, 0x43, 0x08, 0x22, 0x00, 0x22, 0x00, 0x22, 0x00, 0x22, 0x00, 0x02, 0x00,
    0x43, 0x08, 0x43, 0x08, 0x43, 0x08, 0x44, 0x08, 0x43, 0x08, 0x44, 0x08, 0x43, 0x08, 0x44, 0x08,
    0x65, 0x08, 0x65, 0x08, 0x43, 0x08, 0x44, 0x08, 0x43, 0x08, 0x44, 0x08, 0x44, 0x08, 0x44, 0x08,
    0x43, 0x08, 0x44, 0x08, 0x44, 0x08, 0x64, 0x08, 0x44, 0x08, 0x64, 0x08, 0x86, 0x08, 0x65, 0x08,
    0x44, 0x08, 0x64, 0x08, 0x44, 0x08, 0x64, 0x08, 0x44, 0x08, 0x64, 0x08, 0x64, 0x08, 0x64, 0x08,
    0x44, 0x08, 0x64, 0x08, 0x64, 0x08, 0x65, 0x08, 0xa6, 0x10, 0x65, 0x08, 0x64, 0x08, 0x64, 0x08,
    0x64, 0x08, 0x64, 0x08, 0x64, 0x08, 0x65, 0x08, 0x64, 0x08, 0x64, 0x08, 0x64, 0x08, 0x65, 0x08,
    0x64, 0x08, 0x85, 0x08, 0xa7, 0x10, 0x65, 0x08, 0x64, 0x08, 0x65, 0x08, 0x64, 0x08, 0x65, 0x08,
    0x64, 0x08, 0x65, 0x08, 0x64, 0x08, 0x65, 0x08, 0x64, 0x08, 0x65, 0x08, 0x65, 0x08, 0x86, 0x10,
    0xa7, 0x10, 0x65, 0x08, 0x65, 0x08, 0x65, 0x08, 0x65, 0x08, 0x65, 0x08, 0x65, 0x08, 0x65, 0x08,
    0x65, 0x08, 0x65, 0x08, 0x65, 0x08, 0x65, 0x08, 0x65, 0x08, 0x65, 0x08, 0xa7, 0x10, 0x86, 0x10,
    0x65, 0x08, 0x65, 0x08, 0x65, 0x08, 0x65, 0x08, 0x65, 0x08, 0x65, 0x08, 0x65, 0x08, 0x65, 0x08,
    0x65, 0x08, 0x65, 0x08, 0x65, 0x08, 0x65, 0x08, 0x86, 0x10, 0xa7, 0x10, 0x65, 0x08, 0x65, 0x08,
    0x65, 0x08, 0x65, 0x08, 0x65, 0x08, 0x65, 0x08, 0x65, 0x08, 0x65, 0x08, 0x65, 0x08, 0x65, 0x08,
    0x65, 0x08, 0x65, 0x08, 0x65, 0x08, 0xa8, 0x10, 0x86, 0x10, 0x65, 0x10, 0x65, 0x08, 0x65, 0x10,
    0x65, 0x08, 0x65, 0x08, 0x65, 0x08, 0x65, 0x08, 0x65, 0x08, 0x65, 0x10, 0x65, 0x08, 0x85, 0x10,
    0x65, 0x08, 0x86, 0x10, 0xa8, 0x10, 0x86, 0x10, 0x65, 0x08, 0x85, 0x10, 0x65, 0x08, 0x85, 0x10,
    0x65, 0x08, 0x85, 0x10, 0x65, 0x10, 0x85, 0x10, 0x65, 0x08, 0x85, 0x10, 0x65, 0x10, 0x85, 0x10,
    0x86, 0x10, 0xa8, 0x10, 0x86, 0x10, 0x85, 0x10, 0x65, 0x08, 0x85, 0x10, 0x65, 0x10, 0x86, 0x10,
    0x65, 0x10, 0x86, 0x10, 0x85, 0x10, 0x86, 0x10, 0x65, 0x08, 0x86, 0x10, 0x86, 0x10, 0x87, 0x10,
    0xc8, 0x10, 0x86, 0x10, 0x86, 0x10, 0x86, 0x10, 0x86, 0x10, 0x86, 0x10, 0x86, 0x10, 0x86, 0x10,
    0x86, 0x10, 0x86, 0x10, 0x86, 0x10, 0x86, 0x10, 0x86, 0x10, 0x86, 0x10, 0x86, 0x10, 0xc8, 0x10,
    0x87, 0x10, 0x86, 0x10, 0x86, 0x10, 0x86, 0x10, 0x86, 0x10, 0x86, 0x10, 0x86, 0x10, 0x86, 0x10,
    0x86, 0x10, 0x86, 0x10, 0x86, 0x10, 0x86, 0x10, 0x86, 0x10, 0x86, 0x10, 0xa7, 0x10, 0xa8, 0x10,
    0x86, 0x10, 0x86, 0x10, 0x86, 0x10, 0x86, 0x10, 0x86, 0x10, 0x86, 0x10, 0x86, 0x10, 0x86, 0x10,
    0x86, 0x10, 0x86, 0x10, 0x86, 0x10, 0x86, 0x10, 0x86, 0x10, 0x86, 0x10, 0xa8, 0x10, 0xa7, 0x10,
    0x86, 0x10, 0x86, 0x10, 0x86, 0x10, 0x86, 0x10, 0x86, 0x10, 0x86, 0x10, 0x86, 0x10, 0x86, 0x10,
    0x86, 0x10, 0x86, 0x10, 0x86, 0x10, 0x86, 0x10, 0x86, 0x10, 0x86, 0x10, 0xc8, 0x10, 0x87, 0x10,
    0x86, 0x10, 0x86, 0x10, 0x86, 0x10, 0x86, 0x10, 0x86, 0x10, 0x86, 0x10, 0x86, 0x10, 0x86, 0x10,
    0x85, 0x10, 0x86, 0x10, 0x86, 0x10, 0x86, 0x10, 0x65, 0x10, 0x86, 0x10, 0xa8, 0x10, 0x87, 0x10,
    0x85, 0x10, 0x86, 0x10, 0x85, 0x10, 0x86, 0x10, 0x65, 0x08, 0x86, 0x10, 0x85, 0x10, 0x86, 0x10,
    0x65, 0x10, 0x65, 0x10, 0x65, 0x08, 0x65, 0x10, 0x65, 0x08, 0x85, 0x08, 0xa7, 0x10, 0x87, 0x10,
    0x65, 0x08, 0x65, 0x10, 0x65, 0x08, 0x65, 0x08, 0x65, 0x08, 0x65, 0x10, 0x65, 0x08, 0x65, 0x10,
    0x65, 0x08, 0x65, 0x08, 0x65, 0x08, 0x65, 0x10, 0x65, 0x08, 0x65, 0x08, 0x86, 0x10, 0xa7, 0x10,
    0x65, 0x08, 0x65, 0x08, 0x65, 0x08, 0x65, 0x08, 0x65, 0x08, 0x65, 0x08, 0x65, 0x08, 0x65, 0x08,
    0x44, 0x08, 0x65, 0x08, 0x64, 0x08, 0x65, 0x08, 0x44, 0x08, 0x64, 0x08, 0x64, 0x08, 0x86, 0x10,
    0x86, 0x10, 0x64, 0x08, 0x64, 0x08, 0x64, 0x08, 0x44, 0x08, 0x64, 0x08, 0x44, 0x08, 0x64, 0x08,
    0x44, 0x08, 0x64, 0x08, 0x44, 0x08, 0x64, 0x08, 0x44, 0x08, 0x64, 0x08, 0x44, 0x08, 0x64, 0x08,
    0x86, 0x08, 0x85, 0x08, 0x44, 0x08, 0x44, 0x08, 0x44, 0x08, 0x44, 0x08, 0x44, 0x08, 0x44, 0x08,
    0x44, 0x08, 0x44, 0x08, 0x44, 0x08, 0x44, 0x08, 0x44, 0x08, 0x44, 0x08, 0x44, 0x08, 0x44, 0x08,
    0x44, 0x08, 0x85, 0x08, 0x65, 0x08, 0x44, 0x08, 0x44, 0x08, 0x44, 0x08, 0x44, 0x08, 0x44, 0x08,
    0x22, 0x00, 0x22, 0x00, 0x22, 0x00, 0x22, 0x00, 0x22, 0x00, 0x22, 0x00, 0x22, 0x00, 0x22, 0x00,
    0x44, 0x08, 0x44, 0x08, 0x22, 0x00, 0x22, 0x00, 0x22, 0x00, 0x22, 0x00, 0x22, 0x00, 0x22, 0x00,
    0x22, 0x00, 0x22, 0x00, 0x22, 0x00, 0x22, 0x00, 0x22, 0x00, 0x23, 0x00, 0x85, 0x08, 0x43, 0x08,
    0x23, 0x00, 0x23, 0x00, 0x23, 0x00, 0x23, 0x00, 0x23, 0x00, 0x23, 0x00, 0x23, 0x00, 0x23, 0x00,
    0x23, 0x00, 0x23, 0x00, 0x23, 0x00, 0x44, 0x08, 0x65, 0x08, 0x43, 0x00, 0x43, 0x08, 0x23, 0x08,
    0x43, 0x08, 0x23, 0x00, 0x43, 0x08, 0x23, 0x08, 0x43, 0x08, 0x23, 0x00, 0x43, 0x08, 0x23, 0x08,
    0x43, 0x08, 0x44, 0x08, 0x86, 0x08, 0x43, 0x08, 0x43, 0x08, 0x23, 0x00, 0x43, 0x08, 0x43, 0x08,
    0x43, 0x08, 0x23, 0x00, 0x43, 0x08, 0x43, 0x08, 0x43, 0x08, 0x23, 0x00, 0x43, 0x08, 0x64, 0x08,
    0x86, 0x08, 0x43, 0x00, 0x43, 0x08, 0x43, 0x00, 0x43, 0x00, 0x23, 0x00, 0x43, 0x08, 0x43, 0x00,
    0x43, 0x00, 0x23, 0x00, 0x43, 0x08, 0x23, 0x00, 0x23, 0x00, 0x44, 0x08, 0x86, 0x10, 0x44, 0x08,
    0x23, 0x00, 0x43, 0x08, 0x43, 0x08, 0x43, 0x08, 0x43, 0x08, 0x43, 0x08, 0x43, 0x08, 0x43, 0x08,
    0x43, 0x08, 0x43, 0x08, 0x43, 0x08, 0x43, 0x08, 0x65, 0x08, 0x65, 0x08, 0x43, 0x08, 0x43, 0x08,
    0x43, 0x08, 0x43, 0x08, 0x43, 0x08, 0x43, 0x08, 0x43, 0x08, 0x43, 0x08, 0x43, 0x08, 0x43, 0x08,
    0x43, 0x08, 0x43, 0x08, 0x64, 0x08, 0xa7, 0x10, 0x65, 0x08, 0x43, 0x08, 0x44, 0x08, 0x44, 0x08,
    0x44, 0x08, 0x44, 0x08, 0x44, 0x08, 0x44, 0x08, 0x44, 0x08, 0x44, 0x08, 0x44, 0x08, 0x44, 0x08,
    0x44, 0x08, 0x65, 0x08, 0x87, 0x10, 0x44, 0x08, 0x44, 0x08, 0x44, 0x08, 0x44, 0x08, 0x44, 0x08,
    0x44, 0x08, 0x44, 0x08, 0x44, 0x08, 0x44, 0x08, 0x44, 0x08, 0x44, 0x08, 0x44, 0x08, 0x44, 0x08,
    0x65, 0x10, 0x87, 0x10, 0x64, 0x08, 0x44, 0x08, 0x44, 0x08, 0x44, 0x08, 0x44, 0x08, 0x44, 0x08,
    0x44, 0x08, 0x44, 0x08, 0x44, 0x08, 0x44, 0x08, 0x44, 0x08, 0x44, 0x08, 0x44, 0x08, 0x65, 0x08,
    0xa7, 0x10, 0x65, 0x08, 0x44, 0x08, 0x44, 0x08, 0x44, 0x08, 0x44, 0x08, 0x44, 0x08, 0x44, 0x08,
    0x44, 0x08, 0x44, 0x08, 0x64, 0x08, 0x44, 0x08, 0x44, 0x08, 0x44, 0x08, 0x65, 0x10, 0xa7, 0x10,
    0x86, 0x10, 0x44, 0x08, 0x64, 0x08, 0x64, 0x08, 0x64, 0x08, 0x44, 0x08, 0x64, 0x08, 0x64, 0x08,
    0x64, 0x08, 0x44, 0x08, 0x64, 0x08, 0x64, 0x08, 0x64, 0x08, 0x44, 0x08, 0x86, 0x10, 0x87, 0x10,
    0x65, 0x08, 0x64, 0x08, 0x65, 0x08, 0x64, 0x08, 0x64, 0x08, 0x64, 0x08, 0x65, 0x08, 0x64, 0x08,
    0x65, 0x08, 0x64, 0x08, 0x65, 0x08, 0x64, 0x08, 0x64, 0x08, 0x65, 0x08, 0x87, 0x10, 0x86, 0x10,
    0x64, 0x08, 0x64, 0x08, 0x65, 0x08, 0x64, 0x08, 0x64, 0x08, 0x44, 0x08, 0x64, 0x08, 0x64, 0x08,
    0x64, 0x08, 0x44, 0x08, 0x64, 0x08, 0x64, 0x08, 0x64, 0x08, 0x65, 0x08, 0xa7, 0x10, 0x86, 0x10,
    0x64, 0x08, 0x44, 0x08, 0x64, 0x08, 0x44, 0x08, 0x44, 0x08, 0x44, 0x08, 0x64, 0x08, 0x44, 0x08,
    0x44, 0x08, 0x44, 0x08, 0x44, 0x08, 0x44, 0x08, 0x44, 0x08, 0x65, 0x08, 0xa7, 0x10, 0x86, 0x10,
    0x44, 0x08, 0x44, 0x08, 0x44, 0x08, 0x44, 0x08, 0x44, 0x08, 0x44, 0x08, 0x44, 0x08, 0x44, 0x08,
    0x44, 0x08, 0x44, 0x08, 0x44, 0x08, 0x44, 0x08, 0x44, 0x08, 0x44, 0x08, 0x86, 0x10, 0x86, 0x10,
    0x44, 0x08, 0x44, 0x08, 0x44, 0x08, 0x44, 0x08, 0x44, 0x08, 0x44, 0x08, 0x44, 0x08, 0x44, 0x08,
    0x44, 0x08, 0x44, 0x08, 0x44, 0x08, 0x44, 0x08, 0x44, 0x08, 0x44, 0x08, 0x65, 0x08, 0x86, 0x10,
    0x64, 0x08, 0x43, 0x08, 0x44, 0x08, 0x43, 0x08, 0x43, 0x08, 0x43, 0x08, 0x44, 0x08, 0x43, 0x08,
    0x43, 0x08, 0x43, 0x08, 0x43, 0x08, 0x43, 0x08, 0x43, 0x08, 0x43, 0x08, 0x43, 0x08, 0x65, 0x08,
    0x85, 0x08, 0x43, 0x08, 0x43, 0x08, 0x23, 0x00, 0x23, 0x08, 0x23, 0x00, 0x43, 0x08, 0x23, 0x00,
    0x23, 0x00, 0x23, 0x00, 0x23, 0x08, 0x23, 0x00, 0x23, 0x00, 0x23, 0x00, 0x23, 0x00, 0x43, 0x00,
    0x65, 0x08, 0x65, 0x08, 0x23, 0x00, 0x23, 0x00, 0x23, 0x00, 0x23, 0x00, 0x23, 0x00, 0x23, 0x00,
    0x23, 0x00, 0x23, 0x00, 0x23, 0x00, 0x23, 0x00, 0x23, 0x00, 0x23, 0x00, 0x23, 0x00, 0x23, 0x00,
    0x43, 0x00, 0x64, 0x08, 0x64, 0x08, 0x23, 0x00, 0x22, 0x00, 0x22, 0x00, 0x23, 0x00, 0x22, 0x00,
    0x01, 0x00, 0x01, 0x00, 0x01, 0x00, 0x01, 0x00, 0x01, 0x00, 0x01, 0x00, 0x01, 0x00, 0x01, 0x00,
    0x43, 0x08, 0x22, 0x00, 0x01, 0x00, 0x01, 0x00, 0x01, 0x00, 0x01, 0x00, 0x01, 0x00, 0x01, 0x00,
    0x01, 0x00, 0x01, 0x00, 0x01, 0x00, 0x01, 0x00, 0x01, 0x00, 0x22, 0x00, 0x44, 0x08, 0x21, 0x00,
    0x01, 0x00, 0x01, 0x00, 0x01, 0x00, 0x01, 0x00, 0x01, 0x00, 0x01, 0x00, 0x01, 0x00, 0x01, 0x00,
    0x01, 0x00, 0x01, 0x00, 0x01, 0x00, 0x43, 0x00, 0x44, 0x08, 0x01, 0x00, 0x01, 0x00, 0x01, 0x00,
    0x01, 0x00, 0x01, 0x00, 0x01, 0x00, 0x01, 0x00, 0x01, 0x00, 0x01, 0x00, 0x01, 0x00, 0x01, 0x00,
    0x01, 0x00, 0x43, 0x08, 0x44, 0x08, 0x02, 0x00, 0x01, 0x00, 0x02, 0x00, 0x01, 0x00, 0x02, 0x00,
    0x01, 0x00, 0x02, 0x00, 0x01, 0x00, 0x02, 0x00, 0x01, 0x00, 0x02, 0x00, 0x01, 0x00, 0x43, 0x08,
    0x44, 0x08, 0x02, 0x00, 0x01, 0x00, 0x02, 0x00, 0x01, 0x00, 0x02, 0x00, 0x01, 0x00, 0x01, 0x00,
    0x01, 0x00, 0x02, 0x00, 0x01, 0x00, 0x01, 0x00, 0x01, 0x00, 0x23, 0x00, 0x65, 0x08, 0x22, 0x00,
    0x01, 0x00, 0x01, 0x00, 0x01, 0x00, 0x01, 0x00, 0x01, 0x00, 0x02, 0x00, 0x01, 0x00, 0x02, 0x00,
    0x01, 0x00, 0x02, 0x00, 0x01, 0x00, 0x02, 0x00, 0x44, 0x08, 0x44, 0x08, 0x01, 0x00, 0x22, 0x00,
    0x02, 0x00, 0x22, 0x00, 0x02, 0x00, 0x22, 0x00, 0x02, 0x00, 0x22, 0x00, 0x02, 0x00, 0x22, 0x00,
    0x02, 0x00, 0x22, 0x00, 0x23, 0x00, 0x86, 0x10, 0x23, 0x00, 0x22, 0x00, 0x02, 0x00, 0x22, 0x00,
    0x22, 0x00, 0x22, 0x00, 0x02, 0x00, 0x22, 0x00, 0x22, 0x00, 0x22, 0x00, 0x02, 0x00, 0x22, 0x00,
    0x22, 0x00, 0x44, 0x08, 0x65, 0x08, 0x23, 0x08, 0x22, 0x00, 0x22, 0x00, 0x02, 0x00, 0x22, 0x00,
    0x22, 0x00, 0x22, 0x00, 0x22, 0x00, 0x22, 0x00, 0x22, 0x00, 0x22, 0x00, 0x22, 0x00, 0x22, 0x00,
    0x44, 0x08, 0x65, 0x10, 0x23, 0x00, 0x22, 0x08, 0x22, 0x00, 0x23, 0x08, 0x22, 0x00, 0x23, 0x08,
    0x22, 0x00, 0x23, 0x08, 0x22, 0x00, 0x23, 0x08, 0x22, 0x00, 0x23, 0x08, 0x22, 0x00, 0x44, 0x08,
    0x86, 0x10, 0x43, 0x08, 0x22, 0x08, 0x23, 0x08, 0x23, 0x08, 0x23, 0x08, 0x23, 0x08, 0x23, 0x08,
    0x23, 0x08, 0x23, 0x08, 0x23, 0x08, 0x23, 0x08, 0x23, 0x08, 0x23, 0x08, 0x43, 0x08, 0x86, 0x10,
    0x44, 0x08, 0x23, 0x08, 0x23, 0x08, 0x23, 0x08, 0x23, 0x08, 0x23, 0x08, 0x23, 0x08, 0x23, 0x08,
    0x23, 0x08, 0x23, 0x08, 0x23, 0x08, 0x23, 0x08, 0x23, 0x08, 0x23, 0x08, 0x65, 0x08, 0x86, 0x10,
    0x23, 0x08, 0x23, 0x08, 0x23, 0x08, 0x23, 0x08, 0x23, 0x08, 0x23, 0x08, 0x23, 0x08, 0x23, 0x08,
    0x23, 0x08, 0x23, 0x08, 0x23, 0x08, 0x23, 0x08, 0x23, 0x08, 0x23, 0x08, 0x65, 0x10, 0x65, 0x08,
    0x23, 0x08, 0x23, 0x08, 0x23, 0x08, 0x23, 0x08, 0x23, 0x08, 0x23, 0x08, 0x23, 0x08, 0x23, 0x08,
    0x23, 0x08, 0x23, 0x08, 0x23, 0x08, 0x23, 0x08, 0x23, 0x08, 0x43, 0x08, 0x66, 0x10, 0x64, 0x08,
    0x23, 0x08, 0x23, 0x08, 0x23, 0x08, 0x23, 0x08, 0x23, 0x08, 0x23, 0x08, 0x23, 0x00, 0x23, 0x08,
    0x23, 0x08, 0x23, 0x08, 0x23, 0x00, 0x23, 0x08, 0x22, 0x08, 0x43, 0x08, 0x65, 0x10, 0x64, 0x08,
    0x22, 0x08, 0x23, 0x08, 0x22, 0x00, 0x23, 0x08, 0x22, 0x00, 0x22, 0x00, 0x22, 0x00, 0x22, 0x00,
    0x22, 0x00, 0x22, 0x00, 0x02, 0x00, 0x22, 0x00, 0x02, 0x00, 0x22, 0x00, 0x44, 0x08, 0x65, 0x08,
    0x02, 0x00, 0x22, 0x00, 0x02, 0x00, 0x22, 0x00, 0x02, 0x00, 0x22, 0x00, 0x02, 0x00, 0x22, 0x00,
    0x02, 0x00, 0x22, 0x00, 0x02, 0x00, 0x22, 0x00, 0x02, 0x00, 0x22, 0x00, 0x23, 0x08, 0x65, 0x08,
    0x23, 0x08, 0x02, 0x00, 0x02, 0x00, 0x02, 0x00, 0x02, 0x00, 0x02, 0x00, 0x02, 0x00, 0x02, 0x00,
    0x02, 0x00, 0x02, 0x00, 0x01, 0x00, 0x02, 0x00, 0x01, 0x00, 0x02, 0x00, 0x01, 0x00, 0x43, 0x08,
    0x44, 0x08, 0x22, 0x00, 0x01, 0x00, 0x02, 0x00, 0x01, 0x00, 0x02, 0x00, 0x01, 0x00, 0x01, 0x00,
    0x01, 0x00, 0x01, 0x00, 0x01, 0x00, 0x01, 0x00, 0x01, 0x00, 0x01, 0x00, 0x01, 0x00, 0x01, 0x00,
    0x43, 0x08, 0x44, 0x08, 0x01, 0x00, 0x01, 0x00, 0x01, 0x00, 0x01, 0x00, 0x01, 0x00, 0x01, 0x00,
    0x01, 0x00, 0x01, 0x00, 0x01, 0x00, 0x01, 0x00, 0x01, 0x00, 0x01, 0x00, 0x01, 0x00, 0x01, 0x00,
    0x01, 0x00, 0x23, 0x00, 0x43, 0x08, 0x22, 0x00, 0x01, 0x00, 0x01, 0x00, 0x01, 0x00, 0x01, 0x00,
    0x01, 0x00, 0x01, 0x00, 0x01, 0x00, 0x01, 0x00, 0x01, 0x00, 0x01, 0x00, 0x01, 0x00, 0x01, 0x00,
    0x44, 0x08, 0x22, 0x00, 0x01, 0x00, 0x01, 0x00, 0x01, 0x00, 0x01, 0x00, 0x01, 0x00, 0x01, 0x00,
    0x01, 0x00, 0x01, 0x00, 0x01, 0x00, 0x01, 0x00, 0x01, 0x00, 0x22, 0x00, 0x44, 0x08, 0x01, 0x00,
    0x01, 0x00, 0x01, 0x00, 0x01, 0x00, 0x01, 0x00, 0x01, 0x00, 0x01, 0x00, 0x01, 0x00, 0x01, 0x00,
    0x01, 0x00, 0x01, 0x00, 0x01, 0x00, 0x23, 0x00, 0x43, 0x08, 0x01, 0x00, 0x01, 0x00, 0x01, 0x00,
    0x01, 0x00, 0x01, 0x00, 0x01, 0x00, 0x01, 0x00, 0x01, 0x00, 0x01, 0x00, 0x01, 0x00, 0x01, 0x00,
    0x01, 0x00, 0x43, 0x08, 0x43, 0x08, 0x01, 0x00, 0x01, 0x00, 0x01, 0x00, 0x01, 0x00, 0x01, 0x00,
    0x01, 0x00, 0x01, 0x00, 0x01, 0x00, 0x01, 0x00, 0x01, 0x00, 0x01, 0x00, 0x01, 0x00, 0x43, 0x08,
    0x64, 0x08, 0x01, 0x00, 0x01, 0x00, 0x01, 0x00, 0x01, 0x00, 0x01, 0x00, 0x01, 0x00, 0x01, 0x00,
    0x01, 0x00, 0x01, 0x00, 0x01, 0x00, 0x01, 0x00, 0x01, 0x00, 0x22, 0x00, 0x65, 0x08, 0x22, 0x00,
    0x01, 0x00, 0x01, 0x00, 0x01, 0x00, 0x01, 0x00, 0x01, 0x00, 0x01, 0x00, 0x01, 0x00, 0x01, 0x00,
    0x01, 0x00, 0x01, 0x00, 0x02, 0x00, 0x01, 0x00, 0x64, 0x08, 0x43, 0x08, 0x02, 0x00, 0x01, 0x00,
    0x22, 0x00, 0x02, 0x00, 0x22, 0x00, 0x02, 0x00, 0x22, 0x00, 0x02, 0x00, 0x22, 0x00, 0x02, 0x00,
    0x22, 0x00, 0x22, 0x00, 0x43, 0x08, 0x85, 0x08, 0x23, 0x08, 0x22, 0x00, 0x22, 0x00, 0x22, 0x00,
    0x22, 0x00, 0x22, 0x00, 0x22, 0x00, 0x22, 0x00, 0x22, 0x00, 0x22, 0x00, 0x22, 0x00, 0x22, 0x00,
    0x22, 0x00, 0x44, 0x08, 0x65, 0x08, 0x22, 0x00, 0x22, 0x00, 0x22, 0x00, 0x22, 0x00, 0x22, 0x00,
    0x22, 0x00, 0x22, 0x00, 0x22, 0x00, 0x22, 0x00, 0x22, 0x00, 0x22, 0x00, 0x22, 0x00, 0x22, 0x00,
    0x44, 0x08, 0x65, 0x08, 0x23, 0x08, 0x22, 0x00, 0x22, 0x08, 0x22, 0x00, 0x22, 0x08, 0x22, 0x00,
    0x22, 0x08, 0x22, 0x08, 0x22, 0x08, 0x22, 0x08, 0x22, 0x08, 0x22, 0x08, 0x22, 0x08, 0x44, 0x08,
    0x86, 0x10, 0x43, 0x08, 0x23, 0x08, 0x23, 0x08, 0x23, 0x08, 0x23, 0x08, 0x23, 0x08, 0x23, 0x08,
    0x23, 0x08, 0x23, 0x08, 0x23, 0x08, 0x23, 0x08, 0x23, 0x08, 0x23, 0x08, 0x43, 0x08, 0x86, 0x10,
    0x44, 0x08, 0x23, 0x08, 0x23, 0x08, 0x23, 0x08, 0x23, 0x08, 0x23, 0x08, 0x23, 0x08, 0x23, 0x08,
    0x23, 0x08, 0x23, 0x08, 0x23, 0x08, 0x23, 0x08, 0x23, 0x08, 0x23, 0x08, 0x64, 0x08, 0x85, 0x10,
    0x23, 0x08, 0x23, 0x08, 0x23, 0x08, 0x23, 0x08, 0x23, 0x08, 0x23, 0x08, 0x23, 0x08, 0x23, 0x08,
    0x23, 0x08, 0x23, 0x08, 0x23, 0x08, 0x23, 0x08, 0x23, 0x08, 0x23, 0x08, 0x65, 0x08, 0x65, 0x08,
    0x23, 0x08, 0x23, 0x08, 0x23, 0x08, 0x23, 0x08, 0x23, 0x08, 0x23, 0x08, 0x23, 0x08, 0x23, 0x08,
    0x23, 0x08, 0x23, 0x08, 0x23, 0x08, 0x23, 0x08, 0x23, 0x08, 0x43, 0x08, 0x86, 0x10, 0x44, 0x08,
    0x23, 0x08, 0x23, 0x08, 0x23, 0x08, 0x23, 0x08, 0x23, 0x08, 0x23, 0x08, 0x23, 0x08, 0x22, 0x08,
    0x23, 0x08, 0x23, 0x08, 0x23, 0x08, 0x22, 0x08, 0x23, 0x08, 0x23, 0x08, 0x65, 0x10, 0x64, 0x08,
    0x23, 0x08, 0x22, 0x08, 0x22, 0x00, 0x22, 0x00, 0x22, 0x00, 0x22, 0x00, 0x22, 0x00, 0x22, 0x00,
    0x22, 0x00, 0x22, 0x00, 0x22, 0x00, 0x22, 0x00, 0x22, 0x00, 0x22, 0x00, 0x44, 0x08, 0x65, 0x08,
    0x22, 0x00, 0x22, 0x00, 0x22, 0x00, 0x02, 0x00, 0x22, 0x00, 0x02, 0x00, 0x22, 0x00, 0x02, 0x00,
    0x22, 0x00, 0x02, 0x00, 0x02, 0x00, 0x02, 0x00, 0x02, 0x00, 0x02, 0x00, 0x23, 0x08, 0x65, 0x08,
    0x43, 0x08, 0x02, 0x00, 0x02, 0x00, 0x02, 0x00, 0x02, 0x00, 0x02, 0x00, 0x02, 0x00, 0x02, 0x00,
    0x02, 0x00, 0x02, 0x00, 0x02, 0x00, 0x01, 0x00, 0x02, 0x00, 0x01, 0x00, 0x02, 0x00, 0x43, 0x08,
    0x64, 0x08, 0x22, 0x00, 0x01, 0x00, 0x01, 0x00, 0x01, 0x00, 0x01, 0x00, 0x01, 0x00, 0x01, 0x00,
    0x01, 0x00, 0x01, 0x00, 0x01, 0x00, 0x01, 0x00, 0x01, 0x00, 0x01, 0x00, 0x01, 0x00, 0x01, 0x00,
    0x43, 0x00, 0x44, 0x08, 0x22, 0x00, 0x01, 0x00, 0x01, 0x00, 0x01, 0x00, 0x01, 0x00, 0x01, 0x00,
    0x01, 0x00, 0x01, 0x00, 0x01, 0x00, 0x01, 0x00, 0x01, 0x00, 0x01, 0x00, 0x01, 0x00, 0x01, 0x00,
    0x01, 0x00, 0x22, 0x00, 0x44, 0x08, 0x02, 0x00, 0x01, 0x00, 0x01, 0x00, 0x01, 0x00, 0x01, 0x00,
    0x01, 0x00, 0x01, 0x00, 0x01, 0x00, 0x01, 0x00, 0x01, 0x00, 0x01, 0x00, 0x01, 0x00, 0x22, 0x00,
    0x44, 0x08, 0x02, 0x00, 0x01, 0x00, 0x01, 0x00, 0x01, 0x00, 0x01, 0x00, 0x01, 0x00, 0x01, 0x00,
    0x01, 0x00, 0x01, 0x00, 0x01, 0x00, 0x01, 0x00, 0x01, 0x00, 0x43, 0x00, 0x43, 0x08, 0x01, 0x00,
    0x01, 0x00, 0x01, 0x00, 0x01, 0x00, 0x01, 0x00, 0x01, 0x00, 0x01, 0x00, 0x01, 0x00, 0x01, 0x00,
    0x01, 0x00, 0x01, 0x00, 0x01, 0x00, 0x43, 0x08, 0x23, 0x00, 0x01, 0x00, 0x01, 0x00, 0x01, 0x00,
    0x01, 0x00, 0x01, 0x00, 0x01, 0x00, 0x01, 0x00, 0x01, 0x00, 0x01, 0x00, 0x01, 0x00, 0x01, 0x00,
    0x01, 0x00, 0x44, 0x08, 0x43, 0x08, 0x01, 0x00, 0x01, 0x00, 0x01, 0x00, 0x01, 0x00, 0x01, 0x00,
    0x01, 0x00, 0x01, 0x00, 0x01, 0x00, 0x01, 0x00, 0x01, 0x00, 0x02, 0x00, 0x01, 0x00, 0x44, 0x08,
    0x44, 0x08, 0x01, 0x00, 0x01, 0x00, 0x01, 0x00, 0x01, 0x00, 0x01, 0x00, 0x01, 0x00, 0x01, 0x00,
    0x01, 0x00, 0x01, 0x00, 0x01, 0x00, 0x01, 0x00, 0x01, 0x00, 0x23, 0x00, 0x65, 0x08, 0x22, 0x00,
    0x01, 0x00, 0x01, 0x00, 0x01, 0x00, 0x02, 0x00, 0x01, 0x00, 0x01, 0x00, 0x01, 0x00, 0x02, 0x00,
    0x01, 0x00, 0x02, 0x00, 0x01, 0x00, 0x22, 0x00, 0x64, 0x08, 0x43, 0x08, 0x02, 0x00, 0x22, 0x00,
    0x02, 0x00, 0x22, 0x00, 0x02, 0x00, 0x22, 0x00, 0x02, 0x00, 0x22, 0x00, 0x02, 0x00, 0x22, 0x00,
    0x02, 0x00, 0x22, 0x00, 0x23, 0x08, 0x85, 0x10, 0x23, 0x00, 0x22, 0x00, 0x22, 0x00, 0x22, 0x00,
    0x02, 0x00, 0x22, 0x00, 0x22, 0x00, 0x22, 0x00, 0x02, 0x00, 0x22, 0x00, 0x22, 0x00, 0x22, 0x00,
    0x02, 0x00, 0x44, 0x08, 0x65, 0x08, 0x23, 0x08, 0x02, 0x00, 0x22, 0x00, 0x22, 0x00, 0x22, 0x00,
    0x02, 0x00, 0x22, 0x00, 0x22, 0x00, 0x22, 0x00, 0x02, 0x00, 0x22, 0x00, 0x22, 0x00, 0x22, 0x08,
    0x44, 0x08, 0x65, 0x08, 0x23, 0x00, 0x23, 0x08, 0x22, 0x00, 0x23, 0x08, 0x22, 0x00, 0x23, 0x08,
    0x22, 0x00, 0x23, 0x08, 0x22, 0x00, 0x23, 0x08, 0x22, 0x00, 0x23, 0x08, 0x22, 0x08, 0x44, 0x08,
    0x66, 0x10, 0x43, 0x08, 0x23, 0x08, 0x23, 0x08, 0x23, 0x00, 0x23, 0x08, 0x23, 0x08, 0x23, 0x08,
    0x23, 0x00, 0x23, 0x08, 0x23, 0x08, 0x23, 0x08, 0x23, 0x00, 0x23, 0x08, 0x43, 0x08, 0x86, 0x10,
    0x44, 0x08, 0x23, 0x08, 0x23, 0x08, 0x23, 0x08, 0x23, 0x08, 0x23, 0x08, 0x23, 0x08, 0x23, 0x08,
    0x23, 0x08, 0x23, 0x08, 0x23, 0x08, 0x23, 0x08, 0x23, 0x08, 0x23, 0x08, 0x65, 0x08, 0x86, 0x10,
    0x23, 0x08, 0x23, 0x08, 0x23, 0x08, 0x23, 0x08, 0x23, 0x08, 0x23, 0x08, 0x23, 0x08, 0x23, 0x08,
    0x23, 0x08, 0x23, 0x08, 0x23, 0x08, 0x23, 0x08, 0x23, 0x08, 0x23, 0x08, 0x65, 0x08, 0x65, 0x10,
    0x23, 0x08, 0x23, 0x08, 0x23, 0x08, 0x23, 0x08, 0x23, 0x08, 0x23, 0x08, 0x23, 0x08, 0x23, 0x08,
    0x23, 0x08, 0x23, 0x08, 0x23, 0x08, 0x23, 0x08, 0x23, 0x08, 0x43, 0x08, 0x65, 0x10, 0x65, 0x08,
    0x23, 0x00, 0x23, 0x08, 0x23, 0x08, 0x23, 0x08, 0x23, 0x00, 0x23, 0x08, 0x23, 0x08, 0x23, 0x08,
    0x23, 0x00, 0x23, 0x08, 0x23, 0x08, 0x23, 0x08, 0x23, 0x00, 0x23, 0x08, 0x65, 0x08, 0x65, 0x08,
    0x02, 0x00, 0x23, 0x00, 0x22, 0x00, 0x23, 0x00, 0x02, 0x00, 0x22, 0x00, 0x22, 0x00, 0x23, 0x00,
    0x02, 0x00, 0x22, 0x00, 0x22, 0x00, 0x23, 0x00, 0x02, 0x00, 0x22, 0x00, 0x44, 0x08, 0x65, 0x08,
    0x23, 0x00, 0x22, 0x00, 0x02, 0x00, 0x22, 0x00, 0x02, 0x00, 0x22, 0x00, 0x02, 0x00, 0x22, 0x00,
    0x02, 0x00, 0x22, 0x00, 0x02, 0x00, 0x22, 0x00, 0x02, 0x00, 0x22, 0x00, 0x23, 0x00, 0x65, 0x08,
    0x43, 0x08, 0x02, 0x00, 0x02, 0x00, 0x22, 0x00, 0x02, 0x00, 0x02, 0x00, 0x02, 0x00, 0x02, 0x00,
    0x02, 0x00, 0x02, 0x00, 0x02, 0x00, 0x02, 0x00, 0x01, 0x00, 0x02, 0x00, 0x01, 0x00, 0x23, 0x08,
    0x64, 0x08, 0x23, 0x00, 0x01, 0x00, 0x02, 0x00, 0x01, 0x00, 0x01, 0x00, 0x01, 0x00, 0x02, 0x00,
    0x01, 0x00, 0x01, 0x00, 0x01, 0x00, 0x01, 0x00, 0x01, 0x00, 0x01, 0x00, 0x01, 0x00, 0x01, 0x00,
    0x22, 0x00, 0x44, 0x08, 0x22, 0x00, 0x01, 0x00, 0x01, 0x00, 0x01, 0x00, 0x01, 0x00, 0x01, 0x00,
    0x01, 0x00, 0x01, 0x00, 0x01, 0x00, 0x01, 0x00, 0x01, 0x00, 0x01, 0x00, 0x01, 0x00, 0x01, 0x00,
    0x01, 0x00, 0x22, 0x00, 0x44, 0x08, 0x22, 0x00, 0x01, 0x00, 0x01, 0x00, 0x01, 0x00, 0x01, 0x00,
    0x01, 0x00, 0x01, 0x00, 0x01, 0x00, 0x01, 0x00, 0x01, 0x00, 0x01, 0x00, 0x01, 0x00, 0x22, 0x00,
    0x43, 0x08, 0x01, 0x00, 0x01, 0x00, 0x01, 0x00, 0x01, 0x00, 0x01, 0x00, 0x01, 0x00, 0x01, 0x00,
    0x01, 0x00, 0x01, 0x00, 0x01, 0x00, 0x01, 0x00, 0x01, 0x00, 0x23, 0x00, 0x43, 0x08, 0x01, 0x00,
    0x01, 0x00, 0x01, 0x00, 0x01, 0x00, 0x01, 0x00, 0x01, 0x00, 0x01, 0x00, 0x01, 0x00, 0x01, 0x00,
    0x01, 0x00, 0x01, 0x00, 0x01, 0x00, 0x43, 0x08, 0x23, 0x00, 0x01, 0x00, 0x01, 0x00, 0x01, 0x00,
    0x01, 0x00, 0x01, 0x00, 0x01, 0x00, 0x01, 0x00, 0x01, 0x00, 0x01, 0x00, 0x01, 0x00, 0x01, 0x00,
    0x01, 0x00, 0x44, 0x08, 0x43, 0x00, 0x01, 0x00, 0x01, 0x00, 0x01, 0x00, 0x01, 0x00, 0x01, 0x00,
    0x01, 0x00, 0x01, 0x00, 0x01, 0x00, 0x01, 0x00, 0x01, 0x00, 0x01, 0x00, 0x01, 0x00, 0x43, 0x08,
    0x43, 0x08, 0x01, 0x00, 0x01, 0x00, 0x01, 0x00, 0x01, 0x00, 0x01, 0x00, 0x01, 0x00, 0x01, 0x00,
    0x01, 0x00, 0x01, 0x00, 0x01, 0x00, 0x01, 0x00, 0x01, 0x00, 0x23, 0x00, 0x64, 0x08, 0x02, 0x00,
    0x01, 0x00, 0x01, 0x00, 0x01, 0x00, 0x01, 0x00, 0x01, 0x00, 0x01, 0x00, 0x01, 0x00, 0x01, 0x00,
    0x01, 0x00, 0x01, 0x00, 0x01, 0x00, 0x02, 0x00, 0x65, 0x08, 0x43, 0x08, 0x22, 0x00, 0x02, 0x00,
    0x02, 0x00, 0x02, 0x00, 0x22, 0x00, 0x02, 0x00, 0x22, 0x00, 0x02, 0x00, 0x22, 0x00, 0x22, 0x00,
    0x22, 0x00, 0x02, 0x00, 0x43, 0x08, 0x65, 0x08, 0x23, 0x08, 0x22, 0x00, 0x22, 0x00, 0x22, 0x00,
    0x22, 0x00, 0x22, 0x00, 0x22, 0x00, 0x22, 0x00, 0x22, 0x00, 0x22, 0x00, 0x22, 0x00, 0x22, 0x00,
    0x22, 0x00, 0x44, 0x08, 0x65, 0x08, 0x22, 0x00, 0x22, 0x00, 0x22, 0x00, 0x22, 0x00, 0x22, 0x00,
    0x22, 0x00, 0x22, 0x00, 0x22, 0x00, 0x22, 0x00, 0x22, 0x00, 0x22, 0x00, 0x22, 0x00, 0x22, 0x00,
    0x64, 0x08, 0x65, 0x08, 0x23, 0x08, 0x22, 0x00, 0x22, 0x08, 0x22, 0x00, 0x23, 0x08, 0x22, 0x08,
    0x22, 0x08, 0x22, 0x08, 0x23, 0x08, 0x22, 0x08, 0x23, 0x08, 0x22, 0x08, 0x23, 0x08, 0x44, 0x08,
    0x86, 0x10, 0x43, 0x08, 0x23, 0x08, 0x23, 0x08, 0x23, 0x08, 0x23, 0x08, 0x23, 0x08, 0x23, 0x08,
    0x23, 0x08, 0x23, 0x08, 0x23, 0x08, 0x23, 0x08, 0x23, 0x08, 0x23, 0x08, 0x43, 0x08, 0x86, 0x10,
    0x44, 0x08, 0x23, 0x08, 0x23, 0x08, 0x23, 0x08, 0x23, 0x08, 0x23, 0x08, 0x23, 0x08, 0x23, 0x08,
    0x23, 0x08, 0x23, 0x08, 0x23, 0x08, 0x23, 0x08, 0x23, 0x08, 0x23, 0x08, 0x65, 0x08, 0x86, 0x10,
    0x43, 0x08, 0x23, 0x08, 0x23, 0x08, 0x23, 0x08, 0x23, 0x08, 0x23, 0x08, 0x23, 0x08, 0x23, 0x08,
    0x23, 0x08, 0x23, 0x08, 0x23, 0x08, 0x23, 0x08, 0x23, 0x08, 0x23, 0x08, 0x65, 0x10, 0x65, 0x10,
    0x23, 0x08, 0x23, 0x08, 0x23, 0x08, 0x23, 0x08, 0x23, 0x08, 0x23, 0x08, 0x23, 0x08, 0x23, 0x08,
    0x23, 0x08, 0x23, 0x08, 0x23, 0x08, 0x23, 0x08, 0x23, 0x08, 0x23, 0x08, 0x85, 0x10, 0x65, 0x08,
    0x23, 0x08, 0x23, 0x08, 0x23, 0x08, 0x23, 0x08, 0x23, 0x08, 0x23, 0x08, 0x23, 0x08, 0x23, 0x08,
    0x23, 0x08, 0x23, 0x08, 0x23, 0x08, 0x23, 0x08, 0x22, 0x00, 0x22, 0x00, 0x65, 0x08, 0x65, 0x08,
    0x22, 0x00, 0x22, 0x00, 0x22, 0x00, 0x22, 0x00, 0x22, 0x00, 0x22, 0x00, 0x22, 0x00, 0x22, 0x00,
    0x22, 0x00, 0x22, 0x00, 0x22, 0x00, 0x22, 0x00, 0x22, 0x00, 0x22, 0x00, 0x44, 0x08, 0x65, 0x08,
    0x23, 0x08, 0x02, 0x00, 0x22, 0x00, 0x22, 0x00, 0x22, 0x00, 0x02, 0x00, 0x22, 0x00, 0x02, 0x00,
    0x02, 0x00, 0x02, 0x00, 0x22, 0x00, 0x02, 0x00, 0x02, 0x00, 0x02, 0x00, 0x23, 0x08, 0x65, 0x08,
    0x44, 0x08, 0x02, 0x00, 0x02, 0x00, 0x02, 0x00, 0x02, 0x00, 0x02, 0x00, 0x02, 0x00, 0x02, 0x00,
    0x02, 0x00, 0x02, 0x00, 0x02, 0x00, 0x02, 0x00, 0x02, 0x00, 0x01, 0x00, 0x02, 0x00, 0x23, 0x00,
    0x65, 0x08, 0x23, 0x00, 0x01, 0x00, 0x01, 0x00, 0x01, 0x00, 0x01, 0x00, 0x01, 0x00, 0x01, 0x00,
    0x01, 0x00, 0x01, 0x00, 0x01, 0x00, 0x01, 0x00, 0x01, 0x00, 0x01, 0x00, 0x01, 0x00, 0x01, 0x00,
    0x22, 0x00, 0x44, 0x08, 0x22, 0x00, 0x01, 0x00, 0x01, 0x00, 0x01, 0x00, 0x01, 0x00, 0x01, 0x00,
    0x01, 0x00, 0x01, 0x00, 0x01, 0x00, 0x01, 0x00, 0x01, 0x00, 0x01, 0x00, 0x01, 0x00, 0x01, 0x00,
    0x01, 0x00, 0x22, 0x00, 0x44, 0x08, 0x22, 0x00, 0x01, 0x00, 0x01, 0x00, 0x01, 0x00, 0x01, 0x00,
    0x01, 0x00, 0x01, 0x00, 0x01, 0x00, 0x01, 0x00, 0x01, 0x00, 0x01, 0x00, 0x01, 0x00, 0x22, 0x00,
    0x43, 0x00, 0x01, 0x00, 0x01, 0x00, 0x01, 0x00, 0x01, 0x00, 0x01, 0x00, 0x01, 0x00, 0x01, 0x00,
    0x01, 0x00, 0x01, 0x00, 0x01, 0x00, 0x01, 0x00, 0x01, 0x00, 0x43, 0x08, 0x22, 0x00, 0x01, 0x00,
    0x01, 0x00, 0x01, 0x00, 0x01, 0x00, 0x01, 0x00, 0x01, 0x00, 0x01, 0x00, 0x01, 0x00, 0x01, 0x00,
    0x01, 0x00, 0x01, 0x00, 0x01, 0x00, 0x44, 0x08, 0x22, 0x00, 0x01, 0x00, 0x01, 0x00, 0x01, 0x00,
    0x01, 0x00, 0x01, 0x00, 0x01, 0x00, 0x01, 0x00, 0x01, 0x00, 0x01, 0x00, 0x01, 0x00, 0x01, 0x00,
    0x01, 0x00, 0x44, 0x08, 0x22, 0x00, 0x01, 0x00, 0x01, 0x00, 0x01, 0x00, 0x01, 0x00, 0x01, 0x00,
    0x01, 0x00, 0x01, 0x00, 0x01, 0x00, 0x01, 0x00, 0x01, 0x00, 0x01, 0x00, 0x01, 0x00, 0x44, 0x08,
    0x43, 0x08, 0x01, 0x00, 0x01, 0x00, 0x01, 0x00, 0x01, 0x00, 0x01, 0x00, 0x01, 0x00, 0x01, 0x00,
    0x01, 0x00, 0x01, 0x00, 0x01, 0x00, 0x01, 0x00, 0x01, 0x00, 0x43, 0x08, 0x44, 0x08, 0x01, 0x00,
    0x01, 0x00, 0x01, 0x00, 0x01, 0x00, 0x01, 0x00, 0x01, 0x00, 0x01, 0x00, 0x01, 0x00, 0x01, 0x00,
    0x01, 0x00, 0x01, 0x00, 0x01, 0x00, 0x22, 0x00, 0x65, 0x08, 0x43, 0x08, 0x01, 0x00, 0x22, 0x00,
    0x01, 0x00, 0x22, 0x00, 0x01, 0x00, 0x22, 0x00, 0x02, 0x00, 0x22, 0x00, 0x02, 0x00, 0x22, 0x00,
    0x02, 0x00, 0x22, 0x00, 0x23, 0x08, 0x65, 0x08, 0x22, 0x00, 0x22, 0x00, 0x02, 0x00, 0x22, 0x00,
    0x02, 0x00, 0x22, 0x00, 0x02, 0x00, 0x22, 0x00, 0x02, 0x00, 0x22, 0x00, 0x02, 0x00, 0x22, 0x00,
    0x02, 0x00, 0x64, 0x08, 0x65, 0x08, 0x22, 0x00, 0x22, 0x00, 0x22, 0x00, 0x02, 0x00, 0x22, 0x00,
    0x02, 0x00, 0x22, 0x00, 0x02, 0x00, 0x22, 0x00, 0x22, 0x00, 0x22, 0x08, 0x02, 0x00, 0x22, 0x08,
    0x44, 0x08, 0x65, 0x10, 0x22, 0x00, 0x22, 0x08, 0x22, 0x00, 0x22, 0x08, 0x22, 0x00, 0x22, 0x08,
    0x22, 0x00, 0x23, 0x08, 0x22, 0x00, 0x23, 0x08, 0x22, 0x00, 0x23, 0x08, 0x22, 0x00, 0x44, 0x08,
    0x86, 0x10, 0x43, 0x08, 0x22, 0x00, 0x23, 0x08, 0x22, 0x00, 0x23, 0x08, 0x22, 0x00, 0x23, 0x08,
    0x23, 0x00, 0x23, 0x08, 0x23, 0x00, 0x23, 0x08, 0x23, 0x08, 0x23, 0x08, 0x23, 0x08, 0x86, 0x10,
    0x44, 0x08, 0x23, 0x08, 0x23, 0x08, 0x23, 0x08, 0x23, 0x08, 0x23, 0x08, 0x23, 0x08, 0x23, 0x08,
    0x23, 0x08, 0x23, 0x08, 0x23, 0x08, 0x23, 0x08, 0x23, 0x08, 0x23, 0x08, 0x64, 0x08, 0x86, 0x10,
    0x43, 0x08, 0x23, 0x08, 0x23, 0x08, 0x23, 0x08, 0x23, 0x08, 0x23, 0x08, 0x23, 0x08, 0x23, 0x08,
    0x23, 0x08, 0x23, 0x08, 0x23, 0x08, 0x23, 0x08, 0x23, 0x08, 0x23, 0x08, 0x65, 0x08, 0x65, 0x10,
    0x23, 0x08, 0x23, 0x08, 0x23, 0x08, 0x23, 0x08, 0x23, 0x08, 0x23, 0x08, 0x23, 0x08, 0x23, 0x08,
    0x23, 0x08, 0x23, 0x08, 0x23, 0x08, 0x23, 0x08, 0x23, 0x08, 0x23, 0x08, 0x65, 0x10, 0x65, 0x10,
    0x23, 0x08, 0x23, 0x08, 0x23, 0x08, 0x23, 0x08, 0x23, 0x08, 0x23, 0x08, 0x23, 0x00, 0x23, 0x08,
    0x22, 0x00, 0x23, 0x08, 0x02, 0x00, 0x23, 0x08, 0x22, 0x00, 0x23, 0x08, 0x45, 0x08, 0x65, 0x08,
    0x02, 0x00, 0x22, 0x08, 0x02, 0x00, 0x22, 0x00, 0x22, 0x00, 0x23, 0x00, 0x02, 0x00, 0x22, 0x00,
    0x02, 0x00, 0x22, 0x00, 0x02, 0x00, 0x22, 0x00, 0x22, 0x00, 0x22, 0x00, 0x44, 0x08, 0x85, 0x10,
    0x23, 0x08, 0x22, 0x00, 0x02, 0x00, 0x22, 0x00, 0x02, 0x00, 0x22, 0x00, 0x02, 0x00, 0x22, 0x00,
    0x02, 0x00, 0x22, 0x00, 0x02, 0x00, 0x22, 0x00, 0x02, 0x00, 0x22, 0x00, 0x02, 0x00, 0x64, 0x08,
    0x44, 0x08, 0x22, 0x00, 0x02, 0x00, 0x02, 0x00, 0x01, 0x00, 0x02, 0x00, 0x01, 0x00, 0x02, 0x00,
    0x01, 0x00, 0x02, 0x00, 0x01, 0x00, 0x02, 0x00, 0x01, 0x00, 0x02, 0x00, 0x01, 0x00, 0x22, 0x00,
    0x44, 0x08, 0x23, 0x08, 0x01, 0x00, 0x01, 0x00, 0x01, 0x00, 0x01, 0x00, 0x01, 0x00, 0x01, 0x00,
    0x01, 0x00, 0x01, 0x00, 0x01, 0x00, 0x01, 0x00, 0x01, 0x00, 0x01, 0x00, 0x01, 0x00, 0x01, 0x00,
    0x22, 0x00, 0x64, 0x08, 0x22, 0x00, 0x01, 0x00, 0x01, 0x00, 0x01, 0x00, 0x01, 0x00, 0x01, 0x00,
    0x01, 0x00, 0x01, 0x00, 0x01, 0x00, 0x01, 0x00, 0x01, 0x00, 0x01, 0x00, 0x01, 0x00, 0x01, 0x00,
    0x01, 0x00, 0x22, 0x00, 0x43, 0x08, 0x22, 0x00, 0x01, 0x00, 0x01, 0x00, 0x01, 0x00, 0x01, 0x00,
    0x01, 0x00, 0x01, 0x00, 0x01, 0x00, 0x01, 0x00, 0x01, 0x00, 0x01, 0x00, 0x01, 0x00, 0x22, 0x00,
    0x23, 0x00, 0x01, 0x00, 0x01, 0x00, 0x01, 0x00, 0x01, 0x00, 0x01, 0x00, 0x01, 0x00, 0x01, 0x00,
    0x01, 0x00, 0x01, 0x00, 0x01, 0x00, 0x01, 0x00, 0x01, 0x00, 0x44, 0x08, 0x22, 0x00, 0x01, 0x00,
    0x01, 0x00, 0x01, 0x00, 0x01, 0x00, 0x01, 0x00, 0x01, 0x00, 0x01, 0x00, 0x01, 0x00, 0x01, 0x00,
    0x01, 0x00, 0x01, 0x00, 0x02, 0x00, 0x64, 0x08, 0x22, 0x00, 0x01, 0x00, 0x01, 0x00, 0x01, 0x00,
    0x01, 0x00, 0x01, 0x00, 0x01, 0x00, 0x01, 0x00, 0x01, 0x00, 0x01, 0x00, 0x01, 0x00, 0x01, 0x00,
    0x22, 0x00, 0x64, 0x08, 0x22, 0x00, 0x01, 0x00, 0x01, 0x00, 0x01, 0x00, 0x01, 0x00, 0x01, 0x00,
    0x01, 0x00, 0x01, 0x00, 0x01, 0x00, 0x01, 0x00, 0x01, 0x00, 0x01, 0x00, 0x01, 0x00, 0x44, 0x08,
    0x43, 0x00, 0x01, 0x00, 0x01, 0x00, 0x01, 0x00, 0x01, 0x00, 0x01, 0x00, 0x01, 0x00, 0x01, 0x00,
    0x01, 0x00, 0x01, 0x00, 0x01, 0x00, 0x01, 0x00, 0x01, 0x00, 0x43, 0x08, 0x44, 0x08, 0x01, 0x00,
    0x01, 0x00, 0x01, 0x00, 0x01, 0x00, 0x01, 0x00, 0x01, 0x00, 0x01, 0x00, 0x01, 0x00, 0x01, 0x00,
    0x01, 0x00, 0x01, 0x00, 0x01, 0x00, 0x22, 0x00, 0x65, 0x08, 0x23, 0x00, 0x01, 0x00, 0x01, 0x00,
    0x02, 0x00, 0x01, 0x00, 0x22, 0x00, 0x02, 0x00, 0x22, 0x00, 0x22, 0x00, 0x22, 0x00, 0x22, 0x00,
    0x22, 0x00, 0x22, 0x00, 0x44, 0x08, 0x65, 0x08, 0x22, 0x00, 0x22, 0x00, 0x22, 0x00, 0x22, 0x00,
    0x22, 0x00, 0x22, 0x00, 0x22, 0x00, 0x22, 0x00, 0x22, 0x00, 0x22, 0x00, 0x22, 0x00, 0x22, 0x00,
    0x22, 0x00, 0x44, 0x08, 0x65, 0x08, 0x22, 0x00, 0x22, 0x00, 0x22, 0x00, 0x22, 0x00, 0x22, 0x00,
    0x22, 0x00, 0x22, 0x00, 0x22, 0x00, 0x22, 0x00, 0x22, 0x00, 0x22, 0x00, 0x22, 0x00, 0x22, 0x00,
    0x64, 0x08, 0x65, 0x08, 0x22, 0x08, 0x22, 0x00, 0x22, 0x08, 0x22, 0x08, 0x22, 0x08, 0x22, 0x08,
    0x22, 0x08, 0x22, 0x08, 0x23, 0x08, 0x22, 0x08, 0x23, 0x08, 0x23, 0x08, 0x23, 0x08, 0x44, 0x08,
    0x86, 0x10, 0x43, 0x08, 0x23, 0x08, 0x23, 0x08, 0x23, 0x08, 0x23, 0x08, 0x23, 0x08, 0x23, 0x08,
    0x23, 0x08, 0x23, 0x08, 0x23, 0x08, 0x23, 0x08, 0x23, 0x08, 0x23, 0x08, 0x44, 0x08, 0x86, 0x10,
    0x64, 0x08, 0x23, 0x08, 0x23, 0x08, 0x23, 0x08, 0x23, 0x08, 0x23, 0x08, 0x23, 0x08, 0x23, 0x08,
    0x23, 0x08, 0x23, 0x08, 0x23, 0x08, 0x23, 0x08, 0x23, 0x08, 0x23, 0x08, 0x65, 0x08, 0x86, 0x10,
    0x44, 0x08, 0x23, 0x08, 0x23, 0x08, 0x23, 0x08, 0x23, 0x08, 0x23, 0x08, 0x23, 0x08, 0x23, 0x08,
    0x23, 0x08, 0x23, 0x08, 0x23, 0x08, 0x23, 0x08, 0x23, 0x08, 0x23, 0x08, 0x65, 0x10, 0x65, 0x10,
    0x23, 0x08, 0x23, 0x08, 0x23, 0x08, 0x23, 0x08, 0x23, 0x08, 0x23, 0x08, 0x23, 0x08, 0x23, 0x08,
    0x23, 0x08, 0x23, 0x08, 0x23, 0x08, 0x23, 0x08, 0x23, 0x08, 0x23, 0x08, 0x65, 0x10, 0x65, 0x10,
    0x23, 0x08, 0x23, 0x08, 0x23, 0x08, 0x23, 0x08, 0x23, 0x08, 0x23, 0x08, 0x23, 0x08, 0x23, 0x08,
    0x23, 0x08, 0x23, 0x08, 0x23, 0x08, 0x22, 0x00, 0x23, 0x08, 0x22, 0x00, 0x65, 0x08, 0x65, 0x08,
    0x23, 0x08, 0x22, 0x00, 0x22, 0x00, 0x22, 0x00, 0x22, 0x00, 0x22, 0x00, 0x22, 0x00, 0x22, 0x00,
    0x22, 0x00, 0x22, 0x00, 0x22, 0x00, 0x22, 0x00, 0x22, 0x00, 0x22, 0x00, 0x44, 0x08, 0x85, 0x08,
    0x43, 0x08, 0x22, 0x00, 0x22, 0x00, 0x22, 0x00, 0x22, 0x00, 0x22, 0x00, 0x22, 0x00, 0x02, 0x00,
    0x22, 0x00, 0x02, 0x00, 0x22, 0x00, 0x02, 0x00, 0x22, 0x00, 0x02, 0x00, 0x02, 0x00, 0x44, 0x08,
    0x44, 0x08, 0x02, 0x00, 0x02, 0x00, 0x02, 0x00, 0x02, 0x00, 0x02, 0x00, 0x02, 0x00, 0x02, 0x00,
    0x02, 0x00, 0x01, 0x00, 0x02, 0x00, 0x01, 0x00, 0x02, 0x00, 0x02, 0x00, 0x02, 0x00, 0x22, 0x00,
    0x64, 0x08, 0x43, 0x08, 0x01, 0x00, 0x01, 0x00, 0x01, 0x00, 0x01, 0x00, 0x01, 0x00, 0x01, 0x00,
    0x01, 0x00, 0x01, 0x00, 0x01, 0x00, 0x01, 0x00, 0x01, 0x00, 0x01, 0x00, 0x01, 0x00, 0x01, 0x00,
    0x22, 0x00, 0x44, 0x08, 0x43, 0x00, 0x01, 0x00, 0x01, 0x00, 0x01, 0x00, 0x01, 0x00, 0x01, 0x00,
    0x01, 0x00, 0x01, 0x00, 0x01, 0x00, 0x01, 0x00, 0x01, 0x00, 0x01, 0x00, 0x01, 0x00, 0x01, 0x00,
    0x01, 0x00, 0x01, 0x00, 0x43, 0x08, 0x23, 0x00, 0x01, 0x00, 0x01, 0x00, 0x01, 0x00, 0x01, 0x00,
    0x01, 0x00, 0x01, 0x00, 0x01, 0x00, 0x01, 0x00, 0x01, 0x00, 0x01, 0x00, 0x01, 0x00, 0x43, 0x00,
    0x22, 0x00, 0x01, 0x00, 0x01, 0x00, 0x01, 0x00, 0x01, 0x00, 0x01, 0x00, 0x01, 0x00, 0x01, 0x00,
    0x01, 0x00, 0x01, 0x00, 0x01, 0x00, 0x01, 0x00, 0x01, 0x00, 0x44, 0x08, 0x22, 0x00, 0x01, 0x00,
    0x01, 0x00, 0x01, 0x00, 0x01, 0x00, 0x01, 0x00, 0x01, 0x00, 0x01, 0x00, 0x01, 0x00, 0x01, 0x00,
    0x01, 0x00, 0x01, 0x00, 0x22, 0x00, 0x64, 0x08, 0x22, 0x00, 0x01, 0x00, 0x01, 0x00, 0x01, 0x00,
    0x01, 0x00, 0x01, 0x00, 0x01, 0x00, 0x01, 0x00, 0x01, 0x00, 0x01, 0x00, 0x01, 0x00, 0x01, 0x00,
    0x22, 0x00, 0x65, 0x08, 0x22, 0x00, 0x01, 0x00, 0x01, 0x00, 0x01, 0x00, 0x01, 0x00, 0x01, 0x00,
    0x01, 0x00, 0x01, 0x00, 0x01, 0x00, 0x01, 0x00, 0x01, 0x00, 0x01, 0x00, 0x01, 0x00, 0x44, 0x08,
    0x23, 0x00, 0x01, 0x00, 0x01, 0x00, 0x01, 0x00, 0x01, 0x00, 0x01, 0x00, 0x01, 0x00, 0x01, 0x00,
    0x01, 0x00, 0x01, 0x00, 0x01, 0x00, 0x01, 0x00, 0x01, 0x00, 0x44, 0x08, 0x44, 0x08, 0x01, 0x00,
    0x01, 0x00, 0x01, 0x00, 0x01, 0x00, 0x01, 0x00, 0x01, 0x00, 0x01, 0x00, 0x01, 0x00, 0x02, 0x00,
    0x01, 0x00, 0x01, 0x00, 0x01, 0x00, 0x22, 0x00, 0x65, 0x08, 0x23, 0x00, 0x01, 0x00, 0x02, 0x00,
    0x01, 0x00, 0x02, 0x00, 0x02, 0x00, 0x02, 0x00, 0x02, 0x00, 0x02, 0x00, 0x02, 0x00, 0x22, 0x00,
    0x02, 0x00, 0x22, 0x00, 0x44, 0x08, 0x65, 0x08, 0x02, 0x00, 0x22, 0x00, 0x02, 0x00, 0x22, 0x00,
    0x02, 0x00, 0x22, 0x00, 0x02, 0x00, 0x22, 0x00, 0x02, 0x00, 0x22, 0x00, 0x02, 0x00, 0x22, 0x00,
    0x02, 0x00, 0x64, 0x08, 0x65, 0x08, 0x22, 0x00, 0x02, 0x00, 0x22, 0x00, 0x22, 0x00, 0x22, 0x00,
    0x02, 0x00, 0x22, 0x00, 0x22, 0x00, 0x22, 0x08, 0x02, 0x00, 0x22, 0x00, 0x22, 0x00, 0x22, 0x08,
    0x44, 0x08, 0x65, 0x10, 0x22, 0x00, 0x22, 0x08, 0x22, 0x00, 0x22, 0x08, 0x22, 0x00, 0x23, 0x08,
    0x22, 0x00, 0x23, 0x08, 0x22, 0x00, 0x23, 0x08, 0x22, 0x00, 0x23, 0x08, 0x23, 0x00, 0x44, 0x08,
    0x66, 0x10, 0x43, 0x08, 0x23, 0x00, 0x23, 0x08, 0x23, 0x00, 0x23, 0x08, 0x23, 0x08, 0x23, 0x08,
    0x23, 0x00, 0x23, 0x08, 0x23, 0x08, 0x23, 0x08, 0x23, 0x08, 0x23, 0x08, 0x43, 0x08, 0x86, 0x10,
    0x44, 0x08, 0x23, 0x08, 0x23, 0x08, 0x23, 0x08, 0x23, 0x08, 0x23, 0x08, 0x23, 0x08, 0x23, 0x08,
    0x23, 0x08, 0x23, 0x08, 0x23, 0x08, 0x23, 0x08, 0x23, 0x08, 0x23, 0x08, 0x44, 0x08, 0x86, 0x10,
    0x44, 0x08, 0x23, 0x08, 0x23, 0x08, 0x23, 0x08, 0x23, 0x08, 0x23, 0x08, 0x23, 0x08, 0x23, 0x08,
    0x23, 0x08, 0x23, 0x08, 0x23, 0x08, 0x23, 0x08, 0x23, 0x08, 0x23, 0x08, 0x65, 0x10, 0x85, 0x10,
    0x23, 0x08, 0x23, 0x08, 0x23, 0x08, 0x23, 0x08, 0x23, 0x08, 0x23, 0x08, 0x23, 0x08, 0x23, 0x08,
    0x23, 0x08, 0x23, 0x08, 0x23, 0x08, 0x23, 0x08, 0x23, 0x08, 0x23, 0x08, 0x65, 0x08, 0x65, 0x10,
    0x23, 0x08, 0x23, 0x08, 0x23, 0x00, 0x23, 0x08, 0x03, 0x00, 0x23, 0x08, 0x23, 0x00, 0x23, 0x08,
    0x03, 0x00, 0x23, 0x08, 0x23, 0x00, 0x23, 0x08, 0x02, 0x00, 0x23, 0x08, 0x44, 0x08, 0x65, 0x10,
    0x23, 0x08, 0x22, 0x08, 0x22, 0x00, 0x23, 0x08, 0x02, 0x00, 0x22, 0x00, 0x22, 0x00, 0x23, 0x00,
    0x02, 0x00, 0x22, 0x00, 0x22, 0x00, 0x22, 0x00, 0x02, 0x00, 0x22, 0x00, 0x43, 0x08, 0x86, 0x10,
    0x23, 0x08, 0x22, 0x00, 0x02, 0x00, 0x22, 0x00, 0x02, 0x00, 0x22, 0x00, 0x02, 0x00, 0x22, 0x00,
    0x02, 0x00, 0x22, 0x00, 0x02, 0x00, 0x22, 0x00, 0x02, 0x00, 0x22, 0x00, 0x02, 0x00, 0x44, 0x08,
    0x44, 0x08, 0x22, 0x00, 0x02, 0x00, 0x22, 0x00, 0x02, 0x00, 0x02, 0x00, 0x02, 0x00, 0x02, 0x00,
    0x01, 0x00, 0x02, 0x00, 0x01, 0x00, 0x02, 0x00, 0x01, 0x00, 0x02, 0x00, 0x01, 0x00, 0x22, 0x00,
    0x44, 0x08, 0x44, 0x08, 0x01, 0x00, 0x02, 0x00, 0x01, 0x00, 0x01, 0x00, 0x01, 0x00, 0x01, 0x00,
    0x01, 0x00, 0x01, 0x00, 0x01, 0x00, 0x01, 0x00, 0x01, 0x00, 0x01, 0x00, 0x01, 0x00, 0x01, 0x00,
    0x01, 0x00, 0x44, 0x08, 0x23, 0x08, 0x01, 0x00, 0x01, 0x00, 0x01, 0x00, 0x01, 0x00, 0x01, 0x00,
    0x01, 0x00, 0x01, 0x00, 0x01, 0x00, 0x01, 0x00, 0x01, 0x00, 0x01, 0x00, 0x01, 0x00, 0x01, 0x00,
    0x01, 0x00, 0x01, 0x00, 0x23, 0x00, 0x43, 0x00, 0x01, 0x00, 0x01, 0x00, 0x01, 0x00, 0x01, 0x00,
    0x01, 0x00, 0x01, 0x00, 0x01, 0x00, 0x01, 0x00, 0x01, 0x00, 0x01, 0x00, 0x01, 0x00, 0x43, 0x00,
    0x22, 0x00, 0x01, 0x00, 0x01, 0x00, 0x01, 0x00, 0x01, 0x00, 0x01, 0x00, 0x01, 0x00, 0x01, 0x00,
    0x01, 0x00, 0x01, 0x00, 0x01, 0x00, 0x01, 0x00, 0x22, 0x00, 0x44, 0x08, 0x22, 0x00, 0x01, 0x00,
    0x01, 0x00, 0x01, 0x00, 0x01, 0x00, 0x01, 0x00, 0x01, 0x00, 0x01, 0x00, 0x01, 0x00, 0x01, 0x00,
    0x01, 0x00, 0x01, 0x00, 0x22, 0x00, 0x44, 0x08, 0x01, 0x00, 0x01, 0x00, 0x01, 0x00, 0x01, 0x00,
    0x01, 0x00, 0x01, 0x00, 0x01, 0x00, 0x01, 0x00, 0x01, 0x00, 0x01, 0x00, 0x01, 0x00, 0x01, 0x00,
    0x22, 0x00, 0x64, 0x08, 0x22, 0x00, 0x01, 0x00, 0x01, 0x00, 0x01, 0x00, 0x01, 0x00, 0x01, 0x00,
    0x01, 0x00, 0x01, 0x00, 0x01, 0x00, 0x01, 0x00, 0x01, 0x00, 0x01, 0x00, 0x22, 0x00, 0x64, 0x08,
    0x22, 0x00, 0x01, 0x00, 0x01, 0x00, 0x01, 0x00, 0x01, 0x00, 0x01, 0x00, 0x01, 0x00, 0x01, 0x00,
    0x01, 0x00, 0x01, 0x00, 0x01, 0x00, 0x01, 0x00, 0x01, 0x00, 0x43, 0x08, 0x43, 0x08, 0x01, 0x00,
    0x01, 0x00, 0x01, 0x00, 0x01, 0x00, 0x01, 0x00, 0x01, 0x00, 0x01, 0x00, 0x01, 0x00, 0x01, 0x00,
    0x01, 0x00, 0x01, 0x00, 0x01, 0x00, 0x22, 0x00, 0x65, 0x08, 0x22, 0x00, 0x01, 0x00, 0x01, 0x00,
    0x01, 0x00, 0x01, 0x00, 0x01, 0x00, 0x01, 0x00, 0x01, 0x00, 0x01, 0x00, 0x02, 0x00, 0x01, 0x00,
    0x02, 0x00, 0x02, 0x00, 0x44, 0x08, 0x64, 0x08, 0x22, 0x00, 0x02, 0x00, 0x22, 0x00, 0x22, 0x00,
    0x22, 0x00, 0x22, 0x00, 0x22, 0x00, 0x22, 0x00, 0x22, 0x00, 0x22, 0x00, 0x22, 0x00, 0x22, 0x00,
    0x22, 0x00, 0x44, 0x08, 0x64, 0x08, 0x22, 0x00, 0x22, 0x00, 0x22, 0x00, 0x22, 0x00, 0x22, 0x00,
    0x22, 0x00, 0x22, 0x00, 0x22, 0x00, 0x22, 0x00, 0x22, 0x00, 0x22, 0x00, 0x22, 0x08, 0x22, 0x00,
    0x64, 0x08, 0x65, 0x08, 0x22, 0x08, 0x22, 0x08, 0x22, 0x08, 0x22, 0x00, 0x22, 0x08, 0x22, 0x08,
    0x22, 0x08, 0x22, 0x00, 0x22, 0x08, 0x22, 0x08, 0x22, 0x08, 0x22, 0x00, 0x22, 0x08, 0x44, 0x08,
    0x86, 0x10, 0x43, 0x08, 0x23, 0x08, 0x23, 0x08, 0x23, 0x08, 0x23, 0x08, 0x23, 0x08, 0x23, 0x08,
    0x23, 0x08, 0x23, 0x08, 0x23, 0x08, 0x23, 0x08, 0x23, 0x08, 0x23, 0x08, 0x43, 0x08, 0x86, 0x10,
    0x64, 0x08, 0x23, 0x08, 0x23, 0x08, 0x23, 0x08, 0x23, 0x08, 0x23, 0x08, 0x23, 0x08, 0x23, 0x08,
    0x23, 0x08, 0x23, 0x08, 0x23, 0x08, 0x23, 0x08, 0x23, 0x08, 0x23, 0x08, 0x44, 0x08, 0x86, 0x10,
    0x43, 0x08, 0x23, 0x08, 0x23, 0x08, 0x23, 0x08, 0x23, 0x08, 0x23, 0x08, 0x23, 0x08, 0x23, 0x08,
    0x23, 0x08, 0x23, 0x08, 0x23, 0x08, 0x23, 0x08, 0x23, 0x08, 0x23, 0x08, 0x65, 0x10, 0x65, 0x08,
    0x23, 0x08, 0x23, 0x08, 0x23, 0x08, 0x23, 0x08, 0x23, 0x08, 0x23, 0x08, 0x23, 0x08, 0x23, 0x08,
    0x23, 0x08, 0x23, 0x08, 0x23, 0x08, 0x23, 0x08, 0x23, 0x08, 0x23, 0x08, 0x65, 0x10, 0x65, 0x08,
    0x23, 0x08, 0x22, 0x00, 0x23, 0x08, 0x22, 0x00, 0x22, 0x00, 0x22, 0x00, 0x23, 0x08, 0x22, 0x00,
    0x22, 0x08, 0x22, 0x00, 0x22, 0x08, 0x22, 0x00, 0x22, 0x00, 0x22, 0x00, 0x44, 0x08, 0x65, 0x08,
    0x23, 0x08, 0x22, 0x00, 0x22, 0x00, 0x22, 0x00, 0x22, 0x00, 0x22, 0x00, 0x22, 0x00, 0x22, 0x00,
    0x22, 0x00, 0x22, 0x00, 0x22, 0x00, 0x22, 0x00, 0x22, 0x00, 0x22, 0x00, 0x23, 0x08, 0x65, 0x08,
    0x43, 0x08, 0x22, 0x00, 0x22, 0x00, 0x22, 0x00, 0x22, 0x00, 0x02, 0x00, 0x22, 0x00, 0x22, 0x00,
    0x22, 0x00, 0x02, 0x00, 0x22, 0x00, 0x02, 0x00, 0x02, 0x00, 0x02, 0x00, 0x22, 0x00, 0x43, 0x08,
    0x64, 0x08, 0x22, 0x00, 0x02, 0x00, 0x02, 0x00, 0x02, 0x00, 0x01, 0x00, 0x02, 0x00, 0x02, 0x00,
    0x02, 0x00, 0x01, 0x00, 0x01, 0x00, 0x01, 0x00, 0x01, 0x00, 0x01, 0x00, 0x01, 0x00, 0x22, 0x00,
    0x44, 0x08, 0x43, 0x08, 0x01, 0x00, 0x01, 0x00, 0x01, 0x00, 0x01, 0x00, 0x01, 0x00, 0x01, 0x00,
    0x01, 0x00, 0x01, 0x00, 0x01, 0x00, 0x01, 0x00, 0x01, 0x00, 0x01, 0x00, 0x01, 0x00, 0x01, 0x00,
    0x01, 0x00, 0x43, 0x08, 0x43, 0x08, 0x01, 0x00, 0x01, 0x00, 0x01, 0x00, 0x01, 0x00, 0x01, 0x00,
    0x01, 0x00, 0x01, 0x00, 0x01, 0x00, 0x01, 0x00, 0x01, 0x00, 0x01, 0x00, 0x01, 0x00, 0x01, 0x00,
    0x01, 0x00, 0x01, 0x00, 0x22, 0x00, 0x43, 0x08, 0x01, 0x00, 0x01, 0x00, 0x01, 0x00, 0x01, 0x00,
    0x01, 0x00, 0x01, 0x00, 0x01, 0x00, 0x01, 0x00, 0x01, 0x00, 0x01, 0x00, 0x01, 0x00, 0x43, 0x08,
    0x22, 0x00, 0x01, 0x00, 0x01, 0x00, 0x01, 0x00, 0x01, 0x00, 0x01, 0x00, 0x01, 0x00, 0x01, 0x00,
    0x01, 0x00, 0x01, 0x00, 0x01, 0x00, 0x01, 0x00, 0x22, 0x00, 0x64, 0x08, 0x01, 0x00, 0x01, 0x00,
    0x01, 0x00, 0x01, 0x00, 0x01, 0x00, 0x01, 0x00, 0x01, 0x00, 0x01, 0x00, 0x01, 0x00, 0x01, 0x00,
    0x01, 0x00, 0x01, 0x00, 0x22, 0x00, 0x44, 0x08, 0x01, 0x00, 0x01, 0x00, 0x01, 0x00, 0x01, 0x00,
    0x01, 0x00, 0x01, 0x00, 0x01, 0x00, 0x01, 0x00, 0x01, 0x00, 0x01, 0x00, 0x01, 0x00, 0x01, 0x00,
    0x22, 0x00, 0x44, 0x08, 0x01, 0x00, 0x01, 0x00, 0x01, 0x00, 0x01, 0x00, 0x01, 0x00, 0x01, 0x00,
    0x01, 0x00, 0x01, 0x00, 0x01, 0x00, 0x01, 0x00, 0x01, 0x00, 0x01, 0x00, 0x22, 0x00, 0x65, 0x08,
    0x22, 0x00, 0x01, 0x00, 0x01, 0x00, 0x01, 0x00, 0x01, 0x00, 0x01, 0x00, 0x01, 0x00, 0x01, 0x00,
    0x01, 0x00, 0x01, 0x00, 0x01, 0x00, 0x01, 0x00, 0x01, 0x00, 0x64, 0x08, 0x43, 0x08, 0x01, 0x00,
    0x01, 0x00, 0x01, 0x00, 0x01, 0x00, 0x01, 0x00, 0x01, 0x00, 0x02, 0x00, 0x01, 0x00, 0x02, 0x00,
    0x01, 0x00, 0x02, 0x00, 0x01, 0x00, 0x23, 0x00, 0x65, 0x08, 0x23, 0x00, 0x01, 0x00, 0x02, 0x00,
    0x01, 0x00, 0x02, 0x00, 0x02, 0x00, 0x02, 0x00, 0x02, 0x00, 0x02, 0x00, 0x02, 0x00, 0x02, 0x00,
    0x02, 0x00, 0x02, 0x00, 0x44, 0x08, 0x64, 0x08, 0x02, 0x00, 0x22, 0x00, 0x02, 0x00, 0x22, 0x00,
    0x02, 0x00, 0x22, 0x00, 0x02, 0x00, 0x22, 0x00, 0x02, 0x00, 0x22, 0x00, 0x02, 0x00, 0x22, 0x00,
    0x02, 0x00, 0x64, 0x08, 0x44, 0x08, 0x22, 0x00, 0x02, 0x00, 0x22, 0x00, 0x02, 0x00, 0x22, 0x00,
    0x02, 0x00, 0x22, 0x00, 0x02, 0x00, 0x22, 0x08, 0x02, 0x00, 0x22, 0x08, 0x22, 0x00, 0x22, 0x08,
    0x44, 0x08, 0x65, 0x08, 0x22, 0x00, 0x22, 0x08, 0x22, 0x00, 0x23, 0x08, 0x22, 0x00, 0x23, 0x08,
    0x22, 0x00, 0x23, 0x08, 0x22, 0x00, 0x23, 0x08, 0x23, 0x00, 0x23, 0x08, 0x23, 0x00, 0x44, 0x08,
    0x66, 0x10, 0x43, 0x08, 0x23, 0x00, 0x23, 0x08, 0x23, 0x00, 0x23, 0x08, 0x23, 0x08, 0x23, 0x08,
    0x23, 0x08, 0x23, 0x08, 0x23, 0x08, 0x23, 0x08, 0x23, 0x08, 0x23, 0x08, 0x23, 0x08, 0x86, 0x10,
    0x64, 0x08, 0x23, 0x08, 0x23, 0x08, 0x23, 0x08, 0x23, 0x08, 0x23, 0x08, 0x23, 0x08, 0x23, 0x08,
    0x23, 0x08, 0x23, 0x08, 0x23, 0x08, 0x23, 0x08, 0x23, 0x08, 0x23, 0x08, 0x44, 0x08, 0x86, 0x10,
    0x44, 0x08, 0x23, 0x08, 0x23, 0x08, 0x23, 0x08, 0x23, 0x08, 0x23, 0x08, 0x23, 0x08, 0x23, 0x08,
    0x23, 0x08, 0x23, 0x08, 0x23, 0x08, 0x23, 0x08, 0x23, 0x08, 0x23, 0x08, 0x65, 0x08, 0x86, 0x10,
    0x23, 0x08, 0x23, 0x08, 0x23, 0x08, 0x23, 0x08, 0x23, 0x08, 0x23, 0x08, 0x23, 0x08, 0x23, 0x08,
    0x23, 0x08, 0x23, 0x08, 0x23, 0x08, 0x23, 0x08, 0x23, 0x00, 0x23, 0x08, 0x45, 0x08, 0x65, 0x10,
    0x23, 0x08, 0x23, 0x08, 0x23, 0x00, 0x23, 0x08, 0x23, 0x00, 0x23, 0x08, 0x03, 0x00, 0x23, 0x08,
    0x03, 0x00, 0x23, 0x08, 0x02, 0x00, 0x23, 0x08, 0x02, 0x00, 0x23, 0x08, 0x44, 0x08, 0x86, 0x10,
    0x23, 0x08, 0x23, 0x08, 0x02, 0x00, 0x22, 0x08, 0x02, 0x00, 0x22, 0x08, 0x02, 0x00, 0x22, 0x00,
    0x02, 0x00, 0x22, 0x00, 0x02, 0x00, 0x22, 0x00, 0x02, 0x00, 0x22, 0x00, 0x23, 0x08, 0x65, 0x08,
    0x44, 0x08, 0x22, 0x00, 0x02, 0x00, 0x22, 0x00, 0x02, 0x00, 0x22, 0x00, 0x02, 0x00, 0x22, 0x00,
    0x02, 0x00, 0x22, 0x00, 0x02, 0x00, 0x22, 0x00, 0x02, 0x00, 0x22, 0x00, 0x02, 0x00, 0x44, 0x08,
    0x65, 0x08, 0x23, 0x08, 0x02, 0x00, 0x22, 0x00, 0x02, 0x00, 0x22, 0x00, 0x01, 0x00, 0x02, 0x00,
    0x01, 0x00, 0x02, 0x00, 0x01, 0x00, 0x02, 0x00, 0x01, 0x00, 0x02, 0x00, 0x01, 0x00, 0x02, 0x00,
    0x23, 0x08, 0x44, 0x08, 0x02, 0x00, 0x02, 0x00, 0x01, 0x00, 0x01, 0x00, 0x01, 0x00, 0x01, 0x00,
    0x01, 0x00, 0x01, 0x00, 0x01, 0x00, 0x01, 0x00, 0x01, 0x00, 0x01, 0x00, 0x01, 0x00, 0x01, 0x00,
    0x01, 0x00, 0x43, 0x08, 0x43, 0x08, 0x22, 0x00, 0x01, 0x00, 0x01, 0x00, 0x01, 0x00, 0x01, 0x00,
    0x01, 0x00, 0x01, 0x00, 0x01, 0x00, 0x01, 0x00, 0x01, 0x00, 0x01, 0x00, 0x01, 0x00, 0x01, 0x00,
    0x01, 0x00, 0x01, 0x00, 0x22, 0x00, 0x44, 0x08, 0x02, 0x00, 0x01, 0x00, 0x01, 0x00, 0x01, 0x00,
    0x01, 0x00, 0x01, 0x00, 0x01, 0x00, 0x01, 0x00, 0x01, 0x00, 0x01, 0x00, 0x01, 0x00, 0x44, 0x08,
    0x01, 0x00, 0x01, 0x00, 0x01, 0x00, 0x01, 0x00, 0x01, 0x00, 0x01, 0x00, 0x01, 0x00, 0x01, 0x00,
    0x01, 0x00, 0x01, 0x00, 0x01, 0x00, 0x01, 0x00, 0x22, 0x00, 0x43, 0x08, 0x01, 0x00, 0x01, 0x00,
    0x01, 0x00, 0x01, 0x00, 0x01, 0x00, 0x01, 0x00, 0x01, 0x00, 0x01, 0x00, 0x01, 0x00, 0x01, 0x00,
    0x01, 0x00, 0x01, 0x00, 0x23, 0x00, 0x43, 0x08, 0x01, 0x00, 0x01, 0x00, 0x01, 0x00, 0x01, 0x00,
    0x01, 0x00, 0x01, 0x00, 0x01, 0x00, 0x01, 0x00, 0x01, 0x00, 0x01, 0x00, 0x01, 0x00, 0x01, 0x00,
    0x23, 0x00, 0x44, 0x08, 0x01, 0x00, 0x01, 0x00, 0x01, 0x00, 0x01, 0x00, 0x01, 0x00, 0x01, 0x00,
    0x01, 0x00, 0x01, 0x00, 0x01, 0x00, 0x01, 0x00, 0x01, 0x00, 0x01, 0x00, 0x22, 0x00, 0x64, 0x08,
    0x22, 0x00, 0x01, 0x00, 0x01, 0x00, 0x01, 0x00, 0x01, 0x00, 0x01, 0x00, 0x01, 0x00, 0x01, 0x00,
    0x01, 0x00, 0x01, 0x00, 0x01, 0x00, 0x01, 0x00, 0x01, 0x00, 0x44, 0x08, 0x43, 0x00, 0x01, 0x00,
    0x01, 0x00, 0x01, 0x00, 0x01, 0x00, 0x01, 0x00, 0x01, 0x00, 0x01, 0x00, 0x01, 0x00, 0x01, 0x00,
    0x01, 0x00, 0x01, 0x00, 0x01, 0x00, 0x23, 0x00, 0x65, 0x08, 0x22, 0x00, 0x02, 0x00, 0x01, 0x00,
    0x02, 0x00, 0x02, 0x00, 0x02, 0x00, 0x02, 0x00, 0x02, 0x00, 0x02, 0x00, 0x02, 0x00, 0x02, 0x00,
    0x02, 0x00, 0x02, 0x00, 0x44, 0x08, 0x64, 0x08, 0x02, 0x00, 0x02, 0x00, 0x02, 0x00, 0x02, 0x00,
    0x02, 0x00, 0x02, 0x00, 0x22, 0x00, 0x22, 0x00, 0x22, 0x00, 0x22, 0x00, 0x22, 0x00, 0x22, 0x00,
    0x22, 0x00, 0x64, 0x08, 0x64, 0x08, 0x22, 0x00, 0x22, 0x00, 0x22, 0x00, 0x22, 0x00, 0x22, 0x00,
    0x22, 0x00, 0x22, 0x00, 0x22, 0x00, 0x22, 0x00, 0x22, 0x00, 0x22, 0x00, 0x22, 0x00, 0x22, 0x00,
    0x65, 0x08, 0x65, 0x08, 0x22, 0x08, 0x22, 0x00, 0x22, 0x08, 0x22, 0x00, 0x23, 0x08, 0x22, 0x00,
    0x23, 0x08, 0x23, 0x08, 0x23, 0x08, 0x23, 0x00, 0x23, 0x08, 0x23, 0x08, 0x23, 0x08, 0x44, 0x08,
    0x86, 0x10, 0x23, 0x08, 0x23, 0x08, 0x23, 0x08, 0x23, 0x08, 0x23, 0x08, 0x23, 0x08, 0x23, 0x08,
    0x23, 0x08, 0x23, 0x08, 0x23, 0x08, 0x23, 0x08, 0x23, 0x08, 0x23, 0x08, 0x43, 0x08, 0x86, 0x10,
    0x65, 0x08, 0x23, 0x08, 0x23, 0x08, 0x23, 0x08, 0x23, 0x08, 0x23, 0x08, 0x23, 0x08, 0x23, 0x08,
    0x23, 0x08, 0x23, 0x08, 0x23, 0x08, 0x23, 0x08, 0x23, 0x08, 0x23, 0x08, 0x45, 0x08, 0x86, 0x10,
    0x44, 0x08, 0x23, 0x08, 0x23, 0x08, 0x23, 0x08, 0x23, 0x08, 0x23, 0x08, 0x23, 0x08, 0x23, 0x08,
    0x23, 0x08, 0x23, 0x08, 0x23, 0x08, 0x23, 0x08, 0x23, 0x08, 0x23, 0x08, 0x65, 0x10, 0x86, 0x10,
    0x23, 0x08, 0x23, 0x08, 0x23, 0x08, 0x23, 0x08, 0x23, 0x08, 0x23, 0x08, 0x23, 0x08, 0x23, 0x08,
    0x23, 0x08, 0x23, 0x08, 0x23, 0x08, 0x23, 0x08, 0x23, 0x08, 0x23, 0x08, 0x65, 0x08, 0x65, 0x08,
    0x23, 0x08, 0x23, 0x08, 0x23, 0x08, 0x23, 0x00, 0x23, 0x08, 0x23, 0x08, 0x23, 0x08, 0x23, 0x00,
    0x23, 0x08, 0x23, 0x08, 0x23, 0x08, 0x23, 0x00, 0x23, 0x08, 0x23, 0x00, 0x44, 0x08, 0x86, 0x08,
    0x43, 0x08, 0x22, 0x00, 0x22, 0x00, 0x22, 0x00, 0x22, 0x00, 0x22, 0x00, 0x22, 0x00, 0x22, 0x00,
    0x22, 0x00, 0x22, 0x00, 0x22, 0x00, 0x22, 0x00, 0x22, 0x00, 0x22, 0x00, 0x23, 0x08, 0x65, 0x08,
    0x44, 0x08, 0x22, 0x00, 0x22, 0x00, 0x22, 0x00, 0x22, 0x00, 0x22, 0x00, 0x22, 0x00, 0x02, 0x00,
    0x22, 0x00, 0x02, 0x00, 0x22, 0x00, 0x02, 0x00, 0x22, 0x00, 0x02, 0x00, 0x02, 0x00, 0x43, 0x08,
    0x65, 0x08, 0x23, 0x00, 0x02, 0x00, 0x02, 0x00, 0x02, 0x00, 0x02, 0x00, 0x02, 0x00, 0x02, 0x00,
    0x02, 0x00, 0x02, 0x00, 0x02, 0x00, 0x02, 0x00, 0x02, 0x00, 0x02, 0x00, 0x02, 0x00, 0x02, 0x00,
    0x43, 0x08, 0x44, 0x08, 0x22, 0x00, 0x01, 0x00, 0x01, 0x00, 0x01, 0x00, 0x01, 0x00, 0x01, 0x00,
    0x01, 0x00, 0x01, 0x00, 0x01, 0x00, 0x01, 0x00, 0x01, 0x00, 0x01, 0x00, 0x01, 0x00, 0x01, 0x00,
    0x01, 0x00, 0x23, 0x00, 0x44, 0x08, 0x22, 0x00, 0x01, 0x00, 0x01, 0x00, 0x01, 0x00, 0x01, 0x00,
    0x01, 0x00, 0x01, 0x00, 0x01, 0x00, 0x01, 0x00, 0x01, 0x00, 0x01, 0x00, 0x01, 0x00, 0x01, 0x00,
    0x01, 0x00, 0x01, 0x00, 0x22, 0x00, 0x44, 0x08, 0x22, 0x00, 0x01, 0x00, 0x01, 0x00, 0x01, 0x00,
    0x01, 0x00, 0x01, 0x00, 0x01, 0x00, 0x01, 0x00, 0x01, 0x00, 0x01, 0x00, 0x22, 0x00, 0x43, 0x08,
    0x01, 0x00, 0x01, 0x00, 0x01, 0x00, 0x01, 0x00, 0x01, 0x00, 0x01, 0x00, 0x01, 0x00, 0x01, 0x00,
    0x01, 0x00, 0x01, 0x00, 0x01, 0x00, 0x01, 0x00, 0x22, 0x00, 0x43, 0x00, 0x01, 0x00, 0x01, 0x00,
    0x01, 0x00, 0x01, 0x00, 0x01, 0x00, 0x01, 0x00, 0x01, 0x00, 0x01, 0x00, 0x01, 0x00, 0x01, 0x00,
    0x01, 0x00, 0x01, 0x00, 0x23, 0x00, 0x43, 0x08, 0x01, 0x00, 0x01, 0x00, 0x01, 0x00, 0x01, 0x00,
    0x01, 0x00, 0x01, 0x00, 0x01, 0x00, 0x01, 0x00, 0x01, 0x00, 0x01, 0x00, 0x01, 0x00, 0x01, 0x00,
    0x23, 0x00, 0x43, 0x08, 0x01, 0x00, 0x01, 0x00, 0x01, 0x00, 0x01, 0x00, 0x01, 0x00, 0x01, 0x00,
    0x01, 0x00, 0x01, 0x00, 0x01, 0x00, 0x01, 0x00, 0x01, 0x00, 0x01, 0x00, 0x22, 0x00, 0x64, 0x08,
    0x01, 0x00, 0x01, 0x00, 0x01, 0x00, 0x01, 0x00, 0x01, 0x00, 0x01, 0x00, 0x01, 0x00, 0x01, 0x00,
    0x01, 0x00, 0x01, 0x00, 0x01, 0x00, 0x01, 0x00, 0x01, 0x00, 0x64, 0x08, 0x23, 0x00, 0x01, 0x00,
    0x01, 0x00, 0x01, 0x00, 0x01, 0x00, 0x01, 0x00, 0x01, 0x00, 0x01, 0x00, 0x01, 0x00, 0x02, 0x00,
    0x01, 0x00, 0x01, 0x00, 0x01, 0x00, 0x43, 0x08, 0x44, 0x08, 0x22, 0x00, 0x01, 0x00, 0x02, 0x00,
    0x01, 0x00, 0x01, 0x00, 0x01, 0x00, 0x02, 0x00, 0x01, 0x00, 0x02, 0x00, 0x01, 0x00, 0x02, 0x00,
    0x01, 0x00, 0x02, 0x00, 0x44, 0x08, 0x44, 0x08, 0x02, 0x00, 0x02, 0x00, 0x02, 0x00, 0x22, 0x00,
    0x02, 0x00, 0x02, 0x00, 0x02, 0x00, 0x22, 0x00, 0x02, 0x00, 0x22, 0x00, 0x02, 0x00, 0x22, 0x00,
    0x02, 0x00, 0x64, 0x08, 0x44, 0x08, 0x22, 0x00, 0x02, 0x00, 0x22, 0x00, 0x02, 0x00, 0x22, 0x00,
    0x02, 0x00, 0x22, 0x00, 0x22, 0x00, 0x22, 0x08, 0x02, 0x00, 0x22, 0x08, 0x22, 0x00, 0x22, 0x08,
    0x44, 0x08, 0x65, 0x08, 0x22, 0x00, 0x22, 0x08, 0x22, 0x00, 0x22, 0x08, 0x22, 0x00, 0x22, 0x08,
    0x22, 0x00, 0x22, 0x08, 0x22, 0x00, 0x23, 0x08, 0x22, 0x00, 0x23, 0x08, 0x22, 0x00, 0x44, 0x08,
    0x65, 0x10, 0x43, 0x08, 0x22, 0x08, 0x23, 0x08, 0x22, 0x08, 0x23, 0x08, 0x23, 0x08, 0x23, 0x08,
    0x22, 0x08, 0x23, 0x08, 0x23, 0x08, 0x23, 0x08, 0x23, 0x08, 0x23, 0x08, 0x43, 0x08, 0x86, 0x10,
    0x44, 0x08, 0x23, 0x08, 0x23, 0x08, 0x23, 0x08, 0x23, 0x08, 0x23, 0x08, 0x23, 0x08, 0x23, 0x08,
    0x23, 0x08, 0x23, 0x08, 0x23, 0x08, 0x23, 0x08, 0x23, 0x08, 0x23, 0x08, 0x44, 0x08, 0x86, 0x10,
    0x44, 0x08, 0x23, 0x08, 0x23, 0x08, 0x23, 0x08, 0x23, 0x08, 0x23, 0x08, 0x23, 0x08, 0x23, 0x08,
    0x23, 0x08, 0x23, 0x08, 0x23, 0x08, 0x23, 0x08, 0x23, 0x08, 0x23, 0x08, 0x65, 0x08, 0x86, 0x10,
    0x23, 0x08, 0x23, 0x08, 0x23, 0x00, 0x23, 0x08, 0x22, 0x00, 0x23, 0x08, 0x23, 0x00, 0x23, 0x08,
    0x22, 0x00, 0x23, 0x08, 0x23, 0x00, 0x23, 0x08, 0x22, 0x00, 0x23, 0x08, 0x64, 0x08, 0x86, 0x10,
    0x23, 0x08, 0x23, 0x08, 0x22, 0x00, 0x23, 0x08, 0x22, 0x00, 0x23, 0x08, 0x22, 0x00, 0x23, 0x08,
    0x02, 0x00, 0x23, 0x08, 0x02, 0x00, 0x23, 0x08, 0x02, 0x00, 0x22, 0x08, 0x44, 0x08, 0x86, 0x10,
    0x23, 0x08, 0x22, 0x08, 0x02, 0x00, 0x22, 0x08, 0x02, 0x00, 0x22, 0x08, 0x02, 0x00, 0x22, 0x08,
    0x02, 0x00, 0x22, 0x00, 0x02, 0x00, 0x22, 0x00, 0x02, 0x00, 0x22, 0x00, 0x22, 0x00, 0x65, 0x08,
    0x44, 0x08, 0x22, 0x00, 0x02, 0x00, 0x22, 0x00, 0x02, 0x00, 0x22, 0x00, 0x02, 0x00, 0x22, 0x00,
    0x02, 0x00, 0x22, 0x00, 0x02, 0x00, 0x22, 0x00, 0x02, 0x00, 0x22, 0x00, 0x02, 0x00, 0x43, 0x08,
    0x65, 0x08, 0x43, 0x08, 0x01, 0x00, 0x22, 0x00, 0x01, 0x00, 0x02, 0x00, 0x01, 0x00, 0x22, 0x00,
    0x01, 0x00, 0x02, 0x00, 0x01, 0x00, 0x02, 0x00, 0x01, 0x00, 0x01, 0x00, 0x01, 0x00, 0x01, 0x00,
    0x23, 0x00, 0x64, 0x08, 0x22, 0x00, 0x01, 0x00, 0x01, 0x00, 0x01, 0x00, 0x01, 0x00, 0x01, 0x00,
    0x01, 0x00, 0x01, 0x00, 0x01, 0x00, 0x01, 0x00, 0x01, 0x00, 0x01, 0x00, 0x01, 0x00, 0x01, 0x00,
    0x01, 0x00, 0x22, 0x00, 0x44, 0x08, 0x22, 0x00, 0x01, 0x00, 0x01, 0x00, 0x01, 0x00, 0x01, 0x00,
    0x01, 0x00, 0x01, 0x00, 0x01, 0x00, 0x01, 0x00, 0x01, 0x00, 0x01, 0x00, 0x01, 0x00, 0x01, 0x00,
    0x01, 0x00, 0x01, 0x00, 0x22, 0x00, 0x44, 0x08, 0x22, 0x00, 0x01, 0x00, 0x01, 0x00, 0x01, 0x00,
    0x01, 0x00, 0x01, 0x00, 0x01, 0x00, 0x01, 0x00, 0x01, 0x00, 0x01, 0x00, 0x22, 0x00, 0x43, 0x00,
    0x01, 0x00, 0x01, 0x00, 0x01, 0x00, 0x01, 0x00, 0x01, 0x00, 0x01, 0x00, 0x01, 0x00, 0x01, 0x00,
    0x01, 0x00, 0x01, 0x00, 0x01, 0x00, 0x01, 0x00, 0x23, 0x00, 0x23, 0x00, 0x01, 0x00, 0x01, 0x00,
    0x01, 0x00, 0x01, 0x00, 0x01, 0x00, 0x01, 0x00, 0x01, 0x00, 0x01, 0x00, 0x01, 0x00, 0x01, 0x00,
    0x01, 0x00, 0x01, 0x00, 0x43, 0x08, 0x23, 0x00, 0x01, 0x00, 0x01, 0x00, 0x01, 0x00, 0x01, 0x00,
    0x01, 0x00, 0x01, 0x00, 0x01, 0x00, 0x01, 0x00, 0x01, 0x00, 0x01, 0x00, 0x01, 0x00, 0x01, 0x00,
    0x43, 0x08, 0x43, 0x08, 0x01, 0x00, 0x01, 0x00, 0x01, 0x00, 0x01, 0x00, 0x01, 0x00, 0x01, 0x00,
    0x01, 0x00, 0x01, 0x00, 0x01, 0x00, 0x01, 0x00, 0x01, 0x00, 0x01, 0x00, 0x23, 0x00, 0x44, 0x08,
    0x01, 0x00, 0x01, 0x00, 0x01, 0x00, 0x01, 0x00, 0x01, 0x00, 0x01, 0x00, 0x01, 0x00, 0x01, 0x00,
    0x01, 0x00, 0x01, 0x00, 0x01, 0x00, 0x01, 0x00, 0x22, 0x00, 0x64, 0x08, 0x23, 0x00, 0x01, 0x00,
    0x01, 0x00, 0x01, 0x00, 0x01, 0x00, 0x01, 0x00, 0x01, 0x00, 0x01, 0x00, 0x02, 0x00, 0x01, 0x00,
    0x01, 0x00, 0x01, 0x00, 0x01, 0x00, 0x43, 0x08, 0x64, 0x08, 0x02, 0x00, 0x02, 0x00, 0x02, 0x00,
    0x02, 0x00, 0x01, 0x00, 0x02, 0x00, 0x02, 0x00, 0x02, 0x00, 0x02, 0x00, 0x02, 0x00, 0x02, 0x00,
    0x02, 0x00, 0x02, 0x00, 0x44, 0x08, 0x44, 0x08, 0x02, 0x00, 0x02, 0x00, 0x02, 0x00, 0x02, 0x00,
    0x02, 0x00, 0x02, 0x00, 0x02, 0x00, 0x02, 0x00, 0x02, 0x00, 0x02, 0x00, 0x22, 0x00, 0x02, 0x00,
    0x02, 0x00, 0x44, 0x08, 0x44, 0x08, 0x02, 0x00, 0x22, 0x00, 0x22, 0x00, 0x22, 0x00, 0x22, 0x00,
    0x22, 0x00, 0x22, 0x00, 0x22, 0x00, 0x22, 0x00, 0x22, 0x00, 0x22, 0x00, 0x22, 0x08, 0x22, 0x00,
    0x65, 0x08, 0x65, 0x08, 0x22, 0x08, 0x22, 0x00, 0x22, 0x08, 0x22, 0x00, 0x23, 0x08, 0x23, 0x08,
    0x23, 0x08, 0x22, 0x00, 0x23, 0x08, 0x23, 0x00, 0x23, 0x08, 0x22, 0x00, 0x23, 0x08, 0x44, 0x08,
    0x86, 0x10, 0x23, 0x08, 0x23, 0x08, 0x23, 0x08, 0x23, 0x08, 0x23, 0x08, 0x23, 0x08, 0x23, 0x08,
    0x23, 0x08, 0x23, 0x08, 0x23, 0x08, 0x23, 0x08, 0x23, 0x08, 0x23, 0x08, 0x43, 0x08, 0x86, 0x10,
    0x65, 0x08, 0x23, 0x08, 0x23, 0x08, 0x23, 0x08, 0x23, 0x08, 0x23, 0x08, 0x23, 0x08, 0x23, 0x08,
    0x23, 0x08, 0x23, 0x08, 0x23, 0x08, 0x23, 0x08, 0x23, 0x08, 0x23, 0x08, 0x64, 0x08, 0x86, 0x10,
    0x44, 0x08, 0x23, 0x08, 0x23, 0x08, 0x23, 0x08, 0x23, 0x08, 0x23, 0x08, 0x23, 0x08, 0x23, 0x08,
    0x23, 0x08, 0x23, 0x08, 0x23, 0x08, 0x23, 0x08, 0x23, 0x08, 0x23, 0x08, 0x65, 0x08, 0x66, 0x10,
    0x24, 0x08, 0x23, 0x08, 0x23, 0x08, 0x23, 0x08, 0x23, 0x08, 0x23, 0x08, 0x23, 0x08, 0x23, 0x08,
    0x23, 0x08, 0x23, 0x08, 0x23, 0x08, 0x23, 0x08, 0x23, 0x08, 0x23, 0x08, 0x44, 0x08, 0x66, 0x10,
    0x44, 0x08, 0x23, 0x00, 0x23, 0x08, 0x23, 0x00, 0x23, 0x08, 0x23, 0x00, 0x23, 0x08, 0x23, 0x08,
    0x23, 0x08, 0x22, 0x00, 0x23, 0x08, 0x22, 0x00, 0x22, 0x08, 0x22, 0x00, 0x44, 0x08, 0x86, 0x10,
    0x44, 0x08, 0x22, 0x00, 0x22, 0x08, 0x22, 0x00, 0x22, 0x00, 0x22, 0x00, 0x22, 0x00, 0x22, 0x00,
    0x22, 0x00, 0x02, 0x00, 0x22, 0x00, 0x22, 0x00, 0x22, 0x00, 0x22, 0x00, 0x22, 0x08, 0x64, 0x08,
    0x44, 0x08, 0x02, 0x00, 0x22, 0x00, 0x22, 0x00, 0x22, 0x00, 0x02, 0x00, 0x22, 0x00, 0x22, 0x00,
    0x22, 0x00, 0x02, 0x00, 0x22, 0x00, 0x02, 0x00, 0x22, 0x00, 0x02, 0x00, 0x22, 0x00, 0x23, 0x00,
    0x65, 0x08, 0x23, 0x08, 0x02, 0x00, 0x02, 0x00, 0x02, 0x00, 0x02, 0x00, 0x02, 0x00, 0x02, 0x00,
    0x02, 0x00, 0x01, 0x00, 0x02, 0x00, 0x02, 0x00, 0x02, 0x00, 0x01, 0x00, 0x02, 0x00, 0x02, 0x00,
    0x23, 0x00, 0x64, 0x08, 0x23, 0x00, 0x01, 0x00, 0x01, 0x00, 0x01, 0x00, 0x01, 0x00, 0x01, 0x00,
    0x01, 0x00, 0x01, 0x00, 0x01, 0x00, 0x01, 0x00, 0x01, 0x00, 0x01, 0x00, 0x01, 0x00, 0x01, 0x00,
    0x01, 0x00, 0x22, 0x00, 0x44, 0x08, 0x22, 0x00, 0x01, 0x00, 0x01, 0x00, 0x01, 0x00, 0x01, 0x00,
    0x01, 0x00, 0x01, 0x00, 0x01, 0x00, 0x01, 0x00, 0x01, 0x00, 0x01, 0x00, 0x01, 0x00, 0x01, 0x00,
    0x01, 0x00, 0x01, 0x00, 0x22, 0x00, 0x43, 0x08, 0x22, 0x00, 0x01, 0x00, 0x01, 0x00, 0x01, 0x00,
    0x01, 0x00, 0x01, 0x00, 0x01, 0x00, 0x01, 0x00, 0x01, 0x00, 0x01, 0x00, 0x22, 0x00, 0x23, 0x00,
    0x01, 0x00, 0x01, 0x00, 0x01, 0x00, 0x01, 0x00, 0x01, 0x00, 0x01, 0x00, 0x01, 0x00, 0x01, 0x00,
    0x01, 0x00, 0x01, 0x00, 0x01, 0x00, 0x01, 0x00, 0x43, 0x00, 0x22, 0x00, 0x01, 0x00, 0x01, 0x00,
    0x01, 0x00, 0x01, 0x00, 0x01, 0x00, 0x01, 0x00, 0x01, 0x00, 0x01, 0x00, 0x01, 0x00, 0x01, 0x00,
    0x01, 0x00, 0x01, 0x00, 0x43, 0x08, 0x22, 0x00, 0x01, 0x00, 0x01, 0x00, 0x01, 0x00, 0x01, 0x00,
    0x01, 0x00, 0x01, 0x00, 0x01, 0x00, 0x01, 0x00, 0x01, 0x00, 0x01, 0x00, 0x01, 0x00, 0x01, 0x00,
    0x43, 0x00, 0x43, 0x00, 0x01, 0x00, 0x01, 0x00, 0x01, 0x00, 0x01, 0x00, 0x01, 0x00, 0x01, 0x00,
    0x01, 0x00, 0x01, 0x00, 0x01, 0x00, 0x01, 0x00, 0x01, 0x00, 0x01, 0x00, 0x23, 0x00, 0x44, 0x08,
    0x01, 0x00, 0x01, 0x00, 0x01, 0x00, 0x01, 0x00, 0x01, 0x00, 0x01, 0x00, 0x01, 0x00, 0x01, 0x00,
    0x01, 0x00, 0x01, 0x00, 0x01, 0x00, 0x01, 0x00, 0x22, 0x00, 0x64, 0x08, 0x22, 0x00, 0x01, 0x00,
    0x01, 0x00, 0x01, 0x00, 0x01, 0x00, 0x01, 0x00, 0x01, 0x00, 0x02, 0x00, 0x01, 0x00, 0x02, 0x00,
    0x01, 0x00, 0x02, 0x00, 0x01, 0x00, 0x43, 0x08, 0x44, 0x08, 0x02, 0x00, 0x01, 0x00, 0x02, 0x00,
    0x01, 0x00, 0x02, 0x00, 0x01, 0x00, 0x02, 0x00, 0x01, 0x00, 0x02, 0x00, 0x01, 0x00, 0x02, 0x00,
    0x02, 0x00, 0x02, 0x00, 0x44, 0x08, 0x44, 0x08, 0x02, 0x00, 0x02, 0x00, 0x02, 0x00, 0x02, 0x00,
    0x02, 0x00, 0x22, 0x00, 0x02, 0x00, 0x22, 0x00, 0x02, 0x00, 0x22, 0x00, 0x02, 0x00, 0x22, 0x00,
    0x02, 0x00, 0x65, 0x08, 0x44, 0x08, 0x22, 0x00, 0x02, 0x00, 0x22, 0x00, 0x02, 0x00, 0x22, 0x00,
    0x02, 0x00, 0x22, 0x00, 0x02, 0x00, 0x22, 0x08, 0x22, 0x00, 0x22, 0x08, 0x22, 0x00, 0x22, 0x08,
    0x65, 0x08, 0x65, 0x08, 0x22, 0x00, 0x23, 0x08, 0x22, 0x00, 0x23, 0x08, 0x22, 0x00, 0x23, 0x08,
    0x22, 0x00, 0x23, 0x08, 0x22, 0x00, 0x23, 0x08, 0x22, 0x00, 0x23, 0x08, 0x22, 0x00, 0x44, 0x08,
    0x66, 0x10, 0x43, 0x08, 0x23, 0x00, 0x23, 0x08, 0x23, 0x08, 0x23, 0x08, 0x23, 0x08, 0x23, 0x08,
    0x23, 0x08, 0x23, 0x08, 0x23, 0x08, 0x23, 0x08, 0x23, 0x08, 0x23, 0x08, 0x23, 0x08, 0x86, 0x10,
    0x45, 0x08, 0x23, 0x08, 0x23, 0x08, 0x23, 0x08, 0x23, 0x08, 0x23, 0x08, 0x23, 0x08, 0x23, 0x08,
    0x23, 0x08, 0x23, 0x08, 0x23, 0x08, 0x23, 0x08, 0x23, 0x08, 0x23, 0x08, 0x44, 0x08, 0x86, 0x10,
    0x44, 0x08, 0x23, 0x08, 0x23, 0x08, 0x23, 0x08, 0x23, 0x08, 0x23, 0x08, 0x23, 0x08, 0x23, 0x08,
    0x23, 0x08, 0x23, 0x08, 0x23, 0x08, 0x23, 0x08, 0x23, 0x08, 0x23, 0x08, 0x44, 0x08, 0x86, 0x10,
    0x23, 0x08, 0x23, 0x08, 0x23, 0x08, 0x23, 0x08, 0x23, 0x08, 0x23, 0x08, 0x23, 0x08, 0x23, 0x08,
    0x23, 0x08, 0x23, 0x08, 0x23, 0x08, 0x23, 0x08, 0x23, 0x08, 0x23, 0x08, 0x44, 0x08, 0x86, 0x10,
    0x23, 0x08, 0x23, 0x08, 0x23, 0x00, 0x23, 0x08, 0x23, 0x00, 0x23, 0x08, 0x22, 0x00, 0x23, 0x08,
    0x22, 0x00, 0x23, 0x08, 0x02, 0x00, 0x23, 0x08, 0x02, 0x00, 0x23, 0x08, 0x23, 0x08, 0x86, 0x10,
    0x44, 0x08, 0x23, 0x08, 0x02, 0x00, 0x23, 0x08, 0x02, 0x00, 0x23, 0x08, 0x02, 0x00, 0x22, 0x08,
    0x02, 0x00, 0x22, 0x00, 0x02, 0x00, 0x22, 0x00, 0x02, 0x00, 0x22, 0x00, 0x02, 0x00, 0x44, 0x08,
    0x44, 0x08, 0x22, 0x00, 0x02, 0x00, 0x22, 0x00, 0x02, 0x00, 0x22, 0x00, 0x02, 0x00, 0x22, 0x00,
    0x02, 0x00, 0x22, 0x00, 0x02, 0x00, 0x22, 0x00, 0x02, 0x00, 0x22, 0x00, 0x02, 0x00, 0x23, 0x08,
    0x64, 0x08, 0x43, 0x08, 0x01, 0x00, 0x22, 0x00, 0x01, 0x00, 0x22, 0x00, 0x01, 0x00, 0x02, 0x00,
    0x01, 0x00, 0x02, 0x00, 0x01, 0x00, 0x02, 0x00, 0x01, 0x00, 0x02, 0x00, 0x01, 0x00, 0x02, 0x00,
    0x22, 0x00, 0x65, 0x08, 0x22, 0x00, 0x01, 0x00, 0x01, 0x00, 0x01, 0x00, 0x01, 0x00, 0x01, 0x00,
    0x01, 0x00, 0x01, 0x00, 0x01, 0x00, 0x01, 0x00, 0x01, 0x00, 0x01, 0x00, 0x01, 0x00, 0x01, 0x00,
    0x01, 0x00, 0x22, 0x00, 0x44, 0x08, 0x22, 0x00, 0x01, 0x00, 0x01, 0x00, 0x01, 0x00, 0x01, 0x00,
    0x01, 0x00, 0x01, 0x00, 0x01, 0x00, 0x01, 0x00, 0x01, 0x00, 0x01, 0x00, 0x01, 0x00, 0x01, 0x00,
    0x01, 0x00, 0x01, 0x00, 0x01, 0x00, 0x43, 0x08, 0x23, 0x00, 0x01, 0x00, 0x01, 0x00, 0x01, 0x00,
    0x22, 0x00, 0x22, 0x00, 0x22, 0x00, 0x22, 0x00, 0x22, 0x00, 0x22, 0x00, 0x44, 0x08, 0x44, 0x08,
    0x22, 0x00, 0x22, 0x00, 0x22, 0x00, 0x22, 0x00, 0x22, 0x00, 0x22, 0x00, 0x22, 0x00, 0x22, 0x00,
    0x22, 0x00, 0x22, 0x00, 0x22, 0x00, 0x22, 0x00, 0x64, 0x08, 0x43, 0x08, 0x22, 0x00, 0x22, 0x00,
    0x22, 0x00, 0x22, 0x00, 0x22, 0x00, 0x22, 0x00, 0x22, 0x00, 0x22, 0x00, 0x22, 0x00, 0x22, 0x00,
    0x22, 0x00, 0x23, 0x00, 0x65, 0x08, 0x43, 0x08, 0x22, 0x00, 0x22, 0x00, 0x22, 0x00, 0x22, 0x00,
    0x22, 0x00, 0x22, 0x00, 0x22, 0x00, 0x22, 0x00, 0x22, 0x00, 0x22, 0x00, 0x22, 0x00, 0x22, 0x00,
    0x64, 0x08, 0x44, 0x08, 0x22, 0x00, 0x22, 0x00, 0x22, 0x00, 0x22, 0x00, 0x22, 0x00, 0x22, 0x00,
    0x22, 0x00, 0x22, 0x00, 0x22, 0x00, 0x22, 0x00, 0x22, 0x00, 0x22, 0x00, 0x64, 0x08, 0x64, 0x08,
    0x22, 0x00, 0x22, 0x00, 0x22, 0x00, 0x22, 0x00, 0x22, 0x00, 0x22, 0x00, 0x22, 0x00, 0x22, 0x00,
    0x22, 0x00, 0x22, 0x00, 0x22, 0x00, 0x22, 0x00, 0x43, 0x08, 0x65, 0x08, 0x43, 0x08, 0x22, 0x00,
    0x22, 0x00, 0x22, 0x00, 0x22, 0x00, 0x22, 0x00, 0x22, 0x00, 0x22, 0x00, 0x22, 0x00, 0x22, 0x00,
    0x22, 0x00, 0x22, 0x00, 0x22, 0x00, 0x44, 0x08, 0x65, 0x08, 0x22, 0x00, 0x22, 0x00, 0x22, 0x00,
    0x22, 0x00, 0x22, 0x00, 0x22, 0x00, 0x22, 0x00, 0x22, 0x00, 0x22, 0x00, 0x22, 0x00, 0x22, 0x00,
    0x22, 0x00, 0x22, 0x00, 0x65, 0x08, 0x44, 0x08, 0x22, 0x00, 0x22, 0x00, 0x22, 0x00, 0x22, 0x00,
    0x22, 0x00, 0x22, 0x00, 0x22, 0x00, 0x22, 0x00, 0x22, 0x00, 0x22, 0x00, 0x22, 0x00, 0x22, 0x00,
    0x22, 0x00, 0x65, 0x08, 0x64, 0x08, 0x22, 0x00, 0x22, 0x08, 0x22, 0x00, 0x22, 0x00, 0x22, 0x00,
    0x22, 0x00, 0x22, 0x00, 0x22, 0x00, 0x22, 0x00, 0x22, 0x08, 0x22, 0x00, 0x22, 0x08, 0x22, 0x00,
    0x65, 0x08, 0x64, 0x08, 0x22, 0x00, 0x22, 0x00, 0x22, 0x08, 0x23, 0x08, 0x23, 0x08, 0x23, 0x08,
    0x22, 0x08, 0x22, 0x00, 0x22, 0x08, 0x22, 0x00, 0x23, 0x08, 0x23, 0x08, 0x23, 0x08, 0x44, 0x08,
    0x86, 0x10, 0x43, 0x08, 0x23, 0x08, 0x22, 0x08, 0x23, 0x08, 0x23, 0x08, 0x23, 0x08, 0x23, 0x08,
    0x23, 0x08, 0x23, 0x08, 0x23, 0x08, 0x23, 0x08, 0x23, 0x08, 0x23, 0x08, 0x43, 0x08, 0x85, 0x08,
    0x65, 0x08, 0x23, 0x08, 0x23, 0x08, 0x23, 0x08, 0x23, 0x08, 0x23, 0x08, 0x23, 0x08, 0x23, 0x08,
    0x23, 0x08, 0x23, 0x08, 0x23, 0x08, 0x23, 0x00, 0x23, 0x08, 0x23, 0x08, 0x44, 0x08, 0x86, 0x10,
    0x44, 0x08, 0x23, 0x08, 0x23, 0x08, 0x23, 0x08, 0x23, 0x08, 0x23, 0x08, 0x23, 0x08, 0x23, 0x08,
    0x23, 0x08, 0x23, 0x08, 0x23, 0x08, 0x23, 0x08, 0x23, 0x08, 0x23, 0x08, 0x44, 0x08, 0x86, 0x10,
    0x44, 0x08, 0x23, 0x08, 0x23, 0x08, 0x23, 0x00, 0x23, 0x08, 0x23, 0x00, 0x23, 0x08, 0x23, 0x00,
    0x23, 0x08, 0x23, 0x00, 0x23, 0x08, 0x22, 0x00, 0x23, 0x08, 0x22, 0x00, 0x44, 0x08, 0x86, 0x10,
    0x43, 0x08, 0x22, 0x00, 0x22, 0x08, 0x22, 0x00, 0x23, 0x08, 0x22, 0x00, 0x22, 0x08, 0x22, 0x00,
    0x22, 0x08, 0x22, 0x00, 0x22, 0x08, 0x22, 0x00, 0x22, 0x08, 0x22, 0x00, 0x43, 0x08, 0x65, 0x08,
    0x44, 0x08, 0x22, 0x00, 0x22, 0x00, 0x22, 0x00, 0x22, 0x08, 0x22, 0x00, 0x22, 0x00, 0x22, 0x00,
    0x22, 0x00, 0x22, 0x00, 0x22, 0x00, 0x22, 0x00, 0x22, 0x00, 0x22, 0x00, 0x22, 0x00, 0x44, 0x08,
    0x64, 0x08, 0x22, 0x00, 0x22, 0x00, 0x02, 0x00, 0x22, 0x00, 0x22, 0x00, 0x22, 0x00, 0x22, 0x00,
    0x22, 0x00, 0x22, 0x00, 0x22, 0x00, 0x02, 0x00, 0x22, 0x00, 0x02, 0x00, 0x22, 0x00, 0x22, 0x00,
    0x64, 0x08, 0x43, 0x08, 0x02, 0x00, 0x01, 0x00, 0x02, 0x00, 0x02, 0x00, 0x02, 0x00, 0x01, 0x00,
    0x02, 0x00, 0x01, 0x00, 0x02, 0x00, 0x01, 0x00, 0x01, 0x00, 0x01, 0x00, 0x01, 0x00, 0x01, 0x00,
    0x22, 0x00, 0x44, 0x08, 0x43, 0x00, 0x01, 0x00, 0x01, 0x00, 0x01, 0x00, 0x01, 0x00, 0x01, 0x00,
    0x01, 0x00, 0x01, 0x00, 0x01, 0x00, 0x01, 0x00, 0x01, 0x00, 0x01, 0x00, 0x01, 0x00, 0x01, 0x00,
    0x01, 0x00, 0x02, 0x00, 0x43, 0x08, 0x22, 0x00, 0x01, 0x00, 0x01, 0x00, 0x01, 0x00, 0x01, 0x00,
    0x01, 0x00, 0x01, 0x00, 0x01, 0x00, 0x01, 0x00, 0x01, 0x00, 0x01, 0x00, 0x01, 0x00, 0x01, 0x00,
    0x01, 0x00, 0x01, 0x00, 0x01, 0x00, 0x23, 0x00, 0x43, 0x00, 0x01, 0x00, 0x01, 0x00, 0x01, 0x00,
    0x23, 0x00, 0x23, 0x00, 0x22, 0x00, 0x43, 0x00, 0x43, 0x00, 0x43, 0x00, 0x64, 0x08, 0x44, 0x08,
    0x43, 0x00, 0x43, 0x00, 0x43, 0x00, 0x43, 0x00, 0x43, 0x00, 0x43, 0x00, 0x43, 0x00, 0x43, 0x08,
    0x43, 0x00, 0x43, 0x08, 0x43, 0x00, 0x44, 0x08, 0x85, 0x08, 0x44, 0x08, 0x43, 0x00, 0x43, 0x08,
    0x43, 0x00, 0x43, 0x08, 0x43, 0x00, 0x43, 0x08, 0x43, 0x08, 0x43, 0x08, 0x43, 0x08, 0x43, 0x08,
    0x43, 0x08, 0x64, 0x08, 0x86, 0x08, 0x64, 0x08, 0x43, 0x08, 0x44, 0x08, 0x44, 0x08, 0x44, 0x08,
    0x44, 0x08, 0x44, 0x08, 0x44, 0x08, 0x44, 0x08, 0x44, 0x08, 0x44, 0x08, 0x44, 0x08, 0x64, 0x08,
    0x86, 0x10, 0x65, 0x08, 0x44, 0x08, 0x64, 0x08, 0x44, 0x08, 0x64, 0x08, 0x44, 0x08, 0x64, 0x08,
    0x64, 0x08, 0x64, 0x08, 0x64, 0x08, 0x64, 0x08, 0x64, 0x08, 0x64, 0x08, 0x86, 0x08, 0x86, 0x08,
    0x64, 0x08, 0x64, 0x08, 0x64, 0x08, 0x64, 0x08, 0x64, 0x08, 0x64, 0x08, 0x64, 0x08, 0x65, 0x08,
    0x64, 0x08, 0x65, 0x08, 0x64, 0x08, 0x65, 0x08, 0x65, 0x08, 0xa7, 0x10, 0x65, 0x08, 0x65, 0x08,
    0x64, 0x08, 0x65, 0x08, 0x64, 0x08, 0x65, 0x08, 0x64, 0x08, 0x65, 0x08, 0x64, 0x08, 0x65, 0x08,
    0x64, 0x08, 0x65, 0x08, 0x65, 0x08, 0x86, 0x10, 0x86, 0x10, 0x65, 0x08, 0x64, 0x08, 0x65, 0x08,
    0x64, 0x08, 0x65, 0x08, 0x64, 0x08, 0x65, 0x08, 0x65, 0x08, 0x65, 0x08, 0x65, 0x08, 0x65, 0x08,
    0x65, 0x08, 0x65, 0x08, 0xa7, 0x10, 0x86, 0x10, 0x65, 0x08, 0x65, 0x08, 0x65, 0x08, 0x65, 0x08,
    0x65, 0x08, 0x65, 0x08, 0x65, 0x08, 0x65, 0x08, 0x65, 0x08, 0x65, 0x08, 0x65, 0x08, 0x65, 0x08,
    0x65, 0x08, 0xa7, 0x10, 0x86, 0x10, 0x65, 0x08, 0x65, 0x08, 0x65, 0x08, 0x65, 0x08, 0x65, 0x08,
    0x65, 0x08, 0x65, 0x08, 0x65, 0x08, 0x65, 0x08, 0x65, 0x08, 0x65, 0x08, 0x65, 0x08, 0x65, 0x08,
    0x87, 0x10, 0xa7, 0x10, 0x65, 0x08, 0x65, 0x08, 0x65, 0x08, 0x65, 0x08, 0x65, 0x08, 0x65, 0x08,
    0x65, 0x08, 0x65, 0x08, 0x65, 0x08, 0x65, 0x08, 0x65, 0x08, 0x65, 0x08, 0x45, 0x08, 0x86, 0x10,
    0x87, 0x10, 0x65, 0x08, 0x65, 0x08, 0x65, 0x08, 0x45, 0x08, 0x65, 0x08, 0x65, 0x08, 0x65, 0x08,
    0x65, 0x08, 0x65, 0x08, 0x65, 0x08, 0x65, 0x08, 0x65, 0x08, 0x65, 0x10, 0x65, 0x08, 0xa7, 0x10,
    0x86, 0x10, 0x65, 0x10, 0x65, 0x08, 0x65, 0x08, 0x45, 0x08, 0x65, 0x10, 0x45, 0x08, 0x65, 0x08,
    0x45, 0x08, 0x65, 0x08, 0x45, 0x08, 0x65, 0x10, 0x45, 0x08, 0x65, 0x10, 0x66, 0x10, 0xa8, 0x10,
    0x66, 0x10, 0x65, 0x10, 0x65, 0x08, 0x65, 0x10, 0x45, 0x08, 0x65, 0x08, 0x65, 0x08, 0x65, 0x08,
    0x45, 0x08, 0x65, 0x10, 0x65, 0x08, 0x65, 0x08, 0x45, 0x08, 0x65, 0x08, 0x86, 0x10, 0xa8, 0x10,
    0x65, 0x08, 0x65, 0x08, 0x44, 0x08, 0x65, 0x08, 0x44, 0x08, 0x64, 0x08, 0x44, 0x08, 0x64, 0x08,
    0x44, 0x08, 0x44, 0x08, 0x44, 0x08, 0x65, 0x08, 0x44, 0x08, 0x44, 0x08, 0x65, 0x08, 0xa7, 0x10,
    0x65, 0x08, 0x44, 0x08, 0x44, 0x08, 0x44, 0x08, 0x44, 0x08, 0x44, 0x08, 0x44, 0x08, 0x44, 0x08,
    0x44, 0x08, 0x44, 0x08, 0x44, 0x08, 0x44, 0x08, 0x44, 0x08, 0x44, 0x08, 0x44, 0x08, 0x86, 0x10,
    0x65, 0x08, 0x44, 0x08, 0x43, 0x08, 0x44, 0x08, 0x43, 0x08, 0x44, 0x08, 0x43, 0x08, 0x44, 0x08,
    0x43, 0x08, 0x43, 0x08, 0x23, 0x08, 0x43, 0x08, 0x23, 0x08, 0x43, 0x08, 0x23, 0x08, 0x65, 0x08,
    0x65, 0x08, 0x43, 0x08, 0x23, 0x08, 0x43, 0x08, 0x23, 0x08, 0x43, 0x08, 0x23, 0x00, 0x23, 0x08,
    0x23, 0x00, 0x23, 0x08, 0x22, 0x00, 0x23, 0x08, 0x22, 0x00, 0x23, 0x08, 0x22, 0x00, 0x43, 0x08,
    0x64, 0x08, 0x64, 0x08, 0x22, 0x00, 0x23, 0x08, 0x22, 0x00, 0x23, 0x00, 0x22, 0x00, 0x22, 0x08,
    0x22, 0x00, 0x22, 0x00, 0x22, 0x00, 0x22, 0x00, 0x22, 0x00, 0x22, 0x00, 0x22, 0x00, 0x22, 0x00,
    0x22, 0x00, 0x64, 0x08, 0x43, 0x08, 0x22, 0x00, 0x22, 0x00, 0x22, 0x00, 0x02, 0x00, 0x22, 0x00,
    0x02, 0x00, 0x22, 0x00, 0x02, 0x00, 0x22, 0x00, 0x01, 0x00, 0x22, 0x00, 0x01, 0x00, 0x22, 0x00,
    0x01, 0x00, 0x22, 0x00, 0x43, 0x08, 0x43, 0x08, 0x01, 0x00, 0x01, 0x00, 0x01, 0x00, 0x01, 0x00,
    0x01, 0x00, 0x01, 0x00, 0x01, 0x00, 0x01, 0x00, 0x01, 0x00, 0x01, 0x00, 0x01, 0x00, 0x01, 0x00,
    0x01, 0x00, 0x01, 0x00, 0x01, 0x00, 0x23, 0x00, 0x43, 0x08, 0x22, 0x00, 0x01, 0x00, 0x01, 0x00,
    0x01, 0x00, 0x01, 0x00, 0x01, 0x00, 0x01, 0x00, 0x01, 0x00, 0x01, 0x00, 0x43, 0x08, 0x22, 0x00,
    0x01, 0x00, 0x01, 0x00, 0x01, 0x00, 0x01, 0x00, 0x01, 0x00, 0x01, 0x00, 0x01, 0x00, 0x01, 0x00,
    0x01, 0x00, 0x01, 0x00, 0x01, 0x00, 0x22, 0x00, 0x44, 0x08, 0x02, 0x00, 0x01, 0x00, 0x01, 0x00,
    0x01, 0x00, 0x01, 0x00, 0x01, 0x00, 0x01, 0x00, 0x01, 0x00, 0x01, 0x00, 0x01, 0x00, 0x01, 0x00,
    0x01, 0x00, 0x22, 0x00, 0x64, 0x08, 0x22, 0x00, 0x01, 0x00, 0x01, 0x00, 0x01, 0x00, 0x21, 0x00,
    0x21, 0x00, 0x21, 0x00, 0x21, 0x00, 0x22, 0x00, 0x22, 0x00, 0x22, 0x00, 0x22, 0x00, 0x22, 0x00,
    0x64, 0x08, 0x23, 0x00, 0x22, 0x00, 0x22, 0x00, 0x22, 0x00, 0x22, 0x00, 0x22, 0x00, 0x22, 0x00,
    0x22, 0x00, 0x22, 0x00, 0x22, 0x00, 0x22, 0x00, 0x22, 0x00, 0x22, 0x00, 0x64, 0x08, 0x44, 0x08,
    0x22, 0x00, 0x22, 0x00, 0x22, 0x00, 0x22, 0x00, 0x22, 0x00, 0x22, 0x00, 0x22, 0x00, 0x22, 0x00,
    0x22, 0x00, 0x22, 0x00, 0x22, 0x00, 0x22, 0x00, 0x43, 0x08, 0x65, 0x08, 0x43, 0x00, 0x22, 0x00,
    0x22, 0x00, 0x22, 0x00, 0x23, 0x00, 0x22, 0x00, 0x22, 0x00, 0x22, 0x00, 0x23, 0x00, 0x23, 0x00,
    0x23, 0x00, 0x23, 0x00, 0x43, 0x08, 0x65, 0x08, 0x65, 0x08, 0x23, 0x08, 0x43, 0x08, 0x23, 0x08,
    0x43, 0x08, 0x23, 0x08, 0x43, 0x08, 0x43, 0x08, 0x43, 0x08, 0x23, 0x08, 0x43, 0x08, 0x43, 0x08,
    0x43, 0x08, 0x43, 0x08, 0x86, 0x10, 0x65, 0x08, 0x43, 0x08, 0x43, 0x08, 0x44, 0x08, 0x44, 0x08,
    0x44, 0x08, 0x43, 0x08, 0x44, 0x08, 0x44, 0x08, 0x44, 0x08, 0x44, 0x08, 0x44, 0x08, 0x44, 0x08,
    0x44, 0x08, 0x86, 0x10, 0x85, 0x08, 0x44, 0x08, 0x44, 0x08, 0x44, 0x08, 0x44, 0x08, 0x44, 0x08,
    0x44, 0x08, 0x44, 0x08, 0x44, 0x08, 0x44, 0x08, 0x44, 0x08, 0x44, 0x08, 0x44, 0x08, 0x44, 0x08,
    0x86, 0x10, 0x86, 0x10, 0x44, 0x08, 0x44, 0x08, 0x45, 0x08, 0x45, 0x08, 0x65, 0x08, 0x65, 0x08,
    0x65, 0x08, 0x45, 0x08, 0x65, 0x08, 0x65, 0x08, 0x65, 0x08, 0x45, 0x08, 0x65, 0x08, 0x86, 0x10,
    0xa7, 0x10, 0x65, 0x08, 0x65, 0x08, 0x65, 0x08, 0x65, 0x08, 0x65, 0x08, 0x65, 0x08, 0x65, 0x08,
    0x65, 0x08, 0x65, 0x08, 0x65, 0x08, 0x65, 0x08, 0x65, 0x08, 0x65, 0x08, 0x66, 0x10, 0xa8, 0x10,
    0x87, 0x10, 0x65, 0x08, 0x66, 0x10, 0x65, 0x08, 0x65, 0x08, 0x65, 0x08, 0x86, 0x10, 0x66, 0x08,
    0x86, 0x10, 0x66, 0x08, 0x86, 0x10, 0x86, 0x10, 0x86, 0x10, 0x66, 0x10, 0x87, 0x10, 0xc8, 0x10,
    0x87, 0x10, 0x66, 0x10, 0x86, 0x10, 0x86, 0x10, 0x86, 0x10, 0x86, 0x10, 0x86, 0x10, 0x86, 0x10,
    0x86, 0x10, 0x86, 0x10, 0x86, 0x10, 0x86, 0x10, 0x86, 0x10, 0x86, 0x10, 0xa7, 0x10, 0xc8, 0x18,
    0x87, 0x10, 0x86, 0x10, 0x86, 0x10, 0x86, 0x10, 0x86, 0x10, 0x86, 0x10, 0x86, 0x10, 0x86, 0x10,
    0x86, 0x10, 0x86, 0x10, 0x86, 0x10, 0x86, 0x10, 0x86, 0x10, 0x86, 0x10, 0x87, 0x10, 0xc8, 0x10,
    0x87, 0x10, 0x86, 0x10, 0x86, 0x10, 0x86, 0x10, 0x86, 0x10, 0x86, 0x10, 0x86, 0x10, 0x86, 0x10,
    0x86, 0x08, 0x66, 0x08, 0x86, 0x10, 0x86, 0x08, 0x86, 0x10, 0x66, 0x08, 0x86, 0x10, 0xa7, 0x10,
    0xa7, 0x10, 0x65, 0x08, 0x86, 0x10, 0x65, 0x08, 0x65, 0x08, 0x65, 0x08, 0x86, 0x10, 0x65, 0x08,
    0x65, 0x08, 0x65, 0x08, 0x65, 0x08, 0x65, 0x08, 0x65, 0x08, 0x65, 0x08, 0x65, 0x08, 0x86, 0x10,
    0xa7, 0x10, 0x65, 0x08, 0x65, 0x08, 0x65, 0x08, 0x65, 0x08, 0x65, 0x08, 0x65, 0x08, 0x65, 0x08,
    0x65, 0x08, 0x65, 0x08, 0x65, 0x08, 0x65, 0x08, 0x65, 0x08, 0x64, 0x08, 0x65, 0x08, 0x65, 0x08,
    0x86, 0x10, 0x86, 0x10, 0x64, 0x08, 0x44, 0x08, 0x44, 0x08, 0x44, 0x08, 0x64, 0x08, 0x64, 0x08,
    0x44, 0x08, 0x44, 0x08, 0x44, 0x08, 0x44, 0x08, 0x44, 0x08, 0x44, 0x08, 0x44, 0x08, 0x44, 0x08,
    0x64, 0x08, 0x86, 0x08, 0x85, 0x08, 0x44, 0x08, 0x44, 0x08, 0x44, 0x08, 0x44, 0x08, 0x44, 0x08,
    0x44, 0x08, 0x44, 0x08, 0x44, 0x08, 0x43, 0x08, 0x43, 0x08, 0x43, 0x08, 0x43, 0x08, 0x43, 0x08,
    0x43, 0x08, 0x43, 0x08, 0x65, 0x08, 0x65, 0x08, 0x43, 0x08, 0x43, 0x00, 0x43, 0x08, 0x43, 0x00,
    0x43, 0x00, 0x43, 0x00, 0x43, 0x00, 0x43, 0x00, 0x43, 0x00, 0x43, 0x00, 0x43, 0x00, 0x23, 0x00,
    0x23, 0x00, 0x43, 0x00, 0x43, 0x00, 0x44, 0x08, 0x65, 0x08, 0x43, 0x08, 0x23, 0x00, 0x23, 0x00,
    0x01, 0x00, 0x01, 0x00, 0x01, 0x00, 0x01, 0x00, 0x01, 0x00, 0x01, 0x00, 0x43, 0x08, 0x01, 0x00,
    0x01, 0x00, 0x01, 0x00, 0x01, 0x00, 0x01, 0x00, 0x01, 0x00, 0x01, 0x00, 0x01, 0x00, 0x01, 0x00,
    0x01, 0x00, 0x01, 0x00, 0x01, 0x00, 0x22, 0x00, 0x43, 0x08, 0x01, 0x00, 0x01, 0x00, 0x01, 0x00,
    0x01, 0x00, 0x01, 0x00, 0x01, 0x00, 0x01, 0x00, 0x01, 0x00, 0x01, 0x00, 0x01, 0x00, 0x01, 0x00,
    0x01, 0x00, 0x22, 0x00, 0x43, 0x08, 0x21, 0x00, 0x01, 0x00, 0x01, 0x00, 0x01, 0x00, 0x01, 0x00,
    0x01, 0x00, 0x01, 0x00, 0x01, 0x00, 0x01, 0x00, 0x01, 0x00, 0x01, 0x00, 0x01, 0x00, 0x22, 0x00,
    0x44, 0x08, 0x22, 0x00, 0x01, 0x00, 0x01, 0x00, 0x01, 0x00, 0x01, 0x00, 0x01, 0x00, 0x01, 0x00,
    0x01, 0x00, 0x01, 0x00, 0x01, 0x00, 0x01, 0x00, 0x01, 0x00, 0x01, 0x00, 0x43, 0x08, 0x23, 0x00,
    0x01, 0x00, 0x01, 0x00, 0x01, 0x00, 0x01, 0x00, 0x01, 0x00, 0x01, 0x00, 0x01, 0x00, 0x01, 0x00,
    0x01, 0x00, 0x01, 0x00, 0x01, 0x00, 0x01, 0x00, 0x22, 0x00, 0x44, 0x08, 0x01, 0x00, 0x01, 0x00,
    0x01, 0x00, 0x01, 0x00, 0x01, 0x00, 0x01, 0x00, 0x01, 0x00, 0x01, 0x00, 0x01, 0x00, 0x01, 0x00,
    0x01, 0x00, 0x01, 0x00, 0x01, 0x00, 0x64, 0x08, 0x43, 0x08, 0x01, 0x00, 0x01, 0x00, 0x01, 0x00,
    0x01, 0x00, 0x02, 0x00, 0x01, 0x00, 0x02, 0x00, 0x01, 0x00, 0x02, 0x00, 0x01, 0x00, 0x02, 0x00,
    0x01, 0x00, 0x22, 0x00, 0x64, 0x08, 0x43, 0x08, 0x01, 0x00, 0x02, 0x00, 0x01, 0x00, 0x02, 0x00,
    0x02, 0x00, 0x22, 0x00, 0x02, 0x00, 0x22, 0x00, 0x02, 0x00, 0x22, 0x00, 0x02, 0x00, 0x22, 0x00,
    0x22, 0x00, 0x65, 0x08, 0x43, 0x08, 0x22, 0x00, 0x02, 0x00, 0x22, 0x00, 0x02, 0x00, 0x22, 0x00,
    0x02, 0x00, 0x22, 0x00, 0x02, 0x00, 0x22, 0x00, 0x02, 0x00, 0x22, 0x00, 0x02, 0x00, 0x22, 0x00,
    0x65, 0x08, 0x44, 0x08, 0x02, 0x00, 0x22, 0x00, 0x02, 0x00, 0x22, 0x00, 0x02, 0x00, 0x22, 0x08,
    0x02, 0x00, 0x22, 0x08, 0x02, 0x00, 0x22, 0x08, 0x02, 0x00, 0x22, 0x08, 0x02, 0x00, 0x44, 0x08,
    0x65, 0x08, 0x23, 0x08, 0x02, 0x00, 0x23, 0x08, 0x22, 0x00, 0x23, 0x08, 0x23, 0x00, 0x23, 0x08,
    0x23, 0x08, 0x23, 0x08, 0x23, 0x08, 0x23, 0x08, 0x23, 0x08, 0x23, 0x08, 0x23, 0x08, 0x86, 0x10,
    0x45, 0x08, 0x23, 0x08, 0x23, 0x08, 0x43, 0x08, 0x23, 0x08, 0x43, 0x08, 0x23, 0x08, 0x43, 0x08,
    0x23, 0x08, 0x44, 0x08, 0x23, 0x08, 0x44, 0x08, 0x23, 0x08, 0x44, 0x08, 0x44, 0x08, 0x87, 0x10,
    0x44, 0x08, 0x44, 0x08, 0x43, 0x08, 0x44, 0x08, 0x43, 0x08, 0x44, 0x08, 0x43, 0x08, 0x44, 0x08,
    0x43, 0x08, 0x44, 0x08, 0x43, 0x08, 0x44, 0x08, 0x43, 0x08, 0x44, 0x08, 0x65, 0x08, 0x87, 0x10,
    0x44, 0x08, 0x44, 0x08, 0x23, 0x08, 0x44, 0x08, 0x23, 0x08, 0x44, 0x08, 0x23, 0x08, 0x44, 0x08,
    0x23, 0x08, 0x44, 0x08, 0x43, 0x08, 0x44, 0x08, 0x43, 0x08, 0x44, 0x08, 0x44, 0x08, 0x87, 0x10,
    0x64, 0x08, 0x44, 0x08, 0x43, 0x08, 0x44, 0x08, 0x43, 0x08, 0x44, 0x08, 0x43, 0x08, 0x44, 0x08,
    0x43, 0x08, 0x44, 0x08, 0x43, 0x08, 0x44, 0x08, 0x43, 0x08, 0x44, 0x08, 0x44, 0x08, 0x86, 0x10,
    0x65, 0x08, 0x44, 0x08, 0x43, 0x08, 0x44, 0x08, 0x43, 0x08, 0x43, 0x08, 0x43, 0x08, 0x44, 0x08,
    0x43, 0x08, 0x43, 0x08, 0x43, 0x08, 0x44, 0x08, 0x43, 0x08, 0x44, 0x08, 0x43, 0x08, 0x65, 0x08,
    0x86, 0x10, 0x44, 0x08, 0x43, 0x08, 0x43, 0x08, 0x43, 0x08, 0x43, 0x08, 0x23, 0x08, 0x43, 0x08,
    0x23, 0x08, 0x43, 0x08, 0x23, 0x08, 0x43, 0x08, 0x23, 0x08, 0x43, 0x08, 0x23, 0x08, 0x43, 0x08,
    0x65, 0x08, 0x85, 0x08, 0x43, 0x08, 0x43, 0x08, 0x43, 0x08, 0x43, 0x08, 0x43, 0x08, 0x43, 0x08,
    0x43, 0x08, 0x43, 0x08, 0x43, 0x08, 0x43, 0x08, 0x43, 0x08, 0x43, 0x08, 0x43, 0x08, 0x43, 0x08,
    0x43, 0x08, 0x65, 0x08, 0x65, 0x08, 0x43, 0x08, 0x23, 0x08, 0x43, 0x08, 0x23, 0x08, 0x43, 0x08,
    0x23, 0x08, 0x43, 0x08, 0x23, 0x00, 0x43, 0x08, 0x23, 0x00, 0x43, 0x08, 0x23, 0x00, 0x43, 0x08,
    0x23, 0x00, 0x43, 0x08, 0x64, 0x08, 0x65, 0x08, 0x43, 0x00, 0x43, 0x00, 0x43, 0x00, 0x43, 0x00,
    0x23, 0x00, 0x43, 0x00, 0x43, 0x00, 0x43, 0x00, 0x43, 0x00, 0x43, 0x00, 0x43, 0x00, 0x43, 0x00,
    0x43, 0x00, 0x43, 0x00, 0x43, 0x00, 0x44, 0x08, 0x65, 0x08, 0x44, 0x08, 0x23, 0x00, 0x43, 0x00,
    0x01, 0x00, 0x01, 0x00, 0x01, 0x00, 0x01, 0x00, 0x01, 0x00, 0x22, 0x00, 0x43, 0x08, 0x01, 0x00,
    0x01, 0x00, 0x01, 0x00, 0x01, 0x00, 0x01, 0x00, 0x01, 0x00, 0x01, 0x00, 0x01, 0x00, 0x01, 0x00,
    0x01, 0x00, 0x01, 0x00, 0x01, 0x00, 0x22, 0x00, 0x43, 0x00, 0x01, 0x00, 0x01, 0x00, 0x01, 0x00,
    0x01, 0x00, 0x01, 0x00, 0x01, 0x00, 0x01, 0x00, 0x01, 0x00, 0x01, 0x00, 0x01, 0x00, 0x01, 0x00,
    0x01, 0x00, 0x22, 0x00, 0x43, 0x08, 0x01, 0x00, 0x01, 0x00, 0x01, 0x00, 0x01, 0x00, 0x01, 0x00,
    0x01, 0x00, 0x01, 0x00, 0x01, 0x00, 0x01, 0x00, 0x01, 0x00, 0x01, 0x00, 0x01, 0x00, 0x22, 0x00,
    0x44, 0x08, 0x22, 0x00, 0x01, 0x00, 0x01, 0x00, 0x01, 0x00, 0x01, 0x00, 0x01, 0x00, 0x01, 0x00,
    0x01, 0x00, 0x01, 0x00, 0x01, 0x00, 0x01, 0x00, 0x01, 0x00, 0x01, 0x00, 0x44, 0x08, 0x22, 0x00,
    0x01, 0x00, 0x01, 0x00, 0x01, 0x00, 0x01, 0x00, 0x01, 0x00, 0x01, 0x00, 0x01, 0x00, 0x01, 0x00,
    0x01, 0x00, 0x01, 0x00, 0x01, 0x00, 0x01, 0x00, 0x43, 0x00, 0x44, 0x08, 0x01, 0x00, 0x01, 0x00,
    0x01, 0x00, 0x01, 0x00, 0x01, 0x00, 0x01, 0x00, 0x01, 0x00, 0x01, 0x00, 0x01, 0x00, 0x01, 0x00,
    0x01, 0x00, 0x01, 0x00, 0x01, 0x00, 0x44, 0x08, 0x43, 0x08, 0x01, 0x00, 0x01, 0x00, 0x01, 0x00,
    0x01, 0x00, 0x01, 0x00, 0x01, 0x00, 0x01, 0x00, 0x01, 0x00, 0x01, 0x00, 0x01, 0x00, 0x01, 0x00,
    0x02, 0x00, 0x22, 0x00, 0x65, 0x08, 0x23, 0x08, 0x02, 0x00, 0x02, 0x00, 0x02, 0x00, 0x02, 0x00,
    0x02, 0x00, 0x02, 0x00, 0x02, 0x00, 0x02, 0x00, 0x02, 0x00, 0x02, 0x00, 0x02, 0x00, 0x02, 0x00,
    0x22, 0x00, 0x65, 0x08, 0x43, 0x08, 0x02, 0x00, 0x22, 0x00, 0x22, 0x00, 0x22, 0x00, 0x02, 0x00,
    0x22, 0x00, 0x22, 0x00, 0x22, 0x00, 0x02, 0x00, 0x22, 0x00, 0x22, 0x00, 0x22, 0x00, 0x02, 0x00,
    0x65, 0x08, 0x44, 0x08, 0x22, 0x00, 0x22, 0x00, 0x22, 0x00, 0x22, 0x00, 0x22, 0x00, 0x02, 0x00,
    0x22, 0x00, 0x22, 0x00, 0x22, 0x00, 0x22, 0x00, 0x22, 0x00, 0x22, 0x00, 0x22, 0x00, 0x44, 0x08,
    0x65, 0x10, 0x23, 0x08, 0x23, 0x00, 0x23, 0x00, 0x23, 0x08, 0x23, 0x00, 0x23, 0x00, 0x23, 0x00,
    0x23, 0x08, 0x23, 0x00, 0x23, 0x08, 0x23, 0x08, 0x23, 0x08, 0x23, 0x08, 0x23, 0x08, 0x65, 0x10,
    0x65, 0x08, 0x23, 0x08, 0x23, 0x08, 0x23, 0x08, 0x23, 0x08, 0x23, 0x08, 0x23, 0x08, 0x23, 0x08,
    0x23, 0x08, 0x23, 0x08, 0x23, 0x08, 0x23, 0x08, 0x23, 0x08, 0x23, 0x08, 0x44, 0x08, 0x86, 0x10,
    0x44, 0x08, 0x23, 0x08, 0x23, 0x08, 0x23, 0x08, 0x23, 0x08, 0x23, 0x08, 0x23, 0x08, 0x23, 0x08,
    0x23, 0x08, 0x23, 0x08, 0x23, 0x08, 0x23, 0x08, 0x23, 0x08, 0x23, 0x08, 0x44, 0x08, 0x86, 0x10,
    0x44, 0x08, 0x23, 0x08, 0x23, 0x08, 0x23, 0x08, 0x23, 0x08, 0x23, 0x08, 0x23, 0x08, 0x23, 0x08,
    0x23, 0x08, 0x23, 0x08, 0x23, 0x08, 0x23, 0x08, 0x23, 0x08, 0x23, 0x08, 0x44, 0x08, 0x86, 0x10,
    0x44, 0x08, 0x23, 0x08, 0x23, 0x08, 0x23, 0x08, 0x23, 0x08, 0x23, 0x08, 0x23, 0x08, 0x22, 0x00,
    0x23, 0x08, 0x22, 0x00, 0x22, 0x00, 0x22, 0x00, 0x23, 0x00, 0x22, 0x00, 0x23, 0x08, 0x65, 0x08,
    0x44, 0x08, 0x22, 0x00, 0x22, 0x00, 0x02, 0x00, 0x22, 0x00, 0x22, 0x00, 0x22, 0x00, 0x02, 0x00,
    0x22, 0x00, 0x22, 0x00, 0x22, 0x00, 0x02, 0x00, 0x22, 0x00, 0x22, 0x00, 0x22, 0x00, 0x23, 0x08,
    0x65, 0x08, 0x23, 0x08, 0x22, 0x00, 0x02, 0x00, 0x22, 0x00, 0x02, 0x00, 0x22, 0x00, 0x02, 0x00,
    0x22, 0x00, 0x02, 0x00, 0x22, 0x00, 0x02, 0x00, 0x22, 0x00, 0x02, 0x00, 0x22, 0x00, 0x02, 0x00,
    0x44, 0x08, 0x44, 0x08, 0x22, 0x00, 0x02, 0x00, 0x02, 0x00, 0x02, 0x00, 0x02, 0x00, 0x02, 0x00,
    0x01, 0x00, 0x01, 0x00, 0x01, 0x00, 0x01, 0x00, 0x01, 0x00, 0x01, 0x00, 0x01, 0x00, 0x01, 0x00,
    0x01, 0x00, 0x43, 0x08, 0x44, 0x08, 0x22, 0x00, 0x01, 0x00, 0x01, 0x00, 0x01, 0x00, 0x01, 0x00,
    0x01, 0x00, 0x01, 0x00, 0x01, 0x00, 0x01, 0x00, 0x01, 0x00, 0x01, 0x00, 0x01, 0x00, 0x01, 0x00,
    0x01, 0x00, 0x01, 0x00, 0x23, 0x00, 0x43, 0x08, 0x22, 0x00, 0x01, 0x00, 0x01, 0x00, 0x01, 0x00,
    0x01, 0x00, 0x01, 0x00, 0x01, 0x00, 0x01, 0x00, 0x01, 0x00, 0x01, 0x00, 0x01, 0x00, 0x01, 0x00,
    0x01, 0x00, 0x01, 0x00, 0x01, 0x00, 0x22, 0x00, 0x44, 0x08, 0x22, 0x00, 0x01, 0x00, 0x01, 0x00,
    0x01, 0x00, 0x01, 0x00, 0x01, 0x00, 0x01, 0x00, 0x01, 0x00, 0x22, 0x00, 0x43, 0x00, 0x01, 0x00,
    0x01, 0x00, 0x01, 0x00, 0x01, 0x00, 0x01, 0x00, 0x01, 0x00, 0x01, 0x00, 0x01, 0x00, 0x01, 0x00,
    0x01, 0x00, 0x01, 0x00, 0x01, 0x00, 0x22, 0x00, 0x43, 0x00, 0x01, 0x00, 0x01, 0x00, 0x01, 0x00,
    0x01, 0x00, 0x01, 0x00, 0x01, 0x00, 0x01, 0x00, 0x01, 0x00, 0x01, 0x00, 0x01, 0x00, 0x01, 0x00,
    0x01, 0x00, 0x22, 0x00, 0x43, 0x00, 0x01, 0x00, 0x01, 0x00, 0x01, 0x00, 0x01, 0x00, 0x01, 0x00,
    0x01, 0x00, 0x01, 0x00, 0x01, 0x00, 0x01, 0x00, 0x01, 0x00, 0x01, 0x00, 0x01, 0x00, 0x22, 0x00,
    0x43, 0x08, 0x01, 0x00, 0x01, 0x00, 0x01, 0x00, 0x01, 0x00, 0x01, 0x00, 0x01, 0x00, 0x01, 0x00,
    0x01, 0x00, 0x01, 0x00, 0x01, 0x00, 0x01, 0x00, 0x01, 0x00, 0x22, 0x00, 0x44, 0x08, 0x22, 0x00,
    0x01, 0x00, 0x01, 0x00, 0x01, 0x00, 0x01, 0x00, 0x01, 0x00, 0x01, 0x00, 0x01, 0x00, 0x01, 0x00,
    0x01, 0x00, 0x01, 0x00, 0x01, 0x00, 0x01, 0x00, 0x43, 0x00, 0x44, 0x08, 0x01, 0x00, 0x01, 0x00,
    0x01, 0x00, 0x01, 0x00, 0x01, 0x00, 0x01, 0x00, 0x01, 0x00, 0x01, 0x00, 0x01, 0x00, 0x01, 0x00,
    0x01, 0x00, 0x01, 0x00, 0x01, 0x00, 0x64, 0x08, 0x23, 0x00, 0x01, 0x00, 0x01, 0x00, 0x01, 0x00,
    0x01, 0x00, 0x01, 0x00, 0x01, 0x00, 0x02, 0x00, 0x01, 0x00, 0x02, 0x00, 0x01, 0x00, 0x02, 0x00,
    0x01, 0x00, 0x22, 0x00, 0x65, 0x08, 0x43, 0x08, 0x02, 0x00, 0x02, 0x00, 0x02, 0x00, 0x22, 0x00,
    0x02, 0x00, 0x02, 0x00, 0x02, 0x00, 0x22, 0x00, 0x02, 0x00, 0x22, 0x00, 0x02, 0x00, 0x22, 0x00,
    0x22, 0x00, 0x65, 0x08, 0x23, 0x08, 0x22, 0x00, 0x02, 0x00, 0x22, 0x00, 0x02, 0x00, 0x22, 0x00,
    0x02, 0x00, 0x22, 0x00, 0x02, 0x00, 0x22, 0x00, 0x02, 0x00, 0x22, 0x00, 0x02, 0x00, 0x23, 0x00,
    0x65, 0x08, 0x44, 0x08, 0x02, 0x00, 0x22, 0x00, 0x02, 0x00, 0x22, 0x00, 0x02, 0x00, 0x23, 0x08,
    0x02, 0x00, 0x22, 0x08, 0x02, 0x00, 0x23, 0x08, 0x02, 0x00, 0x22, 0x08, 0x02, 0x00, 0x44, 0x08,
    0x65, 0x08, 0x23, 0x08, 0x22, 0x00, 0x23, 0x08, 0x02, 0x00, 0x23, 0x08, 0x23, 0x00, 0x23, 0x08,
    0x23, 0x00, 0x23, 0x08, 0x23, 0x00, 0x23, 0x08, 0x23, 0x00, 0x23, 0x08, 0x23, 0x08, 0x86, 0x10,
    0x44, 0x08, 0x23, 0x08, 0x23, 0x08, 0x23, 0x08, 0x23, 0x08, 0x23, 0x08, 0x23, 0x08, 0x23, 0x08,
    0x23, 0x08, 0x23, 0x08, 0x23, 0x08, 0x23, 0x08, 0x23, 0x08, 0x23, 0x08, 0x44, 0x08, 0x86, 0x10,
    0x44, 0x08, 0x23, 0x08, 0x23, 0x08, 0x23, 0x08, 0x23, 0x08, 0x23, 0x08, 0x23, 0x08, 0x23, 0x08,
    0x23, 0x08, 0x23, 0x08, 0x23, 0x08, 0x23, 0x08, 0x23, 0x08, 0x23, 0x08, 0x44, 0x08, 0x87, 0x10,
    0x44, 0x08, 0x23, 0x08, 0x23, 0x08, 0x23, 0x08, 0x23, 0x08, 0x23, 0x08, 0x23, 0x08, 0x23, 0x08,
    0x23, 0x08, 0x23, 0x08, 0x23, 0x08, 0x23, 0x08, 0x23, 0x08, 0x23, 0x08, 0x23, 0x08, 0x66, 0x10,
    0x44, 0x08, 0x23, 0x08, 0x23, 0x08, 0x23, 0x08, 0x22, 0x00, 0x23, 0x08, 0x22, 0x00, 0x23, 0x08,
    0x22, 0x00, 0x22, 0x08, 0x22, 0x00, 0x22, 0x08, 0x02, 0x00, 0x22, 0x08, 0x22, 0x00, 0x65, 0x08,
    0x44, 0x08, 0x22, 0x08, 0x02, 0x00, 0x22, 0x08, 0x02, 0x00, 0x22, 0x08, 0x02, 0x00, 0x22, 0x08,
    0x02, 0x00, 0x22, 0x00, 0x02, 0x00, 0x22, 0x00, 0x02, 0x00, 0x22, 0x00, 0x02, 0x00, 0x43, 0x08,
    0x65, 0x08, 0x43, 0x08, 0x02, 0x00, 0x22, 0x00, 0x02, 0x00, 0x22, 0x00, 0x02, 0x00, 0x22, 0x00,
    0x02, 0x00, 0x22, 0x00, 0x02, 0x00, 0x22, 0x00, 0x02, 0x00, 0x22, 0x00, 0x02, 0x00, 0x22, 0x00,
    0x43, 0x08, 0x64, 0x08, 0x22, 0x00, 0x22, 0x00, 0x01, 0x00, 0x22, 0x00, 0x01, 0x00, 0x22, 0x00,
    0x01, 0x00, 0x01, 0x00, 0x01, 0x00, 0x01, 0x00, 0x01, 0x00, 0x01, 0x00, 0x01, 0x00, 0x01, 0x00,
    0x01, 0x00, 0x43, 0x08, 0x44, 0x08, 0x22, 0x00, 0x01, 0x00, 0x01, 0x00, 0x01, 0x00, 0x01, 0x00,
    0x01, 0x00, 0x01, 0x00, 0x01, 0x00, 0x01, 0x00, 0x01, 0x00, 0x01, 0x00, 0x01, 0x00, 0x01, 0x00,
    0x01, 0x00, 0x01, 0x00, 0x22, 0x00, 0x64, 0x08, 0x22, 0x00, 0x01, 0x00, 0x01, 0x00, 0x01, 0x00,
    0x01, 0x00, 0x01, 0x00, 0x01, 0x00, 0x01, 0x00, 0x01, 0x00, 0x01, 0x00, 0x01, 0x00, 0x01, 0x00,
    0x01, 0x00, 0x01, 0x00, 0x01, 0x00, 0x22, 0x00, 0x43, 0x00, 0x22, 0x00, 0x01, 0x00, 0x01, 0x00,
    0x01, 0x00, 0x01, 0x00, 0x01, 0x00, 0x01, 0x00, 0x01, 0x00, 0x22, 0x00, 0x23, 0x00, 0x01, 0x00,
    0x01, 0x00, 0x01, 0x00, 0x01, 0x00, 0x01, 0x00, 0x01, 0x00, 0x01, 0x00, 0x01, 0x00, 0x01, 0x00,
    0x01, 0x00, 0x01, 0x00, 0x01, 0x00, 0x22, 0x00, 0x22, 0x00, 0x01, 0x00, 0x01, 0x00, 0x01, 0x00,
    0x01, 0x00, 0x01, 0x00, 0x01, 0x00, 0x01, 0x00, 0x01, 0x00, 0x01, 0x00, 0x01, 0x00, 0x01, 0x00,
    0x01, 0x00, 0x23, 0x00, 0x22, 0x00, 0x01, 0x00, 0x01, 0x00, 0x01, 0x00, 0x01, 0x00, 0x01, 0x00,
    0x01, 0x00, 0x01, 0x00, 0x01, 0x00, 0x01, 0x00, 0x01, 0x00, 0x01, 0x00, 0x01, 0x00, 0x22, 0x00,
    0x43, 0x08, 0x01, 0x00, 0x01, 0x00, 0x01, 0x00, 0x01, 0x00, 0x01, 0x00, 0x01, 0x00, 0x01, 0x00,
    0x01, 0x00, 0x01, 0x00, 0x01, 0x00, 0x01, 0x00, 0x01, 0x00, 0x22, 0x00, 0x64, 0x08, 0x22, 0x00,
    0x01, 0x00, 0x01, 0x00, 0x01, 0x00, 0x01, 0x00, 0x01, 0x00, 0x01, 0x00, 0x01, 0x00, 0x01, 0x00,
    0x01, 0x00, 0x01, 0x00, 0x01, 0x00, 0x01, 0x00, 0x23, 0x00, 0x43, 0x08, 0x01, 0x00, 0x01, 0x00,
    0x01, 0x00, 0x01, 0x00, 0x01, 0x00, 0x01, 0x00, 0x01, 0x00, 0x01, 0x00, 0x01, 0x00, 0x01, 0x00,
    0x01, 0x00, 0x01, 0x00, 0x22, 0x00, 0x44, 0x08, 0x23, 0x08, 0x01, 0x00, 0x01, 0x00, 0x01, 0x00,
    0x01, 0x00, 0x01, 0x00, 0x01, 0x00, 0x01, 0x00, 0x01, 0x00, 0x01, 0x00, 0x01, 0x00, 0x01, 0x00,
    0x01, 0x00, 0x22, 0x00, 0x65, 0x08, 0x23, 0x08, 0x01, 0x00, 0x01, 0x00, 0x02, 0x00, 0x01, 0x00,
    0x01, 0x00, 0x02, 0x00, 0x02, 0x00, 0x02, 0x00, 0x02, 0x00, 0x02, 0x00, 0x22, 0x00, 0x02, 0x00,
    0x22, 0x08, 0x65, 0x08, 0x43, 0x08, 0x22, 0x00, 0x22, 0x00, 0x02, 0x00, 0x22, 0x00, 0x22, 0x00,
    0x22, 0x00, 0x02, 0x00, 0x22, 0x00, 0x22, 0x00, 0x22, 0x00, 0x02, 0x00, 0x22, 0x00, 0x22, 0x00,
    0x65, 0x08, 0x44, 0x08, 0x22, 0x00, 0x22, 0x00, 0x22, 0x00, 0x02, 0x00, 0x22, 0x00, 0x22, 0x00,
    0x22, 0x00, 0x02, 0x00, 0x22, 0x00, 0x22, 0x00, 0x22, 0x00, 0x02, 0x00, 0x22, 0x08, 0x44, 0x08,
    0x65, 0x08, 0x23, 0x08, 0x22, 0x00, 0x22, 0x00, 0x22, 0x00, 0x22, 0x00, 0x22, 0x08, 0x22, 0x00,
    0x22, 0x00, 0x22, 0x00, 0x23, 0x08, 0x22, 0x00, 0x23, 0x08, 0x22, 0x00, 0x23, 0x08, 0x65, 0x08,
    0x64, 0x08, 0x22, 0x00, 0x23, 0x08, 0x23, 0x00, 0x23, 0x08, 0x23, 0x00, 0x23, 0x08, 0x23, 0x08,
    0x23, 0x08, 0x23, 0x00, 0x23, 0x08, 0x23, 0x08, 0x23, 0x08, 0x23, 0x08, 0x44, 0x08, 0x86, 0x10,
    0x44, 0x08, 0x23, 0x08, 0x23, 0x08, 0x23, 0x08, 0x23, 0x08, 0x23, 0x08, 0x23, 0x08, 0x23, 0x08,
    0x23, 0x08, 0x23, 0x08, 0x23, 0x08, 0x23, 0x08, 0x23, 0x08, 0x23, 0x08, 0x44, 0x08, 0x86, 0x10,
    0x44, 0x08, 0x23, 0x08, 0x23, 0x08, 0x23, 0x08, 0x23, 0x08, 0x23, 0x08, 0x23, 0x08, 0x23, 0x08,
    0x22, 0x08, 0x22, 0x00, 0x23, 0x08, 0x22, 0x00, 0x22, 0x08, 0x22, 0x00, 0x43, 0x08, 0x65, 0x08,
    0x44, 0x08, 0x22, 0x00, 0x23, 0x08, 0x22, 0x00, 0x22, 0x08, 0x22, 0x00, 0x22, 0x08, 0x22, 0x00,
    0x22, 0x00, 0x22, 0x00, 0x22, 0x08, 0x22, 0x00, 0x22, 0x00, 0x22, 0x00, 0x22, 0x00, 0x64, 0x08,
    0x64, 0x08, 0x02, 0x00, 0x22, 0x00, 0x22, 0x00, 0x22, 0x00, 0x02, 0x00, 0x22, 0x00, 0x22, 0x00,
    0x22, 0x00, 0x02, 0x00, 0x22, 0x00, 0x22, 0x00, 0x22, 0x00, 0x02, 0x00, 0x22, 0x00, 0x23, 0x08,
    0x65, 0x08, 0x23, 0x08, 0x22, 0x00, 0x22, 0x00, 0x22, 0x00, 0x02, 0x00, 0x22, 0x00, 0x22, 0x00,
    0x22, 0x00, 0x02, 0x00, 0x22, 0x00, 0x02, 0x00, 0x22, 0x00, 0x02, 0x00, 0x22, 0x00, 0x02, 0x00,
    0x43, 0x08, 0x44, 0x08, 0x22, 0x00, 0x01, 0x00, 0x01, 0x00, 0x01, 0x00, 0x01, 0x00, 0x01, 0x00,
    0x01, 0x00, 0x01, 0x00, 0x01, 0x00, 0x01, 0x00, 0x01, 0x00, 0x01, 0x00, 0x01, 0x00, 0x01, 0x00,
    0x01, 0x00, 0x23, 0x00, 0x44, 0x08, 0x22, 0x00, 0x01, 0x00, 0x01, 0x00, 0x01, 0x00, 0x01, 0x00,
    0x01, 0x00, 0x01, 0x00, 0x01, 0x00, 0x01, 0x00, 0x01, 0x00, 0x01, 0x00, 0x01, 0x00, 0x01, 0x00,
    0x01, 0x00, 0x01, 0x00, 0x22, 0x00, 0x44, 0x08, 0x22, 0x00, 0x01, 0x00, 0x01, 0x00, 0x01, 0x00,
    0x01, 0x00, 0x01, 0x00, 0x01, 0x00, 0x01, 0x00, 0x01, 0x00, 0x01, 0x00, 0x01, 0x00, 0x01, 0x00,
    0x01, 0x00, 0x01, 0x00, 0x01, 0x00, 0x01, 0x00, 0x43, 0x00, 0x22, 0x00, 0x01, 0x00, 0x01, 0x00,
    0x00, 0x00, 0x01, 0x00, 0x01, 0x00, 0x01, 0x00, 0x01, 0x00, 0x23, 0x00, 0x22, 0x00, 0x01, 0x00,
    0x01, 0x00, 0x01, 0x00, 0x01, 0x00, 0x01, 0x00, 0x01, 0x00, 0x01, 0x00, 0x01, 0x00, 0x01, 0x00,
    0x01, 0x00, 0x01, 0x00, 0x01, 0x00, 0x43, 0x00, 0x22, 0x00, 0x01, 0x00, 0x01, 0x00, 0x01, 0x00,
    0x01, 0x00, 0x01, 0x00, 0x01, 0x00, 0x01, 0x00, 0x01, 0x00, 0x01, 0x00, 0x01, 0x00, 0x01, 0x00,
    0x01, 0x00, 0x43, 0x00, 0x22, 0x00, 0x01, 0x00, 0x01, 0x00, 0x01, 0x00, 0x01, 0x00, 0x01, 0x00,
    0x01, 0x00, 0x01, 0x00, 0x01, 0x00, 0x01, 0x00, 0x01, 0x00, 0x01, 0x00, 0x01, 0x00, 0x43, 0x00,
    0x43, 0x00, 0x01, 0x00, 0x01, 0x00, 0x01, 0x00, 0x01, 0x00, 0x01, 0x00, 0x01, 0x00, 0x01, 0x00,
    0x01, 0x00, 0x01, 0x00, 0x01, 0x00, 0x01, 0x00, 0x01, 0x00, 0x22, 0x00, 0x44, 0x08, 0x22, 0x00,
    0x01, 0x00, 0x01, 0x00, 0x01, 0x00, 0x01, 0x00, 0x01, 0x00, 0x01, 0x00, 0x01, 0x00, 0x01, 0x00,
    0x01, 0x00, 0x01, 0x00, 0x01, 0x00, 0x01, 0x00, 0x43, 0x00, 0x43, 0x08, 0x01, 0x00, 0x01, 0x00,
    0x01, 0x00, 0x01, 0x00, 0x01, 0x00, 0x01, 0x00, 0x01, 0x00, 0x01, 0x00, 0x01, 0x00, 0x01, 0x00,
    0x01, 0x00, 0x01, 0x00, 0x02, 0x00, 0x64, 0x08, 0x22, 0x00, 0x01, 0x00, 0x01, 0x00, 0x01, 0x00,
    0x01, 0x00, 0x02, 0x00, 0x01, 0x00, 0x02, 0x00, 0x01, 0x00, 0x02, 0x00, 0x01, 0x00, 0x02, 0x00,
    0x01, 0x00, 0x23, 0x00, 0x65, 0x08, 0x23, 0x00, 0x01, 0x00, 0x02, 0x00, 0x01, 0x00, 0x02, 0x00,
    0x02, 0x00, 0x22, 0x00, 0x02, 0x00, 0x22, 0x00, 0x02, 0x00, 0x22, 0x00, 0x02, 0x00, 0x22, 0x00,
    0x23, 0x00, 0x85, 0x08, 0x23, 0x08, 0x22, 0x00, 0x02, 0x00, 0x22, 0x00, 0x02, 0x00, 0x22, 0x00,
    0x02, 0x00, 0x22, 0x00, 0x02, 0x00, 0x22, 0x00, 0x02, 0x00, 0x22, 0x00, 0x02, 0x00, 0x22, 0x08,
    0x65, 0x08, 0x44, 0x08, 0x02, 0x00, 0x22, 0x00, 0x02, 0x00, 0x22, 0x08, 0x02, 0x00, 0x22, 0x08,
    0x02, 0x00, 0x22, 0x08, 0x02, 0x00, 0x22, 0x08, 0x02, 0x00, 0x23, 0x08, 0x02, 0x00, 0x44, 0x08,
    0x65, 0x08, 0x23, 0x08, 0x02, 0x00, 0x23, 0x08, 0x22, 0x00, 0x23, 0x08, 0x22, 0x00, 0x23, 0x08,
    0x22, 0x00, 0x23, 0x08, 0x22, 0x00, 0x23, 0x08, 0x23, 0x08, 0x23, 0x08, 0x23, 0x08, 0x86, 0x10,
    0x44, 0x08, 0x23, 0x08, 0x23, 0x08, 0x23, 0x08, 0x23, 0x08, 0x23, 0x08, 0x23, 0x08, 0x23, 0x08,
    0x23, 0x08, 0x23, 0x08, 0x23, 0x08, 0x23, 0x08, 0x23, 0x08, 0x23, 0x08, 0x44, 0x08, 0x86, 0x10,
    0x44, 0x08, 0x23, 0x08, 0x23, 0x08, 0x23, 0x08, 0x23, 0x08, 0x23, 0x08, 0x23, 0x08, 0x23, 0x08,
    0x23, 0x08, 0x23, 0x08, 0x23, 0x08, 0x23, 0x08, 0x23, 0x08, 0x23, 0x08, 0x44, 0x08, 0x86, 0x10,
    0x44, 0x08, 0x23, 0x08, 0x23, 0x08, 0x23, 0x08, 0x23, 0x08, 0x23, 0x08, 0x23, 0x08, 0x23, 0x08,
    0x23, 0x08, 0x23, 0x08, 0x23, 0x08, 0x23, 0x08, 0x23, 0x08, 0x23, 0x08, 0x23, 0x08, 0x66, 0x10,
    0x44, 0x08, 0x23, 0x08, 0x22, 0x00, 0x23, 0x08, 0x22, 0x00, 0x23, 0x08, 0x22, 0x00, 0x23, 0x08,
    0x22, 0x00, 0x23, 0x08, 0x22, 0x00, 0x22, 0x08, 0x22, 0x00, 0x22, 0x08, 0x02, 0x00, 0x44, 0x08,
    0x64, 0x08, 0x23, 0x08, 0x02, 0x00, 0x22, 0x08, 0x02, 0x00, 0x22, 0x08, 0x02, 0x00, 0x22, 0x00,
    0x02, 0x00, 0x22, 0x00, 0x02, 0x00, 0x22, 0x00, 0x02, 0x00, 0x22, 0x00, 0x02, 0x00, 0x23, 0x08,
    0x65, 0x08, 0x43, 0x08, 0x02, 0x00, 0x22, 0x00, 0x02, 0x00, 0x22, 0x00, 0x02, 0x00, 0x22, 0x00,
    0x02, 0x00, 0x22, 0x00, 0x02, 0x00, 0x22, 0x00, 0x02, 0x00, 0x22, 0x00, 0x01, 0x00, 0x22, 0x00,
    0x23, 0x00, 0x65, 0x08, 0x22, 0x00, 0x22, 0x00, 0x01, 0x00, 0x22, 0x00, 0x01, 0x00, 0x22, 0x00,
    0x01, 0x00, 0x01, 0x00, 0x01, 0x00, 0x01, 0x00, 0x01, 0x00, 0x01, 0x00, 0x01, 0x00, 0x01, 0x00,
    0x01, 0x00, 0x23, 0x00, 0x44, 0x08, 0x22, 0x00, 0x01, 0x00, 0x01, 0x00, 0x01, 0x00, 0x01, 0x00,
    0x01, 0x00, 0x01, 0x00, 0x01, 0x00, 0x01, 0x00, 0x01, 0x00, 0x01, 0x00, 0x01, 0x00, 0x01, 0x00,
    0x01, 0x00, 0x01, 0x00, 0x22, 0x00, 0x44, 0x08, 0x22, 0x00, 0x01, 0x00, 0x01, 0x00, 0x01, 0x00,
    0x01, 0x00, 0x01, 0x00, 0x01, 0x00, 0x01, 0x00, 0x01, 0x00, 0x01, 0x00, 0x01, 0x00, 0x01, 0x00,
    0x01, 0x00, 0x01, 0x00, 0x01, 0x00, 0x01, 0x00, 0x22, 0x00, 0x43, 0x00, 0x01, 0x00, 0x01, 0x00,
    0x01, 0x00, 0x01, 0x00, 0x01, 0x00, 0x01, 0x00, 0x01, 0x00, 0x43, 0x00, 0x22, 0x00, 0x01, 0x00,
    0x01, 0x00, 0x01, 0x00, 0x01, 0x00, 0x01, 0x00, 0x01, 0x00, 0x01, 0x00, 0x01, 0x00, 0x01, 0x00,
    0x01, 0x00, 0x01, 0x00, 0x01, 0x00, 0x43, 0x08, 0x22, 0x00, 0x01, 0x00, 0x01, 0x00, 0x01, 0x00,
    0x01, 0x00, 0x01, 0x00, 0x01, 0x00, 0x01, 0x00, 0x01, 0x00, 0x01, 0x00, 0x01, 0x00, 0x01, 0x00,
    0x01, 0x00, 0x43, 0x08, 0x22, 0x00, 0x01, 0x00, 0x01, 0x00, 0x01, 0x00, 0x01, 0x00, 0x01, 0x00,
    0x01, 0x00, 0x01, 0x00, 0x01, 0x00, 0x01, 0x00, 0x01, 0x00, 0x01, 0x00, 0x01, 0x00, 0x43, 0x00,
    0x23, 0x00, 0x01, 0x00, 0x01, 0x00, 0x01, 0x00, 0x01, 0x00, 0x01, 0x00, 0x01, 0x00, 0x01, 0x00,
    0x01, 0x00, 0x01, 0x00, 0x01, 0x00, 0x01, 0x00, 0x01, 0x00, 0x22, 0x00, 0x44, 0x08, 0x02, 0x00,
    0x01, 0x00, 0x01, 0x00, 0x01, 0x00, 0x01, 0x00, 0x01, 0x00, 0x01, 0x00, 0x01, 0x00, 0x01, 0x00,
    0x01, 0x00, 0x01, 0x00, 0x01, 0x00, 0x01, 0x00, 0x43, 0x08, 0x23, 0x00, 0x01, 0x00, 0x01, 0x00,
    0x01, 0x00, 0x01, 0x00, 0x01, 0x00, 0x01, 0x00, 0x01, 0x00, 0x01, 0x00, 0x01, 0x00, 0x01, 0x00,
    0x01, 0x00, 0x01, 0x00, 0x22, 0x00, 0x64, 0x08, 0x43, 0x00, 0x01, 0x00, 0x01, 0x00, 0x01, 0x00,
    0x01, 0x00, 0x01, 0x00, 0x01, 0x00, 0x01, 0x00, 0x02, 0x00, 0x01, 0x00, 0x02, 0x00, 0x01, 0x00,
    0x02, 0x00, 0x22, 0x00, 0x65, 0x08, 0x22, 0x00, 0x02, 0x00, 0x02, 0x00, 0x02, 0x00, 0x02, 0x00,
    0x02, 0x00, 0x02, 0x00, 0x02, 0x00, 0x02, 0x00, 0x02, 0x00, 0x02, 0x00, 0x22, 0x00, 0x02, 0x00,
    0x23, 0x08, 0x65, 0x08, 0x43, 0x08, 0x02, 0x00, 0x22, 0x00, 0x02, 0x00, 0x22, 0x00, 0x02, 0x00,
    0x22, 0x00, 0x02, 0x00, 0x22, 0x00, 0x02, 0x00, 0x22, 0x00, 0x02, 0x00, 0x22, 0x00, 0x22, 0x00,
    0x65, 0x08, 0x44, 0x08, 0x22, 0x00, 0x02, 0x00, 0x22, 0x00, 0x22, 0x00, 0x22, 0x00, 0x02, 0x00,
    0x22, 0x00, 0x02, 0x00, 0x22, 0x00, 0x02, 0x00, 0x22, 0x00, 0x22, 0x00, 0x22, 0x00, 0x44, 0x08,
    0x65, 0x08, 0x23, 0x08, 0x22, 0x00, 0x22, 0x00, 0x22, 0x00, 0x22, 0x00, 0x22, 0x08, 0x22, 0x00,
    0x23, 0x08, 0x22, 0x00, 0x23, 0x08, 0x23, 0x08, 0x23, 0x08, 0x23, 0x08, 0x23, 0x08, 0x65, 0x08,
    0x65, 0x08, 0x23, 0x08, 0x23, 0x08, 0x23, 0x08, 0x23, 0x08, 0x23, 0x08, 0x23, 0x08, 0x23, 0x08,
    0x23, 0x08, 0x23, 0x08, 0x23, 0x08, 0x23, 0x08, 0x23, 0x08, 0x23, 0x08, 0x44, 0x08, 0x86, 0x10,
    0x44, 0x08, 0x23, 0x08, 0x23, 0x08, 0x23, 0x08, 0x23, 0x08, 0x23, 0x08, 0x23, 0x08, 0x23, 0x08,
    0x23, 0x08, 0x23, 0x08, 0x23, 0x08, 0x23, 0x08, 0x23, 0x08, 0x23, 0x08, 0x44, 0x08, 0x86, 0x10,
    0x44, 0x08, 0x23, 0x08, 0x23, 0x08, 0x23, 0x08, 0x23, 0x08, 0x23, 0x08, 0x23, 0x08, 0x23, 0x08,
    0x23, 0x08, 0x23, 0x08, 0x23, 0x08, 0x23, 0x08, 0x23, 0x08, 0x23, 0x08, 0x23, 0x08, 0x65, 0x08,
    0x44, 0x08, 0x22, 0x08, 0x23, 0x08, 0x22, 0x08, 0x23, 0x08, 0x22, 0x08, 0x23, 0x08, 0x22, 0x00,
    0x22, 0x08, 0x22, 0x00, 0x22, 0x00, 0x22, 0x00, 0x22, 0x00, 0x22, 0x00, 0x22, 0x00, 0x44, 0x08,
    0x65, 0x08, 0x23, 0x08, 0x22, 0x00, 0x02, 0x00, 0x22, 0x00, 0x02, 0x00, 0x22, 0x00, 0x02, 0x00,
    0x22, 0x00, 0x02, 0x00, 0x22, 0x00, 0x02, 0x00, 0x22, 0x00, 0x02, 0x00, 0x22, 0x00, 0x23, 0x00,
    0x64, 0x08, 0x43, 0x08, 0x22, 0x00, 0x02, 0x00, 0x22, 0x00, 0x02, 0x00, 0x22, 0x00, 0x02, 0x00,
    0x22, 0x00, 0x02, 0x00, 0x22, 0x00, 0x02, 0x00, 0x22, 0x00, 0x02, 0x00, 0x22, 0x00, 0x02, 0x00,
    0x43, 0x08, 0x65, 0x08, 0x23, 0x08, 0x01, 0x00, 0x02, 0x00, 0x01, 0x00, 0x01, 0x00, 0x01, 0x00,
    0x01, 0x00, 0x01, 0x00, 0x01, 0x00, 0x01, 0x00, 0x01, 0x00, 0x01, 0x00, 0x01, 0x00, 0x01, 0x00,
    0x01, 0x00, 0x22, 0x00, 0x44, 0x08, 0x22, 0x00, 0x01, 0x00, 0x01, 0x00, 0x01, 0x00, 0x01, 0x00,
    0x01, 0x00, 0x01, 0x00, 0x01, 0x00, 0x01, 0x00, 0x01, 0x00, 0x01, 0x00, 0x01, 0x00, 0x01, 0x00,
    0x01, 0x00, 0x01, 0x00, 0x02, 0x00, 0x43, 0x08, 0x22, 0x00, 0x01, 0x00, 0x01, 0x00, 0x01, 0x00,
    0x01, 0x00, 0x01, 0x00, 0x01, 0x00, 0x01, 0x00, 0x01, 0x00, 0x01, 0x00, 0x01, 0x00, 0x01, 0x00,
    0x01, 0x00, 0x01, 0x00, 0x01, 0x00, 0x01, 0x00, 0x22, 0x00, 0x43, 0x00, 0x01, 0x00, 0x01, 0x00,
    0x00, 0x00, 0x01, 0x00, 0x00, 0x00, 0x01, 0x00, 0x01, 0x00, 0x43, 0x00, 0x22, 0x00, 0x01, 0x00,
    0x00, 0x00, 0x01, 0x00, 0x01, 0x00, 0x01, 0x00, 0x01, 0x00, 0x01, 0x00, 0x01, 0x00, 0x01, 0x00,
    0x01, 0x00, 0x01, 0x00, 0x01, 0x00, 0x44, 0x08, 0x21, 0x00, 0x01, 0x00, 0x01, 0x00, 0x01, 0x00,
    0x01, 0x00, 0x01, 0x00, 0x01, 0x00, 0x01, 0x00, 0x01, 0x00, 0x01, 0x00, 0x01, 0x00, 0x01, 0x00,
    0x01, 0x00, 0x43, 0x08, 0x22, 0x00, 0x01, 0x00, 0x01, 0x00, 0x01, 0x00, 0x01, 0x00, 0x01, 0x00,
    0x01, 0x00, 0x01, 0x00, 0x01, 0x00, 0x01, 0x00, 0x01, 0x00, 0x01, 0x00, 0x01, 0x00, 0x43, 0x08,
    0x22, 0x00, 0x01, 0x00, 0x01, 0x00, 0x01, 0x00, 0x01, 0x00, 0x01, 0x00, 0x01, 0x00, 0x01, 0x00,
    0x01, 0x00, 0x01, 0x00, 0x01, 0x00, 0x01, 0x00, 0x01, 0x00, 0x22, 0x00, 0x43, 0x08, 0x01, 0x00,
    0x01, 0x00, 0x01, 0x00, 0x01, 0x00, 0x01, 0x00, 0x01, 0x00, 0x01, 0x00, 0x01, 0x00, 0x01, 0x00,
    0x01, 0x00, 0x01, 0x00, 0x01, 0x00, 0x01, 0x00, 0x43, 0x08, 0x23, 0x00, 0x01, 0x00, 0x01, 0x00,
    0x01, 0x00, 0x01, 0x00, 0x01, 0x00, 0x01, 0x00, 0x01, 0x00, 0x01, 0x00, 0x01, 0x00, 0x01, 0x00,
    0x01, 0x00, 0x01, 0x00, 0x22, 0x00, 0x65, 0x08, 0x22, 0x00, 0x01, 0x00, 0x01, 0x00, 0x01, 0x00,
    0x01, 0x00, 0x01, 0x00, 0x01, 0x00, 0x01, 0x00, 0x01, 0x00, 0x01, 0x00, 0x01, 0x00, 0x01, 0x00,
    0x01, 0x00, 0x23, 0x00, 0x65, 0x08, 0x22, 0x00, 0x01, 0x00, 0x02, 0x00, 0x01, 0x00, 0x22, 0x00,
    0x01, 0x00, 0x02, 0x00, 0x01, 0x00, 0x22, 0x00, 0x01, 0x00, 0x22, 0x00, 0x02, 0x00, 0x22, 0x00,
    0x23, 0x00, 0x65, 0x08, 0x23, 0x08, 0x22, 0x00, 0x02, 0x00, 0x22, 0x00, 0x02, 0x00, 0x22, 0x00,
    0x02, 0x00, 0x22, 0x00, 0x02, 0x00, 0x22, 0x00, 0x02, 0x00, 0x22, 0x00, 0x02, 0x00, 0x23, 0x08,
    0x65, 0x08, 0x44, 0x08, 0x02, 0x00, 0x22, 0x00, 0x02, 0x00, 0x22, 0x00, 0x02, 0x00, 0x22, 0x08,
    0x02, 0x00, 0x22, 0x00, 0x02, 0x00, 0x22, 0x08, 0x02, 0x00, 0x22, 0x00, 0x02, 0x00, 0x44, 0x08,
    0x65, 0x08, 0x23, 0x08, 0x22, 0x00, 0x22, 0x08, 0x02, 0x00, 0x22, 0x08, 0x22, 0x00, 0x23, 0x08,
    0x22, 0x00, 0x23, 0x08, 0x22, 0x00, 0x23, 0x08, 0x22, 0x00, 0x23, 0x08, 0x23, 0x08, 0x85, 0x10,
    0x44, 0x08, 0x23, 0x08, 0x22, 0x00, 0x23, 0x08, 0x22, 0x00, 0x23, 0x08, 0x22, 0x00, 0x23, 0x08,
    0x22, 0x00, 0x23, 0x08, 0x22, 0x08, 0x23, 0x08, 0x22, 0x00, 0x23, 0x08, 0x43, 0x08, 0x86, 0x10,
    0x44, 0x08, 0x23, 0x08, 0x23, 0x08, 0x23, 0x08, 0x23, 0x08, 0x23, 0x08, 0x23, 0x08, 0x23, 0x08,
    0x23, 0x08, 0x23, 0x08, 0x23, 0x08, 0x23, 0x08, 0x23, 0x08, 0x23, 0x08, 0x43, 0x08, 0x86, 0x10,
    0x44, 0x08, 0x23, 0x08, 0x22, 0x08, 0x23, 0x08, 0x22, 0x00, 0x23, 0x08, 0x22, 0x00, 0x23, 0x08,
    0x22, 0x00, 0x23, 0x08, 0x22, 0x00, 0x23, 0x08, 0x22, 0x00, 0x23, 0x08, 0x23, 0x08, 0x65, 0x08,
    0x44, 0x08, 0x23, 0x08, 0x22, 0x00, 0x22, 0x08, 0x22, 0x00, 0x22, 0x08, 0x22, 0x00, 0x22, 0x08,
    0x22, 0x00, 0x22, 0x08, 0x22, 0x00, 0x22, 0x08, 0x02, 0x00, 0x22, 0x00, 0x22, 0x00, 0x44, 0x08,
    0x65, 0x08, 0x23, 0x08, 0x02, 0x00, 0x22, 0x00, 0x02, 0x00, 0x22, 0x00, 0x02, 0x00, 0x22, 0x00,
    0x02, 0x00, 0x22, 0x00, 0x02, 0x00, 0x22, 0x00, 0x02, 0x00, 0x22, 0x00, 0x02, 0x00, 0x22, 0x08,
    0x64, 0x08, 0x44, 0x08, 0x02, 0x00, 0x22, 0x00, 0x02, 0x00, 0x22, 0x00, 0x02, 0x00, 0x22, 0x00,
    0x02, 0x00, 0x22, 0x00, 0x02, 0x00, 0x22, 0x00, 0x01, 0x00, 0x22, 0x00, 0x01, 0x00, 0x22, 0x00,
    0x22, 0x00, 0x64, 0x08, 0x23, 0x08, 0x21, 0x00, 0x01, 0x00, 0x21, 0x00, 0x01, 0x00, 0x21, 0x00,
    0x01, 0x00, 0x01, 0x00, 0x01, 0x00, 0x01, 0x00, 0x01, 0x00, 0x01, 0x00, 0x01, 0x00, 0x01, 0x00,
    0x01, 0x00, 0x22, 0x00, 0x44, 0x08, 0x23, 0x00, 0x01, 0x00, 0x01, 0x00, 0x01, 0x00, 0x01, 0x00,
    0x01, 0x00, 0x01, 0x00, 0x01, 0x00, 0x01, 0x00, 0x01, 0x00, 0x01, 0x00, 0x01, 0x00, 0x01, 0x00,
    0x01, 0x00, 0x01, 0x00, 0x01, 0x00, 0x43, 0x08, 0x22, 0x00, 0x01, 0x00, 0x01, 0x00, 0x01, 0x00,
    0x01, 0x00, 0x01, 0x00, 0x01, 0x00, 0x01, 0x00, 0x01, 0x00, 0x01, 0x00, 0x01, 0x00, 0x01, 0x00,
    0x01, 0x00, 0x01, 0x00, 0x01, 0x00, 0x01, 0x00, 0x22, 0x00, 0x43, 0x08, 0x21, 0x00, 0x01, 0x00,
    0x01, 0x00, 0x00, 0x00, 0x01, 0x00, 0x01, 0x00, 0x01, 0x00, 0x43, 0x08, 0x01, 0x00, 0x01, 0x00,
    0x01, 0x00, 0x01, 0x00, 0x01, 0x00, 0x01, 0x00, 0x01, 0x00, 0x01, 0x00, 0x01, 0x00, 0x01, 0x00,
    0x01, 0x00, 0x01, 0x00, 0x01, 0x00, 0x43, 0x08, 0x01, 0x00, 0x01, 0x00, 0x01, 0x00, 0x01, 0x00,
    0x01, 0x00, 0x01, 0x00, 0x01, 0x00, 0x01, 0x00, 0x01, 0x00, 0x01, 0x00, 0x01, 0x00, 0x01, 0x00,
    0x01, 0x00, 0x44, 0x08, 0x02, 0x00, 0x01, 0x00, 0x01, 0x00, 0x01, 0x00, 0x01, 0x00, 0x01, 0x00,
    0x01, 0x00, 0x01, 0x00, 0x01, 0x00, 0x01, 0x00, 0x01, 0x00, 0x01, 0x00, 0x01, 0x00, 0x43, 0x08,
    0x22, 0x00, 0x01, 0x00, 0x01, 0x00, 0x01, 0x00, 0x01, 0x00, 0x01, 0x00, 0x01, 0x00, 0x01, 0x00,
    0x01, 0x00, 0x01, 0x00, 0x01, 0x00, 0x01, 0x00, 0x01, 0x00, 0x23, 0x00, 0x43, 0x08, 0x01, 0x00,
    0x01, 0x00, 0x01, 0x00, 0x01, 0x00, 0x01, 0x00, 0x01, 0x00, 0x01, 0x00, 0x01, 0x00, 0x01, 0x00,
    0x01, 0x00, 0x01, 0x00, 0x01, 0x00, 0x01, 0x00, 0x44, 0x08, 0x22, 0x00, 0x01, 0x00, 0x01, 0x00,
    0x01, 0x00, 0x01, 0x00, 0x01, 0x00, 0x01, 0x00, 0x01, 0x00, 0x01, 0x00, 0x01, 0x00, 0x01, 0x00,
    0x01, 0x00, 0x01, 0x00, 0x22, 0x00, 0x65, 0x08, 0x22, 0x00, 0x01, 0x00, 0x01, 0x00, 0x01, 0x00,
    0x01, 0x00, 0x01, 0x00, 0x01, 0x00, 0x01, 0x00, 0x02, 0x00, 0x01, 0x00, 0x02, 0x00, 0x01, 0x00,
    0x02, 0x00, 0x23, 0x00, 0x65, 0x08, 0x22, 0x00, 0x02, 0x00, 0x01, 0x00, 0x02, 0x00, 0x02, 0x00,
    0x02, 0x00, 0x02, 0x00, 0x02, 0x00, 0x02, 0x00, 0x02, 0x00, 0x02, 0x00, 0x22, 0x00, 0x02, 0x00,
    0x23, 0x08, 0x65, 0x08, 0x43, 0x08, 0x02, 0x00, 0x22, 0x00, 0x02, 0x00, 0x22, 0x00, 0x02, 0x00,
    0x22, 0x00, 0x02, 0x00, 0x22, 0x00, 0x22, 0x00, 0x22, 0x00, 0x02, 0x00, 0x22, 0x00, 0x22, 0x00,
    0x65, 0x08, 0x44, 0x08, 0x22, 0x00, 0x22, 0x00, 0x22, 0x00, 0x02, 0x00, 0x22, 0x00, 0x22, 0x00,
    0x22, 0x00, 0x02, 0x00, 0x22, 0x00, 0x22, 0x00, 0x22, 0x00, 0x02, 0x00, 0x22, 0x00, 0x64, 0x08,
    0x65, 0x08, 0x23, 0x08, 0x23, 0x00, 0x22, 0x00, 0x22, 0x00, 0x22, 0x00, 0x23, 0x08, 0x22, 0x00,
    0x22, 0x08, 0x22, 0x00, 0x23, 0x08, 0x22, 0x08, 0x23, 0x08, 0x22, 0x08, 0x23, 0x08, 0x65, 0x08,
    0x64, 0x08, 0x23, 0x08, 0x23, 0x08, 0x23, 0x08, 0x23, 0x08, 0x23, 0x08, 0x23, 0x08, 0x23, 0x08,
    0x23, 0x08, 0x23, 0x08, 0x23, 0x08, 0x23, 0x08, 0x23, 0x08, 0x23, 0x08, 0x44, 0x08, 0x86, 0x10,
    0x44, 0x08, 0x23, 0x08, 0x23, 0x08, 0x23, 0x08, 0x23, 0x08, 0x23, 0x08, 0x23, 0x08, 0x23, 0x08,
    0x23, 0x08, 0x23, 0x08, 0x23, 0x08, 0x23, 0x08, 0x23, 0x08, 0x23, 0x08, 0x44, 0x08, 0x86, 0x10,
    0x44, 0x08, 0x23, 0x08, 0x23, 0x08, 0x23, 0x08, 0x23, 0x08, 0x23, 0x08, 0x23, 0x08, 0x23, 0x08,
    0x23, 0x08, 0x22, 0x08, 0x23, 0x08, 0x22, 0x08, 0x23, 0x08, 0x22, 0x08, 0x23, 0x08, 0x65, 0x08,
    0x44, 0x08, 0x22, 0x08, 0x23, 0x08, 0x22, 0x08, 0x22, 0x08, 0x22, 0x00, 0x23, 0x08, 0x22, 0x00,
    0x22, 0x00, 0x22, 0x00, 0x22, 0x08, 0x22, 0x00, 0x22, 0x00, 0x22, 0x00, 0x22, 0x00, 0x44, 0x08,
    0x65, 0x08, 0x23, 0x08, 0x22, 0x00, 0x22, 0x00, 0x22, 0x00, 0x02, 0x00, 0x22, 0x00, 0x02, 0x00,
    0x22, 0x00, 0x02, 0x00, 0x22, 0x00, 0x02, 0x00, 0x22, 0x00, 0x02, 0x00, 0x22, 0x00, 0x22, 0x00,
    0x44, 0x08, 0x44, 0x08, 0x22, 0x00, 0x02, 0x00, 0x22, 0x00, 0x02, 0x00, 0x22, 0x00, 0x02, 0x00,
    0x22, 0x00, 0x02, 0x00, 0x22, 0x00, 0x02, 0x00, 0x02, 0x00, 0x02, 0x00, 0x22, 0x00, 0x02, 0x00,
    0x22, 0x00, 0x44, 0x08, 0x43, 0x08, 0x02, 0x00, 0x02, 0x00, 0x01, 0x00, 0x01, 0x00, 0x01, 0x00,
    0x01, 0x00, 0x01, 0x00, 0x01, 0x00, 0x01, 0x00, 0x01, 0x00, 0x01, 0x00, 0x01, 0x00, 0x01, 0x00,
    0x01, 0x00, 0x22, 0x00, 0x44, 0x08, 0x23, 0x00, 0x01, 0x00, 0x01, 0x00, 0x01, 0x00, 0x01, 0x00,
    0x01, 0x00, 0x01, 0x00, 0x01, 0x00, 0x01, 0x00, 0x01, 0x00, 0x01, 0x00, 0x01, 0x00, 0x01, 0x00,
    0x01, 0x00, 0x01, 0x00, 0x01, 0x00, 0x23, 0x00, 0x43, 0x00, 0x01, 0x00, 0x01, 0x00, 0x01, 0x00,
    0x01, 0x00, 0x01, 0x00, 0x01, 0x00, 0x01, 0x00, 0x01, 0x00, 0x01, 0x00, 0x01, 0x00, 0x01, 0x00,
    0x01, 0x00, 0x01, 0x00, 0x01, 0x00, 0x01, 0x00, 0x22, 0x00, 0x43, 0x08, 0x22, 0x00, 0x01, 0x00,
    0x00, 0x00, 0x01, 0x00, 0x00, 0x00, 0x01, 0x00, 0x21, 0x00, 0x43, 0x08, 0x01, 0x00, 0x01, 0x00,
    0x00, 0x00, 0x01, 0x00, 0x01, 0x00, 0x01, 0x00, 0x01, 0x00, 0x01, 0x00, 0x01, 0x00, 0x01, 0x00,
    0x01, 0x00, 0x01, 0x00, 0x22, 0x00, 0x43, 0x08, 0x01, 0x00, 0x01, 0x00, 0x01, 0x00, 0x01, 0x00,
    0x01, 0x00, 0x01, 0x00, 0x01, 0x00, 0x01, 0x00, 0x01, 0x00, 0x01, 0x00, 0x01, 0x00, 0x01, 0x00,
    0x22, 0x00, 0x44, 0x08, 0x01, 0x00, 0x01, 0x00, 0x01, 0x00, 0x01, 0x00, 0x01, 0x00, 0x01, 0x00,
    0x01, 0x00, 0x01, 0x00, 0x01, 0x00, 0x01, 0x00, 0x01, 0x00, 0x01, 0x00, 0x01, 0x00, 0x44, 0x08,
    0x22, 0x00, 0x01, 0x00, 0x01, 0x00, 0x01, 0x00, 0x01, 0x00, 0x01, 0x00, 0x01, 0x00, 0x01, 0x00,
    0x01, 0x00, 0x01, 0x00, 0x01, 0x00, 0x01, 0x00, 0x01, 0x00, 0x43, 0x00, 0x43, 0x00, 0x01, 0x00,
    0x01, 0x00, 0x01, 0x00, 0x01, 0x00, 0x01, 0x00, 0x01, 0x00, 0x01, 0x00, 0x01, 0x00, 0x01, 0x00,
    0x01, 0x00, 0x01, 0x00, 0x01, 0x00, 0x21, 0x00, 0x44, 0x08, 0x22, 0x00, 0x01, 0x00, 0x01, 0x00,
    0x01, 0x00, 0x01, 0x00, 0x01, 0x00, 0x01, 0x00, 0x01, 0x00, 0x01, 0x00, 0x01, 0x00, 0x01, 0x00,
    0x01, 0x00, 0x01, 0x00, 0x22, 0x00, 0x64, 0x08, 0x22, 0x00, 0x01, 0x00, 0x01, 0x00, 0x01, 0x00,
    0x01, 0x00, 0x02, 0x00, 0x01, 0x00, 0x02, 0x00, 0x01, 0x00, 0x02, 0x00, 0x01, 0x00, 0x02, 0x00,
    0x01, 0x00, 0x43, 0x08, 0x64, 0x08, 0x22, 0x00, 0x01, 0x00, 0x02, 0x00, 0x01, 0x00, 0x02, 0x00,
    0x01, 0x00, 0x22, 0x00, 0x01, 0x00, 0x22, 0x00, 0x01, 0x00, 0x22, 0x00, 0x02, 0x00, 0x22, 0x00,
    0x23, 0x00, 0x65, 0x08, 0x23, 0x00, 0x22, 0x00, 0x02, 0x00, 0x22, 0x00, 0x02, 0x00, 0x22, 0x00,
    0x02, 0x00, 0x22, 0x00, 0x02, 0x00, 0x22, 0x00, 0x02, 0x00, 0x22, 0x00, 0x02, 0x00, 0x23, 0x08,
    0x65, 0x08, 0x44, 0x08, 0x02, 0x00, 0x22, 0x00, 0x02, 0x00, 0x22, 0x00, 0x02, 0x00, 0x22, 0x00,
    0x02, 0x00, 0x22, 0x08, 0x02, 0x00, 0x22, 0x00, 0x02, 0x00, 0x22, 0x08, 0x02, 0x00, 0x64, 0x08,
    0x65, 0x08, 0x23, 0x08, 0x02, 0x00, 0x23, 0x08, 0x22, 0x00, 0x23, 0x08, 0x22, 0x00, 0x23, 0x08,
    0x22, 0x00, 0x23, 0x08, 0x22, 0x00, 0x23, 0x08, 0x22, 0x00, 0x23, 0x08, 0x23, 0x08, 0x65, 0x08,
    0x44, 0x08, 0x23, 0x08, 0x22, 0x08, 0x23, 0x08, 0x23, 0x08, 0x23, 0x08, 0x23, 0x08, 0x23, 0x08,
    0x23, 0x08, 0x23, 0x08, 0x23, 0x08, 0x23, 0x08, 0x23, 0x08, 0x23, 0x08, 0x23, 0x08, 0x86, 0x10,
    0x44, 0x08, 0x23, 0x08, 0x23, 0x08, 0x23, 0x08, 0x23, 0x08, 0x23, 0x08, 0x23, 0x08, 0x23, 0x08,
    0x23, 0x08, 0x23, 0x08, 0x23, 0x08, 0x23, 0x08, 0x23, 0x08, 0x23, 0x08, 0x43, 0x08, 0x66, 0x10,
    0x44, 0x08, 0x23, 0x08, 0x23, 0x08, 0x23, 0x08, 0x23, 0x08, 0x23, 0x08, 0x22, 0x08, 0x23, 0x08,
    0x22, 0x08, 0x23, 0x08, 0x22, 0x08, 0x23, 0x08, 0x22, 0x08, 0x23, 0x08, 0x22, 0x08, 0x65, 0x08,
    0x44, 0x08, 0x23, 0x08, 0x22, 0x00, 0x23, 0x08, 0x22, 0x00, 0x23, 0x08, 0x22, 0x00, 0x23, 0x08,
    0x22, 0x00, 0x23, 0x08, 0x22, 0x00, 0x22, 0x00, 0x22, 0x00, 0x22, 0x00, 0x02, 0x00, 0x44, 0x08,
    0x65, 0x08, 0x23, 0x08, 0x02, 0x00, 0x22, 0x00, 0x02, 0x00, 0x22, 0x00, 0x02, 0x00, 0x22, 0x00,
    0x02, 0x00, 0x22, 0x00, 0x02, 0x00, 0x22, 0x00, 0x02, 0x00, 0x22, 0x00, 0x02, 0x00, 0x22, 0x00,
    0x44, 0x08, 0x44, 0x08, 0x02, 0x00, 0x22, 0x00, 0x02, 0x00, 0x22, 0x00, 0x01, 0x00, 0x22, 0x00,
    0x02, 0x00, 0x22, 0x00, 0x01, 0x00, 0x22, 0x00, 0x01, 0x00, 0x22, 0x00, 0x01, 0x00, 0x22, 0x00,
    0x22, 0x00, 0x64, 0x08, 0x43, 0x08, 0x22, 0x00, 0x01, 0x00, 0x22, 0x00, 0x01, 0x00, 0x01, 0x00,
    0x01, 0x00, 0x01, 0x00, 0x01, 0x00, 0x01, 0x00, 0x01, 0x00, 0x01, 0x00, 0x01, 0x00, 0x01, 0x00,
    0x01, 0x00, 0x22, 0x00, 0x43, 0x08, 0x43, 0x08, 0x01, 0x00, 0x01, 0x00, 0x01, 0x00, 0x01, 0x00,
    0x01, 0x00, 0x01, 0x00, 0x01, 0x00, 0x01, 0x00, 0x01, 0x00, 0x01, 0x00, 0x01, 0x00, 0x01, 0x00,
    0x01, 0x00, 0x01, 0x00, 0x01, 0x00, 0x23, 0x08, 0x43, 0x00, 0x01, 0x00, 0x01, 0x00, 0x01, 0x00,
    0x01, 0x00, 0x01, 0x00, 0x01, 0x00, 0x01, 0x00, 0x01, 0x00, 0x01, 0x00, 0x01, 0x00, 0x01, 0x00,
    0x01, 0x00, 0x01, 0x00, 0x01, 0x00, 0x01, 0x00, 0x22, 0x00, 0x43, 0x08, 0x22, 0x00, 0x01, 0x00,
    0x01, 0x00, 0x01, 0x00, 0x01, 0x00, 0x00, 0x00, 0x22, 0x00, 0x43, 0x00, 0x01, 0x00, 0x00, 0x00,
    0x01, 0x00, 0x00, 0x00, 0x01, 0x00, 0x01, 0x00, 0x01, 0x00, 0x01, 0x00, 0x01, 0x00, 0x01, 0x00,
    0x01, 0x00, 0x01, 0x00, 0x22, 0x00, 0x43, 0x00, 0x01, 0x00, 0x01, 0x00, 0x01, 0x00, 0x01, 0x00,
    0x01, 0x00, 0x01, 0x00, 0x01, 0x00, 0x01, 0x00, 0x01, 0x00, 0x01, 0x00, 0x01, 0x00, 0x01, 0x00,
    0x22, 0x00, 0x43, 0x08, 0x01, 0x00, 0x01, 0x00, 0x01, 0x00, 0x01, 0x00, 0x01, 0x00, 0x01, 0x00,
    0x01, 0x00, 0x01, 0x00, 0x01, 0x00, 0x01, 0x00, 0x01, 0x00, 0x01, 0x00, 0x01, 0x00, 0x44, 0x08,
    0x22, 0x00, 0x01, 0x00, 0x01, 0x00, 0x01, 0x00, 0x01, 0x00, 0x01, 0x00, 0x01, 0x00, 0x01, 0x00,
    0x01, 0x00, 0x01, 0x00, 0x01, 0x00, 0x01, 0x00, 0x01, 0x00, 0x43, 0x00, 0x43, 0x08, 0x01, 0x00,
    0x01, 0x00, 0x01, 0x00, 0x01, 0x00, 0x01, 0x00, 0x01, 0x00, 0x01, 0x00, 0x01, 0x00, 0x01, 0x00,
    0x01, 0x00, 0x01, 0x00, 0x01, 0x00, 0x22, 0x00, 0x44, 0x08, 0x22, 0x00, 0x01, 0x00, 0x01, 0x00,
    0x01, 0x00, 0x01, 0x00, 0x01, 0x00, 0x01, 0x00, 0x01, 0x00, 0x01, 0x00, 0x01, 0x00, 0x01, 0x00,
    0x01, 0x00, 0x01, 0x00, 0x22, 0x00, 0x44, 0x08, 0x22, 0x00, 0x01, 0x00, 0x01, 0x00, 0x01, 0x00,
    0x01, 0x00, 0x01, 0x00, 0x01, 0x00, 0x01, 0x00, 0x01, 0x00, 0x01, 0x00, 0x01, 0x00, 0x01, 0x00,
    0x01, 0x00, 0x23, 0x08, 0x64, 0x08, 0x22, 0x00, 0x02, 0x00, 0x01, 0x00, 0x02, 0x00, 0x01, 0x00,
    0x02, 0x00, 0x01, 0x00, 0x02, 0x00, 0x01, 0x00, 0x02, 0x00, 0x02, 0x00, 0x02, 0x00, 0x02, 0x00,
    0x43, 0x08, 0x65, 0x08, 0x23, 0x08, 0x02, 0x00, 0x22, 0x00, 0x02, 0x00, 0x22, 0x00, 0x02, 0x00,
    0x22, 0x00, 0x02, 0x00, 0x22, 0x00, 0x02, 0x00, 0x22, 0x00, 0x02, 0x00, 0x22, 0x00, 0x22, 0x08,
    0x65, 0x08, 0x43, 0x08, 0x22, 0x00, 0x02, 0x00, 0x22, 0x00, 0x02, 0x00, 0x22, 0x00, 0x02, 0x00,
    0x22, 0x00, 0x02, 0x00, 0x22, 0x00, 0x02, 0x00, 0x22, 0x00, 0x22, 0x00, 0x22, 0x00, 0x44, 0x08,
    0x65, 0x08, 0x22, 0x08, 0x22, 0x00, 0x22, 0x00, 0x22, 0x00, 0x22, 0x00, 0x22, 0x00, 0x22, 0x00,
    0x22, 0x08, 0x22, 0x00, 0x22, 0x08, 0x22, 0x00, 0x22, 0x08, 0x22, 0x00, 0x23, 0x08, 0x65, 0x08,
    0x65, 0x08, 0x22, 0x00, 0x22, 0x08, 0x22, 0x00, 0x23, 0x08, 0x22, 0x00, 0x22, 0x08, 0x22, 0x00,
    0x23, 0x08, 0x22, 0x08, 0x23, 0x08, 0x22, 0x08, 0x23, 0x08, 0x22, 0x08, 0x43, 0x08, 0x65, 0x10,
    0x44, 0x08, 0x22, 0x08, 0x22, 0x08, 0x22, 0x08, 0x23, 0x08, 0x22, 0x08, 0x22, 0x08, 0x22, 0x08,
    0x23, 0x08, 0x22, 0x08, 0x23, 0x08, 0x22, 0x08, 0x23, 0x08, 0x22, 0x08, 0x43, 0x08, 0x65, 0x08,
    0x44, 0x08, 0x22, 0x08, 0x23, 0x08, 0x22, 0x08, 0x23, 0x08, 0x22, 0x08, 0x22, 0x08, 0x22, 0x00,
    0x23, 0x08, 0x22, 0x00, 0x22, 0x08, 0x22, 0x00, 0x22, 0x08, 0x22, 0x00, 0x22, 0x08, 0x44, 0x08,
    0x65, 0x08, 0x22, 0x00, 0x22, 0x08, 0x22, 0x00, 0x22, 0x00, 0x22, 0x00, 0x22, 0x00, 0x22, 0x00,
    0x22, 0x00, 0x22, 0x00, 0x22, 0x00, 0x22, 0x00, 0x22, 0x00, 0x22, 0x00, 0x22, 0x00, 0x43, 0x08,
    0x65, 0x08, 0x23, 0x08, 0x22, 0x00, 0x02, 0x00, 0x22, 0x00, 0x02, 0x00, 0x22, 0x00, 0x02, 0x00,
    0x22, 0x00, 0x02, 0x00, 0x22, 0x00, 0x02, 0x00, 0x22, 0x00, 0x02, 0x00, 0x22, 0x00, 0x02, 0x00,
    0x44, 0x08, 0x44, 0x08, 0x22, 0x00, 0x02, 0x00, 0x22, 0x00, 0x02, 0x00, 0x22, 0x00, 0x02, 0x00,
    0x22, 0x00, 0x02, 0x00, 0x22, 0x00, 0x02, 0x00, 0x22, 0x00, 0x01, 0x00, 0x21, 0x00, 0x01, 0x00,
    0x22, 0x00, 0x44, 0x08, 0x43, 0x08, 0x01, 0x00, 0x01, 0x00, 0x01, 0x00, 0x01, 0x00, 0x01, 0x00,
    0x01, 0x00, 0x01, 0x00, 0x01, 0x00, 0x01, 0x00, 0x01, 0x00, 0x01, 0x00, 0x01, 0x00, 0x01, 0x00,
    0x01, 0x00, 0x01, 0x00, 0x43, 0x08, 0x43, 0x08, 0x01, 0x00, 0x01, 0x00, 0x01, 0x00, 0x01, 0x00,
    0x01, 0x00, 0x01, 0x00, 0x01, 0x00, 0x01, 0x00, 0x01, 0x00, 0x01, 0x00, 0x01, 0x00, 0x01, 0x00,
    0x01, 0x00, 0x01, 0x00, 0x01, 0x00, 0x22, 0x00, 0x43, 0x08, 0x01, 0x00, 0x01, 0x00, 0x01, 0x00,
    0x01, 0x00, 0x01, 0x00, 0x01, 0x00, 0x01, 0x00, 0x01, 0x00, 0x01, 0x00, 0x01, 0x00, 0x01, 0x00,
    0x01, 0x00, 0x01, 0x00, 0x01, 0x00, 0x01, 0x00, 0x01, 0x00, 0x43, 0x00, 0x22, 0x00, 0x01, 0x00,
    0x00, 0x00, 0x01, 0x00, 0x00, 0x00, 0x01, 0x00, 0x22, 0x00, 0x22, 0x00, 0x00, 0x00, 0x01, 0x00,
    0x00, 0x00, 0x01, 0x00, 0x00, 0x00, 0x01, 0x00, 0x01, 0x00, 0x01, 0x00, 0x01, 0x00, 0x01, 0x00,
    0x01, 0x00, 0x01, 0x00, 0x22, 0x00, 0x23, 0x00, 0x01, 0x00, 0x01, 0x00, 0x01, 0x00, 0x01, 0x00,
    0x01, 0x00, 0x01, 0x00, 0x01, 0x00, 0x01, 0x00, 0x01, 0x00, 0x01, 0x00, 0x01, 0x00, 0x01, 0x00,
    0x22, 0x00, 0x43, 0x00, 0x01, 0x00, 0x01, 0x00, 0x01, 0x00, 0x01, 0x00, 0x01, 0x00, 0x01, 0x00,
    0x01, 0x00, 0x01, 0x00, 0x01, 0x00, 0x01, 0x00, 0x01, 0x00, 0x01, 0x00, 0x02, 0x00, 0x44, 0x08,
    0x01, 0x00, 0x01, 0x00, 0x01, 0x00, 0x01, 0x00, 0x01, 0x00, 0x01, 0x00, 0x01, 0x00, 0x01, 0x00,
    0x01, 0x00, 0x01, 0x00, 0x01, 0x00, 0x01, 0x00, 0x01, 0x00, 0x43, 0x08, 0x23, 0x00, 0x01, 0x00,
    0x01, 0x00, 0x01, 0x00, 0x01, 0x00, 0x01, 0x00, 0x01, 0x00, 0x01, 0x00, 0x01, 0x00, 0x01, 0x00,
    0x01, 0x00, 0x01, 0x00, 0x01, 0x00, 0x22, 0x00, 0x64, 0x08, 0x22, 0x00, 0x01, 0x00, 0x01, 0x00,
    0x01, 0x00, 0x01, 0x00, 0x01, 0x00, 0x01, 0x00, 0x01, 0x00, 0x01, 0x00, 0x01, 0x00, 0x01, 0x00,
    0x01, 0x00, 0x01, 0x00, 0x22, 0x00, 0x64, 0x08, 0x01, 0x00, 0x01, 0x00, 0x01, 0x00, 0x01, 0x00,
    0x01, 0x00, 0x01, 0x00, 0x01, 0x00, 0x02, 0x00, 0x01, 0x00, 0x02, 0x00, 0x01, 0x00, 0x02, 0x00,
    0x01, 0x00, 0x43, 0x08, 0x44, 0x08, 0x22, 0x00, 0x01, 0x00, 0x02, 0x00, 0x01, 0x00, 0x22, 0x00,
    0x01, 0x00, 0x02, 0x00, 0x01, 0x00, 0x22, 0x00, 0x01, 0x00, 0x22, 0x00, 0x02, 0x00, 0x22, 0x00,
    0x23, 0x00, 0x65, 0x08, 0x22, 0x08, 0x22, 0x00, 0x02, 0x00, 0x22, 0x00, 0x02, 0x00, 0x22, 0x00,
    0x02, 0x00, 0x22, 0x00, 0x02, 0x00, 0x22, 0x00, 0x02, 0x00, 0x22, 0x00, 0x02, 0x00, 0x23, 0x08,
    0x65, 0x08, 0x44, 0x08, 0x02, 0x00, 0x22, 0x00, 0x02, 0x00, 0x22, 0x00, 0x02, 0x00, 0x22, 0x08,
    0x02, 0x00, 0x22, 0x00, 0x02, 0x00, 0x22, 0x00, 0x02, 0x00, 0x22, 0x00, 0x02, 0x00, 0x44, 0x08,
    0x65, 0x08, 0x23, 0x08, 0x22, 0x00, 0x23, 0x08, 0x02, 0x00, 0x22, 0x08, 0x22, 0x00, 0x23, 0x08,
    0x22, 0x00, 0x23, 0x08, 0x22, 0x00, 0x23, 0x08, 0x22, 0x00, 0x23, 0x08, 0x23, 0x08, 0x65, 0x08,
    0x44, 0x08, 0x23, 0x08, 0x22, 0x08, 0x23, 0x08, 0x22, 0x08, 0x23, 0x08, 0x22, 0x08, 0x23, 0x08,
    0x22, 0x08, 0x23, 0x08, 0x22, 0x08, 0x23, 0x08, 0x22, 0x08, 0x23, 0x08, 0x43, 0x08, 0x66, 0x10,
    0x44, 0x08, 0x23, 0x08, 0x23, 0x08, 0x23, 0x08, 0x23, 0x08, 0x23, 0x08, 0x23, 0x08, 0x23, 0x08,
    0x23, 0x08, 0x23, 0x08, 0x23, 0x08, 0x23, 0x08, 0x23, 0x08, 0x23, 0x08, 0x23, 0x08, 0x66, 0x10,
    0x44, 0x08, 0x23, 0x08, 0x23, 0x08, 0x23, 0x08, 0x22, 0x08, 0x23, 0x08, 0x22, 0x08, 0x23, 0x08,
    0x22, 0x08, 0x23, 0x08, 0x22, 0x08, 0x23, 0x08, 0x22, 0x08, 0x23, 0x08, 0x22, 0x08, 0x65, 0x08,
    0x64, 0x08, 0x23, 0x00, 0x22, 0x00, 0x22, 0x00, 0x22, 0x00, 0x22, 0x00, 0x22, 0x00, 0x22, 0x08,
    0x22, 0x00, 0x22, 0x00, 0x22, 0x00, 0x22, 0x00, 0x02, 0x00, 0x22, 0x00, 0x22, 0x00, 0x43, 0x08,
    0x65, 0x08, 0x43, 0x08, 0x02, 0x00, 0x22, 0x00, 0x02, 0x00, 0x22, 0x00, 0x02, 0x00, 0x22, 0x00,
    0x02, 0x00, 0x22, 0x00, 0x02, 0x00, 0x22, 0x00, 0x02, 0x00, 0x22, 0x00, 0x02, 0x00, 0x22, 0x00,
    0x43, 0x08, 0x64, 0x08, 0x22, 0x00, 0x22, 0x00, 0x01, 0x00, 0x22, 0x00, 0x02, 0x00, 0x22, 0x00,
    0x01, 0x00, 0x22, 0x00, 0x02, 0x00, 0x22, 0x00, 0x01, 0x00, 0x22, 0x00, 0x01, 0x00, 0x22, 0x00,
    0x01, 0x00, 0x43, 0x08, 0x43, 0x08, 0x22, 0x00, 0x01, 0x00, 0x02, 0x00, 0x01, 0x00, 0x02, 0x00,
    0x01, 0x00, 0x01, 0x00, 0x01, 0x00, 0x02, 0x00, 0x01, 0x00, 0x01, 0x00, 0x01, 0x00, 0x01, 0x00,
    0x01, 0x00, 0x01, 0x00, 0x23, 0x00, 0x43, 0x08, 0x01, 0x00, 0x01, 0x00, 0x01, 0x00, 0x01, 0x00,
    0x01, 0x00, 0x01, 0x00, 0x01, 0x00, 0x01, 0x00, 0x01, 0x00, 0x01, 0x00, 0x01, 0x00, 0x01, 0x00,
    0x01, 0x00, 0x01, 0x00, 0x01, 0x00, 0x22, 0x00, 0x43, 0x08, 0x22, 0x00, 0x01, 0x00, 0x01, 0x00,
    0x01, 0x00, 0x01, 0x00, 0x01, 0x00, 0x01, 0x00, 0x01, 0x00, 0x01, 0x00, 0x01, 0x00, 0x01, 0x00,
    0x01, 0x00, 0x01, 0x00, 0x01, 0x00, 0x01, 0x00, 0x01, 0x00, 0x43, 0x00, 0x22, 0x00, 0x01, 0x00,
    0x01, 0x00, 0x00, 0x00, 0x01, 0x00, 0x01, 0x00, 0x22, 0x00, 0x22, 0x00, 0x01, 0x00, 0x01, 0x00,
    0x01, 0x00, 0x00, 0x00, 0x01, 0x00, 0x01, 0x00, 0x01, 0x00, 0x01, 0x00, 0x01, 0x00, 0x01, 0x00,
    0x01, 0x00, 0x01, 0x00, 0x23, 0x00, 0x22, 0x00, 0x01, 0x00, 0x01, 0x00, 0x01, 0x00, 0x01, 0x00,
    0x01, 0x00, 0x01, 0x00, 0x01, 0x00, 0x01, 0x00, 0x01, 0x00, 0x01, 0x00, 0x01, 0x00, 0x01, 0x00,
    0x22, 0x00, 0x23, 0x00, 0x01, 0x00, 0x01, 0x00, 0x01, 0x00, 0x01, 0x00, 0x01, 0x00, 0x01, 0x00,
    0x01, 0x00, 0x01, 0x00, 0x01, 0x00, 0x01, 0x00, 0x01, 0x00, 0x01, 0x00, 0x22, 0x00, 0x43, 0x08,
    0x01, 0x00, 0x01, 0x00, 0x01, 0x00, 0x01, 0x00, 0x01, 0x00, 0x01, 0x00, 0x01, 0x00, 0x01, 0x00,
    0x01, 0x00, 0x01, 0x00, 0x01, 0x00, 0x01, 0x00, 0x01, 0x00, 0x43, 0x08, 0x22, 0x00, 0x01, 0x00,
    0x01, 0x00, 0x01, 0x00, 0x01, 0x00, 0x01, 0x00, 0x01, 0x00, 0x01, 0x00, 0x01, 0x00, 0x01, 0x00,
    0x01, 0x00, 0x01, 0x00, 0x01, 0x00, 0x22, 0x00, 0x44, 0x08, 0x22, 0x00, 0x01, 0x00, 0x01, 0x00,
    0x01, 0x00, 0x01, 0x00, 0x01, 0x00, 0x01, 0x00, 0x01, 0x00, 0x01, 0x00, 0x01, 0x00, 0x01, 0x00,
    0x01, 0x00, 0x01, 0x00, 0x43, 0x00, 0x44, 0x08, 0x01, 0x00, 0x01, 0x00, 0x01, 0x00, 0x01, 0x00,
    0x01, 0x00, 0x01, 0x00, 0x01, 0x00, 0x01, 0x00, 0x01, 0x00, 0x01, 0x00, 0x01, 0x00, 0x01, 0x00,
    0x01, 0x00, 0x23, 0x00, 0x64, 0x08, 0x02, 0x00, 0x02, 0x00, 0x01, 0x00, 0x02, 0x00, 0x02, 0x00,
    0x02, 0x00, 0x01, 0x00, 0x02, 0x00, 0x01, 0x00, 0x02, 0x00, 0x02, 0x00, 0x22, 0x00, 0x02, 0x00,
    0x43, 0x08, 0x64, 0x08, 0x23, 0x00, 0x02, 0x00, 0x22, 0x00, 0x02, 0x00, 0x22, 0x00, 0x02, 0x00,
    0x02, 0x00, 0x02, 0x00, 0x22, 0x00, 0x02, 0x00, 0x22, 0x00, 0x02, 0x00, 0x22, 0x00, 0x22, 0x08,
    0x65, 0x08, 0x43, 0x08, 0x22, 0x00, 0x02, 0x00, 0x22, 0x00, 0x02, 0x00, 0x22, 0x00, 0x02, 0x00,
    0x02, 0x00, 0x02, 0x00, 0x22, 0x00, 0x02, 0x00, 0x22, 0x00, 0x02, 0x00, 0x22, 0x00, 0x44, 0x08,
    0x65, 0x08, 0x22, 0x08, 0x22, 0x00, 0x22, 0x00, 0x22, 0x00, 0x22, 0x00, 0x22, 0x08, 0x22, 0x00,
    0x22, 0x00, 0x22, 0x00, 0x22, 0x08, 0x22, 0x08, 0x22, 0x08, 0x22, 0x08, 0x23, 0x08, 0x65, 0x08,
    0x44, 0x08, 0x22, 0x08, 0x23, 0x08, 0x22, 0x08, 0x22, 0x08, 0x22, 0x08, 0x23, 0x08, 0x22, 0x08,
    0x22, 0x08, 0x22, 0x08, 0x23, 0x08, 0x23, 0x08, 0x23, 0x08, 0x23, 0x08, 0x43, 0x08, 0x65, 0x10,
    0x44, 0x08, 0x23, 0x08, 0x23, 0x08, 0x23, 0x08, 0x23, 0x08, 0x23, 0x08, 0x23, 0x08, 0x23, 0x08,
    0x23, 0x08, 0x23, 0x08, 0x23, 0x08, 0x23, 0x08, 0x23, 0x08, 0x23, 0x08, 0x43, 0x08, 0x65, 0x10,
    0x64, 0x08, 0x23, 0x08, 0x23, 0x08, 0x23, 0x08, 0x23, 0x08, 0x22, 0x08, 0x23, 0x08, 0x23, 0x08,
    0x23, 0x08, 0x22, 0x08, 0x23, 0x00, 0x23, 0x00, 0x23, 0x00, 0x22, 0x00, 0x22, 0x00, 0x44, 0x08,
    0x65, 0x08, 0x23, 0x08, 0x22, 0x00, 0x22, 0x00, 0x22, 0x00, 0x22, 0x00, 0x22, 0x00, 0x22, 0x00,
    0x22, 0x00, 0x22, 0x00, 0x22, 0x00, 0x22, 0x00, 0x22, 0x00, 0x22, 0x00, 0x22, 0x00, 0x23, 0x08,
    0x65, 0x08, 0x23, 0x08, 0x22, 0x00, 0x22, 0x00, 0x22, 0x00, 0x02, 0x00, 0x22, 0x00, 0x02, 0x00,
    0x02, 0x00, 0x02, 0x00, 0x22, 0x00, 0x02, 0x00, 0x22, 0x00, 0x02, 0x00, 0x22, 0x00, 0x02, 0x00,
    0x43, 0x08, 0x44, 0x08, 0x22, 0x08, 0x02, 0x00, 0x02, 0x00, 0x02, 0x00, 0x22, 0x00, 0x02, 0x00,
    0x02, 0x00, 0x02, 0x00, 0x22, 0x00, 0x02, 0x00, 0x02, 0x00, 0x01, 0x00, 0x22, 0x00, 0x01, 0x00,
    0x01, 0x00, 0x23, 0x08, 0x44, 0x08, 0x02, 0x00, 0x01, 0x00, 0x01, 0x00, 0x01, 0x00, 0x01, 0x00,
    0x01, 0x00, 0x01, 0x00, 0x01, 0x00, 0x01, 0x00, 0x01, 0x00, 0x01, 0x00, 0x01, 0x00, 0x01, 0x00,
    0x01, 0x00, 0x01, 0x00, 0x43, 0x08, 0x43, 0x08, 0x22, 0x00, 0x01, 0x00, 0x01, 0x00, 0x01, 0x00,
    0x01, 0x00, 0x01, 0x00, 0x01, 0x00, 0x01, 0x00, 0x01, 0x00, 0x01, 0x00, 0x01, 0x00, 0x01, 0x00,
    0x01, 0x00, 0x01, 0x00, 0x01, 0x00, 0x22, 0x00, 0x43, 0x08, 0x22, 0x00, 0x01, 0x00, 0x01, 0x00,
    0x01, 0x00, 0x01, 0x00, 0x01, 0x00, 0x01, 0x00, 0x01, 0x00, 0x01, 0x00, 0x01, 0x00, 0x01, 0x00,
    0x01, 0x00, 0x01, 0x00, 0x01, 0x00, 0x01, 0x00, 0x01, 0x00, 0x22, 0x00, 0x23, 0x00, 0x01, 0x00,
    0x01, 0x00, 0x01, 0x00, 0x01, 0x00, 0x01, 0x00, 0x42, 0x00, 0x22, 0x00, 0x01, 0x00, 0x01, 0x00,
    0x00, 0x00, 0x01, 0x00, 0x00, 0x00, 0x01, 0x00, 0x00, 0x00, 0x01, 0x00, 0x00, 0x00, 0x01, 0x00,
    0x00, 0x00, 0x01, 0x00, 0x42, 0x00, 0x22, 0x00, 0x01, 0x00, 0x01, 0x00, 0x01, 0x00, 0x01, 0x00,
    0x01, 0x00, 0x01, 0x00, 0x01, 0x00, 0x01, 0x00, 0x01, 0x00, 0x01, 0x00, 0x01, 0x00, 0x01, 0x00,
    0x22, 0x00, 0x23, 0x00, 0x01, 0x00, 0x01, 0x00, 0x01, 0x00, 0x01, 0x00, 0x01, 0x00, 0x01, 0x00,
    0x01, 0x00, 0x01, 0x00, 0x01, 0x00, 0x01, 0x00, 0x01, 0x00, 0x01, 0x00, 0x22, 0x00, 0x43, 0x08,
    0x01, 0x00, 0x01, 0x00, 0x01, 0x00, 0x01, 0x00, 0x01, 0x00, 0x01, 0x00, 0x01, 0x00, 0x01, 0x00,
    0x01, 0x00, 0x01, 0x00, 0x01, 0x00, 0x01, 0x00, 0x01, 0x00, 0x43, 0x08, 0x22, 0x00, 0x01, 0x00,
    0x01, 0x00, 0x01, 0x00, 0x01, 0x00, 0x01, 0x00, 0x01, 0x00, 0x01, 0x00, 0x01, 0x00, 0x01, 0x00,
    0x01, 0x00, 0x01, 0x00, 0x01, 0x00, 0x22, 0x00, 0x44, 0x08, 0x22, 0x00, 0x01, 0x00, 0x01, 0x00,
    0x01, 0x00, 0x01, 0x00, 0x01, 0x00, 0x01, 0x00, 0x01, 0x00, 0x01, 0x00, 0x01, 0x00, 0x01, 0x00,
    0x01, 0x00, 0x01, 0x00, 0x23, 0x00, 0x64, 0x08, 0x01, 0x00, 0x01, 0x00, 0x01, 0x00, 0x01, 0x00,
    0x01, 0x00, 0x01, 0x00, 0x01, 0x00, 0x01, 0x00, 0x01, 0x00, 0x01, 0x00, 0x01, 0x00, 0x01, 0x00,
    0x01, 0x00, 0x43, 0x08, 0x44, 0x08, 0x02, 0x00, 0x01, 0x00, 0x02, 0x00, 0x01, 0x00, 0x02, 0x00,
    0x01, 0x00, 0x22, 0x00, 0x01, 0x00, 0x22, 0x00, 0x01, 0x00, 0x22, 0x00, 0x01, 0x00, 0x22, 0x00,
    0x23, 0x08, 0x65, 0x08, 0x22, 0x00, 0x22, 0x00, 0x01, 0x00, 0x22, 0x00, 0x02, 0x00, 0x22, 0x00,
    0x02, 0x00, 0x22, 0x00, 0x02, 0x00, 0x22, 0x00, 0x02, 0x00, 0x22, 0x00, 0x02, 0x00, 0x23, 0x08,
    0x65, 0x08, 0x43, 0x08, 0x02, 0x00, 0x22, 0x00, 0x02, 0x00, 0x22, 0x00, 0x02, 0x00, 0x22, 0x00,
    0x02, 0x00, 0x22, 0x00, 0x02, 0x00, 0x22, 0x00, 0x02, 0x00, 0x22, 0x00, 0x02, 0x00, 0x44, 0x08,
    0x65, 0x08, 0x23, 0x08, 0x02, 0x00, 0x22, 0x00, 0x22, 0x00, 0x22, 0x08, 0x22, 0x00, 0x22, 0x08,
    0x22, 0x00, 0x22, 0x08, 0x22, 0x00, 0x22, 0x08, 0x22, 0x00, 0x22, 0x08, 0x22, 0x08, 0x65, 0x08,
    0x44, 0x08, 0x22, 0x08, 0x22, 0x00, 0x22, 0x08, 0x22, 0x00, 0x22, 0x08, 0x22, 0x00, 0x22, 0x08,
    0x22, 0x00, 0x23, 0x08, 0x22, 0x00, 0x23, 0x08, 0x22, 0x00, 0x23, 0x08, 0x23, 0x08, 0x65, 0x10,
    0x44, 0x08, 0x23, 0x08, 0x22, 0x00, 0x23, 0x08, 0x22, 0x08, 0x23, 0x08, 0x22, 0x00, 0x23, 0x08,
    0x22, 0x08, 0x23, 0x08, 0x22, 0x00, 0x23, 0x08, 0x22, 0x08, 0x23, 0x08, 0x23, 0x08, 0x65, 0x08,
    0x44, 0x08, 0x23, 0x08, 0x22, 0x00, 0x23, 0x08, 0x22, 0x00, 0x23, 0x08, 0x22, 0x00, 0x22, 0x08,
    0x22, 0x00, 0x22, 0x08, 0x22, 0x00, 0x22, 0x00, 0x22, 0x00, 0x22, 0x00, 0x22, 0x00, 0x64, 0x08,
    0x65, 0x08, 0x23, 0x08, 0x22, 0x00, 0x22, 0x00, 0x22, 0x00, 0x22, 0x00, 0x22, 0x00, 0x22, 0x00,
    0x22, 0x00, 0x22, 0x00, 0x02, 0x00, 0x22, 0x00, 0x02, 0x00, 0x22, 0x00, 0x02, 0x00, 0x23, 0x08,
    0x65, 0x08, 0x43, 0x08, 0x02, 0x00, 0x22, 0x00, 0x02, 0x00, 0x22, 0x00, 0x02, 0x00, 0x22, 0x00,
    0x02, 0x00, 0x22, 0x00, 0x01, 0x00, 0x22, 0x00, 0x02, 0x00, 0x22, 0x00, 0x01, 0x00, 0x22, 0x00,
    0x43, 0x08, 0x64, 0x08, 0x22, 0x00, 0x22, 0x00, 0x01, 0x00, 0x22, 0x00, 0x01, 0x00, 0x22, 0x00,
    0x01, 0x00, 0x22, 0x00, 0x01, 0x00, 0x22, 0x00, 0x01, 0x00, 0x22, 0x00, 0x01, 0x00, 0x01, 0x00,
    0x01, 0x00, 0x43, 0x08, 0x44, 0x08, 0x22, 0x00, 0x01, 0x00, 0x02, 0x00, 0x01, 0x00, 0x01, 0x00,
    0x01, 0x00, 0x01, 0x00, 0x01, 0x00, 0x01, 0x00, 0x01, 0x00, 0x01, 0x00, 0x01, 0x00, 0x01, 0x00,
    0x01, 0x00, 0x01, 0x00, 0x22, 0x00, 0x44, 0x08, 0x02, 0x00, 0x01, 0x00, 0x01, 0x00, 0x01, 0x00,
    0x01, 0x00, 0x01, 0x00, 0x01, 0x00, 0x01, 0x00, 0x01, 0x00, 0x01, 0x00, 0x01, 0x00, 0x01, 0x00,
    0x01, 0x00, 0x01, 0x00, 0x01, 0x00, 0x22, 0x00, 0x43, 0x08, 0x22, 0x00, 0x01, 0x00, 0x01, 0x00,
    0x01, 0x00, 0x01, 0x00, 0x01, 0x00, 0x01, 0x00, 0x01, 0x00, 0x01, 0x00, 0x01, 0x00, 0x01, 0x00,
    0x01, 0x00, 0x01, 0x00, 0x01, 0x00, 0x01, 0x00, 0x01, 0x00, 0x22, 0x00, 0x23, 0x00, 0x01, 0x00,
    0x23, 0x00, 0x23, 0x00, 0x22, 0x00, 0x23, 0x00, 0x64, 0x08, 0x43, 0x08, 0x23, 0x00, 0x22, 0x00,
    0x23, 0x00, 0x22, 0x00, 0x22, 0x00, 0x22, 0x00, 0x22, 0x00, 0x22, 0x00, 0x22, 0x00, 0x22, 0x00,
    0x22, 0x00, 0x22, 0x00, 0x64, 0x08, 0x43, 0x08, 0x22, 0x00, 0x22, 0x00, 0x22, 0x00, 0x22, 0x00,
    0x22, 0x00, 0x22, 0x00, 0x22, 0x00, 0x22, 0x00, 0x22, 0x00, 0x22, 0x00, 0x22, 0x00, 0x22, 0x00,
    0x44, 0x08, 0x43, 0x08, 0x22, 0x00, 0x22, 0x00, 0x22, 0x00, 0x22, 0x00, 0x22, 0x00, 0x22, 0x00,
    0x22, 0x00, 0x22, 0x00, 0x22, 0x00, 0x22, 0x00, 0x22, 0x00, 0x22, 0x00, 0x43, 0x08, 0x44, 0x08,
    0x22, 0x00, 0x22, 0x00, 0x22, 0x00, 0x22, 0x00, 0x22, 0x00, 0x22, 0x00, 0x22, 0x00, 0x22, 0x00,
    0x22, 0x00, 0x22, 0x00, 0x22, 0x00, 0x22, 0x00, 0x22, 0x00, 0x64, 0x08, 0x23, 0x00, 0x22, 0x00,
    0x22, 0x00, 0x22, 0x00, 0x22, 0x00, 0x22, 0x00, 0x22, 0x00, 0x21, 0x00, 0x21, 0x00, 0x21, 0x00,
    0x21, 0x00, 0x21, 0x00, 0x01, 0x00, 0x23, 0x00, 0x44, 0x08, 0x22, 0x00, 0x01, 0x00, 0x01, 0x00,
    0x01, 0x00, 0x01, 0x00, 0x01, 0x00, 0x01, 0x00, 0x01, 0x00, 0x01, 0x00, 0x01, 0x00, 0x01, 0x00,
    0x01, 0x00, 0x01, 0x00, 0x23, 0x08, 0x43, 0x00, 0x01, 0x00, 0x01, 0x00, 0x01, 0x00, 0x01, 0x00,
    0x01, 0x00, 0x01, 0x00, 0x01, 0x00, 0x01, 0x00, 0x01, 0x00, 0x01, 0x00, 0x01, 0x00, 0x01, 0x00,
    0x01, 0x00, 0x43, 0x08, 0x44, 0x08, 0x01, 0x00, 0x01, 0x00, 0x01, 0x00, 0x01, 0x00, 0x01, 0x00,
    0x01, 0x00, 0x01, 0x00, 0x02, 0x00, 0x01, 0x00, 0x02, 0x00, 0x02, 0x00, 0x02, 0x00, 0x01, 0x00,
    0x43, 0x08, 0x44, 0x08, 0x22, 0x00, 0x02, 0x00, 0x22, 0x00, 0x02, 0x00, 0x22, 0x00, 0x02, 0x00,
    0x22, 0x00, 0x02, 0x00, 0x02, 0x00, 0x02, 0x00, 0x22, 0x00, 0x02, 0x00, 0x22, 0x00, 0x23, 0x08,
    0x65, 0x08, 0x43, 0x08, 0x22, 0x00, 0x02, 0x00, 0x22, 0x00, 0x02, 0x00, 0x22, 0x00, 0x02, 0x00,
    0x22, 0x00, 0x02, 0x00, 0x22, 0x00, 0x02, 0x00, 0x22, 0x00, 0x22, 0x00, 0x22, 0x00, 0x44, 0x08,
    0x65, 0x08, 0x22, 0x08, 0x22, 0x00, 0x22, 0x00, 0x22, 0x00, 0x22, 0x00, 0x22, 0x00, 0x22, 0x00,
    0x22, 0x00, 0x22, 0x00, 0x22, 0x08, 0x22, 0x00, 0x22, 0x08, 0x22, 0x08, 0x23, 0x08, 0x65, 0x08,
    0x44, 0x08, 0x22, 0x08, 0x22, 0x08, 0x22, 0x08, 0x23, 0x08, 0x22, 0x08, 0x23, 0x08, 0x22, 0x08,
    0x23, 0x08, 0x22, 0x08, 0x23, 0x08, 0x22, 0x08, 0x23, 0x08, 0x22, 0x08, 0x43, 0x08, 0x65, 0x08,
    0x64, 0x08, 0x23, 0x08, 0x23, 0x08, 0x23, 0x08, 0x23, 0x08, 0x23, 0x08, 0x23, 0x08, 0x23, 0x08,
    0x23, 0x08, 0x23, 0x08, 0x23, 0x08, 0x23, 0x08, 0x23, 0x08, 0x23, 0x08, 0x23, 0x08, 0x65, 0x08,
    0x65, 0x08, 0x22, 0x00, 0x23, 0x08, 0x22, 0x00, 0x22, 0x08, 0x22, 0x00, 0x22, 0x00, 0x22, 0x00,
    0x22, 0x00, 0x22, 0x00, 0x22, 0x00, 0x22, 0x00, 0x22, 0x00, 0x22, 0x00, 0x22, 0x00, 0x44, 0x08,
    0x65, 0x08, 0x23, 0x08, 0x22, 0x00, 0x22, 0x00, 0x22, 0x00, 0x22, 0x00, 0x22, 0x00, 0x22, 0x00,
    0x22, 0x00, 0x22, 0x00, 0x22, 0x00, 0x22, 0x00, 0x22, 0x00, 0x22, 0x00, 0x22, 0x00, 0x23, 0x08,
    0x65, 0x08, 0x44, 0x08, 0x22, 0x00, 0x02, 0x00, 0x22, 0x00, 0x02, 0x00, 0x22, 0x00, 0x02, 0x00,
    0x22, 0x00, 0x02, 0x00, 0x02, 0x00, 0x02, 0x00, 0x22, 0x00, 0x02, 0x00, 0x22, 0x00, 0x02, 0x00,
    0x43, 0x08, 0x65, 0x08, 0x23, 0x08, 0x02, 0x00, 0x22, 0x00, 0x02, 0x00, 0x22, 0x00, 0x02, 0x00,
    0x22, 0x00, 0x02, 0x00, 0x02, 0x00, 0x01, 0x00, 0x02, 0x00, 0x01, 0x00, 0x01, 0x00, 0x01, 0x00,
    0x01, 0x00, 0x23, 0x00, 0x44, 0x08, 0x22, 0x00, 0x01, 0x00, 0x01, 0x00, 0x01, 0x00, 0x01, 0x00,
    0x01, 0x00, 0x01, 0x00, 0x01, 0x00, 0x01, 0x00, 0x01, 0x00, 0x01, 0x00, 0x01, 0x00, 0x01, 0x00,
    0x01, 0x00, 0x01, 0x00, 0x22, 0x00, 0x44, 0x08, 0x22, 0x00, 0x01, 0x00, 0x01, 0x00, 0x01, 0x00,
    0x01, 0x00, 0x01, 0x00, 0x01, 0x00, 0x01, 0x00, 0x01, 0x00, 0x01, 0x00, 0x01, 0x00, 0x01, 0x00,
    0x01, 0x00, 0x01, 0x00, 0x01, 0x00, 0x01, 0x00, 0x43, 0x08, 0x22, 0x00, 0x01, 0x00, 0x01, 0x00,
    0x01, 0x00, 0x01, 0x00, 0x01, 0x00, 0x01, 0x00, 0x01, 0x00, 0x01, 0x00, 0x01, 0x00, 0x01, 0x00,
    0x01, 0x00, 0x01, 0x00, 0x01, 0x00, 0x01, 0x00, 0x01, 0x00, 0x22, 0x00, 0x43, 0x00, 0x02, 0x00,
    0x22, 0x00, 0x22, 0x00, 0x22, 0x00, 0x22, 0x00, 0x44, 0x08, 0x23, 0x00, 0x22, 0x00, 0x22, 0x00,
    0x22, 0x00, 0x22, 0x00, 0x22, 0x00, 0x22, 0x00, 0x22, 0x00, 0x22, 0x00, 0x22, 0x00, 0x22, 0x00,
    0x22, 0x00, 0x43, 0x00, 0x65, 0x08, 0x43, 0x08, 0x22, 0x00, 0x23, 0x00, 0x43, 0x00, 0x43, 0x00,
    0x43, 0x00, 0x43, 0x00, 0x43, 0x00, 0x43, 0x00, 0x43, 0x00, 0x43, 0x00, 0x43, 0x08, 0x43, 0x08,
    0x65, 0x08, 0x44, 0x08, 0x43, 0x08, 0x43, 0x08, 0x43, 0x08, 0x43, 0x08, 0x43, 0x08, 0x43, 0x08,
    0x43, 0x08, 0x44, 0x08, 0x43, 0x08, 0x44, 0x08, 0x43, 0x08, 0x44, 0x08, 0x65, 0x08, 0x85, 0x08,
    0x43, 0x08, 0x44, 0x08, 0x44, 0x08, 0x44, 0x08, 0x44, 0x08, 0x44, 0x08, 0x44, 0x08, 0x44, 0x08,
    0x44, 0x08, 0x44, 0x08, 0x44, 0x08, 0x44, 0x08, 0x64, 0x08, 0x86, 0x10, 0x64, 0x08, 0x44, 0x08,
    0x44, 0x08, 0x44, 0x08, 0x44, 0x08, 0x44, 0x08, 0x43, 0x08, 0x43, 0x08, 0x43, 0x08, 0x44, 0x08,
    0x43, 0x08, 0x44, 0x08, 0x43, 0x08, 0x65, 0x08, 0x65, 0x08, 0x44, 0x08, 0x43, 0x08, 0x43, 0x08,
    0x43, 0x08, 0x43, 0x08, 0x43, 0x08, 0x43, 0x08, 0x43, 0x00, 0x43, 0x08, 0x43, 0x00, 0x43, 0x08,
    0x43, 0x00, 0x43, 0x08, 0x65, 0x08, 0x85, 0x08, 0x43, 0x00, 0x43, 0x08, 0x43, 0x08, 0x43, 0x08,
    0x43, 0x08, 0x43, 0x08, 0x23, 0x08, 0x43, 0x08, 0x23, 0x00, 0x43, 0x08, 0x23, 0x00, 0x43, 0x08,
    0x23, 0x00, 0x65, 0x08, 0x65, 0x08, 0x43, 0x08, 0x43, 0x00, 0x43, 0x08, 0x43, 0x00, 0x43, 0x08,
    0x23, 0x00, 0x43, 0x08, 0x23, 0x00, 0x43, 0x08, 0x23, 0x00, 0x43, 0x08, 0x23, 0x00, 0x43, 0x08,
    0x44, 0x08, 0x85, 0x08, 0x23, 0x08, 0x43, 0x08, 0x23, 0x00, 0x43, 0x08, 0x23, 0x08, 0x43, 0x08,
    0x23, 0x00, 0x43, 0x08, 0x43, 0x08, 0x43, 0x08, 0x23, 0x08, 0x43, 0x08, 0x23, 0x08, 0x44, 0x08,
    0x86, 0x08, 0x44, 0x08, 0x23, 0x08, 0x43, 0x08, 0x23, 0x08, 0x23, 0x08, 0x23, 0x08, 0x43, 0x08,
    0x23, 0x08, 0x43, 0x08, 0x23, 0x08, 0x43, 0x08, 0x23, 0x08, 0x43, 0x08, 0x23, 0x08, 0x64, 0x08,
    0x65, 0x08, 0x43, 0x08, 0x23, 0x08, 0x23, 0x08, 0x23, 0x08, 0x23, 0x08, 0x23, 0x08, 0x23, 0x08,
    0x22, 0x00, 0x23, 0x08, 0x23, 0x08, 0x23, 0x08, 0x22, 0x00, 0x23, 0x08, 0x23, 0x08, 0x65, 0x08,
    0x44, 0x08, 0x23, 0x08, 0x22, 0x08, 0x23, 0x08, 0x22, 0x00, 0x23, 0x08, 0x22, 0x08, 0x23, 0x08,
    0x22, 0x00, 0x23, 0x08, 0x22, 0x08, 0x23, 0x08, 0x22, 0x00, 0x23, 0x08, 0x23, 0x08, 0x65, 0x08,
    0x44, 0x08, 0x23, 0x08, 0x22, 0x08, 0x23, 0x08, 0x22, 0x00, 0x23, 0x08, 0x22, 0x08, 0x23, 0x08,
    0x22, 0x00, 0x23, 0x08, 0x22, 0x00, 0x23, 0x08, 0x22, 0x00, 0x23, 0x08, 0x22, 0x00, 0x65, 0x08,
    0x44, 0x08, 0x23, 0x08, 0x22, 0x00, 0x23, 0x08, 0x22, 0x00, 0x22, 0x08, 0x22, 0x00, 0x22, 0x08,
    0x22, 0x00, 0x22, 0x00, 0x22, 0x00, 0x22, 0x00, 0x22, 0x00, 0x22, 0x00, 0x22, 0x00, 0x44, 0x08,
    0x65, 0x08, 0x23, 0x08, 0x22, 0x00, 0x22, 0x00, 0x22, 0x00, 0x22, 0x00, 0x22, 0x00, 0x22, 0x00,
    0x02, 0x00, 0x22, 0x00, 0x22, 0x00, 0x22, 0x00, 0x02, 0x00, 0x22, 0x00, 0x02, 0x00, 0x23, 0x08,
    0x44, 0x08, 0x44, 0x08, 0x02, 0x00, 0x22, 0x00, 0x02, 0x00, 0x22, 0x00, 0x02, 0x00, 0x22, 0x00,
    0x02, 0x00, 0x22, 0x00, 0x02, 0x00, 0x22, 0x00, 0x02, 0x00, 0x22, 0x00, 0x02, 0x00, 0x22, 0x00,
    0x23, 0x00, 0x65, 0x08, 0x23, 0x08, 0x22, 0x00, 0x01, 0x00, 0x22, 0x00, 0x02, 0x00, 0x22, 0x00,
    0x02, 0x00, 0x02, 0x00, 0x01, 0x00, 0x02, 0x00, 0x01, 0x00, 0x01, 0x00, 0x01, 0x00, 0x02, 0x00,
    0x01, 0x00, 0x23, 0x08, 0x44, 0x08, 0x22, 0x00, 0x01, 0x00, 0x01, 0x00, 0x01, 0x00, 0x01, 0x00,
    0x01, 0x00, 0x01, 0x00, 0x01, 0x00, 0x01, 0x00, 0x01, 0x00, 0x01, 0x00, 0x01, 0x00, 0x01, 0x00,
    0x01, 0x00, 0x01, 0x00, 0x22, 0x00, 0x44, 0x08, 0x22, 0x00, 0x01, 0x00, 0x01, 0x00, 0x01, 0x00,
    0x01, 0x00, 0x01, 0x00, 0x01, 0x00, 0x01, 0x00, 0x01, 0x00, 0x01, 0x00, 0x01, 0x00, 0x01, 0x00,
    0x01, 0x00, 0x01, 0x00, 0x01, 0x00, 0x21, 0x00, 0x43, 0x00, 0x22, 0x00, 0x01, 0x00, 0x01, 0x00,
    0x01, 0x00, 0x01, 0x00, 0x01, 0x00, 0x01, 0x00, 0x01, 0x00, 0x01, 0x00, 0x01, 0x00, 0x01, 0x00,
    0x01, 0x00, 0x01, 0x00, 0x01, 0x00, 0x01, 0x00, 0x01, 0x00, 0x22, 0x00, 0x43, 0x08, 0x22, 0x00,
    0x00, 0x00, 0x00, 0x00, 0x01, 0x00, 0x01, 0x00, 0x43, 0x00, 0x01, 0x00, 0x01, 0x00, 0x01, 0x00,
    0x01, 0x00, 0x00, 0x00, 0x01, 0x00, 0x01, 0x00, 0x01, 0x00, 0x00, 0x00, 0x01, 0x00, 0x01, 0x00,
    0x01, 0x00, 0x21, 0x00, 0x43, 0x08, 0x01, 0x00, 0x01, 0x00, 0x01, 0x00, 0x01, 0x00, 0x01, 0x00,
    0x01, 0x00, 0x01, 0x00, 0x01, 0x00, 0x01, 0x00, 0x01, 0x00, 0x01, 0x00, 0x01, 0x00, 0x21, 0x00,
    0x43, 0x08, 0x22, 0x00, 0x01, 0x00, 0x01, 0x00, 0x01, 0x00, 0x01, 0x00, 0x01, 0x00, 0x01, 0x00,
    0x01, 0x00, 0x01, 0x00, 0x02, 0x00, 0x01, 0x00, 0x01, 0x00, 0x21, 0x00, 0x43, 0x08, 0x43, 0x08,
    0x22, 0x00, 0x22, 0x00, 0x22, 0x00, 0x22, 0x00, 0x22, 0x00, 0x22, 0x00, 0x22, 0x00, 0x22, 0x00,
    0x22, 0x00, 0x22, 0x00, 0x22, 0x00, 0x22, 0x00, 0x23, 0x00, 0x65, 0x08, 0x23, 0x00, 0x22, 0x00,
    0x22, 0x00, 0x22, 0x00, 0x22, 0x00, 0x22, 0x00, 0x22, 0x00, 0x22, 0x00, 0x22, 0x00, 0x22, 0x00,
    0x22, 0x00, 0x22, 0x00, 0x22, 0x00, 0x44, 0x08, 0x64, 0x08, 0x23, 0x00, 0x23, 0x00, 0x23, 0x00,
    0x23, 0x08, 0x23, 0x00, 0x23, 0x08, 0x23, 0x00, 0x23, 0x08, 0x43, 0x00, 0x43, 0x08, 0x43, 0x00,
    0x43, 0x08, 0x43, 0x00, 0x65, 0x08, 0x65, 0x08, 0x43, 0x08, 0x43, 0x08, 0x43, 0x08, 0x43, 0x08,
    0x43, 0x08, 0x43, 0x08, 0x43, 0x08, 0x44, 0x08, 0x44, 0x08, 0x43, 0x08, 0x44, 0x08, 0x44, 0x08,
    0x44, 0x08, 0x85, 0x08, 0x85, 0x08, 0x44, 0x08, 0x44, 0x08, 0x44, 0x08, 0x64, 0x08, 0x44, 0x08,
    0x64, 0x08, 0x64, 0x08, 0x64, 0x08, 0x64, 0x08, 0x64, 0x08, 0x64, 0x08, 0x64, 0x08, 0x64, 0x08,
    0x86, 0x10, 0x86, 0x10, 0x65, 0x08, 0x65, 0x08, 0x65, 0x08, 0x65, 0x08, 0x65, 0x08, 0x65, 0x08,
    0x65, 0x08, 0x65, 0x08, 0x65, 0x08, 0x65, 0x08, 0x65, 0x08, 0x65, 0x08, 0x65, 0x08, 0x65, 0x08,
    0xa7, 0x10, 0x65, 0x10, 0x65, 0x08, 0x65, 0x08, 0x65, 0x08, 0x65, 0x08, 0x65, 0x08, 0x65, 0x08,
    0x65, 0x08, 0x65, 0x08, 0x65, 0x08, 0x65, 0x08, 0x65, 0x08, 0x65, 0x08, 0x65, 0x08, 0x86, 0x10,
    0x87, 0x10, 0x65, 0x08, 0x65, 0x08, 0x65, 0x08, 0x65, 0x08, 0x64, 0x08, 0x65, 0x08, 0x65, 0x08,
    0x65, 0x08, 0x64, 0x08, 0x65, 0x08, 0x65, 0x08, 0x65, 0x08, 0x64, 0x08, 0x65, 0x08, 0x86, 0x10,
    0x86, 0x10, 0x44, 0x08, 0x64, 0x08, 0x44, 0x08, 0x44, 0x08, 0x44, 0x08, 0x64, 0x08, 0x44, 0x08,
    0x44, 0x08, 0x44, 0x08, 0x64, 0x08, 0x44, 0x08, 0x44, 0x08, 0x44, 0x08, 0x64, 0x08, 0x86, 0x10,
    0x85, 0x10, 0x44, 0x08, 0x64, 0x08, 0x44, 0x08, 0x44, 0x08, 0x44, 0x08, 0x44, 0x08, 0x44, 0x08,
    0x44, 0x08, 0x44, 0x08, 0x44, 0x08, 0x44, 0x08, 0x44, 0x08, 0x44, 0x08, 0x44, 0x08, 0x86, 0x08,
    0x66, 0x08, 0x43, 0x08, 0x44, 0x08, 0x44, 0x08, 0x43, 0x08, 0x43, 0x08, 0x44, 0x08, 0x43, 0x08,
    0x44, 0x08, 0x43, 0x08, 0x43, 0x08, 0x43, 0x08, 0x23, 0x08, 0x23, 0x08, 0x43, 0x08, 0x64, 0x08,
    0x86, 0x10, 0x44, 0x08, 0x43, 0x08, 0x23, 0x08, 0x23, 0x08, 0x23, 0x08, 0x23, 0x08, 0x23, 0x08,
    0x23, 0x08, 0x23, 0x08, 0x23, 0x08, 0x23, 0x08, 0x23, 0x08, 0x22, 0x08, 0x23, 0x08, 0x23, 0x08,
    0x65, 0x08, 0x44, 0x08, 0x22, 0x08, 0x22, 0x00, 0x22, 0x00, 0x22, 0x00, 0x22, 0x00, 0x22, 0x00,
    0x22, 0x00, 0x22, 0x00, 0x22, 0x00, 0x22, 0x00, 0x22, 0x00, 0x22, 0x00, 0x22, 0x00, 0x22, 0x00,
    0x23, 0x08, 0x64, 0x08, 0x43, 0x08, 0x02, 0x00, 0x01, 0x00, 0x01, 0x00, 0x01, 0x00, 0x01, 0x00,
    0x01, 0x00, 0x01, 0x00, 0x01, 0x00, 0x01, 0x00, 0x01, 0x00, 0x01, 0x00, 0x01, 0x00, 0x01, 0x00,
    0x01, 0x00, 0x22, 0x00, 0x64, 0x08, 0x22, 0x00, 0x01, 0x00, 0x01, 0x00, 0x01, 0x00, 0x01, 0x00,
    0x01, 0x00, 0x01, 0x00, 0x01, 0x00, 0x01, 0x00, 0x01, 0x00, 0x01, 0x00, 0x01, 0x00, 0x01, 0x00,
    0x01, 0x00, 0x01, 0x00, 0x22, 0x00, 0x43, 0x08, 0x22, 0x00, 0x01, 0x00, 0x01, 0x00, 0x01, 0x00,
    0x01, 0x00, 0x01, 0x00, 0x01, 0x00, 0x01, 0x00, 0x01, 0x00, 0x01, 0x00, 0x01, 0x00, 0x01, 0x00,
    0x01, 0x00, 0x01, 0x00, 0x01, 0x00, 0x01, 0x00, 0x22, 0x00, 0x22, 0x00, 0x01, 0x00, 0x01, 0x00,
    0x01, 0x00, 0x01, 0x00, 0x01, 0x00, 0x01, 0x00, 0x01, 0x00, 0x01, 0x00, 0x01, 0x00, 0x01, 0x00,
    0x01, 0x00, 0x01, 0x00, 0x01, 0x00, 0x01, 0x00, 0x01, 0x00, 0x01, 0x00, 0x43, 0x00, 0x22, 0x00,
    0x00, 0x00, 0x01, 0x00, 0x00, 0x00, 0x22, 0x00, 0x22, 0x00, 0x01, 0x00, 0x00, 0x00, 0x01, 0x00,
    0x00, 0x00, 0x01, 0x00, 0x00, 0x00, 0x01, 0x00, 0x00, 0x00, 0x01, 0x00, 0x00, 0x00, 0x01, 0x00,
    0x00, 0x00, 0x22, 0x00, 0x43, 0x00, 0x01, 0x00, 0x00, 0x00, 0x01, 0x00, 0x00, 0x00, 0x01, 0x00,
    0x01, 0x00, 0x01, 0x00, 0x01, 0x00, 0x01, 0x00, 0x01, 0x00, 0x01, 0x00, 0x01, 0x00, 0x01, 0x00,
    0x43, 0x08, 0x01, 0x00, 0x01, 0x00, 0x01, 0x00, 0x01, 0x00, 0x01, 0x00, 0x01, 0x00, 0x01, 0x00,
    0x01, 0x00, 0x01, 0x00, 0x01, 0x00, 0x01, 0x00, 0x01, 0x00, 0x01, 0x00, 0x43, 0x00, 0x22, 0x00,
    0x01, 0x00, 0x01, 0x00, 0x01, 0x00, 0x01, 0x00, 0x01, 0x00, 0x01, 0x00, 0x01, 0x00, 0x01, 0x00,
    0x01, 0x00, 0x01, 0x00, 0x01, 0x00, 0x01, 0x00, 0x22, 0x00, 0x44, 0x08, 0x01, 0x00, 0x01, 0x00,
    0x01, 0x00, 0x01, 0x00, 0x01, 0x00, 0x01, 0x00, 0x01, 0x00, 0x01, 0x00, 0x01, 0x00, 0x01, 0x00,
    0x01, 0x00, 0x01, 0x00, 0x01, 0x00, 0x43, 0x08, 0x43, 0x00, 0x01, 0x00, 0x01, 0x00, 0x01, 0x00,
    0x01, 0x00, 0x01, 0x00, 0x01, 0x00, 0x01, 0x00, 0x01, 0x00, 0x01, 0x00, 0x01, 0x00, 0x01, 0x00,
    0x01, 0x00, 0x01, 0x00, 0x43, 0x00, 0x43, 0x08, 0x01, 0x00, 0x21, 0x00, 0x01, 0x00, 0x21, 0x00,
    0x01, 0x00, 0x22, 0x00, 0x01, 0x00, 0x22, 0x00, 0x01, 0x00, 0x22, 0x00, 0x01, 0x00, 0x22, 0x00,
    0x02, 0x00, 0x44, 0x08, 0x43, 0x08, 0x22, 0x00, 0x22, 0x00, 0x22, 0x00, 0x22, 0x00, 0x22, 0x00,
    0x22, 0x00, 0x22, 0x00, 0x22, 0x00, 0x22, 0x00, 0x22, 0x00, 0x22, 0x00, 0x22, 0x00, 0x23, 0x00,
    0x44, 0x08, 0x65, 0x08, 0x23, 0x00, 0x23, 0x00, 0x23, 0x00, 0x23, 0x00, 0x23, 0x00, 0x43, 0x08,
    0x23, 0x00, 0x43, 0x08, 0x23, 0x00, 0x43, 0x08, 0x23, 0x08, 0x43, 0x08, 0x23, 0x08, 0x44, 0x08,
    0x86, 0x08, 0x64, 0x08, 0x23, 0x08, 0x43, 0x08, 0x43, 0x08, 0x43, 0x08, 0x43, 0x08, 0x44, 0x08,
    0x43, 0x08, 0x44, 0x08, 0x43, 0x08, 0x44, 0x08, 0x43, 0x08, 0x44, 0x08, 0x44, 0x08, 0x65, 0x08,
    0x66, 0x08, 0x44, 0x08, 0x44, 0x08, 0x44, 0x08, 0x44, 0x08, 0x44, 0x08, 0x44, 0x08, 0x44, 0x08,
    0x44, 0x08, 0x64, 0x08, 0x44, 0x08, 0x65, 0x08, 0x44, 0x08, 0x65, 0x08, 0x64, 0x08, 0x86, 0x10,
    0x86, 0x10, 0x65, 0x08, 0x64, 0x08, 0x65, 0x08, 0x64, 0x08, 0x65, 0x08, 0x64, 0x08, 0x65, 0x08,
    0x65, 0x08, 0x65, 0x08, 0x65, 0x08, 0x65, 0x08, 0x65, 0x08, 0x65, 0x08, 0x65, 0x08, 0xa7, 0x10,
    0x86, 0x10, 0x65, 0x08, 0x65, 0x08, 0x65, 0x08, 0x65, 0x08, 0x65, 0x10, 0x65, 0x08, 0x65, 0x08,
    0x65, 0x08, 0x65, 0x10, 0x65, 0x08, 0x65, 0x10, 0x65, 0x08, 0x65, 0x10, 0x65, 0x08, 0xa7, 0x10,
    0x87, 0x10, 0x65, 0x10, 0x65, 0x08, 0x65, 0x10, 0x65, 0x10, 0x65, 0x10, 0x65, 0x08, 0x65, 0x10,
    0x65, 0x08, 0x65, 0x08, 0x65, 0x08, 0x65, 0x08, 0x65, 0x08, 0x65, 0x08, 0x65, 0x08, 0x86, 0x10,
    0xa7, 0x10, 0x86, 0x10, 0x65, 0x08, 0x65, 0x08, 0x65, 0x08, 0x65, 0x08, 0x65, 0x08, 0x65, 0x08,
    0x64, 0x08, 0x65, 0x08, 0x44, 0x08, 0x65, 0x08, 0x44, 0x08, 0x65, 0x08, 0x44, 0x08, 0x65, 0x08,
    0x86, 0x08, 0x86, 0x10, 0x44, 0x08, 0x64, 0x08, 0x44, 0x08, 0x64, 0x08, 0x44, 0x08, 0x64, 0x08,
    0x44, 0x08, 0x64, 0x08, 0x44, 0x08, 0x44, 0x08, 0x44, 0x08, 0x44, 0x08, 0x44, 0x08, 0x44, 0x08,
    0x64, 0x08, 0x86, 0x10, 0x64, 0x08, 0x44, 0x08, 0x43, 0x08, 0x43, 0x08, 0x23, 0x08, 0x43, 0x08,
    0x23, 0x08, 0x43, 0x08, 0x23, 0x08, 0x43, 0x08, 0x23, 0x00, 0x43, 0x08, 0x23, 0x00, 0x43, 0x08,
    0x23, 0x00, 0x44, 0x08, 0x65, 0x08, 0x64, 0x08, 0x23, 0x00, 0x43, 0x08, 0x23, 0x00, 0x23, 0x00,
    0x22, 0x00, 0x23, 0x00, 0x22, 0x00, 0x23, 0x00, 0x22, 0x00, 0x22, 0x00, 0x22, 0x00, 0x22, 0x00,
    0x22, 0x00, 0x22, 0x00, 0x22, 0x00, 0x64, 0x08, 0x43, 0x08, 0x22, 0x00, 0x22, 0x00, 0x22, 0x00,
    0x22, 0x00, 0x22, 0x00, 0x22, 0x00, 0x22, 0x00, 0x22, 0x00, 0x22, 0x00, 0x22, 0x00, 0x22, 0x00,
    0x22, 0x00, 0x22, 0x00, 0x21, 0x00, 0x22, 0x00, 0x43, 0x00, 0x43, 0x08, 0x22, 0x00, 0x01, 0x00,
    0x01, 0x00, 0x21, 0x00, 0x01, 0x00, 0x01, 0x00, 0x01, 0x00, 0x21, 0x00, 0x01, 0x00, 0x01, 0x00,
    0x01, 0x00, 0x01, 0x00, 0x01, 0x00, 0x01, 0x00, 0x01, 0x00, 0x22, 0x00, 0x43, 0x00, 0x22, 0x00,
    0x01, 0x00, 0x01, 0x00, 0x01, 0x00, 0x22, 0x00, 0x22, 0x00, 0x01, 0x00, 0x01, 0x00, 0x01, 0x00,
    0x01, 0x00, 0x01, 0x00, 0x01, 0x00, 0x01, 0x00, 0x01, 0x00, 0x01, 0x00, 0x01, 0x00, 0x00, 0x00,
    0x01, 0x00, 0x22, 0x00, 0x43, 0x00, 0x00, 0x00, 0x01, 0x00, 0x00, 0x00, 0x01, 0x00, 0x00, 0x00,
    0x01, 0x00, 0x01, 0x00, 0x01, 0x00, 0x01, 0x00, 0x01, 0x00, 0x01, 0x00, 0x01, 0x00, 0x22, 0x00,
    0x43, 0x08, 0x01, 0x00, 0x01, 0x00, 0x01, 0x00, 0x01, 0x00, 0x01, 0x00, 0x01, 0x00, 0x01, 0x00,
    0x01, 0x00, 0x01, 0x00, 0x01, 0x00, 0x01, 0x00, 0x01, 0x00, 0x01, 0x00, 0x43, 0x00, 0x22, 0x00,
    0x01, 0x00, 0x01, 0x00, 0x01, 0x00, 0x01, 0x00, 0x01, 0x00, 0x01, 0x00, 0x01, 0x00, 0x01, 0x00,
    0x01, 0x00, 0x01, 0x00, 0x01, 0x00, 0x01, 0x00, 0x22, 0x00, 0x43, 0x08, 0x01, 0x00, 0x01, 0x00,
    0x01, 0x00, 0x01, 0x00, 0x01, 0x00, 0x01, 0x00, 0x01, 0x00, 0x01, 0x00, 0x01, 0x00, 0x01, 0x00,
    0x01, 0x00, 0x01, 0x00, 0x01, 0x00, 0x43, 0x00, 0x43, 0x08, 0x01, 0x00, 0x01, 0x00, 0x01, 0x00,
    0x01, 0x00, 0x01, 0x00, 0x01, 0x00, 0x01, 0x00, 0x01, 0x00, 0x01, 0x00, 0x01, 0x00, 0x01, 0x00,
    0x01, 0x00, 0x01, 0x00, 0x43, 0x08, 0x23, 0x00, 0x01, 0x00, 0x01, 0x00, 0x01, 0x00, 0x01, 0x00,
    0x01, 0x00, 0x01, 0x00, 0x01, 0x00, 0x01, 0x00, 0x01, 0x00, 0x01, 0x00, 0x01, 0x00, 0x01, 0x00,
    0x01, 0x00, 0x44, 0x08, 0x43, 0x08, 0x01, 0x00, 0x01, 0x00, 0x01, 0x00, 0x01, 0x00, 0x01, 0x00,
    0x01, 0x00, 0x01, 0x00, 0x01, 0x00, 0x01, 0x00, 0x01, 0x00, 0x01, 0x00, 0x02, 0x00, 0x02, 0x00,
    0x43, 0x08, 0x44, 0x08, 0x02, 0x00, 0x02, 0x00, 0x02, 0x00, 0x02, 0x00, 0x02, 0x00, 0x02, 0x00,
    0x22, 0x00, 0x02, 0x00, 0x02, 0x00, 0x02, 0x00, 0x22, 0x00, 0x02, 0x00, 0x02, 0x00, 0x23, 0x00,
    0x65, 0x08, 0x23, 0x08, 0x02, 0x00, 0x02, 0x00, 0x22, 0x00, 0x02, 0x00, 0x02, 0x00, 0x02, 0x00,
    0x22, 0x00, 0x02, 0x00, 0x02, 0x00, 0x02, 0x00, 0x22, 0x00, 0x02, 0x00, 0x22, 0x00, 0x44, 0x08,
    0x64, 0x08, 0x22, 0x00, 0x22, 0x00, 0x22, 0x00, 0x22, 0x00, 0x22, 0x00, 0x22, 0x00, 0x22, 0x00,
    0x22, 0x00, 0x22, 0x00, 0x22, 0x00, 0x22, 0x00, 0x22, 0x00, 0x22, 0x00, 0x22, 0x08, 0x64, 0x08,
    0x64, 0x08, 0x22, 0x08, 0x23, 0x08, 0x22, 0x08, 0x23, 0x08, 0x23, 0x08, 0x23, 0x08, 0x23, 0x08,
    0x23, 0x08, 0x23, 0x08, 0x23, 0x08, 0x23, 0x08, 0x23, 0x08, 0x23, 0x08, 0x23, 0x08, 0x65, 0x08,
    0x65, 0x08, 0x23, 0x08, 0x23, 0x08, 0x23, 0x08, 0x23, 0x08, 0x23, 0x08, 0x23, 0x08, 0x23, 0x08,
    0x43, 0x08, 0x23, 0x08, 0x43, 0x08, 0x23, 0x08, 0x43, 0x08, 0x23, 0x08, 0x43, 0x08, 0x65, 0x08,
    0x65, 0x08, 0x43, 0x08, 0x44, 0x08, 0x43, 0x08, 0x44, 0x08, 0x43, 0x08, 0x43, 0x08, 0x43, 0x08,
    0x43, 0x08, 0x43, 0x08, 0x44, 0x08, 0x44, 0x08, 0x44, 0x08, 0x44, 0x08, 0x44, 0x08, 0x65, 0x08,
    0x86, 0x10, 0x44, 0x08, 0x44, 0x08, 0x44, 0x08, 0x44, 0x08, 0x44, 0x08, 0x44, 0x08, 0x44, 0x08,
    0x44, 0x08, 0x44, 0x08, 0x44, 0x08, 0x44, 0x08, 0x44, 0x08, 0x44, 0x08, 0x44, 0x08, 0x44, 0x08,
    0x65, 0x08, 0x65, 0x08, 0x44, 0x08, 0x44, 0x08, 0x44, 0x08, 0x44, 0x08, 0x44, 0x08, 0x44, 0x08,
    0x44, 0x08, 0x44, 0x08, 0x44, 0x08, 0x44, 0x08, 0x44, 0x08, 0x44, 0x08, 0x44, 0x08, 0x44, 0x08,
    0x64, 0x08, 0x86, 0x08, 0x65, 0x08, 0x44, 0x08, 0x44, 0x08, 0x44, 0x08, 0x44, 0x08, 0x44, 0x08,
    0x44, 0x08, 0x44, 0x08, 0x44, 0x08, 0x44, 0x08, 0x44, 0x08, 0x44, 0x08, 0x44, 0x08, 0x44, 0x08,
    0x44, 0x08, 0x64, 0x08, 0x86, 0x08, 0x65, 0x08, 0x44, 0x08, 0x44, 0x08, 0x44, 0x08, 0x44, 0x08,
    0x44, 0x08, 0x44, 0x08, 0x44, 0x08, 0x44, 0x08, 0x44, 0x08, 0x44, 0x08, 0x44, 0x08, 0x44, 0x08,
    0x44, 0x08, 0x44, 0x08, 0x44, 0x08, 0x65, 0x08, 0x65, 0x08, 0x44, 0x08, 0x44, 0x08, 0x43, 0x08,
    0x44, 0x08, 0x43, 0x08, 0x43, 0x08, 0x43, 0x08, 0x43, 0x08, 0x43, 0x08, 0x43, 0x08, 0x43, 0x08,
    0x43, 0x08, 0x43, 0x08, 0x43, 0x08, 0x43, 0x08, 0x64, 0x08, 0x65, 0x08, 0x44, 0x08, 0x43, 0x00,
    0x43, 0x00, 0x43, 0x00, 0x43, 0x00, 0x43, 0x00, 0x43, 0x00, 0x23, 0x00, 0x23, 0x00, 0x23, 0x00,
    0x23, 0x00, 0x23, 0x00, 0x23, 0x00, 0x23, 0x00, 0x23, 0x00, 0x23, 0x00, 0x44, 0x08, 0x44, 0x08,
    0x00, 0x00, 0x01, 0x00, 0x00, 0x00, 0x22, 0x00, 0x22, 0x00, 0x01, 0x00, 0x00, 0x00, 0x01, 0x00,
    0x00, 0x00, 0x01, 0x00, 0x00, 0x00, 0x01, 0x00, 0x00, 0x00, 0x01, 0x00, 0x00, 0x00, 0x01, 0x00,
    0x00, 0x00, 0x22, 0x00, 0x22, 0x00, 0x01, 0x00, 0x00, 0x00, 0x01, 0x00, 0x00, 0x00, 0x01, 0x00,
    0x00, 0x00, 0x01, 0x00, 0x00, 0x00, 0x01, 0x00, 0x00, 0x00, 0x01, 0x00, 0x00, 0x00, 0x22, 0x00,
    0x23, 0x00, 0x01, 0x00, 0x01, 0x00, 0x01, 0x00, 0x00, 0x00, 0x01, 0x00, 0x01, 0x00, 0x01, 0x00,
    0x00, 0x00, 0x01, 0x00, 0x01, 0x00, 0x01, 0x00, 0x01, 0x00, 0x01, 0x00, 0x43, 0x08, 0x22, 0x00,
    0x01, 0x00, 0x01, 0x00, 0x01, 0x00, 0x01, 0x00, 0x01, 0x00, 0x01, 0x00, 0x01, 0x00, 0x01, 0x00,
    0x01, 0x00, 0x01, 0x00, 0x01, 0x00, 0x01, 0x00, 0x22, 0x00, 0x43, 0x08, 0x01, 0x00, 0x01, 0x00,
    0x01, 0x00, 0x01, 0x00, 0x01, 0x00, 0x01, 0x00, 0x01, 0x00, 0x01, 0x00, 0x01, 0x00, 0x01, 0x00,
    0x01, 0x00, 0x01, 0x00, 0x01, 0x00, 0x43, 0x08, 0x22, 0x00, 0x01, 0x00, 0x01, 0x00, 0x01, 0x00,
    0x01, 0x00, 0x01, 0x00, 0x01, 0x00, 0x01, 0x00, 0x01, 0x00, 0x01, 0x00, 0x01, 0x00, 0x01, 0x00,
    0x01, 0x00, 0x01, 0x00, 0x43, 0x08, 0x43, 0x00, 0x01, 0x00, 0x01, 0x00, 0x01, 0x00, 0x01, 0x00,
    0x01, 0x00, 0x01, 0x00, 0x01, 0x00, 0x01, 0x00, 0x01, 0x00, 0x01, 0x00, 0x01, 0x00, 0x01, 0x00,
    0x01, 0x00, 0x44, 0x08, 0x43, 0x00, 0x01, 0x00, 0x01, 0x00, 0x01, 0x00, 0x01, 0x00, 0x01, 0x00,
    0x01, 0x00, 0x01, 0x00, 0x01, 0x00, 0x21, 0x00, 0x01, 0x00, 0x21, 0x00, 0x01, 0x00, 0x21, 0x00,
    0x43, 0x08, 0x64, 0x08, 0x01, 0x00, 0x22, 0x00, 0x01, 0x00, 0x22, 0x00, 0x01, 0x00, 0x22, 0x00,
    0x01, 0x00, 0x22, 0x00, 0x01, 0x00, 0x22, 0x00, 0x01, 0x00, 0x22, 0x00, 0x01, 0x00, 0x23, 0x08,
    0x65, 0x08, 0x23, 0x08, 0x02, 0x00, 0x22, 0x00, 0x02, 0x00, 0x22, 0x00, 0x02, 0x00, 0x22, 0x00,
    0x02, 0x00, 0x22, 0x00, 0x02, 0x00, 0x22, 0x00, 0x02, 0x00, 0x22, 0x00, 0x02, 0x00, 0x44, 0x08,
    0x64, 0x08, 0x22, 0x00, 0x02, 0x00, 0x22, 0x00, 0x02, 0x00, 0x22, 0x00, 0x02, 0x00, 0x22, 0x00,
    0x02, 0x00, 0x22, 0x00, 0x22, 0x00, 0x22, 0x00, 0x02, 0x00, 0x22, 0x00, 0x22, 0x00, 0x65, 0x08,
    0x44, 0x08, 0x22, 0x00, 0x22, 0x00, 0x22, 0x00, 0x22, 0x00, 0x22, 0x00, 0x22, 0x00, 0x22, 0x00,
    0x22, 0x00, 0x22, 0x00, 0x22, 0x00, 0x22, 0x00, 0x22, 0x00, 0x22, 0x00, 0x22, 0x00, 0x65, 0x08,
    0x44, 0x08, 0x22, 0x00, 0x22, 0x00, 0x22, 0x08, 0x22, 0x00, 0x22, 0x00, 0x22, 0x00, 0x22, 0x08,
    0x22, 0x00, 0x22, 0x00, 0x22, 0x00, 0x22, 0x08, 0x22, 0x00, 0x22, 0x00, 0x22, 0x00, 0x64, 0x08,
    0x64, 0x08, 0x23, 0x08, 0x22, 0x00, 0x22, 0x00, 0x22, 0x00, 0x22, 0x00, 0x22, 0x00, 0x22, 0x00,
    0x22, 0x00, 0x22, 0x00, 0x22, 0x00, 0x22, 0x00, 0x22, 0x00, 0x22, 0x00, 0x22, 0x00, 0x43, 0x08,
    0x65, 0x08, 0x43, 0x08, 0x22, 0x00, 0x22, 0x00, 0x02, 0x00, 0x22, 0x00, 0x22, 0x00, 0x22, 0x00,
    0x02, 0x00, 0x22, 0x00, 0x02, 0x00, 0x22, 0x00, 0x02, 0x00, 0x22, 0x00, 0x02, 0x00, 0x22, 0x00,
    0x43, 0x08, 0x64, 0x08, 0x02, 0x00, 0x22, 0x00, 0x02, 0x00, 0x22, 0x00, 0x02, 0x00, 0x22, 0x00,
    0x22, 0x00, 0x22, 0x00, 0x22, 0x00, 0x22, 0x00, 0x22, 0x00, 0x22, 0x00, 0x02, 0x00, 0x22, 0x00,
    0x22, 0x00, 0x64, 0x08, 0x43, 0x08, 0x22, 0x00, 0x02, 0x00, 0x22, 0x00, 0x22, 0x00, 0x22, 0x00,
    0x22, 0x00, 0x22, 0x00, 0x22, 0x00, 0x22, 0x00, 0x22, 0x00, 0x22, 0x00, 0x22, 0x00, 0x22, 0x00,
    0x22, 0x00, 0x22, 0x08, 0x64, 0x08, 0x44, 0x08, 0x22, 0x00, 0x22, 0x00, 0x22, 0x00, 0x22, 0x00,
    0x22, 0x00, 0x22, 0x00, 0x22, 0x00, 0x22, 0x00, 0x22, 0x00, 0x22, 0x00, 0x22, 0x00, 0x22, 0x00,
    0x22, 0x00, 0x22, 0x00, 0x22, 0x00, 0x44, 0x08, 0x43, 0x08, 0x22, 0x00, 0x22, 0x00, 0x22, 0x00,
    0x22, 0x00, 0x22, 0x00, 0x22, 0x00, 0x22, 0x00, 0x22, 0x00, 0x22, 0x00, 0x22, 0x00, 0x22, 0x00,
    0x22, 0x00, 0x22, 0x00, 0x22, 0x00, 0x22, 0x00, 0x43, 0x08, 0x64, 0x08, 0x43, 0x00, 0x22, 0x00,
    0x22, 0x00, 0x22, 0x00, 0x22, 0x00, 0x22, 0x00, 0x22, 0x00, 0x22, 0x00, 0x22, 0x00, 0x22, 0x00,
    0x22, 0x00, 0x22, 0x00, 0x22, 0x00, 0x22, 0x00, 0x22, 0x00, 0x22, 0x00, 0x44, 0x08, 0x64, 0x08,
    0x01, 0x00, 0x01, 0x00, 0x01, 0x00, 0x22, 0x00, 0x22, 0x00, 0x01, 0x00, 0x01, 0x00, 0x01, 0x00,
    0x01, 0x00, 0x00, 0x00, 0x01, 0x00, 0x01, 0x00, 0x01, 0x00, 0x00, 0x00, 0x01, 0x00, 0x01, 0x00,
    0x01, 0x00, 0x22, 0x00, 0x22, 0x00, 0x01, 0x00, 0x01, 0x00, 0x00, 0x00, 0x01, 0x00, 0x01, 0x00,
    0x01, 0x00, 0x00, 0x00, 0x01, 0x00, 0x01, 0x00, 0x01, 0x00, 0x01, 0x00, 0x01, 0x00, 0x22, 0x00,
    0x23, 0x00, 0x01, 0x00, 0x01, 0x00, 0x01, 0x00, 0x01, 0x00, 0x01, 0x00, 0x01, 0x00, 0x01, 0x00,
    0x01, 0x00, 0x01, 0x00, 0x01, 0x00, 0x01, 0x00, 0x01, 0x00, 0x01, 0x00, 0x43, 0x08, 0x21, 0x00,
    0x01, 0x00, 0x01, 0x00, 0x01, 0x00, 0x01, 0x00, 0x01, 0x00, 0x01, 0x00, 0x01, 0x00, 0x01, 0x00,
    0x01, 0x00, 0x01, 0x00, 0x01, 0x00, 0x01, 0x00, 0x22, 0x00, 0x43, 0x00, 0x01, 0x00, 0x01, 0x00,
    0x01, 0x00, 0x01, 0x00, 0x01, 0x00, 0x01, 0x00, 0x01, 0x00, 0x01, 0x00, 0x01, 0x00, 0x01, 0x00,
    0x01, 0x00, 0x01, 0x00, 0x01, 0x00, 0x43, 0x00, 0x22, 0x00, 0x01, 0x00, 0x01, 0x00, 0x01, 0x00,
    0x01, 0x00, 0x01, 0x00, 0x01, 0x00, 0x01, 0x00, 0x01, 0x00, 0x01, 0x00, 0x01, 0x00, 0x01, 0x00,
    0x01, 0x00, 0x01, 0x00, 0x44, 0x08, 0x22, 0x00, 0x01, 0x00, 0x01, 0x00, 0x01, 0x00, 0x01, 0x00,
    0x01, 0x00, 0x01, 0x00, 0x01, 0x00, 0x01, 0x00, 0x01, 0x00, 0x01, 0x00, 0x01, 0x00, 0x01, 0x00,
    0x02, 0x00, 0x44, 0x08, 0x43, 0x08, 0x01, 0x00, 0x01, 0x00, 0x01, 0x00, 0x01, 0x00, 0x01, 0x00,
    0x01, 0x00, 0x01, 0x00, 0x01, 0x00, 0x01, 0x00, 0x01, 0x00, 0x01, 0x00, 0x02, 0x00, 0x02, 0x00,
    0x43, 0x08, 0x44, 0x08, 0x22, 0x00, 0x02, 0x00, 0x02, 0x00, 0x02, 0x00, 0x22, 0x00, 0x02, 0x00,
    0x02, 0x00, 0x02, 0x00, 0x22, 0x00, 0x02, 0x00, 0x02, 0x00, 0x02, 0x00, 0x22, 0x00, 0x23, 0x00,
    0x65, 0x08, 0x23, 0x00, 0x22, 0x00, 0x02, 0x00, 0x02, 0x00, 0x02, 0x00, 0x22, 0x00, 0x02, 0x00,
    0x02, 0x00, 0x02, 0x00, 0x22, 0x00, 0x02, 0x00, 0x02, 0x00, 0x02, 0x00, 0x22, 0x00, 0x44, 0x08,
    0x64, 0x08, 0x22, 0x00, 0x22, 0x00, 0x22, 0x00, 0x22, 0x00, 0x02, 0x00, 0x22, 0x00, 0x22, 0x00,
    0x22, 0x00, 0x22, 0x00, 0x22, 0x00, 0x22, 0x00, 0x22, 0x00, 0x22, 0x00, 0x22, 0x00, 0x64, 0x08,
    0x44, 0x08, 0x22, 0x00, 0x22, 0x00, 0x22, 0x00, 0x22, 0x00, 0x22, 0x00, 0x22, 0x00, 0x22, 0x00,
    0x22, 0x00, 0x22, 0x00, 0x22, 0x00, 0x22, 0x00, 0x22, 0x00, 0x22, 0x00, 0x23, 0x00, 0x64, 0x08,
    0x44, 0x08, 0x22, 0x00, 0x22, 0x00, 0x22, 0x00, 0x22, 0x00, 0x22, 0x00, 0x22, 0x00, 0x22, 0x00,
    0x22, 0x00, 0x22, 0x00, 0x22, 0x00, 0x22, 0x00, 0x22, 0x00, 0x22, 0x00, 0x22, 0x00, 0x44, 0x08,
    0x64, 0x08, 0x22, 0x08, 0x22, 0x00, 0x22, 0x00, 0x22, 0x00, 0x22, 0x00, 0x22, 0x00, 0x22, 0x00,
    0x22, 0x00, 0x22, 0x00, 0x22, 0x00, 0x22, 0x00, 0x22, 0x00, 0x22, 0x00, 0x22, 0x00, 0x43, 0x08,
    0x65, 0x08, 0x43, 0x08, 0x22, 0x00, 0x22, 0x00, 0x22, 0x00, 0x22, 0x00, 0x22, 0x00, 0x22, 0x00,
    0x22, 0x00, 0x02, 0x00, 0x22, 0x00, 0x22, 0x00, 0x22, 0x00, 0x02, 0x00, 0x22, 0x00, 0x22, 0x00,
    0x44, 0x08, 0x44, 0x08, 0x22, 0x00, 0x02, 0x00, 0x02, 0x00, 0x02, 0x00, 0x22, 0x00, 0x02, 0x00,
    0x02, 0x00, 0x02, 0x00, 0x02, 0x00, 0x02, 0x00, 0x02, 0x00, 0x02, 0x00, 0x02, 0x00, 0x02, 0x00,
    0x22, 0x00, 0x44, 0x08, 0x43, 0x08, 0x01, 0x00, 0x01, 0x00, 0x01, 0x00, 0x01, 0x00, 0x01, 0x00,
    0x01, 0x00, 0x01, 0x00, 0x01, 0x00, 0x01, 0x00, 0x01, 0x00, 0x01, 0x00, 0x01, 0x00, 0x01, 0x00,
    0x01, 0x00, 0x02, 0x00, 0x43, 0x08, 0x43, 0x08, 0x01, 0x00, 0x01, 0x00, 0x01, 0x00, 0x01, 0x00,
    0x01, 0x00, 0x01, 0x00, 0x01, 0x00, 0x01, 0x00, 0x01, 0x00, 0x01, 0x00, 0x01, 0x00, 0x01, 0x00,
    0x01, 0x00, 0x01, 0x00, 0x01, 0x00, 0x23, 0x00, 0x43, 0x00, 0x01, 0x00, 0x01, 0x00, 0x01, 0x00,
    0x01, 0x00, 0x01, 0x00, 0x01, 0x00, 0x01, 0x00, 0x01, 0x00, 0x01, 0x00, 0x01, 0x00, 0x01, 0x00,
    0x01, 0x00, 0x01, 0x00, 0x01, 0x00, 0x01, 0x00, 0x22, 0x00, 0x43, 0x08, 0x22, 0x00, 0x01, 0x00,
    0x01, 0x00, 0x01, 0x00, 0x01, 0x00, 0x01, 0x00, 0x01, 0x00, 0x01, 0x00, 0x01, 0x00, 0x01, 0x00,
    0x01, 0x00, 0x01, 0x00, 0x01, 0x00, 0x01, 0x00, 0x01, 0x00, 0x01, 0x00, 0x22, 0x00, 0x43, 0x00,
    0x01, 0x00, 0x01, 0x00, 0x00, 0x00, 0x23, 0x00, 0x02, 0x00, 0x01, 0x00, 0x00, 0x00, 0x01, 0x00,
    0x00, 0x00, 0x01, 0x00, 0x00, 0x00, 0x01, 0x00, 0x00, 0x00, 0x01, 0x00, 0x00, 0x00, 0x01, 0x00,
    0x00, 0x00, 0x43, 0x00, 0x22, 0x00, 0x01, 0x00, 0x00, 0x00, 0x01, 0x00, 0x00, 0x00, 0x01, 0x00,
    0x00, 0x00, 0x01, 0x00, 0x00, 0x00, 0x01, 0x00, 0x00, 0x00, 0x01, 0x00, 0x00, 0x00, 0x22, 0x00,
    0x22, 0x00, 0x01, 0x00, 0x01, 0x00, 0x01, 0x00, 0x01, 0x00, 0x01, 0x00, 0x01, 0x00, 0x01, 0x00,
    0x01, 0x00, 0x01, 0x00, 0x01, 0x00, 0x01, 0x00, 0x01, 0x00, 0x22, 0x00, 0x43, 0x08, 0x01, 0x00,
    0x01, 0x00, 0x01, 0x00, 0x01, 0x00, 0x01, 0x00, 0x01, 0x00, 0x01, 0x00, 0x01, 0x00, 0x01, 0x00,
    0x01, 0x00, 0x01, 0x00, 0x01, 0x00, 0x01, 0x00, 0x22, 0x00, 0x23, 0x00, 0x01, 0x00, 0x01, 0x00,
    0x01, 0x00, 0x01, 0x00, 0x01, 0x00, 0x01, 0x00, 0x01, 0x00, 0x01, 0x00, 0x01, 0x00, 0x01, 0x00,
    0x01, 0x00, 0x01, 0x00, 0x01, 0x00, 0x43, 0x08, 0x22, 0x00, 0x01, 0x00, 0x01, 0x00, 0x01, 0x00,
    0x01, 0x00, 0x01, 0x00, 0x01, 0x00, 0x01, 0x00, 0x01, 0x00, 0x01, 0x00, 0x01, 0x00, 0x01, 0x00,
    0x01, 0x00, 0x22, 0x00, 0x44, 0x08, 0x22, 0x00, 0x01, 0x00, 0x01, 0x00, 0x01, 0x00, 0x01, 0x00,
    0x01, 0x00, 0x01, 0x00, 0x01, 0x00, 0x01, 0x00, 0x01, 0x00, 0x01, 0x00, 0x01, 0x00, 0x01, 0x00,
    0x01, 0x00, 0x44, 0x08, 0x22, 0x00, 0x01, 0x00, 0x01, 0x00, 0x01, 0x00, 0x01, 0x00, 0x01, 0x00,
    0x01, 0x00, 0x01, 0x00, 0x01, 0x00, 0x01, 0x00, 0x01, 0x00, 0x22, 0x00, 0x01, 0x00, 0x22, 0x00,
    0x43, 0x08, 0x44, 0x08, 0x01, 0x00, 0x22, 0x00, 0x01, 0x00, 0x22, 0x00, 0x01, 0x00, 0x22, 0x00,
    0x01, 0x00, 0x22, 0x00, 0x01, 0x00, 0x22, 0x00, 0x02, 0x00, 0x22, 0x00, 0x02, 0x00, 0x23, 0x08,
    0x65, 0x08, 0x23, 0x08, 0x02, 0x00, 0x22, 0x00, 0x02, 0x00, 0x22, 0x00, 0x02, 0x00, 0x22, 0x00,
    0x02, 0x00, 0x22, 0x00, 0x02, 0x00, 0x22, 0x00, 0x02, 0x00, 0x22, 0x00, 0x02, 0x00, 0x44, 0x08,
    0x44, 0x08, 0x22, 0x00, 0x02, 0x00, 0x22, 0x00, 0x02, 0x00, 0x22, 0x00, 0x02, 0x00, 0x22, 0x00,
    0x02, 0x00, 0x22, 0x00, 0x02, 0x00, 0x22, 0x00, 0x22, 0x00, 0x22, 0x00, 0x22, 0x00, 0x64, 0x08,
    0x44, 0x08, 0x22, 0x00, 0x22, 0x00, 0x22, 0x00, 0x22, 0x00, 0x22, 0x00, 0x22, 0x00, 0x22, 0x00,
    0x22, 0x00, 0x22, 0x00, 0x22, 0x00, 0x22, 0x00, 0x22, 0x00, 0x22, 0x00, 0x22, 0x00, 0x64, 0x08,
    0x44, 0x08, 0x22, 0x00, 0x22, 0x00, 0x22, 0x00, 0x22, 0x00, 0x22, 0x00, 0x22, 0x00, 0x22, 0x00,
    0x22, 0x00, 0x22, 0x00, 0x22, 0x00, 0x22, 0x00, 0x22, 0x00, 0x22, 0x00, 0x22, 0x00, 0x44, 0x08,
    0x64, 0x08, 0x23, 0x08, 0x22, 0x00, 0x22, 0x00, 0x22, 0x00, 0x22, 0x00, 0x22, 0x00, 0x22, 0x00,
    0x22, 0x00, 0x22, 0x00, 0x22, 0x00, 0x22, 0x00, 0x22, 0x00, 0x22, 0x00, 0x22, 0x00, 0x43, 0x08,
    0x65, 0x08, 0x43, 0x08, 0x02, 0x00, 0x22, 0x00, 0x02, 0x00, 0x22, 0x00, 0x02, 0x00, 0x22, 0x00,
    0x02, 0x00, 0x22, 0x00, 0x02, 0x00, 0x22, 0x00, 0x02, 0x00, 0x22, 0x00, 0x02, 0x00, 0x22, 0x00,
    0x43, 0x08, 0x64, 0x08, 0x22, 0x00, 0x22, 0x00, 0x02, 0x00, 0x22, 0x00, 0x02, 0x00, 0x02, 0x00,
    0x02, 0x00, 0x02, 0x00, 0x02, 0x00, 0x02, 0x00, 0x02, 0x00, 0x02, 0x00, 0x01, 0x00, 0x02, 0x00,
    0x02, 0x00, 0x44, 0x08, 0x43, 0x08, 0x01, 0x00, 0x01, 0x00, 0x02, 0x00, 0x01, 0x00, 0x02, 0x00,
    0x01, 0x00, 0x02, 0x00, 0x01, 0x00, 0x01, 0x00, 0x01, 0x00, 0x01, 0x00, 0x01, 0x00, 0x01, 0x00,
    0x01, 0x00, 0x22, 0x00, 0x43, 0x08, 0x43, 0x08, 0x01, 0x00, 0x01, 0x00, 0x01, 0x00, 0x01, 0x00,
    0x01, 0x00, 0x01, 0x00, 0x01, 0x00, 0x01, 0x00, 0x01, 0x00, 0x01, 0x00, 0x01, 0x00, 0x01, 0x00,
    0x01, 0x00, 0x01, 0x00, 0x01, 0x00, 0x22, 0x00, 0x43, 0x08, 0x22, 0x00, 0x01, 0x00, 0x01, 0x00,
    0x01, 0x00, 0x01, 0x00, 0x01, 0x00, 0x01, 0x00, 0x01, 0x00, 0x01, 0x00, 0x01, 0x00, 0x01, 0x00,
    0x01, 0x00, 0x01, 0x00, 0x01, 0x00, 0x01, 0x00, 0x21, 0x00, 0x43, 0x08, 0x22, 0x00, 0x01, 0x00,
    0x01, 0x00, 0x01, 0x00, 0x01, 0x00, 0x01, 0x00, 0x01, 0x00, 0x01, 0x00, 0x01, 0x00, 0x01, 0x00,
    0x01, 0x00, 0x01, 0x00, 0x01, 0x00, 0x01, 0x00, 0x01, 0x00, 0x01, 0x00, 0x22, 0x00, 0x43, 0x00,
    0x01, 0x00, 0x00, 0x00, 0x01, 0x00, 0x43, 0x00, 0x01, 0x00, 0x00, 0x00, 0x01, 0x00, 0x00, 0x00,
    0x01, 0x00, 0x00, 0x00, 0x00, 0x00, 0x00, 0x00, 0x01, 0x00, 0x00, 0x00, 0x01, 0x00, 0x00, 0x00,
    0x01, 0x00, 0x43, 0x00, 0x21, 0x00, 0x00, 0x00, 0x01, 0x00, 0x01, 0x00, 0x01, 0x00, 0x00, 0x00,
    0x01, 0x00, 0x00, 0x00, 0x01, 0x00, 0x00, 0x00, 0x01, 0x00, 0x00, 0x00, 0x01, 0x00, 0x22, 0x00,
    0x22, 0x00, 0x00, 0x00, 0x01, 0x00, 0x00, 0x00, 0x01, 0x00, 0x01, 0x00, 0x01, 0x00, 0x01, 0x00,
    0x01, 0x00, 0x01, 0x00, 0x01, 0x00, 0x01, 0x00, 0x01, 0x00, 0x22, 0x00, 0x43, 0x08, 0x01, 0x00,
    0x01, 0x00, 0x01, 0x00, 0x01, 0x00, 0x01, 0x00, 0x01, 0x00, 0x01, 0x00, 0x01, 0x00, 0x01, 0x00,
    0x01, 0x00, 0x01, 0x00, 0x01, 0x00, 0x01, 0x00, 0x43, 0x00, 0x22, 0x00, 0x01, 0x00, 0x01, 0x00,
    0x01, 0x00, 0x01, 0x00, 0x01, 0x00, 0x01, 0x00, 0x01, 0x00, 0x01, 0x00, 0x01, 0x00, 0x01, 0x00,
    0x01, 0x00, 0x01, 0x00, 0x01, 0x00, 0x43, 0x08, 0x22, 0x00, 0x01, 0x00, 0x01, 0x00, 0x01, 0x00,
    0x01, 0x00, 0x01, 0x00, 0x01, 0x00, 0x01, 0x00, 0x01, 0x00, 0x01, 0x00, 0x01, 0x00, 0x01, 0x00,
    0x01, 0x00, 0x21, 0x00, 0x44, 0x08, 0x22, 0x00, 0x01, 0x00, 0x01, 0x00, 0x01, 0x00, 0x01, 0x00,
    0x01, 0x00, 0x01, 0x00, 0x01, 0x00, 0x01, 0x00, 0x01, 0x00, 0x01, 0x00, 0x01, 0x00, 0x01, 0x00,
    0x21, 0x00, 0x44, 0x08, 0x23, 0x08, 0x01, 0x00, 0x01, 0x00, 0x01, 0x00, 0x01, 0x00, 0x01, 0x00,
    0x01, 0x00, 0x01, 0x00, 0x01, 0x00, 0x01, 0x00, 0x01, 0x00, 0x01, 0x00, 0x01, 0x00, 0x01, 0x00,
    0x44, 0x08, 0x44, 0x08, 0x01, 0x00, 0x01, 0x00, 0x01, 0x00, 0x01, 0x00, 0x01, 0x00, 0x01, 0x00,
    0x02, 0x00, 0x02, 0x00, 0x02, 0x00, 0x02, 0x00, 0x02, 0x00, 0x02, 0x00, 0x02, 0x00, 0x23, 0x00,
    0x65, 0x08, 0x23, 0x00, 0x02, 0x00, 0x02, 0x00, 0x02, 0x00, 0x02, 0x00, 0x02, 0x00, 0x02, 0x00,
    0x02, 0x00, 0x02, 0x00, 0x02, 0x00, 0x02, 0x00, 0x22, 0x00, 0x02, 0x00, 0x02, 0x00, 0x44, 0x08,
    0x44, 0x08, 0x02, 0x00, 0x22, 0x00, 0x02, 0x00, 0x22, 0x00, 0x22, 0x00, 0x22, 0x00, 0x22, 0x00,
    0x22, 0x00, 0x22, 0x00, 0x22, 0x00, 0x22, 0x00, 0x22, 0x00, 0x22, 0x00, 0x22, 0x00, 0x44, 0x08,
    0x44, 0x08, 0x22, 0x00, 0x22, 0x00, 0x22, 0x00, 0x22, 0x00, 0x22, 0x00, 0x22, 0x00, 0x22, 0x00,
    0x22, 0x00, 0x22, 0x00, 0x22, 0x00, 0x22, 0x00, 0x22, 0x00, 0x22, 0x00, 0x22, 0x00, 0x44, 0x08,
    0x44, 0x08, 0x22, 0x00, 0x22, 0x00, 0x22, 0x00, 0x22, 0x00, 0x22, 0x00, 0x22, 0x00, 0x22, 0x00,
    0x22, 0x00, 0x22, 0x00, 0x22, 0x00, 0x22, 0x00, 0x22, 0x00, 0x22, 0x00, 0x22, 0x00, 0x44, 0x08,
    0x64, 0x08, 0x22, 0x08, 0x22, 0x00, 0x22, 0x00, 0x22, 0x00, 0x22, 0x00, 0x22, 0x00, 0x22, 0x00,
    0x22, 0x00, 0x22, 0x00, 0x22, 0x00, 0x22, 0x00, 0x22, 0x00, 0x22, 0x00, 0x22, 0x00, 0x23, 0x08,
    0x65, 0x08, 0x43, 0x08, 0x22, 0x00, 0x22, 0x00, 0x22, 0x00, 0x22, 0x00, 0x22, 0x00, 0x22, 0x00,
    0x22, 0x00, 0x22, 0x00, 0x22, 0x00, 0x02, 0x00, 0x22, 0x00, 0x02, 0x00, 0x22, 0x00, 0x02, 0x00,
    0x43, 0x08, 0x64, 0x08, 0x22, 0x00, 0x02, 0x00, 0x02, 0x00, 0x02, 0x00, 0x02, 0x00, 0x02, 0x00,
    0x02, 0x00, 0x01, 0x00, 0x01, 0x00, 0x01, 0x00, 0x01, 0x00, 0x01, 0x00, 0x01, 0x00, 0x01, 0x00,
    0x01, 0x00, 0x43, 0x08, 0x43, 0x08, 0x02, 0x00, 0x01, 0x00, 0x01, 0x00, 0x01, 0x00, 0x01, 0x00,
    0x01, 0x00, 0x01, 0x00, 0x01, 0x00, 0x01, 0x00, 0x01, 0x00, 0x01, 0x00, 0x01, 0x00, 0x01, 0x00,
    0x01, 0x00, 0x01, 0x00, 0x43, 0x08, 0x43, 0x08, 0x01, 0x00, 0x01, 0x00, 0x01, 0x00, 0x01, 0x00,
    0x01, 0x00, 0x01, 0x00, 0x01, 0x00, 0x01, 0x00, 0x01, 0x00, 0x01, 0x00, 0x01, 0x00, 0x01, 0x00,
    0x01, 0x00, 0x01, 0x00, 0x01, 0x00, 0x22, 0x00, 0x43, 0x08, 0x02, 0x00, 0x01, 0x00, 0x01, 0x00,
    0x01, 0x00, 0x01, 0x00, 0x01, 0x00, 0x01, 0x00, 0x01, 0x00, 0x01, 0x00, 0x01, 0x00, 0x01, 0x00,
    0x01, 0x00, 0x01, 0x00, 0x01, 0x00, 0x00, 0x00, 0x01, 0x00, 0x23, 0x00, 0x22, 0x00, 0x01, 0x00,
    0x01, 0x00, 0x01, 0x00, 0x01, 0x00, 0x01, 0x00, 0x01, 0x00, 0x01, 0x00, 0x01, 0x00, 0x01, 0x00,
    0x01, 0x00, 0x01, 0x00, 0x01, 0x00, 0x01, 0x00, 0x01, 0x00, 0x01, 0x00, 0x22, 0x00, 0x43, 0x08,
    0x00, 0x00, 0x01, 0x00, 0x01, 0x00, 0x43, 0x00, 0x01, 0x00, 0x01, 0x00, 0x01, 0x00, 0x01, 0x00,
    0x00, 0x00, 0x01, 0x00, 0x01, 0x00, 0x01, 0x00, 0x00, 0x00, 0x01, 0x00, 0x00, 0x00, 0x01, 0x00,
    0x01, 0x00, 0x43, 0x00, 0x01, 0x00, 0x01, 0x00, 0x00, 0x00, 0x01, 0x00, 0x00, 0x00, 0x01, 0x00,
    0x00, 0x00, 0x01, 0x00, 0x00, 0x00, 0x01, 0x00, 0x00, 0x00, 0x01, 0x00, 0x00, 0x00, 0x43, 0x00,
    0x22, 0x00, 0x01, 0x00, 0x00, 0x00, 0x01, 0x00, 0x01, 0x00, 0x01, 0x00, 0x01, 0x00, 0x01, 0x00,
    0x01, 0x00, 0x01, 0x00, 0x01, 0x00, 0x01, 0x00, 0x01, 0x00, 0x22, 0x00, 0x43, 0x00, 0x01, 0x00,
    0x01, 0x00, 0x01, 0x00, 0x01, 0x00, 0x01, 0x00, 0x01, 0x00, 0x01, 0x00, 0x01, 0x00, 0x01, 0x00,
    0x01, 0x00, 0x01, 0x00, 0x01, 0x00, 0x01, 0x00, 0x43, 0x00, 0x22, 0x00, 0x01, 0x00, 0x01, 0x00,
    0x01, 0x00, 0x01, 0x00, 0x01, 0x00, 0x01, 0x00, 0x01, 0x00, 0x01, 0x00, 0x01, 0x00, 0x01, 0x00,
    0x01, 0x00, 0x01, 0x00, 0x01, 0x00, 0x44, 0x08, 0x22, 0x00, 0x01, 0x00, 0x01, 0x00, 0x01, 0x00,
    0x01, 0x00, 0x01, 0x00, 0x01, 0x00, 0x01, 0x00, 0x01, 0x00, 0x01, 0x00, 0x01, 0x00, 0x01, 0x00,
    0x01, 0x00, 0x22, 0x00, 0x44, 0x08, 0x22, 0x00, 0x01, 0x00, 0x01, 0x00, 0x01, 0x00, 0x01, 0x00,
    0x01, 0x00, 0x01, 0x00, 0x01, 0x00, 0x01, 0x00, 0x01, 0x00, 0x01, 0x00, 0x01, 0x00, 0x01, 0x00,
    0x21, 0x00, 0x64, 0x08, 0x22, 0x00, 0x01, 0x00, 0x01, 0x00, 0x01, 0x00, 0x01, 0x00, 0x01, 0x00,
    0x01, 0x00, 0x01, 0x00, 0x01, 0x00, 0x21, 0x00, 0x01, 0x00, 0x01, 0x00, 0x01, 0x00, 0x21, 0x00,
    0x43, 0x08, 0x43, 0x08, 0x01, 0x00, 0x22, 0x00, 0x01, 0x00, 0x22, 0x00, 0x01, 0x00, 0x22, 0x00,
    0x01, 0x00, 0x22, 0x00, 0x02, 0x00, 0x22, 0x00, 0x01, 0x00, 0x22, 0x00, 0x01, 0x00, 0x43, 0x08,
    0x64, 0x08, 0x23, 0x08, 0x01, 0x00, 0x22, 0x00, 0x02, 0x00, 0x22, 0x00, 0x02, 0x00, 0x22, 0x00,
    0x02, 0x00, 0x22, 0x00, 0x02, 0x00, 0x22, 0x00, 0x02, 0x00, 0x22, 0x00, 0x02, 0x00, 0x44, 0x08,
    0x44, 0x08, 0x22, 0x00, 0x02, 0x00, 0x22, 0x00, 0x02, 0x00, 0x22, 0x00, 0x02, 0x00, 0x22, 0x00,
    0x02, 0x00, 0x22, 0x00, 0x02, 0x00, 0x22, 0x00, 0x02, 0x00, 0x22, 0x00, 0x22, 0x00, 0x64, 0x08,
    0x44, 0x08, 0x22, 0x00, 0x22, 0x00, 0x22, 0x00, 0x02, 0x00, 0x22, 0x00, 0x22, 0x00, 0x22, 0x00,
    0x22, 0x00, 0x22, 0x00, 0x22, 0x00, 0x22, 0x00, 0x22, 0x00, 0x22, 0x00, 0x22, 0x00, 0x44, 0x08,
    0x44, 0x08, 0x22, 0x00, 0x22, 0x00, 0x22, 0x00, 0x22, 0x00, 0x22, 0x00, 0x22, 0x00, 0x22, 0x00,
    0x22, 0x00, 0x22, 0x00, 0x22, 0x00, 0x22, 0x00, 0x22, 0x00, 0x22, 0x00, 0x22, 0x00, 0x44, 0x08,
    0x64, 0x08, 0x23, 0x08, 0x22, 0x00, 0x22, 0x00, 0x22, 0x00, 0x22, 0x00, 0x22, 0x00, 0x22, 0x00,
    0x22, 0x00, 0x22, 0x00, 0x22, 0x00, 0x22, 0x00, 0x02, 0x00, 0x22, 0x00, 0x22, 0x00, 0x23, 0x08,
    0x64, 0x08, 0x43, 0x08, 0x22, 0x00, 0x22, 0x00, 0x02, 0x00, 0x22, 0x00, 0x02, 0x00, 0x22, 0x00,
    0x02, 0x00, 0x22, 0x00, 0x02, 0x00, 0x22, 0x00, 0x02, 0x00, 0x22, 0x00, 0x02, 0x00, 0x22, 0x00,
    0x23, 0x08, 0x64, 0x08, 0x22, 0x00, 0x22, 0x00, 0x01, 0x00, 0x02, 0x00, 0x01, 0x00, 0x22, 0x00,
    0x01, 0x00, 0x02, 0x00, 0x01, 0x00, 0x02, 0x00, 0x01, 0x00, 0x02, 0x00, 0x01, 0x00, 0x02, 0x00,
    0x01, 0x00, 0x43, 0x08, 0x43, 0x08, 0x22, 0x00, 0x01, 0x00, 0x01, 0x00, 0x01, 0x00, 0x02, 0x00,
    0x01, 0x00, 0x02, 0x00, 0x01, 0x00, 0x01, 0x00, 0x01, 0x00, 0x01, 0x00, 0x01, 0x00, 0x01, 0x00,
    0x01, 0x00, 0x01, 0x00, 0x23, 0x00, 0x44, 0x08, 0x21, 0x00, 0x01, 0x00, 0x01, 0x00, 0x01, 0x00,
    0x01, 0x00, 0x01, 0x00, 0x01, 0x00, 0x01, 0x00, 0x01, 0x00, 0x01, 0x00, 0x01, 0x00, 0x01, 0x00,
    0x01, 0x00, 0x01, 0x00, 0x01, 0x00, 0x22, 0x00, 0x43, 0x08, 0x22, 0x00, 0x01, 0x00, 0x01, 0x00,
    0x01, 0x00, 0x01, 0x00, 0x01, 0x00, 0x01, 0x00, 0x01, 0x00, 0x01, 0x00, 0x01, 0x00, 0x01, 0x00,
    0x01, 0x00, 0x01, 0x00, 0x01, 0x00, 0x01, 0x00, 0x01, 0x00, 0x23, 0x00, 0x22, 0x00, 0x01, 0x00,
    0x01, 0x00, 0x01, 0x00, 0x01, 0x00, 0x01, 0x00, 0x01, 0x00, 0x01, 0x00, 0x01, 0x00, 0x01, 0x00,
    0x00, 0x00, 0x01, 0x00, 0x01, 0x00, 0x01, 0x00, 0x00, 0x00, 0x01, 0x00, 0x01, 0x00, 0x43, 0x00,
    0x01, 0x00, 0x01, 0x00, 0x21, 0x00, 0x22, 0x00, 0x01, 0x00, 0x01, 0x00, 0x01, 0x00, 0x01, 0x00,
    0x01, 0x00, 0x01, 0x00, 0x01, 0x00, 0x01, 0x00, 0x01, 0x00, 0x01, 0x00, 0x01, 0x00, 0x01, 0x00,
    0x01, 0x00, 0x43, 0x00, 0x01, 0x00, 0x01, 0x00, 0x01, 0x00, 0x00, 0x00, 0x01, 0x00, 0x01, 0x00,
    0x01, 0x00, 0x00, 0x00, 0x01, 0x00, 0x01, 0x00, 0x01, 0x00, 0x00, 0x00, 0x01, 0x00, 0x43, 0x08,
    0x22, 0x00, 0x00, 0x00, 0x01, 0x00, 0x01, 0x00, 0x01, 0x00, 0x00, 0x00, 0x01, 0x00, 0x01, 0x00,
    0x01, 0x00, 0x01, 0x00, 0x01, 0x00, 0x01, 0x00, 0x01, 0x00, 0x22, 0x00, 0x23, 0x00, 0x01, 0x00,
    0x01, 0x00, 0x01, 0x00, 0x01, 0x00, 0x01, 0x00, 0x01, 0x00, 0x01, 0x00, 0x01, 0x00, 0x01, 0x00,
    0x01, 0x00, 0x01, 0x00, 0x01, 0x00, 0x01, 0x00, 0x43, 0x08, 0x22, 0x00, 0x01, 0x00, 0x01, 0x00,
    0x01, 0x00, 0x01, 0x00, 0x01, 0x00, 0x01, 0x00, 0x01, 0x00, 0x01, 0x00, 0x01, 0x00, 0x01, 0x00,
    0x01, 0x00, 0x01, 0x00, 0x02, 0x00, 0x44, 0x08, 0x22, 0x00, 0x01, 0x00, 0x01, 0x00, 0x01, 0x00,
    0x01, 0x00, 0x01, 0x00, 0x01, 0x00, 0x01, 0x00, 0x01, 0x00, 0x01, 0x00, 0x01, 0x00, 0x01, 0x00,
    0x01, 0x00, 0x22, 0x00, 0x44, 0x08, 0x02, 0x00, 0x01, 0x00, 0x01, 0x00, 0x01, 0x00, 0x01, 0x00,
    0x01, 0x00, 0x01, 0x00, 0x01, 0x00, 0x01, 0x00, 0x01, 0x00, 0x01, 0x00, 0x01, 0x00, 0x01, 0x00,
    0x22, 0x00, 0x64, 0x08, 0x22, 0x00, 0x01, 0x00, 0x01, 0x00, 0x01, 0x00, 0x01, 0x00, 0x01, 0x00,
    0x01, 0x00, 0x01, 0x00, 0x01, 0x00, 0x01, 0x00, 0x01, 0x00, 0x01, 0x00, 0x01, 0x00, 0x01, 0x00,
    0x43, 0x08, 0x43, 0x08, 0x01, 0x00, 0x01, 0x00, 0x01, 0x00, 0x01, 0x00, 0x01, 0x00, 0x01, 0x00,
    0x02, 0x00, 0x01, 0x00, 0x02, 0x00, 0x02, 0x00, 0x02, 0x00, 0x02, 0x00, 0x02, 0x00, 0x23, 0x08,
    0x65, 0x08, 0x22, 0x00, 0x22, 0x00, 0x02, 0x00, 0x02, 0x00, 0x02, 0x00, 0x02, 0x00, 0x02, 0x00,
    0x02, 0x00, 0x02, 0x00, 0x22, 0x00, 0x02, 0x00, 0x02, 0x00, 0x02, 0x00, 0x22, 0x00, 0x44, 0x08,
    0x44, 0x08, 0x02, 0x00, 0x22, 0x00, 0x02, 0x00, 0x22, 0x00, 0x02, 0x00, 0x22, 0x00, 0x22, 0x00,
    0x22, 0x00, 0x02, 0x00, 0x22, 0x00, 0x22, 0x00, 0x22, 0x00, 0x02, 0x00, 0x22, 0x00, 0x44, 0x08,
    0x44, 0x08, 0x22, 0x00, 0x22, 0x00, 0x22, 0x00, 0x22, 0x00, 0x22, 0x00, 0x22, 0x00, 0x22, 0x00,
    0x22, 0x00, 0x22, 0x00, 0x22, 0x00, 0x22, 0x00, 0x22, 0x00, 0x22, 0x00, 0x22, 0x00, 0x44, 0x08,
    0x44, 0x08, 0x22, 0x00, 0x22, 0x00, 0x22, 0x00, 0x22, 0x00, 0x22, 0x00, 0x22, 0x00, 0x22, 0x00,
    0x22, 0x00, 0x22, 0x00, 0x22, 0x00, 0x22, 0x00, 0x22, 0x00, 0x22, 0x00, 0x22, 0x00, 0x44, 0x08,
    0x65, 0x08, 0x23, 0x00, 0x22, 0x00, 0x22, 0x00, 0x22, 0x00, 0x22, 0x00, 0x22, 0x00, 0x22, 0x00,
    0x22, 0x00, 0x22, 0x00, 0x22, 0x00, 0x22, 0x00, 0x22, 0x00, 0x22, 0x00, 0x22, 0x00, 0x23, 0x08,
    0x65, 0x08, 0x43, 0x08, 0x22, 0x00, 0x22, 0x00, 0x22, 0x00, 0x02, 0x00, 0x22, 0x00, 0x22, 0x00,
    0x22, 0x00, 0x02, 0x00, 0x22, 0x00, 0x02, 0x00, 0x02, 0x00, 0x02, 0x00, 0x02, 0x00, 0x02, 0x00,
    0x23, 0x08, 0x44, 0x08, 0x22, 0x00, 0x02, 0x00, 0x02, 0x00, 0x01, 0x00, 0x02, 0x00, 0x02, 0x00,
    0x02, 0x00, 0x01, 0x00, 0x02, 0x00, 0x02, 0x00, 0x02, 0x00, 0x01, 0x00, 0x02, 0x00, 0x01, 0x00,
    0x01, 0x00, 0x43, 0x08, 0x44, 0x08, 0x22, 0x00, 0x01, 0x00, 0x01, 0x00, 0x01, 0x00, 0x01, 0x00,
    0x01, 0x00, 0x01, 0x00, 0x01, 0x00, 0x01, 0x00, 0x01, 0x00, 0x01, 0x00, 0x01, 0x00, 0x01, 0x00,
    0x01, 0x00, 0x01, 0x00, 0x23, 0x00, 0x43, 0x08, 0x22, 0x00, 0x01, 0x00, 0x01, 0x00, 0x01, 0x00,
    0x01, 0x00, 0x01, 0x00, 0x01, 0x00, 0x01, 0x00, 0x01, 0x00, 0x01, 0x00, 0x01, 0x00, 0x01, 0x00,
    0x01, 0x00, 0x01, 0x00, 0x01, 0x00, 0x22, 0x00, 0x43, 0x08, 0x22, 0x00, 0x01, 0x00, 0x01, 0x00,
    0x01, 0x00, 0x01, 0x00, 0x01, 0x00, 0x01, 0x00, 0x01, 0x00, 0x01, 0x00, 0x01, 0x00, 0x01, 0x00,
    0x01, 0x00, 0x01, 0x00, 0x01, 0x00, 0x01, 0x00, 0x01, 0x00, 0x22, 0x00, 0x23, 0x00, 0x01, 0x00,
    0x01, 0x00, 0x01, 0x00, 0x01, 0x00, 0x01, 0x00, 0x01, 0x00, 0x01, 0x00, 0x01, 0x00, 0x01, 0x00,
    0x01, 0x00, 0x01, 0x00, 0x01, 0x00, 0x01, 0x00, 0x01, 0x00, 0x01, 0x00, 0x01, 0x00, 0x23, 0x00,
    0x00, 0x00, 0x01, 0x00, 0x22, 0x00, 0x22, 0x00, 0x00, 0x00, 0x01, 0x00, 0x00, 0x00, 0x01, 0x00,
    0x00, 0x00, 0x01, 0x00, 0x00, 0x00, 0x01, 0x00, 0x00, 0x00, 0x01, 0x00, 0x00, 0x00, 0x01, 0x00,
    0x01, 0x00, 0x23, 0x00, 0x01, 0x00, 0x01, 0x00, 0x00, 0x00, 0x01, 0x00, 0x00, 0x00, 0x01, 0x00,
    0x00, 0x00, 0x01, 0x00, 0x00, 0x00, 0x01, 0x00, 0x00, 0x00, 0x01, 0x00, 0x01, 0x00, 0x43, 0x08,
    0x21, 0x00, 0x01, 0x00, 0x00, 0x00, 0x01, 0x00, 0x00, 0x00, 0x01, 0x00, 0x00, 0x00, 0x01, 0x00,
    0x00, 0x00, 0x01, 0x00, 0x00, 0x00, 0x01, 0x00, 0x00, 0x00, 0x22, 0x00, 0x22, 0x00, 0x01, 0x00,
    0x00, 0x00, 0x01, 0x00, 0x00, 0x00, 0x01, 0x00, 0x01, 0x00, 0x01, 0x00, 0x00, 0x00, 0x01, 0x00,
    0x01, 0x00, 0x01, 0x00, 0x01, 0x00, 0x01, 0x00, 0x43, 0x08, 0x22, 0x00, 0x01, 0x00, 0x01, 0x00,
    0x01, 0x00, 0x01, 0x00, 0x01, 0x00, 0x01, 0x00, 0x01, 0x00, 0x01, 0x00, 0x01, 0x00, 0x01, 0x00,
    0x01, 0x00, 0x01, 0x00, 0x22, 0x00, 0x44, 0x08, 0x01, 0x00, 0x01, 0x00, 0x01, 0x00, 0x01, 0x00,
    0x01, 0x00, 0x01, 0x00, 0x01, 0x00, 0x01, 0x00, 0x01, 0x00, 0x01, 0x00, 0x01, 0x00, 0x01, 0x00,
    0x01, 0x00, 0x22, 0x00, 0x43, 0x08, 0x22, 0x00, 0x01, 0x00, 0x01, 0x00, 0x01, 0x00, 0x01, 0x00,
    0x01, 0x00, 0x01, 0x00, 0x01, 0x00, 0x01, 0x00, 0x01, 0x00, 0x01, 0x00, 0x01, 0x00, 0x01, 0x00,
    0x22, 0x00, 0x64, 0x08, 0x22, 0x00, 0x01, 0x00, 0x01, 0x00, 0x01, 0x00, 0x01, 0x00, 0x01, 0x00,
    0x01, 0x00, 0x01, 0x00, 0x01, 0x00, 0x01, 0x00, 0x01, 0x00, 0x01, 0x00, 0x01, 0x00, 0x01, 0x00,
    0x43, 0x08, 0x43, 0x08, 0x01, 0x00, 0x21, 0x00, 0x01, 0x00, 0x21, 0x00, 0x01, 0x00, 0x21, 0x00,
    0x01, 0x00, 0x21, 0x00, 0x01, 0x00, 0x21, 0x00, 0x01, 0x00, 0x21, 0x00, 0x01, 0x00, 0x43, 0x08,
    0x64, 0x08, 0x22, 0x08, 0x01, 0x00, 0x22, 0x00, 0x01, 0x00, 0x22, 0x00, 0x01, 0x00, 0x22, 0x00,
    0x01, 0x00, 0x22, 0x00, 0x01, 0x00, 0x22, 0x00, 0x01, 0x00, 0x22, 0x00, 0x01, 0x00, 0x44, 0x08,
    0x44, 0x08, 0x22, 0x00, 0x01, 0x00, 0x22, 0x00, 0x01, 0x00, 0x22, 0x00, 0x01, 0x00, 0x22, 0x00,
    0x02, 0x00, 0x22, 0x00, 0x02, 0x00, 0x22, 0x00, 0x02, 0x00, 0x22, 0x00, 0x02, 0x00, 0x64, 0x08,
    0x43, 0x08, 0x22, 0x00, 0x02, 0x00, 0x22, 0x00, 0x02, 0x00, 0x22, 0x00, 0x02, 0x00, 0x22, 0x00,
    0x22, 0x00, 0x22, 0x00, 0x22, 0x00, 0x22, 0x00, 0x22, 0x00, 0x22, 0x00, 0x22, 0x00, 0x44, 0x08,
    0x44, 0x08, 0x22, 0x00, 0x22, 0x00, 0x22, 0x00, 0x22, 0x00, 0x22, 0x00, 0x22, 0x00, 0x22, 0x00,
    0x22, 0x00, 0x22, 0x00, 0x22, 0x00, 0x22, 0x00, 0x22, 0x00, 0x22, 0x00, 0x22, 0x00, 0x43, 0x08,
    0x64, 0x08, 0x23, 0x08, 0x22, 0x00, 0x22, 0x00, 0x22, 0x00, 0x22, 0x00, 0x22, 0x00, 0x22, 0x00,
    0x22, 0x00, 0x22, 0x00, 0x02, 0x00, 0x22, 0x00, 0x02, 0x00, 0x22, 0x00, 0x02, 0x00, 0x22, 0x08,
    0x44, 0x08, 0x43, 0x08, 0x02, 0x00, 0x22, 0x00, 0x02, 0x00, 0x22, 0x00, 0x02, 0x00, 0x22, 0x00,
    0x02, 0x00, 0x22, 0x00, 0x02, 0x00, 0x22, 0x00, 0x02, 0x00, 0x22, 0x00, 0x01, 0x00, 0x22, 0x00,
    0x23, 0x08, 0x64, 0x08, 0x22, 0x00, 0x02, 0x00, 0x01, 0x00, 0x02, 0x00, 0x01, 0x00, 0x01, 0x00,
    0x01, 0x00, 0x02, 0x00, 0x01, 0x00, 0x02, 0x00, 0x01, 0x00, 0x02, 0x00, 0x01, 0x00, 0x02, 0x00,
    0x01, 0x00, 0x43, 0x08, 0x44, 0x08, 0x22, 0x00, 0x01, 0x00, 0x01, 0x00, 0x01, 0x00, 0x01, 0x00,
    0x01, 0x00, 0x01, 0x00, 0x01, 0x00, 0x01, 0x00, 0x01, 0x00, 0x01, 0x00, 0x01, 0x00, 0x01, 0x00,
    0x01, 0x00, 0x01, 0x00, 0x22, 0x00, 0x44, 0x08, 0x22, 0x00, 0x01, 0x00, 0x01, 0x00, 0x01, 0x00,
    0x01, 0x00, 0x01, 0x00, 0x01, 0x00, 0x01, 0x00, 0x01, 0x00, 0x01, 0x00, 0x01, 0x00, 0x01, 0x00,
    0x01, 0x00, 0x01, 0x00, 0x01, 0x00, 0x22, 0x00, 0x43, 0x08, 0x22, 0x00, 0x01, 0x00, 0x01, 0x00,
    0x01, 0x00, 0x01, 0x00, 0x01, 0x00, 0x01, 0x00, 0x00, 0x00, 0x01, 0x00, 0x00, 0x00, 0x01, 0x00,
    0x00, 0x00, 0x01, 0x00, 0x00, 0x00, 0x01, 0x00, 0x00, 0x00, 0x22, 0x00, 0x22, 0x00, 0x01, 0x00,
    0x00, 0x00, 0x01, 0x00, 0x00, 0x00, 0x01, 0x00, 0x00, 0x00, 0x01, 0x00, 0x00, 0x00, 0x01, 0x00,
    0x01, 0x00, 0x01, 0x00, 0x01, 0x00, 0x01, 0x00, 0x01, 0x00, 0x01, 0x00, 0x01, 0x00, 0x22, 0x00,
    0x01, 0x00, 0x01, 0x00, 0x22, 0x00, 0x22, 0x00, 0x01, 0x00, 0x01, 0x00, 0x01, 0x00, 0x01, 0x00,
    0x01, 0x00, 0x01, 0x00, 0x01, 0x00, 0x01, 0x00, 0x01, 0x00, 0x01, 0x00, 0x01, 0x00, 0x01, 0x00,
    0x22, 0x00, 0x22, 0x00, 0x01, 0x00, 0x01, 0x00, 0x01, 0x00, 0x01, 0x00, 0x01, 0x00, 0x01, 0x00,
    0x01, 0x00, 0x01, 0x00, 0x01, 0x00, 0x01, 0x00, 0x01, 0x00, 0x01, 0x00, 0x21, 0x00, 0x43, 0x08,
    0x01, 0x00, 0x01, 0x00, 0x01, 0x00, 0x00, 0x00, 0x01, 0x00, 0x00, 0x00, 0x01, 0x00, 0x00, 0x00,
    0x01, 0x00, 0x00, 0x00, 0x01, 0x00, 0x01, 0x00, 0x01, 0x00, 0x22, 0x00, 0x22, 0x00, 0x01, 0x00,
    0x01, 0x00, 0x01, 0x00, 0x01, 0x00, 0x01, 0x00, 0x01, 0x00, 0x01, 0x00, 0x01, 0x00, 0x01, 0x00,
    0x01, 0x00, 0x01, 0x00, 0x01, 0x00, 0x01, 0x00, 0x43, 0x08, 0x22, 0x00, 0x01, 0x00, 0x01, 0x00,
    0x01, 0x00, 0x01, 0x00, 0x01, 0x00, 0x01, 0x00, 0x01, 0x00, 0x01, 0x00, 0x01, 0x00, 0x01, 0x00,
    0x01, 0x00, 0x01, 0x00, 0x22, 0x00, 0x43, 0x08, 0x01, 0x00, 0x01, 0x00, 0x01, 0x00, 0x01, 0x00,
    0x01, 0x00, 0x01, 0x00, 0x01, 0x00, 0x01, 0x00, 0x01, 0x00, 0x01, 0x00, 0x01, 0x00, 0x01, 0x00,
    0x01, 0x00, 0x22, 0x00, 0x44, 0x08, 0x01, 0x00, 0x01, 0x00, 0x01, 0x00, 0x01, 0x00, 0x01, 0x00,
    0x01, 0x00, 0x01, 0x00, 0x01, 0x00, 0x01, 0x00, 0x01, 0x00, 0x01, 0x00, 0x01, 0x00, 0x01, 0x00,
    0x22, 0x00, 0x64, 0x08, 0x22, 0x00, 0x01, 0x00, 0x01, 0x00, 0x01, 0x00, 0x01, 0x00, 0x01, 0x00,
    0x01, 0x00, 0x01, 0x00, 0x01, 0x00, 0x01, 0x00, 0x01, 0x00, 0x01, 0x00, 0x01, 0x00, 0x01, 0x00,
    0x44, 0x08, 0x43, 0x08, 0x01, 0x00, 0x01, 0x00, 0x01, 0x00, 0x01, 0x00, 0x01, 0x00, 0x01, 0x00,
    0x01, 0x00, 0x01, 0x00, 0x01, 0x00, 0x01, 0x00, 0x02, 0x00, 0x01, 0x00, 0x02, 0x00, 0x23, 0x08,
    0x64, 0x08, 0x22, 0x00, 0x02, 0x00, 0x01, 0x00, 0x02, 0x00, 0x02, 0x00, 0x02, 0x00, 0x02, 0x00,
    0x02, 0x00, 0x02, 0x00, 0x02, 0x00, 0x02, 0x00, 0x02, 0x00, 0x02, 0x00, 0x02, 0x00, 0x44, 0x08,
    0x44, 0x08, 0x02, 0x00, 0x02, 0x00, 0x02, 0x00, 0x22, 0x00, 0x02, 0x00, 0x22, 0x00, 0x02, 0x00,
    0x22, 0x00, 0x02, 0x00, 0x22, 0x00, 0x02, 0x00, 0x22, 0x00, 0x22, 0x00, 0x22, 0x00, 0x44, 0x08,
    0x44, 0x08, 0x22, 0x00, 0x22, 0x00, 0x22, 0x00, 0x22, 0x00, 0x22, 0x00, 0x22, 0x00, 0x22, 0x00,
    0x22, 0x00, 0x22, 0x00, 0x22, 0x00, 0x22, 0x00, 0x22, 0x00, 0x22, 0x00, 0x22, 0x00, 0x44, 0x08,
    0x44, 0x08, 0x22, 0x00, 0x22, 0x00, 0x22, 0x00, 0x22, 0x00, 0x22, 0x00, 0x22, 0x00, 0x22, 0x00,
    0x22, 0x00, 0x22, 0x00, 0x22, 0x00, 0x22, 0x00, 0x22, 0x00, 0x22, 0x00, 0x22, 0x00, 0x43, 0x08,
    0x65, 0x08, 0x23, 0x08, 0x22, 0x00, 0x22, 0x00, 0x22, 0x00, 0x22, 0x00, 0x22, 0x00, 0x22, 0x00,
    0x22, 0x00, 0x22, 0x00, 0x22, 0x00, 0x22, 0x00, 0x22, 0x00, 0x22, 0x00, 0x22, 0x00, 0x22, 0x00,
    0x64, 0x08, 0x43, 0x08, 0x02, 0x00, 0x02, 0x00, 0x02, 0x00, 0x02, 0x00, 0x02, 0x00, 0x02, 0x00,
    0x02, 0x00, 0x02, 0x00, 0x02, 0x00, 0x02, 0x00, 0x02, 0x00, 0x02, 0x00, 0x02, 0x00, 0x02, 0x00,
    0x23, 0x08, 0x64, 0x08, 0x23, 0x08, 0x01, 0x00, 0x02, 0x00, 0x01, 0x00, 0x01, 0x00, 0x01, 0x00,
    0x02, 0x00, 0x01, 0x00, 0x01, 0x00, 0x01, 0x00, 0x01, 0x00, 0x01, 0x00, 0x01, 0x00, 0x01, 0x00,
    0x01, 0x00, 0x23, 0x00, 0x64, 0x08, 0x22, 0x00, 0x01, 0x00, 0x01, 0x00, 0x01, 0x00, 0x01, 0x00,
    0x01, 0x00, 0x01, 0x00, 0x01, 0x00, 0x01, 0x00, 0x01, 0x00, 0x01, 0x00, 0x01, 0x00, 0x01, 0x00,
    0x01, 0x00, 0x01, 0x00, 0x22, 0x00, 0x44, 0x08, 0x22, 0x00, 0x01, 0x00, 0x01, 0x00, 0x01, 0x00,
    0x01, 0x00, 0x01, 0x00, 0x01, 0x00, 0x01, 0x00, 0x01, 0x00, 0x01, 0x00, 0x01, 0x00, 0x01, 0x00,
    0x01, 0x00, 0x01, 0x00, 0x01, 0x00, 0x01, 0x00, 0x43, 0x08, 0x22, 0x00, 0x01, 0x00, 0x01, 0x00,
    0x01, 0x00, 0x01, 0x00, 0x01, 0x00, 0x01, 0x00, 0x01, 0x00, 0x01, 0x00, 0x01, 0x00, 0x01, 0x00,
    0x01, 0x00, 0x01, 0x00, 0x01, 0x00, 0x01, 0x00, 0x01, 0x00, 0x22, 0x00, 0x43, 0x00, 0x01, 0x00,
    0x01, 0x00, 0x01, 0x00, 0x01, 0x00, 0x01, 0x00, 0x01, 0x00, 0x01, 0x00, 0x01, 0x00, 0x01, 0x00,
    0x01, 0x00, 0x01, 0x00, 0x01, 0x00, 0x01, 0x00, 0x01, 0x00, 0x01, 0x00, 0x01, 0x00, 0x22, 0x00,
    0x00, 0x00, 0x01, 0x00, 0x22, 0x00, 0x22, 0x00, 0x00, 0x00, 0x01, 0x00, 0x00, 0x00, 0x01, 0x00,
    0x00, 0x00, 0x01, 0x00, 0x00, 0x00, 0x01, 0x00, 0x00, 0x00, 0x01, 0x00, 0x01, 0x00, 0x01, 0x00,
    0x22, 0x00, 0x22, 0x00, 0x00, 0x00, 0x01, 0x00, 0x00, 0x00, 0x01, 0x00, 0x00, 0x00, 0x01, 0x00,
    0x00, 0x00, 0x01, 0x00, 0x00, 0x00, 0x01, 0x00, 0x00, 0x00, 0x01, 0x00, 0x21, 0x00, 0x43, 0x08,
    0x01, 0x00, 0x01, 0x00, 0x00, 0x00, 0x01, 0x00, 0x00, 0x00, 0x01, 0x00, 0x00, 0x00, 0x01, 0x00,
    0x00, 0x00, 0x01, 0x00, 0x00, 0x00, 0x01, 0x00, 0x00, 0x00, 0x43, 0x00, 0x22, 0x00, 0x01, 0x00,
    0x01, 0x00, 0x01, 0x00, 0x01, 0x00, 0x01, 0x00, 0x01, 0x00, 0x01, 0x00, 0x01, 0x00, 0x01, 0x00,
    0x01, 0x00, 0x01, 0x00, 0x01, 0x00, 0x22, 0x00, 0x43, 0x08, 0x01, 0x00, 0x01, 0x00, 0x01, 0x00,
    0x01, 0x00, 0x01, 0x00, 0x01, 0x00, 0x01, 0x00, 0x01, 0x00, 0x01, 0x00, 0x01, 0x00, 0x01, 0x00,
    0x01, 0x00, 0x01, 0x00, 0x22, 0x00, 0x43, 0x08, 0x01, 0x00, 0x01, 0x00, 0x01, 0x00, 0x01, 0x00,
    0x01, 0x00, 0x01, 0x00, 0x01, 0x00, 0x01, 0x00, 0x01, 0x00, 0x01, 0x00, 0x01, 0x00, 0x01, 0x00,
    0x01, 0x00, 0x22, 0x00, 0x43, 0x08, 0x22, 0x00, 0x01, 0x00, 0x01, 0x00, 0x01, 0x00, 0x01, 0x00,
    0x01, 0x00, 0x01, 0x00, 0x01, 0x00, 0x01, 0x00, 0x01, 0x00, 0x01, 0x00, 0x01, 0x00, 0x01, 0x00,
    0x22, 0x00, 0x44, 0x08, 0x22, 0x00, 0x01, 0x00, 0x01, 0x00, 0x01, 0x00, 0x01, 0x00, 0x01, 0x00,
    0x01, 0x00, 0x01, 0x00, 0x01, 0x00, 0x01, 0x00, 0x01, 0x00, 0x01, 0x00, 0x01, 0x00, 0x22, 0x00,
    0x44, 0x08, 0x43, 0x08, 0x01, 0x00, 0x21, 0x00, 0x01, 0x00, 0x21, 0x00, 0x01, 0x00, 0x21, 0x00,
    0x01, 0x00, 0x01, 0x00, 0x01, 0x00, 0x22, 0x00, 0x01, 0x00, 0x22, 0x00, 0x01, 0x00, 0x43, 0x08,
    0x44, 0x08, 0x22, 0x00, 0x01, 0x00, 0x22, 0x00, 0x01, 0x00, 0x22, 0x00, 0x01, 0x00, 0x22, 0x00,
    0x01, 0x00, 0x02, 0x00, 0x02, 0x00, 0x22, 0x00, 0x01, 0x00, 0x22, 0x00, 0x02, 0x00, 0x44, 0x08,
    0x44, 0x08, 0x22, 0x00, 0x02, 0x00, 0x22, 0x00, 0x02, 0x00, 0x22, 0x00, 0x02, 0x00, 0x22, 0x00,
    0x02, 0x00, 0x22, 0x00, 0x02, 0x00, 0x22, 0x00, 0x02, 0x00, 0x22, 0x00, 0x02, 0x00, 0x64, 0x08,
    0x44, 0x08, 0x22, 0x00, 0x02, 0x00, 0x22, 0x00, 0x02, 0x00, 0x22, 0x00, 0x02, 0x00, 0x22, 0x00,
    0x02, 0x00, 0x22, 0x00, 0x22, 0x00, 0x22, 0x00, 0x02, 0x00, 0x22, 0x00, 0x22, 0x00, 0x44, 0x08,
    0x44, 0x08, 0x22, 0x00, 0x22, 0x00, 0x22, 0x00, 0x02, 0x00, 0x22, 0x00, 0x22, 0x00, 0x22, 0x00,
    0x02, 0x00, 0x22, 0x00, 0x22, 0x00, 0x22, 0x00, 0x02, 0x00, 0x22, 0x00, 0x22, 0x00, 0x43, 0x08,
    0x64, 0x08, 0x23, 0x08, 0x22, 0x00, 0x22, 0x00, 0x02, 0x00, 0x22, 0x00, 0x22, 0x00, 0x22, 0x00,
    0x02, 0x00, 0x22, 0x00, 0x02, 0x00, 0x22, 0x00, 0x02, 0x00, 0x22, 0x00, 0x02, 0x00, 0x22, 0x00,
    0x44, 0x08, 0x43, 0x08, 0x02, 0x00, 0x22, 0x00, 0x02, 0x00, 0x22, 0x00, 0x02, 0x00, 0x22, 0x00,
    0x02, 0x00, 0x02, 0x00, 0x02, 0x00, 0x22, 0x00, 0x02, 0x00, 0x02, 0x00, 0x02, 0x00, 0x22, 0x00,
    0x22, 0x00, 0x64, 0x08, 0x23, 0x00, 0x02, 0x00, 0x01, 0x00, 0x02, 0x00, 0x01, 0x00, 0x02, 0x00,
    0x01, 0x00, 0x02, 0x00, 0x01, 0x00, 0x02, 0x00, 0x01, 0x00, 0x02, 0x00, 0x01, 0x00, 0x02, 0x00,
    0x01, 0x00, 0x22, 0x08, 0x44, 0x08, 0x22, 0x00, 0x01, 0x00, 0x01, 0x00, 0x01, 0x00, 0x02, 0x00,
    0x01, 0x00, 0x01, 0x00, 0x01, 0x00, 0x01, 0x00, 0x01, 0x00, 0x01, 0x00, 0x01, 0x00, 0x01, 0x00,
    0x01, 0x00, 0x01, 0x00, 0x22, 0x00, 0x44, 0x08, 0x22, 0x00, 0x01, 0x00, 0x01, 0x00, 0x01, 0x00,
    0x01, 0x00, 0x01, 0x00, 0x01, 0x00, 0x01, 0x00, 0x01, 0x00, 0x01, 0x00, 0x01, 0x00, 0x01, 0x00,
    0x01, 0x00, 0x01, 0x00, 0x01, 0x00, 0x21, 0x00, 0x43, 0x00, 0x23, 0x00, 0x01, 0x00, 0x01, 0x00,
    0x01, 0x00, 0x01, 0x00, 0x01, 0x00, 0x01, 0x00, 0x01, 0x00, 0x01, 0x00, 0x01, 0x00, 0x01, 0x00,
    0x01, 0x00, 0x01, 0x00, 0x01, 0x00, 0x01, 0x00, 0x01, 0x00, 0x22, 0x00, 0x43, 0x00, 0x22, 0x00,
    0x00, 0x00, 0x01, 0x00, 0x01, 0x00, 0x01, 0x00, 0x00, 0x00, 0x01, 0x00, 0x01, 0x00, 0x01, 0x00,
    0x00, 0x00, 0x01, 0x00, 0x01, 0x00, 0x01, 0x00, 0x01, 0x00, 0x01, 0x00, 0x01, 0x00, 0x22, 0x00,
    0x00, 0x00, 0x00, 0x00, 0x22, 0x00, 0x21, 0x00, 0x00, 0x00, 0x00, 0x00, 0x01, 0x00, 0x00, 0x00,
    0x00, 0x00, 0x00, 0x00, 0x01, 0x00, 0x00, 0x00, 0x00, 0x00, 0x00, 0x00, 0x01, 0x00, 0x00, 0x00,
    0x22, 0x00, 0x22, 0x00, 0x01, 0x00, 0x00, 0x00, 0x00, 0x00, 0x00, 0x00, 0x01, 0x00, 0x00, 0x00,
    0x00, 0x00, 0x00, 0x00, 0x01, 0x00, 0x00, 0x00, 0x00, 0x00, 0x00, 0x00, 0x22, 0x00, 0x43, 0x00,
    0x01, 0x00, 0x00, 0x00, 0x01, 0x00, 0x01, 0x00, 0x01, 0x00, 0x00, 0x00, 0x01, 0x00, 0x01, 0x00,
    0x01, 0x00, 0x00, 0x00, 0x01, 0x00, 0x00, 0x00, 0x01, 0x00, 0x43, 0x00, 0x22, 0x00, 0x00, 0x00,
    0x01, 0x00, 0x00, 0x00, 0x01, 0x00, 0x01, 0x00, 0x01, 0x00, 0x00, 0x00, 0x01, 0x00, 0x01, 0x00,
    0x01, 0x00, 0x01, 0x00, 0x01, 0x00, 0x22, 0x00, 0x43, 0x08, 0x01, 0x00, 0x01, 0x00, 0x01, 0x00,
    0x01, 0x00, 0x01, 0x00, 0x01, 0x00, 0x01, 0x00, 0x01, 0x00, 0x01, 0x00, 0x01, 0x00, 0x01, 0x00,
    0x01, 0x00, 0x01, 0x00, 0x22, 0x00, 0x43, 0x00, 0x01, 0x00, 0x01, 0x00, 0x01, 0x00, 0x01, 0x00,
    0x01, 0x00, 0x01, 0x00, 0x01, 0x00, 0x01, 0x00, 0x01, 0x00, 0x01, 0x00, 0x01, 0x00, 0x01, 0x00,
    0x01, 0x00, 0x22, 0x00, 0x43, 0x08, 0x01, 0x00, 0x01, 0x00, 0x01, 0x00, 0x01, 0x00, 0x01, 0x00,
    0x01, 0x00, 0x01, 0x00, 0x01, 0x00, 0x01, 0x00, 0x01, 0x00, 0x01, 0x00, 0x01, 0x00, 0x01, 0x00,
    0x22, 0x00, 0x44, 0x08, 0x22, 0x00, 0x01, 0x00, 0x01, 0x00, 0x01, 0x00, 0x01, 0x00, 0x01, 0x00,
    0x01, 0x00, 0x01, 0x00, 0x01, 0x00, 0x01, 0x00, 0x01, 0x00, 0x01, 0x00, 0x01, 0x00, 0x01, 0x00,
    0x44, 0x08, 0x23, 0x00, 0x01, 0x00, 0x01, 0x00, 0x01, 0x00, 0x01, 0x00, 0x01, 0x00, 0x01, 0x00,
    0x01, 0x00, 0x01, 0x00, 0x01, 0x00, 0x01, 0x00, 0x01, 0x00, 0x01, 0x00, 0x01, 0x00, 0x23, 0x08,
    0x64, 0x08, 0x22, 0x00, 0x01, 0x00, 0x01, 0x00, 0x01, 0x00, 0x01, 0x00, 0x02, 0x00, 0x01, 0x00,
    0x01, 0x00, 0x01, 0x00, 0x02, 0x00, 0x01, 0x00, 0x01, 0x00, 0x01, 0x00, 0x02, 0x00, 0x43, 0x08,
    0x44, 0x08, 0x01, 0x00, 0x02, 0x00, 0x02, 0x00, 0x02, 0x00, 0x02, 0x00, 0x22, 0x00, 0x02, 0x00,
    0x02, 0x00, 0x02, 0x00, 0x22, 0x00, 0x02, 0x00, 0x22, 0x00, 0x02, 0x00, 0x22, 0x00, 0x44, 0x08,
    0x44, 0x08, 0x02, 0x00, 0x22, 0x00, 0x22, 0x00, 0x22, 0x00, 0x02, 0x00, 0x22, 0x00, 0x22, 0x00,
    0x22, 0x00, 0x02, 0x00, 0x22, 0x00, 0x22, 0x00, 0x22, 0x00, 0x22, 0x00, 0x22, 0x00, 0x44, 0x08,
    0x44, 0x08, 0x22, 0x00, 0x22, 0x00, 0x22, 0x00, 0x22, 0x00, 0x22, 0x00, 0x22, 0x00, 0x22, 0x00,
    0x22, 0x00, 0x22, 0x00, 0x22, 0x00, 0x22, 0x00, 0x22, 0x00, 0x22, 0x00, 0x22, 0x00, 0x43, 0x08,
    0x65, 0x08, 0x23, 0x08, 0x22, 0x00, 0x22, 0x00, 0x22, 0x00, 0x22, 0x00, 0x02, 0x00, 0x02, 0x00,
    0x02, 0x00, 0x02, 0x00, 0x02, 0x00, 0x02, 0x00, 0x02, 0x00, 0x02, 0x00, 0x02, 0x00, 0x22, 0x00,
    0x44, 0x08, 0x43, 0x08, 0x02, 0x00, 0x02, 0x00, 0x02, 0x00, 0x01, 0x00, 0x02, 0x00, 0x01, 0x00,
    0x01, 0x00, 0x01, 0x00, 0x02, 0x00, 0x01, 0x00, 0x01, 0x00, 0x01, 0x00, 0x02, 0x00, 0x01, 0x00,
    0x22, 0x00, 0x64, 0x08, 0x23, 0x08, 0x01, 0x00, 0x01, 0x00, 0x01, 0x00, 0x01, 0x00, 0x01, 0x00,
    0x01, 0x00, 0x01, 0x00, 0x01, 0x00, 0x01, 0x00, 0x01, 0x00, 0x01, 0x00, 0x01, 0x00, 0x01, 0x00,
    0x01, 0x00, 0x22, 0x00, 0x44, 0x08, 0x22, 0x00, 0x01, 0x00, 0x01, 0x00, 0x01, 0x00, 0x01, 0x00,
    0x01, 0x00, 0x01, 0x00, 0x01, 0x00, 0x01, 0x00, 0x01, 0x00, 0x01, 0x00, 0x01, 0x00, 0x01, 0x00,
    0x01, 0x00, 0x01, 0x00, 0x22, 0x00, 0x43, 0x08, 0x22, 0x00, 0x01, 0x00, 0x01, 0x00, 0x01, 0x00,
    0x01, 0x00, 0x01, 0x00, 0x01, 0x00, 0x01, 0x00, 0x01, 0x00, 0x01, 0x00, 0x01, 0x00, 0x01, 0x00,
    0x01, 0x00, 0x01, 0x00, 0x01, 0x00, 0x01, 0x00, 0x22, 0x00, 0x22, 0x00, 0x01, 0x00, 0x01, 0x00,
    0x01, 0x00, 0x01, 0x00, 0x01, 0x00, 0x01, 0x00, 0x01, 0x00, 0x01, 0x00, 0x01, 0x00, 0x01, 0x00,
    0x01, 0x00, 0x01, 0x00, 0x01, 0x00, 0x01, 0x00, 0x01, 0x00, 0x21, 0x00, 0x43, 0x00, 0x22, 0x00,
    0x01, 0x00, 0x01, 0x00, 0x01, 0x00, 0x01, 0x00, 0x01, 0x00, 0x01, 0x00, 0x01, 0x00, 0x01, 0x00,
    0x01, 0x00, 0x01, 0x00, 0x01, 0x00, 0x01, 0x00, 0x01, 0x00, 0x00, 0x00, 0x01, 0x00, 0x22, 0x00,
    0x00, 0x00, 0x01, 0x00, 0x23, 0x00, 0x01, 0x00, 0x00, 0x00, 0x01, 0x00, 0x00, 0x00, 0x01, 0x00,
    0x00, 0x00, 0x01, 0x00, 0x00, 0x00, 0x01, 0x00, 0x00, 0x00, 0x01, 0x00, 0x00, 0x00, 0x01, 0x00,
    0x22, 0x00, 0x22, 0x00, 0x00, 0x00, 0x01, 0x00, 0x01, 0x00, 0x01, 0x00, 0x00, 0x00, 0x01, 0x00,
    0x00, 0x00, 0x01, 0x00, 0x00, 0x00, 0x01, 0x00, 0x00, 0x00, 0x01, 0x00, 0x22, 0x00, 0x22, 0x00,
    0x00, 0x00, 0x01, 0x00, 0x00, 0x00, 0x01, 0x00, 0x00, 0x00, 0x01, 0x00, 0x00, 0x00, 0x01, 0x00,
    0x00, 0x00, 0x01, 0x00, 0x00, 0x00, 0x01, 0x00, 0x01, 0x00, 0x43, 0x08, 0x21, 0x00, 0x01, 0x00,
    0x00, 0x00, 0x01, 0x00, 0x00, 0x00, 0x01, 0x00, 0x01, 0x00, 0x01, 0x00, 0x01, 0x00, 0x01, 0x00,
    0x01, 0x00, 0x01, 0x00, 0x01, 0x00, 0x22, 0x00, 0x43, 0x00, 0x01, 0x00, 0x01, 0x00, 0x01, 0x00,
    0x01, 0x00, 0x01, 0x00, 0x01, 0x00, 0x01, 0x00, 0x01, 0x00, 0x01, 0x00, 0x01, 0x00, 0x01, 0x00,
    0x01, 0x00, 0x01, 0x00, 0x22, 0x00, 0x43, 0x00, 0x01, 0x00, 0x01, 0x00, 0x01, 0x00, 0x01, 0x00,
    0x01, 0x00, 0x01, 0x00, 0x01, 0x00, 0x01, 0x00, 0x01, 0x00, 0x01, 0x00, 0x01, 0x00, 0x01, 0x00,
    0x01, 0x00, 0x22, 0x00, 0x43, 0x00, 0x01, 0x00, 0x01, 0x00, 0x01, 0x00, 0x01, 0x00, 0x01, 0x00,
    0x01, 0x00, 0x01, 0x00, 0x01, 0x00, 0x01, 0x00, 0x01, 0x00, 0x01, 0x00, 0x01, 0x00, 0x01, 0x00,
    0x22, 0x00, 0x44, 0x08, 0x02, 0x00, 0x01, 0x00, 0x01, 0x00, 0x01, 0x00, 0x01, 0x00, 0x01, 0x00,
    0x01, 0x00, 0x01, 0x00, 0x01, 0x00, 0x01, 0x00, 0x01, 0x00, 0x01, 0x00, 0x01, 0x00, 0x22, 0x00,
    0x44, 0x08, 0x43, 0x08, 0x01, 0x00, 0x01, 0x00, 0x01, 0x00, 0x21, 0x00, 0x01, 0x00, 0x21, 0x00,
    0x01, 0x00, 0x21, 0x00, 0x01, 0x00, 0x21, 0x00, 0x01, 0x00, 0x22, 0x00, 0x01, 0x00, 0x43, 0x08,
    0x44, 0x08, 0x22, 0x00, 0x01, 0x00, 0x21, 0x00, 0x01, 0x00, 0x22, 0x00, 0x01, 0x00, 0x22, 0x00,
    0x01, 0x00, 0x22, 0x00, 0x01, 0x00, 0x22, 0x00, 0x02, 0x00, 0x22, 0x00, 0x02, 0x00, 0x44, 0x08,
    0x44, 0x08, 0x22, 0x00, 0x02, 0x00, 0x22, 0x00, 0x02, 0x00, 0x22, 0x00, 0x02, 0x00, 0x22, 0x00,
    0x02, 0x00, 0x22, 0x00, 0x02, 0x00, 0x22, 0x00, 0x02, 0x00, 0x22, 0x00, 0x02, 0x00, 0x44, 0x08,
    0x44, 0x08, 0x22, 0x00, 0x02, 0x00, 0x22, 0x00, 0x02, 0x00, 0x22, 0x00, 0x02, 0x00, 0x22, 0x00,
    0x02, 0x00, 0x22, 0x00, 0x02, 0x00, 0x22, 0x00, 0x02, 0x00, 0x22, 0x00, 0x02, 0x00, 0x44, 0x08,
    0x44, 0x08, 0x22, 0x00, 0x02, 0x00, 0x22, 0x00, 0x02, 0x00, 0x22, 0x00, 0x02, 0x00, 0x22, 0x00,
    0x02, 0x00, 0x22, 0x00, 0x02, 0x00, 0x22, 0x00, 0x02, 0x00, 0x22, 0x00, 0x02, 0x00, 0x43, 0x08,
    0x64, 0x08, 0x23, 0x08, 0x02, 0x00, 0x22, 0x00, 0x02, 0x00, 0x22, 0x00, 0x02, 0x00, 0x22, 0x00,
    0x02, 0x00, 0x22, 0x00, 0x02, 0x00, 0x22, 0x00, 0x02, 0x00, 0x22, 0x00, 0x02, 0x00, 0x22, 0x00,
    0x44, 0x08, 0x44, 0x08, 0x02, 0x00, 0x22, 0x00, 0x02, 0x00, 0x22, 0x00, 0x02, 0x00, 0x22, 0x00,
    0x02, 0x00, 0x22, 0x00, 0x02, 0x00, 0x02, 0x00, 0x01, 0x00, 0x22, 0x00, 0x01, 0x00, 0x02, 0x00,
    0x22, 0x00, 0x64, 0x08, 0x23, 0x00, 0x02, 0x00, 0x01, 0x00, 0x02, 0x00, 0x01, 0x00, 0x02, 0x00,
    0x01, 0x00, 0x02, 0x00, 0x01, 0x00, 0x02, 0x00, 0x01, 0x00, 0x01, 0x00, 0x01, 0x00, 0x01, 0x00,
    0x01, 0x00, 0x22, 0x00, 0x44, 0x08, 0x23, 0x08, 0x01, 0x00, 0x01, 0x00, 0x01, 0x00, 0x01, 0x00,
    0x01, 0x00, 0x01, 0x00, 0x01, 0x00, 0x01, 0x00, 0x01, 0x00, 0x01, 0x00, 0x01, 0x00, 0x01, 0x00,
    0x01, 0x00, 0x01, 0x00, 0x21, 0x00, 0x43, 0x08, 0x22, 0x00, 0x01, 0x00, 0x01, 0x00, 0x01, 0x00,
    0x01, 0x00, 0x01, 0x00, 0x01, 0x00, 0x01, 0x00, 0x01, 0x00, 0x01, 0x00, 0x01, 0x00, 0x01, 0x00,
    0x01, 0x00, 0x01, 0x00, 0x01, 0x00, 0x01, 0x00, 0x22, 0x00, 0x43, 0x08, 0x01, 0x00, 0x01, 0x00,
    0x01, 0x00, 0x01, 0x00, 0x01, 0x00, 0x01, 0x00, 0x01, 0x00, 0x01, 0x00, 0x01, 0x00, 0x01, 0x00,
    0x01, 0x00, 0x01, 0x00, 0x01, 0x00, 0x01, 0x00, 0x01, 0x00, 0x01, 0x00, 0x43, 0x00, 0x22, 0x00,
    0x01, 0x00, 0x01, 0x00, 0x00, 0x00, 0x01, 0x00, 0x01, 0x00, 0x01, 0x00, 0x01, 0x00, 0x01, 0x00,
    0x01, 0x00, 0x01, 0x00, 0x01, 0x00, 0x01, 0x00, 0x00, 0x00, 0x01, 0x00, 0x00, 0x00, 0x22, 0x00,
    0x22, 0x00, 0x22, 0x00, 0x44, 0x08, 0x22, 0x00, 0x22, 0x00, 0x22, 0x00, 0x22, 0x00, 0x22, 0x00,
    0x22, 0x00, 0x22, 0x00, 0x22, 0x00, 0x22, 0x00, 0x22, 0x00, 0x22, 0x00, 0x22, 0x00, 0x22, 0x00,
    0x43, 0x08, 0x22, 0x00, 0x21, 0x00, 0x21, 0x00, 0x21, 0x00, 0x01, 0x00, 0x01, 0x00, 0x01, 0x00,
    0x01, 0x00, 0x01, 0x00, 0x01, 0x00, 0x01, 0x00, 0x01, 0x00, 0x01, 0x00, 0x23, 0x00, 0x23, 0x00,
    0x01, 0x00, 0x01, 0x00, 0x01, 0x00, 0x01, 0x00, 0x01, 0x00, 0x01, 0x00, 0x01, 0x00, 0x01, 0x00,
    0x01, 0x00, 0x01, 0x00, 0x01, 0x00, 0x01, 0x00, 0x01, 0x00, 0x43, 0x08, 0x21, 0x00, 0x00, 0x00,
    0x01, 0x00, 0x00, 0x00, 0x01, 0x00, 0x00, 0x00, 0x01, 0x00, 0x00, 0x00, 0x01, 0x00, 0x01, 0x00,
    0x01, 0x00, 0x01, 0x00, 0x01, 0x00, 0x22, 0x00, 0x43, 0x00, 0x01, 0x00, 0x01, 0x00, 0x01, 0x00,
    0x01, 0x00, 0x01, 0x00, 0x01, 0x00, 0x01, 0x00, 0x01, 0x00, 0x01, 0x00, 0x01, 0x00, 0x01, 0x00,
    0x01, 0x00, 0x01, 0x00, 0x22, 0x00, 0x43, 0x00, 0x01, 0x00, 0x01, 0x00, 0x01, 0x00, 0x01, 0x00,
    0x01, 0x00, 0x01, 0x00, 0x01, 0x00, 0x01, 0x00, 0x01, 0x00, 0x01, 0x00, 0x01, 0x00, 0x01, 0x00,
    0x01, 0x00, 0x22, 0x00, 0x43, 0x00, 0x01, 0x00, 0x01, 0x00, 0x01, 0x00, 0x01, 0x00, 0x01, 0x00,
    0x01, 0x00, 0x01, 0x00, 0x01, 0x00, 0x01, 0x00, 0x01, 0x00, 0x01, 0x00, 0x01, 0x00, 0x01, 0x00,
    0x22, 0x00, 0x44, 0x08, 0x21, 0x00, 0x01, 0x00, 0x01, 0x00, 0x01, 0x00, 0x01, 0x00, 0x01, 0x00,
    0x01, 0x00, 0x01, 0x00, 0x01, 0x00, 0x01, 0x00, 0x01, 0x00, 0x01, 0x00, 0x01, 0x00, 0x02, 0x00,
    0x44, 0x08, 0x22, 0x00, 0x01, 0x00, 0x01, 0x00, 0x01, 0x00, 0x01, 0x00, 0x01, 0x00, 0x01, 0x00,
    0x01, 0x00, 0x01, 0x00, 0x01, 0x00, 0x01, 0x00, 0x01, 0x00, 0x01, 0x00, 0x01, 0x00, 0x23, 0x08,
    0x64, 0x08, 0x22, 0x00, 0x01, 0x00, 0x01, 0x00, 0x01, 0x00, 0x01, 0x00, 0x01, 0x00, 0x01, 0x00,
    0x02, 0x00, 0x01, 0x00, 0x02, 0x00, 0x02, 0x00, 0x02, 0x00, 0x02, 0x00, 0x02, 0x00, 0x43, 0x08,
    0x44, 0x08, 0x02, 0x00, 0x02, 0x00, 0x02, 0x00, 0x02, 0x00, 0x02, 0x00, 0x02, 0x00, 0x02, 0x00,
    0x02, 0x00, 0x02, 0x00, 0x02, 0x00, 0x02, 0x00, 0x22, 0x00, 0x02, 0x00, 0x22, 0x00, 0x44, 0x08,
    0x44, 0x08, 0x02, 0x00, 0x22, 0x00, 0x02, 0x00, 0x22, 0x00, 0x02, 0x00, 0x22, 0x00, 0x02, 0x00,
    0x22, 0x00, 0x02, 0x00, 0x22, 0x00, 0x02, 0x00, 0x22, 0x00, 0x22, 0x00, 0x22, 0x00, 0x44, 0x08,
    0x64, 0x08, 0x22, 0x00, 0x22, 0x00, 0x22, 0x00, 0x22, 0x00, 0x22, 0x00, 0x22, 0x00, 0x02, 0x00,
    0x02, 0x00, 0x02, 0x00, 0x02, 0x00, 0x02, 0x00, 0x02, 0x00, 0x02, 0x00, 0x02, 0x00, 0x23, 0x08,
    0x64, 0x08, 0x23, 0x00, 0x02, 0x00, 0x02, 0x00, 0x02, 0x00, 0x02, 0x00, 0x02, 0x00, 0x02, 0x00,
    0x02, 0x00, 0x02, 0x00, 0x02, 0x00, 0x02, 0x00, 0x02, 0x00, 0x02, 0x00, 0x02, 0x00, 0x02, 0x00,
    0x44, 0x08, 0x43, 0x08, 0x02, 0x00, 0x02, 0x00, 0x02, 0x00, 0x02, 0x00, 0x02, 0x00, 0x02, 0x00,
    0x02, 0x00, 0x02, 0x00, 0x02, 0x00, 0x01, 0x00, 0x02, 0x00, 0x01, 0x00, 0x02, 0x00, 0x01, 0x00,
    0x22, 0x00, 0x44, 0x08, 0x43, 0x08, 0x01, 0x00, 0x01, 0x00, 0x01, 0x00, 0x01, 0x00, 0x01, 0x00,
    0x01, 0x00, 0x01, 0x00, 0x01, 0x00, 0x01, 0x00, 0x01, 0x00, 0x01, 0x00, 0x01, 0x00, 0x01, 0x00,
    0x01, 0x00, 0x22, 0x00, 0x44, 0x08, 0x23, 0x00, 0x01, 0x00, 0x01, 0x00, 0x01, 0x00, 0x01, 0x00,
    0x01, 0x00, 0x01, 0x00, 0x01, 0x00, 0x01, 0x00, 0x01, 0x00, 0x01, 0x00, 0x01, 0x00, 0x01, 0x00,
    0x01, 0x00, 0x01, 0x00, 0x02, 0x00, 0x43, 0x08, 0x23, 0x00, 0x01, 0x00, 0x01, 0x00, 0x01, 0x00,
    0x01, 0x00, 0x01, 0x00, 0x01, 0x00, 0x01, 0x00, 0x01, 0x00, 0x01, 0x00, 0x01, 0x00, 0x01, 0x00,
    0x01, 0x00, 0x01, 0x00, 0x01, 0x00, 0x01, 0x00, 0x22, 0x00, 0x23, 0x00, 0x01, 0x00, 0x01, 0x00,
    0x01, 0x00, 0x01, 0x00, 0x01, 0x00, 0x01, 0x00, 0x01, 0x00, 0x01, 0x00, 0x01, 0x00, 0x01, 0x00,
    0x01, 0x00, 0x01, 0x00, 0x01, 0x00, 0x01, 0x00, 0x01, 0x00, 0x01, 0x00, 0x23, 0x00, 0x22, 0x00,
    0x01, 0x00, 0x01, 0x00, 0x01, 0x00, 0x01, 0x00, 0x01, 0x00, 0x01, 0x00, 0x01, 0x00, 0x01, 0x00,
    0x01, 0x00, 0x01, 0x00, 0x01, 0x00, 0x00, 0x00, 0x01, 0x00, 0x00, 0x00, 0x01, 0x00, 0x01, 0x00,
    0x22, 0x00, 0x43, 0x08, 0x44, 0x08, 0x23, 0x00, 0x22, 0x00, 0x22, 0x00, 0x22, 0x00, 0x22, 0x00,
    0x22, 0x00, 0x23, 0x00, 0x22, 0x00, 0x23, 0x00, 0x22, 0x00, 0x43, 0x00, 0x23, 0x00, 0x43, 0x08,
    0x64, 0x08, 0x43, 0x08, 0x43, 0x00, 0x43, 0x08, 0x43, 0x00, 0x43, 0x00, 0x43, 0x00, 0x43, 0x00,
    0x43, 0x00, 0x43, 0x00, 0x23, 0x00, 0x43, 0x00, 0x22, 0x00, 0x43, 0x00, 0x44, 0x08, 0x44, 0x08,
    0x22, 0x00, 0x23, 0x00, 0x22, 0x00, 0x23, 0x00, 0x22, 0x00, 0x23, 0x00, 0x22, 0x00, 0x43, 0x00,
    0x22, 0x00, 0x23, 0x00, 0x22, 0x00, 0x22, 0x00, 0x43, 0x00, 0x65, 0x08, 0x43, 0x00, 0x22, 0x00,
    0x22, 0x00, 0x22, 0x00, 0x22, 0x00, 0x22, 0x00, 0x22, 0x00, 0x22, 0x00, 0x22, 0x00, 0x22, 0x00,
    0x22, 0x00, 0x22, 0x00, 0x22, 0x00, 0x43, 0x08, 0x43, 0x08, 0x22, 0x00, 0x22, 0x00, 0x22, 0x00,
    0x22, 0x00, 0x22, 0x00, 0x22, 0x00, 0x22, 0x00, 0x22, 0x00, 0x22, 0x00, 0x22, 0x00, 0x22, 0x00,
    0x21, 0x00, 0x22, 0x00, 0x43, 0x08, 0x43, 0x08, 0x21, 0x00, 0x22, 0x00, 0x01, 0x00, 0x02, 0x00,
    0x01, 0x00, 0x01, 0x00, 0x01, 0x00, 0x01, 0x00, 0x01, 0x00, 0x01, 0x00, 0x01, 0x00, 0x01, 0x00,
    0x01, 0x00, 0x43, 0x00, 0x43, 0x00, 0x01, 0x00, 0x01, 0x00, 0x01, 0x00, 0x01, 0x00, 0x01, 0x00,
    0x01, 0x00, 0x01, 0x00, 0x01, 0x00, 0x01, 0x00, 0x01, 0x00, 0x01, 0x00, 0x01, 0x00, 0x01, 0x00,
    0x22, 0x00, 0x43, 0x08, 0x01, 0x00, 0x01, 0x00, 0x01, 0x00, 0x01, 0x00, 0x01, 0x00, 0x01, 0x00,
    0x01, 0x00, 0x01, 0x00, 0x01, 0x00, 0x01, 0x00, 0x01, 0x00, 0x01, 0x00, 0x01, 0x00, 0x22, 0x00,
    0x44, 0x08, 0x22, 0x00, 0x01, 0x00, 0x01, 0x00, 0x01, 0x00, 0x01, 0x00, 0x01, 0x00, 0x01, 0x00,
    0x01, 0x00, 0x01, 0x00, 0x01, 0x00, 0x01, 0x00, 0x01, 0x00, 0x01, 0x00, 0x01, 0x00, 0x43, 0x08,
    0x44, 0x08, 0x22, 0x00, 0x01, 0x00, 0x01, 0x00, 0x01, 0x00, 0x01, 0x00, 0x01, 0x00, 0x21, 0x00,
    0x01, 0x00, 0x01, 0x00, 0x01, 0x00, 0x22, 0x00, 0x01, 0x00, 0x01, 0x00, 0x01, 0x00, 0x43, 0x08,
    0x44, 0x08, 0x02, 0x00, 0x01, 0x00, 0x22, 0x00, 0x01, 0x00, 0x02, 0x00, 0x01, 0x00, 0x22, 0x00,
    0x01, 0x00, 0x22, 0x00, 0x02, 0x00, 0x22, 0x00, 0x02, 0x00, 0x22, 0x00, 0x02, 0x00, 0x44, 0x08,
    0x43, 0x08, 0x22, 0x00, 0x02, 0x00, 0x22, 0x00, 0x02, 0x00, 0x22, 0x00, 0x02, 0x00, 0x22, 0x00,
    0x02, 0x00, 0x22, 0x00, 0x02, 0x00, 0x22, 0x00, 0x02, 0x00, 0x02, 0x00, 0x02, 0x00, 0x43, 0x08,
    0x44, 0x08, 0x22, 0x00, 0x02, 0x00, 0x22, 0x00, 0x02, 0x00, 0x02, 0x00, 0x02, 0x00, 0x22, 0x00,
    0x02, 0x00, 0x02, 0x00, 0x02, 0x00, 0x22, 0x00, 0x02, 0x00, 0x02, 0x00, 0x02, 0x00, 0x43, 0x08,
    0x64, 0x08, 0x23, 0x08, 0x02, 0x00, 0x22, 0x00, 0x02, 0x00, 0x02, 0x00, 0x02, 0x00, 0x22, 0x00,
    0x01, 0x00, 0x02, 0x00, 0x01, 0x00, 0x22, 0x00, 0x01, 0x00, 0x02, 0x00, 0x01, 0x00, 0x22, 0x00,
    0x43, 0x08, 0x44, 0x08, 0x02, 0x00, 0x22, 0x00, 0x01, 0x00, 0x01, 0x00, 0x01, 0x00, 0x22, 0x00,
    0x01, 0x00, 0x01, 0x00, 0x01, 0x00, 0x22, 0x00, 0x01, 0x00, 0x02, 0x00, 0x01, 0x00, 0x02, 0x00,
    0x22, 0x00, 0x44, 0x08, 0x43, 0x08, 0x01, 0x00, 0x01, 0x00, 0x01, 0x00, 0x01, 0x00, 0x01, 0x00,
    0x01, 0x00, 0x01, 0x00, 0x01, 0x00, 0x01, 0x00, 0x01, 0x00, 0x01, 0x00, 0x01, 0x00, 0x01, 0x00,
    0x01, 0x00, 0x22, 0x00, 0x43, 0x08, 0x43, 0x08, 0x01, 0x00, 0x01, 0x00, 0x01, 0x00, 0x01, 0x00,
    0x01, 0x00, 0x01, 0x00, 0x01, 0x00, 0x01, 0x00, 0x01, 0x00, 0x01, 0x00, 0x01, 0x00, 0x01, 0x00,
    0x01, 0x00, 0x01, 0x00, 0x01, 0x00, 0x43, 0x08, 0x22, 0x00, 0x01, 0x00, 0x01, 0x00, 0x01, 0x00,
    0x01, 0x00, 0x01, 0x00, 0x01, 0x00, 0x01, 0x00, 0x01, 0x00, 0x01, 0x00, 0x01, 0x00, 0x01, 0x00,
    0x01, 0x00, 0x01, 0x00, 0x01, 0x00, 0x01, 0x00, 0x22, 0x00, 0x43, 0x08, 0x01, 0x00, 0x01, 0x00,
    0x00, 0x00, 0x01, 0x00, 0x00, 0x00, 0x01, 0x00, 0x00, 0x00, 0x01, 0x00, 0x01, 0x00, 0x01, 0x00,
    0x00, 0x00, 0x01, 0x00, 0x01, 0x00, 0x01, 0x00, 0x00, 0x00, 0x01, 0x00, 0x22, 0x00, 0x22, 0x00,
    0x00, 0x00, 0x01, 0x00, 0x00, 0x00, 0x01, 0x00, 0x00, 0x00, 0x01, 0x00, 0x00, 0x00, 0x01, 0x00,
    0x00, 0x00, 0x01, 0x00, 0x00, 0x00, 0x01, 0x00, 0x00, 0x00, 0x01, 0x00, 0x00, 0x00, 0x01, 0x00,
    0x01, 0x00, 0x22, 0x00, 0x22, 0x00, 0x01, 0x00, 0x01, 0x00, 0x01, 0x00, 0x01, 0x00, 0x01, 0x00,
    0x01, 0x00, 0x01, 0x00, 0x01, 0x00, 0x01, 0x00, 0x01, 0x00, 0x01, 0x00, 0x01, 0x00, 0x22, 0x00,
    0x43, 0x08, 0x22, 0x00, 0x21, 0x00, 0x21, 0x00, 0x21, 0x00, 0x01, 0x00, 0x21, 0x00, 0x22, 0x00,
    0x22, 0x00, 0x02, 0x00, 0x22, 0x00, 0x22, 0x00, 0x22, 0x00, 0x22, 0x00, 0x44, 0x08, 0x43, 0x00,
    0x22, 0x00, 0x22, 0x00, 0x22, 0x00, 0x22, 0x00, 0x22, 0x00, 0x22, 0x00, 0x22, 0x00, 0x22, 0x00,
    0x22, 0x00, 0x22, 0x00, 0x22, 0x00, 0x22, 0x00, 0x43, 0x08, 0x64, 0x08, 0x43, 0x00, 0x22, 0x00,
    0x22, 0x00, 0x42, 0x00, 0x43, 0x00, 0x43, 0x00, 0x43, 0x00, 0x43, 0x00, 0x43, 0x00, 0x43, 0x00,
    0x43, 0x00, 0x43, 0x00, 0x43, 0x08, 0x64, 0x08, 0x64, 0x08, 0x43, 0x08, 0x43, 0x08, 0x43, 0x08,
    0x43, 0x08, 0x43, 0x08, 0x43, 0x08, 0x43, 0x08, 0x43, 0x08, 0x43, 0x08, 0x44, 0x08, 0x43, 0x08,
    0x43, 0x08, 0x43, 0x08, 0x65, 0x08, 0x64, 0x08, 0x43, 0x08, 0x43, 0x08, 0x43, 0x08, 0x43, 0x08,
    0x43, 0x08, 0x43, 0x08, 0x43, 0x08, 0x43, 0x08, 0x43, 0x00, 0x43, 0x08, 0x43, 0x08, 0x43, 0x00,
    0x43, 0x00, 0x64, 0x08, 0x64, 0x08, 0x43, 0x00, 0x43, 0x00, 0x43, 0x00, 0x43, 0x00, 0x43, 0x00,
    0x23, 0x00, 0x23, 0x00, 0x23, 0x00, 0x23, 0x00, 0x23, 0x00, 0x22, 0x00, 0x23, 0x00, 0x23, 0x00,
    0x44, 0x08, 0x65, 0x08, 0x43, 0x00, 0x22, 0x00, 0x22, 0x00, 0x22, 0x00, 0x23, 0x00, 0x22, 0x00,
    0x22, 0x00, 0x22, 0x00, 0x22, 0x00, 0x22, 0x00, 0x22, 0x00, 0x22, 0x00, 0x22, 0x00, 0x23, 0x00,
    0x65, 0x08, 0x43, 0x08, 0x22, 0x00, 0x22, 0x00, 0x22, 0x00, 0x22, 0x00, 0x22, 0x00, 0x22, 0x00,
    0x22, 0x00, 0x22, 0x00, 0x22, 0x00, 0x22, 0x00, 0x22, 0x00, 0x22, 0x00, 0x22, 0x00, 0x43, 0x08,
    0x64, 0x08, 0x22, 0x00, 0x22, 0x00, 0x22, 0x00, 0x22, 0x00, 0x02, 0x00, 0x22, 0x00, 0x22, 0x00,
    0x02, 0x00, 0x02, 0x00, 0x02, 0x00, 0x02, 0x00, 0x02, 0x00, 0x02, 0x00, 0x02, 0x00, 0x43, 0x08,
    0x44, 0x08, 0x02, 0x00, 0x02, 0x00, 0x02, 0x00, 0x02, 0x00, 0x02, 0x00, 0x02, 0x00, 0x02, 0x00,
    0x02, 0x00, 0x02, 0x00, 0x02, 0x00, 0x02, 0x00, 0x02, 0x00, 0x02, 0x00, 0x02, 0x00, 0x44, 0x08,
    0x44, 0x08, 0x02, 0x00, 0x02, 0x00, 0x02, 0x00, 0x02, 0x00, 0x02, 0x00, 0x02, 0x00, 0x02, 0x00,
    0x02, 0x00, 0x02, 0x00, 0x02, 0x00, 0x02, 0x00, 0x02, 0x00, 0x02, 0x00, 0x02, 0x00, 0x43, 0x08,
    0x44, 0x08, 0x22, 0x00, 0x02, 0x00, 0x02, 0x00, 0x02, 0x00, 0x02, 0x00, 0x02, 0x00, 0x02, 0x00,
    0x02, 0x00, 0x02, 0x00, 0x02, 0x00, 0x02, 0x00, 0x02, 0x00, 0x02, 0x00, 0x02, 0x00, 0x23, 0x00,
    0x64, 0x08, 0x23, 0x00, 0x02, 0x00, 0x02, 0x00, 0x02, 0x00, 0x02, 0x00, 0x02, 0x00, 0x02, 0x00,
    0x02, 0x00, 0x02, 0x00, 0x02, 0x00, 0x02, 0x00, 0x02, 0x00, 0x02, 0x00, 0x02, 0x00, 0x02, 0x00,
    0x43, 0x08, 0x44, 0x08, 0x22, 0x00, 0x02, 0x00, 0x02, 0x00, 0x02, 0x00, 0x02, 0x00, 0x02, 0x00,
    0x02, 0x00, 0x01, 0x00, 0x02, 0x00, 0x01, 0x00, 0x01, 0x00, 0x01, 0x00, 0x01, 0x00, 0x01, 0x00,
    0x22, 0x00, 0x43, 0x08, 0x43, 0x08, 0x01, 0x00, 0x01, 0x00, 0x01, 0x00, 0x02, 0x00, 0x01, 0x00,
    0x01, 0x00, 0x01, 0x00, 0x01, 0x00, 0x01, 0x00, 0x01, 0x00, 0x01, 0x00, 0x01, 0x00, 0x01, 0x00,
    0x01, 0x00, 0x02, 0x00, 0x43, 0x08, 0x23, 0x00, 0x01, 0x00, 0x01, 0x00, 0x01, 0x00, 0x01, 0x00,
    0x01, 0x00, 0x01, 0x00, 0x01, 0x00, 0x01, 0x00, 0x01, 0x00, 0x01, 0x00, 0x01, 0x00, 0x01, 0x00,
    0x01, 0x00, 0x01, 0x00, 0x01, 0x00, 0x23, 0x00, 0x43, 0x00, 0x01, 0x00, 0x01, 0x00, 0x01, 0x00,
    0x01, 0x00, 0x01, 0x00, 0x01, 0x00, 0x01, 0x00, 0x01, 0x00, 0x01, 0x00, 0x01, 0x00, 0x01, 0x00,
    0x01, 0x00, 0x01, 0x00, 0x01, 0x00, 0x01, 0x00, 0x22, 0x00, 0x43, 0x00, 0x22, 0x00, 0x01, 0x00,
    0x01, 0x00, 0x01, 0x00, 0x01, 0x00, 0x01, 0x00, 0x01, 0x00, 0x01, 0x00, 0x01, 0x00, 0x01, 0x00,
    0x01, 0x00, 0x01, 0x00, 0x01, 0x00, 0x01, 0x00, 0x01, 0x00, 0x01, 0x00, 0x22, 0x00, 0x22, 0x00,
    0x01, 0x00, 0x01, 0x00, 0x01, 0x00, 0x01, 0x00, 0x01, 0x00, 0x00, 0x00, 0x01, 0x00, 0x01, 0x00,
    0x01, 0x00, 0x00, 0x00, 0x01, 0x00, 0x00, 0x00, 0x00, 0x00, 0x00, 0x00, 0x01, 0x00, 0x01, 0x00,
    0x00, 0x00, 0x22, 0x00, 0x22, 0x00, 0x00, 0x00, 0x00, 0x00, 0x00, 0x00, 0x00, 0x00, 0x00, 0x00,
    0x00, 0x00, 0x00, 0x00, 0x00, 0x00, 0x00, 0x00, 0x00, 0x00, 0x01, 0x00, 0x00, 0x00, 0x22, 0x00,
    0x22, 0x00, 0x01, 0x00, 0x00, 0x00, 0x01, 0x00, 0x00, 0x00, 0x01, 0x00, 0x00, 0x00, 0x01, 0x00,
    0x00, 0x00, 0x01, 0x00, 0x00, 0x00, 0x01, 0x00, 0x00, 0x00, 0x01, 0x00, 0x23, 0x00, 0x22, 0x00,
    0x00, 0x00, 0x01, 0x00, 0x00, 0x00, 0x01, 0x00, 0x00, 0x00, 0x01, 0x00, 0x00, 0x00, 0x01, 0x00,
    0x00, 0x00, 0x01, 0x00, 0x00, 0x00, 0x01, 0x00, 0x22, 0x00, 0x43, 0x00, 0x01, 0x00, 0x01, 0x00,
    0x01, 0x00, 0x01, 0x00, 0x01, 0x00, 0x01, 0x00, 0x01, 0x00, 0x01, 0x00, 0x01, 0x00, 0x01, 0x00,
    0x01, 0x00, 0x01, 0x00, 0x01, 0x00, 0x43, 0x08, 0x43, 0x00, 0x01, 0x00, 0x01, 0x00, 0x22, 0x00,
    0x21, 0x00, 0x22, 0x00, 0x21, 0x00, 0x22, 0x00, 0x21, 0x00, 0x22, 0x00, 0x22, 0x00, 0x22, 0x00,
    0x22, 0x00, 0x22, 0x00, 0x44, 0x08, 0x43, 0x08, 0x22, 0x00, 0x22, 0x00, 0x22, 0x00, 0x22, 0x00,
    0x22, 0x00, 0x22, 0x00, 0x22, 0x00, 0x22, 0x00, 0x22, 0x00, 0x22, 0x00, 0x22, 0x00, 0x22, 0x00,
    0x22, 0x00, 0x64, 0x08, 0x44, 0x08, 0x23, 0x00, 0x23, 0x00, 0x43, 0x00, 0x43, 0x00, 0x43, 0x00,
    0x43, 0x00, 0x43, 0x00, 0x43, 0x00, 0x43, 0x08, 0x43, 0x00, 0x43, 0x08, 0x43, 0x08, 0x43, 0x08,
    0x64, 0x08, 0x85, 0x08, 0x43, 0x08, 0x44, 0x08, 0x43, 0x08, 0x44, 0x08, 0x43, 0x08, 0x44, 0x08,
    0x43, 0x08, 0x44, 0x08, 0x44, 0x08, 0x44, 0x08, 0x44, 0x08, 0x44, 0x08, 0x44, 0x08, 0x65, 0x08,
    0x86, 0x08, 0x65, 0x08, 0x44, 0x08, 0x44, 0x08, 0x44, 0x08, 0x64, 0x08, 0x44, 0x08, 0x64, 0x08,
    0x44, 0x08, 0x64, 0x08, 0x44, 0x08, 0x44, 0x08, 0x44, 0x08, 0x64, 0x08, 0x44, 0x08, 0x65, 0x08,
    0x85, 0x08, 0x64, 0x08, 0x43, 0x08, 0x44, 0x08, 0x43, 0x08, 0x43, 0x08, 0x43, 0x08, 0x43, 0x08,
    0x43, 0x08, 0x43, 0x08, 0x43, 0x08, 0x43, 0x08, 0x43, 0x08, 0x43, 0x08, 0x43, 0x08, 0x65, 0x08,
    0x65, 0x08, 0x43, 0x08, 0x43, 0x08, 0x43, 0x08, 0x43, 0x08, 0x43, 0x08, 0x43, 0x08, 0x43, 0x08,
    0x43, 0x08, 0x43, 0x08, 0x43, 0x08, 0x43, 0x08, 0x23, 0x08, 0x43, 0x08, 0x23, 0x08, 0x64, 0x08,
    0x64, 0x08, 0x43, 0x08, 0x23, 0x08, 0x43, 0x08, 0x23, 0x00, 0x43, 0x08, 0x23, 0x00, 0x43, 0x08,
    0x22, 0x00, 0x23, 0x08, 0x22, 0x00, 0x23, 0x08, 0x22, 0x00, 0x22, 0x08, 0x22, 0x00, 0x44, 0x08,
    0x64, 0x08, 0x43, 0x08, 0x22, 0x00, 0x22, 0x08, 0x22, 0x00, 0x22, 0x00, 0x22, 0x00, 0x22, 0x00,
    0x22, 0x00, 0x22, 0x00, 0x22, 0x00, 0x22, 0x00, 0x02, 0x00, 0x22, 0x00, 0x02, 0x00, 0x23, 0x08,
    0x64, 0x08, 0x43, 0x08, 0x02, 0x00, 0x22, 0x00, 0x02, 0x00, 0x22, 0x00, 0x02, 0x00, 0x02, 0x00,
    0x02, 0x00, 0x22, 0x00, 0x02, 0x00, 0x22, 0x00, 0x02, 0x00, 0x22, 0x00, 0x02, 0x00, 0x02, 0x00,
    0x43, 0x08, 0x64, 0x08, 0x22, 0x00, 0x02, 0x00, 0x01, 0x00, 0x02, 0x00, 0x01, 0x00, 0x02, 0x00,
    0x01, 0x00, 0x02, 0x00, 0x01, 0x00, 0x02, 0x00, 0x01, 0x00, 0x02, 0x00, 0x01, 0x00, 0x02, 0x00,
    0x01, 0x00, 0x43, 0x08, 0x43, 0x08, 0x01, 0x00, 0x01, 0x00, 0x01, 0x00, 0x01, 0x00, 0x01, 0x00,
    0x01, 0x00, 0x01, 0x00, 0x01, 0x00, 0x01, 0x00, 0x01, 0x00, 0x01, 0x00, 0x01, 0x00, 0x01, 0x00,
    0x01, 0x00, 0x22, 0x00, 0x43, 0x00, 0x43, 0x08, 0x01, 0x00, 0x01, 0x00, 0x01, 0x00, 0x01, 0x00,
    0x01, 0x00, 0x01, 0x00, 0x01, 0x00, 0x01, 0x00, 0x01, 0x00, 0x01, 0x00, 0x01, 0x00, 0x01, 0x00,
    0x01, 0x00, 0x01, 0x00, 0x01, 0x00, 0x23, 0x00, 0x43, 0x00, 0x01, 0x00, 0x01, 0x00, 0x01, 0x00,
    0x01, 0x00, 0x01, 0x00, 0x01, 0x00, 0x01, 0x00, 0x01, 0x00, 0x01, 0x00, 0x01, 0x00, 0x01, 0x00,
    0x01, 0x00, 0x01, 0x00, 0x01, 0x00, 0x01, 0x00, 0x21, 0x00, 0x43, 0x08, 0x22, 0x00, 0x01, 0x00,
    0x01, 0x00, 0x01, 0x00, 0x00, 0x00, 0x01, 0x00, 0x00, 0x00, 0x01, 0x00, 0x00, 0x00, 0x01, 0x00,
    0x01, 0x00, 0x01, 0x00, 0x01, 0x00, 0x01, 0x00, 0x01, 0x00, 0x01, 0x00, 0x22, 0x00, 0x22, 0x00,
    0x01, 0x00, 0x01, 0x00, 0x01, 0x00, 0x01, 0x00, 0x00, 0x00, 0x01, 0x00, 0x00, 0x00, 0x01, 0x00,
    0x00, 0x00, 0x01, 0x00, 0x00, 0x00, 0x01, 0x00, 0x00, 0x00, 0x01, 0x00, 0x00, 0x00, 0x01, 0x00,
    0x00, 0x00, 0x22, 0x00, 0x22, 0x00, 0x00, 0x00, 0x00, 0x00, 0x00, 0x00, 0x00, 0x00, 0x00, 0x00,
    0x00, 0x00, 0x00, 0x00, 0x00, 0x00, 0x00, 0x00, 0x00, 0x00, 0x00, 0x00, 0x00, 0x00, 0x22, 0x00,
    0x22, 0x00, 0x00, 0x00, 0x01, 0x00, 0x00, 0x00, 0x01, 0x00, 0x00, 0x00, 0x00, 0x00, 0x00, 0x00,
    0x01, 0x00, 0x00, 0x00, 0x01, 0x00, 0x00, 0x00, 0x01, 0x00, 0x01, 0x00, 0x43, 0x00, 0x01, 0x00,
    0x01, 0x00, 0x00, 0x00, 0x01, 0x00, 0x00, 0x00, 0x01, 0x00, 0x00, 0x00, 0x00, 0x00, 0x00, 0x00,
    0x01, 0x00, 0x00, 0x00, 0x01, 0x00, 0x00, 0x00, 0x22, 0x00, 0x22, 0x00, 0x01, 0x00, 0x01, 0x00,
    0x01, 0x00, 0x01, 0x00, 0x01, 0x00, 0x00, 0x00, 0x01, 0x00, 0x01, 0x00, 0x01, 0x00, 0x00, 0x00,
    0x01, 0x00, 0x00, 0x00, 0x01, 0x00, 0x22, 0x00, 0x22, 0x00, 0x00, 0x00, 0x01, 0x00, 0x00, 0x00,
    0x01, 0x00, 0x00, 0x00, 0x01, 0x00, 0x00, 0x00, 0x01, 0x00, 0x00, 0x00, 0x01, 0x00, 0x00, 0x00,
    0x01, 0x00, 0x01, 0x00, 0x43, 0x00, 0x22, 0x00, 0x01, 0x00, 0x01, 0x00, 0x01, 0x00, 0x01, 0x00,
    0x01, 0x00, 0x01, 0x00, 0x01, 0x00, 0x01, 0x00, 0x01, 0x00, 0x01, 0x00, 0x01, 0x00, 0x01, 0x00,
    0x01, 0x00, 0x43, 0x00, 0x22, 0x00, 0x01, 0x00, 0x01, 0x00, 0x01, 0x00, 0x01, 0x00, 0x01, 0x00,
    0x01, 0x00, 0x01, 0x00, 0x01, 0x00, 0x01, 0x00, 0x01, 0x00, 0x01, 0x00, 0x01, 0x00, 0x01, 0x00,
    0x43, 0x00, 0x43, 0x08, 0x21, 0x00, 0x01, 0x00, 0x21, 0x00, 0x01, 0x00, 0x22, 0x00, 0x02, 0x00,
    0x22, 0x00, 0x22, 0x00, 0x22, 0x00, 0x22, 0x00, 0x22, 0x00, 0x22, 0x00, 0x22, 0x00, 0x23, 0x00,
    0x65, 0x08, 0x43, 0x08, 0x22, 0x00, 0x22, 0x00, 0x22, 0x00, 0x22, 0x00, 0x22, 0x00, 0x22, 0x00,
    0x22, 0x00, 0x22, 0x00, 0x23, 0x00, 0x22, 0x00, 0x23, 0x00, 0x23, 0x00, 0x23, 0x08, 0x44, 0x08,
    0x65, 0x08, 0x43, 0x08, 0x43, 0x08, 0x43, 0x08, 0x43, 0x08, 0x43, 0x08, 0x43, 0x08, 0x43, 0x08,
    0x43, 0x08, 0x43, 0x08, 0x43, 0x08, 0x43, 0x08, 0x43, 0x08, 0x43, 0x08, 0x43, 0x08, 0x65, 0x08,
    0x65, 0x08, 0x44, 0x08, 0x44, 0x08, 0x44, 0x08, 0x44, 0x08, 0x44, 0x08, 0x44, 0x08, 0x44, 0x08,
    0x44, 0x08, 0x44, 0x08, 0x64, 0x08, 0x44, 0x08, 0x64, 0x08, 0x64, 0x08, 0x64, 0x08, 0x86, 0x10,
    0x86, 0x10, 0x64, 0x08, 0x64, 0x08, 0x64, 0x08, 0x64, 0x08, 0x64, 0x08, 0x64, 0x08, 0x64, 0x08,
    0x64, 0x08, 0x64, 0x08, 0x64, 0x08, 0x64, 0x08, 0x64, 0x08, 0x44, 0x08, 0x44, 0x08, 0x65, 0x08,
    0x86, 0x10, 0x64, 0x08, 0x44, 0x08, 0x44, 0x08, 0x44, 0x08, 0x44, 0x08, 0x44, 0x08, 0x44, 0x08,
    0x44, 0x08, 0x43, 0x08, 0x44, 0x08, 0x43, 0x08, 0x43, 0x08, 0x43, 0x08, 0x43, 0x08, 0x44, 0x08,
    0x85, 0x10, 0x64, 0x08, 0x43, 0x08, 0x43, 0x08, 0x43, 0x08, 0x43, 0x08, 0x43, 0x08, 0x43, 0x08,
    0x43, 0x08, 0x43, 0x08, 0x43, 0x08, 0x43, 0x08, 0x23, 0x08, 0x23, 0x08, 0x23, 0x08, 0x23, 0x08,
    0x64, 0x08, 0x65, 0x08, 0x43, 0x08, 0x23, 0x08, 0x23, 0x08, 0x22, 0x08, 0x22, 0x08, 0x22, 0x00,
    0x22, 0x00, 0x22, 0x00, 0x22, 0x00, 0x22, 0x00, 0x22, 0x00, 0x22, 0x00, 0x22, 0x00, 0x22, 0x00,
    0x22, 0x00, 0x44, 0x08, 0x44, 0x08, 0x22, 0x00, 0x22, 0x00, 0x22, 0x00, 0x22, 0x00, 0x22, 0x00,
    0x22, 0x00, 0x22, 0x00, 0x22, 0x00, 0x01, 0x00, 0x22, 0x00, 0x01, 0x00, 0x21, 0x00, 0x01, 0x00,
    0x01, 0x00, 0x01, 0x00, 0x43, 0x08, 0x43, 0x08, 0x01, 0x00, 0x01, 0x00, 0x01, 0x00, 0x01, 0x00,
    0x01, 0x00, 0x01, 0x00, 0x01, 0x00, 0x01, 0x00, 0x01, 0x00, 0x01, 0x00, 0x01, 0x00, 0x01, 0x00,
    0x01, 0x00, 0x01, 0x00, 0x01, 0x00, 0x22, 0x00, 0x43, 0x08, 0x21, 0x00, 0x01, 0x00, 0x01, 0x00,
    0x01, 0x00, 0x01, 0x00, 0x01, 0x00, 0x01, 0x00, 0x01, 0x00, 0x01, 0x00, 0x01, 0x00, 0x01, 0x00,
    0x01, 0x00, 0x01, 0x00, 0x01, 0x00, 0x01, 0x00, 0x01, 0x00, 0x43, 0x00, 0x22, 0x00, 0x01, 0x00,
    0x01, 0x00, 0x01, 0x00, 0x01, 0x00, 0x01, 0x00, 0x01, 0x00, 0x01, 0x00, 0x01, 0x00, 0x01, 0x00,
    0x01, 0x00, 0x01, 0x00, 0x01, 0x00, 0x00, 0x00, 0x01, 0x00, 0x00, 0x00, 0x22, 0x00, 0x22, 0x00,
    0x01, 0x00, 0x00, 0x00, 0x00, 0x00, 0x00, 0x00, 0x01, 0x00, 0x00, 0x00, 0x00, 0x00, 0x00, 0x00,
    0x01, 0x00, 0x00, 0x00, 0x00, 0x00, 0x00, 0x00, 0x00, 0x00, 0x00, 0x00, 0x00, 0x00, 0x00, 0x00,
};

const lv_image_dsc_t theme_bg = {
    .header.magic  = LV_IMAGE_HEADER_MAGIC,
    .header.cf     = LV_COLOR_FORMAT_RGB565,
    .header.flags  = 0,
    .header.w      = 320,
    .header.h      = 240,
    .header.stride = 640,
    .data_size     = sizeof(theme_bg_map),
    .data          = theme_bg_map,
};
