// Generated by Code/tools/bake_theme.py — do not edit by hand.
#include "theme_progmem.h"

static const uint8_t theme_bar_sel_map[] PROGMEM = {
    0x00, 0x00, 0x00, 0x00, 0x00, 0x00, 0x00, 0x00, 0x00, 0x00, 0x00, 0x00, 0x00, 0x00, 0x00, 0x00,
    0x00, 0x00, 0x00, 0x00, 0x00, 0x00, 0x00, 0x00, 0x00, 0x00, 0x00, 0x00, 0x00, 0x00, 0x00, 0x00,
    0x00, 0x00, 0x00, 0x00, 0x00, 0x00, 0x00, 0x00, 0x00, 0x00, 0x00, 0x00, 0x00, 0x00, 0x00, 0x00,
    0x00, 0x00, 0x00, 0x00, 0x00, 0x00, 0x00, 0x00, 0x00, 0x00, 0x00, 0x00, 0x00, 0x00, 0x00, 0x00,
    0x00, 0x00, 0x00, 0x00, 0x00, 0x00, 0x00, 0x00, 0x00, 0x00, 0x00, 0x00, 0x00, 0x00, 0x00, 0x00,
    0x00, 0x00, 0x00, 0x00, 0x00, 0x00, 0x00, 0x00, 0x00, 0x00, 0x00, 0x00, 0x00, 0x00, 0x00, 0x00,
    0x00, 0x00, 0x00, 0x00, 0x00, 0x00, 0x00, 0x00, 0x00, 0x00, 0x00, 0x00, 0x00, 0x00, 0x00, 0x00,
    0x00, 0x00, 0x00, 0x00, 0x00, 0x00, 0x00, 0x00, 0x00, 0x00, 0x00, 0x00, 0x00, 0x00, 0x00, 0x00,
    0x00, 0x00, 0x00, 0x00, 0x00, 0x00, 0x00, 0x00, 0x00, 0x00, 0x00, 0x00, 0x00, 0x00, 0x00, 0x00,
    0x00, 0x00, 0x00, 0x00, 0x00, 0x00, 0x00, 0x00, 0x00, 0x00, 0x00, 0x00, 0x00, 0x00, 0x00, 0x00,
    0x00, 0x00, 0x00, 0x00, 0x00, 0x00, 0x00, 0x00, 0x00, 0x00, 0x00, 0x00, 0x00, 0x00, 0x00, 0x00,
    0x00, 0x00, 0x00, 0x00, 0x00, 0x00, 0x00, 0x00, 0x00, 0x00, 0x00, 0x00, 0x00, 0x00, 0x00, 0x00,
    0x00, 0x00, 0x00, 0x00, 0x00, 0x00, 0x00, 0x00, 0x00, 0x00, 0x00, 0x00, 0x00, 0x00, 0x00, 0x00,
    0x00, 0x00, 0x00, 0x00, 0x00, 0x00, 0x00, 0x00, 0x00, 0x00, 0x00, 0x00, 0x00, 0x00, 0x00, 0x00,
    0x00, 0x00, 0x00, 0x00, 0x00, 0x00, 0x00, 0x00, 0x00, 0x00, 0x00, 0x00, 0x00, 0x00, 0x00, 0x00,
    0x00, 0x00, 0x00, 0x00, 0x00, 0x00, 0x00, 0x00, 0x00, 0x00, 0x00, 0x00, 0x00, 0x00, 0x00, 0x00,
    0x00, 0x00, 0x00, 0x00, 0x00, 0x00, 0x00, 0x00, 0x00, 0x00, 0x00, 0x00, 0x00, 0x00, 0x00, 0x00,
    0x00, 0x00, 0x00, 0x00, 0x00, 0x00, 0x00, 0x00, 0x00, 0x00, 0x00, 0x00, 0x00, 0x00, 0x00, 0x00,
    0x00, 0x00, 0x00, 0x00, 0x00, 0x00, 0x00, 0x00, 0x00, 0x00, 0x00, 0x00, 0x00, 0x00, 0x00, 0x00,
    0x00, 0x00, 0x00, 0x00, 0x00, 0x00, 0x00, 0x00, 0x00, 0x00, 0x00, 0x00, 0x00, 0x00, 0x00, 0x00,
    0x00, 0x00, 0x00, 0x00, 0x00, 0x00, 0x00, 0x00, 0x00, 0x00, 0x00, 0x00, 0x00, 0x00, 0x00, 0x00,
    0x00, 0x00, 0x00, 0x00, 0x00, 0x00, 0x00, 0x00, 0x00, 0x00, 0x00, 0x00, 0x00, 0x00, 0x00, 0x00,
    0x00, 0x00, 0x00, 0x00, 0x00, 0x00, 0x00, 0x00, 0x00, 0x00, 0x00, 0x00, 0x00, 0x00, 0x00, 0x00,
    0x00, 0x00, 0x00, 0x00, 0x00, 0x00, 0x00, 0x00, 0x00, 0x00, 0x00, 0x00, 0x00, 0x00, 0x00, 0x00,
    0x00, 0x00, 0x00, 0x00, 0x00, 0x00, 0x00, 0x00, 0x00, 0x00, 0x00, 0x00, 0x00, 0x00, 0x00, 0x00,
    0x00, 0x00, 0x00, 0x00, 0x00, 0x00, 0x00, 0x00, 0x00, 0x00, 0x00, 0x00, 0x00, 0x00, 0x00, 0x00,
    0x00, 0x00, 0x00, 0x00, 0x00, 0x00, 0x00, 0x00, 0x00, 0x00, 0x00, 0x00, 0x00, 0x00, 0x00, 0x00,
    0x00, 0x00, 0x00, 0x00, 0x00, 0x00, 0x00, 0x00, 0x00, 0x00, 0x00, 0x00, 0x00, 0x00, 0x00, 0x00,
    0x00, 0x00, 0x00, 0x00, 0x00, 0x00, 0x00, 0x00, 0x00, 0x00, 0x00, 0x00, 0x00, 0x00, 0x00, 0x00,
    0x00, 0x00, 0x00, 0x00, 0x00, 0x00, 0x00, 0x00, 0x00, 0x00, 0x00, 0x00, 0x00, 0x00, 0x00, 0x00,
    0x00, 0x00, 0x00, 0x00, 0x00, 0x00, 0x00, 0x00, 0x00, 0x00, 0x00, 0x00, 0x00, 0x00, 0x00, 0x00,
    0x00, 0x00, 0x00, 0x00, 0x00, 0x00, 0x00, 0x00, 0x00, 0x00, 0x00, 0x00, 0x00, 0x00, 0x00, 0x00,
    0x00, 0x00, 0x00, 0x00, 0x00, 0x00, 0x00, 0x00, 0x00, 0x00, 0x00, 0x00, 0x00, 0x00, 0x00, 0x00,
    0x00, 0x00, 0x00, 0x00, 0x00, 0x00, 0x00, 0x00, 0x00, 0x00, 0x00, 0x00, 0x00, 0x00, 0x00, 0x00,
    0x00, 0x00, 0x00, 0x00, 0x00, 0x00, 0x00, 0x00, 0x00, 0x00, 0x00, 0x00, 0x00, 0x00, 0x00, 0x00,
    0x00, 0x00, 0x00, 0x00, 0x00, 0x00, 0x00, 0x00, 0x00, 0x00, 0x00, 0x00, 0x00, 0x00, 0x00, 0x00,
    0x00, 0x00, 0x00, 0x00, 0x00, 0x00, 0x00, 0x00, 0x00, 0x00, 0x00, 0x00, 0x00, 0x00, 0x00, 0x00,
    0x00, 0x00, 0x00, 0x00, 0x00, 0x00, 0x00, 0x00, 0x00, 0x00, 0x00, 0x00, 0x00, 0x00, 0x00, 0x00,
    0x00, 0x00, 0x00, 0x00, 0x00, 0x00, 0x00, 0x00, 0x00, 0x00, 0x00, 0x00, 0x00, 0x00, 0x00, 0x00,
    0x00, 0x00, 0x00, 0x00, 0x00, 0x00, 0x00, 0x00, 0x00, 0x00, 0x00, 0x00, 0x00, 0x00, 0x00, 0x00,
    0x00, 0x00, 0x00, 0x00, 0x00, 0x00, 0x00, 0x00, 0x00, 0x00, 0x00, 0x00, 0x00, 0x00, 0x00, 0x00,
    0x00, 0x00, 0x00, 0x00, 0x00, 0x00, 0x00, 0x00, 0x00, 0x00, 0x00, 0x00, 0x00, 0x00, 0x00, 0x00,
    0x00, 0x00, 0x00, 0x00, 0x00, 0x00, 0x00, 0x00, 0x00, 0x00, 0x00, 0x00, 0x00, 0x00, 0x00, 0x00,
    0x00, 0x00, 0xe0, 0xff, 0xe0, 0xff, 0xe0, 0xff, 0xe0, 0xff, 0xe0, 0xff, 0xe0, 0xff, 0xe0, 0xff,
    0xe0, 0xff, 0xe0, 0xff, 0xe0, 0xff, 0xe0, 0xff, 0xe0, 0xff, 0xe0, 0xff, 0xe0, 0xff, 0xe0, 0xff,
    0xe0, 0xff, 0xe0, 0xff, 0xe0, 0xff, 0xe0, 0xff, 0xe0, 0xff, 0xe0, 0xff, 0xe0, 0xff, 0xe0, 0xff,
    0xe0, 0xff, 0xe0, 0xff, 0xe0, 0xff, 0xe0, 0xff, 0xe0, 0xff, 0xe0, 0xff, 0xe0, 0xff, 0xe0, 0xff,
    0xe0, 0xff, 0xe0, 0xff, 0xe0, 0xff, 0xe0, 0xff, 0xe0, 0xff, 0xe0, 0xff, 0xe0, 0xff, 0xe0, 0xff,
    0xe0, 0xff, 0xe0, 0xff, 0xe0, 0xff, 0xe0, 0xff, 0xe0, 0xff, 0xe0, 0xff, 0xe0, 0xff, 0xe0, 0xff,
    0xe0, 0xff, 0xe0, 0xff, 0xe0, 0xff, 0xe0, 0xff, 0xe0, 0xff, 0xe0, 0xff, 0xe0, 0xff, 0xe0, 0xff,
    0xe0, 0xff, 0xe0, 0xff, 0xe0, 0xff, 0xe0, 0xff, 0xe0, 0xff, 0xe0, 0xff, 0xe0, 0xff, 0xe0, 0xff,
    0xe0, 0xff, 0xe0, 0xff, 0xe0, 0xff, 0xe0, 0xff, 0xe0, 0xff, 0xe0, 0xff, 0xe0, 0xff, 0xe0, 0xff,
    0xe0, 0xff, 0xe0, 0xff, 0xe0, 0xff, 0xe0, 0xff, 0xe0, 0xff, 0xe0, 0xff, 0xe0, 0xff, 0xe0, 0xff,
    0xe0, 0xff, 0xe0, 0xff, 0xe0, 0xff, 0xe0, 0xff, 0xe0, 0xff, 0xe0, 0xff, 0xe0, 0xff, 0xe0, 0xff,
    0xe0, 0xff, 0xe0, 0xff, 0xe0, 0xff, 0xe0, 0xff, 0xe0, 0xff, 0xe0, 0xff, 0xe0, 0xff, 0xe0, 0xff,
    0xe0, 0xff, 0xe0, 0xff, 0xe0, 0xff, 0xe0, 0xff, 0xe0, 0xff, 0xe0, 0xff, 0xe0, 0xff, 0xe0, 0xff,
    0xe0, 0xff, 0xe0, 0xff, 0xe0, 0xff, 0xe0, 0xff, 0xe0, 0xff, 0xe0, 0xff, 0xe0, 0xff, 0xe0, 0xff,
    0xe0, 0xff, 0xe0, 0xff, 0xe0, 0xff, 0xe0, 0xff, 0xe0, 0xff, 0xe0, 0xff, 0xe0, 0xff, 0xe0, 0xff,
    0xe0, 0xff, 0xe0, 0xff, 0xe0, 0xff, 0xe0, 0xff, 0xe0, 0xff, 0xe0, 0xff, 0xe0, 0xff, 0xe0, 0xff,
    0xe0, 0xff, 0x00, 0x00, 0x00, 0x00, 0x00, 0x00, 0x00, 0x00, 0x00, 0x00, 0x00, 0x00, 0x00, 0x00,
    0x00, 0x00, 0x00, 0x00, 0x00, 0x00, 0x00, 0x00, 0x00, 0x00, 0x00, 0x00, 0x00, 0x00, 0x00, 0x00,
    0x00, 0x00, 0x00, 0x00, 0x00, 0x00, 0x00, 0x00, 0x00, 0x00, 0x00, 0x00, 0x00, 0x00, 0x00, 0x00,
    0x00, 0x00, 0x00, 0x00, 0x00, 0x00, 0x00, 0x00, 0x00, 0x00, 0x00, 0x00, 0x00, 0x00, 0x00, 0x00,
    0x00, 0x00, 0x00, 0x00, 0x00, 0x00, 0x00, 0x00, 0xe0, 0xff, 0xe0, 0xff, 0xe0, 0xff, 0xe0, 0xff,
    0xe0, 0xff, 0xe0, 0xff, 0xe0, 0xff, 0xe0, 0xff, 0xe0, 0xff, 0xe0, 0xff, 0xe0, 0xff, 0xe0, 0xff,
    0xe0, 0xff, 0xe0, 0xff, 0xe0, 0xff, 0xe0, 0xff, 0xe0, 0xff, 0xe0, 0xff, 0xe0, 0xff, 0xe0, 0xff,
    0xe0, 0xff, 0xe0, 0xff, 0xe0, 0xff, 0xe0, 0xff, 0xe0, 0xff, 0xe0, 0xff, 0xe0, 0xff, 0xe0, 0xff,
    0xe0, 0xff, 0xe0, 0xff, 0xe0, 0xff, 0xe0, 0xff, 0xe0, 0xff, 0xe0, 0xff, 0xe0, 0xff, 0xe0, 0xff,
    0xe0, 0xff, 0xe0, 0xff, 0xe0, 0xff, 0xe0, 0xff, 0xe0, 0xff, 0xe0, 0xff, 0xe0, 0xff, 0xe0, 0xff,
    0xe0, 0xff, 0xe0, 0xff, 0xe0, 0xff, 0xe0, 0xff, 0xe0, 0xff, 0xe0, 0xff, 0xe0, 0xff, 0xe0, 0xff,
    0xe0, 0xff, 0xe0, 0xff, 0xe0, 0xff, 0xe0, 0xff, 0xe0, 0xff, 0xe0, 0xff, 0xe0, 0xff, 0xe0, 0xff,
    0xe0, 0xff, 0xe0, 0xff, 0xe0, 0xff, 0xe0, 0xff, 0xe0, 0xff, 0xe0, 0xff, 0xe0, 0xff, 0xe0, 0xff,
    0xe0, 0xff, 0xe0, 0xff, 0xe0, 0xff, 0xe0, 0xff, 0xe0, 0xff, 0xe0, 0xff, 0xe0, 0xff, 0xe0, 0xff,
    0xe0, 0xff, 0xe0, 0xff, 0xe0, 0xff, 0xe0, 0xff, 0xe0, 0xff, 0xe0, 0xff, 0xe0, 0xff, 0xe0, 0xff,
    0xe0, 0xff, 0xe0, 0xff, 0xe0, 0xff, 0xe0, 0xff, 0xe0, 0xff, 0xe0, 0xff, 0xe0, 0xff, 0xe0, 0xff,
    0xe0, 0xff, 0xe0, 0xff, 0xe0, 0xff, 0xe0, 0xff, 0xe0, 0xff, 0xe0, 0xff, 0xe0, 0xff, 0xe0, 0xff,
    0xe0, 0xff, 0xe0, 0xff, 0xe0, 0xff, 0xe0, 0xff, 0xe0, 0xff, 0xe0, 0xff, 0xe0, 0xff, 0xe0, 0xff,
    0xe0, 0xff, 0xe0, 0xff, 0xe0, 0xff, 0xe0, 0xff, 0xe0, 0xff, 0xe0, 0xff, 0xe0, 0xff, 0xe0, 0xff,
    0xe0, 0xff, 0xe0, 0xff, 0xe0, 0xff, 0xe0, 0xff, 0xe0, 0xff, 0xe0, 0xff, 0xe0, 0xff, 0xe0, 0xff,
    0xe0, 0xff, 0xe0, 0xff, 0xe0, 0xff, 0xe0, 0xff, 0xe0, 0xff, 0xe0, 0xff, 0xe0, 0xff, 0xe0, 0xff,
    0xe0, 0xff, 0xe0, 0xff, 0xe0, 0xff, 0xe0, 0xff, 0xe0, 0xff, 0x00, 0x00, 0x00, 0x00, 0x00, 0x00,
    0x00, 0x00, 0x00, 0x00, 0x00, 0x00, 0x00, 0x00, 0x00, 0x00, 0x00, 0x00, 0x00, 0x00, 0x00, 0x00,
    0x00, 0x00, 0x00, 0x00, 0x00, 0x00, 0x00, 0x00, 0x00, 0x00, 0x00, 0x00, 0x00, 0x00, 0x00, 0x00,
    0x00, 0x00, 0x00, 0x00, 0x00, 0x00, 0x00, 0x00, 0x00, 0x00, 0x00, 0x00, 0x00, 0x00, 0x00, 0x00,
    0x00, 0x00, 0xe0, 0xff, 0xe0, 0xff, 0xe0, 0xff, 0xe0, 0xff, 0xe0, 0xff, 0xec, 0xff, 0xf0, 0xff,
    0xed, 0xff, 0xec, 0xff, 0xea, 0xff, 0xea, 0xff, 0xe9, 0xff, 0xe9, 0xff, 0xe9, 0xff, 0xe9, 0xff,
    0xe9, 0xff, 0xe9, 0xff, 0xe9, 0xff, 0xe9, 0xff, 0xe9, 0xff, 0xe9, 0xff, 0xe9, 0xff, 0xe9, 0xff,
    0xe9, 0xff, 0xe9, 0xff, 0xe9, 0xff, 0xe9, 0xff, 0xe9, 0xff, 0xe9, 0xff, 0xe9, 0xff, 0xe9, 0xff,
    0xe9, 0xff, 0xe9, 0xff, 0xe9, 0xff, 0xe9, 0xff, 0xe9, 0xff, 0xe9, 0xff, 0xe9, 0xff, 0xe9, 0xff,
    0xe9, 0xff, 0xe9, 0xff, 0xe9, 0xff, 0xe9, 0xff, 0xe9, 0xff, 0xe9, 0xff, 0xe9, 0xff, 0xe9, 0xff,
    0xe9, 0xff, 0xe9, 0xff, 0xe9, 0xff, 0xe9, 0xff, 0xe9, 0xff, 0xe9, 0xff, 0xe9, 0xff, 0xe9, 0xff,
    0xe9, 0xff, 0xe9, 0xff, 0xe9, 0xff, 0xe9, 0xff, 0xe9, 0xff, 0xe9, 0xff, 0xe9, 0xff, 0xe9, 0xff,
    0xe9, 0xff, 0xe9, 0xff, 0xe9, 0xff, 0xe9, 0xff, 0xe9, 0xff, 0xe9, 0xff, 0xe9, 0xff, 0xe9, 0xff,
    0xe9, 0xff, 0xe9, 0xff, 0xe9, 0xff, 0xe9, 0xff, 0xe9, 0xff, 0xe9, 0xff, 0xe9, 0xff, 0xe9, 0xff,
    0xe9, 0xff, 0xe9, 0xff, 0xe9, 0xff, 0xe9, 0xff, 0xe9, 0xff, 0xe9, 0xff, 0xe9, 0xff, 0xe9, 0xff,
    0xe9, 0xff, 0xe9, 0xff, 0xe9, 0xff, 0xe9, 0xff, 0xe9, 0xff, 0xe9, 0xff, 0xe9, 0xff, 0xe9, 0xff,
    0xe9, 0xff, 0xe9, 0xff, 0xe9, 0xff, 0xe9, 0xff, 0xe9, 0xff, 0xe9, 0xff, 0xe9, 0xff, 0xe9, 0xff,
    0xe9, 0xff, 0xe9, 0xff, 0xe9, 0xff, 0xe9, 0xff, 0xe9, 0xff, 0xe9, 0xff, 0xe9, 0xff, 0xe9, 0xff,
    0xe9, 0xff, 0xe9, 0xff, 0xe9, 0xff, 0xe9, 0xff, 0xe9, 0xff, 0xe9, 0xff, 0xe9, 0xff, 0xe9, 0xff,
    0xe9, 0xff, 0xe9, 0xff, 0xe9, 0xff, 0xe9, 0xff, 0xe9, 0xff, 0xe9, 0xff, 0xe9, 0xff, 0xe9, 0xff,
    0xe9, 0xff, 0xe9, 0xff, 0xe9, 0xff, 0xea, 0xff, 0xea, 0xff, 0xec, 0xff, 0xed, 0xff, 0xf0, 0xff,
    0xec, 0xff, 0xe0, 0xff, 0xe0, 0xff, 0xe0, 0xff, 0xe0, 0xff, 0xe0, 0xff, 0xe0, 0xff, 0x00, 0x00,
    0x00, 0x00, 0x00, 0x00, 0x00, 0x00, 0x00, 0x00, 0x00, 0x00, 0x00, 0x00, 0x00, 0x00, 0x00, 0x00,
    0x00, 0x00, 0x00, 0x00, 0x00, 0x00, 0x00, 0x00, 0x00, 0x00, 0x00, 0x00, 0x00, 0x00, 0x00, 0x00,
    0x00, 0x00, 0x00, 0x00, 0x00, 0x00, 0x00, 0x00, 0x00, 0x00, 0x00, 0x00, 0x00, 0x00, 0xe0, 0xff,
    0xe0, 0xff, 0xe0, 0xff, 0xe0, 0xff, 0xf0, 0xff, 0xec, 0xff, 0xe9, 0xff, 0xea, 0xff, 0xec, 0xff,
    0xeb, 0xf7, 0xec, 0xff, 0xeb, 0xff, 0xeb, 0xf7, 0xeb, 0xff, 0xeb, 0xff, 0xeb, 0xff, 0xeb, 0xff,
    0xeb, 0xff, 0xeb, 0xff, 0xeb, 0xff, 0xeb, 0xff, 0xeb, 0xff, 0xeb, 0xff, 0xeb, 0xff, 0xeb, 0xff,
    0xeb, 0xff, 0xeb, 0xff, 0xeb, 0xff, 0xeb, 0xff, 0xeb, 0xff, 0xeb, 0xff, 0xeb, 0xff, 0xeb, 0xff,
    0xeb, 0xff, 0xeb, 0xff, 0xeb, 0xff, 0xeb, 0xff, 0xeb, 0xff, 0xeb, 0xff, 0xeb, 0xff, 0xeb, 0xff,
    0xeb, 0xff, 0xeb, 0xff, 0xeb, 0xff, 0xeb, 0xff, 0xeb, 0xff, 0xeb, 0xff, 0xeb, 0xff, 0xeb, 0xff,
    0xeb, 0xff, 0xeb, 0xff, 0xeb, 0xff, 0xeb, 0xff, 0xeb, 0xff, 0xeb, 0xff, 0xeb, 0xff, 0xeb, 0xff,
    0xeb, 0xff, 0xeb, 0xff, 0xeb, 0xff, 0xeb, 0xff, 0xeb, 0xff, 0xeb, 0xff, 0xeb, 0xff, 0xeb, 0xff,
    0xeb, 0xff, 0xeb, 0xff, 0xeb, 0xff, 0xeb, 0xff, 0xeb, 0xff, 0xeb, 0xff, 0xeb, 0xff, 0xeb, 0xff,
    0xeb, 0xff, 0xeb, 0xff, 0xeb, 0xff, 0xeb, 0xff, 0xeb, 0xff, 0xeb, 0xff, 0xeb, 0xff, 0xeb, 0xff,
    0xeb, 0xff, 0xeb, 0xff, 0xeb, 0xff, 0xeb, 0xff, 0xeb, 0xff, 0xeb, 0xff, 0xeb, 0xff, 0xeb, 0xff,
    0xeb, 0xff, 0xeb, 0xff, 0xeb, 0xff, 0xeb, 0xff, 0xeb, 0xff, 0xeb, 0xff, 0xeb, 0xff, 0xeb, 0xff,
    0xeb, 0xff, 0xeb, 0xff, 0xeb, 0xff, 0xeb, 0xff, 0xeb, 0xff, 0xeb, 0xff, 0xeb, 0xff, 0xeb, 0xff,
    0xeb, 0xff, 0xeb, 0xff, 0xeb, 0xff, 0xeb, 0xff, 0xeb, 0xff, 0xeb, 0xff, 0xeb, 0xff, 0xeb, 0xff,
    0xeb, 0xff, 0xeb, 0xff, 0xeb, 0xff, 0xeb, 0xff, 0xeb, 0xff, 0xeb, 0xff, 0xeb, 0xff, 0xeb, 0xff,
    0xeb, 0xff, 0xeb, 0xff, 0xeb, 0xff, 0xeb, 0xff, 0xeb, 0xff, 0xeb, 0xff, 0xeb, 0xff, 0xeb, 0xff,
    0xeb, 0xff, 0xeb, 0xff, 0xeb, 0xff, 0xec, 0xff, 0xeb, 0xff, 0xec, 0xff, 0xe9, 0xff, 0xea, 0xff,
    0xe9, 0xff, 0xec, 0xff, 0xf0, 0xff, 0xe0, 0xff, 0xe0, 0xff, 0xe0, 0xff, 0xe0, 0xff, 0xe0, 0xff,
    0x00, 0x00, 0x00, 0x00, 0x00, 0x00, 0x00, 0x00, 0x00, 0x00, 0x00, 0x00, 0x00, 0x00, 0x00, 0x00,
    0x00, 0x00, 0x00, 0x00, 0x00, 0x00, 0x00, 0x00, 0x00, 0x00, 0x00, 0x00, 0x00, 0x00, 0x00, 0x00,
    0x00, 0x00, 0x00, 0x00, 0x00, 0x00, 0x00, 0x00, 0x00, 0x00, 0x00, 0x00, 0xe0, 0xff, 0xe0, 0xff,
    0xe0, 0xff, 0xed, 0xff, 0xe9, 0xff, 0xe9, 0xff, 0xec, 0xff, 0xea, 0xff, 0xec, 0xf7, 0xeb, 0xf7,
    0xeb, 0xf7, 0xec, 0xf7, 0xec, 0xff, 0xeb, 0xff, 0xeb, 0xff, 0xeb, 0xff, 0xeb, 0xff, 0xeb, 0xff,
    0xeb, 0xff, 0xeb, 0xff, 0xeb, 0xff, 0xeb, 0xff, 0xeb, 0xff, 0xeb, 0xff, 0xeb, 0xff, 0xeb, 0xff,
    0xeb, 0xff, 0xeb, 0xff, 0xeb, 0xff, 0xeb, 0xff, 0xeb, 0xff, 0xeb, 0xff, 0xeb, 0xff, 0xeb, 0xff,
    0xeb, 0xff, 0xeb, 0xff, 0xeb, 0xff, 0xeb, 0xff, 0xeb, 0xff, 0xeb, 0xff, 0xeb, 0xff, 0xeb, 0xff,
    0xeb, 0xff, 0xeb, 0xff, 0xeb, 0xff, 0xeb, 0xff, 0xeb, 0xff, 0xeb, 0xff, 0xeb, 0xff, 0xeb, 0xff,
    0xeb, 0xff, 0xeb, 0xff, 0xeb, 0xff, 0xeb, 0xff, 0xeb, 0xff, 0xeb, 0xff, 0xeb, 0xff, 0xeb, 0xff,
    0xeb, 0xff, 0xeb, 0xff, 0xeb, 0xff, 0xeb, 0xff, 0xeb, 0xff, 0xeb, 0xff, 0xeb, 0xff, 0xeb, 0xff,
    0xeb, 0xff, 0xeb, 0xff, 0xeb, 0xff, 0xeb, 0xff, 0xeb, 0xff, 0xeb, 0xff, 0xeb, 0xff, 0xeb, 0xff,
    0xeb, 0xff, 0xeb, 0xff, 0xeb, 0xff, 0xeb, 0xff, 0xeb, 0xff, 0xeb, 0xff, 0xeb, 0xff, 0xeb, 0xff,
    0xeb, 0xff, 0xeb, 0xff, 0xeb, 0xff, 0xeb, 0xff, 0xeb, 0xff, 0xeb, 0xff, 0xeb, 0xff, 0xeb, 0xff,
    0xeb, 0xff, 0xeb, 0xff, 0xeb, 0xff, 0xeb, 0xff, 0xeb, 0xff, 0xeb, 0xff, 0xeb, 0xff, 0xeb, 0xff,
    0xeb, 0xff, 0xeb, 0xff, 0xeb, 0xff, 0xeb, 0xff, 0xeb, 0xff, 0xeb, 0xff, 0xeb, 0xff, 0xeb, 0xff,
    0xeb, 0xff, 0xeb, 0xff, 0xeb, 0xff, 0xeb, 0xff, 0xeb, 0xff, 0xeb, 0xff, 0xeb, 0xff, 0xeb, 0xff,
    0xeb, 0xff, 0xeb, 0xff, 0xeb, 0xff, 0xeb, 0xff, 0xeb, 0xff, 0xeb, 0xff, 0xeb, 0xff, 0xeb, 0xff,
    0xeb, 0xff, 0xeb, 0xff, 0xeb, 0xff, 0xeb, 0xff, 0xeb, 0xff, 0xeb, 0xff, 0xeb, 0xff, 0xeb, 0xff,
    0xec, 0xff, 0xec, 0xf7, 0xeb, 0xf7, 0xea, 0xf7, 0xeb, 0xf7, 0xec, 0xff, 0xea, 0xff, 0xeb, 0xf7,
    0xec, 0xff, 0xea, 0xff, 0xea, 0xff, 0xf0, 0xff, 0xe0, 0xff, 0xe0, 0xff, 0xe0, 0x87, 0xe0, 0xff,
    0x00, 0x00, 0x00, 0x00, 0x00, 0x00, 0x00, 0x00, 0x00, 0x00, 0x00, 0x00, 0x00, 0x00, 0x00, 0x00,
    0x00, 0x00, 0x00, 0x00, 0x00, 0x00, 0x00, 0x00, 0x00, 0x00, 0x00, 0x00, 0x00, 0x00, 0x00, 0x00,
    0x00, 0x00, 0x00, 0x00, 0x00, 0x00, 0x00, 0x00, 0xe0, 0xff, 0xe0, 0xff, 0xe0, 0xff, 0xed, 0xff,
    0xeb, 0xff, 0xeb, 0xff, 0xeb, 0xff, 0xea, 0xf7, 0xeb, 0xff, 0xea, 0xff, 0xeb, 0xff, 0xeb, 0xff,
    0xeb, 0xf7, 0xeb, 0xff, 0xeb, 0xff, 0xeb, 0xf7, 0xeb, 0xf7, 0xeb, 0xf7, 0xeb, 0xf7, 0xeb, 0xf7,
    0xeb, 0xf7, 0xeb, 0xf7, 0xeb, 0xf7, 0xeb, 0xf7, 0xeb, 0xf7, 0xeb, 0xf7, 0xeb, 0xf7, 0xeb, 0xf7,
    0xeb, 0xf7, 0xeb, 0xf7, 0xeb, 0xf7, 0xeb, 0xf7, 0xeb, 0xf7, 0xeb, 0xf7, 0xeb, 0xf7, 0xeb, 0xf7,
    0xeb, 0xf7, 0xeb, 0xf7, 0xeb, 0xf7, 0xeb, 0xf7, 0xeb, 0xf7, 0xeb, 0xf7, 0xeb, 0xf7, 0xeb, 0xf7,
    0xeb, 0xf7, 0xeb, 0xf7, 0xeb, 0xf7, 0xeb, 0xf7, 0xeb, 0xf7, 0xeb, 0xf7, 0xeb, 0xf7, 0xeb, 0xf7,
    0xeb, 0xf7, 0xeb, 0xf7, 0xeb, 0xf7, 0xeb, 0xf7, 0xeb, 0xf7, 0xeb, 0xf7, 0xeb, 0xf7, 0xeb, 0xf7,
    0xeb, 0xf7, 0xeb, 0xf7, 0xeb, 0xf7, 0xeb, 0xf7, 0xeb, 0xf7, 0xeb, 0xf7, 0xeb, 0xf7, 0xeb, 0xf7,
    0xeb, 0xf7, 0xeb, 0xf7, 0xeb, 0xf7, 0xeb, 0xf7, 0xeb, 0xf7, 0xeb, 0xf7, 0xeb, 0xf7, 0xeb, 0xf7,
    0xeb, 0xf7, 0xeb, 0xf7, 0xeb, 0xf7, 0xeb, 0xf7, 0xeb, 0xf7, 0xeb, 0xf7, 0xeb, 0xf7, 0xeb, 0xf7,
    0xeb, 0xf7, 0xeb, 0xf7, 0xeb, 0xf7, 0xeb, 0xf7, 0xeb, 0xf7, 0xeb, 0xf7, 0xeb, 0xf7, 0xeb, 0xf7,
    0xeb, 0xf7, 0xeb, 0xf7, 0xeb, 0xf7, 0xeb, 0xf7, 0xeb, 0xf7, 0xeb, 0xf7, 0xeb, 0xf7, 0xeb, 0xf7,
    0xeb, 0xf7, 0xeb, 0xf7, 0xeb, 0xf7, 0xeb, 0xf7, 0xeb, 0xf7, 0xeb, 0xf7, 0xeb, 0xf7, 0xeb, 0xf7,
    0xeb, 0xf7, 0xeb, 0xf7, 0xeb, 0xf7, 0xeb, 0xf7, 0xeb, 0xf7, 0xeb, 0xf7, 0xeb, 0xf7, 0xeb, 0xf7,
    0xeb, 0xf7, 0xeb, 0xf7, 0xeb, 0xf7, 0xeb, 0xf7, 0xeb, 0xf7, 0xeb, 0xf7, 0xeb, 0xf7, 0xeb, 0xf7,
    0xeb, 0xf7, 0xeb, 0xf7, 0xeb, 0xf7, 0xeb, 0xf7, 0xeb, 0xff, 0xeb, 0xff, 0xeb, 0xf7, 0xeb, 0xf7,
    0xeb, 0xf7, 0xeb, 0xff, 0xeb, 0xff, 0xeb, 0xff, 0xea, 0xff, 0xeb, 0xff, 0xeb, 0xf7, 0xeb, 0xf7,
    0xea, 0xff, 0xeb, 0xf7, 0xea, 0xff, 0xec, 0xff, 0xf0, 0xff, 0xe0, 0xff, 0xe0, 0xff, 0xe0, 0xff,
    0x00, 0x00, 0x00, 0x00, 0x00, 0x00, 0x00, 0x00, 0x00, 0x00, 0x00, 0x00, 0x00, 0x00, 0x00, 0x00,
    0x00, 0x00, 0x00, 0x00, 0x00, 0x00, 0x00, 0x00, 0x00, 0x00, 0x00, 0x00, 0x00, 0x00, 0x00, 0x00,
    0x00, 0x00, 0x00, 0x00, 0xe0, 0x07, 0xe0, 0x87, 0xe0, 0xff, 0xed, 0xff, 0xeb, 0xff, 0xec, 0xff,
    0xec, 0xff, 0xeb, 0xff, 0xec, 0xff, 0xeb, 0xff, 0xeb, 0xf7, 0xea, 0xff, 0xeb, 0xff, 0xeb, 0xff,
    0xeb, 0xff, 0xeb, 0xff, 0xeb, 0xff, 0xeb, 0xff, 0xeb, 0xff, 0xeb, 0xff, 0xeb, 0xff, 0xeb, 0xff,
    0xeb, 0xff, 0xeb, 0xff, 0xeb, 0xff, 0xeb, 0xff, 0xeb, 0xff, 0xeb, 0xff, 0xeb, 0xff, 0xeb, 0xff,
    0xeb, 0xff, 0xeb, 0xff, 0xeb, 0xff, 0xeb, 0xff, 0xeb, 0xff, 0xeb, 0xff, 0xeb, 0xff, 0xeb, 0xff,
    0xeb, 0xff, 0xeb, 0xff, 0xeb, 0xff, 0xeb, 0xff, 0xeb, 0xff, 0xeb, 0xff, 0xeb, 0xff, 0xeb, 0xff,
    0xeb, 0xff, 0xeb, 0xff, 0xeb, 0xff, 0xeb, 0xff, 0xeb, 0xff, 0xeb, 0xff, 0xeb, 0xff, 0xeb, 0xff,
    0xeb, 0xff, 0xeb, 0xff, 0xeb, 0xff, 0xeb, 0xff, 0xeb, 0xff, 0xeb, 0xff, 0xeb, 0xff, 0xeb, 0xff,
    0xeb, 0xff, 0xeb, 0xff, 0xeb, 0xff, 0xeb, 0xff, 0xeb, 0xff, 0xeb, 0xff, 0xeb, 0xff, 0xeb, 0xff,
    0xeb, 0xff, 0xeb, 0xff, 0xeb, 0xff, 0xeb, 0xff, 0xeb, 0xff, 0xeb, 0xff, 0xeb, 0xff, 0xeb, 0xff,
    0xeb, 0xff, 0xeb, 0xff, 0xeb, 0xff, 0xeb, 0xff, 0xeb, 0xff, 0xeb, 0xff, 0xeb, 0xff, 0xeb, 0xff,
    0xeb, 0xff, 0xeb, 0xff, 0xeb, 0xff, 0xeb, 0xff, 0xeb, 0xff, 0xeb, 0xff, 0xeb, 0xff, 0xeb, 0xff,
    0xeb, 0xff, 0xeb, 0xff, 0xeb, 0xff, 0xeb, 0xff, 0xeb, 0xff, 0xeb, 0xff, 0xeb, 0xff, 0xeb, 0xff,
    0xeb, 0xff, 0xeb, 0xff, 0xeb, 0xff, 0xeb, 0xff, 0xeb, 0xff, 0xeb, 0xff, 0xeb, 0xff, 0xeb, 0xff,
    0xeb, 0xff, 0xeb, 0xff, 0xeb, 0xff, 0xeb, 0xff, 0xeb, 0xff, 0xeb, 0xff, 0xeb, 0xff, 0xeb, 0xff,
    0xeb, 0xff, 0xeb, 0xff, 0xeb, 0xff, 0xeb, 0xff, 0xeb, 0xff, 0xeb, 0xff, 0xeb, 0xff, 0xeb, 0xff,
    0xeb, 0xff, 0xeb, 0xff, 0xeb, 0xff, 0xeb, 0xff, 0xeb, 0xff, 0xeb, 0xff, 0xeb, 0xff, 0xeb, 0xff,
    0xeb, 0xff, 0xeb, 0xff, 0xeb, 0xff, 0xeb, 0xf7, 0xeb, 0xff, 0xea, 0xff, 0xeb, 0xff, 0xeb, 0xff,
    0xeb, 0xf7, 0xea, 0xff, 0xec, 0xff, 0xe9, 0xff, 0xed, 0xff, 0xe0, 0xff, 0xe0, 0xff, 0xe0, 0xff,
    0x00, 0x00, 0x00, 0x00, 0x00, 0x00, 0x00, 0x00, 0x00, 0x00, 0x00, 0x00, 0x00, 0x00, 0x00, 0x00,
    0x00, 0x00, 0x00, 0x00, 0x00, 0x00, 0x00, 0x00, 0x00, 0x00, 0x00, 0x00, 0x00, 0x00, 0x00, 0x00,
    0x00, 0x00, 0xe0, 0xff, 0xe0, 0xff, 0xec, 0xff, 0xe9, 0xff, 0xeb, 0xff, 0xec, 0xff, 0xeb, 0xff,
    0xea, 0xff, 0xeb, 0xf7, 0xeb, 0xff, 0xeb, 0xf7, 0xeb, 0xf7, 0xeb, 0xff, 0xeb, 0xff, 0xeb, 0xff,
    0xeb, 0xff, 0xeb, 0xff, 0xeb, 0xff, 0xeb, 0xff, 0xeb, 0xff, 0xeb, 0xff, 0xeb, 0xff, 0xeb, 0xff,
    0xeb, 0xff, 0xeb, 0xff, 0xeb, 0xff, 0xeb, 0xff, 0xeb, 0xff, 0xeb, 0xff, 0xeb, 0xff, 0xeb, 0xff,
    0xeb, 0xff, 0xeb, 0xff, 0xeb, 0xff, 0xeb, 0xff, 0xeb, 0xff, 0xeb, 0xff, 0xeb, 0xff, 0xeb, 0xff,
    0xeb, 0xff, 0xeb, 0xff, 0xeb, 0xff, 0xeb, 0xff, 0xeb, 0xff, 0xeb, 0xff, 0xeb, 0xff, 0xeb, 0xff,
    0xeb, 0xff, 0xeb, 0xff, 0xeb, 0xff, 0xeb, 0xff, 0xeb, 0xff, 0xeb, 0xff, 0xeb, 0xff, 0xeb, 0xff,
    0xeb, 0xff, 0xeb, 0xff, 0xeb, 0xff, 0xeb, 0xff, 0xeb, 0xff, 0xeb, 0xff, 0xeb, 0xff, 0xeb, 0xff,
    0xeb, 0xff, 0xeb, 0xff, 0xeb, 0xff, 0xeb, 0xff, 0xeb, 0xff, 0xeb, 0xff, 0xeb, 0xff, 0xeb, 0xff,
    0xeb, 0xff, 0xeb, 0xff, 0xeb, 0xff, 0xeb, 0xff, 0xeb, 0xff, 0xeb, 0xff, 0xeb, 0xff, 0xeb, 0xff,
    0xeb, 0xff, 0xeb, 0xff, 0xeb, 0xff, 0xeb, 0xff, 0xeb, 0xff, 0xeb, 0xff, 0xeb, 0xff, 0xeb, 0xff,
    0xeb, 0xff, 0xeb, 0xff, 0xeb, 0xff, 0xeb, 0xff, 0xeb, 0xff, 0xeb, 0xff, 0xeb, 0xff, 0xeb, 0xff,
    0xeb, 0xff, 0xeb, 0xff, 0xeb, 0xff, 0xeb, 0xff, 0xeb, 0xff, 0xeb, 0xff, 0xeb, 0xff, 0xeb, 0xff,
    0xeb, 0xff, 0xeb, 0xff, 0xeb, 0xff, 0xeb, 0xff, 0xeb, 0xff, 0xeb, 0xff, 0xeb, 0xff, 0xeb, 0xff,
    0xeb, 0xff, 0xeb, 0xff, 0xeb, 0xff, 0xeb, 0xff, 0xeb, 0xff, 0xeb, 0xff, 0xeb, 0xff, 0xeb, 0xff,
    0xeb, 0xff, 0xeb, 0xff, 0xeb, 0xff, 0xeb, 0xff, 0xeb, 0xff, 0xeb, 0xff, 0xeb, 0xff, 0xeb, 0xff,
    0xeb, 0xff, 0xeb, 0xff, 0xeb, 0xff, 0xeb, 0xff, 0xeb, 0xff, 0xeb, 0xff, 0xeb, 0xff, 0xeb, 0xff,
    0xeb, 0xf7, 0xeb, 0xf7, 0xeb, 0xf7, 0xeb, 0xff, 0xeb, 0xff, 0xeb, 0xf7, 0xec, 0xff, 0xeb, 0xff,
    0xec, 0xf7, 0xec, 0xf7, 0xeb, 0xff, 0xeb, 0xff, 0xed, 0xff, 0xe0, 0xff, 0xe0, 0xff, 0xe0, 0xff,
    0x00, 0x00, 0x00, 0x00, 0x00, 0x00, 0x00, 0x00, 0x00, 0x00, 0x00, 0x00, 0x00, 0x00, 0x00, 0x00,
    0x00, 0x00, 0x00, 0x00, 0x00, 0x00, 0x00, 0x00, 0x00, 0x00, 0x00, 0x00, 0x00, 0x00, 0x00, 0x00,
    0xe0, 0x87, 0xe0, 0xff, 0xec, 0xff, 0xed, 0xff, 0xea, 0xf7, 0xeb, 0xff, 0xeb, 0xf7, 0xeb, 0xf7,
    0xeb, 0xff, 0xeb, 0xf7, 0xeb, 0xff, 0xeb, 0xf7, 0xec, 0xff, 0xeb, 0xff, 0xec, 0xff, 0xec, 0xff,
    0xec, 0xff, 0xec, 0xff, 0xec, 0xff, 0xec, 0xff, 0xec, 0xff, 0xec, 0xff, 0xec, 0xff, 0xec, 0xff,
    0xec, 0xff, 0xec, 0xff, 0xec, 0xff, 0xec, 0xff, 0xec, 0xff, 0xec, 0xff, 0xec, 0xff, 0xec, 0xff,
    0xec, 0xff, 0xec, 0xff, 0xec, 0xff, 0xec, 0xff, 0xec, 0xff, 0xec, 0xff, 0xec, 0xff, 0xec, 0xff,
    0xec, 0xff, 0xec, 0xff, 0xec, 0xff, 0xec, 0xff, 0xec, 0xff, 0xec, 0xff, 0xec, 0xff, 0xec, 0xff,
    0xec, 0xff, 0xec, 0xff, 0xec, 0xff, 0xec, 0xff, 0xec, 0xff, 0xec, 0xff, 0xec, 0xff, 0xec, 0xff,
    0xec, 0xff, 0xec, 0xff, 0xec, 0xff, 0xec, 0xff, 0xec, 0xff, 0xec, 0xff, 0xec, 0xff, 0xec, 0xff,
    0xec, 0xff, 0xec, 0xff, 0xec, 0xff, 0xec, 0xff, 0xec, 0xff, 0xec, 0xff, 0xec, 0xff, 0xec, 0xff,
    0xec, 0xff, 0xec, 0xff, 0xec, 0xff, 0xec, 0xff, 0xec, 0xff, 0xec, 0xff, 0xec, 0xff, 0xec, 0xff,
    0xec, 0xff, 0xec, 0xff, 0xec, 0xff, 0xec, 0xff, 0xec, 0xff, 0xec, 0xff, 0xec, 0xff, 0xec, 0xff,
    0xec, 0xff, 0xec, 0xff, 0xec, 0xff, 0xec, 0xff, 0xec, 0xff, 0xec, 0xff, 0xec, 0xff, 0xec, 0xff,
    0xec, 0xff, 0xec, 0xff, 0xec, 0xff, 0xec, 0xff, 0xec, 0xff, 0xec, 0xff, 0xec, 0xff, 0xec, 0xff,
    0xec, 0xff, 0xec, 0xff, 0xec, 0xff, 0xec, 0xff, 0xec, 0xff, 0xec, 0xff, 0xec, 0xff, 0xec, 0xff,
    0xec, 0xff, 0xec, 0xff, 0xec, 0xff, 0xec, 0xff, 0xec, 0xff, 0xec, 0xff, 0xec, 0xff, 0xec, 0xff,
    0xec, 0xff, 0xec, 0xff, 0xec, 0xff, 0xec, 0xff, 0xec, 0xff, 0xec, 0xff, 0xec, 0xff, 0xec, 0xff,
    0xec, 0xff, 0xec, 0xff, 0xec, 0xff, 0xec, 0xff, 0xec, 0xff, 0xeb, 0xff, 0xec, 0xff, 0xec, 0xf7,
    0xeb, 0xf7, 0xeb, 0xf7, 0xeb, 0xff, 0xeb, 0xf7, 0xeb, 0xff, 0xeb, 0xff, 0xeb, 0xf7, 0xeb, 0xff,
    0xeb, 0xff, 0xeb, 0xf7, 0xec, 0xff, 0xea, 0xff, 0xed, 0xff, 0xe0, 0xff, 0xe0, 0xff, 0xe0, 0xff,
    0x00, 0x00, 0x00, 0x00, 0x00, 0x00, 0x00, 0x00, 0x00, 0x00, 0x00, 0x00, 0x00, 0x00, 0x00, 0x00,
    0x00, 0x00, 0x00, 0x00, 0x00, 0x00, 0x00, 0x00, 0x00, 0x00, 0x00, 0x00, 0xe0, 0xff, 0xe0, 0xff,
    0xf0, 0xff, 0xeb, 0xff, 0xeb, 0xff, 0xeb, 0xf7, 0xeb, 0xff, 0xeb, 0xf7, 0xeb, 0xff, 0xeb, 0xff,
    0xec, 0xf7, 0xec, 0xff, 0xed, 0xff, 0xee, 0xff, 0xee, 0xff, 0xed, 0xff, 0xee, 0xff, 0xee, 0xff,
    0xee, 0xff, 0xee, 0xff, 0xed, 0xff, 0xed, 0xff, 0xed, 0xff, 0xed, 0xff, 0xed, 0xff, 0xed, 0xff,
    0xed, 0xff, 0xed, 0xff, 0xed, 0xff, 0xed, 0xff, 0xed, 0xff, 0xed, 0xff, 0xed, 0xff, 0xed, 0xff,
    0xed, 0xff, 0xed, 0xff, 0xed, 0xff, 0xed, 0xff, 0xed, 0xff, 0xed, 0xff, 0xed, 0xff, 0xed, 0xff,
    0xed, 0xff, 0xed, 0xff, 0xed, 0xff, 0xed, 0xff, 0xed, 0xff, 0xed, 0xff, 0xed, 0xff, 0xed, 0xff,
    0xed, 0xff, 0xed, 0xff, 0xed, 0xff, 0xed, 0xff, 0xed, 0xff, 0xed, 0xff, 0xed, 0xff, 0xed, 0xff,
    0xed, 0xff, 0xed, 0xff, 0xed, 0xff, 0xed, 0xff, 0xed, 0xff, 0xed, 0xff, 0xed, 0xff, 0xed, 0xff,
    0xed, 0xff, 0xed, 0xff, 0xed, 0xff, 0xed, 0xff, 0xed, 0xff, 0xed, 0xff, 0xed, 0xff, 0xed, 0xff,
    0xed, 0xff, 0xed, 0xff, 0xed, 0xff, 0xed, 0xff, 0xed, 0xff, 0xed, 0xff, 0xed, 0xff, 0xed, 0xff,
    0xed, 0xff, 0xed, 0xff, 0xed, 0xff, 0xed, 0xff, 0xed, 0xff, 0xed, 0xff, 0xed, 0xff, 0xed, 0xff,
    0xed, 0xff, 0xed, 0xff, 0xed, 0xff, 0xed, 0xff, 0xed, 0xff, 0xed, 0xff, 0xed, 0xff, 0xed, 0xff,
    0xed, 0xff, 0xed, 0xff, 0xed, 0xff, 0xed, 0xff, 0xed, 0xff, 0xed, 0xff, 0xed, 0xff, 0xed, 0xff,
    0xed, 0xff, 0xed, 0xff, 0xed, 0xff, 0xed, 0xff, 0xed, 0xff, 0xed, 0xff, 0xed, 0xff, 0xed, 0xff,
    0xed, 0xff, 0xed, 0xff, 0xed, 0xff, 0xed, 0xff, 0xed, 0xff, 0xed, 0xff, 0xed, 0xff, 0xed, 0xff,
    0xed, 0xff, 0xed, 0xff, 0xed, 0xff, 0xed, 0xff, 0xed, 0xff, 0xed, 0xff, 0xed, 0xff, 0xed, 0xff,
    0xed, 0xff, 0xed, 0xff, 0xed, 0xff, 0xed, 0xff, 0xee, 0xff, 0xee, 0xff, 0xed, 0xff, 0xed, 0xff,
    0xec, 0xff, 0xec, 0xff, 0xeb, 0xff, 0xeb, 0xff, 0xeb, 0xf7, 0xeb, 0xff, 0xeb, 0xff, 0xec, 0xff,
    0xeb, 0xff, 0xeb, 0xf7, 0xec, 0xff, 0xeb, 0xff, 0xed, 0xff, 0xe0, 0xff, 0xe0, 0xff, 0xe0, 0xff,
    0x00, 0x00, 0x00, 0x00, 0x00, 0x00, 0x00, 0x00, 0x00, 0x00, 0x00, 0x00, 0x00, 0x00, 0x00, 0x00,
    0x00, 0x00, 0x00, 0x00, 0x00, 0x00, 0x00, 0x00, 0x00, 0x00, 0xe0, 0x87, 0xe0, 0xff, 0xec, 0xff,
    0xec, 0xff, 0xeb, 0xf7, 0xea, 0xff, 0xeb, 0xf7, 0xeb, 0xff, 0xeb, 0xff, 0xeb, 0xf7, 0xed, 0xff,
    0xee, 0xff, 0xf0, 0xff, 0xf0, 0xff, 0xf0, 0xff, 0xf0, 0xff, 0xf0, 0xff, 0xf0, 0xff, 0xf0, 0xff,
    0xf0, 0xff, 0xf0, 0xff, 0xf0, 0xff, 0xf0, 0xff, 0xf0, 0xff, 0xf0, 0xff, 0xf0, 0xff, 0xf0, 0xff,
    0xf0, 0xff, 0xf0, 0xff, 0xf0, 0xff, 0xf0, 0xff, 0xf0, 0xff, 0xf0, 0xff, 0xf0, 0xff, 0xf0, 0xff,
    0xf0, 0xff, 0xf0, 0xff, 0xf0, 0xff, 0xf0, 0xff, 0xf0, 0xff, 0xf0, 0xff, 0xf0, 0xff, 0xf0, 0xff,
    0xf0, 0xff, 0xf0, 0xff, 0xf0, 0xff, 0xf0, 0xff, 0xf0, 0xff, 0xf0, 0xff, 0xf0, 0xff, 0xf0, 0xff,
    0xf0, 0xff, 0xf0, 0xff, 0xf0, 0xff, 0xf0, 0xff, 0xf0, 0xff, 0xf0, 0xff, 0xf0, 0xff, 0xf0, 0xff,
    0xf0, 0xff, 0xf0, 0xff, 0xf0, 0xff, 0xf0, 0xff, 0xf0, 0xff, 0xf0, 0xff, 0xf0, 0xff, 0xf0, 0xff,
    0xf0, 0xff, 0xf0, 0xff, 0xf0, 0xff, 0xf0, 0xff, 0xf0, 0xff, 0xf0, 0xff, 0xf0, 0xff, 0xf0, 0xff,
    0xf0, 0xff, 0xf0, 0xff, 0xf0, 0xff, 0xf0, 0xff, 0xf0, 0xff, 0xf0, 0xff, 0xf0, 0xff, 0xf0, 0xff,
    0xf0, 0xff, 0xf0, 0xff, 0xf0, 0xff, 0xf0, 0xff, 0xf0, 0xff, 0xf0, 0xff, 0xf0, 0xff, 0xf0, 0xff,
    0xf0, 0xff, 0xf0, 0xff, 0xf0, 0xff, 0xf0, 0xff, 0xf0, 0xff, 0xf0, 0xff, 0xf0, 0xff, 0xf0, 0xff,
    0xf0, 0xff, 0xf0, 0xff, 0xf0, 0xff, 0xf0, 0xff, 0xf0, 0xff, 0xf0, 0xff, 0xf0, 0xff, 0xf0, 0xff,
    0xf0, 0xff, 0xf0, 0xff, 0xf0, 0xff, 0xf0, 0xff, 0xf0, 0xff, 0xf0, 0xff, 0xf0, 0xff, 0xf0, 0xff,
    0xf0, 0xff, 0xf0, 0xff, 0xf0, 0xff, 0xf0, 0xff, 0xf0, 0xff, 0xf0, 0xff, 0xf0, 0xff, 0xf0, 0xff,
    0xf0, 0xff, 0xf0, 0xff, 0xf0, 0xff, 0xf0, 0xff, 0xf0, 0xff, 0xf0, 0xff, 0xf0, 0xff, 0xf0, 0xff,
    0xf0, 0xff, 0xf0, 0xff, 0xf0, 0xff, 0xf0, 0xff, 0xf0, 0xff, 0xf0, 0xff, 0xef, 0xff, 0xef, 0xff,
    0xee, 0xff, 0xed, 0xff, 0xec, 0xff, 0xeb, 0xf7, 0xeb, 0xff, 0xeb, 0xff, 0xeb, 0xff, 0xeb, 0xff,
    0xeb, 0xff, 0xeb, 0xff, 0xeb, 0xff, 0xe9, 0xff, 0xf0, 0xff, 0xe0, 0xff, 0xe0, 0xff, 0x00, 0x00,
    0x00, 0x00, 0x00, 0x00, 0x00, 0x00, 0x00, 0x00, 0x00, 0x00, 0x00, 0x00, 0x00, 0x00, 0x00, 0x00,
    0x00, 0x00, 0x00, 0x00, 0x00, 0x00, 0xe0, 0xff, 0xe0, 0xff, 0xf0, 0xff, 0xea, 0xff, 0xea, 0xff,
    0xec, 0xff, 0xeb, 0xff, 0xeb, 0xff, 0xeb, 0xf7, 0xeb, 0xff, 0xec, 0xff, 0xee, 0xff, 0xf0, 0xff,
    0xf0, 0xff, 0xef, 0xff, 0xef, 0xff, 0xef, 0xff, 0xef, 0xff, 0xef, 0xff, 0xef, 0xff, 0xef, 0xff,
    0xef, 0xff, 0xef, 0xff, 0xef, 0xff, 0xef, 0xff, 0xef, 0xff, 0xef, 0xff, 0xef, 0xff, 0xef, 0xff,
    0xef, 0xff, 0xef, 0xff, 0xef, 0xff, 0xef, 0xff, 0xef, 0xff, 0xef, 0xff, 0xef, 0xff, 0xef, 0xff,
    0xef, 0xff, 0xef, 0xff, 0xef, 0xff, 0xef, 0xff, 0xef, 0xff, 0xef, 0xff, 0xef, 0xff, 0xef, 0xff,
    0xef, 0xff, 0xef, 0xff, 0xef, 0xff, 0xef, 0xff, 0xef, 0xff, 0xef, 0xff, 0xef, 0xff, 0xef, 0xff,
    0xef, 0xff, 0xef, 0xff, 0xef, 0xff, 0xef, 0xff, 0xef, 0xff, 0xef, 0xff, 0xef, 0xff, 0xef, 0xff,
    0xef, 0xff, 0xef, 0xff, 0xef, 0xff, 0xef, 0xff, 0xef, 0xff, 0xef, 0xff, 0xef, 0xff, 0xef, 0xff,
    0xef, 0xff, 0xef, 0xff, 0xef, 0xff, 0xef, 0xff, 0xef, 0xff, 0xef, 0xff, 0xef, 0xff, 0xef, 0xff,
    0xef, 0xff, 0xef, 0xff, 0xef, 0xff, 0xef, 0xff, 0xef, 0xff, 0xef, 0xff, 0xef, 0xff, 0xef, 0xff,
    0xef, 0xff, 0xef, 0xff, 0xef, 0xff, 0xef, 0xff, 0xef, 0xff, 0xef, 0xff, 0xef, 0xff, 0xef, 0xff,
    0xef, 0xff, 0xef, 0xff, 0xef, 0xff, 0xef, 0xff, 0xef, 0xff, 0xef, 0xff, 0xef, 0xff, 0xef, 0xff,
    0xef, 0xff, 0xef, 0xff, 0xef, 0xff, 0xef, 0xff, 0xef, 0xff, 0xef, 0xff, 0xef, 0xff, 0xef, 0xff,
    0xef, 0xff, 0xef, 0xff, 0xef, 0xff, 0xef, 0xff, 0xef, 0xff, 0xef, 0xff, 0xef, 0xff, 0xef, 0xff,
    0xef, 0xff, 0xef, 0xff, 0xef, 0xff, 0xef, 0xff, 0xef, 0xff, 0xef, 0xff, 0xef, 0xff, 0xef, 0xff,
    0xef, 0xff, 0xef, 0xff, 0xef, 0xff, 0xef, 0xff, 0xef, 0xff, 0xef, 0xff, 0xef, 0xff, 0xef, 0xff,
    0xef, 0xff, 0xef, 0xff, 0xef, 0xff, 0xf0, 0xff, 0xf2, 0xff, 0xf2, 0xff, 0xf1, 0xff, 0xf0, 0xff,
    0xef, 0xff, 0xee, 0xff, 0xec, 0xff, 0xec, 0xf7, 0xeb, 0xff, 0xeb, 0xf7, 0xeb, 0xff, 0xec, 0xff,
    0xeb, 0xff, 0xec, 0xf7, 0xec, 0xff, 0xea, 0xff, 0xf0, 0xff, 0xe0, 0xff, 0xe0, 0xff, 0x00, 0x00,
    0x00, 0x00, 0x00, 0x00, 0x00, 0x00, 0x00, 0x00, 0x00, 0x00, 0x00, 0x00, 0x00, 0x00, 0x00, 0x00,
    0x00, 0x00, 0x00, 0x00, 0xe0, 0x87, 0xe0, 0xff, 0xec, 0xff, 0xec, 0xff, 0xeb, 0xff, 0xeb, 0xff,
    0xeb, 0xf7, 0xeb, 0xff, 0xeb, 0xff, 0xeb, 0xff, 0xed, 0xff, 0xf0, 0xff, 0xf2, 0xff, 0xea, 0xff,
    0xe8, 0xff, 0xe8, 0xff, 0xe8, 0xff, 0xe8, 0xff, 0xe8, 0xff, 0xe8, 0xff, 0xe8, 0xff, 0xe8, 0xff,
    0xe8, 0xff, 0xe8, 0xff, 0xe8, 0xff, 0xe8, 0xff, 0xe8, 0xff, 0xe8, 0xff, 0xe8, 0xff, 0xe8, 0xff,
    0xe8, 0xff, 0xe8, 0xff, 0xe8, 0xff, 0xe8, 0xff, 0xe8, 0xff, 0xe8, 0xff, 0xe8, 0xff, 0xe8, 0xff,
    0xe8, 0xff, 0xe8, 0xff, 0xe8, 0xff, 0xe8, 0xff, 0xe8, 0xff, 0xe8, 0xff, 0xe8, 0xff, 0xe8, 0xff,
    0xe8, 0xff, 0xe8, 0xff, 0xe8, 0xff, 0xe8, 0xff, 0xe8, 0xff, 0xe8, 0xff, 0xe8, 0xff, 0xe8, 0xff,
    0xe8, 0xff, 0xe8, 0xff, 0xe8, 0xff, 0xe8, 0xff, 0xe8, 0xff, 0xe8, 0xff, 0xe8, 0xff, 0xe8, 0xff,
    0xe8, 0xff, 0xe8, 0xff, 0xe8, 0xff, 0xe8, 0xff, 0xe8, 0xff, 0xe8, 0xff, 0xe8, 0xff, 0xe8, 0xff,
    0xe8, 0xff, 0xe8, 0xff, 0xe8, 0xff, 0xe8, 0xff, 0xe8, 0xff, 0xe8, 0xff, 0xe8, 0xff, 0xe8, 0xff,
    0xe8, 0xff, 0xe8, 0xff, 0xe8, 0xff, 0xe8, 0xff, 0xe8, 0xff, 0xe8, 0xff, 0xe8, 0xff, 0xe8, 0xff,
    0xe8, 0xff, 0xe8, 0xff, 0xe8, 0xff, 0xe8, 0xff, 0xe8, 0xff, 0xe8, 0xff, 0xe8, 0xff, 0xe8, 0xff,
    0xe8, 0xff, 0xe8, 0xff, 0xe8, 0xff, 0xe8, 0xff, 0xe8, 0xff, 0xe8, 0xff, 0xe8, 0xff, 0xe8, 0xff,
    0xe8, 0xff, 0xe8, 0xff, 0xe8, 0xff, 0xe8, 0xff, 0xe8, 0xff, 0xe8, 0xff, 0xe8, 0xff, 0xe8, 0xff,
    0xe8, 0xff, 0xe8, 0xff, 0xe8, 0xff, 0xe8, 0xff, 0xe8, 0xff, 0xe8, 0xff, 0xe8, 0xff, 0xe8, 0xff,
    0xe8, 0xff, 0xe8, 0xff, 0xe8, 0xff, 0xe8, 0xff, 0xe8, 0xff, 0xe8, 0xff, 0xe8, 0xff, 0xe8, 0xff,
    0xe8, 0xff, 0xe8, 0xff, 0xe8, 0xff, 0xe8, 0xff, 0xe8, 0xff, 0xe8, 0xff, 0xe8, 0xff, 0xe8, 0xff,
    0xe8, 0xff, 0xe8, 0xff, 0xe8, 0xff, 0xe9, 0xff, 0xea, 0xff, 0xec, 0xff, 0xf0, 0xff, 0xf1, 0xff,
    0xf0, 0xff, 0xee, 0xff, 0xed, 0xff, 0xec, 0xff, 0xeb, 0xff, 0xeb, 0xf7, 0xeb, 0xff, 0xeb, 0xff,
    0xec, 0xff, 0xea, 0xff, 0xea, 0xff, 0xf0, 0xff, 0xe0, 0xff, 0xe0, 0xff, 0x00, 0x00, 0x00, 0x00,
    0x00, 0x00, 0x00, 0x00, 0x00, 0x00, 0x00, 0x00, 0x00, 0x00, 0x00, 0x00, 0x00, 0x00, 0x00, 0x00,
    0x00, 0x00, 0xe0, 0xff, 0xf0, 0xff, 0xea, 0xff, 0xea, 0xff, 0xeb, 0xff, 0xec, 0xff, 0xeb, 0xff,
    0xeb, 0xf7, 0xeb, 0xf7, 0xec, 0xff, 0xee, 0xff, 0xf1, 0xff, 0xee, 0xff, 0xe8, 0xff, 0xe8, 0xff,
    0xe8, 0xff, 0xe8, 0xff, 0xe8, 0xff, 0xe8, 0xff, 0xe8, 0xff, 0xe8, 0xff, 0xe8, 0xff, 0xe8, 0xff,
    0xe8, 0xff, 0xe8, 0xff, 0xe8, 0xff, 0xe8, 0xff, 0xe8, 0xff, 0xe8, 0xff, 0xe8, 0xff, 0xe8, 0xff,
    0xe8, 0xff, 0xe8, 0xff, 0xe8, 0xff, 0xe8, 0xff, 0xe8, 0xff, 0xe8, 0xff, 0xe8, 0xff, 0xe8, 0xff,
    0xe8, 0xff, 0xe8, 0xff, 0xe8, 0xff, 0xe8, 0xff, 0xe8, 0xff, 0xe8, 0xff, 0xe8, 0xff, 0xe8, 0xff,
    0xe8, 0xff, 0xe8, 0xff, 0xe8, 0xff, 0xe8, 0xff, 0xe8, 0xff, 0xe8, 0xff, 0xe8, 0xff, 0xe8, 0xff,
    0xe8, 0xff, 0xe8, 0xff, 0xe8, 0xff, 0xe8, 0xff, 0xe8, 0xff, 0xe8, 0xff, 0xe8, 0xff, 0xe8, 0xff,
    0xe8, 0xff, 0xe8, 0xff, 0xe8, 0xff, 0xe8, 0xff, 0xe8, 0xff, 0xe8, 0xff, 0xe8, 0xff, 0xe8, 0xff,
    0xe8, 0xff, 0xe8, 0xff, 0xe8, 0xff, 0xe8, 0xff, 0xe8, 0xff, 0xe8, 0xff, 0xe8, 0xff, 0xe8, 0xff,
    0xe8, 0xff, 0xe8, 0xff, 0xe8, 0xff, 0xe8, 0xff, 0xe8, 0xff, 0xe8, 0xff, 0xe8, 0xff, 0xe8, 0xff,
    0xe8, 0xff, 0xe8, 0xff, 0xe8, 0xff, 0xe8, 0xff, 0xe8, 0xff, 0xe8, 0xff, 0xe8, 0xff, 0xe8, 0xff,
    0xe8, 0xff, 0xe8, 0xff, 0xe8, 0xff, 0xe8, 0xff, 0xe8, 0xff, 0xe8, 0xff, 0xe8, 0xff, 0xe8, 0xff,
    0xe8, 0xff, 0xe8, 0xff, 0xe8, 0xff, 0xe8, 0xff, 0xe8, 0xff, 0xe8, 0xff, 0xe8, 0xff, 0xe8, 0xff,
    0xe8, 0xff, 0xe8, 0xff, 0xe8, 0xff, 0xe8, 0xff, 0xe8, 0xff, 0xe8, 0xff, 0xe8, 0xff, 0xe8, 0xff,
    0xe8, 0xff, 0xe8, 0xff, 0xe8, 0xff, 0xe8, 0xff, 0xe8, 0xff, 0xe8, 0xff, 0xe8, 0xff, 0xe8, 0xff,
    0xe8, 0xff, 0xe8, 0xff, 0xe8, 0xff, 0xe8, 0xff, 0xe8, 0xff, 0xe8, 0xff, 0xe8, 0xff, 0xe8, 0xff,
    0xe8, 0xff, 0xe8, 0xff, 0xe8, 0xff, 0xe8, 0xff, 0xe8, 0xff, 0xe9, 0xff, 0xed, 0xff, 0xf1, 0xff,
    0xf0, 0xff, 0xef, 0xff, 0xed, 0xff, 0xec, 0xf7, 0xeb, 0xff, 0xeb, 0xf7, 0xeb, 0xf7, 0xeb, 0xff,
    0xeb, 0xff, 0xeb, 0xff, 0xea, 0xff, 0xe0, 0xff, 0xe0, 0xff, 0x00, 0x00, 0x00, 0x00, 0x00, 0x00,
    0x00, 0x00, 0x00, 0x00, 0x00, 0x00, 0x00, 0x00, 0x00, 0x00, 0x00, 0x00, 0x00, 0x00, 0x00, 0x00,
    0xe0, 0xff, 0xec, 0xff, 0xec, 0xff, 0xeb, 0xff, 0xeb, 0xff, 0xeb, 0xf7, 0xeb, 0xf7, 0xeb, 0xff,
    0xec, 0xff, 0xed, 0xff, 0xf0, 0xff, 0xf1, 0xff, 0xea, 0xff, 0xe8, 0xff, 0xe8, 0xff, 0xe8, 0xff,
    0xe8, 0xff, 0xe8, 0xff, 0xe8, 0xff, 0xe8, 0xff, 0xe8, 0xff, 0xe8, 0xff, 0xe8, 0xff, 0xe8, 0xff,
    0xe8, 0xff, 0xe8, 0xff, 0xe8, 0xff, 0xe8, 0xff, 0xe8, 0xff, 0xe8, 0xff, 0xe8, 0xff, 0xe8, 0xff,
    0xe8, 0xff, 0xe8, 0xff, 0xe8, 0xff, 0xe8, 0xff, 0xe8, 0xff, 0xe8, 0xff, 0xe8, 0xff, 0xe8, 0xff,
    0xe8, 0xff, 0xe8, 0xff, 0xe8, 0xff, 0xe8, 0xff, 0xe8, 0xff, 0xe8, 0xff, 0xe8, 0xff, 0xe8, 0xff,
    0xe8, 0xff, 0xe8, 0xff, 0xe8, 0xff, 0xe8, 0xff, 0xe8, 0xff, 0xe8, 0xff, 0xe8, 0xff, 0xe8, 0xff,
    0xe8, 0xff, 0xe8, 0xff, 0xe8, 0xff, 0xe8, 0xff, 0xe8, 0xff, 0xe8, 0xff, 0xe8, 0xff, 0xe8, 0xff,
    0xe8, 0xff, 0xe8, 0xff, 0xe8, 0xff, 0xe8, 0xff, 0xe8, 0xff, 0xe8, 0xff, 0xe8, 0xff, 0xe8, 0xff,
    0xe8, 0xff, 0xe8, 0xff, 0xe8, 0xff, 0xe8, 0xff, 0xe8, 0xff, 0xe8, 0xff, 0xe8, 0xff, 0xe8, 0xff,
    0xe8, 0xff, 0xe8, 0xff, 0xe8, 0xff, 0xe8, 0xff, 0xe8, 0xff, 0xe8, 0xff, 0xe8, 0xff, 0xe8, 0xff,
    0xe8, 0xff, 0xe8, 0xff, 0xe8, 0xff, 0xe8, 0xff, 0xe8, 0xff, 0xe8, 0xff, 0xe8, 0xff, 0xe8, 0xff,
    0xe8, 0xff, 0xe8, 0xff, 0xe8, 0xff, 0xe8, 0xff, 0xe8, 0xff, 0xe8, 0xff, 0xe8, 0xff, 0xe8, 0xff,
    0xe8, 0xff, 0xe8, 0xff, 0xe8, 0xff, 0xe8, 0xff, 0xe8, 0xff, 0xe8, 0xff, 0xe8, 0xff, 0xe8, 0xff,
    0xe8, 0xff, 0xe8, 0xff, 0xe8, 0xff, 0xe8, 0xff, 0xe8, 0xff, 0xe8, 0xff, 0xe8, 0xff, 0xe8, 0xff,
    0xe8, 0xff, 0xe8, 0xff, 0xe8, 0xff, 0xe8, 0xff, 0xe8, 0xff, 0xe8, 0xff, 0xe8, 0xff, 0xe8, 0xff,
    0xe8, 0xff, 0xe8, 0xff, 0xe8, 0xff, 0xe8, 0xff, 0xe8, 0xff, 0xe8, 0xff, 0xe8, 0xff, 0xe8, 0xff,
    0xe8, 0xff, 0xe8, 0xff, 0xe8, 0xff, 0xe8, 0xff, 0xe8, 0xff, 0xe8, 0xff, 0xea, 0xff, 0xf0, 0xff,
    0xf0, 0xff, 0xee, 0xff, 0xec, 0xff, 0xeb, 0xf7, 0xeb, 0xf7, 0xeb, 0xff, 0xeb, 0xf7, 0xeb, 0xff,
    0xea, 0xff, 0xea, 0xff, 0xf0, 0xff, 0xe0, 0xff, 0xe0, 0xff, 0x00, 0x00, 0x00, 0x00, 0x00, 0x00,
    0x00, 0x00, 0x00, 0x00, 0x00, 0x00, 0x00, 0x00, 0x00, 0x00, 0x00, 0x00, 0x00, 0x00, 0xf0, 0xff,
    0xea, 0xff, 0xea, 0xff, 0xeb, 0xff, 0xec, 0xf7, 0xeb, 0xff, 0xeb, 0xf7, 0xeb, 0xf7, 0xec, 0xff,
    0xee, 0xff, 0xf1, 0xff, 0xee, 0xff, 0xe8, 0xff, 0xe8, 0xff, 0xe8, 0xff, 0xe8, 0xff, 0xe8, 0xff,
    0xe8, 0xff, 0xe8, 0xff, 0xe8, 0xff, 0xe8, 0xff, 0xe8, 0xff, 0xe8, 0xff, 0xe8, 0xff, 0xe8, 0xff,
    0xe8, 0xff, 0xe8, 0xff, 0xe8, 0xff, 0xe8, 0xff, 0xe8, 0xff, 0xe8, 0xff, 0xe8, 0xff, 0xe8, 0xff,
    0xe8, 0xff, 0xe8, 0xff, 0xe8, 0xff, 0xe8, 0xff, 0xe8, 0xff, 0xe8, 0xff, 0xe8, 0xff, 0xe8, 0xff,
    0xe8, 0xff, 0xe8, 0xff, 0xe8, 0xff, 0xe8, 0xff, 0xe8, 0xff, 0xe8, 0xff, 0xe8, 0xff, 0xe8, 0xff,
    0xe8, 0xff, 0xe8, 0xff, 0xe8, 0xff, 0xe8, 0xff, 0xe8, 0xff, 0xe8, 0xff, 0xe8, 0xff, 0xe8, 0xff,
    0xe8, 0xff, 0xe8, 0xff, 0xe8, 0xff, 0xe8, 0xff, 0xe8, 0xff, 0xe8, 0xff, 0xe8, 0xff, 0xe8, 0xff,
    0xe8, 0xff, 0xe8, 0xff, 0xe8, 0xff, 0xe8, 0xff, 0xe8, 0xff, 0xe8, 0xff, 0xe8, 0xff, 0xe8, 0xff,
    0xe8, 0xff, 0xe8, 0xff, 0xe8, 0xff, 0xe8, 0xff, 0xe8, 0xff, 0xe8, 0xff, 0xe8, 0xff, 0xe8, 0xff,
    0xe8, 0xff, 0xe8, 0xff, 0xe8, 0xff, 0xe8, 0xff, 0xe8, 0xff, 0xe8, 0xff, 0xe8, 0xff, 0xe8, 0xff,
    0xe8, 0xff, 0xe8, 0xff, 0xe8, 0xff, 0xe8, 0xff, 0xe8, 0xff, 0xe8, 0xff, 0xe8, 0xff, 0xe8, 0xff,
    0xe8, 0xff, 0xe8, 0xff, 0xe8, 0xff, 0xe8, 0xff, 0xe8, 0xff, 0xe8, 0xff, 0xe8, 0xff, 0xe8, 0xff,
    0xe8, 0xff, 0xe8, 0xff, 0xe8, 0xff, 0xe8, 0xff, 0xe8, 0xff, 0xe8, 0xff, 0xe8, 0xff, 0xe8, 0xff,
    0xe8, 0xff, 0xe8, 0xff, 0xe8, 0xff, 0xe8, 0xff, 0xe8, 0xff, 0xe8, 0xff, 0xe8, 0xff, 0xe8, 0xff,
    0xe8, 0xff, 0xe8, 0xff, 0xe8, 0xff, 0xe8, 0xff, 0xe8, 0xff, 0xe8, 0xff, 0xe8, 0xff, 0xe8, 0xff,
    0xe8, 0xff, 0xe8, 0xff, 0xe8, 0xff, 0xe8, 0xff, 0xe8, 0xff, 0xe8, 0xff, 0xe8, 0xff, 0xe8, 0xff,
    0xe8, 0xff, 0xe8, 0xff, 0xe8, 0xff, 0xe8, 0xff, 0xe8, 0xff, 0xe8, 0xff, 0xeb, 0xff, 0xf2, 0xff,
    0xf0, 0xff, 0xee, 0xff, 0xec, 0xff, 0xeb, 0xf7, 0xeb, 0xff, 0xeb, 0xf7, 0xeb, 0xff, 0xeb, 0xff,
    0xec, 0xff, 0xec, 0xff, 0xe0, 0xff, 0xe0, 0xff, 0x00, 0x00, 0x00, 0x00, 0x00, 0x00, 0x00, 0x00,
    0x00, 0x00, 0x00, 0x00, 0x00, 0x00, 0x00, 0x00, 0x00, 0x00, 0x00, 0x00, 0xec, 0xff, 0xec, 0xff,
    0xeb, 0xff, 0xeb, 0xff, 0xeb, 0xf7, 0xeb, 0xf7, 0xeb, 0xff, 0xec, 0xff, 0xed, 0xff, 0xf0, 0xff,
    0xf1, 0xff, 0xea, 0xff, 0xe8, 0xff, 0xe8, 0xff, 0xe8, 0xff, 0xe8, 0xff, 0xe8, 0xff, 0xe8, 0xff,
    0xe8, 0xff, 0xe8, 0xff, 0xe8, 0xff, 0xe8, 0xff, 0xe8, 0xff, 0xe8, 0xff, 0xe8, 0xff, 0xe8, 0xff,
    0xe8, 0xff, 0xe8, 0xff, 0xe8, 0xff, 0xe8, 0xff, 0xe8, 0xff, 0xe8, 0xff, 0xe8, 0xff, 0xe8, 0xff,
    0xe8, 0xff, 0xe8, 0xff, 0xe8, 0xff, 0xe8, 0xff, 0xe8, 0xff, 0xe8, 0xff, 0xe8, 0xff, 0xe8, 0xff,
    0xe8, 0xff, 0xe8, 0xff, 0xe8, 0xff, 0xe8, 0xff, 0xe8, 0xff, 0xe8, 0xff, 0xe8, 0xff, 0xe8, 0xff,
    0xe8, 0xff, 0xe8, 0xff, 0xe8, 0xff, 0xe8, 0xff, 0xe8, 0xff, 0xe8, 0xff, 0xe8, 0xff, 0xe8, 0xff,
    0xe8, 0xff, 0xe8, 0xff, 0xe8, 0xff, 0xe8, 0xff, 0xe8, 0xff, 0xe8, 0xff, 0xe8, 0xff, 0xe8, 0xff,
    0xe8, 0xff, 0xe8, 0xff, 0xe8, 0xff, 0xe8, 0xff, 0xe8, 0xff, 0xe8, 0xff, 0xe8, 0xff, 0xe8, 0xff,
    0xe8, 0xff, 0xe8, 0xff, 0xe8, 0xff, 0xe8, 0xff, 0xe8, 0xff, 0xe8, 0xff, 0xe8, 0xff, 0xe8, 0xff,
    0xe8, 0xff, 0xe8, 0xff, 0xe8, 0xff, 0xe8, 0xff, 0xe8, 0xff, 0xe8, 0xff, 0xe8, 0xff, 0xe8, 0xff,
    0xe8, 0xff, 0xe8, 0xff, 0xe8, 0xff, 0xe8, 0xff, 0xe8, 0xff, 0xe8, 0xff, 0xe8, 0xff, 0xe8, 0xff,
    0xe8, 0xff, 0xe8, 0xff, 0xe8, 0xff, 0xe8, 0xff, 0xe8, 0xff, 0xe8, 0xff, 0xe8, 0xff, 0xe8, 0xff,
    0xe8, 0xff, 0xe8, 0xff, 0xe8, 0xff, 0xe8, 0xff, 0xe8, 0xff, 0xe8, 0xff, 0xe8, 0xff, 0xe8, 0xff,
    0xe8, 0xff, 0xe8, 0xff, 0xe8, 0xff, 0xe8, 0xff, 0xe8, 0xff, 0xe8, 0xff, 0xe8, 0xff, 0xe8, 0xff,
    0xe8, 0xff, 0xe8, 0xff, 0xe8, 0xff, 0xe8, 0xff, 0xe8, 0xff, 0xe8, 0xff, 0xe8, 0xff, 0xe8, 0xff,
    0xe8, 0xff, 0xe8, 0xff, 0xe8, 0xff, 0xe8, 0xff, 0xe8, 0xff, 0xe8, 0xff, 0xe8, 0xff, 0xe8, 0xff,
    0xe8, 0xff, 0xe8, 0xff, 0xe8, 0xff, 0xe8, 0xff, 0xe8, 0xff, 0xe8, 0xff, 0xed, 0xff, 0xf1, 0xff,
    0xef, 0xff, 0xed, 0xff, 0xeb, 0xf7, 0xeb, 0xf7, 0xeb, 0xff, 0xeb, 0xff, 0xec, 0xf7, 0xeb, 0xff,
    0xe9, 0xff, 0xe0, 0xff, 0xe0, 0xff, 0x00, 0x00, 0x00, 0x00, 0x00, 0x00, 0x00, 0x00, 0x00, 0x00,
    0x00, 0x00, 0x00, 0x00, 0x00, 0x00, 0x00, 0x00, 0x00, 0x00, 0xeb, 0xff, 0xea, 0xff, 0xec, 0xff,
    0xec, 0xf7, 0xeb, 0xff, 0xeb, 0xf7, 0xeb, 0xf7, 0xec, 0xff, 0xee, 0xff, 0xf1, 0xff, 0xee, 0xff,
    0xe8, 0xff, 0xe8, 0xff, 0xe8, 0xff, 0xe8, 0xff, 0xe8, 0xff, 0xe8, 0xff, 0xe8, 0xff, 0xe8, 0xff,
    0xe8, 0xff, 0xe8, 0xff, 0xe8, 0xff, 0xe8, 0xff, 0xe8, 0xff, 0xe8, 0xff, 0xe8, 0xff, 0xe8, 0xff,
    0xe8, 0xff, 0xe8, 0xff, 0xe8, 0xff, 0xe8, 0xff, 0xe8, 0xff, 0xe8, 0xff, 0xe8, 0xff, 0xe8, 0xff,
    0xe8, 0xff, 0xe8, 0xff, 0xe8, 0xff, 0xe8, 0xff, 0xe8, 0xff, 0xe8, 0xff, 0xe8, 0xff, 0xe8, 0xff,
    0xe8, 0xff, 0xe8, 0xff, 0xe8, 0xff, 0xe8, 0xff, 0xe8, 0xff, 0xe8, 0xff, 0xe8, 0xff, 0xe8, 0xff,
    0xe8, 0xff, 0xe8, 0xff, 0xe8, 0xff, 0xe8, 0xff, 0xe8, 0xff, 0xe8, 0xff, 0xe8, 0xff, 0xe8, 0xff,
    0xe8, 0xff, 0xe8, 0xff, 0xe8, 0xff, 0xe8, 0xff, 0xe8, 0xff, 0xe8, 0xff, 0xe8, 0xff, 0xe8, 0xff,
    0xe8, 0xff, 0xe8, 0xff, 0xe8, 0xff, 0xe8, 0xff, 0xe8, 0xff, 0xe8, 0xff, 0xe8, 0xff, 0xe8, 0xff,
    0xe8, 0xff, 0xe8, 0xff, 0xe8, 0xff, 0xe8, 0xff, 0xe8, 0xff, 0xe8, 0xff, 0xe8, 0xff, 0xe8, 0xff,
    0xe8, 0xff, 0xe8, 0xff, 0xe8, 0xff, 0xe8, 0xff, 0xe8, 0xff, 0xe8, 0xff, 0xe8, 0xff, 0xe8, 0xff,
    0xe8, 0xff, 0xe8, 0xff, 0xe8, 0xff, 0xe8, 0xff, 0xe8, 0xff, 0xe8, 0xff, 0xe8, 0xff, 0xe8, 0xff,
    0xe8, 0xff, 0xe8, 0xff, 0xe8, 0xff, 0xe8, 0xff, 0xe8, 0xff, 0xe8, 0xff, 0xe8, 0xff, 0xe8, 0xff,
    0xe8, 0xff, 0xe8, 0xff, 0xe8, 0xff, 0xe8, 0xff, 0xe8, 0xff, 0xe8, 0xff, 0xe8, 0xff, 0xe8, 0xff,
    0xe8, 0xff, 0xe8, 0xff, 0xe8, 0xff, 0xe8, 0xff, 0xe8, 0xff, 0xe8, 0xff, 0xe8, 0xff, 0xe8, 0xff,
    0xe8, 0xff, 0xe8, 0xff, 0xe8, 0xff, 0xe8, 0xff, 0xe8, 0xff, 0xe8, 0xff, 0xe8, 0xff, 0xe8, 0xff,
    0xe8, 0xff, 0xe8, 0xff, 0xe8, 0xff, 0xe8, 0xff, 0xe8, 0xff, 0xe8, 0xff, 0xe8, 0xff, 0xe8, 0xff,
    0xe8, 0xff, 0xe8, 0xff, 0xe8, 0xff, 0xe8, 0xff, 0xe8, 0xff, 0xe9, 0xff, 0xf0, 0xff, 0xf0, 0xff,
    0xee, 0xff, 0xeb, 0xff, 0xeb, 0xff, 0xeb, 0xff, 0xeb, 0xff, 0xeb, 0xff, 0xea, 0xff, 0xea, 0xff,
    0xec, 0xff, 0xe0, 0xff, 0x00, 0x00, 0x00, 0x00, 0x00, 0x00, 0x00, 0x00, 0x00, 0x00, 0x00, 0x00,
    0x00, 0x00, 0x00, 0x00, 0x00, 0x00, 0x00, 0x00, 0xec, 0xff, 0xeb, 0xf7, 0xeb, 0xff, 0xeb, 0xf7,
    0xeb, 0xff, 0xeb, 0xff, 0xec, 0xff, 0xed, 0xff, 0xf0, 0xff, 0xf1, 0xff, 0xea, 0xff, 0xe8, 0xff,
    0xe8, 0xff, 0xe8, 0xff, 0xe8, 0xff, 0xe8, 0xff, 0xe8, 0xff, 0xe8, 0xff, 0xe8, 0xff, 0xe8, 0xff,
    0xe8, 0xff, 0xe8, 0xff, 0xe8, 0xff, 0xe8, 0xff, 0xe8, 0xff, 0xe8, 0xff, 0xe8, 0xff, 0xe8, 0xff,
    0xe8, 0xff, 0xe8, 0xff, 0xe8, 0xff, 0xe8, 0xff, 0xe8, 0xff, 0xe8, 0xff, 0xe8, 0xff, 0xe8, 0xff,
    0xe8, 0xff, 0xe8, 0xff, 0xe8, 0xff, 0xe8, 0xff, 0xe8, 0xff, 0xe8, 0xff, 0xe8, 0xff, 0xe8, 0xff,
    0xe8, 0xff, 0xe8, 0xff, 0xe8, 0xff, 0xe8, 0xff, 0xe8, 0xff, 0xe8, 0xff, 0xe8, 0xff, 0xe8, 0xff,
    0xe8, 0xff, 0xe8, 0xff, 0xe8, 0xff, 0xe8, 0xff, 0xe8, 0xff, 0xe8, 0xff, 0xe8, 0xff, 0xe8, 0xff,
    0xe8, 0xff, 0xe8, 0xff, 0xe8, 0xff, 0xe8, 0xff, 0xe8, 0xff, 0xe8, 0xff, 0xe8, 0xff, 0xe8, 0xff,
    0xe8, 0xff, 0xe8, 0xff, 0xe8, 0xff, 0xe8, 0xff, 0xe8, 0xff, 0xe8, 0xff, 0xe8, 0xff, 0xe8, 0xff,
    0xe8, 0xff, 0xe8, 0xff, 0xe8, 0xff, 0xe8, 0xff, 0xe8, 0xff, 0xe8, 0xff, 0xe8, 0xff, 0xe8, 0xff,
    0xe8, 0xff, 0xe8, 0xff, 0xe8, 0xff, 0xe8, 0xff, 0xe8, 0xff, 0xe8, 0xff, 0xe8, 0xff, 0xe8, 0xff,
    0xe8, 0xff, 0xe8, 0xff, 0xe8, 0xff, 0xe8, 0xff, 0xe8, 0xff, 0xe8, 0xff, 0xe8, 0xff, 0xe8, 0xff,
    0xe8, 0xff, 0xe8, 0xff, 0xe8, 0xff, 0xe8, 0xff, 0xe8, 0xff, 0xe8, 0xff, 0xe8, 0xff, 0xe8, 0xff,
    0xe8, 0xff, 0xe8, 0xff, 0xe8, 0xff, 0xe8, 0xff, 0xe8, 0xff, 0xe8, 0xff, 0xe8, 0xff, 0xe8, 0xff,
    0xe8, 0xff, 0xe8, 0xff, 0xe8, 0xff, 0xe8, 0xff, 0xe8, 0xff, 0xe8, 0xff, 0xe8, 0xff, 0xe8, 0xff,
    0xe8, 0xff, 0xe8, 0xff, 0xe8, 0xff, 0xe8, 0xff, 0xe8, 0xff, 0xe8, 0xff, 0xe8, 0xff, 0xe8, 0xff,
    0xe8, 0xff, 0xe8, 0xff, 0xe8, 0xff, 0xe8, 0xff, 0xe8, 0xff, 0xe8, 0xff, 0xe8, 0xff, 0xe8, 0xff,
    0xe8, 0xff, 0xe8, 0xff, 0xe8, 0xff, 0xe8, 0xff, 0xe8, 0xff, 0xec, 0xff, 0xf1, 0xff, 0xef, 0xff,
    0xec, 0xff, 0xeb, 0xf7, 0xeb, 0xff, 0xeb, 0xf7, 0xec, 0xff, 0xec, 0xff, 0xe9, 0xff, 0xf0, 0xff,
    0xe0, 0xff, 0xe0, 0xff, 0x00, 0x00, 0x00, 0x00, 0x00, 0x00, 0x00, 0x00, 0x00, 0x00, 0x00, 0x00,
    0x00, 0x00, 0x00, 0x00, 0x00, 0x00, 0xea, 0xf7, 0xec, 0xff, 0xeb, 0xff, 0xeb, 0xff, 0xeb, 0xf7,
    0xeb, 0xf7, 0xec, 0xff, 0xee, 0xff, 0xf1, 0xff, 0xee, 0xff, 0xe8, 0xff, 0xe8, 0xff, 0xe8, 0xff,
    0xe8, 0xff, 0xe8, 0xff, 0xe8, 0xff, 0xe8, 0xff, 0xe8, 0xff, 0xe8, 0xff, 0xe8, 0xff, 0xe8, 0xff,
    0xe8, 0xff, 0xe8, 0xff, 0xe8, 0xff, 0xe8, 0xff, 0xe8, 0xff, 0xe8, 0xff, 0xe8, 0xff, 0xe8, 0xff,
    0xe8, 0xff, 0xe8, 0xff, 0xe8, 0xff, 0xe8, 0xff, 0xe8, 0xff, 0xe8, 0xff, 0xe8, 0xff, 0xe8, 0xff,
    0xe8, 0xff, 0xe8, 0xff, 0xe8, 0xff, 0xe8, 0xff, 0xe8, 0xff, 0xe8, 0xff, 0xe8, 0xff, 0xe8, 0xff,
    0xe8, 0xff, 0xe8, 0xff, 0xe8, 0xff, 0xe8, 0xff, 0xe8, 0xff, 0xe8, 0xff, 0xe8, 0xff, 0xe8, 0xff,
    0xe8, 0xff, 0xe8, 0xff, 0xe8, 0xff, 0xe8, 0xff, 0xe8, 0xff, 0xe8, 0xff, 0xe8, 0xff, 0xe8, 0xff,
    0xe8, 0xff, 0xe8, 0xff, 0xe8, 0xff, 0xe8, 0xff, 0xe8, 0xff, 0xe8, 0xff, 0xe8, 0xff, 0xe8, 0xff,
    0xe8, 0xff, 0xe8, 0xff, 0xe8, 0xff, 0xe8, 0xff, 0xe8, 0xff, 0xe8, 0xff, 0xe8, 0xff, 0xe8, 0xff,
    0xe8, 0xff, 0xe8, 0xff, 0xe8, 0xff, 0xe8, 0xff, 0xe8, 0xff, 0xe8, 0xff, 0xe8, 0xff, 0xe8, 0xff,
    0xe8, 0xff, 0xe8, 0xff, 0xe8, 0xff, 0xe8, 0xff, 0xe8, 0xff, 0xe8, 0xff, 0xe8, 0xff, 0xe8, 0xff,
    0xe8, 0xff, 0xe8, 0xff, 0xe8, 0xff, 0xe8, 0xff, 0xe8, 0xff, 0xe8, 0xff, 0xe8, 0xff, 0xe8, 0xff,
    0xe8, 0xff, 0xe8, 0xff, 0xe8, 0xff, 0xe8, 0xff, 0xe8, 0xff, 0xe8, 0xff, 0xe8, 0xff, 0xe8, 0xff,
    0xe8, 0xff, 0xe8, 0xff, 0xe8, 0xff, 0xe8, 0xff, 0xe8, 0xff, 0xe8, 0xff, 0xe8, 0xff, 0xe8, 0xff,
    0xe8, 0xff, 0xe8, 0xff, 0xe8, 0xff, 0xe8, 0xff, 0xe8, 0xff, 0xe8, 0xff, 0xe8, 0xff, 0xe8, 0xff,
    0xe8, 0xff, 0xe8, 0xff, 0xe8, 0xff, 0xe8, 0xff, 0xe8, 0xff, 0xe8, 0xff, 0xe8, 0xff, 0xe8, 0xff,
    0xe8, 0xff, 0xe8, 0xff, 0xe8, 0xff, 0xe8, 0xff, 0xe8, 0xff, 0xe8, 0xff, 0xe8, 0xff, 0xe8, 0xff,
    0xe8, 0xff, 0xe8, 0xff, 0xe8, 0xff, 0xe8, 0xff, 0xea, 0xff, 0xf2, 0xff, 0xef, 0xff, 0xed, 0xff,
    0xeb, 0xf7, 0xeb, 0xf7, 0xeb, 0xff, 0xeb, 0xff, 0xeb, 0xf7, 0xec, 0xff, 0xed, 0xff, 0xe0, 0xff,
    0xe0, 0xff, 0x00, 0x00, 0x00, 0x00, 0x00, 0x00, 0x00, 0x00, 0x00, 0x00, 0x00, 0x00, 0x00, 0x00,
    0x00, 0x00, 0x00, 0x00, 0xeb, 0xf7, 0xeb, 0xff, 0xeb, 0xf7, 0xeb, 0xff, 0xeb, 0xf7, 0xec, 0xff,
    0xed, 0xff, 0xf0, 0xff, 0xf1, 0xff, 0xea, 0xff, 0xe8, 0xff, 0xe8, 0xff, 0xe8, 0xff, 0xe8, 0xff,
    0xe8, 0xff, 0xe8, 0xff, 0xe8, 0xff, 0xe8, 0xff, 0xe8, 0xff, 0xe8, 0xff, 0xe8, 0xff, 0xe8, 0xff,
    0xe8, 0xff, 0xe8, 0xff, 0xe8, 0xff, 0xe8, 0xff, 0xe8, 0xff, 0xe8, 0xff, 0xe8, 0xff, 0xe8, 0xff,
    0xe8, 0xff, 0xe8, 0xff, 0xe8, 0xff, 0xe8, 0xff, 0xe8, 0xff, 0xe8, 0xff, 0xe8, 0xff, 0xe8, 0xff,
    0xe8, 0xff, 0xe8, 0xff, 0xe8, 0xff, 0xe8, 0xff, 0xe8, 0xff, 0xe8, 0xff, 0xe8, 0xff, 0xe8, 0xff,
    0xe8, 0xff, 0xe8, 0xff, 0xe8, 0xff, 0xe8, 0xff, 0xe8, 0xff, 0xe8, 0xff, 0xe8, 0xff, 0xe8, 0xff,
    0xe8, 0xff, 0xe8, 0xff, 0xe8, 0xff, 0xe8, 0xff, 0xe8, 0xff, 0xe8, 0xff, 0xe8, 0xff, 0xe8, 0xff,
    0xe8, 0xff, 0xe8, 0xff, 0xe8, 0xff, 0xe8, 0xff, 0xe8, 0xff, 0xe8, 0xff, 0xe8, 0xff, 0xe8, 0xff,
    0xe8, 0xff, 0xe8, 0xff, 0xe8, 0xff, 0xe8, 0xff, 0xe8, 0xff, 0xe8, 0xff, 0xe8, 0xff, 0xe8, 0xff,
    0xe8, 0xff, 0xe8, 0xff, 0xe8, 0xff, 0xe8, 0xff, 0xe8, 0xff, 0xe8, 0xff, 0xe8, 0xff, 0xe8, 0xff,
    0xe8, 0xff, 0xe8, 0xff, 0xe8, 0xff, 0xe8, 0xff, 0xe8, 0xff, 0xe8, 0xff, 0xe8, 0xff, 0xe8, 0xff,
    0xe8, 0xff, 0xe8, 0xff, 0xe8, 0xff, 0xe8, 0xff, 0xe8, 0xff, 0xe8, 0xff, 0xe8, 0xff, 0xe8, 0xff,
    0xe8, 0xff, 0xe8, 0xff, 0xe8, 0xff, 0xe8, 0xff, 0xe8, 0xff, 0xe8, 0xff, 0xe8, 0xff, 0xe8, 0xff,
    0xe8, 0xff, 0xe8, 0xff, 0xe8, 0xff, 0xe8, 0xff, 0xe8, 0xff, 0xe8, 0xff, 0xe8, 0xff, 0xe8, 0xff,
    0xe8, 0xff, 0xe8, 0xff, 0xe8, 0xff, 0xe8, 0xff, 0xe8, 0xff, 0xe8, 0xff, 0xe8, 0xff, 0xe8, 0xff,
    0xe8, 0xff, 0xe8, 0xff, 0xe8, 0xff, 0xe8, 0xff, 0xe8, 0xff, 0xe8, 0xff, 0xe8, 0xff, 0xe8, 0xff,
    0xe8, 0xff, 0xe8, 0xff, 0xe8, 0xff, 0xe8, 0xff, 0xe8, 0xff, 0xe8, 0xff, 0xe8, 0xff, 0xe8, 0xff,
    0xe8, 0xff, 0xe8, 0xff, 0xe8, 0xff, 0xe9, 0xff, 0xf2, 0xff, 0xf0, 0xff, 0xed, 0xff, 0xec, 0xf7,
    0xeb, 0xf7, 0xeb, 0xff, 0xeb, 0xff, 0xeb, 0xff, 0xec, 0xff, 0xec, 0xff, 0xe0, 0xff, 0xe0, 0xff,
    0x00, 0x00, 0x00, 0x00, 0x00, 0x00, 0x00, 0x00, 0x00, 0x00, 0x00, 0x00, 0x00, 0x00, 0x00, 0x00,
    0x00, 0x00, 0xec, 0xf7, 0xeb, 0xf7, 0xeb, 0xff, 0xeb, 0xf7, 0xeb, 0xf7, 0xec, 0xff, 0xee, 0xff,
    0xf1, 0xff, 0xee, 0xff, 0xe8, 0xff, 0xe8, 0xff, 0xe8, 0xff, 0xe8, 0xff, 0xe8, 0xff, 0xe8, 0xff,
    0xe8, 0xff, 0xe8, 0xff, 0xe8, 0xff, 0xe8, 0xff, 0xe8, 0xff, 0xe8, 0xff, 0xe8, 0xff, 0xe8, 0xff,
    0xe8, 0xff, 0xe8, 0xff, 0xe8, 0xff, 0xe8, 0xff, 0xe8, 0xff, 0xe8, 0xff, 0xe8, 0xff, 0xe8, 0xff,
    0xe8, 0xff, 0xe8, 0xff, 0xe8, 0xff, 0xe8, 0xff, 0xe8, 0xff, 0xe8, 0xff, 0xe8, 0xff, 0xe8, 0xff,
    0xe8, 0xff, 0xe8, 0xff, 0xe8, 0xff, 0xe8, 0xff, 0xe8, 0xff, 0xe8, 0xff, 0xe8, 0xff, 0xe8, 0xff,
    0xe8, 0xff, 0xe8, 0xff, 0xe8, 0xff, 0xe8, 0xff, 0xe8, 0xff, 0xe8, 0xff, 0xe8, 0xff, 0xe8, 0xff,
    0xe8, 0xff, 0xe8, 0xff, 0xe8, 0xff, 0xe8, 0xff, 0xe8, 0xff, 0xe8, 0xff, 0xe8, 0xff, 0xe8, 0xff,
    0xe8, 0xff, 0xe8, 0xff, 0xe8, 0xff, 0xe8, 0xff, 0xe8, 0xff, 0xe8, 0xff, 0xe8, 0xff, 0xe8, 0xff,
    0xe8, 0xff, 0xe8, 0xff, 0xe8, 0xff, 0xe8, 0xff, 0xe8, 0xff, 0xe8, 0xff, 0xe8, 0xff, 0xe8, 0xff,
    0xe8, 0xff, 0xe8, 0xff, 0xe8, 0xff, 0xe8, 0xff, 0xe8, 0xff, 0xe8, 0xff, 0xe8, 0xff, 0xe8, 0xff,
    0xe8, 0xff, 0xe8, 0xff, 0xe8, 0xff, 0xe8, 0xff, 0xe8, 0xff, 0xe8, 0xff, 0xe8, 0xff, 0xe8, 0xff,
    0xe8, 0xff, 0xe8, 0xff, 0xe8, 0xff, 0xe8, 0xff, 0xe8, 0xff, 0xe8, 0xff, 0xe8, 0xff, 0xe8, 0xff,
    0xe8, 0xff, 0xe8, 0xff, 0xe8, 0xff, 0xe8, 0xff, 0xe8, 0xff, 0xe8, 0xff, 0xe8, 0xff, 0xe8, 0xff,
    0xe8, 0xff, 0xe8, 0xff, 0xe8, 0xff, 0xe8, 0xff, 0xe8, 0xff, 0xe8, 0xff, 0xe8, 0xff, 0xe8, 0xff,
    0xe8, 0xff, 0xe8, 0xff, 0xe8, 0xff, 0xe8, 0xff, 0xe8, 0xff, 0xe8, 0xff, 0xe8, 0xff, 0xe8, 0xff,
    0xe8, 0xff, 0xe8, 0xff, 0xe8, 0xff, 0xe8, 0xff, 0xe8, 0xff, 0xe8, 0xff, 0xe8, 0xff, 0xe8, 0xff,
    0xe8, 0xff, 0xe8, 0xff, 0xe8, 0xff, 0xe8, 0xff, 0xe8, 0xff, 0xe8, 0xff, 0xe8, 0xff, 0xe8, 0xff,
    0xe8, 0xff, 0xe8, 0xff, 0xe8, 0xff, 0xf0, 0xff, 0xf0, 0xff, 0xee, 0xff, 0xec, 0xf7, 0xeb, 0xff,
    0xeb, 0xff, 0xeb, 0xff, 0xea, 0xf7, 0xeb, 0xff, 0xec, 0xff, 0xe0, 0xff, 0xe0, 0xff, 0x00, 0x00,
    0x00, 0x00, 0x00, 0x00, 0x00, 0x00, 0x00, 0x00, 0x00, 0x00, 0x00, 0x00, 0x00, 0x00, 0x00, 0x00,
    0xeb, 0xff, 0xeb, 0xf7, 0xeb, 0xff, 0xeb, 0xff, 0xeb, 0xff, 0xed, 0xff, 0xef, 0xff, 0xf1, 0xff,
    0xea, 0xff, 0xe8, 0xff, 0xe8, 0xff, 0xe8, 0xff, 0xe8, 0xff, 0xe8, 0xff, 0xe8, 0xff, 0xe8, 0xff,
    0xe8, 0xff, 0xe8, 0xff, 0xe8, 0xff, 0xe8, 0xff, 0xe8, 0xff, 0xe8, 0xff, 0xe8, 0xff, 0xe8, 0xff,
    0xe8, 0xff, 0xe8, 0xff, 0xe8, 0xff, 0xe8, 0xff, 0xe8, 0xff, 0xe8, 0xff, 0xe8, 0xff, 0xe8, 0xff,
    0xe8, 0xff, 0xe8, 0xff, 0xe8, 0xff, 0xe8, 0xff, 0xe8, 0xff, 0xe8, 0xff, 0xe8, 0xff, 0xe8, 0xff,
    0xe8, 0xff, 0xe8, 0xff, 0xe8, 0xff, 0xe8, 0xff, 0xe8, 0xff, 0xe8, 0xff, 0xe8, 0xff, 0xe8, 0xff,
    0xe8, 0xff, 0xe8, 0xff, 0xe8, 0xff, 0xe8, 0xff, 0xe8, 0xff, 0xe8, 0xff, 0xe8, 0xff, 0xe8, 0xff,
    0xe8, 0xff, 0xe8, 0xff, 0xe8, 0xff, 0xe8, 0xff, 0xe8, 0xff, 0xe8, 0xff, 0xe8, 0xff, 0xe8, 0xff,
    0xe8, 0xff, 0xe8, 0xff, 0xe8, 0xff, 0xe8, 0xff, 0xe8, 0xff, 0xe8, 0xff, 0xe8, 0xff, 0xe8, 0xff,
    0xe8, 0xff, 0xe8, 0xff, 0xe8, 0xff, 0xe8, 0xff, 0xe8, 0xff, 0xe8, 0xff, 0xe8, 0xff, 0xe8, 0xff,
    0xe8, 0xff, 0xe8, 0xff, 0xe8, 0xff, 0xe8, 0xff, 0xe8, 0xff, 0xe8, 0xff, 0xe8, 0xff, 0xe8, 0xff,
    0xe8, 0xff, 0xe8, 0xff, 0xe8, 0xff, 0xe8, 0xff, 0xe8, 0xff, 0xe8, 0xff, 0xe8, 0xff, 0xe8, 0xff,
    0xe8, 0xff, 0xe8, 0xff, 0xe8, 0xff, 0xe8, 0xff, 0xe8, 0xff, 0xe8, 0xff, 0xe8, 0xff, 0xe8, 0xff,
    0xe8, 0xff, 0xe8, 0xff, 0xe8, 0xff, 0xe8, 0xff, 0xe8, 0xff, 0xe8, 0xff, 0xe8, 0xff, 0xe8, 0xff,
    0xe8, 0xff, 0xe8, 0xff, 0xe8, 0xff, 0xe8, 0xff, 0xe8, 0xff, 0xe8, 0xff, 0xe8, 0xff, 0xe8, 0xff,
    0xe8, 0xff, 0xe8, 0xff, 0xe8, 0xff, 0xe8, 0xff, 0xe8, 0xff, 0xe8, 0xff, 0xe8, 0xff, 0xe8, 0xff,
    0xe8, 0xff, 0xe8, 0xff, 0xe8, 0xff, 0xe8, 0xff, 0xe8, 0xff, 0xe8, 0xff, 0xe8, 0xff, 0xe8, 0xff,
    0xe8, 0xff, 0xe8, 0xff, 0xe8, 0xff, 0xe8, 0xff, 0xe8, 0xff, 0xe8, 0xff, 0xe8, 0xff, 0xe8, 0xff,
    0xe8, 0xff, 0xe8, 0xff, 0xf0, 0xff, 0xf0, 0xff, 0xed, 0xff, 0xeb, 0xf7, 0xeb, 0xff, 0xeb, 0xff,
    0xeb, 0xff, 0xea, 0xf7, 0xeb, 0xff, 0xec, 0xff, 0xe0, 0xff, 0xe0, 0xff, 0x00, 0x00, 0x00, 0x00,
    0x00, 0x00, 0x00, 0x00, 0x00, 0x00, 0x00, 0x00, 0x00, 0x00, 0x00, 0x00, 0x00, 0x00, 0xeb, 0xff,
    0xeb, 0xff, 0xeb, 0xf7, 0xeb, 0xff, 0xec, 0xff, 0xee, 0xff, 0xf0, 0xff, 0xee, 0xff, 0xe8, 0xff,
    0xe8, 0xff, 0xe8, 0xff, 0xe8, 0xff, 0xe8, 0xff, 0xe8, 0xff, 0xe8, 0xff, 0xe8, 0xff, 0xe8, 0xff,
    0xe8, 0xff, 0xe8, 0xff, 0xe8, 0xff, 0xe8, 0xff, 0xe8, 0xff, 0xe8, 0xff, 0xe8, 0xff, 0xe8, 0xff,
    0xe8, 0xff, 0xe8, 0xff, 0xe8, 0xff, 0xe8, 0xff, 0xe8, 0xff, 0xe8, 0xff, 0xe8, 0xff, 0xe8, 0xff,
    0xe8, 0xff, 0xe8, 0xff, 0xe8, 0xff, 0xe8, 0xff, 0xe8, 0xff, 0xe8, 0xff, 0xe8, 0xff, 0xe8, 0xff,
    0xe8, 0xff, 0xe8, 0xff, 0xe8, 0xff, 0xe8, 0xff, 0xe8, 0xff, 0xe8, 0xff, 0xe8, 0xff, 0xe8, 0xff,
    0xe8, 0xff, 0xe8, 0xff, 0xe8, 0xff, 0xe8, 0xff, 0xe8, 0xff, 0xe8, 0xff, 0xe8, 0xff, 0xe8, 0xff,
    0xe8, 0xff, 0xe8, 0xff, 0xe8, 0xff, 0xe8, 0xff, 0xe8, 0xff, 0xe8, 0xff, 0xe8, 0xff, 0xe8, 0xff,
    0xe8, 0xff, 0xe8, 0xff, 0xe8, 0xff, 0xe8, 0xff, 0xe8, 0xff, 0xe8, 0xff, 0xe8, 0xff, 0xe8, 0xff,
    0xe8, 0xff, 0xe8, 0xff, 0xe8, 0xff, 0xe8, 0xff, 0xe8, 0xff, 0xe8, 0xff, 0xe8, 0xff, 0xe8, 0xff,
    0xe8, 0xff, 0xe8, 0xff, 0xe8, 0xff, 0xe8, 0xff, 0xe8, 0xff, 0xe8, 0xff, 0xe8, 0xff, 0xe8, 0xff,
    0xe8, 0xff, 0xe8, 0xff, 0xe8, 0xff, 0xe8, 0xff, 0xe8, 0xff, 0xe8, 0xff, 0xe8, 0xff, 0xe8, 0xff,
    0xe8, 0xff, 0xe8, 0xff, 0xe8, 0xff, 0xe8, 0xff, 0xe8, 0xff, 0xe8, 0xff, 0xe8, 0xff, 0xe8, 0xff,
    0xe8, 0xff, 0xe8, 0xff, 0xe8, 0xff, 0xe8, 0xff, 0xe8, 0xff, 0xe8, 0xff, 0xe8, 0xff, 0xe8, 0xff,
    0xe8, 0xff, 0xe8, 0xff, 0xe8, 0xff, 0xe8, 0xff, 0xe8, 0xff, 0xe8, 0xff, 0xe8, 0xff, 0xe8, 0xff,
    0xe8, 0xff, 0xe8, 0xff, 0xe8, 0xff, 0xe8, 0xff, 0xe8, 0xff, 0xe8, 0xff, 0xe8, 0xff, 0xe8, 0xff,
    0xe8, 0xff, 0xe8, 0xff, 0xe8, 0xff, 0xe8, 0xff, 0xe8, 0xff, 0xe8, 0xff, 0xe8, 0xff, 0xe8, 0xff,
    0xe8, 0xff, 0xe8, 0xff, 0xe8, 0xff, 0xe8, 0xff, 0xe8, 0xff, 0xe8, 0xff, 0xe8, 0xff, 0xe8, 0xff,
    0xe9, 0xff, 0xf1, 0xff, 0xf0, 0xff, 0xed, 0xff, 0xeb, 0xf7, 0xeb, 0xf7, 0xeb, 0xff, 0xeb, 0xff,
    0xeb, 0xf7, 0xec, 0xff, 0xec, 0xff, 0xe0, 0xff, 0xe0, 0xff, 0x00, 0x00, 0x00, 0x00, 0x00, 0x00,
    0x00, 0x00, 0x00, 0x00, 0x00, 0x00, 0x00, 0x00, 0x00, 0x00, 0x00, 0x00, 0xec, 0xf7, 0xeb, 0xff,
    0xeb, 0xff, 0xeb, 0xf7, 0xed, 0xff, 0xf0, 0xff, 0xf1, 0xff, 0xea, 0xff, 0xe8, 0xff, 0xe8, 0xff,
    0xe8, 0xff, 0xe8, 0xff, 0xe8, 0xff, 0xe8, 0xff, 0xe8, 0xff, 0xe8, 0xff, 0xe8, 0xff, 0xe8, 0xff,
    0xe8, 0xff, 0xe8, 0xff, 0xe8, 0xff, 0xe8, 0xff, 0xe8, 0xff, 0xe8, 0xff, 0xe8, 0xff, 0xe8, 0xff,
    0xe8, 0xff, 0xe8, 0xff, 0xe8, 0xff, 0xe8, 0xff, 0xe8, 0xff, 0xe8, 0xff, 0xe8, 0xff, 0xe8, 0xff,
    0xe8, 0xff, 0xe8, 0xff, 0xe8, 0xff, 0xe8, 0xff, 0xe8, 0xff, 0xe8, 0xff, 0xe8, 0xff, 0xe8, 0xff,
    0xe8, 0xff, 0xe8, 0xff, 0xe8, 0xff, 0xe8, 0xff, 0xe8, 0xff, 0xe8, 0xff, 0xe8, 0xff, 0xe8, 0xff,
    0xe8, 0xff, 0xe8, 0xff, 0xe8, 0xff, 0xe8, 0xff, 0xe8, 0xff, 0xe8, 0xff, 0xe8, 0xff, 0xe8, 0xff,
    0xe8, 0xff, 0xe8, 0xff, 0xe8, 0xff, 0xe8, 0xff, 0xe8, 0xff, 0xe8, 0xff, 0xe8, 0xff, 0xe8, 0xff,
    0xe8, 0xff, 0xe8, 0xff, 0xe8, 0xff, 0xe8, 0xff, 0xe8, 0xff, 0xe8, 0xff, 0xe8, 0xff, 0xe8, 0xff,
    0xe8, 0xff, 0xe8, 0xff, 0xe8, 0xff, 0xe8, 0xff, 0xe8, 0xff, 0xe8, 0xff, 0xe8, 0xff, 0xe8, 0xff,
    0xe8, 0xff, 0xe8, 0xff, 0xe8, 0xff, 0xe8, 0xff, 0xe8, 0xff, 0xe8, 0xff, 0xe8, 0xff, 0xe8, 0xff,
    0xe8, 0xff, 0xe8, 0xff, 0xe8, 0xff, 0xe8, 0xff, 0xe8, 0xff, 0xe8, 0xff, 0xe8, 0xff, 0xe8, 0xff,
    0xe8, 0xff, 0xe8, 0xff, 0xe8, 0xff, 0xe8, 0xff, 0xe8, 0xff, 0xe8, 0xff, 0xe8, 0xff, 0xe8, 0xff,
    0xe8, 0xff, 0xe8, 0xff, 0xe8, 0xff, 0xe8, 0xff, 0xe8, 0xff, 0xe8, 0xff, 0xe8, 0xff, 0xe8, 0xff,
    0xe8, 0xff, 0xe8, 0xff, 0xe8, 0xff, 0xe8, 0xff, 0xe8, 0xff, 0xe8, 0xff, 0xe8, 0xff, 0xe8, 0xff,
    0xe8, 0xff, 0xe8, 0xff, 0xe8, 0xff, 0xe8, 0xff, 0xe8, 0xff, 0xe8, 0xff, 0xe8, 0xff, 0xe8, 0xff,
    0xe8, 0xff, 0xe8, 0xff, 0xe8, 0xff, 0xe8, 0xff, 0xe8, 0xff, 0xe8, 0xff, 0xe8, 0xff, 0xe8, 0xff,
    0xe8, 0xff, 0xe8, 0xff, 0xe8, 0xff, 0xe8, 0xff, 0xe8, 0xff, 0xe8, 0xff, 0xe8, 0xff, 0xea, 0xff,
    0xf2, 0xff, 0xef, 0xff, 0xec, 0xff, 0xeb, 0xf7, 0xeb, 0xf7, 0xeb, 0xff, 0xec, 0xff, 0xeb, 0xff,
    0xec, 0xff, 0xed, 0xff, 0xe0, 0xff, 0xe0, 0xff, 0x00, 0x00, 0x00, 0x00, 0x00, 0x00, 0x00, 0x00,
    0x00, 0x00, 0x00, 0x00, 0x00, 0x00, 0x00, 0x00, 0x00, 0x00, 0xeb, 0xf7, 0xeb, 0xff, 0xeb, 0xff,
    0xec, 0xff, 0xee, 0xff, 0xf1, 0xff, 0xee, 0xff, 0xe8, 0xff, 0xe8, 0xff, 0xe8, 0xff, 0xe8, 0xff,
    0xe8, 0xff, 0xe8, 0xff, 0xe8, 0xff, 0xe8, 0xff, 0xe8, 0xff, 0xe8, 0xff, 0xe8, 0xff, 0xe8, 0xff,
    0xe8, 0xff, 0xe8, 0xff, 0xe8, 0xff, 0xe8, 0xff, 0xe8, 0xff, 0xe8, 0xff, 0xe8, 0xff, 0xe8, 0xff,
    0xe8, 0xff, 0xe8, 0xff, 0xe8, 0xff, 0xe8, 0xff, 0xe8, 0xff, 0xe8, 0xff, 0xe8, 0xff, 0xe8, 0xff,
    0xe8, 0xff, 0xe8, 0xff, 0xe8, 0xff, 0xe8, 0xff, 0xe8, 0xff, 0xe8, 0xff, 0xe8, 0xff, 0xe8, 0xff,
    0xe8, 0xff, 0xe8, 0xff, 0xe8, 0xff, 0xe8, 0xff, 0xe8, 0xff, 0xe8, 0xff, 0xe8, 0xff, 0xe8, 0xff,
    0xe8, 0xff, 0xe8, 0xff, 0xe8, 0xff, 0xe8, 0xff, 0xe8, 0xff, 0xe8, 0xff, 0xe8, 0xff, 0xe8, 0xff,
    0xe8, 0xff, 0xe8, 0xff, 0xe8, 0xff, 0xe8, 0xff, 0xe8, 0xff, 0xe8, 0xff, 0xe8, 0xff, 0xe8, 0xff,
    0xe8, 0xff, 0xe8, 0xff, 0xe8, 0xff, 0xe8, 0xff, 0xe8, 0xff, 0xe8, 0xff, 0xe8, 0xff, 0xe8, 0xff,
    0xe8, 0xff, 0xe8, 0xff, 0xe8, 0xff, 0xe8, 0xff, 0xe8, 0xff, 0xe8, 0xff, 0xe8, 0xff, 0xe8, 0xff,
    0xe8, 0xff, 0xe8, 0xff, 0xe8, 0xff, 0xe8, 0xff, 0xe8, 0xff, 0xe8, 0xff, 0xe8, 0xff, 0xe8, 0xff,
    0xe8, 0xff, 0xe8, 0xff, 0xe8, 0xff, 0xe8, 0xff, 0xe8, 0xff, 0xe8, 0xff, 0xe8, 0xff, 0xe8, 0xff,
    0xe8, 0xff, 0xe8, 0xff, 0xe8, 0xff, 0xe8, 0xff, 0xe8, 0xff, 0xe8, 0xff, 0xe8, 0xff, 0xe8, 0xff,
    0xe8, 0xff, 0xe8, 0xff, 0xe8, 0xff, 0xe8, 0xff, 0xe8, 0xff, 0xe8, 0xff, 0xe8, 0xff, 0xe8, 0xff,
    0xe8, 0xff, 0xe8, 0xff, 0xe8, 0xff, 0xe8, 0xff, 0xe8, 0xff, 0xe8, 0xff, 0xe8, 0xff, 0xe8, 0xff,
    0xe8, 0xff, 0xe8, 0xff, 0xe8, 0xff, 0xe8, 0xff, 0xe8, 0xff, 0xe8, 0xff, 0xe8, 0xff, 0xe8, 0xff,
    0xe8, 0xff, 0xe8, 0xff, 0xe8, 0xff, 0xe8, 0xff, 0xe8, 0xff, 0xe8, 0xff, 0xe8, 0xff, 0xe8, 0xff,
    0xe8, 0xff, 0xe8, 0xff, 0xe8, 0xff, 0xe8, 0xff, 0xe8, 0xff, 0xe8, 0xff, 0xec, 0xff, 0xf1, 0xff,
    0xef, 0xff, 0xec, 0xff, 0xeb, 0xf7, 0xeb, 0xf7, 0xeb, 0xf7, 0xec, 0xff, 0xec, 0xf7, 0xe9, 0xff,
    0xf0, 0xff, 0xe0, 0xff, 0xe0, 0xff, 0x00, 0x00, 0x00, 0x00, 0x00, 0x00, 0x00, 0x00, 0x00, 0x00,
    0x00, 0x00, 0x00, 0x00, 0x00, 0x00, 0x00, 0x00, 0xeb, 0xf7, 0xeb, 0xff, 0xeb, 0xff, 0xec, 0xff,
    0xef, 0xff, 0xf1, 0xff, 0xea, 0xff, 0xe8, 0xff, 0xe8, 0xff, 0xe8, 0xff, 0xe8, 0xff, 0xe8, 0xff,
    0xe8, 0xff, 0xe8, 0xff, 0xe8, 0xff, 0xe8, 0xff, 0xe8, 0xff, 0xe8, 0xff, 0xe8, 0xff, 0xe8, 0xff,
    0xe8, 0xff, 0xe8, 0xff, 0xe8, 0xff, 0xe8, 0xff, 0xe8, 0xff, 0xe8, 0xff, 0xe8, 0xff, 0xe8, 0xff,
    0xe8, 0xff, 0xe8, 0xff, 0xe8, 0xff, 0xe8, 0xff, 0xe8, 0xff, 0xe8, 0xff, 0xe8, 0xff, 0xe8, 0xff,
    0xe8, 0xff, 0xe8, 0xff, 0xe8, 0xff, 0xe8, 0xff, 0xe8, 0xff, 0xe8, 0xff, 0xe8, 0xff, 0xe8, 0xff,
    0xe8, 0xff, 0xe8, 0xff, 0xe8, 0xff, 0xe8, 0xff, 0xe8, 0xff, 0xe8, 0xff, 0xe8, 0xff, 0xe8, 0xff,
    0xe8, 0xff, 0xe8, 0xff, 0xe8, 0xff, 0xe8, 0xff, 0xe8, 0xff, 0xe8, 0xff, 0xe8, 0xff, 0xe8, 0xff,
    0xe8, 0xff, 0xe8, 0xff, 0xe8, 0xff, 0xe8, 0xff, 0xe8, 0xff, 0xe8, 0xff, 0xe8, 0xff, 0xe8, 0xff,
    0xe8, 0xff, 0xe8, 0xff, 0xe8, 0xff, 0xe8, 0xff, 0xe8, 0xff, 0xe8, 0xff, 0xe8, 0xff, 0xe8, 0xff,
    0xe8, 0xff, 0xe8, 0xff, 0xe8, 0xff, 0xe8, 0xff, 0xe8, 0xff, 0xe8, 0xff, 0xe8, 0xff, 0xe8, 0xff,
    0xe8, 0xff, 0xe8, 0xff, 0xe8, 0xff, 0xe8, 0xff, 0xe8, 0xff, 0xe8, 0xff, 0xe8, 0xff, 0xe8, 0xff,
    0xe8, 0xff, 0xe8, 0xff, 0xe8, 0xff, 0xe8, 0xff, 0xe8, 0xff, 0xe8, 0xff, 0xe8, 0xff, 0xe8, 0xff,
    0xe8, 0xff, 0xe8, 0xff, 0xe8, 0xff, 0xe8, 0xff, 0xe8, 0xff, 0xe8, 0xff, 0xe8, 0xff, 0xe8, 0xff,
    0xe8, 0xff, 0xe8, 0xff, 0xe8, 0xff, 0xe8, 0xff, 0xe8, 0xff, 0xe8, 0xff, 0xe8, 0xff, 0xe8, 0xff,
    0xe8, 0xff, 0xe8, 0xff, 0xe8, 0xff, 0xe8, 0xff, 0xe8, 0xff, 0xe8, 0xff, 0xe8, 0xff, 0xe8, 0xff,
    0xe8, 0xff, 0xe8, 0xff, 0xe8, 0xff, 0xe8, 0xff, 0xe8, 0xff, 0xe8, 0xff, 0xe8, 0xff, 0xe8, 0xff,
    0xe8, 0xff, 0xe8, 0xff, 0xe8, 0xff, 0xe8, 0xff, 0xe8, 0xff, 0xe8, 0xff, 0xe8, 0xff, 0xe8, 0xff,
    0xe8, 0xff, 0xe8, 0xff, 0xe8, 0xff, 0xe8, 0xff, 0xe8, 0xff, 0xf0, 0xff, 0xf0, 0xff, 0xee, 0xff,
    0xeb, 0xff, 0xeb, 0xff, 0xeb, 0xff, 0xeb, 0xff, 0xeb, 0xff, 0xea, 0xff, 0xea, 0xff, 0xec, 0xff,
    0xe0, 0xff, 0x00, 0x00, 0x00, 0x00, 0x00, 0x00, 0x00, 0x00, 0x00, 0x00, 0x00, 0x00, 0x00, 0x00,
    0x00, 0x00, 0x00, 0x00, 0x00, 0x00, 0xeb, 0xff, 0xeb, 0xff, 0xeb, 0xff, 0xec, 0xff, 0xee, 0xff,
    0xf0, 0xff, 0xf0, 0xff, 0xea, 0xff, 0xe8, 0xff, 0xe8, 0xff, 0xe8, 0xff, 0xe8, 0xff, 0xe8, 0xff,
    0xe8, 0xff, 0xe8, 0xff, 0xe8, 0xff, 0xe8, 0xff, 0xe8, 0xff, 0xe8, 0xff, 0xe8, 0xff, 0xe8, 0xff,
    0xe8, 0xff, 0xe8, 0xff, 0xe8, 0xff, 0xe8, 0xff, 0xe8, 0xff, 0xe8, 0xff, 0xe8, 0xff, 0xe8, 0xff,
    0xe8, 0xff, 0xe8, 0xff, 0xe8, 0xff, 0xe8, 0xff, 0xe8, 0xff, 0xe8, 0xff, 0xe8, 0xff, 0xe8, 0xff,
    0xe8, 0xff, 0xe8, 0xff, 0xe8, 0xff, 0xe8, 0xff, 0xe8, 0xff, 0xe8, 0xff, 0xe8, 0xff, 0xe8, 0xff,
    0xe8, 0xff, 0xe8, 0xff, 0xe8, 0xff, 0xe8, 0xff, 0xe8, 0xff, 0xe8, 0xff, 0xe8, 0xff, 0xe8, 0xff,
    0xe8, 0xff, 0xe8, 0xff, 0xe8, 0xff, 0xe8, 0xff, 0xe8, 0xff, 0xe8, 0xff, 0xe8, 0xff, 0xe8, 0xff,
    0xe8, 0xff, 0xe8, 0xff, 0xe8, 0xff, 0xe8, 0xff, 0xe8, 0xff, 0xe8, 0xff, 0xe8, 0xff, 0xe8, 0xff,
    0xe8, 0xff, 0xe8, 0xff, 0xe8, 0xff, 0xe8, 0xff, 0xe8, 0xff, 0xe8, 0xff, 0xe8, 0xff, 0xe8, 0xff,
    0xe8, 0xff, 0xe8, 0xff, 0xe8, 0xff, 0xe8, 0xff, 0xe8, 0xff, 0xe8, 0xff, 0xe8, 0xff, 0xe8, 0xff,
    0xe8, 0xff, 0xe8, 0xff, 0xe8, 0xff, 0xe8, 0xff, 0xe8, 0xff, 0xe8, 0xff, 0xe8, 0xff, 0xe8, 0xff,
    0xe8, 0xff, 0xe8, 0xff, 0xe8, 0xff, 0xe8, 0xff, 0xe8, 0xff, 0xe8, 0xff, 0xe8, 0xff, 0xe8, 0xff,
    0xe8, 0xff, 0xe8, 0xff, 0xe8, 0xff, 0xe8, 0xff, 0xe8, 0xff, 0xe8, 0xff, 0xe8, 0xff, 0xe8, 0xff,
    0xe8, 0xff, 0xe8, 0xff, 0xe8, 0xff, 0xe8, 0xff, 0xe8, 0xff, 0xe8, 0xff, 0xe8, 0xff, 0xe8, 0xff,
    0xe8, 0xff, 0xe8, 0xff, 0xe8, 0xff, 0xe8, 0xff, 0xe8, 0xff, 0xe8, 0xff, 0xe8, 0xff, 0xe8, 0xff,
    0xe8, 0xff, 0xe8, 0xff, 0xe8, 0xff, 0xe8, 0xff, 0xe8, 0xff, 0xe8, 0xff, 0xe8, 0xff, 0xe8, 0xff,
    0xe8, 0xff, 0xe8, 0xff, 0xe8, 0xff, 0xe8, 0xff, 0xe8, 0xff, 0xe8, 0xff, 0xe8, 0xff, 0xe8, 0xff,
    0xe8, 0xff, 0xe8, 0xff, 0xe8, 0xff, 0xed, 0xff, 0xf1, 0xff, 0xef, 0xff, 0xed, 0xff, 0xeb, 0xf7,
    0xeb, 0xf7, 0xeb, 0xff, 0xea, 0xff, 0xeb, 0xf7, 0xeb, 0xff, 0xe9, 0xff, 0xe0, 0xff, 0xe0, 0xff,
    0x00, 0x00, 0x00, 0x00, 0x00, 0x00, 0x00, 0x00, 0x00, 0x00, 0x00, 0x00, 0x00, 0x00, 0x00, 0x00,
    0x00, 0x00, 0x00, 0x00, 0xeb, 0xff, 0xeb, 0xff, 0xeb, 0xf7, 0xec, 0xff, 0xed, 0xff, 0xef, 0xff,
    0xf1, 0xff, 0xf1, 0xff, 0xec, 0xff, 0xe8, 0xff, 0xe8, 0xff, 0xe8, 0xff, 0xe8, 0xff, 0xe8, 0xff,
    0xe8, 0xff, 0xe8, 0xff, 0xe8, 0xff, 0xe8, 0xff, 0xe8, 0xff, 0xe8, 0xff, 0xe8, 0xff, 0xe8, 0xff,
    0xe8, 0xff, 0xe8, 0xff, 0xe8, 0xff, 0xe8, 0xff, 0xe8, 0xff, 0xe8, 0xff, 0xe8, 0xff, 0xe8, 0xff,
    0xe8, 0xff, 0xe8, 0xff, 0xe8, 0xff, 0xe8, 0xff, 0xe8, 0xff, 0xe8, 0xff, 0xe8, 0xff, 0xe8, 0xff,
    0xe8, 0xff, 0xe8, 0xff, 0xe8, 0xff, 0xe8, 0xff, 0xe8, 0xff, 0xe8, 0xff, 0xe8, 0xff, 0xe8, 0xff,
    0xe8, 0xff, 0xe8, 0xff, 0xe8, 0xff, 0xe8, 0xff, 0xe8, 0xff, 0xe8, 0xff, 0xe8, 0xff, 0xe8, 0xff,
    0xe8, 0xff, 0xe8, 0xff, 0xe8, 0xff, 0xe8, 0xff, 0xe8, 0xff, 0xe8, 0xff, 0xe8, 0xff, 0xe8, 0xff,
    0xe8, 0xff, 0xe8, 0xff, 0xe8, 0xff, 0xe8, 0xff, 0xe8, 0xff, 0xe8, 0xff, 0xe8, 0xff, 0xe8, 0xff,
    0xe8, 0xff, 0xe8, 0xff, 0xe8, 0xff, 0xe8, 0xff, 0xe8, 0xff, 0xe8, 0xff, 0xe8, 0xff, 0xe8, 0xff,
    0xe8, 0xff, 0xe8, 0xff, 0xe8, 0xff, 0xe8, 0xff, 0xe8, 0xff, 0xe8, 0xff, 0xe8, 0xff, 0xe8, 0xff,
    0xe8, 0xff, 0xe8, 0xff, 0xe8, 0xff, 0xe8, 0xff, 0xe8, 0xff, 0xe8, 0xff, 0xe8, 0xff, 0xe8, 0xff,
    0xe8, 0xff, 0xe8, 0xff, 0xe8, 0xff, 0xe8, 0xff, 0xe8, 0xff, 0xe8, 0xff, 0xe8, 0xff, 0xe8, 0xff,
    0xe8, 0xff, 0xe8, 0xff, 0xe8, 0xff, 0xe8, 0xff, 0xe8, 0xff, 0xe8, 0xff, 0xe8, 0xff, 0xe8, 0xff,
    0xe8, 0xff, 0xe8, 0xff, 0xe8, 0xff, 0xe8, 0xff, 0xe8, 0xff, 0xe8, 0xff, 0xe8, 0xff, 0xe8, 0xff,
    0xe8, 0xff, 0xe8, 0xff, 0xe8, 0xff, 0xe8, 0xff, 0xe8, 0xff, 0xe8, 0xff, 0xe8, 0xff, 0xe8, 0xff,
    0xe8, 0xff, 0xe8, 0xff, 0xe8, 0xff, 0xe8, 0xff, 0xe8, 0xff, 0xe8, 0xff, 0xe8, 0xff, 0xe8, 0xff,
    0xe8, 0xff, 0xe8, 0xff, 0xe8, 0xff, 0xe8, 0xff, 0xe8, 0xff, 0xe8, 0xff, 0xe8, 0xff, 0xe8, 0xff,
    0xe8, 0xff, 0xea, 0xff, 0xf2, 0xff, 0xf0, 0xff, 0xee, 0xff, 0xec, 0xff, 0xeb, 0xff, 0xeb, 0xff,
    0xeb, 0xf7, 0xeb, 0xff, 0xeb, 0xf7, 0xec, 0xff, 0xec, 0xff, 0xe0, 0xff, 0xe0, 0xff, 0x00, 0x00,
    0x00, 0x00, 0x00, 0x00, 0x00, 0x00, 0x00, 0x00, 0x00, 0x00, 0x00, 0x00, 0x00, 0x00, 0x00, 0x00,
    0x00, 0x00, 0xec, 0xff, 0xeb, 0xf7, 0xeb, 0xf7, 0xeb, 0xff, 0xec, 0xff, 0xed, 0xff, 0xee, 0xff,
    0xf0, 0xff, 0xf1, 0xff, 0xef, 0xff, 0xe9, 0xff, 0xe8, 0xff, 0xe8, 0xff, 0xe8, 0xff, 0xe8, 0xff,
    0xe8, 0xff, 0xe8, 0xff, 0xe8, 0xff, 0xe8, 0xff, 0xe8, 0xff, 0xe8, 0xff, 0xe8, 0xff, 0xe8, 0xff,
    0xe8, 0xff, 0xe8, 0xff, 0xe8, 0xff, 0xe8, 0xff, 0xe8, 0xff, 0xe8, 0xff, 0xe8, 0xff, 0xe8, 0xff,
    0xe8, 0xff, 0xe8, 0xff, 0xe8, 0xff, 0xe8, 0xff, 0xe8, 0xff, 0xe8, 0xff, 0xe8, 0xff, 0xe8, 0xff,
    0xe8, 0xff, 0xe8, 0xff, 0xe8, 0xff, 0xe8, 0xff, 0xe8, 0xff, 0xe8, 0xff, 0xe8, 0xff, 0xe8, 0xff,
    0xe8, 0xff, 0xe8, 0xff, 0xe8, 0xff, 0xe8, 0xff, 0xe8, 0xff, 0xe8, 0xff, 0xe8, 0xff, 0xe8, 0xff,
    0xe8, 0xff, 0xe8, 0xff, 0xe8, 0xff, 0xe8, 0xff, 0xe8, 0xff, 0xe8, 0xff, 0xe8, 0xff, 0xe8, 0xff,
    0xe8, 0xff, 0xe8, 0xff, 0xe8, 0xff, 0xe8, 0xff, 0xe8, 0xff, 0xe8, 0xff, 0xe8, 0xff, 0xe8, 0xff,
    0xe8, 0xff, 0xe8, 0xff, 0xe8, 0xff, 0xe8, 0xff, 0xe8, 0xff, 0xe8, 0xff, 0xe8, 0xff, 0xe8, 0xff,
    0xe8, 0xff, 0xe8, 0xff, 0xe8, 0xff, 0xe8, 0xff, 0xe8, 0xff, 0xe8, 0xff, 0xe8, 0xff, 0xe8, 0xff,
    0xe8, 0xff, 0xe8, 0xff, 0xe8, 0xff, 0xe8, 0xff, 0xe8, 0xff, 0xe8, 0xff, 0xe8, 0xff, 0xe8, 0xff,
    0xe8, 0xff, 0xe8, 0xff, 0xe8, 0xff, 0xe8, 0xff, 0xe8, 0xff, 0xe8, 0xff, 0xe8, 0xff, 0xe8, 0xff,
    0xe8, 0xff, 0xe8, 0xff, 0xe8, 0xff, 0xe8, 0xff, 0xe8, 0xff, 0xe8, 0xff, 0xe8, 0xff, 0xe8, 0xff,
    0xe8, 0xff, 0xe8, 0xff, 0xe8, 0xff, 0xe8, 0xff, 0xe8, 0xff, 0xe8, 0xff, 0xe8, 0xff, 0xe8, 0xff,
    0xe8, 0xff, 0xe8, 0xff, 0xe8, 0xff, 0xe8, 0xff, 0xe8, 0xff, 0xe8, 0xff, 0xe8, 0xff, 0xe8, 0xff,
    0xe8, 0xff, 0xe8, 0xff, 0xe8, 0xff, 0xe8, 0xff, 0xe8, 0xff, 0xe8, 0xff, 0xe8, 0xff, 0xe8, 0xff,
    0xe8, 0xff, 0xe8, 0xff, 0xe8, 0xff, 0xe8, 0xff, 0xe8, 0xff, 0xe8, 0xff, 0xe8, 0xff, 0xe9, 0xff,
    0xf0, 0xff, 0xf0, 0xff, 0xee, 0xff, 0xec, 0xff, 0xeb, 0xf7, 0xeb, 0xf7, 0xeb, 0xff, 0xec, 0xff,
    0xeb, 0xff, 0xea, 0xff, 0xea, 0xff, 0xf0, 0xff, 0xe0, 0xff, 0xe0, 0xff, 0x00, 0x00, 0x00, 0x00,
    0x00, 0x00, 0x00, 0x00, 0x00, 0x00, 0x00, 0x00, 0x00, 0x00, 0x00, 0x00, 0x00, 0x00, 0x00, 0x00,
    0xeb, 0xff, 0xec, 0xff, 0xeb, 0xff, 0xeb, 0xff, 0xeb, 0xff, 0xeb, 0xff, 0xec, 0xff, 0xee, 0xff,
    0xef, 0xff, 0xf1, 0xff, 0xf1, 0xff, 0xea, 0xff, 0xe8, 0xff, 0xe8, 0xff, 0xe8, 0xff, 0xe8, 0xff,
    0xe8, 0xff, 0xe8, 0xff, 0xe8, 0xff, 0xe8, 0xff, 0xe8, 0xff, 0xe8, 0xff, 0xe8, 0xff, 0xe8, 0xff,
    0xe8, 0xff, 0xe8, 0xff, 0xe8, 0xff, 0xe8, 0xff, 0xe8, 0xff, 0xe8, 0xff, 0xe8, 0xff, 0xe8, 0xff,
    0xe8, 0xff, 0xe8, 0xff, 0xe8, 0xff, 0xe8, 0xff, 0xe8, 0xff, 0xe8, 0xff, 0xe8, 0xff, 0xe8, 0xff,
    0xe8, 0xff, 0xe8, 0xff, 0xe8, 0xff, 0xe8, 0xff, 0xe8, 0xff, 0xe8, 0xff, 0xe8, 0xff, 0xe8, 0xff,
    0xe8, 0xff, 0xe8, 0xff, 0xe8, 0xff, 0xe8, 0xff, 0xe8, 0xff, 0xe8, 0xff, 0xe8, 0xff, 0xe8, 0xff,
    0xe8, 0xff, 0xe8, 0xff, 0xe8, 0xff, 0xe8, 0xff, 0xe8, 0xff, 0xe8, 0xff, 0xe8, 0xff, 0xe8, 0xff,
    0xe8, 0xff, 0xe8, 0xff, 0xe8, 0xff, 0xe8, 0xff, 0xe8, 0xff, 0xe8, 0xff, 0xe8, 0xff, 0xe8, 0xff,
    0xe8, 0xff, 0xe8, 0xff, 0xe8, 0xff, 0xe8, 0xff, 0xe8, 0xff, 0xe8, 0xff, 0xe8, 0xff, 0xe8, 0xff,
    0xe8, 0xff, 0xe8, 0xff, 0xe8, 0xff, 0xe8, 0xff, 0xe8, 0xff, 0xe8, 0xff, 0xe8, 0xff, 0xe8, 0xff,
    0xe8, 0xff, 0xe8, 0xff, 0xe8, 0xff, 0xe8, 0xff, 0xe8, 0xff, 0xe8, 0xff, 0xe8, 0xff, 0xe8, 0xff,
    0xe8, 0xff, 0xe8, 0xff, 0xe8, 0xff, 0xe8, 0xff, 0xe8, 0xff, 0xe8, 0xff, 0xe8, 0xff, 0xe8, 0xff,
    0xe8, 0xff, 0xe8, 0xff, 0xe8, 0xff, 0xe8, 0xff, 0xe8, 0xff, 0xe8, 0xff, 0xe8, 0xff, 0xe8, 0xff,
    0xe8, 0xff, 0xe8, 0xff, 0xe8, 0xff, 0xe8, 0xff, 0xe8, 0xff, 0xe8, 0xff, 0xe8, 0xff, 0xe8, 0xff,
    0xe8, 0xff, 0xe8, 0xff, 0xe8, 0xff, 0xe8, 0xff, 0xe8, 0xff, 0xe8, 0xff, 0xe8, 0xff, 0xe8, 0xff,
    0xe8, 0xff, 0xe8, 0xff, 0xe8, 0xff, 0xe8, 0xff, 0xe8, 0xff, 0xe8, 0xff, 0xe8, 0xff, 0xe8, 0xff,
    0xe8, 0xff, 0xe8, 0xff, 0xe8, 0xff, 0xe8, 0xff, 0xe9, 0xff, 0xee, 0xff, 0xf1, 0xff, 0xf1, 0xff,
    0xef, 0xff, 0xed, 0xff, 0xec, 0xf7, 0xeb, 0xff, 0xeb, 0xff, 0xeb, 0xff, 0xeb, 0xff, 0xeb, 0xff,
    0xeb, 0xff, 0xea, 0xff, 0xe0, 0xff, 0xe0, 0x87, 0x00, 0x00, 0x00, 0x00, 0x00, 0x00, 0x00, 0x00,
    0x00, 0x00, 0x00, 0x00, 0x00, 0x00, 0x00, 0x00, 0x00, 0x00, 0x00, 0x00, 0x00, 0x00, 0xeb, 0xff,
    0xea, 0xff, 0xeb, 0xf7, 0xeb, 0xff, 0xeb, 0xf7, 0xeb, 0xff, 0xeb, 0xf7, 0xec, 0xff, 0xed, 0xff,
    0xef, 0xff, 0xf1, 0xff, 0xf1, 0xff, 0xed, 0xff, 0xe8, 0xff, 0xe8, 0xff, 0xe8, 0xff, 0xe8, 0xff,
    0xe8, 0xff, 0xe8, 0xff, 0xe8, 0xff, 0xe8, 0xff, 0xe8, 0xff, 0xe8, 0xff, 0xe8, 0xff, 0xe8, 0xff,
    0xe8, 0xff, 0xe8, 0xff, 0xe8, 0xff, 0xe8, 0xff, 0xe8, 0xff, 0xe8, 0xff, 0xe8, 0xff, 0xe8, 0xff,
    0xe8, 0xff, 0xe8, 0xff, 0xe8, 0xff, 0xe8, 0xff, 0xe8, 0xff, 0xe8, 0xff, 0xe8, 0xff, 0xe8, 0xff,
    0xe8, 0xff, 0xe8, 0xff, 0xe8, 0xff, 0xe8, 0xff, 0xe8, 0xff, 0xe8, 0xff, 0xe8, 0xff, 0xe8, 0xff,
    0xe8, 0xff, 0xe8, 0xff, 0xe8, 0xff, 0xe8, 0xff, 0xe8, 0xff, 0xe8, 0xff, 0xe8, 0xff, 0xe8, 0xff,
    0xe8, 0xff, 0xe8, 0xff, 0xe8, 0xff, 0xe8, 0xff, 0xe8, 0xff, 0xe8, 0xff, 0xe8, 0xff, 0xe8, 0xff,
    0xe8, 0xff, 0xe8, 0xff, 0xe8, 0xff, 0xe8, 0xff, 0xe8, 0xff, 0xe8, 0xff, 0xe8, 0xff, 0xe8, 0xff,
    0xe8, 0xff, 0xe8, 0xff, 0xe8, 0xff, 0xe8, 0xff, 0xe8, 0xff, 0xe8, 0xff, 0xe8, 0xff, 0xe8, 0xff,
    0xe8, 0xff, 0xe8, 0xff, 0xe8, 0xff, 0xe8, 0xff, 0xe8, 0xff, 0xe8, 0xff, 0xe8, 0xff, 0xe8, 0xff,
    0xe8, 0xff, 0xe8, 0xff, 0xe8, 0xff, 0xe8, 0xff, 0xe8, 0xff, 0xe8, 0xff, 0xe8, 0xff, 0xe8, 0xff,
    0xe8, 0xff, 0xe8, 0xff, 0xe8, 0xff, 0xe8, 0xff, 0xe8, 0xff, 0xe8, 0xff, 0xe8, 0xff, 0xe8, 0xff,
    0xe8, 0xff, 0xe8, 0xff, 0xe8, 0xff, 0xe8, 0xff, 0xe8, 0xff, 0xe8, 0xff, 0xe8, 0xff, 0xe8, 0xff,
    0xe8, 0xff, 0xe8, 0xff, 0xe8, 0xff, 0xe8, 0xff, 0xe8, 0xff, 0xe8, 0xff, 0xe8, 0xff, 0xe8, 0xff,
    0xe8, 0xff, 0xe8, 0xff, 0xe8, 0xff, 0xe8, 0xff, 0xe8, 0xff, 0xe8, 0xff, 0xe8, 0xff, 0xe8, 0xff,
    0xe8, 0xff, 0xe8, 0xff, 0xe8, 0xff, 0xe8, 0xff, 0xe8, 0xff, 0xe8, 0xff, 0xe8, 0xff, 0xe8, 0xff,
    0xe8, 0xff, 0xe8, 0xff, 0xea, 0xff, 0xf0, 0xff, 0xf1, 0xff, 0xf0, 0xff, 0xef, 0xff, 0xed, 0xff,
    0xec, 0xff, 0xeb, 0xff, 0xeb, 0xff, 0xeb, 0xf7, 0xeb, 0xff, 0xea, 0xf7, 0xea, 0xff, 0xea, 0xff,
    0xf0, 0xff, 0xe0, 0xff, 0xe0, 0xff, 0x00, 0x00, 0x00, 0x00, 0x00, 0x00, 0x00, 0x00, 0x00, 0x00,
    0x00, 0x00, 0x00, 0x00, 0x00, 0x00, 0x00, 0x00, 0x00, 0x00, 0x00, 0x00, 0xeb, 0xff, 0xea, 0xf7,
    0xec, 0xff, 0xeb, 0xf7, 0xeb, 0xff, 0xeb, 0xff, 0xeb, 0xff, 0xeb, 0xf7, 0xeb, 0xff, 0xed, 0xff,
    0xee, 0xff, 0xf0, 0xff, 0xf1, 0xff, 0xf0, 0xff, 0xef, 0xff, 0xef, 0xff, 0xef, 0xff, 0xef, 0xff,
    0xef, 0xff, 0xef, 0xff, 0xef, 0xff, 0xef, 0xff, 0xef, 0xff, 0xef, 0xff, 0xef, 0xff, 0xef, 0xff,
    0xef, 0xff, 0xef, 0xff, 0xef, 0xff, 0xef, 0xff, 0xef, 0xff, 0xef, 0xff, 0xef, 0xff, 0xef, 0xff,
    0xef, 0xff, 0xef, 0xff, 0xef, 0xff, 0xef, 0xff, 0xef, 0xff, 0xef, 0xff, 0xef, 0xff, 0xef, 0xff,
    0xef, 0xff, 0xef, 0xff, 0xef, 0xff, 0xef, 0xff, 0xef, 0xff, 0xef, 0xff, 0xef, 0xff, 0xef, 0xff,
    0xef, 0xff, 0xef, 0xff, 0xef, 0xff, 0xef, 0xff, 0xef, 0xff, 0xef, 0xff, 0xef, 0xff, 0xef, 0xff,
    0xef, 0xff, 0xef, 0xff, 0xef, 0xff, 0xef, 0xff, 0xef, 0xff, 0xef, 0xff, 0xef, 0xff, 0xef, 0xff,
    0xef, 0xff, 0xef, 0xff, 0xef, 0xff, 0xef, 0xff, 0xef, 0xff, 0xef, 0xff, 0xef, 0xff, 0xef, 0xff,
    0xef, 0xff, 0xef, 0xff, 0xef, 0xff, 0xef, 0xff, 0xef, 0xff, 0xef, 0xff, 0xef, 0xff, 0xef, 0xff,
    0xef, 0xff, 0xef, 0xff, 0xef, 0xff, 0xef, 0xff, 0xef, 0xff, 0xef, 0xff, 0xef, 0xff, 0xef, 0xff,
    0xef, 0xff, 0xef, 0xff, 0xef, 0xff, 0xef, 0xff, 0xef, 0xff, 0xef, 0xff, 0xef, 0xff, 0xef, 0xff,
    0xef, 0xff, 0xef, 0xff, 0xef, 0xff, 0xef, 0xff, 0xef, 0xff, 0xef, 0xff, 0xef, 0xff, 0xef, 0xff,
    0xef, 0xff, 0xef, 0xff, 0xef, 0xff, 0xef, 0xff, 0xef, 0xff, 0xef, 0xff, 0xef, 0xff, 0xef, 0xff,
    0xef, 0xff, 0xef, 0xff, 0xef, 0xff, 0xef, 0xff, 0xef, 0xff, 0xef, 0xff, 0xef, 0xff, 0xef, 0xff,
    0xef, 0xff, 0xef, 0xff, 0xef, 0xff, 0xef, 0xff, 0xef, 0xff, 0xef, 0xff, 0xef, 0xff, 0xef, 0xff,
    0xef, 0xff, 0xef, 0xff, 0xef, 0xff, 0xef, 0xff, 0xef, 0xff, 0xef, 0xff, 0xf0, 0xff, 0xf0, 0xff,
    0xf1, 0xff, 0xf1, 0xff, 0xf1, 0xff, 0xef, 0xff, 0xee, 0xff, 0xec, 0xff, 0xec, 0xf7, 0xeb, 0xff,
    0xeb, 0xff, 0xeb, 0xff, 0xea, 0xf7, 0xeb, 0xff, 0xec, 0xff, 0xec, 0xff, 0xec, 0xff, 0xe0, 0xff,
    0xe0, 0xff, 0xe0, 0xff, 0x00, 0x00, 0x00, 0x00, 0x00, 0x00, 0x00, 0x00, 0x00, 0x00, 0x00, 0x00,
    0x00, 0x00, 0x00, 0x00, 0x00, 0x00, 0x00, 0x00, 0x00, 0x00, 0xe9, 0xff, 0xeb, 0xff, 0xeb, 0xff,
    0xea, 0xff, 0xeb, 0xff, 0xeb, 0xff, 0xeb, 0xf7, 0xeb, 0xf7, 0xeb, 0xff, 0xeb, 0xff, 0xec, 0xff,
    0xee, 0xff, 0xef, 0xff, 0xf0, 0xff, 0xf0, 0xff, 0xf0, 0xff, 0xf0, 0xff, 0xf0, 0xff, 0xf0, 0xff,
    0xf0, 0xff, 0xf0, 0xff, 0xf0, 0xff, 0xf0, 0xff, 0xf0, 0xff, 0xf0, 0xff, 0xf0, 0xff, 0xf0, 0xff,
    0xf0, 0xff, 0xf0, 0xff, 0xf0, 0xff, 0xf0, 0xff, 0xf0, 0xff, 0xf0, 0xff, 0xf0, 0xff, 0xf0, 0xff,
    0xf0, 0xff, 0xf0, 0xff, 0xf0, 0xff, 0xf0, 0xff, 0xf0, 0xff, 0xf0, 0xff, 0xf0, 0xff, 0xf0, 0xff,
    0xf0, 0xff, 0xf0, 0xff, 0xf0, 0xff, 0xf0, 0xff, 0xf0, 0xff, 0xf0, 0xff, 0xf0, 0xff, 0xf0, 0xff,
    0xf0, 0xff, 0xf0, 0xff, 0xf0, 0xff, 0xf0, 0xff, 0xf0, 0xff, 0xf0, 0xff, 0xf0, 0xff, 0xf0, 0xff,
    0xf0, 0xff, 0xf0, 0xff, 0xf0, 0xff, 0xf0, 0xff, 0xf0, 0xff, 0xf0, 0xff, 0xf0, 0xff, 0xf0, 0xff,
    0xf0, 0xff, 0xf0, 0xff, 0xf0, 0xff, 0xf0, 0xff, 0xf0, 0xff, 0xf0, 0xff, 0xf0, 0xff, 0xf0, 0xff,
    0xf0, 0xff, 0xf0, 0xff, 0xf0, 0xff, 0xf0, 0xff, 0xf0, 0xff, 0xf0, 0xff, 0xf0, 0xff, 0xf0, 0xff,
    0xf0, 0xff, 0xf0, 0xff, 0xf0, 0xff, 0xf0, 0xff, 0xf0, 0xff, 0xf0, 0xff, 0xf0, 0xff, 0xf0, 0xff,
    0xf0, 0xff, 0xf0, 0xff, 0xf0, 0xff, 0xf0, 0xff, 0xf0, 0xff, 0xf0, 0xff, 0xf0, 0xff, 0xf0, 0xff,
    0xf0, 0xff, 0xf0, 0xff, 0xf0, 0xff, 0xf0, 0xff, 0xf0, 0xff, 0xf0, 0xff, 0xf0, 0xff, 0xf0, 0xff,
    0xf0, 0xff, 0xf0, 0xff, 0xf0, 0xff, 0xf0, 0xff, 0xf0, 0xff, 0xf0, 0xff, 0xf0, 0xff, 0xf0, 0xff,
    0xf0, 0xff, 0xf0, 0xff, 0xf0, 0xff, 0xf0, 0xff, 0xf0, 0xff, 0xf0, 0xff, 0xf0, 0xff, 0xf0, 0xff,
    0xf0, 0xff, 0xf0, 0xff, 0xf0, 0xff, 0xf0, 0xff, 0xf0, 0xff, 0xf0, 0xff, 0xf0, 0xff, 0xf0, 0xff,
    0xf0, 0xff, 0xf0, 0xff, 0xf0, 0xff, 0xf0, 0xff, 0xf0, 0xff, 0xf0, 0xff, 0xf0, 0xff, 0xf0, 0xff,
    0xef, 0xff, 0xee, 0xff, 0xed, 0xff, 0xec, 0xff, 0xeb, 0xf7, 0xeb, 0xff, 0xeb, 0xff, 0xeb, 0xff,
    0xeb, 0xff, 0xeb, 0xff, 0xeb, 0xf7, 0xeb, 0xff, 0xe9, 0xff, 0xec, 0xff, 0xe0, 0xff, 0xe0, 0xff,
    0x00, 0x00, 0x00, 0x00, 0x00, 0x00, 0x00, 0x00, 0x00, 0x00, 0x00, 0x00, 0x00, 0x00, 0x00, 0x00,
    0x00, 0x00, 0x00, 0x00, 0x00, 0x00, 0x00, 0x00, 0xec, 0xff, 0xe9, 0xff, 0xeb, 0xff, 0xeb, 0xff,
    0xeb, 0xff, 0xea, 0xf7, 0xeb, 0xf7, 0xeb, 0xff, 0xeb, 0xff, 0xeb, 0xff, 0xeb, 0xff, 0xec, 0xff,
    0xec, 0xff, 0xed, 0xff, 0xee, 0xff, 0xee, 0xff, 0xed, 0xff, 0xed, 0xff, 0xee, 0xff, 0xee, 0xff,
    0xed, 0xff, 0xed, 0xff, 0xed, 0xff, 0xed, 0xff, 0xed, 0xff, 0xed, 0xff, 0xed, 0xff, 0xed, 0xff,
    0xed, 0xff, 0xed, 0xff, 0xed, 0xff, 0xed, 0xff, 0xed, 0xff, 0xed, 0xff, 0xed, 0xff, 0xed, 0xff,
    0xed, 0xff, 0xed, 0xff, 0xed, 0xff, 0xed, 0xff, 0xed, 0xff, 0xed, 0xff, 0xed, 0xff, 0xed, 0xff,
    0xed, 0xff, 0xed, 0xff, 0xed, 0xff, 0xed, 0xff, 0xed, 0xff, 0xed, 0xff, 0xed, 0xff, 0xed, 0xff,
    0xed, 0xff, 0xed, 0xff, 0xed, 0xff, 0xed, 0xff, 0xed, 0xff, 0xed, 0xff, 0xed, 0xff, 0xed, 0xff,
    0xed, 0xff, 0xed, 0xff, 0xed, 0xff, 0xed, 0xff, 0xed, 0xff, 0xed, 0xff, 0xed, 0xff, 0xed, 0xff,
    0xed, 0xff, 0xed, 0xff, 0xed, 0xff, 0xed, 0xff, 0xed, 0xff, 0xed, 0xff, 0xed, 0xff, 0xed, 0xff,
    0xed, 0xff, 0xed, 0xff, 0xed, 0xff, 0xed, 0xff, 0xed, 0xff, 0xed, 0xff, 0xed, 0xff, 0xed, 0xff,
    0xed, 0xff, 0xed, 0xff, 0xed, 0xff, 0xed, 0xff, 0xed, 0xff, 0xed, 0xff, 0xed, 0xff, 0xed, 0xff,
    0xed, 0xff, 0xed, 0xff, 0xed, 0xff, 0xed, 0xff, 0xed, 0xff, 0xed, 0xff, 0xed, 0xff, 0xed, 0xff,
    0xed, 0xff, 0xed, 0xff, 0xed, 0xff, 0xed, 0xff, 0xed, 0xff, 0xed, 0xff, 0xed, 0xff, 0xed, 0xff,
    0xed, 0xff, 0xed, 0xff, 0xed, 0xff, 0xed, 0xff, 0xed, 0xff, 0xed, 0xff, 0xed, 0xff, 0xed, 0xff,
    0xed, 0xff, 0xed, 0xff, 0xed, 0xff, 0xed, 0xff, 0xed, 0xff, 0xed, 0xff, 0xed, 0xff, 0xed, 0xff,
    0xed, 0xff, 0xed, 0xff, 0xed, 0xff, 0xed, 0xff, 0xed, 0xff, 0xed, 0xff, 0xed, 0xff, 0xed, 0xff,
    0xed, 0xff, 0xed, 0xff, 0xed, 0xff, 0xee, 0xff, 0xee, 0xff, 0xee, 0xff, 0xed, 0xff, 0xec, 0xff,
    0xec, 0xff, 0xeb, 0xf7, 0xeb, 0xff, 0xeb, 0xf7, 0xeb, 0xff, 0xeb, 0xff, 0xec, 0xff, 0xeb, 0xff,
    0xeb, 0xf7, 0xec, 0xff, 0xeb, 0xff, 0xf0, 0xff, 0xe0, 0xff, 0xe0, 0xff, 0xe0, 0xff, 0x00, 0x00,
    0x00, 0x00, 0x00, 0x00, 0x00, 0x00, 0x00, 0x00, 0x00, 0x00, 0x00, 0x00, 0x00, 0x00, 0x00, 0x00,
    0x00, 0x00, 0x00, 0x00, 0x00, 0x00, 0xe0, 0xff, 0xed, 0xff, 0xeb, 0xff, 0xeb, 0xff, 0xec, 0xff,
    0xec, 0xff, 0xec, 0xff, 0xeb, 0xf7, 0xea, 0xff, 0xeb, 0xff, 0xeb, 0xf7, 0xeb, 0xf7, 0xeb, 0xff,
    0xeb, 0xf7, 0xec, 0xff, 0xeb, 0xff, 0xec, 0xff, 0xec, 0xff, 0xec, 0xff, 0xec, 0xff, 0xec, 0xff,
    0xec, 0xff, 0xec, 0xff, 0xec, 0xff, 0xec, 0xff, 0xec, 0xff, 0xec, 0xff, 0xec, 0xff, 0xec, 0xff,
    0xec, 0xff, 0xec, 0xff, 0xec, 0xff, 0xec, 0xff, 0xec, 0xff, 0xec, 0xff, 0xec, 0xff, 0xec, 0xff,
    0xec, 0xff, 0xec, 0xff, 0xec, 0xff, 0xec, 0xff, 0xec, 0xff, 0xec, 0xff, 0xec, 0xff, 0xec, 0xff,
    0xec, 0xff, 0xec, 0xff, 0xec, 0xff, 0xec, 0xff, 0xec, 0xff, 0xec, 0xff, 0xec, 0xff, 0xec, 0xff,
    0xec, 0xff, 0xec, 0xff, 0xec, 0xff, 0xec, 0xff, 0xec, 0xff, 0xec, 0xff, 0xec, 0xff, 0xec, 0xff,
    0xec, 0xff, 0xec, 0xff, 0xec, 0xff, 0xec, 0xff, 0xec, 0xff, 0xec, 0xff, 0xec, 0xff, 0xec, 0xff,
    0xec, 0xff, 0xec, 0xff, 0xec, 0xff, 0xec, 0xff, 0xec, 0xff, 0xec, 0xff, 0xec, 0xff, 0xec, 0xff,
    0xec, 0xff, 0xec, 0xff, 0xec, 0xff, 0xec, 0xff, 0xec, 0xff, 0xec, 0xff, 0xec, 0xff, 0xec, 0xff,
    0xec, 0xff, 0xec, 0xff, 0xec, 0xff, 0xec, 0xff, 0xec, 0xff, 0xec, 0xff, 0xec, 0xff, 0xec, 0xff,
    0xec, 0xff, 0xec, 0xff, 0xec, 0xff, 0xec, 0xff, 0xec, 0xff, 0xec, 0xff, 0xec, 0xff, 0xec, 0xff,
    0xec, 0xff, 0xec, 0xff, 0xec, 0xff, 0xec, 0xff, 0xec, 0xff, 0xec, 0xff, 0xec, 0xff, 0xec, 0xff,
    0xec, 0xff, 0xec, 0xff, 0xec, 0xff, 0xec, 0xff, 0xec, 0xff, 0xec, 0xff, 0xec, 0xff, 0xec, 0xff,
    0xec, 0xff, 0xec, 0xff, 0xec, 0xff, 0xec, 0xff, 0xec, 0xff, 0xec, 0xff, 0xec, 0xff, 0xec, 0xff,
    0xec, 0xff, 0xec, 0xff, 0xec, 0xff, 0xec, 0xff, 0xec, 0xff, 0xec, 0xff, 0xec, 0xff, 0xec, 0xff,
    0xec, 0xff, 0xec, 0xff, 0xeb, 0xff, 0xec, 0xff, 0xec, 0xf7, 0xeb, 0xff, 0xeb, 0xff, 0xeb, 0xff,
    0xeb, 0xf7, 0xeb, 0xff, 0xeb, 0xff, 0xeb, 0xf7, 0xeb, 0xff, 0xeb, 0xff, 0xeb, 0xf7, 0xec, 0xff,
    0xea, 0xff, 0xed, 0xff, 0xe0, 0xff, 0xe0, 0xff, 0xe0, 0xff, 0x00, 0x00, 0x00, 0x00, 0x00, 0x00,
    0x00, 0x00, 0x00, 0x00, 0x00, 0x00, 0x00, 0x00, 0x00, 0x00, 0x00, 0x00, 0x00, 0x00, 0x00, 0x00,
    0x00, 0x00, 0x00, 0x00, 0xe0, 0xff, 0xe0, 0xff, 0xf0, 0xff, 0xe9, 0xff, 0xec, 0xff, 0xea, 0xff,
    0xea, 0xf7, 0xeb, 0xff, 0xeb, 0xff, 0xeb, 0xf7, 0xeb, 0xff, 0xeb, 0xff, 0xeb, 0xf7, 0xeb, 0xf7,
    0xeb, 0xff, 0xeb, 0xff, 0xeb, 0xff, 0xeb, 0xff, 0xeb, 0xf7, 0xeb, 0xff, 0xeb, 0xff, 0xeb, 0xff,
    0xeb, 0xff, 0xeb, 0xff, 0xeb, 0xff, 0xeb, 0xff, 0xeb, 0xff, 0xeb, 0xff, 0xeb, 0xff, 0xeb, 0xff,
    0xeb, 0xff, 0xeb, 0xff, 0xeb, 0xff, 0xeb, 0xff, 0xeb, 0xff, 0xeb, 0xff, 0xeb, 0xff, 0xeb, 0xff,
    0xeb, 0xff, 0xeb, 0xff, 0xeb, 0xff, 0xeb, 0xff, 0xeb, 0xff, 0xeb, 0xff, 0xeb, 0xff, 0xeb, 0xff,
    0xeb, 0xff, 0xeb, 0xff, 0xeb, 0xff, 0xeb, 0xff, 0xeb, 0xff, 0xeb, 0xff, 0xeb, 0xff, 0xeb, 0xff,
    0xeb, 0xff, 0xeb, 0xff, 0xeb, 0xff, 0xeb, 0xff, 0xeb, 0xff, 0xeb, 0xff, 0xeb, 0xff, 0xeb, 0xff,
    0xeb, 0xff, 0xeb, 0xff, 0xeb, 0xff, 0xeb, 0xff, 0xeb, 0xff, 0xeb, 0xff, 0xeb, 0xff, 0xeb, 0xff,
    0xeb, 0xff, 0xeb, 0xff, 0xeb, 0xff, 0xeb, 0xff, 0xeb, 0xff, 0xeb, 0xff, 0xeb, 0xff, 0xeb, 0xff,
    0xeb, 0xff, 0xeb, 0xff, 0xeb, 0xff, 0xeb, 0xff, 0xeb, 0xff, 0xeb, 0xff, 0xeb, 0xff, 0xeb, 0xff,
    0xeb, 0xff, 0xeb, 0xff, 0xeb, 0xff, 0xeb, 0xff, 0xeb, 0xff, 0xeb, 0xff, 0xeb, 0xff, 0xeb, 0xff,
    0xeb, 0xff, 0xeb, 0xff, 0xeb, 0xff, 0xeb, 0xff, 0xeb, 0xff, 0xeb, 0xff, 0xeb, 0xff, 0xeb, 0xff,
    0xeb, 0xff, 0xeb, 0xff, 0xeb, 0xff, 0xeb, 0xff, 0xeb, 0xff, 0xeb, 0xff, 0xeb, 0xff, 0xeb, 0xff,
    0xeb, 0xff, 0xeb, 0xff, 0xeb, 0xff, 0xeb, 0xff, 0xeb, 0xff, 0xeb, 0xff, 0xeb, 0xff, 0xeb, 0xff,
    0xeb, 0xff, 0xeb, 0xff, 0xeb, 0xff, 0xeb, 0xff, 0xeb, 0xff, 0xeb, 0xff, 0xeb, 0xff, 0xeb, 0xff,
    0xeb, 0xff, 0xeb, 0xff, 0xeb, 0xff, 0xeb, 0xff, 0xeb, 0xff, 0xeb, 0xff, 0xeb, 0xff, 0xeb, 0xff,
    0xeb, 0xff, 0xeb, 0xff, 0xeb, 0xff, 0xeb, 0xf7, 0xeb, 0xf7, 0xeb, 0xf7, 0xeb, 0xff, 0xeb, 0xff,
    0xeb, 0xf7, 0xec, 0xff, 0xeb, 0xff, 0xec, 0xf7, 0xec, 0xf7, 0xeb, 0xff, 0xeb, 0xff, 0xed, 0xff,
    0xe0, 0xff, 0xe0, 0xff, 0xe0, 0xff, 0x00, 0x00, 0x00, 0x00, 0x00, 0x00, 0x00, 0x00, 0x00, 0x00,
    0x00, 0x00, 0x00, 0x00, 0x00, 0x00, 0x00, 0x00, 0x00, 0x00, 0x00, 0x00, 0x00, 0x00, 0x00, 0x00,
    0x00, 0x00, 0xe0, 0xff, 0xe0, 0xff, 0xe0, 0xff, 0xe0, 0xff, 0xec, 0xff, 0xe9, 0xff, 0xec, 0xff,
    0xec, 0xf7, 0xea, 0xf7, 0xea, 0xff, 0xea, 0xff, 0xeb, 0xf7, 0xeb, 0xf7, 0xeb, 0xff, 0xeb, 0xff,
    0xeb, 0xff, 0xeb, 0xff, 0xeb, 0xff, 0xeb, 0xf7, 0xeb, 0xff, 0xeb, 0xff, 0xeb, 0xff, 0xeb, 0xff,
    0xeb, 0xff, 0xeb, 0xff, 0xeb, 0xff, 0xeb, 0xff, 0xeb, 0xff, 0xeb, 0xff, 0xeb, 0xff, 0xeb, 0xff,
    0xeb, 0xff, 0xeb, 0xff, 0xeb, 0xff, 0xeb, 0xff, 0xeb, 0xff, 0xeb, 0xff, 0xeb, 0xff, 0xeb, 0xff,
    0xeb, 0xff, 0xeb, 0xff, 0xeb, 0xff, 0xeb, 0xff, 0xeb, 0xff, 0xeb, 0xff, 0xeb, 0xff, 0xeb, 0xff,
    0xeb, 0xff, 0xeb, 0xff, 0xeb, 0xff, 0xeb, 0xff, 0xeb, 0xff, 0xeb, 0xff, 0xeb, 0xff, 0xeb, 0xff,
    0xeb, 0xff, 0xeb, 0xff, 0xeb, 0xff, 0xeb, 0xff, 0xeb, 0xff, 0xeb, 0xff, 0xeb, 0xff, 0xeb, 0xff,
    0xeb, 0xff, 0xeb, 0xff, 0xeb, 0xff, 0xeb, 0xff, 0xeb, 0xff, 0xeb, 0xff, 0xeb, 0xff, 0xeb, 0xff,
    0xeb, 0xff, 0xeb, 0xff, 0xeb, 0xff, 0xeb, 0xff, 0xeb, 0xff, 0xeb, 0xff, 0xeb, 0xff, 0xeb, 0xff,
    0xeb, 0xff, 0xeb, 0xff, 0xeb, 0xff, 0xeb, 0xff, 0xeb, 0xff, 0xeb, 0xff, 0xeb, 0xff, 0xeb, 0xff,
    0xeb, 0xff, 0xeb, 0xff, 0xeb, 0xff, 0xeb, 0xff, 0xeb, 0xff, 0xeb, 0xff, 0xeb, 0xff, 0xeb, 0xff,
    0xeb, 0xff, 0xeb, 0xff, 0xeb, 0xff, 0xeb, 0xff, 0xeb, 0xff, 0xeb, 0xff, 0xeb, 0xff, 0xeb, 0xff,
    0xeb, 0xff, 0xeb, 0xff, 0xeb, 0xff, 0xeb, 0xff, 0xeb, 0xff, 0xeb, 0xff, 0xeb, 0xff, 0xeb, 0xff,
    0xeb, 0xff, 0xeb, 0xff, 0xeb, 0xff, 0xeb, 0xff, 0xeb, 0xff, 0xeb, 0xff, 0xeb, 0xff, 0xeb, 0xff,
    0xeb, 0xff, 0xeb, 0xff, 0xeb, 0xff, 0xeb, 0xff, 0xeb, 0xff, 0xeb, 0xff, 0xeb, 0xff, 0xeb, 0xff,
    0xeb, 0xff, 0xeb, 0xff, 0xeb, 0xff, 0xeb, 0xff, 0xeb, 0xff, 0xeb, 0xff, 0xeb, 0xff, 0xeb, 0xff,
    0xeb, 0xff, 0xeb, 0xff, 0xeb, 0xff, 0xeb, 0xff, 0xeb, 0xf7, 0xeb, 0xff, 0xea, 0xff, 0xeb, 0xff,
    0xeb, 0xff, 0xeb, 0xf7, 0xea, 0xff, 0xec, 0xff, 0xe9, 0xff, 0xf0, 0xff, 0xe0, 0xff, 0xe0, 0xff,
    0xe0, 0xff, 0x00, 0x00, 0x00, 0x00, 0x00, 0x00, 0x00, 0x00, 0x00, 0x00, 0x00, 0x00, 0x00, 0x00,
    0x00, 0x00, 0x00, 0x00, 0x00, 0x00, 0x00, 0x00, 0x00, 0x00, 0x00, 0x00, 0x00, 0x00, 0x00, 0x00,
    0x00, 0x00, 0xe0, 0xff, 0xe0, 0xff, 0xe0, 0xff, 0xe0, 0xff, 0xed, 0xff, 0xe9, 0xff, 0xec, 0xff,
    0xeb, 0xff, 0xec, 0xf7, 0xeb, 0xf7, 0xeb, 0xff, 0xeb, 0xff, 0xeb, 0xff, 0xeb, 0xff, 0xec, 0xff,
    0xeb, 0xff, 0xeb, 0xf7, 0xeb, 0xff, 0xeb, 0xf7, 0xeb, 0xf7, 0xeb, 0xf7, 0xeb, 0xf7, 0xeb, 0xf7,
    0xeb, 0xf7, 0xeb, 0xf7, 0xeb, 0xf7, 0xeb, 0xf7, 0xeb, 0xf7, 0xeb, 0xf7, 0xeb, 0xf7, 0xeb, 0xf7,
    0xeb, 0xf7, 0xeb, 0xf7, 0xeb, 0xf7, 0xeb, 0xf7, 0xeb, 0xf7, 0xeb, 0xf7, 0xeb, 0xf7, 0xeb, 0xf7,
    0xeb, 0xf7, 0xeb, 0xf7, 0xeb, 0xf7, 0xeb, 0xf7, 0xeb, 0xf7, 0xeb, 0xf7, 0xeb, 0xf7, 0xeb, 0xf7,
    0xeb, 0xf7, 0xeb, 0xf7, 0xeb, 0xf7, 0xeb, 0xf7, 0xeb, 0xf7, 0xeb, 0xf7, 0xeb, 0xf7, 0xeb, 0xf7,
    0xeb, 0xf7, 0xeb, 0xf7, 0xeb, 0xf7, 0xeb, 0xf7, 0xeb, 0xf7, 0xeb, 0xf7, 0xeb, 0xf7, 0xeb, 0xf7,
    0xeb, 0xf7, 0xeb, 0xf7, 0xeb, 0xf7, 0xeb, 0xf7, 0xeb, 0xf7, 0xeb, 0xf7, 0xeb, 0xf7, 0xeb, 0xf7,
    0xeb, 0xf7, 0xeb, 0xf7, 0xeb, 0xf7, 0xeb, 0xf7, 0xeb, 0xf7, 0xeb, 0xf7, 0xeb, 0xf7, 0xeb, 0xf7,
    0xeb, 0xf7, 0xeb, 0xf7, 0xeb, 0xf7, 0xeb, 0xf7, 0xeb, 0xf7, 0xeb, 0xf7, 0xeb, 0xf7, 0xeb, 0xf7,
    0xeb, 0xf7, 0xeb, 0xf7, 0xeb, 0xf7, 0xeb, 0xf7, 0xeb, 0xf7, 0xeb, 0xf7, 0xeb, 0xf7, 0xeb, 0xf7,
    0xeb, 0xf7, 0xeb, 0xf7, 0xeb, 0xf7, 0xeb, 0xf7, 0xeb, 0xf7, 0xeb, 0xf7, 0xeb, 0xf7, 0xeb, 0xf7,
    0xeb, 0xf7, 0xeb, 0xf7, 0xeb, 0xf7, 0xeb, 0xf7, 0xeb, 0xf7, 0xeb, 0xf7, 0xeb, 0xf7, 0xeb, 0xf7,
    0xeb, 0xf7, 0xeb, 0xf7, 0xeb, 0xf7, 0xeb, 0xf7, 0xeb, 0xf7, 0xeb, 0xf7, 0xeb, 0xf7, 0xeb, 0xf7,
    0xeb, 0xf7, 0xeb, 0xf7, 0xeb, 0xf7, 0xeb, 0xf7, 0xeb, 0xf7, 0xeb, 0xf7, 0xeb, 0xf7, 0xeb, 0xf7,
    0xeb, 0xf7, 0xeb, 0xf7, 0xeb, 0xf7, 0xeb, 0xff, 0xeb, 0xff, 0xeb, 0xf7, 0xeb, 0xf7, 0xeb, 0xf7,
    0xeb, 0xff, 0xeb, 0xff, 0xeb, 0xff, 0xea, 0xff, 0xeb, 0xff, 0xeb, 0xf7, 0xeb, 0xf7, 0xea, 0xff,
    0xeb, 0xff, 0xea, 0xff, 0xec, 0xff, 0xec, 0xff, 0xe0, 0xff, 0xe0, 0xff, 0xe0, 0xff, 0x00, 0x00,
    0x00, 0x00, 0x00, 0x00, 0x00, 0x00, 0x00, 0x00, 0x00, 0x00, 0x00, 0x00, 0x00, 0x00, 0x00, 0x00,
    0x00, 0x00, 0x00, 0x00, 0x00, 0x00, 0x00, 0x00, 0x00, 0x00, 0x00, 0x00, 0x00, 0x00, 0x00, 0x00,
    0x00, 0x00, 0x00, 0x00, 0xe0, 0xff, 0xe0, 0xff, 0xe0, 0xff, 0xec, 0xff, 0xec, 0xff, 0xeb, 0xff,
    0xec, 0xff, 0xeb, 0xff, 0xeb, 0xf7, 0xec, 0xf7, 0xeb, 0xf7, 0xeb, 0xf7, 0xec, 0xf7, 0xec, 0xff,
    0xeb, 0xff, 0xeb, 0xff, 0xeb, 0xff, 0xeb, 0xff, 0xeb, 0xff, 0xeb, 0xff, 0xeb, 0xff, 0xeb, 0xff,
    0xeb, 0xff, 0xeb, 0xff, 0xeb, 0xff, 0xeb, 0xff, 0xeb, 0xff, 0xeb, 0xff, 0xeb, 0xff, 0xeb, 0xff,
    0xeb, 0xff, 0xeb, 0xff, 0xeb, 0xff, 0xeb, 0xff, 0xeb, 0xff, 0xeb, 0xff, 0xeb, 0xff, 0xeb, 0xff,
    0xeb, 0xff, 0xeb, 0xff, 0xeb, 0xff, 0xeb, 0xff, 0xeb, 0xff, 0xeb, 0xff, 0xeb, 0xff, 0xeb, 0xff,
    0xeb, 0xff, 0xeb, 0xff, 0xeb, 0xff, 0xeb, 0xff, 0xeb, 0xff, 0xeb, 0xff, 0xeb, 0xff, 0xeb, 0xff,
    0xeb, 0xff, 0xeb, 0xff, 0xeb, 0xff, 0xeb, 0xff, 0xeb, 0xff, 0xeb, 0xff, 0xeb, 0xff, 0xeb, 0xff,
    0xeb, 0xff, 0xeb, 0xff, 0xeb, 0xff, 0xeb, 0xff, 0xeb, 0xff, 0xeb, 0xff, 0xeb, 0xff, 0xeb, 0xff,
    0xeb, 0xff, 0xeb, 0xff, 0xeb, 0xff, 0xeb, 0xff, 0xeb, 0xff, 0xeb, 0xff, 0xeb, 0xff, 0xeb, 0xff,
    0xeb, 0xff, 0xeb, 0xff, 0xeb, 0xff, 0xeb, 0xff, 0xeb, 0xff, 0xeb, 0xff, 0xeb, 0xff, 0xeb, 0xff,
    0xeb, 0xff, 0xeb, 0xff, 0xeb, 0xff, 0xeb, 0xff, 0xeb, 0xff, 0xeb, 0xff, 0xeb, 0xff, 0xeb, 0xff,
    0xeb, 0xff, 0xeb, 0xff, 0xeb, 0xff, 0xeb, 0xff, 0xeb, 0xff, 0xeb, 0xff, 0xeb, 0xff, 0xeb, 0xff,
    0xeb, 0xff, 0xeb, 0xff, 0xeb, 0xff, 0xeb, 0xff, 0xeb, 0xff, 0xeb, 0xff, 0xeb, 0xff, 0xeb, 0xff,
    0xeb, 0xff, 0xeb, 0xff, 0xeb, 0xff, 0xeb, 0xff, 0xeb, 0xff, 0xeb, 0xff, 0xeb, 0xff, 0xeb, 0xff,
    0xeb, 0xff, 0xeb, 0xff, 0xeb, 0xff, 0xeb, 0xff, 0xeb, 0xff, 0xeb, 0xff, 0xeb, 0xff, 0xeb, 0xff,
    0xeb, 0xff, 0xeb, 0xff, 0xeb, 0xff, 0xeb, 0xff, 0xeb, 0xff, 0xec, 0xff, 0xec, 0xf7, 0xeb, 0xf7,
    0xea, 0xf7, 0xeb, 0xf7, 0xec, 0xff, 0xea, 0xff, 0xeb, 0xff, 0xec, 0xff, 0xea, 0xff, 0xea, 0xff,
    0xf0, 0xff, 0xe0, 0xff, 0xe0, 0xff, 0xe0, 0x87, 0xe0, 0xff, 0x00, 0x00, 0x00, 0x00, 0x00, 0x00,
    0x00, 0x00, 0x00, 0x00, 0x00, 0x00, 0x00, 0x00, 0x00, 0x00, 0x00, 0x00, 0x00, 0x00, 0x00, 0x00,
    0x00, 0x00, 0x00, 0x00, 0x00, 0x00, 0x00, 0x00, 0x00, 0x00, 0x00, 0x00, 0x00, 0x00, 0x00, 0x00,
    0x00, 0x00, 0x00, 0x00, 0xe0, 0xff, 0xe0, 0xff, 0xe0, 0xff, 0xe0, 0xff, 0xf0, 0xff, 0xec, 0xff,
    0xe9, 0xff, 0xea, 0xff, 0xe9, 0xff, 0xec, 0xff, 0xec, 0xff, 0xeb, 0xff, 0xeb, 0xff, 0xeb, 0xff,
    0xeb, 0xff, 0xeb, 0xff, 0xeb, 0xff, 0xeb, 0xff, 0xeb, 0xff, 0xeb, 0xff, 0xeb, 0xff, 0xeb, 0xff,
    0xeb, 0xff, 0xeb, 0xff, 0xeb, 0xff, 0xeb, 0xff, 0xeb, 0xff, 0xeb, 0xff, 0xeb, 0xff, 0xeb, 0xff,
    0xeb, 0xff, 0xeb, 0xff, 0xeb, 0xff, 0xeb, 0xff, 0xeb, 0xff, 0xeb, 0xff, 0xeb, 0xff, 0xeb, 0xff,
    0xeb, 0xff, 0xeb, 0xff, 0xeb, 0xff, 0xeb, 0xff, 0xeb, 0xff, 0xeb, 0xff, 0xeb, 0xff, 0xeb, 0xff,
    0xeb, 0xff, 0xeb, 0xff, 0xeb, 0xff, 0xeb, 0xff, 0xeb, 0xff, 0xeb, 0xff, 0xeb, 0xff, 0xeb, 0xff,
    0xeb, 0xff, 0xeb, 0xff, 0xeb, 0xff, 0xeb, 0xff, 0xeb, 0xff, 0xeb, 0xff, 0xeb, 0xff, 0xeb, 0xff,
    0xeb, 0xff, 0xeb, 0xff, 0xeb, 0xff, 0xeb, 0xff, 0xeb, 0xff, 0xeb, 0xff, 0xeb, 0xff, 0xeb, 0xff,
    0xeb, 0xff, 0xeb, 0xff, 0xeb, 0xff, 0xeb, 0xff, 0xeb, 0xff, 0xeb, 0xff, 0xeb, 0xff, 0xeb, 0xff,
    0xeb, 0xff, 0xeb, 0xff, 0xeb, 0xff, 0xeb, 0xff, 0xeb, 0xff, 0xeb, 0xff, 0xeb, 0xff, 0xeb, 0xff,
    0xeb, 0xff, 0xeb, 0xff, 0xeb, 0xff, 0xeb, 0xff, 0xeb, 0xff, 0xeb, 0xff, 0xeb, 0xff, 0xeb, 0xff,
    0xeb, 0xff, 0xeb, 0xff, 0xeb, 0xff, 0xeb, 0xff, 0xeb, 0xff, 0xeb, 0xff, 0xeb, 0xff, 0xeb, 0xff,
    0xeb, 0xff, 0xeb, 0xff, 0xeb, 0xff, 0xeb, 0xff, 0xeb, 0xff, 0xeb, 0xff, 0xeb, 0xff, 0xeb, 0xff,
    0xeb, 0xff, 0xeb, 0xff, 0xeb, 0xff, 0xeb, 0xff, 0xeb, 0xff, 0xeb, 0xff, 0xeb, 0xff, 0xeb, 0xff,
    0xeb, 0xff, 0xeb, 0xff, 0xeb, 0xff, 0xeb, 0xff, 0xeb, 0xff, 0xeb, 0xff, 0xeb, 0xff, 0xeb, 0xff,
    0xeb, 0xff, 0xeb, 0xff, 0xeb, 0xff, 0xeb, 0xff, 0xeb, 0xff, 0xeb, 0xff, 0xec, 0xff, 0xeb, 0xff,
    0xec, 0xff, 0xe9, 0xff, 0xea, 0xff, 0xe9, 0xff, 0xec, 0xff, 0xf0, 0xff, 0xe0, 0xff, 0xe0, 0xff,
    0xe0, 0xff, 0xe0, 0xff, 0xe0, 0xff, 0x00, 0x00, 0x00, 0x00, 0x00, 0x00, 0x00, 0x00, 0x00, 0x00,
    0x00, 0x00, 0x00, 0x00, 0x00, 0x00, 0x00, 0x00, 0x00, 0x00, 0x00, 0x00, 0x00, 0x00, 0x00, 0x00,
    0x00, 0x00, 0x00, 0x00, 0x00, 0x00, 0x00, 0x00, 0x00, 0x00, 0x00, 0x00, 0x00, 0x00, 0x00, 0x00,
    0x00, 0x00, 0x00, 0x00, 0xe0, 0xff, 0xe0, 0xff, 0xe0, 0xff, 0xe0, 0xff, 0xe0, 0xff, 0xe0, 0xff,
    0xf0, 0xff, 0xed, 0xff, 0xec, 0xff, 0xea, 0xff, 0xea, 0xff, 0xe9, 0xff, 0xe9, 0xff, 0xe9, 0xff,
    0xe9, 0xff, 0xe9, 0xff, 0xe9, 0xff, 0xe9, 0xff, 0xe9, 0xff, 0xe9, 0xff, 0xe9, 0xff, 0xe9, 0xff,
    0xe9, 0xff, 0xe9, 0xff, 0xe9, 0xff, 0xe9, 0xff, 0xe9, 0xff, 0xe9, 0xff, 0xe9, 0xff, 0xe9, 0xff,
    0xe9, 0xff, 0xe9, 0xff, 0xe9, 0xff, 0xe9, 0xff, 0xe9, 0xff, 0xe9, 0xff, 0xe9, 0xff, 0xe9, 0xff,
    0xe9, 0xff, 0xe9, 0xff, 0xe9, 0xff, 0xe9, 0xff, 0xe9, 0xff, 0xe9, 0xff, 0xe9, 0xff, 0xe9, 0xff,
    0xe9, 0xff, 0xe9, 0xff, 0xe9, 0xff, 0xe9, 0xff, 0xe9, 0xff, 0xe9, 0xff, 0xe9, 0xff, 0xe9, 0xff,
    0xe9, 0xff, 0xe9, 0xff, 0xe9, 0xff, 0xe9, 0xff, 0xe9, 0xff, 0xe9, 0xff, 0xe9, 0xff, 0xe9, 0xff,
    0xe9, 0xff, 0xe9, 0xff, 0xe9, 0xff, 0xe9, 0xff, 0xe9, 0xff, 0xe9, 0xff, 0xe9, 0xff, 0xe9, 0xff,
    0xe9, 0xff, 0xe9, 0xff, 0xe9, 0xff, 0xe9, 0xff, 0xe9, 0xff, 0xe9, 0xff, 0xe9, 0xff, 0xe9, 0xff,
    0xe9, 0xff, 0xe9, 0xff, 0xe9, 0xff, 0xe9, 0xff, 0xe9, 0xff, 0xe9, 0xff, 0xe9, 0xff, 0xe9, 0xff,
    0xe9, 0xff, 0xe9, 0xff, 0xe9, 0xff, 0xe9, 0xff, 0xe9, 0xff, 0xe9, 0xff, 0xe9, 0xff, 0xe9, 0xff,
    0xe9, 0xff, 0xe9, 0xff, 0xe9, 0xff, 0xe9, 0xff, 0xe9, 0xff, 0xe9, 0xff, 0xe9, 0xff, 0xe9, 0xff,
    0xe9, 0xff, 0xe9, 0xff, 0xe9, 0xff, 0xe9, 0xff, 0xe9, 0xff, 0xe9, 0xff, 0xe9, 0xff, 0xe9, 0xff,
    0xe9, 0xff, 0xe9, 0xff, 0xe9, 0xff, 0xe9, 0xff, 0xe9, 0xff, 0xe9, 0xff, 0xe9, 0xff, 0xe9, 0xff,
    0xe9, 0xff, 0xe9, 0xff, 0xe9, 0xff, 0xe9, 0xff, 0xe9, 0xff, 0xe9, 0xff, 0xe9, 0xff, 0xe9, 0xff,
    0xe9, 0xff, 0xe9, 0xff, 0xe9, 0xff, 0xe9, 0xff, 0xea, 0xff, 0xea, 0xff, 0xec, 0xff, 0xed, 0xff,
    0xf0, 0xff, 0xec, 0xff, 0xe0, 0xff, 0xe0, 0xff, 0xe0, 0xff, 0xe0, 0xff, 0xe0, 0xff, 0xe0, 0xff,
    0x00, 0x00, 0x00, 0x00, 0x00, 0x00, 0x00, 0x00, 0x00, 0x00, 0x00, 0x00, 0x00, 0x00, 0x00, 0x00,
    0x00, 0x00, 0x00, 0x00, 0x00, 0x00, 0x00, 0x00, 0x00, 0x00, 0x00, 0x00, 0x00, 0x00, 0x00, 0x00,
    0x00, 0x00, 0x00, 0x00, 0x00, 0x00, 0x00, 0x00, 0x00, 0x00, 0x00, 0x00, 0x00, 0x00, 0x00, 0x00,
    0x00, 0x00, 0x00, 0x00, 0x00, 0x00, 0xe0, 0x07, 0xe0, 0xff, 0xe0, 0xff, 0xe0, 0xff, 0xe0, 0xff,
    0xe0, 0xff, 0xe0, 0xff, 0xe0, 0xff, 0xe0, 0xff, 0xe0, 0xff, 0xe0, 0xff, 0xe0, 0xff, 0xe0, 0xff,
    0xe0, 0xff, 0xe0, 0xff, 0xe0, 0xff, 0xe0, 0xff, 0xe0, 0xff, 0xe0, 0xff, 0xe0, 0xff, 0xe0, 0xff,
    0xe0, 0xff, 0xe0, 0xff, 0xe0, 0xff, 0xe0, 0xff, 0xe0, 0xff, 0xe0, 0xff, 0xe0, 0xff, 0xe0, 0xff,
    0xe0, 0xff, 0xe0, 0xff, 0xe0, 0xff, 0xe0, 0xff, 0xe0, 0xff, 0xe0, 0xff, 0xe0, 0xff, 0xe0, 0xff,
    0xe0, 0xff, 0xe0, 0xff, 0xe0, 0xff, 0xe0, 0xff, 0xe0, 0xff, 0xe0, 0xff, 0xe0, 0xff, 0xe0, 0xff,
    0xe0, 0xff, 0xe0, 0xff, 0xe0, 0xff, 0xe0, 0xff, 0xe0, 0xff, 0xe0, 0xff, 0xe0, 0xff, 0xe0, 0xff,
    0xe0, 0xff, 0xe0, 0xff, 0xe0, 0xff, 0xe0, 0xff, 0xe0, 0xff, 0xe0, 0xff, 0xe0, 0xff, 0xe0, 0xff,
    0xe0, 0xff, 0xe0, 0xff, 0xe0, 0xff, 0xe0, 0xff, 0xe0, 0xff, 0xe0, 0xff, 0xe0, 0xff, 0xe0, 0xff,
    0xe0, 0xff, 0xe0, 0xff, 0xe0, 0xff, 0xe0, 0xff, 0xe0, 0xff, 0xe0, 0xff, 0xe0, 0xff, 0xe0, 0xff,
    0xe0, 0xff, 0xe0, 0xff, 0xe0, 0xff, 0xe0, 0xff, 0xe0, 0xff, 0xe0, 0xff, 0xe0, 0xff, 0xe0, 0xff,
    0xe0, 0xff, 0xe0, 0xff, 0xe0, 0xff, 0xe0, 0xff, 0xe0, 0xff, 0xe0, 0xff, 0xe0, 0xff, 0xe0, 0xff,
    0xe0, 0xff, 0xe0, 0xff, 0xe0, 0xff, 0xe0, 0xff, 0xe0, 0xff, 0xe0, 0xff, 0xe0, 0xff, 0xe0, 0xff,
    0xe0, 0xff, 0xe0, 0xff, 0xe0, 0xff, 0xe0, 0xff, 0xe0, 0xff, 0xe0, 0xff, 0xe0, 0xff, 0xe0, 0xff,
    0xe0, 0xff, 0xe0, 0xff, 0xe0, 0xff, 0xe0, 0xff, 0xe0, 0xff, 0xe0, 0xff, 0xe0, 0xff, 0xe0, 0xff,
    0xe0, 0xff, 0xe0, 0xff, 0xe0, 0xff, 0xe0, 0xff, 0xe0, 0xff, 0xe0, 0xff, 0xe0, 0xff, 0xe0, 0xff,
    0xe0, 0xff, 0xe0, 0xff, 0xe0, 0xff, 0xe0, 0xff, 0xe0, 0xff, 0xe0, 0xff, 0xe0, 0xff, 0xe0, 0xff,
    0xe0, 0xff, 0xe0, 0xff, 0xe0, 0xff, 0xe0, 0xff, 0x00, 0x00, 0x00, 0x00, 0x00, 0x00, 0x00, 0x00,
    0x00, 0x00, 0x00, 0x00, 0x00, 0x00, 0x00, 0x00, 0x00, 0x00, 0x00, 0x00, 0x00, 0x00, 0x00, 0x00,
    0x00, 0x00, 0x00, 0x00, 0x00, 0x00, 0x00, 0x00, 0x00, 0x00, 0x00, 0x00, 0x00, 0x00, 0x00, 0x00,
    0x00, 0x00, 0x00, 0x00, 0x00, 0x00, 0x00, 0x00, 0x00, 0x00, 0x00, 0x00, 0x00, 0x00, 0x00, 0x00,
    0x00, 0x00, 0x00, 0x00, 0x00, 0x00, 0x00, 0x00, 0x00, 0x00, 0x00, 0x00, 0x00, 0x00, 0xe0, 0xff,
    0xe0, 0xff, 0xe0, 0xff, 0xe0, 0xff, 0xe0, 0xff, 0xe0, 0xff, 0xe0, 0xff, 0xe0, 0xff, 0xe0, 0xff,
    0xe0, 0xff, 0xe0, 0xff, 0xe0, 0xff, 0xe0, 0xff, 0xe0, 0xff, 0xe0, 0xff, 0xe0, 0xff, 0xe0, 0xff,
    0xe0, 0xff, 0xe0, 0xff, 0xe0, 0xff, 0xe0, 0xff, 0xe0, 0xff, 0xe0, 0xff, 0xe0, 0xff, 0xe0, 0xff,
    0xe0, 0xff, 0xe0, 0xff, 0xe0, 0xff, 0xe0, 0xff, 0xe0, 0xff, 0xe0, 0xff, 0xe0, 0xff, 0xe0, 0xff,
    0xe0, 0xff, 0xe0, 0xff, 0xe0, 0xff, 0xe0, 0xff, 0xe0, 0xff, 0xe0, 0xff, 0xe0, 0xff, 0xe0, 0xff,
    0xe0, 0xff, 0xe0, 0xff, 0xe0, 0xff, 0xe0, 0xff, 0xe0, 0xff, 0xe0, 0xff, 0xe0, 0xff, 0xe0, 0xff,
    0xe0, 0xff, 0xe0, 0xff, 0xe0, 0xff, 0xe0, 0xff, 0xe0, 0xff, 0xe0, 0xff, 0xe0, 0xff, 0xe0, 0xff,
    0xe0, 0xff, 0xe0, 0xff, 0xe0, 0xff, 0xe0, 0xff, 0xe0, 0xff, 0xe0, 0xff, 0xe0, 0xff, 0xe0, 0xff,
    0xe0, 0xff, 0xe0, 0xff, 0xe0, 0xff, 0xe0, 0xff, 0xe0, 0xff, 0xe0, 0xff, 0xe0, 0xff, 0xe0, 0xff,
    0xe0, 0xff, 0xe0, 0xff, 0xe0, 0xff, 0xe0, 0xff, 0xe0, 0xff, 0xe0, 0xff, 0xe0, 0xff, 0xe0, 0xff,
    0xe0, 0xff, 0xe0, 0xff, 0xe0, 0xff, 0xe0, 0xff, 0xe0, 0xff, 0xe0, 0xff, 0xe0, 0xff, 0xe0, 0xff,
    0xe0, 0xff, 0xe0, 0xff, 0xe0, 0xff, 0xe0, 0xff, 0xe0, 0xff, 0xe0, 0xff, 0xe0, 0xff, 0xe0, 0xff,
    0xe0, 0xff, 0xe0, 0xff, 0xe0, 0xff, 0xe0, 0xff, 0xe0, 0xff, 0xe0, 0xff, 0xe0, 0xff, 0xe0, 0xff,
    0xe0, 0xff, 0xe0, 0xff, 0xe0, 0xff, 0xe0, 0xff, 0xe0, 0xff, 0xe0, 0xff, 0xe0, 0xff, 0xe0, 0xff,
    0xe0, 0xff, 0xe0, 0xff, 0xe0, 0xff, 0xe0, 0xff, 0xe0, 0xff, 0xe0, 0xff, 0xe0, 0xff, 0xe0, 0xff,
    0xe0, 0xff, 0xe0, 0xff, 0xe0, 0xff, 0xe0, 0xff, 0xe0, 0xff, 0xe0, 0xff, 0x00, 0x00, 0x00, 0x00,
    0x00, 0x00, 0x00, 0x00, 0x00, 0x00, 0x00, 0x00, 0x00, 0x00, 0x00, 0x00, 0x00, 0x00, 0x00, 0x00,
    0x00, 0x00, 0x00, 0x00, 0x00, 0x00, 0x00, 0x00, 0x00, 0x00, 0x00, 0x00, 0x00, 0x00, 0x00, 0x00,
    0x00, 0x00, 0x00, 0x00, 0x00, 0x00, 0x00, 0x00, 0x00, 0x00, 0x00, 0x00, 0x00, 0x00, 0x00, 0x00,
    0x00, 0x00, 0x00, 0x00, 0x00, 0x00, 0x00, 0x00, 0x00, 0x00, 0x00, 0x00, 0x00, 0x00, 0x00, 0x00,
    0x00, 0x00, 0x00, 0x00, 0x00, 0x00, 0x00, 0x00, 0x00, 0x00, 0x00, 0x00, 0x00, 0x00, 0x00, 0x00,
    0x00, 0x00, 0x00, 0x00, 0x00, 0x00, 0x00, 0x00, 0x00, 0x00, 0x00, 0x00, 0x00, 0x00, 0x00, 0x00,
    0x00, 0x00, 0x00, 0x00, 0x00, 0x00, 0x00, 0x00, 0x00, 0x00, 0x00, 0x00, 0x00, 0x00, 0x00, 0x00,
    0x00, 0x00, 0x00, 0x00, 0x00, 0x00, 0x00, 0x00, 0x00, 0x00, 0x00, 0x00, 0x00, 0x00, 0x00, 0x00,
    0x00, 0x00, 0x00, 0x00, 0x00, 0x00, 0x00, 0x00, 0x00, 0x00, 0x00, 0x00, 0x00, 0x00, 0x00, 0x00,
    0x00, 0x00, 0x00, 0x00, 0x00, 0x00, 0x00, 0x00, 0x00, 0x00, 0x00, 0x00, 0x00, 0x00, 0x00, 0x00,
    0x00, 0x00, 0x00, 0x00, 0x00, 0x00, 0x00, 0x00, 0x00, 0x00, 0x00, 0x00, 0x00, 0x00, 0x00, 0x00,
    0x00, 0x00, 0x00, 0x00, 0x00, 0x00, 0x00, 0x00, 0x00, 0x00, 0x00, 0x00, 0x00, 0x00, 0x00, 0x00,
    0x00, 0x00, 0x00, 0x00, 0x00, 0x00, 0x00, 0x00, 0x00, 0x00, 0x00, 0x00, 0x00, 0x00, 0x00, 0x00,
    0x00, 0x00, 0x00, 0x00, 0x00, 0x00, 0x00, 0x00, 0x00, 0x00, 0x00, 0x00, 0x00, 0x00, 0x00, 0x00,
    0x00, 0x00, 0x00, 0x00, 0x00, 0x00, 0x00, 0x00, 0x00, 0x00, 0x00, 0x00, 0x00, 0x00, 0x00, 0x00,
    0x00, 0x00, 0x00, 0x00, 0x00, 0x00, 0x00, 0x00, 0x00, 0x00, 0x00, 0x00, 0x00, 0x00, 0x00, 0x00,
    0x00, 0x00, 0x00, 0x00, 0x00, 0x00, 0x00, 0x00, 0x00, 0x00, 0x00, 0x00, 0x00, 0x00, 0x00, 0x00,
    0x00, 0x00, 0x00, 0x00, 0x00, 0x00, 0x00, 0x00, 0x00, 0x00, 0x00, 0x00, 0x00, 0x00, 0x00, 0x00,
    0x00, 0x00, 0x00, 0x00, 0x00, 0x00, 0x00, 0x00, 0x00, 0x00, 0x00, 0x00, 0x00, 0x00, 0x00, 0x00,
    0x00, 0x00, 0x00, 0x00, 0x00, 0x00, 0x00, 0x00, 0x00, 0x00, 0x00, 0x00, 0x00, 0x00, 0x00, 0x00,
    0x00, 0x00, 0x00, 0x00, 0x00, 0x00, 0x00, 0x00, 0x00, 0x00, 0x00, 0x00, 0x00, 0x00, 0x00, 0x00,
    0x00, 0x00, 0x00, 0x00, 0x00, 0x00, 0x00, 0x00, 0x00, 0x00, 0x00, 0x00, 0x00, 0x00, 0x00, 0x00,
    0x00, 0x00, 0x00, 0x00, 0x00, 0x00, 0x00, 0x00, 0x00, 0x00, 0x00, 0x00, 0x00, 0x00, 0x00, 0x00,
    0x00, 0x00, 0x00, 0x00, 0x00, 0x00, 0x00, 0x00, 0x00, 0x00, 0x00, 0x00, 0x00, 0x00, 0x00, 0x00,
    0x00, 0x00, 0x00, 0x00, 0x00, 0x00, 0x00, 0x00, 0x00, 0x00, 0x00, 0x00, 0x00, 0x00, 0x00, 0x00,
    0x00, 0x00, 0x00, 0x00, 0x00, 0x00, 0x00, 0x00, 0x00, 0x00, 0x00, 0x00, 0x00, 0x00, 0x00, 0x00,
    0x00, 0x00, 0x00, 0x00, 0x00, 0x00, 0x00, 0x00, 0x00, 0x00, 0x00, 0x00, 0x00, 0x00, 0x00, 0x00,
    0x00, 0x00, 0x00, 0x00, 0x00, 0x00, 0x00, 0x00, 0x00, 0x00, 0x00, 0x00, 0x00, 0x00, 0x00, 0x00,
    0x00, 0x00, 0x00, 0x00, 0x00, 0x00, 0x00, 0x00, 0x00, 0x00, 0x00, 0x00, 0x00, 0x00, 0x00, 0x00,
    0x00, 0x00, 0x00, 0x00, 0x00, 0x00, 0x00, 0x00, 0x00, 0x00, 0x00, 0x00, 0x00, 0x00, 0x00, 0x00,
    0x00, 0x00, 0x00, 0x00, 0x00, 0x00, 0x00, 0x00, 0x00, 0x00, 0x00, 0x00, 0x00, 0x00, 0x00, 0x00,
    0x00, 0x00, 0x00, 0x00, 0x00, 0x00, 0x00, 0x00, 0x00, 0x00, 0x00, 0x00, 0x00, 0x00, 0x00, 0x00,
    0x00, 0x00, 0x00, 0x00, 0x00, 0x00, 0x00, 0x00, 0x00, 0x00, 0x00, 0x00, 0x00, 0x00, 0x00, 0x00,
    0x00, 0x00, 0x00, 0x00, 0x00, 0x00, 0x00, 0x00, 0x00, 0x00, 0x00, 0x00, 0x00, 0x00, 0x00, 0x00,
    0x00, 0x00, 0x00, 0x00, 0x00, 0x00, 0x00, 0x00, 0x00, 0x00, 0x00, 0x00, 0x00, 0x00, 0x00, 0x00,
    0x00, 0x00, 0x00, 0x00, 0x00, 0x00, 0x00, 0x00, 0x00, 0x00, 0x00, 0x00, 0x00, 0x00, 0x00, 0x00,
    0x00, 0x00, 0x00, 0x00, 0x00, 0x00, 0x00, 0x00, 0x00, 0x00, 0x00, 0x00, 0x00, 0x00, 0x00, 0x00,
    0x00, 0x00, 0x00, 0x00, 0x00, 0x00, 0x00, 0x00, 0x00, 0x00, 0x00, 0x00, 0x00, 0x00, 0x00, 0x00,
    0x00, 0x00, 0x00, 0x00, 0x00, 0x00, 0x00, 0x00, 0x00, 0x00, 0x00, 0x00, 0x00, 0x00, 0x00, 0x00,
    0x00, 0x00, 0x00, 0x00, 0x00, 0x00, 0x00, 0x00, 0x00, 0x00, 0x00, 0x00, 0x00, 0x00, 0x00, 0x00,
    0x00, 0x00, 0x00, 0x00, 0x00, 0x00, 0x00, 0x00, 0x00, 0x00, 0x00, 0x00, 0x00, 0x00, 0x00, 0x00,
    0x00, 0x00, 0x00, 0x00, 0x00, 0x00, 0x00, 0x00, 0x00, 0x00, 0x00, 0x00, 0x00, 0x00, 0x00, 0x00,
    0x00, 0x00, 0x00, 0x00, 0x00, 0x00, 0x00, 0x00, 0x00, 0x00, 0x00, 0x00, 0x00, 0x00, 0x00, 0x00,
    0x00, 0x00, 0x00, 0x00, 0x00, 0x00, 0x00, 0x00, 0x00, 0x00, 0x00, 0x00, 0x00, 0x00, 0x00, 0x00,
    0x00, 0x00, 0x00, 0x00, 0x00, 0x00, 0x00, 0x00, 0x00, 0x00, 0x00, 0x00, 0x00, 0x00, 0x00, 0x00,
    0x00, 0x00, 0x00, 0x00, 0x00, 0x00, 0x00, 0x00, 0x00, 0x00, 0x00, 0x00, 0x00, 0x00, 0x00, 0x00,
    0x00, 0x00, 0x00, 0x00, 0x00, 0x00, 0x00, 0x00, 0x00, 0x00, 0x00, 0x00, 0x00, 0x00, 0x00, 0x00,
    0x00, 0x00, 0x00, 0x00, 0x00, 0x00, 0x00, 0x00, 0x00, 0x00, 0x00, 0x00, 0x00, 0x00, 0x00, 0x00,
    0x00, 0x00, 0x00, 0x00, 0x00, 0x00, 0x00, 0x00, 0x00, 0x00, 0x00, 0x00, 0x00, 0x00, 0x00, 0x00,
    0x00, 0x00, 0x00, 0x00, 0x00, 0x00, 0x00, 0x00, 0x00, 0x00, 0x00, 0x00, 0x00, 0x00, 0x00, 0x00,
    0x00, 0x00, 0x00, 0x00, 0x00, 0x00, 0x00, 0x00, 0x00, 0x00, 0x00, 0x00, 0x00, 0x00, 0x00, 0x00,
    0x00, 0x00, 0x00, 0x00, 0x00, 0x00, 0x00, 0x00, 0x00, 0x00, 0x00, 0x00, 0x00, 0x00, 0x00, 0x00,
    0x00, 0x00, 0x00, 0x00, 0x00, 0x00, 0x00, 0x00, 0x00, 0x00, 0x00, 0x00, 0x00, 0x00, 0x00, 0x00,
    0x00, 0x00, 0x00, 0x00, 0x00, 0x00, 0x00, 0x00, 0x00, 0x00, 0x00, 0x00, 0x00, 0x00, 0x00, 0x00,
    0x00, 0x00, 0x00, 0x00, 0x00, 0x00, 0x00, 0x00, 0x00, 0x00, 0x00, 0x00, 0x00, 0x00, 0x00, 0x00,
    0x00, 0x00, 0x00, 0x00, 0x00, 0x00, 0x00, 0x00, 0x00, 0x00, 0x00, 0x00, 0x00, 0x00, 0x00, 0x00,
    0x00, 0x00, 0x00, 0x00, 0x00, 0x00, 0x00, 0x00, 0x00, 0x00, 0x00, 0x00, 0x00, 0x00, 0x00, 0x00,
    0x00, 0x00, 0x00, 0x00, 0x00, 0x00, 0x00, 0x00, 0x00, 0x00, 0x00, 0x00, 0x00, 0x00, 0x00, 0x00,
    0x00, 0x00, 0x00, 0x00, 0x00, 0x00, 0x00, 0x00, 0x00, 0x00, 0x00, 0x00, 0x00, 0x00, 0x00, 0x00,
    0x00, 0x00, 0x00, 0x00, 0x00, 0x00, 0x00, 0x00, 0x00, 0x00, 0x00, 0x00, 0x00, 0x00, 0x00, 0x00,
    0x00, 0x00, 0x00, 0x00, 0x00, 0x00, 0x00, 0x00, 0x00, 0x00, 0x00, 0x00, 0x00, 0x00, 0x00, 0x00,
    0x00, 0x00, 0x00, 0x00, 0x00, 0x00, 0x00, 0x00, 0x00, 0x00, 0x00, 0x00, 0x00, 0x00, 0x00, 0x00,
    0x00, 0x00, 0x00, 0x00, 0x00, 0x00, 0x00, 0x00, 0x00, 0x00, 0x00, 0x00, 0x00, 0x00, 0x00, 0x00,
    0x00, 0x00, 0x00, 0x00, 0x00, 0x00, 0x00, 0x00, 0x00, 0x00, 0x00, 0x00, 0x00, 0x00, 0x00, 0x00,
    0x00, 0x00, 0x00, 0x00, 0x00, 0x00, 0x00, 0x00, 0x00, 0x00, 0x00, 0x00, 0x00, 0x00, 0x00, 0x00,
    0x00, 0x00, 0x00, 0x00, 0x00, 0x00, 0x00, 0x00, 0x00, 0x00, 0x00, 0x00, 0x00, 0x00, 0x00, 0x00,
    0x00, 0x00, 0x00, 0x00, 0x00, 0x00, 0x00, 0x00, 0x00, 0x01, 0x01, 0x01, 0x01, 0x01, 0x01, 0x01,
    0x01, 0x01, 0x01, 0x01, 0x01, 0x01, 0x01, 0x01, 0x01, 0x01, 0x01, 0x01, 0x01, 0x01, 0x01, 0x01,
    0x01, 0x01, 0x01, 0x01, 0x01, 0x01, 0x01, 0x01, 0x01, 0x01, 0x01, 0x01, 0x01, 0x01, 0x01, 0x01,
    0x01, 0x01, 0x01, 0x01, 0x01, 0x01, 0x01, 0x01, 0x01, 0x01, 0x01, 0x01, 0x01, 0x01, 0x01, 0x01,
    0x01, 0x01, 0x01, 0x01, 0x01, 0x01, 0x01, 0x01, 0x01, 0x01, 0x01, 0x01, 0x01, 0x01, 0x01, 0x01,
    0x01, 0x01, 0x01, 0x01, 0x01, 0x01, 0x01, 0x01, 0x01, 0x01, 0x01, 0x01, 0x01, 0x01, 0x01, 0x01,
    0x01, 0x01, 0x01, 0x01, 0x01, 0x01, 0x01, 0x01, 0x01, 0x01, 0x01, 0x01, 0x01, 0x01, 0x01, 0x01,
    0x01, 0x01, 0x01, 0x01, 0x01, 0x01, 0x01, 0x01, 0x01, 0x01, 0x01, 0x01, 0x01, 0x01, 0x01, 0x01,
    0x01, 0x01, 0x01, 0x01, 0x01, 0x01, 0x01, 0x01, 0x01, 0x00, 0x00, 0x00, 0x00, 0x00, 0x00, 0x00,
    0x00, 0x00, 0x00, 0x00, 0x00, 0x00, 0x00, 0x00, 0x00, 0x00, 0x00, 0x00, 0x00, 0x00, 0x00, 0x00,
    0x00, 0x00, 0x00, 0x00, 0x00, 0x00, 0x00, 0x00, 0x00, 0x00, 0x00, 0x00, 0x01, 0x01, 0x01, 0x02,
    0x02, 0x03, 0x03, 0x04, 0x04, 0x04, 0x04, 0x04, 0x04, 0x04, 0x04, 0x04, 0x04, 0x04, 0x04, 0x04,
    0x04, 0x04, 0x04, 0x04, 0x04, 0x04, 0x04, 0x04, 0x04, 0x04, 0x04, 0x04, 0x04, 0x04, 0x04, 0x04,
    0x04, 0x04, 0x04, 0x04, 0x04, 0x04, 0x04, 0x04, 0x04, 0x04, 0x04, 0x04, 0x04, 0x04, 0x04, 0x04,
    0x04, 0x04, 0x04, 0x04, 0x04, 0x04, 0x04, 0x04, 0x04, 0x04, 0x04, 0x04, 0x04, 0x04, 0x04, 0x04,
    0x04, 0x04, 0x04, 0x04, 0x04, 0x04, 0x04, 0x04, 0x04, 0x04, 0x04, 0x04, 0x04, 0x04, 0x04, 0x04,
    0x04, 0x04, 0x04, 0x04, 0x04, 0x04, 0x04, 0x04, 0x04, 0x04, 0x04, 0x04, 0x04, 0x04, 0x04, 0x04,
    0x04, 0x04, 0x04, 0x04, 0x04, 0x04, 0x04, 0x04, 0x04, 0x04, 0x04, 0x04, 0x04, 0x04, 0x04, 0x04,
    0x04, 0x04, 0x04, 0x04, 0x04, 0x04, 0x04, 0x04, 0x04, 0x04, 0x04, 0x04, 0x04, 0x03, 0x03, 0x03,
    0x02, 0x02, 0x01, 0x01, 0x01, 0x00, 0x00, 0x00, 0x00, 0x00, 0x00, 0x00, 0x00, 0x00, 0x00, 0x00,
    0x00, 0x00, 0x00, 0x00, 0x00, 0x00, 0x00, 0x00, 0x00, 0x00, 0x00, 0x00, 0x00, 0x00, 0x00, 0x00,
    0x00, 0x01, 0x01, 0x02, 0x03, 0x04, 0x05, 0x06, 0x07, 0x08, 0x09, 0x09, 0x0a, 0x0a, 0x0a, 0x0a,
    0x0a, 0x0a, 0x0a, 0x0a, 0x0a, 0x0a, 0x0a, 0x0a, 0x0a, 0x0a, 0x0a, 0x0a, 0x0a, 0x0a, 0x0a, 0x0a,
    0x0a, 0x0a, 0x0a, 0x0a, 0x0a, 0x0a, 0x0a, 0x0a, 0x0a, 0x0a, 0x0a, 0x0a, 0x0a, 0x0a, 0x0a, 0x0a,
    0x0a, 0x0a, 0x0a, 0x0a, 0x0a, 0x0a, 0x0a, 0x0a, 0x0a, 0x0a, 0x0a, 0x0a, 0x0a, 0x0a, 0x0a, 0x0a,
    0x0a, 0x0a, 0x0a, 0x0a, 0x0a, 0x0a, 0x0a, 0x0a, 0x0a, 0x0a, 0x0a, 0x0a, 0x0a, 0x0a, 0x0a, 0x0a,
    0x0a, 0x0a, 0x0a, 0x0a, 0x0a, 0x0a, 0x0a, 0x0a, 0x0a, 0x0a, 0x0a, 0x0a, 0x0a, 0x0a, 0x0a, 0x0a,
    0x0a, 0x0a, 0x0a, 0x0a, 0x0a, 0x0a, 0x0a, 0x0a, 0x0a, 0x0a, 0x0a, 0x0a, 0x0a, 0x0a, 0x0a, 0x0a,
    0x0a, 0x0a, 0x0a, 0x0a, 0x0a, 0x0a, 0x0a, 0x0a, 0x0a, 0x0a, 0x0a, 0x0a, 0x0a, 0x0a, 0x0a, 0x0a,
    0x0a, 0x0a, 0x0a, 0x09, 0x09, 0x08, 0x07, 0x06, 0x05, 0x04, 0x03, 0x02, 0x02, 0x01, 0x01, 0x00,
    0x00, 0x00, 0x00, 0x00, 0x00, 0x00, 0x00, 0x00, 0x00, 0x00, 0x00, 0x00, 0x00, 0x00, 0x00, 0x00,
    0x00, 0x00, 0x00, 0x00, 0x00, 0x00, 0x00, 0x01, 0x01, 0x02, 0x04, 0x06, 0x08, 0x0a, 0x0c, 0x0f,
    0x11, 0x12, 0x13, 0x14, 0x14, 0x14, 0x14, 0x14, 0x14, 0x14, 0x14, 0x14, 0x14, 0x14, 0x14, 0x14,
    0x14, 0x14, 0x14, 0x14, 0x14, 0x14, 0x14, 0x14, 0x14, 0x14, 0x14, 0x14, 0x14, 0x14, 0x14, 0x14,
    0x14, 0x14, 0x14, 0x14, 0x14, 0x14, 0x14, 0x14, 0x14, 0x14, 0x14, 0x14, 0x14, 0x14, 0x14, 0x14,
    0x14, 0x14, 0x14, 0x14, 0x14, 0x14, 0x14, 0x14, 0x14, 0x14, 0x14, 0x14, 0x14, 0x14, 0x14, 0x14,
    0x14, 0x14, 0x14, 0x14, 0x14, 0x14, 0x14, 0x14, 0x14, 0x14, 0x14, 0x14, 0x14, 0x14, 0x14, 0x14,
    0x14, 0x14, 0x14, 0x14, 0x14, 0x14, 0x14, 0x14, 0x14, 0x14, 0x14, 0x14, 0x14, 0x14, 0x14, 0x14,
    0x14, 0x14, 0x14, 0x14, 0x14, 0x14, 0x14, 0x14, 0x14, 0x14, 0x14, 0x14, 0x14, 0x14, 0x14, 0x14,
    0x14, 0x14, 0x14, 0x14, 0x14, 0x14, 0x14, 0x14, 0x14, 0x13, 0x13, 0x12, 0x11, 0x0f, 0x0e, 0x0c,
    0x0a, 0x08, 0x06, 0x04, 0x03, 0x02, 0x01, 0x01, 0x00, 0x00, 0x00, 0x00, 0x00, 0x00, 0x00, 0x00,
    0x00, 0x00, 0x00, 0x00, 0x00, 0x00, 0x00, 0x00, 0x00, 0x00, 0x00, 0x00, 0x00, 0x00, 0x01, 0x02,
    0x04, 0x07, 0x0a, 0x0e, 0x12, 0x16, 0x1a, 0x1d, 0x20, 0x21, 0x22, 0x23, 0x23, 0x23, 0x23, 0x23,
    0x23, 0x23, 0x23, 0x23, 0x23, 0x23, 0x23, 0x23, 0x23, 0x23, 0x23, 0x23, 0x23, 0x23, 0x23, 0x23,
    0x23, 0x23, 0x23, 0x23, 0x23, 0x23, 0x23, 0x23, 0x23, 0x23, 0x23, 0x23, 0x23, 0x23, 0x23, 0x23,
    0x23, 0x23, 0x23, 0x23, 0x23, 0x23, 0x23, 0x23, 0x23, 0x23, 0x23, 0x23, 0x23, 0x23, 0x23, 0x23,
    0x23, 0x23, 0x23, 0x23, 0x23, 0x23, 0x23, 0x23, 0x23, 0x23, 0x23, 0x23, 0x23, 0x23, 0x23, 0x23,
    0x23, 0x23, 0x23, 0x23, 0x23, 0x23, 0x23, 0x23, 0x23, 0x23, 0x23, 0x23, 0x23, 0x23, 0x23, 0x23,
    0x23, 0x23, 0x23, 0x23, 0x23, 0x23, 0x23, 0x23, 0x23, 0x23, 0x23, 0x23, 0x23, 0x23, 0x23, 0x23,
    0x23, 0x23, 0x23, 0x23, 0x23, 0x23, 0x23, 0x23, 0x23, 0x23, 0x23, 0x23, 0x23, 0x23, 0x23, 0x23,
    0x22, 0x21, 0x20, 0x1e, 0x1c, 0x19, 0x16, 0x13, 0x0f, 0x0c, 0x09, 0x06, 0x04, 0x03, 0x02, 0x01,
    0x00, 0x00, 0x00, 0x00, 0x00, 0x00, 0x00, 0x00, 0x00, 0x00, 0x00, 0x00, 0x00, 0x00, 0x00, 0x00,
    0x00, 0x00, 0x00, 0x00, 0x01, 0x02, 0x04, 0x07, 0x0b, 0x11, 0x17, 0x1e, 0x24, 0x2a, 0x2f, 0x33,
    0x36, 0x37, 0x38, 0x39, 0x39, 0x39, 0x39, 0x39, 0x39, 0x39, 0x39, 0x39, 0x39, 0x39, 0x39, 0x39,
    0x39, 0x39, 0x39, 0x39, 0x39, 0x39, 0x39, 0x39, 0x39, 0x39, 0x39, 0x39, 0x39, 0x39, 0x39, 0x39,
    0x39, 0x39, 0x39, 0x39, 0x39, 0x39, 0x39, 0x39, 0x39, 0x39, 0x39, 0x39, 0x39, 0x39, 0x39, 0x39,
    0x39, 0x39, 0x39, 0x39, 0x39, 0x39, 0x39, 0x39, 0x39, 0x39, 0x39, 0x39, 0x39, 0x39, 0x39, 0x39,
    0x39, 0x39, 0x39, 0x39, 0x39, 0x39, 0x39, 0x39, 0x39, 0x39, 0x39, 0x39, 0x39, 0x39, 0x39, 0x39,
    0x39, 0x39, 0x39, 0x39, 0x39, 0x39, 0x39, 0x39, 0x39, 0x39, 0x39, 0x39, 0x39, 0x39, 0x39, 0x39,
    0x39, 0x39, 0x39, 0x39, 0x39, 0x39, 0x39, 0x39, 0x39, 0x39, 0x39, 0x39, 0x39, 0x39, 0x39, 0x39,
    0x39, 0x39, 0x39, 0x39, 0x38, 0x38, 0x38, 0x37, 0x36, 0x34, 0x31, 0x2e, 0x2a, 0x25, 0x20, 0x1b,
    0x15, 0x11, 0x0c, 0x08, 0x06, 0x03, 0x02, 0x01, 0x00, 0x00, 0x00, 0x00, 0x00, 0x00, 0x00, 0x00,
    0x00, 0x00, 0x00, 0x00, 0x00, 0x00, 0x00, 0x00, 0x00, 0x00, 0x01, 0x02, 0x03, 0x07, 0x0b, 0x12,
    0x1a, 0x23, 0x2d, 0x36, 0x3f, 0x46, 0x4b, 0x4f, 0x51, 0x52, 0x53, 0x53, 0x53, 0x53, 0x53, 0x53,
    0x53, 0x53, 0x53, 0x53, 0x53, 0x53, 0x53, 0x53, 0x53, 0x53, 0x53, 0x53, 0x53, 0x53, 0x53, 0x53,
    0x53, 0x53, 0x53, 0x53, 0x53, 0x53, 0x53, 0x53, 0x53, 0x53, 0x53, 0x53, 0x53, 0x53, 0x53, 0x53,
    0x53, 0x53, 0x53, 0x53, 0x53, 0x53, 0x53, 0x53, 0x53, 0x53, 0x53, 0x53, 0x53, 0x53, 0x53, 0x53,
    0x53, 0x53, 0x53, 0x53, 0x53, 0x53, 0x53, 0x53, 0x53, 0x53, 0x53, 0x53, 0x53, 0x53, 0x53, 0x53,
    0x53, 0x53, 0x53, 0x53, 0x53, 0x53, 0x53, 0x53, 0x53, 0x53, 0x53, 0x53, 0x53, 0x53, 0x53, 0x53,
    0x53, 0x53, 0x53, 0x53, 0x53, 0x53, 0x53, 0x53, 0x53, 0x53, 0x53, 0x53, 0x53, 0x53, 0x53, 0x53,
    0x53, 0x53, 0x53, 0x53, 0x53, 0x53, 0x53, 0x53, 0x53, 0x53, 0x53, 0x53, 0x52, 0x52, 0x51, 0x4f,
    0x4d, 0x4a, 0x45, 0x40, 0x39, 0x32, 0x2b, 0x23, 0x1c, 0x15, 0x0f, 0x0a, 0x07, 0x04, 0x02, 0x01,
    0x00, 0x00, 0x00, 0x00, 0x00, 0x00, 0x00, 0x00, 0x00, 0x00, 0x00, 0x00, 0x00, 0x00, 0x00, 0x00,
    0x00, 0x01, 0x02, 0x05, 0x0a, 0x11, 0x1a, 0x25, 0x32, 0x3f, 0x4b, 0x57, 0x60, 0x67, 0x6b, 0x6e,
    0x6f, 0x70, 0x70, 0x70, 0x70, 0x70, 0x70, 0x70, 0x70, 0x70, 0x70, 0x70, 0x70, 0x70, 0x70, 0x70,
    0x70, 0x70, 0x70, 0x70, 0x70, 0x70, 0x70, 0x70, 0x70, 0x70, 0x70, 0x70, 0x70, 0x70, 0x70, 0x70,
    0x70, 0x70, 0x70, 0x70, 0x70, 0x70, 0x70, 0x70, 0x70, 0x70, 0x70, 0x70, 0x70, 0x70, 0x70, 0x70,
    0x70, 0x70, 0x70, 0x70, 0x70, 0x70, 0x70, 0x70, 0x70, 0x70, 0x70, 0x70, 0x70, 0x70, 0x70, 0x70,
    0x70, 0x70, 0x70, 0x70, 0x70, 0x70, 0x70, 0x70, 0x70, 0x70, 0x70, 0x70, 0x70, 0x70, 0x70, 0x70,
    0x70, 0x70, 0x70, 0x70, 0x70, 0x70, 0x70, 0x70, 0x70, 0x70, 0x70, 0x70, 0x70, 0x70, 0x70, 0x70,
    0x70, 0x70, 0x70, 0x70, 0x70, 0x70, 0x70, 0x70, 0x70, 0x70, 0x70, 0x70, 0x70, 0x70, 0x70, 0x70,
    0x70, 0x70, 0x70, 0x6f, 0x6f, 0x6d, 0x6c, 0x69, 0x65, 0x60, 0x5a, 0x52, 0x49, 0x3f, 0x35, 0x2b,
    0x21, 0x19, 0x11, 0x0b, 0x07, 0x04, 0x02, 0x01, 0x00, 0x00, 0x00, 0x00, 0x00, 0x00, 0x00, 0x00,
    0x00, 0x00, 0x00, 0x00, 0x00, 0x00, 0x00, 0x00, 0x02, 0x04, 0x08, 0x0e, 0x18, 0x24, 0x33, 0x43,
    0x53, 0x63, 0x72, 0x7f, 0x87, 0x8d, 0x90, 0x90, 0x90, 0x90, 0x90, 0x90, 0x90, 0x90, 0x90, 0x90,
    0x90, 0x90, 0x90, 0x90, 0x90, 0x90, 0x90, 0x90, 0x90, 0x90, 0x90, 0x90, 0x90, 0x90, 0x90, 0x90,
    0x90, 0x90, 0x90, 0x90, 0x90, 0x90, 0x90, 0x90, 0x90, 0x90, 0x90, 0x90, 0x90, 0x90, 0x90, 0x90,
    0x90, 0x90, 0x90, 0x90, 0x90, 0x90, 0x90, 0x90, 0x90, 0x90, 0x90, 0x90, 0x90, 0x90, 0x90, 0x90,
    0x90, 0x90, 0x90, 0x90, 0x90, 0x90, 0x90, 0x90, 0x90, 0x90, 0x90, 0x90, 0x90, 0x90, 0x90, 0x90,
    0x90, 0x90, 0x90, 0x90, 0x90, 0x90, 0x90, 0x90, 0x90, 0x90, 0x90, 0x90, 0x90, 0x90, 0x90, 0x90,
    0x90, 0x90, 0x90, 0x90, 0x90, 0x90, 0x90, 0x90, 0x90, 0x90, 0x90, 0x90, 0x90, 0x90, 0x90, 0x90,
    0x90, 0x90, 0x90, 0x90, 0x90, 0x90, 0x90, 0x90, 0x90, 0x90, 0x90, 0x90, 0x8f, 0x8c, 0x8a, 0x85,
    0x7f, 0x77, 0x6d, 0x63, 0x57, 0x4a, 0x3e, 0x31, 0x25, 0x1b, 0x12, 0x0c, 0x07, 0x04, 0x02, 0x01,
    0x00, 0x00, 0x00, 0x00, 0x00, 0x00, 0x00, 0x00, 0x00, 0x00, 0x00, 0x00, 0x00, 0x00, 0x01, 0x03,
    0x06, 0x0b, 0x14, 0x20, 0x2f, 0x41, 0x54, 0x69, 0x80, 0x95, 0xa5, 0xaf, 0xb4, 0xb7, 0xb7, 0xb7,
    0xb7, 0xb7, 0xb7, 0xb7, 0xb7, 0xb7, 0xb7, 0xb7, 0xb7, 0xb7, 0xb7, 0xb7, 0xb7, 0xb7, 0xb7, 0xb7,
    0xb7, 0xb7, 0xb7, 0xb7, 0xb7, 0xb7, 0xb7, 0xb7, 0xb7, 0xb7, 0xb7, 0xb7, 0xb7, 0xb7, 0xb7, 0xb7,
    0xb7, 0xb7, 0xb7, 0xb7, 0xb7, 0xb7, 0xb7, 0xb7, 0xb7, 0xb7, 0xb7, 0xb7, 0xb7, 0xb7, 0xb7, 0xb7,
    0xb7, 0xb7, 0xb7, 0xb7, 0xb7, 0xb7, 0xb7, 0xb7, 0xb7, 0xb7, 0xb7, 0xb7, 0xb7, 0xb7, 0xb7, 0xb7,
    0xb7, 0xb7, 0xb7, 0xb7, 0xb7, 0xb7, 0xb7, 0xb7, 0xb7, 0xb7, 0xb7, 0xb7, 0xb7, 0xb7, 0xb7, 0xb7,
    0xb7, 0xb7, 0xb7, 0xb7, 0xb7, 0xb7, 0xb7, 0xb7, 0xb7, 0xb7, 0xb7, 0xb7, 0xb7, 0xb7, 0xb7, 0xb7,
    0xb7, 0xb7, 0xb7, 0xb7, 0xb7, 0xb7, 0xb7, 0xb7, 0xb7, 0xb7, 0xb7, 0xb7, 0xb7, 0xb7, 0xb7, 0xb7,
    0xb7, 0xb7, 0xb6, 0xb5, 0xb4, 0xb1, 0xab, 0xa4, 0x9a, 0x8d, 0x80, 0x72, 0x62, 0x53, 0x44, 0x35,
    0x27, 0x1c, 0x12, 0x0b, 0x07, 0x03, 0x01, 0x01, 0x00, 0x00, 0x00, 0x00, 0x00, 0x00, 0x00, 0x00,
    0x00, 0x00, 0x00, 0x00, 0x00, 0x02, 0x04, 0x08, 0x10, 0x1b, 0x2a, 0x3c, 0x51, 0x67, 0x80, 0x9e,
    0xba, 0xcd, 0xd6, 0xda, 0xdb, 0xdb, 0xdb, 0xdb, 0xda, 0xda, 0xda, 0xda, 0xda, 0xda, 0xda, 0xda,
    0xda, 0xda, 0xda, 0xda, 0xda, 0xda, 0xda, 0xda, 0xda, 0xda, 0xda, 0xda, 0xda, 0xda, 0xda, 0xda,
    0xda, 0xda, 0xda, 0xda, 0xda, 0xda, 0xda, 0xda, 0xda, 0xda, 0xda, 0xda, 0xda, 0xda, 0xda, 0xda,
    0xda, 0xda, 0xda, 0xda, 0xda, 0xda, 0xda, 0xda, 0xda, 0xda, 0xda, 0xda, 0xda, 0xda, 0xda, 0xda,
    0xda, 0xda, 0xda, 0xda, 0xda, 0xda, 0xda, 0xda, 0xda, 0xda, 0xda, 0xda, 0xda, 0xda, 0xda, 0xda,
    0xda, 0xda, 0xda, 0xda, 0xda, 0xda, 0xda, 0xda, 0xda, 0xda, 0xda, 0xda, 0xda, 0xda, 0xda, 0xda,
    0xda, 0xda, 0xda, 0xda, 0xda, 0xda, 0xda, 0xda, 0xda, 0xda, 0xda, 0xda, 0xda, 0xda, 0xda, 0xda,
    0xda, 0xda, 0xda, 0xda, 0xda, 0xda, 0xda, 0xda, 0xda, 0xda, 0xd8, 0xd8, 0xd5, 0xd2, 0xcb, 0xc2,
    0xb5, 0xa3, 0x90, 0x7d, 0x6a, 0x58, 0x47, 0x36, 0x27, 0x1b, 0x11, 0x0a, 0x06, 0x03, 0x01, 0x00,
    0x00, 0x00, 0x00, 0x00, 0x00, 0x00, 0x00, 0x00, 0x00, 0x00, 0x00, 0x01, 0x02, 0x06, 0x0c, 0x15,
    0x22, 0x34, 0x49, 0x60, 0x79, 0x97, 0xba, 0xd6, 0xe9, 0xf1, 0xf1, 0xf1, 0xf1, 0xf1, 0xf0, 0xf0,
    0xef, 0xef, 0xef, 0xef, 0xef, 0xef, 0xef, 0xef, 0xef, 0xef, 0xef, 0xef, 0xef, 0xef, 0xef, 0xef,
    0xef, 0xef, 0xef, 0xef, 0xef, 0xef, 0xef, 0xef, 0xef, 0xef, 0xef, 0xef, 0xef, 0xef, 0xef, 0xef,
    0xef, 0xef, 0xef, 0xef, 0xef, 0xef, 0xef, 0xef, 0xef, 0xef, 0xef, 0xef, 0xef, 0xef, 0xef, 0xef,
    0xef, 0xef, 0xef, 0xef, 0xef, 0xef, 0xef, 0xef, 0xef, 0xef, 0xef, 0xef, 0xef, 0xef, 0xef, 0xef,
    0xef, 0xef, 0xef, 0xef, 0xef, 0xef, 0xef, 0xef, 0xef, 0xef, 0xef, 0xef, 0xef, 0xef, 0xef, 0xef,
    0xef, 0xef, 0xef, 0xef, 0xef, 0xef, 0xef, 0xef, 0xef, 0xef, 0xef, 0xef, 0xef, 0xef, 0xef, 0xef,
    0xef, 0xef, 0xef, 0xef, 0xef, 0xef, 0xef, 0xef, 0xef, 0xef, 0xef, 0xef, 0xef, 0xef, 0xef, 0xef,
    0xef, 0xef, 0xef, 0xed, 0xe9, 0xe6, 0xe2, 0xd8, 0xc8, 0xb3, 0x9c, 0x85, 0x6e, 0x5b, 0x47, 0x35,
    0x25, 0x19, 0x0f, 0x09, 0x04, 0x02, 0x01, 0x00, 0x00, 0x00, 0x00, 0x00, 0x00, 0x00, 0x00, 0x00,
    0x00, 0x00, 0x02, 0x04, 0x08, 0x10, 0x1b, 0x2b, 0x3f, 0x56, 0x6f, 0x8c, 0xae, 0xd0, 0xe7, 0xfd,
    0xff, 0xff, 0xff, 0xff, 0xff, 0xff, 0xff, 0xff, 0xff, 0xff, 0xff, 0xff, 0xff, 0xff, 0xff, 0xff,
    0xff, 0xff, 0xff, 0xff, 0xff, 0xff, 0xff, 0xff, 0xff, 0xff, 0xff, 0xff, 0xff, 0xff, 0xff, 0xff,
    0xff, 0xff, 0xff, 0xff, 0xff, 0xff, 0xff, 0xff, 0xff, 0xff, 0xff, 0xff, 0xff, 0xff, 0xff, 0xff,
    0xff, 0xff, 0xff, 0xff, 0xff, 0xff, 0xff, 0xff, 0xff, 0xff, 0xff, 0xff, 0xff, 0xff, 0xff, 0xff,
    0xff, 0xff, 0xff, 0xff, 0xff, 0xff, 0xff, 0xff, 0xff, 0xff, 0xff, 0xff, 0xff, 0xff, 0xff, 0xff,
    0xff, 0xff, 0xff, 0xff, 0xff, 0xff, 0xff, 0xff, 0xff, 0xff, 0xff, 0xff, 0xff, 0xff, 0xff, 0xff,
    0xff, 0xff, 0xff, 0xff, 0xff, 0xff, 0xff, 0xff, 0xff, 0xff, 0xff, 0xff, 0xff, 0xff, 0xff, 0xff,
    0xff, 0xff, 0xff, 0xff, 0xff, 0xff, 0xff, 0xff, 0xff, 0xff, 0xff, 0xff, 0xfb, 0xf8, 0xee, 0xe3,
    0xd4, 0xbd, 0xa4, 0x87, 0x70, 0x59, 0x44, 0x31, 0x21, 0x15, 0x0c, 0x06, 0x03, 0x01, 0x00, 0x00,
    0x00, 0x00, 0x00, 0x00, 0x00, 0x00, 0x00, 0x00, 0x00, 0x02, 0x06, 0x0c, 0x15, 0x23, 0x35, 0x4b,
    0x64, 0x7f, 0xa0, 0xc2, 0xdf, 0xf4, 0xff, 0xff, 0xff, 0xff, 0xff, 0xff, 0xff, 0xff, 0xff, 0xff,
    0xff, 0xff, 0xff, 0xff, 0xff, 0xff, 0xff, 0xff, 0xff, 0xff, 0xff, 0xff, 0xff, 0xff, 0xff, 0xff,
    0xff, 0xff, 0xff, 0xff, 0xff, 0xff, 0xff, 0xff, 0xff, 0xff, 0xff, 0xff, 0xff, 0xff, 0xff, 0xff,
    0xff, 0xff, 0xff, 0xff, 0xff, 0xff, 0xff, 0xff, 0xff, 0xff, 0xff, 0xff, 0xff, 0xff, 0xff, 0xff,
    0xff, 0xff, 0xff, 0xff, 0xff, 0xff, 0xff, 0xff, 0xff, 0xff, 0xff, 0xff, 0xff, 0xff, 0xff, 0xff,
    0xff, 0xff, 0xff, 0xff, 0xff, 0xff, 0xff, 0xff, 0xff, 0xff, 0xff, 0xff, 0xff, 0xff, 0xff, 0xff,
    0xff, 0xff, 0xff, 0xff, 0xff, 0xff, 0xff, 0xff, 0xff, 0xff, 0xff, 0xff, 0xff, 0xff, 0xff, 0xff,
    0xff, 0xff, 0xff, 0xff, 0xff, 0xff, 0xff, 0xff, 0xff, 0xff, 0xff, 0xff, 0xff, 0xff, 0xff, 0xff,
    0xff, 0xff, 0xff, 0xff, 0xff, 0xff, 0xf5, 0xe8, 0xda, 0xc2, 0xa3, 0x86, 0x6b, 0x54, 0x3e, 0x2b,
    0x1c, 0x11, 0x09, 0x04, 0x02, 0x00, 0x00, 0x00, 0x00, 0x00, 0x00, 0x00, 0x00, 0x00, 0x00, 0x00,
    0x04, 0x08, 0x10, 0x1b, 0x2b, 0x40, 0x58, 0x72, 0x8f, 0xb2, 0xd3, 0xe8, 0xfc, 0xff, 0xff, 0xff,
    0xff, 0xff, 0xff, 0xff, 0xff, 0xff, 0xff, 0xff, 0xff, 0xff, 0xff, 0xff, 0xff, 0xff, 0xff, 0xff,
    0xff, 0xff, 0xff, 0xff, 0xff, 0xff, 0xff, 0xff, 0xff, 0xff, 0xff, 0xff, 0xff, 0xff, 0xff, 0xff,
    0xff, 0xff, 0xff, 0xff, 0xff, 0xff, 0xff, 0xff, 0xff, 0xff, 0xff, 0xff, 0xff, 0xff, 0xff, 0xff,
    0xff, 0xff, 0xff, 0xff, 0xff, 0xff, 0xff, 0xff, 0xff, 0xff, 0xff, 0xff, 0xff, 0xff, 0xff, 0xff,
    0xff, 0xff, 0xff, 0xff, 0xff, 0xff, 0xff, 0xff, 0xff, 0xff, 0xff, 0xff, 0xff, 0xff, 0xff, 0xff,
    0xff, 0xff, 0xff, 0xff, 0xff, 0xff, 0xff, 0xff, 0xff, 0xff, 0xff, 0xff, 0xff, 0xff, 0xff, 0xff,
    0xff, 0xff, 0xff, 0xff, 0xff, 0xff, 0xff, 0xff, 0xff, 0xff, 0xff, 0xff, 0xff, 0xff, 0xff, 0xff,
    0xff, 0xff, 0xff, 0xff, 0xff, 0xff, 0xff, 0xff, 0xff, 0xff, 0xff, 0xff, 0xff, 0xff, 0xfa, 0xec,
    0xdb, 0xbf, 0x9e, 0x7e, 0x63, 0x4b, 0x36, 0x24, 0x16, 0x0c, 0x06, 0x02, 0x01, 0x00, 0x00, 0x00,
    0x00, 0x00, 0x00, 0x00, 0x00, 0x00, 0x00, 0x06, 0x0c, 0x15, 0x23, 0x35, 0x4b, 0x65, 0x80, 0xa0,
    0xc3, 0xdf, 0xf2, 0xff, 0xff, 0xff, 0xff, 0xff, 0xff, 0xff, 0xff, 0xff, 0xff, 0xff, 0xff, 0xff,
    0xff, 0xff, 0xff, 0xff, 0xff, 0xff, 0xff, 0xff, 0xff, 0xff, 0xff, 0xff, 0xff, 0xff, 0xff, 0xff,
    0xff, 0xff, 0xff, 0xff, 0xff, 0xff, 0xff, 0xff, 0xff, 0xff, 0xff, 0xff, 0xff, 0xff, 0xff, 0xff,
    0xff, 0xff, 0xff, 0xff, 0xff, 0xff, 0xff, 0xff, 0xff, 0xff, 0xff, 0xff, 0xff, 0xff, 0xff, 0xff,
    0xff, 0xff, 0xff, 0xff, 0xff, 0xff, 0xff, 0xff, 0xff, 0xff, 0xff, 0xff, 0xff, 0xff, 0xff, 0xff,
    0xff, 0xff, 0xff, 0xff, 0xff, 0xff, 0xff, 0xff, 0xff, 0xff, 0xff, 0xff, 0xff, 0xff, 0xff, 0xff,
    0xff, 0xff, 0xff, 0xff, 0xff, 0xff, 0xff, 0xff, 0xff, 0xff, 0xff, 0xff, 0xff, 0xff, 0xff, 0xff,
    0xff, 0xff, 0xff, 0xff, 0xff, 0xff, 0xff, 0xff, 0xff, 0xff, 0xff, 0xff, 0xff, 0xff, 0xff, 0xff,
    0xff, 0xff, 0xff, 0xff, 0xff, 0xff, 0xfa, 0xe9, 0xd5, 0xb5, 0x92, 0x73, 0x58, 0x40, 0x2c, 0x1b,
    0x10, 0x08, 0x03, 0x01, 0x00, 0x00, 0x00, 0x00, 0x00, 0x00, 0x00, 0x00, 0x00, 0x00, 0x08, 0x10,
    0x1b, 0x2b, 0x40, 0x58, 0x72, 0x90, 0xb1, 0xd1, 0xe7, 0xfc, 0xff, 0xff, 0xff, 0xff, 0xff, 0xff,
    0xff, 0xff, 0xff, 0xff, 0xff, 0xff, 0xff, 0xff, 0xff, 0xff, 0xff, 0xff, 0xff, 0xff, 0xff, 0xff,
    0xff, 0xff, 0xff, 0xff, 0xff, 0xff, 0xff, 0xff, 0xff, 0xff, 0xff, 0xff, 0xff, 0xff, 0xff, 0xff,
    0xff, 0xff, 0xff, 0xff, 0xff, 0xff, 0xff, 0xff, 0xff, 0xff, 0xff, 0xff, 0xff, 0xff, 0xff, 0xff,
    0xff, 0xff, 0xff, 0xff, 0xff, 0xff, 0xff, 0xff, 0xff, 0xff, 0xff, 0xff, 0xff, 0xff, 0xff, 0xff,
    0xff, 0xff, 0xff, 0xff, 0xff, 0xff, 0xff, 0xff, 0xff, 0xff, 0xff, 0xff, 0xff, 0xff, 0xff, 0xff,
    0xff, 0xff, 0xff, 0xff, 0xff, 0xff, 0xff, 0xff, 0xff, 0xff, 0xff, 0xff, 0xff, 0xff, 0xff, 0xff,
    0xff, 0xff, 0xff, 0xff, 0xff, 0xff, 0xff, 0xff, 0xff, 0xff, 0xff, 0xff, 0xff, 0xff, 0xff, 0xff,
    0xff, 0xff, 0xff, 0xff, 0xff, 0xff, 0xff, 0xff, 0xff, 0xff, 0xff, 0xff, 0xff, 0xff, 0xf5, 0xe4,
    0xca, 0xa5, 0x81, 0x64, 0x4a, 0x33, 0x21, 0x13, 0x0a, 0x04, 0x01, 0x00, 0x00, 0x00, 0x00, 0x00,
    0x00, 0x00, 0x00, 0x00, 0x00, 0x0b, 0x15, 0x22, 0x35, 0x4b, 0x64, 0x80, 0xa0, 0xc2, 0xde, 0xf2,
    0xff, 0xff, 0xff, 0xff, 0xff, 0xff, 0xff, 0xff, 0xff, 0xff, 0xff, 0xff, 0xff, 0xff, 0xff, 0xff,
    0xff, 0xff, 0xff, 0xff, 0xff, 0xff, 0xff, 0xff, 0xff, 0xff, 0xff, 0xff, 0xff, 0xff, 0xff, 0xff,
    0xff, 0xff, 0xff, 0xff, 0xff, 0xff, 0xff, 0xff, 0xff, 0xff, 0xff, 0xff, 0xff, 0xff, 0xff, 0xff,
    0xff, 0xff, 0xff, 0xff, 0xff, 0xff, 0xff, 0xff, 0xff, 0xff, 0xff, 0xff, 0xff, 0xff, 0xff, 0xff,
    0xff, 0xff, 0xff, 0xff, 0xff, 0xff, 0xff, 0xff, 0xff, 0xff, 0xff, 0xff, 0xff, 0xff, 0xff, 0xff,
    0xff, 0xff, 0xff, 0xff, 0xff, 0xff, 0xff, 0xff, 0xff, 0xff, 0xff, 0xff, 0xff, 0xff, 0xff, 0xff,
    0xff, 0xff, 0xff, 0xff, 0xff, 0xff, 0xff, 0xff, 0xff, 0xff, 0xff, 0xff, 0xff, 0xff, 0xff, 0xff,
    0xff, 0xff, 0xff, 0xff, 0xff, 0xff, 0xff, 0xff, 0xff, 0xff, 0xff, 0xff, 0xff, 0xff, 0xff, 0xff,
    0xff, 0xff, 0xff, 0xff, 0xff, 0xfe, 0xee, 0xd9, 0xb6, 0x8e, 0x6e, 0x53, 0x3a, 0x26, 0x16, 0x0c,
    0x05, 0x02, 0x00, 0x00, 0x00, 0x00, 0x00, 0x00, 0x00, 0x00, 0x00, 0x00, 0x10, 0x1b, 0x2b, 0x3f,
    0x57, 0x71, 0x8f, 0xb1, 0xd1, 0xe6, 0xfb, 0xff, 0xff, 0xff, 0xff, 0xff, 0xff, 0xff, 0xff, 0xff,
    0xff, 0xff, 0xff, 0xff, 0xff, 0xff, 0xff, 0xff, 0xff, 0xff, 0xff, 0xff, 0xff, 0xff, 0xff, 0xff,
    0xff, 0xff, 0xff, 0xff, 0xff, 0xff, 0xff, 0xff, 0xff, 0xff, 0xff, 0xff, 0xff, 0xff, 0xff, 0xff,
    0xff, 0xff, 0xff, 0xff, 0xff, 0xff, 0xff, 0xff, 0xff, 0xff, 0xff, 0xff, 0xff, 0xff, 0xff, 0xff,
    0xff, 0xff, 0xff, 0xff, 0xff, 0xff, 0xff, 0xff, 0xff, 0xff, 0xff, 0xff, 0xff, 0xff, 0xff, 0xff,
    0xff, 0xff, 0xff, 0xff, 0xff, 0xff, 0xff, 0xff, 0xff, 0xff, 0xff, 0xff, 0xff, 0xff, 0xff, 0xff,
    0xff, 0xff, 0xff, 0xff, 0xff, 0xff, 0xff, 0xff, 0xff, 0xff, 0xff, 0xff, 0xff, 0xff, 0xff, 0xff,
    0xff, 0xff, 0xff, 0xff, 0xff, 0xff, 0xff, 0xff, 0xff, 0xff, 0xff, 0xff, 0xff, 0xff, 0xff, 0xff,
    0xff, 0xff, 0xff, 0xff, 0xff, 0xff, 0xff, 0xff, 0xff, 0xff, 0xff, 0xff, 0xff, 0xf8, 0xe2, 0xc4,
    0x9b, 0x78, 0x5a, 0x40, 0x2a, 0x19, 0x0e, 0x06, 0x02, 0x01, 0x00, 0x00, 0x00, 0x00, 0x00, 0x00,
    0x00, 0x00, 0x00, 0x15, 0x22, 0x34, 0x4b, 0x64, 0x80, 0xa0, 0xc3, 0xde, 0xf2, 0xff, 0xff, 0xff,
    0xff, 0xff, 0xff, 0xff, 0xff, 0xff, 0xff, 0xff, 0xff, 0xff, 0xff, 0xff, 0xff, 0xff, 0xff, 0xff,
    0xff, 0xff, 0xff, 0xff, 0xff, 0xff, 0xff, 0xff, 0xff, 0xff, 0xff, 0xff, 0xff, 0xff, 0xff, 0xff,
    0xff, 0xff, 0xff, 0xff, 0xff, 0xff, 0xff, 0xff, 0xff, 0xff, 0xff, 0xff, 0xff, 0xff, 0xff, 0xff,
    0xff, 0xff, 0xff, 0xff, 0xff, 0xff, 0xff, 0xff, 0xff, 0xff, 0xff, 0xff, 0xff, 0xff, 0xff, 0xff,
    0xff, 0xff, 0xff, 0xff, 0xff, 0xff, 0xff, 0xff, 0xff, 0xff, 0xff, 0xff, 0xff, 0xff, 0xff, 0xff,
    0xff, 0xff, 0xff, 0xff, 0xff, 0xff, 0xff, 0xff, 0xff, 0xff, 0xff, 0xff, 0xff, 0xff, 0xff, 0xff,
    0xff, 0xff, 0xff, 0xff, 0xff, 0xff, 0xff, 0xff, 0xff, 0xff, 0xff, 0xff, 0xff, 0xff, 0xff, 0xff,
    0xff, 0xff, 0xff, 0xff, 0xff, 0xff, 0xff, 0xff, 0xff, 0xff, 0xff, 0xff, 0xff, 0xff, 0xff, 0xff,
    0xff, 0xff, 0xff, 0xff, 0xfb, 0xe7, 0xcd, 0xa5, 0x7f, 0x60, 0x45, 0x2e, 0x1c, 0x0f, 0x07, 0x03,
    0x01, 0x00, 0x00, 0x00, 0x00, 0x00, 0x00, 0x00, 0x00, 0x00, 0x1b, 0x2b, 0x3f, 0x57, 0x72, 0x8f,
    0xb1, 0xd2, 0xe6, 0xfb, 0xff, 0xff, 0xff, 0xff, 0xff, 0xff, 0xff, 0xff, 0xff, 0xff, 0xff, 0xff,
    0xff, 0xff, 0xff, 0xff, 0xff, 0xff, 0xff, 0xff, 0xff, 0xff, 0xff, 0xff, 0xff, 0xff, 0xff, 0xff,
    0xff, 0xff, 0xff, 0xff, 0xff, 0xff, 0xff, 0xff, 0xff, 0xff, 0xff, 0xff, 0xff, 0xff, 0xff, 0xff,
    0xff, 0xff, 0xff, 0xff, 0xff, 0xff, 0xff, 0xff, 0xff, 0xff, 0xff, 0xff, 0xff, 0xff, 0xff, 0xff,
    0xff, 0xff, 0xff, 0xff, 0xff, 0xff, 0xff, 0xff, 0xff, 0xff, 0xff, 0xff, 0xff, 0xff, 0xff, 0xff,
    0xff, 0xff, 0xff, 0xff, 0xff, 0xff, 0xff, 0xff, 0xff, 0xff, 0xff, 0xff, 0xff, 0xff, 0xff, 0xff,
    0xff, 0xff, 0xff, 0xff, 0xff, 0xff, 0xff, 0xff, 0xff, 0xff, 0xff, 0xff, 0xff, 0xff, 0xff, 0xff,
    0xff, 0xff, 0xff, 0xff, 0xff, 0xff, 0xff, 0xff, 0xff, 0xff, 0xff, 0xff, 0xff, 0xff, 0xff, 0xff,
    0xff, 0xff, 0xff, 0xff, 0xff, 0xff, 0xff, 0xff, 0xff, 0xff, 0xff, 0xfe, 0xea, 0xd3, 0xac, 0x84,
    0x64, 0x48, 0x30, 0x1d, 0x10, 0x08, 0x03, 0x01, 0x00, 0x00, 0x00, 0x00, 0x00, 0x00, 0x00, 0x00,
    0x00, 0x21, 0x34, 0x4a, 0x64, 0x80, 0x9f, 0xc3, 0xdf, 0xf2, 0xff, 0xff, 0xff, 0xff, 0xff, 0xff,
    0xff, 0xff, 0xff, 0xff, 0xff, 0xff, 0xff, 0xff, 0xff, 0xff, 0xff, 0xff, 0xff, 0xff, 0xff, 0xff,
    0xff, 0xff, 0xff, 0xff, 0xff, 0xff, 0xff, 0xff, 0xff, 0xff, 0xff, 0xff, 0xff, 0xff, 0xff, 0xff,
    0xff, 0xff, 0xff, 0xff, 0xff, 0xff, 0xff, 0xff, 0xff, 0xff, 0xff, 0xff, 0xff, 0xff, 0xff, 0xff,
    0xff, 0xff, 0xff, 0xff, 0xff, 0xff, 0xff, 0xff, 0xff, 0xff, 0xff, 0xff, 0xff, 0xff, 0xff, 0xff,
    0xff, 0xff, 0xff, 0xff, 0xff, 0xff, 0xff, 0xff, 0xff, 0xff, 0xff, 0xff, 0xff, 0xff, 0xff, 0xff,
    0xff, 0xff, 0xff, 0xff, 0xff, 0xff, 0xff, 0xff, 0xff, 0xff, 0xff, 0xff, 0xff, 0xff, 0xff, 0xff,
    0xff, 0xff, 0xff, 0xff, 0xff, 0xff, 0xff, 0xff, 0xff, 0xff, 0xff, 0xff, 0xff, 0xff, 0xff, 0xff,
    0xff, 0xff, 0xff, 0xff, 0xff, 0xff, 0xff, 0xff, 0xff, 0xff, 0xff, 0xff, 0xff, 0xff, 0xff, 0xff,
    0xff, 0xff, 0xff, 0xed, 0xd5, 0xaf, 0x87, 0x66, 0x4a, 0x31, 0x1e, 0x11, 0x08, 0x03, 0x01, 0x00,
    0x00, 0x00, 0x00, 0x00, 0x00, 0x00, 0x00, 0x00, 0x28, 0x3d, 0x55, 0x70, 0x8e, 0xb1, 0xd3, 0xe8,
    0xfc, 0xff, 0xff, 0xff, 0xff, 0xff, 0xff, 0xff, 0xff, 0xff, 0xff, 0xff, 0xff, 0xff, 0xff, 0xff,
    0xff, 0xff, 0xff, 0xff, 0xff, 0xff, 0xff, 0xff, 0xff, 0xff, 0xff, 0xff, 0xff, 0xff, 0xff, 0xff,
    0xff, 0xff, 0xff, 0xff, 0xff, 0xff, 0xff, 0xff, 0xff, 0xff, 0xff, 0xff, 0xff, 0xff, 0xff, 0xff,
    0xff, 0xff, 0xff, 0xff, 0xff, 0xff, 0xff, 0xff, 0xff, 0xff, 0xff, 0xff, 0xff, 0xff, 0xff, 0xff,
    0xff, 0xff, 0xff, 0xff, 0xff, 0xff, 0xff, 0xff, 0xff, 0xff, 0xff, 0xff, 0xff, 0xff, 0xff, 0xff,
    0xff, 0xff, 0xff, 0xff, 0xff, 0xff, 0xff, 0xff, 0xff, 0xff, 0xff, 0xff, 0xff, 0xff, 0xff, 0xff,
    0xff, 0xff, 0xff, 0xff, 0xff, 0xff, 0xff, 0xff, 0xff, 0xff, 0xff, 0xff, 0xff, 0xff, 0xff, 0xff,
    0xff, 0xff, 0xff, 0xff, 0xff, 0xff, 0xff, 0xff, 0xff, 0xff, 0xff, 0xff, 0xff, 0xff, 0xff, 0xff,
    0xff, 0xff, 0xff, 0xff, 0xff, 0xff, 0xff, 0xff, 0xff, 0xff, 0xee, 0xd4, 0xae, 0x87, 0x66, 0x4a,
    0x31, 0x1e, 0x11, 0x08, 0x03, 0x01, 0x00, 0x00, 0x00, 0x00, 0x00, 0x00, 0x00, 0x00, 0x00, 0x2f,
    0x45, 0x5f, 0x7b, 0x9d, 0xc3, 0xe0, 0xf4, 0xff, 0xff, 0xff, 0xff, 0xff, 0xff, 0xff, 0xff, 0xff,
    0xff, 0xff, 0xff, 0xff, 0xff, 0xff, 0xff, 0xff, 0xff, 0xff, 0xff, 0xff, 0xff, 0xff, 0xff, 0xff,
    0xff, 0xff, 0xff, 0xff, 0xff, 0xff, 0xff, 0xff, 0xff, 0xff, 0xff, 0xff, 0xff, 0xff, 0xff, 0xff,
    0xff, 0xff, 0xff, 0xff, 0xff, 0xff, 0xff, 0xff, 0xff, 0xff, 0xff, 0xff, 0xff, 0xff, 0xff, 0xff,
    0xff, 0xff, 0xff, 0xff, 0xff, 0xff, 0xff, 0xff, 0xff, 0xff, 0xff, 0xff, 0xff, 0xff, 0xff, 0xff,
    0xff, 0xff, 0xff, 0xff, 0xff, 0xff, 0xff, 0xff, 0xff, 0xff, 0xff, 0xff, 0xff, 0xff, 0xff, 0xff,
    0xff, 0xff, 0xff, 0xff, 0xff, 0xff, 0xff, 0xff, 0xff, 0xff, 0xff, 0xff, 0xff, 0xff, 0xff, 0xff,
    0xff, 0xff, 0xff, 0xff, 0xff, 0xff, 0xff, 0xff, 0xff, 0xff, 0xff, 0xff, 0xff, 0xff, 0xff, 0xff,
    0xff, 0xff, 0xff, 0xff, 0xff, 0xff, 0xff, 0xff, 0xff, 0xff, 0xff, 0xff, 0xff, 0xff, 0xff, 0xff,
    0xfe, 0xe9, 0xd2, 0xa9, 0x84, 0x64, 0x48, 0x30, 0x1d, 0x10, 0x08, 0x03, 0x01, 0x00, 0x00, 0x00,
    0x00, 0x00, 0x00, 0x00, 0x00, 0x00, 0x35, 0x4c, 0x67, 0x87, 0xac, 0xd1, 0xe9, 0xfc, 0xff, 0xff,
    0xff, 0xff, 0xff, 0xff, 0xff, 0xff, 0xff, 0xff, 0xff, 0xff, 0xff, 0xff, 0xff, 0xff, 0xff, 0xff,
    0xff, 0xff, 0xff, 0xff, 0xff, 0xff, 0xff, 0xff, 0xff, 0xff, 0xff, 0xff, 0xff, 0xff, 0xff, 0xff,
    0xff, 0xff, 0xff, 0xff, 0xff, 0xff, 0xff, 0xff, 0xff, 0xff, 0xff, 0xff, 0xff, 0xff, 0xff, 0xff,
    0xff, 0xff, 0xff, 0xff, 0xff, 0xff, 0xff, 0xff, 0xff, 0xff, 0xff, 0xff, 0xff, 0xff, 0xff, 0xff,
    0xff, 0xff, 0xff, 0xff, 0xff, 0xff, 0xff, 0xff, 0xff, 0xff, 0xff, 0xff, 0xff, 0xff, 0xff, 0xff,
    0xff, 0xff, 0xff, 0xff, 0xff, 0xff, 0xff, 0xff, 0xff, 0xff, 0xff, 0xff, 0xff, 0xff, 0xff, 0xff,
    0xff, 0xff, 0xff, 0xff, 0xff, 0xff, 0xff, 0xff, 0xff, 0xff, 0xff, 0xff, 0xff, 0xff, 0xff, 0xff,
    0xff, 0xff, 0xff, 0xff, 0xff, 0xff, 0xff, 0xff, 0xff, 0xff, 0xff, 0xff, 0xff, 0xff, 0xff, 0xff,
    0xff, 0xff, 0xff, 0xff, 0xff, 0xff, 0xff, 0xfb, 0xe5, 0xcb, 0xa3, 0x7d, 0x60, 0x44, 0x2d, 0x1b,
    0x0f, 0x07, 0x03, 0x01, 0x00, 0x00, 0x00, 0x00, 0x00, 0x00, 0x00, 0x00, 0x00, 0x39, 0x51, 0x6c,
    0x8f, 0xb9, 0xdd, 0xf4, 0xff, 0xff, 0xff, 0xff, 0xff, 0xff, 0xff, 0xff, 0xff, 0xff, 0xff, 0xff,
    0xff, 0xff, 0xff, 0xff, 0xff, 0xff, 0xff, 0xff, 0xff, 0xff, 0xff, 0xff, 0xff, 0xff, 0xff, 0xff,
    0xff, 0xff, 0xff, 0xff, 0xff, 0xff, 0xff, 0xff, 0xff, 0xff, 0xff, 0xff, 0xff, 0xff, 0xff, 0xff,
    0xff, 0xff, 0xff, 0xff, 0xff, 0xff, 0xff, 0xff, 0xff, 0xff, 0xff, 0xff, 0xff, 0xff, 0xff, 0xff,
    0xff, 0xff, 0xff, 0xff, 0xff, 0xff, 0xff, 0xff, 0xff, 0xff, 0xff, 0xff, 0xff, 0xff, 0xff, 0xff,
    0xff, 0xff, 0xff, 0xff, 0xff, 0xff, 0xff, 0xff, 0xff, 0xff, 0xff, 0xff, 0xff, 0xff, 0xff, 0xff,
    0xff, 0xff, 0xff, 0xff, 0xff, 0xff, 0xff, 0xff, 0xff, 0xff, 0xff, 0xff, 0xff, 0xff, 0xff, 0xff,
    0xff, 0xff, 0xff, 0xff, 0xff, 0xff, 0xff, 0xff, 0xff, 0xff, 0xff, 0xff, 0xff, 0xff, 0xff, 0xff,
    0xff, 0xff, 0xff, 0xff, 0xff, 0xff, 0xff, 0xff, 0xff, 0xff, 0xff, 0xff, 0xff, 0xff, 0xf7, 0xdf,
    0xc0, 0x98, 0x76, 0x5a, 0x40, 0x2a, 0x19, 0x0d, 0x06, 0x02, 0x01, 0x00, 0x00, 0x00, 0x00, 0x00,
    0x00, 0x00, 0x00, 0x00, 0x3a, 0x52, 0x6e, 0x92, 0xbd, 0xe1, 0xfd, 0xff, 0xff, 0xff, 0xff, 0xff,
    0xff, 0xff, 0xff, 0xff, 0xff, 0xff, 0xff, 0xff, 0xff, 0xff, 0xff, 0xff, 0xff, 0xff, 0xff, 0xff,
    0xff, 0xff, 0xff, 0xff, 0xff, 0xff, 0xff, 0xff, 0xff, 0xff, 0xff, 0xff, 0xff, 0xff, 0xff, 0xff,
    0xff, 0xff, 0xff, 0xff, 0xff, 0xff, 0xff, 0xff, 0xff, 0xff, 0xff, 0xff, 0xff, 0xff, 0xff, 0xff,
    0xff, 0xff, 0xff, 0xff, 0xff, 0xff, 0xff, 0xff, 0xff, 0xff, 0xff, 0xff, 0xff, 0xff, 0xff, 0xff,
    0xff, 0xff, 0xff, 0xff, 0xff, 0xff, 0xff, 0xff, 0xff, 0xff, 0xff, 0xff, 0xff, 0xff, 0xff, 0xff,
    0xff, 0xff, 0xff, 0xff, 0xff, 0xff, 0xff, 0xff, 0xff, 0xff, 0xff, 0xff, 0xff, 0xff, 0xff, 0xff,
    0xff, 0xff, 0xff, 0xff, 0xff, 0xff, 0xff, 0xff, 0xff, 0xff, 0xff, 0xff, 0xff, 0xff, 0xff, 0xff,
    0xff, 0xff, 0xff, 0xff, 0xff, 0xff, 0xff, 0xff, 0xff, 0xff, 0xff, 0xff, 0xff, 0xff, 0xff, 0xff,
    0xff, 0xff, 0xff, 0xff, 0xff, 0xed, 0xd5, 0xb3, 0x8d, 0x6d, 0x52, 0x39, 0x25, 0x16, 0x0c, 0x05,
    0x02, 0x00, 0x00, 0x00, 0x00, 0x00, 0x00, 0x00, 0x00, 0x00, 0x00, 0x38, 0x4f, 0x6a, 0x8d, 0xb6,
    0xd9, 0xef, 0xfc, 0xff, 0xff, 0xff, 0xff, 0xff, 0xff, 0xff, 0xff, 0xff, 0xff, 0xff, 0xff, 0xff,
    0xff, 0xff, 0xff, 0xff, 0xff, 0xff, 0xff, 0xff, 0xff, 0xff, 0xff, 0xff, 0xff, 0xff, 0xff, 0xff,
    0xff, 0xff, 0xff, 0xff, 0xff, 0xff, 0xff, 0xff, 0xff, 0xff, 0xff, 0xff, 0xff, 0xff, 0xff, 0xff,
    0xff, 0xff, 0xff, 0xff, 0xff, 0xff, 0xff, 0xff, 0xff, 0xff, 0xff, 0xff, 0xff, 0xff, 0xff, 0xff,
    0xff, 0xff, 0xff, 0xff, 0xff, 0xff, 0xff, 0xff, 0xff, 0xff, 0xff, 0xff, 0xff, 0xff, 0xff, 0xff,
    0xff, 0xff, 0xff, 0xff, 0xff, 0xff, 0xff, 0xff, 0xff, 0xff, 0xff, 0xff, 0xff, 0xff, 0xff, 0xff,
    0xff, 0xff, 0xff, 0xff, 0xff, 0xff, 0xff, 0xff, 0xff, 0xff, 0xff, 0xff, 0xff, 0xff, 0xff, 0xff,
    0xff, 0xff, 0xff, 0xff, 0xff, 0xff, 0xff, 0xff, 0xff, 0xff, 0xff, 0xff, 0xff, 0xff, 0xff, 0xff,
    0xff, 0xff, 0xff, 0xff, 0xff, 0xff, 0xff, 0xff, 0xff, 0xff, 0xff, 0xf5, 0xe2, 0xc6, 0xa1, 0x7f,
    0x63, 0x49, 0x32, 0x20, 0x13, 0x0a, 0x04, 0x01, 0x00, 0x00, 0x00, 0x00, 0x00, 0x00, 0x00, 0x00,
    0x00, 0x00, 0x34, 0x49, 0x61, 0x80, 0xa2, 0xc5, 0xde, 0xec, 0xf9, 0xff, 0xff, 0xff, 0xff, 0xff,
    0xff, 0xff, 0xff, 0xff, 0xff, 0xff, 0xff, 0xff, 0xff, 0xff, 0xff, 0xff, 0xff, 0xff, 0xff, 0xff,
    0xff, 0xff, 0xff, 0xff, 0xff, 0xff, 0xff, 0xff, 0xff, 0xff, 0xff, 0xff, 0xff, 0xff, 0xff, 0xff,
    0xff, 0xff, 0xff, 0xff, 0xff, 0xff, 0xff, 0xff, 0xff, 0xff, 0xff, 0xff, 0xff, 0xff, 0xff, 0xff,
    0xff, 0xff, 0xff, 0xff, 0xff, 0xff, 0xff, 0xff, 0xff, 0xff, 0xff, 0xff, 0xff, 0xff, 0xff, 0xff,
    0xff, 0xff, 0xff, 0xff, 0xff, 0xff, 0xff, 0xff, 0xff, 0xff, 0xff, 0xff, 0xff, 0xff, 0xff, 0xff,
    0xff, 0xff, 0xff, 0xff, 0xff, 0xff, 0xff, 0xff, 0xff, 0xff, 0xff, 0xff, 0xff, 0xff, 0xff, 0xff,
    0xff, 0xff, 0xff, 0xff, 0xff, 0xff, 0xff, 0xff, 0xff, 0xff, 0xff, 0xff, 0xff, 0xff, 0xff, 0xff,
    0xff, 0xff, 0xff, 0xff, 0xff, 0xff, 0xff, 0xff, 0xff, 0xff, 0xff, 0xff, 0xff, 0xff, 0xff, 0xff,
    0xff, 0xfa, 0xe8, 0xd3, 0xb2, 0x8f, 0x70, 0x57, 0x3f, 0x2b, 0x1b, 0x0f, 0x08, 0x03, 0x01, 0x00,
    0x00, 0x00, 0x00, 0x00, 0x00, 0x00, 0x00, 0x00, 0x00, 0x2d, 0x40, 0x56, 0x6e, 0x8a, 0xa7, 0xc3,
    0xd9, 0xe8, 0xf3, 0xfd, 0xff, 0xff, 0xff, 0xff, 0xff, 0xff, 0xff, 0xff, 0xff, 0xff, 0xff, 0xff,
    0xff, 0xff, 0xff, 0xff, 0xff, 0xff, 0xff, 0xff, 0xff, 0xff, 0xff, 0xff, 0xff, 0xff, 0xff, 0xff,
    0xff, 0xff, 0xff, 0xff, 0xff, 0xff, 0xff, 0xff, 0xff, 0xff, 0xff, 0xff, 0xff, 0xff, 0xff, 0xff,
    0xff, 0xff, 0xff, 0xff, 0xff, 0xff, 0xff, 0xff, 0xff, 0xff, 0xff, 0xff, 0xff, 0xff, 0xff, 0xff,
    0xff, 0xff, 0xff, 0xff, 0xff, 0xff, 0xff, 0xff, 0xff, 0xff, 0xff, 0xff, 0xff, 0xff, 0xff, 0xff,
    0xff, 0xff, 0xff, 0xff, 0xff, 0xff, 0xff, 0xff, 0xff, 0xff, 0xff, 0xff, 0xff, 0xff, 0xff, 0xff,
    0xff, 0xff, 0xff, 0xff, 0xff, 0xff, 0xff, 0xff, 0xff, 0xff, 0xff, 0xff, 0xff, 0xff, 0xff, 0xff,
    0xff, 0xff, 0xff, 0xff, 0xff, 0xff, 0xff, 0xff, 0xff, 0xff, 0xff, 0xff, 0xff, 0xff, 0xff, 0xff,
    0xff, 0xff, 0xff, 0xff, 0xff, 0xff, 0xff, 0xfe, 0xeb, 0xd9, 0xbd, 0x9b, 0x7d, 0x62, 0x4a, 0x35,
    0x23, 0x15, 0x0c, 0x06, 0x02, 0x01, 0x00, 0x00, 0x00, 0x00, 0x00, 0x00, 0x00, 0x00, 0x00, 0x00,
    0x25, 0x35, 0x48, 0x5c, 0x72, 0x89, 0xa3, 0xbc, 0xd2, 0xe3, 0xee, 0xfb, 0xff, 0xff, 0xff, 0xff,
    0xff, 0xff, 0xff, 0xff, 0xff, 0xff, 0xff, 0xff, 0xff, 0xff, 0xff, 0xff, 0xff, 0xff, 0xff, 0xff,
    0xff, 0xff, 0xff, 0xff, 0xff, 0xff, 0xff, 0xff, 0xff, 0xff, 0xff, 0xff, 0xff, 0xff, 0xff, 0xff,
    0xff, 0xff, 0xff, 0xff, 0xff, 0xff, 0xff, 0xff, 0xff, 0xff, 0xff, 0xff, 0xff, 0xff, 0xff, 0xff,
    0xff, 0xff, 0xff, 0xff, 0xff, 0xff, 0xff, 0xff, 0xff, 0xff, 0xff, 0xff, 0xff, 0xff, 0xff, 0xff,
    0xff, 0xff, 0xff, 0xff, 0xff, 0xff, 0xff, 0xff, 0xff, 0xff, 0xff, 0xff, 0xff, 0xff, 0xff, 0xff,
    0xff, 0xff, 0xff, 0xff, 0xff, 0xff, 0xff, 0xff, 0xff, 0xff, 0xff, 0xff, 0xff, 0xff, 0xff, 0xff,
    0xff, 0xff, 0xff, 0xff, 0xff, 0xff, 0xff, 0xff, 0xff, 0xff, 0xff, 0xff, 0xff, 0xff, 0xff, 0xff,
    0xff, 0xff, 0xff, 0xff, 0xff, 0xff, 0xff, 0xff, 0xff, 0xff, 0xff, 0xff, 0xff, 0xf4, 0xe9, 0xda,
    0xc1, 0xa3, 0x85, 0x6a, 0x53, 0x3d, 0x2b, 0x1b, 0x11, 0x09, 0x04, 0x02, 0x00, 0x00, 0x00, 0x00,
    0x00, 0x00, 0x00, 0x00, 0x00, 0x00, 0x00, 0x1c, 0x29, 0x39, 0x4a, 0x5d, 0x71, 0x86, 0x9c, 0xb3,
    0xca, 0xdc, 0xe8, 0xf6, 0xff, 0xff, 0xff, 0xff, 0xff, 0xff, 0xff, 0xff, 0xff, 0xff, 0xff, 0xff,
    0xff, 0xff, 0xff, 0xff, 0xff, 0xff, 0xff, 0xff, 0xff, 0xff, 0xff, 0xff, 0xff, 0xff, 0xff, 0xff,
    0xff, 0xff, 0xff, 0xff, 0xff, 0xff, 0xff, 0xff, 0xff, 0xff, 0xff, 0xff, 0xff, 0xff, 0xff, 0xff,
    0xff, 0xff, 0xff, 0xff, 0xff, 0xff, 0xff, 0xff, 0xff, 0xff, 0xff, 0xff, 0xff, 0xff, 0xff, 0xff,
    0xff, 0xff, 0xff, 0xff, 0xff, 0xff, 0xff, 0xff, 0xff, 0xff, 0xff, 0xff, 0xff, 0xff, 0xff, 0xff,
    0xff, 0xff, 0xff, 0xff, 0xff, 0xff, 0xff, 0xff, 0xff, 0xff, 0xff, 0xff, 0xff, 0xff, 0xff, 0xff,
    0xff, 0xff, 0xff, 0xff, 0xff, 0xff, 0xff, 0xff, 0xff, 0xff, 0xff, 0xff, 0xff, 0xff, 0xff, 0xff,
    0xff, 0xff, 0xff, 0xff, 0xff, 0xff, 0xff, 0xff, 0xff, 0xff, 0xff, 0xff, 0xff, 0xff, 0xff, 0xff,
    0xff, 0xff, 0xfa, 0xed, 0xe4, 0xd5, 0xbf, 0xa3, 0x87, 0x6e, 0x58, 0x43, 0x31, 0x21, 0x15, 0x0c,
    0x06, 0x03, 0x01, 0x00, 0x00, 0x00, 0x00, 0x00, 0x00, 0x00, 0x00, 0x00, 0x00, 0x00, 0x14, 0x1e,
    0x2a, 0x39, 0x49, 0x5a, 0x6c, 0x7f, 0x93, 0xa9, 0xc0, 0xd3, 0xe1, 0xed, 0xf0, 0xf0, 0xf0, 0xf0,
    0xf0, 0xef, 0xef, 0xef, 0xef, 0xef, 0xef, 0xef, 0xef, 0xef, 0xef, 0xef, 0xef, 0xef, 0xef, 0xef,
    0xef, 0xef, 0xef, 0xef, 0xef, 0xef, 0xef, 0xef, 0xef, 0xef, 0xef, 0xef, 0xef, 0xef, 0xef, 0xef,
    0xef, 0xef, 0xef, 0xef, 0xef, 0xef, 0xef, 0xef, 0xef, 0xef, 0xef, 0xef, 0xef, 0xef, 0xef, 0xef,
    0xef, 0xef, 0xef, 0xef, 0xef, 0xef, 0xef, 0xef, 0xef, 0xef, 0xef, 0xef, 0xef, 0xef, 0xef, 0xef,
    0xef, 0xef, 0xef, 0xef, 0xef, 0xef, 0xef, 0xef, 0xef, 0xef, 0xef, 0xef, 0xef, 0xef, 0xef, 0xef,
    0xef, 0xef, 0xef, 0xef, 0xef, 0xef, 0xef, 0xef, 0xef, 0xef, 0xef, 0xef, 0xef, 0xef, 0xef, 0xef,
    0xef, 0xef, 0xef, 0xef, 0xef, 0xef, 0xef, 0xef, 0xef, 0xef, 0xef, 0xef, 0xef, 0xef, 0xef, 0xef,
    0xef, 0xef, 0xef, 0xef, 0xef, 0xef, 0xee, 0xec, 0xe8, 0xe2, 0xd9, 0xca, 0xb5, 0x9e, 0x85, 0x6f,
    0x5a, 0x47, 0x35, 0x25, 0x18, 0x0f, 0x08, 0x04, 0x02, 0x01, 0x00, 0x00, 0x00, 0x00, 0x00, 0x00,
    0x00, 0x00, 0x00, 0x00, 0x00, 0x0e, 0x14, 0x1d, 0x29, 0x36, 0x45, 0x55, 0x65, 0x76, 0x89, 0x9d,
    0xb1, 0xc3, 0xd0, 0xd6, 0xd9, 0xda, 0xda, 0xda, 0xda, 0xda, 0xda, 0xda, 0xda, 0xda, 0xda, 0xda,
    0xda, 0xda, 0xda, 0xda, 0xda, 0xda, 0xda, 0xda, 0xda, 0xda, 0xda, 0xda, 0xda, 0xda, 0xda, 0xda,
    0xda, 0xda, 0xda, 0xda, 0xda, 0xda, 0xda, 0xda, 0xda, 0xda, 0xda, 0xda, 0xda, 0xda, 0xda, 0xda,
    0xda, 0xda, 0xda, 0xda, 0xda, 0xda, 0xda, 0xda, 0xda, 0xda, 0xda, 0xda, 0xda, 0xda, 0xda, 0xda,
    0xda, 0xda, 0xda, 0xda, 0xda, 0xda, 0xda, 0xda, 0xda, 0xda, 0xda, 0xda, 0xda, 0xda, 0xda, 0xda,
    0xda, 0xda, 0xda, 0xda, 0xda, 0xda, 0xda, 0xda, 0xda, 0xda, 0xda, 0xda, 0xda, 0xda, 0xda, 0xda,
    0xda, 0xda, 0xda, 0xda, 0xda, 0xda, 0xda, 0xda, 0xda, 0xda, 0xda, 0xda, 0xda, 0xda, 0xda, 0xda,
    0xda, 0xda, 0xda, 0xda, 0xda, 0xda, 0xda, 0xda, 0xda, 0xda, 0xda, 0xd9, 0xd8, 0xd7, 0xd4, 0xcf,
    0xc5, 0xb7, 0xa4, 0x91, 0x7e, 0x6a, 0x58, 0x47, 0x36, 0x27, 0x1b, 0x11, 0x0a, 0x05, 0x03, 0x01,
    0x00, 0x00, 0x00, 0x00, 0x00, 0x00, 0x00, 0x00, 0x00, 0x00, 0x00, 0x00, 0x08, 0x0d, 0x13, 0x1b,
    0x25, 0x32, 0x3f, 0x4e, 0x5d, 0x6c, 0x7c, 0x8d, 0x9d, 0xa9, 0xb0, 0xb4, 0xb6, 0xb7, 0xb7, 0xb7,
    0xb7, 0xb7, 0xb7, 0xb7, 0xb7, 0xb7, 0xb7, 0xb7, 0xb7, 0xb7, 0xb7, 0xb7, 0xb7, 0xb7, 0xb7, 0xb7,
    0xb7, 0xb7, 0xb7, 0xb7, 0xb7, 0xb7, 0xb7, 0xb7, 0xb7, 0xb7, 0xb7, 0xb7, 0xb7, 0xb7, 0xb7, 0xb7,
    0xb7, 0xb7, 0xb7, 0xb7, 0xb7, 0xb7, 0xb7, 0xb7, 0xb7, 0xb7, 0xb7, 0xb7, 0xb7, 0xb7, 0xb7, 0xb7,
    0xb7, 0xb7, 0xb7, 0xb7, 0xb7, 0xb7, 0xb7, 0xb7, 0xb7, 0xb7, 0xb7, 0xb7, 0xb7, 0xb7, 0xb7, 0xb7,
    0xb7, 0xb7, 0xb7, 0xb7, 0xb7, 0xb7, 0xb7, 0xb7, 0xb7, 0xb7, 0xb7, 0xb7, 0xb7, 0xb7, 0xb7, 0xb7,
    0xb7, 0xb7, 0xb7, 0xb7, 0xb7, 0xb7, 0xb7, 0xb7, 0xb7, 0xb7, 0xb7, 0xb7, 0xb7, 0xb7, 0xb7, 0xb7,
    0xb7, 0xb7, 0xb7, 0xb7, 0xb7, 0xb7, 0xb7, 0xb7, 0xb7, 0xb7, 0xb7, 0xb7, 0xb7, 0xb7, 0xb7, 0xb7,
    0xb7, 0xb6, 0xb5, 0xb4, 0xb2, 0xae, 0xa6, 0x9d, 0x8f, 0x80, 0x71, 0x62, 0x53, 0x44, 0x35, 0x27,
    0x1c, 0x12, 0x0b, 0x06, 0x03, 0x01, 0x01, 0x00, 0x00, 0x00, 0x00, 0x00, 0x00, 0x00, 0x00, 0x00,
    0x00, 0x00, 0x00, 0x04, 0x07, 0x0b, 0x11, 0x18, 0x22, 0x2d, 0x39, 0x46, 0x53, 0x60, 0x6d, 0x78,
    0x82, 0x88, 0x8d, 0x8f, 0x90, 0x90, 0x90, 0x90, 0x90, 0x90, 0x90, 0x90, 0x90, 0x90, 0x90, 0x90,
    0x90, 0x90, 0x90, 0x90, 0x90, 0x90, 0x90, 0x90, 0x90, 0x90, 0x90, 0x90, 0x90, 0x90, 0x90, 0x90,
    0x90, 0x90, 0x90, 0x90, 0x90, 0x90, 0x90, 0x90, 0x90, 0x90, 0x90, 0x90, 0x90, 0x90, 0x90, 0x90,
    0x90, 0x90, 0x90, 0x90, 0x90, 0x90, 0x90, 0x90, 0x90, 0x90, 0x90, 0x90, 0x90, 0x90, 0x90, 0x90,
    0x90, 0x90, 0x90, 0x90, 0x90, 0x90, 0x90, 0x90, 0x90, 0x90, 0x90, 0x90, 0x90, 0x90, 0x90, 0x90,
    0x90, 0x90, 0x90, 0x90, 0x90, 0x90, 0x90, 0x90, 0x90, 0x90, 0x90, 0x90, 0x90, 0x90, 0x90, 0x90,
    0x90, 0x90, 0x90, 0x90, 0x90, 0x90, 0x90, 0x90, 0x90, 0x90, 0x90, 0x90, 0x90, 0x90, 0x90, 0x90,
    0x90, 0x90, 0x90, 0x90, 0x90, 0x90, 0x90, 0x90, 0x90, 0x8f, 0x8d, 0x8a, 0x86, 0x7f, 0x77, 0x6d,
    0x63, 0x57, 0x4a, 0x3e, 0x31, 0x25, 0x1b, 0x12, 0x0c, 0x07, 0x04, 0x02, 0x01, 0x00, 0x00, 0x00,
    0x00, 0x00, 0x00, 0x00, 0x00, 0x00, 0x00, 0x00, 0x00, 0x00, 0x02, 0x04, 0x06, 0x0a, 0x0f, 0x15,
    0x1e, 0x27, 0x31, 0x3d, 0x48, 0x52, 0x5b, 0x62, 0x67, 0x6b, 0x6e, 0x6f, 0x70, 0x70, 0x70, 0x70,
    0x70, 0x70, 0x70, 0x70, 0x70, 0x70, 0x70, 0x70, 0x70, 0x70, 0x70, 0x70, 0x70, 0x70, 0x70, 0x70,
    0x70, 0x70, 0x70, 0x70, 0x70, 0x70, 0x70, 0x70, 0x70, 0x70, 0x70, 0x70, 0x70, 0x70, 0x70, 0x70,
    0x70, 0x70, 0x70, 0x70, 0x70, 0x70, 0x70, 0x70, 0x70, 0x70, 0x70, 0x70, 0x70, 0x70, 0x70, 0x70,
    0x70, 0x70, 0x70, 0x70, 0x70, 0x70, 0x70, 0x70, 0x70, 0x70, 0x70, 0x70, 0x70, 0x70, 0x70, 0x70,
    0x70, 0x70, 0x70, 0x70, 0x70, 0x70, 0x70, 0x70, 0x70, 0x70, 0x70, 0x70, 0x70, 0x70, 0x70, 0x70,
    0x70, 0x70, 0x70, 0x70, 0x70, 0x70, 0x70, 0x70, 0x70, 0x70, 0x70, 0x70, 0x70, 0x70, 0x70, 0x70,
    0x70, 0x70, 0x70, 0x70, 0x70, 0x70, 0x70, 0x70, 0x70, 0x70, 0x70, 0x70, 0x70, 0x70, 0x6f, 0x6f,
    0x6d, 0x6c, 0x69, 0x65, 0x60, 0x5a, 0x52, 0x49, 0x3f, 0x35, 0x2b, 0x21, 0x19, 0x11, 0x0b, 0x07,
    0x04, 0x02, 0x01, 0x00, 0x00, 0x00, 0x00, 0x00, 0x00, 0x00, 0x00, 0x00, 0x00, 0x00, 0x00, 0x00,
    0x00, 0x01, 0x02, 0x03, 0x05, 0x08, 0x0d, 0x12, 0x19, 0x21, 0x29, 0x32, 0x3a, 0x41, 0x47, 0x4c,
    0x4f, 0x51, 0x52, 0x53, 0x53, 0x53, 0x53, 0x53, 0x53, 0x53, 0x53, 0x53, 0x53, 0x53, 0x53, 0x53,
    0x53, 0x53, 0x53, 0x53, 0x53, 0x53, 0x53, 0x53, 0x53, 0x53, 0x53, 0x53, 0x53, 0x53, 0x53, 0x53,
    0x53, 0x53, 0x53, 0x53, 0x53, 0x53, 0x53, 0x53, 0x53, 0x53, 0x53, 0x53, 0x53, 0x53, 0x53, 0x53,
    0x53, 0x53, 0x53, 0x53, 0x53, 0x53, 0x53, 0x53, 0x53, 0x53, 0x53, 0x53, 0x53, 0x53, 0x53, 0x53,
    0x53, 0x53, 0x53, 0x53, 0x53, 0x53, 0x53, 0x53, 0x53, 0x53, 0x53, 0x53, 0x53, 0x53, 0x53, 0x53,
    0x53, 0x53, 0x53, 0x53, 0x53, 0x53, 0x53, 0x53, 0x53, 0x53, 0x53, 0x53, 0x53, 0x53, 0x53, 0x53,
    0x53, 0x53, 0x53, 0x53, 0x53, 0x53, 0x53, 0x53, 0x53, 0x53, 0x53, 0x53, 0x53, 0x53, 0x53, 0x53,
    0x53, 0x53, 0x53, 0x53, 0x53, 0x52, 0x52, 0x51, 0x4f, 0x4d, 0x4a, 0x45, 0x40, 0x39, 0x32, 0x2b,
    0x23, 0x1c, 0x15, 0x0f, 0x0a, 0x06, 0x04, 0x02, 0x01, 0x00, 0x00, 0x00, 0x00, 0x00, 0x00, 0x00,
    0x00, 0x00, 0x00, 0x00, 0x00, 0x00, 0x00, 0x00, 0x00, 0x01, 0x01, 0x02, 0x04, 0x07, 0x0a, 0x0f,
    0x14, 0x1a, 0x20, 0x26, 0x2b, 0x2f, 0x33, 0x35, 0x37, 0x38, 0x38, 0x39, 0x39, 0x39, 0x39, 0x39,
    0x39, 0x39, 0x39, 0x39, 0x39, 0x39, 0x39, 0x39, 0x39, 0x39, 0x39, 0x39, 0x39, 0x39, 0x39, 0x39,
    0x39, 0x39, 0x39, 0x39, 0x39, 0x39, 0x39, 0x39, 0x39, 0x39, 0x39, 0x39, 0x39, 0x39, 0x39, 0x39,
    0x39, 0x39, 0x39, 0x39, 0x39, 0x39, 0x39, 0x39, 0x39, 0x39, 0x39, 0x39, 0x39, 0x39, 0x39, 0x39,
    0x39, 0x39, 0x39, 0x39, 0x39, 0x39, 0x39, 0x39, 0x39, 0x39, 0x39, 0x39, 0x39, 0x39, 0x39, 0x39,
    0x39, 0x39, 0x39, 0x39, 0x39, 0x39, 0x39, 0x39, 0x39, 0x39, 0x39, 0x39, 0x39, 0x39, 0x39, 0x39,
    0x39, 0x39, 0x39, 0x39, 0x39, 0x39, 0x39, 0x39, 0x39, 0x39, 0x39, 0x39, 0x39, 0x39, 0x39, 0x39,
    0x39, 0x39, 0x39, 0x39, 0x39, 0x39, 0x39, 0x39, 0x39, 0x39, 0x39, 0x38, 0x38, 0x38, 0x37, 0x36,
    0x34, 0x31, 0x2e, 0x2a, 0x25, 0x20, 0x1b, 0x15, 0x11, 0x0c, 0x08, 0x05, 0x03, 0x02, 0x01, 0x00,
    0x00, 0x00, 0x00, 0x00, 0x00, 0x00, 0x00, 0x00, 0x00, 0x00, 0x00, 0x00, 0x00, 0x00, 0x00, 0x00,
    0x00, 0x00, 0x01, 0x02, 0x03, 0x05, 0x08, 0x0b, 0x0f, 0x13, 0x17, 0x1a, 0x1d, 0x1f, 0x21, 0x22,
    0x23, 0x23, 0x23, 0x23, 0x23, 0x23, 0x23, 0x23, 0x23, 0x23, 0x23, 0x23, 0x23, 0x23, 0x23, 0x23,
    0x23, 0x23, 0x23, 0x23, 0x23, 0x23, 0x23, 0x23, 0x23, 0x23, 0x23, 0x23, 0x23, 0x23, 0x23, 0x23,
    0x23, 0x23, 0x23, 0x23, 0x23, 0x23, 0x23, 0x23, 0x23, 0x23, 0x23, 0x23, 0x23, 0x23, 0x23, 0x23,
    0x23, 0x23, 0x23, 0x23, 0x23, 0x23, 0x23, 0x23, 0x23, 0x23, 0x23, 0x23, 0x23, 0x23, 0x23, 0x23,
    0x23, 0x23, 0x23, 0x23, 0x23, 0x23, 0x23, 0x23, 0x23, 0x23, 0x23, 0x23, 0x23, 0x23, 0x23, 0x23,
    0x23, 0x23, 0x23, 0x23, 0x23, 0x23, 0x23, 0x23, 0x23, 0x23, 0x23, 0x23, 0x23, 0x23, 0x23, 0x23,
    0x23, 0x23, 0x23, 0x23, 0x23, 0x23, 0x23, 0x23, 0x23, 0x23, 0x23, 0x23, 0x23, 0x23, 0x23, 0x23,
    0x23, 0x23, 0x23, 0x23, 0x23, 0x22, 0x21, 0x20, 0x1e, 0x1c, 0x19, 0x16, 0x13, 0x0f, 0x0c, 0x09,
    0x06, 0x04, 0x03, 0x02, 0x01, 0x00, 0x00, 0x00, 0x00, 0x00, 0x00, 0x00, 0x00, 0x00, 0x00, 0x00,
    0x00, 0x00, 0x00, 0x00, 0x00, 0x00, 0x00, 0x00, 0x00, 0x00, 0x01, 0x01, 0x03, 0x04, 0x06, 0x08,
    0x0a, 0x0c, 0x0e, 0x10, 0x12, 0x13, 0x13, 0x14, 0x14, 0x14, 0x14, 0x14, 0x14, 0x14, 0x14, 0x14,
    0x14, 0x14, 0x14, 0x14, 0x14, 0x14, 0x14, 0x14, 0x14, 0x14, 0x14, 0x14, 0x14, 0x14, 0x14, 0x14,
    0x14, 0x14, 0x14, 0x14, 0x14, 0x14, 0x14, 0x14, 0x14, 0x14, 0x14, 0x14, 0x14, 0x14, 0x14, 0x14,
    0x14, 0x14, 0x14, 0x14, 0x14, 0x14, 0x14, 0x14, 0x14, 0x14, 0x14, 0x14, 0x14, 0x14, 0x14, 0x14,
    0x14, 0x14, 0x14, 0x14, 0x14, 0x14, 0x14, 0x14, 0x14, 0x14, 0x14, 0x14, 0x14, 0x14, 0x14, 0x14,
    0x14, 0x14, 0x14, 0x14, 0x14, 0x14, 0x14, 0x14, 0x14, 0x14, 0x14, 0x14, 0x14, 0x14, 0x14, 0x14,
    0x14, 0x14, 0x14, 0x14, 0x14, 0x14, 0x14, 0x14, 0x14, 0x14, 0x14, 0x14, 0x14, 0x14, 0x14, 0x14,
    0x14, 0x14, 0x14, 0x14, 0x14, 0x14, 0x14, 0x14, 0x14, 0x14, 0x14, 0x14, 0x13, 0x13, 0x12, 0x11,
    0x0f, 0x0e, 0x0c, 0x0a, 0x08, 0x06, 0x04, 0x03, 0x02, 0x01, 0x01, 0x00, 0x00, 0x00, 0x00, 0x00,
    0x00, 0x00, 0x00, 0x00, 0x00, 0x00, 0x00, 0x00, 0x00, 0x00, 0x00, 0x00, 0x00, 0x00, 0x00, 0x00,
    0x00, 0x00, 0x01, 0x01, 0x02, 0x02, 0x04, 0x05, 0x06, 0x07, 0x08, 0x09, 0x09, 0x0a, 0x0a, 0x0a,
    0x0a, 0x0a, 0x0a, 0x0a, 0x0a, 0x0a, 0x0a, 0x0a, 0x0a, 0x0a, 0x0a, 0x0a, 0x0a, 0x0a, 0x0a, 0x0a,
    0x0a, 0x0a, 0x0a, 0x0a, 0x0a, 0x0a, 0x0a, 0x0a, 0x0a, 0x0a, 0x0a, 0x0a, 0x0a, 0x0a, 0x0a, 0x0a,
    0x0a, 0x0a, 0x0a, 0x0a, 0x0a, 0x0a, 0x0a, 0x0a, 0x0a, 0x0a, 0x0a, 0x0a, 0x0a, 0x0a, 0x0a, 0x0a,
    0x0a, 0x0a, 0x0a, 0x0a, 0x0a, 0x0a, 0x0a, 0x0a, 0x0a, 0x0a, 0x0a, 0x0a, 0x0a, 0x0a, 0x0a, 0x0a,
    0x0a, 0x0a, 0x0a, 0x0a, 0x0a, 0x0a, 0x0a, 0x0a, 0x0a, 0x0a, 0x0a, 0x0a, 0x0a, 0x0a, 0x0a, 0x0a,
    0x0a, 0x0a, 0x0a, 0x0a, 0x0a, 0x0a, 0x0a, 0x0a, 0x0a, 0x0a, 0x0a, 0x0a, 0x0a, 0x0a, 0x0a, 0x0a,
    0x0a, 0x0a, 0x0a, 0x0a, 0x0a, 0x0a, 0x0a, 0x0a, 0x0a, 0x0a, 0x0a, 0x0a, 0x0a, 0x0a, 0x0a, 0x0a,
    0x0a, 0x0a, 0x0a, 0x0a, 0x09, 0x09, 0x08, 0x07, 0x06, 0x05, 0x04, 0x03, 0x02, 0x02, 0x01, 0x01,
    0x00, 0x00, 0x00, 0x00, 0x00, 0x00, 0x00, 0x00, 0x00, 0x00, 0x00, 0x00, 0x00, 0x00, 0x00, 0x00,
    0x00, 0x00, 0x00, 0x00, 0x00, 0x00, 0x00, 0x00, 0x00, 0x00, 0x00, 0x01, 0x01, 0x01, 0x02, 0x02,
    0x03, 0x03, 0x03, 0x04, 0x04, 0x04, 0x04, 0x04, 0x04, 0x04, 0x04, 0x04, 0x04, 0x04, 0x04, 0x04,
    0x04, 0x04, 0x04, 0x04, 0x04, 0x04, 0x04, 0x04, 0x04, 0x04, 0x04, 0x04, 0x04, 0x04, 0x04, 0x04,
    0x04, 0x04, 0x04, 0x04, 0x04, 0x04, 0x04, 0x04, 0x04, 0x04, 0x04, 0x04, 0x04, 0x04, 0x04, 0x04,
    0x04, 0x04, 0x04, 0x04, 0x04, 0x04, 0x04, 0x04, 0x04, 0x04, 0x04, 0x04, 0x04, 0x04, 0x04, 0x04,
    0x04, 0x04, 0x04, 0x04, 0x04, 0x04, 0x04, 0x04, 0x04, 0x04, 0x04, 0x04, 0x04, 0x04, 0x04, 0x04,
    0x04, 0x04, 0x04, 0x04, 0x04, 0x04, 0x04, 0x04, 0x04, 0x04, 0x04, 0x04, 0x04, 0x04, 0x04, 0x04,
    0x04, 0x04, 0x04, 0x04, 0x04, 0x04, 0x04, 0x04, 0x04, 0x04, 0x04, 0x04, 0x04, 0x04, 0x04, 0x04,
    0x04, 0x04, 0x04, 0x04, 0x04, 0x04, 0x04, 0x04, 0x04, 0x04, 0x04, 0x04, 0x03, 0x03, 0x03, 0x02,
    0x02, 0x01, 0x01, 0x01, 0x00, 0x00, 0x00, 0x00, 0x00, 0x00, 0x00, 0x00, 0x00, 0x00, 0x00, 0x00,
    0x00, 0x00, 0x00, 0x00, 0x00, 0x00, 0x00, 0x00, 0x00, 0x00, 0x00, 0x00, 0x00, 0x00, 0x00, 0x00,
    0x00, 0x00, 0x00, 0x00, 0x00, 0x00, 0x00, 0x01, 0x01, 0x01, 0x01, 0x01, 0x01, 0x01, 0x01, 0x01,
    0x01, 0x01, 0x01, 0x01, 0x01, 0x01, 0x01, 0x01, 0x01, 0x01, 0x01, 0x01, 0x01, 0x01, 0x01, 0x01,
    0x01, 0x01, 0x01, 0x01, 0x01, 0x01, 0x01, 0x01, 0x01, 0x01, 0x01, 0x01, 0x01, 0x01, 0x01, 0x01,
    0x01, 0x01, 0x01, 0x01, 0x01, 0x01, 0x01, 0x01, 0x01, 0x01, 0x01, 0x01, 0x01, 0x01, 0x01, 0x01,
    0x01, 0x01, 0x01, 0x01, 0x01, 0x01, 0x01, 0x01, 0x01, 0x01, 0x01, 0x01, 0x01, 0x01, 0x01, 0x01,
    0x01, 0x01, 0x01, 0x01, 0x01, 0x01, 0x01, 0x01, 0x01, 0x01, 0x01, 0x01, 0x01, 0x01, 0x01, 0x01,
    0x01, 0x01, 0x01, 0x01, 0x01, 0x01, 0x01, 0x01, 0x01, 0x01, 0x01, 0x01, 0x01, 0x01, 0x01, 0x01,
    0x01, 0x01, 0x01, 0x01, 0x01, 0x01, 0x01, 0x01, 0x01, 0x01, 0x01, 0x01, 0x01, 0x01, 0x01, 0x01,
    0x01, 0x01, 0x01, 0x01, 0x01, 0x01, 0x00, 0x00, 0x00, 0x00, 0x00, 0x00, 0x00, 0x00, 0x00, 0x00,
    0x00, 0x00, 0x00, 0x00, 0x00, 0x00, 0x00, 0x00, 0x00, 0x00, 0x00, 0x00, 0x00, 0x00, 0x00, 0x00,
    0x00, 0x00, 0x00, 0x00, 0x00, 0x00, 0x00, 0x00, 0x00, 0x00, 0x00, 0x00, 0x00, 0x00, 0x00, 0x00,
    0x00, 0x00, 0x00, 0x00, 0x00, 0x00, 0x00, 0x00, 0x00, 0x00, 0x00, 0x00, 0x00, 0x00, 0x00, 0x00,
    0x00, 0x00, 0x00, 0x00, 0x00, 0x00, 0x00, 0x00, 0x00, 0x00, 0x00, 0x00, 0x00, 0x00, 0x00, 0x00,
    0x00, 0x00, 0x00, 0x00, 0x00, 0x00, 0x00, 0x00, 0x00, 0x00, 0x00, 0x00, 0x00, 0x00, 0x00, 0x00,
    0x00, 0x00, 0x00, 0x00, 0x00, 0x00, 0x00, 0x00, 0x00, 0x00, 0x00, 0x00, 0x00, 0x00, 0x00, 0x00,
    0x00, 0x00, 0x00, 0x00, 0x00, 0x00, 0x00, 0x00, 0x00, 0x00, 0x00, 0x00, 0x00, 0x00, 0x00, 0x00,
    0x00, 0x00, 0x00, 0x00, 0x00, 0x00, 0x00, 0x00, 0x00, 0x00, 0x00, 0x00, 0x00, 0x00, 0x00, 0x00,
    0x00, 0x00, 0x00, 0x00, 0x00, 0x00, 0x00, 0x00, 0x00, 0x00, 0x00, 0x00, 0x00, 0x00, 0x00, 0x00,
    0x00, 0x00, 0x00, 0x00, 0x00, 0x00, 0x00, 0x00, 0x00, 0x00, 0x00, 0x00, 0x00, 0x00, 0x00, 0x00,
    0x00, 0x00, 0x00, 0x00, 0x00, 0x00, 0x00, 0x00, 0x00, 0x00, 0x00, 0x00, 0x00, 0x00, 0x00, 0x00,
    0x00, 0x00, 0x00, 0x00, 0x00, 0x00, 0x00, 0x00, 0x00, 0x00, 0x00, 0x00, 0x00, 0x00, 0x00, 0x00,
    0x00, 0x00, 0x00, 0x00, 0x00, 0x00, 0x00, 0x00, 0x00, 0x00, 0x00, 0x00, 0x00, 0x00, 0x00, 0x00,
    0x00, 0x00, 0x00, 0x00, 0x00, 0x00, 0x00, 0x00, 0x00, 0x00, 0x00, 0x00, 0x00, 0x00, 0x00, 0x00,
    0x00, 0x00, 0x00, 0x00, 0x00, 0x00, 0x00, 0x00, 0x00, 0x00, 0x00, 0x00, 0x00, 0x00, 0x00, 0x00,
    0x00, 0x00, 0x00, 0x00, 0x00, 0x00, 0x00, 0x00, 0x00, 0x00, 0x00, 0x00, 0x00, 0x00, 0x00, 0x00,
    0x00, 0x00, 0x00, 0x00, 0x00, 0x00, 0x00, 0x00, 0x00, 0x00, 0x00, 0x00, 0x00, 0x00, 0x00, 0x00,
    0x00, 0x00, 0x00, 0x00, 0x00, 0x00, 0x00, 0x00, 0x00, 0x00, 0x00, 0x00, 0x00, 0x00, 0x00, 0x00,
    0x00, 0x00, 0x00, 0x00, 0x00, 0x00, 0x00, 0x00, 0x00, 0x00, 0x00, 0x00, 0x00, 0x00, 0x00, 0x00,
    0x00, 0x00, 0x00, 0x00, 0x00, 0x00, 0x00, 0x00, 0x00, 0x00, 0x00, 0x00, 0x00, 0x00, 0x00, 0x00,
    0x00, 0x00, 0x00, 0x00, 0x00, 0x00, 0x00, 0x00, 0x00, 0x00, 0x00, 0x00, 0x00, 0x00, 0x00, 0x00,
    0x00, 0x00, 0x00, 0x00, 0x00, 0x00, 0x00, 0x00, 0x00, 0x00, 0x00, 0x00, 0x00, 0x00, 0x00, 0x00,
};

const lv_image_dsc_t theme_bar_sel = {
    .header.magic  = LV_IMAGE_HEADER_MAGIC,
    .header.cf     = LV_COLOR_FORMAT_RGB565A8,
    .header.flags  = 0,
    .header.w      = 167,
    .header.h      = 48,
    .header.stride = 334,
    .data_size     = sizeof(theme_bar_sel_map),
    .data          = theme_bar_sel_map,
};
